[0;93m2026-05-26 14:23:29.027879247 [W:onnxruntime:Default, device_discovery.cc:283 GetGpuDevices] Failed to detect devices under "/sys/class/drm/card0": device_discovery.cc:93 ReadFileContents Failed to open file: "/sys/class/drm/card0/device/vendor"[m
INFO     14:23:30     [tensor_storage.py:70] Hugepage enabled for branch-and-bound domains.
Configurations:

general:
  device: cuda
  seed: 100
  conv_mode: patches
  deterministic: false
  double_fp: false
  loss_reduction_func: min
  sparse_alpha: true
  sparse_interm: true
  save_adv_example: true
  verify_onnxruntime_output: true
  eval_adv_example: false
  onnx_adv_example: false
  show_adv_example: false
  precompile_jit: true
  reset_seed_after_precompile: false
  prepare_only: false
  complete_verifier: bab
  enable_incomplete_verification: true
  csv_name: instances.csv
  results_file: /data1/Kane/ACT/audit_results/abcrown_nopgd_20260525/traffic_signs_recognition_2023/0036__3_64_64_QConv_32_5_MP_2_BN_QConv_64_5_MP_2_BN_QConv_64_3_MP_2_BN_Dense_1024_BN_Dense_43_ep_30__model_64_idx_10495_eps_1.00000.result
  root_path: ../../vnncomp2023_benchmarks/benchmarks/traffic_signs_recognition
  deterministic_opt: false
  graph_optimizer: 'Customized("custom_graph_optimizer", "merge_sign")'
  buffer_has_batchdim: false
  save_output: false
  output_file: out.pkl
  return_optimized_model: false
  store_all_specs_on_cpu: false
  adhoc_tuning: null
model:
  name: null
  path: null
  onnx_path: /data1/Kane/data/vnncomp2025_benchmarks/benchmarks/traffic_signs_recognition_2023/onnx/3_64_64_QConv_32_5_MP_2_BN_QConv_64_5_MP_2_BN_QConv_64_3_MP_2_BN_Dense_1024_BN_Dense_43_ep_30.onnx
  onnx_path_prefix: ''
  cache_onnx_conversion: false
  debug_onnx: false
  onnx_quirks: null
  input_shape: null
  onnx_loader: 'Customized("custom_model_loader", "customized_Gtrsb_loader")'
  onnx_optimization_flags: fix_gtrsb
  onnx_vnnlib_joint_optimization_flags: [peel_off_last_softmax_layer]
  check_optimized: true
  flatten_final_output: false
  optimize_graph: null
  with_jacobian: false
data:
  start: 0
  end: 10000
  select_instance: null
  num_outputs: 10
  mean: 0.0
  std: 1.0
  pkl_path: null
  dataset: null
  data_filter_path: null
  data_idx_file: null
specification:
  type: lp
  robustness_type: verified-acc
  norm: .inf
  epsilon: null
  epsilon_min: 0.0
  vnnlib_path: /data1/Kane/data/vnncomp2025_benchmarks/benchmarks/traffic_signs_recognition_2023/vnnlib/model_64_idx_10495_eps_1.00000.vnnlib
  vnnlib_path_prefix: ''
  shrink_eps: null
  rhs_offset: null
solver:
  batch_size: 128
  auto_enlarge_batch_size: false
  batched_crown_auto_enlarge_max_vram_ratio: 0.9
  min_batch_size_ratio: 0.1
  use_float64_in_last_iteration: false
  early_stop_patience: 10
  start_save_best: 0.5
  bound_prop_method: alpha-crown
  init_bound_prop_method: same
  prune_after_crown: true
  optimize_disjuncts_separately: false
  build_batch_size: 1000000
  skip_with_refined_bound: true
  forward_before_compute_bounds: false
  crown:
    batch_size: 1000000000
    max_crown_size: 1000000000
    activation_bound_option: adaptive
    compare_crown_with_ibp: false
  alpha-crown:
    alpha: true
    lr_alpha: 0.1
    iteration: 100
    share_alphas: false
    lr_decay: 0.98
    full_conv_alpha: true
    max_coeff_mul: .inf
    matmul_share_alphas: false
    disable_optimization: [MaxPool]
    max_time: 1.0
    alpha_dtype: float16
  invprop:
    apply_output_constraints_to: []
    tighten_input_bounds: false
    best_of_oc_and_no_oc: false
    directly_optimize: []
    oc_lr: 0.1
    share_gammas: false
  beta-crown:
    lr_alpha: 0.01
    lr_beta: 0.03
    lr_decay: 0.98
    optimizer: adam
    iteration: 20
    beta: true
    beta_warmup: true
    enable_opt_interm_bounds: false
    all_node_split_LP: false
  forward:
    refine: false
    max_dim: 10000
    reset_threshold: 1.0
  intermediate_refinement:
    enabled: false
    batch_size: 10
    opt_coeffs: false
    opt_bias: false
    lr: 0.05
    layers: [-1]
    max_domains: 1000
  mip:
    unstable_neuron_threshold: 0
    parallel_solvers: null
    solver_threads: 1
    refine_neuron_timeout: 15
    refine_neuron_time_percentage: 0.8
    early_stop: true
    adv_warmup: true
    mip_solver: gurobi
    skip_unsafe: false
    topk_filter: 1.0
    sliding_window: -1
    extra_constraint: false
    refine_neuron_timeout_increasement: 0
    timeout_neuron_percentage: 0.3
    remaining_timeout_threshold: 1
    remove_unstable_neurons: false
    lp_solver: false
bab:
  max_domains: .inf
  decision_thresh: 0
  timeout: 480.0
  timeout_scale: 1
  max_iterations: -1
  override_timeout: null
  get_upper_bound: false
  pruning_in_iteration: true
  pruning_in_iteration_ratio: 0.2
  sort_targets: false
  batched_domain_list: true
  optimized_interm: ''
  interm_transfer: true
  recompute_interm: false
  sort_domain_interval: -1
  vanilla_crown: false
  tree_traversal: depth_first
  hugetensor_allocator: true
  cut:
    enabled: false
    cuts_path: null
    implication: false
    bab_cut: false
    lp_cut: false
    method: null
    lr: 0.01
    lr_decay: 1.0
    iteration: 100
    bab_iteration: -1
    early_stop_patience: -1
    lr_beta: 0.02
    number_cuts: 50
    topk_cuts_in_filter: 1000
    batch_size_primal: 100
    max_num: 1000000000
    patches_cut: false
    cplex_cuts: false
    cplex_cuts_wait: 0
    cplex_cuts_revpickup: true
    cut_reference_bounds: true
    fix_intermediate_bounds: false
    _tmp_cuts: null
    fixed_cuts: false
    add_implied_cuts: false
    add_input_cuts: false
    biccos:
      enabled: false
      constraint_strengthening: true
      recursively_strengthening: false
      drop_ratio: 0.5
      verified_bonus: 0.3
      max_infer_iter: 20
      max_domain: 10000.0
      heuristic: neuron_influence_score
      save_biccos_cuts: false
      multi_tree_branching:
        enabled: false
        restore_best_tree: false
        keep_n_best_domains: 1
        k_splits: 1
        iterations: 1
  clip_n_verify:
    rearrange_constraints: false
    alpha_crown: false
    prune: false
    final_layer: false
    clip_input_domain:
      enabled: false
      clip_type: relaxed
      heuristic_K: 0.0
      clip_iterations: 1
      clip_calculate_volume_metrics: false
    clip_interm_domain:
      enabled: false
      with_input: false
      clip_in_alpha_crown: false
      topk_objective: 0
  branching:
    method: kfsb
    candidates: 5
    reduceop: max
    enable_intermediate_bound_opt: false
    branching_input_and_activation: false
    branching_input_and_activation_order: [input, relu]
    branching_input_iterations: 30
    branching_relu_iterations: 50
    nonlinear_split:
      method: bbps
      disable: true
      branching_point_method: uniform
      num_branches: 2
      filter: false
      filter_beta: false
      filter_clamp: false
      filter_batch_size: 10000
      filter_iterations: 25
      relu_only: false
      loose_tanh_threshold: null
      branching_point:
        db_path: branching_points.pt
        num_iterations: 1000
        batch_size: 1000000
        range_l: -5.0
        range_u: 5.0
        log_interval: 100
        step_size_1d: 0.01
        step_size: 0.2
    input_split:
      split_hint: null
      enable: false
      reorder_bab: false
      input_dim_threshold: 20
      adv_check: 0
      split_partitions: 2
      sb_margin_weight: 1.0
      sb_sum: false
      sb_primary_spec: null
      bf_backup_thresh: -1
      bf_rhs_offset: 0
      bf_iters: 1000000000.0
      bf_batch_size: 100000
      bf_zero_crossing_score: false
      touch_zero_score: 0
      ibp_enhancement: false
      compare_with_old_bounds: true
      update_rhs_with_attack: false
      sb_coeff_thresh: 0.001
      sort_index: null
      sort_descending: true
      show_progress: false
      presplit_domains: null
      skip_getting_worst_domain: false
  attack:
    enabled: false
    beam_candidates: 8
    beam_depth: 7
    max_dive_fix_ratio: 0.8
    min_local_free_ratio: 0.2
    mip_start_iteration: 5
    mip_timeout: 30.0
    adv_pool_threshold: null
    refined_mip_attacker: false
    refined_batch_size: null
attack:
  general_attack: true
  pgd_order: skip
  pgd_steps: 100
  pgd_restarts: 50
  pgd_batch_size: 100000000
  pgd_early_stop: true
  pgd_lr_decay: 0.99
  pgd_alpha: auto
  pgd_alpha_scale: false
  pgd_loss_mode: null
  pgd_restart_when_stuck: false
  enable_mip_attack: false
  adv_saver: 'Customized("custom_adv_saver", "customized_gtrsb_saver")'
  adv_verifier: 'Customized("custom_adv_verifier", "customized_gtrsb_adv_verifier")'
  early_stop_condition: 'Customized("custom_early_stop_condition", "customized_gtrsb_condition")'
  adv_example_finalizer: 'Customized("custom_adv_example_finalizer", "customized_gtrsb_adv_example_finalizer")'
  pgd_loss: 'Customized("custom_pgd_loss", "customized_gtrsb_loss")'
  cex_path: ./test_cex.txt
  attack_mode: PGD
  attack_tolerance: 0.0
  attack_func: 'Customized("custom_attacker", "use_LiRPANet")'
  gama_lambda: 10.0
  gama_decay: 0.9
  input_split:
    pgd_steps: 100
    pgd_restarts: 30
    pgd_alpha: auto
  input_split_check_adv:
    enabled: auto
    pgd_steps: 5
    pgd_restarts: 5
    pgd_alpha: auto
    max_num_domains: 10
debug:
  view_model: false
  lp_test: null
  rescale_vnnlib_ptb: null
  test_optimized_bounds: false
  test_optimized_bounds_after_n_iterations: 0
  print_verbose_decisions: false
  sanity_check: null
  save_minimal_config: null
  save_minimal_config_omit_keys: []
/data1/Kane/miniconda3/envs/abcrown25/lib/python3.11/site-packages/onnx2pytorch/convert/model.py:151: UserWarning: Using experimental implementation that allows 'batch_size > 1'.Batchnorm layers could potentially produce false outputs.
  warnings.warn(
/data1/Kane/alpha-beta-CROWN_vnncomp2025/complete_verifier/read_vnnlib.py:184: DeprecationWarning: numpy.core.numeric is deprecated and has been renamed to numpy._core.numeric. The numpy._core namespace contains private NumPy internals and its use is discouraged, as NumPy internals can change without warning in any release. In practice, most real-world usage of numpy.core is to access functionality in the public NumPy API. If that is the case, use the public NumPy API. If not, you are using NumPy internals. If you would still like to access an internal attribute, use numpy._core.numeric._frombuffer.
  final_rv, old_file_sha256 = pickle.load(extf)
/data1/Kane/miniconda3/envs/abcrown25/lib/python3.11/site-packages/onnx2pytorch/utils.py:21: TracerWarning: Converting a tensor to a Python boolean might cause the trace to be incorrect. We can't record the data flow of Python values, so this value will be treated as a constant in the future. This means that the trace might not generalize to other inputs!
  return value.ndim == 0 or value.shape == torch.Size([1])
/data1/Kane/miniconda3/envs/abcrown25/lib/python3.11/site-packages/onnx2pytorch/operations/add.py:34: TracerWarning: Converting a tensor to a Python boolean might cause the trace to be incorrect. We can't record the data flow of Python values, so this value will be treated as a constant in the future. This means that the trace might not generalize to other inputs!
  elif all(x == 1 for x in input[0].shape):
/data1/Kane/miniconda3/envs/abcrown25/lib/python3.11/site-packages/onnx2pytorch/operations/reshape.py:36: TracerWarning: Converting a tensor to a Python boolean might cause the trace to be incorrect. We can't record the data flow of Python values, so this value will be treated as a constant in the future. This means that the trace might not generalize to other inputs!
  if shape[0] == 1 and len(shape) in [2, 3, 4, 5] and self.quirks.get("fix_batch_size") is True:
/data1/Kane/miniconda3/envs/abcrown25/lib/python3.11/site-packages/onnx2pytorch/operations/reshape.py:54: TracerWarning: torch.tensor results are registered as constants in the trace. You can safely ignore this warning if you use this function to create tensors out of constant variables that would be the same every time you call this function. In any other case, this might cause the trace to be incorrect.
  if (torch.prod(torch.tensor(input.shape)) != torch.prod(shape) and len(input.size()) == len(shape) + 1
/data1/Kane/miniconda3/envs/abcrown25/lib/python3.11/site-packages/onnx2pytorch/operations/reshape.py:54: TracerWarning: Using len to get tensor shape might cause the trace to be incorrect. Recommended usage would be tensor.shape[0]. Passing a tensor of different shape might lead to errors or silently give incorrect results.
  if (torch.prod(torch.tensor(input.shape)) != torch.prod(shape) and len(input.size()) == len(shape) + 1
/data1/Kane/miniconda3/envs/abcrown25/lib/python3.11/site-packages/onnx2pytorch/operations/reshape.py:58: TracerWarning: Iterating over a tensor might cause the trace to be incorrect. Passing a tensor of different shape won't change the number of iterations executed (and might lead to errors or silently give incorrect results).
  shape = [x if x != 0 else input.size(i) for i, x in enumerate(shape)]
/data1/Kane/alpha-beta-CROWN_vnncomp2025/complete_verifier/auto_LiRPA/operators/leaf.py:91: UserWarning: The "has_batchdim" option for BoundBuffers is deprecated. It may be removed from the next release.
  warnings.warn('The "has_batchdim" option for BoundBuffers is deprecated.'
/data1/Kane/alpha-beta-CROWN_vnncomp2025/complete_verifier/auto_LiRPA/bound_general.py:1056: UserWarning: Creating an identity matrix with size 1024x1024 for node BoundAdd(name=/74, inputs=[/73, /19], perturbed=True). This may indicate poor performance for bound computation. If you see this message on a small network please submit a bug report.
  sparse_C = self.get_sparse_C(node, ref_intermediate)

Experiments at Tue May 26 14:23:30 2026 on dell-pro-max-tower-t2
Pre-compile jit kernels on a toy network...
JIT kernels compiled in 1.1392s.
Internal results will be saved to /data1/Kane/ACT/audit_results/abcrown_nopgd_20260525/traffic_signs_recognition_2023/0036__3_64_64_QConv_32_5_MP_2_BN_QConv_64_5_MP_2_BN_QConv_64_3_MP_2_BN_Dense_1024_BN_Dense_43_ep_30__model_64_idx_10495_eps_1.00000.result.

 %%%%%%%%%%%%%%%%%%%%%%%%%%%%%%%%%%% idx: 0, vnnlib ID: 0 %%%%%%%%%%%%%%%%%%%%%%%%%%%%%%%%%%%
Using onnx /data1/Kane/data/vnncomp2025_benchmarks/benchmarks/traffic_signs_recognition_2023/onnx/3_64_64_QConv_32_5_MP_2_BN_QConv_64_5_MP_2_BN_QConv_64_3_MP_2_BN_Dense_1024_BN_Dense_43_ep_30.onnx
Using vnnlib /data1/Kane/data/vnncomp2025_benchmarks/benchmarks/traffic_signs_recognition_2023/vnnlib/model_64_idx_10495_eps_1.00000.vnnlib
Loading onnx /data1/Kane/data/vnncomp2025_benchmarks/benchmarks/traffic_signs_recognition_2023/onnx/3_64_64_QConv_32_5_MP_2_BN_QConv_64_5_MP_2_BN_QConv_64_3_MP_2_BN_Dense_1024_BN_Dense_43_ep_30.onnx with quirks {}
Onnx optimization with flags: fix_gtrsb
Found existed optimized onnx model at /data1/Kane/data/vnncomp2025_benchmarks/benchmarks/traffic_signs_recognition_2023/onnx/3_64_64_QConv_32_5_MP_2_BN_QConv_64_5_MP_2_BN_QConv_64_3_MP_2_BN_Dense_1024_BN_Dense_43_ep_30.onnx.optimized
Automatic inference of operator: sign
Automatic inference of operator: sign
Automatic inference of operator: sign
Automatic inference of operator: sign
Automatic inference of operator: sign
Automatic inference of operator: sign
Automatic inference of operator: sign
Automatic inference of operator: sign
Finished onnx model loading in 0.0800 seconds
Precompiled vnnlib file found at /data1/Kane/data/vnncomp2025_benchmarks/benchmarks/traffic_signs_recognition_2023/vnnlib/model_64_idx_10495_eps_1.00000.vnnlib.compiled
Last Softmax node found, peel it off
Finished vnnlib processing in 0.025530 seconds
Merging Sign node: %s BoundSign(name=/44, inputs=[/43], perturbed=True)
Merging Sign node: %s BoundSign(name=/50, inputs=[/49], perturbed=True)
Merging Sign node: %s BoundSign(name=/56, inputs=[/55], perturbed=True)
Merging Sign node: %s BoundSign(name=/75, inputs=[/74], perturbed=True)
Model: BoundedModule(
  (/input-1): BoundInput(name=/input-1, inputs=[], perturbed=True)
  (/6): BoundBuffers(name=/6, inputs=[], perturbed=False)
  (/shape): BoundBuffers(name=/shape, inputs=[], perturbed=False)
  (/18): BoundBuffers(name=/18, inputs=[], perturbed=False)
  (/19): BoundBuffers(name=/19, inputs=[], perturbed=False)
  (/21): BoundParams(name=/21, inputs=[], perturbed=False)
  (/22): BoundParams(name=/22, inputs=[], perturbed=False)
  (/23): BoundParams(name=/23, inputs=[], perturbed=False)
  (/24): BoundBuffers(name=/24, inputs=[], perturbed=False)
  (/25): BoundBuffers(name=/25, inputs=[], perturbed=False)
  (/27): BoundParams(name=/27, inputs=[], perturbed=False)
  (/28): BoundParams(name=/28, inputs=[], perturbed=False)
  (/29): BoundParams(name=/29, inputs=[], perturbed=False)
  (/30): BoundBuffers(name=/30, inputs=[], perturbed=False)
  (/31): BoundBuffers(name=/31, inputs=[], perturbed=False)
  (/33): BoundParams(name=/33, inputs=[], perturbed=False)
  (/34): BoundParams(name=/34, inputs=[], perturbed=False)
  (/35): BoundParams(name=/35, inputs=[], perturbed=False)
  (/36): BoundBuffers(name=/36, inputs=[], perturbed=False)
  (/37): BoundBuffers(name=/37, inputs=[], perturbed=False)
  (/39): BoundParams(name=/39, inputs=[], perturbed=False)
  (/40): BoundParams(name=/40, inputs=[], perturbed=False)
  (/41): BoundConv(name=/41, inputs=[/input-1, /21], perturbed=True)
  (/input): BoundMaxPool(name=/input, inputs=[/41], perturbed=True)
  (/43): BoundBatchNormalization(name=/43, inputs=[/input, /22, /23, /24, /25], perturbed=True)
  (/47): BoundConv(name=/47, inputs=[/44/merge, /27], perturbed=True)
  (/input-8): BoundMaxPool(name=/input-8, inputs=[/47], perturbed=True)
  (/49): BoundBatchNormalization(name=/49, inputs=[/input-8, /28, /29, /30, /31], perturbed=True)
  (/53): BoundConv(name=/53, inputs=[/50/merge, /33], perturbed=True)
  (/input-16): BoundMaxPool(name=/input-16, inputs=[/53], perturbed=True)
  (/55): BoundBatchNormalization(name=/55, inputs=[/input-16, /34, /35, /36, /37], perturbed=True)
  (/59): BoundSplit(name=/59, inputs=[/shape], perturbed=False)
  (/60): BoundSplit(name=/60, inputs=[/shape], perturbed=False)
  (/61): BoundConstant(name=/61, value=tensor([0], device='cuda:0'))
  (/62): BoundSqueeze(name=/62, inputs=[/59, /61], perturbed=False)
  (/63): BoundConstant(name=/63, value=tensor([0], device='cuda:0'))
  (/64): BoundSqueeze(name=/64, inputs=[/60, /63], perturbed=False)
  (/65): BoundConstant(name=/65, value=tensor([0], device='cuda:0'))
  (/66): BoundUnsqueeze(name=/66, inputs=[/62, /65], perturbed=False)
  (/67): BoundConstant(name=/67, value=tensor([0], device='cuda:0'))
  (/68): BoundUnsqueeze(name=/68, inputs=[/64, /67], perturbed=False)
  (/69): BoundConcat(name=/69, inputs=[/66, /68], perturbed=False)
  (/70): BoundReshape(name=/70, inputs=[/56/merge, /69], perturbed=True)
  (/71): BoundTranspose(name=/71, inputs=[/39], perturbed=False)
  (/72): BoundMatMul(name=/72, inputs=[/70, /71], perturbed=True)
  (/73): BoundMul(name=/73, inputs=[/72, /18], perturbed=True)
  (/74): BoundAdd(name=/74, inputs=[/73, /19], perturbed=True)
  (/78): BoundTranspose(name=/78, inputs=[/40], perturbed=False)
  (/79): BoundMatMul(name=/79, inputs=[/75/merge, /78], perturbed=True)
  (/44/merge): BoundSignMerge(name=/44/merge, inputs=[/43], perturbed=True)
  (/50/merge): BoundSignMerge(name=/50/merge, inputs=[/49], perturbed=True)
  (/56/merge): BoundSignMerge(name=/56/merge, inputs=[/55], perturbed=True)
  (/75/merge): BoundSignMerge(name=/75/merge, inputs=[/74], perturbed=True)
)
Original output in the first batch: tensor([[ -54.,   52.,   54.,   52.,   20.,   66.,  -32.,   36.,  -72.,   50.,
           62., -180.,  -44.,  388.,    0.,    2.,  -42.,  -86.,   -4.,  -56.,
          -72.,  -40.,   22.,  -80.,  -68.,   34.,  -56.,  -22.,    4., -102.,
          -60., -112.,   96.,  102.,   10.,   98.,    2.,  -26.,  -22.,   68.,
          -76.,   42.,  -34.]], device='cuda:0')
Split layers:
Nonlinear functions:
   BoundMaxPool(name=/input, inputs=[/41], perturbed=True)
   BoundMaxPool(name=/input-8, inputs=[/47], perturbed=True)
   BoundMaxPool(name=/input-16, inputs=[/53], perturbed=True)
   BoundSignMerge(name=/44/merge, inputs=[/43], perturbed=True)
   BoundSignMerge(name=/50/merge, inputs=[/49], perturbed=True)
   BoundSignMerge(name=/56/merge, inputs=[/55], perturbed=True)
   BoundSignMerge(name=/75/merge, inputs=[/74], perturbed=True)
build batch [1/1]
layer /44/merge using sparse-features alpha with shape [5727]; unstable size 5727; total size 28800 ([1, 32, 30, 30])
layer /44/merge start_node /47 using full alpha [4, 64, 1, 5727] with unstable size 64 total_size 64 output_shape 64
layer /44/merge start_node /49 using full alpha [4, 64, 1, 5727] with unstable size 64 total_size 64 output_shape 64
layer /44/merge start_node /53 using full alpha [4, 64, 1, 5727] with unstable size 64 total_size 64 output_shape 64
layer /44/merge start_node /55 using full alpha [4, 64, 1, 5727] with unstable size 64 total_size 64 output_shape 64
layer /44/merge start_node /74 using full alpha [4, 1024, 1, 5727] with unstable size 1024 total_size 1024 output_shape torch.Size([1024])
layer /44/merge start_node /79 using full alpha [4, 42, 1, 5727] with unstable size None total_size 42 output_shape 42
layer /50/merge using full alpha with shape torch.Size([64, 13, 13]); unstable size 10763; total size 10816 ([1, 64, 13, 13])
layer /50/merge start_node /53 using full alpha [4, 64, 1, 64, 13, 13] with unstable size 64 total_size 64 output_shape 64
layer /50/merge start_node /55 using full alpha [4, 64, 1, 64, 13, 13] with unstable size 64 total_size 64 output_shape 64
layer /50/merge start_node /74 using full alpha [4, 1024, 1, 64, 13, 13] with unstable size 1024 total_size 1024 output_shape torch.Size([1024])
layer /50/merge start_node /79 using full alpha [4, 42, 1, 64, 13, 13] with unstable size None total_size 42 output_shape 42
layer /56/merge using full alpha with shape torch.Size([64, 5, 5]); unstable size 1600; total size 1600 ([1, 64, 5, 5])
layer /56/merge start_node /74 using full alpha [4, 1024, 1, 64, 5, 5] with unstable size 1024 total_size 1024 output_shape torch.Size([1024])
layer /56/merge start_node /79 using full alpha [4, 42, 1, 64, 5, 5] with unstable size None total_size 42 output_shape 42
layer /75/merge using full alpha with shape torch.Size([1024]); unstable size 1024; total size 1024 ([1, 1024])
layer /75/merge start_node /79 using full alpha [4, 42, 1, 1024] with unstable size None total_size 42 output_shape 42
Optimizable variables initialized.
initial CROWN bounds (first 10 items): [-1018.0, -996.0, -982.0, -1052.0, -1020.0, -1078.0, -1116.0, -1016.0, -1048.0, -934.0]
prune_after_crown optimization in use
  original spec size = torch.Size([1, 42])
  pruned spec size = torch.Size([1, 42])
Using alpha-CROWN to initialize bounds.
Early stop at 11th iter due to 10 iterations no improvement!
best_l after optimization: -43616.0
alpha/beta optimization time: 4.792264461517334
initial alpha-crown bounds (first 10 items): [-1018.0, -996.0, -982.0, -1052.0, -1020.0, -1078.0, -1116.0, -1016.0, -1048.0, -934.0]
Global lower bound: -1138.0
torch.Size([1, 42])
0 / 42 OR specs are verified.
Verified OR indices (first 10 items): []
Verified OR lbs (first 10 items): []
Unverified OR indices (first 10 items): [0, 1, 2, 3, 4, 5, 6, 7, 8, 9]
Unverified OR lbs (first 10 items): [[-1018.0], [-996.0], [-982.0], [-1052.0], [-1020.0], [-1078.0], [-1116.0], [-1016.0], [-1048.0], [-934.0]]
###### Verifying property Instance 0 ######
Batch size: 42
First 10 spec matrices
C: tensor([[[-1.,  0.,  0.,  0.,  0.,  0.,  0.,  0.,  0.,  0.,  0.,  0.,  0.,  1.,
           0.,  0.,  0.,  0.,  0.,  0.,  0.,  0.,  0.,  0.,  0.,  0.,  0.,  0.,
           0.,  0.,  0.,  0.,  0.,  0.,  0.,  0.,  0.,  0.,  0.,  0.,  0.,  0.,
           0.]],

        [[ 0., -1.,  0.,  0.,  0.,  0.,  0.,  0.,  0.,  0.,  0.,  0.,  0.,  1.,
           0.,  0.,  0.,  0.,  0.,  0.,  0.,  0.,  0.,  0.,  0.,  0.,  0.,  0.,
           0.,  0.,  0.,  0.,  0.,  0.,  0.,  0.,  0.,  0.,  0.,  0.,  0.,  0.,
           0.]],

        [[ 0.,  0., -1.,  0.,  0.,  0.,  0.,  0.,  0.,  0.,  0.,  0.,  0.,  1.,
           0.,  0.,  0.,  0.,  0.,  0.,  0.,  0.,  0.,  0.,  0.,  0.,  0.,  0.,
           0.,  0.,  0.,  0.,  0.,  0.,  0.,  0.,  0.,  0.,  0.,  0.,  0.,  0.,
           0.]],

        [[ 0.,  0.,  0., -1.,  0.,  0.,  0.,  0.,  0.,  0.,  0.,  0.,  0.,  1.,
           0.,  0.,  0.,  0.,  0.,  0.,  0.,  0.,  0.,  0.,  0.,  0.,  0.,  0.,
           0.,  0.,  0.,  0.,  0.,  0.,  0.,  0.,  0.,  0.,  0.,  0.,  0.,  0.,
           0.]],

        [[ 0.,  0.,  0.,  0., -1.,  0.,  0.,  0.,  0.,  0.,  0.,  0.,  0.,  1.,
           0.,  0.,  0.,  0.,  0.,  0.,  0.,  0.,  0.,  0.,  0.,  0.,  0.,  0.,
           0.,  0.,  0.,  0.,  0.,  0.,  0.,  0.,  0.,  0.,  0.,  0.,  0.,  0.,
           0.]],

        [[ 0.,  0.,  0.,  0.,  0., -1.,  0.,  0.,  0.,  0.,  0.,  0.,  0.,  1.,
           0.,  0.,  0.,  0.,  0.,  0.,  0.,  0.,  0.,  0.,  0.,  0.,  0.,  0.,
           0.,  0.,  0.,  0.,  0.,  0.,  0.,  0.,  0.,  0.,  0.,  0.,  0.,  0.,
           0.]],

        [[ 0.,  0.,  0.,  0.,  0.,  0., -1.,  0.,  0.,  0.,  0.,  0.,  0.,  1.,
           0.,  0.,  0.,  0.,  0.,  0.,  0.,  0.,  0.,  0.,  0.,  0.,  0.,  0.,
           0.,  0.,  0.,  0.,  0.,  0.,  0.,  0.,  0.,  0.,  0.,  0.,  0.,  0.,
           0.]],

        [[ 0.,  0.,  0.,  0.,  0.,  0.,  0., -1.,  0.,  0.,  0.,  0.,  0.,  1.,
           0.,  0.,  0.,  0.,  0.,  0.,  0.,  0.,  0.,  0.,  0.,  0.,  0.,  0.,
           0.,  0.,  0.,  0.,  0.,  0.,  0.,  0.,  0.,  0.,  0.,  0.,  0.,  0.,
           0.]],

        [[ 0.,  0.,  0.,  0.,  0.,  0.,  0.,  0., -1.,  0.,  0.,  0.,  0.,  1.,
           0.,  0.,  0.,  0.,  0.,  0.,  0.,  0.,  0.,  0.,  0.,  0.,  0.,  0.,
           0.,  0.,  0.,  0.,  0.,  0.,  0.,  0.,  0.,  0.,  0.,  0.,  0.,  0.,
           0.]],

        [[ 0.,  0.,  0.,  0.,  0.,  0.,  0.,  0.,  0., -1.,  0.,  0.,  0.,  1.,
           0.,  0.,  0.,  0.,  0.,  0.,  0.,  0.,  0.,  0.,  0.,  0.,  0.,  0.,
           0.,  0.,  0.,  0.,  0.,  0.,  0.,  0.,  0.,  0.,  0.,  0.,  0.,  0.,
           0.]]], device='cuda:0')
RHS: tensor([[0.],
        [0.],
        [0.],
        [0.],
        [0.],
        [0.],
        [0.],
        [0.],
        [0.],
        [0.]], device='cuda:0')
OR spec sizes: tensor([1, 1, 1, 1, 1, 1, 1, 1, 1, 1], device='cuda:0', dtype=torch.int32)
Remaining timeout: 474.4331896305084
Model prediction is: tensor([ -54.,   52.,   54.,   52.,   20.,   66.,  -32.,   36.,  -72.,   50.,
          62., -180.,  -44.,  388.,    0.,    2.,  -42.,  -86.,   -4.,  -56.,
         -72.,  -40.,   22.,  -80.,  -68.,   34.,  -56.,  -22.,    4., -102.,
         -60., -112.,   96.,  102.,   10.,   98.,    2.,  -26.,  -22.,   68.,
         -76.,   42.,  -34.], device='cuda:0')
Activation BaB batch 1/1 
build_with_refined_bounds batch [1/1]
Optimizable variables initialized.
all alpha initialized
true A is required, we do a full backward CROWN pass to obtain it
torch.Size([42, 1])
(alpha-)CROWN with fixed intermediate bounds: tensor([[-1018.],
        [ -996.],
        [ -982.],
        [-1052.],
        [-1020.],
        [-1078.],
        [-1116.],
        [-1016.],
        [-1048.],
        [ -934.],
        [-1074.],
        [-1104.],
        [-1032.],
        [ -976.],
        [-1014.],
        [-1106.],
        [ -994.],
        [-1064.],
        [-1092.],
        [-1056.],
        [-1060.],
        [-1010.],
        [-1044.],
        [-1080.],
        [ -970.],
        [-1056.],
        [-1138.],
        [-1056.],
        [-1050.],
        [-1052.],
        [-1120.],
        [-1032.],
        [ -966.],
        [ -958.],
        [ -978.],
        [-1066.],
        [-1098.],
        [ -974.],
        [-1004.],
        [-1072.],
        [-1030.],
        [-1030.]], device='cuda:0', grad_fn=<ViewBackward0>) tensor([[1018.],
        [ 996.],
        [ 982.],
        [1052.],
        [1020.],
        [1078.],
        [1116.],
        [1016.],
        [1048.],
        [ 934.],
        [1074.],
        [1104.],
        [1032.],
        [ 976.],
        [1014.],
        [1106.],
        [ 994.],
        [1064.],
        [1092.],
        [1056.],
        [1060.],
        [1010.],
        [1044.],
        [1080.],
        [ 970.],
        [1056.],
        [1138.],
        [1056.],
        [1050.],
        [1052.],
        [1120.],
        [1032.],
        [ 966.],
        [ 958.],
        [ 978.],
        [1066.],
        [1098.],
        [ 974.],
        [1004.],
        [1072.],
        [1030.],
        [1030.]], device='cuda:0', grad_fn=<ViewBackward0>)
Intermediate layers: /41,/47,/53,/43,/49,/55,/74
Keeping alphas for these layers: ['/79']
Node /44/merge input 0: size torch.Size([32, 30, 30]) unstable 28800
Node /50/merge input 0: size torch.Size([64, 13, 13]) unstable 10816
Node /56/merge input 0: size torch.Size([64, 5, 5]) unstable 1600
Node /75/merge input 0: size torch.Size([1024]) unstable 1024
-----------------
# of unstable neurons: 42240
-----------------

BaB round 1
batch: 42
splitting decisions: 
split level 0: [/74, 391] [/74, 270] [/74, 270] [/74, 434] [/74, 270] [/74, 434] [/74, 505] [/74, 270] [/74, 434] [/74, 270] 
Early stop at 11th iter due to 10 iterations no improvement!
best_l after optimization: -87232.0
beta sum per layer: [0.0, 0.0, 0.0, 0.0]
alpha/beta optimization time: 0.30208468437194824
pruning_in_iteration open status: False
ratio of positive domain = 0 / 84 = 0.0
pruning-in-iteration extra time: 3.790855407714844e-05
torch.Size([84, 1])
Time: prepare 0.0007    bound 0.3034    transfer 0.0070    finalize 0.0169    func 0.3282    
Accumulated time: func 0.3282    prepare 0.0016    bound 0.3034    transfer 0.0070    finalize 0.0169    
max lb tensor(-934.) min lb tensor(-1138.)
Number of Verified Splits: 0 of 84
Current worst splitting domains lb-rhs (depth):
-1138.00000 (1), -1138.00000 (1), -1120.00000 (1), -1120.00000 (1), -1116.00000 (1), -1116.00000 (1), -1106.00000 (1), -1106.00000 (1), -1104.00000 (1), -1104.00000 (1), -1098.00000 (1), -1098.00000 (1), -1092.00000 (1), -1092.00000 (1), -1080.00000 (1), -1080.00000 (1), -1078.00000 (1), -1078.00000 (1), -1074.00000 (1), -1074.00000 (1), 
Length of domains: 84
Current (lb-rhs): -1138.0
84 domains visited
Time: pickout 0.0057    decision 0.0862    set_bounds 0.0012    solve 0.3298    add 0.0163    
Accumulated time: pickout 0.0057    decision 0.0862    set_bounds 0.0012    solve 0.3298    add 0.0163    
Cumulative time: 0.519812822341919

BaB round 2
batch: 84
splitting decisions: 
split level 0: [/74, 184] [/74, 505] [/74, 505] [/74, 270] [/74, 505] [/74, 270] [/74, 854] [/74, 184] [/74, 270] [/74, 854] 
Early stop at 15th iter due to 10 iterations no improvement!
best_l after optimization: -174464.0
beta sum per layer: [0.0, 0.0, 0.0, 0.04411725699901581]
alpha/beta optimization time: 0.19525933265686035
pruning_in_iteration open status: False
ratio of positive domain = 0 / 168 = 0.0
pruning-in-iteration extra time: 3.695487976074219e-05
torch.Size([168, 1])
Time: prepare 0.0020    bound 0.1966    transfer 0.0030    finalize 0.0285    func 0.2301    
Accumulated time: func 0.5584    prepare 0.0046    bound 0.5000    transfer 0.0100    finalize 0.0454    
max lb tensor(-934.) min lb tensor(-1138.)
Number of Verified Splits: 0 of 168
Current worst splitting domains lb-rhs (depth):
-1138.00000 (2), -1138.00000 (2), -1138.00000 (2), -1138.00000 (2), -1120.00000 (2), -1120.00000 (2), -1120.00000 (2), -1120.00000 (2), -1116.00000 (2), -1116.00000 (2), -1116.00000 (2), -1116.00000 (2), -1106.00000 (2), -1106.00000 (2), -1106.00000 (2), -1106.00000 (2), -1104.00000 (2), -1104.00000 (2), -1104.00000 (2), -1104.00000 (2), 
Length of domains: 168
Current (lb-rhs): -1138.0
252 domains visited
Time: pickout 0.0075    decision 0.0880    set_bounds 0.0033    solve 0.2306    add 0.0331    
Accumulated time: pickout 0.0133    decision 0.1743    set_bounds 0.0045    solve 0.5604    add 0.0494    
Cumulative time: 0.8827610015869141

BaB round 3
batch: 128
splitting decisions: 
split level 0: [/74, 391] [/74, 391] [/74, 123] [/74, 854] [/74, 391] [/74, 505] [/74, 854] [/74, 505] [/74, 123] [/74, 123] 
best_l after optimization: -265816.1875
beta sum per layer: [0.0, 0.0, 0.0, 0.14536398649215698]
alpha/beta optimization time: 0.4424612522125244
pruning_in_iteration open status: False
ratio of positive domain = 0 / 256 = 0.0
pruning-in-iteration extra time: 0.00015234947204589844
torch.Size([256, 1])
Time: prepare 0.0029    bound 0.4440    transfer 0.0042    finalize 0.0321    func 0.4832    
Accumulated time: func 1.0415    prepare 0.0086    bound 0.9440    transfer 0.0143    finalize 0.0775    
max lb tensor(-934.) min lb tensor(-1138.)
Number of Verified Splits: 0 of 256
Current worst splitting domains lb-rhs (depth):
-1138.00000 (3), -1138.00000 (3), -1138.00000 (3), -1138.00000 (3), -1138.00000 (3), -1138.00000 (2), -1138.00000 (3), -1120.00000 (2), -1120.00000 (3), -1120.00000 (3), -1120.00000 (3), -1120.00000 (3), -1120.00000 (3), -1120.00000 (3), -1116.00000 (3), -1116.00000 (3), -1116.00000 (3), -1116.00000 (3), -1116.00000 (3), -1116.00000 (2), 
Length of domains: 296
Current (lb-rhs): -1138.0
508 domains visited
Time: pickout 0.0114    decision 0.1385    set_bounds 0.0046    solve 0.4837    add 0.0543    
Accumulated time: pickout 0.0246    decision 0.3128    set_bounds 0.0091    solve 1.0440    add 0.1038    
Cumulative time: 1.578244686126709

BaB round 4
batch: 128
splitting decisions: 
split level 0: [/74, 451] [/74, 854] [/74, 451] [/74, 451] [/74, 854] [/74, 391] [/74, 420] [/74, 854] [/74, 420] [/74, 451] 
best_l after optimization: -265816.09375
beta sum per layer: [0.0, 0.0, 0.0, 0.3322276473045349]
alpha/beta optimization time: 0.3670969009399414
pruning_in_iteration open status: False
ratio of positive domain = 0 / 256 = 0.0
pruning-in-iteration extra time: 3.910064697265625e-05
torch.Size([256, 1])
Time: prepare 0.0029    bound 0.3684    transfer 0.0076    finalize 0.0427    func 0.4217    
Accumulated time: func 1.4632    prepare 0.0144    bound 1.3124    transfer 0.0219    finalize 0.1202    
max lb tensor(-934.) min lb tensor(-1138.)
Number of Verified Splits: 0 of 256
Current worst splitting domains lb-rhs (depth):
-1138.00000 (4), -1138.00000 (4), -1138.00000 (3), -1138.00000 (2), -1138.00000 (3), -1138.00000 (3), -1138.00000 (4), -1138.00000 (4), -1138.00000 (4), -1138.00000 (4), -1120.00000 (4), -1120.00000 (2), -1120.00000 (3), -1120.00000 (4), -1120.00000 (3), -1120.00000 (4), -1120.00000 (4), -1120.00000 (4), -1120.00000 (3), -1120.00000 (4), 
Length of domains: 424
Current (lb-rhs): -1138.0
764 domains visited
Time: pickout 0.0165    decision 0.1776    set_bounds 0.0049    solve 0.4222    add 0.0455    
Accumulated time: pickout 0.0412    decision 0.4903    set_bounds 0.0140    solve 1.4663    add 0.1493    
Cumulative time: 2.2481400966644287

BaB round 5
batch: 128
splitting decisions: 
split level 0: [/74, 963] [/74, 184] [/74, 420] [/74, 963] [/74, 420] [/74, 854] [/74, 579] [/74, 184] [/74, 963] [/74, 420] 
best_l after optimization: -265816.875
beta sum per layer: [0.0, 0.0, 0.0, 0.5076637268066406]
alpha/beta optimization time: 0.35793375968933105
pruning_in_iteration open status: False
ratio of positive domain = 0 / 256 = 0.0
pruning-in-iteration extra time: 3.62396240234375e-05
torch.Size([256, 1])
Time: prepare 0.0029    bound 0.3593    transfer 0.0065    finalize 0.0416    func 0.4105    
Accumulated time: func 1.8737    prepare 0.0184    bound 1.6717    transfer 0.0285    finalize 0.1618    
max lb tensor(-934.) min lb tensor(-1138.)
Number of Verified Splits: 0 of 256
Current worst splitting domains lb-rhs (depth):
-1138.00000 (5), -1138.00000 (4), -1138.00000 (5), -1138.00000 (3), -1138.00000 (5), -1138.00000 (4), -1138.00000 (3), -1138.00000 (5), -1138.00000 (5), -1138.00000 (4), -1138.00000 (3), -1138.00000 (2), -1138.00000 (5), -1120.00000 (3), -1120.00000 (4), -1120.00000 (2), -1120.00000 (4), -1120.00000 (3), -1120.00000 (5), -1120.00000 (5), 
Length of domains: 552
Current (lb-rhs): -1138.0
1020 domains visited
Time: pickout 0.0160    decision 0.1287    set_bounds 0.0049    solve 0.4110    add 0.0458    
Accumulated time: pickout 0.0571    decision 0.6190    set_bounds 0.0189    solve 1.8772    add 0.1950    
Cumulative time: 2.857849597930908

BaB round 6
batch: 128
splitting decisions: 
split level 0: [/74, 813] [/74, 963] [/74, 963] [/74, 36] [/74, 579] [/74, 184] [/74, 813] [/74, 451] [/74, 579] [/74, 579] 
best_l after optimization: -265816.75
beta sum per layer: [0.0, 0.0, 0.0, 0.466732919216156]
alpha/beta optimization time: 0.3565390110015869
pruning_in_iteration open status: False
ratio of positive domain = 0 / 256 = 0.0
pruning-in-iteration extra time: 3.886222839355469e-05
torch.Size([256, 1])
Time: prepare 0.0028    bound 0.3578    transfer 0.0076    finalize 0.0440    func 0.4122    
Accumulated time: func 2.2858    prepare 0.0223    bound 2.0296    transfer 0.0360    finalize 0.2057    
max lb tensor(-934.) min lb tensor(-1138.)
Number of Verified Splits: 0 of 256
Current worst splitting domains lb-rhs (depth):
-1138.00000 (6), -1138.00000 (4), -1138.00000 (3), -1138.00000 (4), -1138.00000 (6), -1138.00000 (6), -1138.00000 (5), -1138.00000 (5), -1138.00000 (6), -1138.00000 (4), -1138.00000 (3), -1138.00000 (6), -1138.00000 (6), -1138.00000 (2), -1138.00000 (5), -1138.00000 (3), -1120.00000 (5), -1120.00000 (5), -1120.00000 (2), -1120.00000 (3), 
Length of domains: 680
Current (lb-rhs): -1138.0
1276 domains visited
Time: pickout 0.0168    decision 0.1275    set_bounds 0.0046    solve 0.4127    add 0.0513    
Accumulated time: pickout 0.0739    decision 0.7465    set_bounds 0.0235    solve 2.2899    add 0.2463    
Cumulative time: 3.474203586578369

BaB round 7
batch: 128
splitting decisions: 
split level 0: [/74, 381] [/74, 813] [/74, 579] [/74, 381] [/74, 381] [/74, 123] [/74, 36] [/74, 420] [/74, 813] [/74, 813] 
best_l after optimization: -265816.4375
beta sum per layer: [0.0, 0.0, 0.0, 0.7855703830718994]
alpha/beta optimization time: 0.3573801517486572
pruning_in_iteration open status: False
ratio of positive domain = 0 / 256 = 0.0
pruning-in-iteration extra time: 3.528594970703125e-05
torch.Size([256, 1])
Time: prepare 0.0028    bound 0.3587    transfer 0.0067    finalize 0.0412    func 0.4095    
Accumulated time: func 2.6953    prepare 0.0263    bound 2.3883    transfer 0.0427    finalize 0.2469    
max lb tensor(-934.) min lb tensor(-1138.)
Number of Verified Splits: 0 of 256
Current worst splitting domains lb-rhs (depth):
-1138.00000 (4), -1138.00000 (3), -1138.00000 (7), -1138.00000 (5), -1138.00000 (6), -1138.00000 (3), -1138.00000 (6), -1138.00000 (6), -1138.00000 (7), -1138.00000 (3), -1138.00000 (2), -1138.00000 (7), -1138.00000 (7), -1138.00000 (4), -1138.00000 (5), -1138.00000 (4), -1138.00000 (5), -1138.00000 (7), -1138.00000 (7), -1120.00000 (6), 
Length of domains: 808
Current (lb-rhs): -1138.0
1532 domains visited
Time: pickout 0.0183    decision 0.1283    set_bounds 0.0048    solve 0.4101    add 0.0457    
Accumulated time: pickout 0.0922    decision 0.8749    set_bounds 0.0283    solve 2.7000    add 0.2920    
Cumulative time: 4.0844199657440186

BaB round 8
batch: 128
splitting decisions: 
split level 0: [/74, 924] [/74, 381] [/74, 36] [/74, 318] [/74, 23] [/74, 420] [/74, 992] [/74, 963] [/74, 23] [/74, 381] 
best_l after optimization: -265817.03125
beta sum per layer: [0.0, 0.0, 0.0, 0.6759542226791382]
alpha/beta optimization time: 0.37073469161987305
pruning_in_iteration open status: False
ratio of positive domain = 0 / 256 = 0.0
pruning-in-iteration extra time: 4.1961669921875e-05
torch.Size([256, 1])
Time: prepare 0.0033    bound 0.3723    transfer 0.0066    finalize 0.0418    func 0.4240    
Accumulated time: func 3.1194    prepare 0.0309    bound 2.7606    transfer 0.0493    finalize 0.2888    
max lb tensor(-934.) min lb tensor(-1138.)
Number of Verified Splits: 0 of 256
Current worst splitting domains lb-rhs (depth):
-1138.00000 (8), -1138.00000 (6), -1138.00000 (6), -1138.00000 (2), -1138.00000 (6), -1138.00000 (8), -1138.00000 (8), -1138.00000 (5), -1138.00000 (4), -1138.00000 (7), -1138.00000 (5), -1138.00000 (3), -1138.00000 (4), -1138.00000 (3), -1138.00000 (8), -1138.00000 (7), -1138.00000 (5), -1138.00000 (4), -1138.00000 (8), -1138.00000 (8), 
Length of domains: 936
Current (lb-rhs): -1138.0
1788 domains visited
Time: pickout 0.0173    decision 0.1329    set_bounds 0.0054    solve 0.4246    add 0.0465    
Accumulated time: pickout 0.1095    decision 1.0077    set_bounds 0.0336    solve 3.1245    add 0.3385    
Cumulative time: 4.713823556900024

BaB round 9
batch: 128
splitting decisions: 
split level 0: [/74, 707] [/74, 985] [/74, 985] [/74, 23] [/74, 218] [/74, 963] [/74, 750] [/74, 579] [/74, 992] [/74, 985] 
best_l after optimization: -265816.75
beta sum per layer: [0.0, 0.0, 0.0, 0.9501402378082275]
alpha/beta optimization time: 0.35804104804992676
pruning_in_iteration open status: False
ratio of positive domain = 0 / 256 = 0.0
pruning-in-iteration extra time: 3.600120544433594e-05
torch.Size([256, 1])
Time: prepare 0.0028    bound 0.3594    transfer 0.0071    finalize 0.0422    func 0.4115    
Accumulated time: func 3.5309    prepare 0.0348    bound 3.1199    transfer 0.0564    finalize 0.3309    
max lb tensor(-934.) min lb tensor(-1138.)
Number of Verified Splits: 0 of 256
Current worst splitting domains lb-rhs (depth):
-1138.00000 (5), -1138.00000 (7), -1138.00000 (7), -1138.00000 (5), -1138.00000 (8), -1138.00000 (6), -1138.00000 (8), -1138.00000 (7), -1138.00000 (5), -1138.00000 (3), -1138.00000 (9), -1138.00000 (2), -1138.00000 (9), -1138.00000 (6), -1138.00000 (9), -1138.00000 (8), -1138.00000 (9), -1138.00000 (9), -1138.00000 (3), -1138.00000 (4), 
Length of domains: 1064
Current (lb-rhs): -1138.0
2044 domains visited
Time: pickout 0.0162    decision 0.1283    set_bounds 0.0048    solve 0.4120    add 0.2270    
Accumulated time: pickout 0.1256    decision 1.1360    set_bounds 0.0384    solve 3.5365    add 0.5655    
Cumulative time: 5.502345323562622

BaB round 10
batch: 128
splitting decisions: 
split level 0: [/74, 241] [/74, 318] [/74, 23] [/74, 218] [/74, 750] [/74, 813] [/74, 924] [/74, 36] [/74, 218] [/74, 218] 
best_l after optimization: -265816.96875
beta sum per layer: [0.0, 0.0, 0.0, 0.7499402761459351]
alpha/beta optimization time: 0.36821842193603516
pruning_in_iteration open status: False
ratio of positive domain = 0 / 256 = 0.0
pruning-in-iteration extra time: 8.296966552734375e-05
torch.Size([256, 1])
Time: prepare 0.0028    bound 0.3696    transfer 0.0043    finalize 0.0298    func 0.4066    
Accumulated time: func 3.9375    prepare 0.0388    bound 3.4895    transfer 0.0608    finalize 0.3608    
max lb tensor(-934.) min lb tensor(-1138.)
Number of Verified Splits: 0 of 256
Current worst splitting domains lb-rhs (depth):
-1138.00000 (9), -1138.00000 (8), -1138.00000 (10), -1138.00000 (10), -1138.00000 (3), -1138.00000 (6), -1138.00000 (2), -1138.00000 (5), -1138.00000 (5), -1138.00000 (3), -1138.00000 (4), -1138.00000 (10), -1138.00000 (7), -1138.00000 (6), -1138.00000 (7), -1138.00000 (5), -1138.00000 (8), -1138.00000 (10), -1138.00000 (4), -1138.00000 (3), 
Length of domains: 1192
Current (lb-rhs): -1138.0
2300 domains visited
Time: pickout 0.0107    decision 0.1388    set_bounds 0.0048    solve 0.4071    add 0.0407    
Accumulated time: pickout 0.1363    decision 1.2748    set_bounds 0.0432    solve 3.9437    add 0.6062    
Cumulative time: 6.104684352874756

BaB round 11
batch: 128
splitting decisions: 
split level 0: [/74, 120] [/74, 992] [/74, 992] [/74, 750] [/74, 707] [/74, 36] [/74, 972] [/74, 381] [/74, 924] [/74, 750] 
best_l after optimization: -265816.5625
beta sum per layer: [0.0, 0.0, 0.0, 0.9930797815322876]
alpha/beta optimization time: 0.36388444900512695
pruning_in_iteration open status: False
ratio of positive domain = 0 / 256 = 0.0
pruning-in-iteration extra time: 3.7670135498046875e-05
torch.Size([256, 1])
Time: prepare 0.0029    bound 0.3652    transfer 0.0043    finalize 0.0287    func 0.4011    
Accumulated time: func 4.3386    prepare 0.0428    bound 3.8547    transfer 0.0651    finalize 0.3894    
max lb tensor(-934.) min lb tensor(-1138.)
Number of Verified Splits: 0 of 256
Current worst splitting domains lb-rhs (depth):
-1138.00000 (8), -1138.00000 (9), -1138.00000 (5), -1138.00000 (11), -1138.00000 (7), -1138.00000 (4), -1138.00000 (7), -1138.00000 (2), -1138.00000 (6), -1138.00000 (11), -1138.00000 (10), -1138.00000 (4), -1138.00000 (6), -1138.00000 (9), -1138.00000 (10), -1138.00000 (11), -1138.00000 (6), -1138.00000 (3), -1138.00000 (11), -1138.00000 (8), 
Length of domains: 1320
Current (lb-rhs): -1138.0
2556 domains visited
Time: pickout 0.0105    decision 0.1313    set_bounds 0.0048    solve 0.4016    add 0.0410    
Accumulated time: pickout 0.1468    decision 1.4061    set_bounds 0.0480    solve 4.3452    add 0.6471    
Cumulative time: 6.694166660308838

BaB round 12
batch: 128
splitting decisions: 
split level 0: [/74, 874] [/74, 924] [/74, 218] [/74, 707] [/74, 1023] [/74, 985] [/74, 363] [/74, 992] [/74, 363] [/74, 972] 
best_l after optimization: -265817.1875
beta sum per layer: [0.0, 0.0, 0.0, 0.9160113334655762]
alpha/beta optimization time: 0.3625779151916504
pruning_in_iteration open status: False
ratio of positive domain = 0 / 256 = 0.0
pruning-in-iteration extra time: 4.291534423828125e-05
torch.Size([256, 1])
Time: prepare 0.0029    bound 0.3639    transfer 0.0037    finalize 0.0280    func 0.3986    
Accumulated time: func 4.7372    prepare 0.0468    bound 4.2187    transfer 0.0688    finalize 0.4174    
max lb tensor(-934.) min lb tensor(-1138.)
Number of Verified Splits: 0 of 256
Current worst splitting domains lb-rhs (depth):
-1138.00000 (5), -1138.00000 (12), -1138.00000 (7), -1138.00000 (11), -1138.00000 (7), -1138.00000 (9), -1138.00000 (6), -1138.00000 (11), -1138.00000 (3), -1138.00000 (6), -1138.00000 (9), -1138.00000 (6), -1138.00000 (12), -1138.00000 (5), -1138.00000 (8), -1138.00000 (12), -1138.00000 (3), -1138.00000 (12), -1138.00000 (8), -1138.00000 (5), 
Length of domains: 1448
Current (lb-rhs): -1138.0
2812 domains visited
Time: pickout 0.0103    decision 0.1283    set_bounds 0.0049    solve 0.3991    add 0.0369    
Accumulated time: pickout 0.1572    decision 1.5344    set_bounds 0.0529    solve 4.7443    add 0.6840    
Cumulative time: 7.27405047416687

BaB round 13
batch: 128
splitting decisions: 
split level 0: [/74, 402] [/74, 363] [/74, 924] [/74, 1023] [/74, 464] [/74, 318] [/74, 241] [/74, 750] [/74, 34] [/74, 34] 
best_l after optimization: -265816.8125
beta sum per layer: [0.0, 0.0, 0.0, 0.9189331531524658]
alpha/beta optimization time: 0.3601691722869873
pruning_in_iteration open status: False
ratio of positive domain = 0 / 256 = 0.0
pruning-in-iteration extra time: 3.647804260253906e-05
torch.Size([256, 1])
Time: prepare 0.0028    bound 0.3615    transfer 0.0039    finalize 0.0285    func 0.3968    
Accumulated time: func 5.1340    prepare 0.0508    bound 4.5802    transfer 0.0728    finalize 0.4460    
max lb tensor(-934.) min lb tensor(-1138.)
Number of Verified Splits: 0 of 256
Current worst splitting domains lb-rhs (depth):
-1138.00000 (11), -1138.00000 (13), -1138.00000 (2), -1138.00000 (5), -1138.00000 (10), -1138.00000 (4), -1138.00000 (11), -1138.00000 (13), -1138.00000 (9), -1138.00000 (13), -1138.00000 (10), -1138.00000 (8), -1138.00000 (7), -1138.00000 (7), -1138.00000 (9), -1138.00000 (4), -1138.00000 (11), -1138.00000 (4), -1138.00000 (3), -1138.00000 (7), 
Length of domains: 1576
Current (lb-rhs): -1138.0
3068 domains visited
Time: pickout 0.0122    decision 0.1284    set_bounds 0.0048    solve 0.3973    add 0.0371    
Accumulated time: pickout 0.1693    decision 1.6628    set_bounds 0.0576    solve 5.1416    add 0.7212    
Cumulative time: 7.854197978973389

BaB round 14
batch: 128
splitting decisions: 
split level 0: [/74, 408] [/74, 34] [/74, 707] [/74, 464] [/74, 874] [/74, 992] [/74, 1023] [/74, 924] [/74, 707] [/74, 1023] 
best_l after optimization: -265816.78125
beta sum per layer: [0.0, 0.0, 0.0, 1.2674970626831055]
alpha/beta optimization time: 0.36176133155822754
pruning_in_iteration open status: False
ratio of positive domain = 0 / 256 = 0.0
pruning-in-iteration extra time: 8.678436279296875e-05
torch.Size([256, 1])
Time: prepare 0.0029    bound 0.3631    transfer 0.0040    finalize 0.1507    func 0.5208    
Accumulated time: func 5.6548    prepare 0.0548    bound 4.9433    transfer 0.0767    finalize 0.5967    
max lb tensor(-934.) min lb tensor(-1138.)
Number of Verified Splits: 0 of 256
Current worst splitting domains lb-rhs (depth):
-1138.00000 (3), -1138.00000 (4), -1138.00000 (4), -1138.00000 (10), -1138.00000 (2), -1138.00000 (7), -1138.00000 (7), -1138.00000 (14), -1138.00000 (14), -1138.00000 (10), -1138.00000 (14), -1138.00000 (12), -1138.00000 (9), -1138.00000 (5), -1138.00000 (5), -1138.00000 (12), -1138.00000 (9), -1138.00000 (5), -1138.00000 (3), -1138.00000 (6), 
Length of domains: 1704
Current (lb-rhs): -1138.0
3324 domains visited
Time: pickout 0.0114    decision 0.1282    set_bounds 0.0048    solve 0.5213    add 0.0369    
Accumulated time: pickout 0.1808    decision 1.7910    set_bounds 0.0624    solve 5.6629    add 0.7581    
Cumulative time: 8.557113409042358

BaB round 15
batch: 128
splitting decisions: 
split level 0: [/74, 781] [/74, 707] [/74, 1023] [/74, 356] [/74, 161] [/74, 750] [/74, 931] [/74, 363] [/74, 1023] [/74, 395] 
best_l after optimization: -265817.625
beta sum per layer: [0.0, 0.0, 0.0, 1.1300407648086548]
alpha/beta optimization time: 0.36101245880126953
pruning_in_iteration open status: False
ratio of positive domain = 0 / 256 = 0.0
pruning-in-iteration extra time: 6.866455078125e-05
torch.Size([256, 1])
Time: prepare 0.0028    bound 0.3624    transfer 0.0041    finalize 0.0280    func 0.3973    
Accumulated time: func 6.0521    prepare 0.0588    bound 5.3057    transfer 0.0808    finalize 0.6246    
max lb tensor(-934.) min lb tensor(-1138.)
Number of Verified Splits: 0 of 256
Current worst splitting domains lb-rhs (depth):
-1138.00000 (12), -1138.00000 (13), -1138.00000 (15), -1138.00000 (11), -1138.00000 (8), -1138.00000 (11), -1138.00000 (4), -1138.00000 (11), -1138.00000 (5), -1138.00000 (9), -1138.00000 (14), -1138.00000 (10), -1138.00000 (6), -1138.00000 (13), -1138.00000 (5), -1138.00000 (7), -1138.00000 (7), -1138.00000 (3), -1138.00000 (12), -1138.00000 (10), 
Length of domains: 1832
Current (lb-rhs): -1138.0
3580 domains visited
Time: pickout 0.0113    decision 0.1291    set_bounds 0.0050    solve 0.3978    add 0.0368    
Accumulated time: pickout 0.1920    decision 1.9201    set_bounds 0.0674    solve 6.0607    add 0.7949    
Cumulative time: 9.137354373931885

BaB round 16
batch: 128
splitting decisions: 
split level 0: [/74, 528] [/74, 395] [/74, 395] [/74, 874] [/74, 781] [/74, 924] [/74, 874] [/74, 34] [/74, 395] [/74, 931] 
best_l after optimization: -265816.9375
beta sum per layer: [0.0, 0.0, 0.0, 1.062618613243103]
alpha/beta optimization time: 0.3573155403137207
pruning_in_iteration open status: False
ratio of positive domain = 0 / 256 = 0.0
pruning-in-iteration extra time: 7.939338684082031e-05
torch.Size([256, 1])
Time: prepare 0.0028    bound 0.3586    transfer 0.0044    finalize 0.0276    func 0.3934    
Accumulated time: func 6.4455    prepare 0.0627    bound 5.6643    transfer 0.0852    finalize 0.6523    
max lb tensor(-934.) min lb tensor(-1138.)
Number of Verified Splits: 0 of 256
Current worst splitting domains lb-rhs (depth):
-1138.00000 (6), -1138.00000 (16), -1138.00000 (6), -1138.00000 (6), -1138.00000 (12), -1138.00000 (11), -1138.00000 (3), -1138.00000 (15), -1138.00000 (13), -1138.00000 (5), -1138.00000 (7), -1138.00000 (15), -1138.00000 (7), -1138.00000 (10), -1138.00000 (7), -1138.00000 (15), -1138.00000 (8), -1138.00000 (13), -1138.00000 (4), -1138.00000 (3), 
Length of domains: 1960
Current (lb-rhs): -1138.0
3836 domains visited
Time: pickout 0.0110    decision 0.1272    set_bounds 0.0048    solve 0.3939    add 0.0360    
Accumulated time: pickout 0.2030    decision 2.0473    set_bounds 0.0722    solve 6.4547    add 0.8309    
Cumulative time: 9.710543870925903

BaB round 17
batch: 128
splitting decisions: 
split level 0: [/74, 56] [/74, 874] [/74, 120] [/74, 402] [/74, 760] [/74, 363] [/74, 408] [/74, 241] [/74, 120] [/74, 464] 
best_l after optimization: -265816.75
beta sum per layer: [0.0, 0.0, 0.0, 1.2122068405151367]
alpha/beta optimization time: 0.38651084899902344
pruning_in_iteration open status: False
ratio of positive domain = 0 / 256 = 0.0
pruning-in-iteration extra time: 4.2438507080078125e-05
torch.Size([256, 1])
Time: prepare 0.0030    bound 0.3880    transfer 0.0044    finalize 0.0322    func 0.4276    
Accumulated time: func 6.8731    prepare 0.0668    bound 6.0523    transfer 0.0895    finalize 0.6845    
max lb tensor(-934.) min lb tensor(-1138.)
Number of Verified Splits: 0 of 256
Current worst splitting domains lb-rhs (depth):
-1138.00000 (16), -1138.00000 (4), -1138.00000 (10), -1138.00000 (8), -1138.00000 (17), -1138.00000 (17), -1138.00000 (8), -1138.00000 (9), -1138.00000 (9), -1138.00000 (13), -1138.00000 (6), -1138.00000 (12), -1138.00000 (3), -1138.00000 (4), -1138.00000 (5), -1138.00000 (17), -1138.00000 (11), -1138.00000 (11), -1138.00000 (6), -1138.00000 (3), 
Length of domains: 2088
Current (lb-rhs): -1138.0
4092 domains visited
Time: pickout 0.0112    decision 0.1277    set_bounds 0.0052    solve 0.4281    add 0.4366    
Accumulated time: pickout 0.2141    decision 2.1750    set_bounds 0.0774    solve 6.8828    add 1.2674    
Cumulative time: 10.719605207443237

BaB round 18
batch: 128
splitting decisions: 
split level 0: [/74, 320] [/74, 402] [/74, 931] [/74, 161] [/74, 670] [/74, 34] [/74, 447] [/74, 1023] [/74, 931] [/74, 402] 
best_l after optimization: -265817.625
beta sum per layer: [0.0, 0.0, 0.0, 1.1297327280044556]
alpha/beta optimization time: 0.6859619617462158
pruning_in_iteration open status: False
ratio of positive domain = 0 / 256 = 0.0
pruning-in-iteration extra time: 0.0002620220184326172
torch.Size([256, 1])
Time: prepare 0.0029    bound 0.6875    transfer 0.0042    finalize 0.0322    func 0.7269    
Accumulated time: func 7.6000    prepare 0.0709    bound 6.7398    transfer 0.0937    finalize 0.7167    
max lb tensor(-934.) min lb tensor(-1138.)
Number of Verified Splits: 0 of 256
Current worst splitting domains lb-rhs (depth):
-1138.00000 (12), -1138.00000 (13), -1138.00000 (18), -1138.00000 (16), -1138.00000 (5), -1138.00000 (9), -1138.00000 (12), -1138.00000 (11), -1138.00000 (10), -1138.00000 (10), -1138.00000 (8), -1138.00000 (12), -1138.00000 (8), -1138.00000 (5), -1138.00000 (18), -1138.00000 (11), -1138.00000 (18), -1138.00000 (17), -1138.00000 (3), -1138.00000 (16), 
Length of domains: 2216
Current (lb-rhs): -1138.0
4348 domains visited
Time: pickout 0.0106    decision 0.1324    set_bounds 0.0052    solve 0.7274    add 0.0436    
Accumulated time: pickout 0.2248    decision 2.3074    set_bounds 0.0826    solve 7.6101    add 1.3111    
Cumulative time: 11.639148473739624

BaB round 19
batch: 128
splitting decisions: 
split level 0: [/74, 670] [/74, 728] [/74, 728] [/74, 408] [/74, 573] [/74, 707] [/74, 528] [/74, 120] [/74, 464] [/74, 161] 
best_l after optimization: -265817.40625
beta sum per layer: [0.0, 0.0, 0.0, 1.1665222644805908]
alpha/beta optimization time: 0.973761796951294
pruning_in_iteration open status: False
ratio of positive domain = 0 / 256 = 0.0
pruning-in-iteration extra time: 0.00048828125
torch.Size([256, 1])
Time: prepare 0.0094    bound 0.9756    transfer 0.0053    finalize 0.0338    func 1.0241    
Accumulated time: func 8.6241    prepare 0.0905    bound 7.7154    transfer 0.0990    finalize 0.7505    
max lb tensor(-934.) min lb tensor(-1138.)
Number of Verified Splits: 0 of 256
Current worst splitting domains lb-rhs (depth):
-1138.00000 (8), -1138.00000 (6), -1138.00000 (5), -1138.00000 (18), -1138.00000 (9), -1138.00000 (10), -1138.00000 (13), -1138.00000 (11), -1138.00000 (19), -1138.00000 (16), -1138.00000 (6), -1138.00000 (19), -1138.00000 (15), -1138.00000 (17), -1138.00000 (5), -1138.00000 (12), -1138.00000 (3), -1138.00000 (5), -1138.00000 (16), -1138.00000 (19), 
Length of domains: 2344
Current (lb-rhs): -1138.0
4604 domains visited
Time: pickout 0.0115    decision 0.3733    set_bounds 0.0084    solve 1.0246    add 0.0425    
Accumulated time: pickout 0.2363    decision 2.6807    set_bounds 0.0910    solve 8.6347    add 1.3536    
Cumulative time: 13.099822282791138

BaB round 20
batch: 128
splitting decisions: 
split level 0: [/74, 573] [/74, 781] [/74, 408] [/74, 781] [/74, 627] [/74, 241] [/74, 56] [/74, 931] [/74, 874] [/74, 728] 
best_l after optimization: -265817.0625
beta sum per layer: [0.0, 0.0, 0.0, 1.250178575515747]
alpha/beta optimization time: 0.8137772083282471
pruning_in_iteration open status: False
ratio of positive domain = 0 / 256 = 0.0
pruning-in-iteration extra time: 3.4809112548828125e-05
torch.Size([256, 1])
Time: prepare 0.0039    bound 0.8154    transfer 0.0040    finalize 0.0308    func 0.8541    
Accumulated time: func 9.4782    prepare 0.1100    bound 8.5308    transfer 0.1030    finalize 0.7812    
max lb tensor(-934.) min lb tensor(-1138.)
Number of Verified Splits: 0 of 256
Current worst splitting domains lb-rhs (depth):
-1138.00000 (20), -1138.00000 (18), -1138.00000 (8), -1138.00000 (3), -1138.00000 (15), -1138.00000 (9), -1138.00000 (9), -1138.00000 (15), -1138.00000 (9), -1138.00000 (18), -1138.00000 (10), -1138.00000 (3), -1138.00000 (8), -1138.00000 (14), -1138.00000 (10), -1138.00000 (17), -1138.00000 (10), -1138.00000 (17), -1138.00000 (11), -1138.00000 (11), 
Length of domains: 2472
Current (lb-rhs): -1138.0
4860 domains visited
Time: pickout 0.0226    decision 0.3835    set_bounds 0.0067    solve 0.8546    add 0.0407    
Accumulated time: pickout 0.2589    decision 3.0642    set_bounds 0.0977    solve 9.4894    add 1.3943    
Cumulative time: 14.408328533172607

BaB round 21
batch: 128
splitting decisions: 
split level 0: [/74, 627] [/74, 760] [/74, 447] [/74, 760] [/74, 538] [/74, 464] [/74, 61] [/74, 356] [/74, 402] [/74, 447] 
best_l after optimization: -265817.59375
beta sum per layer: [0.0, 0.0, 0.0, 1.2673389911651611]
alpha/beta optimization time: 0.3825960159301758
pruning_in_iteration open status: False
ratio of positive domain = 0 / 256 = 0.0
pruning-in-iteration extra time: 3.7670135498046875e-05
torch.Size([256, 1])
Time: prepare 0.0029    bound 0.3840    transfer 0.0040    finalize 0.0296    func 0.4205    
Accumulated time: func 9.8987    prepare 0.1141    bound 8.9148    transfer 0.1070    finalize 0.8108    
max lb tensor(-934.) min lb tensor(-1138.)
Number of Verified Splits: 0 of 256
Current worst splitting domains lb-rhs (depth):
-1138.00000 (4), -1138.00000 (21), -1138.00000 (9), -1138.00000 (5), -1138.00000 (8), -1138.00000 (18), -1138.00000 (4), -1138.00000 (21), -1138.00000 (12), -1138.00000 (15), -1138.00000 (4), -1138.00000 (13), -1138.00000 (21), -1138.00000 (15), -1138.00000 (16), -1138.00000 (8), -1138.00000 (13), -1138.00000 (3), -1138.00000 (9), -1138.00000 (18), 
Length of domains: 2600
Current (lb-rhs): -1138.0
5116 domains visited
Time: pickout 0.0116    decision 0.1368    set_bounds 0.0051    solve 0.4210    add 0.0410    
Accumulated time: pickout 0.2705    decision 3.2011    set_bounds 0.1028    solve 9.9104    add 1.4353    
Cumulative time: 15.024158954620361

BaB round 22
batch: 128
splitting decisions: 
split level 0: [/74, 17] [/74, 573] [/74, 528] [/74, 320] [/74, 17] [/74, 402] [/74, 627] [/74, 728] [/74, 408] [/74, 781] 
best_l after optimization: -265817.21875
beta sum per layer: [0.0, 0.0, 0.0, 1.1878728866577148]
alpha/beta optimization time: 0.37126874923706055
pruning_in_iteration open status: False
ratio of positive domain = 0 / 256 = 0.0
pruning-in-iteration extra time: 3.838539123535156e-05
torch.Size([256, 1])
Time: prepare 0.0032    bound 0.3727    transfer 0.0040    finalize 0.0289    func 0.4088    
Accumulated time: func 10.3075    prepare 0.1184    bound 9.2875    transfer 0.1110    finalize 0.8397    
max lb tensor(-934.) min lb tensor(-1138.)
Number of Verified Splits: 0 of 256
Current worst splitting domains lb-rhs (depth):
-1138.00000 (14), -1138.00000 (8), -1138.00000 (15), -1138.00000 (22), -1138.00000 (16), -1138.00000 (5), -1138.00000 (20), -1138.00000 (21), -1138.00000 (11), -1138.00000 (12), -1138.00000 (17), -1138.00000 (19), -1138.00000 (6), -1138.00000 (3), -1138.00000 (11), -1138.00000 (10), -1138.00000 (22), -1138.00000 (17), -1138.00000 (8), -1138.00000 (13), 
Length of domains: 2728
Current (lb-rhs): -1138.0
5372 domains visited
Time: pickout 0.0122    decision 0.1295    set_bounds 0.0053    solve 0.4093    add 0.0389    
Accumulated time: pickout 0.2827    decision 3.3306    set_bounds 0.1081    solve 10.3197    add 1.4742    
Cumulative time: 15.61972188949585

BaB round 23
batch: 128
splitting decisions: 
split level 0: [/74, 774] [/74, 243] [/74, 56] [/74, 174] [/74, 774] [/74, 728] [/74, 607] [/74, 408] [/74, 277] [/74, 277] 
best_l after optimization: -265816.9375
beta sum per layer: [0.0, 0.0, 0.0, 1.3025898933410645]
alpha/beta optimization time: 0.498211145401001
pruning_in_iteration open status: False
ratio of positive domain = 0 / 256 = 0.0
pruning-in-iteration extra time: 0.0003094673156738281
torch.Size([256, 1])
Time: prepare 0.0029    bound 0.4999    transfer 0.0040    finalize 0.0287    func 0.5356    
Accumulated time: func 10.8431    prepare 0.1225    bound 9.7874    transfer 0.1150    finalize 0.8684    
max lb tensor(-934.) min lb tensor(-1138.)
Number of Verified Splits: 0 of 256
Current worst splitting domains lb-rhs (depth):
-1138.00000 (4), -1138.00000 (12), -1138.00000 (8), -1138.00000 (6), -1138.00000 (3), -1138.00000 (7), -1138.00000 (10), -1138.00000 (14), -1138.00000 (23), -1138.00000 (6), -1138.00000 (17), -1138.00000 (17), -1138.00000 (19), -1138.00000 (18), -1138.00000 (22), -1138.00000 (12), -1138.00000 (13), -1138.00000 (5), -1138.00000 (22), -1138.00000 (23), 
Length of domains: 2856
Current (lb-rhs): -1138.0
5628 domains visited
Time: pickout 0.0127    decision 0.1427    set_bounds 0.0051    solve 0.5361    add 0.0379    
Accumulated time: pickout 0.2954    decision 3.4733    set_bounds 0.1132    solve 10.8558    add 1.5121    
Cumulative time: 16.354507207870483

BaB round 24
batch: 128
splitting decisions: 
split level 0: [/74, 704] [/74, 607] [/74, 320] [/74, 670] [/74, 262] [/74, 277] [/74, 662] [/74, 447] [/74, 528] [/74, 528] 
best_l after optimization: -265817.75
beta sum per layer: [0.0, 0.0, 0.0, 1.2602934837341309]
alpha/beta optimization time: 0.5427377223968506
pruning_in_iteration open status: False
ratio of positive domain = 0 / 256 = 0.0
pruning-in-iteration extra time: 0.00032210350036621094
torch.Size([256, 1])
Time: prepare 0.0034    bound 0.5444    transfer 0.0037    finalize 0.0291    func 0.5807    
Accumulated time: func 11.4239    prepare 0.1301    bound 10.3318    transfer 0.1188    finalize 0.8976    
max lb tensor(-934.) min lb tensor(-1138.)
Number of Verified Splits: 0 of 256
Current worst splitting domains lb-rhs (depth):
-1138.00000 (14), -1138.00000 (3), -1138.00000 (13), -1138.00000 (23), -1138.00000 (16), -1138.00000 (15), -1138.00000 (10), -1138.00000 (8), -1138.00000 (17), -1138.00000 (18), -1138.00000 (19), -1138.00000 (22), -1138.00000 (17), -1138.00000 (3), -1138.00000 (6), -1138.00000 (24), -1138.00000 (11), -1138.00000 (18), -1138.00000 (14), -1138.00000 (5), 
Length of domains: 2984
Current (lb-rhs): -1138.0
5884 domains visited
Time: pickout 0.0119    decision 0.1820    set_bounds 0.0062    solve 0.5812    add 0.0434    
Accumulated time: pickout 0.3072    decision 3.6552    set_bounds 0.1194    solve 11.4370    add 1.5555    
Cumulative time: 17.179571390151978

BaB round 25
batch: 128
splitting decisions: 
split level 0: [/74, 281] [/74, 538] [/74, 174] [/74, 573] [/74, 842] [/74, 528] [/74, 317] [/74, 760] [/74, 760] [/74, 56] 
best_l after optimization: -265817.46875
beta sum per layer: [0.0, 0.0, 0.0, 1.3367414474487305]
alpha/beta optimization time: 0.6341092586517334
pruning_in_iteration open status: False
ratio of positive domain = 0 / 256 = 0.0
pruning-in-iteration extra time: 4.4345855712890625e-05
torch.Size([256, 1])
Time: prepare 0.0032    bound 0.6355    transfer 0.0065    finalize 0.0321    func 0.6773    
Accumulated time: func 12.1011    prepare 0.1426    bound 10.9672    transfer 0.1252    finalize 0.9297    
max lb tensor(-934.) min lb tensor(-1138.)
Number of Verified Splits: 0 of 256
Current worst splitting domains lb-rhs (depth):
-1138.00000 (25), -1138.00000 (12), -1138.00000 (10), -1138.00000 (25), -1138.00000 (19), -1138.00000 (21), -1138.00000 (7), -1138.00000 (4), -1138.00000 (23), -1138.00000 (17), -1138.00000 (16), -1138.00000 (7), -1138.00000 (10), -1138.00000 (13), -1138.00000 (3), -1138.00000 (19), -1138.00000 (14), -1138.00000 (23), -1138.00000 (17), -1138.00000 (21), 
Length of domains: 3112
Current (lb-rhs): -1138.0
6140 domains visited
Time: pickout 0.0167    decision 0.2470    set_bounds 0.0055    solve 0.6778    add 0.0439    
Accumulated time: pickout 0.3239    decision 3.9022    set_bounds 0.1249    solve 12.1148    add 1.5993    
Cumulative time: 18.170878887176514

BaB round 26
batch: 128
splitting decisions: 
split level 0: [/74, 22] [/74, 547] [/74, 670] [/74, 243] [/74, 22] [/74, 760] [/74, 547] [/74, 56] [/74, 56] [/74, 174] 
best_l after optimization: -265817.65625
beta sum per layer: [0.0, 0.0, 0.0, 1.2729953527450562]
alpha/beta optimization time: 0.724329948425293
pruning_in_iteration open status: False
ratio of positive domain = 0 / 256 = 0.0
pruning-in-iteration extra time: 4.2438507080078125e-05
torch.Size([256, 1])
Time: prepare 0.0029    bound 0.7257    transfer 0.0041    finalize 0.0277    func 0.7604    
Accumulated time: func 12.8616    prepare 0.1608    bound 11.6929    transfer 0.1293    finalize 0.9574    
max lb tensor(-934.) min lb tensor(-1138.)
Number of Verified Splits: 0 of 256
Current worst splitting domains lb-rhs (depth):
-1138.00000 (7), -1138.00000 (18), -1138.00000 (15), -1138.00000 (24), -1138.00000 (20), -1138.00000 (3), -1138.00000 (4), -1138.00000 (21), -1138.00000 (9), -1138.00000 (17), -1138.00000 (7), -1138.00000 (22), -1138.00000 (19), -1138.00000 (10), -1138.00000 (17), -1138.00000 (5), -1138.00000 (19), -1138.00000 (14), -1138.00000 (13), -1138.00000 (25), 
Length of domains: 3240
Current (lb-rhs): -1138.0
6396 domains visited
Time: pickout 0.0145    decision 0.3670    set_bounds 0.0050    solve 0.7609    add 0.0406    
Accumulated time: pickout 0.3384    decision 4.2692    set_bounds 0.1299    solve 12.8757    add 1.6399    
Cumulative time: 19.3593430519104

BaB round 27
batch: 128
splitting decisions: 
split level 0: [/74, 109] [/74, 385] [/74, 627] [/74, 607] [/74, 109] [/74, 56] [/74, 704] [/74, 320] [/74, 320] [/74, 670] 
best_l after optimization: -265817.1875
beta sum per layer: [0.0, 0.0, 0.0, 1.3383790254592896]
alpha/beta optimization time: 0.7258515357971191
pruning_in_iteration open status: False
ratio of positive domain = 0 / 256 = 0.0
pruning-in-iteration extra time: 0.0001480579376220703
torch.Size([256, 1])
Time: prepare 0.0028    bound 0.7273    transfer 0.0046    finalize 0.0315    func 0.7662    
Accumulated time: func 13.6278    prepare 0.1800    bound 12.4202    transfer 0.1339    finalize 0.9888    
max lb tensor(-934.) min lb tensor(-1138.)
Number of Verified Splits: 0 of 256
Current worst splitting domains lb-rhs (depth):
-1138.00000 (7), -1138.00000 (5), -1138.00000 (3), -1138.00000 (13), -1138.00000 (13), -1138.00000 (5), -1138.00000 (27), -1138.00000 (25), -1138.00000 (17), -1138.00000 (25), -1138.00000 (22), -1138.00000 (9), -1138.00000 (15), -1138.00000 (24), -1138.00000 (21), -1138.00000 (10), -1138.00000 (19), -1138.00000 (18), -1138.00000 (15), -1138.00000 (26), 
Length of domains: 3368
Current (lb-rhs): -1138.0
6652 domains visited
Time: pickout 0.0165    decision 0.2627    set_bounds 0.0049    solve 0.7667    add 0.0475    
Accumulated time: pickout 0.3550    decision 4.5320    set_bounds 0.1348    solve 13.6425    add 1.6875    
Cumulative time: 20.458175897598267

BaB round 28
batch: 128
splitting decisions: 
split level 0: [/74, 847] [/74, 704] [/74, 662] [/74, 317] [/74, 847] [/74, 320] [/74, 262] [/74, 174] [/74, 174] [/74, 61] 
best_l after optimization: -265817.625
beta sum per layer: [0.0, 0.0, 0.0, 1.3076286315917969]
alpha/beta optimization time: 0.7783012390136719
pruning_in_iteration open status: False
ratio of positive domain = 0 / 256 = 0.0
pruning-in-iteration extra time: 0.0023343563079833984
torch.Size([256, 1])
Time: prepare 0.0084    bound 0.7821    transfer 0.0074    finalize 0.0291    func 0.8270    
Accumulated time: func 14.4548    prepare 0.1967    bound 13.2023    transfer 0.1413    finalize 1.0179    
max lb tensor(-934.) min lb tensor(-1138.)
Number of Verified Splits: 0 of 256
Current worst splitting domains lb-rhs (depth):
-1138.00000 (24), -1138.00000 (23), -1138.00000 (15), -1138.00000 (18), -1138.00000 (5), -1138.00000 (24), -1138.00000 (9), -1138.00000 (4), -1138.00000 (7), -1138.00000 (26), -1138.00000 (19), -1138.00000 (3), -1138.00000 (27), -1138.00000 (12), -1138.00000 (11), -1138.00000 (25), -1138.00000 (14), -1138.00000 (3), -1138.00000 (17), -1138.00000 (7), 
Length of domains: 3496
Current (lb-rhs): -1138.0
6908 domains visited
Time: pickout 0.0139    decision 0.2903    set_bounds 0.0081    solve 0.8275    add 0.0427    
Accumulated time: pickout 0.3688    decision 4.8223    set_bounds 0.1429    solve 14.4700    add 1.7302    
Cumulative time: 21.641047954559326

BaB round 29
batch: 128
splitting decisions: 
split level 0: [/74, 166] [/74, 281] [/74, 17] [/74, 547] [/74, 868] [/74, 670] [/74, 281] [/74, 61] [/74, 61] [/74, 573] 
best_l after optimization: -265817.21875
beta sum per layer: [0.0, 0.0, 0.0, 1.452617883682251]
alpha/beta optimization time: 0.7548458576202393
pruning_in_iteration open status: False
ratio of positive domain = 0 / 256 = 0.0
pruning-in-iteration extra time: 0.0001499652862548828
torch.Size([256, 1])
Time: prepare 0.0030    bound 0.7564    transfer 0.0046    finalize 0.1718    func 0.9358    
Accumulated time: func 15.3907    prepare 0.2174    bound 13.9587    transfer 0.1459    finalize 1.1897    
max lb tensor(-934.) min lb tensor(-1138.)
Number of Verified Splits: 0 of 256
Current worst splitting domains lb-rhs (depth):
-1138.00000 (19), -1138.00000 (29), -1138.00000 (15), -1138.00000 (13), -1138.00000 (18), -1138.00000 (11), -1138.00000 (24), -1138.00000 (23), -1138.00000 (5), -1138.00000 (22), -1138.00000 (21), -1138.00000 (11), -1138.00000 (20), -1138.00000 (28), -1138.00000 (13), -1138.00000 (27), -1138.00000 (14), -1138.00000 (26), -1138.00000 (26), -1138.00000 (9), 
Length of domains: 3624
Current (lb-rhs): -1138.0
7164 domains visited
Time: pickout 0.0236    decision 0.3067    set_bounds 0.0053    solve 0.9364    add 0.0451    
Accumulated time: pickout 0.3924    decision 5.1290    set_bounds 0.1482    solve 15.4064    add 1.7753    
Cumulative time: 22.958571195602417

BaB round 30
batch: 128
splitting decisions: 
split level 0: [/74, 947] [/74, 22] [/74, 317] [/74, 470] [/74, 394] [/74, 61] [/74, 392] [/74, 243] [/74, 243] [/74, 243] 
best_l after optimization: -265817.4375
beta sum per layer: [0.0, 0.0, 0.0, 1.311551570892334]
alpha/beta optimization time: 0.7515182495117188
pruning_in_iteration open status: False
ratio of positive domain = 0 / 256 = 0.0
pruning-in-iteration extra time: 0.0001659393310546875
torch.Size([256, 1])
Time: prepare 0.0030    bound 0.7530    transfer 0.0046    finalize 0.0306    func 0.7912    
Accumulated time: func 16.1819    prepare 0.2284    bound 14.7117    transfer 0.1505    finalize 1.2203    
max lb tensor(-934.) min lb tensor(-1138.)
Number of Verified Splits: 0 of 256
Current worst splitting domains lb-rhs (depth):
-1138.00000 (7), -1138.00000 (22), -1138.00000 (30), -1138.00000 (24), -1138.00000 (16), -1138.00000 (16), -1138.00000 (6), -1138.00000 (24), -1138.00000 (20), -1138.00000 (16), -1138.00000 (29), -1138.00000 (6), -1138.00000 (15), -1138.00000 (25), -1138.00000 (15), -1138.00000 (3), -1138.00000 (29), -1138.00000 (15), -1138.00000 (7), -1138.00000 (25), 
Length of domains: 3752
Current (lb-rhs): -1138.0
7420 domains visited
Time: pickout 0.0216    decision 0.1798    set_bounds 0.0051    solve 0.7918    add 0.0442    
Accumulated time: pickout 0.4141    decision 5.3089    set_bounds 0.1533    solve 16.1981    add 1.8195    
Cumulative time: 24.001588821411133

BaB round 31
batch: 128
splitting decisions: 
split level 0: [/74, 383] [/74, 109] [/74, 547] [/74, 392] [/74, 369] [/74, 573] [/74, 22] [/74, 17] [/74, 627] [/74, 627] 
best_l after optimization: -265817.125
beta sum per layer: [0.0, 0.0, 0.0, 1.3845337629318237]
alpha/beta optimization time: 0.5993101596832275
pruning_in_iteration open status: False
ratio of positive domain = 0 / 256 = 0.0
pruning-in-iteration extra time: 0.002500772476196289
torch.Size([256, 1])
Time: prepare 0.0061    bound 0.6032    transfer 0.0066    finalize 0.0302    func 0.6462    
Accumulated time: func 16.8280    prepare 0.2426    bound 15.3149    transfer 0.1571    finalize 1.2505    
max lb tensor(-934.) min lb tensor(-1138.)
Number of Verified Splits: 0 of 256
Current worst splitting domains lb-rhs (depth):
-1138.00000 (25), -1138.00000 (29), -1138.00000 (4), -1138.00000 (10), -1138.00000 (25), -1138.00000 (8), -1138.00000 (21), -1138.00000 (12), -1138.00000 (3), -1138.00000 (20), -1138.00000 (23), -1138.00000 (16), -1138.00000 (14), -1138.00000 (7), -1138.00000 (18), -1138.00000 (24), -1138.00000 (6), -1138.00000 (27), -1138.00000 (13), -1138.00000 (10), 
Length of domains: 3880
Current (lb-rhs): -1138.0
7676 domains visited
Time: pickout 0.0131    decision 0.3030    set_bounds 0.0099    solve 0.6467    add 0.0438    
Accumulated time: pickout 0.4272    decision 5.6118    set_bounds 0.1631    solve 16.8448    add 1.8633    
Cumulative time: 25.018431901931763

BaB round 32
batch: 128
splitting decisions: 
split level 0: [/74, 245] [/74, 868] [/74, 385] [/74, 868] [/74, 166] [/74, 17] [/74, 868] [/74, 774] [/74, 538] [/74, 607] 
best_l after optimization: -265817.65625
beta sum per layer: [0.0, 0.0, 0.0, 1.3440515995025635]
alpha/beta optimization time: 0.6025774478912354
pruning_in_iteration open status: False
ratio of positive domain = 0 / 256 = 0.0
pruning-in-iteration extra time: 4.506111145019531e-05
torch.Size([256, 1])
Time: prepare 0.0100    bound 0.6041    transfer 0.0075    finalize 0.0312    func 0.6529    
Accumulated time: func 17.4809    prepare 0.2547    bound 15.9191    transfer 0.1646    finalize 1.2817    
max lb tensor(-934.) min lb tensor(-1138.)
Number of Verified Splits: 0 of 256
Current worst splitting domains lb-rhs (depth):
-1138.00000 (7), -1138.00000 (10), -1138.00000 (21), -1138.00000 (3), -1138.00000 (23), -1138.00000 (32), -1138.00000 (26), -1138.00000 (28), -1138.00000 (3), -1138.00000 (13), -1138.00000 (27), -1138.00000 (30), -1138.00000 (5), -1138.00000 (11), -1138.00000 (19), -1138.00000 (30), -1138.00000 (9), -1138.00000 (21), -1138.00000 (22), -1138.00000 (10), 
Length of domains: 4008
Current (lb-rhs): -1138.0
7932 domains visited
Time: pickout 0.0247    decision 0.2491    set_bounds 0.0055    solve 0.6534    add 0.0408    
Accumulated time: pickout 0.4519    decision 5.8609    set_bounds 0.1687    solve 17.4982    add 1.9041    
Cumulative time: 25.992382526397705

BaB round 33
batch: 128
splitting decisions: 
split level 0: [/74, 1001] [/74, 394] [/74, 704] [/74, 369] [/74, 947] [/74, 774] [/74, 369] [/74, 317] [/74, 17] [/74, 662] 
best_l after optimization: -265817.375
beta sum per layer: [0.0, 0.0, 0.0, 1.429245948791504]
alpha/beta optimization time: 0.6486365795135498
pruning_in_iteration open status: False
ratio of positive domain = 0 / 256 = 0.0
pruning-in-iteration extra time: 3.743171691894531e-05
torch.Size([256, 1])
Time: prepare 0.0030    bound 0.6500    transfer 0.0053    finalize 0.0318    func 0.6901    
Accumulated time: func 18.1710    prepare 0.2934    bound 16.5690    transfer 0.1699    finalize 1.3134    
max lb tensor(-934.) min lb tensor(-1138.)
Number of Verified Splits: 0 of 256
Current worst splitting domains lb-rhs (depth):
-1138.00000 (29), -1138.00000 (6), -1138.00000 (28), -1138.00000 (26), -1138.00000 (3), -1138.00000 (16), -1138.00000 (23), -1138.00000 (10), -1138.00000 (14), -1138.00000 (7), -1138.00000 (33), -1138.00000 (24), -1138.00000 (25), -1138.00000 (12), -1138.00000 (30), -1138.00000 (6), -1138.00000 (32), -1138.00000 (4), -1138.00000 (8), -1138.00000 (3), 
Length of domains: 4136
Current (lb-rhs): -1138.0
8188 domains visited
Time: pickout 0.0237    decision 0.4568    set_bounds 0.0053    solve 0.6906    add 0.8143    
Accumulated time: pickout 0.4756    decision 6.3178    set_bounds 0.1740    solve 18.1888    add 2.7184    
Cumulative time: 27.983482837677002

BaB round 34
batch: 128
splitting decisions: 
split level 0: [/74, 899] [/74, 369] [/74, 470] [/74, 383] [/74, 763] [/74, 317] [/74, 421] [/74, 547] [/74, 317] [/74, 538] 
best_l after optimization: -265817.375
beta sum per layer: [0.0, 0.0, 0.0, 1.3711298704147339]
alpha/beta optimization time: 0.7711403369903564
pruning_in_iteration open status: False
ratio of positive domain = 0 / 256 = 0.0
pruning-in-iteration extra time: 0.0001513957977294922
torch.Size([256, 1])
Time: prepare 0.0030    bound 0.7726    transfer 0.0043    finalize 0.0138    func 0.7938    
Accumulated time: func 18.9648    prepare 0.2975    bound 17.3417    transfer 0.1742    finalize 1.3272    
max lb tensor(-934.) min lb tensor(-1138.)
Number of Verified Splits: 0 of 256
Current worst splitting domains lb-rhs (depth):
-1138.00000 (33), -1138.00000 (11), -1138.00000 (25), -1138.00000 (23), -1138.00000 (15), -1138.00000 (9), -1138.00000 (17), -1138.00000 (26), -1138.00000 (31), -1138.00000 (30), -1138.00000 (13), -1138.00000 (12), -1138.00000 (19), -1138.00000 (4), -1138.00000 (7), -1138.00000 (27), -1138.00000 (18), -1138.00000 (34), -1138.00000 (32), -1138.00000 (20), 
Length of domains: 4264
Current (lb-rhs): -1138.0
8444 domains visited
Time: pickout 0.0136    decision 0.1275    set_bounds 0.0051    solve 0.7942    add 0.0414    
Accumulated time: pickout 0.4892    decision 6.4452    set_bounds 0.1791    solve 18.9831    add 2.7598    
Cumulative time: 28.96563458442688

BaB round 35
batch: 128
splitting decisions: 
split level 0: [/74, 605] [/74, 166] [/74, 281] [/74, 245] [/74, 245] [/74, 704] [/74, 245] [/74, 704] [/74, 547] [/74, 317] 
best_l after optimization: -265817.3125
beta sum per layer: [0.0, 0.0, 0.0, 1.3826546669006348]
alpha/beta optimization time: 0.6843688488006592
pruning_in_iteration open status: False
ratio of positive domain = 0 / 256 = 0.0
pruning-in-iteration extra time: 0.002263784408569336
torch.Size([256, 1])
Time: prepare 0.0029    bound 0.6879    transfer 0.0065    finalize 0.0136    func 0.7110    
Accumulated time: func 19.6758    prepare 0.3226    bound 18.0296    transfer 0.1807    finalize 1.3409    
max lb tensor(-934.) min lb tensor(-1138.)
Number of Verified Splits: 0 of 256
Current worst splitting domains lb-rhs (depth):
-1138.00000 (25), -1138.00000 (25), -1138.00000 (9), -1138.00000 (32), -1138.00000 (23), -1138.00000 (8), -1138.00000 (18), -1138.00000 (3), -1138.00000 (32), -1138.00000 (18), -1138.00000 (8), -1138.00000 (19), -1138.00000 (8), -1138.00000 (33), -1138.00000 (7), -1138.00000 (25), -1138.00000 (19), -1138.00000 (35), -1138.00000 (3), -1138.00000 (31), 
Length of domains: 4392
Current (lb-rhs): -1138.0
8700 domains visited
Time: pickout 0.0249    decision 0.3565    set_bounds 0.0052    solve 0.7115    add 0.0413    
Accumulated time: pickout 0.5141    decision 6.8018    set_bounds 0.1843    solve 19.6946    add 2.8010    
Cumulative time: 30.105406999588013

BaB round 36
batch: 128
splitting decisions: 
split level 0: [/74, 766] [/74, 947] [/74, 842] [/74, 1001] [/74, 1001] [/74, 470] [/74, 1001] [/74, 262] [/74, 385] [/74, 704] 
best_l after optimization: -265817.09375
beta sum per layer: [0.0, 0.0, 0.0, 1.5306339263916016]
alpha/beta optimization time: 0.3649563789367676
pruning_in_iteration open status: False
ratio of positive domain = 0 / 256 = 0.0
pruning-in-iteration extra time: 0.00010538101196289062
torch.Size([256, 1])
Time: prepare 0.0030    bound 0.3664    transfer 0.0046    finalize 0.0186    func 0.3926    
Accumulated time: func 20.0684    prepare 0.3496    bound 18.3960    transfer 0.1853    finalize 1.3595    
max lb tensor(-934.) min lb tensor(-1138.)
Number of Verified Splits: 0 of 256
Current worst splitting domains lb-rhs (depth):
-1138.00000 (26), -1138.00000 (16), -1138.00000 (23), -1138.00000 (25), -1138.00000 (36), -1138.00000 (32), -1138.00000 (14), -1138.00000 (9), -1138.00000 (36), -1138.00000 (5), -1138.00000 (3), -1138.00000 (8), -1138.00000 (10), -1138.00000 (5), -1138.00000 (34), -1138.00000 (20), -1138.00000 (23), -1138.00000 (8), -1138.00000 (29), -1138.00000 (3), 
Length of domains: 4520
Current (lb-rhs): -1138.0
8956 domains visited
Time: pickout 0.0128    decision 0.3958    set_bounds 0.0052    solve 0.3931    add 0.0400    
Accumulated time: pickout 0.5269    decision 7.1976    set_bounds 0.1894    solve 20.0877    add 2.8410    
Cumulative time: 30.95265293121338

BaB round 37
batch: 128
splitting decisions: 
split level 0: [/74, 534] [/74, 383] [/74, 22] [/74, 1016] [/74, 766] [/74, 842] [/74, 899] [/74, 281] [/74, 281] [/74, 262] 
best_l after optimization: -265817.90625
beta sum per layer: [0.0, 0.0, 0.0, 1.4333614110946655]
alpha/beta optimization time: 0.7733132839202881
pruning_in_iteration open status: False
ratio of positive domain = 0 / 256 = 0.0
pruning-in-iteration extra time: 4.3392181396484375e-05
torch.Size([256, 1])
Time: prepare 0.0029    bound 0.7747    transfer 0.0042    finalize 0.0129    func 0.7946    
Accumulated time: func 20.8630    prepare 0.3536    bound 19.1706    transfer 0.1895    finalize 1.3724    
max lb tensor(-934.) min lb tensor(-1138.)
Number of Verified Splits: 0 of 256
Current worst splitting domains lb-rhs (depth):
-1138.00000 (36), -1138.00000 (12), -1138.00000 (6), -1138.00000 (19), -1138.00000 (12), -1138.00000 (3), -1138.00000 (16), -1138.00000 (31), -1138.00000 (6), -1138.00000 (36), -1138.00000 (22), -1138.00000 (13), -1138.00000 (19), -1138.00000 (18), -1138.00000 (27), -1138.00000 (31), -1138.00000 (5), -1138.00000 (13), -1138.00000 (32), -1138.00000 (16), 
Length of domains: 4648
Current (lb-rhs): -1138.0
9212 domains visited
Time: pickout 0.0135    decision 0.1294    set_bounds 0.0052    solve 0.7951    add 0.0366    
Accumulated time: pickout 0.5403    decision 7.3270    set_bounds 0.1946    solve 20.8828    add 2.8776    
Cumulative time: 31.932778358459473

BaB round 38
batch: 128
splitting decisions: 
split level 0: [/74, 471] [/74, 763] [/74, 109] [/74, 534] [/74, 534] [/74, 109] [/74, 137] [/74, 392] [/74, 842] [/74, 470] 
best_l after optimization: -265817.34375
beta sum per layer: [0.0, 0.0, 0.0, 1.3885881900787354]
alpha/beta optimization time: 0.6310029029846191
pruning_in_iteration open status: False
ratio of positive domain = 0 / 256 = 0.0
pruning-in-iteration extra time: 0.002418041229248047
torch.Size([256, 1])
Time: prepare 0.0032    bound 0.6349    transfer 0.0070    finalize 0.0140    func 0.6592    
Accumulated time: func 21.5223    prepare 0.3739    bound 19.8056    transfer 0.1965    finalize 1.3864    
max lb tensor(-934.) min lb tensor(-1138.)
Number of Verified Splits: 0 of 256
Current worst splitting domains lb-rhs (depth):
-1138.00000 (6), -1138.00000 (3), -1138.00000 (20), -1138.00000 (38), -1138.00000 (38), -1138.00000 (7), -1138.00000 (21), -1138.00000 (32), -1138.00000 (25), -1138.00000 (34), -1138.00000 (35), -1138.00000 (17), -1138.00000 (17), -1138.00000 (23), -1138.00000 (32), -1138.00000 (27), -1138.00000 (34), -1138.00000 (10), -1138.00000 (12), -1138.00000 (22), 
Length of domains: 4776
Current (lb-rhs): -1138.0
9468 domains visited
Time: pickout 0.0236    decision 0.3261    set_bounds 0.0053    solve 0.6597    add 0.0421    
Accumulated time: pickout 0.5639    decision 7.6531    set_bounds 0.2000    solve 21.5425    add 2.9197    
Cumulative time: 32.99003267288208

BaB round 39
batch: 128
splitting decisions: 
split level 0: [/74, 43] [/74, 245] [/74, 847] [/74, 205] [/74, 925] [/74, 847] [/74, 31] [/74, 842] [/74, 22] [/74, 842] 
best_l after optimization: -265817.4375
beta sum per layer: [0.0, 0.0, 0.0, 1.4815130233764648]
alpha/beta optimization time: 0.6611793041229248
pruning_in_iteration open status: False
ratio of positive domain = 0 / 256 = 0.0
pruning-in-iteration extra time: 0.0002551078796386719
torch.Size([256, 1])
Time: prepare 0.0120    bound 0.6628    transfer 0.0043    finalize 0.0138    func 0.6929    
Accumulated time: func 22.2152    prepare 0.4007    bound 20.4684    transfer 0.2008    finalize 1.4001    
max lb tensor(-934.) min lb tensor(-1138.)
Number of Verified Splits: 0 of 256
Current worst splitting domains lb-rhs (depth):
-1138.00000 (3), -1138.00000 (35), -1138.00000 (27), -1138.00000 (28), -1138.00000 (12), -1138.00000 (39), -1138.00000 (18), -1138.00000 (31), -1138.00000 (33), -1138.00000 (9), -1138.00000 (20), -1138.00000 (24), -1138.00000 (37), -1138.00000 (14), -1138.00000 (7), -1138.00000 (30), -1138.00000 (39), -1138.00000 (31), -1138.00000 (22), -1138.00000 (23), 
Length of domains: 4904
Current (lb-rhs): -1138.0
9724 domains visited
Time: pickout 0.0250    decision 0.3064    set_bounds 0.0053    solve 0.6934    add 0.0447    
Accumulated time: pickout 0.5889    decision 7.9596    set_bounds 0.2053    solve 22.2359    add 2.9645    
Cumulative time: 34.0653760433197

BaB round 40
batch: 128
splitting decisions: 
split level 0: [/74, 932] [/74, 1001] [/74, 394] [/74, 925] [/74, 137] [/74, 166] [/74, 471] [/74, 109] [/74, 868] [/74, 22] 
best_l after optimization: -265817.5
beta sum per layer: [0.0, 0.0, 0.0, 1.4222242832183838]
alpha/beta optimization time: 0.673429012298584
pruning_in_iteration open status: False
ratio of positive domain = 0 / 256 = 0.0
pruning-in-iteration extra time: 4.1484832763671875e-05
torch.Size([256, 1])
Time: prepare 0.0040    bound 0.6749    transfer 0.0047    finalize 0.0150    func 0.6987    
Accumulated time: func 22.9138    prepare 0.4165    bound 21.1433    transfer 0.2055    finalize 1.4152    
max lb tensor(-934.) min lb tensor(-1138.)
Number of Verified Splits: 0 of 256
Current worst splitting domains lb-rhs (depth):
-1138.00000 (34), -1138.00000 (24), -1138.00000 (9), -1138.00000 (39), -1138.00000 (21), -1138.00000 (29), -1138.00000 (33), -1138.00000 (36), -1138.00000 (38), -1138.00000 (40), -1138.00000 (40), -1138.00000 (3), -1138.00000 (32), -1138.00000 (29), -1138.00000 (19), -1138.00000 (21), -1138.00000 (15), -1138.00000 (10), -1138.00000 (35), -1138.00000 (14), 
Length of domains: 5032
Current (lb-rhs): -1138.0
9980 domains visited
Time: pickout 0.0243    decision 0.3540    set_bounds 0.0096    solve 0.6992    add 0.0416    
Accumulated time: pickout 0.6132    decision 8.3136    set_bounds 0.2149    solve 22.9351    add 3.0061    
Cumulative time: 35.19443702697754

BaB round 41
batch: 128
splitting decisions: 
split level 0: [/74, 0] [/74, 605] [/74, 947] [/74, 115] [/74, 43] [/74, 383] [/74, 0] [/74, 847] [/74, 394] [/74, 847] 
best_l after optimization: -265817.1875
beta sum per layer: [0.0, 0.0, 0.0, 1.4942266941070557]
alpha/beta optimization time: 0.714564323425293
pruning_in_iteration open status: False
ratio of positive domain = 0 / 256 = 0.0
pruning-in-iteration extra time: 0.002368927001953125
torch.Size([256, 1])
Time: prepare 0.0034    bound 0.7183    transfer 0.0062    finalize 0.0136    func 0.7416    
Accumulated time: func 23.6554    prepare 0.4279    bound 21.8616    transfer 0.2117    finalize 1.4288    
max lb tensor(-934.) min lb tensor(-1138.)
Number of Verified Splits: 0 of 256
Current worst splitting domains lb-rhs (depth):
-1138.00000 (17), -1138.00000 (7), -1138.00000 (24), -1138.00000 (26), -1138.00000 (30), -1138.00000 (34), -1138.00000 (10), -1138.00000 (3), -1138.00000 (4), -1138.00000 (32), -1138.00000 (27), -1138.00000 (26), -1138.00000 (14), -1138.00000 (7), -1138.00000 (37), -1138.00000 (22), -1138.00000 (20), -1138.00000 (25), -1138.00000 (41), -1138.00000 (41), 
Length of domains: 5160
Current (lb-rhs): -1138.0
10236 domains visited
Time: pickout 0.0250    decision 0.3431    set_bounds 0.0077    solve 0.7421    add 0.0382    
Accumulated time: pickout 0.6382    decision 8.6566    set_bounds 0.2226    solve 23.6773    add 3.0443    
Cumulative time: 36.35109186172485

BaB round 42
batch: 128
splitting decisions: 
split level 0: [/74, 861] [/74, 925] [/74, 421] [/74, 137] [/74, 96] [/74, 245] [/74, 861] [/74, 868] [/74, 369] [/74, 868] 
best_l after optimization: -265817.75
beta sum per layer: [0.0, 0.0, 0.0, 1.4624147415161133]
alpha/beta optimization time: 0.5933122634887695
pruning_in_iteration open status: False
ratio of positive domain = 0 / 256 = 0.0
pruning-in-iteration extra time: 0.00012135505676269531
torch.Size([256, 1])
Time: prepare 0.0030    bound 0.5948    transfer 0.0048    finalize 0.0149    func 0.6175    
Accumulated time: func 24.2729    prepare 0.4400    bound 22.4563    transfer 0.2165    finalize 1.4436    
max lb tensor(-934.) min lb tensor(-1138.)
Number of Verified Splits: 0 of 256
Current worst splitting domains lb-rhs (depth):
-1138.00000 (13), -1138.00000 (12), -1138.00000 (38), -1138.00000 (6), -1138.00000 (19), -1138.00000 (41), -1138.00000 (10), -1138.00000 (18), -1138.00000 (27), -1138.00000 (17), -1138.00000 (34), -1138.00000 (29), -1138.00000 (6), -1138.00000 (39), -1138.00000 (25), -1138.00000 (30), -1138.00000 (33), -1138.00000 (33), -1138.00000 (34), -1138.00000 (6), 
Length of domains: 5288
Current (lb-rhs): -1138.0
10492 domains visited
Time: pickout 0.0233    decision 0.1702    set_bounds 0.0053    solve 0.6179    add 0.0432    
Accumulated time: pickout 0.6615    decision 8.8268    set_bounds 0.2279    solve 24.2952    add 3.0875    
Cumulative time: 37.211426734924316

BaB round 43
batch: 128
splitting decisions: 
split level 0: [/74, 976] [/74, 115] [/74, 763] [/74, 471] [/74, 932] [/74, 899] [/74, 229] [/74, 369] [/74, 166] [/74, 166] 
best_l after optimization: -265817.4375
beta sum per layer: [0.0, 0.0, 0.0, 1.4594194889068604]
alpha/beta optimization time: 0.7029867172241211
pruning_in_iteration open status: False
ratio of positive domain = 0 / 256 = 0.0
pruning-in-iteration extra time: 4.029273986816406e-05
torch.Size([256, 1])
Time: prepare 0.0116    bound 0.7044    transfer 0.0050    finalize 0.0169    func 0.7379    
Accumulated time: func 25.0108    prepare 0.4618    bound 23.1608    transfer 0.2215    finalize 1.4605    
max lb tensor(-934.) min lb tensor(-1138.)
Number of Verified Splits: 0 of 256
Current worst splitting domains lb-rhs (depth):
-1138.00000 (26), -1138.00000 (23), -1138.00000 (27), -1138.00000 (35), -1138.00000 (15), -1138.00000 (32), -1138.00000 (25), -1138.00000 (8), -1138.00000 (42), -1138.00000 (15), -1138.00000 (41), -1138.00000 (35), -1138.00000 (16), -1138.00000 (3), -1138.00000 (19), -1138.00000 (5), -1138.00000 (7), -1138.00000 (16), -1138.00000 (8), -1138.00000 (14), 
Length of domains: 5416
Current (lb-rhs): -1138.0
10748 domains visited
Time: pickout 0.0149    decision 0.4092    set_bounds 0.0097    solve 0.7385    add 0.0496    
Accumulated time: pickout 0.6764    decision 9.2361    set_bounds 0.2376    solve 25.0337    add 3.1371    
Cumulative time: 38.43381857872009

BaB round 44
batch: 128
splitting decisions: 
split level 0: [/74, 116] [/74, 137] [/74, 245] [/74, 43] [/74, 229] [/74, 998] [/74, 116] [/74, 383] [/74, 383] [/74, 947] 
best_l after optimization: -265817.1875
beta sum per layer: [0.0, 0.0, 0.0, 1.4459972381591797]
alpha/beta optimization time: 0.8681607246398926
pruning_in_iteration open status: False
ratio of positive domain = 0 / 256 = 0.0
pruning-in-iteration extra time: 0.00011181831359863281
torch.Size([256, 1])
Time: prepare 0.0115    bound 0.8696    transfer 0.0044    finalize 0.0144    func 0.9000    
Accumulated time: func 25.9108    prepare 0.4813    bound 24.0304    transfer 0.2259    finalize 1.4750    
max lb tensor(-934.) min lb tensor(-1138.)
Number of Verified Splits: 0 of 256
Current worst splitting domains lb-rhs (depth):
-1138.00000 (20), -1138.00000 (11), -1138.00000 (3), -1138.00000 (26), -1138.00000 (28), -1138.00000 (20), -1138.00000 (30), -1138.00000 (36), -1138.00000 (20), -1138.00000 (41), -1138.00000 (11), -1138.00000 (12), -1138.00000 (21), -1138.00000 (36), -1138.00000 (44), -1138.00000 (6), -1138.00000 (40), -1138.00000 (12), -1138.00000 (19), -1138.00000 (4), 
Length of domains: 5544
Current (lb-rhs): -1138.0
11004 domains visited
Time: pickout 0.0140    decision 0.2674    set_bounds 0.0098    solve 0.9005    add 0.0468    
Accumulated time: pickout 0.6905    decision 9.5035    set_bounds 0.2474    solve 25.9342    add 3.1838    
Cumulative time: 39.67278599739075

BaB round 45
batch: 128
splitting decisions: 
split level 0: [/74, 16] [/74, 31] [/74, 1001] [/74, 96] [/74, 769] [/74, 1016] [/74, 438] [/74, 763] [/74, 245] [/74, 383] 
best_l after optimization: -265817.0
beta sum per layer: [0.0, 0.0, 0.0, 1.5469263792037964]
alpha/beta optimization time: 0.7740154266357422
pruning_in_iteration open status: False
ratio of positive domain = 0 / 256 = 0.0
pruning-in-iteration extra time: 4.3392181396484375e-05
torch.Size([256, 1])
Time: prepare 0.0029    bound 0.7754    transfer 0.0040    finalize 0.1558    func 0.9382    
Accumulated time: func 26.8490    prepare 0.4854    bound 24.8058    transfer 0.2299    finalize 1.6307    
max lb tensor(-934.) min lb tensor(-1138.)
Number of Verified Splits: 0 of 256
Current worst splitting domains lb-rhs (depth):
-1138.00000 (45), -1138.00000 (15), -1138.00000 (41), -1138.00000 (30), -1138.00000 (10), -1138.00000 (37), -1138.00000 (21), -1138.00000 (25), -1138.00000 (20), -1138.00000 (32), -1138.00000 (12), -1138.00000 (10), -1138.00000 (15), -1138.00000 (6), -1138.00000 (34), -1138.00000 (31), -1138.00000 (20), -1138.00000 (25), -1138.00000 (19), -1138.00000 (19), 
Length of domains: 5672
Current (lb-rhs): -1138.0
11260 domains visited
Time: pickout 0.0139    decision 0.1329    set_bounds 0.0051    solve 0.9386    add 0.0398    
Accumulated time: pickout 0.7044    decision 9.6364    set_bounds 0.2526    solve 26.8729    add 3.2236    
Cumulative time: 40.80355715751648

BaB round 46
batch: 128
splitting decisions: 
split level 0: [/74, 927] [/74, 471] [/74, 998] [/74, 0] [/74, 116] [/74, 534] [/74, 197] [/74, 1001] [/74, 899] [/74, 245] 
best_l after optimization: -265817.59375
beta sum per layer: [0.0, 0.0, 0.0, 1.4799187183380127]
alpha/beta optimization time: 0.6311557292938232
pruning_in_iteration open status: False
ratio of positive domain = 0 / 256 = 0.0
pruning-in-iteration extra time: 0.0023834705352783203
torch.Size([256, 1])
Time: prepare 0.0029    bound 0.6349    transfer 0.0066    finalize 0.0140    func 0.6584    
Accumulated time: func 27.5074    prepare 0.5117    bound 25.4406    transfer 0.2365    finalize 1.6447    
max lb tensor(-934.) min lb tensor(-1138.)
Number of Verified Splits: 0 of 256
Current worst splitting domains lb-rhs (depth):
-1138.00000 (42), -1138.00000 (41), -1138.00000 (46), -1138.00000 (25), -1138.00000 (20), -1138.00000 (36), -1138.00000 (22), -1138.00000 (25), -1138.00000 (23), -1138.00000 (33), -1138.00000 (10), -1138.00000 (16), -1138.00000 (30), -1138.00000 (35), -1138.00000 (5), -1138.00000 (7), -1138.00000 (46), -1138.00000 (30), -1138.00000 (6), -1138.00000 (14), 
Length of domains: 5800
Current (lb-rhs): -1138.0
11516 domains visited
Time: pickout 0.0222    decision 0.3410    set_bounds 0.0050    solve 0.6589    add 0.0460    
Accumulated time: pickout 0.7265    decision 9.9774    set_bounds 0.2576    solve 27.5318    add 3.2696    
Cumulative time: 41.877066135406494

BaB round 47
batch: 128
splitting decisions: 
split level 0: [/74, 438] [/74, 43] [/74, 766] [/74, 951] [/74, 16] [/74, 205] [/74, 208] [/74, 998] [/74, 766] [/74, 1001] 
best_l after optimization: -265817.3125
beta sum per layer: [0.0, 0.0, 0.0, 1.459769368171692]
alpha/beta optimization time: 0.5139937400817871
pruning_in_iteration open status: False
ratio of positive domain = 0 / 256 = 0.0
pruning-in-iteration extra time: 4.863739013671875e-05
torch.Size([256, 1])
Time: prepare 0.0047    bound 0.5154    transfer 0.0043    finalize 0.0140    func 0.5384    
Accumulated time: func 28.0458    prepare 0.5317    bound 25.9560    transfer 0.2408    finalize 1.6587    
max lb tensor(-934.) min lb tensor(-1138.)
Number of Verified Splits: 0 of 256
Current worst splitting domains lb-rhs (depth):
-1138.00000 (47), -1138.00000 (25), -1138.00000 (36), -1138.00000 (11), -1138.00000 (16), -1138.00000 (19), -1138.00000 (32), -1138.00000 (6), -1138.00000 (46), -1138.00000 (25), -1138.00000 (42), -1138.00000 (6), -1138.00000 (30), -1138.00000 (19), -1138.00000 (37), -1138.00000 (11), -1138.00000 (39), -1138.00000 (28), -1138.00000 (3), -1138.00000 (5), 
Length of domains: 5928
Current (lb-rhs): -1138.0
11772 domains visited
Time: pickout 0.0246    decision 0.3303    set_bounds 0.0080    solve 0.5389    add 0.0427    
Accumulated time: pickout 0.7511    decision 10.3077    set_bounds 0.2656    solve 28.0706    add 3.3123    
Cumulative time: 42.82199478149414

BaB round 48
batch: 128
splitting decisions: 
split level 0: [/74, 197] [/74, 932] [/74, 534] [/74, 976] [/74, 927] [/74, 115] [/74, 795] [/74, 205] [/74, 205] [/74, 605] 
best_l after optimization: -265817.125
beta sum per layer: [0.0, 0.0, 0.0, 1.5788966417312622]
alpha/beta optimization time: 0.6234407424926758
pruning_in_iteration open status: False
ratio of positive domain = 0 / 256 = 0.0
pruning-in-iteration extra time: 8.821487426757812e-05
torch.Size([256, 1])
Time: prepare 0.0030    bound 0.6249    transfer 0.0040    finalize 0.0135    func 0.6453    
Accumulated time: func 28.6911    prepare 0.5391    bound 26.5809    transfer 0.2447    finalize 1.6722    
max lb tensor(-934.) min lb tensor(-1138.)
Number of Verified Splits: 0 of 256
Current worst splitting domains lb-rhs (depth):
-1138.00000 (26), -1138.00000 (16), -1138.00000 (13), -1138.00000 (31), -1138.00000 (25), -1138.00000 (40), -1138.00000 (48), -1138.00000 (41), -1138.00000 (15), -1138.00000 (34), -1138.00000 (18), -1138.00000 (24), -1138.00000 (12), -1138.00000 (32), -1138.00000 (22), -1138.00000 (27), -1138.00000 (8), -1138.00000 (11), -1138.00000 (47), -1138.00000 (10), 
Length of domains: 6056
Current (lb-rhs): -1138.0
12028 domains visited
Time: pickout 0.0268    decision 0.4012    set_bounds 0.0053    solve 0.6458    add 0.0472    
Accumulated time: pickout 0.7780    decision 10.7088    set_bounds 0.2709    solve 28.7164    add 3.3594    
Cumulative time: 43.948688983917236

BaB round 49
batch: 128
splitting decisions: 
split level 0: [/74, 795] [/74, 861] [/74, 205] [/74, 229] [/74, 208] [/74, 471] [/74, 628] [/74, 925] [/74, 925] [/74, 1016] 
best_l after optimization: -265817.8125
beta sum per layer: [0.0, 0.0, 0.0, 1.5214829444885254]
alpha/beta optimization time: 0.6605405807495117
pruning_in_iteration open status: False
ratio of positive domain = 0 / 256 = 0.0
pruning-in-iteration extra time: 3.695487976074219e-05
torch.Size([256, 1])
Time: prepare 0.0043    bound 0.6619    transfer 0.0048    finalize 0.0167    func 0.6878    
Accumulated time: func 29.3789    prepare 0.5791    bound 27.2427    transfer 0.2495    finalize 1.6889    
max lb tensor(-934.) min lb tensor(-1138.)
Number of Verified Splits: 0 of 256
Current worst splitting domains lb-rhs (depth):
-1138.00000 (30), -1138.00000 (44), -1138.00000 (39), -1138.00000 (11), -1138.00000 (28), -1138.00000 (24), -1138.00000 (18), -1138.00000 (7), -1138.00000 (4), -1138.00000 (39), -1138.00000 (35), -1138.00000 (27), -1138.00000 (11), -1138.00000 (44), -1138.00000 (49), -1138.00000 (49), -1138.00000 (33), -1138.00000 (18), -1138.00000 (24), -1138.00000 (40), 
Length of domains: 6184
Current (lb-rhs): -1138.0
12284 domains visited
Time: pickout 0.0252    decision 0.4613    set_bounds 0.0077    solve 0.6882    add 0.0432    
Accumulated time: pickout 0.8031    decision 11.1701    set_bounds 0.2786    solve 29.4046    add 3.4027    
Cumulative time: 45.17470574378967

BaB round 50
batch: 128
splitting decisions: 
split level 0: [/74, 396] [/74, 438] [/74, 115] [/74, 16] [/74, 795] [/74, 43] [/74, 539] [/74, 115] [/74, 115] [/74, 925] 
best_l after optimization: -265817.4375
beta sum per layer: [0.0, 0.0, 0.0, 1.467969536781311]
alpha/beta optimization time: 0.6610419750213623
pruning_in_iteration open status: False
ratio of positive domain = 0 / 256 = 0.0
pruning-in-iteration extra time: 0.00010251998901367188
torch.Size([256, 1])
Time: prepare 0.0116    bound 0.6625    transfer 0.0047    finalize 0.0155    func 0.6943    
Accumulated time: func 30.0732    prepare 0.5922    bound 27.9052    transfer 0.2542    finalize 1.7044    
max lb tensor(-934.) min lb tensor(-1138.)
Number of Verified Splits: 0 of 256
Current worst splitting domains lb-rhs (depth):
-1138.00000 (26), -1138.00000 (43), -1138.00000 (41), -1138.00000 (35), -1138.00000 (27), -1138.00000 (48), -1138.00000 (29), -1138.00000 (4), -1138.00000 (9), -1138.00000 (30), -1138.00000 (36), -1138.00000 (22), -1138.00000 (13), -1138.00000 (42), -1138.00000 (29), -1138.00000 (18), -1138.00000 (35), -1138.00000 (50), -1138.00000 (46), -1138.00000 (31), 
Length of domains: 6312
Current (lb-rhs): -1138.0
12540 domains visited
Time: pickout 0.0161    decision 0.2242    set_bounds 0.0097    solve 0.6948    add 0.0409    
Accumulated time: pickout 0.8192    decision 11.3943    set_bounds 0.2883    solve 30.0994    add 3.4436    
Cumulative time: 46.160837173461914

BaB round 51
batch: 128
splitting decisions: 
split level 0: [/74, 539] [/74, 208] [/74, 137] [/74, 927] [/74, 396] [/74, 0] [/74, 860] [/74, 137] [/74, 137] [/74, 115] 
best_l after optimization: -265817.1875
beta sum per layer: [0.0, 0.0, 0.0, 1.4515339136123657]
alpha/beta optimization time: 0.5789265632629395
pruning_in_iteration open status: False
ratio of positive domain = 0 / 256 = 0.0
pruning-in-iteration extra time: 0.0023813247680664062
torch.Size([256, 1])
Time: prepare 0.0029    bound 0.5826    transfer 0.0062    finalize 0.0131    func 0.6050    
Accumulated time: func 30.6782    prepare 0.6140    bound 28.4878    transfer 0.2604    finalize 1.7176    
max lb tensor(-934.) min lb tensor(-1138.)
Number of Verified Splits: 0 of 256
Current worst splitting domains lb-rhs (depth):
-1138.00000 (48), -1138.00000 (15), -1138.00000 (37), -1138.00000 (39), -1138.00000 (8), -1138.00000 (18), -1138.00000 (45), -1138.00000 (42), -1138.00000 (51), -1138.00000 (5), -1138.00000 (33), -1138.00000 (21), -1138.00000 (11), -1138.00000 (31), -1138.00000 (47), -1138.00000 (26), -1138.00000 (20), -1138.00000 (3), -1138.00000 (45), -1138.00000 (8), 
Length of domains: 6440
Current (lb-rhs): -1138.0
12796 domains visited
Time: pickout 0.0149    decision 0.3999    set_bounds 0.0052    solve 0.6054    add 0.0370    
Accumulated time: pickout 0.8341    decision 11.7943    set_bounds 0.2935    solve 30.7049    add 3.4806    
Cumulative time: 47.223734855651855

BaB round 52
batch: 128
splitting decisions: 
split level 0: [/74, 566] [/74, 396] [/74, 471] [/74, 197] [/74, 860] [/74, 861] [/74, 306] [/74, 31] [/74, 31] [/74, 31] 
best_l after optimization: -265817.1875
beta sum per layer: [0.0, 0.0, 0.0, 1.4448832273483276]
alpha/beta optimization time: 0.62654709815979
pruning_in_iteration open status: False
ratio of positive domain = 0 / 256 = 0.0
pruning-in-iteration extra time: 4.4345855712890625e-05
torch.Size([256, 1])
Time: prepare 0.0029    bound 0.6279    transfer 0.0050    finalize 0.0160    func 0.6517    
Accumulated time: func 31.3299    prepare 0.6331    bound 29.1157    transfer 0.2654    finalize 1.7335    
max lb tensor(-934.) min lb tensor(-1138.)
Number of Verified Splits: 0 of 256
Current worst splitting domains lb-rhs (depth):
-1138.00000 (3), -1138.00000 (6), -1138.00000 (20), -1138.00000 (47), -1138.00000 (17), -1138.00000 (39), -1138.00000 (32), -1138.00000 (12), -1138.00000 (46), -1138.00000 (52), -1138.00000 (14), -1138.00000 (49), -1138.00000 (50), -1138.00000 (20), -1138.00000 (5), -1138.00000 (34), -1138.00000 (44), -1138.00000 (43), -1138.00000 (25), -1138.00000 (16), 
Length of domains: 6568
Current (lb-rhs): -1138.0
13052 domains visited
Time: pickout 0.0251    decision 0.2268    set_bounds 0.0052    solve 0.6522    add 0.0404    
Accumulated time: pickout 0.8592    decision 12.0210    set_bounds 0.2987    solve 31.3571    add 3.5210    
Cumulative time: 48.173877477645874

BaB round 53
batch: 128
splitting decisions: 
split level 0: [/74, 860] [/74, 628] [/74, 96] [/74, 208] [/74, 306] [/74, 976] [/74, 826] [/74, 471] [/74, 471] [/74, 43] 
best_l after optimization: -265816.96875
beta sum per layer: [0.0, 0.0, 0.0, 1.6055781841278076]
alpha/beta optimization time: 0.3588898181915283
pruning_in_iteration open status: False
ratio of positive domain = 0 / 256 = 0.0
pruning-in-iteration extra time: 9.179115295410156e-05
torch.Size([256, 1])
Time: prepare 0.0031    bound 0.3603    transfer 0.0048    finalize 0.0159    func 0.3841    
Accumulated time: func 31.7140    prepare 0.6373    bound 29.4760    transfer 0.2702    finalize 1.7494    
max lb tensor(-934.) min lb tensor(-1138.)
Number of Verified Splits: 0 of 256
Current worst splitting domains lb-rhs (depth):
-1138.00000 (18), -1138.00000 (23), -1138.00000 (49), -1138.00000 (28), -1138.00000 (10), -1138.00000 (40), -1138.00000 (4), -1138.00000 (33), -1138.00000 (22), -1138.00000 (44), -1138.00000 (47), -1138.00000 (53), -1138.00000 (17), -1138.00000 (36), -1138.00000 (35), -1138.00000 (22), -1138.00000 (52), -1138.00000 (12), -1138.00000 (49), -1138.00000 (3), 
Length of domains: 6696
Current (lb-rhs): -1138.0
13308 domains visited
Time: pickout 0.0168    decision 0.1309    set_bounds 0.0055    solve 0.3846    add 0.0410    
Accumulated time: pickout 0.8760    decision 12.1519    set_bounds 0.3042    solve 31.7417    add 3.5620    
Cumulative time: 48.75317645072937

BaB round 54
batch: 128
splitting decisions: 
split level 0: [/74, 306] [/74, 539] [/74, 0] [/74, 795] [/74, 902] [/74, 769] [/74, 983] [/74, 43] [/74, 43] [/74, 96] 
best_l after optimization: -265817.75
beta sum per layer: [0.0, 0.0, 0.0, 1.5124117136001587]
alpha/beta optimization time: 0.7993760108947754
pruning_in_iteration open status: False
ratio of positive domain = 0 / 256 = 0.0
pruning-in-iteration extra time: 4.2438507080078125e-05
torch.Size([256, 1])
Time: prepare 0.0118    bound 0.8008    transfer 0.0049    finalize 0.0152    func 0.8326    
Accumulated time: func 32.5466    prepare 0.6644    bound 30.2768    transfer 0.2751    finalize 1.7646    
max lb tensor(-934.) min lb tensor(-1138.)
Number of Verified Splits: 0 of 256
Current worst splitting domains lb-rhs (depth):
-1138.00000 (47), -1138.00000 (30), -1138.00000 (51), -1138.00000 (11), -1138.00000 (54), -1138.00000 (37), -1138.00000 (48), -1138.00000 (25), -1138.00000 (13), -1138.00000 (18), -1138.00000 (21), -1138.00000 (40), -1138.00000 (30), -1138.00000 (38), -1138.00000 (23), -1138.00000 (43), -1138.00000 (34), -1138.00000 (44), -1138.00000 (11), -1138.00000 (41), 
Length of domains: 6824
Current (lb-rhs): -1138.0
13564 domains visited
Time: pickout 0.0190    decision 0.3315    set_bounds 0.0099    solve 0.8331    add 0.0436    
Accumulated time: pickout 0.8949    decision 12.4834    set_bounds 0.3141    solve 32.5748    add 3.6055    
Cumulative time: 49.99069380760193

BaB round 55
batch: 128
splitting decisions: 
split level 0: [/74, 902] [/74, 566] [/74, 861] [/74, 539] [/74, 983] [/74, 116] [/74, 286] [/74, 96] [/74, 96] [/74, 932] 
best_l after optimization: -265817.4375
beta sum per layer: [0.0, 0.0, 0.0, 1.7357239723205566]
alpha/beta optimization time: 0.9077956676483154
pruning_in_iteration open status: False
ratio of positive domain = 0 / 256 = 0.0
pruning-in-iteration extra time: 3.552436828613281e-05
torch.Size([256, 1])
Time: prepare 0.0116    bound 0.9092    transfer 0.0047    finalize 0.0156    func 0.9412    
Accumulated time: func 33.4879    prepare 0.6775    bound 31.1860    transfer 0.2798    finalize 1.7803    
max lb tensor(-934.) min lb tensor(-1138.)
Number of Verified Splits: 0 of 256
Current worst splitting domains lb-rhs (depth):
-1138.00000 (37), -1138.00000 (8), -1138.00000 (29), -1138.00000 (37), -1138.00000 (53), -1138.00000 (21), -1138.00000 (7), -1138.00000 (30), -1138.00000 (18), -1138.00000 (53), -1138.00000 (46), -1138.00000 (7), -1138.00000 (30), -1138.00000 (7), -1138.00000 (53), -1138.00000 (30), -1138.00000 (44), -1138.00000 (37), -1138.00000 (6), -1138.00000 (21), 
Length of domains: 6952
Current (lb-rhs): -1138.0
13820 domains visited
Time: pickout 0.0163    decision 0.2009    set_bounds 0.0097    solve 0.9416    add 0.0393    
Accumulated time: pickout 0.9112    decision 12.6843    set_bounds 0.3238    solve 33.5165    add 3.6448    
Cumulative time: 51.19898986816406

BaB round 56
batch: 128
splitting decisions: 
split level 0: [/74, 888] [/74, 860] [/74, 951] [/74, 306] [/74, 888] [/74, 927] [/74, 185] [/74, 932] [/74, 932] [/74, 0] 
best_l after optimization: -265818.3125
beta sum per layer: [0.0, 0.0, 0.0, 1.5342302322387695]
alpha/beta optimization time: 0.7838995456695557
pruning_in_iteration open status: False
ratio of positive domain = 0 / 256 = 0.0
pruning-in-iteration extra time: 4.5299530029296875e-05
torch.Size([256, 1])
Time: prepare 0.0030    bound 0.7856    transfer 0.0061    finalize 0.0185    func 0.8132    
Accumulated time: func 34.3011    prepare 0.6815    bound 31.9716    transfer 0.2859    finalize 1.7988    
max lb tensor(-934.) min lb tensor(-1138.)
Number of Verified Splits: 0 of 256
Current worst splitting domains lb-rhs (depth):
-1138.00000 (24), -1138.00000 (23), -1138.00000 (35), -1138.00000 (41), -1138.00000 (42), -1138.00000 (10), -1138.00000 (23), -1138.00000 (46), -1138.00000 (53), -1138.00000 (10), -1138.00000 (24), -1138.00000 (37), -1138.00000 (10), -1138.00000 (41), -1138.00000 (53), -1138.00000 (34), -1138.00000 (56), -1138.00000 (46), -1138.00000 (54), -1138.00000 (33), 
Length of domains: 7080
Current (lb-rhs): -1138.0
14076 domains visited
Time: pickout 0.0150    decision 0.1313    set_bounds 0.0053    solve 0.8138    add 0.0497    
Accumulated time: pickout 0.9262    decision 12.8156    set_bounds 0.3291    solve 34.3302    add 3.6945    
Cumulative time: 52.21444511413574

BaB round 57
batch: 128
splitting decisions: 
split level 0: [/74, 91] [/74, 826] [/74, 976] [/74, 888] [/74, 91] [/74, 795] [/74, 778] [/74, 976] [/74, 0] [/74, 769] 
best_l after optimization: -265817.71875
beta sum per layer: [0.0, 0.0, 0.0, 1.5006539821624756]
alpha/beta optimization time: 0.7366211414337158
pruning_in_iteration open status: False
ratio of positive domain = 0 / 256 = 0.0
pruning-in-iteration extra time: 0.0023643970489501953
torch.Size([256, 1])
Time: prepare 0.0119    bound 0.7404    transfer 0.0062    finalize 0.0166    func 0.7751    
Accumulated time: func 35.0762    prepare 0.7083    bound 32.7120    transfer 0.2921    finalize 1.8153    
max lb tensor(-934.) min lb tensor(-1138.)
Number of Verified Splits: 0 of 256
Current worst splitting domains lb-rhs (depth):
-1138.00000 (32), -1138.00000 (24), -1138.00000 (47), -1138.00000 (49), -1138.00000 (19), -1138.00000 (8), -1138.00000 (17), -1138.00000 (30), -1138.00000 (55), -1138.00000 (28), -1138.00000 (7), -1138.00000 (48), -1138.00000 (55), -1138.00000 (14), -1138.00000 (39), -1138.00000 (44), -1138.00000 (7), -1138.00000 (36), -1138.00000 (19), -1138.00000 (16), 
Length of domains: 7208
Current (lb-rhs): -1138.0
14332 domains visited
Time: pickout 0.0165    decision 0.3062    set_bounds 0.0055    solve 0.7756    add 0.0424    
Accumulated time: pickout 0.9427    decision 13.1218    set_bounds 0.3346    solve 35.1059    add 3.7369    
Cumulative time: 53.3610782623291

BaB round 58
batch: 128
splitting decisions: 
split level 0: [/74, 481] [/74, 372] [/74, 229] [/74, 91] [/74, 481] [/74, 396] [/74, 933] [/74, 769] [/74, 861] [/74, 197] 
best_l after optimization: -265817.375
beta sum per layer: [0.0, 0.0, 0.0, 1.4846973419189453]
alpha/beta optimization time: 0.7004814147949219
pruning_in_iteration open status: False
ratio of positive domain = 0 / 256 = 0.0
pruning-in-iteration extra time: 8.320808410644531e-05
torch.Size([256, 1])
Time: prepare 0.0030    bound 0.7019    transfer 0.0039    finalize 0.0127    func 0.7215    
Accumulated time: func 35.7977    prepare 0.7310    bound 33.4139    transfer 0.2960    finalize 1.8280    
max lb tensor(-934.) min lb tensor(-1138.)
Number of Verified Splits: 0 of 256
Current worst splitting domains lb-rhs (depth):
-1138.00000 (11), -1138.00000 (15), -1138.00000 (51), -1138.00000 (9), -1138.00000 (27), -1138.00000 (18), -1138.00000 (56), -1138.00000 (42), -1138.00000 (21), -1138.00000 (17), -1138.00000 (3), -1138.00000 (57), -1138.00000 (19), -1138.00000 (14), -1138.00000 (56), -1138.00000 (22), -1138.00000 (28), -1138.00000 (52), -1138.00000 (49), -1138.00000 (25), 
Length of domains: 7336
Current (lb-rhs): -1138.0
14588 domains visited
Time: pickout 0.0139    decision 0.3676    set_bounds 0.0053    solve 0.7220    add 0.0388    
Accumulated time: pickout 0.9565    decision 13.4894    set_bounds 0.3399    solve 35.8278    add 3.7757    
Cumulative time: 54.50913119316101

BaB round 59
batch: 128
splitting decisions: 
split level 0: [/74, 778] [/74, 888] [/74, 927] [/74, 481] [/74, 105] [/74, 566] [/74, 916] [/74, 116] [/74, 976] [/74, 396] 
best_l after optimization: -265817.1875
beta sum per layer: [0.0, 0.0, 0.0, 1.4672091007232666]
alpha/beta optimization time: 0.6986901760101318
pruning_in_iteration open status: False
ratio of positive domain = 0 / 256 = 0.0
pruning-in-iteration extra time: 4.696846008300781e-05
torch.Size([256, 1])
Time: prepare 0.0032    bound 0.7001    transfer 0.0057    finalize 0.0194    func 0.7284    
Accumulated time: func 36.5261    prepare 0.7391    bound 34.1140    transfer 0.3017    finalize 1.8474    
max lb tensor(-934.) min lb tensor(-1138.)
Number of Verified Splits: 0 of 256
Current worst splitting domains lb-rhs (depth):
-1138.00000 (54), -1138.00000 (54), -1138.00000 (15), -1138.00000 (18), -1138.00000 (11), -1138.00000 (35), -1138.00000 (20), -1138.00000 (32), -1138.00000 (58), -1138.00000 (45), -1138.00000 (11), -1138.00000 (41), -1138.00000 (6), -1138.00000 (25), -1138.00000 (3), -1138.00000 (48), -1138.00000 (46), -1138.00000 (12), -1138.00000 (49), -1138.00000 (47), 
Length of domains: 7464
Current (lb-rhs): -1138.0
14844 domains visited
Time: pickout 0.0136    decision 0.3731    set_bounds 0.0055    solve 0.7290    add 0.0413    
Accumulated time: pickout 0.9702    decision 13.8625    set_bounds 0.3454    solve 36.5568    add 3.8170    
Cumulative time: 55.67219543457031

BaB round 60
batch: 128
splitting decisions: 
split level 0: [/74, 105] [/74, 286] [/74, 197] [/74, 185] [/74, 545] [/74, 860] [/74, 500] [/74, 438] [/74, 229] [/74, 628] 
best_l after optimization: -265817.125
beta sum per layer: [0.0, 0.0, 0.0, 1.4593453407287598]
alpha/beta optimization time: 0.5825729370117188
pruning_in_iteration open status: False
ratio of positive domain = 0 / 256 = 0.0
pruning-in-iteration extra time: 0.002424478530883789
torch.Size([256, 1])
Time: prepare 0.0031    bound 0.5864    transfer 0.0061    finalize 0.0132    func 0.6089    
Accumulated time: func 37.1350    prepare 0.7528    bound 34.7003    transfer 0.3078    finalize 1.8606    
max lb tensor(-934.) min lb tensor(-1138.)
Number of Verified Splits: 0 of 256
Current worst splitting domains lb-rhs (depth):
-1138.00000 (29), -1138.00000 (23), -1138.00000 (6), -1138.00000 (54), -1138.00000 (14), -1138.00000 (24), -1138.00000 (20), -1138.00000 (28), -1138.00000 (22), -1138.00000 (17), -1138.00000 (57), -1138.00000 (54), -1138.00000 (3), -1138.00000 (49), -1138.00000 (11), -1138.00000 (25), -1138.00000 (39), -1138.00000 (8), -1138.00000 (42), -1138.00000 (52), 
Length of domains: 7592
Current (lb-rhs): -1138.0
15100 domains visited
Time: pickout 0.0183    decision 0.3832    set_bounds 0.0055    solve 0.6094    add 0.0414    
Accumulated time: pickout 0.9884    decision 14.2457    set_bounds 0.3510    solve 37.1662    add 3.8584    
Cumulative time: 56.730432987213135

BaB round 61
batch: 128
splitting decisions: 
split level 0: [/74, 545] [/74, 481] [/74, 795] [/74, 105] [/74, 764] [/74, 983] [/74, 89] [/74, 197] [/74, 438] [/74, 539] 
best_l after optimization: -265817.0
beta sum per layer: [0.0, 0.0, 0.0, 1.5878294706344604]
alpha/beta optimization time: 0.6407070159912109
pruning_in_iteration open status: False
ratio of positive domain = 0 / 256 = 0.0
pruning-in-iteration extra time: 4.696846008300781e-05
torch.Size([256, 1])
Time: prepare 0.0029    bound 0.6421    transfer 0.0048    finalize 0.0152    func 0.6650    
Accumulated time: func 37.7999    prepare 0.7719    bound 35.3424    transfer 0.3126    finalize 1.8758    
max lb tensor(-934.) min lb tensor(-1138.)
Number of Verified Splits: 0 of 256
Current worst splitting domains lb-rhs (depth):
-1138.00000 (19), -1138.00000 (25), -1138.00000 (60), -1138.00000 (22), -1138.00000 (31), -1138.00000 (12), -1138.00000 (51), -1138.00000 (47), -1138.00000 (55), -1138.00000 (32), -1138.00000 (49), -1138.00000 (6), -1138.00000 (57), -1138.00000 (39), -1138.00000 (35), -1138.00000 (11), -1138.00000 (37), -1138.00000 (14), -1138.00000 (43), -1138.00000 (41), 
Length of domains: 7720
Current (lb-rhs): -1138.0
15356 domains visited
Time: pickout 0.0238    decision 0.2305    set_bounds 0.0053    solve 0.6655    add 0.0445    
Accumulated time: pickout 1.0122    decision 14.4763    set_bounds 0.3563    solve 37.8317    add 3.9029    
Cumulative time: 57.70047736167908

BaB round 62
batch: 128
splitting decisions: 
split level 0: [/74, 299] [/74, 185] [/74, 539] [/74, 933] [/74, 169] [/74, 372] [/74, 290] [/74, 396] [/74, 208] [/74, 566] 
best_l after optimization: -265818.21875
beta sum per layer: [0.0, 0.0, 0.0, 1.5246081352233887]
alpha/beta optimization time: 0.6693704128265381
pruning_in_iteration open status: False
ratio of positive domain = 0 / 256 = 0.0
pruning-in-iteration extra time: 3.933906555175781e-05
torch.Size([256, 1])
Time: prepare 0.0030    bound 0.6709    transfer 0.0042    finalize 0.0138    func 0.6920    
Accumulated time: func 38.4920    prepare 0.8084    bound 36.0133    transfer 0.3169    finalize 1.8896    
max lb tensor(-934.) min lb tensor(-1138.)
Number of Verified Splits: 0 of 256
Current worst splitting domains lb-rhs (depth):
-1138.00000 (38), -1138.00000 (14), -1138.00000 (38), -1138.00000 (45), -1138.00000 (25), -1138.00000 (51), -1138.00000 (14), -1138.00000 (25), -1138.00000 (5), -1138.00000 (57), -1138.00000 (5), -1138.00000 (62), -1138.00000 (25), -1138.00000 (52), -1138.00000 (15), -1138.00000 (39), -1138.00000 (44), -1138.00000 (24), -1138.00000 (5), -1138.00000 (45), 
Length of domains: 7848
Current (lb-rhs): -1138.0
15612 domains visited
Time: pickout 0.0264    decision 0.4844    set_bounds 0.0058    solve 0.6925    add 0.0392    
Accumulated time: pickout 1.0386    decision 14.9606    set_bounds 0.3621    solve 38.5241    add 3.9421    
Cumulative time: 58.94925045967102

BaB round 63
batch: 128
splitting decisions: 
split level 0: [/74, 764] [/74, 778] [/74, 306] [/74, 916] [/74, 791] [/74, 888] [/74, 267] [/74, 539] [/74, 795] [/74, 860] 
best_l after optimization: -265817.8125
beta sum per layer: [0.0, 0.0, 0.0, 1.5054688453674316]
alpha/beta optimization time: 0.8450407981872559
pruning_in_iteration open status: False
ratio of positive domain = 0 / 256 = 0.0
pruning-in-iteration extra time: 0.0002048015594482422
torch.Size([256, 1])
Time: prepare 0.0031    bound 0.8468    transfer 0.0041    finalize 0.1774    func 1.0315    
Accumulated time: func 39.5234    prepare 0.8126    bound 36.8601    transfer 0.3210    finalize 2.0670    
max lb tensor(-934.) min lb tensor(-1138.)
Number of Verified Splits: 0 of 256
Current worst splitting domains lb-rhs (depth):
-1138.00000 (34), -1138.00000 (24), -1138.00000 (10), -1138.00000 (42), -1138.00000 (45), -1138.00000 (57), -1138.00000 (33), -1138.00000 (6), -1138.00000 (62), -1138.00000 (46), -1138.00000 (31), -1138.00000 (20), -1138.00000 (54), -1138.00000 (13), -1138.00000 (17), -1138.00000 (52), -1138.00000 (37), -1138.00000 (26), -1138.00000 (49), -1138.00000 (59), 
Length of domains: 7976
Current (lb-rhs): -1138.0
15868 domains visited
Time: pickout 0.0151    decision 0.1290    set_bounds 0.0055    solve 1.0320    add 0.0408    
Accumulated time: pickout 1.0537    decision 15.0897    set_bounds 0.3676    solve 39.5561    add 3.9830    
Cumulative time: 60.17211318016052

BaB round 64
batch: 128
splitting decisions: 
split level 0: [/74, 290] [/74, 105] [/74, 826] [/74, 764] [/74, 691] [/74, 286] [/74, 338] [/74, 566] [/74, 396] [/74, 826] 
best_l after optimization: -265817.5625
beta sum per layer: [0.0, 0.0, 0.0, 1.489734411239624]
alpha/beta optimization time: 0.7749795913696289
pruning_in_iteration open status: False
ratio of positive domain = 0 / 256 = 0.0
pruning-in-iteration extra time: 0.0001976490020751953
torch.Size([256, 1])
Time: prepare 0.0035    bound 0.7767    transfer 0.0040    finalize 0.0135    func 0.7977    
Accumulated time: func 40.3212    prepare 0.8175    bound 37.6368    transfer 0.3250    finalize 2.0806    
max lb tensor(-934.) min lb tensor(-1138.)
Number of Verified Splits: 0 of 256
Current worst splitting domains lb-rhs (depth):
-1138.00000 (27), -1138.00000 (39), -1138.00000 (32), -1138.00000 (64), -1138.00000 (46), -1138.00000 (11), -1138.00000 (61), -1138.00000 (23), -1138.00000 (4), -1138.00000 (10), -1138.00000 (55), -1138.00000 (39), -1138.00000 (61), -1138.00000 (51), -1138.00000 (10), -1138.00000 (32), -1138.00000 (22), -1138.00000 (23), -1138.00000 (50), -1138.00000 (46), 
Length of domains: 8104
Current (lb-rhs): -1138.0
16124 domains visited
Time: pickout 0.0150    decision 0.1377    set_bounds 0.0064    solve 0.7982    add 0.0415    
Accumulated time: pickout 1.0688    decision 15.2273    set_bounds 0.3740    solve 40.3543    add 4.0244    
Cumulative time: 61.17136907577515

BaB round 65
batch: 128
splitting decisions: 
split level 0: [/74, 169] [/74, 545] [/74, 983] [/74, 500] [/74, 312] [/74, 481] [/74, 153] [/74, 306] [/74, 539] [/74, 983] 
best_l after optimization: -265817.46875
beta sum per layer: [0.0, 0.0, 0.0, 1.7126657962799072]
alpha/beta optimization time: 0.6412463188171387
pruning_in_iteration open status: False
ratio of positive domain = 0 / 256 = 0.0
pruning-in-iteration extra time: 0.00011348724365234375
torch.Size([256, 1])
Time: prepare 0.0031    bound 0.6427    transfer 0.0054    finalize 0.0189    func 0.6702    
Accumulated time: func 40.9913    prepare 0.8428    bound 38.2795    transfer 0.3303    finalize 2.0995    
max lb tensor(-934.) min lb tensor(-1138.)
Number of Verified Splits: 0 of 256
Current worst splitting domains lb-rhs (depth):
-1138.00000 (65), -1138.00000 (48), -1138.00000 (59), -1138.00000 (13), -1138.00000 (4), -1138.00000 (29), -1138.00000 (48), -1138.00000 (14), -1138.00000 (28), -1138.00000 (29), -1138.00000 (58), -1138.00000 (48), -1138.00000 (14), -1138.00000 (28), -1138.00000 (38), -1138.00000 (58), -1138.00000 (14), -1138.00000 (28), -1138.00000 (42), -1138.00000 (37), 
Length of domains: 8232
Current (lb-rhs): -1138.0
16380 domains visited
Time: pickout 0.0244    decision 0.3603    set_bounds 0.0056    solve 0.6707    add 1.6355    
Accumulated time: pickout 1.0932    decision 15.5876    set_bounds 0.3797    solve 41.0250    add 5.6600    
Cumulative time: 63.86838340759277

BaB round 66
batch: 128
splitting decisions: 
split level 0: [/74, 691] [/74, 500] [/74, 91] [/74, 89] [/74, 465] [/74, 778] [/74, 598] [/74, 91] [/74, 566] [/74, 888] 
best_l after optimization: -265818.5
beta sum per layer: [0.0, 0.0, 0.0, 1.5548490285873413]
alpha/beta optimization time: 0.8594894409179688
pruning_in_iteration open status: False
ratio of positive domain = 0 / 256 = 0.0
pruning-in-iteration extra time: 0.0021889209747314453
torch.Size([256, 1])
Time: prepare 0.0031    bound 0.8630    transfer 0.0071    finalize 0.0149    func 0.8882    
Accumulated time: func 41.8795    prepare 0.8471    bound 39.1426    transfer 0.3374    finalize 2.1144    
max lb tensor(-934.) min lb tensor(-1138.)
Number of Verified Splits: 0 of 256
Current worst splitting domains lb-rhs (depth):
-1138.00000 (10), -1138.00000 (66), -1138.00000 (63), -1138.00000 (21), -1138.00000 (32), -1138.00000 (11), -1138.00000 (4), -1138.00000 (36), -1138.00000 (11), -1138.00000 (52), -1138.00000 (63), -1138.00000 (27), -1138.00000 (21), -1138.00000 (32), -1138.00000 (24), -1138.00000 (43), -1138.00000 (11), -1138.00000 (57), -1138.00000 (63), -1138.00000 (10), 
Length of domains: 8360
Current (lb-rhs): -1138.0
16636 domains visited
Time: pickout 0.0153    decision 0.1301    set_bounds 0.0060    solve 0.8886    add 0.0431    
Accumulated time: pickout 1.1085    decision 15.7176    set_bounds 0.3856    solve 41.9136    add 5.7031    
Cumulative time: 64.95190620422363

BaB round 67
batch: 128
splitting decisions: 
split level 0: [/74, 879] [/74, 791] [/74, 286] [/74, 358] [/74, 658] [/74, 933] [/74, 160] [/74, 286] [/74, 902] [/74, 286] 
best_l after optimization: -265817.8125
beta sum per layer: [0.0, 0.0, 0.0, 1.4997857809066772]
alpha/beta optimization time: 0.7351593971252441
pruning_in_iteration open status: False
ratio of positive domain = 0 / 256 = 0.0
pruning-in-iteration extra time: 0.0023865699768066406
torch.Size([256, 1])
Time: prepare 0.0031    bound 0.7390    transfer 0.0078    finalize 0.0179    func 0.7678    
Accumulated time: func 42.6473    prepare 0.8709    bound 39.8815    transfer 0.3452    finalize 2.1324    
max lb tensor(-934.) min lb tensor(-1138.)
Number of Verified Splits: 0 of 256
Current worst splitting domains lb-rhs (depth):
-1138.00000 (46), -1138.00000 (38), -1138.00000 (28), -1138.00000 (24), -1138.00000 (34), -1138.00000 (57), -1138.00000 (3), -1138.00000 (19), -1138.00000 (65), -1138.00000 (32), -1138.00000 (10), -1138.00000 (63), -1138.00000 (19), -1138.00000 (7), -1138.00000 (19), -1138.00000 (4), -1138.00000 (56), -1138.00000 (10), -1138.00000 (51), -1138.00000 (23), 
Length of domains: 8488
Current (lb-rhs): -1138.0
16892 domains visited
Time: pickout 0.0239    decision 0.2555    set_bounds 0.0059    solve 0.7683    add 0.0452    
Accumulated time: pickout 1.1324    decision 15.9732    set_bounds 0.3915    solve 42.6819    add 5.7483    
Cumulative time: 66.05124831199646

BaB round 68
batch: 128
splitting decisions: 
split level 0: [/74, 658] [/74, 691] [/74, 185] [/74, 863] [/74, 400] [/74, 299] [/74, 541] [/74, 185] [/74, 91] [/74, 778] 
best_l after optimization: -265817.59375
beta sum per layer: [0.0, 0.0, 0.0, 1.493757724761963]
alpha/beta optimization time: 0.5531256198883057
pruning_in_iteration open status: False
ratio of positive domain = 0 / 256 = 0.0
pruning-in-iteration extra time: 0.0023164749145507812
torch.Size([256, 1])
Time: prepare 0.0029    bound 0.5567    transfer 0.0066    finalize 0.0149    func 0.5813    
Accumulated time: func 43.2286    prepare 0.9096    bound 40.4383    transfer 0.3518    finalize 2.1473    
max lb tensor(-934.) min lb tensor(-1138.)
Number of Verified Splits: 0 of 256
Current worst splitting domains lb-rhs (depth):
-1138.00000 (15), -1138.00000 (63), -1138.00000 (37), -1138.00000 (14), -1138.00000 (36), -1138.00000 (14), -1138.00000 (63), -1138.00000 (52), -1138.00000 (45), -1138.00000 (51), -1138.00000 (36), -1138.00000 (15), -1138.00000 (36), -1138.00000 (63), -1138.00000 (47), -1138.00000 (15), -1138.00000 (4), -1138.00000 (52), -1138.00000 (14), -1138.00000 (37), 
Length of domains: 8616
Current (lb-rhs): -1138.0
17148 domains visited
Time: pickout 0.0177    decision 0.3868    set_bounds 0.0057    solve 0.5818    add 0.0424    
Accumulated time: pickout 1.1501    decision 16.3599    set_bounds 0.3972    solve 43.2637    add 5.7907    
Cumulative time: 67.08616828918457

BaB round 69
batch: 128
splitting decisions: 
split level 0: [/74, 400] [/74, 338] [/74, 500] [/74, 791] [/74, 598] [/74, 764] [/74, 611] [/74, 299] [/74, 286] [/74, 545] 
best_l after optimization: -265817.375
beta sum per layer: [0.0, 0.0, 0.0, 1.478082537651062]
alpha/beta optimization time: 0.6702961921691895
pruning_in_iteration open status: False
ratio of positive domain = 0 / 256 = 0.0
pruning-in-iteration extra time: 4.673004150390625e-05
torch.Size([256, 1])
Time: prepare 0.0035    bound 0.6718    transfer 0.0057    finalize 0.0179    func 0.6990    
Accumulated time: func 43.9276    prepare 0.9288    bound 41.1101    transfer 0.3575    finalize 2.1652    
max lb tensor(-934.) min lb tensor(-1138.)
Number of Verified Splits: 0 of 256
Current worst splitting domains lb-rhs (depth):
-1138.00000 (34), -1138.00000 (51), -1138.00000 (20), -1138.00000 (68), -1138.00000 (28), -1138.00000 (61), -1138.00000 (48), -1138.00000 (6), -1138.00000 (15), -1138.00000 (25), -1138.00000 (44), -1138.00000 (40), -1138.00000 (55), -1138.00000 (40), -1138.00000 (6), -1138.00000 (68), -1138.00000 (53), -1138.00000 (61), -1138.00000 (16), -1138.00000 (5), 
Length of domains: 8744
Current (lb-rhs): -1138.0
17404 domains visited
Time: pickout 0.0178    decision 0.2554    set_bounds 0.0063    solve 0.6995    add 0.0434    
Accumulated time: pickout 1.1679    decision 16.6154    set_bounds 0.4035    solve 43.9632    add 5.8341    
Cumulative time: 68.10913372039795

BaB round 70
batch: 128
splitting decisions: 
split level 0: [/74, 669] [/74, 312] [/74, 89] [/74, 691] [/74, 1009] [/74, 290] [/74, 1010] [/74, 916] [/74, 185] [/74, 764] 
best_l after optimization: -265817.09375
beta sum per layer: [0.0, 0.0, 0.0, 1.4631532430648804]
alpha/beta optimization time: 0.683823823928833
pruning_in_iteration open status: False
ratio of positive domain = 0 / 256 = 0.0
pruning-in-iteration extra time: 3.933906555175781e-05
torch.Size([256, 1])
Time: prepare 0.0034    bound 0.6852    transfer 0.0042    finalize 0.0168    func 0.7097    
Accumulated time: func 44.6373    prepare 0.9614    bound 41.7953    transfer 0.3617    finalize 2.1820    
max lb tensor(-934.) min lb tensor(-1138.)
Number of Verified Splits: 0 of 256
Current worst splitting domains lb-rhs (depth):
-1138.00000 (60), -1138.00000 (43), -1138.00000 (64), -1138.00000 (28), -1138.00000 (39), -1138.00000 (23), -1138.00000 (65), -1138.00000 (29), -1138.00000 (42), -1138.00000 (16), -1138.00000 (11), -1138.00000 (39), -1138.00000 (48), -1138.00000 (3), -1138.00000 (43), -1138.00000 (32), -1138.00000 (67), -1138.00000 (13), -1138.00000 (25), -1138.00000 (38), 
Length of domains: 8872
Current (lb-rhs): -1138.0
17660 domains visited
Time: pickout 0.0171    decision 0.4956    set_bounds 0.0057    solve 0.7102    add 0.0397    
Accumulated time: pickout 1.1850    decision 17.1110    set_bounds 0.4093    solve 44.6734    add 5.8738    
Cumulative time: 69.37792921066284

BaB round 71
batch: 128
splitting decisions: 
split level 0: [/74, 941] [/74, 879] [/74, 863] [/74, 267] [/74, 941] [/74, 863] [/74, 240] [/74, 764] [/74, 778] [/74, 500] 
best_l after optimization: -265817.09375
beta sum per layer: [0.0, 0.0, 0.0, 1.6628947257995605]
alpha/beta optimization time: 0.8026230335235596
pruning_in_iteration open status: False
ratio of positive domain = 0 / 256 = 0.0
pruning-in-iteration extra time: 3.7670135498046875e-05
torch.Size([256, 1])
Time: prepare 0.0056    bound 0.8040    transfer 0.0050    finalize 0.0188    func 0.8334    
Accumulated time: func 45.4707    prepare 0.9824    bound 42.5993    transfer 0.3667    finalize 2.2009    
max lb tensor(-934.) min lb tensor(-1138.)
Number of Verified Splits: 0 of 256
Current worst splitting domains lb-rhs (depth):
-1138.00000 (41), -1138.00000 (34), -1138.00000 (38), -1138.00000 (4), -1138.00000 (25), -1138.00000 (15), -1138.00000 (47), -1138.00000 (57), -1138.00000 (8), -1138.00000 (71), -1138.00000 (63), -1138.00000 (64), -1138.00000 (68), -1138.00000 (15), -1138.00000 (25), -1138.00000 (50), -1138.00000 (43), -1138.00000 (56), -1138.00000 (34), -1138.00000 (57), 
Length of domains: 9000
Current (lb-rhs): -1138.0
17916 domains visited
Time: pickout 0.0160    decision 0.3486    set_bounds 0.0067    solve 0.8339    add 0.0434    
Accumulated time: pickout 1.2010    decision 17.4596    set_bounds 0.4160    solve 45.5073    add 5.9172    
Cumulative time: 70.62700605392456

BaB round 72
batch: 128
splitting decisions: 
split level 0: [/74, 883] [/74, 658] [/74, 267] [/74, 338] [/74, 883] [/74, 169] [/74, 506] [/74, 500] [/74, 545] [/74, 691] 
best_l after optimization: -265818.25
beta sum per layer: [0.0, 0.0, 0.0, 1.5666946172714233]
alpha/beta optimization time: 0.7794852256774902
pruning_in_iteration open status: False
ratio of positive domain = 0 / 256 = 0.0
pruning-in-iteration extra time: 4.124641418457031e-05
torch.Size([256, 1])
Time: prepare 0.0032    bound 0.7809    transfer 0.0044    finalize 0.0151    func 0.8037    
Accumulated time: func 46.2743    prepare 0.9869    bound 43.3802    transfer 0.3711    finalize 2.2160    
max lb tensor(-934.) min lb tensor(-1138.)
Number of Verified Splits: 0 of 256
Current worst splitting domains lb-rhs (depth):
-1138.00000 (24), -1138.00000 (42), -1138.00000 (11), -1138.00000 (31), -1138.00000 (16), -1138.00000 (29), -1138.00000 (50), -1138.00000 (46), -1138.00000 (5), -1138.00000 (72), -1138.00000 (61), -1138.00000 (20), -1138.00000 (55), -1138.00000 (8), -1138.00000 (53), -1138.00000 (64), -1138.00000 (26), -1138.00000 (4), -1138.00000 (35), -1138.00000 (48), 
Length of domains: 9128
Current (lb-rhs): -1138.0
18172 domains visited
Time: pickout 0.0167    decision 0.1310    set_bounds 0.0060    solve 0.8041    add 0.0409    
Accumulated time: pickout 1.2177    decision 17.5906    set_bounds 0.4220    solve 46.3114    add 5.9581    
Cumulative time: 71.62623071670532

BaB round 73
batch: 128
splitting decisions: 
split level 0: [/74, 160] [/74, 112] [/74, 338] [/74, 153] [/74, 541] [/74, 691] [/74, 40] [/74, 358] [/74, 299] [/74, 153] 
best_l after optimization: -265817.875
beta sum per layer: [0.0, 0.0, 0.0, 1.5409599542617798]
alpha/beta optimization time: 0.6438617706298828
pruning_in_iteration open status: False
ratio of positive domain = 0 / 256 = 0.0
pruning-in-iteration extra time: 0.00015091896057128906
torch.Size([256, 1])
Time: prepare 0.0031    bound 0.6453    transfer 0.0038    finalize 0.0129    func 0.6651    
Accumulated time: func 46.9394    prepare 0.9911    bound 44.0255    transfer 0.3749    finalize 2.2289    
max lb tensor(-934.) min lb tensor(-1138.)
Number of Verified Splits: 0 of 256
Current worst splitting domains lb-rhs (depth):
-1138.00000 (24), -1138.00000 (17), -1138.00000 (7), -1138.00000 (35), -1138.00000 (30), -1138.00000 (73), -1138.00000 (59), -1138.00000 (71), -1138.00000 (51), -1138.00000 (24), -1138.00000 (17), -1138.00000 (47), -1138.00000 (64), -1138.00000 (35), -1138.00000 (44), -1138.00000 (4), -1138.00000 (16), -1138.00000 (59), -1138.00000 (31), -1138.00000 (34), 
Length of domains: 9256
Current (lb-rhs): -1138.0
18428 domains visited
Time: pickout 0.0149    decision 0.2674    set_bounds 0.0100    solve 0.6656    add 0.0437    
Accumulated time: pickout 1.2326    decision 17.8579    set_bounds 0.4321    solve 46.9770    add 6.0018    
Cumulative time: 72.62835645675659

BaB round 74
batch: 128
splitting decisions: 
split level 0: [/74, 689] [/74, 669] [/74, 879] [/74, 658] [/74, 689] [/74, 267] [/74, 118] [/74, 863] [/74, 916] [/74, 312] 
best_l after optimization: -265817.625
beta sum per layer: [0.0, 0.0, 0.0, 1.527937650680542]
alpha/beta optimization time: 0.6122949123382568
pruning_in_iteration open status: False
ratio of positive domain = 0 / 256 = 0.0
pruning-in-iteration extra time: 3.933906555175781e-05
torch.Size([256, 1])
Time: prepare 0.0031    bound 0.6137    transfer 0.0041    finalize 0.0141    func 0.6351    
Accumulated time: func 47.5745    prepare 1.0082    bound 44.6392    transfer 0.3790    finalize 2.2430    
max lb tensor(-934.) min lb tensor(-1138.)
Number of Verified Splits: 0 of 256
Current worst splitting domains lb-rhs (depth):
-1138.00000 (36), -1138.00000 (37), -1138.00000 (13), -1138.00000 (4), -1138.00000 (48), -1138.00000 (57), -1138.00000 (70), -1138.00000 (37), -1138.00000 (13), -1138.00000 (13), -1138.00000 (58), -1138.00000 (14), -1138.00000 (36), -1138.00000 (69), -1138.00000 (36), -1138.00000 (14), -1138.00000 (51), -1138.00000 (58), -1138.00000 (70), -1138.00000 (39), 
Length of domains: 9384
Current (lb-rhs): -1138.0
18684 domains visited
Time: pickout 0.0228    decision 0.2742    set_bounds 0.0054    solve 0.6356    add 0.0422    
Accumulated time: pickout 1.2554    decision 18.1321    set_bounds 0.4375    solve 47.6126    add 6.0440    
Cumulative time: 73.60908651351929

BaB round 75
batch: 128
splitting decisions: 
split level 0: [/74, 722] [/74, 941] [/74, 400] [/74, 598] [/74, 611] [/74, 153] [/74, 180] [/74, 791] [/74, 863] [/74, 879] 
best_l after optimization: -265817.40625
beta sum per layer: [0.0, 0.0, 0.0, 1.511216640472412]
alpha/beta optimization time: 0.36689114570617676
pruning_in_iteration open status: False
ratio of positive domain = 0 / 256 = 0.0
pruning-in-iteration extra time: 0.00011897087097167969
torch.Size([256, 1])
Time: prepare 0.0032    bound 0.3684    transfer 0.0044    finalize 0.0146    func 0.3906    
Accumulated time: func 47.9651    prepare 1.0125    bound 45.0076    transfer 0.3834    finalize 2.2575    
max lb tensor(-934.) min lb tensor(-1138.)
Number of Verified Splits: 0 of 256
Current worst splitting domains lb-rhs (depth):
-1138.00000 (28), -1138.00000 (27), -1138.00000 (48), -1138.00000 (68), -1138.00000 (59), -1138.00000 (15), -1138.00000 (28), -1138.00000 (40), -1138.00000 (45), -1138.00000 (4), -1138.00000 (7), -1138.00000 (58), -1138.00000 (14), -1138.00000 (68), -1138.00000 (73), -1138.00000 (28), -1138.00000 (75), -1138.00000 (50), -1138.00000 (29), -1138.00000 (14), 
Length of domains: 9512
Current (lb-rhs): -1138.0
18940 domains visited
Time: pickout 0.0151    decision 0.1292    set_bounds 0.0060    solve 0.3910    add 0.0383    
Accumulated time: pickout 1.2706    decision 18.2613    set_bounds 0.4435    solve 48.0036    add 6.0824    
Cumulative time: 74.18922924995422

BaB round 76
batch: 128
splitting decisions: 
split level 0: [/74, 1010] [/74, 160] [/74, 112] [/74, 669] [/74, 1010] [/74, 879] [/74, 87] [/74, 691] [/74, 791] [/74, 465] 
best_l after optimization: -265817.21875
beta sum per layer: [0.0, 0.0, 0.0, 1.7019124031066895]
alpha/beta optimization time: 0.36556553840637207
pruning_in_iteration open status: False
ratio of positive domain = 0 / 256 = 0.0
pruning-in-iteration extra time: 3.743171691894531e-05
torch.Size([256, 1])
Time: prepare 0.0031    bound 0.3669    transfer 0.0044    finalize 0.0144    func 0.3889    
Accumulated time: func 48.3539    prepare 1.0167    bound 45.3745    transfer 0.3878    finalize 2.2720    
max lb tensor(-934.) min lb tensor(-1138.)
Number of Verified Splits: 0 of 256
Current worst splitting domains lb-rhs (depth):
-1138.00000 (69), -1138.00000 (71), -1138.00000 (19), -1138.00000 (15), -1138.00000 (64), -1138.00000 (10), -1138.00000 (51), -1138.00000 (28), -1138.00000 (43), -1138.00000 (47), -1138.00000 (34), -1138.00000 (52), -1138.00000 (4), -1138.00000 (42), -1138.00000 (73), -1138.00000 (6), -1138.00000 (61), -1138.00000 (18), -1138.00000 (41), -1138.00000 (11), 
Length of domains: 9640
Current (lb-rhs): -1138.0
19196 domains visited
Time: pickout 0.0150    decision 0.1308    set_bounds 0.0056    solve 0.3893    add 0.0394    
Accumulated time: pickout 1.2856    decision 18.3921    set_bounds 0.4491    solve 48.3929    add 6.1217    
Cumulative time: 74.76985239982605

BaB round 77
batch: 128
splitting decisions: 
split level 0: [/74, 506] [/74, 689] [/74, 326] [/74, 541] [/74, 240] [/74, 658] [/74, 738] [/74, 267] [/74, 691] [/74, 669] 
best_l after optimization: -265818.03125
beta sum per layer: [0.0, 0.0, 0.0, 1.5555115938186646]
alpha/beta optimization time: 0.9232606887817383
pruning_in_iteration open status: False
ratio of positive domain = 0 / 256 = 0.0
pruning-in-iteration extra time: 3.886222839355469e-05
torch.Size([256, 1])
Time: prepare 0.0116    bound 0.9247    transfer 0.0045    finalize 0.0194    func 0.9603    
Accumulated time: func 49.3142    prepare 1.0299    bound 46.2992    transfer 0.3923    finalize 2.2914    
max lb tensor(-934.) min lb tensor(-1138.)
Number of Verified Splits: 0 of 256
Current worst splitting domains lb-rhs (depth):
-1138.00000 (37), -1138.00000 (68), -1138.00000 (20), -1138.00000 (49), -1138.00000 (4), -1138.00000 (41), -1138.00000 (30), -1138.00000 (54), -1138.00000 (58), -1138.00000 (73), -1138.00000 (9), -1138.00000 (21), -1138.00000 (44), -1138.00000 (63), -1138.00000 (10), -1138.00000 (28), -1138.00000 (17), -1138.00000 (65), -1138.00000 (73), -1138.00000 (74), 
Length of domains: 9768
Current (lb-rhs): -1138.0
19452 domains visited
Time: pickout 0.0191    decision 0.1998    set_bounds 0.0097    solve 0.9608    add 0.0405    
Accumulated time: pickout 1.3047    decision 18.5919    set_bounds 0.4587    solve 49.3537    add 6.1622    
Cumulative time: 76.0003011226654

BaB round 78
batch: 128
splitting decisions: 
split level 0: [/74, 629] [/74, 832] [/74, 669] [/74, 689] [/74, 506] [/74, 400] [/74, 852] [/74, 400] [/74, 267] [/74, 883] 
best_l after optimization: -265817.75
beta sum per layer: [0.0, 0.0, 0.0, 1.5391041040420532]
alpha/beta optimization time: 0.9598639011383057
pruning_in_iteration open status: False
ratio of positive domain = 0 / 256 = 0.0
pruning-in-iteration extra time: 0.002275705337524414
torch.Size([256, 1])
Time: prepare 0.0052    bound 0.9635    transfer 0.0063    finalize 0.0136    func 0.9887    
Accumulated time: func 50.3029    prepare 1.0365    bound 47.2627    transfer 0.3986    finalize 2.3050    
max lb tensor(-934.) min lb tensor(-1138.)
Number of Verified Splits: 0 of 256
Current worst splitting domains lb-rhs (depth):
-1138.00000 (57), -1138.00000 (34), -1138.00000 (45), -1138.00000 (63), -1138.00000 (77), -1138.00000 (33), -1138.00000 (73), -1138.00000 (9), -1138.00000 (45), -1138.00000 (15), -1138.00000 (33), -1138.00000 (63), -1138.00000 (14), -1138.00000 (20), -1138.00000 (6), -1138.00000 (45), -1138.00000 (33), -1138.00000 (4), -1138.00000 (4), -1138.00000 (73), 
Length of domains: 9896
Current (lb-rhs): -1138.0
19708 domains visited
Time: pickout 0.0176    decision 0.1358    set_bounds 0.0075    solve 0.9892    add 0.0389    
Accumulated time: pickout 1.3222    decision 18.7277    set_bounds 0.4662    solve 50.3429    add 6.2012    
Cumulative time: 77.18976044654846

BaB round 79
batch: 128
splitting decisions: 
split level 0: [/74, 580] [/74, 722] [/74, 941] [/74, 832] [/74, 86] [/74, 112] [/74, 741] [/74, 112] [/74, 312] [/74, 611] 
best_l after optimization: -265817.5625
beta sum per layer: [0.0, 0.0, 0.0, 1.5225059986114502]
alpha/beta optimization time: 0.797370195388794
pruning_in_iteration open status: False
ratio of positive domain = 0 / 256 = 0.0
pruning-in-iteration extra time: 0.002219676971435547
torch.Size([256, 1])
Time: prepare 0.0031    bound 0.8010    transfer 0.0065    finalize 0.0159    func 0.8266    
Accumulated time: func 51.1295    prepare 1.0409    bound 48.0636    transfer 0.4052    finalize 2.3210    
max lb tensor(-934.) min lb tensor(-1138.)
Number of Verified Splits: 0 of 256
Current worst splitting domains lb-rhs (depth):
-1138.00000 (10), -1138.00000 (35), -1138.00000 (57), -1138.00000 (35), -1138.00000 (78), -1138.00000 (17), -1138.00000 (70), -1138.00000 (57), -1138.00000 (36), -1138.00000 (36), -1138.00000 (57), -1138.00000 (5), -1138.00000 (17), -1138.00000 (16), -1138.00000 (36), -1138.00000 (56), -1138.00000 (37), -1138.00000 (71), -1138.00000 (16), -1138.00000 (37), 
Length of domains: 10024
Current (lb-rhs): -1138.0
19964 domains visited
Time: pickout 0.0154    decision 0.1330    set_bounds 0.0058    solve 0.8271    add 0.0470    
Accumulated time: pickout 1.3376    decision 18.8607    set_bounds 0.4721    solve 51.1700    add 6.2482    
Cumulative time: 78.21869158744812

BaB round 80
batch: 128
splitting decisions: 
split level 0: [/74, 40] [/74, 1010] [/74, 883] [/74, 722] [/74, 585] [/74, 326] [/74, 779] [/74, 669] [/74, 879] [/74, 714] 
best_l after optimization: -265817.4375
beta sum per layer: [0.0, 0.0, 0.0, 1.5211174488067627]
alpha/beta optimization time: 0.7580900192260742
pruning_in_iteration open status: False
ratio of positive domain = 0 / 256 = 0.0
pruning-in-iteration extra time: 0.00014853477478027344
torch.Size([256, 1])
Time: prepare 0.0029    bound 0.7595    transfer 0.0040    finalize 0.0150    func 0.7816    
Accumulated time: func 51.9111    prepare 1.0605    bound 48.8231    transfer 0.4092    finalize 2.3360    
max lb tensor(-934.) min lb tensor(-1138.)
Number of Verified Splits: 0 of 256
Current worst splitting domains lb-rhs (depth):
-1138.00000 (76), -1138.00000 (36), -1138.00000 (19), -1138.00000 (26), -1138.00000 (66), -1138.00000 (16), -1138.00000 (14), -1138.00000 (52), -1138.00000 (47), -1138.00000 (78), -1138.00000 (32), -1138.00000 (68), -1138.00000 (40), -1138.00000 (23), -1138.00000 (36), -1138.00000 (65), -1138.00000 (61), -1138.00000 (69), -1138.00000 (78), -1138.00000 (6), 
Length of domains: 10152
Current (lb-rhs): -1138.0
20220 domains visited
Time: pickout 0.0216    decision 0.2573    set_bounds 0.0055    solve 0.7821    add 0.0462    
Accumulated time: pickout 1.3592    decision 19.1180    set_bounds 0.4775    solve 51.9521    add 6.2944    
Cumulative time: 79.3318567276001

BaB round 81
batch: 128
splitting decisions: 
split level 0: [/74, 118] [/74, 634] [/74, 160] [/74, 611] [/74, 87] [/74, 1009] [/74, 342] [/74, 1009] [/74, 658] [/74, 1010] 
best_l after optimization: -265817.3125
beta sum per layer: [0.0, 0.0, 0.0, 1.8327686786651611]
alpha/beta optimization time: 0.6290230751037598
pruning_in_iteration open status: False
ratio of positive domain = 0 / 256 = 0.0
pruning-in-iteration extra time: 0.0024912357330322266
torch.Size([256, 1])
Time: prepare 0.0031    bound 0.6328    transfer 0.0062    finalize 0.0141    func 0.6563    
Accumulated time: func 52.5674    prepare 1.0875    bound 49.4560    transfer 0.4154    finalize 2.3502    
max lb tensor(-934.) min lb tensor(-1138.)
Number of Verified Splits: 0 of 256
Current worst splitting domains lb-rhs (depth):
-1138.00000 (16), -1138.00000 (77), -1138.00000 (61), -1138.00000 (46), -1138.00000 (81), -1138.00000 (65), -1138.00000 (5), -1138.00000 (41), -1138.00000 (33), -1138.00000 (27), -1138.00000 (10), -1138.00000 (21), -1138.00000 (73), -1138.00000 (34), -1138.00000 (51), -1138.00000 (21), -1138.00000 (47), -1138.00000 (40), -1138.00000 (69), -1138.00000 (27), 
Length of domains: 10280
Current (lb-rhs): -1138.0
20476 domains visited
Time: pickout 0.0196    decision 0.3319    set_bounds 0.0058    solve 0.6568    add 0.0393    
Accumulated time: pickout 1.3788    decision 19.4499    set_bounds 0.4833    solve 52.6089    add 6.3336    
Cumulative time: 80.3856930732727

BaB round 82
batch: 128
splitting decisions: 
split level 0: [/74, 295] [/74, 506] [/74, 689] [/74, 240] [/74, 893] [/74, 941] [/74, 300] [/74, 941] [/74, 112] [/74, 240] 
best_l after optimization: -265818.8125
beta sum per layer: [0.0, 0.0, 0.0, 1.6255922317504883]
alpha/beta optimization time: 0.6047286987304688
pruning_in_iteration open status: False
ratio of positive domain = 0 / 256 = 0.0
pruning-in-iteration extra time: 3.933906555175781e-05
torch.Size([256, 1])
Time: prepare 0.0031    bound 0.6061    transfer 0.0043    finalize 0.0161    func 0.6296    
Accumulated time: func 53.1971    prepare 1.0998    bound 50.0620    transfer 0.4197    finalize 2.3663    
max lb tensor(-934.) min lb tensor(-1138.)
Number of Verified Splits: 0 of 256
Current worst splitting domains lb-rhs (depth):
-1138.00000 (24), -1138.00000 (82), -1138.00000 (34), -1138.00000 (43), -1138.00000 (16), -1138.00000 (64), -1138.00000 (67), -1138.00000 (40), -1138.00000 (46), -1138.00000 (33), -1138.00000 (12), -1138.00000 (8), -1138.00000 (38), -1138.00000 (19), -1138.00000 (14), -1138.00000 (53), -1138.00000 (6), -1138.00000 (4), -1138.00000 (21), -1138.00000 (55), 
Length of domains: 10408
Current (lb-rhs): -1138.0
20732 domains visited
Time: pickout 0.0252    decision 0.1711    set_bounds 0.0057    solve 0.6301    add 0.0391    
Accumulated time: pickout 1.4039    decision 19.6209    set_bounds 0.4890    solve 53.2391    add 6.3727    
Cumulative time: 81.25731325149536

BaB round 83
batch: 128
splitting decisions: 
split level 0: [/74, 86] [/74, 629] [/74, 832] [/74, 506] [/74, 210] [/74, 883] [/74, 657] [/74, 722] [/74, 669] [/74, 382] 
best_l after optimization: -265817.75
beta sum per layer: [0.0, 0.0, 0.0, 1.5613923072814941]
alpha/beta optimization time: 0.8405179977416992
pruning_in_iteration open status: False
ratio of positive domain = 0 / 256 = 0.0
pruning-in-iteration extra time: 0.00011467933654785156
torch.Size([256, 1])
Time: prepare 0.0104    bound 0.8420    transfer 0.0055    finalize 0.2364    func 1.0942    
Accumulated time: func 54.2913    prepare 1.1116    bound 50.9040    transfer 0.4252    finalize 2.6027    
max lb tensor(-934.) min lb tensor(-1138.)
Number of Verified Splits: 0 of 256
Current worst splitting domains lb-rhs (depth):
-1138.00000 (68), -1138.00000 (44), -1138.00000 (59), -1138.00000 (26), -1138.00000 (72), -1138.00000 (41), -1138.00000 (69), -1138.00000 (78), -1138.00000 (20), -1138.00000 (17), -1138.00000 (43), -1138.00000 (24), -1138.00000 (74), -1138.00000 (49), -1138.00000 (57), -1138.00000 (40), -1138.00000 (65), -1138.00000 (83), -1138.00000 (53), -1138.00000 (59), 
Length of domains: 10536
Current (lb-rhs): -1138.0
20988 domains visited
Time: pickout 0.0156    decision 0.2825    set_bounds 0.0098    solve 1.0948    add 0.0445    
Accumulated time: pickout 1.4195    decision 19.9034    set_bounds 0.4988    solve 54.3339    add 6.4172    
Cumulative time: 82.70497035980225

BaB round 84
batch: 128
splitting decisions: 
split level 0: [/74, 180] [/74, 295] [/74, 240] [/74, 40] [/74, 302] [/74, 689] [/74, 805] [/74, 611] [/74, 160] [/74, 634] 
best_l after optimization: -265817.625
beta sum per layer: [0.0, 0.0, 0.0, 1.5485621690750122]
alpha/beta optimization time: 0.5673010349273682
pruning_in_iteration open status: False
ratio of positive domain = 0 / 256 = 0.0
pruning-in-iteration extra time: 3.933906555175781e-05
torch.Size([256, 1])
Time: prepare 0.0031    bound 0.5687    transfer 0.0046    finalize 0.0188    func 0.5952    
Accumulated time: func 54.8865    prepare 1.1341    bound 51.4727    transfer 0.4298    finalize 2.6214    
max lb tensor(-934.) min lb tensor(-1138.)
Number of Verified Splits: 0 of 256
Current worst splitting domains lb-rhs (depth):
-1138.00000 (4), -1138.00000 (39), -1138.00000 (20), -1138.00000 (81), -1138.00000 (21), -1138.00000 (60), -1138.00000 (11), -1138.00000 (76), -1138.00000 (44), -1138.00000 (11), -1138.00000 (38), -1138.00000 (21), -1138.00000 (63), -1138.00000 (54), -1138.00000 (58), -1138.00000 (21), -1138.00000 (67), -1138.00000 (11), -1138.00000 (12), -1138.00000 (80), 
Length of domains: 10664
Current (lb-rhs): -1138.0
21244 domains visited
Time: pickout 0.0237    decision 0.4636    set_bounds 0.0059    solve 0.5957    add 0.0448    
Accumulated time: pickout 1.4431    decision 20.3671    set_bounds 0.5046    solve 54.9296    add 6.4621    
Cumulative time: 83.83922743797302

BaB round 85
batch: 128
splitting decisions: 
split level 0: [/74, 431] [/74, 86] [/74, 634] [/74, 864] [/74, 6] [/74, 722] [/74, 269] [/74, 1010] [/74, 541] [/74, 506] 
best_l after optimization: -265817.5
beta sum per layer: [0.0, 0.0, 0.0, 1.5328582525253296]
alpha/beta optimization time: 0.5855238437652588
pruning_in_iteration open status: False
ratio of positive domain = 0 / 256 = 0.0
pruning-in-iteration extra time: 4.4345855712890625e-05
torch.Size([256, 1])
Time: prepare 0.0034    bound 0.5869    transfer 0.0067    finalize 0.0219    func 0.6190    
Accumulated time: func 55.5055    prepare 1.1646    bound 52.0597    transfer 0.4365    finalize 2.6433    
max lb tensor(-934.) min lb tensor(-1138.)
Number of Verified Splits: 0 of 256
Current worst splitting domains lb-rhs (depth):
-1138.00000 (5), -1138.00000 (10), -1138.00000 (70), -1138.00000 (30), -1138.00000 (63), -1138.00000 (50), -1138.00000 (22), -1138.00000 (17), -1138.00000 (20), -1138.00000 (85), -1138.00000 (59), -1138.00000 (26), -1138.00000 (44), -1138.00000 (72), -1138.00000 (47), -1138.00000 (57), -1138.00000 (14), -1138.00000 (10), -1138.00000 (74), -1138.00000 (61), 
Length of domains: 10792
Current (lb-rhs): -1138.0
21500 domains visited
Time: pickout 0.0210    decision 0.4859    set_bounds 0.0064    solve 0.6196    add 0.0484    
Accumulated time: pickout 1.4642    decision 20.8530    set_bounds 0.5110    solve 55.5492    add 6.5105    
Cumulative time: 85.02117276191711

BaB round 86
batch: 128
splitting decisions: 
split level 0: [/74, 210] [/74, 180] [/74, 506] [/74, 507] [/74, 741] [/74, 382] [/74, 177] [/74, 240] [/74, 832] [/74, 580] 
best_l after optimization: -265817.375
beta sum per layer: [0.0, 0.0, 0.0, 1.7607073783874512]
alpha/beta optimization time: 0.5882794857025146
pruning_in_iteration open status: False
ratio of positive domain = 0 / 256 = 0.0
pruning-in-iteration extra time: 0.0024497509002685547
torch.Size([256, 1])
Time: prepare 0.0030    bound 0.5921    transfer 0.0061    finalize 0.0137    func 0.6149    
Accumulated time: func 56.1204    prepare 1.2016    bound 52.6517    transfer 0.4427    finalize 2.6570    
max lb tensor(-934.) min lb tensor(-1138.)
Number of Verified Splits: 0 of 256
Current worst splitting domains lb-rhs (depth):
-1138.00000 (47), -1138.00000 (82), -1138.00000 (40), -1138.00000 (53), -1138.00000 (60), -1138.00000 (38), -1138.00000 (63), -1138.00000 (26), -1138.00000 (22), -1138.00000 (13), -1138.00000 (61), -1138.00000 (5), -1138.00000 (51), -1138.00000 (30), -1138.00000 (9), -1138.00000 (35), -1138.00000 (42), -1138.00000 (80), -1138.00000 (17), -1138.00000 (77), 
Length of domains: 10920
Current (lb-rhs): -1138.0
21756 domains visited
Time: pickout 0.0230    decision 0.4845    set_bounds 0.0059    solve 0.6155    add 0.0421    
Accumulated time: pickout 1.4871    decision 21.3375    set_bounds 0.5169    solve 56.1647    add 6.5526    
Cumulative time: 86.19269895553589

BaB round 87
batch: 128
splitting decisions: 
split level 0: [/74, 302] [/74, 431] [/74, 629] [/74, 852] [/74, 244] [/74, 629] [/74, 543] [/74, 382] [/74, 722] [/74, 40] 
best_l after optimization: -265818.75
beta sum per layer: [0.0, 0.0, 0.0, 1.6262531280517578]
alpha/beta optimization time: 0.5521554946899414
pruning_in_iteration open status: False
ratio of positive domain = 0 / 256 = 0.0
pruning-in-iteration extra time: 0.00010633468627929688
torch.Size([256, 1])
Time: prepare 0.0031    bound 0.5536    transfer 0.0045    finalize 0.0148    func 0.5761    
Accumulated time: func 56.6965    prepare 1.2251    bound 53.2053    transfer 0.4471    finalize 2.6718    
max lb tensor(-934.) min lb tensor(-1138.)
Number of Verified Splits: 0 of 256
Current worst splitting domains lb-rhs (depth):
-1138.00000 (86), -1138.00000 (21), -1138.00000 (52), -1138.00000 (65), -1138.00000 (48), -1138.00000 (43), -1138.00000 (36), -1138.00000 (21), -1138.00000 (42), -1138.00000 (75), -1138.00000 (59), -1138.00000 (22), -1138.00000 (6), -1138.00000 (75), -1138.00000 (75), -1138.00000 (22), -1138.00000 (56), -1138.00000 (36), -1138.00000 (65), -1138.00000 (22), 
Length of domains: 11048
Current (lb-rhs): -1138.0
22012 domains visited
Time: pickout 0.0234    decision 0.4120    set_bounds 0.0059    solve 0.5765    add 0.0416    
Accumulated time: pickout 1.5105    decision 21.7495    set_bounds 0.5229    solve 56.7413    add 6.5942    
Cumulative time: 87.25280141830444

BaB round 88
batch: 128
splitting decisions: 
split level 0: [/74, 852] [/74, 87] [/74, 40] [/74, 6] [/74, 342] [/74, 40] [/74, 672] [/74, 634] [/74, 611] [/74, 118] 
best_l after optimization: -265818.15625
beta sum per layer: [0.0, 0.0, 0.0, 1.571629524230957]
alpha/beta optimization time: 0.5689678192138672
pruning_in_iteration open status: False
ratio of positive domain = 0 / 256 = 0.0
pruning-in-iteration extra time: 3.790855407714844e-05
torch.Size([256, 1])
Time: prepare 0.0030    bound 0.5703    transfer 0.0049    finalize 0.0157    func 0.5938    
Accumulated time: func 57.2903    prepare 1.2550    bound 53.7756    transfer 0.4520    finalize 2.6875    
max lb tensor(-934.) min lb tensor(-1138.)
Number of Verified Splits: 0 of 256
Current worst splitting domains lb-rhs (depth):
-1138.00000 (37), -1138.00000 (23), -1138.00000 (54), -1138.00000 (79), -1138.00000 (65), -1138.00000 (37), -1138.00000 (23), -1138.00000 (71), -1138.00000 (22), -1138.00000 (79), -1138.00000 (47), -1138.00000 (36), -1138.00000 (4), -1138.00000 (22), -1138.00000 (61), -1138.00000 (7), -1138.00000 (52), -1138.00000 (49), -1138.00000 (37), -1138.00000 (71), 
Length of domains: 11176
Current (lb-rhs): -1138.0
22268 domains visited
Time: pickout 0.0248    decision 0.4699    set_bounds 0.0058    solve 0.5943    add 0.0396    
Accumulated time: pickout 1.5354    decision 22.2194    set_bounds 0.5286    solve 57.3356    add 6.6338    
Cumulative time: 88.38778495788574

BaB round 89
batch: 128
splitting decisions: 
split level 0: [/74, 6] [/74, 893] [/74, 295] [/74, 741] [/74, 300] [/74, 864] [/74, 232] [/74, 506] [/74, 1010] [/74, 585] 
best_l after optimization: -265817.625
beta sum per layer: [0.0, 0.0, 0.0, 1.5560593605041504]
alpha/beta optimization time: 0.9472460746765137
pruning_in_iteration open status: False
ratio of positive domain = 0 / 256 = 0.0
pruning-in-iteration extra time: 0.00035953521728515625
torch.Size([256, 1])
Time: prepare 0.0045    bound 0.9490    transfer 0.0044    finalize 0.0151    func 0.9730    
Accumulated time: func 58.2633    prepare 1.2606    bound 54.7246    transfer 0.4564    finalize 2.7025    
max lb tensor(-934.) min lb tensor(-1138.)
Number of Verified Splits: 0 of 256
Current worst splitting domains lb-rhs (depth):
-1138.00000 (26), -1138.00000 (53), -1138.00000 (89), -1138.00000 (19), -1138.00000 (47), -1138.00000 (79), -1138.00000 (10), -1138.00000 (23), -1138.00000 (5), -1138.00000 (40), -1138.00000 (32), -1138.00000 (87), -1138.00000 (19), -1138.00000 (55), -1138.00000 (4), -1138.00000 (59), -1138.00000 (64), -1138.00000 (79), -1138.00000 (40), -1138.00000 (73), 
Length of domains: 11304
Current (lb-rhs): -1138.0
22524 domains visited
Time: pickout 0.0169    decision 0.1347    set_bounds 0.0075    solve 0.9735    add 0.0417    
Accumulated time: pickout 1.5523    decision 22.3541    set_bounds 0.5362    solve 58.3091    add 6.6755    
Cumulative time: 89.56268119812012

BaB round 90
batch: 128
splitting decisions: 
split level 0: [/74, 741] [/74, 210] [/74, 180] [/74, 1018] [/74, 657] [/74, 431] [/74, 345] [/74, 295] [/74, 634] [/74, 431] 
best_l after optimization: -265817.5
beta sum per layer: [0.0, 0.0, 0.0, 1.9341291189193726]
alpha/beta optimization time: 0.7959647178649902
pruning_in_iteration open status: False
ratio of positive domain = 0 / 256 = 0.0
pruning-in-iteration extra time: 0.002541065216064453
torch.Size([256, 1])
Time: prepare 0.0032    bound 0.7998    transfer 0.0065    finalize 0.0142    func 0.8239    
Accumulated time: func 59.0872    prepare 1.2651    bound 55.5244    transfer 0.4630    finalize 2.7168    
max lb tensor(-934.) min lb tensor(-1138.)
Number of Verified Splits: 0 of 256
Current worst splitting domains lb-rhs (depth):
-1138.00000 (25), -1138.00000 (32), -1138.00000 (45), -1138.00000 (88), -1138.00000 (76), -1138.00000 (8), -1138.00000 (19), -1138.00000 (28), -1138.00000 (69), -1138.00000 (46), -1138.00000 (22), -1138.00000 (80), -1138.00000 (8), -1138.00000 (46), -1138.00000 (31), -1138.00000 (23), -1138.00000 (83), -1138.00000 (60), -1138.00000 (89), -1138.00000 (68), 
Length of domains: 11432
Current (lb-rhs): -1138.0
22780 domains visited
Time: pickout 0.0179    decision 0.1334    set_bounds 0.0063    solve 0.8244    add 0.0383    
Accumulated time: pickout 1.5702    decision 22.4875    set_bounds 0.5425    solve 59.1335    add 6.7137    
Cumulative time: 90.5834412574768

BaB round 91
batch: 128
splitting decisions: 
split level 0: [/74, 779] [/74, 507] [/74, 864] [/74, 244] [/74, 805] [/74, 87] [/74, 54] [/74, 86] [/74, 506] [/74, 893] 
best_l after optimization: -265818.375
beta sum per layer: [0.0, 0.0, 0.0, 1.6111359596252441]
alpha/beta optimization time: 0.7609238624572754
pruning_in_iteration open status: False
ratio of positive domain = 0 / 256 = 0.0
pruning-in-iteration extra time: 0.0001506805419921875
torch.Size([256, 1])
Time: prepare 0.0031    bound 0.7624    transfer 0.0050    finalize 0.0150    func 0.7855    
Accumulated time: func 59.8727    prepare 1.2767    bound 56.2868    transfer 0.4680    finalize 2.7318    
max lb tensor(-934.) min lb tensor(-1138.)
Number of Verified Splits: 0 of 256
Current worst splitting domains lb-rhs (depth):
-1138.00000 (20), -1138.00000 (10), -1138.00000 (38), -1138.00000 (45), -1138.00000 (83), -1138.00000 (56), -1138.00000 (5), -1138.00000 (25), -1138.00000 (87), -1138.00000 (76), -1138.00000 (50), -1138.00000 (67), -1138.00000 (16), -1138.00000 (31), -1138.00000 (38), -1138.00000 (72), -1138.00000 (31), -1138.00000 (62), -1138.00000 (46), -1138.00000 (11), 
Length of domains: 11560
Current (lb-rhs): -1138.0
23036 domains visited
Time: pickout 0.0224    decision 0.2644    set_bounds 0.0058    solve 0.7860    add 0.0426    
Accumulated time: pickout 1.5925    decision 22.7519    set_bounds 0.5483    solve 59.9195    add 6.7564    
Cumulative time: 91.70518398284912

BaB round 92
batch: 128
splitting decisions: 
split level 0: [/74, 1018] [/74, 738] [/74, 87] [/74, 805] [/74, 487] [/74, 507] [/74, 994] [/74, 585] [/74, 86] [/74, 210] 
best_l after optimization: -265817.75
beta sum per layer: [0.0, 0.0, 0.0, 1.55601966381073]
alpha/beta optimization time: 0.7464795112609863
pruning_in_iteration open status: False
ratio of positive domain = 0 / 256 = 0.0
pruning-in-iteration extra time: 0.0002231597900390625
torch.Size([256, 1])
Time: prepare 0.0030    bound 0.7480    transfer 0.0044    finalize 0.0150    func 0.7704    
Accumulated time: func 60.6432    prepare 1.3017    bound 57.0348    transfer 0.4724    finalize 2.7468    
max lb tensor(-934.) min lb tensor(-1138.)
Number of Verified Splits: 0 of 256
Current worst splitting domains lb-rhs (depth):
-1138.00000 (21), -1138.00000 (26), -1138.00000 (71), -1138.00000 (13), -1138.00000 (49), -1138.00000 (4), -1138.00000 (9), -1138.00000 (55), -1138.00000 (69), -1138.00000 (44), -1138.00000 (65), -1138.00000 (11), -1138.00000 (81), -1138.00000 (26), -1138.00000 (37), -1138.00000 (50), -1138.00000 (90), -1138.00000 (6), -1138.00000 (84), -1138.00000 (33), 
Length of domains: 11688
Current (lb-rhs): -1138.0
23292 domains visited
Time: pickout 0.0219    decision 0.3050    set_bounds 0.0058    solve 0.7709    add 0.0446    
Accumulated time: pickout 1.6144    decision 23.0570    set_bounds 0.5540    solve 60.6904    add 6.8010    
Cumulative time: 92.8540108203888

BaB round 93
batch: 128
splitting decisions: 
split level 0: [/74, 244] [/74, 302] [/74, 893] [/74, 487] [/74, 743] [/74, 741] [/74, 378] [/74, 864] [/74, 585] [/74, 302] 
best_l after optimization: -265817.625
beta sum per layer: [0.0, 0.0, 0.0, 1.803080439567566]
alpha/beta optimization time: 0.755497932434082
pruning_in_iteration open status: False
ratio of positive domain = 0 / 256 = 0.0
pruning-in-iteration extra time: 0.00014543533325195312
torch.Size([256, 1])
Time: prepare 0.0031    bound 0.7570    transfer 0.0040    finalize 0.0132    func 0.7774    
Accumulated time: func 61.4206    prepare 1.3240    bound 57.7918    transfer 0.4764    finalize 2.7600    
max lb tensor(-934.) min lb tensor(-1138.)
Number of Verified Splits: 0 of 256
Current worst splitting domains lb-rhs (depth):
-1138.00000 (36), -1138.00000 (56), -1138.00000 (13), -1138.00000 (51), -1138.00000 (92), -1138.00000 (77), -1138.00000 (60), -1138.00000 (87), -1138.00000 (44), -1138.00000 (81), -1138.00000 (65), -1138.00000 (56), -1138.00000 (31), -1138.00000 (22), -1138.00000 (5), -1138.00000 (22), -1138.00000 (71), -1138.00000 (44), -1138.00000 (87), -1138.00000 (74), 
Length of domains: 11816
Current (lb-rhs): -1138.0
23548 domains visited
Time: pickout 0.0244    decision 0.3101    set_bounds 0.0059    solve 0.7778    add 0.0433    
Accumulated time: pickout 1.6388    decision 23.3671    set_bounds 0.5599    solve 61.4683    add 6.8443    
Cumulative time: 94.01604723930359

BaB round 94
batch: 128
splitting decisions: 
split level 0: [/74, 380] [/74, 6] [/74, 852] [/74, 743] [/74, 693] [/74, 351] [/74, 872] [/74, 507] [/74, 210] [/74, 6] 
best_l after optimization: -265818.84375
beta sum per layer: [0.0, 0.0, 0.0, 1.640391230583191]
alpha/beta optimization time: 0.7587025165557861
pruning_in_iteration open status: False
ratio of positive domain = 0 / 256 = 0.0
pruning-in-iteration extra time: 0.00015616416931152344
torch.Size([256, 1])
Time: prepare 0.0032    bound 0.7602    transfer 0.0041    finalize 0.0138    func 0.7814    
Accumulated time: func 62.2020    prepare 1.3429    bound 58.5521    transfer 0.4805    finalize 2.7738    
max lb tensor(-934.) min lb tensor(-1138.)
Number of Verified Splits: 0 of 256
Current worst splitting domains lb-rhs (depth):
-1138.00000 (30), -1138.00000 (58), -1138.00000 (71), -1138.00000 (25), -1138.00000 (93), -1138.00000 (53), -1138.00000 (17), -1138.00000 (61), -1138.00000 (12), -1138.00000 (23), -1138.00000 (81), -1138.00000 (90), -1138.00000 (4), -1138.00000 (76), -1138.00000 (86), -1138.00000 (92), -1138.00000 (9), -1138.00000 (49), -1138.00000 (34), -1138.00000 (43), 
Length of domains: 11944
Current (lb-rhs): -1138.0
23804 domains visited
Time: pickout 0.0245    decision 0.2943    set_bounds 0.0059    solve 0.7819    add 0.0422    
Accumulated time: pickout 1.6633    decision 23.6614    set_bounds 0.5658    solve 62.2501    add 6.8864    
Cumulative time: 95.16528511047363

BaB round 95
batch: 128
splitting decisions: 
split level 0: [/74, 300] [/74, 741] [/74, 741] [/74, 177] [/74, 469] [/74, 244] [/74, 309] [/74, 738] [/74, 507] [/74, 1018] 
best_l after optimization: -265818.09375
beta sum per layer: [0.0, 0.0, 0.0, 1.5884283781051636]
alpha/beta optimization time: 0.36548352241516113
pruning_in_iteration open status: False
ratio of positive domain = 0 / 256 = 0.0
pruning-in-iteration extra time: 4.124641418457031e-05
torch.Size([256, 1])
Time: prepare 0.0030    bound 0.3670    transfer 0.0054    finalize 0.0197    func 0.3951    
Accumulated time: func 62.5971    prepare 1.3584    bound 58.9190    transfer 0.4859    finalize 2.7935    
max lb tensor(-934.) min lb tensor(-1138.)
Number of Verified Splits: 0 of 256
Current worst splitting domains lb-rhs (depth):
-1138.00000 (46), -1138.00000 (65), -1138.00000 (18), -1138.00000 (47), -1138.00000 (85), -1138.00000 (19), -1138.00000 (47), -1138.00000 (85), -1138.00000 (19), -1138.00000 (65), -1138.00000 (19), -1138.00000 (59), -1138.00000 (85), -1138.00000 (84), -1138.00000 (20), -1138.00000 (66), -1138.00000 (84), -1138.00000 (46), -1138.00000 (20), -1138.00000 (4), 
Length of domains: 12072
Current (lb-rhs): -1138.0
24060 domains visited
Time: pickout 0.0243    decision 0.2440    set_bounds 0.0059    solve 0.3956    add 0.0455    
Accumulated time: pickout 1.6876    decision 23.9054    set_bounds 0.5717    solve 62.6457    add 6.9319    
Cumulative time: 95.8811264038086

BaB round 96
batch: 128
splitting decisions: 
split level 0: [/74, 487] [/74, 779] [/74, 351] [/74, 672] [/74, 452] [/74, 380] [/74, 324] [/74, 302] [/74, 302] [/74, 351] 
best_l after optimization: -265817.8125
beta sum per layer: [0.0, 0.0, 0.0, 1.565428614616394]
alpha/beta optimization time: 0.5357353687286377
pruning_in_iteration open status: False
ratio of positive domain = 0 / 256 = 0.0
pruning-in-iteration extra time: 4.220008850097656e-05
torch.Size([256, 1])
Time: prepare 0.0033    bound 0.5372    transfer 0.0040    finalize 0.0140    func 0.5584    
Accumulated time: func 63.1555    prepare 1.3888    bound 59.4562    transfer 0.4899    finalize 2.8075    
max lb tensor(-934.) min lb tensor(-1138.)
Number of Verified Splits: 0 of 256
Current worst splitting domains lb-rhs (depth):
-1138.00000 (75), -1138.00000 (46), -1138.00000 (74), -1138.00000 (15), -1138.00000 (61), -1138.00000 (46), -1138.00000 (46), -1138.00000 (75), -1138.00000 (16), -1138.00000 (90), -1138.00000 (45), -1138.00000 (16), -1138.00000 (91), -1138.00000 (45), -1138.00000 (45), -1138.00000 (16), -1138.00000 (66), -1138.00000 (90), -1138.00000 (4), -1138.00000 (75), 
Length of domains: 12200
Current (lb-rhs): -1138.0
24316 domains visited
Time: pickout 0.0238    decision 0.4853    set_bounds 0.0063    solve 0.5589    add 0.0439    
Accumulated time: pickout 1.7114    decision 24.3907    set_bounds 0.5780    solve 63.2046    add 6.9758    
Cumulative time: 96.99986147880554

BaB round 97
batch: 128
splitting decisions: 
split level 0: [/74, 693] [/74, 351] [/74, 342] [/74, 345] [/74, 232] [/74, 342] [/74, 249] [/74, 6] [/74, 6] [/74, 657] 
best_l after optimization: -265817.5625
beta sum per layer: [0.0, 0.0, 0.0, 1.558143973350525]
alpha/beta optimization time: 0.5627543926239014
pruning_in_iteration open status: False
ratio of positive domain = 0 / 256 = 0.0
pruning-in-iteration extra time: 0.00011110305786132812
torch.Size([256, 1])
Time: prepare 0.0032    bound 0.5643    transfer 0.0064    finalize 0.0164    func 0.5904    
Accumulated time: func 63.7459    prepare 1.4180    bound 60.0205    transfer 0.4962    finalize 2.8239    
max lb tensor(-934.) min lb tensor(-1138.)
Number of Verified Splits: 0 of 256
Current worst splitting domains lb-rhs (depth):
-1138.00000 (83), -1138.00000 (32), -1138.00000 (83), -1138.00000 (49), -1138.00000 (35), -1138.00000 (20), -1138.00000 (5), -1138.00000 (62), -1138.00000 (88), -1138.00000 (77), -1138.00000 (14), -1138.00000 (55), -1138.00000 (11), -1138.00000 (29), -1138.00000 (73), -1138.00000 (39), -1138.00000 (84), -1138.00000 (9), -1138.00000 (54), -1138.00000 (58), 
Length of domains: 12328
Current (lb-rhs): -1138.0
24572 domains visited
Time: pickout 0.0237    decision 0.4465    set_bounds 0.0062    solve 0.5909    add 0.0412    
Accumulated time: pickout 1.7351    decision 24.8372    set_bounds 0.5842    solve 63.7955    add 7.0171    
Cumulative time: 98.10897421836853

BaB round 98
batch: 128
splitting decisions: 
split level 0: [/74, 543] [/74, 342] [/74, 657] [/74, 359] [/74, 309] [/74, 300] [/74, 1003] [/74, 351] [/74, 741] [/74, 269] 
best_l after optimization: -265817.4375
beta sum per layer: [0.0, 0.0, 0.0, 1.5490195751190186]
alpha/beta optimization time: 0.549450159072876
pruning_in_iteration open status: False
ratio of positive domain = 0 / 256 = 0.0
pruning-in-iteration extra time: 4.410743713378906e-05
torch.Size([256, 1])
Time: prepare 0.0034    bound 0.5509    transfer 0.0039    finalize 0.0135    func 0.5717    
Accumulated time: func 64.3177    prepare 1.4481    bound 60.5714    transfer 0.5002    finalize 2.8374    
max lb tensor(-934.) min lb tensor(-1138.)
Number of Verified Splits: 0 of 256
Current worst splitting domains lb-rhs (depth):
-1138.00000 (4), -1138.00000 (9), -1138.00000 (96), -1138.00000 (80), -1138.00000 (39), -1138.00000 (65), -1138.00000 (89), -1138.00000 (18), -1138.00000 (54), -1138.00000 (91), -1138.00000 (50), -1138.00000 (30), -1138.00000 (59), -1138.00000 (10), -1138.00000 (57), -1138.00000 (63), -1138.00000 (38), -1138.00000 (44), -1138.00000 (98), -1138.00000 (85), 
Length of domains: 12456
Current (lb-rhs): -1138.0
24828 domains visited
Time: pickout 0.0238    decision 0.4557    set_bounds 0.0059    solve 0.5722    add 0.0375    
Accumulated time: pickout 1.7589    decision 25.2929    set_bounds 0.5901    solve 64.3677    add 7.0546    
Cumulative time: 99.20470309257507

BaB round 99
batch: 128
splitting decisions: 
split level 0: [/74, 672] [/74, 657] [/74, 805] [/74, 808] [/74, 324] [/74, 805] [/74, 815] [/74, 244] [/74, 779] [/74, 469] 
best_l after optimization: -265817.25
beta sum per layer: [0.0, 0.0, 0.0, 1.7926502227783203]
alpha/beta optimization time: 0.6005418300628662
pruning_in_iteration open status: False
ratio of positive domain = 0 / 256 = 0.0
pruning-in-iteration extra time: 0.00011205673217773438
torch.Size([256, 1])
Time: prepare 0.0031    bound 0.6020    transfer 0.0040    finalize 0.0128    func 0.6219    
Accumulated time: func 64.9396    prepare 1.4777    bound 61.1734    transfer 0.5042    finalize 2.8502    
max lb tensor(-934.) min lb tensor(-1138.)
Number of Verified Splits: 0 of 256
Current worst splitting domains lb-rhs (depth):
-1138.00000 (9), -1138.00000 (8), -1138.00000 (54), -1138.00000 (18), -1138.00000 (27), -1138.00000 (44), -1138.00000 (69), -1138.00000 (35), -1138.00000 (96), -1138.00000 (83), -1138.00000 (4), -1138.00000 (81), -1138.00000 (58), -1138.00000 (40), -1138.00000 (92), -1138.00000 (53), -1138.00000 (22), -1138.00000 (73), -1138.00000 (99), -1138.00000 (71), 
Length of domains: 12584
Current (lb-rhs): -1138.0
25084 domains visited
Time: pickout 0.0248    decision 0.4635    set_bounds 0.0059    solve 0.6224    add 0.0429    
Accumulated time: pickout 1.7837    decision 25.7564    set_bounds 0.5960    solve 64.9901    add 7.0976    
Cumulative time: 100.36479425430298

BaB round 100
batch: 128
splitting decisions: 
split level 0: [/74, 54] [/74, 693] [/74, 487] [/74, 872] [/74, 1003] [/74, 487] [/74, 149] [/74, 380] [/74, 1018] [/74, 232] 
best_l after optimization: -265818.875
beta sum per layer: [0.0, 0.0, 0.0, 1.5968198776245117]
alpha/beta optimization time: 0.5773570537567139
pruning_in_iteration open status: False
ratio of positive domain = 0 / 256 = 0.0
pruning-in-iteration extra time: 5.841255187988281e-05
torch.Size([256, 1])
Time: prepare 0.0030    bound 0.5787    transfer 0.0058    finalize 0.0135    func 0.6011    
Accumulated time: func 65.5407    prepare 1.4887    bound 61.7522    transfer 0.5100    finalize 2.8637    
max lb tensor(-934.) min lb tensor(-1138.)
Number of Verified Splits: 0 of 256
Current worst splitting domains lb-rhs (depth):
-1138.00000 (77), -1138.00000 (48), -1138.00000 (89), -1138.00000 (71), -1138.00000 (7), -1138.00000 (25), -1138.00000 (94), -1138.00000 (34), -1138.00000 (16), -1138.00000 (38), -1138.00000 (8), -1138.00000 (85), -1138.00000 (48), -1138.00000 (72), -1138.00000 (61), -1138.00000 (65), -1138.00000 (58), -1138.00000 (43), -1138.00000 (26), -1138.00000 (34), 
Length of domains: 12712
Current (lb-rhs): -1138.0
25340 domains visited
Time: pickout 0.0262    decision 0.4132    set_bounds 0.0058    solve 0.6016    add 0.0412    
Accumulated time: pickout 1.8099    decision 26.1696    set_bounds 0.6019    solve 65.5916    add 7.1387    
Cumulative time: 101.45344591140747

BaB round 101
batch: 128
splitting decisions: 
split level 0: [/74, 359] [/74, 177] [/74, 743] [/74, 309] [/74, 815] [/74, 743] [/74, 723] [/74, 342] [/74, 244] [/74, 345] 
best_l after optimization: -265818.5
beta sum per layer: [0.0, 0.0, 0.0, 1.5690059661865234]
alpha/beta optimization time: 0.5696253776550293
pruning_in_iteration open status: False
ratio of positive domain = 0 / 256 = 0.0
pruning-in-iteration extra time: 3.933906555175781e-05
torch.Size([256, 1])
Time: prepare 0.0031    bound 0.5711    transfer 0.0039    finalize 0.0128    func 0.5910    
Accumulated time: func 66.1317    prepare 1.5193    bound 62.3232    transfer 0.5139    finalize 2.8765    
max lb tensor(-934.) min lb tensor(-1138.)
Number of Verified Splits: 0 of 256
Current worst splitting domains lb-rhs (depth):
-1138.00000 (80), -1138.00000 (41), -1138.00000 (97), -1138.00000 (6), -1138.00000 (17), -1138.00000 (28), -1138.00000 (92), -1138.00000 (85), -1138.00000 (75), -1138.00000 (50), -1138.00000 (82), -1138.00000 (59), -1138.00000 (60), -1138.00000 (66), -1138.00000 (39), -1138.00000 (70), -1138.00000 (97), -1138.00000 (62), -1138.00000 (4), -1138.00000 (17), 
Length of domains: 12840
Current (lb-rhs): -1138.0
25596 domains visited
Time: pickout 0.0277    decision 0.4744    set_bounds 0.0063    solve 0.5914    add 0.0370    
Accumulated time: pickout 1.8376    decision 26.6440    set_bounds 0.6082    solve 66.1831    add 7.1757    
Cumulative time: 102.59089207649231

BaB round 102
batch: 128
splitting decisions: 
split level 0: [/74, 808] [/74, 543] [/74, 177] [/74, 324] [/74, 929] [/74, 469] [/74, 830] [/74, 469] [/74, 380] [/74, 54] 
best_l after optimization: -265817.8125
beta sum per layer: [0.0, 0.0, 0.0, 1.5538740158081055]
alpha/beta optimization time: 0.5629243850708008
pruning_in_iteration open status: False
ratio of positive domain = 0 / 256 = 0.0
pruning-in-iteration extra time: 0.00016999244689941406
torch.Size([256, 1])
Time: prepare 0.0031    bound 0.5644    transfer 0.0049    finalize 0.0180    func 0.5904    
Accumulated time: func 66.7221    prepare 1.5509    bound 62.8876    transfer 0.5188    finalize 2.8945    
max lb tensor(-934.) min lb tensor(-1138.)
Number of Verified Splits: 0 of 256
Current worst splitting domains lb-rhs (depth):
-1138.00000 (92), -1138.00000 (47), -1138.00000 (18), -1138.00000 (24), -1138.00000 (54), -1138.00000 (68), -1138.00000 (64), -1138.00000 (38), -1138.00000 (10), -1138.00000 (41), -1138.00000 (9), -1138.00000 (47), -1138.00000 (62), -1138.00000 (85), -1138.00000 (72), -1138.00000 (5), -1138.00000 (36), -1138.00000 (80), -1138.00000 (24), -1138.00000 (95), 
Length of domains: 12968
Current (lb-rhs): -1138.0
25852 domains visited
Time: pickout 0.0233    decision 0.4675    set_bounds 0.0058    solve 0.5909    add 0.0425    
Accumulated time: pickout 1.8609    decision 27.1115    set_bounds 0.6140    solve 66.7740    add 7.2182    
Cumulative time: 103.7214994430542

BaB round 103
batch: 128
splitting decisions: 
split level 0: [/74, 378] [/74, 469] [/74, 672] [/74, 815] [/74, 149] [/74, 232] [/74, 155] [/74, 452] [/74, 342] [/74, 359] 
best_l after optimization: -265817.75
beta sum per layer: [0.0, 0.0, 0.0, 1.5494499206542969]
alpha/beta optimization time: 0.9453210830688477
pruning_in_iteration open status: False
ratio of positive domain = 0 / 256 = 0.0
pruning-in-iteration extra time: 0.0022656917572021484
torch.Size([256, 1])
Time: prepare 0.0052    bound 0.9489    transfer 0.0068    finalize 0.0145    func 0.9755    
Accumulated time: func 67.6976    prepare 1.5572    bound 63.8366    transfer 0.5256    finalize 2.9090    
max lb tensor(-934.) min lb tensor(-1138.)
Number of Verified Splits: 0 of 256
Current worst splitting domains lb-rhs (depth):
-1138.00000 (98), -1138.00000 (12), -1138.00000 (60), -1138.00000 (102), -1138.00000 (30), -1138.00000 (44), -1138.00000 (94), -1138.00000 (75), -1138.00000 (6), -1138.00000 (85), -1138.00000 (30), -1138.00000 (17), -1138.00000 (53), -1138.00000 (64), -1138.00000 (44), -1138.00000 (85), -1138.00000 (30), -1138.00000 (56), -1138.00000 (85), -1138.00000 (69), 
Length of domains: 13096
Current (lb-rhs): -1138.0
26108 domains visited
Time: pickout 0.0194    decision 0.1363    set_bounds 0.0074    solve 0.9759    add 0.0417    
Accumulated time: pickout 1.8803    decision 27.2478    set_bounds 0.6214    solve 67.7499    add 7.2599    
Cumulative time: 104.90283226966858

BaB round 104
batch: 128
splitting decisions: 
split level 0: [/74, 686] [/74, 54] [/74, 469] [/74, 929] [/74, 830] [/74, 359] [/74, 178] [/74, 232] [/74, 487] [/74, 872] 
best_l after optimization: -265817.4375
beta sum per layer: [0.0, 0.0, 0.0, 1.8440091609954834]
alpha/beta optimization time: 0.8478796482086182
pruning_in_iteration open status: False
ratio of positive domain = 0 / 256 = 0.0
pruning-in-iteration extra time: 0.0001323223114013672
torch.Size([256, 1])
Time: prepare 0.0031    bound 0.8494    transfer 0.0051    finalize 0.0146    func 0.8723    
Accumulated time: func 68.5698    prepare 1.5615    bound 64.6860    transfer 0.5307    finalize 2.9236    
max lb tensor(-934.) min lb tensor(-1138.)
Number of Verified Splits: 0 of 256
Current worst splitting domains lb-rhs (depth):
-1138.00000 (44), -1138.00000 (37), -1138.00000 (97), -1138.00000 (55), -1138.00000 (60), -1138.00000 (89), -1138.00000 (79), -1138.00000 (53), -1138.00000 (5), -1138.00000 (26), -1138.00000 (41), -1138.00000 (96), -1138.00000 (91), -1138.00000 (67), -1138.00000 (72), -1138.00000 (66), -1138.00000 (33), -1138.00000 (18), -1138.00000 (12), -1138.00000 (75), 
Length of domains: 13224
Current (lb-rhs): -1138.0
26364 domains visited
Time: pickout 0.0200    decision 0.1331    set_bounds 0.0064    solve 0.8727    add 0.0413    
Accumulated time: pickout 1.9003    decision 27.3808    set_bounds 0.6278    solve 68.6227    add 7.3012    
Cumulative time: 105.9768877029419

BaB round 105
batch: 128
splitting decisions: 
split level 0: [/74, 872] [/74, 359] [/74, 452] [/74, 149] [/74, 155] [/74, 994] [/74, 609] [/74, 345] [/74, 543] [/74, 309] 
best_l after optimization: -265818.5
beta sum per layer: [0.0, 0.0, 0.0, 1.6163157224655151]
alpha/beta optimization time: 0.7672395706176758
pruning_in_iteration open status: False
ratio of positive domain = 0 / 256 = 0.0
pruning-in-iteration extra time: 0.00014591217041015625
torch.Size([256, 1])
Time: prepare 0.0036    bound 0.7688    transfer 0.0046    finalize 0.0164    func 0.7934    
Accumulated time: func 69.3632    prepare 1.5681    bound 65.4548    transfer 0.5352    finalize 2.9400    
max lb tensor(-934.) min lb tensor(-1138.)
Number of Verified Splits: 0 of 256
Current worst splitting domains lb-rhs (depth):
-1138.00000 (76), -1138.00000 (11), -1138.00000 (44), -1138.00000 (46), -1138.00000 (34), -1138.00000 (83), -1138.00000 (72), -1138.00000 (103), -1138.00000 (105), -1138.00000 (30), -1138.00000 (23), -1138.00000 (100), -1138.00000 (56), -1138.00000 (85), -1138.00000 (25), -1138.00000 (52), -1138.00000 (69), -1138.00000 (63), -1138.00000 (35), -1138.00000 (21), 
Length of domains: 13352
Current (lb-rhs): -1138.0
26620 domains visited
Time: pickout 0.0241    decision 0.2035    set_bounds 0.0051    solve 0.7939    add 0.0442    
Accumulated time: pickout 1.9244    decision 27.5843    set_bounds 0.6328    solve 69.4166    add 7.3454    
Cumulative time: 107.04813051223755

BaB round 106
batch: 128
splitting decisions: 
split level 0: [/74, 324] [/74, 808] [/74, 345] [/74, 155] [/74, 817] [/74, 808] [/74, 509] [/74, 54] [/74, 345] [/74, 324] 
best_l after optimization: -265818.0625
beta sum per layer: [0.0, 0.0, 0.0, 1.5763452053070068]
alpha/beta optimization time: 0.3684570789337158
pruning_in_iteration open status: False
ratio of positive domain = 0 / 256 = 0.0
pruning-in-iteration extra time: 4.1484832763671875e-05
torch.Size([256, 1])
Time: prepare 0.0032    bound 0.3698    transfer 0.0054    finalize 0.0167    func 0.3952    
Accumulated time: func 69.7584    prepare 1.5896    bound 65.8246    transfer 0.5406    finalize 2.9567    
max lb tensor(-934.) min lb tensor(-1138.)
Number of Verified Splits: 0 of 256
Current worst splitting domains lb-rhs (depth):
-1138.00000 (86), -1138.00000 (57), -1138.00000 (30), -1138.00000 (15), -1138.00000 (105), -1138.00000 (93), -1138.00000 (64), -1138.00000 (4), -1138.00000 (42), -1138.00000 (30), -1138.00000 (79), -1138.00000 (11), -1138.00000 (42), -1138.00000 (65), -1138.00000 (106), -1138.00000 (29), -1138.00000 (56), -1138.00000 (43), -1138.00000 (75), -1138.00000 (93), 
Length of domains: 13480
Current (lb-rhs): -1138.0
26876 domains visited
Time: pickout 0.0194    decision 0.2551    set_bounds 0.0045    solve 0.3956    add 0.0407    
Accumulated time: pickout 1.9438    decision 27.8394    set_bounds 0.6374    solve 69.8122    add 7.3861    
Cumulative time: 107.76399183273315

BaB round 107
batch: 128
splitting decisions: 
split level 0: [/74, 1003] [/74, 378] [/74, 54] [/74, 737] [/74, 14] [/74, 686] [/74, 250] [/74, 359] [/74, 54] [/74, 665] 
best_l after optimization: -265817.9375
beta sum per layer: [0.0, 0.0, 0.0, 1.8953704833984375]
alpha/beta optimization time: 0.3673982620239258
pruning_in_iteration open status: False
ratio of positive domain = 0 / 256 = 0.0
pruning-in-iteration extra time: 4.076957702636719e-05
torch.Size([256, 1])
Time: prepare 0.0032    bound 0.3688    transfer 0.0055    finalize 0.0180    func 0.3955    
Accumulated time: func 70.1539    prepare 1.5940    bound 66.1934    transfer 0.5461    finalize 2.9747    
max lb tensor(-934.) min lb tensor(-1138.)
Number of Verified Splits: 0 of 256
Current worst splitting domains lb-rhs (depth):
-1138.00000 (91), -1138.00000 (62), -1138.00000 (36), -1138.00000 (66), -1138.00000 (80), -1138.00000 (6), -1138.00000 (106), -1138.00000 (57), -1138.00000 (42), -1138.00000 (27), -1138.00000 (70), -1138.00000 (15), -1138.00000 (48), -1138.00000 (100), -1138.00000 (84), -1138.00000 (14), -1138.00000 (27), -1138.00000 (76), -1138.00000 (37), -1138.00000 (56), 
Length of domains: 13608
Current (lb-rhs): -1138.0
27132 domains visited
Time: pickout 0.0169    decision 0.3453    set_bounds 0.0046    solve 0.3966    add 0.0442    
Accumulated time: pickout 1.9606    decision 28.1847    set_bounds 0.6420    solve 70.2088    add 7.4302    
Cumulative time: 108.57215070724487

BaB round 108
batch: 128
splitting decisions: 
split level 0: [/74, 815] [/74, 686] [/74, 359] [/74, 817] [/74, 849] [/74, 324] [/74, 885] [/74, 994] [/74, 359] [/74, 737] 
best_l after optimization: -265819.40625
beta sum per layer: [0.0, 0.0, 0.0, 1.7100625038146973]
alpha/beta optimization time: 0.3602564334869385
pruning_in_iteration open status: False
ratio of positive domain = 0 / 256 = 0.0
pruning-in-iteration extra time: 5.14984130859375e-05
torch.Size([256, 1])
Time: prepare 0.0029    bound 0.3616    transfer 0.0045    finalize 0.0148    func 0.3839    
Accumulated time: func 70.5378    prepare 1.5980    bound 66.5550    transfer 0.5506    finalize 2.9896    
max lb tensor(-934.) min lb tensor(-1138.)
Number of Verified Splits: 0 of 256
Current worst splitting domains lb-rhs (depth):
-1138.00000 (87), -1138.00000 (42), -1138.00000 (88), -1138.00000 (43), -1138.00000 (43), -1138.00000 (88), -1138.00000 (43), -1138.00000 (107), -1138.00000 (44), -1138.00000 (88), -1138.00000 (44), -1138.00000 (7), -1138.00000 (44), -1138.00000 (87), -1138.00000 (45), -1138.00000 (45), -1138.00000 (42), -1138.00000 (45), -1138.00000 (87), -1138.00000 (46), 
Length of domains: 13736
Current (lb-rhs): -1138.0
27388 domains visited
Time: pickout 0.0195    decision 0.1301    set_bounds 0.0045    solve 0.3859    add 0.0391    
Accumulated time: pickout 1.9802    decision 28.3147    set_bounds 0.6465    solve 70.5947    add 7.4693    
Cumulative time: 109.15178060531616

BaB round 109
batch: 128
splitting decisions: 
split level 0: [/74, 929] [/74, 872] [/74, 808] [/74, 849] [/74, 19] [/74, 1003] [/74, 236] [/74, 1003] [/74, 994] [/74, 817] 
best_l after optimization: -265818.875
beta sum per layer: [0.0, 0.0, 0.0, 1.663404941558838]
alpha/beta optimization time: 0.3588540554046631
pruning_in_iteration open status: False
ratio of positive domain = 0 / 256 = 0.0
pruning-in-iteration extra time: 0.00011944770812988281
torch.Size([256, 1])
Time: prepare 0.0030    bound 0.3602    transfer 0.0041    finalize 0.0135    func 0.3810    
Accumulated time: func 70.9188    prepare 1.6022    bound 66.9152    transfer 0.5548    finalize 3.0031    
max lb tensor(-934.) min lb tensor(-1138.)
Number of Verified Splits: 0 of 256
Current worst splitting domains lb-rhs (depth):
-1138.00000 (95), -1138.00000 (65), -1138.00000 (25), -1138.00000 (73), -1138.00000 (70), -1138.00000 (42), -1138.00000 (82), -1138.00000 (24), -1138.00000 (95), -1138.00000 (43), -1138.00000 (56), -1138.00000 (82), -1138.00000 (64), -1138.00000 (24), -1138.00000 (43), -1138.00000 (108), -1138.00000 (5), -1138.00000 (11), -1138.00000 (24), -1138.00000 (82), 
Length of domains: 13864
Current (lb-rhs): -1138.0
27644 domains visited
Time: pickout 0.0176    decision 0.1298    set_bounds 0.0045    solve 0.3829    add 0.0400    
Accumulated time: pickout 1.9977    decision 28.4446    set_bounds 0.6510    solve 70.9776    add 7.5092    
Cumulative time: 109.72716760635376

BaB round 110
batch: 128
splitting decisions: 
split level 0: [/74, 149] [/74, 1003] [/74, 686] [/74, 466] [/74, 466] [/74, 929] [/74, 780] [/74, 929] [/74, 378] [/74, 609] 
best_l after optimization: -265818.46875
beta sum per layer: [0.0, 0.0, 0.0, 1.645219326019287]
alpha/beta optimization time: 0.3630983829498291
pruning_in_iteration open status: False
ratio of positive domain = 0 / 256 = 0.0
pruning-in-iteration extra time: 0.00012373924255371094
torch.Size([256, 1])
Time: prepare 0.0031    bound 0.3645    transfer 0.0048    finalize 0.0166    func 0.3890    
Accumulated time: func 71.3078    prepare 1.6064    bound 67.2798    transfer 0.5596    finalize 3.0197    
max lb tensor(-934.) min lb tensor(-1138.)
Number of Verified Splits: 0 of 256
Current worst splitting domains lb-rhs (depth):
-1138.00000 (6), -1138.00000 (80), -1138.00000 (44), -1138.00000 (22), -1138.00000 (4), -1138.00000 (69), -1138.00000 (108), -1138.00000 (71), -1138.00000 (52), -1138.00000 (29), -1138.00000 (22), -1138.00000 (110), -1138.00000 (86), -1138.00000 (38), -1138.00000 (101), -1138.00000 (52), -1138.00000 (85), -1138.00000 (44), -1138.00000 (75), -1138.00000 (65), 
Length of domains: 13992
Current (lb-rhs): -1138.0
27900 domains visited
Time: pickout 0.0169    decision 0.1307    set_bounds 0.0045    solve 0.3912    add 0.0397    
Accumulated time: pickout 2.0146    decision 28.5753    set_bounds 0.6554    solve 71.3688    add 7.5489    
Cumulative time: 110.31073117256165

BaB round 111
batch: 128
splitting decisions: 
split level 0: [/74, 830] [/74, 929] [/74, 309] [/74, 236] [/74, 236] [/74, 723] [/74, 973] [/74, 149] [/74, 872] [/74, 14] 
best_l after optimization: -265818.1875
beta sum per layer: [0.0, 0.0, 0.0, 1.6116211414337158]
alpha/beta optimization time: 0.36052799224853516
pruning_in_iteration open status: False
ratio of positive domain = 0 / 256 = 0.0
pruning-in-iteration extra time: 4.0531158447265625e-05
torch.Size([256, 1])
Time: prepare 0.0030    bound 0.3619    transfer 0.0044    finalize 0.0142    func 0.3834    
Accumulated time: func 71.6913    prepare 1.6106    bound 67.6416    transfer 0.5640    finalize 3.0338    
max lb tensor(-934.) min lb tensor(-1138.)
Number of Verified Splits: 0 of 256
Current worst splitting domains lb-rhs (depth):
-1138.00000 (6), -1138.00000 (47), -1138.00000 (64), -1138.00000 (52), -1138.00000 (87), -1138.00000 (28), -1138.00000 (77), -1138.00000 (94), -1138.00000 (39), -1138.00000 (28), -1138.00000 (110), -1138.00000 (62), -1138.00000 (94), -1138.00000 (106), -1138.00000 (28), -1138.00000 (53), -1138.00000 (95), -1138.00000 (87), -1138.00000 (69), -1138.00000 (77), 
Length of domains: 14120
Current (lb-rhs): -1138.0
28156 domains visited
Time: pickout 0.0200    decision 0.1307    set_bounds 0.0044    solve 0.3854    add 0.0385    
Accumulated time: pickout 2.0346    decision 28.7059    set_bounds 0.6599    solve 71.7542    add 7.5874    
Cumulative time: 110.8902702331543

BaB round 112
batch: 128
splitting decisions: 
split level 0: [/74, 737] [/74, 149] [/74, 324] [/74, 973] [/74, 183] [/74, 155] [/74, 183] [/74, 723] [/74, 324] [/74, 849] 
best_l after optimization: -265817.90625
beta sum per layer: [0.0, 0.0, 0.0, 1.5987755060195923]
alpha/beta optimization time: 0.3694887161254883
pruning_in_iteration open status: False
ratio of positive domain = 0 / 256 = 0.0
pruning-in-iteration extra time: 4.410743713378906e-05
torch.Size([256, 1])
Time: prepare 0.0031    bound 0.3709    transfer 0.0051    finalize 0.0154    func 0.3945    
Accumulated time: func 72.0857    prepare 1.6148    bound 68.0125    transfer 0.5690    finalize 3.0493    
max lb tensor(-934.) min lb tensor(-1138.)
Number of Verified Splits: 0 of 256
Current worst splitting domains lb-rhs (depth):
-1138.00000 (39), -1138.00000 (103), -1138.00000 (7), -1138.00000 (65), -1138.00000 (39), -1138.00000 (111), -1138.00000 (94), -1138.00000 (21), -1138.00000 (65), -1138.00000 (80), -1138.00000 (81), -1138.00000 (8), -1138.00000 (65), -1138.00000 (94), -1138.00000 (39), -1138.00000 (21), -1138.00000 (64), -1138.00000 (40), -1138.00000 (80), -1138.00000 (7), 
Length of domains: 14248
Current (lb-rhs): -1138.0
28412 domains visited
Time: pickout 0.0175    decision 0.1302    set_bounds 0.0045    solve 0.3966    add 0.0402    
Accumulated time: pickout 2.0521    decision 28.8361    set_bounds 0.6644    solve 72.1507    add 7.6276    
Cumulative time: 111.47990369796753

BaB round 113
batch: 128
splitting decisions: 
split level 0: [/74, 817] [/74, 723] [/74, 249] [/74, 183] [/74, 783] [/74, 665] [/74, 715] [/74, 830] [/74, 1003] [/74, 19] 
best_l after optimization: -265817.71875
beta sum per layer: [0.0, 0.0, 0.0, 1.8904016017913818]
alpha/beta optimization time: 0.3811533451080322
pruning_in_iteration open status: False
ratio of positive domain = 0 / 256 = 0.0
pruning-in-iteration extra time: 3.910064697265625e-05
torch.Size([256, 1])
Time: prepare 0.0031    bound 0.3825    transfer 0.0053    finalize 0.0160    func 0.4069    
Accumulated time: func 72.4926    prepare 1.6195    bound 68.3950    transfer 0.5743    finalize 3.0653    
max lb tensor(-934.) min lb tensor(-1138.)
Number of Verified Splits: 0 of 256
Current worst splitting domains lb-rhs (depth):
-1138.00000 (4), -1138.00000 (7), -1138.00000 (36), -1138.00000 (75), -1138.00000 (49), -1138.00000 (82), -1138.00000 (91), -1138.00000 (106), -1138.00000 (59), -1138.00000 (97), -1138.00000 (49), -1138.00000 (19), -1138.00000 (103), -1138.00000 (58), -1138.00000 (75), -1138.00000 (59), -1138.00000 (24), -1138.00000 (88), -1138.00000 (109), -1138.00000 (30), 
Length of domains: 14376
Current (lb-rhs): -1138.0
28668 domains visited
Time: pickout 0.0185    decision 0.1393    set_bounds 0.0045    solve 0.4090    add 0.0403    
Accumulated time: pickout 2.0706    decision 28.9754    set_bounds 0.6689    solve 72.5597    add 7.6680    
Cumulative time: 112.09206652641296

BaB round 114
batch: 128
splitting decisions: 
split level 0: [/74, 609] [/74, 830] [/74, 723] [/74, 783] [/74, 570] [/74, 737] [/74, 159] [/74, 665] [/74, 149] [/74, 466] 
best_l after optimization: -265819.5
beta sum per layer: [0.0, 0.0, 0.0, 1.689704418182373]
alpha/beta optimization time: 0.36691999435424805
pruning_in_iteration open status: False
ratio of positive domain = 0 / 256 = 0.0
pruning-in-iteration extra time: 3.981590270996094e-05
torch.Size([256, 1])
Time: prepare 0.0032    bound 0.3683    transfer 0.0042    finalize 0.0150    func 0.3908    
Accumulated time: func 72.8834    prepare 1.6238    bound 68.7633    transfer 0.5785    finalize 3.0803    
max lb tensor(-934.) min lb tensor(-1138.)
Number of Verified Splits: 0 of 256
Current worst splitting domains lb-rhs (depth):
-1138.00000 (29), -1138.00000 (55), -1138.00000 (30), -1138.00000 (88), -1138.00000 (55), -1138.00000 (101), -1138.00000 (30), -1138.00000 (56), -1138.00000 (29), -1138.00000 (87), -1138.00000 (56), -1138.00000 (101), -1138.00000 (56), -1138.00000 (30), -1138.00000 (87), -1138.00000 (29), -1138.00000 (57), -1138.00000 (8), -1138.00000 (102), -1138.00000 (57), 
Length of domains: 14504
Current (lb-rhs): -1138.0
28924 domains visited
Time: pickout 0.0185    decision 0.1333    set_bounds 0.0046    solve 0.3928    add 0.0387    
Accumulated time: pickout 2.0891    decision 29.1087    set_bounds 0.6734    solve 72.9525    add 7.7066    
Cumulative time: 112.68053317070007

BaB round 115
batch: 128
splitting decisions: 
split level 0: [/74, 509] [/74, 665] [/74, 155] [/74, 570] [/74, 715] [/74, 527] [/74, 777] [/74, 14] [/74, 830] [/74, 236] 
best_l after optimization: -265818.6875
beta sum per layer: [0.0, 0.0, 0.0, 1.63105046749115]
alpha/beta optimization time: 0.3629903793334961
pruning_in_iteration open status: False
ratio of positive domain = 0 / 256 = 0.0
pruning-in-iteration extra time: 0.00011491775512695312
torch.Size([256, 1])
Time: prepare 0.0030    bound 0.3644    transfer 0.0042    finalize 0.0140    func 0.3856    
Accumulated time: func 73.2690    prepare 1.6280    bound 69.1277    transfer 0.5827    finalize 3.0942    
max lb tensor(-934.) min lb tensor(-1138.)
Number of Verified Splits: 0 of 256
Current worst splitting domains lb-rhs (depth):
-1138.00000 (79), -1138.00000 (55), -1138.00000 (97), -1138.00000 (93), -1138.00000 (20), -1138.00000 (113), -1138.00000 (90), -1138.00000 (71), -1138.00000 (84), -1138.00000 (23), -1138.00000 (104), -1138.00000 (67), -1138.00000 (108), -1138.00000 (28), -1138.00000 (36), -1138.00000 (11), -1138.00000 (77), -1138.00000 (59), -1138.00000 (99), -1138.00000 (49), 
Length of domains: 14632
Current (lb-rhs): -1138.0
29180 domains visited
Time: pickout 0.0176    decision 0.1308    set_bounds 0.0045    solve 0.3876    add 0.0405    
Accumulated time: pickout 2.1067    decision 29.2395    set_bounds 0.6779    solve 73.3401    add 7.7471    
Cumulative time: 113.26207208633423

BaB round 116
batch: 128
splitting decisions: 
split level 0: [/74, 250] [/74, 737] [/74, 737] [/74, 159] [/74, 777] [/74, 466] [/74, 425] [/74, 849] [/74, 155] [/74, 239] 
best_l after optimization: -265818.21875
beta sum per layer: [0.0, 0.0, 0.0, 1.601238489151001]
alpha/beta optimization time: 0.36175107955932617
pruning_in_iteration open status: False
ratio of positive domain = 0 / 256 = 0.0
pruning-in-iteration extra time: 4.0531158447265625e-05
torch.Size([256, 1])
Time: prepare 0.0030    bound 0.3631    transfer 0.0041    finalize 0.0138    func 0.3840    
Accumulated time: func 73.6530    prepare 1.6321    bound 69.4908    transfer 0.5868    finalize 3.1080    
max lb tensor(-934.) min lb tensor(-1138.)
Number of Verified Splits: 0 of 256
Current worst splitting domains lb-rhs (depth):
-1138.00000 (29), -1138.00000 (103), -1138.00000 (107), -1138.00000 (84), -1138.00000 (59), -1138.00000 (82), -1138.00000 (46), -1138.00000 (36), -1138.00000 (83), -1138.00000 (82), -1138.00000 (26), -1138.00000 (48), -1138.00000 (87), -1138.00000 (66), -1138.00000 (78), -1138.00000 (14), -1138.00000 (61), -1138.00000 (11), -1138.00000 (100), -1138.00000 (113), 
Length of domains: 14760
Current (lb-rhs): -1138.0
29436 domains visited
Time: pickout 0.0194    decision 0.1303    set_bounds 0.0045    solve 0.3861    add 0.0381    
Accumulated time: pickout 2.1260    decision 29.3698    set_bounds 0.6824    solve 73.7263    add 7.7852    
Cumulative time: 113.84108448028564

BaB round 117
batch: 128
splitting decisions: 
split level 0: [/74, 19] [/74, 817] [/74, 178] [/74, 425] [/74, 425] [/74, 783] [/74, 757] [/74, 19] [/74, 665] [/74, 780] 
best_l after optimization: -265817.96875
beta sum per layer: [0.0, 0.0, 0.0, 1.584876537322998]
alpha/beta optimization time: 0.36695170402526855
pruning_in_iteration open status: False
ratio of positive domain = 0 / 256 = 0.0
pruning-in-iteration extra time: 4.0531158447265625e-05
torch.Size([256, 1])
Time: prepare 0.0033    bound 0.3684    transfer 0.0040    finalize 0.0131    func 0.3888    
Accumulated time: func 74.0418    prepare 1.6365    bound 69.8592    transfer 0.5908    finalize 3.1211    
max lb tensor(-934.) min lb tensor(-1138.)
Number of Verified Splits: 0 of 256
Current worst splitting domains lb-rhs (depth):
-1138.00000 (18), -1138.00000 (96), -1138.00000 (80), -1138.00000 (117), -1138.00000 (68), -1138.00000 (34), -1138.00000 (107), -1138.00000 (75), -1138.00000 (5), -1138.00000 (90), -1138.00000 (62), -1138.00000 (43), -1138.00000 (111), -1138.00000 (53), -1138.00000 (43), -1138.00000 (22), -1138.00000 (8), -1138.00000 (33), -1138.00000 (97), -1138.00000 (14), 
Length of domains: 14888
Current (lb-rhs): -1138.0
29692 domains visited
Time: pickout 0.0178    decision 0.1298    set_bounds 0.0046    solve 0.3909    add 0.0405    
Accumulated time: pickout 2.1438    decision 29.4997    set_bounds 0.6870    solve 74.1171    add 7.8257    
Cumulative time: 114.42530655860901

BaB round 118
batch: 128
splitting decisions: 
split level 0: [/74, 885] [/74, 609] [/74, 609] [/74, 757] [/74, 757] [/74, 570] [/74, 367] [/74, 236] [/74, 737] [/74, 973] 
best_l after optimization: -265817.9375
beta sum per layer: [0.0, 0.0, 0.0, 2.0208840370178223]
alpha/beta optimization time: 0.3684196472167969
pruning_in_iteration open status: False
ratio of positive domain = 0 / 256 = 0.0
pruning-in-iteration extra time: 3.647804260253906e-05
torch.Size([256, 1])
Time: prepare 0.0032    bound 0.3698    transfer 0.0039    finalize 0.0131    func 0.3901    
Accumulated time: func 74.4319    prepare 1.6409    bound 70.2290    transfer 0.5947    finalize 3.1343    
max lb tensor(-934.) min lb tensor(-1138.)
Number of Verified Splits: 0 of 256
Current worst splitting domains lb-rhs (depth):
-1138.00000 (13), -1138.00000 (37), -1138.00000 (106), -1138.00000 (87), -1138.00000 (115), -1138.00000 (27), -1138.00000 (89), -1138.00000 (83), -1138.00000 (51), -1138.00000 (59), -1138.00000 (66), -1138.00000 (21), -1138.00000 (28), -1138.00000 (94), -1138.00000 (36), -1138.00000 (44), -1138.00000 (110), -1138.00000 (98), -1138.00000 (61), -1138.00000 (68), 
Length of domains: 15016
Current (lb-rhs): -1138.0
29948 domains visited
Time: pickout 0.0188    decision 0.1312    set_bounds 0.0046    solve 0.3921    add 0.0413    
Accumulated time: pickout 2.1626    decision 29.6309    set_bounds 0.6916    solve 74.5092    add 7.8670    
Cumulative time: 115.01390838623047

BaB round 119
batch: 128
splitting decisions: 
split level 0: [/74, 466] [/74, 14] [/74, 250] [/74, 674] [/74, 822] [/74, 159] [/74, 126] [/74, 239] [/74, 817] [/74, 183] 
best_l after optimization: -265819.625
beta sum per layer: [0.0, 0.0, 0.0, 1.7433940172195435]
alpha/beta optimization time: 0.36575818061828613
pruning_in_iteration open status: False
ratio of positive domain = 0 / 256 = 0.0
pruning-in-iteration extra time: 4.220008850097656e-05
torch.Size([256, 1])
Time: prepare 0.0031    bound 0.3672    transfer 0.0039    finalize 0.0127    func 0.3869    
Accumulated time: func 74.8188    prepare 1.6451    bound 70.5962    transfer 0.5986    finalize 3.1470    
max lb tensor(-934.) min lb tensor(-1138.)
Number of Verified Splits: 0 of 256
Current worst splitting domains lb-rhs (depth):
-1138.00000 (50), -1138.00000 (59), -1138.00000 (74), -1138.00000 (79), -1138.00000 (18), -1138.00000 (83), -1138.00000 (41), -1138.00000 (47), -1138.00000 (54), -1138.00000 (26), -1138.00000 (113), -1138.00000 (21), -1138.00000 (101), -1138.00000 (115), -1138.00000 (104), -1138.00000 (30), -1138.00000 (90), -1138.00000 (66), -1138.00000 (96), -1138.00000 (77), 
Length of domains: 15144
Current (lb-rhs): -1138.0
30204 domains visited
Time: pickout 0.0173    decision 0.1301    set_bounds 0.0046    solve 0.3889    add 0.0407    
Accumulated time: pickout 2.1799    decision 29.7610    set_bounds 0.6961    solve 74.8981    add 7.9077    
Cumulative time: 115.5960898399353

BaB round 120
batch: 128
splitting decisions: 
split level 0: [/74, 239] [/74, 509] [/74, 885] [/74, 758] [/74, 758] [/74, 777] [/74, 7] [/74, 183] [/74, 609] [/74, 674] 
best_l after optimization: -265818.5625
beta sum per layer: [0.0, 0.0, 0.0, 1.6420016288757324]
alpha/beta optimization time: 0.4035372734069824
pruning_in_iteration open status: False
ratio of positive domain = 0 / 256 = 0.0
pruning-in-iteration extra time: 3.743171691894531e-05
torch.Size([256, 1])
Time: prepare 0.0032    bound 0.4050    transfer 0.0035    finalize 0.0134    func 0.4252    
Accumulated time: func 75.2440    prepare 1.6495    bound 71.0012    transfer 0.6021    finalize 3.1604    
max lb tensor(-934.) min lb tensor(-1138.)
Number of Verified Splits: 0 of 256
Current worst splitting domains lb-rhs (depth):
-1138.00000 (75), -1138.00000 (9), -1138.00000 (68), -1138.00000 (78), -1138.00000 (42), -1138.00000 (120), -1138.00000 (118), -1138.00000 (112), -1138.00000 (69), -1138.00000 (15), -1138.00000 (49), -1138.00000 (47), -1138.00000 (31), -1138.00000 (37), -1138.00000 (19), -1138.00000 (52), -1138.00000 (106), -1138.00000 (25), -1138.00000 (32), -1138.00000 (100), 
Length of domains: 15272
Current (lb-rhs): -1138.0
30460 domains visited
Time: pickout 0.0173    decision 0.1306    set_bounds 0.0046    solve 0.4272    add 0.0422    
Accumulated time: pickout 2.1972    decision 29.8916    set_bounds 0.7007    solve 75.3253    add 7.9500    
Cumulative time: 116.21865797042847

BaB round 121
batch: 128
splitting decisions: 
split level 0: [/74, 780] [/74, 19] [/74, 527] [/74, 367] [/74, 898] [/74, 822] [/74, 99] [/74, 783] [/74, 14] [/74, 367] 
best_l after optimization: -265818.25
beta sum per layer: [0.0, 0.0, 0.0, 1.6149529218673706]
alpha/beta optimization time: 0.365924596786499
pruning_in_iteration open status: False
ratio of positive domain = 0 / 256 = 0.0
pruning-in-iteration extra time: 3.838539123535156e-05
torch.Size([256, 1])
Time: prepare 0.0031    bound 0.3673    transfer 0.0037    finalize 0.0128    func 0.3870    
Accumulated time: func 75.6310    prepare 1.6537    bound 71.3685    transfer 0.6059    finalize 3.1732    
max lb tensor(-934.) min lb tensor(-1138.)
Number of Verified Splits: 0 of 256
Current worst splitting domains lb-rhs (depth):
-1138.00000 (44), -1138.00000 (105), -1138.00000 (27), -1138.00000 (19), -1138.00000 (36), -1138.00000 (111), -1138.00000 (87), -1138.00000 (118), -1138.00000 (84), -1138.00000 (9), -1138.00000 (65), -1138.00000 (53), -1138.00000 (121), -1138.00000 (57), -1138.00000 (43), -1138.00000 (99), -1138.00000 (5), -1138.00000 (27), -1138.00000 (60), -1138.00000 (72), 
Length of domains: 15400
Current (lb-rhs): -1138.0
30716 domains visited
Time: pickout 0.0175    decision 0.1305    set_bounds 0.0045    solve 0.3890    add 0.0407    
Accumulated time: pickout 2.2146    decision 30.0221    set_bounds 0.7053    solve 75.7143    add 7.9907    
Cumulative time: 116.80148911476135

BaB round 122
batch: 128
splitting decisions: 
split level 0: [/74, 783] [/74, 527] [/74, 466] [/74, 126] [/74, 323] [/74, 126] [/74, 937] [/74, 570] [/74, 250] [/74, 126] 
best_l after optimization: -265818.0625
beta sum per layer: [0.0, 0.0, 0.0, 1.6003153324127197]
alpha/beta optimization time: 0.36452674865722656
pruning_in_iteration open status: False
ratio of positive domain = 0 / 256 = 0.0
pruning-in-iteration extra time: 3.743171691894531e-05
torch.Size([256, 1])
Time: prepare 0.0031    bound 0.3659    transfer 0.0037    finalize 0.0135    func 0.3863    
Accumulated time: func 76.0173    prepare 1.6580    bound 71.7344    transfer 0.6096    finalize 3.1867    
max lb tensor(-934.) min lb tensor(-1138.)
Number of Verified Splits: 0 of 256
Current worst splitting domains lb-rhs (depth):
-1138.00000 (54), -1138.00000 (53), -1138.00000 (122), -1138.00000 (71), -1138.00000 (110), -1138.00000 (77), -1138.00000 (19), -1138.00000 (54), -1138.00000 (41), -1138.00000 (9), -1138.00000 (103), -1138.00000 (27), -1138.00000 (88), -1138.00000 (96), -1138.00000 (97), -1138.00000 (84), -1138.00000 (40), -1138.00000 (70), -1138.00000 (19), -1138.00000 (115), 
Length of domains: 15528
Current (lb-rhs): -1138.0
30972 domains visited
Time: pickout 0.0175    decision 0.1307    set_bounds 0.0046    solve 0.3883    add 0.0407    
Accumulated time: pickout 2.2321    decision 30.1528    set_bounds 0.7098    solve 76.1026    add 8.0313    
Cumulative time: 117.38386225700378

BaB round 123
batch: 128
splitting decisions: 
split level 0: [/74, 777] [/74, 236] [/74, 239] [/74, 970] [/74, 7] [/74, 323] [/74, 1007] [/74, 159] [/74, 849] [/74, 898] 
best_l after optimization: -265817.75
beta sum per layer: [0.0, 0.0, 0.0, 1.5815883874893188]
alpha/beta optimization time: 0.36769962310791016
pruning_in_iteration open status: False
ratio of positive domain = 0 / 256 = 0.0
pruning-in-iteration extra time: 3.457069396972656e-05
torch.Size([256, 1])
Time: prepare 0.0032    bound 0.3691    transfer 0.0041    finalize 0.0298    func 0.4062    
Accumulated time: func 76.4235    prepare 1.6623    bound 72.1035    transfer 0.6137    finalize 3.2165    
max lb tensor(-934.) min lb tensor(-1138.)
Number of Verified Splits: 0 of 256
Current worst splitting domains lb-rhs (depth):
-1138.00000 (90), -1138.00000 (106), -1138.00000 (42), -1138.00000 (51), -1138.00000 (16), -1138.00000 (115), -1138.00000 (122), -1138.00000 (6), -1138.00000 (71), -1138.00000 (20), -1138.00000 (101), -1138.00000 (28), -1138.00000 (44), -1138.00000 (76), -1138.00000 (13), -1138.00000 (37), -1138.00000 (34), -1138.00000 (88), -1138.00000 (40), -1138.00000 (82), 
Length of domains: 15656
Current (lb-rhs): -1138.0
31228 domains visited
Time: pickout 0.0172    decision 0.1309    set_bounds 0.0047    solve 0.4083    add 0.0388    
Accumulated time: pickout 2.2493    decision 30.2838    set_bounds 0.7145    solve 76.5108    add 8.0701    
Cumulative time: 117.98431587219238

BaB round 124
batch: 128
splitting decisions: 
split level 0: [/74, 401] [/74, 239] [/74, 183] [/74, 692] [/74, 99] [/74, 99] [/74, 307] [/74, 757] [/74, 236] [/74, 323] 
best_l after optimization: -265817.5625
beta sum per layer: [0.0, 0.0, 0.0, 1.5678380727767944]
alpha/beta optimization time: 0.3731365203857422
pruning_in_iteration open status: False
ratio of positive domain = 0 / 256 = 0.0
pruning-in-iteration extra time: 4.00543212890625e-05
torch.Size([256, 1])
Time: prepare 0.0030    bound 0.3745    transfer 0.0039    finalize 0.0133    func 0.3947    
Accumulated time: func 76.8182    prepare 1.6665    bound 72.4780    transfer 0.6176    finalize 3.2297    
max lb tensor(-934.) min lb tensor(-1138.)
Number of Verified Splits: 0 of 256
Current worst splitting domains lb-rhs (depth):
-1138.00000 (41), -1138.00000 (13), -1138.00000 (51), -1138.00000 (41), -1138.00000 (88), -1138.00000 (74), -1138.00000 (14), -1138.00000 (119), -1138.00000 (73), -1138.00000 (14), -1138.00000 (51), -1138.00000 (74), -1138.00000 (100), -1138.00000 (14), -1138.00000 (88), -1138.00000 (105), -1138.00000 (73), -1138.00000 (119), -1138.00000 (15), -1138.00000 (73), 
Length of domains: 15784
Current (lb-rhs): -1138.0
31484 domains visited
Time: pickout 0.0178    decision 0.1303    set_bounds 0.0045    solve 0.3972    add 0.0435    
Accumulated time: pickout 2.2671    decision 30.4141    set_bounds 0.7191    solve 76.9080    add 8.1136    
Cumulative time: 118.57832837104797

BaB round 125
batch: 128
splitting decisions: 
split level 0: [/74, 425] [/74, 780] [/74, 401] [/74, 937] [/74, 692] [/74, 692] [/74, 321] [/74, 674] [/74, 239] [/74, 970] 
best_l after optimization: -265817.4375
beta sum per layer: [0.0, 0.0, 0.0, 2.0385091304779053]
alpha/beta optimization time: 0.36772608757019043
pruning_in_iteration open status: False
ratio of positive domain = 0 / 256 = 0.0
pruning-in-iteration extra time: 3.600120544433594e-05
torch.Size([256, 1])
Time: prepare 0.0031    bound 0.3691    transfer 0.0041    finalize 0.0296    func 0.4059    
Accumulated time: func 77.2242    prepare 1.6707    bound 72.8471    transfer 0.6217    finalize 3.2594    
max lb tensor(-934.) min lb tensor(-1138.)
Number of Verified Splits: 0 of 256
Current worst splitting domains lb-rhs (depth):
-1138.00000 (91), -1138.00000 (119), -1138.00000 (78), -1138.00000 (81), -1138.00000 (32), -1138.00000 (62), -1138.00000 (13), -1138.00000 (42), -1138.00000 (106), -1138.00000 (32), -1138.00000 (53), -1138.00000 (119), -1138.00000 (13), -1138.00000 (106), -1138.00000 (5), -1138.00000 (124), -1138.00000 (31), -1138.00000 (85), -1138.00000 (31), -1138.00000 (14), 
Length of domains: 15912
Current (lb-rhs): -1138.0
31740 domains visited
Time: pickout 0.0185    decision 0.1339    set_bounds 0.0051    solve 0.4081    add 0.0424    
Accumulated time: pickout 2.2856    decision 30.5480    set_bounds 0.7241    solve 77.3161    add 8.1560    
Cumulative time: 119.18693256378174

BaB round 126
batch: 128
splitting decisions: 
split level 0: [/74, 757] [/74, 757] [/74, 425] [/74, 1007] [/74, 937] [/74, 1022] [/74, 751] [/74, 758] [/74, 973] [/74, 99] 
best_l after optimization: -265819.96875
beta sum per layer: [0.0, 0.0, 0.0, 1.7660787105560303]
alpha/beta optimization time: 0.3849167823791504
pruning_in_iteration open status: False
ratio of positive domain = 0 / 256 = 0.0
pruning-in-iteration extra time: 4.076957702636719e-05
torch.Size([256, 1])
Time: prepare 0.0033    bound 0.3863    transfer 0.0038    finalize 0.0130    func 0.4064    
Accumulated time: func 77.6306    prepare 1.6752    bound 73.2334    transfer 0.6254    finalize 3.2724    
max lb tensor(-934.) min lb tensor(-1138.)
Number of Verified Splits: 0 of 256
Current worst splitting domains lb-rhs (depth):
-1138.00000 (108), -1138.00000 (105), -1138.00000 (89), -1138.00000 (115), -1138.00000 (86), -1138.00000 (54), -1138.00000 (7), -1138.00000 (15), -1138.00000 (39), -1138.00000 (95), -1138.00000 (65), -1138.00000 (49), -1138.00000 (125), -1138.00000 (26), -1138.00000 (43), -1138.00000 (74), -1138.00000 (25), -1138.00000 (65), -1138.00000 (27), -1138.00000 (121), 
Length of domains: 16040
Current (lb-rhs): -1138.0
31996 domains visited
Time: pickout 0.0186    decision 0.1363    set_bounds 0.0048    solve 0.4085    add 0.0374    
Accumulated time: pickout 2.3041    decision 30.6844    set_bounds 0.7289    solve 77.7246    add 8.1935    
Cumulative time: 119.79317998886108

BaB round 127
batch: 128
splitting decisions: 
split level 0: [/74, 674] [/74, 758] [/74, 757] [/74, 501] [/74, 1007] [/74, 937] [/74, 995] [/74, 367] [/74, 183] [/74, 32] 
best_l after optimization: -265818.875
beta sum per layer: [0.0, 0.0, 0.0, 1.6830339431762695]
alpha/beta optimization time: 0.3654773235321045
pruning_in_iteration open status: False
ratio of positive domain = 0 / 256 = 0.0
pruning-in-iteration extra time: 8.344650268554688e-05
torch.Size([256, 1])
Time: prepare 0.0030    bound 0.3669    transfer 0.0037    finalize 0.0288    func 0.4025    
Accumulated time: func 78.0331    prepare 1.6793    bound 73.6003    transfer 0.6292    finalize 3.3012    
max lb tensor(-934.) min lb tensor(-1138.)
Number of Verified Splits: 0 of 256
Current worst splitting domains lb-rhs (depth):
-1138.00000 (69), -1138.00000 (18), -1138.00000 (117), -1138.00000 (69), -1138.00000 (18), -1138.00000 (54), -1138.00000 (117), -1138.00000 (19), -1138.00000 (117), -1138.00000 (19), -1138.00000 (92), -1138.00000 (19), -1138.00000 (92), -1138.00000 (82), -1138.00000 (60), -1138.00000 (116), -1138.00000 (54), -1138.00000 (20), -1138.00000 (116), -1138.00000 (20), 
Length of domains: 16168
Current (lb-rhs): -1138.0
32252 domains visited
Time: pickout 0.0176    decision 0.1323    set_bounds 0.0045    solve 0.4029    add 0.0390    
Accumulated time: pickout 2.3218    decision 30.8167    set_bounds 0.7334    solve 78.1275    add 8.2324    
Cumulative time: 120.39015555381775

BaB round 128
batch: 128
splitting decisions: 
split level 0: [/74, 822] [/74, 367] [/74, 674] [/74, 30] [/74, 501] [/74, 1007] [/74, 104] [/74, 126] [/74, 570] [/74, 937] 
best_l after optimization: -265818.65625
beta sum per layer: [0.0, 0.0, 0.0, 1.6661295890808105]
alpha/beta optimization time: 0.36013269424438477
pruning_in_iteration open status: False
ratio of positive domain = 0 / 256 = 0.0
pruning-in-iteration extra time: 3.62396240234375e-05
torch.Size([256, 1])
Time: prepare 0.0031    bound 0.3615    transfer 0.0038    finalize 0.0145    func 0.3830    
Accumulated time: func 78.4161    prepare 1.6836    bound 73.9618    transfer 0.6330    finalize 3.3157    
max lb tensor(-934.) min lb tensor(-1138.)
Number of Verified Splits: 0 of 256
Current worst splitting domains lb-rhs (depth):
-1138.00000 (92), -1138.00000 (35), -1138.00000 (103), -1138.00000 (128), -1138.00000 (90), -1138.00000 (96), -1138.00000 (21), -1138.00000 (53), -1138.00000 (126), -1138.00000 (81), -1138.00000 (35), -1138.00000 (68), -1138.00000 (60), -1138.00000 (21), -1138.00000 (112), -1138.00000 (112), -1138.00000 (66), -1138.00000 (36), -1138.00000 (99), -1138.00000 (120), 
Length of domains: 16296
Current (lb-rhs): -1138.0
32508 domains visited
Time: pickout 0.0179    decision 0.1320    set_bounds 0.0046    solve 0.3835    add 0.0418    
Accumulated time: pickout 2.3396    decision 30.9487    set_bounds 0.7380    solve 78.5110    add 8.2743    
Cumulative time: 120.9705605506897

BaB round 129
batch: 128
splitting decisions: 
split level 0: [/74, 126] [/74, 898] [/74, 367] [/74, 949] [/74, 307] [/74, 501] [/74, 725] [/74, 898] [/74, 715] [/74, 30] 
best_l after optimization: -265818.1875
beta sum per layer: [0.0, 0.0, 0.0, 1.6386759281158447]
alpha/beta optimization time: 0.3639218807220459
pruning_in_iteration open status: False
ratio of positive domain = 0 / 256 = 0.0
pruning-in-iteration extra time: 3.790855407714844e-05
torch.Size([256, 1])
Time: prepare 0.0030    bound 0.3653    transfer 0.0041    finalize 0.0300    func 0.4024    
Accumulated time: func 78.8185    prepare 1.6878    bound 74.3271    transfer 0.6371    finalize 3.3457    
max lb tensor(-934.) min lb tensor(-1138.)
Number of Verified Splits: 0 of 256
Current worst splitting domains lb-rhs (depth):
-1138.00000 (88), -1138.00000 (27), -1138.00000 (16), -1138.00000 (37), -1138.00000 (68), -1138.00000 (116), -1138.00000 (124), -1138.00000 (90), -1138.00000 (65), -1138.00000 (34), -1138.00000 (18), -1138.00000 (129), -1138.00000 (100), -1138.00000 (106), -1138.00000 (5), -1138.00000 (13), -1138.00000 (8), -1138.00000 (83), -1138.00000 (76), -1138.00000 (97), 
Length of domains: 16424
Current (lb-rhs): -1138.0
32764 domains visited
Time: pickout 0.0191    decision 0.1329    set_bounds 0.0044    solve 0.4029    add 3.2566    
Accumulated time: pickout 2.3588    decision 31.0815    set_bounds 0.7424    solve 78.9139    add 11.5308    
Cumulative time: 124.78719782829285

BaB round 130
batch: 128
splitting decisions: 
split level 0: [/74, 970] [/74, 32] [/74, 126] [/74, 28] [/74, 30] [/74, 307] [/74, 139] [/74, 323] [/74, 159] [/74, 949] 
best_l after optimization: -265817.9375
beta sum per layer: [0.0, 0.0, 0.0, 1.6124415397644043]
alpha/beta optimization time: 0.8358950614929199
pruning_in_iteration open status: False
ratio of positive domain = 0 / 256 = 0.0
pruning-in-iteration extra time: 0.0014379024505615234
torch.Size([256, 1])
Time: prepare 0.0093    bound 0.8387    transfer 0.0044    finalize 0.0288    func 0.8812    
Accumulated time: func 79.6997    prepare 1.7127    bound 75.1658    transfer 0.6415    finalize 3.3745    
max lb tensor(-934.) min lb tensor(-1138.)
Number of Verified Splits: 0 of 256
Current worst splitting domains lb-rhs (depth):
-1138.00000 (11), -1138.00000 (81), -1138.00000 (53), -1138.00000 (50), -1138.00000 (29), -1138.00000 (26), -1138.00000 (44), -1138.00000 (126), -1138.00000 (116), -1138.00000 (113), -1138.00000 (40), -1138.00000 (37), -1138.00000 (24), -1138.00000 (67), -1138.00000 (108), -1138.00000 (27), -1138.00000 (46), -1138.00000 (78), -1138.00000 (100), -1138.00000 (5), 
Length of domains: 16552
Current (lb-rhs): -1138.0
33020 domains visited
Time: pickout 0.0201    decision 0.3534    set_bounds 0.0068    solve 0.8817    add 0.0413    
Accumulated time: pickout 2.3789    decision 31.4350    set_bounds 0.7492    solve 79.7956    add 11.5722    
Cumulative time: 126.09113669395447

BaB round 131
batch: 128
splitting decisions: 
split level 0: [/74, 501] [/74, 692] [/74, 323] [/74, 321] [/74, 949] [/74, 321] [/74, 793] [/74, 970] [/74, 401] [/74, 28] 
best_l after optimization: -265817.8125
beta sum per layer: [0.0, 0.0, 0.0, 1.5845048427581787]
alpha/beta optimization time: 0.5617341995239258
pruning_in_iteration open status: False
ratio of positive domain = 0 / 256 = 0.0
pruning-in-iteration extra time: 3.790855407714844e-05
torch.Size([256, 1])
Time: prepare 0.0130    bound 0.5631    transfer 0.0041    finalize 0.0294    func 0.6097    
Accumulated time: func 80.3094    prepare 1.7333    bound 75.7289    transfer 0.6456    finalize 3.4039    
max lb tensor(-934.) min lb tensor(-1138.)
Number of Verified Splits: 0 of 256
Current worst splitting domains lb-rhs (depth):
-1138.00000 (17), -1138.00000 (63), -1138.00000 (45), -1138.00000 (25), -1138.00000 (88), -1138.00000 (58), -1138.00000 (52), -1138.00000 (80), -1138.00000 (130), -1138.00000 (117), -1138.00000 (64), -1138.00000 (12), -1138.00000 (22), -1138.00000 (32), -1138.00000 (60), -1138.00000 (106), -1138.00000 (35), -1138.00000 (108), -1138.00000 (102), -1138.00000 (12), 
Length of domains: 16680
Current (lb-rhs): -1138.0
33276 domains visited
Time: pickout 0.0196    decision 0.2985    set_bounds 0.0089    solve 0.6102    add 0.0417    
Accumulated time: pickout 2.3985    decision 31.7334    set_bounds 0.7581    solve 80.4057    add 11.6139    
Cumulative time: 127.07062458992004

BaB round 132
batch: 128
splitting decisions: 
split level 0: [/74, 30] [/74, 1022] [/74, 99] [/74, 427] [/74, 28] [/74, 1006] [/74, 124] [/74, 99] [/74, 757] [/74, 950] 
best_l after optimization: -265817.75
beta sum per layer: [0.0, 0.0, 0.0, 1.9434008598327637]
alpha/beta optimization time: 0.3631150722503662
pruning_in_iteration open status: False
ratio of positive domain = 0 / 256 = 0.0
pruning-in-iteration extra time: 3.886222839355469e-05
torch.Size([256, 1])
Time: prepare 0.0032    bound 0.3645    transfer 0.0051    finalize 0.0304    func 0.4032    
Accumulated time: func 80.7126    prepare 1.7379    bound 76.0934    transfer 0.6507    finalize 3.4342    
max lb tensor(-934.) min lb tensor(-1138.)
Number of Verified Splits: 0 of 256
Current worst splitting domains lb-rhs (depth):
-1138.00000 (114), -1138.00000 (22), -1138.00000 (97), -1138.00000 (47), -1138.00000 (40), -1138.00000 (123), -1138.00000 (57), -1138.00000 (22), -1138.00000 (72), -1138.00000 (22), -1138.00000 (6), -1138.00000 (85), -1138.00000 (72), -1138.00000 (123), -1138.00000 (97), -1138.00000 (40), -1138.00000 (105), -1138.00000 (7), -1138.00000 (21), -1138.00000 (51), 
Length of domains: 16808
Current (lb-rhs): -1138.0
33532 domains visited
Time: pickout 0.0193    decision 0.1369    set_bounds 0.2523    solve 0.4038    add 0.0408    
Accumulated time: pickout 2.4178    decision 31.8704    set_bounds 1.0104    solve 80.8095    add 11.6546    
Cumulative time: 127.9244933128357

BaB round 133
batch: 128
splitting decisions: 
split level 0: [/74, 949] [/74, 501] [/74, 692] [/74, 807] [/74, 950] [/74, 198] [/74, 296] [/74, 1022] [/74, 758] [/74, 751] 
best_l after optimization: -265820.25
beta sum per layer: [0.0, 0.0, 0.0, 1.758190631866455]
alpha/beta optimization time: 0.47307634353637695
pruning_in_iteration open status: False
ratio of positive domain = 0 / 256 = 0.0
pruning-in-iteration extra time: 4.1961669921875e-05
torch.Size([256, 1])
Time: prepare 0.0037    bound 0.4746    transfer 0.0041    finalize 0.0297    func 0.5121    
Accumulated time: func 81.2247    prepare 1.7433    bound 76.5680    transfer 0.6548    finalize 3.4639    
max lb tensor(-934.) min lb tensor(-1138.)
Number of Verified Splits: 0 of 256
Current worst splitting domains lb-rhs (depth):
-1138.00000 (116), -1138.00000 (125), -1138.00000 (28), -1138.00000 (112), -1138.00000 (83), -1138.00000 (121), -1138.00000 (6), -1138.00000 (50), -1138.00000 (103), -1138.00000 (61), -1138.00000 (15), -1138.00000 (98), -1138.00000 (76), -1138.00000 (71), -1138.00000 (132), -1138.00000 (44), -1138.00000 (67), -1138.00000 (21), -1138.00000 (32), -1138.00000 (61), 
Length of domains: 16936
Current (lb-rhs): -1138.0
33788 domains visited
Time: pickout 0.0223    decision 0.1647    set_bounds 0.0077    solve 0.5127    add 0.0404    
Accumulated time: pickout 2.4401    decision 32.0351    set_bounds 1.0181    solve 81.3222    add 11.6950    
Cumulative time: 128.67301893234253

BaB round 134
batch: 128
splitting decisions: 
split level 0: [/74, 28] [/74, 30] [/74, 1022] [/74, 106] [/74, 751] [/74, 67] [/74, 679] [/74, 937] [/74, 898] [/74, 67] 
best_l after optimization: -265819.1875
beta sum per layer: [0.0, 0.0, 0.0, 1.708091139793396]
alpha/beta optimization time: 0.5169346332550049
pruning_in_iteration open status: False
ratio of positive domain = 0 / 256 = 0.0
pruning-in-iteration extra time: 4.00543212890625e-05
torch.Size([256, 1])
Time: prepare 0.0034    bound 0.5183    transfer 0.0044    finalize 0.0281    func 0.5542    
Accumulated time: func 81.7790    prepare 1.7511    bound 77.0863    transfer 0.6592    finalize 3.4920    
max lb tensor(-934.) min lb tensor(-1138.)
Number of Verified Splits: 0 of 256
Current worst splitting domains lb-rhs (depth):
-1138.00000 (132), -1138.00000 (50), -1138.00000 (42), -1138.00000 (84), -1138.00000 (8), -1138.00000 (46), -1138.00000 (39), -1138.00000 (122), -1138.00000 (134), -1138.00000 (60), -1138.00000 (69), -1138.00000 (105), -1138.00000 (92), -1138.00000 (116), -1138.00000 (127), -1138.00000 (36), -1138.00000 (78), -1138.00000 (34), -1138.00000 (85), -1138.00000 (130), 
Length of domains: 17064
Current (lb-rhs): -1138.0
34044 domains visited
Time: pickout 0.0229    decision 0.1824    set_bounds 0.0068    solve 0.5547    add 0.0384    
Accumulated time: pickout 2.4630    decision 32.2174    set_bounds 1.0249    solve 81.8769    add 11.7334    
Cumulative time: 129.47884678840637

BaB round 135
batch: 128
splitting decisions: 
split level 0: [/74, 1006] [/74, 321] [/74, 1007] [/74, 139] [/74, 67] [/74, 427] [/74, 569] [/74, 30] [/74, 323] [/74, 807] 
best_l after optimization: -265818.8125
beta sum per layer: [0.0, 0.0, 0.0, 1.6621448993682861]
alpha/beta optimization time: 0.5906152725219727
pruning_in_iteration open status: False
ratio of positive domain = 0 / 256 = 0.0
pruning-in-iteration extra time: 0.0007472038269042969
torch.Size([256, 1])
Time: prepare 0.0045    bound 0.5928    transfer 0.0046    finalize 0.0295    func 0.6314    
Accumulated time: func 82.4104    prepare 1.7579    bound 77.6791    transfer 0.6638    finalize 3.5215    
max lb tensor(-934.) min lb tensor(-1138.)
Number of Verified Splits: 0 of 256
Current worst splitting domains lb-rhs (depth):
-1138.00000 (25), -1138.00000 (33), -1138.00000 (92), -1138.00000 (111), -1138.00000 (66), -1138.00000 (75), -1138.00000 (51), -1138.00000 (115), -1138.00000 (60), -1138.00000 (8), -1138.00000 (90), -1138.00000 (132), -1138.00000 (41), -1138.00000 (102), -1138.00000 (83), -1138.00000 (17), -1138.00000 (132), -1138.00000 (96), -1138.00000 (120), -1138.00000 (51), 
Length of domains: 17192
Current (lb-rhs): -1138.0
34300 domains visited
Time: pickout 0.0190    decision 0.1721    set_bounds 0.0086    solve 0.6320    add 0.0404    
Accumulated time: pickout 2.4821    decision 32.3895    set_bounds 1.0335    solve 82.5089    add 11.7738    
Cumulative time: 130.35166549682617

BaB round 136
batch: 128
splitting decisions: 
split level 0: [/74, 198] [/74, 950] [/74, 30] [/74, 529] [/74, 427] [/74, 104] [/74, 945] [/74, 321] [/74, 937] [/74, 562] 
best_l after optimization: -265818.5625
beta sum per layer: [0.0, 0.0, 0.0, 1.6458277702331543]
alpha/beta optimization time: 0.6822183132171631
pruning_in_iteration open status: False
ratio of positive domain = 0 / 256 = 0.0
pruning-in-iteration extra time: 0.000102996826171875
torch.Size([256, 1])
Time: prepare 0.0099    bound 0.6837    transfer 0.0047    finalize 0.0293    func 0.7276    
Accumulated time: func 83.1380    prepare 1.7714    bound 78.3628    transfer 0.6685    finalize 3.5508    
max lb tensor(-934.) min lb tensor(-1138.)
Number of Verified Splits: 0 of 256
Current worst splitting domains lb-rhs (depth):
-1138.00000 (23), -1138.00000 (79), -1138.00000 (84), -1138.00000 (39), -1138.00000 (16), -1138.00000 (5), -1138.00000 (65), -1138.00000 (76), -1138.00000 (49), -1138.00000 (130), -1138.00000 (97), -1138.00000 (104), -1138.00000 (8), -1138.00000 (113), -1138.00000 (38), -1138.00000 (136), -1138.00000 (118), -1138.00000 (101), -1138.00000 (126), -1138.00000 (60), 
Length of domains: 17320
Current (lb-rhs): -1138.0
34556 domains visited
Time: pickout 0.0211    decision 0.2139    set_bounds 0.0094    solve 0.7281    add 0.0407    
Accumulated time: pickout 2.5032    decision 32.6034    set_bounds 1.0429    solve 83.2370    add 11.8145    
Cumulative time: 131.365478515625

BaB round 137
batch: 128
splitting decisions: 
split level 0: [/74, 67] [/74, 751] [/74, 949] [/74, 315] [/74, 807] [/74, 37] [/74, 617] [/74, 751] [/74, 1007] [/74, 529] 
best_l after optimization: -265818.25
beta sum per layer: [0.0, 0.0, 0.0, 1.6347838640213013]
alpha/beta optimization time: 0.7587223052978516
pruning_in_iteration open status: False
ratio of positive domain = 0 / 256 = 0.0
pruning-in-iteration extra time: 4.1961669921875e-05
torch.Size([256, 1])
Time: prepare 0.0034    bound 0.7602    transfer 0.0047    finalize 0.0296    func 0.7979    
Accumulated time: func 83.9358    prepare 1.7802    bound 79.1230    transfer 0.6732    finalize 3.5804    
max lb tensor(-934.) min lb tensor(-1138.)
Number of Verified Splits: 0 of 256
Current worst splitting domains lb-rhs (depth):
-1138.00000 (116), -1138.00000 (48), -1138.00000 (78), -1138.00000 (84), -1138.00000 (16), -1138.00000 (73), -1138.00000 (40), -1138.00000 (5), -1138.00000 (23), -1138.00000 (8), -1138.00000 (69), -1138.00000 (34), -1138.00000 (46), -1138.00000 (16), -1138.00000 (108), -1138.00000 (124), -1138.00000 (89), -1138.00000 (106), -1138.00000 (129), -1138.00000 (23), 
Length of domains: 17448
Current (lb-rhs): -1138.0
34812 domains visited
Time: pickout 0.0206    decision 0.1780    set_bounds 0.0068    solve 0.7984    add 0.0440    
Accumulated time: pickout 2.5237    decision 32.7814    set_bounds 1.0497    solve 84.0355    add 11.8585    
Cumulative time: 132.41403126716614

BaB round 138
batch: 128
splitting decisions: 
split level 0: [/74, 995] [/74, 198] [/74, 28] [/74, 296] [/74, 725] [/74, 807] [/74, 103] [/74, 427] [/74, 501] [/74, 315] 
best_l after optimization: -265818.125
beta sum per layer: [0.0, 0.0, 0.0, 2.0280184745788574]
alpha/beta optimization time: 0.6788406372070312
pruning_in_iteration open status: False
ratio of positive domain = 0 / 256 = 0.0
pruning-in-iteration extra time: 3.6716461181640625e-05
torch.Size([256, 1])
Time: prepare 0.0116    bound 0.6803    transfer 0.0054    finalize 0.0304    func 0.7278    
Accumulated time: func 84.6636    prepare 1.8080    bound 79.8033    transfer 0.6785    finalize 3.6108    
max lb tensor(-934.) min lb tensor(-1138.)
Number of Verified Splits: 0 of 256
Current worst splitting domains lb-rhs (depth):
-1138.00000 (84), -1138.00000 (115), -1138.00000 (134), -1138.00000 (62), -1138.00000 (77), -1138.00000 (131), -1138.00000 (79), -1138.00000 (12), -1138.00000 (48), -1138.00000 (118), -1138.00000 (59), -1138.00000 (104), -1138.00000 (38), -1138.00000 (71), -1138.00000 (69), -1138.00000 (129), -1138.00000 (63), -1138.00000 (90), -1138.00000 (121), -1138.00000 (103), 
Length of domains: 17576
Current (lb-rhs): -1138.0
35068 domains visited
Time: pickout 0.0252    decision 0.4416    set_bounds 0.0096    solve 0.7284    add 0.0511    
Accumulated time: pickout 2.5489    decision 33.2230    set_bounds 1.0593    solve 84.7639    add 11.9096    
Cumulative time: 133.6707718372345

BaB round 139
batch: 128
splitting decisions: 
split level 0: [/74, 807] [/74, 995] [/74, 321] [/74, 640] [/74, 139] [/74, 725] [/74, 59] [/74, 37] [/74, 307] [/74, 679] 
best_l after optimization: -265820.8125
beta sum per layer: [0.0, 0.0, 0.0, 1.8828730583190918]
alpha/beta optimization time: 1.0156528949737549
pruning_in_iteration open status: False
ratio of positive domain = 0 / 256 = 0.0
pruning-in-iteration extra time: 0.00010776519775390625
torch.Size([256, 1])
Time: prepare 0.0121    bound 1.0172    transfer 0.0045    finalize 0.0283    func 1.0621    
Accumulated time: func 85.7257    prepare 1.8212    bound 80.8205    transfer 0.6830    finalize 3.6391    
max lb tensor(-934.) min lb tensor(-1138.)
Number of Verified Splits: 0 of 256
Current worst splitting domains lb-rhs (depth):
-1138.00000 (90), -1138.00000 (44), -1138.00000 (26), -1138.00000 (124), -1138.00000 (111), -1138.00000 (25), -1138.00000 (74), -1138.00000 (44), -1138.00000 (66), -1138.00000 (124), -1138.00000 (9), -1138.00000 (96), -1138.00000 (111), -1138.00000 (5), -1138.00000 (44), -1138.00000 (82), -1138.00000 (26), -1138.00000 (25), -1138.00000 (125), -1138.00000 (45), 
Length of domains: 17704
Current (lb-rhs): -1138.0
35324 domains visited
Time: pickout 0.0223    decision 0.1432    set_bounds 0.0069    solve 1.0626    add 0.0398    
Accumulated time: pickout 2.5711    decision 33.3662    set_bounds 1.0662    solve 85.8264    add 11.9494    
Cumulative time: 134.9461669921875

BaB round 140
batch: 128
splitting decisions: 
split level 0: [/74, 106] [/74, 104] [/74, 950] [/74, 894] [/74, 793] [/74, 354] [/74, 858] [/74, 807] [/74, 321] [/74, 919] 
best_l after optimization: -265819.9375
beta sum per layer: [0.0, 0.0, 0.0, 1.8069566488265991]
alpha/beta optimization time: 0.7841410636901855
pruning_in_iteration open status: False
ratio of positive domain = 0 / 256 = 0.0
pruning-in-iteration extra time: 0.0001361370086669922
torch.Size([256, 1])
Time: prepare 0.0032    bound 0.7856    transfer 0.0052    finalize 0.0317    func 0.8257    
Accumulated time: func 86.5514    prepare 1.8257    bound 81.6061    transfer 0.6882    finalize 3.6708    
max lb tensor(-934.) min lb tensor(-1138.)
Number of Verified Splits: 0 of 256
Current worst splitting domains lb-rhs (depth):
-1138.00000 (110), -1138.00000 (110), -1138.00000 (87), -1138.00000 (80), -1138.00000 (62), -1138.00000 (97), -1138.00000 (119), -1138.00000 (134), -1138.00000 (45), -1138.00000 (24), -1138.00000 (62), -1138.00000 (130), -1138.00000 (16), -1138.00000 (5), -1138.00000 (101), -1138.00000 (45), -1138.00000 (45), -1138.00000 (87), -1138.00000 (119), -1138.00000 (79), 
Length of domains: 17832
Current (lb-rhs): -1138.0
35580 domains visited
Time: pickout 0.0224    decision 0.1328    set_bounds 0.0065    solve 0.8262    add 0.0493    
Accumulated time: pickout 2.5935    decision 33.4990    set_bounds 1.0727    solve 86.6527    add 11.9986    
Cumulative time: 135.98402070999146

BaB round 141
batch: 128
splitting decisions: 
split level 0: [/74, 354] [/74, 807] [/74, 1006] [/74, 919] [/74, 562] [/74, 139] [/74, 675] [/74, 106] [/74, 950] [/74, 617] 
best_l after optimization: -265819.4375
beta sum per layer: [0.0, 0.0, 0.0, 1.7465338706970215]
alpha/beta optimization time: 0.7589161396026611
pruning_in_iteration open status: False
ratio of positive domain = 0 / 256 = 0.0
pruning-in-iteration extra time: 0.00015616416931152344
torch.Size([256, 1])
Time: prepare 0.0032    bound 0.7604    transfer 0.0039    finalize 0.0279    func 0.7955    
Accumulated time: func 87.3469    prepare 1.8522    bound 82.3666    transfer 0.6921    finalize 3.6987    
max lb tensor(-934.) min lb tensor(-1138.)
Number of Verified Splits: 0 of 256
Current worst splitting domains lb-rhs (depth):
-1138.00000 (72), -1138.00000 (73), -1138.00000 (20), -1138.00000 (93), -1138.00000 (130), -1138.00000 (73), -1138.00000 (21), -1138.00000 (129), -1138.00000 (21), -1138.00000 (93), -1138.00000 (72), -1138.00000 (21), -1138.00000 (129), -1138.00000 (20), -1138.00000 (22), -1138.00000 (129), -1138.00000 (94), -1138.00000 (22), -1138.00000 (72), -1138.00000 (22), 
Length of domains: 17960
Current (lb-rhs): -1138.0
35836 domains visited
Time: pickout 0.0298    decision 0.2859    set_bounds 0.0068    solve 0.7960    add 0.0448    
Accumulated time: pickout 2.6233    decision 33.7849    set_bounds 1.0795    solve 87.4487    add 12.0434    
Cumulative time: 137.15008783340454

BaB round 142
batch: 128
splitting decisions: 
split level 0: [/74, 793] [/74, 106] [/74, 198] [/74, 617] [/74, 315] [/74, 793] [/74, 800] [/74, 139] [/74, 1006] [/74, 103] 
best_l after optimization: -265819.0
beta sum per layer: [0.0, 0.0, 0.0, 1.702436923980713]
alpha/beta optimization time: 0.6069672107696533
pruning_in_iteration open status: False
ratio of positive domain = 0 / 256 = 0.0
pruning-in-iteration extra time: 0.002517223358154297
torch.Size([256, 1])
Time: prepare 0.0032    bound 0.6109    transfer 0.0159    finalize 0.0280    func 0.6579    
Accumulated time: func 88.0048    prepare 1.8573    bound 82.9774    transfer 0.7080    finalize 3.7267    
max lb tensor(-934.) min lb tensor(-1138.)
Number of Verified Splits: 0 of 256
Current worst splitting domains lb-rhs (depth):
-1138.00000 (58), -1138.00000 (38), -1138.00000 (8), -1138.00000 (26), -1138.00000 (77), -1138.00000 (58), -1138.00000 (138), -1138.00000 (104), -1138.00000 (77), -1138.00000 (5), -1138.00000 (38), -1138.00000 (26), -1138.00000 (114), -1138.00000 (131), -1138.00000 (77), -1138.00000 (140), -1138.00000 (76), -1138.00000 (104), -1138.00000 (78), -1138.00000 (142), 
Length of domains: 18088
Current (lb-rhs): -1138.0
36092 domains visited
Time: pickout 0.0193    decision 0.3047    set_bounds 0.0106    solve 0.6584    add 0.0515    
Accumulated time: pickout 2.6426    decision 34.0896    set_bounds 1.0901    solve 88.1071    add 12.0950    
Cumulative time: 138.1974425315857

BaB round 143
batch: 128
splitting decisions: 
split level 0: [/74, 124] [/74, 725] [/74, 354] [/74, 435] [/74, 296] [/74, 124] [/74, 368] [/74, 793] [/74, 198] [/74, 59] 
best_l after optimization: -265818.75
beta sum per layer: [0.0, 0.0, 0.0, 1.692094087600708]
alpha/beta optimization time: 0.7109901905059814
pruning_in_iteration open status: False
ratio of positive domain = 0 / 256 = 0.0
pruning-in-iteration extra time: 3.8623809814453125e-05
torch.Size([256, 1])
Time: prepare 0.0120    bound 0.7124    transfer 0.0141    finalize 0.0301    func 0.7687    
Accumulated time: func 88.7736    prepare 1.8850    bound 83.6898    transfer 0.7221    finalize 3.7568    
max lb tensor(-934.) min lb tensor(-1138.)
Number of Verified Splits: 0 of 256
Current worst splitting domains lb-rhs (depth):
-1138.00000 (38), -1138.00000 (19), -1138.00000 (28), -1138.00000 (22), -1138.00000 (92), -1138.00000 (43), -1138.00000 (15), -1138.00000 (126), -1138.00000 (107), -1138.00000 (34), -1138.00000 (128), -1138.00000 (12), -1138.00000 (46), -1138.00000 (136), -1138.00000 (97), -1138.00000 (5), -1138.00000 (93), -1138.00000 (86), -1138.00000 (122), -1138.00000 (100), 
Length of domains: 18216
Current (lb-rhs): -1138.0
36348 domains visited
Time: pickout 0.0260    decision 0.2382    set_bounds 0.0066    solve 0.7694    add 0.0528    
Accumulated time: pickout 2.6686    decision 34.3277    set_bounds 1.0967    solve 88.8765    add 12.1477    
Cumulative time: 139.2930338382721

BaB round 144
batch: 128
splitting decisions: 
split level 0: [/74, 529] [/74, 354] [/74, 139] [/74, 103] [/74, 679] [/74, 562] [/74, 710] [/74, 124] [/74, 995] [/74, 858] 
best_l after optimization: -265818.5625
beta sum per layer: [0.0, 0.0, 0.0, 1.6800905466079712]
alpha/beta optimization time: 0.7203636169433594
pruning_in_iteration open status: False
ratio of positive domain = 0 / 256 = 0.0
pruning-in-iteration extra time: 9.655952453613281e-05
torch.Size([256, 1])
Time: prepare 0.0034    bound 0.7218    transfer 0.0139    finalize 0.0289    func 0.7681    
Accumulated time: func 89.5416    prepare 1.9107    bound 84.4116    transfer 0.7360    finalize 3.7857    
max lb tensor(-934.) min lb tensor(-1138.)
Number of Verified Splits: 0 of 256
Current worst splitting domains lb-rhs (depth):
-1138.00000 (140), -1138.00000 (130), -1138.00000 (126), -1138.00000 (39), -1138.00000 (132), -1138.00000 (65), -1138.00000 (23), -1138.00000 (57), -1138.00000 (95), -1138.00000 (28), -1138.00000 (128), -1138.00000 (88), -1138.00000 (5), -1138.00000 (112), -1138.00000 (77), -1138.00000 (117), -1138.00000 (134), -1138.00000 (91), -1138.00000 (57), -1138.00000 (117), 
Length of domains: 18344
Current (lb-rhs): -1138.0
36604 domains visited
Time: pickout 0.0284    decision 0.3793    set_bounds 0.0098    solve 0.7686    add 0.0508    
Accumulated time: pickout 2.6970    decision 34.7071    set_bounds 1.1065    solve 89.6450    add 12.1986    
Cumulative time: 140.53250432014465

BaB round 145
batch: 128
splitting decisions: 
split level 0: [/74, 679] [/74, 139] [/74, 124] [/74, 940] [/74, 569] [/74, 315] [/74, 977] [/74, 562] [/74, 427] [/74, 800] 
best_l after optimization: -265818.5
beta sum per layer: [0.0, 0.0, 0.0, 1.668868064880371]
alpha/beta optimization time: 0.6405351161956787
pruning_in_iteration open status: False
ratio of positive domain = 0 / 256 = 0.0
pruning-in-iteration extra time: 0.002407550811767578
torch.Size([256, 1])
Time: prepare 0.0039    bound 0.6444    transfer 0.0157    finalize 0.0276    func 0.6916    
Accumulated time: func 90.2332    prepare 1.9234    bound 85.0560    transfer 0.7517    finalize 3.8132    
max lb tensor(-934.) min lb tensor(-1138.)
Number of Verified Splits: 0 of 256
Current worst splitting domains lb-rhs (depth):
-1138.00000 (90), -1138.00000 (120), -1138.00000 (39), -1138.00000 (39), -1138.00000 (121), -1138.00000 (82), -1138.00000 (39), -1138.00000 (121), -1138.00000 (38), -1138.00000 (40), -1138.00000 (121), -1138.00000 (38), -1138.00000 (38), -1138.00000 (122), -1138.00000 (37), -1138.00000 (122), -1138.00000 (37), -1138.00000 (37), -1138.00000 (41), -1138.00000 (42), 
Length of domains: 18472
Current (lb-rhs): -1138.0
36860 domains visited
Time: pickout 0.0273    decision 0.3243    set_bounds 0.0098    solve 0.6921    add 0.0506    
Accumulated time: pickout 2.7243    decision 35.0313    set_bounds 1.1163    solve 90.3372    add 12.2492    
Cumulative time: 141.63900446891785

BaB round 146
batch: 128
splitting decisions: 
split level 0: [/74, 569] [/74, 793] [/74, 562] [/74, 511] [/74, 640] [/74, 296] [/74, 897] [/74, 529] [/74, 37] [/74, 977] 
best_l after optimization: -265818.46875
beta sum per layer: [0.0, 0.0, 0.0, 1.666189432144165]
alpha/beta optimization time: 0.6430354118347168
pruning_in_iteration open status: False
ratio of positive domain = 0 / 256 = 0.0
pruning-in-iteration extra time: 3.886222839355469e-05
torch.Size([256, 1])
Time: prepare 0.0032    bound 0.6444    transfer 0.0137    finalize 0.0323    func 0.6937    
Accumulated time: func 90.9270    prepare 1.9417    bound 85.7004    transfer 0.7654    finalize 3.8455    
max lb tensor(-934.) min lb tensor(-1138.)
Number of Verified Splits: 0 of 256
Current worst splitting domains lb-rhs (depth):
-1138.00000 (106), -1138.00000 (91), -1138.00000 (11), -1138.00000 (47), -1138.00000 (145), -1138.00000 (96), -1138.00000 (19), -1138.00000 (81), -1138.00000 (46), -1138.00000 (124), -1138.00000 (124), -1138.00000 (46), -1138.00000 (143), -1138.00000 (101), -1138.00000 (6), -1138.00000 (46), -1138.00000 (125), -1138.00000 (138), -1138.00000 (81), -1138.00000 (139), 
Length of domains: 18600
Current (lb-rhs): -1138.0
37116 domains visited
Time: pickout 0.0191    decision 0.2671    set_bounds 0.0070    solve 0.6943    add 0.0499    
Accumulated time: pickout 2.7434    decision 35.2985    set_bounds 1.1233    solve 91.0315    add 12.2991    
Cumulative time: 142.67887806892395

BaB round 147
batch: 128
splitting decisions: 
split level 0: [/74, 825] [/74, 679] [/74, 529] [/74, 900] [/74, 862] [/74, 569] [/74, 685] [/74, 315] [/74, 106] [/74, 592] 
best_l after optimization: -265818.25
beta sum per layer: [0.0, 0.0, 0.0, 1.6580164432525635]
alpha/beta optimization time: 0.7662112712860107
pruning_in_iteration open status: False
ratio of positive domain = 0 / 256 = 0.0
pruning-in-iteration extra time: 0.0001506805419921875
torch.Size([256, 1])
Time: prepare 0.0033    bound 0.7678    transfer 0.0136    finalize 0.0307    func 0.8154    
Accumulated time: func 91.7424    prepare 1.9462    bound 86.4682    transfer 0.7790    finalize 3.8762    
max lb tensor(-934.) min lb tensor(-1138.)
Number of Verified Splits: 0 of 256
Current worst splitting domains lb-rhs (depth):
-1138.00000 (29), -1138.00000 (145), -1138.00000 (130), -1138.00000 (65), -1138.00000 (29), -1138.00000 (104), -1138.00000 (65), -1138.00000 (139), -1138.00000 (8), -1138.00000 (105), -1138.00000 (65), -1138.00000 (104), -1138.00000 (64), -1138.00000 (129), -1138.00000 (64), -1138.00000 (30), -1138.00000 (16), -1138.00000 (105), -1138.00000 (64), -1138.00000 (8), 
Length of domains: 18728
Current (lb-rhs): -1138.0
37372 domains visited
Time: pickout 0.0211    decision 0.1315    set_bounds 0.0070    solve 0.8159    add 0.0518    
Accumulated time: pickout 2.7645    decision 35.4299    set_bounds 1.1302    solve 91.8474    add 12.3509    
Cumulative time: 143.70848274230957

BaB round 148
batch: 128
splitting decisions: 
split level 0: [/74, 922] [/74, 825] [/74, 296] [/74, 368] [/74, 940] [/74, 922] [/74, 905] [/74, 679] [/74, 725] [/74, 897] 
best_l after optimization: -265818.21875
beta sum per layer: [0.0, 0.0, 0.0, 2.0833325386047363]
alpha/beta optimization time: 0.7656347751617432
pruning_in_iteration open status: False
ratio of positive domain = 0 / 256 = 0.0
pruning-in-iteration extra time: 0.0002460479736328125
torch.Size([256, 1])
Time: prepare 0.0033    bound 0.7672    transfer 0.0137    finalize 0.0296    func 0.8138    
Accumulated time: func 92.5562    prepare 1.9680    bound 87.2354    transfer 0.7927    finalize 3.9059    
max lb tensor(-934.) min lb tensor(-1138.)
Number of Verified Splits: 0 of 256
Current worst splitting domains lb-rhs (depth):
-1138.00000 (119), -1138.00000 (80), -1138.00000 (35), -1138.00000 (148), -1138.00000 (115), -1138.00000 (130), -1138.00000 (103), -1138.00000 (77), -1138.00000 (15), -1138.00000 (15), -1138.00000 (122), -1138.00000 (137), -1138.00000 (6), -1138.00000 (55), -1138.00000 (92), -1138.00000 (143), -1138.00000 (14), -1138.00000 (68), -1138.00000 (126), -1138.00000 (26), 
Length of domains: 18856
Current (lb-rhs): -1138.0
37628 domains visited
Time: pickout 0.0207    decision 0.2854    set_bounds 0.0064    solve 0.8144    add 0.0518    
Accumulated time: pickout 2.7852    decision 35.7153    set_bounds 1.1367    solve 92.6618    add 12.4027    
Cumulative time: 144.88949608802795

BaB round 149
batch: 128
splitting decisions: 
split level 0: [/74, 894] [/74, 640] [/74, 569] [/74, 710] [/74, 900] [/74, 894] [/74, 373] [/74, 569] [/74, 354] [/74, 113] 
best_l after optimization: -265821.0625
beta sum per layer: [0.0, 0.0, 0.0, 1.9044387340545654]
alpha/beta optimization time: 0.7815499305725098
pruning_in_iteration open status: False
ratio of positive domain = 0 / 256 = 0.0
pruning-in-iteration extra time: 0.0001475811004638672
torch.Size([256, 1])
Time: prepare 0.0032    bound 0.7830    transfer 0.0136    finalize 0.0294    func 0.8292    
Accumulated time: func 93.3854    prepare 1.9866    bound 88.0184    transfer 0.8063    finalize 3.9352    
max lb tensor(-934.) min lb tensor(-1138.)
Number of Verified Splits: 0 of 256
Current worst splitting domains lb-rhs (depth):
-1138.00000 (11), -1138.00000 (96), -1138.00000 (53), -1138.00000 (10), -1138.00000 (33), -1138.00000 (115), -1138.00000 (129), -1138.00000 (80), -1138.00000 (145), -1138.00000 (53), -1138.00000 (96), -1138.00000 (33), -1138.00000 (80), -1138.00000 (79), -1138.00000 (115), -1138.00000 (53), -1138.00000 (129), -1138.00000 (144), -1138.00000 (33), -1138.00000 (79), 
Length of domains: 18984
Current (lb-rhs): -1138.0
37884 domains visited
Time: pickout 0.0211    decision 0.2730    set_bounds 0.0064    solve 0.8297    add 0.0484    
Accumulated time: pickout 2.8064    decision 35.9883    set_bounds 1.1431    solve 93.4916    add 12.4510    
Cumulative time: 146.07049202919006

BaB round 150
batch: 128
splitting decisions: 
split level 0: [/74, 862] [/74, 945] [/74, 945] [/74, 182] [/74, 675] [/74, 862] [/74, 785] [/74, 825] [/74, 139] [/74, 756] 
best_l after optimization: -265820.09375
beta sum per layer: [0.0, 0.0, 0.0, 1.8138313293457031]
alpha/beta optimization time: 0.6546728610992432
pruning_in_iteration open status: False
ratio of positive domain = 0 / 256 = 0.0
pruning-in-iteration extra time: 0.00029778480529785156
torch.Size([256, 1])
Time: prepare 0.0087    bound 0.6564    transfer 0.0139    finalize 0.0299    func 0.7089    
Accumulated time: func 94.0943    prepare 1.9973    bound 88.6748    transfer 0.8201    finalize 3.9652    
max lb tensor(-934.) min lb tensor(-1138.)
Number of Verified Splits: 0 of 256
Current worst splitting domains lb-rhs (depth):
-1138.00000 (62), -1138.00000 (86), -1138.00000 (83), -1138.00000 (121), -1138.00000 (92), -1138.00000 (109), -1138.00000 (147), -1138.00000 (26), -1138.00000 (99), -1138.00000 (144), -1138.00000 (137), -1138.00000 (11), -1138.00000 (28), -1138.00000 (41), -1138.00000 (5), -1138.00000 (43), -1138.00000 (38), -1138.00000 (17), -1138.00000 (139), -1138.00000 (117), 
Length of domains: 19112
Current (lb-rhs): -1138.0
38140 domains visited
Time: pickout 0.0199    decision 0.3008    set_bounds 0.0101    solve 0.7094    add 0.0534    
Accumulated time: pickout 2.8263    decision 36.2892    set_bounds 1.1531    solve 94.2010    add 12.5044    
Cumulative time: 147.16647243499756

BaB round 151
batch: 128
splitting decisions: 
split level 0: [/74, 919] [/74, 922] [/74, 9] [/74, 977] [/74, 800] [/74, 919] [/74, 343] [/74, 640] [/74, 793] [/74, 497] 
best_l after optimization: -265819.4375
beta sum per layer: [0.0, 0.0, 0.0, 1.770777940750122]
alpha/beta optimization time: 0.7448093891143799
pruning_in_iteration open status: False
ratio of positive domain = 0 / 256 = 0.0
pruning-in-iteration extra time: 0.002553224563598633
torch.Size([256, 1])
Time: prepare 0.0083    bound 0.7487    transfer 0.0158    finalize 0.0285    func 0.8014    
Accumulated time: func 94.8957    prepare 2.0210    bound 89.4235    transfer 0.8359    finalize 3.9937    
max lb tensor(-934.) min lb tensor(-1138.)
Number of Verified Splits: 0 of 256
Current worst splitting domains lb-rhs (depth):
-1138.00000 (85), -1138.00000 (80), -1138.00000 (72), -1138.00000 (150), -1138.00000 (68), -1138.00000 (26), -1138.00000 (100), -1138.00000 (35), -1138.00000 (121), -1138.00000 (136), -1138.00000 (16), -1138.00000 (47), -1138.00000 (56), -1138.00000 (115), -1138.00000 (77), -1138.00000 (130), -1138.00000 (135), -1138.00000 (89), -1138.00000 (122), -1138.00000 (129), 
Length of domains: 19240
Current (lb-rhs): -1138.0
38396 domains visited
Time: pickout 0.0280    decision 0.2828    set_bounds 0.0105    solve 0.8019    add 0.0512    
Accumulated time: pickout 2.8543    decision 36.5720    set_bounds 1.1637    solve 95.0029    add 12.5555    
Cumulative time: 148.34310746192932

BaB round 152
batch: 128
splitting decisions: 
split level 0: [/74, 435] [/74, 9] [/74, 919] [/74, 592] [/74, 710] [/74, 103] [/74, 981] [/74, 919] [/74, 124] [/74, 698] 
best_l after optimization: -265819.1875
beta sum per layer: [0.0, 0.0, 0.0, 1.7338435649871826]
alpha/beta optimization time: 0.7608199119567871
pruning_in_iteration open status: False
ratio of positive domain = 0 / 256 = 0.0
pruning-in-iteration extra time: 0.0001475811004638672
torch.Size([256, 1])
Time: prepare 0.0076    bound 0.7623    transfer 0.0136    finalize 0.0275    func 0.8111    
Accumulated time: func 95.7068    prepare 2.0505    bound 90.1859    transfer 0.8495    finalize 4.0212    
max lb tensor(-934.) min lb tensor(-1138.)
Number of Verified Splits: 0 of 256
Current worst splitting domains lb-rhs (depth):
-1138.00000 (76), -1138.00000 (151), -1138.00000 (115), -1138.00000 (19), -1138.00000 (45), -1138.00000 (95), -1138.00000 (76), -1138.00000 (131), -1138.00000 (46), -1138.00000 (46), -1138.00000 (7), -1138.00000 (76), -1138.00000 (18), -1138.00000 (115), -1138.00000 (145), -1138.00000 (130), -1138.00000 (46), -1138.00000 (75), -1138.00000 (47), -1138.00000 (18), 
Length of domains: 19368
Current (lb-rhs): -1138.0
38652 domains visited
Time: pickout 0.0196    decision 0.3379    set_bounds 0.0100    solve 0.8115    add 0.0496    
Accumulated time: pickout 2.8739    decision 36.9099    set_bounds 1.1736    solve 95.8144    add 12.6051    
Cumulative time: 149.57403826713562

BaB round 153
batch: 128
splitting decisions: 
split level 0: [/74, 940] [/74, 862] [/74, 435] [/74, 685] [/74, 182] [/74, 511] [/74, 49] [/74, 617] [/74, 529] [/74, 905] 
best_l after optimization: -265818.875
beta sum per layer: [0.0, 0.0, 0.0, 1.712009072303772]
alpha/beta optimization time: 0.7615337371826172
pruning_in_iteration open status: False
ratio of positive domain = 0 / 256 = 0.0
pruning-in-iteration extra time: 0.000148773193359375
torch.Size([256, 1])
Time: prepare 0.0032    bound 0.7630    transfer 0.0136    finalize 0.0304    func 0.8104    
Accumulated time: func 96.5171    prepare 2.0717    bound 90.9489    transfer 0.8631    finalize 4.0516    
max lb tensor(-934.) min lb tensor(-1138.)
Number of Verified Splits: 0 of 256
Current worst splitting domains lb-rhs (depth):
-1138.00000 (104), -1138.00000 (29), -1138.00000 (46), -1138.00000 (11), -1138.00000 (135), -1138.00000 (86), -1138.00000 (30), -1138.00000 (63), -1138.00000 (124), -1138.00000 (74), -1138.00000 (148), -1138.00000 (46), -1138.00000 (74), -1138.00000 (135), -1138.00000 (30), -1138.00000 (112), -1138.00000 (96), -1138.00000 (46), -1138.00000 (63), -1138.00000 (28), 
Length of domains: 19496
Current (lb-rhs): -1138.0
38908 domains visited
Time: pickout 0.0257    decision 0.2915    set_bounds 0.0070    solve 0.8109    add 0.0501    
Accumulated time: pickout 2.8996    decision 37.2013    set_bounds 1.1807    solve 96.6253    add 12.6553    
Cumulative time: 150.76166439056396

BaB round 154
batch: 128
splitting decisions: 
split level 0: [/74, 511] [/74, 919] [/74, 940] [/74, 756] [/74, 592] [/74, 900] [/74, 515] [/74, 103] [/74, 315] [/74, 373] 
best_l after optimization: -265818.53125
beta sum per layer: [0.0, 0.0, 0.0, 1.6832399368286133]
alpha/beta optimization time: 0.5828995704650879
pruning_in_iteration open status: False
ratio of positive domain = 0 / 256 = 0.0
pruning-in-iteration extra time: 0.00013375282287597656
torch.Size([256, 1])
Time: prepare 0.0046    bound 0.5844    transfer 0.0135    finalize 0.0284    func 0.6309    
Accumulated time: func 97.1480    prepare 2.0829    bound 91.5333    transfer 0.8765    finalize 4.0800    
max lb tensor(-934.) min lb tensor(-1138.)
Number of Verified Splits: 0 of 256
Current worst splitting domains lb-rhs (depth):
-1138.00000 (139), -1138.00000 (50), -1138.00000 (153), -1138.00000 (33), -1138.00000 (93), -1138.00000 (74), -1138.00000 (133), -1138.00000 (18), -1138.00000 (54), -1138.00000 (92), -1138.00000 (7), -1138.00000 (100), -1138.00000 (44), -1138.00000 (147), -1138.00000 (57), -1138.00000 (124), -1138.00000 (67), -1138.00000 (33), -1138.00000 (115), -1138.00000 (18), 
Length of domains: 19624
Current (lb-rhs): -1138.0
39164 domains visited
Time: pickout 0.0209    decision 0.3499    set_bounds 0.0100    solve 0.6314    add 0.0517    
Accumulated time: pickout 2.9205    decision 37.5512    set_bounds 1.1906    solve 97.2566    add 12.7070    
Cumulative time: 151.82765984535217

BaB round 155
batch: 128
splitting decisions: 
split level 0: [/74, 900] [/74, 617] [/74, 59] [/74, 497] [/74, 228] [/74, 59] [/74, 522] [/74, 940] [/74, 922] [/74, 136] 
best_l after optimization: -265818.4375
beta sum per layer: [0.0, 0.0, 0.0, 2.060067892074585]
alpha/beta optimization time: 0.7041401863098145
pruning_in_iteration open status: False
ratio of positive domain = 0 / 256 = 0.0
pruning-in-iteration extra time: 0.0024003982543945312
torch.Size([256, 1])
Time: prepare 0.0105    bound 0.7080    transfer 0.0152    finalize 0.0272    func 0.7610    
Accumulated time: func 97.9090    prepare 2.1091    bound 92.2413    transfer 0.8918    finalize 4.1072    
max lb tensor(-934.) min lb tensor(-1138.)
Number of Verified Splits: 0 of 256
Current worst splitting domains lb-rhs (depth):
-1138.00000 (112), -1138.00000 (82), -1138.00000 (86), -1138.00000 (29), -1138.00000 (137), -1138.00000 (46), -1138.00000 (126), -1138.00000 (59), -1138.00000 (11), -1138.00000 (65), -1138.00000 (30), -1138.00000 (100), -1138.00000 (150), -1138.00000 (137), -1138.00000 (45), -1138.00000 (116), -1138.00000 (154), -1138.00000 (30), -1138.00000 (74), -1138.00000 (59), 
Length of domains: 19752
Current (lb-rhs): -1138.0
39420 domains visited
Time: pickout 0.0281    decision 0.2334    set_bounds 0.0069    solve 0.7615    add 0.0499    
Accumulated time: pickout 2.9486    decision 37.7846    set_bounds 1.1975    solve 98.0182    add 12.7569    
Cumulative time: 152.9096131324768

BaB round 156
batch: 128
splitting decisions: 
split level 0: [/74, 858] [/74, 940] [/74, 858] [/74, 698] [/74, 650] [/74, 675] [/74, 135] [/74, 900] [/74, 9] [/74, 684] 
best_l after optimization: -265821.1875
beta sum per layer: [0.0, 0.0, 0.0, 1.9212599992752075]
alpha/beta optimization time: 0.6512281894683838
pruning_in_iteration open status: False
ratio of positive domain = 0 / 256 = 0.0
pruning-in-iteration extra time: 0.00011539459228515625
torch.Size([256, 1])
Time: prepare 0.0032    bound 0.6527    transfer 0.0133    finalize 0.0325    func 0.7017    
Accumulated time: func 98.6107    prepare 2.1350    bound 92.8940    transfer 0.9051    finalize 4.1397    
max lb tensor(-934.) min lb tensor(-1138.)
Number of Verified Splits: 0 of 256
Current worst splitting domains lb-rhs (depth):
-1138.00000 (136), -1138.00000 (142), -1138.00000 (111), -1138.00000 (32), -1138.00000 (150), -1138.00000 (73), -1138.00000 (120), -1138.00000 (16), -1138.00000 (100), -1138.00000 (131), -1138.00000 (52), -1138.00000 (86), -1138.00000 (52), -1138.00000 (73), -1138.00000 (110), -1138.00000 (15), -1138.00000 (32), -1138.00000 (74), -1138.00000 (108), -1138.00000 (72), 
Length of domains: 19880
Current (lb-rhs): -1138.0
39676 domains visited
Time: pickout 0.0203    decision 0.3135    set_bounds 0.0049    solve 0.7022    add 0.0490    
Accumulated time: pickout 2.9689    decision 38.0981    set_bounds 1.2024    solve 98.7203    add 12.8059    
Cumulative time: 154.00159645080566

BaB round 157
batch: 128
splitting decisions: 
split level 0: [/74, 368] [/74, 511] [/74, 368] [/74, 373] [/74, 113] [/74, 368] [/74, 851] [/74, 59] [/74, 894] [/74, 130] 
best_l after optimization: -265820.09375
beta sum per layer: [0.0, 0.0, 0.0, 1.8272967338562012]
alpha/beta optimization time: 0.5820209980010986
pruning_in_iteration open status: False
ratio of positive domain = 0 / 256 = 0.0
pruning-in-iteration extra time: 3.647804260253906e-05
torch.Size([256, 1])
Time: prepare 0.0031    bound 0.5834    transfer 0.0133    finalize 0.0293    func 0.6291    
Accumulated time: func 99.2398    prepare 2.1671    bound 93.4774    transfer 0.9183    finalize 4.1689    
max lb tensor(-934.) min lb tensor(-1138.)
Number of Verified Splits: 0 of 256
Current worst splitting domains lb-rhs (depth):
-1138.00000 (7), -1138.00000 (90), -1138.00000 (39), -1138.00000 (83), -1138.00000 (29), -1138.00000 (71), -1138.00000 (145), -1138.00000 (155), -1138.00000 (125), -1138.00000 (82), -1138.00000 (132), -1138.00000 (62), -1138.00000 (21), -1138.00000 (152), -1138.00000 (110), -1138.00000 (29), -1138.00000 (140), -1138.00000 (117), -1138.00000 (123), -1138.00000 (71), 
Length of domains: 20008
Current (lb-rhs): -1138.0
39932 domains visited
Time: pickout 0.0290    decision 0.3668    set_bounds 0.0047    solve 0.6296    add 0.0492    
Accumulated time: pickout 2.9980    decision 38.4648    set_bounds 1.2070    solve 99.3499    add 12.8550    
Cumulative time: 155.0833125114441

BaB round 158
batch: 128
splitting decisions: 
split level 0: [/74, 977] [/74, 900] [/74, 710] [/74, 136] [/74, 136] [/74, 592] [/74, 102] [/74, 675] [/74, 919] [/74, 53] 
best_l after optimization: -265819.40625
beta sum per layer: [0.0, 0.0, 0.0, 1.771441102027893]
alpha/beta optimization time: 0.7032516002655029
pruning_in_iteration open status: False
ratio of positive domain = 0 / 256 = 0.0
pruning-in-iteration extra time: 5.841255187988281e-05
torch.Size([256, 1])
Time: prepare 0.0118    bound 0.7046    transfer 0.0131    finalize 0.0292    func 0.7587    
Accumulated time: func 99.9985    prepare 2.1892    bound 94.1820    transfer 0.9315    finalize 4.1981    
max lb tensor(-934.) min lb tensor(-1138.)
Number of Verified Splits: 0 of 256
Current worst splitting domains lb-rhs (depth):
-1138.00000 (136), -1138.00000 (153), -1138.00000 (145), -1138.00000 (85), -1138.00000 (60), -1138.00000 (14), -1138.00000 (30), -1138.00000 (86), -1138.00000 (116), -1138.00000 (129), -1138.00000 (6), -1138.00000 (60), -1138.00000 (86), -1138.00000 (14), -1138.00000 (47), -1138.00000 (99), -1138.00000 (59), -1138.00000 (30), -1138.00000 (153), -1138.00000 (30), 
Length of domains: 20136
Current (lb-rhs): -1138.0
40188 domains visited
Time: pickout 0.0234    decision 0.4164    set_bounds 0.0075    solve 0.7593    add 0.0516    
Accumulated time: pickout 3.0213    decision 38.8812    set_bounds 1.2146    solve 100.1092    add 12.9066    
Cumulative time: 156.34379148483276

BaB round 159
batch: 128
splitting decisions: 
split level 0: [/74, 592] [/74, 59] [/74, 977] [/74, 130] [/74, 910] [/74, 297] [/74, 853] [/74, 710] [/74, 617] [/74, 981] 
best_l after optimization: -265819.1875
beta sum per layer: [0.0, 0.0, 0.0, 1.7444448471069336]
alpha/beta optimization time: 0.6353259086608887
pruning_in_iteration open status: False
ratio of positive domain = 0 / 256 = 0.0
pruning-in-iteration extra time: 9.989738464355469e-05
torch.Size([256, 1])
Time: prepare 0.0117    bound 0.6367    transfer 0.0136    finalize 0.0273    func 0.6894    
Accumulated time: func 100.6879    prepare 2.2368    bound 94.8188    transfer 0.9451    finalize 4.2254    
max lb tensor(-934.) min lb tensor(-1138.)
Number of Verified Splits: 0 of 256
Current worst splitting domains lb-rhs (depth):
-1138.00000 (16), -1138.00000 (35), -1138.00000 (104), -1138.00000 (33), -1138.00000 (27), -1138.00000 (89), -1138.00000 (11), -1138.00000 (5), -1138.00000 (118), -1138.00000 (151), -1138.00000 (30), -1138.00000 (121), -1138.00000 (59), -1138.00000 (41), -1138.00000 (68), -1138.00000 (109), -1138.00000 (134), -1138.00000 (76), -1138.00000 (114), -1138.00000 (143), 
Length of domains: 20264
Current (lb-rhs): -1138.0
40444 domains visited
Time: pickout 0.0298    decision 0.4745    set_bounds 0.0076    solve 0.6899    add 0.0504    
Accumulated time: pickout 3.0512    decision 39.3557    set_bounds 1.2222    solve 100.7991    add 12.9571    
Cumulative time: 157.59874820709229

BaB round 160
batch: 128
splitting decisions: 
split level 0: [/74, 113] [/74, 858] [/74, 297] [/74, 53] [/74, 130] [/74, 228] [/74, 176] [/74, 182] [/74, 103] [/74, 230] 
best_l after optimization: -265818.9375
beta sum per layer: [0.0, 0.0, 0.0, 1.7308011054992676]
alpha/beta optimization time: 0.7148115634918213
pruning_in_iteration open status: False
ratio of positive domain = 0 / 256 = 0.0
pruning-in-iteration extra time: 3.600120544433594e-05
torch.Size([256, 1])
Time: prepare 0.0117    bound 0.7162    transfer 0.0135    finalize 0.0291    func 0.7706    
Accumulated time: func 101.4585    prepare 2.2756    bound 95.5349    transfer 0.9586    finalize 4.2545    
max lb tensor(-934.) min lb tensor(-1138.)
Number of Verified Splits: 0 of 256
Current worst splitting domains lb-rhs (depth):
-1138.00000 (64), -1138.00000 (89), -1138.00000 (32), -1138.00000 (129), -1138.00000 (65), -1138.00000 (155), -1138.00000 (89), -1138.00000 (32), -1138.00000 (41), -1138.00000 (14), -1138.00000 (51), -1138.00000 (116), -1138.00000 (90), -1138.00000 (129), -1138.00000 (51), -1138.00000 (101), -1138.00000 (141), -1138.00000 (146), -1138.00000 (136), -1138.00000 (65), 
Length of domains: 20392
Current (lb-rhs): -1138.0
40700 domains visited
Time: pickout 0.0243    decision 0.4118    set_bounds 0.0077    solve 0.7711    add 0.0529    
Accumulated time: pickout 3.0755    decision 39.7676    set_bounds 1.2299    solve 101.5701    add 13.0099    
Cumulative time: 158.86927270889282

BaB round 161
batch: 128
splitting decisions: 
split level 0: [/74, 514] [/74, 800] [/74, 497] [/74, 3] [/74, 785] [/74, 650] [/74, 948] [/74, 977] [/74, 940] [/74, 334] 
best_l after optimization: -265818.84375
beta sum per layer: [0.0, 0.0, 0.0, 1.7289111614227295]
alpha/beta optimization time: 0.5044567584991455
pruning_in_iteration open status: False
ratio of positive domain = 0 / 256 = 0.0
pruning-in-iteration extra time: 3.933906555175781e-05
torch.Size([256, 1])
Time: prepare 0.0039    bound 0.5060    transfer 0.0153    finalize 0.0364    func 0.5617    
Accumulated time: func 102.0202    prepare 2.3019    bound 96.0410    transfer 0.9739    finalize 4.2909    
max lb tensor(-934.) min lb tensor(-1138.)
Number of Verified Splits: 0 of 256
Current worst splitting domains lb-rhs (depth):
-1138.00000 (101), -1138.00000 (52), -1138.00000 (120), -1138.00000 (69), -1138.00000 (130), -1138.00000 (121), -1138.00000 (16), -1138.00000 (23), -1138.00000 (19), -1138.00000 (27), -1138.00000 (31), -1138.00000 (73), -1138.00000 (36), -1138.00000 (160), -1138.00000 (10), -1138.00000 (6), -1138.00000 (106), -1138.00000 (40), -1138.00000 (118), -1138.00000 (134), 
Length of domains: 20520
Current (lb-rhs): -1138.0
40956 domains visited
Time: pickout 0.0223    decision 0.3694    set_bounds 0.2722    solve 0.5624    add 0.0629    
Accumulated time: pickout 3.0978    decision 40.1370    set_bounds 1.5020    solve 102.1325    add 13.0729    
Cumulative time: 160.1614420413971

BaB round 162
batch: 128
splitting decisions: 
split level 0: [/74, 756] [/74, 368] [/74, 698] [/74, 343] [/74, 53] [/74, 514] [/74, 651] [/74, 592] [/74, 900] [/74, 47] 
best_l after optimization: -265818.875
beta sum per layer: [0.0, 0.0, 0.0, 2.1585299968719482]
alpha/beta optimization time: 0.6326014995574951
pruning_in_iteration open status: False
ratio of positive domain = 0 / 256 = 0.0
pruning-in-iteration extra time: 3.814697265625e-05
torch.Size([256, 1])
Time: prepare 0.0117    bound 0.6340    transfer 0.0140    finalize 0.0304    func 0.6902    
Accumulated time: func 102.7104    prepare 2.3492    bound 96.6750    transfer 0.9879    finalize 4.3213    
max lb tensor(-934.) min lb tensor(-1138.)
Number of Verified Splits: 0 of 256
Current worst splitting domains lb-rhs (depth):
-1138.00000 (119), -1138.00000 (30), -1138.00000 (88), -1138.00000 (68), -1138.00000 (16), -1138.00000 (156), -1138.00000 (129), -1138.00000 (30), -1138.00000 (69), -1138.00000 (149), -1138.00000 (149), -1138.00000 (69), -1138.00000 (88), -1138.00000 (30), -1138.00000 (17), -1138.00000 (128), -1138.00000 (69), -1138.00000 (67), -1138.00000 (67), -1138.00000 (100), 
Length of domains: 20648
Current (lb-rhs): -1138.0
41212 domains visited
Time: pickout 0.0246    decision 0.4605    set_bounds 0.0099    solve 0.6907    add 0.0556    
Accumulated time: pickout 3.1224    decision 40.5975    set_bounds 1.5119    solve 102.8233    add 13.1284    
Cumulative time: 161.40597105026245

BaB round 163
batch: 128
splitting decisions: 
split level 0: [/74, 497] [/74, 710] [/74, 905] [/74, 907] [/74, 3] [/74, 497] [/74, 1017] [/74, 897] [/74, 59] [/74, 49] 
best_l after optimization: -265821.3125
beta sum per layer: [0.0, 0.0, 0.0, 1.920776128768921]
alpha/beta optimization time: 0.6978075504302979
pruning_in_iteration open status: False
ratio of positive domain = 0 / 256 = 0.0
pruning-in-iteration extra time: 3.719329833984375e-05
torch.Size([256, 1])
Time: prepare 0.0118    bound 0.6992    transfer 0.0144    finalize 0.0319    func 0.7574    
Accumulated time: func 103.4678    prepare 2.3634    bound 97.3743    transfer 1.0024    finalize 4.3533    
max lb tensor(-934.) min lb tensor(-1138.)
Number of Verified Splits: 0 of 256
Current worst splitting domains lb-rhs (depth):
-1138.00000 (79), -1138.00000 (133), -1138.00000 (68), -1138.00000 (24), -1138.00000 (47), -1138.00000 (83), -1138.00000 (118), -1138.00000 (47), -1138.00000 (108), -1138.00000 (133), -1138.00000 (149), -1138.00000 (6), -1138.00000 (69), -1138.00000 (24), -1138.00000 (100), -1138.00000 (161), -1138.00000 (46), -1138.00000 (90), -1138.00000 (156), -1138.00000 (95), 
Length of domains: 20776
Current (lb-rhs): -1138.0
41468 domains visited
Time: pickout 0.0234    decision 0.4168    set_bounds 0.0094    solve 0.7579    add 0.0515    
Accumulated time: pickout 3.1458    decision 41.0143    set_bounds 1.5214    solve 103.5812    add 13.1799    
Cumulative time: 162.6679606437683

BaB round 164
batch: 128
splitting decisions: 
split level 0: [/74, 698] [/74, 977] [/74, 136] [/74, 334] [/74, 772] [/74, 698] [/74, 939] [/74, 685] [/74, 675] [/74, 873] 
best_l after optimization: -265820.28125
beta sum per layer: [0.0, 0.0, 0.0, 1.8377320766448975]
alpha/beta optimization time: 0.7212700843811035
pruning_in_iteration open status: False
ratio of positive domain = 0 / 256 = 0.0
pruning-in-iteration extra time: 3.9577484130859375e-05
torch.Size([256, 1])
Time: prepare 0.0118    bound 0.7227    transfer 0.0134    finalize 0.0289    func 0.7768    
Accumulated time: func 104.2446    prepare 2.3976    bound 98.0970    transfer 1.0158    finalize 4.3822    
max lb tensor(-934.) min lb tensor(-1138.)
Number of Verified Splits: 0 of 256
Current worst splitting domains lb-rhs (depth):
-1138.00000 (46), -1138.00000 (9), -1138.00000 (125), -1138.00000 (115), -1138.00000 (104), -1138.00000 (62), -1138.00000 (49), -1138.00000 (65), -1138.00000 (112), -1138.00000 (134), -1138.00000 (56), -1138.00000 (164), -1138.00000 (38), -1138.00000 (120), -1138.00000 (26), -1138.00000 (151), -1138.00000 (120), -1138.00000 (53), -1138.00000 (162), -1138.00000 (108), 
Length of domains: 20904
Current (lb-rhs): -1138.0
41724 domains visited
Time: pickout 0.0240    decision 0.4092    set_bounds 0.0101    solve 0.7773    add 0.0489    
Accumulated time: pickout 3.1697    decision 41.4235    set_bounds 1.5315    solve 104.3584    add 13.2288    
Cumulative time: 163.94017338752747

BaB round 165
batch: 128
splitting decisions: 
split level 0: [/74, 905] [/74, 592] [/74, 910] [/74, 49] [/74, 991] [/74, 136] [/74, 798] [/74, 228] [/74, 800] [/74, 522] 
best_l after optimization: -265819.71875
beta sum per layer: [0.0, 0.0, 0.0, 1.7948756217956543]
alpha/beta optimization time: 0.6439061164855957
pruning_in_iteration open status: False
ratio of positive domain = 0 / 256 = 0.0
pruning-in-iteration extra time: 4.029273986816406e-05
torch.Size([256, 1])
Time: prepare 0.0128    bound 0.6455    transfer 0.0139    finalize 0.0305    func 0.7027    
Accumulated time: func 104.9473    prepare 2.4188    bound 98.7424    transfer 1.0296    finalize 4.4126    
max lb tensor(-934.) min lb tensor(-1138.)
Number of Verified Splits: 0 of 256
Current worst splitting domains lb-rhs (depth):
-1138.00000 (115), -1138.00000 (65), -1138.00000 (56), -1138.00000 (163), -1138.00000 (97), -1138.00000 (28), -1138.00000 (135), -1138.00000 (24), -1138.00000 (84), -1138.00000 (50), -1138.00000 (76), -1138.00000 (123), -1138.00000 (47), -1138.00000 (42), -1138.00000 (43), -1138.00000 (158), -1138.00000 (7), -1138.00000 (37), -1138.00000 (100), -1138.00000 (15), 
Length of domains: 21032
Current (lb-rhs): -1138.0
41980 domains visited
Time: pickout 0.0225    decision 0.2987    set_bounds 0.0066    solve 0.7032    add 0.0561    
Accumulated time: pickout 3.1923    decision 41.7222    set_bounds 1.5381    solve 105.0616    add 13.2849    
Cumulative time: 165.03014826774597

BaB round 166
batch: 128
splitting decisions: 
split level 0: [/74, 150] [/74, 897] [/74, 150] [/74, 515] [/74, 981] [/74, 910] [/74, 1002] [/74, 514] [/74, 977] [/74, 761] 
best_l after optimization: -265819.5
beta sum per layer: [0.0, 0.0, 0.0, 2.218006134033203]
alpha/beta optimization time: 0.36179351806640625
pruning_in_iteration open status: False
ratio of positive domain = 0 / 256 = 0.0
pruning-in-iteration extra time: 3.552436828613281e-05
torch.Size([256, 1])
Time: prepare 0.0032    bound 0.3632    transfer 0.0136    finalize 0.0310    func 0.4110    
Accumulated time: func 105.3583    prepare 2.4356    bound 99.1056    transfer 1.0433    finalize 4.4436    
max lb tensor(-934.) min lb tensor(-1138.)
Number of Verified Splits: 0 of 256
Current worst splitting domains lb-rhs (depth):
-1138.00000 (150), -1138.00000 (8), -1138.00000 (140), -1138.00000 (113), -1138.00000 (67), -1138.00000 (55), -1138.00000 (21), -1138.00000 (90), -1138.00000 (42), -1138.00000 (105), -1138.00000 (154), -1138.00000 (9), -1138.00000 (164), -1138.00000 (33), -1138.00000 (67), -1138.00000 (133), -1138.00000 (158), -1138.00000 (78), -1138.00000 (95), -1138.00000 (125), 
Length of domains: 21160
Current (lb-rhs): -1138.0
42236 domains visited
Time: pickout 0.0243    decision 0.2597    set_bounds 0.0066    solve 0.4115    add 0.0496    
Accumulated time: pickout 3.2165    decision 41.9819    set_bounds 1.5447    solve 105.4731    add 13.3345    
Cumulative time: 165.7846622467041

BaB round 167
batch: 128
splitting decisions: 
split level 0: [/74, 785] [/74, 685] [/74, 684] [/74, 873] [/74, 907] [/74, 150] [/74, 814] [/74, 497] [/74, 897] [/74, 612] 
best_l after optimization: -265821.375
beta sum per layer: [0.0, 0.0, 0.0, 1.964505672454834]
alpha/beta optimization time: 0.5883288383483887
pruning_in_iteration open status: False
ratio of positive domain = 0 / 256 = 0.0
pruning-in-iteration extra time: 0.0003066062927246094
torch.Size([256, 1])
Time: prepare 0.0032    bound 0.5900    transfer 0.0139    finalize 0.0295    func 0.6367    
Accumulated time: func 105.9950    prepare 2.4400    bound 99.6956    transfer 1.0572    finalize 4.4731    
max lb tensor(-934.) min lb tensor(-1138.)
Number of Verified Splits: 0 of 256
Current worst splitting domains lb-rhs (depth):
-1138.00000 (104), -1138.00000 (28), -1138.00000 (5), -1138.00000 (22), -1138.00000 (80), -1138.00000 (84), -1138.00000 (36), -1138.00000 (8), -1138.00000 (161), -1138.00000 (68), -1138.00000 (41), -1138.00000 (54), -1138.00000 (30), -1138.00000 (155), -1138.00000 (97), -1138.00000 (148), -1138.00000 (145), -1138.00000 (71), -1138.00000 (61), -1138.00000 (133), 
Length of domains: 21288
Current (lb-rhs): -1138.0
42492 domains visited
Time: pickout 0.0220    decision 0.1319    set_bounds 0.0069    solve 0.6372    add 0.0556    
Accumulated time: pickout 3.2385    decision 42.1138    set_bounds 1.5516    solve 106.1103    add 13.3900    
Cumulative time: 166.64096903800964

BaB round 168
batch: 128
splitting decisions: 
split level 0: [/74, 53] [/74, 497] [/74, 785] [/74, 75] [/74, 334] [/74, 684] [/74, 39] [/74, 698] [/74, 685] [/74, 851] 
best_l after optimization: -265820.34375
beta sum per layer: [0.0, 0.0, 0.0, 1.8633073568344116]
alpha/beta optimization time: 0.5318489074707031
pruning_in_iteration open status: False
ratio of positive domain = 0 / 256 = 0.0
pruning-in-iteration extra time: 3.933906555175781e-05
torch.Size([256, 1])
Time: prepare 0.0083    bound 0.5333    transfer 0.0138    finalize 0.0313    func 0.5868    
Accumulated time: func 106.5818    prepare 2.4639    bound 100.2289    transfer 1.0710    finalize 4.5045    
max lb tensor(-934.) min lb tensor(-1138.)
Number of Verified Splits: 0 of 256
Current worst splitting domains lb-rhs (depth):
-1138.00000 (63), -1138.00000 (34), -1138.00000 (63), -1138.00000 (153), -1138.00000 (117), -1138.00000 (63), -1138.00000 (138), -1138.00000 (34), -1138.00000 (93), -1138.00000 (6), -1138.00000 (34), -1138.00000 (102), -1138.00000 (35), -1138.00000 (165), -1138.00000 (122), -1138.00000 (62), -1138.00000 (138), -1138.00000 (152), -1138.00000 (10), -1138.00000 (137), 
Length of domains: 21416
Current (lb-rhs): -1138.0
42748 domains visited
Time: pickout 0.0305    decision 0.3188    set_bounds 0.0111    solve 0.5873    add 0.0515    
Accumulated time: pickout 3.2690    decision 42.4326    set_bounds 1.5627    solve 106.6976    add 13.4415    
Cumulative time: 167.64268398284912

BaB round 169
batch: 128
splitting decisions: 
split level 0: [/74, 772] [/74, 698] [/74, 3] [/74, 612] [/74, 280] [/74, 130] [/74, 472] [/74, 136] [/74, 756] [/74, 853] 
best_l after optimization: -265819.9375
beta sum per layer: [0.0, 0.0, 0.0, 1.8379693031311035]
alpha/beta optimization time: 0.6158013343811035
pruning_in_iteration open status: False
ratio of positive domain = 0 / 256 = 0.0
pruning-in-iteration extra time: 4.982948303222656e-05
torch.Size([256, 1])
Time: prepare 0.0035    bound 0.6173    transfer 0.0140    finalize 0.0286    func 0.6635    
Accumulated time: func 107.2453    prepare 2.4862    bound 100.8462    transfer 1.0850    finalize 4.5331    
max lb tensor(-934.) min lb tensor(-1138.)
Number of Verified Splits: 0 of 256
Current worst splitting domains lb-rhs (depth):
-1138.00000 (16), -1138.00000 (88), -1138.00000 (22), -1138.00000 (89), -1138.00000 (100), -1138.00000 (137), -1138.00000 (31), -1138.00000 (43), -1138.00000 (64), -1138.00000 (29), -1138.00000 (132), -1138.00000 (78), -1138.00000 (168), -1138.00000 (6), -1138.00000 (98), -1138.00000 (157), -1138.00000 (142), -1138.00000 (107), -1138.00000 (51), -1138.00000 (81), 
Length of domains: 21544
Current (lb-rhs): -1138.0
43004 domains visited
Time: pickout 0.0286    decision 0.3497    set_bounds 0.0068    solve 0.6640    add 0.0496    
Accumulated time: pickout 3.2976    decision 42.7823    set_bounds 1.5695    solve 107.3616    add 13.4911    
Cumulative time: 168.74386405944824

BaB round 170
batch: 128
splitting decisions: 
split level 0: [/74, 225] [/74, 905] [/74, 772] [/74, 851] [/74, 515] [/74, 785] [/74, 424] [/74, 684] [/74, 497] [/74, 622] 
best_l after optimization: -265819.59375
beta sum per layer: [0.0, 0.0, 0.0, 1.798927664756775]
alpha/beta optimization time: 0.6031010150909424
pruning_in_iteration open status: False
ratio of positive domain = 0 / 256 = 0.0
pruning-in-iteration extra time: 0.00012230873107910156
torch.Size([256, 1])
Time: prepare 0.0031    bound 0.6046    transfer 0.0131    finalize 0.0281    func 0.6490    
Accumulated time: func 107.8943    prepare 2.5252    bound 101.4508    transfer 1.0981    finalize 4.5612    
max lb tensor(-934.) min lb tensor(-1138.)
Number of Verified Splits: 0 of 256
Current worst splitting domains lb-rhs (depth):
-1138.00000 (29), -1138.00000 (72), -1138.00000 (30), -1138.00000 (135), -1138.00000 (96), -1138.00000 (157), -1138.00000 (30), -1138.00000 (6), -1138.00000 (73), -1138.00000 (29), -1138.00000 (157), -1138.00000 (106), -1138.00000 (73), -1138.00000 (134), -1138.00000 (107), -1138.00000 (29), -1138.00000 (73), -1138.00000 (158), -1138.00000 (28), -1138.00000 (117), 
Length of domains: 21672
Current (lb-rhs): -1138.0
43260 domains visited
Time: pickout 0.0292    decision 0.4329    set_bounds 0.0067    solve 0.6494    add 0.0505    
Accumulated time: pickout 3.3268    decision 43.2152    set_bounds 1.5762    solve 108.0111    add 13.5416    
Cumulative time: 169.91499948501587

BaB round 171
batch: 128
splitting decisions: 
split level 0: [/74, 343] [/74, 373] [/74, 225] [/74, 20] [/74, 873] [/74, 3] [/74, 94] [/74, 130] [/74, 698] [/74, 176] 
best_l after optimization: -265819.25
beta sum per layer: [0.0, 0.0, 0.0, 1.7603733539581299]
alpha/beta optimization time: 0.5841188430786133
pruning_in_iteration open status: False
ratio of positive domain = 0 / 256 = 0.0
pruning-in-iteration extra time: 3.62396240234375e-05
torch.Size([256, 1])
Time: prepare 0.0036    bound 0.5856    transfer 0.0137    finalize 0.0294    func 0.6324    
Accumulated time: func 108.5266    prepare 2.5650    bound 102.0364    transfer 1.1118    finalize 4.5906    
max lb tensor(-934.) min lb tensor(-1138.)
Number of Verified Splits: 0 of 256
Current worst splitting domains lb-rhs (depth):
-1138.00000 (32), -1138.00000 (33), -1138.00000 (151), -1138.00000 (82), -1138.00000 (6), -1138.00000 (33), -1138.00000 (151), -1138.00000 (82), -1138.00000 (116), -1138.00000 (33), -1138.00000 (151), -1138.00000 (117), -1138.00000 (83), -1138.00000 (116), -1138.00000 (32), -1138.00000 (152), -1138.00000 (83), -1138.00000 (32), -1138.00000 (104), -1138.00000 (152), 
Length of domains: 21800
Current (lb-rhs): -1138.0
43516 domains visited
Time: pickout 0.0285    decision 0.4213    set_bounds 0.0076    solve 0.6329    add 0.0510    
Accumulated time: pickout 3.3553    decision 43.6365    set_bounds 1.5838    solve 108.6439    add 13.5926    
Cumulative time: 171.0586211681366

BaB round 172
batch: 128
splitting decisions: 
split level 0: [/74, 230] [/74, 684] [/74, 981] [/74, 134] [/74, 761] [/74, 556] [/74, 212] [/74, 53] [/74, 905] [/74, 948] 
best_l after optimization: -265819.15625
beta sum per layer: [0.0, 0.0, 0.0, 1.7510377168655396]
alpha/beta optimization time: 0.757476806640625
pruning_in_iteration open status: False
ratio of positive domain = 0 / 256 = 0.0
pruning-in-iteration extra time: 3.552436828613281e-05
torch.Size([256, 1])
Time: prepare 0.0117    bound 0.7589    transfer 0.0136    finalize 0.0325    func 0.8168    
Accumulated time: func 109.3434    prepare 2.5927    bound 102.7953    transfer 1.1254    finalize 4.6231    
max lb tensor(-934.) min lb tensor(-1138.)
Number of Verified Splits: 0 of 256
Current worst splitting domains lb-rhs (depth):
-1138.00000 (111), -1138.00000 (128), -1138.00000 (47), -1138.00000 (56), -1138.00000 (81), -1138.00000 (140), -1138.00000 (132), -1138.00000 (156), -1138.00000 (103), -1138.00000 (116), -1138.00000 (65), -1138.00000 (6), -1138.00000 (36), -1138.00000 (125), -1138.00000 (15), -1138.00000 (119), -1138.00000 (171), -1138.00000 (82), -1138.00000 (122), -1138.00000 (36), 
Length of domains: 21928
Current (lb-rhs): -1138.0
43772 domains visited
Time: pickout 0.0249    decision 0.3585    set_bounds 0.0110    solve 0.8174    add 0.0496    
Accumulated time: pickout 3.3802    decision 43.9950    set_bounds 1.5947    solve 109.4613    add 13.6422    
Cumulative time: 172.32238793373108

BaB round 173
batch: 128
splitting decisions: 
split level 0: [/74, 334] [/74, 53] [/74, 47] [/74, 102] [/74, 134] [/74, 280] [/74, 599] [/74, 3] [/74, 373] [/74, 1017] 
best_l after optimization: -265818.8125
beta sum per layer: [0.0, 0.0, 0.0, 1.726592779159546]
alpha/beta optimization time: 0.8328342437744141
pruning_in_iteration open status: False
ratio of positive domain = 0 / 256 = 0.0
pruning-in-iteration extra time: 3.6716461181640625e-05
torch.Size([256, 1])
Time: prepare 0.0079    bound 0.8342    transfer 0.0143    finalize 0.0320    func 0.8884    
Accumulated time: func 110.2319    prepare 2.6089    bound 103.6295    transfer 1.1397    finalize 4.6551    
max lb tensor(-934.) min lb tensor(-1138.)
Number of Verified Splits: 0 of 256
Current worst splitting domains lb-rhs (depth):
-1138.00000 (154), -1138.00000 (107), -1138.00000 (54), -1138.00000 (88), -1138.00000 (62), -1138.00000 (30), -1138.00000 (111), -1138.00000 (27), -1138.00000 (167), -1138.00000 (36), -1138.00000 (24), -1138.00000 (46), -1138.00000 (102), -1138.00000 (172), -1138.00000 (6), -1138.00000 (163), -1138.00000 (144), -1138.00000 (82), -1138.00000 (132), -1138.00000 (64), 
Length of domains: 22056
Current (lb-rhs): -1138.0
44028 domains visited
Time: pickout 0.0219    decision 0.2984    set_bounds 0.0070    solve 0.8890    add 0.0499    
Accumulated time: pickout 3.4021    decision 44.2934    set_bounds 1.6018    solve 110.3503    add 13.6921    
Cumulative time: 173.5908236503601

BaB round 174
batch: 128
splitting decisions: 
split level 0: [/74, 47] [/74, 991] [/74, 280] [/74, 853] [/74, 102] [/74, 49] [/74, 278] [/74, 991] [/74, 130] [/74, 1002] 
best_l after optimization: -265818.75
beta sum per layer: [0.0, 0.0, 0.0, 1.7295125722885132]
alpha/beta optimization time: 0.9057152271270752
pruning_in_iteration open status: False
ratio of positive domain = 0 / 256 = 0.0
pruning-in-iteration extra time: 3.8623809814453125e-05
torch.Size([256, 1])
Time: prepare 0.0034    bound 0.9072    transfer 0.0136    finalize 0.0297    func 0.9539    
Accumulated time: func 111.1858    prepare 2.6138    bound 104.5367    transfer 1.1533    finalize 4.6848    
max lb tensor(-934.) min lb tensor(-1138.)
Number of Verified Splits: 0 of 256
Current worst splitting domains lb-rhs (depth):
-1138.00000 (47), -1138.00000 (90), -1138.00000 (152), -1138.00000 (27), -1138.00000 (112), -1138.00000 (101), -1138.00000 (47), -1138.00000 (9), -1138.00000 (162), -1138.00000 (142), -1138.00000 (67), -1138.00000 (118), -1138.00000 (27), -1138.00000 (47), -1138.00000 (90), -1138.00000 (79), -1138.00000 (9), -1138.00000 (102), -1138.00000 (172), -1138.00000 (152), 
Length of domains: 22184
Current (lb-rhs): -1138.0
44284 domains visited
Time: pickout 0.0252    decision 0.2410    set_bounds 0.0097    solve 0.9544    add 0.0486    
Accumulated time: pickout 3.4273    decision 44.5344    set_bounds 1.6115    solve 111.3047    add 13.7407    
Cumulative time: 174.87211537361145

BaB round 175
batch: 128
splitting decisions: 
split level 0: [/74, 873] [/74, 225] [/74, 49] [/74, 622] [/74, 948] [/74, 522] [/74, 348] [/74, 981] [/74, 785] [/74, 39] 
best_l after optimization: -265818.5625
beta sum per layer: [0.0, 0.0, 0.0, 2.384455919265747]
alpha/beta optimization time: 0.8900213241577148
pruning_in_iteration open status: False
ratio of positive domain = 0 / 256 = 0.0
pruning-in-iteration extra time: 0.00012183189392089844
torch.Size([256, 1])
Time: prepare 0.0132    bound 0.8915    transfer 0.0137    finalize 0.0292    func 0.9477    
Accumulated time: func 112.1334    prepare 2.6284    bound 105.4282    transfer 1.1670    finalize 4.7141    
max lb tensor(-934.) min lb tensor(-1138.)
Number of Verified Splits: 0 of 256
Current worst splitting domains lb-rhs (depth):
-1138.00000 (70), -1138.00000 (47), -1138.00000 (33), -1138.00000 (6), -1138.00000 (148), -1138.00000 (125), -1138.00000 (145), -1138.00000 (76), -1138.00000 (161), -1138.00000 (139), -1138.00000 (156), -1138.00000 (90), -1138.00000 (97), -1138.00000 (174), -1138.00000 (61), -1138.00000 (13), -1138.00000 (24), -1138.00000 (169), -1138.00000 (102), -1138.00000 (55), 
Length of domains: 22312
Current (lb-rhs): -1138.0
44540 domains visited
Time: pickout 0.0235    decision 0.2461    set_bounds 0.0069    solve 0.9482    add 0.0489    
Accumulated time: pickout 3.4507    decision 44.7805    set_bounds 1.6184    solve 112.2529    add 13.7896    
Cumulative time: 176.14805841445923

BaB round 176
batch: 128
splitting decisions: 
split level 0: [/74, 612] [/74, 230] [/74, 515] [/74, 176] [/74, 651] [/74, 761] [/74, 720] [/74, 230] [/74, 991] [/74, 472] 
best_l after optimization: -265820.78125
beta sum per layer: [0.0, 0.0, 0.0, 1.9318866729736328]
alpha/beta optimization time: 0.7758169174194336
pruning_in_iteration open status: False
ratio of positive domain = 0 / 256 = 0.0
pruning-in-iteration extra time: 0.00014495849609375
torch.Size([256, 1])
Time: prepare 0.0032    bound 0.7773    transfer 0.0135    finalize 0.0296    func 0.8236    
Accumulated time: func 112.9570    prepare 2.6329    bound 106.2055    transfer 1.1805    finalize 4.7437    
max lb tensor(-934.) min lb tensor(-1138.)
Number of Verified Splits: 0 of 256
Current worst splitting domains lb-rhs (depth):
-1138.00000 (25), -1138.00000 (58), -1138.00000 (7), -1138.00000 (72), -1138.00000 (134), -1138.00000 (33), -1138.00000 (175), -1138.00000 (166), -1138.00000 (86), -1138.00000 (45), -1138.00000 (126), -1138.00000 (141), -1138.00000 (148), -1138.00000 (96), -1138.00000 (72), -1138.00000 (106), -1138.00000 (16), -1138.00000 (58), -1138.00000 (155), -1138.00000 (8), 
Length of domains: 22440
Current (lb-rhs): -1138.0
44796 domains visited
Time: pickout 0.0226    decision 0.1336    set_bounds 0.0069    solve 0.8241    add 0.0524    
Accumulated time: pickout 3.4733    decision 44.9141    set_bounds 1.6253    solve 113.0770    add 13.8420    
Cumulative time: 177.1901776790619

BaB round 177
batch: 128
splitting decisions: 
split level 0: [/74, 851] [/74, 907] [/74, 873] [/74, 948] [/74, 1017] [/74, 135] [/74, 906] [/74, 556] [/74, 225] [/74, 424] 
best_l after optimization: -265819.8125
beta sum per layer: [0.0, 0.0, 0.0, 1.8674275875091553]
alpha/beta optimization time: 0.7763650417327881
pruning_in_iteration open status: False
ratio of positive domain = 0 / 256 = 0.0
pruning-in-iteration extra time: 0.00015115737915039062
torch.Size([256, 1])
Time: prepare 0.0031    bound 0.7778    transfer 0.0150    finalize 0.0352    func 0.8312    
Accumulated time: func 113.7882    prepare 2.6423    bound 106.9834    transfer 1.1955    finalize 4.7789    
max lb tensor(-934.) min lb tensor(-1138.)
Number of Verified Splits: 0 of 256
Current worst splitting domains lb-rhs (depth):
-1138.00000 (137), -1138.00000 (130), -1138.00000 (25), -1138.00000 (151), -1138.00000 (71), -1138.00000 (124), -1138.00000 (41), -1138.00000 (163), -1138.00000 (61), -1138.00000 (122), -1138.00000 (41), -1138.00000 (152), -1138.00000 (10), -1138.00000 (112), -1138.00000 (100), -1138.00000 (25), -1138.00000 (40), -1138.00000 (162), -1138.00000 (116), -1138.00000 (62), 
Length of domains: 22568
Current (lb-rhs): -1138.0
45052 domains visited
Time: pickout 0.0220    decision 0.2517    set_bounds 0.0068    solve 0.8318    add 0.0532    
Accumulated time: pickout 3.4953    decision 45.1658    set_bounds 1.6321    solve 113.9088    add 13.8952    
Cumulative time: 178.35855197906494

BaB round 178
batch: 128
splitting decisions: 
split level 0: [/74, 20] [/74, 334] [/74, 135] [/74, 651] [/74, 614] [/74, 75] [/74, 386] [/74, 907] [/74, 343] [/74, 682] 
best_l after optimization: -265819.375
beta sum per layer: [0.0, 0.0, 0.0, 1.8059883117675781]
alpha/beta optimization time: 0.7712883949279785
pruning_in_iteration open status: False
ratio of positive domain = 0 / 256 = 0.0
pruning-in-iteration extra time: 0.00015115737915039062
torch.Size([256, 1])
Time: prepare 0.0032    bound 0.7729    transfer 0.0077    finalize 0.0368    func 0.8206    
Accumulated time: func 114.6089    prepare 2.6601    bound 107.7563    transfer 1.2032    finalize 4.8156    
max lb tensor(-934.) min lb tensor(-1138.)
Number of Verified Splits: 0 of 256
Current worst splitting domains lb-rhs (depth):
-1138.00000 (18), -1138.00000 (157), -1138.00000 (47), -1138.00000 (55), -1138.00000 (117), -1138.00000 (127), -1138.00000 (12), -1138.00000 (30), -1138.00000 (5), -1138.00000 (39), -1138.00000 (34), -1138.00000 (171), -1138.00000 (161), -1138.00000 (91), -1138.00000 (69), -1138.00000 (160), -1138.00000 (163), -1138.00000 (93), -1138.00000 (106), -1138.00000 (44), 
Length of domains: 22696
Current (lb-rhs): -1138.0
45308 domains visited
Time: pickout 0.0326    decision 0.2425    set_bounds 0.0070    solve 0.8211    add 0.0496    
Accumulated time: pickout 3.5279    decision 45.4083    set_bounds 1.6390    solve 114.7299    add 13.9448    
Cumulative time: 179.514883518219

BaB round 179
batch: 128
splitting decisions: 
split level 0: [/74, 853] [/74, 47] [/74, 612] [/74, 1017] [/74, 1002] [/74, 851] [/74, 716] [/74, 47] [/74, 556] [/74, 730] 
best_l after optimization: -265819.28125
beta sum per layer: [0.0, 0.0, 0.0, 1.797311782836914]
alpha/beta optimization time: 0.7665605545043945
pruning_in_iteration open status: False
ratio of positive domain = 0 / 256 = 0.0
pruning-in-iteration extra time: 0.0001475811004638672
torch.Size([256, 1])
Time: prepare 0.0031    bound 0.7680    transfer 0.0156    finalize 0.0372    func 0.8240    
Accumulated time: func 115.4329    prepare 2.6747    bound 108.5243    transfer 1.2187    finalize 4.8529    
max lb tensor(-934.) min lb tensor(-1138.)
Number of Verified Splits: 0 of 256
Current worst splitting domains lb-rhs (depth):
-1138.00000 (77), -1138.00000 (87), -1138.00000 (152), -1138.00000 (121), -1138.00000 (18), -1138.00000 (115), -1138.00000 (43), -1138.00000 (59), -1138.00000 (141), -1138.00000 (128), -1138.00000 (100), -1138.00000 (24), -1138.00000 (102), -1138.00000 (44), -1138.00000 (86), -1138.00000 (151), -1138.00000 (165), -1138.00000 (10), -1138.00000 (44), -1138.00000 (59), 
Length of domains: 22824
Current (lb-rhs): -1138.0
45564 domains visited
Time: pickout 0.0258    decision 0.2719    set_bounds 0.0069    solve 0.8245    add 0.0568    
Accumulated time: pickout 3.5537    decision 45.6801    set_bounds 1.6459    solve 115.5544    add 14.0016    
Cumulative time: 180.70398330688477

BaB round 180
batch: 128
splitting decisions: 
split level 0: [/74, 622] [/74, 280] [/74, 851] [/74, 939] [/74, 119] [/74, 20] [/74, 558] [/74, 49] [/74, 907] [/74, 599] 
best_l after optimization: -265819.0
beta sum per layer: [0.0, 0.0, 0.0, 1.7726330757141113]
alpha/beta optimization time: 0.7715795040130615
pruning_in_iteration open status: False
ratio of positive domain = 0 / 256 = 0.0
pruning-in-iteration extra time: 0.00015497207641601562
torch.Size([256, 1])
Time: prepare 0.0032    bound 0.7731    transfer 0.0062    finalize 0.0359    func 0.8184    
Accumulated time: func 116.2513    prepare 2.6966    bound 109.2974    transfer 1.2249    finalize 4.8887    
max lb tensor(-934.) min lb tensor(-1138.)
Number of Verified Splits: 0 of 256
Current worst splitting domains lb-rhs (depth):
-1138.00000 (39), -1138.00000 (161), -1138.00000 (8), -1138.00000 (115), -1138.00000 (136), -1138.00000 (178), -1138.00000 (40), -1138.00000 (40), -1138.00000 (89), -1138.00000 (162), -1138.00000 (40), -1138.00000 (136), -1138.00000 (89), -1138.00000 (41), -1138.00000 (162), -1138.00000 (89), -1138.00000 (8), -1138.00000 (39), -1138.00000 (136), -1138.00000 (90), 
Length of domains: 22952
Current (lb-rhs): -1138.0
45820 domains visited
Time: pickout 0.0290    decision 0.2492    set_bounds 0.0070    solve 0.8189    add 0.0501    
Accumulated time: pickout 3.5827    decision 45.9293    set_bounds 1.6529    solve 116.3733    add 14.0517    
Cumulative time: 181.86121702194214

BaB round 181
batch: 128
splitting decisions: 
split level 0: [/74, 176] [/74, 515] [/74, 102] [/74, 798] [/74, 472] [/74, 134] [/74, 923] [/74, 515] [/74, 47] [/74, 493] 
best_l after optimization: -265818.90625
beta sum per layer: [0.0, 0.0, 0.0, 1.7512121200561523]
alpha/beta optimization time: 0.6262922286987305
pruning_in_iteration open status: False
ratio of positive domain = 0 / 256 = 0.0
pruning-in-iteration extra time: 3.8623809814453125e-05
torch.Size([256, 1])
Time: prepare 0.0054    bound 0.6278    transfer 0.0063    finalize 0.0336    func 0.6731    
Accumulated time: func 116.9244    prepare 2.7101    bound 109.9252    transfer 1.2312    finalize 4.9223    
max lb tensor(-934.) min lb tensor(-1138.)
Number of Verified Splits: 0 of 256
Current worst splitting domains lb-rhs (depth):
-1138.00000 (143), -1138.00000 (45), -1138.00000 (87), -1138.00000 (123), -1138.00000 (32), -1138.00000 (59), -1138.00000 (86), -1138.00000 (7), -1138.00000 (161), -1138.00000 (124), -1138.00000 (86), -1138.00000 (153), -1138.00000 (143), -1138.00000 (59), -1138.00000 (33), -1138.00000 (86), -1138.00000 (124), -1138.00000 (179), -1138.00000 (174), -1138.00000 (45), 
Length of domains: 23080
Current (lb-rhs): -1138.0
46076 domains visited
Time: pickout 0.0281    decision 0.2450    set_bounds 0.0090    solve 0.6736    add 0.0518    
Accumulated time: pickout 3.6108    decision 46.1743    set_bounds 1.6619    solve 117.0468    add 14.1035    
Cumulative time: 182.8716676235199

BaB round 182
batch: 128
splitting decisions: 
split level 0: [/74, 651] [/74, 75] [/74, 853] [/74, 1002] [/74, 730] [/74, 102] [/74, 388] [/74, 873] [/74, 280] [/74, 445] 
best_l after optimization: -265818.5625
beta sum per layer: [0.0, 0.0, 0.0, 1.729151725769043]
alpha/beta optimization time: 0.6684746742248535
pruning_in_iteration open status: False
ratio of positive domain = 0 / 256 = 0.0
pruning-in-iteration extra time: 3.457069396972656e-05
torch.Size([256, 1])
Time: prepare 0.0069    bound 0.6699    transfer 0.0064    finalize 0.0358    func 0.7190    
Accumulated time: func 117.6434    prepare 2.7328    bound 110.5951    transfer 1.2375    finalize 4.9581    
max lb tensor(-934.) min lb tensor(-1138.)
Number of Verified Splits: 0 of 256
Current worst splitting domains lb-rhs (depth):
-1138.00000 (19), -1138.00000 (40), -1138.00000 (6), -1138.00000 (178), -1138.00000 (100), -1138.00000 (160), -1138.00000 (91), -1138.00000 (164), -1138.00000 (166), -1138.00000 (169), -1138.00000 (48), -1138.00000 (79), -1138.00000 (113), -1138.00000 (149), -1138.00000 (54), -1138.00000 (67), -1138.00000 (137), -1138.00000 (112), -1138.00000 (181), -1138.00000 (91), 
Length of domains: 23208
Current (lb-rhs): -1138.0
46332 domains visited
Time: pickout 0.0370    decision 0.3281    set_bounds 0.0074    solve 0.7195    add 0.0524    
Accumulated time: pickout 3.6479    decision 46.5024    set_bounds 1.6693    solve 117.7663    add 14.1559    
Cumulative time: 184.01904201507568

BaB round 183
batch: 128
splitting decisions: 
split level 0: [/74, 39] [/74, 612] [/74, 622] [/74, 814] [/74, 599] [/74, 948] [/74, 729] [/74, 522] [/74, 515] [/74, 278] 
best_l after optimization: -265818.5
beta sum per layer: [0.0, 0.0, 0.0, 2.2913177013397217]
alpha/beta optimization time: 0.6543111801147461
pruning_in_iteration open status: False
ratio of positive domain = 0 / 256 = 0.0
pruning-in-iteration extra time: 3.504753112792969e-05
torch.Size([256, 1])
Time: prepare 0.0046    bound 0.6557    transfer 0.0066    finalize 0.0343    func 0.7012    
Accumulated time: func 118.3446    prepare 2.7529    bound 111.2508    transfer 1.2441    finalize 4.9924    
max lb tensor(-934.) min lb tensor(-1138.)
Number of Verified Splits: 0 of 256
Current worst splitting domains lb-rhs (depth):
-1138.00000 (182), -1138.00000 (6), -1138.00000 (12), -1138.00000 (131), -1138.00000 (64), -1138.00000 (170), -1138.00000 (134), -1138.00000 (163), -1138.00000 (157), -1138.00000 (153), -1138.00000 (113), -1138.00000 (23), -1138.00000 (98), -1138.00000 (105), -1138.00000 (178), -1138.00000 (166), -1138.00000 (146), -1138.00000 (20), -1138.00000 (141), -1138.00000 (85), 
Length of domains: 23336
Current (lb-rhs): -1138.0
46588 domains visited
Time: pickout 0.0369    decision 0.2661    set_bounds 0.0105    solve 0.7017    add 0.0489    
Accumulated time: pickout 3.6848    decision 46.7684    set_bounds 1.6797    solve 118.4680    add 14.2048    
Cumulative time: 185.08583664894104

BaB round 184
batch: 128
splitting decisions: 
split level 0: [/74, 682] [/74, 20] [/74, 176] [/74, 472] [/74, 445] [/74, 798] [/74, 201] [/74, 761] [/74, 873] [/74, 348] 
best_l after optimization: -265821.6875
beta sum per layer: [0.0, 0.0, 0.0, 2.019176483154297]
alpha/beta optimization time: 0.6502928733825684
pruning_in_iteration open status: False
ratio of positive domain = 0 / 256 = 0.0
pruning-in-iteration extra time: 3.5762786865234375e-05
torch.Size([256, 1])
Time: prepare 0.0101    bound 0.6517    transfer 0.0065    finalize 0.0345    func 0.7028    
Accumulated time: func 119.0474    prepare 2.7787    bound 111.9025    transfer 1.2506    finalize 5.0269    
max lb tensor(-934.) min lb tensor(-1138.)
Number of Verified Splits: 0 of 256
Current worst splitting domains lb-rhs (depth):
-1138.00000 (171), -1138.00000 (8), -1138.00000 (171), -1138.00000 (144), -1138.00000 (30), -1138.00000 (182), -1138.00000 (131), -1138.00000 (59), -1138.00000 (119), -1138.00000 (106), -1138.00000 (30), -1138.00000 (90), -1138.00000 (140), -1138.00000 (156), -1138.00000 (30), -1138.00000 (74), -1138.00000 (59), -1138.00000 (8), -1138.00000 (156), -1138.00000 (124), 
Length of domains: 23464
Current (lb-rhs): -1138.0
46844 domains visited
Time: pickout 0.0350    decision 0.2740    set_bounds 0.0102    solve 0.7033    add 0.0495    
Accumulated time: pickout 3.7198    decision 47.0424    set_bounds 1.6899    solve 119.1713    add 14.2542    
Cumulative time: 186.1606047153473

BaB round 185
batch: 128
splitting decisions: 
split level 0: [/74, 490] [/74, 134] [/74, 651] [/74, 212] [/74, 906] [/74, 1002] [/74, 943] [/74, 75] [/74, 522] [/74, 720] 
best_l after optimization: -265820.90625
beta sum per layer: [0.0, 0.0, 0.0, 1.9496188163757324]
alpha/beta optimization time: 0.6498358249664307
pruning_in_iteration open status: False
ratio of positive domain = 0 / 256 = 0.0
pruning-in-iteration extra time: 3.886222839355469e-05
torch.Size([256, 1])
Time: prepare 0.0091    bound 0.6512    transfer 0.0064    finalize 0.0343    func 0.7010    
Accumulated time: func 119.7484    prepare 2.8033    bound 112.5537    transfer 1.2570    finalize 5.0612    
max lb tensor(-934.) min lb tensor(-1138.)
Number of Verified Splits: 0 of 256
Current worst splitting domains lb-rhs (depth):
-1138.00000 (32), -1138.00000 (98), -1138.00000 (140), -1138.00000 (158), -1138.00000 (109), -1138.00000 (42), -1138.00000 (166), -1138.00000 (68), -1138.00000 (112), -1138.00000 (15), -1138.00000 (103), -1138.00000 (32), -1138.00000 (148), -1138.00000 (57), -1138.00000 (87), -1138.00000 (10), -1138.00000 (6), -1138.00000 (68), -1138.00000 (83), -1138.00000 (42), 
Length of domains: 23592
Current (lb-rhs): -1138.0
47100 domains visited
Time: pickout 0.0351    decision 0.2729    set_bounds 0.0101    solve 0.7015    add 0.0515    
Accumulated time: pickout 3.7548    decision 47.3153    set_bounds 1.7000    solve 119.8728    add 14.3058    
Cumulative time: 187.23463678359985

BaB round 186
batch: 128
splitting decisions: 
split level 0: [/74, 278] [/74, 622] [/74, 1017] [/74, 490] [/74, 664] [/74, 814] [/74, 325] [/74, 612] [/74, 761] [/74, 906] 
best_l after optimization: -265820.21875
beta sum per layer: [0.0, 0.0, 0.0, 2.225360870361328]
alpha/beta optimization time: 0.42645978927612305
pruning_in_iteration open status: False
ratio of positive domain = 0 / 256 = 0.0
pruning-in-iteration extra time: 0.00012564659118652344
torch.Size([256, 1])
Time: prepare 0.0069    bound 0.4280    transfer 0.0068    finalize 0.0384    func 0.4801    
Accumulated time: func 120.2285    prepare 2.8193    bound 112.9817    transfer 1.2638    finalize 5.0996    
max lb tensor(-934.) min lb tensor(-1138.)
Number of Verified Splits: 0 of 256
Current worst splitting domains lb-rhs (depth):
-1138.00000 (52), -1138.00000 (52), -1138.00000 (15), -1138.00000 (83), -1138.00000 (116), -1138.00000 (145), -1138.00000 (6), -1138.00000 (52), -1138.00000 (161), -1138.00000 (100), -1138.00000 (103), -1138.00000 (181), -1138.00000 (83), -1138.00000 (135), -1138.00000 (107), -1138.00000 (53), -1138.00000 (132), -1138.00000 (112), -1138.00000 (161), -1138.00000 (15), 
Length of domains: 23720
Current (lb-rhs): -1138.0
47356 domains visited
Time: pickout 0.0372    decision 0.2686    set_bounds 0.0073    solve 0.4806    add 0.0530    
Accumulated time: pickout 3.7920    decision 47.5839    set_bounds 1.7074    solve 120.3534    add 14.3587    
Cumulative time: 188.08419179916382

BaB round 187
batch: 128
splitting decisions: 
split level 0: [/74, 348] [/74, 176] [/74, 798] [/74, 906] [/74, 222] [/74, 424] [/74, 671] [/74, 851] [/74, 135] [/74, 418] 
best_l after optimization: -265821.75
beta sum per layer: [0.0, 0.0, 0.0, 2.010465621948242]
alpha/beta optimization time: 0.5569963455200195
pruning_in_iteration open status: False
ratio of positive domain = 0 / 256 = 0.0
pruning-in-iteration extra time: 3.9577484130859375e-05
torch.Size([256, 1])
Time: prepare 0.0031    bound 0.5584    transfer 0.0066    finalize 0.0375    func 0.6057    
Accumulated time: func 120.8342    prepare 2.8309    bound 113.5400    transfer 1.2704    finalize 5.1371    
max lb tensor(-934.) min lb tensor(-1138.)
Number of Verified Splits: 0 of 256
Current worst splitting domains lb-rhs (depth):
-1138.00000 (25), -1138.00000 (25), -1138.00000 (129), -1138.00000 (173), -1138.00000 (97), -1138.00000 (48), -1138.00000 (81), -1138.00000 (131), -1138.00000 (50), -1138.00000 (160), -1138.00000 (39), -1138.00000 (186), -1138.00000 (122), -1138.00000 (45), -1138.00000 (177), -1138.00000 (61), -1138.00000 (14), -1138.00000 (104), -1138.00000 (97), -1138.00000 (117), 
Length of domains: 23848
Current (lb-rhs): -1138.0
47612 domains visited
Time: pickout 0.0360    decision 0.4684    set_bounds 0.0048    solve 0.6061    add 0.0523    
Accumulated time: pickout 3.8281    decision 48.0523    set_bounds 1.7122    solve 120.9596    add 14.4110    
Cumulative time: 189.25493955612183

BaB round 188
batch: 128
splitting decisions: 
split level 0: [/74, 720] [/74, 948] [/74, 814] [/74, 664] [/74, 430] [/74, 730] [/74, 80] [/74, 20] [/74, 75] [/74, 222] 
best_l after optimization: -265821.0
beta sum per layer: [0.0, 0.0, 0.0, 1.95327889919281]
alpha/beta optimization time: 0.589663028717041
pruning_in_iteration open status: False
ratio of positive domain = 0 / 256 = 0.0
pruning-in-iteration extra time: 4.00543212890625e-05
torch.Size([256, 1])
Time: prepare 0.0032    bound 0.5910    transfer 0.0066    finalize 0.0372    func 0.6381    
Accumulated time: func 121.4723    prepare 2.8474    bound 114.1311    transfer 1.2770    finalize 5.1743    
max lb tensor(-934.) min lb tensor(-1138.)
Number of Verified Splits: 0 of 256
Current worst splitting domains lb-rhs (depth):
-1138.00000 (29), -1138.00000 (184), -1138.00000 (122), -1138.00000 (79), -1138.00000 (161), -1138.00000 (180), -1138.00000 (10), -1138.00000 (69), -1138.00000 (88), -1138.00000 (51), -1138.00000 (5), -1138.00000 (130), -1138.00000 (64), -1138.00000 (135), -1138.00000 (43), -1138.00000 (13), -1138.00000 (96), -1138.00000 (116), -1138.00000 (76), -1138.00000 (58), 
Length of domains: 23976
Current (lb-rhs): -1138.0
47868 domains visited
Time: pickout 0.0351    decision 0.4166    set_bounds 0.0046    solve 0.6386    add 0.0524    
Accumulated time: pickout 3.8632    decision 48.4689    set_bounds 1.7168    solve 121.5981    add 14.4634    
Cumulative time: 190.40544533729553

BaB round 189
batch: 128
splitting decisions: 
split level 0: [/74, 664] [/74, 651] [/74, 39] [/74, 386] [/74, 386] [/74, 599] [/74, 276] [/74, 134] [/74, 612] [/74, 748] 
best_l after optimization: -265820.3125
beta sum per layer: [0.0, 0.0, 0.0, 1.9010215997695923]
alpha/beta optimization time: 0.6064407825469971
pruning_in_iteration open status: False
ratio of positive domain = 0 / 256 = 0.0
pruning-in-iteration extra time: 0.00015115737915039062
torch.Size([256, 1])
Time: prepare 0.0031    bound 0.6079    transfer 0.0071    finalize 0.0371    func 0.6553    
Accumulated time: func 122.1276    prepare 2.8660    bound 114.7390    transfer 1.2841    finalize 5.2115    
max lb tensor(-934.) min lb tensor(-1138.)
Number of Verified Splits: 0 of 256
Current worst splitting domains lb-rhs (depth):
-1138.00000 (125), -1138.00000 (148), -1138.00000 (75), -1138.00000 (20), -1138.00000 (86), -1138.00000 (169), -1138.00000 (109), -1138.00000 (155), -1138.00000 (139), -1138.00000 (53), -1138.00000 (103), -1138.00000 (8), -1138.00000 (178), -1138.00000 (32), -1138.00000 (43), -1138.00000 (186), -1138.00000 (63), -1138.00000 (75), -1138.00000 (33), -1138.00000 (19), 
Length of domains: 24104
Current (lb-rhs): -1138.0
48124 domains visited
Time: pickout 0.0350    decision 0.4157    set_bounds 0.0046    solve 0.6558    add 0.0536    
Accumulated time: pickout 3.8981    decision 48.8846    set_bounds 1.7214    solve 122.2540    add 14.5170    
Cumulative time: 191.57359266281128

BaB round 190
batch: 128
splitting decisions: 
split level 0: [/74, 222] [/74, 1017] [/74, 472] [/74, 732] [/74, 558] [/74, 445] [/74, 72] [/74, 102] [/74, 20] [/74, 430] 
best_l after optimization: -265820.0
beta sum per layer: [0.0, 0.0, 0.0, 1.874563217163086]
alpha/beta optimization time: 0.5978298187255859
pruning_in_iteration open status: False
ratio of positive domain = 0 / 256 = 0.0
pruning-in-iteration extra time: 0.00015401840209960938
torch.Size([256, 1])
Time: prepare 0.0031    bound 0.5993    transfer 0.0068    finalize 0.0350    func 0.6442    
Accumulated time: func 122.7718    prepare 2.8825    bound 115.3383    transfer 1.2908    finalize 5.2464    
max lb tensor(-934.) min lb tensor(-1138.)
Number of Verified Splits: 0 of 256
Current worst splitting domains lb-rhs (depth):
-1138.00000 (144), -1138.00000 (73), -1138.00000 (10), -1138.00000 (161), -1138.00000 (65), -1138.00000 (118), -1138.00000 (52), -1138.00000 (131), -1138.00000 (60), -1138.00000 (34), -1138.00000 (159), -1138.00000 (165), -1138.00000 (93), -1138.00000 (175), -1138.00000 (92), -1138.00000 (118), -1138.00000 (10), -1138.00000 (33), -1138.00000 (187), -1138.00000 (93), 
Length of domains: 24232
Current (lb-rhs): -1138.0
48380 domains visited
Time: pickout 0.0377    decision 0.3455    set_bounds 0.0047    solve 0.6447    add 0.0519    
Accumulated time: pickout 3.9358    decision 49.2301    set_bounds 1.7261    solve 122.8986    add 14.5689    
Cumulative time: 192.66141963005066

BaB round 191
batch: 128
splitting decisions: 
split level 0: [/74, 748] [/74, 1002] [/74, 730] [/74, 558] [/74, 388] [/74, 348] [/74, 389] [/74, 853] [/74, 102] [/74, 386] 
best_l after optimization: -265819.6875
beta sum per layer: [0.0, 0.0, 0.0, 1.8566224575042725]
alpha/beta optimization time: 0.6063740253448486
pruning_in_iteration open status: False
ratio of positive domain = 0 / 256 = 0.0
pruning-in-iteration extra time: 0.00010776519775390625
torch.Size([256, 1])
Time: prepare 0.0030    bound 0.6077    transfer 0.0063    finalize 0.0354    func 0.6525    
Accumulated time: func 123.4242    prepare 2.8999    bound 115.9460    transfer 1.2971    finalize 5.2818    
max lb tensor(-934.) min lb tensor(-1138.)
Number of Verified Splits: 0 of 256
Current worst splitting domains lb-rhs (depth):
-1138.00000 (77), -1138.00000 (123), -1138.00000 (87), -1138.00000 (155), -1138.00000 (56), -1138.00000 (110), -1138.00000 (48), -1138.00000 (142), -1138.00000 (17), -1138.00000 (171), -1138.00000 (182), -1138.00000 (102), -1138.00000 (101), -1138.00000 (33), -1138.00000 (189), -1138.00000 (81), -1138.00000 (133), -1138.00000 (166), -1138.00000 (123), -1138.00000 (7), 
Length of domains: 24360
Current (lb-rhs): -1138.0
48636 domains visited
Time: pickout 0.0353    decision 0.3321    set_bounds 0.0046    solve 0.6529    add 0.0507    
Accumulated time: pickout 3.9711    decision 49.5622    set_bounds 1.7307    solve 123.5516    add 14.6196    
Cumulative time: 193.74034309387207

BaB round 192
batch: 128
splitting decisions: 
split level 0: [/74, 386] [/74, 119] [/74, 212] [/74, 923] [/74, 729] [/74, 720] [/74, 806] [/74, 176] [/74, 853] [/74, 199] 
best_l after optimization: -265819.46875
beta sum per layer: [0.0, 0.0, 0.0, 1.8429508209228516]
alpha/beta optimization time: 0.5948085784912109
pruning_in_iteration open status: False
ratio of positive domain = 0 / 256 = 0.0
pruning-in-iteration extra time: 3.743171691894531e-05
torch.Size([256, 1])
Time: prepare 0.0116    bound 0.5964    transfer 0.0071    finalize 0.0364    func 0.6515    
Accumulated time: func 124.0757    prepare 2.9226    bound 116.5424    transfer 1.3042    finalize 5.3183    
max lb tensor(-934.) min lb tensor(-1138.)
Number of Verified Splits: 0 of 256
Current worst splitting domains lb-rhs (depth):
-1138.00000 (99), -1138.00000 (118), -1138.00000 (133), -1138.00000 (9), -1138.00000 (190), -1138.00000 (65), -1138.00000 (160), -1138.00000 (22), -1138.00000 (117), -1138.00000 (143), -1138.00000 (32), -1138.00000 (46), -1138.00000 (66), -1138.00000 (85), -1138.00000 (99), -1138.00000 (10), -1138.00000 (133), -1138.00000 (150), -1138.00000 (183), -1138.00000 (66), 
Length of domains: 24488
Current (lb-rhs): -1138.0
48892 domains visited
Time: pickout 0.0358    decision 0.2666    set_bounds 0.0117    solve 0.6520    add 0.0507    
Accumulated time: pickout 4.0070    decision 49.8288    set_bounds 1.7424    solve 124.2035    add 14.6703    
Cumulative time: 194.76064825057983

BaB round 193
batch: 128
splitting decisions: 
split level 0: [/74, 732] [/74, 472] [/74, 493] [/74, 253] [/74, 671] [/74, 906] [/74, 313] [/74, 948] [/74, 948] [/74, 716] 
best_l after optimization: -265819.40625
beta sum per layer: [0.0, 0.0, 0.0, 1.8305273056030273]
alpha/beta optimization time: 0.7657568454742432
pruning_in_iteration open status: False
ratio of positive domain = 0 / 256 = 0.0
pruning-in-iteration extra time: 0.0001456737518310547
torch.Size([256, 1])
Time: prepare 0.0034    bound 0.7673    transfer 0.0064    finalize 0.0353    func 0.8123    
Accumulated time: func 124.8881    prepare 2.9619    bound 117.3097    transfer 1.3106    finalize 5.3535    
max lb tensor(-934.) min lb tensor(-1138.)
Number of Verified Splits: 0 of 256
Current worst splitting domains lb-rhs (depth):
-1138.00000 (133), -1138.00000 (7), -1138.00000 (103), -1138.00000 (150), -1138.00000 (89), -1138.00000 (29), -1138.00000 (176), -1138.00000 (61), -1138.00000 (104), -1138.00000 (72), -1138.00000 (80), -1138.00000 (162), -1138.00000 (49), -1138.00000 (66), -1138.00000 (191), -1138.00000 (121), -1138.00000 (74), -1138.00000 (29), -1138.00000 (155), -1138.00000 (184), 
Length of domains: 24616
Current (lb-rhs): -1138.0
49148 domains visited
Time: pickout 0.0312    decision 0.4882    set_bounds 0.2971    solve 0.8128    add 0.0513    
Accumulated time: pickout 4.0382    decision 50.3170    set_bounds 2.0395    solve 125.0163    add 14.7216    
Cumulative time: 196.44491124153137

BaB round 194
batch: 128
splitting decisions: 
split level 0: [/74, 199] [/74, 424] [/74, 445] [/74, 1] [/74, 80] [/74, 222] [/74, 999] [/74, 1017] [/74, 1017] [/74, 1] 
best_l after optimization: -265819.34375
beta sum per layer: [0.0, 0.0, 0.0, 1.8288801908493042]
alpha/beta optimization time: 0.7651681900024414
pruning_in_iteration open status: False
ratio of positive domain = 0 / 256 = 0.0
pruning-in-iteration extra time: 0.0001518726348876953
torch.Size([256, 1])
Time: prepare 0.0033    bound 0.7667    transfer 0.0071    finalize 0.0373    func 0.8145    
Accumulated time: func 125.7025    prepare 2.9763    bound 118.0764    transfer 1.3177    finalize 5.3908    
max lb tensor(-934.) min lb tensor(-1138.)
Number of Verified Splits: 0 of 256
Current worst splitting domains lb-rhs (depth):
-1138.00000 (120), -1138.00000 (58), -1138.00000 (36), -1138.00000 (6), -1138.00000 (76), -1138.00000 (87), -1138.00000 (13), -1138.00000 (37), -1138.00000 (128), -1138.00000 (57), -1138.00000 (177), -1138.00000 (151), -1138.00000 (157), -1138.00000 (37), -1138.00000 (167), -1138.00000 (105), -1138.00000 (190), -1138.00000 (86), -1138.00000 (57), -1138.00000 (37), 
Length of domains: 24744
Current (lb-rhs): -1138.0
49404 domains visited
Time: pickout 0.0284    decision 0.2473    set_bounds 0.0075    solve 0.8150    add 0.0538    
Accumulated time: pickout 4.0665    decision 50.5643    set_bounds 2.0471    solve 125.8314    add 14.7754    
Cumulative time: 197.6007661819458

BaB round 195
batch: 128
splitting decisions: 
split level 0: [/74, 716] [/74, 599] [/74, 418] [/74, 201] [/74, 518] [/74, 386] [/74, 876] [/74, 614] [/74, 814] [/74, 943] 
best_l after optimization: -265819.15625
beta sum per layer: [0.0, 0.0, 0.0, 2.4196088314056396]
alpha/beta optimization time: 0.777935266494751
pruning_in_iteration open status: False
ratio of positive domain = 0 / 256 = 0.0
pruning-in-iteration extra time: 0.0001442432403564453
torch.Size([256, 1])
Time: prepare 0.0033    bound 0.7794    transfer 0.0065    finalize 0.0368    func 0.8261    
Accumulated time: func 126.5286    prepare 2.9892    bound 118.8558    transfer 1.3242    finalize 5.4276    
max lb tensor(-934.) min lb tensor(-1138.)
Number of Verified Splits: 0 of 256
Current worst splitting domains lb-rhs (depth):
-1138.00000 (118), -1138.00000 (65), -1138.00000 (42), -1138.00000 (142), -1138.00000 (110), -1138.00000 (189), -1138.00000 (28), -1138.00000 (191), -1138.00000 (118), -1138.00000 (68), -1138.00000 (98), -1138.00000 (169), -1138.00000 (80), -1138.00000 (124), -1138.00000 (56), -1138.00000 (183), -1138.00000 (159), -1138.00000 (69), -1138.00000 (94), -1138.00000 (176), 
Length of domains: 24872
Current (lb-rhs): -1138.0
49660 domains visited
Time: pickout 0.0299    decision 0.2109    set_bounds 0.0072    solve 0.8266    add 0.0501    
Accumulated time: pickout 4.0965    decision 50.7752    set_bounds 2.0543    solve 126.6580    add 14.8255    
Cumulative time: 198.7292628288269

BaB round 196
batch: 128
splitting decisions: 
split level 0: [/74, 253] [/74, 493] [/74, 430] [/74, 346] [/74, 313] [/74, 732] [/74, 811] [/74, 1002] [/74, 472] [/74, 744] 
best_l after optimization: -265822.125
beta sum per layer: [0.0, 0.0, 0.0, 2.089268684387207]
alpha/beta optimization time: 0.7230319976806641
pruning_in_iteration open status: False
ratio of positive domain = 0 / 256 = 0.0
pruning-in-iteration extra time: 3.6716461181640625e-05
torch.Size([256, 1])
Time: prepare 0.0077    bound 0.7245    transfer 0.0068    finalize 0.0357    func 0.7748    
Accumulated time: func 127.3034    prepare 3.0051    bound 119.5803    transfer 1.3311    finalize 5.4633    
max lb tensor(-934.) min lb tensor(-1138.)
Number of Verified Splits: 0 of 256
Current worst splitting domains lb-rhs (depth):
-1138.00000 (74), -1138.00000 (106), -1138.00000 (89), -1138.00000 (44), -1138.00000 (166), -1138.00000 (135), -1138.00000 (175), -1138.00000 (82), -1138.00000 (7), -1138.00000 (151), -1138.00000 (17), -1138.00000 (96), -1138.00000 (62), -1138.00000 (80), -1138.00000 (45), -1138.00000 (148), -1138.00000 (106), -1138.00000 (122), -1138.00000 (128), -1138.00000 (61), 
Length of domains: 25000
Current (lb-rhs): -1138.0
49916 domains visited
Time: pickout 0.0304    decision 0.2389    set_bounds 0.0078    solve 0.7753    add 0.0544    
Accumulated time: pickout 4.1269    decision 51.0142    set_bounds 2.0620    solve 127.4333    add 14.8799    
Cumulative time: 199.83978152275085

BaB round 197
batch: 128
splitting decisions: 
split level 0: [/74, 1] [/74, 445] [/74, 732] [/74, 943] [/74, 876] [/74, 199] [/74, 560] [/74, 814] [/74, 424] [/74, 671] 
best_l after optimization: -265821.15625
beta sum per layer: [0.0, 0.0, 0.0, 2.016174793243408]
alpha/beta optimization time: 0.7689967155456543
pruning_in_iteration open status: False
ratio of positive domain = 0 / 256 = 0.0
pruning-in-iteration extra time: 0.00023603439331054688
torch.Size([256, 1])
Time: prepare 0.0034    bound 0.7706    transfer 0.0070    finalize 0.0364    func 0.8175    
Accumulated time: func 128.1209    prepare 3.0276    bound 120.3509    transfer 1.3381    finalize 5.4996    
max lb tensor(-934.) min lb tensor(-1138.)
Number of Verified Splits: 0 of 256
Current worst splitting domains lb-rhs (depth):
-1138.00000 (49), -1138.00000 (126), -1138.00000 (115), -1138.00000 (7), -1138.00000 (139), -1138.00000 (166), -1138.00000 (49), -1138.00000 (20), -1138.00000 (66), -1138.00000 (87), -1138.00000 (186), -1138.00000 (76), -1138.00000 (154), -1138.00000 (106), -1138.00000 (19), -1138.00000 (165), -1138.00000 (87), -1138.00000 (50), -1138.00000 (139), -1138.00000 (125), 
Length of domains: 25128
Current (lb-rhs): -1138.0
50172 domains visited
Time: pickout 0.0288    decision 0.3166    set_bounds 0.0075    solve 0.8179    add 0.0527    
Accumulated time: pickout 4.1557    decision 51.3307    set_bounds 2.0695    solve 128.2512    add 14.9326    
Cumulative time: 201.0669572353363

BaB round 198
batch: 128
splitting decisions: 
split level 0: [/74, 729] [/74, 278] [/74, 199] [/74, 744] [/74, 699] [/74, 923] [/74, 787] [/74, 472] [/74, 730] [/74, 498] 
best_l after optimization: -265820.59375
beta sum per layer: [0.0, 0.0, 0.0, 1.9706774950027466]
alpha/beta optimization time: 0.7768571376800537
pruning_in_iteration open status: False
ratio of positive domain = 0 / 256 = 0.0
pruning-in-iteration extra time: 0.00014853477478027344
torch.Size([256, 1])
Time: prepare 0.0033    bound 0.7785    transfer 0.0085    finalize 0.0370    func 0.8274    
Accumulated time: func 128.9483    prepare 3.0366    bound 121.1295    transfer 1.3466    finalize 5.5366    
max lb tensor(-934.) min lb tensor(-1138.)
Number of Verified Splits: 0 of 256
Current worst splitting domains lb-rhs (depth):
-1138.00000 (53), -1138.00000 (115), -1138.00000 (53), -1138.00000 (68), -1138.00000 (90), -1138.00000 (173), -1138.00000 (197), -1138.00000 (134), -1138.00000 (22), -1138.00000 (116), -1138.00000 (189), -1138.00000 (140), -1138.00000 (153), -1138.00000 (90), -1138.00000 (21), -1138.00000 (154), -1138.00000 (173), -1138.00000 (116), -1138.00000 (53), -1138.00000 (7), 
Length of domains: 25256
Current (lb-rhs): -1138.0
50428 domains visited
Time: pickout 0.0293    decision 0.2583    set_bounds 0.0074    solve 0.8279    add 0.0525    
Accumulated time: pickout 4.1850    decision 51.5890    set_bounds 2.0769    solve 129.0791    add 14.9850    
Cumulative time: 202.24623727798462

BaB round 199
batch: 128
splitting decisions: 
split level 0: [/74, 201] [/74, 348] [/74, 716] [/74, 671] [/74, 956] [/74, 388] [/74, 956] [/74, 424] [/74, 599] [/74, 997] 
best_l after optimization: -265820.3125
beta sum per layer: [0.0, 0.0, 0.0, 1.9355388879776]
alpha/beta optimization time: 0.7780086994171143
pruning_in_iteration open status: False
ratio of positive domain = 0 / 256 = 0.0
pruning-in-iteration extra time: 0.00014472007751464844
torch.Size([256, 1])
Time: prepare 0.0034    bound 0.7795    transfer 0.0062    finalize 0.0348    func 0.8240    
Accumulated time: func 129.7723    prepare 3.0441    bound 121.9090    transfer 1.3528    finalize 5.5714    
max lb tensor(-934.) min lb tensor(-1138.)
Number of Verified Splits: 0 of 256
Current worst splitting domains lb-rhs (depth):
-1138.00000 (190), -1138.00000 (18), -1138.00000 (78), -1138.00000 (91), -1138.00000 (44), -1138.00000 (177), -1138.00000 (127), -1138.00000 (196), -1138.00000 (178), -1138.00000 (48), -1138.00000 (94), -1138.00000 (60), -1138.00000 (148), -1138.00000 (155), -1138.00000 (8), -1138.00000 (87), -1138.00000 (182), -1138.00000 (24), -1138.00000 (68), -1138.00000 (138), 
Length of domains: 25384
Current (lb-rhs): -1138.0
50684 domains visited
Time: pickout 0.0386    decision 0.2145    set_bounds 0.0071    solve 0.8245    add 0.0529    
Accumulated time: pickout 4.2236    decision 51.8035    set_bounds 2.0841    solve 129.9036    add 15.0379    
Cumulative time: 203.3874490261078

BaB round 200
batch: 128
splitting decisions: 
split level 0: [/74, 744] [/74, 720] [/74, 558] [/74, 997] [/74, 58] [/74, 1] [/74, 58] [/74, 94] [/74, 490] [/74, 974] 
best_l after optimization: -265819.90625
beta sum per layer: [0.0, 0.0, 0.0, 2.3392174243927]
alpha/beta optimization time: 0.78078293800354
pruning_in_iteration open status: False
ratio of positive domain = 0 / 256 = 0.0
pruning-in-iteration extra time: 0.00015091896057128906
torch.Size([256, 1])
Time: prepare 0.0031    bound 0.7823    transfer 0.0072    finalize 0.0354    func 0.8280    
Accumulated time: func 130.6003    prepare 3.0550    bound 122.6913    transfer 1.3600    finalize 5.6068    
max lb tensor(-934.) min lb tensor(-1138.)
Number of Verified Splits: 0 of 256
Current worst splitting domains lb-rhs (depth):
-1138.00000 (94), -1138.00000 (11), -1138.00000 (103), -1138.00000 (149), -1138.00000 (99), -1138.00000 (114), -1138.00000 (60), -1138.00000 (171), -1138.00000 (90), -1138.00000 (199), -1138.00000 (197), -1138.00000 (155), -1138.00000 (73), -1138.00000 (122), -1138.00000 (183), -1138.00000 (58), -1138.00000 (129), -1138.00000 (16), -1138.00000 (138), -1138.00000 (188), 
Length of domains: 25512
Current (lb-rhs): -1138.0
50940 domains visited
Time: pickout 0.0340    decision 0.1987    set_bounds 0.0069    solve 0.8285    add 0.0489    
Accumulated time: pickout 4.2577    decision 52.0022    set_bounds 2.0910    solve 130.7321    add 15.0868    
Cumulative time: 204.50821590423584

BaB round 201
batch: 128
splitting decisions: 
split level 0: [/74, 671] [/74, 906] [/74, 923] [/74, 80] [/74, 275] [/74, 729] [/74, 480] [/74, 493] [/74, 493] [/74, 276] 
best_l after optimization: -265822.1875
beta sum per layer: [0.0, 0.0, 0.0, 2.1194138526916504]
alpha/beta optimization time: 0.6963248252868652
pruning_in_iteration open status: False
ratio of positive domain = 0 / 256 = 0.0
pruning-in-iteration extra time: 0.002284526824951172
torch.Size([256, 1])
Time: prepare 0.0047    bound 0.7001    transfer 0.0087    finalize 0.0348    func 0.7483    
Accumulated time: func 131.3486    prepare 3.0609    bound 123.3913    transfer 1.3687    finalize 5.6416    
max lb tensor(-934.) min lb tensor(-1138.)
Number of Verified Splits: 0 of 256
Current worst splitting domains lb-rhs (depth):
-1138.00000 (53), -1138.00000 (97), -1138.00000 (116), -1138.00000 (123), -1138.00000 (45), -1138.00000 (25), -1138.00000 (195), -1138.00000 (82), -1138.00000 (187), -1138.00000 (167), -1138.00000 (156), -1138.00000 (136), -1138.00000 (13), -1138.00000 (150), -1138.00000 (128), -1138.00000 (40), -1138.00000 (199), -1138.00000 (32), -1138.00000 (109), -1138.00000 (141), 
Length of domains: 25640
Current (lb-rhs): -1138.0
51196 domains visited
Time: pickout 0.0290    decision 0.1850    set_bounds 0.0098    solve 0.7488    add 0.0493    
Accumulated time: pickout 4.2867    decision 52.1872    set_bounds 2.1008    solve 131.4808    add 15.1361    
Cumulative time: 205.5336833000183

BaB round 202
batch: 128
splitting decisions: 
split level 0: [/74, 498] [/74, 418] [/74, 253] [/74, 974] [/74, 474] [/74, 943] [/74, 246] [/74, 278] [/74, 445] [/74, 72] 
best_l after optimization: -265821.4375
beta sum per layer: [0.0, 0.0, 0.0, 2.062957763671875]
alpha/beta optimization time: 0.7623157501220703
pruning_in_iteration open status: False
ratio of positive domain = 0 / 256 = 0.0
pruning-in-iteration extra time: 0.0001513957977294922
torch.Size([256, 1])
Time: prepare 0.0033    bound 0.7638    transfer 0.0066    finalize 0.0359    func 0.8097    
Accumulated time: func 132.1583    prepare 3.0872    bound 124.1551    transfer 1.3752    finalize 5.6775    
max lb tensor(-934.) min lb tensor(-1138.)
Number of Verified Splits: 0 of 256
Current worst splitting domains lb-rhs (depth):
-1138.00000 (182), -1138.00000 (181), -1138.00000 (200), -1138.00000 (109), -1138.00000 (87), -1138.00000 (159), -1138.00000 (44), -1138.00000 (182), -1138.00000 (44), -1138.00000 (87), -1138.00000 (113), -1138.00000 (124), -1138.00000 (43), -1138.00000 (9), -1138.00000 (124), -1138.00000 (140), -1138.00000 (88), -1138.00000 (43), -1138.00000 (159), -1138.00000 (43), 
Length of domains: 25768
Current (lb-rhs): -1138.0
51452 domains visited
Time: pickout 0.0294    decision 0.3089    set_bounds 0.0074    solve 0.8101    add 0.0517    
Accumulated time: pickout 4.3161    decision 52.4961    set_bounds 2.1082    solve 132.2910    add 15.1878    
Cumulative time: 206.74458146095276

BaB round 203
batch: 128
splitting decisions: 
split level 0: [/74, 702] [/74, 664] [/74, 944] [/74, 516] [/74, 107] [/74, 744] [/74, 903] [/74, 348] [/74, 278] [/74, 389] 
best_l after optimization: -265821.0625
beta sum per layer: [0.0, 0.0, 0.0, 2.016084909439087]
alpha/beta optimization time: 0.7694649696350098
pruning_in_iteration open status: False
ratio of positive domain = 0 / 256 = 0.0
pruning-in-iteration extra time: 0.00015687942504882812
torch.Size([256, 1])
Time: prepare 0.0033    bound 0.7711    transfer 0.0063    finalize 0.0365    func 0.8172    
Accumulated time: func 132.9755    prepare 3.1026    bound 124.9262    transfer 1.3816    finalize 5.7140    
max lb tensor(-934.) min lb tensor(-1138.)
Number of Verified Splits: 0 of 256
Current worst splitting domains lb-rhs (depth):
-1138.00000 (133), -1138.00000 (70), -1138.00000 (14), -1138.00000 (42), -1138.00000 (125), -1138.00000 (157), -1138.00000 (104), -1138.00000 (176), -1138.00000 (69), -1138.00000 (201), -1138.00000 (43), -1138.00000 (176), -1138.00000 (141), -1138.00000 (43), -1138.00000 (196), -1138.00000 (69), -1138.00000 (7), -1138.00000 (158), -1138.00000 (93), -1138.00000 (104), 
Length of domains: 25896
Current (lb-rhs): -1138.0
51708 domains visited
Time: pickout 0.0332    decision 0.2443    set_bounds 0.0075    solve 0.8177    add 0.0535    
Accumulated time: pickout 4.3494    decision 52.7404    set_bounds 2.1157    solve 133.1087    add 15.2413    
Cumulative time: 207.90434193611145

BaB round 204
batch: 128
splitting decisions: 
split level 0: [/74, 285] [/74, 222] [/74, 729] [/74, 313] [/74, 524] [/74, 671] [/74, 275] [/74, 720] [/74, 348] [/74, 313] 
best_l after optimization: -265820.625
beta sum per layer: [0.0, 0.0, 0.0, 1.9785820245742798]
alpha/beta optimization time: 0.7744743824005127
pruning_in_iteration open status: False
ratio of positive domain = 0 / 256 = 0.0
pruning-in-iteration extra time: 0.00015115737915039062
torch.Size([256, 1])
Time: prepare 0.0032    bound 0.7759    transfer 0.0069    finalize 0.0393    func 0.8255    
Accumulated time: func 133.8009    prepare 3.1177    bound 125.7021    transfer 1.3885    finalize 5.7533    
max lb tensor(-934.) min lb tensor(-1138.)
Number of Verified Splits: 0 of 256
Current worst splitting domains lb-rhs (depth):
-1138.00000 (183), -1138.00000 (38), -1138.00000 (76), -1138.00000 (56), -1138.00000 (98), -1138.00000 (19), -1138.00000 (70), -1138.00000 (176), -1138.00000 (94), -1138.00000 (6), -1138.00000 (138), -1138.00000 (26), -1138.00000 (201), -1138.00000 (107), -1138.00000 (115), -1138.00000 (180), -1138.00000 (59), -1138.00000 (46), -1138.00000 (130), -1138.00000 (82), 
Length of domains: 26024
Current (lb-rhs): -1138.0
51964 domains visited
Time: pickout 0.0379    decision 0.2359    set_bounds 0.0072    solve 0.8259    add 0.0516    
Accumulated time: pickout 4.3873    decision 52.9763    set_bounds 2.1229    solve 133.9346    add 15.2928    
Cumulative time: 209.06375002861023

BaB round 205
batch: 128
splitting decisions: 
split level 0: [/74, 45] [/74, 748] [/74, 943] [/74, 999] [/74, 850] [/74, 498] [/74, 474] [/74, 906] [/74, 906] [/74, 811] 
best_l after optimization: -265820.4375
beta sum per layer: [0.0, 0.0, 0.0, 1.9614348411560059]
alpha/beta optimization time: 0.7756483554840088
pruning_in_iteration open status: False
ratio of positive domain = 0 / 256 = 0.0
pruning-in-iteration extra time: 0.0001513957977294922
torch.Size([256, 1])
Time: prepare 0.0032    bound 0.7771    transfer 0.0138    finalize 0.0403    func 0.8345    
Accumulated time: func 134.6355    prepare 3.1305    bound 126.4793    transfer 1.4022    finalize 5.7936    
max lb tensor(-934.) min lb tensor(-1138.)
Number of Verified Splits: 0 of 256
Current worst splitting domains lb-rhs (depth):
-1138.00000 (87), -1138.00000 (17), -1138.00000 (125), -1138.00000 (135), -1138.00000 (147), -1138.00000 (31), -1138.00000 (202), -1138.00000 (87), -1138.00000 (57), -1138.00000 (168), -1138.00000 (104), -1138.00000 (196), -1138.00000 (186), -1138.00000 (56), -1138.00000 (57), -1138.00000 (118), -1138.00000 (31), -1138.00000 (169), -1138.00000 (147), -1138.00000 (8), 
Length of domains: 26152
Current (lb-rhs): -1138.0
52220 domains visited
Time: pickout 0.0304    decision 0.2157    set_bounds 0.0073    solve 0.8350    add 0.0505    
Accumulated time: pickout 4.4176    decision 53.1920    set_bounds 2.1301    solve 134.7696    add 15.3434    
Cumulative time: 210.20355248451233

BaB round 206
batch: 128
splitting decisions: 
split level 0: [/74, 80] [/74, 199] [/74, 325] [/74, 811] [/74, 204] [/74, 702] [/74, 107] [/74, 418] [/74, 222] [/74, 503] 
best_l after optimization: -265820.125
beta sum per layer: [0.0, 0.0, 0.0, 1.9270477294921875]
alpha/beta optimization time: 0.7108645439147949
pruning_in_iteration open status: False
ratio of positive domain = 0 / 256 = 0.0
pruning-in-iteration extra time: 0.0024034976959228516
torch.Size([256, 1])
Time: prepare 0.0070    bound 0.7147    transfer 0.0157    finalize 0.0379    func 0.7753    
Accumulated time: func 135.4108    prepare 3.1391    bound 127.1940    transfer 1.4180    finalize 5.8315    
max lb tensor(-934.) min lb tensor(-1138.)
Number of Verified Splits: 0 of 256
Current worst splitting domains lb-rhs (depth):
-1138.00000 (59), -1138.00000 (154), -1138.00000 (205), -1138.00000 (178), -1138.00000 (163), -1138.00000 (131), -1138.00000 (116), -1138.00000 (58), -1138.00000 (88), -1138.00000 (104), -1138.00000 (58), -1138.00000 (178), -1138.00000 (18), -1138.00000 (58), -1138.00000 (199), -1138.00000 (115), -1138.00000 (87), -1138.00000 (7), -1138.00000 (59), -1138.00000 (178), 
Length of domains: 26280
Current (lb-rhs): -1138.0
52476 domains visited
Time: pickout 0.0271    decision 0.2360    set_bounds 0.0078    solve 0.7758    add 0.0514    
Accumulated time: pickout 4.4448    decision 53.4280    set_bounds 2.1379    solve 135.5454    add 15.3948    
Cumulative time: 211.30259490013123

BaB round 207
batch: 128
splitting decisions: 
split level 0: [/74, 974] [/74, 716] [/74, 744] [/74, 956] [/74, 987] [/74, 162] [/74, 1000] [/74, 222] [/74, 748] [/74, 560] 
best_l after optimization: -265819.8125
beta sum per layer: [0.0, 0.0, 0.0, 2.4205257892608643]
alpha/beta optimization time: 0.7562873363494873
pruning_in_iteration open status: False
ratio of positive domain = 0 / 256 = 0.0
pruning-in-iteration extra time: 0.00014591217041015625
torch.Size([256, 1])
Time: prepare 0.0033    bound 0.7578    transfer 0.0140    finalize 0.0399    func 0.8149    
Accumulated time: func 136.2257    prepare 3.1570    bound 127.9517    transfer 1.4319    finalize 5.8714    
max lb tensor(-934.) min lb tensor(-1138.)
Number of Verified Splits: 0 of 256
Current worst splitting domains lb-rhs (depth):
-1138.00000 (103), -1138.00000 (34), -1138.00000 (205), -1138.00000 (85), -1138.00000 (14), -1138.00000 (127), -1138.00000 (133), -1138.00000 (164), -1138.00000 (148), -1138.00000 (7), -1138.00000 (186), -1138.00000 (34), -1138.00000 (51), -1138.00000 (51), -1138.00000 (73), -1138.00000 (200), -1138.00000 (174), -1138.00000 (110), -1138.00000 (159), -1138.00000 (35), 
Length of domains: 26408
Current (lb-rhs): -1138.0
52732 domains visited
Time: pickout 0.0260    decision 0.3052    set_bounds 0.0072    solve 0.8154    add 0.0501    
Accumulated time: pickout 4.4708    decision 53.7332    set_bounds 2.1451    solve 136.3609    add 15.4448    
Cumulative time: 212.50741362571716

BaB round 208
batch: 128
splitting decisions: 
split level 0: [/74, 276] [/74, 944] [/74, 671] [/74, 903] [/74, 138] [/74, 213] [/74, 168] [/74, 748] [/74, 558] [/74, 787] 
best_l after optimization: -265822.84375
beta sum per layer: [0.0, 0.0, 0.0, 2.2254114151000977]
alpha/beta optimization time: 0.7731575965881348
pruning_in_iteration open status: False
ratio of positive domain = 0 / 256 = 0.0
pruning-in-iteration extra time: 0.00025391578674316406
torch.Size([256, 1])
Time: prepare 0.0032    bound 0.7748    transfer 0.0039    finalize 0.0285    func 0.8104    
Accumulated time: func 137.0361    prepare 3.1641    bound 128.7265    transfer 1.4358    finalize 5.8999    
max lb tensor(-934.) min lb tensor(-1138.)
Number of Verified Splits: 0 of 256
Current worst splitting domains lb-rhs (depth):
-1138.00000 (178), -1138.00000 (205), -1138.00000 (135), -1138.00000 (64), -1138.00000 (115), -1138.00000 (11), -1138.00000 (64), -1138.00000 (177), -1138.00000 (63), -1138.00000 (115), -1138.00000 (63), -1138.00000 (178), -1138.00000 (150), -1138.00000 (63), -1138.00000 (11), -1138.00000 (62), -1138.00000 (177), -1138.00000 (115), -1138.00000 (62), -1138.00000 (140), 
Length of domains: 26536
Current (lb-rhs): -1138.0
52988 domains visited
Time: pickout 0.0245    decision 0.2039    set_bounds 0.0074    solve 0.8109    add 0.0432    
Accumulated time: pickout 4.4954    decision 53.9371    set_bounds 2.1525    solve 137.1717    add 15.4880    
Cumulative time: 213.59820437431335

BaB round 209
batch: 128
splitting decisions: 
split level 0: [/74, 516] [/74, 943] [/74, 162] [/74, 275] [/74, 203] [/74, 285] [/74, 850] [/74, 732] [/74, 923] [/74, 699] 
best_l after optimization: -265821.9375
beta sum per layer: [0.0, 0.0, 0.0, 2.1103532314300537]
alpha/beta optimization time: 0.7684731483459473
pruning_in_iteration open status: False
ratio of positive domain = 0 / 256 = 0.0
pruning-in-iteration extra time: 0.00015401840209960938
torch.Size([256, 1])
Time: prepare 0.0033    bound 0.7699    transfer 0.0053    finalize 0.0184    func 0.7969    
Accumulated time: func 137.8330    prepare 3.1786    bound 129.4964    transfer 1.4411    finalize 5.9182    
max lb tensor(-934.) min lb tensor(-1138.)
Number of Verified Splits: 0 of 256
Current worst splitting domains lb-rhs (depth):
-1138.00000 (118), -1138.00000 (13), -1138.00000 (175), -1138.00000 (53), -1138.00000 (148), -1138.00000 (91), -1138.00000 (175), -1138.00000 (53), -1138.00000 (203), -1138.00000 (92), -1138.00000 (12), -1138.00000 (129), -1138.00000 (54), -1138.00000 (91), -1138.00000 (174), -1138.00000 (148), -1138.00000 (54), -1138.00000 (91), -1138.00000 (53), -1138.00000 (148), 
Length of domains: 26664
Current (lb-rhs): -1138.0
53244 domains visited
Time: pickout 0.0315    decision 0.2363    set_bounds 0.0070    solve 0.7974    add 0.0409    
Accumulated time: pickout 4.5269    decision 54.1734    set_bounds 2.1595    solve 137.9691    add 15.5289    
Cumulative time: 214.71444272994995

BaB round 210
batch: 128
splitting decisions: 
split level 0: [/74, 806] [/74, 325] [/74, 997] [/74, 474] [/74, 550] [/74, 80] [/74, 987] [/74, 923] [/74, 253] [/74, 956] 
best_l after optimization: -265821.28125
beta sum per layer: [0.0, 0.0, 0.0, 2.0511910915374756]
alpha/beta optimization time: 0.7639172077178955
pruning_in_iteration open status: False
ratio of positive domain = 0 / 256 = 0.0
pruning-in-iteration extra time: 0.00015664100646972656
torch.Size([256, 1])
Time: prepare 0.0034    bound 0.7654    transfer 0.0045    finalize 0.0368    func 0.8102    
Accumulated time: func 138.6432    prepare 3.2037    bound 130.2619    transfer 1.4456    finalize 5.9550    
max lb tensor(-934.) min lb tensor(-1138.)
Number of Verified Splits: 0 of 256
Current worst splitting domains lb-rhs (depth):
-1138.00000 (16), -1138.00000 (59), -1138.00000 (195), -1138.00000 (131), -1138.00000 (80), -1138.00000 (209), -1138.00000 (34), -1138.00000 (113), -1138.00000 (171), -1138.00000 (153), -1138.00000 (60), -1138.00000 (181), -1138.00000 (79), -1138.00000 (44), -1138.00000 (113), -1138.00000 (79), -1138.00000 (144), -1138.00000 (34), -1138.00000 (171), -1138.00000 (130), 
Length of domains: 26792
Current (lb-rhs): -1138.0
53500 domains visited
Time: pickout 0.0249    decision 0.2954    set_bounds 0.0073    solve 0.8107    add 0.0494    
Accumulated time: pickout 4.5518    decision 54.4688    set_bounds 2.1668    solve 138.7798    add 15.5784    
Cumulative time: 215.90314269065857

BaB round 211
batch: 128
splitting decisions: 
split level 0: [/74, 876] [/74, 702] [/74, 213] [/74, 107] [/74, 282] [/74, 974] [/74, 68] [/74, 253] [/74, 944] [/74, 480] 
best_l after optimization: -265820.9375
beta sum per layer: [0.0, 0.0, 0.0, 2.0204319953918457]
alpha/beta optimization time: 0.7091381549835205
pruning_in_iteration open status: False
ratio of positive domain = 0 / 256 = 0.0
pruning-in-iteration extra time: 0.002408742904663086
torch.Size([256, 1])
Time: prepare 0.0054    bound 0.7132    transfer 0.0064    finalize 0.0180    func 0.7430    
Accumulated time: func 139.3862    prepare 3.2175    bound 130.9751    transfer 1.4520    finalize 5.9730    
max lb tensor(-934.) min lb tensor(-1138.)
Number of Verified Splits: 0 of 256
Current worst splitting domains lb-rhs (depth):
-1138.00000 (124), -1138.00000 (169), -1138.00000 (65), -1138.00000 (111), -1138.00000 (64), -1138.00000 (169), -1138.00000 (206), -1138.00000 (64), -1138.00000 (136), -1138.00000 (169), -1138.00000 (11), -1138.00000 (64), -1138.00000 (111), -1138.00000 (63), -1138.00000 (170), -1138.00000 (63), -1138.00000 (127), -1138.00000 (170), -1138.00000 (63), -1138.00000 (170), 
Length of domains: 26920
Current (lb-rhs): -1138.0
53756 domains visited
Time: pickout 0.0249    decision 0.2648    set_bounds 0.0099    solve 0.7434    add 0.0369    
Accumulated time: pickout 4.5767    decision 54.7336    set_bounds 2.1768    solve 139.5233    add 15.6153    
Cumulative time: 216.98605918884277

BaB round 212
batch: 128
splitting decisions: 
split level 0: [/74, 503] [/74, 997] [/74, 285] [/74, 165] [/74, 564] [/74, 72] [/74, 140] [/74, 944] [/74, 943] [/74, 246] 
best_l after optimization: -265820.625
beta sum per layer: [0.0, 0.0, 0.0, 1.990161418914795]
alpha/beta optimization time: 0.7074928283691406
pruning_in_iteration open status: False
ratio of positive domain = 0 / 256 = 0.0
pruning-in-iteration extra time: 0.0024061203002929688
torch.Size([256, 1])
Time: prepare 0.0099    bound 0.7114    transfer 0.0066    finalize 0.0362    func 0.7642    
Accumulated time: func 140.1504    prepare 3.2414    bound 131.6865    transfer 1.4587    finalize 6.0092    
max lb tensor(-934.) min lb tensor(-1138.)
Number of Verified Splits: 0 of 256
Current worst splitting domains lb-rhs (depth):
-1138.00000 (107), -1138.00000 (173), -1138.00000 (38), -1138.00000 (14), -1138.00000 (61), -1138.00000 (198), -1138.00000 (120), -1138.00000 (32), -1138.00000 (79), -1138.00000 (207), -1138.00000 (183), -1138.00000 (61), -1138.00000 (13), -1138.00000 (208), -1138.00000 (144), -1138.00000 (132), -1138.00000 (61), -1138.00000 (14), -1138.00000 (139), -1138.00000 (102), 
Length of domains: 27048
Current (lb-rhs): -1138.0
54012 domains visited
Time: pickout 0.0325    decision 0.2650    set_bounds 0.0110    solve 0.7647    add 0.0499    
Accumulated time: pickout 4.6092    decision 54.9987    set_bounds 2.1878    solve 140.2880    add 15.6652    
Cumulative time: 218.1102056503296

BaB round 213
batch: 128
splitting decisions: 
split level 0: [/74, 560] [/74, 285] [/74, 80] [/74, 524] [/74, 44] [/74, 806] [/74, 138] [/74, 388] [/74, 325] [/74, 275] 
best_l after optimization: -265820.34375
beta sum per layer: [0.0, 0.0, 0.0, 1.9567692279815674]
alpha/beta optimization time: 0.7635455131530762
pruning_in_iteration open status: False
ratio of positive domain = 0 / 256 = 0.0
pruning-in-iteration extra time: 4.076957702636719e-05
torch.Size([256, 1])
Time: prepare 0.0033    bound 0.7651    transfer 0.0041    finalize 0.0180    func 0.7905    
Accumulated time: func 140.9410    prepare 3.2626    bound 132.4516    transfer 1.4628    finalize 6.0272    
max lb tensor(-934.) min lb tensor(-1138.)
Number of Verified Splits: 0 of 256
Current worst splitting domains lb-rhs (depth):
-1138.00000 (162), -1138.00000 (102), -1138.00000 (14), -1138.00000 (115), -1138.00000 (120), -1138.00000 (176), -1138.00000 (145), -1138.00000 (22), -1138.00000 (57), -1138.00000 (78), -1138.00000 (57), -1138.00000 (56), -1138.00000 (6), -1138.00000 (102), -1138.00000 (93), -1138.00000 (176), -1138.00000 (57), -1138.00000 (132), -1138.00000 (201), -1138.00000 (9), 
Length of domains: 27176
Current (lb-rhs): -1138.0
54268 domains visited
Time: pickout 0.0277    decision 0.3173    set_bounds 0.0076    solve 0.7910    add 0.0452    
Accumulated time: pickout 4.6368    decision 55.3160    set_bounds 2.1954    solve 141.0790    add 15.7103    
Cumulative time: 219.30177211761475

BaB round 214
batch: 128
splitting decisions: 
split level 0: [/74, 787] [/74, 80] [/74, 974] [/74, 1000] [/74, 2] [/74, 313] [/74, 982] [/74, 729] [/74, 744] [/74, 474] 
best_l after optimization: -265820.0625
beta sum per layer: [0.0, 0.0, 0.0, 1.9326187372207642]
alpha/beta optimization time: 0.7722072601318359
pruning_in_iteration open status: False
ratio of positive domain = 0 / 256 = 0.0
pruning-in-iteration extra time: 0.00025391578674316406
torch.Size([256, 1])
Time: prepare 0.0032    bound 0.7739    transfer 0.0037    finalize 0.0347    func 0.8154    
Accumulated time: func 141.7564    prepare 3.2771    bound 133.2254    transfer 1.4665    finalize 6.0619    
max lb tensor(-934.) min lb tensor(-1138.)
Number of Verified Splits: 0 of 256
Current worst splitting domains lb-rhs (depth):
-1138.00000 (203), -1138.00000 (209), -1138.00000 (140), -1138.00000 (178), -1138.00000 (74), -1138.00000 (129), -1138.00000 (131), -1138.00000 (162), -1138.00000 (6), -1138.00000 (34), -1138.00000 (193), -1138.00000 (100), -1138.00000 (137), -1138.00000 (117), -1138.00000 (87), -1138.00000 (26), -1138.00000 (75), -1138.00000 (199), -1138.00000 (145), -1138.00000 (105), 
Length of domains: 27304
Current (lb-rhs): -1138.0
54524 domains visited
Time: pickout 0.0256    decision 0.2481    set_bounds 0.0071    solve 0.8159    add 0.0493    
Accumulated time: pickout 4.6624    decision 55.5641    set_bounds 2.2026    solve 141.8949    add 15.7596    
Cumulative time: 220.44874572753906

BaB round 215
batch: 128
splitting decisions: 
split level 0: [/74, 58] [/74, 276] [/74, 72] [/74, 987] [/74, 110] [/74, 876] [/74, 203] [/74, 943] [/74, 498] [/74, 524] 
best_l after optimization: -265820.125
beta sum per layer: [0.0, 0.0, 0.0, 1.9325928688049316]
alpha/beta optimization time: 0.36715245246887207
pruning_in_iteration open status: False
ratio of positive domain = 0 / 256 = 0.0
pruning-in-iteration extra time: 3.719329833984375e-05
torch.Size([256, 1])
Time: prepare 0.0033    bound 0.3685    transfer 0.0043    finalize 0.0184    func 0.3946    
Accumulated time: func 142.1509    prepare 3.2970    bound 133.5939    transfer 1.4708    finalize 6.0803    
max lb tensor(-934.) min lb tensor(-1138.)
Number of Verified Splits: 0 of 256
Current worst splitting domains lb-rhs (depth):
-1138.00000 (48), -1138.00000 (80), -1138.00000 (7), -1138.00000 (48), -1138.00000 (109), -1138.00000 (142), -1138.00000 (80), -1138.00000 (201), -1138.00000 (162), -1138.00000 (35), -1138.00000 (109), -1138.00000 (81), -1138.00000 (193), -1138.00000 (162), -1138.00000 (142), -1138.00000 (161), -1138.00000 (81), -1138.00000 (13), -1138.00000 (108), -1138.00000 (185), 
Length of domains: 27432
Current (lb-rhs): -1138.0
54780 domains visited
Time: pickout 0.0272    decision 0.2308    set_bounds 0.0074    solve 0.3950    add 0.0366    
Accumulated time: pickout 4.6897    decision 55.7949    set_bounds 2.2100    solve 142.2899    add 15.7962    
Cumulative time: 221.1484694480896

BaB round 216
batch: 128
splitting decisions: 
split level 0: [/74, 107] [/74, 72] [/74, 516] [/74, 68] [/74, 856] [/74, 787] [/74, 398] [/74, 744] [/74, 702] [/74, 204] 
best_l after optimization: -265820.0
beta sum per layer: [0.0, 0.0, 0.0, 1.9256432056427002]
alpha/beta optimization time: 0.36582469940185547
pruning_in_iteration open status: False
ratio of positive domain = 0 / 256 = 0.0
pruning-in-iteration extra time: 3.7670135498046875e-05
torch.Size([256, 1])
Time: prepare 0.0032    bound 0.3673    transfer 0.0039    finalize 0.0349    func 0.4092    
Accumulated time: func 142.5602    prepare 3.3014    bound 133.9612    transfer 1.4747    finalize 6.1151    
max lb tensor(-934.) min lb tensor(-1138.)
Number of Verified Splits: 0 of 256
Current worst splitting domains lb-rhs (depth):
-1138.00000 (178), -1138.00000 (106), -1138.00000 (145), -1138.00000 (163), -1138.00000 (209), -1138.00000 (187), -1138.00000 (61), -1138.00000 (105), -1138.00000 (77), -1138.00000 (128), -1138.00000 (61), -1138.00000 (135), -1138.00000 (200), -1138.00000 (171), -1138.00000 (186), -1138.00000 (105), -1138.00000 (62), -1138.00000 (164), -1138.00000 (14), -1138.00000 (205), 
Length of domains: 27560
Current (lb-rhs): -1138.0
55036 domains visited
Time: pickout 0.0240    decision 0.1320    set_bounds 0.0069    solve 0.4097    add 0.0448    
Accumulated time: pickout 4.7137    decision 55.9269    set_bounds 2.2170    solve 142.6996    add 15.8410    
Cumulative time: 221.76694059371948

BaB round 217
batch: 128
splitting decisions: 
split level 0: [/74, 165] [/74, 516] [/74, 518] [/74, 138] [/74, 681] [/74, 699] [/74, 550] [/74, 671] [/74, 162] [/74, 987] 
best_l after optimization: -265819.65625
beta sum per layer: [0.0, 0.0, 0.0, 1.8972423076629639]
alpha/beta optimization time: 0.3694019317626953
pruning_in_iteration open status: False
ratio of positive domain = 0 / 256 = 0.0
pruning-in-iteration extra time: 3.552436828613281e-05
torch.Size([256, 1])
Time: prepare 0.0032    bound 0.3708    transfer 0.0039    finalize 0.0176    func 0.3955    
Accumulated time: func 142.9557    prepare 3.3057    bound 134.3320    transfer 1.4786    finalize 6.1327    
max lb tensor(-934.) min lb tensor(-1138.)
Number of Verified Splits: 0 of 256
Current worst splitting domains lb-rhs (depth):
-1138.00000 (159), -1138.00000 (184), -1138.00000 (207), -1138.00000 (96), -1138.00000 (133), -1138.00000 (118), -1138.00000 (153), -1138.00000 (51), -1138.00000 (104), -1138.00000 (33), -1138.00000 (24), -1138.00000 (215), -1138.00000 (12), -1138.00000 (44), -1138.00000 (147), -1138.00000 (179), -1138.00000 (110), -1138.00000 (72), -1138.00000 (167), -1138.00000 (7), 
Length of domains: 27688
Current (lb-rhs): -1138.0
55292 domains visited
Time: pickout 0.0236    decision 0.1318    set_bounds 0.0071    solve 0.3960    add 0.0399    
Accumulated time: pickout 4.7373    decision 56.0587    set_bounds 2.2240    solve 143.0957    add 15.8809    
Cumulative time: 222.36827516555786

BaB round 218
batch: 128
splitting decisions: 
split level 0: [/74, 524] [/74, 389] [/74, 313] [/74, 982] [/74, 604] [/74, 956] [/74, 282] [/74, 498] [/74, 213] [/74, 68] 
best_l after optimization: -265819.625
beta sum per layer: [0.0, 0.0, 0.0, 2.5015528202056885]
alpha/beta optimization time: 0.3755183219909668
pruning_in_iteration open status: False
ratio of positive domain = 0 / 256 = 0.0
pruning-in-iteration extra time: 4.267692565917969e-05
torch.Size([256, 1])
Time: prepare 0.0032    bound 0.3769    transfer 0.0041    finalize 0.0430    func 0.4272    
Accumulated time: func 143.3830    prepare 3.3101    bound 134.7089    transfer 1.4827    finalize 6.1757    
max lb tensor(-934.) min lb tensor(-1138.)
Number of Verified Splits: 0 of 256
Current worst splitting domains lb-rhs (depth):
-1138.00000 (54), -1138.00000 (156), -1138.00000 (161), -1138.00000 (171), -1138.00000 (30), -1138.00000 (33), -1138.00000 (55), -1138.00000 (192), -1138.00000 (94), -1138.00000 (24), -1138.00000 (54), -1138.00000 (123), -1138.00000 (120), -1138.00000 (137), -1138.00000 (127), -1138.00000 (192), -1138.00000 (95), -1138.00000 (127), -1138.00000 (171), -1138.00000 (8), 
Length of domains: 27816
Current (lb-rhs): -1138.0
55548 domains visited
Time: pickout 0.0314    decision 0.1313    set_bounds 0.0046    solve 0.4277    add 0.0576    
Accumulated time: pickout 4.7687    decision 56.1900    set_bounds 2.2287    solve 143.5234    add 15.9385    
Cumulative time: 223.02191495895386

BaB round 219
batch: 128
splitting decisions: 
split level 0: [/74, 168] [/74, 518] [/74, 999] [/74, 203] [/74, 718] [/74, 480] [/74, 564] [/74, 997] [/74, 285] [/74, 140] 
best_l after optimization: -265823.125
beta sum per layer: [0.0, 0.0, 0.0, 2.2826695442199707]
alpha/beta optimization time: 0.369032621383667
pruning_in_iteration open status: False
ratio of positive domain = 0 / 256 = 0.0
pruning-in-iteration extra time: 3.910064697265625e-05
torch.Size([256, 1])
Time: prepare 0.0031    bound 0.3704    transfer 0.0039    finalize 0.0221    func 0.3996    
Accumulated time: func 143.7826    prepare 3.3144    bound 135.0793    transfer 1.4866    finalize 6.1978    
max lb tensor(-934.) min lb tensor(-1138.)
Number of Verified Splits: 0 of 256
Current worst splitting domains lb-rhs (depth):
-1138.00000 (207), -1138.00000 (185), -1138.00000 (28), -1138.00000 (146), -1138.00000 (37), -1138.00000 (210), -1138.00000 (104), -1138.00000 (155), -1138.00000 (171), -1138.00000 (73), -1138.00000 (83), -1138.00000 (129), -1138.00000 (124), -1138.00000 (15), -1138.00000 (143), -1138.00000 (180), -1138.00000 (138), -1138.00000 (217), -1138.00000 (204), -1138.00000 (191), 
Length of domains: 27944
Current (lb-rhs): -1138.0
55804 domains visited
Time: pickout 0.0253    decision 0.1329    set_bounds 0.0045    solve 0.4001    add 0.0466    
Accumulated time: pickout 4.7940    decision 56.3229    set_bounds 2.2332    solve 143.9235    add 15.9851    
Cumulative time: 223.63472962379456

BaB round 220
batch: 128
splitting decisions: 
split level 0: [/74, 850] [/74, 806] [/74, 876] [/74, 550] [/74, 114] [/74, 474] [/74, 891] [/74, 213] [/74, 45] [/74, 958] 
best_l after optimization: -265822.28125
beta sum per layer: [0.0, 0.0, 0.0, 2.191725730895996]
alpha/beta optimization time: 0.36560869216918945
pruning_in_iteration open status: False
ratio of positive domain = 0 / 256 = 0.0
pruning-in-iteration extra time: 4.029273986816406e-05
torch.Size([256, 1])
Time: prepare 0.0033    bound 0.3671    transfer 0.0040    finalize 0.0414    func 0.4158    
Accumulated time: func 144.1984    prepare 3.3188    bound 135.4464    transfer 1.4906    finalize 6.2393    
max lb tensor(-934.) min lb tensor(-1138.)
Number of Verified Splits: 0 of 256
Current worst splitting domains lb-rhs (depth):
-1138.00000 (217), -1138.00000 (133), -1138.00000 (209), -1138.00000 (26), -1138.00000 (32), -1138.00000 (196), -1138.00000 (41), -1138.00000 (206), -1138.00000 (51), -1138.00000 (122), -1138.00000 (176), -1138.00000 (65), -1138.00000 (11), -1138.00000 (201), -1138.00000 (144), -1138.00000 (116), -1138.00000 (94), -1138.00000 (7), -1138.00000 (89), -1138.00000 (109), 
Length of domains: 28072
Current (lb-rhs): -1138.0
56060 domains visited
Time: pickout 0.0238    decision 0.1324    set_bounds 0.0046    solve 0.4163    add 0.0486    
Accumulated time: pickout 4.8178    decision 56.4553    set_bounds 2.2378    solve 144.3398    add 16.0337    
Cumulative time: 224.2612874507904

BaB round 221
batch: 128
splitting decisions: 
split level 0: [/74, 204] [/74, 313] [/74, 811] [/74, 564] [/74, 51] [/74, 165] [/74, 151] [/74, 285] [/74, 80] [/74, 138] 
best_l after optimization: -265821.53125
beta sum per layer: [0.0, 0.0, 0.0, 2.4884142875671387]
alpha/beta optimization time: 0.3744544982910156
pruning_in_iteration open status: False
ratio of positive domain = 0 / 256 = 0.0
pruning-in-iteration extra time: 4.124641418457031e-05
torch.Size([256, 1])
Time: prepare 0.0031    bound 0.3758    transfer 0.0041    finalize 0.0183    func 0.4013    
Accumulated time: func 144.5997    prepare 3.3230    bound 135.8222    transfer 1.4947    finalize 6.2576    
max lb tensor(-934.) min lb tensor(-1138.)
Number of Verified Splits: 0 of 256
Current worst splitting domains lb-rhs (depth):
-1138.00000 (29), -1138.00000 (181), -1138.00000 (71), -1138.00000 (129), -1138.00000 (110), -1138.00000 (140), -1138.00000 (137), -1138.00000 (163), -1138.00000 (144), -1138.00000 (83), -1138.00000 (14), -1138.00000 (92), -1138.00000 (21), -1138.00000 (54), -1138.00000 (174), -1138.00000 (143), -1138.00000 (147), -1138.00000 (77), -1138.00000 (7), -1138.00000 (204), 
Length of domains: 28200
Current (lb-rhs): -1138.0
56316 domains visited
Time: pickout 0.0236    decision 0.1322    set_bounds 0.0044    solve 0.4018    add 0.0401    
Accumulated time: pickout 4.8414    decision 56.5875    set_bounds 2.2422    solve 144.7416    add 16.0738    
Cumulative time: 224.86671042442322

BaB round 222
batch: 128
splitting decisions: 
split level 0: [/74, 987] [/74, 503] [/74, 503] [/74, 938] [/74, 242] [/74, 921] [/74, 414] [/74, 974] [/74, 974] [/74, 203] 
best_l after optimization: -265822.78125
beta sum per layer: [0.0, 0.0, 0.0, 2.2651171684265137]
alpha/beta optimization time: 0.3776390552520752
pruning_in_iteration open status: False
ratio of positive domain = 0 / 256 = 0.0
pruning-in-iteration extra time: 0.00011396408081054688
torch.Size([256, 1])
Time: prepare 0.0035    bound 0.3791    transfer 0.0041    finalize 0.0386    func 0.4254    
Accumulated time: func 145.0251    prepare 3.3277    bound 136.2013    transfer 1.4989    finalize 6.2962    
max lb tensor(-934.) min lb tensor(-1138.)
Number of Verified Splits: 0 of 256
Current worst splitting domains lb-rhs (depth):
-1138.00000 (7), -1138.00000 (153), -1138.00000 (203), -1138.00000 (133), -1138.00000 (25), -1138.00000 (85), -1138.00000 (115), -1138.00000 (103), -1138.00000 (151), -1138.00000 (200), -1138.00000 (171), -1138.00000 (89), -1138.00000 (144), -1138.00000 (78), -1138.00000 (140), -1138.00000 (164), -1138.00000 (123), -1138.00000 (48), -1138.00000 (178), -1138.00000 (208), 
Length of domains: 28328
Current (lb-rhs): -1138.0
56572 domains visited
Time: pickout 0.0236    decision 0.1390    set_bounds 0.0046    solve 0.4259    add 0.0483    
Accumulated time: pickout 4.8650    decision 56.7265    set_bounds 2.2468    solve 145.1674    add 16.1221    
Cumulative time: 225.50900077819824

BaB round 223
batch: 128
splitting decisions: 
split level 0: [/74, 140] [/74, 560] [/74, 560] [/74, 44] [/74, 887] [/74, 1000] [/74, 856] [/74, 72] [/74, 72] [/74, 398] 
best_l after optimization: -265821.78125
beta sum per layer: [0.0, 0.0, 0.0, 2.1620192527770996]
alpha/beta optimization time: 0.3645946979522705
pruning_in_iteration open status: False
ratio of positive domain = 0 / 256 = 0.0
pruning-in-iteration extra time: 3.7670135498046875e-05
torch.Size([256, 1])
Time: prepare 0.0037    bound 0.3661    transfer 0.0041    finalize 0.0285    func 0.4024    
Accumulated time: func 145.4275    prepare 3.3325    bound 136.5674    transfer 1.5030    finalize 6.3247    
max lb tensor(-934.) min lb tensor(-1138.)
Number of Verified Splits: 0 of 256
Current worst splitting domains lb-rhs (depth):
-1138.00000 (52), -1138.00000 (147), -1138.00000 (87), -1138.00000 (165), -1138.00000 (121), -1138.00000 (51), -1138.00000 (7), -1138.00000 (215), -1138.00000 (190), -1138.00000 (86), -1138.00000 (52), -1138.00000 (141), -1138.00000 (190), -1138.00000 (51), -1138.00000 (166), -1138.00000 (221), -1138.00000 (86), -1138.00000 (15), -1138.00000 (52), -1138.00000 (189), 
Length of domains: 28456
Current (lb-rhs): -1138.0
56828 domains visited
Time: pickout 0.0236    decision 0.1342    set_bounds 0.0081    solve 0.4029    add 0.0418    
Accumulated time: pickout 4.8886    decision 56.8606    set_bounds 2.2549    solve 145.5703    add 16.1639    
Cumulative time: 226.1204915046692

BaB round 224
batch: 128
splitting decisions: 
split level 0: [/74, 138] [/74, 787] [/74, 956] [/74, 2] [/74, 802] [/74, 168] [/74, 848] [/74, 516] [/74, 516] [/74, 550] 
best_l after optimization: -265821.1875
beta sum per layer: [0.0, 0.0, 0.0, 2.097252130508423]
alpha/beta optimization time: 0.36205053329467773
pruning_in_iteration open status: False
ratio of positive domain = 0 / 256 = 0.0
pruning-in-iteration extra time: 5.340576171875e-05
torch.Size([256, 1])
Time: prepare 0.0034    bound 0.3635    transfer 0.0038    finalize 0.0394    func 0.4101    
Accumulated time: func 145.8376    prepare 3.3370    bound 136.9308    transfer 1.5068    finalize 6.3641    
max lb tensor(-934.) min lb tensor(-1138.)
Number of Verified Splits: 0 of 256
Current worst splitting domains lb-rhs (depth):
-1138.00000 (33), -1138.00000 (100), -1138.00000 (222), -1138.00000 (55), -1138.00000 (190), -1138.00000 (204), -1138.00000 (19), -1138.00000 (183), -1138.00000 (29), -1138.00000 (152), -1138.00000 (198), -1138.00000 (71), -1138.00000 (95), -1138.00000 (163), -1138.00000 (122), -1138.00000 (122), -1138.00000 (9), -1138.00000 (55), -1138.00000 (169), -1138.00000 (44), 
Length of domains: 28584
Current (lb-rhs): -1138.0
57084 domains visited
Time: pickout 0.0265    decision 0.1317    set_bounds 0.0082    solve 0.4106    add 0.0476    
Accumulated time: pickout 4.9151    decision 56.9924    set_bounds 2.2632    solve 145.9809    add 16.2115    
Cumulative time: 226.74612069129944

BaB round 225
batch: 128
splitting decisions: 
split level 0: [/74, 203] [/74, 58] [/74, 903] [/74, 414] [/74, 284] [/74, 850] [/74, 589] [/74, 389] [/74, 806] [/74, 282] 
best_l after optimization: -265820.8125
beta sum per layer: [0.0, 0.0, 0.0, 2.047966480255127]
alpha/beta optimization time: 0.36774682998657227
pruning_in_iteration open status: False
ratio of positive domain = 0 / 256 = 0.0
pruning-in-iteration extra time: 0.0001304149627685547
torch.Size([256, 1])
Time: prepare 0.0032    bound 0.3692    transfer 0.0048    finalize 0.0304    func 0.4075    
Accumulated time: func 146.2452    prepare 3.3414    bound 137.3000    transfer 1.5116    finalize 6.3945    
max lb tensor(-934.) min lb tensor(-1138.)
Number of Verified Splits: 0 of 256
Current worst splitting domains lb-rhs (depth):
-1138.00000 (203), -1138.00000 (176), -1138.00000 (35), -1138.00000 (54), -1138.00000 (76), -1138.00000 (69), -1138.00000 (209), -1138.00000 (178), -1138.00000 (7), -1138.00000 (137), -1138.00000 (96), -1138.00000 (149), -1138.00000 (27), -1138.00000 (123), -1138.00000 (112), -1138.00000 (89), -1138.00000 (65), -1138.00000 (223), -1138.00000 (51), -1138.00000 (14), 
Length of domains: 28712
Current (lb-rhs): -1138.0
57340 domains visited
Time: pickout 0.0241    decision 0.1319    set_bounds 0.0072    solve 0.4080    add 0.0413    
Accumulated time: pickout 4.9392    decision 57.1242    set_bounds 2.2704    solve 146.3889    add 16.2529    
Cumulative time: 227.35969924926758

BaB round 226
batch: 128
splitting decisions: 
split level 0: [/74, 398] [/74, 480] [/74, 275] [/74, 848] [/74, 632] [/74, 204] [/74, 365] [/74, 518] [/74, 313] [/74, 564] 
best_l after optimization: -265820.625
beta sum per layer: [0.0, 0.0, 0.0, 2.5235462188720703]
alpha/beta optimization time: 0.36548733711242676
pruning_in_iteration open status: False
ratio of positive domain = 0 / 256 = 0.0
pruning-in-iteration extra time: 3.647804260253906e-05
torch.Size([256, 1])
Time: prepare 0.0032    bound 0.3669    transfer 0.0044    finalize 0.0202    func 0.3947    
Accumulated time: func 146.6399    prepare 3.3457    bound 137.6669    transfer 1.5160    finalize 6.4147    
max lb tensor(-934.) min lb tensor(-1138.)
Number of Verified Splits: 0 of 256
Current worst splitting domains lb-rhs (depth):
-1138.00000 (105), -1138.00000 (210), -1138.00000 (35), -1138.00000 (104), -1138.00000 (174), -1138.00000 (104), -1138.00000 (142), -1138.00000 (34), -1138.00000 (211), -1138.00000 (105), -1138.00000 (8), -1138.00000 (174), -1138.00000 (34), -1138.00000 (105), -1138.00000 (104), -1138.00000 (34), -1138.00000 (211), -1138.00000 (173), -1138.00000 (106), -1138.00000 (33), 
Length of domains: 28840
Current (lb-rhs): -1138.0
57596 domains visited
Time: pickout 0.0239    decision 0.1314    set_bounds 0.0073    solve 0.3952    add 0.0423    
Accumulated time: pickout 4.9631    decision 57.2556    set_bounds 2.2777    solve 146.7841    add 16.2952    
Cumulative time: 227.96331787109375

BaB round 227
batch: 128
splitting decisions: 
split level 0: [/74, 282] [/74, 1000] [/74, 474] [/74, 589] [/74, 837] [/74, 987] [/74, 604] [/74, 503] [/74, 999] [/74, 151] 
best_l after optimization: -265823.53125
beta sum per layer: [0.0, 0.0, 0.0, 2.309870719909668]
alpha/beta optimization time: 0.3623545169830322
pruning_in_iteration open status: False
ratio of positive domain = 0 / 256 = 0.0
pruning-in-iteration extra time: 7.963180541992188e-05
torch.Size([256, 1])
Time: prepare 0.0032    bound 0.3637    transfer 0.0037    finalize 0.0352    func 0.4059    
Accumulated time: func 147.0458    prepare 3.3500    bound 138.0306    transfer 1.5197    finalize 6.4498    
max lb tensor(-934.) min lb tensor(-1138.)
Number of Verified Splits: 0 of 256
Current worst splitting domains lb-rhs (depth):
-1138.00000 (197), -1138.00000 (47), -1138.00000 (139), -1138.00000 (6), -1138.00000 (90), -1138.00000 (197), -1138.00000 (167), -1138.00000 (213), -1138.00000 (24), -1138.00000 (47), -1138.00000 (91), -1138.00000 (47), -1138.00000 (24), -1138.00000 (105), -1138.00000 (136), -1138.00000 (137), -1138.00000 (166), -1138.00000 (46), -1138.00000 (91), -1138.00000 (10), 
Length of domains: 28968
Current (lb-rhs): -1138.0
57852 domains visited
Time: pickout 0.0255    decision 0.1318    set_bounds 0.0071    solve 0.4063    add 0.0463    
Accumulated time: pickout 4.9886    decision 57.3874    set_bounds 2.2848    solve 147.1905    add 16.3414    
Cumulative time: 228.5811734199524

BaB round 228
batch: 128
splitting decisions: 
split level 0: [/74, 838] [/74, 168] [/74, 107] [/74, 681] [/74, 27] [/74, 958] [/74, 718] [/74, 787] [/74, 876] [/74, 938] 
best_l after optimization: -265822.25
beta sum per layer: [0.0, 0.0, 0.0, 2.2113265991210938]
alpha/beta optimization time: 0.4224843978881836
pruning_in_iteration open status: False
ratio of positive domain = 0 / 256 = 0.0
pruning-in-iteration extra time: 3.600120544433594e-05
torch.Size([256, 1])
Time: prepare 0.0035    bound 0.4239    transfer 0.0039    finalize 0.0212    func 0.4526    
Accumulated time: func 147.4984    prepare 3.3547    bound 138.4545    transfer 1.5236    finalize 6.4711    
max lb tensor(-934.) min lb tensor(-1138.)
Number of Verified Splits: 0 of 256
Current worst splitting domains lb-rhs (depth):
-1138.00000 (188), -1138.00000 (80), -1138.00000 (7), -1138.00000 (81), -1138.00000 (188), -1138.00000 (81), -1138.00000 (131), -1138.00000 (81), -1138.00000 (188), -1138.00000 (227), -1138.00000 (20), -1138.00000 (82), -1138.00000 (162), -1138.00000 (131), -1138.00000 (21), -1138.00000 (82), -1138.00000 (220), -1138.00000 (82), -1138.00000 (131), -1138.00000 (187), 
Length of domains: 29096
Current (lb-rhs): -1138.0
58108 domains visited
Time: pickout 0.0238    decision 0.1323    set_bounds 0.3434    solve 0.4531    add 0.0397    
Accumulated time: pickout 5.0124    decision 57.5197    set_bounds 2.6282    solve 147.6436    add 16.3811    
Cumulative time: 229.57662963867188

BaB round 229
batch: 128
splitting decisions: 
split level 0: [/74, 151] [/74, 204] [/74, 165] [/74, 231] [/74, 857] [/74, 138] [/74, 217] [/74, 956] [/74, 811] [/74, 44] 
best_l after optimization: -265821.625
beta sum per layer: [0.0, 0.0, 0.0, 2.1353020668029785]
alpha/beta optimization time: 0.3847188949584961
pruning_in_iteration open status: False
ratio of positive domain = 0 / 256 = 0.0
pruning-in-iteration extra time: 3.62396240234375e-05
torch.Size([256, 1])
Time: prepare 0.0032    bound 0.3861    transfer 0.0041    finalize 0.0359    func 0.4294    
Accumulated time: func 147.9277    prepare 3.3605    bound 138.8406    transfer 1.5277    finalize 6.5070    
max lb tensor(-934.) min lb tensor(-1138.)
Number of Verified Splits: 0 of 256
Current worst splitting domains lb-rhs (depth):
-1138.00000 (172), -1138.00000 (115), -1138.00000 (84), -1138.00000 (137), -1138.00000 (49), -1138.00000 (39), -1138.00000 (85), -1138.00000 (152), -1138.00000 (17), -1138.00000 (173), -1138.00000 (135), -1138.00000 (115), -1138.00000 (220), -1138.00000 (85), -1138.00000 (173), -1138.00000 (85), -1138.00000 (7), -1138.00000 (49), -1138.00000 (114), -1138.00000 (198), 
Length of domains: 29224
Current (lb-rhs): -1138.0
58364 domains visited
Time: pickout 0.0249    decision 0.1511    set_bounds 0.0073    solve 0.4299    add 0.0510    
Accumulated time: pickout 5.0373    decision 57.6708    set_bounds 2.6355    solve 148.0734    add 16.4321    
Cumulative time: 230.2417504787445

BaB round 230
batch: 128
splitting decisions: 
split level 0: [/74, 2] [/74, 987] [/74, 1000] [/74, 365] [/74, 92] [/74, 982] [/74, 114] [/74, 480] [/74, 956] [/74, 2] 
best_l after optimization: -265821.25
beta sum per layer: [0.0, 0.0, 0.0, 2.091492176055908]
alpha/beta optimization time: 0.831486701965332
pruning_in_iteration open status: False
ratio of positive domain = 0 / 256 = 0.0
pruning-in-iteration extra time: 0.00010728836059570312
torch.Size([256, 1])
Time: prepare 0.0034    bound 0.8330    transfer 0.0046    finalize 0.0185    func 0.8595    
Accumulated time: func 148.7872    prepare 3.3650    bound 139.6736    transfer 1.5323    finalize 6.5255    
max lb tensor(-934.) min lb tensor(-1138.)
Number of Verified Splits: 0 of 256
Current worst splitting domains lb-rhs (depth):
-1138.00000 (179), -1138.00000 (100), -1138.00000 (180), -1138.00000 (224), -1138.00000 (101), -1138.00000 (16), -1138.00000 (101), -1138.00000 (180), -1138.00000 (101), -1138.00000 (102), -1138.00000 (100), -1138.00000 (102), -1138.00000 (15), -1138.00000 (102), -1138.00000 (179), -1138.00000 (103), -1138.00000 (179), -1138.00000 (103), -1138.00000 (225), -1138.00000 (98), 
Length of domains: 29352
Current (lb-rhs): -1138.0
58620 domains visited
Time: pickout 0.0294    decision 0.1330    set_bounds 0.0075    solve 0.8600    add 0.0440    
Accumulated time: pickout 5.0666    decision 57.8038    set_bounds 2.6429    solve 148.9334    add 16.4761    
Cumulative time: 231.31902766227722

BaB round 231
batch: 128
splitting decisions: 
split level 0: [/74, 856] [/74, 140] [/74, 204] [/74, 604] [/74, 1013] [/74, 203] [/74, 242] [/74, 246] [/74, 480] [/74, 110] 
best_l after optimization: -265820.875
beta sum per layer: [0.0, 0.0, 0.0, 2.0601754188537598]
alpha/beta optimization time: 0.868213415145874
pruning_in_iteration open status: False
ratio of positive domain = 0 / 256 = 0.0
pruning-in-iteration extra time: 0.00027441978454589844
torch.Size([256, 1])
Time: prepare 0.0127    bound 0.8699    transfer 0.0046    finalize 0.0364    func 0.9236    
Accumulated time: func 149.7108    prepare 3.3859    bound 140.5435    transfer 1.5369    finalize 6.5619    
max lb tensor(-934.) min lb tensor(-1138.)
Number of Verified Splits: 0 of 256
Current worst splitting domains lb-rhs (depth):
-1138.00000 (157), -1138.00000 (214), -1138.00000 (46), -1138.00000 (202), -1138.00000 (72), -1138.00000 (120), -1138.00000 (141), -1138.00000 (64), -1138.00000 (109), -1138.00000 (177), -1138.00000 (180), -1138.00000 (221), -1138.00000 (29), -1138.00000 (45), -1138.00000 (228), -1138.00000 (9), -1138.00000 (81), -1138.00000 (189), -1138.00000 (92), -1138.00000 (97), 
Length of domains: 29480
Current (lb-rhs): -1138.0
58876 domains visited
Time: pickout 0.0308    decision 0.3413    set_bounds 0.0092    solve 0.9241    add 0.0501    
Accumulated time: pickout 5.0974    decision 58.1451    set_bounds 2.6521    solve 149.8575    add 16.5262    
Cumulative time: 232.6754264831543

BaB round 232
batch: 128
splitting decisions: 
split level 0: [/74, 231] [/74, 958] [/74, 68] [/74, 718] [/55, 949] [/74, 550] [/74, 887] [/74, 275] [/74, 246] [/74, 848] 
best_l after optimization: -265820.75
beta sum per layer: [0.0, 0.0, 0.0, 2.611706256866455]
alpha/beta optimization time: 0.44191479682922363
pruning_in_iteration open status: False
ratio of positive domain = 0 / 256 = 0.0
pruning-in-iteration extra time: 4.076957702636719e-05
torch.Size([256, 1])
Time: prepare 0.0147    bound 0.4434    transfer 0.0051    finalize 0.0205    func 0.4838    
Accumulated time: func 150.1947    prepare 3.4061    bound 140.9869    transfer 1.5420    finalize 6.5824    
max lb tensor(-934.) min lb tensor(-1138.)
Number of Verified Splits: 0 of 256
Current worst splitting domains lb-rhs (depth):
-1138.00000 (206), -1138.00000 (41), -1138.00000 (122), -1138.00000 (9), -1138.00000 (102), -1138.00000 (65), -1138.00000 (111), -1138.00000 (12), -1138.00000 (6), -1138.00000 (131), -1138.00000 (140), -1138.00000 (95), -1138.00000 (74), -1138.00000 (156), -1138.00000 (73), -1138.00000 (176), -1138.00000 (185), -1138.00000 (54), -1138.00000 (146), -1138.00000 (30), 
Length of domains: 29608
Current (lb-rhs): -1138.0
59132 domains visited
Time: pickout 0.0258    decision 0.3387    set_bounds 0.0101    solve 0.4843    add 0.0425    
Accumulated time: pickout 5.1232    decision 58.4838    set_bounds 2.6622    solve 150.3419    add 16.5687    
Cumulative time: 233.5799663066864

BaB round 233
batch: 128
splitting decisions: 
split level 0: [/74, 365] [/74, 203] [/74, 138] [/74, 217] [/55, 237] [/74, 838] [/74, 802] [/74, 474] [/74, 903] [/74, 604] 
best_l after optimization: -265823.375
beta sum per layer: [0.0, 0.0, 0.0, 2.362416982650757]
alpha/beta optimization time: 0.36815452575683594
pruning_in_iteration open status: False
ratio of positive domain = 0 / 256 = 0.0
pruning-in-iteration extra time: 0.00011968612670898438
torch.Size([256, 1])
Time: prepare 0.0035    bound 0.3697    transfer 0.0046    finalize 0.0373    func 0.4151    
Accumulated time: func 150.6097    prepare 3.4111    bound 141.3565    transfer 1.5466    finalize 6.6198    
max lb tensor(-934.) min lb tensor(-1138.)
Number of Verified Splits: 0 of 256
Current worst splitting domains lb-rhs (depth):
-1138.00000 (148), -1138.00000 (141), -1138.00000 (190), -1138.00000 (66), -1138.00000 (213), -1138.00000 (101), -1138.00000 (32), -1138.00000 (112), -1138.00000 (90), -1138.00000 (126), -1138.00000 (66), -1138.00000 (10), -1138.00000 (173), -1138.00000 (165), -1138.00000 (190), -1138.00000 (32), -1138.00000 (229), -1138.00000 (214), -1138.00000 (66), -1138.00000 (158), 
Length of domains: 29736
Current (lb-rhs): -1138.0
59388 domains visited
Time: pickout 0.0261    decision 0.1449    set_bounds 0.0075    solve 0.4156    add 0.0497    
Accumulated time: pickout 5.1494    decision 58.6287    set_bounds 2.6698    solve 150.7575    add 16.6184    
Cumulative time: 234.2247495651245

BaB round 234
batch: 128
splitting decisions: 
split level 0: [/74, 604] [/74, 564] [/74, 398] [/74, 114] [/55, 441] [/74, 564] [/74, 914] [/74, 107] [/74, 275] [/74, 718] 
best_l after optimization: -265822.6875
beta sum per layer: [0.0, 0.0, 0.0, 2.2795655727386475]
alpha/beta optimization time: 0.44736719131469727
pruning_in_iteration open status: False
ratio of positive domain = 0 / 256 = 0.0
pruning-in-iteration extra time: 0.00023698806762695312
torch.Size([256, 1])
Time: prepare 0.0034    bound 0.4489    transfer 0.0045    finalize 0.0182    func 0.4752    
Accumulated time: func 151.0849    prepare 3.4157    bound 141.8055    transfer 1.5511    finalize 6.6380    
max lb tensor(-934.) min lb tensor(-1138.)
Number of Verified Splits: 0 of 256
Current worst splitting domains lb-rhs (depth):
-1138.00000 (25), -1138.00000 (76), -1138.00000 (223), -1138.00000 (197), -1138.00000 (76), -1138.00000 (26), -1138.00000 (132), -1138.00000 (168), -1138.00000 (8), -1138.00000 (173), -1138.00000 (77), -1138.00000 (196), -1138.00000 (108), -1138.00000 (77), -1138.00000 (26), -1138.00000 (223), -1138.00000 (131), -1138.00000 (77), -1138.00000 (148), -1138.00000 (196), 
Length of domains: 29864
Current (lb-rhs): -1138.0
59644 domains visited
Time: pickout 0.0270    decision 0.1406    set_bounds 0.0074    solve 0.4756    add 0.0411    
Accumulated time: pickout 5.1764    decision 58.7693    set_bounds 2.6772    solve 151.2331    add 16.6595    
Cumulative time: 234.91946744918823

BaB round 235
batch: 128
splitting decisions: 
split level 0: [/74, 330] [/74, 708] [/74, 550] [/74, 242] [/55, 118] [/74, 708] [/74, 608] [/74, 1000] [/74, 474] [/74, 114] 
best_l after optimization: -265822.03125
beta sum per layer: [0.0, 0.0, 0.0, 2.198517322540283]
alpha/beta optimization time: 0.5131430625915527
pruning_in_iteration open status: False
ratio of positive domain = 0 / 256 = 0.0
pruning-in-iteration extra time: 5.793571472167969e-05
torch.Size([256, 1])
Time: prepare 0.0048    bound 0.5145    transfer 0.0044    finalize 0.0358    func 0.5596    
Accumulated time: func 151.6445    prepare 3.4235    bound 142.3200    transfer 1.5555    finalize 6.6738    
max lb tensor(-934.) min lb tensor(-1138.)
Number of Verified Splits: 0 of 256
Current worst splitting domains lb-rhs (depth):
-1138.00000 (79), -1138.00000 (211), -1138.00000 (38), -1138.00000 (136), -1138.00000 (143), -1138.00000 (104), -1138.00000 (121), -1138.00000 (21), -1138.00000 (211), -1138.00000 (188), -1138.00000 (165), -1138.00000 (153), -1138.00000 (38), -1138.00000 (103), -1138.00000 (63), -1138.00000 (104), -1138.00000 (185), -1138.00000 (183), -1138.00000 (121), -1138.00000 (190), 
Length of domains: 29992
Current (lb-rhs): -1138.0
59900 domains visited
Time: pickout 0.0274    decision 0.1823    set_bounds 0.0074    solve 0.5601    add 0.0467    
Accumulated time: pickout 5.2038    decision 58.9516    set_bounds 2.6846    solve 151.7932    add 16.7062    
Cumulative time: 235.7443175315857

BaB round 236
batch: 128
splitting decisions: 
split level 0: [/74, 718] [/74, 938] [/74, 282] [/74, 887] [/55, 104] [/74, 891] [/74, 989] [/74, 168] [/74, 107] [/74, 887] 
best_l after optimization: -265821.75
beta sum per layer: [0.0, 0.0, 0.0, 2.168992042541504]
alpha/beta optimization time: 0.518883228302002
pruning_in_iteration open status: False
ratio of positive domain = 0 / 256 = 0.0
pruning-in-iteration extra time: 0.0002865791320800781
torch.Size([256, 1])
Time: prepare 0.0053    bound 0.5205    transfer 0.0043    finalize 0.0179    func 0.5480    
Accumulated time: func 152.1925    prepare 3.4311    bound 142.8405    transfer 1.5598    finalize 6.6917    
max lb tensor(-934.) min lb tensor(-1138.)
Number of Verified Splits: 0 of 256
Current worst splitting domains lb-rhs (depth):
-1138.00000 (134), -1138.00000 (70), -1138.00000 (196), -1138.00000 (168), -1138.00000 (235), -1138.00000 (112), -1138.00000 (51), -1138.00000 (16), -1138.00000 (212), -1138.00000 (174), -1138.00000 (163), -1138.00000 (81), -1138.00000 (144), -1138.00000 (124), -1138.00000 (144), -1138.00000 (112), -1138.00000 (81), -1138.00000 (52), -1138.00000 (30), -1138.00000 (180), 
Length of domains: 30120
Current (lb-rhs): -1138.0
60156 domains visited
Time: pickout 0.0268    decision 0.1731    set_bounds 0.0077    solve 0.5485    add 0.0392    
Accumulated time: pickout 5.2306    decision 59.1246    set_bounds 2.6923    solve 152.3417    add 16.7454    
Cumulative time: 236.54255485534668

BaB round 237
batch: 128
splitting decisions: 
split level 0: [/74, 217] [/74, 44] [/74, 564] [/74, 802] [/55, 1081] [/74, 938] [/74, 284] [/74, 850] [/74, 165] [/74, 914] 
best_l after optimization: -265821.46875
beta sum per layer: [0.0, 0.0, 0.0, 2.1342720985412598]
alpha/beta optimization time: 0.5176866054534912
pruning_in_iteration open status: False
ratio of positive domain = 0 / 256 = 0.0
pruning-in-iteration extra time: 0.0001430511474609375
torch.Size([256, 1])
Time: prepare 0.0041    bound 0.5192    transfer 0.0047    finalize 0.0359    func 0.5640    
Accumulated time: func 152.7565    prepare 3.4375    bound 143.3597    transfer 1.5645    finalize 6.7277    
max lb tensor(-934.) min lb tensor(-1138.)
Number of Verified Splits: 0 of 256
Current worst splitting domains lb-rhs (depth):
-1138.00000 (220), -1138.00000 (90), -1138.00000 (118), -1138.00000 (199), -1138.00000 (232), -1138.00000 (11), -1138.00000 (167), -1138.00000 (71), -1138.00000 (209), -1138.00000 (112), -1138.00000 (162), -1138.00000 (29), -1138.00000 (177), -1138.00000 (190), -1138.00000 (130), -1138.00000 (90), -1138.00000 (137), -1138.00000 (104), -1138.00000 (177), -1138.00000 (232), 
Length of domains: 30248
Current (lb-rhs): -1138.0
60412 domains visited
Time: pickout 0.0271    decision 0.1893    set_bounds 0.0082    solve 0.5645    add 0.0467    
Accumulated time: pickout 5.2577    decision 59.3139    set_bounds 2.7005    solve 152.9062    add 16.7922    
Cumulative time: 237.37935423851013

BaB round 238
batch: 128
splitting decisions: 
split level 0: [/74, 114] [/74, 2] [/74, 891] [/74, 914] [/55, 1166] [/74, 44] [/74, 837] [/74, 204] [/74, 524] [/74, 608] 
best_l after optimization: -265821.4375
beta sum per layer: [0.0, 0.0, 0.0, 2.120175838470459]
alpha/beta optimization time: 0.5249271392822266
pruning_in_iteration open status: False
ratio of positive domain = 0 / 256 = 0.0
pruning-in-iteration extra time: 0.00012803077697753906
torch.Size([256, 1])
Time: prepare 0.0040    bound 0.5264    transfer 0.0049    finalize 0.0197    func 0.5550    
Accumulated time: func 153.3115    prepare 3.4443    bound 143.8861    transfer 1.5694    finalize 6.7473    
max lb tensor(-934.) min lb tensor(-1138.)
Number of Verified Splits: 0 of 256
Current worst splitting domains lb-rhs (depth):
-1138.00000 (192), -1138.00000 (56), -1138.00000 (137), -1138.00000 (162), -1138.00000 (9), -1138.00000 (192), -1138.00000 (169), -1138.00000 (121), -1138.00000 (92), -1138.00000 (55), -1138.00000 (149), -1138.00000 (224), -1138.00000 (177), -1138.00000 (212), -1138.00000 (32), -1138.00000 (93), -1138.00000 (92), -1138.00000 (55), -1138.00000 (121), -1138.00000 (19), 
Length of domains: 30376
Current (lb-rhs): -1138.0
60668 domains visited
Time: pickout 0.0268    decision 0.1855    set_bounds 0.0084    solve 0.5555    add 0.0457    
Accumulated time: pickout 5.2845    decision 59.4994    set_bounds 2.7089    solve 153.4617    add 16.8379    
Cumulative time: 238.20401310920715

BaB round 239
batch: 128
splitting decisions: 
split level 0: [/74, 242] [/74, 414] [/74, 151] [/74, 683] [/55, 1171] [/74, 2] [/74, 27] [/74, 987] [/74, 168] [/74, 989] 
best_l after optimization: -265821.1875
beta sum per layer: [0.0, 0.0, 0.0, 2.090096950531006]
alpha/beta optimization time: 0.6018743515014648
pruning_in_iteration open status: False
ratio of positive domain = 0 / 256 = 0.0
pruning-in-iteration extra time: 6.29425048828125e-05
torch.Size([256, 1])
Time: prepare 0.0036    bound 0.6033    transfer 0.0063    finalize 0.0362    func 0.6495    
Accumulated time: func 153.9609    prepare 3.4498    bound 144.4895    transfer 1.5756    finalize 6.7835    
max lb tensor(-934.) min lb tensor(-1138.)
Number of Verified Splits: 0 of 256
Current worst splitting domains lb-rhs (depth):
-1138.00000 (59), -1138.00000 (76), -1138.00000 (23), -1138.00000 (94), -1138.00000 (189), -1138.00000 (105), -1138.00000 (232), -1138.00000 (139), -1138.00000 (129), -1138.00000 (122), -1138.00000 (15), -1138.00000 (201), -1138.00000 (145), -1138.00000 (219), -1138.00000 (59), -1138.00000 (7), -1138.00000 (75), -1138.00000 (224), -1138.00000 (148), -1138.00000 (127), 
Length of domains: 30504
Current (lb-rhs): -1138.0
60924 domains visited
Time: pickout 0.0347    decision 0.2044    set_bounds 0.0080    solve 0.6500    add 0.0492    
Accumulated time: pickout 5.3192    decision 59.7038    set_bounds 2.7168    solve 154.1117    add 16.8871    
Cumulative time: 239.1512336730957

BaB round 240
batch: 128
splitting decisions: 
split level 0: [/74, 914] [/74, 110] [/74, 938] [/74, 5] [/55, 10] [/74, 110] [/74, 546] [/74, 68] [/74, 204] [/74, 284] 
best_l after optimization: -265821.0
beta sum per layer: [0.0, 0.0, 0.000841774744912982, 2.0893290042877197]
alpha/beta optimization time: 0.7328171730041504
pruning_in_iteration open status: False
ratio of positive domain = 0 / 256 = 0.0
pruning-in-iteration extra time: 0.00014829635620117188
torch.Size([256, 1])
Time: prepare 0.0072    bound 0.7343    transfer 0.0045    finalize 0.0231    func 0.7692    
Accumulated time: func 154.7301    prepare 3.4687    bound 145.2238    transfer 1.5801    finalize 6.8066    
max lb tensor(-934.) min lb tensor(-1138.)
Number of Verified Splits: 0 of 256
Current worst splitting domains lb-rhs (depth):
-1138.00000 (189), -1138.00000 (143), -1138.00000 (129), -1138.00000 (214), -1138.00000 (114), -1138.00000 (68), -1138.00000 (90), -1138.00000 (120), -1138.00000 (7), -1138.00000 (166), -1138.00000 (54), -1138.00000 (153), -1138.00000 (15), -1138.00000 (195), -1138.00000 (207), -1138.00000 (222), -1138.00000 (30), -1138.00000 (239), -1138.00000 (102), -1138.00000 (180), 
Length of domains: 30632
Current (lb-rhs): -1138.0
61180 domains visited
Time: pickout 0.0394    decision 0.3003    set_bounds 0.0104    solve 0.7696    add 0.0423    
Accumulated time: pickout 5.3586    decision 60.0041    set_bounds 2.7273    solve 154.8813    add 16.9294    
Cumulative time: 240.31590700149536

BaB round 241
batch: 128
splitting decisions: 
split level 0: [/74, 608] [/74, 856] [/74, 44] [/74, 284] [/55, 1371] [/74, 856] [/74, 857] [/74, 140] [/74, 987] [/74, 632] 
best_l after optimization: -265820.84375
beta sum per layer: [0.0, 0.0, 0.0, 2.0845744609832764]
alpha/beta optimization time: 0.7797107696533203
pruning_in_iteration open status: False
ratio of positive domain = 0 / 256 = 0.0
pruning-in-iteration extra time: 0.00015020370483398438
torch.Size([256, 1])
Time: prepare 0.0036    bound 0.7812    transfer 0.0053    finalize 0.0360    func 0.8261    
Accumulated time: func 155.5562    prepare 3.4771    bound 146.0050    transfer 1.5853    finalize 6.8427    
max lb tensor(-934.) min lb tensor(-1138.)
Number of Verified Splits: 0 of 256
Current worst splitting domains lb-rhs (depth):
-1138.00000 (59), -1138.00000 (79), -1138.00000 (179), -1138.00000 (211), -1138.00000 (124), -1138.00000 (15), -1138.00000 (141), -1138.00000 (225), -1138.00000 (7), -1138.00000 (93), -1138.00000 (188), -1138.00000 (133), -1138.00000 (220), -1138.00000 (47), -1138.00000 (59), -1138.00000 (203), -1138.00000 (28), -1138.00000 (233), -1138.00000 (105), -1138.00000 (35), 
Length of domains: 30760
Current (lb-rhs): -1138.0
61436 domains visited
Time: pickout 0.0360    decision 0.2794    set_bounds 0.0074    solve 0.8266    add 0.0470    
Accumulated time: pickout 5.3946    decision 60.2835    set_bounds 2.7347    solve 155.7079    add 16.9764    
Cumulative time: 241.51336121559143

BaB round 242
batch: 128
splitting decisions: 
split level 0: [/74, 816] [/74, 589] [/74, 110] [/74, 27] [/49, 5514] [/74, 848] [/74, 646] [/74, 958] [/74, 68] [/74, 837] 
best_l after optimization: -265820.71875
beta sum per layer: [0.0, 0.0, 0.09394048899412155, 2.684551477432251]
alpha/beta optimization time: 0.5584132671356201
pruning_in_iteration open status: False
ratio of positive domain = 0 / 256 = 0.0
pruning-in-iteration extra time: 0.00012111663818359375
torch.Size([256, 1])
Time: prepare 0.0047    bound 0.5599    transfer 0.0044    finalize 0.0183    func 0.5873    
Accumulated time: func 156.1435    prepare 3.4846    bound 146.5649    transfer 1.5898    finalize 6.8609    
max lb tensor(-934.) min lb tensor(-1138.)
Number of Verified Splits: 0 of 256
Current worst splitting domains lb-rhs (depth):
-1138.00000 (78), -1138.00000 (10), -1138.00000 (214), -1138.00000 (192), -1138.00000 (24), -1138.00000 (59), -1138.00000 (116), -1138.00000 (151), -1138.00000 (101), -1138.00000 (16), -1138.00000 (135), -1138.00000 (93), -1138.00000 (59), -1138.00000 (58), -1138.00000 (154), -1138.00000 (214), -1138.00000 (232), -1138.00000 (126), -1138.00000 (24), -1138.00000 (174), 
Length of domains: 30888
Current (lb-rhs): -1138.0
61692 domains visited
Time: pickout 0.0255    decision 0.3671    set_bounds 0.0158    solve 0.5878    add 0.0426    
Accumulated time: pickout 5.4201    decision 60.6506    set_bounds 2.7505    solve 156.2957    add 17.0191    
Cumulative time: 242.55498909950256

BaB round 243
batch: 128
splitting decisions: 
split level 0: [/74, 989] [/74, 231] [/74, 848] [/74, 857] [/49, 3486] [/74, 157] [/55, 64] [/74, 138] [/74, 982] [/74, 27] 
best_l after optimization: -265825.3125
beta sum per layer: [0.0, 0.0038297856226563454, 0.09149175137281418, 2.4187276363372803]
alpha/beta optimization time: 0.6147668361663818
pruning_in_iteration open status: False
ratio of positive domain = 0 / 256 = 0.0
pruning-in-iteration extra time: 3.7670135498046875e-05
torch.Size([256, 1])
Time: prepare 0.0042    bound 0.6162    transfer 0.0042    finalize 0.0369    func 0.6614    
Accumulated time: func 156.8050    prepare 3.5050    bound 147.1810    transfer 1.5940    finalize 6.8978    
max lb tensor(-934.) min lb tensor(-1138.)
Number of Verified Splits: 0 of 256
Current worst splitting domains lb-rhs (depth):
-1138.00000 (147), -1138.00000 (61), -1138.00000 (190), -1138.00000 (21), -1138.00000 (128), -1138.00000 (153), -1138.00000 (55), -1138.00000 (28), -1138.00000 (87), -1138.00000 (120), -1138.00000 (203), -1138.00000 (241), -1138.00000 (218), -1138.00000 (106), -1138.00000 (7), -1138.00000 (132), -1138.00000 (156), -1138.00000 (75), -1138.00000 (227), -1138.00000 (185), 
Length of domains: 31016
Current (lb-rhs): -1138.0
61948 domains visited
Time: pickout 0.0470    decision 0.3782    set_bounds 0.0112    solve 0.6620    add 0.0505    
Accumulated time: pickout 5.4671    decision 61.0289    set_bounds 2.7617    solve 156.9577    add 17.0696    
Cumulative time: 243.70495009422302

BaB round 244
batch: 128
splitting decisions: 
split level 0: [/74, 5] [/74, 604] [/74, 157] [/74, 460] [/55, 1168] [/74, 604] [/55, 1162] [/74, 398] [/74, 398] [/74, 646] 
best_l after optimization: -265824.375
beta sum per layer: [0.0, 0.007659571245312691, 0.10050706565380096, 2.3323657512664795]
alpha/beta optimization time: 0.5668506622314453
pruning_in_iteration open status: False
ratio of positive domain = 0 / 256 = 0.0
pruning-in-iteration extra time: 0.0024509429931640625
torch.Size([256, 1])
Time: prepare 0.0065    bound 0.5707    transfer 0.0063    finalize 0.0171    func 0.6007    
Accumulated time: func 157.4056    prepare 3.5208    bound 147.7518    transfer 1.6003    finalize 6.9149    
max lb tensor(-934.) min lb tensor(-1138.)
Number of Verified Splits: 0 of 256
Current worst splitting domains lb-rhs (depth):
-1138.00000 (33), -1138.00000 (70), -1138.00000 (80), -1138.00000 (108), -1138.00000 (20), -1138.00000 (94), -1138.00000 (132), -1138.00000 (7), -1138.00000 (127), -1138.00000 (187), -1138.00000 (43), -1138.00000 (28), -1138.00000 (210), -1138.00000 (219), -1138.00000 (158), -1138.00000 (160), -1138.00000 (150), -1138.00000 (53), -1138.00000 (152), -1138.00000 (71), 
Length of domains: 31144
Current (lb-rhs): -1138.0
62204 domains visited
Time: pickout 0.0324    decision 0.4553    set_bounds 0.0201    solve 0.6012    add 0.0405    
Accumulated time: pickout 5.4995    decision 61.4841    set_bounds 2.7817    solve 157.5588    add 17.1101    
Cumulative time: 244.8572518825531

BaB round 245
batch: 128
splitting decisions: 
split level 0: [/74, 632] [/74, 718] [/74, 365] [/74, 92] [/55, 1188] [/74, 114] [/74, 158] [/74, 550] [/74, 550] [/74, 460] 
best_l after optimization: -265823.9375
beta sum per layer: [0.0, 0.007659571245312691, 0.09623879194259644, 2.2823400497436523]
alpha/beta optimization time: 0.6775038242340088
pruning_in_iteration open status: False
ratio of positive domain = 0 / 256 = 0.0
pruning-in-iteration extra time: 6.198883056640625e-05
torch.Size([256, 1])
Time: prepare 0.0039    bound 0.6789    transfer 0.0048    finalize 0.0344    func 0.7220    
Accumulated time: func 158.1277    prepare 3.5408    bound 148.4307    transfer 1.6051    finalize 6.9493    
max lb tensor(-934.) min lb tensor(-1138.)
Number of Verified Splits: 0 of 256
Current worst splitting domains lb-rhs (depth):
-1138.00000 (157), -1138.00000 (67), -1138.00000 (67), -1138.00000 (201), -1138.00000 (67), -1138.00000 (130), -1138.00000 (241), -1138.00000 (201), -1138.00000 (68), -1138.00000 (201), -1138.00000 (68), -1138.00000 (200), -1138.00000 (68), -1138.00000 (200), -1138.00000 (69), -1138.00000 (130), -1138.00000 (200), -1138.00000 (202), -1138.00000 (131), -1138.00000 (240), 
Length of domains: 31272
Current (lb-rhs): -1138.0
62460 domains visited
Time: pickout 0.0344    decision 0.3599    set_bounds 0.0077    solve 0.7226    add 0.0479    
Accumulated time: pickout 5.5339    decision 61.8440    set_bounds 2.7894    solve 158.2814    add 17.1580    
Cumulative time: 246.03069686889648

BaB round 246
batch: 128
splitting decisions: 
split level 0: [/74, 144] [/74, 217] [/74, 217] [/55, 1365] [/55, 62] [/74, 242] [/55, 1189] [/74, 838] [/74, 564] [/74, 92] 
best_l after optimization: -265823.75
beta sum per layer: [0.0, 0.007659571245312691, 0.1025669276714325, 2.253866672515869]
alpha/beta optimization time: 0.8670237064361572
pruning_in_iteration open status: False
ratio of positive domain = 0 / 256 = 0.0
pruning-in-iteration extra time: 3.838539123535156e-05
torch.Size([256, 1])
Time: prepare 0.0141    bound 0.8686    transfer 0.0045    finalize 0.0230    func 0.9101    
Accumulated time: func 159.0378    prepare 3.5573    bound 149.2993    transfer 1.6095    finalize 6.9723    
max lb tensor(-934.) min lb tensor(-1138.)
Number of Verified Splits: 0 of 256
Current worst splitting domains lb-rhs (depth):
-1138.00000 (76), -1138.00000 (206), -1138.00000 (117), -1138.00000 (31), -1138.00000 (140), -1138.00000 (91), -1138.00000 (125), -1138.00000 (40), -1138.00000 (195), -1138.00000 (187), -1138.00000 (157), -1138.00000 (183), -1138.00000 (6), -1138.00000 (58), -1138.00000 (179), -1138.00000 (14), -1138.00000 (132), -1138.00000 (165), -1138.00000 (89), -1138.00000 (58), 
Length of domains: 31400
Current (lb-rhs): -1138.0
62716 domains visited
Time: pickout 0.0272    decision 0.3095    set_bounds 0.0165    solve 0.9106    add 0.0390    
Accumulated time: pickout 5.5610    decision 62.1535    set_bounds 2.8059    solve 159.1920    add 17.1971    
Cumulative time: 247.33629202842712

BaB round 247
batch: 128
splitting decisions: 
split level 0: [/74, 801] [/74, 242] [/74, 51] [/55, 974] [/55, 466] [/74, 887] [/55, 74] [/74, 564] [/74, 151] [/55, 237] 
best_l after optimization: -265823.625
beta sum per layer: [0.0, 0.007659571245312691, 0.09709879010915756, 2.2448973655700684]
alpha/beta optimization time: 0.909827709197998
pruning_in_iteration open status: False
ratio of positive domain = 0 / 256 = 0.0
pruning-in-iteration extra time: 0.0002493858337402344
torch.Size([256, 1])
Time: prepare 0.0054    bound 0.9115    transfer 0.0040    finalize 0.0400    func 0.9610    
Accumulated time: func 159.9988    prepare 3.5639    bound 150.2108    transfer 1.6135    finalize 7.0123    
max lb tensor(-934.) min lb tensor(-1138.)
Number of Verified Splits: 0 of 256
Current worst splitting domains lb-rhs (depth):
-1138.00000 (165), -1138.00000 (150), -1138.00000 (245), -1138.00000 (122), -1138.00000 (170), -1138.00000 (75), -1138.00000 (99), -1138.00000 (198), -1138.00000 (228), -1138.00000 (31), -1138.00000 (7), -1138.00000 (75), -1138.00000 (181), -1138.00000 (138), -1138.00000 (197), -1138.00000 (75), -1138.00000 (237), -1138.00000 (19), -1138.00000 (31), -1138.00000 (197), 
Length of domains: 31528
Current (lb-rhs): -1138.0
62972 domains visited
Time: pickout 0.0273    decision 0.1320    set_bounds 0.0045    solve 0.9615    add 0.0463    
Accumulated time: pickout 5.5884    decision 62.2855    set_bounds 2.8104    solve 160.1534    add 17.2433    
Cumulative time: 248.50881814956665

BaB round 248
batch: 128
splitting decisions: 
split level 0: [/74, 646] [/74, 802] [/74, 148] [/55, 876] [/55, 914] [/74, 802] [/74, 460] [/74, 708] [/74, 44] [/55, 249] 
best_l after optimization: -265823.375
beta sum per layer: [0.0, 0.007659571245312691, 0.09405878186225891, 2.230168104171753]
alpha/beta optimization time: 0.7806837558746338
pruning_in_iteration open status: False
ratio of positive domain = 0 / 256 = 0.0
pruning-in-iteration extra time: 0.00015091896057128906
torch.Size([256, 1])
Time: prepare 0.0037    bound 0.7821    transfer 0.0061    finalize 0.0423    func 0.8343    
Accumulated time: func 160.8330    prepare 3.5694    bound 150.9929    transfer 1.6196    finalize 7.0546    
max lb tensor(-934.) min lb tensor(-1138.)
Number of Verified Splits: 0 of 256
Current worst splitting domains lb-rhs (depth):
-1138.00000 (105), -1138.00000 (232), -1138.00000 (91), -1138.00000 (60), -1138.00000 (195), -1138.00000 (219), -1138.00000 (146), -1138.00000 (36), -1138.00000 (165), -1138.00000 (60), -1138.00000 (14), -1138.00000 (7), -1138.00000 (36), -1138.00000 (179), -1138.00000 (203), -1138.00000 (91), -1138.00000 (219), -1138.00000 (182), -1138.00000 (60), -1138.00000 (232), 
Length of domains: 31656
Current (lb-rhs): -1138.0
63228 domains visited
Time: pickout 0.0441    decision 0.1412    set_bounds 0.0045    solve 0.8348    add 0.0571    
Accumulated time: pickout 5.6325    decision 62.4267    set_bounds 2.8149    solve 160.9883    add 17.3004    
Cumulative time: 249.5916223526001

BaB round 249
batch: 128
splitting decisions: 
split level 0: [/74, 158] [/74, 914] [/74, 5] [/55, 39] [/55, 17] [/74, 683] [/55, 123] [/74, 151] [/74, 2] [/55, 1159] 
best_l after optimization: -265823.3125
beta sum per layer: [0.0, 0.008341113105416298, 0.4208335876464844, 2.8758208751678467]
alpha/beta optimization time: 0.36571216583251953
pruning_in_iteration open status: False
ratio of positive domain = 0 / 256 = 0.0
pruning-in-iteration extra time: 4.291534423828125e-05
torch.Size([256, 1])
Time: prepare 0.0045    bound 0.3672    transfer 0.0048    finalize 0.0428    func 0.4194    
Accumulated time: func 161.2524    prepare 3.5831    bound 151.3601    transfer 1.6244    finalize 7.0974    
max lb tensor(-934.) min lb tensor(-1138.)
Number of Verified Splits: 0 of 256
Current worst splitting domains lb-rhs (depth):
-1138.00000 (127), -1138.00000 (127), -1138.00000 (50), -1138.00000 (247), -1138.00000 (163), -1138.00000 (180), -1138.00000 (73), -1138.00000 (127), -1138.00000 (201), -1138.00000 (217), -1138.00000 (50), -1138.00000 (103), -1138.00000 (72), -1138.00000 (50), -1138.00000 (103), -1138.00000 (163), -1138.00000 (25), -1138.00000 (243), -1138.00000 (180), -1138.00000 (103), 
Length of domains: 31784
Current (lb-rhs): -1138.0
63484 domains visited
Time: pickout 0.0497    decision 0.2788    set_bounds 0.0050    solve 0.4199    add 0.0555    
Accumulated time: pickout 5.6822    decision 62.7055    set_bounds 2.8198    solve 161.4081    add 17.3559    
Cumulative time: 250.40167570114136

BaB round 250
batch: 128
splitting decisions: 
split level 0: [/74, 463] [/74, 608] [/74, 284] [/55, 473] [/55, 472] [/74, 5] [/55, 474] [/74, 938] [/74, 414] [/55, 515] 
best_l after optimization: -265832.0
beta sum per layer: [0.0, 0.013813460245728493, 0.45466798543930054, 2.6341099739074707]
alpha/beta optimization time: 0.6588127613067627
pruning_in_iteration open status: False
ratio of positive domain = 0 / 256 = 0.0
pruning-in-iteration extra time: 0.00034809112548828125
torch.Size([256, 1])
Time: prepare 0.0129    bound 0.6606    transfer 0.0047    finalize 0.0292    func 0.7075    
Accumulated time: func 161.9599    prepare 3.5974    bound 152.0207    transfer 1.6291    finalize 7.1266    
max lb tensor(-934.) min lb tensor(-1138.)
Number of Verified Splits: 0 of 256
Current worst splitting domains lb-rhs (depth):
-1138.00000 (142), -1138.00000 (154), -1138.00000 (232), -1138.00000 (129), -1138.00000 (39), -1138.00000 (78), -1138.00000 (106), -1138.00000 (25), -1138.00000 (66), -1138.00000 (131), -1138.00000 (172), -1138.00000 (212), -1138.00000 (110), -1138.00000 (78), -1138.00000 (122), -1138.00000 (201), -1138.00000 (50), -1138.00000 (94), -1138.00000 (40), -1138.00000 (119), 
Length of domains: 31912
Current (lb-rhs): -1138.0
63740 domains visited
Time: pickout 0.0307    decision 0.2474    set_bounds 0.0087    solve 0.7080    add 0.0461    
Accumulated time: pickout 5.7129    decision 62.9529    set_bounds 2.8286    solve 162.1161    add 17.4021    
Cumulative time: 251.44376611709595

BaB round 251
batch: 128
splitting decisions: 
split level 0: [/74, 460] [/74, 683] [/74, 837] [/55, 944] [/49, 2110] [/74, 284] [/74, 1013] [/74, 681] [/74, 856] [/55, 938] 
best_l after optimization: -265830.8125
beta sum per layer: [0.0, 0.014475665055215359, 0.4485650658607483, 2.5248327255249023]
alpha/beta optimization time: 0.7671468257904053
pruning_in_iteration open status: False
ratio of positive domain = 0 / 256 = 0.0
pruning-in-iteration extra time: 0.00015807151794433594
torch.Size([256, 1])
Time: prepare 0.0039    bound 0.7686    transfer 0.0041    finalize 0.0177    func 0.7944    
Accumulated time: func 162.7542    prepare 3.6077    bound 152.7894    transfer 1.6332    finalize 7.1442    
max lb tensor(-934.) min lb tensor(-1138.)
Number of Verified Splits: 0 of 256
Current worst splitting domains lb-rhs (depth):
-1138.00000 (26), -1138.00000 (170), -1138.00000 (27), -1138.00000 (8), -1138.00000 (235), -1138.00000 (121), -1138.00000 (194), -1138.00000 (56), -1138.00000 (202), -1138.00000 (248), -1138.00000 (86), -1138.00000 (154), -1138.00000 (169), -1138.00000 (142), -1138.00000 (215), -1138.00000 (120), -1138.00000 (121), -1138.00000 (236), -1138.00000 (121), -1138.00000 (26), 
Length of domains: 32040
Current (lb-rhs): -1138.0
63996 domains visited
Time: pickout 0.0398    decision 0.2930    set_bounds 0.0077    solve 0.7948    add 0.0441    
Accumulated time: pickout 5.7527    decision 63.2459    set_bounds 2.8363    solve 162.9109    add 17.4461    
Cumulative time: 252.6259799003601

BaB round 252
batch: 128
splitting decisions: 
split level 0: [/74, 1013] [/74, 284] [/74, 27] [/55, 937] [/49, 4671] [/74, 837] [/55, 1086] [/74, 157] [/74, 589] [/55, 935] 
best_l after optimization: -265830.5
beta sum per layer: [0.0, 0.014475665055215359, 0.4175757169723511, 2.5409905910491943]
alpha/beta optimization time: 0.76173996925354
pruning_in_iteration open status: False
ratio of positive domain = 0 / 256 = 0.0
pruning-in-iteration extra time: 0.00014853477478027344
torch.Size([256, 1])
Time: prepare 0.0039    bound 0.7633    transfer 0.0043    finalize 0.0353    func 0.8068    
Accumulated time: func 163.5610    prepare 3.6305    bound 153.5527    transfer 1.6374    finalize 7.1795    
max lb tensor(-934.) min lb tensor(-1138.)
Number of Verified Splits: 0 of 256
Current worst splitting domains lb-rhs (depth):
-1138.00000 (26), -1138.00000 (120), -1138.00000 (219), -1138.00000 (249), -1138.00000 (169), -1138.00000 (10), -1138.00000 (192), -1138.00000 (120), -1138.00000 (68), -1138.00000 (68), -1138.00000 (219), -1138.00000 (67), -1138.00000 (149), -1138.00000 (121), -1138.00000 (157), -1138.00000 (191), -1138.00000 (67), -1138.00000 (119), -1138.00000 (192), -1138.00000 (69), 
Length of domains: 32168
Current (lb-rhs): -1138.0
64252 domains visited
Time: pickout 0.0483    decision 0.3603    set_bounds 0.0078    solve 0.8072    add 0.0523    
Accumulated time: pickout 5.8010    decision 63.6062    set_bounds 2.8441    solve 163.7181    add 17.4984    
Cumulative time: 253.90288734436035

BaB round 253
batch: 128
splitting decisions: 
split level 0: [/55, 9] [/74, 632] [/74, 144] [/49, 3663] [/49, 9571] [/74, 27] [/55, 517] [/74, 604] [/74, 681] [/55, 239] 
best_l after optimization: -265830.0625
beta sum per layer: [0.0, 0.02573242224752903, 0.8665930032730103, 3.136033773422241]
alpha/beta optimization time: 0.758892297744751
pruning_in_iteration open status: False
ratio of positive domain = 0 / 256 = 0.0
pruning-in-iteration extra time: 0.00014853477478027344
torch.Size([256, 1])
Time: prepare 0.0040    bound 0.7604    transfer 0.0037    finalize 0.0208    func 0.7889    
Accumulated time: func 164.3499    prepare 3.6475    bound 154.3131    transfer 1.6411    finalize 7.2003    
max lb tensor(-934.) min lb tensor(-1138.)
Number of Verified Splits: 0 of 256
Current worst splitting domains lb-rhs (depth):
-1138.00000 (11), -1138.00000 (227), -1138.00000 (82), -1138.00000 (117), -1138.00000 (199), -1138.00000 (174), -1138.00000 (41), -1138.00000 (82), -1138.00000 (162), -1138.00000 (199), -1138.00000 (82), -1138.00000 (198), -1138.00000 (26), -1138.00000 (55), -1138.00000 (248), -1138.00000 (116), -1138.00000 (228), -1138.00000 (40), -1138.00000 (81), -1138.00000 (41), 
Length of domains: 32296
Current (lb-rhs): -1138.0
64508 domains visited
Time: pickout 0.0413    decision 0.3254    set_bounds 0.0045    solve 0.7893    add 0.0416    
Accumulated time: pickout 5.8423    decision 63.9316    set_bounds 2.8485    solve 164.5075    add 17.5400    
Cumulative time: 255.10790085792542

BaB round 254
batch: 128
splitting decisions: 
split level 0: [/55, 1266] [/74, 27] [/74, 546] [/49, 5546] [/49, 3629] [/74, 857] [/55, 699] [/74, 330] [/74, 157] [/55, 931] 
best_l after optimization: -265835.71875
beta sum per layer: [0.0, 0.026340430602431297, 0.7846317291259766, 2.6929116249084473]
alpha/beta optimization time: 0.7463743686676025
pruning_in_iteration open status: False
ratio of positive domain = 0 / 256 = 0.0
pruning-in-iteration extra time: 0.002399444580078125
torch.Size([256, 1])
Time: prepare 0.0039    bound 0.7501    transfer 0.0061    finalize 0.0350    func 0.7950    
Accumulated time: func 165.1449    prepare 3.6642    bound 155.0632    transfer 1.6472    finalize 7.2353    
max lb tensor(-934.) min lb tensor(-1138.)
Number of Verified Splits: 0 of 256
Current worst splitting domains lb-rhs (depth):
-1138.00000 (156), -1138.00000 (43), -1138.00000 (77), -1138.00000 (226), -1138.00000 (251), -1138.00000 (101), -1138.00000 (204), -1138.00000 (10), -1138.00000 (130), -1138.00000 (155), -1138.00000 (26), -1138.00000 (234), -1138.00000 (101), -1138.00000 (77), -1138.00000 (189), -1138.00000 (58), -1138.00000 (175), -1138.00000 (130), -1138.00000 (243), -1138.00000 (131), 
Length of domains: 32424
Current (lb-rhs): -1138.0
64764 domains visited
Time: pickout 0.0358    decision 0.3716    set_bounds 0.0045    solve 0.7956    add 0.0473    
Accumulated time: pickout 5.8781    decision 64.3032    set_bounds 2.8530    solve 165.3030    add 17.5873    
Cumulative time: 256.36372113227844

BaB round 255
batch: 128
splitting decisions: 
split level 0: [/55, 941] [/74, 801] [/74, 158] [/55, 927] [/49, 6190] [/74, 158] [/55, 71] [/74, 718] [/74, 231] [/55, 747] 
best_l after optimization: -265835.15625
beta sum per layer: [0.0, 0.032923225313425064, 0.7763702869415283, 2.6185312271118164]
alpha/beta optimization time: 0.5454835891723633
pruning_in_iteration open status: False
ratio of positive domain = 0 / 256 = 0.0
pruning-in-iteration extra time: 0.002412557601928711
torch.Size([256, 1])
Time: prepare 0.0153    bound 0.5493    transfer 0.0065    finalize 0.0179    func 0.5891    
Accumulated time: func 165.7340    prepare 3.6815    bound 155.6125    transfer 1.6537    finalize 7.2532    
max lb tensor(-934.) min lb tensor(-1138.)
Number of Verified Splits: 0 of 256
Current worst splitting domains lb-rhs (depth):
-1138.00000 (134), -1138.00000 (223), -1138.00000 (238), -1138.00000 (173), -1138.00000 (49), -1138.00000 (29), -1138.00000 (121), -1138.00000 (99), -1138.00000 (214), -1138.00000 (205), -1138.00000 (183), -1138.00000 (155), -1138.00000 (83), -1138.00000 (63), -1138.00000 (180), -1138.00000 (10), -1138.00000 (71), -1138.00000 (195), -1138.00000 (112), -1138.00000 (11), 
Length of domains: 32552
Current (lb-rhs): -1138.0
65020 domains visited
Time: pickout 0.0266    decision 0.4017    set_bounds 0.0167    solve 0.5896    add 0.0413    
Accumulated time: pickout 5.9047    decision 64.7049    set_bounds 2.8697    solve 165.8926    add 17.6286    
Cumulative time: 257.4424192905426

BaB round 256
batch: 128
splitting decisions: 
split level 0: [/55, 446] [/74, 460] [/74, 92] [/55, 1369] [/55, 928] [/74, 92] [/55, 506] [/74, 242] [/74, 604] [/55, 928] 
best_l after optimization: -265834.4375
beta sum per layer: [0.0, 0.03330324590206146, 0.7799447774887085, 2.5476722717285156]
alpha/beta optimization time: 0.5842416286468506
pruning_in_iteration open status: False
ratio of positive domain = 0 / 256 = 0.0
pruning-in-iteration extra time: 0.002193927764892578
torch.Size([256, 1])
Time: prepare 0.0151    bound 0.5880    transfer 0.0062    finalize 0.0358    func 0.6452    
Accumulated time: func 166.3792    prepare 3.7122    bound 156.2005    transfer 1.6599    finalize 7.2889    
max lb tensor(-934.) min lb tensor(-1138.)
Number of Verified Splits: 0 of 256
Current worst splitting domains lb-rhs (depth):
-1138.00000 (255), -1138.00000 (47), -1138.00000 (214), -1138.00000 (101), -1138.00000 (201), -1138.00000 (133), -1138.00000 (123), -1138.00000 (7), -1138.00000 (75), -1138.00000 (59), -1138.00000 (110), -1138.00000 (13), -1138.00000 (85), -1138.00000 (189), -1138.00000 (172), -1138.00000 (247), -1138.00000 (234), -1138.00000 (22), -1138.00000 (194), -1138.00000 (228), 
Length of domains: 32680
Current (lb-rhs): -1138.0
65276 domains visited
Time: pickout 0.0446    decision 0.4341    set_bounds 0.0085    solve 0.6457    add 0.0496    
Accumulated time: pickout 5.9493    decision 65.1391    set_bounds 2.8783    solve 166.5383    add 17.6782    
Cumulative time: 258.6260027885437

BaB round 257
batch: 128
splitting decisions: 
split level 0: [/55, 42] [/74, 92] [/55, 237] [/55, 523] [/55, 744] [/74, 1013] [/55, 636] [/74, 148] [/74, 330] [/55, 128] 
best_l after optimization: -265834.4375
beta sum per layer: [0.0, 0.03723900020122528, 0.7786028385162354, 2.523311138153076]
alpha/beta optimization time: 0.5056400299072266
pruning_in_iteration open status: False
ratio of positive domain = 0 / 256 = 0.0
pruning-in-iteration extra time: 3.5762786865234375e-05
torch.Size([256, 1])
Time: prepare 0.0152    bound 0.5071    transfer 0.0045    finalize 0.0191    func 0.5460    
Accumulated time: func 166.9252    prepare 3.7367    bound 156.7076    transfer 1.6644    finalize 7.3080    
max lb tensor(-934.) min lb tensor(-1138.)
Number of Verified Splits: 0 of 256
Current worst splitting domains lb-rhs (depth):
-1138.00000 (233), -1138.00000 (189), -1138.00000 (166), -1138.00000 (102), -1138.00000 (233), -1138.00000 (53), -1138.00000 (77), -1138.00000 (38), -1138.00000 (189), -1138.00000 (101), -1138.00000 (135), -1138.00000 (150), -1138.00000 (152), -1138.00000 (223), -1138.00000 (7), -1138.00000 (206), -1138.00000 (206), -1138.00000 (78), -1138.00000 (39), -1138.00000 (101), 
Length of domains: 32808
Current (lb-rhs): -1138.0
65532 domains visited
Time: pickout 0.0399    decision 0.4371    set_bounds 0.0157    solve 0.5465    add 6.5766    
Accumulated time: pickout 5.9892    decision 65.5761    set_bounds 2.8940    solve 167.0848    add 24.2548    
Cumulative time: 266.24287033081055

BaB round 258
batch: 128
splitting decisions: 
split level 0: [/55, 472] [/74, 1013] [/55, 61] [/55, 455] [/55, 233] [/55, 936] [/55, 974] [/74, 887] [/74, 718] [/55, 1238] 
best_l after optimization: -265834.28125
beta sum per layer: [0.0, 0.0971042662858963, 1.5504224300384521, 3.0084214210510254]
alpha/beta optimization time: 0.6788885593414307
pruning_in_iteration open status: False
ratio of positive domain = 0 / 256 = 0.0
pruning-in-iteration extra time: 3.6716461181640625e-05
torch.Size([256, 1])
Time: prepare 0.0042    bound 0.6803    transfer 0.0042    finalize 0.0204    func 0.7091    
Accumulated time: func 167.6343    prepare 3.7744    bound 157.3879    transfer 1.6686    finalize 7.3284    
max lb tensor(-934.) min lb tensor(-1138.)
Number of Verified Splits: 0 of 256
Current worst splitting domains lb-rhs (depth):
-1138.00000 (197), -1138.00000 (162), -1138.00000 (122), -1138.00000 (42), -1138.00000 (74), -1138.00000 (138), -1138.00000 (29), -1138.00000 (10), -1138.00000 (188), -1138.00000 (20), -1138.00000 (207), -1138.00000 (103), -1138.00000 (238), -1138.00000 (64), -1138.00000 (121), -1138.00000 (149), -1138.00000 (162), -1138.00000 (103), -1138.00000 (250), -1138.00000 (255), 
Length of domains: 32936
Current (lb-rhs): -1138.0
65788 domains visited
Time: pickout 0.0394    decision 0.5258    set_bounds 0.0077    solve 0.7096    add 0.0423    
Accumulated time: pickout 6.0285    decision 66.1019    set_bounds 2.9017    solve 167.7944    add 24.2971    
Cumulative time: 267.570552110672

BaB round 259
batch: 128
splitting decisions: 
split level 0: [/55, 120] [/55, 25] [/55, 1360] [/55, 900] [/55, 120] [/55, 940] [/55, 1319] [/74, 914] [/74, 217] [/55, 1335] 
best_l after optimization: -265846.0
beta sum per layer: [0.0, 0.09790676832199097, 1.4464308023452759, 2.873206615447998]
alpha/beta optimization time: 0.8994488716125488
pruning_in_iteration open status: False
ratio of positive domain = 0 / 256 = 0.0
pruning-in-iteration extra time: 0.002409696578979492
torch.Size([256, 1])
Time: prepare 0.0042    bound 0.9032    transfer 0.0065    finalize 0.0384    func 0.9523    
Accumulated time: func 168.5865    prepare 3.7797    bound 158.2911    transfer 1.6751    finalize 7.3668    
max lb tensor(-934.) min lb tensor(-1138.)
Number of Verified Splits: 0 of 256
Current worst splitting domains lb-rhs (depth):
-1138.00000 (8), -1138.00000 (243), -1138.00000 (76), -1138.00000 (132), -1138.00000 (27), -1138.00000 (169), -1138.00000 (109), -1138.00000 (67), -1138.00000 (54), -1138.00000 (243), -1138.00000 (62), -1138.00000 (199), -1138.00000 (103), -1138.00000 (27), -1138.00000 (133), -1138.00000 (85), -1138.00000 (209), -1138.00000 (169), -1138.00000 (224), -1138.00000 (27), 
Length of domains: 33064
Current (lb-rhs): -1138.0
66044 domains visited
Time: pickout 0.0281    decision 0.1317    set_bounds 0.0045    solve 0.9527    add 0.0478    
Accumulated time: pickout 6.0567    decision 66.2336    set_bounds 2.9063    solve 168.7471    add 24.3449    
Cumulative time: 268.73652243614197

BaB round 260
batch: 128
splitting decisions: 
split level 0: [/55, 34] [/55, 467] [/55, 73] [/55, 226] [/55, 56] [/55, 44] [/55, 502] [/74, 989] [/74, 242] [/55, 942] 
best_l after optimization: -265845.78125
beta sum per layer: [0.0, 0.09636221826076508, 1.4825693368911743, 2.817049980163574]
alpha/beta optimization time: 0.7702558040618896
pruning_in_iteration open status: False
ratio of positive domain = 0 / 256 = 0.0
pruning-in-iteration extra time: 0.0001544952392578125
torch.Size([256, 1])
Time: prepare 0.0043    bound 0.7717    transfer 0.0038    finalize 0.0181    func 0.7981    
Accumulated time: func 169.3846    prepare 3.7890    bound 159.0628    transfer 1.6789    finalize 7.3849    
max lb tensor(-934.) min lb tensor(-1138.)
Number of Verified Splits: 0 of 256
Current worst splitting domains lb-rhs (depth):
-1138.00000 (142), -1138.00000 (187), -1138.00000 (123), -1138.00000 (46), -1138.00000 (72), -1138.00000 (252), -1138.00000 (46), -1138.00000 (22), -1138.00000 (248), -1138.00000 (122), -1138.00000 (161), -1138.00000 (14), -1138.00000 (95), -1138.00000 (239), -1138.00000 (56), -1138.00000 (238), -1138.00000 (199), -1138.00000 (213), -1138.00000 (225), -1138.00000 (229), 
Length of domains: 33192
Current (lb-rhs): -1138.0
66300 domains visited
Time: pickout 0.0489    decision 0.1772    set_bounds 0.0046    solve 0.7985    add 0.0397    
Accumulated time: pickout 6.1056    decision 66.4108    set_bounds 2.9109    solve 169.5456    add 24.3846    
Cumulative time: 269.8085501194

BaB round 261
batch: 128
splitting decisions: 
split level 0: [/55, 456] [/55, 44] [/55, 1413] [/55, 233] [/55, 1361] [/55, 929] [/55, 641] [/74, 5] [/74, 148] [/49, 7338] 
best_l after optimization: -265845.375
beta sum per layer: [0.0, 0.09321178495883942, 1.482940435409546, 2.758946418762207]
alpha/beta optimization time: 0.6995048522949219
pruning_in_iteration open status: False
ratio of positive domain = 0 / 256 = 0.0
pruning-in-iteration extra time: 3.743171691894531e-05
torch.Size([256, 1])
Time: prepare 0.0041    bound 0.7011    transfer 0.0048    finalize 0.0385    func 0.7485    
Accumulated time: func 170.1331    prepare 3.7977    bound 159.7639    transfer 1.6837    finalize 7.4234    
max lb tensor(-934.) min lb tensor(-1138.)
Number of Verified Splits: 0 of 256
Current worst splitting domains lb-rhs (depth):
-1138.00000 (175), -1138.00000 (212), -1138.00000 (245), -1138.00000 (109), -1138.00000 (134), -1138.00000 (7), -1138.00000 (39), -1138.00000 (114), -1138.00000 (101), -1138.00000 (98), -1138.00000 (121), -1138.00000 (28), -1138.00000 (181), -1138.00000 (200), -1138.00000 (232), -1138.00000 (13), -1138.00000 (18), -1138.00000 (86), -1138.00000 (165), -1138.00000 (242), 
Length of domains: 33320
Current (lb-rhs): -1138.0
66556 domains visited
Time: pickout 0.0364    decision 0.3356    set_bounds 0.0045    solve 0.7490    add 0.0486    
Accumulated time: pickout 6.1420    decision 66.7464    set_bounds 2.9154    solve 170.2946    add 24.4332    
Cumulative time: 270.98377537727356

BaB round 262
batch: 128
splitting decisions: 
split level 0: [/55, 452] [/55, 1284] [/55, 731] [/55, 227] [/55, 944] [/55, 515] [/55, 61] [/74, 837] [/74, 887] [/55, 226] 
best_l after optimization: -265845.15625
beta sum per layer: [0.0, 0.11882927268743515, 2.262279510498047, 3.1856417655944824]
alpha/beta optimization time: 0.6522183418273926
pruning_in_iteration open status: False
ratio of positive domain = 0 / 256 = 0.0
pruning-in-iteration extra time: 4.3392181396484375e-05
torch.Size([256, 1])
Time: prepare 0.0042    bound 0.6537    transfer 0.0045    finalize 0.0203    func 0.6826    
Accumulated time: func 170.8157    prepare 3.8050    bound 160.4176    transfer 1.6881    finalize 7.4437    
max lb tensor(-934.) min lb tensor(-1138.)
Number of Verified Splits: 0 of 256
Current worst splitting domains lb-rhs (depth):
-1138.00000 (177), -1138.00000 (190), -1138.00000 (116), -1138.00000 (72), -1138.00000 (39), -1138.00000 (143), -1138.00000 (227), -1138.00000 (167), -1138.00000 (204), -1138.00000 (72), -1138.00000 (116), -1138.00000 (21), -1138.00000 (73), -1138.00000 (182), -1138.00000 (10), -1138.00000 (115), -1138.00000 (244), -1138.00000 (73), -1138.00000 (204), -1138.00000 (227), 
Length of domains: 33448
Current (lb-rhs): -1138.0
66812 domains visited
Time: pickout 0.0469    decision 0.3621    set_bounds 0.0078    solve 0.6831    add 0.0451    
Accumulated time: pickout 6.1889    decision 67.1085    set_bounds 2.9232    solve 170.9777    add 24.4783    
Cumulative time: 272.1320471763611

BaB round 263
batch: 128
splitting decisions: 
split level 0: [/55, 574] [/55, 886] [/55, 70] [/55, 46] [/55, 927] [/55, 234] [/55, 112] [/74, 144] [/74, 802] [/55, 49] 
best_l after optimization: -265853.75
beta sum per layer: [0.0, 0.11333823949098587, 2.1124162673950195, 2.9829318523406982]
alpha/beta optimization time: 0.5423634052276611
pruning_in_iteration open status: False
ratio of positive domain = 0 / 256 = 0.0
pruning-in-iteration extra time: 0.0002987384796142578
torch.Size([256, 1])
Time: prepare 0.0042    bound 0.5440    transfer 0.0042    finalize 0.0407    func 0.5932    
Accumulated time: func 171.4089    prepare 3.8265    bound 160.9616    transfer 1.6923    finalize 7.4844    
max lb tensor(-934.) min lb tensor(-1138.)
Number of Verified Splits: 0 of 256
Current worst splitting domains lb-rhs (depth):
-1138.00000 (207), -1138.00000 (187), -1138.00000 (145), -1138.00000 (148), -1138.00000 (14), -1138.00000 (198), -1138.00000 (209), -1138.00000 (28), -1138.00000 (233), -1138.00000 (189), -1138.00000 (172), -1138.00000 (251), -1138.00000 (75), -1138.00000 (54), -1138.00000 (261), -1138.00000 (147), -1138.00000 (104), -1138.00000 (223), -1138.00000 (175), -1138.00000 (52), 
Length of domains: 33576
Current (lb-rhs): -1138.0
67068 domains visited
Time: pickout 0.0429    decision 0.4473    set_bounds 0.0046    solve 0.5937    add 0.0502    
Accumulated time: pickout 6.2318    decision 67.5558    set_bounds 2.9278    solve 171.5715    add 24.5285    
Cumulative time: 273.271776676178

BaB round 264
batch: 128
splitting decisions: 
split level 0: [/55, 1362] [/55, 1082] [/55, 670] [/55, 1174] [/49, 6478] [/55, 11] [/55, 1292] [/74, 546] [/74, 914] [/49, 3620] 
best_l after optimization: -265853.0
beta sum per layer: [0.0, 0.12302885949611664, 2.0719704627990723, 2.8897504806518555]
alpha/beta optimization time: 0.6788825988769531
pruning_in_iteration open status: False
ratio of positive domain = 0 / 256 = 0.0
pruning-in-iteration extra time: 3.719329833984375e-05
torch.Size([256, 1])
Time: prepare 0.0044    bound 0.6803    transfer 0.0045    finalize 0.0201    func 0.7093    
Accumulated time: func 172.1182    prepare 3.8378    bound 161.6419    transfer 1.6969    finalize 7.5044    
max lb tensor(-934.) min lb tensor(-1138.)
Number of Verified Splits: 0 of 256
Current worst splitting domains lb-rhs (depth):
-1138.00000 (196), -1138.00000 (165), -1138.00000 (135), -1138.00000 (126), -1138.00000 (222), -1138.00000 (144), -1138.00000 (41), -1138.00000 (235), -1138.00000 (150), -1138.00000 (103), -1138.00000 (85), -1138.00000 (183), -1138.00000 (154), -1138.00000 (160), -1138.00000 (245), -1138.00000 (61), -1138.00000 (61), -1138.00000 (41), -1138.00000 (103), -1138.00000 (8), 
Length of domains: 33704
Current (lb-rhs): -1138.0
67324 domains visited
Time: pickout 0.0389    decision 0.2208    set_bounds 0.0045    solve 0.7098    add 0.0453    
Accumulated time: pickout 6.2707    decision 67.7767    set_bounds 2.9323    solve 172.2813    add 24.5738    
Cumulative time: 274.2945005893707

BaB round 265
batch: 128
splitting decisions: 
split level 0: [/55, 557] [/55, 1118] [/55, 1530] [/55, 928] [/55, 517] [/55, 62] [/55, 1457] [/74, 857] [/74, 608] [/55, 516] 
best_l after optimization: -265852.53125
beta sum per layer: [0.0, 0.11791011691093445, 2.9429712295532227, 3.1743831634521484]
alpha/beta optimization time: 0.9106192588806152
pruning_in_iteration open status: False
ratio of positive domain = 0 / 256 = 0.0
pruning-in-iteration extra time: 4.744529724121094e-05
torch.Size([256, 1])
Time: prepare 0.0127    bound 0.9122    transfer 0.0069    finalize 0.0423    func 0.9742    
Accumulated time: func 173.0924    prepare 3.8587    bound 162.5541    transfer 1.7037    finalize 7.5467    
max lb tensor(-934.) min lb tensor(-1138.)
Number of Verified Splits: 0 of 256
Current worst splitting domains lb-rhs (depth):
-1138.00000 (38), -1138.00000 (148), -1138.00000 (34), -1138.00000 (121), -1138.00000 (222), -1138.00000 (175), -1138.00000 (16), -1138.00000 (143), -1138.00000 (229), -1138.00000 (205), -1138.00000 (83), -1138.00000 (46), -1138.00000 (56), -1138.00000 (7), -1138.00000 (25), -1138.00000 (50), -1138.00000 (160), -1138.00000 (123), -1138.00000 (101), -1138.00000 (166), 
Length of domains: 33832
Current (lb-rhs): -1138.0
67580 domains visited
Time: pickout 0.0287    decision 0.2958    set_bounds 0.0124    solve 0.9747    add 0.0468    
Accumulated time: pickout 6.2994    decision 68.0725    set_bounds 2.9447    solve 173.2559    add 24.6206    
Cumulative time: 275.653920173645

BaB round 266
batch: 128
splitting decisions: 
split level 0: [/55, 625] [/55, 86] [/55, 1226] [/55, 743] [/55, 551] [/55, 974] [/55, 1096] [/74, 92] [/74, 683] [/55, 124] 
best_l after optimization: -265861.5
beta sum per layer: [0.0, 0.13816580176353455, 2.7488181591033936, 3.1406009197235107]
alpha/beta optimization time: 0.35486865043640137
pruning_in_iteration open status: False
ratio of positive domain = 0 / 256 = 0.0
pruning-in-iteration extra time: 3.647804260253906e-05
torch.Size([256, 1])
Time: prepare 0.0043    bound 0.3562    transfer 0.0063    finalize 0.0280    func 0.3948    
Accumulated time: func 173.4872    prepare 3.8641    bound 162.9103    transfer 1.7100    finalize 7.5747    
max lb tensor(-934.) min lb tensor(-1138.)
Number of Verified Splits: 0 of 256
Current worst splitting domains lb-rhs (depth):
-1138.00000 (86), -1138.00000 (149), -1138.00000 (201), -1138.00000 (45), -1138.00000 (166), -1138.00000 (27), -1138.00000 (119), -1138.00000 (129), -1138.00000 (260), -1138.00000 (149), -1138.00000 (206), -1138.00000 (182), -1138.00000 (32), -1138.00000 (16), -1138.00000 (214), -1138.00000 (219), -1138.00000 (94), -1138.00000 (165), -1138.00000 (190), -1138.00000 (120), 
Length of domains: 33960
Current (lb-rhs): -1138.0
67836 domains visited
Time: pickout 0.0295    decision 0.1309    set_bounds 0.0077    solve 0.3954    add 0.0534    
Accumulated time: pickout 6.3288    decision 68.2033    set_bounds 2.9523    solve 173.6513    add 24.6740    
Cumulative time: 276.2740523815155

BaB round 267
batch: 128
splitting decisions: 
split level 0: [/55, 565] [/55, 463] [/55, 940] [/55, 744] [/55, 1154] [/49, 3618] [/55, 1156] [/55, 230] [/74, 5] [/55, 1427] 
best_l after optimization: -265860.5
beta sum per layer: [0.0, 0.13979580998420715, 2.7295379638671875, 3.0334644317626953]
alpha/beta optimization time: 0.3615117073059082
pruning_in_iteration open status: False
ratio of positive domain = 0 / 256 = 0.0
pruning-in-iteration extra time: 3.7670135498046875e-05
torch.Size([256, 1])
Time: prepare 0.0044    bound 0.3628    transfer 0.0057    finalize 0.0471    func 0.4201    
Accumulated time: func 173.9073    prepare 3.8696    bound 163.2731    transfer 1.7157    finalize 7.6219    
max lb tensor(-934.) min lb tensor(-1138.)
Number of Verified Splits: 0 of 256
Current worst splitting domains lb-rhs (depth):
-1138.00000 (73), -1138.00000 (93), -1138.00000 (73), -1138.00000 (160), -1138.00000 (162), -1138.00000 (205), -1138.00000 (129), -1138.00000 (219), -1138.00000 (150), -1138.00000 (93), -1138.00000 (25), -1138.00000 (235), -1138.00000 (50), -1138.00000 (17), -1138.00000 (255), -1138.00000 (7), -1138.00000 (205), -1138.00000 (175), -1138.00000 (265), -1138.00000 (261), 
Length of domains: 34088
Current (lb-rhs): -1138.0
68092 domains visited
Time: pickout 0.0344    decision 0.1303    set_bounds 0.0044    solve 0.4206    add 0.0496    
Accumulated time: pickout 6.3633    decision 68.3336    set_bounds 2.9568    solve 174.0719    add 24.7236    
Cumulative time: 276.914577960968

BaB round 268
batch: 128
splitting decisions: 
split level 0: [/55, 112] [/55, 563] [/55, 941] [/55, 556] [/55, 1158] [/55, 1362] [/55, 1374] [/55, 247] [/74, 284] [/55, 929] 
best_l after optimization: -265859.96875
beta sum per layer: [0.0, 0.18122106790542603, 3.68135666847229, 3.3858203887939453]
alpha/beta optimization time: 0.7729854583740234
pruning_in_iteration open status: False
ratio of positive domain = 0 / 256 = 0.0
pruning-in-iteration extra time: 0.0002205371856689453
torch.Size([256, 1])
Time: prepare 0.0045    bound 0.7746    transfer 0.0042    finalize 0.0189    func 0.8022    
Accumulated time: func 174.7095    prepare 3.8752    bound 164.0477    transfer 1.7200    finalize 7.6408    
max lb tensor(-934.) min lb tensor(-1138.)
Number of Verified Splits: 0 of 256
Current worst splitting domains lb-rhs (depth):
-1138.00000 (199), -1138.00000 (198), -1138.00000 (113), -1138.00000 (138), -1138.00000 (184), -1138.00000 (211), -1138.00000 (50), -1138.00000 (18), -1138.00000 (80), -1138.00000 (261), -1138.00000 (8), -1138.00000 (138), -1138.00000 (51), -1138.00000 (113), -1138.00000 (244), -1138.00000 (229), -1138.00000 (81), -1138.00000 (51), -1138.00000 (80), -1138.00000 (266), 
Length of domains: 34216
Current (lb-rhs): -1138.0
68348 domains visited
Time: pickout 0.0298    decision 0.1330    set_bounds 0.0044    solve 0.8027    add 0.0438    
Accumulated time: pickout 6.3930    decision 68.4665    set_bounds 2.9612    solve 174.8746    add 24.7674    
Cumulative time: 277.93136763572693

BaB round 269
batch: 128
splitting decisions: 
split level 0: [/55, 236] [/55, 1371] [/55, 111] [/55, 930] [/55, 908] [/55, 512] [/55, 1365] [/55, 231] [/74, 21] [/55, 735] 
best_l after optimization: -265869.25
beta sum per layer: [0.0, 0.20714950561523438, 3.3605005741119385, 3.2443981170654297]
alpha/beta optimization time: 0.7450692653656006
pruning_in_iteration open status: False
ratio of positive domain = 0 / 256 = 0.0
pruning-in-iteration extra time: 0.0022988319396972656
torch.Size([256, 1])
Time: prepare 0.0043    bound 0.7487    transfer 0.0064    finalize 0.0374    func 0.7968    
Accumulated time: func 175.5063    prepare 3.8954    bound 164.7964    transfer 1.7263    finalize 7.6782    
max lb tensor(-934.) min lb tensor(-1138.)
Number of Verified Splits: 0 of 256
Current worst splitting domains lb-rhs (depth):
-1138.00000 (128), -1138.00000 (256), -1138.00000 (219), -1138.00000 (139), -1138.00000 (166), -1138.00000 (59), -1138.00000 (23), -1138.00000 (103), -1138.00000 (86), -1138.00000 (119), -1138.00000 (248), -1138.00000 (226), -1138.00000 (242), -1138.00000 (175), -1138.00000 (43), -1138.00000 (152), -1138.00000 (189), -1138.00000 (75), -1138.00000 (211), -1138.00000 (166), 
Length of domains: 34344
Current (lb-rhs): -1138.0
68604 domains visited
Time: pickout 0.0422    decision 0.3446    set_bounds 0.0044    solve 0.7973    add 0.0492    
Accumulated time: pickout 6.4352    decision 68.8111    set_bounds 2.9656    solve 175.6719    add 24.8166    
Cumulative time: 279.1701121330261

BaB round 270
batch: 128
splitting decisions: 
split level 0: [/55, 1390] [/55, 1212] [/55, 1367] [/55, 511] [/49, 4647] [/55, 238] [/55, 912] [/55, 239] [/74, 27] [/55, 234] 
best_l after optimization: -265868.375
beta sum per layer: [0.0, 0.27069100737571716, 4.288690567016602, 3.323800563812256]
alpha/beta optimization time: 0.7680745124816895
pruning_in_iteration open status: False
ratio of positive domain = 0 / 256 = 0.0
pruning-in-iteration extra time: 0.0002510547637939453
torch.Size([256, 1])
Time: prepare 0.0045    bound 0.7697    transfer 0.0057    finalize 0.0215    func 0.8014    
Accumulated time: func 176.3078    prepare 3.9026    bound 165.5661    transfer 1.7320    finalize 7.6997    
max lb tensor(-934.) min lb tensor(-1138.)
Number of Verified Splits: 0 of 256
Current worst splitting domains lb-rhs (depth):
-1138.00000 (94), -1138.00000 (48), -1138.00000 (161), -1138.00000 (137), -1138.00000 (113), -1138.00000 (49), -1138.00000 (247), -1138.00000 (181), -1138.00000 (49), -1138.00000 (11), -1138.00000 (99), -1138.00000 (96), -1138.00000 (201), -1138.00000 (161), -1138.00000 (188), -1138.00000 (49), -1138.00000 (113), -1138.00000 (247), -1138.00000 (85), -1138.00000 (228), 
Length of domains: 34472
Current (lb-rhs): -1138.0
68860 domains visited
Time: pickout 0.0389    decision 0.3096    set_bounds 0.0079    solve 0.8019    add 0.0440    
Accumulated time: pickout 6.4741    decision 69.1208    set_bounds 2.9735    solve 176.4739    add 24.8606    
Cumulative time: 280.37535786628723

BaB round 271
batch: 128
splitting decisions: 
split level 0: [/55, 192] [/55, 262] [/55, 45] [/55, 1171] [/49, 4645] [/55, 1360] [/55, 440] [/55, 949] [/74, 144] [/55, 736] 
best_l after optimization: -265875.71875
beta sum per layer: [0.0, 0.2529522180557251, 4.044466495513916, 3.0865936279296875]
alpha/beta optimization time: 0.7596087455749512
pruning_in_iteration open status: False
ratio of positive domain = 0 / 256 = 0.0
pruning-in-iteration extra time: 0.0001494884490966797
torch.Size([256, 1])
Time: prepare 0.0044    bound 0.7611    transfer 0.0053    finalize 0.0403    func 0.8112    
Accumulated time: func 177.1190    prepare 3.9168    bound 166.3272    transfer 1.7373    finalize 7.7400    
max lb tensor(-934.) min lb tensor(-1138.)
Number of Verified Splits: 0 of 256
Current worst splitting domains lb-rhs (depth):
-1138.00000 (144), -1138.00000 (166), -1138.00000 (77), -1138.00000 (147), -1138.00000 (268), -1138.00000 (32), -1138.00000 (191), -1138.00000 (42), -1138.00000 (119), -1138.00000 (101), -1138.00000 (220), -1138.00000 (19), -1138.00000 (129), -1138.00000 (184), -1138.00000 (78), -1138.00000 (203), -1138.00000 (260), -1138.00000 (141), -1138.00000 (244), -1138.00000 (251), 
Length of domains: 34600
Current (lb-rhs): -1138.0
69116 domains visited
Time: pickout 0.0437    decision 0.2971    set_bounds 0.0045    solve 0.8117    add 0.0500    
Accumulated time: pickout 6.5178    decision 69.4178    set_bounds 2.9780    solve 177.2856    add 24.9105    
Cumulative time: 281.5842955112457

BaB round 272
batch: 128
splitting decisions: 
split level 0: [/55, 31] [/55, 47] [/55, 470] [/55, 941] [/55, 966] [/55, 925] [/55, 1151] [/55, 550] [/74, 546] [/55, 1166] 
best_l after optimization: -265874.9375
beta sum per layer: [0.0, 0.24781064689159393, 4.0024824142456055, 3.0486068725585938]
alpha/beta optimization time: 0.7747750282287598
pruning_in_iteration open status: False
ratio of positive domain = 0 / 256 = 0.0
pruning-in-iteration extra time: 0.00014662742614746094
torch.Size([256, 1])
Time: prepare 0.0045    bound 0.7763    transfer 0.0054    finalize 0.0211    func 0.8073    
Accumulated time: func 177.9263    prepare 3.9268    bound 167.1035    transfer 1.7428    finalize 7.7611    
max lb tensor(-934.) min lb tensor(-1138.)
Number of Verified Splits: 0 of 256
Current worst splitting domains lb-rhs (depth):
-1138.00000 (155), -1138.00000 (168), -1138.00000 (236), -1138.00000 (74), -1138.00000 (41), -1138.00000 (193), -1138.00000 (217), -1138.00000 (263), -1138.00000 (111), -1138.00000 (120), -1138.00000 (50), -1138.00000 (136), -1138.00000 (93), -1138.00000 (75), -1138.00000 (19), -1138.00000 (93), -1138.00000 (259), -1138.00000 (8), -1138.00000 (168), -1138.00000 (235), 
Length of domains: 34728
Current (lb-rhs): -1138.0
69372 domains visited
Time: pickout 0.0451    decision 0.2975    set_bounds 0.0044    solve 0.8079    add 0.0449    
Accumulated time: pickout 6.5629    decision 69.7153    set_bounds 2.9825    solve 178.0934    add 24.9554    
Cumulative time: 282.78699946403503

BaB round 273
batch: 128
splitting decisions: 
split level 0: [/55, 511] [/55, 511] [/55, 733] [/55, 42] [/55, 567] [/55, 937] [/55, 234] [/55, 886] [/74, 857] [/55, 101] 
best_l after optimization: -265873.5
beta sum per layer: [0.0, 0.2725979685783386, 5.020041465759277, 3.4108834266662598]
alpha/beta optimization time: 0.6603844165802002
pruning_in_iteration open status: False
ratio of positive domain = 0 / 256 = 0.0
pruning-in-iteration extra time: 0.002142190933227539
torch.Size([256, 1])
Time: prepare 0.0045    bound 0.6641    transfer 0.0064    finalize 0.0364    func 0.7115    
Accumulated time: func 178.6377    prepare 3.9325    bound 167.7676    transfer 1.7492    finalize 7.7975    
max lb tensor(-934.) min lb tensor(-1138.)
Number of Verified Splits: 0 of 256
Current worst splitting domains lb-rhs (depth):
-1138.00000 (226), -1138.00000 (165), -1138.00000 (9), -1138.00000 (72), -1138.00000 (211), -1138.00000 (256), -1138.00000 (29), -1138.00000 (117), -1138.00000 (175), -1138.00000 (226), -1138.00000 (194), -1138.00000 (103), -1138.00000 (145), -1138.00000 (71), -1138.00000 (29), -1138.00000 (270), -1138.00000 (255), -1138.00000 (117), -1138.00000 (92), -1138.00000 (145), 
Length of domains: 34856
Current (lb-rhs): -1138.0
69628 domains visited
Time: pickout 0.0300    decision 0.1387    set_bounds 0.0045    solve 0.7120    add 0.0495    
Accumulated time: pickout 6.5929    decision 69.8540    set_bounds 2.9870    solve 178.8054    add 25.0049    
Cumulative time: 283.722784280777

BaB round 274
batch: 128
splitting decisions: 
split level 0: [/55, 128] [/55, 1151] [/55, 34] [/55, 1370] [/55, 461] [/55, 550] [/55, 523] [/55, 584] [/74, 92] [/55, 44] 
best_l after optimization: -265884.625
beta sum per layer: [0.0, 0.2919214367866516, 4.792946815490723, 3.29290509223938]
alpha/beta optimization time: 0.7567400932312012
pruning_in_iteration open status: False
ratio of positive domain = 0 / 256 = 0.0
pruning-in-iteration extra time: 0.0001583099365234375
torch.Size([256, 1])
Time: prepare 0.0047    bound 0.7583    transfer 0.0038    finalize 0.0177    func 0.7846    
Accumulated time: func 179.4223    prepare 3.9597    bound 168.5259    transfer 1.7530    finalize 7.8152    
max lb tensor(-934.) min lb tensor(-1138.)
Number of Verified Splits: 0 of 256
Current worst splitting domains lb-rhs (depth):
-1138.00000 (147), -1138.00000 (147), -1138.00000 (268), -1138.00000 (186), -1138.00000 (63), -1138.00000 (16), -1138.00000 (109), -1138.00000 (244), -1138.00000 (63), -1138.00000 (220), -1138.00000 (109), -1138.00000 (109), -1138.00000 (63), -1138.00000 (15), -1138.00000 (193), -1138.00000 (243), -1138.00000 (108), -1138.00000 (64), -1138.00000 (199), -1138.00000 (172), 
Length of domains: 34984
Current (lb-rhs): -1138.0
69884 domains visited
Time: pickout 0.0460    decision 0.3679    set_bounds 0.3754    solve 0.7851    add 0.0410    
Accumulated time: pickout 6.6389    decision 70.2219    set_bounds 3.3624    solve 179.5905    add 25.0460    
Cumulative time: 285.3410441875458

BaB round 275
batch: 128
splitting decisions: 
split level 0: [/55, 243] [/55, 46] [/55, 249] [/55, 929] [/55, 1165] [/55, 735] [/55, 237] [/55, 742] [/55, 1170] [/49, 7347] 
best_l after optimization: -265883.375
beta sum per layer: [0.0, 0.39309847354888916, 5.916904926300049, 3.3704941272735596]
alpha/beta optimization time: 0.6560349464416504
pruning_in_iteration open status: False
ratio of positive domain = 0 / 256 = 0.0
pruning-in-iteration extra time: 0.00010895729064941406
torch.Size([256, 1])
Time: prepare 0.0046    bound 0.6575    transfer 0.0046    finalize 0.0453    func 0.7120    
Accumulated time: func 180.1344    prepare 3.9690    bound 169.1834    transfer 1.7576    finalize 7.8605    
max lb tensor(-934.) min lb tensor(-1138.)
Number of Verified Splits: 0 of 256
Current worst splitting domains lb-rhs (depth):
-1138.00000 (160), -1138.00000 (11), -1138.00000 (246), -1138.00000 (197), -1138.00000 (177), -1138.00000 (46), -1138.00000 (145), -1138.00000 (245), -1138.00000 (47), -1138.00000 (119), -1138.00000 (106), -1138.00000 (220), -1138.00000 (47), -1138.00000 (129), -1138.00000 (82), -1138.00000 (245), -1138.00000 (11), -1138.00000 (98), -1138.00000 (144), -1138.00000 (220), 
Length of domains: 35112
Current (lb-rhs): -1138.0
70140 domains visited
Time: pickout 0.0412    decision 0.3332    set_bounds 0.0045    solve 0.7125    add 0.0526    
Accumulated time: pickout 6.6801    decision 70.5550    set_bounds 3.3669    solve 180.3030    add 25.0986    
Cumulative time: 286.4861252307892

BaB round 276
batch: 128
splitting decisions: 
split level 0: [/55, 41] [/55, 66] [/55, 1362] [/55, 1372] [/55, 938] [/55, 683] [/55, 515] [/55, 463] [/55, 1189] [/49, 3629] 
best_l after optimization: -265892.1875
beta sum per layer: [0.0, 0.32082635164260864, 5.699997901916504, 3.2026305198669434]
alpha/beta optimization time: 0.705054521560669
pruning_in_iteration open status: False
ratio of positive domain = 0 / 256 = 0.0
pruning-in-iteration extra time: 0.0024023056030273438
torch.Size([256, 1])
Time: prepare 0.0047    bound 0.7089    transfer 0.0061    finalize 0.0186    func 0.7382    
Accumulated time: func 180.8726    prepare 3.9822    bound 169.8922    transfer 1.7637    finalize 7.8791    
max lb tensor(-934.) min lb tensor(-1138.)
Number of Verified Splits: 0 of 256
Current worst splitting domains lb-rhs (depth):
-1138.00000 (44), -1138.00000 (171), -1138.00000 (201), -1138.00000 (224), -1138.00000 (104), -1138.00000 (256), -1138.00000 (189), -1138.00000 (8), -1138.00000 (148), -1138.00000 (20), -1138.00000 (78), -1138.00000 (104), -1138.00000 (148), -1138.00000 (21), -1138.00000 (238), -1138.00000 (224), -1138.00000 (104), -1138.00000 (171), -1138.00000 (148), -1138.00000 (57), 
Length of domains: 35240
Current (lb-rhs): -1138.0
70396 domains visited
Time: pickout 0.0322    decision 0.4068    set_bounds 0.0046    solve 0.7421    add 0.0428    
Accumulated time: pickout 6.7123    decision 70.9618    set_bounds 3.3715    solve 181.0451    add 25.1414    
Cumulative time: 287.71813344955444

BaB round 277
batch: 128
splitting decisions: 
split level 0: [/55, 1163] [/55, 55] [/55, 100] [/49, 2818] [/49, 2762] [/55, 230] [/55, 946] [/55, 241] [/55, 85] [/49, 3593] 
best_l after optimization: -265889.65625
beta sum per layer: [0.0, 0.382714182138443, 5.518482685089111, 3.0842010974884033]
alpha/beta optimization time: 0.6017951965332031
pruning_in_iteration open status: False
ratio of positive domain = 0 / 256 = 0.0
pruning-in-iteration extra time: 3.4809112548828125e-05
torch.Size([256, 1])
Time: prepare 0.0046    bound 0.6032    transfer 0.0037    finalize 0.0382    func 0.6498    
Accumulated time: func 181.5224    prepare 3.9978    bound 170.4954    transfer 1.7673    finalize 7.9173    
max lb tensor(-934.) min lb tensor(-1138.)
Number of Verified Splits: 0 of 256
Current worst splitting domains lb-rhs (depth):
-1138.00000 (83), -1138.00000 (235), -1138.00000 (266), -1138.00000 (153), -1138.00000 (8), -1138.00000 (190), -1138.00000 (70), -1138.00000 (143), -1138.00000 (214), -1138.00000 (112), -1138.00000 (161), -1138.00000 (20), -1138.00000 (173), -1138.00000 (120), -1138.00000 (122), -1138.00000 (38), -1138.00000 (53), -1138.00000 (94), -1138.00000 (222), -1138.00000 (254), 
Length of domains: 35368
Current (lb-rhs): -1138.0
70652 domains visited
Time: pickout 0.0285    decision 0.4079    set_bounds 0.0044    solve 0.6503    add 0.0527    
Accumulated time: pickout 6.7408    decision 71.3697    set_bounds 3.3759    solve 181.6954    add 25.1941    
Cumulative time: 288.8630495071411

BaB round 278
batch: 128
splitting decisions: 
split level 0: [/55, 432] [/55, 1174] [/55, 446] [/49, 617] [/55, 463] [/55, 943] [/55, 935] [/55, 225] [/55, 234] [/49, 3798] 
best_l after optimization: -265889.25
beta sum per layer: [0.0, 0.46066203713417053, 6.8017578125, 3.4663474559783936]
alpha/beta optimization time: 0.7163412570953369
pruning_in_iteration open status: False
ratio of positive domain = 0 / 256 = 0.0
pruning-in-iteration extra time: 0.0023775100708007812
torch.Size([256, 1])
Time: prepare 0.0133    bound 0.7202    transfer 0.0057    finalize 0.0179    func 0.7571    
Accumulated time: func 182.2795    prepare 4.0132    bound 171.2157    transfer 1.7730    finalize 7.9352    
max lb tensor(-934.) min lb tensor(-1138.)
Number of Verified Splits: 0 of 256
Current worst splitting domains lb-rhs (depth):
-1138.00000 (262), -1138.00000 (201), -1138.00000 (235), -1138.00000 (172), -1138.00000 (152), -1138.00000 (87), -1138.00000 (35), -1138.00000 (87), -1138.00000 (235), -1138.00000 (86), -1138.00000 (87), -1138.00000 (152), -1138.00000 (88), -1138.00000 (235), -1138.00000 (35), -1138.00000 (181), -1138.00000 (178), -1138.00000 (88), -1138.00000 (85), -1138.00000 (84), 
Length of domains: 35496
Current (lb-rhs): -1138.0
70908 domains visited
Time: pickout 0.0500    decision 0.3059    set_bounds 0.0191    solve 0.7576    add 0.0416    
Accumulated time: pickout 6.7908    decision 71.6756    set_bounds 3.3950    solve 182.4530    add 25.2356    
Cumulative time: 290.04069805145264

BaB round 279
batch: 128
splitting decisions: 
split level 0: [/55, 503] [/55, 237] [/55, 229] [/49, 7381] [/55, 44] [/55, 517] [/55, 941] [/55, 226] [/55, 39] [/55, 1172] 
best_l after optimization: -265898.4375
beta sum per layer: [0.0, 0.5285212397575378, 6.353781223297119, 3.2291760444641113]
alpha/beta optimization time: 0.7113444805145264
pruning_in_iteration open status: False
ratio of positive domain = 0 / 256 = 0.0
pruning-in-iteration extra time: 0.002125263214111328
torch.Size([256, 1])
Time: prepare 0.0113    bound 0.7151    transfer 0.0067    finalize 0.0397    func 0.7728    
Accumulated time: func 183.0524    prepare 4.0276    bound 171.9308    transfer 1.7797    finalize 7.9749    
max lb tensor(-934.) min lb tensor(-1138.)
Number of Verified Splits: 0 of 256
Current worst splitting domains lb-rhs (depth):
-1138.00000 (208), -1138.00000 (178), -1138.00000 (175), -1138.00000 (105), -1138.00000 (28), -1138.00000 (45), -1138.00000 (195), -1138.00000 (149), -1138.00000 (167), -1138.00000 (160), -1138.00000 (274), -1138.00000 (124), -1138.00000 (11), -1138.00000 (152), -1138.00000 (86), -1138.00000 (183), -1138.00000 (105), -1138.00000 (232), -1138.00000 (28), -1138.00000 (222), 
Length of domains: 35624
Current (lb-rhs): -1138.0
71164 domains visited
Time: pickout 0.0483    decision 0.3233    set_bounds 0.0176    solve 0.7733    add 0.0500    
Accumulated time: pickout 6.8391    decision 71.9990    set_bounds 3.4127    solve 183.2264    add 25.2857    
Cumulative time: 291.2545437812805

BaB round 280
batch: 128
splitting decisions: 
split level 0: [/55, 744] [/55, 442] [/55, 739] [/55, 238] [/49, 3438] [/55, 573] [/55, 115] [/55, 249] [/55, 1185] [/55, 13] 
best_l after optimization: -265897.09375
beta sum per layer: [0.0, 0.6473711729049683, 7.248371601104736, 3.5552966594696045]
alpha/beta optimization time: 0.5601096153259277
pruning_in_iteration open status: False
ratio of positive domain = 0 / 256 = 0.0
pruning-in-iteration extra time: 0.0001595020294189453
torch.Size([256, 1])
Time: prepare 0.0049    bound 0.5617    transfer 0.0055    finalize 0.0178    func 0.5899    
Accumulated time: func 183.6423    prepare 4.0338    bound 172.4924    transfer 1.7852    finalize 7.9928    
max lb tensor(-934.) min lb tensor(-1138.)
Number of Verified Splits: 0 of 256
Current worst splitting domains lb-rhs (depth):
-1138.00000 (244), -1138.00000 (144), -1138.00000 (41), -1138.00000 (73), -1138.00000 (188), -1138.00000 (261), -1138.00000 (163), -1138.00000 (74), -1138.00000 (10), -1138.00000 (127), -1138.00000 (181), -1138.00000 (144), -1138.00000 (40), -1138.00000 (74), -1138.00000 (197), -1138.00000 (207), -1138.00000 (174), -1138.00000 (244), -1138.00000 (74), -1138.00000 (22), 
Length of domains: 35752
Current (lb-rhs): -1138.0
71420 domains visited
Time: pickout 0.0309    decision 0.1333    set_bounds 0.0046    solve 0.5937    add 0.0403    
Accumulated time: pickout 6.8700    decision 72.1323    set_bounds 3.4172    solve 183.8201    add 25.3260    
Cumulative time: 292.0606451034546

BaB round 281
batch: 128
splitting decisions: 
split level 0: [/55, 931] [/55, 993] [/55, 686] [/55, 735] [/55, 939] [/55, 1352] [/55, 225] [/55, 964] [/55, 34] [/55, 87] 
best_l after optimization: -265904.1875
beta sum per layer: [0.0, 0.5462331771850586, 6.743588447570801, 3.449514865875244]
alpha/beta optimization time: 0.5637266635894775
pruning_in_iteration open status: False
ratio of positive domain = 0 / 256 = 0.0
pruning-in-iteration extra time: 3.910064697265625e-05
torch.Size([256, 1])
Time: prepare 0.0046    bound 0.5651    transfer 0.0046    finalize 0.0390    func 0.6133    
Accumulated time: func 184.2556    prepare 4.0609    bound 173.0575    transfer 1.7898    finalize 8.0317    
max lb tensor(-934.) min lb tensor(-1138.)
Number of Verified Splits: 0 of 256
Current worst splitting domains lb-rhs (depth):
-1138.00000 (127), -1138.00000 (96), -1138.00000 (75), -1138.00000 (209), -1138.00000 (264), -1138.00000 (195), -1138.00000 (141), -1138.00000 (231), -1138.00000 (48), -1138.00000 (87), -1138.00000 (75), -1138.00000 (106), -1138.00000 (29), -1138.00000 (166), -1138.00000 (107), -1138.00000 (250), -1138.00000 (13), -1138.00000 (210), -1138.00000 (231), -1138.00000 (76), 
Length of domains: 35880
Current (lb-rhs): -1138.0
71676 domains visited
Time: pickout 0.0454    decision 0.4544    set_bounds 0.0045    solve 0.6138    add 0.0496    
Accumulated time: pickout 6.9154    decision 72.5867    set_bounds 3.4217    solve 184.4339    add 25.3756    
Cumulative time: 293.2294571399689

BaB round 282
batch: 128
splitting decisions: 
split level 0: [/55, 1295] [/55, 741] [/55, 981] [/55, 1356] [/55, 1281] [/55, 1091] [/55, 247] [/55, 1151] [/55, 929] [/55, 225] 
best_l after optimization: -265902.4375
beta sum per layer: [0.0, 0.7094871997833252, 8.002459526062012, 3.410695791244507]
alpha/beta optimization time: 0.6055018901824951
pruning_in_iteration open status: False
ratio of positive domain = 0 / 256 = 0.0
pruning-in-iteration extra time: 0.0024077892303466797
torch.Size([256, 1])
Time: prepare 0.0053    bound 0.6093    transfer 0.0070    finalize 0.0200    func 0.6417    
Accumulated time: func 184.8973    prepare 4.0890    bound 173.6668    transfer 1.7969    finalize 8.0517    
max lb tensor(-934.) min lb tensor(-1138.)
Number of Verified Splits: 0 of 256
Current worst splitting domains lb-rhs (depth):
-1138.00000 (58), -1138.00000 (59), -1138.00000 (201), -1138.00000 (95), -1138.00000 (127), -1138.00000 (8), -1138.00000 (254), -1138.00000 (235), -1138.00000 (160), -1138.00000 (166), -1138.00000 (218), -1138.00000 (96), -1138.00000 (141), -1138.00000 (156), -1138.00000 (58), -1138.00000 (254), -1138.00000 (19), -1138.00000 (96), -1138.00000 (178), -1138.00000 (18), 
Length of domains: 36008
Current (lb-rhs): -1138.0
71932 domains visited
Time: pickout 0.0435    decision 0.4255    set_bounds 0.0081    solve 0.6422    add 0.0448    
Accumulated time: pickout 6.9589    decision 73.0122    set_bounds 3.4298    solve 185.0761    add 25.4204    
Cumulative time: 294.3969192504883

BaB round 283
batch: 128
splitting decisions: 
split level 0: [/55, 889] [/55, 235] [/55, 1267] [/55, 550] [/55, 347] [/55, 233] [/55, 235] [/55, 234] [/55, 1372] [/55, 1165] 
best_l after optimization: -265910.25
beta sum per layer: [0.0, 0.7395547032356262, 7.976388931274414, 3.6040239334106445]
alpha/beta optimization time: 0.6137092113494873
pruning_in_iteration open status: False
ratio of positive domain = 0 / 256 = 0.0
pruning-in-iteration extra time: 0.0023725032806396484
torch.Size([256, 1])
Time: prepare 0.0050    bound 0.6175    transfer 0.0064    finalize 0.0379    func 0.6668    
Accumulated time: func 185.5640    prepare 4.1166    bound 174.2843    transfer 1.8033    finalize 8.0896    
max lb tensor(-934.) min lb tensor(-1138.)
Number of Verified Splits: 0 of 256
Current worst splitting domains lb-rhs (depth):
-1138.00000 (200), -1138.00000 (122), -1138.00000 (13), -1138.00000 (200), -1138.00000 (55), -1138.00000 (123), -1138.00000 (200), -1138.00000 (54), -1138.00000 (123), -1138.00000 (277), -1138.00000 (248), -1138.00000 (248), -1138.00000 (123), -1138.00000 (124), -1138.00000 (13), -1138.00000 (199), -1138.00000 (54), -1138.00000 (124), -1138.00000 (199), -1138.00000 (124), 
Length of domains: 36136
Current (lb-rhs): -1138.0
72188 domains visited
Time: pickout 0.0486    decision 0.3771    set_bounds 0.0079    solve 0.6673    add 0.0505    
Accumulated time: pickout 7.0075    decision 73.3892    set_bounds 3.4377    solve 185.7434    add 25.4709    
Cumulative time: 295.54943895339966

BaB round 284
batch: 128
splitting decisions: 
split level 0: [/55, 904] [/55, 910] [/55, 1184] [/55, 1371] [/55, 39] [/55, 1160] [/49, 4136] [/55, 941] [/55, 1446] [/55, 1210] 
best_l after optimization: -265913.0625
beta sum per layer: [0.0, 0.7806934118270874, 8.58718204498291, 3.5521774291992188]
alpha/beta optimization time: 0.6238524913787842
pruning_in_iteration open status: False
ratio of positive domain = 0 / 256 = 0.0
pruning-in-iteration extra time: 0.0003161430358886719
torch.Size([256, 1])
Time: prepare 0.0050    bound 0.6255    transfer 0.0062    finalize 0.0225    func 0.6594    
Accumulated time: func 186.2234    prepare 4.1369    bound 174.9098    transfer 1.8095    finalize 8.1122    
max lb tensor(-934.) min lb tensor(-1138.)
Number of Verified Splits: 0 of 256
Current worst splitting domains lb-rhs (depth):
-1138.00000 (247), -1138.00000 (8), -1138.00000 (85), -1138.00000 (218), -1138.00000 (277), -1138.00000 (18), -1138.00000 (269), -1138.00000 (75), -1138.00000 (43), -1138.00000 (102), -1138.00000 (67), -1138.00000 (152), -1138.00000 (196), -1138.00000 (204), -1138.00000 (112), -1138.00000 (212), -1138.00000 (136), -1138.00000 (195), -1138.00000 (170), -1138.00000 (259), 
Length of domains: 36264
Current (lb-rhs): -1138.0
72444 domains visited
Time: pickout 0.0388    decision 0.3577    set_bounds 0.0044    solve 0.6638    add 0.0476    
Accumulated time: pickout 7.0464    decision 73.7470    set_bounds 3.4422    solve 186.4072    add 25.5185    
Cumulative time: 296.6648771762848

BaB round 285
batch: 128
splitting decisions: 
split level 0: [/55, 1363] [/55, 466] [/49, 3618] [/55, 946] [/55, 935] [/55, 1177] [/55, 50] [/55, 563] [/55, 925] [/55, 1168] 
best_l after optimization: -265917.03125
beta sum per layer: [0.0, 0.705022931098938, 8.931066513061523, 3.6591155529022217]
alpha/beta optimization time: 0.5863168239593506
pruning_in_iteration open status: False
ratio of positive domain = 0 / 256 = 0.0
pruning-in-iteration extra time: 0.0022950172424316406
torch.Size([256, 1])
Time: prepare 0.0052    bound 0.5900    transfer 0.0069    finalize 0.0362    func 0.6384    
Accumulated time: func 186.8619    prepare 4.1583    bound 175.4998    transfer 1.8165    finalize 8.1484    
max lb tensor(-934.) min lb tensor(-1138.)
Number of Verified Splits: 0 of 256
Current worst splitting domains lb-rhs (depth):
-1138.00000 (271), -1138.00000 (238), -1138.00000 (24), -1138.00000 (144), -1138.00000 (249), -1138.00000 (213), -1138.00000 (162), -1138.00000 (9), -1138.00000 (55), -1138.00000 (227), -1138.00000 (107), -1138.00000 (87), -1138.00000 (72), -1138.00000 (143), -1138.00000 (24), -1138.00000 (188), -1138.00000 (175), -1138.00000 (24), -1138.00000 (161), -1138.00000 (282), 
Length of domains: 36392
Current (lb-rhs): -1138.0
72700 domains visited
Time: pickout 0.0463    decision 0.3582    set_bounds 0.0044    solve 0.6389    add 0.0513    
Accumulated time: pickout 7.0927    decision 74.1051    set_bounds 3.4466    solve 187.0461    add 25.5698    
Cumulative time: 297.7651517391205

BaB round 286
batch: 128
splitting decisions: 
split level 0: [/55, 1096] [/55, 234] [/49, 563] [/55, 55] [/49, 6164] [/55, 1567] [/55, 51] [/55, 242] [/55, 1168] [/55, 1155] 
best_l after optimization: -265918.65625
beta sum per layer: [0.0, 0.8741744756698608, 9.261162757873535, 3.596137523651123]
alpha/beta optimization time: 0.6183395385742188
pruning_in_iteration open status: False
ratio of positive domain = 0 / 256 = 0.0
pruning-in-iteration extra time: 0.0001590251922607422
torch.Size([256, 1])
Time: prepare 0.0056    bound 0.6200    transfer 0.0044    finalize 0.0169    func 0.6470    
Accumulated time: func 187.5088    prepare 4.1826    bound 176.1197    transfer 1.8209    finalize 8.1653    
max lb tensor(-934.) min lb tensor(-1138.)
Number of Verified Splits: 0 of 256
Current worst splitting domains lb-rhs (depth):
-1138.00000 (211), -1138.00000 (188), -1138.00000 (217), -1138.00000 (52), -1138.00000 (12), -1138.00000 (261), -1138.00000 (203), -1138.00000 (108), -1138.00000 (52), -1138.00000 (157), -1138.00000 (182), -1138.00000 (232), -1138.00000 (108), -1138.00000 (53), -1138.00000 (261), -1138.00000 (53), -1138.00000 (108), -1138.00000 (261), -1138.00000 (137), -1138.00000 (11), 
Length of domains: 36520
Current (lb-rhs): -1138.0
72956 domains visited
Time: pickout 0.0481    decision 0.3719    set_bounds 0.0081    solve 0.6475    add 0.0434    
Accumulated time: pickout 7.1408    decision 74.4770    set_bounds 3.4547    solve 187.6936    add 25.6132    
Cumulative time: 298.88691878318787

BaB round 287
batch: 128
splitting decisions: 
split level 0: [/55, 234] [/55, 136] [/49, 4621] [/55, 452] [/49, 8001] [/55, 236] [/55, 236] [/55, 1161] [/55, 67] [/55, 572] 
best_l after optimization: -265921.96875
beta sum per layer: [0.0, 0.8633687496185303, 8.82742691040039, 3.404820442199707]
alpha/beta optimization time: 0.5449209213256836
pruning_in_iteration open status: False
ratio of positive domain = 0 / 256 = 0.0
pruning-in-iteration extra time: 3.719329833984375e-05
torch.Size([256, 1])
Time: prepare 0.0049    bound 0.5463    transfer 0.0044    finalize 0.0366    func 0.5924    
Accumulated time: func 188.1012    prepare 4.2036    bound 176.6660    transfer 1.8253    finalize 8.2020    
max lb tensor(-934.) min lb tensor(-1138.)
Number of Verified Splits: 0 of 256
Current worst splitting domains lb-rhs (depth):
-1138.00000 (243), -1138.00000 (243), -1138.00000 (22), -1138.00000 (9), -1138.00000 (67), -1138.00000 (143), -1138.00000 (275), -1138.00000 (103), -1138.00000 (67), -1138.00000 (218), -1138.00000 (128), -1138.00000 (218), -1138.00000 (66), -1138.00000 (190), -1138.00000 (22), -1138.00000 (244), -1138.00000 (103), -1138.00000 (128), -1138.00000 (68), -1138.00000 (168), 
Length of domains: 36648
Current (lb-rhs): -1138.0
73212 domains visited
Time: pickout 0.0484    decision 0.3719    set_bounds 0.0077    solve 0.5929    add 0.0500    
Accumulated time: pickout 7.1892    decision 74.8489    set_bounds 3.4625    solve 188.2864    add 25.6632    
Cumulative time: 299.95898175239563

BaB round 288
batch: 128
splitting decisions: 
split level 0: [/55, 916] [/55, 969] [/55, 36] [/55, 967] [/55, 936] [/55, 249] [/55, 631] [/55, 927] [/55, 737] [/49, 4140] 
best_l after optimization: -265920.25
beta sum per layer: [0.0, 0.7830624580383301, 10.28970718383789, 3.4920496940612793]
alpha/beta optimization time: 0.7820267677307129
pruning_in_iteration open status: False
ratio of positive domain = 0 / 256 = 0.0
pruning-in-iteration extra time: 3.600120544433594e-05
torch.Size([256, 1])
Time: prepare 0.0069    bound 0.7834    transfer 0.0048    finalize 0.0311    func 0.8263    
Accumulated time: func 188.9274    prepare 4.2190    bound 177.4494    transfer 1.8301    finalize 8.2331    
max lb tensor(-934.) min lb tensor(-1138.)
Number of Verified Splits: 0 of 256
Current worst splitting domains lb-rhs (depth):
-1138.00000 (142), -1138.00000 (49), -1138.00000 (95), -1138.00000 (18), -1138.00000 (216), -1138.00000 (64), -1138.00000 (142), -1138.00000 (198), -1138.00000 (265), -1138.00000 (253), -1138.00000 (18), -1138.00000 (281), -1138.00000 (142), -1138.00000 (94), -1138.00000 (170), -1138.00000 (216), -1138.00000 (49), -1138.00000 (143), -1138.00000 (241), -1138.00000 (17), 
Length of domains: 36776
Current (lb-rhs): -1138.0
73468 domains visited
Time: pickout 0.0309    decision 0.2895    set_bounds 0.0122    solve 0.8307    add 0.0405    
Accumulated time: pickout 7.2201    decision 75.1385    set_bounds 3.4747    solve 189.1172    add 25.7037    
Cumulative time: 301.1640613079071

BaB round 289
batch: 128
splitting decisions: 
split level 0: [/55, 127] [/55, 521] [/55, 233] [/55, 61] [/55, 937] [/55, 407] [/49, 3798] [/55, 1088] [/55, 735] [/49, 7349] 
best_l after optimization: -265928.875
beta sum per layer: [0.0, 0.849913477897644, 10.266809463500977, 3.4856197834014893]
alpha/beta optimization time: 0.7165932655334473
pruning_in_iteration open status: False
ratio of positive domain = 0 / 256 = 0.0
pruning-in-iteration extra time: 8.392333984375e-05
torch.Size([256, 1])
Time: prepare 0.0165    bound 0.7181    transfer 0.0049    finalize 0.0295    func 0.7689    
Accumulated time: func 189.6964    prepare 4.2498    bound 178.1675    transfer 1.8350    finalize 8.2625    
max lb tensor(-934.) min lb tensor(-1138.)
Number of Verified Splits: 0 of 256
Current worst splitting domains lb-rhs (depth):
-1138.00000 (65), -1138.00000 (113), -1138.00000 (93), -1138.00000 (65), -1138.00000 (11), -1138.00000 (227), -1138.00000 (200), -1138.00000 (247), -1138.00000 (33), -1138.00000 (186), -1138.00000 (131), -1138.00000 (131), -1138.00000 (269), -1138.00000 (152), -1138.00000 (64), -1138.00000 (93), -1138.00000 (33), -1138.00000 (247), -1138.00000 (213), -1138.00000 (11), 
Length of domains: 36904
Current (lb-rhs): -1138.0
73724 domains visited
Time: pickout 0.0318    decision 0.3625    set_bounds 0.0122    solve 0.7694    add 0.0402    
Accumulated time: pickout 7.2519    decision 75.5010    set_bounds 3.4869    solve 189.8866    add 25.7439    
Cumulative time: 302.38137793540955

BaB round 290
batch: 128
splitting decisions: 
split level 0: [/55, 237] [/55, 225] [/55, 247] [/49, 8872] [/49, 4620] [/55, 1067] [/55, 942] [/49, 5788] [/55, 112] [/49, 3802] 
best_l after optimization: -265929.8125
beta sum per layer: [0.0, 0.9214393496513367, 10.90728759765625, 3.4642584323883057]
alpha/beta optimization time: 0.761380672454834
pruning_in_iteration open status: False
ratio of positive domain = 0 / 256 = 0.0
pruning-in-iteration extra time: 3.933906555175781e-05
torch.Size([256, 1])
Time: prepare 0.0166    bound 0.7628    transfer 0.0048    finalize 0.0316    func 0.8159    
Accumulated time: func 190.5122    prepare 4.2692    bound 178.9303    transfer 1.8398    finalize 8.2941    
max lb tensor(-934.) min lb tensor(-1138.)
Number of Verified Splits: 0 of 256
Current worst splitting domains lb-rhs (depth):
-1138.00000 (200), -1138.00000 (158), -1138.00000 (40), -1138.00000 (91), -1138.00000 (61), -1138.00000 (15), -1138.00000 (104), -1138.00000 (161), -1138.00000 (220), -1138.00000 (277), -1138.00000 (109), -1138.00000 (7), -1138.00000 (51), -1138.00000 (73), -1138.00000 (196), -1138.00000 (245), -1138.00000 (139), -1138.00000 (164), -1138.00000 (280), -1138.00000 (123), 
Length of domains: 37032
Current (lb-rhs): -1138.0
73980 domains visited
Time: pickout 0.0327    decision 0.3120    set_bounds 0.0166    solve 0.8164    add 0.0438    
Accumulated time: pickout 7.2846    decision 75.8130    set_bounds 3.5035    solve 190.7030    add 25.7876    
Cumulative time: 303.6040232181549

BaB round 291
batch: 128
splitting decisions: 
split level 0: [/55, 1463] [/55, 42] [/55, 936] [/55, 936] [/49, 589] [/55, 1161] [/55, 740] [/49, 3778] [/55, 571] [/49, 5466] 
best_l after optimization: -265933.46875
beta sum per layer: [0.0, 1.2908146381378174, 11.168998718261719, 3.6081697940826416]
alpha/beta optimization time: 0.7101566791534424
pruning_in_iteration open status: False
ratio of positive domain = 0 / 256 = 0.0
pruning-in-iteration extra time: 3.743171691894531e-05
torch.Size([256, 1])
Time: prepare 0.0164    bound 0.7116    transfer 0.0052    finalize 0.0313    func 0.7646    
Accumulated time: func 191.2768    prepare 4.3009    bound 179.6419    transfer 1.8450    finalize 8.3254    
max lb tensor(-934.) min lb tensor(-1138.)
Number of Verified Splits: 0 of 256
Current worst splitting domains lb-rhs (depth):
-1138.00000 (93), -1138.00000 (34), -1138.00000 (74), -1138.00000 (127), -1138.00000 (8), -1138.00000 (282), -1138.00000 (59), -1138.00000 (253), -1138.00000 (205), -1138.00000 (265), -1138.00000 (28), -1138.00000 (270), -1138.00000 (229), -1138.00000 (17), -1138.00000 (110), -1138.00000 (217), -1138.00000 (42), -1138.00000 (59), -1138.00000 (147), -1138.00000 (174), 
Length of domains: 37160
Current (lb-rhs): -1138.0
74236 domains visited
Time: pickout 0.0311    decision 0.3628    set_bounds 0.0197    solve 0.7651    add 0.0485    
Accumulated time: pickout 7.3157    decision 76.1758    set_bounds 3.5233    solve 191.4681    add 25.8362    
Cumulative time: 304.8324394226074

BaB round 292
batch: 128
splitting decisions: 
split level 0: [/55, 959] [/55, 939] [/49, 8675] [/55, 247] [/49, 4138] [/55, 1167] [/55, 934] [/49, 3747] [/55, 936] [/55, 132] 
best_l after optimization: -265935.90625
beta sum per layer: [0.0, 1.045332670211792, 11.306760787963867, 3.689241886138916]
alpha/beta optimization time: 0.7038233280181885
pruning_in_iteration open status: False
ratio of positive domain = 0 / 256 = 0.0
pruning-in-iteration extra time: 4.100799560546875e-05
torch.Size([256, 1])
Time: prepare 0.0165    bound 0.7053    transfer 0.0053    finalize 0.0305    func 0.7576    
Accumulated time: func 192.0344    prepare 4.3395    bound 180.3472    transfer 1.8503    finalize 8.3559    
max lb tensor(-934.) min lb tensor(-1138.)
Number of Verified Splits: 0 of 256
Current worst splitting domains lb-rhs (depth):
-1138.00000 (288), -1138.00000 (57), -1138.00000 (222), -1138.00000 (291), -1138.00000 (265), -1138.00000 (116), -1138.00000 (26), -1138.00000 (234), -1138.00000 (139), -1138.00000 (56), -1138.00000 (117), -1138.00000 (159), -1138.00000 (26), -1138.00000 (187), -1138.00000 (160), -1138.00000 (117), -1138.00000 (211), -1138.00000 (56), -1138.00000 (233), -1138.00000 (265), 
Length of domains: 37288
Current (lb-rhs): -1138.0
74492 domains visited
Time: pickout 0.0330    decision 0.4180    set_bounds 0.0123    solve 0.7618    add 0.0427    
Accumulated time: pickout 7.3487    decision 76.5939    set_bounds 3.5356    solve 192.2299    add 25.8788    
Cumulative time: 306.10152077674866

BaB round 293
batch: 128
splitting decisions: 
split level 0: [/49, 9521] [/55, 1361] [/55, 558] [/55, 636] [/55, 68] [/55, 935] [/55, 1193] [/55, 505] [/55, 241] [/55, 944] 
best_l after optimization: -265940.1875
beta sum per layer: [0.0, 1.1924940347671509, 12.065484046936035, 3.7146949768066406]
alpha/beta optimization time: 0.7832052707672119
pruning_in_iteration open status: False
ratio of positive domain = 0 / 256 = 0.0
pruning-in-iteration extra time: 0.00010251998901367188
torch.Size([256, 1])
Time: prepare 0.0189    bound 0.7847    transfer 0.0043    finalize 0.0277    func 0.8356    
Accumulated time: func 192.8700    prepare 4.3644    bound 181.1318    transfer 1.8546    finalize 8.3836    
max lb tensor(-934.) min lb tensor(-1138.)
Number of Verified Splits: 0 of 256
Current worst splitting domains lb-rhs (depth):
-1138.00000 (156), -1138.00000 (13), -1138.00000 (20), -1138.00000 (222), -1138.00000 (150), -1138.00000 (10), -1138.00000 (236), -1138.00000 (7), -1138.00000 (177), -1138.00000 (28), -1138.00000 (76), -1138.00000 (86), -1138.00000 (187), -1138.00000 (59), -1138.00000 (194), -1138.00000 (190), -1138.00000 (157), -1138.00000 (239), -1138.00000 (260), -1138.00000 (271), 
Length of domains: 37416
Current (lb-rhs): -1138.0
74748 domains visited
Time: pickout 0.0340    decision 0.3125    set_bounds 0.0131    solve 0.8360    add 0.0385    
Accumulated time: pickout 7.3827    decision 76.9063    set_bounds 3.5487    solve 193.0660    add 25.9173    
Cumulative time: 307.3369634151459

BaB round 294
batch: 128
splitting decisions: 
split level 0: [/55, 46] [/55, 1168] [/49, 5489] [/49, 3569] [/49, 8023] [/55, 1086] [/55, 238] [/55, 1189] [/55, 940] [/49, 5465] 
best_l after optimization: -265943.3125
beta sum per layer: [0.0, 1.310744285583496, 12.437094688415527, 3.536003351211548]
alpha/beta optimization time: 0.628472089767456
pruning_in_iteration open status: False
ratio of positive domain = 0 / 256 = 0.0
pruning-in-iteration extra time: 4.4345855712890625e-05
torch.Size([256, 1])
Time: prepare 0.0166    bound 0.6300    transfer 0.0050    finalize 0.0279    func 0.6796    
Accumulated time: func 193.5496    prepare 4.3893    bound 181.7618    transfer 1.8596    finalize 8.4115    
max lb tensor(-934.) min lb tensor(-1138.)
Number of Verified Splits: 0 of 256
Current worst splitting domains lb-rhs (depth):
-1138.00000 (158), -1138.00000 (224), -1138.00000 (59), -1138.00000 (48), -1138.00000 (274), -1138.00000 (211), -1138.00000 (52), -1138.00000 (188), -1138.00000 (93), -1138.00000 (220), -1138.00000 (84), -1138.00000 (182), -1138.00000 (111), -1138.00000 (231), -1138.00000 (272), -1138.00000 (125), -1138.00000 (35), -1138.00000 (76), -1138.00000 (180), -1138.00000 (154), 
Length of domains: 37544
Current (lb-rhs): -1138.0
75004 domains visited
Time: pickout 0.0339    decision 0.2642    set_bounds 0.0167    solve 0.6801    add 0.0373    
Accumulated time: pickout 7.4166    decision 77.1705    set_bounds 3.5654    solve 193.7461    add 25.9546    
Cumulative time: 308.3703033924103

BaB round 295
batch: 128
splitting decisions: 
split level 0: [/55, 247] [/55, 1297] [/49, 4647] [/55, 1096] [/49, 3800] [/49, 4645] [/55, 1396] [/55, 936] [/55, 656] [/55, 1362] 
best_l after optimization: -265946.5
beta sum per layer: [0.0, 1.334091305732727, 12.663116455078125, 3.704280138015747]
alpha/beta optimization time: 0.7616367340087891
pruning_in_iteration open status: False
ratio of positive domain = 0 / 256 = 0.0
pruning-in-iteration extra time: 0.00014591217041015625
torch.Size([256, 1])
Time: prepare 0.0048    bound 0.7631    transfer 0.0040    finalize 0.0302    func 0.8022    
Accumulated time: func 194.3518    prepare 4.4031    bound 182.5249    transfer 1.8637    finalize 8.4416    
max lb tensor(-934.) min lb tensor(-1138.)
Number of Verified Splits: 0 of 256
Current worst splitting domains lb-rhs (depth):
-1138.00000 (198), -1138.00000 (288), -1138.00000 (182), -1138.00000 (273), -1138.00000 (176), -1138.00000 (60), -1138.00000 (143), -1138.00000 (14), -1138.00000 (226), -1138.00000 (118), -1138.00000 (73), -1138.00000 (183), -1138.00000 (263), -1138.00000 (178), -1138.00000 (182), -1138.00000 (216), -1138.00000 (36), -1138.00000 (188), -1138.00000 (143), -1138.00000 (77), 
Length of domains: 37672
Current (lb-rhs): -1138.0
75260 domains visited
Time: pickout 0.0290    decision 0.3387    set_bounds 0.0043    solve 0.8026    add 0.0402    
Accumulated time: pickout 7.4456    decision 77.5092    set_bounds 3.5697    solve 194.5487    add 25.9948    
Cumulative time: 309.58629083633423

BaB round 296
batch: 128
splitting decisions: 
split level 0: [/49, 6359] [/55, 974] [/55, 573] [/49, 3969] [/55, 51] [/55, 934] [/55, 1188] [/49, 5490] [/55, 25] [/55, 940] 
best_l after optimization: -265949.25
beta sum per layer: [0.0, 1.3414220809936523, 13.170581817626953, 3.853757381439209]
alpha/beta optimization time: 0.769036054611206
pruning_in_iteration open status: False
ratio of positive domain = 0 / 256 = 0.0
pruning-in-iteration extra time: 0.0001480579376220703
torch.Size([256, 1])
Time: prepare 0.0054    bound 0.7707    transfer 0.0039    finalize 0.0290    func 0.8090    
Accumulated time: func 195.1608    prepare 4.4182    bound 183.2956    transfer 1.8676    finalize 8.4706    
max lb tensor(-934.) min lb tensor(-1138.)
Number of Verified Splits: 0 of 256
Current worst splitting domains lb-rhs (depth):
-1138.00000 (124), -1138.00000 (234), -1138.00000 (123), -1138.00000 (188), -1138.00000 (54), -1138.00000 (28), -1138.00000 (123), -1138.00000 (159), -1138.00000 (234), -1138.00000 (53), -1138.00000 (271), -1138.00000 (215), -1138.00000 (124), -1138.00000 (159), -1138.00000 (8), -1138.00000 (53), -1138.00000 (200), -1138.00000 (28), -1138.00000 (234), -1138.00000 (271), 
Length of domains: 37800
Current (lb-rhs): -1138.0
75516 domains visited
Time: pickout 0.0451    decision 0.2240    set_bounds 0.0043    solve 0.8095    add 0.0411    
Accumulated time: pickout 7.4908    decision 77.7332    set_bounds 3.5740    solve 195.3582    add 26.0359    
Cumulative time: 310.71152210235596

BaB round 297
batch: 128
splitting decisions: 
split level 0: [/55, 939] [/55, 550] [/55, 1163] [/55, 553] [/49, 617] [/55, 443] [/55, 927] [/55, 238] [/49, 2783] [/55, 625] 
best_l after optimization: -265954.8125
beta sum per layer: [0.0, 1.3866459131240845, 12.699313163757324, 3.619936943054199]
alpha/beta optimization time: 0.7711408138275146
pruning_in_iteration open status: False
ratio of positive domain = 0 / 256 = 0.0
pruning-in-iteration extra time: 0.00014448165893554688
torch.Size([256, 1])
Time: prepare 0.0049    bound 0.7726    transfer 0.0037    finalize 0.0273    func 0.8085    
Accumulated time: func 195.9693    prepare 4.4279    bound 184.0682    transfer 1.8713    finalize 8.4979    
max lb tensor(-934.) min lb tensor(-1138.)
Number of Verified Splits: 0 of 256
Current worst splitting domains lb-rhs (depth):
-1138.00000 (149), -1138.00000 (85), -1138.00000 (196), -1138.00000 (58), -1138.00000 (174), -1138.00000 (149), -1138.00000 (16), -1138.00000 (289), -1138.00000 (36), -1138.00000 (259), -1138.00000 (84), -1138.00000 (196), -1138.00000 (241), -1138.00000 (241), -1138.00000 (270), -1138.00000 (217), -1138.00000 (59), -1138.00000 (15), -1138.00000 (84), -1138.00000 (149), 
Length of domains: 37928
Current (lb-rhs): -1138.0
75772 domains visited
Time: pickout 0.0439    decision 0.2351    set_bounds 0.0077    solve 0.8090    add 0.0402    
Accumulated time: pickout 7.5346    decision 77.9684    set_bounds 3.5817    solve 196.1672    add 26.0761    
Cumulative time: 311.8485200405121

BaB round 298
batch: 128
splitting decisions: 
split level 0: [/49, 3631] [/55, 1563] [/55, 62] [/55, 739] [/49, 2099] [/49, 8677] [/55, 88] [/49, 2764] [/55, 502] [/55, 229] 
best_l after optimization: -265951.125
beta sum per layer: [0.0, 1.6503417491912842, 14.102458000183105, 3.5770626068115234]
alpha/beta optimization time: 0.7647221088409424
pruning_in_iteration open status: False
ratio of positive domain = 0 / 256 = 0.0
pruning-in-iteration extra time: 0.00015854835510253906
torch.Size([256, 1])
Time: prepare 0.0052    bound 0.7663    transfer 0.0039    finalize 0.0275    func 0.8029    
Accumulated time: func 196.7723    prepare 4.4400    bound 184.8345    transfer 1.8752    finalize 8.5254    
max lb tensor(-934.) min lb tensor(-1138.)
Number of Verified Splits: 0 of 256
Current worst splitting domains lb-rhs (depth):
-1138.00000 (181), -1138.00000 (137), -1138.00000 (112), -1138.00000 (206), -1138.00000 (163), -1138.00000 (22), -1138.00000 (256), -1138.00000 (43), -1138.00000 (284), -1138.00000 (101), -1138.00000 (261), -1138.00000 (215), -1138.00000 (229), -1138.00000 (278), -1138.00000 (76), -1138.00000 (75), -1138.00000 (236), -1138.00000 (114), -1138.00000 (32), -1138.00000 (210), 
Length of domains: 38056
Current (lb-rhs): -1138.0
76028 domains visited
Time: pickout 0.0454    decision 0.2698    set_bounds 0.0045    solve 0.8034    add 0.0397    
Accumulated time: pickout 7.5800    decision 78.2382    set_bounds 3.5862    solve 196.9706    add 26.1158    
Cumulative time: 313.0124845504761

BaB round 299
batch: 128
splitting decisions: 
split level 0: [/49, 1460] [/55, 506] [/55, 1166] [/55, 1395] [/49, 9546] [/49, 4138] [/55, 1081] [/55, 937] [/55, 1366] [/55, 947] 
best_l after optimization: -265957.1875
beta sum per layer: [0.0, 1.6016554832458496, 14.163000106811523, 3.8255269527435303]
alpha/beta optimization time: 0.770653247833252
pruning_in_iteration open status: False
ratio of positive domain = 0 / 256 = 0.0
pruning-in-iteration extra time: 0.0003399848937988281
torch.Size([256, 1])
Time: prepare 0.0049    bound 0.7723    transfer 0.0063    finalize 0.0307    func 0.8143    
Accumulated time: func 197.5865    prepare 4.4479    bound 185.6068    transfer 1.8815    finalize 8.5561    
max lb tensor(-934.) min lb tensor(-1138.)
Number of Verified Splits: 0 of 256
Current worst splitting domains lb-rhs (depth):
-1138.00000 (22), -1138.00000 (240), -1138.00000 (260), -1138.00000 (181), -1138.00000 (231), -1138.00000 (41), -1138.00000 (223), -1138.00000 (121), -1138.00000 (267), -1138.00000 (254), -1138.00000 (88), -1138.00000 (208), -1138.00000 (273), -1138.00000 (152), -1138.00000 (50), -1138.00000 (69), -1138.00000 (217), -1138.00000 (59), -1138.00000 (21), -1138.00000 (21), 
Length of domains: 38184
Current (lb-rhs): -1138.0
76284 domains visited
Time: pickout 0.0472    decision 0.2670    set_bounds 0.0042    solve 0.8148    add 0.0447    
Accumulated time: pickout 7.6272    decision 78.5053    set_bounds 3.5904    solve 197.7854    add 26.1605    
Cumulative time: 314.19158482551575

BaB round 300
batch: 128
splitting decisions: 
split level 0: [/55, 505] [/55, 1233] [/49, 3631] [/55, 29] [/49, 4305] [/55, 942] [/55, 933] [/49, 3603] [/55, 27] [/55, 1160] 
best_l after optimization: -265958.875
beta sum per layer: [0.0, 1.8928592205047607, 14.419435501098633, 3.625032901763916]
alpha/beta optimization time: 0.7669408321380615
pruning_in_iteration open status: False
ratio of positive domain = 0 / 256 = 0.0
pruning-in-iteration extra time: 0.00011324882507324219
torch.Size([256, 1])
Time: prepare 0.0050    bound 0.7684    transfer 0.0045    finalize 0.0326    func 0.8106    
Accumulated time: func 198.3971    prepare 4.4598    bound 186.3752    transfer 1.8860    finalize 8.5887    
max lb tensor(-934.) min lb tensor(-1138.)
Number of Verified Splits: 0 of 256
Current worst splitting domains lb-rhs (depth):
-1138.00000 (184), -1138.00000 (192), -1138.00000 (236), -1138.00000 (8), -1138.00000 (288), -1138.00000 (213), -1138.00000 (83), -1138.00000 (104), -1138.00000 (272), -1138.00000 (90), -1138.00000 (39), -1138.00000 (259), -1138.00000 (139), -1138.00000 (112), -1138.00000 (282), -1138.00000 (28), -1138.00000 (159), -1138.00000 (230), -1138.00000 (69), -1138.00000 (28), 
Length of domains: 38312
Current (lb-rhs): -1138.0
76540 domains visited
Time: pickout 0.0483    decision 0.2584    set_bounds 0.0043    solve 0.8111    add 0.0435    
Accumulated time: pickout 7.6755    decision 78.7637    set_bounds 3.5948    solve 198.5964    add 26.2040    
Cumulative time: 315.35843324661255

BaB round 301
batch: 128
splitting decisions: 
split level 0: [/55, 233] [/55, 1372] [/49, 7518] [/49, 784] [/55, 234] [/55, 939] [/55, 512] [/55, 72] [/55, 66] [/55, 100] 
best_l after optimization: -265963.90625
beta sum per layer: [0.0, 1.6899471282958984, 15.329933166503906, 3.7347018718719482]
alpha/beta optimization time: 0.7698886394500732
pruning_in_iteration open status: False
ratio of positive domain = 0 / 256 = 0.0
pruning-in-iteration extra time: 0.00015878677368164062
torch.Size([256, 1])
Time: prepare 0.0050    bound 0.7714    transfer 0.0042    finalize 0.0285    func 0.8092    
Accumulated time: func 199.2063    prepare 4.4677    bound 187.1466    transfer 1.8902    finalize 8.6172    
max lb tensor(-934.) min lb tensor(-1138.)
Number of Verified Splits: 0 of 256
Current worst splitting domains lb-rhs (depth):
-1138.00000 (202), -1138.00000 (145), -1138.00000 (44), -1138.00000 (81), -1138.00000 (297), -1138.00000 (191), -1138.00000 (273), -1138.00000 (228), -1138.00000 (10), -1138.00000 (44), -1138.00000 (222), -1138.00000 (175), -1138.00000 (81), -1138.00000 (117), -1138.00000 (247), -1138.00000 (291), -1138.00000 (130), -1138.00000 (145), -1138.00000 (81), -1138.00000 (161), 
Length of domains: 38440
Current (lb-rhs): -1138.0
76796 domains visited
Time: pickout 0.0487    decision 0.2277    set_bounds 0.0043    solve 0.8096    add 0.0427    
Accumulated time: pickout 7.7242    decision 78.9914    set_bounds 3.5991    solve 199.4061    add 26.2468    
Cumulative time: 316.4927110671997

BaB round 302
batch: 128
splitting decisions: 
split level 0: [/49, 3438] [/55, 872] [/55, 1372] [/55, 436] [/49, 1941] [/55, 557] [/55, 120] [/55, 1365] [/49, 3967] [/49, 4136] 
best_l after optimization: -265967.78125
beta sum per layer: [0.0, 1.925249457359314, 15.536611557006836, 3.7764222621917725]
alpha/beta optimization time: 0.5147929191589355
pruning_in_iteration open status: False
ratio of positive domain = 0 / 256 = 0.0
pruning-in-iteration extra time: 4.38690185546875e-05
torch.Size([256, 1])
Time: prepare 0.0050    bound 0.5162    transfer 0.0044    finalize 0.0284    func 0.5540    
Accumulated time: func 199.7603    prepare 4.4738    bound 187.6627    transfer 1.8946    finalize 8.6456    
max lb tensor(-934.) min lb tensor(-1138.)
Number of Verified Splits: 0 of 256
Current worst splitting domains lb-rhs (depth):
-1138.00000 (245), -1138.00000 (113), -1138.00000 (22), -1138.00000 (245), -1138.00000 (113), -1138.00000 (293), -1138.00000 (114), -1138.00000 (172), -1138.00000 (245), -1138.00000 (22), -1138.00000 (114), -1138.00000 (195), -1138.00000 (114), -1138.00000 (113), -1138.00000 (22), -1138.00000 (115), -1138.00000 (215), -1138.00000 (115), -1138.00000 (293), -1138.00000 (172), 
Length of domains: 38568
Current (lb-rhs): -1138.0
77052 domains visited
Time: pickout 0.0314    decision 0.1326    set_bounds 0.0079    solve 0.5545    add 0.0405    
Accumulated time: pickout 7.7556    decision 79.1240    set_bounds 3.6070    solve 199.9606    add 26.2873    
Cumulative time: 317.2608096599579

BaB round 303
batch: 128
splitting decisions: 
split level 0: [/55, 66] [/55, 187] [/55, 428] [/55, 1156] [/49, 9014] [/55, 248] [/55, 1157] [/55, 446] [/55, 1167] [/55, 506] 
best_l after optimization: -265969.1875
beta sum per layer: [0.0, 2.113255739212036, 15.651483535766602, 3.715334415435791]
alpha/beta optimization time: 0.561743974685669
pruning_in_iteration open status: False
ratio of positive domain = 0 / 256 = 0.0
pruning-in-iteration extra time: 3.695487976074219e-05
torch.Size([256, 1])
Time: prepare 0.0049    bound 0.5631    transfer 0.0043    finalize 0.0312    func 0.6035    
Accumulated time: func 200.3638    prepare 4.4945    bound 188.2258    transfer 1.8989    finalize 8.6768    
max lb tensor(-934.) min lb tensor(-1138.)
Number of Verified Splits: 0 of 256
Current worst splitting domains lb-rhs (depth):
-1138.00000 (76), -1138.00000 (122), -1138.00000 (214), -1138.00000 (220), -1138.00000 (59), -1138.00000 (37), -1138.00000 (50), -1138.00000 (196), -1138.00000 (45), -1138.00000 (32), -1138.00000 (209), -1138.00000 (30), -1138.00000 (226), -1138.00000 (14), -1138.00000 (115), -1138.00000 (300), -1138.00000 (67), -1138.00000 (174), -1138.00000 (296), -1138.00000 (131), 
Length of domains: 38696
Current (lb-rhs): -1138.0
77308 domains visited
Time: pickout 0.0429    decision 0.4365    set_bounds 0.0043    solve 0.6040    add 0.0455    
Accumulated time: pickout 7.7986    decision 79.5605    set_bounds 3.6113    solve 200.5646    add 26.3327    
Cumulative time: 318.3951759338379

BaB round 304
batch: 128
splitting decisions: 
split level 0: [/55, 1198] [/55, 236] [/49, 2760] [/55, 248] [/49, 10406] [/55, 928] [/55, 231] [/55, 1166] [/55, 247] [/55, 70] 
best_l after optimization: -265971.0
beta sum per layer: [0.0, 2.109189033508301, 16.151695251464844, 3.610989809036255]
alpha/beta optimization time: 0.6241145133972168
pruning_in_iteration open status: False
ratio of positive domain = 0 / 256 = 0.0
pruning-in-iteration extra time: 0.00015234947204589844
torch.Size([256, 1])
Time: prepare 0.0051    bound 0.6256    transfer 0.0042    finalize 0.0278    func 0.6628    
Accumulated time: func 201.0266    prepare 4.5225    bound 188.8514    transfer 1.9031    finalize 8.7046    
max lb tensor(-934.) min lb tensor(-1138.)
Number of Verified Splits: 0 of 256
Current worst splitting domains lb-rhs (depth):
-1138.00000 (203), -1138.00000 (116), -1138.00000 (276), -1138.00000 (29), -1138.00000 (236), -1138.00000 (169), -1138.00000 (246), -1138.00000 (8), -1138.00000 (35), -1138.00000 (261), -1138.00000 (205), -1138.00000 (72), -1138.00000 (211), -1138.00000 (83), -1138.00000 (58), -1138.00000 (135), -1138.00000 (116), -1138.00000 (182), -1138.00000 (302), -1138.00000 (58), 
Length of domains: 38824
Current (lb-rhs): -1138.0
77564 domains visited
Time: pickout 0.0456    decision 0.3904    set_bounds 0.0045    solve 0.6633    add 0.0417    
Accumulated time: pickout 7.8442    decision 79.9509    set_bounds 3.6158    solve 201.2278    add 26.3744    
Cumulative time: 319.54187750816345

BaB round 305
batch: 128
splitting decisions: 
split level 0: [/55, 443] [/55, 1171] [/55, 1371] [/55, 935] [/49, 3943] [/55, 1373] [/55, 1152] [/49, 4136] [/55, 1355] [/55, 738] 
best_l after optimization: -265973.375
beta sum per layer: [0.0, 2.1371960639953613, 16.341379165649414, 3.7501063346862793]
alpha/beta optimization time: 0.5834076404571533
pruning_in_iteration open status: False
ratio of positive domain = 0 / 256 = 0.0
pruning-in-iteration extra time: 4.0531158447265625e-05
torch.Size([256, 1])
Time: prepare 0.0054    bound 0.5848    transfer 0.0039    finalize 0.0317    func 0.6259    
Accumulated time: func 201.6525    prepare 4.5440    bound 189.4363    transfer 1.9070    finalize 8.7363    
max lb tensor(-934.) min lb tensor(-1138.)
Number of Verified Splits: 0 of 256
Current worst splitting domains lb-rhs (depth):
-1138.00000 (14), -1138.00000 (232), -1138.00000 (285), -1138.00000 (149), -1138.00000 (190), -1138.00000 (194), -1138.00000 (199), -1138.00000 (108), -1138.00000 (298), -1138.00000 (77), -1138.00000 (232), -1138.00000 (136), -1138.00000 (254), -1138.00000 (33), -1138.00000 (109), -1138.00000 (203), -1138.00000 (168), -1138.00000 (136), -1138.00000 (176), -1138.00000 (213), 
Length of domains: 38952
Current (lb-rhs): -1138.0
77820 domains visited
Time: pickout 0.0414    decision 0.3690    set_bounds 0.0043    solve 0.6264    add 0.0403    
Accumulated time: pickout 7.8856    decision 80.3198    set_bounds 3.6201    solve 201.8542    add 26.4148    
Cumulative time: 320.6243984699249

BaB round 306
batch: 128
splitting decisions: 
split level 0: [/55, 246] [/49, 3631] [/55, 112] [/55, 921] [/55, 945] [/55, 1163] [/55, 62] [/55, 1373] [/55, 53] [/55, 918] 
best_l after optimization: -265975.84375
beta sum per layer: [0.0, 2.5593979358673096, 17.034759521484375, 3.7494311332702637]
alpha/beta optimization time: 0.5954313278198242
pruning_in_iteration open status: False
ratio of positive domain = 0 / 256 = 0.0
pruning-in-iteration extra time: 3.790855407714844e-05
torch.Size([256, 1])
Time: prepare 0.0051    bound 0.5969    transfer 0.0057    finalize 0.0314    func 0.6391    
Accumulated time: func 202.2916    prepare 4.5725    bound 190.0332    transfer 1.9128    finalize 8.7677    
max lb tensor(-934.) min lb tensor(-1138.)
Number of Verified Splits: 0 of 256
Current worst splitting domains lb-rhs (depth):
-1138.00000 (114), -1138.00000 (81), -1138.00000 (58), -1138.00000 (189), -1138.00000 (266), -1138.00000 (31), -1138.00000 (15), -1138.00000 (8), -1138.00000 (140), -1138.00000 (278), -1138.00000 (82), -1138.00000 (249), -1138.00000 (183), -1138.00000 (57), -1138.00000 (235), -1138.00000 (279), -1138.00000 (140), -1138.00000 (24), -1138.00000 (236), -1138.00000 (199), 
Length of domains: 39080
Current (lb-rhs): -1138.0
78076 domains visited
Time: pickout 0.0461    decision 0.4365    set_bounds 0.0043    solve 0.6396    add 0.0410    
Accumulated time: pickout 7.9317    decision 80.7563    set_bounds 3.6244    solve 202.4938    add 26.4557    
Cumulative time: 321.7930541038513

BaB round 307
batch: 128
splitting decisions: 
split level 0: [/55, 117] [/55, 196] [/49, 4695] [/55, 1160] [/55, 230] [/55, 1264] [/55, 561] [/55, 1198] [/55, 37] [/55, 60] 
best_l after optimization: -265981.59375
beta sum per layer: [0.0, 2.2954251766204834, 17.281536102294922, 3.730637550354004]
alpha/beta optimization time: 0.5456812381744385
pruning_in_iteration open status: False
ratio of positive domain = 0 / 256 = 0.0
pruning-in-iteration extra time: 4.029273986816406e-05
torch.Size([256, 1])
Time: prepare 0.0050    bound 0.5470    transfer 0.0042    finalize 0.0283    func 0.5846    
Accumulated time: func 202.8763    prepare 4.5994    bound 190.5802    transfer 1.9170    finalize 8.7960    
max lb tensor(-934.) min lb tensor(-1138.)
Number of Verified Splits: 0 of 256
Current worst splitting domains lb-rhs (depth):
-1138.00000 (287), -1138.00000 (254), -1138.00000 (186), -1138.00000 (104), -1138.00000 (303), -1138.00000 (163), -1138.00000 (80), -1138.00000 (116), -1138.00000 (32), -1138.00000 (131), -1138.00000 (196), -1138.00000 (237), -1138.00000 (218), -1138.00000 (80), -1138.00000 (254), -1138.00000 (9), -1138.00000 (33), -1138.00000 (196), -1138.00000 (178), -1138.00000 (218), 
Length of domains: 39208
Current (lb-rhs): -1138.0
78332 domains visited
Time: pickout 0.0485    decision 0.4434    set_bounds 0.0079    solve 0.5851    add 0.0412    
Accumulated time: pickout 7.9802    decision 81.1998    set_bounds 3.6322    solve 203.0789    add 26.4969    
Cumulative time: 322.92037057876587

BaB round 308
batch: 128
splitting decisions: 
split level 0: [/55, 33] [/55, 1362] [/55, 42] [/55, 949] [/55, 693] [/55, 1162] [/49, 10365] [/49, 80] [/49, 7349] [/55, 458] 
best_l after optimization: -265984.84375
beta sum per layer: [0.0, 2.7527999877929688, 17.966028213500977, 3.825298309326172]
alpha/beta optimization time: 0.5621674060821533
pruning_in_iteration open status: False
ratio of positive domain = 0 / 256 = 0.0
pruning-in-iteration extra time: 4.029273986816406e-05
torch.Size([256, 1])
Time: prepare 0.0050    bound 0.5636    transfer 0.0038    finalize 0.0270    func 0.5995    
Accumulated time: func 203.4757    prepare 4.6404    bound 191.1439    transfer 1.9207    finalize 8.8230    
max lb tensor(-934.) min lb tensor(-1138.)
Number of Verified Splits: 0 of 256
Current worst splitting domains lb-rhs (depth):
-1138.00000 (215), -1138.00000 (42), -1138.00000 (243), -1138.00000 (235), -1138.00000 (74), -1138.00000 (272), -1138.00000 (58), -1138.00000 (128), -1138.00000 (184), -1138.00000 (94), -1138.00000 (293), -1138.00000 (94), -1138.00000 (145), -1138.00000 (74), -1138.00000 (15), -1138.00000 (261), -1138.00000 (284), -1138.00000 (20), -1138.00000 (164), -1138.00000 (75), 
Length of domains: 39336
Current (lb-rhs): -1138.0
78588 domains visited
Time: pickout 0.0464    decision 0.4380    set_bounds 0.0044    solve 0.5999    add 0.0403    
Accumulated time: pickout 8.0266    decision 81.6378    set_bounds 3.6367    solve 203.6789    add 26.5373    
Cumulative time: 324.0507061481476

BaB round 309
batch: 128
splitting decisions: 
split level 0: [/55, 940] [/55, 1167] [/49, 7338] [/49, 9349] [/55, 5] [/55, 1365] [/49, 3436] [/49, 6672] [/55, 410] [/55, 926] 
best_l after optimization: -265984.59375
beta sum per layer: [0.0, 2.7411949634552, 18.090240478515625, 3.7749805450439453]
alpha/beta optimization time: 0.5577938556671143
pruning_in_iteration open status: False
ratio of positive domain = 0 / 256 = 0.0
pruning-in-iteration extra time: 3.6716461181640625e-05
torch.Size([256, 1])
Time: prepare 0.0056    bound 0.5592    transfer 0.0052    finalize 0.0329    func 0.6029    
Accumulated time: func 204.0787    prepare 4.6615    bound 191.7030    transfer 1.9259    finalize 8.8559    
max lb tensor(-934.) min lb tensor(-1138.)
Number of Verified Splits: 0 of 256
Current worst splitting domains lb-rhs (depth):
-1138.00000 (25), -1138.00000 (261), -1138.00000 (93), -1138.00000 (300), -1138.00000 (39), -1138.00000 (136), -1138.00000 (285), -1138.00000 (202), -1138.00000 (9), -1138.00000 (241), -1138.00000 (278), -1138.00000 (101), -1138.00000 (49), -1138.00000 (124), -1138.00000 (18), -1138.00000 (27), -1138.00000 (126), -1138.00000 (145), -1138.00000 (247), -1138.00000 (217), 
Length of domains: 39464
Current (lb-rhs): -1138.0
78844 domains visited
Time: pickout 0.0457    decision 0.4353    set_bounds 0.0081    solve 0.6034    add 0.0388    
Accumulated time: pickout 8.0723    decision 82.0730    set_bounds 3.6447    solve 204.2823    add 26.5761    
Cumulative time: 325.18314909935

BaB round 310
batch: 128
splitting decisions: 
split level 0: [/55, 1082] [/55, 558] [/49, 8001] [/55, 23] [/55, 1169] [/55, 1259] [/49, 3462] [/55, 940] [/55, 1165] [/55, 240] 
best_l after optimization: -265989.21875
beta sum per layer: [0.0, 2.711960792541504, 18.700166702270508, 3.805821418762207]
alpha/beta optimization time: 0.7611277103424072
pruning_in_iteration open status: False
ratio of positive domain = 0 / 256 = 0.0
pruning-in-iteration extra time: 3.790855407714844e-05
torch.Size([256, 1])
Time: prepare 0.0213    bound 0.7626    transfer 0.0039    finalize 0.0301    func 0.8180    
Accumulated time: func 204.8967    prepare 4.6857    bound 192.4656    transfer 1.9298    finalize 8.8860    
max lb tensor(-934.) min lb tensor(-1138.)
Number of Verified Splits: 0 of 256
Current worst splitting domains lb-rhs (depth):
-1138.00000 (263), -1138.00000 (201), -1138.00000 (190), -1138.00000 (95), -1138.00000 (135), -1138.00000 (154), -1138.00000 (170), -1138.00000 (242), -1138.00000 (94), -1138.00000 (42), -1138.00000 (290), -1138.00000 (263), -1138.00000 (94), -1138.00000 (43), -1138.00000 (136), -1138.00000 (12), -1138.00000 (94), -1138.00000 (170), -1138.00000 (190), -1138.00000 (213), 
Length of domains: 39592
Current (lb-rhs): -1138.0
79100 domains visited
Time: pickout 0.0304    decision 0.3121    set_bounds 0.0123    solve 0.8184    add 0.0404    
Accumulated time: pickout 8.1027    decision 82.3852    set_bounds 3.6570    solve 205.1007    add 26.6165    
Cumulative time: 326.398047208786

BaB round 311
batch: 128
splitting decisions: 
split level 0: [/55, 731] [/49, 5490] [/55, 244] [/55, 1288] [/55, 557] [/55, 910] [/55, 698] [/55, 67] [/55, 521] [/55, 936] 
best_l after optimization: -265993.3125
beta sum per layer: [0.0, 3.109809398651123, 19.721271514892578, 3.7563369274139404]
alpha/beta optimization time: 0.36568331718444824
pruning_in_iteration open status: False
ratio of positive domain = 0 / 256 = 0.0
pruning-in-iteration extra time: 0.00014257431030273438
torch.Size([256, 1])
Time: prepare 0.0051    bound 0.3671    transfer 0.0040    finalize 0.0196    func 0.3959    
Accumulated time: func 205.2925    prepare 4.6920    bound 192.8328    transfer 1.9338    finalize 8.9056    
max lb tensor(-934.) min lb tensor(-1138.)
Number of Verified Splits: 0 of 256
Current worst splitting domains lb-rhs (depth):
-1138.00000 (176), -1138.00000 (73), -1138.00000 (191), -1138.00000 (263), -1138.00000 (303), -1138.00000 (217), -1138.00000 (73), -1138.00000 (138), -1138.00000 (263), -1138.00000 (73), -1138.00000 (15), -1138.00000 (217), -1138.00000 (139), -1138.00000 (138), -1138.00000 (74), -1138.00000 (262), -1138.00000 (74), -1138.00000 (138), -1138.00000 (262), -1138.00000 (304), 
Length of domains: 39720
Current (lb-rhs): -1138.0
79356 domains visited
Time: pickout 0.0348    decision 0.1333    set_bounds 0.0043    solve 0.3964    add 0.0426    
Accumulated time: pickout 8.1374    decision 82.5185    set_bounds 3.6613    solve 205.4971    add 26.6591    
Cumulative time: 327.0125753879547

BaB round 312
batch: 128
splitting decisions: 
split level 0: [/55, 943] [/55, 460] [/49, 5466] [/55, 931] [/55, 942] [/55, 747] [/49, 8508] [/49, 4422] [/55, 1373] [/49, 3438] 
best_l after optimization: -265997.375
beta sum per layer: [0.0, 2.949903726577759, 19.86202049255371, 3.73870587348938]
alpha/beta optimization time: 0.36796140670776367
pruning_in_iteration open status: False
ratio of positive domain = 0 / 256 = 0.0
pruning-in-iteration extra time: 4.1484832763671875e-05
torch.Size([256, 1])
Time: prepare 0.0052    bound 0.3694    transfer 0.0042    finalize 0.0415    func 0.4203    
Accumulated time: func 205.7128    prepare 4.6983    bound 193.2021    transfer 1.9381    finalize 8.9471    
max lb tensor(-934.) min lb tensor(-1138.)
Number of Verified Splits: 0 of 256
Current worst splitting domains lb-rhs (depth):
-1138.00000 (174), -1138.00000 (124), -1138.00000 (105), -1138.00000 (140), -1138.00000 (61), -1138.00000 (260), -1138.00000 (194), -1138.00000 (208), -1138.00000 (282), -1138.00000 (17), -1138.00000 (237), -1138.00000 (62), -1138.00000 (219), -1138.00000 (157), -1138.00000 (105), -1138.00000 (62), -1138.00000 (267), -1138.00000 (17), -1138.00000 (306), -1138.00000 (133), 
Length of domains: 39848
Current (lb-rhs): -1138.0
79612 domains visited
Time: pickout 0.0317    decision 0.1335    set_bounds 0.0044    solve 0.4208    add 0.0492    
Accumulated time: pickout 8.1692    decision 82.6520    set_bounds 3.6656    solve 205.9179    add 26.7083    
Cumulative time: 327.65335059165955

BaB round 313
batch: 128
splitting decisions: 
split level 0: [/55, 741] [/55, 1160] [/55, 449] [/55, 246] [/49, 3451] [/55, 1174] [/55, 452] [/49, 613] [/55, 1160] [/55, 230] 
best_l after optimization: -266001.15625
beta sum per layer: [0.0, 3.0292789936065674, 20.10293197631836, 3.9525842666625977]
alpha/beta optimization time: 0.3784167766571045
pruning_in_iteration open status: False
ratio of positive domain = 0 / 256 = 0.0
pruning-in-iteration extra time: 0.00010824203491210938
torch.Size([256, 1])
Time: prepare 0.0050    bound 0.3799    transfer 0.0040    finalize 0.0187    func 0.4078    
Accumulated time: func 206.1206    prepare 4.7045    bound 193.5820    transfer 1.9421    finalize 8.9658    
max lb tensor(-934.) min lb tensor(-1138.)
Number of Verified Splits: 0 of 256
Current worst splitting domains lb-rhs (depth):
-1138.00000 (127), -1138.00000 (227), -1138.00000 (191), -1138.00000 (88), -1138.00000 (181), -1138.00000 (288), -1138.00000 (100), -1138.00000 (93), -1138.00000 (82), -1138.00000 (119), -1138.00000 (311), -1138.00000 (258), -1138.00000 (265), -1138.00000 (33), -1138.00000 (21), -1138.00000 (141), -1138.00000 (134), -1138.00000 (232), -1138.00000 (57), -1138.00000 (192), 
Length of domains: 39976
Current (lb-rhs): -1138.0
79868 domains visited
Time: pickout 0.0321    decision 0.1368    set_bounds 0.0042    solve 0.4082    add 0.0422    
Accumulated time: pickout 8.2013    decision 82.7888    set_bounds 3.6699    solve 206.3261    add 26.7505    
Cumulative time: 328.28036880493164

BaB round 314
batch: 128
splitting decisions: 
split level 0: [/55, 71] [/55, 1360] [/55, 1180] [/55, 124] [/49, 5322] [/49, 6166] [/55, 1367] [/55, 744] [/55, 1297] [/49, 8677] 
best_l after optimization: -266002.1875
beta sum per layer: [0.0, 3.4564080238342285, 20.1289005279541, 3.9839298725128174]
alpha/beta optimization time: 0.3736107349395752
pruning_in_iteration open status: False
ratio of positive domain = 0 / 256 = 0.0
pruning-in-iteration extra time: 4.076957702636719e-05
torch.Size([256, 1])
Time: prepare 0.0072    bound 0.3751    transfer 0.0046    finalize 0.0399    func 0.4268    
Accumulated time: func 206.5474    prepare 4.7132    bound 193.9571    transfer 1.9467    finalize 9.0057    
max lb tensor(-934.) min lb tensor(-1138.)
Number of Verified Splits: 0 of 256
Current worst splitting domains lb-rhs (depth):
-1138.00000 (160), -1138.00000 (273), -1138.00000 (83), -1138.00000 (161), -1138.00000 (84), -1138.00000 (15), -1138.00000 (273), -1138.00000 (84), -1138.00000 (160), -1138.00000 (233), -1138.00000 (84), -1138.00000 (272), -1138.00000 (232), -1138.00000 (85), -1138.00000 (309), -1138.00000 (200), -1138.00000 (15), -1138.00000 (85), -1138.00000 (272), -1138.00000 (233), 
Length of domains: 40104
Current (lb-rhs): -1138.0
80124 domains visited
Time: pickout 0.0338    decision 0.1404    set_bounds 0.0093    solve 0.4272    add 0.0505    
Accumulated time: pickout 8.2351    decision 82.9292    set_bounds 3.6791    solve 206.7533    add 26.8010    
Cumulative time: 328.94279313087463

BaB round 315
batch: 128
splitting decisions: 
split level 0: [/49, 8387] [/55, 1177] [/55, 1177] [/49, 119] [/55, 969] [/55, 1110] [/55, 114] [/55, 926] [/55, 1447] [/55, 1156] 
best_l after optimization: -266004.6875
beta sum per layer: [0.0, 3.4136476516723633, 20.912803649902344, 3.8617680072784424]
alpha/beta optimization time: 0.3679213523864746
pruning_in_iteration open status: False
ratio of positive domain = 0 / 256 = 0.0
pruning-in-iteration extra time: 3.743171691894531e-05
torch.Size([256, 1])
Time: prepare 0.0052    bound 0.3693    transfer 0.0041    finalize 0.0180    func 0.3967    
Accumulated time: func 206.9441    prepare 4.7196    bound 194.3264    transfer 1.9507    finalize 9.0237    
max lb tensor(-934.) min lb tensor(-1138.)
Number of Verified Splits: 0 of 256
Current worst splitting domains lb-rhs (depth):
-1138.00000 (37), -1138.00000 (112), -1138.00000 (292), -1138.00000 (240), -1138.00000 (111), -1138.00000 (37), -1138.00000 (111), -1138.00000 (240), -1138.00000 (154), -1138.00000 (10), -1138.00000 (210), -1138.00000 (173), -1138.00000 (111), -1138.00000 (292), -1138.00000 (241), -1138.00000 (110), -1138.00000 (37), -1138.00000 (110), -1138.00000 (292), -1138.00000 (311), 
Length of domains: 40232
Current (lb-rhs): -1138.0
80380 domains visited
Time: pickout 0.0331    decision 0.1343    set_bounds 0.0044    solve 0.3973    add 0.0455    
Accumulated time: pickout 8.2682    decision 83.0635    set_bounds 3.6836    solve 207.1507    add 26.8465    
Cumulative time: 329.5609805583954

BaB round 316
batch: 128
splitting decisions: 
split level 0: [/55, 1181] [/55, 520] [/49, 8506] [/49, 2812] [/55, 236] [/55, 240] [/55, 944] [/49, 3658] [/55, 461] [/55, 449] 
best_l after optimization: -266006.25
beta sum per layer: [0.0, 3.5836598873138428, 21.5022029876709, 4.016702651977539]
alpha/beta optimization time: 0.36583471298217773
pruning_in_iteration open status: False
ratio of positive domain = 0 / 256 = 0.0
pruning-in-iteration extra time: 3.886222839355469e-05
torch.Size([256, 1])
Time: prepare 0.0049    bound 0.3672    transfer 0.0036    finalize 0.0360    func 0.4118    
Accumulated time: func 207.3559    prepare 4.7257    bound 194.6936    transfer 1.9544    finalize 9.0598    
max lb tensor(-934.) min lb tensor(-1138.)
Number of Verified Splits: 0 of 256
Current worst splitting domains lb-rhs (depth):
-1138.00000 (122), -1138.00000 (146), -1138.00000 (296), -1138.00000 (123), -1138.00000 (274), -1138.00000 (23), -1138.00000 (44), -1138.00000 (307), -1138.00000 (183), -1138.00000 (218), -1138.00000 (242), -1138.00000 (85), -1138.00000 (68), -1138.00000 (147), -1138.00000 (223), -1138.00000 (196), -1138.00000 (255), -1138.00000 (86), -1138.00000 (122), -1138.00000 (68), 
Length of domains: 40360
Current (lb-rhs): -1138.0
80636 domains visited
Time: pickout 0.0337    decision 0.1364    set_bounds 0.0043    solve 0.4123    add 0.0472    
Accumulated time: pickout 8.3019    decision 83.1999    set_bounds 3.6878    solve 207.5629    add 26.8938    
Cumulative time: 330.19615387916565

BaB round 317
batch: 128
splitting decisions: 
split level 0: [/55, 966] [/55, 1153] [/55, 1161] [/55, 1079] [/55, 227] [/55, 516] [/49, 4463] [/55, 244] [/55, 449] [/55, 1163] 
best_l after optimization: -266012.0625
beta sum per layer: [0.0, 3.854731559753418, 21.987850189208984, 3.9688687324523926]
alpha/beta optimization time: 0.37798643112182617
pruning_in_iteration open status: False
ratio of positive domain = 0 / 256 = 0.0
pruning-in-iteration extra time: 3.790855407714844e-05
torch.Size([256, 1])
Time: prepare 0.0050    bound 0.3794    transfer 0.0040    finalize 0.0213    func 0.4097    
Accumulated time: func 207.7656    prepare 4.7318    bound 195.0730    transfer 1.9584    finalize 9.0811    
max lb tensor(-934.) min lb tensor(-1138.)
Number of Verified Splits: 0 of 256
Current worst splitting domains lb-rhs (depth):
-1138.00000 (310), -1138.00000 (226), -1138.00000 (30), -1138.00000 (279), -1138.00000 (88), -1138.00000 (259), -1138.00000 (166), -1138.00000 (240), -1138.00000 (7), -1138.00000 (58), -1138.00000 (26), -1138.00000 (135), -1138.00000 (119), -1138.00000 (279), -1138.00000 (72), -1138.00000 (204), -1138.00000 (58), -1138.00000 (80), -1138.00000 (166), -1138.00000 (225), 
Length of domains: 40488
Current (lb-rhs): -1138.0
80892 domains visited
Time: pickout 0.0324    decision 0.1325    set_bounds 0.0042    solve 0.4102    add 0.0404    
Accumulated time: pickout 8.3343    decision 83.3324    set_bounds 3.6920    solve 207.9731    add 26.9342    
Cumulative time: 330.8191704750061

BaB round 318
batch: 128
splitting decisions: 
split level 0: [/55, 1083] [/49, 8504] [/49, 69] [/55, 60] [/49, 3449] [/55, 242] [/49, 7349] [/55, 237] [/55, 903] [/55, 248] 
best_l after optimization: -266013.96875
beta sum per layer: [0.0, 3.8690433502197266, 22.01094627380371, 3.9633774757385254]
alpha/beta optimization time: 0.3692026138305664
pruning_in_iteration open status: False
ratio of positive domain = 0 / 256 = 0.0
pruning-in-iteration extra time: 0.00010991096496582031
torch.Size([256, 1])
Time: prepare 0.0050    bound 0.3706    transfer 0.0039    finalize 0.0371    func 0.4166    
Accumulated time: func 208.1823    prepare 4.7383    bound 195.4436    transfer 1.9623    finalize 9.1182    
max lb tensor(-934.) min lb tensor(-1138.)
Number of Verified Splits: 0 of 256
Current worst splitting domains lb-rhs (depth):
-1138.00000 (81), -1138.00000 (278), -1138.00000 (148), -1138.00000 (314), -1138.00000 (246), -1138.00000 (81), -1138.00000 (43), -1138.00000 (204), -1138.00000 (172), -1138.00000 (43), -1138.00000 (12), -1138.00000 (298), -1138.00000 (257), -1138.00000 (298), -1138.00000 (43), -1138.00000 (104), -1138.00000 (278), -1138.00000 (236), -1138.00000 (214), -1138.00000 (81), 
Length of domains: 40616
Current (lb-rhs): -1138.0
81148 domains visited
Time: pickout 0.0316    decision 0.1382    set_bounds 0.0043    solve 0.4171    add 0.0446    
Accumulated time: pickout 8.3659    decision 83.4706    set_bounds 3.6963    solve 208.3902    add 26.9787    
Cumulative time: 331.456095457077

BaB round 319
batch: 128
splitting decisions: 
split level 0: [/55, 1287] [/55, 115] [/55, 928] [/55, 963] [/49, 3776] [/55, 59] [/49, 4294] [/55, 1355] [/55, 452] [/49, 4134] 
best_l after optimization: -266017.25
beta sum per layer: [0.0, 4.193194389343262, 22.86227035522461, 3.731034278869629]
alpha/beta optimization time: 0.37775230407714844
pruning_in_iteration open status: False
ratio of positive domain = 0 / 256 = 0.0
pruning-in-iteration extra time: 3.552436828613281e-05
torch.Size([256, 1])
Time: prepare 0.0051    bound 0.3791    transfer 0.0037    finalize 0.0176    func 0.4055    
Accumulated time: func 208.5878    prepare 4.7445    bound 195.8227    transfer 1.9660    finalize 9.1358    
max lb tensor(-934.) min lb tensor(-1138.)
Number of Verified Splits: 0 of 256
Current worst splitting domains lb-rhs (depth):
-1138.00000 (173), -1138.00000 (151), -1138.00000 (16), -1138.00000 (182), -1138.00000 (253), -1138.00000 (9), -1138.00000 (27), -1138.00000 (82), -1138.00000 (261), -1138.00000 (257), -1138.00000 (85), -1138.00000 (195), -1138.00000 (311), -1138.00000 (297), -1138.00000 (48), -1138.00000 (54), -1138.00000 (114), -1138.00000 (77), -1138.00000 (276), -1138.00000 (129), 
Length of domains: 40744
Current (lb-rhs): -1138.0
81404 domains visited
Time: pickout 0.0311    decision 0.1310    set_bounds 0.0079    solve 0.4060    add 0.0410    
Accumulated time: pickout 8.3971    decision 83.6017    set_bounds 3.7042    solve 208.7962    add 27.0198    
Cumulative time: 332.0767402648926

BaB round 320
batch: 128
splitting decisions: 
split level 0: [/49, 1265] [/49, 9024] [/49, 3497] [/49, 4136] [/55, 247] [/55, 61] [/49, 590] [/55, 509] [/49, 7373] [/49, 7516] 
best_l after optimization: -266020.3125
beta sum per layer: [0.0, 4.338263511657715, 22.91726303100586, 3.871721029281616]
alpha/beta optimization time: 0.36652588844299316
pruning_in_iteration open status: False
ratio of positive domain = 0 / 256 = 0.0
pruning-in-iteration extra time: 3.910064697265625e-05
torch.Size([256, 1])
Time: prepare 0.0049    bound 0.3678    transfer 0.0041    finalize 0.0379    func 0.4148    
Accumulated time: func 209.0026    prepare 4.7505    bound 196.1905    transfer 1.9701    finalize 9.1737    
max lb tensor(-934.) min lb tensor(-1138.)
Number of Verified Splits: 0 of 256
Current worst splitting domains lb-rhs (depth):
-1138.00000 (215), -1138.00000 (246), -1138.00000 (51), -1138.00000 (198), -1138.00000 (239), -1138.00000 (15), -1138.00000 (253), -1138.00000 (160), -1138.00000 (296), -1138.00000 (36), -1138.00000 (64), -1138.00000 (191), -1138.00000 (281), -1138.00000 (309), -1138.00000 (286), -1138.00000 (205), -1138.00000 (76), -1138.00000 (25), -1138.00000 (146), -1138.00000 (278), 
Length of domains: 40872
Current (lb-rhs): -1138.0
81660 domains visited
Time: pickout 0.0316    decision 0.1316    set_bounds 0.0041    solve 0.4153    add 0.0491    
Accumulated time: pickout 8.4286    decision 83.7333    set_bounds 3.7083    solve 209.2115    add 27.0688    
Cumulative time: 332.7097227573395

BaB round 321
batch: 128
splitting decisions: 
split level 0: [/49, 9352] [/55, 552] [/49, 3449] [/49, 4110] [/49, 56] [/55, 33] [/49, 4450] [/49, 2099] [/55, 233] [/55, 968] 
best_l after optimization: -266020.84375
beta sum per layer: [0.0, 4.414461135864258, 23.10959243774414, 3.8153176307678223]
alpha/beta optimization time: 0.36370277404785156
pruning_in_iteration open status: False
ratio of positive domain = 0 / 256 = 0.0
pruning-in-iteration extra time: 0.00011086463928222656
torch.Size([256, 1])
Time: prepare 0.0050    bound 0.3651    transfer 0.0039    finalize 0.0164    func 0.3904    
Accumulated time: func 209.3930    prepare 4.7567    bound 196.5556    transfer 1.9740    finalize 9.1901    
max lb tensor(-934.) min lb tensor(-1138.)
Number of Verified Splits: 0 of 256
Current worst splitting domains lb-rhs (depth):
-1138.00000 (96), -1138.00000 (158), -1138.00000 (257), -1138.00000 (184), -1138.00000 (83), -1138.00000 (67), -1138.00000 (18), -1138.00000 (88), -1138.00000 (114), -1138.00000 (136), -1138.00000 (306), -1138.00000 (269), -1138.00000 (165), -1138.00000 (233), -1138.00000 (151), -1138.00000 (47), -1138.00000 (180), -1138.00000 (26), -1138.00000 (143), -1138.00000 (129), 
Length of domains: 41000
Current (lb-rhs): -1138.0
81916 domains visited
Time: pickout 0.0327    decision 0.1323    set_bounds 0.0080    solve 0.3908    add 0.0398    
Accumulated time: pickout 8.4613    decision 83.8656    set_bounds 3.7164    solve 209.6023    add 27.1087    
Cumulative time: 333.3167452812195

BaB round 322
batch: 128
splitting decisions: 
split level 0: [/49, 3620] [/55, 131] [/49, 1083] [/49, 3774] [/49, 3607] [/55, 42] [/49, 6166] [/55, 39] [/55, 558] [/49, 8359] 
best_l after optimization: -266022.96875
beta sum per layer: [0.0, 4.743027687072754, 23.804428100585938, 4.045800685882568]
alpha/beta optimization time: 0.3655667304992676
pruning_in_iteration open status: False
ratio of positive domain = 0 / 256 = 0.0
pruning-in-iteration extra time: 4.00543212890625e-05
torch.Size([256, 1])
Time: prepare 0.0052    bound 0.3670    transfer 0.0039    finalize 0.0354    func 0.4115    
Accumulated time: func 209.8045    prepare 4.7630    bound 196.9226    transfer 1.9779    finalize 9.2254    
max lb tensor(-934.) min lb tensor(-1138.)
Number of Verified Splits: 0 of 256
Current worst splitting domains lb-rhs (depth):
-1138.00000 (153), -1138.00000 (259), -1138.00000 (125), -1138.00000 (180), -1138.00000 (81), -1138.00000 (311), -1138.00000 (64), -1138.00000 (203), -1138.00000 (25), -1138.00000 (282), -1138.00000 (291), -1138.00000 (230), -1138.00000 (101), -1138.00000 (180), -1138.00000 (320), -1138.00000 (126), -1138.00000 (151), -1138.00000 (9), -1138.00000 (64), -1138.00000 (272), 
Length of domains: 41128
Current (lb-rhs): -1138.0
82172 domains visited
Time: pickout 0.0323    decision 0.1335    set_bounds 0.0044    solve 0.4120    add 0.0476    
Accumulated time: pickout 8.4936    decision 83.9991    set_bounds 3.7207    solve 210.0143    add 27.1563    
Cumulative time: 333.9477128982544

BaB round 323
batch: 128
splitting decisions: 
split level 0: [/49, 70] [/49, 3618] [/55, 87] [/55, 25] [/49, 8339] [/55, 949] [/55, 244] [/49, 1770] [/55, 187] [/55, 66] 
best_l after optimization: -266026.0625
beta sum per layer: [0.0, 4.853341579437256, 24.21127700805664, 3.7883639335632324]
alpha/beta optimization time: 0.3612544536590576
pruning_in_iteration open status: False
ratio of positive domain = 0 / 256 = 0.0
pruning-in-iteration extra time: 5.936622619628906e-05
torch.Size([256, 1])
Time: prepare 0.0050    bound 0.3626    transfer 0.0041    finalize 0.0165    func 0.3882    
Accumulated time: func 210.1927    prepare 4.7692    bound 197.2852    transfer 1.9820    finalize 9.2419    
max lb tensor(-934.) min lb tensor(-1138.)
Number of Verified Splits: 0 of 256
Current worst splitting domains lb-rhs (depth):
-1138.00000 (40), -1138.00000 (59), -1138.00000 (285), -1138.00000 (30), -1138.00000 (177), -1138.00000 (204), -1138.00000 (155), -1138.00000 (198), -1138.00000 (9), -1138.00000 (81), -1138.00000 (300), -1138.00000 (195), -1138.00000 (142), -1138.00000 (120), -1138.00000 (16), -1138.00000 (287), -1138.00000 (274), -1138.00000 (174), -1138.00000 (86), -1138.00000 (222), 
Length of domains: 41256
Current (lb-rhs): -1138.0
82428 domains visited
Time: pickout 0.0313    decision 0.1320    set_bounds 0.0042    solve 0.3887    add 0.0410    
Accumulated time: pickout 8.5249    decision 84.1312    set_bounds 3.7250    solve 210.4030    add 27.1973    
Cumulative time: 334.54830956459045

BaB round 324
batch: 128
splitting decisions: 
split level 0: [/55, 942] [/55, 735] [/49, 1941] [/49, 3447] [/55, 123] [/55, 566] [/49, 10392] [/49, 5832] [/55, 55] [/49, 8872] 
best_l after optimization: -266028.4375
beta sum per layer: [0.0, 5.104537010192871, 24.75455093383789, 3.989504337310791]
alpha/beta optimization time: 0.3912513256072998
pruning_in_iteration open status: False
ratio of positive domain = 0 / 256 = 0.0
pruning-in-iteration extra time: 4.2438507080078125e-05
torch.Size([256, 1])
Time: prepare 0.0049    bound 0.3926    transfer 0.0055    finalize 0.0427    func 0.4457    
Accumulated time: func 210.6384    prepare 4.7752    bound 197.6778    transfer 1.9875    finalize 9.2846    
max lb tensor(-934.) min lb tensor(-1138.)
Number of Verified Splits: 0 of 256
Current worst splitting domains lb-rhs (depth):
-1138.00000 (115), -1138.00000 (205), -1138.00000 (164), -1138.00000 (322), -1138.00000 (97), -1138.00000 (183), -1138.00000 (56), -1138.00000 (121), -1138.00000 (9), -1138.00000 (155), -1138.00000 (175), -1138.00000 (307), -1138.00000 (235), -1138.00000 (271), -1138.00000 (72), -1138.00000 (150), -1138.00000 (263), -1138.00000 (30), -1138.00000 (291), -1138.00000 (68), 
Length of domains: 41384
Current (lb-rhs): -1138.0
82684 domains visited
Time: pickout 0.0330    decision 0.1320    set_bounds 0.0042    solve 0.4462    add 0.0504    
Accumulated time: pickout 8.5579    decision 84.2632    set_bounds 3.7291    solve 210.8492    add 27.2477    
Cumulative time: 335.215478181839

BaB round 325
batch: 128
splitting decisions: 
split level 0: [/55, 888] [/49, 4140] [/49, 2823] [/49, 3486] [/49, 8220] [/49, 3126] [/55, 44] [/55, 235] [/49, 3633] [/55, 734] 
best_l after optimization: -266030.46875
beta sum per layer: [0.0, 5.608244895935059, 24.797821044921875, 4.02182674407959]
alpha/beta optimization time: 0.4001274108886719
pruning_in_iteration open status: False
ratio of positive domain = 0 / 256 = 0.0
pruning-in-iteration extra time: 4.124641418457031e-05
torch.Size([256, 1])
Time: prepare 0.0052    bound 0.4015    transfer 0.0051    finalize 0.0194    func 0.4313    
Accumulated time: func 211.0697    prepare 4.7821    bound 198.0793    transfer 1.9926    finalize 9.3040    
max lb tensor(-934.) min lb tensor(-1138.)
Number of Verified Splits: 0 of 256
Current worst splitting domains lb-rhs (depth):
-1138.00000 (78), -1138.00000 (274), -1138.00000 (77), -1138.00000 (77), -1138.00000 (10), -1138.00000 (274), -1138.00000 (206), -1138.00000 (77), -1138.00000 (175), -1138.00000 (274), -1138.00000 (76), -1138.00000 (78), -1138.00000 (273), -1138.00000 (78), -1138.00000 (273), -1138.00000 (79), -1138.00000 (174), -1138.00000 (191), -1138.00000 (273), -1138.00000 (79), 
Length of domains: 41512
Current (lb-rhs): -1138.0
82940 domains visited
Time: pickout 0.0369    decision 0.1613    set_bounds 0.0043    solve 0.4318    add 0.0410    
Accumulated time: pickout 8.5948    decision 84.4245    set_bounds 3.7334    solve 211.2810    add 27.2887    
Cumulative time: 335.8940966129303

BaB round 326
batch: 128
splitting decisions: 
split level 0: [/49, 2786] [/55, 1165] [/55, 410] [/55, 738] [/49, 1603] [/55, 1095] [/49, 7505] [/55, 62] [/55, 237] [/55, 1372] 
best_l after optimization: -266035.5
beta sum per layer: [0.0, 5.449619293212891, 25.759315490722656, 4.029138088226318]
alpha/beta optimization time: 0.6161601543426514
pruning_in_iteration open status: False
ratio of positive domain = 0 / 256 = 0.0
pruning-in-iteration extra time: 3.790855407714844e-05
torch.Size([256, 1])
Time: prepare 0.0052    bound 0.6176    transfer 0.0045    finalize 0.0412    func 0.6685    
Accumulated time: func 211.7382    prepare 4.7884    bound 198.6969    transfer 1.9971    finalize 9.3451    
max lb tensor(-934.) min lb tensor(-1138.)
Number of Verified Splits: 0 of 256
Current worst splitting domains lb-rhs (depth):
-1138.00000 (8), -1138.00000 (256), -1138.00000 (174), -1138.00000 (234), -1138.00000 (91), -1138.00000 (295), -1138.00000 (226), -1138.00000 (275), -1138.00000 (103), -1138.00000 (324), -1138.00000 (22), -1138.00000 (35), -1138.00000 (222), -1138.00000 (278), -1138.00000 (63), -1138.00000 (253), -1138.00000 (84), -1138.00000 (148), -1138.00000 (243), -1138.00000 (180), 
Length of domains: 41640
Current (lb-rhs): -1138.0
83196 domains visited
Time: pickout 0.0338    decision 0.1362    set_bounds 0.0081    solve 0.6690    add 0.0498    
Accumulated time: pickout 8.6286    decision 84.5607    set_bounds 3.7415    solve 211.9499    add 27.3386    
Cumulative time: 336.79222559928894

BaB round 327
batch: 128
splitting decisions: 
split level 0: [/49, 5465] [/49, 2109] [/55, 1168] [/55, 643] [/55, 238] [/55, 471] [/49, 9520] [/55, 512] [/55, 229] [/49, 3432] 
best_l after optimization: -266040.0625
beta sum per layer: [0.0, 5.823684215545654, 26.28186798095703, 3.8190865516662598]
alpha/beta optimization time: 0.37183403968811035
pruning_in_iteration open status: False
ratio of positive domain = 0 / 256 = 0.0
pruning-in-iteration extra time: 4.029273986816406e-05
torch.Size([256, 1])
Time: prepare 0.0051    bound 0.3733    transfer 0.0044    finalize 0.0176    func 0.4004    
Accumulated time: func 212.1386    prepare 4.7947    bound 199.0702    transfer 2.0015    finalize 9.3627    
max lb tensor(-934.) min lb tensor(-1138.)
Number of Verified Splits: 0 of 256
Current worst splitting domains lb-rhs (depth):
-1138.00000 (172), -1138.00000 (199), -1138.00000 (281), -1138.00000 (136), -1138.00000 (311), -1138.00000 (69), -1138.00000 (114), -1138.00000 (10), -1138.00000 (235), -1138.00000 (28), -1138.00000 (172), -1138.00000 (69), -1138.00000 (250), -1138.00000 (136), -1138.00000 (282), -1138.00000 (95), -1138.00000 (188), -1138.00000 (210), -1138.00000 (234), -1138.00000 (28), 
Length of domains: 41768
Current (lb-rhs): -1138.0
83452 domains visited
Time: pickout 0.0333    decision 0.1334    set_bounds 0.0043    solve 0.4009    add 0.0399    
Accumulated time: pickout 8.6619    decision 84.6941    set_bounds 3.7459    solve 212.3508    add 27.3785    
Cumulative time: 337.40745782852173

BaB round 328
batch: 128
splitting decisions: 
split level 0: [/49, 9015] [/49, 6841] [/49, 758] [/55, 1272] [/49, 3620] [/49, 3970] [/49, 8338] [/49, 4140] [/55, 107] [/55, 1150] 
best_l after optimization: -266043.5
beta sum per layer: [0.0, 6.483476161956787, 26.5377140045166, 3.916658878326416]
alpha/beta optimization time: 0.37099123001098633
pruning_in_iteration open status: False
ratio of positive domain = 0 / 256 = 0.0
pruning-in-iteration extra time: 4.267692565917969e-05
torch.Size([256, 1])
Time: prepare 0.0094    bound 0.3726    transfer 0.0047    finalize 0.0371    func 0.4238    
Accumulated time: func 212.5623    prepare 4.8053    bound 199.4427    transfer 2.0062    finalize 9.3998    
max lb tensor(-934.) min lb tensor(-1138.)
Number of Verified Splits: 0 of 256
Current worst splitting domains lb-rhs (depth):
-1138.00000 (194), -1138.00000 (108), -1138.00000 (122), -1138.00000 (61), -1138.00000 (139), -1138.00000 (219), -1138.00000 (20), -1138.00000 (206), -1138.00000 (73), -1138.00000 (263), -1138.00000 (199), -1138.00000 (274), -1138.00000 (157), -1138.00000 (241), -1138.00000 (238), -1138.00000 (225), -1138.00000 (292), -1138.00000 (281), -1138.00000 (320), -1138.00000 (46), 
Length of domains: 41896
Current (lb-rhs): -1138.0
83708 domains visited
Time: pickout 0.0321    decision 0.1369    set_bounds 0.0043    solve 0.4243    add 0.0493    
Accumulated time: pickout 8.6941    decision 84.8310    set_bounds 3.7501    solve 212.7751    add 27.4278    
Cumulative time: 338.0555205345154

BaB round 329
batch: 128
splitting decisions: 
split level 0: [/55, 1205] [/55, 517] [/49, 4140] [/55, 71] [/49, 916] [/55, 905] [/49, 8675] [/49, 3620] [/55, 70] [/55, 1556] 
best_l after optimization: -266046.875
beta sum per layer: [0.0, 6.4032135009765625, 27.20808219909668, 4.165090084075928]
alpha/beta optimization time: 0.3714470863342285
pruning_in_iteration open status: False
ratio of positive domain = 0 / 256 = 0.0
pruning-in-iteration extra time: 3.719329833984375e-05
torch.Size([256, 1])
Time: prepare 0.0052    bound 0.3729    transfer 0.0048    finalize 0.0330    func 0.4159    
Accumulated time: func 212.9782    prepare 4.8116    bound 199.8156    transfer 2.0110    finalize 9.4328    
max lb tensor(-934.) min lb tensor(-1138.)
Number of Verified Splits: 0 of 256
Current worst splitting domains lb-rhs (depth):
-1138.00000 (266), -1138.00000 (53), -1138.00000 (29), -1138.00000 (312), -1138.00000 (94), -1138.00000 (105), -1138.00000 (228), -1138.00000 (246), -1138.00000 (295), -1138.00000 (149), -1138.00000 (53), -1138.00000 (189), -1138.00000 (129), -1138.00000 (160), -1138.00000 (148), -1138.00000 (115), -1138.00000 (54), -1138.00000 (29), -1138.00000 (29), -1138.00000 (266), 
Length of domains: 42024
Current (lb-rhs): -1138.0
83964 domains visited
Time: pickout 0.0324    decision 0.1329    set_bounds 0.0043    solve 0.4164    add 0.0409    
Accumulated time: pickout 8.7265    decision 84.9639    set_bounds 3.7544    solve 213.1915    add 27.4686    
Cumulative time: 338.683602809906

BaB round 330
batch: 128
splitting decisions: 
split level 0: [/49, 8508] [/49, 67] [/49, 7351] [/49, 108] [/49, 4140] [/55, 247] [/49, 3774] [/49, 7351] [/55, 1389] [/55, 122] 
best_l after optimization: -266050.375
beta sum per layer: [0.0, 6.312170505523682, 27.350252151489258, 4.055422782897949]
alpha/beta optimization time: 0.3654937744140625
pruning_in_iteration open status: False
ratio of positive domain = 0 / 256 = 0.0
pruning-in-iteration extra time: 0.00010657310485839844
torch.Size([256, 1])
Time: prepare 0.0050    bound 0.3669    transfer 0.0044    finalize 0.0439    func 0.4204    
Accumulated time: func 213.3986    prepare 4.8178    bound 200.1825    transfer 2.0154    finalize 9.4767    
max lb tensor(-934.) min lb tensor(-1138.)
Number of Verified Splits: 0 of 256
Current worst splitting domains lb-rhs (depth):
-1138.00000 (182), -1138.00000 (308), -1138.00000 (181), -1138.00000 (47), -1138.00000 (181), -1138.00000 (47), -1138.00000 (238), -1138.00000 (308), -1138.00000 (47), -1138.00000 (182), -1138.00000 (46), -1138.00000 (308), -1138.00000 (182), -1138.00000 (237), -1138.00000 (46), -1138.00000 (48), -1138.00000 (46), -1138.00000 (309), -1138.00000 (237), -1138.00000 (183), 
Length of domains: 42152
Current (lb-rhs): -1138.0
84220 domains visited
Time: pickout 0.0342    decision 0.1325    set_bounds 0.0043    solve 0.4209    add 0.0516    
Accumulated time: pickout 8.7607    decision 85.0964    set_bounds 3.7587    solve 213.6124    add 27.5202    
Cumulative time: 339.3284947872162

BaB round 331
batch: 128
splitting decisions: 
split level 0: [/49, 8688] [/55, 1423] [/49, 8350] [/49, 8051] [/55, 457] [/55, 426] [/55, 233] [/55, 1083] [/55, 942] [/55, 432] 
best_l after optimization: -266050.8125
beta sum per layer: [0.0, 6.772153854370117, 28.003738403320312, 3.982416868209839]
alpha/beta optimization time: 0.37954187393188477
pruning_in_iteration open status: False
ratio of positive domain = 0 / 256 = 0.0
pruning-in-iteration extra time: 0.0001842975616455078
torch.Size([256, 1])
Time: prepare 0.0052    bound 0.3811    transfer 0.0066    finalize 0.0463    func 0.4393    
Accumulated time: func 213.8379    prepare 4.8242    bound 200.5636    transfer 2.0220    finalize 9.5231    
max lb tensor(-934.) min lb tensor(-1138.)
Number of Verified Splits: 0 of 256
Current worst splitting domains lb-rhs (depth):
-1138.00000 (211), -1138.00000 (199), -1138.00000 (9), -1138.00000 (72), -1138.00000 (224), -1138.00000 (20), -1138.00000 (113), -1138.00000 (157), -1138.00000 (87), -1138.00000 (248), -1138.00000 (51), -1138.00000 (176), -1138.00000 (101), -1138.00000 (157), -1138.00000 (224), -1138.00000 (311), -1138.00000 (320), -1138.00000 (134), -1138.00000 (268), -1138.00000 (287), 
Length of domains: 42280
Current (lb-rhs): -1138.0
84476 domains visited
Time: pickout 0.0359    decision 0.1331    set_bounds 0.0081    solve 0.4400    add 0.0540    
Accumulated time: pickout 8.7966    decision 85.2295    set_bounds 3.7668    solve 214.0524    add 27.5742    
Cumulative time: 340.00078296661377

BaB round 332
batch: 128
splitting decisions: 
split level 0: [/49, 563] [/49, 2784] [/55, 489] [/55, 33] [/49, 3971] [/55, 558] [/49, 1578] [/55, 969] [/55, 689] [/55, 964] 
best_l after optimization: -266053.03125
beta sum per layer: [0.0, 7.101411819458008, 28.293895721435547, 3.9236390590667725]
alpha/beta optimization time: 0.3708975315093994
pruning_in_iteration open status: False
ratio of positive domain = 0 / 256 = 0.0
pruning-in-iteration extra time: 5.53131103515625e-05
torch.Size([256, 1])
Time: prepare 0.0052    bound 0.3723    transfer 0.0042    finalize 0.0288    func 0.4105    
Accumulated time: func 214.2484    prepare 4.8306    bound 200.9358    transfer 2.0263    finalize 9.5519    
max lb tensor(-934.) min lb tensor(-1138.)
Number of Verified Splits: 0 of 256
Current worst splitting domains lb-rhs (depth):
-1138.00000 (229), -1138.00000 (298), -1138.00000 (70), -1138.00000 (245), -1138.00000 (13), -1138.00000 (260), -1138.00000 (238), -1138.00000 (70), -1138.00000 (142), -1138.00000 (298), -1138.00000 (71), -1138.00000 (71), -1138.00000 (203), -1138.00000 (328), -1138.00000 (297), -1138.00000 (171), -1138.00000 (142), -1138.00000 (202), -1138.00000 (260), -1138.00000 (13), 
Length of domains: 42408
Current (lb-rhs): -1138.0
84732 domains visited
Time: pickout 0.0364    decision 0.1386    set_bounds 0.0044    solve 0.4110    add 0.0421    
Accumulated time: pickout 8.8330    decision 85.3681    set_bounds 3.7712    solve 214.4634    add 27.6164    
Cumulative time: 340.6345307826996

BaB round 333
batch: 128
splitting decisions: 
split level 0: [/49, 2788] [/55, 450] [/55, 443] [/49, 3460] [/49, 3126] [/55, 551] [/55, 182] [/55, 939] [/55, 552] [/49, 6649] 
best_l after optimization: -266056.03125
beta sum per layer: [0.0, 6.999565124511719, 28.86524200439453, 4.109790325164795]
alpha/beta optimization time: 0.36316990852355957
pruning_in_iteration open status: False
ratio of positive domain = 0 / 256 = 0.0
pruning-in-iteration extra time: 3.790855407714844e-05
torch.Size([256, 1])
Time: prepare 0.0052    bound 0.3646    transfer 0.0046    finalize 0.0184    func 0.3928    
Accumulated time: func 214.6412    prepare 4.8369    bound 201.3004    transfer 2.0309    finalize 9.5703    
max lb tensor(-934.) min lb tensor(-1138.)
Number of Verified Splits: 0 of 256
Current worst splitting domains lb-rhs (depth):
-1138.00000 (194), -1138.00000 (50), -1138.00000 (294), -1138.00000 (324), -1138.00000 (297), -1138.00000 (139), -1138.00000 (209), -1138.00000 (166), -1138.00000 (290), -1138.00000 (56), -1138.00000 (8), -1138.00000 (228), -1138.00000 (239), -1138.00000 (217), -1138.00000 (319), -1138.00000 (282), -1138.00000 (240), -1138.00000 (231), -1138.00000 (163), -1138.00000 (309), 
Length of domains: 42536
Current (lb-rhs): -1138.0
84988 domains visited
Time: pickout 0.0324    decision 0.1321    set_bounds 0.0081    solve 0.3933    add 0.0378    
Accumulated time: pickout 8.8654    decision 85.5002    set_bounds 3.7793    solve 214.8566    add 27.6542    
Cumulative time: 341.2415380477905

BaB round 334
batch: 128
splitting decisions: 
split level 0: [/55, 97] [/55, 164] [/49, 9520] [/49, 7401] [/49, 7349] [/49, 5660] [/55, 441] [/49, 4138] [/55, 188] [/55, 937] 
best_l after optimization: -266060.6875
beta sum per layer: [0.0, 7.679052829742432, 29.277233123779297, 4.0065436363220215]
alpha/beta optimization time: 0.362973690032959
pruning_in_iteration open status: False
ratio of positive domain = 0 / 256 = 0.0
pruning-in-iteration extra time: 3.504753112792969e-05
torch.Size([256, 1])
Time: prepare 0.0050    bound 0.3643    transfer 0.0041    finalize 0.0361    func 0.4095    
Accumulated time: func 215.0507    prepare 4.8431    bound 201.6647    transfer 2.0349    finalize 9.6064    
max lb tensor(-934.) min lb tensor(-1138.)
Number of Verified Splits: 0 of 256
Current worst splitting domains lb-rhs (depth):
-1138.00000 (228), -1138.00000 (332), -1138.00000 (322), -1138.00000 (109), -1138.00000 (262), -1138.00000 (64), -1138.00000 (170), -1138.00000 (303), -1138.00000 (19), -1138.00000 (232), -1138.00000 (280), -1138.00000 (8), -1138.00000 (200), -1138.00000 (133), -1138.00000 (28), -1138.00000 (293), -1138.00000 (247), -1138.00000 (28), -1138.00000 (65), -1138.00000 (200), 
Length of domains: 42664
Current (lb-rhs): -1138.0
85244 domains visited
Time: pickout 0.0322    decision 0.1329    set_bounds 0.0043    solve 0.4100    add 0.0463    
Accumulated time: pickout 8.8976    decision 85.6332    set_bounds 3.7835    solve 215.2667    add 27.7005    
Cumulative time: 341.8685908317566

BaB round 335
batch: 128
splitting decisions: 
split level 0: [/55, 552] [/55, 938] [/49, 3438] [/55, 1193] [/49, 58] [/55, 425] [/49, 8001] [/55, 934] [/55, 920] [/49, 3796] 
best_l after optimization: -266063.5
beta sum per layer: [0.0, 8.351430892944336, 30.02194595336914, 4.049215793609619]
alpha/beta optimization time: 0.3658914566040039
pruning_in_iteration open status: False
ratio of positive domain = 0 / 256 = 0.0
pruning-in-iteration extra time: 4.6253204345703125e-05
torch.Size([256, 1])
Time: prepare 0.0051    bound 0.3673    transfer 0.0045    finalize 0.0179    func 0.3948    
Accumulated time: func 215.4455    prepare 4.8493    bound 202.0320    transfer 2.0394    finalize 9.6243    
max lb tensor(-934.) min lb tensor(-1138.)
Number of Verified Splits: 0 of 256
Current worst splitting domains lb-rhs (depth):
-1138.00000 (232), -1138.00000 (289), -1138.00000 (69), -1138.00000 (69), -1138.00000 (290), -1138.00000 (201), -1138.00000 (170), -1138.00000 (259), -1138.00000 (113), -1138.00000 (331), -1138.00000 (113), -1138.00000 (196), -1138.00000 (219), -1138.00000 (22), -1138.00000 (151), -1138.00000 (69), -1138.00000 (290), -1138.00000 (114), -1138.00000 (205), -1138.00000 (9), 
Length of domains: 42792
Current (lb-rhs): -1138.0
85500 domains visited
Time: pickout 0.0342    decision 0.1340    set_bounds 0.0043    solve 0.3953    add 0.0399    
Accumulated time: pickout 8.9318    decision 85.7671    set_bounds 3.7878    solve 215.6619    add 27.7405    
Cumulative time: 342.4792823791504

BaB round 336
batch: 128
splitting decisions: 
split level 0: [/49, 4789] [/55, 643] [/55, 1162] [/55, 37] [/49, 71] [/49, 7518] [/49, 5139] [/55, 135] [/55, 1233] [/55, 448] 
best_l after optimization: -266064.8125
beta sum per layer: [0.0, 8.22732925415039, 30.17673110961914, 3.9208531379699707]
alpha/beta optimization time: 0.36298394203186035
pruning_in_iteration open status: False
ratio of positive domain = 0 / 256 = 0.0
pruning-in-iteration extra time: 8.535385131835938e-05
torch.Size([256, 1])
Time: prepare 0.0050    bound 0.3644    transfer 0.0041    finalize 0.0388    func 0.4122    
Accumulated time: func 215.8578    prepare 4.8554    bound 202.3963    transfer 2.0435    finalize 9.6631    
max lb tensor(-934.) min lb tensor(-1138.)
Number of Verified Splits: 0 of 256
Current worst splitting domains lb-rhs (depth):
-1138.00000 (278), -1138.00000 (305), -1138.00000 (164), -1138.00000 (192), -1138.00000 (27), -1138.00000 (134), -1138.00000 (147), -1138.00000 (298), -1138.00000 (238), -1138.00000 (116), -1138.00000 (88), -1138.00000 (253), -1138.00000 (324), -1138.00000 (49), -1138.00000 (283), -1138.00000 (137), -1138.00000 (191), -1138.00000 (27), -1138.00000 (213), -1138.00000 (10), 
Length of domains: 42920
Current (lb-rhs): -1138.0
85756 domains visited
Time: pickout 0.0331    decision 0.1321    set_bounds 0.0042    solve 0.4127    add 0.0462    
Accumulated time: pickout 8.9650    decision 85.8993    set_bounds 3.7920    solve 216.0746    add 27.7866    
Cumulative time: 343.1090064048767

BaB round 337
batch: 128
splitting decisions: 
split level 0: [/55, 930] [/55, 443] [/49, 7661] [/49, 9076] [/55, 119] [/55, 32] [/49, 2110] [/55, 644] [/55, 933] [/55, 949] 
best_l after optimization: -266069.78125
beta sum per layer: [0.0, 8.921761512756348, 30.919273376464844, 4.105298042297363]
alpha/beta optimization time: 0.3604135513305664
pruning_in_iteration open status: False
ratio of positive domain = 0 / 256 = 0.0
pruning-in-iteration extra time: 3.552436828613281e-05
torch.Size([256, 1])
Time: prepare 0.0050    bound 0.3617    transfer 0.0041    finalize 0.0175    func 0.3884    
Accumulated time: func 216.2461    prepare 4.8615    bound 202.7581    transfer 2.0475    finalize 9.6807    
max lb tensor(-934.) min lb tensor(-1138.)
Number of Verified Splits: 0 of 256
Current worst splitting domains lb-rhs (depth):
-1138.00000 (236), -1138.00000 (149), -1138.00000 (53), -1138.00000 (149), -1138.00000 (236), -1138.00000 (303), -1138.00000 (53), -1138.00000 (333), -1138.00000 (149), -1138.00000 (303), -1138.00000 (192), -1138.00000 (303), -1138.00000 (53), -1138.00000 (148), -1138.00000 (54), -1138.00000 (10), -1138.00000 (236), -1138.00000 (148), -1138.00000 (206), -1138.00000 (302), 
Length of domains: 43048
Current (lb-rhs): -1138.0
86012 domains visited
Time: pickout 0.0323    decision 0.1315    set_bounds 0.0042    solve 0.3888    add 0.0374    
Accumulated time: pickout 8.9972    decision 86.0308    set_bounds 3.7963    solve 216.4634    add 27.8241    
Cumulative time: 343.70614671707153

BaB round 338
batch: 128
splitting decisions: 
split level 0: [/49, 58] [/55, 1096] [/49, 70] [/55, 240] [/49, 3434] [/49, 7349] [/55, 446] [/55, 461] [/55, 741] [/49, 4643] 
best_l after optimization: -266071.6875
beta sum per layer: [0.0, 9.373296737670898, 31.477272033691406, 4.344335556030273]
alpha/beta optimization time: 0.37600231170654297
pruning_in_iteration open status: False
ratio of positive domain = 0 / 256 = 0.0
pruning-in-iteration extra time: 0.00026679039001464844
torch.Size([256, 1])
Time: prepare 0.0051    bound 0.3776    transfer 0.0067    finalize 0.0375    func 0.4270    
Accumulated time: func 216.6731    prepare 4.8678    bound 203.1357    transfer 2.0542    finalize 9.7181    
max lb tensor(-934.) min lb tensor(-1138.)
Number of Verified Splits: 0 of 256
Current worst splitting domains lb-rhs (depth):
-1138.00000 (139), -1138.00000 (105), -1138.00000 (244), -1138.00000 (268), -1138.00000 (65), -1138.00000 (306), -1138.00000 (336), -1138.00000 (104), -1138.00000 (314), -1138.00000 (286), -1138.00000 (225), -1138.00000 (9), -1138.00000 (20), -1138.00000 (185), -1138.00000 (171), -1138.00000 (50), -1138.00000 (37), -1138.00000 (268), -1138.00000 (205), -1138.00000 (104), 
Length of domains: 43176
Current (lb-rhs): -1138.0
86268 domains visited
Time: pickout 0.0329    decision 0.1314    set_bounds 0.0080    solve 0.4275    add 0.0496    
Accumulated time: pickout 9.0301    decision 86.1621    set_bounds 3.8043    solve 216.8909    add 27.8737    
Cumulative time: 344.3567945957184

BaB round 339
batch: 128
splitting decisions: 
split level 0: [/55, 523] [/55, 233] [/49, 3267] [/49, 1627] [/49, 3801] [/49, 3294] [/49, 3124] [/55, 27] [/55, 1177] [/55, 512] 
best_l after optimization: -266075.84375
beta sum per layer: [0.0, 9.74138069152832, 31.674108505249023, 4.125700950622559]
alpha/beta optimization time: 0.39113926887512207
pruning_in_iteration open status: False
ratio of positive domain = 0 / 256 = 0.0
pruning-in-iteration extra time: 3.504753112792969e-05
torch.Size([256, 1])
Time: prepare 0.0051    bound 0.3926    transfer 0.0043    finalize 0.0186    func 0.4206    
Accumulated time: func 217.0937    prepare 4.8801    bound 203.5283    transfer 2.0585    finalize 9.7368    
max lb tensor(-934.) min lb tensor(-1138.)
Number of Verified Splits: 0 of 256
Current worst splitting domains lb-rhs (depth):
-1138.00000 (29), -1138.00000 (321), -1138.00000 (189), -1138.00000 (234), -1138.00000 (112), -1138.00000 (30), -1138.00000 (263), -1138.00000 (209), -1138.00000 (321), -1138.00000 (113), -1138.00000 (29), -1138.00000 (154), -1138.00000 (263), -1138.00000 (190), -1138.00000 (113), -1138.00000 (154), -1138.00000 (322), -1138.00000 (263), -1138.00000 (113), -1138.00000 (234), 
Length of domains: 43304
Current (lb-rhs): -1138.0
86524 domains visited
Time: pickout 0.0360    decision 0.1783    set_bounds 0.0043    solve 0.4211    add 0.0407    
Accumulated time: pickout 9.0661    decision 86.3405    set_bounds 3.8086    solve 217.3120    add 27.9144    
Cumulative time: 345.04001450538635

BaB round 340
batch: 128
splitting decisions: 
split level 0: [/49, 4465] [/55, 78] [/49, 7324] [/49, 808] [/55, 1076] [/55, 437] [/55, 1361] [/55, 468] [/49, 58] [/49, 585] 
best_l after optimization: -266076.75
beta sum per layer: [0.0, 9.906120300292969, 31.970930099487305, 4.079529762268066]
alpha/beta optimization time: 0.7558224201202393
pruning_in_iteration open status: False
ratio of positive domain = 0 / 256 = 0.0
pruning-in-iteration extra time: 0.000209808349609375
torch.Size([256, 1])
Time: prepare 0.0055    bound 0.7575    transfer 0.0057    finalize 0.0386    func 0.8074    
Accumulated time: func 217.9011    prepare 4.8869    bound 204.2857    transfer 2.0642    finalize 9.7753    
max lb tensor(-934.) min lb tensor(-1138.)
Number of Verified Splits: 0 of 256
Current worst splitting domains lb-rhs (depth):
-1138.00000 (307), -1138.00000 (258), -1138.00000 (162), -1138.00000 (69), -1138.00000 (163), -1138.00000 (335), -1138.00000 (257), -1138.00000 (163), -1138.00000 (69), -1138.00000 (15), -1138.00000 (35), -1138.00000 (163), -1138.00000 (257), -1138.00000 (162), -1138.00000 (164), -1138.00000 (68), -1138.00000 (164), -1138.00000 (257), -1138.00000 (164), -1138.00000 (68), 
Length of domains: 43432
Current (lb-rhs): -1138.0
86780 domains visited
Time: pickout 0.0356    decision 0.1488    set_bounds 0.0045    solve 0.8079    add 0.0576    
Accumulated time: pickout 9.1017    decision 86.4893    set_bounds 3.8130    solve 218.1199    add 27.9720    
Cumulative time: 346.09567427635193

BaB round 341
batch: 128
splitting decisions: 
split level 0: [/55, 1088] [/55, 101] [/55, 1174] [/49, 9232] [/49, 9353] [/55, 567] [/49, 3800] [/49, 8868] [/49, 8049] [/49, 916] 
best_l after optimization: -266080.28125
beta sum per layer: [0.0, 10.515495300292969, 31.986433029174805, 4.129604339599609]
alpha/beta optimization time: 0.7706725597381592
pruning_in_iteration open status: False
ratio of positive domain = 0 / 256 = 0.0
pruning-in-iteration extra time: 0.00018477439880371094
torch.Size([256, 1])
Time: prepare 0.0083    bound 0.7722    transfer 0.0043    finalize 0.0230    func 0.8078    
Accumulated time: func 218.7089    prepare 4.9057    bound 205.0580    transfer 2.0684    finalize 9.7984    
max lb tensor(-934.) min lb tensor(-1138.)
Number of Verified Splits: 0 of 256
Current worst splitting domains lb-rhs (depth):
-1138.00000 (64), -1138.00000 (63), -1138.00000 (230), -1138.00000 (11), -1138.00000 (300), -1138.00000 (163), -1138.00000 (63), -1138.00000 (300), -1138.00000 (63), -1138.00000 (230), -1138.00000 (162), -1138.00000 (300), -1138.00000 (299), -1138.00000 (162), -1138.00000 (64), -1138.00000 (231), -1138.00000 (299), -1138.00000 (64), -1138.00000 (337), -1138.00000 (162), 
Length of domains: 43560
Current (lb-rhs): -1138.0
87036 domains visited
Time: pickout 0.0505    decision 0.3171    set_bounds 0.0123    solve 0.8083    add 0.0433    
Accumulated time: pickout 9.1522    decision 86.8064    set_bounds 3.8253    solve 218.9282    add 28.0152    
Cumulative time: 347.33022594451904

BaB round 342
batch: 128
splitting decisions: 
split level 0: [/49, 8677] [/49, 10391] [/55, 43] [/55, 115] [/49, 4110] [/55, 41] [/49, 3618] [/49, 7496] [/49, 4114] [/55, 1162] 
best_l after optimization: -266084.0
beta sum per layer: [0.0, 10.577325820922852, 33.067108154296875, 4.196024417877197]
alpha/beta optimization time: 0.38487792015075684
pruning_in_iteration open status: False
ratio of positive domain = 0 / 256 = 0.0
pruning-in-iteration extra time: 4.792213439941406e-05
torch.Size([256, 1])
Time: prepare 0.0058    bound 0.3862    transfer 0.0045    finalize 0.0357    func 0.4323    
Accumulated time: func 219.1413    prepare 4.9202    bound 205.4442    transfer 2.0729    finalize 9.8341    
max lb tensor(-934.) min lb tensor(-1138.)
Number of Verified Splits: 0 of 256
Current worst splitting domains lb-rhs (depth):
-1138.00000 (54), -1138.00000 (278), -1138.00000 (25), -1138.00000 (294), -1138.00000 (183), -1138.00000 (96), -1138.00000 (71), -1138.00000 (249), -1138.00000 (128), -1138.00000 (183), -1138.00000 (332), -1138.00000 (128), -1138.00000 (212), -1138.00000 (96), -1138.00000 (277), -1138.00000 (25), -1138.00000 (183), -1138.00000 (249), -1138.00000 (129), -1138.00000 (234), 
Length of domains: 43688
Current (lb-rhs): -1138.0
87292 domains visited
Time: pickout 0.0356    decision 0.1933    set_bounds 0.0042    solve 0.4328    add 0.0466    
Accumulated time: pickout 9.1877    decision 86.9997    set_bounds 3.8295    solve 219.3611    add 28.0619    
Cumulative time: 348.04407811164856

BaB round 343
batch: 128
splitting decisions: 
split level 0: [/55, 1089] [/55, 1187] [/49, 71] [/49, 7711] [/49, 1748] [/49, 4151] [/55, 455] [/49, 4634] [/55, 536] [/49, 3436] 
best_l after optimization: -266084.6875
beta sum per layer: [0.0, 11.064888000488281, 33.03840637207031, 4.246487617492676]
alpha/beta optimization time: 0.36356329917907715
pruning_in_iteration open status: False
ratio of positive domain = 0 / 256 = 0.0
pruning-in-iteration extra time: 0.00011277198791503906
torch.Size([256, 1])
Time: prepare 0.0051    bound 0.3650    transfer 0.0044    finalize 0.0179    func 0.3925    
Accumulated time: func 219.5337    prepare 4.9264    bound 205.8092    transfer 2.0774    finalize 9.8520    
max lb tensor(-934.) min lb tensor(-1138.)
Number of Verified Splits: 0 of 256
Current worst splitting domains lb-rhs (depth):
-1138.00000 (45), -1138.00000 (184), -1138.00000 (313), -1138.00000 (47), -1138.00000 (47), -1138.00000 (313), -1138.00000 (185), -1138.00000 (147), -1138.00000 (46), -1138.00000 (134), -1138.00000 (217), -1138.00000 (314), -1138.00000 (46), -1138.00000 (46), -1138.00000 (314), -1138.00000 (185), -1138.00000 (252), -1138.00000 (252), -1138.00000 (314), -1138.00000 (216), 
Length of domains: 43816
Current (lb-rhs): -1138.0
87548 domains visited
Time: pickout 0.0347    decision 0.1327    set_bounds 0.0082    solve 0.3929    add 0.0421    
Accumulated time: pickout 9.2224    decision 87.1325    set_bounds 3.8377    solve 219.7540    add 28.1040    
Cumulative time: 348.6579637527466

BaB round 344
batch: 128
splitting decisions: 
split level 0: [/49, 4464] [/49, 561] [/49, 3787] [/49, 4500] [/55, 636] [/55, 742] [/55, 1161] [/49, 758] [/55, 941] [/55, 1180] 
best_l after optimization: -266087.8125
beta sum per layer: [0.0, 11.515031814575195, 33.80305099487305, 4.0983428955078125]
alpha/beta optimization time: 0.49788951873779297
pruning_in_iteration open status: False
ratio of positive domain = 0 / 256 = 0.0
pruning-in-iteration extra time: 0.00015497207641601562
torch.Size([256, 1])
Time: prepare 0.0051    bound 0.4994    transfer 0.0052    finalize 0.0391    func 0.5489    
Accumulated time: func 220.0826    prepare 4.9331    bound 206.3086    transfer 2.0826    finalize 9.8911    
max lb tensor(-934.) min lb tensor(-1138.)
Number of Verified Splits: 0 of 256
Current worst splitting domains lb-rhs (depth):
-1138.00000 (220), -1138.00000 (52), -1138.00000 (212), -1138.00000 (173), -1138.00000 (290), -1138.00000 (319), -1138.00000 (107), -1138.00000 (16), -1138.00000 (173), -1138.00000 (107), -1138.00000 (52), -1138.00000 (256), -1138.00000 (291), -1138.00000 (108), -1138.00000 (107), -1138.00000 (338), -1138.00000 (173), -1138.00000 (241), -1138.00000 (16), -1138.00000 (106), 
Length of domains: 43944
Current (lb-rhs): -1138.0
87804 domains visited
Time: pickout 0.0356    decision 0.1574    set_bounds 0.0043    solve 0.5494    add 0.0510    
Accumulated time: pickout 9.2580    decision 87.2898    set_bounds 3.8421    solve 220.3034    add 28.1550    
Cumulative time: 349.45736169815063

BaB round 345
batch: 128
splitting decisions: 
split level 0: [/49, 8858] [/55, 59] [/49, 2774] [/49, 6337] [/49, 3618] [/55, 1469] [/49, 10378] [/55, 574] [/49, 8314] [/49, 69] 
best_l after optimization: -266090.78125
beta sum per layer: [0.0, 11.907546997070312, 34.235382080078125, 4.030461311340332]
alpha/beta optimization time: 0.5220818519592285
pruning_in_iteration open status: False
ratio of positive domain = 0 / 256 = 0.0
pruning-in-iteration extra time: 3.910064697265625e-05
torch.Size([256, 1])
Time: prepare 0.0054    bound 0.5237    transfer 0.0045    finalize 0.0196    func 0.5533    
Accumulated time: func 220.6360    prepare 4.9415    bound 206.8323    transfer 2.0871    finalize 9.9107    
max lb tensor(-934.) min lb tensor(-1138.)
Number of Verified Splits: 0 of 256
Current worst splitting domains lb-rhs (depth):
-1138.00000 (233), -1138.00000 (63), -1138.00000 (304), -1138.00000 (63), -1138.00000 (233), -1138.00000 (165), -1138.00000 (64), -1138.00000 (303), -1138.00000 (164), -1138.00000 (64), -1138.00000 (11), -1138.00000 (199), -1138.00000 (303), -1138.00000 (64), -1138.00000 (164), -1138.00000 (65), -1138.00000 (303), -1138.00000 (233), -1138.00000 (164), -1138.00000 (65), 
Length of domains: 44072
Current (lb-rhs): -1138.0
88060 domains visited
Time: pickout 0.0376    decision 0.1869    set_bounds 0.0084    solve 0.5538    add 0.0463    
Accumulated time: pickout 9.2957    decision 87.4768    set_bounds 3.8505    solve 220.8572    add 28.2013    
Cumulative time: 350.2936956882477

BaB round 346
batch: 128
splitting decisions: 
split level 0: [/49, 6335] [/49, 7338] [/49, 236] [/55, 747] [/49, 3269] [/55, 110] [/49, 409] [/49, 6493] [/49, 7516] [/49, 5322] 
best_l after optimization: -266089.75
beta sum per layer: [0.0, 12.218093872070312, 34.087379455566406, 4.145269393920898]
alpha/beta optimization time: 0.528428316116333
pruning_in_iteration open status: False
ratio of positive domain = 0 / 256 = 0.0
pruning-in-iteration extra time: 0.0002014636993408203
torch.Size([256, 1])
Time: prepare 0.0058    bound 0.5300    transfer 0.0041    finalize 0.0372    func 0.5771    
Accumulated time: func 221.2131    prepare 4.9504    bound 207.3624    transfer 2.0911    finalize 9.9480    
max lb tensor(-934.) min lb tensor(-1138.)
Number of Verified Splits: 0 of 256
Current worst splitting domains lb-rhs (depth):
-1138.00000 (292), -1138.00000 (61), -1138.00000 (173), -1138.00000 (292), -1138.00000 (109), -1138.00000 (339), -1138.00000 (220), -1138.00000 (242), -1138.00000 (226), -1138.00000 (174), -1138.00000 (258), -1138.00000 (61), -1138.00000 (19), -1138.00000 (108), -1138.00000 (19), -1138.00000 (174), -1138.00000 (203), -1138.00000 (108), -1138.00000 (316), -1138.00000 (62), 
Length of domains: 44200
Current (lb-rhs): -1138.0
88316 domains visited
Time: pickout 0.0354    decision 0.1765    set_bounds 0.0045    solve 0.5776    add 0.0525    
Accumulated time: pickout 9.3311    decision 87.6533    set_bounds 3.8549    solve 221.4348    add 28.2538    
Cumulative time: 351.14151430130005

BaB round 347
batch: 128
splitting decisions: 
split level 0: [/49, 746] [/55, 1399] [/49, 3619] [/49, 3668] [/49, 7494] [/49, 4136] [/49, 3787] [/55, 1076] [/55, 1193] [/49, 8025] 
best_l after optimization: -266095.84375
beta sum per layer: [0.0, 12.67288589477539, 35.11287307739258, 4.240422248840332]
alpha/beta optimization time: 0.5141336917877197
pruning_in_iteration open status: False
ratio of positive domain = 0 / 256 = 0.0
pruning-in-iteration extra time: 4.100799560546875e-05
torch.Size([256, 1])
Time: prepare 0.0050    bound 0.5155    transfer 0.0040    finalize 0.0189    func 0.5435    
Accumulated time: func 221.7566    prepare 4.9579    bound 207.8779    transfer 2.0952    finalize 9.9669    
max lb tensor(-934.) min lb tensor(-1138.)
Number of Verified Splits: 0 of 256
Current worst splitting domains lb-rhs (depth):
-1138.00000 (207), -1138.00000 (203), -1138.00000 (178), -1138.00000 (254), -1138.00000 (263), -1138.00000 (15), -1138.00000 (187), -1138.00000 (312), -1138.00000 (95), -1138.00000 (295), -1138.00000 (78), -1138.00000 (333), -1138.00000 (242), -1138.00000 (47), -1138.00000 (170), -1138.00000 (267), -1138.00000 (317), -1138.00000 (222), -1138.00000 (137), -1138.00000 (189), 
Length of domains: 44328
Current (lb-rhs): -1138.0
88572 domains visited
Time: pickout 0.0369    decision 0.1845    set_bounds 0.0043    solve 0.5440    add 0.0427    
Accumulated time: pickout 9.3680    decision 87.8377    set_bounds 3.8592    solve 221.9788    add 28.2965    
Cumulative time: 351.9571359157562

BaB round 348
batch: 128
splitting decisions: 
split level 0: [/49, 5803] [/55, 1194] [/49, 4970] [/55, 517] [/55, 571] [/55, 472] [/49, 394] [/55, 523] [/55, 973] [/49, 3100] 
best_l after optimization: -266099.8125
beta sum per layer: [0.0, 12.472623825073242, 35.61756134033203, 4.162235260009766]
alpha/beta optimization time: 0.5074689388275146
pruning_in_iteration open status: False
ratio of positive domain = 0 / 256 = 0.0
pruning-in-iteration extra time: 0.00011944770812988281
torch.Size([256, 1])
Time: prepare 0.0055    bound 0.5089    transfer 0.0035    finalize 0.0423    func 0.5603    
Accumulated time: func 222.3169    prepare 4.9660    bound 208.3868    transfer 2.0987    finalize 10.0092    
max lb tensor(-934.) min lb tensor(-1138.)
Number of Verified Splits: 0 of 256
Current worst splitting domains lb-rhs (depth):
-1138.00000 (218), -1138.00000 (120), -1138.00000 (186), -1138.00000 (70), -1138.00000 (178), -1138.00000 (10), -1138.00000 (276), -1138.00000 (227), -1138.00000 (125), -1138.00000 (38), -1138.00000 (193), -1138.00000 (271), -1138.00000 (285), -1138.00000 (48), -1138.00000 (273), -1138.00000 (137), -1138.00000 (306), -1138.00000 (61), -1138.00000 (220), -1138.00000 (314), 
Length of domains: 44456
Current (lb-rhs): -1138.0
88828 domains visited
Time: pickout 0.0331    decision 0.1910    set_bounds 0.0050    solve 0.5607    add 0.0487    
Accumulated time: pickout 9.4011    decision 88.0287    set_bounds 3.8642    solve 222.5396    add 28.3451    
Cumulative time: 352.79684948921204

BaB round 349
batch: 128
splitting decisions: 
split level 0: [/55, 239] [/55, 1] [/49, 58] [/55, 1163] [/55, 1226] [/49, 7347] [/49, 3293] [/55, 51] [/49, 2786] [/55, 467] 
best_l after optimization: -266100.71875
beta sum per layer: [0.0, 13.805642127990723, 35.805946350097656, 4.080953121185303]
alpha/beta optimization time: 0.49948978424072266
pruning_in_iteration open status: False
ratio of positive domain = 0 / 256 = 0.0
pruning-in-iteration extra time: 4.267692565917969e-05
torch.Size([256, 1])
Time: prepare 0.0059    bound 0.5009    transfer 0.0040    finalize 0.0304    func 0.5413    
Accumulated time: func 222.8582    prepare 4.9742    bound 208.8876    transfer 2.1027    finalize 10.0396    
max lb tensor(-934.) min lb tensor(-1138.)
Number of Verified Splits: 0 of 256
Current worst splitting domains lb-rhs (depth):
-1138.00000 (287), -1138.00000 (330), -1138.00000 (250), -1138.00000 (117), -1138.00000 (233), -1138.00000 (297), -1138.00000 (170), -1138.00000 (8), -1138.00000 (203), -1138.00000 (19), -1138.00000 (48), -1138.00000 (78), -1138.00000 (270), -1138.00000 (240), -1138.00000 (203), -1138.00000 (202), -1138.00000 (145), -1138.00000 (117), -1138.00000 (245), -1138.00000 (47), 
Length of domains: 44584
Current (lb-rhs): -1138.0
89084 domains visited
Time: pickout 0.0326    decision 0.1780    set_bounds 0.0052    solve 0.5418    add 0.0435    
Accumulated time: pickout 9.4336    decision 88.2067    set_bounds 3.8694    solve 223.0813    add 28.3886    
Cumulative time: 353.5990574359894

BaB round 350
batch: 128
splitting decisions: 
split level 0: [/49, 5648] [/55, 941] [/49, 8363] [/49, 8558] [/49, 6311] [/49, 3476] [/55, 1097] [/49, 2112] [/49, 1601] [/49, 760] 
best_l after optimization: -266104.375
beta sum per layer: [0.0, 13.795589447021484, 36.53138732910156, 4.239941596984863]
alpha/beta optimization time: 0.5040247440338135
pruning_in_iteration open status: False
ratio of positive domain = 0 / 256 = 0.0
pruning-in-iteration extra time: 3.743171691894531e-05
torch.Size([256, 1])
Time: prepare 0.0058    bound 0.5054    transfer 0.0038    finalize 0.0204    func 0.5356    
Accumulated time: func 223.3938    prepare 4.9824    bound 209.3931    transfer 2.1066    finalize 10.0601    
max lb tensor(-934.) min lb tensor(-1138.)
Number of Verified Splits: 0 of 256
Current worst splitting domains lb-rhs (depth):
-1138.00000 (262), -1138.00000 (348), -1138.00000 (143), -1138.00000 (173), -1138.00000 (77), -1138.00000 (237), -1138.00000 (312), -1138.00000 (9), -1138.00000 (77), -1138.00000 (211), -1138.00000 (130), -1138.00000 (77), -1138.00000 (333), -1138.00000 (38), -1138.00000 (199), -1138.00000 (188), -1138.00000 (172), -1138.00000 (312), -1138.00000 (78), -1138.00000 (173), 
Length of domains: 44712
Current (lb-rhs): -1138.0
89340 domains visited
Time: pickout 0.0350    decision 0.1903    set_bounds 0.0090    solve 0.5360    add 0.0392    
Accumulated time: pickout 9.4686    decision 88.3970    set_bounds 3.8784    solve 223.6174    add 28.4277    
Cumulative time: 354.41205191612244

BaB round 351
batch: 128
splitting decisions: 
split level 0: [/49, 8507] [/55, 1355] [/49, 10393] [/49, 4164] [/49, 8688] [/49, 3432] [/49, 914] [/49, 69] [/55, 1076] [/49, 3267] 
best_l after optimization: -266105.375
beta sum per layer: [0.0, 14.096860885620117, 36.65106201171875, 4.059878826141357]
alpha/beta optimization time: 0.5039911270141602
pruning_in_iteration open status: False
ratio of positive domain = 0 / 256 = 0.0
pruning-in-iteration extra time: 9.202957153320312e-05
torch.Size([256, 1])
Time: prepare 0.0057    bound 0.5055    transfer 0.0036    finalize 0.0366    func 0.5514    
Accumulated time: func 223.9452    prepare 4.9904    bound 209.8985    transfer 2.1102    finalize 10.0966    
max lb tensor(-934.) min lb tensor(-1138.)
Number of Verified Splits: 0 of 256
Current worst splitting domains lb-rhs (depth):
-1138.00000 (240), -1138.00000 (240), -1138.00000 (84), -1138.00000 (295), -1138.00000 (163), -1138.00000 (240), -1138.00000 (84), -1138.00000 (163), -1138.00000 (295), -1138.00000 (84), -1138.00000 (345), -1138.00000 (32), -1138.00000 (13), -1138.00000 (163), -1138.00000 (83), -1138.00000 (296), -1138.00000 (164), -1138.00000 (13), -1138.00000 (239), -1138.00000 (164), 
Length of domains: 44840
Current (lb-rhs): -1138.0
89596 domains visited
Time: pickout 0.0341    decision 0.1810    set_bounds 0.0052    solve 0.5519    add 0.0473    
Accumulated time: pickout 9.5027    decision 88.5780    set_bounds 3.8836    solve 224.1693    add 28.4750    
Cumulative time: 355.23271799087524

BaB round 352
batch: 128
splitting decisions: 
split level 0: [/49, 3450] [/49, 8688] [/49, 4465] [/49, 2149] [/49, 10367] [/55, 1205] [/55, 939] [/55, 561] [/49, 5490] [/49, 4647] 
best_l after optimization: -266107.34375
beta sum per layer: [0.0, 15.362778663635254, 36.857872009277344, 4.15662956237793]
alpha/beta optimization time: 0.3685123920440674
pruning_in_iteration open status: False
ratio of positive domain = 0 / 256 = 0.0
pruning-in-iteration extra time: 0.00012421607971191406
torch.Size([256, 1])
Time: prepare 0.0050    bound 0.3699    transfer 0.0040    finalize 0.0178    func 0.3968    
Accumulated time: func 224.3419    prepare 4.9979    bound 210.2685    transfer 2.1142    finalize 10.1144    
max lb tensor(-934.) min lb tensor(-1138.)
Number of Verified Splits: 0 of 256
Current worst splitting domains lb-rhs (depth):
-1138.00000 (143), -1138.00000 (133), -1138.00000 (137), -1138.00000 (330), -1138.00000 (297), -1138.00000 (120), -1138.00000 (39), -1138.00000 (284), -1138.00000 (180), -1138.00000 (60), -1138.00000 (222), -1138.00000 (323), -1138.00000 (233), -1138.00000 (316), -1138.00000 (334), -1138.00000 (74), -1138.00000 (159), -1138.00000 (167), -1138.00000 (147), -1138.00000 (93), 
Length of domains: 44968
Current (lb-rhs): -1138.0
89852 domains visited
Time: pickout 0.0351    decision 0.1788    set_bounds 0.0042    solve 0.3972    add 0.0392    
Accumulated time: pickout 9.5378    decision 88.7569    set_bounds 3.8878    solve 224.5665    add 28.5142    
Cumulative time: 355.8908038139343

BaB round 353
batch: 128
splitting decisions: 
split level 0: [/49, 5310] [/49, 8051] [/49, 9015] [/49, 2134] [/49, 3969] [/55, 638] [/55, 66] [/55, 1211] [/55, 124] [/55, 1161] 
best_l after optimization: -266113.25
beta sum per layer: [0.0, 15.1990966796875, 37.41028594970703, 4.271782875061035]
alpha/beta optimization time: 0.36489176750183105
pruning_in_iteration open status: False
ratio of positive domain = 0 / 256 = 0.0
pruning-in-iteration extra time: 3.600120544433594e-05
torch.Size([256, 1])
Time: prepare 0.0051    bound 0.3663    transfer 0.0049    finalize 0.0433    func 0.4196    
Accumulated time: func 224.7615    prepare 5.0041    bound 210.6347    transfer 2.1191    finalize 10.1577    
max lb tensor(-934.) min lb tensor(-1138.)
Number of Verified Splits: 0 of 256
Current worst splitting domains lb-rhs (depth):
-1138.00000 (240), -1138.00000 (39), -1138.00000 (219), -1138.00000 (264), -1138.00000 (308), -1138.00000 (13), -1138.00000 (166), -1138.00000 (196), -1138.00000 (347), -1138.00000 (68), -1138.00000 (132), -1138.00000 (89), -1138.00000 (131), -1138.00000 (329), -1138.00000 (108), -1138.00000 (39), -1138.00000 (166), -1138.00000 (264), -1138.00000 (308), -1138.00000 (218), 
Length of domains: 45096
Current (lb-rhs): -1138.0
90108 domains visited
Time: pickout 0.0358    decision 0.1330    set_bounds 0.0043    solve 0.4201    add 0.0500    
Accumulated time: pickout 9.5736    decision 88.8899    set_bounds 3.8921    solve 224.9866    add 28.5642    
Cumulative time: 356.535276889801

BaB round 354
batch: 128
splitting decisions: 
split level 0: [/55, 1560] [/49, 3436] [/49, 4114] [/49, 9063] [/49, 563] [/49, 3125] [/55, 734] [/49, 82] [/55, 747] [/49, 4125] 
best_l after optimization: -266116.28125
beta sum per layer: [0.0, 15.551776885986328, 38.5408821105957, 4.2339043617248535]
alpha/beta optimization time: 0.3692131042480469
pruning_in_iteration open status: False
ratio of positive domain = 0 / 256 = 0.0
pruning-in-iteration extra time: 3.9577484130859375e-05
torch.Size([256, 1])
Time: prepare 0.0054    bound 0.3706    transfer 0.0043    finalize 0.0186    func 0.3990    
Accumulated time: func 225.1605    prepare 5.0107    bound 211.0054    transfer 2.1235    finalize 10.1763    
max lb tensor(-934.) min lb tensor(-1138.)
Number of Verified Splits: 0 of 256
Current worst splitting domains lb-rhs (depth):
-1138.00000 (16), -1138.00000 (39), -1138.00000 (259), -1138.00000 (316), -1138.00000 (156), -1138.00000 (211), -1138.00000 (301), -1138.00000 (134), -1138.00000 (77), -1138.00000 (186), -1138.00000 (348), -1138.00000 (106), -1138.00000 (55), -1138.00000 (286), -1138.00000 (328), -1138.00000 (155), -1138.00000 (336), -1138.00000 (186), -1138.00000 (77), -1138.00000 (259), 
Length of domains: 45224
Current (lb-rhs): -1138.0
90364 domains visited
Time: pickout 0.0334    decision 0.5670    set_bounds 0.0045    solve 0.3995    add 0.0389    
Accumulated time: pickout 9.6070    decision 89.4569    set_bounds 3.8966    solve 225.3861    add 28.6031    
Cumulative time: 357.58200693130493

BaB round 355
batch: 128
splitting decisions: 
split level 0: [/49, 4296] [/49, 5319] [/49, 4789] [/55, 1161] [/49, 6335] [/49, 587] [/49, 69] [/55, 511] [/55, 937] [/49, 10366] 
best_l after optimization: -266117.4375
beta sum per layer: [0.0, 16.739147186279297, 37.98698425292969, 4.095784664154053]
alpha/beta optimization time: 0.3668828010559082
pruning_in_iteration open status: False
ratio of positive domain = 0 / 256 = 0.0
pruning-in-iteration extra time: 4.0531158447265625e-05
torch.Size([256, 1])
Time: prepare 0.0053    bound 0.3683    transfer 0.0041    finalize 0.0377    func 0.4154    
Accumulated time: func 225.5759    prepare 5.0172    bound 211.3737    transfer 2.1275    finalize 10.2140    
max lb tensor(-934.) min lb tensor(-1138.)
Number of Verified Splits: 0 of 256
Current worst splitting domains lb-rhs (depth):
-1138.00000 (290), -1138.00000 (323), -1138.00000 (190), -1138.00000 (203), -1138.00000 (63), -1138.00000 (269), -1138.00000 (98), -1138.00000 (207), -1138.00000 (248), -1138.00000 (128), -1138.00000 (239), -1138.00000 (314), -1138.00000 (170), -1138.00000 (97), -1138.00000 (10), -1138.00000 (343), -1138.00000 (157), -1138.00000 (33), -1138.00000 (50), -1138.00000 (290), 
Length of domains: 45352
Current (lb-rhs): -1138.0
90620 domains visited
Time: pickout 0.0342    decision 0.1338    set_bounds 0.0088    solve 0.4159    add 0.0482    
Accumulated time: pickout 9.6412    decision 89.5907    set_bounds 3.9054    solve 225.8020    add 28.6512    
Cumulative time: 358.2242319583893

BaB round 356
batch: 128
splitting decisions: 
split level 0: [/49, 4114] [/55, 568] [/55, 55] [/49, 9184] [/49, 2255] [/49, 5322] [/49, 3460] [/55, 48] [/49, 9206] [/49, 3774] 
best_l after optimization: -266117.4375
beta sum per layer: [0.0, 16.61658477783203, 37.94011688232422, 4.306875705718994]
alpha/beta optimization time: 0.3747372627258301
pruning_in_iteration open status: False
ratio of positive domain = 0 / 256 = 0.0
pruning-in-iteration extra time: 3.8623809814453125e-05
torch.Size([256, 1])
Time: prepare 0.0059    bound 0.3762    transfer 0.0048    finalize 0.0206    func 0.4075    
Accumulated time: func 225.9834    prepare 5.0242    bound 211.7499    transfer 2.1323    finalize 10.2346    
max lb tensor(-934.) min lb tensor(-1138.)
Number of Verified Splits: 0 of 256
Current worst splitting domains lb-rhs (depth):
-1138.00000 (30), -1138.00000 (197), -1138.00000 (256), -1138.00000 (285), -1138.00000 (323), -1138.00000 (312), -1138.00000 (141), -1138.00000 (10), -1138.00000 (90), -1138.00000 (111), -1138.00000 (300), -1138.00000 (224), -1138.00000 (196), -1138.00000 (343), -1138.00000 (68), -1138.00000 (142), -1138.00000 (256), -1138.00000 (196), -1138.00000 (284), -1138.00000 (30), 
Length of domains: 45480
Current (lb-rhs): -1138.0
90876 domains visited
Time: pickout 0.0348    decision 0.1335    set_bounds 0.0046    solve 0.4125    add 0.0435    
Accumulated time: pickout 9.6761    decision 89.7242    set_bounds 3.9099    solve 226.2145    add 28.6947    
Cumulative time: 358.856609582901

BaB round 357
batch: 128
splitting decisions: 
split level 0: [/49, 1627] [/55, 512] [/49, 9182] [/49, 7568] [/55, 1187] [/55, 1253] [/55, 1432] [/55, 34] [/49, 4138] [/49, 6310] 
best_l after optimization: -266118.90625
beta sum per layer: [0.0, 17.458816528320312, 38.153846740722656, 4.413167476654053]
alpha/beta optimization time: 0.37935447692871094
pruning_in_iteration open status: False
ratio of positive domain = 0 / 256 = 0.0
pruning-in-iteration extra time: 4.076957702636719e-05
torch.Size([256, 1])
Time: prepare 0.0051    bound 0.3807    transfer 0.0042    finalize 0.0369    func 0.4270    
Accumulated time: func 226.4104    prepare 5.0306    bound 212.1306    transfer 2.1364    finalize 10.2715    
max lb tensor(-934.) min lb tensor(-1138.)
Number of Verified Splits: 0 of 256
Current worst splitting domains lb-rhs (depth):
-1138.00000 (44), -1138.00000 (217), -1138.00000 (185), -1138.00000 (14), -1138.00000 (137), -1138.00000 (157), -1138.00000 (44), -1138.00000 (329), -1138.00000 (86), -1138.00000 (264), -1138.00000 (204), -1138.00000 (300), -1138.00000 (117), -1138.00000 (278), -1138.00000 (157), -1138.00000 (86), -1138.00000 (184), -1138.00000 (329), -1138.00000 (250), -1138.00000 (13), 
Length of domains: 45608
Current (lb-rhs): -1138.0
91132 domains visited
Time: pickout 0.0374    decision 0.1367    set_bounds 0.0043    solve 0.4275    add 0.0478    
Accumulated time: pickout 9.7135    decision 89.8609    set_bounds 3.9143    solve 226.6420    add 28.7425    
Cumulative time: 359.51164054870605

BaB round 358
batch: 128
splitting decisions: 
split level 0: [/55, 1170] [/49, 2099] [/49, 6505] [/55, 910] [/49, 3774] [/55, 524] [/49, 7518] [/55, 1223] [/55, 463] [/49, 10549] 
best_l after optimization: -266121.125
beta sum per layer: [0.0, 18.405223846435547, 38.47328567504883, 4.198182582855225]
alpha/beta optimization time: 0.36618709564208984
pruning_in_iteration open status: False
ratio of positive domain = 0 / 256 = 0.0
pruning-in-iteration extra time: 0.00016546249389648438
torch.Size([256, 1])
Time: prepare 0.0052    bound 0.3677    transfer 0.0049    finalize 0.0209    func 0.3987    
Accumulated time: func 226.8091    prepare 5.0370    bound 212.4983    transfer 2.1413    finalize 10.2925    
max lb tensor(-934.) min lb tensor(-1138.)
Number of Verified Splits: 0 of 256
Current worst splitting domains lb-rhs (depth):
-1138.00000 (327), -1138.00000 (64), -1138.00000 (192), -1138.00000 (149), -1138.00000 (64), -1138.00000 (34), -1138.00000 (149), -1138.00000 (227), -1138.00000 (343), -1138.00000 (283), -1138.00000 (242), -1138.00000 (260), -1138.00000 (356), -1138.00000 (149), -1138.00000 (64), -1138.00000 (192), -1138.00000 (148), -1138.00000 (283), -1138.00000 (9), -1138.00000 (260), 
Length of domains: 45736
Current (lb-rhs): -1138.0
91388 domains visited
Time: pickout 0.0351    decision 0.1366    set_bounds 0.0087    solve 0.3993    add 0.0392    
Accumulated time: pickout 9.7486    decision 89.9975    set_bounds 3.9229    solve 227.0412    add 28.7817    
Cumulative time: 360.1339089870453

BaB round 359
batch: 128
splitting decisions: 
split level 0: [/49, 4140] [/49, 4294] [/49, 4113] [/49, 3513] [/49, 7518] [/55, 1193] [/49, 7493] [/49, 10547] [/49, 82] [/49, 3944] 
best_l after optimization: -266126.125
beta sum per layer: [0.0, 18.971872329711914, 38.79475402832031, 4.272422790527344]
alpha/beta optimization time: 0.37357068061828613
pruning_in_iteration open status: False
ratio of positive domain = 0 / 256 = 0.0
pruning-in-iteration extra time: 4.00543212890625e-05
torch.Size([256, 1])
Time: prepare 0.0056    bound 0.3750    transfer 0.0046    finalize 0.0375    func 0.4227    
Accumulated time: func 227.2318    prepare 5.0437    bound 212.8733    transfer 2.1459    finalize 10.3300    
max lb tensor(-934.) min lb tensor(-1138.)
Number of Verified Splits: 0 of 256
Current worst splitting domains lb-rhs (depth):
-1138.00000 (45), -1138.00000 (153), -1138.00000 (33), -1138.00000 (9), -1138.00000 (134), -1138.00000 (268), -1138.00000 (94), -1138.00000 (154), -1138.00000 (239), -1138.00000 (318), -1138.00000 (255), -1138.00000 (209), -1138.00000 (254), -1138.00000 (62), -1138.00000 (345), -1138.00000 (309), -1138.00000 (17), -1138.00000 (235), -1138.00000 (108), -1138.00000 (191), 
Length of domains: 45864
Current (lb-rhs): -1138.0
91644 domains visited
Time: pickout 0.0347    decision 0.1345    set_bounds 0.0046    solve 0.4275    add 0.0483    
Accumulated time: pickout 9.7832    decision 90.1320    set_bounds 3.9275    solve 227.4687    add 28.8300    
Cumulative time: 360.7847752571106

BaB round 360
batch: 128
splitting decisions: 
split level 0: [/49, 9351] [/49, 8001] [/49, 10379] [/55, 742] [/49, 5465] [/49, 1603] [/49, 4985] [/49, 9351] [/55, 1075] [/49, 67] 
best_l after optimization: -266127.4375
beta sum per layer: [0.0, 20.022586822509766, 40.17261505126953, 4.182739734649658]
alpha/beta optimization time: 0.3688220977783203
pruning_in_iteration open status: False
ratio of positive domain = 0 / 256 = 0.0
pruning-in-iteration extra time: 3.9577484130859375e-05
torch.Size([256, 1])
Time: prepare 0.0053    bound 0.3702    transfer 0.0049    finalize 0.0299    func 0.4104    
Accumulated time: func 227.6422    prepare 5.0502    bound 213.2436    transfer 2.1508    finalize 10.3599    
max lb tensor(-934.) min lb tensor(-1138.)
Number of Verified Splits: 0 of 256
Current worst splitting domains lb-rhs (depth):
-1138.00000 (223), -1138.00000 (79), -1138.00000 (190), -1138.00000 (8), -1138.00000 (314), -1138.00000 (282), -1138.00000 (327), -1138.00000 (328), -1138.00000 (13), -1138.00000 (344), -1138.00000 (68), -1138.00000 (105), -1138.00000 (23), -1138.00000 (117), -1138.00000 (174), -1138.00000 (108), -1138.00000 (174), -1138.00000 (219), -1138.00000 (255), -1138.00000 (335), 
Length of domains: 45992
Current (lb-rhs): -1138.0
91900 domains visited
Time: pickout 0.0362    decision 0.1347    set_bounds 0.0044    solve 0.4109    add 0.0454    
Accumulated time: pickout 9.8195    decision 90.2667    set_bounds 3.9319    solve 227.8797    add 28.8753    
Cumulative time: 361.41773414611816

BaB round 361
batch: 128
splitting decisions: 
split level 0: [/55, 292] [/55, 458] [/49, 4633] [/49, 3658] [/49, 8508] [/49, 2762] [/55, 68] [/55, 1352] [/55, 1164] [/55, 915] 
best_l after optimization: -266129.40625
beta sum per layer: [0.0, 19.43777084350586, 40.498321533203125, 4.4119367599487305]
alpha/beta optimization time: 0.3722248077392578
pruning_in_iteration open status: False
ratio of positive domain = 0 / 256 = 0.0
pruning-in-iteration extra time: 3.910064697265625e-05
torch.Size([256, 1])
Time: prepare 0.0052    bound 0.3736    transfer 0.0044    finalize 0.0288    func 0.4121    
Accumulated time: func 228.0543    prepare 5.0565    bound 213.6172    transfer 2.1552    finalize 10.3887    
max lb tensor(-934.) min lb tensor(-1138.)
Number of Verified Splits: 0 of 256
Current worst splitting domains lb-rhs (depth):
-1138.00000 (9), -1138.00000 (191), -1138.00000 (347), -1138.00000 (352), -1138.00000 (181), -1138.00000 (151), -1138.00000 (175), -1138.00000 (250), -1138.00000 (40), -1138.00000 (344), -1138.00000 (242), -1138.00000 (25), -1138.00000 (237), -1138.00000 (311), -1138.00000 (76), -1138.00000 (29), -1138.00000 (336), -1138.00000 (230), -1138.00000 (195), -1138.00000 (93), 
Length of domains: 46120
Current (lb-rhs): -1138.0
92156 domains visited
Time: pickout 0.0357    decision 0.1331    set_bounds 0.0084    solve 0.4126    add 0.0441    
Accumulated time: pickout 9.8551    decision 90.3998    set_bounds 3.9403    solve 228.2923    add 28.9194    
Cumulative time: 362.05487298965454

BaB round 362
batch: 128
splitting decisions: 
split level 0: [/49, 8001] [/49, 3787] [/55, 634] [/49, 8359] [/49, 1605] [/55, 561] [/49, 4645] [/49, 8699] [/49, 734] [/49, 4127] 
best_l after optimization: -266130.75
beta sum per layer: [0.0, 20.206506729125977, 39.714256286621094, 4.2728729248046875]
alpha/beta optimization time: 0.367603063583374
pruning_in_iteration open status: False
ratio of positive domain = 0 / 256 = 0.0
pruning-in-iteration extra time: 3.790855407714844e-05
torch.Size([256, 1])
Time: prepare 0.0052    bound 0.3690    transfer 0.0041    finalize 0.0395    func 0.4179    
Accumulated time: func 228.4722    prepare 5.0629    bound 213.9861    transfer 2.1593    finalize 10.4282    
max lb tensor(-934.) min lb tensor(-1138.)
Number of Verified Splits: 0 of 256
Current worst splitting domains lb-rhs (depth):
-1138.00000 (34), -1138.00000 (75), -1138.00000 (136), -1138.00000 (316), -1138.00000 (11), -1138.00000 (195), -1138.00000 (347), -1138.00000 (359), -1138.00000 (227), -1138.00000 (263), -1138.00000 (195), -1138.00000 (246), -1138.00000 (136), -1138.00000 (75), -1138.00000 (325), -1138.00000 (293), -1138.00000 (194), -1138.00000 (34), -1138.00000 (136), -1138.00000 (263), 
Length of domains: 46248
Current (lb-rhs): -1138.0
92412 domains visited
Time: pickout 0.0352    decision 0.1333    set_bounds 0.0043    solve 0.4225    add 0.0477    
Accumulated time: pickout 9.8903    decision 90.5331    set_bounds 3.9446    solve 228.7148    add 28.9671    
Cumulative time: 362.7009439468384

BaB round 363
batch: 128
splitting decisions: 
split level 0: [/55, 52] [/49, 7858] [/55, 231] [/49, 2135] [/49, 4452] [/55, 408] [/55, 1536] [/55, 522] [/55, 122] [/49, 9521] 
best_l after optimization: -266132.5625
beta sum per layer: [0.0, 21.064071655273438, 40.900272369384766, 4.275937080383301]
alpha/beta optimization time: 0.375903844833374
pruning_in_iteration open status: False
ratio of positive domain = 0 / 256 = 0.0
pruning-in-iteration extra time: 5.7697296142578125e-05
torch.Size([256, 1])
Time: prepare 0.0051    bound 0.3773    transfer 0.0050    finalize 0.0391    func 0.4264    
Accumulated time: func 228.8986    prepare 5.0691    bound 214.3634    transfer 2.1643    finalize 10.4673    
max lb tensor(-934.) min lb tensor(-1138.)
Number of Verified Splits: 0 of 256
Current worst splitting domains lb-rhs (depth):
-1138.00000 (49), -1138.00000 (51), -1138.00000 (330), -1138.00000 (167), -1138.00000 (220), -1138.00000 (209), -1138.00000 (51), -1138.00000 (249), -1138.00000 (331), -1138.00000 (50), -1138.00000 (168), -1138.00000 (50), -1138.00000 (331), -1138.00000 (50), -1138.00000 (331), -1138.00000 (168), -1138.00000 (51), -1138.00000 (248), -1138.00000 (49), -1138.00000 (332), 
Length of domains: 46376
Current (lb-rhs): -1138.0
92668 domains visited
Time: pickout 0.0346    decision 0.1318    set_bounds 0.0043    solve 0.4269    add 0.0491    
Accumulated time: pickout 9.9249    decision 90.6649    set_bounds 3.9489    solve 229.1417    add 29.0162    
Cumulative time: 363.3490207195282

BaB round 364
batch: 128
splitting decisions: 
split level 0: [/55, 39] [/55, 238] [/49, 10547] [/49, 132] [/55, 741] [/49, 4308] [/49, 4138] [/49, 7323] [/49, 93] [/49, 1605] 
best_l after optimization: -266135.0625
beta sum per layer: [0.0, 21.382572174072266, 42.39190673828125, 4.230652809143066]
alpha/beta optimization time: 0.4148681163787842
pruning_in_iteration open status: False
ratio of positive domain = 0 / 256 = 0.0
pruning-in-iteration extra time: 4.9114227294921875e-05
torch.Size([256, 1])
Time: prepare 0.0060    bound 0.4164    transfer 0.0042    finalize 0.0387    func 0.4654    
Accumulated time: func 229.3640    prepare 5.0766    bound 214.7798    transfer 2.1685    finalize 10.5060    
max lb tensor(-934.) min lb tensor(-1138.)
Number of Verified Splits: 0 of 256
Current worst splitting domains lb-rhs (depth):
-1138.00000 (295), -1138.00000 (263), -1138.00000 (29), -1138.00000 (135), -1138.00000 (232), -1138.00000 (296), -1138.00000 (198), -1138.00000 (351), -1138.00000 (135), -1138.00000 (29), -1138.00000 (135), -1138.00000 (296), -1138.00000 (136), -1138.00000 (29), -1138.00000 (198), -1138.00000 (136), -1138.00000 (134), -1138.00000 (352), -1138.00000 (136), -1138.00000 (245), 
Length of domains: 46504
Current (lb-rhs): -1138.0
92924 domains visited
Time: pickout 0.0373    decision 0.1601    set_bounds 0.0101    solve 0.4658    add 0.0474    
Accumulated time: pickout 9.9623    decision 90.8249    set_bounds 3.9589    solve 229.6076    add 29.0636    
Cumulative time: 364.0710949897766

BaB round 365
batch: 128
splitting decisions: 
split level 0: [/49, 4802] [/49, 8508] [/55, 561] [/49, 2758] [/49, 9351] [/55, 468] [/49, 420] [/55, 1156] [/49, 6671] [/49, 3787] 
best_l after optimization: -266139.0
beta sum per layer: [0.0, 22.838783264160156, 41.01258850097656, 3.968421697616577]
alpha/beta optimization time: 0.7306983470916748
pruning_in_iteration open status: False
ratio of positive domain = 0 / 256 = 0.0
pruning-in-iteration extra time: 0.0003476142883300781
torch.Size([256, 1])
Time: prepare 0.0051    bound 0.7324    transfer 0.0041    finalize 0.0386    func 0.7802    
Accumulated time: func 230.1442    prepare 5.0828    bound 215.5122    transfer 2.1727    finalize 10.5446    
max lb tensor(-934.) min lb tensor(-1138.)
Number of Verified Splits: 0 of 256
Current worst splitting domains lb-rhs (depth):
-1138.00000 (32), -1138.00000 (346), -1138.00000 (90), -1138.00000 (230), -1138.00000 (126), -1138.00000 (180), -1138.00000 (13), -1138.00000 (58), -1138.00000 (242), -1138.00000 (359), -1138.00000 (280), -1138.00000 (327), -1138.00000 (305), -1138.00000 (214), -1138.00000 (90), -1138.00000 (197), -1138.00000 (126), -1138.00000 (259), -1138.00000 (156), -1138.00000 (58), 
Length of domains: 46632
Current (lb-rhs): -1138.0
93180 domains visited
Time: pickout 0.0372    decision 0.1427    set_bounds 0.0042    solve 0.7848    add 0.0474    
Accumulated time: pickout 9.9995    decision 90.9676    set_bounds 3.9632    solve 230.3924    add 29.1110    
Cumulative time: 365.0887544155121

BaB round 366
batch: 128
splitting decisions: 
split level 0: [/49, 916] [/49, 2762] [/49, 7505] [/49, 10415] [/49, 9379] [/49, 8363] [/49, 2277] [/55, 956] [/55, 212] [/49, 8021] 
best_l after optimization: -266139.34375
beta sum per layer: [0.0, 23.501846313476562, 42.41722106933594, 4.186254501342773]
alpha/beta optimization time: 0.7584385871887207
pruning_in_iteration open status: False
ratio of positive domain = 0 / 256 = 0.0
pruning-in-iteration extra time: 0.0002524852752685547
torch.Size([256, 1])
Time: prepare 0.0057    bound 0.7601    transfer 0.0043    finalize 0.0315    func 0.8016    
Accumulated time: func 230.9459    prepare 5.0934    bound 216.2723    transfer 2.1770    finalize 10.5761    
max lb tensor(-934.) min lb tensor(-1138.)
Number of Verified Splits: 0 of 256
Current worst splitting domains lb-rhs (depth):
-1138.00000 (71), -1138.00000 (281), -1138.00000 (17), -1138.00000 (72), -1138.00000 (102), -1138.00000 (315), -1138.00000 (45), -1138.00000 (196), -1138.00000 (250), -1138.00000 (134), -1138.00000 (227), -1138.00000 (168), -1138.00000 (360), -1138.00000 (16), -1138.00000 (226), -1138.00000 (298), -1138.00000 (103), -1138.00000 (266), -1138.00000 (195), -1138.00000 (134), 
Length of domains: 46760
Current (lb-rhs): -1138.0
93436 domains visited
Time: pickout 0.0488    decision 0.2907    set_bounds 0.0102    solve 0.8021    add 0.0444    
Accumulated time: pickout 10.0483    decision 91.2583    set_bounds 3.9733    solve 231.1945    add 29.1554    
Cumulative time: 366.2863790988922

BaB round 367
batch: 128
splitting decisions: 
split level 0: [/55, 1360] [/49, 3269] [/49, 1930] [/49, 4344] [/49, 756] [/49, 928] [/49, 6841] [/49, 3958] [/55, 242] [/49, 1578] 
best_l after optimization: -266144.15625
beta sum per layer: [0.0, 22.883928298950195, 42.755126953125, 4.532611846923828]
alpha/beta optimization time: 0.46740126609802246
pruning_in_iteration open status: False
ratio of positive domain = 0 / 256 = 0.0
pruning-in-iteration extra time: 3.62396240234375e-05
torch.Size([256, 1])
Time: prepare 0.0110    bound 0.4689    transfer 0.0047    finalize 0.0196    func 0.5043    
Accumulated time: func 231.4501    prepare 5.1209    bound 216.7411    transfer 2.1818    finalize 10.5957    
max lb tensor(-934.) min lb tensor(-1138.)
Number of Verified Splits: 0 of 256
Current worst splitting domains lb-rhs (depth):
-1138.00000 (34), -1138.00000 (47), -1138.00000 (139), -1138.00000 (188), -1138.00000 (74), -1138.00000 (213), -1138.00000 (273), -1138.00000 (197), -1138.00000 (10), -1138.00000 (123), -1138.00000 (171), -1138.00000 (346), -1138.00000 (357), -1138.00000 (337), -1138.00000 (258), -1138.00000 (232), -1138.00000 (111), -1138.00000 (284), -1138.00000 (73), -1138.00000 (221), 
Length of domains: 46888
Current (lb-rhs): -1138.0
93692 domains visited
Time: pickout 0.0362    decision 0.3141    set_bounds 0.0167    solve 0.5048    add 0.0407    
Accumulated time: pickout 10.0844    decision 91.5724    set_bounds 3.9900    solve 231.6993    add 29.1961    
Cumulative time: 367.2020220756531

BaB round 368
batch: 128
splitting decisions: 
split level 0: [/55, 474] [/55, 1337] [/49, 916] [/49, 2953] [/49, 9208] [/49, 4153] [/49, 3291] [/49, 3619] [/49, 4972] [/55, 645] 
best_l after optimization: -266147.46875
beta sum per layer: [0.0, 24.206228256225586, 43.46947479248047, 4.208971977233887]
alpha/beta optimization time: 0.37291812896728516
pruning_in_iteration open status: False
ratio of positive domain = 0 / 256 = 0.0
pruning-in-iteration extra time: 3.600120544433594e-05
torch.Size([256, 1])
Time: prepare 0.0052    bound 0.3744    transfer 0.0049    finalize 0.0360    func 0.4205    
Accumulated time: func 231.8707    prepare 5.1273    bound 217.1155    transfer 2.1867    finalize 10.6317    
max lb tensor(-934.) min lb tensor(-1138.)
Number of Verified Splits: 0 of 256
Current worst splitting domains lb-rhs (depth):
-1138.00000 (144), -1138.00000 (202), -1138.00000 (265), -1138.00000 (15), -1138.00000 (155), -1138.00000 (319), -1138.00000 (48), -1138.00000 (202), -1138.00000 (99), -1138.00000 (30), -1138.00000 (202), -1138.00000 (265), -1138.00000 (99), -1138.00000 (100), -1138.00000 (319), -1138.00000 (363), -1138.00000 (345), -1138.00000 (203), -1138.00000 (290), -1138.00000 (15), 
Length of domains: 47016
Current (lb-rhs): -1138.0
93948 domains visited
Time: pickout 0.0360    decision 0.1425    set_bounds 0.0044    solve 0.4254    add 0.0483    
Accumulated time: pickout 10.1205    decision 91.7150    set_bounds 3.9943    solve 232.1247    add 29.2444    
Cumulative time: 367.860075712204

BaB round 369
batch: 128
splitting decisions: 
split level 0: [/49, 1098] [/55, 39] [/55, 66] [/49, 7347] [/55, 1360] [/55, 433] [/55, 738] [/49, 9379] [/49, 6311] [/49, 5634] 
best_l after optimization: -266149.40625
beta sum per layer: [0.0, 25.75957679748535, 42.09526443481445, 4.098093509674072]
alpha/beta optimization time: 0.4526398181915283
pruning_in_iteration open status: False
ratio of positive domain = 0 / 256 = 0.0
pruning-in-iteration extra time: 3.7670135498046875e-05
torch.Size([256, 1])
Time: prepare 0.0052    bound 0.4540    transfer 0.0041    finalize 0.0186    func 0.4819    
Accumulated time: func 232.3526    prepare 5.1336    bound 217.5695    transfer 2.1908    finalize 10.6503    
max lb tensor(-934.) min lb tensor(-1138.)
Number of Verified Splits: 0 of 256
Current worst splitting domains lb-rhs (depth):
-1138.00000 (294), -1138.00000 (111), -1138.00000 (202), -1138.00000 (42), -1138.00000 (215), -1138.00000 (172), -1138.00000 (11), -1138.00000 (261), -1138.00000 (342), -1138.00000 (251), -1138.00000 (111), -1138.00000 (145), -1138.00000 (294), -1138.00000 (43), -1138.00000 (364), -1138.00000 (271), -1138.00000 (342), -1138.00000 (111), -1138.00000 (231), -1138.00000 (43), 
Length of domains: 47144
Current (lb-rhs): -1138.0
94204 domains visited
Time: pickout 0.0351    decision 0.1384    set_bounds 0.0043    solve 0.4824    add 0.0419    
Accumulated time: pickout 10.1555    decision 91.8533    set_bounds 3.9987    solve 232.6072    add 29.2862    
Cumulative time: 368.5654470920563

BaB round 370
batch: 128
splitting decisions: 
split level 0: [/49, 3945] [/49, 8872] [/49, 10366] [/49, 3459] [/49, 3113] [/55, 1047] [/55, 940] [/49, 4114] [/55, 1360] [/49, 1240] 
best_l after optimization: -266150.25
beta sum per layer: [0.0, 25.713666915893555, 43.41512680053711, 4.314210414886475]
alpha/beta optimization time: 0.5101463794708252
pruning_in_iteration open status: False
ratio of positive domain = 0 / 256 = 0.0
pruning-in-iteration extra time: 4.029273986816406e-05
torch.Size([256, 1])
Time: prepare 0.0056    bound 0.5116    transfer 0.0048    finalize 0.0381    func 0.5602    
Accumulated time: func 232.9128    prepare 5.1417    bound 218.0811    transfer 2.1956    finalize 10.6883    
max lb tensor(-934.) min lb tensor(-1138.)
Number of Verified Splits: 0 of 256
Current worst splitting domains lb-rhs (depth):
-1138.00000 (198), -1138.00000 (198), -1138.00000 (148), -1138.00000 (323), -1138.00000 (96), -1138.00000 (269), -1138.00000 (198), -1138.00000 (148), -1138.00000 (295), -1138.00000 (64), -1138.00000 (339), -1138.00000 (65), -1138.00000 (363), -1138.00000 (31), -1138.00000 (18), -1138.00000 (269), -1138.00000 (199), -1138.00000 (147), -1138.00000 (64), -1138.00000 (356), 
Length of domains: 47272
Current (lb-rhs): -1138.0
94460 domains visited
Time: pickout 0.0355    decision 0.1815    set_bounds 0.0084    solve 0.5607    add 0.0517    
Accumulated time: pickout 10.1910    decision 92.0349    set_bounds 4.0071    solve 233.1678    add 29.3379    
Cumulative time: 369.40577816963196

BaB round 371
batch: 128
splitting decisions: 
split level 0: [/55, 729] [/55, 61] [/49, 6335] [/49, 964] [/55, 1372] [/49, 3658] [/49, 3785] [/55, 1359] [/49, 9403] [/49, 2099] 
best_l after optimization: -266151.78125
beta sum per layer: [0.0, 26.216588973999023, 43.960723876953125, 4.31489372253418]
alpha/beta optimization time: 0.5723447799682617
pruning_in_iteration open status: False
ratio of positive domain = 0 / 256 = 0.0
pruning-in-iteration extra time: 0.0002751350402832031
torch.Size([256, 1])
Time: prepare 0.0084    bound 0.5741    transfer 0.0052    finalize 0.0216    func 0.6094    
Accumulated time: func 233.5222    prepare 5.1525    bound 218.6553    transfer 2.2007    finalize 10.7100    
max lb tensor(-934.) min lb tensor(-1138.)
Number of Verified Splits: 0 of 256
Current worst splitting domains lb-rhs (depth):
-1138.00000 (224), -1138.00000 (69), -1138.00000 (214), -1138.00000 (174), -1138.00000 (167), -1138.00000 (131), -1138.00000 (343), -1138.00000 (262), -1138.00000 (142), -1138.00000 (8), -1138.00000 (115), -1138.00000 (82), -1138.00000 (241), -1138.00000 (55), -1138.00000 (249), -1138.00000 (195), -1138.00000 (310), -1138.00000 (74), -1138.00000 (122), -1138.00000 (59), 
Length of domains: 47400
Current (lb-rhs): -1138.0
94716 domains visited
Time: pickout 0.0395    decision 0.1957    set_bounds 0.0080    solve 0.6144    add 0.0427    
Accumulated time: pickout 10.2306    decision 92.2306    set_bounds 4.0151    solve 233.7822    add 29.3806    
Cumulative time: 370.3099148273468

BaB round 372
batch: 128
splitting decisions: 
split level 0: [/55, 119] [/49, 3449] [/49, 1436] [/55, 1180] [/49, 82] [/55, 950] [/49, 565] [/49, 589] [/49, 8025] [/55, 37] 
best_l after optimization: -266152.9375
beta sum per layer: [0.0, 25.743854522705078, 44.091087341308594, 4.2081708908081055]
alpha/beta optimization time: 0.6788828372955322
pruning_in_iteration open status: False
ratio of positive domain = 0 / 256 = 0.0
pruning-in-iteration extra time: 4.5299530029296875e-05
torch.Size([256, 1])
Time: prepare 0.0065    bound 0.6805    transfer 0.0051    finalize 0.0408    func 0.7329    
Accumulated time: func 234.2551    prepare 5.1606    bound 219.3357    transfer 2.2059    finalize 10.7507    
max lb tensor(-934.) min lb tensor(-1138.)
Number of Verified Splits: 0 of 256
Current worst splitting domains lb-rhs (depth):
-1138.00000 (109), -1138.00000 (13), -1138.00000 (129), -1138.00000 (146), -1138.00000 (80), -1138.00000 (110), -1138.00000 (38), -1138.00000 (157), -1138.00000 (219), -1138.00000 (185), -1138.00000 (307), -1138.00000 (237), -1138.00000 (317), -1138.00000 (260), -1138.00000 (80), -1138.00000 (278), -1138.00000 (47), -1138.00000 (13), -1138.00000 (333), -1138.00000 (170), 
Length of domains: 47528
Current (lb-rhs): -1138.0
94972 domains visited
Time: pickout 0.0535    decision 0.2789    set_bounds 0.0052    solve 0.7334    add 0.0517    
Accumulated time: pickout 10.2840    decision 92.5095    set_bounds 4.0202    solve 234.5156    add 29.4323    
Cumulative time: 371.4341700077057

BaB round 373
batch: 128
splitting decisions: 
split level 0: [/55, 1167] [/49, 760] [/49, 1759] [/55, 516] [/49, 5466] [/49, 69] [/49, 1603] [/49, 8003] [/55, 631] [/55, 1171] 
best_l after optimization: -266158.8125
beta sum per layer: [0.0, 28.42159080505371, 45.16859436035156, 4.188067436218262]
alpha/beta optimization time: 0.7920012474060059
pruning_in_iteration open status: False
ratio of positive domain = 0 / 256 = 0.0
pruning-in-iteration extra time: 3.814697265625e-05
torch.Size([256, 1])
Time: prepare 0.0051    bound 0.7934    transfer 0.0040    finalize 0.0273    func 0.8298    
Accumulated time: func 235.0849    prepare 5.1819    bound 220.1291    transfer 2.2099    finalize 10.7780    
max lb tensor(-934.) min lb tensor(-1138.)
Number of Verified Splits: 0 of 256
Current worst splitting domains lb-rhs (depth):
-1138.00000 (351), -1138.00000 (85), -1138.00000 (186), -1138.00000 (111), -1138.00000 (36), -1138.00000 (366), -1138.00000 (254), -1138.00000 (142), -1138.00000 (162), -1138.00000 (207), -1138.00000 (298), -1138.00000 (218), -1138.00000 (130), -1138.00000 (246), -1138.00000 (84), -1138.00000 (277), -1138.00000 (317), -1138.00000 (175), -1138.00000 (23), -1138.00000 (84), 
Length of domains: 47656
Current (lb-rhs): -1138.0
95228 domains visited
Time: pickout 0.0494    decision 0.3759    set_bounds 0.0085    solve 0.8303    add 0.0425    
Accumulated time: pickout 10.3335    decision 92.8854    set_bounds 4.0287    solve 235.3459    add 29.4747    
Cumulative time: 372.74216079711914

BaB round 374
batch: 128
splitting decisions: 
split level 0: [/49, 4620] [/49, 7351] [/55, 625] [/49, 780] [/55, 225] [/55, 503] [/49, 4281] [/49, 3774] [/49, 3618] [/49, 3449] 
best_l after optimization: -266161.5
beta sum per layer: [0.0, 28.632898330688477, 44.87880325317383, 4.317158222198486]
alpha/beta optimization time: 0.6690323352813721
pruning_in_iteration open status: False
ratio of positive domain = 0 / 256 = 0.0
pruning-in-iteration extra time: 8.225440979003906e-05
torch.Size([256, 1])
Time: prepare 0.0051    bound 0.6705    transfer 0.0044    finalize 0.0196    func 0.6997    
Accumulated time: func 235.7846    prepare 5.1955    bound 220.7996    transfer 2.2143    finalize 10.7976    
max lb tensor(-934.) min lb tensor(-1138.)
Number of Verified Splits: 0 of 256
Current worst splitting domains lb-rhs (depth):
-1138.00000 (8), -1138.00000 (337), -1138.00000 (138), -1138.00000 (235), -1138.00000 (43), -1138.00000 (193), -1138.00000 (106), -1138.00000 (25), -1138.00000 (343), -1138.00000 (284), -1138.00000 (159), -1138.00000 (253), -1138.00000 (76), -1138.00000 (321), -1138.00000 (176), -1138.00000 (216), -1138.00000 (59), -1138.00000 (49), -1138.00000 (129), -1138.00000 (340), 
Length of domains: 47784
Current (lb-rhs): -1138.0
95484 domains visited
Time: pickout 0.0419    decision 0.1832    set_bounds 0.0043    solve 0.7001    add 0.0407    
Accumulated time: pickout 10.3754    decision 93.0686    set_bounds 4.0330    solve 236.0460    add 29.5154    
Cumulative time: 373.7159152030945

BaB round 375
batch: 128
splitting decisions: 
split level 0: [/49, 7324] [/49, 4127] [/49, 1434] [/49, 4162] [/49, 8509] [/49, 734] [/55, 60] [/49, 9182] [/55, 1226] [/49, 6478] 
best_l after optimization: -266162.8125
beta sum per layer: [0.0, 29.054153442382812, 46.76886749267578, 4.011641979217529]
alpha/beta optimization time: 0.672471284866333
pruning_in_iteration open status: False
ratio of positive domain = 0 / 256 = 0.0
pruning-in-iteration extra time: 9.751319885253906e-05
torch.Size([256, 1])
Time: prepare 0.0056    bound 0.6740    transfer 0.0041    finalize 0.0357    func 0.7194    
Accumulated time: func 236.5040    prepare 5.2232    bound 221.4735    transfer 2.2184    finalize 10.8333    
max lb tensor(-934.) min lb tensor(-1138.)
Number of Verified Splits: 0 of 256
Current worst splitting domains lb-rhs (depth):
-1138.00000 (329), -1138.00000 (253), -1138.00000 (69), -1138.00000 (330), -1138.00000 (179), -1138.00000 (69), -1138.00000 (253), -1138.00000 (69), -1138.00000 (329), -1138.00000 (370), -1138.00000 (178), -1138.00000 (70), -1138.00000 (179), -1138.00000 (253), -1138.00000 (70), -1138.00000 (178), -1138.00000 (11), -1138.00000 (216), -1138.00000 (70), -1138.00000 (329), 
Length of domains: 47912
Current (lb-rhs): -1138.0
95740 domains visited
Time: pickout 0.0373    decision 0.5077    set_bounds 0.0086    solve 0.7200    add 0.0498    
Accumulated time: pickout 10.4126    decision 93.5763    set_bounds 4.0416    solve 236.7660    add 29.5653    
Cumulative time: 375.0406174659729

BaB round 376
batch: 128
splitting decisions: 
split level 0: [/49, 914] [/49, 9353] [/49, 5322] [/49, 4670] [/49, 4296] [/55, 568] [/49, 5320] [/49, 1590] [/55, 183] [/55, 404] 
best_l after optimization: -266160.40625
beta sum per layer: [0.0, 29.398080825805664, 46.263648986816406, 4.222612380981445]
alpha/beta optimization time: 0.6733598709106445
pruning_in_iteration open status: False
ratio of positive domain = 0 / 256 = 0.0
pruning-in-iteration extra time: 0.00014638900756835938
torch.Size([256, 1])
Time: prepare 0.0051    bound 0.6748    transfer 0.0059    finalize 0.0295    func 0.7155    
Accumulated time: func 237.2194    prepare 5.2532    bound 222.1484    transfer 2.2243    finalize 10.8629    
max lb tensor(-934.) min lb tensor(-1138.)
Number of Verified Splits: 0 of 256
Current worst splitting domains lb-rhs (depth):
-1138.00000 (193), -1138.00000 (81), -1138.00000 (193), -1138.00000 (153), -1138.00000 (278), -1138.00000 (80), -1138.00000 (193), -1138.00000 (337), -1138.00000 (118), -1138.00000 (80), -1138.00000 (298), -1138.00000 (372), -1138.00000 (277), -1138.00000 (80), -1138.00000 (194), -1138.00000 (337), -1138.00000 (153), -1138.00000 (194), -1138.00000 (79), -1138.00000 (81), 
Length of domains: 48040
Current (lb-rhs): -1138.0
95996 domains visited
Time: pickout 0.0529    decision 0.5150    set_bounds 0.0047    solve 0.7160    add 0.0509    
Accumulated time: pickout 10.4655    decision 94.0913    set_bounds 4.0462    solve 237.4820    add 29.6161    
Cumulative time: 376.38349652290344

BaB round 377
batch: 128
splitting decisions: 
split level 0: [/49, 2593] [/49, 1761] [/49, 4112] [/49, 3796] [/49, 4294] [/55, 971] [/55, 417] [/49, 9353] [/49, 4164] [/49, 10547] 
best_l after optimization: -266165.375
beta sum per layer: [0.0, 29.76529312133789, 46.74882507324219, 4.183053970336914]
alpha/beta optimization time: 0.6644573211669922
pruning_in_iteration open status: False
ratio of positive domain = 0 / 256 = 0.0
pruning-in-iteration extra time: 3.838539123535156e-05
torch.Size([256, 1])
Time: prepare 0.0053    bound 0.6658    transfer 0.0044    finalize 0.0368    func 0.7124    
Accumulated time: func 237.9318    prepare 5.2813    bound 222.8142    transfer 2.2287    finalize 10.8997    
max lb tensor(-934.) min lb tensor(-1138.)
Number of Verified Splits: 0 of 256
Current worst splitting domains lb-rhs (depth):
-1138.00000 (373), -1138.00000 (89), -1138.00000 (71), -1138.00000 (186), -1138.00000 (106), -1138.00000 (164), -1138.00000 (281), -1138.00000 (291), -1138.00000 (368), -1138.00000 (361), -1138.00000 (142), -1138.00000 (194), -1138.00000 (206), -1138.00000 (127), -1138.00000 (350), -1138.00000 (317), -1138.00000 (71), -1138.00000 (217), -1138.00000 (330), -1138.00000 (43), 
Length of domains: 48168
Current (lb-rhs): -1138.0
96252 domains visited
Time: pickout 0.0514    decision 0.5073    set_bounds 0.0050    solve 0.7129    add 0.0507    
Accumulated time: pickout 10.5169    decision 94.5987    set_bounds 4.0512    solve 238.1949    add 29.6668    
Cumulative time: 377.7120656967163

BaB round 378
batch: 128
splitting decisions: 
split level 0: [/49, 8872] [/49, 587] [/55, 188] [/49, 8388] [/49, 10365] [/49, 2788] [/49, 7999] [/49, 6478] [/49, 4162] [/49, 8338] 
best_l after optimization: -266166.6875
beta sum per layer: [0.0, 30.813602447509766, 47.34257125854492, 4.328696250915527]
alpha/beta optimization time: 0.8635153770446777
pruning_in_iteration open status: False
ratio of positive domain = 0 / 256 = 0.0
pruning-in-iteration extra time: 3.743171691894531e-05
torch.Size([256, 1])
Time: prepare 0.0257    bound 0.8651    transfer 0.0055    finalize 0.0217    func 0.9181    
Accumulated time: func 238.8499    prepare 5.3154    bound 223.6793    transfer 2.2342    finalize 10.9214    
max lb tensor(-934.) min lb tensor(-1138.)
Number of Verified Splits: 0 of 256
Current worst splitting domains lb-rhs (depth):
-1138.00000 (294), -1138.00000 (224), -1138.00000 (32), -1138.00000 (14), -1138.00000 (170), -1138.00000 (213), -1138.00000 (302), -1138.00000 (77), -1138.00000 (265), -1138.00000 (100), -1138.00000 (245), -1138.00000 (355), -1138.00000 (223), -1138.00000 (137), -1138.00000 (150), -1138.00000 (364), -1138.00000 (65), -1138.00000 (309), -1138.00000 (13), -1138.00000 (276), 
Length of domains: 48296
Current (lb-rhs): -1138.0
96508 domains visited
Time: pickout 0.0386    decision 0.3057    set_bounds 0.0175    solve 0.9187    add 0.0508    
Accumulated time: pickout 10.5555    decision 94.9044    set_bounds 4.0687    solve 239.1135    add 29.7176    
Cumulative time: 379.0464894771576

BaB round 379
batch: 128
splitting decisions: 
split level 0: [/49, 8025] [/49, 4138] [/49, 589] [/49, 7516] [/49, 9039] [/49, 7503] [/55, 1138] [/49, 10365] [/55, 550] [/49, 4634] 
best_l after optimization: -266170.28125
beta sum per layer: [0.0, 32.265113830566406, 46.130271911621094, 4.434471130371094]
alpha/beta optimization time: 0.9675655364990234
pruning_in_iteration open status: False
ratio of positive domain = 0 / 256 = 0.0
pruning-in-iteration extra time: 0.00015687942504882812
torch.Size([256, 1])
Time: prepare 0.0083    bound 0.9691    transfer 0.0047    finalize 0.0357    func 1.0178    
Accumulated time: func 239.8677    prepare 5.3248    bound 224.6484    transfer 2.2389    finalize 10.9571    
max lb tensor(-934.) min lb tensor(-1138.)
Number of Verified Splits: 0 of 256
Current worst splitting domains lb-rhs (depth):
-1138.00000 (180), -1138.00000 (255), -1138.00000 (69), -1138.00000 (333), -1138.00000 (181), -1138.00000 (70), -1138.00000 (256), -1138.00000 (333), -1138.00000 (70), -1138.00000 (180), -1138.00000 (70), -1138.00000 (333), -1138.00000 (229), -1138.00000 (71), -1138.00000 (256), -1138.00000 (332), -1138.00000 (71), -1138.00000 (374), -1138.00000 (180), -1138.00000 (71), 
Length of domains: 48424
Current (lb-rhs): -1138.0
96764 domains visited
Time: pickout 0.0389    decision 0.1340    set_bounds 0.0044    solve 1.0183    add 0.0511    
Accumulated time: pickout 10.5944    decision 95.0384    set_bounds 4.0731    solve 240.1318    add 29.7687    
Cumulative time: 380.2945935726166

BaB round 380
batch: 128
splitting decisions: 
split level 0: [/49, 71] [/49, 3789] [/49, 10378] [/49, 5487] [/49, 3436] [/55, 625] [/49, 9522] [/55, 1098] [/55, 38] [/49, 3268] 
best_l after optimization: -266172.5
beta sum per layer: [0.0, 34.072235107421875, 48.17469787597656, 4.208568572998047]
alpha/beta optimization time: 0.3642771244049072
pruning_in_iteration open status: False
ratio of positive domain = 0 / 256 = 0.0
pruning-in-iteration extra time: 7.724761962890625e-05
torch.Size([256, 1])
Time: prepare 0.0051    bound 0.3657    transfer 0.0047    finalize 0.0193    func 0.3948    
Accumulated time: func 240.2625    prepare 5.3312    bound 225.0141    transfer 2.2436    finalize 10.9764    
max lb tensor(-934.) min lb tensor(-1138.)
Number of Verified Splits: 0 of 256
Current worst splitting domains lb-rhs (depth):
-1138.00000 (15), -1138.00000 (150), -1138.00000 (345), -1138.00000 (304), -1138.00000 (73), -1138.00000 (276), -1138.00000 (229), -1138.00000 (149), -1138.00000 (73), -1138.00000 (344), -1138.00000 (204), -1138.00000 (73), -1138.00000 (149), -1138.00000 (263), -1138.00000 (72), -1138.00000 (74), -1138.00000 (305), -1138.00000 (344), -1138.00000 (228), -1138.00000 (184), 
Length of domains: 48552
Current (lb-rhs): -1138.0
97020 domains visited
Time: pickout 0.0369    decision 0.1415    set_bounds 0.0043    solve 0.3952    add 0.0403    
Accumulated time: pickout 10.6313    decision 95.1799    set_bounds 4.0774    solve 240.5271    add 29.8090    
Cumulative time: 380.915983915329

BaB round 381
batch: 128
splitting decisions: 
split level 0: [/55, 45] [/49, 756] [/49, 3620] [/49, 5007] [/49, 8872] [/55, 1210] [/49, 7326] [/49, 4450] [/55, 928] [/49, 8363] 
best_l after optimization: -266175.875
beta sum per layer: [0.0, 34.74171447753906, 46.23606872558594, 4.281922340393066]
alpha/beta optimization time: 0.8601679801940918
pruning_in_iteration open status: False
ratio of positive domain = 0 / 256 = 0.0
pruning-in-iteration extra time: 4.1961669921875e-05
torch.Size([256, 1])
Time: prepare 0.0259    bound 0.8617    transfer 0.0047    finalize 0.0424    func 0.9347    
Accumulated time: func 241.1973    prepare 5.3662    bound 225.8757    transfer 2.2483    finalize 11.0188    
max lb tensor(-934.) min lb tensor(-1138.)
Number of Verified Splits: 0 of 256
Current worst splitting domains lb-rhs (depth):
-1138.00000 (316), -1138.00000 (38), -1138.00000 (203), -1138.00000 (274), -1138.00000 (134), -1138.00000 (98), -1138.00000 (21), -1138.00000 (167), -1138.00000 (187), -1138.00000 (157), -1138.00000 (197), -1138.00000 (122), -1138.00000 (46), -1138.00000 (211), -1138.00000 (65), -1138.00000 (378), -1138.00000 (290), -1138.00000 (255), -1138.00000 (38), -1138.00000 (263), 
Length of domains: 48680
Current (lb-rhs): -1138.0
97276 domains visited
Time: pickout 0.0378    decision 0.3096    set_bounds 0.0121    solve 0.9352    add 0.0511    
Accumulated time: pickout 10.6691    decision 95.4895    set_bounds 4.0895    solve 241.4623    add 29.8600    
Cumulative time: 382.2630536556244

BaB round 382
batch: 128
splitting decisions: 
split level 0: [/49, 9182] [/49, 4634] [/49, 3605] [/49, 7386] [/55, 729] [/49, 9353] [/49, 7351] [/55, 54] [/49, 10028] [/49, 226] 
best_l after optimization: -266177.3125
beta sum per layer: [0.0, 34.55815887451172, 47.90761947631836, 4.430777072906494]
alpha/beta optimization time: 0.7487845420837402
pruning_in_iteration open status: False
ratio of positive domain = 0 / 256 = 0.0
pruning-in-iteration extra time: 3.838539123535156e-05
torch.Size([256, 1])
Time: prepare 0.0227    bound 0.7502    transfer 0.0042    finalize 0.0185    func 0.7957    
Accumulated time: func 241.9930    prepare 5.3901    bound 226.6260    transfer 2.2525    finalize 11.0374    
max lb tensor(-934.) min lb tensor(-1138.)
Number of Verified Splits: 0 of 256
Current worst splitting domains lb-rhs (depth):
-1138.00000 (82), -1138.00000 (222), -1138.00000 (81), -1138.00000 (229), -1138.00000 (276), -1138.00000 (342), -1138.00000 (156), -1138.00000 (18), -1138.00000 (303), -1138.00000 (81), -1138.00000 (259), -1138.00000 (207), -1138.00000 (156), -1138.00000 (81), -1138.00000 (342), -1138.00000 (241), -1138.00000 (155), -1138.00000 (18), -1138.00000 (375), -1138.00000 (303), 
Length of domains: 48808
Current (lb-rhs): -1138.0
97532 domains visited
Time: pickout 0.0371    decision 0.1450    set_bounds 0.0043    solve 0.7962    add 0.0426    
Accumulated time: pickout 10.7061    decision 95.6345    set_bounds 4.0938    solve 242.2585    add 29.9026    
Cumulative time: 383.2914319038391

BaB round 383
batch: 128
splitting decisions: 
split level 0: [/49, 3606] [/49, 4136] [/49, 9521] [/49, 8725] [/49, 4113] [/49, 9210] [/55, 945] [/55, 555] [/49, 4283] [/55, 520] 
best_l after optimization: -266177.8125
beta sum per layer: [0.0, 35.992794036865234, 47.00237274169922, 4.380134105682373]
alpha/beta optimization time: 0.6511726379394531
pruning_in_iteration open status: False
ratio of positive domain = 0 / 256 = 0.0
pruning-in-iteration extra time: 3.743171691894531e-05
torch.Size([256, 1])
Time: prepare 0.0053    bound 0.6526    transfer 0.0039    finalize 0.0366    func 0.6985    
Accumulated time: func 242.6915    prepare 5.3994    bound 227.2785    transfer 2.2564    finalize 11.0740    
max lb tensor(-934.) min lb tensor(-1138.)
Number of Verified Splits: 0 of 256
Current worst splitting domains lb-rhs (depth):
-1138.00000 (380), -1138.00000 (214), -1138.00000 (138), -1138.00000 (101), -1138.00000 (316), -1138.00000 (166), -1138.00000 (270), -1138.00000 (100), -1138.00000 (9), -1138.00000 (182), -1138.00000 (259), -1138.00000 (37), -1138.00000 (239), -1138.00000 (100), -1138.00000 (259), -1138.00000 (316), -1138.00000 (289), -1138.00000 (360), -1138.00000 (100), -1138.00000 (316), 
Length of domains: 48936
Current (lb-rhs): -1138.0
97788 domains visited
Time: pickout 0.0471    decision 0.3779    set_bounds 0.0092    solve 0.6991    add 0.0501    
Accumulated time: pickout 10.7533    decision 96.0124    set_bounds 4.1029    solve 242.9576    add 29.9527    
Cumulative time: 384.4761538505554

BaB round 384
batch: 128
splitting decisions: 
split level 0: [/49, 758] [/49, 4296] [/49, 4984] [/49, 7503] [/49, 4634] [/49, 4998] [/49, 10731] [/49, 9574] [/49, 5973] [/49, 9041] 
best_l after optimization: -266176.28125
beta sum per layer: [0.0, 37.001983642578125, 47.469783782958984, 4.342495441436768]
alpha/beta optimization time: 0.5996198654174805
pruning_in_iteration open status: False
ratio of positive domain = 0 / 256 = 0.0
pruning-in-iteration extra time: 0.0001575946807861328
torch.Size([256, 1])
Time: prepare 0.0053    bound 0.6012    transfer 0.0064    finalize 0.0226    func 0.6356    
Accumulated time: func 243.3271    prepare 5.4104    bound 227.8797    transfer 2.2628    finalize 11.0966    
max lb tensor(-934.) min lb tensor(-1138.)
Number of Verified Splits: 0 of 256
Current worst splitting domains lb-rhs (depth):
-1138.00000 (114), -1138.00000 (377), -1138.00000 (365), -1138.00000 (241), -1138.00000 (48), -1138.00000 (153), -1138.00000 (33), -1138.00000 (227), -1138.00000 (327), -1138.00000 (203), -1138.00000 (18), -1138.00000 (56), -1138.00000 (87), -1138.00000 (64), -1138.00000 (133), -1138.00000 (165), -1138.00000 (260), -1138.00000 (268), -1138.00000 (76), -1138.00000 (290), 
Length of domains: 49064
Current (lb-rhs): -1138.0
98044 domains visited
Time: pickout 0.0362    decision 0.4416    set_bounds 0.0044    solve 0.6361    add 0.0430    
Accumulated time: pickout 10.7895    decision 96.4540    set_bounds 4.1073    solve 243.5937    add 29.9957    
Cumulative time: 385.6406135559082

BaB round 385
batch: 128
splitting decisions: 
split level 0: [/49, 4646] [/49, 1748] [/49, 4283] [/49, 3837] [/49, 226] [/55, 857] [/55, 1183] [/49, 4612] [/49, 5804] [/49, 1748] 
best_l after optimization: -266180.8125
beta sum per layer: [0.0, 39.40611267089844, 48.282928466796875, 4.455343723297119]
alpha/beta optimization time: 0.46160054206848145
pruning_in_iteration open status: False
ratio of positive domain = 0 / 256 = 0.0
pruning-in-iteration extra time: 3.719329833984375e-05
torch.Size([256, 1])
Time: prepare 0.0154    bound 0.4631    transfer 0.0043    finalize 0.0355    func 0.5184    
Accumulated time: func 243.8454    prepare 5.4375    bound 228.3428    transfer 2.2672    finalize 11.1322    
max lb tensor(-934.) min lb tensor(-1138.)
Number of Verified Splits: 0 of 256
Current worst splitting domains lb-rhs (depth):
-1138.00000 (103), -1138.00000 (123), -1138.00000 (335), -1138.00000 (196), -1138.00000 (10), -1138.00000 (140), -1138.00000 (166), -1138.00000 (316), -1138.00000 (75), -1138.00000 (250), -1138.00000 (197), -1138.00000 (75), -1138.00000 (290), -1138.00000 (361), -1138.00000 (336), -1138.00000 (298), -1138.00000 (32), -1138.00000 (75), -1138.00000 (197), -1138.00000 (272), 
Length of domains: 49192
Current (lb-rhs): -1138.0
98300 domains visited
Time: pickout 0.0447    decision 0.4385    set_bounds 0.0164    solve 0.5188    add 0.0508    
Accumulated time: pickout 10.8341    decision 96.8924    set_bounds 4.1238    solve 244.1125    add 30.0465    
Cumulative time: 386.71122312545776

BaB round 386
batch: 128
splitting decisions: 
split level 0: [/49, 9520] [/49, 7169] [/49, 421] [/49, 4020] [/49, 5646] [/55, 964] [/49, 9016] [/55, 450] [/49, 7143] [/49, 2097] 
best_l after optimization: -266181.125
beta sum per layer: [0.0, 39.52756881713867, 48.41632843017578, 4.308175563812256]
alpha/beta optimization time: 0.6781551837921143
pruning_in_iteration open status: False
ratio of positive domain = 0 / 256 = 0.0
pruning-in-iteration extra time: 9.036064147949219e-05
torch.Size([256, 1])
Time: prepare 0.0056    bound 0.6796    transfer 0.0040    finalize 0.0178    func 0.7071    
Accumulated time: func 244.5525    prepare 5.4522    bound 229.0224    transfer 2.2712    finalize 11.1500    
max lb tensor(-934.) min lb tensor(-1138.)
Number of Verified Splits: 0 of 256
Current worst splitting domains lb-rhs (depth):
-1138.00000 (198), -1138.00000 (243), -1138.00000 (351), -1138.00000 (369), -1138.00000 (165), -1138.00000 (261), -1138.00000 (17), -1138.00000 (71), -1138.00000 (226), -1138.00000 (363), -1138.00000 (159), -1138.00000 (270), -1138.00000 (118), -1138.00000 (320), -1138.00000 (177), -1138.00000 (132), -1138.00000 (148), -1138.00000 (285), -1138.00000 (97), -1138.00000 (243), 
Length of domains: 49320
Current (lb-rhs): -1138.0
98556 domains visited
Time: pickout 0.0487    decision 0.3441    set_bounds 0.0046    solve 0.7076    add 0.0373    
Accumulated time: pickout 10.8828    decision 97.2365    set_bounds 4.1283    solve 244.8201    add 30.0838    
Cumulative time: 387.8565881252289

BaB round 387
batch: 128
splitting decisions: 
split level 0: [/49, 9041] [/49, 5648] [/49, 3434] [/55, 956] [/49, 95] [/49, 10406] [/49, 8363] [/55, 891] [/49, 9522] [/49, 8507] 
best_l after optimization: -266185.875
beta sum per layer: [0.0, 40.97941589355469, 48.186370849609375, 4.404325008392334]
alpha/beta optimization time: 0.9094359874725342
pruning_in_iteration open status: False
ratio of positive domain = 0 / 256 = 0.0
pruning-in-iteration extra time: 0.0024144649505615234
torch.Size([256, 1])
Time: prepare 0.0052    bound 0.9132    transfer 0.0058    finalize 0.0342    func 0.9584    
Accumulated time: func 245.5110    prepare 5.4585    bound 229.9357    transfer 2.2770    finalize 11.1842    
max lb tensor(-934.) min lb tensor(-1138.)
Number of Verified Splits: 0 of 256
Current worst splitting domains lb-rhs (depth):
-1138.00000 (320), -1138.00000 (41), -1138.00000 (64), -1138.00000 (337), -1138.00000 (114), -1138.00000 (253), -1138.00000 (210), -1138.00000 (93), -1138.00000 (184), -1138.00000 (10), -1138.00000 (134), -1138.00000 (220), -1138.00000 (377), -1138.00000 (66), -1138.00000 (19), -1138.00000 (122), -1138.00000 (84), -1138.00000 (76), -1138.00000 (383), -1138.00000 (361), 
Length of domains: 49448
Current (lb-rhs): -1138.0
98812 domains visited
Time: pickout 0.0369    decision 0.1351    set_bounds 0.0044    solve 0.9589    add 0.0496    
Accumulated time: pickout 10.9197    decision 97.3716    set_bounds 4.1327    solve 245.7789    add 30.1334    
Cumulative time: 389.0428731441498

BaB round 388
batch: 128
splitting decisions: 
split level 0: [/49, 3317] [/55, 111] [/49, 1605] [/49, 5514] [/55, 1363] [/55, 132] [/49, 7516] [/55, 24] [/49, 7845] [/49, 409] 
best_l after optimization: -266183.59375
beta sum per layer: [0.0, 40.661643981933594, 47.0164794921875, 4.49899959564209]
alpha/beta optimization time: 0.36681604385375977
pruning_in_iteration open status: False
ratio of positive domain = 0 / 256 = 0.0
pruning-in-iteration extra time: 9.655952453613281e-05
torch.Size([256, 1])
Time: prepare 0.0051    bound 0.3682    transfer 0.0040    finalize 0.0218    func 0.3990    
Accumulated time: func 245.9100    prepare 5.4653    bound 230.3039    transfer 2.2810    finalize 11.2059    
max lb tensor(-934.) min lb tensor(-1138.)
Number of Verified Splits: 0 of 256
Current worst splitting domains lb-rhs (depth):
-1138.00000 (315), -1138.00000 (329), -1138.00000 (357), -1138.00000 (24), -1138.00000 (273), -1138.00000 (131), -1138.00000 (174), -1138.00000 (110), -1138.00000 (329), -1138.00000 (225), -1138.00000 (307), -1138.00000 (137), -1138.00000 (41), -1138.00000 (217), -1138.00000 (145), -1138.00000 (386), -1138.00000 (63), -1138.00000 (206), -1138.00000 (266), -1138.00000 (251), 
Length of domains: 49576
Current (lb-rhs): -1138.0
99068 domains visited
Time: pickout 0.0458    decision 0.1744    set_bounds 0.0043    solve 0.3995    add 0.0374    
Accumulated time: pickout 10.9655    decision 97.5461    set_bounds 4.1371    solve 246.1784    add 30.1708    
Cumulative time: 389.7072744369507

BaB round 389
batch: 128
splitting decisions: 
split level 0: [/55, 1187] [/49, 3956] [/49, 3774] [/49, 8050] [/49, 4127] [/49, 9184] [/49, 4634] [/49, 6673] [/49, 6480] [/49, 3945] 
best_l after optimization: -266187.6875
beta sum per layer: [0.0, 43.13107681274414, 48.08497619628906, 4.611949920654297]
alpha/beta optimization time: 0.7569291591644287
pruning_in_iteration open status: False
ratio of positive domain = 0 / 256 = 0.0
pruning-in-iteration extra time: 0.00016069412231445312
torch.Size([256, 1])
Time: prepare 0.0053    bound 0.7585    transfer 0.0049    finalize 0.0349    func 0.8037    
Accumulated time: func 246.7137    prepare 5.4717    bound 231.0624    transfer 2.2858    finalize 11.2409    
max lb tensor(-934.) min lb tensor(-1138.)
Number of Verified Splits: 0 of 256
Current worst splitting domains lb-rhs (depth):
-1138.00000 (191), -1138.00000 (326), -1138.00000 (95), -1138.00000 (355), -1138.00000 (142), -1138.00000 (18), -1138.00000 (53), -1138.00000 (293), -1138.00000 (94), -1138.00000 (224), -1138.00000 (380), -1138.00000 (209), -1138.00000 (171), -1138.00000 (142), -1138.00000 (326), -1138.00000 (53), -1138.00000 (258), -1138.00000 (54), -1138.00000 (272), -1138.00000 (17), 
Length of domains: 49704
Current (lb-rhs): -1138.0
99324 domains visited
Time: pickout 0.0371    decision 0.1326    set_bounds 0.0045    solve 0.8042    add 0.0513    
Accumulated time: pickout 11.0026    decision 97.6787    set_bounds 4.1415    solve 246.9826    add 30.2221    
Cumulative time: 390.73839139938354

BaB round 390
batch: 128
splitting decisions: 
split level 0: [/49, 5466] [/49, 2112] [/49, 7350] [/55, 889] [/49, 9523] [/49, 2750] [/49, 5297] [/55, 37] [/49, 8003] [/49, 4112] 
best_l after optimization: -266192.15625
beta sum per layer: [0.0, 43.992584228515625, 49.02001190185547, 4.616879463195801]
alpha/beta optimization time: 0.6800332069396973
pruning_in_iteration open status: False
ratio of positive domain = 0 / 256 = 0.0
pruning-in-iteration extra time: 0.002358675003051758
torch.Size([256, 1])
Time: prepare 0.0056    bound 0.6838    transfer 0.0063    finalize 0.0182    func 0.7140    
Accumulated time: func 247.4277    prepare 5.4871    bound 231.7462    transfer 2.2921    finalize 11.2590    
max lb tensor(-934.) min lb tensor(-1138.)
Number of Verified Splits: 0 of 256
Current worst splitting domains lb-rhs (depth):
-1138.00000 (91), -1138.00000 (181), -1138.00000 (372), -1138.00000 (39), -1138.00000 (314), -1138.00000 (286), -1138.00000 (20), -1138.00000 (114), -1138.00000 (253), -1138.00000 (138), -1138.00000 (298), -1138.00000 (269), -1138.00000 (56), -1138.00000 (280), -1138.00000 (272), -1138.00000 (333), -1138.00000 (249), -1138.00000 (363), -1138.00000 (90), -1138.00000 (387), 
Length of domains: 49832
Current (lb-rhs): -1138.0
99580 domains visited
Time: pickout 0.0566    decision 0.3287    set_bounds 0.0092    solve 0.7146    add 0.0433    
Accumulated time: pickout 11.0592    decision 98.0074    set_bounds 4.1507    solve 247.6972    add 30.2654    
Cumulative time: 391.89397644996643

BaB round 391
batch: 128
splitting decisions: 
split level 0: [/55, 1268] [/49, 3447] [/49, 1097] [/55, 1168] [/49, 733] [/55, 678] [/55, 711] [/49, 5295] [/55, 1162] [/55, 51] 
best_l after optimization: -266194.21875
beta sum per layer: [0.0, 42.009952545166016, 50.39613342285156, 4.360570907592773]
alpha/beta optimization time: 0.5351200103759766
pruning_in_iteration open status: False
ratio of positive domain = 0 / 256 = 0.0
pruning-in-iteration extra time: 0.0023686885833740234
torch.Size([256, 1])
Time: prepare 0.0052    bound 0.5390    transfer 0.0068    finalize 0.0363    func 0.5874    
Accumulated time: func 248.0150    prepare 5.5023    bound 232.2852    transfer 2.2989    finalize 11.2953    
max lb tensor(-934.) min lb tensor(-1138.)
Number of Verified Splits: 0 of 256
Current worst splitting domains lb-rhs (depth):
-1138.00000 (387), -1138.00000 (279), -1138.00000 (112), -1138.00000 (22), -1138.00000 (313), -1138.00000 (162), -1138.00000 (89), -1138.00000 (378), -1138.00000 (364), -1138.00000 (46), -1138.00000 (203), -1138.00000 (104), -1138.00000 (134), -1138.00000 (362), -1138.00000 (241), -1138.00000 (226), -1138.00000 (360), -1138.00000 (152), -1138.00000 (106), -1138.00000 (68), 
Length of domains: 49960
Current (lb-rhs): -1138.0
99836 domains visited
Time: pickout 0.0382    decision 0.4424    set_bounds 0.0044    solve 0.5879    add 0.0500    
Accumulated time: pickout 11.0974    decision 98.4498    set_bounds 4.1551    solve 248.2850    add 30.3155    
Cumulative time: 393.0182509422302

BaB round 392
batch: 128
splitting decisions: 
split level 0: [/49, 1748] [/49, 916] [/49, 82] [/55, 66] [/49, 3789] [/49, 4503] [/49, 71] [/49, 1409] [/49, 7351] [/49, 4474] 
best_l after optimization: -266195.375
beta sum per layer: [0.0, 44.329498291015625, 51.97697448730469, 4.400412559509277]
alpha/beta optimization time: 0.4251670837402344
pruning_in_iteration open status: False
ratio of positive domain = 0 / 256 = 0.0
pruning-in-iteration extra time: 0.00011992454528808594
torch.Size([256, 1])
Time: prepare 0.0141    bound 0.4267    transfer 0.0041    finalize 0.0290    func 0.4739    
Accumulated time: func 248.4890    prepare 5.5234    bound 232.7119    transfer 2.3030    finalize 11.3244    
max lb tensor(-934.) min lb tensor(-1138.)
Number of Verified Splits: 0 of 256
Current worst splitting domains lb-rhs (depth):
-1138.00000 (380), -1138.00000 (14), -1138.00000 (252), -1138.00000 (36), -1138.00000 (108), -1138.00000 (344), -1138.00000 (55), -1138.00000 (86), -1138.00000 (97), -1138.00000 (144), -1138.00000 (288), -1138.00000 (235), -1138.00000 (364), -1138.00000 (28), -1138.00000 (184), -1138.00000 (353), -1138.00000 (13), -1138.00000 (279), -1138.00000 (217), -1138.00000 (148), 
Length of domains: 50088
Current (lb-rhs): -1138.0
100092 domains visited
Time: pickout 0.0470    decision 0.4573    set_bounds 0.0123    solve 0.4744    add 0.0433    
Accumulated time: pickout 11.1443    decision 98.9071    set_bounds 4.1674    solve 248.7594    add 30.3587    
Cumulative time: 394.05383825302124

BaB round 393
batch: 128
splitting decisions: 
split level 0: [/55, 512] [/49, 9027] [/49, 588] [/55, 439] [/49, 1071] [/49, 8391] [/49, 3438] [/55, 731] [/55, 13] [/49, 4296] 
best_l after optimization: -266198.1875
beta sum per layer: [0.0, 43.476890563964844, 52.1711311340332, 4.282588958740234]
alpha/beta optimization time: 0.6942625045776367
pruning_in_iteration open status: False
ratio of positive domain = 0 / 256 = 0.0
pruning-in-iteration extra time: 0.00010251998901367188
torch.Size([256, 1])
Time: prepare 0.0095    bound 0.6957    transfer 0.0041    finalize 0.0439    func 0.7533    
Accumulated time: func 249.2422    prepare 5.5548    bound 233.4076    transfer 2.3071    finalize 11.3683    
max lb tensor(-934.) min lb tensor(-1138.)
Number of Verified Splits: 0 of 256
Current worst splitting domains lb-rhs (depth):
-1138.00000 (90), -1138.00000 (296), -1138.00000 (22), -1138.00000 (25), -1138.00000 (64), -1138.00000 (143), -1138.00000 (374), -1138.00000 (351), -1138.00000 (199), -1138.00000 (101), -1138.00000 (296), -1138.00000 (143), -1138.00000 (64), -1138.00000 (143), -1138.00000 (351), -1138.00000 (31), -1138.00000 (144), -1138.00000 (295), -1138.00000 (387), -1138.00000 (235), 
Length of domains: 50216
Current (lb-rhs): -1138.0
100348 domains visited
Time: pickout 0.0435    decision 0.4932    set_bounds 0.0123    solve 0.7538    add 0.0489    
Accumulated time: pickout 11.1878    decision 99.4002    set_bounds 4.1797    solve 249.5133    add 30.4076    
Cumulative time: 395.40697288513184

BaB round 394
batch: 128
splitting decisions: 
split level 0: [/49, 4307] [/49, 6503] [/55, 572] [/55, 443] [/49, 7520] [/49, 8534] [/55, 249] [/55, 136] [/49, 3620] [/49, 925] 
best_l after optimization: -266205.46875
beta sum per layer: [0.0, 50.005348205566406, 49.921730041503906, 4.615328788757324]
alpha/beta optimization time: 0.8274686336517334
pruning_in_iteration open status: False
ratio of positive domain = 0 / 256 = 0.0
pruning-in-iteration extra time: 3.4332275390625e-05
torch.Size([256, 1])
Time: prepare 0.0259    bound 0.8289    transfer 0.0045    finalize 0.0391    func 0.8985    
Accumulated time: func 250.1407    prepare 5.5824    bound 234.2365    transfer 2.3116    finalize 11.4073    
max lb tensor(-934.) min lb tensor(-1138.)
Number of Verified Splits: 0 of 256
Current worst splitting domains lb-rhs (depth):
-1138.00000 (74), -1138.00000 (73), -1138.00000 (202), -1138.00000 (12), -1138.00000 (73), -1138.00000 (358), -1138.00000 (291), -1138.00000 (73), -1138.00000 (202), -1138.00000 (390), -1138.00000 (74), -1138.00000 (201), -1138.00000 (358), -1138.00000 (202), -1138.00000 (291), -1138.00000 (252), -1138.00000 (201), -1138.00000 (358), -1138.00000 (74), -1138.00000 (201), 
Length of domains: 50344
Current (lb-rhs): -1138.0
100604 domains visited
Time: pickout 0.0457    decision 0.3696    set_bounds 0.0120    solve 0.8989    add 0.0503    
Accumulated time: pickout 11.2336    decision 99.7698    set_bounds 4.1917    solve 250.4122    add 30.4579    
Cumulative time: 396.78687953948975

BaB round 395
batch: 128
splitting decisions: 
split level 0: [/49, 4127] [/55, 230] [/55, 517] [/49, 3605] [/49, 760] [/49, 3291] [/49, 3620] [/49, 1941] [/49, 8339] [/49, 8508] 
best_l after optimization: -266203.3125
beta sum per layer: [0.0, 47.444091796875, 50.1263313293457, 4.425566673278809]
alpha/beta optimization time: 0.9690659046173096
pruning_in_iteration open status: False
ratio of positive domain = 0 / 256 = 0.0
pruning-in-iteration extra time: 0.0023195743560791016
torch.Size([256, 1])
Time: prepare 0.0258    bound 0.9728    transfer 0.0055    finalize 0.0379    func 1.0421    
Accumulated time: func 251.1828    prepare 5.6094    bound 235.2093    transfer 2.3171    finalize 11.4453    
max lb tensor(-934.) min lb tensor(-1138.)
Number of Verified Splits: 0 of 256
Current worst splitting domains lb-rhs (depth):
-1138.00000 (227), -1138.00000 (325), -1138.00000 (239), -1138.00000 (25), -1138.00000 (274), -1138.00000 (351), -1138.00000 (381), -1138.00000 (178), -1138.00000 (296), -1138.00000 (104), -1138.00000 (67), -1138.00000 (351), -1138.00000 (68), -1138.00000 (146), -1138.00000 (178), -1138.00000 (325), -1138.00000 (11), -1138.00000 (273), -1138.00000 (67), -1138.00000 (25), 
Length of domains: 50472
Current (lb-rhs): -1138.0
100860 domains visited
Time: pickout 0.0405    decision 0.1463    set_bounds 0.0173    solve 1.0425    add 0.0525    
Accumulated time: pickout 11.2741    decision 99.9162    set_bounds 4.2090    solve 251.4547    add 30.5104    
Cumulative time: 398.08753418922424

BaB round 396
batch: 128
splitting decisions: 
split level 0: [/55, 735] [/49, 3265] [/49, 6336] [/55, 572] [/49, 4283] [/49, 4110] [/55, 1438] [/55, 410] [/49, 2944] [/55, 59] 
best_l after optimization: -266204.8125
beta sum per layer: [0.0, 49.294925689697266, 51.827579498291016, 4.477245807647705]
alpha/beta optimization time: 0.7905895709991455
pruning_in_iteration open status: False
ratio of positive domain = 0 / 256 = 0.0
pruning-in-iteration extra time: 0.00012946128845214844
torch.Size([256, 1])
Time: prepare 0.0055    bound 0.7921    transfer 0.0048    finalize 0.0396    func 0.8421    
Accumulated time: func 252.0249    prepare 5.6160    bound 236.0014    transfer 2.3219    finalize 11.4848    
max lb tensor(-934.) min lb tensor(-1138.)
Number of Verified Splits: 0 of 256
Current worst splitting domains lb-rhs (depth):
-1138.00000 (393), -1138.00000 (379), -1138.00000 (195), -1138.00000 (143), -1138.00000 (358), -1138.00000 (286), -1138.00000 (297), -1138.00000 (47), -1138.00000 (336), -1138.00000 (30), -1138.00000 (290), -1138.00000 (300), -1138.00000 (54), -1138.00000 (68), -1138.00000 (247), -1138.00000 (10), -1138.00000 (231), -1138.00000 (188), -1138.00000 (79), -1138.00000 (99), 
Length of domains: 50600
Current (lb-rhs): -1138.0
101116 domains visited
Time: pickout 0.0401    decision 0.1345    set_bounds 0.0046    solve 0.8426    add 0.0518    
Accumulated time: pickout 11.3142    decision 100.0507    set_bounds 4.2136    solve 252.2973    add 30.5622    
Cumulative time: 399.16268277168274

BaB round 397
batch: 128
splitting decisions: 
split level 0: [/49, 3436] [/49, 1603] [/55, 1155] [/55, 35] [/49, 8391] [/49, 6180] [/49, 10379] [/49, 3606] [/49, 3451] [/49, 3801] 
best_l after optimization: -266204.875
beta sum per layer: [0.0, 50.87163543701172, 51.3374137878418, 4.216926097869873]
alpha/beta optimization time: 0.763554573059082
pruning_in_iteration open status: False
ratio of positive domain = 0 / 256 = 0.0
pruning-in-iteration extra time: 0.00015020370483398438
torch.Size([256, 1])
Time: prepare 0.0053    bound 0.7651    transfer 0.0042    finalize 0.0404    func 0.8150    
Accumulated time: func 252.8399    prepare 5.6235    bound 236.7665    transfer 2.3261    finalize 11.5252    
max lb tensor(-934.) min lb tensor(-1138.)
Number of Verified Splits: 0 of 256
Current worst splitting domains lb-rhs (depth):
-1138.00000 (164), -1138.00000 (70), -1138.00000 (135), -1138.00000 (15), -1138.00000 (113), -1138.00000 (351), -1138.00000 (285), -1138.00000 (338), -1138.00000 (241), -1138.00000 (152), -1138.00000 (69), -1138.00000 (204), -1138.00000 (384), -1138.00000 (33), -1138.00000 (305), -1138.00000 (268), -1138.00000 (234), -1138.00000 (233), -1138.00000 (245), -1138.00000 (231), 
Length of domains: 50728
Current (lb-rhs): -1138.0
101372 domains visited
Time: pickout 0.0489    decision 0.3054    set_bounds 0.0094    solve 0.8155    add 0.0505    
Accumulated time: pickout 11.3631    decision 100.3561    set_bounds 4.2230    solve 253.1129    add 30.6127    
Cumulative time: 400.393869638443

BaB round 398
batch: 128
splitting decisions: 
split level 0: [/49, 6154] [/49, 5322] [/49, 10365] [/49, 10365] [/55, 57] [/49, 6363] [/55, 194] [/49, 7349] [/55, 9] [/55, 943] 
best_l after optimization: -266209.53125
beta sum per layer: [0.0, 50.68028259277344, 52.556358337402344, 4.416776180267334]
alpha/beta optimization time: 0.5611917972564697
pruning_in_iteration open status: False
ratio of positive domain = 0 / 256 = 0.0
pruning-in-iteration extra time: 4.315376281738281e-05
torch.Size([256, 1])
Time: prepare 0.0168    bound 0.5628    transfer 0.0044    finalize 0.0409    func 0.6249    
Accumulated time: func 253.4648    prepare 5.6447    bound 237.3293    transfer 2.3305    finalize 11.5662    
max lb tensor(-934.) min lb tensor(-1138.)
Number of Verified Splits: 0 of 256
Current worst splitting domains lb-rhs (depth):
-1138.00000 (287), -1138.00000 (155), -1138.00000 (247), -1138.00000 (373), -1138.00000 (302), -1138.00000 (111), -1138.00000 (325), -1138.00000 (220), -1138.00000 (307), -1138.00000 (28), -1138.00000 (157), -1138.00000 (285), -1138.00000 (189), -1138.00000 (234), -1138.00000 (11), -1138.00000 (173), -1138.00000 (74), -1138.00000 (116), -1138.00000 (65), -1138.00000 (255), 
Length of domains: 50856
Current (lb-rhs): -1138.0
101628 domains visited
Time: pickout 0.0393    decision 0.3627    set_bounds 0.0050    solve 0.6255    add 0.0552    
Accumulated time: pickout 11.4025    decision 100.7188    set_bounds 4.2280    solve 253.7384    add 30.6678    
Cumulative time: 401.4831385612488

BaB round 399
batch: 128
splitting decisions: 
split level 0: [/49, 8169] [/49, 6307] [/49, 3112] [/49, 1600] [/49, 4114] [/55, 188] [/49, 1930] [/49, 1759] [/49, 251] [/49, 734] 
best_l after optimization: -266212.3125
beta sum per layer: [0.0, 50.03138732910156, 52.80409622192383, 4.707948684692383]
alpha/beta optimization time: 0.43387699127197266
pruning_in_iteration open status: False
ratio of positive domain = 0 / 256 = 0.0
pruning-in-iteration extra time: 3.743171691894531e-05
torch.Size([256, 1])
Time: prepare 0.0173    bound 0.4353    transfer 0.0058    finalize 0.0413    func 0.4997    
Accumulated time: func 253.9645    prepare 5.6667    bound 237.7646    transfer 2.3363    finalize 11.6075    
max lb tensor(-934.) min lb tensor(-1138.)
Number of Verified Splits: 0 of 256
Current worst splitting domains lb-rhs (depth):
-1138.00000 (156), -1138.00000 (119), -1138.00000 (67), -1138.00000 (253), -1138.00000 (297), -1138.00000 (200), -1138.00000 (91), -1138.00000 (72), -1138.00000 (287), -1138.00000 (36), -1138.00000 (29), -1138.00000 (99), -1138.00000 (258), -1138.00000 (269), -1138.00000 (275), -1138.00000 (134), -1138.00000 (81), -1138.00000 (150), -1138.00000 (361), -1138.00000 (325), 
Length of domains: 50984
Current (lb-rhs): -1138.0
101884 domains visited
Time: pickout 0.0537    decision 0.4731    set_bounds 0.0095    solve 0.5002    add 0.0512    
Accumulated time: pickout 11.4562    decision 101.1920    set_bounds 4.2375    solve 254.2386    add 30.7191    
Cumulative time: 402.5724334716797

BaB round 400
batch: 128
splitting decisions: 
split level 0: [/49, 3787] [/49, 4292] [/49, 5462] [/49, 3601] [/49, 6480] [/55, 474] [/55, 625] [/49, 1746] [/49, 782] [/49, 7518] 
best_l after optimization: -266215.46875
beta sum per layer: [0.0, 54.90546417236328, 50.86119842529297, 4.418064117431641]
alpha/beta optimization time: 0.3630709648132324
pruning_in_iteration open status: False
ratio of positive domain = 0 / 256 = 0.0
pruning-in-iteration extra time: 3.647804260253906e-05
torch.Size([256, 1])
Time: prepare 0.0056    bound 0.3645    transfer 0.0069    finalize 0.0454    func 0.4225    
Accumulated time: func 254.3870    prepare 5.6734    bound 238.1292    transfer 2.3431    finalize 11.6529    
max lb tensor(-934.) min lb tensor(-1138.)
Number of Verified Splits: 0 of 256
Current worst splitting domains lb-rhs (depth):
-1138.00000 (187), -1138.00000 (255), -1138.00000 (13), -1138.00000 (131), -1138.00000 (320), -1138.00000 (39), -1138.00000 (117), -1138.00000 (158), -1138.00000 (352), -1138.00000 (96), -1138.00000 (280), -1138.00000 (367), -1138.00000 (334), -1138.00000 (234), -1138.00000 (132), -1138.00000 (311), -1138.00000 (305), -1138.00000 (13), -1138.00000 (40), -1138.00000 (233), 
Length of domains: 51112
Current (lb-rhs): -1138.0
102140 domains visited
Time: pickout 0.0414    decision 0.1336    set_bounds 0.0046    solve 0.4230    add 0.0503    
Accumulated time: pickout 11.4975    decision 101.3255    set_bounds 4.2420    solve 254.6616    add 30.7693    
Cumulative time: 403.22671461105347

BaB round 401
batch: 128
splitting decisions: 
split level 0: [/49, 3775] [/55, 462] [/55, 40] [/49, 7557] [/49, 10368] [/55, 1361] [/55, 1175] [/49, 2762] [/55, 1362] [/49, 4294] 
best_l after optimization: -266217.3125
beta sum per layer: [0.0, 56.537498474121094, 51.59188461303711, 4.474363327026367]
alpha/beta optimization time: 0.4194450378417969
pruning_in_iteration open status: False
ratio of positive domain = 0 / 256 = 0.0
pruning-in-iteration extra time: 0.0023086071014404297
torch.Size([256, 1])
Time: prepare 0.0061    bound 0.4233    transfer 0.0064    finalize 0.0395    func 0.4753    
Accumulated time: func 254.8623    prepare 5.6807    bound 238.5524    transfer 2.3495    finalize 11.6924    
max lb tensor(-934.) min lb tensor(-1138.)
Number of Verified Splits: 0 of 256
Current worst splitting domains lb-rhs (depth):
-1138.00000 (116), -1138.00000 (10), -1138.00000 (143), -1138.00000 (215), -1138.00000 (155), -1138.00000 (232), -1138.00000 (94), -1138.00000 (36), -1138.00000 (167), -1138.00000 (383), -1138.00000 (285), -1138.00000 (241), -1138.00000 (137), -1138.00000 (323), -1138.00000 (96), -1138.00000 (202), -1138.00000 (283), -1138.00000 (45), -1138.00000 (19), -1138.00000 (149), 
Length of domains: 51240
Current (lb-rhs): -1138.0
102396 domains visited
Time: pickout 0.0424    decision 0.1357    set_bounds 0.0051    solve 0.4758    add 0.0511    
Accumulated time: pickout 11.5400    decision 101.4613    set_bounds 4.2472    solve 255.1374    add 30.8204    
Cumulative time: 403.94035291671753

BaB round 402
batch: 128
splitting decisions: 
split level 0: [/49, 4634] [/49, 7349] [/55, 135] [/55, 64] [/49, 8002] [/55, 513] [/55, 725] [/55, 737] [/49, 4296] [/49, 5660] 
best_l after optimization: -266220.59375
beta sum per layer: [0.0, 53.67605209350586, 56.21223831176758, 4.29427433013916]
alpha/beta optimization time: 0.6780943870544434
pruning_in_iteration open status: False
ratio of positive domain = 0 / 256 = 0.0
pruning-in-iteration extra time: 0.00010967254638671875
torch.Size([256, 1])
Time: prepare 0.0052    bound 0.6795    transfer 0.0045    finalize 0.0392    func 0.7284    
Accumulated time: func 255.5907    prepare 5.7085    bound 239.2320    transfer 2.3540    finalize 11.7316    
max lb tensor(-934.) min lb tensor(-1138.)
Number of Verified Splits: 0 of 256
Current worst splitting domains lb-rhs (depth):
-1138.00000 (173), -1138.00000 (242), -1138.00000 (44), -1138.00000 (173), -1138.00000 (278), -1138.00000 (69), -1138.00000 (118), -1138.00000 (343), -1138.00000 (242), -1138.00000 (220), -1138.00000 (117), -1138.00000 (298), -1138.00000 (203), -1138.00000 (369), -1138.00000 (13), -1138.00000 (30), -1138.00000 (343), -1138.00000 (117), -1138.00000 (242), -1138.00000 (69), 
Length of domains: 51368
Current (lb-rhs): -1138.0
102652 domains visited
Time: pickout 0.0417    decision 0.3664    set_bounds 0.0089    solve 0.7289    add 0.0506    
Accumulated time: pickout 11.5816    decision 101.8277    set_bounds 4.2561    solve 255.8663    add 30.8710    
Cumulative time: 405.13834381103516

BaB round 403
batch: 128
splitting decisions: 
split level 0: [/49, 5659] [/49, 9351] [/55, 552] [/49, 9570] [/49, 3802] [/55, 521] [/49, 1436] [/49, 3436] [/49, 8183] [/49, 4620] 
best_l after optimization: -266223.3125
beta sum per layer: [0.0, 56.67485427856445, 55.82256317138672, 4.373808860778809]
alpha/beta optimization time: 0.6799530982971191
pruning_in_iteration open status: False
ratio of positive domain = 0 / 256 = 0.0
pruning-in-iteration extra time: 0.00014281272888183594
torch.Size([256, 1])
Time: prepare 0.0064    bound 0.6814    transfer 0.0047    finalize 0.0395    func 0.7320    
Accumulated time: func 256.3227    prepare 5.7337    bound 239.9134    transfer 2.3587    finalize 11.7711    
max lb tensor(-934.) min lb tensor(-1138.)
Number of Verified Splits: 0 of 256
Current worst splitting domains lb-rhs (depth):
-1138.00000 (17), -1138.00000 (197), -1138.00000 (101), -1138.00000 (61), -1138.00000 (38), -1138.00000 (243), -1138.00000 (77), -1138.00000 (85), -1138.00000 (363), -1138.00000 (394), -1138.00000 (223), -1138.00000 (306), -1138.00000 (123), -1138.00000 (114), -1138.00000 (343), -1138.00000 (17), -1138.00000 (143), -1138.00000 (127), -1138.00000 (294), -1138.00000 (282), 
Length of domains: 51496
Current (lb-rhs): -1138.0
102908 domains visited
Time: pickout 0.0496    decision 0.4180    set_bounds 0.0045    solve 0.7325    add 0.0498    
Accumulated time: pickout 11.6313    decision 102.2456    set_bounds 4.2606    solve 256.5988    add 30.9208    
Cumulative time: 406.39402651786804

BaB round 404
batch: 128
splitting decisions: 
split level 0: [/49, 2606] [/49, 10549] [/49, 5815] [/49, 9403] [/49, 3099] [/55, 904] [/55, 98] [/49, 9352] [/49, 240] [/49, 10365] 
best_l after optimization: -266224.96875
beta sum per layer: [0.0, 56.665687561035156, 55.25934600830078, 4.588697910308838]
alpha/beta optimization time: 0.6767244338989258
pruning_in_iteration open status: False
ratio of positive domain = 0 / 256 = 0.0
pruning-in-iteration extra time: 0.00014734268188476562
torch.Size([256, 1])
Time: prepare 0.0051    bound 0.6782    transfer 0.0045    finalize 0.0390    func 0.7268    
Accumulated time: func 257.0495    prepare 5.7679    bound 240.5916    transfer 2.3631    finalize 11.8100    
max lb tensor(-934.) min lb tensor(-1138.)
Number of Verified Splits: 0 of 256
Current worst splitting domains lb-rhs (depth):
-1138.00000 (193), -1138.00000 (191), -1138.00000 (86), -1138.00000 (191), -1138.00000 (306), -1138.00000 (192), -1138.00000 (85), -1138.00000 (362), -1138.00000 (192), -1138.00000 (85), -1138.00000 (306), -1138.00000 (192), -1138.00000 (85), -1138.00000 (362), -1138.00000 (362), -1138.00000 (14), -1138.00000 (306), -1138.00000 (193), -1138.00000 (31), -1138.00000 (84), 
Length of domains: 51624
Current (lb-rhs): -1138.0
103164 domains visited
Time: pickout 0.0503    decision 0.4009    set_bounds 0.0044    solve 0.7273    add 0.0519    
Accumulated time: pickout 11.6816    decision 102.6465    set_bounds 4.2649    solve 257.3261    add 30.9727    
Cumulative time: 407.6335473060608

BaB round 405
batch: 128
splitting decisions: 
split level 0: [/49, 3449] [/55, 110] [/49, 2110] [/55, 237] [/49, 10549] [/55, 1355] [/55, 936] [/49, 6168] [/49, 2764] [/49, 3578] 
best_l after optimization: -266226.625
beta sum per layer: [0.0, 58.66107177734375, 56.019927978515625, 4.336992263793945]
alpha/beta optimization time: 0.6790869235992432
pruning_in_iteration open status: False
ratio of positive domain = 0 / 256 = 0.0
pruning-in-iteration extra time: 4.458427429199219e-05
torch.Size([256, 1])
Time: prepare 0.0052    bound 0.6806    transfer 0.0044    finalize 0.0451    func 0.7354    
Accumulated time: func 257.7850    prepare 5.7897    bound 241.2722    transfer 2.3675    finalize 11.8552    
max lb tensor(-934.) min lb tensor(-1138.)
Number of Verified Splits: 0 of 256
Current worst splitting domains lb-rhs (depth):
-1138.00000 (190), -1138.00000 (351), -1138.00000 (223), -1138.00000 (398), -1138.00000 (390), -1138.00000 (44), -1138.00000 (356), -1138.00000 (319), -1138.00000 (233), -1138.00000 (379), -1138.00000 (47), -1138.00000 (99), -1138.00000 (376), -1138.00000 (105), -1138.00000 (328), -1138.00000 (217), -1138.00000 (9), -1138.00000 (402), -1138.00000 (302), -1138.00000 (142), 
Length of domains: 51752
Current (lb-rhs): -1138.0
103420 domains visited
Time: pickout 0.0490    decision 0.4166    set_bounds 0.0044    solve 0.7359    add 0.0507    
Accumulated time: pickout 11.7306    decision 103.0631    set_bounds 4.2693    solve 258.0620    add 31.0233    
Cumulative time: 408.89161109924316

BaB round 406
batch: 128
splitting decisions: 
split level 0: [/55, 57] [/49, 3434] [/49, 6843] [/49, 4166] [/49, 3945] [/49, 5686] [/49, 5646] [/49, 7858] [/49, 7169] [/49, 3969] 
best_l after optimization: -266226.53125
beta sum per layer: [0.0, 56.84239196777344, 56.37492370605469, 4.5216779708862305]
alpha/beta optimization time: 0.8837709426879883
pruning_in_iteration open status: False
ratio of positive domain = 0 / 256 = 0.0
pruning-in-iteration extra time: 8.082389831542969e-05
torch.Size([256, 1])
Time: prepare 0.0259    bound 0.8856    transfer 0.0050    finalize 0.0398    func 0.9564    
Accumulated time: func 258.7413    prepare 5.8168    bound 242.1578    transfer 2.3725    finalize 11.8950    
max lb tensor(-934.) min lb tensor(-1138.)
Number of Verified Splits: 0 of 256
Current worst splitting domains lb-rhs (depth):
-1138.00000 (150), -1138.00000 (96), -1138.00000 (336), -1138.00000 (118), -1138.00000 (216), -1138.00000 (10), -1138.00000 (399), -1138.00000 (296), -1138.00000 (170), -1138.00000 (139), -1138.00000 (246), -1138.00000 (41), -1138.00000 (347), -1138.00000 (66), -1138.00000 (96), -1138.00000 (197), -1138.00000 (179), -1138.00000 (216), -1138.00000 (315), -1138.00000 (19), 
Length of domains: 51880
Current (lb-rhs): -1138.0
103676 domains visited
Time: pickout 0.0413    decision 0.3139    set_bounds 0.0121    solve 0.9570    add 0.0484    
Accumulated time: pickout 11.7719    decision 103.3770    set_bounds 4.2814    solve 259.0189    add 31.0717    
Cumulative time: 410.2657241821289

BaB round 407
batch: 128
splitting decisions: 
split level 0: [/49, 4958] [/49, 8517] [/49, 4450] [/49, 734] [/49, 4622] [/49, 5466] [/49, 67] [/55, 839] [/49, 5310] [/49, 4114] 
best_l after optimization: -266233.6875
beta sum per layer: [0.0, 59.58578109741211, 56.642822265625, 4.355658531188965]
alpha/beta optimization time: 0.916985273361206
pruning_in_iteration open status: False
ratio of positive domain = 0 / 256 = 0.0
pruning-in-iteration extra time: 0.0022630691528320312
torch.Size([256, 1])
Time: prepare 0.0257    bound 0.9209    transfer 0.0071    finalize 0.0399    func 0.9936    
Accumulated time: func 259.7349    prepare 5.8440    bound 243.0787    transfer 2.3796    finalize 11.9348    
max lb tensor(-934.) min lb tensor(-1138.)
Number of Verified Splits: 0 of 256
Current worst splitting domains lb-rhs (depth):
-1138.00000 (352), -1138.00000 (54), -1138.00000 (125), -1138.00000 (305), -1138.00000 (336), -1138.00000 (150), -1138.00000 (207), -1138.00000 (14), -1138.00000 (83), -1138.00000 (245), -1138.00000 (285), -1138.00000 (278), -1138.00000 (189), -1138.00000 (389), -1138.00000 (29), -1138.00000 (150), -1138.00000 (178), -1138.00000 (305), -1138.00000 (382), -1138.00000 (400), 
Length of domains: 52008
Current (lb-rhs): -1138.0
103932 domains visited
Time: pickout 0.0403    decision 0.2605    set_bounds 0.0189    solve 0.9941    add 0.0504    
Accumulated time: pickout 11.8122    decision 103.6376    set_bounds 4.3004    solve 260.0130    add 31.1222    
Cumulative time: 411.63148641586304

BaB round 408
batch: 128
splitting decisions: 
split level 0: [/49, 760] [/49, 6334] [/55, 1290] [/49, 3317] [/55, 899] [/55, 1182] [/49, 6818] [/49, 9521] [/55, 511] [/49, 3240] 
best_l after optimization: -266231.625
beta sum per layer: [0.0, 60.49085998535156, 56.73237991333008, 4.2308478355407715]
alpha/beta optimization time: 0.990426778793335
pruning_in_iteration open status: False
ratio of positive domain = 0 / 256 = 0.0
pruning-in-iteration extra time: 0.0022652149200439453
torch.Size([256, 1])
Time: prepare 0.0098    bound 0.9941    transfer 0.0065    finalize 0.0391    func 1.0496    
Accumulated time: func 260.7845    prepare 5.8550    bound 244.0728    transfer 2.3861    finalize 11.9740    
max lb tensor(-934.) min lb tensor(-1138.)
Number of Verified Splits: 0 of 256
Current worst splitting domains lb-rhs (depth):
-1138.00000 (112), -1138.00000 (272), -1138.00000 (228), -1138.00000 (110), -1138.00000 (353), -1138.00000 (111), -1138.00000 (111), -1138.00000 (228), -1138.00000 (352), -1138.00000 (16), -1138.00000 (111), -1138.00000 (291), -1138.00000 (112), -1138.00000 (352), -1138.00000 (228), -1138.00000 (353), -1138.00000 (112), -1138.00000 (352), -1138.00000 (113), -1138.00000 (227), 
Length of domains: 52136
Current (lb-rhs): -1138.0
104188 domains visited
Time: pickout 0.0437    decision 0.1414    set_bounds 0.0045    solve 1.0501    add 0.0490    
Accumulated time: pickout 11.8558    decision 103.7789    set_bounds 4.3049    solve 261.0632    add 31.1711    
Cumulative time: 412.92181491851807

BaB round 409
batch: 128
splitting decisions: 
split level 0: [/49, 2605] [/49, 1926] [/55, 1170] [/49, 6359] [/49, 84] [/49, 7326] [/49, 8337] [/49, 5477] [/49, 1761] [/49, 4113] 
best_l after optimization: -266237.0
beta sum per layer: [0.0, 63.54469299316406, 57.936851501464844, 4.098376274108887]
alpha/beta optimization time: 0.8165452480316162
pruning_in_iteration open status: False
ratio of positive domain = 0 / 256 = 0.0
pruning-in-iteration extra time: 0.0024526119232177734
torch.Size([256, 1])
Time: prepare 0.0057    bound 0.8204    transfer 0.0062    finalize 0.0392    func 0.8716    
Accumulated time: func 261.6561    prepare 5.8620    bound 244.8932    transfer 2.3923    finalize 12.0131    
max lb tensor(-934.) min lb tensor(-1138.)
Number of Verified Splits: 0 of 256
Current worst splitting domains lb-rhs (depth):
-1138.00000 (76), -1138.00000 (360), -1138.00000 (403), -1138.00000 (75), -1138.00000 (276), -1138.00000 (247), -1138.00000 (236), -1138.00000 (12), -1138.00000 (195), -1138.00000 (359), -1138.00000 (75), -1138.00000 (359), -1138.00000 (194), -1138.00000 (75), -1138.00000 (276), -1138.00000 (76), -1138.00000 (359), -1138.00000 (194), -1138.00000 (76), -1138.00000 (276), 
Length of domains: 52264
Current (lb-rhs): -1138.0
104444 domains visited
Time: pickout 0.0441    decision 0.1371    set_bounds 0.0103    solve 0.8721    add 0.0484    
Accumulated time: pickout 11.8999    decision 103.9160    set_bounds 4.3151    solve 261.9353    add 31.2196    
Cumulative time: 414.03531289100647

BaB round 410
batch: 128
splitting decisions: 
split level 0: [/55, 73] [/49, 2619] [/49, 7503] [/49, 7351] [/49, 3150] [/49, 8870] [/49, 1917] [/49, 8859] [/55, 1385] [/49, 7345] 
best_l after optimization: -266236.0
beta sum per layer: [0.0, 65.50596618652344, 55.7581787109375, 4.433315753936768]
alpha/beta optimization time: 0.7766351699829102
pruning_in_iteration open status: False
ratio of positive domain = 0 / 256 = 0.0
pruning-in-iteration extra time: 0.0001437664031982422
torch.Size([256, 1])
Time: prepare 0.0051    bound 0.7781    transfer 0.0040    finalize 0.0392    func 0.8264    
Accumulated time: func 262.4826    prepare 5.8692    bound 245.6713    transfer 2.3963    finalize 12.0523    
max lb tensor(-934.) min lb tensor(-1138.)
Number of Verified Splits: 0 of 256
Current worst splitting domains lb-rhs (depth):
-1138.00000 (315), -1138.00000 (335), -1138.00000 (98), -1138.00000 (186), -1138.00000 (148), -1138.00000 (400), -1138.00000 (71), -1138.00000 (25), -1138.00000 (278), -1138.00000 (292), -1138.00000 (148), -1138.00000 (98), -1138.00000 (376), -1138.00000 (335), -1138.00000 (258), -1138.00000 (300), -1138.00000 (25), -1138.00000 (187), -1138.00000 (258), -1138.00000 (24), 
Length of domains: 52392
Current (lb-rhs): -1138.0
104700 domains visited
Time: pickout 0.0493    decision 0.2665    set_bounds 0.0043    solve 0.8269    add 0.0545    
Accumulated time: pickout 11.9492    decision 104.1826    set_bounds 4.3195    solve 262.7622    add 31.2740    
Cumulative time: 415.23992133140564

BaB round 411
batch: 128
splitting decisions: 
split level 0: [/49, 6998] [/49, 3291] [/49, 4802] [/49, 3501] [/49, 5648] [/55, 122] [/49, 2097] [/49, 916] [/49, 1748] [/55, 1361] 
best_l after optimization: -266234.3125
beta sum per layer: [0.0, 63.295745849609375, 57.4946174621582, 4.253470420837402]
alpha/beta optimization time: 0.7654035091400146
pruning_in_iteration open status: False
ratio of positive domain = 0 / 256 = 0.0
pruning-in-iteration extra time: 0.0001513957977294922
torch.Size([256, 1])
Time: prepare 0.0053    bound 0.7669    transfer 0.0043    finalize 0.0422    func 0.8188    
Accumulated time: func 263.3014    prepare 5.8835    bound 246.4382    transfer 2.4006    finalize 12.0946    
max lb tensor(-934.) min lb tensor(-1138.)
Number of Verified Splits: 0 of 256
Current worst splitting domains lb-rhs (depth):
-1138.00000 (252), -1138.00000 (320), -1138.00000 (10), -1138.00000 (346), -1138.00000 (30), -1138.00000 (258), -1138.00000 (281), -1138.00000 (240), -1138.00000 (195), -1138.00000 (238), -1138.00000 (97), -1138.00000 (50), -1138.00000 (116), -1138.00000 (379), -1138.00000 (151), -1138.00000 (50), -1138.00000 (393), -1138.00000 (333), -1138.00000 (97), -1138.00000 (288), 
Length of domains: 52520
Current (lb-rhs): -1138.0
104956 domains visited
Time: pickout 0.0470    decision 0.3253    set_bounds 0.0045    solve 0.8193    add 0.0550    
Accumulated time: pickout 11.9962    decision 104.5079    set_bounds 4.3240    solve 263.5815    add 31.3291    
Cumulative time: 416.49273014068604

BaB round 412
batch: 128
splitting decisions: 
split level 0: [/49, 5828] [/49, 1943] [/49, 3801] [/49, 7399] [/49, 3631] [/55, 461] [/49, 5489] [/49, 4113] [/55, 41] [/49, 758] 
best_l after optimization: -266240.3125
beta sum per layer: [0.0, 66.77571868896484, 57.755470275878906, 4.530948162078857]
alpha/beta optimization time: 0.7087223529815674
pruning_in_iteration open status: False
ratio of positive domain = 0 / 256 = 0.0
pruning-in-iteration extra time: 0.0001392364501953125
torch.Size([256, 1])
Time: prepare 0.0050    bound 0.7102    transfer 0.0036    finalize 0.0433    func 0.7622    
Accumulated time: func 264.0636    prepare 5.9007    bound 247.1484    transfer 2.4042    finalize 12.1378    
max lb tensor(-934.) min lb tensor(-1138.)
Number of Verified Splits: 0 of 256
Current worst splitting domains lb-rhs (depth):
-1138.00000 (264), -1138.00000 (153), -1138.00000 (63), -1138.00000 (397), -1138.00000 (277), -1138.00000 (237), -1138.00000 (340), -1138.00000 (382), -1138.00000 (17), -1138.00000 (219), -1138.00000 (176), -1138.00000 (185), -1138.00000 (63), -1138.00000 (250), -1138.00000 (94), -1138.00000 (168), -1138.00000 (121), -1138.00000 (291), -1138.00000 (63), -1138.00000 (308), 
Length of domains: 52648
Current (lb-rhs): -1138.0
105212 domains visited
Time: pickout 0.0479    decision 0.3224    set_bounds 0.0043    solve 0.7626    add 0.0491    
Accumulated time: pickout 12.0441    decision 104.8304    set_bounds 4.3283    solve 264.3442    add 31.3782    
Cumulative time: 417.6806516647339

BaB round 413
batch: 128
splitting decisions: 
split level 0: [/55, 1185] [/49, 6323] [/49, 8025] [/49, 6502] [/49, 1592] [/49, 8170] [/49, 6311] [/49, 4126] [/55, 738] [/55, 954] 
best_l after optimization: -266239.1875
beta sum per layer: [0.0, 67.93868255615234, 58.223140716552734, 4.303412914276123]
alpha/beta optimization time: 0.6754875183105469
pruning_in_iteration open status: False
ratio of positive domain = 0 / 256 = 0.0
pruning-in-iteration extra time: 3.838539123535156e-05
torch.Size([256, 1])
Time: prepare 0.0051    bound 0.6768    transfer 0.0041    finalize 0.0397    func 0.7258    
Accumulated time: func 264.7894    prepare 5.9070    bound 247.8253    transfer 2.4083    finalize 12.1776    
max lb tensor(-934.) min lb tensor(-1138.)
Number of Verified Splits: 0 of 256
Current worst splitting domains lb-rhs (depth):
-1138.00000 (12), -1138.00000 (75), -1138.00000 (363), -1138.00000 (76), -1138.00000 (197), -1138.00000 (278), -1138.00000 (76), -1138.00000 (363), -1138.00000 (196), -1138.00000 (407), -1138.00000 (76), -1138.00000 (238), -1138.00000 (279), -1138.00000 (363), -1138.00000 (362), -1138.00000 (77), -1138.00000 (196), -1138.00000 (249), -1138.00000 (77), -1138.00000 (362), 
Length of domains: 52776
Current (lb-rhs): -1138.0
105468 domains visited
Time: pickout 0.0411    decision 0.1337    set_bounds 0.0044    solve 0.7263    add 0.0542    
Accumulated time: pickout 12.0852    decision 104.9641    set_bounds 4.3327    solve 265.0705    add 31.4325    
Cumulative time: 418.64191126823425

BaB round 414
batch: 128
splitting decisions: 
split level 0: [/49, 9353] [/49, 8859] [/49, 1602] [/49, 3824] [/49, 3294] [/49, 5854] [/49, 5658] [/49, 4127] [/49, 7507] [/49, 3098] 
best_l after optimization: -266242.1875
beta sum per layer: [0.0, 68.37397766113281, 58.19194793701172, 4.204226016998291]
alpha/beta optimization time: 0.6762580871582031
pruning_in_iteration open status: False
ratio of positive domain = 0 / 256 = 0.0
pruning-in-iteration extra time: 3.981590270996094e-05
torch.Size([256, 1])
Time: prepare 0.0058    bound 0.6777    transfer 0.0044    finalize 0.0405    func 0.7285    
Accumulated time: func 265.5179    prepare 5.9348    bound 248.5030    transfer 2.4128    finalize 12.2181    
max lb tensor(-934.) min lb tensor(-1138.)
Number of Verified Splits: 0 of 256
Current worst splitting domains lb-rhs (depth):
-1138.00000 (147), -1138.00000 (182), -1138.00000 (63), -1138.00000 (411), -1138.00000 (264), -1138.00000 (126), -1138.00000 (222), -1138.00000 (26), -1138.00000 (94), -1138.00000 (321), -1138.00000 (295), -1138.00000 (63), -1138.00000 (146), -1138.00000 (384), -1138.00000 (281), -1138.00000 (205), -1138.00000 (260), -1138.00000 (63), -1138.00000 (94), -1138.00000 (199), 
Length of domains: 52904
Current (lb-rhs): -1138.0
105724 domains visited
Time: pickout 0.0492    decision 0.4950    set_bounds 0.0090    solve 0.7290    add 0.0584    
Accumulated time: pickout 12.1344    decision 105.4591    set_bounds 4.3416    solve 265.7995    add 31.4909    
Cumulative time: 419.983989238739

BaB round 415
batch: 128
splitting decisions: 
split level 0: [/49, 8506] [/55, 437] [/49, 10549] [/49, 6194] [/49, 4112] [/49, 10368] [/55, 569] [/49, 7350] [/49, 8015] [/49, 4162] 
best_l after optimization: -266246.375
beta sum per layer: [0.0, 69.73318481445312, 58.25177001953125, 4.276749134063721]
alpha/beta optimization time: 0.6808102130889893
pruning_in_iteration open status: False
ratio of positive domain = 0 / 256 = 0.0
pruning-in-iteration extra time: 4.029273986816406e-05
torch.Size([256, 1])
Time: prepare 0.0051    bound 0.6822    transfer 0.0052    finalize 0.0296    func 0.7221    
Accumulated time: func 266.2400    prepare 5.9618    bound 249.1852    transfer 2.4179    finalize 12.2477    
max lb tensor(-934.) min lb tensor(-1138.)
Number of Verified Splits: 0 of 256
Current worst splitting domains lb-rhs (depth):
-1138.00000 (30), -1138.00000 (60), -1138.00000 (304), -1138.00000 (163), -1138.00000 (227), -1138.00000 (110), -1138.00000 (26), -1138.00000 (351), -1138.00000 (207), -1138.00000 (256), -1138.00000 (164), -1138.00000 (326), -1138.00000 (93), -1138.00000 (303), -1138.00000 (60), -1138.00000 (376), -1138.00000 (273), -1138.00000 (34), -1138.00000 (164), -1138.00000 (96), 
Length of domains: 53032
Current (lb-rhs): -1138.0
105980 domains visited
Time: pickout 0.0502    decision 0.4914    set_bounds 0.0051    solve 0.7226    add 0.0471    
Accumulated time: pickout 12.1846    decision 105.9505    set_bounds 4.3467    solve 266.5220    add 31.5379    
Cumulative time: 421.3018116950989

BaB round 416
batch: 128
splitting decisions: 
split level 0: [/49, 6309] [/49, 10029] [/55, 239] [/49, 4503] [/49, 2085] [/49, 3265] [/49, 10391] [/49, 3633] [/49, 2776] [/55, 742] 
best_l after optimization: -266246.75
beta sum per layer: [0.0, 69.42476654052734, 58.39393615722656, 4.41349983215332]
alpha/beta optimization time: 0.6748697757720947
pruning_in_iteration open status: False
ratio of positive domain = 0 / 256 = 0.0
pruning-in-iteration extra time: 3.719329833984375e-05
torch.Size([256, 1])
Time: prepare 0.0053    bound 0.6763    transfer 0.0042    finalize 0.0308    func 0.7165    
Accumulated time: func 266.9565    prepare 5.9901    bound 249.8614    transfer 2.4221    finalize 12.2785    
max lb tensor(-934.) min lb tensor(-1138.)
Number of Verified Splits: 0 of 256
Current worst splitting domains lb-rhs (depth):
-1138.00000 (244), -1138.00000 (78), -1138.00000 (128), -1138.00000 (199), -1138.00000 (300), -1138.00000 (212), -1138.00000 (214), -1138.00000 (241), -1138.00000 (281), -1138.00000 (120), -1138.00000 (50), -1138.00000 (89), -1138.00000 (97), -1138.00000 (31), -1138.00000 (404), -1138.00000 (178), -1138.00000 (279), -1138.00000 (137), -1138.00000 (255), -1138.00000 (335), 
Length of domains: 53160
Current (lb-rhs): -1138.0
106236 domains visited
Time: pickout 0.0473    decision 0.5101    set_bounds 0.0051    solve 0.7170    add 0.0453    
Accumulated time: pickout 12.2319    decision 106.4606    set_bounds 4.3518    solve 267.2391    add 31.5833    
Cumulative time: 422.6281967163086

BaB round 417
batch: 128
splitting decisions: 
split level 0: [/55, 13] [/49, 6166] [/49, 6493] [/49, 1436] [/49, 2775] [/49, 5634] [/55, 687] [/49, 4294] [/49, 615] [/49, 6309] 
best_l after optimization: -266245.9375
beta sum per layer: [0.0, 70.90559387207031, 60.03864288330078, 4.2749342918396]
alpha/beta optimization time: 0.6746931076049805
pruning_in_iteration open status: False
ratio of positive domain = 0 / 256 = 0.0
pruning-in-iteration extra time: 3.814697265625e-05
torch.Size([256, 1])
Time: prepare 0.0053    bound 0.6761    transfer 0.0048    finalize 0.0443    func 0.7304    
Accumulated time: func 267.6870    prepare 6.0203    bound 250.5375    transfer 2.4268    finalize 12.3227    
max lb tensor(-934.) min lb tensor(-1138.)
Number of Verified Splits: 0 of 256
Current worst splitting domains lb-rhs (depth):
-1138.00000 (136), -1138.00000 (135), -1138.00000 (326), -1138.00000 (259), -1138.00000 (135), -1138.00000 (61), -1138.00000 (325), -1138.00000 (135), -1138.00000 (377), -1138.00000 (252), -1138.00000 (325), -1138.00000 (10), -1138.00000 (61), -1138.00000 (136), -1138.00000 (61), -1138.00000 (378), -1138.00000 (325), -1138.00000 (136), -1138.00000 (413), -1138.00000 (408), 
Length of domains: 53288
Current (lb-rhs): -1138.0
106492 domains visited
Time: pickout 0.0548    decision 0.5121    set_bounds 0.0050    solve 0.7309    add 0.0566    
Accumulated time: pickout 12.2867    decision 106.9727    set_bounds 4.3569    solve 267.9700    add 31.6399    
Cumulative time: 423.98913502693176

BaB round 418
batch: 128
splitting decisions: 
split level 0: [/49, 9027] [/55, 27] [/55, 435] [/49, 3789] [/49, 3775] [/49, 6311] [/55, 864] [/49, 3100] [/49, 4634] [/49, 7351] 
best_l after optimization: -266249.25
beta sum per layer: [0.0, 71.15782165527344, 60.05624771118164, 4.306263446807861]
alpha/beta optimization time: 0.6810283660888672
pruning_in_iteration open status: False
ratio of positive domain = 0 / 256 = 0.0
pruning-in-iteration extra time: 4.0531158447265625e-05
torch.Size([256, 1])
Time: prepare 0.0054    bound 0.6825    transfer 0.0045    finalize 0.0289    func 0.7214    
Accumulated time: func 268.4084    prepare 6.0481    bound 251.2200    transfer 2.4314    finalize 12.3517    
max lb tensor(-934.) min lb tensor(-1138.)
Number of Verified Splits: 0 of 256
Current worst splitting domains lb-rhs (depth):
-1138.00000 (143), -1138.00000 (246), -1138.00000 (345), -1138.00000 (46), -1138.00000 (223), -1138.00000 (372), -1138.00000 (144), -1138.00000 (396), -1138.00000 (46), -1138.00000 (167), -1138.00000 (92), -1138.00000 (47), -1138.00000 (186), -1138.00000 (304), -1138.00000 (223), -1138.00000 (396), -1138.00000 (346), -1138.00000 (251), -1138.00000 (12), -1138.00000 (47), 
Length of domains: 53416
Current (lb-rhs): -1138.0
106748 domains visited
Time: pickout 0.0481    decision 0.4994    set_bounds 0.0052    solve 0.7220    add 0.0448    
Accumulated time: pickout 12.3348    decision 107.4722    set_bounds 4.3620    solve 268.6920    add 31.6847    
Cumulative time: 425.31023931503296

BaB round 419
batch: 128
splitting decisions: 
split level 0: [/49, 3269] [/49, 5323] [/49, 10731] [/49, 2760] [/49, 566] [/49, 8730] [/49, 4788] [/49, 7518] [/55, 733] [/49, 2786] 
best_l after optimization: -266253.84375
beta sum per layer: [0.0, 78.10324096679688, 58.18769836425781, 4.447428226470947]
alpha/beta optimization time: 0.7002036571502686
pruning_in_iteration open status: False
ratio of positive domain = 0 / 256 = 0.0
pruning-in-iteration extra time: 0.0001232624053955078
torch.Size([256, 1])
Time: prepare 0.0246    bound 0.7017    transfer 0.0045    finalize 0.0376    func 0.7685    
Accumulated time: func 269.1769    prepare 6.1085    bound 251.9218    transfer 2.4359    finalize 12.3893    
max lb tensor(-934.) min lb tensor(-1138.)
Number of Verified Splits: 0 of 256
Current worst splitting domains lb-rhs (depth):
-1138.00000 (121), -1138.00000 (212), -1138.00000 (120), -1138.00000 (83), -1138.00000 (338), -1138.00000 (11), -1138.00000 (41), -1138.00000 (399), -1138.00000 (212), -1138.00000 (172), -1138.00000 (273), -1138.00000 (364), -1138.00000 (172), -1138.00000 (83), -1138.00000 (32), -1138.00000 (213), -1138.00000 (302), -1138.00000 (273), -1138.00000 (393), -1138.00000 (364), 
Length of domains: 53544
Current (lb-rhs): -1138.0
107004 domains visited
Time: pickout 0.0450    decision 0.4673    set_bounds 0.0166    solve 0.7692    add 0.0507    
Accumulated time: pickout 12.3799    decision 107.9394    set_bounds 4.3786    solve 269.4611    add 31.7354    
Cumulative time: 426.6604645252228

BaB round 420
batch: 128
splitting decisions: 
split level 0: [/55, 248] [/49, 1746] [/49, 4620] [/49, 10586] [/49, 6649] [/55, 1192] [/55, 522] [/55, 1167] [/49, 4116] [/49, 1409] 
best_l after optimization: -266255.625
beta sum per layer: [0.0, 78.01441955566406, 58.41425323486328, 4.49456787109375]
alpha/beta optimization time: 0.8829638957977295
pruning_in_iteration open status: False
ratio of positive domain = 0 / 256 = 0.0
pruning-in-iteration extra time: 3.838539123535156e-05
torch.Size([256, 1])
Time: prepare 0.0259    bound 0.8845    transfer 0.0047    finalize 0.0298    func 0.9449    
Accumulated time: func 270.1218    prepare 6.1358    bound 252.8063    transfer 2.4406    finalize 12.4190    
max lb tensor(-934.) min lb tensor(-1138.)
Number of Verified Splits: 0 of 256
Current worst splitting domains lb-rhs (depth):
-1138.00000 (87), -1138.00000 (266), -1138.00000 (389), -1138.00000 (249), -1138.00000 (377), -1138.00000 (283), -1138.00000 (350), -1138.00000 (19), -1138.00000 (161), -1138.00000 (254), -1138.00000 (139), -1138.00000 (139), -1138.00000 (287), -1138.00000 (57), -1138.00000 (403), -1138.00000 (225), -1138.00000 (9), -1138.00000 (188), -1138.00000 (236), -1138.00000 (350), 
Length of domains: 53672
Current (lb-rhs): -1138.0
107260 domains visited
Time: pickout 0.0415    decision 0.3116    set_bounds 0.0122    solve 0.9454    add 0.0450    
Accumulated time: pickout 12.4213    decision 108.2510    set_bounds 4.3909    solve 270.4065    add 31.7804    
Cumulative time: 428.0176386833191

BaB round 421
batch: 128
splitting decisions: 
split level 0: [/49, 1071] [/49, 6987] [/49, 3448] [/49, 93] [/49, 4466] [/49, 10547] [/49, 8023] [/49, 9520] [/55, 1288] [/49, 914] 
best_l after optimization: -266259.5625
beta sum per layer: [0.0, 81.83146667480469, 58.78860855102539, 4.402792930603027]
alpha/beta optimization time: 0.3612642288208008
pruning_in_iteration open status: False
ratio of positive domain = 0 / 256 = 0.0
pruning-in-iteration extra time: 7.772445678710938e-05
torch.Size([256, 1])
Time: prepare 0.0052    bound 0.3626    transfer 0.0045    finalize 0.0360    func 0.4084    
Accumulated time: func 270.5302    prepare 6.1421    bound 253.1689    transfer 2.4451    finalize 12.4550    
max lb tensor(-934.) min lb tensor(-1138.)
Number of Verified Splits: 0 of 256
Current worst splitting domains lb-rhs (depth):
-1138.00000 (98), -1138.00000 (69), -1138.00000 (337), -1138.00000 (39), -1138.00000 (134), -1138.00000 (290), -1138.00000 (125), -1138.00000 (108), -1138.00000 (76), -1138.00000 (197), -1138.00000 (328), -1138.00000 (49), -1138.00000 (299), -1138.00000 (153), -1138.00000 (9), -1138.00000 (241), -1138.00000 (418), -1138.00000 (163), -1138.00000 (402), -1138.00000 (317), 
Length of domains: 53800
Current (lb-rhs): -1138.0
107516 domains visited
Time: pickout 0.0415    decision 0.1330    set_bounds 0.0093    solve 0.4089    add 0.0482    
Accumulated time: pickout 12.4628    decision 108.3841    set_bounds 4.4002    solve 270.8154    add 31.8286    
Cumulative time: 428.6600058078766

BaB round 422
batch: 128
splitting decisions: 
split level 0: [/55, 467] [/49, 9180] [/49, 3789] [/55, 1197] [/49, 5467] [/49, 80] [/55, 52] [/49, 6335] [/49, 5479] [/49, 3970] 
best_l after optimization: -266259.625
beta sum per layer: [0.0, 78.28550720214844, 61.824371337890625, 4.3072710037231445]
alpha/beta optimization time: 0.36366724967956543
pruning_in_iteration open status: False
ratio of positive domain = 0 / 256 = 0.0
pruning-in-iteration extra time: 3.838539123535156e-05
torch.Size([256, 1])
Time: prepare 0.0051    bound 0.3650    transfer 0.0064    finalize 0.0370    func 0.4136    
Accumulated time: func 270.9438    prepare 6.1483    bound 253.5339    transfer 2.4515    finalize 12.4921    
max lb tensor(-934.) min lb tensor(-1138.)
Number of Verified Splits: 0 of 256
Current worst splitting domains lb-rhs (depth):
-1138.00000 (286), -1138.00000 (61), -1138.00000 (323), -1138.00000 (195), -1138.00000 (418), -1138.00000 (264), -1138.00000 (392), -1138.00000 (62), -1138.00000 (194), -1138.00000 (323), -1138.00000 (194), -1138.00000 (62), -1138.00000 (194), -1138.00000 (195), -1138.00000 (392), -1138.00000 (323), -1138.00000 (62), -1138.00000 (193), -1138.00000 (193), -1138.00000 (63), 
Length of domains: 53928
Current (lb-rhs): -1138.0
107772 domains visited
Time: pickout 0.0399    decision 0.1327    set_bounds 0.0043    solve 0.4143    add 0.0514    
Accumulated time: pickout 12.5027    decision 108.5167    set_bounds 4.4045    solve 271.2297    add 31.8800    
Cumulative time: 429.30424332618713

BaB round 423
batch: 128
splitting decisions: 
split level 0: [/49, 3958] [/49, 8506] [/49, 6166] [/55, 426] [/49, 2268] [/49, 9518] [/55, 444] [/49, 4645] [/49, 1579] [/49, 82] 
best_l after optimization: -266259.3125
beta sum per layer: [0.0, 81.69462585449219, 60.12207794189453, 4.2935895919799805]
alpha/beta optimization time: 0.3654491901397705
pruning_in_iteration open status: False
ratio of positive domain = 0 / 256 = 0.0
pruning-in-iteration extra time: 3.719329833984375e-05
torch.Size([256, 1])
Time: prepare 0.0051    bound 0.3668    transfer 0.0050    finalize 0.0385    func 0.4154    
Accumulated time: func 271.3592    prepare 6.1546    bound 253.9007    transfer 2.4565    finalize 12.5305    
max lb tensor(-934.) min lb tensor(-1138.)
Number of Verified Splits: 0 of 256
Current worst splitting domains lb-rhs (depth):
-1138.00000 (285), -1138.00000 (23), -1138.00000 (242), -1138.00000 (342), -1138.00000 (119), -1138.00000 (201), -1138.00000 (119), -1138.00000 (343), -1138.00000 (410), -1138.00000 (120), -1138.00000 (23), -1138.00000 (119), -1138.00000 (343), -1138.00000 (201), -1138.00000 (118), -1138.00000 (343), -1138.00000 (118), -1138.00000 (257), -1138.00000 (286), -1138.00000 (342), 
Length of domains: 54056
Current (lb-rhs): -1138.0
108028 domains visited
Time: pickout 0.0429    decision 0.1342    set_bounds 0.0043    solve 0.4159    add 0.0491    
Accumulated time: pickout 12.5456    decision 108.6509    set_bounds 4.4088    solve 271.6457    add 31.9291    
Cumulative time: 429.95213866233826

BaB round 424
batch: 128
splitting decisions: 
split level 0: [/49, 1083] [/49, 6333] [/49, 395] [/49, 7997] [/55, 31] [/55, 55] [/49, 80] [/49, 3789] [/49, 10029] [/55, 630] 
best_l after optimization: -266262.90625
beta sum per layer: [0.0, 83.46882629394531, 61.29008483886719, 4.422011852264404]
alpha/beta optimization time: 0.36599040031433105
pruning_in_iteration open status: False
ratio of positive domain = 0 / 256 = 0.0
pruning-in-iteration extra time: 3.4809112548828125e-05
torch.Size([256, 1])
Time: prepare 0.0051    bound 0.3673    transfer 0.0041    finalize 0.0350    func 0.4116    
Accumulated time: func 271.7708    prepare 6.1608    bound 254.2680    transfer 2.4606    finalize 12.5656    
max lb tensor(-934.) min lb tensor(-1138.)
Number of Verified Splits: 0 of 256
Current worst splitting domains lb-rhs (depth):
-1138.00000 (256), -1138.00000 (79), -1138.00000 (171), -1138.00000 (337), -1138.00000 (385), -1138.00000 (20), -1138.00000 (293), -1138.00000 (170), -1138.00000 (80), -1138.00000 (255), -1138.00000 (416), -1138.00000 (170), -1138.00000 (338), -1138.00000 (80), -1138.00000 (170), -1138.00000 (385), -1138.00000 (255), -1138.00000 (19), -1138.00000 (169), -1138.00000 (80), 
Length of domains: 54184
Current (lb-rhs): -1138.0
108284 domains visited
Time: pickout 0.0406    decision 0.1334    set_bounds 0.0043    solve 0.4121    add 0.0429    
Accumulated time: pickout 12.5862    decision 108.7843    set_bounds 4.4131    solve 272.0578    add 31.9720    
Cumulative time: 430.5871031284332

BaB round 425
batch: 128
splitting decisions: 
split level 0: [/49, 10196] [/49, 1917] [/55, 1358] [/49, 4686] [/49, 3100] [/49, 3945] [/49, 2087] [/49, 7505] [/49, 8535] [/49, 5296] 
best_l after optimization: -266264.21875
beta sum per layer: [0.0, 80.34100341796875, 62.56487274169922, 4.313271522521973]
alpha/beta optimization time: 0.3732023239135742
pruning_in_iteration open status: False
ratio of positive domain = 0 / 256 = 0.0
pruning-in-iteration extra time: 0.00012564659118652344
torch.Size([256, 1])
Time: prepare 0.0052    bound 0.3747    transfer 0.0065    finalize 0.0412    func 0.4276    
Accumulated time: func 272.1984    prepare 6.1671    bound 254.6427    transfer 2.4671    finalize 12.6068    
max lb tensor(-934.) min lb tensor(-1138.)
Number of Verified Splits: 0 of 256
Current worst splitting domains lb-rhs (depth):
-1138.00000 (399), -1138.00000 (41), -1138.00000 (342), -1138.00000 (307), -1138.00000 (269), -1138.00000 (64), -1138.00000 (15), -1138.00000 (355), -1138.00000 (122), -1138.00000 (280), -1138.00000 (143), -1138.00000 (193), -1138.00000 (160), -1138.00000 (173), -1138.00000 (417), -1138.00000 (373), -1138.00000 (287), -1138.00000 (258), -1138.00000 (79), -1138.00000 (328), 
Length of domains: 54312
Current (lb-rhs): -1138.0
108540 domains visited
Time: pickout 0.0424    decision 0.1335    set_bounds 0.0044    solve 0.4282    add 0.0529    
Accumulated time: pickout 12.6286    decision 108.9178    set_bounds 4.4175    solve 272.4859    add 32.0249    
Cumulative time: 431.2500309944153

BaB round 426
batch: 128
splitting decisions: 
split level 0: [/49, 3658] [/49, 5310] [/49, 9534] [/49, 71] [/49, 9184] [/49, 6519] [/49, 3607] [/49, 3267] [/49, 6333] [/49, 2111] 
best_l after optimization: -266269.71875
beta sum per layer: [0.0, 86.49752044677734, 62.325862884521484, 4.384583473205566]
alpha/beta optimization time: 0.651404857635498
pruning_in_iteration open status: False
ratio of positive domain = 0 / 256 = 0.0
pruning-in-iteration extra time: 0.002259969711303711
torch.Size([256, 1])
Time: prepare 0.0053    bound 0.6550    transfer 0.0051    finalize 0.0341    func 0.6996    
Accumulated time: func 272.8980    prepare 6.1949    bound 255.2977    transfer 2.4722    finalize 12.6408    
max lb tensor(-934.) min lb tensor(-1138.)
Number of Verified Splits: 0 of 256
Current worst splitting domains lb-rhs (depth):
-1138.00000 (68), -1138.00000 (286), -1138.00000 (267), -1138.00000 (183), -1138.00000 (278), -1138.00000 (147), -1138.00000 (10), -1138.00000 (257), -1138.00000 (86), -1138.00000 (33), -1138.00000 (113), -1138.00000 (370), -1138.00000 (275), -1138.00000 (162), -1138.00000 (324), -1138.00000 (216), -1138.00000 (380), -1138.00000 (23), -1138.00000 (333), -1138.00000 (209), 
Length of domains: 54440
Current (lb-rhs): -1138.0
108796 domains visited
Time: pickout 0.0473    decision 0.5078    set_bounds 0.0099    solve 0.7001    add 0.0547    
Accumulated time: pickout 12.6759    decision 109.4257    set_bounds 4.4275    solve 273.1860    add 32.0796    
Cumulative time: 432.57379484176636

BaB round 427
batch: 128
splitting decisions: 
split level 0: [/49, 10731] [/49, 10390] [/49, 6830] [/49, 7689] [/55, 1353] [/49, 3447] [/49, 1605] [/49, 395] [/55, 910] [/49, 1601] 
best_l after optimization: -266272.78125
beta sum per layer: [0.0, 84.69390869140625, 63.69184494018555, 4.3599958419799805]
alpha/beta optimization time: 0.8637945652008057
pruning_in_iteration open status: False
ratio of positive domain = 0 / 256 = 0.0
pruning-in-iteration extra time: 0.0001900196075439453
torch.Size([256, 1])
Time: prepare 0.0064    bound 0.8654    transfer 0.0044    finalize 0.0381    func 0.9143    
Accumulated time: func 273.8124    prepare 6.2047    bound 256.1631    transfer 2.4766    finalize 12.6789    
max lb tensor(-934.) min lb tensor(-1138.)
Number of Verified Splits: 0 of 256
Current worst splitting domains lb-rhs (depth):
-1138.00000 (324), -1138.00000 (268), -1138.00000 (324), -1138.00000 (65), -1138.00000 (151), -1138.00000 (89), -1138.00000 (368), -1138.00000 (394), -1138.00000 (151), -1138.00000 (324), -1138.00000 (217), -1138.00000 (14), -1138.00000 (51), -1138.00000 (152), -1138.00000 (255), -1138.00000 (278), -1138.00000 (241), -1138.00000 (152), -1138.00000 (420), -1138.00000 (385), 
Length of domains: 54568
Current (lb-rhs): -1138.0
109052 domains visited
Time: pickout 0.0437    decision 0.1427    set_bounds 0.0051    solve 0.9148    add 0.0478    
Accumulated time: pickout 12.7196    decision 109.5684    set_bounds 4.4325    solve 274.1009    add 32.1273    
Cumulative time: 433.7293140888214

BaB round 428
batch: 128
splitting decisions: 
split level 0: [/49, 5452] [/49, 1409] [/55, 101] [/49, 4346] [/49, 3437] [/49, 5475] [/49, 3123] [/55, 912] [/49, 7180] [/49, 3788] 
best_l after optimization: -266273.78125
beta sum per layer: [0.0, 90.22425842285156, 62.897850036621094, 4.245338439941406]
alpha/beta optimization time: 0.7637863159179688
pruning_in_iteration open status: False
ratio of positive domain = 0 / 256 = 0.0
pruning-in-iteration extra time: 0.00015306472778320312
torch.Size([256, 1])
Time: prepare 0.0053    bound 0.7653    transfer 0.0042    finalize 0.0297    func 0.8046    
Accumulated time: func 274.6169    prepare 6.2146    bound 256.9283    transfer 2.4808    finalize 12.7086    
max lb tensor(-934.) min lb tensor(-1138.)
Number of Verified Splits: 0 of 256
Current worst splitting domains lb-rhs (depth):
-1138.00000 (266), -1138.00000 (193), -1138.00000 (352), -1138.00000 (111), -1138.00000 (309), -1138.00000 (372), -1138.00000 (291), -1138.00000 (22), -1138.00000 (140), -1138.00000 (214), -1138.00000 (386), -1138.00000 (330), -1138.00000 (233), -1138.00000 (62), -1138.00000 (151), -1138.00000 (364), -1138.00000 (111), -1138.00000 (23), -1138.00000 (419), -1138.00000 (63), 
Length of domains: 54696
Current (lb-rhs): -1138.0
109308 domains visited
Time: pickout 0.0482    decision 0.2367    set_bounds 0.0046    solve 0.8051    add 0.0482    
Accumulated time: pickout 12.7678    decision 109.8050    set_bounds 4.4371    solve 274.9059    add 32.1755    
Cumulative time: 434.87349486351013

BaB round 429
batch: 128
splitting decisions: 
split level 0: [/49, 564] [/49, 912] [/49, 9028] [/49, 3620] [/49, 7493] [/55, 692] [/49, 9518] [/49, 6309] [/49, 8859] [/49, 8859] 
best_l after optimization: -266272.09375
beta sum per layer: [0.0, 94.77474975585938, 60.62424850463867, 4.374794006347656]
alpha/beta optimization time: 0.5979764461517334
pruning_in_iteration open status: False
ratio of positive domain = 0 / 256 = 0.0
pruning-in-iteration extra time: 3.814697265625e-05
torch.Size([256, 1])
Time: prepare 0.0052    bound 0.5993    transfer 0.0046    finalize 0.0447    func 0.6538    
Accumulated time: func 275.2707    prepare 6.2232    bound 257.5276    transfer 2.4854    finalize 12.7534    
max lb tensor(-934.) min lb tensor(-1138.)
Number of Verified Splits: 0 of 256
Current worst splitting domains lb-rhs (depth):
-1138.00000 (89), -1138.00000 (343), -1138.00000 (25), -1138.00000 (234), -1138.00000 (424), -1138.00000 (333), -1138.00000 (330), -1138.00000 (260), -1138.00000 (43), -1138.00000 (167), -1138.00000 (370), -1138.00000 (51), -1138.00000 (11), -1138.00000 (323), -1138.00000 (268), -1138.00000 (293), -1138.00000 (179), -1138.00000 (414), -1138.00000 (307), -1138.00000 (188), 
Length of domains: 54824
Current (lb-rhs): -1138.0
109564 domains visited
Time: pickout 0.0506    decision 0.3435    set_bounds 0.0043    solve 0.6543    add 0.0501    
Accumulated time: pickout 12.8184    decision 110.1485    set_bounds 4.4415    solve 275.5602    add 32.2257    
Cumulative time: 435.9779050350189

BaB round 430
batch: 128
splitting decisions: 
split level 0: [/55, 79] [/49, 10532] [/55, 512] [/49, 1605] [/49, 3777] [/49, 3800] [/55, 733] [/49, 1578] [/49, 3789] [/49, 10353] 
best_l after optimization: -266273.84375
beta sum per layer: [0.0, 94.32437133789062, 60.456180572509766, 4.319687366485596]
alpha/beta optimization time: 0.5165152549743652
pruning_in_iteration open status: False
ratio of positive domain = 0 / 256 = 0.0
pruning-in-iteration extra time: 0.00014638900756835938
torch.Size([256, 1])
Time: prepare 0.0126    bound 0.5180    transfer 0.0048    finalize 0.0434    func 0.5789    
Accumulated time: func 275.8496    prepare 6.2378    bound 258.0456    transfer 2.4903    finalize 12.7968    
max lb tensor(-934.) min lb tensor(-1138.)
Number of Verified Splits: 0 of 256
Current worst splitting domains lb-rhs (depth):
-1138.00000 (346), -1138.00000 (311), -1138.00000 (346), -1138.00000 (166), -1138.00000 (271), -1138.00000 (203), -1138.00000 (43), -1138.00000 (286), -1138.00000 (166), -1138.00000 (410), -1138.00000 (388), -1138.00000 (12), -1138.00000 (43), -1138.00000 (43), -1138.00000 (95), -1138.00000 (165), -1138.00000 (114), -1138.00000 (232), -1138.00000 (303), -1138.00000 (44), 
Length of domains: 54952
Current (lb-rhs): -1138.0
109820 domains visited
Time: pickout 0.0493    decision 0.3628    set_bounds 0.0122    solve 0.5794    add 0.0527    
Accumulated time: pickout 12.8677    decision 110.5114    set_bounds 4.4536    solve 276.1396    add 32.2784    
Cumulative time: 437.0359060764313

BaB round 431
batch: 128
splitting decisions: 
split level 0: [/55, 1329] [/49, 5479] [/49, 1748] [/49, 4448] [/49, 1579] [/49, 4829] [/55, 426] [/49, 4282] [/49, 3425] [/49, 5633] 
best_l after optimization: -266275.5625
beta sum per layer: [0.0, 95.91436767578125, 59.985450744628906, 4.652493476867676]
alpha/beta optimization time: 0.6695992946624756
pruning_in_iteration open status: False
ratio of positive domain = 0 / 256 = 0.0
pruning-in-iteration extra time: 3.814697265625e-05
torch.Size([256, 1])
Time: prepare 0.0052    bound 0.6710    transfer 0.0048    finalize 0.0393    func 0.7203    
Accumulated time: func 276.5700    prepare 6.2657    bound 258.7166    transfer 2.4950    finalize 12.8361    
max lb tensor(-934.) min lb tensor(-1138.)
Number of Verified Splits: 0 of 256
Current worst splitting domains lb-rhs (depth):
-1138.00000 (379), -1138.00000 (20), -1138.00000 (232), -1138.00000 (218), -1138.00000 (285), -1138.00000 (34), -1138.00000 (180), -1138.00000 (333), -1138.00000 (147), -1138.00000 (79), -1138.00000 (189), -1138.00000 (392), -1138.00000 (49), -1138.00000 (98), -1138.00000 (11), -1138.00000 (138), -1138.00000 (308), -1138.00000 (49), -1138.00000 (349), -1138.00000 (400), 
Length of domains: 55080
Current (lb-rhs): -1138.0
110076 domains visited
Time: pickout 0.0516    decision 0.3281    set_bounds 0.0090    solve 0.7209    add 0.0549    
Accumulated time: pickout 12.9192    decision 110.8395    set_bounds 4.4626    solve 276.8605    add 32.3333    
Cumulative time: 438.2019591331482

BaB round 432
batch: 128
splitting decisions: 
split level 0: [/49, 84] [/55, 706] [/49, 67] [/49, 58] [/49, 4115] [/49, 82] [/49, 4622] [/49, 409] [/49, 7340] [/55, 946] 
best_l after optimization: -266278.21875
beta sum per layer: [0.0, 96.02281188964844, 61.167869567871094, 4.24670934677124]
alpha/beta optimization time: 0.6744773387908936
pruning_in_iteration open status: False
ratio of positive domain = 0 / 256 = 0.0
pruning-in-iteration extra time: 3.910064697265625e-05
torch.Size([256, 1])
Time: prepare 0.0051    bound 0.6758    transfer 0.0045    finalize 0.0399    func 0.7255    
Accumulated time: func 277.2955    prepare 6.3065    bound 259.3924    transfer 2.4995    finalize 12.8760    
max lb tensor(-934.) min lb tensor(-1138.)
Number of Verified Splits: 0 of 256
Current worst splitting domains lb-rhs (depth):
-1138.00000 (96), -1138.00000 (76), -1138.00000 (395), -1138.00000 (147), -1138.00000 (179), -1138.00000 (426), -1138.00000 (341), -1138.00000 (112), -1138.00000 (277), -1138.00000 (123), -1138.00000 (75), -1138.00000 (255), -1138.00000 (35), -1138.00000 (249), -1138.00000 (370), -1138.00000 (206), -1138.00000 (267), -1138.00000 (384), -1138.00000 (376), -1138.00000 (10), 
Length of domains: 55208
Current (lb-rhs): -1138.0
110332 domains visited
Time: pickout 0.0519    decision 0.4858    set_bounds 0.0049    solve 0.7260    add 0.0508    
Accumulated time: pickout 12.9711    decision 111.3253    set_bounds 4.4675    solve 277.5866    add 32.3841    
Cumulative time: 439.52301692962646

BaB round 433
batch: 128
splitting decisions: 
split level 0: [/49, 1423] [/49, 10368] [/49, 10380] [/55, 445] [/49, 5830] [/49, 756] [/49, 1761] [/49, 914] [/55, 523] [/49, 84] 
best_l after optimization: -266276.25
beta sum per layer: [0.0, 96.13202667236328, 61.16991424560547, 4.557884216308594]
alpha/beta optimization time: 0.6743021011352539
pruning_in_iteration open status: False
ratio of positive domain = 0 / 256 = 0.0
pruning-in-iteration extra time: 3.719329833984375e-05
torch.Size([256, 1])
Time: prepare 0.0059    bound 0.6758    transfer 0.0061    finalize 0.0239    func 0.7117    
Accumulated time: func 278.0071    prepare 6.3344    bound 260.0682    transfer 2.5056    finalize 12.8999    
max lb tensor(-934.) min lb tensor(-1138.)
Number of Verified Splits: 0 of 256
Current worst splitting domains lb-rhs (depth):
-1138.00000 (266), -1138.00000 (398), -1138.00000 (203), -1138.00000 (101), -1138.00000 (32), -1138.00000 (227), -1138.00000 (114), -1138.00000 (428), -1138.00000 (253), -1138.00000 (365), -1138.00000 (40), -1138.00000 (140), -1138.00000 (413), -1138.00000 (324), -1138.00000 (345), -1138.00000 (21), -1138.00000 (172), -1138.00000 (338), -1138.00000 (257), -1138.00000 (315), 
Length of domains: 55336
Current (lb-rhs): -1138.0
110588 domains visited
Time: pickout 0.0493    decision 0.4903    set_bounds 0.0118    solve 0.7123    add 0.0464    
Accumulated time: pickout 13.0205    decision 111.8156    set_bounds 4.4793    solve 278.2988    add 32.4306    
Cumulative time: 440.83659172058105

BaB round 434
batch: 128
splitting decisions: 
split level 0: [/49, 617] [/55, 567] [/49, 6309] [/55, 45] [/55, 961] [/49, 7884] [/55, 1371] [/49, 4620] [/49, 3642] [/49, 7167] 
best_l after optimization: -266276.4375
beta sum per layer: [0.0, 108.799072265625, 57.39299774169922, 4.478590965270996]
alpha/beta optimization time: 0.6951813697814941
pruning_in_iteration open status: False
ratio of positive domain = 0 / 256 = 0.0
pruning-in-iteration extra time: 4.649162292480469e-05
torch.Size([256, 1])
Time: prepare 0.0052    bound 0.6966    transfer 0.0072    finalize 0.0436    func 0.7526    
Accumulated time: func 278.7597    prepare 6.3550    bound 260.7648    transfer 2.5128    finalize 12.9435    
max lb tensor(-934.) min lb tensor(-1138.)
Number of Verified Splits: 0 of 256
Current worst splitting domains lb-rhs (depth):
-1138.00000 (325), -1138.00000 (301), -1138.00000 (403), -1138.00000 (115), -1138.00000 (298), -1138.00000 (213), -1138.00000 (140), -1138.00000 (23), -1138.00000 (181), -1138.00000 (22), -1138.00000 (63), -1138.00000 (425), -1138.00000 (342), -1138.00000 (377), -1138.00000 (271), -1138.00000 (213), -1138.00000 (114), -1138.00000 (425), -1138.00000 (258), -1138.00000 (282), 
Length of domains: 55464
Current (lb-rhs): -1138.0
110844 domains visited
Time: pickout 0.0487    decision 0.5039    set_bounds 0.0050    solve 0.7531    add 0.0641    
Accumulated time: pickout 13.0691    decision 112.3195    set_bounds 4.4843    solve 279.0520    add 32.4946    
Cumulative time: 442.2130694389343

BaB round 435
batch: 128
splitting decisions: 
split level 0: [/49, 3267] [/49, 8521] [/49, 10392] [/49, 7518] [/49, 69] [/49, 3814] [/49, 4114] [/49, 8337] [/49, 758] [/49, 9184] 
best_l after optimization: -266281.125
beta sum per layer: [0.0, 94.79256439208984, 65.28337860107422, 4.403960227966309]
alpha/beta optimization time: 0.6804325580596924
pruning_in_iteration open status: False
ratio of positive domain = 0 / 256 = 0.0
pruning-in-iteration extra time: 0.00013256072998046875
torch.Size([256, 1])
Time: prepare 0.0053    bound 0.6819    transfer 0.0047    finalize 0.0214    func 0.7133    
Accumulated time: func 279.4730    prepare 6.3826    bound 261.4467    transfer 2.5175    finalize 12.9649    
max lb tensor(-934.) min lb tensor(-1138.)
Number of Verified Splits: 0 of 256
Current worst splitting domains lb-rhs (depth):
-1138.00000 (60), -1138.00000 (396), -1138.00000 (101), -1138.00000 (178), -1138.00000 (60), -1138.00000 (220), -1138.00000 (261), -1138.00000 (351), -1138.00000 (124), -1138.00000 (19), -1138.00000 (193), -1138.00000 (313), -1138.00000 (431), -1138.00000 (396), -1138.00000 (284), -1138.00000 (178), -1138.00000 (206), -1138.00000 (125), -1138.00000 (268), -1138.00000 (351), 
Length of domains: 55592
Current (lb-rhs): -1138.0
111100 domains visited
Time: pickout 0.0551    decision 0.4966    set_bounds 0.0051    solve 0.7138    add 0.0447    
Accumulated time: pickout 13.1243    decision 112.8160    set_bounds 4.4894    solve 279.7657    add 32.5394    
Cumulative time: 443.53269386291504

BaB round 436
batch: 128
splitting decisions: 
split level 0: [/55, 187] [/55, 954] [/49, 6323] [/49, 8223] [/49, 9182] [/49, 7651] [/49, 7336] [/49, 4452] [/49, 747] [/49, 3450] 
best_l after optimization: -266285.625
beta sum per layer: [0.0, 103.24417877197266, 62.172203063964844, 4.646346569061279]
alpha/beta optimization time: 0.4963805675506592
pruning_in_iteration open status: False
ratio of positive domain = 0 / 256 = 0.0
pruning-in-iteration extra time: 0.0023534297943115234
torch.Size([256, 1])
Time: prepare 0.0052    bound 0.5002    transfer 0.0063    finalize 0.0436    func 0.5554    
Accumulated time: func 280.0285    prepare 6.4168    bound 261.9469    transfer 2.5239    finalize 13.0085    
max lb tensor(-934.) min lb tensor(-1138.)
Number of Verified Splits: 0 of 256
Current worst splitting domains lb-rhs (depth):
-1138.00000 (37), -1138.00000 (381), -1138.00000 (291), -1138.00000 (36), -1138.00000 (110), -1138.00000 (321), -1138.00000 (354), -1138.00000 (298), -1138.00000 (162), -1138.00000 (225), -1138.00000 (268), -1138.00000 (381), -1138.00000 (110), -1138.00000 (12), -1138.00000 (336), -1138.00000 (110), -1138.00000 (419), -1138.00000 (226), -1138.00000 (195), -1138.00000 (162), 
Length of domains: 55720
Current (lb-rhs): -1138.0
111356 domains visited
Time: pickout 0.0530    decision 0.5166    set_bounds 0.0049    solve 0.5559    add 0.0547    
Accumulated time: pickout 13.1772    decision 113.3326    set_bounds 4.4943    solve 280.3217    add 32.5940    
Cumulative time: 444.7193331718445

BaB round 437
batch: 128
splitting decisions: 
split level 0: [/49, 1774] [/49, 1930] [/49, 7347] [/49, 1265] [/55, 941] [/55, 184] [/49, 5491] [/49, 6999] [/49, 4140] [/49, 7169] 
best_l after optimization: -266287.5625
beta sum per layer: [0.0, 103.07755279541016, 63.78813934326172, 4.50565767288208]
alpha/beta optimization time: 0.7675189971923828
pruning_in_iteration open status: False
ratio of positive domain = 0 / 256 = 0.0
pruning-in-iteration extra time: 0.00020360946655273438
torch.Size([256, 1])
Time: prepare 0.0052    bound 0.7690    transfer 0.0041    finalize 0.0183    func 0.7967    
Accumulated time: func 280.8252    prepare 6.4234    bound 262.7159    transfer 2.5280    finalize 13.0268    
max lb tensor(-934.) min lb tensor(-1138.)
Number of Verified Splits: 0 of 256
Current worst splitting domains lb-rhs (depth):
-1138.00000 (250), -1138.00000 (319), -1138.00000 (161), -1138.00000 (110), -1138.00000 (391), -1138.00000 (22), -1138.00000 (345), -1138.00000 (291), -1138.00000 (70), -1138.00000 (408), -1138.00000 (230), -1138.00000 (327), -1138.00000 (110), -1138.00000 (240), -1138.00000 (363), -1138.00000 (279), -1138.00000 (135), -1138.00000 (391), -1138.00000 (70), -1138.00000 (46), 
Length of domains: 55848
Current (lb-rhs): -1138.0
111612 domains visited
Time: pickout 0.0509    decision 0.1477    set_bounds 0.0043    solve 0.7972    add 0.0450    
Accumulated time: pickout 13.2281    decision 113.4803    set_bounds 4.4987    solve 281.1189    add 32.6391    
Cumulative time: 445.7683687210083

BaB round 438
batch: 128
splitting decisions: 
split level 0: [/49, 1746] [/49, 8352] [/49, 7349] [/55, 1354] [/49, 5803] [/55, 511] [/49, 7660] [/55, 1361] [/55, 912] [/49, 6502] 
best_l after optimization: -266290.6875
beta sum per layer: [0.0, 106.96585083007812, 62.41901397705078, 4.31777811050415]
alpha/beta optimization time: 0.601506233215332
pruning_in_iteration open status: False
ratio of positive domain = 0 / 256 = 0.0
pruning-in-iteration extra time: 3.814697265625e-05
torch.Size([256, 1])
Time: prepare 0.0053    bound 0.6029    transfer 0.0044    finalize 0.0372    func 0.6498    
Accumulated time: func 281.4750    prepare 6.4427    bound 263.3188    transfer 2.5324    finalize 13.0641    
max lb tensor(-934.) min lb tensor(-1138.)
Number of Verified Splits: 0 of 256
Current worst splitting domains lb-rhs (depth):
-1138.00000 (250), -1138.00000 (98), -1138.00000 (291), -1138.00000 (200), -1138.00000 (81), -1138.00000 (297), -1138.00000 (214), -1138.00000 (158), -1138.00000 (281), -1138.00000 (276), -1138.00000 (262), -1138.00000 (67), -1138.00000 (358), -1138.00000 (54), -1138.00000 (181), -1138.00000 (329), -1138.00000 (313), -1138.00000 (157), -1138.00000 (111), -1138.00000 (287), 
Length of domains: 55976
Current (lb-rhs): -1138.0
111868 domains visited
Time: pickout 0.0474    decision 0.3589    set_bounds 0.0095    solve 0.6504    add 0.0514    
Accumulated time: pickout 13.2756    decision 113.8393    set_bounds 4.5082    solve 281.7693    add 32.6905    
Cumulative time: 446.8876163959503

BaB round 439
batch: 128
splitting decisions: 
split level 0: [/49, 5646] [/49, 4461] [/55, 13] [/49, 9416] [/49, 8858] [/55, 187] [/55, 971] [/49, 2110] [/49, 592] [/49, 8352] 
best_l after optimization: -266292.40625
beta sum per layer: [0.0, 106.77344512939453, 62.84012222290039, 4.341418266296387]
alpha/beta optimization time: 0.48165225982666016
pruning_in_iteration open status: False
ratio of positive domain = 0 / 256 = 0.0
pruning-in-iteration extra time: 0.002519369125366211
torch.Size([256, 1])
Time: prepare 0.0146    bound 0.4856    transfer 0.0060    finalize 0.0175    func 0.5237    
Accumulated time: func 281.9987    prepare 6.4626    bound 263.8044    transfer 2.5383    finalize 13.0816    
max lb tensor(-934.) min lb tensor(-1138.)
Number of Verified Splits: 0 of 256
Current worst splitting domains lb-rhs (depth):
-1138.00000 (434), -1138.00000 (52), -1138.00000 (85), -1138.00000 (233), -1138.00000 (318), -1138.00000 (422), -1138.00000 (29), -1138.00000 (147), -1138.00000 (114), -1138.00000 (177), -1138.00000 (383), -1138.00000 (279), -1138.00000 (85), -1138.00000 (12), -1138.00000 (177), -1138.00000 (339), -1138.00000 (362), -1138.00000 (233), -1138.00000 (318), -1138.00000 (147), 
Length of domains: 56104
Current (lb-rhs): -1138.0
112124 domains visited
Time: pickout 0.0495    decision 0.3938    set_bounds 0.0131    solve 0.5241    add 0.0428    
Accumulated time: pickout 13.3251    decision 114.2330    set_bounds 4.5213    solve 282.2934    add 32.7333    
Cumulative time: 447.9147686958313

BaB round 440
batch: 128
splitting decisions: 
split level 0: [/55, 1154] [/49, 2787] [/49, 5646] [/49, 7715] [/55, 235] [/55, 1573] [/49, 6505] [/49, 2085] [/49, 8858] [/49, 2277] 
best_l after optimization: -266292.8125
beta sum per layer: [0.0, 114.20097351074219, 62.28366470336914, 4.453071594238281]
alpha/beta optimization time: 0.676048755645752
pruning_in_iteration open status: False
ratio of positive domain = 0 / 256 = 0.0
pruning-in-iteration extra time: 4.029273986816406e-05
torch.Size([256, 1])
Time: prepare 0.0051    bound 0.6774    transfer 0.0046    finalize 0.0366    func 0.7239    
Accumulated time: func 282.7225    prepare 6.4901    bound 264.4818    transfer 2.5429    finalize 13.1182    
max lb tensor(-934.) min lb tensor(-1138.)
Number of Verified Splits: 0 of 256
Current worst splitting domains lb-rhs (depth):
-1138.00000 (27), -1138.00000 (314), -1138.00000 (246), -1138.00000 (118), -1138.00000 (398), -1138.00000 (307), -1138.00000 (146), -1138.00000 (60), -1138.00000 (366), -1138.00000 (85), -1138.00000 (183), -1138.00000 (411), -1138.00000 (12), -1138.00000 (347), -1138.00000 (146), -1138.00000 (215), -1138.00000 (118), -1138.00000 (381), -1138.00000 (60), -1138.00000 (236), 
Length of domains: 56232
Current (lb-rhs): -1138.0
112380 domains visited
Time: pickout 0.0484    decision 0.3587    set_bounds 0.0044    solve 0.7246    add 0.0520    
Accumulated time: pickout 13.3735    decision 114.5917    set_bounds 4.5257    solve 283.0181    add 32.7853    
Cumulative time: 449.10439109802246

BaB round 441
batch: 128
splitting decisions: 
split level 0: [/49, 2123] [/55, 38] [/49, 590] [/49, 3671] [/55, 570] [/49, 7494] [/55, 102] [/49, 3787] [/49, 8675] [/49, 3451] 
best_l after optimization: -266296.21875
beta sum per layer: [0.0, 114.43472290039062, 62.978477478027344, 4.317715167999268]
alpha/beta optimization time: 0.6748483180999756
pruning_in_iteration open status: False
ratio of positive domain = 0 / 256 = 0.0
pruning-in-iteration extra time: 0.00010657310485839844
torch.Size([256, 1])
Time: prepare 0.0053    bound 0.6763    transfer 0.0046    finalize 0.0241    func 0.7104    
Accumulated time: func 283.4329    prepare 6.5208    bound 265.1581    transfer 2.5475    finalize 13.1423    
max lb tensor(-934.) min lb tensor(-1138.)
Number of Verified Splits: 0 of 256
Current worst splitting domains lb-rhs (depth):
-1138.00000 (91), -1138.00000 (56), -1138.00000 (196), -1138.00000 (336), -1138.00000 (11), -1138.00000 (91), -1138.00000 (238), -1138.00000 (56), -1138.00000 (405), -1138.00000 (154), -1138.00000 (223), -1138.00000 (135), -1138.00000 (380), -1138.00000 (405), -1138.00000 (277), -1138.00000 (288), -1138.00000 (55), -1138.00000 (405), -1138.00000 (23), -1138.00000 (91), 
Length of domains: 56360
Current (lb-rhs): -1138.0
112636 domains visited
Time: pickout 0.0495    decision 0.4685    set_bounds 0.0045    solve 0.7109    add 0.0430    
Accumulated time: pickout 13.4230    decision 115.0602    set_bounds 4.5303    solve 283.7289    add 32.8282    
Cumulative time: 450.383793592453

BaB round 442
batch: 128
splitting decisions: 
split level 0: [/49, 1577] [/49, 71] [/49, 8337] [/49, 3633] [/49, 4136] [/55, 648] [/55, 550] [/49, 7493] [/49, 1411] [/49, 5828] 
best_l after optimization: -266300.6875
beta sum per layer: [0.0, 111.95370483398438, 66.6339340209961, 4.361577987670898]
alpha/beta optimization time: 0.6805744171142578
pruning_in_iteration open status: False
ratio of positive domain = 0 / 256 = 0.0
pruning-in-iteration extra time: 3.910064697265625e-05
torch.Size([256, 1])
Time: prepare 0.0052    bound 0.6819    transfer 0.0051    finalize 0.0348    func 0.7272    
Accumulated time: func 284.1600    prepare 6.5550    bound 265.8400    transfer 2.5527    finalize 13.1772    
max lb tensor(-934.) min lb tensor(-1138.)
Number of Verified Splits: 0 of 256
Current worst splitting domains lb-rhs (depth):
-1138.00000 (368), -1138.00000 (146), -1138.00000 (314), -1138.00000 (298), -1138.00000 (205), -1138.00000 (54), -1138.00000 (436), -1138.00000 (249), -1138.00000 (16), -1138.00000 (107), -1138.00000 (337), -1138.00000 (416), -1138.00000 (54), -1138.00000 (354), -1138.00000 (389), -1138.00000 (206), -1138.00000 (107), -1138.00000 (146), -1138.00000 (280), -1138.00000 (173), 
Length of domains: 56488
Current (lb-rhs): -1138.0
112892 domains visited
Time: pickout 0.0538    decision 0.5177    set_bounds 0.0050    solve 0.7277    add 0.0500    
Accumulated time: pickout 13.4767    decision 115.5779    set_bounds 4.5353    solve 284.4566    add 32.8782    
Cumulative time: 451.73950457572937

BaB round 443
batch: 128
splitting decisions: 
split level 0: [/55, 936] [/49, 3126] [/49, 3293] [/49, 3655] [/49, 1578] [/55, 182] [/55, 472] [/49, 8025] [/55, 116] [/55, 71] 
best_l after optimization: -266297.625
beta sum per layer: [0.0, 111.80317687988281, 64.74942016601562, 4.115390777587891]
alpha/beta optimization time: 0.6822044849395752
pruning_in_iteration open status: False
ratio of positive domain = 0 / 256 = 0.0
pruning-in-iteration extra time: 3.981590270996094e-05
torch.Size([256, 1])
Time: prepare 0.0053    bound 0.6836    transfer 0.0050    finalize 0.0250    func 0.7190    
Accumulated time: func 284.8790    prepare 6.5758    bound 266.5236    transfer 2.5576    finalize 13.2022    
max lb tensor(-934.) min lb tensor(-1138.)
Number of Verified Splits: 0 of 256
Current worst splitting domains lb-rhs (depth):
-1138.00000 (192), -1138.00000 (368), -1138.00000 (191), -1138.00000 (312), -1138.00000 (111), -1138.00000 (272), -1138.00000 (24), -1138.00000 (248), -1138.00000 (369), -1138.00000 (111), -1138.00000 (110), -1138.00000 (312), -1138.00000 (429), -1138.00000 (110), -1138.00000 (369), -1138.00000 (24), -1138.00000 (192), -1138.00000 (110), -1138.00000 (112), -1138.00000 (430), 
Length of domains: 56616
Current (lb-rhs): -1138.0
113148 domains visited
Time: pickout 0.0484    decision 0.4852    set_bounds 0.0097    solve 0.7195    add 0.0427    
Accumulated time: pickout 13.5251    decision 116.0631    set_bounds 4.5450    solve 285.1761    add 32.9209    
Cumulative time: 453.04812955856323

BaB round 444
batch: 128
splitting decisions: 
split level 0: [/49, 3618] [/49, 8689] [/49, 3436] [/49, 3319] [/55, 550] [/49, 4282] [/49, 3411] [/55, 748] [/49, 7375] [/49, 5490] 
best_l after optimization: -266298.375
beta sum per layer: [0.0, 116.53376770019531, 64.73908996582031, 4.3787031173706055]
alpha/beta optimization time: 0.7246670722961426
pruning_in_iteration open status: False
ratio of positive domain = 0 / 256 = 0.0
pruning-in-iteration extra time: 3.838539123535156e-05
torch.Size([256, 1])
Time: prepare 0.0259    bound 0.7262    transfer 0.0046    finalize 0.0399    func 0.7967    
Accumulated time: func 285.6758    prepare 6.6133    bound 267.2498    transfer 2.5622    finalize 13.2421    
max lb tensor(-934.) min lb tensor(-1138.)
Number of Verified Splits: 0 of 256
Current worst splitting domains lb-rhs (depth):
-1138.00000 (403), -1138.00000 (241), -1138.00000 (83), -1138.00000 (306), -1138.00000 (360), -1138.00000 (439), -1138.00000 (291), -1138.00000 (165), -1138.00000 (336), -1138.00000 (83), -1138.00000 (211), -1138.00000 (269), -1138.00000 (281), -1138.00000 (165), -1138.00000 (14), -1138.00000 (403), -1138.00000 (360), -1138.00000 (83), -1138.00000 (242), -1138.00000 (165), 
Length of domains: 56744
Current (lb-rhs): -1138.0
113404 domains visited
Time: pickout 0.0426    decision 0.4701    set_bounds 0.0122    solve 0.7974    add 0.0505    
Accumulated time: pickout 13.5677    decision 116.5332    set_bounds 4.5572    solve 285.9735    add 32.9713    
Cumulative time: 454.42256236076355

BaB round 445
batch: 128
splitting decisions: 
split level 0: [/49, 3943] [/49, 3267] [/49, 1590] [/49, 444] [/55, 1160] [/55, 848] [/49, 3412] [/49, 8858] [/49, 5489] [/49, 5646] 
best_l after optimization: -266300.625
beta sum per layer: [0.0, 117.91497802734375, 65.75422668457031, 4.261774063110352]
alpha/beta optimization time: 0.982820987701416
pruning_in_iteration open status: False
ratio of positive domain = 0 / 256 = 0.0
pruning-in-iteration extra time: 0.002253293991088867
torch.Size([256, 1])
Time: prepare 0.0258    bound 0.9865    transfer 0.0069    finalize 0.0186    func 1.0378    
Accumulated time: func 286.7136    prepare 6.6404    bound 268.2363    transfer 2.5691    finalize 13.2607    
max lb tensor(-934.) min lb tensor(-1138.)
Number of Verified Splits: 0 of 256
Current worst splitting domains lb-rhs (depth):
-1138.00000 (310), -1138.00000 (136), -1138.00000 (223), -1138.00000 (74), -1138.00000 (98), -1138.00000 (16), -1138.00000 (338), -1138.00000 (379), -1138.00000 (214), -1138.00000 (315), -1138.00000 (246), -1138.00000 (418), -1138.00000 (353), -1138.00000 (157), -1138.00000 (258), -1138.00000 (437), -1138.00000 (43), -1138.00000 (176), -1138.00000 (119), -1138.00000 (365), 
Length of domains: 56872
Current (lb-rhs): -1138.0
113660 domains visited
Time: pickout 0.0469    decision 0.1501    set_bounds 0.0181    solve 1.0383    add 0.0419    
Accumulated time: pickout 13.6146    decision 116.6833    set_bounds 4.5753    solve 287.0118    add 33.0133    
Cumulative time: 455.72147393226624

BaB round 446
batch: 128
splitting decisions: 
split level 0: [/49, 10392] [/49, 1591] [/49, 8010] [/49, 3291] [/49, 395] [/55, 1081] [/49, 6468] [/49, 3618] [/49, 5826] [/49, 10731] 
best_l after optimization: -266305.375
beta sum per layer: [0.0, 151.88705444335938, 53.59172821044922, 4.563933372497559]
alpha/beta optimization time: 0.7818949222564697
pruning_in_iteration open status: False
ratio of positive domain = 0 / 256 = 0.0
pruning-in-iteration extra time: 0.00022482872009277344
torch.Size([256, 1])
Time: prepare 0.0052    bound 0.7834    transfer 0.0040    finalize 0.0378    func 0.8304    
Accumulated time: func 287.5440    prepare 6.6467    bound 269.0198    transfer 2.5731    finalize 13.2985    
max lb tensor(-934.) min lb tensor(-1138.)
Number of Verified Splits: 0 of 256
Current worst splitting domains lb-rhs (depth):
-1138.00000 (373), -1138.00000 (93), -1138.00000 (242), -1138.00000 (313), -1138.00000 (337), -1138.00000 (442), -1138.00000 (64), -1138.00000 (27), -1138.00000 (415), -1138.00000 (400), -1138.00000 (144), -1138.00000 (384), -1138.00000 (64), -1138.00000 (124), -1138.00000 (259), -1138.00000 (212), -1138.00000 (93), -1138.00000 (322), -1138.00000 (123), -1138.00000 (64), 
Length of domains: 57000
Current (lb-rhs): -1138.0
113916 domains visited
Time: pickout 0.0425    decision 0.1355    set_bounds 0.0043    solve 0.8309    add 0.0509    
Accumulated time: pickout 13.6570    decision 116.8187    set_bounds 4.5796    solve 287.8427    add 33.0642    
Cumulative time: 456.78711557388306

BaB round 447
batch: 128
splitting decisions: 
split level 0: [/49, 3969] [/55, 1083] [/49, 8338] [/49, 4672] [/49, 734] [/49, 4127] [/49, 878] [/49, 927] [/49, 8882] [/49, 3958] 
best_l after optimization: -266301.5625
beta sum per layer: [0.0, 131.0119171142578, 63.42860794067383, 4.224091053009033]
alpha/beta optimization time: 0.6001451015472412
pruning_in_iteration open status: False
ratio of positive domain = 0 / 256 = 0.0
pruning-in-iteration extra time: 3.8623809814453125e-05
torch.Size([256, 1])
Time: prepare 0.0057    bound 0.6017    transfer 0.0041    finalize 0.0277    func 0.6392    
Accumulated time: func 288.1832    prepare 6.6613    bound 269.6214    transfer 2.5772    finalize 13.3262    
max lb tensor(-934.) min lb tensor(-1138.)
Number of Verified Splits: 0 of 256
Current worst splitting domains lb-rhs (depth):
-1138.00000 (241), -1138.00000 (143), -1138.00000 (37), -1138.00000 (318), -1138.00000 (242), -1138.00000 (366), -1138.00000 (424), -1138.00000 (119), -1138.00000 (38), -1138.00000 (281), -1138.00000 (281), -1138.00000 (38), -1138.00000 (188), -1138.00000 (423), -1138.00000 (119), -1138.00000 (367), -1138.00000 (318), -1138.00000 (38), -1138.00000 (241), -1138.00000 (120), 
Length of domains: 57128
Current (lb-rhs): -1138.0
114172 domains visited
Time: pickout 0.0499    decision 0.3293    set_bounds 0.0049    solve 0.6397    add 0.0449    
Accumulated time: pickout 13.7070    decision 117.1481    set_bounds 4.5845    solve 288.4823    add 33.1090    
Cumulative time: 457.85738158226013

BaB round 448
batch: 128
splitting decisions: 
split level 0: [/49, 1759] [/49, 3620] [/49, 2942] [/49, 121] [/49, 4945] [/49, 4112] [/49, 3605] [/49, 745] [/49, 6325] [/49, 7000] 
best_l after optimization: -266309.5
beta sum per layer: [0.0, 129.1314697265625, 62.47306823730469, 4.640661239624023]
alpha/beta optimization time: 0.4634077548980713
pruning_in_iteration open status: False
ratio of positive domain = 0 / 256 = 0.0
pruning-in-iteration extra time: 3.647804260253906e-05
torch.Size([256, 1])
Time: prepare 0.0127    bound 0.4648    transfer 0.0041    finalize 0.5740    func 1.0557    
Accumulated time: func 289.2389    prepare 6.6829    bound 270.0862    transfer 2.5813    finalize 13.9001    
max lb tensor(-934.) min lb tensor(-1138.)
Number of Verified Splits: 0 of 256
Current worst splitting domains lb-rhs (depth):
-1138.00000 (176), -1138.00000 (12), -1138.00000 (175), -1138.00000 (94), -1138.00000 (286), -1138.00000 (137), -1138.00000 (224), -1138.00000 (292), -1138.00000 (444), -1138.00000 (245), -1138.00000 (175), -1138.00000 (65), -1138.00000 (359), -1138.00000 (27), -1138.00000 (259), -1138.00000 (417), -1138.00000 (379), -1138.00000 (294), -1138.00000 (95), -1138.00000 (137), 
Length of domains: 57256
Current (lb-rhs): -1138.0
114428 domains visited
Time: pickout 0.0503    decision 0.3721    set_bounds 0.0124    solve 1.0562    add 0.0410    
Accumulated time: pickout 13.7573    decision 117.5202    set_bounds 4.5968    solve 289.5385    add 33.1500    
Cumulative time: 459.39258790016174

BaB round 449
batch: 128
splitting decisions: 
split level 0: [/55, 927] [/49, 1759] [/49, 409] [/55, 1360] [/49, 8870] [/49, 56] [/49, 6502] [/49, 3451] [/49, 4454] [/55, 112] 
best_l after optimization: -266310.125
beta sum per layer: [0.0, 145.75831604003906, 59.2181510925293, 4.69112491607666]
alpha/beta optimization time: 0.3910231590270996
pruning_in_iteration open status: False
ratio of positive domain = 0 / 256 = 0.0
pruning-in-iteration extra time: 3.528594970703125e-05
torch.Size([256, 1])
Time: prepare 0.0184    bound 0.3924    transfer 0.0043    finalize 0.0362    func 0.4513    
Accumulated time: func 289.6902    prepare 6.7038    bound 270.4787    transfer 2.5856    finalize 13.9363    
max lb tensor(-934.) min lb tensor(-1138.)
Number of Verified Splits: 0 of 256
Current worst splitting domains lb-rhs (depth):
-1138.00000 (263), -1138.00000 (157), -1138.00000 (228), -1138.00000 (77), -1138.00000 (157), -1138.00000 (342), -1138.00000 (77), -1138.00000 (398), -1138.00000 (271), -1138.00000 (157), -1138.00000 (342), -1138.00000 (428), -1138.00000 (158), -1138.00000 (15), -1138.00000 (292), -1138.00000 (342), -1138.00000 (76), -1138.00000 (158), -1138.00000 (341), -1138.00000 (399), 
Length of domains: 57384
Current (lb-rhs): -1138.0
114684 domains visited
Time: pickout 0.0483    decision 0.4133    set_bounds 0.0124    solve 0.4519    add 0.0503    
Accumulated time: pickout 13.8056    decision 117.9336    set_bounds 4.6093    solve 289.9904    add 33.2003    
Cumulative time: 460.37032985687256

BaB round 450
batch: 128
splitting decisions: 
split level 0: [/55, 1387] [/49, 84] [/55, 968] [/49, 8703] [/49, 4464] [/55, 1393] [/49, 6478] [/49, 4283] [/49, 6324] [/49, 3605] 
best_l after optimization: -266310.4375
beta sum per layer: [0.0, 126.95220947265625, 69.6522216796875, 4.437933921813965]
alpha/beta optimization time: 0.3667452335357666
pruning_in_iteration open status: False
ratio of positive domain = 0 / 256 = 0.0
pruning-in-iteration extra time: 4.482269287109375e-05
torch.Size([256, 1])
Time: prepare 0.0052    bound 0.3681    transfer 0.0058    finalize 0.0291    func 0.4083    
Accumulated time: func 290.0985    prepare 6.7101    bound 270.8468    transfer 2.5914    finalize 13.9654    
max lb tensor(-934.) min lb tensor(-1138.)
Number of Verified Splits: 0 of 256
Current worst splitting domains lb-rhs (depth):
-1138.00000 (332), -1138.00000 (152), -1138.00000 (231), -1138.00000 (419), -1138.00000 (64), -1138.00000 (332), -1138.00000 (281), -1138.00000 (392), -1138.00000 (305), -1138.00000 (230), -1138.00000 (175), -1138.00000 (116), -1138.00000 (65), -1138.00000 (230), -1138.00000 (419), -1138.00000 (17), -1138.00000 (444), -1138.00000 (65), -1138.00000 (361), -1138.00000 (230), 
Length of domains: 57512
Current (lb-rhs): -1138.0
114940 domains visited
Time: pickout 0.0413    decision 0.1331    set_bounds 0.0094    solve 0.4088    add 0.0438    
Accumulated time: pickout 13.8469    decision 118.0667    set_bounds 4.6186    solve 290.3992    add 33.2441    
Cumulative time: 461.00835156440735

BaB round 451
batch: 128
splitting decisions: 
split level 0: [/49, 7663] [/49, 8348] [/49, 7178] [/49, 587] [/49, 5309] [/49, 10367] [/49, 8314] [/49, 8508] [/49, 3436] [/49, 10392] 
best_l after optimization: -266319.4375
beta sum per layer: [0.0, 126.9273910522461, 69.04434967041016, 4.316064834594727]
alpha/beta optimization time: 0.36575841903686523
pruning_in_iteration open status: False
ratio of positive domain = 0 / 256 = 0.0
pruning-in-iteration extra time: 3.838539123535156e-05
torch.Size([256, 1])
Time: prepare 0.0055    bound 0.3672    transfer 0.0043    finalize 0.0294    func 0.4064    
Accumulated time: func 290.5049    prepare 6.7168    bound 271.2140    transfer 2.5956    finalize 13.9949    
max lb tensor(-934.) min lb tensor(-1138.)
Number of Verified Splits: 0 of 256
Current worst splitting domains lb-rhs (depth):
-1138.00000 (10), -1138.00000 (417), -1138.00000 (138), -1138.00000 (90), -1138.00000 (391), -1138.00000 (15), -1138.00000 (215), -1138.00000 (279), -1138.00000 (188), -1138.00000 (438), -1138.00000 (357), -1138.00000 (53), -1138.00000 (272), -1138.00000 (331), -1138.00000 (378), -1138.00000 (109), -1138.00000 (303), -1138.00000 (90), -1138.00000 (215), -1138.00000 (322), 
Length of domains: 57640
Current (lb-rhs): -1138.0
115196 domains visited
Time: pickout 0.0423    decision 0.1350    set_bounds 0.0045    solve 0.4122    add 0.0433    
Accumulated time: pickout 13.8892    decision 118.2017    set_bounds 4.6231    solve 290.8114    add 33.2874    
Cumulative time: 461.647243976593

BaB round 452
batch: 128
splitting decisions: 
split level 0: [/55, 238] [/49, 8350] [/55, 67] [/49, 3491] [/49, 8868] [/49, 8001] [/49, 10380] [/49, 3294] [/49, 4318] [/49, 4985] 
best_l after optimization: -266319.5625
beta sum per layer: [0.0, 132.78125, 67.09507751464844, 4.22803258895874]
alpha/beta optimization time: 0.37190675735473633
pruning_in_iteration open status: False
ratio of positive domain = 0 / 256 = 0.0
pruning-in-iteration extra time: 3.838539123535156e-05
torch.Size([256, 1])
Time: prepare 0.0053    bound 0.3733    transfer 0.0041    finalize 0.0184    func 0.4012    
Accumulated time: func 290.9062    prepare 6.7233    bound 271.5873    transfer 2.5997    finalize 14.0133    
max lb tensor(-934.) min lb tensor(-1138.)
Number of Verified Splits: 0 of 256
Current worst splitting domains lb-rhs (depth):
-1138.00000 (195), -1138.00000 (395), -1138.00000 (416), -1138.00000 (16), -1138.00000 (366), -1138.00000 (254), -1138.00000 (306), -1138.00000 (283), -1138.00000 (322), -1138.00000 (159), -1138.00000 (44), -1138.00000 (391), -1138.00000 (432), -1138.00000 (141), -1138.00000 (352), -1138.00000 (221), -1138.00000 (446), -1138.00000 (98), -1138.00000 (254), -1138.00000 (16), 
Length of domains: 57768
Current (lb-rhs): -1138.0
115452 domains visited
Time: pickout 0.0413    decision 0.1354    set_bounds 0.0045    solve 0.4017    add 0.0409    
Accumulated time: pickout 13.9305    decision 118.3371    set_bounds 4.6276    solve 291.2131    add 33.3283    
Cumulative time: 462.2744538784027

BaB round 453
batch: 128
splitting decisions: 
split level 0: [/49, 10028] [/49, 4116] [/49, 3954] [/49, 8686] [/49, 9508] [/49, 4140] [/55, 1163] [/49, 8690] [/49, 4657] [/49, 422] 
best_l after optimization: -266321.375
beta sum per layer: [0.0, 130.51385498046875, 69.14568328857422, 4.170202255249023]
alpha/beta optimization time: 0.370863676071167
pruning_in_iteration open status: False
ratio of positive domain = 0 / 256 = 0.0
pruning-in-iteration extra time: 0.00014090538024902344
torch.Size([256, 1])
Time: prepare 0.0054    bound 0.3724    transfer 0.0050    finalize 0.0373    func 0.4202    
Accumulated time: func 291.3264    prepare 6.7299    bound 271.9597    transfer 2.6047    finalize 14.0506    
max lb tensor(-934.) min lb tensor(-1138.)
Number of Verified Splits: 0 of 256
Current worst splitting domains lb-rhs (depth):
-1138.00000 (210), -1138.00000 (40), -1138.00000 (209), -1138.00000 (108), -1138.00000 (445), -1138.00000 (209), -1138.00000 (309), -1138.00000 (380), -1138.00000 (108), -1138.00000 (210), -1138.00000 (16), -1138.00000 (309), -1138.00000 (210), -1138.00000 (108), -1138.00000 (381), -1138.00000 (107), -1138.00000 (310), -1138.00000 (381), -1138.00000 (309), -1138.00000 (40), 
Length of domains: 57896
Current (lb-rhs): -1138.0
115708 domains visited
Time: pickout 0.0412    decision 0.1337    set_bounds 0.0109    solve 0.4207    add 0.0513    
Accumulated time: pickout 13.9717    decision 118.4708    set_bounds 4.6385    solve 291.6338    add 33.3796    
Cumulative time: 462.9339303970337

BaB round 454
batch: 128
splitting decisions: 
split level 0: [/49, 4649] [/49, 4114] [/49, 9518] [/49, 4140] [/49, 10547] [/49, 4334] [/55, 1166] [/49, 5323] [/55, 574] [/49, 9520] 
best_l after optimization: -266322.71875
beta sum per layer: [0.0, 137.3003387451172, 67.96098327636719, 4.33205509185791]
alpha/beta optimization time: 0.36963391304016113
pruning_in_iteration open status: False
ratio of positive domain = 0 / 256 = 0.0
pruning-in-iteration extra time: 3.886222839355469e-05
torch.Size([256, 1])
Time: prepare 0.0055    bound 0.3711    transfer 0.0048    finalize 0.0226    func 0.4040    
Accumulated time: func 291.7304    prepare 6.7366    bound 272.3308    transfer 2.6095    finalize 14.0733    
max lb tensor(-934.) min lb tensor(-1138.)
Number of Verified Splits: 0 of 256
Current worst splitting domains lb-rhs (depth):
-1138.00000 (369), -1138.00000 (167), -1138.00000 (259), -1138.00000 (212), -1138.00000 (451), -1138.00000 (149), -1138.00000 (31), -1138.00000 (108), -1138.00000 (64), -1138.00000 (10), -1138.00000 (358), -1138.00000 (212), -1138.00000 (445), -1138.00000 (23), -1138.00000 (16), -1138.00000 (321), -1138.00000 (289), -1138.00000 (149), -1138.00000 (64), -1138.00000 (310), 
Length of domains: 58024
Current (lb-rhs): -1138.0
115964 domains visited
Time: pickout 0.0442    decision 0.1349    set_bounds 0.0045    solve 0.4115    add 0.0481    
Accumulated time: pickout 14.0160    decision 118.6057    set_bounds 4.6430    solve 292.0453    add 33.4277    
Cumulative time: 463.5807831287384

BaB round 455
batch: 128
splitting decisions: 
split level 0: [/49, 6649] [/55, 425] [/49, 8508] [/49, 4163] [/49, 6141] [/55, 1242] [/49, 10547] [/49, 4632] [/49, 4294] [/49, 9027] 
best_l after optimization: -266326.6875
beta sum per layer: [0.0, 135.84657287597656, 67.7516860961914, 4.838430404663086]
alpha/beta optimization time: 0.3664889335632324
pruning_in_iteration open status: False
ratio of positive domain = 0 / 256 = 0.0
pruning-in-iteration extra time: 0.0001220703125
torch.Size([256, 1])
Time: prepare 0.0054    bound 0.3680    transfer 0.0041    finalize 0.0363    func 0.4137    
Accumulated time: func 292.1441    prepare 6.7431    bound 272.6987    transfer 2.6136    finalize 14.1095    
max lb tensor(-934.) min lb tensor(-1138.)
Number of Verified Splits: 0 of 256
Current worst splitting domains lb-rhs (depth):
-1138.00000 (197), -1138.00000 (31), -1138.00000 (320), -1138.00000 (16), -1138.00000 (382), -1138.00000 (197), -1138.00000 (64), -1138.00000 (413), -1138.00000 (286), -1138.00000 (357), -1138.00000 (236), -1138.00000 (10), -1138.00000 (145), -1138.00000 (293), -1138.00000 (145), -1138.00000 (177), -1138.00000 (108), -1138.00000 (334), -1138.00000 (95), -1138.00000 (64), 
Length of domains: 58152
Current (lb-rhs): -1138.0
116220 domains visited
Time: pickout 0.0460    decision 0.1347    set_bounds 0.0044    solve 0.4142    add 0.0482    
Accumulated time: pickout 14.0620    decision 118.7404    set_bounds 4.6475    solve 292.4595    add 33.4760    
Cumulative time: 464.23016905784607

BaB round 456
batch: 128
splitting decisions: 
split level 0: [/49, 4622] [/49, 6311] [/49, 3450] [/49, 7543] [/49, 10196] [/49, 590] [/49, 591] [/55, 1287] [/49, 4307] [/49, 4972] 
best_l after optimization: -266324.1875
beta sum per layer: [0.0, 133.28900146484375, 70.87167358398438, 4.273425579071045]
alpha/beta optimization time: 0.3691132068634033
pruning_in_iteration open status: False
ratio of positive domain = 0 / 256 = 0.0
pruning-in-iteration extra time: 3.933906555175781e-05
torch.Size([256, 1])
Time: prepare 0.0056    bound 0.3705    transfer 0.0044    finalize 0.0192    func 0.3998    
Accumulated time: func 292.5439    prepare 6.7499    bound 273.0693    transfer 2.6179    finalize 14.1287    
max lb tensor(-934.) min lb tensor(-1138.)
Number of Verified Splits: 0 of 256
Current worst splitting domains lb-rhs (depth):
-1138.00000 (103), -1138.00000 (432), -1138.00000 (405), -1138.00000 (102), -1138.00000 (276), -1138.00000 (307), -1138.00000 (102), -1138.00000 (192), -1138.00000 (50), -1138.00000 (405), -1138.00000 (11), -1138.00000 (358), -1138.00000 (192), -1138.00000 (345), -1138.00000 (453), -1138.00000 (218), -1138.00000 (405), -1138.00000 (103), -1138.00000 (237), -1138.00000 (191), 
Length of domains: 58280
Current (lb-rhs): -1138.0
116476 domains visited
Time: pickout 0.0444    decision 0.1342    set_bounds 0.0107    solve 0.4003    add 0.0402    
Accumulated time: pickout 14.1064    decision 118.8746    set_bounds 4.6581    solve 292.8598    add 33.5161    
Cumulative time: 464.86323070526123

BaB round 457
batch: 128
splitting decisions: 
split level 0: [/49, 10041] [/49, 9518] [/49, 1744] [/49, 1628] [/49, 3101] [/49, 6336] [/49, 4986] [/49, 4619] [/49, 3460] [/49, 9182] 
best_l after optimization: -266329.4375
beta sum per layer: [0.0, 142.08473205566406, 67.49897003173828, 4.58675479888916]
alpha/beta optimization time: 0.38329601287841797
pruning_in_iteration open status: False
ratio of positive domain = 0 / 256 = 0.0
pruning-in-iteration extra time: 0.00012874603271484375
torch.Size([256, 1])
Time: prepare 0.0053    bound 0.3848    transfer 0.0043    finalize 0.0359    func 0.4303    
Accumulated time: func 292.9742    prepare 6.7564    bound 273.4540    transfer 2.6222    finalize 14.1646    
max lb tensor(-934.) min lb tensor(-1138.)
Number of Verified Splits: 0 of 256
Current worst splitting domains lb-rhs (depth):
-1138.00000 (220), -1138.00000 (121), -1138.00000 (375), -1138.00000 (220), -1138.00000 (121), -1138.00000 (376), -1138.00000 (21), -1138.00000 (120), -1138.00000 (276), -1138.00000 (306), -1138.00000 (445), -1138.00000 (120), -1138.00000 (376), -1138.00000 (306), -1138.00000 (120), -1138.00000 (262), -1138.00000 (376), -1138.00000 (122), -1138.00000 (374), -1138.00000 (21), 
Length of domains: 58408
Current (lb-rhs): -1138.0
116732 domains visited
Time: pickout 0.0423    decision 0.1376    set_bounds 0.0044    solve 0.4364    add 0.0479    
Accumulated time: pickout 14.1487    decision 119.0122    set_bounds 4.6625    solve 293.2962    add 33.5641    
Cumulative time: 465.5336067676544

BaB round 458
batch: 128
splitting decisions: 
split level 0: [/49, 2268] [/49, 9184] [/49, 1761] [/49, 3785] [/49, 4984] [/55, 707] [/49, 7347] [/55, 960] [/49, 6309] [/49, 1746] 
best_l after optimization: -266330.46875
beta sum per layer: [0.0, 144.83836364746094, 68.52015686035156, 4.611974716186523]
alpha/beta optimization time: 0.371640682220459
pruning_in_iteration open status: False
ratio of positive domain = 0 / 256 = 0.0
pruning-in-iteration extra time: 4.00543212890625e-05
torch.Size([256, 1])
Time: prepare 0.0054    bound 0.3730    transfer 0.0048    finalize 0.0197    func 0.4030    
Accumulated time: func 293.3772    prepare 6.7630    bound 273.8271    transfer 2.6271    finalize 14.1843    
max lb tensor(-934.) min lb tensor(-1138.)
Number of Verified Splits: 0 of 256
Current worst splitting domains lb-rhs (depth):
-1138.00000 (196), -1138.00000 (236), -1138.00000 (162), -1138.00000 (138), -1138.00000 (44), -1138.00000 (117), -1138.00000 (344), -1138.00000 (370), -1138.00000 (297), -1138.00000 (291), -1138.00000 (89), -1138.00000 (223), -1138.00000 (70), -1138.00000 (424), -1138.00000 (35), -1138.00000 (337), -1138.00000 (11), -1138.00000 (400), -1138.00000 (308), -1138.00000 (139), 
Length of domains: 58536
Current (lb-rhs): -1138.0
116988 domains visited
Time: pickout 0.0420    decision 0.1378    set_bounds 0.0045    solve 0.4036    add 0.0415    
Accumulated time: pickout 14.1907    decision 119.1500    set_bounds 4.6670    solve 293.6998    add 33.6055    
Cumulative time: 466.16624760627747

BaB round 459
batch: 128
splitting decisions: 
split level 0: [/49, 5477] [/49, 1588] [/49, 5660] [/49, 1813] [/55, 29] [/49, 1748] [/49, 4982] [/49, 1240] [/49, 8387] [/49, 1759] 
best_l after optimization: -266332.6875
beta sum per layer: [0.0, 145.88412475585938, 67.90740966796875, 4.459201812744141]
alpha/beta optimization time: 0.36171388626098633
pruning_in_iteration open status: False
ratio of positive domain = 0 / 256 = 0.0
pruning-in-iteration extra time: 3.600120544433594e-05
torch.Size([256, 1])
Time: prepare 0.0053    bound 0.3631    transfer 0.0039    finalize 0.0359    func 0.4083    
Accumulated time: func 293.7855    prepare 6.7695    bound 274.1902    transfer 2.6310    finalize 14.2202    
max lb tensor(-934.) min lb tensor(-1138.)
Number of Verified Splits: 0 of 256
Current worst splitting domains lb-rhs (depth):
-1138.00000 (66), -1138.00000 (55), -1138.00000 (22), -1138.00000 (230), -1138.00000 (30), -1138.00000 (284), -1138.00000 (82), -1138.00000 (205), -1138.00000 (16), -1138.00000 (416), -1138.00000 (105), -1138.00000 (275), -1138.00000 (242), -1138.00000 (298), -1138.00000 (220), -1138.00000 (428), -1138.00000 (10), -1138.00000 (424), -1138.00000 (210), -1138.00000 (172), 
Length of domains: 58664
Current (lb-rhs): -1138.0
117244 domains visited
Time: pickout 0.0411    decision 0.1347    set_bounds 0.0095    solve 0.4087    add 0.0487    
Accumulated time: pickout 14.2318    decision 119.2846    set_bounds 4.6766    solve 294.1085    add 33.6542    
Cumulative time: 466.8107523918152

BaB round 460
batch: 128
splitting decisions: 
split level 0: [/49, 10029] [/49, 7182] [/49, 4294] [/49, 5012] [/49, 29] [/49, 8508] [/55, 277] [/49, 10367] [/55, 1295] [/49, 71] 
best_l after optimization: -266332.0625
beta sum per layer: [0.0, 148.49282836914062, 68.95005798339844, 4.450281143188477]
alpha/beta optimization time: 0.36111950874328613
pruning_in_iteration open status: False
ratio of positive domain = 0 / 256 = 0.0
pruning-in-iteration extra time: 3.647804260253906e-05
torch.Size([256, 1])
Time: prepare 0.0052    bound 0.3625    transfer 0.0040    finalize 0.0183    func 0.3900    
Accumulated time: func 294.1755    prepare 6.7757    bound 274.5527    transfer 2.6350    finalize 14.2385    
max lb tensor(-934.) min lb tensor(-1138.)
Number of Verified Splits: 0 of 256
Current worst splitting domains lb-rhs (depth):
-1138.00000 (401), -1138.00000 (28), -1138.00000 (295), -1138.00000 (77), -1138.00000 (315), -1138.00000 (118), -1138.00000 (242), -1138.00000 (282), -1138.00000 (308), -1138.00000 (448), -1138.00000 (354), -1138.00000 (422), -1138.00000 (163), -1138.00000 (208), -1138.00000 (336), -1138.00000 (77), -1138.00000 (242), -1138.00000 (118), -1138.00000 (336), -1138.00000 (29), 
Length of domains: 58792
Current (lb-rhs): -1138.0
117500 domains visited
Time: pickout 0.0429    decision 0.1328    set_bounds 0.0043    solve 0.3956    add 0.0383    
Accumulated time: pickout 14.2747    decision 119.4175    set_bounds 4.6809    solve 294.5041    add 33.6925    
Cumulative time: 467.42900681495667

BaB round 461
batch: 128
splitting decisions: 
split level 0: [/55, 451] [/49, 3111] [/49, 420] [/49, 3642] [/49, 8506] [/55, 1524] [/55, 142] [/49, 9522] [/49, 95] [/55, 930] 
best_l after optimization: -266336.375
beta sum per layer: [0.0, 153.8191680908203, 67.67828369140625, 4.548357009887695]
alpha/beta optimization time: 0.35994553565979004
pruning_in_iteration open status: False
ratio of positive domain = 0 / 256 = 0.0
pruning-in-iteration extra time: 4.124641418457031e-05
torch.Size([256, 1])
Time: prepare 0.0059    bound 0.3615    transfer 0.0045    finalize 0.0378    func 0.4098    
Accumulated time: func 294.5853    prepare 6.7829    bound 274.9142    transfer 2.6395    finalize 14.2763    
max lb tensor(-934.) min lb tensor(-1138.)
Number of Verified Splits: 0 of 256
Current worst splitting domains lb-rhs (depth):
-1138.00000 (104), -1138.00000 (248), -1138.00000 (231), -1138.00000 (12), -1138.00000 (391), -1138.00000 (176), -1138.00000 (105), -1138.00000 (444), -1138.00000 (29), -1138.00000 (290), -1138.00000 (340), -1138.00000 (177), -1138.00000 (104), -1138.00000 (391), -1138.00000 (341), -1138.00000 (391), -1138.00000 (177), -1138.00000 (104), -1138.00000 (340), -1138.00000 (248), 
Length of domains: 58920
Current (lb-rhs): -1138.0
117756 domains visited
Time: pickout 0.0420    decision 0.1388    set_bounds 0.0049    solve 0.4103    add 0.0488    
Accumulated time: pickout 14.3167    decision 119.5563    set_bounds 4.6858    solve 294.9144    add 33.7414    
Cumulative time: 468.0753273963928

BaB round 462
batch: 128
splitting decisions: 
split level 0: [/49, 734] [/49, 7000] [/49, 407] [/49, 3473] [/49, 3424] [/49, 10419] [/49, 4609] [/49, 5633] [/55, 450] [/49, 3618] 
best_l after optimization: -266335.125
beta sum per layer: [0.0, 150.26121520996094, 68.08525085449219, 4.607898712158203]
alpha/beta optimization time: 0.3607635498046875
pruning_in_iteration open status: False
ratio of positive domain = 0 / 256 = 0.0
pruning-in-iteration extra time: 7.772445678710938e-05
torch.Size([256, 1])
Time: prepare 0.0052    bound 0.3621    transfer 0.0041    finalize 0.0182    func 0.3897    
Accumulated time: func 294.9749    prepare 6.7892    bound 275.2763    transfer 2.6436    finalize 14.2945    
max lb tensor(-934.) min lb tensor(-1138.)
Number of Verified Splits: 0 of 256
Current worst splitting domains lb-rhs (depth):
-1138.00000 (107), -1138.00000 (108), -1138.00000 (55), -1138.00000 (142), -1138.00000 (362), -1138.00000 (195), -1138.00000 (225), -1138.00000 (436), -1138.00000 (28), -1138.00000 (257), -1138.00000 (408), -1138.00000 (142), -1138.00000 (323), -1138.00000 (73), -1138.00000 (390), -1138.00000 (279), -1138.00000 (195), -1138.00000 (347), -1138.00000 (390), -1138.00000 (450), 
Length of domains: 59048
Current (lb-rhs): -1138.0
118012 domains visited
Time: pickout 0.0423    decision 0.1320    set_bounds 0.0091    solve 0.3901    add 0.0391    
Accumulated time: pickout 14.3590    decision 119.6883    set_bounds 4.6949    solve 295.3045    add 33.7804    
Cumulative time: 468.6916518211365

BaB round 463
batch: 128
splitting decisions: 
split level 0: [/49, 5453] [/49, 3945] [/49, 914] [/49, 6533] [/49, 3787] [/49, 1905] [/49, 5101] [/49, 7507] [/49, 8001] [/49, 8337] 
best_l after optimization: -266340.1875
beta sum per layer: [0.0, 155.50064086914062, 68.9629135131836, 4.363266944885254]
alpha/beta optimization time: 0.366302490234375
pruning_in_iteration open status: False
ratio of positive domain = 0 / 256 = 0.0
pruning-in-iteration extra time: 4.029273986816406e-05
torch.Size([256, 1])
Time: prepare 0.0052    bound 0.3677    transfer 0.0056    finalize 0.0383    func 0.4168    
Accumulated time: func 295.3917    prepare 6.7956    bound 275.6440    transfer 2.6492    finalize 14.3327    
max lb tensor(-934.) min lb tensor(-1138.)
Number of Verified Splits: 0 of 256
Current worst splitting domains lb-rhs (depth):
-1138.00000 (168), -1138.00000 (365), -1138.00000 (211), -1138.00000 (100), -1138.00000 (414), -1138.00000 (293), -1138.00000 (378), -1138.00000 (333), -1138.00000 (318), -1138.00000 (175), -1138.00000 (75), -1138.00000 (138), -1138.00000 (33), -1138.00000 (247), -1138.00000 (265), -1138.00000 (280), -1138.00000 (212), -1138.00000 (74), -1138.00000 (344), -1138.00000 (189), 
Length of domains: 59176
Current (lb-rhs): -1138.0
118268 domains visited
Time: pickout 0.0417    decision 0.1331    set_bounds 0.0044    solve 0.4234    add 0.0516    
Accumulated time: pickout 14.4007    decision 119.8214    set_bounds 4.6993    solve 295.7279    add 33.8321    
Cumulative time: 469.3476197719574

BaB round 464
batch: 128
splitting decisions: 
split level 0: [/49, 5479] [/49, 1939] [/55, 1281] [/49, 8387] [/49, 420] [/55, 1263] [/49, 6493] [/49, 9027] [/49, 10392] [/49, 3112] 
best_l after optimization: -266339.875
beta sum per layer: [0.0, 154.01651000976562, 68.73432922363281, 4.3801727294921875]
alpha/beta optimization time: 0.43419885635375977
pruning_in_iteration open status: False
ratio of positive domain = 0 / 256 = 0.0
pruning-in-iteration extra time: 3.8623809814453125e-05
torch.Size([256, 1])
Time: prepare 0.0054    bound 0.4356    transfer 0.0049    finalize 0.0202    func 0.4662    
Accumulated time: func 295.8579    prepare 6.8024    bound 276.0796    transfer 2.6541    finalize 14.3530    
max lb tensor(-934.) min lb tensor(-1138.)
Number of Verified Splits: 0 of 256
Current worst splitting domains lb-rhs (depth):
-1138.00000 (304), -1138.00000 (231), -1138.00000 (37), -1138.00000 (249), -1138.00000 (346), -1138.00000 (415), -1138.00000 (447), -1138.00000 (405), -1138.00000 (117), -1138.00000 (198), -1138.00000 (363), -1138.00000 (308), -1138.00000 (98), -1138.00000 (142), -1138.00000 (142), -1138.00000 (321), -1138.00000 (38), -1138.00000 (79), -1138.00000 (257), -1138.00000 (198), 
Length of domains: 59304
Current (lb-rhs): -1138.0
118524 domains visited
Time: pickout 0.0436    decision 0.1472    set_bounds 0.0045    solve 0.4668    add 0.0449    
Accumulated time: pickout 14.4443    decision 119.9686    set_bounds 4.7039    solve 296.1947    add 33.8770    
Cumulative time: 470.05818223953247

BaB round 465
batch: 128
splitting decisions: 
split level 0: [/49, 2112] [/49, 7507] [/49, 1240] [/49, 8363] [/55, 958] [/49, 3789] [/49, 2099] [/55, 25] [/49, 9545] [/49, 9352] 
best_l after optimization: -266343.5625
beta sum per layer: [0.0, 159.32217407226562, 68.52975463867188, 4.701562881469727]
alpha/beta optimization time: 0.3838505744934082
pruning_in_iteration open status: False
ratio of positive domain = 0 / 256 = 0.0
pruning-in-iteration extra time: 4.1484832763671875e-05
torch.Size([256, 1])
Time: prepare 0.0055    bound 0.3853    transfer 0.0043    finalize 0.0355    func 0.4306    
Accumulated time: func 296.2885    prepare 6.8091    bound 276.4649    transfer 2.6584    finalize 14.3885    
max lb tensor(-934.) min lb tensor(-1138.)
Number of Verified Splits: 0 of 256
Current worst splitting domains lb-rhs (depth):
-1138.00000 (213), -1138.00000 (144), -1138.00000 (383), -1138.00000 (338), -1138.00000 (23), -1138.00000 (270), -1138.00000 (422), -1138.00000 (101), -1138.00000 (122), -1138.00000 (45), -1138.00000 (359), -1138.00000 (12), -1138.00000 (300), -1138.00000 (196), -1138.00000 (156), -1138.00000 (367), -1138.00000 (331), -1138.00000 (186), -1138.00000 (66), -1138.00000 (436), 
Length of domains: 59432
Current (lb-rhs): -1138.0
118780 domains visited
Time: pickout 0.0467    decision 0.1379    set_bounds 0.0099    solve 0.4311    add 0.0472    
Accumulated time: pickout 14.4910    decision 120.1064    set_bounds 4.7137    solve 296.6258    add 33.9242    
Cumulative time: 470.7325382232666

BaB round 466
batch: 128
splitting decisions: 
split level 0: [/49, 4294] [/49, 80] [/49, 10535] [/49, 8027] [/49, 4605] [/49, 1761] [/49, 3789] [/49, 5465] [/49, 5670] [/49, 9028] 
best_l after optimization: -266347.1875
beta sum per layer: [0.0, 163.60601806640625, 69.02378845214844, 4.393167495727539]
alpha/beta optimization time: 0.36391472816467285
pruning_in_iteration open status: False
ratio of positive domain = 0 / 256 = 0.0
pruning-in-iteration extra time: 4.029273986816406e-05
torch.Size([256, 1])
Time: prepare 0.0053    bound 0.3653    transfer 0.0041    finalize 0.0182    func 0.3929    
Accumulated time: func 296.6815    prepare 6.8312    bound 276.8302    transfer 2.6624    finalize 14.4067    
max lb tensor(-934.) min lb tensor(-1138.)
Number of Verified Splits: 0 of 256
Current worst splitting domains lb-rhs (depth):
-1138.00000 (218), -1138.00000 (380), -1138.00000 (29), -1138.00000 (355), -1138.00000 (76), -1138.00000 (295), -1138.00000 (429), -1138.00000 (115), -1138.00000 (12), -1138.00000 (169), -1138.00000 (217), -1138.00000 (75), -1138.00000 (275), -1138.00000 (355), -1138.00000 (217), -1138.00000 (169), -1138.00000 (115), -1138.00000 (380), -1138.00000 (75), -1138.00000 (429), 
Length of domains: 59560
Current (lb-rhs): -1138.0
119036 domains visited
Time: pickout 0.0439    decision 0.3943    set_bounds 0.0045    solve 0.3989    add 0.0413    
Accumulated time: pickout 14.5349    decision 120.5008    set_bounds 4.7182    solve 297.0247    add 33.9655    
Cumulative time: 471.6187870502472

BaB round 467
batch: 128
splitting decisions: 
split level 0: [/49, 4647] [/49, 3432] [/55, 504] [/49, 8738] [/55, 37] [/49, 3608] [/49, 1409] [/49, 3605] [/49, 3473] [/49, 8000] 
best_l after optimization: -266344.125
beta sum per layer: [0.0, 170.6988983154297, 67.98613739013672, 4.484601974487305]
alpha/beta optimization time: 0.3671138286590576
pruning_in_iteration open status: False
ratio of positive domain = 0 / 256 = 0.0
pruning-in-iteration extra time: 9.655952453613281e-05
torch.Size([256, 1])
Time: prepare 0.0053    bound 0.3685    transfer 0.0042    finalize 0.0352    func 0.4133    
Accumulated time: func 297.0948    prepare 6.8376    bound 277.1987    transfer 2.6667    finalize 14.4419    
max lb tensor(-934.) min lb tensor(-1138.)
Number of Verified Splits: 0 of 256
Current worst splitting domains lb-rhs (depth):
-1138.00000 (99), -1138.00000 (447), -1138.00000 (265), -1138.00000 (13), -1138.00000 (344), -1138.00000 (248), -1138.00000 (278), -1138.00000 (179), -1138.00000 (78), -1138.00000 (276), -1138.00000 (125), -1138.00000 (302), -1138.00000 (383), -1138.00000 (33), -1138.00000 (180), -1138.00000 (401), -1138.00000 (215), -1138.00000 (320), -1138.00000 (415), -1138.00000 (179), 
Length of domains: 59688
Current (lb-rhs): -1138.0
119292 domains visited
Time: pickout 0.0422    decision 0.1348    set_bounds 0.0045    solve 0.4138    add 0.0472    
Accumulated time: pickout 14.5770    decision 120.6355    set_bounds 4.7227    solve 297.4385    add 34.0126    
Cumulative time: 472.2627544403076

BaB round 468
batch: 128
splitting decisions: 
split level 0: [/49, 7168] [/49, 9547] [/49, 238] [/49, 4336] [/49, 3579] [/55, 1117] [/49, 73] [/49, 756] [/49, 94] [/55, 1563] 
best_l after optimization: -266348.40625
beta sum per layer: [0.0, 171.7353515625, 67.2520751953125, 4.584425449371338]
alpha/beta optimization time: 0.3609747886657715
pruning_in_iteration open status: False
ratio of positive domain = 0 / 256 = 0.0
pruning-in-iteration extra time: 4.00543212890625e-05
torch.Size([256, 1])
Time: prepare 0.0054    bound 0.3624    transfer 0.0041    finalize 0.0194    func 0.3913    
Accumulated time: func 297.4861    prepare 6.8442    bound 277.5611    transfer 2.6707    finalize 14.4614    
max lb tensor(-934.) min lb tensor(-1138.)
Number of Verified Splits: 0 of 256
Current worst splitting domains lb-rhs (depth):
-1138.00000 (320), -1138.00000 (288), -1138.00000 (246), -1138.00000 (166), -1138.00000 (342), -1138.00000 (101), -1138.00000 (329), -1138.00000 (167), -1138.00000 (383), -1138.00000 (430), -1138.00000 (167), -1138.00000 (418), -1138.00000 (246), -1138.00000 (101), -1138.00000 (31), -1138.00000 (15), -1138.00000 (317), -1138.00000 (167), -1138.00000 (383), -1138.00000 (56), 
Length of domains: 59816
Current (lb-rhs): -1138.0
119548 domains visited
Time: pickout 0.0419    decision 0.1333    set_bounds 0.0101    solve 0.3918    add 0.0434    
Accumulated time: pickout 14.6189    decision 120.7688    set_bounds 4.7327    solve 297.8303    add 34.0561    
Cumulative time: 472.88665413856506

BaB round 469
batch: 128
splitting decisions: 
split level 0: [/49, 3633] [/49, 4462] [/55, 433] [/49, 5540] [/49, 10355] [/49, 1436] [/49, 8690] [/55, 1154] [/49, 940] [/49, 591] 
best_l after optimization: -266347.9375
beta sum per layer: [0.0, 177.92349243164062, 66.32799530029297, 4.369495868682861]
alpha/beta optimization time: 0.36889100074768066
pruning_in_iteration open status: False
ratio of positive domain = 0 / 256 = 0.0
pruning-in-iteration extra time: 0.00015664100646972656
torch.Size([256, 1])
Time: prepare 0.0053    bound 0.3704    transfer 0.0045    finalize 0.0380    func 0.4182    
Accumulated time: func 297.9044    prepare 6.8506    bound 277.9315    transfer 2.6753    finalize 14.4994    
max lb tensor(-934.) min lb tensor(-1138.)
Number of Verified Splits: 0 of 256
Current worst splitting domains lb-rhs (depth):
-1138.00000 (320), -1138.00000 (250), -1138.00000 (112), -1138.00000 (215), -1138.00000 (284), -1138.00000 (297), -1138.00000 (162), -1138.00000 (17), -1138.00000 (406), -1138.00000 (45), -1138.00000 (328), -1138.00000 (351), -1138.00000 (460), -1138.00000 (441), -1138.00000 (423), -1138.00000 (234), -1138.00000 (137), -1138.00000 (198), -1138.00000 (376), -1138.00000 (149), 
Length of domains: 59944
Current (lb-rhs): -1138.0
119804 domains visited
Time: pickout 0.0419    decision 0.1339    set_bounds 0.0045    solve 0.4187    add 0.0500    
Accumulated time: pickout 14.6608    decision 120.9027    set_bounds 4.7372    solve 298.2490    add 34.1060    
Cumulative time: 473.53717279434204

BaB round 470
batch: 128
splitting decisions: 
split level 0: [/49, 6818] [/55, 1373] [/55, 888] [/49, 2099] [/49, 8025] [/49, 4463] [/49, 5830] [/49, 4296] [/49, 3475] [/49, 10548] 
best_l after optimization: -266346.96875
beta sum per layer: [0.0, 180.2613525390625, 65.98445129394531, 4.496386528015137]
alpha/beta optimization time: 0.37914228439331055
pruning_in_iteration open status: False
ratio of positive domain = 0 / 256 = 0.0
pruning-in-iteration extra time: 3.743171691894531e-05
torch.Size([256, 1])
Time: prepare 0.0060    bound 0.3805    transfer 0.0048    finalize 0.0196    func 0.4110    
Accumulated time: func 298.3153    prepare 6.8577    bound 278.3120    transfer 2.6801    finalize 14.5189    
max lb tensor(-934.) min lb tensor(-1138.)
Number of Verified Splits: 0 of 256
Current worst splitting domains lb-rhs (depth):
-1138.00000 (123), -1138.00000 (174), -1138.00000 (24), -1138.00000 (272), -1138.00000 (198), -1138.00000 (77), -1138.00000 (10), -1138.00000 (236), -1138.00000 (102), -1138.00000 (181), -1138.00000 (257), -1138.00000 (76), -1138.00000 (32), -1138.00000 (141), -1138.00000 (433), -1138.00000 (282), -1138.00000 (378), -1138.00000 (456), -1138.00000 (325), -1138.00000 (369), 
Length of domains: 60072
Current (lb-rhs): -1138.0
120060 domains visited
Time: pickout 0.0450    decision 0.1392    set_bounds 0.0047    solve 0.4116    add 0.0419    
Accumulated time: pickout 14.7057    decision 121.0419    set_bounds 4.7419    solve 298.6607    add 34.1479    
Cumulative time: 474.1831884384155

BaB round 471
batch: 128
splitting decisions: 
split level 0: [/49, 7819] [/49, 8507] [/49, 8690] [/49, 8730] [/49, 5660] [/49, 9026] [/49, 6495] [/49, 5296] [/49, 4633] [/49, 1761] 
best_l after optimization: -266350.96875
beta sum per layer: [0.0, 180.5179443359375, 67.45050048828125, 4.52128267288208]
alpha/beta optimization time: 0.39670228958129883
pruning_in_iteration open status: False
ratio of positive domain = 0 / 256 = 0.0
pruning-in-iteration extra time: 0.0001838207244873047
torch.Size([256, 1])
Time: prepare 0.0054    bound 0.3983    transfer 0.0056    finalize 0.0452    func 0.4546    
Accumulated time: func 298.7699    prepare 6.8643    bound 278.7103    transfer 2.6858    finalize 14.5641    
max lb tensor(-934.) min lb tensor(-1138.)
Number of Verified Splits: 0 of 256
Current worst splitting domains lb-rhs (depth):
-1138.00000 (323), -1138.00000 (378), -1138.00000 (216), -1138.00000 (441), -1138.00000 (92), -1138.00000 (241), -1138.00000 (28), -1138.00000 (47), -1138.00000 (10), -1138.00000 (150), -1138.00000 (330), -1138.00000 (187), -1138.00000 (312), -1138.00000 (410), -1138.00000 (91), -1138.00000 (359), -1138.00000 (121), -1138.00000 (354), -1138.00000 (369), -1138.00000 (228), 
Length of domains: 60200
Current (lb-rhs): -1138.0
120316 domains visited
Time: pickout 0.0451    decision 0.1434    set_bounds 0.0046    solve 0.4551    add 0.0534    
Accumulated time: pickout 14.7508    decision 121.1853    set_bounds 4.7465    solve 299.1158    add 34.2014    
Time out!!!!!!!!
Result: timeout
Time: 480.67217779159546

------------------------- COMMAND ------------------------------
/data1/Kane/miniconda3/envs/abcrown25/bin/python /data1/Kane/alpha-beta-CROWN_vnncomp2025/complete_verifier/abcrown.py --config /data1/Kane/alpha-beta-CROWN_vnncomp2025/complete_verifier/exp_configs/vnncomp23/gtrsb.yaml --precompile_jit --onnx_path /data1/Kane/data/vnncomp2025_benchmarks/benchmarks/traffic_signs_recognition_2023/onnx/3_64_64_QConv_32_5_MP_2_BN_QConv_64_5_MP_2_BN_QConv_64_3_MP_2_BN_Dense_1024_BN_Dense_43_ep_30.onnx --vnnlib_path /data1/Kane/data/vnncomp2025_benchmarks/benchmarks/traffic_signs_recognition_2023/vnnlib/model_64_idx_10495_eps_1.00000.vnnlib --results_file /data1/Kane/ACT/audit_results/abcrown_nopgd_20260525/traffic_signs_recognition_2023/0036__3_64_64_QConv_32_5_MP_2_BN_QConv_64_5_MP_2_BN_QConv_64_3_MP_2_BN_Dense_1024_BN_Dense_43_ep_30__model_64_idx_10495_eps_1.00000.result --timeout 480.0 --save_adv_example --pgd_order=skip
----------------------------------------------------------------

