[0;93m2026-05-26 15:20:11.911226340 [W:onnxruntime:Default, device_discovery.cc:283 GetGpuDevices] Failed to detect devices under "/sys/class/drm/card0": device_discovery.cc:93 ReadFileContents Failed to open file: "/sys/class/drm/card0/device/vendor"[m
INFO     15:20:12     [tensor_storage.py:70] Hugepage enabled for branch-and-bound domains.
Configurations:

general:
  device: cuda
  seed: 100
  conv_mode: patches
  deterministic: false
  double_fp: false
  loss_reduction_func: min
  sparse_alpha: true
  sparse_interm: true
  save_adv_example: true
  verify_onnxruntime_output: true
  eval_adv_example: false
  onnx_adv_example: false
  show_adv_example: false
  precompile_jit: true
  reset_seed_after_precompile: false
  prepare_only: false
  complete_verifier: bab
  enable_incomplete_verification: true
  csv_name: instances.csv
  results_file: /data1/Kane/ACT/audit_results/abcrown_nopgd_20260525/traffic_signs_recognition_2023/0043__3_64_64_QConv_32_5_MP_2_BN_QConv_64_5_MP_2_BN_QConv_64_3_MP_2_BN_Dense_1024_BN_Dense_43_ep_30__model_64_idx_9022_eps_5.00000.result
  root_path: ../../vnncomp2023_benchmarks/benchmarks/traffic_signs_recognition
  deterministic_opt: false
  graph_optimizer: 'Customized("custom_graph_optimizer", "merge_sign")'
  buffer_has_batchdim: false
  save_output: false
  output_file: out.pkl
  return_optimized_model: false
  store_all_specs_on_cpu: false
  adhoc_tuning: null
model:
  name: null
  path: null
  onnx_path: /data1/Kane/data/vnncomp2025_benchmarks/benchmarks/traffic_signs_recognition_2023/onnx/3_64_64_QConv_32_5_MP_2_BN_QConv_64_5_MP_2_BN_QConv_64_3_MP_2_BN_Dense_1024_BN_Dense_43_ep_30.onnx
  onnx_path_prefix: ''
  cache_onnx_conversion: false
  debug_onnx: false
  onnx_quirks: null
  input_shape: null
  onnx_loader: 'Customized("custom_model_loader", "customized_Gtrsb_loader")'
  onnx_optimization_flags: fix_gtrsb
  onnx_vnnlib_joint_optimization_flags: [peel_off_last_softmax_layer]
  check_optimized: true
  flatten_final_output: false
  optimize_graph: null
  with_jacobian: false
data:
  start: 0
  end: 10000
  select_instance: null
  num_outputs: 10
  mean: 0.0
  std: 1.0
  pkl_path: null
  dataset: null
  data_filter_path: null
  data_idx_file: null
specification:
  type: lp
  robustness_type: verified-acc
  norm: .inf
  epsilon: null
  epsilon_min: 0.0
  vnnlib_path: /data1/Kane/data/vnncomp2025_benchmarks/benchmarks/traffic_signs_recognition_2023/vnnlib/model_64_idx_9022_eps_5.00000.vnnlib
  vnnlib_path_prefix: ''
  shrink_eps: null
  rhs_offset: null
solver:
  batch_size: 128
  auto_enlarge_batch_size: false
  batched_crown_auto_enlarge_max_vram_ratio: 0.9
  min_batch_size_ratio: 0.1
  use_float64_in_last_iteration: false
  early_stop_patience: 10
  start_save_best: 0.5
  bound_prop_method: alpha-crown
  init_bound_prop_method: same
  prune_after_crown: true
  optimize_disjuncts_separately: false
  build_batch_size: 1000000
  skip_with_refined_bound: true
  forward_before_compute_bounds: false
  crown:
    batch_size: 1000000000
    max_crown_size: 1000000000
    activation_bound_option: adaptive
    compare_crown_with_ibp: false
  alpha-crown:
    alpha: true
    lr_alpha: 0.1
    iteration: 100
    share_alphas: false
    lr_decay: 0.98
    full_conv_alpha: true
    max_coeff_mul: .inf
    matmul_share_alphas: false
    disable_optimization: [MaxPool]
    max_time: 1.0
    alpha_dtype: float16
  invprop:
    apply_output_constraints_to: []
    tighten_input_bounds: false
    best_of_oc_and_no_oc: false
    directly_optimize: []
    oc_lr: 0.1
    share_gammas: false
  beta-crown:
    lr_alpha: 0.01
    lr_beta: 0.03
    lr_decay: 0.98
    optimizer: adam
    iteration: 20
    beta: true
    beta_warmup: true
    enable_opt_interm_bounds: false
    all_node_split_LP: false
  forward:
    refine: false
    max_dim: 10000
    reset_threshold: 1.0
  intermediate_refinement:
    enabled: false
    batch_size: 10
    opt_coeffs: false
    opt_bias: false
    lr: 0.05
    layers: [-1]
    max_domains: 1000
  mip:
    unstable_neuron_threshold: 0
    parallel_solvers: null
    solver_threads: 1
    refine_neuron_timeout: 15
    refine_neuron_time_percentage: 0.8
    early_stop: true
    adv_warmup: true
    mip_solver: gurobi
    skip_unsafe: false
    topk_filter: 1.0
    sliding_window: -1
    extra_constraint: false
    refine_neuron_timeout_increasement: 0
    timeout_neuron_percentage: 0.3
    remaining_timeout_threshold: 1
    remove_unstable_neurons: false
    lp_solver: false
bab:
  max_domains: .inf
  decision_thresh: 0
  timeout: 480.0
  timeout_scale: 1
  max_iterations: -1
  override_timeout: null
  get_upper_bound: false
  pruning_in_iteration: true
  pruning_in_iteration_ratio: 0.2
  sort_targets: false
  batched_domain_list: true
  optimized_interm: ''
  interm_transfer: true
  recompute_interm: false
  sort_domain_interval: -1
  vanilla_crown: false
  tree_traversal: depth_first
  hugetensor_allocator: true
  cut:
    enabled: false
    cuts_path: null
    implication: false
    bab_cut: false
    lp_cut: false
    method: null
    lr: 0.01
    lr_decay: 1.0
    iteration: 100
    bab_iteration: -1
    early_stop_patience: -1
    lr_beta: 0.02
    number_cuts: 50
    topk_cuts_in_filter: 1000
    batch_size_primal: 100
    max_num: 1000000000
    patches_cut: false
    cplex_cuts: false
    cplex_cuts_wait: 0
    cplex_cuts_revpickup: true
    cut_reference_bounds: true
    fix_intermediate_bounds: false
    _tmp_cuts: null
    fixed_cuts: false
    add_implied_cuts: false
    add_input_cuts: false
    biccos:
      enabled: false
      constraint_strengthening: true
      recursively_strengthening: false
      drop_ratio: 0.5
      verified_bonus: 0.3
      max_infer_iter: 20
      max_domain: 10000.0
      heuristic: neuron_influence_score
      save_biccos_cuts: false
      multi_tree_branching:
        enabled: false
        restore_best_tree: false
        keep_n_best_domains: 1
        k_splits: 1
        iterations: 1
  clip_n_verify:
    rearrange_constraints: false
    alpha_crown: false
    prune: false
    final_layer: false
    clip_input_domain:
      enabled: false
      clip_type: relaxed
      heuristic_K: 0.0
      clip_iterations: 1
      clip_calculate_volume_metrics: false
    clip_interm_domain:
      enabled: false
      with_input: false
      clip_in_alpha_crown: false
      topk_objective: 0
  branching:
    method: kfsb
    candidates: 5
    reduceop: max
    enable_intermediate_bound_opt: false
    branching_input_and_activation: false
    branching_input_and_activation_order: [input, relu]
    branching_input_iterations: 30
    branching_relu_iterations: 50
    nonlinear_split:
      method: bbps
      disable: true
      branching_point_method: uniform
      num_branches: 2
      filter: false
      filter_beta: false
      filter_clamp: false
      filter_batch_size: 10000
      filter_iterations: 25
      relu_only: false
      loose_tanh_threshold: null
      branching_point:
        db_path: branching_points.pt
        num_iterations: 1000
        batch_size: 1000000
        range_l: -5.0
        range_u: 5.0
        log_interval: 100
        step_size_1d: 0.01
        step_size: 0.2
    input_split:
      split_hint: null
      enable: false
      reorder_bab: false
      input_dim_threshold: 20
      adv_check: 0
      split_partitions: 2
      sb_margin_weight: 1.0
      sb_sum: false
      sb_primary_spec: null
      bf_backup_thresh: -1
      bf_rhs_offset: 0
      bf_iters: 1000000000.0
      bf_batch_size: 100000
      bf_zero_crossing_score: false
      touch_zero_score: 0
      ibp_enhancement: false
      compare_with_old_bounds: true
      update_rhs_with_attack: false
      sb_coeff_thresh: 0.001
      sort_index: null
      sort_descending: true
      show_progress: false
      presplit_domains: null
      skip_getting_worst_domain: false
  attack:
    enabled: false
    beam_candidates: 8
    beam_depth: 7
    max_dive_fix_ratio: 0.8
    min_local_free_ratio: 0.2
    mip_start_iteration: 5
    mip_timeout: 30.0
    adv_pool_threshold: null
    refined_mip_attacker: false
    refined_batch_size: null
attack:
  general_attack: true
  pgd_order: skip
  pgd_steps: 100
  pgd_restarts: 50
  pgd_batch_size: 100000000
  pgd_early_stop: true
  pgd_lr_decay: 0.99
  pgd_alpha: auto
  pgd_alpha_scale: false
  pgd_loss_mode: null
  pgd_restart_when_stuck: false
  enable_mip_attack: false
  adv_saver: 'Customized("custom_adv_saver", "customized_gtrsb_saver")'
  adv_verifier: 'Customized("custom_adv_verifier", "customized_gtrsb_adv_verifier")'
  early_stop_condition: 'Customized("custom_early_stop_condition", "customized_gtrsb_condition")'
  adv_example_finalizer: 'Customized("custom_adv_example_finalizer", "customized_gtrsb_adv_example_finalizer")'
  pgd_loss: 'Customized("custom_pgd_loss", "customized_gtrsb_loss")'
  cex_path: ./test_cex.txt
  attack_mode: PGD
  attack_tolerance: 0.0
  attack_func: 'Customized("custom_attacker", "use_LiRPANet")'
  gama_lambda: 10.0
  gama_decay: 0.9
  input_split:
    pgd_steps: 100
    pgd_restarts: 30
    pgd_alpha: auto
  input_split_check_adv:
    enabled: auto
    pgd_steps: 5
    pgd_restarts: 5
    pgd_alpha: auto
    max_num_domains: 10
debug:
  view_model: false
  lp_test: null
  rescale_vnnlib_ptb: null
  test_optimized_bounds: false
  test_optimized_bounds_after_n_iterations: 0
  print_verbose_decisions: false
  sanity_check: null
  save_minimal_config: null
  save_minimal_config_omit_keys: []
/data1/Kane/miniconda3/envs/abcrown25/lib/python3.11/site-packages/onnx2pytorch/convert/model.py:151: UserWarning: Using experimental implementation that allows 'batch_size > 1'.Batchnorm layers could potentially produce false outputs.
  warnings.warn(
/data1/Kane/alpha-beta-CROWN_vnncomp2025/complete_verifier/read_vnnlib.py:184: DeprecationWarning: numpy.core.numeric is deprecated and has been renamed to numpy._core.numeric. The numpy._core namespace contains private NumPy internals and its use is discouraged, as NumPy internals can change without warning in any release. In practice, most real-world usage of numpy.core is to access functionality in the public NumPy API. If that is the case, use the public NumPy API. If not, you are using NumPy internals. If you would still like to access an internal attribute, use numpy._core.numeric._frombuffer.
  final_rv, old_file_sha256 = pickle.load(extf)
/data1/Kane/miniconda3/envs/abcrown25/lib/python3.11/site-packages/onnx2pytorch/utils.py:21: TracerWarning: Converting a tensor to a Python boolean might cause the trace to be incorrect. We can't record the data flow of Python values, so this value will be treated as a constant in the future. This means that the trace might not generalize to other inputs!
  return value.ndim == 0 or value.shape == torch.Size([1])
/data1/Kane/miniconda3/envs/abcrown25/lib/python3.11/site-packages/onnx2pytorch/operations/add.py:34: TracerWarning: Converting a tensor to a Python boolean might cause the trace to be incorrect. We can't record the data flow of Python values, so this value will be treated as a constant in the future. This means that the trace might not generalize to other inputs!
  elif all(x == 1 for x in input[0].shape):
/data1/Kane/miniconda3/envs/abcrown25/lib/python3.11/site-packages/onnx2pytorch/operations/reshape.py:36: TracerWarning: Converting a tensor to a Python boolean might cause the trace to be incorrect. We can't record the data flow of Python values, so this value will be treated as a constant in the future. This means that the trace might not generalize to other inputs!
  if shape[0] == 1 and len(shape) in [2, 3, 4, 5] and self.quirks.get("fix_batch_size") is True:
/data1/Kane/miniconda3/envs/abcrown25/lib/python3.11/site-packages/onnx2pytorch/operations/reshape.py:54: TracerWarning: torch.tensor results are registered as constants in the trace. You can safely ignore this warning if you use this function to create tensors out of constant variables that would be the same every time you call this function. In any other case, this might cause the trace to be incorrect.
  if (torch.prod(torch.tensor(input.shape)) != torch.prod(shape) and len(input.size()) == len(shape) + 1
/data1/Kane/miniconda3/envs/abcrown25/lib/python3.11/site-packages/onnx2pytorch/operations/reshape.py:54: TracerWarning: Using len to get tensor shape might cause the trace to be incorrect. Recommended usage would be tensor.shape[0]. Passing a tensor of different shape might lead to errors or silently give incorrect results.
  if (torch.prod(torch.tensor(input.shape)) != torch.prod(shape) and len(input.size()) == len(shape) + 1
/data1/Kane/miniconda3/envs/abcrown25/lib/python3.11/site-packages/onnx2pytorch/operations/reshape.py:58: TracerWarning: Iterating over a tensor might cause the trace to be incorrect. Passing a tensor of different shape won't change the number of iterations executed (and might lead to errors or silently give incorrect results).
  shape = [x if x != 0 else input.size(i) for i, x in enumerate(shape)]
/data1/Kane/alpha-beta-CROWN_vnncomp2025/complete_verifier/auto_LiRPA/operators/leaf.py:91: UserWarning: The "has_batchdim" option for BoundBuffers is deprecated. It may be removed from the next release.
  warnings.warn('The "has_batchdim" option for BoundBuffers is deprecated.'
/data1/Kane/alpha-beta-CROWN_vnncomp2025/complete_verifier/auto_LiRPA/bound_general.py:1056: UserWarning: Creating an identity matrix with size 1024x1024 for node BoundAdd(name=/74, inputs=[/73, /19], perturbed=True). This may indicate poor performance for bound computation. If you see this message on a small network please submit a bug report.
  sparse_C = self.get_sparse_C(node, ref_intermediate)

Experiments at Tue May 26 15:20:12 2026 on dell-pro-max-tower-t2
Pre-compile jit kernels on a toy network...
JIT kernels compiled in 1.1773s.
Internal results will be saved to /data1/Kane/ACT/audit_results/abcrown_nopgd_20260525/traffic_signs_recognition_2023/0043__3_64_64_QConv_32_5_MP_2_BN_QConv_64_5_MP_2_BN_QConv_64_3_MP_2_BN_Dense_1024_BN_Dense_43_ep_30__model_64_idx_9022_eps_5.00000.result.

 %%%%%%%%%%%%%%%%%%%%%%%%%%%%%%%%%%% idx: 0, vnnlib ID: 0 %%%%%%%%%%%%%%%%%%%%%%%%%%%%%%%%%%%
Using onnx /data1/Kane/data/vnncomp2025_benchmarks/benchmarks/traffic_signs_recognition_2023/onnx/3_64_64_QConv_32_5_MP_2_BN_QConv_64_5_MP_2_BN_QConv_64_3_MP_2_BN_Dense_1024_BN_Dense_43_ep_30.onnx
Using vnnlib /data1/Kane/data/vnncomp2025_benchmarks/benchmarks/traffic_signs_recognition_2023/vnnlib/model_64_idx_9022_eps_5.00000.vnnlib
Loading onnx /data1/Kane/data/vnncomp2025_benchmarks/benchmarks/traffic_signs_recognition_2023/onnx/3_64_64_QConv_32_5_MP_2_BN_QConv_64_5_MP_2_BN_QConv_64_3_MP_2_BN_Dense_1024_BN_Dense_43_ep_30.onnx with quirks {}
Onnx optimization with flags: fix_gtrsb
Found existed optimized onnx model at /data1/Kane/data/vnncomp2025_benchmarks/benchmarks/traffic_signs_recognition_2023/onnx/3_64_64_QConv_32_5_MP_2_BN_QConv_64_5_MP_2_BN_QConv_64_3_MP_2_BN_Dense_1024_BN_Dense_43_ep_30.onnx.optimized
Automatic inference of operator: sign
Automatic inference of operator: sign
Automatic inference of operator: sign
Automatic inference of operator: sign
Automatic inference of operator: sign
Automatic inference of operator: sign
Automatic inference of operator: sign
Automatic inference of operator: sign
Finished onnx model loading in 0.0510 seconds
Precompiled vnnlib file found at /data1/Kane/data/vnncomp2025_benchmarks/benchmarks/traffic_signs_recognition_2023/vnnlib/model_64_idx_9022_eps_5.00000.vnnlib.compiled
Last Softmax node found, peel it off
Finished vnnlib processing in 0.038388 seconds
Merging Sign node: %s BoundSign(name=/44, inputs=[/43], perturbed=True)
Merging Sign node: %s BoundSign(name=/50, inputs=[/49], perturbed=True)
Merging Sign node: %s BoundSign(name=/56, inputs=[/55], perturbed=True)
Merging Sign node: %s BoundSign(name=/75, inputs=[/74], perturbed=True)
Model: BoundedModule(
  (/input-1): BoundInput(name=/input-1, inputs=[], perturbed=True)
  (/6): BoundBuffers(name=/6, inputs=[], perturbed=False)
  (/shape): BoundBuffers(name=/shape, inputs=[], perturbed=False)
  (/18): BoundBuffers(name=/18, inputs=[], perturbed=False)
  (/19): BoundBuffers(name=/19, inputs=[], perturbed=False)
  (/21): BoundParams(name=/21, inputs=[], perturbed=False)
  (/22): BoundParams(name=/22, inputs=[], perturbed=False)
  (/23): BoundParams(name=/23, inputs=[], perturbed=False)
  (/24): BoundBuffers(name=/24, inputs=[], perturbed=False)
  (/25): BoundBuffers(name=/25, inputs=[], perturbed=False)
  (/27): BoundParams(name=/27, inputs=[], perturbed=False)
  (/28): BoundParams(name=/28, inputs=[], perturbed=False)
  (/29): BoundParams(name=/29, inputs=[], perturbed=False)
  (/30): BoundBuffers(name=/30, inputs=[], perturbed=False)
  (/31): BoundBuffers(name=/31, inputs=[], perturbed=False)
  (/33): BoundParams(name=/33, inputs=[], perturbed=False)
  (/34): BoundParams(name=/34, inputs=[], perturbed=False)
  (/35): BoundParams(name=/35, inputs=[], perturbed=False)
  (/36): BoundBuffers(name=/36, inputs=[], perturbed=False)
  (/37): BoundBuffers(name=/37, inputs=[], perturbed=False)
  (/39): BoundParams(name=/39, inputs=[], perturbed=False)
  (/40): BoundParams(name=/40, inputs=[], perturbed=False)
  (/41): BoundConv(name=/41, inputs=[/input-1, /21], perturbed=True)
  (/input): BoundMaxPool(name=/input, inputs=[/41], perturbed=True)
  (/43): BoundBatchNormalization(name=/43, inputs=[/input, /22, /23, /24, /25], perturbed=True)
  (/47): BoundConv(name=/47, inputs=[/44/merge, /27], perturbed=True)
  (/input-8): BoundMaxPool(name=/input-8, inputs=[/47], perturbed=True)
  (/49): BoundBatchNormalization(name=/49, inputs=[/input-8, /28, /29, /30, /31], perturbed=True)
  (/53): BoundConv(name=/53, inputs=[/50/merge, /33], perturbed=True)
  (/input-16): BoundMaxPool(name=/input-16, inputs=[/53], perturbed=True)
  (/55): BoundBatchNormalization(name=/55, inputs=[/input-16, /34, /35, /36, /37], perturbed=True)
  (/59): BoundSplit(name=/59, inputs=[/shape], perturbed=False)
  (/60): BoundSplit(name=/60, inputs=[/shape], perturbed=False)
  (/61): BoundConstant(name=/61, value=tensor([0], device='cuda:0'))
  (/62): BoundSqueeze(name=/62, inputs=[/59, /61], perturbed=False)
  (/63): BoundConstant(name=/63, value=tensor([0], device='cuda:0'))
  (/64): BoundSqueeze(name=/64, inputs=[/60, /63], perturbed=False)
  (/65): BoundConstant(name=/65, value=tensor([0], device='cuda:0'))
  (/66): BoundUnsqueeze(name=/66, inputs=[/62, /65], perturbed=False)
  (/67): BoundConstant(name=/67, value=tensor([0], device='cuda:0'))
  (/68): BoundUnsqueeze(name=/68, inputs=[/64, /67], perturbed=False)
  (/69): BoundConcat(name=/69, inputs=[/66, /68], perturbed=False)
  (/70): BoundReshape(name=/70, inputs=[/56/merge, /69], perturbed=True)
  (/71): BoundTranspose(name=/71, inputs=[/39], perturbed=False)
  (/72): BoundMatMul(name=/72, inputs=[/70, /71], perturbed=True)
  (/73): BoundMul(name=/73, inputs=[/72, /18], perturbed=True)
  (/74): BoundAdd(name=/74, inputs=[/73, /19], perturbed=True)
  (/78): BoundTranspose(name=/78, inputs=[/40], perturbed=False)
  (/79): BoundMatMul(name=/79, inputs=[/75/merge, /78], perturbed=True)
  (/44/merge): BoundSignMerge(name=/44/merge, inputs=[/43], perturbed=True)
  (/50/merge): BoundSignMerge(name=/50/merge, inputs=[/49], perturbed=True)
  (/56/merge): BoundSignMerge(name=/56/merge, inputs=[/55], perturbed=True)
  (/75/merge): BoundSignMerge(name=/75/merge, inputs=[/74], perturbed=True)
)
Original output in the first batch: tensor([[  30.,   44.,  130.,  500.,  -48.,  178.,   52., -164.,  -20.,  102.,
          -54., -104., -116.,   28.,   52.,   66.,   46.,  -14.,  -72.,  -32.,
         -132., -164.,  -14.,   36.,  -92.,   -2., -100., -118.,  -80.,   -6.,
          -16.,   36.,   48.,  -42.,   22.,    2.,  -46., -146.,  -42.,   76.,
         -108.,  -18., -102.]], device='cuda:0')
Split layers:
Nonlinear functions:
   BoundMaxPool(name=/input, inputs=[/41], perturbed=True)
   BoundMaxPool(name=/input-8, inputs=[/47], perturbed=True)
   BoundMaxPool(name=/input-16, inputs=[/53], perturbed=True)
   BoundSignMerge(name=/44/merge, inputs=[/43], perturbed=True)
   BoundSignMerge(name=/50/merge, inputs=[/49], perturbed=True)
   BoundSignMerge(name=/56/merge, inputs=[/55], perturbed=True)
   BoundSignMerge(name=/75/merge, inputs=[/74], perturbed=True)
build batch [1/1]
layer /44/merge using sparse-features alpha with shape [20082]; unstable size 20082; total size 28800 ([1, 32, 30, 30])
layer /44/merge start_node /47 using full alpha [4, 64, 1, 20082] with unstable size 64 total_size 64 output_shape 64
layer /44/merge start_node /49 using full alpha [4, 64, 1, 20082] with unstable size 64 total_size 64 output_shape 64
layer /44/merge start_node /53 using full alpha [4, 64, 1, 20082] with unstable size 64 total_size 64 output_shape 64
layer /44/merge start_node /55 using full alpha [4, 64, 1, 20082] with unstable size 64 total_size 64 output_shape 64
layer /44/merge start_node /74 using full alpha [4, 1024, 1, 20082] with unstable size 1024 total_size 1024 output_shape torch.Size([1024])
layer /44/merge start_node /79 using full alpha [4, 42, 1, 20082] with unstable size None total_size 42 output_shape 42
layer /50/merge using full alpha with shape torch.Size([64, 13, 13]); unstable size 10816; total size 10816 ([1, 64, 13, 13])
layer /50/merge start_node /53 using full alpha [4, 64, 1, 64, 13, 13] with unstable size 64 total_size 64 output_shape 64
layer /50/merge start_node /55 using full alpha [4, 64, 1, 64, 13, 13] with unstable size 64 total_size 64 output_shape 64
layer /50/merge start_node /74 using full alpha [4, 1024, 1, 64, 13, 13] with unstable size 1024 total_size 1024 output_shape torch.Size([1024])
layer /50/merge start_node /79 using full alpha [4, 42, 1, 64, 13, 13] with unstable size None total_size 42 output_shape 42
layer /56/merge using full alpha with shape torch.Size([64, 5, 5]); unstable size 1600; total size 1600 ([1, 64, 5, 5])
layer /56/merge start_node /74 using full alpha [4, 1024, 1, 64, 5, 5] with unstable size 1024 total_size 1024 output_shape torch.Size([1024])
layer /56/merge start_node /79 using full alpha [4, 42, 1, 64, 5, 5] with unstable size None total_size 42 output_shape 42
layer /75/merge using full alpha with shape torch.Size([1024]); unstable size 1024; total size 1024 ([1, 1024])
layer /75/merge start_node /79 using full alpha [4, 42, 1, 1024] with unstable size None total_size 42 output_shape 42
Optimizable variables initialized.
initial CROWN bounds (first 10 items): [-1038.0, -1004.0, -930.0, -1080.0, -922.0, -1008.0, -1100.0, -1100.0, -942.0, -1134.0]
prune_after_crown optimization in use
  original spec size = torch.Size([1, 42])
  pruned spec size = torch.Size([1, 42])
Using alpha-CROWN to initialize bounds.
Early stop at 11th iter due to 10 iterations no improvement!
best_l after optimization: -43956.0
alpha/beta optimization time: 5.624429702758789
initial alpha-crown bounds (first 10 items): [-1038.0, -1004.0, -930.0, -1080.0, -922.0, -1008.0, -1100.0, -1100.0, -942.0, -1134.0]
Global lower bound: -1168.0
torch.Size([1, 42])
0 / 42 OR specs are verified.
Verified OR indices (first 10 items): []
Verified OR lbs (first 10 items): []
Unverified OR indices (first 10 items): [0, 1, 2, 3, 4, 5, 6, 7, 8, 9]
Unverified OR lbs (first 10 items): [[-1038.0], [-1004.0], [-930.0], [-1080.0], [-922.0], [-1008.0], [-1100.0], [-1100.0], [-942.0], [-1134.0]]
###### Verifying property Instance 0 ######
Batch size: 42
First 10 spec matrices
C: tensor([[[-1.,  0.,  0.,  1.,  0.,  0.,  0.,  0.,  0.,  0.,  0.,  0.,  0.,  0.,
           0.,  0.,  0.,  0.,  0.,  0.,  0.,  0.,  0.,  0.,  0.,  0.,  0.,  0.,
           0.,  0.,  0.,  0.,  0.,  0.,  0.,  0.,  0.,  0.,  0.,  0.,  0.,  0.,
           0.]],

        [[ 0., -1.,  0.,  1.,  0.,  0.,  0.,  0.,  0.,  0.,  0.,  0.,  0.,  0.,
           0.,  0.,  0.,  0.,  0.,  0.,  0.,  0.,  0.,  0.,  0.,  0.,  0.,  0.,
           0.,  0.,  0.,  0.,  0.,  0.,  0.,  0.,  0.,  0.,  0.,  0.,  0.,  0.,
           0.]],

        [[ 0.,  0., -1.,  1.,  0.,  0.,  0.,  0.,  0.,  0.,  0.,  0.,  0.,  0.,
           0.,  0.,  0.,  0.,  0.,  0.,  0.,  0.,  0.,  0.,  0.,  0.,  0.,  0.,
           0.,  0.,  0.,  0.,  0.,  0.,  0.,  0.,  0.,  0.,  0.,  0.,  0.,  0.,
           0.]],

        [[ 0.,  0.,  0.,  1., -1.,  0.,  0.,  0.,  0.,  0.,  0.,  0.,  0.,  0.,
           0.,  0.,  0.,  0.,  0.,  0.,  0.,  0.,  0.,  0.,  0.,  0.,  0.,  0.,
           0.,  0.,  0.,  0.,  0.,  0.,  0.,  0.,  0.,  0.,  0.,  0.,  0.,  0.,
           0.]],

        [[ 0.,  0.,  0.,  1.,  0., -1.,  0.,  0.,  0.,  0.,  0.,  0.,  0.,  0.,
           0.,  0.,  0.,  0.,  0.,  0.,  0.,  0.,  0.,  0.,  0.,  0.,  0.,  0.,
           0.,  0.,  0.,  0.,  0.,  0.,  0.,  0.,  0.,  0.,  0.,  0.,  0.,  0.,
           0.]],

        [[ 0.,  0.,  0.,  1.,  0.,  0., -1.,  0.,  0.,  0.,  0.,  0.,  0.,  0.,
           0.,  0.,  0.,  0.,  0.,  0.,  0.,  0.,  0.,  0.,  0.,  0.,  0.,  0.,
           0.,  0.,  0.,  0.,  0.,  0.,  0.,  0.,  0.,  0.,  0.,  0.,  0.,  0.,
           0.]],

        [[ 0.,  0.,  0.,  1.,  0.,  0.,  0., -1.,  0.,  0.,  0.,  0.,  0.,  0.,
           0.,  0.,  0.,  0.,  0.,  0.,  0.,  0.,  0.,  0.,  0.,  0.,  0.,  0.,
           0.,  0.,  0.,  0.,  0.,  0.,  0.,  0.,  0.,  0.,  0.,  0.,  0.,  0.,
           0.]],

        [[ 0.,  0.,  0.,  1.,  0.,  0.,  0.,  0., -1.,  0.,  0.,  0.,  0.,  0.,
           0.,  0.,  0.,  0.,  0.,  0.,  0.,  0.,  0.,  0.,  0.,  0.,  0.,  0.,
           0.,  0.,  0.,  0.,  0.,  0.,  0.,  0.,  0.,  0.,  0.,  0.,  0.,  0.,
           0.]],

        [[ 0.,  0.,  0.,  1.,  0.,  0.,  0.,  0.,  0., -1.,  0.,  0.,  0.,  0.,
           0.,  0.,  0.,  0.,  0.,  0.,  0.,  0.,  0.,  0.,  0.,  0.,  0.,  0.,
           0.,  0.,  0.,  0.,  0.,  0.,  0.,  0.,  0.,  0.,  0.,  0.,  0.,  0.,
           0.]],

        [[ 0.,  0.,  0.,  1.,  0.,  0.,  0.,  0.,  0.,  0., -1.,  0.,  0.,  0.,
           0.,  0.,  0.,  0.,  0.,  0.,  0.,  0.,  0.,  0.,  0.,  0.,  0.,  0.,
           0.,  0.,  0.,  0.,  0.,  0.,  0.,  0.,  0.,  0.,  0.,  0.,  0.,  0.,
           0.]]], device='cuda:0')
RHS: tensor([[0.],
        [0.],
        [0.],
        [0.],
        [0.],
        [0.],
        [0.],
        [0.],
        [0.],
        [0.]], device='cuda:0')
OR spec sizes: tensor([1, 1, 1, 1, 1, 1, 1, 1, 1, 1], device='cuda:0', dtype=torch.int32)
Remaining timeout: 473.4507496356964
Model prediction is: tensor([  30.,   44.,  130.,  500.,  -48.,  178.,   52., -164.,  -20.,  102.,
         -54., -104., -116.,   28.,   52.,   66.,   46.,  -14.,  -72.,  -32.,
        -132., -164.,  -14.,   36.,  -92.,   -2., -100., -118.,  -80.,   -6.,
         -16.,   36.,   48.,  -42.,   22.,    2.,  -46., -146.,  -42.,   76.,
        -108.,  -18., -102.], device='cuda:0')
Activation BaB batch 1/1 
build_with_refined_bounds batch [1/1]
Optimizable variables initialized.
all alpha initialized
true A is required, we do a full backward CROWN pass to obtain it
torch.Size([42, 1])
(alpha-)CROWN with fixed intermediate bounds: tensor([[-1038.],
        [-1004.],
        [ -930.],
        [-1080.],
        [ -922.],
        [-1008.],
        [-1100.],
        [-1100.],
        [ -942.],
        [-1134.],
        [-1116.],
        [-1100.],
        [-1052.],
        [-1000.],
        [-1078.],
        [-1002.],
        [-1102.],
        [-1048.],
        [-1024.],
        [-1096.],
        [-1112.],
        [-1026.],
        [-1060.],
        [-1144.],
        [-1074.],
        [-1124.],
        [-1098.],
        [-1048.],
        [ -970.],
        [-1012.],
        [ -960.],
        [ -972.],
        [ -990.],
        [-1058.],
        [ -962.],
        [-1042.],
        [-1102.],
        [-1058.],
        [ -968.],
        [-1168.],
        [-1018.],
        [-1114.]], device='cuda:0', grad_fn=<ViewBackward0>) tensor([[1038.],
        [1004.],
        [ 930.],
        [1080.],
        [ 922.],
        [1008.],
        [1100.],
        [1100.],
        [ 942.],
        [1134.],
        [1116.],
        [1100.],
        [1052.],
        [1000.],
        [1078.],
        [1002.],
        [1102.],
        [1048.],
        [1024.],
        [1096.],
        [1112.],
        [1026.],
        [1060.],
        [1144.],
        [1074.],
        [1124.],
        [1098.],
        [1048.],
        [ 970.],
        [1012.],
        [ 960.],
        [ 972.],
        [ 990.],
        [1058.],
        [ 962.],
        [1042.],
        [1102.],
        [1058.],
        [ 968.],
        [1168.],
        [1018.],
        [1114.]], device='cuda:0', grad_fn=<ViewBackward0>)
Intermediate layers: /41,/47,/53,/43,/49,/55,/74
Keeping alphas for these layers: ['/79']
Node /44/merge input 0: size torch.Size([32, 30, 30]) unstable 28800
Node /50/merge input 0: size torch.Size([64, 13, 13]) unstable 10816
Node /56/merge input 0: size torch.Size([64, 5, 5]) unstable 1600
Node /75/merge input 0: size torch.Size([1024]) unstable 1024
-----------------
# of unstable neurons: 42240
-----------------

BaB round 1
batch: 42
splitting decisions: 
split level 0: [/74, 211] [/74, 824] [/74, 316] [/74, 316] [/74, 316] [/74, 316] [/74, 319] [/74, 211] [/74, 319] [/74, 316] 
Early stop at 11th iter due to 10 iterations no improvement!
best_l after optimization: -87912.0
beta sum per layer: [0.0, 0.0, 0.0, 0.0]
alpha/beta optimization time: 0.5771403312683105
pruning_in_iteration open status: False
ratio of positive domain = 0 / 84 = 0.0
pruning-in-iteration extra time: 3.361701965332031e-05
torch.Size([84, 1])
Time: prepare 0.0006    bound 0.5784    transfer 0.0064    finalize 0.0294    func 0.6149    
Accumulated time: func 0.6149    prepare 0.0017    bound 0.5784    transfer 0.0064    finalize 0.0294    
max lb tensor(-922.) min lb tensor(-1168.)
Number of Verified Splits: 0 of 84
Current worst splitting domains lb-rhs (depth):
-1168.00000 (1), -1168.00000 (1), -1144.00000 (1), -1144.00000 (1), -1134.00000 (1), -1134.00000 (1), -1124.00000 (1), -1124.00000 (1), -1116.00000 (1), -1116.00000 (1), -1114.00000 (1), -1114.00000 (1), -1112.00000 (1), -1112.00000 (1), -1102.00000 (1), -1102.00000 (1), -1102.00000 (1), -1102.00000 (1), -1100.00000 (1), -1100.00000 (1), 
Length of domains: 84
Current (lb-rhs): -1168.0
84 domains visited
Time: pickout 0.0093    decision 0.0760    set_bounds 0.0011    solve 0.6155    add 0.0276    
Accumulated time: pickout 0.0093    decision 0.0760    set_bounds 0.0011    solve 0.6155    add 0.0276    
Cumulative time: 0.9312536716461182

BaB round 2
batch: 84
splitting decisions: 
split level 0: [/74, 824] [/74, 484] [/74, 319] [/74, 319] [/74, 824] [/74, 211] [/74, 211] [/74, 484] [/74, 211] [/74, 319] 
Early stop at 11th iter due to 10 iterations no improvement!
best_l after optimization: -175824.0
beta sum per layer: [0.0, 0.0, 0.0, 0.0]
alpha/beta optimization time: 0.14774537086486816
pruning_in_iteration open status: False
ratio of positive domain = 0 / 168 = 0.0
pruning-in-iteration extra time: 3.933906555175781e-05
torch.Size([168, 1])
Time: prepare 0.0020    bound 0.1491    transfer 0.0028    finalize 0.0472    func 0.2011    
Accumulated time: func 0.8160    prepare 0.0290    bound 0.7274    transfer 0.0092    finalize 0.0766    
max lb tensor(-922.) min lb tensor(-1168.)
Number of Verified Splits: 0 of 168
Current worst splitting domains lb-rhs (depth):
-1168.00000 (2), -1168.00000 (2), -1168.00000 (2), -1168.00000 (2), -1144.00000 (2), -1144.00000 (2), -1144.00000 (2), -1144.00000 (2), -1134.00000 (2), -1134.00000 (2), -1134.00000 (2), -1134.00000 (2), -1124.00000 (2), -1124.00000 (2), -1124.00000 (2), -1124.00000 (2), -1116.00000 (2), -1116.00000 (2), -1116.00000 (2), -1116.00000 (2), 
Length of domains: 168
Current (lb-rhs): -1168.0
252 domains visited
Time: pickout 0.0158    decision 0.3081    set_bounds 0.0034    solve 0.2016    add 0.0440    
Accumulated time: pickout 0.0251    decision 0.3841    set_bounds 0.0044    solve 0.8170    add 0.0716    
Cumulative time: 1.5044481754302979

BaB round 3
batch: 128
splitting decisions: 
split level 0: [/74, 616] [/74, 824] [/74, 451] [/74, 451] [/74, 211] [/74, 616] [/74, 484] [/74, 824] [/74, 484] [/74, 371] 
Early stop at 11th iter due to 10 iterations no improvement!
best_l after optimization: -268000.0
beta sum per layer: [0.0, 0.0, 0.0, 0.005148995667695999]
alpha/beta optimization time: 0.2250804901123047
pruning_in_iteration open status: False
ratio of positive domain = 0 / 256 = 0.0
pruning-in-iteration extra time: 4.0531158447265625e-05
torch.Size([256, 1])
Time: prepare 0.0027    bound 0.2264    transfer 0.0039    finalize 0.0764    func 0.3095    
Accumulated time: func 1.1255    prepare 0.0330    bound 0.9538    transfer 0.0131    finalize 0.1530    
max lb tensor(-922.) min lb tensor(-1168.)
Number of Verified Splits: 0 of 256
Current worst splitting domains lb-rhs (depth):
-1168.00000 (3), -1168.00000 (3), -1168.00000 (2), -1168.00000 (3), -1168.00000 (3), -1168.00000 (3), -1168.00000 (3), -1144.00000 (3), -1144.00000 (3), -1144.00000 (3), -1144.00000 (2), -1144.00000 (3), -1144.00000 (3), -1144.00000 (3), -1134.00000 (3), -1134.00000 (3), -1134.00000 (3), -1134.00000 (3), -1134.00000 (3), -1134.00000 (3), 
Length of domains: 296
Current (lb-rhs): -1168.0
508 domains visited
Time: pickout 0.0209    decision 0.1287    set_bounds 0.0044    solve 0.3100    add 0.0783    
Accumulated time: pickout 0.0460    decision 0.5128    set_bounds 0.0088    solve 1.1270    add 0.1499    
Cumulative time: 2.048363447189331

BaB round 4
batch: 128
splitting decisions: 
split level 0: [/74, 436] [/74, 616] [/74, 371] [/74, 371] [/74, 371] [/74, 579] [/74, 451] [/74, 616] [/74, 451] [/74, 616] 
Early stop at 17th iter due to 10 iterations no improvement!
best_l after optimization: -268000.0
beta sum per layer: [0.0, 0.0, 0.0, 0.28619417548179626]
alpha/beta optimization time: 0.6032705307006836
pruning_in_iteration open status: False
ratio of positive domain = 0 / 256 = 0.0
pruning-in-iteration extra time: 0.0001270771026611328
torch.Size([256, 1])
Time: prepare 0.0027    bound 0.6047    transfer 0.0054    finalize 0.0737    func 0.6865    
Accumulated time: func 1.8121    prepare 0.0402    bound 1.5584    transfer 0.0185    finalize 0.2267    
max lb tensor(-922.) min lb tensor(-1168.)
Number of Verified Splits: 0 of 256
Current worst splitting domains lb-rhs (depth):
-1168.00000 (3), -1168.00000 (4), -1168.00000 (3), -1168.00000 (4), -1168.00000 (3), -1168.00000 (2), -1168.00000 (4), -1168.00000 (4), -1168.00000 (4), -1168.00000 (4), -1144.00000 (4), -1144.00000 (3), -1144.00000 (4), -1144.00000 (3), -1144.00000 (4), -1144.00000 (3), -1144.00000 (4), -1144.00000 (2), -1144.00000 (4), -1144.00000 (4), 
Length of domains: 424
Current (lb-rhs): -1168.0
764 domains visited
Time: pickout 0.0166    decision 0.3896    set_bounds 0.0045    solve 0.6870    add 0.0692    
Accumulated time: pickout 0.0627    decision 0.9024    set_bounds 0.0134    solve 1.8140    add 0.2191    
Cumulative time: 3.216735363006592

BaB round 5
batch: 128
splitting decisions: 
split level 0: [/74, 638] [/74, 531] [/74, 616] [/74, 616] [/74, 616] [/74, 745] [/74, 616] [/74, 436] [/74, 436] [/74, 579] 
best_l after optimization: -268000.71875
beta sum per layer: [0.0, 0.0, 0.0, 0.42913663387298584]
alpha/beta optimization time: 0.6395363807678223
pruning_in_iteration open status: False
ratio of positive domain = 0 / 256 = 0.0
pruning-in-iteration extra time: 3.600120544433594e-05
torch.Size([256, 1])
Time: prepare 0.0028    bound 0.6408    transfer 0.0041    finalize 0.0790    func 0.7268    
Accumulated time: func 2.5388    prepare 0.0445    bound 2.1993    transfer 0.0226    finalize 0.3057    
max lb tensor(-922.) min lb tensor(-1168.)
Number of Verified Splits: 0 of 256
Current worst splitting domains lb-rhs (depth):
-1168.00000 (4), -1168.00000 (4), -1168.00000 (3), -1168.00000 (3), -1168.00000 (5), -1168.00000 (4), -1168.00000 (5), -1168.00000 (5), -1168.00000 (5), -1168.00000 (2), -1168.00000 (5), -1168.00000 (3), -1168.00000 (5), -1144.00000 (5), -1144.00000 (5), -1144.00000 (3), -1144.00000 (5), -1144.00000 (4), -1144.00000 (4), -1144.00000 (2), 
Length of domains: 552
Current (lb-rhs): -1168.0
1020 domains visited
Time: pickout 0.0173    decision 0.3902    set_bounds 0.0046    solve 0.7274    add 0.0736    
Accumulated time: pickout 0.0799    decision 1.2925    set_bounds 0.0180    solve 2.5413    add 0.2927    
Cumulative time: 4.431403398513794

BaB round 6
batch: 128
splitting decisions: 
split level 0: [/74, 531] [/74, 745] [/74, 436] [/74, 436] [/74, 638] [/74, 473] [/74, 436] [/74, 638] [/74, 638] [/74, 531] 
best_l after optimization: -268000.34375
beta sum per layer: [0.0, 0.0, 0.0, 1.0244667530059814]
alpha/beta optimization time: 0.666038990020752
pruning_in_iteration open status: False
ratio of positive domain = 0 / 256 = 0.0
pruning-in-iteration extra time: 0.0023148059844970703
torch.Size([256, 1])
Time: prepare 0.0034    bound 0.6697    transfer 0.0060    finalize 0.0764    func 0.7555    
Accumulated time: func 3.2943    prepare 0.0498    bound 2.8689    transfer 0.0286    finalize 0.3821    
max lb tensor(-922.) min lb tensor(-1168.)
Number of Verified Splits: 0 of 256
Current worst splitting domains lb-rhs (depth):
-1168.00000 (5), -1168.00000 (5), -1168.00000 (3), -1168.00000 (6), -1168.00000 (3), -1168.00000 (5), -1168.00000 (4), -1168.00000 (4), -1168.00000 (6), -1168.00000 (2), -1168.00000 (6), -1168.00000 (4), -1168.00000 (6), -1168.00000 (3), -1168.00000 (6), -1168.00000 (6), -1144.00000 (6), -1144.00000 (4), -1144.00000 (6), -1144.00000 (5), 
Length of domains: 680
Current (lb-rhs): -1168.0
1276 domains visited
Time: pickout 0.0274    decision 0.4675    set_bounds 0.0049    solve 0.7560    add 0.0715    
Accumulated time: pickout 0.1073    decision 1.7600    set_bounds 0.0229    solve 3.2973    add 0.3642    
Cumulative time: 5.760343551635742

BaB round 7
batch: 128
splitting decisions: 
split level 0: [/74, 381] [/74, 381] [/74, 579] [/74, 638] [/74, 579] [/74, 659] [/74, 579] [/74, 579] [/74, 579] [/74, 745] 
best_l after optimization: -268001.34375
beta sum per layer: [0.0, 0.0, 0.0, 0.8837524056434631]
alpha/beta optimization time: 0.6238586902618408
pruning_in_iteration open status: False
ratio of positive domain = 0 / 256 = 0.0
pruning-in-iteration extra time: 5.555152893066406e-05
torch.Size([256, 1])
Time: prepare 0.0028    bound 0.6254    transfer 0.0066    finalize 0.0748    func 0.7097    
Accumulated time: func 4.0040    prepare 0.0573    bound 3.4943    transfer 0.0352    finalize 0.4569    
max lb tensor(-922.) min lb tensor(-1168.)
Number of Verified Splits: 0 of 256
Current worst splitting domains lb-rhs (depth):
-1168.00000 (3), -1168.00000 (7), -1168.00000 (5), -1168.00000 (7), -1168.00000 (2), -1168.00000 (4), -1168.00000 (4), -1168.00000 (6), -1168.00000 (7), -1168.00000 (7), -1168.00000 (6), -1168.00000 (5), -1168.00000 (3), -1168.00000 (3), -1168.00000 (7), -1168.00000 (5), -1168.00000 (6), -1168.00000 (7), -1168.00000 (4), -1144.00000 (4), 
Length of domains: 808
Current (lb-rhs): -1168.0
1532 domains visited
Time: pickout 0.0224    decision 0.3279    set_bounds 0.0047    solve 0.7102    add 0.0716    
Accumulated time: pickout 0.1297    decision 2.0879    set_bounds 0.0276    solve 4.0075    add 0.4357    
Cumulative time: 6.898561716079712

BaB round 8
batch: 128
splitting decisions: 
split level 0: [/74, 630] [/74, 610] [/74, 24] [/74, 381] [/74, 24] [/74, 972] [/74, 24] [/74, 24] [/74, 531] [/74, 630] 
best_l after optimization: -268001.0
beta sum per layer: [0.0, 0.0, 0.0, 1.4572908878326416]
alpha/beta optimization time: 0.637885570526123
pruning_in_iteration open status: False
ratio of positive domain = 0 / 256 = 0.0
pruning-in-iteration extra time: 7.390975952148438e-05
torch.Size([256, 1])
Time: prepare 0.0029    bound 0.6393    transfer 0.0052    finalize 0.0731    func 0.7206    
Accumulated time: func 4.7246    prepare 0.0899    bound 4.1336    transfer 0.0405    finalize 0.5301    
max lb tensor(-922.) min lb tensor(-1168.)
Number of Verified Splits: 0 of 256
Current worst splitting domains lb-rhs (depth):
-1168.00000 (7), -1168.00000 (6), -1168.00000 (7), -1168.00000 (2), -1168.00000 (6), -1168.00000 (3), -1168.00000 (8), -1168.00000 (8), -1168.00000 (5), -1168.00000 (4), -1168.00000 (3), -1168.00000 (5), -1168.00000 (7), -1168.00000 (4), -1168.00000 (8), -1168.00000 (5), -1168.00000 (3), -1168.00000 (8), -1168.00000 (8), -1168.00000 (4), 
Length of domains: 936
Current (lb-rhs): -1168.0
1788 domains visited
Time: pickout 0.0152    decision 0.3833    set_bounds 0.0048    solve 0.7211    add 0.0671    
Accumulated time: pickout 0.1449    decision 2.4712    set_bounds 0.0324    solve 4.7285    add 0.5029    
Cumulative time: 8.09143328666687

BaB round 9
batch: 128
splitting decisions: 
split level 0: [/74, 610] [/74, 659] [/74, 745] [/74, 610] [/74, 745] [/74, 479] [/74, 531] [/74, 630] [/74, 381] [/74, 972] 
best_l after optimization: -268002.0625
beta sum per layer: [0.0, 0.0, 0.0, 1.301609992980957]
alpha/beta optimization time: 0.6221714019775391
pruning_in_iteration open status: False
ratio of positive domain = 0 / 256 = 0.0
pruning-in-iteration extra time: 7.939338684082031e-05
torch.Size([256, 1])
Time: prepare 0.0028    bound 0.6235    transfer 0.0038    finalize 0.0788    func 0.7089    
Accumulated time: func 5.4335    prepare 0.0942    bound 4.7571    transfer 0.0443    finalize 0.6089    
max lb tensor(-922.) min lb tensor(-1168.)
Number of Verified Splits: 0 of 256
Current worst splitting domains lb-rhs (depth):
-1168.00000 (7), -1168.00000 (2), -1168.00000 (9), -1168.00000 (7), -1168.00000 (3), -1168.00000 (9), -1168.00000 (5), -1168.00000 (9), -1168.00000 (3), -1168.00000 (6), -1168.00000 (6), -1168.00000 (4), -1168.00000 (9), -1168.00000 (8), -1168.00000 (5), -1168.00000 (8), -1168.00000 (4), -1168.00000 (9), -1168.00000 (7), -1168.00000 (9), 
Length of domains: 1064
Current (lb-rhs): -1168.0
2044 domains visited
Time: pickout 0.0261    decision 0.3861    set_bounds 0.0047    solve 0.7094    add 0.3366    
Accumulated time: pickout 0.1710    decision 2.8573    set_bounds 0.0371    solve 5.4379    add 0.8395    
Cumulative time: 9.555996894836426

BaB round 10
batch: 128
splitting decisions: 
split level 0: [/74, 659] [/74, 479] [/74, 630] [/74, 23] [/74, 381] [/74, 1023] [/74, 745] [/74, 23] [/74, 630] [/74, 1023] 
best_l after optimization: -268001.59375
beta sum per layer: [0.0, 0.0, 0.0, 1.1914513111114502]
alpha/beta optimization time: 0.6401989459991455
pruning_in_iteration open status: False
ratio of positive domain = 0 / 256 = 0.0
pruning-in-iteration extra time: 0.002292633056640625
torch.Size([256, 1])
Time: prepare 0.0094    bound 0.6439    transfer 0.0062    finalize 0.0738    func 0.7334    
Accumulated time: func 6.1669    prepare 0.1085    bound 5.4010    transfer 0.0505    finalize 0.6826    
max lb tensor(-922.) min lb tensor(-1168.)
Number of Verified Splits: 0 of 256
Current worst splitting domains lb-rhs (depth):
-1168.00000 (6), -1168.00000 (7), -1168.00000 (4), -1168.00000 (10), -1168.00000 (8), -1168.00000 (7), -1168.00000 (3), -1168.00000 (2), -1168.00000 (5), -1168.00000 (9), -1168.00000 (10), -1168.00000 (8), -1168.00000 (5), -1168.00000 (9), -1168.00000 (5), -1168.00000 (6), -1168.00000 (10), -1168.00000 (3), -1168.00000 (9), -1168.00000 (6), 
Length of domains: 1192
Current (lb-rhs): -1168.0
2300 domains visited
Time: pickout 0.0277    decision 0.3131    set_bounds 0.0076    solve 0.7338    add 0.0699    
Accumulated time: pickout 0.1987    decision 3.1704    set_bounds 0.0447    solve 6.1718    add 0.9094    
Cumulative time: 10.70986270904541

BaB round 11
batch: 128
splitting decisions: 
split level 0: [/74, 171] [/74, 395] [/74, 23] [/74, 473] [/74, 610] [/74, 619] [/74, 381] [/74, 218] [/74, 610] [/74, 120] 
best_l after optimization: -268001.34375
beta sum per layer: [0.0, 0.0, 0.0, 1.5231237411499023]
alpha/beta optimization time: 0.606520414352417
pruning_in_iteration open status: False
ratio of positive domain = 0 / 256 = 0.0
pruning-in-iteration extra time: 3.838539123535156e-05
torch.Size([256, 1])
Time: prepare 0.0035    bound 0.6078    transfer 0.0039    finalize 0.0737    func 0.6889    
Accumulated time: func 6.8558    prepare 0.1213    bound 6.0088    transfer 0.0544    finalize 0.7563    
max lb tensor(-922.) min lb tensor(-1168.)
Number of Verified Splits: 0 of 256
Current worst splitting domains lb-rhs (depth):
-1168.00000 (10), -1168.00000 (9), -1168.00000 (7), -1168.00000 (4), -1168.00000 (11), -1168.00000 (3), -1168.00000 (3), -1168.00000 (11), -1168.00000 (10), -1168.00000 (9), -1168.00000 (7), -1168.00000 (6), -1168.00000 (2), -1168.00000 (5), -1168.00000 (9), -1168.00000 (11), -1168.00000 (8), -1168.00000 (4), -1168.00000 (5), -1168.00000 (8), 
Length of domains: 1320
Current (lb-rhs): -1168.0
2556 domains visited
Time: pickout 0.0267    decision 0.3241    set_bounds 0.0064    solve 0.6894    add 0.0693    
Accumulated time: pickout 0.2254    decision 3.4945    set_bounds 0.0511    solve 6.8612    add 0.9788    
Cumulative time: 11.82747745513916

BaB round 12
batch: 128
splitting decisions: 
split level 0: [/74, 120] [/74, 171] [/74, 218] [/74, 218] [/74, 23] [/74, 934] [/74, 630] [/74, 1023] [/74, 218] [/74, 835] 
best_l after optimization: -268002.5
beta sum per layer: [0.0, 0.0, 0.0, 1.3496404886245728]
alpha/beta optimization time: 0.6487231254577637
pruning_in_iteration open status: False
ratio of positive domain = 0 / 256 = 0.0
pruning-in-iteration extra time: 5.817413330078125e-05
torch.Size([256, 1])
Time: prepare 0.0028    bound 0.6501    transfer 0.0048    finalize 0.0727    func 0.7305    
Accumulated time: func 7.5863    prepare 0.1404    bound 6.6589    transfer 0.0592    finalize 0.8290    
max lb tensor(-922.) min lb tensor(-1168.)
Number of Verified Splits: 0 of 256
Current worst splitting domains lb-rhs (depth):
-1168.00000 (5), -1168.00000 (10), -1168.00000 (9), -1168.00000 (12), -1168.00000 (7), -1168.00000 (12), -1168.00000 (12), -1168.00000 (8), -1168.00000 (10), -1168.00000 (10), -1168.00000 (3), -1168.00000 (12), -1168.00000 (6), -1168.00000 (9), -1168.00000 (4), -1168.00000 (6), -1168.00000 (11), -1168.00000 (2), -1168.00000 (3), -1168.00000 (7), 
Length of domains: 1448
Current (lb-rhs): -1168.0
2812 domains visited
Time: pickout 0.0285    decision 0.2287    set_bounds 0.0047    solve 0.7310    add 0.0686    
Accumulated time: pickout 0.2539    decision 3.7232    set_bounds 0.0558    solve 7.5922    add 1.0473    
Cumulative time: 12.890267610549927

BaB round 13
batch: 128
splitting decisions: 
split level 0: [/74, 835] [/74, 537] [/74, 659] [/74, 659] [/74, 218] [/74, 931] [/74, 473] [/74, 395] [/74, 659] [/74, 537] 
best_l after optimization: -268001.4375
beta sum per layer: [0.0, 0.0, 0.0, 1.1878044605255127]
alpha/beta optimization time: 0.6546428203582764
pruning_in_iteration open status: False
ratio of positive domain = 0 / 256 = 0.0
pruning-in-iteration extra time: 4.00543212890625e-05
torch.Size([256, 1])
Time: prepare 0.0028    bound 0.6559    transfer 0.0052    finalize 0.0777    func 0.7416    
Accumulated time: func 8.3279    prepare 0.1729    bound 7.3149    transfer 0.0644    finalize 0.9067    
max lb tensor(-922.) min lb tensor(-1168.)
Number of Verified Splits: 0 of 256
Current worst splitting domains lb-rhs (depth):
-1168.00000 (5), -1168.00000 (3), -1168.00000 (3), -1168.00000 (5), -1168.00000 (13), -1168.00000 (11), -1168.00000 (3), -1168.00000 (9), -1168.00000 (13), -1168.00000 (10), -1168.00000 (9), -1168.00000 (6), -1168.00000 (7), -1168.00000 (13), -1168.00000 (8), -1168.00000 (8), -1168.00000 (10), -1168.00000 (13), -1168.00000 (2), -1168.00000 (6), 
Length of domains: 1576
Current (lb-rhs): -1168.0
3068 domains visited
Time: pickout 0.0198    decision 0.3890    set_bounds 0.0047    solve 0.7421    add 0.0713    
Accumulated time: pickout 0.2737    decision 4.1122    set_bounds 0.0605    solve 8.3343    add 1.1186    
Cumulative time: 14.119019746780396

BaB round 14
batch: 128
splitting decisions: 
split level 0: [/74, 619] [/74, 619] [/74, 1023] [/74, 1023] [/74, 479] [/74, 251] [/74, 479] [/74, 171] [/74, 972] [/74, 619] 
best_l after optimization: -268001.25
beta sum per layer: [0.0, 0.0, 0.0, 1.643043041229248]
alpha/beta optimization time: 0.7395975589752197
pruning_in_iteration open status: False
ratio of positive domain = 0 / 256 = 0.0
pruning-in-iteration extra time: 5.841255187988281e-05
torch.Size([256, 1])
Time: prepare 0.0094    bound 0.7410    transfer 0.0042    finalize 0.1993    func 0.9540    
Accumulated time: func 9.2819    prepare 0.1845    bound 8.0559    transfer 0.0686    finalize 1.1060    
max lb tensor(-922.) min lb tensor(-1168.)
Number of Verified Splits: 0 of 256
Current worst splitting domains lb-rhs (depth):
-1168.00000 (9), -1168.00000 (6), -1168.00000 (13), -1168.00000 (3), -1168.00000 (9), -1168.00000 (10), -1168.00000 (6), -1168.00000 (12), -1168.00000 (2), -1168.00000 (6), -1168.00000 (7), -1168.00000 (12), -1168.00000 (3), -1168.00000 (14), -1168.00000 (14), -1168.00000 (7), -1168.00000 (12), -1168.00000 (11), -1168.00000 (7), -1168.00000 (11), 
Length of domains: 1704
Current (lb-rhs): -1168.0
3324 domains visited
Time: pickout 0.0271    decision 0.3068    set_bounds 0.0075    solve 0.9545    add 0.0696    
Accumulated time: pickout 0.3008    decision 4.4190    set_bounds 0.0680    solve 9.2888    add 1.1882    
Cumulative time: 15.48633360862732

BaB round 15
batch: 128
splitting decisions: 
split level 0: [/74, 508] [/74, 251] [/74, 395] [/74, 835] [/74, 1023] [/74, 904] [/74, 1023] [/74, 120] [/74, 1023] [/74, 934] 
best_l after optimization: -268002.1875
beta sum per layer: [0.0, 0.0, 0.0, 1.5902371406555176]
alpha/beta optimization time: 0.3769819736480713
pruning_in_iteration open status: False
ratio of positive domain = 0 / 256 = 0.0
pruning-in-iteration extra time: 3.719329833984375e-05
torch.Size([256, 1])
Time: prepare 0.0027    bound 0.3783    transfer 0.0057    finalize 0.0799    func 0.4667    
Accumulated time: func 9.7486    prepare 0.1885    bound 8.4342    transfer 0.0743    finalize 1.1859    
max lb tensor(-922.) min lb tensor(-1168.)
Number of Verified Splits: 0 of 256
Current worst splitting domains lb-rhs (depth):
-1168.00000 (11), -1168.00000 (7), -1168.00000 (3), -1168.00000 (8), -1168.00000 (6), -1168.00000 (15), -1168.00000 (9), -1168.00000 (13), -1168.00000 (2), -1168.00000 (12), -1168.00000 (13), -1168.00000 (15), -1168.00000 (13), -1168.00000 (4), -1168.00000 (5), -1168.00000 (10), -1168.00000 (5), -1168.00000 (7), -1168.00000 (3), -1168.00000 (9), 
Length of domains: 1832
Current (lb-rhs): -1168.0
3580 domains visited
Time: pickout 0.0169    decision 0.1287    set_bounds 0.0047    solve 0.4672    add 0.0717    
Accumulated time: pickout 0.3177    decision 4.5476    set_bounds 0.0727    solve 9.7559    add 1.2600    
Cumulative time: 16.177161931991577

BaB round 16
batch: 128
splitting decisions: 
split level 0: [/74, 141] [/74, 508] [/74, 120] [/74, 537] [/74, 835] [/74, 141] [/74, 171] [/74, 931] [/74, 395] [/74, 251] 
best_l after optimization: -268001.8125
beta sum per layer: [0.0, 0.0, 0.0, 1.5339417457580566]
alpha/beta optimization time: 0.6530337333679199
pruning_in_iteration open status: False
ratio of positive domain = 0 / 256 = 0.0
pruning-in-iteration extra time: 3.981590270996094e-05
torch.Size([256, 1])
Time: prepare 0.0028    bound 0.6544    transfer 0.0052    finalize 0.0781    func 0.7406    
Accumulated time: func 10.4891    prepare 0.2274    bound 9.0886    transfer 0.0795    finalize 1.2640    
max lb tensor(-922.) min lb tensor(-1168.)
Number of Verified Splits: 0 of 256
Current worst splitting domains lb-rhs (depth):
-1168.00000 (9), -1168.00000 (4), -1168.00000 (14), -1168.00000 (7), -1168.00000 (8), -1168.00000 (10), -1168.00000 (4), -1168.00000 (6), -1168.00000 (2), -1168.00000 (16), -1168.00000 (14), -1168.00000 (13), -1168.00000 (12), -1168.00000 (6), -1168.00000 (8), -1168.00000 (5), -1168.00000 (3), -1168.00000 (15), -1168.00000 (15), -1168.00000 (6), 
Length of domains: 1960
Current (lb-rhs): -1168.0
3836 domains visited
Time: pickout 0.0187    decision 0.4339    set_bounds 0.0048    solve 0.7411    add 0.0774    
Accumulated time: pickout 0.3364    decision 4.9815    set_bounds 0.0775    solve 10.4970    add 1.3374    
Cumulative time: 17.455368518829346

BaB round 17
batch: 128
splitting decisions: 
split level 0: [/74, 874] [/74, 904] [/74, 835] [/74, 934] [/74, 537] [/74, 874] [/74, 120] [/74, 251] [/74, 171] [/74, 508] 
best_l after optimization: -268001.375
beta sum per layer: [0.0, 0.0, 0.0, 1.8292527198791504]
alpha/beta optimization time: 0.7001335620880127
pruning_in_iteration open status: False
ratio of positive domain = 0 / 256 = 0.0
pruning-in-iteration extra time: 3.647804260253906e-05
torch.Size([256, 1])
Time: prepare 0.0030    bound 0.7017    transfer 0.0046    finalize 0.0805    func 0.7899    
Accumulated time: func 11.2790    prepare 0.2347    bound 9.7904    transfer 0.0841    finalize 1.3445    
max lb tensor(-922.) min lb tensor(-1168.)
Number of Verified Splits: 0 of 256
Current worst splitting domains lb-rhs (depth):
-1168.00000 (12), -1168.00000 (14), -1168.00000 (16), -1168.00000 (7), -1168.00000 (4), -1168.00000 (6), -1168.00000 (17), -1168.00000 (13), -1168.00000 (8), -1168.00000 (10), -1168.00000 (2), -1168.00000 (17), -1168.00000 (3), -1168.00000 (16), -1168.00000 (11), -1168.00000 (13), -1168.00000 (17), -1168.00000 (6), -1168.00000 (13), -1168.00000 (10), 
Length of domains: 2088
Current (lb-rhs): -1168.0
4092 domains visited
Time: pickout 0.0291    decision 0.3667    set_bounds 0.0050    solve 0.7904    add 0.6501    
Accumulated time: pickout 0.3655    decision 5.3482    set_bounds 0.0825    solve 11.2874    add 1.9875    
Cumulative time: 19.298375844955444

BaB round 18
batch: 128
splitting decisions: 
split level 0: [/74, 602] [/74, 141] [/74, 537] [/74, 251] [/74, 619] [/74, 602] [/74, 835] [/74, 508] [/74, 835] [/74, 904] 
best_l after optimization: -268002.375
beta sum per layer: [0.0, 0.0, 0.0, 1.7152589559555054]
alpha/beta optimization time: 0.7955703735351562
pruning_in_iteration open status: False
ratio of positive domain = 0 / 256 = 0.0
pruning-in-iteration extra time: 0.00015020370483398438
torch.Size([256, 1])
Time: prepare 0.0028    bound 0.7970    transfer 0.0034    finalize 0.0762    func 0.8794    
Accumulated time: func 12.1584    prepare 0.2389    bound 10.5874    transfer 0.0875    finalize 1.4206    
max lb tensor(-922.) min lb tensor(-1168.)
Number of Verified Splits: 0 of 256
Current worst splitting domains lb-rhs (depth):
-1168.00000 (8), -1168.00000 (3), -1168.00000 (17), -1168.00000 (8), -1168.00000 (13), -1168.00000 (15), -1168.00000 (18), -1168.00000 (7), -1168.00000 (10), -1168.00000 (5), -1168.00000 (12), -1168.00000 (5), -1168.00000 (2), -1168.00000 (4), -1168.00000 (10), -1168.00000 (16), -1168.00000 (12), -1168.00000 (16), -1168.00000 (7), -1168.00000 (17), 
Length of domains: 2216
Current (lb-rhs): -1168.0
4348 domains visited
Time: pickout 0.0173    decision 0.1303    set_bounds 0.0049    solve 0.8799    add 0.0694    
Accumulated time: pickout 0.3828    decision 5.4785    set_bounds 0.0874    solve 12.1673    add 2.0569    
Cumulative time: 20.40181541442871

BaB round 19
batch: 128
splitting decisions: 
split level 0: [/74, 486] [/74, 874] [/74, 619] [/74, 508] [/74, 874] [/74, 486] [/74, 537] [/74, 904] [/74, 537] [/74, 141] 
best_l after optimization: -268001.6875
beta sum per layer: [0.0, 0.0, 0.0, 1.867815613746643]
alpha/beta optimization time: 0.7174768447875977
pruning_in_iteration open status: False
ratio of positive domain = 0 / 256 = 0.0
pruning-in-iteration extra time: 0.0023910999298095703
torch.Size([256, 1])
Time: prepare 0.0028    bound 0.7211    transfer 0.0057    finalize 0.0732    func 0.8028    
Accumulated time: func 12.9612    prepare 0.2576    bound 11.3085    transfer 0.0932    finalize 1.4938    
max lb tensor(-922.) min lb tensor(-1168.)
Number of Verified Splits: 0 of 256
Current worst splitting domains lb-rhs (depth):
-1168.00000 (17), -1168.00000 (6), -1168.00000 (19), -1168.00000 (15), -1168.00000 (8), -1168.00000 (13), -1168.00000 (16), -1168.00000 (17), -1168.00000 (14), -1168.00000 (3), -1168.00000 (16), -1168.00000 (11), -1168.00000 (9), -1168.00000 (2), -1168.00000 (12), -1168.00000 (19), -1168.00000 (4), -1168.00000 (19), -1168.00000 (18), -1168.00000 (13), 
Length of domains: 2344
Current (lb-rhs): -1168.0
4604 domains visited
Time: pickout 0.0148    decision 0.3797    set_bounds 0.0049    solve 0.8033    add 0.0696    
Accumulated time: pickout 0.3977    decision 5.8582    set_bounds 0.0923    solve 12.9706    add 2.1265    
Cumulative time: 21.675808906555176

BaB round 20
batch: 128
splitting decisions: 
split level 0: [/74, 167] [/74, 602] [/74, 931] [/74, 356] [/74, 602] [/74, 502] [/74, 934] [/74, 874] [/74, 934] [/74, 874] 
best_l after optimization: -268002.0
beta sum per layer: [0.0, 0.0, 0.0, 1.6902122497558594]
alpha/beta optimization time: 0.7824983596801758
pruning_in_iteration open status: False
ratio of positive domain = 0 / 256 = 0.0
pruning-in-iteration extra time: 0.0001952648162841797
torch.Size([256, 1])
Time: prepare 0.0028    bound 0.7839    transfer 0.0038    finalize 0.0739    func 0.8645    
Accumulated time: func 13.8257    prepare 0.2841    bound 12.0924    transfer 0.0971    finalize 1.5677    
max lb tensor(-922.) min lb tensor(-1168.)
Number of Verified Splits: 0 of 256
Current worst splitting domains lb-rhs (depth):
-1168.00000 (12), -1168.00000 (17), -1168.00000 (20), -1168.00000 (7), -1168.00000 (20), -1168.00000 (18), -1168.00000 (4), -1168.00000 (7), -1168.00000 (10), -1168.00000 (15), -1168.00000 (16), -1168.00000 (18), -1168.00000 (7), -1168.00000 (13), -1168.00000 (14), -1168.00000 (20), -1168.00000 (13), -1168.00000 (6), -1168.00000 (2), -1168.00000 (15), 
Length of domains: 2472
Current (lb-rhs): -1168.0
4860 domains visited
Time: pickout 0.0194    decision 0.3203    set_bounds 0.0048    solve 0.8649    add 0.0700    
Accumulated time: pickout 0.4171    decision 6.1785    set_bounds 0.0971    solve 13.8355    add 2.1965    
Cumulative time: 22.95683741569519

BaB round 21
batch: 128
splitting decisions: 
split level 0: [/74, 502] [/74, 781] [/74, 508] [/74, 141] [/74, 161] [/74, 551] [/74, 931] [/74, 602] [/74, 931] [/74, 161] 
best_l after optimization: -268001.40625
beta sum per layer: [0.0, 0.0, 0.0, 1.81266450881958]
alpha/beta optimization time: 0.7794461250305176
pruning_in_iteration open status: False
ratio of positive domain = 0 / 256 = 0.0
pruning-in-iteration extra time: 0.00015163421630859375
torch.Size([256, 1])
Time: prepare 0.0029    bound 0.7809    transfer 0.0038    finalize 0.0765    func 0.8642    
Accumulated time: func 14.6899    prepare 0.3022    bound 12.8733    transfer 0.1009    finalize 1.6442    
max lb tensor(-922.) min lb tensor(-1168.)
Number of Verified Splits: 0 of 256
Current worst splitting domains lb-rhs (depth):
-1168.00000 (21), -1168.00000 (19), -1168.00000 (3), -1168.00000 (10), -1168.00000 (17), -1168.00000 (12), -1168.00000 (9), -1168.00000 (3), -1168.00000 (14), -1168.00000 (4), -1168.00000 (15), -1168.00000 (18), -1168.00000 (5), -1168.00000 (16), -1168.00000 (18), -1168.00000 (7), -1168.00000 (9), -1168.00000 (11), -1168.00000 (19), -1168.00000 (12), 
Length of domains: 2600
Current (lb-rhs): -1168.0
5116 domains visited
Time: pickout 0.0246    decision 0.2545    set_bounds 0.0050    solve 0.8647    add 0.0676    
Accumulated time: pickout 0.4417    decision 6.4330    set_bounds 0.1021    solve 14.7002    add 2.2640    
Cumulative time: 24.174906969070435

BaB round 22
batch: 128
splitting decisions: 
split level 0: [/74, 408] [/74, 90] [/74, 141] [/74, 874] [/74, 502] [/74, 408] [/74, 251] [/74, 486] [/74, 508] [/74, 167] 
best_l after optimization: -268002.9375
beta sum per layer: [0.0, 0.0, 0.0, 1.765207290649414]
alpha/beta optimization time: 0.781989574432373
pruning_in_iteration open status: False
ratio of positive domain = 0 / 256 = 0.0
pruning-in-iteration extra time: 0.00018525123596191406
torch.Size([256, 1])
Time: prepare 0.0028    bound 0.7834    transfer 0.0041    finalize 0.0767    func 0.8670    
Accumulated time: func 15.5568    prepare 0.3146    bound 13.6568    transfer 0.1050    finalize 1.7208    
max lb tensor(-922.) min lb tensor(-1168.)
Number of Verified Splits: 0 of 256
Current worst splitting domains lb-rhs (depth):
-1168.00000 (15), -1168.00000 (12), -1168.00000 (22), -1168.00000 (20), -1168.00000 (13), -1168.00000 (7), -1168.00000 (18), -1168.00000 (9), -1168.00000 (22), -1168.00000 (3), -1168.00000 (22), -1168.00000 (20), -1168.00000 (7), -1168.00000 (11), -1168.00000 (17), -1168.00000 (13), -1168.00000 (9), -1168.00000 (4), -1168.00000 (6), -1168.00000 (20), 
Length of domains: 2728
Current (lb-rhs): -1168.0
5372 domains visited
Time: pickout 0.0252    decision 0.2383    set_bounds 0.0050    solve 0.8675    add 0.0711    
Accumulated time: pickout 0.4668    decision 6.6713    set_bounds 0.1071    solve 15.5676    add 2.3352    
Cumulative time: 25.38361120223999

BaB round 23
batch: 128
splitting decisions: 
split level 0: [/74, 781] [/74, 867] [/74, 486] [/74, 602] [/74, 781] [/74, 447] [/74, 356] [/74, 502] [/74, 904] [/74, 502] 
best_l after optimization: -268002.125
beta sum per layer: [0.0, 0.0, 0.0, 1.8609527349472046]
alpha/beta optimization time: 0.7845935821533203
pruning_in_iteration open status: False
ratio of positive domain = 0 / 256 = 0.0
pruning-in-iteration extra time: 0.0001442432403564453
torch.Size([256, 1])
Time: prepare 0.0028    bound 0.7860    transfer 0.0044    finalize 0.0787    func 0.8718    
Accumulated time: func 16.4286    prepare 0.3356    bound 14.4428    transfer 0.1093    finalize 1.7995    
max lb tensor(-922.) min lb tensor(-1168.)
Number of Verified Splits: 0 of 256
Current worst splitting domains lb-rhs (depth):
-1168.00000 (4), -1168.00000 (23), -1168.00000 (20), -1168.00000 (18), -1168.00000 (7), -1168.00000 (3), -1168.00000 (12), -1168.00000 (16), -1168.00000 (14), -1168.00000 (9), -1168.00000 (23), -1168.00000 (22), -1168.00000 (5), -1168.00000 (13), -1168.00000 (5), -1168.00000 (18), -1168.00000 (8), -1168.00000 (20), -1168.00000 (7), -1168.00000 (10), 
Length of domains: 2856
Current (lb-rhs): -1168.0
5628 domains visited
Time: pickout 0.0240    decision 0.2431    set_bounds 0.0047    solve 0.8723    add 0.0747    
Accumulated time: pickout 0.4908    decision 6.9144    set_bounds 0.1118    solve 16.4400    add 2.4099    
Cumulative time: 26.60422921180725

BaB round 24
batch: 128
splitting decisions: 
split level 0: [/74, 867] [/74, 417] [/74, 167] [/74, 161] [/74, 90] [/74, 680] [/74, 551] [/74, 551] [/74, 141] [/74, 408] 
best_l after optimization: -268002.4375
beta sum per layer: [0.0, 0.0, 0.0, 1.8079520463943481]
alpha/beta optimization time: 0.3922762870788574
pruning_in_iteration open status: False
ratio of positive domain = 0 / 256 = 0.0
pruning-in-iteration extra time: 7.319450378417969e-05
torch.Size([256, 1])
Time: prepare 0.0030    bound 0.3938    transfer 0.0052    finalize 0.0757    func 0.4777    
Accumulated time: func 16.9064    prepare 0.3609    bound 14.8366    transfer 0.1145    finalize 1.8752    
max lb tensor(-922.) min lb tensor(-1168.)
Number of Verified Splits: 0 of 256
Current worst splitting domains lb-rhs (depth):
-1168.00000 (12), -1168.00000 (21), -1168.00000 (14), -1168.00000 (20), -1168.00000 (4), -1168.00000 (5), -1168.00000 (24), -1168.00000 (17), -1168.00000 (7), -1168.00000 (10), -1168.00000 (24), -1168.00000 (8), -1168.00000 (14), -1168.00000 (22), -1168.00000 (18), -1168.00000 (23), -1168.00000 (20), -1168.00000 (10), -1168.00000 (22), -1168.00000 (7), 
Length of domains: 2984
Current (lb-rhs): -1168.0
5884 domains visited
Time: pickout 0.0293    decision 0.2771    set_bounds 0.0052    solve 0.4782    add 0.0706    
Accumulated time: pickout 0.5201    decision 7.1915    set_bounds 0.1169    solve 16.9182    add 2.4805    
Cumulative time: 27.466065168380737

BaB round 25
batch: 128
splitting decisions: 
split level 0: [/74, 680] [/74, 310] [/74, 502] [/74, 408] [/74, 867] [/74, 749] [/74, 408] [/74, 408] [/74, 602] [/74, 90] 
best_l after optimization: -268001.8125
beta sum per layer: [0.0, 0.0, 0.0, 1.763305902481079]
alpha/beta optimization time: 0.691291093826294
pruning_in_iteration open status: False
ratio of positive domain = 0 / 256 = 0.0
pruning-in-iteration extra time: 9.179115295410156e-05
torch.Size([256, 1])
Time: prepare 0.0028    bound 0.6927    transfer 0.0036    finalize 0.0779    func 0.7770    
Accumulated time: func 17.6834    prepare 0.3930    bound 15.5292    transfer 0.1181    finalize 1.9532    
max lb tensor(-922.) min lb tensor(-1168.)
Number of Verified Splits: 0 of 256
Current worst splitting domains lb-rhs (depth):
-1168.00000 (11), -1168.00000 (16), -1168.00000 (19), -1168.00000 (10), -1168.00000 (7), -1168.00000 (15), -1168.00000 (20), -1168.00000 (5), -1168.00000 (25), -1168.00000 (23), -1168.00000 (3), -1168.00000 (10), -1168.00000 (15), -1168.00000 (7), -1168.00000 (20), -1168.00000 (25), -1168.00000 (25), -1168.00000 (14), -1168.00000 (20), -1168.00000 (6), 
Length of domains: 3112
Current (lb-rhs): -1168.0
6140 domains visited
Time: pickout 0.0168    decision 0.3867    set_bounds 0.0048    solve 0.7775    add 0.0687    
Accumulated time: pickout 0.5370    decision 7.5782    set_bounds 0.1217    solve 17.6957    add 2.5492    
Cumulative time: 28.722298622131348

BaB round 26
batch: 128
splitting decisions: 
split level 0: [/74, 749] [/74, 127] [/74, 551] [/74, 781] [/74, 417] [/74, 257] [/74, 447] [/74, 417] [/74, 161] [/74, 417] 
best_l after optimization: -268001.4375
beta sum per layer: [0.0, 0.0, 0.0, 1.9000061750411987]
alpha/beta optimization time: 0.6377067565917969
pruning_in_iteration open status: False
ratio of positive domain = 0 / 256 = 0.0
pruning-in-iteration extra time: 3.600120544433594e-05
torch.Size([256, 1])
Time: prepare 0.0028    bound 0.6390    transfer 0.0050    finalize 0.0795    func 0.7263    
Accumulated time: func 18.4097    prepare 0.4318    bound 16.1683    transfer 0.1231    finalize 2.0327    
max lb tensor(-922.) min lb tensor(-1168.)
Number of Verified Splits: 0 of 256
Current worst splitting domains lb-rhs (depth):
-1168.00000 (4), -1168.00000 (18), -1168.00000 (9), -1168.00000 (12), -1168.00000 (10), -1168.00000 (9), -1168.00000 (3), -1168.00000 (22), -1168.00000 (6), -1168.00000 (24), -1168.00000 (25), -1168.00000 (15), -1168.00000 (5), -1168.00000 (26), -1168.00000 (18), -1168.00000 (7), -1168.00000 (15), -1168.00000 (26), -1168.00000 (20), -1168.00000 (3), 
Length of domains: 3240
Current (lb-rhs): -1168.0
6396 domains visited
Time: pickout 0.0267    decision 0.4092    set_bounds 0.0053    solve 0.7268    add 0.0708    
Accumulated time: pickout 0.5637    decision 7.9874    set_bounds 0.1270    solve 18.4225    add 2.6200    
Cumulative time: 29.962852001190186

BaB round 27
batch: 128
splitting decisions: 
split level 0: [/74, 257] [/74, 820] [/74, 408] [/74, 90] [/74, 820] [/74, 127] [/74, 90] [/74, 680] [/74, 502] [/74, 680] 
best_l after optimization: -268001.9375
beta sum per layer: [0.0, 0.0, 0.0, 1.8104127645492554]
alpha/beta optimization time: 0.6396734714508057
pruning_in_iteration open status: False
ratio of positive domain = 0 / 256 = 0.0
pruning-in-iteration extra time: 4.5299530029296875e-05
torch.Size([256, 1])
Time: prepare 0.0030    bound 0.6410    transfer 0.0044    finalize 0.0778    func 0.7263    
Accumulated time: func 19.1360    prepare 0.4375    bound 16.8093    transfer 0.1275    finalize 2.1105    
max lb tensor(-922.) min lb tensor(-1168.)
Number of Verified Splits: 0 of 256
Current worst splitting domains lb-rhs (depth):
-1168.00000 (19), -1168.00000 (3), -1168.00000 (25), -1168.00000 (19), -1168.00000 (9), -1168.00000 (15), -1168.00000 (21), -1168.00000 (24), -1168.00000 (16), -1168.00000 (27), -1168.00000 (12), -1168.00000 (5), -1168.00000 (7), -1168.00000 (7), -1168.00000 (11), -1168.00000 (22), -1168.00000 (14), -1168.00000 (9), -1168.00000 (17), -1168.00000 (7), 
Length of domains: 3368
Current (lb-rhs): -1168.0
6652 domains visited
Time: pickout 0.0275    decision 0.4014    set_bounds 0.0049    solve 0.7268    add 0.0701    
Accumulated time: pickout 0.5912    decision 8.3888    set_bounds 0.1320    solve 19.1493    add 2.6901    
Cumulative time: 31.195342540740967

BaB round 28
batch: 128
splitting decisions: 
split level 0: [/74, 310] [/74, 696] [/74, 447] [/74, 867] [/74, 627] [/74, 627] [/74, 749] [/74, 749] [/74, 447] [/74, 257] 
best_l after optimization: -268001.59375
beta sum per layer: [0.0, 0.0, 0.0, 1.818403720855713]
alpha/beta optimization time: 0.6154274940490723
pruning_in_iteration open status: False
ratio of positive domain = 0 / 256 = 0.0
pruning-in-iteration extra time: 3.600120544433594e-05
torch.Size([256, 1])
Time: prepare 0.0027    bound 0.6167    transfer 0.0038    finalize 0.0767    func 0.7000    
Accumulated time: func 19.8360    prepare 0.4615    bound 17.4260    transfer 0.1313    finalize 2.1872    
max lb tensor(-922.) min lb tensor(-1168.)
Number of Verified Splits: 0 of 256
Current worst splitting domains lb-rhs (depth):
-1168.00000 (13), -1168.00000 (10), -1168.00000 (16), -1168.00000 (11), -1168.00000 (28), -1168.00000 (8), -1168.00000 (3), -1168.00000 (19), -1168.00000 (23), -1168.00000 (5), -1168.00000 (6), -1168.00000 (27), -1168.00000 (24), -1168.00000 (25), -1168.00000 (9), -1168.00000 (19), -1168.00000 (17), -1168.00000 (25), -1168.00000 (26), -1168.00000 (18), 
Length of domains: 3496
Current (lb-rhs): -1168.0
6908 domains visited
Time: pickout 0.0287    decision 0.3559    set_bounds 0.0048    solve 0.7004    add 0.0701    
Accumulated time: pickout 0.6199    decision 8.7446    set_bounds 0.1368    solve 19.8497    add 2.7602    
Cumulative time: 32.35717988014221

BaB round 29
batch: 128
splitting decisions: 
split level 0: [/74, 127] [/74, 243] [/74, 867] [/74, 680] [/74, 538] [/74, 607] [/74, 820] [/74, 310] [/74, 781] [/74, 174] 
best_l after optimization: -268001.625
beta sum per layer: [0.0, 0.0, 0.0, 1.9133596420288086]
alpha/beta optimization time: 0.6589410305023193
pruning_in_iteration open status: False
ratio of positive domain = 0 / 256 = 0.0
pruning-in-iteration extra time: 3.647804260253906e-05
torch.Size([256, 1])
Time: prepare 0.0028    bound 0.6603    transfer 0.0037    finalize 0.2041    func 0.8709    
Accumulated time: func 20.7069    prepare 0.4935    bound 18.0863    transfer 0.1350    finalize 2.3913    
max lb tensor(-922.) min lb tensor(-1168.)
Number of Verified Splits: 0 of 256
Current worst splitting domains lb-rhs (depth):
-1168.00000 (17), -1168.00000 (16), -1168.00000 (12), -1168.00000 (16), -1168.00000 (28), -1168.00000 (4), -1168.00000 (21), -1168.00000 (12), -1168.00000 (28), -1168.00000 (24), -1168.00000 (7), -1168.00000 (24), -1168.00000 (17), -1168.00000 (28), -1168.00000 (4), -1168.00000 (12), -1168.00000 (21), -1168.00000 (17), -1168.00000 (3), -1168.00000 (3), 
Length of domains: 3624
Current (lb-rhs): -1168.0
7164 domains visited
Time: pickout 0.0272    decision 0.3703    set_bounds 0.0050    solve 0.8714    add 0.0724    
Accumulated time: pickout 0.6471    decision 9.1149    set_bounds 0.1418    solve 20.7212    add 2.8326    
Cumulative time: 33.705241203308105

BaB round 30
batch: 128
splitting decisions: 
split level 0: [/74, 820] [/74, 607] [/74, 680] [/74, 749] [/74, 625] [/74, 662] [/74, 174] [/74, 174] [/74, 90] [/74, 454] 
best_l after optimization: -268002.0
beta sum per layer: [0.0, 0.0, 0.0, 1.8195466995239258]
alpha/beta optimization time: 0.6551616191864014
pruning_in_iteration open status: False
ratio of positive domain = 0 / 256 = 0.0
pruning-in-iteration extra time: 3.838539123535156e-05
torch.Size([256, 1])
Time: prepare 0.0028    bound 0.6565    transfer 0.0045    finalize 0.0811    func 0.7450    
Accumulated time: func 21.4519    prepare 0.4986    bound 18.7428    transfer 0.1395    finalize 2.4724    
max lb tensor(-922.) min lb tensor(-1168.)
Number of Verified Splits: 0 of 256
Current worst splitting domains lb-rhs (depth):
-1168.00000 (19), -1168.00000 (26), -1168.00000 (5), -1168.00000 (27), -1168.00000 (17), -1168.00000 (18), -1168.00000 (8), -1168.00000 (10), -1168.00000 (3), -1168.00000 (28), -1168.00000 (7), -1168.00000 (4), -1168.00000 (25), -1168.00000 (11), -1168.00000 (11), -1168.00000 (21), -1168.00000 (19), -1168.00000 (29), -1168.00000 (13), -1168.00000 (30), 
Length of domains: 3752
Current (lb-rhs): -1168.0
7420 domains visited
Time: pickout 0.0299    decision 0.2554    set_bounds 0.0049    solve 0.7455    add 0.0737    
Accumulated time: pickout 0.6769    decision 9.3703    set_bounds 0.1466    solve 21.4667    add 2.9063    
Cumulative time: 34.81655526161194

BaB round 31
batch: 128
splitting decisions: 
split level 0: [/74, 696] [/74, 50] [/74, 749] [/74, 310] [/74, 483] [/74, 50] [/74, 454] [/74, 243] [/74, 867] [/74, 627] 
best_l after optimization: -268001.625
beta sum per layer: [0.0, 0.0, 0.0, 1.897897720336914]
alpha/beta optimization time: 0.6668667793273926
pruning_in_iteration open status: False
ratio of positive domain = 0 / 256 = 0.0
pruning-in-iteration extra time: 0.0021905899047851562
torch.Size([256, 1])
Time: prepare 0.0029    bound 0.6705    transfer 0.0062    finalize 0.0763    func 0.7559    
Accumulated time: func 22.2079    prepare 0.5151    bound 19.4133    transfer 0.1458    finalize 2.5487    
max lb tensor(-922.) min lb tensor(-1168.)
Number of Verified Splits: 0 of 256
Current worst splitting domains lb-rhs (depth):
-1168.00000 (30), -1168.00000 (6), -1168.00000 (31), -1168.00000 (27), -1168.00000 (7), -1168.00000 (12), -1168.00000 (13), -1168.00000 (17), -1168.00000 (23), -1168.00000 (19), -1168.00000 (9), -1168.00000 (4), -1168.00000 (3), -1168.00000 (5), -1168.00000 (30), -1168.00000 (11), -1168.00000 (25), -1168.00000 (28), -1168.00000 (20), -1168.00000 (23), 
Length of domains: 3880
Current (lb-rhs): -1168.0
7676 domains visited
Time: pickout 0.0287    decision 0.4769    set_bounds 0.0060    solve 0.7565    add 0.0693    
Accumulated time: pickout 0.7056    decision 9.8472    set_bounds 0.1526    solve 22.2231    add 2.9756    
Cumulative time: 36.155455350875854

BaB round 32
batch: 128
splitting decisions: 
split level 0: [/74, 627] [/74, 538] [/74, 127] [/74, 127] [/74, 301] [/74, 547] [/74, 696] [/74, 627] [/74, 417] [/74, 662] 
best_l after optimization: -268002.53125
beta sum per layer: [0.0, 0.0, 0.0, 1.8462245464324951]
alpha/beta optimization time: 0.6813077926635742
pruning_in_iteration open status: False
ratio of positive domain = 0 / 256 = 0.0
pruning-in-iteration extra time: 0.0002503395080566406
torch.Size([256, 1])
Time: prepare 0.0029    bound 0.6829    transfer 0.0041    finalize 0.0765    func 0.7665    
Accumulated time: func 22.9743    prepare 0.5270    bound 20.0961    transfer 0.1499    finalize 2.6251    
max lb tensor(-922.) min lb tensor(-1168.)
Number of Verified Splits: 0 of 256
Current worst splitting domains lb-rhs (depth):
-1168.00000 (26), -1168.00000 (16), -1168.00000 (18), -1168.00000 (3), -1168.00000 (7), -1168.00000 (5), -1168.00000 (12), -1168.00000 (22), -1168.00000 (25), -1168.00000 (3), -1168.00000 (14), -1168.00000 (16), -1168.00000 (18), -1168.00000 (23), -1168.00000 (10), -1168.00000 (32), -1168.00000 (28), -1168.00000 (30), -1168.00000 (10), -1168.00000 (21), 
Length of domains: 4008
Current (lb-rhs): -1168.0
7932 domains visited
Time: pickout 0.0254    decision 0.3245    set_bounds 0.0052    solve 0.7670    add 0.0700    
Accumulated time: pickout 0.7311    decision 10.1717    set_bounds 0.1579    solve 22.9901    add 3.0456    
Cumulative time: 37.349499464035034

BaB round 33
batch: 128
splitting decisions: 
split level 0: [/74, 50] [/74, 952] [/74, 820] [/74, 820] [/74, 262] [/74, 483] [/74, 243] [/74, 538] [/74, 680] [/74, 50] 
best_l after optimization: -268001.9375
beta sum per layer: [0.0, 0.0, 0.0, 1.916179895401001]
alpha/beta optimization time: 0.7023506164550781
pruning_in_iteration open status: False
ratio of positive domain = 0 / 256 = 0.0
pruning-in-iteration extra time: 0.0022513866424560547
torch.Size([256, 1])
Time: prepare 0.0029    bound 0.7059    transfer 0.0059    finalize 0.0740    func 0.7888    
Accumulated time: func 23.7631    prepare 0.5530    bound 20.8021    transfer 0.1557    finalize 2.6992    
max lb tensor(-922.) min lb tensor(-1168.)
Number of Verified Splits: 0 of 256
Current worst splitting domains lb-rhs (depth):
-1168.00000 (33), -1168.00000 (3), -1168.00000 (19), -1168.00000 (28), -1168.00000 (11), -1168.00000 (24), -1168.00000 (27), -1168.00000 (32), -1168.00000 (4), -1168.00000 (18), -1168.00000 (13), -1168.00000 (33), -1168.00000 (29), -1168.00000 (9), -1168.00000 (8), -1168.00000 (6), -1168.00000 (21), -1168.00000 (15), -1168.00000 (23), -1168.00000 (19), 
Length of domains: 4136
Current (lb-rhs): -1168.0
8188 domains visited
Time: pickout 0.0285    decision 0.2957    set_bounds 0.0051    solve 0.7892    add 1.2209    
Accumulated time: pickout 0.7595    decision 10.4675    set_bounds 0.1630    solve 23.7793    add 4.2665    
Cumulative time: 39.69070553779602

BaB round 34
batch: 128
splitting decisions: 
split level 0: [/74, 952] [/74, 625] [/74, 174] [/74, 174] [/74, 526] [/74, 262] [/74, 547] [/74, 952] [/74, 127] [/74, 538] 
best_l after optimization: -268002.0625
beta sum per layer: [0.0, 0.0, 0.0, 1.8593944311141968]
alpha/beta optimization time: 0.7838718891143799
pruning_in_iteration open status: False
ratio of positive domain = 0 / 256 = 0.0
pruning-in-iteration extra time: 0.0001518726348876953
torch.Size([256, 1])
Time: prepare 0.0030    bound 0.7853    transfer 0.0038    finalize 0.0567    func 0.8488    
Accumulated time: func 24.6119    prepare 0.5572    bound 21.5874    transfer 0.1596    finalize 2.7558    
max lb tensor(-922.) min lb tensor(-1168.)
Number of Verified Splits: 0 of 256
Current worst splitting domains lb-rhs (depth):
-1168.00000 (30), -1168.00000 (17), -1168.00000 (3), -1168.00000 (5), -1168.00000 (9), -1168.00000 (3), -1168.00000 (12), -1168.00000 (27), -1168.00000 (34), -1168.00000 (3), -1168.00000 (23), -1168.00000 (20), -1168.00000 (9), -1168.00000 (6), -1168.00000 (30), -1168.00000 (13), -1168.00000 (25), -1168.00000 (4), -1168.00000 (34), -1168.00000 (16), 
Length of domains: 4264
Current (lb-rhs): -1168.0
8444 domains visited
Time: pickout 0.0190    decision 0.1331    set_bounds 0.0053    solve 0.8493    add 0.0554    
Accumulated time: pickout 0.7786    decision 10.6006    set_bounds 0.1683    solve 24.6286    add 4.3219    
Cumulative time: 40.755391120910645

BaB round 35
batch: 128
splitting decisions: 
split level 0: [/74, 625] [/74, 547] [/74, 454] [/74, 454] [/74, 22] [/74, 281] [/74, 483] [/74, 547] [/74, 820] [/74, 625] 
best_l after optimization: -268001.4375
beta sum per layer: [0.0, 0.0, 0.0, 1.8264254331588745]
alpha/beta optimization time: 0.8064007759094238
pruning_in_iteration open status: False
ratio of positive domain = 0 / 256 = 0.0
pruning-in-iteration extra time: 0.0001456737518310547
torch.Size([256, 1])
Time: prepare 0.0028    bound 0.8078    transfer 0.0036    finalize 0.0685    func 0.8827    
Accumulated time: func 25.4945    prepare 0.5698    bound 22.3952    transfer 0.1632    finalize 2.8243    
max lb tensor(-922.) min lb tensor(-1168.)
Number of Verified Splits: 0 of 256
Current worst splitting domains lb-rhs (depth):
-1168.00000 (35), -1168.00000 (15), -1168.00000 (3), -1168.00000 (22), -1168.00000 (10), -1168.00000 (29), -1168.00000 (7), -1168.00000 (19), -1168.00000 (32), -1168.00000 (28), -1168.00000 (26), -1168.00000 (5), -1168.00000 (35), -1168.00000 (27), -1168.00000 (3), -1168.00000 (8), -1168.00000 (12), -1168.00000 (29), -1168.00000 (23), -1168.00000 (15), 
Length of domains: 4392
Current (lb-rhs): -1168.0
8700 domains visited
Time: pickout 0.0223    decision 0.2092    set_bounds 0.0049    solve 0.8832    add 0.0771    
Accumulated time: pickout 0.8008    decision 10.8097    set_bounds 0.1732    solve 25.5118    add 4.3991    
Cumulative time: 41.95240879058838

BaB round 36
batch: 128
splitting decisions: 
split level 0: [/74, 301] [/74, 385] [/74, 627] [/74, 696] [/74, 355] [/74, 392] [/74, 262] [/74, 385] [/74, 174] [/74, 547] 
best_l after optimization: -268001.1875
beta sum per layer: [0.0, 0.0, 0.0, 1.9744513034820557]
alpha/beta optimization time: 0.7978715896606445
pruning_in_iteration open status: False
ratio of positive domain = 0 / 256 = 0.0
pruning-in-iteration extra time: 0.00015282630920410156
torch.Size([256, 1])
Time: prepare 0.0027    bound 0.7992    transfer 0.0040    finalize 0.0550    func 0.8610    
Accumulated time: func 26.3555    prepare 0.5792    bound 23.1944    transfer 0.1671    finalize 2.8793    
max lb tensor(-922.) min lb tensor(-1168.)
Number of Verified Splits: 0 of 256
Current worst splitting domains lb-rhs (depth):
-1168.00000 (21), -1168.00000 (29), -1168.00000 (18), -1168.00000 (20), -1168.00000 (33), -1168.00000 (13), -1168.00000 (33), -1168.00000 (30), -1168.00000 (11), -1168.00000 (9), -1168.00000 (24), -1168.00000 (36), -1168.00000 (26), -1168.00000 (6), -1168.00000 (18), -1168.00000 (5), -1168.00000 (14), -1168.00000 (4), -1168.00000 (32), -1168.00000 (14), 
Length of domains: 4520
Current (lb-rhs): -1168.0
8956 domains visited
Time: pickout 0.0249    decision 0.1782    set_bounds 0.0049    solve 0.8615    add 0.0575    
Accumulated time: pickout 0.8257    decision 10.9880    set_bounds 0.1781    solve 26.3733    add 4.4566    
Cumulative time: 43.08201789855957

BaB round 37
batch: 128
splitting decisions: 
split level 0: [/74, 526] [/74, 301] [/74, 662] [/74, 243] [/74, 540] [/74, 22] [/74, 281] [/74, 483] [/74, 454] [/74, 385] 
best_l after optimization: -268002.25
beta sum per layer: [0.0, 0.0, 0.0, 1.8785979747772217]
alpha/beta optimization time: 0.800163745880127
pruning_in_iteration open status: False
ratio of positive domain = 0 / 256 = 0.0
pruning-in-iteration extra time: 0.00019860267639160156
torch.Size([256, 1])
Time: prepare 0.0029    bound 0.8017    transfer 0.0037    finalize 0.0697    func 0.8781    
Accumulated time: func 27.2337    prepare 0.6006    bound 23.9961    transfer 0.1709    finalize 2.9491    
max lb tensor(-922.) min lb tensor(-1168.)
Number of Verified Splits: 0 of 256
Current worst splitting domains lb-rhs (depth):
-1168.00000 (19), -1168.00000 (5), -1168.00000 (34), -1168.00000 (10), -1168.00000 (31), -1168.00000 (14), -1168.00000 (16), -1168.00000 (8), -1168.00000 (22), -1168.00000 (37), -1168.00000 (35), -1168.00000 (5), -1168.00000 (14), -1168.00000 (26), -1168.00000 (11), -1168.00000 (21), -1168.00000 (3), -1168.00000 (9), -1168.00000 (22), -1168.00000 (13), 
Length of domains: 4648
Current (lb-rhs): -1168.0
9212 domains visited
Time: pickout 0.0258    decision 0.2203    set_bounds 0.0051    solve 0.8786    add 0.0767    
Accumulated time: pickout 0.8515    decision 11.2082    set_bounds 0.1832    solve 27.2520    add 4.5333    
Cumulative time: 44.288888454437256

BaB round 38
batch: 128
splitting decisions: 
split level 0: [/74, 281] [/74, 526] [/74, 952] [/74, 607] [/74, 713] [/74, 540] [/74, 392] [/74, 281] [/74, 696] [/74, 483] 
best_l after optimization: -268001.875
beta sum per layer: [0.0, 0.0, 0.0, 1.8500266075134277]
alpha/beta optimization time: 0.8045785427093506
pruning_in_iteration open status: False
ratio of positive domain = 0 / 256 = 0.0
pruning-in-iteration extra time: 0.00011229515075683594
torch.Size([256, 1])
Time: prepare 0.0028    bound 0.8060    transfer 0.0038    finalize 0.0533    func 0.8659    
Accumulated time: func 28.0996    prepare 0.6098    bound 24.8021    transfer 0.1747    finalize 3.0024    
max lb tensor(-922.) min lb tensor(-1168.)
Number of Verified Splits: 0 of 256
Current worst splitting domains lb-rhs (depth):
-1168.00000 (16), -1168.00000 (28), -1168.00000 (18), -1168.00000 (4), -1168.00000 (17), -1168.00000 (28), -1168.00000 (17), -1168.00000 (29), -1168.00000 (17), -1168.00000 (4), -1168.00000 (38), -1168.00000 (29), -1168.00000 (38), -1168.00000 (16), -1168.00000 (29), -1168.00000 (16), -1168.00000 (30), -1168.00000 (15), -1168.00000 (15), -1168.00000 (37), 
Length of domains: 4776
Current (lb-rhs): -1168.0
9468 domains visited
Time: pickout 0.0216    decision 0.1755    set_bounds 0.0049    solve 0.8664    add 0.0570    
Accumulated time: pickout 0.8731    decision 11.3837    set_bounds 0.1882    solve 28.1183    add 4.5903    
Cumulative time: 45.41672158241272

BaB round 39
batch: 128
splitting decisions: 
split level 0: [/74, 22] [/74, 281] [/74, 625] [/74, 50] [/74, 495] [/74, 713] [/74, 347] [/74, 22] [/74, 243] [/74, 262] 
best_l after optimization: -268001.625
beta sum per layer: [0.0, 0.0, 0.0, 1.8529918193817139]
alpha/beta optimization time: 0.7954559326171875
pruning_in_iteration open status: False
ratio of positive domain = 0 / 256 = 0.0
pruning-in-iteration extra time: 0.0001499652862548828
torch.Size([256, 1])
Time: prepare 0.0028    bound 0.7968    transfer 0.0039    finalize 0.0715    func 0.8750    
Accumulated time: func 28.9746    prepare 0.6235    bound 25.5989    transfer 0.1786    finalize 3.0738    
max lb tensor(-922.) min lb tensor(-1168.)
Number of Verified Splits: 0 of 256
Current worst splitting domains lb-rhs (depth):
-1168.00000 (32), -1168.00000 (29), -1168.00000 (25), -1168.00000 (19), -1168.00000 (31), -1168.00000 (37), -1168.00000 (11), -1168.00000 (33), -1168.00000 (28), -1168.00000 (16), -1168.00000 (23), -1168.00000 (4), -1168.00000 (26), -1168.00000 (3), -1168.00000 (20), -1168.00000 (39), -1168.00000 (8), -1168.00000 (37), -1168.00000 (15), -1168.00000 (19), 
Length of domains: 4904
Current (lb-rhs): -1168.0
9724 domains visited
Time: pickout 0.0248    decision 0.2331    set_bounds 0.0050    solve 0.8755    add 0.0785    
Accumulated time: pickout 0.8979    decision 11.6168    set_bounds 0.1932    solve 28.9939    add 4.6688    
Cumulative time: 46.63406538963318

BaB round 40
batch: 128
splitting decisions: 
split level 0: [/74, 347] [/74, 22] [/74, 547] [/74, 952] [/74, 868] [/74, 868] [/74, 645] [/74, 347] [/74, 627] [/74, 281] 
best_l after optimization: -268001.375
beta sum per layer: [0.0, 0.0, 0.0, 1.9842933416366577]
alpha/beta optimization time: 0.7808821201324463
pruning_in_iteration open status: False
ratio of positive domain = 0 / 256 = 0.0
pruning-in-iteration extra time: 3.504753112792969e-05
torch.Size([256, 1])
Time: prepare 0.0037    bound 0.7822    transfer 0.0039    finalize 0.0538    func 0.8437    
Accumulated time: func 29.8183    prepare 0.6293    bound 26.3812    transfer 0.1825    finalize 3.1276    
max lb tensor(-922.) min lb tensor(-1168.)
Number of Verified Splits: 0 of 256
Current worst splitting domains lb-rhs (depth):
-1168.00000 (4), -1168.00000 (20), -1168.00000 (4), -1168.00000 (10), -1168.00000 (20), -1168.00000 (29), -1168.00000 (19), -1168.00000 (29), -1168.00000 (36), -1168.00000 (40), -1168.00000 (19), -1168.00000 (10), -1168.00000 (28), -1168.00000 (19), -1168.00000 (18), -1168.00000 (30), -1168.00000 (10), -1168.00000 (38), -1168.00000 (18), -1168.00000 (7), 
Length of domains: 5032
Current (lb-rhs): -1168.0
9980 domains visited
Time: pickout 0.0176    decision 0.2851    set_bounds 0.0075    solve 0.8442    add 0.0565    
Accumulated time: pickout 0.9155    decision 11.9019    set_bounds 0.2007    solve 29.8380    add 4.7253    
Cumulative time: 47.847564697265625

BaB round 41
batch: 128
splitting decisions: 
split level 0: [/74, 645] [/74, 355] [/74, 385] [/74, 625] [/74, 747] [/74, 747] [/74, 540] [/74, 868] [/74, 607] [/74, 22] 
best_l after optimization: -268002.0625
beta sum per layer: [0.0, 0.0, 0.0, 1.8934249877929688]
alpha/beta optimization time: 0.7945096492767334
pruning_in_iteration open status: False
ratio of positive domain = 0 / 256 = 0.0
pruning-in-iteration extra time: 0.00015282630920410156
torch.Size([256, 1])
Time: prepare 0.0029    bound 0.7960    transfer 0.0038    finalize 0.0680    func 0.8707    
Accumulated time: func 30.6890    prepare 0.6493    bound 27.1771    transfer 0.1863    finalize 3.1956    
max lb tensor(-922.) min lb tensor(-1168.)
Number of Verified Splits: 0 of 256
Current worst splitting domains lb-rhs (depth):
-1168.00000 (26), -1168.00000 (25), -1168.00000 (15), -1168.00000 (25), -1168.00000 (39), -1168.00000 (25), -1168.00000 (4), -1168.00000 (14), -1168.00000 (26), -1168.00000 (39), -1168.00000 (14), -1168.00000 (26), -1168.00000 (14), -1168.00000 (15), -1168.00000 (5), -1168.00000 (39), -1168.00000 (27), -1168.00000 (13), -1168.00000 (27), -1168.00000 (38), 
Length of domains: 5160
Current (lb-rhs): -1168.0
10236 domains visited
Time: pickout 0.0232    decision 0.2906    set_bounds 0.0051    solve 0.8712    add 0.0773    
Accumulated time: pickout 0.9387    decision 12.1925    set_bounds 0.2058    solve 30.7092    add 4.8026    
Cumulative time: 49.115190744400024

BaB round 42
batch: 128
splitting decisions: 
split level 0: [/74, 355] [/74, 540] [/74, 483] [/74, 547] [/74, 394] [/74, 369] [/74, 868] [/74, 394] [/74, 662] [/74, 645] 
best_l after optimization: -268001.6875
beta sum per layer: [0.0, 0.0, 0.0, 1.8762037754058838]
alpha/beta optimization time: 0.7993311882019043
pruning_in_iteration open status: False
ratio of positive domain = 0 / 256 = 0.0
pruning-in-iteration extra time: 0.0001513957977294922
torch.Size([256, 1])
Time: prepare 0.0028    bound 0.8007    transfer 0.0043    finalize 0.0550    func 0.8629    
Accumulated time: func 31.5518    prepare 0.6554    bound 27.9778    transfer 0.1906    finalize 3.2506    
max lb tensor(-922.) min lb tensor(-1168.)
Number of Verified Splits: 0 of 256
Current worst splitting domains lb-rhs (depth):
-1168.00000 (28), -1168.00000 (28), -1168.00000 (34), -1168.00000 (15), -1168.00000 (15), -1168.00000 (42), -1168.00000 (3), -1168.00000 (34), -1168.00000 (23), -1168.00000 (16), -1168.00000 (23), -1168.00000 (5), -1168.00000 (41), -1168.00000 (33), -1168.00000 (16), -1168.00000 (16), -1168.00000 (23), -1168.00000 (33), -1168.00000 (17), -1168.00000 (5), 
Length of domains: 5288
Current (lb-rhs): -1168.0
10492 domains visited
Time: pickout 0.0175    decision 0.1897    set_bounds 0.0049    solve 0.8634    add 0.0576    
Accumulated time: pickout 0.9562    decision 12.3822    set_bounds 0.2107    solve 31.5726    add 4.8602    
Cumulative time: 50.25048875808716

BaB round 43
batch: 128
splitting decisions: 
split level 0: [/74, 947] [/74, 713] [/74, 526] [/74, 301] [/74, 369] [/74, 421] [/74, 369] [/74, 369] [/74, 50] [/74, 355] 
best_l after optimization: -268001.40625
beta sum per layer: [0.0, 0.0, 0.0, 1.9601483345031738]
alpha/beta optimization time: 0.7959849834442139
pruning_in_iteration open status: False
ratio of positive domain = 0 / 256 = 0.0
pruning-in-iteration extra time: 0.000152587890625
torch.Size([256, 1])
Time: prepare 0.0029    bound 0.7975    transfer 0.0039    finalize 0.0710    func 0.8753    
Accumulated time: func 32.4272    prepare 0.6666    bound 28.7753    transfer 0.1945    finalize 3.3216    
max lb tensor(-922.) min lb tensor(-1168.)
Number of Verified Splits: 0 of 256
Current worst splitting domains lb-rhs (depth):
-1168.00000 (10), -1168.00000 (15), -1168.00000 (27), -1168.00000 (31), -1168.00000 (40), -1168.00000 (34), -1168.00000 (3), -1168.00000 (12), -1168.00000 (43), -1168.00000 (5), -1168.00000 (23), -1168.00000 (17), -1168.00000 (40), -1168.00000 (34), -1168.00000 (27), -1168.00000 (29), -1168.00000 (18), -1168.00000 (23), -1168.00000 (19), -1168.00000 (31), 
Length of domains: 5416
Current (lb-rhs): -1168.0
10748 domains visited
Time: pickout 0.0248    decision 0.2066    set_bounds 0.0050    solve 0.8758    add 0.0837    
Accumulated time: pickout 0.9809    decision 12.5887    set_bounds 0.2157    solve 32.4484    add 4.9439    
Cumulative time: 51.4468035697937

BaB round 44
batch: 128
splitting decisions: 
split level 0: [/74, 1001] [/74, 868] [/74, 281] [/74, 392] [/74, 947] [/74, 274] [/74, 763] [/74, 766] [/74, 538] [/74, 713] 
best_l after optimization: -268002.125
beta sum per layer: [0.0, 0.0, 0.0, 1.9108628034591675]
alpha/beta optimization time: 0.8010671138763428
pruning_in_iteration open status: False
ratio of positive domain = 0 / 256 = 0.0
pruning-in-iteration extra time: 0.00014328956604003906
torch.Size([256, 1])
Time: prepare 0.0028    bound 0.8025    transfer 0.0035    finalize 0.0537    func 0.8625    
Accumulated time: func 33.2896    prepare 0.6708    bound 29.5778    transfer 0.1979    finalize 3.3754    
max lb tensor(-922.) min lb tensor(-1168.)
Number of Verified Splits: 0 of 256
Current worst splitting domains lb-rhs (depth):
-1168.00000 (20), -1168.00000 (6), -1168.00000 (11), -1168.00000 (15), -1168.00000 (44), -1168.00000 (3), -1168.00000 (20), -1168.00000 (24), -1168.00000 (39), -1168.00000 (11), -1168.00000 (5), -1168.00000 (32), -1168.00000 (33), -1168.00000 (36), -1168.00000 (26), -1168.00000 (43), -1168.00000 (12), -1168.00000 (29), -1168.00000 (34), -1168.00000 (25), 
Length of domains: 5544
Current (lb-rhs): -1168.0
11004 domains visited
Time: pickout 0.0188    decision 0.1798    set_bounds 0.0049    solve 0.8630    add 0.0551    
Accumulated time: pickout 0.9998    decision 12.7685    set_bounds 0.2207    solve 33.3114    add 4.9990    
Cumulative time: 52.57099175453186

BaB round 45
batch: 128
splitting decisions: 
split level 0: [/74, 413] [/74, 394] [/74, 22] [/74, 347] [/74, 763] [/74, 1001] [/74, 819] [/74, 925] [/74, 625] [/74, 947] 
best_l after optimization: -268001.75
beta sum per layer: [0.0, 0.0, 0.0, 1.8970537185668945]
alpha/beta optimization time: 0.8002152442932129
pruning_in_iteration open status: False
ratio of positive domain = 0 / 256 = 0.0
pruning-in-iteration extra time: 0.00014901161193847656
torch.Size([256, 1])
Time: prepare 0.0028    bound 0.8017    transfer 0.0043    finalize 0.2147    func 1.0235    
Accumulated time: func 34.3132    prepare 0.6900    bound 30.3794    transfer 0.2022    finalize 3.5901    
max lb tensor(-922.) min lb tensor(-1168.)
Number of Verified Splits: 0 of 256
Current worst splitting domains lb-rhs (depth):
-1168.00000 (19), -1168.00000 (45), -1168.00000 (6), -1168.00000 (43), -1168.00000 (32), -1168.00000 (9), -1168.00000 (41), -1168.00000 (10), -1168.00000 (20), -1168.00000 (27), -1168.00000 (31), -1168.00000 (16), -1168.00000 (22), -1168.00000 (34), -1168.00000 (13), -1168.00000 (41), -1168.00000 (6), -1168.00000 (31), -1168.00000 (37), -1168.00000 (18), 
Length of domains: 5672
Current (lb-rhs): -1168.0
11260 domains visited
Time: pickout 0.0234    decision 0.2160    set_bounds 0.0050    solve 1.0240    add 0.0813    
Accumulated time: pickout 1.0232    decision 12.9845    set_bounds 0.2257    solve 34.3354    add 5.0802    
Cumulative time: 53.92107558250427

BaB round 46
batch: 128
splitting decisions: 
split level 0: [/74, 605] [/74, 369] [/74, 347] [/74, 355] [/74, 274] [/74, 413] [/74, 1001] [/74, 272] [/74, 262] [/74, 421] 
best_l after optimization: -268001.5
beta sum per layer: [0.0, 0.0, 0.0, 2.0557665824890137]
alpha/beta optimization time: 0.8024463653564453
pruning_in_iteration open status: False
ratio of positive domain = 0 / 256 = 0.0
pruning-in-iteration extra time: 0.00022101402282714844
torch.Size([256, 1])
Time: prepare 0.0029    bound 0.8040    transfer 0.0037    finalize 0.0539    func 0.8646    
Accumulated time: func 35.1777    prepare 0.7024    bound 31.1834    transfer 0.2059    finalize 3.6440    
max lb tensor(-922.) min lb tensor(-1168.)
Number of Verified Splits: 0 of 256
Current worst splitting domains lb-rhs (depth):
-1168.00000 (4), -1168.00000 (26), -1168.00000 (30), -1168.00000 (45), -1168.00000 (40), -1168.00000 (12), -1168.00000 (37), -1168.00000 (44), -1168.00000 (46), -1168.00000 (3), -1168.00000 (22), -1168.00000 (17), -1168.00000 (25), -1168.00000 (22), -1168.00000 (40), -1168.00000 (33), -1168.00000 (13), -1168.00000 (31), -1168.00000 (37), -1168.00000 (7), 
Length of domains: 5800
Current (lb-rhs): -1168.0
11516 domains visited
Time: pickout 0.0197    decision 0.2261    set_bounds 0.0052    solve 0.8652    add 0.0564    
Accumulated time: pickout 1.0429    decision 13.2106    set_bounds 0.2309    solve 35.2006    add 5.1366    
Cumulative time: 55.096487045288086

BaB round 47
batch: 128
splitting decisions: 
split level 0: [/74, 766] [/74, 947] [/74, 645] [/74, 540] [/74, 819] [/74, 272] [/74, 413] [/74, 137] [/74, 526] [/74, 274] 
best_l after optimization: -268002.375
beta sum per layer: [0.0, 0.0, 0.0, 1.9609397649765015]
alpha/beta optimization time: 0.8022341728210449
pruning_in_iteration open status: False
ratio of positive domain = 0 / 256 = 0.0
pruning-in-iteration extra time: 0.00010275840759277344
torch.Size([256, 1])
Time: prepare 0.0029    bound 0.8037    transfer 0.0039    finalize 0.0720    func 0.8825    
Accumulated time: func 36.0602    prepare 0.7171    bound 31.9871    transfer 0.2097    finalize 3.7160    
max lb tensor(-922.) min lb tensor(-1168.)
Number of Verified Splits: 0 of 256
Current worst splitting domains lb-rhs (depth):
-1168.00000 (6), -1168.00000 (34), -1168.00000 (47), -1168.00000 (6), -1168.00000 (12), -1168.00000 (43), -1168.00000 (34), -1168.00000 (34), -1168.00000 (13), -1168.00000 (43), -1168.00000 (28), -1168.00000 (17), -1168.00000 (3), -1168.00000 (33), -1168.00000 (13), -1168.00000 (22), -1168.00000 (33), -1168.00000 (44), -1168.00000 (28), -1168.00000 (47), 
Length of domains: 5928
Current (lb-rhs): -1168.0
11772 domains visited
Time: pickout 0.0232    decision 0.2155    set_bounds 0.0051    solve 0.8829    add 0.0776    
Accumulated time: pickout 1.0661    decision 13.4262    set_bounds 0.2360    solve 36.0835    add 5.2143    
Cumulative time: 56.30134677886963

BaB round 48
batch: 128
splitting decisions: 
split level 0: [/74, 884] [/74, 763] [/74, 540] [/74, 713] [/74, 1001] [/74, 810] [/74, 925] [/74, 31] [/74, 22] [/74, 819] 
best_l after optimization: -268001.84375
beta sum per layer: [0.0, 0.0, 0.0, 1.904439926147461]
alpha/beta optimization time: 0.8116450309753418
pruning_in_iteration open status: False
ratio of positive domain = 0 / 256 = 0.0
pruning-in-iteration extra time: 0.00010657310485839844
torch.Size([256, 1])
Time: prepare 0.0029    bound 0.8131    transfer 0.0043    finalize 0.0552    func 0.8756    
Accumulated time: func 36.9357    prepare 0.7277    bound 32.8001    transfer 0.2141    finalize 3.7713    
max lb tensor(-922.) min lb tensor(-1168.)
Number of Verified Splits: 0 of 256
Current worst splitting domains lb-rhs (depth):
-1168.00000 (23), -1168.00000 (8), -1168.00000 (38), -1168.00000 (24), -1168.00000 (12), -1168.00000 (27), -1168.00000 (31), -1168.00000 (47), -1168.00000 (45), -1168.00000 (18), -1168.00000 (6), -1168.00000 (42), -1168.00000 (12), -1168.00000 (25), -1168.00000 (16), -1168.00000 (38), -1168.00000 (18), -1168.00000 (34), -1168.00000 (14), -1168.00000 (31), 
Length of domains: 6056
Current (lb-rhs): -1168.0
12028 domains visited
Time: pickout 0.0237    decision 0.1788    set_bounds 0.0051    solve 0.8761    add 0.0555    
Accumulated time: pickout 1.0898    decision 13.6050    set_bounds 0.2411    solve 36.9596    add 5.2697    
Cumulative time: 57.44318461418152

BaB round 49
batch: 128
splitting decisions: 
split level 0: [/74, 932] [/74, 274] [/74, 747] [/74, 868] [/74, 766] [/74, 261] [/74, 272] [/74, 884] [/74, 355] [/74, 1001] 
best_l after optimization: -268001.625
beta sum per layer: [0.0, 0.0, 0.0, 2.0242695808410645]
alpha/beta optimization time: 0.7985899448394775
pruning_in_iteration open status: False
ratio of positive domain = 0 / 256 = 0.0
pruning-in-iteration extra time: 0.0001537799835205078
torch.Size([256, 1])
Time: prepare 0.0028    bound 0.8000    transfer 0.0038    finalize 0.0718    func 0.8785    
Accumulated time: func 37.8142    prepare 0.7356    bound 33.6001    transfer 0.2179    finalize 3.8431    
max lb tensor(-922.) min lb tensor(-1168.)
Number of Verified Splits: 0 of 256
Current worst splitting domains lb-rhs (depth):
-1168.00000 (30), -1168.00000 (19), -1168.00000 (46), -1168.00000 (13), -1168.00000 (44), -1168.00000 (21), -1168.00000 (35), -1168.00000 (7), -1168.00000 (25), -1168.00000 (10), -1168.00000 (16), -1168.00000 (42), -1168.00000 (8), -1168.00000 (17), -1168.00000 (39), -1168.00000 (18), -1168.00000 (26), -1168.00000 (28), -1168.00000 (30), -1168.00000 (25), 
Length of domains: 6184
Current (lb-rhs): -1168.0
12284 domains visited
Time: pickout 0.0214    decision 0.2568    set_bounds 0.0051    solve 0.8789    add 0.0820    
Accumulated time: pickout 1.1111    decision 13.8617    set_bounds 0.2463    solve 37.8386    add 5.3517    
Cumulative time: 58.687801122665405

BaB round 50
batch: 128
splitting decisions: 
split level 0: [/74, 16] [/74, 819] [/74, 394] [/74, 747] [/74, 925] [/74, 137] [/74, 810] [/74, 96] [/74, 713] [/74, 272] 
best_l after optimization: -268002.46875
beta sum per layer: [0.0, 0.0, 0.0, 1.9706177711486816]
alpha/beta optimization time: 0.7930495738983154
pruning_in_iteration open status: False
ratio of positive domain = 0 / 256 = 0.0
pruning-in-iteration extra time: 0.00010228157043457031
torch.Size([256, 1])
Time: prepare 0.0029    bound 0.7945    transfer 0.0035    finalize 0.0559    func 0.8569    
Accumulated time: func 38.6711    prepare 0.7544    bound 34.3947    transfer 0.2214    finalize 3.8989    
max lb tensor(-922.) min lb tensor(-1168.)
Number of Verified Splits: 0 of 256
Current worst splitting domains lb-rhs (depth):
-1168.00000 (38), -1168.00000 (23), -1168.00000 (5), -1168.00000 (37), -1168.00000 (22), -1168.00000 (22), -1168.00000 (49), -1168.00000 (37), -1168.00000 (22), -1168.00000 (37), -1168.00000 (5), -1168.00000 (21), -1168.00000 (21), -1168.00000 (38), -1168.00000 (21), -1168.00000 (49), -1168.00000 (36), -1168.00000 (5), -1168.00000 (20), -1168.00000 (38), 
Length of domains: 6312
Current (lb-rhs): -1168.0
12540 domains visited
Time: pickout 0.0194    decision 0.2165    set_bounds 0.0052    solve 0.8574    add 0.0581    
Accumulated time: pickout 1.1305    decision 14.0782    set_bounds 0.2514    solve 38.6960    add 5.4098    
Cumulative time: 59.847251892089844

BaB round 51
batch: 128
splitting decisions: 
split level 0: [/74, 438] [/74, 1001] [/74, 947] [/74, 369] [/74, 272] [/74, 31] [/74, 137] [/74, 932] [/74, 495] [/74, 810] 
best_l after optimization: -268002.21875
beta sum per layer: [0.0, 0.0, 0.0, 2.0256404876708984]
alpha/beta optimization time: 0.7917993068695068
pruning_in_iteration open status: False
ratio of positive domain = 0 / 256 = 0.0
pruning-in-iteration extra time: 0.00019097328186035156
torch.Size([256, 1])
Time: prepare 0.0030    bound 0.7933    transfer 0.0041    finalize 0.0747    func 0.8751    
Accumulated time: func 39.5462    prepare 0.7739    bound 35.1879    transfer 0.2255    finalize 3.9737    
max lb tensor(-922.) min lb tensor(-1168.)
Number of Verified Splits: 0 of 256
Current worst splitting domains lb-rhs (depth):
-1168.00000 (22), -1168.00000 (45), -1168.00000 (8), -1168.00000 (44), -1168.00000 (9), -1168.00000 (12), -1168.00000 (26), -1168.00000 (42), -1168.00000 (48), -1168.00000 (39), -1168.00000 (18), -1168.00000 (21), -1168.00000 (5), -1168.00000 (24), -1168.00000 (8), -1168.00000 (51), -1168.00000 (16), -1168.00000 (37), -1168.00000 (5), -1168.00000 (3), 
Length of domains: 6440
Current (lb-rhs): -1168.0
12796 domains visited
Time: pickout 0.0271    decision 0.2418    set_bounds 0.0052    solve 0.8756    add 0.0806    
Accumulated time: pickout 1.1576    decision 14.3201    set_bounds 0.2567    solve 39.5715    add 5.4904    
Cumulative time: 61.07803297042847

BaB round 52
batch: 128
splitting decisions: 
split level 0: [/74, 845] [/74, 605] [/74, 421] [/74, 274] [/74, 810] [/74, 911] [/74, 31] [/74, 555] [/74, 868] [/74, 261] 
best_l after optimization: -268002.375
beta sum per layer: [0.0, 0.0, 0.0, 1.941617488861084]
alpha/beta optimization time: 0.7819762229919434
pruning_in_iteration open status: False
ratio of positive domain = 0 / 256 = 0.0
pruning-in-iteration extra time: 0.00015163421630859375
torch.Size([256, 1])
Time: prepare 0.0035    bound 0.7835    transfer 0.0044    finalize 0.0604    func 0.8517    
Accumulated time: func 40.3979    prepare 0.7885    bound 35.9714    transfer 0.2299    finalize 4.0340    
max lb tensor(-922.) min lb tensor(-1168.)
Number of Verified Splits: 0 of 256
Current worst splitting domains lb-rhs (depth):
-1168.00000 (35), -1168.00000 (52), -1168.00000 (3), -1168.00000 (19), -1168.00000 (17), -1168.00000 (6), -1168.00000 (10), -1168.00000 (8), -1168.00000 (23), -1168.00000 (16), -1168.00000 (47), -1168.00000 (27), -1168.00000 (12), -1168.00000 (39), -1168.00000 (22), -1168.00000 (26), -1168.00000 (41), -1168.00000 (24), -1168.00000 (33), -1168.00000 (19), 
Length of domains: 6568
Current (lb-rhs): -1168.0
13052 domains visited
Time: pickout 0.0175    decision 0.3133    set_bounds 0.0083    solve 0.8523    add 0.0580    
Accumulated time: pickout 1.1751    decision 14.6333    set_bounds 0.2650    solve 40.4238    add 5.5484    
Cumulative time: 62.33047127723694

BaB round 53
batch: 128
splitting decisions: 
split level 0: [/74, 197] [/74, 925] [/74, 763] [/74, 1001] [/74, 261] [/74, 884] [/74, 911] [/74, 229] [/74, 947] [/74, 31] 
best_l after optimization: -268001.78125
beta sum per layer: [0.0, 0.0, 0.0, 1.923501968383789]
alpha/beta optimization time: 0.7976841926574707
pruning_in_iteration open status: False
ratio of positive domain = 0 / 256 = 0.0
pruning-in-iteration extra time: 0.0001971721649169922
torch.Size([256, 1])
Time: prepare 0.0029    bound 0.7992    transfer 0.0039    finalize 0.0717    func 0.8777    
Accumulated time: func 41.2756    prepare 0.8003    bound 36.7706    transfer 0.2337    finalize 4.1057    
max lb tensor(-922.) min lb tensor(-1168.)
Number of Verified Splits: 0 of 256
Current worst splitting domains lb-rhs (depth):
-1168.00000 (3), -1168.00000 (37), -1168.00000 (22), -1168.00000 (15), -1168.00000 (36), -1168.00000 (27), -1168.00000 (48), -1168.00000 (6), -1168.00000 (36), -1168.00000 (15), -1168.00000 (53), -1168.00000 (36), -1168.00000 (49), -1168.00000 (15), -1168.00000 (16), -1168.00000 (35), -1168.00000 (28), -1168.00000 (21), -1168.00000 (6), -1168.00000 (16), 
Length of domains: 6696
Current (lb-rhs): -1168.0
13308 domains visited
Time: pickout 0.0249    decision 0.2274    set_bounds 0.0054    solve 0.8782    add 0.0815    
Accumulated time: pickout 1.2000    decision 14.8608    set_bounds 0.2704    solve 41.3020    add 5.6299    
Cumulative time: 63.548341274261475

BaB round 54
batch: 128
splitting decisions: 
split level 0: [/74, 322] [/74, 272] [/74, 274] [/74, 413] [/74, 137] [/74, 555] [/74, 96] [/74, 438] [/74, 819] [/74, 911] 
best_l after optimization: -268001.625
beta sum per layer: [0.0, 0.0, 0.0, 1.9238996505737305]
alpha/beta optimization time: 0.8046450614929199
pruning_in_iteration open status: False
ratio of positive domain = 0 / 256 = 0.0
pruning-in-iteration extra time: 0.00021195411682128906
torch.Size([256, 1])
Time: prepare 0.0029    bound 0.8061    transfer 0.0038    finalize 0.0538    func 0.8667    
Accumulated time: func 42.1423    prepare 0.8104    bound 37.5767    transfer 0.2375    finalize 4.1596    
max lb tensor(-922.) min lb tensor(-1168.)
Number of Verified Splits: 0 of 256
Current worst splitting domains lb-rhs (depth):
-1168.00000 (13), -1168.00000 (13), -1168.00000 (6), -1168.00000 (31), -1168.00000 (47), -1168.00000 (44), -1168.00000 (26), -1168.00000 (18), -1168.00000 (40), -1168.00000 (31), -1168.00000 (32), -1168.00000 (51), -1168.00000 (23), -1168.00000 (8), -1168.00000 (38), -1168.00000 (54), -1168.00000 (23), -1168.00000 (26), -1168.00000 (4), -1168.00000 (47), 
Length of domains: 6824
Current (lb-rhs): -1168.0
13564 domains visited
Time: pickout 0.0272    decision 0.1832    set_bounds 0.0053    solve 0.8672    add 0.0566    
Accumulated time: pickout 1.2272    decision 15.0439    set_bounds 0.2757    solve 42.1692    add 5.6865    
Cumulative time: 64.69045519828796

BaB round 55
batch: 128
splitting decisions: 
split level 0: [/74, 539] [/74, 137] [/74, 1001] [/74, 925] [/74, 96] [/74, 701] [/74, 932] [/74, 216] [/74, 1001] [/74, 884] 
best_l after optimization: -268001.59375
beta sum per layer: [0.0, 0.0, 0.0, 2.028773784637451]
alpha/beta optimization time: 0.800184965133667
pruning_in_iteration open status: False
ratio of positive domain = 0 / 256 = 0.0
pruning-in-iteration extra time: 0.0002155303955078125
torch.Size([256, 1])
Time: prepare 0.0029    bound 0.8017    transfer 0.0041    finalize 0.0725    func 0.8812    
Accumulated time: func 43.0235    prepare 0.8232    bound 38.3784    transfer 0.2416    finalize 4.2321    
max lb tensor(-922.) min lb tensor(-1168.)
Number of Verified Splits: 0 of 256
Current worst splitting domains lb-rhs (depth):
-1168.00000 (6), -1168.00000 (7), -1168.00000 (50), -1168.00000 (38), -1168.00000 (16), -1168.00000 (55), -1168.00000 (22), -1168.00000 (28), -1168.00000 (37), -1168.00000 (3), -1168.00000 (50), -1168.00000 (16), -1168.00000 (37), -1168.00000 (15), -1168.00000 (37), -1168.00000 (29), -1168.00000 (16), -1168.00000 (51), -1168.00000 (36), -1168.00000 (22), 
Length of domains: 6952
Current (lb-rhs): -1168.0
13820 domains visited
Time: pickout 0.0251    decision 0.2202    set_bounds 0.0052    solve 0.8817    add 0.0796    
Accumulated time: pickout 1.2523    decision 15.2641    set_bounds 0.2809    solve 43.0510    add 5.7661    
Cumulative time: 65.90273356437683

BaB round 56
batch: 128
splitting decisions: 
split level 0: [/74, 306] [/74, 31] [/74, 413] [/74, 137] [/74, 932] [/74, 229] [/74, 438] [/74, 208] [/74, 413] [/74, 96] 
best_l after optimization: -268002.0625
beta sum per layer: [0.0, 0.0, 0.0, 1.9416674375534058]
alpha/beta optimization time: 0.8037905693054199
pruning_in_iteration open status: False
ratio of positive domain = 0 / 256 = 0.0
pruning-in-iteration extra time: 0.00010561943054199219
torch.Size([256, 1])
Time: prepare 0.0030    bound 0.8053    transfer 0.0039    finalize 0.0564    func 0.8686    
Accumulated time: func 43.8921    prepare 0.8283    bound 39.1837    transfer 0.2456    finalize 4.2884    
max lb tensor(-922.) min lb tensor(-1168.)
Number of Verified Splits: 0 of 256
Current worst splitting domains lb-rhs (depth):
-1168.00000 (30), -1168.00000 (30), -1168.00000 (49), -1168.00000 (5), -1168.00000 (55), -1168.00000 (44), -1168.00000 (37), -1168.00000 (13), -1168.00000 (20), -1168.00000 (20), -1168.00000 (5), -1168.00000 (49), -1168.00000 (20), -1168.00000 (45), -1168.00000 (37), -1168.00000 (55), -1168.00000 (14), -1168.00000 (31), -1168.00000 (50), -1168.00000 (12), 
Length of domains: 7080
Current (lb-rhs): -1168.0
14076 domains visited
Time: pickout 0.0273    decision 0.1997    set_bounds 0.0054    solve 0.8691    add 0.0569    
Accumulated time: pickout 1.2797    decision 15.4637    set_bounds 0.2863    solve 43.9200    add 5.8230    
Cumulative time: 67.0640377998352

BaB round 57
batch: 128
splitting decisions: 
split level 0: [/74, 902] [/74, 911] [/74, 766] [/74, 884] [/74, 229] [/74, 438] [/74, 197] [/74, 539] [/74, 605] [/74, 932] 
best_l after optimization: -268001.65625
beta sum per layer: [0.0, 0.0, 0.0, 1.924699306488037]
alpha/beta optimization time: 0.7906689643859863
pruning_in_iteration open status: False
ratio of positive domain = 0 / 256 = 0.0
pruning-in-iteration extra time: 0.0001468658447265625
torch.Size([256, 1])
Time: prepare 0.0028    bound 0.7921    transfer 0.0040    finalize 0.0733    func 0.8723    
Accumulated time: func 44.7644    prepare 0.8413    bound 39.9758    transfer 0.2496    finalize 4.3617    
max lb tensor(-922.) min lb tensor(-1168.)
Number of Verified Splits: 0 of 256
Current worst splitting domains lb-rhs (depth):
-1168.00000 (51), -1168.00000 (14), -1168.00000 (42), -1168.00000 (4), -1168.00000 (22), -1168.00000 (30), -1168.00000 (8), -1168.00000 (56), -1168.00000 (14), -1168.00000 (51), -1168.00000 (41), -1168.00000 (31), -1168.00000 (41), -1168.00000 (22), -1168.00000 (15), -1168.00000 (31), -1168.00000 (42), -1168.00000 (41), -1168.00000 (7), -1168.00000 (15), 
Length of domains: 7208
Current (lb-rhs): -1168.0
14332 domains visited
Time: pickout 0.0237    decision 0.2111    set_bounds 0.0052    solve 0.8728    add 0.0789    
Accumulated time: pickout 1.3033    decision 15.6748    set_bounds 0.2915    solve 44.7928    add 5.9019    
Cumulative time: 68.25609040260315

BaB round 58
batch: 128
splitting decisions: 
split level 0: [/74, 62] [/74, 884] [/74, 810] [/74, 96] [/74, 16] [/74, 845] [/74, 539] [/74, 902] [/74, 925] [/74, 951] 
best_l after optimization: -268001.375
beta sum per layer: [0.0, 0.0, 0.0, 1.9173264503479004]
alpha/beta optimization time: 0.7914299964904785
pruning_in_iteration open status: False
ratio of positive domain = 0 / 256 = 0.0
pruning-in-iteration extra time: 0.0022780895233154297
torch.Size([256, 1])
Time: prepare 0.0067    bound 0.7950    transfer 0.0060    finalize 0.0540    func 0.8618    
Accumulated time: func 45.6262    prepare 0.8613    bound 40.7708    transfer 0.2556    finalize 4.4157    
max lb tensor(-922.) min lb tensor(-1168.)
Number of Verified Splits: 0 of 256
Current worst splitting domains lb-rhs (depth):
-1168.00000 (58), -1168.00000 (20), -1168.00000 (7), -1168.00000 (20), -1168.00000 (46), -1168.00000 (31), -1168.00000 (3), -1168.00000 (20), -1168.00000 (46), -1168.00000 (21), -1168.00000 (38), -1168.00000 (56), -1168.00000 (7), -1168.00000 (31), -1168.00000 (47), -1168.00000 (46), -1168.00000 (21), -1168.00000 (21), -1168.00000 (45), -1168.00000 (22), 
Length of domains: 7336
Current (lb-rhs): -1168.0
14588 domains visited
Time: pickout 0.0188    decision 0.2877    set_bounds 0.0055    solve 0.8623    add 0.0568    
Accumulated time: pickout 1.3221    decision 15.9625    set_bounds 0.2970    solve 45.6551    add 5.9586    
Cumulative time: 69.48990416526794

BaB round 59
batch: 128
splitting decisions: 
split level 0: [/74, 91] [/74, 932] [/74, 261] [/74, 555] [/74, 216] [/74, 197] [/74, 306] [/74, 986] [/74, 272] [/74, 701] 
best_l after optimization: -268001.25
beta sum per layer: [0.0, 0.0, 0.0, 2.1154208183288574]
alpha/beta optimization time: 0.801511287689209
pruning_in_iteration open status: False
ratio of positive domain = 0 / 256 = 0.0
pruning-in-iteration extra time: 0.0002117156982421875
torch.Size([256, 1])
Time: prepare 0.0028    bound 0.8030    transfer 0.0038    finalize 0.0723    func 0.8819    
Accumulated time: func 46.5081    prepare 0.8752    bound 41.5738    transfer 0.2594    finalize 4.4880    
max lb tensor(-922.) min lb tensor(-1168.)
Number of Verified Splits: 0 of 256
Current worst splitting domains lb-rhs (depth):
-1168.00000 (24), -1168.00000 (29), -1168.00000 (8), -1168.00000 (32), -1168.00000 (42), -1168.00000 (53), -1168.00000 (20), -1168.00000 (36), -1168.00000 (23), -1168.00000 (42), -1168.00000 (15), -1168.00000 (56), -1168.00000 (59), -1168.00000 (42), -1168.00000 (30), -1168.00000 (16), -1168.00000 (53), -1168.00000 (7), -1168.00000 (41), -1168.00000 (36), 
Length of domains: 7464
Current (lb-rhs): -1168.0
14844 domains visited
Time: pickout 0.0254    decision 0.2103    set_bounds 0.0051    solve 0.8825    add 0.0815    
Accumulated time: pickout 1.3475    decision 16.1729    set_bounds 0.3021    solve 46.5376    add 6.0401    
Cumulative time: 70.69520401954651

BaB round 60
batch: 128
splitting decisions: 
split level 0: [/74, 843] [/74, 701] [/74, 137] [/74, 951] [/74, 208] [/74, 322] [/74, 91] [/74, 62] [/74, 810] [/74, 16] 
best_l after optimization: -268002.25
beta sum per layer: [0.0, 0.0, 0.0, 1.999150276184082]
alpha/beta optimization time: 0.7979555130004883
pruning_in_iteration open status: False
ratio of positive domain = 0 / 256 = 0.0
pruning-in-iteration extra time: 0.00015211105346679688
torch.Size([256, 1])
Time: prepare 0.0027    bound 0.7993    transfer 0.0039    finalize 0.0518    func 0.8577    
Accumulated time: func 47.3659    prepare 0.8873    bound 42.3731    transfer 0.2633    finalize 4.5398    
max lb tensor(-922.) min lb tensor(-1168.)
Number of Verified Splits: 0 of 256
Current worst splitting domains lb-rhs (depth):
-1168.00000 (49), -1168.00000 (50), -1168.00000 (17), -1168.00000 (40), -1168.00000 (18), -1168.00000 (50), -1168.00000 (57), -1168.00000 (31), -1168.00000 (18), -1168.00000 (50), -1168.00000 (31), -1168.00000 (41), -1168.00000 (60), -1168.00000 (18), -1168.00000 (4), -1168.00000 (30), -1168.00000 (31), -1168.00000 (19), -1168.00000 (41), -1168.00000 (8), 
Length of domains: 7592
Current (lb-rhs): -1168.0
15100 domains visited
Time: pickout 0.0307    decision 0.2016    set_bounds 0.0051    solve 0.8582    add 0.0535    
Accumulated time: pickout 1.3783    decision 16.3744    set_bounds 0.3072    solve 47.3958    add 6.0936    
Cumulative time: 71.84695410728455

BaB round 61
batch: 128
splitting decisions: 
split level 0: [/74, 227] [/74, 438] [/74, 884] [/74, 701] [/74, 306] [/74, 208] [/74, 329] [/74, 91] [/74, 261] [/74, 100] 
best_l after optimization: -268001.78125
beta sum per layer: [0.0, 0.0, 0.0, 1.9830830097198486]
alpha/beta optimization time: 0.7971382141113281
pruning_in_iteration open status: False
ratio of positive domain = 0 / 256 = 0.0
pruning-in-iteration extra time: 0.0001513957977294922
torch.Size([256, 1])
Time: prepare 0.0028    bound 0.7985    transfer 0.0039    finalize 0.0710    func 0.8763    
Accumulated time: func 48.2421    prepare 0.9088    bound 43.1716    transfer 0.2672    finalize 4.6108    
max lb tensor(-922.) min lb tensor(-1168.)
Number of Verified Splits: 0 of 256
Current worst splitting domains lb-rhs (depth):
-1168.00000 (49), -1168.00000 (61), -1168.00000 (39), -1168.00000 (19), -1168.00000 (6), -1168.00000 (3), -1168.00000 (31), -1168.00000 (57), -1168.00000 (38), -1168.00000 (25), -1168.00000 (47), -1168.00000 (13), -1168.00000 (38), -1168.00000 (20), -1168.00000 (31), -1168.00000 (53), -1168.00000 (38), -1168.00000 (57), -1168.00000 (6), -1168.00000 (52), 
Length of domains: 7720
Current (lb-rhs): -1168.0
15356 domains visited
Time: pickout 0.0274    decision 0.2427    set_bounds 0.0051    solve 0.8768    add 0.0770    
Accumulated time: pickout 1.4057    decision 16.6172    set_bounds 0.3123    solve 48.2725    add 6.1706    
Cumulative time: 73.07638502120972

BaB round 62
batch: 128
splitting decisions: 
split level 0: [/74, 105] [/74, 845] [/74, 96] [/74, 229] [/74, 902] [/74, 628] [/74, 843] [/74, 843] [/74, 31] [/74, 438] 
best_l after optimization: -268001.375
beta sum per layer: [0.0, 0.0, 0.0, 1.94989812374115]
alpha/beta optimization time: 0.8010802268981934
pruning_in_iteration open status: False
ratio of positive domain = 0 / 256 = 0.0
pruning-in-iteration extra time: 0.00015211105346679688
torch.Size([256, 1])
Time: prepare 0.0028    bound 0.8025    transfer 0.0042    finalize 0.0519    func 0.8614    
Accumulated time: func 49.1035    prepare 0.9252    bound 43.9741    transfer 0.2714    finalize 4.6627    
max lb tensor(-922.) min lb tensor(-1168.)
Number of Verified Splits: 0 of 256
Current worst splitting domains lb-rhs (depth):
-1168.00000 (42), -1168.00000 (19), -1168.00000 (51), -1168.00000 (8), -1168.00000 (12), -1168.00000 (14), -1168.00000 (59), -1168.00000 (20), -1168.00000 (34), -1168.00000 (53), -1168.00000 (51), -1168.00000 (16), -1168.00000 (40), -1168.00000 (25), -1168.00000 (21), -1168.00000 (4), -1168.00000 (50), -1168.00000 (32), -1168.00000 (7), -1168.00000 (25), 
Length of domains: 7848
Current (lb-rhs): -1168.0
15612 domains visited
Time: pickout 0.0297    decision 0.1958    set_bounds 0.0052    solve 0.8619    add 0.0560    
Accumulated time: pickout 1.4354    decision 16.8130    set_bounds 0.3176    solve 49.1344    add 6.2267    
Cumulative time: 74.2277135848999

BaB round 63
batch: 128
splitting decisions: 
split level 0: [/74, 545] [/74, 216] [/74, 555] [/74, 16] [/74, 91] [/74, 539] [/74, 185] [/74, 185] [/74, 911] [/74, 197] 
best_l after optimization: -268001.25
beta sum per layer: [0.0, 0.0, 0.0, 2.2076711654663086]
alpha/beta optimization time: 0.8130397796630859
pruning_in_iteration open status: False
ratio of positive domain = 0 / 256 = 0.0
pruning-in-iteration extra time: 0.00010824203491210938
torch.Size([256, 1])
Time: prepare 0.0028    bound 0.8144    transfer 0.0041    finalize 0.2313    func 1.0526    
Accumulated time: func 50.1562    prepare 0.9411    bound 44.7885    transfer 0.2754    finalize 4.8939    
max lb tensor(-922.) min lb tensor(-1168.)
Number of Verified Splits: 0 of 256
Current worst splitting domains lb-rhs (depth):
-1168.00000 (42), -1168.00000 (32), -1168.00000 (17), -1168.00000 (57), -1168.00000 (7), -1168.00000 (43), -1168.00000 (18), -1168.00000 (43), -1168.00000 (25), -1168.00000 (57), -1168.00000 (32), -1168.00000 (42), -1168.00000 (18), -1168.00000 (62), -1168.00000 (7), -1168.00000 (43), -1168.00000 (58), -1168.00000 (18), -1168.00000 (42), -1168.00000 (25), 
Length of domains: 7976
Current (lb-rhs): -1168.0
15868 domains visited
Time: pickout 0.0264    decision 0.2107    set_bounds 0.0052    solve 1.0532    add 0.0754    
Accumulated time: pickout 1.4618    decision 17.0237    set_bounds 0.3228    solve 50.1876    add 6.3020    
Cumulative time: 75.59909558296204

BaB round 64
batch: 128
splitting decisions: 
split level 0: [/74, 601] [/74, 208] [/74, 951] [/74, 845] [/74, 329] [/74, 306] [/74, 227] [/74, 776] [/74, 96] [/74, 628] 
best_l after optimization: -268002.375
beta sum per layer: [0.0, 0.0, 0.0, 2.0201706886291504]
alpha/beta optimization time: 0.8057637214660645
pruning_in_iteration open status: False
ratio of positive domain = 0 / 256 = 0.0
pruning-in-iteration extra time: 0.0002124309539794922
torch.Size([256, 1])
Time: prepare 0.0029    bound 0.8072    transfer 0.0039    finalize 0.0503    func 0.8644    
Accumulated time: func 51.0206    prepare 0.9546    bound 45.5957    transfer 0.2793    finalize 4.9443    
max lb tensor(-922.) min lb tensor(-1168.)
Number of Verified Splits: 0 of 256
Current worst splitting domains lb-rhs (depth):
-1168.00000 (8), -1168.00000 (19), -1168.00000 (47), -1168.00000 (27), -1168.00000 (63), -1168.00000 (53), -1168.00000 (20), -1168.00000 (35), -1168.00000 (41), -1168.00000 (20), -1168.00000 (52), -1168.00000 (61), -1168.00000 (27), -1168.00000 (32), -1168.00000 (47), -1168.00000 (20), -1168.00000 (52), -1168.00000 (35), -1168.00000 (21), -1168.00000 (27), 
Length of domains: 8104
Current (lb-rhs): -1168.0
16124 domains visited
Time: pickout 0.0298    decision 0.1934    set_bounds 0.0054    solve 0.8649    add 0.0533    
Accumulated time: pickout 1.4916    decision 17.2171    set_bounds 0.3282    solve 51.0525    add 6.3553    
Cumulative time: 76.74834632873535

BaB round 65
batch: 128
splitting decisions: 
split level 0: [/74, 666] [/74, 628] [/74, 229] [/74, 216] [/74, 328] [/74, 826] [/74, 916] [/74, 227] [/74, 932] [/74, 539] 
best_l after optimization: -268001.6875
beta sum per layer: [0.0, 0.0, 0.0, 1.9674670696258545]
alpha/beta optimization time: 0.8026392459869385
pruning_in_iteration open status: False
ratio of positive domain = 0 / 256 = 0.0
pruning-in-iteration extra time: 0.0001499652862548828
torch.Size([256, 1])
Time: prepare 0.0029    bound 0.8041    transfer 0.0036    finalize 0.0709    func 0.8814    
Accumulated time: func 51.9020    prepare 0.9756    bound 46.3998    transfer 0.2829    finalize 5.0151    
max lb tensor(-922.) min lb tensor(-1168.)
Number of Verified Splits: 0 of 256
Current worst splitting domains lb-rhs (depth):
-1168.00000 (47), -1168.00000 (43), -1168.00000 (50), -1168.00000 (28), -1168.00000 (4), -1168.00000 (64), -1168.00000 (21), -1168.00000 (7), -1168.00000 (36), -1168.00000 (31), -1168.00000 (16), -1168.00000 (37), -1168.00000 (34), -1168.00000 (59), -1168.00000 (11), -1168.00000 (53), -1168.00000 (54), -1168.00000 (64), -1168.00000 (63), -1168.00000 (31), 
Length of domains: 8232
Current (lb-rhs): -1168.0
16380 domains visited
Time: pickout 0.0258    decision 0.2146    set_bounds 0.0053    solve 0.8819    add 2.4512    
Accumulated time: pickout 1.5174    decision 17.4317    set_bounds 0.3336    solve 51.9344    add 8.8065    
Cumulative time: 80.32770991325378

BaB round 66
batch: 128
splitting decisions: 
split level 0: [/74, 442] [/74, 539] [/74, 845] [/74, 197] [/74, 227] [/74, 986] [/74, 500] [/74, 545] [/74, 555] [/74, 306] 
best_l after optimization: -268001.71875
beta sum per layer: [0.0, 0.0, 0.0, 1.9562855958938599]
alpha/beta optimization time: 0.7968242168426514
pruning_in_iteration open status: False
ratio of positive domain = 0 / 256 = 0.0
pruning-in-iteration extra time: 0.000152587890625
torch.Size([256, 1])
Time: prepare 0.0028    bound 0.7982    transfer 0.0041    finalize 0.0652    func 0.8704    
Accumulated time: func 52.7724    prepare 0.9991    bound 47.1980    transfer 0.2870    finalize 5.0803    
max lb tensor(-922.) min lb tensor(-1168.)
Number of Verified Splits: 0 of 256
Current worst splitting domains lb-rhs (depth):
-1168.00000 (62), -1168.00000 (10), -1168.00000 (55), -1168.00000 (19), -1168.00000 (65), -1168.00000 (63), -1168.00000 (35), -1168.00000 (3), -1168.00000 (44), -1168.00000 (36), -1168.00000 (28), -1168.00000 (60), -1168.00000 (49), -1168.00000 (66), -1168.00000 (33), -1168.00000 (25), -1168.00000 (37), -1168.00000 (19), -1168.00000 (21), -1168.00000 (25), 
Length of domains: 8360
Current (lb-rhs): -1168.0
16636 domains visited
Time: pickout 0.0261    decision 0.2712    set_bounds 0.0053    solve 0.8709    add 0.0713    
Accumulated time: pickout 1.5435    decision 17.7029    set_bounds 0.3388    solve 52.8053    add 8.8778    
Cumulative time: 81.57302761077881

BaB round 67
batch: 128
splitting decisions: 
split level 0: [/74, 554] [/74, 826] [/74, 216] [/74, 322] [/74, 105] [/74, 475] [/74, 358] [/74, 916] [/74, 701] [/74, 826] 
best_l after optimization: -268001.5625
beta sum per layer: [0.0, 0.0, 0.0, 2.1725831031799316]
alpha/beta optimization time: 0.43192315101623535
pruning_in_iteration open status: False
ratio of positive domain = 0 / 256 = 0.0
pruning-in-iteration extra time: 3.4809112548828125e-05
torch.Size([256, 1])
Time: prepare 0.0079    bound 0.4332    transfer 0.0038    finalize 0.0645    func 0.5094    
Accumulated time: func 53.2819    prepare 1.0091    bound 47.6313    transfer 0.2908    finalize 5.1448    
max lb tensor(-922.) min lb tensor(-1168.)
Number of Verified Splits: 0 of 256
Current worst splitting domains lb-rhs (depth):
-1168.00000 (43), -1168.00000 (21), -1168.00000 (8), -1168.00000 (64), -1168.00000 (48), -1168.00000 (14), -1168.00000 (18), -1168.00000 (24), -1168.00000 (38), -1168.00000 (28), -1168.00000 (33), -1168.00000 (41), -1168.00000 (46), -1168.00000 (50), -1168.00000 (53), -1168.00000 (6), -1168.00000 (47), -1168.00000 (15), -1168.00000 (13), -1168.00000 (42), 
Length of domains: 8488
Current (lb-rhs): -1168.0
16892 domains visited
Time: pickout 0.0189    decision 0.2912    set_bounds 0.0083    solve 0.5099    add 0.0675    
Accumulated time: pickout 1.5623    decision 17.9941    set_bounds 0.3472    solve 53.3153    add 8.9453    
Cumulative time: 82.46937775611877

BaB round 68
batch: 128
splitting decisions: 
split level 0: [/74, 71] [/74, 986] [/74, 197] [/74, 208] [/74, 545] [/74, 62] [/74, 554] [/74, 73] [/74, 197] [/74, 986] 
best_l after optimization: -268002.5625
beta sum per layer: [0.0, 0.0, 0.0, 2.0533835887908936]
alpha/beta optimization time: 0.37996768951416016
pruning_in_iteration open status: False
ratio of positive domain = 0 / 256 = 0.0
pruning-in-iteration extra time: 3.4809112548828125e-05
torch.Size([256, 1])
Time: prepare 0.0030    bound 0.3813    transfer 0.0040    finalize 0.0646    func 0.4530    
Accumulated time: func 53.7348    prepare 1.0134    bound 48.0126    transfer 0.2948    finalize 5.2094    
max lb tensor(-922.) min lb tensor(-1168.)
Number of Verified Splits: 0 of 256
Current worst splitting domains lb-rhs (depth):
-1168.00000 (20), -1168.00000 (14), -1168.00000 (31), -1168.00000 (48), -1168.00000 (22), -1168.00000 (31), -1168.00000 (7), -1168.00000 (61), -1168.00000 (14), -1168.00000 (55), -1168.00000 (48), -1168.00000 (32), -1168.00000 (14), -1168.00000 (32), -1168.00000 (48), -1168.00000 (61), -1168.00000 (4), -1168.00000 (30), -1168.00000 (15), -1168.00000 (30), 
Length of domains: 8616
Current (lb-rhs): -1168.0
17148 domains visited
Time: pickout 0.0200    decision 0.1306    set_bounds 0.0056    solve 0.4534    add 0.0682    
Accumulated time: pickout 1.5823    decision 18.1248    set_bounds 0.3527    solve 53.7687    add 9.0135    
Cumulative time: 83.14764428138733

BaB round 69
batch: 128
splitting decisions: 
split level 0: [/74, 164] [/74, 62] [/74, 322] [/74, 539] [/74, 601] [/74, 329] [/74, 791] [/74, 442] [/74, 322] [/74, 62] 
best_l after optimization: -268002.25
beta sum per layer: [0.0, 0.0, 0.0, 2.0086703300476074]
alpha/beta optimization time: 0.37906575202941895
pruning_in_iteration open status: False
ratio of positive domain = 0 / 256 = 0.0
pruning-in-iteration extra time: 3.719329833984375e-05
torch.Size([256, 1])
Time: prepare 0.0028    bound 0.3804    transfer 0.0041    finalize 0.0646    func 0.4518    
Accumulated time: func 54.1866    prepare 1.0173    bound 48.3930    transfer 0.2989    finalize 5.2740    
max lb tensor(-922.) min lb tensor(-1168.)
Number of Verified Splits: 0 of 256
Current worst splitting domains lb-rhs (depth):
-1168.00000 (6), -1168.00000 (6), -1168.00000 (39), -1168.00000 (57), -1168.00000 (65), -1168.00000 (25), -1168.00000 (15), -1168.00000 (39), -1168.00000 (12), -1168.00000 (39), -1168.00000 (65), -1168.00000 (52), -1168.00000 (25), -1168.00000 (53), -1168.00000 (38), -1168.00000 (25), -1168.00000 (66), -1168.00000 (38), -1168.00000 (5), -1168.00000 (15), 
Length of domains: 8744
Current (lb-rhs): -1168.0
17404 domains visited
Time: pickout 0.0195    decision 0.1275    set_bounds 0.0052    solve 0.4523    add 0.0679    
Accumulated time: pickout 1.6019    decision 18.2523    set_bounds 0.3579    solve 54.2211    add 9.0814    
Cumulative time: 83.82062196731567

BaB round 70
batch: 128
splitting decisions: 
split level 0: [/74, 390] [/74, 329] [/74, 539] [/74, 306] [/74, 442] [/74, 185] [/74, 164] [/74, 554] [/74, 628] [/74, 329] 
best_l after optimization: -268001.78125
beta sum per layer: [0.0, 0.0, 0.0, 1.991114616394043]
alpha/beta optimization time: 0.3869149684906006
pruning_in_iteration open status: False
ratio of positive domain = 0 / 256 = 0.0
pruning-in-iteration extra time: 3.743171691894531e-05
torch.Size([256, 1])
Time: prepare 0.0029    bound 0.3883    transfer 0.0040    finalize 0.0650    func 0.4603    
Accumulated time: func 54.6469    prepare 1.0215    bound 48.7813    transfer 0.3029    finalize 5.3390    
max lb tensor(-922.) min lb tensor(-1168.)
Number of Verified Splits: 0 of 256
Current worst splitting domains lb-rhs (depth):
-1168.00000 (8), -1168.00000 (59), -1168.00000 (20), -1168.00000 (57), -1168.00000 (31), -1168.00000 (23), -1168.00000 (51), -1168.00000 (17), -1168.00000 (38), -1168.00000 (56), -1168.00000 (45), -1168.00000 (62), -1168.00000 (45), -1168.00000 (60), -1168.00000 (30), -1168.00000 (64), -1168.00000 (4), -1168.00000 (63), -1168.00000 (25), -1168.00000 (55), 
Length of domains: 8872
Current (lb-rhs): -1168.0
17660 domains visited
Time: pickout 0.0195    decision 0.1292    set_bounds 0.0054    solve 0.4608    add 0.0691    
Accumulated time: pickout 1.6214    decision 18.3815    set_bounds 0.3633    solve 54.6819    add 9.1505    
Cumulative time: 84.50507378578186

BaB round 71
batch: 128
splitting decisions: 
split level 0: [/74, 975] [/74, 287] [/74, 306] [/74, 91] [/74, 791] [/74, 328] [/74, 574] [/74, 791] [/74, 539] [/74, 843] 
best_l after optimization: -268001.46875
beta sum per layer: [0.0, 0.0, 0.0, 1.9867304563522339]
alpha/beta optimization time: 0.38631272315979004
pruning_in_iteration open status: False
ratio of positive domain = 0 / 256 = 0.0
pruning-in-iteration extra time: 0.00010967254638671875
torch.Size([256, 1])
Time: prepare 0.0030    bound 0.3877    transfer 0.0039    finalize 0.0656    func 0.4602    
Accumulated time: func 55.1071    prepare 1.0258    bound 49.1690    transfer 0.3068    finalize 5.4046    
max lb tensor(-922.) min lb tensor(-1168.)
Number of Verified Splits: 0 of 256
Current worst splitting domains lb-rhs (depth):
-1168.00000 (38), -1168.00000 (63), -1168.00000 (51), -1168.00000 (43), -1168.00000 (35), -1168.00000 (71), -1168.00000 (50), -1168.00000 (18), -1168.00000 (9), -1168.00000 (29), -1168.00000 (67), -1168.00000 (3), -1168.00000 (4), -1168.00000 (63), -1168.00000 (50), -1168.00000 (18), -1168.00000 (35), -1168.00000 (18), -1168.00000 (50), -1168.00000 (43), 
Length of domains: 9000
Current (lb-rhs): -1168.0
17916 domains visited
Time: pickout 0.0204    decision 0.1305    set_bounds 0.0053    solve 0.4607    add 0.0693    
Accumulated time: pickout 1.6418    decision 18.5120    set_bounds 0.3686    solve 55.1425    add 9.2198    
Cumulative time: 85.19178652763367

BaB round 72
batch: 128
splitting decisions: 
split level 0: [/74, 587] [/74, 843] [/74, 826] [/74, 329] [/74, 71] [/74, 916] [/74, 669] [/74, 312] [/74, 826] [/74, 185] 
best_l after optimization: -268001.34375
beta sum per layer: [0.0, 0.0, 0.0, 2.2185163497924805]
alpha/beta optimization time: 0.3928987979888916
pruning_in_iteration open status: False
ratio of positive domain = 0 / 256 = 0.0
pruning-in-iteration extra time: 3.933906555175781e-05
torch.Size([256, 1])
Time: prepare 0.0030    bound 0.3943    transfer 0.0044    finalize 0.0641    func 0.4659    
Accumulated time: func 55.5730    prepare 1.0301    bound 49.5633    transfer 0.3112    finalize 5.4687    
max lb tensor(-922.) min lb tensor(-1168.)
Number of Verified Splits: 0 of 256
Current worst splitting domains lb-rhs (depth):
-1168.00000 (41), -1168.00000 (72), -1168.00000 (9), -1168.00000 (4), -1168.00000 (28), -1168.00000 (54), -1168.00000 (18), -1168.00000 (35), -1168.00000 (65), -1168.00000 (14), -1168.00000 (62), -1168.00000 (23), -1168.00000 (45), -1168.00000 (58), -1168.00000 (50), -1168.00000 (68), -1168.00000 (9), -1168.00000 (29), -1168.00000 (35), -1168.00000 (54), 
Length of domains: 9128
Current (lb-rhs): -1168.0
18172 domains visited
Time: pickout 0.0206    decision 0.1302    set_bounds 0.0055    solve 0.4664    add 0.0674    
Accumulated time: pickout 1.6624    decision 18.6422    set_bounds 0.3741    solve 55.6089    add 9.2872    
Cumulative time: 85.88240027427673

BaB round 73
batch: 128
splitting decisions: 
split level 0: [/74, 669] [/74, 185] [/74, 475] [/74, 287] [/74, 312] [/74, 601] [/74, 917] [/74, 164] [/74, 62] [/74, 776] 
best_l after optimization: -268002.25
beta sum per layer: [0.0, 0.0, 0.0, 2.0638017654418945]
alpha/beta optimization time: 0.3945198059082031
pruning_in_iteration open status: False
ratio of positive domain = 0 / 256 = 0.0
pruning-in-iteration extra time: 3.5762786865234375e-05
torch.Size([256, 1])
Time: prepare 0.0034    bound 0.3959    transfer 0.0037    finalize 0.0636    func 0.4665    
Accumulated time: func 56.0395    prepare 1.0352    bound 49.9592    transfer 0.3148    finalize 5.5323    
max lb tensor(-922.) min lb tensor(-1168.)
Number of Verified Splits: 0 of 256
Current worst splitting domains lb-rhs (depth):
-1168.00000 (63), -1168.00000 (36), -1168.00000 (42), -1168.00000 (16), -1168.00000 (21), -1168.00000 (49), -1168.00000 (55), -1168.00000 (66), -1168.00000 (70), -1168.00000 (16), -1168.00000 (72), -1168.00000 (49), -1168.00000 (29), -1168.00000 (55), -1168.00000 (37), -1168.00000 (41), -1168.00000 (63), -1168.00000 (26), -1168.00000 (10), -1168.00000 (20), 
Length of domains: 9256
Current (lb-rhs): -1168.0
18428 domains visited
Time: pickout 0.0196    decision 0.1345    set_bounds 0.0054    solve 0.4670    add 0.0666    
Accumulated time: pickout 1.6820    decision 18.7767    set_bounds 0.3795    solve 56.0759    add 9.3538    
Cumulative time: 86.57602334022522

BaB round 74
batch: 128
splitting decisions: 
split level 0: [/74, 917] [/74, 776] [/74, 62] [/74, 185] [/74, 465] [/74, 666] [/74, 448] [/74, 669] [/74, 329] [/74, 328] 
best_l after optimization: -268001.9375
beta sum per layer: [0.0, 0.0, 0.0, 2.02516508102417]
alpha/beta optimization time: 0.3849515914916992
pruning_in_iteration open status: False
ratio of positive domain = 0 / 256 = 0.0
pruning-in-iteration extra time: 3.3855438232421875e-05
torch.Size([256, 1])
Time: prepare 0.0029    bound 0.3864    transfer 0.0038    finalize 0.0670    func 0.4601    
Accumulated time: func 56.4996    prepare 1.0394    bound 50.3455    transfer 0.3186    finalize 5.5992    
max lb tensor(-922.) min lb tensor(-1168.)
Number of Verified Splits: 0 of 256
Current worst splitting domains lb-rhs (depth):
-1168.00000 (23), -1168.00000 (23), -1168.00000 (5), -1168.00000 (60), -1168.00000 (42), -1168.00000 (47), -1168.00000 (55), -1168.00000 (31), -1168.00000 (38), -1168.00000 (49), -1168.00000 (67), -1168.00000 (70), -1168.00000 (9), -1168.00000 (14), -1168.00000 (60), -1168.00000 (31), -1168.00000 (42), -1168.00000 (54), -1168.00000 (13), -1168.00000 (10), 
Length of domains: 9384
Current (lb-rhs): -1168.0
18684 domains visited
Time: pickout 0.0195    decision 0.1294    set_bounds 0.0053    solve 0.4606    add 0.0725    
Accumulated time: pickout 1.7015    decision 18.9061    set_bounds 0.3848    solve 56.5365    add 9.4263    
Cumulative time: 87.2638156414032

BaB round 75
batch: 128
splitting decisions: 
split level 0: [/74, 160] [/74, 105] [/74, 91] [/74, 328] [/74, 390] [/74, 442] [/74, 611] [/74, 917] [/74, 843] [/74, 227] 
best_l after optimization: -268001.625
beta sum per layer: [0.0, 0.0, 0.0, 1.9978609085083008]
alpha/beta optimization time: 0.39300537109375
pruning_in_iteration open status: False
ratio of positive domain = 0 / 256 = 0.0
pruning-in-iteration extra time: 9.775161743164062e-05
torch.Size([256, 1])
Time: prepare 0.0030    bound 0.3944    transfer 0.0034    finalize 0.0682    func 0.4690    
Accumulated time: func 56.9686    prepare 1.0437    bound 50.7399    transfer 0.3220    finalize 5.6674    
max lb tensor(-922.) min lb tensor(-1168.)
Number of Verified Splits: 0 of 256
Current worst splitting domains lb-rhs (depth):
-1168.00000 (15), -1168.00000 (73), -1168.00000 (23), -1168.00000 (51), -1168.00000 (35), -1168.00000 (67), -1168.00000 (17), -1168.00000 (4), -1168.00000 (30), -1168.00000 (26), -1168.00000 (73), -1168.00000 (9), -1168.00000 (9), -1168.00000 (32), -1168.00000 (48), -1168.00000 (67), -1168.00000 (37), -1168.00000 (54), -1168.00000 (44), -1168.00000 (20), 
Length of domains: 9512
Current (lb-rhs): -1168.0
18940 domains visited
Time: pickout 0.0206    decision 0.1324    set_bounds 0.0054    solve 0.4695    add 0.0711    
Accumulated time: pickout 1.7221    decision 19.0386    set_bounds 0.3903    solve 57.0060    add 9.4974    
Cumulative time: 87.96335005760193

BaB round 76
batch: 128
splitting decisions: 
split level 0: [/74, 1010] [/74, 545] [/74, 329] [/74, 105] [/74, 574] [/74, 500] [/74, 1010] [/74, 160] [/74, 776] [/74, 601] 
best_l after optimization: -268001.46875
beta sum per layer: [0.0, 0.0, 0.0, 2.2441577911376953]
alpha/beta optimization time: 0.3924379348754883
pruning_in_iteration open status: False
ratio of positive domain = 0 / 256 = 0.0
pruning-in-iteration extra time: 8.273124694824219e-05
torch.Size([256, 1])
Time: prepare 0.0029    bound 0.3938    transfer 0.0036    finalize 0.0673    func 0.4676    
Accumulated time: func 57.4362    prepare 1.0479    bound 51.1337    transfer 0.3256    finalize 5.7347    
max lb tensor(-922.) min lb tensor(-1168.)
Number of Verified Splits: 0 of 256
Current worst splitting domains lb-rhs (depth):
-1168.00000 (37), -1168.00000 (37), -1168.00000 (57), -1168.00000 (24), -1168.00000 (43), -1168.00000 (61), -1168.00000 (76), -1168.00000 (4), -1168.00000 (15), -1168.00000 (19), -1168.00000 (30), -1168.00000 (48), -1168.00000 (52), -1168.00000 (9), -1168.00000 (68), -1168.00000 (43), -1168.00000 (72), -1168.00000 (57), -1168.00000 (48), -1168.00000 (24), 
Length of domains: 9640
Current (lb-rhs): -1168.0
19196 domains visited
Time: pickout 0.0207    decision 0.1308    set_bounds 0.0053    solve 0.4681    add 0.0732    
Accumulated time: pickout 1.7429    decision 19.1694    set_bounds 0.3956    solve 57.4741    add 9.5706    
Cumulative time: 88.66207337379456

BaB round 77
batch: 128
splitting decisions: 
split level 0: [/74, 335] [/74, 601] [/74, 287] [/74, 916] [/74, 587] [/74, 89] [/74, 353] [/74, 337] [/74, 328] [/74, 73] 
best_l after optimization: -268002.625
beta sum per layer: [0.0, 0.0, 0.0, 2.0915048122406006]
alpha/beta optimization time: 0.38364553451538086
pruning_in_iteration open status: False
ratio of positive domain = 0 / 256 = 0.0
pruning-in-iteration extra time: 3.743171691894531e-05
torch.Size([256, 1])
Time: prepare 0.0030    bound 0.3851    transfer 0.0039    finalize 0.0659    func 0.4579    
Accumulated time: func 57.8941    prepare 1.0523    bound 51.5188    transfer 0.3294    finalize 5.8006    
max lb tensor(-922.) min lb tensor(-1168.)
Number of Verified Splits: 0 of 256
Current worst splitting domains lb-rhs (depth):
-1168.00000 (67), -1168.00000 (58), -1168.00000 (42), -1168.00000 (48), -1168.00000 (39), -1168.00000 (76), -1168.00000 (54), -1168.00000 (31), -1168.00000 (72), -1168.00000 (22), -1168.00000 (17), -1168.00000 (4), -1168.00000 (58), -1168.00000 (36), -1168.00000 (7), -1168.00000 (39), -1168.00000 (24), -1168.00000 (33), -1168.00000 (24), -1168.00000 (31), 
Length of domains: 9768
Current (lb-rhs): -1168.0
19452 domains visited
Time: pickout 0.0200    decision 0.1304    set_bounds 0.0055    solve 0.4584    add 0.0683    
Accumulated time: pickout 1.7628    decision 19.2998    set_bounds 0.4011    solve 57.9325    add 9.6389    
Cumulative time: 89.34507203102112

BaB round 78
batch: 128
splitting decisions: 
split level 0: [/74, 953] [/74, 666] [/74, 185] [/74, 601] [/74, 598] [/74, 71] [/74, 735] [/74, 541] [/74, 227] [/74, 500] 
best_l after optimization: -268001.9375
beta sum per layer: [0.0, 0.0, 0.0, 2.0350894927978516]
alpha/beta optimization time: 0.3808295726776123
pruning_in_iteration open status: False
ratio of positive domain = 0 / 256 = 0.0
pruning-in-iteration extra time: 3.552436828613281e-05
torch.Size([256, 1])
Time: prepare 0.0028    bound 0.3821    transfer 0.0033    finalize 0.0671    func 0.4555    
Accumulated time: func 58.3496    prepare 1.0563    bound 51.9009    transfer 0.3328    finalize 5.8677    
max lb tensor(-922.) min lb tensor(-1168.)
Number of Verified Splits: 0 of 256
Current worst splitting domains lb-rhs (depth):
-1168.00000 (64), -1168.00000 (34), -1168.00000 (23), -1168.00000 (12), -1168.00000 (42), -1168.00000 (51), -1168.00000 (56), -1168.00000 (76), -1168.00000 (69), -1168.00000 (17), -1168.00000 (4), -1168.00000 (34), -1168.00000 (42), -1168.00000 (72), -1168.00000 (17), -1168.00000 (6), -1168.00000 (23), -1168.00000 (57), -1168.00000 (68), -1168.00000 (4), 
Length of domains: 9896
Current (lb-rhs): -1168.0
19708 domains visited
Time: pickout 0.0200    decision 0.1290    set_bounds 0.0053    solve 0.4560    add 0.0784    
Accumulated time: pickout 1.7829    decision 19.4288    set_bounds 0.4064    solve 58.3884    add 9.7173    
Cumulative time: 90.03432989120483

BaB round 79
batch: 128
splitting decisions: 
split level 0: [/74, 544] [/74, 442] [/74, 776] [/74, 442] [/74, 917] [/74, 338] [/74, 240] [/74, 832] [/74, 545] [/74, 358] 
best_l after optimization: -268001.875
beta sum per layer: [0.0, 0.0, 0.0, 2.049151659011841]
alpha/beta optimization time: 0.44639039039611816
pruning_in_iteration open status: False
ratio of positive domain = 0 / 256 = 0.0
pruning-in-iteration extra time: 3.504753112792969e-05
torch.Size([256, 1])
Time: prepare 0.0035    bound 0.4477    transfer 0.0036    finalize 0.0536    func 0.5084    
Accumulated time: func 58.8580    prepare 1.0612    bound 52.3486    transfer 0.3363    finalize 5.9213    
max lb tensor(-922.) min lb tensor(-1168.)
Number of Verified Splits: 0 of 256
Current worst splitting domains lb-rhs (depth):
-1168.00000 (31), -1168.00000 (48), -1168.00000 (54), -1168.00000 (60), -1168.00000 (26), -1168.00000 (4), -1168.00000 (76), -1168.00000 (28), -1168.00000 (69), -1168.00000 (33), -1168.00000 (40), -1168.00000 (72), -1168.00000 (62), -1168.00000 (10), -1168.00000 (13), -1168.00000 (37), -1168.00000 (78), -1168.00000 (18), -1168.00000 (45), -1168.00000 (47), 
Length of domains: 10024
Current (lb-rhs): -1168.0
19964 domains visited
Time: pickout 0.0206    decision 0.1402    set_bounds 0.0053    solve 0.5089    add 0.0521    
Accumulated time: pickout 1.8035    decision 19.5690    set_bounds 0.4117    solve 58.8973    add 9.7694    
Cumulative time: 90.76421117782593

BaB round 80
batch: 128
splitting decisions: 
split level 0: [/74, 506] [/74, 500] [/74, 666] [/74, 500] [/74, 337] [/74, 164] [/74, 335] [/74, 448] [/74, 601] [/74, 554] 
best_l after optimization: -268001.53125
beta sum per layer: [0.0, 0.0, 0.0, 2.028895854949951]
alpha/beta optimization time: 0.39949798583984375
pruning_in_iteration open status: False
ratio of positive domain = 0 / 256 = 0.0
pruning-in-iteration extra time: 4.1484832763671875e-05
torch.Size([256, 1])
Time: prepare 0.0029    bound 0.4008    transfer 0.0044    finalize 0.0704    func 0.4785    
Accumulated time: func 59.3365    prepare 1.0653    bound 52.7494    transfer 0.3407    finalize 5.9918    
max lb tensor(-922.) min lb tensor(-1168.)
Number of Verified Splits: 0 of 256
Current worst splitting domains lb-rhs (depth):
-1168.00000 (39), -1168.00000 (27), -1168.00000 (60), -1168.00000 (75), -1168.00000 (9), -1168.00000 (47), -1168.00000 (76), -1168.00000 (71), -1168.00000 (37), -1168.00000 (43), -1168.00000 (23), -1168.00000 (56), -1168.00000 (33), -1168.00000 (42), -1168.00000 (31), -1168.00000 (57), -1168.00000 (11), -1168.00000 (25), -1168.00000 (59), -1168.00000 (71), 
Length of domains: 10152
Current (lb-rhs): -1168.0
20220 domains visited
Time: pickout 0.0191    decision 0.1308    set_bounds 0.0054    solve 0.4790    add 0.0786    
Accumulated time: pickout 1.8226    decision 19.6998    set_bounds 0.4171    solve 59.3763    add 9.8480    
Cumulative time: 91.47765231132507

BaB round 81
batch: 128
splitting decisions: 
split level 0: [/74, 426] [/74, 554] [/74, 73] [/74, 89] [/74, 541] [/74, 390] [/74, 544] [/74, 611] [/74, 500] [/74, 71] 
best_l after optimization: -268001.5625
beta sum per layer: [0.0, 0.0, 0.0, 2.2421905994415283]
alpha/beta optimization time: 0.8831064701080322
pruning_in_iteration open status: False
ratio of positive domain = 0 / 256 = 0.0
pruning-in-iteration extra time: 0.00026416778564453125
torch.Size([256, 1])
Time: prepare 0.0060    bound 0.8848    transfer 0.0042    finalize 0.0544    func 0.9495    
Accumulated time: func 60.2859    prepare 1.0864    bound 53.6342    transfer 0.3450    finalize 6.0462    
max lb tensor(-922.) min lb tensor(-1168.)
Number of Verified Splits: 0 of 256
Current worst splitting domains lb-rhs (depth):
-1168.00000 (40), -1168.00000 (32), -1168.00000 (76), -1168.00000 (18), -1168.00000 (61), -1168.00000 (40), -1168.00000 (51), -1168.00000 (7), -1168.00000 (76), -1168.00000 (25), -1168.00000 (60), -1168.00000 (18), -1168.00000 (33), -1168.00000 (7), -1168.00000 (76), -1168.00000 (51), -1168.00000 (6), -1168.00000 (60), -1168.00000 (18), -1168.00000 (77), 
Length of domains: 10280
Current (lb-rhs): -1168.0
20476 domains visited
Time: pickout 0.0200    decision 0.3194    set_bounds 0.0065    solve 0.9499    add 0.0545    
Accumulated time: pickout 1.8427    decision 20.0192    set_bounds 0.4236    solve 60.3263    add 9.9025    
Cumulative time: 92.83081841468811

BaB round 82
batch: 128
splitting decisions: 
split level 0: [/74, 580] [/74, 791] [/74, 500] [/74, 358] [/74, 448] [/74, 52] [/74, 634] [/74, 1010] [/74, 554] [/74, 338] 
best_l after optimization: -268003.03125
beta sum per layer: [0.0, 0.0, 0.0, 2.0997402667999268]
alpha/beta optimization time: 0.8749887943267822
pruning_in_iteration open status: False
ratio of positive domain = 0 / 256 = 0.0
pruning-in-iteration extra time: 0.0004134178161621094
torch.Size([256, 1])
Time: prepare 0.0116    bound 0.8768    transfer 0.0041    finalize 0.0710    func 0.9634    
Accumulated time: func 61.2493    prepare 1.1146    bound 54.5109    transfer 0.3490    finalize 6.1172    
max lb tensor(-922.) min lb tensor(-1168.)
Number of Verified Splits: 0 of 256
Current worst splitting domains lb-rhs (depth):
-1168.00000 (70), -1168.00000 (41), -1168.00000 (60), -1168.00000 (26), -1168.00000 (33), -1168.00000 (52), -1168.00000 (6), -1168.00000 (78), -1168.00000 (72), -1168.00000 (67), -1168.00000 (45), -1168.00000 (68), -1168.00000 (15), -1168.00000 (14), -1168.00000 (12), -1168.00000 (57), -1168.00000 (53), -1168.00000 (4), -1168.00000 (62), -1168.00000 (55), 
Length of domains: 10408
Current (lb-rhs): -1168.0
20732 domains visited
Time: pickout 0.0287    decision 0.2721    set_bounds 0.0094    solve 0.9639    add 0.0756    
Accumulated time: pickout 1.8714    decision 20.2913    set_bounds 0.4330    solve 61.2902    add 9.9781    
Cumulative time: 94.18113780021667

BaB round 83
batch: 128
splitting decisions: 
split level 0: [/74, 118] [/74, 71] [/74, 89] [/74, 554] [/74, 611] [/74, 574] [/74, 506] [/74, 335] [/74, 71] [/74, 312] 
best_l after optimization: -268002.375
beta sum per layer: [0.0, 0.0, 0.0, 2.05501651763916]
alpha/beta optimization time: 0.4054992198944092
pruning_in_iteration open status: False
ratio of positive domain = 0 / 256 = 0.0
pruning-in-iteration extra time: 3.719329833984375e-05
torch.Size([256, 1])
Time: prepare 0.0030    bound 0.4068    transfer 0.0046    finalize 0.2434    func 0.6580    
Accumulated time: func 61.9073    prepare 1.1191    bound 54.9178    transfer 0.3537    finalize 6.3606    
max lb tensor(-922.) min lb tensor(-1168.)
Number of Verified Splits: 0 of 256
Current worst splitting domains lb-rhs (depth):
-1168.00000 (78), -1168.00000 (58), -1168.00000 (16), -1168.00000 (71), -1168.00000 (26), -1168.00000 (59), -1168.00000 (10), -1168.00000 (42), -1168.00000 (28), -1168.00000 (56), -1168.00000 (16), -1168.00000 (35), -1168.00000 (55), -1168.00000 (74), -1168.00000 (63), -1168.00000 (44), -1168.00000 (50), -1168.00000 (39), -1168.00000 (12), -1168.00000 (81), 
Length of domains: 10536
Current (lb-rhs): -1168.0
20988 domains visited
Time: pickout 0.0212    decision 0.1358    set_bounds 0.0057    solve 0.6585    add 0.0566    
Accumulated time: pickout 1.8926    decision 20.4271    set_bounds 0.4387    solve 61.9486    add 10.0347    
Cumulative time: 95.06153726577759

BaB round 84
batch: 128
splitting decisions: 
split level 0: [/74, 295] [/74, 338] [/74, 338] [/74, 791] [/74, 1010] [/74, 587] [/74, 295] [/74, 544] [/74, 312] [/74, 164] 
best_l after optimization: -268001.9375
beta sum per layer: [0.0, 0.0, 0.0, 2.040085792541504]
alpha/beta optimization time: 0.5169112682342529
pruning_in_iteration open status: False
ratio of positive domain = 0 / 256 = 0.0
pruning-in-iteration extra time: 0.00015211105346679688
torch.Size([256, 1])
Time: prepare 0.0030    bound 0.5184    transfer 0.0041    finalize 0.0747    func 0.6002    
Accumulated time: func 62.5075    prepare 1.1234    bound 55.4362    transfer 0.3578    finalize 6.4352    
max lb tensor(-922.) min lb tensor(-1168.)
Number of Verified Splits: 0 of 256
Current worst splitting domains lb-rhs (depth):
-1168.00000 (75), -1168.00000 (45), -1168.00000 (6), -1168.00000 (37), -1168.00000 (29), -1168.00000 (68), -1168.00000 (16), -1168.00000 (9), -1168.00000 (54), -1168.00000 (45), -1168.00000 (60), -1168.00000 (37), -1168.00000 (80), -1168.00000 (60), -1168.00000 (26), -1168.00000 (19), -1168.00000 (12), -1168.00000 (66), -1168.00000 (36), -1168.00000 (26), 
Length of domains: 10664
Current (lb-rhs): -1168.0
21244 domains visited
Time: pickout 0.0226    decision 0.1360    set_bounds 0.0057    solve 0.6007    add 0.0817    
Accumulated time: pickout 1.9152    decision 20.5631    set_bounds 0.4444    solve 62.5493    add 10.1163    
Cumulative time: 95.90873789787292

BaB round 85
batch: 128
splitting decisions: 
split level 0: [/74, 86] [/74, 312] [/74, 164] [/74, 338] [/74, 353] [/74, 598] [/74, 86] [/74, 634] [/74, 465] [/74, 465] 
best_l after optimization: -268001.6875
beta sum per layer: [0.0, 0.0, 0.0, 2.029829978942871]
alpha/beta optimization time: 0.5347726345062256
pruning_in_iteration open status: False
ratio of positive domain = 0 / 256 = 0.0
pruning-in-iteration extra time: 0.0001823902130126953
torch.Size([256, 1])
Time: prepare 0.0038    bound 0.5363    transfer 0.0041    finalize 0.0571    func 0.6014    
Accumulated time: func 63.1089    prepare 1.1297    bound 55.9724    transfer 0.3619    finalize 6.4924    
max lb tensor(-922.) min lb tensor(-1168.)
Number of Verified Splits: 0 of 256
Current worst splitting domains lb-rhs (depth):
-1168.00000 (48), -1168.00000 (64), -1168.00000 (30), -1168.00000 (18), -1168.00000 (64), -1168.00000 (73), -1168.00000 (42), -1168.00000 (57), -1168.00000 (84), -1168.00000 (34), -1168.00000 (11), -1168.00000 (77), -1168.00000 (24), -1168.00000 (30), -1168.00000 (18), -1168.00000 (4), -1168.00000 (64), -1168.00000 (42), -1168.00000 (56), -1168.00000 (19), 
Length of domains: 10792
Current (lb-rhs): -1168.0
21500 domains visited
Time: pickout 0.0211    decision 0.1737    set_bounds 0.0061    solve 0.6020    add 0.0557    
Accumulated time: pickout 1.9363    decision 20.7368    set_bounds 0.4505    solve 63.1513    add 10.1720    
Cumulative time: 96.77017545700073

BaB round 86
batch: 128
splitting decisions: 
split level 0: [/74, 180] [/74, 390] [/74, 390] [/74, 164] [/74, 735] [/74, 160] [/74, 585] [/74, 506] [/74, 975] [/74, 390] 
best_l after optimization: -268001.5625
beta sum per layer: [0.0, 0.0, 0.0, 2.4524409770965576]
alpha/beta optimization time: 0.3876504898071289
pruning_in_iteration open status: False
ratio of positive domain = 0 / 256 = 0.0
pruning-in-iteration extra time: 3.62396240234375e-05
torch.Size([256, 1])
Time: prepare 0.0030    bound 0.3890    transfer 0.0034    finalize 0.0698    func 0.4653    
Accumulated time: func 63.5742    prepare 1.1341    bound 56.3614    transfer 0.3653    finalize 6.5622    
max lb tensor(-922.) min lb tensor(-1168.)
Number of Verified Splits: 0 of 256
Current worst splitting domains lb-rhs (depth):
-1168.00000 (28), -1168.00000 (81), -1168.00000 (24), -1168.00000 (57), -1168.00000 (86), -1168.00000 (44), -1168.00000 (54), -1168.00000 (8), -1168.00000 (74), -1168.00000 (51), -1168.00000 (65), -1168.00000 (20), -1168.00000 (66), -1168.00000 (38), -1168.00000 (70), -1168.00000 (35), -1168.00000 (69), -1168.00000 (3), -1168.00000 (21), -1168.00000 (10), 
Length of domains: 10920
Current (lb-rhs): -1168.0
21756 domains visited
Time: pickout 0.0212    decision 0.1299    set_bounds 0.0055    solve 0.4658    add 0.0795    
Accumulated time: pickout 1.9575    decision 20.8667    set_bounds 0.4561    solve 63.6171    add 10.2515    
Cumulative time: 97.47257256507874

BaB round 87
batch: 128
splitting decisions: 
split level 0: [/74, 517] [/74, 975] [/74, 975] [/74, 52] [/74, 240] [/74, 541] [/74, 517] [/74, 422] [/74, 574] [/74, 52] 
best_l after optimization: -268002.84375
beta sum per layer: [0.0, 0.0, 0.0, 2.1106576919555664]
alpha/beta optimization time: 0.38115549087524414
pruning_in_iteration open status: False
ratio of positive domain = 0 / 256 = 0.0
pruning-in-iteration extra time: 3.504753112792969e-05
torch.Size([256, 1])
Time: prepare 0.0028    bound 0.3824    transfer 0.0036    finalize 0.0554    func 0.4442    
Accumulated time: func 64.0183    prepare 1.1381    bound 56.7438    transfer 0.3689    finalize 6.6176    
max lb tensor(-922.) min lb tensor(-1168.)
Number of Verified Splits: 0 of 256
Current worst splitting domains lb-rhs (depth):
-1168.00000 (28), -1168.00000 (27), -1168.00000 (54), -1168.00000 (27), -1168.00000 (53), -1168.00000 (81), -1168.00000 (7), -1168.00000 (53), -1168.00000 (28), -1168.00000 (81), -1168.00000 (53), -1168.00000 (28), -1168.00000 (52), -1168.00000 (7), -1168.00000 (54), -1168.00000 (82), -1168.00000 (52), -1168.00000 (52), -1168.00000 (29), -1168.00000 (7), 
Length of domains: 11048
Current (lb-rhs): -1168.0
22012 domains visited
Time: pickout 0.0207    decision 0.1274    set_bounds 0.0053    solve 0.4447    add 0.0536    
Accumulated time: pickout 1.9782    decision 20.9941    set_bounds 0.4614    solve 64.0617    add 10.3051    
Cumulative time: 98.12693357467651

BaB round 88
batch: 128
splitting decisions: 
split level 0: [/74, 129] [/74, 574] [/74, 52] [/74, 598] [/74, 953] [/74, 448] [/74, 456] [/74, 86] [/74, 669] [/74, 574] 
best_l after optimization: -268002.25
beta sum per layer: [0.0, 0.0, 0.0, 2.0682573318481445]
alpha/beta optimization time: 0.3876352310180664
pruning_in_iteration open status: False
ratio of positive domain = 0 / 256 = 0.0
pruning-in-iteration extra time: 3.457069396972656e-05
torch.Size([256, 1])
Time: prepare 0.0031    bound 0.3890    transfer 0.0037    finalize 0.0729    func 0.4688    
Accumulated time: func 64.4871    prepare 1.1425    bound 57.1328    transfer 0.3725    finalize 6.6905    
max lb tensor(-922.) min lb tensor(-1168.)
Number of Verified Splits: 0 of 256
Current worst splitting domains lb-rhs (depth):
-1168.00000 (19), -1168.00000 (21), -1168.00000 (63), -1168.00000 (47), -1168.00000 (81), -1168.00000 (81), -1168.00000 (57), -1168.00000 (88), -1168.00000 (39), -1168.00000 (73), -1168.00000 (4), -1168.00000 (47), -1168.00000 (69), -1168.00000 (15), -1168.00000 (13), -1168.00000 (63), -1168.00000 (38), -1168.00000 (28), -1168.00000 (57), -1168.00000 (7), 
Length of domains: 11176
Current (lb-rhs): -1168.0
22268 domains visited
Time: pickout 0.0202    decision 0.1307    set_bounds 0.0056    solve 0.4693    add 0.0817    
Accumulated time: pickout 1.9984    decision 21.1247    set_bounds 0.4669    solve 64.5310    add 10.3868    
Cumulative time: 98.83490252494812

BaB round 89
batch: 128
splitting decisions: 
split level 0: [/74, 210] [/74, 587] [/74, 574] [/74, 669] [/74, 506] [/74, 611] [/74, 738] [/74, 585] [/74, 375] [/74, 669] 
best_l after optimization: -268002.0
beta sum per layer: [0.0, 0.0, 0.0, 2.024048089981079]
alpha/beta optimization time: 0.3826119899749756
pruning_in_iteration open status: False
ratio of positive domain = 0 / 256 = 0.0
pruning-in-iteration extra time: 4.2438507080078125e-05
torch.Size([256, 1])
Time: prepare 0.0030    bound 0.3840    transfer 0.0044    finalize 0.0583    func 0.4496    
Accumulated time: func 64.9367    prepare 1.1468    bound 57.5168    transfer 0.3769    finalize 6.7488    
max lb tensor(-922.) min lb tensor(-1168.)
Number of Verified Splits: 0 of 256
Current worst splitting domains lb-rhs (depth):
-1168.00000 (88), -1168.00000 (21), -1168.00000 (38), -1168.00000 (65), -1168.00000 (59), -1168.00000 (8), -1168.00000 (57), -1168.00000 (73), -1168.00000 (41), -1168.00000 (4), -1168.00000 (18), -1168.00000 (83), -1168.00000 (45), -1168.00000 (53), -1168.00000 (25), -1168.00000 (82), -1168.00000 (35), -1168.00000 (32), -1168.00000 (62), -1168.00000 (69), 
Length of domains: 11304
Current (lb-rhs): -1168.0
22524 domains visited
Time: pickout 0.0195    decision 0.1297    set_bounds 0.0054    solve 0.4501    add 0.0560    
Accumulated time: pickout 2.0179    decision 21.2544    set_bounds 0.4724    solve 64.9812    add 10.4428    
Cumulative time: 99.49859547615051

BaB round 90
batch: 128
splitting decisions: 
split level 0: [/74, 302] [/74, 669] [/74, 669] [/74, 375] [/74, 426] [/74, 1010] [/74, 302] [/74, 210] [/74, 917] [/74, 917] 
best_l after optimization: -268001.78125
beta sum per layer: [0.0, 0.0, 0.0, 2.0446598529815674]
alpha/beta optimization time: 0.3975038528442383
pruning_in_iteration open status: False
ratio of positive domain = 0 / 256 = 0.0
pruning-in-iteration extra time: 3.7670135498046875e-05
torch.Size([256, 1])
Time: prepare 0.0029    bound 0.3989    transfer 0.0041    finalize 0.0730    func 0.4789    
Accumulated time: func 65.4157    prepare 1.1509    bound 57.9156    transfer 0.3811    finalize 6.8218    
max lb tensor(-922.) min lb tensor(-1168.)
Number of Verified Splits: 0 of 256
Current worst splitting domains lb-rhs (depth):
-1168.00000 (62), -1168.00000 (41), -1168.00000 (21), -1168.00000 (63), -1168.00000 (78), -1168.00000 (41), -1168.00000 (88), -1168.00000 (63), -1168.00000 (41), -1168.00000 (7), -1168.00000 (21), -1168.00000 (42), -1168.00000 (63), -1168.00000 (42), -1168.00000 (78), -1168.00000 (7), -1168.00000 (88), -1168.00000 (7), -1168.00000 (42), -1168.00000 (15), 
Length of domains: 11432
Current (lb-rhs): -1168.0
22780 domains visited
Time: pickout 0.0200    decision 0.1284    set_bounds 0.0054    solve 0.4794    add 0.0787    
Accumulated time: pickout 2.0380    decision 21.3828    set_bounds 0.4778    solve 65.4606    add 10.5215    
Cumulative time: 100.21106791496277

BaB round 91
batch: 128
splitting decisions: 
split level 0: [/74, 852] [/74, 375] [/74, 375] [/74, 541] [/74, 784] [/74, 735] [/74, 733] [/74, 456] [/74, 448] [/74, 832] 
best_l after optimization: -268001.65625
beta sum per layer: [0.0, 0.0, 0.0, 2.324855089187622]
alpha/beta optimization time: 0.3887150287628174
pruning_in_iteration open status: False
ratio of positive domain = 0 / 256 = 0.0
pruning-in-iteration extra time: 3.790855407714844e-05
torch.Size([256, 1])
Time: prepare 0.0030    bound 0.3901    transfer 0.0040    finalize 0.0542    func 0.4513    
Accumulated time: func 65.8670    prepare 1.1552    bound 58.3057    transfer 0.3851    finalize 6.8760    
max lb tensor(-922.) min lb tensor(-1168.)
Number of Verified Splits: 0 of 256
Current worst splitting domains lb-rhs (depth):
-1168.00000 (18), -1168.00000 (26), -1168.00000 (12), -1168.00000 (35), -1168.00000 (86), -1168.00000 (71), -1168.00000 (6), -1168.00000 (47), -1168.00000 (22), -1168.00000 (64), -1168.00000 (87), -1168.00000 (78), -1168.00000 (35), -1168.00000 (46), -1168.00000 (28), -1168.00000 (6), -1168.00000 (56), -1168.00000 (71), -1168.00000 (87), -1168.00000 (46), 
Length of domains: 11560
Current (lb-rhs): -1168.0
23036 domains visited
Time: pickout 0.0207    decision 0.1341    set_bounds 0.0058    solve 0.4518    add 0.0549    
Accumulated time: pickout 2.0587    decision 21.5168    set_bounds 0.4836    solve 65.9123    add 10.5764    
Cumulative time: 100.8812301158905

BaB round 92
batch: 128
splitting decisions: 
split level 0: [/74, 6] [/74, 160] [/74, 160] [/74, 832] [/74, 422] [/74, 240] [/74, 6] [/74, 302] [/74, 611] [/74, 448] 
best_l after optimization: -268003.125
beta sum per layer: [0.0, 0.0, 0.0, 2.1620965003967285]
alpha/beta optimization time: 0.38323450088500977
pruning_in_iteration open status: False
ratio of positive domain = 0 / 256 = 0.0
pruning-in-iteration extra time: 0.00012421607971191406
torch.Size([256, 1])
Time: prepare 0.0029    bound 0.3846    transfer 0.0051    finalize 0.0748    func 0.4675    
Accumulated time: func 66.3345    prepare 1.1595    bound 58.6903    transfer 0.3902    finalize 6.9507    
max lb tensor(-922.) min lb tensor(-1168.)
Number of Verified Splits: 0 of 256
Current worst splitting domains lb-rhs (depth):
-1168.00000 (72), -1168.00000 (46), -1168.00000 (66), -1168.00000 (7), -1168.00000 (31), -1168.00000 (10), -1168.00000 (4), -1168.00000 (59), -1168.00000 (50), -1168.00000 (40), -1168.00000 (72), -1168.00000 (19), -1168.00000 (31), -1168.00000 (62), -1168.00000 (85), -1168.00000 (31), -1168.00000 (73), -1168.00000 (5), -1168.00000 (66), -1168.00000 (59), 
Length of domains: 11688
Current (lb-rhs): -1168.0
23292 domains visited
Time: pickout 0.0223    decision 0.1303    set_bounds 0.0055    solve 0.4680    add 0.0811    
Accumulated time: pickout 2.0809    decision 21.6472    set_bounds 0.4891    solve 66.3803    add 10.6576    
Cumulative time: 101.58906960487366

BaB round 93
batch: 128
splitting decisions: 
split level 0: [/74, 779] [/74, 832] [/74, 832] [/74, 611] [/74, 86] [/74, 335] [/74, 855] [/74, 6] [/74, 714] [/74, 714] 
best_l after optimization: -268002.53125
beta sum per layer: [0.0, 0.0, 0.0, 2.118572473526001]
alpha/beta optimization time: 0.37741684913635254
pruning_in_iteration open status: False
ratio of positive domain = 0 / 256 = 0.0
pruning-in-iteration extra time: 3.457069396972656e-05
torch.Size([256, 1])
Time: prepare 0.0029    bound 0.3787    transfer 0.0040    finalize 0.0532    func 0.4389    
Accumulated time: func 66.7734    prepare 1.1637    bound 59.0691    transfer 0.3942    finalize 7.0040    
max lb tensor(-922.) min lb tensor(-1168.)
Number of Verified Splits: 0 of 256
Current worst splitting domains lb-rhs (depth):
-1168.00000 (24), -1168.00000 (92), -1168.00000 (87), -1168.00000 (46), -1168.00000 (28), -1168.00000 (35), -1168.00000 (66), -1168.00000 (55), -1168.00000 (49), -1168.00000 (69), -1168.00000 (30), -1168.00000 (71), -1168.00000 (37), -1168.00000 (82), -1168.00000 (11), -1168.00000 (19), -1168.00000 (7), -1168.00000 (74), -1168.00000 (47), -1168.00000 (44), 
Length of domains: 11816
Current (lb-rhs): -1168.0
23548 domains visited
Time: pickout 0.0228    decision 0.1303    set_bounds 0.0056    solve 0.4394    add 0.0532    
Accumulated time: pickout 2.1037    decision 21.7775    set_bounds 0.4947    solve 66.8198    add 10.7107    
Cumulative time: 102.24319577217102

BaB round 94
batch: 128
splitting decisions: 
split level 0: [/74, 1018] [/74, 1010] [/74, 240] [/74, 240] [/74, 585] [/74, 953] [/74, 871] [/74, 779] [/74, 1010] [/74, 1010] 
best_l after optimization: -268002.28125
beta sum per layer: [0.0, 0.0, 0.0, 2.088916540145874]
alpha/beta optimization time: 0.3864414691925049
pruning_in_iteration open status: False
ratio of positive domain = 0 / 256 = 0.0
pruning-in-iteration extra time: 9.036064147949219e-05
torch.Size([256, 1])
Time: prepare 0.0031    bound 0.3879    transfer 0.0040    finalize 0.0736    func 0.4686    
Accumulated time: func 67.2420    prepare 1.1680    bound 59.4570    transfer 0.3982    finalize 7.0775    
max lb tensor(-922.) min lb tensor(-1168.)
Number of Verified Splits: 0 of 256
Current worst splitting domains lb-rhs (depth):
-1168.00000 (31), -1168.00000 (42), -1168.00000 (28), -1168.00000 (36), -1168.00000 (94), -1168.00000 (60), -1168.00000 (24), -1168.00000 (8), -1168.00000 (48), -1168.00000 (85), -1168.00000 (51), -1168.00000 (75), -1168.00000 (38), -1168.00000 (64), -1168.00000 (11), -1168.00000 (39), -1168.00000 (54), -1168.00000 (72), -1168.00000 (65), -1168.00000 (66), 
Length of domains: 11944
Current (lb-rhs): -1168.0
23804 domains visited
Time: pickout 0.0214    decision 0.1289    set_bounds 0.0059    solve 0.4691    add 0.0856    
Accumulated time: pickout 2.1252    decision 21.9064    set_bounds 0.5006    solve 67.2889    add 10.7964    
Cumulative time: 102.95483374595642

BaB round 95
batch: 128
splitting decisions: 
split level 0: [/74, 190] [/74, 735] [/74, 953] [/74, 423] [/74, 530] [/74, 506] [/74, 190] [/74, 1018] [/74, 735] [/74, 735] 
best_l after optimization: -268001.9375
beta sum per layer: [0.0, 0.0, 0.0, 2.04455304145813]
alpha/beta optimization time: 0.3800997734069824
pruning_in_iteration open status: False
ratio of positive domain = 0 / 256 = 0.0
pruning-in-iteration extra time: 3.647804260253906e-05
torch.Size([256, 1])
Time: prepare 0.0029    bound 0.3814    transfer 0.0040    finalize 0.0551    func 0.4435    
Accumulated time: func 67.6855    prepare 1.1722    bound 59.8384    transfer 0.4022    finalize 7.1327    
max lb tensor(-922.) min lb tensor(-1168.)
Number of Verified Splits: 0 of 256
Current worst splitting domains lb-rhs (depth):
-1168.00000 (89), -1168.00000 (29), -1168.00000 (8), -1168.00000 (58), -1168.00000 (30), -1168.00000 (88), -1168.00000 (58), -1168.00000 (30), -1168.00000 (58), -1168.00000 (8), -1168.00000 (89), -1168.00000 (57), -1168.00000 (30), -1168.00000 (57), -1168.00000 (31), -1168.00000 (57), -1168.00000 (88), -1168.00000 (7), -1168.00000 (31), -1168.00000 (56), 
Length of domains: 12072
Current (lb-rhs): -1168.0
24060 domains visited
Time: pickout 0.0237    decision 0.1293    set_bounds 0.0056    solve 0.4440    add 0.0608    
Accumulated time: pickout 2.1488    decision 22.0357    set_bounds 0.5062    solve 67.7329    add 10.8572    
Cumulative time: 103.62126016616821

BaB round 96
batch: 128
splitting decisions: 
split level 0: [/74, 913] [/74, 544] [/74, 544] [/74, 544] [/74, 517] [/74, 422] [/74, 407] [/74, 190] [/74, 240] [/74, 240] 
best_l after optimization: -268001.8125
beta sum per layer: [0.0, 0.0, 0.0, 2.366778612136841]
alpha/beta optimization time: 0.3824179172515869
pruning_in_iteration open status: False
ratio of positive domain = 0 / 256 = 0.0
pruning-in-iteration extra time: 3.790855407714844e-05
torch.Size([256, 1])
Time: prepare 0.0030    bound 0.3838    transfer 0.0049    finalize 0.0732    func 0.4649    
Accumulated time: func 68.1504    prepare 1.1766    bound 60.2222    transfer 0.4071    finalize 7.2059    
max lb tensor(-922.) min lb tensor(-1168.)
Number of Verified Splits: 0 of 256
Current worst splitting domains lb-rhs (depth):
-1168.00000 (26), -1168.00000 (41), -1168.00000 (27), -1168.00000 (49), -1168.00000 (80), -1168.00000 (63), -1168.00000 (69), -1168.00000 (5), -1168.00000 (26), -1168.00000 (12), -1168.00000 (49), -1168.00000 (72), -1168.00000 (80), -1168.00000 (37), -1168.00000 (63), -1168.00000 (50), -1168.00000 (26), -1168.00000 (80), -1168.00000 (90), -1168.00000 (93), 
Length of domains: 12200
Current (lb-rhs): -1168.0
24316 domains visited
Time: pickout 0.0253    decision 0.1323    set_bounds 0.0055    solve 0.4653    add 0.0796    
Accumulated time: pickout 2.1741    decision 22.1681    set_bounds 0.5117    solve 68.1982    add 10.9368    
Cumulative time: 104.32994198799133

BaB round 97
batch: 128
splitting decisions: 
split level 0: [/74, 693] [/74, 634] [/74, 634] [/74, 506] [/74, 893] [/74, 118] [/74, 42] [/74, 461] [/74, 335] [/74, 335] 
best_l after optimization: -268003.6875
beta sum per layer: [0.0, 0.0, 0.0, 2.1678199768066406]
alpha/beta optimization time: 0.4360051155090332
pruning_in_iteration open status: False
ratio of positive domain = 0 / 256 = 0.0
pruning-in-iteration extra time: 5.7697296142578125e-05
torch.Size([256, 1])
Time: prepare 0.0030    bound 0.4373    transfer 0.0043    finalize 0.0549    func 0.4996    
Accumulated time: func 68.6500    prepare 1.1814    bound 60.6595    transfer 0.4114    finalize 7.2608    
max lb tensor(-922.) min lb tensor(-1168.)
Number of Verified Splits: 0 of 256
Current worst splitting domains lb-rhs (depth):
-1168.00000 (77), -1168.00000 (51), -1168.00000 (36), -1168.00000 (63), -1168.00000 (18), -1168.00000 (5), -1168.00000 (72), -1168.00000 (94), -1168.00000 (51), -1168.00000 (27), -1168.00000 (37), -1168.00000 (64), -1168.00000 (88), -1168.00000 (77), -1168.00000 (50), -1168.00000 (27), -1168.00000 (37), -1168.00000 (64), -1168.00000 (14), -1168.00000 (10), 
Length of domains: 12328
Current (lb-rhs): -1168.0
24572 domains visited
Time: pickout 0.0221    decision 0.1439    set_bounds 0.0056    solve 0.5001    add 0.0555    
Accumulated time: pickout 2.1962    decision 22.3120    set_bounds 0.5173    solve 68.6984    add 10.9923    
Cumulative time: 105.06001448631287

BaB round 98
batch: 128
splitting decisions: 
split level 0: [/74, 543] [/74, 506] [/74, 506] [/74, 784] [/74, 210] [/74, 712] [/74, 452] [/74, 913] [/74, 634] [/74, 953] 
best_l after optimization: -268002.75
beta sum per layer: [0.0, 0.0, 0.0, 2.1177761554718018]
alpha/beta optimization time: 0.6482157707214355
pruning_in_iteration open status: False
ratio of positive domain = 0 / 256 = 0.0
pruning-in-iteration extra time: 0.0024673938751220703
torch.Size([256, 1])
Time: prepare 0.0032    bound 0.6520    transfer 0.0061    finalize 0.0717    func 0.7330    
Accumulated time: func 69.3830    prepare 1.1859    bound 61.3115    transfer 0.4175    finalize 7.3325    
max lb tensor(-922.) min lb tensor(-1168.)
Number of Verified Splits: 0 of 256
Current worst splitting domains lb-rhs (depth):
-1168.00000 (35), -1168.00000 (53), -1168.00000 (63), -1168.00000 (27), -1168.00000 (81), -1168.00000 (44), -1168.00000 (69), -1168.00000 (5), -1168.00000 (19), -1168.00000 (53), -1168.00000 (90), -1168.00000 (75), -1168.00000 (27), -1168.00000 (87), -1168.00000 (35), -1168.00000 (94), -1168.00000 (62), -1168.00000 (97), -1168.00000 (53), -1168.00000 (82), 
Length of domains: 12456
Current (lb-rhs): -1168.0
24828 domains visited
Time: pickout 0.0227    decision 0.1316    set_bounds 0.0057    solve 0.7336    add 0.0800    
Accumulated time: pickout 2.2189    decision 22.4436    set_bounds 0.5231    solve 69.4319    add 11.0723    
Cumulative time: 106.03409695625305

BaB round 99
batch: 128
splitting decisions: 
split level 0: [/74, 565] [/74, 426] [/74, 784] [/74, 712] [/74, 456] [/74, 180] [/74, 345] [/74, 543] [/74, 506] [/74, 544] 
best_l after optimization: -268002.375
beta sum per layer: [0.0, 0.0, 0.0, 2.0908524990081787]
alpha/beta optimization time: 0.8799121379852295
pruning_in_iteration open status: False
ratio of positive domain = 0 / 256 = 0.0
pruning-in-iteration extra time: 0.00017642974853515625
torch.Size([256, 1])
Time: prepare 0.0115    bound 0.8814    transfer 0.0043    finalize 0.0521    func 0.9494    
Accumulated time: func 70.3324    prepare 1.2077    bound 62.1929    transfer 0.4218    finalize 7.3846    
max lb tensor(-922.) min lb tensor(-1168.)
Number of Verified Splits: 0 of 256
Current worst splitting domains lb-rhs (depth):
-1168.00000 (66), -1168.00000 (90), -1168.00000 (50), -1168.00000 (65), -1168.00000 (27), -1168.00000 (66), -1168.00000 (10), -1168.00000 (39), -1168.00000 (4), -1168.00000 (89), -1168.00000 (27), -1168.00000 (50), -1168.00000 (65), -1168.00000 (97), -1168.00000 (27), -1168.00000 (66), -1168.00000 (89), -1168.00000 (10), -1168.00000 (67), -1168.00000 (49), 
Length of domains: 12584
Current (lb-rhs): -1168.0
25084 domains visited
Time: pickout 0.0299    decision 0.3113    set_bounds 0.0099    solve 0.9499    add 0.0556    
Accumulated time: pickout 2.2488    decision 22.7549    set_bounds 0.5330    solve 70.3818    add 11.1278    
Cumulative time: 107.3933675289154

BaB round 100
batch: 128
splitting decisions: 
split level 0: [/74, 672] [/74, 784] [/74, 422] [/74, 530] [/74, 302] [/74, 530] [/74, 54] [/74, 345] [/74, 580] [/74, 634] 
best_l after optimization: -268002.125
beta sum per layer: [0.0, 0.0, 0.0, 2.3357067108154297]
alpha/beta optimization time: 0.38884687423706055
pruning_in_iteration open status: False
ratio of positive domain = 0 / 256 = 0.0
pruning-in-iteration extra time: 0.00018978118896484375
torch.Size([256, 1])
Time: prepare 0.0030    bound 0.3903    transfer 0.0047    finalize 0.0708    func 0.4688    
Accumulated time: func 70.8012    prepare 1.2214    bound 62.5833    transfer 0.4265    finalize 7.4554    
max lb tensor(-922.) min lb tensor(-1168.)
Number of Verified Splits: 0 of 256
Current worst splitting domains lb-rhs (depth):
-1168.00000 (4), -1168.00000 (14), -1168.00000 (73), -1168.00000 (34), -1168.00000 (42), -1168.00000 (44), -1168.00000 (82), -1168.00000 (63), -1168.00000 (49), -1168.00000 (55), -1168.00000 (76), -1168.00000 (24), -1168.00000 (78), -1168.00000 (23), -1168.00000 (37), -1168.00000 (86), -1168.00000 (100), -1168.00000 (29), -1168.00000 (71), -1168.00000 (55), 
Length of domains: 12712
Current (lb-rhs): -1168.0
25340 domains visited
Time: pickout 0.0302    decision 0.3192    set_bounds 0.0057    solve 0.4693    add 0.0754    
Accumulated time: pickout 2.2790    decision 23.0740    set_bounds 0.5387    solve 70.8511    add 11.2032    
Cumulative time: 108.29370379447937

BaB round 101
batch: 128
splitting decisions: 
split level 0: [/74, 54] [/74, 422] [/74, 295] [/74, 517] [/74, 733] [/74, 517] [/74, 145] [/74, 54] [/74, 784] [/74, 506] 
best_l after optimization: -268003.625
beta sum per layer: [0.0, 0.0, 0.0, 2.186556816101074]
alpha/beta optimization time: 0.3763086795806885
pruning_in_iteration open status: False
ratio of positive domain = 0 / 256 = 0.0
pruning-in-iteration extra time: 3.695487976074219e-05
torch.Size([256, 1])
Time: prepare 0.0029    bound 0.3776    transfer 0.0040    finalize 0.0523    func 0.4369    
Accumulated time: func 71.2382    prepare 1.2256    bound 62.9609    transfer 0.4305    finalize 7.5077    
max lb tensor(-922.) min lb tensor(-1168.)
Number of Verified Splits: 0 of 256
Current worst splitting domains lb-rhs (depth):
-1168.00000 (31), -1168.00000 (18), -1168.00000 (51), -1168.00000 (94), -1168.00000 (8), -1168.00000 (4), -1168.00000 (31), -1168.00000 (62), -1168.00000 (99), -1168.00000 (62), -1168.00000 (40), -1168.00000 (50), -1168.00000 (81), -1168.00000 (76), -1168.00000 (93), -1168.00000 (84), -1168.00000 (63), -1168.00000 (21), -1168.00000 (9), -1168.00000 (31), 
Length of domains: 12840
Current (lb-rhs): -1168.0
25596 domains visited
Time: pickout 0.0229    decision 0.1282    set_bounds 0.0056    solve 0.4374    add 0.0520    
Accumulated time: pickout 2.3019    decision 23.2023    set_bounds 0.5443    solve 71.2885    add 11.2552    
Cumulative time: 108.94249844551086

BaB round 102
batch: 128
splitting decisions: 
split level 0: [/74, 237] [/74, 295] [/74, 712] [/74, 852] [/74, 6] [/74, 738] [/74, 149] [/74, 378] [/74, 422] [/74, 422] 
best_l after optimization: -268003.03125
beta sum per layer: [0.0, 0.0, 0.0, 2.144984245300293]
alpha/beta optimization time: 0.541581392288208
pruning_in_iteration open status: False
ratio of positive domain = 0 / 256 = 0.0
pruning-in-iteration extra time: 3.552436828613281e-05
torch.Size([256, 1])
Time: prepare 0.0031    bound 0.5429    transfer 0.0037    finalize 0.0697    func 0.6195    
Accumulated time: func 71.8577    prepare 1.2310    bound 63.5038    transfer 0.4342    finalize 7.5774    
max lb tensor(-922.) min lb tensor(-1168.)
Number of Verified Splits: 0 of 256
Current worst splitting domains lb-rhs (depth):
-1168.00000 (73), -1168.00000 (32), -1168.00000 (82), -1168.00000 (57), -1168.00000 (44), -1168.00000 (55), -1168.00000 (63), -1168.00000 (21), -1168.00000 (11), -1168.00000 (5), -1168.00000 (44), -1168.00000 (102), -1168.00000 (65), -1168.00000 (17), -1168.00000 (32), -1168.00000 (86), -1168.00000 (8), -1168.00000 (44), -1168.00000 (92), -1168.00000 (19), 
Length of domains: 12968
Current (lb-rhs): -1168.0
25852 domains visited
Time: pickout 0.0217    decision 0.1663    set_bounds 0.0060    solve 0.6200    add 0.0795    
Accumulated time: pickout 2.3236    decision 23.3686    set_bounds 0.5503    solve 71.9085    add 11.3347    
Cumulative time: 109.83655977249146

BaB round 103
batch: 128
splitting decisions: 
split level 0: [/74, 378] [/74, 86] [/74, 180] [/74, 6] [/74, 871] [/74, 852] [/74, 830] [/74, 872] [/74, 118] [/74, 585] 
best_l after optimization: -268002.6875
beta sum per layer: [0.0, 0.0, 0.0, 2.1145405769348145]
alpha/beta optimization time: 0.5336287021636963
pruning_in_iteration open status: False
ratio of positive domain = 0 / 256 = 0.0
pruning-in-iteration extra time: 0.00011134147644042969
torch.Size([256, 1])
Time: prepare 0.0033    bound 0.5350    transfer 0.0038    finalize 0.0525    func 0.5947    
Accumulated time: func 72.4524    prepare 1.2385    bound 64.0389    transfer 0.4380    finalize 7.6299    
max lb tensor(-922.) min lb tensor(-1168.)
Number of Verified Splits: 0 of 256
Current worst splitting domains lb-rhs (depth):
-1168.00000 (28), -1168.00000 (52), -1168.00000 (40), -1168.00000 (101), -1168.00000 (68), -1168.00000 (28), -1168.00000 (93), -1168.00000 (68), -1168.00000 (52), -1168.00000 (10), -1168.00000 (28), -1168.00000 (69), -1168.00000 (93), -1168.00000 (68), -1168.00000 (40), -1168.00000 (4), -1168.00000 (69), -1168.00000 (51), -1168.00000 (11), -1168.00000 (69), 
Length of domains: 13096
Current (lb-rhs): -1168.0
26108 domains visited
Time: pickout 0.0218    decision 0.1883    set_bounds 0.0061    solve 0.5952    add 0.0523    
Accumulated time: pickout 2.3454    decision 23.5568    set_bounds 0.5564    solve 72.5037    add 11.3869    
Cumulative time: 110.70292472839355

BaB round 104
batch: 128
splitting decisions: 
split level 0: [/74, 872] [/74, 712] [/74, 517] [/74, 1018] [/74, 657] [/74, 779] [/74, 379] [/74, 789] [/74, 585] [/74, 712] 
best_l after optimization: -268002.375
beta sum per layer: [0.0, 0.0, 0.0, 2.0895884037017822]
alpha/beta optimization time: 0.5352671146392822
pruning_in_iteration open status: False
ratio of positive domain = 0 / 256 = 0.0
pruning-in-iteration extra time: 3.409385681152344e-05
torch.Size([256, 1])
Time: prepare 0.0037    bound 0.5366    transfer 0.0036    finalize 0.0691    func 0.6130    
Accumulated time: func 73.0655    prepare 1.2458    bound 64.5754    transfer 0.4417    finalize 7.6991    
max lb tensor(-922.) min lb tensor(-1168.)
Number of Verified Splits: 0 of 256
Current worst splitting domains lb-rhs (depth):
-1168.00000 (42), -1168.00000 (43), -1168.00000 (76), -1168.00000 (43), -1168.00000 (43), -1168.00000 (76), -1168.00000 (8), -1168.00000 (42), -1168.00000 (76), -1168.00000 (101), -1168.00000 (101), -1168.00000 (77), -1168.00000 (42), -1168.00000 (9), -1168.00000 (41), -1168.00000 (77), -1168.00000 (41), -1168.00000 (75), -1168.00000 (46), -1168.00000 (7), 
Length of domains: 13224
Current (lb-rhs): -1168.0
26364 domains visited
Time: pickout 0.0218    decision 0.1859    set_bounds 0.0062    solve 0.6135    add 0.0734    
Accumulated time: pickout 2.3672    decision 23.7428    set_bounds 0.5626    solve 73.1172    add 11.4604    
Cumulative time: 111.60431790351868

BaB round 105
batch: 128
splitting decisions: 
split level 0: [/74, 576] [/74, 180] [/74, 893] [/74, 407] [/74, 913] [/74, 871] [/74, 14] [/74, 149] [/74, 712] [/74, 180] 
best_l after optimization: -268002.1875
beta sum per layer: [0.0, 0.0, 0.0, 2.541992425918579]
alpha/beta optimization time: 0.5685408115386963
pruning_in_iteration open status: False
ratio of positive domain = 0 / 256 = 0.0
pruning-in-iteration extra time: 3.814697265625e-05
torch.Size([256, 1])
Time: prepare 0.0031    bound 0.5699    transfer 0.0037    finalize 0.0548    func 0.6316    
Accumulated time: func 73.6970    prepare 1.2540    bound 65.1454    transfer 0.4453    finalize 7.7539    
max lb tensor(-922.) min lb tensor(-1168.)
Number of Verified Splits: 0 of 256
Current worst splitting domains lb-rhs (depth):
-1168.00000 (17), -1168.00000 (61), -1168.00000 (53), -1168.00000 (48), -1168.00000 (77), -1168.00000 (89), -1168.00000 (14), -1168.00000 (58), -1168.00000 (96), -1168.00000 (70), -1168.00000 (73), -1168.00000 (41), -1168.00000 (10), -1168.00000 (5), -1168.00000 (37), -1168.00000 (36), -1168.00000 (31), -1168.00000 (96), -1168.00000 (66), -1168.00000 (82), 
Length of domains: 13352
Current (lb-rhs): -1168.0
26620 domains visited
Time: pickout 0.0211    decision 0.1837    set_bounds 0.0071    solve 0.6320    add 0.0532    
Accumulated time: pickout 2.3883    decision 23.9265    set_bounds 0.5697    solve 73.7492    add 11.5136    
Cumulative time: 112.50408887863159

BaB round 106
batch: 128
splitting decisions: 
split level 0: [/74, 828] [/74, 530] [/74, 129] [/74, 177] [/74, 273] [/74, 657] [/74, 849] [/74, 830] [/74, 893] [/74, 530] 
best_l after optimization: -268003.6875
beta sum per layer: [0.0, 0.0, 0.0, 2.219759941101074]
alpha/beta optimization time: 0.5923111438751221
pruning_in_iteration open status: False
ratio of positive domain = 0 / 256 = 0.0
pruning-in-iteration extra time: 3.790855407714844e-05
torch.Size([256, 1])
Time: prepare 0.0029    bound 0.5937    transfer 0.0036    finalize 0.0663    func 0.6666    
Accumulated time: func 74.3636    prepare 1.2609    bound 65.7391    transfer 0.4489    finalize 7.8202    
max lb tensor(-922.) min lb tensor(-1168.)
Number of Verified Splits: 0 of 256
Current worst splitting domains lb-rhs (depth):
-1168.00000 (99), -1168.00000 (77), -1168.00000 (55), -1168.00000 (51), -1168.00000 (5), -1168.00000 (105), -1168.00000 (97), -1168.00000 (94), -1168.00000 (69), -1168.00000 (46), -1168.00000 (61), -1168.00000 (10), -1168.00000 (31), -1168.00000 (21), -1168.00000 (101), -1168.00000 (82), -1168.00000 (79), -1168.00000 (58), -1168.00000 (42), -1168.00000 (14), 
Length of domains: 13480
Current (lb-rhs): -1168.0
26876 domains visited
Time: pickout 0.0240    decision 0.2019    set_bounds 0.0044    solve 0.6670    add 0.0716    
Accumulated time: pickout 2.4124    decision 24.1284    set_bounds 0.5741    solve 74.4163    add 11.5852    
Cumulative time: 113.4737012386322

BaB round 107
batch: 128
splitting decisions: 
split level 0: [/74, 815] [/74, 893] [/74, 456] [/74, 42] [/74, 693] [/74, 190] [/74, 19] [/74, 379] [/74, 210] [/74, 893] 
best_l after optimization: -268002.75
beta sum per layer: [0.0, 0.0, 0.0, 2.1502578258514404]
alpha/beta optimization time: 0.8746659755706787
pruning_in_iteration open status: False
ratio of positive domain = 0 / 256 = 0.0
pruning-in-iteration extra time: 0.0001537799835205078
torch.Size([256, 1])
Time: prepare 0.0030    bound 0.8761    transfer 0.0038    finalize 0.0504    func 0.9334    
Accumulated time: func 75.2970    prepare 1.2812    bound 66.6152    transfer 0.4527    finalize 7.8706    
max lb tensor(-922.) min lb tensor(-1168.)
Number of Verified Splits: 0 of 256
Current worst splitting domains lb-rhs (depth):
-1168.00000 (95), -1168.00000 (96), -1168.00000 (73), -1168.00000 (104), -1168.00000 (15), -1168.00000 (11), -1168.00000 (90), -1168.00000 (28), -1168.00000 (56), -1168.00000 (5), -1168.00000 (40), -1168.00000 (87), -1168.00000 (73), -1168.00000 (56), -1168.00000 (104), -1168.00000 (56), -1168.00000 (73), -1168.00000 (84), -1168.00000 (40), -1168.00000 (27), 
Length of domains: 13608
Current (lb-rhs): -1168.0
27132 domains visited
Time: pickout 0.0256    decision 0.5094    set_bounds 0.0043    solve 0.9344    add 0.0553    
Accumulated time: pickout 2.4379    decision 24.6378    set_bounds 0.5784    solve 75.3507    add 11.6405    
Cumulative time: 115.00465774536133

BaB round 108
batch: 128
splitting decisions: 
split level 0: [/74, 149] [/74, 129] [/74, 733] [/74, 672] [/74, 407] [/74, 461] [/74, 238] [/74, 817] [/74, 302] [/74, 210] 
best_l after optimization: -268002.375
beta sum per layer: [0.0, 0.0, 0.0, 2.119696855545044]
alpha/beta optimization time: 0.7955851554870605
pruning_in_iteration open status: False
ratio of positive domain = 0 / 256 = 0.0
pruning-in-iteration extra time: 0.0002238750457763672
torch.Size([256, 1])
Time: prepare 0.0030    bound 0.7971    transfer 0.0038    finalize 0.0673    func 0.8713    
Accumulated time: func 76.1683    prepare 1.2891    bound 67.4123    transfer 0.4565    finalize 7.9379    
max lb tensor(-922.) min lb tensor(-1168.)
Number of Verified Splits: 0 of 256
Current worst splitting domains lb-rhs (depth):
-1168.00000 (60), -1168.00000 (106), -1168.00000 (89), -1168.00000 (42), -1168.00000 (30), -1168.00000 (72), -1168.00000 (80), -1168.00000 (7), -1168.00000 (19), -1168.00000 (7), -1168.00000 (89), -1168.00000 (30), -1168.00000 (106), -1168.00000 (42), -1168.00000 (97), -1168.00000 (51), -1168.00000 (67), -1168.00000 (7), -1168.00000 (67), -1168.00000 (30), 
Length of domains: 13736
Current (lb-rhs): -1168.0
27388 domains visited
Time: pickout 0.0283    decision 0.2552    set_bounds 0.0045    solve 0.8732    add 0.0760    
Accumulated time: pickout 2.4662    decision 24.8930    set_bounds 0.5829    solve 76.2239    add 11.7165    
Cumulative time: 116.24250507354736

BaB round 109
batch: 128
splitting decisions: 
split level 0: [/74, 830] [/74, 210] [/74, 852] [/74, 345] [/74, 452] [/74, 269] [/74, 79] [/74, 609] [/74, 6] [/74, 738] 
best_l after optimization: -268002.125
beta sum per layer: [0.0, 0.0, 0.0, 2.436328649520874]
alpha/beta optimization time: 0.7967066764831543
pruning_in_iteration open status: False
ratio of positive domain = 0 / 256 = 0.0
pruning-in-iteration extra time: 0.0001575946807861328
torch.Size([256, 1])
Time: prepare 0.0029    bound 0.7981    transfer 0.0036    finalize 0.0543    func 0.8590    
Accumulated time: func 77.0273    prepare 1.3098    bound 68.2105    transfer 0.4602    finalize 7.9921    
max lb tensor(-922.) min lb tensor(-1168.)
Number of Verified Splits: 0 of 256
Current worst splitting domains lb-rhs (depth):
-1168.00000 (98), -1168.00000 (5), -1168.00000 (72), -1168.00000 (30), -1168.00000 (11), -1168.00000 (72), -1168.00000 (55), -1168.00000 (42), -1168.00000 (98), -1168.00000 (30), -1168.00000 (72), -1168.00000 (29), -1168.00000 (73), -1168.00000 (99), -1168.00000 (11), -1168.00000 (107), -1168.00000 (73), -1168.00000 (54), -1168.00000 (29), -1168.00000 (73), 
Length of domains: 13864
Current (lb-rhs): -1168.0
27644 domains visited
Time: pickout 0.0306    decision 0.2355    set_bounds 0.0043    solve 0.8611    add 0.0565    
Accumulated time: pickout 2.4968    decision 25.1286    set_bounds 0.5873    solve 77.0850    add 11.7730    
Cumulative time: 117.4327642917633

BaB round 110
batch: 128
splitting decisions: 
split level 0: [/74, 379] [/74, 456] [/74, 855] [/74, 237] [/74, 309] [/74, 407] [/74, 236] [/74, 14] [/74, 1018] [/74, 302] 
best_l after optimization: -268003.9375
beta sum per layer: [0.0, 0.0, 0.0, 2.2385573387145996]
alpha/beta optimization time: 0.7888057231903076
pruning_in_iteration open status: False
ratio of positive domain = 0 / 256 = 0.0
pruning-in-iteration extra time: 0.00010585784912109375
torch.Size([256, 1])
Time: prepare 0.0030    bound 0.7902    transfer 0.0045    finalize 0.0713    func 0.8690    
Accumulated time: func 77.8963    prepare 1.3232    bound 69.0007    transfer 0.4646    finalize 8.0634    
max lb tensor(-922.) min lb tensor(-1168.)
Number of Verified Splits: 0 of 256
Current worst splitting domains lb-rhs (depth):
-1168.00000 (22), -1168.00000 (73), -1168.00000 (5), -1168.00000 (22), -1168.00000 (55), -1168.00000 (33), -1168.00000 (84), -1168.00000 (40), -1168.00000 (55), -1168.00000 (11), -1168.00000 (73), -1168.00000 (62), -1168.00000 (93), -1168.00000 (105), -1168.00000 (97), -1168.00000 (105), -1168.00000 (68), -1168.00000 (41), -1168.00000 (83), -1168.00000 (54), 
Length of domains: 13992
Current (lb-rhs): -1168.0
27900 domains visited
Time: pickout 0.0299    decision 0.2749    set_bounds 0.0045    solve 0.8712    add 0.0811    
Accumulated time: pickout 2.5267    decision 25.4035    set_bounds 0.5917    solve 77.9562    add 11.8541    
Cumulative time: 118.69500494003296

BaB round 111
batch: 128
splitting decisions: 
split level 0: [/74, 817] [/74, 738] [/74, 657] [/74, 872] [/74, 576] [/74, 177] [/74, 239] [/74, 250] [/74, 855] [/74, 733] 
best_l after optimization: -268003.0625
beta sum per layer: [0.0, 0.0, 0.0, 2.1902246475219727]
alpha/beta optimization time: 0.7932682037353516
pruning_in_iteration open status: False
ratio of positive domain = 0 / 256 = 0.0
pruning-in-iteration extra time: 0.00015473365783691406
torch.Size([256, 1])
Time: prepare 0.0034    bound 0.7947    transfer 0.0034    finalize 0.0551    func 0.8567    
Accumulated time: func 78.7530    prepare 1.3368    bound 69.7954    transfer 0.4681    finalize 8.1186    
max lb tensor(-922.) min lb tensor(-1168.)
Number of Verified Splits: 0 of 256
Current worst splitting domains lb-rhs (depth):
-1168.00000 (11), -1168.00000 (72), -1168.00000 (41), -1168.00000 (82), -1168.00000 (88), -1168.00000 (58), -1168.00000 (101), -1168.00000 (16), -1168.00000 (108), -1168.00000 (72), -1168.00000 (31), -1168.00000 (93), -1168.00000 (58), -1168.00000 (5), -1168.00000 (42), -1168.00000 (58), -1168.00000 (73), -1168.00000 (108), -1168.00000 (57), -1168.00000 (42), 
Length of domains: 14120
Current (lb-rhs): -1168.0
28156 domains visited
Time: pickout 0.0290    decision 0.2421    set_bounds 0.0044    solve 0.8587    add 0.0537    
Accumulated time: pickout 2.5557    decision 25.6456    set_bounds 0.5961    solve 78.8149    add 11.9078    
Cumulative time: 119.8851466178894

BaB round 112
batch: 128
splitting decisions: 
split level 0: [/74, 609] [/74, 302] [/74, 461] [/74, 309] [/74, 815] [/74, 543] [/74, 304] [/74, 849] [/74, 871] [/74, 852] 
best_l after optimization: -268002.5
beta sum per layer: [0.0, 0.0, 0.0, 2.1310360431671143]
alpha/beta optimization time: 0.7879455089569092
pruning_in_iteration open status: False
ratio of positive domain = 0 / 256 = 0.0
pruning-in-iteration extra time: 0.0001499652862548828
torch.Size([256, 1])
Time: prepare 0.0029    bound 0.7894    transfer 0.0036    finalize 0.0673    func 0.8632    
Accumulated time: func 79.6162    prepare 1.3610    bound 70.5847    transfer 0.4717    finalize 8.1858    
max lb tensor(-922.) min lb tensor(-1168.)
Number of Verified Splits: 0 of 256
Current worst splitting domains lb-rhs (depth):
-1168.00000 (45), -1168.00000 (109), -1168.00000 (46), -1168.00000 (81), -1168.00000 (46), -1168.00000 (9), -1168.00000 (82), -1168.00000 (46), -1168.00000 (82), -1168.00000 (47), -1168.00000 (45), -1168.00000 (82), -1168.00000 (108), -1168.00000 (9), -1168.00000 (45), -1168.00000 (83), -1168.00000 (44), -1168.00000 (44), -1168.00000 (48), -1168.00000 (79), 
Length of domains: 14248
Current (lb-rhs): -1168.0
28412 domains visited
Time: pickout 0.0222    decision 0.3721    set_bounds 0.0044    solve 0.8653    add 0.0847    
Accumulated time: pickout 2.5780    decision 26.0177    set_bounds 0.6005    solve 79.6802    add 11.9924    
Cumulative time: 121.2344651222229

BaB round 113
batch: 128
splitting decisions: 
split level 0: [/74, 509] [/74, 733] [/74, 407] [/74, 789] [/74, 145] [/74, 672] [/74, 499] [/74, 603] [/74, 657] [/74, 779] 
best_l after optimization: -268002.21875
beta sum per layer: [0.0, 0.0, 0.0, 2.1141085624694824]
alpha/beta optimization time: 0.7988948822021484
pruning_in_iteration open status: False
ratio of positive domain = 0 / 256 = 0.0
pruning-in-iteration extra time: 0.00010848045349121094
torch.Size([256, 1])
Time: prepare 0.0030    bound 0.8005    transfer 0.0044    finalize 0.0599    func 0.8678    
Accumulated time: func 80.4840    prepare 1.3807    bound 71.3852    transfer 0.4761    finalize 8.2457    
max lb tensor(-922.) min lb tensor(-1168.)
Number of Verified Splits: 0 of 256
Current worst splitting domains lb-rhs (depth):
-1168.00000 (8), -1168.00000 (81), -1168.00000 (8), -1168.00000 (45), -1168.00000 (55), -1168.00000 (106), -1168.00000 (26), -1168.00000 (32), -1168.00000 (106), -1168.00000 (73), -1168.00000 (18), -1168.00000 (81), -1168.00000 (92), -1168.00000 (89), -1168.00000 (55), -1168.00000 (45), -1168.00000 (72), -1168.00000 (105), -1168.00000 (36), -1168.00000 (73), 
Length of domains: 14376
Current (lb-rhs): -1168.0
28668 domains visited
Time: pickout 0.0235    decision 0.2307    set_bounds 0.0044    solve 0.8699    add 0.0580    
Accumulated time: pickout 2.6014    decision 26.2484    set_bounds 0.6050    solve 80.5501    add 12.0504    
Cumulative time: 122.42308974266052

BaB round 114
batch: 128
splitting decisions: 
split level 0: [/74, 250] [/74, 6] [/74, 177] [/74, 815] [/74, 149] [/74, 345] [/74, 399] [/74, 79] [/74, 190] [/74, 1018] 
best_l after optimization: -268002.125
beta sum per layer: [0.0, 0.0, 0.0, 2.1062698364257812]
alpha/beta optimization time: 0.7858262062072754
pruning_in_iteration open status: False
ratio of positive domain = 0 / 256 = 0.0
pruning-in-iteration extra time: 0.00014710426330566406
torch.Size([256, 1])
Time: prepare 0.0030    bound 0.7872    transfer 0.0043    finalize 0.0745    func 0.8691    
Accumulated time: func 81.3531    prepare 1.3989    bound 72.1725    transfer 0.4805    finalize 8.3202    
max lb tensor(-922.) min lb tensor(-1168.)
Number of Verified Splits: 0 of 256
Current worst splitting domains lb-rhs (depth):
-1168.00000 (99), -1168.00000 (52), -1168.00000 (112), -1168.00000 (79), -1168.00000 (105), -1168.00000 (52), -1168.00000 (80), -1168.00000 (7), -1168.00000 (51), -1168.00000 (24), -1168.00000 (25), -1168.00000 (51), -1168.00000 (80), -1168.00000 (51), -1168.00000 (80), -1168.00000 (111), -1168.00000 (25), -1168.00000 (99), -1168.00000 (53), -1168.00000 (78), 
Length of domains: 14504
Current (lb-rhs): -1168.0
28924 domains visited
Time: pickout 0.0282    decision 0.2692    set_bounds 0.0044    solve 0.8712    add 0.0868    
Accumulated time: pickout 2.6296    decision 26.5176    set_bounds 0.6094    solve 81.4214    add 12.1372    
Cumulative time: 123.68366312980652

BaB round 115
batch: 128
splitting decisions: 
split level 0: [/74, 19] [/74, 779] [/74, 565] [/74, 149] [/74, 830] [/74, 54] [/74, 256] [/74, 236] [/74, 461] [/74, 871] 
best_l after optimization: -268002.0
beta sum per layer: [0.0, 0.0, 0.0, 2.1005563735961914]
alpha/beta optimization time: 0.7999370098114014
pruning_in_iteration open status: False
ratio of positive domain = 0 / 256 = 0.0
pruning-in-iteration extra time: 0.00014638900756835938
torch.Size([256, 1])
Time: prepare 0.0029    bound 0.8014    transfer 0.0040    finalize 0.0567    func 0.8649    
Accumulated time: func 82.2181    prepare 1.4126    bound 72.9738    transfer 0.4844    finalize 8.3770    
max lb tensor(-922.) min lb tensor(-1168.)
Number of Verified Splits: 0 of 256
Current worst splitting domains lb-rhs (depth):
-1168.00000 (40), -1168.00000 (87), -1168.00000 (108), -1168.00000 (63), -1168.00000 (40), -1168.00000 (24), -1168.00000 (64), -1168.00000 (108), -1168.00000 (8), -1168.00000 (93), -1168.00000 (8), -1168.00000 (64), -1168.00000 (19), -1168.00000 (64), -1168.00000 (107), -1168.00000 (40), -1168.00000 (86), -1168.00000 (9), -1168.00000 (65), -1168.00000 (109), 
Length of domains: 14632
Current (lb-rhs): -1168.0
29180 domains visited
Time: pickout 0.0257    decision 0.2449    set_bounds 0.0043    solve 0.8670    add 0.0556    
Accumulated time: pickout 2.6554    decision 26.7625    set_bounds 0.6137    solve 82.2884    add 12.1928    
Cumulative time: 124.88391900062561

BaB round 116
batch: 128
splitting decisions: 
split level 0: [/74, 885] [/74, 657] [/74, 42] [/74, 379] [/74, 817] [/74, 378] [/74, 183] [/74, 239] [/74, 913] [/74, 657] 
best_l after optimization: -268001.90625
beta sum per layer: [0.0, 0.0, 0.0, 2.4436097145080566]
alpha/beta optimization time: 0.3840663433074951
pruning_in_iteration open status: False
ratio of positive domain = 0 / 256 = 0.0
pruning-in-iteration extra time: 3.6716461181640625e-05
torch.Size([256, 1])
Time: prepare 0.0030    bound 0.3854    transfer 0.0044    finalize 0.0713    func 0.4642    
Accumulated time: func 82.6823    prepare 1.4374    bound 73.3592    transfer 0.4888    finalize 8.4483    
max lb tensor(-922.) min lb tensor(-1168.)
Number of Verified Splits: 0 of 256
Current worst splitting domains lb-rhs (depth):
-1168.00000 (22), -1168.00000 (114), -1168.00000 (40), -1168.00000 (59), -1168.00000 (76), -1168.00000 (31), -1168.00000 (15), -1168.00000 (7), -1168.00000 (103), -1168.00000 (106), -1168.00000 (59), -1168.00000 (96), -1168.00000 (76), -1168.00000 (44), -1168.00000 (59), -1168.00000 (113), -1168.00000 (31), -1168.00000 (8), -1168.00000 (60), -1168.00000 (90), 
Length of domains: 14760
Current (lb-rhs): -1168.0
29436 domains visited
Time: pickout 0.0230    decision 0.4357    set_bounds 0.0045    solve 0.4663    add 0.0785    
Accumulated time: pickout 2.6784    decision 27.1982    set_bounds 0.6182    solve 82.7547    add 12.2713    
Cumulative time: 125.89252924919128

BaB round 117
batch: 128
splitting decisions: 
split level 0: [/74, 603] [/74, 913] [/74, 672] [/74, 542] [/74, 14] [/74, 872] [/74, 83] [/74, 668] [/74, 269] [/74, 190] 
best_l after optimization: -268004.3125
beta sum per layer: [0.0, 0.0, 0.0, 2.2924869060516357]
alpha/beta optimization time: 1.0011563301086426
pruning_in_iteration open status: False
ratio of positive domain = 0 / 256 = 0.0
pruning-in-iteration extra time: 0.0002582073211669922
torch.Size([256, 1])
Time: prepare 0.0129    bound 1.0028    transfer 0.0041    finalize 0.0550    func 1.0749    
Accumulated time: func 83.7572    prepare 1.4517    bound 74.3620    transfer 0.4928    finalize 8.5034    
max lb tensor(-922.) min lb tensor(-1168.)
Number of Verified Splits: 0 of 256
Current worst splitting domains lb-rhs (depth):
-1168.00000 (78), -1168.00000 (77), -1168.00000 (106), -1168.00000 (32), -1168.00000 (77), -1168.00000 (59), -1168.00000 (11), -1168.00000 (45), -1168.00000 (77), -1168.00000 (32), -1168.00000 (105), -1168.00000 (78), -1168.00000 (31), -1168.00000 (115), -1168.00000 (32), -1168.00000 (58), -1168.00000 (5), -1168.00000 (12), -1168.00000 (105), -1168.00000 (78), 
Length of domains: 14888
Current (lb-rhs): -1168.0
29692 domains visited
Time: pickout 0.0245    decision 0.1449    set_bounds 0.0045    solve 1.0769    add 0.0558    
Accumulated time: pickout 2.7029    decision 27.3431    set_bounds 0.6227    solve 83.8316    add 12.3271    
Cumulative time: 127.2019453048706

BaB round 118
batch: 128
splitting decisions: 
split level 0: [/74, 79] [/74, 693] [/74, 452] [/74, 817] [/74, 849] [/74, 309] [/74, 656] [/74, 304] [/74, 407] [/74, 461] 
best_l after optimization: -268003.5
beta sum per layer: [0.0, 0.0, 0.0, 2.2184536457061768]
alpha/beta optimization time: 0.8179116249084473
pruning_in_iteration open status: False
ratio of positive domain = 0 / 256 = 0.0
pruning-in-iteration extra time: 3.7670135498046875e-05
torch.Size([256, 1])
Time: prepare 0.0031    bound 0.8193    transfer 0.0043    finalize 0.0694    func 0.8961    
Accumulated time: func 84.6533    prepare 1.4561    bound 75.1813    transfer 0.4971    finalize 8.5728    
max lb tensor(-922.) min lb tensor(-1168.)
Number of Verified Splits: 0 of 256
Current worst splitting domains lb-rhs (depth):
-1168.00000 (78), -1168.00000 (58), -1168.00000 (106), -1168.00000 (112), -1168.00000 (38), -1168.00000 (93), -1168.00000 (117), -1168.00000 (59), -1168.00000 (12), -1168.00000 (38), -1168.00000 (24), -1168.00000 (78), -1168.00000 (6), -1168.00000 (59), -1168.00000 (38), -1168.00000 (94), -1168.00000 (79), -1168.00000 (37), -1168.00000 (59), -1168.00000 (18), 
Length of domains: 15016
Current (lb-rhs): -1168.0
29948 domains visited
Time: pickout 0.0241    decision 0.1326    set_bounds 0.0044    solve 0.8980    add 0.0841    
Accumulated time: pickout 2.7270    decision 27.4758    set_bounds 0.6271    solve 84.7296    add 12.4111    
Cumulative time: 128.3458113670349

BaB round 119
batch: 128
splitting decisions: 
split level 0: [/74, 239] [/74, 177] [/74, 345] [/74, 771] [/74, 19] [/74, 576] [/74, 757] [/74, 973] [/74, 42] [/74, 407] 
best_l after optimization: -268003.03125
beta sum per layer: [0.0, 0.0, 0.0, 2.1878914833068848]
alpha/beta optimization time: 0.7872459888458252
pruning_in_iteration open status: False
ratio of positive domain = 0 / 256 = 0.0
pruning-in-iteration extra time: 0.00014209747314453125
torch.Size([256, 1])
Time: prepare 0.0029    bound 0.7886    transfer 0.0035    finalize 0.0554    func 0.8505    
Accumulated time: func 85.5038    prepare 1.4676    bound 75.9700    transfer 0.5006    finalize 8.6282    
max lb tensor(-922.) min lb tensor(-1168.)
Number of Verified Splits: 0 of 256
Current worst splitting domains lb-rhs (depth):
-1168.00000 (87), -1168.00000 (6), -1168.00000 (44), -1168.00000 (27), -1168.00000 (73), -1168.00000 (14), -1168.00000 (86), -1168.00000 (62), -1168.00000 (36), -1168.00000 (103), -1168.00000 (45), -1168.00000 (96), -1168.00000 (61), -1168.00000 (110), -1168.00000 (116), -1168.00000 (74), -1168.00000 (115), -1168.00000 (61), -1168.00000 (45), -1168.00000 (5), 
Length of domains: 15144
Current (lb-rhs): -1168.0
30204 domains visited
Time: pickout 0.0287    decision 0.2390    set_bounds 0.0043    solve 0.8524    add 0.0589    
Accumulated time: pickout 2.7557    decision 27.7148    set_bounds 0.6314    solve 85.5820    add 12.4700    
Cumulative time: 129.5320246219635

BaB round 120
batch: 128
splitting decisions: 
split level 0: [/74, 668] [/74, 543] [/74, 54] [/74, 849] [/74, 823] [/74, 249] [/74, 674] [/74, 256] [/74, 345] [/74, 177] 
best_l after optimization: -268002.75
beta sum per layer: [0.0, 0.0, 0.0, 2.167949914932251]
alpha/beta optimization time: 0.7588725090026855
pruning_in_iteration open status: False
ratio of positive domain = 0 / 256 = 0.0
pruning-in-iteration extra time: 0.002203226089477539
torch.Size([256, 1])
Time: prepare 0.0029    bound 0.7625    transfer 0.0061    finalize 0.0720    func 0.8435    
Accumulated time: func 86.3473    prepare 1.4929    bound 76.7324    transfer 0.5067    finalize 8.7001    
max lb tensor(-922.) min lb tensor(-1168.)
Number of Verified Splits: 0 of 256
Current worst splitting domains lb-rhs (depth):
-1168.00000 (65), -1168.00000 (57), -1168.00000 (30), -1168.00000 (52), -1168.00000 (19), -1168.00000 (109), -1168.00000 (65), -1168.00000 (89), -1168.00000 (76), -1168.00000 (105), -1168.00000 (94), -1168.00000 (47), -1168.00000 (85), -1168.00000 (116), -1168.00000 (40), -1168.00000 (22), -1168.00000 (6), -1168.00000 (101), -1168.00000 (15), -1168.00000 (82), 
Length of domains: 15272
Current (lb-rhs): -1168.0
30460 domains visited
Time: pickout 0.0284    decision 0.3152    set_bounds 0.0044    solve 0.8457    add 0.0787    
Accumulated time: pickout 2.7841    decision 28.0300    set_bounds 0.6358    solve 86.4278    add 12.5487    
Cumulative time: 130.8050456047058

BaB round 121
batch: 128
splitting decisions: 
split level 0: [/74, 780] [/74, 565] [/74, 237] [/74, 823] [/74, 603] [/74, 828] [/74, 331] [/74, 183] [/74, 54] [/74, 452] 
best_l after optimization: -268002.5625
beta sum per layer: [0.0, 0.0, 0.0, 2.167168378829956]
alpha/beta optimization time: 0.6687154769897461
pruning_in_iteration open status: False
ratio of positive domain = 0 / 256 = 0.0
pruning-in-iteration extra time: 0.0002994537353515625
torch.Size([256, 1])
Time: prepare 0.0030    bound 0.6704    transfer 0.0048    finalize 0.0543    func 0.7325    
Accumulated time: func 87.0798    prepare 1.5044    bound 77.4028    transfer 0.5115    finalize 8.7544    
max lb tensor(-922.) min lb tensor(-1168.)
Number of Verified Splits: 0 of 256
Current worst splitting domains lb-rhs (depth):
-1168.00000 (73), -1168.00000 (39), -1168.00000 (72), -1168.00000 (9), -1168.00000 (38), -1168.00000 (113), -1168.00000 (72), -1168.00000 (38), -1168.00000 (73), -1168.00000 (112), -1168.00000 (113), -1168.00000 (9), -1168.00000 (38), -1168.00000 (73), -1168.00000 (37), -1168.00000 (74), -1168.00000 (112), -1168.00000 (74), -1168.00000 (10), -1168.00000 (37), 
Length of domains: 15400
Current (lb-rhs): -1168.0
30716 domains visited
Time: pickout 0.0240    decision 0.4396    set_bounds 0.0045    solve 0.7346    add 0.0531    
Accumulated time: pickout 2.8080    decision 28.4696    set_bounds 0.6403    solve 87.1624    add 12.6018    
Cumulative time: 132.06366801261902

BaB round 122
batch: 128
splitting decisions: 
split level 0: [/74, 88] [/74, 42] [/74, 309] [/74, 236] [/74, 236] [/74, 815] [/74, 758] [/74, 715] [/74, 775] [/74, 54] 
best_l after optimization: -268002.3125
beta sum per layer: [0.0, 0.0, 0.0, 2.161590099334717]
alpha/beta optimization time: 0.7295351028442383
pruning_in_iteration open status: False
ratio of positive domain = 0 / 256 = 0.0
pruning-in-iteration extra time: 3.7670135498046875e-05
torch.Size([256, 1])
Time: prepare 0.0030    bound 0.7309    transfer 0.0048    finalize 0.0695    func 0.8082    
Accumulated time: func 87.8880    prepare 1.5239    bound 78.1337    transfer 0.5163    finalize 8.8239    
max lb tensor(-922.) min lb tensor(-1168.)
Number of Verified Splits: 0 of 256
Current worst splitting domains lb-rhs (depth):
-1168.00000 (115), -1168.00000 (64), -1168.00000 (9), -1168.00000 (76), -1168.00000 (23), -1168.00000 (118), -1168.00000 (82), -1168.00000 (13), -1168.00000 (70), -1168.00000 (91), -1168.00000 (59), -1168.00000 (46), -1168.00000 (79), -1168.00000 (36), -1168.00000 (108), -1168.00000 (31), -1168.00000 (6), -1168.00000 (74), -1168.00000 (58), -1168.00000 (99), 
Length of domains: 15528
Current (lb-rhs): -1168.0
30972 domains visited
Time: pickout 0.0228    decision 0.4373    set_bounds 0.0045    solve 0.8102    add 0.0810    
Accumulated time: pickout 2.8308    decision 28.9069    set_bounds 0.6449    solve 87.9726    add 12.6828    
Cumulative time: 133.42007517814636

BaB round 123
batch: 128
splitting decisions: 
split level 0: [/74, 401] [/74, 54] [/74, 576] [/74, 668] [/74, 256] [/74, 149] [/74, 367] [/74, 83] [/74, 872] [/74, 775] 
best_l after optimization: -268002.0625
beta sum per layer: [0.0, 0.0, 0.0, 2.535005569458008]
alpha/beta optimization time: 0.37880778312683105
pruning_in_iteration open status: False
ratio of positive domain = 0 / 256 = 0.0
pruning-in-iteration extra time: 3.6716461181640625e-05
torch.Size([256, 1])
Time: prepare 0.0029    bound 0.3801    transfer 0.0062    finalize 0.0560    func 0.4452    
Accumulated time: func 88.3332    prepare 1.5534    bound 78.5137    transfer 0.5225    finalize 8.8800    
max lb tensor(-922.) min lb tensor(-1168.)
Number of Verified Splits: 0 of 256
Current worst splitting domains lb-rhs (depth):
-1168.00000 (39), -1168.00000 (120), -1168.00000 (73), -1168.00000 (23), -1168.00000 (11), -1168.00000 (101), -1168.00000 (95), -1168.00000 (26), -1168.00000 (60), -1168.00000 (39), -1168.00000 (73), -1168.00000 (112), -1168.00000 (49), -1168.00000 (74), -1168.00000 (11), -1168.00000 (112), -1168.00000 (91), -1168.00000 (59), -1168.00000 (74), -1168.00000 (111), 
Length of domains: 15656
Current (lb-rhs): -1168.0
31228 domains visited
Time: pickout 0.0326    decision 0.3289    set_bounds 0.0043    solve 0.4474    add 0.0564    
Accumulated time: pickout 2.8634    decision 29.2358    set_bounds 0.6492    solve 88.4200    add 12.7392    
Cumulative time: 134.29274916648865

BaB round 124
batch: 128
splitting decisions: 
split level 0: [/74, 425] [/74, 378] [/74, 789] [/74, 304] [/74, 183] [/74, 830] [/74, 553] [/74, 29] [/74, 309] [/74, 378] 
best_l after optimization: -268004.03125
beta sum per layer: [0.0, 0.0, 0.0, 2.277653217315674]
alpha/beta optimization time: 0.6759340763092041
pruning_in_iteration open status: False
ratio of positive domain = 0 / 256 = 0.0
pruning-in-iteration extra time: 3.552436828613281e-05
torch.Size([256, 1])
Time: prepare 0.0035    bound 0.6776    transfer 0.0040    finalize 0.0690    func 0.7541    
Accumulated time: func 89.0873    prepare 1.5582    bound 79.1913    transfer 0.5265    finalize 8.9490    
max lb tensor(-922.) min lb tensor(-1168.)
Number of Verified Splits: 0 of 256
Current worst splitting domains lb-rhs (depth):
-1168.00000 (43), -1168.00000 (95), -1168.00000 (44), -1168.00000 (95), -1168.00000 (65), -1168.00000 (9), -1168.00000 (43), -1168.00000 (120), -1168.00000 (75), -1168.00000 (96), -1168.00000 (44), -1168.00000 (43), -1168.00000 (80), -1168.00000 (96), -1168.00000 (10), -1168.00000 (72), -1168.00000 (42), -1168.00000 (96), -1168.00000 (120), -1168.00000 (42), 
Length of domains: 15784
Current (lb-rhs): -1168.0
31484 domains visited
Time: pickout 0.0250    decision 0.1318    set_bounds 0.0048    solve 0.7562    add 0.0805    
Accumulated time: pickout 2.8884    decision 29.3676    set_bounds 0.6541    solve 89.1762    add 12.8198    
Cumulative time: 135.2917423248291

BaB round 125
batch: 128
splitting decisions: 
split level 0: [/74, 757] [/74, 872] [/74, 249] [/74, 973] [/74, 715] [/74, 542] [/74, 898] [/74, 401] [/74, 828] [/74, 576] 
best_l after optimization: -268003.59375
beta sum per layer: [0.0, 0.0, 0.0, 2.229846477508545]
alpha/beta optimization time: 0.6592357158660889
pruning_in_iteration open status: False
ratio of positive domain = 0 / 256 = 0.0
pruning-in-iteration extra time: 0.0025589466094970703
torch.Size([256, 1])
Time: prepare 0.0030    bound 0.6631    transfer 0.0064    finalize 0.0536    func 0.7261    
Accumulated time: func 89.8134    prepare 1.5828    bound 79.8544    transfer 0.5329    finalize 9.0026    
max lb tensor(-922.) min lb tensor(-1168.)
Number of Verified Splits: 0 of 256
Current worst splitting domains lb-rhs (depth):
-1168.00000 (106), -1168.00000 (86), -1168.00000 (37), -1168.00000 (95), -1168.00000 (47), -1168.00000 (10), -1168.00000 (64), -1168.00000 (6), -1168.00000 (121), -1168.00000 (17), -1168.00000 (115), -1168.00000 (65), -1168.00000 (47), -1168.00000 (31), -1168.00000 (25), -1168.00000 (95), -1168.00000 (77), -1168.00000 (65), -1168.00000 (78), -1168.00000 (64), 
Length of domains: 15912
Current (lb-rhs): -1168.0
31740 domains visited
Time: pickout 0.0303    decision 0.3879    set_bounds 0.0044    solve 0.7282    add 0.0543    
Accumulated time: pickout 2.9186    decision 29.7555    set_bounds 0.6584    solve 89.9045    add 12.8740    
Cumulative time: 136.49943780899048

BaB round 126
batch: 128
splitting decisions: 
split level 0: [/74, 674] [/74, 789] [/74, 828] [/74, 256] [/74, 83] [/74, 178] [/74, 81] [/74, 656] [/74, 145] [/74, 789] 
best_l after optimization: -268003.125
beta sum per layer: [0.0, 0.0, 0.0, 2.1893396377563477]
alpha/beta optimization time: 0.6159036159515381
pruning_in_iteration open status: False
ratio of positive domain = 0 / 256 = 0.0
pruning-in-iteration extra time: 0.00011873245239257812
torch.Size([256, 1])
Time: prepare 0.0030    bound 0.6173    transfer 0.0042    finalize 0.0693    func 0.6938    
Accumulated time: func 90.5073    prepare 1.6012    bound 80.4717    transfer 0.5370    finalize 9.0719    
max lb tensor(-922.) min lb tensor(-1168.)
Number of Verified Splits: 0 of 256
Current worst splitting domains lb-rhs (depth):
-1168.00000 (98), -1168.00000 (9), -1168.00000 (98), -1168.00000 (66), -1168.00000 (43), -1168.00000 (28), -1168.00000 (66), -1168.00000 (81), -1168.00000 (43), -1168.00000 (9), -1168.00000 (122), -1168.00000 (109), -1168.00000 (122), -1168.00000 (27), -1168.00000 (65), -1168.00000 (43), -1168.00000 (82), -1168.00000 (10), -1168.00000 (27), -1168.00000 (97), 
Length of domains: 16040
Current (lb-rhs): -1168.0
31996 domains visited
Time: pickout 0.0236    decision 0.4401    set_bounds 0.0045    solve 0.6960    add 0.0772    
Accumulated time: pickout 2.9423    decision 30.1956    set_bounds 0.6629    solve 90.6004    add 12.9512    
Cumulative time: 137.74148607254028

BaB round 127
batch: 128
splitting decisions: 
split level 0: [/74, 829] [/74, 145] [/74, 379] [/74, 183] [/74, 29] [/74, 771] [/74, 970] [/74, 757] [/74, 542] [/74, 249] 
best_l after optimization: -268002.9375
beta sum per layer: [0.0, 0.0, 0.0, 2.1661200523376465]
alpha/beta optimization time: 0.40301942825317383
pruning_in_iteration open status: False
ratio of positive domain = 0 / 256 = 0.0
pruning-in-iteration extra time: 4.124641418457031e-05
torch.Size([256, 1])
Time: prepare 0.0030    bound 0.4044    transfer 0.0037    finalize 0.0531    func 0.4642    
Accumulated time: func 90.9715    prepare 1.6268    bound 80.8761    transfer 0.5407    finalize 9.1250    
max lb tensor(-922.) min lb tensor(-1168.)
Number of Verified Splits: 0 of 256
Current worst splitting domains lb-rhs (depth):
-1168.00000 (22), -1168.00000 (74), -1168.00000 (7), -1168.00000 (22), -1168.00000 (60), -1168.00000 (101), -1168.00000 (88), -1168.00000 (121), -1168.00000 (41), -1168.00000 (74), -1168.00000 (101), -1168.00000 (83), -1168.00000 (101), -1168.00000 (86), -1168.00000 (7), -1168.00000 (121), -1168.00000 (51), -1168.00000 (74), -1168.00000 (102), -1168.00000 (34), 
Length of domains: 16168
Current (lb-rhs): -1168.0
32252 domains visited
Time: pickout 0.0237    decision 0.4438    set_bounds 0.0045    solve 0.4647    add 0.0560    
Accumulated time: pickout 2.9660    decision 30.6394    set_bounds 0.6674    solve 91.0651    add 13.0072    
Cumulative time: 138.73688316345215

BaB round 128
batch: 128
splitting decisions: 
split level 0: [/74, 970] [/74, 149] [/74, 542] [/74, 83] [/74, 425] [/74, 609] [/74, 187] [/74, 563] [/74, 817] [/74, 828] 
best_l after optimization: -268002.625
beta sum per layer: [0.0, 0.0, 0.0, 2.605469226837158]
alpha/beta optimization time: 0.6920175552368164
pruning_in_iteration open status: False
ratio of positive domain = 0 / 256 = 0.0
pruning-in-iteration extra time: 3.814697265625e-05
torch.Size([256, 1])
Time: prepare 0.0030    bound 0.6934    transfer 0.0041    finalize 0.0697    func 0.7702    
Accumulated time: func 91.7416    prepare 1.6387    bound 81.5694    transfer 0.5448    finalize 9.1947    
max lb tensor(-922.) min lb tensor(-1168.)
Number of Verified Splits: 0 of 256
Current worst splitting domains lb-rhs (depth):
-1168.00000 (81), -1168.00000 (108), -1168.00000 (81), -1168.00000 (31), -1168.00000 (96), -1168.00000 (9), -1168.00000 (49), -1168.00000 (124), -1168.00000 (108), -1168.00000 (69), -1168.00000 (31), -1168.00000 (69), -1168.00000 (49), -1168.00000 (10), -1168.00000 (95), -1168.00000 (31), -1168.00000 (69), -1168.00000 (109), -1168.00000 (49), -1168.00000 (124), 
Length of domains: 16296
Current (lb-rhs): -1168.0
32508 domains visited
Time: pickout 0.0293    decision 0.4005    set_bounds 0.0045    solve 0.7706    add 0.0760    
Accumulated time: pickout 2.9953    decision 31.0399    set_bounds 0.6719    solve 91.8357    add 13.0832    
Cumulative time: 140.01844024658203

BaB round 129
batch: 128
splitting decisions: 
split level 0: [/74, 504] [/74, 830] [/74, 178] [/74, 425] [/74, 656] [/74, 509] [/74, 411] [/74, 758] [/74, 771] [/74, 830] 
best_l after optimization: -268004.84375
beta sum per layer: [0.0, 0.0, 0.0, 2.342271327972412]
alpha/beta optimization time: 0.6961097717285156
pruning_in_iteration open status: False
ratio of positive domain = 0 / 256 = 0.0
pruning-in-iteration extra time: 3.719329833984375e-05
torch.Size([256, 1])
Time: prepare 0.0033    bound 0.6975    transfer 0.0038    finalize 0.0527    func 0.7574    
Accumulated time: func 92.4990    prepare 1.6715    bound 82.2669    transfer 0.5486    finalize 9.2474    
max lb tensor(-922.) min lb tensor(-1168.)
Number of Verified Splits: 0 of 256
Current worst splitting domains lb-rhs (depth):
-1168.00000 (114), -1168.00000 (114), -1168.00000 (26), -1168.00000 (14), -1168.00000 (63), -1168.00000 (51), -1168.00000 (76), -1168.00000 (57), -1168.00000 (97), -1168.00000 (35), -1168.00000 (70), -1168.00000 (82), -1168.00000 (4), -1168.00000 (44), -1168.00000 (90), -1168.00000 (98), -1168.00000 (9), -1168.00000 (26), -1168.00000 (46), -1168.00000 (37), 
Length of domains: 16424
Current (lb-rhs): -1168.0
32764 domains visited
Time: pickout 0.0294    decision 0.3758    set_bounds 0.0044    solve 0.7578    add 4.7310    
Accumulated time: pickout 3.0247    decision 31.4158    set_bounds 0.6763    solve 92.5936    add 17.8142    
Cumulative time: 145.91770839691162

BaB round 130
batch: 128
splitting decisions: 
split level 0: [/74, 187] [/74, 817] [/74, 609] [/74, 656] [/74, 757] [/74, 250] [/74, 189] [/74, 553] [/74, 609] [/74, 542] 
best_l after optimization: -268003.9375
beta sum per layer: [0.0, 0.0, 0.0, 2.254108190536499]
alpha/beta optimization time: 0.6448078155517578
pruning_in_iteration open status: False
ratio of positive domain = 0 / 256 = 0.0
pruning-in-iteration extra time: 0.00016880035400390625
torch.Size([256, 1])
Time: prepare 0.0031    bound 0.6463    transfer 0.0040    finalize 0.0533    func 0.7067    
Accumulated time: func 93.2057    prepare 1.6884    bound 82.9131    transfer 0.5527    finalize 9.3008    
max lb tensor(-922.) min lb tensor(-1168.)
Number of Verified Splits: 0 of 256
Current worst splitting domains lb-rhs (depth):
-1168.00000 (86), -1168.00000 (86), -1168.00000 (6), -1168.00000 (122), -1168.00000 (65), -1168.00000 (37), -1168.00000 (106), -1168.00000 (37), -1168.00000 (64), -1168.00000 (37), -1168.00000 (106), -1168.00000 (38), -1168.00000 (15), -1168.00000 (64), -1168.00000 (128), -1168.00000 (38), -1168.00000 (105), -1168.00000 (87), -1168.00000 (107), -1168.00000 (35), 
Length of domains: 16552
Current (lb-rhs): -1168.0
33020 domains visited
Time: pickout 0.0308    decision 0.3512    set_bounds 0.0062    solve 0.7072    add 0.0544    
Accumulated time: pickout 3.0555    decision 31.7670    set_bounds 0.6824    solve 93.3008    add 17.8686    
Cumulative time: 147.07020616531372

BaB round 131
batch: 128
splitting decisions: 
split level 0: [/74, 411] [/74, 609] [/74, 250] [/74, 757] [/74, 758] [/74, 885] [/74, 30] [/74, 898] [/74, 14] [/74, 817] 
best_l after optimization: -268003.4375
beta sum per layer: [0.0, 0.0, 0.0, 2.231092929840088]
alpha/beta optimization time: 0.6617960929870605
pruning_in_iteration open status: False
ratio of positive domain = 0 / 256 = 0.0
pruning-in-iteration extra time: 0.0024557113647460938
torch.Size([256, 1])
Time: prepare 0.0030    bound 0.6655    transfer 0.0056    finalize 0.0685    func 0.7426    
Accumulated time: func 93.9484    prepare 1.7049    bound 83.5787    transfer 0.5583    finalize 9.3692    
max lb tensor(-922.) min lb tensor(-1168.)
Number of Verified Splits: 0 of 256
Current worst splitting domains lb-rhs (depth):
-1168.00000 (92), -1168.00000 (109), -1168.00000 (40), -1168.00000 (73), -1168.00000 (5), -1168.00000 (59), -1168.00000 (53), -1168.00000 (45), -1168.00000 (37), -1168.00000 (77), -1168.00000 (7), -1168.00000 (50), -1168.00000 (31), -1168.00000 (55), -1168.00000 (129), -1168.00000 (85), -1168.00000 (119), -1168.00000 (105), -1168.00000 (129), -1168.00000 (12), 
Length of domains: 16680
Current (lb-rhs): -1168.0
33276 domains visited
Time: pickout 0.0320    decision 0.4106    set_bounds 0.0061    solve 0.7431    add 0.0780    
Accumulated time: pickout 3.0875    decision 32.1776    set_bounds 0.6885    solve 94.0439    add 17.9466    
Cumulative time: 148.34061884880066

BaB round 132
batch: 128
splitting decisions: 
split level 0: [/74, 189] [/74, 14] [/74, 885] [/74, 674] [/74, 553] [/74, 238] [/74, 661] [/74, 504] [/74, 849] [/74, 849] 
best_l after optimization: -268003.21875
beta sum per layer: [0.0, 0.0, 0.0, 2.1983795166015625]
alpha/beta optimization time: 0.7737243175506592
pruning_in_iteration open status: False
ratio of positive domain = 0 / 256 = 0.0
pruning-in-iteration extra time: 0.0002541542053222656
torch.Size([256, 1])
Time: prepare 0.0110    bound 0.7753    transfer 0.0039    finalize 0.0537    func 0.8440    
Accumulated time: func 94.7923    prepare 1.7388    bound 84.3540    transfer 0.5622    finalize 9.4229    
max lb tensor(-922.) min lb tensor(-1168.)
Number of Verified Splits: 0 of 256
Current worst splitting domains lb-rhs (depth):
-1168.00000 (5), -1168.00000 (131), -1168.00000 (44), -1168.00000 (103), -1168.00000 (70), -1168.00000 (112), -1168.00000 (32), -1168.00000 (60), -1168.00000 (84), -1168.00000 (45), -1168.00000 (91), -1168.00000 (32), -1168.00000 (112), -1168.00000 (17), -1168.00000 (70), -1168.00000 (123), -1168.00000 (102), -1168.00000 (60), -1168.00000 (31), -1168.00000 (45), 
Length of domains: 16808
Current (lb-rhs): -1168.0
33532 domains visited
Time: pickout 0.0290    decision 0.3204    set_bounds 0.2202    solve 0.8445    add 0.0592    
Accumulated time: pickout 3.1165    decision 32.4980    set_bounds 0.9087    solve 94.8884    add 18.0059    
Cumulative time: 149.81642127037048

BaB round 133
batch: 128
splitting decisions: 
split level 0: [/74, 30] [/74, 509] [/74, 238] [/74, 331] [/74, 898] [/74, 823] [/74, 880] [/74, 494] [/74, 19] [/74, 238] 
best_l after optimization: -268003.125
beta sum per layer: [0.0, 0.0, 0.0, 2.178802728652954]
alpha/beta optimization time: 0.7899587154388428
pruning_in_iteration open status: False
ratio of positive domain = 0 / 256 = 0.0
pruning-in-iteration extra time: 0.00015401840209960938
torch.Size([256, 1])
Time: prepare 0.0040    bound 0.7925    transfer 0.0036    finalize 0.0682    func 0.8684    
Accumulated time: func 95.6607    prepare 1.7601    bound 85.1466    transfer 0.5658    finalize 9.4912    
max lb tensor(-922.) min lb tensor(-1168.)
Number of Verified Splits: 0 of 256
Current worst splitting domains lb-rhs (depth):
-1168.00000 (112), -1168.00000 (65), -1168.00000 (52), -1168.00000 (18), -1168.00000 (24), -1168.00000 (47), -1168.00000 (28), -1168.00000 (104), -1168.00000 (131), -1168.00000 (98), -1168.00000 (73), -1168.00000 (5), -1168.00000 (65), -1168.00000 (84), -1168.00000 (52), -1168.00000 (39), -1168.00000 (90), -1168.00000 (16), -1168.00000 (41), -1168.00000 (123), 
Length of domains: 16936
Current (lb-rhs): -1168.0
33788 domains visited
Time: pickout 0.0316    decision 0.3411    set_bounds 0.0067    solve 0.8689    add 0.0791    
Accumulated time: pickout 3.1481    decision 32.8391    set_bounds 0.9153    solve 95.7573    add 18.0849    
Cumulative time: 151.14446425437927

BaB round 134
batch: 128
splitting decisions: 
split level 0: [/74, 949] [/74, 19] [/74, 823] [/74, 563] [/74, 81] [/74, 79] [/74, 751] [/74, 706] [/74, 238] [/74, 79] 
best_l after optimization: -268002.8125
beta sum per layer: [0.0, 0.0, 0.0, 2.16575288772583]
alpha/beta optimization time: 0.795759916305542
pruning_in_iteration open status: False
ratio of positive domain = 0 / 256 = 0.0
pruning-in-iteration extra time: 0.0001468658447265625
torch.Size([256, 1])
Time: prepare 0.0030    bound 0.7972    transfer 0.0041    finalize 0.0549    func 0.8593    
Accumulated time: func 96.5201    prepare 1.7718    bound 85.9438    transfer 0.5700    finalize 9.5461    
max lb tensor(-922.) min lb tensor(-1168.)
Number of Verified Splits: 0 of 256
Current worst splitting domains lb-rhs (depth):
-1168.00000 (67), -1168.00000 (88), -1168.00000 (6), -1168.00000 (47), -1168.00000 (67), -1168.00000 (17), -1168.00000 (103), -1168.00000 (47), -1168.00000 (12), -1168.00000 (112), -1168.00000 (89), -1168.00000 (26), -1168.00000 (118), -1168.00000 (34), -1168.00000 (128), -1168.00000 (66), -1168.00000 (132), -1168.00000 (48), -1168.00000 (133), -1168.00000 (25), 
Length of domains: 17064
Current (lb-rhs): -1168.0
34044 domains visited
Time: pickout 0.0297    decision 0.2468    set_bounds 0.0061    solve 0.8598    add 0.0571    
Accumulated time: pickout 3.1778    decision 33.0859    set_bounds 0.9214    solve 96.6171    add 18.1421    
Cumulative time: 152.34690403938293

BaB round 135
batch: 128
splitting decisions: 
split level 0: [/74, 28] [/74, 238] [/74, 603] [/74, 758] [/74, 7] [/74, 236] [/74, 106] [/74, 187] [/74, 79] [/74, 236] 
best_l after optimization: -268002.5625
beta sum per layer: [0.0, 0.0, 0.0, 2.1408870220184326]
alpha/beta optimization time: 0.6970281600952148
pruning_in_iteration open status: False
ratio of positive domain = 0 / 256 = 0.0
pruning-in-iteration extra time: 0.00011539459228515625
torch.Size([256, 1])
Time: prepare 0.0066    bound 0.6985    transfer 0.0044    finalize 0.0692    func 0.7789    
Accumulated time: func 97.2989    prepare 1.7872    bound 86.6423    transfer 0.5744    finalize 9.6153    
max lb tensor(-922.) min lb tensor(-1168.)
Number of Verified Splits: 0 of 256
Current worst splitting domains lb-rhs (depth):
-1168.00000 (66), -1168.00000 (100), -1168.00000 (75), -1168.00000 (13), -1168.00000 (53), -1168.00000 (28), -1168.00000 (66), -1168.00000 (17), -1168.00000 (116), -1168.00000 (121), -1168.00000 (89), -1168.00000 (101), -1168.00000 (36), -1168.00000 (46), -1168.00000 (8), -1168.00000 (89), -1168.00000 (28), -1168.00000 (53), -1168.00000 (133), -1168.00000 (75), 
Length of domains: 17192
Current (lb-rhs): -1168.0
34300 domains visited
Time: pickout 0.0241    decision 0.3787    set_bounds 0.0090    solve 0.7795    add 0.0785    
Accumulated time: pickout 3.2019    decision 33.4646    set_bounds 0.9305    solve 97.3966    add 18.2206    
Cumulative time: 153.61744689941406

BaB round 136
batch: 128
splitting decisions: 
split level 0: [/74, 880] [/74, 823] [/74, 239] [/74, 367] [/74, 494] [/74, 780] [/74, 477] [/74, 411] [/74, 236] [/74, 304] 
best_l after optimization: -268002.5
beta sum per layer: [0.0, 0.0, 0.0, 2.6185593605041504]
alpha/beta optimization time: 0.3868725299835205
pruning_in_iteration open status: False
ratio of positive domain = 0 / 256 = 0.0
pruning-in-iteration extra time: 4.124641418457031e-05
torch.Size([256, 1])
Time: prepare 0.0030    bound 0.3883    transfer 0.0045    finalize 0.0580    func 0.4538    
Accumulated time: func 97.7527    prepare 1.8075    bound 87.0306    transfer 0.5789    finalize 9.6733    
max lb tensor(-922.) min lb tensor(-1168.)
Number of Verified Splits: 0 of 256
Current worst splitting domains lb-rhs (depth):
-1168.00000 (68), -1168.00000 (124), -1168.00000 (96), -1168.00000 (55), -1168.00000 (24), -1168.00000 (122), -1168.00000 (136), -1168.00000 (15), -1168.00000 (107), -1168.00000 (44), -1168.00000 (34), -1168.00000 (4), -1168.00000 (38), -1168.00000 (51), -1168.00000 (133), -1168.00000 (114), -1168.00000 (20), -1168.00000 (60), -1168.00000 (72), -1168.00000 (99), 
Length of domains: 17320
Current (lb-rhs): -1168.0
34556 domains visited
Time: pickout 0.0259    decision 0.3641    set_bounds 0.0062    solve 0.4543    add 0.0581    
Accumulated time: pickout 3.2278    decision 33.8287    set_bounds 0.9367    solve 97.8509    add 18.2787    
Cumulative time: 154.52889442443848

BaB round 137
batch: 128
splitting decisions: 
split level 0: [/74, 995] [/74, 236] [/74, 668] [/74, 970] [/74, 706] [/74, 973] [/74, 1020] [/74, 189] [/74, 239] [/74, 499] 
best_l after optimization: -268004.65625
beta sum per layer: [0.0, 0.0, 0.0, 2.3356916904449463]
alpha/beta optimization time: 0.3910374641418457
pruning_in_iteration open status: False
ratio of positive domain = 0 / 256 = 0.0
pruning-in-iteration extra time: 3.933906555175781e-05
torch.Size([256, 1])
Time: prepare 0.0033    bound 0.3925    transfer 0.0047    finalize 0.0719    func 0.4724    
Accumulated time: func 98.2251    prepare 1.8122    bound 87.4231    transfer 0.5836    finalize 9.7452    
max lb tensor(-922.) min lb tensor(-1168.)
Number of Verified Splits: 0 of 256
Current worst splitting domains lb-rhs (depth):
-1168.00000 (25), -1168.00000 (9), -1168.00000 (33), -1168.00000 (71), -1168.00000 (128), -1168.00000 (95), -1168.00000 (51), -1168.00000 (10), -1168.00000 (71), -1168.00000 (107), -1168.00000 (128), -1168.00000 (51), -1168.00000 (50), -1168.00000 (72), -1168.00000 (95), -1168.00000 (34), -1168.00000 (10), -1168.00000 (127), -1168.00000 (72), -1168.00000 (107), 
Length of domains: 17448
Current (lb-rhs): -1168.0
34812 domains visited
Time: pickout 0.0269    decision 0.1332    set_bounds 0.0068    solve 0.4729    add 0.0786    
Accumulated time: pickout 3.2547    decision 33.9619    set_bounds 0.9435    solve 98.3238    add 18.3573    
Cumulative time: 155.24809908866882

BaB round 138
batch: 128
splitting decisions: 
split level 0: [/74, 106] [/74, 239] [/74, 499] [/74, 706] [/74, 187] [/74, 399] [/74, 1012] [/74, 950] [/74, 780] [/74, 256] 
best_l after optimization: -268003.875
beta sum per layer: [0.0, 0.0, 0.0, 2.2811508178710938]
alpha/beta optimization time: 0.7872879505157471
pruning_in_iteration open status: False
ratio of positive domain = 0 / 256 = 0.0
pruning-in-iteration extra time: 0.00022745132446289062
torch.Size([256, 1])
Time: prepare 0.0031    bound 0.7888    transfer 0.0038    finalize 0.0540    func 0.8497    
Accumulated time: func 99.0748    prepare 1.8166    bound 88.2119    transfer 0.5873    finalize 9.7991    
max lb tensor(-922.) min lb tensor(-1168.)
Number of Verified Splits: 0 of 256
Current worst splitting domains lb-rhs (depth):
-1168.00000 (50), -1168.00000 (92), -1168.00000 (63), -1168.00000 (33), -1168.00000 (85), -1168.00000 (53), -1168.00000 (135), -1168.00000 (74), -1168.00000 (40), -1168.00000 (17), -1168.00000 (122), -1168.00000 (113), -1168.00000 (137), -1168.00000 (110), -1168.00000 (30), -1168.00000 (43), -1168.00000 (99), -1168.00000 (36), -1168.00000 (56), -1168.00000 (124), 
Length of domains: 17576
Current (lb-rhs): -1168.0
35068 domains visited
Time: pickout 0.0304    decision 0.1314    set_bounds 0.0064    solve 0.8502    add 0.0559    
Accumulated time: pickout 3.2851    decision 34.0933    set_bounds 0.9499    solve 99.1740    add 18.4132    
Cumulative time: 156.32489728927612

BaB round 139
batch: 128
splitting decisions: 
split level 0: [/74, 477] [/74, 780] [/74, 399] [/74, 187] [/74, 411] [/74, 183] [/74, 529] [/74, 995] [/74, 304] [/74, 88] 
best_l after optimization: -268003.21875
beta sum per layer: [0.0, 0.0, 0.0, 2.232482433319092]
alpha/beta optimization time: 0.7905824184417725
pruning_in_iteration open status: False
ratio of positive domain = 0 / 256 = 0.0
pruning-in-iteration extra time: 0.00015401840209960938
torch.Size([256, 1])
Time: prepare 0.0031    bound 0.7921    transfer 0.0039    finalize 0.0695    func 0.8687    
Accumulated time: func 99.9435    prepare 1.8431    bound 89.0040    transfer 0.5913    finalize 9.8686    
max lb tensor(-922.) min lb tensor(-1168.)
Number of Verified Splits: 0 of 256
Current worst splitting domains lb-rhs (depth):
-1168.00000 (56), -1168.00000 (30), -1168.00000 (84), -1168.00000 (122), -1168.00000 (77), -1168.00000 (109), -1168.00000 (72), -1168.00000 (43), -1168.00000 (137), -1168.00000 (8), -1168.00000 (66), -1168.00000 (97), -1168.00000 (34), -1168.00000 (9), -1168.00000 (105), -1168.00000 (129), -1168.00000 (24), -1168.00000 (84), -1168.00000 (15), -1168.00000 (48), 
Length of domains: 17704
Current (lb-rhs): -1168.0
35324 domains visited
Time: pickout 0.0314    decision 0.3125    set_bounds 0.0066    solve 0.8692    add 0.0818    
Accumulated time: pickout 3.3164    decision 34.4059    set_bounds 0.9565    solve 100.0432    add 18.4949    
Cumulative time: 157.62698936462402

BaB round 140
batch: 128
splitting decisions: 
split level 0: [/74, 468] [/74, 304] [/74, 183] [/74, 411] [/74, 30] [/74, 818] [/74, 869] [/74, 106] [/74, 499] [/74, 818] 
best_l after optimization: -268002.875
beta sum per layer: [0.0, 0.0, 0.0, 2.211857557296753]
alpha/beta optimization time: 0.7806248664855957
pruning_in_iteration open status: False
ratio of positive domain = 0 / 256 = 0.0
pruning-in-iteration extra time: 0.00014853477478027344
torch.Size([256, 1])
Time: prepare 0.0030    bound 0.7820    transfer 0.0047    finalize 0.0573    func 0.8471    
Accumulated time: func 100.7906    prepare 1.8570    bound 89.7860    transfer 0.5960    finalize 9.9259    
max lb tensor(-922.) min lb tensor(-1168.)
Number of Verified Splits: 0 of 256
Current worst splitting domains lb-rhs (depth):
-1168.00000 (136), -1168.00000 (105), -1168.00000 (41), -1168.00000 (80), -1168.00000 (10), -1168.00000 (47), -1168.00000 (124), -1168.00000 (26), -1168.00000 (15), -1168.00000 (43), -1168.00000 (73), -1168.00000 (53), -1168.00000 (94), -1168.00000 (67), -1168.00000 (34), -1168.00000 (132), -1168.00000 (90), -1168.00000 (109), -1168.00000 (104), -1168.00000 (87), 
Length of domains: 17832
Current (lb-rhs): -1168.0
35580 domains visited
Time: pickout 0.0272    decision 0.2634    set_bounds 0.0061    solve 0.8476    add 0.0578    
Accumulated time: pickout 3.3436    decision 34.6693    set_bounds 0.9626    solve 100.8907    add 18.5528    
Cumulative time: 158.8319673538208

BaB round 141
batch: 128
splitting decisions: 
split level 0: [/74, 311] [/74, 499] [/74, 88] [/74, 30] [/74, 661] [/74, 715] [/74, 700] [/74, 433] [/74, 973] [/74, 715] 
best_l after optimization: -268002.75
beta sum per layer: [0.0, 0.0, 0.0, 2.189754009246826]
alpha/beta optimization time: 0.6685597896575928
pruning_in_iteration open status: False
ratio of positive domain = 0 / 256 = 0.0
pruning-in-iteration extra time: 5.650520324707031e-05
torch.Size([256, 1])
Time: prepare 0.0032    bound 0.6699    transfer 0.0038    finalize 0.0682    func 0.7452    
Accumulated time: func 101.5357    prepare 1.8810    bound 90.4560    transfer 0.5998    finalize 9.9941    
max lb tensor(-922.) min lb tensor(-1168.)
Number of Verified Splits: 0 of 256
Current worst splitting domains lb-rhs (depth):
-1168.00000 (13), -1168.00000 (127), -1168.00000 (78), -1168.00000 (138), -1168.00000 (66), -1168.00000 (49), -1168.00000 (78), -1168.00000 (107), -1168.00000 (5), -1168.00000 (57), -1168.00000 (128), -1168.00000 (95), -1168.00000 (24), -1168.00000 (49), -1168.00000 (112), -1168.00000 (36), -1168.00000 (32), -1168.00000 (77), -1168.00000 (112), -1168.00000 (102), 
Length of domains: 17960
Current (lb-rhs): -1168.0
35836 domains visited
Time: pickout 0.0273    decision 0.3241    set_bounds 0.0066    solve 0.7457    add 0.0782    
Accumulated time: pickout 3.3710    decision 34.9934    set_bounds 0.9692    solve 101.6364    add 18.6309    
Cumulative time: 160.01448106765747

BaB round 142
batch: 128
splitting decisions: 
split level 0: [/74, 122] [/74, 256] [/74, 83] [/74, 661] [/74, 949] [/74, 425] [/74, 679] [/74, 477] [/74, 399] [/74, 83] 
best_l after optimization: -268002.46875
beta sum per layer: [0.0, 0.0, 0.0, 2.1656527519226074]
alpha/beta optimization time: 0.7873246669769287
pruning_in_iteration open status: False
ratio of positive domain = 0 / 256 = 0.0
pruning-in-iteration extra time: 0.00014710426330566406
torch.Size([256, 1])
Time: prepare 0.0031    bound 0.7888    transfer 0.0035    finalize 0.0581    func 0.8536    
Accumulated time: func 102.3893    prepare 1.9093    bound 91.2447    transfer 0.6034    finalize 10.0522    
max lb tensor(-922.) min lb tensor(-1168.)
Number of Verified Splits: 0 of 256
Current worst splitting domains lb-rhs (depth):
-1168.00000 (52), -1168.00000 (52), -1168.00000 (107), -1168.00000 (12), -1168.00000 (74), -1168.00000 (91), -1168.00000 (129), -1168.00000 (141), -1168.00000 (24), -1168.00000 (108), -1168.00000 (5), -1168.00000 (136), -1168.00000 (27), -1168.00000 (107), -1168.00000 (52), -1168.00000 (74), -1168.00000 (53), -1168.00000 (13), -1168.00000 (50), -1168.00000 (91), 
Length of domains: 18088
Current (lb-rhs): -1168.0
36092 domains visited
Time: pickout 0.0255    decision 0.3403    set_bounds 0.0063    solve 0.8541    add 0.0587    
Accumulated time: pickout 3.3965    decision 35.3336    set_bounds 0.9755    solve 102.4905    add 18.6897    
Cumulative time: 161.30224609375

BaB round 143
batch: 128
splitting decisions: 
split level 0: [/74, 529] [/74, 29] [/74, 29] [/74, 949] [/74, 28] [/74, 757] [/74, 825] [/74, 1020] [/74, 183] [/74, 29] 
best_l after optimization: -268002.375
beta sum per layer: [0.0, 0.0, 0.0, 2.591244697570801]
alpha/beta optimization time: 0.7709336280822754
pruning_in_iteration open status: False
ratio of positive domain = 0 / 256 = 0.0
pruning-in-iteration extra time: 0.0023915767669677734
torch.Size([256, 1])
Time: prepare 0.0030    bound 0.7746    transfer 0.0059    finalize 0.0699    func 0.8535    
Accumulated time: func 103.2429    prepare 1.9236    bound 92.0194    transfer 0.6093    finalize 10.1222    
max lb tensor(-922.) min lb tensor(-1168.)
Number of Verified Splits: 0 of 256
Current worst splitting domains lb-rhs (depth):
-1168.00000 (25), -1168.00000 (68), -1168.00000 (103), -1168.00000 (99), -1168.00000 (54), -1168.00000 (65), -1168.00000 (84), -1168.00000 (35), -1168.00000 (5), -1168.00000 (109), -1168.00000 (140), -1168.00000 (41), -1168.00000 (13), -1168.00000 (130), -1168.00000 (16), -1168.00000 (28), -1168.00000 (60), -1168.00000 (125), -1168.00000 (72), -1168.00000 (39), 
Length of domains: 18216
Current (lb-rhs): -1168.0
36348 domains visited
Time: pickout 0.0274    decision 0.2805    set_bounds 0.0063    solve 0.8540    add 0.0777    
Accumulated time: pickout 3.4239    decision 35.6141    set_bounds 0.9819    solve 103.3446    add 18.7674    
Cumulative time: 162.54890513420105

BaB round 144
batch: 128
splitting decisions: 
split level 0: [/74, 869] [/74, 656] [/74, 401] [/74, 28] [/74, 880] [/74, 829] [/74, 581] [/74, 468] [/74, 88] [/74, 401] 
best_l after optimization: -268005.3125
beta sum per layer: [0.0, 0.0, 0.0, 2.392289400100708]
alpha/beta optimization time: 0.5350067615509033
pruning_in_iteration open status: False
ratio of positive domain = 0 / 256 = 0.0
pruning-in-iteration extra time: 0.00015687942504882812
torch.Size([256, 1])
Time: prepare 0.0038    bound 0.5365    transfer 0.0042    finalize 0.0543    func 0.5989    
Accumulated time: func 103.8418    prepare 1.9368    bound 92.5559    transfer 0.6135    finalize 10.1764    
max lb tensor(-922.) min lb tensor(-1168.)
Number of Verified Splits: 0 of 256
Current worst splitting domains lb-rhs (depth):
-1168.00000 (52), -1168.00000 (16), -1168.00000 (110), -1168.00000 (51), -1168.00000 (91), -1168.00000 (77), -1168.00000 (51), -1168.00000 (110), -1168.00000 (136), -1168.00000 (51), -1168.00000 (15), -1168.00000 (109), -1168.00000 (52), -1168.00000 (109), -1168.00000 (52), -1168.00000 (76), -1168.00000 (92), -1168.00000 (15), -1168.00000 (50), -1168.00000 (135), 
Length of domains: 18344
Current (lb-rhs): -1168.0
36604 domains visited
Time: pickout 0.0236    decision 0.3848    set_bounds 0.0099    solve 0.5994    add 0.0592    
Accumulated time: pickout 3.4475    decision 35.9989    set_bounds 0.9918    solve 103.9440    add 18.8266    
Cumulative time: 163.6287443637848

BaB round 145
batch: 128
splitting decisions: 
split level 0: [/74, 700] [/74, 757] [/74, 425] [/74, 880] [/74, 950] [/74, 191] [/74, 640] [/74, 1012] [/74, 818] [/74, 656] 
best_l after optimization: -268004.15625
beta sum per layer: [0.0, 0.0, 0.0, 2.315214157104492]
alpha/beta optimization time: 0.6913783550262451
pruning_in_iteration open status: False
ratio of positive domain = 0 / 256 = 0.0
pruning-in-iteration extra time: 3.6716461181640625e-05
torch.Size([256, 1])
Time: prepare 0.0031    bound 0.6927    transfer 0.0042    finalize 0.0754    func 0.7754    
Accumulated time: func 104.6172    prepare 1.9421    bound 93.2486    transfer 0.6177    finalize 10.2518    
max lb tensor(-922.) min lb tensor(-1168.)
Number of Verified Splits: 0 of 256
Current worst splitting domains lb-rhs (depth):
-1168.00000 (134), -1168.00000 (135), -1168.00000 (10), -1168.00000 (86), -1168.00000 (46), -1168.00000 (86), -1168.00000 (135), -1168.00000 (45), -1168.00000 (87), -1168.00000 (11), -1168.00000 (45), -1168.00000 (87), -1168.00000 (86), -1168.00000 (87), -1168.00000 (45), -1168.00000 (88), -1168.00000 (134), -1168.00000 (11), -1168.00000 (44), -1168.00000 (88), 
Length of domains: 18472
Current (lb-rhs): -1168.0
36860 domains visited
Time: pickout 0.0343    decision 0.2567    set_bounds 0.0063    solve 0.7760    add 0.0808    
Accumulated time: pickout 3.4818    decision 36.2556    set_bounds 0.9981    solve 104.7199    add 18.9074    
Cumulative time: 164.7835545539856

BaB round 146
batch: 128
splitting decisions: 
split level 0: [/74, 679] [/74, 829] [/74, 757] [/74, 33] [/74, 751] [/74, 331] [/74, 617] [/74, 311] [/74, 83] [/74, 674] 
best_l after optimization: -268003.75
beta sum per layer: [0.0, 0.0, 0.0, 2.2803139686584473]
alpha/beta optimization time: 0.6855685710906982
pruning_in_iteration open status: False
ratio of positive domain = 0 / 256 = 0.0
pruning-in-iteration extra time: 0.00017380714416503906
torch.Size([256, 1])
Time: prepare 0.0031    bound 0.6871    transfer 0.0065    finalize 0.0557    func 0.7524    
Accumulated time: func 105.3696    prepare 1.9588    bound 93.9357    transfer 0.6242    finalize 10.3075    
max lb tensor(-922.) min lb tensor(-1168.)
Number of Verified Splits: 0 of 256
Current worst splitting domains lb-rhs (depth):
-1168.00000 (95), -1168.00000 (74), -1168.00000 (39), -1168.00000 (17), -1168.00000 (142), -1168.00000 (136), -1168.00000 (121), -1168.00000 (39), -1168.00000 (6), -1168.00000 (74), -1168.00000 (109), -1168.00000 (12), -1168.00000 (39), -1168.00000 (55), -1168.00000 (120), -1168.00000 (74), -1168.00000 (40), -1168.00000 (17), -1168.00000 (96), -1168.00000 (145), 
Length of domains: 18600
Current (lb-rhs): -1168.0
37116 domains visited
Time: pickout 0.0311    decision 0.4144    set_bounds 0.0066    solve 0.7530    add 0.0583    
Accumulated time: pickout 3.5128    decision 36.6701    set_bounds 1.0047    solve 105.4729    add 18.9658    
Cumulative time: 166.04963088035583

BaB round 147
batch: 128
splitting decisions: 
split level 0: [/74, 711] [/74, 331] [/74, 674] [/74, 179] [/74, 33] [/74, 563] [/74, 940] [/74, 529] [/74, 29] [/74, 563] 
best_l after optimization: -268003.3125
beta sum per layer: [0.0, 0.0, 0.0, 2.2425642013549805]
alpha/beta optimization time: 0.6416118144989014
pruning_in_iteration open status: False
ratio of positive domain = 0 / 256 = 0.0
pruning-in-iteration extra time: 0.000209808349609375
torch.Size([256, 1])
Time: prepare 0.0030    bound 0.6431    transfer 0.0042    finalize 0.0756    func 0.7260    
Accumulated time: func 106.0957    prepare 1.9743    bound 94.5788    transfer 0.6285    finalize 10.3831    
max lb tensor(-922.) min lb tensor(-1168.)
Number of Verified Splits: 0 of 256
Current worst splitting domains lb-rhs (depth):
-1168.00000 (138), -1168.00000 (9), -1168.00000 (58), -1168.00000 (107), -1168.00000 (71), -1168.00000 (92), -1168.00000 (32), -1168.00000 (138), -1168.00000 (10), -1168.00000 (108), -1168.00000 (121), -1168.00000 (43), -1168.00000 (138), -1168.00000 (71), -1168.00000 (58), -1168.00000 (92), -1168.00000 (51), -1168.00000 (31), -1168.00000 (10), -1168.00000 (108), 
Length of domains: 18728
Current (lb-rhs): -1168.0
37372 domains visited
Time: pickout 0.0319    decision 0.4665    set_bounds 0.0063    solve 0.7265    add 0.0794    
Accumulated time: pickout 3.5447    decision 37.1366    set_bounds 1.0110    solve 106.1995    add 19.0452    
Cumulative time: 167.36250758171082

BaB round 148
batch: 128
splitting decisions: 
split level 0: [/74, 825] [/74, 758] [/74, 331] [/74, 106] [/74, 179] [/74, 367] [/74, 844] [/74, 700] [/74, 656] [/74, 758] 
best_l after optimization: -268003.0
beta sum per layer: [0.0, 0.0, 0.0, 2.203385829925537]
alpha/beta optimization time: 0.6717932224273682
pruning_in_iteration open status: False
ratio of positive domain = 0 / 256 = 0.0
pruning-in-iteration extra time: 3.838539123535156e-05
torch.Size([256, 1])
Time: prepare 0.0031    bound 0.6731    transfer 0.0044    finalize 0.0768    func 0.7575    
Accumulated time: func 106.8532    prepare 1.9917    bound 95.2520    transfer 0.6328    finalize 10.4599    
max lb tensor(-922.) min lb tensor(-1168.)
Number of Verified Splits: 0 of 256
Current worst splitting domains lb-rhs (depth):
-1168.00000 (41), -1168.00000 (106), -1168.00000 (129), -1168.00000 (139), -1168.00000 (63), -1168.00000 (78), -1168.00000 (95), -1168.00000 (10), -1168.00000 (30), -1168.00000 (42), -1168.00000 (121), -1168.00000 (105), -1168.00000 (147), -1168.00000 (144), -1168.00000 (20), -1168.00000 (77), -1168.00000 (63), -1168.00000 (42), -1168.00000 (30), -1168.00000 (129), 
Length of domains: 18856
Current (lb-rhs): -1168.0
37628 domains visited
Time: pickout 0.0327    decision 0.3517    set_bounds 0.0065    solve 0.7580    add 0.0728    
Accumulated time: pickout 3.5774    decision 37.4883    set_bounds 1.0175    solve 106.9574    add 19.1180    
Cumulative time: 168.58643770217896

BaB round 149
batch: 128
splitting decisions: 
split level 0: [/74, 581] [/74, 367] [/74, 563] [/74, 433] [/74, 1020] [/74, 7] [/74, 710] [/74, 9] [/74, 674] [/74, 367] 
best_l after optimization: -268002.875
beta sum per layer: [0.0, 0.0, 0.0, 2.1902291774749756]
alpha/beta optimization time: 0.6606574058532715
pruning_in_iteration open status: False
ratio of positive domain = 0 / 256 = 0.0
pruning-in-iteration extra time: 3.695487976074219e-05
torch.Size([256, 1])
Time: prepare 0.0031    bound 0.6621    transfer 0.0042    finalize 0.0796    func 0.7490    
Accumulated time: func 107.6021    prepare 2.0246    bound 95.9140    transfer 0.6370    finalize 10.5395    
max lb tensor(-922.) min lb tensor(-1168.)
Number of Verified Splits: 0 of 256
Current worst splitting domains lb-rhs (depth):
-1168.00000 (114), -1168.00000 (26), -1168.00000 (19), -1168.00000 (105), -1168.00000 (90), -1168.00000 (124), -1168.00000 (79), -1168.00000 (54), -1168.00000 (28), -1168.00000 (76), -1168.00000 (68), -1168.00000 (25), -1168.00000 (144), -1168.00000 (137), -1168.00000 (128), -1168.00000 (11), -1168.00000 (46), -1168.00000 (62), -1168.00000 (4), -1168.00000 (35), 
Length of domains: 18984
Current (lb-rhs): -1168.0
37884 domains visited
Time: pickout 0.0329    decision 0.3889    set_bounds 0.0064    solve 0.7494    add 0.0709    
Accumulated time: pickout 3.6103    decision 37.8773    set_bounds 1.0239    solve 107.7069    add 19.1889    
Cumulative time: 169.83719182014465

BaB round 150
batch: 128
splitting decisions: 
split level 0: [/74, 152] [/74, 553] [/74, 367] [/74, 1020] [/74, 122] [/74, 504] [/74, 98] [/74, 653] [/74, 829] [/74, 898] 
best_l after optimization: -268002.75
beta sum per layer: [0.0, 0.0, 0.0, 2.56261944770813]
alpha/beta optimization time: 0.6426467895507812
pruning_in_iteration open status: False
ratio of positive domain = 0 / 256 = 0.0
pruning-in-iteration extra time: 4.029273986816406e-05
torch.Size([256, 1])
Time: prepare 0.0030    bound 0.6440    transfer 0.0040    finalize 0.0775    func 0.7286    
Accumulated time: func 108.3307    prepare 2.0369    bound 96.5580    transfer 0.6410    finalize 10.6170    
max lb tensor(-922.) min lb tensor(-1168.)
Number of Verified Splits: 0 of 256
Current worst splitting domains lb-rhs (depth):
-1168.00000 (99), -1168.00000 (122), -1168.00000 (99), -1168.00000 (42), -1168.00000 (74), -1168.00000 (7), -1168.00000 (148), -1168.00000 (122), -1168.00000 (141), -1168.00000 (43), -1168.00000 (74), -1168.00000 (17), -1168.00000 (43), -1168.00000 (17), -1168.00000 (122), -1168.00000 (74), -1168.00000 (43), -1168.00000 (100), -1168.00000 (121), -1168.00000 (44), 
Length of domains: 19112
Current (lb-rhs): -1168.0
38140 domains visited
Time: pickout 0.0315    decision 0.4137    set_bounds 0.0062    solve 0.7291    add 0.0710    
Accumulated time: pickout 3.6418    decision 38.2910    set_bounds 1.0301    solve 108.4360    add 19.2599    
Cumulative time: 171.0909354686737

BaB round 151
batch: 128
splitting decisions: 
split level 0: [/74, 268] [/74, 898] [/74, 81] [/74, 529] [/74, 679] [/74, 494] [/74, 535] [/74, 188] [/74, 191] [/74, 81] 
best_l after optimization: -268005.0625
beta sum per layer: [0.0, 0.0, 0.0, 2.3910460472106934]
alpha/beta optimization time: 0.6453378200531006
pruning_in_iteration open status: False
ratio of positive domain = 0 / 256 = 0.0
pruning-in-iteration extra time: 4.5299530029296875e-05
torch.Size([256, 1])
Time: prepare 0.0031    bound 0.6467    transfer 0.0045    finalize 0.0783    func 0.7326    
Accumulated time: func 109.0633    prepare 2.0556    bound 97.2047    transfer 0.6456    finalize 10.6953    
max lb tensor(-922.) min lb tensor(-1168.)
Number of Verified Splits: 0 of 256
Current worst splitting domains lb-rhs (depth):
-1168.00000 (14), -1168.00000 (127), -1168.00000 (108), -1168.00000 (147), -1168.00000 (61), -1168.00000 (84), -1168.00000 (71), -1168.00000 (6), -1168.00000 (98), -1168.00000 (34), -1168.00000 (96), -1168.00000 (120), -1168.00000 (136), -1168.00000 (52), -1168.00000 (147), -1168.00000 (45), -1168.00000 (72), -1168.00000 (84), -1168.00000 (108), -1168.00000 (25), 
Length of domains: 19240
Current (lb-rhs): -1168.0
38396 domains visited
Time: pickout 0.0308    decision 0.3911    set_bounds 0.0062    solve 0.7331    add 0.0754    
Accumulated time: pickout 3.6726    decision 38.6821    set_bounds 1.0364    solve 109.1691    add 19.3353    
Cumulative time: 172.32996487617493

BaB round 152
batch: 128
splitting decisions: 
split level 0: [/74, 653] [/74, 504] [/74, 494] [/74, 869] [/74, 640] [/74, 706] [/74, 182] [/74, 896] [/74, 563] [/74, 970] 
best_l after optimization: -268004.40625
beta sum per layer: [0.0, 0.0, 0.0, 2.3160018920898438]
alpha/beta optimization time: 0.9176721572875977
pruning_in_iteration open status: False
ratio of positive domain = 0 / 256 = 0.0
pruning-in-iteration extra time: 0.0023255348205566406
torch.Size([256, 1])
Time: prepare 0.0032    bound 0.9214    transfer 0.0061    finalize 0.0807    func 1.0114    
Accumulated time: func 110.0747    prepare 2.0602    bound 98.1261    transfer 0.6516    finalize 10.7760    
max lb tensor(-922.) min lb tensor(-1168.)
Number of Verified Splits: 0 of 256
Current worst splitting domains lb-rhs (depth):
-1168.00000 (16), -1168.00000 (96), -1168.00000 (120), -1168.00000 (7), -1168.00000 (150), -1168.00000 (48), -1168.00000 (64), -1168.00000 (30), -1168.00000 (38), -1168.00000 (81), -1168.00000 (137), -1168.00000 (128), -1168.00000 (109), -1168.00000 (25), -1168.00000 (96), -1168.00000 (143), -1168.00000 (64), -1168.00000 (81), -1168.00000 (7), -1168.00000 (108), 
Length of domains: 19368
Current (lb-rhs): -1168.0
38652 domains visited
Time: pickout 0.0328    decision 0.1329    set_bounds 0.0065    solve 1.0119    add 0.0747    
Accumulated time: pickout 3.7053    decision 38.8151    set_bounds 1.0429    solve 110.1809    add 19.4099    
Cumulative time: 173.59096550941467

BaB round 153
batch: 128
splitting decisions: 
split level 0: [/74, 435] [/74, 32] [/74, 706] [/74, 640] [/74, 268] [/74, 751] [/74, 977] [/74, 617] [/74, 367] [/74, 504] 
best_l after optimization: -268003.96875
beta sum per layer: [0.0, 0.0, 0.0, 2.274383544921875]
alpha/beta optimization time: 0.9703080654144287
pruning_in_iteration open status: False
ratio of positive domain = 0 / 256 = 0.0
pruning-in-iteration extra time: 0.0022017955780029297
torch.Size([256, 1])
Time: prepare 0.0116    bound 0.9740    transfer 0.0058    finalize 0.0762    func 1.0677    
Accumulated time: func 111.1424    prepare 2.0734    bound 99.1001    transfer 0.6575    finalize 10.8522    
max lb tensor(-922.) min lb tensor(-1168.)
Number of Verified Splits: 0 of 256
Current worst splitting domains lb-rhs (depth):
-1168.00000 (80), -1168.00000 (37), -1168.00000 (143), -1168.00000 (79), -1168.00000 (10), -1168.00000 (106), -1168.00000 (143), -1168.00000 (79), -1168.00000 (56), -1168.00000 (11), -1168.00000 (119), -1168.00000 (106), -1168.00000 (142), -1168.00000 (57), -1168.00000 (27), -1168.00000 (56), -1168.00000 (37), -1168.00000 (80), -1168.00000 (142), -1168.00000 (11), 
Length of domains: 19496
Current (lb-rhs): -1168.0
38908 domains visited
Time: pickout 0.0281    decision 0.1475    set_bounds 0.0108    solve 1.0681    add 0.0686    
Accumulated time: pickout 3.7335    decision 38.9625    set_bounds 1.0537    solve 111.2491    add 19.4785    
Cumulative time: 174.91628122329712

BaB round 154
batch: 128
splitting decisions: 
split level 0: [/74, 940] [/74, 411] [/74, 411] [/74, 268] [/74, 188] [/74, 995] [/74, 156] [/74, 940] [/74, 553] [/74, 494] 
best_l after optimization: -268003.59375
beta sum per layer: [0.0, 0.0, 0.0, 2.249927043914795]
alpha/beta optimization time: 0.8120379447937012
pruning_in_iteration open status: False
ratio of positive domain = 0 / 256 = 0.0
pruning-in-iteration extra time: 0.00015234947204589844
torch.Size([256, 1])
Time: prepare 0.0031    bound 0.8135    transfer 0.0039    finalize 0.0779    func 0.8984    
Accumulated time: func 112.0408    prepare 2.0779    bound 99.9136    transfer 0.6613    finalize 10.9301    
max lb tensor(-922.) min lb tensor(-1168.)
Number of Verified Splits: 0 of 256
Current worst splitting domains lb-rhs (depth):
-1168.00000 (84), -1168.00000 (113), -1168.00000 (11), -1168.00000 (96), -1168.00000 (128), -1168.00000 (149), -1168.00000 (84), -1168.00000 (39), -1168.00000 (61), -1168.00000 (11), -1168.00000 (112), -1168.00000 (39), -1168.00000 (129), -1168.00000 (61), -1168.00000 (62), -1168.00000 (149), -1168.00000 (96), -1168.00000 (11), -1168.00000 (39), -1168.00000 (112), 
Length of domains: 19624
Current (lb-rhs): -1168.0
39164 domains visited
Time: pickout 0.0251    decision 0.1335    set_bounds 0.0064    solve 0.8989    add 0.0738    
Accumulated time: pickout 3.7586    decision 39.0960    set_bounds 1.0601    solve 112.1479    add 19.5523    
Cumulative time: 176.05625367164612

BaB round 155
batch: 128
splitting decisions: 
split level 0: [/74, 961] [/74, 189] [/74, 189] [/74, 653] [/74, 940] [/74, 179] [/74, 897] [/74, 649] [/74, 898] [/74, 32] 
best_l after optimization: -268003.34375
beta sum per layer: [0.0, 0.0, 0.0, 2.23142147064209]
alpha/beta optimization time: 0.7789967060089111
pruning_in_iteration open status: False
ratio of positive domain = 0 / 256 = 0.0
pruning-in-iteration extra time: 0.00010275840759277344
torch.Size([256, 1])
Time: prepare 0.0031    bound 0.7804    transfer 0.0038    finalize 0.0772    func 0.8646    
Accumulated time: func 112.9054    prepare 2.1031    bound 100.6940    transfer 0.6651    finalize 11.0073    
max lb tensor(-922.) min lb tensor(-1168.)
Number of Verified Splits: 0 of 256
Current worst splitting domains lb-rhs (depth):
-1168.00000 (59), -1168.00000 (147), -1168.00000 (95), -1168.00000 (59), -1168.00000 (109), -1168.00000 (78), -1168.00000 (9), -1168.00000 (29), -1168.00000 (147), -1168.00000 (37), -1168.00000 (120), -1168.00000 (78), -1168.00000 (47), -1168.00000 (146), -1168.00000 (9), -1168.00000 (108), -1168.00000 (78), -1168.00000 (20), -1168.00000 (132), -1168.00000 (58), 
Length of domains: 19752
Current (lb-rhs): -1168.0
39420 domains visited
Time: pickout 0.0327    decision 0.2705    set_bounds 0.0064    solve 0.8651    add 0.0721    
Accumulated time: pickout 3.7913    decision 39.3664    set_bounds 1.0665    solve 113.0130    add 19.6244    
Cumulative time: 177.3052475452423

BaB round 156
batch: 128
splitting decisions: 
split level 0: [/74, 858] [/74, 30] [/74, 30] [/74, 896] [/74, 800] [/74, 477] [/74, 685] [/74, 800] [/74, 81] [/74, 949] 
best_l after optimization: -268003.125
beta sum per layer: [0.0, 0.0, 0.0, 2.217350482940674]
alpha/beta optimization time: 0.7817225456237793
pruning_in_iteration open status: False
ratio of positive domain = 0 / 256 = 0.0
pruning-in-iteration extra time: 0.00015592575073242188
torch.Size([256, 1])
Time: prepare 0.0031    bound 0.7832    transfer 0.0037    finalize 0.0775    func 0.8675    
Accumulated time: func 113.7729    prepare 2.1208    bound 101.4771    transfer 0.6688    finalize 11.0848    
max lb tensor(-922.) min lb tensor(-1168.)
Number of Verified Splits: 0 of 256
Current worst splitting domains lb-rhs (depth):
-1168.00000 (62), -1168.00000 (11), -1168.00000 (64), -1168.00000 (113), -1168.00000 (64), -1168.00000 (151), -1168.00000 (113), -1168.00000 (63), -1168.00000 (11), -1168.00000 (63), -1168.00000 (113), -1168.00000 (63), -1168.00000 (114), -1168.00000 (112), -1168.00000 (12), -1168.00000 (62), -1168.00000 (114), -1168.00000 (150), -1168.00000 (62), -1168.00000 (114), 
Length of domains: 19880
Current (lb-rhs): -1168.0
39676 domains visited
Time: pickout 0.0292    decision 0.2836    set_bounds 0.0045    solve 0.8680    add 0.0716    
Accumulated time: pickout 3.8205    decision 39.6500    set_bounds 1.0710    solve 113.8810    add 19.6960    
Cumulative time: 178.5641782283783

BaB round 157
batch: 128
splitting decisions: 
split level 0: [/74, 649] [/74, 661] [/74, 949] [/74, 617] [/74, 844] [/74, 468] [/74, 593] [/74, 844] [/74, 970] [/74, 28] 
best_l after optimization: -268003.0625
beta sum per layer: [0.0, 0.0, 0.0, 2.21427059173584]
alpha/beta optimization time: 0.7911171913146973
pruning_in_iteration open status: False
ratio of positive domain = 0 / 256 = 0.0
pruning-in-iteration extra time: 0.0002372264862060547
torch.Size([256, 1])
Time: prepare 0.0030    bound 0.7927    transfer 0.0045    finalize 0.0795    func 0.8798    
Accumulated time: func 114.6527    prepare 2.1354    bound 102.2698    transfer 0.6733    finalize 11.1644    
max lb tensor(-922.) min lb tensor(-1168.)
Number of Verified Splits: 0 of 256
Current worst splitting domains lb-rhs (depth):
-1168.00000 (94), -1168.00000 (146), -1168.00000 (11), -1168.00000 (93), -1168.00000 (49), -1168.00000 (93), -1168.00000 (49), -1168.00000 (146), -1168.00000 (94), -1168.00000 (11), -1168.00000 (49), -1168.00000 (94), -1168.00000 (145), -1168.00000 (93), -1168.00000 (48), -1168.00000 (95), -1168.00000 (12), -1168.00000 (48), -1168.00000 (145), -1168.00000 (95), 
Length of domains: 20008
Current (lb-rhs): -1168.0
39932 domains visited
Time: pickout 0.0298    decision 0.2688    set_bounds 0.0044    solve 0.8803    add 0.0707    
Accumulated time: pickout 3.8503    decision 39.9188    set_bounds 1.0754    solve 114.7613    add 19.7667    
Cumulative time: 179.82038021087646

BaB round 158
batch: 128
splitting decisions: 
split level 0: [/74, 98] [/74, 880] [/74, 28] [/74, 435] [/74, 710] [/74, 869] [/74, 393] [/74, 98] [/74, 32] [/74, 880] 
best_l after optimization: -268002.875
beta sum per layer: [0.0, 0.0, 0.0, 2.2105607986450195]
alpha/beta optimization time: 0.7534956932067871
pruning_in_iteration open status: False
ratio of positive domain = 0 / 256 = 0.0
pruning-in-iteration extra time: 0.0023620128631591797
torch.Size([256, 1])
Time: prepare 0.0030    bound 0.7571    transfer 0.0057    finalize 0.0729    func 0.8388    
Accumulated time: func 115.4915    prepare 2.1533    bound 103.0270    transfer 0.6790    finalize 11.2373    
max lb tensor(-922.) min lb tensor(-1168.)
Number of Verified Splits: 0 of 256
Current worst splitting domains lb-rhs (depth):
-1168.00000 (17), -1168.00000 (46), -1168.00000 (157), -1168.00000 (100), -1168.00000 (127), -1168.00000 (46), -1168.00000 (11), -1168.00000 (77), -1168.00000 (47), -1168.00000 (85), -1168.00000 (127), -1168.00000 (64), -1168.00000 (114), -1168.00000 (84), -1168.00000 (47), -1168.00000 (64), -1168.00000 (127), -1168.00000 (47), -1168.00000 (153), -1168.00000 (65), 
Length of domains: 20136
Current (lb-rhs): -1168.0
40188 domains visited
Time: pickout 0.0288    decision 0.2829    set_bounds 0.0044    solve 0.8393    add 0.0713    
Accumulated time: pickout 3.8791    decision 40.2017    set_bounds 1.0798    solve 115.6006    add 19.8380    
Cumulative time: 181.04936957359314

BaB round 159
batch: 128
splitting decisions: 
split level 0: [/74, 977] [/74, 950] [/74, 950] [/74, 940] [/74, 535] [/74, 289] [/74, 444] [/74, 535] [/74, 706] [/74, 950] 
best_l after optimization: -268002.75
beta sum per layer: [0.0, 0.0, 0.0, 2.6578049659729004]
alpha/beta optimization time: 0.7852671146392822
pruning_in_iteration open status: False
ratio of positive domain = 0 / 256 = 0.0
pruning-in-iteration extra time: 0.00014543533325195312
torch.Size([256, 1])
Time: prepare 0.0031    bound 0.7868    transfer 0.0038    finalize 0.0784    func 0.8720    
Accumulated time: func 116.3635    prepare 2.1711    bound 103.8137    transfer 0.6828    finalize 11.3156    
max lb tensor(-922.) min lb tensor(-1168.)
Number of Verified Splits: 0 of 256
Current worst splitting domains lb-rhs (depth):
-1168.00000 (53), -1168.00000 (7), -1168.00000 (45), -1168.00000 (118), -1168.00000 (145), -1168.00000 (33), -1168.00000 (76), -1168.00000 (100), -1168.00000 (13), -1168.00000 (150), -1168.00000 (46), -1168.00000 (136), -1168.00000 (20), -1168.00000 (100), -1168.00000 (63), -1168.00000 (132), -1168.00000 (133), -1168.00000 (77), -1168.00000 (101), -1168.00000 (90), 
Length of domains: 20264
Current (lb-rhs): -1168.0
40444 domains visited
Time: pickout 0.0315    decision 0.2779    set_bounds 0.0046    solve 0.8725    add 0.0706    
Accumulated time: pickout 3.9106    decision 40.4796    set_bounds 1.0844    solve 116.4731    add 19.9086    
Cumulative time: 182.3088972568512

BaB round 160
batch: 128
splitting decisions: 
split level 0: [/74, 156] [/74, 751] [/74, 433] [/74, 844] [/74, 182] [/74, 700] [/74, 117] [/74, 977] [/74, 187] [/74, 995] 
best_l after optimization: -268005.5625
beta sum per layer: [0.0, 0.0, 0.0, 2.416398525238037]
alpha/beta optimization time: 0.7376971244812012
pruning_in_iteration open status: False
ratio of positive domain = 0 / 256 = 0.0
pruning-in-iteration extra time: 0.002391338348388672
torch.Size([256, 1])
Time: prepare 0.0102    bound 0.7415    transfer 0.0062    finalize 0.0783    func 0.8362    
Accumulated time: func 117.1998    prepare 2.1904    bound 104.5552    transfer 0.6890    finalize 11.3939    
max lb tensor(-922.) min lb tensor(-1168.)
Number of Verified Splits: 0 of 256
Current worst splitting domains lb-rhs (depth):
-1168.00000 (101), -1168.00000 (27), -1168.00000 (6), -1168.00000 (96), -1168.00000 (110), -1168.00000 (136), -1168.00000 (43), -1168.00000 (159), -1168.00000 (37), -1168.00000 (61), -1168.00000 (80), -1168.00000 (73), -1168.00000 (100), -1168.00000 (118), -1168.00000 (94), -1168.00000 (153), -1168.00000 (32), -1168.00000 (62), -1168.00000 (14), -1168.00000 (131), 
Length of domains: 20392
Current (lb-rhs): -1168.0
40700 domains visited
Time: pickout 0.0259    decision 0.3456    set_bounds 0.0075    solve 0.8367    add 0.0728    
Accumulated time: pickout 3.9365    decision 40.8252    set_bounds 1.0919    solve 117.3098    add 19.9814    
Cumulative time: 183.59960889816284

BaB round 161
batch: 128
splitting decisions: 
split level 0: [/74, 593] [/74, 995] [/74, 477] [/74, 710] [/74, 593] [/74, 679] [/74, 633] [/74, 897] [/74, 411] [/74, 433] 
best_l after optimization: -268004.9375
beta sum per layer: [0.0, 0.0, 0.0, 2.368718147277832]
alpha/beta optimization time: 0.9625563621520996
pruning_in_iteration open status: False
ratio of positive domain = 0 / 256 = 0.0
pruning-in-iteration extra time: 0.002177000045776367
torch.Size([256, 1])
Time: prepare 0.0114    bound 0.9661    transfer 0.0073    finalize 0.0795    func 1.0644    
Accumulated time: func 118.2641    prepare 2.2148    bound 105.5213    transfer 0.6963    finalize 11.4734    
max lb tensor(-922.) min lb tensor(-1168.)
Number of Verified Splits: 0 of 256
Current worst splitting domains lb-rhs (depth):
-1168.00000 (126), -1168.00000 (26), -1168.00000 (50), -1168.00000 (89), -1168.00000 (97), -1168.00000 (77), -1168.00000 (17), -1168.00000 (49), -1168.00000 (55), -1168.00000 (38), -1168.00000 (117), -1168.00000 (159), -1168.00000 (82), -1168.00000 (127), -1168.00000 (64), -1168.00000 (5), -1168.00000 (96), -1168.00000 (129), -1168.00000 (77), -1168.00000 (9), 
Length of domains: 20520
Current (lb-rhs): -1168.0
40956 domains visited
Time: pickout 0.0331    decision 0.2774    set_bounds 0.3079    solve 1.0649    add 0.0755    
Accumulated time: pickout 3.9696    decision 41.1026    set_bounds 1.3999    solve 118.3747    add 20.0569    
Cumulative time: 185.36104917526245

BaB round 162
batch: 128
splitting decisions: 
split level 0: [/74, 113] [/74, 33] [/74, 122] [/74, 98] [/74, 113] [/74, 581] [/74, 327] [/74, 685] [/74, 30] [/74, 477] 
best_l after optimization: -268004.375
beta sum per layer: [0.0, 0.0, 0.0, 2.3292386531829834]
alpha/beta optimization time: 1.0347905158996582
pruning_in_iteration open status: False
ratio of positive domain = 0 / 256 = 0.0
pruning-in-iteration extra time: 0.0022430419921875
torch.Size([256, 1])
Time: prepare 0.0045    bound 1.0385    transfer 0.0050    finalize 0.0770    func 1.1250    
Accumulated time: func 119.3891    prepare 2.2205    bound 106.5598    transfer 0.7012    finalize 11.5505    
max lb tensor(-922.) min lb tensor(-1168.)
Number of Verified Splits: 0 of 256
Current worst splitting domains lb-rhs (depth):
-1168.00000 (161), -1168.00000 (137), -1168.00000 (12), -1168.00000 (89), -1168.00000 (46), -1168.00000 (156), -1168.00000 (77), -1168.00000 (6), -1168.00000 (109), -1168.00000 (126), -1168.00000 (144), -1168.00000 (132), -1168.00000 (77), -1168.00000 (89), -1168.00000 (12), -1168.00000 (54), -1168.00000 (101), -1168.00000 (39), -1168.00000 (22), -1168.00000 (76), 
Length of domains: 20648
Current (lb-rhs): -1168.0
41212 domains visited
Time: pickout 0.0273    decision 0.1351    set_bounds 0.0088    solve 1.1255    add 0.0714    
Accumulated time: pickout 3.9970    decision 41.2378    set_bounds 1.4087    solve 119.5002    add 20.1283    
Cumulative time: 186.7311863899231

BaB round 163
batch: 128
splitting decisions: 
split level 0: [/74, 756] [/74, 179] [/74, 529] [/74, 535] [/74, 799] [/74, 152] [/74, 492] [/74, 756] [/74, 949] [/74, 1012] 
best_l after optimization: -268003.875
beta sum per layer: [0.0, 0.0, 0.0, 2.302703380584717]
alpha/beta optimization time: 0.9922983646392822
pruning_in_iteration open status: False
ratio of positive domain = 0 / 256 = 0.0
pruning-in-iteration extra time: 4.9114227294921875e-05
torch.Size([256, 1])
Time: prepare 0.0067    bound 0.9937    transfer 0.0043    finalize 0.0766    func 1.0813    
Accumulated time: func 120.4704    prepare 2.2285    bound 107.5535    transfer 0.7055    finalize 11.6271    
max lb tensor(-922.) min lb tensor(-1168.)
Number of Verified Splits: 0 of 256
Current worst splitting domains lb-rhs (depth):
-1168.00000 (66), -1168.00000 (21), -1168.00000 (102), -1168.00000 (155), -1168.00000 (45), -1168.00000 (91), -1168.00000 (76), -1168.00000 (139), -1168.00000 (59), -1168.00000 (55), -1168.00000 (144), -1168.00000 (158), -1168.00000 (140), -1168.00000 (151), -1168.00000 (118), -1168.00000 (55), -1168.00000 (33), -1168.00000 (86), -1168.00000 (129), -1168.00000 (47), 
Length of domains: 20776
Current (lb-rhs): -1168.0
41468 domains visited
Time: pickout 0.0292    decision 0.1366    set_bounds 0.0073    solve 1.0818    add 0.0706    
Accumulated time: pickout 4.0262    decision 41.3743    set_bounds 1.4159    solve 120.5820    add 20.1990    
Cumulative time: 188.05865859985352

BaB round 164
batch: 128
splitting decisions: 
split level 0: [/74, 905] [/74, 106] [/74, 869] [/74, 182] [/74, 633] [/74, 945] [/74, 53] [/74, 905] [/74, 28] [/74, 122] 
best_l after optimization: -268003.5625
beta sum per layer: [0.0, 0.0, 0.0, 2.284726142883301]
alpha/beta optimization time: 0.8822970390319824
pruning_in_iteration open status: False
ratio of positive domain = 0 / 256 = 0.0
pruning-in-iteration extra time: 3.933906555175781e-05
torch.Size([256, 1])
Time: prepare 0.0118    bound 0.8838    transfer 0.0041    finalize 0.0816    func 0.9814    
Accumulated time: func 121.4518    prepare 2.2460    bound 108.4373    transfer 0.7096    finalize 11.7087    
max lb tensor(-922.) min lb tensor(-1168.)
Number of Verified Splits: 0 of 256
Current worst splitting domains lb-rhs (depth):
-1168.00000 (163), -1168.00000 (100), -1168.00000 (35), -1168.00000 (159), -1168.00000 (56), -1168.00000 (25), -1168.00000 (68), -1168.00000 (109), -1168.00000 (80), -1168.00000 (126), -1168.00000 (56), -1168.00000 (34), -1168.00000 (142), -1168.00000 (126), -1168.00000 (5), -1168.00000 (12), -1168.00000 (93), -1168.00000 (149), -1168.00000 (25), -1168.00000 (141), 
Length of domains: 20904
Current (lb-rhs): -1168.0
41724 domains visited
Time: pickout 0.0418    decision 0.2570    set_bounds 0.0097    solve 0.9819    add 0.0706    
Accumulated time: pickout 4.0680    decision 41.6313    set_bounds 1.4257    solve 121.5639    add 20.2695    
Cumulative time: 189.42211246490479

BaB round 165
batch: 128
splitting decisions: 
split level 0: [/74, 1021] [/74, 433] [/74, 700] [/74, 977] [/74, 327] [/74, 268] [/74, 991] [/74, 373] [/74, 880] [/74, 529] 
best_l after optimization: -268003.4375
beta sum per layer: [0.0, 0.0, 0.0, 2.261808395385742]
alpha/beta optimization time: 0.6837360858917236
pruning_in_iteration open status: False
ratio of positive domain = 0 / 256 = 0.0
pruning-in-iteration extra time: 3.5762786865234375e-05
torch.Size([256, 1])
Time: prepare 0.0119    bound 0.6851    transfer 0.0041    finalize 0.0844    func 0.7855    
Accumulated time: func 122.2373    prepare 2.2616    bound 109.1225    transfer 0.7137    finalize 11.7930    
max lb tensor(-922.) min lb tensor(-1168.)
Number of Verified Splits: 0 of 256
Current worst splitting domains lb-rhs (depth):
-1168.00000 (38), -1168.00000 (117), -1168.00000 (80), -1168.00000 (18), -1168.00000 (46), -1168.00000 (117), -1168.00000 (14), -1168.00000 (106), -1168.00000 (144), -1168.00000 (162), -1168.00000 (5), -1168.00000 (132), -1168.00000 (91), -1168.00000 (81), -1168.00000 (149), -1168.00000 (64), -1168.00000 (57), -1168.00000 (24), -1168.00000 (106), -1168.00000 (80), 
Length of domains: 21032
Current (lb-rhs): -1168.0
41980 domains visited
Time: pickout 0.0410    decision 0.4640    set_bounds 0.0091    solve 0.7859    add 0.0840    
Accumulated time: pickout 4.1090    decision 42.0953    set_bounds 1.4348    solve 122.3499    add 20.3535    
Cumulative time: 190.80831289291382

BaB round 166
batch: 128
splitting decisions: 
split level 0: [/74, 393] [/74, 1020] [/74, 152] [/74, 156] [/74, 492] [/74, 617] [/74, 255] [/74, 1021] [/74, 950] [/74, 869] 
best_l after optimization: -268003.0625
beta sum per layer: [0.0, 0.0, 0.0, 2.7407498359680176]
alpha/beta optimization time: 0.6575822830200195
pruning_in_iteration open status: False
ratio of positive domain = 0 / 256 = 0.0
pruning-in-iteration extra time: 0.002167224884033203
torch.Size([256, 1])
Time: prepare 0.0030    bound 0.6612    transfer 0.0065    finalize 0.0637    func 0.7345    
Accumulated time: func 122.9718    prepare 2.3005    bound 109.7837    transfer 0.7202    finalize 11.8568    
max lb tensor(-922.) min lb tensor(-1168.)
Number of Verified Splits: 0 of 256
Current worst splitting domains lb-rhs (depth):
-1168.00000 (77), -1168.00000 (6), -1168.00000 (48), -1168.00000 (126), -1168.00000 (82), -1168.00000 (132), -1168.00000 (83), -1168.00000 (11), -1168.00000 (92), -1168.00000 (80), -1168.00000 (32), -1168.00000 (137), -1168.00000 (153), -1168.00000 (64), -1168.00000 (38), -1168.00000 (28), -1168.00000 (89), -1168.00000 (69), -1168.00000 (119), -1168.00000 (113), 
Length of domains: 21160
Current (lb-rhs): -1168.0
42236 domains visited
Time: pickout 0.0315    decision 0.4809    set_bounds 0.0064    solve 0.7350    add 0.0781    
Accumulated time: pickout 4.1404    decision 42.5762    set_bounds 1.4412    solve 123.0848    add 20.4316    
Cumulative time: 192.14320731163025

BaB round 167
batch: 128
splitting decisions: 
split level 0: [/74, 444] [/74, 468] [/74, 945] [/74, 685] [/74, 53] [/74, 858] [/74, 583] [/74, 117] [/74, 751] [/74, 289] 
best_l after optimization: -268005.34375
beta sum per layer: [0.0, 0.0, 0.0, 2.470705986022949]
alpha/beta optimization time: 0.6555008888244629
pruning_in_iteration open status: False
ratio of positive domain = 0 / 256 = 0.0
pruning-in-iteration extra time: 0.002307415008544922
torch.Size([256, 1])
Time: prepare 0.0031    bound 0.6592    transfer 0.0066    finalize 0.0818    func 0.7507    
Accumulated time: func 123.7225    prepare 2.3266    bound 110.4428    transfer 0.7268    finalize 11.9386    
max lb tensor(-922.) min lb tensor(-1168.)
Number of Verified Splits: 0 of 256
Current worst splitting domains lb-rhs (depth):
-1168.00000 (69), -1168.00000 (75), -1168.00000 (56), -1168.00000 (48), -1168.00000 (25), -1168.00000 (155), -1168.00000 (6), -1168.00000 (163), -1168.00000 (36), -1168.00000 (121), -1168.00000 (81), -1168.00000 (94), -1168.00000 (65), -1168.00000 (136), -1168.00000 (11), -1168.00000 (105), -1168.00000 (26), -1168.00000 (136), -1168.00000 (121), -1168.00000 (95), 
Length of domains: 21288
Current (lb-rhs): -1168.0
42492 domains visited
Time: pickout 0.0436    decision 0.3065    set_bounds 0.0066    solve 0.7512    add 0.0812    
Accumulated time: pickout 4.1840    decision 42.8827    set_bounds 1.4479    solve 123.8360    add 20.5129    
Cumulative time: 193.33443570137024

BaB round 168
batch: 128
splitting decisions: 
split level 0: [/74, 117] [/74, 1012] [/74, 9] [/74, 593] [/74, 772] [/74, 800] [/74, 978] [/74, 206] [/74, 33] [/74, 700] 
best_l after optimization: -268004.34375
beta sum per layer: [0.0, 0.0, 0.0, 2.359109401702881]
alpha/beta optimization time: 0.776585578918457
pruning_in_iteration open status: False
ratio of positive domain = 0 / 256 = 0.0
pruning-in-iteration extra time: 9.036064147949219e-05
torch.Size([256, 1])
Time: prepare 0.0030    bound 0.7780    transfer 0.0042    finalize 0.0660    func 0.8512    
Accumulated time: func 124.5737    prepare 2.3380    bound 111.2208    transfer 0.7309    finalize 12.0045    
max lb tensor(-922.) min lb tensor(-1168.)
Number of Verified Splits: 0 of 256
Current worst splitting domains lb-rhs (depth):
-1168.00000 (75), -1168.00000 (164), -1168.00000 (76), -1168.00000 (116), -1168.00000 (35), -1168.00000 (76), -1168.00000 (75), -1168.00000 (10), -1168.00000 (116), -1168.00000 (145), -1168.00000 (35), -1168.00000 (75), -1168.00000 (117), -1168.00000 (116), -1168.00000 (164), -1168.00000 (117), -1168.00000 (74), -1168.00000 (10), -1168.00000 (36), -1168.00000 (145), 
Length of domains: 21416
Current (lb-rhs): -1168.0
42748 domains visited
Time: pickout 0.0349    decision 0.1535    set_bounds 0.0065    solve 0.8518    add 0.0789    
Accumulated time: pickout 4.2189    decision 43.0361    set_bounds 1.4544    solve 124.6878    add 20.5917    
Cumulative time: 194.46349143981934

BaB round 169
batch: 128
splitting decisions: 
split level 0: [/74, 485] [/74, 700] [/74, 268] [/74, 756] [/74, 991] [/74, 710] [/74, 981] [/74, 327] [/74, 179] [/74, 640] 
best_l after optimization: -268003.84375
beta sum per layer: [0.0, 0.0, 0.0, 2.310032367706299]
alpha/beta optimization time: 0.9255506992340088
pruning_in_iteration open status: False
ratio of positive domain = 0 / 256 = 0.0
pruning-in-iteration extra time: 3.838539123535156e-05
torch.Size([256, 1])
Time: prepare 0.0116    bound 0.9270    transfer 0.0043    finalize 0.0829    func 1.0259    
Accumulated time: func 125.5996    prepare 2.3513    bound 112.1478    transfer 0.7353    finalize 12.0874    
max lb tensor(-922.) min lb tensor(-1168.)
Number of Verified Splits: 0 of 256
Current worst splitting domains lb-rhs (depth):
-1168.00000 (24), -1168.00000 (38), -1168.00000 (140), -1168.00000 (67), -1168.00000 (105), -1168.00000 (120), -1168.00000 (160), -1168.00000 (17), -1168.00000 (80), -1168.00000 (150), -1168.00000 (166), -1168.00000 (49), -1168.00000 (39), -1168.00000 (120), -1168.00000 (141), -1168.00000 (89), -1168.00000 (106), -1168.00000 (67), -1168.00000 (61), -1168.00000 (140), 
Length of domains: 21544
Current (lb-rhs): -1168.0
43004 domains visited
Time: pickout 0.0412    decision 0.2555    set_bounds 0.0094    solve 1.0264    add 0.0794    
Accumulated time: pickout 4.2602    decision 43.2916    set_bounds 1.4638    solve 125.7143    add 20.6711    
Cumulative time: 195.87763118743896

BaB round 170
batch: 128
splitting decisions: 
split level 0: [/74, 206] [/74, 679] [/74, 653] [/74, 373] [/74, 709] [/74, 98] [/74, 46] [/74, 991] [/74, 433] [/74, 268] 
best_l after optimization: -268003.5625
beta sum per layer: [0.0, 0.0, 0.0, 2.272515058517456]
alpha/beta optimization time: 0.8568124771118164
pruning_in_iteration open status: False
ratio of positive domain = 0 / 256 = 0.0
pruning-in-iteration extra time: 4.267692565917969e-05
torch.Size([256, 1])
Time: prepare 0.0117    bound 0.8582    transfer 0.0047    finalize 0.0680    func 0.9426    
Accumulated time: func 126.5422    prepare 2.3650    bound 113.0060    transfer 0.7400    finalize 12.1554    
max lb tensor(-922.) min lb tensor(-1168.)
Number of Verified Splits: 0 of 256
Current worst splitting domains lb-rhs (depth):
-1168.00000 (50), -1168.00000 (30), -1168.00000 (96), -1168.00000 (79), -1168.00000 (162), -1168.00000 (68), -1168.00000 (137), -1168.00000 (50), -1168.00000 (14), -1168.00000 (137), -1168.00000 (123), -1168.00000 (99), -1168.00000 (6), -1168.00000 (50), -1168.00000 (85), -1168.00000 (136), -1168.00000 (68), -1168.00000 (115), -1168.00000 (111), -1168.00000 (24), 
Length of domains: 21672
Current (lb-rhs): -1168.0
43260 domains visited
Time: pickout 0.0282    decision 0.3080    set_bounds 0.0111    solve 0.9432    add 0.0784    
Accumulated time: pickout 4.2883    decision 43.5996    set_bounds 1.4749    solve 126.6574    add 20.7495    
Cumulative time: 197.24990677833557

BaB round 171
batch: 128
splitting decisions: 
split level 0: [/74, 53] [/74, 711] [/74, 188] [/74, 393] [/74, 255] [/74, 535] [/74, 230] [/74, 225] [/74, 1020] [/74, 896] 
best_l after optimization: -268003.1875
beta sum per layer: [0.0, 0.0, 0.0, 2.252513885498047]
alpha/beta optimization time: 0.730088472366333
pruning_in_iteration open status: False
ratio of positive domain = 0 / 256 = 0.0
pruning-in-iteration extra time: 3.790855407714844e-05
torch.Size([256, 1])
Time: prepare 0.0119    bound 0.7315    transfer 0.0041    finalize 0.0831    func 0.8306    
Accumulated time: func 127.3728    prepare 2.3790    bound 113.7375    transfer 0.7441    finalize 12.2385    
max lb tensor(-922.) min lb tensor(-1168.)
Number of Verified Splits: 0 of 256
Current worst splitting domains lb-rhs (depth):
-1168.00000 (84), -1168.00000 (11), -1168.00000 (100), -1168.00000 (55), -1168.00000 (6), -1168.00000 (167), -1168.00000 (31), -1168.00000 (132), -1168.00000 (160), -1168.00000 (66), -1168.00000 (121), -1168.00000 (149), -1168.00000 (99), -1168.00000 (55), -1168.00000 (39), -1168.00000 (19), -1168.00000 (121), -1168.00000 (99), -1168.00000 (84), -1168.00000 (144), 
Length of domains: 21800
Current (lb-rhs): -1168.0
43516 domains visited
Time: pickout 0.0421    decision 0.4179    set_bounds 0.0094    solve 0.8311    add 0.0838    
Accumulated time: pickout 4.3304    decision 44.0175    set_bounds 1.4843    solve 127.4885    add 20.8333    
Cumulative time: 198.6365451812744

BaB round 172
batch: 128
splitting decisions: 
split level 0: [/74, 772] [/74, 825] [/74, 435] [/74, 444] [/74, 583] [/74, 977] [/74, 260] [/74, 255] [/74, 1012] [/74, 940] 
best_l after optimization: -268003.03125
beta sum per layer: [0.0, 0.0, 0.0, 2.2386436462402344]
alpha/beta optimization time: 0.6573910713195801
pruning_in_iteration open status: False
ratio of positive domain = 0 / 256 = 0.0
pruning-in-iteration extra time: 0.002176046371459961
torch.Size([256, 1])
Time: prepare 0.0032    bound 0.6610    transfer 0.0058    finalize 0.0659    func 0.7360    
Accumulated time: func 128.1088    prepare 2.4182    bound 114.3985    transfer 0.7499    finalize 12.3044    
max lb tensor(-922.) min lb tensor(-1168.)
Number of Verified Splits: 0 of 256
Current worst splitting domains lb-rhs (depth):
-1168.00000 (81), -1168.00000 (52), -1168.00000 (81), -1168.00000 (145), -1168.00000 (7), -1168.00000 (18), -1168.00000 (95), -1168.00000 (106), -1168.00000 (162), -1168.00000 (65), -1168.00000 (116), -1168.00000 (31), -1168.00000 (137), -1168.00000 (53), -1168.00000 (128), -1168.00000 (152), -1168.00000 (18), -1168.00000 (41), -1168.00000 (137), -1168.00000 (169), 
Length of domains: 21928
Current (lb-rhs): -1168.0
43772 domains visited
Time: pickout 0.0338    decision 0.4824    set_bounds 0.0066    solve 0.7365    add 0.0785    
Accumulated time: pickout 4.3642    decision 44.4999    set_bounds 1.4910    solve 128.2250    add 20.9119    
Cumulative time: 199.97819185256958

BaB round 173
batch: 128
splitting decisions: 
split level 0: [/74, 225] [/74, 152] [/74, 940] [/74, 117] [/74, 978] [/74, 156] [/74, 907] [/74, 583] [/74, 122] [/74, 961] 
best_l after optimization: -268002.9375
beta sum per layer: [0.0, 0.0, 0.0, 2.808413028717041]
alpha/beta optimization time: 0.683891773223877
pruning_in_iteration open status: False
ratio of positive domain = 0 / 256 = 0.0
pruning-in-iteration extra time: 0.0002434253692626953
torch.Size([256, 1])
Time: prepare 0.0031    bound 0.6855    transfer 0.0038    finalize 0.0805    func 0.7728    
Accumulated time: func 128.8816    prepare 2.4443    bound 115.0839    transfer 0.7537    finalize 12.3849    
max lb tensor(-922.) min lb tensor(-1168.)
Number of Verified Splits: 0 of 256
Current worst splitting domains lb-rhs (depth):
-1168.00000 (12), -1168.00000 (161), -1168.00000 (46), -1168.00000 (114), -1168.00000 (161), -1168.00000 (114), -1168.00000 (12), -1168.00000 (46), -1168.00000 (114), -1168.00000 (72), -1168.00000 (78), -1168.00000 (160), -1168.00000 (45), -1168.00000 (115), -1168.00000 (12), -1168.00000 (88), -1168.00000 (64), -1168.00000 (160), -1168.00000 (45), -1168.00000 (115), 
Length of domains: 22056
Current (lb-rhs): -1168.0
44028 domains visited
Time: pickout 0.0457    decision 0.3019    set_bounds 0.0065    solve 0.7733    add 0.0786    
Accumulated time: pickout 4.4099    decision 44.8019    set_bounds 1.4975    solve 128.9983    add 20.9904    
Cumulative time: 201.18648624420166

BaB round 174
batch: 128
splitting decisions: 
split level 0: [/74, 583] [/74, 640] [/74, 961] [/74, 633] [/74, 981] [/74, 897] [/74, 47] [/74, 343] [/74, 529] [/74, 858] 
best_l after optimization: -268005.78125
beta sum per layer: [0.0, 0.0, 0.0, 2.5314419269561768]
alpha/beta optimization time: 0.48017239570617676
pruning_in_iteration open status: False
ratio of positive domain = 0 / 256 = 0.0
pruning-in-iteration extra time: 3.910064697265625e-05
torch.Size([256, 1])
Time: prepare 0.0081    bound 0.4815    transfer 0.0039    finalize 0.0678    func 0.5613    
Accumulated time: func 129.4430    prepare 2.4547    bound 115.5655    transfer 0.7576    finalize 12.4526    
max lb tensor(-922.) min lb tensor(-1168.)
Number of Verified Splits: 0 of 256
Current worst splitting domains lb-rhs (depth):
-1168.00000 (101), -1168.00000 (90), -1168.00000 (167), -1168.00000 (107), -1168.00000 (21), -1168.00000 (70), -1168.00000 (13), -1168.00000 (139), -1168.00000 (117), -1168.00000 (53), -1168.00000 (161), -1168.00000 (64), -1168.00000 (92), -1168.00000 (6), -1168.00000 (112), -1168.00000 (28), -1168.00000 (147), -1168.00000 (42), -1168.00000 (60), -1168.00000 (36), 
Length of domains: 22184
Current (lb-rhs): -1168.0
44284 domains visited
Time: pickout 0.0317    decision 0.3722    set_bounds 0.0105    solve 0.5618    add 0.0773    
Accumulated time: pickout 4.4416    decision 45.1740    set_bounds 1.5080    solve 129.5601    add 21.0678    
Cumulative time: 202.2440185546875

BaB round 175
batch: 128
splitting decisions: 
split level 0: [/74, 343] [/74, 945] [/74, 858] [/74, 485] [/74, 907] [/74, 685] [/74, 515] [/74, 46] [/74, 289] [/74, 800] 
best_l after optimization: -268004.625
beta sum per layer: [0.0, 0.0, 0.0, 2.432209014892578]
alpha/beta optimization time: 0.3827829360961914
pruning_in_iteration open status: False
ratio of positive domain = 0 / 256 = 0.0
pruning-in-iteration extra time: 4.4345855712890625e-05
torch.Size([256, 1])
Time: prepare 0.0030    bound 0.3842    transfer 0.0040    finalize 0.0809    func 0.4722    
Accumulated time: func 129.9152    prepare 2.4590    bound 115.9497    transfer 0.7616    finalize 12.5335    
max lb tensor(-922.) min lb tensor(-1168.)
Number of Verified Splits: 0 of 256
Current worst splitting domains lb-rhs (depth):
-1168.00000 (137), -1168.00000 (37), -1168.00000 (111), -1168.00000 (163), -1168.00000 (153), -1168.00000 (50), -1168.00000 (59), -1168.00000 (98), -1168.00000 (79), -1168.00000 (68), -1168.00000 (128), -1168.00000 (128), -1168.00000 (110), -1168.00000 (30), -1168.00000 (11), -1168.00000 (86), -1168.00000 (88), -1168.00000 (19), -1168.00000 (171), -1168.00000 (37), 
Length of domains: 22312
Current (lb-rhs): -1168.0
44540 domains visited
Time: pickout 0.0377    decision 0.1317    set_bounds 0.0066    solve 0.4726    add 0.0762    
Accumulated time: pickout 4.4793    decision 45.3057    set_bounds 1.5147    solve 130.0328    add 21.1439    
Cumulative time: 202.97099351882935

BaB round 176
batch: 128
splitting decisions: 
split level 0: [/74, 230] [/74, 9] [/74, 710] [/74, 206] [/74, 334] [/74, 799] [/74, 873] [/74, 907] [/74, 679] [/74, 844] 
best_l after optimization: -268004.3125
beta sum per layer: [0.0, 0.0, 0.0, 2.392944812774658]
alpha/beta optimization time: 0.38008642196655273
pruning_in_iteration open status: False
ratio of positive domain = 0 / 256 = 0.0
pruning-in-iteration extra time: 3.4332275390625e-05
torch.Size([256, 1])
Time: prepare 0.0030    bound 0.3814    transfer 0.0035    finalize 0.0665    func 0.4545    
Accumulated time: func 130.3696    prepare 2.4633    bound 116.3311    transfer 0.7652    finalize 12.6000    
max lb tensor(-922.) min lb tensor(-1168.)
Number of Verified Splits: 0 of 256
Current worst splitting domains lb-rhs (depth):
-1168.00000 (7), -1168.00000 (146), -1168.00000 (131), -1168.00000 (90), -1168.00000 (114), -1168.00000 (46), -1168.00000 (21), -1168.00000 (125), -1168.00000 (146), -1168.00000 (46), -1168.00000 (89), -1168.00000 (67), -1168.00000 (174), -1168.00000 (74), -1168.00000 (14), -1168.00000 (114), -1168.00000 (164), -1168.00000 (145), -1168.00000 (46), -1168.00000 (89), 
Length of domains: 22440
Current (lb-rhs): -1168.0
44796 domains visited
Time: pickout 0.0251    decision 0.1295    set_bounds 0.0064    solve 0.4549    add 0.0783    
Accumulated time: pickout 4.5044    decision 45.4352    set_bounds 1.5210    solve 130.4877    add 21.2222    
Cumulative time: 203.6689703464508

BaB round 177
batch: 128
splitting decisions: 
split level 0: [/74, 334] [/74, 653] [/74, 535] [/74, 492] [/74, 759] [/74, 905] [/74, 108] [/74, 47] [/74, 268] [/74, 98] 
best_l after optimization: -268003.9375
beta sum per layer: [0.0, 0.0, 0.0, 2.7918014526367188]
alpha/beta optimization time: 0.38677358627319336
pruning_in_iteration open status: False
ratio of positive domain = 0 / 256 = 0.0
pruning-in-iteration extra time: 3.647804260253906e-05
torch.Size([256, 1])
Time: prepare 0.0030    bound 0.3881    transfer 0.0035    finalize 0.0803    func 0.4750    
Accumulated time: func 130.8446    prepare 2.4676    bound 116.7192    transfer 0.7687    finalize 12.6803    
max lb tensor(-922.) min lb tensor(-1168.)
Number of Verified Splits: 0 of 256
Current worst splitting domains lb-rhs (depth):
-1168.00000 (135), -1168.00000 (159), -1168.00000 (66), -1168.00000 (115), -1168.00000 (135), -1168.00000 (80), -1168.00000 (123), -1168.00000 (16), -1168.00000 (106), -1168.00000 (159), -1168.00000 (89), -1168.00000 (90), -1168.00000 (173), -1168.00000 (34), -1168.00000 (16), -1168.00000 (54), -1168.00000 (160), -1168.00000 (107), -1168.00000 (67), -1168.00000 (42), 
Length of domains: 22568
Current (lb-rhs): -1168.0
45052 domains visited
Time: pickout 0.0378    decision 0.1309    set_bounds 0.0065    solve 0.4755    add 0.0775    
Accumulated time: pickout 4.5422    decision 45.5661    set_bounds 1.5275    solve 130.9632    add 21.2997    
Cumulative time: 204.39936780929565

BaB round 178
batch: 128
splitting decisions: 
split level 0: [/74, 47] [/74, 617] [/74, 977] [/74, 53] [/74, 515] [/74, 373] [/74, 612] [/74, 759] [/74, 653] [/74, 182] 
best_l after optimization: -268006.28125
beta sum per layer: [0.0, 0.0, 0.0, 2.5739378929138184]
alpha/beta optimization time: 0.38576650619506836
pruning_in_iteration open status: False
ratio of positive domain = 0 / 256 = 0.0
pruning-in-iteration extra time: 3.4332275390625e-05
torch.Size([256, 1])
Time: prepare 0.0031    bound 0.3871    transfer 0.0037    finalize 0.0683    func 0.4623    
Accumulated time: func 131.3070    prepare 2.4720    bound 117.1063    transfer 0.7724    finalize 12.7486    
max lb tensor(-922.) min lb tensor(-1168.)
Number of Verified Splits: 0 of 256
Current worst splitting domains lb-rhs (depth):
-1168.00000 (149), -1168.00000 (81), -1168.00000 (122), -1168.00000 (43), -1168.00000 (150), -1168.00000 (97), -1168.00000 (169), -1168.00000 (16), -1168.00000 (60), -1168.00000 (71), -1168.00000 (43), -1168.00000 (129), -1168.00000 (81), -1168.00000 (176), -1168.00000 (107), -1168.00000 (44), -1168.00000 (16), -1168.00000 (122), -1168.00000 (137), -1168.00000 (6), 
Length of domains: 22696
Current (lb-rhs): -1168.0
45308 domains visited
Time: pickout 0.0273    decision 0.1301    set_bounds 0.0065    solve 0.4628    add 0.0769    
Accumulated time: pickout 4.5696    decision 45.6963    set_bounds 1.5341    solve 131.4260    add 21.3766    
Cumulative time: 205.1067714691162

BaB round 179
batch: 128
splitting decisions: 
split level 0: [/74, 873] [/74, 940] [/74, 799] [/74, 709] [/74, 873] [/74, 1021] [/74, 15] [/74, 515] [/74, 188] [/74, 156] 
best_l after optimization: -268005.375
beta sum per layer: [0.0, 0.0, 0.0, 2.473881244659424]
alpha/beta optimization time: 0.3859090805053711
pruning_in_iteration open status: False
ratio of positive domain = 0 / 256 = 0.0
pruning-in-iteration extra time: 0.00011563301086425781
torch.Size([256, 1])
Time: prepare 0.0031    bound 0.3874    transfer 0.0038    finalize 0.0824    func 0.4767    
Accumulated time: func 131.7837    prepare 2.4764    bound 117.4937    transfer 0.7762    finalize 12.8310    
max lb tensor(-922.) min lb tensor(-1168.)
Number of Verified Splits: 0 of 256
Current worst splitting domains lb-rhs (depth):
-1168.00000 (97), -1168.00000 (133), -1168.00000 (37), -1168.00000 (96), -1168.00000 (171), -1168.00000 (63), -1168.00000 (132), -1168.00000 (96), -1168.00000 (22), -1168.00000 (9), -1168.00000 (63), -1168.00000 (171), -1168.00000 (37), -1168.00000 (96), -1168.00000 (153), -1168.00000 (132), -1168.00000 (97), -1168.00000 (62), -1168.00000 (132), -1168.00000 (37), 
Length of domains: 22824
Current (lb-rhs): -1168.0
45564 domains visited
Time: pickout 0.0373    decision 0.1300    set_bounds 0.0068    solve 0.4773    add 0.0757    
Accumulated time: pickout 4.6068    decision 45.8262    set_bounds 1.5408    solve 131.9033    add 21.4523    
Cumulative time: 205.8360152244568

BaB round 180
batch: 128
splitting decisions: 
split level 0: [/74, 866] [/74, 961] [/74, 905] [/74, 255] [/74, 866] [/74, 444] [/74, 476] [/74, 873] [/74, 896] [/74, 897] 
best_l after optimization: -268004.875
beta sum per layer: [0.0, 0.0, 0.0, 2.425692558288574]
alpha/beta optimization time: 0.3948540687561035
pruning_in_iteration open status: False
ratio of positive domain = 0 / 256 = 0.0
pruning-in-iteration extra time: 5.0067901611328125e-05
torch.Size([256, 1])
Time: prepare 0.0030    bound 0.3962    transfer 0.0041    finalize 0.0658    func 0.4692    
Accumulated time: func 132.2529    prepare 2.4813    bound 117.8899    transfer 0.7803    finalize 12.8968    
max lb tensor(-922.) min lb tensor(-1168.)
Number of Verified Splits: 0 of 256
Current worst splitting domains lb-rhs (depth):
-1168.00000 (179), -1168.00000 (60), -1168.00000 (86), -1168.00000 (52), -1168.00000 (174), -1168.00000 (109), -1168.00000 (18), -1168.00000 (134), -1168.00000 (115), -1168.00000 (102), -1168.00000 (93), -1168.00000 (159), -1168.00000 (170), -1168.00000 (33), -1168.00000 (5), -1168.00000 (121), -1168.00000 (67), -1168.00000 (12), -1168.00000 (86), -1168.00000 (19), 
Length of domains: 22952
Current (lb-rhs): -1168.0
45820 domains visited
Time: pickout 0.0261    decision 0.1343    set_bounds 0.0065    solve 0.4696    add 0.0733    
Accumulated time: pickout 4.6330    decision 45.9606    set_bounds 1.5473    solve 132.3729    add 21.5256    
Cumulative time: 206.54955577850342

BaB round 181
batch: 128
splitting decisions: 
split level 0: [/74, 108] [/74, 858] [/74, 444] [/74, 583] [/74, 432] [/74, 117] [/74, 767] [/74, 612] [/74, 617] [/74, 799] 
best_l after optimization: -268004.4375
beta sum per layer: [0.0, 0.0, 0.0, 2.3840742111206055]
alpha/beta optimization time: 0.3839914798736572
pruning_in_iteration open status: False
ratio of positive domain = 0 / 256 = 0.0
pruning-in-iteration extra time: 3.743171691894531e-05
torch.Size([256, 1])
Time: prepare 0.0031    bound 0.3853    transfer 0.0037    finalize 0.0803    func 0.4725    
Accumulated time: func 132.7253    prepare 2.4856    bound 118.2753    transfer 0.7840    finalize 12.9771    
max lb tensor(-922.) min lb tensor(-1168.)
Number of Verified Splits: 0 of 256
Current worst splitting domains lb-rhs (depth):
-1168.00000 (161), -1168.00000 (114), -1168.00000 (99), -1168.00000 (32), -1168.00000 (24), -1168.00000 (6), -1168.00000 (177), -1168.00000 (70), -1168.00000 (88), -1168.00000 (13), -1168.00000 (141), -1168.00000 (122), -1168.00000 (63), -1168.00000 (152), -1168.00000 (155), -1168.00000 (140), -1168.00000 (109), -1168.00000 (19), -1168.00000 (88), -1168.00000 (46), 
Length of domains: 23080
Current (lb-rhs): -1168.0
46076 domains visited
Time: pickout 0.0368    decision 0.1303    set_bounds 0.0064    solve 0.4730    add 0.0778    
Accumulated time: pickout 4.6697    decision 46.0908    set_bounds 1.5538    solve 132.8459    add 21.6035    
Cumulative time: 207.27587366104126

BaB round 182
batch: 128
splitting decisions: 
split level 0: [/74, 612] [/74, 649] [/74, 117] [/74, 343] [/74, 571] [/74, 485] [/74, 853] [/74, 432] [/74, 858] [/74, 1021] 
best_l after optimization: -268004.125
beta sum per layer: [0.0, 0.0, 0.0, 2.3621835708618164]
alpha/beta optimization time: 0.3862578868865967
pruning_in_iteration open status: False
ratio of positive domain = 0 / 256 = 0.0
pruning-in-iteration extra time: 3.910064697265625e-05
torch.Size([256, 1])
Time: prepare 0.0031    bound 0.3877    transfer 0.0044    finalize 0.0731    func 0.4683    
Accumulated time: func 133.1937    prepare 2.4900    bound 118.6629    transfer 0.7884    finalize 13.0502    
max lb tensor(-922.) min lb tensor(-1168.)
Number of Verified Splits: 0 of 256
Current worst splitting domains lb-rhs (depth):
-1168.00000 (156), -1168.00000 (126), -1168.00000 (81), -1168.00000 (63), -1168.00000 (67), -1168.00000 (96), -1168.00000 (72), -1168.00000 (102), -1168.00000 (163), -1168.00000 (30), -1168.00000 (7), -1168.00000 (133), -1168.00000 (174), -1168.00000 (21), -1168.00000 (53), -1168.00000 (40), -1168.00000 (82), -1168.00000 (14), -1168.00000 (126), -1168.00000 (29), 
Length of domains: 23208
Current (lb-rhs): -1168.0
46332 domains visited
Time: pickout 0.0270    decision 0.1314    set_bounds 0.0067    solve 0.4688    add 0.0678    
Accumulated time: pickout 4.6968    decision 46.2222    set_bounds 1.5605    solve 133.3147    add 21.6712    
Cumulative time: 207.98065280914307

BaB round 183
batch: 128
splitting decisions: 
split level 0: [/74, 15] [/74, 800] [/74, 633] [/74, 46] [/74, 651] [/74, 327] [/74, 176] [/74, 235] [/74, 800] [/74, 393] 
best_l after optimization: -268003.8125
beta sum per layer: [0.0, 0.0, 0.0, 2.3604846000671387]
alpha/beta optimization time: 0.3826158046722412
pruning_in_iteration open status: False
ratio of positive domain = 0 / 256 = 0.0
pruning-in-iteration extra time: 3.647804260253906e-05
torch.Size([256, 1])
Time: prepare 0.0031    bound 0.3840    transfer 0.0120    finalize 0.0737    func 0.4729    
Accumulated time: func 133.6665    prepare 2.4944    bound 119.0469    transfer 0.8004    finalize 13.1240    
max lb tensor(-922.) min lb tensor(-1168.)
Number of Verified Splits: 0 of 256
Current worst splitting domains lb-rhs (depth):
-1168.00000 (71), -1168.00000 (110), -1168.00000 (40), -1168.00000 (47), -1168.00000 (163), -1168.00000 (129), -1168.00000 (119), -1168.00000 (151), -1168.00000 (142), -1168.00000 (9), -1168.00000 (137), -1168.00000 (36), -1168.00000 (144), -1168.00000 (31), -1168.00000 (24), -1168.00000 (30), -1168.00000 (6), -1168.00000 (179), -1168.00000 (103), -1168.00000 (84), 
Length of domains: 23336
Current (lb-rhs): -1168.0
46588 domains visited
Time: pickout 0.0364    decision 0.1300    set_bounds 0.0068    solve 0.4734    add 0.0756    
Accumulated time: pickout 4.7332    decision 46.3523    set_bounds 1.5673    solve 133.7880    add 21.7468    
Cumulative time: 208.70592427253723

BaB round 184
batch: 128
splitting decisions: 
split level 0: [/74, 235] [/74, 710] [/74, 485] [/74, 907] [/74, 1017] [/74, 492] [/74, 1017] [/74, 476] [/74, 844] [/74, 633] 
best_l after optimization: -268003.65625
beta sum per layer: [0.0, 0.0, 0.0, 2.3312888145446777]
alpha/beta optimization time: 0.3880774974822998
pruning_in_iteration open status: False
ratio of positive domain = 0 / 256 = 0.0
pruning-in-iteration extra time: 8.845329284667969e-05
torch.Size([256, 1])
Time: prepare 0.0031    bound 0.3895    transfer 0.0123    finalize 0.0745    func 0.4794    
Accumulated time: func 134.1459    prepare 2.4988    bound 119.4364    transfer 0.8127    finalize 13.1984    
max lb tensor(-922.) min lb tensor(-1168.)
Number of Verified Splits: 0 of 256
Current worst splitting domains lb-rhs (depth):
-1168.00000 (156), -1168.00000 (22), -1168.00000 (43), -1168.00000 (175), -1168.00000 (144), -1168.00000 (162), -1168.00000 (53), -1168.00000 (34), -1168.00000 (118), -1168.00000 (116), -1168.00000 (137), -1168.00000 (60), -1168.00000 (95), -1168.00000 (124), -1168.00000 (69), -1168.00000 (98), -1168.00000 (128), -1168.00000 (86), -1168.00000 (74), -1168.00000 (10), 
Length of domains: 23464
Current (lb-rhs): -1168.0
46844 domains visited
Time: pickout 0.0377    decision 0.1308    set_bounds 0.0067    solve 0.4798    add 0.0763    
Accumulated time: pickout 4.7709    decision 46.4830    set_bounds 1.5740    solve 134.2679    add 21.8231    
Cumulative time: 209.44072675704956

BaB round 185
batch: 128
splitting decisions: 
split level 0: [/74, 767] [/74, 98] [/74, 327] [/74, 334] [/74, 614] [/74, 343] [/74, 637] [/74, 853] [/74, 98] [/74, 492] 
best_l after optimization: -268003.5625
beta sum per layer: [0.0, 0.0, 0.0, 2.331338882446289]
alpha/beta optimization time: 0.39708638191223145
pruning_in_iteration open status: False
ratio of positive domain = 0 / 256 = 0.0
pruning-in-iteration extra time: 3.790855407714844e-05
torch.Size([256, 1])
Time: prepare 0.0030    bound 0.3984    transfer 0.0131    finalize 0.0753    func 0.4899    
Accumulated time: func 134.6359    prepare 2.5032    bound 119.8348    transfer 0.8258    finalize 13.2738    
max lb tensor(-922.) min lb tensor(-1168.)
Number of Verified Splits: 0 of 256
Current worst splitting domains lb-rhs (depth):
-1168.00000 (153), -1168.00000 (177), -1168.00000 (86), -1168.00000 (98), -1168.00000 (44), -1168.00000 (160), -1168.00000 (9), -1168.00000 (108), -1168.00000 (177), -1168.00000 (129), -1168.00000 (66), -1168.00000 (138), -1168.00000 (149), -1168.00000 (86), -1168.00000 (75), -1168.00000 (176), -1168.00000 (9), -1168.00000 (29), -1168.00000 (74), -1168.00000 (21), 
Length of domains: 23592
Current (lb-rhs): -1168.0
47100 domains visited
Time: pickout 0.0399    decision 0.1310    set_bounds 0.0065    solve 0.4904    add 0.0765    
Accumulated time: pickout 4.8108    decision 46.6141    set_bounds 1.5805    solve 134.7583    add 21.8997    
Cumulative time: 210.18876576423645

BaB round 186
batch: 128
splitting decisions: 
split level 0: [/74, 853] [/74, 535] [/74, 492] [/74, 759] [/74, 836] [/74, 978] [/74, 614] [/74, 571] [/74, 535] [/74, 772] 
best_l after optimization: -268003.3125
beta sum per layer: [0.0, 0.0, 0.0, 2.320211887359619]
alpha/beta optimization time: 0.41924500465393066
pruning_in_iteration open status: False
ratio of positive domain = 0 / 256 = 0.0
pruning-in-iteration extra time: 3.814697265625e-05
torch.Size([256, 1])
Time: prepare 0.0031    bound 0.4207    transfer 0.0131    finalize 0.0770    func 0.5139    
Accumulated time: func 135.1497    prepare 2.5133    bound 120.2555    transfer 0.8388    finalize 13.3507    
max lb tensor(-922.) min lb tensor(-1168.)
Number of Verified Splits: 0 of 256
Current worst splitting domains lb-rhs (depth):
-1168.00000 (41), -1168.00000 (65), -1168.00000 (41), -1168.00000 (100), -1168.00000 (129), -1168.00000 (24), -1168.00000 (82), -1168.00000 (125), -1168.00000 (57), -1168.00000 (159), -1168.00000 (181), -1168.00000 (117), -1168.00000 (7), -1168.00000 (147), -1168.00000 (88), -1168.00000 (64), -1168.00000 (100), -1168.00000 (142), -1168.00000 (11), -1168.00000 (171), 
Length of domains: 23720
Current (lb-rhs): -1168.0
47356 domains visited
Time: pickout 0.0390    decision 0.1657    set_bounds 0.0066    solve 0.5143    add 0.0780    
Accumulated time: pickout 4.8498    decision 46.7797    set_bounds 1.5871    solve 135.2726    add 21.9777    
Cumulative time: 210.9965045452118

BaB round 187
batch: 128
splitting decisions: 
split level 0: [/74, 622] [/74, 977] [/74, 772] [/74, 515] [/74, 119] [/74, 981] [/74, 836] [/74, 1017] [/74, 977] [/74, 978] 
best_l after optimization: -268003.125
beta sum per layer: [0.0, 0.0, 0.0, 2.783327579498291]
alpha/beta optimization time: 0.8411412239074707
pruning_in_iteration open status: False
ratio of positive domain = 0 / 256 = 0.0
pruning-in-iteration extra time: 0.0001494884490966797
torch.Size([256, 1])
Time: prepare 0.0059    bound 0.8426    transfer 0.0155    finalize 0.0841    func 0.9481    
Accumulated time: func 136.0979    prepare 2.5283    bound 121.0981    transfer 0.8543    finalize 13.4348    
max lb tensor(-922.) min lb tensor(-1168.)
Number of Verified Splits: 0 of 256
Current worst splitting domains lb-rhs (depth):
-1168.00000 (108), -1168.00000 (135), -1168.00000 (57), -1168.00000 (72), -1168.00000 (104), -1168.00000 (184), -1168.00000 (178), -1168.00000 (112), -1168.00000 (97), -1168.00000 (150), -1168.00000 (5), -1168.00000 (29), -1168.00000 (88), -1168.00000 (125), -1168.00000 (35), -1168.00000 (63), -1168.00000 (85), -1168.00000 (92), -1168.00000 (35), -1168.00000 (8), 
Length of domains: 23848
Current (lb-rhs): -1168.0
47612 domains visited
Time: pickout 0.0399    decision 0.2879    set_bounds 0.0052    solve 0.9486    add 0.0802    
Accumulated time: pickout 4.8897    decision 47.0676    set_bounds 1.5923    solve 136.2212    add 22.0579    
Cumulative time: 212.36259174346924

BaB round 188
batch: 128
splitting decisions: 
split level 0: [/74, 176] [/74, 156] [/74, 225] [/74, 873] [/74, 412] [/74, 46] [/74, 412] [/74, 637] [/74, 156] [/74, 230] 
best_l after optimization: -268006.3125
beta sum per layer: [0.0, 0.0, 0.0, 2.6050195693969727]
alpha/beta optimization time: 0.8493130207061768
pruning_in_iteration open status: False
ratio of positive domain = 0 / 256 = 0.0
pruning-in-iteration extra time: 0.00011658668518066406
torch.Size([256, 1])
Time: prepare 0.0043    bound 0.8509    transfer 0.0140    finalize 0.0820    func 0.9513    
Accumulated time: func 137.0491    prepare 2.5485    bound 121.9490    transfer 0.8683    finalize 13.5168    
max lb tensor(-922.) min lb tensor(-1168.)
Number of Verified Splits: 0 of 256
Current worst splitting domains lb-rhs (depth):
-1168.00000 (119), -1168.00000 (8), -1168.00000 (86), -1168.00000 (177), -1168.00000 (139), -1168.00000 (157), -1168.00000 (80), -1168.00000 (19), -1168.00000 (133), -1168.00000 (147), -1168.00000 (47), -1168.00000 (60), -1168.00000 (71), -1168.00000 (60), -1168.00000 (99), -1168.00000 (107), -1168.00000 (8), -1168.00000 (114), -1168.00000 (125), -1168.00000 (185), 
Length of domains: 23976
Current (lb-rhs): -1168.0
47868 domains visited
Time: pickout 0.0474    decision 0.2530    set_bounds 0.0047    solve 0.9517    add 0.0788    
Accumulated time: pickout 4.9371    decision 47.3207    set_bounds 1.5970    solve 137.1730    add 22.1367    
Cumulative time: 213.70249938964844

BaB round 189
batch: 128
splitting decisions: 
split level 0: [/74, 651] [/74, 897] [/74, 981] [/74, 866] [/74, 472] [/74, 759] [/74, 472] [/74, 836] [/74, 897] [/74, 47] 
best_l after optimization: -268005.4375
beta sum per layer: [0.0, 0.0, 0.0, 2.5026817321777344]
alpha/beta optimization time: 0.4003608226776123
pruning_in_iteration open status: False
ratio of positive domain = 0 / 256 = 0.0
pruning-in-iteration extra time: 3.6716461181640625e-05
torch.Size([256, 1])
Time: prepare 0.0030    bound 0.4017    transfer 0.0134    finalize 0.0817    func 0.4998    
Accumulated time: func 137.5490    prepare 2.5528    bound 122.3506    transfer 0.8817    finalize 13.5985    
max lb tensor(-922.) min lb tensor(-1168.)
Number of Verified Splits: 0 of 256
Current worst splitting domains lb-rhs (depth):
-1168.00000 (61), -1168.00000 (6), -1168.00000 (61), -1168.00000 (42), -1168.00000 (73), -1168.00000 (92), -1168.00000 (131), -1168.00000 (24), -1168.00000 (36), -1168.00000 (109), -1168.00000 (144), -1168.00000 (109), -1168.00000 (49), -1168.00000 (93), -1168.00000 (177), -1168.00000 (185), -1168.00000 (150), -1168.00000 (73), -1168.00000 (108), -1168.00000 (45), 
Length of domains: 24104
Current (lb-rhs): -1168.0
48124 domains visited
Time: pickout 0.0407    decision 0.1366    set_bounds 0.0044    solve 0.5003    add 0.0831    
Accumulated time: pickout 4.9778    decision 47.4573    set_bounds 1.6014    solve 137.6733    add 22.2198    
Cumulative time: 214.4719614982605

BaB round 190
batch: 128
splitting decisions: 
split level 0: [/74, 39] [/74, 685] [/74, 47] [/74, 612] [/74, 416] [/74, 515] [/74, 94] [/74, 349] [/74, 113] [/74, 515] 
best_l after optimization: -268004.875
beta sum per layer: [0.0, 0.0, 0.0, 2.4492859840393066]
alpha/beta optimization time: 0.425048828125
pruning_in_iteration open status: False
ratio of positive domain = 0 / 256 = 0.0
pruning-in-iteration extra time: 0.00013780593872070312
torch.Size([256, 1])
Time: prepare 0.0030    bound 0.4265    transfer 0.0141    finalize 0.0808    func 0.5244    
Accumulated time: func 138.0734    prepare 2.5570    bound 122.7771    transfer 0.8958    finalize 13.6794    
max lb tensor(-922.) min lb tensor(-1168.)
Number of Verified Splits: 0 of 256
Current worst splitting domains lb-rhs (depth):
-1168.00000 (187), -1168.00000 (95), -1168.00000 (76), -1168.00000 (121), -1168.00000 (59), -1168.00000 (44), -1168.00000 (129), -1168.00000 (89), -1168.00000 (105), -1168.00000 (155), -1168.00000 (138), -1168.00000 (8), -1168.00000 (52), -1168.00000 (20), -1168.00000 (68), -1168.00000 (161), -1168.00000 (33), -1168.00000 (150), -1168.00000 (20), -1168.00000 (169), 
Length of domains: 24232
Current (lb-rhs): -1168.0
48380 domains visited
Time: pickout 0.0416    decision 0.1313    set_bounds 0.0044    solve 0.5249    add 0.0781    
Accumulated time: pickout 5.0195    decision 47.5886    set_bounds 1.6058    solve 138.1982    add 22.2979    
Cumulative time: 215.25675559043884

BaB round 191
batch: 128
splitting decisions: 
split level 0: [/74, 682] [/74, 593] [/74, 515] [/74, 476] [/74, 25] [/74, 866] [/74, 493] [/74, 472] [/74, 799] [/74, 432] 
best_l after optimization: -268004.5625
beta sum per layer: [0.0, 0.0, 0.0, 2.4282643795013428]
alpha/beta optimization time: 0.38619136810302734
pruning_in_iteration open status: False
ratio of positive domain = 0 / 256 = 0.0
pruning-in-iteration extra time: 4.5299530029296875e-05
torch.Size([256, 1])
Time: prepare 0.0033    bound 0.3876    transfer 0.0136    finalize 0.0815    func 0.4860    
Accumulated time: func 138.5594    prepare 2.5617    bound 123.1647    transfer 0.9094    finalize 13.7608    
max lb tensor(-922.) min lb tensor(-1168.)
Number of Verified Splits: 0 of 256
Current worst splitting domains lb-rhs (depth):
-1168.00000 (44), -1168.00000 (113), -1168.00000 (135), -1168.00000 (36), -1168.00000 (22), -1168.00000 (93), -1168.00000 (146), -1168.00000 (182), -1168.00000 (59), -1168.00000 (74), -1168.00000 (9), -1168.00000 (124), -1168.00000 (165), -1168.00000 (155), -1168.00000 (165), -1168.00000 (94), -1168.00000 (113), -1168.00000 (134), -1168.00000 (73), -1168.00000 (10), 
Length of domains: 24360
Current (lb-rhs): -1168.0
48636 domains visited
Time: pickout 0.0398    decision 0.1345    set_bounds 0.0048    solve 0.4865    add 0.0814    
Accumulated time: pickout 5.0593    decision 47.7231    set_bounds 1.6106    solve 138.6847    add 22.3793    
Cumulative time: 216.00800323486328

BaB round 192
batch: 128
splitting decisions: 
split level 0: [/74, 490] [/74, 905] [/74, 873] [/74, 853] [/74, 915] [/74, 491] [/74, 278] [/74, 416] [/74, 756] [/74, 235] 
best_l after optimization: -268004.1875
beta sum per layer: [0.0, 0.0, 0.0, 2.4064807891845703]
alpha/beta optimization time: 0.3851034641265869
pruning_in_iteration open status: False
ratio of positive domain = 0 / 256 = 0.0
pruning-in-iteration extra time: 4.076957702636719e-05
torch.Size([256, 1])
Time: prepare 0.0031    bound 0.3865    transfer 0.0135    finalize 0.0804    func 0.4836    
Accumulated time: func 139.0430    prepare 2.5662    bound 123.5512    transfer 0.9229    finalize 13.8413    
max lb tensor(-922.) min lb tensor(-1168.)
Number of Verified Splits: 0 of 256
Current worst splitting domains lb-rhs (depth):
-1168.00000 (152), -1168.00000 (172), -1168.00000 (41), -1168.00000 (17), -1168.00000 (142), -1168.00000 (127), -1168.00000 (107), -1168.00000 (110), -1168.00000 (115), -1168.00000 (6), -1168.00000 (84), -1168.00000 (93), -1168.00000 (51), -1168.00000 (45), -1168.00000 (187), -1168.00000 (90), -1168.00000 (179), -1168.00000 (134), -1168.00000 (22), -1168.00000 (150), 
Length of domains: 24488
Current (lb-rhs): -1168.0
48892 domains visited
Time: pickout 0.0400    decision 0.1324    set_bounds 0.0068    solve 0.4841    add 0.0816    
Accumulated time: pickout 5.0993    decision 47.8555    set_bounds 1.6174    solve 139.1688    add 22.4608    
Cumulative time: 216.75700974464417

BaB round 193
batch: 128
splitting decisions: 
split level 0: [/74, 920] [/74, 373] [/74, 866] [/74, 622] [/74, 664] [/74, 432] [/74, 418] [/74, 265] [/74, 905] [/74, 853] 
best_l after optimization: -268004.0625
beta sum per layer: [0.0, 0.0, 0.0, 2.3822438716888428]
alpha/beta optimization time: 0.38436222076416016
pruning_in_iteration open status: False
ratio of positive domain = 0 / 256 = 0.0
pruning-in-iteration extra time: 4.00543212890625e-05
torch.Size([256, 1])
Time: prepare 0.0032    bound 0.3857    transfer 0.0133    finalize 0.0788    func 0.4810    
Accumulated time: func 139.5240    prepare 2.5706    bound 123.9369    transfer 0.9362    finalize 13.9201    
max lb tensor(-922.) min lb tensor(-1168.)
Number of Verified Splits: 0 of 256
Current worst splitting domains lb-rhs (depth):
-1168.00000 (14), -1168.00000 (13), -1168.00000 (114), -1168.00000 (60), -1168.00000 (114), -1168.00000 (179), -1168.00000 (60), -1168.00000 (114), -1168.00000 (13), -1168.00000 (115), -1168.00000 (179), -1168.00000 (60), -1168.00000 (115), -1168.00000 (59), -1168.00000 (115), -1168.00000 (178), -1168.00000 (179), -1168.00000 (59), -1168.00000 (116), -1168.00000 (116), 
Length of domains: 24616
Current (lb-rhs): -1168.0
49148 domains visited
Time: pickout 0.0393    decision 0.1310    set_bounds 0.2894    solve 0.4816    add 0.0794    
Accumulated time: pickout 5.1386    decision 47.9864    set_bounds 1.9068    solve 139.6504    add 22.5402    
Cumulative time: 217.78184270858765

BaB round 194
batch: 128
splitting decisions: 
split level 0: [/74, 303] [/74, 1021] [/74, 491] [/74, 176] [/74, 901] [/74, 476] [/74, 748] [/74, 387] [/74, 373] [/74, 571] 
best_l after optimization: -268003.78125
beta sum per layer: [0.0, 0.0, 0.0, 2.369932174682617]
alpha/beta optimization time: 0.3999598026275635
pruning_in_iteration open status: False
ratio of positive domain = 0 / 256 = 0.0
pruning-in-iteration extra time: 4.1961669921875e-05
torch.Size([256, 1])
Time: prepare 0.0031    bound 0.4013    transfer 0.0136    finalize 0.0768    func 0.4948    
Accumulated time: func 140.0188    prepare 2.5750    bound 124.3382    transfer 0.9498    finalize 13.9968    
max lb tensor(-922.) min lb tensor(-1168.)
Number of Verified Splits: 0 of 256
Current worst splitting domains lb-rhs (depth):
-1168.00000 (91), -1168.00000 (60), -1168.00000 (187), -1168.00000 (60), -1168.00000 (154), -1168.00000 (110), -1168.00000 (131), -1168.00000 (13), -1168.00000 (59), -1168.00000 (91), -1168.00000 (154), -1168.00000 (59), -1168.00000 (187), -1168.00000 (154), -1168.00000 (14), -1168.00000 (59), -1168.00000 (13), -1168.00000 (58), -1168.00000 (131), -1168.00000 (155), 
Length of domains: 24744
Current (lb-rhs): -1168.0
49404 domains visited
Time: pickout 0.0402    decision 0.1308    set_bounds 0.0068    solve 0.4953    add 0.0780    
Accumulated time: pickout 5.1788    decision 48.1172    set_bounds 1.9136    solve 140.1457    add 22.6182    
Cumulative time: 218.53722858428955

BaB round 195
batch: 128
splitting decisions: 
split level 0: [/74, 25] [/74, 393] [/74, 612] [/74, 651] [/74, 430] [/74, 853] [/74, 636] [/74, 490] [/74, 393] [/74, 176] 
best_l after optimization: -268003.6875
beta sum per layer: [0.0, 0.0, 0.0, 2.3512015342712402]
alpha/beta optimization time: 0.3977823257446289
pruning_in_iteration open status: False
ratio of positive domain = 0 / 256 = 0.0
pruning-in-iteration extra time: 9.894371032714844e-05
torch.Size([256, 1])
Time: prepare 0.0031    bound 0.3992    transfer 0.0132    finalize 0.0774    func 0.4929    
Accumulated time: func 140.5117    prepare 2.5798    bound 124.7374    transfer 0.9630    finalize 14.0742    
max lb tensor(-922.) min lb tensor(-1168.)
Number of Verified Splits: 0 of 256
Current worst splitting domains lb-rhs (depth):
-1168.00000 (23), -1168.00000 (9), -1168.00000 (144), -1168.00000 (69), -1168.00000 (104), -1168.00000 (167), -1168.00000 (105), -1168.00000 (144), -1168.00000 (68), -1168.00000 (186), -1168.00000 (40), -1168.00000 (105), -1168.00000 (144), -1168.00000 (10), -1168.00000 (68), -1168.00000 (40), -1168.00000 (105), -1168.00000 (40), -1168.00000 (167), -1168.00000 (186), 
Length of domains: 24872
Current (lb-rhs): -1168.0
49660 domains visited
Time: pickout 0.0405    decision 0.1339    set_bounds 0.0068    solve 0.4934    add 0.0796    
Accumulated time: pickout 5.2193    decision 48.2512    set_bounds 1.9205    solve 140.6391    add 22.6978    
Cumulative time: 219.29547023773193

BaB round 196
batch: 128
splitting decisions: 
split level 0: [/74, 278] [/74, 444] [/74, 432] [/74, 1017] [/74, 636] [/74, 176] [/74, 253] [/74, 493] [/74, 444] [/74, 1017] 
best_l after optimization: -268003.53125
beta sum per layer: [0.0, 0.0, 0.0, 2.81642484664917]
alpha/beta optimization time: 0.3905019760131836
pruning_in_iteration open status: False
ratio of positive domain = 0 / 256 = 0.0
pruning-in-iteration extra time: 3.933906555175781e-05
torch.Size([256, 1])
Time: prepare 0.0031    bound 0.3919    transfer 0.0141    finalize 0.0764    func 0.4855    
Accumulated time: func 140.9972    prepare 2.5842    bound 125.1292    transfer 0.9771    finalize 14.1506    
max lb tensor(-922.) min lb tensor(-1168.)
Number of Verified Splits: 0 of 256
Current worst splitting domains lb-rhs (depth):
-1168.00000 (147), -1168.00000 (148), -1168.00000 (70), -1168.00000 (125), -1168.00000 (71), -1168.00000 (172), -1168.00000 (148), -1168.00000 (187), -1168.00000 (16), -1168.00000 (71), -1168.00000 (101), -1168.00000 (37), -1168.00000 (102), -1168.00000 (71), -1168.00000 (147), -1168.00000 (72), -1168.00000 (126), -1168.00000 (32), -1168.00000 (101), -1168.00000 (7), 
Length of domains: 25000
Current (lb-rhs): -1168.0
49916 domains visited
Time: pickout 0.0432    decision 0.1320    set_bounds 0.0073    solve 0.4860    add 0.0776    
Accumulated time: pickout 5.2624    decision 48.3832    set_bounds 1.9278    solve 141.1251    add 22.7754    
Cumulative time: 220.0459268093109

BaB round 197
batch: 128
splitting decisions: 
split level 0: [/74, 664] [/74, 633] [/74, 476] [/74, 939] [/74, 558] [/74, 651] [/74, 762] [/74, 278] [/74, 117] [/74, 939] 
best_l after optimization: -268006.6875
beta sum per layer: [0.0, 0.0, 0.0, 2.621798038482666]
alpha/beta optimization time: 0.38196372985839844
pruning_in_iteration open status: False
ratio of positive domain = 0 / 256 = 0.0
pruning-in-iteration extra time: 4.2438507080078125e-05
torch.Size([256, 1])
Time: prepare 0.0031    bound 0.3834    transfer 0.0130    finalize 0.0760    func 0.4755    
Accumulated time: func 141.4727    prepare 2.5886    bound 125.5126    transfer 0.9901    finalize 14.2265    
max lb tensor(-922.) min lb tensor(-1168.)
Number of Verified Splits: 0 of 256
Current worst splitting domains lb-rhs (depth):
-1168.00000 (129), -1168.00000 (176), -1168.00000 (130), -1168.00000 (75), -1168.00000 (52), -1168.00000 (130), -1168.00000 (18), -1168.00000 (176), -1168.00000 (129), -1168.00000 (97), -1168.00000 (52), -1168.00000 (192), -1168.00000 (97), -1168.00000 (7), -1168.00000 (52), -1168.00000 (75), -1168.00000 (177), -1168.00000 (129), -1168.00000 (98), -1168.00000 (18), 
Length of domains: 25128
Current (lb-rhs): -1168.0
50172 domains visited
Time: pickout 0.0409    decision 0.1308    set_bounds 0.0067    solve 0.4760    add 0.0787    
Accumulated time: pickout 5.3034    decision 48.5140    set_bounds 1.9345    solve 141.6011    add 22.8541    
Cumulative time: 220.78332710266113

BaB round 198
batch: 128
splitting decisions: 
split level 0: [/74, 748] [/74, 327] [/74, 853] [/74, 637] [/74, 762] [/74, 1017] [/74, 944] [/74, 748] [/74, 633] [/74, 637] 
best_l after optimization: -268005.8125
beta sum per layer: [0.0, 0.0, 0.0, 2.541883707046509]
alpha/beta optimization time: 0.3940250873565674
pruning_in_iteration open status: False
ratio of positive domain = 0 / 256 = 0.0
pruning-in-iteration extra time: 3.814697265625e-05
torch.Size([256, 1])
Time: prepare 0.0031    bound 0.3954    transfer 0.0153    finalize 0.0814    func 0.4952    
Accumulated time: func 141.9679    prepare 2.5930    bound 125.9080    transfer 1.0054    finalize 14.3079    
max lb tensor(-922.) min lb tensor(-1168.)
Number of Verified Splits: 0 of 256
Current worst splitting domains lb-rhs (depth):
-1168.00000 (121), -1168.00000 (129), -1168.00000 (161), -1168.00000 (147), -1168.00000 (99), -1168.00000 (74), -1168.00000 (55), -1168.00000 (36), -1168.00000 (10), -1168.00000 (175), -1168.00000 (89), -1168.00000 (161), -1168.00000 (110), -1168.00000 (55), -1168.00000 (74), -1168.00000 (194), -1168.00000 (23), -1168.00000 (147), -1168.00000 (194), -1168.00000 (36), 
Length of domains: 25256
Current (lb-rhs): -1168.0
50428 domains visited
Time: pickout 0.0434    decision 0.1318    set_bounds 0.0070    solve 0.4956    add 0.0791    
Accumulated time: pickout 5.3468    decision 48.6458    set_bounds 1.9415    solve 142.0967    add 22.9332    
Cumulative time: 221.5444462299347

BaB round 199
batch: 128
splitting decisions: 
split level 0: [/74, 339] [/74, 53] [/74, 622] [/74, 836] [/74, 859] [/74, 939] [/74, 644] [/74, 339] [/74, 485] [/74, 119] 
best_l after optimization: -268005.28125
beta sum per layer: [0.0, 0.0, 0.0, 2.497704029083252]
alpha/beta optimization time: 0.3807692527770996
pruning_in_iteration open status: False
ratio of positive domain = 0 / 256 = 0.0
pruning-in-iteration extra time: 3.743171691894531e-05
torch.Size([256, 1])
Time: prepare 0.0030    bound 0.3821    transfer 0.0125    finalize 0.0773    func 0.4749    
Accumulated time: func 142.4428    prepare 2.5974    bound 126.2901    transfer 1.0179    finalize 14.3852    
max lb tensor(-922.) min lb tensor(-1168.)
Number of Verified Splits: 0 of 256
Current worst splitting domains lb-rhs (depth):
-1168.00000 (25), -1168.00000 (190), -1168.00000 (50), -1168.00000 (180), -1168.00000 (103), -1168.00000 (121), -1168.00000 (195), -1168.00000 (60), -1168.00000 (158), -1168.00000 (33), -1168.00000 (133), -1168.00000 (169), -1168.00000 (6), -1168.00000 (51), -1168.00000 (169), -1168.00000 (111), -1168.00000 (97), -1168.00000 (17), -1168.00000 (133), -1168.00000 (158), 
Length of domains: 25384
Current (lb-rhs): -1168.0
50684 domains visited
Time: pickout 0.0409    decision 0.1313    set_bounds 0.0066    solve 0.4754    add 0.0776    
Accumulated time: pickout 5.3877    decision 48.7771    set_bounds 1.9481    solve 142.5722    add 23.0108    
Cumulative time: 222.2801480293274

BaB round 200
batch: 128
splitting decisions: 
split level 0: [/74, 455] [/74, 991] [/74, 176] [/74, 472] [/74, 912] [/74, 836] [/74, 967] [/74, 449] [/74, 327] [/74, 412] 
best_l after optimization: -268005.0
beta sum per layer: [0.0, 0.0, 0.0, 2.4675111770629883]
alpha/beta optimization time: 0.40854954719543457
pruning_in_iteration open status: False
ratio of positive domain = 0 / 256 = 0.0
pruning-in-iteration extra time: 3.4809112548828125e-05
torch.Size([256, 1])
Time: prepare 0.0030    bound 0.4098    transfer 0.0125    finalize 0.0781    func 0.5035    
Accumulated time: func 142.9462    prepare 2.6016    bound 126.6999    transfer 1.0304    finalize 14.4632    
max lb tensor(-922.) min lb tensor(-1168.)
Number of Verified Splits: 0 of 256
Current worst splitting domains lb-rhs (depth):
-1168.00000 (142), -1168.00000 (194), -1168.00000 (86), -1168.00000 (12), -1168.00000 (141), -1168.00000 (85), -1168.00000 (85), -1168.00000 (141), -1168.00000 (36), -1168.00000 (85), -1168.00000 (194), -1168.00000 (13), -1168.00000 (142), -1168.00000 (182), -1168.00000 (28), -1168.00000 (84), -1168.00000 (141), -1168.00000 (177), -1168.00000 (84), -1168.00000 (84), 
Length of domains: 25512
Current (lb-rhs): -1168.0
50940 domains visited
Time: pickout 0.0388    decision 0.1294    set_bounds 0.0066    solve 0.5040    add 0.0791    
Accumulated time: pickout 5.4264    decision 48.9065    set_bounds 1.9547    solve 143.0761    add 23.0898    
Cumulative time: 223.04190826416016

BaB round 201
batch: 128
splitting decisions: 
split level 0: [/74, 449] [/74, 225] [/74, 651] [/74, 212] [/74, 642] [/74, 412] [/74, 997] [/74, 376] [/74, 492] [/74, 39] 
best_l after optimization: -268004.375
beta sum per layer: [0.0, 0.0, 0.0, 2.405954360961914]
alpha/beta optimization time: 0.40982699394226074
pruning_in_iteration open status: False
ratio of positive domain = 0 / 256 = 0.0
pruning-in-iteration extra time: 0.00010347366333007812
torch.Size([256, 1])
Time: prepare 0.0037    bound 0.4113    transfer 0.0130    finalize 0.0758    func 0.5039    
Accumulated time: func 143.4502    prepare 2.6072    bound 127.1112    transfer 1.0434    finalize 14.5391    
max lb tensor(-922.) min lb tensor(-1168.)
Number of Verified Splits: 0 of 256
Current worst splitting domains lb-rhs (depth):
-1168.00000 (91), -1168.00000 (24), -1168.00000 (122), -1168.00000 (68), -1168.00000 (172), -1168.00000 (153), -1168.00000 (38), -1168.00000 (60), -1168.00000 (139), -1168.00000 (111), -1168.00000 (48), -1168.00000 (197), -1168.00000 (94), -1168.00000 (139), -1168.00000 (122), -1168.00000 (152), -1168.00000 (180), -1168.00000 (38), -1168.00000 (68), -1168.00000 (112), 
Length of domains: 25640
Current (lb-rhs): -1168.0
51196 domains visited
Time: pickout 0.0402    decision 0.1470    set_bounds 0.0074    solve 0.5045    add 0.0838    
Accumulated time: pickout 5.4666    decision 49.0535    set_bounds 1.9621    solve 143.5806    add 23.1736    
Cumulative time: 223.8290195465088

BaB round 202
batch: 128
splitting decisions: 
split level 0: [/74, 376] [/74, 709] [/74, 1017] [/74, 387] [/74, 652] [/74, 349] [/74, 578] [/74, 636] [/74, 53] [/74, 472] 
best_l after optimization: -268004.21875
beta sum per layer: [0.0, 0.0, 0.0, 2.406151533126831]
alpha/beta optimization time: 0.8894984722137451
pruning_in_iteration open status: False
ratio of positive domain = 0 / 256 = 0.0
pruning-in-iteration extra time: 0.0023412704467773438
torch.Size([256, 1])
Time: prepare 0.0041    bound 0.8932    transfer 0.0131    finalize 0.0763    func 0.9868    
Accumulated time: func 144.4369    prepare 2.6282    bound 128.0044    transfer 1.0565    finalize 14.6154    
max lb tensor(-922.) min lb tensor(-1168.)
Number of Verified Splits: 0 of 256
Current worst splitting domains lb-rhs (depth):
-1168.00000 (100), -1168.00000 (101), -1168.00000 (160), -1168.00000 (77), -1168.00000 (173), -1168.00000 (44), -1168.00000 (186), -1168.00000 (101), -1168.00000 (132), -1168.00000 (26), -1168.00000 (20), -1168.00000 (149), -1168.00000 (44), -1168.00000 (194), -1168.00000 (62), -1168.00000 (8), -1168.00000 (173), -1168.00000 (132), -1168.00000 (62), -1168.00000 (199), 
Length of domains: 25768
Current (lb-rhs): -1168.0
51452 domains visited
Time: pickout 0.0420    decision 0.3426    set_bounds 0.0074    solve 0.9873    add 0.0793    
Accumulated time: pickout 5.5086    decision 49.3961    set_bounds 1.9695    solve 144.5679    add 23.2530    
Cumulative time: 225.29153275489807

BaB round 203
batch: 128
splitting decisions: 
split level 0: [/74, 716] [/74, 255] [/74, 412] [/74, 490] [/74, 93] [/74, 39] [/74, 572] [/74, 558] [/74, 709] [/74, 416] 
best_l after optimization: -268004.03125
beta sum per layer: [0.0, 0.0, 0.0, 3.1086926460266113]
alpha/beta optimization time: 0.5367493629455566
pruning_in_iteration open status: False
ratio of positive domain = 0 / 256 = 0.0
pruning-in-iteration extra time: 3.743171691894531e-05
torch.Size([256, 1])
Time: prepare 0.0036    bound 0.5381    transfer 0.0128    finalize 0.0765    func 0.6311    
Accumulated time: func 145.0680    prepare 2.6427    bound 128.5425    transfer 1.0692    finalize 14.6919    
max lb tensor(-922.) min lb tensor(-1168.)
Number of Verified Splits: 0 of 256
Current worst splitting domains lb-rhs (depth):
-1168.00000 (188), -1168.00000 (62), -1168.00000 (121), -1168.00000 (62), -1168.00000 (188), -1168.00000 (121), -1168.00000 (14), -1168.00000 (121), -1168.00000 (63), -1168.00000 (14), -1168.00000 (120), -1168.00000 (63), -1168.00000 (120), -1168.00000 (14), -1168.00000 (120), -1168.00000 (63), -1168.00000 (188), -1168.00000 (119), -1168.00000 (122), -1168.00000 (187), 
Length of domains: 25896
Current (lb-rhs): -1168.0
51708 domains visited
Time: pickout 0.0399    decision 0.3497    set_bounds 0.0071    solve 0.6316    add 0.0774    
Accumulated time: pickout 5.5486    decision 49.7457    set_bounds 1.9766    solve 145.1994    add 23.3304    
Cumulative time: 226.40087938308716

BaB round 204
batch: 128
splitting decisions: 
split level 0: [/74, 253] [/74, 583] [/74, 349] [/74, 915] [/74, 518] [/74, 472] [/74, 516] [/74, 253] [/74, 255] [/74, 94] 
best_l after optimization: -268006.375
beta sum per layer: [0.0, 0.0, 0.0, 2.657193660736084]
alpha/beta optimization time: 0.38243699073791504
pruning_in_iteration open status: False
ratio of positive domain = 0 / 256 = 0.0
pruning-in-iteration extra time: 3.6716461181640625e-05
torch.Size([256, 1])
Time: prepare 0.0032    bound 0.3838    transfer 0.0126    finalize 0.0751    func 0.4747    
Accumulated time: func 145.5427    prepare 2.6472    bound 128.9263    transfer 1.0818    finalize 14.7670    
max lb tensor(-922.) min lb tensor(-1168.)
Number of Verified Splits: 0 of 256
Current worst splitting domains lb-rhs (depth):
-1168.00000 (147), -1168.00000 (81), -1168.00000 (196), -1168.00000 (148), -1168.00000 (81), -1168.00000 (82), -1168.00000 (14), -1168.00000 (148), -1168.00000 (82), -1168.00000 (148), -1168.00000 (82), -1168.00000 (197), -1168.00000 (83), -1168.00000 (147), -1168.00000 (14), -1168.00000 (83), -1168.00000 (147), -1168.00000 (83), -1168.00000 (81), -1168.00000 (15), 
Length of domains: 26024
Current (lb-rhs): -1168.0
51964 domains visited
Time: pickout 0.0408    decision 0.1316    set_bounds 0.0070    solve 0.4752    add 0.0783    
Accumulated time: pickout 5.5894    decision 49.8773    set_bounds 1.9835    solve 145.6747    add 23.4087    
Cumulative time: 227.13725686073303

BaB round 205
batch: 128
splitting decisions: 
split level 0: [/74, 859] [/74, 46] [/74, 39] [/74, 664] [/74, 928] [/74, 94] [/74, 482] [/74, 762] [/74, 978] [/74, 682] 
best_l after optimization: -268005.5625
beta sum per layer: [0.0, 0.0, 0.0, 2.5443825721740723]
alpha/beta optimization time: 0.5266623497009277
pruning_in_iteration open status: False
ratio of positive domain = 0 / 256 = 0.0
pruning-in-iteration extra time: 4.00543212890625e-05
torch.Size([256, 1])
Time: prepare 0.0031    bound 0.5280    transfer 0.0132    finalize 0.0785    func 0.6229    
Accumulated time: func 146.1656    prepare 2.6537    bound 129.4543    transfer 1.0951    finalize 14.8455    
max lb tensor(-922.) min lb tensor(-1168.)
Number of Verified Splits: 0 of 256
Current worst splitting domains lb-rhs (depth):
-1168.00000 (142), -1168.00000 (125), -1168.00000 (154), -1168.00000 (36), -1168.00000 (200), -1168.00000 (95), -1168.00000 (75), -1168.00000 (30), -1168.00000 (54), -1168.00000 (13), -1168.00000 (105), -1168.00000 (191), -1168.00000 (6), -1168.00000 (174), -1168.00000 (118), -1168.00000 (83), -1168.00000 (66), -1168.00000 (147), -1168.00000 (45), -1168.00000 (61), 
Length of domains: 26152
Current (lb-rhs): -1168.0
52220 domains visited
Time: pickout 0.0395    decision 0.1606    set_bounds 0.0068    solve 0.6234    add 0.0800    
Accumulated time: pickout 5.6290    decision 50.0379    set_bounds 1.9903    solve 146.2980    add 23.4888    
Cumulative time: 228.05184078216553

BaB round 206
batch: 128
splitting decisions: 
split level 0: [/74, 648] [/74, 230] [/74, 472] [/74, 901] [/74, 687] [/74, 265] [/74, 389] [/74, 944] [/74, 981] [/74, 212] 
best_l after optimization: -268005.25
beta sum per layer: [0.0, 0.0, 0.0, 2.510608673095703]
alpha/beta optimization time: 0.5646278858184814
pruning_in_iteration open status: False
ratio of positive domain = 0 / 256 = 0.0
pruning-in-iteration extra time: 3.838539123535156e-05
torch.Size([256, 1])
Time: prepare 0.0032    bound 0.5661    transfer 0.0127    finalize 0.0747    func 0.6567    
Accumulated time: func 146.8224    prepare 2.6601    bound 130.0204    transfer 1.1077    finalize 14.9203    
max lb tensor(-922.) min lb tensor(-1168.)
Number of Verified Splits: 0 of 256
Current worst splitting domains lb-rhs (depth):
-1168.00000 (39), -1168.00000 (10), -1168.00000 (24), -1168.00000 (150), -1168.00000 (107), -1168.00000 (171), -1168.00000 (132), -1168.00000 (67), -1168.00000 (202), -1168.00000 (52), -1168.00000 (81), -1168.00000 (106), -1168.00000 (161), -1168.00000 (10), -1168.00000 (132), -1168.00000 (192), -1168.00000 (31), -1168.00000 (106), -1168.00000 (171), -1168.00000 (150), 
Length of domains: 26280
Current (lb-rhs): -1168.0
52476 domains visited
Time: pickout 0.0419    decision 0.1949    set_bounds 0.0076    solve 0.6572    add 0.0773    
Accumulated time: pickout 5.6708    decision 50.2327    set_bounds 1.9979    solve 146.9553    add 23.5660    
Cumulative time: 229.03451490402222

BaB round 207
batch: 128
splitting decisions: 
split level 0: [/74, 201] [/74, 260] [/74, 416] [/74, 449] [/74, 214] [/74, 212] [/74, 518] [/74, 859] [/74, 46] [/74, 387] 
best_l after optimization: -268004.78125
beta sum per layer: [0.0, 0.0, 0.0, 2.4666428565979004]
alpha/beta optimization time: 0.6078746318817139
pruning_in_iteration open status: False
ratio of positive domain = 0 / 256 = 0.0
pruning-in-iteration extra time: 4.291534423828125e-05
torch.Size([256, 1])
Time: prepare 0.0055    bound 0.6092    transfer 0.0129    finalize 0.0752    func 0.7029    
Accumulated time: func 147.5253    prepare 2.6691    bound 130.6297    transfer 1.1207    finalize 14.9954    
max lb tensor(-922.) min lb tensor(-1168.)
Number of Verified Splits: 0 of 256
Current worst splitting domains lb-rhs (depth):
-1168.00000 (192), -1168.00000 (124), -1168.00000 (63), -1168.00000 (191), -1168.00000 (123), -1168.00000 (14), -1168.00000 (64), -1168.00000 (123), -1168.00000 (64), -1168.00000 (124), -1168.00000 (123), -1168.00000 (14), -1168.00000 (122), -1168.00000 (64), -1168.00000 (192), -1168.00000 (122), -1168.00000 (65), -1168.00000 (125), -1168.00000 (126), -1168.00000 (62), 
Length of domains: 26408
Current (lb-rhs): -1168.0
52732 domains visited
Time: pickout 0.0442    decision 0.2515    set_bounds 0.0075    solve 0.7034    add 0.0765    
Accumulated time: pickout 5.7150    decision 50.4842    set_bounds 2.0054    solve 147.6586    add 23.6425    
Cumulative time: 230.12110924720764

BaB round 208
batch: 128
splitting decisions: 
split level 0: [/74, 642] [/74, 907] [/74, 212] [/74, 376] [/74, 58] [/74, 387] [/74, 928] [/74, 648] [/74, 230] [/74, 920] 
best_l after optimization: -268004.46875
beta sum per layer: [0.0, 0.0, 0.0, 2.441150665283203]
alpha/beta optimization time: 0.5949316024780273
pruning_in_iteration open status: False
ratio of positive domain = 0 / 256 = 0.0
pruning-in-iteration extra time: 0.0002033710479736328
torch.Size([256, 1])
Time: prepare 0.0064    bound 0.5965    transfer 0.0133    finalize 0.0753    func 0.6915    
Accumulated time: func 148.2168    prepare 2.6772    bound 131.2262    transfer 1.1340    finalize 15.0707    
max lb tensor(-922.) min lb tensor(-1168.)
Number of Verified Splits: 0 of 256
Current worst splitting domains lb-rhs (depth):
-1168.00000 (65), -1168.00000 (163), -1168.00000 (193), -1168.00000 (25), -1168.00000 (48), -1168.00000 (176), -1168.00000 (94), -1168.00000 (111), -1168.00000 (65), -1168.00000 (143), -1168.00000 (164), -1168.00000 (32), -1168.00000 (93), -1168.00000 (13), -1168.00000 (94), -1168.00000 (131), -1168.00000 (48), -1168.00000 (111), -1168.00000 (188), -1168.00000 (7), 
Length of domains: 26536
Current (lb-rhs): -1168.0
52988 domains visited
Time: pickout 0.0416    decision 0.1989    set_bounds 0.0090    solve 0.6920    add 0.0761    
Accumulated time: pickout 5.7566    decision 50.6831    set_bounds 2.0144    solve 148.3506    add 23.7186    
Cumulative time: 231.14217472076416

BaB round 209
batch: 128
splitting decisions: 
split level 0: [/74, 578] [/74, 334] [/74, 387] [/74, 636] [/74, 275] [/74, 920] [/74, 687] [/74, 644] [/74, 334] [/74, 25] 
best_l after optimization: -268004.28125
beta sum per layer: [0.0, 0.0, 0.0, 3.0200753211975098]
alpha/beta optimization time: 0.5630168914794922
pruning_in_iteration open status: False
ratio of positive domain = 0 / 256 = 0.0
pruning-in-iteration extra time: 0.0003917217254638672
torch.Size([256, 1])
Time: prepare 0.0031    bound 0.5647    transfer 0.0125    finalize 0.0738    func 0.6541    
Accumulated time: func 148.8709    prepare 2.6825    bound 131.7909    transfer 1.1465    finalize 15.1444    
max lb tensor(-922.) min lb tensor(-1168.)
Number of Verified Splits: 0 of 256
Current worst splitting domains lb-rhs (depth):
-1168.00000 (61), -1168.00000 (105), -1168.00000 (24), -1168.00000 (150), -1168.00000 (203), -1168.00000 (121), -1168.00000 (181), -1168.00000 (105), -1168.00000 (8), -1168.00000 (46), -1168.00000 (150), -1168.00000 (13), -1168.00000 (78), -1168.00000 (129), -1168.00000 (45), -1168.00000 (150), -1168.00000 (46), -1168.00000 (106), -1168.00000 (23), -1168.00000 (181), 
Length of domains: 26664
Current (lb-rhs): -1168.0
53244 domains visited
Time: pickout 0.0394    decision 0.1969    set_bounds 0.0072    solve 0.6546    add 0.0757    
Accumulated time: pickout 5.7960    decision 50.8800    set_bounds 2.0216    solve 149.0052    add 23.7943    
Cumulative time: 232.11929893493652

BaB round 210
batch: 128
splitting decisions: 
split level 0: [/74, 45] [/74, 47] [/74, 920] [/74, 558] [/74, 107] [/74, 25] [/74, 462] [/74, 325] [/74, 47] [/74, 915] 
best_l after optimization: -268007.59375
beta sum per layer: [0.0, 0.0, 0.0, 2.779179334640503]
alpha/beta optimization time: 0.5525052547454834
pruning_in_iteration open status: False
ratio of positive domain = 0 / 256 = 0.0
pruning-in-iteration extra time: 4.7206878662109375e-05
torch.Size([256, 1])
Time: prepare 0.0041    bound 0.5539    transfer 0.0126    finalize 0.0728    func 0.6434    
Accumulated time: func 149.5142    prepare 2.6906    bound 132.3448    transfer 1.1590    finalize 15.2172    
max lb tensor(-922.) min lb tensor(-1168.)
Number of Verified Splits: 0 of 256
Current worst splitting domains lb-rhs (depth):
-1168.00000 (117), -1168.00000 (19), -1168.00000 (199), -1168.00000 (76), -1168.00000 (184), -1168.00000 (40), -1168.00000 (62), -1168.00000 (138), -1168.00000 (103), -1168.00000 (75), -1168.00000 (158), -1168.00000 (176), -1168.00000 (18), -1168.00000 (158), -1168.00000 (51), -1168.00000 (128), -1168.00000 (7), -1168.00000 (41), -1168.00000 (200), -1168.00000 (183), 
Length of domains: 26792
Current (lb-rhs): -1168.0
53500 domains visited
Time: pickout 0.0429    decision 0.2013    set_bounds 0.0071    solve 0.6438    add 0.0777    
Accumulated time: pickout 5.8389    decision 51.0813    set_bounds 2.0287    solve 149.6490    add 23.8720    
Cumulative time: 233.0953369140625

BaB round 211
batch: 128
splitting decisions: 
split level 0: [/74, 276] [/74, 759] [/74, 493] [/74, 253] [/74, 362] [/74, 915] [/74, 503] [/74, 652] [/74, 873] [/74, 278] 
best_l after optimization: -268006.75
beta sum per layer: [0.0, 0.0, 0.0, 2.68304443359375]
alpha/beta optimization time: 0.5612256526947021
pruning_in_iteration open status: False
ratio of positive domain = 0 / 256 = 0.0
pruning-in-iteration extra time: 4.00543212890625e-05
torch.Size([256, 1])
Time: prepare 0.0037    bound 0.5626    transfer 0.0122    finalize 0.0729    func 0.6514    
Accumulated time: func 150.1656    prepare 2.6978    bound 132.9074    transfer 1.1712    finalize 15.2901    
max lb tensor(-922.) min lb tensor(-1168.)
Number of Verified Splits: 0 of 256
Current worst splitting domains lb-rhs (depth):
-1168.00000 (148), -1168.00000 (108), -1168.00000 (184), -1168.00000 (149), -1168.00000 (23), -1168.00000 (48), -1168.00000 (109), -1168.00000 (148), -1168.00000 (184), -1168.00000 (77), -1168.00000 (203), -1168.00000 (109), -1168.00000 (9), -1168.00000 (148), -1168.00000 (49), -1168.00000 (77), -1168.00000 (77), -1168.00000 (49), -1168.00000 (109), -1168.00000 (22), 
Length of domains: 26920
Current (lb-rhs): -1168.0
53756 domains visited
Time: pickout 0.0408    decision 0.1794    set_bounds 0.0082    solve 0.6519    add 0.0745    
Accumulated time: pickout 5.8797    decision 51.2606    set_bounds 2.0369    solve 150.3009    add 23.9465    
Cumulative time: 234.05306959152222

BaB round 212
batch: 128
splitting decisions: 
split level 0: [/74, 572] [/74, 515] [/74, 915] [/74, 762] [/74, 524] [/74, 278] [/74, 881] [/74, 45] [/74, 612] [/74, 418] 
best_l after optimization: -268005.96875
beta sum per layer: [0.0, 0.0, 0.0, 2.614044189453125]
alpha/beta optimization time: 0.5286798477172852
pruning_in_iteration open status: False
ratio of positive domain = 0 / 256 = 0.0
pruning-in-iteration extra time: 0.0002124309539794922
torch.Size([256, 1])
Time: prepare 0.0038    bound 0.5302    transfer 0.0128    finalize 0.0737    func 0.6205    
Accumulated time: func 150.7861    prepare 2.7049    bound 133.4376    transfer 1.1840    finalize 15.3637    
max lb tensor(-922.) min lb tensor(-1168.)
Number of Verified Splits: 0 of 256
Current worst splitting domains lb-rhs (depth):
-1168.00000 (164), -1168.00000 (110), -1168.00000 (20), -1168.00000 (70), -1168.00000 (164), -1168.00000 (201), -1168.00000 (70), -1168.00000 (136), -1168.00000 (164), -1168.00000 (109), -1168.00000 (70), -1168.00000 (71), -1168.00000 (7), -1168.00000 (69), -1168.00000 (19), -1168.00000 (71), -1168.00000 (109), -1168.00000 (136), -1168.00000 (163), -1168.00000 (71), 
Length of domains: 27048
Current (lb-rhs): -1168.0
54012 domains visited
Time: pickout 0.0397    decision 0.1872    set_bounds 0.0074    solve 0.6210    add 0.0746    
Accumulated time: pickout 5.9194    decision 51.4478    set_bounds 2.0443    solve 150.9219    add 24.0211    
Cumulative time: 234.98614978790283

BaB round 213
batch: 128
splitting decisions: 
split level 0: [/74, 516] [/74, 108] [/74, 418] [/74, 859] [/74, 48] [/74, 901] [/74, 936] [/74, 516] [/74, 767] [/74, 901] 
best_l after optimization: -268005.65625
beta sum per layer: [0.0, 0.0, 0.0, 2.5673317909240723]
alpha/beta optimization time: 0.38703203201293945
pruning_in_iteration open status: False
ratio of positive domain = 0 / 256 = 0.0
pruning-in-iteration extra time: 0.00010180473327636719
torch.Size([256, 1])
Time: prepare 0.0034    bound 0.3885    transfer 0.0123    finalize 0.0742    func 0.4784    
Accumulated time: func 151.2645    prepare 2.7096    bound 133.8261    transfer 1.1963    finalize 15.4379    
max lb tensor(-922.) min lb tensor(-1168.)
Number of Verified Splits: 0 of 256
Current worst splitting domains lb-rhs (depth):
-1168.00000 (105), -1168.00000 (158), -1168.00000 (63), -1168.00000 (43), -1168.00000 (180), -1168.00000 (27), -1168.00000 (158), -1168.00000 (194), -1168.00000 (74), -1168.00000 (130), -1168.00000 (206), -1168.00000 (8), -1168.00000 (43), -1168.00000 (115), -1168.00000 (131), -1168.00000 (158), -1168.00000 (63), -1168.00000 (97), -1168.00000 (17), -1168.00000 (130), 
Length of domains: 27176
Current (lb-rhs): -1168.0
54268 domains visited
Time: pickout 0.0404    decision 0.1319    set_bounds 0.0073    solve 0.4789    add 0.0787    
Accumulated time: pickout 5.9598    decision 51.5797    set_bounds 2.0516    solve 151.4008    add 24.0997    
Cumulative time: 235.72682213783264

BaB round 214
batch: 128
splitting decisions: 
split level 0: [/74, 482] [/74, 612] [/74, 901] [/74, 201] [/74, 840] [/74, 449] [/74, 246] [/74, 93] [/74, 853] [/74, 748] 
best_l after optimization: -268005.25
beta sum per layer: [0.0, 0.0, 0.0, 2.530035972595215]
alpha/beta optimization time: 0.38210058212280273
pruning_in_iteration open status: False
ratio of positive domain = 0 / 256 = 0.0
pruning-in-iteration extra time: 3.4809112548828125e-05
torch.Size([256, 1])
Time: prepare 0.0031    bound 0.3834    transfer 0.0120    finalize 0.0755    func 0.4740    
Accumulated time: func 151.7385    prepare 2.7139    bound 134.2095    transfer 1.2083    finalize 15.5134    
max lb tensor(-922.) min lb tensor(-1168.)
Number of Verified Splits: 0 of 256
Current worst splitting domains lb-rhs (depth):
-1168.00000 (163), -1168.00000 (125), -1168.00000 (177), -1168.00000 (74), -1168.00000 (55), -1168.00000 (9), -1168.00000 (201), -1168.00000 (22), -1168.00000 (55), -1168.00000 (177), -1168.00000 (210), -1168.00000 (95), -1168.00000 (148), -1168.00000 (55), -1168.00000 (177), -1168.00000 (95), -1168.00000 (74), -1168.00000 (88), -1168.00000 (56), -1168.00000 (22), 
Length of domains: 27304
Current (lb-rhs): -1168.0
54524 domains visited
Time: pickout 0.0395    decision 0.1309    set_bounds 0.0067    solve 0.4745    add 0.0770    
Accumulated time: pickout 5.9993    decision 51.7107    set_bounds 2.0583    solve 151.8753    add 24.1768    
Cumulative time: 236.45917344093323

BaB round 215
batch: 128
splitting decisions: 
split level 0: [/74, 462] [/74, 235] [/74, 430] [/74, 644] [/74, 282] [/74, 376] [/74, 275] [/74, 928] [/74, 622] [/74, 455] 
best_l after optimization: -268005.03125
beta sum per layer: [0.0, 0.0, 0.0, 2.5075201988220215]
alpha/beta optimization time: 0.3861658573150635
pruning_in_iteration open status: False
ratio of positive domain = 0 / 256 = 0.0
pruning-in-iteration extra time: 3.814697265625e-05
torch.Size([256, 1])
Time: prepare 0.0031    bound 0.3876    transfer 0.0129    finalize 0.0757    func 0.4793    
Accumulated time: func 152.2178    prepare 2.7183    bound 134.5971    transfer 1.2212    finalize 15.5890    
max lb tensor(-922.) min lb tensor(-1168.)
Number of Verified Splits: 0 of 256
Current worst splitting domains lb-rhs (depth):
-1168.00000 (211), -1168.00000 (41), -1168.00000 (24), -1168.00000 (58), -1168.00000 (27), -1168.00000 (162), -1168.00000 (109), -1168.00000 (139), -1168.00000 (85), -1168.00000 (53), -1168.00000 (6), -1168.00000 (102), -1168.00000 (102), -1168.00000 (182), -1168.00000 (19), -1168.00000 (41), -1168.00000 (120), -1168.00000 (72), -1168.00000 (162), -1168.00000 (193), 
Length of domains: 27432
Current (lb-rhs): -1168.0
54780 domains visited
Time: pickout 0.0402    decision 0.1306    set_bounds 0.0069    solve 0.4798    add 0.0730    
Accumulated time: pickout 6.0395    decision 51.8413    set_bounds 2.0652    solve 152.3551    add 24.2497    
Cumulative time: 237.193701505661

BaB round 216
batch: 128
splitting decisions: 
split level 0: [/74, 248] [/74, 767] [/74, 376] [/74, 346] [/74, 440] [/74, 716] [/74, 107] [/74, 999] [/74, 176] [/74, 430] 
best_l after optimization: -268004.75
beta sum per layer: [0.0, 0.0, 0.0, 3.093479633331299]
alpha/beta optimization time: 0.3829376697540283
pruning_in_iteration open status: False
ratio of positive domain = 0 / 256 = 0.0
pruning-in-iteration extra time: 3.457069396972656e-05
torch.Size([256, 1])
Time: prepare 0.0031    bound 0.3843    transfer 0.0124    finalize 0.0733    func 0.4730    
Accumulated time: func 152.6908    prepare 2.7227    bound 134.9813    transfer 1.2335    finalize 15.6623    
max lb tensor(-922.) min lb tensor(-1168.)
Number of Verified Splits: 0 of 256
Current worst splitting domains lb-rhs (depth):
-1168.00000 (162), -1168.00000 (200), -1168.00000 (161), -1168.00000 (26), -1168.00000 (79), -1168.00000 (186), -1168.00000 (45), -1168.00000 (79), -1168.00000 (162), -1168.00000 (103), -1168.00000 (124), -1168.00000 (10), -1168.00000 (211), -1168.00000 (79), -1168.00000 (113), -1168.00000 (45), -1168.00000 (45), -1168.00000 (186), -1168.00000 (26), -1168.00000 (78), 
Length of domains: 27560
Current (lb-rhs): -1168.0
55036 domains visited
Time: pickout 0.0409    decision 0.1307    set_bounds 0.0067    solve 0.4735    add 0.0745    
Accumulated time: pickout 6.0804    decision 51.9720    set_bounds 2.0719    solve 152.8285    add 24.3243    
Cumulative time: 237.92371273040771

BaB round 217
batch: 128
splitting decisions: 
split level 0: [/74, 503] [/74, 622] [/74, 716] [/74, 912] [/74, 926] [/74, 636] [/74, 942] [/74, 462] [/74, 1017] [/74, 376] 
best_l after optimization: -268007.3125
beta sum per layer: [0.0, 0.0, 0.0, 2.7759954929351807]
alpha/beta optimization time: 0.39516687393188477
pruning_in_iteration open status: False
ratio of positive domain = 0 / 256 = 0.0
pruning-in-iteration extra time: 3.838539123535156e-05
torch.Size([256, 1])
Time: prepare 0.0031    bound 0.3965    transfer 0.0124    finalize 0.0717    func 0.4837    
Accumulated time: func 153.1745    prepare 2.7271    bound 135.3778    transfer 1.2460    finalize 15.7340    
max lb tensor(-922.) min lb tensor(-1168.)
Number of Verified Splits: 0 of 256
Current worst splitting domains lb-rhs (depth):
-1168.00000 (57), -1168.00000 (107), -1168.00000 (143), -1168.00000 (7), -1168.00000 (57), -1168.00000 (143), -1168.00000 (83), -1168.00000 (20), -1168.00000 (107), -1168.00000 (194), -1168.00000 (57), -1168.00000 (142), -1168.00000 (142), -1168.00000 (194), -1168.00000 (211), -1168.00000 (194), -1168.00000 (107), -1168.00000 (142), -1168.00000 (19), -1168.00000 (58), 
Length of domains: 27688
Current (lb-rhs): -1168.0
55292 domains visited
Time: pickout 0.0415    decision 0.1407    set_bounds 0.0067    solve 0.4842    add 0.0754    
Accumulated time: pickout 6.1219    decision 52.1127    set_bounds 2.0787    solve 153.3127    add 24.3997    
Cumulative time: 238.67524409294128

BaB round 218
batch: 128
splitting decisions: 
split level 0: [/74, 560] [/74, 176] [/74, 636] [/74, 967] [/74, 681] [/74, 558] [/74, 561] [/74, 248] [/74, 637] [/74, 636] 
best_l after optimization: -268006.125
beta sum per layer: [0.0, 0.0, 0.0, 2.6657190322875977]
alpha/beta optimization time: 0.38289761543273926
pruning_in_iteration open status: False
ratio of positive domain = 0 / 256 = 0.0
pruning-in-iteration extra time: 3.528594970703125e-05
torch.Size([256, 1])
Time: prepare 0.0030    bound 0.3842    transfer 0.0060    finalize 0.0779    func 0.4711    
Accumulated time: func 153.6456    prepare 2.7317    bound 135.7620    transfer 1.2520    finalize 15.8119    
max lb tensor(-922.) min lb tensor(-1168.)
Number of Verified Splits: 0 of 256
Current worst splitting domains lb-rhs (depth):
-1168.00000 (181), -1168.00000 (202), -1168.00000 (62), -1168.00000 (108), -1168.00000 (38), -1168.00000 (143), -1168.00000 (6), -1168.00000 (204), -1168.00000 (98), -1168.00000 (35), -1168.00000 (158), -1168.00000 (55), -1168.00000 (137), -1168.00000 (217), -1168.00000 (26), -1168.00000 (176), -1168.00000 (70), -1168.00000 (161), -1168.00000 (50), -1168.00000 (165), 
Length of domains: 27816
Current (lb-rhs): -1168.0
55548 domains visited
Time: pickout 0.0459    decision 0.1317    set_bounds 0.0044    solve 0.4715    add 0.0720    
Accumulated time: pickout 6.1678    decision 52.2444    set_bounds 2.0831    solve 153.7842    add 24.4717    
Cumulative time: 239.4042706489563

BaB round 219
batch: 128
splitting decisions: 
split level 0: [/74, 209] [/74, 651] [/74, 558] [/74, 642] [/74, 718] [/74, 590] [/74, 68] [/74, 811] [/74, 836] [/74, 590] 
best_l after optimization: -268005.46875
beta sum per layer: [0.0, 0.0, 0.0, 2.6010689735412598]
alpha/beta optimization time: 0.3812825679779053
pruning_in_iteration open status: False
ratio of positive domain = 0 / 256 = 0.0
pruning-in-iteration extra time: 3.8623809814453125e-05
torch.Size([256, 1])
Time: prepare 0.0030    bound 0.3826    transfer 0.0126    finalize 0.0812    func 0.4794    
Accumulated time: func 154.1250    prepare 2.7360    bound 136.1446    transfer 1.2646    finalize 15.8931    
max lb tensor(-922.) min lb tensor(-1168.)
Number of Verified Splits: 0 of 256
Current worst splitting domains lb-rhs (depth):
-1168.00000 (169), -1168.00000 (107), -1168.00000 (183), -1168.00000 (7), -1168.00000 (127), -1168.00000 (204), -1168.00000 (50), -1168.00000 (127), -1168.00000 (107), -1168.00000 (70), -1168.00000 (155), -1168.00000 (24), -1168.00000 (84), -1168.00000 (84), -1168.00000 (127), -1168.00000 (39), -1168.00000 (107), -1168.00000 (70), -1168.00000 (14), -1168.00000 (29), 
Length of domains: 27944
Current (lb-rhs): -1168.0
55804 domains visited
Time: pickout 0.0402    decision 0.1306    set_bounds 0.0044    solve 0.4799    add 0.0739    
Accumulated time: pickout 6.2080    decision 52.3750    set_bounds 2.0875    solve 154.2641    add 24.5456    
Cumulative time: 240.13669204711914

BaB round 220
batch: 128
splitting decisions: 
split level 0: [/74, 58] [/74, 1017] [/74, 253] [/74, 652] [/74, 51] [/74, 762] [/74, 140] [/74, 753] [/74, 412] [/74, 648] 
best_l after optimization: -268005.125
beta sum per layer: [0.0, 0.0, 0.0, 2.5645484924316406]
alpha/beta optimization time: 0.38361310958862305
pruning_in_iteration open status: False
ratio of positive domain = 0 / 256 = 0.0
pruning-in-iteration extra time: 3.719329833984375e-05
torch.Size([256, 1])
Time: prepare 0.0031    bound 0.3850    transfer 0.0124    finalize 0.0772    func 0.4776    
Accumulated time: func 154.6027    prepare 2.7404    bound 136.5296    transfer 1.2770    finalize 15.9702    
max lb tensor(-922.) min lb tensor(-1168.)
Number of Verified Splits: 0 of 256
Current worst splitting domains lb-rhs (depth):
-1168.00000 (36), -1168.00000 (186), -1168.00000 (110), -1168.00000 (158), -1168.00000 (114), -1168.00000 (105), -1168.00000 (63), -1168.00000 (206), -1168.00000 (78), -1168.00000 (38), -1168.00000 (89), -1168.00000 (24), -1168.00000 (177), -1168.00000 (51), -1168.00000 (166), -1168.00000 (52), -1168.00000 (195), -1168.00000 (147), -1168.00000 (119), -1168.00000 (34), 
Length of domains: 28072
Current (lb-rhs): -1168.0
56060 domains visited
Time: pickout 0.0395    decision 0.1314    set_bounds 0.0044    solve 0.4781    add 0.0814    
Accumulated time: pickout 6.2475    decision 52.5065    set_bounds 2.0918    solve 154.7423    add 24.6270    
Cumulative time: 240.87517380714417

BaB round 221
batch: 128
splitting decisions: 
split level 0: [/74, 293] [/74, 637] [/74, 590] [/74, 997] [/74, 968] [/74, 201] [/74, 398] [/74, 209] [/74, 349] [/74, 201] 
best_l after optimization: -268004.875
beta sum per layer: [0.0, 0.0, 0.0, 3.1238908767700195]
alpha/beta optimization time: 0.38425636291503906
pruning_in_iteration open status: False
ratio of positive domain = 0 / 256 = 0.0
pruning-in-iteration extra time: 3.4332275390625e-05
torch.Size([256, 1])
Time: prepare 0.0031    bound 0.3856    transfer 0.0118    finalize 0.0774    func 0.4778    
Accumulated time: func 155.0805    prepare 2.7448    bound 136.9151    transfer 1.2888    finalize 16.0476    
max lb tensor(-922.) min lb tensor(-1168.)
Number of Verified Splits: 0 of 256
Current worst splitting domains lb-rhs (depth):
-1168.00000 (153), -1168.00000 (153), -1168.00000 (52), -1168.00000 (131), -1168.00000 (205), -1168.00000 (68), -1168.00000 (106), -1168.00000 (6), -1168.00000 (194), -1168.00000 (153), -1168.00000 (52), -1168.00000 (23), -1168.00000 (217), -1168.00000 (86), -1168.00000 (115), -1168.00000 (194), -1168.00000 (53), -1168.00000 (80), -1168.00000 (152), -1168.00000 (106), 
Length of domains: 28200
Current (lb-rhs): -1168.0
56316 domains visited
Time: pickout 0.0413    decision 0.1324    set_bounds 0.0045    solve 0.4783    add 0.0804    
Accumulated time: pickout 6.2888    decision 52.6389    set_bounds 2.0963    solve 155.2205    add 24.7074    
Cumulative time: 241.61598873138428

BaB round 222
batch: 128
splitting decisions: 
split level 0: [/74, 107] [/74, 119] [/74, 944] [/74, 578] [/74, 632] [/74, 912] [/74, 151] [/74, 186] [/74, 39] [/74, 912] 
best_l after optimization: -268007.96875
beta sum per layer: [0.0, 0.0, 0.0, 2.8762097358703613]
alpha/beta optimization time: 0.3960905075073242
pruning_in_iteration open status: False
ratio of positive domain = 0 / 256 = 0.0
pruning-in-iteration extra time: 3.4809112548828125e-05
torch.Size([256, 1])
Time: prepare 0.0033    bound 0.3974    transfer 0.0121    finalize 0.0815    func 0.4944    
Accumulated time: func 155.5749    prepare 2.7494    bound 137.3126    transfer 1.3009    finalize 16.1291    
max lb tensor(-922.) min lb tensor(-1168.)
Number of Verified Splits: 0 of 256
Current worst splitting domains lb-rhs (depth):
-1168.00000 (152), -1168.00000 (74), -1168.00000 (153), -1168.00000 (187), -1168.00000 (100), -1168.00000 (52), -1168.00000 (74), -1168.00000 (116), -1168.00000 (141), -1168.00000 (171), -1168.00000 (187), -1168.00000 (52), -1168.00000 (74), -1168.00000 (210), -1168.00000 (216), -1168.00000 (7), -1168.00000 (220), -1168.00000 (116), -1168.00000 (27), -1168.00000 (100), 
Length of domains: 28328
Current (lb-rhs): -1168.0
56572 domains visited
Time: pickout 0.0408    decision 0.1336    set_bounds 0.0045    solve 0.4949    add 0.0802    
Accumulated time: pickout 6.3296    decision 52.7725    set_bounds 2.1008    solve 155.7154    add 24.7876    
Cumulative time: 242.37388229370117

BaB round 223
batch: 128
splitting decisions: 
split level 0: [/74, 362] [/74, 349] [/74, 648] [/74, 572] [/74, 739] [/74, 325] [/74, 220] [/74, 936] [/74, 472] [/74, 325] 
best_l after optimization: -268006.75
beta sum per layer: [0.0, 0.0, 0.0, 2.7484378814697266]
alpha/beta optimization time: 0.41591811180114746
pruning_in_iteration open status: False
ratio of positive domain = 0 / 256 = 0.0
pruning-in-iteration extra time: 0.00010514259338378906
torch.Size([256, 1])
Time: prepare 0.0031    bound 0.4173    transfer 0.0064    finalize 0.0807    func 0.5077    
Accumulated time: func 156.0825    prepare 2.7568    bound 137.7299    transfer 1.3073    finalize 16.2098    
max lb tensor(-922.) min lb tensor(-1168.)
Number of Verified Splits: 0 of 256
Current worst splitting domains lb-rhs (depth):
-1168.00000 (205), -1168.00000 (13), -1168.00000 (154), -1168.00000 (126), -1168.00000 (103), -1168.00000 (12), -1168.00000 (150), -1168.00000 (211), -1168.00000 (53), -1168.00000 (44), -1168.00000 (29), -1168.00000 (86), -1168.00000 (145), -1168.00000 (167), -1168.00000 (60), -1168.00000 (74), -1168.00000 (25), -1168.00000 (152), -1168.00000 (90), -1168.00000 (35), 
Length of domains: 28456
Current (lb-rhs): -1168.0
56828 domains visited
Time: pickout 0.0453    decision 0.1684    set_bounds 0.0074    solve 0.5082    add 0.0791    
Accumulated time: pickout 6.3749    decision 52.9409    set_bounds 2.1082    solve 156.2236    add 24.8667    
Cumulative time: 243.1864993572235

BaB round 224
batch: 128
splitting decisions: 
split level 0: [/74, 524] [/74, 472] [/74, 912] [/74, 516] [/74, 66] [/74, 652] [/74, 65] [/74, 154] [/74, 682] [/74, 967] 
best_l after optimization: -268005.84375
beta sum per layer: [0.0, 0.0, 0.0, 2.6653943061828613]
alpha/beta optimization time: 0.8944487571716309
pruning_in_iteration open status: False
ratio of positive domain = 0 / 256 = 0.0
pruning-in-iteration extra time: 0.0002593994140625
torch.Size([256, 1])
Time: prepare 0.0121    bound 0.8961    transfer 0.0134    finalize 0.0834    func 1.0050    
Accumulated time: func 157.0875    prepare 2.7714    bound 138.6260    transfer 1.3207    finalize 16.2932    
max lb tensor(-922.) min lb tensor(-1168.)
Number of Verified Splits: 0 of 256
Current worst splitting domains lb-rhs (depth):
-1168.00000 (20), -1168.00000 (97), -1168.00000 (212), -1168.00000 (97), -1168.00000 (156), -1168.00000 (20), -1168.00000 (98), -1168.00000 (156), -1168.00000 (98), -1168.00000 (212), -1168.00000 (157), -1168.00000 (98), -1168.00000 (156), -1168.00000 (20), -1168.00000 (99), -1168.00000 (155), -1168.00000 (213), -1168.00000 (99), -1168.00000 (155), -1168.00000 (96), 
Length of domains: 28584
Current (lb-rhs): -1168.0
57084 domains visited
Time: pickout 0.0428    decision 0.3064    set_bounds 0.0112    solve 1.0055    add 0.0832    
Accumulated time: pickout 6.4177    decision 53.2474    set_bounds 2.1194    solve 157.2291    add 24.9500    
Cumulative time: 244.63985347747803

BaB round 225
batch: 128
splitting decisions: 
split level 0: [/74, 942] [/74, 416] [/74, 325] [/74, 482] [/55, 47] [/74, 578] [/74, 681] [/74, 246] [/74, 493] [/74, 642] 
best_l after optimization: -268005.59375
beta sum per layer: [0.0, 0.0, 0.0, 2.6138572692871094]
alpha/beta optimization time: 0.93330979347229
pruning_in_iteration open status: False
ratio of positive domain = 0 / 256 = 0.0
pruning-in-iteration extra time: 0.002396106719970703
torch.Size([256, 1])
Time: prepare 0.0123    bound 0.9371    transfer 0.0149    finalize 0.0831    func 1.0475    
Accumulated time: func 158.1350    prepare 2.7963    bound 139.5631    transfer 1.3357    finalize 16.3762    
max lb tensor(-922.) min lb tensor(-1168.)
Number of Verified Splits: 0 of 256
Current worst splitting domains lb-rhs (depth):
-1168.00000 (72), -1168.00000 (40), -1168.00000 (110), -1168.00000 (188), -1168.00000 (159), -1168.00000 (51), -1168.00000 (196), -1168.00000 (174), -1168.00000 (86), -1168.00000 (130), -1168.00000 (220), -1168.00000 (210), -1168.00000 (110), -1168.00000 (71), -1168.00000 (159), -1168.00000 (24), -1168.00000 (40), -1168.00000 (130), -1168.00000 (7), -1168.00000 (51), 
Length of domains: 28712
Current (lb-rhs): -1168.0
57340 domains visited
Time: pickout 0.0484    decision 0.2753    set_bounds 0.0082    solve 1.0480    add 0.0778    
Accumulated time: pickout 6.4661    decision 53.5227    set_bounds 2.1276    solve 158.2770    add 25.0278    
Cumulative time: 246.1016764640808

BaB round 226
batch: 128
splitting decisions: 
split level 0: [/74, 840] [/74, 387] [/74, 652] [/74, 928] [/55, 887] [/74, 276] [/74, 330] [/74, 903] [/74, 278] [/74, 652] 
best_l after optimization: -268005.3125
beta sum per layer: [0.0, 0.0, 0.0034910007379949093, 3.2052321434020996]
alpha/beta optimization time: 0.4024379253387451
pruning_in_iteration open status: False
ratio of positive domain = 0 / 256 = 0.0
pruning-in-iteration extra time: 0.0001270771026611328
torch.Size([256, 1])
Time: prepare 0.0033    bound 0.4039    transfer 0.0129    finalize 0.0832    func 0.5033    
Accumulated time: func 158.6383    prepare 2.8009    bound 139.9670    transfer 1.3486    finalize 16.4594    
max lb tensor(-922.) min lb tensor(-1168.)
Number of Verified Splits: 0 of 256
Current worst splitting domains lb-rhs (depth):
-1168.00000 (196), -1168.00000 (150), -1168.00000 (147), -1168.00000 (215), -1168.00000 (12), -1168.00000 (162), -1168.00000 (71), -1168.00000 (172), -1168.00000 (23), -1168.00000 (87), -1168.00000 (128), -1168.00000 (221), -1168.00000 (67), -1168.00000 (78), -1168.00000 (109), -1168.00000 (220), -1168.00000 (142), -1168.00000 (152), -1168.00000 (120), -1168.00000 (122), 
Length of domains: 28840
Current (lb-rhs): -1168.0
57596 domains visited
Time: pickout 0.0423    decision 0.1356    set_bounds 0.0072    solve 0.5037    add 0.0806    
Accumulated time: pickout 6.5083    decision 53.6583    set_bounds 2.1347    solve 158.7808    add 25.1084    
Cumulative time: 246.87549376487732

BaB round 227
batch: 128
splitting decisions: 
split level 0: [/74, 428] [/74, 493] [/74, 997] [/74, 999] [/55, 637] [/74, 482] [/74, 718] [/74, 275] [/74, 418] [/74, 997] 
best_l after optimization: -268007.9375
beta sum per layer: [0.0, 0.0, 0.0030119847506284714, 2.9150209426879883]
alpha/beta optimization time: 0.4341733455657959
pruning_in_iteration open status: False
ratio of positive domain = 0 / 256 = 0.0
pruning-in-iteration extra time: 0.00020837783813476562
torch.Size([256, 1])
Time: prepare 0.0034    bound 0.4357    transfer 0.0124    finalize 0.0835    func 0.5350    
Accumulated time: func 159.1732    prepare 2.8056    bound 140.4027    transfer 1.3610    finalize 16.5429    
max lb tensor(-922.) min lb tensor(-1168.)
Number of Verified Splits: 0 of 256
Current worst splitting domains lb-rhs (depth):
-1168.00000 (52), -1168.00000 (83), -1168.00000 (52), -1168.00000 (117), -1168.00000 (9), -1168.00000 (160), -1168.00000 (198), -1168.00000 (219), -1168.00000 (159), -1168.00000 (52), -1168.00000 (83), -1168.00000 (117), -1168.00000 (159), -1168.00000 (198), -1168.00000 (24), -1168.00000 (117), -1168.00000 (24), -1168.00000 (159), -1168.00000 (82), -1168.00000 (218), 
Length of domains: 28968
Current (lb-rhs): -1168.0
57852 domains visited
Time: pickout 0.0421    decision 0.1312    set_bounds 0.0076    solve 0.5355    add 0.0805    
Accumulated time: pickout 6.5504    decision 53.7896    set_bounds 2.1423    solve 159.3162    add 25.1889    
Cumulative time: 247.67672681808472

BaB round 228
batch: 128
splitting decisions: 
split level 0: [/74, 140] [/74, 303] [/74, 578] [/74, 462] [/55, 948] [/74, 389] [/74, 148] [/74, 107] [/74, 748] [/74, 578] 
best_l after optimization: -268006.78125
beta sum per layer: [0.0, 0.0, 0.004147503059357405, 2.788478374481201]
alpha/beta optimization time: 0.5528459548950195
pruning_in_iteration open status: False
ratio of positive domain = 0 / 256 = 0.0
pruning-in-iteration extra time: 0.00018906593322753906
torch.Size([256, 1])
Time: prepare 0.0047    bound 0.5544    transfer 0.0136    finalize 0.0868    func 0.6596    
Accumulated time: func 159.8329    prepare 2.8121    bound 140.9571    transfer 1.3746    finalize 16.6297    
max lb tensor(-922.) min lb tensor(-1168.)
Number of Verified Splits: 0 of 256
Current worst splitting domains lb-rhs (depth):
-1168.00000 (206), -1168.00000 (143), -1168.00000 (13), -1168.00000 (75), -1168.00000 (222), -1168.00000 (102), -1168.00000 (59), -1168.00000 (118), -1168.00000 (88), -1168.00000 (38), -1168.00000 (44), -1168.00000 (19), -1168.00000 (157), -1168.00000 (127), -1168.00000 (42), -1168.00000 (198), -1168.00000 (225), -1168.00000 (69), -1168.00000 (167), -1168.00000 (93), 
Length of domains: 29096
Current (lb-rhs): -1168.0
58108 domains visited
Time: pickout 0.0433    decision 0.1900    set_bounds 0.3079    solve 0.6602    add 0.0843    
Accumulated time: pickout 6.5936    decision 53.9796    set_bounds 2.4502    solve 159.9764    add 25.2732    
Cumulative time: 248.9675681591034

BaB round 229
batch: 128
splitting decisions: 
split level 0: [/74, 398] [/74, 25] [/74, 516] [/74, 811] [/55, 247] [/74, 928] [/74, 914] [/74, 362] [/74, 339] [/74, 276] 
best_l after optimization: -268006.375
beta sum per layer: [0.0, 0.0, 0.005858183838427067, 2.740684747695923]
alpha/beta optimization time: 0.562978982925415
pruning_in_iteration open status: False
ratio of positive domain = 0 / 256 = 0.0
pruning-in-iteration extra time: 5.9604644775390625e-05
torch.Size([256, 1])
Time: prepare 0.0039    bound 0.5644    transfer 0.0072    finalize 0.0845    func 0.6600    
Accumulated time: func 160.4928    prepare 2.8195    bound 141.5215    transfer 1.3818    finalize 16.7142    
max lb tensor(-922.) min lb tensor(-1168.)
Number of Verified Splits: 0 of 256
Current worst splitting domains lb-rhs (depth):
-1168.00000 (126), -1168.00000 (42), -1168.00000 (127), -1168.00000 (145), -1168.00000 (34), -1168.00000 (86), -1168.00000 (218), -1168.00000 (64), -1168.00000 (11), -1168.00000 (77), -1168.00000 (197), -1168.00000 (77), -1168.00000 (164), -1168.00000 (186), -1168.00000 (26), -1168.00000 (114), -1168.00000 (175), -1168.00000 (144), -1168.00000 (127), -1168.00000 (186), 
Length of domains: 29224
Current (lb-rhs): -1168.0
58364 domains visited
Time: pickout 0.0540    decision 0.1896    set_bounds 0.0075    solve 0.6605    add 0.0801    
Accumulated time: pickout 6.6476    decision 54.1692    set_bounds 2.4576    solve 160.6369    add 25.3532    
Cumulative time: 249.96402430534363

BaB round 230
batch: 128
splitting decisions: 
split level 0: [/74, 282] [/74, 278] [/74, 482] [/74, 881] [/55, 450] [/74, 999] [/74, 989] [/74, 524] [/74, 430] [/74, 572] 
best_l after optimization: -268005.875
beta sum per layer: [0.0, 0.0, 0.0038778057787567377, 2.6835098266601562]
alpha/beta optimization time: 0.591010332107544
pruning_in_iteration open status: False
ratio of positive domain = 0 / 256 = 0.0
pruning-in-iteration extra time: 3.7670135498046875e-05
torch.Size([256, 1])
Time: prepare 0.0066    bound 0.5925    transfer 0.0097    finalize 0.0842    func 0.6930    
Accumulated time: func 161.1859    prepare 2.8284    bound 142.1140    transfer 1.3915    finalize 16.7985    
max lb tensor(-922.) min lb tensor(-1168.)
Number of Verified Splits: 0 of 256
Current worst splitting domains lb-rhs (depth):
-1168.00000 (150), -1168.00000 (39), -1168.00000 (185), -1168.00000 (22), -1168.00000 (130), -1168.00000 (12), -1168.00000 (66), -1168.00000 (77), -1168.00000 (89), -1168.00000 (105), -1168.00000 (123), -1168.00000 (213), -1168.00000 (160), -1168.00000 (118), -1168.00000 (47), -1168.00000 (100), -1168.00000 (153), -1168.00000 (17), -1168.00000 (157), -1168.00000 (81), 
Length of domains: 29352
Current (lb-rhs): -1168.0
58620 domains visited
Time: pickout 0.0496    decision 0.1792    set_bounds 0.0078    solve 0.6935    add 0.0863    
Accumulated time: pickout 6.6972    decision 54.3484    set_bounds 2.4654    solve 161.3304    add 25.4395    
Cumulative time: 250.98577070236206

BaB round 231
batch: 128
splitting decisions: 
split level 0: [/74, 440] [/74, 418] [/74, 518] [/74, 936] [/55, 974] [/74, 687] [/74, 930] [/74, 942] [/74, 716] [/74, 516] 
best_l after optimization: -268005.625
beta sum per layer: [0.0, 0.0, 0.0038778057787567377, 2.659205675125122]
alpha/beta optimization time: 0.5770769119262695
pruning_in_iteration open status: False
ratio of positive domain = 0 / 256 = 0.0
pruning-in-iteration extra time: 0.00016188621520996094
torch.Size([256, 1])
Time: prepare 0.0036    bound 0.5786    transfer 0.0101    finalize 0.0835    func 0.6758    
Accumulated time: func 161.8617    prepare 2.8351    bound 142.6926    transfer 1.4016    finalize 16.8819    
max lb tensor(-922.) min lb tensor(-1168.)
Number of Verified Splits: 0 of 256
Current worst splitting domains lb-rhs (depth):
-1168.00000 (145), -1168.00000 (225), -1168.00000 (90), -1168.00000 (146), -1168.00000 (65), -1168.00000 (203), -1168.00000 (146), -1168.00000 (65), -1168.00000 (145), -1168.00000 (23), -1168.00000 (203), -1168.00000 (111), -1168.00000 (145), -1168.00000 (65), -1168.00000 (24), -1168.00000 (90), -1168.00000 (203), -1168.00000 (23), -1168.00000 (66), -1168.00000 (144), 
Length of domains: 29480
Current (lb-rhs): -1168.0
58876 domains visited
Time: pickout 0.0558    decision 0.2128    set_bounds 0.0082    solve 0.6763    add 0.0759    
Accumulated time: pickout 6.7530    decision 54.5612    set_bounds 2.4737    solve 162.0067    add 25.5154    
Cumulative time: 252.02018475532532

BaB round 232
batch: 128
splitting decisions: 
split level 0: [/74, 151] [/74, 664] [/74, 928] [/74, 154] [/55, 1163] [/74, 811] [/74, 144] [/74, 840] [/74, 636] [/74, 482] 
best_l after optimization: -268005.4375
beta sum per layer: [0.0, 0.0, 0.0038778057787567377, 2.642538070678711]
alpha/beta optimization time: 0.5869705677032471
pruning_in_iteration open status: False
ratio of positive domain = 0 / 256 = 0.0
pruning-in-iteration extra time: 0.00044918060302734375
torch.Size([256, 1])
Time: prepare 0.0068    bound 0.5888    transfer 0.0106    finalize 0.0828    func 0.6890    
Accumulated time: func 162.5507    prepare 2.8438    bound 143.2814    transfer 1.4122    finalize 16.9647    
max lb tensor(-922.) min lb tensor(-1168.)
Number of Verified Splits: 0 of 256
Current worst splitting domains lb-rhs (depth):
-1168.00000 (146), -1168.00000 (187), -1168.00000 (100), -1168.00000 (7), -1168.00000 (66), -1168.00000 (162), -1168.00000 (187), -1168.00000 (67), -1168.00000 (21), -1168.00000 (220), -1168.00000 (67), -1168.00000 (132), -1168.00000 (100), -1168.00000 (186), -1168.00000 (66), -1168.00000 (67), -1168.00000 (186), -1168.00000 (116), -1168.00000 (123), -1168.00000 (21), 
Length of domains: 29608
Current (lb-rhs): -1168.0
59132 domains visited
Time: pickout 0.0499    decision 0.1844    set_bounds 0.0092    solve 0.6895    add 0.0775    
Accumulated time: pickout 6.8029    decision 54.7456    set_bounds 2.4829    solve 162.6962    add 25.5929    
Cumulative time: 253.03594183921814

BaB round 233
batch: 128
splitting decisions: 
split level 0: [/74, 220] [/74, 901] [/74, 999] [/74, 903] [/55, 961] [/74, 560] [/74, 546] [/74, 68] [/74, 762] [/74, 389] 
best_l after optimization: -268005.40625
beta sum per layer: [0.0, 0.0, 0.0038778057787567377, 2.6278607845306396]
alpha/beta optimization time: 0.6465318202972412
pruning_in_iteration open status: False
ratio of positive domain = 0 / 256 = 0.0
pruning-in-iteration extra time: 3.7670135498046875e-05
torch.Size([256, 1])
Time: prepare 0.0035    bound 0.6479    transfer 0.0100    finalize 0.0817    func 0.7431    
Accumulated time: func 163.2938    prepare 2.8494    bound 143.9292    transfer 1.4222    finalize 17.0464    
max lb tensor(-922.) min lb tensor(-1168.)
Number of Verified Splits: 0 of 256
Current worst splitting domains lb-rhs (depth):
-1168.00000 (222), -1168.00000 (125), -1168.00000 (81), -1168.00000 (125), -1168.00000 (172), -1168.00000 (199), -1168.00000 (81), -1168.00000 (11), -1168.00000 (28), -1168.00000 (171), -1168.00000 (47), -1168.00000 (125), -1168.00000 (172), -1168.00000 (124), -1168.00000 (82), -1168.00000 (47), -1168.00000 (172), -1168.00000 (126), -1168.00000 (127), -1168.00000 (80), 
Length of domains: 29736
Current (lb-rhs): -1168.0
59388 domains visited
Time: pickout 0.0502    decision 0.1984    set_bounds 0.0073    solve 0.7436    add 0.0789    
Accumulated time: pickout 6.8531    decision 54.9440    set_bounds 2.4902    solve 163.4398    add 25.6718    
Cumulative time: 254.11912870407104

BaB round 234
batch: 128
splitting decisions: 
split level 0: [/74, 926] [/74, 748] [/74, 462] [/74, 275] [/55, 236] [/74, 946] [/55, 242] [/74, 428] [/74, 859] [/74, 518] 
best_l after optimization: -268005.125
beta sum per layer: [0.0, 0.007050099782645702, 0.034408703446388245, 3.18487811088562]
alpha/beta optimization time: 0.8629214763641357
pruning_in_iteration open status: False
ratio of positive domain = 0 / 256 = 0.0
pruning-in-iteration extra time: 0.0001857280731201172
torch.Size([256, 1])
Time: prepare 0.0105    bound 0.8646    transfer 0.0096    finalize 0.0829    func 0.9675    
Accumulated time: func 164.2614    prepare 2.8612    bound 144.7938    transfer 1.4318    finalize 17.1294    
max lb tensor(-922.) min lb tensor(-1168.)
Number of Verified Splits: 0 of 256
Current worst splitting domains lb-rhs (depth):
-1168.00000 (7), -1168.00000 (51), -1168.00000 (134), -1168.00000 (206), -1168.00000 (76), -1168.00000 (162), -1168.00000 (43), -1168.00000 (187), -1168.00000 (28), -1168.00000 (140), -1168.00000 (11), -1168.00000 (63), -1168.00000 (92), -1168.00000 (224), -1168.00000 (232), -1168.00000 (131), -1168.00000 (110), -1168.00000 (170), -1168.00000 (104), -1168.00000 (217), 
Length of domains: 29864
Current (lb-rhs): -1168.0
59644 domains visited
Time: pickout 0.0698    decision 0.1619    set_bounds 0.0164    solve 0.9680    add 0.0832    
Accumulated time: pickout 6.9229    decision 55.1060    set_bounds 2.5066    solve 164.4078    add 25.7550    
Cumulative time: 255.4236183166504

BaB round 235
batch: 128
splitting decisions: 
split level 0: [/74, 121] [/74, 339] [/74, 811] [/74, 107] [/55, 1448] [/74, 881] [/55, 241] [/74, 398] [/74, 648] [/74, 928] 
best_l after optimization: -268008.78125
beta sum per layer: [0.0, 0.009041765704751015, 0.035261720418930054, 2.9551143646240234]
alpha/beta optimization time: 0.8078784942626953
pruning_in_iteration open status: False
ratio of positive domain = 0 / 256 = 0.0
pruning-in-iteration extra time: 0.00010323524475097656
torch.Size([256, 1])
Time: prepare 0.0036    bound 0.8094    transfer 0.0096    finalize 0.0819    func 0.9045    
Accumulated time: func 165.1658    prepare 2.8666    bound 145.6032    transfer 1.4414    finalize 17.2112    
max lb tensor(-922.) min lb tensor(-1168.)
Number of Verified Splits: 0 of 256
Current worst splitting domains lb-rhs (depth):
-1168.00000 (54), -1168.00000 (45), -1168.00000 (50), -1168.00000 (83), -1168.00000 (38), -1168.00000 (213), -1168.00000 (95), -1168.00000 (19), -1168.00000 (231), -1168.00000 (135), -1168.00000 (176), -1168.00000 (9), -1168.00000 (197), -1168.00000 (153), -1168.00000 (116), -1168.00000 (226), -1168.00000 (165), -1168.00000 (142), -1168.00000 (214), -1168.00000 (161), 
Length of domains: 29992
Current (lb-rhs): -1168.0
59900 domains visited
Time: pickout 0.0630    decision 0.1677    set_bounds 0.0074    solve 0.9050    add 0.0801    
Accumulated time: pickout 6.9859    decision 55.2737    set_bounds 2.5141    solve 165.3128    add 25.8351    
Cumulative time: 256.6517686843872

BaB round 236
batch: 128
splitting decisions: 
split level 0: [/74, 231] [/74, 449] [/74, 503] [/74, 524] [/49, 2760] [/74, 209] [/55, 737] [/74, 151] [/74, 652] [/74, 999] 
best_l after optimization: -268008.0625
beta sum per layer: [0.0, 0.007688394282013178, 0.036956287920475006, 2.862825393676758]
alpha/beta optimization time: 0.784853458404541
pruning_in_iteration open status: False
ratio of positive domain = 0 / 256 = 0.0
pruning-in-iteration extra time: 0.00010657310485839844
torch.Size([256, 1])
Time: prepare 0.0035    bound 0.7863    transfer 0.0097    finalize 0.0819    func 0.8815    
Accumulated time: func 166.0473    prepare 2.8722    bound 146.3894    transfer 1.4511    finalize 17.2932    
max lb tensor(-922.) min lb tensor(-1168.)
Number of Verified Splits: 0 of 256
Current worst splitting domains lb-rhs (depth):
-1168.00000 (25), -1168.00000 (41), -1168.00000 (132), -1168.00000 (70), -1168.00000 (85), -1168.00000 (105), -1168.00000 (163), -1168.00000 (115), -1168.00000 (140), -1168.00000 (234), -1168.00000 (71), -1168.00000 (15), -1168.00000 (178), -1168.00000 (152), -1168.00000 (51), -1168.00000 (143), -1168.00000 (188), -1168.00000 (149), -1168.00000 (51), -1168.00000 (31), 
Length of domains: 30120
Current (lb-rhs): -1168.0
60156 domains visited
Time: pickout 0.0627    decision 0.1995    set_bounds 0.0071    solve 0.8820    add 0.0788    
Accumulated time: pickout 7.0486    decision 55.4732    set_bounds 2.5211    solve 166.1947    add 25.9139    
Cumulative time: 257.8866412639618

BaB round 237
batch: 128
splitting decisions: 
split level 0: [/74, 365] [/74, 376] [/74, 560] [/74, 48] [/49, 2758] [/74, 936] [/55, 1262] [/74, 220] [/74, 997] [/74, 248] 
best_l after optimization: -268007.46875
beta sum per layer: [0.0, 0.007688394282013178, 0.036956287920475006, 2.8199000358581543]
alpha/beta optimization time: 0.7656528949737549
pruning_in_iteration open status: False
ratio of positive domain = 0 / 256 = 0.0
pruning-in-iteration extra time: 0.0023899078369140625
torch.Size([256, 1])
Time: prepare 0.0035    bound 0.7693    transfer 0.0117    finalize 0.0819    func 0.8664    
Accumulated time: func 166.9137    prepare 2.8824    bound 147.1588    transfer 1.4628    finalize 17.3750    
max lb tensor(-922.) min lb tensor(-1168.)
Number of Verified Splits: 0 of 256
Current worst splitting domains lb-rhs (depth):
-1168.00000 (96), -1168.00000 (224), -1168.00000 (20), -1168.00000 (43), -1168.00000 (140), -1168.00000 (60), -1168.00000 (188), -1168.00000 (178), -1168.00000 (130), -1168.00000 (213), -1168.00000 (35), -1168.00000 (27), -1168.00000 (232), -1168.00000 (204), -1168.00000 (46), -1168.00000 (73), -1168.00000 (192), -1168.00000 (12), -1168.00000 (39), -1168.00000 (109), 
Length of domains: 30248
Current (lb-rhs): -1168.0
60412 domains visited
Time: pickout 0.0657    decision 0.2182    set_bounds 0.0072    solve 0.8669    add 0.0853    
Accumulated time: pickout 7.1143    decision 55.6914    set_bounds 2.5283    solve 167.0616    add 25.9993    
Cumulative time: 259.13508772850037

BaB round 238
batch: 128
splitting decisions: 
split level 0: [/74, 330] [/74, 716] [/74, 753] [/74, 942] [/49, 7999] [/74, 58] [/55, 1261] [/74, 414] [/74, 578] [/74, 811] 
best_l after optimization: -268007.125
beta sum per layer: [0.0, 0.007688394282013178, 0.0384531170129776, 2.758324384689331]
alpha/beta optimization time: 0.7851037979125977
pruning_in_iteration open status: False
ratio of positive domain = 0 / 256 = 0.0
pruning-in-iteration extra time: 0.00015163421630859375
torch.Size([256, 1])
Time: prepare 0.0037    bound 0.7866    transfer 0.0094    finalize 0.0816    func 0.8813    
Accumulated time: func 167.7951    prepare 2.8976    bound 147.9454    transfer 1.4722    finalize 17.4566    
max lb tensor(-922.) min lb tensor(-1168.)
Number of Verified Splits: 0 of 256
Current worst splitting domains lb-rhs (depth):
-1168.00000 (156), -1168.00000 (216), -1168.00000 (162), -1168.00000 (170), -1168.00000 (184), -1168.00000 (108), -1168.00000 (98), -1168.00000 (118), -1168.00000 (52), -1168.00000 (127), -1168.00000 (149), -1168.00000 (203), -1168.00000 (79), -1168.00000 (170), -1168.00000 (41), -1168.00000 (98), -1168.00000 (230), -1168.00000 (211), -1168.00000 (44), -1168.00000 (206), 
Length of domains: 30376
Current (lb-rhs): -1168.0
60668 domains visited
Time: pickout 0.0622    decision 0.2159    set_bounds 0.0077    solve 0.8818    add 0.0846    
Accumulated time: pickout 7.1765    decision 55.9074    set_bounds 2.5360    solve 167.9435    add 26.0838    
Cumulative time: 260.39220571517944

BaB round 239
batch: 128
splitting decisions: 
split level 0: [/74, 718] [/74, 636] [/74, 881] [/74, 68] [/49, 5475] [/74, 246] [/55, 568] [/74, 589] [/74, 276] [/74, 560] 
best_l after optimization: -268006.78125
beta sum per layer: [0.0, 0.007688394282013178, 0.03793605417013168, 2.7200570106506348]
alpha/beta optimization time: 0.7865183353424072
pruning_in_iteration open status: False
ratio of positive domain = 0 / 256 = 0.0
pruning-in-iteration extra time: 0.00014591217041015625
torch.Size([256, 1])
Time: prepare 0.0035    bound 0.7879    transfer 0.0099    finalize 0.0825    func 0.8840    
Accumulated time: func 168.6790    prepare 2.9070    bound 148.7333    transfer 1.4821    finalize 17.5392    
max lb tensor(-922.) min lb tensor(-1168.)
Number of Verified Splits: 0 of 256
Current worst splitting domains lb-rhs (depth):
-1168.00000 (46), -1168.00000 (134), -1168.00000 (6), -1168.00000 (23), -1168.00000 (94), -1168.00000 (202), -1168.00000 (113), -1168.00000 (180), -1168.00000 (162), -1168.00000 (121), -1168.00000 (154), -1168.00000 (79), -1168.00000 (65), -1168.00000 (180), -1168.00000 (30), -1168.00000 (53), -1168.00000 (170), -1168.00000 (225), -1168.00000 (231), -1168.00000 (211), 
Length of domains: 30504
Current (lb-rhs): -1168.0
60924 domains visited
Time: pickout 0.0648    decision 0.2010    set_bounds 0.0073    solve 0.8844    add 0.0816    
Accumulated time: pickout 7.2413    decision 56.1084    set_bounds 2.5433    solve 168.8279    add 26.1654    
Cumulative time: 261.6365432739258

BaB round 240
batch: 128
splitting decisions: 
split level 0: [/74, 959] [/74, 944] [/74, 209] [/74, 440] [/49, 7661] [/74, 903] [/55, 208] [/74, 681] [/74, 389] [/74, 946] 
best_l after optimization: -268006.53125
beta sum per layer: [0.0, 0.007688394282013178, 0.036956287920475006, 2.6969592571258545]
alpha/beta optimization time: 0.7901260852813721
pruning_in_iteration open status: False
ratio of positive domain = 0 / 256 = 0.0
pruning-in-iteration extra time: 0.00014710426330566406
torch.Size([256, 1])
Time: prepare 0.0036    bound 0.7916    transfer 0.0101    finalize 0.0821    func 0.8875    
Accumulated time: func 169.5665    prepare 2.9158    bound 149.5249    transfer 1.4923    finalize 17.6213    
max lb tensor(-922.) min lb tensor(-1168.)
Number of Verified Splits: 0 of 256
Current worst splitting domains lb-rhs (depth):
-1168.00000 (165), -1168.00000 (29), -1168.00000 (13), -1168.00000 (234), -1168.00000 (202), -1168.00000 (56), -1168.00000 (222), -1168.00000 (80), -1168.00000 (126), -1168.00000 (185), -1168.00000 (152), -1168.00000 (108), -1168.00000 (56), -1168.00000 (202), -1168.00000 (152), -1168.00000 (7), -1168.00000 (80), -1168.00000 (22), -1168.00000 (57), -1168.00000 (125), 
Length of domains: 30632
Current (lb-rhs): -1168.0
61180 domains visited
Time: pickout 0.0632    decision 0.2163    set_bounds 0.0074    solve 0.8880    add 0.0805    
Accumulated time: pickout 7.3045    decision 56.3247    set_bounds 2.5507    solve 169.7159    add 26.2459    
Cumulative time: 262.89671421051025

BaB round 241
batch: 128
splitting decisions: 
split level 0: [/74, 217] [/74, 859] [/74, 186] [/74, 414] [/49, 2771] [/74, 275] [/55, 799] [/74, 231] [/74, 928] [/74, 881] 
best_l after optimization: -268006.40625
beta sum per layer: [0.0, 0.007688394282013178, 0.036956291645765305, 2.6834869384765625]
alpha/beta optimization time: 0.3853132724761963
pruning_in_iteration open status: False
ratio of positive domain = 0 / 256 = 0.0
pruning-in-iteration extra time: 3.814697265625e-05
torch.Size([256, 1])
Time: prepare 0.0035    bound 0.3867    transfer 0.0100    finalize 0.0826    func 0.4830    
Accumulated time: func 170.0495    prepare 2.9257    bound 149.9116    transfer 1.5023    finalize 17.7039    
max lb tensor(-922.) min lb tensor(-1168.)
Number of Verified Splits: 0 of 256
Current worst splitting domains lb-rhs (depth):
-1168.00000 (13), -1168.00000 (135), -1168.00000 (80), -1168.00000 (31), -1168.00000 (202), -1168.00000 (134), -1168.00000 (227), -1168.00000 (80), -1168.00000 (185), -1168.00000 (134), -1168.00000 (13), -1168.00000 (81), -1168.00000 (134), -1168.00000 (227), -1168.00000 (44), -1168.00000 (185), -1168.00000 (133), -1168.00000 (81), -1168.00000 (133), -1168.00000 (136), 
Length of domains: 30760
Current (lb-rhs): -1168.0
61436 domains visited
Time: pickout 0.0678    decision 0.3474    set_bounds 0.0072    solve 0.4834    add 0.0763    
Accumulated time: pickout 7.3723    decision 56.6721    set_bounds 2.5579    solve 170.1994    add 26.3222    
Cumulative time: 263.8837718963623

BaB round 242
batch: 128
splitting decisions: 
split level 0: [/74, 314] [/74, 648] [/74, 936] [/74, 724] [/49, 8842] [/74, 107] [/55, 1046] [/74, 330] [/74, 687] [/74, 209] 
best_l after optimization: -268006.09375
beta sum per layer: [0.0, 0.007688394282013178, 0.036956291645765305, 2.659688949584961]
alpha/beta optimization time: 0.9084835052490234
pruning_in_iteration open status: False
ratio of positive domain = 0 / 256 = 0.0
pruning-in-iteration extra time: 3.4332275390625e-05
torch.Size([256, 1])
Time: prepare 0.0138    bound 0.9099    transfer 0.0095    finalize 0.0796    func 1.0129    
Accumulated time: func 171.0624    prepare 2.9413    bound 150.8216    transfer 1.5118    finalize 17.7835    
max lb tensor(-922.) min lb tensor(-1168.)
Number of Verified Splits: 0 of 256
Current worst splitting domains lb-rhs (depth):
-1168.00000 (171), -1168.00000 (101), -1168.00000 (220), -1168.00000 (171), -1168.00000 (15), -1168.00000 (102), -1168.00000 (234), -1168.00000 (102), -1168.00000 (171), -1168.00000 (102), -1168.00000 (172), -1168.00000 (15), -1168.00000 (103), -1168.00000 (43), -1168.00000 (214), -1168.00000 (170), -1168.00000 (103), -1168.00000 (234), -1168.00000 (103), -1168.00000 (172), 
Length of domains: 30888
Current (lb-rhs): -1168.0
61692 domains visited
Time: pickout 0.0496    decision 0.3114    set_bounds 0.0212    solve 1.0134    add 0.0761    
Accumulated time: pickout 7.4219    decision 56.9835    set_bounds 2.5791    solve 171.2127    add 26.3983    
Cumulative time: 265.3599908351898

BaB round 243
batch: 128
splitting decisions: 
split level 0: [/74, 968] [/74, 644] [/74, 154] [/74, 926] [/49, 5488] [/74, 48] [/55, 432] [/74, 718] [/74, 462] [/74, 11] 
best_l after optimization: -268006.0
beta sum per layer: [0.0, 0.007688394282013178, 0.036956287920475006, 2.6516995429992676]
alpha/beta optimization time: 0.8799171447753906
pruning_in_iteration open status: False
ratio of positive domain = 0 / 256 = 0.0
pruning-in-iteration extra time: 3.695487976074219e-05
torch.Size([256, 1])
Time: prepare 0.0140    bound 0.8813    transfer 0.0098    finalize 0.0812    func 0.9863    
Accumulated time: func 172.0487    prepare 2.9571    bound 151.7029    transfer 1.5216    finalize 17.8647    
max lb tensor(-922.) min lb tensor(-1168.)
Number of Verified Splits: 0 of 256
Current worst splitting domains lb-rhs (depth):
-1168.00000 (81), -1168.00000 (9), -1168.00000 (30), -1168.00000 (24), -1168.00000 (165), -1168.00000 (156), -1168.00000 (205), -1168.00000 (183), -1168.00000 (66), -1168.00000 (123), -1168.00000 (46), -1168.00000 (115), -1168.00000 (136), -1168.00000 (229), -1168.00000 (239), -1168.00000 (183), -1168.00000 (157), -1168.00000 (95), -1168.00000 (136), -1168.00000 (90), 
Length of domains: 31016
Current (lb-rhs): -1168.0
61948 domains visited
Time: pickout 0.0491    decision 0.3110    set_bounds 0.0212    solve 0.9868    add 0.0750    
Accumulated time: pickout 7.4710    decision 57.2945    set_bounds 2.6004    solve 172.1995    add 26.4734    
Cumulative time: 266.8076777458191

BaB round 244
batch: 128
splitting decisions: 
split level 0: [/74, 914] [/74, 912] [/74, 903] [/74, 589] [/49, 1939] [/74, 942] [/55, 1202] [/74, 217] [/74, 248] [/74, 186] 
best_l after optimization: -268005.90625
beta sum per layer: [0.0, 0.08665846288204193, 0.255111426115036, 3.4812026023864746]
alpha/beta optimization time: 0.7896137237548828
pruning_in_iteration open status: False
ratio of positive domain = 0 / 256 = 0.0
pruning-in-iteration extra time: 3.552436828613281e-05
torch.Size([256, 1])
Time: prepare 0.0140    bound 0.7910    transfer 0.0094    finalize 0.0800    func 0.8944    
Accumulated time: func 172.9431    prepare 2.9869    bound 152.4939    transfer 1.5310    finalize 17.9446    
max lb tensor(-922.) min lb tensor(-1168.)
Number of Verified Splits: 0 of 256
Current worst splitting domains lb-rhs (depth):
-1168.00000 (122), -1168.00000 (134), -1168.00000 (207), -1168.00000 (184), -1168.00000 (26), -1168.00000 (87), -1168.00000 (109), -1168.00000 (10), -1168.00000 (55), -1168.00000 (228), -1168.00000 (207), -1168.00000 (55), -1168.00000 (88), -1168.00000 (159), -1168.00000 (183), -1168.00000 (26), -1168.00000 (168), -1168.00000 (228), -1168.00000 (56), -1168.00000 (87), 
Length of domains: 31144
Current (lb-rhs): -1168.0
62204 domains visited
Time: pickout 0.0512    decision 0.4140    set_bounds 0.0190    solve 0.8950    add 0.0767    
Accumulated time: pickout 7.5222    decision 57.7084    set_bounds 2.6193    solve 173.0945    add 26.5501    
Cumulative time: 268.2678818702698

BaB round 245
batch: 128
splitting decisions: 
split level 0: [/74, 608] [/74, 325] [/74, 275] [/74, 681] [/49, 2095] [/74, 68] [/55, 303] [/74, 148] [/74, 811] [/74, 58] 
best_l after optimization: -268012.8125
beta sum per layer: [0.0, 0.09638294577598572, 0.2204360067844391, 3.162508010864258]
alpha/beta optimization time: 0.7026174068450928
pruning_in_iteration open status: False
ratio of positive domain = 0 / 256 = 0.0
pruning-in-iteration extra time: 0.0001468658447265625
torch.Size([256, 1])
Time: prepare 0.0036    bound 0.7041    transfer 0.0092    finalize 0.0815    func 0.7985    
Accumulated time: func 173.7416    prepare 3.0129    bound 153.1980    transfer 1.5402    finalize 18.0262    
max lb tensor(-922.) min lb tensor(-1168.)
Number of Verified Splits: 0 of 256
Current worst splitting domains lb-rhs (depth):
-1168.00000 (92), -1168.00000 (231), -1168.00000 (188), -1168.00000 (57), -1168.00000 (201), -1168.00000 (13), -1168.00000 (208), -1168.00000 (122), -1168.00000 (231), -1168.00000 (171), -1168.00000 (30), -1168.00000 (122), -1168.00000 (13), -1168.00000 (231), -1168.00000 (188), -1168.00000 (149), -1168.00000 (122), -1168.00000 (57), -1168.00000 (44), -1168.00000 (73), 
Length of domains: 31272
Current (lb-rhs): -1168.0
62460 domains visited
Time: pickout 0.0667    decision 0.5004    set_bounds 0.0073    solve 0.7989    add 0.0851    
Accumulated time: pickout 7.5889    decision 58.2088    set_bounds 2.6267    solve 173.8934    add 26.6351    
Cumulative time: 269.73079204559326

BaB round 246
batch: 128
splitting decisions: 
split level 0: [/74, 816] [/74, 967] [/74, 107] [/74, 231] [/55, 472] [/74, 140] [/49, 589] [/74, 968] [/74, 503] [/74, 246] 
best_l after optimization: -268011.625
beta sum per layer: [0.0, 0.0846855491399765, 0.23100899159908295, 2.9827256202697754]
alpha/beta optimization time: 0.682161808013916
pruning_in_iteration open status: False
ratio of positive domain = 0 / 256 = 0.0
pruning-in-iteration extra time: 0.0002453327178955078
torch.Size([256, 1])
Time: prepare 0.0037    bound 0.6838    transfer 0.0097    finalize 0.0815    func 0.7787    
Accumulated time: func 174.5203    prepare 3.0325    bound 153.8817    transfer 1.5500    finalize 18.1077    
max lb tensor(-922.) min lb tensor(-1168.)
Number of Verified Splits: 0 of 256
Current worst splitting domains lb-rhs (depth):
-1168.00000 (129), -1168.00000 (47), -1168.00000 (228), -1168.00000 (191), -1168.00000 (129), -1168.00000 (112), -1168.00000 (7), -1168.00000 (229), -1168.00000 (182), -1168.00000 (93), -1168.00000 (81), -1168.00000 (156), -1168.00000 (215), -1168.00000 (42), -1168.00000 (209), -1168.00000 (67), -1168.00000 (168), -1168.00000 (244), -1168.00000 (56), -1168.00000 (201), 
Length of domains: 31400
Current (lb-rhs): -1168.0
62716 domains visited
Time: pickout 0.0662    decision 0.4093    set_bounds 0.0072    solve 0.7792    add 0.0823    
Accumulated time: pickout 7.6551    decision 58.6181    set_bounds 2.6338    solve 174.6726    add 26.7174    
Cumulative time: 271.07934165000916

BaB round 247
batch: 128
splitting decisions: 
split level 0: [/74, 989] [/74, 997] [/74, 48] [/74, 365] [/55, 730] [/74, 398] [/55, 932] [/74, 914] [/74, 560] [/74, 275] 
best_l after optimization: -268011.25
beta sum per layer: [0.0, 0.1599452644586563, 0.34708184003829956, 3.465803623199463]
alpha/beta optimization time: 0.6960041522979736
pruning_in_iteration open status: False
ratio of positive domain = 0 / 256 = 0.0
pruning-in-iteration extra time: 3.981590270996094e-05
torch.Size([256, 1])
Time: prepare 0.0145    bound 0.6974    transfer 0.0100    finalize 0.0836    func 0.8057    
Accumulated time: func 175.3259    prepare 3.0564    bound 154.5792    transfer 1.5600    finalize 18.1913    
max lb tensor(-922.) min lb tensor(-1168.)
Number of Verified Splits: 0 of 256
Current worst splitting domains lb-rhs (depth):
-1168.00000 (42), -1168.00000 (50), -1168.00000 (6), -1168.00000 (20), -1168.00000 (224), -1168.00000 (97), -1168.00000 (45), -1168.00000 (208), -1168.00000 (118), -1168.00000 (155), -1168.00000 (242), -1168.00000 (70), -1168.00000 (183), -1168.00000 (139), -1168.00000 (155), -1168.00000 (232), -1168.00000 (197), -1168.00000 (140), -1168.00000 (70), -1168.00000 (224), 
Length of domains: 31528
Current (lb-rhs): -1168.0
62972 domains visited
Time: pickout 0.0614    decision 0.4356    set_bounds 0.0177    solve 0.8062    add 0.0808    
Accumulated time: pickout 7.7165    decision 59.0537    set_bounds 2.6515    solve 175.4788    add 26.7982    
Cumulative time: 272.48559617996216

BaB round 248
batch: 128
splitting decisions: 
split level 0: [/74, 632] [/74, 578] [/74, 942] [/74, 718] [/55, 1083] [/74, 282] [/49, 732] [/74, 608] [/74, 946] [/74, 362] 
best_l after optimization: -268014.65625
beta sum per layer: [0.0, 0.13344073295593262, 0.33610665798187256, 3.2059288024902344]
alpha/beta optimization time: 0.39402079582214355
pruning_in_iteration open status: False
ratio of positive domain = 0 / 256 = 0.0
pruning-in-iteration extra time: 0.00011157989501953125
torch.Size([256, 1])
Time: prepare 0.0045    bound 0.3958    transfer 0.0105    finalize 0.0877    func 0.4985    
Accumulated time: func 175.8245    prepare 3.0665    bound 154.9750    transfer 1.5705    finalize 18.2790    
max lb tensor(-922.) min lb tensor(-1168.)
Number of Verified Splits: 0 of 256
Current worst splitting domains lb-rhs (depth):
-1168.00000 (118), -1168.00000 (166), -1168.00000 (233), -1168.00000 (71), -1168.00000 (219), -1168.00000 (117), -1168.00000 (128), -1168.00000 (140), -1168.00000 (184), -1168.00000 (92), -1168.00000 (45), -1168.00000 (158), -1168.00000 (24), -1168.00000 (25), -1168.00000 (166), -1168.00000 (52), -1168.00000 (206), -1168.00000 (199), -1168.00000 (83), -1168.00000 (233), 
Length of domains: 31656
Current (lb-rhs): -1168.0
63228 domains visited
Time: pickout 0.0490    decision 0.4433    set_bounds 0.0050    solve 0.4990    add 0.0815    
Accumulated time: pickout 7.7655    decision 59.4970    set_bounds 2.6565    solve 175.9778    add 26.8797    
Cumulative time: 273.56763434410095

BaB round 249
batch: 128
splitting decisions: 
split level 0: [/74, 144] [/74, 276] [/74, 561] [/74, 959] [/49, 5464] [/74, 440] [/49, 8363] [/74, 21] [/74, 881] [/74, 942] 
best_l after optimization: -268014.0
beta sum per layer: [0.0, 0.14936557412147522, 0.32909172773361206, 3.135138988494873]
alpha/beta optimization time: 0.8033788204193115
pruning_in_iteration open status: False
ratio of positive domain = 0 / 256 = 0.0
pruning-in-iteration extra time: 0.0001494884490966797
torch.Size([256, 1])
Time: prepare 0.0037    bound 0.8048    transfer 0.0103    finalize 0.0869    func 0.9058    
Accumulated time: func 176.7302    prepare 3.0715    bound 155.7798    transfer 1.5808    finalize 18.3659    
max lb tensor(-922.) min lb tensor(-1168.)
Number of Verified Splits: 0 of 256
Current worst splitting domains lb-rhs (depth):
-1168.00000 (17), -1168.00000 (76), -1168.00000 (230), -1168.00000 (17), -1168.00000 (148), -1168.00000 (76), -1168.00000 (148), -1168.00000 (230), -1168.00000 (76), -1168.00000 (148), -1168.00000 (149), -1168.00000 (147), -1168.00000 (230), -1168.00000 (77), -1168.00000 (147), -1168.00000 (77), -1168.00000 (147), -1168.00000 (16), -1168.00000 (231), -1168.00000 (146), 
Length of domains: 31784
Current (lb-rhs): -1168.0
63484 domains visited
Time: pickout 0.0489    decision 0.1323    set_bounds 0.0045    solve 0.9062    add 0.0815    
Accumulated time: pickout 7.8143    decision 59.6293    set_bounds 2.6610    solve 176.8840    add 26.9612    
Cumulative time: 274.7461578845978

BaB round 250
batch: 128
splitting decisions: 
split level 0: [/74, 801] [/74, 516] [/74, 68] [/74, 217] [/49, 3631] [/74, 151] [/49, 4619] [/55, 926] [/74, 214] [/74, 561] 
best_l after optimization: -268013.75
beta sum per layer: [0.0, 0.16024520993232727, 0.33348986506462097, 3.0750129222869873]
alpha/beta optimization time: 0.7972543239593506
pruning_in_iteration open status: False
ratio of positive domain = 0 / 256 = 0.0
pruning-in-iteration extra time: 0.00014853477478027344
torch.Size([256, 1])
Time: prepare 0.0037    bound 0.7987    transfer 0.0094    finalize 0.0828    func 0.8945    
Accumulated time: func 177.6248    prepare 3.0774    bound 156.5785    transfer 1.5901    finalize 18.4487    
max lb tensor(-922.) min lb tensor(-1168.)
Number of Verified Splits: 0 of 256
Current worst splitting domains lb-rhs (depth):
-1168.00000 (128), -1168.00000 (129), -1168.00000 (82), -1168.00000 (194), -1168.00000 (82), -1168.00000 (236), -1168.00000 (193), -1168.00000 (160), -1168.00000 (82), -1168.00000 (23), -1168.00000 (129), -1168.00000 (83), -1168.00000 (193), -1168.00000 (83), -1168.00000 (193), -1168.00000 (23), -1168.00000 (83), -1168.00000 (237), -1168.00000 (160), -1168.00000 (22), 
Length of domains: 31912
Current (lb-rhs): -1168.0
63740 domains visited
Time: pickout 0.0599    decision 0.2037    set_bounds 0.0045    solve 0.8951    add 0.0776    
Accumulated time: pickout 7.8742    decision 59.8330    set_bounds 2.6655    solve 177.7791    add 27.0388    
Cumulative time: 275.989294052124

BaB round 251
batch: 128
splitting decisions: 
split level 0: [/74, 646] [/74, 389] [/74, 398] [/74, 314] [/49, 9522] [/74, 220] [/49, 3618] [/55, 501] [/74, 246] [/74, 428] 
best_l after optimization: -268013.34375
beta sum per layer: [0.0, 0.15810644626617432, 0.3371449112892151, 3.0132832527160645]
alpha/beta optimization time: 0.7843723297119141
pruning_in_iteration open status: False
ratio of positive domain = 0 / 256 = 0.0
pruning-in-iteration extra time: 0.00011324882507324219
torch.Size([256, 1])
Time: prepare 0.0038    bound 0.7859    transfer 0.0161    finalize 0.0850    func 0.8909    
Accumulated time: func 178.5156    prepare 3.0915    bound 157.3644    transfer 1.6062    finalize 18.5337    
max lb tensor(-922.) min lb tensor(-1168.)
Number of Verified Splits: 0 of 256
Current worst splitting domains lb-rhs (depth):
-1168.00000 (60), -1168.00000 (45), -1168.00000 (30), -1168.00000 (201), -1168.00000 (161), -1168.00000 (24), -1168.00000 (94), -1168.00000 (226), -1168.00000 (134), -1168.00000 (99), -1168.00000 (219), -1168.00000 (196), -1168.00000 (118), -1168.00000 (88), -1168.00000 (125), -1168.00000 (14), -1168.00000 (190), -1168.00000 (6), -1168.00000 (21), -1168.00000 (81), 
Length of domains: 32040
Current (lb-rhs): -1168.0
63996 domains visited
Time: pickout 0.0480    decision 0.3955    set_bounds 0.0077    solve 0.8913    add 0.0831    
Accumulated time: pickout 7.9222    decision 60.2285    set_bounds 2.6731    solve 178.6705    add 27.1219    
Cumulative time: 277.4172775745392

BaB round 252
batch: 128
splitting decisions: 
split level 0: [/74, 739] [/74, 518] [/74, 282] [/74, 914] [/49, 3436] [/74, 414] [/49, 7351] [/55, 1071] [/74, 275] [/74, 398] 
best_l after optimization: -268013.0
beta sum per layer: [0.0, 0.14748407900333405, 0.3341147303581238, 2.97977352142334]
alpha/beta optimization time: 0.8019323348999023
pruning_in_iteration open status: False
ratio of positive domain = 0 / 256 = 0.0
pruning-in-iteration extra time: 0.0001468658447265625
torch.Size([256, 1])
Time: prepare 0.0038    bound 0.8034    transfer 0.0042    finalize 0.0746    func 0.8860    
Accumulated time: func 179.4016    prepare 3.1038    bound 158.1679    transfer 1.6104    finalize 18.6083    
max lb tensor(-922.) min lb tensor(-1168.)
Number of Verified Splits: 0 of 256
Current worst splitting domains lb-rhs (depth):
-1168.00000 (63), -1168.00000 (51), -1168.00000 (109), -1168.00000 (176), -1168.00000 (136), -1168.00000 (77), -1168.00000 (25), -1168.00000 (161), -1168.00000 (218), -1168.00000 (51), -1168.00000 (129), -1168.00000 (141), -1168.00000 (109), -1168.00000 (63), -1168.00000 (183), -1168.00000 (191), -1168.00000 (237), -1168.00000 (51), -1168.00000 (218), -1168.00000 (88), 
Length of domains: 32168
Current (lb-rhs): -1168.0
64252 domains visited
Time: pickout 0.0466    decision 0.2319    set_bounds 0.0074    solve 0.8865    add 0.0675    
Accumulated time: pickout 7.9688    decision 60.4604    set_bounds 2.6805    solve 179.5570    add 27.1894    
Cumulative time: 278.6592881679535

BaB round 253
batch: 128
splitting decisions: 
split level 0: [/74, 463] [/74, 687] [/74, 440] [/74, 460] [/49, 3438] [/74, 589] [/49, 3293] [/55, 697] [/74, 362] [/74, 151] 
best_l after optimization: -268012.875
beta sum per layer: [0.0, 0.27886664867401123, 0.5351410508155823, 3.566387891769409]
alpha/beta optimization time: 0.8019485473632812
pruning_in_iteration open status: False
ratio of positive domain = 0 / 256 = 0.0
pruning-in-iteration extra time: 0.0002644062042236328
torch.Size([256, 1])
Time: prepare 0.0041    bound 0.8036    transfer 0.0038    finalize 0.0774    func 0.8891    
Accumulated time: func 180.2907    prepare 3.1153    bound 158.9714    transfer 1.6142    finalize 18.6857    
max lb tensor(-922.) min lb tensor(-1168.)
Number of Verified Splits: 0 of 256
Current worst splitting domains lb-rhs (depth):
-1168.00000 (125), -1168.00000 (167), -1168.00000 (226), -1168.00000 (66), -1168.00000 (166), -1168.00000 (124), -1168.00000 (23), -1168.00000 (166), -1168.00000 (66), -1168.00000 (246), -1168.00000 (226), -1168.00000 (166), -1168.00000 (96), -1168.00000 (66), -1168.00000 (165), -1168.00000 (96), -1168.00000 (22), -1168.00000 (226), -1168.00000 (8), -1168.00000 (67), 
Length of domains: 32296
Current (lb-rhs): -1168.0
64508 domains visited
Time: pickout 0.0452    decision 0.2679    set_bounds 0.0084    solve 0.8896    add 0.0694    
Accumulated time: pickout 8.0140    decision 60.7283    set_bounds 2.6889    solve 180.4466    add 27.2588    
Cumulative time: 279.9423289299011

BaB round 254
batch: 128
splitting decisions: 
split level 0: [/74, 460] [/74, 462] [/74, 151] [/55, 228] [/49, 9013] [/74, 121] [/49, 901] [/74, 144] [/74, 524] [/74, 589] 
best_l after optimization: -268017.1875
beta sum per layer: [0.0, 0.24763436615467072, 0.46462875604629517, 3.2725954055786133]
alpha/beta optimization time: 0.7962007522583008
pruning_in_iteration open status: False
ratio of positive domain = 0 / 256 = 0.0
pruning-in-iteration extra time: 0.00015020370483398438
torch.Size([256, 1])
Time: prepare 0.0038    bound 0.7976    transfer 0.0043    finalize 0.0794    func 0.8851    
Accumulated time: func 181.1758    prepare 3.1261    bound 159.7691    transfer 1.6186    finalize 18.7651    
max lb tensor(-922.) min lb tensor(-1168.)
Number of Verified Splits: 0 of 256
Current worst splitting domains lb-rhs (depth):
-1168.00000 (206), -1168.00000 (71), -1168.00000 (124), -1168.00000 (205), -1168.00000 (27), -1168.00000 (71), -1168.00000 (167), -1168.00000 (10), -1168.00000 (124), -1168.00000 (237), -1168.00000 (71), -1168.00000 (250), -1168.00000 (167), -1168.00000 (125), -1168.00000 (70), -1168.00000 (206), -1168.00000 (27), -1168.00000 (70), -1168.00000 (123), -1168.00000 (238), 
Length of domains: 32424
Current (lb-rhs): -1168.0
64764 domains visited
Time: pickout 0.0414    decision 0.2685    set_bounds 0.0043    solve 0.8856    add 0.0691    
Accumulated time: pickout 8.0554    decision 60.9968    set_bounds 2.6933    solve 181.3322    add 27.3280    
Cumulative time: 281.2134826183319

BaB round 255
batch: 128
splitting decisions: 
split level 0: [/74, 1011] [/74, 248] [/74, 220] [/55, 130] [/49, 7674] [/74, 365] [/49, 3464] [/55, 1130] [/74, 48] [/74, 681] 
best_l after optimization: -268016.71875
beta sum per layer: [0.0, 0.25758808851242065, 0.4727705717086792, 3.2055788040161133]
alpha/beta optimization time: 0.8052728176116943
pruning_in_iteration open status: False
ratio of positive domain = 0 / 256 = 0.0
pruning-in-iteration extra time: 0.0001506805419921875
torch.Size([256, 1])
Time: prepare 0.0038    bound 0.8067    transfer 0.0043    finalize 0.0821    func 0.8970    
Accumulated time: func 182.0728    prepare 3.1372    bound 160.5758    transfer 1.6229    finalize 18.8473    
max lb tensor(-922.) min lb tensor(-1168.)
Number of Verified Splits: 0 of 256
Current worst splitting domains lb-rhs (depth):
-1168.00000 (123), -1168.00000 (52), -1168.00000 (236), -1168.00000 (74), -1168.00000 (123), -1168.00000 (157), -1168.00000 (17), -1168.00000 (99), -1168.00000 (236), -1168.00000 (187), -1168.00000 (52), -1168.00000 (187), -1168.00000 (16), -1168.00000 (157), -1168.00000 (187), -1168.00000 (237), -1168.00000 (74), -1168.00000 (99), -1168.00000 (53), -1168.00000 (122), 
Length of domains: 32552
Current (lb-rhs): -1168.0
65020 domains visited
Time: pickout 0.0399    decision 0.2678    set_bounds 0.0045    solve 0.8975    add 0.0726    
Accumulated time: pickout 8.0953    decision 61.2645    set_bounds 2.6977    solve 182.2296    add 27.4005    
Cumulative time: 282.49826169013977

BaB round 256
batch: 128
splitting decisions: 
split level 0: [/55, 112] [/74, 503] [/74, 724] [/55, 685] [/49, 10365] [/74, 718] [/49, 3605] [/55, 1413] [/74, 68] [/74, 231] 
best_l after optimization: -268016.3125
beta sum per layer: [0.0, 0.26196154952049255, 0.4674321413040161, 3.173924207687378]
alpha/beta optimization time: 0.777266263961792
pruning_in_iteration open status: False
ratio of positive domain = 0 / 256 = 0.0
pruning-in-iteration extra time: 0.0001499652862548828
torch.Size([256, 1])
Time: prepare 0.0043    bound 0.7789    transfer 0.0037    finalize 0.0780    func 0.8649    
Accumulated time: func 182.9377    prepare 3.1559    bound 161.3547    transfer 1.6265    finalize 18.9253    
max lb tensor(-922.) min lb tensor(-1168.)
Number of Verified Splits: 0 of 256
Current worst splitting domains lb-rhs (depth):
-1168.00000 (7), -1168.00000 (197), -1168.00000 (85), -1168.00000 (176), -1168.00000 (216), -1168.00000 (236), -1168.00000 (134), -1168.00000 (115), -1168.00000 (60), -1168.00000 (13), -1168.00000 (85), -1168.00000 (197), -1168.00000 (162), -1168.00000 (31), -1168.00000 (60), -1168.00000 (59), -1168.00000 (215), -1168.00000 (134), -1168.00000 (23), -1168.00000 (115), 
Length of domains: 32680
Current (lb-rhs): -1168.0
65276 domains visited
Time: pickout 0.0308    decision 0.4405    set_bounds 0.0047    solve 0.8654    add 0.0680    
Accumulated time: pickout 8.1261    decision 61.7050    set_bounds 2.7024    solve 183.0950    add 27.4685    
Cumulative time: 283.9099974632263

BaB round 257
batch: 128
splitting decisions: 
split level 0: [/55, 923] [/74, 560] [/74, 926] [/55, 960] [/49, 8701] [/74, 959] [/49, 4646] [/74, 546] [/74, 428] [/74, 330] 
best_l after optimization: -268016.03125
beta sum per layer: [0.0, 0.47262173891067505, 0.9561365842819214, 3.7537877559661865]
alpha/beta optimization time: 0.802476167678833
pruning_in_iteration open status: False
ratio of positive domain = 0 / 256 = 0.0
pruning-in-iteration extra time: 0.00011324882507324219
torch.Size([256, 1])
Time: prepare 0.0039    bound 0.8040    transfer 0.0040    finalize 0.0773    func 0.8891    
Accumulated time: func 183.8268    prepare 3.1700    bound 162.1587    transfer 1.6305    finalize 19.0026    
max lb tensor(-922.) min lb tensor(-1168.)
Number of Verified Splits: 0 of 256
Current worst splitting domains lb-rhs (depth):
-1168.00000 (205), -1168.00000 (170), -1168.00000 (145), -1168.00000 (227), -1168.00000 (10), -1168.00000 (40), -1168.00000 (25), -1168.00000 (84), -1168.00000 (177), -1168.00000 (145), -1168.00000 (252), -1168.00000 (123), -1168.00000 (50), -1168.00000 (7), -1168.00000 (16), -1168.00000 (199), -1168.00000 (227), -1168.00000 (93), -1168.00000 (104), -1168.00000 (145), 
Length of domains: 32808
Current (lb-rhs): -1168.0
65532 domains visited
Time: pickout 0.0445    decision 0.2531    set_bounds 0.0072    solve 0.8896    add 9.5258    
Accumulated time: pickout 8.1706    decision 61.9581    set_bounds 2.7096    solve 183.9846    add 36.9943    
Cumulative time: 294.63305854797363

BaB round 258
batch: 128
splitting decisions: 
split level 0: [/55, 410] [/74, 209] [/74, 365] [/49, 2756] [/49, 8846] [/74, 217] [/49, 7688] [/74, 739] [/74, 140] [/74, 217] 
best_l after optimization: -268024.4375
beta sum per layer: [0.0, 0.4868324398994446, 0.9392997026443481, 3.36807918548584]
alpha/beta optimization time: 0.5320017337799072
pruning_in_iteration open status: False
ratio of positive domain = 0 / 256 = 0.0
pruning-in-iteration extra time: 0.0024318695068359375
torch.Size([256, 1])
Time: prepare 0.0039    bound 0.5357    transfer 0.0062    finalize 0.0764    func 0.6223    
Accumulated time: func 184.4491    prepare 3.1765    bound 162.6944    transfer 1.6367    finalize 19.0789    
max lb tensor(-922.) min lb tensor(-1168.)
Number of Verified Splits: 0 of 256
Current worst splitting domains lb-rhs (depth):
-1168.00000 (104), -1168.00000 (187), -1168.00000 (102), -1168.00000 (248), -1168.00000 (187), -1168.00000 (18), -1168.00000 (103), -1168.00000 (186), -1168.00000 (103), -1168.00000 (103), -1168.00000 (186), -1168.00000 (102), -1168.00000 (17), -1168.00000 (248), -1168.00000 (186), -1168.00000 (104), -1168.00000 (104), -1168.00000 (185), -1168.00000 (105), -1168.00000 (17), 
Length of domains: 32936
Current (lb-rhs): -1168.0
65788 domains visited
Time: pickout 0.0432    decision 0.3052    set_bounds 0.0075    solve 0.6228    add 0.0809    
Accumulated time: pickout 8.2138    decision 62.2633    set_bounds 2.7171    solve 184.6074    add 37.0753    
Cumulative time: 295.6947817802429

BaB round 259
batch: 128
splitting decisions: 
split level 0: [/55, 500] [/74, 11] [/74, 217] [/49, 2757] [/49, 3460] [/74, 968] [/49, 8727] [/55, 1351] [/74, 398] [/74, 314] 
best_l after optimization: -268023.375
beta sum per layer: [0.0, 0.4669419527053833, 0.9082624912261963, 3.245429515838623]
alpha/beta optimization time: 0.8021810054779053
pruning_in_iteration open status: False
ratio of positive domain = 0 / 256 = 0.0
pruning-in-iteration extra time: 0.0023546218872070312
torch.Size([256, 1])
Time: prepare 0.0150    bound 0.8059    transfer 0.0062    finalize 0.0742    func 0.9014    
Accumulated time: func 185.3505    prepare 3.1962    bound 163.5003    transfer 1.6429    finalize 19.1531    
max lb tensor(-922.) min lb tensor(-1168.)
Number of Verified Splits: 0 of 256
Current worst splitting domains lb-rhs (depth):
-1168.00000 (253), -1168.00000 (65), -1168.00000 (7), -1168.00000 (147), -1168.00000 (214), -1168.00000 (100), -1168.00000 (221), -1168.00000 (125), -1168.00000 (206), -1168.00000 (173), -1168.00000 (191), -1168.00000 (201), -1168.00000 (42), -1168.00000 (138), -1168.00000 (218), -1168.00000 (82), -1168.00000 (100), -1168.00000 (66), -1168.00000 (125), -1168.00000 (52), 
Length of domains: 33064
Current (lb-rhs): -1168.0
66044 domains visited
Time: pickout 0.0432    decision 0.3996    set_bounds 0.0156    solve 0.9019    add 0.0712    
Accumulated time: pickout 8.2569    decision 62.6629    set_bounds 2.7327    solve 185.5093    add 37.1465    
Cumulative time: 297.1287932395935

BaB round 260
batch: 128
splitting decisions: 
split level 0: [/55, 916] [/74, 214] [/74, 51] [/55, 729] [/49, 587] [/74, 914] [/49, 3098] [/55, 937] [/74, 282] [/74, 148] 
best_l after optimization: -268023.15625
beta sum per layer: [0.0, 0.6946483254432678, 1.2910507917404175, 3.7875008583068848]
alpha/beta optimization time: 0.7969560623168945
pruning_in_iteration open status: False
ratio of positive domain = 0 / 256 = 0.0
pruning-in-iteration extra time: 0.00014543533325195312
torch.Size([256, 1])
Time: prepare 0.0040    bound 0.7984    transfer 0.0037    finalize 0.0779    func 0.8840    
Accumulated time: func 186.2345    prepare 3.2093    bound 164.2987    transfer 1.6466    finalize 19.2310    
max lb tensor(-922.) min lb tensor(-1168.)
Number of Verified Splits: 0 of 256
Current worst splitting domains lb-rhs (depth):
-1168.00000 (72), -1168.00000 (211), -1168.00000 (159), -1168.00000 (71), -1168.00000 (211), -1168.00000 (144), -1168.00000 (17), -1168.00000 (72), -1168.00000 (112), -1168.00000 (250), -1168.00000 (182), -1168.00000 (181), -1168.00000 (211), -1168.00000 (17), -1168.00000 (112), -1168.00000 (72), -1168.00000 (159), -1168.00000 (251), -1168.00000 (144), -1168.00000 (210), 
Length of domains: 33192
Current (lb-rhs): -1168.0
66300 domains visited
Time: pickout 0.0454    decision 0.2931    set_bounds 0.0045    solve 0.8845    add 0.0700    
Accumulated time: pickout 8.3023    decision 62.9560    set_bounds 2.7372    solve 186.3937    add 37.2165    
Cumulative time: 298.4283971786499

BaB round 261
batch: 128
splitting decisions: 
split level 0: [/55, 161] [/74, 58] [/74, 148] [/55, 1391] [/49, 7347] [/74, 608] [/49, 82] [/55, 932] [/74, 440] [/74, 914] 
best_l after optimization: -268029.8125
beta sum per layer: [0.0, 0.6793197393417358, 1.2035034894943237, 3.5234622955322266]
alpha/beta optimization time: 0.7851974964141846
pruning_in_iteration open status: False
ratio of positive domain = 0 / 256 = 0.0
pruning-in-iteration extra time: 0.00014734268188476562
torch.Size([256, 1])
Time: prepare 0.0040    bound 0.7867    transfer 0.0036    finalize 0.0749    func 0.8692    
Accumulated time: func 187.1037    prepare 3.2216    bound 165.0854    transfer 1.6503    finalize 19.3059    
max lb tensor(-922.) min lb tensor(-1168.)
Number of Verified Splits: 0 of 256
Current worst splitting domains lb-rhs (depth):
-1168.00000 (154), -1168.00000 (79), -1168.00000 (241), -1168.00000 (18), -1168.00000 (155), -1168.00000 (80), -1168.00000 (155), -1168.00000 (241), -1168.00000 (155), -1168.00000 (80), -1168.00000 (17), -1168.00000 (156), -1168.00000 (241), -1168.00000 (80), -1168.00000 (154), -1168.00000 (81), -1168.00000 (154), -1168.00000 (242), -1168.00000 (17), -1168.00000 (153), 
Length of domains: 33320
Current (lb-rhs): -1168.0
66556 domains visited
Time: pickout 0.0437    decision 0.2469    set_bounds 0.0045    solve 0.8696    add 0.0715    
Accumulated time: pickout 8.3461    decision 63.2029    set_bounds 2.7417    solve 187.2634    add 37.2880    
Cumulative time: 299.66703486442566

BaB round 262
batch: 128
splitting decisions: 
split level 0: [/55, 568] [/74, 154] [/74, 968] [/55, 70] [/49, 7401] [/74, 989] [/55, 455] [/55, 962] [/74, 151] [/74, 608] 
best_l after optimization: -268029.0
beta sum per layer: [0.0, 0.7166352868080139, 1.217795491218567, 3.3557498455047607]
alpha/beta optimization time: 0.7857215404510498
pruning_in_iteration open status: False
ratio of positive domain = 0 / 256 = 0.0
pruning-in-iteration extra time: 0.0002353191375732422
torch.Size([256, 1])
Time: prepare 0.0039    bound 0.7872    transfer 0.0036    finalize 0.0766    func 0.8713    
Accumulated time: func 187.9750    prepare 3.2362    bound 165.8726    transfer 1.6539    finalize 19.3825    
max lb tensor(-922.) min lb tensor(-1168.)
Number of Verified Splits: 0 of 256
Current worst splitting domains lb-rhs (depth):
-1168.00000 (119), -1168.00000 (167), -1168.00000 (91), -1168.00000 (60), -1168.00000 (156), -1168.00000 (7), -1168.00000 (260), -1168.00000 (253), -1168.00000 (26), -1168.00000 (232), -1168.00000 (45), -1168.00000 (215), -1168.00000 (246), -1168.00000 (135), -1168.00000 (150), -1168.00000 (78), -1168.00000 (107), -1168.00000 (52), -1168.00000 (102), -1168.00000 (110), 
Length of domains: 33448
Current (lb-rhs): -1168.0
66812 domains visited
Time: pickout 0.0461    decision 0.2482    set_bounds 0.0044    solve 0.8718    add 0.0687    
Accumulated time: pickout 8.3921    decision 63.4512    set_bounds 2.7460    solve 188.1352    add 37.3566    
Cumulative time: 300.9086308479309

BaB round 263
batch: 128
splitting decisions: 
split level 0: [/55, 1185] [/74, 293] [/74, 930] [/55, 47] [/49, 5542] [/74, 546] [/55, 225] [/55, 241] [/74, 220] [/74, 989] 
best_l after optimization: -268028.65625
beta sum per layer: [0.0, 0.7058566212654114, 1.20430588722229, 3.31019926071167]
alpha/beta optimization time: 0.7977399826049805
pruning_in_iteration open status: False
ratio of positive domain = 0 / 256 = 0.0
pruning-in-iteration extra time: 0.00015592575073242188
torch.Size([256, 1])
Time: prepare 0.0040    bound 0.7992    transfer 0.0038    finalize 0.0748    func 0.8818    
Accumulated time: func 188.8568    prepare 3.2426    bound 166.6718    transfer 1.6577    finalize 19.4573    
max lb tensor(-922.) min lb tensor(-1168.)
Number of Verified Splits: 0 of 256
Current worst splitting domains lb-rhs (depth):
-1168.00000 (69), -1168.00000 (24), -1168.00000 (100), -1168.00000 (173), -1168.00000 (129), -1168.00000 (68), -1168.00000 (235), -1168.00000 (256), -1168.00000 (173), -1168.00000 (172), -1168.00000 (69), -1168.00000 (129), -1168.00000 (23), -1168.00000 (235), -1168.00000 (100), -1168.00000 (172), -1168.00000 (8), -1168.00000 (172), -1168.00000 (130), -1168.00000 (69), 
Length of domains: 33576
Current (lb-rhs): -1168.0
67068 domains visited
Time: pickout 0.0453    decision 0.2283    set_bounds 0.0074    solve 0.8823    add 0.0687    
Accumulated time: pickout 8.4375    decision 63.6795    set_bounds 2.7534    solve 189.0176    add 37.4254    
Cumulative time: 302.14305114746094

BaB round 264
batch: 128
splitting decisions: 
split level 0: [/55, 59] [/74, 362] [/74, 144] [/55, 943] [/49, 8077] [/74, 646] [/55, 227] [/55, 737] [/74, 724] [/74, 930] 
best_l after optimization: -268028.3125
beta sum per layer: [0.0, 0.6984961032867432, 1.1937882900238037, 3.2925798892974854]
alpha/beta optimization time: 0.8078052997589111
pruning_in_iteration open status: False
ratio of positive domain = 0 / 256 = 0.0
pruning-in-iteration extra time: 0.0001552104949951172
torch.Size([256, 1])
Time: prepare 0.0041    bound 0.8093    transfer 0.0037    finalize 0.0738    func 0.8910    
Accumulated time: func 189.7478    prepare 3.2500    bound 167.4810    transfer 1.6614    finalize 19.5312    
max lb tensor(-922.) min lb tensor(-1168.)
Number of Verified Splits: 0 of 256
Current worst splitting domains lb-rhs (depth):
-1168.00000 (42), -1168.00000 (118), -1168.00000 (201), -1168.00000 (79), -1168.00000 (126), -1168.00000 (63), -1168.00000 (210), -1168.00000 (10), -1168.00000 (237), -1168.00000 (182), -1168.00000 (162), -1168.00000 (145), -1168.00000 (133), -1168.00000 (191), -1168.00000 (105), -1168.00000 (25), -1168.00000 (171), -1168.00000 (221), -1168.00000 (176), -1168.00000 (209), 
Length of domains: 33704
Current (lb-rhs): -1168.0
67324 domains visited
Time: pickout 0.0450    decision 0.2177    set_bounds 0.0075    solve 0.8915    add 0.0673    
Accumulated time: pickout 8.4825    decision 63.8972    set_bounds 2.7609    solve 189.9090    add 37.4927    
Cumulative time: 303.3739085197449

BaB round 265
batch: 128
splitting decisions: 
split level 0: [/55, 1079] [/74, 942] [/74, 546] [/55, 961] [/49, 134] [/74, 739] [/49, 3579] [/55, 1567] [/74, 718] [/74, 21] 
best_l after optimization: -268028.25
beta sum per layer: [0.0, 0.7067273855209351, 1.1909050941467285, 3.2878236770629883]
alpha/beta optimization time: 0.7824723720550537
pruning_in_iteration open status: False
ratio of positive domain = 0 / 256 = 0.0
pruning-in-iteration extra time: 0.00016069412231445312
torch.Size([256, 1])
Time: prepare 0.0114    bound 0.7841    transfer 0.0040    finalize 0.0788    func 0.8784    
Accumulated time: func 190.6262    prepare 3.2751    bound 168.2651    transfer 1.6654    finalize 19.6100    
max lb tensor(-922.) min lb tensor(-1168.)
Number of Verified Splits: 0 of 256
Current worst splitting domains lb-rhs (depth):
-1168.00000 (142), -1168.00000 (195), -1168.00000 (252), -1168.00000 (142), -1168.00000 (92), -1168.00000 (12), -1168.00000 (142), -1168.00000 (195), -1168.00000 (54), -1168.00000 (252), -1168.00000 (226), -1168.00000 (92), -1168.00000 (195), -1168.00000 (226), -1168.00000 (141), -1168.00000 (93), -1168.00000 (31), -1168.00000 (53), -1168.00000 (12), -1168.00000 (141), 
Length of domains: 33832
Current (lb-rhs): -1168.0
67580 domains visited
Time: pickout 0.0315    decision 0.3775    set_bounds 0.0111    solve 0.8789    add 0.0678    
Accumulated time: pickout 8.5139    decision 64.2747    set_bounds 2.7720    solve 190.7879    add 37.5605    
Cumulative time: 304.74314403533936

BaB round 266
batch: 128
splitting decisions: 
split level 0: [/55, 136] [/74, 140] [/74, 739] [/55, 886] [/49, 3670] [/74, 460] [/49, 3581] [/55, 564] [/74, 959] [/74, 460] 
best_l after optimization: -268028.0625
beta sum per layer: [0.0, 1.0737481117248535, 1.978202223777771, 3.8643908500671387]
alpha/beta optimization time: 0.8119070529937744
pruning_in_iteration open status: False
ratio of positive domain = 0 / 256 = 0.0
pruning-in-iteration extra time: 0.00014781951904296875
torch.Size([256, 1])
Time: prepare 0.0041    bound 0.8134    transfer 0.0042    finalize 0.0800    func 0.9018    
Accumulated time: func 191.5281    prepare 3.2814    bound 169.0785    transfer 1.6696    finalize 19.6900    
max lb tensor(-922.) min lb tensor(-1168.)
Number of Verified Splits: 0 of 256
Current worst splitting domains lb-rhs (depth):
-1168.00000 (62), -1168.00000 (205), -1168.00000 (168), -1168.00000 (139), -1168.00000 (62), -1168.00000 (119), -1168.00000 (24), -1168.00000 (224), -1168.00000 (62), -1168.00000 (252), -1168.00000 (88), -1168.00000 (205), -1168.00000 (139), -1168.00000 (168), -1168.00000 (182), -1168.00000 (89), -1168.00000 (224), -1168.00000 (88), -1168.00000 (246), -1168.00000 (32), 
Length of domains: 33960
Current (lb-rhs): -1168.0
67836 domains visited
Time: pickout 0.0381    decision 0.2147    set_bounds 0.0045    solve 0.9024    add 0.0716    
Accumulated time: pickout 8.5521    decision 64.4894    set_bounds 2.7765    solve 191.6903    add 37.6321    
Cumulative time: 305.9769957065582

BaB round 267
batch: 128
splitting decisions: 
split level 0: [/55, 446] [/74, 440] [/74, 1011] [/49, 7321] [/49, 2149] [/55, 1371] [/49, 9327] [/55, 654] [/74, 968] [/55, 737] 
best_l after optimization: -268039.625
beta sum per layer: [0.0, 1.211458683013916, 1.799501895904541, 3.570295572280884]
alpha/beta optimization time: 0.808549165725708
pruning_in_iteration open status: False
ratio of positive domain = 0 / 256 = 0.0
pruning-in-iteration extra time: 0.00015497207641601562
torch.Size([256, 1])
Time: prepare 0.0042    bound 0.8101    transfer 0.0037    finalize 0.0802    func 0.8982    
Accumulated time: func 192.4263    prepare 3.2874    bound 169.8886    transfer 1.6734    finalize 19.7702    
max lb tensor(-922.) min lb tensor(-1168.)
Number of Verified Splits: 0 of 256
Current worst splitting domains lb-rhs (depth):
-1168.00000 (118), -1168.00000 (211), -1168.00000 (111), -1168.00000 (138), -1168.00000 (140), -1168.00000 (129), -1168.00000 (196), -1168.00000 (247), -1168.00000 (262), -1168.00000 (252), -1168.00000 (191), -1168.00000 (14), -1168.00000 (7), -1168.00000 (18), -1168.00000 (64), -1168.00000 (187), -1168.00000 (257), -1168.00000 (103), -1168.00000 (156), -1168.00000 (173), 
Length of domains: 34088
Current (lb-rhs): -1168.0
68092 domains visited
Time: pickout 0.0442    decision 0.1976    set_bounds 0.0044    solve 0.8987    add 0.0712    
Accumulated time: pickout 8.5963    decision 64.6870    set_bounds 2.7808    solve 192.5890    add 37.7033    
Cumulative time: 307.1956593990326

BaB round 268
batch: 128
splitting decisions: 
split level 0: [/55, 734] [/74, 220] [/55, 948] [/55, 1180] [/49, 9349] [/55, 1180] [/55, 67] [/55, 936] [/74, 914] [/55, 1562] 
best_l after optimization: -268038.71875
beta sum per layer: [0.0, 1.249741792678833, 1.7457150220870972, 3.4771065711975098]
alpha/beta optimization time: 0.9286162853240967
pruning_in_iteration open status: False
ratio of positive domain = 0 / 256 = 0.0
pruning-in-iteration extra time: 0.002203702926635742
torch.Size([256, 1])
Time: prepare 0.0042    bound 0.9323    transfer 0.0063    finalize 0.0766    func 1.0194    
Accumulated time: func 193.4457    prepare 3.2948    bound 170.8209    transfer 1.6796    finalize 19.8468    
max lb tensor(-922.) min lb tensor(-1168.)
Number of Verified Splits: 0 of 256
Current worst splitting domains lb-rhs (depth):
-1168.00000 (254), -1168.00000 (216), -1168.00000 (76), -1168.00000 (253), -1168.00000 (187), -1168.00000 (142), -1168.00000 (77), -1168.00000 (215), -1168.00000 (168), -1168.00000 (24), -1168.00000 (115), -1168.00000 (77), -1168.00000 (134), -1168.00000 (215), -1168.00000 (8), -1168.00000 (77), -1168.00000 (116), -1168.00000 (24), -1168.00000 (215), -1168.00000 (78), 
Length of domains: 34216
Current (lb-rhs): -1168.0
68348 domains visited
Time: pickout 0.0402    decision 0.1939    set_bounds 0.0081    solve 1.0199    add 0.0679    
Accumulated time: pickout 8.6365    decision 64.8810    set_bounds 2.7889    solve 193.6089    add 37.7712    
Cumulative time: 308.5282995700836

BaB round 269
batch: 128
splitting decisions: 
split level 0: [/55, 1261] [/74, 414] [/55, 238] [/55, 521] [/49, 3434] [/55, 226] [/55, 238] [/74, 66] [/74, 608] [/55, 974] 
best_l after optimization: -268038.21875
beta sum per layer: [0.0, 1.4126659631729126, 2.4707751274108887, 3.880768060684204]
alpha/beta optimization time: 1.0262458324432373
pruning_in_iteration open status: False
ratio of positive domain = 0 / 256 = 0.0
pruning-in-iteration extra time: 0.0002346038818359375
torch.Size([256, 1])
Time: prepare 0.0047    bound 1.0279    transfer 0.0040    finalize 0.0786    func 1.1152    
Accumulated time: func 194.5610    prepare 3.3009    bound 171.8488    transfer 1.6836    finalize 19.9254    
max lb tensor(-922.) min lb tensor(-1168.)
Number of Verified Splits: 0 of 256
Current worst splitting domains lb-rhs (depth):
-1168.00000 (37), -1168.00000 (130), -1168.00000 (263), -1168.00000 (91), -1168.00000 (179), -1168.00000 (166), -1168.00000 (213), -1168.00000 (104), -1168.00000 (207), -1168.00000 (68), -1168.00000 (130), -1168.00000 (43), -1168.00000 (222), -1168.00000 (57), -1168.00000 (200), -1168.00000 (147), -1168.00000 (255), -1168.00000 (147), -1168.00000 (179), -1168.00000 (239), 
Length of domains: 34344
Current (lb-rhs): -1168.0
68604 domains visited
Time: pickout 0.0325    decision 0.1398    set_bounds 0.0091    solve 1.1157    add 0.0727    
Accumulated time: pickout 8.6690    decision 65.0207    set_bounds 2.7981    solve 194.7246    add 37.8439    
Cumulative time: 309.90055203437805

BaB round 270
batch: 128
splitting decisions: 
split level 0: [/55, 37] [/74, 65] [/55, 71] [/49, 2758] [/55, 958] [/55, 246] [/49, 8144] [/55, 915] [/74, 989] [/55, 69] 
best_l after optimization: -268045.5
beta sum per layer: [0.0, 1.3760745525360107, 2.2484865188598633, 3.736341953277588]
alpha/beta optimization time: 0.697455644607544
pruning_in_iteration open status: False
ratio of positive domain = 0 / 256 = 0.0
pruning-in-iteration extra time: 4.5299530029296875e-05
torch.Size([256, 1])
Time: prepare 0.0044    bound 0.6989    transfer 0.0039    finalize 0.0795    func 0.7867    
Accumulated time: func 195.3477    prepare 3.3149    bound 172.5477    transfer 1.6875    finalize 20.0049    
max lb tensor(-922.) min lb tensor(-1168.)
Number of Verified Splits: 0 of 256
Current worst splitting domains lb-rhs (depth):
-1168.00000 (125), -1168.00000 (88), -1168.00000 (20), -1168.00000 (166), -1168.00000 (8), -1168.00000 (51), -1168.00000 (40), -1168.00000 (267), -1168.00000 (125), -1168.00000 (87), -1168.00000 (67), -1168.00000 (147), -1168.00000 (210), -1168.00000 (236), -1168.00000 (224), -1168.00000 (182), -1168.00000 (258), -1168.00000 (20), -1168.00000 (87), -1168.00000 (182), 
Length of domains: 34472
Current (lb-rhs): -1168.0
68860 domains visited
Time: pickout 0.0375    decision 0.4530    set_bounds 0.0171    solve 0.7873    add 0.0717    
Accumulated time: pickout 8.7065    decision 65.4737    set_bounds 2.8152    solve 195.5119    add 37.9156    
Cumulative time: 311.2695138454437

BaB round 271
batch: 128
splitting decisions: 
split level 0: [/49, 4474] [/74, 724] [/55, 1374] [/55, 946] [/49, 9518] [/55, 1282] [/49, 7687] [/55, 136] [/74, 632] [/49, 1915] 
best_l after optimization: -268044.6875
beta sum per layer: [0.0, 1.4235491752624512, 2.1783971786499023, 3.65531587600708]
alpha/beta optimization time: 0.9047818183898926
pruning_in_iteration open status: False
ratio of positive domain = 0 / 256 = 0.0
pruning-in-iteration extra time: 9.632110595703125e-05
torch.Size([256, 1])
Time: prepare 0.0058    bound 0.9062    transfer 0.0048    finalize 0.0845    func 1.0014    
Accumulated time: func 196.3491    prepare 3.3220    bound 173.4539    transfer 1.6923    finalize 20.0894    
max lb tensor(-922.) min lb tensor(-1168.)
Number of Verified Splits: 0 of 256
Current worst splitting domains lb-rhs (depth):
-1168.00000 (264), -1168.00000 (83), -1168.00000 (244), -1168.00000 (56), -1168.00000 (160), -1168.00000 (49), -1168.00000 (129), -1168.00000 (83), -1168.00000 (160), -1168.00000 (22), -1168.00000 (106), -1168.00000 (244), -1168.00000 (198), -1168.00000 (160), -1168.00000 (129), -1168.00000 (84), -1168.00000 (23), -1168.00000 (8), -1168.00000 (159), -1168.00000 (245), 
Length of domains: 34600
Current (lb-rhs): -1168.0
69116 domains visited
Time: pickout 0.0335    decision 0.2236    set_bounds 0.0170    solve 1.0019    add 0.0802    
Accumulated time: pickout 8.7399    decision 65.6973    set_bounds 2.8322    solve 196.5137    add 37.9958    
Cumulative time: 312.62851667404175

BaB round 272
batch: 128
splitting decisions: 
split level 0: [/55, 1427] [/74, 589] [/55, 1371] [/55, 1430] [/49, 5800] [/55, 551] [/49, 8844] [/55, 898] [/74, 646] [/55, 442] 
best_l after optimization: -268043.9375
beta sum per layer: [0.0, 1.4703209400177002, 2.098754405975342, 3.605954647064209]
alpha/beta optimization time: 0.6695771217346191
pruning_in_iteration open status: False
ratio of positive domain = 0 / 256 = 0.0
pruning-in-iteration extra time: 3.8623809814453125e-05
torch.Size([256, 1])
Time: prepare 0.0044    bound 0.6709    transfer 0.0038    finalize 0.0797    func 0.7590    
Accumulated time: func 197.1080    prepare 3.3558    bound 174.1248    transfer 1.6961    finalize 20.1692    
max lb tensor(-922.) min lb tensor(-1168.)
Number of Verified Splits: 0 of 256
Current worst splitting domains lb-rhs (depth):
-1168.00000 (29), -1168.00000 (220), -1168.00000 (11), -1168.00000 (254), -1168.00000 (133), -1168.00000 (76), -1168.00000 (220), -1168.00000 (179), -1168.00000 (133), -1168.00000 (76), -1168.00000 (76), -1168.00000 (75), -1168.00000 (220), -1168.00000 (133), -1168.00000 (178), -1168.00000 (75), -1168.00000 (267), -1168.00000 (221), -1168.00000 (10), -1168.00000 (179), 
Length of domains: 34728
Current (lb-rhs): -1168.0
69372 domains visited
Time: pickout 0.0487    decision 0.5218    set_bounds 0.0076    solve 0.7594    add 0.0678    
Accumulated time: pickout 8.7886    decision 66.2191    set_bounds 2.8398    solve 197.2732    add 38.0636    
Cumulative time: 314.03639817237854

BaB round 273
batch: 128
splitting decisions: 
split level 0: [/49, 6671] [/74, 121] [/55, 1373] [/49, 7997] [/49, 3941] [/55, 1168] [/49, 587] [/55, 1371] [/74, 460] [/55, 1165] 
best_l after optimization: -268043.9375
beta sum per layer: [0.0, 1.886224389076233, 3.0201921463012695, 4.138314247131348]
alpha/beta optimization time: 0.8313813209533691
pruning_in_iteration open status: False
ratio of positive domain = 0 / 256 = 0.0
pruning-in-iteration extra time: 0.0023484230041503906
torch.Size([256, 1])
Time: prepare 0.0048    bound 0.8352    transfer 0.0059    finalize 0.4605    func 1.3065    
Accumulated time: func 198.4145    prepare 3.3764    bound 174.9601    transfer 1.7020    finalize 20.6297    
max lb tensor(-922.) min lb tensor(-1168.)
Number of Verified Splits: 0 of 256
Current worst splitting domains lb-rhs (depth):
-1168.00000 (130), -1168.00000 (130), -1168.00000 (54), -1168.00000 (153), -1168.00000 (231), -1168.00000 (107), -1168.00000 (35), -1168.00000 (170), -1168.00000 (77), -1168.00000 (140), -1168.00000 (248), -1168.00000 (38), -1168.00000 (170), -1168.00000 (263), -1168.00000 (90), -1168.00000 (78), -1168.00000 (214), -1168.00000 (205), -1168.00000 (21), -1168.00000 (228), 
Length of domains: 34856
Current (lb-rhs): -1168.0
69628 domains visited
Time: pickout 0.0527    decision 0.3561    set_bounds 0.0103    solve 1.3071    add 0.0761    
Accumulated time: pickout 8.8413    decision 66.5752    set_bounds 2.8501    solve 198.5802    add 38.1397    
Cumulative time: 315.84129214286804

BaB round 274
batch: 128
splitting decisions: 
split level 0: [/55, 506] [/74, 231] [/55, 1161] [/49, 8842] [/49, 6476] [/55, 1165] [/49, 2784] [/55, 425] [/55, 37] [/55, 1353] 
best_l after optimization: -268054.125
beta sum per layer: [0.0, 1.9263999462127686, 2.746676445007324, 3.845940351486206]
alpha/beta optimization time: 0.725365400314331
pruning_in_iteration open status: False
ratio of positive domain = 0 / 256 = 0.0
pruning-in-iteration extra time: 0.002388477325439453
torch.Size([256, 1])
Time: prepare 0.0045    bound 0.7291    transfer 0.0074    finalize 0.0797    func 0.8208    
Accumulated time: func 199.2353    prepare 3.4039    bound 175.6892    transfer 1.7094    finalize 20.7095    
max lb tensor(-922.) min lb tensor(-1168.)
Number of Verified Splits: 0 of 256
Current worst splitting domains lb-rhs (depth):
-1168.00000 (138), -1168.00000 (52), -1168.00000 (104), -1168.00000 (165), -1168.00000 (155), -1168.00000 (145), -1168.00000 (89), -1168.00000 (53), -1168.00000 (202), -1168.00000 (73), -1168.00000 (239), -1168.00000 (104), -1168.00000 (15), -1168.00000 (20), -1168.00000 (239), -1168.00000 (133), -1168.00000 (53), -1168.00000 (263), -1168.00000 (224), -1168.00000 (238), 
Length of domains: 34984
Current (lb-rhs): -1168.0
69884 domains visited
Time: pickout 0.0525    decision 0.4557    set_bounds 0.0045    solve 0.8213    add 0.0711    
Accumulated time: pickout 8.8938    decision 67.0309    set_bounds 2.8546    solve 199.4016    add 38.2108    
Cumulative time: 317.2490801811218

BaB round 275
batch: 128
splitting decisions: 
split level 0: [/55, 442] [/74, 718] [/55, 74] [/49, 3589] [/55, 928] [/55, 430] [/49, 2060] [/55, 912] [/55, 937] [/49, 3627] 
best_l after optimization: -268053.0625
beta sum per layer: [0.0, 2.009075880050659, 2.6039621829986572, 3.8467061519622803]
alpha/beta optimization time: 0.8310840129852295
pruning_in_iteration open status: False
ratio of positive domain = 0 / 256 = 0.0
pruning-in-iteration extra time: 0.002397775650024414
torch.Size([256, 1])
Time: prepare 0.0092    bound 0.8348    transfer 0.0057    finalize 0.0801    func 0.9299    
Accumulated time: func 200.1652    prepare 3.4226    bound 176.5240    transfer 1.7151    finalize 20.7896    
max lb tensor(-922.) min lb tensor(-1168.)
Number of Verified Splits: 0 of 256
Current worst splitting domains lb-rhs (depth):
-1168.00000 (245), -1168.00000 (180), -1168.00000 (72), -1168.00000 (246), -1168.00000 (180), -1168.00000 (24), -1168.00000 (72), -1168.00000 (180), -1168.00000 (135), -1168.00000 (135), -1168.00000 (104), -1168.00000 (71), -1168.00000 (8), -1168.00000 (268), -1168.00000 (181), -1168.00000 (25), -1168.00000 (181), -1168.00000 (71), -1168.00000 (179), -1168.00000 (104), 
Length of domains: 35112
Current (lb-rhs): -1168.0
70140 domains visited
Time: pickout 0.0538    decision 0.3483    set_bounds 0.0045    solve 0.9304    add 0.0717    
Accumulated time: pickout 8.9476    decision 67.3791    set_bounds 2.8591    solve 200.3320    add 38.2826    
Cumulative time: 318.6603636741638

BaB round 276
batch: 128
splitting decisions: 
split level 0: [/55, 1387] [/74, 217] [/55, 923] [/49, 8504] [/55, 33] [/49, 2056] [/49, 9065] [/55, 630] [/55, 693] [/55, 947] 
best_l after optimization: -268052.8125
beta sum per layer: [0.0, 2.3391284942626953, 3.4346389770507812, 4.1531171798706055]
alpha/beta optimization time: 0.815251350402832
pruning_in_iteration open status: False
ratio of positive domain = 0 / 256 = 0.0
pruning-in-iteration extra time: 0.002426624298095703
torch.Size([256, 1])
Time: prepare 0.0082    bound 0.8191    transfer 0.0064    finalize 0.0776    func 0.9113    
Accumulated time: func 201.0765    prepare 3.4326    bound 177.3431    transfer 1.7215    finalize 20.8672    
max lb tensor(-922.) min lb tensor(-1168.)
Number of Verified Splits: 0 of 256
Current worst splitting domains lb-rhs (depth):
-1168.00000 (91), -1168.00000 (261), -1168.00000 (273), -1168.00000 (91), -1168.00000 (176), -1168.00000 (142), -1168.00000 (25), -1168.00000 (91), -1168.00000 (213), -1168.00000 (213), -1168.00000 (142), -1168.00000 (213), -1168.00000 (90), -1168.00000 (25), -1168.00000 (176), -1168.00000 (214), -1168.00000 (8), -1168.00000 (261), -1168.00000 (92), -1168.00000 (212), 
Length of domains: 35240
Current (lb-rhs): -1168.0
70396 domains visited
Time: pickout 0.0322    decision 0.2577    set_bounds 0.0129    solve 0.9117    add 0.0700    
Accumulated time: pickout 8.9798    decision 67.6368    set_bounds 2.8720    solve 201.2438    add 38.3526    
Cumulative time: 319.947625875473

BaB round 277
batch: 128
splitting decisions: 
split level 0: [/55, 799] [/74, 968] [/55, 922] [/49, 3486] [/55, 69] [/49, 4084] [/49, 3410] [/55, 1163] [/55, 100] [/55, 50] 
best_l after optimization: -268061.25
beta sum per layer: [0.0, 2.350912094116211, 3.1149044036865234, 3.895503282546997]
alpha/beta optimization time: 0.8124003410339355
pruning_in_iteration open status: False
ratio of positive domain = 0 / 256 = 0.0
pruning-in-iteration extra time: 0.00010704994201660156
torch.Size([256, 1])
Time: prepare 0.0046    bound 0.8140    transfer 0.0042    finalize 0.0798    func 0.9026    
Accumulated time: func 201.9791    prepare 3.4397    bound 178.1571    transfer 1.7257    finalize 20.9470    
max lb tensor(-922.) min lb tensor(-1168.)
Number of Verified Splits: 0 of 256
Current worst splitting domains lb-rhs (depth):
-1168.00000 (250), -1168.00000 (23), -1168.00000 (41), -1168.00000 (132), -1168.00000 (225), -1168.00000 (108), -1168.00000 (85), -1168.00000 (163), -1168.00000 (202), -1168.00000 (163), -1168.00000 (212), -1168.00000 (8), -1168.00000 (270), -1168.00000 (164), -1168.00000 (85), -1168.00000 (23), -1168.00000 (132), -1168.00000 (249), -1168.00000 (250), -1168.00000 (57), 
Length of domains: 35368
Current (lb-rhs): -1168.0
70652 domains visited
Time: pickout 0.0373    decision 0.1721    set_bounds 0.0080    solve 0.9032    add 0.0741    
Accumulated time: pickout 9.0171    decision 67.8089    set_bounds 2.8800    solve 202.1470    add 38.4267    
Cumulative time: 321.1449661254883

BaB round 278
batch: 128
splitting decisions: 
split level 0: [/55, 955] [/74, 914] [/49, 7405] [/49, 560] [/55, 50] [/55, 104] [/55, 51] [/49, 589] [/55, 931] [/49, 5486] 
best_l after optimization: -268060.5
beta sum per layer: [0.0, 2.5507421493530273, 3.927339553833008, 4.0897932052612305]
alpha/beta optimization time: 0.8095645904541016
pruning_in_iteration open status: False
ratio of positive domain = 0 / 256 = 0.0
pruning-in-iteration extra time: 0.0001621246337890625
torch.Size([256, 1])
Time: prepare 0.0047    bound 0.8110    transfer 0.0038    finalize 0.0782    func 0.8977    
Accumulated time: func 202.8768    prepare 3.4457    bound 178.9681    transfer 1.7295    finalize 21.0252    
max lb tensor(-922.) min lb tensor(-1168.)
Number of Verified Splits: 0 of 256
Current worst splitting domains lb-rhs (depth):
-1168.00000 (44), -1168.00000 (172), -1168.00000 (275), -1168.00000 (59), -1168.00000 (214), -1168.00000 (183), -1168.00000 (75), -1168.00000 (175), -1168.00000 (244), -1168.00000 (195), -1168.00000 (8), -1168.00000 (160), -1168.00000 (117), -1168.00000 (150), -1168.00000 (32), -1168.00000 (165), -1168.00000 (65), -1168.00000 (221), -1168.00000 (123), -1168.00000 (189), 
Length of domains: 35496
Current (lb-rhs): -1168.0
70908 domains visited
Time: pickout 0.0442    decision 0.1702    set_bounds 0.0044    solve 0.8982    add 0.0694    
Accumulated time: pickout 9.0613    decision 67.9791    set_bounds 2.8844    solve 203.0452    add 38.4962    
Cumulative time: 322.3336338996887

BaB round 279
batch: 128
splitting decisions: 
split level 0: [/49, 3616] [/74, 608] [/49, 645] [/49, 9518] [/49, 2062] [/49, 4422] [/49, 3577] [/49, 8337] [/55, 1164] [/55, 912] 
best_l after optimization: -268067.5625
beta sum per layer: [0.0, 2.4179556369781494, 3.627155303955078, 3.952803134918213]
alpha/beta optimization time: 0.814105749130249
pruning_in_iteration open status: False
ratio of positive domain = 0 / 256 = 0.0
pruning-in-iteration extra time: 0.00015735626220703125
torch.Size([256, 1])
Time: prepare 0.0045    bound 0.8156    transfer 0.0043    finalize 0.0777    func 0.9021    
Accumulated time: func 203.7790    prepare 3.4518    bound 179.7836    transfer 1.7338    finalize 21.1029    
max lb tensor(-922.) min lb tensor(-1168.)
Number of Verified Splits: 0 of 256
Current worst splitting domains lb-rhs (depth):
-1168.00000 (255), -1168.00000 (131), -1168.00000 (62), -1168.00000 (197), -1168.00000 (18), -1168.00000 (87), -1168.00000 (30), -1168.00000 (197), -1168.00000 (163), -1168.00000 (259), -1168.00000 (63), -1168.00000 (242), -1168.00000 (76), -1168.00000 (196), -1168.00000 (242), -1168.00000 (11), -1168.00000 (63), -1168.00000 (110), -1168.00000 (196), -1168.00000 (145), 
Length of domains: 35624
Current (lb-rhs): -1168.0
71164 domains visited
Time: pickout 0.0396    decision 0.1806    set_bounds 0.0044    solve 0.9026    add 0.0747    
Accumulated time: pickout 9.1009    decision 68.1597    set_bounds 2.8887    solve 203.9478    add 38.5708    
Cumulative time: 323.53821063041687

BaB round 280
batch: 128
splitting decisions: 
split level 0: [/49, 9349] [/74, 632] [/49, 3505] [/49, 3629] [/55, 432] [/55, 228] [/49, 3072] [/55, 242] [/55, 1163] [/55, 936] 
best_l after optimization: -268066.0625
beta sum per layer: [0.0, 2.5368146896362305, 3.564457416534424, 3.8320794105529785]
alpha/beta optimization time: 0.8066136837005615
pruning_in_iteration open status: False
ratio of positive domain = 0 / 256 = 0.0
pruning-in-iteration extra time: 0.00015544891357421875
torch.Size([256, 1])
Time: prepare 0.0045    bound 0.8080    transfer 0.0037    finalize 0.0763    func 0.8926    
Accumulated time: func 204.6716    prepare 3.4593    bound 180.5917    transfer 1.7375    finalize 21.1792    
max lb tensor(-922.) min lb tensor(-1168.)
Number of Verified Splits: 0 of 256
Current worst splitting domains lb-rhs (depth):
-1168.00000 (260), -1168.00000 (219), -1168.00000 (184), -1168.00000 (149), -1168.00000 (24), -1168.00000 (8), -1168.00000 (244), -1168.00000 (69), -1168.00000 (238), -1168.00000 (191), -1168.00000 (157), -1168.00000 (14), -1168.00000 (110), -1168.00000 (210), -1168.00000 (265), -1168.00000 (46), -1168.00000 (126), -1168.00000 (169), -1168.00000 (224), -1168.00000 (32), 
Length of domains: 35752
Current (lb-rhs): -1168.0
71420 domains visited
Time: pickout 0.0469    decision 0.2007    set_bounds 0.0042    solve 0.8931    add 0.0730    
Accumulated time: pickout 9.1478    decision 68.3605    set_bounds 2.8930    solve 204.8409    add 38.6439    
Cumulative time: 324.75872445106506

BaB round 281
batch: 128
splitting decisions: 
split level 0: [/55, 452] [/74, 801] [/49, 4194] [/49, 756] [/49, 4619] [/55, 227] [/49, 9496] [/55, 337] [/49, 3577] [/55, 136] 
best_l after optimization: -268065.5625
beta sum per layer: [0.0, 3.2519006729125977, 4.4312286376953125, 4.138924598693848]
alpha/beta optimization time: 0.809899091720581
pruning_in_iteration open status: False
ratio of positive domain = 0 / 256 = 0.0
pruning-in-iteration extra time: 0.00014734268188476562
torch.Size([256, 1])
Time: prepare 0.0048    bound 0.8114    transfer 0.0037    finalize 0.0768    func 0.8968    
Accumulated time: func 205.5684    prepare 3.4675    bound 181.4031    transfer 1.7412    finalize 21.2560    
max lb tensor(-922.) min lb tensor(-1168.)
Number of Verified Splits: 0 of 256
Current worst splitting domains lb-rhs (depth):
-1168.00000 (140), -1168.00000 (105), -1168.00000 (195), -1168.00000 (115), -1168.00000 (65), -1168.00000 (85), -1168.00000 (223), -1168.00000 (271), -1168.00000 (24), -1168.00000 (168), -1168.00000 (168), -1168.00000 (45), -1168.00000 (196), -1168.00000 (252), -1168.00000 (32), -1168.00000 (85), -1168.00000 (10), -1168.00000 (213), -1168.00000 (168), -1168.00000 (84), 
Length of domains: 35880
Current (lb-rhs): -1168.0
71676 domains visited
Time: pickout 0.0422    decision 0.1935    set_bounds 0.0080    solve 0.8973    add 0.0717    
Accumulated time: pickout 9.1900    decision 68.5540    set_bounds 2.9009    solve 205.7382    add 38.7156    
Cumulative time: 325.9739046096802

BaB round 282
batch: 128
splitting decisions: 
split level 0: [/55, 1442] [/74, 739] [/49, 4701] [/49, 8335] [/49, 4623] [/49, 7299] [/49, 8896] [/49, 704] [/49, 2056] [/49, 9377] 
best_l after optimization: -268075.375
beta sum per layer: [0.0, 3.0724270343780518, 4.150345802307129, 3.9901175498962402]
alpha/beta optimization time: 0.8096680641174316
pruning_in_iteration open status: False
ratio of positive domain = 0 / 256 = 0.0
pruning-in-iteration extra time: 0.00015783309936523438
torch.Size([256, 1])
Time: prepare 0.0046    bound 0.8112    transfer 0.0043    finalize 0.0776    func 0.8977    
Accumulated time: func 206.4661    prepare 3.4765    bound 182.2143    transfer 1.7456    finalize 21.3336    
max lb tensor(-922.) min lb tensor(-1168.)
Number of Verified Splits: 0 of 256
Current worst splitting domains lb-rhs (depth):
-1168.00000 (56), -1168.00000 (169), -1168.00000 (244), -1168.00000 (185), -1168.00000 (87), -1168.00000 (112), -1168.00000 (8), -1168.00000 (46), -1168.00000 (20), -1168.00000 (222), -1168.00000 (251), -1168.00000 (154), -1168.00000 (167), -1168.00000 (270), -1168.00000 (222), -1168.00000 (39), -1168.00000 (87), -1168.00000 (203), -1168.00000 (204), -1168.00000 (138), 
Length of domains: 36008
Current (lb-rhs): -1168.0
71932 domains visited
Time: pickout 0.0470    decision 0.1840    set_bounds 0.0045    solve 0.8982    add 0.0682    
Accumulated time: pickout 9.2370    decision 68.7380    set_bounds 2.9054    solve 206.6364    add 38.7838    
Cumulative time: 327.17791962623596

BaB round 283
batch: 128
splitting decisions: 
split level 0: [/49, 6138] [/74, 460] [/49, 7401] [/55, 1161] [/49, 8688] [/49, 1718] [/55, 935] [/49, 4138] [/55, 631] [/55, 516] 
best_l after optimization: -268074.15625
beta sum per layer: [0.0, 3.4618072509765625, 4.721706390380859, 4.254300117492676]
alpha/beta optimization time: 0.6608948707580566
pruning_in_iteration open status: False
ratio of positive domain = 0 / 256 = 0.0
pruning-in-iteration extra time: 0.002298116683959961
torch.Size([256, 1])
Time: prepare 0.0047    bound 0.6645    transfer 0.0061    finalize 0.0717    func 0.7469    
Accumulated time: func 207.2131    prepare 3.4855    bound 182.8788    transfer 1.7517    finalize 21.4053    
max lb tensor(-922.) min lb tensor(-1168.)
Number of Verified Splits: 0 of 256
Current worst splitting domains lb-rhs (depth):
-1168.00000 (52), -1168.00000 (225), -1168.00000 (183), -1168.00000 (195), -1168.00000 (45), -1168.00000 (32), -1168.00000 (61), -1168.00000 (177), -1168.00000 (254), -1168.00000 (169), -1168.00000 (150), -1168.00000 (243), -1168.00000 (24), -1168.00000 (162), -1168.00000 (276), -1168.00000 (142), -1168.00000 (126), -1168.00000 (267), -1168.00000 (105), -1168.00000 (14), 
Length of domains: 36136
Current (lb-rhs): -1168.0
72188 domains visited
Time: pickout 0.0454    decision 0.1945    set_bounds 0.0043    solve 0.7475    add 0.0666    
Accumulated time: pickout 9.2824    decision 68.9324    set_bounds 2.9097    solve 207.3838    add 38.8504    
Cumulative time: 328.23817563056946

BaB round 284
batch: 128
splitting decisions: 
split level 0: [/49, 5631] [/74, 1011] [/49, 9082] [/49, 1744] [/49, 4463] [/55, 919] [/49, 10389] [/49, 927] [/55, 27] [/55, 124] 
best_l after optimization: -268078.625
beta sum per layer: [0.0, 3.2301559448242188, 4.342771530151367, 4.074533462524414]
alpha/beta optimization time: 0.8019955158233643
pruning_in_iteration open status: False
ratio of positive domain = 0 / 256 = 0.0
pruning-in-iteration extra time: 0.0002200603485107422
torch.Size([256, 1])
Time: prepare 0.0046    bound 0.8034    transfer 0.0039    finalize 0.0714    func 0.8834    
Accumulated time: func 208.0964    prepare 3.4945    bound 183.6822    transfer 1.7556    finalize 21.4766    
max lb tensor(-922.) min lb tensor(-1168.)
Number of Verified Splits: 0 of 256
Current worst splitting domains lb-rhs (depth):
-1168.00000 (114), -1168.00000 (206), -1168.00000 (112), -1168.00000 (19), -1168.00000 (205), -1168.00000 (113), -1168.00000 (113), -1168.00000 (205), -1168.00000 (273), -1168.00000 (113), -1168.00000 (19), -1168.00000 (205), -1168.00000 (112), -1168.00000 (114), -1168.00000 (204), -1168.00000 (114), -1168.00000 (204), -1168.00000 (19), -1168.00000 (273), -1168.00000 (115), 
Length of domains: 36264
Current (lb-rhs): -1168.0
72444 domains visited
Time: pickout 0.0526    decision 0.3000    set_bounds 0.0041    solve 0.8839    add 0.0676    
Accumulated time: pickout 9.3350    decision 69.2325    set_bounds 2.9138    solve 208.2677    add 38.9180    
Cumulative time: 329.5482656955719

BaB round 285
batch: 128
splitting decisions: 
split level 0: [/55, 439] [/74, 66] [/49, 8406] [/49, 392] [/49, 3267] [/49, 3239] [/49, 8651] [/49, 3463] [/55, 553] [/55, 569] 
best_l after optimization: -268077.5
beta sum per layer: [0.0, 3.5968117713928223, 5.044987678527832, 4.185121059417725]
alpha/beta optimization time: 0.8087313175201416
pruning_in_iteration open status: False
ratio of positive domain = 0 / 256 = 0.0
pruning-in-iteration extra time: 0.00014734268188476562
torch.Size([256, 1])
Time: prepare 0.0047    bound 0.8102    transfer 0.0038    finalize 0.0709    func 0.8896    
Accumulated time: func 208.9860    prepare 3.5034    bound 184.4924    transfer 1.7594    finalize 21.5475    
max lb tensor(-922.) min lb tensor(-1168.)
Number of Verified Splits: 0 of 256
Current worst splitting domains lb-rhs (depth):
-1168.00000 (135), -1168.00000 (54), -1168.00000 (267), -1168.00000 (112), -1168.00000 (16), -1168.00000 (214), -1168.00000 (172), -1168.00000 (54), -1168.00000 (267), -1168.00000 (85), -1168.00000 (214), -1168.00000 (135), -1168.00000 (16), -1168.00000 (172), -1168.00000 (214), -1168.00000 (268), -1168.00000 (55), -1168.00000 (112), -1168.00000 (134), -1168.00000 (85), 
Length of domains: 36392
Current (lb-rhs): -1168.0
72700 domains visited
Time: pickout 0.0376    decision 0.2049    set_bounds 0.0074    solve 0.8901    add 0.0676    
Accumulated time: pickout 9.3726    decision 69.4374    set_bounds 2.9212    solve 209.1578    add 38.9856    
Cumulative time: 330.7577226161957

BaB round 286
batch: 128
splitting decisions: 
split level 0: [/55, 226] [/55, 939] [/49, 3668] [/49, 2784] [/49, 3488] [/49, 2563] [/49, 8361] [/49, 1577] [/55, 1150] [/55, 161] 
best_l after optimization: -268083.8125
beta sum per layer: [0.0, 3.641907215118408, 4.672950744628906, 4.022251605987549]
alpha/beta optimization time: 0.8123173713684082
pruning_in_iteration open status: False
ratio of positive domain = 0 / 256 = 0.0
pruning-in-iteration extra time: 0.00021219253540039062
torch.Size([256, 1])
Time: prepare 0.0047    bound 0.8138    transfer 0.0037    finalize 0.0722    func 0.8945    
Accumulated time: func 209.8805    prepare 3.5117    bound 185.3062    transfer 1.7631    finalize 21.6197    
max lb tensor(-922.) min lb tensor(-1168.)
Number of Verified Splits: 0 of 256
Current worst splitting domains lb-rhs (depth):
-1168.00000 (226), -1168.00000 (210), -1168.00000 (21), -1168.00000 (87), -1168.00000 (281), -1168.00000 (62), -1168.00000 (186), -1168.00000 (142), -1168.00000 (10), -1168.00000 (36), -1168.00000 (244), -1168.00000 (108), -1168.00000 (142), -1168.00000 (244), -1168.00000 (186), -1168.00000 (61), -1168.00000 (263), -1168.00000 (142), -1168.00000 (87), -1168.00000 (187), 
Length of domains: 36520
Current (lb-rhs): -1168.0
72956 domains visited
Time: pickout 0.0391    decision 0.2104    set_bounds 0.0043    solve 0.8950    add 0.0649    
Accumulated time: pickout 9.4117    decision 69.6478    set_bounds 2.9254    solve 210.0528    add 39.0505    
Cumulative time: 331.9733304977417

BaB round 287
batch: 128
splitting decisions: 
split level 0: [/49, 7661] [/55, 938] [/49, 2166] [/49, 9517] [/49, 3575] [/49, 1720] [/49, 708] [/49, 3800] [/55, 117] [/49, 4136] 
best_l after optimization: -268082.5
beta sum per layer: [0.0, 4.236455917358398, 5.4788665771484375, 4.454678535461426]
alpha/beta optimization time: 0.8084731101989746
pruning_in_iteration open status: False
ratio of positive domain = 0 / 256 = 0.0
pruning-in-iteration extra time: 0.0001499652862548828
torch.Size([256, 1])
Time: prepare 0.0046    bound 0.8099    transfer 0.0037    finalize 0.0714    func 0.8896    
Accumulated time: func 210.7701    prepare 3.5203    bound 186.1161    transfer 1.7668    finalize 21.6910    
max lb tensor(-922.) min lb tensor(-1168.)
Number of Verified Splits: 0 of 256
Current worst splitting domains lb-rhs (depth):
-1168.00000 (51), -1168.00000 (202), -1168.00000 (64), -1168.00000 (221), -1168.00000 (166), -1168.00000 (267), -1168.00000 (140), -1168.00000 (91), -1168.00000 (110), -1168.00000 (91), -1168.00000 (166), -1168.00000 (202), -1168.00000 (221), -1168.00000 (30), -1168.00000 (18), -1168.00000 (65), -1168.00000 (166), -1168.00000 (280), -1168.00000 (280), -1168.00000 (8), 
Length of domains: 36648
Current (lb-rhs): -1168.0
73212 domains visited
Time: pickout 0.0375    decision 0.2103    set_bounds 0.0041    solve 0.8901    add 0.0677    
Accumulated time: pickout 9.4492    decision 69.8582    set_bounds 2.9295    solve 210.9428    add 39.1182    
Cumulative time: 333.18497705459595

BaB round 288
batch: 128
splitting decisions: 
split level 0: [/49, 3605] [/55, 1358] [/49, 8744] [/49, 3939] [/49, 643] [/55, 913] [/49, 6114] [/49, 2085] [/55, 734] [/49, 587] 
best_l after optimization: -268090.78125
beta sum per layer: [0.0, 4.429929733276367, 4.985419273376465, 4.296606540679932]
alpha/beta optimization time: 0.8051745891571045
pruning_in_iteration open status: False
ratio of positive domain = 0 / 256 = 0.0
pruning-in-iteration extra time: 0.00015592575073242188
torch.Size([256, 1])
Time: prepare 0.0047    bound 0.8066    transfer 0.0037    finalize 0.0692    func 0.8843    
Accumulated time: func 211.6543    prepare 3.5319    bound 186.9227    transfer 1.7706    finalize 21.7603    
max lb tensor(-922.) min lb tensor(-1168.)
Number of Verified Splits: 0 of 256
Current worst splitting domains lb-rhs (depth):
-1168.00000 (11), -1168.00000 (189), -1168.00000 (283), -1168.00000 (141), -1168.00000 (54), -1168.00000 (91), -1168.00000 (35), -1168.00000 (43), -1168.00000 (273), -1168.00000 (75), -1168.00000 (194), -1168.00000 (173), -1168.00000 (213), -1168.00000 (108), -1168.00000 (225), -1168.00000 (236), -1168.00000 (25), -1168.00000 (153), -1168.00000 (265), -1168.00000 (163), 
Length of domains: 36776
Current (lb-rhs): -1168.0
73468 domains visited
Time: pickout 0.0401    decision 0.2201    set_bounds 0.0041    solve 0.8847    add 0.0673    
Accumulated time: pickout 9.4893    decision 70.0782    set_bounds 2.9337    solve 211.8276    add 39.1856    
Cumulative time: 334.40321230888367

BaB round 289
batch: 128
splitting decisions: 
split level 0: [/49, 4955] [/55, 912] [/49, 6209] [/49, 3588] [/55, 42] [/55, 725] [/55, 458] [/49, 5492] [/49, 2760] [/49, 8337] 
best_l after optimization: -268088.96875
beta sum per layer: [0.0, 4.748687744140625, 5.883775234222412, 4.281408786773682]
alpha/beta optimization time: 0.8110709190368652
pruning_in_iteration open status: False
ratio of positive domain = 0 / 256 = 0.0
pruning-in-iteration extra time: 0.00011420249938964844
torch.Size([256, 1])
Time: prepare 0.0047    bound 0.8125    transfer 0.0039    finalize 0.0709    func 0.8922    
Accumulated time: func 212.5465    prepare 3.5407    bound 187.7352    transfer 1.7745    finalize 21.8312    
max lb tensor(-922.) min lb tensor(-1168.)
Number of Verified Splits: 0 of 256
Current worst splitting domains lb-rhs (depth):
-1168.00000 (29), -1168.00000 (283), -1168.00000 (200), -1168.00000 (113), -1168.00000 (29), -1168.00000 (253), -1168.00000 (170), -1168.00000 (200), -1168.00000 (68), -1168.00000 (138), -1168.00000 (104), -1168.00000 (199), -1168.00000 (89), -1168.00000 (253), -1168.00000 (68), -1168.00000 (67), -1168.00000 (199), -1168.00000 (171), -1168.00000 (267), -1168.00000 (112), 
Length of domains: 36904
Current (lb-rhs): -1168.0
73724 domains visited
Time: pickout 0.0383    decision 0.2128    set_bounds 0.0074    solve 0.8927    add 0.0675    
Accumulated time: pickout 9.5276    decision 70.2910    set_bounds 2.9411    solve 212.7202    add 39.2531    
Cumulative time: 335.6240963935852

BaB round 290
batch: 128
splitting decisions: 
split level 0: [/49, 5462] [/55, 1197] [/49, 3011] [/49, 6306] [/55, 1559] [/49, 5438] [/55, 9] [/55, 441] [/49, 5464] [/49, 8361] 
best_l after optimization: -268098.46875
beta sum per layer: [0.0, 4.698782920837402, 5.556926727294922, 4.198916435241699]
alpha/beta optimization time: 0.616612434387207
pruning_in_iteration open status: False
ratio of positive domain = 0 / 256 = 0.0
pruning-in-iteration extra time: 3.886222839355469e-05
torch.Size([256, 1])
Time: prepare 0.0049    bound 0.6180    transfer 0.0041    finalize 0.0733    func 0.7003    
Accumulated time: func 213.2468    prepare 3.5492    bound 188.3532    transfer 1.7785    finalize 21.9045    
max lb tensor(-922.) min lb tensor(-1168.)
Number of Verified Splits: 0 of 256
Current worst splitting domains lb-rhs (depth):
-1168.00000 (205), -1168.00000 (136), -1168.00000 (72), -1168.00000 (25), -1168.00000 (241), -1168.00000 (72), -1168.00000 (136), -1168.00000 (121), -1168.00000 (103), -1168.00000 (219), -1168.00000 (72), -1168.00000 (274), -1168.00000 (241), -1168.00000 (194), -1168.00000 (9), -1168.00000 (26), -1168.00000 (167), -1168.00000 (71), -1168.00000 (172), -1168.00000 (219), 
Length of domains: 37032
Current (lb-rhs): -1168.0
73980 domains visited
Time: pickout 0.0382    decision 0.2101    set_bounds 0.0042    solve 0.7007    add 0.0663    
Accumulated time: pickout 9.5658    decision 70.5011    set_bounds 2.9453    solve 213.4210    add 39.3194    
Cumulative time: 336.64552783966064

BaB round 291
batch: 128
splitting decisions: 
split level 0: [/55, 232] [/55, 568] [/49, 3349] [/49, 3772] [/49, 1798] [/49, 1382] [/49, 4086] [/55, 112] [/49, 7295] [/49, 10389] 
Early stop at 11th iter due to 10 iterations no improvement!
best_l after optimization: -268098.3125
beta sum per layer: [0.0, 7.489470481872559, 7.990240097045898, 5.243166446685791]
alpha/beta optimization time: 0.344573974609375
pruning_in_iteration open status: False
ratio of positive domain = 0 / 256 = 0.0
pruning-in-iteration extra time: 0.002367258071899414
torch.Size([256, 1])
Time: prepare 0.0047    bound 0.3482    transfer 0.0060    finalize 0.0747    func 0.4336    
Accumulated time: func 213.6804    prepare 3.5605    bound 188.7015    transfer 1.7845    finalize 21.9792    
max lb tensor(-922.) min lb tensor(-1168.)
Number of Verified Splits: 0 of 256
Current worst splitting domains lb-rhs (depth):
-1168.00000 (118), -1168.00000 (177), -1168.00000 (240), -1168.00000 (165), -1168.00000 (219), -1168.00000 (79), -1168.00000 (281), -1168.00000 (195), -1168.00000 (161), -1168.00000 (94), -1168.00000 (265), -1168.00000 (286), -1168.00000 (109), -1168.00000 (64), -1168.00000 (26), -1168.00000 (81), -1168.00000 (155), -1168.00000 (207), -1168.00000 (132), -1168.00000 (102), 
Length of domains: 37160
Current (lb-rhs): -1168.0
74236 domains visited
Time: pickout 0.0337    decision 0.3536    set_bounds 0.0042    solve 0.4341    add 0.0698    
Accumulated time: pickout 9.5995    decision 70.8548    set_bounds 2.9495    solve 213.8551    add 39.3892    
Cumulative time: 337.5435564517975

BaB round 292
batch: 128
splitting decisions: 
split level 0: [/49, 9325] [/55, 908] [/55, 262] [/55, 941] [/49, 7490] [/49, 8645] [/49, 8027] [/49, 2058] [/49, 5436] [/49, 4305] 
best_l after optimization: -268103.15625
beta sum per layer: [0.0, 5.020096302032471, 5.8127336502075195, 4.316093444824219]
alpha/beta optimization time: 0.8221616744995117
pruning_in_iteration open status: False
ratio of positive domain = 0 / 256 = 0.0
pruning-in-iteration extra time: 0.0023696422576904297
torch.Size([256, 1])
Time: prepare 0.0105    bound 0.8259    transfer 0.0066    finalize 0.0798    func 0.9228    
Accumulated time: func 214.6033    prepare 3.5738    bound 189.5274    transfer 1.7911    finalize 22.0590    
max lb tensor(-922.) min lb tensor(-1168.)
Number of Verified Splits: 0 of 256
Current worst splitting domains lb-rhs (depth):
-1168.00000 (228), -1168.00000 (203), -1168.00000 (25), -1168.00000 (127), -1168.00000 (67), -1168.00000 (92), -1168.00000 (247), -1168.00000 (276), -1168.00000 (127), -1168.00000 (67), -1168.00000 (155), -1168.00000 (183), -1168.00000 (110), -1168.00000 (26), -1168.00000 (66), -1168.00000 (203), -1168.00000 (9), -1168.00000 (174), -1168.00000 (25), -1168.00000 (203), 
Length of domains: 37288
Current (lb-rhs): -1168.0
74492 domains visited
Time: pickout 0.0511    decision 0.3445    set_bounds 0.0047    solve 0.9233    add 0.0700    
Accumulated time: pickout 9.6506    decision 71.1993    set_bounds 2.9542    solve 214.7784    add 39.4592    
Cumulative time: 338.9397542476654

BaB round 293
batch: 128
splitting decisions: 
split level 0: [/49, 5293] [/55, 461] [/49, 476] [/49, 899] [/49, 5321] [/49, 3408] [/55, 73] [/49, 4281] [/55, 227] [/49, 3616] 
best_l after optimization: -268099.65625
beta sum per layer: [0.0, 4.838407039642334, 5.666784286499023, 4.206664085388184]
alpha/beta optimization time: 0.393291711807251
pruning_in_iteration open status: False
ratio of positive domain = 0 / 256 = 0.0
pruning-in-iteration extra time: 0.000164031982421875
torch.Size([256, 1])
Time: prepare 0.0050    bound 0.3948    transfer 0.0038    finalize 0.0798    func 0.4834    
Accumulated time: func 215.0867    prepare 3.5804    bound 189.9222    transfer 1.7949    finalize 22.1388    
max lb tensor(-922.) min lb tensor(-1168.)
Number of Verified Splits: 0 of 256
Current worst splitting domains lb-rhs (depth):
-1168.00000 (113), -1168.00000 (58), -1168.00000 (249), -1168.00000 (142), -1168.00000 (217), -1168.00000 (35), -1168.00000 (262), -1168.00000 (8), -1168.00000 (26), -1168.00000 (286), -1168.00000 (191), -1168.00000 (77), -1168.00000 (217), -1168.00000 (15), -1168.00000 (191), -1168.00000 (58), -1168.00000 (98), -1168.00000 (141), -1168.00000 (161), -1168.00000 (216), 
Length of domains: 37416
Current (lb-rhs): -1168.0
74748 domains visited
Time: pickout 0.0402    decision 0.1920    set_bounds 0.0077    solve 0.4839    add 0.0720    
Accumulated time: pickout 9.6908    decision 71.3912    set_bounds 2.9618    solve 215.2623    add 39.5312    
Cumulative time: 339.7380566596985

BaB round 294
batch: 128
splitting decisions: 
split level 0: [/49, 6281] [/55, 926] [/49, 4350] [/55, 1189] [/55, 235] [/49, 8647] [/55, 1194] [/49, 7351] [/49, 5438] [/49, 5462] 
best_l after optimization: -268098.9375
beta sum per layer: [0.0, 5.918933391571045, 7.085325241088867, 4.617907524108887]
alpha/beta optimization time: 0.38603878021240234
pruning_in_iteration open status: False
ratio of positive domain = 0 / 256 = 0.0
pruning-in-iteration extra time: 3.933906555175781e-05
torch.Size([256, 1])
Time: prepare 0.0048    bound 0.3874    transfer 0.0040    finalize 0.0838    func 0.4801    
Accumulated time: func 215.5668    prepare 3.5865    bound 190.3096    transfer 1.7989    finalize 22.2226    
max lb tensor(-922.) min lb tensor(-1168.)
Number of Verified Splits: 0 of 256
Current worst splitting domains lb-rhs (depth):
-1168.00000 (30), -1168.00000 (211), -1168.00000 (30), -1168.00000 (156), -1168.00000 (184), -1168.00000 (236), -1168.00000 (84), -1168.00000 (142), -1168.00000 (275), -1168.00000 (236), -1168.00000 (118), -1168.00000 (7), -1168.00000 (85), -1168.00000 (19), -1168.00000 (156), -1168.00000 (235), -1168.00000 (84), -1168.00000 (85), -1168.00000 (211), -1168.00000 (184), 
Length of domains: 37544
Current (lb-rhs): -1168.0
75004 domains visited
Time: pickout 0.0356    decision 0.1327    set_bounds 0.0041    solve 0.4806    add 0.0691    
Accumulated time: pickout 9.7264    decision 71.5240    set_bounds 2.9659    solve 215.7429    add 39.6003    
Cumulative time: 340.4627494812012

BaB round 295
batch: 128
splitting decisions: 
split level 0: [/49, 5802] [/55, 1566] [/49, 9771] [/49, 3434] [/55, 946] [/49, 7971] [/55, 136] [/49, 6309] [/49, 8337] [/49, 8530] 
best_l after optimization: -268113.09375
beta sum per layer: [0.0, 6.427343845367432, 7.028327941894531, 4.457489490509033]
alpha/beta optimization time: 0.3870108127593994
pruning_in_iteration open status: False
ratio of positive domain = 0 / 256 = 0.0
pruning-in-iteration extra time: 3.838539123535156e-05
torch.Size([256, 1])
Time: prepare 0.0049    bound 0.3884    transfer 0.0038    finalize 0.0807    func 0.4779    
Accumulated time: func 216.0446    prepare 3.5928    bound 190.6980    transfer 1.8027    finalize 22.3033    
max lb tensor(-922.) min lb tensor(-1168.)
Number of Verified Splits: 0 of 256
Current worst splitting domains lb-rhs (depth):
-1168.00000 (8), -1168.00000 (118), -1168.00000 (258), -1168.00000 (250), -1168.00000 (150), -1168.00000 (228), -1168.00000 (188), -1168.00000 (179), -1168.00000 (108), -1168.00000 (275), -1168.00000 (288), -1168.00000 (221), -1168.00000 (30), -1168.00000 (237), -1168.00000 (169), -1168.00000 (45), -1168.00000 (274), -1168.00000 (170), -1168.00000 (193), -1168.00000 (275), 
Length of domains: 37672
Current (lb-rhs): -1168.0
75260 domains visited
Time: pickout 0.0340    decision 0.1372    set_bounds 0.0042    solve 0.4783    add 0.0714    
Accumulated time: pickout 9.7605    decision 71.6612    set_bounds 2.9701    solve 216.2212    add 39.6717    
Cumulative time: 341.1904571056366

BaB round 296
batch: 128
splitting decisions: 
split level 0: [/49, 10194] [/55, 3] [/55, 506] [/49, 4162] [/49, 9520] [/49, 7632] [/49, 4088] [/49, 8363] [/49, 8309] [/55, 931] 
best_l after optimization: -268113.25
beta sum per layer: [0.0, 6.220559120178223, 6.522625923156738, 4.359601974487305]
alpha/beta optimization time: 0.40167760848999023
pruning_in_iteration open status: False
ratio of positive domain = 0 / 256 = 0.0
pruning-in-iteration extra time: 3.647804260253906e-05
torch.Size([256, 1])
Time: prepare 0.0050    bound 0.4030    transfer 0.0041    finalize 0.0813    func 0.4935    
Accumulated time: func 216.5381    prepare 3.5992    bound 191.1010    transfer 1.8068    finalize 22.3846    
max lb tensor(-922.) min lb tensor(-1168.)
Number of Verified Splits: 0 of 256
Current worst splitting domains lb-rhs (depth):
-1168.00000 (188), -1168.00000 (209), -1168.00000 (256), -1168.00000 (124), -1168.00000 (18), -1168.00000 (59), -1168.00000 (276), -1168.00000 (240), -1168.00000 (81), -1168.00000 (153), -1168.00000 (154), -1168.00000 (123), -1168.00000 (210), -1168.00000 (8), -1168.00000 (286), -1168.00000 (271), -1168.00000 (123), -1168.00000 (209), -1168.00000 (286), -1168.00000 (9), 
Length of domains: 37800
Current (lb-rhs): -1168.0
75516 domains visited
Time: pickout 0.0339    decision 0.1329    set_bounds 0.0074    solve 0.4940    add 0.0707    
Accumulated time: pickout 9.7943    decision 71.7941    set_bounds 2.9775    solve 216.7152    add 39.7424    
Cumulative time: 341.9319818019867

BaB round 297
batch: 128
splitting decisions: 
split level 0: [/49, 3434] [/55, 48] [/49, 3179] [/55, 936] [/55, 914] [/55, 1260] [/49, 3661] [/49, 3451] [/49, 1889] [/55, 940] 
Early stop at 11th iter due to 10 iterations no improvement!
best_l after optimization: -268114.3125
beta sum per layer: [0.0, 10.748445510864258, 9.55618667602539, 5.221468448638916]
alpha/beta optimization time: 0.230865478515625
pruning_in_iteration open status: False
ratio of positive domain = 0 / 256 = 0.0
pruning-in-iteration extra time: 3.4809112548828125e-05
torch.Size([256, 1])
Time: prepare 0.0050    bound 0.2322    transfer 0.0043    finalize 0.0824    func 0.3240    
Accumulated time: func 216.8621    prepare 3.6055    bound 191.3332    transfer 1.8110    finalize 22.4671    
max lb tensor(-922.) min lb tensor(-1168.)
Number of Verified Splits: 0 of 256
Current worst splitting domains lb-rhs (depth):
-1168.00000 (235), -1168.00000 (223), -1168.00000 (89), -1168.00000 (47), -1168.00000 (205), -1168.00000 (145), -1168.00000 (236), -1168.00000 (103), -1168.00000 (280), -1168.00000 (69), -1168.00000 (7), -1168.00000 (113), -1168.00000 (270), -1168.00000 (169), -1168.00000 (56), -1168.00000 (292), -1168.00000 (146), -1168.00000 (48), -1168.00000 (214), -1168.00000 (30), 
Length of domains: 37928
Current (lb-rhs): -1168.0
75772 domains visited
Time: pickout 0.0360    decision 0.1337    set_bounds 0.0042    solve 0.3245    add 0.0705    
Accumulated time: pickout 9.8303    decision 71.9278    set_bounds 2.9817    solve 217.0397    add 39.8129    
Cumulative time: 342.5034010410309

BaB round 298
batch: 128
splitting decisions: 
split level 0: [/55, 877] [/49, 4476] [/55, 112] [/49, 3499] [/49, 4961] [/49, 9156] [/55, 237] [/49, 8309] [/55, 912] [/49, 4643] 
best_l after optimization: -268122.34375
beta sum per layer: [0.0, 6.869645118713379, 7.04486608505249, 4.422219753265381]
alpha/beta optimization time: 0.3960447311401367
pruning_in_iteration open status: False
ratio of positive domain = 0 / 256 = 0.0
pruning-in-iteration extra time: 3.933906555175781e-05
torch.Size([256, 1])
Time: prepare 0.0050    bound 0.3974    transfer 0.0048    finalize 0.0800    func 0.4873    
Accumulated time: func 217.3494    prepare 3.6119    bound 191.7307    transfer 1.8159    finalize 22.5471    
max lb tensor(-922.) min lb tensor(-1168.)
Number of Verified Splits: 0 of 256
Current worst splitting domains lb-rhs (depth):
-1168.00000 (184), -1168.00000 (150), -1168.00000 (281), -1168.00000 (161), -1168.00000 (110), -1168.00000 (249), -1168.00000 (72), -1168.00000 (221), -1168.00000 (7), -1168.00000 (110), -1168.00000 (28), -1168.00000 (192), -1168.00000 (204), -1168.00000 (221), -1168.00000 (133), -1168.00000 (161), -1168.00000 (18), -1168.00000 (110), -1168.00000 (261), -1168.00000 (111), 
Length of domains: 38056
Current (lb-rhs): -1168.0
76028 domains visited
Time: pickout 0.0350    decision 0.1382    set_bounds 0.0042    solve 0.4878    add 0.0681    
Accumulated time: pickout 9.8652    decision 72.0660    set_bounds 2.9859    solve 217.5275    add 39.8810    
Cumulative time: 343.23927783966064

BaB round 299
batch: 128
splitting decisions: 
split level 0: [/49, 8023] [/55, 472] [/49, 3605] [/49, 4617] [/55, 557] [/49, 7295] [/49, 4591] [/49, 5633] [/49, 7999] [/55, 968] 
best_l after optimization: -268118.46875
beta sum per layer: [0.0, 7.729544639587402, 8.017559051513672, 4.48596715927124]
alpha/beta optimization time: 0.40068984031677246
pruning_in_iteration open status: False
ratio of positive domain = 0 / 256 = 0.0
pruning-in-iteration extra time: 4.029273986816406e-05
torch.Size([256, 1])
Time: prepare 0.0049    bound 0.4020    transfer 0.0039    finalize 0.0825    func 0.4934    
Accumulated time: func 217.8428    prepare 3.6181    bound 192.1327    transfer 1.8197    finalize 22.6296    
max lb tensor(-922.) min lb tensor(-1168.)
Number of Verified Splits: 0 of 256
Current worst splitting domains lb-rhs (depth):
-1168.00000 (178), -1168.00000 (177), -1168.00000 (34), -1168.00000 (91), -1168.00000 (256), -1168.00000 (178), -1168.00000 (91), -1168.00000 (34), -1168.00000 (256), -1168.00000 (139), -1168.00000 (178), -1168.00000 (255), -1168.00000 (90), -1168.00000 (35), -1168.00000 (138), -1168.00000 (179), -1168.00000 (291), -1168.00000 (255), -1168.00000 (177), -1168.00000 (176), 
Length of domains: 38184
Current (lb-rhs): -1168.0
76284 domains visited
Time: pickout 0.0348    decision 0.1372    set_bounds 0.0042    solve 0.4938    add 0.0769    
Accumulated time: pickout 9.9000    decision 72.2031    set_bounds 2.9901    solve 218.0213    add 39.9578    
Cumulative time: 343.98888325691223

BaB round 300
batch: 128
splitting decisions: 
split level 0: [/49, 587] [/55, 1371] [/49, 7223] [/55, 451] [/55, 952] [/49, 7464] [/49, 2788] [/49, 914] [/49, 3969] [/55, 1138] 
best_l after optimization: -268129.5
beta sum per layer: [0.0, 7.329148292541504, 7.5203938484191895, 4.351178169250488]
alpha/beta optimization time: 0.39010024070739746
pruning_in_iteration open status: False
ratio of positive domain = 0 / 256 = 0.0
pruning-in-iteration extra time: 0.00011467933654785156
torch.Size([256, 1])
Time: prepare 0.0049    bound 0.3915    transfer 0.0042    finalize 0.0741    func 0.4749    
Accumulated time: func 218.3177    prepare 3.6244    bound 192.5243    transfer 1.8239    finalize 22.7037    
max lb tensor(-922.) min lb tensor(-1168.)
Number of Verified Splits: 0 of 256
Current worst splitting domains lb-rhs (depth):
-1168.00000 (291), -1168.00000 (108), -1168.00000 (71), -1168.00000 (38), -1168.00000 (251), -1168.00000 (17), -1168.00000 (224), -1168.00000 (130), -1168.00000 (109), -1168.00000 (224), -1168.00000 (159), -1168.00000 (109), -1168.00000 (7), -1168.00000 (63), -1168.00000 (71), -1168.00000 (188), -1168.00000 (24), -1168.00000 (109), -1168.00000 (23), -1168.00000 (130), 
Length of domains: 38312
Current (lb-rhs): -1168.0
76540 domains visited
Time: pickout 0.0351    decision 0.1332    set_bounds 0.0042    solve 0.4754    add 0.0840    
Accumulated time: pickout 9.9351    decision 72.3364    set_bounds 2.9942    solve 218.4967    add 40.0419    
Cumulative time: 344.72481536865234

BaB round 301
batch: 128
splitting decisions: 
split level 0: [/49, 7828] [/49, 7976] [/49, 2162] [/49, 8023] [/49, 4597] [/55, 936] [/49, 4164] [/49, 2450] [/49, 706] [/55, 462] 
best_l after optimization: -268127.6875
beta sum per layer: [0.0, 8.211236000061035, 8.539922714233398, 4.658936023712158]
alpha/beta optimization time: 0.38973164558410645
pruning_in_iteration open status: False
ratio of positive domain = 0 / 256 = 0.0
pruning-in-iteration extra time: 3.7670135498046875e-05
torch.Size([256, 1])
Time: prepare 0.0051    bound 0.3911    transfer 0.0039    finalize 0.0835    func 0.4836    
Accumulated time: func 218.8013    prepare 3.6308    bound 192.9154    transfer 1.8278    finalize 22.7872    
max lb tensor(-922.) min lb tensor(-1168.)
Number of Verified Splits: 0 of 256
Current worst splitting domains lb-rhs (depth):
-1168.00000 (83), -1168.00000 (213), -1168.00000 (67), -1168.00000 (249), -1168.00000 (41), -1168.00000 (165), -1168.00000 (276), -1168.00000 (235), -1168.00000 (115), -1168.00000 (284), -1168.00000 (175), -1168.00000 (119), -1168.00000 (249), -1168.00000 (213), -1168.00000 (183), -1168.00000 (41), -1168.00000 (137), -1168.00000 (101), -1168.00000 (7), -1168.00000 (190), 
Length of domains: 38440
Current (lb-rhs): -1168.0
76796 domains visited
Time: pickout 0.0340    decision 0.1320    set_bounds 0.0077    solve 0.4841    add 0.0786    
Accumulated time: pickout 9.9691    decision 72.4683    set_bounds 3.0019    solve 218.9808    add 40.1205    
Cumulative time: 345.46377897262573

BaB round 302
batch: 128
splitting decisions: 
split level 0: [/49, 2082] [/55, 441] [/49, 3674] [/49, 3265] [/49, 3657] [/49, 2058] [/49, 3644] [/49, 10536] [/49, 9494] [/49, 4619] 
best_l after optimization: -268136.71875
beta sum per layer: [0.0, 8.426490783691406, 8.59902572631836, 4.601157188415527]
alpha/beta optimization time: 0.3884165287017822
pruning_in_iteration open status: False
ratio of positive domain = 0 / 256 = 0.0
pruning-in-iteration extra time: 0.0001270771026611328
torch.Size([256, 1])
Time: prepare 0.0050    bound 0.3899    transfer 0.0043    finalize 0.0719    func 0.4710    
Accumulated time: func 219.2723    prepare 3.6371    bound 193.3052    transfer 1.8321    finalize 22.8591    
max lb tensor(-922.) min lb tensor(-1168.)
Number of Verified Splits: 0 of 256
Current worst splitting domains lb-rhs (depth):
-1168.00000 (27), -1168.00000 (100), -1168.00000 (233), -1168.00000 (100), -1168.00000 (99), -1168.00000 (233), -1168.00000 (285), -1168.00000 (193), -1168.00000 (155), -1168.00000 (27), -1168.00000 (99), -1168.00000 (9), -1168.00000 (298), -1168.00000 (233), -1168.00000 (99), -1168.00000 (155), -1168.00000 (234), -1168.00000 (98), -1168.00000 (154), -1168.00000 (154), 
Length of domains: 38568
Current (lb-rhs): -1168.0
77052 domains visited
Time: pickout 0.0338    decision 0.1326    set_bounds 0.0041    solve 0.4715    add 0.0801    
Accumulated time: pickout 10.0030    decision 72.6009    set_bounds 3.0060    solve 219.4523    add 40.2007    
Cumulative time: 346.19023180007935

BaB round 303
batch: 128
splitting decisions: 
split level 0: [/49, 2083] [/55, 731] [/49, 4697] [/49, 4110] [/49, 3609] [/55, 1153] [/55, 35] [/49, 733] [/55, 47] [/49, 6168] 
best_l after optimization: -268137.625
beta sum per layer: [0.0, 8.707345008850098, 8.66928482055664, 4.572066783905029]
alpha/beta optimization time: 0.38984060287475586
pruning_in_iteration open status: False
ratio of positive domain = 0 / 256 = 0.0
pruning-in-iteration extra time: 3.5762786865234375e-05
torch.Size([256, 1])
Time: prepare 0.0049    bound 0.3912    transfer 0.0037    finalize 0.0852    func 0.4850    
Accumulated time: func 219.7573    prepare 3.6433    bound 193.6964    transfer 1.8358    finalize 22.9442    
max lb tensor(-922.) min lb tensor(-1168.)
Number of Verified Splits: 0 of 256
Current worst splitting domains lb-rhs (depth):
-1168.00000 (258), -1168.00000 (286), -1168.00000 (15), -1168.00000 (60), -1168.00000 (79), -1168.00000 (224), -1168.00000 (116), -1168.00000 (198), -1168.00000 (146), -1168.00000 (36), -1168.00000 (60), -1168.00000 (167), -1168.00000 (102), -1168.00000 (198), -1168.00000 (224), -1168.00000 (271), -1168.00000 (79), -1168.00000 (102), -1168.00000 (166), -1168.00000 (223), 
Length of domains: 38696
Current (lb-rhs): -1168.0
77308 domains visited
Time: pickout 0.0353    decision 0.1324    set_bounds 0.0076    solve 0.4855    add 0.0793    
Accumulated time: pickout 10.0383    decision 72.7333    set_bounds 3.0136    solve 219.9377    add 40.2800    
Cumulative time: 346.9329378604889

BaB round 304
batch: 128
splitting decisions: 
split level 0: [/49, 8335] [/55, 52] [/49, 9013] [/49, 3122] [/49, 5778] [/49, 5462] [/49, 4595] [/49, 5479] [/49, 3802] [/49, 2084] 
best_l after optimization: -268141.125
beta sum per layer: [0.0, 8.238273620605469, 8.385673522949219, 4.416434288024902]
alpha/beta optimization time: 0.39852118492126465
pruning_in_iteration open status: False
ratio of positive domain = 0 / 256 = 0.0
pruning-in-iteration extra time: 3.62396240234375e-05
torch.Size([256, 1])
Time: prepare 0.0048    bound 0.3998    transfer 0.0043    finalize 0.0731    func 0.4821    
Accumulated time: func 220.2394    prepare 3.6494    bound 194.0962    transfer 1.8401    finalize 23.0173    
max lb tensor(-922.) min lb tensor(-1168.)
Number of Verified Splits: 0 of 256
Current worst splitting domains lb-rhs (depth):
-1168.00000 (71), -1168.00000 (8), -1168.00000 (71), -1168.00000 (296), -1168.00000 (136), -1168.00000 (256), -1168.00000 (159), -1168.00000 (234), -1168.00000 (192), -1168.00000 (287), -1168.00000 (101), -1168.00000 (208), -1168.00000 (136), -1168.00000 (101), -1168.00000 (234), -1168.00000 (159), -1168.00000 (70), -1168.00000 (15), -1168.00000 (158), -1168.00000 (72), 
Length of domains: 38824
Current (lb-rhs): -1168.0
77564 domains visited
Time: pickout 0.0348    decision 0.1307    set_bounds 0.0040    solve 0.4826    add 0.0835    
Accumulated time: pickout 10.0731    decision 72.8640    set_bounds 3.0176    solve 220.4203    add 40.3635    
Cumulative time: 347.6733281612396

BaB round 305
batch: 128
splitting decisions: 
split level 0: [/49, 2784] [/49, 3605] [/49, 5377] [/49, 2095] [/49, 5435] [/49, 5461] [/49, 5462] [/55, 1287] [/49, 4140] [/49, 4632] 
best_l after optimization: -268139.6875
beta sum per layer: [0.0, 9.49618911743164, 9.254199981689453, 4.7835869789123535]
alpha/beta optimization time: 0.42203617095947266
pruning_in_iteration open status: False
ratio of positive domain = 0 / 256 = 0.0
pruning-in-iteration extra time: 3.981590270996094e-05
torch.Size([256, 1])
Time: prepare 0.0050    bound 0.4235    transfer 0.0038    finalize 0.0846    func 0.5169    
Accumulated time: func 220.7563    prepare 3.6565    bound 194.5197    transfer 1.8439    finalize 23.1020    
max lb tensor(-922.) min lb tensor(-1168.)
Number of Verified Splits: 0 of 256
Current worst splitting domains lb-rhs (depth):
-1168.00000 (152), -1168.00000 (220), -1168.00000 (25), -1168.00000 (53), -1168.00000 (275), -1168.00000 (297), -1168.00000 (114), -1168.00000 (73), -1168.00000 (190), -1168.00000 (64), -1168.00000 (9), -1168.00000 (174), -1168.00000 (125), -1168.00000 (44), -1168.00000 (275), -1168.00000 (25), -1168.00000 (87), -1168.00000 (221), -1168.00000 (170), -1168.00000 (9), 
Length of domains: 38952
Current (lb-rhs): -1168.0
77820 domains visited
Time: pickout 0.0421    decision 0.1605    set_bounds 0.0042    solve 0.5174    add 0.0830    
Accumulated time: pickout 10.1152    decision 73.0245    set_bounds 3.0219    solve 220.9377    add 40.4465    
Cumulative time: 348.48328018188477

BaB round 306
batch: 128
splitting decisions: 
split level 0: [/49, 7334] [/49, 591] [/49, 1984] [/49, 3096] [/49, 3406] [/49, 5778] [/49, 6333] [/49, 8858] [/49, 591] [/49, 3618] 
best_l after optimization: -268146.6875
beta sum per layer: [0.0, 9.839093208312988, 8.472835540771484, 4.533150672912598]
alpha/beta optimization time: 0.7313971519470215
pruning_in_iteration open status: False
ratio of positive domain = 0 / 256 = 0.0
pruning-in-iteration extra time: 0.00015282630920410156
torch.Size([256, 1])
Time: prepare 0.0049    bound 0.7329    transfer 0.0044    finalize 0.0735    func 0.8157    
Accumulated time: func 221.5720    prepare 3.6627    bound 195.2526    transfer 1.8483    finalize 23.1754    
max lb tensor(-922.) min lb tensor(-1168.)
Number of Verified Splits: 0 of 256
Current worst splitting domains lb-rhs (depth):
-1168.00000 (189), -1168.00000 (12), -1168.00000 (76), -1168.00000 (61), -1168.00000 (295), -1168.00000 (30), -1168.00000 (157), -1168.00000 (182), -1168.00000 (232), -1168.00000 (264), -1168.00000 (93), -1168.00000 (222), -1168.00000 (120), -1168.00000 (132), -1168.00000 (107), -1168.00000 (287), -1168.00000 (246), -1168.00000 (254), -1168.00000 (62), -1168.00000 (20), 
Length of domains: 39080
Current (lb-rhs): -1168.0
78076 domains visited
Time: pickout 0.0365    decision 0.1693    set_bounds 0.0041    solve 0.8162    add 0.0814    
Accumulated time: pickout 10.1516    decision 73.1937    set_bounds 3.0260    solve 221.7540    add 40.5279    
Cumulative time: 349.59539008140564

BaB round 307
batch: 128
splitting decisions: 
split level 0: [/49, 3941] [/55, 31] [/49, 4688] [/49, 7490] [/49, 7294] [/55, 49] [/49, 4617] [/49, 7505] [/49, 5414] [/49, 4112] 
best_l after optimization: -268145.53125
beta sum per layer: [0.0, 10.37517261505127, 10.094742774963379, 4.653564453125]
alpha/beta optimization time: 0.8479933738708496
pruning_in_iteration open status: False
ratio of positive domain = 0 / 256 = 0.0
pruning-in-iteration extra time: 0.00012183189392089844
torch.Size([256, 1])
Time: prepare 0.0057    bound 0.8496    transfer 0.0054    finalize 0.0836    func 0.9444    
Accumulated time: func 222.5164    prepare 3.6786    bound 196.1022    transfer 1.8538    finalize 23.2590    
max lb tensor(-922.) min lb tensor(-1168.)
Number of Verified Splits: 0 of 256
Current worst splitting domains lb-rhs (depth):
-1168.00000 (140), -1168.00000 (233), -1168.00000 (75), -1168.00000 (251), -1168.00000 (188), -1168.00000 (29), -1168.00000 (241), -1168.00000 (23), -1168.00000 (100), -1168.00000 (290), -1168.00000 (271), -1168.00000 (173), -1168.00000 (164), -1168.00000 (217), -1168.00000 (207), -1168.00000 (124), -1168.00000 (279), -1168.00000 (216), -1168.00000 (173), -1168.00000 (106), 
Length of domains: 39208
Current (lb-rhs): -1168.0
78332 domains visited
Time: pickout 0.0646    decision 0.3333    set_bounds 0.0050    solve 0.9448    add 0.0809    
Accumulated time: pickout 10.2162    decision 73.5271    set_bounds 3.0310    solve 222.6988    add 40.6088    
Cumulative time: 351.02672243118286

BaB round 308
batch: 128
splitting decisions: 
split level 0: [/49, 10389] [/55, 466] [/49, 6378] [/49, 5800] [/49, 8922] [/55, 517] [/49, 9544] [/49, 422] [/49, 7327] [/49, 3605] 
best_l after optimization: -268157.03125
beta sum per layer: [0.0, 9.989482879638672, 9.395166397094727, 4.776226043701172]
alpha/beta optimization time: 0.4012594223022461
pruning_in_iteration open status: False
ratio of positive domain = 0 / 256 = 0.0
pruning-in-iteration extra time: 3.790855407714844e-05
torch.Size([256, 1])
Time: prepare 0.0056    bound 0.4026    transfer 0.0042    finalize 0.0686    func 0.4811    
Accumulated time: func 222.9975    prepare 3.6855    bound 196.5048    transfer 1.8579    finalize 23.3277    
max lb tensor(-922.) min lb tensor(-1168.)
Number of Verified Splits: 0 of 256
Current worst splitting domains lb-rhs (depth):
-1168.00000 (40), -1168.00000 (135), -1168.00000 (265), -1168.00000 (63), -1168.00000 (213), -1168.00000 (136), -1168.00000 (299), -1168.00000 (16), -1168.00000 (136), -1168.00000 (212), -1168.00000 (136), -1168.00000 (63), -1168.00000 (213), -1168.00000 (265), -1168.00000 (212), -1168.00000 (137), -1168.00000 (16), -1168.00000 (137), -1168.00000 (212), -1168.00000 (299), 
Length of domains: 39336
Current (lb-rhs): -1168.0
78588 domains visited
Time: pickout 0.0400    decision 0.1346    set_bounds 0.0078    solve 0.4815    add 0.0781    
Accumulated time: pickout 10.2562    decision 73.6617    set_bounds 3.0387    solve 223.1803    add 40.6869    
Cumulative time: 351.772828578949

BaB round 309
batch: 128
splitting decisions: 
split level 0: [/55, 731] [/49, 5514] [/49, 6391] [/49, 9011] [/55, 246] [/55, 22] [/55, 59] [/49, 9717] [/49, 5605] [/49, 5323] 
best_l after optimization: -268155.0625
beta sum per layer: [0.0, 11.394876480102539, 10.782644271850586, 4.808740615844727]
alpha/beta optimization time: 0.46074581146240234
pruning_in_iteration open status: False
ratio of positive domain = 0 / 256 = 0.0
pruning-in-iteration extra time: 9.5367431640625e-05
torch.Size([256, 1])
Time: prepare 0.0049    bound 0.4622    transfer 0.0038    finalize 0.0883    func 0.5592    
Accumulated time: func 223.5567    prepare 3.6918    bound 196.9671    transfer 1.8617    finalize 23.4159    
max lb tensor(-922.) min lb tensor(-1168.)
Number of Verified Splits: 0 of 256
Current worst splitting domains lb-rhs (depth):
-1168.00000 (73), -1168.00000 (212), -1168.00000 (147), -1168.00000 (172), -1168.00000 (130), -1168.00000 (213), -1168.00000 (102), -1168.00000 (116), -1168.00000 (276), -1168.00000 (153), -1168.00000 (73), -1168.00000 (120), -1168.00000 (27), -1168.00000 (213), -1168.00000 (137), -1168.00000 (276), -1168.00000 (172), -1168.00000 (72), -1168.00000 (213), -1168.00000 (173), 
Length of domains: 39464
Current (lb-rhs): -1168.0
78844 domains visited
Time: pickout 0.0482    decision 0.1321    set_bounds 0.0040    solve 0.5597    add 0.0813    
Accumulated time: pickout 10.3044    decision 73.7938    set_bounds 3.0428    solve 223.7400    add 40.7683    
Cumulative time: 352.6008093357086

BaB round 310
batch: 128
splitting decisions: 
split level 0: [/49, 2045] [/49, 3486] [/49, 5462] [/49, 9516] [/49, 7975] [/55, 562] [/49, 9349] [/49, 1578] [/49, 8649] [/49, 9351] 
best_l after optimization: -268164.0625
beta sum per layer: [0.0, 11.853544235229492, 10.676230430603027, 4.683629989624023]
alpha/beta optimization time: 0.4888496398925781
pruning_in_iteration open status: False
ratio of positive domain = 0 / 256 = 0.0
pruning-in-iteration extra time: 0.00011873245239257812
torch.Size([256, 1])
Time: prepare 0.0058    bound 0.4903    transfer 0.0041    finalize 0.0706    func 0.5709    
Accumulated time: func 224.1276    prepare 3.7010    bound 197.4574    transfer 1.8658    finalize 23.4866    
max lb tensor(-922.) min lb tensor(-1168.)
Number of Verified Splits: 0 of 256
Current worst splitting domains lb-rhs (depth):
-1168.00000 (298), -1168.00000 (122), -1168.00000 (21), -1168.00000 (298), -1168.00000 (123), -1168.00000 (224), -1168.00000 (123), -1168.00000 (224), -1168.00000 (123), -1168.00000 (21), -1168.00000 (124), -1168.00000 (223), -1168.00000 (124), -1168.00000 (224), -1168.00000 (223), -1168.00000 (124), -1168.00000 (20), -1168.00000 (223), -1168.00000 (125), -1168.00000 (125), 
Length of domains: 39592
Current (lb-rhs): -1168.0
79100 domains visited
Time: pickout 0.0367    decision 0.1959    set_bounds 0.0042    solve 0.5714    add 0.0797    
Accumulated time: pickout 10.3411    decision 73.9897    set_bounds 3.0470    solve 224.3114    add 40.8480    
Cumulative time: 353.49296832084656

BaB round 311
batch: 128
splitting decisions: 
split level 0: [/49, 10170] [/55, 226] [/49, 7054] [/49, 418] [/49, 9091] [/55, 119] [/49, 4623] [/49, 3293] [/49, 4424] [/49, 9544] 
best_l after optimization: -268164.3125
beta sum per layer: [0.0, 11.85395336151123, 9.832612037658691, 4.346531391143799]
alpha/beta optimization time: 0.3856320381164551
pruning_in_iteration open status: False
ratio of positive domain = 0 / 256 = 0.0
pruning-in-iteration extra time: 8.988380432128906e-05
torch.Size([256, 1])
Time: prepare 0.0051    bound 0.3871    transfer 0.0038    finalize 0.0920    func 0.4880    
Accumulated time: func 224.6157    prepare 3.7073    bound 197.8445    transfer 1.8696    finalize 23.5786    
max lb tensor(-922.) min lb tensor(-1168.)
Number of Verified Splits: 0 of 256
Current worst splitting domains lb-rhs (depth):
-1168.00000 (184), -1168.00000 (94), -1168.00000 (185), -1168.00000 (94), -1168.00000 (21), -1168.00000 (287), -1168.00000 (185), -1168.00000 (95), -1168.00000 (184), -1168.00000 (287), -1168.00000 (184), -1168.00000 (95), -1168.00000 (20), -1168.00000 (185), -1168.00000 (95), -1168.00000 (287), -1168.00000 (183), -1168.00000 (183), -1168.00000 (96), -1168.00000 (20), 
Length of domains: 39720
Current (lb-rhs): -1168.0
79356 domains visited
Time: pickout 0.0491    decision 0.1327    set_bounds 0.0041    solve 0.4885    add 0.0846    
Accumulated time: pickout 10.3902    decision 74.1224    set_bounds 3.0511    solve 224.7999    add 40.9326    
Cumulative time: 354.254763841629

BaB round 312
batch: 128
splitting decisions: 
split level 0: [/55, 241] [/49, 3670] [/49, 4506] [/49, 221] [/49, 4136] [/49, 7691] [/49, 6482] [/49, 2266] [/49, 3917] [/49, 10703] 
best_l after optimization: -268161.375
beta sum per layer: [0.0, 13.544473648071289, 10.822402954101562, 4.78605842590332]
alpha/beta optimization time: 0.38849568367004395
pruning_in_iteration open status: False
ratio of positive domain = 0 / 256 = 0.0
pruning-in-iteration extra time: 3.910064697265625e-05
torch.Size([256, 1])
Time: prepare 0.0051    bound 0.3898    transfer 0.0039    finalize 0.0666    func 0.4655    
Accumulated time: func 225.0812    prepare 3.7138    bound 198.2343    transfer 1.8736    finalize 23.6452    
max lb tensor(-922.) min lb tensor(-1168.)
Number of Verified Splits: 0 of 256
Current worst splitting domains lb-rhs (depth):
-1168.00000 (125), -1168.00000 (123), -1168.00000 (226), -1168.00000 (123), -1168.00000 (21), -1168.00000 (124), -1168.00000 (225), -1168.00000 (300), -1168.00000 (124), -1168.00000 (225), -1168.00000 (124), -1168.00000 (21), -1168.00000 (225), -1168.00000 (226), -1168.00000 (125), -1168.00000 (224), -1168.00000 (300), -1168.00000 (125), -1168.00000 (224), -1168.00000 (20), 
Length of domains: 39848
Current (lb-rhs): -1168.0
79612 domains visited
Time: pickout 0.0387    decision 0.1336    set_bounds 0.0041    solve 0.4660    add 0.0781    
Accumulated time: pickout 10.4289    decision 74.2559    set_bounds 3.0552    solve 225.2659    add 41.0107    
Cumulative time: 354.9793698787689

BaB round 313
batch: 128
splitting decisions: 
split level 0: [/55, 1162] [/49, 8818] [/49, 6365] [/49, 7488] [/49, 3995] [/49, 4987] [/55, 1394] [/49, 9716] [/49, 6283] [/49, 7830] 
best_l after optimization: -268172.84375
beta sum per layer: [0.0, 13.043749809265137, 10.300004005432129, 4.645673751831055]
alpha/beta optimization time: 0.3872225284576416
pruning_in_iteration open status: False
ratio of positive domain = 0 / 256 = 0.0
pruning-in-iteration extra time: 3.933906555175781e-05
torch.Size([256, 1])
Time: prepare 0.0052    bound 0.3886    transfer 0.0044    finalize 0.0839    func 0.4822    
Accumulated time: func 225.5633    prepare 3.7202    bound 198.6229    transfer 1.8780    finalize 23.7291    
max lb tensor(-922.) min lb tensor(-1168.)
Number of Verified Splits: 0 of 256
Current worst splitting domains lb-rhs (depth):
-1168.00000 (192), -1168.00000 (296), -1168.00000 (224), -1168.00000 (307), -1168.00000 (203), -1168.00000 (120), -1168.00000 (262), -1168.00000 (46), -1168.00000 (75), -1168.00000 (214), -1168.00000 (138), -1168.00000 (266), -1168.00000 (250), -1168.00000 (40), -1168.00000 (169), -1168.00000 (107), -1168.00000 (49), -1168.00000 (183), -1168.00000 (83), -1168.00000 (247), 
Length of domains: 39976
Current (lb-rhs): -1168.0
79868 domains visited
Time: pickout 0.0480    decision 0.1321    set_bounds 0.0078    solve 0.4827    add 0.0768    
Accumulated time: pickout 10.4769    decision 74.3881    set_bounds 3.0630    solve 225.7486    add 41.0875    
Cumulative time: 355.7292802333832

BaB round 314
batch: 128
splitting decisions: 
split level 0: [/49, 4476] [/49, 4086] [/49, 2673] [/49, 67] [/49, 10417] [/49, 3556] [/49, 537] [/49, 3605] [/49, 7464] [/49, 901] 
best_l after optimization: -268170.3125
beta sum per layer: [0.0, 14.10704231262207, 11.725645065307617, 4.647449493408203]
alpha/beta optimization time: 0.3896458148956299
pruning_in_iteration open status: False
ratio of positive domain = 0 / 256 = 0.0
pruning-in-iteration extra time: 3.886222839355469e-05
torch.Size([256, 1])
Time: prepare 0.0050    bound 0.3910    transfer 0.0046    finalize 0.0711    func 0.4718    
Accumulated time: func 226.0351    prepare 3.7266    bound 199.0140    transfer 1.8825    finalize 23.8002    
max lb tensor(-922.) min lb tensor(-1168.)
Number of Verified Splits: 0 of 256
Current worst splitting domains lb-rhs (depth):
-1168.00000 (293), -1168.00000 (127), -1168.00000 (66), -1168.00000 (244), -1168.00000 (225), -1168.00000 (166), -1168.00000 (101), -1168.00000 (32), -1168.00000 (269), -1168.00000 (66), -1168.00000 (147), -1168.00000 (211), -1168.00000 (308), -1168.00000 (101), -1168.00000 (12), -1168.00000 (244), -1168.00000 (66), -1168.00000 (127), -1168.00000 (269), -1168.00000 (33), 
Length of domains: 40104
Current (lb-rhs): -1168.0
80124 domains visited
Time: pickout 0.0362    decision 0.1322    set_bounds 0.0042    solve 0.4723    add 0.0799    
Accumulated time: pickout 10.5131    decision 74.5203    set_bounds 3.0673    solve 226.2209    add 41.1673    
Cumulative time: 356.45833706855774

BaB round 315
batch: 128
splitting decisions: 
split level 0: [/49, 392] [/55, 54] [/55, 928] [/49, 8336] [/49, 879] [/49, 3386] [/55, 187] [/49, 6999] [/49, 2088] [/49, 6647] 
best_l after optimization: -268178.375
beta sum per layer: [0.0, 14.641639709472656, 11.401329040527344, 4.6937665939331055]
alpha/beta optimization time: 0.397322416305542
pruning_in_iteration open status: False
ratio of positive domain = 0 / 256 = 0.0
pruning-in-iteration extra time: 4.887580871582031e-05
torch.Size([256, 1])
Time: prepare 0.0052    bound 0.3991    transfer 0.0038    finalize 0.0883    func 0.4964    
Accumulated time: func 226.5316    prepare 3.7330    bound 199.4131    transfer 1.8863    finalize 23.8885    
max lb tensor(-922.) min lb tensor(-1168.)
Number of Verified Splits: 0 of 256
Current worst splitting domains lb-rhs (depth):
-1168.00000 (306), -1168.00000 (82), -1168.00000 (119), -1168.00000 (206), -1168.00000 (155), -1168.00000 (82), -1168.00000 (206), -1168.00000 (281), -1168.00000 (9), -1168.00000 (28), -1168.00000 (281), -1168.00000 (82), -1168.00000 (206), -1168.00000 (154), -1168.00000 (207), -1168.00000 (119), -1168.00000 (81), -1168.00000 (281), -1168.00000 (207), -1168.00000 (83), 
Length of domains: 40232
Current (lb-rhs): -1168.0
80380 domains visited
Time: pickout 0.0519    decision 0.1386    set_bounds 0.0081    solve 0.4969    add 0.0851    
Accumulated time: pickout 10.5650    decision 74.6589    set_bounds 3.0754    solve 226.7178    add 41.2524    
Cumulative time: 357.2417552471161

BaB round 316
batch: 128
splitting decisions: 
split level 0: [/49, 1772] [/55, 558] [/49, 138] [/49, 8387] [/49, 6110] [/49, 2225] [/55, 45] [/49, 3436] [/55, 232] [/49, 9364] 
best_l after optimization: -268179.40625
beta sum per layer: [0.0, 14.368172645568848, 10.845800399780273, 4.372757911682129]
alpha/beta optimization time: 0.38568997383117676
pruning_in_iteration open status: False
ratio of positive domain = 0 / 256 = 0.0
pruning-in-iteration extra time: 3.838539123535156e-05
torch.Size([256, 1])
Time: prepare 0.0050    bound 0.3871    transfer 0.0040    finalize 0.0771    func 0.4733    
Accumulated time: func 227.0048    prepare 3.7393    bound 199.8001    transfer 1.8903    finalize 23.9657    
max lb tensor(-922.) min lb tensor(-1168.)
Number of Verified Splits: 0 of 256
Current worst splitting domains lb-rhs (depth):
-1168.00000 (27), -1168.00000 (312), -1168.00000 (66), -1168.00000 (256), -1168.00000 (271), -1168.00000 (176), -1168.00000 (87), -1168.00000 (9), -1168.00000 (65), -1168.00000 (102), -1168.00000 (194), -1168.00000 (118), -1168.00000 (192), -1168.00000 (234), -1168.00000 (188), -1168.00000 (299), -1168.00000 (162), -1168.00000 (144), -1168.00000 (272), -1168.00000 (66), 
Length of domains: 40360
Current (lb-rhs): -1168.0
80636 domains visited
Time: pickout 0.0374    decision 0.1314    set_bounds 0.0042    solve 0.4738    add 0.0873    
Accumulated time: pickout 10.6024    decision 74.7903    set_bounds 3.0796    solve 227.1916    add 41.3397    
Cumulative time: 357.9806053638458

BaB round 317
batch: 128
splitting decisions: 
split level 0: [/55, 97] [/49, 4596] [/49, 5546] [/49, 4305] [/49, 7977] [/49, 3579] [/49, 8705] [/49, 9522] [/49, 7298] [/49, 10196] 
best_l after optimization: -268176.46875
beta sum per layer: [0.0, 15.661956787109375, 11.94282054901123, 4.489725589752197]
alpha/beta optimization time: 0.39078712463378906
pruning_in_iteration open status: False
ratio of positive domain = 0 / 256 = 0.0
pruning-in-iteration extra time: 3.7670135498046875e-05
torch.Size([256, 1])
Time: prepare 0.0052    bound 0.3922    transfer 0.0039    finalize 0.0831    func 0.4844    
Accumulated time: func 227.4892    prepare 3.7458    bound 200.1923    transfer 1.8943    finalize 24.0488    
max lb tensor(-922.) min lb tensor(-1168.)
Number of Verified Splits: 0 of 256
Current worst splitting domains lb-rhs (depth):
-1168.00000 (277), -1168.00000 (150), -1168.00000 (54), -1168.00000 (292), -1168.00000 (188), -1168.00000 (247), -1168.00000 (174), -1168.00000 (299), -1168.00000 (107), -1168.00000 (220), -1168.00000 (188), -1168.00000 (124), -1168.00000 (97), -1168.00000 (150), -1168.00000 (162), -1168.00000 (73), -1168.00000 (74), -1168.00000 (247), -1168.00000 (230), -1168.00000 (21), 
Length of domains: 40488
Current (lb-rhs): -1168.0
80892 domains visited
Time: pickout 0.0506    decision 0.1346    set_bounds 0.0043    solve 0.4849    add 0.0801    
Accumulated time: pickout 10.6531    decision 74.9249    set_bounds 3.0840    solve 227.6764    add 41.4197    
Cumulative time: 358.7378046512604

BaB round 318
batch: 128
splitting decisions: 
split level 0: [/49, 4593] [/49, 9327] [/49, 10590] [/49, 7334] [/49, 67] [/49, 8820] [/49, 7639] [/49, 9182] [/49, 5776] [/55, 54] 
best_l after optimization: -268187.25
beta sum per layer: [0.0, 15.354019165039062, 11.387826919555664, 4.493813991546631]
alpha/beta optimization time: 0.3900790214538574
pruning_in_iteration open status: False
ratio of positive domain = 0 / 256 = 0.0
pruning-in-iteration extra time: 3.695487976074219e-05
torch.Size([256, 1])
Time: prepare 0.0048    bound 0.3914    transfer 0.0043    finalize 0.0760    func 0.4766    
Accumulated time: func 227.9658    prepare 3.7520    bound 200.5837    transfer 1.8986    finalize 24.1247    
max lb tensor(-922.) min lb tensor(-1168.)
Number of Verified Splits: 0 of 256
Current worst splitting domains lb-rhs (depth):
-1168.00000 (245), -1168.00000 (57), -1168.00000 (191), -1168.00000 (105), -1168.00000 (12), -1168.00000 (67), -1168.00000 (179), -1168.00000 (118), -1168.00000 (251), -1168.00000 (91), -1168.00000 (255), -1168.00000 (150), -1168.00000 (212), -1168.00000 (8), -1168.00000 (31), -1168.00000 (235), -1168.00000 (280), -1168.00000 (264), -1168.00000 (150), -1168.00000 (31), 
Length of domains: 40616
Current (lb-rhs): -1168.0
81148 domains visited
Time: pickout 0.0359    decision 0.1331    set_bounds 0.0041    solve 0.4771    add 0.0845    
Accumulated time: pickout 10.6890    decision 75.0580    set_bounds 3.0880    solve 228.1535    add 41.5042    
Cumulative time: 359.4768307209015

BaB round 319
batch: 128
splitting decisions: 
split level 0: [/49, 2740] [/49, 4765] [/55, 1150] [/49, 1939] [/49, 2784] [/49, 4088] [/49, 4815] [/49, 3787] [/49, 2227] [/49, 238] 
best_l after optimization: -268184.9375
beta sum per layer: [0.0, 16.510684967041016, 12.490184783935547, 4.697776794433594]
alpha/beta optimization time: 0.38999271392822266
pruning_in_iteration open status: False
ratio of positive domain = 0 / 256 = 0.0
pruning-in-iteration extra time: 3.743171691894531e-05
torch.Size([256, 1])
Time: prepare 0.0050    bound 0.3914    transfer 0.0042    finalize 0.0810    func 0.4816    
Accumulated time: func 228.4474    prepare 3.7583    bound 200.9750    transfer 1.9028    finalize 24.2058    
max lb tensor(-922.) min lb tensor(-1168.)
Number of Verified Splits: 0 of 256
Current worst splitting domains lb-rhs (depth):
-1168.00000 (156), -1168.00000 (83), -1168.00000 (157), -1168.00000 (208), -1168.00000 (83), -1168.00000 (285), -1168.00000 (209), -1168.00000 (121), -1168.00000 (28), -1168.00000 (83), -1168.00000 (208), -1168.00000 (209), -1168.00000 (284), -1168.00000 (209), -1168.00000 (9), -1168.00000 (82), -1168.00000 (310), -1168.00000 (210), -1168.00000 (156), -1168.00000 (84), 
Length of domains: 40744
Current (lb-rhs): -1168.0
81404 domains visited
Time: pickout 0.0506    decision 0.1324    set_bounds 0.0042    solve 0.4821    add 0.0743    
Accumulated time: pickout 10.7396    decision 75.1904    set_bounds 3.0922    solve 228.6356    add 41.5785    
Cumulative time: 360.2228615283966

BaB round 320
batch: 128
splitting decisions: 
split level 0: [/49, 3072] [/49, 3555] [/55, 1162] [/49, 5657] [/49, 6118] [/49, 3096] [/49, 7518] [/49, 8027] [/49, 8027] [/49, 6985] 
best_l after optimization: -268191.0
beta sum per layer: [0.0, 16.234256744384766, 11.416616439819336, 4.458028793334961]
alpha/beta optimization time: 0.4096088409423828
pruning_in_iteration open status: False
ratio of positive domain = 0 / 256 = 0.0
pruning-in-iteration extra time: 3.719329833984375e-05
torch.Size([256, 1])
Time: prepare 0.0050    bound 0.4109    transfer 0.0040    finalize 0.0668    func 0.4868    
Accumulated time: func 228.9342    prepare 3.7646    bound 201.3860    transfer 1.9068    finalize 24.2726    
max lb tensor(-922.) min lb tensor(-1168.)
Number of Verified Splits: 0 of 256
Current worst splitting domains lb-rhs (depth):
-1168.00000 (12), -1168.00000 (314), -1168.00000 (156), -1168.00000 (89), -1168.00000 (258), -1168.00000 (210), -1168.00000 (89), -1168.00000 (156), -1168.00000 (89), -1168.00000 (259), -1168.00000 (34), -1168.00000 (299), -1168.00000 (156), -1168.00000 (210), -1168.00000 (88), -1168.00000 (259), -1168.00000 (298), -1168.00000 (157), -1168.00000 (88), -1168.00000 (259), 
Length of domains: 40872
Current (lb-rhs): -1168.0
81660 domains visited
Time: pickout 0.0352    decision 0.1320    set_bounds 0.0076    solve 0.4872    add 0.0776    
Accumulated time: pickout 10.7748    decision 75.3223    set_bounds 3.0998    solve 229.1228    add 41.6561    
Cumulative time: 360.965970993042

BaB round 321
batch: 128
splitting decisions: 
split level 0: [/49, 4279] [/55, 523] [/55, 1394] [/49, 8361] [/49, 8814] [/49, 1384] [/49, 8530] [/49, 2619] [/49, 2710] [/49, 5464] 
best_l after optimization: -268188.875
beta sum per layer: [0.0, 17.756162643432617, 12.955533027648926, 4.88501501083374]
alpha/beta optimization time: 0.4070272445678711
pruning_in_iteration open status: False
ratio of positive domain = 0 / 256 = 0.0
pruning-in-iteration extra time: 0.00012111663818359375
torch.Size([256, 1])
Time: prepare 0.0051    bound 0.4085    transfer 0.0044    finalize 0.0808    func 0.4988    
Accumulated time: func 229.4330    prepare 3.7714    bound 201.7945    transfer 1.9112    finalize 24.3533    
max lb tensor(-922.) min lb tensor(-1168.)
Number of Verified Splits: 0 of 256
Current worst splitting domains lb-rhs (depth):
-1168.00000 (210), -1168.00000 (287), -1168.00000 (84), -1168.00000 (158), -1168.00000 (210), -1168.00000 (121), -1168.00000 (28), -1168.00000 (210), -1168.00000 (286), -1168.00000 (83), -1168.00000 (209), -1168.00000 (83), -1168.00000 (157), -1168.00000 (28), -1168.00000 (211), -1168.00000 (286), -1168.00000 (122), -1168.00000 (83), -1168.00000 (9), -1168.00000 (84), 
Length of domains: 41000
Current (lb-rhs): -1168.0
81916 domains visited
Time: pickout 0.0485    decision 0.1536    set_bounds 0.0043    solve 0.4992    add 0.0822    
Accumulated time: pickout 10.8233    decision 75.4759    set_bounds 3.1041    solve 229.6221    add 41.7382    
Cumulative time: 361.7561526298523

BaB round 322
batch: 128
splitting decisions: 
split level 0: [/49, 9013] [/55, 68] [/49, 4024] [/49, 5320] [/49, 5436] [/49, 8638] [/49, 4649] [/49, 1240] [/49, 3295] [/49, 1939] 
best_l after optimization: -268197.875
beta sum per layer: [0.0, 17.464414596557617, 11.799871444702148, 4.629451751708984]
alpha/beta optimization time: 0.8779199123382568
pruning_in_iteration open status: False
ratio of positive domain = 0 / 256 = 0.0
pruning-in-iteration extra time: 0.0002110004425048828
torch.Size([256, 1])
Time: prepare 0.0049    bound 0.8794    transfer 0.0041    finalize 0.0668    func 0.9553    
Accumulated time: func 230.3883    prepare 3.7777    bound 202.6739    transfer 1.9153    finalize 24.4201    
max lb tensor(-922.) min lb tensor(-1168.)
Number of Verified Splits: 0 of 256
Current worst splitting domains lb-rhs (depth):
-1168.00000 (129), -1168.00000 (233), -1168.00000 (127), -1168.00000 (22), -1168.00000 (127), -1168.00000 (233), -1168.00000 (128), -1168.00000 (232), -1168.00000 (128), -1168.00000 (309), -1168.00000 (232), -1168.00000 (128), -1168.00000 (21), -1168.00000 (127), -1168.00000 (232), -1168.00000 (129), -1168.00000 (231), -1168.00000 (129), -1168.00000 (21), -1168.00000 (310), 
Length of domains: 41128
Current (lb-rhs): -1168.0
82172 domains visited
Time: pickout 0.0453    decision 0.1388    set_bounds 0.0041    solve 0.9558    add 0.0741    
Accumulated time: pickout 10.8686    decision 75.6147    set_bounds 3.1082    solve 230.5779    add 41.8124    
Cumulative time: 362.97810101509094

BaB round 323
batch: 128
splitting decisions: 
split level 0: [/49, 9544] [/55, 536] [/49, 8727] [/49, 8333] [/55, 116] [/49, 8816] [/49, 3752] [/49, 5802] [/49, 7949] [/49, 6335] 
best_l after optimization: -268195.21875
beta sum per layer: [0.0, 19.148242950439453, 12.965719223022461, 4.646096706390381]
alpha/beta optimization time: 0.8704137802124023
pruning_in_iteration open status: False
ratio of positive domain = 0 / 256 = 0.0
pruning-in-iteration extra time: 0.0004024505615234375
torch.Size([256, 1])
Time: prepare 0.0061    bound 0.8722    transfer 0.0129    finalize 0.0830    func 0.9742    
Accumulated time: func 231.3625    prepare 3.7938    bound 203.5461    transfer 1.9282    finalize 24.5031    
max lb tensor(-922.) min lb tensor(-1168.)
Number of Verified Splits: 0 of 256
Current worst splitting domains lb-rhs (depth):
-1168.00000 (274), -1168.00000 (29), -1168.00000 (68), -1168.00000 (124), -1168.00000 (315), -1168.00000 (52), -1168.00000 (82), -1168.00000 (214), -1168.00000 (93), -1168.00000 (16), -1168.00000 (156), -1168.00000 (176), -1168.00000 (270), -1168.00000 (199), -1168.00000 (109), -1168.00000 (124), -1168.00000 (215), -1168.00000 (305), -1168.00000 (110), -1168.00000 (44), 
Length of domains: 41256
Current (lb-rhs): -1168.0
82428 domains visited
Time: pickout 0.0668    decision 0.3146    set_bounds 0.0051    solve 0.9747    add 0.0729    
Accumulated time: pickout 10.9354    decision 75.9293    set_bounds 3.1133    solve 231.5526    add 41.8852    
Cumulative time: 364.4161157608032

BaB round 324
batch: 128
splitting decisions: 
split level 0: [/49, 3967] [/49, 3995] [/49, 3488] [/55, 962] [/49, 7293] [/49, 5414] [/49, 4448] [/49, 6311] [/49, 7611] [/49, 8168] 
best_l after optimization: -268203.0625
beta sum per layer: [0.0, 19.87820816040039, 12.79835319519043, 4.7605671882629395]
alpha/beta optimization time: 0.408527135848999
pruning_in_iteration open status: False
ratio of positive domain = 0 / 256 = 0.0
pruning-in-iteration extra time: 3.886222839355469e-05
torch.Size([256, 1])
Time: prepare 0.0049    bound 0.4099    transfer 0.0128    finalize 0.0807    func 0.5084    
Accumulated time: func 231.8709    prepare 3.8000    bound 203.9559    transfer 1.9410    finalize 24.5838    
max lb tensor(-922.) min lb tensor(-1168.)
Number of Verified Splits: 0 of 256
Current worst splitting domains lb-rhs (depth):
-1168.00000 (219), -1168.00000 (303), -1168.00000 (21), -1168.00000 (122), -1168.00000 (180), -1168.00000 (103), -1168.00000 (207), -1168.00000 (270), -1168.00000 (231), -1168.00000 (78), -1168.00000 (78), -1168.00000 (312), -1168.00000 (132), -1168.00000 (252), -1168.00000 (166), -1168.00000 (33), -1168.00000 (184), -1168.00000 (8), -1168.00000 (252), -1168.00000 (232), 
Length of domains: 41384
Current (lb-rhs): -1168.0
82684 domains visited
Time: pickout 0.0475    decision 0.1373    set_bounds 0.0041    solve 0.5089    add 0.0755    
Accumulated time: pickout 10.9830    decision 76.0666    set_bounds 3.1175    solve 232.0615    add 41.9608    
Cumulative time: 365.1935453414917

BaB round 325
batch: 128
splitting decisions: 
split level 0: [/49, 732] [/55, 937] [/55, 248] [/49, 6658] [/49, 9496] [/49, 2760] [/49, 3603] [/49, 2267] [/55, 1556] [/55, 741] 
best_l after optimization: -268203.1875
beta sum per layer: [0.0, 20.450462341308594, 12.949605941772461, 4.901281356811523]
alpha/beta optimization time: 0.4356541633605957
pruning_in_iteration open status: False
ratio of positive domain = 0 / 256 = 0.0
pruning-in-iteration extra time: 3.5762786865234375e-05
torch.Size([256, 1])
Time: prepare 0.0051    bound 0.4370    transfer 0.0123    finalize 0.0772    func 0.5317    
Accumulated time: func 232.4026    prepare 3.8064    bound 204.3929    transfer 1.9533    finalize 24.6610    
max lb tensor(-922.) min lb tensor(-1168.)
Number of Verified Splits: 0 of 256
Current worst splitting domains lb-rhs (depth):
-1168.00000 (242), -1168.00000 (123), -1168.00000 (298), -1168.00000 (9), -1168.00000 (257), -1168.00000 (159), -1168.00000 (316), -1168.00000 (196), -1168.00000 (23), -1168.00000 (39), -1168.00000 (96), -1168.00000 (96), -1168.00000 (197), -1168.00000 (275), -1168.00000 (298), -1168.00000 (158), -1168.00000 (124), -1168.00000 (63), -1168.00000 (52), -1168.00000 (298), 
Length of domains: 41512
Current (lb-rhs): -1168.0
82940 domains visited
Time: pickout 0.0506    decision 0.1314    set_bounds 0.0080    solve 0.5323    add 0.0718    
Accumulated time: pickout 11.0335    decision 76.1980    set_bounds 3.1255    solve 232.5937    add 42.0326    
Cumulative time: 365.99154257774353

BaB round 326
batch: 128
splitting decisions: 
split level 0: [/49, 5464] [/55, 573] [/55, 1262] [/49, 2760] [/49, 708] [/49, 6645] [/49, 372] [/49, 10196] [/49, 6309] [/49, 4656] 
best_l after optimization: -268205.0625
beta sum per layer: [0.0, 19.708417892456055, 12.081903457641602, 4.8093438148498535]
alpha/beta optimization time: 0.6196444034576416
pruning_in_iteration open status: False
ratio of positive domain = 0 / 256 = 0.0
pruning-in-iteration extra time: 4.172325134277344e-05
torch.Size([256, 1])
Time: prepare 0.0056    bound 0.6210    transfer 0.0127    finalize 0.0795    func 0.7189    
Accumulated time: func 233.1215    prepare 3.8152    bound 205.0140    transfer 1.9660    finalize 24.7405    
max lb tensor(-922.) min lb tensor(-1168.)
Number of Verified Splits: 0 of 256
Current worst splitting domains lb-rhs (depth):
-1168.00000 (39), -1168.00000 (251), -1168.00000 (108), -1168.00000 (274), -1168.00000 (146), -1168.00000 (301), -1168.00000 (170), -1168.00000 (76), -1168.00000 (29), -1168.00000 (9), -1168.00000 (317), -1168.00000 (108), -1168.00000 (206), -1168.00000 (251), -1168.00000 (223), -1168.00000 (75), -1168.00000 (274), -1168.00000 (170), -1168.00000 (146), -1168.00000 (274), 
Length of domains: 41640
Current (lb-rhs): -1168.0
83196 domains visited
Time: pickout 0.0527    decision 0.1964    set_bounds 0.0054    solve 0.7193    add 0.0800    
Accumulated time: pickout 11.0862    decision 76.3944    set_bounds 3.1310    solve 233.3131    add 42.1125    
Cumulative time: 367.0494952201843

BaB round 327
batch: 128
splitting decisions: 
split level 0: [/49, 2108] [/49, 4597] [/49, 8913] [/49, 6840] [/49, 2812] [/49, 9349] [/49, 4138] [/49, 3969] [/55, 508] [/49, 1577] 
best_l after optimization: -268201.9375
beta sum per layer: [0.0, 21.697357177734375, 13.393017768859863, 4.856025695800781]
alpha/beta optimization time: 0.7712218761444092
pruning_in_iteration open status: False
ratio of positive domain = 0 / 256 = 0.0
pruning-in-iteration extra time: 0.0002865791320800781
torch.Size([256, 1])
Time: prepare 0.0120    bound 0.7728    transfer 0.0122    finalize 0.0794    func 0.8765    
Accumulated time: func 233.9980    prepare 3.8354    bound 205.7868    transfer 1.9782    finalize 24.8199    
max lb tensor(-922.) min lb tensor(-1168.)
Number of Verified Splits: 0 of 256
Current worst splitting domains lb-rhs (depth):
-1168.00000 (107), -1168.00000 (48), -1168.00000 (64), -1168.00000 (250), -1168.00000 (196), -1168.00000 (301), -1168.00000 (198), -1168.00000 (247), -1168.00000 (116), -1168.00000 (56), -1168.00000 (8), -1168.00000 (183), -1168.00000 (22), -1168.00000 (283), -1168.00000 (125), -1168.00000 (321), -1168.00000 (265), -1168.00000 (101), -1168.00000 (171), -1168.00000 (253), 
Length of domains: 41768
Current (lb-rhs): -1168.0
83452 domains visited
Time: pickout 0.0480    decision 0.2526    set_bounds 0.0164    solve 0.8770    add 0.0833    
Accumulated time: pickout 11.1343    decision 76.6470    set_bounds 3.1473    solve 234.1900    add 42.1959    
Cumulative time: 368.3312633037567

BaB round 328
batch: 128
splitting decisions: 
split level 0: [/49, 3265] [/49, 8822] [/49, 2335] [/49, 10192] [/49, 4164] [/49, 9470] [/49, 3447] [/49, 5464] [/55, 458] [/55, 433] 
best_l after optimization: -268215.8125
beta sum per layer: [0.0, 21.81158447265625, 12.466048240661621, 4.738269805908203]
alpha/beta optimization time: 0.7940621376037598
pruning_in_iteration open status: False
ratio of positive domain = 0 / 256 = 0.0
pruning-in-iteration extra time: 0.00022935867309570312
torch.Size([256, 1])
Time: prepare 0.0053    bound 0.7956    transfer 0.0136    finalize 0.0934    func 0.9081    
Accumulated time: func 234.9060    prepare 3.8592    bound 206.5824    transfer 1.9918    finalize 24.9133    
max lb tensor(-922.) min lb tensor(-1168.)
Number of Verified Splits: 0 of 256
Current worst splitting domains lb-rhs (depth):
-1168.00000 (76), -1168.00000 (306), -1168.00000 (168), -1168.00000 (209), -1168.00000 (12), -1168.00000 (275), -1168.00000 (124), -1168.00000 (34), -1168.00000 (189), -1168.00000 (77), -1168.00000 (241), -1168.00000 (322), -1168.00000 (241), -1168.00000 (153), -1168.00000 (124), -1168.00000 (276), -1168.00000 (76), -1168.00000 (306), -1168.00000 (34), -1168.00000 (199), 
Length of domains: 41896
Current (lb-rhs): -1168.0
83708 domains visited
Time: pickout 0.0567    decision 0.3662    set_bounds 0.0042    solve 0.9085    add 0.0905    
Accumulated time: pickout 11.1910    decision 77.0132    set_bounds 3.1515    solve 235.0986    add 42.2863    
Cumulative time: 369.7629690170288

BaB round 329
batch: 128
splitting decisions: 
split level 0: [/49, 3098] [/49, 3412] [/49, 9576] [/49, 6673] [/49, 4346] [/49, 3637] [/49, 5466] [/49, 3607] [/49, 3657] [/49, 8857] 
best_l after optimization: -268212.53125
beta sum per layer: [0.0, 23.53955078125, 13.89852523803711, 4.6474528312683105]
alpha/beta optimization time: 0.7916953563690186
pruning_in_iteration open status: False
ratio of positive domain = 0 / 256 = 0.0
pruning-in-iteration extra time: 0.00015282630920410156
torch.Size([256, 1])
Time: prepare 0.0049    bound 0.7931    transfer 0.0139    finalize 0.0865    func 0.8985    
Accumulated time: func 235.8045    prepare 3.8849    bound 207.3756    transfer 2.0057    finalize 24.9998    
max lb tensor(-922.) min lb tensor(-1168.)
Number of Verified Splits: 0 of 256
Current worst splitting domains lb-rhs (depth):
-1168.00000 (33), -1168.00000 (194), -1168.00000 (8), -1168.00000 (157), -1168.00000 (227), -1168.00000 (77), -1168.00000 (170), -1168.00000 (288), -1168.00000 (227), -1168.00000 (101), -1168.00000 (77), -1168.00000 (227), -1168.00000 (194), -1168.00000 (156), -1168.00000 (304), -1168.00000 (322), -1168.00000 (128), -1168.00000 (226), -1168.00000 (316), -1168.00000 (288), 
Length of domains: 42024
Current (lb-rhs): -1168.0
83964 domains visited
Time: pickout 0.0644    decision 0.3170    set_bounds 0.0042    solve 0.8989    add 0.0809    
Accumulated time: pickout 11.2554    decision 77.3302    set_bounds 3.1557    solve 235.9975    add 42.3672    
Cumulative time: 371.1335997581482

BaB round 330
batch: 128
splitting decisions: 
split level 0: [/49, 8025] [/49, 6455] [/49, 10421] [/49, 7516] [/49, 10599] [/55, 974] [/55, 912] [/49, 2424] [/55, 941] [/49, 3956] 
best_l after optimization: -268220.75
beta sum per layer: [0.0, 24.189849853515625, 13.67985725402832, 4.783234596252441]
alpha/beta optimization time: 0.8013107776641846
pruning_in_iteration open status: False
ratio of positive domain = 0 / 256 = 0.0
pruning-in-iteration extra time: 0.00014591217041015625
torch.Size([256, 1])
Time: prepare 0.0052    bound 0.8028    transfer 0.0133    finalize 0.0882    func 0.9095    
Accumulated time: func 236.7140    prepare 3.8941    bound 208.1784    transfer 2.0189    finalize 25.0879    
max lb tensor(-922.) min lb tensor(-1168.)
Number of Verified Splits: 0 of 256
Current worst splitting domains lb-rhs (depth):
-1168.00000 (233), -1168.00000 (162), -1168.00000 (76), -1168.00000 (278), -1168.00000 (110), -1168.00000 (216), -1168.00000 (162), -1168.00000 (76), -1168.00000 (138), -1168.00000 (17), -1168.00000 (278), -1168.00000 (76), -1168.00000 (320), -1168.00000 (24), -1168.00000 (162), -1168.00000 (215), -1168.00000 (75), -1168.00000 (77), -1168.00000 (316), -1168.00000 (277), 
Length of domains: 42152
Current (lb-rhs): -1168.0
84220 domains visited
Time: pickout 0.0621    decision 0.2076    set_bounds 0.0043    solve 0.9100    add 0.0867    
Accumulated time: pickout 11.3175    decision 77.5378    set_bounds 3.1600    solve 236.9075    add 42.4539    
Cumulative time: 372.4094440937042

BaB round 331
batch: 128
splitting decisions: 
split level 0: [/49, 7178] [/49, 7977] [/49, 9940] [/49, 3447] [/55, 1044] [/55, 737] [/55, 1367] [/49, 7338] [/49, 1577] [/49, 5490] 
best_l after optimization: -268220.8125
beta sum per layer: [0.0, 24.197124481201172, 13.808826446533203, 4.717452526092529]
alpha/beta optimization time: 0.8021273612976074
pruning_in_iteration open status: False
ratio of positive domain = 0 / 256 = 0.0
pruning-in-iteration extra time: 0.0002148151397705078
torch.Size([256, 1])
Time: prepare 0.0050    bound 0.8036    transfer 0.0132    finalize 0.0843    func 0.9062    
Accumulated time: func 237.6202    prepare 3.9043    bound 208.9821    transfer 2.0321    finalize 25.1722    
max lb tensor(-922.) min lb tensor(-1168.)
Number of Verified Splits: 0 of 256
Current worst splitting domains lb-rhs (depth):
-1168.00000 (322), -1168.00000 (298), -1168.00000 (27), -1168.00000 (10), -1168.00000 (261), -1168.00000 (129), -1168.00000 (253), -1168.00000 (157), -1168.00000 (195), -1168.00000 (102), -1168.00000 (68), -1168.00000 (195), -1168.00000 (298), -1168.00000 (101), -1168.00000 (269), -1168.00000 (27), -1168.00000 (195), -1168.00000 (157), -1168.00000 (241), -1168.00000 (298), 
Length of domains: 42280
Current (lb-rhs): -1168.0
84476 domains visited
Time: pickout 0.0649    decision 0.1954    set_bounds 0.0041    solve 0.9067    add 0.0773    
Accumulated time: pickout 11.3824    decision 77.7331    set_bounds 3.1641    solve 237.8142    add 42.5313    
Cumulative time: 373.6631405353546

BaB round 332
batch: 128
splitting decisions: 
split level 0: [/49, 3429] [/55, 1003] [/49, 788] [/49, 2420] [/49, 3501] [/55, 112] [/49, 4140] [/49, 5139] [/55, 1233] [/49, 6140] 
best_l after optimization: -268224.5
beta sum per layer: [0.0, 26.63765525817871, 13.849752426147461, 4.979986190795898]
alpha/beta optimization time: 0.7788650989532471
pruning_in_iteration open status: False
ratio of positive domain = 0 / 256 = 0.0
pruning-in-iteration extra time: 0.0001575946807861328
torch.Size([256, 1])
Time: prepare 0.0051    bound 0.7804    transfer 0.0135    finalize 0.0831    func 0.8821    
Accumulated time: func 238.5024    prepare 3.9123    bound 209.7624    transfer 2.0456    finalize 25.2553    
max lb tensor(-922.) min lb tensor(-1168.)
Number of Verified Splits: 0 of 256
Current worst splitting domains lb-rhs (depth):
-1168.00000 (259), -1168.00000 (292), -1168.00000 (105), -1168.00000 (203), -1168.00000 (87), -1168.00000 (133), -1168.00000 (60), -1168.00000 (246), -1168.00000 (169), -1168.00000 (9), -1168.00000 (123), -1168.00000 (105), -1168.00000 (50), -1168.00000 (272), -1168.00000 (86), -1168.00000 (182), -1168.00000 (222), -1168.00000 (310), -1168.00000 (213), -1168.00000 (213), 
Length of domains: 42408
Current (lb-rhs): -1168.0
84732 domains visited
Time: pickout 0.0590    decision 0.3392    set_bounds 0.0087    solve 0.8826    add 0.0821    
Accumulated time: pickout 11.4414    decision 78.0723    set_bounds 3.1728    solve 238.6968    add 42.6133    
Cumulative time: 375.04003739356995

BaB round 333
batch: 128
splitting decisions: 
split level 0: [/49, 9856] [/55, 932] [/55, 441] [/49, 2081] [/49, 1946] [/49, 3605] [/49, 590] [/49, 9352] [/49, 9017] [/49, 7661] 
best_l after optimization: -268227.34375
beta sum per layer: [0.0, 25.784069061279297, 12.876850128173828, 4.696743965148926]
alpha/beta optimization time: 0.3899257183074951
pruning_in_iteration open status: False
ratio of positive domain = 0 / 256 = 0.0
pruning-in-iteration extra time: 4.267692565917969e-05
torch.Size([256, 1])
Time: prepare 0.0050    bound 0.3912    transfer 0.0136    finalize 0.0875    func 0.4973    
Accumulated time: func 238.9997    prepare 3.9221    bound 210.1537    transfer 2.0592    finalize 25.3428    
max lb tensor(-922.) min lb tensor(-1168.)
Number of Verified Splits: 0 of 256
Current worst splitting domains lb-rhs (depth):
-1168.00000 (218), -1168.00000 (126), -1168.00000 (217), -1168.00000 (87), -1168.00000 (324), -1168.00000 (29), -1168.00000 (218), -1168.00000 (163), -1168.00000 (297), -1168.00000 (86), -1168.00000 (297), -1168.00000 (126), -1168.00000 (10), -1168.00000 (218), -1168.00000 (86), -1168.00000 (163), -1168.00000 (297), -1168.00000 (29), -1168.00000 (219), -1168.00000 (86), 
Length of domains: 42536
Current (lb-rhs): -1168.0
84988 domains visited
Time: pickout 0.0633    decision 0.2101    set_bounds 0.0041    solve 0.4979    add 0.0869    
Accumulated time: pickout 11.5047    decision 78.2824    set_bounds 3.1769    solve 239.1947    add 42.7002    
Cumulative time: 375.9073884487152

BaB round 334
batch: 128
splitting decisions: 
split level 0: [/49, 7635] [/49, 3408] [/49, 463] [/55, 668] [/55, 51] [/55, 454] [/49, 1720] [/49, 2618] [/49, 4597] [/49, 9858] 
best_l after optimization: -268224.8125
beta sum per layer: [0.0, 27.800487518310547, 14.752569198608398, 4.963474273681641]
alpha/beta optimization time: 0.6913185119628906
pruning_in_iteration open status: False
ratio of positive domain = 0 / 256 = 0.0
pruning-in-iteration extra time: 3.695487976074219e-05
torch.Size([256, 1])
Time: prepare 0.0050    bound 0.6927    transfer 0.0154    finalize 0.0834    func 0.7966    
Accumulated time: func 239.7962    prepare 3.9568    bound 210.8463    transfer 2.0746    finalize 25.4262    
max lb tensor(-922.) min lb tensor(-1168.)
Number of Verified Splits: 0 of 256
Current worst splitting domains lb-rhs (depth):
-1168.00000 (12), -1168.00000 (58), -1168.00000 (313), -1168.00000 (246), -1168.00000 (295), -1168.00000 (280), -1168.00000 (182), -1168.00000 (100), -1168.00000 (156), -1168.00000 (264), -1168.00000 (224), -1168.00000 (125), -1168.00000 (33), -1168.00000 (34), -1168.00000 (58), -1168.00000 (205), -1168.00000 (328), -1168.00000 (78), -1168.00000 (246), -1168.00000 (183), 
Length of domains: 42664
Current (lb-rhs): -1168.0
85244 domains visited
Time: pickout 0.0670    decision 0.4842    set_bounds 0.0045    solve 0.7971    add 0.0791    
Accumulated time: pickout 11.5717    decision 78.7666    set_bounds 3.1814    solve 239.9918    add 42.7793    
Cumulative time: 377.34466576576233

BaB round 335
batch: 128
splitting decisions: 
split level 0: [/55, 738] [/49, 5440] [/49, 10785] [/49, 5319] [/49, 4190] [/55, 1161] [/49, 10392] [/49, 420] [/49, 7639] [/49, 6309] 
best_l after optimization: -268236.6875
beta sum per layer: [0.0, 27.344493865966797, 13.581039428710938, 4.6686248779296875]
alpha/beta optimization time: 0.6941373348236084
pruning_in_iteration open status: False
ratio of positive domain = 0 / 256 = 0.0
pruning-in-iteration extra time: 3.647804260253906e-05
torch.Size([256, 1])
Time: prepare 0.0050    bound 0.6955    transfer 0.0134    finalize 0.0869    func 0.8008    
Accumulated time: func 240.5971    prepare 3.9848    bound 211.5418    transfer 2.0880    finalize 25.5130    
max lb tensor(-922.) min lb tensor(-1168.)
Number of Verified Splits: 0 of 256
Current worst splitting domains lb-rhs (depth):
-1168.00000 (248), -1168.00000 (128), -1168.00000 (247), -1168.00000 (219), -1168.00000 (39), -1168.00000 (66), -1168.00000 (316), -1168.00000 (87), -1168.00000 (112), -1168.00000 (162), -1168.00000 (285), -1168.00000 (184), -1168.00000 (299), -1168.00000 (327), -1168.00000 (29), -1168.00000 (285), -1168.00000 (129), -1168.00000 (66), -1168.00000 (248), -1168.00000 (184), 
Length of domains: 42792
Current (lb-rhs): -1168.0
85500 domains visited
Time: pickout 0.0602    decision 0.3128    set_bounds 0.0042    solve 0.8013    add 0.0827    
Accumulated time: pickout 11.6318    decision 79.0793    set_bounds 3.1856    solve 240.7931    add 42.8621    
Cumulative time: 378.6110186576843

BaB round 336
batch: 128
splitting decisions: 
split level 0: [/49, 5776] [/55, 1284] [/49, 2816] [/49, 728] [/49, 1553] [/49, 1577] [/49, 9547] [/49, 6648] [/49, 10339] [/49, 561] 
Early stop at 11th iter due to 10 iterations no improvement!
best_l after optimization: -268237.9375
beta sum per layer: [0.0, 57.290283203125, 16.05213737487793, 5.864091873168945]
alpha/beta optimization time: 0.5371954441070557
pruning_in_iteration open status: False
ratio of positive domain = 0 / 256 = 0.0
pruning-in-iteration extra time: 3.6716461181640625e-05
torch.Size([256, 1])
Time: prepare 0.0053    bound 0.5386    transfer 0.0136    finalize 0.0826    func 0.6402    
Accumulated time: func 241.2373    prepare 4.0122    bound 212.0805    transfer 2.1016    finalize 25.5956    
max lb tensor(-922.) min lb tensor(-1168.)
Number of Verified Splits: 0 of 256
Current worst splitting domains lb-rhs (depth):
-1168.00000 (305), -1168.00000 (27), -1168.00000 (186), -1168.00000 (80), -1168.00000 (65), -1168.00000 (213), -1168.00000 (8), -1168.00000 (230), -1168.00000 (292), -1168.00000 (86), -1168.00000 (154), -1168.00000 (25), -1168.00000 (326), -1168.00000 (333), -1168.00000 (276), -1168.00000 (33), -1168.00000 (109), -1168.00000 (321), -1168.00000 (250), -1168.00000 (254), 
Length of domains: 42920
Current (lb-rhs): -1168.0
85756 domains visited
Time: pickout 0.0698    decision 0.4410    set_bounds 0.0046    solve 0.6407    add 0.0784    
Accumulated time: pickout 11.7017    decision 79.5203    set_bounds 3.1902    solve 241.4338    add 42.9405    
Cumulative time: 379.8510775566101

BaB round 337
batch: 128
splitting decisions: 
split level 0: [/49, 5494] [/49, 4593] [/49, 2842] [/49, 4697] [/49, 3919] [/55, 71] [/49, 1263] [/55, 229] [/49, 9325] [/55, 47] 
best_l after optimization: -268249.75
beta sum per layer: [0.002538756001740694, 29.35527801513672, 14.578757286071777, 4.8565897941589355]
alpha/beta optimization time: 0.6997017860412598
pruning_in_iteration open status: False
ratio of positive domain = 0 / 256 = 0.0
pruning-in-iteration extra time: 3.8623809814453125e-05
torch.Size([256, 1])
Time: prepare 0.0052    bound 0.7011    transfer 0.0137    finalize 0.0846    func 0.8047    
Accumulated time: func 242.0420    prepare 4.0395    bound 212.7815    transfer 2.1153    finalize 25.6803    
max lb tensor(-922.) min lb tensor(-1168.)
Number of Verified Splits: 0 of 256
Current worst splitting domains lb-rhs (depth):
-1168.00000 (21), -1168.00000 (78), -1168.00000 (311), -1168.00000 (155), -1168.00000 (234), -1168.00000 (22), -1168.00000 (135), -1168.00000 (78), -1168.00000 (311), -1168.00000 (233), -1168.00000 (187), -1168.00000 (111), -1168.00000 (233), -1168.00000 (312), -1168.00000 (187), -1168.00000 (78), -1168.00000 (233), -1168.00000 (154), -1168.00000 (312), -1168.00000 (79), 
Length of domains: 43048
Current (lb-rhs): -1168.0
86012 domains visited
Time: pickout 0.0663    decision 0.4897    set_bounds 0.0079    solve 0.8052    add 0.0854    
Accumulated time: pickout 11.7679    decision 80.0100    set_bounds 3.1981    solve 242.2390    add 43.0259    
Cumulative time: 381.31076169013977

BaB round 338
batch: 128
splitting decisions: 
split level 0: [/49, 4112] [/49, 6164] [/49, 8912] [/49, 5630] [/49, 535] [/49, 7401] [/49, 3436] [/49, 7180] [/49, 8480] [/55, 262] 
Early stop at 11th iter due to 10 iterations no improvement!
best_l after optimization: -268250.8125
beta sum per layer: [0.010754983872175217, 56.00865173339844, 15.413166046142578, 5.968621730804443]
alpha/beta optimization time: 0.28391480445861816
pruning_in_iteration open status: False
ratio of positive domain = 0 / 256 = 0.0
pruning-in-iteration extra time: 4.410743713378906e-05
torch.Size([256, 1])
Time: prepare 0.0067    bound 0.2854    transfer 0.0145    finalize 0.0847    func 0.3915    
Accumulated time: func 242.4334    prepare 4.0547    bound 213.0669    transfer 2.1299    finalize 25.7650    
max lb tensor(-922.) min lb tensor(-1168.)
Number of Verified Splits: 0 of 256
Current worst splitting domains lb-rhs (depth):
-1168.00000 (260), -1168.00000 (173), -1168.00000 (70), -1168.00000 (112), -1168.00000 (22), -1168.00000 (260), -1168.00000 (173), -1168.00000 (215), -1168.00000 (112), -1168.00000 (71), -1168.00000 (325), -1168.00000 (290), -1168.00000 (21), -1168.00000 (174), -1168.00000 (290), -1168.00000 (112), -1168.00000 (71), -1168.00000 (215), -1168.00000 (174), -1168.00000 (21), 
Length of domains: 43176
Current (lb-rhs): -1168.0
86268 domains visited
Time: pickout 0.0683    decision 0.5081    set_bounds 0.0130    solve 0.3920    add 0.0789    
Accumulated time: pickout 11.8362    decision 80.5181    set_bounds 3.2111    solve 242.6309    add 43.1048    
Cumulative time: 382.3761796951294

BaB round 339
batch: 128
splitting decisions: 
split level 0: [/49, 2790] [/49, 7297] [/55, 731] [/55, 247] [/49, 28] [/55, 741] [/49, 9024] [/49, 8816] [/49, 7466] [/49, 7373] 
best_l after optimization: -268252.875
beta sum per layer: [0.014475710690021515, 29.914417266845703, 14.879406929016113, 4.873764991760254]
alpha/beta optimization time: 0.6868631839752197
pruning_in_iteration open status: False
ratio of positive domain = 0 / 256 = 0.0
pruning-in-iteration extra time: 8.153915405273438e-05
torch.Size([256, 1])
Time: prepare 0.0052    bound 0.6882    transfer 0.0082    finalize 0.0834    func 0.7850    
Accumulated time: func 243.2185    prepare 4.0683    bound 213.7552    transfer 2.1381    finalize 25.8484    
max lb tensor(-922.) min lb tensor(-1168.)
Number of Verified Splits: 0 of 256
Current worst splitting domains lb-rhs (depth):
-1168.00000 (57), -1168.00000 (271), -1168.00000 (100), -1168.00000 (154), -1168.00000 (290), -1168.00000 (327), -1168.00000 (212), -1168.00000 (47), -1168.00000 (179), -1168.00000 (73), -1168.00000 (38), -1168.00000 (310), -1168.00000 (12), -1168.00000 (90), -1168.00000 (242), -1168.00000 (248), -1168.00000 (300), -1168.00000 (137), -1168.00000 (193), -1168.00000 (327), 
Length of domains: 43304
Current (lb-rhs): -1168.0
86524 domains visited
Time: pickout 0.0730    decision 0.3280    set_bounds 0.0081    solve 0.7855    add 0.0788    
Accumulated time: pickout 11.9092    decision 80.8461    set_bounds 3.2192    solve 243.4164    add 43.1835    
Cumulative time: 383.65480732917786

BaB round 340
batch: 128
splitting decisions: 
split level 0: [/49, 4450] [/49, 10512] [/49, 8079] [/49, 8896] [/49, 7971] [/49, 6309] [/49, 8026] [/49, 9027] [/49, 10508] [/49, 3436] 
best_l after optimization: -268244.0625
beta sum per layer: [0.016147563233971596, 31.2406005859375, 15.83173656463623, 4.6780595779418945]
alpha/beta optimization time: 0.7021076679229736
pruning_in_iteration open status: False
ratio of positive domain = 0 / 256 = 0.0
pruning-in-iteration extra time: 3.814697265625e-05
torch.Size([256, 1])
Time: prepare 0.0052    bound 0.7034    transfer 0.0065    finalize 0.0835    func 0.7987    
Accumulated time: func 244.0171    prepare 4.0963    bound 214.4586    transfer 2.1445    finalize 25.9319    
max lb tensor(-922.) min lb tensor(-1168.)
Number of Verified Splits: 0 of 256
Current worst splitting domains lb-rhs (depth):
-1168.00000 (326), -1168.00000 (247), -1168.00000 (175), -1168.00000 (10), -1168.00000 (132), -1168.00000 (248), -1168.00000 (216), -1168.00000 (175), -1168.00000 (77), -1168.00000 (24), -1168.00000 (132), -1168.00000 (59), -1168.00000 (131), -1168.00000 (248), -1168.00000 (287), -1168.00000 (131), -1168.00000 (176), -1168.00000 (300), -1168.00000 (216), -1168.00000 (131), 
Length of domains: 43432
Current (lb-rhs): -1168.0
86780 domains visited
Time: pickout 0.0819    decision 0.3196    set_bounds 0.0042    solve 0.7991    add 0.0879    
Accumulated time: pickout 11.9911    decision 81.1657    set_bounds 3.2234    solve 244.2156    add 43.2715    
Cumulative time: 384.9526665210724

BaB round 341
batch: 128
splitting decisions: 
split level 0: [/49, 253] [/49, 8991] [/49, 4674] [/49, 1912] [/49, 7468] [/49, 4957] [/49, 8714] [/49, 7324] [/49, 3555] [/49, 6153] 
best_l after optimization: -268253.1875
beta sum per layer: [0.021309152245521545, 32.13584518432617, 15.591944694519043, 4.6938676834106445]
alpha/beta optimization time: 0.505826473236084
pruning_in_iteration open status: False
ratio of positive domain = 0 / 256 = 0.0
pruning-in-iteration extra time: 0.0002052783966064453
torch.Size([256, 1])
Time: prepare 0.0051    bound 0.5073    transfer 0.0071    finalize 0.0844    func 0.6039    
Accumulated time: func 244.6211    prepare 4.1027    bound 214.9659    transfer 2.1516    finalize 26.0163    
max lb tensor(-922.) min lb tensor(-1168.)
Number of Verified Splits: 0 of 256
Current worst splitting domains lb-rhs (depth):
-1168.00000 (198), -1168.00000 (36), -1168.00000 (271), -1168.00000 (226), -1168.00000 (321), -1168.00000 (86), -1168.00000 (54), -1168.00000 (156), -1168.00000 (127), -1168.00000 (333), -1168.00000 (295), -1168.00000 (270), -1168.00000 (9), -1168.00000 (137), -1168.00000 (227), -1168.00000 (169), -1168.00000 (296), -1168.00000 (86), -1168.00000 (54), -1168.00000 (271), 
Length of domains: 43560
Current (lb-rhs): -1168.0
87036 domains visited
Time: pickout 0.0582    decision 0.1324    set_bounds 0.0041    solve 0.6044    add 0.0828    
Accumulated time: pickout 12.0493    decision 81.2982    set_bounds 3.2275    solve 244.8200    add 43.3543    
Cumulative time: 385.8397319316864

BaB round 342
batch: 128
splitting decisions: 
split level 0: [/49, 3293] [/55, 1103] [/49, 2153] [/49, 587] [/49, 7713] [/49, 4571] [/55, 115] [/55, 738] [/49, 10337] [/49, 10534] 
best_l after optimization: -268255.375
beta sum per layer: [0.024047603830695152, 32.85539245605469, 16.022571563720703, 5.009057998657227]
alpha/beta optimization time: 0.6649444103240967
pruning_in_iteration open status: False
ratio of positive domain = 0 / 256 = 0.0
pruning-in-iteration extra time: 0.002264261245727539
torch.Size([256, 1])
Time: prepare 0.0130    bound 0.6686    transfer 0.0123    finalize 0.0855    func 0.7794    
Accumulated time: func 245.4005    prepare 4.1244    bound 215.6345    transfer 2.1639    finalize 26.1018    
max lb tensor(-922.) min lb tensor(-1168.)
Number of Verified Splits: 0 of 256
Current worst splitting domains lb-rhs (depth):
-1168.00000 (324), -1168.00000 (62), -1168.00000 (204), -1168.00000 (159), -1168.00000 (182), -1168.00000 (252), -1168.00000 (195), -1168.00000 (300), -1168.00000 (29), -1168.00000 (94), -1168.00000 (338), -1168.00000 (10), -1168.00000 (256), -1168.00000 (277), -1168.00000 (282), -1168.00000 (213), -1168.00000 (29), -1168.00000 (62), -1168.00000 (289), -1168.00000 (182), 
Length of domains: 43688
Current (lb-rhs): -1168.0
87292 domains visited
Time: pickout 0.0788    decision 0.3777    set_bounds 0.0123    solve 0.7799    add 0.0769    
Accumulated time: pickout 12.1281    decision 81.6758    set_bounds 3.2398    solve 245.5999    add 43.4312    
Cumulative time: 387.1707978248596

BaB round 343
batch: 128
splitting decisions: 
split level 0: [/49, 8714] [/49, 4610] [/49, 3517] [/49, 2082] [/49, 3410] [/55, 731] [/49, 5802] [/55, 133] [/49, 1893] [/49, 4476] 
best_l after optimization: -268255.9375
beta sum per layer: [0.010862459428608418, 33.55467987060547, 15.853421211242676, 4.693878173828125]
alpha/beta optimization time: 0.5643668174743652
pruning_in_iteration open status: False
ratio of positive domain = 0 / 256 = 0.0
pruning-in-iteration extra time: 3.6716461181640625e-05
torch.Size([256, 1])
Time: prepare 0.0053    bound 0.5657    transfer 0.0062    finalize 0.0814    func 0.6587    
Accumulated time: func 246.0592    prepare 4.1528    bound 216.2002    transfer 2.1701    finalize 26.1832    
max lb tensor(-922.) min lb tensor(-1168.)
Number of Verified Splits: 0 of 256
Current worst splitting domains lb-rhs (depth):
-1168.00000 (240), -1168.00000 (28), -1168.00000 (287), -1168.00000 (55), -1168.00000 (308), -1168.00000 (64), -1168.00000 (12), -1168.00000 (117), -1168.00000 (156), -1168.00000 (112), -1168.00000 (259), -1168.00000 (120), -1168.00000 (330), -1168.00000 (330), -1168.00000 (93), -1168.00000 (205), -1168.00000 (219), -1168.00000 (127), -1168.00000 (139), -1168.00000 (278), 
Length of domains: 43816
Current (lb-rhs): -1168.0
87548 domains visited
Time: pickout 0.0764    decision 0.3729    set_bounds 0.0043    solve 0.6592    add 0.0790    
Accumulated time: pickout 12.2045    decision 82.0488    set_bounds 3.2441    solve 246.2591    add 43.5102    
Cumulative time: 388.3676733970642

BaB round 344
batch: 128
splitting decisions: 
split level 0: [/49, 8844] [/49, 4116] [/49, 4700] [/49, 7152] [/49, 6530] [/49, 4463] [/49, 6335] [/49, 9351] [/49, 8140] [/49, 9522] 
best_l after optimization: -268260.8125
beta sum per layer: [0.028396083042025566, 33.78087615966797, 16.175861358642578, 5.061529159545898]
alpha/beta optimization time: 0.67622971534729
pruning_in_iteration open status: False
ratio of positive domain = 0 / 256 = 0.0
pruning-in-iteration extra time: 3.6716461181640625e-05
torch.Size([256, 1])
Time: prepare 0.0052    bound 0.6776    transfer 0.0069    finalize 0.0817    func 0.7715    
Accumulated time: func 246.8307    prepare 4.1708    bound 216.8778    transfer 2.1770    finalize 26.2650    
max lb tensor(-922.) min lb tensor(-1168.)
Number of Verified Splits: 0 of 256
Current worst splitting domains lb-rhs (depth):
-1168.00000 (154), -1168.00000 (235), -1168.00000 (23), -1168.00000 (98), -1168.00000 (276), -1168.00000 (154), -1168.00000 (99), -1168.00000 (191), -1168.00000 (331), -1168.00000 (22), -1168.00000 (275), -1168.00000 (208), -1168.00000 (99), -1168.00000 (235), -1168.00000 (98), -1168.00000 (275), -1168.00000 (99), -1168.00000 (22), -1168.00000 (331), -1168.00000 (100), 
Length of domains: 43944
Current (lb-rhs): -1168.0
87804 domains visited
Time: pickout 0.0616    decision 0.4333    set_bounds 0.0081    solve 0.7720    add 0.0796    
Accumulated time: pickout 12.2661    decision 82.4821    set_bounds 3.2523    solve 247.0311    add 43.5898    
Cumulative time: 389.7270987033844

BaB round 345
batch: 128
splitting decisions: 
split level 0: [/49, 6307] [/49, 8651] [/49, 5039] [/49, 5826] [/49, 5880] [/49, 5124] [/49, 8533] [/49, 6480] [/49, 682] [/49, 5633] 
best_l after optimization: -268263.0
beta sum per layer: [0.015139663591980934, 36.04424285888672, 16.609676361083984, 5.023499488830566]
alpha/beta optimization time: 0.7906112670898438
pruning_in_iteration open status: False
ratio of positive domain = 0 / 256 = 0.0
pruning-in-iteration extra time: 0.00015306472778320312
torch.Size([256, 1])
Time: prepare 0.0054    bound 0.7921    transfer 0.0061    finalize 0.0796    func 0.8833    
Accumulated time: func 247.7140    prepare 4.1981    bound 217.6700    transfer 2.1831    finalize 26.3446    
max lb tensor(-922.) min lb tensor(-1168.)
Number of Verified Splits: 0 of 256
Current worst splitting domains lb-rhs (depth):
-1168.00000 (170), -1168.00000 (66), -1168.00000 (297), -1168.00000 (38), -1168.00000 (203), -1168.00000 (230), -1168.00000 (158), -1168.00000 (116), -1168.00000 (86), -1168.00000 (337), -1168.00000 (223), -1168.00000 (29), -1168.00000 (74), -1168.00000 (9), -1168.00000 (139), -1168.00000 (62), -1168.00000 (92), -1168.00000 (106), -1168.00000 (188), -1168.00000 (310), 
Length of domains: 44072
Current (lb-rhs): -1168.0
88060 domains visited
Time: pickout 0.0759    decision 0.3042    set_bounds 0.0043    solve 0.8838    add 0.0797    
Accumulated time: pickout 12.3420    decision 82.7863    set_bounds 3.2566    solve 247.9149    add 43.6695    
Cumulative time: 391.0796000957489

BaB round 346
batch: 128
splitting decisions: 
split level 0: [/49, 251] [/49, 9375] [/49, 5544] [/49, 9713] [/49, 8753] [/49, 8387] [/49, 7830] [/55, 1288] [/49, 394] [/49, 6322] 
best_l after optimization: -268266.6875
beta sum per layer: [0.011964796110987663, 35.15751266479492, 15.43924331665039, 4.758062362670898]
alpha/beta optimization time: 0.7928640842437744
pruning_in_iteration open status: False
ratio of positive domain = 0 / 256 = 0.0
pruning-in-iteration extra time: 0.00015592575073242188
torch.Size([256, 1])
Time: prepare 0.0052    bound 0.7943    transfer 0.0094    finalize 0.0791    func 0.8880    
Accumulated time: func 248.6020    prepare 4.2128    bound 218.4642    transfer 2.1925    finalize 26.4237    
max lb tensor(-922.) min lb tensor(-1168.)
Number of Verified Splits: 0 of 256
Current worst splitting domains lb-rhs (depth):
-1168.00000 (69), -1168.00000 (280), -1168.00000 (180), -1168.00000 (218), -1168.00000 (316), -1168.00000 (156), -1168.00000 (36), -1168.00000 (313), -1168.00000 (261), -1168.00000 (28), -1168.00000 (96), -1168.00000 (95), -1168.00000 (236), -1168.00000 (181), -1168.00000 (9), -1168.00000 (342), -1168.00000 (122), -1168.00000 (54), -1168.00000 (218), -1168.00000 (280), 
Length of domains: 44200
Current (lb-rhs): -1168.0
88316 domains visited
Time: pickout 0.0741    decision 0.2192    set_bounds 0.0041    solve 0.8885    add 0.0781    
Accumulated time: pickout 12.4161    decision 83.0055    set_bounds 3.2607    solve 248.8034    add 43.7476    
Cumulative time: 392.3480658531189

BaB round 347
batch: 128
splitting decisions: 
split level 0: [/55, 1462] [/49, 3583] [/49, 2841] [/49, 3603] [/49, 2738] [/49, 1887] [/49, 3787] [/49, 5635] [/55, 516] [/49, 9352] 
best_l after optimization: -268263.3125
beta sum per layer: [0.010976659134030342, 37.94086456298828, 16.84029197692871, 4.946084022521973]
alpha/beta optimization time: 0.7986268997192383
pruning_in_iteration open status: False
ratio of positive domain = 0 / 256 = 0.0
pruning-in-iteration extra time: 0.0002315044403076172
torch.Size([256, 1])
Time: prepare 0.0051    bound 0.8001    transfer 0.0060    finalize 0.0839    func 0.8951    
Accumulated time: func 249.4972    prepare 4.2247    bound 219.2644    transfer 2.1985    finalize 26.5076    
max lb tensor(-922.) min lb tensor(-1168.)
Number of Verified Splits: 0 of 256
Current worst splitting domains lb-rhs (depth):
-1168.00000 (334), -1168.00000 (81), -1168.00000 (117), -1168.00000 (271), -1168.00000 (72), -1168.00000 (207), -1168.00000 (104), -1168.00000 (58), -1168.00000 (136), -1168.00000 (177), -1168.00000 (13), -1168.00000 (239), -1168.00000 (288), -1168.00000 (163), -1168.00000 (172), -1168.00000 (265), -1168.00000 (189), -1168.00000 (207), -1168.00000 (163), -1168.00000 (303), 
Length of domains: 44328
Current (lb-rhs): -1168.0
88572 domains visited
Time: pickout 0.0719    decision 0.2135    set_bounds 0.0043    solve 0.8956    add 0.0746    
Accumulated time: pickout 12.4880    decision 83.2190    set_bounds 3.2650    solve 249.6990    add 43.8222    
Cumulative time: 393.6121242046356

BaB round 348
batch: 128
splitting decisions: 
split level 0: [/49, 7999] [/49, 4766] [/55, 912] [/49, 8334] [/49, 4084] [/49, 54] [/49, 2099] [/49, 253] [/55, 467] [/49, 3267] 
best_l after optimization: -268272.09375
beta sum per layer: [0.022328581660985947, 38.71907043457031, 16.36956787109375, 4.997235298156738]
alpha/beta optimization time: 0.7279603481292725
pruning_in_iteration open status: False
ratio of positive domain = 0 / 256 = 0.0
pruning-in-iteration extra time: 0.00011849403381347656
torch.Size([256, 1])
Time: prepare 0.0051    bound 0.7294    transfer 0.0093    finalize 0.0771    func 0.8209    
Accumulated time: func 250.3181    prepare 4.2356    bound 219.9937    transfer 2.2078    finalize 26.5847    
max lb tensor(-922.) min lb tensor(-1168.)
Number of Verified Splits: 0 of 256
Current worst splitting domains lb-rhs (depth):
-1168.00000 (113), -1168.00000 (92), -1168.00000 (254), -1168.00000 (222), -1168.00000 (33), -1168.00000 (18), -1168.00000 (193), -1168.00000 (191), -1168.00000 (65), -1168.00000 (269), -1168.00000 (134), -1168.00000 (126), -1168.00000 (159), -1168.00000 (236), -1168.00000 (330), -1168.00000 (167), -1168.00000 (304), -1168.00000 (65), -1168.00000 (189), -1168.00000 (29), 
Length of domains: 44456
Current (lb-rhs): -1168.0
88828 domains visited
Time: pickout 0.0786    decision 0.3823    set_bounds 0.0042    solve 0.8214    add 0.0722    
Accumulated time: pickout 12.5666    decision 83.6014    set_bounds 3.2692    solve 250.5204    add 43.8944    
Cumulative time: 394.97516918182373

BaB round 349
batch: 128
splitting decisions: 
split level 0: [/49, 3436] [/55, 318] [/49, 8054] [/49, 6307] [/49, 6287] [/49, 3668] [/49, 3657] [/49, 4283] [/55, 1442] [/49, 5828] 
best_l after optimization: -268272.5
beta sum per layer: [0.008979428559541702, 40.51765060424805, 16.864469528198242, 4.7630934715271]
alpha/beta optimization time: 0.7919087409973145
pruning_in_iteration open status: False
ratio of positive domain = 0 / 256 = 0.0
pruning-in-iteration extra time: 0.00015091896057128906
torch.Size([256, 1])
Time: prepare 0.0053    bound 0.7934    transfer 0.0061    finalize 0.0772    func 0.8819    
Accumulated time: func 251.2001    prepare 4.2576    bound 220.7871    transfer 2.2139    finalize 26.6619    
max lb tensor(-922.) min lb tensor(-1168.)
Number of Verified Splits: 0 of 256
Current worst splitting domains lb-rhs (depth):
-1168.00000 (311), -1168.00000 (171), -1168.00000 (228), -1168.00000 (132), -1168.00000 (311), -1168.00000 (91), -1168.00000 (30), -1168.00000 (228), -1168.00000 (171), -1168.00000 (228), -1168.00000 (90), -1168.00000 (91), -1168.00000 (229), -1168.00000 (132), -1168.00000 (339), -1168.00000 (90), -1168.00000 (10), -1168.00000 (171), -1168.00000 (229), -1168.00000 (31), 
Length of domains: 44584
Current (lb-rhs): -1168.0
89084 domains visited
Time: pickout 0.0688    decision 0.2789    set_bounds 0.0082    solve 0.8824    add 0.0742    
Accumulated time: pickout 12.6354    decision 83.8803    set_bounds 3.2774    solve 251.4028    add 43.9686    
Cumulative time: 396.29174065589905

BaB round 350
batch: 128
splitting decisions: 
split level 0: [/49, 7490] [/49, 6287] [/49, 8926] [/49, 574] [/55, 142] [/49, 4164] [/49, 3463] [/49, 734] [/55, 928] [/49, 2775] 
best_l after optimization: -268277.5625
beta sum per layer: [0.008932998403906822, 39.70885467529297, 15.585067749023438, 4.707590579986572]
alpha/beta optimization time: 0.7921466827392578
pruning_in_iteration open status: False
ratio of positive domain = 0 / 256 = 0.0
pruning-in-iteration extra time: 0.00024056434631347656
torch.Size([256, 1])
Time: prepare 0.0052    bound 0.7937    transfer 0.0096    finalize 0.0803    func 0.8887    
Accumulated time: func 252.0888    prepare 4.2648    bound 221.5807    transfer 2.2234    finalize 26.7422    
max lb tensor(-922.) min lb tensor(-1168.)
Number of Verified Splits: 0 of 256
Current worst splitting domains lb-rhs (depth):
-1168.00000 (155), -1168.00000 (45), -1168.00000 (18), -1168.00000 (154), -1168.00000 (72), -1168.00000 (301), -1168.00000 (241), -1168.00000 (154), -1168.00000 (340), -1168.00000 (241), -1168.00000 (155), -1168.00000 (71), -1168.00000 (18), -1168.00000 (241), -1168.00000 (154), -1168.00000 (301), -1168.00000 (155), -1168.00000 (240), -1168.00000 (156), -1168.00000 (320), 
Length of domains: 44712
Current (lb-rhs): -1168.0
89340 domains visited
Time: pickout 0.0720    decision 0.2258    set_bounds 0.0043    solve 0.8892    add 0.0834    
Accumulated time: pickout 12.7074    decision 84.1061    set_bounds 3.2817    solve 252.2920    add 44.0520    
Cumulative time: 397.57125186920166

BaB round 351
batch: 128
splitting decisions: 
split level 0: [/49, 901] [/49, 3607] [/55, 227] [/49, 5644] [/49, 5659] [/49, 4281] [/49, 4788] [/49, 7520] [/55, 900] [/55, 226] 
Early stop at 11th iter due to 10 iterations no improvement!
best_l after optimization: -268277.6875
beta sum per layer: [0.0, 89.98170471191406, 17.583148956298828, 6.1400346755981445]
alpha/beta optimization time: 0.4359447956085205
pruning_in_iteration open status: False
ratio of positive domain = 0 / 256 = 0.0
pruning-in-iteration extra time: 0.0002906322479248047
torch.Size([256, 1])
Time: prepare 0.0235    bound 0.4377    transfer 0.0063    finalize 0.0818    func 0.5493    
Accumulated time: func 252.6381    prepare 4.2959    bound 222.0184    transfer 2.2297    finalize 26.8240    
max lb tensor(-922.) min lb tensor(-1168.)
Number of Verified Splits: 0 of 256
Current worst splitting domains lb-rhs (depth):
-1168.00000 (280), -1168.00000 (265), -1168.00000 (187), -1168.00000 (80), -1168.00000 (240), -1168.00000 (145), -1168.00000 (245), -1168.00000 (113), -1168.00000 (298), -1168.00000 (252), -1168.00000 (207), -1168.00000 (210), -1168.00000 (344), -1168.00000 (138), -1168.00000 (92), -1168.00000 (84), -1168.00000 (330), -1168.00000 (316), -1168.00000 (175), -1168.00000 (316), 
Length of domains: 44840
Current (lb-rhs): -1168.0
89596 domains visited
Time: pickout 0.0745    decision 0.2089    set_bounds 0.4455    solve 0.5499    add 0.0768    
Accumulated time: pickout 12.7818    decision 84.3150    set_bounds 3.7272    solve 252.8419    add 44.1288    
Cumulative time: 398.93101620674133

BaB round 352
batch: 128
splitting decisions: 
split level 0: [/55, 1503] [/55, 55] [/49, 4957] [/55, 745] [/55, 1362] [/49, 5267] [/49, 7691] [/49, 5435] [/49, 3048] [/49, 8335] 
best_l after optimization: -268297.84375
beta sum per layer: [0.03357073292136192, 43.377044677734375, 16.821962356567383, 4.8740081787109375]
alpha/beta optimization time: 0.7832088470458984
pruning_in_iteration open status: False
ratio of positive domain = 0 / 256 = 0.0
pruning-in-iteration extra time: 0.0001354217529296875
torch.Size([256, 1])
Time: prepare 0.0053    bound 0.7847    transfer 0.0097    finalize 0.0825    func 0.8822    
Accumulated time: func 253.5203    prepare 4.3026    bound 222.8031    transfer 2.2394    finalize 26.9065    
max lb tensor(-922.) min lb tensor(-1168.)
Number of Verified Splits: 0 of 256
Current worst splitting domains lb-rhs (depth):
-1168.00000 (17), -1168.00000 (323), -1168.00000 (259), -1168.00000 (233), -1168.00000 (79), -1168.00000 (44), -1168.00000 (188), -1168.00000 (168), -1168.00000 (26), -1168.00000 (287), -1168.00000 (219), -1168.00000 (115), -1168.00000 (313), -1168.00000 (219), -1168.00000 (84), -1168.00000 (89), -1168.00000 (111), -1168.00000 (188), -1168.00000 (147), -1168.00000 (9), 
Length of domains: 44968
Current (lb-rhs): -1168.0
89852 domains visited
Time: pickout 0.0550    decision 0.1346    set_bounds 0.0044    solve 0.8869    add 0.0841    
Accumulated time: pickout 12.8368    decision 84.4496    set_bounds 3.7315    solve 253.7287    add 44.2129    
Cumulative time: 400.10170912742615

BaB round 353
batch: 128
splitting decisions: 
split level 0: [/55, 255] [/49, 10681] [/49, 9095] [/49, 6645] [/49, 8389] [/49, 5295] [/49, 8001] [/49, 6662] [/49, 8818] [/49, 1917] 
best_l after optimization: -268285.4375
beta sum per layer: [0.03394424915313721, 43.39836883544922, 17.166732788085938, 4.892053604125977]
alpha/beta optimization time: 0.3977797031402588
pruning_in_iteration open status: False
ratio of positive domain = 0 / 256 = 0.0
pruning-in-iteration extra time: 0.00011777877807617188
torch.Size([256, 1])
Time: prepare 0.0053    bound 0.3993    transfer 0.0115    finalize 0.0929    func 0.5090    
Accumulated time: func 254.0293    prepare 4.3162    bound 223.2023    transfer 2.2509    finalize 26.9994    
max lb tensor(-922.) min lb tensor(-1168.)
Number of Verified Splits: 0 of 256
Current worst splitting domains lb-rhs (depth):
-1168.00000 (192), -1168.00000 (76), -1168.00000 (317), -1168.00000 (88), -1168.00000 (236), -1168.00000 (141), -1168.00000 (67), -1168.00000 (29), -1168.00000 (119), -1168.00000 (163), -1168.00000 (317), -1168.00000 (57), -1168.00000 (279), -1168.00000 (193), -1168.00000 (317), -1168.00000 (119), -1168.00000 (29), -1168.00000 (236), -1168.00000 (343), -1168.00000 (10), 
Length of domains: 45096
Current (lb-rhs): -1168.0
90108 domains visited
Time: pickout 0.0771    decision 0.2041    set_bounds 0.0047    solve 0.5095    add 0.0844    
Accumulated time: pickout 12.9139    decision 84.6537    set_bounds 3.7363    solve 254.2383    add 44.2973    
Cumulative time: 400.987500667572

BaB round 354
batch: 128
splitting decisions: 
split level 0: [/49, 3774] [/49, 10343] [/49, 812] [/49, 729] [/49, 5516] [/49, 8001] [/49, 2762] [/49, 8001] [/49, 3943] [/49, 590] 
best_l after optimization: -268288.0625
beta sum per layer: [0.026983093470335007, 44.11292266845703, 17.120012283325195, 4.897510528564453]
alpha/beta optimization time: 0.3904702663421631
pruning_in_iteration open status: False
ratio of positive domain = 0 / 256 = 0.0
pruning-in-iteration extra time: 0.00012969970703125
torch.Size([256, 1])
Time: prepare 0.0055    bound 0.3920    transfer 0.0108    finalize 0.0852    func 0.4936    
Accumulated time: func 254.5229    prepare 4.3230    bound 223.5943    transfer 2.2617    finalize 27.0846    
max lb tensor(-922.) min lb tensor(-1168.)
Number of Verified Splits: 0 of 256
Current worst splitting domains lb-rhs (depth):
-1168.00000 (173), -1168.00000 (99), -1168.00000 (232), -1168.00000 (286), -1168.00000 (98), -1168.00000 (172), -1168.00000 (37), -1168.00000 (347), -1168.00000 (98), -1168.00000 (232), -1168.00000 (286), -1168.00000 (330), -1168.00000 (172), -1168.00000 (98), -1168.00000 (13), -1168.00000 (286), -1168.00000 (97), -1168.00000 (232), -1168.00000 (173), -1168.00000 (97), 
Length of domains: 45224
Current (lb-rhs): -1168.0
90364 domains visited
Time: pickout 0.0657    decision 0.1344    set_bounds 0.0090    solve 0.4941    add 0.0806    
Accumulated time: pickout 12.9795    decision 84.7881    set_bounds 3.7453    solve 254.7324    add 44.3779    
Cumulative time: 401.7769241333008

BaB round 355
batch: 128
splitting decisions: 
split level 0: [/49, 5152] [/55, 1091] [/49, 8562] [/49, 8389] [/49, 4591] [/49, 4697] [/49, 3800] [/49, 9028] [/49, 6287] [/49, 4452] 
best_l after optimization: -268286.9375
beta sum per layer: [0.027752801775932312, 42.89411926269531, 16.070070266723633, 4.592360496520996]
alpha/beta optimization time: 1.0043787956237793
pruning_in_iteration open status: False
ratio of positive domain = 0 / 256 = 0.0
pruning-in-iteration extra time: 3.8623809814453125e-05
torch.Size([256, 1])
Time: prepare 0.0069    bound 1.0058    transfer 0.0102    finalize 0.0863    func 1.1093    
Accumulated time: func 255.6322    prepare 4.3316    bound 224.6001    transfer 2.2720    finalize 27.1709    
max lb tensor(-922.) min lb tensor(-1168.)
Number of Verified Splits: 0 of 256
Current worst splitting domains lb-rhs (depth):
-1168.00000 (264), -1168.00000 (264), -1168.00000 (69), -1168.00000 (190), -1168.00000 (146), -1168.00000 (300), -1168.00000 (43), -1168.00000 (215), -1168.00000 (122), -1168.00000 (104), -1168.00000 (18), -1168.00000 (9), -1168.00000 (300), -1168.00000 (69), -1168.00000 (334), -1168.00000 (346), -1168.00000 (190), -1168.00000 (215), -1168.00000 (139), -1168.00000 (264), 
Length of domains: 45352
Current (lb-rhs): -1168.0
90620 domains visited
Time: pickout 0.0588    decision 0.2404    set_bounds 0.0124    solve 1.1141    add 0.0828    
Accumulated time: pickout 13.0383    decision 85.0285    set_bounds 3.7577    solve 255.8465    add 44.4607    
Cumulative time: 403.2912883758545

BaB round 356
batch: 128
splitting decisions: 
split level 0: [/49, 6166] [/49, 8835] [/49, 814] [/49, 5629] [/49, 3319] [/49, 4190] [/49, 10391] [/49, 905] [/49, 9496] [/49, 7505] 
best_l after optimization: -268284.5
beta sum per layer: [0.027751687914133072, 47.46045684814453, 17.574996948242188, 4.996294975280762]
alpha/beta optimization time: 0.7490050792694092
pruning_in_iteration open status: False
ratio of positive domain = 0 / 256 = 0.0
pruning-in-iteration extra time: 6.890296936035156e-05
torch.Size([256, 1])
Time: prepare 0.0236    bound 0.7505    transfer 0.0095    finalize 0.0821    func 0.8658    
Accumulated time: func 256.4980    prepare 4.3757    bound 225.3506    transfer 2.2815    finalize 27.2530    
max lb tensor(-922.) min lb tensor(-1168.)
Number of Verified Splits: 0 of 256
Current worst splitting domains lb-rhs (depth):
-1168.00000 (74), -1168.00000 (145), -1168.00000 (88), -1168.00000 (8), -1168.00000 (154), -1168.00000 (101), -1168.00000 (286), -1168.00000 (119), -1168.00000 (273), -1168.00000 (258), -1168.00000 (129), -1168.00000 (12), -1168.00000 (169), -1168.00000 (231), -1168.00000 (265), -1168.00000 (137), -1168.00000 (55), -1168.00000 (79), -1168.00000 (176), -1168.00000 (346), 
Length of domains: 45480
Current (lb-rhs): -1168.0
90876 domains visited
Time: pickout 0.0593    decision 0.4695    set_bounds 0.0121    solve 0.8663    add 0.0844    
Accumulated time: pickout 13.0976    decision 85.4980    set_bounds 3.7698    solve 256.7128    add 44.5451    
Cumulative time: 404.788366317749

BaB round 357
batch: 128
splitting decisions: 
split level 0: [/49, 590] [/55, 452] [/49, 3490] [/49, 2940] [/49, 8558] [/49, 1889] [/49, 7324] [/49, 9521] [/49, 8822] [/49, 3124] 
best_l after optimization: -268302.0
beta sum per layer: [0.048221804201602936, 47.04399871826172, 17.664653778076172, 5.126590728759766]
alpha/beta optimization time: 0.7053041458129883
pruning_in_iteration open status: False
ratio of positive domain = 0 / 256 = 0.0
pruning-in-iteration extra time: 4.673004150390625e-05
torch.Size([256, 1])
Time: prepare 0.0056    bound 0.7068    transfer 0.0102    finalize 0.0839    func 0.8065    
Accumulated time: func 257.3044    prepare 4.4037    bound 226.0573    transfer 2.2917    finalize 27.3369    
max lb tensor(-922.) min lb tensor(-1168.)
Number of Verified Splits: 0 of 256
Current worst splitting domains lb-rhs (depth):
-1168.00000 (211), -1168.00000 (108), -1168.00000 (212), -1168.00000 (329), -1168.00000 (212), -1168.00000 (108), -1168.00000 (212), -1168.00000 (23), -1168.00000 (108), -1168.00000 (329), -1168.00000 (211), -1168.00000 (109), -1168.00000 (211), -1168.00000 (329), -1168.00000 (23), -1168.00000 (24), -1168.00000 (109), -1168.00000 (210), -1168.00000 (330), -1168.00000 (109), 
Length of domains: 45608
Current (lb-rhs): -1168.0
91132 domains visited
Time: pickout 0.0759    decision 0.4579    set_bounds 0.0084    solve 0.8069    add 0.0793    
Accumulated time: pickout 13.1735    decision 85.9559    set_bounds 3.7782    solve 257.5197    add 44.6244    
Cumulative time: 406.2224152088165

BaB round 358
batch: 128
splitting decisions: 
split level 0: [/49, 589] [/49, 8050] [/49, 3681] [/49, 10545] [/49, 8052] [/49, 3570] [/49, 2136] [/55, 731] [/55, 28] [/49, 4957] 
best_l after optimization: -268301.59375
beta sum per layer: [0.022002827376127243, 48.772987365722656, 17.764278411865234, 4.827843189239502]
alpha/beta optimization time: 0.6193373203277588
pruning_in_iteration open status: False
ratio of positive domain = 0 / 256 = 0.0
pruning-in-iteration extra time: 3.981590270996094e-05
torch.Size([256, 1])
Time: prepare 0.0064    bound 0.6209    transfer 0.0112    finalize 0.0825    func 0.7210    
Accumulated time: func 258.0254    prepare 4.4190    bound 226.6782    transfer 2.3029    finalize 27.4194    
max lb tensor(-922.) min lb tensor(-1168.)
Number of Verified Splits: 0 of 256
Current worst splitting domains lb-rhs (depth):
-1168.00000 (313), -1168.00000 (305), -1168.00000 (270), -1168.00000 (149), -1168.00000 (21), -1168.00000 (190), -1168.00000 (329), -1168.00000 (67), -1168.00000 (30), -1168.00000 (127), -1168.00000 (223), -1168.00000 (31), -1168.00000 (98), -1168.00000 (253), -1168.00000 (149), -1168.00000 (345), -1168.00000 (176), -1168.00000 (340), -1168.00000 (326), -1168.00000 (333), 
Length of domains: 45736
Current (lb-rhs): -1168.0
91388 domains visited
Time: pickout 0.0757    decision 0.4887    set_bounds 0.0118    solve 0.7254    add 0.0826    
Accumulated time: pickout 13.2492    decision 86.4446    set_bounds 3.7900    solve 258.2451    add 44.7071    
Cumulative time: 407.61205434799194

BaB round 359
batch: 128
splitting decisions: 
split level 0: [/49, 8363] [/49, 6454] [/55, 1170] [/49, 5150] [/49, 9325] [/49, 3618] [/49, 4136] [/49, 2099] [/49, 3644] [/49, 7338] 
best_l after optimization: -268304.9375
beta sum per layer: [0.03427289053797722, 48.83151626586914, 18.220144271850586, 5.0203962326049805]
alpha/beta optimization time: 0.7476437091827393
pruning_in_iteration open status: False
ratio of positive domain = 0 / 256 = 0.0
pruning-in-iteration extra time: 3.838539123535156e-05
torch.Size([256, 1])
Time: prepare 0.0166    bound 0.7492    transfer 0.0099    finalize 0.0821    func 0.8579    
Accumulated time: func 258.8832    prepare 4.4445    bound 227.4274    transfer 2.3128    finalize 27.5014    
max lb tensor(-922.) min lb tensor(-1168.)
Number of Verified Splits: 0 of 256
Current worst splitting domains lb-rhs (depth):
-1168.00000 (318), -1168.00000 (9), -1168.00000 (173), -1168.00000 (75), -1168.00000 (138), -1168.00000 (350), -1168.00000 (63), -1168.00000 (339), -1168.00000 (305), -1168.00000 (221), -1168.00000 (276), -1168.00000 (17), -1168.00000 (238), -1168.00000 (40), -1168.00000 (173), -1168.00000 (70), -1168.00000 (121), -1168.00000 (90), -1168.00000 (26), -1168.00000 (138), 
Length of domains: 45864
Current (lb-rhs): -1168.0
91644 domains visited
Time: pickout 0.0706    decision 0.3630    set_bounds 0.0121    solve 0.8583    add 0.0800    
Accumulated time: pickout 13.3198    decision 86.8076    set_bounds 3.8020    solve 259.1034    add 44.7871    
Cumulative time: 409.0015790462494

BaB round 360
batch: 128
splitting decisions: 
split level 0: [/49, 3607] [/55, 1262] [/49, 5533] [/49, 1432] [/49, 9572] [/49, 2823] [/49, 2085] [/49, 4296] [/49, 7375] [/49, 4140] 
best_l after optimization: -268307.5625
beta sum per layer: [0.030594434589147568, 49.99652862548828, 18.100040435791016, 4.979907512664795]
alpha/beta optimization time: 0.8097341060638428
pruning_in_iteration open status: False
ratio of positive domain = 0 / 256 = 0.0
pruning-in-iteration extra time: 0.0001590251922607422
torch.Size([256, 1])
Time: prepare 0.0054    bound 0.8112    transfer 0.0100    finalize 0.0823    func 0.9089    
Accumulated time: func 259.7922    prepare 4.4596    bound 228.2386    transfer 2.3228    finalize 27.5837    
max lb tensor(-922.) min lb tensor(-1168.)
Number of Verified Splits: 0 of 256
Current worst splitting domains lb-rhs (depth):
-1168.00000 (278), -1168.00000 (179), -1168.00000 (93), -1168.00000 (191), -1168.00000 (137), -1168.00000 (325), -1168.00000 (288), -1168.00000 (333), -1168.00000 (219), -1168.00000 (117), -1168.00000 (247), -1168.00000 (357), -1168.00000 (71), -1168.00000 (199), -1168.00000 (185), -1168.00000 (8), -1168.00000 (36), -1168.00000 (41), -1168.00000 (19), -1168.00000 (41), 
Length of domains: 45992
Current (lb-rhs): -1168.0
91900 domains visited
Time: pickout 0.0707    decision 0.2707    set_bounds 0.0087    solve 0.9094    add 0.0802    
Accumulated time: pickout 13.3904    decision 87.0782    set_bounds 3.8107    solve 260.0129    add 44.8673    
Cumulative time: 410.3466429710388

BaB round 361
batch: 128
splitting decisions: 
split level 0: [/49, 2266] [/49, 9496] [/49, 7743] [/49, 6983] [/49, 6699] [/49, 3488] [/49, 7375] [/49, 7518] [/49, 7687] [/55, 187] 
Early stop at 11th iter due to 10 iterations no improvement!
best_l after optimization: -268320.8125
beta sum per layer: [0.015046237036585808, 120.40498352050781, 19.29303741455078, 6.41624641418457]
alpha/beta optimization time: 0.4632420539855957
pruning_in_iteration open status: False
ratio of positive domain = 0 / 256 = 0.0
pruning-in-iteration extra time: 0.0001125335693359375
torch.Size([256, 1])
Time: prepare 0.0053    bound 0.4647    transfer 0.0101    finalize 0.0823    func 0.5624    
Accumulated time: func 260.3546    prepare 4.4667    bound 228.7033    transfer 2.3328    finalize 27.6660    
max lb tensor(-922.) min lb tensor(-1168.)
Number of Verified Splits: 0 of 256
Current worst splitting domains lb-rhs (depth):
-1168.00000 (213), -1168.00000 (215), -1168.00000 (332), -1168.00000 (109), -1168.00000 (214), -1168.00000 (24), -1168.00000 (109), -1168.00000 (214), -1168.00000 (333), -1168.00000 (214), -1168.00000 (110), -1168.00000 (213), -1168.00000 (23), -1168.00000 (110), -1168.00000 (333), -1168.00000 (215), -1168.00000 (110), -1168.00000 (213), -1168.00000 (333), -1168.00000 (23), 
Length of domains: 46120
Current (lb-rhs): -1168.0
92156 domains visited
Time: pickout 0.0749    decision 0.1771    set_bounds 0.0043    solve 0.5667    add 0.0788    
Accumulated time: pickout 13.4653    decision 87.2554    set_bounds 3.8150    solve 260.5796    add 44.9461    
Cumulative time: 411.25368475914

BaB round 362
batch: 128
splitting decisions: 
split level 0: [/55, 990] [/55, 887] [/49, 8387] [/43, 5739] [/49, 6450] [/49, 9494] [/43, 9494] [/55, 247] [/49, 2047] [/49, 3122] 
best_l after optimization: -268327.125
beta sum per layer: [0.03843224048614502, 53.39494323730469, 18.07964515686035, 4.8871169090271]
alpha/beta optimization time: 0.7977986335754395
pruning_in_iteration open status: False
ratio of positive domain = 0 / 256 = 0.0
pruning-in-iteration extra time: 0.0001544952392578125
torch.Size([256, 1])
Time: prepare 0.0052    bound 0.7993    transfer 0.0096    finalize 0.0838    func 0.8979    
Accumulated time: func 261.2525    prepare 4.4815    bound 229.5026    transfer 2.3424    finalize 27.7498    
max lb tensor(-922.) min lb tensor(-1168.)
Number of Verified Splits: 0 of 256
Current worst splitting domains lb-rhs (depth):
-1168.00000 (290), -1168.00000 (259), -1168.00000 (349), -1168.00000 (187), -1168.00000 (45), -1168.00000 (104), -1168.00000 (230), -1168.00000 (290), -1168.00000 (103), -1168.00000 (162), -1168.00000 (187), -1168.00000 (103), -1168.00000 (12), -1168.00000 (45), -1168.00000 (332), -1168.00000 (229), -1168.00000 (187), -1168.00000 (356), -1168.00000 (103), -1168.00000 (291), 
Length of domains: 46248
Current (lb-rhs): -1168.0
92412 domains visited
Time: pickout 0.0653    decision 0.3200    set_bounds 0.0043    solve 0.8984    add 0.0760    
Accumulated time: pickout 13.5306    decision 87.5754    set_bounds 3.8193    solve 261.4780    add 45.0221    
Cumulative time: 412.6231429576874

BaB round 363
batch: 128
splitting decisions: 
split level 0: [/49, 6336] [/49, 3943] [/49, 2504] [/49, 5462] [/49, 4090] [/49, 277] [/55, 100] [/49, 2281] [/49, 4476] [/49, 7337] 
Early stop at 11th iter due to 10 iterations no improvement!
best_l after optimization: -268327.75
beta sum per layer: [0.029047183692455292, 120.87825012207031, 18.966510772705078, 6.421017646789551]
alpha/beta optimization time: 0.5167369842529297
pruning_in_iteration open status: False
ratio of positive domain = 0 / 256 = 0.0
pruning-in-iteration extra time: 4.792213439941406e-05
torch.Size([256, 1])
Time: prepare 0.0056    bound 0.5182    transfer 0.0097    finalize 0.0830    func 0.6166    
Accumulated time: func 261.8690    prepare 4.4892    bound 230.0208    transfer 2.3522    finalize 27.8328    
max lb tensor(-922.) min lb tensor(-1168.)
Number of Verified Splits: 0 of 256
Current worst splitting domains lb-rhs (depth):
-1168.00000 (91), -1168.00000 (330), -1168.00000 (171), -1168.00000 (44), -1168.00000 (321), -1168.00000 (273), -1168.00000 (8), -1168.00000 (142), -1168.00000 (250), -1168.00000 (68), -1168.00000 (106), -1168.00000 (12), -1168.00000 (317), -1168.00000 (101), -1168.00000 (195), -1168.00000 (332), -1168.00000 (68), -1168.00000 (116), -1168.00000 (351), -1168.00000 (273), 
Length of domains: 46376
Current (lb-rhs): -1168.0
92668 domains visited
Time: pickout 0.0733    decision 0.1710    set_bounds 0.0083    solve 0.6170    add 0.0776    
Accumulated time: pickout 13.6039    decision 87.7464    set_bounds 3.8276    solve 262.0950    add 45.0997    
Cumulative time: 413.57573676109314

BaB round 364
batch: 128
splitting decisions: 
split level 0: [/49, 7633] [/55, 1168] [/55, 1155] [/49, 5492] [/49, 3629] [/49, 9325] [/49, 2134] [/55, 1166] [/55, 1288] [/49, 756] 
best_l after optimization: -268333.9375
beta sum per layer: [0.035321492701768875, 53.84918212890625, 18.712799072265625, 4.932476043701172]
alpha/beta optimization time: 0.649465799331665
pruning_in_iteration open status: False
ratio of positive domain = 0 / 256 = 0.0
pruning-in-iteration extra time: 0.0024192333221435547
torch.Size([256, 1])
Time: prepare 0.0054    bound 0.6532    transfer 0.0120    finalize 0.0822    func 0.7529    
Accumulated time: func 262.6219    prepare 4.5004    bound 230.6740    transfer 2.3642    finalize 27.9149    
max lb tensor(-922.) min lb tensor(-1168.)
Number of Verified Splits: 0 of 256
Current worst splitting domains lb-rhs (depth):
-1168.00000 (227), -1168.00000 (153), -1168.00000 (267), -1168.00000 (13), -1168.00000 (358), -1168.00000 (193), -1168.00000 (304), -1168.00000 (110), -1168.00000 (26), -1168.00000 (348), -1168.00000 (281), -1168.00000 (119), -1168.00000 (87), -1168.00000 (342), -1168.00000 (193), -1168.00000 (168), -1168.00000 (138), -1168.00000 (57), -1168.00000 (87), -1168.00000 (245), 
Length of domains: 46504
Current (lb-rhs): -1168.0
92924 domains visited
Time: pickout 0.0708    decision 0.2437    set_bounds 0.0044    solve 0.7576    add 0.0773    
Accumulated time: pickout 13.6747    decision 87.9901    set_bounds 3.8321    solve 262.8527    add 45.1770    
Cumulative time: 414.7346737384796

BaB round 365
batch: 128
splitting decisions: 
split level 0: [/49, 6153] [/49, 8001] [/55, 470] [/49, 5798] [/49, 4684] [/49, 8738] [/49, 9208] [/49, 3943] [/49, 2734] [/49, 3787] 
best_l after optimization: -268321.4375
beta sum per layer: [0.09479334950447083, 54.190223693847656, 19.25817108154297, 4.565816879272461]
alpha/beta optimization time: 0.8043656349182129
pruning_in_iteration open status: False
ratio of positive domain = 0 / 256 = 0.0
pruning-in-iteration extra time: 0.00011229515075683594
torch.Size([256, 1])
Time: prepare 0.0053    bound 0.8059    transfer 0.0093    finalize 0.0814    func 0.9019    
Accumulated time: func 263.5239    prepare 4.5128    bound 231.4799    transfer 2.3734    finalize 27.9963    
max lb tensor(-922.) min lb tensor(-1168.)
Number of Verified Splits: 0 of 256
Current worst splitting domains lb-rhs (depth):
-1168.00000 (85), -1168.00000 (85), -1168.00000 (251), -1168.00000 (350), -1168.00000 (319), -1168.00000 (357), -1168.00000 (36), -1168.00000 (142), -1168.00000 (252), -1168.00000 (112), -1168.00000 (23), -1168.00000 (337), -1168.00000 (215), -1168.00000 (173), -1168.00000 (252), -1168.00000 (85), -1168.00000 (252), -1168.00000 (319), -1168.00000 (112), -1168.00000 (215), 
Length of domains: 46632
Current (lb-rhs): -1168.0
93180 domains visited
Time: pickout 0.0737    decision 0.2607    set_bounds 0.0044    solve 0.9024    add 0.0778    
Accumulated time: pickout 13.7483    decision 88.2508    set_bounds 3.8364    solve 263.7551    add 45.2548    
Cumulative time: 416.056275844574

BaB round 366
batch: 128
splitting decisions: 
split level 0: [/49, 561] [/49, 5464] [/49, 7561] [/49, 10023] [/49, 7544] [/49, 8023] [/49, 1942] [/49, 4452] [/49, 5437] [/49, 8026] 
best_l after optimization: -268321.75
beta sum per layer: [0.073567695915699, 55.57408142089844, 18.931039810180664, 4.949329376220703]
alpha/beta optimization time: 0.8104159832000732
pruning_in_iteration open status: False
ratio of positive domain = 0 / 256 = 0.0
pruning-in-iteration extra time: 0.0001537799835205078
torch.Size([256, 1])
Time: prepare 0.0055    bound 0.8119    transfer 0.0159    finalize 0.0829    func 0.9162    
Accumulated time: func 264.4400    prepare 4.5219    bound 232.2917    transfer 2.3894    finalize 28.0792    
max lb tensor(-922.) min lb tensor(-1168.)
Number of Verified Splits: 0 of 256
Current worst splitting domains lb-rhs (depth):
-1168.00000 (179), -1168.00000 (341), -1168.00000 (359), -1168.00000 (178), -1168.00000 (102), -1168.00000 (295), -1168.00000 (240), -1168.00000 (178), -1168.00000 (101), -1168.00000 (296), -1168.00000 (101), -1168.00000 (38), -1168.00000 (240), -1168.00000 (38), -1168.00000 (101), -1168.00000 (296), -1168.00000 (13), -1168.00000 (341), -1168.00000 (239), -1168.00000 (100), 
Length of domains: 46760
Current (lb-rhs): -1168.0
93436 domains visited
Time: pickout 0.0496    decision 0.1829    set_bounds 0.0085    solve 0.9167    add 0.0807    
Accumulated time: pickout 13.7979    decision 88.4337    set_bounds 3.8449    solve 264.6718    add 45.3356    
Cumulative time: 417.29721570014954

BaB round 367
batch: 128
splitting decisions: 
split level 0: [/49, 238] [/49, 1046] [/49, 10415] [/55, 1359] [/49, 34] [/49, 80] [/49, 5490] [/49, 60] [/49, 4623] [/49, 1578] 
best_l after optimization: -268322.9375
beta sum per layer: [0.07598541676998138, 56.556182861328125, 19.138988494873047, 4.963613033294678]
alpha/beta optimization time: 0.8148036003112793
pruning_in_iteration open status: False
ratio of positive domain = 0 / 256 = 0.0
pruning-in-iteration extra time: 0.00015687942504882812
torch.Size([256, 1])
Time: prepare 0.0055    bound 0.8163    transfer 0.0164    finalize 0.0826    func 0.9209    
Accumulated time: func 265.3609    prepare 4.5288    bound 233.1080    transfer 2.4057    finalize 28.1618    
max lb tensor(-922.) min lb tensor(-1168.)
Number of Verified Splits: 0 of 256
Current worst splitting domains lb-rhs (depth):
-1168.00000 (286), -1168.00000 (257), -1168.00000 (143), -1168.00000 (145), -1168.00000 (88), -1168.00000 (49), -1168.00000 (235), -1168.00000 (128), -1168.00000 (250), -1168.00000 (303), -1168.00000 (270), -1168.00000 (200), -1168.00000 (24), -1168.00000 (338), -1168.00000 (177), -1168.00000 (324), -1168.00000 (60), -1168.00000 (161), -1168.00000 (225), -1168.00000 (177), 
Length of domains: 46888
Current (lb-rhs): -1168.0
93692 domains visited
Time: pickout 0.0552    decision 0.1525    set_bounds 0.0043    solve 0.9253    add 0.0773    
Accumulated time: pickout 13.8531    decision 88.5862    set_bounds 3.8492    solve 265.5971    add 45.4129    
Cumulative time: 418.5144157409668

BaB round 368
batch: 128
splitting decisions: 
split level 0: [/49, 8317] [/49, 7687] [/49, 3999] [/49, 223] [/49, 4502] [/49, 7347] [/49, 1603] [/49, 2437] [/49, 4116] [/49, 7351] 
best_l after optimization: -268330.25
beta sum per layer: [0.08407323807477951, 58.50837707519531, 19.499143600463867, 5.083247184753418]
alpha/beta optimization time: 0.8185362815856934
pruning_in_iteration open status: False
ratio of positive domain = 0 / 256 = 0.0
pruning-in-iteration extra time: 0.0001277923583984375
torch.Size([256, 1])
Time: prepare 0.0058    bound 0.8201    transfer 0.0043    finalize 0.0720    func 0.9023    
Accumulated time: func 266.2632    prepare 4.5358    bound 233.9281    transfer 2.4100    finalize 28.2338    
max lb tensor(-922.) min lb tensor(-1168.)
Number of Verified Splits: 0 of 256
Current worst splitting domains lb-rhs (depth):
-1168.00000 (176), -1168.00000 (303), -1168.00000 (143), -1168.00000 (128), -1168.00000 (157), -1168.00000 (345), -1168.00000 (36), -1168.00000 (47), -1168.00000 (364), -1168.00000 (89), -1168.00000 (162), -1168.00000 (353), -1168.00000 (254), -1168.00000 (278), -1168.00000 (170), -1168.00000 (268), -1168.00000 (296), -1168.00000 (9), -1168.00000 (185), -1168.00000 (80), 
Length of domains: 47016
Current (lb-rhs): -1168.0
93948 domains visited
Time: pickout 0.0529    decision 0.1565    set_bounds 0.0044    solve 0.9027    add 0.0655    
Accumulated time: pickout 13.9060    decision 88.7427    set_bounds 3.8535    solve 266.4999    add 45.4784    
Cumulative time: 419.6986584663391

BaB round 369
batch: 128
splitting decisions: 
split level 0: [/49, 3969] [/49, 2762] [/49, 4695] [/49, 9349] [/55, 58] [/55, 940] [/49, 1577] [/49, 8508] [/49, 3607] [/49, 8001] 
best_l after optimization: -268335.4375
beta sum per layer: [0.07642959803342819, 59.55863571166992, 19.598365783691406, 4.732550144195557]
alpha/beta optimization time: 0.8134739398956299
pruning_in_iteration open status: False
ratio of positive domain = 0 / 256 = 0.0
pruning-in-iteration extra time: 0.00020432472229003906
torch.Size([256, 1])
Time: prepare 0.0053    bound 0.8150    transfer 0.0042    finalize 0.0713    func 0.8958    
Accumulated time: func 267.1590    prepare 4.5431    bound 234.7431    transfer 2.4142    finalize 28.3052    
max lb tensor(-922.) min lb tensor(-1168.)
Number of Verified Splits: 0 of 256
Current worst splitting domains lb-rhs (depth):
-1168.00000 (140), -1168.00000 (102), -1168.00000 (359), -1168.00000 (232), -1168.00000 (306), -1168.00000 (102), -1168.00000 (333), -1168.00000 (232), -1168.00000 (180), -1168.00000 (29), -1168.00000 (233), -1168.00000 (289), -1168.00000 (52), -1168.00000 (102), -1168.00000 (333), -1168.00000 (233), -1168.00000 (10), -1168.00000 (180), -1168.00000 (61), -1168.00000 (101), 
Length of domains: 47144
Current (lb-rhs): -1168.0
94204 domains visited
Time: pickout 0.0443    decision 0.2117    set_bounds 0.0084    solve 0.8964    add 0.0656    
Accumulated time: pickout 13.9503    decision 88.9544    set_bounds 3.8619    solve 267.3962    add 45.5440    
Cumulative time: 420.9273190498352

BaB round 370
batch: 128
splitting decisions: 
split level 0: [/49, 747] [/49, 7999] [/49, 6534] [/49, 3406] [/49, 5947] [/49, 4448] [/49, 8014] [/49, 3789] [/49, 5435] [/49, 1241] 
best_l after optimization: -268335.25
beta sum per layer: [0.07390058040618896, 61.500667572021484, 19.025299072265625, 4.947400093078613]
alpha/beta optimization time: 0.810234546661377
pruning_in_iteration open status: False
ratio of positive domain = 0 / 256 = 0.0
pruning-in-iteration extra time: 0.0001513957977294922
torch.Size([256, 1])
Time: prepare 0.0052    bound 0.8116    transfer 0.0045    finalize 0.0722    func 0.8936    
Accumulated time: func 268.0526    prepare 4.5575    bound 235.5547    transfer 2.4187    finalize 28.3774    
max lb tensor(-922.) min lb tensor(-1168.)
Number of Verified Splits: 0 of 256
Current worst splitting domains lb-rhs (depth):
-1168.00000 (253), -1168.00000 (226), -1168.00000 (233), -1168.00000 (80), -1168.00000 (130), -1168.00000 (279), -1168.00000 (350), -1168.00000 (221), -1168.00000 (166), -1168.00000 (326), -1168.00000 (203), -1168.00000 (301), -1168.00000 (240), -1168.00000 (18), -1168.00000 (210), -1168.00000 (184), -1168.00000 (315), -1168.00000 (342), -1168.00000 (99), -1168.00000 (111), 
Length of domains: 47272
Current (lb-rhs): -1168.0
94460 domains visited
Time: pickout 0.0528    decision 0.1960    set_bounds 0.0042    solve 0.8985    add 0.0679    
Accumulated time: pickout 14.0032    decision 89.1504    set_bounds 3.8661    solve 268.2947    add 45.6119    
Cumulative time: 422.1488571166992

BaB round 371
batch: 128
splitting decisions: 
split level 0: [/49, 2112] [/49, 4675] [/55, 516] [/49, 8049] [/49, 2061] [/49, 5802] [/49, 422] [/49, 8859] [/49, 60] [/49, 4281] 
best_l after optimization: -268336.03125
beta sum per layer: [0.09252768754959106, 61.990867614746094, 19.783832550048828, 4.94724178314209]
alpha/beta optimization time: 0.7077481746673584
pruning_in_iteration open status: False
ratio of positive domain = 0 / 256 = 0.0
pruning-in-iteration extra time: 0.00011587142944335938
torch.Size([256, 1])
Time: prepare 0.0115    bound 0.7093    transfer 0.0042    finalize 0.0691    func 0.7941    
Accumulated time: func 268.8467    prepare 4.5710    bound 236.2640    transfer 2.4230    finalize 28.4464    
max lb tensor(-922.) min lb tensor(-1168.)
Number of Verified Splits: 0 of 256
Current worst splitting domains lb-rhs (depth):
-1168.00000 (144), -1168.00000 (87), -1168.00000 (324), -1168.00000 (113), -1168.00000 (256), -1168.00000 (24), -1168.00000 (218), -1168.00000 (176), -1168.00000 (86), -1168.00000 (356), -1168.00000 (255), -1168.00000 (9), -1168.00000 (256), -1168.00000 (37), -1168.00000 (324), -1168.00000 (256), -1168.00000 (86), -1168.00000 (363), -1168.00000 (176), -1168.00000 (192), 
Length of domains: 47400
Current (lb-rhs): -1168.0
94716 domains visited
Time: pickout 0.0409    decision 0.2766    set_bounds 0.0097    solve 0.7946    add 0.0687    
Accumulated time: pickout 14.0440    decision 89.4270    set_bounds 3.8758    solve 269.0893    add 45.6807    
Cumulative time: 423.3415219783783

BaB round 372
batch: 128
splitting decisions: 
split level 0: [/49, 5826] [/49, 3436] [/49, 1139] [/49, 4136] [/49, 1723] [/49, 4474] [/43, 10393] [/49, 4140] [/49, 8003] [/49, 8013] 
best_l after optimization: -268339.3125
beta sum per layer: [0.10273535549640656, 62.35914611816406, 19.764755249023438, 4.917917251586914]
alpha/beta optimization time: 0.7180004119873047
pruning_in_iteration open status: False
ratio of positive domain = 0 / 256 = 0.0
pruning-in-iteration extra time: 0.002389669418334961
torch.Size([256, 1])
Time: prepare 0.0054    bound 0.7217    transfer 0.0063    finalize 0.0688    func 0.8022    
Accumulated time: func 269.6489    prepare 4.5832    bound 236.9857    transfer 2.4292    finalize 28.5152    
max lb tensor(-922.) min lb tensor(-1168.)
Number of Verified Splits: 0 of 256
Current worst splitting domains lb-rhs (depth):
-1168.00000 (143), -1168.00000 (331), -1168.00000 (61), -1168.00000 (229), -1168.00000 (202), -1168.00000 (144), -1168.00000 (271), -1168.00000 (14), -1168.00000 (61), -1168.00000 (331), -1168.00000 (144), -1168.00000 (271), -1168.00000 (61), -1168.00000 (144), -1168.00000 (330), -1168.00000 (202), -1168.00000 (271), -1168.00000 (143), -1168.00000 (62), -1168.00000 (228), 
Length of domains: 47528
Current (lb-rhs): -1168.0
94972 domains visited
Time: pickout 0.0394    decision 0.3767    set_bounds 0.0085    solve 0.8026    add 0.0630    
Accumulated time: pickout 14.0835    decision 89.8037    set_bounds 3.8843    solve 269.8920    add 45.7437    
Cumulative time: 424.634015083313

BaB round 373
batch: 128
splitting decisions: 
split level 0: [/49, 5633] [/49, 734] [/49, 5884] [/49, 2147] [/49, 8315] [/49, 9321] [/49, 8703] [/49, 7507] [/49, 2084] [/49, 10209] 
best_l after optimization: -268343.4375
beta sum per layer: [0.12398640066385269, 64.48304748535156, 19.83460807800293, 5.110718727111816]
alpha/beta optimization time: 0.7913613319396973
pruning_in_iteration open status: False
ratio of positive domain = 0 / 256 = 0.0
pruning-in-iteration extra time: 0.00016546249389648438
torch.Size([256, 1])
Time: prepare 0.0053    bound 0.7929    transfer 0.0038    finalize 0.0756    func 0.8777    
Accumulated time: func 270.5266    prepare 4.6021    bound 237.7786    transfer 2.4331    finalize 28.5908    
max lb tensor(-922.) min lb tensor(-1168.)
Number of Verified Splits: 0 of 256
Current worst splitting domains lb-rhs (depth):
-1168.00000 (105), -1168.00000 (364), -1168.00000 (143), -1168.00000 (288), -1168.00000 (250), -1168.00000 (222), -1168.00000 (28), -1168.00000 (112), -1168.00000 (179), -1168.00000 (338), -1168.00000 (272), -1168.00000 (17), -1168.00000 (311), -1168.00000 (92), -1168.00000 (202), -1168.00000 (127), -1168.00000 (143), -1168.00000 (64), -1168.00000 (288), -1168.00000 (179), 
Length of domains: 47656
Current (lb-rhs): -1168.0
95228 domains visited
Time: pickout 0.0479    decision 0.2809    set_bounds 0.0043    solve 0.8782    add 0.0669    
Accumulated time: pickout 14.1314    decision 90.0846    set_bounds 3.8885    solve 270.7702    add 45.8106    
Cumulative time: 425.91487526893616

BaB round 374
batch: 128
splitting decisions: 
split level 0: [/49, 4617] [/49, 7975] [/49, 1659] [/49, 3967] [/49, 5610] [/49, 613] [/49, 1265] [/49, 1919] [/49, 2787] [/49, 4126] 
best_l after optimization: -268345.9375
beta sum per layer: [0.1084417998790741, 65.16395568847656, 19.67298126220703, 5.082119464874268]
alpha/beta optimization time: 0.7979662418365479
pruning_in_iteration open status: False
ratio of positive domain = 0 / 256 = 0.0
pruning-in-iteration extra time: 0.00015282630920410156
torch.Size([256, 1])
Time: prepare 0.0053    bound 0.7994    transfer 0.0042    finalize 0.0733    func 0.8823    
Accumulated time: func 271.4089    prepare 4.6102    bound 238.5780    transfer 2.4373    finalize 28.6642    
max lb tensor(-922.) min lb tensor(-1168.)
Number of Verified Splits: 0 of 256
Current worst splitting domains lb-rhs (depth):
-1168.00000 (24), -1168.00000 (25), -1168.00000 (270), -1168.00000 (147), -1168.00000 (270), -1168.00000 (148), -1168.00000 (148), -1168.00000 (25), -1168.00000 (270), -1168.00000 (359), -1168.00000 (148), -1168.00000 (269), -1168.00000 (149), -1168.00000 (149), -1168.00000 (269), -1168.00000 (147), -1168.00000 (149), -1168.00000 (269), -1168.00000 (359), -1168.00000 (150), 
Length of domains: 47784
Current (lb-rhs): -1168.0
95484 domains visited
Time: pickout 0.0456    decision 0.2280    set_bounds 0.0042    solve 0.8828    add 0.0679    
Accumulated time: pickout 14.1770    decision 90.3126    set_bounds 3.8928    solve 271.6530    add 45.8785    
Cumulative time: 427.14559864997864

BaB round 375
batch: 128
splitting decisions: 
split level 0: [/49, 5800] [/49, 2085] [/49, 5689] [/55, 64] [/49, 8313] [/49, 756] [/49, 4671] [/49, 591] [/49, 7665] [/49, 2787] 
best_l after optimization: -268346.125
beta sum per layer: [0.1285819709300995, 66.85748291015625, 19.739574432373047, 5.123591899871826]
alpha/beta optimization time: 0.8146321773529053
pruning_in_iteration open status: False
ratio of positive domain = 0 / 256 = 0.0
pruning-in-iteration extra time: 0.000148773193359375
torch.Size([256, 1])
Time: prepare 0.0054    bound 0.8161    transfer 0.0041    finalize 0.0722    func 0.8978    
Accumulated time: func 272.3067    prepare 4.6241    bound 239.3941    transfer 2.4413    finalize 28.7364    
max lb tensor(-922.) min lb tensor(-1168.)
Number of Verified Splits: 0 of 256
Current worst splitting domains lb-rhs (depth):
-1168.00000 (99), -1168.00000 (346), -1168.00000 (275), -1168.00000 (291), -1168.00000 (262), -1168.00000 (155), -1168.00000 (130), -1168.00000 (105), -1168.00000 (18), -1168.00000 (75), -1168.00000 (303), -1168.00000 (13), -1168.00000 (193), -1168.00000 (230), -1168.00000 (151), -1168.00000 (116), -1168.00000 (122), -1168.00000 (165), -1168.00000 (314), -1168.00000 (64), 
Length of domains: 47912
Current (lb-rhs): -1168.0
95740 domains visited
Time: pickout 0.0492    decision 0.1982    set_bounds 0.0043    solve 0.8983    add 0.0704    
Accumulated time: pickout 14.2262    decision 90.5108    set_bounds 3.8971    solve 272.5512    add 45.9489    
Cumulative time: 428.36819982528687

BaB round 376
batch: 128
splitting decisions: 
split level 0: [/49, 8361] [/55, 941] [/49, 4337] [/55, 468] [/49, 47] [/49, 2784] [/49, 6452] [/49, 6482] [/49, 277] [/49, 5984] 
best_l after optimization: -268347.9375
beta sum per layer: [0.11864650249481201, 66.99495697021484, 20.30759048461914, 4.887408256530762]
alpha/beta optimization time: 0.8193933963775635
pruning_in_iteration open status: False
ratio of positive domain = 0 / 256 = 0.0
pruning-in-iteration extra time: 0.0001742839813232422
torch.Size([256, 1])
Time: prepare 0.0052    bound 0.8209    transfer 0.0038    finalize 0.0612    func 0.8912    
Accumulated time: func 273.1979    prepare 4.6322    bound 240.2150    transfer 2.4452    finalize 28.7976    
max lb tensor(-922.) min lb tensor(-1168.)
Number of Verified Splits: 0 of 256
Current worst splitting domains lb-rhs (depth):
-1168.00000 (199), -1168.00000 (162), -1168.00000 (364), -1168.00000 (9), -1168.00000 (322), -1168.00000 (280), -1168.00000 (78), -1168.00000 (136), -1168.00000 (261), -1168.00000 (235), -1168.00000 (136), -1168.00000 (341), -1168.00000 (29), -1168.00000 (315), -1168.00000 (136), -1168.00000 (281), -1168.00000 (89), -1168.00000 (246), -1168.00000 (163), -1168.00000 (235), 
Length of domains: 48040
Current (lb-rhs): -1168.0
95996 domains visited
Time: pickout 0.0515    decision 0.1786    set_bounds 0.0042    solve 0.8916    add 0.0759    
Accumulated time: pickout 14.2778    decision 90.6895    set_bounds 3.9014    solve 273.4429    add 46.0248    
Cumulative time: 429.5731317996979

BaB round 377
batch: 128
splitting decisions: 
split level 0: [/49, 8196] [/49, 8894] [/49, 2139] [/49, 7165] [/49, 7131] [/55, 1189] [/49, 4477] [/49, 7353] [/49, 2099] [/49, 4282] 
best_l after optimization: -268353.78125
beta sum per layer: [0.10869020223617554, 68.47047424316406, 19.994699478149414, 4.878409385681152]
alpha/beta optimization time: 0.8189830780029297
pruning_in_iteration open status: False
ratio of positive domain = 0 / 256 = 0.0
pruning-in-iteration extra time: 3.719329833984375e-05
torch.Size([256, 1])
Time: prepare 0.0054    bound 0.8203    transfer 0.0043    finalize 0.0801    func 0.9102    
Accumulated time: func 274.1081    prepare 4.6393    bound 241.0353    transfer 2.4494    finalize 28.8777    
max lb tensor(-922.) min lb tensor(-1168.)
Number of Verified Splits: 0 of 256
Current worst splitting domains lb-rhs (depth):
-1168.00000 (204), -1168.00000 (127), -1168.00000 (206), -1168.00000 (350), -1168.00000 (205), -1168.00000 (127), -1168.00000 (73), -1168.00000 (23), -1168.00000 (280), -1168.00000 (205), -1168.00000 (350), -1168.00000 (128), -1168.00000 (57), -1168.00000 (205), -1168.00000 (302), -1168.00000 (23), -1168.00000 (22), -1168.00000 (350), -1168.00000 (128), -1168.00000 (204), 
Length of domains: 48168
Current (lb-rhs): -1168.0
96252 domains visited
Time: pickout 0.0422    decision 0.1508    set_bounds 0.0085    solve 0.9107    add 0.0809    
Accumulated time: pickout 14.3200    decision 90.8403    set_bounds 3.9098    solve 274.3536    add 46.1057    
Cumulative time: 430.7689461708069

BaB round 378
batch: 128
splitting decisions: 
split level 0: [/49, 8530] [/49, 710] [/49, 8392] [/49, 5995] [/49, 6624] [/49, 2047] [/49, 10367] [/49, 1917] [/49, 8883] [/49, 9547] 
best_l after optimization: -268356.5625
beta sum per layer: [0.13800571858882904, 70.8592300415039, 20.253742218017578, 5.048462867736816]
alpha/beta optimization time: 0.7884013652801514
pruning_in_iteration open status: False
ratio of positive domain = 0 / 256 = 0.0
pruning-in-iteration extra time: 0.000118255615234375
torch.Size([256, 1])
Time: prepare 0.0079    bound 0.7899    transfer 0.0042    finalize 0.0686    func 0.8706    
Accumulated time: func 274.9787    prepare 4.6530    bound 241.8252    transfer 2.4537    finalize 28.9463    
max lb tensor(-922.) min lb tensor(-1168.)
Number of Verified Splits: 0 of 256
Current worst splitting domains lb-rhs (depth):
-1168.00000 (352), -1168.00000 (207), -1168.00000 (10), -1168.00000 (340), -1168.00000 (18), -1168.00000 (140), -1168.00000 (68), -1168.00000 (310), -1168.00000 (258), -1168.00000 (98), -1168.00000 (294), -1168.00000 (348), -1168.00000 (39), -1168.00000 (368), -1168.00000 (56), -1168.00000 (271), -1168.00000 (192), -1168.00000 (151), -1168.00000 (120), -1168.00000 (207), 
Length of domains: 48296
Current (lb-rhs): -1168.0
96508 domains visited
Time: pickout 0.0404    decision 0.2981    set_bounds 0.0051    solve 0.8711    add 0.0818    
Accumulated time: pickout 14.3604    decision 91.1384    set_bounds 3.9150    solve 275.2247    add 46.1874    
Cumulative time: 432.0699305534363

BaB round 379
batch: 128
splitting decisions: 
split level 0: [/49, 1746] [/49, 8029] [/55, 67] [/49, 9039] [/49, 7206] [/49, 4584] [/49, 5672] [/49, 4450] [/49, 3436] [/49, 578] 
Early stop at 11th iter due to 10 iterations no improvement!
best_l after optimization: -268374.5625
beta sum per layer: [0.23599651455879211, 182.34225463867188, 19.9121036529541, 6.890663146972656]
alpha/beta optimization time: 0.5186312198638916
pruning_in_iteration open status: False
ratio of positive domain = 0 / 256 = 0.0
pruning-in-iteration extra time: 8.249282836914062e-05
torch.Size([256, 1])
Time: prepare 0.0054    bound 0.5205    transfer 0.0056    finalize 0.0890    func 0.6206    
Accumulated time: func 275.5993    prepare 4.6601    bound 242.3457    transfer 2.4593    finalize 29.0353    
max lb tensor(-922.) min lb tensor(-1168.)
Number of Verified Splits: 0 of 256
Current worst splitting domains lb-rhs (depth):
-1168.00000 (371), -1168.00000 (261), -1168.00000 (331), -1168.00000 (363), -1168.00000 (261), -1168.00000 (88), -1168.00000 (196), -1168.00000 (147), -1168.00000 (38), -1168.00000 (223), -1168.00000 (89), -1168.00000 (180), -1168.00000 (261), -1168.00000 (331), -1168.00000 (88), -1168.00000 (262), -1168.00000 (136), -1168.00000 (116), -1168.00000 (350), -1168.00000 (262), 
Length of domains: 48424
Current (lb-rhs): -1168.0
96764 domains visited
Time: pickout 0.0564    decision 0.1615    set_bounds 0.0089    solve 0.6211    add 0.0857    
Accumulated time: pickout 14.4168    decision 91.2999    set_bounds 3.9239    solve 275.8458    add 46.2731    
Cumulative time: 433.0065007209778

BaB round 380
batch: 128
splitting decisions: 
split level 0: [/49, 8649] [/49, 541] [/49, 7321] [/49, 10709] [/49, 9037] [/49, 9493] [/49, 3601] [/55, 232] [/49, 1386] [/49, 8393] 
best_l after optimization: -268375.875
beta sum per layer: [0.1413821130990982, 71.1019058227539, 20.489212036132812, 5.017453193664551]
alpha/beta optimization time: 0.8063037395477295
pruning_in_iteration open status: False
ratio of positive domain = 0 / 256 = 0.0
pruning-in-iteration extra time: 0.000156402587890625
torch.Size([256, 1])
Time: prepare 0.0052    bound 0.8077    transfer 0.0042    finalize 0.0681    func 0.8853    
Accumulated time: func 276.4846    prepare 4.6685    bound 243.1535    transfer 2.4635    finalize 29.1034    
max lb tensor(-922.) min lb tensor(-1168.)
Number of Verified Splits: 0 of 256
Current worst splitting domains lb-rhs (depth):
-1168.00000 (374), -1168.00000 (281), -1168.00000 (158), -1168.00000 (99), -1168.00000 (42), -1168.00000 (353), -1168.00000 (190), -1168.00000 (312), -1168.00000 (12), -1168.00000 (245), -1168.00000 (98), -1168.00000 (141), -1168.00000 (190), -1168.00000 (311), -1168.00000 (98), -1168.00000 (312), -1168.00000 (245), -1168.00000 (98), -1168.00000 (191), -1168.00000 (23), 
Length of domains: 48552
Current (lb-rhs): -1168.0
97020 domains visited
Time: pickout 0.0508    decision 0.2526    set_bounds 0.0043    solve 0.8858    add 0.0810    
Accumulated time: pickout 14.4676    decision 91.5524    set_bounds 3.9281    solve 276.7315    add 46.3540    
Cumulative time: 434.28532338142395

BaB round 381
batch: 128
splitting decisions: 
split level 0: [/49, 6140] [/49, 9328] [/49, 9574] [/49, 8506] [/49, 8990] [/55, 1170] [/49, 734] [/49, 8341] [/49, 9886] [/49, 5477] 
best_l after optimization: -268361.5625
beta sum per layer: [0.16011536121368408, 72.25675964355469, 20.84146499633789, 5.0131120681762695]
alpha/beta optimization time: 0.8202495574951172
pruning_in_iteration open status: False
ratio of positive domain = 0 / 256 = 0.0
pruning-in-iteration extra time: 3.9577484130859375e-05
torch.Size([256, 1])
Time: prepare 0.0053    bound 0.8216    transfer 0.0037    finalize 0.0814    func 0.9121    
Accumulated time: func 277.3967    prepare 4.6755    bound 243.9751    transfer 2.4672    finalize 29.1849    
max lb tensor(-922.) min lb tensor(-1168.)
Number of Verified Splits: 0 of 256
Current worst splitting domains lb-rhs (depth):
-1168.00000 (260), -1168.00000 (121), -1168.00000 (278), -1168.00000 (48), -1168.00000 (371), -1168.00000 (145), -1168.00000 (325), -1168.00000 (37), -1168.00000 (43), -1168.00000 (219), -1168.00000 (185), -1168.00000 (314), -1168.00000 (354), -1168.00000 (22), -1168.00000 (120), -1168.00000 (219), -1168.00000 (91), -1168.00000 (145), -1168.00000 (184), -1168.00000 (306), 
Length of domains: 48680
Current (lb-rhs): -1168.0
97276 domains visited
Time: pickout 0.0645    decision 0.1729    set_bounds 0.0042    solve 0.9126    add 0.0778    
Accumulated time: pickout 14.5321    decision 91.7254    set_bounds 3.9324    solve 277.6441    add 46.4318    
Cumulative time: 435.5200505256653

BaB round 382
batch: 128
splitting decisions: 
split level 0: [/49, 9521] [/49, 4645] [/49, 9405] [/49, 3941] [/49, 3583] [/49, 8363] [/49, 3969] [/49, 9353] [/49, 2279] [/49, 8350] 
best_l after optimization: -268367.1875
beta sum per layer: [0.2602558135986328, 74.1678695678711, 20.63434600830078, 5.170891761779785]
alpha/beta optimization time: 0.815793514251709
pruning_in_iteration open status: False
ratio of positive domain = 0 / 256 = 0.0
pruning-in-iteration extra time: 0.00015282630920410156
torch.Size([256, 1])
Time: prepare 0.0054    bound 0.8172    transfer 0.0038    finalize 0.0716    func 0.8981    
Accumulated time: func 278.2948    prepare 4.6826    bound 244.7923    transfer 2.4710    finalize 29.2564    
max lb tensor(-922.) min lb tensor(-1168.)
Number of Verified Splits: 0 of 256
Current worst splitting domains lb-rhs (depth):
-1168.00000 (277), -1168.00000 (255), -1168.00000 (273), -1168.00000 (211), -1168.00000 (96), -1168.00000 (123), -1168.00000 (107), -1168.00000 (334), -1168.00000 (262), -1168.00000 (283), -1168.00000 (315), -1168.00000 (155), -1168.00000 (170), -1168.00000 (70), -1168.00000 (56), -1168.00000 (301), -1168.00000 (8), -1168.00000 (115), -1168.00000 (296), -1168.00000 (42), 
Length of domains: 48808
Current (lb-rhs): -1168.0
97532 domains visited
Time: pickout 0.0502    decision 0.1701    set_bounds 0.0042    solve 0.8985    add 0.0792    
Accumulated time: pickout 14.5823    decision 91.8954    set_bounds 3.9366    solve 278.5426    add 46.5110    
Cumulative time: 436.72658467292786

BaB round 383
batch: 128
splitting decisions: 
split level 0: [/49, 2097] [/49, 34] [/49, 7572] [/49, 9180] [/49, 5948] [/49, 119] [/49, 8337] [/49, 7492] [/49, 8510] [/49, 734] 
best_l after optimization: -268369.8125
beta sum per layer: [0.1694803684949875, 76.08940124511719, 20.893672943115234, 4.977571487426758]
alpha/beta optimization time: 0.8187084197998047
pruning_in_iteration open status: False
ratio of positive domain = 0 / 256 = 0.0
pruning-in-iteration extra time: 0.0001590251922607422
torch.Size([256, 1])
Time: prepare 0.0053    bound 0.8202    transfer 0.0047    finalize 0.0820    func 0.9122    
Accumulated time: func 279.2070    prepare 4.6900    bound 245.6125    transfer 2.4757    finalize 29.3385    
max lb tensor(-922.) min lb tensor(-1168.)
Number of Verified Splits: 0 of 256
Current worst splitting domains lb-rhs (depth):
-1168.00000 (225), -1168.00000 (117), -1168.00000 (264), -1168.00000 (89), -1168.00000 (335), -1168.00000 (182), -1168.00000 (38), -1168.00000 (198), -1168.00000 (24), -1168.00000 (264), -1168.00000 (226), -1168.00000 (89), -1168.00000 (264), -1168.00000 (149), -1168.00000 (354), -1168.00000 (334), -1168.00000 (375), -1168.00000 (182), -1168.00000 (89), -1168.00000 (265), 
Length of domains: 48936
Current (lb-rhs): -1168.0
97788 domains visited
Time: pickout 0.0684    decision 0.1615    set_bounds 0.0044    solve 0.9128    add 0.0804    
Accumulated time: pickout 14.6507    decision 92.0569    set_bounds 3.9410    solve 279.4554    add 46.5915    
Cumulative time: 437.9568512439728

BaB round 384
batch: 128
splitting decisions: 
split level 0: [/49, 7348] [/49, 3451] [/49, 294] [/49, 5632] [/49, 6361] [/55, 912] [/49, 8051] [/49, 4790] [/49, 6192] [/49, 565] 
best_l after optimization: -268371.125
beta sum per layer: [0.25365108251571655, 77.38023376464844, 20.559894561767578, 4.912597179412842]
alpha/beta optimization time: 0.5669209957122803
pruning_in_iteration open status: False
ratio of positive domain = 0 / 256 = 0.0
pruning-in-iteration extra time: 0.00010704994201660156
torch.Size([256, 1])
Time: prepare 0.0058    bound 0.5684    transfer 0.0038    finalize 0.0652    func 0.6432    
Accumulated time: func 279.8503    prepare 4.6974    bound 246.1809    transfer 2.4795    finalize 29.4037    
max lb tensor(-922.) min lb tensor(-1168.)
Number of Verified Splits: 0 of 256
Current worst splitting domains lb-rhs (depth):
-1168.00000 (61), -1168.00000 (201), -1168.00000 (249), -1168.00000 (14), -1168.00000 (133), -1168.00000 (150), -1168.00000 (158), -1168.00000 (115), -1168.00000 (216), -1168.00000 (366), -1168.00000 (291), -1168.00000 (268), -1168.00000 (169), -1168.00000 (190), -1168.00000 (327), -1168.00000 (29), -1168.00000 (75), -1168.00000 (377), -1168.00000 (154), -1168.00000 (123), 
Length of domains: 49064
Current (lb-rhs): -1168.0
98044 domains visited
Time: pickout 0.0534    decision 0.1704    set_bounds 0.0087    solve 0.6437    add 0.0785    
Accumulated time: pickout 14.7041    decision 92.2273    set_bounds 3.9498    solve 280.0991    add 46.6700    
Cumulative time: 438.91562390327454

BaB round 385
batch: 128
splitting decisions: 
split level 0: [/49, 5828] [/49, 3800] [/49, 4180] [/49, 6308] [/49, 7314] [/49, 8809] [/49, 2786] [/49, 6155] [/49, 3995] [/49, 2619] 
Early stop at 11th iter due to 10 iterations no improvement!
best_l after optimization: -268388.5625
beta sum per layer: [0.42810988426208496, 200.82278442382812, 20.33639907836914, 6.756232261657715]
alpha/beta optimization time: 0.272979736328125
pruning_in_iteration open status: False
ratio of positive domain = 0 / 256 = 0.0
pruning-in-iteration extra time: 0.002310037612915039
torch.Size([256, 1])
Time: prepare 0.0059    bound 0.2768    transfer 0.0062    finalize 0.0810    func 0.3699    
Accumulated time: func 280.2202    prepare 4.7127    bound 246.4577    transfer 2.4857    finalize 29.4847    
max lb tensor(-922.) min lb tensor(-1168.)
Number of Verified Splits: 0 of 256
Current worst splitting domains lb-rhs (depth):
-1168.00000 (150), -1168.00000 (78), -1168.00000 (182), -1168.00000 (56), -1168.00000 (311), -1168.00000 (255), -1168.00000 (209), -1168.00000 (282), -1168.00000 (329), -1168.00000 (130), -1168.00000 (10), -1168.00000 (357), -1168.00000 (210), -1168.00000 (254), -1168.00000 (44), -1168.00000 (375), -1168.00000 (77), -1168.00000 (181), -1168.00000 (98), -1168.00000 (357), 
Length of domains: 49192
Current (lb-rhs): -1168.0
98300 domains visited
Time: pickout 0.0690    decision 0.3709    set_bounds 0.0045    solve 0.3704    add 0.0810    
Accumulated time: pickout 14.7730    decision 92.5982    set_bounds 3.9543    solve 280.4695    add 46.7509    
Cumulative time: 439.8140072822571

BaB round 386
batch: 128
splitting decisions: 
split level 0: [/49, 4569] [/55, 967] [/55, 1165] [/49, 5461] [/49, 10337] [/49, 537] [/43, 25602] [/55, 1262] [/49, 7293] [/43, 1271] 
best_l after optimization: -268396.125
beta sum per layer: [0.245377317070961, 78.65458679199219, 21.489164352416992, 5.219367980957031]
alpha/beta optimization time: 0.8038434982299805
pruning_in_iteration open status: False
ratio of positive domain = 0 / 256 = 0.0
pruning-in-iteration extra time: 0.002374410629272461
torch.Size([256, 1])
Time: prepare 0.0164    bound 0.8076    transfer 0.0064    finalize 0.0673    func 0.8977    
Accumulated time: func 281.1179    prepare 4.7341    bound 247.2653    transfer 2.4921    finalize 29.5520    
max lb tensor(-922.) min lb tensor(-1168.)
Number of Verified Splits: 0 of 256
Current worst splitting domains lb-rhs (depth):
-1168.00000 (183), -1168.00000 (303), -1168.00000 (274), -1168.00000 (20), -1168.00000 (119), -1168.00000 (216), -1168.00000 (340), -1168.00000 (48), -1168.00000 (67), -1168.00000 (119), -1168.00000 (303), -1168.00000 (265), -1168.00000 (201), -1168.00000 (20), -1168.00000 (159), -1168.00000 (374), -1168.00000 (375), -1168.00000 (119), -1168.00000 (302), -1168.00000 (67), 
Length of domains: 49320
Current (lb-rhs): -1168.0
98556 domains visited
Time: pickout 0.0607    decision 0.4098    set_bounds 0.0103    solve 0.8982    add 0.0852    
Accumulated time: pickout 14.8338    decision 93.0080    set_bounds 3.9646    solve 281.3678    add 46.8361    
Cumulative time: 441.2821629047394

BaB round 387
batch: 128
splitting decisions: 
split level 0: [/55, 39] [/49, 9065] [/49, 10446] [/55, 912] [/49, 3076] [/49, 2045] [/49, 3943] [/49, 240] [/49, 9208] [/49, 1603] 
Early stop at 11th iter due to 10 iterations no improvement!
best_l after optimization: -268397.9375
beta sum per layer: [0.7723565101623535, 198.16064453125, 20.987136840820312, 6.508970260620117]
alpha/beta optimization time: 0.39704108238220215
pruning_in_iteration open status: False
ratio of positive domain = 0 / 256 = 0.0
pruning-in-iteration extra time: 0.0024101734161376953
torch.Size([256, 1])
Time: prepare 0.0055    bound 0.4008    transfer 0.0061    finalize 0.0881    func 0.5007    
Accumulated time: func 281.6186    prepare 4.7423    bound 247.6661    transfer 2.4982    finalize 29.6401    
max lb tensor(-922.) min lb tensor(-1168.)
Number of Verified Splits: 0 of 256
Current worst splitting domains lb-rhs (depth):
-1168.00000 (212), -1168.00000 (212), -1168.00000 (377), -1168.00000 (187), -1168.00000 (148), -1168.00000 (10), -1168.00000 (100), -1168.00000 (33), -1168.00000 (286), -1168.00000 (76), -1168.00000 (252), -1168.00000 (285), -1168.00000 (101), -1168.00000 (286), -1168.00000 (186), -1168.00000 (329), -1168.00000 (345), -1168.00000 (252), -1168.00000 (148), -1168.00000 (129), 
Length of domains: 49448
Current (lb-rhs): -1168.0
98812 domains visited
Time: pickout 0.0687    decision 0.2188    set_bounds 0.0045    solve 0.5012    add 0.0835    
Accumulated time: pickout 14.9025    decision 93.2268    set_bounds 3.9690    solve 281.8689    add 46.9196    
Cumulative time: 442.16169810295105

BaB round 388
batch: 128
splitting decisions: 
split level 0: [/55, 1083] [/49, 4450] [/49, 1627] [/49, 8367] [/49, 1555] [/49, 8218] [/43, 4004] [/49, 3603] [/49, 6110] [/49, 4474] 
best_l after optimization: -268402.25
beta sum per layer: [0.3581819236278534, 80.91867065429688, 21.870235443115234, 5.03695011138916]
alpha/beta optimization time: 0.8012874126434326
pruning_in_iteration open status: False
ratio of positive domain = 0 / 256 = 0.0
pruning-in-iteration extra time: 0.00014925003051757812
torch.Size([256, 1])
Time: prepare 0.0054    bound 0.8027    transfer 0.0039    finalize 0.0678    func 0.8798    
Accumulated time: func 282.4985    prepare 4.7588    bound 248.4689    transfer 2.5021    finalize 29.7079    
max lb tensor(-922.) min lb tensor(-1168.)
Number of Verified Splits: 0 of 256
Current worst splitting domains lb-rhs (depth):
-1168.00000 (247), -1168.00000 (298), -1168.00000 (25), -1168.00000 (129), -1168.00000 (373), -1168.00000 (81), -1168.00000 (199), -1168.00000 (247), -1168.00000 (128), -1168.00000 (298), -1168.00000 (24), -1168.00000 (332), -1168.00000 (199), -1168.00000 (373), -1168.00000 (81), -1168.00000 (128), -1168.00000 (198), -1168.00000 (24), -1168.00000 (298), -1168.00000 (199), 
Length of domains: 49576
Current (lb-rhs): -1168.0
99068 domains visited
Time: pickout 0.0530    decision 0.3609    set_bounds 0.0042    solve 0.8803    add 0.0833    
Accumulated time: pickout 14.9555    decision 93.5877    set_bounds 3.9733    solve 282.7492    add 47.0029    
Cumulative time: 443.54763865470886

BaB round 389
batch: 128
splitting decisions: 
split level 0: [/49, 4461] [/49, 1770] [/49, 2322] [/49, 758] [/55, 1168] [/49, 3122] [/55, 29] [/49, 5128] [/49, 784] [/49, 2450] 
best_l after optimization: -268386.46875
beta sum per layer: [0.38259613513946533, 82.44127655029297, 21.623859405517578, 4.8388824462890625]
alpha/beta optimization time: 0.8184928894042969
pruning_in_iteration open status: False
ratio of positive domain = 0 / 256 = 0.0
pruning-in-iteration extra time: 4.458427429199219e-05
torch.Size([256, 1])
Time: prepare 0.0054    bound 0.8200    transfer 0.0041    finalize 0.0831    func 0.9126    
Accumulated time: func 283.4111    prepare 4.7662    bound 249.2889    transfer 2.5062    finalize 29.7910    
max lb tensor(-922.) min lb tensor(-1168.)
Number of Verified Splits: 0 of 256
Current worst splitting domains lb-rhs (depth):
-1168.00000 (250), -1168.00000 (117), -1168.00000 (144), -1168.00000 (294), -1168.00000 (32), -1168.00000 (194), -1168.00000 (348), -1168.00000 (90), -1168.00000 (11), -1168.00000 (378), -1168.00000 (268), -1168.00000 (71), -1168.00000 (104), -1168.00000 (295), -1168.00000 (33), -1168.00000 (174), -1168.00000 (348), -1168.00000 (232), -1168.00000 (144), -1168.00000 (195), 
Length of domains: 49704
Current (lb-rhs): -1168.0
99324 domains visited
Time: pickout 0.0572    decision 0.1484    set_bounds 0.0085    solve 0.9131    add 0.0759    
Accumulated time: pickout 15.0127    decision 93.7361    set_bounds 3.9818    solve 283.6623    add 47.0788    
Cumulative time: 444.7534029483795

BaB round 390
batch: 128
splitting decisions: 
split level 0: [/49, 5491] [/55, 462] [/55, 1184] [/49, 10361] [/49, 5609] [/49, 8868] [/55, 966] [/49, 395] [/49, 6699] [/49, 9353] 
Early stop at 11th iter due to 10 iterations no improvement!
best_l after optimization: -268404.25
beta sum per layer: [1.0211564302444458, 221.08340454101562, 21.32324981689453, 7.69253396987915]
alpha/beta optimization time: 0.6214437484741211
pruning_in_iteration open status: False
ratio of positive domain = 0 / 256 = 0.0
pruning-in-iteration extra time: 0.00020933151245117188
torch.Size([256, 1])
Time: prepare 0.0054    bound 0.6230    transfer 0.0039    finalize 0.0658    func 0.6981    
Accumulated time: func 284.1092    prepare 4.7736    bound 249.9118    transfer 2.5101    finalize 29.8568    
max lb tensor(-922.) min lb tensor(-1168.)
Number of Verified Splits: 0 of 256
Current worst splitting domains lb-rhs (depth):
-1168.00000 (188), -1168.00000 (233), -1168.00000 (361), -1168.00000 (155), -1168.00000 (168), -1168.00000 (212), -1168.00000 (67), -1168.00000 (10), -1168.00000 (345), -1168.00000 (81), -1168.00000 (139), -1168.00000 (322), -1168.00000 (128), -1168.00000 (199), -1168.00000 (386), -1168.00000 (33), -1168.00000 (281), -1168.00000 (334), -1168.00000 (369), -1168.00000 (109), 
Length of domains: 49832
Current (lb-rhs): -1168.0
99580 domains visited
Time: pickout 0.0458    decision 0.1528    set_bounds 0.0043    solve 0.6986    add 0.0787    
Accumulated time: pickout 15.0585    decision 93.8889    set_bounds 3.9861    solve 284.3609    add 47.1575    
Cumulative time: 445.7378423213959

BaB round 391
batch: 128
splitting decisions: 
split level 0: [/49, 8989] [/49, 8337] [/55, 452] [/55, 958] [/49, 8900] [/49, 7802] [/49, 1893] [/55, 1367] [/49, 8985] [/49, 3629] 
best_l after optimization: -268416.0625
beta sum per layer: [0.3936445116996765, 84.09284210205078, 22.924171447753906, 4.964019775390625]
alpha/beta optimization time: 0.819777250289917
pruning_in_iteration open status: False
ratio of positive domain = 0 / 256 = 0.0
pruning-in-iteration extra time: 0.0001518726348876953
torch.Size([256, 1])
Time: prepare 0.0057    bound 0.8213    transfer 0.0044    finalize 0.0842    func 0.9156    
Accumulated time: func 285.0248    prepare 4.7806    bound 250.7332    transfer 2.5145    finalize 29.9410    
max lb tensor(-922.) min lb tensor(-1168.)
Number of Verified Splits: 0 of 256
Current worst splitting domains lb-rhs (depth):
-1168.00000 (247), -1168.00000 (107), -1168.00000 (23), -1168.00000 (92), -1168.00000 (381), -1168.00000 (49), -1168.00000 (72), -1168.00000 (268), -1168.00000 (363), -1168.00000 (310), -1168.00000 (296), -1168.00000 (146), -1168.00000 (188), -1168.00000 (61), -1168.00000 (150), -1168.00000 (40), -1168.00000 (268), -1168.00000 (227), -1168.00000 (10), -1168.00000 (137), 
Length of domains: 49960
Current (lb-rhs): -1168.0
99836 domains visited
Time: pickout 0.0636    decision 0.1497    set_bounds 0.0106    solve 0.9162    add 0.0772    
Accumulated time: pickout 15.1221    decision 94.0386    set_bounds 3.9966    solve 285.2771    add 47.2347    
Cumulative time: 446.9576804637909

BaB round 392
batch: 128
splitting decisions: 
split level 0: [/49, 1267] [/49, 8361] [/49, 968] [/49, 10395] [/49, 9328] [/49, 4450] [/49, 3475] [/49, 5516] [/49, 4428] [/49, 4803] 
Early stop at 11th iter due to 10 iterations no improvement!
best_l after optimization: -268418.03125
beta sum per layer: [1.1569626331329346, 229.06675720214844, 20.802976608276367, 6.671698570251465]
alpha/beta optimization time: 0.2592191696166992
pruning_in_iteration open status: False
ratio of positive domain = 0 / 256 = 0.0
pruning-in-iteration extra time: 0.00010704994201660156
torch.Size([256, 1])
Time: prepare 0.0087    bound 0.2607    transfer 0.0045    finalize 0.0681    func 0.3421    
Accumulated time: func 285.3669    prepare 4.8034    bound 250.9938    transfer 2.5189    finalize 30.0092    
max lb tensor(-922.) min lb tensor(-1168.)
Number of Verified Splits: 0 of 256
Current worst splitting domains lb-rhs (depth):
-1168.00000 (209), -1168.00000 (9), -1168.00000 (244), -1168.00000 (48), -1168.00000 (254), -1168.00000 (85), -1168.00000 (183), -1168.00000 (172), -1168.00000 (334), -1168.00000 (271), -1168.00000 (298), -1168.00000 (134), -1168.00000 (380), -1168.00000 (320), -1168.00000 (84), -1168.00000 (371), -1168.00000 (298), -1168.00000 (104), -1168.00000 (134), -1168.00000 (364), 
Length of domains: 50088
Current (lb-rhs): -1168.0
100092 domains visited
Time: pickout 0.0433    decision 0.2990    set_bounds 0.0053    solve 0.3469    add 0.0772    
Accumulated time: pickout 15.1654    decision 94.3376    set_bounds 4.0020    solve 285.6240    add 47.3119    
Cumulative time: 447.73356771469116

BaB round 393
batch: 128
splitting decisions: 
split level 0: [/49, 3657] [/49, 2761] [/49, 4591] [/49, 1413] [/55, 944] [/55, 1185] [/49, 9498] [/49, 1915] [/55, 237] [/43, 1242] 
best_l after optimization: -268423.0
beta sum per layer: [0.4333639144897461, 86.66703033447266, 22.964725494384766, 5.0404767990112305]
alpha/beta optimization time: 0.7884924411773682
pruning_in_iteration open status: False
ratio of positive domain = 0 / 256 = 0.0
pruning-in-iteration extra time: 0.002378702163696289
torch.Size([256, 1])
Time: prepare 0.0081    bound 0.7924    transfer 0.0065    finalize 0.0826    func 0.8896    
Accumulated time: func 286.2565    prepare 4.8236    bound 251.7862    transfer 2.5254    finalize 30.0918    
max lb tensor(-922.) min lb tensor(-1168.)
Number of Verified Splits: 0 of 256
Current worst splitting domains lb-rhs (depth):
-1168.00000 (190), -1168.00000 (230), -1168.00000 (178), -1168.00000 (114), -1168.00000 (50), -1168.00000 (268), -1168.00000 (78), -1168.00000 (304), -1168.00000 (57), -1168.00000 (289), -1168.00000 (275), -1168.00000 (155), -1168.00000 (367), -1168.00000 (240), -1168.00000 (318), -1168.00000 (255), -1168.00000 (142), -1168.00000 (61), -1168.00000 (82), -1168.00000 (220), 
Length of domains: 50216
Current (lb-rhs): -1168.0
100348 domains visited
Time: pickout 0.0691    decision 0.3941    set_bounds 0.0050    solve 0.8901    add 0.0770    
Accumulated time: pickout 15.2345    decision 94.7317    set_bounds 4.0069    solve 286.5141    add 47.3888    
Cumulative time: 449.1713833808899

BaB round 394
batch: 128
splitting decisions: 
split level 0: [/55, 1446] [/49, 4136] [/49, 3841] [/55, 889] [/49, 10172] [/49, 5826] [/49, 238] [/49, 9041] [/49, 8844] [/49, 8363] 
best_l after optimization: -268409.96875
beta sum per layer: [0.5009615421295166, 86.74561309814453, 23.523868560791016, 5.296134948730469]
alpha/beta optimization time: 0.8105494976043701
pruning_in_iteration open status: False
ratio of positive domain = 0 / 256 = 0.0
pruning-in-iteration extra time: 0.00015783309936523438
torch.Size([256, 1])
Time: prepare 0.0055    bound 0.8119    transfer 0.0039    finalize 0.0707    func 0.8921    
Accumulated time: func 287.1486    prepare 4.8311    bound 252.5982    transfer 2.5293    finalize 30.1626    
max lb tensor(-922.) min lb tensor(-1168.)
Number of Verified Splits: 0 of 256
Current worst splitting domains lb-rhs (depth):
-1168.00000 (192), -1168.00000 (191), -1168.00000 (367), -1168.00000 (386), -1168.00000 (258), -1168.00000 (318), -1168.00000 (109), -1168.00000 (192), -1168.00000 (109), -1168.00000 (318), -1168.00000 (41), -1168.00000 (258), -1168.00000 (14), -1168.00000 (109), -1168.00000 (110), -1168.00000 (318), -1168.00000 (108), -1168.00000 (258), -1168.00000 (192), -1168.00000 (319), 
Length of domains: 50344
Current (lb-rhs): -1168.0
100604 domains visited
Time: pickout 0.0549    decision 0.2169    set_bounds 0.0043    solve 0.8926    add 0.0783    
Accumulated time: pickout 15.2894    decision 94.9486    set_bounds 4.0112    solve 287.4066    add 47.4672    
Cumulative time: 450.42249155044556

BaB round 395
batch: 128
splitting decisions: 
split level 0: [/49, 4647] [/49, 2060] [/49, 3154] [/49, 5631] [/49, 6116] [/49, 6814] [/49, 2619] [/49, 9872] [/49, 3462] [/49, 5153] 
best_l after optimization: -268410.03125
beta sum per layer: [0.5206421613693237, 90.1533203125, 23.034400939941406, 5.094254493713379]
alpha/beta optimization time: 0.8130826950073242
pruning_in_iteration open status: False
ratio of positive domain = 0 / 256 = 0.0
pruning-in-iteration extra time: 0.00020384788513183594
torch.Size([256, 1])
Time: prepare 0.0053    bound 0.8146    transfer 0.0078    finalize 0.0818    func 0.9095    
Accumulated time: func 288.0581    prepare 4.8382    bound 253.4127    transfer 2.5371    finalize 30.2443    
max lb tensor(-922.) min lb tensor(-1168.)
Number of Verified Splits: 0 of 256
Current worst splitting domains lb-rhs (depth):
-1168.00000 (257), -1168.00000 (34), -1168.00000 (151), -1168.00000 (291), -1168.00000 (336), -1168.00000 (46), -1168.00000 (78), -1168.00000 (190), -1168.00000 (292), -1168.00000 (372), -1168.00000 (352), -1168.00000 (258), -1168.00000 (103), -1168.00000 (217), -1168.00000 (151), -1168.00000 (385), -1168.00000 (78), -1168.00000 (10), -1168.00000 (292), -1168.00000 (190), 
Length of domains: 50472
Current (lb-rhs): -1168.0
100860 domains visited
Time: pickout 0.0704    decision 0.1591    set_bounds 0.0043    solve 0.9100    add 0.0761    
Accumulated time: pickout 15.3599    decision 95.1076    set_bounds 4.0154    solve 288.3166    add 47.5433    
Cumulative time: 451.6465177536011

BaB round 396
batch: 128
splitting decisions: 
split level 0: [/49, 8845] [/49, 8000] [/49, 10603] [/49, 7672] [/49, 8822] [/49, 5436] [/49, 8023] [/49, 9014] [/49, 5830] [/49, 10536] 
Early stop at 11th iter due to 10 iterations no improvement!
best_l after optimization: -268424.46875
beta sum per layer: [1.3931939601898193, 240.77008056640625, 21.535438537597656, 6.773215293884277]
alpha/beta optimization time: 0.5153141021728516
pruning_in_iteration open status: False
ratio of positive domain = 0 / 256 = 0.0
pruning-in-iteration extra time: 3.838539123535156e-05
torch.Size([256, 1])
Time: prepare 0.0055    bound 0.5167    transfer 0.0081    finalize 0.0776    func 0.6079    
Accumulated time: func 288.6660    prepare 4.8460    bound 253.9295    transfer 2.5452    finalize 30.3219    
max lb tensor(-922.) min lb tensor(-1168.)
Number of Verified Splits: 0 of 256
Current worst splitting domains lb-rhs (depth):
-1168.00000 (141), -1168.00000 (142), -1168.00000 (203), -1168.00000 (296), -1168.00000 (141), -1168.00000 (297), -1168.00000 (31), -1168.00000 (141), -1168.00000 (203), -1168.00000 (376), -1168.00000 (252), -1168.00000 (297), -1168.00000 (252), -1168.00000 (11), -1168.00000 (73), -1168.00000 (346), -1168.00000 (140), -1168.00000 (204), -1168.00000 (297), -1168.00000 (354), 
Length of domains: 50600
Current (lb-rhs): -1168.0
101116 domains visited
Time: pickout 0.0641    decision 0.1607    set_bounds 0.0091    solve 0.6084    add 0.0760    
Accumulated time: pickout 15.4240    decision 95.2684    set_bounds 4.0246    solve 288.9250    add 47.6194    
Cumulative time: 452.56860995292664

BaB round 397
batch: 128
splitting decisions: 
split level 0: [/49, 4084] [/55, 1162] [/43, 1488] [/49, 7639] [/49, 7126] [/49, 5776] [/49, 5461] [/43, 27406] [/49, 9160] [/43, 24673] 
best_l after optimization: -268441.5
beta sum per layer: [0.6327872276306152, 91.87922668457031, 24.325788497924805, 5.121039390563965]
alpha/beta optimization time: 0.8071892261505127
pruning_in_iteration open status: False
ratio of positive domain = 0 / 256 = 0.0
pruning-in-iteration extra time: 0.0001556873321533203
torch.Size([256, 1])
Time: prepare 0.0054    bound 0.8086    transfer 0.0075    finalize 0.0774    func 0.8990    
Accumulated time: func 289.5650    prepare 4.8552    bound 254.7381    transfer 2.5527    finalize 30.3993    
max lb tensor(-922.) min lb tensor(-1168.)
Number of Verified Splits: 0 of 256
Current worst splitting domains lb-rhs (depth):
-1168.00000 (229), -1168.00000 (125), -1168.00000 (11), -1168.00000 (88), -1168.00000 (193), -1168.00000 (331), -1168.00000 (229), -1168.00000 (151), -1168.00000 (41), -1168.00000 (279), -1168.00000 (125), -1168.00000 (305), -1168.00000 (344), -1168.00000 (369), -1168.00000 (69), -1168.00000 (51), -1168.00000 (192), -1168.00000 (387), -1168.00000 (151), -1168.00000 (229), 
Length of domains: 50728
Current (lb-rhs): -1168.0
101372 domains visited
Time: pickout 0.0672    decision 0.2249    set_bounds 0.0043    solve 0.8994    add 0.0753    
Accumulated time: pickout 15.4912    decision 95.4933    set_bounds 4.0289    solve 289.8245    add 47.6947    
Cumulative time: 453.84351921081543

BaB round 398
batch: 128
splitting decisions: 
split level 0: [/49, 9024] [/49, 7518] [/49, 6363] [/49, 8991] [/49, 7300] [/49, 9182] [/49, 7180] [/49, 10391] [/49, 8365] [/49, 70] 
best_l after optimization: -268420.78125
beta sum per layer: [0.5902872085571289, 92.03450012207031, 23.783994674682617, 5.160700798034668]
alpha/beta optimization time: 0.8221440315246582
pruning_in_iteration open status: False
ratio of positive domain = 0 / 256 = 0.0
pruning-in-iteration extra time: 3.62396240234375e-05
torch.Size([256, 1])
Time: prepare 0.0056    bound 0.8235    transfer 0.0078    finalize 0.0788    func 0.9157    
Accumulated time: func 290.4807    prepare 4.8623    bound 255.5616    transfer 2.5605    finalize 30.4781    
max lb tensor(-922.) min lb tensor(-1168.)
Number of Verified Splits: 0 of 256
Current worst splitting domains lb-rhs (depth):
-1168.00000 (85), -1168.00000 (235), -1168.00000 (339), -1168.00000 (199), -1168.00000 (281), -1168.00000 (390), -1168.00000 (39), -1168.00000 (311), -1168.00000 (289), -1168.00000 (383), -1168.00000 (230), -1168.00000 (85), -1168.00000 (190), -1168.00000 (15), -1168.00000 (304), -1168.00000 (108), -1168.00000 (179), -1168.00000 (340), -1168.00000 (39), -1168.00000 (323), 
Length of domains: 50856
Current (lb-rhs): -1168.0
101628 domains visited
Time: pickout 0.0598    decision 0.1408    set_bounds 0.0042    solve 0.9161    add 0.0781    
Accumulated time: pickout 15.5510    decision 95.6341    set_bounds 4.0331    solve 290.7406    add 47.7727    
Cumulative time: 455.0460226535797

BaB round 399
batch: 128
splitting decisions: 
split level 0: [/49, 1943] [/49, 7351] [/49, 2660] [/49, 1076] [/49, 2813] [/49, 7349] [/49, 5491] [/49, 590] [/49, 734] [/49, 7858] 
Early stop at 11th iter due to 10 iterations no improvement!
best_l after optimization: -268435.65625
beta sum per layer: [1.8002650737762451, 251.78457641601562, 22.17490005493164, 6.688294887542725]
alpha/beta optimization time: 0.23142719268798828
pruning_in_iteration open status: False
ratio of positive domain = 0 / 256 = 0.0
pruning-in-iteration extra time: 6.723403930664062e-05
torch.Size([256, 1])
Time: prepare 0.0056    bound 0.2329    transfer 0.0097    finalize 0.0811    func 0.3294    
Accumulated time: func 290.8100    prepare 4.8693    bound 255.7945    transfer 2.5701    finalize 30.5592    
max lb tensor(-922.) min lb tensor(-1168.)
Number of Verified Splits: 0 of 256
Current worst splitting domains lb-rhs (depth):
-1168.00000 (10), -1168.00000 (269), -1168.00000 (95), -1168.00000 (142), -1168.00000 (285), -1168.00000 (117), -1168.00000 (337), -1168.00000 (298), -1168.00000 (213), -1168.00000 (389), -1168.00000 (350), -1168.00000 (97), -1168.00000 (151), -1168.00000 (222), -1168.00000 (278), -1168.00000 (242), -1168.00000 (182), -1168.00000 (354), -1168.00000 (195), -1168.00000 (56), 
Length of domains: 50984
Current (lb-rhs): -1168.0
101884 domains visited
Time: pickout 0.0548    decision 0.1370    set_bounds 0.0044    solve 0.3298    add 0.0749    
Accumulated time: pickout 15.6059    decision 95.7711    set_bounds 4.0375    solve 291.0705    add 47.8476    
Cumulative time: 455.6502776145935

BaB round 400
batch: 128
splitting decisions: 
split level 0: [/49, 3601] [/49, 7661] [/49, 1965] [/49, 6313] [/49, 3618] [/49, 7301] [/43, 12972] [/49, 2082] [/49, 537] [/43, 24702] 
best_l after optimization: -268445.125
beta sum per layer: [0.8180621862411499, 95.75382232666016, 24.23482894897461, 5.117212295532227]
alpha/beta optimization time: 0.7359178066253662
pruning_in_iteration open status: False
ratio of positive domain = 0 / 256 = 0.0
pruning-in-iteration extra time: 0.00010633468627929688
torch.Size([256, 1])
Time: prepare 0.0053    bound 0.7373    transfer 0.0074    finalize 0.0771    func 0.8272    
Accumulated time: func 291.6372    prepare 4.8906    bound 256.5318    transfer 2.5776    finalize 30.6363    
max lb tensor(-922.) min lb tensor(-1168.)
Number of Verified Splits: 0 of 256
Current worst splitting domains lb-rhs (depth):
-1168.00000 (72), -1168.00000 (127), -1168.00000 (242), -1168.00000 (255), -1168.00000 (288), -1168.00000 (389), -1168.00000 (113), -1168.00000 (311), -1168.00000 (46), -1168.00000 (268), -1168.00000 (158), -1168.00000 (277), -1168.00000 (91), -1168.00000 (34), -1168.00000 (186), -1168.00000 (20), -1168.00000 (212), -1168.00000 (222), -1168.00000 (173), -1168.00000 (351), 
Length of domains: 51112
Current (lb-rhs): -1168.0
102140 domains visited
Time: pickout 0.0695    decision 0.3012    set_bounds 0.0043    solve 0.8277    add 0.0785    
Accumulated time: pickout 15.6754    decision 96.0723    set_bounds 4.0418    solve 291.8981    add 47.9261    
Cumulative time: 456.9348883628845

BaB round 401
batch: 128
splitting decisions: 
split level 0: [/49, 9011] [/49, 3124] [/49, 1632] [/49, 3954] [/49, 7469] [/49, 3436] [/49, 8532] [/49, 4646] [/49, 9717] [/49, 6478] 
Early stop at 11th iter due to 10 iterations no improvement!
best_l after optimization: -268446.84375
beta sum per layer: [1.750126600265503, 252.26263427734375, 22.63297462463379, 7.149431228637695]
alpha/beta optimization time: 0.3194715976715088
pruning_in_iteration open status: False
ratio of positive domain = 0 / 256 = 0.0
pruning-in-iteration extra time: 7.414817810058594e-05
torch.Size([256, 1])
Time: prepare 0.0125    bound 0.3209    transfer 0.0074    finalize 0.0776    func 0.4184    
Accumulated time: func 292.0556    prepare 4.9150    bound 256.8527    transfer 2.5849    finalize 30.7139    
max lb tensor(-922.) min lb tensor(-1168.)
Number of Verified Splits: 0 of 256
Current worst splitting domains lb-rhs (depth):
-1168.00000 (102), -1168.00000 (312), -1168.00000 (24), -1168.00000 (102), -1168.00000 (385), -1168.00000 (35), -1168.00000 (190), -1168.00000 (356), -1168.00000 (231), -1168.00000 (264), -1168.00000 (68), -1168.00000 (264), -1168.00000 (156), -1168.00000 (206), -1168.00000 (264), -1168.00000 (190), -1168.00000 (333), -1168.00000 (265), -1168.00000 (356), -1168.00000 (102), 
Length of domains: 51240
Current (lb-rhs): -1168.0
102396 domains visited
Time: pickout 0.0681    decision 0.2888    set_bounds 0.0142    solve 0.4189    add 0.0724    
Accumulated time: pickout 15.7435    decision 96.3610    set_bounds 4.0560    solve 292.3170    add 47.9984    
Cumulative time: 457.80070757865906

BaB round 402
batch: 128
splitting decisions: 
split level 0: [/49, 8029] [/49, 6985] [/55, 730] [/55, 226] [/49, 9544] [/49, 7635] [/55, 956] [/55, 1369] [/55, 243] [/43, 25602] 
best_l after optimization: -268452.3125
beta sum per layer: [0.8475829362869263, 97.54207611083984, 24.848575592041016, 5.134993553161621]
alpha/beta optimization time: 0.39158153533935547
pruning_in_iteration open status: False
ratio of positive domain = 0 / 256 = 0.0
pruning-in-iteration extra time: 3.528594970703125e-05
torch.Size([256, 1])
Time: prepare 0.0054    bound 0.3929    transfer 0.0075    finalize 0.0772    func 0.4831    
Accumulated time: func 292.5387    prepare 4.9218    bound 257.2456    transfer 2.5924    finalize 30.7910    
max lb tensor(-922.) min lb tensor(-1168.)
Number of Verified Splits: 0 of 256
Current worst splitting domains lb-rhs (depth):
-1168.00000 (195), -1168.00000 (196), -1168.00000 (263), -1168.00000 (243), -1168.00000 (97), -1168.00000 (350), -1168.00000 (76), -1168.00000 (11), -1168.00000 (143), -1168.00000 (34), -1168.00000 (223), -1168.00000 (397), -1168.00000 (381), -1168.00000 (301), -1168.00000 (380), -1168.00000 (116), -1168.00000 (264), -1168.00000 (321), -1168.00000 (75), -1168.00000 (350), 
Length of domains: 51368
Current (lb-rhs): -1168.0
102652 domains visited
Time: pickout 0.0533    decision 0.1340    set_bounds 0.0043    solve 0.4835    add 0.0788    
Accumulated time: pickout 15.7968    decision 96.4950    set_bounds 4.0603    solve 292.8005    add 48.0772    
Cumulative time: 458.55813097953796

BaB round 403
batch: 128
splitting decisions: 
split level 0: [/49, 6985] [/49, 4452] [/49, 4167] [/49, 3291] [/49, 2230] [/49, 7334] [/49, 5516] [/49, 9691] [/49, 9028] [/49, 2762] 
Early stop at 11th iter due to 10 iterations no improvement!
best_l after optimization: -268454.53125
beta sum per layer: [1.9383105039596558, 255.99192810058594, 22.580551147460938, 7.216264724731445]
alpha/beta optimization time: 0.23347830772399902
pruning_in_iteration open status: False
ratio of positive domain = 0 / 256 = 0.0
pruning-in-iteration extra time: 0.00011110305786132812
torch.Size([256, 1])
Time: prepare 0.0054    bound 0.2349    transfer 0.0075    finalize 0.0799    func 0.3277    
Accumulated time: func 292.8664    prepare 4.9285    bound 257.4805    transfer 2.5999    finalize 30.8709    
max lb tensor(-922.) min lb tensor(-1168.)
Number of Verified Splits: 0 of 256
Current worst splitting domains lb-rhs (depth):
-1168.00000 (361), -1168.00000 (10), -1168.00000 (220), -1168.00000 (308), -1168.00000 (151), -1168.00000 (346), -1168.00000 (123), -1168.00000 (393), -1168.00000 (59), -1168.00000 (260), -1168.00000 (380), -1168.00000 (20), -1168.00000 (44), -1168.00000 (237), -1168.00000 (301), -1168.00000 (162), -1168.00000 (199), -1168.00000 (184), -1168.00000 (136), -1168.00000 (346), 
Length of domains: 51496
Current (lb-rhs): -1168.0
102908 domains visited
Time: pickout 0.0552    decision 0.1327    set_bounds 0.0086    solve 0.3282    add 0.0773    
Accumulated time: pickout 15.8520    decision 96.6277    set_bounds 4.0689    solve 293.1287    add 48.1545    
Cumulative time: 459.1639485359192

BaB round 404
batch: 128
splitting decisions: 
split level 0: [/55, 1051] [/49, 4788] [/55, 61] [/49, 3752] [/55, 1269] [/55, 1138] [/49, 2758] [/55, 1168] [/55, 71] [/43, 27373] 
best_l after optimization: -268460.125
beta sum per layer: [0.8487505316734314, 97.89112854003906, 25.813030242919922, 5.001228332519531]
alpha/beta optimization time: 0.3950777053833008
pruning_in_iteration open status: False
ratio of positive domain = 0 / 256 = 0.0
pruning-in-iteration extra time: 4.506111145019531e-05
torch.Size([256, 1])
Time: prepare 0.0055    bound 0.3966    transfer 0.0075    finalize 0.0825    func 0.4922    
Accumulated time: func 293.3586    prepare 4.9353    bound 257.8771    transfer 2.6074    finalize 30.9535    
max lb tensor(-922.) min lb tensor(-1168.)
Number of Verified Splits: 0 of 256
Current worst splitting domains lb-rhs (depth):
-1168.00000 (52), -1168.00000 (209), -1168.00000 (399), -1168.00000 (110), -1168.00000 (168), -1168.00000 (349), -1168.00000 (369), -1168.00000 (285), -1168.00000 (79), -1168.00000 (256), -1168.00000 (209), -1168.00000 (327), -1168.00000 (168), -1168.00000 (110), -1168.00000 (42), -1168.00000 (11), -1168.00000 (168), -1168.00000 (24), -1168.00000 (79), -1168.00000 (209), 
Length of domains: 51624
Current (lb-rhs): -1168.0
103164 domains visited
Time: pickout 0.0532    decision 0.1341    set_bounds 0.0043    solve 0.4927    add 0.0820    
Accumulated time: pickout 15.9052    decision 96.7618    set_bounds 4.0731    solve 293.6214    add 48.2365    
Cumulative time: 459.93277287483215

BaB round 405
batch: 128
splitting decisions: 
split level 0: [/49, 6151] [/49, 5501] [/49, 6164] [/55, 1262] [/49, 1215] [/49, 3434] [/49, 2592] [/49, 4619] [/49, 7518] [/49, 8014] 
Early stop at 11th iter due to 10 iterations no improvement!
best_l after optimization: -268464.4375
beta sum per layer: [2.1398680210113525, 264.3789367675781, 22.794710159301758, 7.078773498535156]
alpha/beta optimization time: 0.2318112850189209
pruning_in_iteration open status: False
ratio of positive domain = 0 / 256 = 0.0
pruning-in-iteration extra time: 3.886222839355469e-05
torch.Size([256, 1])
Time: prepare 0.0056    bound 0.2332    transfer 0.0043    finalize 0.0799    func 0.3230    
Accumulated time: func 293.6816    prepare 4.9422    bound 258.1104    transfer 2.6117    finalize 31.0334    
max lb tensor(-922.) min lb tensor(-1168.)
Number of Verified Splits: 0 of 256
Current worst splitting domains lb-rhs (depth):
-1168.00000 (124), -1168.00000 (323), -1168.00000 (356), -1168.00000 (15), -1168.00000 (163), -1168.00000 (117), -1168.00000 (389), -1168.00000 (38), -1168.00000 (297), -1168.00000 (316), -1168.00000 (278), -1168.00000 (95), -1168.00000 (356), -1168.00000 (230), -1168.00000 (184), -1168.00000 (184), -1168.00000 (146), -1168.00000 (389), -1168.00000 (235), -1168.00000 (207), 
Length of domains: 51752
Current (lb-rhs): -1168.0
103420 domains visited
Time: pickout 0.0533    decision 0.1341    set_bounds 0.0043    solve 0.3235    add 0.0683    
Accumulated time: pickout 15.9586    decision 96.8959    set_bounds 4.0774    solve 293.9450    add 48.3047    
Cumulative time: 460.51920437812805

BaB round 406
batch: 128
splitting decisions: 
split level 0: [/49, 8341] [/49, 8859] [/49, 4569] [/49, 4623] [/49, 6957] [/49, 2979] [/49, 9830] [/55, 961] [/49, 9065] [/43, 25632] 
best_l after optimization: -268472.90625
beta sum per layer: [0.839119553565979, 103.30242919921875, 26.72919464111328, 4.98820161819458]
alpha/beta optimization time: 0.39150118827819824
pruning_in_iteration open status: False
ratio of positive domain = 0 / 256 = 0.0
pruning-in-iteration extra time: 3.62396240234375e-05
torch.Size([256, 1])
Time: prepare 0.0055    bound 0.3929    transfer 0.0040    finalize 0.0814    func 0.4839    
Accumulated time: func 294.1655    prepare 4.9491    bound 258.5032    transfer 2.6157    finalize 31.1147    
max lb tensor(-922.) min lb tensor(-1168.)
Number of Verified Splits: 0 of 256
Current worst splitting domains lb-rhs (depth):
-1168.00000 (197), -1168.00000 (329), -1168.00000 (196), -1168.00000 (267), -1168.00000 (396), -1168.00000 (110), -1168.00000 (53), -1168.00000 (197), -1168.00000 (371), -1168.00000 (329), -1168.00000 (110), -1168.00000 (266), -1168.00000 (197), -1168.00000 (18), -1168.00000 (330), -1168.00000 (110), -1168.00000 (109), -1168.00000 (266), -1168.00000 (53), -1168.00000 (198), 
Length of domains: 51880
Current (lb-rhs): -1168.0
103676 domains visited
Time: pickout 0.0556    decision 0.1336    set_bounds 0.0044    solve 0.4843    add 0.0698    
Accumulated time: pickout 16.0142    decision 97.0295    set_bounds 4.0818    solve 294.4293    add 48.3745    
Cumulative time: 461.26973247528076

BaB round 407
batch: 128
splitting decisions: 
split level 0: [/49, 4125] [/49, 3460] [/49, 8361] [/49, 5464] [/49, 8314] [/49, 1744] [/49, 6309] [/49, 6310] [/49, 1772] [/49, 10716] 
Early stop at 11th iter due to 10 iterations no improvement!
best_l after optimization: -268475.625
beta sum per layer: [2.1019325256347656, 271.4156494140625, 22.796245574951172, 6.921352863311768]
alpha/beta optimization time: 0.2434368133544922
pruning_in_iteration open status: False
ratio of positive domain = 0 / 256 = 0.0
pruning-in-iteration extra time: 3.62396240234375e-05
torch.Size([256, 1])
Time: prepare 0.0056    bound 0.2448    transfer 0.0039    finalize 0.0771    func 0.3315    
Accumulated time: func 294.4970    prepare 4.9560    bound 258.7480    transfer 2.6196    finalize 31.1918    
max lb tensor(-922.) min lb tensor(-1168.)
Number of Verified Splits: 0 of 256
Current worst splitting domains lb-rhs (depth):
-1168.00000 (26), -1168.00000 (375), -1168.00000 (26), -1168.00000 (124), -1168.00000 (240), -1168.00000 (241), -1168.00000 (375), -1168.00000 (123), -1168.00000 (241), -1168.00000 (240), -1168.00000 (123), -1168.00000 (375), -1168.00000 (241), -1168.00000 (123), -1168.00000 (242), -1168.00000 (242), -1168.00000 (374), -1168.00000 (27), -1168.00000 (124), -1168.00000 (240), 
Length of domains: 52008
Current (lb-rhs): -1168.0
103932 domains visited
Time: pickout 0.0550    decision 0.1397    set_bounds 0.0043    solve 0.3320    add 0.0689    
Accumulated time: pickout 16.0691    decision 97.1692    set_bounds 4.0862    solve 294.7612    add 48.4433    
Cumulative time: 461.87244153022766

BaB round 408
batch: 128
splitting decisions: 
split level 0: [/49, 4597] [/49, 8338] [/49, 5438] [/49, 3635] [/49, 703] [/55, 452] [/43, 7631] [/49, 8335] [/49, 2812] [/49, 3458] 
best_l after optimization: -268477.78125
beta sum per layer: [0.9408277273178101, 104.02108764648438, 26.720319747924805, 5.269017219543457]
alpha/beta optimization time: 0.41640186309814453
pruning_in_iteration open status: False
ratio of positive domain = 0 / 256 = 0.0
pruning-in-iteration extra time: 4.3392181396484375e-05
torch.Size([256, 1])
Time: prepare 0.0062    bound 0.4178    transfer 0.0045    finalize 0.0773    func 0.5059    
Accumulated time: func 295.0029    prepare 4.9636    bound 259.1658    transfer 2.6242    finalize 31.2692    
max lb tensor(-922.) min lb tensor(-1168.)
Number of Verified Splits: 0 of 256
Current worst splitting domains lb-rhs (depth):
-1168.00000 (330), -1168.00000 (211), -1168.00000 (170), -1168.00000 (258), -1168.00000 (24), -1168.00000 (111), -1168.00000 (288), -1168.00000 (170), -1168.00000 (211), -1168.00000 (80), -1168.00000 (403), -1168.00000 (353), -1168.00000 (80), -1168.00000 (111), -1168.00000 (169), -1168.00000 (288), -1168.00000 (393), -1168.00000 (258), -1168.00000 (211), -1168.00000 (169), 
Length of domains: 52136
Current (lb-rhs): -1168.0
104188 domains visited
Time: pickout 0.0628    decision 0.1416    set_bounds 0.0093    solve 0.5064    add 0.0741    
Accumulated time: pickout 16.1320    decision 97.3108    set_bounds 4.0954    solve 295.2677    add 48.5175    
Cumulative time: 462.66920137405396

BaB round 409
batch: 128
splitting decisions: 
split level 0: [/49, 2123] [/49, 2108] [/49, 7659] [/49, 4645] [/49, 2075] [/49, 4801] [/49, 4450] [/49, 10389] [/49, 4333] [/49, 4294] 
Early stop at 11th iter due to 10 iterations no improvement!
best_l after optimization: -268478.125
beta sum per layer: [2.3835108280181885, 274.9632263183594, 23.26339340209961, 6.873169422149658]
alpha/beta optimization time: 0.23038291931152344
pruning_in_iteration open status: False
ratio of positive domain = 0 / 256 = 0.0
pruning-in-iteration extra time: 3.9577484130859375e-05
torch.Size([256, 1])
Time: prepare 0.0054    bound 0.2317    transfer 0.0044    finalize 0.0667    func 0.3082    
Accumulated time: func 295.3111    prepare 4.9703    bound 259.3976    transfer 2.6285    finalize 31.3358    
max lb tensor(-922.) min lb tensor(-1168.)
Number of Verified Splits: 0 of 256
Current worst splitting domains lb-rhs (depth):
-1168.00000 (95), -1168.00000 (77), -1168.00000 (306), -1168.00000 (153), -1168.00000 (370), -1168.00000 (332), -1168.00000 (246), -1168.00000 (282), -1168.00000 (32), -1168.00000 (11), -1168.00000 (167), -1168.00000 (202), -1168.00000 (202), -1168.00000 (307), -1168.00000 (369), -1168.00000 (121), -1168.00000 (77), -1168.00000 (398), -1168.00000 (182), -1168.00000 (138), 
Length of domains: 52264
Current (lb-rhs): -1168.0
104444 domains visited
Time: pickout 0.0429    decision 0.1333    set_bounds 0.0042    solve 0.3088    add 0.0785    
Accumulated time: pickout 16.1749    decision 97.4442    set_bounds 4.0997    solve 295.5765    add 48.5960    
Cumulative time: 463.2384614944458

BaB round 410
batch: 128
splitting decisions: 
split level 0: [/49, 8478] [/49, 10365] [/43, 10488] [/49, 3609] [/49, 10506] [/49, 7542] [/43, 7634] [/49, 1798] [/49, 8389] [/43, 28332] 
best_l after optimization: -268479.3125
beta sum per layer: [0.9420949220657349, 104.34255981445312, 27.379512786865234, 4.923627853393555]
alpha/beta optimization time: 0.38987112045288086
pruning_in_iteration open status: False
ratio of positive domain = 0 / 256 = 0.0
pruning-in-iteration extra time: 3.719329833984375e-05
torch.Size([256, 1])
Time: prepare 0.0055    bound 0.3913    transfer 0.0035    finalize 0.0801    func 0.4804    
Accumulated time: func 295.7916    prepare 4.9772    bound 259.7888    transfer 2.6320    finalize 31.4160    
max lb tensor(-922.) min lb tensor(-1168.)
Number of Verified Splits: 0 of 256
Current worst splitting domains lb-rhs (depth):
-1168.00000 (89), -1168.00000 (217), -1168.00000 (349), -1168.00000 (294), -1168.00000 (26), -1168.00000 (117), -1168.00000 (328), -1168.00000 (76), -1168.00000 (376), -1168.00000 (358), -1168.00000 (164), -1168.00000 (54), -1168.00000 (201), -1168.00000 (102), -1168.00000 (41), -1168.00000 (255), -1168.00000 (218), -1168.00000 (394), -1168.00000 (117), -1168.00000 (163), 
Length of domains: 52392
Current (lb-rhs): -1168.0
104700 domains visited
Time: pickout 0.0574    decision 0.1351    set_bounds 0.0043    solve 0.4809    add 0.0770    
Accumulated time: pickout 16.2322    decision 97.5792    set_bounds 4.1040    solve 296.0574    add 48.6730    
Cumulative time: 463.9957957267761

BaB round 411
batch: 128
splitting decisions: 
split level 0: [/49, 7505] [/49, 6140] [/49, 10391] [/49, 80] [/49, 8991] [/49, 8870] [/49, 95] [/49, 3620] [/49, 3633] [/49, 8859] 
Early stop at 11th iter due to 10 iterations no improvement!
best_l after optimization: -268480.09375
beta sum per layer: [2.5774331092834473, 280.1552734375, 23.387126922607422, 7.205158233642578]
alpha/beta optimization time: 0.23045921325683594
pruning_in_iteration open status: False
ratio of positive domain = 0 / 256 = 0.0
pruning-in-iteration extra time: 3.647804260253906e-05
torch.Size([256, 1])
Time: prepare 0.0054    bound 0.2318    transfer 0.0046    finalize 0.0636    func 0.3054    
Accumulated time: func 296.0970    prepare 4.9839    bound 260.0206    transfer 2.6366    finalize 31.4795    
max lb tensor(-922.) min lb tensor(-1168.)
Number of Verified Splits: 0 of 256
Current worst splitting domains lb-rhs (depth):
-1168.00000 (110), -1168.00000 (263), -1168.00000 (59), -1168.00000 (148), -1168.00000 (368), -1168.00000 (13), -1168.00000 (334), -1168.00000 (110), -1168.00000 (192), -1168.00000 (263), -1168.00000 (381), -1168.00000 (334), -1168.00000 (59), -1168.00000 (397), -1168.00000 (397), -1168.00000 (264), -1168.00000 (162), -1168.00000 (210), -1168.00000 (25), -1168.00000 (192), 
Length of domains: 52520
Current (lb-rhs): -1168.0
104956 domains visited
Time: pickout 0.0452    decision 0.1333    set_bounds 0.0041    solve 0.3103    add 0.0717    
Accumulated time: pickout 16.2775    decision 97.7125    set_bounds 4.1081    solve 296.3677    add 48.7447    
Cumulative time: 464.56412148475647

BaB round 412
batch: 128
splitting decisions: 
split level 0: [/55, 1572] [/49, 7338] [/49, 6090] [/49, 8672] [/49, 8506] [/55, 235] [/43, 24701] [/55, 1083] [/49, 8313] [/49, 2106] 
best_l after optimization: -268488.59375
beta sum per layer: [1.0709937810897827, 107.92324829101562, 27.54684829711914, 5.078471660614014]
alpha/beta optimization time: 0.3865489959716797
pruning_in_iteration open status: False
ratio of positive domain = 0 / 256 = 0.0
pruning-in-iteration extra time: 3.790855407714844e-05
torch.Size([256, 1])
Time: prepare 0.0056    bound 0.3880    transfer 0.0042    finalize 0.0811    func 0.4790    
Accumulated time: func 296.5760    prepare 4.9908    bound 260.4086    transfer 2.6408    finalize 31.5607    
max lb tensor(-922.) min lb tensor(-1168.)
Number of Verified Splits: 0 of 256
Current worst splitting domains lb-rhs (depth):
-1168.00000 (95), -1168.00000 (380), -1168.00000 (136), -1168.00000 (95), -1168.00000 (214), -1168.00000 (389), -1168.00000 (49), -1168.00000 (282), -1168.00000 (260), -1168.00000 (346), -1168.00000 (36), -1168.00000 (184), -1168.00000 (317), -1168.00000 (136), -1168.00000 (215), -1168.00000 (316), -1168.00000 (407), -1168.00000 (95), -1168.00000 (346), -1168.00000 (10), 
Length of domains: 52648
Current (lb-rhs): -1168.0
105212 domains visited
Time: pickout 0.0522    decision 0.1340    set_bounds 0.0043    solve 0.4795    add 0.0778    
Accumulated time: pickout 16.3297    decision 97.8466    set_bounds 4.1125    solve 296.8472    add 48.8225    
Cumulative time: 465.3145685195923

BaB round 413
batch: 128
splitting decisions: 
split level 0: [/49, 8364] [/49, 3629] [/49, 9349] [/49, 7659] [/49, 5495] [/49, 4110] [/49, 4281] [/49, 8365] [/49, 7353] [/49, 9039] 
Early stop at 11th iter due to 10 iterations no improvement!
best_l after optimization: -268491.28125
beta sum per layer: [2.799656867980957, 287.0973205566406, 22.819843292236328, 6.811126708984375]
alpha/beta optimization time: 0.2371077537536621
pruning_in_iteration open status: False
ratio of positive domain = 0 / 256 = 0.0
pruning-in-iteration extra time: 3.528594970703125e-05
torch.Size([256, 1])
Time: prepare 0.0054    bound 0.2384    transfer 0.0043    finalize 0.0734    func 0.3216    
Accumulated time: func 296.8976    prepare 4.9975    bound 260.6470    transfer 2.6451    finalize 31.6341    
max lb tensor(-922.) min lb tensor(-1168.)
Number of Verified Splits: 0 of 256
Current worst splitting domains lb-rhs (depth):
-1168.00000 (272), -1168.00000 (196), -1168.00000 (364), -1168.00000 (232), -1168.00000 (134), -1168.00000 (38), -1168.00000 (211), -1168.00000 (64), -1168.00000 (149), -1168.00000 (319), -1168.00000 (187), -1168.00000 (15), -1168.00000 (283), -1168.00000 (105), -1168.00000 (364), -1168.00000 (308), -1168.00000 (232), -1168.00000 (329), -1168.00000 (9), -1168.00000 (160), 
Length of domains: 52776
Current (lb-rhs): -1168.0
105468 domains visited
Time: pickout 0.0411    decision 0.1317    set_bounds 0.0042    solve 0.3221    add 0.0790    
Accumulated time: pickout 16.3708    decision 97.9783    set_bounds 4.1167    solve 297.1693    add 48.9015    
Cumulative time: 465.89665699005127

BaB round 414
batch: 128
splitting decisions: 
split level 0: [/49, 3432] [/49, 4281] [/55, 1363] [/49, 1581] [/49, 702] [/55, 1462] [/49, 8309] [/43, 24706] [/49, 7401] [/49, 4669] 
best_l after optimization: -268495.875
beta sum per layer: [1.2549610137939453, 109.27238464355469, 27.7277889251709, 5.175076007843018]
alpha/beta optimization time: 0.41823434829711914
pruning_in_iteration open status: False
ratio of positive domain = 0 / 256 = 0.0
pruning-in-iteration extra time: 3.743171691894531e-05
torch.Size([256, 1])
Time: prepare 0.0055    bound 0.4196    transfer 0.0042    finalize 0.0792    func 0.5086    
Accumulated time: func 297.4062    prepare 5.0063    bound 261.0667    transfer 2.6493    finalize 31.7132    
max lb tensor(-922.) min lb tensor(-1168.)
Number of Verified Splits: 0 of 256
Current worst splitting domains lb-rhs (depth):
-1168.00000 (72), -1168.00000 (25), -1168.00000 (337), -1168.00000 (110), -1168.00000 (399), -1168.00000 (273), -1168.00000 (199), -1168.00000 (198), -1168.00000 (25), -1168.00000 (199), -1168.00000 (273), -1168.00000 (111), -1168.00000 (337), -1168.00000 (198), -1168.00000 (398), -1168.00000 (274), -1168.00000 (111), -1168.00000 (26), -1168.00000 (273), -1168.00000 (364), 
Length of domains: 52904
Current (lb-rhs): -1168.0
105724 domains visited
Time: pickout 0.0541    decision 0.1695    set_bounds 0.0044    solve 0.5091    add 0.0755    
Accumulated time: pickout 16.4249    decision 98.1477    set_bounds 4.1210    solve 297.6784    add 48.9770    
Cumulative time: 466.71162700653076

BaB round 415
batch: 128
splitting decisions: 
split level 0: [/49, 4643] [/49, 10679] [/49, 3436] [/49, 6136] [/49, 7988] [/49, 2095] [/49, 7337] [/49, 7999] [/49, 7180] [/49, 421] 
Early stop at 11th iter due to 10 iterations no improvement!
best_l after optimization: -268497.625
beta sum per layer: [2.529022216796875, 293.3800964355469, 23.864315032958984, 7.589448928833008]
alpha/beta optimization time: 0.38376760482788086
pruning_in_iteration open status: False
ratio of positive domain = 0 / 256 = 0.0
pruning-in-iteration extra time: 0.002274036407470703
torch.Size([256, 1])
Time: prepare 0.0057    bound 0.3874    transfer 0.0063    finalize 0.0675    func 0.4670    
Accumulated time: func 297.8732    prepare 5.0135    bound 261.4541    transfer 2.6557    finalize 31.7807    
max lb tensor(-922.) min lb tensor(-1168.)
Number of Verified Splits: 0 of 256
Current worst splitting domains lb-rhs (depth):
-1168.00000 (357), -1168.00000 (14), -1168.00000 (162), -1168.00000 (102), -1168.00000 (67), -1168.00000 (220), -1168.00000 (244), -1168.00000 (30), -1168.00000 (278), -1168.00000 (45), -1168.00000 (326), -1168.00000 (195), -1168.00000 (400), -1168.00000 (102), -1168.00000 (377), -1168.00000 (67), -1168.00000 (162), -1168.00000 (278), -1168.00000 (127), -1168.00000 (244), 
Length of domains: 53032
Current (lb-rhs): -1168.0
105980 domains visited
Time: pickout 0.0423    decision 0.1836    set_bounds 0.0094    solve 0.4675    add 0.0775    
Accumulated time: pickout 16.4672    decision 98.3314    set_bounds 4.1304    solve 298.1459    add 49.0545    
Cumulative time: 467.4956212043762

BaB round 416
batch: 128
splitting decisions: 
split level 0: [/55, 936] [/49, 1578] [/49, 4474] [/55, 921] [/55, 1353] [/55, 559] [/49, 756] [/49, 3590] [/49, 1555] [/55, 909] 
best_l after optimization: -268499.3125
beta sum per layer: [1.207622766494751, 111.78837585449219, 28.401655197143555, 4.928110122680664]
alpha/beta optimization time: 0.9154374599456787
pruning_in_iteration open status: False
ratio of positive domain = 0 / 256 = 0.0
pruning-in-iteration extra time: 0.0003063678741455078
torch.Size([256, 1])
Time: prepare 0.0235    bound 0.9172    transfer 0.0043    finalize 0.0816    func 1.0267    
Accumulated time: func 298.9000    prepare 5.0468    bound 262.3713    transfer 2.6600    finalize 31.8624    
max lb tensor(-922.) min lb tensor(-1168.)
Number of Verified Splits: 0 of 256
Current worst splitting domains lb-rhs (depth):
-1168.00000 (175), -1168.00000 (167), -1168.00000 (292), -1168.00000 (229), -1168.00000 (52), -1168.00000 (20), -1168.00000 (338), -1168.00000 (215), -1168.00000 (374), -1168.00000 (112), -1168.00000 (156), -1168.00000 (236), -1168.00000 (405), -1168.00000 (329), -1168.00000 (263), -1168.00000 (411), -1168.00000 (145), -1168.00000 (314), -1168.00000 (62), -1168.00000 (125), 
Length of domains: 53160
Current (lb-rhs): -1168.0
106236 domains visited
Time: pickout 0.0591    decision 0.3872    set_bounds 0.0150    solve 1.0272    add 0.0788    
Accumulated time: pickout 16.5262    decision 98.7185    set_bounds 4.1454    solve 299.1731    add 49.1334    
Cumulative time: 469.06554532051086

BaB round 417
batch: 128
splitting decisions: 
split level 0: [/49, 4620] [/49, 4671] [/55, 1354] [/49, 8010] [/49, 3637] [/49, 7997] [/49, 2229] [/49, 4803] [/49, 97] [/49, 4788] 
Early stop at 11th iter due to 10 iterations no improvement!
best_l after optimization: -268502.3125
beta sum per layer: [3.041940689086914, 305.1346130371094, 23.973979949951172, 7.197275161743164]
alpha/beta optimization time: 0.23110270500183105
pruning_in_iteration open status: False
ratio of positive domain = 0 / 256 = 0.0
pruning-in-iteration extra time: 3.361701965332031e-05
torch.Size([256, 1])
Time: prepare 0.0055    bound 0.2325    transfer 0.0038    finalize 0.0655    func 0.3073    
Accumulated time: func 299.2073    prepare 5.0642    bound 262.6037    transfer 2.6639    finalize 31.9279    
max lb tensor(-922.) min lb tensor(-1168.)
Number of Verified Splits: 0 of 256
Current worst splitting domains lb-rhs (depth):
-1168.00000 (374), -1168.00000 (192), -1168.00000 (405), -1168.00000 (312), -1168.00000 (227), -1168.00000 (12), -1168.00000 (141), -1168.00000 (374), -1168.00000 (103), -1168.00000 (34), -1168.00000 (227), -1168.00000 (278), -1168.00000 (166), -1168.00000 (329), -1168.00000 (140), -1168.00000 (329), -1168.00000 (192), -1168.00000 (227), -1168.00000 (67), -1168.00000 (405), 
Length of domains: 53288
Current (lb-rhs): -1168.0
106492 domains visited
Time: pickout 0.0469    decision 0.2888    set_bounds 0.0087    solve 0.3078    add 0.0773    
Accumulated time: pickout 16.5731    decision 99.0073    set_bounds 4.1541    solve 299.4809    add 49.2106    
Cumulative time: 469.7988796234131

BaB round 418
batch: 128
splitting decisions: 
split level 0: [/49, 3577] [/49, 6310] [/49, 2132] [/49, 2766] [/49, 2905] [/49, 3583] [/49, 9542] [/55, 116] [/49, 5610] [/49, 7345] 
best_l after optimization: -268503.84375
beta sum per layer: [1.2438894510269165, 113.2130355834961, 28.30596923828125, 5.104065418243408]
alpha/beta optimization time: 0.38911867141723633
pruning_in_iteration open status: False
ratio of positive domain = 0 / 256 = 0.0
pruning-in-iteration extra time: 0.0001308917999267578
torch.Size([256, 1])
Time: prepare 0.0055    bound 0.3906    transfer 0.0043    finalize 0.0820    func 0.4825    
Accumulated time: func 299.6898    prepare 5.0710    bound 262.9943    transfer 2.6681    finalize 32.0099    
max lb tensor(-922.) min lb tensor(-1168.)
Number of Verified Splits: 0 of 256
Current worst splitting domains lb-rhs (depth):
-1168.00000 (119), -1168.00000 (120), -1168.00000 (334), -1168.00000 (27), -1168.00000 (202), -1168.00000 (16), -1168.00000 (221), -1168.00000 (120), -1168.00000 (300), -1168.00000 (334), -1168.00000 (42), -1168.00000 (167), -1168.00000 (390), -1168.00000 (261), -1168.00000 (335), -1168.00000 (119), -1168.00000 (275), -1168.00000 (221), -1168.00000 (168), -1168.00000 (119), 
Length of domains: 53416
Current (lb-rhs): -1168.0
106748 domains visited
Time: pickout 0.0550    decision 0.1330    set_bounds 0.0043    solve 0.4830    add 0.0762    
Accumulated time: pickout 16.6282    decision 99.1404    set_bounds 4.1584    solve 299.9639    add 49.2869    
Cumulative time: 470.5530972480774

BaB round 419
batch: 128
splitting decisions: 
split level 0: [/55, 1295] [/49, 5633] [/49, 1152] [/49, 10362] [/49, 709] [/49, 4123] [/49, 7468] [/49, 9544] [/55, 451] [/49, 914] 
Early stop at 11th iter due to 10 iterations no improvement!
best_l after optimization: -268506.59375
beta sum per layer: [3.218427896499634, 316.3014831542969, 24.548097610473633, 7.530636310577393]
alpha/beta optimization time: 0.31441569328308105
pruning_in_iteration open status: False
ratio of positive domain = 0 / 256 = 0.0
pruning-in-iteration extra time: 0.0002872943878173828
torch.Size([256, 1])
Time: prepare 0.0055    bound 0.3160    transfer 0.0038    finalize 0.0646    func 0.3899    
Accumulated time: func 300.0797    prepare 5.0784    bound 263.3103    transfer 2.6719    finalize 32.0746    
max lb tensor(-922.) min lb tensor(-1168.)
Number of Verified Splits: 0 of 256
Current worst splitting domains lb-rhs (depth):
-1168.00000 (108), -1168.00000 (205), -1168.00000 (158), -1168.00000 (273), -1168.00000 (109), -1168.00000 (273), -1168.00000 (36), -1168.00000 (373), -1168.00000 (108), -1168.00000 (274), -1168.00000 (205), -1168.00000 (407), -1168.00000 (158), -1168.00000 (374), -1168.00000 (12), -1168.00000 (274), -1168.00000 (373), -1168.00000 (36), -1168.00000 (274), -1168.00000 (205), 
Length of domains: 53544
Current (lb-rhs): -1168.0
107004 domains visited
Time: pickout 0.0433    decision 0.1602    set_bounds 0.0042    solve 0.3904    add 0.0753    
Accumulated time: pickout 16.6714    decision 99.3006    set_bounds 4.1626    solve 300.3543    add 49.3622    
Cumulative time: 471.2303009033203

BaB round 420
batch: 128
splitting decisions: 
split level 0: [/49, 2420] [/49, 1917] [/49, 41] [/49, 7401] [/49, 6963] [/49, 3635] [/49, 8816] [/49, 6140] [/49, 1382] [/49, 8387] 
best_l after optimization: -268512.5
beta sum per layer: [1.191493034362793, 117.43901062011719, 29.031465530395508, 4.811139106750488]
alpha/beta optimization time: 0.5395524501800537
pruning_in_iteration open status: False
ratio of positive domain = 0 / 256 = 0.0
pruning-in-iteration extra time: 3.790855407714844e-05
torch.Size([256, 1])
Time: prepare 0.0057    bound 0.5410    transfer 0.0038    finalize 0.0849    func 0.6354    
Accumulated time: func 300.7151    prepare 5.0866    bound 263.8512    transfer 2.6757    finalize 32.1594    
max lb tensor(-922.) min lb tensor(-1168.)
Number of Verified Splits: 0 of 256
Current worst splitting domains lb-rhs (depth):
-1168.00000 (363), -1168.00000 (405), -1168.00000 (296), -1168.00000 (25), -1168.00000 (217), -1168.00000 (175), -1168.00000 (114), -1168.00000 (340), -1168.00000 (44), -1168.00000 (391), -1168.00000 (82), -1168.00000 (266), -1168.00000 (175), -1168.00000 (54), -1168.00000 (217), -1168.00000 (297), -1168.00000 (174), -1168.00000 (11), -1168.00000 (115), -1168.00000 (174), 
Length of domains: 53672
Current (lb-rhs): -1168.0
107260 domains visited
Time: pickout 0.0568    decision 0.1855    set_bounds 0.0054    solve 0.6359    add 0.0756    
Accumulated time: pickout 16.7283    decision 99.4860    set_bounds 4.1680    solve 300.9902    add 49.4378    
Cumulative time: 472.19191431999207

BaB round 421
batch: 128
splitting decisions: 
split level 0: [/49, 4305] [/49, 4621] [/49, 3629] [/49, 8363] [/49, 8483] [/49, 67] [/49, 10704] [/49, 95] [/49, 3971] [/49, 9027] 
Early stop at 11th iter due to 10 iterations no improvement!
best_l after optimization: -268515.125
beta sum per layer: [3.7196192741394043, 327.9993896484375, 24.734066009521484, 7.342972755432129]
alpha/beta optimization time: 0.3201274871826172
pruning_in_iteration open status: False
ratio of positive domain = 0 / 256 = 0.0
pruning-in-iteration extra time: 0.00014066696166992188
torch.Size([256, 1])
Time: prepare 0.0066    bound 0.3217    transfer 0.0037    finalize 0.0661    func 0.3982    
Accumulated time: func 301.1132    prepare 5.0960    bound 264.1729    transfer 2.6794    finalize 32.2256    
max lb tensor(-922.) min lb tensor(-1168.)
Number of Verified Splits: 0 of 256
Current worst splitting domains lb-rhs (depth):
-1168.00000 (36), -1168.00000 (274), -1168.00000 (109), -1168.00000 (206), -1168.00000 (36), -1168.00000 (274), -1168.00000 (375), -1168.00000 (109), -1168.00000 (275), -1168.00000 (206), -1168.00000 (275), -1168.00000 (109), -1168.00000 (375), -1168.00000 (409), -1168.00000 (159), -1168.00000 (275), -1168.00000 (108), -1168.00000 (409), -1168.00000 (276), -1168.00000 (206), 
Length of domains: 53800
Current (lb-rhs): -1168.0
107516 domains visited
Time: pickout 0.0440    decision 0.1835    set_bounds 0.0052    solve 0.3986    add 0.0783    
Accumulated time: pickout 16.7722    decision 99.6696    set_bounds 4.1732    solve 301.3888    add 49.5161    
Cumulative time: 472.90523648262024

BaB round 422
batch: 128
splitting decisions: 
split level 0: [/43, 9433] [/49, 3606] [/55, 46] [/49, 9498] [/49, 9999] [/49, 9232] [/49, 7302] [/55, 967] [/55, 518] [/49, 2062] 
best_l after optimization: -268522.21875
beta sum per layer: [1.4084676504135132, 119.88287353515625, 29.617555618286133, 4.969022750854492]
alpha/beta optimization time: 0.3943600654602051
pruning_in_iteration open status: False
ratio of positive domain = 0 / 256 = 0.0
pruning-in-iteration extra time: 9.083747863769531e-05
torch.Size([256, 1])
Time: prepare 0.0057    bound 0.3958    transfer 0.0040    finalize 0.0884    func 0.4939    
Accumulated time: func 301.6071    prepare 5.1030    bound 264.5687    transfer 2.6834    finalize 32.3139    
max lb tensor(-922.) min lb tensor(-1168.)
Number of Verified Splits: 0 of 256
Current worst splitting domains lb-rhs (depth):
-1168.00000 (362), -1168.00000 (139), -1168.00000 (267), -1168.00000 (294), -1168.00000 (209), -1168.00000 (404), -1168.00000 (181), -1168.00000 (374), -1168.00000 (229), -1168.00000 (139), -1168.00000 (324), -1168.00000 (86), -1168.00000 (50), -1168.00000 (29), -1168.00000 (70), -1168.00000 (139), -1168.00000 (29), -1168.00000 (182), -1168.00000 (325), -1168.00000 (293), 
Length of domains: 53928
Current (lb-rhs): -1168.0
107772 domains visited
Time: pickout 0.0546    decision 0.1341    set_bounds 0.0044    solve 0.4944    add 0.0777    
Accumulated time: pickout 16.8268    decision 99.8037    set_bounds 4.1776    solve 301.8832    add 49.5937    
Time out!!!!!!!!
Result: timeout
Time: 480.42558336257935

------------------------- COMMAND ------------------------------
/data1/Kane/miniconda3/envs/abcrown25/bin/python /data1/Kane/alpha-beta-CROWN_vnncomp2025/complete_verifier/abcrown.py --config /data1/Kane/alpha-beta-CROWN_vnncomp2025/complete_verifier/exp_configs/vnncomp23/gtrsb.yaml --precompile_jit --onnx_path /data1/Kane/data/vnncomp2025_benchmarks/benchmarks/traffic_signs_recognition_2023/onnx/3_64_64_QConv_32_5_MP_2_BN_QConv_64_5_MP_2_BN_QConv_64_3_MP_2_BN_Dense_1024_BN_Dense_43_ep_30.onnx --vnnlib_path /data1/Kane/data/vnncomp2025_benchmarks/benchmarks/traffic_signs_recognition_2023/vnnlib/model_64_idx_9022_eps_5.00000.vnnlib --results_file /data1/Kane/ACT/audit_results/abcrown_nopgd_20260525/traffic_signs_recognition_2023/0043__3_64_64_QConv_32_5_MP_2_BN_QConv_64_5_MP_2_BN_QConv_64_3_MP_2_BN_Dense_1024_BN_Dense_43_ep_30__model_64_idx_9022_eps_5.00000.result --timeout 480.0 --save_adv_example --pgd_order=skip
----------------------------------------------------------------

