[0;93m2026-05-26 15:36:23.185906788 [W:onnxruntime:Default, device_discovery.cc:283 GetGpuDevices] Failed to detect devices under "/sys/class/drm/card0": device_discovery.cc:93 ReadFileContents Failed to open file: "/sys/class/drm/card0/device/vendor"[m
INFO     15:36:24     [tensor_storage.py:70] Hugepage enabled for branch-and-bound domains.
Configurations:

general:
  device: cuda
  seed: 100
  conv_mode: patches
  deterministic: false
  double_fp: false
  loss_reduction_func: min
  sparse_alpha: true
  sparse_interm: true
  save_adv_example: true
  verify_onnxruntime_output: true
  eval_adv_example: false
  onnx_adv_example: false
  show_adv_example: false
  precompile_jit: true
  reset_seed_after_precompile: false
  prepare_only: false
  complete_verifier: bab
  enable_incomplete_verification: true
  csv_name: instances.csv
  results_file: /data1/Kane/ACT/audit_results/abcrown_nopgd_20260525/traffic_signs_recognition_2023/0045__3_64_64_QConv_32_5_MP_2_BN_QConv_64_5_MP_2_BN_QConv_64_3_MP_2_BN_Dense_1024_BN_Dense_43_ep_30__model_64_idx_9022_eps_15.00000.result
  root_path: ../../vnncomp2023_benchmarks/benchmarks/traffic_signs_recognition
  deterministic_opt: false
  graph_optimizer: 'Customized("custom_graph_optimizer", "merge_sign")'
  buffer_has_batchdim: false
  save_output: false
  output_file: out.pkl
  return_optimized_model: false
  store_all_specs_on_cpu: false
  adhoc_tuning: null
model:
  name: null
  path: null
  onnx_path: /data1/Kane/data/vnncomp2025_benchmarks/benchmarks/traffic_signs_recognition_2023/onnx/3_64_64_QConv_32_5_MP_2_BN_QConv_64_5_MP_2_BN_QConv_64_3_MP_2_BN_Dense_1024_BN_Dense_43_ep_30.onnx
  onnx_path_prefix: ''
  cache_onnx_conversion: false
  debug_onnx: false
  onnx_quirks: null
  input_shape: null
  onnx_loader: 'Customized("custom_model_loader", "customized_Gtrsb_loader")'
  onnx_optimization_flags: fix_gtrsb
  onnx_vnnlib_joint_optimization_flags: [peel_off_last_softmax_layer]
  check_optimized: true
  flatten_final_output: false
  optimize_graph: null
  with_jacobian: false
data:
  start: 0
  end: 10000
  select_instance: null
  num_outputs: 10
  mean: 0.0
  std: 1.0
  pkl_path: null
  dataset: null
  data_filter_path: null
  data_idx_file: null
specification:
  type: lp
  robustness_type: verified-acc
  norm: .inf
  epsilon: null
  epsilon_min: 0.0
  vnnlib_path: /data1/Kane/data/vnncomp2025_benchmarks/benchmarks/traffic_signs_recognition_2023/vnnlib/model_64_idx_9022_eps_15.00000.vnnlib
  vnnlib_path_prefix: ''
  shrink_eps: null
  rhs_offset: null
solver:
  batch_size: 128
  auto_enlarge_batch_size: false
  batched_crown_auto_enlarge_max_vram_ratio: 0.9
  min_batch_size_ratio: 0.1
  use_float64_in_last_iteration: false
  early_stop_patience: 10
  start_save_best: 0.5
  bound_prop_method: alpha-crown
  init_bound_prop_method: same
  prune_after_crown: true
  optimize_disjuncts_separately: false
  build_batch_size: 1000000
  skip_with_refined_bound: true
  forward_before_compute_bounds: false
  crown:
    batch_size: 1000000000
    max_crown_size: 1000000000
    activation_bound_option: adaptive
    compare_crown_with_ibp: false
  alpha-crown:
    alpha: true
    lr_alpha: 0.1
    iteration: 100
    share_alphas: false
    lr_decay: 0.98
    full_conv_alpha: true
    max_coeff_mul: .inf
    matmul_share_alphas: false
    disable_optimization: [MaxPool]
    max_time: 1.0
    alpha_dtype: float16
  invprop:
    apply_output_constraints_to: []
    tighten_input_bounds: false
    best_of_oc_and_no_oc: false
    directly_optimize: []
    oc_lr: 0.1
    share_gammas: false
  beta-crown:
    lr_alpha: 0.01
    lr_beta: 0.03
    lr_decay: 0.98
    optimizer: adam
    iteration: 20
    beta: true
    beta_warmup: true
    enable_opt_interm_bounds: false
    all_node_split_LP: false
  forward:
    refine: false
    max_dim: 10000
    reset_threshold: 1.0
  intermediate_refinement:
    enabled: false
    batch_size: 10
    opt_coeffs: false
    opt_bias: false
    lr: 0.05
    layers: [-1]
    max_domains: 1000
  mip:
    unstable_neuron_threshold: 0
    parallel_solvers: null
    solver_threads: 1
    refine_neuron_timeout: 15
    refine_neuron_time_percentage: 0.8
    early_stop: true
    adv_warmup: true
    mip_solver: gurobi
    skip_unsafe: false
    topk_filter: 1.0
    sliding_window: -1
    extra_constraint: false
    refine_neuron_timeout_increasement: 0
    timeout_neuron_percentage: 0.3
    remaining_timeout_threshold: 1
    remove_unstable_neurons: false
    lp_solver: false
bab:
  max_domains: .inf
  decision_thresh: 0
  timeout: 480.0
  timeout_scale: 1
  max_iterations: -1
  override_timeout: null
  get_upper_bound: false
  pruning_in_iteration: true
  pruning_in_iteration_ratio: 0.2
  sort_targets: false
  batched_domain_list: true
  optimized_interm: ''
  interm_transfer: true
  recompute_interm: false
  sort_domain_interval: -1
  vanilla_crown: false
  tree_traversal: depth_first
  hugetensor_allocator: true
  cut:
    enabled: false
    cuts_path: null
    implication: false
    bab_cut: false
    lp_cut: false
    method: null
    lr: 0.01
    lr_decay: 1.0
    iteration: 100
    bab_iteration: -1
    early_stop_patience: -1
    lr_beta: 0.02
    number_cuts: 50
    topk_cuts_in_filter: 1000
    batch_size_primal: 100
    max_num: 1000000000
    patches_cut: false
    cplex_cuts: false
    cplex_cuts_wait: 0
    cplex_cuts_revpickup: true
    cut_reference_bounds: true
    fix_intermediate_bounds: false
    _tmp_cuts: null
    fixed_cuts: false
    add_implied_cuts: false
    add_input_cuts: false
    biccos:
      enabled: false
      constraint_strengthening: true
      recursively_strengthening: false
      drop_ratio: 0.5
      verified_bonus: 0.3
      max_infer_iter: 20
      max_domain: 10000.0
      heuristic: neuron_influence_score
      save_biccos_cuts: false
      multi_tree_branching:
        enabled: false
        restore_best_tree: false
        keep_n_best_domains: 1
        k_splits: 1
        iterations: 1
  clip_n_verify:
    rearrange_constraints: false
    alpha_crown: false
    prune: false
    final_layer: false
    clip_input_domain:
      enabled: false
      clip_type: relaxed
      heuristic_K: 0.0
      clip_iterations: 1
      clip_calculate_volume_metrics: false
    clip_interm_domain:
      enabled: false
      with_input: false
      clip_in_alpha_crown: false
      topk_objective: 0
  branching:
    method: kfsb
    candidates: 5
    reduceop: max
    enable_intermediate_bound_opt: false
    branching_input_and_activation: false
    branching_input_and_activation_order: [input, relu]
    branching_input_iterations: 30
    branching_relu_iterations: 50
    nonlinear_split:
      method: bbps
      disable: true
      branching_point_method: uniform
      num_branches: 2
      filter: false
      filter_beta: false
      filter_clamp: false
      filter_batch_size: 10000
      filter_iterations: 25
      relu_only: false
      loose_tanh_threshold: null
      branching_point:
        db_path: branching_points.pt
        num_iterations: 1000
        batch_size: 1000000
        range_l: -5.0
        range_u: 5.0
        log_interval: 100
        step_size_1d: 0.01
        step_size: 0.2
    input_split:
      split_hint: null
      enable: false
      reorder_bab: false
      input_dim_threshold: 20
      adv_check: 0
      split_partitions: 2
      sb_margin_weight: 1.0
      sb_sum: false
      sb_primary_spec: null
      bf_backup_thresh: -1
      bf_rhs_offset: 0
      bf_iters: 1000000000.0
      bf_batch_size: 100000
      bf_zero_crossing_score: false
      touch_zero_score: 0
      ibp_enhancement: false
      compare_with_old_bounds: true
      update_rhs_with_attack: false
      sb_coeff_thresh: 0.001
      sort_index: null
      sort_descending: true
      show_progress: false
      presplit_domains: null
      skip_getting_worst_domain: false
  attack:
    enabled: false
    beam_candidates: 8
    beam_depth: 7
    max_dive_fix_ratio: 0.8
    min_local_free_ratio: 0.2
    mip_start_iteration: 5
    mip_timeout: 30.0
    adv_pool_threshold: null
    refined_mip_attacker: false
    refined_batch_size: null
attack:
  general_attack: true
  pgd_order: skip
  pgd_steps: 100
  pgd_restarts: 50
  pgd_batch_size: 100000000
  pgd_early_stop: true
  pgd_lr_decay: 0.99
  pgd_alpha: auto
  pgd_alpha_scale: false
  pgd_loss_mode: null
  pgd_restart_when_stuck: false
  enable_mip_attack: false
  adv_saver: 'Customized("custom_adv_saver", "customized_gtrsb_saver")'
  adv_verifier: 'Customized("custom_adv_verifier", "customized_gtrsb_adv_verifier")'
  early_stop_condition: 'Customized("custom_early_stop_condition", "customized_gtrsb_condition")'
  adv_example_finalizer: 'Customized("custom_adv_example_finalizer", "customized_gtrsb_adv_example_finalizer")'
  pgd_loss: 'Customized("custom_pgd_loss", "customized_gtrsb_loss")'
  cex_path: ./test_cex.txt
  attack_mode: PGD
  attack_tolerance: 0.0
  attack_func: 'Customized("custom_attacker", "use_LiRPANet")'
  gama_lambda: 10.0
  gama_decay: 0.9
  input_split:
    pgd_steps: 100
    pgd_restarts: 30
    pgd_alpha: auto
  input_split_check_adv:
    enabled: auto
    pgd_steps: 5
    pgd_restarts: 5
    pgd_alpha: auto
    max_num_domains: 10
debug:
  view_model: false
  lp_test: null
  rescale_vnnlib_ptb: null
  test_optimized_bounds: false
  test_optimized_bounds_after_n_iterations: 0
  print_verbose_decisions: false
  sanity_check: null
  save_minimal_config: null
  save_minimal_config_omit_keys: []
/data1/Kane/miniconda3/envs/abcrown25/lib/python3.11/site-packages/onnx2pytorch/convert/model.py:151: UserWarning: Using experimental implementation that allows 'batch_size > 1'.Batchnorm layers could potentially produce false outputs.
  warnings.warn(
/data1/Kane/alpha-beta-CROWN_vnncomp2025/complete_verifier/read_vnnlib.py:184: DeprecationWarning: numpy.core.numeric is deprecated and has been renamed to numpy._core.numeric. The numpy._core namespace contains private NumPy internals and its use is discouraged, as NumPy internals can change without warning in any release. In practice, most real-world usage of numpy.core is to access functionality in the public NumPy API. If that is the case, use the public NumPy API. If not, you are using NumPy internals. If you would still like to access an internal attribute, use numpy._core.numeric._frombuffer.
  final_rv, old_file_sha256 = pickle.load(extf)
/data1/Kane/miniconda3/envs/abcrown25/lib/python3.11/site-packages/onnx2pytorch/utils.py:21: TracerWarning: Converting a tensor to a Python boolean might cause the trace to be incorrect. We can't record the data flow of Python values, so this value will be treated as a constant in the future. This means that the trace might not generalize to other inputs!
  return value.ndim == 0 or value.shape == torch.Size([1])
/data1/Kane/miniconda3/envs/abcrown25/lib/python3.11/site-packages/onnx2pytorch/operations/add.py:34: TracerWarning: Converting a tensor to a Python boolean might cause the trace to be incorrect. We can't record the data flow of Python values, so this value will be treated as a constant in the future. This means that the trace might not generalize to other inputs!
  elif all(x == 1 for x in input[0].shape):
/data1/Kane/miniconda3/envs/abcrown25/lib/python3.11/site-packages/onnx2pytorch/operations/reshape.py:36: TracerWarning: Converting a tensor to a Python boolean might cause the trace to be incorrect. We can't record the data flow of Python values, so this value will be treated as a constant in the future. This means that the trace might not generalize to other inputs!
  if shape[0] == 1 and len(shape) in [2, 3, 4, 5] and self.quirks.get("fix_batch_size") is True:
/data1/Kane/miniconda3/envs/abcrown25/lib/python3.11/site-packages/onnx2pytorch/operations/reshape.py:54: TracerWarning: torch.tensor results are registered as constants in the trace. You can safely ignore this warning if you use this function to create tensors out of constant variables that would be the same every time you call this function. In any other case, this might cause the trace to be incorrect.
  if (torch.prod(torch.tensor(input.shape)) != torch.prod(shape) and len(input.size()) == len(shape) + 1
/data1/Kane/miniconda3/envs/abcrown25/lib/python3.11/site-packages/onnx2pytorch/operations/reshape.py:54: TracerWarning: Using len to get tensor shape might cause the trace to be incorrect. Recommended usage would be tensor.shape[0]. Passing a tensor of different shape might lead to errors or silently give incorrect results.
  if (torch.prod(torch.tensor(input.shape)) != torch.prod(shape) and len(input.size()) == len(shape) + 1
/data1/Kane/miniconda3/envs/abcrown25/lib/python3.11/site-packages/onnx2pytorch/operations/reshape.py:58: TracerWarning: Iterating over a tensor might cause the trace to be incorrect. Passing a tensor of different shape won't change the number of iterations executed (and might lead to errors or silently give incorrect results).
  shape = [x if x != 0 else input.size(i) for i, x in enumerate(shape)]
/data1/Kane/alpha-beta-CROWN_vnncomp2025/complete_verifier/auto_LiRPA/operators/leaf.py:91: UserWarning: The "has_batchdim" option for BoundBuffers is deprecated. It may be removed from the next release.
  warnings.warn('The "has_batchdim" option for BoundBuffers is deprecated.'
/data1/Kane/alpha-beta-CROWN_vnncomp2025/complete_verifier/auto_LiRPA/bound_general.py:1056: UserWarning: Creating an identity matrix with size 1024x1024 for node BoundAdd(name=/74, inputs=[/73, /19], perturbed=True). This may indicate poor performance for bound computation. If you see this message on a small network please submit a bug report.
  sparse_C = self.get_sparse_C(node, ref_intermediate)

Experiments at Tue May 26 15:36:24 2026 on dell-pro-max-tower-t2
Pre-compile jit kernels on a toy network...
JIT kernels compiled in 0.9976s.
Internal results will be saved to /data1/Kane/ACT/audit_results/abcrown_nopgd_20260525/traffic_signs_recognition_2023/0045__3_64_64_QConv_32_5_MP_2_BN_QConv_64_5_MP_2_BN_QConv_64_3_MP_2_BN_Dense_1024_BN_Dense_43_ep_30__model_64_idx_9022_eps_15.00000.result.

 %%%%%%%%%%%%%%%%%%%%%%%%%%%%%%%%%%% idx: 0, vnnlib ID: 0 %%%%%%%%%%%%%%%%%%%%%%%%%%%%%%%%%%%
Using onnx /data1/Kane/data/vnncomp2025_benchmarks/benchmarks/traffic_signs_recognition_2023/onnx/3_64_64_QConv_32_5_MP_2_BN_QConv_64_5_MP_2_BN_QConv_64_3_MP_2_BN_Dense_1024_BN_Dense_43_ep_30.onnx
Using vnnlib /data1/Kane/data/vnncomp2025_benchmarks/benchmarks/traffic_signs_recognition_2023/vnnlib/model_64_idx_9022_eps_15.00000.vnnlib
Loading onnx /data1/Kane/data/vnncomp2025_benchmarks/benchmarks/traffic_signs_recognition_2023/onnx/3_64_64_QConv_32_5_MP_2_BN_QConv_64_5_MP_2_BN_QConv_64_3_MP_2_BN_Dense_1024_BN_Dense_43_ep_30.onnx with quirks {}
Onnx optimization with flags: fix_gtrsb
Found existed optimized onnx model at /data1/Kane/data/vnncomp2025_benchmarks/benchmarks/traffic_signs_recognition_2023/onnx/3_64_64_QConv_32_5_MP_2_BN_QConv_64_5_MP_2_BN_QConv_64_3_MP_2_BN_Dense_1024_BN_Dense_43_ep_30.onnx.optimized
Automatic inference of operator: sign
Automatic inference of operator: sign
Automatic inference of operator: sign
Automatic inference of operator: sign
Automatic inference of operator: sign
Automatic inference of operator: sign
Automatic inference of operator: sign
Automatic inference of operator: sign
Finished onnx model loading in 0.0531 seconds
Precompiled vnnlib file found at /data1/Kane/data/vnncomp2025_benchmarks/benchmarks/traffic_signs_recognition_2023/vnnlib/model_64_idx_9022_eps_15.00000.vnnlib.compiled
Last Softmax node found, peel it off
Finished vnnlib processing in 0.019850 seconds
Merging Sign node: %s BoundSign(name=/44, inputs=[/43], perturbed=True)
Merging Sign node: %s BoundSign(name=/50, inputs=[/49], perturbed=True)
Merging Sign node: %s BoundSign(name=/56, inputs=[/55], perturbed=True)
Merging Sign node: %s BoundSign(name=/75, inputs=[/74], perturbed=True)
Model: BoundedModule(
  (/input-1): BoundInput(name=/input-1, inputs=[], perturbed=True)
  (/6): BoundBuffers(name=/6, inputs=[], perturbed=False)
  (/shape): BoundBuffers(name=/shape, inputs=[], perturbed=False)
  (/18): BoundBuffers(name=/18, inputs=[], perturbed=False)
  (/19): BoundBuffers(name=/19, inputs=[], perturbed=False)
  (/21): BoundParams(name=/21, inputs=[], perturbed=False)
  (/22): BoundParams(name=/22, inputs=[], perturbed=False)
  (/23): BoundParams(name=/23, inputs=[], perturbed=False)
  (/24): BoundBuffers(name=/24, inputs=[], perturbed=False)
  (/25): BoundBuffers(name=/25, inputs=[], perturbed=False)
  (/27): BoundParams(name=/27, inputs=[], perturbed=False)
  (/28): BoundParams(name=/28, inputs=[], perturbed=False)
  (/29): BoundParams(name=/29, inputs=[], perturbed=False)
  (/30): BoundBuffers(name=/30, inputs=[], perturbed=False)
  (/31): BoundBuffers(name=/31, inputs=[], perturbed=False)
  (/33): BoundParams(name=/33, inputs=[], perturbed=False)
  (/34): BoundParams(name=/34, inputs=[], perturbed=False)
  (/35): BoundParams(name=/35, inputs=[], perturbed=False)
  (/36): BoundBuffers(name=/36, inputs=[], perturbed=False)
  (/37): BoundBuffers(name=/37, inputs=[], perturbed=False)
  (/39): BoundParams(name=/39, inputs=[], perturbed=False)
  (/40): BoundParams(name=/40, inputs=[], perturbed=False)
  (/41): BoundConv(name=/41, inputs=[/input-1, /21], perturbed=True)
  (/input): BoundMaxPool(name=/input, inputs=[/41], perturbed=True)
  (/43): BoundBatchNormalization(name=/43, inputs=[/input, /22, /23, /24, /25], perturbed=True)
  (/47): BoundConv(name=/47, inputs=[/44/merge, /27], perturbed=True)
  (/input-8): BoundMaxPool(name=/input-8, inputs=[/47], perturbed=True)
  (/49): BoundBatchNormalization(name=/49, inputs=[/input-8, /28, /29, /30, /31], perturbed=True)
  (/53): BoundConv(name=/53, inputs=[/50/merge, /33], perturbed=True)
  (/input-16): BoundMaxPool(name=/input-16, inputs=[/53], perturbed=True)
  (/55): BoundBatchNormalization(name=/55, inputs=[/input-16, /34, /35, /36, /37], perturbed=True)
  (/59): BoundSplit(name=/59, inputs=[/shape], perturbed=False)
  (/60): BoundSplit(name=/60, inputs=[/shape], perturbed=False)
  (/61): BoundConstant(name=/61, value=tensor([0], device='cuda:0'))
  (/62): BoundSqueeze(name=/62, inputs=[/59, /61], perturbed=False)
  (/63): BoundConstant(name=/63, value=tensor([0], device='cuda:0'))
  (/64): BoundSqueeze(name=/64, inputs=[/60, /63], perturbed=False)
  (/65): BoundConstant(name=/65, value=tensor([0], device='cuda:0'))
  (/66): BoundUnsqueeze(name=/66, inputs=[/62, /65], perturbed=False)
  (/67): BoundConstant(name=/67, value=tensor([0], device='cuda:0'))
  (/68): BoundUnsqueeze(name=/68, inputs=[/64, /67], perturbed=False)
  (/69): BoundConcat(name=/69, inputs=[/66, /68], perturbed=False)
  (/70): BoundReshape(name=/70, inputs=[/56/merge, /69], perturbed=True)
  (/71): BoundTranspose(name=/71, inputs=[/39], perturbed=False)
  (/72): BoundMatMul(name=/72, inputs=[/70, /71], perturbed=True)
  (/73): BoundMul(name=/73, inputs=[/72, /18], perturbed=True)
  (/74): BoundAdd(name=/74, inputs=[/73, /19], perturbed=True)
  (/78): BoundTranspose(name=/78, inputs=[/40], perturbed=False)
  (/79): BoundMatMul(name=/79, inputs=[/75/merge, /78], perturbed=True)
  (/44/merge): BoundSignMerge(name=/44/merge, inputs=[/43], perturbed=True)
  (/50/merge): BoundSignMerge(name=/50/merge, inputs=[/49], perturbed=True)
  (/56/merge): BoundSignMerge(name=/56/merge, inputs=[/55], perturbed=True)
  (/75/merge): BoundSignMerge(name=/75/merge, inputs=[/74], perturbed=True)
)
Original output in the first batch: tensor([[  40.,   42.,  136.,  498.,  -46.,  192.,   62., -150.,   -2.,   96.,
          -60.,  -98., -106.,   38.,   46.,   80.,   44.,  -40.,  -70.,  -58.,
         -134., -174.,  -24.,   18.,  -78.,   12., -114., -116.,  -86.,   -8.,
          -34.,   38.,   46.,  -40.,   20.,    0.,  -36., -152.,  -32.,   94.,
         -102.,  -32., -104.]], device='cuda:0')
Split layers:
Nonlinear functions:
   BoundMaxPool(name=/input, inputs=[/41], perturbed=True)
   BoundMaxPool(name=/input-8, inputs=[/47], perturbed=True)
   BoundMaxPool(name=/input-16, inputs=[/53], perturbed=True)
   BoundSignMerge(name=/44/merge, inputs=[/43], perturbed=True)
   BoundSignMerge(name=/50/merge, inputs=[/49], perturbed=True)
   BoundSignMerge(name=/56/merge, inputs=[/55], perturbed=True)
   BoundSignMerge(name=/75/merge, inputs=[/74], perturbed=True)
build batch [1/1]
layer /44/merge using full alpha with shape torch.Size([32, 30, 30]); unstable size 28266; total size 28800 ([1, 32, 30, 30])
layer /44/merge start_node /47 using full alpha [4, 64, 1, 32, 30, 30] with unstable size 64 total_size 64 output_shape 64
layer /44/merge start_node /49 using full alpha [4, 64, 1, 32, 30, 30] with unstable size 64 total_size 64 output_shape 64
layer /44/merge start_node /53 using full alpha [4, 64, 1, 32, 30, 30] with unstable size 64 total_size 64 output_shape 64
layer /44/merge start_node /55 using full alpha [4, 64, 1, 32, 30, 30] with unstable size 64 total_size 64 output_shape 64
layer /44/merge start_node /74 using full alpha [4, 1024, 1, 32, 30, 30] with unstable size 1024 total_size 1024 output_shape torch.Size([1024])
layer /44/merge start_node /79 using full alpha [4, 42, 1, 32, 30, 30] with unstable size None total_size 42 output_shape 42
layer /50/merge using full alpha with shape torch.Size([64, 13, 13]); unstable size 10816; total size 10816 ([1, 64, 13, 13])
layer /50/merge start_node /53 using full alpha [4, 64, 1, 64, 13, 13] with unstable size 64 total_size 64 output_shape 64
layer /50/merge start_node /55 using full alpha [4, 64, 1, 64, 13, 13] with unstable size 64 total_size 64 output_shape 64
layer /50/merge start_node /74 using full alpha [4, 1024, 1, 64, 13, 13] with unstable size 1024 total_size 1024 output_shape torch.Size([1024])
layer /50/merge start_node /79 using full alpha [4, 42, 1, 64, 13, 13] with unstable size None total_size 42 output_shape 42
layer /56/merge using full alpha with shape torch.Size([64, 5, 5]); unstable size 1600; total size 1600 ([1, 64, 5, 5])
layer /56/merge start_node /74 using full alpha [4, 1024, 1, 64, 5, 5] with unstable size 1024 total_size 1024 output_shape torch.Size([1024])
layer /56/merge start_node /79 using full alpha [4, 42, 1, 64, 5, 5] with unstable size None total_size 42 output_shape 42
layer /75/merge using full alpha with shape torch.Size([1024]); unstable size 1024; total size 1024 ([1, 1024])
layer /75/merge start_node /79 using full alpha [4, 42, 1, 1024] with unstable size None total_size 42 output_shape 42
Optimizable variables initialized.
initial CROWN bounds (first 10 items): [-1038.0, -1004.0, -930.0, -1080.0, -922.0, -1008.0, -1100.0, -1100.0, -942.0, -1134.0]
prune_after_crown optimization in use
  original spec size = torch.Size([1, 42])
  pruned spec size = torch.Size([1, 42])
Using alpha-CROWN to initialize bounds.
Early stop at 11th iter due to 10 iterations no improvement!
best_l after optimization: -43956.0
alpha/beta optimization time: 3.4345827102661133
initial alpha-crown bounds (first 10 items): [-1038.0, -1004.0, -930.0, -1080.0, -922.0, -1008.0, -1100.0, -1100.0, -942.0, -1134.0]
Global lower bound: -1168.0
torch.Size([1, 42])
0 / 42 OR specs are verified.
Verified OR indices (first 10 items): []
Verified OR lbs (first 10 items): []
Unverified OR indices (first 10 items): [0, 1, 2, 3, 4, 5, 6, 7, 8, 9]
Unverified OR lbs (first 10 items): [[-1038.0], [-1004.0], [-930.0], [-1080.0], [-922.0], [-1008.0], [-1100.0], [-1100.0], [-942.0], [-1134.0]]
###### Verifying property Instance 0 ######
Batch size: 42
First 10 spec matrices
C: tensor([[[-1.,  0.,  0.,  1.,  0.,  0.,  0.,  0.,  0.,  0.,  0.,  0.,  0.,  0.,
           0.,  0.,  0.,  0.,  0.,  0.,  0.,  0.,  0.,  0.,  0.,  0.,  0.,  0.,
           0.,  0.,  0.,  0.,  0.,  0.,  0.,  0.,  0.,  0.,  0.,  0.,  0.,  0.,
           0.]],

        [[ 0., -1.,  0.,  1.,  0.,  0.,  0.,  0.,  0.,  0.,  0.,  0.,  0.,  0.,
           0.,  0.,  0.,  0.,  0.,  0.,  0.,  0.,  0.,  0.,  0.,  0.,  0.,  0.,
           0.,  0.,  0.,  0.,  0.,  0.,  0.,  0.,  0.,  0.,  0.,  0.,  0.,  0.,
           0.]],

        [[ 0.,  0., -1.,  1.,  0.,  0.,  0.,  0.,  0.,  0.,  0.,  0.,  0.,  0.,
           0.,  0.,  0.,  0.,  0.,  0.,  0.,  0.,  0.,  0.,  0.,  0.,  0.,  0.,
           0.,  0.,  0.,  0.,  0.,  0.,  0.,  0.,  0.,  0.,  0.,  0.,  0.,  0.,
           0.]],

        [[ 0.,  0.,  0.,  1., -1.,  0.,  0.,  0.,  0.,  0.,  0.,  0.,  0.,  0.,
           0.,  0.,  0.,  0.,  0.,  0.,  0.,  0.,  0.,  0.,  0.,  0.,  0.,  0.,
           0.,  0.,  0.,  0.,  0.,  0.,  0.,  0.,  0.,  0.,  0.,  0.,  0.,  0.,
           0.]],

        [[ 0.,  0.,  0.,  1.,  0., -1.,  0.,  0.,  0.,  0.,  0.,  0.,  0.,  0.,
           0.,  0.,  0.,  0.,  0.,  0.,  0.,  0.,  0.,  0.,  0.,  0.,  0.,  0.,
           0.,  0.,  0.,  0.,  0.,  0.,  0.,  0.,  0.,  0.,  0.,  0.,  0.,  0.,
           0.]],

        [[ 0.,  0.,  0.,  1.,  0.,  0., -1.,  0.,  0.,  0.,  0.,  0.,  0.,  0.,
           0.,  0.,  0.,  0.,  0.,  0.,  0.,  0.,  0.,  0.,  0.,  0.,  0.,  0.,
           0.,  0.,  0.,  0.,  0.,  0.,  0.,  0.,  0.,  0.,  0.,  0.,  0.,  0.,
           0.]],

        [[ 0.,  0.,  0.,  1.,  0.,  0.,  0., -1.,  0.,  0.,  0.,  0.,  0.,  0.,
           0.,  0.,  0.,  0.,  0.,  0.,  0.,  0.,  0.,  0.,  0.,  0.,  0.,  0.,
           0.,  0.,  0.,  0.,  0.,  0.,  0.,  0.,  0.,  0.,  0.,  0.,  0.,  0.,
           0.]],

        [[ 0.,  0.,  0.,  1.,  0.,  0.,  0.,  0., -1.,  0.,  0.,  0.,  0.,  0.,
           0.,  0.,  0.,  0.,  0.,  0.,  0.,  0.,  0.,  0.,  0.,  0.,  0.,  0.,
           0.,  0.,  0.,  0.,  0.,  0.,  0.,  0.,  0.,  0.,  0.,  0.,  0.,  0.,
           0.]],

        [[ 0.,  0.,  0.,  1.,  0.,  0.,  0.,  0.,  0., -1.,  0.,  0.,  0.,  0.,
           0.,  0.,  0.,  0.,  0.,  0.,  0.,  0.,  0.,  0.,  0.,  0.,  0.,  0.,
           0.,  0.,  0.,  0.,  0.,  0.,  0.,  0.,  0.,  0.,  0.,  0.,  0.,  0.,
           0.]],

        [[ 0.,  0.,  0.,  1.,  0.,  0.,  0.,  0.,  0.,  0., -1.,  0.,  0.,  0.,
           0.,  0.,  0.,  0.,  0.,  0.,  0.,  0.,  0.,  0.,  0.,  0.,  0.,  0.,
           0.,  0.,  0.,  0.,  0.,  0.,  0.,  0.,  0.,  0.,  0.,  0.,  0.,  0.,
           0.]]], device='cuda:0')
RHS: tensor([[0.],
        [0.],
        [0.],
        [0.],
        [0.],
        [0.],
        [0.],
        [0.],
        [0.],
        [0.]], device='cuda:0')
OR spec sizes: tensor([1, 1, 1, 1, 1, 1, 1, 1, 1, 1], device='cuda:0', dtype=torch.int32)
Remaining timeout: 475.7952950000763
Model prediction is: tensor([  40.,   42.,  136.,  498.,  -46.,  192.,   62., -150.,   -2.,   96.,
         -60.,  -98., -106.,   38.,   46.,   80.,   44.,  -40.,  -70.,  -58.,
        -134., -174.,  -24.,   18.,  -78.,   12., -114., -116.,  -86.,   -8.,
         -34.,   38.,   46.,  -40.,   20.,    0.,  -36., -152.,  -32.,   94.,
        -102.,  -32., -104.], device='cuda:0')
Activation BaB batch 1/1 
build_with_refined_bounds batch [1/1]
Optimizable variables initialized.
all alpha initialized
true A is required, we do a full backward CROWN pass to obtain it
torch.Size([42, 1])
(alpha-)CROWN with fixed intermediate bounds: tensor([[-1038.],
        [-1004.],
        [ -930.],
        [-1080.],
        [ -922.],
        [-1008.],
        [-1100.],
        [-1100.],
        [ -942.],
        [-1134.],
        [-1116.],
        [-1100.],
        [-1052.],
        [-1000.],
        [-1078.],
        [-1002.],
        [-1102.],
        [-1048.],
        [-1024.],
        [-1096.],
        [-1112.],
        [-1026.],
        [-1060.],
        [-1144.],
        [-1074.],
        [-1124.],
        [-1098.],
        [-1048.],
        [ -970.],
        [-1012.],
        [ -960.],
        [ -972.],
        [ -990.],
        [-1058.],
        [ -962.],
        [-1042.],
        [-1102.],
        [-1058.],
        [ -968.],
        [-1168.],
        [-1018.],
        [-1114.]], device='cuda:0', grad_fn=<ViewBackward0>) tensor([[1038.],
        [1004.],
        [ 930.],
        [1080.],
        [ 922.],
        [1008.],
        [1100.],
        [1100.],
        [ 942.],
        [1134.],
        [1116.],
        [1100.],
        [1052.],
        [1000.],
        [1078.],
        [1002.],
        [1102.],
        [1048.],
        [1024.],
        [1096.],
        [1112.],
        [1026.],
        [1060.],
        [1144.],
        [1074.],
        [1124.],
        [1098.],
        [1048.],
        [ 970.],
        [1012.],
        [ 960.],
        [ 972.],
        [ 990.],
        [1058.],
        [ 962.],
        [1042.],
        [1102.],
        [1058.],
        [ 968.],
        [1168.],
        [1018.],
        [1114.]], device='cuda:0', grad_fn=<ViewBackward0>)
Intermediate layers: /41,/47,/53,/43,/49,/55,/74
Keeping alphas for these layers: ['/79']
Node /44/merge input 0: size torch.Size([32, 30, 30]) unstable 28800
Node /50/merge input 0: size torch.Size([64, 13, 13]) unstable 10816
Node /56/merge input 0: size torch.Size([64, 5, 5]) unstable 1600
Node /75/merge input 0: size torch.Size([1024]) unstable 1024
-----------------
# of unstable neurons: 42240
-----------------

BaB round 1
batch: 42
splitting decisions: 
split level 0: [/74, 211] [/74, 824] [/74, 316] [/74, 316] [/74, 316] [/74, 316] [/74, 319] [/74, 211] [/74, 319] [/74, 316] 
Early stop at 11th iter due to 10 iterations no improvement!
best_l after optimization: -87912.0
beta sum per layer: [0.0, 0.0, 0.0, 0.0]
alpha/beta optimization time: 0.28826451301574707
pruning_in_iteration open status: False
ratio of positive domain = 0 / 84 = 0.0
pruning-in-iteration extra time: 3.600120544433594e-05
torch.Size([84, 1])
Time: prepare 0.0006    bound 0.2894    transfer 0.0072    finalize 0.0392    func 0.3367    
Accumulated time: func 0.3367    prepare 0.0015    bound 0.2894    transfer 0.0072    finalize 0.0392    
max lb tensor(-922.) min lb tensor(-1168.)
Number of Verified Splits: 0 of 84
Current worst splitting domains lb-rhs (depth):
-1168.00000 (1), -1168.00000 (1), -1144.00000 (1), -1144.00000 (1), -1134.00000 (1), -1134.00000 (1), -1124.00000 (1), -1124.00000 (1), -1116.00000 (1), -1116.00000 (1), -1114.00000 (1), -1114.00000 (1), -1112.00000 (1), -1112.00000 (1), -1102.00000 (1), -1102.00000 (1), -1102.00000 (1), -1102.00000 (1), -1100.00000 (1), -1100.00000 (1), 
Length of domains: 84
Current (lb-rhs): -1168.0
84 domains visited
Time: pickout 0.0115    decision 0.0751    set_bounds 0.0011    solve 0.3372    add 0.0295    
Accumulated time: pickout 0.0115    decision 0.0751    set_bounds 0.0011    solve 0.3372    add 0.0295    
Cumulative time: 0.5535662174224854

BaB round 2
batch: 84
splitting decisions: 
split level 0: [/74, 824] [/74, 484] [/74, 319] [/74, 319] [/74, 824] [/74, 211] [/74, 211] [/74, 484] [/74, 211] [/74, 319] 
Early stop at 11th iter due to 10 iterations no improvement!
best_l after optimization: -175824.0
beta sum per layer: [0.0, 0.0, 0.0, 0.0]
alpha/beta optimization time: 0.14830565452575684
pruning_in_iteration open status: False
ratio of positive domain = 0 / 168 = 0.0
pruning-in-iteration extra time: 6.008148193359375e-05
torch.Size([168, 1])
Time: prepare 0.0020    bound 0.1496    transfer 0.0026    finalize 0.0775    func 0.2316    
Accumulated time: func 0.5683    prepare 0.0046    bound 0.4390    transfer 0.0098    finalize 0.1167    
max lb tensor(-922.) min lb tensor(-1168.)
Number of Verified Splits: 0 of 168
Current worst splitting domains lb-rhs (depth):
-1168.00000 (2), -1168.00000 (2), -1168.00000 (2), -1168.00000 (2), -1144.00000 (2), -1144.00000 (2), -1144.00000 (2), -1144.00000 (2), -1134.00000 (2), -1134.00000 (2), -1134.00000 (2), -1134.00000 (2), -1124.00000 (2), -1124.00000 (2), -1124.00000 (2), -1124.00000 (2), -1116.00000 (2), -1116.00000 (2), -1116.00000 (2), -1116.00000 (2), 
Length of domains: 168
Current (lb-rhs): -1168.0
252 domains visited
Time: pickout 0.0263    decision 0.0886    set_bounds 0.0032    solve 0.2321    add 0.0686    
Accumulated time: pickout 0.0378    decision 0.1637    set_bounds 0.0043    solve 0.5693    add 0.0981    
Cumulative time: 0.9745261669158936

BaB round 3
batch: 128
splitting decisions: 
split level 0: [/74, 616] [/74, 824] [/74, 451] [/74, 451] [/74, 211] [/74, 616] [/74, 484] [/74, 824] [/74, 484] [/74, 371] 
Early stop at 11th iter due to 10 iterations no improvement!
best_l after optimization: -268000.0
beta sum per layer: [0.0, 0.0, 0.0, 0.00505700521171093]
alpha/beta optimization time: 0.2326669692993164
pruning_in_iteration open status: False
ratio of positive domain = 0 / 256 = 0.0
pruning-in-iteration extra time: 3.5762786865234375e-05
torch.Size([256, 1])
Time: prepare 0.0028    bound 0.2340    transfer 0.0039    finalize 0.1128    func 0.3536    
Accumulated time: func 0.9219    prepare 0.0087    bound 0.6730    transfer 0.0137    finalize 0.2296    
max lb tensor(-922.) min lb tensor(-1168.)
Number of Verified Splits: 0 of 256
Current worst splitting domains lb-rhs (depth):
-1168.00000 (3), -1168.00000 (3), -1168.00000 (2), -1168.00000 (3), -1168.00000 (3), -1168.00000 (3), -1168.00000 (3), -1144.00000 (3), -1144.00000 (3), -1144.00000 (3), -1144.00000 (2), -1144.00000 (3), -1144.00000 (3), -1144.00000 (3), -1134.00000 (3), -1134.00000 (3), -1134.00000 (3), -1134.00000 (3), -1134.00000 (3), -1134.00000 (3), 
Length of domains: 296
Current (lb-rhs): -1168.0
508 domains visited
Time: pickout 0.0378    decision 0.1289    set_bounds 0.0044    solve 0.3540    add 0.1056    
Accumulated time: pickout 0.0756    decision 0.2926    set_bounds 0.0087    solve 0.9234    add 0.2037    
Cumulative time: 1.6076226234436035

BaB round 4
batch: 128
splitting decisions: 
split level 0: [/74, 436] [/74, 616] [/74, 371] [/74, 371] [/74, 371] [/74, 579] [/74, 451] [/74, 616] [/74, 451] [/74, 616] 
Early stop at 17th iter due to 10 iterations no improvement!
best_l after optimization: -268000.0
beta sum per layer: [0.0, 0.0, 0.0, 0.2668023109436035]
alpha/beta optimization time: 0.34768128395080566
pruning_in_iteration open status: False
ratio of positive domain = 0 / 256 = 0.0
pruning-in-iteration extra time: 3.528594970703125e-05
torch.Size([256, 1])
Time: prepare 0.0028    bound 0.3489    transfer 0.0041    finalize 0.1056    func 0.4615    
Accumulated time: func 1.3834    prepare 0.0128    bound 1.0220    transfer 0.0178    finalize 0.3352    
max lb tensor(-922.) min lb tensor(-1168.)
Number of Verified Splits: 0 of 256
Current worst splitting domains lb-rhs (depth):
-1168.00000 (3), -1168.00000 (4), -1168.00000 (3), -1168.00000 (4), -1168.00000 (3), -1168.00000 (2), -1168.00000 (4), -1168.00000 (4), -1168.00000 (4), -1168.00000 (4), -1144.00000 (4), -1144.00000 (3), -1144.00000 (4), -1144.00000 (3), -1144.00000 (4), -1144.00000 (3), -1144.00000 (4), -1144.00000 (2), -1144.00000 (4), -1144.00000 (4), 
Length of domains: 424
Current (lb-rhs): -1168.0
764 domains visited
Time: pickout 0.0346    decision 0.1268    set_bounds 0.0045    solve 0.4620    add 0.0895    
Accumulated time: pickout 0.1103    decision 0.4194    set_bounds 0.0132    solve 1.3854    add 0.2933    
Cumulative time: 2.3274459838867188

BaB round 5
batch: 128
splitting decisions: 
split level 0: [/74, 638] [/74, 531] [/74, 616] [/74, 616] [/74, 616] [/74, 745] [/74, 616] [/74, 436] [/74, 436] [/74, 579] 
best_l after optimization: -268000.6875
beta sum per layer: [0.0, 0.0, 0.0, 0.4290328025817871]
alpha/beta optimization time: 0.4238908290863037
pruning_in_iteration open status: False
ratio of positive domain = 0 / 256 = 0.0
pruning-in-iteration extra time: 3.910064697265625e-05
torch.Size([256, 1])
Time: prepare 0.0080    bound 0.4256    transfer 0.0056    finalize 0.1098    func 0.5491    
Accumulated time: func 1.9325    prepare 0.0223    bound 1.4476    transfer 0.0235    finalize 0.4450    
max lb tensor(-922.) min lb tensor(-1168.)
Number of Verified Splits: 0 of 256
Current worst splitting domains lb-rhs (depth):
-1168.00000 (4), -1168.00000 (4), -1168.00000 (3), -1168.00000 (3), -1168.00000 (5), -1168.00000 (4), -1168.00000 (5), -1168.00000 (5), -1168.00000 (5), -1168.00000 (2), -1168.00000 (5), -1168.00000 (3), -1168.00000 (5), -1144.00000 (5), -1144.00000 (5), -1144.00000 (3), -1144.00000 (5), -1144.00000 (4), -1144.00000 (4), -1144.00000 (2), 
Length of domains: 552
Current (lb-rhs): -1168.0
1020 domains visited
Time: pickout 0.0358    decision 0.1290    set_bounds 0.0119    solve 0.5496    add 0.0897    
Accumulated time: pickout 0.1461    decision 0.5484    set_bounds 0.0251    solve 1.9350    add 0.3830    
Cumulative time: 3.1460208892822266

BaB round 6
batch: 128
splitting decisions: 
split level 0: [/74, 531] [/74, 745] [/74, 436] [/74, 436] [/74, 638] [/74, 473] [/74, 436] [/74, 638] [/74, 638] [/74, 531] 
best_l after optimization: -268000.40625
beta sum per layer: [0.0, 0.0, 0.0, 1.0261752605438232]
alpha/beta optimization time: 0.410552978515625
pruning_in_iteration open status: False
ratio of positive domain = 0 / 256 = 0.0
pruning-in-iteration extra time: 3.719329833984375e-05
torch.Size([256, 1])
Time: prepare 0.0027    bound 0.4123    transfer 0.0045    finalize 0.1067    func 0.5262    
Accumulated time: func 2.4587    prepare 0.0268    bound 1.8599    transfer 0.0279    finalize 0.5516    
max lb tensor(-922.) min lb tensor(-1168.)
Number of Verified Splits: 0 of 256
Current worst splitting domains lb-rhs (depth):
-1168.00000 (5), -1168.00000 (5), -1168.00000 (3), -1168.00000 (6), -1168.00000 (3), -1168.00000 (5), -1168.00000 (4), -1168.00000 (4), -1168.00000 (6), -1168.00000 (2), -1168.00000 (6), -1168.00000 (4), -1168.00000 (6), -1168.00000 (3), -1168.00000 (6), -1168.00000 (6), -1144.00000 (6), -1144.00000 (4), -1144.00000 (6), -1144.00000 (5), 
Length of domains: 680
Current (lb-rhs): -1168.0
1276 domains visited
Time: pickout 0.0387    decision 0.1439    set_bounds 0.0046    solve 0.5268    add 0.0879    
Accumulated time: pickout 0.1848    decision 0.6923    set_bounds 0.0297    solve 2.4617    add 0.4709    
Cumulative time: 3.9500250816345215

BaB round 7
batch: 128
splitting decisions: 
split level 0: [/74, 381] [/74, 381] [/74, 579] [/74, 638] [/74, 579] [/74, 659] [/74, 579] [/74, 579] [/74, 579] [/74, 745] 
best_l after optimization: -268001.4375
beta sum per layer: [0.0, 0.0, 0.0, 0.8413532972335815]
alpha/beta optimization time: 0.8707804679870605
pruning_in_iteration open status: False
ratio of positive domain = 0 / 256 = 0.0
pruning-in-iteration extra time: 0.0002796649932861328
torch.Size([256, 1])
Time: prepare 0.0053    bound 0.8724    transfer 0.0037    finalize 0.1013    func 0.9827    
Accumulated time: func 3.4414    prepare 0.0419    bound 2.7323    transfer 0.0317    finalize 0.6529    
max lb tensor(-922.) min lb tensor(-1168.)
Number of Verified Splits: 0 of 256
Current worst splitting domains lb-rhs (depth):
-1168.00000 (3), -1168.00000 (7), -1168.00000 (5), -1168.00000 (7), -1168.00000 (2), -1168.00000 (4), -1168.00000 (4), -1168.00000 (6), -1168.00000 (7), -1168.00000 (7), -1168.00000 (6), -1168.00000 (5), -1168.00000 (3), -1168.00000 (3), -1168.00000 (7), -1168.00000 (5), -1168.00000 (6), -1168.00000 (7), -1168.00000 (4), -1144.00000 (4), 
Length of domains: 808
Current (lb-rhs): -1168.0
1532 domains visited
Time: pickout 0.0343    decision 0.2967    set_bounds 0.0059    solve 0.9832    add 0.0834    
Accumulated time: pickout 0.2190    decision 0.9890    set_bounds 0.0356    solve 3.4449    add 0.5543    
Cumulative time: 5.355937957763672

BaB round 8
batch: 128
splitting decisions: 
split level 0: [/74, 630] [/74, 610] [/74, 24] [/74, 381] [/74, 24] [/74, 972] [/74, 24] [/74, 24] [/74, 531] [/74, 630] 
best_l after optimization: -268000.875
beta sum per layer: [0.0, 0.0, 0.0, 1.4677200317382812]
alpha/beta optimization time: 0.8560760021209717
pruning_in_iteration open status: False
ratio of positive domain = 0 / 256 = 0.0
pruning-in-iteration extra time: 0.0001068115234375
torch.Size([256, 1])
Time: prepare 0.0094    bound 0.8575    transfer 0.0043    finalize 0.0998    func 0.9710    
Accumulated time: func 4.4124    prepare 0.0690    bound 3.5897    transfer 0.0359    finalize 0.7527    
max lb tensor(-922.) min lb tensor(-1168.)
Number of Verified Splits: 0 of 256
Current worst splitting domains lb-rhs (depth):
-1168.00000 (7), -1168.00000 (6), -1168.00000 (7), -1168.00000 (2), -1168.00000 (6), -1168.00000 (3), -1168.00000 (8), -1168.00000 (8), -1168.00000 (5), -1168.00000 (4), -1168.00000 (3), -1168.00000 (5), -1168.00000 (7), -1168.00000 (4), -1168.00000 (8), -1168.00000 (5), -1168.00000 (3), -1168.00000 (8), -1168.00000 (8), -1168.00000 (4), 
Length of domains: 936
Current (lb-rhs): -1168.0
1788 domains visited
Time: pickout 0.0480    decision 0.2664    set_bounds 0.0076    solve 0.9714    add 0.0814    
Accumulated time: pickout 0.2670    decision 1.2554    set_bounds 0.0432    solve 4.4164    add 0.6357    
Cumulative time: 6.732940673828125

BaB round 9
batch: 128
splitting decisions: 
split level 0: [/74, 610] [/74, 659] [/74, 745] [/74, 610] [/74, 745] [/74, 479] [/74, 531] [/74, 630] [/74, 381] [/74, 972] 
best_l after optimization: -268002.1875
beta sum per layer: [0.0, 0.0, 0.0, 1.3522169589996338]
alpha/beta optimization time: 0.4062469005584717
pruning_in_iteration open status: False
ratio of positive domain = 0 / 256 = 0.0
pruning-in-iteration extra time: 3.647804260253906e-05
torch.Size([256, 1])
Time: prepare 0.0030    bound 0.4076    transfer 0.0055    finalize 0.1037    func 0.5199    
Accumulated time: func 4.9323    prepare 0.0734    bound 3.9974    transfer 0.0415    finalize 0.8564    
max lb tensor(-922.) min lb tensor(-1168.)
Number of Verified Splits: 0 of 256
Current worst splitting domains lb-rhs (depth):
-1168.00000 (7), -1168.00000 (2), -1168.00000 (9), -1168.00000 (7), -1168.00000 (3), -1168.00000 (9), -1168.00000 (5), -1168.00000 (9), -1168.00000 (3), -1168.00000 (6), -1168.00000 (6), -1168.00000 (4), -1168.00000 (9), -1168.00000 (8), -1168.00000 (5), -1168.00000 (8), -1168.00000 (4), -1168.00000 (9), -1168.00000 (7), -1168.00000 (9), 
Length of domains: 1064
Current (lb-rhs): -1168.0
2044 domains visited
Time: pickout 0.0338    decision 0.1338    set_bounds 0.0049    solve 0.5205    add 0.4099    
Accumulated time: pickout 0.3008    decision 1.3892    set_bounds 0.0481    solve 4.9369    add 1.0455    
Cumulative time: 7.838077068328857

BaB round 10
batch: 128
splitting decisions: 
split level 0: [/74, 659] [/74, 479] [/74, 630] [/74, 23] [/74, 381] [/74, 1023] [/74, 745] [/74, 23] [/74, 630] [/74, 1023] 
best_l after optimization: -268001.6875
beta sum per layer: [0.0, 0.0, 0.0, 1.2859220504760742]
alpha/beta optimization time: 0.5495438575744629
pruning_in_iteration open status: False
ratio of positive domain = 0 / 256 = 0.0
pruning-in-iteration extra time: 3.600120544433594e-05
torch.Size([256, 1])
Time: prepare 0.0031    bound 0.5508    transfer 0.0041    finalize 0.1008    func 0.6589    
Accumulated time: func 5.5912    prepare 0.0802    bound 4.5482    transfer 0.0455    finalize 0.9572    
max lb tensor(-922.) min lb tensor(-1168.)
Number of Verified Splits: 0 of 256
Current worst splitting domains lb-rhs (depth):
-1168.00000 (6), -1168.00000 (7), -1168.00000 (4), -1168.00000 (10), -1168.00000 (8), -1168.00000 (7), -1168.00000 (3), -1168.00000 (2), -1168.00000 (5), -1168.00000 (9), -1168.00000 (10), -1168.00000 (8), -1168.00000 (5), -1168.00000 (9), -1168.00000 (5), -1168.00000 (6), -1168.00000 (10), -1168.00000 (3), -1168.00000 (9), -1168.00000 (6), 
Length of domains: 1192
Current (lb-rhs): -1168.0
2300 domains visited
Time: pickout 0.0342    decision 0.1683    set_bounds 0.0049    solve 0.6594    add 0.0873    
Accumulated time: pickout 0.3350    decision 1.5574    set_bounds 0.0530    solve 5.5962    add 1.1329    
Cumulative time: 8.79425573348999

BaB round 11
batch: 128
splitting decisions: 
split level 0: [/74, 171] [/74, 395] [/74, 23] [/74, 473] [/74, 610] [/74, 619] [/74, 381] [/74, 218] [/74, 610] [/74, 120] 
best_l after optimization: -268001.5625
beta sum per layer: [0.0, 0.0, 0.0, 1.7151069641113281]
alpha/beta optimization time: 0.5530376434326172
pruning_in_iteration open status: False
ratio of positive domain = 0 / 256 = 0.0
pruning-in-iteration extra time: 3.695487976074219e-05
torch.Size([256, 1])
Time: prepare 0.0028    bound 0.5544    transfer 0.0040    finalize 0.1000    func 0.6613    
Accumulated time: func 6.2525    prepare 0.0868    bound 5.1026    transfer 0.0496    finalize 1.0573    
max lb tensor(-922.) min lb tensor(-1168.)
Number of Verified Splits: 0 of 256
Current worst splitting domains lb-rhs (depth):
-1168.00000 (10), -1168.00000 (9), -1168.00000 (7), -1168.00000 (4), -1168.00000 (11), -1168.00000 (3), -1168.00000 (3), -1168.00000 (11), -1168.00000 (10), -1168.00000 (9), -1168.00000 (7), -1168.00000 (6), -1168.00000 (2), -1168.00000 (5), -1168.00000 (9), -1168.00000 (11), -1168.00000 (8), -1168.00000 (4), -1168.00000 (5), -1168.00000 (8), 
Length of domains: 1320
Current (lb-rhs): -1168.0
2556 domains visited
Time: pickout 0.0348    decision 0.1774    set_bounds 0.0051    solve 0.6618    add 0.0831    
Accumulated time: pickout 0.3698    decision 1.7349    set_bounds 0.0581    solve 6.2580    add 1.2160    
Cumulative time: 9.758727550506592

BaB round 12
batch: 128
splitting decisions: 
split level 0: [/74, 120] [/74, 171] [/74, 218] [/74, 218] [/74, 23] [/74, 934] [/74, 630] [/74, 1023] [/74, 218] [/74, 835] 
best_l after optimization: -268002.5
beta sum per layer: [0.0, 0.0, 0.0, 1.5160465240478516]
alpha/beta optimization time: 0.5490231513977051
pruning_in_iteration open status: False
ratio of positive domain = 0 / 256 = 0.0
pruning-in-iteration extra time: 3.361701965332031e-05
torch.Size([256, 1])
Time: prepare 0.0031    bound 0.5503    transfer 0.0042    finalize 0.0995    func 0.6572    
Accumulated time: func 6.9097    prepare 0.0936    bound 5.6529    transfer 0.0538    finalize 1.1568    
max lb tensor(-922.) min lb tensor(-1168.)
Number of Verified Splits: 0 of 256
Current worst splitting domains lb-rhs (depth):
-1168.00000 (5), -1168.00000 (10), -1168.00000 (9), -1168.00000 (12), -1168.00000 (7), -1168.00000 (12), -1168.00000 (12), -1168.00000 (8), -1168.00000 (10), -1168.00000 (10), -1168.00000 (3), -1168.00000 (12), -1168.00000 (6), -1168.00000 (9), -1168.00000 (4), -1168.00000 (6), -1168.00000 (11), -1168.00000 (2), -1168.00000 (3), -1168.00000 (7), 
Length of domains: 1448
Current (lb-rhs): -1168.0
2812 domains visited
Time: pickout 0.0346    decision 0.1790    set_bounds 0.0051    solve 0.6577    add 0.0840    
Accumulated time: pickout 0.4044    decision 1.9138    set_bounds 0.0632    solve 6.9158    add 1.3000    
Cumulative time: 10.721487998962402

BaB round 13
batch: 128
splitting decisions: 
split level 0: [/74, 835] [/74, 537] [/74, 659] [/74, 659] [/74, 218] [/74, 931] [/74, 473] [/74, 395] [/74, 659] [/74, 537] 
best_l after optimization: -268001.625
beta sum per layer: [0.0, 0.0, 0.0, 1.3855600357055664]
alpha/beta optimization time: 0.47902965545654297
pruning_in_iteration open status: False
ratio of positive domain = 0 / 256 = 0.0
pruning-in-iteration extra time: 3.886222839355469e-05
torch.Size([256, 1])
Time: prepare 0.0032    bound 0.4803    transfer 0.0045    finalize 0.1074    func 0.5954    
Accumulated time: func 7.5051    prepare 0.0994    bound 6.1332    transfer 0.0582    finalize 1.2642    
max lb tensor(-922.) min lb tensor(-1168.)
Number of Verified Splits: 0 of 256
Current worst splitting domains lb-rhs (depth):
-1168.00000 (5), -1168.00000 (3), -1168.00000 (3), -1168.00000 (5), -1168.00000 (13), -1168.00000 (11), -1168.00000 (3), -1168.00000 (9), -1168.00000 (13), -1168.00000 (10), -1168.00000 (9), -1168.00000 (6), -1168.00000 (7), -1168.00000 (13), -1168.00000 (8), -1168.00000 (8), -1168.00000 (10), -1168.00000 (13), -1168.00000 (2), -1168.00000 (6), 
Length of domains: 1576
Current (lb-rhs): -1168.0
3068 domains visited
Time: pickout 0.0361    decision 0.1763    set_bounds 0.0049    solve 0.5959    add 0.0857    
Accumulated time: pickout 0.4405    decision 2.0901    set_bounds 0.0681    solve 7.5116    add 1.3857    
Cumulative time: 11.622725486755371

BaB round 14
batch: 128
splitting decisions: 
split level 0: [/74, 619] [/74, 619] [/74, 1023] [/74, 1023] [/74, 479] [/74, 251] [/74, 479] [/74, 171] [/74, 972] [/74, 619] 
best_l after optimization: -268001.46875
beta sum per layer: [0.0, 0.0, 0.0, 1.771989107131958]
alpha/beta optimization time: 0.3905012607574463
pruning_in_iteration open status: False
ratio of positive domain = 0 / 256 = 0.0
pruning-in-iteration extra time: 3.5762786865234375e-05
torch.Size([256, 1])
Time: prepare 0.0030    bound 0.3919    transfer 0.0037    finalize 0.2146    func 0.6133    
Accumulated time: func 8.1184    prepare 0.1038    bound 6.5251    transfer 0.0620    finalize 1.4788    
max lb tensor(-922.) min lb tensor(-1168.)
Number of Verified Splits: 0 of 256
Current worst splitting domains lb-rhs (depth):
-1168.00000 (9), -1168.00000 (6), -1168.00000 (13), -1168.00000 (3), -1168.00000 (9), -1168.00000 (10), -1168.00000 (6), -1168.00000 (12), -1168.00000 (2), -1168.00000 (6), -1168.00000 (7), -1168.00000 (12), -1168.00000 (3), -1168.00000 (14), -1168.00000 (14), -1168.00000 (7), -1168.00000 (12), -1168.00000 (11), -1168.00000 (7), -1168.00000 (11), 
Length of domains: 1704
Current (lb-rhs): -1168.0
3324 domains visited
Time: pickout 0.0371    decision 0.1285    set_bounds 0.0049    solve 0.6138    add 0.0822    
Accumulated time: pickout 0.4776    decision 2.2187    set_bounds 0.0730    solve 8.1254    add 1.4678    
Cumulative time: 12.491586923599243

BaB round 15
batch: 128
splitting decisions: 
split level 0: [/74, 508] [/74, 251] [/74, 395] [/74, 835] [/74, 1023] [/74, 904] [/74, 1023] [/74, 120] [/74, 1023] [/74, 934] 
best_l after optimization: -268002.5625
beta sum per layer: [0.0, 0.0, 0.0, 1.6661372184753418]
alpha/beta optimization time: 0.3929924964904785
pruning_in_iteration open status: False
ratio of positive domain = 0 / 256 = 0.0
pruning-in-iteration extra time: 4.00543212890625e-05
torch.Size([256, 1])
Time: prepare 0.0028    bound 0.3943    transfer 0.0040    finalize 0.1016    func 0.5028    
Accumulated time: func 8.6212    prepare 0.1080    bound 6.9194    transfer 0.0660    finalize 1.5805    
max lb tensor(-922.) min lb tensor(-1168.)
Number of Verified Splits: 0 of 256
Current worst splitting domains lb-rhs (depth):
-1168.00000 (11), -1168.00000 (7), -1168.00000 (3), -1168.00000 (8), -1168.00000 (6), -1168.00000 (15), -1168.00000 (9), -1168.00000 (13), -1168.00000 (2), -1168.00000 (12), -1168.00000 (13), -1168.00000 (15), -1168.00000 (13), -1168.00000 (4), -1168.00000 (5), -1168.00000 (10), -1168.00000 (5), -1168.00000 (7), -1168.00000 (3), -1168.00000 (9), 
Length of domains: 1832
Current (lb-rhs): -1168.0
3580 domains visited
Time: pickout 0.0358    decision 0.1279    set_bounds 0.0047    solve 0.5033    add 0.0833    
Accumulated time: pickout 0.5134    decision 2.3465    set_bounds 0.0777    solve 8.6287    add 1.5511    
Cumulative time: 13.248854160308838

BaB round 16
batch: 128
splitting decisions: 
split level 0: [/74, 141] [/74, 508] [/74, 120] [/74, 537] [/74, 835] [/74, 141] [/74, 171] [/74, 931] [/74, 395] [/74, 251] 
best_l after optimization: -268001.90625
beta sum per layer: [0.0, 0.0, 0.0, 1.6108219623565674]
alpha/beta optimization time: 0.38865113258361816
pruning_in_iteration open status: False
ratio of positive domain = 0 / 256 = 0.0
pruning-in-iteration extra time: 3.933906555175781e-05
torch.Size([256, 1])
Time: prepare 0.0028    bound 0.3900    transfer 0.0041    finalize 0.1024    func 0.4993    
Accumulated time: func 9.1204    prepare 0.1122    bound 7.3093    transfer 0.0701    finalize 1.6828    
max lb tensor(-922.) min lb tensor(-1168.)
Number of Verified Splits: 0 of 256
Current worst splitting domains lb-rhs (depth):
-1168.00000 (9), -1168.00000 (4), -1168.00000 (14), -1168.00000 (7), -1168.00000 (8), -1168.00000 (10), -1168.00000 (4), -1168.00000 (6), -1168.00000 (2), -1168.00000 (16), -1168.00000 (14), -1168.00000 (13), -1168.00000 (12), -1168.00000 (6), -1168.00000 (8), -1168.00000 (5), -1168.00000 (3), -1168.00000 (15), -1168.00000 (15), -1168.00000 (6), 
Length of domains: 1960
Current (lb-rhs): -1168.0
3836 domains visited
Time: pickout 0.0357    decision 0.1284    set_bounds 0.0049    solve 0.4998    add 0.0858    
Accumulated time: pickout 0.5490    decision 2.4750    set_bounds 0.0826    solve 9.1285    add 1.6369    
Cumulative time: 14.005600214004517

BaB round 17
batch: 128
splitting decisions: 
split level 0: [/74, 874] [/74, 904] [/74, 835] [/74, 934] [/74, 537] [/74, 874] [/74, 120] [/74, 251] [/74, 171] [/74, 508] 
best_l after optimization: -268001.5625
beta sum per layer: [0.0, 0.0, 0.0, 1.9017831087112427]
alpha/beta optimization time: 0.4069056510925293
pruning_in_iteration open status: False
ratio of positive domain = 0 / 256 = 0.0
pruning-in-iteration extra time: 3.361701965332031e-05
torch.Size([256, 1])
Time: prepare 0.0032    bound 0.4084    transfer 0.0044    finalize 0.1031    func 0.5191    
Accumulated time: func 9.6395    prepare 0.1169    bound 7.7177    transfer 0.0745    finalize 1.7859    
max lb tensor(-922.) min lb tensor(-1168.)
Number of Verified Splits: 0 of 256
Current worst splitting domains lb-rhs (depth):
-1168.00000 (12), -1168.00000 (14), -1168.00000 (16), -1168.00000 (7), -1168.00000 (4), -1168.00000 (6), -1168.00000 (17), -1168.00000 (13), -1168.00000 (8), -1168.00000 (10), -1168.00000 (2), -1168.00000 (17), -1168.00000 (3), -1168.00000 (16), -1168.00000 (11), -1168.00000 (13), -1168.00000 (17), -1168.00000 (6), -1168.00000 (13), -1168.00000 (10), 
Length of domains: 2088
Current (lb-rhs): -1168.0
4092 domains visited
Time: pickout 0.0350    decision 0.1296    set_bounds 0.0053    solve 0.5196    add 0.7815    
Accumulated time: pickout 0.5840    decision 2.6045    set_bounds 0.0879    solve 9.6480    add 2.4184    
Cumulative time: 15.47927474975586

BaB round 18
batch: 128
splitting decisions: 
split level 0: [/74, 602] [/74, 141] [/74, 537] [/74, 251] [/74, 619] [/74, 602] [/74, 835] [/74, 508] [/74, 835] [/74, 904] 
best_l after optimization: -268002.625
beta sum per layer: [0.0, 0.0, 0.0, 1.963132381439209]
alpha/beta optimization time: 0.39220452308654785
pruning_in_iteration open status: False
ratio of positive domain = 0 / 256 = 0.0
pruning-in-iteration extra time: 8.153915405273438e-05
torch.Size([256, 1])
Time: prepare 0.0027    bound 0.3935    transfer 0.0040    finalize 0.0993    func 0.4996    
Accumulated time: func 10.1391    prepare 0.1210    bound 8.1112    transfer 0.0785    finalize 1.8852    
max lb tensor(-922.) min lb tensor(-1168.)
Number of Verified Splits: 0 of 256
Current worst splitting domains lb-rhs (depth):
-1168.00000 (8), -1168.00000 (3), -1168.00000 (17), -1168.00000 (8), -1168.00000 (13), -1168.00000 (15), -1168.00000 (18), -1168.00000 (7), -1168.00000 (10), -1168.00000 (5), -1168.00000 (12), -1168.00000 (5), -1168.00000 (2), -1168.00000 (4), -1168.00000 (10), -1168.00000 (16), -1168.00000 (12), -1168.00000 (16), -1168.00000 (7), -1168.00000 (17), 
Length of domains: 2216
Current (lb-rhs): -1168.0
4348 domains visited
Time: pickout 0.0369    decision 0.1278    set_bounds 0.0049    solve 0.5002    add 0.0907    
Accumulated time: pickout 0.6209    decision 2.7324    set_bounds 0.0928    solve 10.1482    add 2.5091    
Cumulative time: 16.242321252822876

BaB round 19
batch: 128
splitting decisions: 
split level 0: [/74, 486] [/74, 874] [/74, 619] [/74, 508] [/74, 874] [/74, 486] [/74, 537] [/74, 904] [/74, 537] [/74, 141] 
best_l after optimization: -268002.375
beta sum per layer: [0.0, 0.0, 0.0, 1.9516561031341553]
alpha/beta optimization time: 0.39080214500427246
pruning_in_iteration open status: False
ratio of positive domain = 0 / 256 = 0.0
pruning-in-iteration extra time: 7.414817810058594e-05
torch.Size([256, 1])
Time: prepare 0.0028    bound 0.3921    transfer 0.0036    finalize 0.0981    func 0.4967    
Accumulated time: func 10.6359    prepare 0.1252    bound 8.5034    transfer 0.0821    finalize 1.9833    
max lb tensor(-922.) min lb tensor(-1168.)
Number of Verified Splits: 0 of 256
Current worst splitting domains lb-rhs (depth):
-1168.00000 (17), -1168.00000 (6), -1168.00000 (19), -1168.00000 (15), -1168.00000 (8), -1168.00000 (13), -1168.00000 (16), -1168.00000 (17), -1168.00000 (14), -1168.00000 (3), -1168.00000 (16), -1168.00000 (11), -1168.00000 (9), -1168.00000 (2), -1168.00000 (12), -1168.00000 (19), -1168.00000 (4), -1168.00000 (19), -1168.00000 (18), -1168.00000 (13), 
Length of domains: 2344
Current (lb-rhs): -1168.0
4604 domains visited
Time: pickout 0.0380    decision 0.1275    set_bounds 0.0048    solve 0.4973    add 0.0868    
Accumulated time: pickout 0.6589    decision 2.8599    set_bounds 0.0976    solve 10.6455    add 2.5959    
Cumulative time: 16.999133825302124

BaB round 20
batch: 128
splitting decisions: 
split level 0: [/74, 167] [/74, 602] [/74, 931] [/74, 356] [/74, 602] [/74, 502] [/74, 934] [/74, 874] [/74, 934] [/74, 874] 
best_l after optimization: -268001.9375
beta sum per layer: [0.0, 0.0, 0.0, 2.2100682258605957]
alpha/beta optimization time: 0.39226484298706055
pruning_in_iteration open status: False
ratio of positive domain = 0 / 256 = 0.0
pruning-in-iteration extra time: 7.319450378417969e-05
torch.Size([256, 1])
Time: prepare 0.0028    bound 0.3936    transfer 0.0045    finalize 0.0995    func 0.5004    
Accumulated time: func 11.1363    prepare 0.1293    bound 8.8969    transfer 0.0866    finalize 2.0829    
max lb tensor(-922.) min lb tensor(-1168.)
Number of Verified Splits: 0 of 256
Current worst splitting domains lb-rhs (depth):
-1168.00000 (12), -1168.00000 (17), -1168.00000 (20), -1168.00000 (7), -1168.00000 (20), -1168.00000 (18), -1168.00000 (4), -1168.00000 (7), -1168.00000 (10), -1168.00000 (15), -1168.00000 (16), -1168.00000 (18), -1168.00000 (7), -1168.00000 (13), -1168.00000 (14), -1168.00000 (20), -1168.00000 (13), -1168.00000 (6), -1168.00000 (2), -1168.00000 (15), 
Length of domains: 2472
Current (lb-rhs): -1168.0
4860 domains visited
Time: pickout 0.0356    decision 0.1265    set_bounds 0.0047    solve 0.5009    add 0.0860    
Accumulated time: pickout 0.6945    decision 2.9864    set_bounds 0.1024    solve 11.1464    add 2.6819    
Cumulative time: 17.75762438774109

BaB round 21
batch: 128
splitting decisions: 
split level 0: [/74, 502] [/74, 781] [/74, 508] [/74, 141] [/74, 161] [/74, 551] [/74, 931] [/74, 602] [/74, 931] [/74, 161] 
best_l after optimization: -268003.0625
beta sum per layer: [0.0, 0.0, 0.0, 2.071822166442871]
alpha/beta optimization time: 0.3862144947052002
pruning_in_iteration open status: False
ratio of positive domain = 0 / 256 = 0.0
pruning-in-iteration extra time: 3.4332275390625e-05
torch.Size([256, 1])
Time: prepare 0.0030    bound 0.3875    transfer 0.0039    finalize 0.0967    func 0.4911    
Accumulated time: func 11.6274    prepare 0.1337    bound 9.2845    transfer 0.0905    finalize 2.1795    
max lb tensor(-922.) min lb tensor(-1168.)
Number of Verified Splits: 0 of 256
Current worst splitting domains lb-rhs (depth):
-1168.00000 (21), -1168.00000 (19), -1168.00000 (3), -1168.00000 (10), -1168.00000 (17), -1168.00000 (12), -1168.00000 (9), -1168.00000 (3), -1168.00000 (14), -1168.00000 (4), -1168.00000 (15), -1168.00000 (18), -1168.00000 (5), -1168.00000 (16), -1168.00000 (18), -1168.00000 (7), -1168.00000 (9), -1168.00000 (11), -1168.00000 (19), -1168.00000 (12), 
Length of domains: 2600
Current (lb-rhs): -1168.0
5116 domains visited
Time: pickout 0.0377    decision 0.1284    set_bounds 0.0049    solve 0.4916    add 0.0795    
Accumulated time: pickout 0.7322    decision 3.1148    set_bounds 0.1073    solve 11.6381    add 2.7614    
Cumulative time: 18.501583576202393

BaB round 22
batch: 128
splitting decisions: 
split level 0: [/74, 408] [/74, 90] [/74, 141] [/74, 874] [/74, 502] [/74, 408] [/74, 251] [/74, 486] [/74, 508] [/74, 167] 
best_l after optimization: -268002.25
beta sum per layer: [0.0, 0.0, 0.0, 2.06052303314209]
alpha/beta optimization time: 0.43390750885009766
pruning_in_iteration open status: False
ratio of positive domain = 0 / 256 = 0.0
pruning-in-iteration extra time: 0.000102996826171875
torch.Size([256, 1])
Time: prepare 0.0029    bound 0.4354    transfer 0.0042    finalize 0.0960    func 0.5385    
Accumulated time: func 12.1659    prepare 0.1380    bound 9.7199    transfer 0.0947    finalize 2.2755    
max lb tensor(-922.) min lb tensor(-1168.)
Number of Verified Splits: 0 of 256
Current worst splitting domains lb-rhs (depth):
-1168.00000 (15), -1168.00000 (12), -1168.00000 (22), -1168.00000 (20), -1168.00000 (13), -1168.00000 (7), -1168.00000 (18), -1168.00000 (9), -1168.00000 (22), -1168.00000 (3), -1168.00000 (22), -1168.00000 (20), -1168.00000 (7), -1168.00000 (11), -1168.00000 (17), -1168.00000 (13), -1168.00000 (9), -1168.00000 (4), -1168.00000 (6), -1168.00000 (20), 
Length of domains: 2728
Current (lb-rhs): -1168.0
5372 domains visited
Time: pickout 0.0333    decision 0.1278    set_bounds 0.0049    solve 0.5390    add 0.0793    
Accumulated time: pickout 0.7654    decision 3.2426    set_bounds 0.1122    solve 12.1771    add 2.8407    
Cumulative time: 19.287700414657593

BaB round 23
batch: 128
splitting decisions: 
split level 0: [/74, 781] [/74, 867] [/74, 486] [/74, 602] [/74, 781] [/74, 447] [/74, 356] [/74, 502] [/74, 904] [/74, 502] 
best_l after optimization: -268002.0
beta sum per layer: [0.0, 0.0, 0.0, 2.3071813583374023]
alpha/beta optimization time: 0.47675156593322754
pruning_in_iteration open status: False
ratio of positive domain = 0 / 256 = 0.0
pruning-in-iteration extra time: 0.00022220611572265625
torch.Size([256, 1])
Time: prepare 0.0028    bound 0.4782    transfer 0.0038    finalize 0.0942    func 0.5791    
Accumulated time: func 12.7450    prepare 0.1433    bound 10.1981    transfer 0.0985    finalize 2.3697    
max lb tensor(-922.) min lb tensor(-1168.)
Number of Verified Splits: 0 of 256
Current worst splitting domains lb-rhs (depth):
-1168.00000 (4), -1168.00000 (23), -1168.00000 (20), -1168.00000 (18), -1168.00000 (7), -1168.00000 (3), -1168.00000 (12), -1168.00000 (16), -1168.00000 (14), -1168.00000 (9), -1168.00000 (23), -1168.00000 (22), -1168.00000 (5), -1168.00000 (13), -1168.00000 (5), -1168.00000 (18), -1168.00000 (8), -1168.00000 (20), -1168.00000 (7), -1168.00000 (10), 
Length of domains: 2856
Current (lb-rhs): -1168.0
5628 domains visited
Time: pickout 0.0349    decision 0.1377    set_bounds 0.0048    solve 0.5796    add 0.0831    
Accumulated time: pickout 0.8003    decision 3.3803    set_bounds 0.1170    solve 12.7566    add 2.9238    
Cumulative time: 20.129618883132935

BaB round 24
batch: 128
splitting decisions: 
split level 0: [/74, 867] [/74, 417] [/74, 167] [/74, 161] [/74, 90] [/74, 680] [/74, 551] [/74, 551] [/74, 141] [/74, 408] 
best_l after optimization: -268002.6875
beta sum per layer: [0.0, 0.0, 0.0, 2.179713726043701]
alpha/beta optimization time: 0.8559489250183105
pruning_in_iteration open status: False
ratio of positive domain = 0 / 256 = 0.0
pruning-in-iteration extra time: 0.0002684593200683594
torch.Size([256, 1])
Time: prepare 0.0037    bound 0.8575    transfer 0.0040    finalize 0.0931    func 0.9584    
Accumulated time: func 13.7033    prepare 0.1571    bound 11.0556    transfer 0.1025    finalize 2.4628    
max lb tensor(-922.) min lb tensor(-1168.)
Number of Verified Splits: 0 of 256
Current worst splitting domains lb-rhs (depth):
-1168.00000 (12), -1168.00000 (21), -1168.00000 (14), -1168.00000 (20), -1168.00000 (4), -1168.00000 (5), -1168.00000 (24), -1168.00000 (17), -1168.00000 (7), -1168.00000 (10), -1168.00000 (24), -1168.00000 (8), -1168.00000 (14), -1168.00000 (22), -1168.00000 (18), -1168.00000 (23), -1168.00000 (20), -1168.00000 (10), -1168.00000 (22), -1168.00000 (7), 
Length of domains: 2984
Current (lb-rhs): -1168.0
5884 domains visited
Time: pickout 0.0362    decision 0.3055    set_bounds 0.0051    solve 0.9589    add 0.0823    
Accumulated time: pickout 0.8365    decision 3.6858    set_bounds 0.1221    solve 13.7155    add 3.0061    
Cumulative time: 21.519100427627563

BaB round 25
batch: 128
splitting decisions: 
split level 0: [/74, 680] [/74, 310] [/74, 502] [/74, 408] [/74, 867] [/74, 749] [/74, 408] [/74, 408] [/74, 602] [/74, 90] 
best_l after optimization: -268002.1875
beta sum per layer: [0.0, 0.0, 0.0, 2.157198905944824]
alpha/beta optimization time: 0.5405299663543701
pruning_in_iteration open status: False
ratio of positive domain = 0 / 256 = 0.0
pruning-in-iteration extra time: 6.580352783203125e-05
torch.Size([256, 1])
Time: prepare 0.0038    bound 0.5418    transfer 0.0036    finalize 0.0924    func 0.6417    
Accumulated time: func 14.3450    prepare 0.1724    bound 11.5975    transfer 0.1061    finalize 2.5552    
max lb tensor(-922.) min lb tensor(-1168.)
Number of Verified Splits: 0 of 256
Current worst splitting domains lb-rhs (depth):
-1168.00000 (11), -1168.00000 (16), -1168.00000 (19), -1168.00000 (10), -1168.00000 (7), -1168.00000 (15), -1168.00000 (20), -1168.00000 (5), -1168.00000 (25), -1168.00000 (23), -1168.00000 (3), -1168.00000 (10), -1168.00000 (15), -1168.00000 (7), -1168.00000 (20), -1168.00000 (25), -1168.00000 (25), -1168.00000 (14), -1168.00000 (20), -1168.00000 (6), 
Length of domains: 3112
Current (lb-rhs): -1168.0
6140 domains visited
Time: pickout 0.0343    decision 0.3085    set_bounds 0.0051    solve 0.6422    add 0.0812    
Accumulated time: pickout 0.8708    decision 3.9943    set_bounds 0.1271    solve 14.3577    add 3.0872    
Cumulative time: 22.59190011024475

BaB round 26
batch: 128
splitting decisions: 
split level 0: [/74, 749] [/74, 127] [/74, 551] [/74, 781] [/74, 417] [/74, 257] [/74, 447] [/74, 417] [/74, 161] [/74, 417] 
best_l after optimization: -268001.75
beta sum per layer: [0.0, 0.0, 0.0, 2.316495895385742]
alpha/beta optimization time: 0.3879060745239258
pruning_in_iteration open status: False
ratio of positive domain = 0 / 256 = 0.0
pruning-in-iteration extra time: 3.361701965332031e-05
torch.Size([256, 1])
Time: prepare 0.0028    bound 0.3892    transfer 0.0039    finalize 0.0988    func 0.4947    
Accumulated time: func 14.8397    prepare 0.1765    bound 11.9866    transfer 0.1100    finalize 2.6540    
max lb tensor(-922.) min lb tensor(-1168.)
Number of Verified Splits: 0 of 256
Current worst splitting domains lb-rhs (depth):
-1168.00000 (4), -1168.00000 (18), -1168.00000 (9), -1168.00000 (12), -1168.00000 (10), -1168.00000 (9), -1168.00000 (3), -1168.00000 (22), -1168.00000 (6), -1168.00000 (24), -1168.00000 (25), -1168.00000 (15), -1168.00000 (5), -1168.00000 (26), -1168.00000 (18), -1168.00000 (7), -1168.00000 (15), -1168.00000 (26), -1168.00000 (20), -1168.00000 (3), 
Length of domains: 3240
Current (lb-rhs): -1168.0
6396 domains visited
Time: pickout 0.0354    decision 0.1269    set_bounds 0.0048    solve 0.4952    add 0.0805    
Accumulated time: pickout 0.9062    decision 4.1212    set_bounds 0.1320    solve 14.8529    add 3.1677    
Cumulative time: 23.33639430999756

BaB round 27
batch: 128
splitting decisions: 
split level 0: [/74, 257] [/74, 820] [/74, 408] [/74, 90] [/74, 820] [/74, 127] [/74, 90] [/74, 680] [/74, 502] [/74, 680] 
best_l after optimization: -268003.21875
beta sum per layer: [0.0, 0.0, 0.0, 2.198965072631836]
alpha/beta optimization time: 0.5401394367218018
pruning_in_iteration open status: False
ratio of positive domain = 0 / 256 = 0.0
pruning-in-iteration extra time: 0.00022029876708984375
torch.Size([256, 1])
Time: prepare 0.0033    bound 0.5416    transfer 0.0036    finalize 0.0961    func 0.6447    
Accumulated time: func 15.4843    prepare 0.1822    bound 12.5282    transfer 0.1136    finalize 2.7501    
max lb tensor(-922.) min lb tensor(-1168.)
Number of Verified Splits: 0 of 256
Current worst splitting domains lb-rhs (depth):
-1168.00000 (19), -1168.00000 (3), -1168.00000 (25), -1168.00000 (19), -1168.00000 (9), -1168.00000 (15), -1168.00000 (21), -1168.00000 (24), -1168.00000 (16), -1168.00000 (27), -1168.00000 (12), -1168.00000 (5), -1168.00000 (7), -1168.00000 (7), -1168.00000 (11), -1168.00000 (22), -1168.00000 (14), -1168.00000 (9), -1168.00000 (17), -1168.00000 (7), 
Length of domains: 3368
Current (lb-rhs): -1168.0
6652 domains visited
Time: pickout 0.0347    decision 0.1510    set_bounds 0.0051    solve 0.6452    add 0.0812    
Accumulated time: pickout 0.9408    decision 4.2722    set_bounds 0.1371    solve 15.4981    add 3.2490    
Cumulative time: 24.25511860847473

BaB round 28
batch: 128
splitting decisions: 
split level 0: [/74, 310] [/74, 696] [/74, 447] [/74, 867] [/74, 627] [/74, 627] [/74, 749] [/74, 749] [/74, 447] [/74, 257] 
best_l after optimization: -268002.3125
beta sum per layer: [0.0, 0.0, 0.0, 2.1618523597717285]
alpha/beta optimization time: 0.3924405574798584
pruning_in_iteration open status: False
ratio of positive domain = 0 / 256 = 0.0
pruning-in-iteration extra time: 3.528594970703125e-05
torch.Size([256, 1])
Time: prepare 0.0028    bound 0.3938    transfer 0.0039    finalize 0.0976    func 0.4982    
Accumulated time: func 15.9825    prepare 0.1864    bound 12.9220    transfer 0.1175    finalize 2.8477    
max lb tensor(-922.) min lb tensor(-1168.)
Number of Verified Splits: 0 of 256
Current worst splitting domains lb-rhs (depth):
-1168.00000 (13), -1168.00000 (10), -1168.00000 (16), -1168.00000 (11), -1168.00000 (28), -1168.00000 (8), -1168.00000 (3), -1168.00000 (19), -1168.00000 (23), -1168.00000 (5), -1168.00000 (6), -1168.00000 (27), -1168.00000 (24), -1168.00000 (25), -1168.00000 (9), -1168.00000 (19), -1168.00000 (17), -1168.00000 (25), -1168.00000 (26), -1168.00000 (18), 
Length of domains: 3496
Current (lb-rhs): -1168.0
6908 domains visited
Time: pickout 0.0334    decision 0.1279    set_bounds 0.0049    solve 0.4987    add 0.0831    
Accumulated time: pickout 0.9742    decision 4.4001    set_bounds 0.1420    solve 15.9968    add 3.3321    
Cumulative time: 25.004757404327393

BaB round 29
batch: 128
splitting decisions: 
split level 0: [/74, 127] [/74, 243] [/74, 867] [/74, 680] [/74, 538] [/74, 607] [/74, 820] [/74, 310] [/74, 781] [/74, 174] 
best_l after optimization: -268001.9375
beta sum per layer: [0.0, 0.0, 0.0, 2.3839707374572754]
alpha/beta optimization time: 0.38887500762939453
pruning_in_iteration open status: False
ratio of positive domain = 0 / 256 = 0.0
pruning-in-iteration extra time: 3.62396240234375e-05
torch.Size([256, 1])
Time: prepare 0.0028    bound 0.3901    transfer 0.0035    finalize 0.2180    func 0.6145    
Accumulated time: func 16.5970    prepare 0.1906    bound 13.3122    transfer 0.1211    finalize 3.0657    
max lb tensor(-922.) min lb tensor(-1168.)
Number of Verified Splits: 0 of 256
Current worst splitting domains lb-rhs (depth):
-1168.00000 (17), -1168.00000 (16), -1168.00000 (12), -1168.00000 (16), -1168.00000 (28), -1168.00000 (4), -1168.00000 (21), -1168.00000 (12), -1168.00000 (28), -1168.00000 (24), -1168.00000 (7), -1168.00000 (24), -1168.00000 (17), -1168.00000 (28), -1168.00000 (4), -1168.00000 (12), -1168.00000 (21), -1168.00000 (17), -1168.00000 (3), -1168.00000 (3), 
Length of domains: 3624
Current (lb-rhs): -1168.0
7164 domains visited
Time: pickout 0.0342    decision 0.1270    set_bounds 0.0049    solve 0.6150    add 0.0789    
Accumulated time: pickout 1.0084    decision 4.5271    set_bounds 0.1468    solve 16.6118    add 3.4110    
Cumulative time: 25.867090225219727

BaB round 30
batch: 128
splitting decisions: 
split level 0: [/74, 820] [/74, 607] [/74, 680] [/74, 749] [/74, 625] [/74, 662] [/74, 174] [/74, 174] [/74, 90] [/74, 454] 
best_l after optimization: -268003.09375
beta sum per layer: [0.0, 0.0, 0.0, 2.3618197441101074]
alpha/beta optimization time: 0.3999502658843994
pruning_in_iteration open status: False
ratio of positive domain = 0 / 256 = 0.0
pruning-in-iteration extra time: 0.00010967254638671875
torch.Size([256, 1])
Time: prepare 0.0028    bound 0.4013    transfer 0.0038    finalize 0.1015    func 0.5095    
Accumulated time: func 17.1065    prepare 0.1947    bound 13.7135    transfer 0.1249    finalize 3.1672    
max lb tensor(-922.) min lb tensor(-1168.)
Number of Verified Splits: 0 of 256
Current worst splitting domains lb-rhs (depth):
-1168.00000 (19), -1168.00000 (26), -1168.00000 (5), -1168.00000 (27), -1168.00000 (17), -1168.00000 (18), -1168.00000 (8), -1168.00000 (10), -1168.00000 (3), -1168.00000 (28), -1168.00000 (7), -1168.00000 (4), -1168.00000 (25), -1168.00000 (11), -1168.00000 (11), -1168.00000 (21), -1168.00000 (19), -1168.00000 (29), -1168.00000 (13), -1168.00000 (30), 
Length of domains: 3752
Current (lb-rhs): -1168.0
7420 domains visited
Time: pickout 0.0379    decision 0.1280    set_bounds 0.0050    solve 0.5100    add 0.0837    
Accumulated time: pickout 1.0462    decision 4.6551    set_bounds 0.1518    solve 17.1217    add 3.4947    
Cumulative time: 26.633890390396118

BaB round 31
batch: 128
splitting decisions: 
split level 0: [/74, 696] [/74, 50] [/74, 749] [/74, 310] [/74, 483] [/74, 50] [/74, 454] [/74, 243] [/74, 867] [/74, 627] 
best_l after optimization: -268002.375
beta sum per layer: [0.0, 0.0, 0.0, 2.501676082611084]
alpha/beta optimization time: 0.3914673328399658
pruning_in_iteration open status: False
ratio of positive domain = 0 / 256 = 0.0
pruning-in-iteration extra time: 3.6716461181640625e-05
torch.Size([256, 1])
Time: prepare 0.0028    bound 0.3927    transfer 0.0038    finalize 0.1024    func 0.5018    
Accumulated time: func 17.6083    prepare 0.1989    bound 14.1062    transfer 0.1287    finalize 3.2696    
max lb tensor(-922.) min lb tensor(-1168.)
Number of Verified Splits: 0 of 256
Current worst splitting domains lb-rhs (depth):
-1168.00000 (30), -1168.00000 (6), -1168.00000 (31), -1168.00000 (27), -1168.00000 (7), -1168.00000 (12), -1168.00000 (13), -1168.00000 (17), -1168.00000 (23), -1168.00000 (19), -1168.00000 (9), -1168.00000 (4), -1168.00000 (3), -1168.00000 (5), -1168.00000 (30), -1168.00000 (11), -1168.00000 (25), -1168.00000 (28), -1168.00000 (20), -1168.00000 (23), 
Length of domains: 3880
Current (lb-rhs): -1168.0
7676 domains visited
Time: pickout 0.0375    decision 0.1268    set_bounds 0.0050    solve 0.5023    add 0.0828    
Accumulated time: pickout 1.0837    decision 4.7819    set_bounds 0.1568    solve 17.6240    add 3.5774    
Cumulative time: 27.3904812335968

BaB round 32
batch: 128
splitting decisions: 
split level 0: [/74, 627] [/74, 538] [/74, 127] [/74, 127] [/74, 301] [/74, 547] [/74, 696] [/74, 627] [/74, 417] [/74, 662] 
best_l after optimization: -268002.96875
beta sum per layer: [0.0, 0.0, 0.0, 2.4055910110473633]
alpha/beta optimization time: 0.40599942207336426
pruning_in_iteration open status: False
ratio of positive domain = 0 / 256 = 0.0
pruning-in-iteration extra time: 3.6716461181640625e-05
torch.Size([256, 1])
Time: prepare 0.0032    bound 0.4074    transfer 0.0041    finalize 0.1089    func 0.5235    
Accumulated time: func 18.1318    prepare 0.2039    bound 14.5136    transfer 0.1327    finalize 3.3785    
max lb tensor(-922.) min lb tensor(-1168.)
Number of Verified Splits: 0 of 256
Current worst splitting domains lb-rhs (depth):
-1168.00000 (26), -1168.00000 (16), -1168.00000 (18), -1168.00000 (3), -1168.00000 (7), -1168.00000 (5), -1168.00000 (12), -1168.00000 (22), -1168.00000 (25), -1168.00000 (3), -1168.00000 (14), -1168.00000 (16), -1168.00000 (18), -1168.00000 (23), -1168.00000 (10), -1168.00000 (32), -1168.00000 (28), -1168.00000 (30), -1168.00000 (10), -1168.00000 (21), 
Length of domains: 4008
Current (lb-rhs): -1168.0
7932 domains visited
Time: pickout 0.0358    decision 0.1327    set_bounds 0.0055    solve 0.5240    add 0.0851    
Accumulated time: pickout 1.1195    decision 4.9146    set_bounds 0.1623    solve 18.1480    add 3.6626    
Cumulative time: 28.176138401031494

BaB round 33
batch: 128
splitting decisions: 
split level 0: [/74, 50] [/74, 952] [/74, 820] [/74, 820] [/74, 262] [/74, 483] [/74, 243] [/74, 538] [/74, 680] [/74, 50] 
best_l after optimization: -268002.0625
beta sum per layer: [0.0, 0.0, 0.0, 2.3821284770965576]
alpha/beta optimization time: 0.3926527500152588
pruning_in_iteration open status: False
ratio of positive domain = 0 / 256 = 0.0
pruning-in-iteration extra time: 3.409385681152344e-05
torch.Size([256, 1])
Time: prepare 0.0029    bound 0.3939    transfer 0.0035    finalize 0.1001    func 0.5004    
Accumulated time: func 18.6322    prepare 0.2081    bound 14.9075    transfer 0.1363    finalize 3.4786    
max lb tensor(-922.) min lb tensor(-1168.)
Number of Verified Splits: 0 of 256
Current worst splitting domains lb-rhs (depth):
-1168.00000 (33), -1168.00000 (3), -1168.00000 (19), -1168.00000 (28), -1168.00000 (11), -1168.00000 (24), -1168.00000 (27), -1168.00000 (32), -1168.00000 (4), -1168.00000 (18), -1168.00000 (13), -1168.00000 (33), -1168.00000 (29), -1168.00000 (9), -1168.00000 (8), -1168.00000 (6), -1168.00000 (21), -1168.00000 (15), -1168.00000 (23), -1168.00000 (19), 
Length of domains: 4136
Current (lb-rhs): -1168.0
8188 domains visited
Time: pickout 0.0389    decision 0.1280    set_bounds 0.0050    solve 0.5009    add 1.5735    
Accumulated time: pickout 1.1584    decision 5.0426    set_bounds 0.1673    solve 18.6490    add 5.2361    
Cumulative time: 30.426681995391846

BaB round 34
batch: 128
splitting decisions: 
split level 0: [/74, 952] [/74, 625] [/74, 174] [/74, 174] [/74, 526] [/74, 262] [/74, 547] [/74, 952] [/74, 127] [/74, 538] 
best_l after optimization: -268002.0625
beta sum per layer: [0.0, 0.0, 0.0, 2.3760440349578857]
alpha/beta optimization time: 0.3925211429595947
pruning_in_iteration open status: False
ratio of positive domain = 0 / 256 = 0.0
pruning-in-iteration extra time: 3.6716461181640625e-05
torch.Size([256, 1])
Time: prepare 0.0028    bound 0.3938    transfer 0.0038    finalize 0.0894    func 0.4898    
Accumulated time: func 19.1221    prepare 0.2123    bound 15.3013    transfer 0.1400    finalize 3.5680    
max lb tensor(-922.) min lb tensor(-1168.)
Number of Verified Splits: 0 of 256
Current worst splitting domains lb-rhs (depth):
-1168.00000 (30), -1168.00000 (17), -1168.00000 (3), -1168.00000 (5), -1168.00000 (9), -1168.00000 (3), -1168.00000 (12), -1168.00000 (27), -1168.00000 (34), -1168.00000 (3), -1168.00000 (23), -1168.00000 (20), -1168.00000 (9), -1168.00000 (6), -1168.00000 (30), -1168.00000 (13), -1168.00000 (25), -1168.00000 (4), -1168.00000 (34), -1168.00000 (16), 
Length of domains: 4264
Current (lb-rhs): -1168.0
8444 domains visited
Time: pickout 0.0380    decision 0.1277    set_bounds 0.0050    solve 0.4903    add 0.0879    
Accumulated time: pickout 1.1964    decision 5.1703    set_bounds 0.1723    solve 19.1393    add 5.3240    
Cumulative time: 31.17791199684143

BaB round 35
batch: 128
splitting decisions: 
split level 0: [/74, 625] [/74, 547] [/74, 454] [/74, 454] [/74, 22] [/74, 281] [/74, 483] [/74, 547] [/74, 820] [/74, 625] 
best_l after optimization: -268002.0
beta sum per layer: [0.0, 0.0, 0.0, 2.5509486198425293]
alpha/beta optimization time: 0.42383360862731934
pruning_in_iteration open status: False
ratio of positive domain = 0 / 256 = 0.0
pruning-in-iteration extra time: 0.00016236305236816406
torch.Size([256, 1])
Time: prepare 0.0030    bound 0.4255    transfer 0.0037    finalize 0.0841    func 0.5164    
Accumulated time: func 19.6384    prepare 0.2168    bound 15.7269    transfer 0.1437    finalize 3.6521    
max lb tensor(-922.) min lb tensor(-1168.)
Number of Verified Splits: 0 of 256
Current worst splitting domains lb-rhs (depth):
-1168.00000 (35), -1168.00000 (15), -1168.00000 (3), -1168.00000 (22), -1168.00000 (10), -1168.00000 (29), -1168.00000 (7), -1168.00000 (19), -1168.00000 (32), -1168.00000 (28), -1168.00000 (26), -1168.00000 (5), -1168.00000 (35), -1168.00000 (27), -1168.00000 (3), -1168.00000 (8), -1168.00000 (12), -1168.00000 (29), -1168.00000 (23), -1168.00000 (15), 
Length of domains: 4392
Current (lb-rhs): -1168.0
8700 domains visited
Time: pickout 0.0386    decision 0.1315    set_bounds 0.0055    solve 0.5169    add 0.0864    
Accumulated time: pickout 1.2350    decision 5.3018    set_bounds 0.1779    solve 19.6563    add 5.4104    
Cumulative time: 31.959145069122314

BaB round 36
batch: 128
splitting decisions: 
split level 0: [/74, 301] [/74, 385] [/74, 627] [/74, 696] [/74, 355] [/74, 392] [/74, 262] [/74, 385] [/74, 174] [/74, 547] 
best_l after optimization: -268003.3125
beta sum per layer: [0.0, 0.0, 0.0, 2.491957426071167]
alpha/beta optimization time: 0.41670703887939453
pruning_in_iteration open status: False
ratio of positive domain = 0 / 256 = 0.0
pruning-in-iteration extra time: 9.274482727050781e-05
torch.Size([256, 1])
Time: prepare 0.0030    bound 0.4181    transfer 0.0036    finalize 0.0889    func 0.5136    
Accumulated time: func 20.1520    prepare 0.2219    bound 16.1450    transfer 0.1473    finalize 3.7409    
max lb tensor(-922.) min lb tensor(-1168.)
Number of Verified Splits: 0 of 256
Current worst splitting domains lb-rhs (depth):
-1168.00000 (21), -1168.00000 (29), -1168.00000 (18), -1168.00000 (20), -1168.00000 (33), -1168.00000 (13), -1168.00000 (33), -1168.00000 (30), -1168.00000 (11), -1168.00000 (9), -1168.00000 (24), -1168.00000 (36), -1168.00000 (26), -1168.00000 (6), -1168.00000 (18), -1168.00000 (5), -1168.00000 (14), -1168.00000 (4), -1168.00000 (32), -1168.00000 (14), 
Length of domains: 4520
Current (lb-rhs): -1168.0
8956 domains visited
Time: pickout 0.0403    decision 0.1451    set_bounds 0.0052    solve 0.5141    add 0.0843    
Accumulated time: pickout 1.2753    decision 5.4468    set_bounds 0.1831    solve 20.1703    add 5.4947    
Cumulative time: 32.75036597251892

BaB round 37
batch: 128
splitting decisions: 
split level 0: [/74, 526] [/74, 301] [/74, 662] [/74, 243] [/74, 540] [/74, 22] [/74, 281] [/74, 483] [/74, 454] [/74, 385] 
best_l after optimization: -268003.0
beta sum per layer: [0.0, 0.0, 0.0, 2.490328311920166]
alpha/beta optimization time: 0.3953087329864502
pruning_in_iteration open status: False
ratio of positive domain = 0 / 256 = 0.0
pruning-in-iteration extra time: 0.00010442733764648438
torch.Size([256, 1])
Time: prepare 0.0029    bound 0.3967    transfer 0.0038    finalize 0.0888    func 0.4922    
Accumulated time: func 20.6442    prepare 0.2275    bound 16.5417    transfer 0.1510    finalize 3.8297    
max lb tensor(-922.) min lb tensor(-1168.)
Number of Verified Splits: 0 of 256
Current worst splitting domains lb-rhs (depth):
-1168.00000 (19), -1168.00000 (5), -1168.00000 (34), -1168.00000 (10), -1168.00000 (31), -1168.00000 (14), -1168.00000 (16), -1168.00000 (8), -1168.00000 (22), -1168.00000 (37), -1168.00000 (35), -1168.00000 (5), -1168.00000 (14), -1168.00000 (26), -1168.00000 (11), -1168.00000 (21), -1168.00000 (3), -1168.00000 (9), -1168.00000 (22), -1168.00000 (13), 
Length of domains: 4648
Current (lb-rhs): -1168.0
9212 domains visited
Time: pickout 0.0353    decision 0.2563    set_bounds 0.0051    solve 0.4927    add 0.0859    
Accumulated time: pickout 1.3106    decision 5.7031    set_bounds 0.1882    solve 20.6630    add 5.5806    
Cumulative time: 33.62815713882446

BaB round 38
batch: 128
splitting decisions: 
split level 0: [/74, 281] [/74, 526] [/74, 952] [/74, 607] [/74, 713] [/74, 540] [/74, 392] [/74, 281] [/74, 696] [/74, 483] 
best_l after optimization: -268002.5
beta sum per layer: [0.0, 0.0, 0.0, 2.5233583450317383]
alpha/beta optimization time: 0.3952646255493164
pruning_in_iteration open status: False
ratio of positive domain = 0 / 256 = 0.0
pruning-in-iteration extra time: 3.910064697265625e-05
torch.Size([256, 1])
Time: prepare 0.0029    bound 0.3966    transfer 0.0041    finalize 0.0871    func 0.4907    
Accumulated time: func 21.1349    prepare 0.2318    bound 16.9383    transfer 0.1552    finalize 3.9168    
max lb tensor(-922.) min lb tensor(-1168.)
Number of Verified Splits: 0 of 256
Current worst splitting domains lb-rhs (depth):
-1168.00000 (16), -1168.00000 (28), -1168.00000 (18), -1168.00000 (4), -1168.00000 (17), -1168.00000 (28), -1168.00000 (17), -1168.00000 (29), -1168.00000 (17), -1168.00000 (4), -1168.00000 (38), -1168.00000 (29), -1168.00000 (38), -1168.00000 (16), -1168.00000 (29), -1168.00000 (16), -1168.00000 (30), -1168.00000 (15), -1168.00000 (15), -1168.00000 (37), 
Length of domains: 4776
Current (lb-rhs): -1168.0
9468 domains visited
Time: pickout 0.0392    decision 0.1277    set_bounds 0.0049    solve 0.4912    add 0.0830    
Accumulated time: pickout 1.3498    decision 5.8308    set_bounds 0.1931    solve 21.1542    add 5.6636    
Cumulative time: 34.37655735015869

BaB round 39
batch: 128
splitting decisions: 
split level 0: [/74, 22] [/74, 281] [/74, 625] [/74, 50] [/74, 495] [/74, 713] [/74, 347] [/74, 22] [/74, 243] [/74, 262] 
best_l after optimization: -268003.09375
beta sum per layer: [0.0, 0.0, 0.0, 2.4863922595977783]
alpha/beta optimization time: 0.3920164108276367
pruning_in_iteration open status: False
ratio of positive domain = 0 / 256 = 0.0
pruning-in-iteration extra time: 3.4809112548828125e-05
torch.Size([256, 1])
Time: prepare 0.0029    bound 0.3933    transfer 0.0041    finalize 0.0865    func 0.4868    
Accumulated time: func 21.6217    prepare 0.2360    bound 17.3316    transfer 0.1592    finalize 4.0033    
max lb tensor(-922.) min lb tensor(-1168.)
Number of Verified Splits: 0 of 256
Current worst splitting domains lb-rhs (depth):
-1168.00000 (32), -1168.00000 (29), -1168.00000 (25), -1168.00000 (19), -1168.00000 (31), -1168.00000 (37), -1168.00000 (11), -1168.00000 (33), -1168.00000 (28), -1168.00000 (16), -1168.00000 (23), -1168.00000 (4), -1168.00000 (26), -1168.00000 (3), -1168.00000 (20), -1168.00000 (39), -1168.00000 (8), -1168.00000 (37), -1168.00000 (15), -1168.00000 (19), 
Length of domains: 4904
Current (lb-rhs): -1168.0
9724 domains visited
Time: pickout 0.0359    decision 0.1283    set_bounds 0.0050    solve 0.4873    add 0.0851    
Accumulated time: pickout 1.3857    decision 5.9591    set_bounds 0.1982    solve 21.6416    add 5.7487    
Cumulative time: 35.12057423591614

BaB round 40
batch: 128
splitting decisions: 
split level 0: [/74, 347] [/74, 22] [/74, 547] [/74, 952] [/74, 868] [/74, 868] [/74, 645] [/74, 347] [/74, 627] [/74, 281] 
best_l after optimization: -268002.8125
beta sum per layer: [0.0, 0.0, 0.0, 2.509807586669922]
alpha/beta optimization time: 0.39458227157592773
pruning_in_iteration open status: False
ratio of positive domain = 0 / 256 = 0.0
pruning-in-iteration extra time: 3.5762786865234375e-05
torch.Size([256, 1])
Time: prepare 0.0029    bound 0.3959    transfer 0.0039    finalize 0.0860    func 0.4887    
Accumulated time: func 22.1105    prepare 0.2403    bound 17.7275    transfer 0.1631    finalize 4.0894    
max lb tensor(-922.) min lb tensor(-1168.)
Number of Verified Splits: 0 of 256
Current worst splitting domains lb-rhs (depth):
-1168.00000 (4), -1168.00000 (20), -1168.00000 (4), -1168.00000 (10), -1168.00000 (20), -1168.00000 (29), -1168.00000 (19), -1168.00000 (29), -1168.00000 (36), -1168.00000 (40), -1168.00000 (19), -1168.00000 (10), -1168.00000 (28), -1168.00000 (19), -1168.00000 (18), -1168.00000 (30), -1168.00000 (10), -1168.00000 (38), -1168.00000 (18), -1168.00000 (7), 
Length of domains: 5032
Current (lb-rhs): -1168.0
9980 domains visited
Time: pickout 0.0436    decision 0.1327    set_bounds 0.0050    solve 0.4893    add 0.0875    
Accumulated time: pickout 1.4293    decision 6.0918    set_bounds 0.2032    solve 22.1309    add 5.8362    
Cumulative time: 35.88096022605896

BaB round 41
batch: 128
splitting decisions: 
split level 0: [/74, 645] [/74, 355] [/74, 385] [/74, 625] [/74, 747] [/74, 747] [/74, 540] [/74, 868] [/74, 607] [/74, 22] 
best_l after optimization: -268002.09375
beta sum per layer: [0.0, 0.0, 0.0, 2.4886269569396973]
alpha/beta optimization time: 0.41003942489624023
pruning_in_iteration open status: False
ratio of positive domain = 0 / 256 = 0.0
pruning-in-iteration extra time: 3.814697265625e-05
torch.Size([256, 1])
Time: prepare 0.0031    bound 0.4114    transfer 0.0043    finalize 0.0852    func 0.5041    
Accumulated time: func 22.6146    prepare 0.2449    bound 18.1390    transfer 0.1674    finalize 4.1746    
max lb tensor(-922.) min lb tensor(-1168.)
Number of Verified Splits: 0 of 256
Current worst splitting domains lb-rhs (depth):
-1168.00000 (26), -1168.00000 (25), -1168.00000 (15), -1168.00000 (25), -1168.00000 (39), -1168.00000 (25), -1168.00000 (4), -1168.00000 (14), -1168.00000 (26), -1168.00000 (39), -1168.00000 (14), -1168.00000 (26), -1168.00000 (14), -1168.00000 (15), -1168.00000 (5), -1168.00000 (39), -1168.00000 (27), -1168.00000 (13), -1168.00000 (27), -1168.00000 (38), 
Length of domains: 5160
Current (lb-rhs): -1168.0
10236 domains visited
Time: pickout 0.0390    decision 0.1334    set_bounds 0.0052    solve 0.5046    add 0.0834    
Accumulated time: pickout 1.4683    decision 6.2252    set_bounds 0.2084    solve 22.6354    add 5.9195    
Cumulative time: 36.648865938186646

BaB round 42
batch: 128
splitting decisions: 
split level 0: [/74, 355] [/74, 540] [/74, 483] [/74, 547] [/74, 394] [/74, 369] [/74, 868] [/74, 394] [/74, 662] [/74, 645] 
best_l after optimization: -268001.9375
beta sum per layer: [0.0, 0.0, 0.0, 2.479524612426758]
alpha/beta optimization time: 0.3933115005493164
pruning_in_iteration open status: False
ratio of positive domain = 0 / 256 = 0.0
pruning-in-iteration extra time: 3.62396240234375e-05
torch.Size([256, 1])
Time: prepare 0.0029    bound 0.3947    transfer 0.0038    finalize 0.0849    func 0.4863    
Accumulated time: func 23.1008    prepare 0.2495    bound 18.5336    transfer 0.1712    finalize 4.2595    
max lb tensor(-922.) min lb tensor(-1168.)
Number of Verified Splits: 0 of 256
Current worst splitting domains lb-rhs (depth):
-1168.00000 (28), -1168.00000 (28), -1168.00000 (34), -1168.00000 (15), -1168.00000 (15), -1168.00000 (42), -1168.00000 (3), -1168.00000 (34), -1168.00000 (23), -1168.00000 (16), -1168.00000 (23), -1168.00000 (5), -1168.00000 (41), -1168.00000 (33), -1168.00000 (16), -1168.00000 (16), -1168.00000 (23), -1168.00000 (33), -1168.00000 (17), -1168.00000 (5), 
Length of domains: 5288
Current (lb-rhs): -1168.0
10492 domains visited
Time: pickout 0.0364    decision 0.1322    set_bounds 0.0051    solve 0.4868    add 0.0847    
Accumulated time: pickout 1.5047    decision 6.3574    set_bounds 0.2135    solve 23.1222    add 6.0042    
Cumulative time: 37.39647102355957

BaB round 43
batch: 128
splitting decisions: 
split level 0: [/74, 947] [/74, 713] [/74, 526] [/74, 301] [/74, 369] [/74, 421] [/74, 369] [/74, 369] [/74, 50] [/74, 355] 
best_l after optimization: -268001.90625
beta sum per layer: [0.0, 0.0, 0.0, 2.605947256088257]
alpha/beta optimization time: 0.39334535598754883
pruning_in_iteration open status: False
ratio of positive domain = 0 / 256 = 0.0
pruning-in-iteration extra time: 3.528594970703125e-05
torch.Size([256, 1])
Time: prepare 0.0028    bound 0.3946    transfer 0.0041    finalize 0.0861    func 0.4877    
Accumulated time: func 23.5886    prepare 0.2537    bound 18.9283    transfer 0.1753    finalize 4.3456    
max lb tensor(-922.) min lb tensor(-1168.)
Number of Verified Splits: 0 of 256
Current worst splitting domains lb-rhs (depth):
-1168.00000 (10), -1168.00000 (15), -1168.00000 (27), -1168.00000 (31), -1168.00000 (40), -1168.00000 (34), -1168.00000 (3), -1168.00000 (12), -1168.00000 (43), -1168.00000 (5), -1168.00000 (23), -1168.00000 (17), -1168.00000 (40), -1168.00000 (34), -1168.00000 (27), -1168.00000 (29), -1168.00000 (18), -1168.00000 (23), -1168.00000 (19), -1168.00000 (31), 
Length of domains: 5416
Current (lb-rhs): -1168.0
10748 domains visited
Time: pickout 0.0374    decision 0.1281    set_bounds 0.0049    solve 0.4883    add 0.0980    
Accumulated time: pickout 1.5421    decision 6.4855    set_bounds 0.2184    solve 23.6105    add 6.1022    
Cumulative time: 38.15550971031189

BaB round 44
batch: 128
splitting decisions: 
split level 0: [/74, 1001] [/74, 868] [/74, 281] [/74, 392] [/74, 947] [/74, 274] [/74, 763] [/74, 766] [/74, 538] [/74, 713] 
best_l after optimization: -268002.71875
beta sum per layer: [0.0, 0.0, 0.0, 2.572673797607422]
alpha/beta optimization time: 0.3924415111541748
pruning_in_iteration open status: False
ratio of positive domain = 0 / 256 = 0.0
pruning-in-iteration extra time: 3.528594970703125e-05
torch.Size([256, 1])
Time: prepare 0.0028    bound 0.3937    transfer 0.0038    finalize 0.0830    func 0.4834    
Accumulated time: func 24.0719    prepare 0.2580    bound 19.3220    transfer 0.1791    finalize 4.4286    
max lb tensor(-922.) min lb tensor(-1168.)
Number of Verified Splits: 0 of 256
Current worst splitting domains lb-rhs (depth):
-1168.00000 (20), -1168.00000 (6), -1168.00000 (11), -1168.00000 (15), -1168.00000 (44), -1168.00000 (3), -1168.00000 (20), -1168.00000 (24), -1168.00000 (39), -1168.00000 (11), -1168.00000 (5), -1168.00000 (32), -1168.00000 (33), -1168.00000 (36), -1168.00000 (26), -1168.00000 (43), -1168.00000 (12), -1168.00000 (29), -1168.00000 (34), -1168.00000 (25), 
Length of domains: 5544
Current (lb-rhs): -1168.0
11004 domains visited
Time: pickout 0.0369    decision 0.1292    set_bounds 0.0050    solve 0.4839    add 0.0833    
Accumulated time: pickout 1.5791    decision 6.6147    set_bounds 0.2234    solve 24.0943    add 6.1855    
Cumulative time: 38.89638018608093

BaB round 45
batch: 128
splitting decisions: 
split level 0: [/74, 413] [/74, 394] [/74, 22] [/74, 347] [/74, 763] [/74, 1001] [/74, 819] [/74, 925] [/74, 625] [/74, 947] 
best_l after optimization: -268002.21875
beta sum per layer: [0.0, 0.0, 0.0, 2.5572121143341064]
alpha/beta optimization time: 0.3879218101501465
pruning_in_iteration open status: False
ratio of positive domain = 0 / 256 = 0.0
pruning-in-iteration extra time: 3.504753112792969e-05
torch.Size([256, 1])
Time: prepare 0.0028    bound 0.3892    transfer 0.0037    finalize 0.2253    func 0.6211    
Accumulated time: func 24.6930    prepare 0.2622    bound 19.7112    transfer 0.1828    finalize 4.6539    
max lb tensor(-922.) min lb tensor(-1168.)
Number of Verified Splits: 0 of 256
Current worst splitting domains lb-rhs (depth):
-1168.00000 (19), -1168.00000 (45), -1168.00000 (6), -1168.00000 (43), -1168.00000 (32), -1168.00000 (9), -1168.00000 (41), -1168.00000 (10), -1168.00000 (20), -1168.00000 (27), -1168.00000 (31), -1168.00000 (16), -1168.00000 (22), -1168.00000 (34), -1168.00000 (13), -1168.00000 (41), -1168.00000 (6), -1168.00000 (31), -1168.00000 (37), -1168.00000 (18), 
Length of domains: 5672
Current (lb-rhs): -1168.0
11260 domains visited
Time: pickout 0.0392    decision 0.1293    set_bounds 0.0050    solve 0.6216    add 0.0805    
Accumulated time: pickout 1.6183    decision 6.7439    set_bounds 0.2284    solve 24.7159    add 6.2660    
Cumulative time: 39.77414298057556

BaB round 46
batch: 128
splitting decisions: 
split level 0: [/74, 605] [/74, 369] [/74, 347] [/74, 355] [/74, 274] [/74, 413] [/74, 1001] [/74, 272] [/74, 262] [/74, 421] 
best_l after optimization: -268002.0
beta sum per layer: [0.0, 0.0, 0.0, 2.5457420349121094]
alpha/beta optimization time: 0.4102778434753418
pruning_in_iteration open status: False
ratio of positive domain = 0 / 256 = 0.0
pruning-in-iteration extra time: 5.1975250244140625e-05
torch.Size([256, 1])
Time: prepare 0.0029    bound 0.4117    transfer 0.0045    finalize 0.0862    func 0.5053    
Accumulated time: func 25.1982    prepare 0.2665    bound 20.1229    transfer 0.1873    finalize 4.7400    
max lb tensor(-922.) min lb tensor(-1168.)
Number of Verified Splits: 0 of 256
Current worst splitting domains lb-rhs (depth):
-1168.00000 (4), -1168.00000 (26), -1168.00000 (30), -1168.00000 (45), -1168.00000 (40), -1168.00000 (12), -1168.00000 (37), -1168.00000 (44), -1168.00000 (46), -1168.00000 (3), -1168.00000 (22), -1168.00000 (17), -1168.00000 (25), -1168.00000 (22), -1168.00000 (40), -1168.00000 (33), -1168.00000 (13), -1168.00000 (31), -1168.00000 (37), -1168.00000 (7), 
Length of domains: 5800
Current (lb-rhs): -1168.0
11516 domains visited
Time: pickout 0.0352    decision 0.1278    set_bounds 0.0051    solve 0.5058    add 0.0876    
Accumulated time: pickout 1.6535    decision 6.8718    set_bounds 0.2334    solve 25.2217    add 6.3536    
Cumulative time: 40.53807592391968

BaB round 47
batch: 128
splitting decisions: 
split level 0: [/74, 766] [/74, 947] [/74, 645] [/74, 540] [/74, 819] [/74, 272] [/74, 413] [/74, 137] [/74, 526] [/74, 274] 
best_l after optimization: -268001.6875
beta sum per layer: [0.0, 0.0, 0.0, 2.5329947471618652]
alpha/beta optimization time: 0.42131781578063965
pruning_in_iteration open status: False
ratio of positive domain = 0 / 256 = 0.0
pruning-in-iteration extra time: 9.083747863769531e-05
torch.Size([256, 1])
Time: prepare 0.0029    bound 0.4227    transfer 0.0039    finalize 0.0908    func 0.5204    
Accumulated time: func 25.7186    prepare 0.2756    bound 20.5457    transfer 0.1911    finalize 4.8309    
max lb tensor(-922.) min lb tensor(-1168.)
Number of Verified Splits: 0 of 256
Current worst splitting domains lb-rhs (depth):
-1168.00000 (6), -1168.00000 (34), -1168.00000 (47), -1168.00000 (6), -1168.00000 (12), -1168.00000 (43), -1168.00000 (34), -1168.00000 (34), -1168.00000 (13), -1168.00000 (43), -1168.00000 (28), -1168.00000 (17), -1168.00000 (3), -1168.00000 (33), -1168.00000 (13), -1168.00000 (22), -1168.00000 (33), -1168.00000 (44), -1168.00000 (28), -1168.00000 (47), 
Length of domains: 5928
Current (lb-rhs): -1168.0
11772 domains visited
Time: pickout 0.0415    decision 0.1605    set_bounds 0.0054    solve 0.5209    add 0.0833    
Accumulated time: pickout 1.6950    decision 7.0323    set_bounds 0.2388    solve 25.7427    add 6.4370    
Cumulative time: 41.35214066505432

BaB round 48
batch: 128
splitting decisions: 
split level 0: [/74, 884] [/74, 763] [/74, 540] [/74, 713] [/74, 1001] [/74, 810] [/74, 925] [/74, 31] [/74, 22] [/74, 819] 
best_l after optimization: -268001.5
beta sum per layer: [0.0, 0.0, 0.0, 2.6666574478149414]
alpha/beta optimization time: 0.9080908298492432
pruning_in_iteration open status: False
ratio of positive domain = 0 / 256 = 0.0
pruning-in-iteration extra time: 0.0001480579376220703
torch.Size([256, 1])
Time: prepare 0.0037    bound 0.9096    transfer 0.0042    finalize 0.0868    func 1.0044    
Accumulated time: func 26.7230    prepare 0.2891    bound 21.4552    transfer 0.1954    finalize 4.9177    
max lb tensor(-922.) min lb tensor(-1168.)
Number of Verified Splits: 0 of 256
Current worst splitting domains lb-rhs (depth):
-1168.00000 (23), -1168.00000 (8), -1168.00000 (38), -1168.00000 (24), -1168.00000 (12), -1168.00000 (27), -1168.00000 (31), -1168.00000 (47), -1168.00000 (45), -1168.00000 (18), -1168.00000 (6), -1168.00000 (42), -1168.00000 (12), -1168.00000 (25), -1168.00000 (16), -1168.00000 (38), -1168.00000 (18), -1168.00000 (34), -1168.00000 (14), -1168.00000 (31), 
Length of domains: 6056
Current (lb-rhs): -1168.0
12028 domains visited
Time: pickout 0.0371    decision 0.3335    set_bounds 0.0056    solve 1.0049    add 0.0817    
Accumulated time: pickout 1.7321    decision 7.3657    set_bounds 0.2445    solve 26.7475    add 6.5186    
Cumulative time: 42.81740856170654

BaB round 49
batch: 128
splitting decisions: 
split level 0: [/74, 932] [/74, 274] [/74, 747] [/74, 868] [/74, 766] [/74, 261] [/74, 272] [/74, 884] [/74, 355] [/74, 1001] 
best_l after optimization: -268002.59375
beta sum per layer: [0.0, 0.0, 0.0, 2.6197617053985596]
alpha/beta optimization time: 0.6771879196166992
pruning_in_iteration open status: False
ratio of positive domain = 0 / 256 = 0.0
pruning-in-iteration extra time: 3.62396240234375e-05
torch.Size([256, 1])
Time: prepare 0.0120    bound 0.6786    transfer 0.0038    finalize 0.0853    func 0.7797    
Accumulated time: func 27.5027    prepare 0.3124    bound 22.1338    transfer 0.1992    finalize 5.0029    
max lb tensor(-922.) min lb tensor(-1168.)
Number of Verified Splits: 0 of 256
Current worst splitting domains lb-rhs (depth):
-1168.00000 (30), -1168.00000 (19), -1168.00000 (46), -1168.00000 (13), -1168.00000 (44), -1168.00000 (21), -1168.00000 (35), -1168.00000 (7), -1168.00000 (25), -1168.00000 (10), -1168.00000 (16), -1168.00000 (42), -1168.00000 (8), -1168.00000 (17), -1168.00000 (39), -1168.00000 (18), -1168.00000 (26), -1168.00000 (28), -1168.00000 (30), -1168.00000 (25), 
Length of domains: 6184
Current (lb-rhs): -1168.0
12284 domains visited
Time: pickout 0.0482    decision 0.3320    set_bounds 0.0055    solve 0.7802    add 0.0840    
Accumulated time: pickout 1.7803    decision 7.6977    set_bounds 0.2500    solve 27.5277    add 6.6026    
Cumulative time: 44.06973838806152

BaB round 50
batch: 128
splitting decisions: 
split level 0: [/74, 16] [/74, 819] [/74, 394] [/74, 747] [/74, 925] [/74, 137] [/74, 810] [/74, 96] [/74, 713] [/74, 272] 
best_l after optimization: -268002.15625
beta sum per layer: [0.0, 0.0, 0.0, 2.5933926105499268]
alpha/beta optimization time: 0.3930320739746094
pruning_in_iteration open status: False
ratio of positive domain = 0 / 256 = 0.0
pruning-in-iteration extra time: 3.4809112548828125e-05
torch.Size([256, 1])
Time: prepare 0.0029    bound 0.3944    transfer 0.0044    finalize 0.0873    func 0.4891    
Accumulated time: func 27.9918    prepare 0.3171    bound 22.5282    transfer 0.2036    finalize 5.0903    
max lb tensor(-922.) min lb tensor(-1168.)
Number of Verified Splits: 0 of 256
Current worst splitting domains lb-rhs (depth):
-1168.00000 (38), -1168.00000 (23), -1168.00000 (5), -1168.00000 (37), -1168.00000 (22), -1168.00000 (22), -1168.00000 (49), -1168.00000 (37), -1168.00000 (22), -1168.00000 (37), -1168.00000 (5), -1168.00000 (21), -1168.00000 (21), -1168.00000 (38), -1168.00000 (21), -1168.00000 (49), -1168.00000 (36), -1168.00000 (5), -1168.00000 (20), -1168.00000 (38), 
Length of domains: 6312
Current (lb-rhs): -1168.0
12540 domains visited
Time: pickout 0.0375    decision 0.1387    set_bounds 0.0052    solve 0.4897    add 0.0866    
Accumulated time: pickout 1.8179    decision 7.8364    set_bounds 0.2552    solve 28.0174    add 6.6893    
Cumulative time: 44.82953596115112

BaB round 51
batch: 128
splitting decisions: 
split level 0: [/74, 438] [/74, 1001] [/74, 947] [/74, 369] [/74, 272] [/74, 31] [/74, 137] [/74, 932] [/74, 495] [/74, 810] 
best_l after optimization: -268002.0625
beta sum per layer: [0.0, 0.0, 0.0, 2.9283013343811035]
alpha/beta optimization time: 0.5132744312286377
pruning_in_iteration open status: False
ratio of positive domain = 0 / 256 = 0.0
pruning-in-iteration extra time: 0.0001881122589111328
torch.Size([256, 1])
Time: prepare 0.0030    bound 0.5148    transfer 0.0039    finalize 0.0840    func 0.6056    
Accumulated time: func 28.5974    prepare 0.3220    bound 23.0430    transfer 0.2075    finalize 5.1742    
max lb tensor(-922.) min lb tensor(-1168.)
Number of Verified Splits: 0 of 256
Current worst splitting domains lb-rhs (depth):
-1168.00000 (22), -1168.00000 (45), -1168.00000 (8), -1168.00000 (44), -1168.00000 (9), -1168.00000 (12), -1168.00000 (26), -1168.00000 (42), -1168.00000 (48), -1168.00000 (39), -1168.00000 (18), -1168.00000 (21), -1168.00000 (5), -1168.00000 (24), -1168.00000 (8), -1168.00000 (51), -1168.00000 (16), -1168.00000 (37), -1168.00000 (5), -1168.00000 (3), 
Length of domains: 6440
Current (lb-rhs): -1168.0
12796 domains visited
Time: pickout 0.0384    decision 0.1529    set_bounds 0.0056    solve 0.6061    add 0.0847    
Accumulated time: pickout 1.8563    decision 7.9893    set_bounds 0.2608    solve 28.6236    add 6.7740    
Cumulative time: 45.71991491317749

BaB round 52
batch: 128
splitting decisions: 
split level 0: [/74, 845] [/74, 605] [/74, 421] [/74, 274] [/74, 810] [/74, 911] [/74, 31] [/74, 555] [/74, 868] [/74, 261] 
best_l after optimization: -268003.59375
beta sum per layer: [0.0, 0.0, 0.0, 2.6903469562530518]
alpha/beta optimization time: 0.516242504119873
pruning_in_iteration open status: False
ratio of positive domain = 0 / 256 = 0.0
pruning-in-iteration extra time: 3.457069396972656e-05
torch.Size([256, 1])
Time: prepare 0.0035    bound 0.5176    transfer 0.0038    finalize 0.0860    func 0.6109    
Accumulated time: func 29.2084    prepare 0.3296    bound 23.5606    transfer 0.2113    finalize 5.2603    
max lb tensor(-922.) min lb tensor(-1168.)
Number of Verified Splits: 0 of 256
Current worst splitting domains lb-rhs (depth):
-1168.00000 (35), -1168.00000 (52), -1168.00000 (3), -1168.00000 (19), -1168.00000 (17), -1168.00000 (6), -1168.00000 (10), -1168.00000 (8), -1168.00000 (23), -1168.00000 (16), -1168.00000 (47), -1168.00000 (27), -1168.00000 (12), -1168.00000 (39), -1168.00000 (22), -1168.00000 (26), -1168.00000 (41), -1168.00000 (24), -1168.00000 (33), -1168.00000 (19), 
Length of domains: 6568
Current (lb-rhs): -1168.0
13052 domains visited
Time: pickout 0.0410    decision 0.1817    set_bounds 0.0057    solve 0.6115    add 0.0856    
Accumulated time: pickout 1.8973    decision 8.1710    set_bounds 0.2665    solve 29.2350    add 6.8596    
Cumulative time: 46.647873640060425

BaB round 53
batch: 128
splitting decisions: 
split level 0: [/74, 197] [/74, 925] [/74, 763] [/74, 1001] [/74, 261] [/74, 884] [/74, 911] [/74, 229] [/74, 947] [/74, 31] 
best_l after optimization: -268002.90625
beta sum per layer: [0.0, 0.0, 0.0, 2.6581778526306152]
alpha/beta optimization time: 0.40133047103881836
pruning_in_iteration open status: False
ratio of positive domain = 0 / 256 = 0.0
pruning-in-iteration extra time: 3.409385681152344e-05
torch.Size([256, 1])
Time: prepare 0.0029    bound 0.4027    transfer 0.0039    finalize 0.0821    func 0.4916    
Accumulated time: func 29.7000    prepare 0.3339    bound 23.9632    transfer 0.2152    finalize 5.3424    
max lb tensor(-922.) min lb tensor(-1168.)
Number of Verified Splits: 0 of 256
Current worst splitting domains lb-rhs (depth):
-1168.00000 (3), -1168.00000 (37), -1168.00000 (22), -1168.00000 (15), -1168.00000 (36), -1168.00000 (27), -1168.00000 (48), -1168.00000 (6), -1168.00000 (36), -1168.00000 (15), -1168.00000 (53), -1168.00000 (36), -1168.00000 (49), -1168.00000 (15), -1168.00000 (16), -1168.00000 (35), -1168.00000 (28), -1168.00000 (21), -1168.00000 (6), -1168.00000 (16), 
Length of domains: 6696
Current (lb-rhs): -1168.0
13308 domains visited
Time: pickout 0.0371    decision 0.1284    set_bounds 0.0053    solve 0.4921    add 0.0812    
Accumulated time: pickout 1.9344    decision 8.2994    set_bounds 0.2718    solve 29.7271    add 6.9407    
Cumulative time: 47.39411497116089

BaB round 54
batch: 128
splitting decisions: 
split level 0: [/74, 322] [/74, 272] [/74, 274] [/74, 413] [/74, 137] [/74, 555] [/74, 96] [/74, 438] [/74, 819] [/74, 911] 
best_l after optimization: -268002.34375
beta sum per layer: [0.0, 0.0, 0.0, 2.8413949012756348]
alpha/beta optimization time: 0.4020388126373291
pruning_in_iteration open status: False
ratio of positive domain = 0 / 256 = 0.0
pruning-in-iteration extra time: 3.886222839355469e-05
torch.Size([256, 1])
Time: prepare 0.0029    bound 0.4034    transfer 0.0053    finalize 0.0850    func 0.4967    
Accumulated time: func 30.1966    prepare 0.3381    bound 24.3666    transfer 0.2205    finalize 5.4274    
max lb tensor(-922.) min lb tensor(-1168.)
Number of Verified Splits: 0 of 256
Current worst splitting domains lb-rhs (depth):
-1168.00000 (13), -1168.00000 (13), -1168.00000 (6), -1168.00000 (31), -1168.00000 (47), -1168.00000 (44), -1168.00000 (26), -1168.00000 (18), -1168.00000 (40), -1168.00000 (31), -1168.00000 (32), -1168.00000 (51), -1168.00000 (23), -1168.00000 (8), -1168.00000 (38), -1168.00000 (54), -1168.00000 (23), -1168.00000 (26), -1168.00000 (4), -1168.00000 (47), 
Length of domains: 6824
Current (lb-rhs): -1168.0
13564 domains visited
Time: pickout 0.0367    decision 0.1273    set_bounds 0.0052    solve 0.4971    add 0.0807    
Accumulated time: pickout 1.9710    decision 8.4266    set_bounds 0.2770    solve 30.2242    add 7.0214    
Cumulative time: 48.14338994026184

BaB round 55
batch: 128
splitting decisions: 
split level 0: [/74, 539] [/74, 137] [/74, 1001] [/74, 925] [/74, 96] [/74, 701] [/74, 932] [/74, 216] [/74, 1001] [/74, 884] 
best_l after optimization: -268003.3125
beta sum per layer: [0.0, 0.0, 0.0, 2.702754020690918]
alpha/beta optimization time: 0.392702579498291
pruning_in_iteration open status: False
ratio of positive domain = 0 / 256 = 0.0
pruning-in-iteration extra time: 7.843971252441406e-05
torch.Size([256, 1])
Time: prepare 0.0029    bound 0.3940    transfer 0.0043    finalize 0.0848    func 0.4861    
Accumulated time: func 30.6827    prepare 0.3424    bound 24.7606    transfer 0.2248    finalize 5.5122    
max lb tensor(-922.) min lb tensor(-1168.)
Number of Verified Splits: 0 of 256
Current worst splitting domains lb-rhs (depth):
-1168.00000 (6), -1168.00000 (7), -1168.00000 (50), -1168.00000 (38), -1168.00000 (16), -1168.00000 (55), -1168.00000 (22), -1168.00000 (28), -1168.00000 (37), -1168.00000 (3), -1168.00000 (50), -1168.00000 (16), -1168.00000 (37), -1168.00000 (15), -1168.00000 (37), -1168.00000 (29), -1168.00000 (16), -1168.00000 (51), -1168.00000 (36), -1168.00000 (22), 
Length of domains: 6952
Current (lb-rhs): -1168.0
13820 domains visited
Time: pickout 0.0368    decision 0.1284    set_bounds 0.0053    solve 0.4866    add 0.0825    
Accumulated time: pickout 2.0079    decision 8.5551    set_bounds 0.2822    solve 30.7108    add 7.1039    
Cumulative time: 48.88505983352661

BaB round 56
batch: 128
splitting decisions: 
split level 0: [/74, 306] [/74, 31] [/74, 413] [/74, 137] [/74, 932] [/74, 229] [/74, 438] [/74, 208] [/74, 413] [/74, 96] 
best_l after optimization: -268002.3125
beta sum per layer: [0.0, 0.0, 0.0, 2.642533540725708]
alpha/beta optimization time: 0.39099717140197754
pruning_in_iteration open status: False
ratio of positive domain = 0 / 256 = 0.0
pruning-in-iteration extra time: 3.600120544433594e-05
torch.Size([256, 1])
Time: prepare 0.0029    bound 0.3923    transfer 0.0037    finalize 0.0853    func 0.4843    
Accumulated time: func 31.1670    prepare 0.3467    bound 25.1530    transfer 0.2286    finalize 5.5975    
max lb tensor(-922.) min lb tensor(-1168.)
Number of Verified Splits: 0 of 256
Current worst splitting domains lb-rhs (depth):
-1168.00000 (30), -1168.00000 (30), -1168.00000 (49), -1168.00000 (5), -1168.00000 (55), -1168.00000 (44), -1168.00000 (37), -1168.00000 (13), -1168.00000 (20), -1168.00000 (20), -1168.00000 (5), -1168.00000 (49), -1168.00000 (20), -1168.00000 (45), -1168.00000 (37), -1168.00000 (55), -1168.00000 (14), -1168.00000 (31), -1168.00000 (50), -1168.00000 (12), 
Length of domains: 7080
Current (lb-rhs): -1168.0
14076 domains visited
Time: pickout 0.0368    decision 0.1277    set_bounds 0.0052    solve 0.4848    add 0.0840    
Accumulated time: pickout 2.0447    decision 8.6828    set_bounds 0.2874    solve 31.1956    add 7.1879    
Cumulative time: 49.6260552406311

BaB round 57
batch: 128
splitting decisions: 
split level 0: [/74, 902] [/74, 911] [/74, 766] [/74, 884] [/74, 229] [/74, 438] [/74, 197] [/74, 539] [/74, 605] [/74, 932] 
best_l after optimization: -268002.125
beta sum per layer: [0.0, 0.0, 0.0, 2.617743492126465]
alpha/beta optimization time: 0.4039480686187744
pruning_in_iteration open status: False
ratio of positive domain = 0 / 256 = 0.0
pruning-in-iteration extra time: 3.3855438232421875e-05
torch.Size([256, 1])
Time: prepare 0.0029    bound 0.4052    transfer 0.0038    finalize 0.0814    func 0.4933    
Accumulated time: func 31.6604    prepare 0.3511    bound 25.5582    transfer 0.2323    finalize 5.6789    
max lb tensor(-922.) min lb tensor(-1168.)
Number of Verified Splits: 0 of 256
Current worst splitting domains lb-rhs (depth):
-1168.00000 (51), -1168.00000 (14), -1168.00000 (42), -1168.00000 (4), -1168.00000 (22), -1168.00000 (30), -1168.00000 (8), -1168.00000 (56), -1168.00000 (14), -1168.00000 (51), -1168.00000 (41), -1168.00000 (31), -1168.00000 (41), -1168.00000 (22), -1168.00000 (15), -1168.00000 (31), -1168.00000 (42), -1168.00000 (41), -1168.00000 (7), -1168.00000 (15), 
Length of domains: 7208
Current (lb-rhs): -1168.0
14332 domains visited
Time: pickout 0.0382    decision 0.1340    set_bounds 0.0052    solve 0.4938    add 0.0802    
Accumulated time: pickout 2.0829    decision 8.8168    set_bounds 0.2927    solve 31.6895    add 7.2681    
Cumulative time: 50.3794949054718

BaB round 58
batch: 128
splitting decisions: 
split level 0: [/74, 62] [/74, 884] [/74, 810] [/74, 96] [/74, 16] [/74, 845] [/74, 539] [/74, 902] [/74, 925] [/74, 951] 
best_l after optimization: -268001.9375
beta sum per layer: [0.0, 0.0, 0.0, 2.934192180633545]
alpha/beta optimization time: 0.40136098861694336
pruning_in_iteration open status: False
ratio of positive domain = 0 / 256 = 0.0
pruning-in-iteration extra time: 3.504753112792969e-05
torch.Size([256, 1])
Time: prepare 0.0030    bound 0.4027    transfer 0.0037    finalize 0.0814    func 0.4909    
Accumulated time: func 32.1513    prepare 0.3556    bound 25.9609    transfer 0.2360    finalize 5.7603    
max lb tensor(-922.) min lb tensor(-1168.)
Number of Verified Splits: 0 of 256
Current worst splitting domains lb-rhs (depth):
-1168.00000 (58), -1168.00000 (20), -1168.00000 (7), -1168.00000 (20), -1168.00000 (46), -1168.00000 (31), -1168.00000 (3), -1168.00000 (20), -1168.00000 (46), -1168.00000 (21), -1168.00000 (38), -1168.00000 (56), -1168.00000 (7), -1168.00000 (31), -1168.00000 (47), -1168.00000 (46), -1168.00000 (21), -1168.00000 (21), -1168.00000 (45), -1168.00000 (22), 
Length of domains: 7336
Current (lb-rhs): -1168.0
14588 domains visited
Time: pickout 0.0372    decision 0.1285    set_bounds 0.0053    solve 0.4914    add 0.0825    
Accumulated time: pickout 2.1201    decision 8.9453    set_bounds 0.2980    solve 32.1809    add 7.3506    
Cumulative time: 51.126230239868164

BaB round 59
batch: 128
splitting decisions: 
split level 0: [/74, 91] [/74, 932] [/74, 261] [/74, 555] [/74, 216] [/74, 197] [/74, 306] [/74, 986] [/74, 272] [/74, 701] 
best_l after optimization: -268002.875
beta sum per layer: [0.0, 0.0, 0.0, 2.7027010917663574]
alpha/beta optimization time: 0.3930552005767822
pruning_in_iteration open status: False
ratio of positive domain = 0 / 256 = 0.0
pruning-in-iteration extra time: 9.632110595703125e-05
torch.Size([256, 1])
Time: prepare 0.0029    bound 0.3944    transfer 0.0041    finalize 0.0865    func 0.4879    
Accumulated time: func 32.6392    prepare 0.3598    bound 26.3554    transfer 0.2401    finalize 5.8468    
max lb tensor(-922.) min lb tensor(-1168.)
Number of Verified Splits: 0 of 256
Current worst splitting domains lb-rhs (depth):
-1168.00000 (24), -1168.00000 (29), -1168.00000 (8), -1168.00000 (32), -1168.00000 (42), -1168.00000 (53), -1168.00000 (20), -1168.00000 (36), -1168.00000 (23), -1168.00000 (42), -1168.00000 (15), -1168.00000 (56), -1168.00000 (59), -1168.00000 (42), -1168.00000 (30), -1168.00000 (16), -1168.00000 (53), -1168.00000 (7), -1168.00000 (41), -1168.00000 (36), 
Length of domains: 7464
Current (lb-rhs): -1168.0
14844 domains visited
Time: pickout 0.0365    decision 0.1276    set_bounds 0.0051    solve 0.4884    add 0.0861    
Accumulated time: pickout 2.1565    decision 9.0728    set_bounds 0.3031    solve 32.6693    add 7.4366    
Cumulative time: 51.871758699417114

BaB round 60
batch: 128
splitting decisions: 
split level 0: [/74, 843] [/74, 701] [/74, 137] [/74, 951] [/74, 208] [/74, 322] [/74, 91] [/74, 62] [/74, 810] [/74, 16] 
best_l after optimization: -268002.5
beta sum per layer: [0.0, 0.0, 0.0, 2.661911725997925]
alpha/beta optimization time: 0.3915839195251465
pruning_in_iteration open status: False
ratio of positive domain = 0 / 256 = 0.0
pruning-in-iteration extra time: 3.695487976074219e-05
torch.Size([256, 1])
Time: prepare 0.0029    bound 0.3929    transfer 0.0038    finalize 0.0829    func 0.4825    
Accumulated time: func 33.1217    prepare 0.3640    bound 26.7483    transfer 0.2439    finalize 5.9297    
max lb tensor(-922.) min lb tensor(-1168.)
Number of Verified Splits: 0 of 256
Current worst splitting domains lb-rhs (depth):
-1168.00000 (49), -1168.00000 (50), -1168.00000 (17), -1168.00000 (40), -1168.00000 (18), -1168.00000 (50), -1168.00000 (57), -1168.00000 (31), -1168.00000 (18), -1168.00000 (50), -1168.00000 (31), -1168.00000 (41), -1168.00000 (60), -1168.00000 (18), -1168.00000 (4), -1168.00000 (30), -1168.00000 (31), -1168.00000 (19), -1168.00000 (41), -1168.00000 (8), 
Length of domains: 7592
Current (lb-rhs): -1168.0
15100 domains visited
Time: pickout 0.0361    decision 0.1270    set_bounds 0.0052    solve 0.4830    add 0.0868    
Accumulated time: pickout 2.1927    decision 9.1998    set_bounds 0.3083    solve 33.1523    add 7.5235    
Cumulative time: 52.61177659034729

BaB round 61
batch: 128
splitting decisions: 
split level 0: [/74, 227] [/74, 438] [/74, 884] [/74, 701] [/74, 306] [/74, 208] [/74, 329] [/74, 91] [/74, 261] [/74, 100] 
best_l after optimization: -268002.0625
beta sum per layer: [0.0, 0.0, 0.0, 2.9477033615112305]
alpha/beta optimization time: 0.38787412643432617
pruning_in_iteration open status: False
ratio of positive domain = 0 / 256 = 0.0
pruning-in-iteration extra time: 7.43865966796875e-05
torch.Size([256, 1])
Time: prepare 0.0028    bound 0.3892    transfer 0.0038    finalize 0.0799    func 0.4758    
Accumulated time: func 33.5975    prepare 0.3682    bound 27.1375    transfer 0.2477    finalize 6.0097    
max lb tensor(-922.) min lb tensor(-1168.)
Number of Verified Splits: 0 of 256
Current worst splitting domains lb-rhs (depth):
-1168.00000 (49), -1168.00000 (61), -1168.00000 (39), -1168.00000 (19), -1168.00000 (6), -1168.00000 (3), -1168.00000 (31), -1168.00000 (57), -1168.00000 (38), -1168.00000 (25), -1168.00000 (47), -1168.00000 (13), -1168.00000 (38), -1168.00000 (20), -1168.00000 (31), -1168.00000 (53), -1168.00000 (38), -1168.00000 (57), -1168.00000 (6), -1168.00000 (52), 
Length of domains: 7720
Current (lb-rhs): -1168.0
15356 domains visited
Time: pickout 0.0384    decision 0.1267    set_bounds 0.0051    solve 0.4763    add 0.0794    
Accumulated time: pickout 2.2311    decision 9.3265    set_bounds 0.3134    solve 33.6286    add 7.6029    
Cumulative time: 53.33938908576965

BaB round 62
batch: 128
splitting decisions: 
split level 0: [/74, 105] [/74, 845] [/74, 96] [/74, 229] [/74, 902] [/74, 628] [/74, 843] [/74, 843] [/74, 31] [/74, 438] 
best_l after optimization: -268003.375
beta sum per layer: [0.0, 0.0, 0.0, 2.768038511276245]
alpha/beta optimization time: 0.4083251953125
pruning_in_iteration open status: False
ratio of positive domain = 0 / 256 = 0.0
pruning-in-iteration extra time: 3.7670135498046875e-05
torch.Size([256, 1])
Time: prepare 0.0030    bound 0.4098    transfer 0.0043    finalize 0.0808    func 0.4980    
Accumulated time: func 34.0954    prepare 0.3725    bound 27.5472    transfer 0.2520    finalize 6.0905    
max lb tensor(-922.) min lb tensor(-1168.)
Number of Verified Splits: 0 of 256
Current worst splitting domains lb-rhs (depth):
-1168.00000 (42), -1168.00000 (19), -1168.00000 (51), -1168.00000 (8), -1168.00000 (12), -1168.00000 (14), -1168.00000 (59), -1168.00000 (20), -1168.00000 (34), -1168.00000 (53), -1168.00000 (51), -1168.00000 (16), -1168.00000 (40), -1168.00000 (25), -1168.00000 (21), -1168.00000 (4), -1168.00000 (50), -1168.00000 (32), -1168.00000 (7), -1168.00000 (25), 
Length of domains: 7848
Current (lb-rhs): -1168.0
15612 domains visited
Time: pickout 0.0354    decision 0.1267    set_bounds 0.0054    solve 0.4985    add 0.0808    
Accumulated time: pickout 2.2665    decision 9.4532    set_bounds 0.3189    solve 34.1271    add 7.6836    
Cumulative time: 54.087955951690674

BaB round 63
batch: 128
splitting decisions: 
split level 0: [/74, 545] [/74, 216] [/74, 555] [/74, 16] [/74, 91] [/74, 539] [/74, 185] [/74, 185] [/74, 911] [/74, 197] 
best_l after optimization: -268002.5625
beta sum per layer: [0.0, 0.0, 0.0, 2.7067558765411377]
alpha/beta optimization time: 0.4217989444732666
pruning_in_iteration open status: False
ratio of positive domain = 0 / 256 = 0.0
pruning-in-iteration extra time: 4.458427429199219e-05
torch.Size([256, 1])
Time: prepare 0.0029    bound 0.4232    transfer 0.0036    finalize 0.2363    func 0.6660    
Accumulated time: func 34.7614    prepare 0.3807    bound 27.9704    transfer 0.2556    finalize 6.3268    
max lb tensor(-922.) min lb tensor(-1168.)
Number of Verified Splits: 0 of 256
Current worst splitting domains lb-rhs (depth):
-1168.00000 (42), -1168.00000 (32), -1168.00000 (17), -1168.00000 (57), -1168.00000 (7), -1168.00000 (43), -1168.00000 (18), -1168.00000 (43), -1168.00000 (25), -1168.00000 (57), -1168.00000 (32), -1168.00000 (42), -1168.00000 (18), -1168.00000 (62), -1168.00000 (7), -1168.00000 (43), -1168.00000 (58), -1168.00000 (18), -1168.00000 (42), -1168.00000 (25), 
Length of domains: 7976
Current (lb-rhs): -1168.0
15868 domains visited
Time: pickout 0.0378    decision 0.1631    set_bounds 0.0052    solve 0.6665    add 0.0841    
Accumulated time: pickout 2.3043    decision 9.6163    set_bounds 0.3241    solve 34.7936    add 7.7677    
Cumulative time: 55.04624629020691

BaB round 64
batch: 128
splitting decisions: 
split level 0: [/74, 601] [/74, 208] [/74, 951] [/74, 845] [/74, 329] [/74, 306] [/74, 227] [/74, 776] [/74, 96] [/74, 628] 
best_l after optimization: -268002.15625
beta sum per layer: [0.0, 0.0, 0.0, 2.6956868171691895]
alpha/beta optimization time: 0.8845980167388916
pruning_in_iteration open status: False
ratio of positive domain = 0 / 256 = 0.0
pruning-in-iteration extra time: 0.0002536773681640625
torch.Size([256, 1])
Time: prepare 0.0036    bound 0.8862    transfer 0.0041    finalize 0.0804    func 0.9743    
Accumulated time: func 35.7357    prepare 0.3943    bound 28.8566    transfer 0.2597    finalize 6.4071    
max lb tensor(-922.) min lb tensor(-1168.)
Number of Verified Splits: 0 of 256
Current worst splitting domains lb-rhs (depth):
-1168.00000 (8), -1168.00000 (19), -1168.00000 (47), -1168.00000 (27), -1168.00000 (63), -1168.00000 (53), -1168.00000 (20), -1168.00000 (35), -1168.00000 (41), -1168.00000 (20), -1168.00000 (52), -1168.00000 (61), -1168.00000 (27), -1168.00000 (32), -1168.00000 (47), -1168.00000 (20), -1168.00000 (52), -1168.00000 (35), -1168.00000 (21), -1168.00000 (27), 
Length of domains: 8104
Current (lb-rhs): -1168.0
16124 domains visited
Time: pickout 0.0366    decision 0.3394    set_bounds 0.0055    solve 0.9748    add 0.0832    
Accumulated time: pickout 2.3409    decision 9.9557    set_bounds 0.3296    solve 35.7684    add 7.8509    
Cumulative time: 56.48739457130432

BaB round 65
batch: 128
splitting decisions: 
split level 0: [/74, 666] [/74, 628] [/74, 229] [/74, 216] [/74, 328] [/74, 826] [/74, 916] [/74, 227] [/74, 932] [/74, 539] 
best_l after optimization: -268002.15625
beta sum per layer: [0.0, 0.0, 0.0, 2.9915053844451904]
alpha/beta optimization time: 0.5480787754058838
pruning_in_iteration open status: False
ratio of positive domain = 0 / 256 = 0.0
pruning-in-iteration extra time: 4.029273986816406e-05
torch.Size([256, 1])
Time: prepare 0.0039    bound 0.5494    transfer 0.0038    finalize 0.0809    func 0.6381    
Accumulated time: func 36.3738    prepare 0.4151    bound 29.4060    transfer 0.2635    finalize 6.4880    
max lb tensor(-922.) min lb tensor(-1168.)
Number of Verified Splits: 0 of 256
Current worst splitting domains lb-rhs (depth):
-1168.00000 (47), -1168.00000 (43), -1168.00000 (50), -1168.00000 (28), -1168.00000 (4), -1168.00000 (64), -1168.00000 (21), -1168.00000 (7), -1168.00000 (36), -1168.00000 (31), -1168.00000 (16), -1168.00000 (37), -1168.00000 (34), -1168.00000 (59), -1168.00000 (11), -1168.00000 (53), -1168.00000 (54), -1168.00000 (64), -1168.00000 (63), -1168.00000 (31), 
Length of domains: 8232
Current (lb-rhs): -1168.0
16380 domains visited
Time: pickout 0.0414    decision 0.3298    set_bounds 0.0059    solve 0.6386    add 2.9525    
Accumulated time: pickout 2.3823    decision 10.2855    set_bounds 0.3355    solve 36.4070    add 10.8034    
Cumulative time: 60.45842909812927

BaB round 66
batch: 128
splitting decisions: 
split level 0: [/74, 442] [/74, 539] [/74, 845] [/74, 197] [/74, 227] [/74, 986] [/74, 500] [/74, 545] [/74, 555] [/74, 306] 
best_l after optimization: -268003.25
beta sum per layer: [0.0, 0.0, 0.0, 2.7146787643432617]
alpha/beta optimization time: 0.39830565452575684
pruning_in_iteration open status: False
ratio of positive domain = 0 / 256 = 0.0
pruning-in-iteration extra time: 3.695487976074219e-05
torch.Size([256, 1])
Time: prepare 0.0028    bound 0.3996    transfer 0.0036    finalize 0.0813    func 0.4874    
Accumulated time: func 36.8612    prepare 0.4193    bound 29.8056    transfer 0.2672    finalize 6.5694    
max lb tensor(-922.) min lb tensor(-1168.)
Number of Verified Splits: 0 of 256
Current worst splitting domains lb-rhs (depth):
-1168.00000 (62), -1168.00000 (10), -1168.00000 (55), -1168.00000 (19), -1168.00000 (65), -1168.00000 (63), -1168.00000 (35), -1168.00000 (3), -1168.00000 (44), -1168.00000 (36), -1168.00000 (28), -1168.00000 (60), -1168.00000 (49), -1168.00000 (66), -1168.00000 (33), -1168.00000 (25), -1168.00000 (37), -1168.00000 (19), -1168.00000 (21), -1168.00000 (25), 
Length of domains: 8360
Current (lb-rhs): -1168.0
16636 domains visited
Time: pickout 0.0356    decision 0.1276    set_bounds 0.0053    solve 0.4879    add 0.0821    
Accumulated time: pickout 2.4179    decision 10.4131    set_bounds 0.3408    solve 36.8949    add 10.8855    
Cumulative time: 61.199408769607544

BaB round 67
batch: 128
splitting decisions: 
split level 0: [/74, 554] [/74, 826] [/74, 216] [/74, 322] [/74, 105] [/74, 475] [/74, 358] [/74, 916] [/74, 701] [/74, 826] 
best_l after optimization: -268002.65625
beta sum per layer: [0.0, 0.0, 0.0, 2.705233573913574]
alpha/beta optimization time: 0.39451074600219727
pruning_in_iteration open status: False
ratio of positive domain = 0 / 256 = 0.0
pruning-in-iteration extra time: 3.743171691894531e-05
torch.Size([256, 1])
Time: prepare 0.0029    bound 0.3959    transfer 0.0041    finalize 0.0833    func 0.4862    
Accumulated time: func 37.3474    prepare 0.4236    bound 30.2014    transfer 0.2713    finalize 6.6526    
max lb tensor(-922.) min lb tensor(-1168.)
Number of Verified Splits: 0 of 256
Current worst splitting domains lb-rhs (depth):
-1168.00000 (43), -1168.00000 (21), -1168.00000 (8), -1168.00000 (64), -1168.00000 (48), -1168.00000 (14), -1168.00000 (18), -1168.00000 (24), -1168.00000 (38), -1168.00000 (28), -1168.00000 (33), -1168.00000 (41), -1168.00000 (46), -1168.00000 (50), -1168.00000 (53), -1168.00000 (6), -1168.00000 (47), -1168.00000 (15), -1168.00000 (13), -1168.00000 (42), 
Length of domains: 8488
Current (lb-rhs): -1168.0
16892 domains visited
Time: pickout 0.0393    decision 0.1282    set_bounds 0.0053    solve 0.4867    add 0.0815    
Accumulated time: pickout 2.4572    decision 10.5413    set_bounds 0.3462    solve 37.3816    add 10.9670    
Cumulative time: 61.94268465042114

BaB round 68
batch: 128
splitting decisions: 
split level 0: [/74, 71] [/74, 986] [/74, 197] [/74, 208] [/74, 545] [/74, 62] [/74, 554] [/74, 73] [/74, 197] [/74, 986] 
best_l after optimization: -268002.4375
beta sum per layer: [0.0, 0.0, 0.0, 2.7099292278289795]
alpha/beta optimization time: 0.39820361137390137
pruning_in_iteration open status: False
ratio of positive domain = 0 / 256 = 0.0
pruning-in-iteration extra time: 3.7670135498046875e-05
torch.Size([256, 1])
Time: prepare 0.0029    bound 0.3995    transfer 0.0041    finalize 0.0819    func 0.4885    
Accumulated time: func 37.8359    prepare 0.4279    bound 30.6010    transfer 0.2754    finalize 6.7345    
max lb tensor(-922.) min lb tensor(-1168.)
Number of Verified Splits: 0 of 256
Current worst splitting domains lb-rhs (depth):
-1168.00000 (20), -1168.00000 (14), -1168.00000 (31), -1168.00000 (48), -1168.00000 (22), -1168.00000 (31), -1168.00000 (7), -1168.00000 (61), -1168.00000 (14), -1168.00000 (55), -1168.00000 (48), -1168.00000 (32), -1168.00000 (14), -1168.00000 (32), -1168.00000 (48), -1168.00000 (61), -1168.00000 (4), -1168.00000 (30), -1168.00000 (15), -1168.00000 (30), 
Length of domains: 8616
Current (lb-rhs): -1168.0
17148 domains visited
Time: pickout 0.0364    decision 0.1275    set_bounds 0.0055    solve 0.4890    add 0.0800    
Accumulated time: pickout 2.4936    decision 10.6688    set_bounds 0.3516    solve 37.8706    add 11.0470    
Cumulative time: 62.682941913604736

BaB round 69
batch: 128
splitting decisions: 
split level 0: [/74, 164] [/74, 62] [/74, 322] [/74, 539] [/74, 601] [/74, 329] [/74, 791] [/74, 442] [/74, 322] [/74, 62] 
best_l after optimization: -268002.0625
beta sum per layer: [0.0, 0.0, 0.0, 2.7045364379882812]
alpha/beta optimization time: 0.4060027599334717
pruning_in_iteration open status: False
ratio of positive domain = 0 / 256 = 0.0
pruning-in-iteration extra time: 9.012222290039062e-05
torch.Size([256, 1])
Time: prepare 0.0031    bound 0.4074    transfer 0.0036    finalize 0.0823    func 0.4964    
Accumulated time: func 38.3323    prepare 0.4328    bound 31.0083    transfer 0.2790    finalize 6.8168    
max lb tensor(-922.) min lb tensor(-1168.)
Number of Verified Splits: 0 of 256
Current worst splitting domains lb-rhs (depth):
-1168.00000 (6), -1168.00000 (6), -1168.00000 (39), -1168.00000 (57), -1168.00000 (65), -1168.00000 (25), -1168.00000 (15), -1168.00000 (39), -1168.00000 (12), -1168.00000 (39), -1168.00000 (65), -1168.00000 (52), -1168.00000 (25), -1168.00000 (53), -1168.00000 (38), -1168.00000 (25), -1168.00000 (66), -1168.00000 (38), -1168.00000 (5), -1168.00000 (15), 
Length of domains: 8744
Current (lb-rhs): -1168.0
17404 domains visited
Time: pickout 0.0364    decision 0.1336    set_bounds 0.0054    solve 0.4969    add 0.0805    
Accumulated time: pickout 2.5300    decision 10.8024    set_bounds 0.3570    solve 38.3674    add 11.1275    
Cumulative time: 63.438082218170166

BaB round 70
batch: 128
splitting decisions: 
split level 0: [/74, 390] [/74, 329] [/74, 539] [/74, 306] [/74, 442] [/74, 185] [/74, 164] [/74, 554] [/74, 628] [/74, 329] 
best_l after optimization: -268001.90625
beta sum per layer: [0.0, 0.0, 0.0, 2.6851813793182373]
alpha/beta optimization time: 0.39603328704833984
pruning_in_iteration open status: False
ratio of positive domain = 0 / 256 = 0.0
pruning-in-iteration extra time: 4.076957702636719e-05
torch.Size([256, 1])
Time: prepare 0.0030    bound 0.3974    transfer 0.0042    finalize 0.0897    func 0.4944    
Accumulated time: func 38.8267    prepare 0.4378    bound 31.4058    transfer 0.2831    finalize 6.9066    
max lb tensor(-922.) min lb tensor(-1168.)
Number of Verified Splits: 0 of 256
Current worst splitting domains lb-rhs (depth):
-1168.00000 (8), -1168.00000 (59), -1168.00000 (20), -1168.00000 (57), -1168.00000 (31), -1168.00000 (23), -1168.00000 (51), -1168.00000 (17), -1168.00000 (38), -1168.00000 (56), -1168.00000 (45), -1168.00000 (62), -1168.00000 (45), -1168.00000 (60), -1168.00000 (30), -1168.00000 (64), -1168.00000 (4), -1168.00000 (63), -1168.00000 (25), -1168.00000 (55), 
Length of domains: 8872
Current (lb-rhs): -1168.0
17660 domains visited
Time: pickout 0.0377    decision 0.1323    set_bounds 0.0055    solve 0.4949    add 0.0861    
Accumulated time: pickout 2.5677    decision 10.9347    set_bounds 0.3625    solve 38.8623    add 11.2137    
Cumulative time: 64.19697189331055

BaB round 71
batch: 128
splitting decisions: 
split level 0: [/74, 975] [/74, 287] [/74, 306] [/74, 91] [/74, 791] [/74, 328] [/74, 574] [/74, 791] [/74, 539] [/74, 843] 
best_l after optimization: -268001.71875
beta sum per layer: [0.0, 0.0, 0.0, 2.9295575618743896]
alpha/beta optimization time: 0.4024221897125244
pruning_in_iteration open status: False
ratio of positive domain = 0 / 256 = 0.0
pruning-in-iteration extra time: 7.390975952148438e-05
torch.Size([256, 1])
Time: prepare 0.0039    bound 0.4039    transfer 0.0036    finalize 0.0892    func 0.5008    
Accumulated time: func 39.3274    prepare 0.4431    bound 31.8097    transfer 0.2867    finalize 6.9958    
max lb tensor(-922.) min lb tensor(-1168.)
Number of Verified Splits: 0 of 256
Current worst splitting domains lb-rhs (depth):
-1168.00000 (38), -1168.00000 (63), -1168.00000 (51), -1168.00000 (43), -1168.00000 (35), -1168.00000 (71), -1168.00000 (50), -1168.00000 (18), -1168.00000 (9), -1168.00000 (29), -1168.00000 (67), -1168.00000 (3), -1168.00000 (4), -1168.00000 (63), -1168.00000 (50), -1168.00000 (18), -1168.00000 (35), -1168.00000 (18), -1168.00000 (50), -1168.00000 (43), 
Length of domains: 9000
Current (lb-rhs): -1168.0
17916 domains visited
Time: pickout 0.0396    decision 0.1299    set_bounds 0.0054    solve 0.5017    add 0.0868    
Accumulated time: pickout 2.6073    decision 11.0646    set_bounds 0.3679    solve 39.3640    add 11.3005    
Cumulative time: 64.96300983428955

BaB round 72
batch: 128
splitting decisions: 
split level 0: [/74, 587] [/74, 843] [/74, 826] [/74, 329] [/74, 71] [/74, 916] [/74, 669] [/74, 312] [/74, 826] [/74, 185] 
best_l after optimization: -268003.75
beta sum per layer: [0.0, 0.0, 0.0, 2.8104453086853027]
alpha/beta optimization time: 0.4003894329071045
pruning_in_iteration open status: False
ratio of positive domain = 0 / 256 = 0.0
pruning-in-iteration extra time: 4.506111145019531e-05
torch.Size([256, 1])
Time: prepare 0.0029    bound 0.4017    transfer 0.0036    finalize 0.0892    func 0.4974    
Accumulated time: func 39.8249    prepare 0.4475    bound 32.2114    transfer 0.2903    finalize 7.0850    
max lb tensor(-922.) min lb tensor(-1168.)
Number of Verified Splits: 0 of 256
Current worst splitting domains lb-rhs (depth):
-1168.00000 (41), -1168.00000 (72), -1168.00000 (9), -1168.00000 (4), -1168.00000 (28), -1168.00000 (54), -1168.00000 (18), -1168.00000 (35), -1168.00000 (65), -1168.00000 (14), -1168.00000 (62), -1168.00000 (23), -1168.00000 (45), -1168.00000 (58), -1168.00000 (50), -1168.00000 (68), -1168.00000 (9), -1168.00000 (29), -1168.00000 (35), -1168.00000 (54), 
Length of domains: 9128
Current (lb-rhs): -1168.0
18172 domains visited
Time: pickout 0.0402    decision 0.1297    set_bounds 0.0055    solve 0.4979    add 0.0871    
Accumulated time: pickout 2.6475    decision 11.1943    set_bounds 0.3733    solve 39.8620    add 11.3875    
Cumulative time: 65.72602105140686

BaB round 73
batch: 128
splitting decisions: 
split level 0: [/74, 669] [/74, 185] [/74, 475] [/74, 287] [/74, 312] [/74, 601] [/74, 917] [/74, 164] [/74, 62] [/74, 776] 
best_l after optimization: -268002.875
beta sum per layer: [0.0, 0.0, 0.0, 2.76637601852417]
alpha/beta optimization time: 0.3954746723175049
pruning_in_iteration open status: False
ratio of positive domain = 0 / 256 = 0.0
pruning-in-iteration extra time: 3.528594970703125e-05
torch.Size([256, 1])
Time: prepare 0.0031    bound 0.3969    transfer 0.0034    finalize 0.0853    func 0.4888    
Accumulated time: func 40.3137    prepare 0.4520    bound 32.6083    transfer 0.2938    finalize 7.1703    
max lb tensor(-922.) min lb tensor(-1168.)
Number of Verified Splits: 0 of 256
Current worst splitting domains lb-rhs (depth):
-1168.00000 (63), -1168.00000 (36), -1168.00000 (42), -1168.00000 (16), -1168.00000 (21), -1168.00000 (49), -1168.00000 (55), -1168.00000 (66), -1168.00000 (70), -1168.00000 (16), -1168.00000 (72), -1168.00000 (49), -1168.00000 (29), -1168.00000 (55), -1168.00000 (37), -1168.00000 (41), -1168.00000 (63), -1168.00000 (26), -1168.00000 (10), -1168.00000 (20), 
Length of domains: 9256
Current (lb-rhs): -1168.0
18428 domains visited
Time: pickout 0.0389    decision 0.1286    set_bounds 0.0057    solve 0.4893    add 0.0888    
Accumulated time: pickout 2.6865    decision 11.3229    set_bounds 0.3791    solve 40.3513    add 11.4763    
Cumulative time: 66.47976160049438

BaB round 74
batch: 128
splitting decisions: 
split level 0: [/74, 917] [/74, 776] [/74, 62] [/74, 185] [/74, 465] [/74, 666] [/74, 448] [/74, 669] [/74, 329] [/74, 328] 
best_l after optimization: -268002.46875
beta sum per layer: [0.0, 0.0, 0.0, 2.7533586025238037]
alpha/beta optimization time: 0.38904476165771484
pruning_in_iteration open status: False
ratio of positive domain = 0 / 256 = 0.0
pruning-in-iteration extra time: 3.600120544433594e-05
torch.Size([256, 1])
Time: prepare 0.0028    bound 0.3905    transfer 0.0035    finalize 0.0866    func 0.4834    
Accumulated time: func 40.7971    prepare 0.4561    bound 32.9988    transfer 0.2972    finalize 7.2569    
max lb tensor(-922.) min lb tensor(-1168.)
Number of Verified Splits: 0 of 256
Current worst splitting domains lb-rhs (depth):
-1168.00000 (23), -1168.00000 (23), -1168.00000 (5), -1168.00000 (60), -1168.00000 (42), -1168.00000 (47), -1168.00000 (55), -1168.00000 (31), -1168.00000 (38), -1168.00000 (49), -1168.00000 (67), -1168.00000 (70), -1168.00000 (9), -1168.00000 (14), -1168.00000 (60), -1168.00000 (31), -1168.00000 (42), -1168.00000 (54), -1168.00000 (13), -1168.00000 (10), 
Length of domains: 9384
Current (lb-rhs): -1168.0
18684 domains visited
Time: pickout 0.0375    decision 0.1269    set_bounds 0.0053    solve 0.4839    add 0.0874    
Accumulated time: pickout 2.7240    decision 11.4498    set_bounds 0.3843    solve 40.8352    add 11.5637    
Cumulative time: 67.22331690788269

BaB round 75
batch: 128
splitting decisions: 
split level 0: [/74, 160] [/74, 105] [/74, 91] [/74, 328] [/74, 390] [/74, 442] [/74, 611] [/74, 917] [/74, 843] [/74, 227] 
best_l after optimization: -268002.375
beta sum per layer: [0.0, 0.0, 0.0, 3.0074005126953125]
alpha/beta optimization time: 0.45571136474609375
pruning_in_iteration open status: False
ratio of positive domain = 0 / 256 = 0.0
pruning-in-iteration extra time: 0.00010132789611816406
torch.Size([256, 1])
Time: prepare 0.0029    bound 0.4571    transfer 0.0037    finalize 0.0834    func 0.5470    
Accumulated time: func 41.3441    prepare 0.4604    bound 33.4559    transfer 0.3009    finalize 7.3403    
max lb tensor(-922.) min lb tensor(-1168.)
Number of Verified Splits: 0 of 256
Current worst splitting domains lb-rhs (depth):
-1168.00000 (15), -1168.00000 (73), -1168.00000 (23), -1168.00000 (51), -1168.00000 (35), -1168.00000 (67), -1168.00000 (17), -1168.00000 (4), -1168.00000 (30), -1168.00000 (26), -1168.00000 (73), -1168.00000 (9), -1168.00000 (9), -1168.00000 (32), -1168.00000 (48), -1168.00000 (67), -1168.00000 (37), -1168.00000 (54), -1168.00000 (44), -1168.00000 (20), 
Length of domains: 9512
Current (lb-rhs): -1168.0
18940 domains visited
Time: pickout 0.0413    decision 0.1397    set_bounds 0.0053    solve 0.5475    add 0.0809    
Accumulated time: pickout 2.7653    decision 11.5895    set_bounds 0.3896    solve 41.3827    add 11.6446    
Cumulative time: 68.04043340682983

BaB round 76
batch: 128
splitting decisions: 
split level 0: [/74, 1010] [/74, 545] [/74, 329] [/74, 105] [/74, 574] [/74, 500] [/74, 1010] [/74, 160] [/74, 776] [/74, 601] 
best_l after optimization: -268003.65625
beta sum per layer: [0.0, 0.0, 0.0, 2.8648571968078613]
alpha/beta optimization time: 0.5558533668518066
pruning_in_iteration open status: False
ratio of positive domain = 0 / 256 = 0.0
pruning-in-iteration extra time: 0.00025391578674316406
torch.Size([256, 1])
Time: prepare 0.0030    bound 0.5574    transfer 0.0040    finalize 0.0853    func 0.6498    
Accumulated time: func 41.9939    prepare 0.4648    bound 34.0133    transfer 0.3049    finalize 7.4256    
max lb tensor(-922.) min lb tensor(-1168.)
Number of Verified Splits: 0 of 256
Current worst splitting domains lb-rhs (depth):
-1168.00000 (37), -1168.00000 (37), -1168.00000 (57), -1168.00000 (24), -1168.00000 (43), -1168.00000 (61), -1168.00000 (76), -1168.00000 (4), -1168.00000 (15), -1168.00000 (19), -1168.00000 (30), -1168.00000 (48), -1168.00000 (52), -1168.00000 (9), -1168.00000 (68), -1168.00000 (43), -1168.00000 (72), -1168.00000 (57), -1168.00000 (48), -1168.00000 (24), 
Length of domains: 9640
Current (lb-rhs): -1168.0
19196 domains visited
Time: pickout 0.0375    decision 0.1322    set_bounds 0.0055    solve 0.6503    add 0.0862    
Accumulated time: pickout 2.8027    decision 11.7217    set_bounds 0.3951    solve 42.0330    add 11.7308    
Cumulative time: 68.95448207855225

BaB round 77
batch: 128
splitting decisions: 
split level 0: [/74, 335] [/74, 601] [/74, 287] [/74, 916] [/74, 587] [/74, 89] [/74, 353] [/74, 337] [/74, 328] [/74, 73] 
best_l after optimization: -268003.1875
beta sum per layer: [0.0, 0.0, 0.0, 2.7952232360839844]
alpha/beta optimization time: 0.9679563045501709
pruning_in_iteration open status: False
ratio of positive domain = 0 / 256 = 0.0
pruning-in-iteration extra time: 0.00011491775512695312
torch.Size([256, 1])
Time: prepare 0.0117    bound 0.9695    transfer 0.0048    finalize 0.0858    func 1.0718    
Accumulated time: func 43.0657    prepare 0.4931    bound 34.9828    transfer 0.3097    finalize 7.5114    
max lb tensor(-922.) min lb tensor(-1168.)
Number of Verified Splits: 0 of 256
Current worst splitting domains lb-rhs (depth):
-1168.00000 (67), -1168.00000 (58), -1168.00000 (42), -1168.00000 (48), -1168.00000 (39), -1168.00000 (76), -1168.00000 (54), -1168.00000 (31), -1168.00000 (72), -1168.00000 (22), -1168.00000 (17), -1168.00000 (4), -1168.00000 (58), -1168.00000 (36), -1168.00000 (7), -1168.00000 (39), -1168.00000 (24), -1168.00000 (33), -1168.00000 (24), -1168.00000 (31), 
Length of domains: 9768
Current (lb-rhs): -1168.0
19452 domains visited
Time: pickout 0.0474    decision 0.3773    set_bounds 0.0101    solve 1.0723    add 0.0902    
Accumulated time: pickout 2.8502    decision 12.0990    set_bounds 0.4052    solve 43.1052    add 11.8210    
Cumulative time: 70.55435919761658

BaB round 78
batch: 128
splitting decisions: 
split level 0: [/74, 953] [/74, 666] [/74, 185] [/74, 601] [/74, 598] [/74, 71] [/74, 735] [/74, 541] [/74, 227] [/74, 500] 
best_l after optimization: -268002.8125
beta sum per layer: [0.0, 0.0, 0.0, 2.7703804969787598]
alpha/beta optimization time: 0.419466495513916
pruning_in_iteration open status: False
ratio of positive domain = 0 / 256 = 0.0
pruning-in-iteration extra time: 3.743171691894531e-05
torch.Size([256, 1])
Time: prepare 0.0036    bound 0.4208    transfer 0.0039    finalize 0.0893    func 0.5177    
Accumulated time: func 43.5833    prepare 0.5133    bound 35.4036    transfer 0.3136    finalize 7.6007    
max lb tensor(-922.) min lb tensor(-1168.)
Number of Verified Splits: 0 of 256
Current worst splitting domains lb-rhs (depth):
-1168.00000 (64), -1168.00000 (34), -1168.00000 (23), -1168.00000 (12), -1168.00000 (42), -1168.00000 (51), -1168.00000 (56), -1168.00000 (76), -1168.00000 (69), -1168.00000 (17), -1168.00000 (4), -1168.00000 (34), -1168.00000 (42), -1168.00000 (72), -1168.00000 (17), -1168.00000 (6), -1168.00000 (23), -1168.00000 (57), -1168.00000 (68), -1168.00000 (4), 
Length of domains: 9896
Current (lb-rhs): -1168.0
19708 domains visited
Time: pickout 0.0423    decision 0.3769    set_bounds 0.0059    solve 0.5182    add 0.0842    
Accumulated time: pickout 2.8925    decision 12.4759    set_bounds 0.4111    solve 43.6234    add 11.9052    
Cumulative time: 71.58455681800842

BaB round 79
batch: 128
splitting decisions: 
split level 0: [/74, 544] [/74, 442] [/74, 776] [/74, 442] [/74, 917] [/74, 338] [/74, 240] [/74, 832] [/74, 545] [/74, 358] 
best_l after optimization: -268002.5625
beta sum per layer: [0.0, 0.0, 0.0, 2.7720446586608887]
alpha/beta optimization time: 0.3938138484954834
pruning_in_iteration open status: False
ratio of positive domain = 0 / 256 = 0.0
pruning-in-iteration extra time: 3.600120544433594e-05
torch.Size([256, 1])
Time: prepare 0.0029    bound 0.3951    transfer 0.0040    finalize 0.0851    func 0.4873    
Accumulated time: func 44.0706    prepare 0.5176    bound 35.7987    transfer 0.3176    finalize 7.6858    
max lb tensor(-922.) min lb tensor(-1168.)
Number of Verified Splits: 0 of 256
Current worst splitting domains lb-rhs (depth):
-1168.00000 (31), -1168.00000 (48), -1168.00000 (54), -1168.00000 (60), -1168.00000 (26), -1168.00000 (4), -1168.00000 (76), -1168.00000 (28), -1168.00000 (69), -1168.00000 (33), -1168.00000 (40), -1168.00000 (72), -1168.00000 (62), -1168.00000 (10), -1168.00000 (13), -1168.00000 (37), -1168.00000 (78), -1168.00000 (18), -1168.00000 (45), -1168.00000 (47), 
Length of domains: 10024
Current (lb-rhs): -1168.0
19964 domains visited
Time: pickout 0.0424    decision 0.1274    set_bounds 0.0055    solve 0.4877    add 0.0830    
Accumulated time: pickout 2.9349    decision 12.6033    set_bounds 0.4166    solve 44.1112    add 11.9882    
Cumulative time: 72.33317613601685

BaB round 80
batch: 128
splitting decisions: 
split level 0: [/74, 506] [/74, 500] [/74, 666] [/74, 500] [/74, 337] [/74, 164] [/74, 335] [/74, 448] [/74, 601] [/74, 554] 
best_l after optimization: -268002.1875
beta sum per layer: [0.0, 0.0, 0.0, 2.769023895263672]
alpha/beta optimization time: 0.5461678504943848
pruning_in_iteration open status: False
ratio of positive domain = 0 / 256 = 0.0
pruning-in-iteration extra time: 0.000152587890625
torch.Size([256, 1])
Time: prepare 0.0031    bound 0.5476    transfer 0.0039    finalize 0.0876    func 0.6423    
Accumulated time: func 44.7129    prepare 0.5235    bound 36.3463    transfer 0.3215    finalize 7.7734    
max lb tensor(-922.) min lb tensor(-1168.)
Number of Verified Splits: 0 of 256
Current worst splitting domains lb-rhs (depth):
-1168.00000 (39), -1168.00000 (27), -1168.00000 (60), -1168.00000 (75), -1168.00000 (9), -1168.00000 (47), -1168.00000 (76), -1168.00000 (71), -1168.00000 (37), -1168.00000 (43), -1168.00000 (23), -1168.00000 (56), -1168.00000 (33), -1168.00000 (42), -1168.00000 (31), -1168.00000 (57), -1168.00000 (11), -1168.00000 (25), -1168.00000 (59), -1168.00000 (71), 
Length of domains: 10152
Current (lb-rhs): -1168.0
20220 domains visited
Time: pickout 0.0389    decision 0.1679    set_bounds 0.0058    solve 0.6428    add 0.0878    
Accumulated time: pickout 2.9738    decision 12.7712    set_bounds 0.4224    solve 44.7540    add 12.0760    
Cumulative time: 73.2788016796112

BaB round 81
batch: 128
splitting decisions: 
split level 0: [/74, 426] [/74, 554] [/74, 73] [/74, 89] [/74, 541] [/74, 390] [/74, 544] [/74, 611] [/74, 500] [/74, 71] 
best_l after optimization: -268002.09375
beta sum per layer: [0.0, 0.0, 0.0, 3.019728183746338]
alpha/beta optimization time: 0.41724324226379395
pruning_in_iteration open status: False
ratio of positive domain = 0 / 256 = 0.0
pruning-in-iteration extra time: 3.695487976074219e-05
torch.Size([256, 1])
Time: prepare 0.0035    bound 0.4186    transfer 0.0042    finalize 0.0866    func 0.5129    
Accumulated time: func 45.2258    prepare 0.5310    bound 36.7649    transfer 0.3256    finalize 7.8600    
max lb tensor(-922.) min lb tensor(-1168.)
Number of Verified Splits: 0 of 256
Current worst splitting domains lb-rhs (depth):
-1168.00000 (40), -1168.00000 (32), -1168.00000 (76), -1168.00000 (18), -1168.00000 (61), -1168.00000 (40), -1168.00000 (51), -1168.00000 (7), -1168.00000 (76), -1168.00000 (25), -1168.00000 (60), -1168.00000 (18), -1168.00000 (33), -1168.00000 (7), -1168.00000 (76), -1168.00000 (51), -1168.00000 (6), -1168.00000 (60), -1168.00000 (18), -1168.00000 (77), 
Length of domains: 10280
Current (lb-rhs): -1168.0
20476 domains visited
Time: pickout 0.0397    decision 0.1770    set_bounds 0.0056    solve 0.5134    add 0.0826    
Accumulated time: pickout 3.0136    decision 12.9482    set_bounds 0.4280    solve 45.2674    add 12.1586    
Cumulative time: 74.09963607788086

BaB round 82
batch: 128
splitting decisions: 
split level 0: [/74, 580] [/74, 791] [/74, 500] [/74, 358] [/74, 448] [/74, 52] [/74, 634] [/74, 1010] [/74, 554] [/74, 338] 
best_l after optimization: -268003.53125
beta sum per layer: [0.0, 0.0, 0.0, 2.866170883178711]
alpha/beta optimization time: 0.40052008628845215
pruning_in_iteration open status: False
ratio of positive domain = 0 / 256 = 0.0
pruning-in-iteration extra time: 3.600120544433594e-05
torch.Size([256, 1])
Time: prepare 0.0030    bound 0.4019    transfer 0.0037    finalize 0.0846    func 0.4932    
Accumulated time: func 45.7190    prepare 0.5353    bound 37.1668    transfer 0.3293    finalize 7.9446    
max lb tensor(-922.) min lb tensor(-1168.)
Number of Verified Splits: 0 of 256
Current worst splitting domains lb-rhs (depth):
-1168.00000 (70), -1168.00000 (41), -1168.00000 (60), -1168.00000 (26), -1168.00000 (33), -1168.00000 (52), -1168.00000 (6), -1168.00000 (78), -1168.00000 (72), -1168.00000 (67), -1168.00000 (45), -1168.00000 (68), -1168.00000 (15), -1168.00000 (14), -1168.00000 (12), -1168.00000 (57), -1168.00000 (53), -1168.00000 (4), -1168.00000 (62), -1168.00000 (55), 
Length of domains: 10408
Current (lb-rhs): -1168.0
20732 domains visited
Time: pickout 0.0392    decision 0.1280    set_bounds 0.0055    solve 0.4937    add 0.0839    
Accumulated time: pickout 3.0527    decision 13.0763    set_bounds 0.4335    solve 45.7611    add 12.2425    
Cumulative time: 74.85220432281494

BaB round 83
batch: 128
splitting decisions: 
split level 0: [/74, 118] [/74, 71] [/74, 89] [/74, 554] [/74, 611] [/74, 574] [/74, 506] [/74, 335] [/74, 71] [/74, 312] 
best_l after optimization: -268002.9375
beta sum per layer: [0.0, 0.0, 0.0, 2.8156044483184814]
alpha/beta optimization time: 0.39724135398864746
pruning_in_iteration open status: False
ratio of positive domain = 0 / 256 = 0.0
pruning-in-iteration extra time: 3.790855407714844e-05
torch.Size([256, 1])
Time: prepare 0.0031    bound 0.3986    transfer 0.0035    finalize 0.2582    func 0.6635    
Accumulated time: func 46.3825    prepare 0.5398    bound 37.5654    transfer 0.3329    finalize 8.2028    
max lb tensor(-922.) min lb tensor(-1168.)
Number of Verified Splits: 0 of 256
Current worst splitting domains lb-rhs (depth):
-1168.00000 (78), -1168.00000 (58), -1168.00000 (16), -1168.00000 (71), -1168.00000 (26), -1168.00000 (59), -1168.00000 (10), -1168.00000 (42), -1168.00000 (28), -1168.00000 (56), -1168.00000 (16), -1168.00000 (35), -1168.00000 (55), -1168.00000 (74), -1168.00000 (63), -1168.00000 (44), -1168.00000 (50), -1168.00000 (39), -1168.00000 (12), -1168.00000 (81), 
Length of domains: 10536
Current (lb-rhs): -1168.0
20988 domains visited
Time: pickout 0.0382    decision 0.1284    set_bounds 0.0057    solve 0.6640    add 0.0827    
Accumulated time: pickout 3.0910    decision 13.2047    set_bounds 0.4392    solve 46.4251    add 12.3252    
Cumulative time: 75.7738983631134

BaB round 84
batch: 128
splitting decisions: 
split level 0: [/74, 295] [/74, 338] [/74, 338] [/74, 791] [/74, 1010] [/74, 587] [/74, 295] [/74, 544] [/74, 312] [/74, 164] 
best_l after optimization: -268002.5
beta sum per layer: [0.0, 0.0, 0.0, 3.061586380004883]
alpha/beta optimization time: 0.3925173282623291
pruning_in_iteration open status: False
ratio of positive domain = 0 / 256 = 0.0
pruning-in-iteration extra time: 3.4809112548828125e-05
torch.Size([256, 1])
Time: prepare 0.0030    bound 0.3938    transfer 0.0038    finalize 0.0873    func 0.4881    
Accumulated time: func 46.8706    prepare 0.5443    bound 37.9593    transfer 0.3367    finalize 8.2902    
max lb tensor(-922.) min lb tensor(-1168.)
Number of Verified Splits: 0 of 256
Current worst splitting domains lb-rhs (depth):
-1168.00000 (75), -1168.00000 (45), -1168.00000 (6), -1168.00000 (37), -1168.00000 (29), -1168.00000 (68), -1168.00000 (16), -1168.00000 (9), -1168.00000 (54), -1168.00000 (45), -1168.00000 (60), -1168.00000 (37), -1168.00000 (80), -1168.00000 (60), -1168.00000 (26), -1168.00000 (19), -1168.00000 (12), -1168.00000 (66), -1168.00000 (36), -1168.00000 (26), 
Length of domains: 10664
Current (lb-rhs): -1168.0
21244 domains visited
Time: pickout 0.0394    decision 0.1291    set_bounds 0.0060    solve 0.4886    add 0.0863    
Accumulated time: pickout 3.1304    decision 13.3338    set_bounds 0.4452    solve 46.9136    add 12.4115    
Cumulative time: 76.525803565979

BaB round 85
batch: 128
splitting decisions: 
split level 0: [/74, 86] [/74, 312] [/74, 164] [/74, 338] [/74, 353] [/74, 598] [/74, 86] [/74, 634] [/74, 465] [/74, 465] 
best_l after optimization: -268003.65625
beta sum per layer: [0.0, 0.0, 0.0, 2.915700912475586]
alpha/beta optimization time: 0.4084208011627197
pruning_in_iteration open status: False
ratio of positive domain = 0 / 256 = 0.0
pruning-in-iteration extra time: 4.124641418457031e-05
torch.Size([256, 1])
Time: prepare 0.0028    bound 0.4098    transfer 0.0051    finalize 0.0886    func 0.5065    
Accumulated time: func 47.3770    prepare 0.5484    bound 38.3690    transfer 0.3418    finalize 8.3788    
max lb tensor(-922.) min lb tensor(-1168.)
Number of Verified Splits: 0 of 256
Current worst splitting domains lb-rhs (depth):
-1168.00000 (48), -1168.00000 (64), -1168.00000 (30), -1168.00000 (18), -1168.00000 (64), -1168.00000 (73), -1168.00000 (42), -1168.00000 (57), -1168.00000 (84), -1168.00000 (34), -1168.00000 (11), -1168.00000 (77), -1168.00000 (24), -1168.00000 (30), -1168.00000 (18), -1168.00000 (4), -1168.00000 (64), -1168.00000 (42), -1168.00000 (56), -1168.00000 (19), 
Length of domains: 10792
Current (lb-rhs): -1168.0
21500 domains visited
Time: pickout 0.0412    decision 0.1271    set_bounds 0.0055    solve 0.5070    add 0.0811    
Accumulated time: pickout 3.1716    decision 13.4609    set_bounds 0.4507    solve 47.4207    add 12.4926    
Cumulative time: 77.29018235206604

BaB round 86
batch: 128
splitting decisions: 
split level 0: [/74, 180] [/74, 390] [/74, 390] [/74, 164] [/74, 735] [/74, 160] [/74, 585] [/74, 506] [/74, 975] [/74, 390] 
best_l after optimization: -268003.25
beta sum per layer: [0.0, 0.0, 0.0, 2.8455564975738525]
alpha/beta optimization time: 0.39797496795654297
pruning_in_iteration open status: False
ratio of positive domain = 0 / 256 = 0.0
pruning-in-iteration extra time: 7.62939453125e-05
torch.Size([256, 1])
Time: prepare 0.0030    bound 0.3994    transfer 0.0041    finalize 0.0858    func 0.4922    
Accumulated time: func 47.8693    prepare 0.5529    bound 38.7684    transfer 0.3459    finalize 8.4646    
max lb tensor(-922.) min lb tensor(-1168.)
Number of Verified Splits: 0 of 256
Current worst splitting domains lb-rhs (depth):
-1168.00000 (28), -1168.00000 (81), -1168.00000 (24), -1168.00000 (57), -1168.00000 (86), -1168.00000 (44), -1168.00000 (54), -1168.00000 (8), -1168.00000 (74), -1168.00000 (51), -1168.00000 (65), -1168.00000 (20), -1168.00000 (66), -1168.00000 (38), -1168.00000 (70), -1168.00000 (35), -1168.00000 (69), -1168.00000 (3), -1168.00000 (21), -1168.00000 (10), 
Length of domains: 10920
Current (lb-rhs): -1168.0
21756 domains visited
Time: pickout 0.0400    decision 0.1307    set_bounds 0.0056    solve 0.4927    add 0.0856    
Accumulated time: pickout 3.2115    decision 13.5916    set_bounds 0.4563    solve 47.9134    add 12.5782    
Cumulative time: 78.04689574241638

BaB round 87
batch: 128
splitting decisions: 
split level 0: [/74, 517] [/74, 975] [/74, 975] [/74, 52] [/74, 240] [/74, 541] [/74, 517] [/74, 422] [/74, 574] [/74, 52] 
best_l after optimization: -268002.75
beta sum per layer: [0.0, 0.0, 0.0, 2.805659294128418]
alpha/beta optimization time: 0.3922915458679199
pruning_in_iteration open status: False
ratio of positive domain = 0 / 256 = 0.0
pruning-in-iteration extra time: 3.9577484130859375e-05
torch.Size([256, 1])
Time: prepare 0.0029    bound 0.3936    transfer 0.0044    finalize 0.0846    func 0.4855    
Accumulated time: func 48.3548    prepare 0.5572    bound 39.1620    transfer 0.3503    finalize 8.5491    
max lb tensor(-922.) min lb tensor(-1168.)
Number of Verified Splits: 0 of 256
Current worst splitting domains lb-rhs (depth):
-1168.00000 (28), -1168.00000 (27), -1168.00000 (54), -1168.00000 (27), -1168.00000 (53), -1168.00000 (81), -1168.00000 (7), -1168.00000 (53), -1168.00000 (28), -1168.00000 (81), -1168.00000 (53), -1168.00000 (28), -1168.00000 (52), -1168.00000 (7), -1168.00000 (54), -1168.00000 (82), -1168.00000 (52), -1168.00000 (52), -1168.00000 (29), -1168.00000 (7), 
Length of domains: 11048
Current (lb-rhs): -1168.0
22012 domains visited
Time: pickout 0.0390    decision 0.1283    set_bounds 0.0056    solve 0.4861    add 0.0827    
Accumulated time: pickout 3.2505    decision 13.7199    set_bounds 0.4618    solve 48.3995    add 12.6609    
Cumulative time: 78.79046869277954

BaB round 88
batch: 128
splitting decisions: 
split level 0: [/74, 129] [/74, 574] [/74, 52] [/74, 598] [/74, 953] [/74, 448] [/74, 456] [/74, 86] [/74, 669] [/74, 574] 
best_l after optimization: -268002.4375
beta sum per layer: [0.0, 0.0, 0.0, 2.7973742485046387]
alpha/beta optimization time: 0.39470648765563965
pruning_in_iteration open status: False
ratio of positive domain = 0 / 256 = 0.0
pruning-in-iteration extra time: 4.124641418457031e-05
torch.Size([256, 1])
Time: prepare 0.0030    bound 0.3962    transfer 0.0041    finalize 0.0850    func 0.4883    
Accumulated time: func 48.8431    prepare 0.5615    bound 39.5582    transfer 0.3544    finalize 8.6341    
max lb tensor(-922.) min lb tensor(-1168.)
Number of Verified Splits: 0 of 256
Current worst splitting domains lb-rhs (depth):
-1168.00000 (19), -1168.00000 (21), -1168.00000 (63), -1168.00000 (47), -1168.00000 (81), -1168.00000 (81), -1168.00000 (57), -1168.00000 (88), -1168.00000 (39), -1168.00000 (73), -1168.00000 (4), -1168.00000 (47), -1168.00000 (69), -1168.00000 (15), -1168.00000 (13), -1168.00000 (63), -1168.00000 (38), -1168.00000 (28), -1168.00000 (57), -1168.00000 (7), 
Length of domains: 11176
Current (lb-rhs): -1168.0
22268 domains visited
Time: pickout 0.0381    decision 0.1277    set_bounds 0.0057    solve 0.4888    add 0.0818    
Accumulated time: pickout 3.2886    decision 13.8476    set_bounds 0.4676    solve 48.8882    add 12.7427    
Cumulative time: 79.53507733345032

BaB round 89
batch: 128
splitting decisions: 
split level 0: [/74, 210] [/74, 587] [/74, 574] [/74, 669] [/74, 506] [/74, 611] [/74, 738] [/74, 585] [/74, 375] [/74, 669] 
best_l after optimization: -268002.1875
beta sum per layer: [0.0, 0.0, 0.0, 2.7798476219177246]
alpha/beta optimization time: 0.3927896022796631
pruning_in_iteration open status: False
ratio of positive domain = 0 / 256 = 0.0
pruning-in-iteration extra time: 3.600120544433594e-05
torch.Size([256, 1])
Time: prepare 0.0030    bound 0.3941    transfer 0.0042    finalize 0.0859    func 0.4873    
Accumulated time: func 49.3303    prepare 0.5659    bound 39.9523    transfer 0.3586    finalize 8.7200    
max lb tensor(-922.) min lb tensor(-1168.)
Number of Verified Splits: 0 of 256
Current worst splitting domains lb-rhs (depth):
-1168.00000 (88), -1168.00000 (21), -1168.00000 (38), -1168.00000 (65), -1168.00000 (59), -1168.00000 (8), -1168.00000 (57), -1168.00000 (73), -1168.00000 (41), -1168.00000 (4), -1168.00000 (18), -1168.00000 (83), -1168.00000 (45), -1168.00000 (53), -1168.00000 (25), -1168.00000 (82), -1168.00000 (35), -1168.00000 (32), -1168.00000 (62), -1168.00000 (69), 
Length of domains: 11304
Current (lb-rhs): -1168.0
22524 domains visited
Time: pickout 0.0401    decision 0.1288    set_bounds 0.0056    solve 0.4878    add 0.0915    
Accumulated time: pickout 3.3288    decision 13.9765    set_bounds 0.4732    solve 49.3760    add 12.8342    
Cumulative time: 80.291433095932

BaB round 90
batch: 128
splitting decisions: 
split level 0: [/74, 302] [/74, 669] [/74, 669] [/74, 375] [/74, 426] [/74, 1010] [/74, 302] [/74, 210] [/74, 917] [/74, 917] 
best_l after optimization: -268002.125
beta sum per layer: [0.0, 0.0, 0.0, 3.0461721420288086]
alpha/beta optimization time: 0.4002974033355713
pruning_in_iteration open status: False
ratio of positive domain = 0 / 256 = 0.0
pruning-in-iteration extra time: 3.933906555175781e-05
torch.Size([256, 1])
Time: prepare 0.0030    bound 0.4017    transfer 0.0040    finalize 0.0889    func 0.4977    
Accumulated time: func 49.8280    prepare 0.5704    bound 40.3540    transfer 0.3626    finalize 8.8089    
max lb tensor(-922.) min lb tensor(-1168.)
Number of Verified Splits: 0 of 256
Current worst splitting domains lb-rhs (depth):
-1168.00000 (62), -1168.00000 (41), -1168.00000 (21), -1168.00000 (63), -1168.00000 (78), -1168.00000 (41), -1168.00000 (88), -1168.00000 (63), -1168.00000 (41), -1168.00000 (7), -1168.00000 (21), -1168.00000 (42), -1168.00000 (63), -1168.00000 (42), -1168.00000 (78), -1168.00000 (7), -1168.00000 (88), -1168.00000 (7), -1168.00000 (42), -1168.00000 (15), 
Length of domains: 11432
Current (lb-rhs): -1168.0
22780 domains visited
Time: pickout 0.0398    decision 0.1295    set_bounds 0.0055    solve 0.4982    add 0.0850    
Accumulated time: pickout 3.3686    decision 14.1060    set_bounds 0.4787    solve 49.8742    add 12.9192    
Cumulative time: 81.05225849151611

BaB round 91
batch: 128
splitting decisions: 
split level 0: [/74, 852] [/74, 375] [/74, 375] [/74, 541] [/74, 784] [/74, 735] [/74, 733] [/74, 456] [/74, 448] [/74, 832] 
best_l after optimization: -268004.375
beta sum per layer: [0.0, 0.0, 0.0, 2.9193108081817627]
alpha/beta optimization time: 0.4584779739379883
pruning_in_iteration open status: False
ratio of positive domain = 0 / 256 = 0.0
pruning-in-iteration extra time: 3.933906555175781e-05
torch.Size([256, 1])
Time: prepare 0.0030    bound 0.4598    transfer 0.0037    finalize 0.0843    func 0.5508    
Accumulated time: func 50.3788    prepare 0.5751    bound 40.8138    transfer 0.3662    finalize 8.8933    
max lb tensor(-922.) min lb tensor(-1168.)
Number of Verified Splits: 0 of 256
Current worst splitting domains lb-rhs (depth):
-1168.00000 (18), -1168.00000 (26), -1168.00000 (12), -1168.00000 (35), -1168.00000 (86), -1168.00000 (71), -1168.00000 (6), -1168.00000 (47), -1168.00000 (22), -1168.00000 (64), -1168.00000 (87), -1168.00000 (78), -1168.00000 (35), -1168.00000 (46), -1168.00000 (28), -1168.00000 (6), -1168.00000 (56), -1168.00000 (71), -1168.00000 (87), -1168.00000 (46), 
Length of domains: 11560
Current (lb-rhs): -1168.0
23036 domains visited
Time: pickout 0.0409    decision 0.1408    set_bounds 0.0057    solve 0.5513    add 0.0833    
Accumulated time: pickout 3.4095    decision 14.2468    set_bounds 0.4844    solve 50.4255    add 13.0025    
Cumulative time: 81.87697100639343

BaB round 92
batch: 128
splitting decisions: 
split level 0: [/74, 6] [/74, 160] [/74, 160] [/74, 832] [/74, 422] [/74, 240] [/74, 6] [/74, 302] [/74, 611] [/74, 448] 
best_l after optimization: -268003.3125
beta sum per layer: [0.0, 0.0, 0.0, 2.8417885303497314]
alpha/beta optimization time: 0.7944011688232422
pruning_in_iteration open status: False
ratio of positive domain = 0 / 256 = 0.0
pruning-in-iteration extra time: 0.0005896091461181641
torch.Size([256, 1])
Time: prepare 0.0030    bound 0.7963    transfer 0.0038    finalize 0.0841    func 0.8872    
Accumulated time: func 51.2661    prepare 0.5795    bound 41.6101    transfer 0.3700    finalize 8.9774    
max lb tensor(-922.) min lb tensor(-1168.)
Number of Verified Splits: 0 of 256
Current worst splitting domains lb-rhs (depth):
-1168.00000 (72), -1168.00000 (46), -1168.00000 (66), -1168.00000 (7), -1168.00000 (31), -1168.00000 (10), -1168.00000 (4), -1168.00000 (59), -1168.00000 (50), -1168.00000 (40), -1168.00000 (72), -1168.00000 (19), -1168.00000 (31), -1168.00000 (62), -1168.00000 (85), -1168.00000 (31), -1168.00000 (73), -1168.00000 (5), -1168.00000 (66), -1168.00000 (59), 
Length of domains: 11688
Current (lb-rhs): -1168.0
23292 domains visited
Time: pickout 0.0401    decision 0.1395    set_bounds 0.0057    solve 0.8877    add 0.0833    
Accumulated time: pickout 3.4496    decision 14.3863    set_bounds 0.4901    solve 51.3132    add 13.0858    
Cumulative time: 83.03536629676819

BaB round 93
batch: 128
splitting decisions: 
split level 0: [/74, 779] [/74, 832] [/74, 832] [/74, 611] [/74, 86] [/74, 335] [/74, 855] [/74, 6] [/74, 714] [/74, 714] 
best_l after optimization: -268002.84375
beta sum per layer: [0.0, 0.0, 0.0, 2.8165194988250732]
alpha/beta optimization time: 0.8713786602020264
pruning_in_iteration open status: False
ratio of positive domain = 0 / 256 = 0.0
pruning-in-iteration extra time: 0.00038504600524902344
torch.Size([256, 1])
Time: prepare 0.0122    bound 0.8731    transfer 0.0042    finalize 0.0815    func 0.9711    
Accumulated time: func 52.2371    prepare 0.6061    bound 42.4832    transfer 0.3743    finalize 9.0589    
max lb tensor(-922.) min lb tensor(-1168.)
Number of Verified Splits: 0 of 256
Current worst splitting domains lb-rhs (depth):
-1168.00000 (24), -1168.00000 (92), -1168.00000 (87), -1168.00000 (46), -1168.00000 (28), -1168.00000 (35), -1168.00000 (66), -1168.00000 (55), -1168.00000 (49), -1168.00000 (69), -1168.00000 (30), -1168.00000 (71), -1168.00000 (37), -1168.00000 (82), -1168.00000 (11), -1168.00000 (19), -1168.00000 (7), -1168.00000 (74), -1168.00000 (47), -1168.00000 (44), 
Length of domains: 11816
Current (lb-rhs): -1168.0
23548 domains visited
Time: pickout 0.0486    decision 0.3175    set_bounds 0.0068    solve 0.9716    add 0.0799    
Accumulated time: pickout 3.4982    decision 14.7038    set_bounds 0.4969    solve 52.2848    add 13.1657    
Cumulative time: 84.4617371559143

BaB round 94
batch: 128
splitting decisions: 
split level 0: [/74, 1018] [/74, 1010] [/74, 240] [/74, 240] [/74, 585] [/74, 953] [/74, 871] [/74, 779] [/74, 1010] [/74, 1010] 
best_l after optimization: -268002.625
beta sum per layer: [0.0, 0.0, 0.0, 2.7878050804138184]
alpha/beta optimization time: 0.40810441970825195
pruning_in_iteration open status: False
ratio of positive domain = 0 / 256 = 0.0
pruning-in-iteration extra time: 0.0001373291015625
torch.Size([256, 1])
Time: prepare 0.0030    bound 0.4096    transfer 0.0050    finalize 0.0846    func 0.5022    
Accumulated time: func 52.7393    prepare 0.6105    bound 42.8928    transfer 0.3793    finalize 9.1435    
max lb tensor(-922.) min lb tensor(-1168.)
Number of Verified Splits: 0 of 256
Current worst splitting domains lb-rhs (depth):
-1168.00000 (31), -1168.00000 (42), -1168.00000 (28), -1168.00000 (36), -1168.00000 (94), -1168.00000 (60), -1168.00000 (24), -1168.00000 (8), -1168.00000 (48), -1168.00000 (85), -1168.00000 (51), -1168.00000 (75), -1168.00000 (38), -1168.00000 (64), -1168.00000 (11), -1168.00000 (39), -1168.00000 (54), -1168.00000 (72), -1168.00000 (65), -1168.00000 (66), 
Length of domains: 11944
Current (lb-rhs): -1168.0
23804 domains visited
Time: pickout 0.0379    decision 0.1335    set_bounds 0.0059    solve 0.5027    add 0.0827    
Accumulated time: pickout 3.5361    decision 14.8374    set_bounds 0.5028    solve 52.7875    add 13.2484    
Cumulative time: 85.22659516334534

BaB round 95
batch: 128
splitting decisions: 
split level 0: [/74, 190] [/74, 735] [/74, 953] [/74, 423] [/74, 530] [/74, 506] [/74, 190] [/74, 1018] [/74, 735] [/74, 735] 
best_l after optimization: -268002.375
beta sum per layer: [0.0, 0.0, 0.0, 2.7650198936462402]
alpha/beta optimization time: 0.4313802719116211
pruning_in_iteration open status: False
ratio of positive domain = 0 / 256 = 0.0
pruning-in-iteration extra time: 3.552436828613281e-05
torch.Size([256, 1])
Time: prepare 0.0030    bound 0.4327    transfer 0.0039    finalize 0.0805    func 0.5202    
Accumulated time: func 53.2595    prepare 0.6148    bound 43.3255    transfer 0.3832    finalize 9.2240    
max lb tensor(-922.) min lb tensor(-1168.)
Number of Verified Splits: 0 of 256
Current worst splitting domains lb-rhs (depth):
-1168.00000 (89), -1168.00000 (29), -1168.00000 (8), -1168.00000 (58), -1168.00000 (30), -1168.00000 (88), -1168.00000 (58), -1168.00000 (30), -1168.00000 (58), -1168.00000 (8), -1168.00000 (89), -1168.00000 (57), -1168.00000 (30), -1168.00000 (57), -1168.00000 (31), -1168.00000 (57), -1168.00000 (88), -1168.00000 (7), -1168.00000 (31), -1168.00000 (56), 
Length of domains: 12072
Current (lb-rhs): -1168.0
24060 domains visited
Time: pickout 0.0393    decision 0.1273    set_bounds 0.0057    solve 0.5207    add 0.0821    
Accumulated time: pickout 3.5754    decision 14.9646    set_bounds 0.5085    solve 53.3082    add 13.3306    
Cumulative time: 86.00345969200134

BaB round 96
batch: 128
splitting decisions: 
split level 0: [/74, 913] [/74, 544] [/74, 544] [/74, 544] [/74, 517] [/74, 422] [/74, 407] [/74, 190] [/74, 240] [/74, 240] 
best_l after optimization: -268002.25
beta sum per layer: [0.0, 0.0, 0.0, 2.7492494583129883]
alpha/beta optimization time: 0.5754985809326172
pruning_in_iteration open status: False
ratio of positive domain = 0 / 256 = 0.0
pruning-in-iteration extra time: 3.457069396972656e-05
torch.Size([256, 1])
Time: prepare 0.0037    bound 0.5769    transfer 0.0039    finalize 0.0792    func 0.6637    
Accumulated time: func 53.9232    prepare 0.6235    bound 43.9023    transfer 0.3871    finalize 9.3032    
max lb tensor(-922.) min lb tensor(-1168.)
Number of Verified Splits: 0 of 256
Current worst splitting domains lb-rhs (depth):
-1168.00000 (26), -1168.00000 (41), -1168.00000 (27), -1168.00000 (49), -1168.00000 (80), -1168.00000 (63), -1168.00000 (69), -1168.00000 (5), -1168.00000 (26), -1168.00000 (12), -1168.00000 (49), -1168.00000 (72), -1168.00000 (80), -1168.00000 (37), -1168.00000 (63), -1168.00000 (50), -1168.00000 (26), -1168.00000 (80), -1168.00000 (90), -1168.00000 (93), 
Length of domains: 12200
Current (lb-rhs): -1168.0
24316 domains visited
Time: pickout 0.0399    decision 0.1854    set_bounds 0.0061    solve 0.6642    add 0.0809    
Accumulated time: pickout 3.6153    decision 15.1501    set_bounds 0.5146    solve 53.9724    add 13.4115    
Cumulative time: 86.98198080062866

BaB round 97
batch: 128
splitting decisions: 
split level 0: [/74, 693] [/74, 634] [/74, 634] [/74, 506] [/74, 893] [/74, 118] [/74, 42] [/74, 461] [/74, 335] [/74, 335] 
best_l after optimization: -268002.125
beta sum per layer: [0.0, 0.0, 0.0, 3.1778361797332764]
alpha/beta optimization time: 0.7389893531799316
pruning_in_iteration open status: False
ratio of positive domain = 0 / 256 = 0.0
pruning-in-iteration extra time: 5.626678466796875e-05
torch.Size([256, 1])
Time: prepare 0.0117    bound 0.7404    transfer 0.0046    finalize 0.0793    func 0.8359    
Accumulated time: func 54.7591    prepare 0.6423    bound 44.6427    transfer 0.3917    finalize 9.3825    
max lb tensor(-922.) min lb tensor(-1168.)
Number of Verified Splits: 0 of 256
Current worst splitting domains lb-rhs (depth):
-1168.00000 (77), -1168.00000 (51), -1168.00000 (36), -1168.00000 (63), -1168.00000 (18), -1168.00000 (5), -1168.00000 (72), -1168.00000 (94), -1168.00000 (51), -1168.00000 (27), -1168.00000 (37), -1168.00000 (64), -1168.00000 (88), -1168.00000 (77), -1168.00000 (50), -1168.00000 (27), -1168.00000 (37), -1168.00000 (64), -1168.00000 (14), -1168.00000 (10), 
Length of domains: 12328
Current (lb-rhs): -1168.0
24572 domains visited
Time: pickout 0.0408    decision 0.1638    set_bounds 0.0096    solve 0.8364    add 0.0812    
Accumulated time: pickout 3.6561    decision 15.3139    set_bounds 0.5243    solve 54.8088    add 13.4927    
Cumulative time: 88.11578321456909

BaB round 98
batch: 128
splitting decisions: 
split level 0: [/74, 543] [/74, 506] [/74, 506] [/74, 784] [/74, 210] [/74, 712] [/74, 452] [/74, 913] [/74, 634] [/74, 953] 
best_l after optimization: -268004.375
beta sum per layer: [0.0, 0.0, 0.0, 2.9552435874938965]
alpha/beta optimization time: 0.8282129764556885
pruning_in_iteration open status: False
ratio of positive domain = 0 / 256 = 0.0
pruning-in-iteration extra time: 0.0024085044860839844
torch.Size([256, 1])
Time: prepare 0.0029    bound 0.8319    transfer 0.0061    finalize 0.0769    func 0.9179    
Accumulated time: func 55.6771    prepare 0.6681    bound 45.4746    transfer 0.3978    finalize 9.4594    
max lb tensor(-922.) min lb tensor(-1168.)
Number of Verified Splits: 0 of 256
Current worst splitting domains lb-rhs (depth):
-1168.00000 (35), -1168.00000 (53), -1168.00000 (63), -1168.00000 (27), -1168.00000 (81), -1168.00000 (44), -1168.00000 (69), -1168.00000 (5), -1168.00000 (19), -1168.00000 (53), -1168.00000 (90), -1168.00000 (75), -1168.00000 (27), -1168.00000 (87), -1168.00000 (35), -1168.00000 (94), -1168.00000 (62), -1168.00000 (97), -1168.00000 (53), -1168.00000 (82), 
Length of domains: 12456
Current (lb-rhs): -1168.0
24828 domains visited
Time: pickout 0.0395    decision 0.2896    set_bounds 0.0056    solve 0.9184    add 0.0810    
Accumulated time: pickout 3.6957    decision 15.6034    set_bounds 0.5299    solve 55.7272    add 13.5738    
Cumulative time: 89.45165920257568

BaB round 99
batch: 128
splitting decisions: 
split level 0: [/74, 565] [/74, 426] [/74, 784] [/74, 712] [/74, 456] [/74, 180] [/74, 345] [/74, 543] [/74, 506] [/74, 544] 
best_l after optimization: -268003.625
beta sum per layer: [0.0, 0.0, 0.0, 2.9080986976623535]
alpha/beta optimization time: 0.796727180480957
pruning_in_iteration open status: False
ratio of positive domain = 0 / 256 = 0.0
pruning-in-iteration extra time: 3.2901763916015625e-05
torch.Size([256, 1])
Time: prepare 0.0029    bound 0.7980    transfer 0.0037    finalize 0.0766    func 0.8813    
Accumulated time: func 56.5583    prepare 0.6728    bound 46.2726    transfer 0.4015    finalize 9.5359    
max lb tensor(-922.) min lb tensor(-1168.)
Number of Verified Splits: 0 of 256
Current worst splitting domains lb-rhs (depth):
-1168.00000 (66), -1168.00000 (90), -1168.00000 (50), -1168.00000 (65), -1168.00000 (27), -1168.00000 (66), -1168.00000 (10), -1168.00000 (39), -1168.00000 (4), -1168.00000 (89), -1168.00000 (27), -1168.00000 (50), -1168.00000 (65), -1168.00000 (97), -1168.00000 (27), -1168.00000 (66), -1168.00000 (89), -1168.00000 (10), -1168.00000 (67), -1168.00000 (49), 
Length of domains: 12584
Current (lb-rhs): -1168.0
25084 domains visited
Time: pickout 0.0440    decision 0.1317    set_bounds 0.0056    solve 0.8817    add 0.0810    
Accumulated time: pickout 3.7397    decision 15.7352    set_bounds 0.5355    solve 56.6089    add 13.6548    
Cumulative time: 90.59754419326782

BaB round 100
batch: 128
splitting decisions: 
split level 0: [/74, 672] [/74, 784] [/74, 422] [/74, 530] [/74, 302] [/74, 530] [/74, 54] [/74, 345] [/74, 580] [/74, 634] 
best_l after optimization: -268003.34375
beta sum per layer: [0.0, 0.0, 0.0, 2.8883743286132812]
alpha/beta optimization time: 0.7802872657775879
pruning_in_iteration open status: False
ratio of positive domain = 0 / 256 = 0.0
pruning-in-iteration extra time: 0.00011539459228515625
torch.Size([256, 1])
Time: prepare 0.0056    bound 0.7817    transfer 0.0039    finalize 0.0906    func 0.8819    
Accumulated time: func 57.4402    prepare 0.6877    bound 47.0544    transfer 0.4054    finalize 9.6265    
max lb tensor(-922.) min lb tensor(-1168.)
Number of Verified Splits: 0 of 256
Current worst splitting domains lb-rhs (depth):
-1168.00000 (4), -1168.00000 (14), -1168.00000 (73), -1168.00000 (34), -1168.00000 (42), -1168.00000 (44), -1168.00000 (82), -1168.00000 (63), -1168.00000 (49), -1168.00000 (55), -1168.00000 (76), -1168.00000 (24), -1168.00000 (78), -1168.00000 (23), -1168.00000 (37), -1168.00000 (86), -1168.00000 (100), -1168.00000 (29), -1168.00000 (71), -1168.00000 (55), 
Length of domains: 12712
Current (lb-rhs): -1168.0
25340 domains visited
Time: pickout 0.0433    decision 0.3813    set_bounds 0.0098    solve 0.8824    add 0.0974    
Accumulated time: pickout 3.7830    decision 16.1165    set_bounds 0.5452    solve 57.4913    add 13.7522    
Cumulative time: 92.01431107521057

BaB round 101
batch: 128
splitting decisions: 
split level 0: [/74, 54] [/74, 422] [/74, 295] [/74, 517] [/74, 733] [/74, 517] [/74, 145] [/74, 54] [/74, 784] [/74, 506] 
best_l after optimization: -268003.0625
beta sum per layer: [0.0, 0.0, 0.0, 3.1304471492767334]
alpha/beta optimization time: 0.8100993633270264
pruning_in_iteration open status: False
ratio of positive domain = 0 / 256 = 0.0
pruning-in-iteration extra time: 0.00015735626220703125
torch.Size([256, 1])
Time: prepare 0.0032    bound 0.8117    transfer 0.0037    finalize 0.0913    func 0.9099    
Accumulated time: func 58.3501    prepare 0.6997    bound 47.8660    transfer 0.4091    finalize 9.7179    
max lb tensor(-922.) min lb tensor(-1168.)
Number of Verified Splits: 0 of 256
Current worst splitting domains lb-rhs (depth):
-1168.00000 (31), -1168.00000 (18), -1168.00000 (51), -1168.00000 (94), -1168.00000 (8), -1168.00000 (4), -1168.00000 (31), -1168.00000 (62), -1168.00000 (99), -1168.00000 (62), -1168.00000 (40), -1168.00000 (50), -1168.00000 (81), -1168.00000 (76), -1168.00000 (93), -1168.00000 (84), -1168.00000 (63), -1168.00000 (21), -1168.00000 (9), -1168.00000 (31), 
Length of domains: 12840
Current (lb-rhs): -1168.0
25596 domains visited
Time: pickout 0.0424    decision 0.2887    set_bounds 0.0059    solve 0.9104    add 0.0897    
Accumulated time: pickout 3.8254    decision 16.4051    set_bounds 0.5511    solve 58.4017    add 13.8419    
Cumulative time: 93.35416340827942

BaB round 102
batch: 128
splitting decisions: 
split level 0: [/74, 237] [/74, 295] [/74, 712] [/74, 852] [/74, 6] [/74, 738] [/74, 149] [/74, 378] [/74, 422] [/74, 422] 
best_l after optimization: -268004.65625
beta sum per layer: [0.0, 0.0, 0.0, 2.9491963386535645]
alpha/beta optimization time: 0.7929065227508545
pruning_in_iteration open status: False
ratio of positive domain = 0 / 256 = 0.0
pruning-in-iteration extra time: 0.00015115737915039062
torch.Size([256, 1])
Time: prepare 0.0030    bound 0.7944    transfer 0.0036    finalize 0.0896    func 0.8906    
Accumulated time: func 59.2407    prepare 0.7293    bound 48.6604    transfer 0.4127    finalize 9.8075    
max lb tensor(-922.) min lb tensor(-1168.)
Number of Verified Splits: 0 of 256
Current worst splitting domains lb-rhs (depth):
-1168.00000 (73), -1168.00000 (32), -1168.00000 (82), -1168.00000 (57), -1168.00000 (44), -1168.00000 (55), -1168.00000 (63), -1168.00000 (21), -1168.00000 (11), -1168.00000 (5), -1168.00000 (44), -1168.00000 (102), -1168.00000 (65), -1168.00000 (17), -1168.00000 (32), -1168.00000 (86), -1168.00000 (8), -1168.00000 (44), -1168.00000 (92), -1168.00000 (19), 
Length of domains: 12968
Current (lb-rhs): -1168.0
25852 domains visited
Time: pickout 0.0478    decision 0.3286    set_bounds 0.0081    solve 0.8911    add 0.0922    
Accumulated time: pickout 3.8731    decision 16.7337    set_bounds 0.5592    solve 59.2929    add 13.9342    
Cumulative time: 94.72439885139465

BaB round 103
batch: 128
splitting decisions: 
split level 0: [/74, 378] [/74, 86] [/74, 180] [/74, 6] [/74, 871] [/74, 852] [/74, 830] [/74, 872] [/74, 118] [/74, 585] 
best_l after optimization: -268003.625
beta sum per layer: [0.0, 0.0, 0.0, 2.892500400543213]
alpha/beta optimization time: 0.813671350479126
pruning_in_iteration open status: False
ratio of positive domain = 0 / 256 = 0.0
pruning-in-iteration extra time: 0.00019431114196777344
torch.Size([256, 1])
Time: prepare 0.0031    bound 0.8152    transfer 0.0036    finalize 0.0829    func 0.9048    
Accumulated time: func 60.1455    prepare 0.7371    bound 49.4755    transfer 0.4163    finalize 9.8904    
max lb tensor(-922.) min lb tensor(-1168.)
Number of Verified Splits: 0 of 256
Current worst splitting domains lb-rhs (depth):
-1168.00000 (28), -1168.00000 (52), -1168.00000 (40), -1168.00000 (101), -1168.00000 (68), -1168.00000 (28), -1168.00000 (93), -1168.00000 (68), -1168.00000 (52), -1168.00000 (10), -1168.00000 (28), -1168.00000 (69), -1168.00000 (93), -1168.00000 (68), -1168.00000 (40), -1168.00000 (4), -1168.00000 (69), -1168.00000 (51), -1168.00000 (11), -1168.00000 (69), 
Length of domains: 13096
Current (lb-rhs): -1168.0
26108 domains visited
Time: pickout 0.0441    decision 0.1837    set_bounds 0.0058    solve 0.9052    add 0.0866    
Accumulated time: pickout 3.9173    decision 16.9174    set_bounds 0.5649    solve 60.1981    add 14.0208    
Cumulative time: 95.95243191719055

BaB round 104
batch: 128
splitting decisions: 
split level 0: [/74, 872] [/74, 712] [/74, 517] [/74, 1018] [/74, 657] [/74, 779] [/74, 379] [/74, 789] [/74, 585] [/74, 712] 
best_l after optimization: -268003.4375
beta sum per layer: [0.0, 0.0, 0.0, 2.8671157360076904]
alpha/beta optimization time: 0.808889627456665
pruning_in_iteration open status: False
ratio of positive domain = 0 / 256 = 0.0
pruning-in-iteration extra time: 0.0001442432403564453
torch.Size([256, 1])
Time: prepare 0.0029    bound 0.8103    transfer 0.0035    finalize 0.0840    func 0.9007    
Accumulated time: func 61.0462    prepare 0.7436    bound 50.2858    transfer 0.4198    finalize 9.9744    
max lb tensor(-922.) min lb tensor(-1168.)
Number of Verified Splits: 0 of 256
Current worst splitting domains lb-rhs (depth):
-1168.00000 (42), -1168.00000 (43), -1168.00000 (76), -1168.00000 (43), -1168.00000 (43), -1168.00000 (76), -1168.00000 (8), -1168.00000 (42), -1168.00000 (76), -1168.00000 (101), -1168.00000 (101), -1168.00000 (77), -1168.00000 (42), -1168.00000 (9), -1168.00000 (41), -1168.00000 (77), -1168.00000 (41), -1168.00000 (75), -1168.00000 (46), -1168.00000 (7), 
Length of domains: 13224
Current (lb-rhs): -1168.0
26364 domains visited
Time: pickout 0.0492    decision 0.1883    set_bounds 0.0057    solve 0.9012    add 0.0853    
Accumulated time: pickout 3.9664    decision 17.1057    set_bounds 0.5706    solve 61.0993    add 14.1061    
Cumulative time: 97.18450045585632

BaB round 105
batch: 128
splitting decisions: 
split level 0: [/74, 576] [/74, 180] [/74, 893] [/74, 407] [/74, 913] [/74, 871] [/74, 14] [/74, 149] [/74, 712] [/74, 180] 
best_l after optimization: -268003.0
beta sum per layer: [0.0, 0.0, 0.0, 2.8312928676605225]
alpha/beta optimization time: 0.3966691493988037
pruning_in_iteration open status: False
ratio of positive domain = 0 / 256 = 0.0
pruning-in-iteration extra time: 3.600120544433594e-05
torch.Size([256, 1])
Time: prepare 0.0029    bound 0.3979    transfer 0.0043    finalize 0.0914    func 0.4966    
Accumulated time: func 61.5429    prepare 0.7523    bound 50.6838    transfer 0.4241    finalize 10.0658    
max lb tensor(-922.) min lb tensor(-1168.)
Number of Verified Splits: 0 of 256
Current worst splitting domains lb-rhs (depth):
-1168.00000 (17), -1168.00000 (61), -1168.00000 (53), -1168.00000 (48), -1168.00000 (77), -1168.00000 (89), -1168.00000 (14), -1168.00000 (58), -1168.00000 (96), -1168.00000 (70), -1168.00000 (73), -1168.00000 (41), -1168.00000 (10), -1168.00000 (5), -1168.00000 (37), -1168.00000 (36), -1168.00000 (31), -1168.00000 (96), -1168.00000 (66), -1168.00000 (82), 
Length of domains: 13352
Current (lb-rhs): -1168.0
26620 domains visited
Time: pickout 0.0444    decision 0.3097    set_bounds 0.0043    solve 0.4972    add 0.0917    
Accumulated time: pickout 4.0109    decision 17.4154    set_bounds 0.5749    solve 61.5965    add 14.1978    
Cumulative time: 98.13455128669739

BaB round 106
batch: 128
splitting decisions: 
split level 0: [/74, 828] [/74, 530] [/74, 129] [/74, 177] [/74, 273] [/74, 657] [/74, 849] [/74, 830] [/74, 893] [/74, 530] 
best_l after optimization: -268002.71875
beta sum per layer: [0.0, 0.0, 0.0, 2.816171884536743]
alpha/beta optimization time: 0.7419018745422363
pruning_in_iteration open status: False
ratio of positive domain = 0 / 256 = 0.0
pruning-in-iteration extra time: 3.695487976074219e-05
torch.Size([256, 1])
Time: prepare 0.0035    bound 0.7433    transfer 0.0036    finalize 0.0857    func 0.8361    
Accumulated time: func 62.3789    prepare 0.7921    bound 51.4271    transfer 0.4277    finalize 10.1515    
max lb tensor(-922.) min lb tensor(-1168.)
Number of Verified Splits: 0 of 256
Current worst splitting domains lb-rhs (depth):
-1168.00000 (99), -1168.00000 (77), -1168.00000 (55), -1168.00000 (51), -1168.00000 (5), -1168.00000 (105), -1168.00000 (97), -1168.00000 (94), -1168.00000 (69), -1168.00000 (46), -1168.00000 (61), -1168.00000 (10), -1168.00000 (31), -1168.00000 (21), -1168.00000 (101), -1168.00000 (82), -1168.00000 (79), -1168.00000 (58), -1168.00000 (42), -1168.00000 (14), 
Length of domains: 13480
Current (lb-rhs): -1168.0
26876 domains visited
Time: pickout 0.0502    decision 0.4744    set_bounds 0.0049    solve 0.8365    add 0.0895    
Accumulated time: pickout 4.0610    decision 17.8898    set_bounds 0.5798    solve 62.4330    add 14.2873    
Cumulative time: 99.59259080886841

BaB round 107
batch: 128
splitting decisions: 
split level 0: [/74, 815] [/74, 893] [/74, 456] [/74, 42] [/74, 693] [/74, 190] [/74, 19] [/74, 379] [/74, 210] [/74, 893] 
best_l after optimization: -268002.6875
beta sum per layer: [0.0, 0.0, 0.0, 3.1757800579071045]
alpha/beta optimization time: 0.9036962985992432
pruning_in_iteration open status: False
ratio of positive domain = 0 / 256 = 0.0
pruning-in-iteration extra time: 0.00020194053649902344
torch.Size([256, 1])
Time: prepare 0.0031    bound 0.9052    transfer 0.0064    finalize 0.0842    func 0.9990    
Accumulated time: func 63.3780    prepare 0.8166    bound 52.3323    transfer 0.4341    finalize 10.2357    
max lb tensor(-922.) min lb tensor(-1168.)
Number of Verified Splits: 0 of 256
Current worst splitting domains lb-rhs (depth):
-1168.00000 (95), -1168.00000 (96), -1168.00000 (73), -1168.00000 (104), -1168.00000 (15), -1168.00000 (11), -1168.00000 (90), -1168.00000 (28), -1168.00000 (56), -1168.00000 (5), -1168.00000 (40), -1168.00000 (87), -1168.00000 (73), -1168.00000 (56), -1168.00000 (104), -1168.00000 (56), -1168.00000 (73), -1168.00000 (84), -1168.00000 (40), -1168.00000 (27), 
Length of domains: 13608
Current (lb-rhs): -1168.0
27132 domains visited
Time: pickout 0.0504    decision 0.4169    set_bounds 0.0046    solve 1.0000    add 0.0866    
Accumulated time: pickout 4.1114    decision 18.3067    set_bounds 0.5843    solve 63.4330    add 14.3739    
Cumulative time: 101.15355849266052

BaB round 108
batch: 128
splitting decisions: 
split level 0: [/74, 149] [/74, 129] [/74, 733] [/74, 672] [/74, 407] [/74, 461] [/74, 238] [/74, 817] [/74, 302] [/74, 210] 
best_l after optimization: -268004.46875
beta sum per layer: [0.0, 0.0, 0.0, 2.973890542984009]
alpha/beta optimization time: 0.7866361141204834
pruning_in_iteration open status: False
ratio of positive domain = 0 / 256 = 0.0
pruning-in-iteration extra time: 8.487701416015625e-05
torch.Size([256, 1])
Time: prepare 0.0129    bound 0.7881    transfer 0.0040    finalize 0.0846    func 0.8896    
Accumulated time: func 64.2676    prepare 0.8310    bound 53.1204    transfer 0.4381    finalize 10.3203    
max lb tensor(-922.) min lb tensor(-1168.)
Number of Verified Splits: 0 of 256
Current worst splitting domains lb-rhs (depth):
-1168.00000 (60), -1168.00000 (106), -1168.00000 (89), -1168.00000 (42), -1168.00000 (30), -1168.00000 (72), -1168.00000 (80), -1168.00000 (7), -1168.00000 (19), -1168.00000 (7), -1168.00000 (89), -1168.00000 (30), -1168.00000 (106), -1168.00000 (42), -1168.00000 (97), -1168.00000 (51), -1168.00000 (67), -1168.00000 (7), -1168.00000 (67), -1168.00000 (30), 
Length of domains: 13736
Current (lb-rhs): -1168.0
27388 domains visited
Time: pickout 0.0420    decision 0.1437    set_bounds 0.0046    solve 0.8917    add 0.0855    
Accumulated time: pickout 4.1533    decision 18.4504    set_bounds 0.5889    solve 64.3247    add 14.4594    
Cumulative time: 102.32357454299927

BaB round 109
batch: 128
splitting decisions: 
split level 0: [/74, 830] [/74, 210] [/74, 852] [/74, 345] [/74, 452] [/74, 269] [/74, 79] [/74, 609] [/74, 6] [/74, 738] 
best_l after optimization: -268003.9375
beta sum per layer: [0.0, 0.0, 0.0, 2.9085850715637207]
alpha/beta optimization time: 0.87864089012146
pruning_in_iteration open status: False
ratio of positive domain = 0 / 256 = 0.0
pruning-in-iteration extra time: 0.002316713333129883
torch.Size([256, 1])
Time: prepare 0.0030    bound 0.8822    transfer 0.0060    finalize 0.0833    func 0.9747    
Accumulated time: func 65.2423    prepare 0.8372    bound 54.0027    transfer 0.4441    finalize 10.4036    
max lb tensor(-922.) min lb tensor(-1168.)
Number of Verified Splits: 0 of 256
Current worst splitting domains lb-rhs (depth):
-1168.00000 (98), -1168.00000 (5), -1168.00000 (72), -1168.00000 (30), -1168.00000 (11), -1168.00000 (72), -1168.00000 (55), -1168.00000 (42), -1168.00000 (98), -1168.00000 (30), -1168.00000 (72), -1168.00000 (29), -1168.00000 (73), -1168.00000 (99), -1168.00000 (11), -1168.00000 (107), -1168.00000 (73), -1168.00000 (54), -1168.00000 (29), -1168.00000 (73), 
Length of domains: 13864
Current (lb-rhs): -1168.0
27644 domains visited
Time: pickout 0.0402    decision 0.1678    set_bounds 0.0044    solve 0.9766    add 0.0827    
Accumulated time: pickout 4.1935    decision 18.6182    set_bounds 0.5933    solve 65.3013    add 14.5421    
Cumulative time: 103.59786677360535

BaB round 110
batch: 128
splitting decisions: 
split level 0: [/74, 379] [/74, 456] [/74, 855] [/74, 237] [/74, 309] [/74, 407] [/74, 236] [/74, 14] [/74, 1018] [/74, 302] 
best_l after optimization: -268003.1875
beta sum per layer: [0.0, 0.0, 0.0, 2.8682994842529297]
alpha/beta optimization time: 0.9617528915405273
pruning_in_iteration open status: False
ratio of positive domain = 0 / 256 = 0.0
pruning-in-iteration extra time: 3.743171691894531e-05
torch.Size([256, 1])
Time: prepare 0.0131    bound 0.9631    transfer 0.0040    finalize 0.0890    func 1.0693    
Accumulated time: func 66.3115    prepare 0.8516    bound 54.9658    transfer 0.4481    finalize 10.4926    
max lb tensor(-922.) min lb tensor(-1168.)
Number of Verified Splits: 0 of 256
Current worst splitting domains lb-rhs (depth):
-1168.00000 (22), -1168.00000 (73), -1168.00000 (5), -1168.00000 (22), -1168.00000 (55), -1168.00000 (33), -1168.00000 (84), -1168.00000 (40), -1168.00000 (55), -1168.00000 (11), -1168.00000 (73), -1168.00000 (62), -1168.00000 (93), -1168.00000 (105), -1168.00000 (97), -1168.00000 (105), -1168.00000 (68), -1168.00000 (41), -1168.00000 (83), -1168.00000 (54), 
Length of domains: 13992
Current (lb-rhs): -1168.0
27900 domains visited
Time: pickout 0.0437    decision 0.1433    set_bounds 0.0045    solve 1.0712    add 0.0860    
Accumulated time: pickout 4.2372    decision 18.7615    set_bounds 0.5978    solve 66.3725    add 14.6281    
Cumulative time: 104.94929265975952

BaB round 111
batch: 128
splitting decisions: 
split level 0: [/74, 817] [/74, 738] [/74, 657] [/74, 872] [/74, 576] [/74, 177] [/74, 239] [/74, 250] [/74, 855] [/74, 733] 
best_l after optimization: -268002.65625
beta sum per layer: [0.0, 0.0, 0.0, 3.1378636360168457]
alpha/beta optimization time: 0.5983092784881592
pruning_in_iteration open status: False
ratio of positive domain = 0 / 256 = 0.0
pruning-in-iteration extra time: 4.267692565917969e-05
torch.Size([256, 1])
Time: prepare 0.0039    bound 0.5997    transfer 0.0054    finalize 0.0872    func 0.6963    
Accumulated time: func 67.0078    prepare 0.8916    bound 55.5655    transfer 0.4535    finalize 10.5799    
max lb tensor(-922.) min lb tensor(-1168.)
Number of Verified Splits: 0 of 256
Current worst splitting domains lb-rhs (depth):
-1168.00000 (11), -1168.00000 (72), -1168.00000 (41), -1168.00000 (82), -1168.00000 (88), -1168.00000 (58), -1168.00000 (101), -1168.00000 (16), -1168.00000 (108), -1168.00000 (72), -1168.00000 (31), -1168.00000 (93), -1168.00000 (58), -1168.00000 (5), -1168.00000 (42), -1168.00000 (58), -1168.00000 (73), -1168.00000 (108), -1168.00000 (57), -1168.00000 (42), 
Length of domains: 14120
Current (lb-rhs): -1168.0
28156 domains visited
Time: pickout 0.0483    decision 0.4817    set_bounds 0.0048    solve 0.6982    add 0.0873    
Accumulated time: pickout 4.2856    decision 19.2432    set_bounds 0.6026    solve 67.0707    add 14.7154    
Cumulative time: 106.27207589149475

BaB round 112
batch: 128
splitting decisions: 
split level 0: [/74, 609] [/74, 302] [/74, 461] [/74, 309] [/74, 815] [/74, 543] [/74, 304] [/74, 849] [/74, 871] [/74, 852] 
best_l after optimization: -268004.8125
beta sum per layer: [0.0, 0.0, 0.0, 2.9606871604919434]
alpha/beta optimization time: 0.8180186748504639
pruning_in_iteration open status: False
ratio of positive domain = 0 / 256 = 0.0
pruning-in-iteration extra time: 3.695487976074219e-05
torch.Size([256, 1])
Time: prepare 0.0030    bound 0.8193    transfer 0.0038    finalize 0.0831    func 0.9093    
Accumulated time: func 67.9171    prepare 0.8974    bound 56.3848    transfer 0.4573    finalize 10.6629    
max lb tensor(-922.) min lb tensor(-1168.)
Number of Verified Splits: 0 of 256
Current worst splitting domains lb-rhs (depth):
-1168.00000 (45), -1168.00000 (109), -1168.00000 (46), -1168.00000 (81), -1168.00000 (46), -1168.00000 (9), -1168.00000 (82), -1168.00000 (46), -1168.00000 (82), -1168.00000 (47), -1168.00000 (45), -1168.00000 (82), -1168.00000 (108), -1168.00000 (9), -1168.00000 (45), -1168.00000 (83), -1168.00000 (44), -1168.00000 (44), -1168.00000 (48), -1168.00000 (79), 
Length of domains: 14248
Current (lb-rhs): -1168.0
28412 domains visited
Time: pickout 0.0469    decision 0.3343    set_bounds 0.0046    solve 0.9112    add 0.0826    
Accumulated time: pickout 4.3325    decision 19.5775    set_bounds 0.6071    solve 67.9820    add 14.7980    
Cumulative time: 107.6542010307312

BaB round 113
batch: 128
splitting decisions: 
split level 0: [/74, 509] [/74, 733] [/74, 407] [/74, 789] [/74, 145] [/74, 672] [/74, 499] [/74, 603] [/74, 657] [/74, 779] 
best_l after optimization: -268004.0625
beta sum per layer: [0.0, 0.0, 0.0, 2.94364857673645]
alpha/beta optimization time: 0.8049745559692383
pruning_in_iteration open status: False
ratio of positive domain = 0 / 256 = 0.0
pruning-in-iteration extra time: 0.00010442733764648438
torch.Size([256, 1])
Time: prepare 0.0032    bound 0.8065    transfer 0.0037    finalize 0.0863    func 0.8997    
Accumulated time: func 68.8168    prepare 0.9210    bound 57.1913    transfer 0.4611    finalize 10.7492    
max lb tensor(-922.) min lb tensor(-1168.)
Number of Verified Splits: 0 of 256
Current worst splitting domains lb-rhs (depth):
-1168.00000 (8), -1168.00000 (81), -1168.00000 (8), -1168.00000 (45), -1168.00000 (55), -1168.00000 (106), -1168.00000 (26), -1168.00000 (32), -1168.00000 (106), -1168.00000 (73), -1168.00000 (18), -1168.00000 (81), -1168.00000 (92), -1168.00000 (89), -1168.00000 (55), -1168.00000 (45), -1168.00000 (72), -1168.00000 (105), -1168.00000 (36), -1168.00000 (73), 
Length of domains: 14376
Current (lb-rhs): -1168.0
28668 domains visited
Time: pickout 0.0416    decision 0.3086    set_bounds 0.0049    solve 0.9017    add 0.0871    
Accumulated time: pickout 4.3740    decision 19.8861    set_bounds 0.6120    solve 68.8837    add 14.8852    
Cumulative time: 109.00074362754822

BaB round 114
batch: 128
splitting decisions: 
split level 0: [/74, 250] [/74, 6] [/74, 177] [/74, 815] [/74, 149] [/74, 345] [/74, 399] [/74, 79] [/74, 190] [/74, 1018] 
best_l after optimization: -268003.46875
beta sum per layer: [0.0, 0.0, 0.0, 2.8864593505859375]
alpha/beta optimization time: 0.8210277557373047
pruning_in_iteration open status: False
ratio of positive domain = 0 / 256 = 0.0
pruning-in-iteration extra time: 3.838539123535156e-05
torch.Size([256, 1])
Time: prepare 0.0031    bound 0.8223    transfer 0.0047    finalize 0.0879    func 0.9180    
Accumulated time: func 69.7348    prepare 0.9322    bound 58.0137    transfer 0.4657    finalize 10.8371    
max lb tensor(-922.) min lb tensor(-1168.)
Number of Verified Splits: 0 of 256
Current worst splitting domains lb-rhs (depth):
-1168.00000 (99), -1168.00000 (52), -1168.00000 (112), -1168.00000 (79), -1168.00000 (105), -1168.00000 (52), -1168.00000 (80), -1168.00000 (7), -1168.00000 (51), -1168.00000 (24), -1168.00000 (25), -1168.00000 (51), -1168.00000 (80), -1168.00000 (51), -1168.00000 (80), -1168.00000 (111), -1168.00000 (25), -1168.00000 (99), -1168.00000 (53), -1168.00000 (78), 
Length of domains: 14504
Current (lb-rhs): -1168.0
28924 domains visited
Time: pickout 0.0452    decision 0.1486    set_bounds 0.0045    solve 0.9200    add 0.0873    
Accumulated time: pickout 4.4192    decision 20.0347    set_bounds 0.6165    solve 69.8036    add 14.9724    
Cumulative time: 110.20894861221313

BaB round 115
batch: 128
splitting decisions: 
split level 0: [/74, 19] [/74, 779] [/74, 565] [/74, 149] [/74, 830] [/74, 54] [/74, 256] [/74, 236] [/74, 461] [/74, 871] 
best_l after optimization: -268003.125
beta sum per layer: [0.0, 0.0, 0.0, 2.8790225982666016]
alpha/beta optimization time: 0.8176229000091553
pruning_in_iteration open status: False
ratio of positive domain = 0 / 256 = 0.0
pruning-in-iteration extra time: 0.0001461505889892578
torch.Size([256, 1])
Time: prepare 0.0030    bound 0.8191    transfer 0.0045    finalize 0.0867    func 0.9133    
Accumulated time: func 70.6482    prepare 0.9441    bound 58.8327    transfer 0.4702    finalize 10.9239    
max lb tensor(-922.) min lb tensor(-1168.)
Number of Verified Splits: 0 of 256
Current worst splitting domains lb-rhs (depth):
-1168.00000 (40), -1168.00000 (87), -1168.00000 (108), -1168.00000 (63), -1168.00000 (40), -1168.00000 (24), -1168.00000 (64), -1168.00000 (108), -1168.00000 (8), -1168.00000 (93), -1168.00000 (8), -1168.00000 (64), -1168.00000 (19), -1168.00000 (64), -1168.00000 (107), -1168.00000 (40), -1168.00000 (86), -1168.00000 (9), -1168.00000 (65), -1168.00000 (109), 
Length of domains: 14632
Current (lb-rhs): -1168.0
29180 domains visited
Time: pickout 0.0499    decision 0.2206    set_bounds 0.0044    solve 0.9153    add 0.0878    
Accumulated time: pickout 4.4692    decision 20.2553    set_bounds 0.6210    solve 70.7190    add 15.0602    
Cumulative time: 111.4895966053009

BaB round 116
batch: 128
splitting decisions: 
split level 0: [/74, 885] [/74, 657] [/74, 42] [/74, 379] [/74, 817] [/74, 378] [/74, 183] [/74, 239] [/74, 913] [/74, 657] 
best_l after optimization: -268003.0
beta sum per layer: [0.0, 0.0, 0.0, 2.8749945163726807]
alpha/beta optimization time: 0.8238406181335449
pruning_in_iteration open status: False
ratio of positive domain = 0 / 256 = 0.0
pruning-in-iteration extra time: 3.647804260253906e-05
torch.Size([256, 1])
Time: prepare 0.0030    bound 0.8251    transfer 0.0040    finalize 0.0817    func 0.9138    
Accumulated time: func 71.5620    prepare 0.9533    bound 59.6579    transfer 0.4742    finalize 11.0055    
max lb tensor(-922.) min lb tensor(-1168.)
Number of Verified Splits: 0 of 256
Current worst splitting domains lb-rhs (depth):
-1168.00000 (22), -1168.00000 (114), -1168.00000 (40), -1168.00000 (59), -1168.00000 (76), -1168.00000 (31), -1168.00000 (15), -1168.00000 (7), -1168.00000 (103), -1168.00000 (106), -1168.00000 (59), -1168.00000 (96), -1168.00000 (76), -1168.00000 (44), -1168.00000 (59), -1168.00000 (113), -1168.00000 (31), -1168.00000 (8), -1168.00000 (60), -1168.00000 (90), 
Length of domains: 14760
Current (lb-rhs): -1168.0
29436 domains visited
Time: pickout 0.0483    decision 0.1470    set_bounds 0.0045    solve 0.9158    add 0.0871    
Accumulated time: pickout 4.5174    decision 20.4023    set_bounds 0.6255    solve 71.6348    add 15.1474    
Cumulative time: 112.69454383850098

BaB round 117
batch: 128
splitting decisions: 
split level 0: [/74, 603] [/74, 913] [/74, 672] [/74, 542] [/74, 14] [/74, 872] [/74, 83] [/74, 668] [/74, 269] [/74, 190] 
best_l after optimization: -268002.71875
beta sum per layer: [0.0, 0.0, 0.0, 3.2434024810791016]
alpha/beta optimization time: 0.8602790832519531
pruning_in_iteration open status: False
ratio of positive domain = 0 / 256 = 0.0
pruning-in-iteration extra time: 0.0023021697998046875
torch.Size([256, 1])
Time: prepare 0.0030    bound 0.8639    transfer 0.0063    finalize 0.0819    func 0.9551    
Accumulated time: func 72.5171    prepare 0.9592    bound 60.5218    transfer 0.4805    finalize 11.0875    
max lb tensor(-922.) min lb tensor(-1168.)
Number of Verified Splits: 0 of 256
Current worst splitting domains lb-rhs (depth):
-1168.00000 (78), -1168.00000 (77), -1168.00000 (106), -1168.00000 (32), -1168.00000 (77), -1168.00000 (59), -1168.00000 (11), -1168.00000 (45), -1168.00000 (77), -1168.00000 (32), -1168.00000 (105), -1168.00000 (78), -1168.00000 (31), -1168.00000 (115), -1168.00000 (32), -1168.00000 (58), -1168.00000 (5), -1168.00000 (12), -1168.00000 (105), -1168.00000 (78), 
Length of domains: 14888
Current (lb-rhs): -1168.0
29692 domains visited
Time: pickout 0.0456    decision 0.1416    set_bounds 0.0044    solve 0.9570    add 0.0802    
Accumulated time: pickout 4.5630    decision 20.5439    set_bounds 0.6299    solve 72.5918    add 15.2276    
Cumulative time: 113.92582774162292

BaB round 118
batch: 128
splitting decisions: 
split level 0: [/74, 79] [/74, 693] [/74, 452] [/74, 817] [/74, 849] [/74, 309] [/74, 656] [/74, 304] [/74, 407] [/74, 461] 
best_l after optimization: -268005.21875
beta sum per layer: [0.0, 0.0, 0.0, 3.0283775329589844]
alpha/beta optimization time: 0.799461841583252
pruning_in_iteration open status: False
ratio of positive domain = 0 / 256 = 0.0
pruning-in-iteration extra time: 0.00015664100646972656
torch.Size([256, 1])
Time: prepare 0.0030    bound 0.8009    transfer 0.0038    finalize 0.0815    func 0.8892    
Accumulated time: func 73.4063    prepare 0.9636    bound 61.3227    transfer 0.4842    finalize 11.1690    
max lb tensor(-922.) min lb tensor(-1168.)
Number of Verified Splits: 0 of 256
Current worst splitting domains lb-rhs (depth):
-1168.00000 (78), -1168.00000 (58), -1168.00000 (106), -1168.00000 (112), -1168.00000 (38), -1168.00000 (93), -1168.00000 (117), -1168.00000 (59), -1168.00000 (12), -1168.00000 (38), -1168.00000 (24), -1168.00000 (78), -1168.00000 (6), -1168.00000 (59), -1168.00000 (38), -1168.00000 (94), -1168.00000 (79), -1168.00000 (37), -1168.00000 (59), -1168.00000 (18), 
Length of domains: 15016
Current (lb-rhs): -1168.0
29948 domains visited
Time: pickout 0.0445    decision 0.1326    set_bounds 0.0045    solve 0.8912    add 0.0876    
Accumulated time: pickout 4.6075    decision 20.6765    set_bounds 0.6343    solve 73.4831    add 15.3152    
Cumulative time: 115.08810138702393

BaB round 119
batch: 128
splitting decisions: 
split level 0: [/74, 239] [/74, 177] [/74, 345] [/74, 771] [/74, 19] [/74, 576] [/74, 757] [/74, 973] [/74, 42] [/74, 407] 
best_l after optimization: -268003.9375
beta sum per layer: [0.0, 0.0, 0.0, 2.9739460945129395]
alpha/beta optimization time: 0.8236744403839111
pruning_in_iteration open status: False
ratio of positive domain = 0 / 256 = 0.0
pruning-in-iteration extra time: 3.4809112548828125e-05
torch.Size([256, 1])
Time: prepare 0.0030    bound 0.8251    transfer 0.0038    finalize 0.0869    func 0.9188    
Accumulated time: func 74.3251    prepare 0.9697    bound 62.1478    transfer 0.4880    finalize 11.2559    
max lb tensor(-922.) min lb tensor(-1168.)
Number of Verified Splits: 0 of 256
Current worst splitting domains lb-rhs (depth):
-1168.00000 (87), -1168.00000 (6), -1168.00000 (44), -1168.00000 (27), -1168.00000 (73), -1168.00000 (14), -1168.00000 (86), -1168.00000 (62), -1168.00000 (36), -1168.00000 (103), -1168.00000 (45), -1168.00000 (96), -1168.00000 (61), -1168.00000 (110), -1168.00000 (116), -1168.00000 (74), -1168.00000 (115), -1168.00000 (61), -1168.00000 (45), -1168.00000 (5), 
Length of domains: 15144
Current (lb-rhs): -1168.0
30204 domains visited
Time: pickout 0.0447    decision 0.1666    set_bounds 0.0044    solve 0.9211    add 0.0856    
Accumulated time: pickout 4.6522    decision 20.8431    set_bounds 0.6388    solve 74.4042    add 15.4008    
Cumulative time: 116.31244254112244

BaB round 120
batch: 128
splitting decisions: 
split level 0: [/74, 668] [/74, 543] [/74, 54] [/74, 849] [/74, 823] [/74, 249] [/74, 674] [/74, 256] [/74, 345] [/74, 177] 
best_l after optimization: -268003.5
beta sum per layer: [0.0, 0.0, 0.0, 2.9132347106933594]
alpha/beta optimization time: 0.8231520652770996
pruning_in_iteration open status: False
ratio of positive domain = 0 / 256 = 0.0
pruning-in-iteration extra time: 4.076957702636719e-05
torch.Size([256, 1])
Time: prepare 0.0031    bound 0.8246    transfer 0.0041    finalize 0.0792    func 0.9111    
Accumulated time: func 75.2362    prepare 0.9748    bound 62.9724    transfer 0.4921    finalize 11.3351    
max lb tensor(-922.) min lb tensor(-1168.)
Number of Verified Splits: 0 of 256
Current worst splitting domains lb-rhs (depth):
-1168.00000 (65), -1168.00000 (57), -1168.00000 (30), -1168.00000 (52), -1168.00000 (19), -1168.00000 (109), -1168.00000 (65), -1168.00000 (89), -1168.00000 (76), -1168.00000 (105), -1168.00000 (94), -1168.00000 (47), -1168.00000 (85), -1168.00000 (116), -1168.00000 (40), -1168.00000 (22), -1168.00000 (6), -1168.00000 (101), -1168.00000 (15), -1168.00000 (82), 
Length of domains: 15272
Current (lb-rhs): -1168.0
30460 domains visited
Time: pickout 0.0477    decision 0.1529    set_bounds 0.0046    solve 0.9131    add 0.0819    
Accumulated time: pickout 4.6999    decision 20.9960    set_bounds 0.6433    solve 75.3173    add 15.4827    
Cumulative time: 117.5143632888794

BaB round 121
batch: 128
splitting decisions: 
split level 0: [/74, 780] [/74, 565] [/74, 237] [/74, 823] [/74, 603] [/74, 828] [/74, 331] [/74, 183] [/74, 54] [/74, 452] 
best_l after optimization: -268003.15625
beta sum per layer: [0.0, 0.0, 0.0, 2.893136501312256]
alpha/beta optimization time: 0.8199548721313477
pruning_in_iteration open status: False
ratio of positive domain = 0 / 256 = 0.0
pruning-in-iteration extra time: 0.00018715858459472656
torch.Size([256, 1])
Time: prepare 0.0030    bound 0.8214    transfer 0.0038    finalize 0.0806    func 0.9089    
Accumulated time: func 76.1452    prepare 0.9808    bound 63.7938    transfer 0.4959    finalize 11.4157    
max lb tensor(-922.) min lb tensor(-1168.)
Number of Verified Splits: 0 of 256
Current worst splitting domains lb-rhs (depth):
-1168.00000 (73), -1168.00000 (39), -1168.00000 (72), -1168.00000 (9), -1168.00000 (38), -1168.00000 (113), -1168.00000 (72), -1168.00000 (38), -1168.00000 (73), -1168.00000 (112), -1168.00000 (113), -1168.00000 (9), -1168.00000 (38), -1168.00000 (73), -1168.00000 (37), -1168.00000 (74), -1168.00000 (112), -1168.00000 (74), -1168.00000 (10), -1168.00000 (37), 
Length of domains: 15400
Current (lb-rhs): -1168.0
30716 domains visited
Time: pickout 0.0398    decision 0.1649    set_bounds 0.0045    solve 0.9111    add 0.0817    
Accumulated time: pickout 4.7397    decision 21.1609    set_bounds 0.6479    solve 76.2284    add 15.5644    
Cumulative time: 118.7181305885315

BaB round 122
batch: 128
splitting decisions: 
split level 0: [/74, 88] [/74, 42] [/74, 309] [/74, 236] [/74, 236] [/74, 815] [/74, 758] [/74, 715] [/74, 775] [/74, 54] 
best_l after optimization: -268002.875
beta sum per layer: [0.0, 0.0, 0.0, 2.8670413494110107]
alpha/beta optimization time: 0.8059396743774414
pruning_in_iteration open status: False
ratio of positive domain = 0 / 256 = 0.0
pruning-in-iteration extra time: 0.00015091896057128906
torch.Size([256, 1])
Time: prepare 0.0030    bound 0.8074    transfer 0.0037    finalize 0.0779    func 0.8920    
Accumulated time: func 77.0372    prepare 0.9900    bound 64.6012    transfer 0.4997    finalize 11.4935    
max lb tensor(-922.) min lb tensor(-1168.)
Number of Verified Splits: 0 of 256
Current worst splitting domains lb-rhs (depth):
-1168.00000 (115), -1168.00000 (64), -1168.00000 (9), -1168.00000 (76), -1168.00000 (23), -1168.00000 (118), -1168.00000 (82), -1168.00000 (13), -1168.00000 (70), -1168.00000 (91), -1168.00000 (59), -1168.00000 (46), -1168.00000 (79), -1168.00000 (36), -1168.00000 (108), -1168.00000 (31), -1168.00000 (6), -1168.00000 (74), -1168.00000 (58), -1168.00000 (99), 
Length of domains: 15528
Current (lb-rhs): -1168.0
30972 domains visited
Time: pickout 0.0439    decision 0.1423    set_bounds 0.0045    solve 0.8940    add 0.0794    
Accumulated time: pickout 4.7836    decision 21.3031    set_bounds 0.6524    solve 77.1223    add 15.6438    
Cumulative time: 119.88383269309998

BaB round 123
batch: 128
splitting decisions: 
split level 0: [/74, 401] [/74, 54] [/74, 576] [/74, 668] [/74, 256] [/74, 149] [/74, 367] [/74, 83] [/74, 872] [/74, 775] 
best_l after optimization: -268002.71875
beta sum per layer: [0.0, 0.0, 0.0, 3.2489802837371826]
alpha/beta optimization time: 0.8204190731048584
pruning_in_iteration open status: False
ratio of positive domain = 0 / 256 = 0.0
pruning-in-iteration extra time: 3.62396240234375e-05
torch.Size([256, 1])
Time: prepare 0.0030    bound 0.8217    transfer 0.0036    finalize 0.0769    func 0.9052    
Accumulated time: func 77.9423    prepare 0.9951    bound 65.4229    transfer 0.5032    finalize 11.5704    
max lb tensor(-922.) min lb tensor(-1168.)
Number of Verified Splits: 0 of 256
Current worst splitting domains lb-rhs (depth):
-1168.00000 (39), -1168.00000 (120), -1168.00000 (73), -1168.00000 (23), -1168.00000 (11), -1168.00000 (101), -1168.00000 (95), -1168.00000 (26), -1168.00000 (60), -1168.00000 (39), -1168.00000 (73), -1168.00000 (112), -1168.00000 (49), -1168.00000 (74), -1168.00000 (11), -1168.00000 (112), -1168.00000 (91), -1168.00000 (59), -1168.00000 (74), -1168.00000 (111), 
Length of domains: 15656
Current (lb-rhs): -1168.0
31228 domains visited
Time: pickout 0.0451    decision 0.1572    set_bounds 0.0044    solve 0.9071    add 0.0813    
Accumulated time: pickout 4.8286    decision 21.4604    set_bounds 0.6568    solve 78.0295    add 15.7250    
Cumulative time: 121.08064603805542

BaB round 124
batch: 128
splitting decisions: 
split level 0: [/74, 425] [/74, 378] [/74, 789] [/74, 304] [/74, 183] [/74, 830] [/74, 553] [/74, 29] [/74, 309] [/74, 378] 
best_l after optimization: -268005.25
beta sum per layer: [0.0, 0.0, 0.0, 3.0843265056610107]
alpha/beta optimization time: 0.877429723739624
pruning_in_iteration open status: False
ratio of positive domain = 0 / 256 = 0.0
pruning-in-iteration extra time: 0.002313375473022461
torch.Size([256, 1])
Time: prepare 0.0030    bound 0.8812    transfer 0.0057    finalize 0.0765    func 0.9664    
Accumulated time: func 78.9087    prepare 1.0011    bound 66.3041    transfer 0.5089    finalize 11.6469    
max lb tensor(-922.) min lb tensor(-1168.)
Number of Verified Splits: 0 of 256
Current worst splitting domains lb-rhs (depth):
-1168.00000 (43), -1168.00000 (95), -1168.00000 (44), -1168.00000 (95), -1168.00000 (65), -1168.00000 (9), -1168.00000 (43), -1168.00000 (120), -1168.00000 (75), -1168.00000 (96), -1168.00000 (44), -1168.00000 (43), -1168.00000 (80), -1168.00000 (96), -1168.00000 (10), -1168.00000 (72), -1168.00000 (42), -1168.00000 (96), -1168.00000 (120), -1168.00000 (42), 
Length of domains: 15784
Current (lb-rhs): -1168.0
31484 domains visited
Time: pickout 0.0416    decision 0.1676    set_bounds 0.0046    solve 0.9685    add 0.0787    
Accumulated time: pickout 4.8702    decision 21.6280    set_bounds 0.6614    solve 78.9979    add 15.8038    
Cumulative time: 122.34340763092041

BaB round 125
batch: 128
splitting decisions: 
split level 0: [/74, 757] [/74, 872] [/74, 249] [/74, 973] [/74, 715] [/74, 542] [/74, 898] [/74, 401] [/74, 828] [/74, 576] 
best_l after optimization: -268004.125
beta sum per layer: [0.0, 0.0, 0.0, 2.99307918548584]
alpha/beta optimization time: 0.824531078338623
pruning_in_iteration open status: False
ratio of positive domain = 0 / 256 = 0.0
pruning-in-iteration extra time: 0.000102996826171875
torch.Size([256, 1])
Time: prepare 0.0031    bound 0.8260    transfer 0.0038    finalize 0.0836    func 0.9165    
Accumulated time: func 79.8253    prepare 1.0057    bound 67.1301    transfer 0.5127    finalize 11.7305    
max lb tensor(-922.) min lb tensor(-1168.)
Number of Verified Splits: 0 of 256
Current worst splitting domains lb-rhs (depth):
-1168.00000 (106), -1168.00000 (86), -1168.00000 (37), -1168.00000 (95), -1168.00000 (47), -1168.00000 (10), -1168.00000 (64), -1168.00000 (6), -1168.00000 (121), -1168.00000 (17), -1168.00000 (115), -1168.00000 (65), -1168.00000 (47), -1168.00000 (31), -1168.00000 (25), -1168.00000 (95), -1168.00000 (77), -1168.00000 (65), -1168.00000 (78), -1168.00000 (64), 
Length of domains: 15912
Current (lb-rhs): -1168.0
31740 domains visited
Time: pickout 0.0433    decision 0.1308    set_bounds 0.0046    solve 0.9186    add 0.0853    
Accumulated time: pickout 4.9134    decision 21.7589    set_bounds 0.6660    solve 79.9165    add 15.8891    
Cumulative time: 123.52868437767029

BaB round 126
batch: 128
splitting decisions: 
split level 0: [/74, 674] [/74, 789] [/74, 828] [/74, 256] [/74, 83] [/74, 178] [/74, 81] [/74, 656] [/74, 145] [/74, 789] 
best_l after optimization: -268003.75
beta sum per layer: [0.0, 0.0, 0.0, 2.962052822113037]
alpha/beta optimization time: 0.8201310634613037
pruning_in_iteration open status: False
ratio of positive domain = 0 / 256 = 0.0
pruning-in-iteration extra time: 0.0002384185791015625
torch.Size([256, 1])
Time: prepare 0.0032    bound 0.8217    transfer 0.0040    finalize 0.0881    func 0.9171    
Accumulated time: func 80.7423    prepare 1.0271    bound 67.9518    transfer 0.5167    finalize 11.8186    
max lb tensor(-922.) min lb tensor(-1168.)
Number of Verified Splits: 0 of 256
Current worst splitting domains lb-rhs (depth):
-1168.00000 (98), -1168.00000 (9), -1168.00000 (98), -1168.00000 (66), -1168.00000 (43), -1168.00000 (28), -1168.00000 (66), -1168.00000 (81), -1168.00000 (43), -1168.00000 (9), -1168.00000 (122), -1168.00000 (109), -1168.00000 (122), -1168.00000 (27), -1168.00000 (65), -1168.00000 (43), -1168.00000 (82), -1168.00000 (10), -1168.00000 (27), -1168.00000 (97), 
Length of domains: 16040
Current (lb-rhs): -1168.0
31996 domains visited
Time: pickout 0.0486    decision 0.2389    set_bounds 0.0045    solve 0.9193    add 0.0963    
Accumulated time: pickout 4.9620    decision 21.9977    set_bounds 0.6705    solve 80.8359    add 15.9854    
Cumulative time: 124.83899903297424

BaB round 127
batch: 128
splitting decisions: 
split level 0: [/74, 829] [/74, 145] [/74, 379] [/74, 183] [/74, 29] [/74, 771] [/74, 970] [/74, 757] [/74, 542] [/74, 249] 
best_l after optimization: -268003.15625
beta sum per layer: [0.0, 0.0, 0.0, 2.9190406799316406]
alpha/beta optimization time: 0.8185615539550781
pruning_in_iteration open status: False
ratio of positive domain = 0 / 256 = 0.0
pruning-in-iteration extra time: 0.00011181831359863281
torch.Size([256, 1])
Time: prepare 0.0031    bound 0.8200    transfer 0.0036    finalize 0.0867    func 0.9133    
Accumulated time: func 81.6557    prepare 1.0334    bound 68.7718    transfer 0.5203    finalize 11.9053    
max lb tensor(-922.) min lb tensor(-1168.)
Number of Verified Splits: 0 of 256
Current worst splitting domains lb-rhs (depth):
-1168.00000 (22), -1168.00000 (74), -1168.00000 (7), -1168.00000 (22), -1168.00000 (60), -1168.00000 (101), -1168.00000 (88), -1168.00000 (121), -1168.00000 (41), -1168.00000 (74), -1168.00000 (101), -1168.00000 (83), -1168.00000 (101), -1168.00000 (86), -1168.00000 (7), -1168.00000 (121), -1168.00000 (51), -1168.00000 (74), -1168.00000 (102), -1168.00000 (34), 
Length of domains: 16168
Current (lb-rhs): -1168.0
32252 domains visited
Time: pickout 0.0438    decision 0.1749    set_bounds 0.0046    solve 0.9138    add 0.0882    
Accumulated time: pickout 5.0058    decision 22.1726    set_bounds 0.6751    solve 81.7497    add 16.0736    
Cumulative time: 126.06703305244446

BaB round 128
batch: 128
splitting decisions: 
split level 0: [/74, 970] [/74, 149] [/74, 542] [/74, 83] [/74, 425] [/74, 609] [/74, 187] [/74, 563] [/74, 817] [/74, 828] 
best_l after optimization: -268003.09375
beta sum per layer: [0.0, 0.0, 0.0, 3.455524206161499]
alpha/beta optimization time: 0.8029277324676514
pruning_in_iteration open status: False
ratio of positive domain = 0 / 256 = 0.0
pruning-in-iteration extra time: 0.00014972686767578125
torch.Size([256, 1])
Time: prepare 0.0029    bound 0.8043    transfer 0.0037    finalize 0.0817    func 0.8927    
Accumulated time: func 82.5484    prepare 1.0385    bound 69.5761    transfer 0.5239    finalize 11.9870    
max lb tensor(-922.) min lb tensor(-1168.)
Number of Verified Splits: 0 of 256
Current worst splitting domains lb-rhs (depth):
-1168.00000 (81), -1168.00000 (108), -1168.00000 (81), -1168.00000 (31), -1168.00000 (96), -1168.00000 (9), -1168.00000 (49), -1168.00000 (124), -1168.00000 (108), -1168.00000 (69), -1168.00000 (31), -1168.00000 (69), -1168.00000 (49), -1168.00000 (10), -1168.00000 (95), -1168.00000 (31), -1168.00000 (69), -1168.00000 (109), -1168.00000 (49), -1168.00000 (124), 
Length of domains: 16296
Current (lb-rhs): -1168.0
32508 domains visited
Time: pickout 0.0489    decision 0.2207    set_bounds 0.0044    solve 0.8932    add 0.0876    
Accumulated time: pickout 5.0547    decision 22.3933    set_bounds 0.6795    solve 82.6429    add 16.1612    
Cumulative time: 127.32358503341675

BaB round 129
batch: 128
splitting decisions: 
split level 0: [/74, 504] [/74, 830] [/74, 178] [/74, 425] [/74, 656] [/74, 509] [/74, 411] [/74, 758] [/74, 771] [/74, 830] 
best_l after optimization: -268005.25
beta sum per layer: [0.0, 0.0, 0.0, 3.067064046859741]
alpha/beta optimization time: 0.8061363697052002
pruning_in_iteration open status: False
ratio of positive domain = 0 / 256 = 0.0
pruning-in-iteration extra time: 0.00015282630920410156
torch.Size([256, 1])
Time: prepare 0.0030    bound 0.8076    transfer 0.0036    finalize 0.0819    func 0.8960    
Accumulated time: func 83.4444    prepare 1.0504    bound 70.3837    transfer 0.5275    finalize 12.0689    
max lb tensor(-922.) min lb tensor(-1168.)
Number of Verified Splits: 0 of 256
Current worst splitting domains lb-rhs (depth):
-1168.00000 (114), -1168.00000 (114), -1168.00000 (26), -1168.00000 (14), -1168.00000 (63), -1168.00000 (51), -1168.00000 (76), -1168.00000 (57), -1168.00000 (97), -1168.00000 (35), -1168.00000 (70), -1168.00000 (82), -1168.00000 (4), -1168.00000 (44), -1168.00000 (90), -1168.00000 (98), -1168.00000 (9), -1168.00000 (26), -1168.00000 (46), -1168.00000 (37), 
Length of domains: 16424
Current (lb-rhs): -1168.0
32764 domains visited
Time: pickout 0.0418    decision 0.2325    set_bounds 0.0044    solve 0.8965    add 5.8650    
Accumulated time: pickout 5.0965    decision 22.6257    set_bounds 0.6838    solve 83.5394    add 22.0262    
Cumulative time: 134.36687588691711

BaB round 130
batch: 128
splitting decisions: 
split level 0: [/74, 187] [/74, 817] [/74, 609] [/74, 656] [/74, 757] [/74, 250] [/74, 189] [/74, 553] [/74, 609] [/74, 542] 
best_l after optimization: -268004.125
beta sum per layer: [0.0, 0.0, 0.0, 2.9838266372680664]
alpha/beta optimization time: 0.6569180488586426
pruning_in_iteration open status: False
ratio of positive domain = 0 / 256 = 0.0
pruning-in-iteration extra time: 4.7206878662109375e-05
torch.Size([256, 1])
Time: prepare 0.0030    bound 0.6582    transfer 0.0037    finalize 0.0962    func 0.7613    
Accumulated time: func 84.2057    prepare 1.0554    bound 71.0419    transfer 0.5313    finalize 12.1651    
max lb tensor(-922.) min lb tensor(-1168.)
Number of Verified Splits: 0 of 256
Current worst splitting domains lb-rhs (depth):
-1168.00000 (86), -1168.00000 (86), -1168.00000 (6), -1168.00000 (122), -1168.00000 (65), -1168.00000 (37), -1168.00000 (106), -1168.00000 (37), -1168.00000 (64), -1168.00000 (37), -1168.00000 (106), -1168.00000 (38), -1168.00000 (15), -1168.00000 (64), -1168.00000 (128), -1168.00000 (38), -1168.00000 (105), -1168.00000 (87), -1168.00000 (107), -1168.00000 (35), 
Length of domains: 16552
Current (lb-rhs): -1168.0
33020 domains visited
Time: pickout 0.0509    decision 0.4600    set_bounds 0.0065    solve 0.7617    add 0.0841    
Accumulated time: pickout 5.1474    decision 23.0857    set_bounds 0.6903    solve 84.3011    add 22.1103    
Cumulative time: 135.73265647888184

BaB round 131
batch: 128
splitting decisions: 
split level 0: [/74, 411] [/74, 609] [/74, 250] [/74, 757] [/74, 758] [/74, 885] [/74, 30] [/74, 898] [/74, 14] [/74, 817] 
best_l after optimization: -268003.59375
beta sum per layer: [0.0, 0.0, 0.0, 2.9507806301116943]
alpha/beta optimization time: 0.6692149639129639
pruning_in_iteration open status: False
ratio of positive domain = 0 / 256 = 0.0
pruning-in-iteration extra time: 0.00012803077697753906
torch.Size([256, 1])
Time: prepare 0.0035    bound 0.6707    transfer 0.0057    finalize 0.1000    func 0.7799    
Accumulated time: func 84.9855    prepare 1.0817    bound 71.7126    transfer 0.5369    finalize 12.2651    
max lb tensor(-922.) min lb tensor(-1168.)
Number of Verified Splits: 0 of 256
Current worst splitting domains lb-rhs (depth):
-1168.00000 (92), -1168.00000 (109), -1168.00000 (40), -1168.00000 (73), -1168.00000 (5), -1168.00000 (59), -1168.00000 (53), -1168.00000 (45), -1168.00000 (37), -1168.00000 (77), -1168.00000 (7), -1168.00000 (50), -1168.00000 (31), -1168.00000 (55), -1168.00000 (129), -1168.00000 (85), -1168.00000 (119), -1168.00000 (105), -1168.00000 (129), -1168.00000 (12), 
Length of domains: 16680
Current (lb-rhs): -1168.0
33276 domains visited
Time: pickout 0.0489    decision 0.2991    set_bounds 0.0064    solve 0.7803    add 0.0937    
Accumulated time: pickout 5.1963    decision 23.3849    set_bounds 0.6967    solve 85.0814    add 22.2040    
Cumulative time: 136.96536707878113

BaB round 132
batch: 128
splitting decisions: 
split level 0: [/74, 189] [/74, 14] [/74, 885] [/74, 674] [/74, 553] [/74, 238] [/74, 661] [/74, 504] [/74, 849] [/74, 849] 
best_l after optimization: -268003.28125
beta sum per layer: [0.0, 0.0, 0.0, 3.3410422801971436]
alpha/beta optimization time: 0.803088903427124
pruning_in_iteration open status: False
ratio of positive domain = 0 / 256 = 0.0
pruning-in-iteration extra time: 0.0023975372314453125
torch.Size([256, 1])
Time: prepare 0.0034    bound 0.8069    transfer 0.0149    finalize 0.0984    func 0.9236    
Accumulated time: func 85.9092    prepare 1.0897    bound 72.5195    transfer 0.5518    finalize 12.3635    
max lb tensor(-922.) min lb tensor(-1168.)
Number of Verified Splits: 0 of 256
Current worst splitting domains lb-rhs (depth):
-1168.00000 (5), -1168.00000 (131), -1168.00000 (44), -1168.00000 (103), -1168.00000 (70), -1168.00000 (112), -1168.00000 (32), -1168.00000 (60), -1168.00000 (84), -1168.00000 (45), -1168.00000 (91), -1168.00000 (32), -1168.00000 (112), -1168.00000 (17), -1168.00000 (70), -1168.00000 (123), -1168.00000 (102), -1168.00000 (60), -1168.00000 (31), -1168.00000 (45), 
Length of domains: 16808
Current (lb-rhs): -1168.0
33532 domains visited
Time: pickout 0.0514    decision 0.2641    set_bounds 0.2176    solve 0.9241    add 0.0912    
Accumulated time: pickout 5.2476    decision 23.6490    set_bounds 0.9143    solve 86.0056    add 22.2952    
Cumulative time: 138.51803278923035

BaB round 133
batch: 128
splitting decisions: 
split level 0: [/74, 30] [/74, 509] [/74, 238] [/74, 331] [/74, 898] [/74, 823] [/74, 880] [/74, 494] [/74, 19] [/74, 238] 
best_l after optimization: -268005.40625
beta sum per layer: [0.0, 0.0, 0.0, 3.100670337677002]
alpha/beta optimization time: 0.7894630432128906
pruning_in_iteration open status: False
ratio of positive domain = 0 / 256 = 0.0
pruning-in-iteration extra time: 0.0001475811004638672
torch.Size([256, 1])
Time: prepare 0.0030    bound 0.7909    transfer 0.0132    finalize 0.0985    func 0.9056    
Accumulated time: func 86.8148    prepare 1.1175    bound 73.3104    transfer 0.5651    finalize 12.4620    
max lb tensor(-922.) min lb tensor(-1168.)
Number of Verified Splits: 0 of 256
Current worst splitting domains lb-rhs (depth):
-1168.00000 (112), -1168.00000 (65), -1168.00000 (52), -1168.00000 (18), -1168.00000 (24), -1168.00000 (47), -1168.00000 (28), -1168.00000 (104), -1168.00000 (131), -1168.00000 (98), -1168.00000 (73), -1168.00000 (5), -1168.00000 (65), -1168.00000 (84), -1168.00000 (52), -1168.00000 (39), -1168.00000 (90), -1168.00000 (16), -1168.00000 (41), -1168.00000 (123), 
Length of domains: 16936
Current (lb-rhs): -1168.0
33788 domains visited
Time: pickout 0.0470    decision 0.3260    set_bounds 0.0062    solve 0.9062    add 0.0948    
Accumulated time: pickout 5.2946    decision 23.9750    set_bounds 0.9205    solve 86.9117    add 22.3900    
Cumulative time: 139.90276718139648

BaB round 134
batch: 128
splitting decisions: 
split level 0: [/74, 949] [/74, 19] [/74, 823] [/74, 563] [/74, 81] [/74, 79] [/74, 751] [/74, 706] [/74, 238] [/74, 79] 
best_l after optimization: -268004.75
beta sum per layer: [0.0, 0.0, 0.0, 3.2886202335357666]
alpha/beta optimization time: 0.8415515422821045
pruning_in_iteration open status: False
ratio of positive domain = 0 / 256 = 0.0
pruning-in-iteration extra time: 0.0023162364959716797
torch.Size([256, 1])
Time: prepare 0.0031    bound 0.8451    transfer 0.0152    finalize 0.0987    func 0.9621    
Accumulated time: func 87.7770    prepare 1.1237    bound 74.1555    transfer 0.5802    finalize 12.5607    
max lb tensor(-922.) min lb tensor(-1168.)
Number of Verified Splits: 0 of 256
Current worst splitting domains lb-rhs (depth):
-1168.00000 (67), -1168.00000 (88), -1168.00000 (6), -1168.00000 (47), -1168.00000 (67), -1168.00000 (17), -1168.00000 (103), -1168.00000 (47), -1168.00000 (12), -1168.00000 (112), -1168.00000 (89), -1168.00000 (26), -1168.00000 (118), -1168.00000 (34), -1168.00000 (128), -1168.00000 (66), -1168.00000 (132), -1168.00000 (48), -1168.00000 (133), -1168.00000 (25), 
Length of domains: 17064
Current (lb-rhs): -1168.0
34044 domains visited
Time: pickout 0.0505    decision 0.1441    set_bounds 0.0061    solve 0.9626    add 0.0951    
Accumulated time: pickout 5.3451    decision 24.1191    set_bounds 0.9267    solve 87.8744    add 22.4851    
Cumulative time: 141.16642880439758

BaB round 135
batch: 128
splitting decisions: 
split level 0: [/74, 28] [/74, 238] [/74, 603] [/74, 758] [/74, 7] [/74, 236] [/74, 106] [/74, 187] [/74, 79] [/74, 236] 
best_l after optimization: -268005.6875
beta sum per layer: [0.0, 0.0, 0.0, 3.1159019470214844]
alpha/beta optimization time: 0.9071547985076904
pruning_in_iteration open status: False
ratio of positive domain = 0 / 256 = 0.0
pruning-in-iteration extra time: 0.0003731250762939453
torch.Size([256, 1])
Time: prepare 0.0051    bound 0.9091    transfer 0.0157    finalize 0.1052    func 1.0351    
Accumulated time: func 88.8120    prepare 1.1302    bound 75.0646    transfer 0.5959    finalize 12.6659    
max lb tensor(-922.) min lb tensor(-1168.)
Number of Verified Splits: 0 of 256
Current worst splitting domains lb-rhs (depth):
-1168.00000 (66), -1168.00000 (100), -1168.00000 (75), -1168.00000 (13), -1168.00000 (53), -1168.00000 (28), -1168.00000 (66), -1168.00000 (17), -1168.00000 (116), -1168.00000 (121), -1168.00000 (89), -1168.00000 (101), -1168.00000 (36), -1168.00000 (46), -1168.00000 (8), -1168.00000 (89), -1168.00000 (28), -1168.00000 (53), -1168.00000 (133), -1168.00000 (75), 
Length of domains: 17192
Current (lb-rhs): -1168.0
34300 domains visited
Time: pickout 0.0482    decision 0.1311    set_bounds 0.0063    solve 1.0356    add 0.0976    
Accumulated time: pickout 5.3933    decision 24.2502    set_bounds 0.9329    solve 88.9100    add 22.5827    
Cumulative time: 142.48985314369202

BaB round 136
batch: 128
splitting decisions: 
split level 0: [/74, 880] [/74, 823] [/74, 239] [/74, 367] [/74, 494] [/74, 780] [/74, 477] [/74, 411] [/74, 236] [/74, 304] 
best_l after optimization: -268004.8125
beta sum per layer: [0.0, 0.0, 0.0, 3.0378153324127197]
alpha/beta optimization time: 0.9163815975189209
pruning_in_iteration open status: False
ratio of positive domain = 0 / 256 = 0.0
pruning-in-iteration extra time: 3.6716461181640625e-05
torch.Size([256, 1])
Time: prepare 0.0119    bound 0.9178    transfer 0.0128    finalize 0.0989    func 1.0414    
Accumulated time: func 89.8535    prepare 1.1439    bound 75.9824    transfer 0.6087    finalize 12.7648    
max lb tensor(-922.) min lb tensor(-1168.)
Number of Verified Splits: 0 of 256
Current worst splitting domains lb-rhs (depth):
-1168.00000 (68), -1168.00000 (124), -1168.00000 (96), -1168.00000 (55), -1168.00000 (24), -1168.00000 (122), -1168.00000 (136), -1168.00000 (15), -1168.00000 (107), -1168.00000 (44), -1168.00000 (34), -1168.00000 (4), -1168.00000 (38), -1168.00000 (51), -1168.00000 (133), -1168.00000 (114), -1168.00000 (20), -1168.00000 (60), -1168.00000 (72), -1168.00000 (99), 
Length of domains: 17320
Current (lb-rhs): -1168.0
34556 domains visited
Time: pickout 0.0452    decision 0.2521    set_bounds 0.0096    solve 1.0419    add 0.0988    
Accumulated time: pickout 5.4385    decision 24.5023    set_bounds 0.9425    solve 89.9520    add 22.6815    
Cumulative time: 143.9417679309845

BaB round 137
batch: 128
splitting decisions: 
split level 0: [/74, 995] [/74, 236] [/74, 668] [/74, 970] [/74, 706] [/74, 973] [/74, 1020] [/74, 189] [/74, 239] [/74, 499] 
best_l after optimization: -268004.0625
beta sum per layer: [0.0, 0.0, 0.0, 3.007002353668213]
alpha/beta optimization time: 0.6235973834991455
pruning_in_iteration open status: False
ratio of positive domain = 0 / 256 = 0.0
pruning-in-iteration extra time: 3.886222839355469e-05
torch.Size([256, 1])
Time: prepare 0.0032    bound 0.6250    transfer 0.0132    finalize 0.1009    func 0.7423    
Accumulated time: func 90.5957    prepare 1.1698    bound 76.6074    transfer 0.6219    finalize 12.8657    
max lb tensor(-922.) min lb tensor(-1168.)
Number of Verified Splits: 0 of 256
Current worst splitting domains lb-rhs (depth):
-1168.00000 (25), -1168.00000 (9), -1168.00000 (33), -1168.00000 (71), -1168.00000 (128), -1168.00000 (95), -1168.00000 (51), -1168.00000 (10), -1168.00000 (71), -1168.00000 (107), -1168.00000 (128), -1168.00000 (51), -1168.00000 (50), -1168.00000 (72), -1168.00000 (95), -1168.00000 (34), -1168.00000 (10), -1168.00000 (127), -1168.00000 (72), -1168.00000 (107), 
Length of domains: 17448
Current (lb-rhs): -1168.0
34812 domains visited
Time: pickout 0.0522    decision 0.4263    set_bounds 0.0064    solve 0.7428    add 0.0989    
Accumulated time: pickout 5.4907    decision 24.9286    set_bounds 0.9489    solve 90.6948    add 22.7804    
Cumulative time: 145.2722885608673

BaB round 138
batch: 128
splitting decisions: 
split level 0: [/74, 106] [/74, 239] [/74, 499] [/74, 706] [/74, 187] [/74, 399] [/74, 1012] [/74, 950] [/74, 780] [/74, 256] 
best_l after optimization: -268003.8125
beta sum per layer: [0.0, 0.0, 0.0, 2.970512628555298]
alpha/beta optimization time: 0.8071188926696777
pruning_in_iteration open status: False
ratio of positive domain = 0 / 256 = 0.0
pruning-in-iteration extra time: 0.00011134147644042969
torch.Size([256, 1])
Time: prepare 0.0030    bound 0.8085    transfer 0.0124    finalize 0.0948    func 0.9187    
Accumulated time: func 91.5145    prepare 1.2091    bound 77.4159    transfer 0.6343    finalize 12.9604    
max lb tensor(-922.) min lb tensor(-1168.)
Number of Verified Splits: 0 of 256
Current worst splitting domains lb-rhs (depth):
-1168.00000 (50), -1168.00000 (92), -1168.00000 (63), -1168.00000 (33), -1168.00000 (85), -1168.00000 (53), -1168.00000 (135), -1168.00000 (74), -1168.00000 (40), -1168.00000 (17), -1168.00000 (122), -1168.00000 (113), -1168.00000 (137), -1168.00000 (110), -1168.00000 (30), -1168.00000 (43), -1168.00000 (99), -1168.00000 (36), -1168.00000 (56), -1168.00000 (124), 
Length of domains: 17576
Current (lb-rhs): -1168.0
35068 domains visited
Time: pickout 0.0511    decision 0.4150    set_bounds 0.0061    solve 0.9192    add 0.0929    
Accumulated time: pickout 5.5418    decision 25.3436    set_bounds 0.9550    solve 91.6140    add 22.8733    
Cumulative time: 146.76006984710693

BaB round 139
batch: 128
splitting decisions: 
split level 0: [/74, 477] [/74, 780] [/74, 399] [/74, 187] [/74, 411] [/74, 183] [/74, 529] [/74, 995] [/74, 304] [/74, 88] 
best_l after optimization: -268003.5
beta sum per layer: [0.0, 0.0, 0.0, 2.936337947845459]
alpha/beta optimization time: 0.8041071891784668
pruning_in_iteration open status: False
ratio of positive domain = 0 / 256 = 0.0
pruning-in-iteration extra time: 0.0001513957977294922
torch.Size([256, 1])
Time: prepare 0.0030    bound 0.8056    transfer 0.0124    finalize 0.0960    func 0.9170    
Accumulated time: func 92.4315    prepare 1.2378    bound 78.2215    transfer 0.6466    finalize 13.0565    
max lb tensor(-922.) min lb tensor(-1168.)
Number of Verified Splits: 0 of 256
Current worst splitting domains lb-rhs (depth):
-1168.00000 (56), -1168.00000 (30), -1168.00000 (84), -1168.00000 (122), -1168.00000 (77), -1168.00000 (109), -1168.00000 (72), -1168.00000 (43), -1168.00000 (137), -1168.00000 (8), -1168.00000 (66), -1168.00000 (97), -1168.00000 (34), -1168.00000 (9), -1168.00000 (105), -1168.00000 (129), -1168.00000 (24), -1168.00000 (84), -1168.00000 (15), -1168.00000 (48), 
Length of domains: 17704
Current (lb-rhs): -1168.0
35324 domains visited
Time: pickout 0.0418    decision 0.3428    set_bounds 0.0063    solve 0.9175    add 0.0913    
Accumulated time: pickout 5.5836    decision 25.6864    set_bounds 0.9613    solve 92.5315    add 22.9646    
Cumulative time: 148.1632261276245

BaB round 140
batch: 128
splitting decisions: 
split level 0: [/74, 468] [/74, 304] [/74, 183] [/74, 411] [/74, 30] [/74, 818] [/74, 869] [/74, 106] [/74, 499] [/74, 818] 
best_l after optimization: -268003.25
beta sum per layer: [0.0, 0.0, 0.0, 2.934149980545044]
alpha/beta optimization time: 0.8251619338989258
pruning_in_iteration open status: False
ratio of positive domain = 0 / 256 = 0.0
pruning-in-iteration extra time: 3.409385681152344e-05
torch.Size([256, 1])
Time: prepare 0.0034    bound 0.8266    transfer 0.0121    finalize 0.0952    func 0.9374    
Accumulated time: func 93.3689    prepare 1.2428    bound 79.0481    transfer 0.6588    finalize 13.1517    
max lb tensor(-922.) min lb tensor(-1168.)
Number of Verified Splits: 0 of 256
Current worst splitting domains lb-rhs (depth):
-1168.00000 (136), -1168.00000 (105), -1168.00000 (41), -1168.00000 (80), -1168.00000 (10), -1168.00000 (47), -1168.00000 (124), -1168.00000 (26), -1168.00000 (15), -1168.00000 (43), -1168.00000 (73), -1168.00000 (53), -1168.00000 (94), -1168.00000 (67), -1168.00000 (34), -1168.00000 (132), -1168.00000 (90), -1168.00000 (109), -1168.00000 (104), -1168.00000 (87), 
Length of domains: 17832
Current (lb-rhs): -1168.0
35580 domains visited
Time: pickout 0.0474    decision 0.1408    set_bounds 0.0066    solve 0.9379    add 0.0908    
Accumulated time: pickout 5.6310    decision 25.8272    set_bounds 0.9678    solve 93.4694    add 23.0555    
Cumulative time: 149.39018535614014

BaB round 141
batch: 128
splitting decisions: 
split level 0: [/74, 311] [/74, 499] [/74, 88] [/74, 30] [/74, 661] [/74, 715] [/74, 700] [/74, 433] [/74, 973] [/74, 715] 
best_l after optimization: -268003.125
beta sum per layer: [0.0, 0.0, 0.0, 3.3340017795562744]
alpha/beta optimization time: 0.9619851112365723
pruning_in_iteration open status: False
ratio of positive domain = 0 / 256 = 0.0
pruning-in-iteration extra time: 6.103515625e-05
torch.Size([256, 1])
Time: prepare 0.0032    bound 0.9633    transfer 0.0122    finalize 0.0979    func 1.0767    
Accumulated time: func 94.4456    prepare 1.2473    bound 80.0114    transfer 0.6710    finalize 13.2496    
max lb tensor(-922.) min lb tensor(-1168.)
Number of Verified Splits: 0 of 256
Current worst splitting domains lb-rhs (depth):
-1168.00000 (13), -1168.00000 (127), -1168.00000 (78), -1168.00000 (138), -1168.00000 (66), -1168.00000 (49), -1168.00000 (78), -1168.00000 (107), -1168.00000 (5), -1168.00000 (57), -1168.00000 (128), -1168.00000 (95), -1168.00000 (24), -1168.00000 (49), -1168.00000 (112), -1168.00000 (36), -1168.00000 (32), -1168.00000 (77), -1168.00000 (112), -1168.00000 (102), 
Length of domains: 17960
Current (lb-rhs): -1168.0
35836 domains visited
Time: pickout 0.0435    decision 0.1362    set_bounds 0.0066    solve 1.0772    add 0.0965    
Accumulated time: pickout 5.6745    decision 25.9634    set_bounds 0.9744    solve 94.5466    add 23.1520    
Cumulative time: 150.75389337539673

BaB round 142
batch: 128
splitting decisions: 
split level 0: [/74, 122] [/74, 256] [/74, 83] [/74, 661] [/74, 949] [/74, 425] [/74, 679] [/74, 477] [/74, 399] [/74, 83] 
best_l after optimization: -268005.90625
beta sum per layer: [0.0, 0.0, 0.0, 3.1738414764404297]
alpha/beta optimization time: 0.6037721633911133
pruning_in_iteration open status: False
ratio of positive domain = 0 / 256 = 0.0
pruning-in-iteration extra time: 3.695487976074219e-05
torch.Size([256, 1])
Time: prepare 0.0030    bound 0.6051    transfer 0.0120    finalize 0.0928    func 0.7131    
Accumulated time: func 95.1586    prepare 1.2792    bound 80.6165    transfer 0.6830    finalize 13.3425    
max lb tensor(-922.) min lb tensor(-1168.)
Number of Verified Splits: 0 of 256
Current worst splitting domains lb-rhs (depth):
-1168.00000 (52), -1168.00000 (52), -1168.00000 (107), -1168.00000 (12), -1168.00000 (74), -1168.00000 (91), -1168.00000 (129), -1168.00000 (141), -1168.00000 (24), -1168.00000 (108), -1168.00000 (5), -1168.00000 (136), -1168.00000 (27), -1168.00000 (107), -1168.00000 (52), -1168.00000 (74), -1168.00000 (53), -1168.00000 (13), -1168.00000 (50), -1168.00000 (91), 
Length of domains: 18088
Current (lb-rhs): -1168.0
36092 domains visited
Time: pickout 0.0480    decision 0.4738    set_bounds 0.0065    solve 0.7136    add 0.0893    
Accumulated time: pickout 5.7225    decision 26.4372    set_bounds 0.9809    solve 95.2602    add 23.2412    
Cumulative time: 152.08797597885132

BaB round 143
batch: 128
splitting decisions: 
split level 0: [/74, 529] [/74, 29] [/74, 29] [/74, 949] [/74, 28] [/74, 757] [/74, 825] [/74, 1020] [/74, 183] [/74, 29] 
best_l after optimization: -268004.71875
beta sum per layer: [0.0, 0.0, 0.0, 3.1078567504882812]
alpha/beta optimization time: 0.8165707588195801
pruning_in_iteration open status: False
ratio of positive domain = 0 / 256 = 0.0
pruning-in-iteration extra time: 0.002376079559326172
torch.Size([256, 1])
Time: prepare 0.0032    bound 0.8203    transfer 0.0142    finalize 0.0931    func 0.9308    
Accumulated time: func 96.0894    prepare 1.3120    bound 81.4368    transfer 0.6972    finalize 13.4355    
max lb tensor(-922.) min lb tensor(-1168.)
Number of Verified Splits: 0 of 256
Current worst splitting domains lb-rhs (depth):
-1168.00000 (25), -1168.00000 (68), -1168.00000 (103), -1168.00000 (99), -1168.00000 (54), -1168.00000 (65), -1168.00000 (84), -1168.00000 (35), -1168.00000 (5), -1168.00000 (109), -1168.00000 (140), -1168.00000 (41), -1168.00000 (13), -1168.00000 (130), -1168.00000 (16), -1168.00000 (28), -1168.00000 (60), -1168.00000 (125), -1168.00000 (72), -1168.00000 (39), 
Length of domains: 18216
Current (lb-rhs): -1168.0
36348 domains visited
Time: pickout 0.0451    decision 0.3796    set_bounds 0.0063    solve 0.9313    add 0.0950    
Accumulated time: pickout 5.7676    decision 26.8168    set_bounds 0.9873    solve 96.1914    add 23.3362    
Cumulative time: 153.54846382141113

BaB round 144
batch: 128
splitting decisions: 
split level 0: [/74, 869] [/74, 656] [/74, 401] [/74, 28] [/74, 880] [/74, 829] [/74, 581] [/74, 468] [/74, 88] [/74, 401] 
best_l after optimization: -268004.5625
beta sum per layer: [0.0, 0.0, 0.0, 3.064030647277832]
alpha/beta optimization time: 0.8087668418884277
pruning_in_iteration open status: False
ratio of positive domain = 0 / 256 = 0.0
pruning-in-iteration extra time: 0.00014448165893554688
torch.Size([256, 1])
Time: prepare 0.0030    bound 0.8102    transfer 0.0141    finalize 0.1084    func 0.9357    
Accumulated time: func 97.0251    prepare 1.3342    bound 82.2470    transfer 0.7113    finalize 13.5439    
max lb tensor(-922.) min lb tensor(-1168.)
Number of Verified Splits: 0 of 256
Current worst splitting domains lb-rhs (depth):
-1168.00000 (52), -1168.00000 (16), -1168.00000 (110), -1168.00000 (51), -1168.00000 (91), -1168.00000 (77), -1168.00000 (51), -1168.00000 (110), -1168.00000 (136), -1168.00000 (51), -1168.00000 (15), -1168.00000 (109), -1168.00000 (52), -1168.00000 (109), -1168.00000 (52), -1168.00000 (76), -1168.00000 (92), -1168.00000 (15), -1168.00000 (50), -1168.00000 (135), 
Length of domains: 18344
Current (lb-rhs): -1168.0
36604 domains visited
Time: pickout 0.0514    decision 0.2785    set_bounds 0.0061    solve 0.9362    add 0.0981    
Accumulated time: pickout 5.8190    decision 27.0953    set_bounds 0.9933    solve 97.1276    add 23.4343    
Cumulative time: 154.92358350753784

BaB round 145
batch: 128
splitting decisions: 
split level 0: [/74, 700] [/74, 757] [/74, 425] [/74, 880] [/74, 950] [/74, 191] [/74, 640] [/74, 1012] [/74, 818] [/74, 656] 
best_l after optimization: -268004.3125
beta sum per layer: [0.0, 0.0, 0.0, 3.0270605087280273]
alpha/beta optimization time: 0.9471085071563721
pruning_in_iteration open status: False
ratio of positive domain = 0 / 256 = 0.0
pruning-in-iteration extra time: 0.0011138916015625
torch.Size([256, 1])
Time: prepare 0.0044    bound 0.9496    transfer 0.0125    finalize 0.0935    func 1.0601    
Accumulated time: func 98.0852    prepare 1.3400    bound 83.1966    transfer 0.7238    finalize 13.6375    
max lb tensor(-922.) min lb tensor(-1168.)
Number of Verified Splits: 0 of 256
Current worst splitting domains lb-rhs (depth):
-1168.00000 (134), -1168.00000 (135), -1168.00000 (10), -1168.00000 (86), -1168.00000 (46), -1168.00000 (86), -1168.00000 (135), -1168.00000 (45), -1168.00000 (87), -1168.00000 (11), -1168.00000 (45), -1168.00000 (87), -1168.00000 (86), -1168.00000 (87), -1168.00000 (45), -1168.00000 (88), -1168.00000 (134), -1168.00000 (11), -1168.00000 (44), -1168.00000 (88), 
Length of domains: 18472
Current (lb-rhs): -1168.0
36860 domains visited
Time: pickout 0.0459    decision 0.1380    set_bounds 0.0081    solve 1.0606    add 0.0898    
Accumulated time: pickout 5.8650    decision 27.2332    set_bounds 1.0014    solve 98.1882    add 23.5241    
Cumulative time: 156.2691400051117

BaB round 146
batch: 128
splitting decisions: 
split level 0: [/74, 679] [/74, 829] [/74, 757] [/74, 33] [/74, 751] [/74, 331] [/74, 617] [/74, 311] [/74, 83] [/74, 674] 
best_l after optimization: -268004.0
beta sum per layer: [0.0, 0.0, 0.0, 3.0078258514404297]
alpha/beta optimization time: 0.5928986072540283
pruning_in_iteration open status: False
ratio of positive domain = 0 / 256 = 0.0
pruning-in-iteration extra time: 9.751319885253906e-05
torch.Size([256, 1])
Time: prepare 0.0035    bound 0.5943    transfer 0.0144    finalize 0.0993    func 0.7116    
Accumulated time: func 98.7968    prepare 1.3795    bound 83.7909    transfer 0.7382    finalize 13.7368    
max lb tensor(-922.) min lb tensor(-1168.)
Number of Verified Splits: 0 of 256
Current worst splitting domains lb-rhs (depth):
-1168.00000 (95), -1168.00000 (74), -1168.00000 (39), -1168.00000 (17), -1168.00000 (142), -1168.00000 (136), -1168.00000 (121), -1168.00000 (39), -1168.00000 (6), -1168.00000 (74), -1168.00000 (109), -1168.00000 (12), -1168.00000 (39), -1168.00000 (55), -1168.00000 (120), -1168.00000 (74), -1168.00000 (40), -1168.00000 (17), -1168.00000 (96), -1168.00000 (145), 
Length of domains: 18600
Current (lb-rhs): -1168.0
37116 domains visited
Time: pickout 0.0477    decision 0.4743    set_bounds 0.0084    solve 0.7122    add 0.0971    
Accumulated time: pickout 5.9127    decision 27.7076    set_bounds 1.0098    solve 98.9004    add 23.6212    
Cumulative time: 157.6126368045807

BaB round 147
batch: 128
splitting decisions: 
split level 0: [/74, 711] [/74, 331] [/74, 674] [/74, 179] [/74, 33] [/74, 563] [/74, 940] [/74, 529] [/74, 29] [/74, 563] 
best_l after optimization: -268003.625
beta sum per layer: [0.0, 0.0, 0.0, 2.9803314208984375]
alpha/beta optimization time: 0.7232725620269775
pruning_in_iteration open status: False
ratio of positive domain = 0 / 256 = 0.0
pruning-in-iteration extra time: 3.838539123535156e-05
torch.Size([256, 1])
Time: prepare 0.0031    bound 0.7246    transfer 0.0149    finalize 0.1095    func 0.8521    
Accumulated time: func 99.6489    prepare 1.4187    bound 84.5155    transfer 0.7531    finalize 13.8463    
max lb tensor(-922.) min lb tensor(-1168.)
Number of Verified Splits: 0 of 256
Current worst splitting domains lb-rhs (depth):
-1168.00000 (138), -1168.00000 (9), -1168.00000 (58), -1168.00000 (107), -1168.00000 (71), -1168.00000 (92), -1168.00000 (32), -1168.00000 (138), -1168.00000 (10), -1168.00000 (108), -1168.00000 (121), -1168.00000 (43), -1168.00000 (138), -1168.00000 (71), -1168.00000 (58), -1168.00000 (92), -1168.00000 (51), -1168.00000 (31), -1168.00000 (10), -1168.00000 (108), 
Length of domains: 18728
Current (lb-rhs): -1168.0
37372 domains visited
Time: pickout 0.0492    decision 0.4066    set_bounds 0.0063    solve 0.8526    add 0.0968    
Accumulated time: pickout 5.9619    decision 28.1142    set_bounds 1.0161    solve 99.7530    add 23.7180    
Cumulative time: 159.02883791923523

BaB round 148
batch: 128
splitting decisions: 
split level 0: [/74, 825] [/74, 758] [/74, 331] [/74, 106] [/74, 179] [/74, 367] [/74, 844] [/74, 700] [/74, 656] [/74, 758] 
best_l after optimization: -268003.375
beta sum per layer: [0.0, 0.0, 0.0, 2.9852609634399414]
alpha/beta optimization time: 0.8067154884338379
pruning_in_iteration open status: False
ratio of positive domain = 0 / 256 = 0.0
pruning-in-iteration extra time: 0.00015282630920410156
torch.Size([256, 1])
Time: prepare 0.0032    bound 0.8082    transfer 0.0124    finalize 0.1058    func 0.9296    
Accumulated time: func 100.5785    prepare 1.4444    bound 85.3237    transfer 0.7655    finalize 13.9520    
max lb tensor(-922.) min lb tensor(-1168.)
Number of Verified Splits: 0 of 256
Current worst splitting domains lb-rhs (depth):
-1168.00000 (41), -1168.00000 (106), -1168.00000 (129), -1168.00000 (139), -1168.00000 (63), -1168.00000 (78), -1168.00000 (95), -1168.00000 (10), -1168.00000 (30), -1168.00000 (42), -1168.00000 (121), -1168.00000 (105), -1168.00000 (147), -1168.00000 (144), -1168.00000 (20), -1168.00000 (77), -1168.00000 (63), -1168.00000 (42), -1168.00000 (30), -1168.00000 (129), 
Length of domains: 18856
Current (lb-rhs): -1168.0
37628 domains visited
Time: pickout 0.0445    decision 0.3480    set_bounds 0.0073    solve 0.9301    add 0.0946    
Accumulated time: pickout 6.0064    decision 28.4622    set_bounds 1.0234    solve 100.6831    add 23.8127    
Cumulative time: 160.4576542377472

BaB round 149
batch: 128
splitting decisions: 
split level 0: [/74, 581] [/74, 367] [/74, 563] [/74, 433] [/74, 1020] [/74, 7] [/74, 710] [/74, 9] [/74, 674] [/74, 367] 
best_l after optimization: -268003.25
beta sum per layer: [0.0, 0.0, 0.0, 2.964271306991577]
alpha/beta optimization time: 0.8535757064819336
pruning_in_iteration open status: False
ratio of positive domain = 0 / 256 = 0.0
pruning-in-iteration extra time: 4.267692565917969e-05
torch.Size([256, 1])
Time: prepare 0.0030    bound 0.8550    transfer 0.0130    finalize 0.0981    func 0.9692    
Accumulated time: func 101.5477    prepare 1.4489    bound 86.1787    transfer 0.7785    finalize 14.0501    
max lb tensor(-922.) min lb tensor(-1168.)
Number of Verified Splits: 0 of 256
Current worst splitting domains lb-rhs (depth):
-1168.00000 (114), -1168.00000 (26), -1168.00000 (19), -1168.00000 (105), -1168.00000 (90), -1168.00000 (124), -1168.00000 (79), -1168.00000 (54), -1168.00000 (28), -1168.00000 (76), -1168.00000 (68), -1168.00000 (25), -1168.00000 (144), -1168.00000 (137), -1168.00000 (128), -1168.00000 (11), -1168.00000 (46), -1168.00000 (62), -1168.00000 (4), -1168.00000 (35), 
Length of domains: 18984
Current (lb-rhs): -1168.0
37884 domains visited
Time: pickout 0.0434    decision 0.1332    set_bounds 0.0062    solve 0.9697    add 0.0927    
Accumulated time: pickout 6.0498    decision 28.5953    set_bounds 1.0296    solve 101.6528    add 23.9054    
Cumulative time: 161.70764636993408

BaB round 150
batch: 128
splitting decisions: 
split level 0: [/74, 152] [/74, 553] [/74, 367] [/74, 1020] [/74, 122] [/74, 504] [/74, 98] [/74, 653] [/74, 829] [/74, 898] 
best_l after optimization: -268003.0625
beta sum per layer: [0.0, 0.0, 0.0, 2.944584369659424]
alpha/beta optimization time: 1.020390510559082
pruning_in_iteration open status: False
ratio of positive domain = 0 / 256 = 0.0
pruning-in-iteration extra time: 4.0531158447265625e-05
torch.Size([256, 1])
Time: prepare 0.0041    bound 1.0218    transfer 0.0134    finalize 0.1030    func 1.1424    
Accumulated time: func 102.6900    prepare 1.4544    bound 87.2005    transfer 0.7919    finalize 14.1532    
max lb tensor(-922.) min lb tensor(-1168.)
Number of Verified Splits: 0 of 256
Current worst splitting domains lb-rhs (depth):
-1168.00000 (99), -1168.00000 (122), -1168.00000 (99), -1168.00000 (42), -1168.00000 (74), -1168.00000 (7), -1168.00000 (148), -1168.00000 (122), -1168.00000 (141), -1168.00000 (43), -1168.00000 (74), -1168.00000 (17), -1168.00000 (43), -1168.00000 (17), -1168.00000 (122), -1168.00000 (74), -1168.00000 (43), -1168.00000 (100), -1168.00000 (121), -1168.00000 (44), 
Length of domains: 19112
Current (lb-rhs): -1168.0
38140 domains visited
Time: pickout 0.0430    decision 0.1329    set_bounds 0.0067    solve 1.1429    add 0.0961    
Accumulated time: pickout 6.0928    decision 28.7282    set_bounds 1.0363    solve 102.7957    add 24.0014    
Cumulative time: 163.13404607772827

BaB round 151
batch: 128
splitting decisions: 
split level 0: [/74, 268] [/74, 898] [/74, 81] [/74, 529] [/74, 679] [/74, 494] [/74, 535] [/74, 188] [/74, 191] [/74, 81] 
best_l after optimization: -268002.875
beta sum per layer: [0.0, 0.0, 0.0, 3.48628568649292]
alpha/beta optimization time: 0.757333517074585
pruning_in_iteration open status: False
ratio of positive domain = 0 / 256 = 0.0
pruning-in-iteration extra time: 3.8623809814453125e-05
torch.Size([256, 1])
Time: prepare 0.0118    bound 0.7588    transfer 0.0131    finalize 0.1015    func 0.8853    
Accumulated time: func 103.5754    prepare 1.4815    bound 87.9593    transfer 0.8051    finalize 14.2547    
max lb tensor(-922.) min lb tensor(-1168.)
Number of Verified Splits: 0 of 256
Current worst splitting domains lb-rhs (depth):
-1168.00000 (14), -1168.00000 (127), -1168.00000 (108), -1168.00000 (147), -1168.00000 (61), -1168.00000 (84), -1168.00000 (71), -1168.00000 (6), -1168.00000 (98), -1168.00000 (34), -1168.00000 (96), -1168.00000 (120), -1168.00000 (136), -1168.00000 (52), -1168.00000 (147), -1168.00000 (45), -1168.00000 (72), -1168.00000 (84), -1168.00000 (108), -1168.00000 (25), 
Length of domains: 19240
Current (lb-rhs): -1168.0
38396 domains visited
Time: pickout 0.0455    decision 0.3135    set_bounds 0.0098    solve 0.8858    add 0.0953    
Accumulated time: pickout 6.1383    decision 29.0417    set_bounds 1.0461    solve 103.6815    add 24.0967    
Cumulative time: 164.4882092475891

BaB round 152
batch: 128
splitting decisions: 
split level 0: [/74, 653] [/74, 504] [/74, 494] [/74, 869] [/74, 640] [/74, 706] [/74, 182] [/74, 896] [/74, 563] [/74, 970] 
best_l after optimization: -268006.8125
beta sum per layer: [0.0, 0.0, 0.0, 3.2713816165924072]
alpha/beta optimization time: 0.7738914489746094
pruning_in_iteration open status: False
ratio of positive domain = 0 / 256 = 0.0
pruning-in-iteration extra time: 0.002361297607421875
torch.Size([256, 1])
Time: prepare 0.0031    bound 0.7776    transfer 0.0152    finalize 0.0976    func 0.8935    
Accumulated time: func 104.4688    prepare 1.4878    bound 88.7368    transfer 0.8202    finalize 14.3523    
max lb tensor(-922.) min lb tensor(-1168.)
Number of Verified Splits: 0 of 256
Current worst splitting domains lb-rhs (depth):
-1168.00000 (16), -1168.00000 (96), -1168.00000 (120), -1168.00000 (7), -1168.00000 (150), -1168.00000 (48), -1168.00000 (64), -1168.00000 (30), -1168.00000 (38), -1168.00000 (81), -1168.00000 (137), -1168.00000 (128), -1168.00000 (109), -1168.00000 (25), -1168.00000 (96), -1168.00000 (143), -1168.00000 (64), -1168.00000 (81), -1168.00000 (7), -1168.00000 (108), 
Length of domains: 19368
Current (lb-rhs): -1168.0
38652 domains visited
Time: pickout 0.0506    decision 0.4027    set_bounds 0.0064    solve 0.8940    add 0.0949    
Accumulated time: pickout 6.1889    decision 29.4444    set_bounds 1.0526    solve 104.5754    add 24.1916    
Cumulative time: 165.9416434764862

BaB round 153
batch: 128
splitting decisions: 
split level 0: [/74, 435] [/74, 32] [/74, 706] [/74, 640] [/74, 268] [/74, 751] [/74, 977] [/74, 617] [/74, 367] [/74, 504] 
best_l after optimization: -268005.6875
beta sum per layer: [0.0, 0.0, 0.0, 3.1326465606689453]
alpha/beta optimization time: 0.8051629066467285
pruning_in_iteration open status: False
ratio of positive domain = 0 / 256 = 0.0
pruning-in-iteration extra time: 0.00010395050048828125
torch.Size([256, 1])
Time: prepare 0.0030    bound 0.8066    transfer 0.0136    finalize 0.1018    func 0.9251    
Accumulated time: func 105.3940    prepare 1.5145    bound 89.5435    transfer 0.8339    finalize 14.4541    
max lb tensor(-922.) min lb tensor(-1168.)
Number of Verified Splits: 0 of 256
Current worst splitting domains lb-rhs (depth):
-1168.00000 (80), -1168.00000 (37), -1168.00000 (143), -1168.00000 (79), -1168.00000 (10), -1168.00000 (106), -1168.00000 (143), -1168.00000 (79), -1168.00000 (56), -1168.00000 (11), -1168.00000 (119), -1168.00000 (106), -1168.00000 (142), -1168.00000 (57), -1168.00000 (27), -1168.00000 (56), -1168.00000 (37), -1168.00000 (80), -1168.00000 (142), -1168.00000 (11), 
Length of domains: 19496
Current (lb-rhs): -1168.0
38908 domains visited
Time: pickout 0.0450    decision 0.3276    set_bounds 0.0064    solve 0.9257    add 0.0986    
Accumulated time: pickout 6.2339    decision 29.7720    set_bounds 1.0589    solve 105.5011    add 24.2903    
Cumulative time: 167.34906649589539

BaB round 154
batch: 128
splitting decisions: 
split level 0: [/74, 940] [/74, 411] [/74, 411] [/74, 268] [/74, 188] [/74, 995] [/74, 156] [/74, 940] [/74, 553] [/74, 494] 
best_l after optimization: -268005.0
beta sum per layer: [0.0, 0.0, 0.0, 3.1097042560577393]
alpha/beta optimization time: 0.845069408416748
pruning_in_iteration open status: False
ratio of positive domain = 0 / 256 = 0.0
pruning-in-iteration extra time: 0.0023081302642822266
torch.Size([256, 1])
Time: prepare 0.0030    bound 0.8487    transfer 0.0225    finalize 0.1013    func 0.9756    
Accumulated time: func 106.3696    prepare 1.5191    bound 90.3921    transfer 0.8563    finalize 14.5554    
max lb tensor(-922.) min lb tensor(-1168.)
Number of Verified Splits: 0 of 256
Current worst splitting domains lb-rhs (depth):
-1168.00000 (84), -1168.00000 (113), -1168.00000 (11), -1168.00000 (96), -1168.00000 (128), -1168.00000 (149), -1168.00000 (84), -1168.00000 (39), -1168.00000 (61), -1168.00000 (11), -1168.00000 (112), -1168.00000 (39), -1168.00000 (129), -1168.00000 (61), -1168.00000 (62), -1168.00000 (149), -1168.00000 (96), -1168.00000 (11), -1168.00000 (39), -1168.00000 (112), 
Length of domains: 19624
Current (lb-rhs): -1168.0
39164 domains visited
Time: pickout 0.0429    decision 0.1327    set_bounds 0.0063    solve 0.9761    add 0.0959    
Accumulated time: pickout 6.2768    decision 29.9047    set_bounds 1.0652    solve 106.4772    add 24.3861    
Cumulative time: 168.60750246047974

BaB round 155
batch: 128
splitting decisions: 
split level 0: [/74, 961] [/74, 189] [/74, 189] [/74, 653] [/74, 940] [/74, 179] [/74, 897] [/74, 649] [/74, 898] [/74, 32] 
best_l after optimization: -268004.3125
beta sum per layer: [0.0, 0.0, 0.0, 3.059175491333008]
alpha/beta optimization time: 0.8093485832214355
pruning_in_iteration open status: False
ratio of positive domain = 0 / 256 = 0.0
pruning-in-iteration extra time: 0.00010251998901367188
torch.Size([256, 1])
Time: prepare 0.0049    bound 0.8110    transfer 0.0128    finalize 0.0984    func 0.9271    
Accumulated time: func 107.2967    prepare 1.5255    bound 91.2032    transfer 0.8691    finalize 14.6538    
max lb tensor(-922.) min lb tensor(-1168.)
Number of Verified Splits: 0 of 256
Current worst splitting domains lb-rhs (depth):
-1168.00000 (59), -1168.00000 (147), -1168.00000 (95), -1168.00000 (59), -1168.00000 (109), -1168.00000 (78), -1168.00000 (9), -1168.00000 (29), -1168.00000 (147), -1168.00000 (37), -1168.00000 (120), -1168.00000 (78), -1168.00000 (47), -1168.00000 (146), -1168.00000 (9), -1168.00000 (108), -1168.00000 (78), -1168.00000 (20), -1168.00000 (132), -1168.00000 (58), 
Length of domains: 19752
Current (lb-rhs): -1168.0
39420 domains visited
Time: pickout 0.0444    decision 0.1325    set_bounds 0.0065    solve 0.9276    add 0.0952    
Accumulated time: pickout 6.3212    decision 30.0372    set_bounds 1.0718    solve 107.4048    add 24.4813    
Cumulative time: 169.81801295280457

BaB round 156
batch: 128
splitting decisions: 
split level 0: [/74, 858] [/74, 30] [/74, 30] [/74, 896] [/74, 800] [/74, 477] [/74, 685] [/74, 800] [/74, 81] [/74, 949] 
best_l after optimization: -268003.9375
beta sum per layer: [0.0, 0.0, 0.0, 3.0286035537719727]
alpha/beta optimization time: 0.8274869918823242
pruning_in_iteration open status: False
ratio of positive domain = 0 / 256 = 0.0
pruning-in-iteration extra time: 3.528594970703125e-05
torch.Size([256, 1])
Time: prepare 0.0030    bound 0.8288    transfer 0.0127    finalize 0.0989    func 0.9434    
Accumulated time: func 108.2401    prepare 1.5299    bound 92.0319    transfer 0.8817    finalize 14.7527    
max lb tensor(-922.) min lb tensor(-1168.)
Number of Verified Splits: 0 of 256
Current worst splitting domains lb-rhs (depth):
-1168.00000 (62), -1168.00000 (11), -1168.00000 (64), -1168.00000 (113), -1168.00000 (64), -1168.00000 (151), -1168.00000 (113), -1168.00000 (63), -1168.00000 (11), -1168.00000 (63), -1168.00000 (113), -1168.00000 (63), -1168.00000 (114), -1168.00000 (112), -1168.00000 (12), -1168.00000 (62), -1168.00000 (114), -1168.00000 (150), -1168.00000 (62), -1168.00000 (114), 
Length of domains: 19880
Current (lb-rhs): -1168.0
39676 domains visited
Time: pickout 0.0434    decision 0.1320    set_bounds 0.0046    solve 0.9439    add 0.0944    
Accumulated time: pickout 6.3645    decision 30.1692    set_bounds 1.0764    solve 108.3486    add 24.5757    
Cumulative time: 171.04049921035767

BaB round 157
batch: 128
splitting decisions: 
split level 0: [/74, 649] [/74, 661] [/74, 949] [/74, 617] [/74, 844] [/74, 468] [/74, 593] [/74, 844] [/74, 970] [/74, 28] 
best_l after optimization: -268003.625
beta sum per layer: [0.0, 0.0, 0.0, 3.4436774253845215]
alpha/beta optimization time: 0.8334670066833496
pruning_in_iteration open status: False
ratio of positive domain = 0 / 256 = 0.0
pruning-in-iteration extra time: 0.0001926422119140625
torch.Size([256, 1])
Time: prepare 0.0035    bound 0.8352    transfer 0.0125    finalize 0.0986    func 0.9499    
Accumulated time: func 109.1899    prepare 1.5349    bound 92.8672    transfer 0.8943    finalize 14.8513    
max lb tensor(-922.) min lb tensor(-1168.)
Number of Verified Splits: 0 of 256
Current worst splitting domains lb-rhs (depth):
-1168.00000 (94), -1168.00000 (146), -1168.00000 (11), -1168.00000 (93), -1168.00000 (49), -1168.00000 (93), -1168.00000 (49), -1168.00000 (146), -1168.00000 (94), -1168.00000 (11), -1168.00000 (49), -1168.00000 (94), -1168.00000 (145), -1168.00000 (93), -1168.00000 (48), -1168.00000 (95), -1168.00000 (12), -1168.00000 (48), -1168.00000 (145), -1168.00000 (95), 
Length of domains: 20008
Current (lb-rhs): -1168.0
39932 domains visited
Time: pickout 0.0501    decision 0.1333    set_bounds 0.0048    solve 0.9504    add 0.0930    
Accumulated time: pickout 6.4146    decision 30.3026    set_bounds 1.0812    solve 109.2990    add 24.6687    
Cumulative time: 172.27650332450867

BaB round 158
batch: 128
splitting decisions: 
split level 0: [/74, 98] [/74, 880] [/74, 28] [/74, 435] [/74, 710] [/74, 869] [/74, 393] [/74, 98] [/74, 32] [/74, 880] 
best_l after optimization: -268006.53125
beta sum per layer: [0.0, 0.0, 0.0, 3.252556800842285]
alpha/beta optimization time: 0.8975656032562256
pruning_in_iteration open status: False
ratio of positive domain = 0 / 256 = 0.0
pruning-in-iteration extra time: 0.00027561187744140625
torch.Size([256, 1])
Time: prepare 0.0080    bound 0.8993    transfer 0.0131    finalize 0.1021    func 1.0225    
Accumulated time: func 110.2124    prepare 1.5444    bound 93.7665    transfer 0.9074    finalize 14.9533    
max lb tensor(-922.) min lb tensor(-1168.)
Number of Verified Splits: 0 of 256
Current worst splitting domains lb-rhs (depth):
-1168.00000 (17), -1168.00000 (46), -1168.00000 (157), -1168.00000 (100), -1168.00000 (127), -1168.00000 (46), -1168.00000 (11), -1168.00000 (77), -1168.00000 (47), -1168.00000 (85), -1168.00000 (127), -1168.00000 (64), -1168.00000 (114), -1168.00000 (84), -1168.00000 (47), -1168.00000 (64), -1168.00000 (127), -1168.00000 (47), -1168.00000 (153), -1168.00000 (65), 
Length of domains: 20136
Current (lb-rhs): -1168.0
40188 domains visited
Time: pickout 0.0464    decision 0.1369    set_bounds 0.0048    solve 1.0230    add 0.1019    
Accumulated time: pickout 6.4610    decision 30.4394    set_bounds 1.0860    solve 110.3220    add 24.7706    
Cumulative time: 173.59347867965698

BaB round 159
batch: 128
splitting decisions: 
split level 0: [/74, 977] [/74, 950] [/74, 950] [/74, 940] [/74, 535] [/74, 289] [/74, 444] [/74, 535] [/74, 706] [/74, 950] 
best_l after optimization: -268005.75
beta sum per layer: [0.0, 0.0, 0.0, 3.197615385055542]
alpha/beta optimization time: 0.7464780807495117
pruning_in_iteration open status: False
ratio of positive domain = 0 / 256 = 0.0
pruning-in-iteration extra time: 3.886222839355469e-05
torch.Size([256, 1])
Time: prepare 0.0119    bound 0.7479    transfer 0.0138    finalize 0.1037    func 0.8773    
Accumulated time: func 111.0897    prepare 1.5786    bound 94.5144    transfer 0.9212    finalize 15.0570    
max lb tensor(-922.) min lb tensor(-1168.)
Number of Verified Splits: 0 of 256
Current worst splitting domains lb-rhs (depth):
-1168.00000 (53), -1168.00000 (7), -1168.00000 (45), -1168.00000 (118), -1168.00000 (145), -1168.00000 (33), -1168.00000 (76), -1168.00000 (100), -1168.00000 (13), -1168.00000 (150), -1168.00000 (46), -1168.00000 (136), -1168.00000 (20), -1168.00000 (100), -1168.00000 (63), -1168.00000 (132), -1168.00000 (133), -1168.00000 (77), -1168.00000 (101), -1168.00000 (90), 
Length of domains: 20264
Current (lb-rhs): -1168.0
40444 domains visited
Time: pickout 0.0456    decision 0.3691    set_bounds 0.0077    solve 0.8778    add 0.0955    
Accumulated time: pickout 6.5066    decision 30.8085    set_bounds 1.0937    solve 111.1999    add 24.8661    
Cumulative time: 174.99366235733032

BaB round 160
batch: 128
splitting decisions: 
split level 0: [/74, 156] [/74, 751] [/74, 433] [/74, 844] [/74, 182] [/74, 700] [/74, 117] [/74, 977] [/74, 187] [/74, 995] 
best_l after optimization: -268005.0
beta sum per layer: [0.0, 0.0, 0.0, 3.117088794708252]
alpha/beta optimization time: 0.710759162902832
pruning_in_iteration open status: False
ratio of positive domain = 0 / 256 = 0.0
pruning-in-iteration extra time: 3.457069396972656e-05
torch.Size([256, 1])
Time: prepare 0.0120    bound 0.7121    transfer 0.0133    finalize 0.0998    func 0.8373    
Accumulated time: func 111.9270    prepare 1.6130    bound 95.2265    transfer 0.9345    finalize 15.1568    
max lb tensor(-922.) min lb tensor(-1168.)
Number of Verified Splits: 0 of 256
Current worst splitting domains lb-rhs (depth):
-1168.00000 (101), -1168.00000 (27), -1168.00000 (6), -1168.00000 (96), -1168.00000 (110), -1168.00000 (136), -1168.00000 (43), -1168.00000 (159), -1168.00000 (37), -1168.00000 (61), -1168.00000 (80), -1168.00000 (73), -1168.00000 (100), -1168.00000 (118), -1168.00000 (94), -1168.00000 (153), -1168.00000 (32), -1168.00000 (62), -1168.00000 (14), -1168.00000 (131), 
Length of domains: 20392
Current (lb-rhs): -1168.0
40700 domains visited
Time: pickout 0.0488    decision 0.3789    set_bounds 0.0076    solve 0.8378    add 0.0957    
Accumulated time: pickout 6.5555    decision 31.1874    set_bounds 1.1012    solve 112.0377    add 24.9618    
Cumulative time: 176.36641931533813

BaB round 161
batch: 128
splitting decisions: 
split level 0: [/74, 593] [/74, 995] [/74, 477] [/74, 710] [/74, 593] [/74, 679] [/74, 633] [/74, 897] [/74, 411] [/74, 433] 
best_l after optimization: -268004.625
beta sum per layer: [0.0, 0.0, 0.0, 3.0951356887817383]
alpha/beta optimization time: 0.8083686828613281
pruning_in_iteration open status: False
ratio of positive domain = 0 / 256 = 0.0
pruning-in-iteration extra time: 0.00010228157043457031
torch.Size([256, 1])
Time: prepare 0.0032    bound 0.8098    transfer 0.0126    finalize 0.1048    func 0.9304    
Accumulated time: func 112.8575    prepare 1.6187    bound 96.0363    transfer 0.9471    finalize 15.2616    
max lb tensor(-922.) min lb tensor(-1168.)
Number of Verified Splits: 0 of 256
Current worst splitting domains lb-rhs (depth):
-1168.00000 (126), -1168.00000 (26), -1168.00000 (50), -1168.00000 (89), -1168.00000 (97), -1168.00000 (77), -1168.00000 (17), -1168.00000 (49), -1168.00000 (55), -1168.00000 (38), -1168.00000 (117), -1168.00000 (159), -1168.00000 (82), -1168.00000 (127), -1168.00000 (64), -1168.00000 (5), -1168.00000 (96), -1168.00000 (129), -1168.00000 (77), -1168.00000 (9), 
Length of domains: 20520
Current (lb-rhs): -1168.0
40956 domains visited
Time: pickout 0.0497    decision 0.3970    set_bounds 0.2452    solve 0.9309    add 0.0921    
Accumulated time: pickout 6.6052    decision 31.5844    set_bounds 1.3464    solve 112.9686    add 25.0539    
Cumulative time: 178.08523774147034

BaB round 162
batch: 128
splitting decisions: 
split level 0: [/74, 113] [/74, 33] [/74, 122] [/74, 98] [/74, 113] [/74, 581] [/74, 327] [/74, 685] [/74, 30] [/74, 477] 
best_l after optimization: -268004.375
beta sum per layer: [0.0, 0.0, 0.0, 3.0706443786621094]
alpha/beta optimization time: 0.3970162868499756
pruning_in_iteration open status: False
ratio of positive domain = 0 / 256 = 0.0
pruning-in-iteration extra time: 0.00013327598571777344
torch.Size([256, 1])
Time: prepare 0.0031    bound 0.3985    transfer 0.0123    finalize 0.0962    func 0.5102    
Accumulated time: func 113.3676    prepare 1.6233    bound 96.4348    transfer 0.9594    finalize 15.3578    
max lb tensor(-922.) min lb tensor(-1168.)
Number of Verified Splits: 0 of 256
Current worst splitting domains lb-rhs (depth):
-1168.00000 (161), -1168.00000 (137), -1168.00000 (12), -1168.00000 (89), -1168.00000 (46), -1168.00000 (156), -1168.00000 (77), -1168.00000 (6), -1168.00000 (109), -1168.00000 (126), -1168.00000 (144), -1168.00000 (132), -1168.00000 (77), -1168.00000 (89), -1168.00000 (12), -1168.00000 (54), -1168.00000 (101), -1168.00000 (39), -1168.00000 (22), -1168.00000 (76), 
Length of domains: 20648
Current (lb-rhs): -1168.0
41212 domains visited
Time: pickout 0.0451    decision 0.1314    set_bounds 0.0067    solve 0.5107    add 0.0922    
Accumulated time: pickout 6.6502    decision 31.7158    set_bounds 1.3532    solve 113.4793    add 25.1461    
Cumulative time: 178.87509727478027

BaB round 163
batch: 128
splitting decisions: 
split level 0: [/74, 756] [/74, 179] [/74, 529] [/74, 535] [/74, 799] [/74, 152] [/74, 492] [/74, 756] [/74, 949] [/74, 1012] 
best_l after optimization: -268004.0
beta sum per layer: [0.0, 0.0, 0.0, 3.0476677417755127]
alpha/beta optimization time: 0.394258975982666
pruning_in_iteration open status: False
ratio of positive domain = 0 / 256 = 0.0
pruning-in-iteration extra time: 3.409385681152344e-05
torch.Size([256, 1])
Time: prepare 0.0031    bound 0.3956    transfer 0.0122    finalize 0.0964    func 0.5074    
Accumulated time: func 113.8750    prepare 1.6278    bound 96.8304    transfer 0.9716    finalize 15.4542    
max lb tensor(-922.) min lb tensor(-1168.)
Number of Verified Splits: 0 of 256
Current worst splitting domains lb-rhs (depth):
-1168.00000 (66), -1168.00000 (21), -1168.00000 (102), -1168.00000 (155), -1168.00000 (45), -1168.00000 (91), -1168.00000 (76), -1168.00000 (139), -1168.00000 (59), -1168.00000 (55), -1168.00000 (144), -1168.00000 (158), -1168.00000 (140), -1168.00000 (151), -1168.00000 (118), -1168.00000 (55), -1168.00000 (33), -1168.00000 (86), -1168.00000 (129), -1168.00000 (47), 
Length of domains: 20776
Current (lb-rhs): -1168.0
41468 domains visited
Time: pickout 0.0432    decision 0.1288    set_bounds 0.0066    solve 0.5079    add 0.0915    
Accumulated time: pickout 6.6935    decision 31.8446    set_bounds 1.3597    solve 113.9871    add 25.2376    
Cumulative time: 179.65682578086853

BaB round 164
batch: 128
splitting decisions: 
split level 0: [/74, 905] [/74, 106] [/74, 869] [/74, 182] [/74, 633] [/74, 945] [/74, 53] [/74, 905] [/74, 28] [/74, 122] 
best_l after optimization: -268003.75
beta sum per layer: [0.0, 0.0, 0.0, 3.023350715637207]
alpha/beta optimization time: 0.3925623893737793
pruning_in_iteration open status: False
ratio of positive domain = 0 / 256 = 0.0
pruning-in-iteration extra time: 9.441375732421875e-05
torch.Size([256, 1])
Time: prepare 0.0030    bound 0.3939    transfer 0.0125    finalize 0.0940    func 0.5035    
Accumulated time: func 114.3785    prepare 1.6322    bound 97.2243    transfer 0.9841    finalize 15.5483    
max lb tensor(-922.) min lb tensor(-1168.)
Number of Verified Splits: 0 of 256
Current worst splitting domains lb-rhs (depth):
-1168.00000 (163), -1168.00000 (100), -1168.00000 (35), -1168.00000 (159), -1168.00000 (56), -1168.00000 (25), -1168.00000 (68), -1168.00000 (109), -1168.00000 (80), -1168.00000 (126), -1168.00000 (56), -1168.00000 (34), -1168.00000 (142), -1168.00000 (126), -1168.00000 (5), -1168.00000 (12), -1168.00000 (93), -1168.00000 (149), -1168.00000 (25), -1168.00000 (141), 
Length of domains: 20904
Current (lb-rhs): -1168.0
41724 domains visited
Time: pickout 0.0441    decision 0.1287    set_bounds 0.0065    solve 0.5040    add 0.0888    
Accumulated time: pickout 6.7376    decision 31.9734    set_bounds 1.3662    solve 114.4911    add 25.3264    
Cumulative time: 180.43246030807495

BaB round 165
batch: 128
splitting decisions: 
split level 0: [/74, 1021] [/74, 433] [/74, 700] [/74, 977] [/74, 327] [/74, 268] [/74, 991] [/74, 373] [/74, 880] [/74, 529] 
best_l after optimization: -268003.625
beta sum per layer: [0.0, 0.0, 0.0, 3.499284267425537]
alpha/beta optimization time: 0.4039268493652344
pruning_in_iteration open status: False
ratio of positive domain = 0 / 256 = 0.0
pruning-in-iteration extra time: 3.552436828613281e-05
torch.Size([256, 1])
Time: prepare 0.0031    bound 0.4052    transfer 0.0119    finalize 0.0942    func 0.5145    
Accumulated time: func 114.8930    prepare 1.6367    bound 97.6295    transfer 0.9960    finalize 15.6425    
max lb tensor(-922.) min lb tensor(-1168.)
Number of Verified Splits: 0 of 256
Current worst splitting domains lb-rhs (depth):
-1168.00000 (38), -1168.00000 (117), -1168.00000 (80), -1168.00000 (18), -1168.00000 (46), -1168.00000 (117), -1168.00000 (14), -1168.00000 (106), -1168.00000 (144), -1168.00000 (162), -1168.00000 (5), -1168.00000 (132), -1168.00000 (91), -1168.00000 (81), -1168.00000 (149), -1168.00000 (64), -1168.00000 (57), -1168.00000 (24), -1168.00000 (106), -1168.00000 (80), 
Length of domains: 21032
Current (lb-rhs): -1168.0
41980 domains visited
Time: pickout 0.0420    decision 0.1296    set_bounds 0.0066    solve 0.5150    add 0.0897    
Accumulated time: pickout 6.7796    decision 32.1030    set_bounds 1.3728    solve 115.0061    add 25.4161    
Cumulative time: 181.21839904785156

BaB round 166
batch: 128
splitting decisions: 
split level 0: [/74, 393] [/74, 1020] [/74, 152] [/74, 156] [/74, 492] [/74, 617] [/74, 255] [/74, 1021] [/74, 950] [/74, 869] 
best_l after optimization: -268006.3125
beta sum per layer: [0.0, 0.0, 0.0, 3.2275290489196777]
alpha/beta optimization time: 0.40332937240600586
pruning_in_iteration open status: False
ratio of positive domain = 0 / 256 = 0.0
pruning-in-iteration extra time: 8.559226989746094e-05
torch.Size([256, 1])
Time: prepare 0.0030    bound 0.4047    transfer 0.0136    finalize 0.1028    func 0.5242    
Accumulated time: func 115.4172    prepare 1.6411    bound 98.0342    transfer 1.0096    finalize 15.7453    
max lb tensor(-922.) min lb tensor(-1168.)
Number of Verified Splits: 0 of 256
Current worst splitting domains lb-rhs (depth):
-1168.00000 (77), -1168.00000 (6), -1168.00000 (48), -1168.00000 (126), -1168.00000 (82), -1168.00000 (132), -1168.00000 (83), -1168.00000 (11), -1168.00000 (92), -1168.00000 (80), -1168.00000 (32), -1168.00000 (137), -1168.00000 (153), -1168.00000 (64), -1168.00000 (38), -1168.00000 (28), -1168.00000 (89), -1168.00000 (69), -1168.00000 (119), -1168.00000 (113), 
Length of domains: 21160
Current (lb-rhs): -1168.0
42236 domains visited
Time: pickout 0.0416    decision 0.1296    set_bounds 0.0063    solve 0.5247    add 0.0944    
Accumulated time: pickout 6.8212    decision 32.2325    set_bounds 1.3791    solve 115.5308    add 25.5104    
Cumulative time: 182.0196235179901

BaB round 167
batch: 128
splitting decisions: 
split level 0: [/74, 444] [/74, 468] [/74, 945] [/74, 685] [/74, 53] [/74, 858] [/74, 583] [/74, 117] [/74, 751] [/74, 289] 
best_l after optimization: -268005.34375
beta sum per layer: [0.0, 0.0, 0.0, 3.1623876094818115]
alpha/beta optimization time: 0.4010508060455322
pruning_in_iteration open status: False
ratio of positive domain = 0 / 256 = 0.0
pruning-in-iteration extra time: 3.719329833984375e-05
torch.Size([256, 1])
Time: prepare 0.0032    bound 0.4024    transfer 0.0124    finalize 0.0915    func 0.5095    
Accumulated time: func 115.9267    prepare 1.6462    bound 98.4367    transfer 1.0221    finalize 15.8368    
max lb tensor(-922.) min lb tensor(-1168.)
Number of Verified Splits: 0 of 256
Current worst splitting domains lb-rhs (depth):
-1168.00000 (69), -1168.00000 (75), -1168.00000 (56), -1168.00000 (48), -1168.00000 (25), -1168.00000 (155), -1168.00000 (6), -1168.00000 (163), -1168.00000 (36), -1168.00000 (121), -1168.00000 (81), -1168.00000 (94), -1168.00000 (65), -1168.00000 (136), -1168.00000 (11), -1168.00000 (105), -1168.00000 (26), -1168.00000 (136), -1168.00000 (121), -1168.00000 (95), 
Length of domains: 21288
Current (lb-rhs): -1168.0
42492 domains visited
Time: pickout 0.0447    decision 0.1331    set_bounds 0.0067    solve 0.5100    add 0.0861    
Accumulated time: pickout 6.8659    decision 32.3657    set_bounds 1.3858    solve 116.0409    add 25.5965    
Cumulative time: 182.8031702041626

BaB round 168
batch: 128
splitting decisions: 
split level 0: [/74, 117] [/74, 1012] [/74, 9] [/74, 593] [/74, 772] [/74, 800] [/74, 978] [/74, 206] [/74, 33] [/74, 700] 
best_l after optimization: -268005.0
beta sum per layer: [0.0, 0.0, 0.0, 3.136509895324707]
alpha/beta optimization time: 0.3910844326019287
pruning_in_iteration open status: False
ratio of positive domain = 0 / 256 = 0.0
pruning-in-iteration extra time: 3.2901763916015625e-05
torch.Size([256, 1])
Time: prepare 0.0031    bound 0.3925    transfer 0.0117    finalize 0.0902    func 0.4974    
Accumulated time: func 116.4241    prepare 1.6506    bound 98.8291    transfer 1.0337    finalize 15.9270    
max lb tensor(-922.) min lb tensor(-1168.)
Number of Verified Splits: 0 of 256
Current worst splitting domains lb-rhs (depth):
-1168.00000 (75), -1168.00000 (164), -1168.00000 (76), -1168.00000 (116), -1168.00000 (35), -1168.00000 (76), -1168.00000 (75), -1168.00000 (10), -1168.00000 (116), -1168.00000 (145), -1168.00000 (35), -1168.00000 (75), -1168.00000 (117), -1168.00000 (116), -1168.00000 (164), -1168.00000 (117), -1168.00000 (74), -1168.00000 (10), -1168.00000 (36), -1168.00000 (145), 
Length of domains: 21416
Current (lb-rhs): -1168.0
42748 domains visited
Time: pickout 0.0412    decision 0.1289    set_bounds 0.0065    solve 0.4980    add 0.0872    
Accumulated time: pickout 6.9071    decision 32.4946    set_bounds 1.3923    solve 116.5388    add 25.6837    
Cumulative time: 183.56789302825928

BaB round 169
batch: 128
splitting decisions: 
split level 0: [/74, 485] [/74, 700] [/74, 268] [/74, 756] [/74, 991] [/74, 710] [/74, 981] [/74, 327] [/74, 179] [/74, 640] 
best_l after optimization: -268004.40625
beta sum per layer: [0.0, 0.0, 0.0, 3.0921411514282227]
alpha/beta optimization time: 0.3993055820465088
pruning_in_iteration open status: False
ratio of positive domain = 0 / 256 = 0.0
pruning-in-iteration extra time: 0.00011134147644042969
torch.Size([256, 1])
Time: prepare 0.0031    bound 0.4007    transfer 0.0119    finalize 0.0916    func 0.5074    
Accumulated time: func 116.9315    prepare 1.6551    bound 99.2298    transfer 1.0456    finalize 16.0186    
max lb tensor(-922.) min lb tensor(-1168.)
Number of Verified Splits: 0 of 256
Current worst splitting domains lb-rhs (depth):
-1168.00000 (24), -1168.00000 (38), -1168.00000 (140), -1168.00000 (67), -1168.00000 (105), -1168.00000 (120), -1168.00000 (160), -1168.00000 (17), -1168.00000 (80), -1168.00000 (150), -1168.00000 (166), -1168.00000 (49), -1168.00000 (39), -1168.00000 (120), -1168.00000 (141), -1168.00000 (89), -1168.00000 (106), -1168.00000 (67), -1168.00000 (61), -1168.00000 (140), 
Length of domains: 21544
Current (lb-rhs): -1168.0
43004 domains visited
Time: pickout 0.0425    decision 0.1295    set_bounds 0.0065    solve 0.5079    add 0.0872    
Accumulated time: pickout 6.9496    decision 32.6241    set_bounds 1.3988    solve 117.0467    add 25.7709    
Cumulative time: 184.34441447257996

BaB round 170
batch: 128
splitting decisions: 
split level 0: [/74, 206] [/74, 679] [/74, 653] [/74, 373] [/74, 709] [/74, 98] [/74, 46] [/74, 991] [/74, 433] [/74, 268] 
best_l after optimization: -268004.1875
beta sum per layer: [0.0, 0.0, 0.0, 3.081275463104248]
alpha/beta optimization time: 0.3954346179962158
pruning_in_iteration open status: False
ratio of positive domain = 0 / 256 = 0.0
pruning-in-iteration extra time: 8.726119995117188e-05
torch.Size([256, 1])
Time: prepare 0.0031    bound 0.3968    transfer 0.0118    finalize 0.0916    func 0.5034    
Accumulated time: func 117.4349    prepare 1.6596    bound 99.6267    transfer 1.0574    finalize 16.1102    
max lb tensor(-922.) min lb tensor(-1168.)
Number of Verified Splits: 0 of 256
Current worst splitting domains lb-rhs (depth):
-1168.00000 (50), -1168.00000 (30), -1168.00000 (96), -1168.00000 (79), -1168.00000 (162), -1168.00000 (68), -1168.00000 (137), -1168.00000 (50), -1168.00000 (14), -1168.00000 (137), -1168.00000 (123), -1168.00000 (99), -1168.00000 (6), -1168.00000 (50), -1168.00000 (85), -1168.00000 (136), -1168.00000 (68), -1168.00000 (115), -1168.00000 (111), -1168.00000 (24), 
Length of domains: 21672
Current (lb-rhs): -1168.0
43260 domains visited
Time: pickout 0.0442    decision 0.1297    set_bounds 0.0065    solve 0.5039    add 0.0858    
Accumulated time: pickout 6.9938    decision 32.7539    set_bounds 1.4053    solve 117.5506    add 25.8567    
Cumulative time: 185.11741375923157

BaB round 171
batch: 128
splitting decisions: 
split level 0: [/74, 53] [/74, 711] [/74, 188] [/74, 393] [/74, 255] [/74, 535] [/74, 230] [/74, 225] [/74, 1020] [/74, 896] 
best_l after optimization: -268004.0
beta sum per layer: [0.0, 0.0, 0.0, 3.0598082542419434]
alpha/beta optimization time: 0.39470362663269043
pruning_in_iteration open status: False
ratio of positive domain = 0 / 256 = 0.0
pruning-in-iteration extra time: 3.528594970703125e-05
torch.Size([256, 1])
Time: prepare 0.0030    bound 0.3960    transfer 0.0120    finalize 0.0936    func 0.5046    
Accumulated time: func 117.9396    prepare 1.6641    bound 100.0227    transfer 1.0694    finalize 16.2038    
max lb tensor(-922.) min lb tensor(-1168.)
Number of Verified Splits: 0 of 256
Current worst splitting domains lb-rhs (depth):
-1168.00000 (84), -1168.00000 (11), -1168.00000 (100), -1168.00000 (55), -1168.00000 (6), -1168.00000 (167), -1168.00000 (31), -1168.00000 (132), -1168.00000 (160), -1168.00000 (66), -1168.00000 (121), -1168.00000 (149), -1168.00000 (99), -1168.00000 (55), -1168.00000 (39), -1168.00000 (19), -1168.00000 (121), -1168.00000 (99), -1168.00000 (84), -1168.00000 (144), 
Length of domains: 21800
Current (lb-rhs): -1168.0
43516 domains visited
Time: pickout 0.0414    decision 0.1291    set_bounds 0.0065    solve 0.5051    add 0.0921    
Accumulated time: pickout 7.0352    decision 32.8829    set_bounds 1.4118    solve 118.0557    add 25.9488    
Cumulative time: 185.89568209648132

BaB round 172
batch: 128
splitting decisions: 
split level 0: [/74, 772] [/74, 825] [/74, 435] [/74, 444] [/74, 583] [/74, 977] [/74, 260] [/74, 255] [/74, 1012] [/74, 940] 
best_l after optimization: -268003.875
beta sum per layer: [0.0, 0.0, 0.0, 3.6106131076812744]
alpha/beta optimization time: 0.45635437965393066
pruning_in_iteration open status: False
ratio of positive domain = 0 / 256 = 0.0
pruning-in-iteration extra time: 0.0001163482666015625
torch.Size([256, 1])
Time: prepare 0.0031    bound 0.4578    transfer 0.0128    finalize 0.0958    func 0.5694    
Accumulated time: func 118.5090    prepare 1.6689    bound 100.4805    transfer 1.0821    finalize 16.2996    
max lb tensor(-922.) min lb tensor(-1168.)
Number of Verified Splits: 0 of 256
Current worst splitting domains lb-rhs (depth):
-1168.00000 (81), -1168.00000 (52), -1168.00000 (81), -1168.00000 (145), -1168.00000 (7), -1168.00000 (18), -1168.00000 (95), -1168.00000 (106), -1168.00000 (162), -1168.00000 (65), -1168.00000 (116), -1168.00000 (31), -1168.00000 (137), -1168.00000 (53), -1168.00000 (128), -1168.00000 (152), -1168.00000 (18), -1168.00000 (41), -1168.00000 (137), -1168.00000 (169), 
Length of domains: 21928
Current (lb-rhs): -1168.0
43772 domains visited
Time: pickout 0.0476    decision 0.1355    set_bounds 0.0066    solve 0.5699    add 0.0917    
Accumulated time: pickout 7.0828    decision 33.0184    set_bounds 1.4184    solve 118.6257    add 26.0405    
Cumulative time: 186.7512891292572

BaB round 173
batch: 128
splitting decisions: 
split level 0: [/74, 225] [/74, 152] [/74, 940] [/74, 117] [/74, 978] [/74, 156] [/74, 907] [/74, 583] [/74, 122] [/74, 961] 
best_l after optimization: -268006.78125
beta sum per layer: [0.0, 0.0, 0.0, 3.37075138092041]
alpha/beta optimization time: 0.6544086933135986
pruning_in_iteration open status: False
ratio of positive domain = 0 / 256 = 0.0
pruning-in-iteration extra time: 0.0002751350402832031
torch.Size([256, 1])
Time: prepare 0.0033    bound 0.6560    transfer 0.0128    finalize 0.0960    func 0.7681    
Accumulated time: func 119.2772    prepare 1.6736    bound 101.1365    transfer 1.0950    finalize 16.3956    
max lb tensor(-922.) min lb tensor(-1168.)
Number of Verified Splits: 0 of 256
Current worst splitting domains lb-rhs (depth):
-1168.00000 (12), -1168.00000 (161), -1168.00000 (46), -1168.00000 (114), -1168.00000 (161), -1168.00000 (114), -1168.00000 (12), -1168.00000 (46), -1168.00000 (114), -1168.00000 (72), -1168.00000 (78), -1168.00000 (160), -1168.00000 (45), -1168.00000 (115), -1168.00000 (12), -1168.00000 (88), -1168.00000 (64), -1168.00000 (160), -1168.00000 (45), -1168.00000 (115), 
Length of domains: 22056
Current (lb-rhs): -1168.0
44028 domains visited
Time: pickout 0.0467    decision 0.1372    set_bounds 0.0067    solve 0.7686    add 0.0968    
Accumulated time: pickout 7.1296    decision 33.1556    set_bounds 1.4250    solve 119.3943    add 26.1373    
Cumulative time: 187.81165552139282

BaB round 174
batch: 128
splitting decisions: 
split level 0: [/74, 583] [/74, 640] [/74, 961] [/74, 633] [/74, 981] [/74, 897] [/74, 47] [/74, 343] [/74, 529] [/74, 858] 
best_l after optimization: -268005.5625
beta sum per layer: [0.0, 0.0, 0.0, 3.2558979988098145]
alpha/beta optimization time: 0.9117093086242676
pruning_in_iteration open status: False
ratio of positive domain = 0 / 256 = 0.0
pruning-in-iteration extra time: 0.00024509429931640625
torch.Size([256, 1])
Time: prepare 0.0034    bound 0.9133    transfer 0.0125    finalize 0.1056    func 1.0348    
Accumulated time: func 120.3120    prepare 1.6880    bound 102.0498    transfer 1.1074    finalize 16.5012    
max lb tensor(-922.) min lb tensor(-1168.)
Number of Verified Splits: 0 of 256
Current worst splitting domains lb-rhs (depth):
-1168.00000 (101), -1168.00000 (90), -1168.00000 (167), -1168.00000 (107), -1168.00000 (21), -1168.00000 (70), -1168.00000 (13), -1168.00000 (139), -1168.00000 (117), -1168.00000 (53), -1168.00000 (161), -1168.00000 (64), -1168.00000 (92), -1168.00000 (6), -1168.00000 (112), -1168.00000 (28), -1168.00000 (147), -1168.00000 (42), -1168.00000 (60), -1168.00000 (36), 
Length of domains: 22184
Current (lb-rhs): -1168.0
44284 domains visited
Time: pickout 0.0504    decision 0.3208    set_bounds 0.0073    solve 1.0353    add 0.0984    
Accumulated time: pickout 7.1800    decision 33.4764    set_bounds 1.4323    solve 120.4296    add 26.2357    
Cumulative time: 189.3282494544983

BaB round 175
batch: 128
splitting decisions: 
split level 0: [/74, 343] [/74, 945] [/74, 858] [/74, 485] [/74, 907] [/74, 685] [/74, 515] [/74, 46] [/74, 289] [/74, 800] 
best_l after optimization: -268005.0625
beta sum per layer: [0.0, 0.0, 0.0, 3.208904266357422]
alpha/beta optimization time: 0.41800427436828613
pruning_in_iteration open status: False
ratio of positive domain = 0 / 256 = 0.0
pruning-in-iteration extra time: 0.00022482872009277344
torch.Size([256, 1])
Time: prepare 0.0031    bound 0.4195    transfer 0.0132    finalize 0.0992    func 0.5349    
Accumulated time: func 120.8469    prepare 1.7018    bound 102.4693    transfer 1.1206    finalize 16.6003    
max lb tensor(-922.) min lb tensor(-1168.)
Number of Verified Splits: 0 of 256
Current worst splitting domains lb-rhs (depth):
-1168.00000 (137), -1168.00000 (37), -1168.00000 (111), -1168.00000 (163), -1168.00000 (153), -1168.00000 (50), -1168.00000 (59), -1168.00000 (98), -1168.00000 (79), -1168.00000 (68), -1168.00000 (128), -1168.00000 (128), -1168.00000 (110), -1168.00000 (30), -1168.00000 (11), -1168.00000 (86), -1168.00000 (88), -1168.00000 (19), -1168.00000 (171), -1168.00000 (37), 
Length of domains: 22312
Current (lb-rhs): -1168.0
44540 domains visited
Time: pickout 0.0564    decision 0.3279    set_bounds 0.0066    solve 0.5354    add 0.0931    
Accumulated time: pickout 7.2363    decision 33.8043    set_bounds 1.4389    solve 120.9650    add 26.3288    
Cumulative time: 190.3521592617035

BaB round 176
batch: 128
splitting decisions: 
split level 0: [/74, 230] [/74, 9] [/74, 710] [/74, 206] [/74, 334] [/74, 799] [/74, 873] [/74, 907] [/74, 679] [/74, 844] 
best_l after optimization: -268004.5625
beta sum per layer: [0.0, 0.0, 0.0, 3.1608519554138184]
alpha/beta optimization time: 0.40427422523498535
pruning_in_iteration open status: False
ratio of positive domain = 0 / 256 = 0.0
pruning-in-iteration extra time: 4.2438507080078125e-05
torch.Size([256, 1])
Time: prepare 0.0030    bound 0.4056    transfer 0.0130    finalize 0.0989    func 0.5206    
Accumulated time: func 121.3675    prepare 1.7063    bound 102.8750    transfer 1.1336    finalize 16.6992    
max lb tensor(-922.) min lb tensor(-1168.)
Number of Verified Splits: 0 of 256
Current worst splitting domains lb-rhs (depth):
-1168.00000 (7), -1168.00000 (146), -1168.00000 (131), -1168.00000 (90), -1168.00000 (114), -1168.00000 (46), -1168.00000 (21), -1168.00000 (125), -1168.00000 (146), -1168.00000 (46), -1168.00000 (89), -1168.00000 (67), -1168.00000 (174), -1168.00000 (74), -1168.00000 (14), -1168.00000 (114), -1168.00000 (164), -1168.00000 (145), -1168.00000 (46), -1168.00000 (89), 
Length of domains: 22440
Current (lb-rhs): -1168.0
44796 domains visited
Time: pickout 0.0461    decision 0.1302    set_bounds 0.0066    solve 0.5211    add 0.0921    
Accumulated time: pickout 7.2824    decision 33.9345    set_bounds 1.4454    solve 121.4861    add 26.4209    
Cumulative time: 191.15285420417786

BaB round 177
batch: 128
splitting decisions: 
split level 0: [/74, 334] [/74, 653] [/74, 535] [/74, 492] [/74, 759] [/74, 905] [/74, 108] [/74, 47] [/74, 268] [/74, 98] 
best_l after optimization: -268004.53125
beta sum per layer: [0.0, 0.0, 0.0, 3.1609058380126953]
alpha/beta optimization time: 0.5695974826812744
pruning_in_iteration open status: False
ratio of positive domain = 0 / 256 = 0.0
pruning-in-iteration extra time: 0.00026988983154296875
torch.Size([256, 1])
Time: prepare 0.0034    bound 0.5712    transfer 0.0135    finalize 0.0989    func 0.6870    
Accumulated time: func 122.0545    prepare 1.7133    bound 103.4462    transfer 1.1471    finalize 16.7981    
max lb tensor(-922.) min lb tensor(-1168.)
Number of Verified Splits: 0 of 256
Current worst splitting domains lb-rhs (depth):
-1168.00000 (135), -1168.00000 (159), -1168.00000 (66), -1168.00000 (115), -1168.00000 (135), -1168.00000 (80), -1168.00000 (123), -1168.00000 (16), -1168.00000 (106), -1168.00000 (159), -1168.00000 (89), -1168.00000 (90), -1168.00000 (173), -1168.00000 (34), -1168.00000 (16), -1168.00000 (54), -1168.00000 (160), -1168.00000 (107), -1168.00000 (67), -1168.00000 (42), 
Length of domains: 22568
Current (lb-rhs): -1168.0
45052 domains visited
Time: pickout 0.0462    decision 0.1758    set_bounds 0.0071    solve 0.6875    add 0.0934    
Accumulated time: pickout 7.3286    decision 34.1103    set_bounds 1.4525    solve 122.1736    add 26.5143    
Cumulative time: 192.1672887802124

BaB round 178
batch: 128
splitting decisions: 
split level 0: [/74, 47] [/74, 617] [/74, 977] [/74, 53] [/74, 515] [/74, 373] [/74, 612] [/74, 759] [/74, 653] [/74, 182] 
best_l after optimization: -268004.25
beta sum per layer: [0.0, 0.0, 0.0, 3.1168787479400635]
alpha/beta optimization time: 0.5856959819793701
pruning_in_iteration open status: False
ratio of positive domain = 0 / 256 = 0.0
pruning-in-iteration extra time: 3.7670135498046875e-05
torch.Size([256, 1])
Time: prepare 0.0031    bound 0.5870    transfer 0.0135    finalize 0.1032    func 0.7070    
Accumulated time: func 122.7615    prepare 1.7187    bound 104.0332    transfer 1.1606    finalize 16.9014    
max lb tensor(-922.) min lb tensor(-1168.)
Number of Verified Splits: 0 of 256
Current worst splitting domains lb-rhs (depth):
-1168.00000 (149), -1168.00000 (81), -1168.00000 (122), -1168.00000 (43), -1168.00000 (150), -1168.00000 (97), -1168.00000 (169), -1168.00000 (16), -1168.00000 (60), -1168.00000 (71), -1168.00000 (43), -1168.00000 (129), -1168.00000 (81), -1168.00000 (176), -1168.00000 (107), -1168.00000 (44), -1168.00000 (16), -1168.00000 (122), -1168.00000 (137), -1168.00000 (6), 
Length of domains: 22696
Current (lb-rhs): -1168.0
45308 domains visited
Time: pickout 0.0454    decision 0.1884    set_bounds 0.0079    solve 0.7075    add 0.0958    
Accumulated time: pickout 7.3740    decision 34.2986    set_bounds 1.4605    solve 122.8811    add 26.6101    
Cumulative time: 193.21699118614197

BaB round 179
batch: 128
splitting decisions: 
split level 0: [/74, 873] [/74, 940] [/74, 799] [/74, 709] [/74, 873] [/74, 1021] [/74, 15] [/74, 515] [/74, 188] [/74, 156] 
best_l after optimization: -268003.9375
beta sum per layer: [0.0, 0.0, 0.0, 3.1016106605529785]
alpha/beta optimization time: 0.647557258605957
pruning_in_iteration open status: False
ratio of positive domain = 0 / 256 = 0.0
pruning-in-iteration extra time: 4.363059997558594e-05
torch.Size([256, 1])
Time: prepare 0.0047    bound 0.6489    transfer 0.0136    finalize 0.1033    func 0.7706    
Accumulated time: func 123.5320    prepare 1.7276    bound 104.6821    transfer 1.1742    finalize 17.0047    
max lb tensor(-922.) min lb tensor(-1168.)
Number of Verified Splits: 0 of 256
Current worst splitting domains lb-rhs (depth):
-1168.00000 (97), -1168.00000 (133), -1168.00000 (37), -1168.00000 (96), -1168.00000 (171), -1168.00000 (63), -1168.00000 (132), -1168.00000 (96), -1168.00000 (22), -1168.00000 (9), -1168.00000 (63), -1168.00000 (171), -1168.00000 (37), -1168.00000 (96), -1168.00000 (153), -1168.00000 (132), -1168.00000 (97), -1168.00000 (62), -1168.00000 (132), -1168.00000 (37), 
Length of domains: 22824
Current (lb-rhs): -1168.0
45564 domains visited
Time: pickout 0.0460    decision 0.1990    set_bounds 0.0104    solve 0.7712    add 0.0998    
Accumulated time: pickout 7.4200    decision 34.4976    set_bounds 1.4709    solve 123.6522    add 26.7100    
Cumulative time: 194.34783625602722

BaB round 180
batch: 128
splitting decisions: 
split level 0: [/74, 866] [/74, 961] [/74, 905] [/74, 255] [/74, 866] [/74, 444] [/74, 476] [/74, 873] [/74, 896] [/74, 897] 
best_l after optimization: -268003.78125
beta sum per layer: [0.0, 0.0, 0.0, 3.087937831878662]
alpha/beta optimization time: 0.651498556137085
pruning_in_iteration open status: False
ratio of positive domain = 0 / 256 = 0.0
pruning-in-iteration extra time: 0.00010776519775390625
torch.Size([256, 1])
Time: prepare 0.0031    bound 0.6529    transfer 0.0126    finalize 0.1082    func 0.7769    
Accumulated time: func 124.3089    prepare 1.7370    bound 105.3350    transfer 1.1868    finalize 17.1129    
max lb tensor(-922.) min lb tensor(-1168.)
Number of Verified Splits: 0 of 256
Current worst splitting domains lb-rhs (depth):
-1168.00000 (179), -1168.00000 (60), -1168.00000 (86), -1168.00000 (52), -1168.00000 (174), -1168.00000 (109), -1168.00000 (18), -1168.00000 (134), -1168.00000 (115), -1168.00000 (102), -1168.00000 (93), -1168.00000 (159), -1168.00000 (170), -1168.00000 (33), -1168.00000 (5), -1168.00000 (121), -1168.00000 (67), -1168.00000 (12), -1168.00000 (86), -1168.00000 (19), 
Length of domains: 22952
Current (lb-rhs): -1168.0
45820 domains visited
Time: pickout 0.0473    decision 0.1962    set_bounds 0.0070    solve 0.7773    add 0.0960    
Accumulated time: pickout 7.4673    decision 34.6939    set_bounds 1.4779    solve 124.4296    add 26.8060    
Cumulative time: 195.4763584136963

BaB round 181
batch: 128
splitting decisions: 
split level 0: [/74, 108] [/74, 858] [/74, 444] [/74, 583] [/74, 432] [/74, 117] [/74, 767] [/74, 612] [/74, 617] [/74, 799] 
best_l after optimization: -268003.625
beta sum per layer: [0.0, 0.0, 0.0, 3.059877634048462]
alpha/beta optimization time: 0.6400375366210938
pruning_in_iteration open status: False
ratio of positive domain = 0 / 256 = 0.0
pruning-in-iteration extra time: 0.00011491775512695312
torch.Size([256, 1])
Time: prepare 0.0116    bound 0.6415    transfer 0.0130    finalize 0.0986    func 0.7647    
Accumulated time: func 125.0736    prepare 1.7510    bound 105.9765    transfer 1.1997    finalize 17.2115    
max lb tensor(-922.) min lb tensor(-1168.)
Number of Verified Splits: 0 of 256
Current worst splitting domains lb-rhs (depth):
-1168.00000 (161), -1168.00000 (114), -1168.00000 (99), -1168.00000 (32), -1168.00000 (24), -1168.00000 (6), -1168.00000 (177), -1168.00000 (70), -1168.00000 (88), -1168.00000 (13), -1168.00000 (141), -1168.00000 (122), -1168.00000 (63), -1168.00000 (152), -1168.00000 (155), -1168.00000 (140), -1168.00000 (109), -1168.00000 (19), -1168.00000 (88), -1168.00000 (46), 
Length of domains: 23080
Current (lb-rhs): -1168.0
46076 domains visited
Time: pickout 0.0472    decision 0.1974    set_bounds 0.0099    solve 0.7652    add 0.0917    
Accumulated time: pickout 7.5146    decision 34.8913    set_bounds 1.4878    solve 125.1948    add 26.8977    
Cumulative time: 196.592139005661

BaB round 182
batch: 128
splitting decisions: 
split level 0: [/74, 612] [/74, 649] [/74, 117] [/74, 343] [/74, 571] [/74, 485] [/74, 853] [/74, 432] [/74, 858] [/74, 1021] 
best_l after optimization: -268003.4375
beta sum per layer: [0.0, 0.0, 0.0, 3.049056053161621]
alpha/beta optimization time: 0.7375881671905518
pruning_in_iteration open status: False
ratio of positive domain = 0 / 256 = 0.0
pruning-in-iteration extra time: 5.555152893066406e-05
torch.Size([256, 1])
Time: prepare 0.0037    bound 0.7390    transfer 0.0139    finalize 0.1033    func 0.8600    
Accumulated time: func 125.9336    prepare 1.7628    bound 106.7155    transfer 1.2137    finalize 17.3148    
max lb tensor(-922.) min lb tensor(-1168.)
Number of Verified Splits: 0 of 256
Current worst splitting domains lb-rhs (depth):
-1168.00000 (156), -1168.00000 (126), -1168.00000 (81), -1168.00000 (63), -1168.00000 (67), -1168.00000 (96), -1168.00000 (72), -1168.00000 (102), -1168.00000 (163), -1168.00000 (30), -1168.00000 (7), -1168.00000 (133), -1168.00000 (174), -1168.00000 (21), -1168.00000 (53), -1168.00000 (40), -1168.00000 (82), -1168.00000 (14), -1168.00000 (126), -1168.00000 (29), 
Length of domains: 23208
Current (lb-rhs): -1168.0
46332 domains visited
Time: pickout 0.0462    decision 0.2089    set_bounds 0.0068    solve 0.8605    add 0.0994    
Accumulated time: pickout 7.5608    decision 35.1001    set_bounds 1.4945    solve 126.0552    add 26.9970    
Cumulative time: 197.8180022239685

BaB round 183
batch: 128
splitting decisions: 
split level 0: [/74, 15] [/74, 800] [/74, 633] [/74, 46] [/74, 651] [/74, 327] [/74, 176] [/74, 235] [/74, 800] [/74, 393] 
best_l after optimization: -268003.3125
beta sum per layer: [0.0, 0.0, 0.0, 3.6949424743652344]
alpha/beta optimization time: 0.9000608921051025
pruning_in_iteration open status: False
ratio of positive domain = 0 / 256 = 0.0
pruning-in-iteration extra time: 0.0002658367156982422
torch.Size([256, 1])
Time: prepare 0.0073    bound 0.9016    transfer 0.0126    finalize 0.0981    func 1.0197    
Accumulated time: func 126.9533    prepare 1.7860    bound 107.6171    transfer 1.2263    finalize 17.4129    
max lb tensor(-922.) min lb tensor(-1168.)
Number of Verified Splits: 0 of 256
Current worst splitting domains lb-rhs (depth):
-1168.00000 (71), -1168.00000 (110), -1168.00000 (40), -1168.00000 (47), -1168.00000 (163), -1168.00000 (129), -1168.00000 (119), -1168.00000 (151), -1168.00000 (142), -1168.00000 (9), -1168.00000 (137), -1168.00000 (36), -1168.00000 (144), -1168.00000 (31), -1168.00000 (24), -1168.00000 (30), -1168.00000 (6), -1168.00000 (179), -1168.00000 (103), -1168.00000 (84), 
Length of domains: 23336
Current (lb-rhs): -1168.0
46588 domains visited
Time: pickout 0.0521    decision 0.2349    set_bounds 0.0065    solve 1.0201    add 0.0914    
Accumulated time: pickout 7.6129    decision 35.3350    set_bounds 1.5011    solve 127.0754    add 27.0884    
Cumulative time: 199.2273530960083

BaB round 184
batch: 128
splitting decisions: 
split level 0: [/74, 235] [/74, 710] [/74, 485] [/74, 907] [/74, 1017] [/74, 492] [/74, 1017] [/74, 476] [/74, 844] [/74, 633] 
best_l after optimization: -268006.78125
beta sum per layer: [0.0, 0.0, 0.0, 3.378343105316162]
alpha/beta optimization time: 0.8256757259368896
pruning_in_iteration open status: False
ratio of positive domain = 0 / 256 = 0.0
pruning-in-iteration extra time: 0.0002129077911376953
torch.Size([256, 1])
Time: prepare 0.0031    bound 0.8272    transfer 0.0132    finalize 0.0965    func 0.9400    
Accumulated time: func 127.8933    prepare 1.7911    bound 108.4443    transfer 1.2395    finalize 17.5094    
max lb tensor(-922.) min lb tensor(-1168.)
Number of Verified Splits: 0 of 256
Current worst splitting domains lb-rhs (depth):
-1168.00000 (156), -1168.00000 (22), -1168.00000 (43), -1168.00000 (175), -1168.00000 (144), -1168.00000 (162), -1168.00000 (53), -1168.00000 (34), -1168.00000 (118), -1168.00000 (116), -1168.00000 (137), -1168.00000 (60), -1168.00000 (95), -1168.00000 (124), -1168.00000 (69), -1168.00000 (98), -1168.00000 (128), -1168.00000 (86), -1168.00000 (74), -1168.00000 (10), 
Length of domains: 23464
Current (lb-rhs): -1168.0
46844 domains visited
Time: pickout 0.0515    decision 0.1552    set_bounds 0.0067    solve 0.9405    add 0.0912    
Accumulated time: pickout 7.6644    decision 35.4903    set_bounds 1.5078    solve 128.0159    add 27.1796    
Cumulative time: 200.47702479362488

BaB round 185
batch: 128
splitting decisions: 
split level 0: [/74, 767] [/74, 98] [/74, 327] [/74, 334] [/74, 614] [/74, 343] [/74, 637] [/74, 853] [/74, 98] [/74, 492] 
best_l after optimization: -268005.90625
beta sum per layer: [0.0, 0.0, 0.0, 3.2869858741760254]
alpha/beta optimization time: 0.797339677810669
pruning_in_iteration open status: False
ratio of positive domain = 0 / 256 = 0.0
pruning-in-iteration extra time: 0.00015664100646972656
torch.Size([256, 1])
Time: prepare 0.0031    bound 0.7988    transfer 0.0133    finalize 0.0966    func 0.9118    
Accumulated time: func 128.8052    prepare 1.7963    bound 109.2430    transfer 1.2528    finalize 17.6060    
max lb tensor(-922.) min lb tensor(-1168.)
Number of Verified Splits: 0 of 256
Current worst splitting domains lb-rhs (depth):
-1168.00000 (153), -1168.00000 (177), -1168.00000 (86), -1168.00000 (98), -1168.00000 (44), -1168.00000 (160), -1168.00000 (9), -1168.00000 (108), -1168.00000 (177), -1168.00000 (129), -1168.00000 (66), -1168.00000 (138), -1168.00000 (149), -1168.00000 (86), -1168.00000 (75), -1168.00000 (176), -1168.00000 (9), -1168.00000 (29), -1168.00000 (74), -1168.00000 (21), 
Length of domains: 23592
Current (lb-rhs): -1168.0
47100 domains visited
Time: pickout 0.0525    decision 0.1543    set_bounds 0.0067    solve 0.9123    add 0.0910    
Accumulated time: pickout 7.7169    decision 35.6445    set_bounds 1.5144    solve 128.9282    add 27.2706    
Cumulative time: 201.69757652282715

BaB round 186
batch: 128
splitting decisions: 
split level 0: [/74, 853] [/74, 535] [/74, 492] [/74, 759] [/74, 836] [/74, 978] [/74, 614] [/74, 571] [/74, 535] [/74, 772] 
best_l after optimization: -268005.34375
beta sum per layer: [0.0, 0.0, 0.0, 3.254776954650879]
alpha/beta optimization time: 0.8204848766326904
pruning_in_iteration open status: False
ratio of positive domain = 0 / 256 = 0.0
pruning-in-iteration extra time: 0.0002086162567138672
torch.Size([256, 1])
Time: prepare 0.0031    bound 0.8220    transfer 0.0123    finalize 0.0951    func 0.9326    
Accumulated time: func 129.7377    prepare 1.8011    bound 110.0650    transfer 1.2651    finalize 17.7012    
max lb tensor(-922.) min lb tensor(-1168.)
Number of Verified Splits: 0 of 256
Current worst splitting domains lb-rhs (depth):
-1168.00000 (41), -1168.00000 (65), -1168.00000 (41), -1168.00000 (100), -1168.00000 (129), -1168.00000 (24), -1168.00000 (82), -1168.00000 (125), -1168.00000 (57), -1168.00000 (159), -1168.00000 (181), -1168.00000 (117), -1168.00000 (7), -1168.00000 (147), -1168.00000 (88), -1168.00000 (64), -1168.00000 (100), -1168.00000 (142), -1168.00000 (11), -1168.00000 (171), 
Length of domains: 23720
Current (lb-rhs): -1168.0
47356 domains visited
Time: pickout 0.0512    decision 0.1517    set_bounds 0.0067    solve 0.9330    add 0.0935    
Accumulated time: pickout 7.7681    decision 35.7962    set_bounds 1.5211    solve 129.8612    add 27.3641    
Cumulative time: 202.93711876869202

BaB round 187
batch: 128
splitting decisions: 
split level 0: [/74, 622] [/74, 977] [/74, 772] [/74, 515] [/74, 119] [/74, 981] [/74, 836] [/74, 1017] [/74, 977] [/74, 978] 
best_l after optimization: -268004.9375
beta sum per layer: [0.0, 0.0, 0.0, 3.2020583152770996]
alpha/beta optimization time: 0.8177468776702881
pruning_in_iteration open status: False
ratio of positive domain = 0 / 256 = 0.0
pruning-in-iteration extra time: 0.0001125335693359375
torch.Size([256, 1])
Time: prepare 0.0030    bound 0.8191    transfer 0.0135    finalize 0.1025    func 0.9382    
Accumulated time: func 130.6759    prepare 1.8087    bound 110.8841    transfer 1.2786    finalize 17.8037    
max lb tensor(-922.) min lb tensor(-1168.)
Number of Verified Splits: 0 of 256
Current worst splitting domains lb-rhs (depth):
-1168.00000 (108), -1168.00000 (135), -1168.00000 (57), -1168.00000 (72), -1168.00000 (104), -1168.00000 (184), -1168.00000 (178), -1168.00000 (112), -1168.00000 (97), -1168.00000 (150), -1168.00000 (5), -1168.00000 (29), -1168.00000 (88), -1168.00000 (125), -1168.00000 (35), -1168.00000 (63), -1168.00000 (85), -1168.00000 (92), -1168.00000 (35), -1168.00000 (8), 
Length of domains: 23848
Current (lb-rhs): -1168.0
47612 domains visited
Time: pickout 0.0497    decision 0.1618    set_bounds 0.0045    solve 0.9386    add 0.0943    
Accumulated time: pickout 7.8178    decision 35.9580    set_bounds 1.5256    solve 130.7999    add 27.4583    
Cumulative time: 204.18954944610596

BaB round 188
batch: 128
splitting decisions: 
split level 0: [/74, 176] [/74, 156] [/74, 225] [/74, 873] [/74, 412] [/74, 46] [/74, 412] [/74, 637] [/74, 156] [/74, 230] 
best_l after optimization: -268004.75
beta sum per layer: [0.0, 0.0, 0.0, 3.177964210510254]
alpha/beta optimization time: 0.8066895008087158
pruning_in_iteration open status: False
ratio of positive domain = 0 / 256 = 0.0
pruning-in-iteration extra time: 0.00021982192993164062
torch.Size([256, 1])
Time: prepare 0.0035    bound 0.8082    transfer 0.0125    finalize 0.1012    func 0.9255    
Accumulated time: func 131.6013    prepare 1.8157    bound 111.6924    transfer 1.2911    finalize 17.9049    
max lb tensor(-922.) min lb tensor(-1168.)
Number of Verified Splits: 0 of 256
Current worst splitting domains lb-rhs (depth):
-1168.00000 (119), -1168.00000 (8), -1168.00000 (86), -1168.00000 (177), -1168.00000 (139), -1168.00000 (157), -1168.00000 (80), -1168.00000 (19), -1168.00000 (133), -1168.00000 (147), -1168.00000 (47), -1168.00000 (60), -1168.00000 (71), -1168.00000 (60), -1168.00000 (99), -1168.00000 (107), -1168.00000 (8), -1168.00000 (114), -1168.00000 (125), -1168.00000 (185), 
Length of domains: 23976
Current (lb-rhs): -1168.0
47868 domains visited
Time: pickout 0.0542    decision 0.1783    set_bounds 0.0047    solve 0.9259    add 0.0903    
Accumulated time: pickout 7.8720    decision 36.1363    set_bounds 1.5303    solve 131.7258    add 27.5486    
Cumulative time: 205.44709825515747

BaB round 189
batch: 128
splitting decisions: 
split level 0: [/74, 651] [/74, 897] [/74, 981] [/74, 866] [/74, 472] [/74, 759] [/74, 472] [/74, 836] [/74, 897] [/74, 47] 
best_l after optimization: -268004.4375
beta sum per layer: [0.0, 0.0, 0.0, 3.151587724685669]
alpha/beta optimization time: 0.790006160736084
pruning_in_iteration open status: False
ratio of positive domain = 0 / 256 = 0.0
pruning-in-iteration extra time: 0.00010180473327636719
torch.Size([256, 1])
Time: prepare 0.0031    bound 0.7914    transfer 0.0127    finalize 0.0952    func 0.9024    
Accumulated time: func 132.5037    prepare 1.8394    bound 112.4837    transfer 1.3038    finalize 18.0001    
max lb tensor(-922.) min lb tensor(-1168.)
Number of Verified Splits: 0 of 256
Current worst splitting domains lb-rhs (depth):
-1168.00000 (61), -1168.00000 (6), -1168.00000 (61), -1168.00000 (42), -1168.00000 (73), -1168.00000 (92), -1168.00000 (131), -1168.00000 (24), -1168.00000 (36), -1168.00000 (109), -1168.00000 (144), -1168.00000 (109), -1168.00000 (49), -1168.00000 (93), -1168.00000 (177), -1168.00000 (185), -1168.00000 (150), -1168.00000 (73), -1168.00000 (108), -1168.00000 (45), 
Length of domains: 24104
Current (lb-rhs): -1168.0
48124 domains visited
Time: pickout 0.0503    decision 0.3202    set_bounds 0.0046    solve 0.9028    add 0.0909    
Accumulated time: pickout 7.9223    decision 36.4565    set_bounds 1.5349    solve 132.6286    add 27.6395    
Cumulative time: 206.81959772109985

BaB round 190
batch: 128
splitting decisions: 
split level 0: [/74, 39] [/74, 685] [/74, 47] [/74, 612] [/74, 416] [/74, 515] [/74, 94] [/74, 349] [/74, 113] [/74, 515] 
best_l after optimization: -268004.25
beta sum per layer: [0.0, 0.0, 0.0, 3.133883476257324]
alpha/beta optimization time: 0.8143799304962158
pruning_in_iteration open status: False
ratio of positive domain = 0 / 256 = 0.0
pruning-in-iteration extra time: 0.000152587890625
torch.Size([256, 1])
Time: prepare 0.0031    bound 0.8158    transfer 0.0126    finalize 0.0973    func 0.9289    
Accumulated time: func 133.4326    prepare 1.8484    bound 113.2995    transfer 1.3164    finalize 18.0974    
max lb tensor(-922.) min lb tensor(-1168.)
Number of Verified Splits: 0 of 256
Current worst splitting domains lb-rhs (depth):
-1168.00000 (187), -1168.00000 (95), -1168.00000 (76), -1168.00000 (121), -1168.00000 (59), -1168.00000 (44), -1168.00000 (129), -1168.00000 (89), -1168.00000 (105), -1168.00000 (155), -1168.00000 (138), -1168.00000 (8), -1168.00000 (52), -1168.00000 (20), -1168.00000 (68), -1168.00000 (161), -1168.00000 (33), -1168.00000 (150), -1168.00000 (20), -1168.00000 (169), 
Length of domains: 24232
Current (lb-rhs): -1168.0
48380 domains visited
Time: pickout 0.0502    decision 0.1837    set_bounds 0.0045    solve 0.9293    add 0.0916    
Accumulated time: pickout 7.9725    decision 36.6401    set_bounds 1.5394    solve 133.5580    add 27.7312    
Cumulative time: 208.0825207233429

BaB round 191
batch: 128
splitting decisions: 
split level 0: [/74, 682] [/74, 593] [/74, 515] [/74, 476] [/74, 25] [/74, 866] [/74, 493] [/74, 472] [/74, 799] [/74, 432] 
best_l after optimization: -268004.125
beta sum per layer: [0.0, 0.0, 0.0, 3.110151767730713]
alpha/beta optimization time: 0.813417911529541
pruning_in_iteration open status: False
ratio of positive domain = 0 / 256 = 0.0
pruning-in-iteration extra time: 0.00018358230590820312
torch.Size([256, 1])
Time: prepare 0.0030    bound 0.8148    transfer 0.0125    finalize 0.0952    func 0.9256    
Accumulated time: func 134.3582    prepare 1.8565    bound 114.1144    transfer 1.3289    finalize 18.1926    
max lb tensor(-922.) min lb tensor(-1168.)
Number of Verified Splits: 0 of 256
Current worst splitting domains lb-rhs (depth):
-1168.00000 (44), -1168.00000 (113), -1168.00000 (135), -1168.00000 (36), -1168.00000 (22), -1168.00000 (93), -1168.00000 (146), -1168.00000 (182), -1168.00000 (59), -1168.00000 (74), -1168.00000 (9), -1168.00000 (124), -1168.00000 (165), -1168.00000 (155), -1168.00000 (165), -1168.00000 (94), -1168.00000 (113), -1168.00000 (134), -1168.00000 (73), -1168.00000 (10), 
Length of domains: 24360
Current (lb-rhs): -1168.0
48636 domains visited
Time: pickout 0.0525    decision 0.1635    set_bounds 0.0045    solve 0.9261    add 0.0918    
Accumulated time: pickout 8.0250    decision 36.8036    set_bounds 1.5439    solve 134.4840    add 27.8230    
Cumulative time: 209.32432889938354

BaB round 192
batch: 128
splitting decisions: 
split level 0: [/74, 490] [/74, 905] [/74, 873] [/74, 853] [/74, 915] [/74, 491] [/74, 278] [/74, 416] [/74, 756] [/74, 235] 
best_l after optimization: -268003.9375
beta sum per layer: [0.0, 0.0, 0.0, 3.647264003753662]
alpha/beta optimization time: 0.39219021797180176
pruning_in_iteration open status: False
ratio of positive domain = 0 / 256 = 0.0
pruning-in-iteration extra time: 0.000110626220703125
torch.Size([256, 1])
Time: prepare 0.0031    bound 0.3935    transfer 0.0126    finalize 0.1058    func 0.5151    
Accumulated time: func 134.8732    prepare 1.8707    bound 114.5079    transfer 1.3415    finalize 18.2984    
max lb tensor(-922.) min lb tensor(-1168.)
Number of Verified Splits: 0 of 256
Current worst splitting domains lb-rhs (depth):
-1168.00000 (152), -1168.00000 (172), -1168.00000 (41), -1168.00000 (17), -1168.00000 (142), -1168.00000 (127), -1168.00000 (107), -1168.00000 (110), -1168.00000 (115), -1168.00000 (6), -1168.00000 (84), -1168.00000 (93), -1168.00000 (51), -1168.00000 (45), -1168.00000 (187), -1168.00000 (90), -1168.00000 (179), -1168.00000 (134), -1168.00000 (22), -1168.00000 (150), 
Length of domains: 24488
Current (lb-rhs): -1168.0
48892 domains visited
Time: pickout 0.0526    decision 0.2888    set_bounds 0.0070    solve 0.5156    add 0.0943    
Accumulated time: pickout 8.0775    decision 37.0924    set_bounds 1.5509    solve 134.9996    add 27.9173    
Cumulative time: 210.28588128089905

BaB round 193
batch: 128
splitting decisions: 
split level 0: [/74, 920] [/74, 373] [/74, 866] [/74, 622] [/74, 664] [/74, 432] [/74, 418] [/74, 265] [/74, 905] [/74, 853] 
best_l after optimization: -268007.375
beta sum per layer: [0.0, 0.0, 0.0, 3.456671714782715]
alpha/beta optimization time: 0.7984638214111328
pruning_in_iteration open status: False
ratio of positive domain = 0 / 256 = 0.0
pruning-in-iteration extra time: 0.000156402587890625
torch.Size([256, 1])
Time: prepare 0.0035    bound 0.8000    transfer 0.0123    finalize 0.0914    func 0.9072    
Accumulated time: func 135.7805    prepare 1.9099    bound 115.3079    transfer 1.3538    finalize 18.3898    
max lb tensor(-922.) min lb tensor(-1168.)
Number of Verified Splits: 0 of 256
Current worst splitting domains lb-rhs (depth):
-1168.00000 (14), -1168.00000 (13), -1168.00000 (114), -1168.00000 (60), -1168.00000 (114), -1168.00000 (179), -1168.00000 (60), -1168.00000 (114), -1168.00000 (13), -1168.00000 (115), -1168.00000 (179), -1168.00000 (60), -1168.00000 (115), -1168.00000 (59), -1168.00000 (115), -1168.00000 (178), -1168.00000 (179), -1168.00000 (59), -1168.00000 (116), -1168.00000 (116), 
Length of domains: 24616
Current (lb-rhs): -1168.0
49148 domains visited
Time: pickout 0.0535    decision 0.4339    set_bounds 0.2811    solve 0.9077    add 0.0876    
Accumulated time: pickout 8.1310    decision 37.5263    set_bounds 1.8320    solve 135.9074    add 28.0049    
Cumulative time: 212.0528588294983

BaB round 194
batch: 128
splitting decisions: 
split level 0: [/74, 303] [/74, 1021] [/74, 491] [/74, 176] [/74, 901] [/74, 476] [/74, 748] [/74, 387] [/74, 373] [/74, 571] 
best_l after optimization: -268006.375
beta sum per layer: [0.0, 0.0, 0.0, 3.3776369094848633]
alpha/beta optimization time: 0.8132622241973877
pruning_in_iteration open status: False
ratio of positive domain = 0 / 256 = 0.0
pruning-in-iteration extra time: 0.0001342296600341797
torch.Size([256, 1])
Time: prepare 0.0031    bound 0.8147    transfer 0.0123    finalize 0.0924    func 0.9226    
Accumulated time: func 136.7031    prepare 1.9162    bound 116.1226    transfer 1.3662    finalize 18.4822    
max lb tensor(-922.) min lb tensor(-1168.)
Number of Verified Splits: 0 of 256
Current worst splitting domains lb-rhs (depth):
-1168.00000 (91), -1168.00000 (60), -1168.00000 (187), -1168.00000 (60), -1168.00000 (154), -1168.00000 (110), -1168.00000 (131), -1168.00000 (13), -1168.00000 (59), -1168.00000 (91), -1168.00000 (154), -1168.00000 (59), -1168.00000 (187), -1168.00000 (154), -1168.00000 (14), -1168.00000 (59), -1168.00000 (13), -1168.00000 (58), -1168.00000 (131), -1168.00000 (155), 
Length of domains: 24744
Current (lb-rhs): -1168.0
49404 domains visited
Time: pickout 0.0483    decision 0.1720    set_bounds 0.0072    solve 0.9231    add 0.0905    
Accumulated time: pickout 8.1794    decision 37.6983    set_bounds 1.8391    solve 136.8305    add 28.0954    
Cumulative time: 213.29723072052002

BaB round 195
batch: 128
splitting decisions: 
split level 0: [/74, 25] [/74, 393] [/74, 612] [/74, 651] [/74, 430] [/74, 853] [/74, 636] [/74, 490] [/74, 393] [/74, 176] 
best_l after optimization: -268005.9375
beta sum per layer: [0.0, 0.0, 0.0, 3.3043055534362793]
alpha/beta optimization time: 0.8064439296722412
pruning_in_iteration open status: False
ratio of positive domain = 0 / 256 = 0.0
pruning-in-iteration extra time: 0.00018858909606933594
torch.Size([256, 1])
Time: prepare 0.0032    bound 0.8079    transfer 0.0118    finalize 0.0916    func 0.9146    
Accumulated time: func 137.6177    prepare 1.9275    bound 116.9306    transfer 1.3780    finalize 18.5738    
max lb tensor(-922.) min lb tensor(-1168.)
Number of Verified Splits: 0 of 256
Current worst splitting domains lb-rhs (depth):
-1168.00000 (23), -1168.00000 (9), -1168.00000 (144), -1168.00000 (69), -1168.00000 (104), -1168.00000 (167), -1168.00000 (105), -1168.00000 (144), -1168.00000 (68), -1168.00000 (186), -1168.00000 (40), -1168.00000 (105), -1168.00000 (144), -1168.00000 (10), -1168.00000 (68), -1168.00000 (40), -1168.00000 (105), -1168.00000 (40), -1168.00000 (167), -1168.00000 (186), 
Length of domains: 24872
Current (lb-rhs): -1168.0
49660 domains visited
Time: pickout 0.0443    decision 0.1480    set_bounds 0.0074    solve 0.9151    add 0.0887    
Accumulated time: pickout 8.2236    decision 37.8462    set_bounds 1.8466    solve 137.7456    add 28.1841    
Cumulative time: 214.5038239955902

BaB round 196
batch: 128
splitting decisions: 
split level 0: [/74, 278] [/74, 444] [/74, 432] [/74, 1017] [/74, 636] [/74, 176] [/74, 253] [/74, 493] [/74, 444] [/74, 1017] 
best_l after optimization: -268005.3125
beta sum per layer: [0.0, 0.0, 0.0, 3.2254366874694824]
alpha/beta optimization time: 0.8196096420288086
pruning_in_iteration open status: False
ratio of positive domain = 0 / 256 = 0.0
pruning-in-iteration extra time: 3.790855407714844e-05
torch.Size([256, 1])
Time: prepare 0.0031    bound 0.8209    transfer 0.0126    finalize 0.0916    func 0.9282    
Accumulated time: func 138.5460    prepare 1.9390    bound 117.7515    transfer 1.3906    finalize 18.6654    
max lb tensor(-922.) min lb tensor(-1168.)
Number of Verified Splits: 0 of 256
Current worst splitting domains lb-rhs (depth):
-1168.00000 (147), -1168.00000 (148), -1168.00000 (70), -1168.00000 (125), -1168.00000 (71), -1168.00000 (172), -1168.00000 (148), -1168.00000 (187), -1168.00000 (16), -1168.00000 (71), -1168.00000 (101), -1168.00000 (37), -1168.00000 (102), -1168.00000 (71), -1168.00000 (147), -1168.00000 (72), -1168.00000 (126), -1168.00000 (32), -1168.00000 (101), -1168.00000 (7), 
Length of domains: 25000
Current (lb-rhs): -1168.0
49916 domains visited
Time: pickout 0.0504    decision 0.1528    set_bounds 0.0068    solve 0.9287    add 0.0850    
Accumulated time: pickout 8.2740    decision 37.9990    set_bounds 1.8534    solve 138.6743    add 28.2691    
Cumulative time: 215.7294340133667

BaB round 197
batch: 128
splitting decisions: 
split level 0: [/74, 664] [/74, 633] [/74, 476] [/74, 939] [/74, 558] [/74, 651] [/74, 762] [/74, 278] [/74, 117] [/74, 939] 
best_l after optimization: -268004.9375
beta sum per layer: [0.0, 0.0, 0.0, 3.1965436935424805]
alpha/beta optimization time: 0.8182454109191895
pruning_in_iteration open status: False
ratio of positive domain = 0 / 256 = 0.0
pruning-in-iteration extra time: 0.0002090930938720703
torch.Size([256, 1])
Time: prepare 0.0033    bound 0.8198    transfer 0.0037    finalize 0.0885    func 0.9153    
Accumulated time: func 139.4613    prepare 1.9458    bound 118.5712    transfer 1.3943    finalize 18.7539    
max lb tensor(-922.) min lb tensor(-1168.)
Number of Verified Splits: 0 of 256
Current worst splitting domains lb-rhs (depth):
-1168.00000 (129), -1168.00000 (176), -1168.00000 (130), -1168.00000 (75), -1168.00000 (52), -1168.00000 (130), -1168.00000 (18), -1168.00000 (176), -1168.00000 (129), -1168.00000 (97), -1168.00000 (52), -1168.00000 (192), -1168.00000 (97), -1168.00000 (7), -1168.00000 (52), -1168.00000 (75), -1168.00000 (177), -1168.00000 (129), -1168.00000 (98), -1168.00000 (18), 
Length of domains: 25128
Current (lb-rhs): -1168.0
50172 domains visited
Time: pickout 0.0508    decision 0.1766    set_bounds 0.0071    solve 0.9158    add 0.0848    
Accumulated time: pickout 8.3248    decision 38.1756    set_bounds 1.8604    solve 139.5901    add 28.3540    
Cumulative time: 216.96643376350403

BaB round 198
batch: 128
splitting decisions: 
split level 0: [/74, 748] [/74, 327] [/74, 853] [/74, 637] [/74, 762] [/74, 1017] [/74, 944] [/74, 748] [/74, 633] [/74, 637] 
best_l after optimization: -268004.6875
beta sum per layer: [0.0, 0.0, 0.0, 3.1588234901428223]
alpha/beta optimization time: 0.8061871528625488
pruning_in_iteration open status: False
ratio of positive domain = 0 / 256 = 0.0
pruning-in-iteration extra time: 0.00020456314086914062
torch.Size([256, 1])
Time: prepare 0.0031    bound 0.8077    transfer 0.0038    finalize 0.0867    func 0.9012    
Accumulated time: func 140.3625    prepare 1.9532    bound 119.3789    transfer 1.3981    finalize 18.8405    
max lb tensor(-922.) min lb tensor(-1168.)
Number of Verified Splits: 0 of 256
Current worst splitting domains lb-rhs (depth):
-1168.00000 (121), -1168.00000 (129), -1168.00000 (161), -1168.00000 (147), -1168.00000 (99), -1168.00000 (74), -1168.00000 (55), -1168.00000 (36), -1168.00000 (10), -1168.00000 (175), -1168.00000 (89), -1168.00000 (161), -1168.00000 (110), -1168.00000 (55), -1168.00000 (74), -1168.00000 (194), -1168.00000 (23), -1168.00000 (147), -1168.00000 (194), -1168.00000 (36), 
Length of domains: 25256
Current (lb-rhs): -1168.0
50428 domains visited
Time: pickout 0.0451    decision 0.2094    set_bounds 0.0067    solve 0.9017    add 0.0793    
Accumulated time: pickout 8.3699    decision 38.3850    set_bounds 1.8671    solve 140.4918    add 28.4332    
Cumulative time: 218.21280121803284

BaB round 199
batch: 128
splitting decisions: 
split level 0: [/74, 339] [/74, 53] [/74, 622] [/74, 836] [/74, 859] [/74, 939] [/74, 644] [/74, 339] [/74, 485] [/74, 119] 
best_l after optimization: -268004.375
beta sum per layer: [0.0, 0.0, 0.0, 3.646749496459961]
alpha/beta optimization time: 0.5820510387420654
pruning_in_iteration open status: False
ratio of positive domain = 0 / 256 = 0.0
pruning-in-iteration extra time: 0.00011086463928222656
torch.Size([256, 1])
Time: prepare 0.0031    bound 0.5834    transfer 0.0037    finalize 0.1034    func 0.6937    
Accumulated time: func 141.0561    prepare 1.9666    bound 119.9623    transfer 1.4018    finalize 18.9439    
max lb tensor(-922.) min lb tensor(-1168.)
Number of Verified Splits: 0 of 256
Current worst splitting domains lb-rhs (depth):
-1168.00000 (25), -1168.00000 (190), -1168.00000 (50), -1168.00000 (180), -1168.00000 (103), -1168.00000 (121), -1168.00000 (195), -1168.00000 (60), -1168.00000 (158), -1168.00000 (33), -1168.00000 (133), -1168.00000 (169), -1168.00000 (6), -1168.00000 (51), -1168.00000 (169), -1168.00000 (111), -1168.00000 (97), -1168.00000 (17), -1168.00000 (133), -1168.00000 (158), 
Length of domains: 25384
Current (lb-rhs): -1168.0
50684 domains visited
Time: pickout 0.0518    decision 0.2106    set_bounds 0.0069    solve 0.6941    add 0.0960    
Accumulated time: pickout 8.4217    decision 38.5956    set_bounds 1.8740    solve 141.1860    add 28.5292    
Cumulative time: 219.27462196350098

BaB round 200
batch: 128
splitting decisions: 
split level 0: [/74, 455] [/74, 991] [/74, 176] [/74, 472] [/74, 912] [/74, 836] [/74, 967] [/74, 449] [/74, 327] [/74, 412] 
best_l after optimization: -268007.125
beta sum per layer: [0.0, 0.0, 0.0, 3.442617177963257]
alpha/beta optimization time: 0.7882809638977051
pruning_in_iteration open status: False
ratio of positive domain = 0 / 256 = 0.0
pruning-in-iteration extra time: 0.00010657310485839844
torch.Size([256, 1])
Time: prepare 0.0032    bound 0.7898    transfer 0.0048    finalize 0.1011    func 0.8989    
Accumulated time: func 141.9551    prepare 1.9913    bound 120.7521    transfer 1.4066    finalize 19.0450    
max lb tensor(-922.) min lb tensor(-1168.)
Number of Verified Splits: 0 of 256
Current worst splitting domains lb-rhs (depth):
-1168.00000 (142), -1168.00000 (194), -1168.00000 (86), -1168.00000 (12), -1168.00000 (141), -1168.00000 (85), -1168.00000 (85), -1168.00000 (141), -1168.00000 (36), -1168.00000 (85), -1168.00000 (194), -1168.00000 (13), -1168.00000 (142), -1168.00000 (182), -1168.00000 (28), -1168.00000 (84), -1168.00000 (141), -1168.00000 (177), -1168.00000 (84), -1168.00000 (84), 
Length of domains: 25512
Current (lb-rhs): -1168.0
50940 domains visited
Time: pickout 0.0449    decision 0.3774    set_bounds 0.0069    solve 0.8994    add 0.0939    
Accumulated time: pickout 8.4666    decision 38.9730    set_bounds 1.8809    solve 142.0854    add 28.6231    
Cumulative time: 220.70589327812195

BaB round 201
batch: 128
splitting decisions: 
split level 0: [/74, 449] [/74, 225] [/74, 651] [/74, 212] [/74, 642] [/74, 412] [/74, 997] [/74, 376] [/74, 492] [/74, 39] 
best_l after optimization: -268006.21875
beta sum per layer: [0.0, 0.0, 0.0, 3.34049129486084]
alpha/beta optimization time: 0.8277993202209473
pruning_in_iteration open status: False
ratio of positive domain = 0 / 256 = 0.0
pruning-in-iteration extra time: 0.002351999282836914
torch.Size([256, 1])
Time: prepare 0.0034    bound 0.8315    transfer 0.0064    finalize 0.1085    func 0.9498    
Accumulated time: func 142.9048    prepare 1.9973    bound 121.5836    transfer 1.4130    finalize 19.1534    
max lb tensor(-922.) min lb tensor(-1168.)
Number of Verified Splits: 0 of 256
Current worst splitting domains lb-rhs (depth):
-1168.00000 (91), -1168.00000 (24), -1168.00000 (122), -1168.00000 (68), -1168.00000 (172), -1168.00000 (153), -1168.00000 (38), -1168.00000 (60), -1168.00000 (139), -1168.00000 (111), -1168.00000 (48), -1168.00000 (197), -1168.00000 (94), -1168.00000 (139), -1168.00000 (122), -1168.00000 (152), -1168.00000 (180), -1168.00000 (38), -1168.00000 (68), -1168.00000 (112), 
Length of domains: 25640
Current (lb-rhs): -1168.0
51196 domains visited
Time: pickout 0.0549    decision 0.1568    set_bounds 0.0071    solve 0.9503    add 0.0948    
Accumulated time: pickout 8.5216    decision 39.1298    set_bounds 1.8880    solve 143.0356    add 28.7179    
Cumulative time: 221.9724838733673

BaB round 202
batch: 128
splitting decisions: 
split level 0: [/74, 376] [/74, 709] [/74, 1017] [/74, 387] [/74, 652] [/74, 349] [/74, 578] [/74, 636] [/74, 53] [/74, 472] 
best_l after optimization: -268005.75
beta sum per layer: [0.0, 0.0, 0.0, 3.298008918762207]
alpha/beta optimization time: 0.3932819366455078
pruning_in_iteration open status: False
ratio of positive domain = 0 / 256 = 0.0
pruning-in-iteration extra time: 3.719329833984375e-05
torch.Size([256, 1])
Time: prepare 0.0031    bound 0.3946    transfer 0.0039    finalize 0.0907    func 0.4923    
Accumulated time: func 143.3972    prepare 2.0023    bound 121.9782    transfer 1.4169    finalize 19.2442    
max lb tensor(-922.) min lb tensor(-1168.)
Number of Verified Splits: 0 of 256
Current worst splitting domains lb-rhs (depth):
-1168.00000 (100), -1168.00000 (101), -1168.00000 (160), -1168.00000 (77), -1168.00000 (173), -1168.00000 (44), -1168.00000 (186), -1168.00000 (101), -1168.00000 (132), -1168.00000 (26), -1168.00000 (20), -1168.00000 (149), -1168.00000 (44), -1168.00000 (194), -1168.00000 (62), -1168.00000 (8), -1168.00000 (173), -1168.00000 (132), -1168.00000 (62), -1168.00000 (199), 
Length of domains: 25768
Current (lb-rhs): -1168.0
51452 domains visited
Time: pickout 0.0530    decision 0.1392    set_bounds 0.0067    solve 0.4928    add 0.0882    
Accumulated time: pickout 8.5746    decision 39.2690    set_bounds 1.8947    solve 143.5285    add 28.8061    
Cumulative time: 222.75772786140442

BaB round 203
batch: 128
splitting decisions: 
split level 0: [/74, 716] [/74, 255] [/74, 412] [/74, 490] [/74, 93] [/74, 39] [/74, 572] [/74, 558] [/74, 709] [/74, 416] 
best_l after optimization: -268005.5
beta sum per layer: [0.0, 0.0, 0.0, 3.2800827026367188]
alpha/beta optimization time: 0.9432380199432373
pruning_in_iteration open status: False
ratio of positive domain = 0 / 256 = 0.0
pruning-in-iteration extra time: 0.000354766845703125
torch.Size([256, 1])
Time: prepare 0.0031    bound 0.9449    transfer 0.0041    finalize 0.1035    func 1.0557    
Accumulated time: func 144.4528    prepare 2.0068    bound 122.9231    transfer 1.4209    finalize 19.3477    
max lb tensor(-922.) min lb tensor(-1168.)
Number of Verified Splits: 0 of 256
Current worst splitting domains lb-rhs (depth):
-1168.00000 (188), -1168.00000 (62), -1168.00000 (121), -1168.00000 (62), -1168.00000 (188), -1168.00000 (121), -1168.00000 (14), -1168.00000 (121), -1168.00000 (63), -1168.00000 (14), -1168.00000 (120), -1168.00000 (63), -1168.00000 (120), -1168.00000 (14), -1168.00000 (120), -1168.00000 (63), -1168.00000 (188), -1168.00000 (119), -1168.00000 (122), -1168.00000 (187), 
Length of domains: 25896
Current (lb-rhs): -1168.0
51708 domains visited
Time: pickout 0.0488    decision 0.1296    set_bounds 0.0069    solve 1.0562    add 0.0915    
Accumulated time: pickout 8.6234    decision 39.3986    set_bounds 1.9016    solve 144.5846    add 28.8976    
Cumulative time: 224.09346723556519

BaB round 204
batch: 128
splitting decisions: 
split level 0: [/74, 253] [/74, 583] [/74, 349] [/74, 915] [/74, 518] [/74, 472] [/74, 516] [/74, 253] [/74, 255] [/74, 94] 
best_l after optimization: -268005.1875
beta sum per layer: [0.0, 0.0, 0.0, 3.241650104522705]
alpha/beta optimization time: 0.8200786113739014
pruning_in_iteration open status: False
ratio of positive domain = 0 / 256 = 0.0
pruning-in-iteration extra time: 0.0001513957977294922
torch.Size([256, 1])
Time: prepare 0.0031    bound 0.8215    transfer 0.0045    finalize 0.0896    func 0.9187    
Accumulated time: func 145.3715    prepare 2.0113    bound 123.7447    transfer 1.4254    finalize 19.4373    
max lb tensor(-922.) min lb tensor(-1168.)
Number of Verified Splits: 0 of 256
Current worst splitting domains lb-rhs (depth):
-1168.00000 (147), -1168.00000 (81), -1168.00000 (196), -1168.00000 (148), -1168.00000 (81), -1168.00000 (82), -1168.00000 (14), -1168.00000 (148), -1168.00000 (82), -1168.00000 (148), -1168.00000 (82), -1168.00000 (197), -1168.00000 (83), -1168.00000 (147), -1168.00000 (14), -1168.00000 (83), -1168.00000 (147), -1168.00000 (83), -1168.00000 (81), -1168.00000 (15), 
Length of domains: 26024
Current (lb-rhs): -1168.0
51964 domains visited
Time: pickout 0.0481    decision 0.1320    set_bounds 0.0070    solve 0.9192    add 0.0830    
Accumulated time: pickout 8.6714    decision 39.5306    set_bounds 1.9085    solve 145.5038    add 28.9806    
Cumulative time: 225.28734183311462

BaB round 205
batch: 128
splitting decisions: 
split level 0: [/74, 859] [/74, 46] [/74, 39] [/74, 664] [/74, 928] [/74, 94] [/74, 482] [/74, 762] [/74, 978] [/74, 682] 
best_l after optimization: -268004.8125
beta sum per layer: [0.0, 0.0, 0.0, 3.2039945125579834]
alpha/beta optimization time: 0.7756104469299316
pruning_in_iteration open status: False
ratio of positive domain = 0 / 256 = 0.0
pruning-in-iteration extra time: 0.002552509307861328
torch.Size([256, 1])
Time: prepare 0.0033    bound 0.7796    transfer 0.0071    finalize 0.1063    func 0.8963    
Accumulated time: func 146.2678    prepare 2.0293    bound 124.5242    transfer 1.4325    finalize 19.5436    
max lb tensor(-922.) min lb tensor(-1168.)
Number of Verified Splits: 0 of 256
Current worst splitting domains lb-rhs (depth):
-1168.00000 (142), -1168.00000 (125), -1168.00000 (154), -1168.00000 (36), -1168.00000 (200), -1168.00000 (95), -1168.00000 (75), -1168.00000 (30), -1168.00000 (54), -1168.00000 (13), -1168.00000 (105), -1168.00000 (191), -1168.00000 (6), -1168.00000 (174), -1168.00000 (118), -1168.00000 (83), -1168.00000 (66), -1168.00000 (147), -1168.00000 (45), -1168.00000 (61), 
Length of domains: 26152
Current (lb-rhs): -1168.0
52220 domains visited
Time: pickout 0.0493    decision 0.3809    set_bounds 0.0073    solve 0.8968    add 0.0945    
Accumulated time: pickout 8.7207    decision 39.9115    set_bounds 1.9158    solve 146.4007    add 29.0750    
Cumulative time: 226.7186369895935

BaB round 206
batch: 128
splitting decisions: 
split level 0: [/74, 648] [/74, 230] [/74, 472] [/74, 901] [/74, 687] [/74, 265] [/74, 389] [/74, 944] [/74, 981] [/74, 212] 
best_l after optimization: -268004.5625
beta sum per layer: [0.0, 0.0, 0.0, 3.168980360031128]
alpha/beta optimization time: 0.8012063503265381
pruning_in_iteration open status: False
ratio of positive domain = 0 / 256 = 0.0
pruning-in-iteration extra time: 0.00025200843811035156
torch.Size([256, 1])
Time: prepare 0.0032    bound 0.8028    transfer 0.0041    finalize 0.0877    func 0.8979    
Accumulated time: func 147.1657    prepare 2.0433    bound 125.3270    transfer 1.4366    finalize 19.6313    
max lb tensor(-922.) min lb tensor(-1168.)
Number of Verified Splits: 0 of 256
Current worst splitting domains lb-rhs (depth):
-1168.00000 (39), -1168.00000 (10), -1168.00000 (24), -1168.00000 (150), -1168.00000 (107), -1168.00000 (171), -1168.00000 (132), -1168.00000 (67), -1168.00000 (202), -1168.00000 (52), -1168.00000 (81), -1168.00000 (106), -1168.00000 (161), -1168.00000 (10), -1168.00000 (132), -1168.00000 (192), -1168.00000 (31), -1168.00000 (106), -1168.00000 (171), -1168.00000 (150), 
Length of domains: 26280
Current (lb-rhs): -1168.0
52476 domains visited
Time: pickout 0.0524    decision 0.2030    set_bounds 0.0070    solve 0.8984    add 0.0844    
Accumulated time: pickout 8.7731    decision 40.1146    set_bounds 1.9228    solve 147.2990    add 29.1595    
Cumulative time: 227.96807146072388

BaB round 207
batch: 128
splitting decisions: 
split level 0: [/74, 201] [/74, 260] [/74, 416] [/74, 449] [/74, 214] [/74, 212] [/74, 518] [/74, 859] [/74, 46] [/74, 387] 
best_l after optimization: -268004.4375
beta sum per layer: [0.0, 0.0, 0.0, 3.1499764919281006]
alpha/beta optimization time: 0.8053534030914307
pruning_in_iteration open status: False
ratio of positive domain = 0 / 256 = 0.0
pruning-in-iteration extra time: 0.0001499652862548828
torch.Size([256, 1])
Time: prepare 0.0031    bound 0.8068    transfer 0.0040    finalize 0.1003    func 0.9142    
Accumulated time: func 148.0799    prepare 2.0510    bound 126.1338    transfer 1.4406    finalize 19.7315    
max lb tensor(-922.) min lb tensor(-1168.)
Number of Verified Splits: 0 of 256
Current worst splitting domains lb-rhs (depth):
-1168.00000 (192), -1168.00000 (124), -1168.00000 (63), -1168.00000 (191), -1168.00000 (123), -1168.00000 (14), -1168.00000 (64), -1168.00000 (123), -1168.00000 (64), -1168.00000 (124), -1168.00000 (123), -1168.00000 (14), -1168.00000 (122), -1168.00000 (64), -1168.00000 (192), -1168.00000 (122), -1168.00000 (65), -1168.00000 (125), -1168.00000 (126), -1168.00000 (62), 
Length of domains: 26408
Current (lb-rhs): -1168.0
52732 domains visited
Time: pickout 0.0468    decision 0.2117    set_bounds 0.0069    solve 0.9146    add 0.0924    
Accumulated time: pickout 8.8199    decision 40.3263    set_bounds 1.9297    solve 148.2137    add 29.2518    
Cumulative time: 229.24321126937866

BaB round 208
batch: 128
splitting decisions: 
split level 0: [/74, 642] [/74, 907] [/74, 212] [/74, 376] [/74, 58] [/74, 387] [/74, 928] [/74, 648] [/74, 230] [/74, 920] 
best_l after optimization: -268004.25
beta sum per layer: [0.0, 0.0, 0.0, 3.1346817016601562]
alpha/beta optimization time: 0.8009457588195801
pruning_in_iteration open status: False
ratio of positive domain = 0 / 256 = 0.0
pruning-in-iteration extra time: 0.0001468658447265625
torch.Size([256, 1])
Time: prepare 0.0031    bound 0.8025    transfer 0.0038    finalize 0.0880    func 0.8974    
Accumulated time: func 148.9772    prepare 2.0609    bound 126.9363    transfer 1.4444    finalize 19.8195    
max lb tensor(-922.) min lb tensor(-1168.)
Number of Verified Splits: 0 of 256
Current worst splitting domains lb-rhs (depth):
-1168.00000 (65), -1168.00000 (163), -1168.00000 (193), -1168.00000 (25), -1168.00000 (48), -1168.00000 (176), -1168.00000 (94), -1168.00000 (111), -1168.00000 (65), -1168.00000 (143), -1168.00000 (164), -1168.00000 (32), -1168.00000 (93), -1168.00000 (13), -1168.00000 (94), -1168.00000 (131), -1168.00000 (48), -1168.00000 (111), -1168.00000 (188), -1168.00000 (7), 
Length of domains: 26536
Current (lb-rhs): -1168.0
52988 domains visited
Time: pickout 0.0470    decision 0.1891    set_bounds 0.0069    solve 0.8979    add 0.0829    
Accumulated time: pickout 8.8669    decision 40.5154    set_bounds 1.9367    solve 149.1115    add 29.3347    
Cumulative time: 230.47090244293213

BaB round 209
batch: 128
splitting decisions: 
split level 0: [/74, 578] [/74, 334] [/74, 387] [/74, 636] [/74, 275] [/74, 920] [/74, 687] [/74, 644] [/74, 334] [/74, 25] 
best_l after optimization: -268004.1875
beta sum per layer: [0.0, 0.0, 0.0, 3.1476755142211914]
alpha/beta optimization time: 0.8027834892272949
pruning_in_iteration open status: False
ratio of positive domain = 0 / 256 = 0.0
pruning-in-iteration extra time: 0.00022745132446289062
torch.Size([256, 1])
Time: prepare 0.0031    bound 0.8043    transfer 0.0038    finalize 0.1032    func 0.9144    
Accumulated time: func 149.8916    prepare 2.0946    bound 127.7406    transfer 1.4482    finalize 19.9227    
max lb tensor(-922.) min lb tensor(-1168.)
Number of Verified Splits: 0 of 256
Current worst splitting domains lb-rhs (depth):
-1168.00000 (61), -1168.00000 (105), -1168.00000 (24), -1168.00000 (150), -1168.00000 (203), -1168.00000 (121), -1168.00000 (181), -1168.00000 (105), -1168.00000 (8), -1168.00000 (46), -1168.00000 (150), -1168.00000 (13), -1168.00000 (78), -1168.00000 (129), -1168.00000 (45), -1168.00000 (150), -1168.00000 (46), -1168.00000 (106), -1168.00000 (23), -1168.00000 (181), 
Length of domains: 26664
Current (lb-rhs): -1168.0
53244 domains visited
Time: pickout 0.0539    decision 0.3766    set_bounds 0.0069    solve 0.9148    add 0.0965    
Accumulated time: pickout 8.9208    decision 40.8920    set_bounds 1.9436    solve 150.0264    add 29.4312    
Cumulative time: 231.9221911430359

BaB round 210
batch: 128
splitting decisions: 
split level 0: [/74, 45] [/74, 47] [/74, 920] [/74, 558] [/74, 107] [/74, 25] [/74, 462] [/74, 325] [/74, 47] [/74, 915] 
best_l after optimization: -268004.03125
beta sum per layer: [0.0, 0.0, 0.0, 3.1208138465881348]
alpha/beta optimization time: 0.8080918788909912
pruning_in_iteration open status: False
ratio of positive domain = 0 / 256 = 0.0
pruning-in-iteration extra time: 0.00022101402282714844
torch.Size([256, 1])
Time: prepare 0.0031    bound 0.8096    transfer 0.0043    finalize 0.0855    func 0.9025    
Accumulated time: func 150.7941    prepare 2.1010    bound 128.5501    transfer 1.4525    finalize 20.0082    
max lb tensor(-922.) min lb tensor(-1168.)
Number of Verified Splits: 0 of 256
Current worst splitting domains lb-rhs (depth):
-1168.00000 (117), -1168.00000 (19), -1168.00000 (199), -1168.00000 (76), -1168.00000 (184), -1168.00000 (40), -1168.00000 (62), -1168.00000 (138), -1168.00000 (103), -1168.00000 (75), -1168.00000 (158), -1168.00000 (176), -1168.00000 (18), -1168.00000 (158), -1168.00000 (51), -1168.00000 (128), -1168.00000 (7), -1168.00000 (41), -1168.00000 (200), -1168.00000 (183), 
Length of domains: 26792
Current (lb-rhs): -1168.0
53500 domains visited
Time: pickout 0.0537    decision 0.1793    set_bounds 0.0068    solve 0.9030    add 0.0809    
Accumulated time: pickout 8.9745    decision 41.0713    set_bounds 1.9503    solve 150.9294    add 29.5121    
Cumulative time: 233.14960098266602

BaB round 211
batch: 128
splitting decisions: 
split level 0: [/74, 276] [/74, 759] [/74, 493] [/74, 253] [/74, 362] [/74, 915] [/74, 503] [/74, 652] [/74, 873] [/74, 278] 
best_l after optimization: -268003.96875
beta sum per layer: [0.0, 0.0, 0.0, 3.1288983821868896]
alpha/beta optimization time: 0.8080551624298096
pruning_in_iteration open status: False
ratio of positive domain = 0 / 256 = 0.0
pruning-in-iteration extra time: 0.0002465248107910156
torch.Size([256, 1])
Time: prepare 0.0031    bound 0.8096    transfer 0.0045    finalize 0.1007    func 0.9178    
Accumulated time: func 151.7119    prepare 2.1128    bound 129.3597    transfer 1.4570    finalize 20.1088    
max lb tensor(-922.) min lb tensor(-1168.)
Number of Verified Splits: 0 of 256
Current worst splitting domains lb-rhs (depth):
-1168.00000 (148), -1168.00000 (108), -1168.00000 (184), -1168.00000 (149), -1168.00000 (23), -1168.00000 (48), -1168.00000 (109), -1168.00000 (148), -1168.00000 (184), -1168.00000 (77), -1168.00000 (203), -1168.00000 (109), -1168.00000 (9), -1168.00000 (148), -1168.00000 (49), -1168.00000 (77), -1168.00000 (77), -1168.00000 (49), -1168.00000 (109), -1168.00000 (22), 
Length of domains: 26920
Current (lb-rhs): -1168.0
53756 domains visited
Time: pickout 0.0518    decision 0.2071    set_bounds 0.0069    solve 0.9183    add 0.0914    
Accumulated time: pickout 9.0263    decision 41.2784    set_bounds 1.9573    solve 151.8477    add 29.6034    
Cumulative time: 234.42750430107117

BaB round 212
batch: 128
splitting decisions: 
split level 0: [/74, 572] [/74, 515] [/74, 915] [/74, 762] [/74, 524] [/74, 278] [/74, 881] [/74, 45] [/74, 612] [/74, 418] 
best_l after optimization: -268003.875
beta sum per layer: [0.0, 0.0, 0.0, 3.1237473487854004]
alpha/beta optimization time: 0.8055849075317383
pruning_in_iteration open status: False
ratio of positive domain = 0 / 256 = 0.0
pruning-in-iteration extra time: 0.0001499652862548828
torch.Size([256, 1])
Time: prepare 0.0032    bound 0.8070    transfer 0.0038    finalize 0.0886    func 0.9026    
Accumulated time: func 152.6146    prepare 2.1227    bound 130.1668    transfer 1.4608    finalize 20.1974    
max lb tensor(-922.) min lb tensor(-1168.)
Number of Verified Splits: 0 of 256
Current worst splitting domains lb-rhs (depth):
-1168.00000 (164), -1168.00000 (110), -1168.00000 (20), -1168.00000 (70), -1168.00000 (164), -1168.00000 (201), -1168.00000 (70), -1168.00000 (136), -1168.00000 (164), -1168.00000 (109), -1168.00000 (70), -1168.00000 (71), -1168.00000 (7), -1168.00000 (69), -1168.00000 (19), -1168.00000 (71), -1168.00000 (109), -1168.00000 (136), -1168.00000 (163), -1168.00000 (71), 
Length of domains: 27048
Current (lb-rhs): -1168.0
54012 domains visited
Time: pickout 0.0482    decision 0.1876    set_bounds 0.0071    solve 0.9032    add 0.0841    
Accumulated time: pickout 9.0745    decision 41.4660    set_bounds 1.9644    solve 152.7509    add 29.6875    
Cumulative time: 235.66220021247864

BaB round 213
batch: 128
splitting decisions: 
split level 0: [/74, 516] [/74, 108] [/74, 418] [/74, 859] [/74, 48] [/74, 901] [/74, 936] [/74, 516] [/74, 767] [/74, 901] 
best_l after optimization: -268003.6875
beta sum per layer: [0.0, 0.0, 0.0, 3.792114019393921]
alpha/beta optimization time: 0.8107156753540039
pruning_in_iteration open status: False
ratio of positive domain = 0 / 256 = 0.0
pruning-in-iteration extra time: 0.00022459030151367188
torch.Size([256, 1])
Time: prepare 0.0032    bound 0.8123    transfer 0.0039    finalize 0.1055    func 0.9250    
Accumulated time: func 153.5395    prepare 2.1313    bound 130.9790    transfer 1.4647    finalize 20.3030    
max lb tensor(-922.) min lb tensor(-1168.)
Number of Verified Splits: 0 of 256
Current worst splitting domains lb-rhs (depth):
-1168.00000 (105), -1168.00000 (158), -1168.00000 (63), -1168.00000 (43), -1168.00000 (180), -1168.00000 (27), -1168.00000 (158), -1168.00000 (194), -1168.00000 (74), -1168.00000 (130), -1168.00000 (206), -1168.00000 (8), -1168.00000 (43), -1168.00000 (115), -1168.00000 (131), -1168.00000 (158), -1168.00000 (63), -1168.00000 (97), -1168.00000 (17), -1168.00000 (130), 
Length of domains: 27176
Current (lb-rhs): -1168.0
54268 domains visited
Time: pickout 0.0501    decision 0.2323    set_bounds 0.0080    solve 0.9254    add 0.0928    
Accumulated time: pickout 9.1247    decision 41.6984    set_bounds 1.9723    solve 153.6763    add 29.7802    
Cumulative time: 236.97359681129456

BaB round 214
batch: 128
splitting decisions: 
split level 0: [/74, 482] [/74, 612] [/74, 901] [/74, 201] [/74, 840] [/74, 449] [/74, 246] [/74, 93] [/74, 853] [/74, 748] 
best_l after optimization: -268007.6875
beta sum per layer: [0.0, 0.0, 0.0, 3.5761196613311768]
alpha/beta optimization time: 0.6138901710510254
pruning_in_iteration open status: False
ratio of positive domain = 0 / 256 = 0.0
pruning-in-iteration extra time: 0.002511739730834961
torch.Size([256, 1])
Time: prepare 0.0032    bound 0.6177    transfer 0.0059    finalize 0.0961    func 0.7230    
Accumulated time: func 154.2625    prepare 2.1489    bound 131.5968    transfer 1.4706    finalize 20.3991    
max lb tensor(-922.) min lb tensor(-1168.)
Number of Verified Splits: 0 of 256
Current worst splitting domains lb-rhs (depth):
-1168.00000 (163), -1168.00000 (125), -1168.00000 (177), -1168.00000 (74), -1168.00000 (55), -1168.00000 (9), -1168.00000 (201), -1168.00000 (22), -1168.00000 (55), -1168.00000 (177), -1168.00000 (210), -1168.00000 (95), -1168.00000 (148), -1168.00000 (55), -1168.00000 (177), -1168.00000 (95), -1168.00000 (74), -1168.00000 (88), -1168.00000 (56), -1168.00000 (22), 
Length of domains: 27304
Current (lb-rhs): -1168.0
54524 domains visited
Time: pickout 0.0505    decision 0.2052    set_bounds 0.0069    solve 0.7235    add 0.0825    
Accumulated time: pickout 9.1752    decision 41.9035    set_bounds 1.9792    solve 154.3998    add 29.8628    
Cumulative time: 238.0464596748352

BaB round 215
batch: 128
splitting decisions: 
split level 0: [/74, 462] [/74, 235] [/74, 430] [/74, 644] [/74, 282] [/74, 376] [/74, 275] [/74, 928] [/74, 622] [/74, 455] 
best_l after optimization: -268006.5625
beta sum per layer: [0.0, 0.0, 0.0, 3.424773693084717]
alpha/beta optimization time: 0.7987031936645508
pruning_in_iteration open status: False
ratio of positive domain = 0 / 256 = 0.0
pruning-in-iteration extra time: 0.00014591217041015625
torch.Size([256, 1])
Time: prepare 0.0031    bound 0.8001    transfer 0.0131    finalize 0.0950    func 0.9113    
Accumulated time: func 155.1738    prepare 2.1718    bound 132.3969    transfer 1.4836    finalize 20.4941    
max lb tensor(-922.) min lb tensor(-1168.)
Number of Verified Splits: 0 of 256
Current worst splitting domains lb-rhs (depth):
-1168.00000 (211), -1168.00000 (41), -1168.00000 (24), -1168.00000 (58), -1168.00000 (27), -1168.00000 (162), -1168.00000 (109), -1168.00000 (139), -1168.00000 (85), -1168.00000 (53), -1168.00000 (6), -1168.00000 (102), -1168.00000 (102), -1168.00000 (182), -1168.00000 (19), -1168.00000 (41), -1168.00000 (120), -1168.00000 (72), -1168.00000 (162), -1168.00000 (193), 
Length of domains: 27432
Current (lb-rhs): -1168.0
54780 domains visited
Time: pickout 0.0546    decision 0.3848    set_bounds 0.0070    solve 0.9118    add 0.0942    
Accumulated time: pickout 9.2298    decision 42.2883    set_bounds 1.9862    solve 155.3115    add 29.9570    
Cumulative time: 239.5023753643036

BaB round 216
batch: 128
splitting decisions: 
split level 0: [/74, 248] [/74, 767] [/74, 376] [/74, 346] [/74, 440] [/74, 716] [/74, 107] [/74, 999] [/74, 176] [/74, 430] 
best_l after optimization: -268006.0
beta sum per layer: [0.0, 0.0, 0.0, 3.3484842777252197]
alpha/beta optimization time: 0.8109934329986572
pruning_in_iteration open status: False
ratio of positive domain = 0 / 256 = 0.0
pruning-in-iteration extra time: 0.00024199485778808594
torch.Size([256, 1])
Time: prepare 0.0031    bound 0.8126    transfer 0.0130    finalize 0.0944    func 0.9231    
Accumulated time: func 156.0969    prepare 2.1895    bound 133.2095    transfer 1.4966    finalize 20.5885    
max lb tensor(-922.) min lb tensor(-1168.)
Number of Verified Splits: 0 of 256
Current worst splitting domains lb-rhs (depth):
-1168.00000 (162), -1168.00000 (200), -1168.00000 (161), -1168.00000 (26), -1168.00000 (79), -1168.00000 (186), -1168.00000 (45), -1168.00000 (79), -1168.00000 (162), -1168.00000 (103), -1168.00000 (124), -1168.00000 (10), -1168.00000 (211), -1168.00000 (79), -1168.00000 (113), -1168.00000 (45), -1168.00000 (45), -1168.00000 (186), -1168.00000 (26), -1168.00000 (78), 
Length of domains: 27560
Current (lb-rhs): -1168.0
55036 domains visited
Time: pickout 0.0494    decision 0.2044    set_bounds 0.0080    solve 0.9236    add 0.0922    
Accumulated time: pickout 9.2792    decision 42.4928    set_bounds 1.9942    solve 156.2351    add 30.0491    
Cumulative time: 240.78348326683044

BaB round 217
batch: 128
splitting decisions: 
split level 0: [/74, 503] [/74, 622] [/74, 716] [/74, 912] [/74, 926] [/74, 636] [/74, 942] [/74, 462] [/74, 1017] [/74, 376] 
best_l after optimization: -268005.75
beta sum per layer: [0.0, 0.0, 0.0, 3.328909397125244]
alpha/beta optimization time: 0.8109230995178223
pruning_in_iteration open status: False
ratio of positive domain = 0 / 256 = 0.0
pruning-in-iteration extra time: 0.0002124309539794922
torch.Size([256, 1])
Time: prepare 0.0031    bound 0.8124    transfer 0.0129    finalize 0.0929    func 0.9214    
Accumulated time: func 157.0183    prepare 2.1970    bound 134.0219    transfer 1.5095    finalize 20.6814    
max lb tensor(-922.) min lb tensor(-1168.)
Number of Verified Splits: 0 of 256
Current worst splitting domains lb-rhs (depth):
-1168.00000 (57), -1168.00000 (107), -1168.00000 (143), -1168.00000 (7), -1168.00000 (57), -1168.00000 (143), -1168.00000 (83), -1168.00000 (20), -1168.00000 (107), -1168.00000 (194), -1168.00000 (57), -1168.00000 (142), -1168.00000 (142), -1168.00000 (194), -1168.00000 (211), -1168.00000 (194), -1168.00000 (107), -1168.00000 (142), -1168.00000 (19), -1168.00000 (58), 
Length of domains: 27688
Current (lb-rhs): -1168.0
55292 domains visited
Time: pickout 0.0537    decision 0.1813    set_bounds 0.0071    solve 0.9219    add 0.0903    
Accumulated time: pickout 9.3329    decision 42.6741    set_bounds 2.0013    solve 157.1570    add 30.1394    
Cumulative time: 242.04106855392456

BaB round 218
batch: 128
splitting decisions: 
split level 0: [/74, 560] [/74, 176] [/74, 636] [/74, 967] [/74, 681] [/74, 558] [/74, 561] [/74, 248] [/74, 637] [/74, 636] 
best_l after optimization: -268005.375
beta sum per layer: [0.0, 0.0, 0.0, 3.303457260131836]
alpha/beta optimization time: 0.8107614517211914
pruning_in_iteration open status: False
ratio of positive domain = 0 / 256 = 0.0
pruning-in-iteration extra time: 0.0001461505889892578
torch.Size([256, 1])
Time: prepare 0.0031    bound 0.8122    transfer 0.0129    finalize 0.0949    func 0.9231    
Accumulated time: func 157.9414    prepare 2.2034    bound 134.8341    transfer 1.5224    finalize 20.7763    
max lb tensor(-922.) min lb tensor(-1168.)
Number of Verified Splits: 0 of 256
Current worst splitting domains lb-rhs (depth):
-1168.00000 (181), -1168.00000 (202), -1168.00000 (62), -1168.00000 (108), -1168.00000 (38), -1168.00000 (143), -1168.00000 (6), -1168.00000 (204), -1168.00000 (98), -1168.00000 (35), -1168.00000 (158), -1168.00000 (55), -1168.00000 (137), -1168.00000 (217), -1168.00000 (26), -1168.00000 (176), -1168.00000 (70), -1168.00000 (161), -1168.00000 (50), -1168.00000 (165), 
Length of domains: 27816
Current (lb-rhs): -1168.0
55548 domains visited
Time: pickout 0.0520    decision 0.1771    set_bounds 0.0046    solve 0.9235    add 0.0915    
Accumulated time: pickout 9.3849    decision 42.8512    set_bounds 2.0059    solve 158.0805    add 30.2309    
Cumulative time: 243.29303193092346

BaB round 219
batch: 128
splitting decisions: 
split level 0: [/74, 209] [/74, 651] [/74, 558] [/74, 642] [/74, 718] [/74, 590] [/74, 68] [/74, 811] [/74, 836] [/74, 590] 
best_l after optimization: -268005.0625
beta sum per layer: [0.0, 0.0, 0.0, 3.275318145751953]
alpha/beta optimization time: 0.808725118637085
pruning_in_iteration open status: False
ratio of positive domain = 0 / 256 = 0.0
pruning-in-iteration extra time: 0.0002071857452392578
torch.Size([256, 1])
Time: prepare 0.0031    bound 0.8102    transfer 0.0126    finalize 0.0946    func 0.9206    
Accumulated time: func 158.8620    prepare 2.2097    bound 135.6443    transfer 1.5350    finalize 20.8709    
max lb tensor(-922.) min lb tensor(-1168.)
Number of Verified Splits: 0 of 256
Current worst splitting domains lb-rhs (depth):
-1168.00000 (169), -1168.00000 (107), -1168.00000 (183), -1168.00000 (7), -1168.00000 (127), -1168.00000 (204), -1168.00000 (50), -1168.00000 (127), -1168.00000 (107), -1168.00000 (70), -1168.00000 (155), -1168.00000 (24), -1168.00000 (84), -1168.00000 (84), -1168.00000 (127), -1168.00000 (39), -1168.00000 (107), -1168.00000 (70), -1168.00000 (14), -1168.00000 (29), 
Length of domains: 27944
Current (lb-rhs): -1168.0
55804 domains visited
Time: pickout 0.0508    decision 0.1756    set_bounds 0.0046    solve 0.9211    add 0.0882    
Accumulated time: pickout 9.4358    decision 43.0268    set_bounds 2.0105    solve 159.0016    add 30.3191    
Cumulative time: 244.5364420413971

BaB round 220
batch: 128
splitting decisions: 
split level 0: [/74, 58] [/74, 1017] [/74, 253] [/74, 652] [/74, 51] [/74, 762] [/74, 140] [/74, 753] [/74, 412] [/74, 648] 
best_l after optimization: -268004.78125
beta sum per layer: [0.0, 0.0, 0.0, 3.235504627227783]
alpha/beta optimization time: 0.39389610290527344
pruning_in_iteration open status: False
ratio of positive domain = 0 / 256 = 0.0
pruning-in-iteration extra time: 7.295608520507812e-05
torch.Size([256, 1])
Time: prepare 0.0030    bound 0.3952    transfer 0.0128    finalize 0.0939    func 0.5049    
Accumulated time: func 159.3670    prepare 2.2336    bound 136.0395    transfer 1.5478    finalize 20.9648    
max lb tensor(-922.) min lb tensor(-1168.)
Number of Verified Splits: 0 of 256
Current worst splitting domains lb-rhs (depth):
-1168.00000 (36), -1168.00000 (186), -1168.00000 (110), -1168.00000 (158), -1168.00000 (114), -1168.00000 (105), -1168.00000 (63), -1168.00000 (206), -1168.00000 (78), -1168.00000 (38), -1168.00000 (89), -1168.00000 (24), -1168.00000 (177), -1168.00000 (51), -1168.00000 (166), -1168.00000 (52), -1168.00000 (195), -1168.00000 (147), -1168.00000 (119), -1168.00000 (34), 
Length of domains: 28072
Current (lb-rhs): -1168.0
56060 domains visited
Time: pickout 0.0534    decision 0.3443    set_bounds 0.0044    solve 0.5054    add 0.0916    
Accumulated time: pickout 9.4891    decision 43.3711    set_bounds 2.0149    solve 159.5070    add 30.4107    
Cumulative time: 245.53907370567322

BaB round 221
batch: 128
splitting decisions: 
split level 0: [/74, 293] [/74, 637] [/74, 590] [/74, 997] [/74, 968] [/74, 201] [/74, 398] [/74, 209] [/74, 349] [/74, 201] 
best_l after optimization: -268004.6875
beta sum per layer: [0.0, 0.0, 0.0, 3.895620822906494]
alpha/beta optimization time: 0.4002969264984131
pruning_in_iteration open status: False
ratio of positive domain = 0 / 256 = 0.0
pruning-in-iteration extra time: 0.00012302398681640625
torch.Size([256, 1])
Time: prepare 0.0031    bound 0.4017    transfer 0.0147    finalize 0.1082    func 0.5278    
Accumulated time: func 159.8948    prepare 2.2382    bound 136.4412    transfer 1.5625    finalize 21.0730    
max lb tensor(-922.) min lb tensor(-1168.)
Number of Verified Splits: 0 of 256
Current worst splitting domains lb-rhs (depth):
-1168.00000 (153), -1168.00000 (153), -1168.00000 (52), -1168.00000 (131), -1168.00000 (205), -1168.00000 (68), -1168.00000 (106), -1168.00000 (6), -1168.00000 (194), -1168.00000 (153), -1168.00000 (52), -1168.00000 (23), -1168.00000 (217), -1168.00000 (86), -1168.00000 (115), -1168.00000 (194), -1168.00000 (53), -1168.00000 (80), -1168.00000 (152), -1168.00000 (106), 
Length of domains: 28200
Current (lb-rhs): -1168.0
56316 domains visited
Time: pickout 0.0503    decision 0.1380    set_bounds 0.0049    solve 0.5283    add 0.0970    
Accumulated time: pickout 9.5394    decision 43.5090    set_bounds 2.0198    solve 160.0354    add 30.5077    
Cumulative time: 246.3626561164856

BaB round 222
batch: 128
splitting decisions: 
split level 0: [/74, 107] [/74, 119] [/74, 944] [/74, 578] [/74, 632] [/74, 912] [/74, 151] [/74, 186] [/74, 39] [/74, 912] 
best_l after optimization: -268008.3125
beta sum per layer: [0.0, 0.0, 0.0, 3.7277066707611084]
alpha/beta optimization time: 0.8268184661865234
pruning_in_iteration open status: False
ratio of positive domain = 0 / 256 = 0.0
pruning-in-iteration extra time: 0.0001246929168701172
torch.Size([256, 1])
Time: prepare 0.0031    bound 0.8283    transfer 0.0141    finalize 0.1028    func 0.9483    
Accumulated time: func 160.8431    prepare 2.2428    bound 137.2695    transfer 1.5766    finalize 21.1758    
max lb tensor(-922.) min lb tensor(-1168.)
Number of Verified Splits: 0 of 256
Current worst splitting domains lb-rhs (depth):
-1168.00000 (152), -1168.00000 (74), -1168.00000 (153), -1168.00000 (187), -1168.00000 (100), -1168.00000 (52), -1168.00000 (74), -1168.00000 (116), -1168.00000 (141), -1168.00000 (171), -1168.00000 (187), -1168.00000 (52), -1168.00000 (74), -1168.00000 (210), -1168.00000 (216), -1168.00000 (7), -1168.00000 (220), -1168.00000 (116), -1168.00000 (27), -1168.00000 (100), 
Length of domains: 28328
Current (lb-rhs): -1168.0
56572 domains visited
Time: pickout 0.0508    decision 0.1350    set_bounds 0.0047    solve 0.9488    add 0.0934    
Accumulated time: pickout 9.5901    decision 43.6441    set_bounds 2.0244    solve 160.9841    add 30.6011    
Cumulative time: 247.59971523284912

BaB round 223
batch: 128
splitting decisions: 
split level 0: [/74, 362] [/74, 349] [/74, 648] [/74, 572] [/74, 739] [/74, 325] [/74, 220] [/74, 936] [/74, 472] [/74, 325] 
best_l after optimization: -268007.0625
beta sum per layer: [0.0, 0.0, 0.0, 3.5651092529296875]
alpha/beta optimization time: 0.9190127849578857
pruning_in_iteration open status: False
ratio of positive domain = 0 / 256 = 0.0
pruning-in-iteration extra time: 0.00017404556274414062
torch.Size([256, 1])
Time: prepare 0.0034    bound 0.9206    transfer 0.0160    finalize 0.1101    func 1.0502    
Accumulated time: func 161.8933    prepare 2.2476    bound 138.1901    transfer 1.5927    finalize 21.2858    
max lb tensor(-922.) min lb tensor(-1168.)
Number of Verified Splits: 0 of 256
Current worst splitting domains lb-rhs (depth):
-1168.00000 (205), -1168.00000 (13), -1168.00000 (154), -1168.00000 (126), -1168.00000 (103), -1168.00000 (12), -1168.00000 (150), -1168.00000 (211), -1168.00000 (53), -1168.00000 (44), -1168.00000 (29), -1168.00000 (86), -1168.00000 (145), -1168.00000 (167), -1168.00000 (60), -1168.00000 (74), -1168.00000 (25), -1168.00000 (152), -1168.00000 (90), -1168.00000 (35), 
Length of domains: 28456
Current (lb-rhs): -1168.0
56828 domains visited
Time: pickout 0.0473    decision 0.1344    set_bounds 0.0081    solve 1.0506    add 0.1081    
Accumulated time: pickout 9.6375    decision 43.7785    set_bounds 2.0326    solve 162.0348    add 30.7092    
Cumulative time: 248.95126485824585

BaB round 224
batch: 128
splitting decisions: 
split level 0: [/74, 524] [/74, 472] [/74, 912] [/74, 516] [/74, 66] [/74, 652] [/74, 65] [/74, 154] [/74, 682] [/74, 967] 
best_l after optimization: -268006.6875
beta sum per layer: [0.0, 0.0, 0.0, 3.5063230991363525]
alpha/beta optimization time: 0.8125162124633789
pruning_in_iteration open status: False
ratio of positive domain = 0 / 256 = 0.0
pruning-in-iteration extra time: 8.726119995117188e-05
torch.Size([256, 1])
Time: prepare 0.0118    bound 0.8140    transfer 0.0043    finalize 0.0964    func 0.9265    
Accumulated time: func 162.8198    prepare 2.2698    bound 139.0041    transfer 1.5969    finalize 21.3822    
max lb tensor(-922.) min lb tensor(-1168.)
Number of Verified Splits: 0 of 256
Current worst splitting domains lb-rhs (depth):
-1168.00000 (20), -1168.00000 (97), -1168.00000 (212), -1168.00000 (97), -1168.00000 (156), -1168.00000 (20), -1168.00000 (98), -1168.00000 (156), -1168.00000 (98), -1168.00000 (212), -1168.00000 (157), -1168.00000 (98), -1168.00000 (156), -1168.00000 (20), -1168.00000 (99), -1168.00000 (155), -1168.00000 (213), -1168.00000 (99), -1168.00000 (155), -1168.00000 (96), 
Length of domains: 28584
Current (lb-rhs): -1168.0
57084 domains visited
Time: pickout 0.0554    decision 0.3609    set_bounds 0.0120    solve 0.9270    add 0.0808    
Accumulated time: pickout 9.6929    decision 44.1393    set_bounds 2.0446    solve 162.9618    add 30.7900    
Cumulative time: 250.3896234035492

BaB round 225
batch: 128
splitting decisions: 
split level 0: [/74, 942] [/74, 416] [/74, 325] [/74, 482] [/55, 241] [/74, 578] [/74, 681] [/74, 246] [/74, 493] [/74, 642] 
best_l after optimization: -268006.34375
beta sum per layer: [0.0, 0.0, 0.0, 3.474416732788086]
alpha/beta optimization time: 0.8094196319580078
pruning_in_iteration open status: False
ratio of positive domain = 0 / 256 = 0.0
pruning-in-iteration extra time: 0.00030612945556640625
torch.Size([256, 1])
Time: prepare 0.0034    bound 0.8111    transfer 0.0040    finalize 0.0973    func 0.9159    
Accumulated time: func 163.7356    prepare 2.2897    bound 139.8152    transfer 1.6010    finalize 21.4795    
max lb tensor(-922.) min lb tensor(-1168.)
Number of Verified Splits: 0 of 256
Current worst splitting domains lb-rhs (depth):
-1168.00000 (72), -1168.00000 (40), -1168.00000 (110), -1168.00000 (188), -1168.00000 (159), -1168.00000 (51), -1168.00000 (196), -1168.00000 (174), -1168.00000 (86), -1168.00000 (130), -1168.00000 (220), -1168.00000 (210), -1168.00000 (110), -1168.00000 (71), -1168.00000 (159), -1168.00000 (24), -1168.00000 (40), -1168.00000 (130), -1168.00000 (7), -1168.00000 (51), 
Length of domains: 28712
Current (lb-rhs): -1168.0
57340 domains visited
Time: pickout 0.0555    decision 0.4355    set_bounds 0.0077    solve 0.9164    add 0.0840    
Accumulated time: pickout 9.7484    decision 44.5748    set_bounds 2.0523    solve 163.8781    add 30.8741    
Cumulative time: 251.89129877090454

BaB round 226
batch: 128
splitting decisions: 
split level 0: [/74, 840] [/74, 387] [/74, 652] [/74, 928] [/55, 47] [/74, 276] [/74, 330] [/74, 903] [/74, 278] [/74, 652] 
best_l after optimization: -268006.15625
beta sum per layer: [0.0, 0.0, 0.0, 3.441573143005371]
alpha/beta optimization time: 0.8044116497039795
pruning_in_iteration open status: False
ratio of positive domain = 0 / 256 = 0.0
pruning-in-iteration extra time: 0.0001475811004638672
torch.Size([256, 1])
Time: prepare 0.0035    bound 0.8059    transfer 0.0041    finalize 0.0962    func 0.9097    
Accumulated time: func 164.6453    prepare 2.3086    bound 140.6211    transfer 1.6050    finalize 21.5757    
max lb tensor(-922.) min lb tensor(-1168.)
Number of Verified Splits: 0 of 256
Current worst splitting domains lb-rhs (depth):
-1168.00000 (196), -1168.00000 (150), -1168.00000 (147), -1168.00000 (215), -1168.00000 (12), -1168.00000 (162), -1168.00000 (71), -1168.00000 (172), -1168.00000 (23), -1168.00000 (87), -1168.00000 (128), -1168.00000 (221), -1168.00000 (67), -1168.00000 (78), -1168.00000 (109), -1168.00000 (220), -1168.00000 (142), -1168.00000 (152), -1168.00000 (120), -1168.00000 (122), 
Length of domains: 28840
Current (lb-rhs): -1168.0
57596 domains visited
Time: pickout 0.0475    decision 0.3696    set_bounds 0.0076    solve 0.9102    add 0.0792    
Accumulated time: pickout 9.7959    decision 44.9444    set_bounds 2.0600    solve 164.7884    add 30.9532    
Cumulative time: 253.30772233009338

BaB round 227
batch: 128
splitting decisions: 
split level 0: [/74, 428] [/74, 493] [/74, 997] [/74, 999] [/55, 507] [/74, 482] [/74, 718] [/74, 275] [/74, 418] [/74, 997] 
best_l after optimization: -268006.0625
beta sum per layer: [0.0, 0.0, 0.005561240948736668, 4.052555084228516]
alpha/beta optimization time: 0.799229621887207
pruning_in_iteration open status: False
ratio of positive domain = 0 / 256 = 0.0
pruning-in-iteration extra time: 0.00021028518676757812
torch.Size([256, 1])
Time: prepare 0.0035    bound 0.8008    transfer 0.0045    finalize 0.0981    func 0.9069    
Accumulated time: func 165.5523    prepare 2.3250    bound 141.4220    transfer 1.6095    finalize 21.6738    
max lb tensor(-922.) min lb tensor(-1168.)
Number of Verified Splits: 0 of 256
Current worst splitting domains lb-rhs (depth):
-1168.00000 (52), -1168.00000 (83), -1168.00000 (52), -1168.00000 (117), -1168.00000 (9), -1168.00000 (160), -1168.00000 (198), -1168.00000 (219), -1168.00000 (159), -1168.00000 (52), -1168.00000 (83), -1168.00000 (117), -1168.00000 (159), -1168.00000 (198), -1168.00000 (24), -1168.00000 (117), -1168.00000 (24), -1168.00000 (159), -1168.00000 (82), -1168.00000 (218), 
Length of domains: 28968
Current (lb-rhs): -1168.0
57852 domains visited
Time: pickout 0.0458    decision 0.3480    set_bounds 0.0073    solve 0.9075    add 0.0950    
Accumulated time: pickout 9.8417    decision 45.2924    set_bounds 2.0673    solve 165.6958    add 31.0482    
Cumulative time: 254.71429252624512

BaB round 228
batch: 128
splitting decisions: 
split level 0: [/74, 140] [/74, 303] [/74, 578] [/74, 462] [/55, 508] [/74, 389] [/74, 148] [/74, 107] [/74, 748] [/74, 578] 
best_l after optimization: -268008.625
beta sum per layer: [0.0, 0.0011106763267889619, 0.003916861955076456, 3.721669912338257]
alpha/beta optimization time: 0.77903151512146
pruning_in_iteration open status: False
ratio of positive domain = 0 / 256 = 0.0
pruning-in-iteration extra time: 0.00014519691467285156
torch.Size([256, 1])
Time: prepare 0.0142    bound 0.7805    transfer 0.0043    finalize 0.1005    func 0.8995    
Accumulated time: func 166.4518    prepare 2.3412    bound 142.2025    transfer 1.6138    finalize 21.7743    
max lb tensor(-922.) min lb tensor(-1168.)
Number of Verified Splits: 0 of 256
Current worst splitting domains lb-rhs (depth):
-1168.00000 (206), -1168.00000 (143), -1168.00000 (13), -1168.00000 (75), -1168.00000 (222), -1168.00000 (102), -1168.00000 (59), -1168.00000 (118), -1168.00000 (88), -1168.00000 (38), -1168.00000 (44), -1168.00000 (19), -1168.00000 (157), -1168.00000 (127), -1168.00000 (42), -1168.00000 (198), -1168.00000 (225), -1168.00000 (69), -1168.00000 (167), -1168.00000 (93), 
Length of domains: 29096
Current (lb-rhs): -1168.0
58108 domains visited
Time: pickout 0.0597    decision 0.1450    set_bounds 0.3255    solve 0.9001    add 0.0887    
Accumulated time: pickout 9.9014    decision 45.4373    set_bounds 2.3928    solve 166.5959    add 31.1369    
Cumulative time: 256.235803604126

BaB round 229
batch: 128
splitting decisions: 
split level 0: [/74, 398] [/74, 25] [/74, 516] [/74, 811] [/55, 963] [/74, 928] [/74, 914] [/74, 362] [/74, 339] [/74, 276] 
best_l after optimization: -268007.5
beta sum per layer: [0.0, 0.0011106763267889619, 0.003294187132269144, 3.6189124584198]
alpha/beta optimization time: 0.7707970142364502
pruning_in_iteration open status: False
ratio of positive domain = 0 / 256 = 0.0
pruning-in-iteration extra time: 0.002303600311279297
torch.Size([256, 1])
Time: prepare 0.0035    bound 0.7745    transfer 0.0062    finalize 0.1086    func 0.8927    
Accumulated time: func 167.3446    prepare 2.3675    bound 142.9770    transfer 1.6200    finalize 21.8829    
max lb tensor(-922.) min lb tensor(-1168.)
Number of Verified Splits: 0 of 256
Current worst splitting domains lb-rhs (depth):
-1168.00000 (126), -1168.00000 (42), -1168.00000 (127), -1168.00000 (145), -1168.00000 (34), -1168.00000 (86), -1168.00000 (218), -1168.00000 (64), -1168.00000 (11), -1168.00000 (77), -1168.00000 (197), -1168.00000 (77), -1168.00000 (164), -1168.00000 (186), -1168.00000 (26), -1168.00000 (114), -1168.00000 (175), -1168.00000 (144), -1168.00000 (127), -1168.00000 (186), 
Length of domains: 29224
Current (lb-rhs): -1168.0
58364 domains visited
Time: pickout 0.0635    decision 0.4223    set_bounds 0.0073    solve 0.8933    add 0.0881    
Accumulated time: pickout 9.9648    decision 45.8596    set_bounds 2.4001    solve 167.4892    add 31.2250    
Cumulative time: 257.71282935142517

BaB round 230
batch: 128
splitting decisions: 
split level 0: [/74, 282] [/74, 278] [/74, 482] [/74, 881] [/55, 961] [/74, 999] [/74, 989] [/74, 524] [/74, 430] [/74, 572] 
best_l after optimization: -268006.8125
beta sum per layer: [0.0, 0.0, 0.004399165511131287, 3.5214009284973145]
alpha/beta optimization time: 0.8067553043365479
pruning_in_iteration open status: False
ratio of positive domain = 0 / 256 = 0.0
pruning-in-iteration extra time: 0.00021338462829589844
torch.Size([256, 1])
Time: prepare 0.0035    bound 0.8083    transfer 0.0035    finalize 0.0983    func 0.9136    
Accumulated time: func 168.2582    prepare 2.3763    bound 143.7852    transfer 1.6235    finalize 21.9812    
max lb tensor(-922.) min lb tensor(-1168.)
Number of Verified Splits: 0 of 256
Current worst splitting domains lb-rhs (depth):
-1168.00000 (150), -1168.00000 (39), -1168.00000 (185), -1168.00000 (22), -1168.00000 (130), -1168.00000 (12), -1168.00000 (66), -1168.00000 (77), -1168.00000 (89), -1168.00000 (105), -1168.00000 (123), -1168.00000 (213), -1168.00000 (160), -1168.00000 (118), -1168.00000 (47), -1168.00000 (100), -1168.00000 (153), -1168.00000 (17), -1168.00000 (157), -1168.00000 (81), 
Length of domains: 29352
Current (lb-rhs): -1168.0
58620 domains visited
Time: pickout 0.0480    decision 0.3515    set_bounds 0.0080    solve 0.9142    add 0.0823    
Accumulated time: pickout 10.0128    decision 46.2111    set_bounds 2.4081    solve 168.4034    add 31.3073    
Cumulative time: 259.11970043182373

BaB round 231
batch: 128
splitting decisions: 
split level 0: [/74, 440] [/74, 418] [/74, 518] [/74, 936] [/55, 9] [/74, 687] [/74, 930] [/74, 942] [/74, 716] [/74, 516] 
best_l after optimization: -268006.46875
beta sum per layer: [0.0, 0.0, 0.004399165511131287, 3.5015108585357666]
alpha/beta optimization time: 0.8230838775634766
pruning_in_iteration open status: False
ratio of positive domain = 0 / 256 = 0.0
pruning-in-iteration extra time: 3.910064697265625e-05
torch.Size([256, 1])
Time: prepare 0.0036    bound 0.8244    transfer 0.0040    finalize 0.1010    func 0.9331    
Accumulated time: func 169.1913    prepare 2.3843    bound 144.6097    transfer 1.6275    finalize 22.0822    
max lb tensor(-922.) min lb tensor(-1168.)
Number of Verified Splits: 0 of 256
Current worst splitting domains lb-rhs (depth):
-1168.00000 (145), -1168.00000 (225), -1168.00000 (90), -1168.00000 (146), -1168.00000 (65), -1168.00000 (203), -1168.00000 (146), -1168.00000 (65), -1168.00000 (145), -1168.00000 (23), -1168.00000 (203), -1168.00000 (111), -1168.00000 (145), -1168.00000 (65), -1168.00000 (24), -1168.00000 (90), -1168.00000 (203), -1168.00000 (23), -1168.00000 (66), -1168.00000 (144), 
Length of domains: 29480
Current (lb-rhs): -1168.0
58876 domains visited
Time: pickout 0.0598    decision 0.1505    set_bounds 0.0074    solve 0.9336    add 0.0862    
Accumulated time: pickout 10.0727    decision 46.3617    set_bounds 2.4155    solve 169.3370    add 31.3935    
Cumulative time: 260.3602828979492

BaB round 232
batch: 128
splitting decisions: 
split level 0: [/74, 151] [/74, 664] [/74, 928] [/74, 154] [/55, 221] [/74, 811] [/74, 144] [/74, 840] [/74, 636] [/74, 482] 
best_l after optimization: -268006.3125
beta sum per layer: [0.0, 0.01686238683760166, 0.02233949303627014, 4.067615509033203]
alpha/beta optimization time: 0.8156223297119141
pruning_in_iteration open status: False
ratio of positive domain = 0 / 256 = 0.0
pruning-in-iteration extra time: 0.0002655982971191406
torch.Size([256, 1])
Time: prepare 0.0036    bound 0.8172    transfer 0.0041    finalize 0.0969    func 0.9220    
Accumulated time: func 170.1133    prepare 2.3935    bound 145.4269    transfer 1.6316    finalize 22.1791    
max lb tensor(-922.) min lb tensor(-1168.)
Number of Verified Splits: 0 of 256
Current worst splitting domains lb-rhs (depth):
-1168.00000 (146), -1168.00000 (187), -1168.00000 (100), -1168.00000 (7), -1168.00000 (66), -1168.00000 (162), -1168.00000 (187), -1168.00000 (67), -1168.00000 (21), -1168.00000 (220), -1168.00000 (67), -1168.00000 (132), -1168.00000 (100), -1168.00000 (186), -1168.00000 (66), -1168.00000 (67), -1168.00000 (186), -1168.00000 (116), -1168.00000 (123), -1168.00000 (21), 
Length of domains: 29608
Current (lb-rhs): -1168.0
59132 domains visited
Time: pickout 0.0689    decision 0.2808    set_bounds 0.0075    solve 0.9225    add 0.0872    
Accumulated time: pickout 10.1416    decision 46.6425    set_bounds 2.4230    solve 170.2595    add 31.4807    
Cumulative time: 261.72940325737

BaB round 233
batch: 128
splitting decisions: 
split level 0: [/74, 220] [/74, 901] [/74, 999] [/74, 903] [/55, 348] [/74, 560] [/74, 546] [/74, 68] [/74, 762] [/74, 389] 
best_l after optimization: -268009.1875
beta sum per layer: [0.0, 0.021642886102199554, 0.013877268880605698, 3.8002476692199707]
alpha/beta optimization time: 0.8261470794677734
pruning_in_iteration open status: False
ratio of positive domain = 0 / 256 = 0.0
pruning-in-iteration extra time: 0.00014543533325195312
torch.Size([256, 1])
Time: prepare 0.0037    bound 0.8276    transfer 0.0042    finalize 0.0957    func 0.9312    
Accumulated time: func 171.0445    prepare 2.3992    bound 146.2545    transfer 1.6358    finalize 22.2748    
max lb tensor(-922.) min lb tensor(-1168.)
Number of Verified Splits: 0 of 256
Current worst splitting domains lb-rhs (depth):
-1168.00000 (222), -1168.00000 (125), -1168.00000 (81), -1168.00000 (125), -1168.00000 (172), -1168.00000 (199), -1168.00000 (81), -1168.00000 (11), -1168.00000 (28), -1168.00000 (171), -1168.00000 (47), -1168.00000 (125), -1168.00000 (172), -1168.00000 (124), -1168.00000 (82), -1168.00000 (47), -1168.00000 (172), -1168.00000 (126), -1168.00000 (127), -1168.00000 (80), 
Length of domains: 29736
Current (lb-rhs): -1168.0
59388 domains visited
Time: pickout 0.0646    decision 0.1435    set_bounds 0.0086    solve 0.9318    add 0.0839    
Accumulated time: pickout 10.2062    decision 46.7860    set_bounds 2.4316    solve 171.1912    add 31.5646    
Cumulative time: 262.96408700942993

BaB round 234
batch: 128
splitting decisions: 
split level 0: [/74, 926] [/74, 748] [/74, 462] [/74, 275] [/49, 3596] [/74, 946] [/55, 1089] [/74, 428] [/74, 859] [/74, 518] 
best_l after optimization: -268008.4375
beta sum per layer: [0.0, 0.02150927111506462, 0.01835886761546135, 3.667902946472168]
alpha/beta optimization time: 0.8257365226745605
pruning_in_iteration open status: False
ratio of positive domain = 0 / 256 = 0.0
pruning-in-iteration extra time: 0.0001442432403564453
torch.Size([256, 1])
Time: prepare 0.0036    bound 0.8272    transfer 0.0039    finalize 0.0968    func 0.9315    
Accumulated time: func 171.9760    prepare 2.4049    bound 147.0817    transfer 1.6397    finalize 22.3716    
max lb tensor(-922.) min lb tensor(-1168.)
Number of Verified Splits: 0 of 256
Current worst splitting domains lb-rhs (depth):
-1168.00000 (7), -1168.00000 (51), -1168.00000 (134), -1168.00000 (206), -1168.00000 (76), -1168.00000 (162), -1168.00000 (43), -1168.00000 (187), -1168.00000 (28), -1168.00000 (140), -1168.00000 (11), -1168.00000 (63), -1168.00000 (92), -1168.00000 (224), -1168.00000 (232), -1168.00000 (131), -1168.00000 (110), -1168.00000 (170), -1168.00000 (104), -1168.00000 (217), 
Length of domains: 29864
Current (lb-rhs): -1168.0
59644 domains visited
Time: pickout 0.0616    decision 0.1398    set_bounds 0.0072    solve 0.9321    add 0.0886    
Accumulated time: pickout 10.2678    decision 46.9258    set_bounds 2.4388    solve 172.1234    add 31.6531    
Cumulative time: 264.19611287117004

BaB round 235
batch: 128
splitting decisions: 
split level 0: [/74, 121] [/74, 339] [/74, 811] [/74, 107] [/49, 4623] [/74, 881] [/55, 949] [/74, 398] [/74, 648] [/74, 928] 
best_l after optimization: -268007.625
beta sum per layer: [0.0, 0.02150927111506462, 0.01835886761546135, 3.55497670173645]
alpha/beta optimization time: 0.820317268371582
pruning_in_iteration open status: False
ratio of positive domain = 0 / 256 = 0.0
pruning-in-iteration extra time: 0.00020575523376464844
torch.Size([256, 1])
Time: prepare 0.0035    bound 0.8218    transfer 0.0036    finalize 0.0949    func 0.9240    
Accumulated time: func 172.9000    prepare 2.4109    bound 147.9036    transfer 1.6433    finalize 22.4665    
max lb tensor(-922.) min lb tensor(-1168.)
Number of Verified Splits: 0 of 256
Current worst splitting domains lb-rhs (depth):
-1168.00000 (54), -1168.00000 (45), -1168.00000 (50), -1168.00000 (83), -1168.00000 (38), -1168.00000 (213), -1168.00000 (95), -1168.00000 (19), -1168.00000 (231), -1168.00000 (135), -1168.00000 (176), -1168.00000 (9), -1168.00000 (197), -1168.00000 (153), -1168.00000 (116), -1168.00000 (226), -1168.00000 (165), -1168.00000 (142), -1168.00000 (214), -1168.00000 (161), 
Length of domains: 29992
Current (lb-rhs): -1168.0
59900 domains visited
Time: pickout 0.0649    decision 0.1601    set_bounds 0.0072    solve 0.9245    add 0.0851    
Accumulated time: pickout 10.3328    decision 47.0859    set_bounds 2.4460    solve 173.0478    add 31.7383    
Cumulative time: 265.44054341316223

BaB round 236
batch: 128
splitting decisions: 
split level 0: [/74, 231] [/74, 449] [/74, 503] [/74, 524] [/49, 3657] [/74, 209] [/55, 521] [/74, 151] [/74, 652] [/74, 999] 
best_l after optimization: -268007.3125
beta sum per layer: [0.0, 0.02150927111506462, 0.01835886761546135, 3.5390071868896484]
alpha/beta optimization time: 0.8261673450469971
pruning_in_iteration open status: False
ratio of positive domain = 0 / 256 = 0.0
pruning-in-iteration extra time: 3.647804260253906e-05
torch.Size([256, 1])
Time: prepare 0.0036    bound 0.8276    transfer 0.0040    finalize 0.0949    func 0.9301    
Accumulated time: func 173.8301    prepare 2.4166    bound 148.7312    transfer 1.6473    finalize 22.5614    
max lb tensor(-922.) min lb tensor(-1168.)
Number of Verified Splits: 0 of 256
Current worst splitting domains lb-rhs (depth):
-1168.00000 (25), -1168.00000 (41), -1168.00000 (132), -1168.00000 (70), -1168.00000 (85), -1168.00000 (105), -1168.00000 (163), -1168.00000 (115), -1168.00000 (140), -1168.00000 (234), -1168.00000 (71), -1168.00000 (15), -1168.00000 (178), -1168.00000 (152), -1168.00000 (51), -1168.00000 (143), -1168.00000 (188), -1168.00000 (149), -1168.00000 (51), -1168.00000 (31), 
Length of domains: 30120
Current (lb-rhs): -1168.0
60156 domains visited
Time: pickout 0.0665    decision 0.1407    set_bounds 0.0073    solve 0.9306    add 0.0893    
Accumulated time: pickout 10.3993    decision 47.2266    set_bounds 2.4533    solve 173.9785    add 31.8276    
Cumulative time: 266.67727184295654

BaB round 237
batch: 128
splitting decisions: 
split level 0: [/74, 365] [/74, 376] [/74, 560] [/74, 48] [/49, 4610] [/74, 936] [/55, 887] [/74, 220] [/74, 997] [/74, 248] 
best_l after optimization: -268006.875
beta sum per layer: [0.0, 0.03079097345471382, 0.06658607721328735, 4.12443208694458]
alpha/beta optimization time: 0.8280627727508545
pruning_in_iteration open status: False
ratio of positive domain = 0 / 256 = 0.0
pruning-in-iteration extra time: 0.00011348724365234375
torch.Size([256, 1])
Time: prepare 0.0037    bound 0.8296    transfer 0.0036    finalize 0.0945    func 0.9315    
Accumulated time: func 174.7616    prepare 2.4222    bound 149.5608    transfer 1.6509    finalize 22.6559    
max lb tensor(-922.) min lb tensor(-1168.)
Number of Verified Splits: 0 of 256
Current worst splitting domains lb-rhs (depth):
-1168.00000 (96), -1168.00000 (224), -1168.00000 (20), -1168.00000 (43), -1168.00000 (140), -1168.00000 (60), -1168.00000 (188), -1168.00000 (178), -1168.00000 (130), -1168.00000 (213), -1168.00000 (35), -1168.00000 (27), -1168.00000 (232), -1168.00000 (204), -1168.00000 (46), -1168.00000 (73), -1168.00000 (192), -1168.00000 (12), -1168.00000 (39), -1168.00000 (109), 
Length of domains: 30248
Current (lb-rhs): -1168.0
60412 domains visited
Time: pickout 0.0539    decision 0.1456    set_bounds 0.0075    solve 0.9320    add 0.0816    
Accumulated time: pickout 10.4531    decision 47.3722    set_bounds 2.4608    solve 174.9104    add 31.9092    
Cumulative time: 267.9001364707947

BaB round 238
batch: 128
splitting decisions: 
split level 0: [/74, 330] [/74, 716] [/74, 753] [/74, 942] [/49, 9017] [/74, 58] [/55, 899] [/74, 414] [/74, 578] [/74, 811] 
best_l after optimization: -268010.53125
beta sum per layer: [0.0, 0.028426270931959152, 0.06927935779094696, 3.8294973373413086]
alpha/beta optimization time: 0.8114242553710938
pruning_in_iteration open status: False
ratio of positive domain = 0 / 256 = 0.0
pruning-in-iteration extra time: 0.0001461505889892578
torch.Size([256, 1])
Time: prepare 0.0038    bound 0.8130    transfer 0.0038    finalize 0.0915    func 0.9121    
Accumulated time: func 175.6737    prepare 2.4306    bound 150.3737    transfer 1.6547    finalize 22.7474    
max lb tensor(-922.) min lb tensor(-1168.)
Number of Verified Splits: 0 of 256
Current worst splitting domains lb-rhs (depth):
-1168.00000 (156), -1168.00000 (216), -1168.00000 (162), -1168.00000 (170), -1168.00000 (184), -1168.00000 (108), -1168.00000 (98), -1168.00000 (118), -1168.00000 (52), -1168.00000 (127), -1168.00000 (149), -1168.00000 (203), -1168.00000 (79), -1168.00000 (170), -1168.00000 (41), -1168.00000 (98), -1168.00000 (230), -1168.00000 (211), -1168.00000 (44), -1168.00000 (206), 
Length of domains: 30376
Current (lb-rhs): -1168.0
60668 domains visited
Time: pickout 0.0486    decision 0.3038    set_bounds 0.0076    solve 0.9126    add 0.0830    
Accumulated time: pickout 10.5017    decision 47.6760    set_bounds 2.4684    solve 175.8230    add 31.9922    
Cumulative time: 269.25781440734863

BaB round 239
batch: 128
splitting decisions: 
split level 0: [/74, 718] [/74, 636] [/74, 881] [/74, 68] [/49, 3630] [/74, 246] [/55, 937] [/74, 589] [/74, 276] [/74, 560] 
best_l after optimization: -268009.59375
beta sum per layer: [0.0, 0.03967494145035744, 0.06434332579374313, 3.6764323711395264]
alpha/beta optimization time: 0.8274374008178711
pruning_in_iteration open status: False
ratio of positive domain = 0 / 256 = 0.0
pruning-in-iteration extra time: 3.409385681152344e-05
torch.Size([256, 1])
Time: prepare 0.0037    bound 0.8288    transfer 0.0036    finalize 0.0907    func 0.9268    
Accumulated time: func 176.6005    prepare 2.4376    bound 151.2025    transfer 1.6583    finalize 22.8381    
max lb tensor(-922.) min lb tensor(-1168.)
Number of Verified Splits: 0 of 256
Current worst splitting domains lb-rhs (depth):
-1168.00000 (46), -1168.00000 (134), -1168.00000 (6), -1168.00000 (23), -1168.00000 (94), -1168.00000 (202), -1168.00000 (113), -1168.00000 (180), -1168.00000 (162), -1168.00000 (121), -1168.00000 (154), -1168.00000 (79), -1168.00000 (65), -1168.00000 (180), -1168.00000 (30), -1168.00000 (53), -1168.00000 (170), -1168.00000 (225), -1168.00000 (231), -1168.00000 (211), 
Length of domains: 30504
Current (lb-rhs): -1168.0
60924 domains visited
Time: pickout 0.0604    decision 0.1506    set_bounds 0.0106    solve 0.9272    add 0.0788    
Accumulated time: pickout 10.5621    decision 47.8266    set_bounds 2.4790    solve 176.7502    add 32.0710    
Cumulative time: 270.4876627922058

BaB round 240
batch: 128
splitting decisions: 
split level 0: [/74, 959] [/74, 944] [/74, 209] [/74, 440] [/49, 4595] [/74, 903] [/55, 73] [/74, 681] [/74, 389] [/74, 946] 
best_l after optimization: -268009.28125
beta sum per layer: [0.0, 0.029084462672472, 0.07212604582309723, 3.62105131149292]
alpha/beta optimization time: 0.8663654327392578
pruning_in_iteration open status: False
ratio of positive domain = 0 / 256 = 0.0
pruning-in-iteration extra time: 0.002318143844604492
torch.Size([256, 1])
Time: prepare 0.0036    bound 0.8700    transfer 0.0041    finalize 0.0884    func 0.9661    
Accumulated time: func 177.5666    prepare 2.4427    bound 152.0725    transfer 1.6624    finalize 22.9265    
max lb tensor(-922.) min lb tensor(-1168.)
Number of Verified Splits: 0 of 256
Current worst splitting domains lb-rhs (depth):
-1168.00000 (165), -1168.00000 (29), -1168.00000 (13), -1168.00000 (234), -1168.00000 (202), -1168.00000 (56), -1168.00000 (222), -1168.00000 (80), -1168.00000 (126), -1168.00000 (185), -1168.00000 (152), -1168.00000 (108), -1168.00000 (56), -1168.00000 (202), -1168.00000 (152), -1168.00000 (7), -1168.00000 (80), -1168.00000 (22), -1168.00000 (57), -1168.00000 (125), 
Length of domains: 30632
Current (lb-rhs): -1168.0
61180 domains visited
Time: pickout 0.0493    decision 0.1349    set_bounds 0.0076    solve 0.9666    add 0.0768    
Accumulated time: pickout 10.6114    decision 47.9615    set_bounds 2.4866    solve 177.7168    add 32.1477    
Cumulative time: 271.72491240501404

BaB round 241
batch: 128
splitting decisions: 
split level 0: [/74, 217] [/74, 859] [/74, 186] [/74, 414] [/49, 3594] [/74, 275] [/55, 432] [/74, 231] [/74, 928] [/74, 881] 
best_l after optimization: -268008.6875
beta sum per layer: [0.0, 0.027316659688949585, 0.0751345157623291, 3.582139015197754]
alpha/beta optimization time: 0.8493199348449707
pruning_in_iteration open status: False
ratio of positive domain = 0 / 256 = 0.0
pruning-in-iteration extra time: 3.719329833984375e-05
torch.Size([256, 1])
Time: prepare 0.0141    bound 0.8508    transfer 0.0038    finalize 0.0925    func 0.9612    
Accumulated time: func 178.5278    prepare 2.4587    bound 152.9233    transfer 1.6662    finalize 23.0190    
max lb tensor(-922.) min lb tensor(-1168.)
Number of Verified Splits: 0 of 256
Current worst splitting domains lb-rhs (depth):
-1168.00000 (13), -1168.00000 (135), -1168.00000 (80), -1168.00000 (31), -1168.00000 (202), -1168.00000 (134), -1168.00000 (227), -1168.00000 (80), -1168.00000 (185), -1168.00000 (134), -1168.00000 (13), -1168.00000 (81), -1168.00000 (134), -1168.00000 (227), -1168.00000 (44), -1168.00000 (185), -1168.00000 (133), -1168.00000 (81), -1168.00000 (133), -1168.00000 (136), 
Length of domains: 30760
Current (lb-rhs): -1168.0
61436 domains visited
Time: pickout 0.0480    decision 0.2562    set_bounds 0.0194    solve 0.9617    add 0.0849    
Accumulated time: pickout 10.6594    decision 48.2177    set_bounds 2.5060    solve 178.6786    add 32.2326    
Cumulative time: 273.0972156524658

BaB round 242
batch: 128
splitting decisions: 
split level 0: [/74, 314] [/74, 648] [/74, 936] [/74, 724] [/49, 3460] [/74, 107] [/55, 1141] [/74, 330] [/74, 687] [/74, 209] 
best_l after optimization: -268008.53125
beta sum per layer: [0.0, 0.10841940343379974, 0.16145506501197815, 4.179890155792236]
alpha/beta optimization time: 0.7918877601623535
pruning_in_iteration open status: False
ratio of positive domain = 0 / 256 = 0.0
pruning-in-iteration extra time: 0.002547740936279297
torch.Size([256, 1])
Time: prepare 0.0036    bound 0.7958    transfer 0.0055    finalize 0.0802    func 0.8851    
Accumulated time: func 179.4129    prepare 2.4782    bound 153.7191    transfer 1.6716    finalize 23.0991    
max lb tensor(-922.) min lb tensor(-1168.)
Number of Verified Splits: 0 of 256
Current worst splitting domains lb-rhs (depth):
-1168.00000 (171), -1168.00000 (101), -1168.00000 (220), -1168.00000 (171), -1168.00000 (15), -1168.00000 (102), -1168.00000 (234), -1168.00000 (102), -1168.00000 (171), -1168.00000 (102), -1168.00000 (172), -1168.00000 (15), -1168.00000 (103), -1168.00000 (43), -1168.00000 (214), -1168.00000 (170), -1168.00000 (103), -1168.00000 (234), -1168.00000 (103), -1168.00000 (172), 
Length of domains: 30888
Current (lb-rhs): -1168.0
61692 domains visited
Time: pickout 0.0589    decision 0.4294    set_bounds 0.0072    solve 0.8855    add 0.0792    
Accumulated time: pickout 10.7183    decision 48.6472    set_bounds 2.5132    solve 179.5641    add 32.3118    
Cumulative time: 274.56103897094727

BaB round 243
batch: 128
splitting decisions: 
split level 0: [/74, 968] [/74, 644] [/74, 154] [/74, 926] [/49, 4608] [/74, 48] [/55, 1462] [/74, 718] [/74, 462] [/74, 11] 
best_l after optimization: -268012.4375
beta sum per layer: [0.0, 0.07890630513429642, 0.16843901574611664, 3.8613357543945312]
alpha/beta optimization time: 0.816957950592041
pruning_in_iteration open status: False
ratio of positive domain = 0 / 256 = 0.0
pruning-in-iteration extra time: 0.00014591217041015625
torch.Size([256, 1])
Time: prepare 0.0037    bound 0.8184    transfer 0.0035    finalize 0.0971    func 0.9227    
Accumulated time: func 180.3355    prepare 2.4955    bound 154.5374    transfer 1.6751    finalize 23.1962    
max lb tensor(-922.) min lb tensor(-1168.)
Number of Verified Splits: 0 of 256
Current worst splitting domains lb-rhs (depth):
-1168.00000 (81), -1168.00000 (9), -1168.00000 (30), -1168.00000 (24), -1168.00000 (165), -1168.00000 (156), -1168.00000 (205), -1168.00000 (183), -1168.00000 (66), -1168.00000 (123), -1168.00000 (46), -1168.00000 (115), -1168.00000 (136), -1168.00000 (229), -1168.00000 (239), -1168.00000 (183), -1168.00000 (157), -1168.00000 (95), -1168.00000 (136), -1168.00000 (90), 
Length of domains: 31016
Current (lb-rhs): -1168.0
61948 domains visited
Time: pickout 0.0687    decision 0.2955    set_bounds 0.0071    solve 0.9231    add 0.0859    
Accumulated time: pickout 10.7870    decision 48.9426    set_bounds 2.5204    solve 180.4872    add 32.3977    
Cumulative time: 275.9434142112732

BaB round 244
batch: 128
splitting decisions: 
split level 0: [/74, 914] [/74, 912] [/74, 903] [/74, 589] [/49, 2760] [/74, 942] [/55, 50] [/74, 217] [/74, 248] [/74, 186] 
best_l after optimization: -268011.5625
beta sum per layer: [0.0, 0.07952096313238144, 0.18117590248584747, 3.74334979057312]
alpha/beta optimization time: 0.8120396137237549
pruning_in_iteration open status: False
ratio of positive domain = 0 / 256 = 0.0
pruning-in-iteration extra time: 0.0001552104949951172
torch.Size([256, 1])
Time: prepare 0.0038    bound 0.8135    transfer 0.0036    finalize 0.0897    func 0.9108    
Accumulated time: func 181.2463    prepare 2.5063    bound 155.3510    transfer 1.6788    finalize 23.2860    
max lb tensor(-922.) min lb tensor(-1168.)
Number of Verified Splits: 0 of 256
Current worst splitting domains lb-rhs (depth):
-1168.00000 (122), -1168.00000 (134), -1168.00000 (207), -1168.00000 (184), -1168.00000 (26), -1168.00000 (87), -1168.00000 (109), -1168.00000 (10), -1168.00000 (55), -1168.00000 (228), -1168.00000 (207), -1168.00000 (55), -1168.00000 (88), -1168.00000 (159), -1168.00000 (183), -1168.00000 (26), -1168.00000 (168), -1168.00000 (228), -1168.00000 (56), -1168.00000 (87), 
Length of domains: 31144
Current (lb-rhs): -1168.0
62204 domains visited
Time: pickout 0.0535    decision 0.3163    set_bounds 0.0072    solve 0.9113    add 0.0837    
Accumulated time: pickout 10.8405    decision 49.2589    set_bounds 2.5276    solve 181.3985    add 32.4814    
Cumulative time: 277.3184552192688

BaB round 245
batch: 128
splitting decisions: 
split level 0: [/74, 608] [/74, 325] [/74, 275] [/74, 681] [/49, 6142] [/74, 68] [/55, 883] [/74, 148] [/74, 811] [/74, 58] 
best_l after optimization: -268011.40625
beta sum per layer: [0.0, 0.07842156291007996, 0.18718749284744263, 3.7088823318481445]
alpha/beta optimization time: 0.8902738094329834
pruning_in_iteration open status: False
ratio of positive domain = 0 / 256 = 0.0
pruning-in-iteration extra time: 0.00014853477478027344
torch.Size([256, 1])
Time: prepare 0.0037    bound 0.8917    transfer 0.0128    finalize 0.0956    func 1.0040    
Accumulated time: func 182.2503    prepare 2.5115    bound 156.2427    transfer 1.6916    finalize 23.3816    
max lb tensor(-922.) min lb tensor(-1168.)
Number of Verified Splits: 0 of 256
Current worst splitting domains lb-rhs (depth):
-1168.00000 (92), -1168.00000 (231), -1168.00000 (188), -1168.00000 (57), -1168.00000 (201), -1168.00000 (13), -1168.00000 (208), -1168.00000 (122), -1168.00000 (231), -1168.00000 (171), -1168.00000 (30), -1168.00000 (122), -1168.00000 (13), -1168.00000 (231), -1168.00000 (188), -1168.00000 (149), -1168.00000 (122), -1168.00000 (57), -1168.00000 (44), -1168.00000 (73), 
Length of domains: 31272
Current (lb-rhs): -1168.0
62460 domains visited
Time: pickout 0.0588    decision 0.1348    set_bounds 0.0078    solve 1.0046    add 0.0907    
Accumulated time: pickout 10.8993    decision 49.3937    set_bounds 2.5353    solve 182.4031    add 32.5721    
Cumulative time: 278.61917185783386

BaB round 246
batch: 128
splitting decisions: 
split level 0: [/74, 816] [/74, 967] [/74, 107] [/74, 231] [/55, 1163] [/74, 140] [/49, 5464] [/74, 968] [/74, 503] [/74, 246] 
best_l after optimization: -268011.1875
beta sum per layer: [0.0, 0.07842156291007996, 0.18352562189102173, 3.6817455291748047]
alpha/beta optimization time: 0.8410742282867432
pruning_in_iteration open status: False
ratio of positive domain = 0 / 256 = 0.0
pruning-in-iteration extra time: 0.00012111663818359375
torch.Size([256, 1])
Time: prepare 0.0141    bound 0.8425    transfer 0.0149    finalize 0.0976    func 0.9692    
Accumulated time: func 183.2195    prepare 2.5272    bound 157.0853    transfer 1.7065    finalize 23.4792    
max lb tensor(-922.) min lb tensor(-1168.)
Number of Verified Splits: 0 of 256
Current worst splitting domains lb-rhs (depth):
-1168.00000 (129), -1168.00000 (47), -1168.00000 (228), -1168.00000 (191), -1168.00000 (129), -1168.00000 (112), -1168.00000 (7), -1168.00000 (229), -1168.00000 (182), -1168.00000 (93), -1168.00000 (81), -1168.00000 (156), -1168.00000 (215), -1168.00000 (42), -1168.00000 (209), -1168.00000 (67), -1168.00000 (168), -1168.00000 (244), -1168.00000 (56), -1168.00000 (201), 
Length of domains: 31400
Current (lb-rhs): -1168.0
62716 domains visited
Time: pickout 0.0500    decision 0.2528    set_bounds 0.0206    solve 0.9697    add 0.0958    
Accumulated time: pickout 10.9493    decision 49.6466    set_bounds 2.5559    solve 183.3728    add 32.6679    
Cumulative time: 280.0122652053833

BaB round 247
batch: 128
splitting decisions: 
split level 0: [/74, 989] [/74, 997] [/74, 48] [/74, 365] [/49, 2086] [/74, 398] [/49, 4621] [/74, 914] [/74, 560] [/74, 275] 
best_l after optimization: -268011.125
beta sum per layer: [0.0, 0.0842740386724472, 0.1779046654701233, 3.6579854488372803]
alpha/beta optimization time: 0.7624397277832031
pruning_in_iteration open status: False
ratio of positive domain = 0 / 256 = 0.0
pruning-in-iteration extra time: 0.002361774444580078
torch.Size([256, 1])
Time: prepare 0.0037    bound 0.7662    transfer 0.0089    finalize 0.1040    func 0.8829    
Accumulated time: func 184.1024    prepare 2.5469    bound 157.8514    transfer 1.7154    finalize 23.5832    
max lb tensor(-922.) min lb tensor(-1168.)
Number of Verified Splits: 0 of 256
Current worst splitting domains lb-rhs (depth):
-1168.00000 (42), -1168.00000 (50), -1168.00000 (6), -1168.00000 (20), -1168.00000 (224), -1168.00000 (97), -1168.00000 (45), -1168.00000 (208), -1168.00000 (118), -1168.00000 (155), -1168.00000 (242), -1168.00000 (70), -1168.00000 (183), -1168.00000 (139), -1168.00000 (155), -1168.00000 (232), -1168.00000 (197), -1168.00000 (140), -1168.00000 (70), -1168.00000 (224), 
Length of domains: 31528
Current (lb-rhs): -1168.0
62972 domains visited
Time: pickout 0.0694    decision 0.4283    set_bounds 0.0071    solve 0.8834    add 0.0941    
Accumulated time: pickout 11.0187    decision 50.0749    set_bounds 2.5630    solve 184.2563    add 32.7619    
Cumulative time: 281.49862813949585

BaB round 248
batch: 128
splitting decisions: 
split level 0: [/74, 632] [/74, 578] [/74, 942] [/74, 718] [/55, 236] [/74, 282] [/49, 5465] [/74, 608] [/74, 946] [/74, 362] 
best_l after optimization: -268010.71875
beta sum per layer: [0.0, 0.16871725022792816, 0.44171589612960815, 4.44802713394165]
alpha/beta optimization time: 0.8161013126373291
pruning_in_iteration open status: False
ratio of positive domain = 0 / 256 = 0.0
pruning-in-iteration extra time: 0.00014448165893554688
torch.Size([256, 1])
Time: prepare 0.0040    bound 0.8177    transfer 0.0139    finalize 0.1003    func 0.9359    
Accumulated time: func 185.0383    prepare 2.5537    bound 158.6691    transfer 1.7293    finalize 23.6835    
max lb tensor(-922.) min lb tensor(-1168.)
Number of Verified Splits: 0 of 256
Current worst splitting domains lb-rhs (depth):
-1168.00000 (118), -1168.00000 (166), -1168.00000 (233), -1168.00000 (71), -1168.00000 (219), -1168.00000 (117), -1168.00000 (128), -1168.00000 (140), -1168.00000 (184), -1168.00000 (92), -1168.00000 (45), -1168.00000 (158), -1168.00000 (24), -1168.00000 (25), -1168.00000 (166), -1168.00000 (52), -1168.00000 (206), -1168.00000 (199), -1168.00000 (83), -1168.00000 (233), 
Length of domains: 31656
Current (lb-rhs): -1168.0
63228 domains visited
Time: pickout 0.0483    decision 0.3363    set_bounds 0.0046    solve 0.9364    add 0.0909    
Accumulated time: pickout 11.0670    decision 50.4112    set_bounds 2.5677    solve 185.1926    add 32.8528    
Cumulative time: 282.9195156097412

BaB round 249
batch: 128
splitting decisions: 
split level 0: [/74, 144] [/74, 276] [/74, 561] [/74, 959] [/55, 467] [/74, 440] [/49, 7999] [/74, 21] [/74, 881] [/74, 942] 
best_l after optimization: -268016.90625
beta sum per layer: [0.0, 0.1796562224626541, 0.3606574535369873, 4.082094192504883]
alpha/beta optimization time: 0.40178966522216797
pruning_in_iteration open status: False
ratio of positive domain = 0 / 256 = 0.0
pruning-in-iteration extra time: 3.6716461181640625e-05
torch.Size([256, 1])
Time: prepare 0.0037    bound 0.4031    transfer 0.0135    finalize 0.0987    func 0.5191    
Accumulated time: func 185.5574    prepare 2.5611    bound 159.0722    transfer 1.7429    finalize 23.7822    
max lb tensor(-922.) min lb tensor(-1168.)
Number of Verified Splits: 0 of 256
Current worst splitting domains lb-rhs (depth):
-1168.00000 (17), -1168.00000 (76), -1168.00000 (230), -1168.00000 (17), -1168.00000 (148), -1168.00000 (76), -1168.00000 (148), -1168.00000 (230), -1168.00000 (76), -1168.00000 (148), -1168.00000 (149), -1168.00000 (147), -1168.00000 (230), -1168.00000 (77), -1168.00000 (147), -1168.00000 (77), -1168.00000 (147), -1168.00000 (16), -1168.00000 (231), -1168.00000 (146), 
Length of domains: 31784
Current (lb-rhs): -1168.0
63484 domains visited
Time: pickout 0.0489    decision 0.2987    set_bounds 0.0045    solve 0.5196    add 0.1011    
Accumulated time: pickout 11.1159    decision 50.7100    set_bounds 2.5722    solve 185.7122    add 32.9540    
Cumulative time: 283.89683985710144

BaB round 250
batch: 128
splitting decisions: 
split level 0: [/74, 801] [/74, 516] [/74, 68] [/74, 217] [/49, 9353] [/74, 151] [/49, 4452] [/55, 950] [/74, 214] [/74, 561] 
best_l after optimization: -268015.6875
beta sum per layer: [0.0, 0.17667001485824585, 0.3568398356437683, 3.9097037315368652]
alpha/beta optimization time: 0.3964345455169678
pruning_in_iteration open status: False
ratio of positive domain = 0 / 256 = 0.0
pruning-in-iteration extra time: 3.814697265625e-05
torch.Size([256, 1])
Time: prepare 0.0038    bound 0.3978    transfer 0.0146    finalize 0.1071    func 0.5233    
Accumulated time: func 186.0807    prepare 2.5663    bound 159.4700    transfer 1.7574    finalize 23.8893    
max lb tensor(-922.) min lb tensor(-1168.)
Number of Verified Splits: 0 of 256
Current worst splitting domains lb-rhs (depth):
-1168.00000 (128), -1168.00000 (129), -1168.00000 (82), -1168.00000 (194), -1168.00000 (82), -1168.00000 (236), -1168.00000 (193), -1168.00000 (160), -1168.00000 (82), -1168.00000 (23), -1168.00000 (129), -1168.00000 (83), -1168.00000 (193), -1168.00000 (83), -1168.00000 (193), -1168.00000 (23), -1168.00000 (83), -1168.00000 (237), -1168.00000 (160), -1168.00000 (22), 
Length of domains: 31912
Current (lb-rhs): -1168.0
63740 domains visited
Time: pickout 0.0515    decision 0.1337    set_bounds 0.0046    solve 0.5238    add 0.0981    
Accumulated time: pickout 11.1674    decision 50.8437    set_bounds 2.5768    solve 186.2361    add 33.0521    
Cumulative time: 284.71349477767944

BaB round 251
batch: 128
splitting decisions: 
split level 0: [/74, 646] [/74, 389] [/74, 398] [/74, 314] [/49, 734] [/74, 220] [/49, 1917] [/55, 1371] [/74, 246] [/74, 428] 
best_l after optimization: -268015.1875
beta sum per layer: [0.0, 0.2825227379798889, 0.6040937900543213, 4.393465995788574]
alpha/beta optimization time: 0.40043115615844727
pruning_in_iteration open status: False
ratio of positive domain = 0 / 256 = 0.0
pruning-in-iteration extra time: 0.00011348724365234375
torch.Size([256, 1])
Time: prepare 0.0039    bound 0.4019    transfer 0.0155    finalize 0.1037    func 0.5249    
Accumulated time: func 186.6056    prepare 2.5716    bound 159.8719    transfer 1.7729    finalize 23.9930    
max lb tensor(-922.) min lb tensor(-1168.)
Number of Verified Splits: 0 of 256
Current worst splitting domains lb-rhs (depth):
-1168.00000 (60), -1168.00000 (45), -1168.00000 (30), -1168.00000 (201), -1168.00000 (161), -1168.00000 (24), -1168.00000 (94), -1168.00000 (226), -1168.00000 (134), -1168.00000 (99), -1168.00000 (219), -1168.00000 (196), -1168.00000 (118), -1168.00000 (88), -1168.00000 (125), -1168.00000 (14), -1168.00000 (190), -1168.00000 (6), -1168.00000 (21), -1168.00000 (81), 
Length of domains: 32040
Current (lb-rhs): -1168.0
63996 domains visited
Time: pickout 0.0600    decision 0.1308    set_bounds 0.0074    solve 0.5254    add 0.0917    
Accumulated time: pickout 11.2274    decision 50.9745    set_bounds 2.5842    solve 186.7615    add 33.1437    
Cumulative time: 285.5335783958435

BaB round 252
batch: 128
splitting decisions: 
split level 0: [/74, 739] [/74, 518] [/74, 282] [/74, 914] [/49, 8339] [/74, 414] [/49, 3100] [/55, 241] [/74, 275] [/74, 398] 
best_l after optimization: -268020.5625
beta sum per layer: [0.0, 0.2793060541152954, 0.5401614308357239, 4.122495651245117]
alpha/beta optimization time: 0.3993973731994629
pruning_in_iteration open status: False
ratio of positive domain = 0 / 256 = 0.0
pruning-in-iteration extra time: 0.00011539459228515625
torch.Size([256, 1])
Time: prepare 0.0044    bound 0.4010    transfer 0.0135    finalize 0.1004    func 0.5193    
Accumulated time: func 187.1249    prepare 2.5773    bound 160.2728    transfer 1.7864    finalize 24.0934    
max lb tensor(-922.) min lb tensor(-1168.)
Number of Verified Splits: 0 of 256
Current worst splitting domains lb-rhs (depth):
-1168.00000 (63), -1168.00000 (51), -1168.00000 (109), -1168.00000 (176), -1168.00000 (136), -1168.00000 (77), -1168.00000 (25), -1168.00000 (161), -1168.00000 (218), -1168.00000 (51), -1168.00000 (129), -1168.00000 (141), -1168.00000 (109), -1168.00000 (63), -1168.00000 (183), -1168.00000 (191), -1168.00000 (237), -1168.00000 (51), -1168.00000 (218), -1168.00000 (88), 
Length of domains: 32168
Current (lb-rhs): -1168.0
64252 domains visited
Time: pickout 0.0505    decision 0.1307    set_bounds 0.0083    solve 0.5197    add 0.0956    
Accumulated time: pickout 11.2779    decision 51.1053    set_bounds 2.5925    solve 187.2812    add 33.2394    
Cumulative time: 286.343181848526

BaB round 253
batch: 128
splitting decisions: 
split level 0: [/74, 463] [/74, 687] [/74, 440] [/74, 460] [/49, 2784] [/74, 589] [/55, 46] [/55, 731] [/74, 362] [/74, 151] 
best_l after optimization: -268019.25
beta sum per layer: [0.0, 0.30986183881759644, 0.5037981271743774, 3.969451904296875]
alpha/beta optimization time: 0.4029412269592285
pruning_in_iteration open status: False
ratio of positive domain = 0 / 256 = 0.0
pruning-in-iteration extra time: 3.743171691894531e-05
torch.Size([256, 1])
Time: prepare 0.0038    bound 0.4043    transfer 0.0064    finalize 0.1001    func 0.5147    
Accumulated time: func 187.6395    prepare 2.5826    bound 160.6771    transfer 1.7928    finalize 24.1934    
max lb tensor(-922.) min lb tensor(-1168.)
Number of Verified Splits: 0 of 256
Current worst splitting domains lb-rhs (depth):
-1168.00000 (125), -1168.00000 (167), -1168.00000 (226), -1168.00000 (66), -1168.00000 (166), -1168.00000 (124), -1168.00000 (23), -1168.00000 (166), -1168.00000 (66), -1168.00000 (246), -1168.00000 (226), -1168.00000 (166), -1168.00000 (96), -1168.00000 (66), -1168.00000 (165), -1168.00000 (96), -1168.00000 (22), -1168.00000 (226), -1168.00000 (8), -1168.00000 (67), 
Length of domains: 32296
Current (lb-rhs): -1168.0
64508 domains visited
Time: pickout 0.0556    decision 0.1305    set_bounds 0.0075    solve 0.5151    add 0.0931    
Accumulated time: pickout 11.3335    decision 51.2357    set_bounds 2.5999    solve 187.7964    add 33.3325    
Cumulative time: 287.1491675376892

BaB round 254
batch: 128
splitting decisions: 
split level 0: [/74, 460] [/74, 462] [/74, 151] [/55, 46] [/49, 1772] [/74, 121] [/49, 734] [/55, 112] [/74, 524] [/74, 589] 
best_l after optimization: -268018.71875
beta sum per layer: [0.0, 0.32770493626594543, 0.4564566910266876, 3.984074592590332]
alpha/beta optimization time: 0.4141519069671631
pruning_in_iteration open status: False
ratio of positive domain = 0 / 256 = 0.0
pruning-in-iteration extra time: 0.00011539459228515625
torch.Size([256, 1])
Time: prepare 0.0040    bound 0.4156    transfer 0.0133    finalize 0.1043    func 0.5372    
Accumulated time: func 188.1767    prepare 2.5879    bound 161.0927    transfer 1.8061    finalize 24.2977    
max lb tensor(-922.) min lb tensor(-1168.)
Number of Verified Splits: 0 of 256
Current worst splitting domains lb-rhs (depth):
-1168.00000 (206), -1168.00000 (71), -1168.00000 (124), -1168.00000 (205), -1168.00000 (27), -1168.00000 (71), -1168.00000 (167), -1168.00000 (10), -1168.00000 (124), -1168.00000 (237), -1168.00000 (71), -1168.00000 (250), -1168.00000 (167), -1168.00000 (125), -1168.00000 (70), -1168.00000 (206), -1168.00000 (27), -1168.00000 (70), -1168.00000 (123), -1168.00000 (238), 
Length of domains: 32424
Current (lb-rhs): -1168.0
64764 domains visited
Time: pickout 0.0494    decision 0.1397    set_bounds 0.0048    solve 0.5377    add 0.0924    
Accumulated time: pickout 11.3829    decision 51.3754    set_bounds 2.6048    solve 188.3341    add 33.4249    
Cumulative time: 287.97767758369446

BaB round 255
batch: 128
splitting decisions: 
split level 0: [/74, 1011] [/74, 248] [/74, 220] [/55, 1160] [/49, 8700] [/74, 365] [/49, 10367] [/55, 1113] [/74, 48] [/74, 681] 
best_l after optimization: -268018.28125
beta sum per layer: [0.0, 0.3571811318397522, 0.4336738884449005, 3.959392547607422]
alpha/beta optimization time: 0.3983473777770996
pruning_in_iteration open status: False
ratio of positive domain = 0 / 256 = 0.0
pruning-in-iteration extra time: 9.894371032714844e-05
torch.Size([256, 1])
Time: prepare 0.0039    bound 0.3997    transfer 0.0143    finalize 0.0992    func 0.5172    
Accumulated time: func 188.6939    prepare 2.5932    bound 161.4925    transfer 1.8205    finalize 24.3969    
max lb tensor(-922.) min lb tensor(-1168.)
Number of Verified Splits: 0 of 256
Current worst splitting domains lb-rhs (depth):
-1168.00000 (123), -1168.00000 (52), -1168.00000 (236), -1168.00000 (74), -1168.00000 (123), -1168.00000 (157), -1168.00000 (17), -1168.00000 (99), -1168.00000 (236), -1168.00000 (187), -1168.00000 (52), -1168.00000 (187), -1168.00000 (16), -1168.00000 (157), -1168.00000 (187), -1168.00000 (237), -1168.00000 (74), -1168.00000 (99), -1168.00000 (53), -1168.00000 (122), 
Length of domains: 32552
Current (lb-rhs): -1168.0
65020 domains visited
Time: pickout 0.0512    decision 0.1307    set_bounds 0.0045    solve 0.5177    add 0.0938    
Accumulated time: pickout 11.4341    decision 51.5061    set_bounds 2.6092    solve 188.8518    add 33.5186    
Cumulative time: 288.77962493896484

BaB round 256
batch: 128
splitting decisions: 
split level 0: [/55, 232] [/74, 503] [/74, 724] [/55, 71] [/49, 587] [/74, 718] [/49, 4959] [/55, 1199] [/74, 68] [/74, 231] 
best_l after optimization: -268017.84375
beta sum per layer: [0.0, 0.6352629661560059, 0.7991411685943604, 4.4030256271362305]
alpha/beta optimization time: 0.3996760845184326
pruning_in_iteration open status: False
ratio of positive domain = 0 / 256 = 0.0
pruning-in-iteration extra time: 3.695487976074219e-05
torch.Size([256, 1])
Time: prepare 0.0039    bound 0.4010    transfer 0.0133    finalize 0.0953    func 0.5136    
Accumulated time: func 189.2076    prepare 2.5985    bound 161.8935    transfer 1.8338    finalize 24.4923    
max lb tensor(-922.) min lb tensor(-1168.)
Number of Verified Splits: 0 of 256
Current worst splitting domains lb-rhs (depth):
-1168.00000 (7), -1168.00000 (197), -1168.00000 (85), -1168.00000 (176), -1168.00000 (216), -1168.00000 (236), -1168.00000 (134), -1168.00000 (115), -1168.00000 (60), -1168.00000 (13), -1168.00000 (85), -1168.00000 (197), -1168.00000 (162), -1168.00000 (31), -1168.00000 (60), -1168.00000 (59), -1168.00000 (215), -1168.00000 (134), -1168.00000 (23), -1168.00000 (115), 
Length of domains: 32680
Current (lb-rhs): -1168.0
65276 domains visited
Time: pickout 0.0480    decision 0.1308    set_bounds 0.0045    solve 0.5141    add 0.0886    
Accumulated time: pickout 11.4821    decision 51.6369    set_bounds 2.6137    solve 189.3659    add 33.6072    
Cumulative time: 289.5695915222168

BaB round 257
batch: 128
splitting decisions: 
split level 0: [/55, 142] [/74, 560] [/74, 926] [/49, 3668] [/49, 3461] [/74, 959] [/55, 235] [/55, 940] [/74, 428] [/74, 330] 
best_l after optimization: -268025.75
beta sum per layer: [0.0, 0.6960878372192383, 0.6825255155563354, 4.228139400482178]
alpha/beta optimization time: 0.40890932083129883
pruning_in_iteration open status: False
ratio of positive domain = 0 / 256 = 0.0
pruning-in-iteration extra time: 3.9577484130859375e-05
torch.Size([256, 1])
Time: prepare 0.0041    bound 0.4103    transfer 0.0137    finalize 0.0994    func 0.5276    
Accumulated time: func 189.7352    prepare 2.6041    bound 162.3038    transfer 1.8475    finalize 24.5916    
max lb tensor(-922.) min lb tensor(-1168.)
Number of Verified Splits: 0 of 256
Current worst splitting domains lb-rhs (depth):
-1168.00000 (205), -1168.00000 (170), -1168.00000 (145), -1168.00000 (227), -1168.00000 (10), -1168.00000 (40), -1168.00000 (25), -1168.00000 (84), -1168.00000 (177), -1168.00000 (145), -1168.00000 (252), -1168.00000 (123), -1168.00000 (50), -1168.00000 (7), -1168.00000 (16), -1168.00000 (199), -1168.00000 (227), -1168.00000 (93), -1168.00000 (104), -1168.00000 (145), 
Length of domains: 32808
Current (lb-rhs): -1168.0
65532 domains visited
Time: pickout 0.0505    decision 0.1333    set_bounds 0.0078    solve 0.5282    add 11.4959    
Accumulated time: pickout 11.5326    decision 51.7702    set_bounds 2.6215    solve 189.8941    add 45.1031    
Cumulative time: 301.78858160972595

BaB round 258
batch: 128
splitting decisions: 
split level 0: [/55, 117] [/74, 209] [/74, 365] [/55, 570] [/49, 4644] [/74, 217] [/49, 589] [/74, 144] [/74, 140] [/74, 217] 
best_l after optimization: -268025.3125
beta sum per layer: [0.0, 0.7680579423904419, 0.6940124034881592, 4.097208023071289]
alpha/beta optimization time: 0.4948420524597168
pruning_in_iteration open status: False
ratio of positive domain = 0 / 256 = 0.0
pruning-in-iteration extra time: 3.600120544433594e-05
torch.Size([256, 1])
Time: prepare 0.0049    bound 0.4962    transfer 0.0039    finalize 0.0928    func 0.5978    
Accumulated time: func 190.3330    prepare 2.6122    bound 162.8000    transfer 1.8514    finalize 24.6844    
max lb tensor(-922.) min lb tensor(-1168.)
Number of Verified Splits: 0 of 256
Current worst splitting domains lb-rhs (depth):
-1168.00000 (104), -1168.00000 (187), -1168.00000 (102), -1168.00000 (248), -1168.00000 (187), -1168.00000 (18), -1168.00000 (103), -1168.00000 (186), -1168.00000 (103), -1168.00000 (103), -1168.00000 (186), -1168.00000 (102), -1168.00000 (17), -1168.00000 (248), -1168.00000 (186), -1168.00000 (104), -1168.00000 (104), -1168.00000 (185), -1168.00000 (105), -1168.00000 (17), 
Length of domains: 32936
Current (lb-rhs): -1168.0
65788 domains visited
Time: pickout 0.0533    decision 0.1834    set_bounds 0.0074    solve 0.5983    add 0.0872    
Accumulated time: pickout 11.5859    decision 51.9536    set_bounds 2.6289    solve 190.4924    add 45.1903    
Cumulative time: 302.720862865448

BaB round 259
batch: 128
splitting decisions: 
split level 0: [/55, 919] [/74, 11] [/74, 217] [/49, 4695] [/55, 1168] [/74, 968] [/49, 3436] [/74, 546] [/74, 398] [/74, 314] 
best_l after optimization: -268025.03125
beta sum per layer: [0.0, 0.7580276727676392, 0.7016962766647339, 4.04012393951416]
alpha/beta optimization time: 0.3983612060546875
pruning_in_iteration open status: False
ratio of positive domain = 0 / 256 = 0.0
pruning-in-iteration extra time: 3.552436828613281e-05
torch.Size([256, 1])
Time: prepare 0.0041    bound 0.3999    transfer 0.0039    finalize 0.0962    func 0.5041    
Accumulated time: func 190.8371    prepare 2.6177    bound 163.1999    transfer 1.8553    finalize 24.7806    
max lb tensor(-922.) min lb tensor(-1168.)
Number of Verified Splits: 0 of 256
Current worst splitting domains lb-rhs (depth):
-1168.00000 (253), -1168.00000 (65), -1168.00000 (7), -1168.00000 (147), -1168.00000 (214), -1168.00000 (100), -1168.00000 (221), -1168.00000 (125), -1168.00000 (206), -1168.00000 (173), -1168.00000 (191), -1168.00000 (201), -1168.00000 (42), -1168.00000 (138), -1168.00000 (218), -1168.00000 (82), -1168.00000 (100), -1168.00000 (66), -1168.00000 (125), -1168.00000 (52), 
Length of domains: 33064
Current (lb-rhs): -1168.0
66044 domains visited
Time: pickout 0.0508    decision 0.1317    set_bounds 0.0075    solve 0.5046    add 0.0826    
Accumulated time: pickout 11.6367    decision 52.0853    set_bounds 2.6364    solve 190.9970    add 45.2729    
Cumulative time: 303.50087237358093

BaB round 260
batch: 128
splitting decisions: 
split level 0: [/55, 918] [/74, 214] [/74, 51] [/49, 3669] [/49, 8896] [/74, 914] [/49, 2761] [/55, 881] [/74, 282] [/74, 148] 
best_l after optimization: -268024.75
beta sum per layer: [0.0, 1.0428059101104736, 1.3111330270767212, 4.595118522644043]
alpha/beta optimization time: 0.4006040096282959
pruning_in_iteration open status: False
ratio of positive domain = 0 / 256 = 0.0
pruning-in-iteration extra time: 3.814697265625e-05
torch.Size([256, 1])
Time: prepare 0.0041    bound 0.4019    transfer 0.0041    finalize 0.0960    func 0.5062    
Accumulated time: func 191.3433    prepare 2.6233    bound 163.6019    transfer 1.8594    finalize 24.8766    
max lb tensor(-922.) min lb tensor(-1168.)
Number of Verified Splits: 0 of 256
Current worst splitting domains lb-rhs (depth):
-1168.00000 (72), -1168.00000 (211), -1168.00000 (159), -1168.00000 (71), -1168.00000 (211), -1168.00000 (144), -1168.00000 (17), -1168.00000 (72), -1168.00000 (112), -1168.00000 (250), -1168.00000 (182), -1168.00000 (181), -1168.00000 (211), -1168.00000 (17), -1168.00000 (112), -1168.00000 (72), -1168.00000 (159), -1168.00000 (251), -1168.00000 (144), -1168.00000 (210), 
Length of domains: 33192
Current (lb-rhs): -1168.0
66300 domains visited
Time: pickout 0.0515    decision 0.1307    set_bounds 0.0045    solve 0.5067    add 0.0801    
Accumulated time: pickout 11.6882    decision 52.2160    set_bounds 2.6409    solve 191.5037    add 45.3530    
Cumulative time: 304.27646255493164

BaB round 261
batch: 128
splitting decisions: 
split level 0: [/49, 3635] [/74, 58] [/74, 148] [/49, 3657] [/49, 9715] [/74, 608] [/49, 8870] [/55, 1163] [/74, 440] [/74, 914] 
best_l after optimization: -268034.15625
beta sum per layer: [0.0, 1.0938522815704346, 1.091369390487671, 4.335890769958496]
alpha/beta optimization time: 0.40036654472351074
pruning_in_iteration open status: False
ratio of positive domain = 0 / 256 = 0.0
pruning-in-iteration extra time: 5.125999450683594e-05
torch.Size([256, 1])
Time: prepare 0.0040    bound 0.4018    transfer 0.0035    finalize 0.0938    func 0.5032    
Accumulated time: func 191.8465    prepare 2.6287    bound 164.0037    transfer 1.8630    finalize 24.9704    
max lb tensor(-922.) min lb tensor(-1168.)
Number of Verified Splits: 0 of 256
Current worst splitting domains lb-rhs (depth):
-1168.00000 (154), -1168.00000 (79), -1168.00000 (241), -1168.00000 (18), -1168.00000 (155), -1168.00000 (80), -1168.00000 (155), -1168.00000 (241), -1168.00000 (155), -1168.00000 (80), -1168.00000 (17), -1168.00000 (156), -1168.00000 (241), -1168.00000 (80), -1168.00000 (154), -1168.00000 (81), -1168.00000 (154), -1168.00000 (242), -1168.00000 (17), -1168.00000 (153), 
Length of domains: 33320
Current (lb-rhs): -1168.0
66556 domains visited
Time: pickout 0.0505    decision 0.1313    set_bounds 0.0045    solve 0.5037    add 0.0802    
Accumulated time: pickout 11.7386    decision 52.3473    set_bounds 2.6453    solve 192.0074    add 45.4332    
Cumulative time: 305.0486695766449

BaB round 262
batch: 128
splitting decisions: 
split level 0: [/55, 967] [/74, 154] [/74, 968] [/49, 3499] [/49, 9065] [/74, 989] [/49, 3655] [/74, 739] [/74, 151] [/74, 608] 
best_l after optimization: -268033.4375
beta sum per layer: [0.0, 1.1441175937652588, 1.0851359367370605, 4.1585516929626465]
alpha/beta optimization time: 0.41873836517333984
pruning_in_iteration open status: False
ratio of positive domain = 0 / 256 = 0.0
pruning-in-iteration extra time: 3.695487976074219e-05
torch.Size([256, 1])
Time: prepare 0.0042    bound 0.4201    transfer 0.0035    finalize 0.0908    func 0.5186    
Accumulated time: func 192.3652    prepare 2.6343    bound 164.4238    transfer 1.8664    finalize 25.0612    
max lb tensor(-922.) min lb tensor(-1168.)
Number of Verified Splits: 0 of 256
Current worst splitting domains lb-rhs (depth):
-1168.00000 (119), -1168.00000 (167), -1168.00000 (91), -1168.00000 (60), -1168.00000 (156), -1168.00000 (7), -1168.00000 (260), -1168.00000 (253), -1168.00000 (26), -1168.00000 (232), -1168.00000 (45), -1168.00000 (215), -1168.00000 (246), -1168.00000 (135), -1168.00000 (150), -1168.00000 (78), -1168.00000 (107), -1168.00000 (52), -1168.00000 (102), -1168.00000 (110), 
Length of domains: 33448
Current (lb-rhs): -1168.0
66812 domains visited
Time: pickout 0.0519    decision 0.1313    set_bounds 0.0044    solve 0.5191    add 0.0806    
Accumulated time: pickout 11.7906    decision 52.4786    set_bounds 2.6498    solve 192.5266    add 45.5138    
Cumulative time: 305.83817076683044

BaB round 263
batch: 128
splitting decisions: 
split level 0: [/55, 1446] [/74, 293] [/74, 930] [/49, 3500] [/49, 2814] [/74, 546] [/49, 2811] [/55, 1291] [/74, 220] [/74, 989] 
best_l after optimization: -268033.03125
beta sum per layer: [0.0, 1.1201761960983276, 1.0914928913116455, 4.130138874053955]
alpha/beta optimization time: 0.4078230857849121
pruning_in_iteration open status: False
ratio of positive domain = 0 / 256 = 0.0
pruning-in-iteration extra time: 3.5762786865234375e-05
torch.Size([256, 1])
Time: prepare 0.0043    bound 0.4092    transfer 0.0034    finalize 0.0910    func 0.5080    
Accumulated time: func 192.8732    prepare 2.6400    bound 164.8330    transfer 1.8699    finalize 25.1522    
max lb tensor(-922.) min lb tensor(-1168.)
Number of Verified Splits: 0 of 256
Current worst splitting domains lb-rhs (depth):
-1168.00000 (69), -1168.00000 (24), -1168.00000 (100), -1168.00000 (173), -1168.00000 (129), -1168.00000 (68), -1168.00000 (235), -1168.00000 (256), -1168.00000 (173), -1168.00000 (172), -1168.00000 (69), -1168.00000 (129), -1168.00000 (23), -1168.00000 (235), -1168.00000 (100), -1168.00000 (172), -1168.00000 (8), -1168.00000 (172), -1168.00000 (130), -1168.00000 (69), 
Length of domains: 33576
Current (lb-rhs): -1168.0
67068 domains visited
Time: pickout 0.0491    decision 0.1348    set_bounds 0.0076    solve 0.5085    add 0.0794    
Accumulated time: pickout 11.8396    decision 52.6134    set_bounds 2.6573    solve 193.0350    add 45.5932    
Cumulative time: 306.6197395324707

BaB round 264
batch: 128
splitting decisions: 
split level 0: [/49, 3633] [/74, 362] [/74, 144] [/49, 2824] [/49, 8898] [/74, 646] [/49, 2085] [/74, 66] [/74, 724] [/74, 930] 
best_l after optimization: -268032.625
beta sum per layer: [0.0, 1.4934706687927246, 1.4811489582061768, 4.775430679321289]
alpha/beta optimization time: 0.39801597595214844
pruning_in_iteration open status: False
ratio of positive domain = 0 / 256 = 0.0
pruning-in-iteration extra time: 3.5762786865234375e-05
torch.Size([256, 1])
Time: prepare 0.0042    bound 0.3994    transfer 0.0044    finalize 0.0916    func 0.4996    
Accumulated time: func 193.3728    prepare 2.6458    bound 165.2323    transfer 1.8743    finalize 25.2438    
max lb tensor(-922.) min lb tensor(-1168.)
Number of Verified Splits: 0 of 256
Current worst splitting domains lb-rhs (depth):
-1168.00000 (42), -1168.00000 (118), -1168.00000 (201), -1168.00000 (79), -1168.00000 (126), -1168.00000 (63), -1168.00000 (210), -1168.00000 (10), -1168.00000 (237), -1168.00000 (182), -1168.00000 (162), -1168.00000 (145), -1168.00000 (133), -1168.00000 (191), -1168.00000 (105), -1168.00000 (25), -1168.00000 (171), -1168.00000 (221), -1168.00000 (176), -1168.00000 (209), 
Length of domains: 33704
Current (lb-rhs): -1168.0
67324 domains visited
Time: pickout 0.0505    decision 0.1322    set_bounds 0.0074    solve 0.5001    add 0.0792    
Accumulated time: pickout 11.8901    decision 52.7456    set_bounds 2.6647    solve 193.5351    add 45.6724    
Cumulative time: 307.39125657081604

BaB round 265
batch: 128
splitting decisions: 
split level 0: [/49, 3646] [/74, 942] [/74, 546] [/49, 8727] [/49, 6194] [/74, 739] [/49, 7712] [/55, 963] [/74, 718] [/74, 21] 
best_l after optimization: -268041.0625
beta sum per layer: [0.0, 1.3537445068359375, 1.407563328742981, 4.565314769744873]
alpha/beta optimization time: 0.3998715877532959
pruning_in_iteration open status: False
ratio of positive domain = 0 / 256 = 0.0
pruning-in-iteration extra time: 3.62396240234375e-05
torch.Size([256, 1])
Time: prepare 0.0043    bound 0.4012    transfer 0.0038    finalize 0.0919    func 0.5012    
Accumulated time: func 193.8740    prepare 2.6516    bound 165.6335    transfer 1.8780    finalize 25.3357    
max lb tensor(-922.) min lb tensor(-1168.)
Number of Verified Splits: 0 of 256
Current worst splitting domains lb-rhs (depth):
-1168.00000 (142), -1168.00000 (195), -1168.00000 (252), -1168.00000 (142), -1168.00000 (92), -1168.00000 (12), -1168.00000 (142), -1168.00000 (195), -1168.00000 (54), -1168.00000 (252), -1168.00000 (226), -1168.00000 (92), -1168.00000 (195), -1168.00000 (226), -1168.00000 (141), -1168.00000 (93), -1168.00000 (31), -1168.00000 (53), -1168.00000 (12), -1168.00000 (141), 
Length of domains: 33832
Current (lb-rhs): -1168.0
67580 domains visited
Time: pickout 0.0485    decision 0.1320    set_bounds 0.0053    solve 0.5017    add 0.0786    
Accumulated time: pickout 11.9387    decision 52.8776    set_bounds 2.6701    solve 194.0368    add 45.7510    
Cumulative time: 308.1595458984375

BaB round 266
batch: 128
splitting decisions: 
split level 0: [/49, 615] [/74, 140] [/74, 739] [/49, 2135] [/49, 7999] [/74, 460] [/49, 8000] [/55, 961] [/74, 959] [/74, 460] 
best_l after optimization: -268040.5
beta sum per layer: [0.0, 1.4392096996307373, 1.3929061889648438, 4.390514373779297]
alpha/beta optimization time: 0.40195655822753906
pruning_in_iteration open status: False
ratio of positive domain = 0 / 256 = 0.0
pruning-in-iteration extra time: 3.504753112792969e-05
torch.Size([256, 1])
Time: prepare 0.0065    bound 0.4035    transfer 0.0037    finalize 0.0917    func 0.5056    
Accumulated time: func 194.3796    prepare 2.6595    bound 166.0371    transfer 1.8818    finalize 25.4274    
max lb tensor(-922.) min lb tensor(-1168.)
Number of Verified Splits: 0 of 256
Current worst splitting domains lb-rhs (depth):
-1168.00000 (62), -1168.00000 (205), -1168.00000 (168), -1168.00000 (139), -1168.00000 (62), -1168.00000 (119), -1168.00000 (24), -1168.00000 (224), -1168.00000 (62), -1168.00000 (252), -1168.00000 (88), -1168.00000 (205), -1168.00000 (139), -1168.00000 (168), -1168.00000 (182), -1168.00000 (89), -1168.00000 (224), -1168.00000 (88), -1168.00000 (246), -1168.00000 (32), 
Length of domains: 33960
Current (lb-rhs): -1168.0
67836 domains visited
Time: pickout 0.0516    decision 0.1330    set_bounds 0.0046    solve 0.5060    add 0.0792    
Accumulated time: pickout 11.9902    decision 53.0106    set_bounds 2.6747    solve 194.5429    add 45.8302    
Cumulative time: 308.93622612953186

BaB round 267
batch: 128
splitting decisions: 
split level 0: [/49, 9067] [/74, 440] [/74, 1011] [/55, 36] [/55, 959] [/55, 912] [/49, 3661] [/55, 741] [/74, 968] [/55, 1165] 
best_l after optimization: -268040.125
beta sum per layer: [0.0, 1.4400527477264404, 1.4025136232376099, 4.306803226470947]
alpha/beta optimization time: 0.39228320121765137
pruning_in_iteration open status: False
ratio of positive domain = 0 / 256 = 0.0
pruning-in-iteration extra time: 5.14984130859375e-05
torch.Size([256, 1])
Time: prepare 0.0042    bound 0.3936    transfer 0.0039    finalize 0.0939    func 0.4957    
Accumulated time: func 194.8752    prepare 2.6651    bound 166.4307    transfer 1.8857    finalize 25.5213    
max lb tensor(-922.) min lb tensor(-1168.)
Number of Verified Splits: 0 of 256
Current worst splitting domains lb-rhs (depth):
-1168.00000 (118), -1168.00000 (211), -1168.00000 (111), -1168.00000 (138), -1168.00000 (140), -1168.00000 (129), -1168.00000 (196), -1168.00000 (247), -1168.00000 (262), -1168.00000 (252), -1168.00000 (191), -1168.00000 (14), -1168.00000 (7), -1168.00000 (18), -1168.00000 (64), -1168.00000 (187), -1168.00000 (257), -1168.00000 (103), -1168.00000 (156), -1168.00000 (173), 
Length of domains: 34088
Current (lb-rhs): -1168.0
68092 domains visited
Time: pickout 0.0499    decision 0.1299    set_bounds 0.0073    solve 0.4961    add 0.0790    
Accumulated time: pickout 12.0401    decision 53.1405    set_bounds 2.6819    solve 195.0390    add 45.9092    
Cumulative time: 309.70049500465393

BaB round 268
batch: 128
splitting decisions: 
split level 0: [/49, 5830] [/74, 220] [/55, 71] [/55, 912] [/55, 1174] [/55, 950] [/49, 9521] [/55, 637] [/74, 914] [/55, 448] 
best_l after optimization: -268039.75
beta sum per layer: [0.0, 1.4607062339782715, 1.3751213550567627, 4.328271865844727]
alpha/beta optimization time: 0.4626314640045166
pruning_in_iteration open status: False
ratio of positive domain = 0 / 256 = 0.0
pruning-in-iteration extra time: 0.00014662742614746094
torch.Size([256, 1])
Time: prepare 0.0044    bound 0.4641    transfer 0.0042    finalize 0.0926    func 0.5654    
Accumulated time: func 195.4406    prepare 2.6709    bound 166.8948    transfer 1.8899    finalize 25.6139    
max lb tensor(-922.) min lb tensor(-1168.)
Number of Verified Splits: 0 of 256
Current worst splitting domains lb-rhs (depth):
-1168.00000 (254), -1168.00000 (216), -1168.00000 (76), -1168.00000 (253), -1168.00000 (187), -1168.00000 (142), -1168.00000 (77), -1168.00000 (215), -1168.00000 (168), -1168.00000 (24), -1168.00000 (115), -1168.00000 (77), -1168.00000 (134), -1168.00000 (215), -1168.00000 (8), -1168.00000 (77), -1168.00000 (116), -1168.00000 (24), -1168.00000 (215), -1168.00000 (78), 
Length of domains: 34216
Current (lb-rhs): -1168.0
68348 domains visited
Time: pickout 0.0494    decision 0.1404    set_bounds 0.0075    solve 0.5659    add 0.0779    
Accumulated time: pickout 12.0895    decision 53.2809    set_bounds 2.6895    solve 195.6049    add 45.9870    
Cumulative time: 310.5439245700836

BaB round 269
batch: 128
splitting decisions: 
split level 0: [/49, 5661] [/74, 414] [/55, 928] [/49, 3605] [/55, 919] [/55, 1180] [/49, 5466] [/49, 613] [/74, 608] [/55, 948] 
best_l after optimization: -268039.5
beta sum per layer: [0.0, 1.469111680984497, 1.367702603340149, 4.313144207000732]
alpha/beta optimization time: 0.8969268798828125
pruning_in_iteration open status: False
ratio of positive domain = 0 / 256 = 0.0
pruning-in-iteration extra time: 0.0001933574676513672
torch.Size([256, 1])
Time: prepare 0.0044    bound 0.8984    transfer 0.0042    finalize 0.0894    func 0.9966    
Accumulated time: func 196.4372    prepare 2.6767    bound 167.7932    transfer 1.8941    finalize 25.7033    
max lb tensor(-922.) min lb tensor(-1168.)
Number of Verified Splits: 0 of 256
Current worst splitting domains lb-rhs (depth):
-1168.00000 (37), -1168.00000 (130), -1168.00000 (263), -1168.00000 (91), -1168.00000 (179), -1168.00000 (166), -1168.00000 (213), -1168.00000 (104), -1168.00000 (207), -1168.00000 (68), -1168.00000 (130), -1168.00000 (43), -1168.00000 (222), -1168.00000 (57), -1168.00000 (200), -1168.00000 (147), -1168.00000 (255), -1168.00000 (147), -1168.00000 (179), -1168.00000 (239), 
Length of domains: 34344
Current (lb-rhs): -1168.0
68604 domains visited
Time: pickout 0.0499    decision 0.1405    set_bounds 0.0044    solve 0.9970    add 0.0853    
Accumulated time: pickout 12.1395    decision 53.4214    set_bounds 2.6939    solve 196.6019    add 46.0723    
Cumulative time: 311.8241410255432

BaB round 270
batch: 128
splitting decisions: 
split level 0: [/49, 2800] [/74, 65] [/55, 61] [/55, 973] [/55, 734] [/55, 242] [/49, 1941] [/49, 4670] [/74, 989] [/55, 554] 
best_l after optimization: -268039.4375
beta sum per layer: [0.0009439544519409537, 2.499819278717041, 2.0071699619293213, 4.776030540466309]
alpha/beta optimization time: 0.9040510654449463
pruning_in_iteration open status: False
ratio of positive domain = 0 / 256 = 0.0
pruning-in-iteration extra time: 0.00042438507080078125
torch.Size([256, 1])
Time: prepare 0.0052    bound 0.9058    transfer 0.0120    finalize 0.0927    func 1.0158    
Accumulated time: func 197.4530    prepare 2.6926    bound 168.6991    transfer 1.9061    finalize 25.7960    
max lb tensor(-922.) min lb tensor(-1168.)
Number of Verified Splits: 0 of 256
Current worst splitting domains lb-rhs (depth):
-1168.00000 (125), -1168.00000 (88), -1168.00000 (20), -1168.00000 (166), -1168.00000 (8), -1168.00000 (51), -1168.00000 (40), -1168.00000 (267), -1168.00000 (125), -1168.00000 (87), -1168.00000 (67), -1168.00000 (147), -1168.00000 (210), -1168.00000 (236), -1168.00000 (224), -1168.00000 (182), -1168.00000 (258), -1168.00000 (20), -1168.00000 (87), -1168.00000 (182), 
Length of domains: 34472
Current (lb-rhs): -1168.0
68860 domains visited
Time: pickout 0.0736    decision 0.2985    set_bounds 0.0057    solve 1.0163    add 0.0884    
Accumulated time: pickout 12.2131    decision 53.7199    set_bounds 2.6996    solve 197.6182    add 46.1608    
Cumulative time: 313.3105809688568

BaB round 271
batch: 128
splitting decisions: 
split level 0: [/49, 266] [/74, 724] [/55, 503] [/55, 956] [/55, 731] [/55, 500] [/49, 5492] [/55, 1183] [/74, 632] [/55, 466] 
best_l after optimization: -268052.6875
beta sum per layer: [0.0008833196479827166, 2.3636183738708496, 1.8596429824829102, 4.65641975402832]
alpha/beta optimization time: 0.4090461730957031
pruning_in_iteration open status: False
ratio of positive domain = 0 / 256 = 0.0
pruning-in-iteration extra time: 3.5762786865234375e-05
torch.Size([256, 1])
Time: prepare 0.0046    bound 0.4104    transfer 0.0131    finalize 0.0986    func 0.5269    
Accumulated time: func 197.9798    prepare 2.6989    bound 169.1095    transfer 1.9193    finalize 25.8947    
max lb tensor(-922.) min lb tensor(-1168.)
Number of Verified Splits: 0 of 256
Current worst splitting domains lb-rhs (depth):
-1168.00000 (264), -1168.00000 (83), -1168.00000 (244), -1168.00000 (56), -1168.00000 (160), -1168.00000 (49), -1168.00000 (129), -1168.00000 (83), -1168.00000 (160), -1168.00000 (22), -1168.00000 (106), -1168.00000 (244), -1168.00000 (198), -1168.00000 (160), -1168.00000 (129), -1168.00000 (84), -1168.00000 (23), -1168.00000 (8), -1168.00000 (159), -1168.00000 (245), 
Length of domains: 34600
Current (lb-rhs): -1168.0
69116 domains visited
Time: pickout 0.0551    decision 0.1387    set_bounds 0.0077    solve 0.5274    add 0.0950    
Accumulated time: pickout 12.2682    decision 53.8586    set_bounds 2.7073    solve 198.1455    add 46.2558    
Cumulative time: 314.13908219337463

BaB round 272
batch: 128
splitting decisions: 
split level 0: [/55, 689] [/74, 589] [/49, 3570] [/49, 3603] [/49, 7323] [/55, 112] [/55, 455] [/49, 4307] [/74, 646] [/55, 1360] 
best_l after optimization: -268051.8125
beta sum per layer: [0.0028939472977072, 2.6576452255249023, 2.434213161468506, 4.800200462341309]
alpha/beta optimization time: 0.49097657203674316
pruning_in_iteration open status: False
ratio of positive domain = 0 / 256 = 0.0
pruning-in-iteration extra time: 4.076957702636719e-05
torch.Size([256, 1])
Time: prepare 0.0047    bound 0.4924    transfer 0.0141    finalize 0.1056    func 0.6168    
Accumulated time: func 198.5967    prepare 2.7051    bound 169.6019    transfer 1.9334    finalize 26.0003    
max lb tensor(-922.) min lb tensor(-1168.)
Number of Verified Splits: 0 of 256
Current worst splitting domains lb-rhs (depth):
-1168.00000 (29), -1168.00000 (220), -1168.00000 (11), -1168.00000 (254), -1168.00000 (133), -1168.00000 (76), -1168.00000 (220), -1168.00000 (179), -1168.00000 (133), -1168.00000 (76), -1168.00000 (76), -1168.00000 (75), -1168.00000 (220), -1168.00000 (133), -1168.00000 (178), -1168.00000 (75), -1168.00000 (267), -1168.00000 (221), -1168.00000 (10), -1168.00000 (179), 
Length of domains: 34728
Current (lb-rhs): -1168.0
69372 domains visited
Time: pickout 0.0594    decision 0.1340    set_bounds 0.0074    solve 0.6173    add 0.0967    
Accumulated time: pickout 12.3277    decision 53.9927    set_bounds 2.7147    solve 198.7629    add 46.3525    
Cumulative time: 315.05898094177246

BaB round 273
batch: 128
splitting decisions: 
split level 0: [/49, 5518] [/74, 121] [/49, 3555] [/49, 8062] [/49, 5494] [/49, 3576] [/49, 2816] [/49, 8387] [/74, 460] [/55, 963] 
best_l after optimization: -268057.9375
beta sum per layer: [0.0, 2.589827299118042, 2.160831928253174, 4.659284591674805]
alpha/beta optimization time: 0.555621862411499
pruning_in_iteration open status: False
ratio of positive domain = 0 / 256 = 0.0
pruning-in-iteration extra time: 5.245208740234375e-05
torch.Size([256, 1])
Time: prepare 0.0045    bound 0.5572    transfer 0.0147    finalize 0.1118    func 0.6882    
Accumulated time: func 199.2849    prepare 2.7119    bound 170.1590    transfer 1.9481    finalize 26.1121    
max lb tensor(-922.) min lb tensor(-1168.)
Number of Verified Splits: 0 of 256
Current worst splitting domains lb-rhs (depth):
-1168.00000 (130), -1168.00000 (130), -1168.00000 (54), -1168.00000 (153), -1168.00000 (231), -1168.00000 (107), -1168.00000 (35), -1168.00000 (170), -1168.00000 (77), -1168.00000 (140), -1168.00000 (248), -1168.00000 (38), -1168.00000 (170), -1168.00000 (263), -1168.00000 (90), -1168.00000 (78), -1168.00000 (214), -1168.00000 (205), -1168.00000 (21), -1168.00000 (228), 
Length of domains: 34856
Current (lb-rhs): -1168.0
69628 domains visited
Time: pickout 0.0556    decision 0.1793    set_bounds 0.0056    solve 0.6887    add 0.1010    
Accumulated time: pickout 12.3833    decision 54.1720    set_bounds 2.7203    solve 199.4516    add 46.4535    
Cumulative time: 316.0941150188446

BaB round 274
batch: 128
splitting decisions: 
split level 0: [/49, 4829] [/74, 231] [/49, 3399] [/55, 239] [/55, 71] [/55, 1354] [/49, 3607] [/49, 3629] [/55, 1164] [/55, 47] 
best_l after optimization: -268057.65625
beta sum per layer: [0.0, 2.7533936500549316, 2.130450963973999, 4.590902328491211]
alpha/beta optimization time: 0.5528228282928467
pruning_in_iteration open status: False
ratio of positive domain = 0 / 256 = 0.0
pruning-in-iteration extra time: 3.4332275390625e-05
torch.Size([256, 1])
Time: prepare 0.0055    bound 0.5542    transfer 0.0131    finalize 0.1048    func 0.6777    
Accumulated time: func 199.9625    prepare 2.7206    bound 170.7133    transfer 1.9612    finalize 26.2169    
max lb tensor(-922.) min lb tensor(-1168.)
Number of Verified Splits: 0 of 256
Current worst splitting domains lb-rhs (depth):
-1168.00000 (138), -1168.00000 (52), -1168.00000 (104), -1168.00000 (165), -1168.00000 (155), -1168.00000 (145), -1168.00000 (89), -1168.00000 (53), -1168.00000 (202), -1168.00000 (73), -1168.00000 (239), -1168.00000 (104), -1168.00000 (15), -1168.00000 (20), -1168.00000 (239), -1168.00000 (133), -1168.00000 (53), -1168.00000 (263), -1168.00000 (224), -1168.00000 (238), 
Length of domains: 34984
Current (lb-rhs): -1168.0
69884 domains visited
Time: pickout 0.0540    decision 0.5438    set_bounds 0.0058    solve 0.6783    add 0.0987    
Accumulated time: pickout 12.4373    decision 54.7158    set_bounds 2.7261    solve 200.1298    add 46.5522    
Cumulative time: 317.4793734550476

BaB round 275
batch: 128
splitting decisions: 
split level 0: [/49, 2813] [/74, 718] [/49, 3400] [/49, 4697] [/55, 1371] [/55, 1217] [/49, 5973] [/49, 2112] [/55, 467] [/49, 3659] 
best_l after optimization: -268057.0
beta sum per layer: [0.0011455510975793004, 3.689769983291626, 2.6220932006835938, 4.860187530517578]
alpha/beta optimization time: 0.40046000480651855
pruning_in_iteration open status: False
ratio of positive domain = 0 / 256 = 0.0
pruning-in-iteration extra time: 3.695487976074219e-05
torch.Size([256, 1])
Time: prepare 0.0051    bound 0.4019    transfer 0.0133    finalize 0.1035    func 0.5238    
Accumulated time: func 200.4863    prepare 2.7271    bound 171.1152    transfer 1.9745    finalize 26.3203    
max lb tensor(-922.) min lb tensor(-1168.)
Number of Verified Splits: 0 of 256
Current worst splitting domains lb-rhs (depth):
-1168.00000 (245), -1168.00000 (180), -1168.00000 (72), -1168.00000 (246), -1168.00000 (180), -1168.00000 (24), -1168.00000 (72), -1168.00000 (180), -1168.00000 (135), -1168.00000 (135), -1168.00000 (104), -1168.00000 (71), -1168.00000 (8), -1168.00000 (268), -1168.00000 (181), -1168.00000 (25), -1168.00000 (181), -1168.00000 (71), -1168.00000 (179), -1168.00000 (104), 
Length of domains: 35112
Current (lb-rhs): -1168.0
70140 domains visited
Time: pickout 0.0527    decision 0.1312    set_bounds 0.0079    solve 0.5244    add 0.0962    
Accumulated time: pickout 12.4900    decision 54.8470    set_bounds 2.7341    solve 200.6542    add 46.6484    
Cumulative time: 318.2967939376831

BaB round 276
batch: 128
splitting decisions: 
split level 0: [/49, 2787] [/74, 217] [/49, 3386] [/49, 7711] [/55, 553] [/55, 636] [/49, 2084] [/49, 591] [/55, 1186] [/49, 2151] 
best_l after optimization: -268065.53125
beta sum per layer: [0.0, 3.495893716812134, 2.326378583908081, 4.643942832946777]
alpha/beta optimization time: 0.4027233123779297
pruning_in_iteration open status: False
ratio of positive domain = 0 / 256 = 0.0
pruning-in-iteration extra time: 3.504753112792969e-05
torch.Size([256, 1])
Time: prepare 0.0047    bound 0.4041    transfer 0.0134    finalize 0.1016    func 0.5239    
Accumulated time: func 201.0102    prepare 2.7333    bound 171.5192    transfer 1.9879    finalize 26.4219    
max lb tensor(-922.) min lb tensor(-1168.)
Number of Verified Splits: 0 of 256
Current worst splitting domains lb-rhs (depth):
-1168.00000 (91), -1168.00000 (261), -1168.00000 (273), -1168.00000 (91), -1168.00000 (176), -1168.00000 (142), -1168.00000 (25), -1168.00000 (91), -1168.00000 (213), -1168.00000 (213), -1168.00000 (142), -1168.00000 (213), -1168.00000 (90), -1168.00000 (25), -1168.00000 (176), -1168.00000 (214), -1168.00000 (8), -1168.00000 (261), -1168.00000 (92), -1168.00000 (212), 
Length of domains: 35240
Current (lb-rhs): -1168.0
70396 domains visited
Time: pickout 0.0525    decision 0.1310    set_bounds 0.0076    solve 0.5244    add 0.0981    
Accumulated time: pickout 12.5426    decision 54.9779    set_bounds 2.7417    solve 201.1786    add 46.7464    
Cumulative time: 319.1154730319977

BaB round 277
batch: 128
splitting decisions: 
split level 0: [/49, 8389] [/74, 968] [/55, 930] [/49, 2758] [/49, 2088] [/55, 34] [/49, 7687] [/49, 5501] [/55, 248] [/55, 939] 
best_l after optimization: -268064.5625
beta sum per layer: [0.0, 3.5910444259643555, 2.2548828125, 4.567744255065918]
alpha/beta optimization time: 0.40065765380859375
pruning_in_iteration open status: False
ratio of positive domain = 0 / 256 = 0.0
pruning-in-iteration extra time: 0.000171661376953125
torch.Size([256, 1])
Time: prepare 0.0048    bound 0.4021    transfer 0.0128    finalize 0.1046    func 0.5244    
Accumulated time: func 201.5346    prepare 2.7394    bound 171.9214    transfer 2.0007    finalize 26.5266    
max lb tensor(-922.) min lb tensor(-1168.)
Number of Verified Splits: 0 of 256
Current worst splitting domains lb-rhs (depth):
-1168.00000 (250), -1168.00000 (23), -1168.00000 (41), -1168.00000 (132), -1168.00000 (225), -1168.00000 (108), -1168.00000 (85), -1168.00000 (163), -1168.00000 (202), -1168.00000 (163), -1168.00000 (212), -1168.00000 (8), -1168.00000 (270), -1168.00000 (164), -1168.00000 (85), -1168.00000 (23), -1168.00000 (132), -1168.00000 (249), -1168.00000 (250), -1168.00000 (57), 
Length of domains: 35368
Current (lb-rhs): -1168.0
70652 domains visited
Time: pickout 0.0559    decision 0.1314    set_bounds 0.0048    solve 0.5249    add 0.1048    
Accumulated time: pickout 12.5985    decision 55.1094    set_bounds 2.7465    solve 201.7035    add 46.8512    
Cumulative time: 319.94201850891113

BaB round 278
batch: 128
splitting decisions: 
split level 0: [/49, 3657] [/74, 914] [/55, 36] [/49, 5464] [/49, 8510] [/55, 425] [/49, 8844] [/49, 8365] [/55, 1168] [/55, 44] 
best_l after optimization: -268063.625
beta sum per layer: [0.0, 3.5541367530822754, 2.2092652320861816, 4.510734558105469]
alpha/beta optimization time: 0.4182252883911133
pruning_in_iteration open status: False
ratio of positive domain = 0 / 256 = 0.0
pruning-in-iteration extra time: 3.528594970703125e-05
torch.Size([256, 1])
Time: prepare 0.0050    bound 0.4197    transfer 0.0135    finalize 0.1046    func 0.5428    
Accumulated time: func 202.0774    prepare 2.7459    bound 172.3410    transfer 2.0143    finalize 26.6312    
max lb tensor(-922.) min lb tensor(-1168.)
Number of Verified Splits: 0 of 256
Current worst splitting domains lb-rhs (depth):
-1168.00000 (44), -1168.00000 (172), -1168.00000 (275), -1168.00000 (59), -1168.00000 (214), -1168.00000 (183), -1168.00000 (75), -1168.00000 (175), -1168.00000 (244), -1168.00000 (195), -1168.00000 (8), -1168.00000 (160), -1168.00000 (117), -1168.00000 (150), -1168.00000 (32), -1168.00000 (165), -1168.00000 (65), -1168.00000 (221), -1168.00000 (123), -1168.00000 (189), 
Length of domains: 35496
Current (lb-rhs): -1168.0
70908 domains visited
Time: pickout 0.0538    decision 0.1350    set_bounds 0.0047    solve 0.5433    add 0.0955    
Accumulated time: pickout 12.6523    decision 55.2443    set_bounds 2.7512    solve 202.2468    add 46.9467    
Cumulative time: 320.77924489974976

BaB round 279
batch: 128
splitting decisions: 
split level 0: [/49, 3488] [/74, 608] [/55, 435] [/49, 7997] [/49, 4116] [/49, 3406] [/49, 7713] [/49, 8895] [/55, 232] [/49, 4675] 
best_l after optimization: -268063.375
beta sum per layer: [0.0, 4.362100601196289, 3.2908198833465576, 4.870916366577148]
alpha/beta optimization time: 0.4052860736846924
pruning_in_iteration open status: False
ratio of positive domain = 0 / 256 = 0.0
pruning-in-iteration extra time: 3.8623809814453125e-05
torch.Size([256, 1])
Time: prepare 0.0048    bound 0.4066    transfer 0.0134    finalize 0.1032    func 0.5280    
Accumulated time: func 202.6055    prepare 2.7520    bound 172.7477    transfer 2.0277    finalize 26.7344    
max lb tensor(-922.) min lb tensor(-1168.)
Number of Verified Splits: 0 of 256
Current worst splitting domains lb-rhs (depth):
-1168.00000 (255), -1168.00000 (131), -1168.00000 (62), -1168.00000 (197), -1168.00000 (18), -1168.00000 (87), -1168.00000 (30), -1168.00000 (197), -1168.00000 (163), -1168.00000 (259), -1168.00000 (63), -1168.00000 (242), -1168.00000 (76), -1168.00000 (196), -1168.00000 (242), -1168.00000 (11), -1168.00000 (63), -1168.00000 (110), -1168.00000 (196), -1168.00000 (145), 
Length of domains: 35624
Current (lb-rhs): -1168.0
71164 domains visited
Time: pickout 0.0529    decision 0.1350    set_bounds 0.0043    solve 0.5286    add 0.0996    
Accumulated time: pickout 12.7052    decision 55.3793    set_bounds 2.7555    solve 202.7754    add 47.0463    
Cumulative time: 321.6047854423523

BaB round 280
batch: 128
splitting decisions: 
split level 0: [/49, 1967] [/74, 632] [/49, 4643] [/55, 936] [/49, 8341] [/49, 2730] [/49, 6190] [/49, 3460] [/55, 1000] [/49, 8729] 
best_l after optimization: -268077.84375
beta sum per layer: [0.001694107661023736, 4.379731178283691, 2.9409162998199463, 4.749331474304199]
alpha/beta optimization time: 0.3994932174682617
pruning_in_iteration open status: False
ratio of positive domain = 0 / 256 = 0.0
pruning-in-iteration extra time: 4.076957702636719e-05
torch.Size([256, 1])
Time: prepare 0.0048    bound 0.4008    transfer 0.0132    finalize 0.1025    func 0.5213    
Accumulated time: func 203.1268    prepare 2.7582    bound 173.1485    transfer 2.0409    finalize 26.8369    
max lb tensor(-922.) min lb tensor(-1168.)
Number of Verified Splits: 0 of 256
Current worst splitting domains lb-rhs (depth):
-1168.00000 (260), -1168.00000 (219), -1168.00000 (184), -1168.00000 (149), -1168.00000 (24), -1168.00000 (8), -1168.00000 (244), -1168.00000 (69), -1168.00000 (238), -1168.00000 (191), -1168.00000 (157), -1168.00000 (14), -1168.00000 (110), -1168.00000 (210), -1168.00000 (265), -1168.00000 (46), -1168.00000 (126), -1168.00000 (169), -1168.00000 (224), -1168.00000 (32), 
Length of domains: 35752
Current (lb-rhs): -1168.0
71420 domains visited
Time: pickout 0.0567    decision 0.1312    set_bounds 0.0074    solve 0.5218    add 0.0963    
Accumulated time: pickout 12.7619    decision 55.5105    set_bounds 2.7629    solve 203.2973    add 47.1426    
Cumulative time: 322.422963142395

BaB round 281
batch: 128
splitting decisions: 
split level 0: [/55, 124] [/74, 801] [/55, 226] [/49, 3501] [/49, 5464] [/49, 3563] [/49, 3492] [/49, 7348] [/49, 5464] [/49, 4699] 
best_l after optimization: -268077.3125
beta sum per layer: [0.0, 4.832707405090332, 3.627383232116699, 5.083184719085693]
alpha/beta optimization time: 0.4091784954071045
pruning_in_iteration open status: False
ratio of positive domain = 0 / 256 = 0.0
pruning-in-iteration extra time: 4.00543212890625e-05
torch.Size([256, 1])
Time: prepare 0.0049    bound 0.4106    transfer 0.0131    finalize 0.1031    func 0.5318    
Accumulated time: func 203.6586    prepare 2.7646    bound 173.5591    transfer 2.0540    finalize 26.9400    
max lb tensor(-922.) min lb tensor(-1168.)
Number of Verified Splits: 0 of 256
Current worst splitting domains lb-rhs (depth):
-1168.00000 (140), -1168.00000 (105), -1168.00000 (195), -1168.00000 (115), -1168.00000 (65), -1168.00000 (85), -1168.00000 (223), -1168.00000 (271), -1168.00000 (24), -1168.00000 (168), -1168.00000 (168), -1168.00000 (45), -1168.00000 (196), -1168.00000 (252), -1168.00000 (32), -1168.00000 (85), -1168.00000 (10), -1168.00000 (213), -1168.00000 (168), -1168.00000 (84), 
Length of domains: 35880
Current (lb-rhs): -1168.0
71676 domains visited
Time: pickout 0.0521    decision 0.1316    set_bounds 0.0043    solve 0.5323    add 0.0939    
Accumulated time: pickout 12.8139    decision 55.6421    set_bounds 2.7672    solve 203.8296    add 47.2365    
Cumulative time: 323.2420115470886

BaB round 282
batch: 128
splitting decisions: 
split level 0: [/49, 4662] [/74, 739] [/49, 4584] [/49, 119] [/49, 537] [/49, 7969] [/49, 2153] [/49, 7180] [/55, 41] [/49, 8742] 
best_l after optimization: -268083.625
beta sum per layer: [0.0, 5.064035415649414, 3.5391716957092285, 5.109814643859863]
alpha/beta optimization time: 0.3945915699005127
pruning_in_iteration open status: False
ratio of positive domain = 0 / 256 = 0.0
pruning-in-iteration extra time: 3.6716461181640625e-05
torch.Size([256, 1])
Time: prepare 0.0048    bound 0.3960    transfer 0.0125    finalize 0.1009    func 0.5143    
Accumulated time: func 204.1729    prepare 2.7709    bound 173.9551    transfer 2.0665    finalize 27.0409    
max lb tensor(-922.) min lb tensor(-1168.)
Number of Verified Splits: 0 of 256
Current worst splitting domains lb-rhs (depth):
-1168.00000 (56), -1168.00000 (169), -1168.00000 (244), -1168.00000 (185), -1168.00000 (87), -1168.00000 (112), -1168.00000 (8), -1168.00000 (46), -1168.00000 (20), -1168.00000 (222), -1168.00000 (251), -1168.00000 (154), -1168.00000 (167), -1168.00000 (270), -1168.00000 (222), -1168.00000 (39), -1168.00000 (87), -1168.00000 (203), -1168.00000 (204), -1168.00000 (138), 
Length of domains: 36008
Current (lb-rhs): -1168.0
71932 domains visited
Time: pickout 0.0518    decision 0.1320    set_bounds 0.0044    solve 0.5148    add 0.0942    
Accumulated time: pickout 12.8657    decision 55.7741    set_bounds 2.7715    solve 204.3444    add 47.3307    
Cumulative time: 324.0439929962158

BaB round 283
batch: 128
splitting decisions: 
split level 0: [/49, 4333] [/74, 460] [/49, 9349] [/55, 430] [/49, 8727] [/49, 5434] [/49, 9013] [/55, 71] [/49, 2814] [/55, 140] 
best_l after optimization: -268086.03125
beta sum per layer: [0.0, 5.178439617156982, 3.3074588775634766, 4.778172016143799]
alpha/beta optimization time: 0.4013996124267578
pruning_in_iteration open status: False
ratio of positive domain = 0 / 256 = 0.0
pruning-in-iteration extra time: 3.886222839355469e-05
torch.Size([256, 1])
Time: prepare 0.0047    bound 0.4028    transfer 0.0132    finalize 0.1029    func 0.5236    
Accumulated time: func 204.6965    prepare 2.7769    bound 174.3578    transfer 2.0797    finalize 27.1438    
max lb tensor(-922.) min lb tensor(-1168.)
Number of Verified Splits: 0 of 256
Current worst splitting domains lb-rhs (depth):
-1168.00000 (52), -1168.00000 (225), -1168.00000 (183), -1168.00000 (195), -1168.00000 (45), -1168.00000 (32), -1168.00000 (61), -1168.00000 (177), -1168.00000 (254), -1168.00000 (169), -1168.00000 (150), -1168.00000 (243), -1168.00000 (24), -1168.00000 (162), -1168.00000 (276), -1168.00000 (142), -1168.00000 (126), -1168.00000 (267), -1168.00000 (105), -1168.00000 (14), 
Length of domains: 36136
Current (lb-rhs): -1168.0
72188 domains visited
Time: pickout 0.0518    decision 0.1301    set_bounds 0.0042    solve 0.5241    add 0.0992    
Accumulated time: pickout 12.9175    decision 55.9042    set_bounds 2.7758    solve 204.8685    add 47.4299    
Cumulative time: 324.8585274219513

BaB round 284
batch: 128
splitting decisions: 
split level 0: [/49, 448] [/74, 1011] [/55, 1161] [/55, 44] [/49, 3098] [/49, 5491] [/49, 6309] [/49, 5464] [/49, 8898] [/49, 3503] 
best_l after optimization: -268084.78125
beta sum per layer: [0.0019252040656283498, 5.8171162605285645, 3.9399008750915527, 5.083105087280273]
alpha/beta optimization time: 0.4017951488494873
pruning_in_iteration open status: False
ratio of positive domain = 0 / 256 = 0.0
pruning-in-iteration extra time: 3.504753112792969e-05
torch.Size([256, 1])
Time: prepare 0.0052    bound 0.4033    transfer 0.0129    finalize 0.0987    func 0.5201    
Accumulated time: func 205.2166    prepare 2.7846    bound 174.7611    transfer 2.0926    finalize 27.2425    
max lb tensor(-922.) min lb tensor(-1168.)
Number of Verified Splits: 0 of 256
Current worst splitting domains lb-rhs (depth):
-1168.00000 (114), -1168.00000 (206), -1168.00000 (112), -1168.00000 (19), -1168.00000 (205), -1168.00000 (113), -1168.00000 (113), -1168.00000 (205), -1168.00000 (273), -1168.00000 (113), -1168.00000 (19), -1168.00000 (205), -1168.00000 (112), -1168.00000 (114), -1168.00000 (204), -1168.00000 (114), -1168.00000 (204), -1168.00000 (19), -1168.00000 (273), -1168.00000 (115), 
Length of domains: 36264
Current (lb-rhs): -1168.0
72444 domains visited
Time: pickout 0.0533    decision 0.1570    set_bounds 0.0077    solve 0.5206    add 0.0938    
Accumulated time: pickout 12.9708    decision 56.0612    set_bounds 2.7835    solve 205.3890    add 47.5236    
Cumulative time: 325.6956970691681

BaB round 285
batch: 128
splitting decisions: 
split level 0: [/55, 1159] [/74, 66] [/55, 1162] [/55, 5] [/49, 6478] [/49, 3462] [/49, 3943] [/49, 6359] [/49, 2790] [/49, 3627] 
best_l after optimization: -268093.5
beta sum per layer: [0.0, 5.73453426361084, 3.530214309692383, 4.940152645111084]
alpha/beta optimization time: 0.41350412368774414
pruning_in_iteration open status: False
ratio of positive domain = 0 / 256 = 0.0
pruning-in-iteration extra time: 3.504753112792969e-05
torch.Size([256, 1])
Time: prepare 0.0050    bound 0.4157    transfer 0.0142    finalize 0.1092    func 0.5442    
Accumulated time: func 205.7608    prepare 2.7911    bound 175.1768    transfer 2.1068    finalize 27.3517    
max lb tensor(-922.) min lb tensor(-1168.)
Number of Verified Splits: 0 of 256
Current worst splitting domains lb-rhs (depth):
-1168.00000 (135), -1168.00000 (54), -1168.00000 (267), -1168.00000 (112), -1168.00000 (16), -1168.00000 (214), -1168.00000 (172), -1168.00000 (54), -1168.00000 (267), -1168.00000 (85), -1168.00000 (214), -1168.00000 (135), -1168.00000 (16), -1168.00000 (172), -1168.00000 (214), -1168.00000 (268), -1168.00000 (55), -1168.00000 (112), -1168.00000 (134), -1168.00000 (85), 
Length of domains: 36392
Current (lb-rhs): -1168.0
72700 domains visited
Time: pickout 0.0536    decision 0.1320    set_bounds 0.0046    solve 0.5447    add 0.0975    
Accumulated time: pickout 13.0244    decision 56.1932    set_bounds 2.7881    solve 205.9337    add 47.6211    
Cumulative time: 326.53308749198914

BaB round 286
batch: 128
splitting decisions: 
split level 0: [/49, 2136] [/55, 1561] [/49, 8686] [/55, 51] [/49, 7327] [/49, 5421] [/49, 5297] [/55, 19] [/49, 2786] [/49, 6194] 
best_l after optimization: -268092.40625
beta sum per layer: [0.0021431969944387674, 6.627880573272705, 4.127657890319824, 5.137454032897949]
alpha/beta optimization time: 0.4021425247192383
pruning_in_iteration open status: False
ratio of positive domain = 0 / 256 = 0.0
pruning-in-iteration extra time: 3.600120544433594e-05
torch.Size([256, 1])
Time: prepare 0.0049    bound 0.4036    transfer 0.0144    finalize 0.1064    func 0.5293    
Accumulated time: func 206.2901    prepare 2.7974    bound 175.5804    transfer 2.1212    finalize 27.4581    
max lb tensor(-922.) min lb tensor(-1168.)
Number of Verified Splits: 0 of 256
Current worst splitting domains lb-rhs (depth):
-1168.00000 (226), -1168.00000 (210), -1168.00000 (21), -1168.00000 (87), -1168.00000 (281), -1168.00000 (62), -1168.00000 (186), -1168.00000 (142), -1168.00000 (10), -1168.00000 (36), -1168.00000 (244), -1168.00000 (108), -1168.00000 (142), -1168.00000 (244), -1168.00000 (186), -1168.00000 (61), -1168.00000 (263), -1168.00000 (142), -1168.00000 (87), -1168.00000 (187), 
Length of domains: 36520
Current (lb-rhs): -1168.0
72956 domains visited
Time: pickout 0.0556    decision 0.1310    set_bounds 0.0042    solve 0.5298    add 0.0946    
Accumulated time: pickout 13.0799    decision 56.3242    set_bounds 2.7923    solve 206.4635    add 47.7157    
Cumulative time: 327.3532979488373

BaB round 287
batch: 128
splitting decisions: 
split level 0: [/49, 4647] [/55, 143] [/49, 574] [/55, 1198] [/49, 3631] [/49, 2731] [/49, 9571] [/49, 6166] [/55, 1559] [/55, 920] 
best_l after optimization: -268102.6875
beta sum per layer: [0.0, 6.755772590637207, 3.8628945350646973, 5.020465850830078]
alpha/beta optimization time: 0.4023559093475342
pruning_in_iteration open status: False
ratio of positive domain = 0 / 256 = 0.0
pruning-in-iteration extra time: 3.743171691894531e-05
torch.Size([256, 1])
Time: prepare 0.0051    bound 0.4037    transfer 0.0129    finalize 0.1038    func 0.5256    
Accumulated time: func 206.8157    prepare 2.8039    bound 175.9842    transfer 2.1341    finalize 27.5619    
max lb tensor(-922.) min lb tensor(-1168.)
Number of Verified Splits: 0 of 256
Current worst splitting domains lb-rhs (depth):
-1168.00000 (51), -1168.00000 (202), -1168.00000 (64), -1168.00000 (221), -1168.00000 (166), -1168.00000 (267), -1168.00000 (140), -1168.00000 (91), -1168.00000 (110), -1168.00000 (91), -1168.00000 (166), -1168.00000 (202), -1168.00000 (221), -1168.00000 (30), -1168.00000 (18), -1168.00000 (65), -1168.00000 (166), -1168.00000 (280), -1168.00000 (280), -1168.00000 (8), 
Length of domains: 36648
Current (lb-rhs): -1168.0
73212 domains visited
Time: pickout 0.0528    decision 0.1313    set_bounds 0.0044    solve 0.5261    add 0.0973    
Accumulated time: pickout 13.1328    decision 56.4555    set_bounds 2.7968    solve 206.9897    add 47.8130    
Cumulative time: 328.17035579681396

BaB round 288
batch: 128
splitting decisions: 
split level 0: [/49, 8026] [/55, 118] [/49, 8010] [/49, 5293] [/49, 3670] [/55, 731] [/49, 8363] [/49, 8701] [/55, 507] [/55, 235] 
best_l after optimization: -268100.375
beta sum per layer: [0.0006499580922536552, 6.626466751098633, 3.6911048889160156, 4.968654632568359]
alpha/beta optimization time: 0.4146144390106201
pruning_in_iteration open status: False
ratio of positive domain = 0 / 256 = 0.0
pruning-in-iteration extra time: 4.029273986816406e-05
torch.Size([256, 1])
Time: prepare 0.0050    bound 0.4160    transfer 0.0134    finalize 0.1018    func 0.5362    
Accumulated time: func 207.3520    prepare 2.8103    bound 176.4002    transfer 2.1475    finalize 27.6637    
max lb tensor(-922.) min lb tensor(-1168.)
Number of Verified Splits: 0 of 256
Current worst splitting domains lb-rhs (depth):
-1168.00000 (11), -1168.00000 (189), -1168.00000 (283), -1168.00000 (141), -1168.00000 (54), -1168.00000 (91), -1168.00000 (35), -1168.00000 (43), -1168.00000 (273), -1168.00000 (75), -1168.00000 (194), -1168.00000 (173), -1168.00000 (213), -1168.00000 (108), -1168.00000 (225), -1168.00000 (236), -1168.00000 (25), -1168.00000 (153), -1168.00000 (265), -1168.00000 (163), 
Length of domains: 36776
Current (lb-rhs): -1168.0
73468 domains visited
Time: pickout 0.0534    decision 0.1357    set_bounds 0.0075    solve 0.5368    add 0.0940    
Accumulated time: pickout 13.1862    decision 56.5912    set_bounds 2.8042    solve 207.5264    add 47.9070    
Cumulative time: 329.00232768058777

BaB round 289
batch: 128
splitting decisions: 
split level 0: [/55, 425] [/55, 739] [/49, 7659] [/49, 10415] [/49, 8003] [/49, 9321] [/49, 3969] [/49, 4164] [/55, 564] [/55, 37] 
Early stop at 11th iter due to 10 iterations no improvement!
best_l after optimization: -268101.5625
beta sum per layer: [0.011091966181993484, 9.506112098693848, 6.740639686584473, 6.7793474197387695]
alpha/beta optimization time: 0.23508739471435547
pruning_in_iteration open status: False
ratio of positive domain = 0 / 256 = 0.0
pruning-in-iteration extra time: 3.528594970703125e-05
torch.Size([256, 1])
Time: prepare 0.0050    bound 0.2364    transfer 0.0128    finalize 0.1066    func 0.3609    
Accumulated time: func 207.7129    prepare 2.8167    bound 176.6366    transfer 2.1602    finalize 27.7703    
max lb tensor(-922.) min lb tensor(-1168.)
Number of Verified Splits: 0 of 256
Current worst splitting domains lb-rhs (depth):
-1168.00000 (29), -1168.00000 (283), -1168.00000 (200), -1168.00000 (113), -1168.00000 (29), -1168.00000 (253), -1168.00000 (170), -1168.00000 (200), -1168.00000 (68), -1168.00000 (138), -1168.00000 (104), -1168.00000 (199), -1168.00000 (89), -1168.00000 (253), -1168.00000 (68), -1168.00000 (67), -1168.00000 (199), -1168.00000 (171), -1168.00000 (267), -1168.00000 (112), 
Length of domains: 36904
Current (lb-rhs): -1168.0
73724 domains visited
Time: pickout 0.0552    decision 0.1308    set_bounds 0.0042    solve 0.3614    add 0.0955    
Accumulated time: pickout 13.2414    decision 56.7220    set_bounds 2.8084    solve 207.8879    add 48.0025    
Cumulative time: 329.65406250953674

BaB round 290
batch: 128
splitting decisions: 
split level 0: [/55, 941] [/55, 1528] [/49, 4597] [/49, 4279] [/49, 4164] [/49, 8673] [/49, 3505] [/55, 506] [/55, 1355] [/49, 8029] 
best_l after optimization: -268114.375
beta sum per layer: [0.003659147536382079, 7.86106014251709, 4.424163341522217, 5.029721260070801]
alpha/beta optimization time: 0.3980388641357422
pruning_in_iteration open status: False
ratio of positive domain = 0 / 256 = 0.0
pruning-in-iteration extra time: 3.719329833984375e-05
torch.Size([256, 1])
Time: prepare 0.0051    bound 0.3994    transfer 0.0068    finalize 0.0985    func 0.5099    
Accumulated time: func 208.2228    prepare 2.8232    bound 177.0360    transfer 2.1670    finalize 27.8689    
max lb tensor(-922.) min lb tensor(-1168.)
Number of Verified Splits: 0 of 256
Current worst splitting domains lb-rhs (depth):
-1168.00000 (205), -1168.00000 (136), -1168.00000 (72), -1168.00000 (25), -1168.00000 (241), -1168.00000 (72), -1168.00000 (136), -1168.00000 (121), -1168.00000 (103), -1168.00000 (219), -1168.00000 (72), -1168.00000 (274), -1168.00000 (241), -1168.00000 (194), -1168.00000 (9), -1168.00000 (26), -1168.00000 (167), -1168.00000 (71), -1168.00000 (172), -1168.00000 (219), 
Length of domains: 37032
Current (lb-rhs): -1168.0
73980 domains visited
Time: pickout 0.0574    decision 0.1318    set_bounds 0.0042    solve 0.5104    add 0.0947    
Accumulated time: pickout 13.2987    decision 56.8539    set_bounds 2.8127    solve 208.3982    add 48.0972    
Cumulative time: 330.45682525634766

BaB round 291
batch: 128
splitting decisions: 
split level 0: [/49, 9381] [/55, 51] [/49, 3941] [/49, 5124] [/49, 4697] [/49, 1887] [/49, 5468] [/49, 1289] [/49, 4476] [/49, 2784] 
best_l after optimization: -268111.03125
beta sum per layer: [0.003971925470978022, 7.726263523101807, 4.257096767425537, 4.946593284606934]
alpha/beta optimization time: 0.3958601951599121
pruning_in_iteration open status: False
ratio of positive domain = 0 / 256 = 0.0
pruning-in-iteration extra time: 3.838539123535156e-05
torch.Size([256, 1])
Time: prepare 0.0051    bound 0.3972    transfer 0.0062    finalize 0.1011    func 0.5097    
Accumulated time: func 208.7324    prepare 2.8298    bound 177.4333    transfer 2.1732    finalize 27.9699    
max lb tensor(-922.) min lb tensor(-1168.)
Number of Verified Splits: 0 of 256
Current worst splitting domains lb-rhs (depth):
-1168.00000 (118), -1168.00000 (177), -1168.00000 (240), -1168.00000 (165), -1168.00000 (219), -1168.00000 (79), -1168.00000 (281), -1168.00000 (195), -1168.00000 (161), -1168.00000 (94), -1168.00000 (265), -1168.00000 (286), -1168.00000 (109), -1168.00000 (64), -1168.00000 (26), -1168.00000 (81), -1168.00000 (155), -1168.00000 (207), -1168.00000 (132), -1168.00000 (102), 
Length of domains: 37160
Current (lb-rhs): -1168.0
74236 domains visited
Time: pickout 0.0592    decision 0.1310    set_bounds 0.0077    solve 0.5102    add 0.0934    
Accumulated time: pickout 13.3580    decision 56.9849    set_bounds 2.8204    solve 208.9084    add 48.1906    
Cumulative time: 331.26308703422546

BaB round 292
batch: 128
splitting decisions: 
split level 0: [/49, 3644] [/55, 574] [/49, 3605] [/49, 4110] [/49, 3488] [/49, 4591] [/55, 1373] [/49, 8727] [/49, 4138] [/49, 3609] 
best_l after optimization: -268110.34375
beta sum per layer: [0.006931162439286709, 8.977555274963379, 5.308995246887207, 5.2403564453125]
alpha/beta optimization time: 0.4141254425048828
pruning_in_iteration open status: False
ratio of positive domain = 0 / 256 = 0.0
pruning-in-iteration extra time: 3.7670135498046875e-05
torch.Size([256, 1])
Time: prepare 0.0055    bound 0.4156    transfer 0.0064    finalize 0.1103    func 0.5379    
Accumulated time: func 209.2703    prepare 2.8367    bound 177.8488    transfer 2.1796    finalize 28.0803    
max lb tensor(-922.) min lb tensor(-1168.)
Number of Verified Splits: 0 of 256
Current worst splitting domains lb-rhs (depth):
-1168.00000 (228), -1168.00000 (203), -1168.00000 (25), -1168.00000 (127), -1168.00000 (67), -1168.00000 (92), -1168.00000 (247), -1168.00000 (276), -1168.00000 (127), -1168.00000 (67), -1168.00000 (155), -1168.00000 (183), -1168.00000 (110), -1168.00000 (26), -1168.00000 (66), -1168.00000 (203), -1168.00000 (9), -1168.00000 (174), -1168.00000 (25), -1168.00000 (203), 
Length of domains: 37288
Current (lb-rhs): -1168.0
74492 domains visited
Time: pickout 0.0602    decision 0.1294    set_bounds 0.0043    solve 0.5383    add 0.0954    
Accumulated time: pickout 13.4182    decision 57.1143    set_bounds 2.8246    solve 209.4467    add 48.2860    
Cumulative time: 332.09631848335266

BaB round 293
batch: 128
splitting decisions: 
split level 0: [/49, 9377] [/55, 1186] [/49, 1575] [/49, 54] [/49, 4684] [/49, 4929] [/55, 725] [/49, 446] [/49, 8532] [/49, 5486] 
best_l after optimization: -268125.5
beta sum per layer: [0.006059544160962105, 8.922953605651855, 4.845968246459961, 5.147749900817871]
alpha/beta optimization time: 0.458066463470459
pruning_in_iteration open status: False
ratio of positive domain = 0 / 256 = 0.0
pruning-in-iteration extra time: 4.267692565917969e-05
torch.Size([256, 1])
Time: prepare 0.0050    bound 0.4594    transfer 0.0065    finalize 0.1072    func 0.5782    
Accumulated time: func 209.8485    prepare 2.8431    bound 178.3082    transfer 2.1861    finalize 28.1875    
max lb tensor(-922.) min lb tensor(-1168.)
Number of Verified Splits: 0 of 256
Current worst splitting domains lb-rhs (depth):
-1168.00000 (113), -1168.00000 (58), -1168.00000 (249), -1168.00000 (142), -1168.00000 (217), -1168.00000 (35), -1168.00000 (262), -1168.00000 (8), -1168.00000 (26), -1168.00000 (286), -1168.00000 (191), -1168.00000 (77), -1168.00000 (217), -1168.00000 (15), -1168.00000 (191), -1168.00000 (58), -1168.00000 (98), -1168.00000 (141), -1168.00000 (161), -1168.00000 (216), 
Length of domains: 37416
Current (lb-rhs): -1168.0
74748 domains visited
Time: pickout 0.0600    decision 0.1394    set_bounds 0.0043    solve 0.5787    add 0.0947    
Accumulated time: pickout 13.4782    decision 57.2536    set_bounds 2.8289    solve 210.0254    add 48.3807    
Cumulative time: 332.97882080078125

BaB round 294
batch: 128
splitting decisions: 
split level 0: [/55, 906] [/55, 73] [/49, 7999] [/49, 7490] [/49, 5780] [/49, 5267] [/49, 3575] [/49, 10391] [/49, 2114] [/49, 2764] 
best_l after optimization: -268123.5625
beta sum per layer: [0.007703597191721201, 10.202402114868164, 5.446027755737305, 5.410774230957031]
alpha/beta optimization time: 0.7102565765380859
pruning_in_iteration open status: False
ratio of positive domain = 0 / 256 = 0.0
pruning-in-iteration extra time: 0.0003094673156738281
torch.Size([256, 1])
Time: prepare 0.0051    bound 0.7119    transfer 0.0067    finalize 0.1079    func 0.8316    
Accumulated time: func 210.6801    prepare 2.8496    bound 179.0201    transfer 2.1928    finalize 28.2954    
max lb tensor(-922.) min lb tensor(-1168.)
Number of Verified Splits: 0 of 256
Current worst splitting domains lb-rhs (depth):
-1168.00000 (30), -1168.00000 (211), -1168.00000 (30), -1168.00000 (156), -1168.00000 (184), -1168.00000 (236), -1168.00000 (84), -1168.00000 (142), -1168.00000 (275), -1168.00000 (236), -1168.00000 (118), -1168.00000 (7), -1168.00000 (85), -1168.00000 (19), -1168.00000 (156), -1168.00000 (235), -1168.00000 (84), -1168.00000 (85), -1168.00000 (211), -1168.00000 (184), 
Length of domains: 37544
Current (lb-rhs): -1168.0
75004 domains visited
Time: pickout 0.0613    decision 0.1359    set_bounds 0.0076    solve 0.8322    add 0.0968    
Accumulated time: pickout 13.5395    decision 57.3896    set_bounds 2.8365    solve 210.8576    add 48.4775    
Cumulative time: 334.1179769039154

BaB round 295
batch: 128
splitting decisions: 
split level 0: [/49, 3982] [/55, 1462] [/55, 1165] [/49, 1913] [/49, 5611] [/49, 4422] [/49, 3407] [/49, 6333] [/49, 7999] [/49, 3629] 
best_l after optimization: -268131.6875
beta sum per layer: [0.012078708969056606, 9.731115341186523, 4.9328083992004395, 5.102754592895508]
alpha/beta optimization time: 0.8823418617248535
pruning_in_iteration open status: False
ratio of positive domain = 0 / 256 = 0.0
pruning-in-iteration extra time: 0.0003573894500732422
torch.Size([256, 1])
Time: prepare 0.0058    bound 0.8841    transfer 0.0066    finalize 0.1073    func 1.0038    
Accumulated time: func 211.6839    prepare 2.8616    bound 179.9042    transfer 2.1994    finalize 28.4027    
max lb tensor(-922.) min lb tensor(-1168.)
Number of Verified Splits: 0 of 256
Current worst splitting domains lb-rhs (depth):
-1168.00000 (8), -1168.00000 (118), -1168.00000 (258), -1168.00000 (250), -1168.00000 (150), -1168.00000 (228), -1168.00000 (188), -1168.00000 (179), -1168.00000 (108), -1168.00000 (275), -1168.00000 (288), -1168.00000 (221), -1168.00000 (30), -1168.00000 (237), -1168.00000 (169), -1168.00000 (45), -1168.00000 (274), -1168.00000 (170), -1168.00000 (193), -1168.00000 (275), 
Length of domains: 37672
Current (lb-rhs): -1168.0
75260 domains visited
Time: pickout 0.0602    decision 0.3592    set_bounds 0.0059    solve 1.0043    add 0.0906    
Accumulated time: pickout 13.5997    decision 57.7488    set_bounds 2.8425    solve 211.8619    add 48.5681    
Cumulative time: 335.64313530921936

BaB round 296
batch: 128
splitting decisions: 
split level 0: [/49, 3631] [/55, 917] [/49, 6151] [/49, 3096] [/55, 954] [/49, 4253] [/49, 2054] [/49, 2798] [/55, 961] [/55, 1367] 
best_l after optimization: -268130.75
beta sum per layer: [0.009199257008731365, 10.94518756866455, 5.81180477142334, 5.285334587097168]
alpha/beta optimization time: 0.4169497489929199
pruning_in_iteration open status: False
ratio of positive domain = 0 / 256 = 0.0
pruning-in-iteration extra time: 3.504753112792969e-05
torch.Size([256, 1])
Time: prepare 0.0050    bound 0.4182    transfer 0.0060    finalize 0.1030    func 0.5322    
Accumulated time: func 212.2161    prepare 2.8693    bound 180.3224    transfer 2.2054    finalize 28.5056    
max lb tensor(-922.) min lb tensor(-1168.)
Number of Verified Splits: 0 of 256
Current worst splitting domains lb-rhs (depth):
-1168.00000 (188), -1168.00000 (209), -1168.00000 (256), -1168.00000 (124), -1168.00000 (18), -1168.00000 (59), -1168.00000 (276), -1168.00000 (240), -1168.00000 (81), -1168.00000 (153), -1168.00000 (154), -1168.00000 (123), -1168.00000 (210), -1168.00000 (8), -1168.00000 (286), -1168.00000 (271), -1168.00000 (123), -1168.00000 (209), -1168.00000 (286), -1168.00000 (9), 
Length of domains: 37800
Current (lb-rhs): -1168.0
75516 domains visited
Time: pickout 0.0740    decision 0.1404    set_bounds 0.0041    solve 0.5327    add 0.0928    
Accumulated time: pickout 13.6737    decision 57.8892    set_bounds 2.8466    solve 212.3946    add 48.6609    
Cumulative time: 336.4918022155762

BaB round 297
batch: 128
splitting decisions: 
split level 0: [/49, 3475] [/49, 617] [/49, 392] [/49, 5462] [/49, 3583] [/49, 7802] [/49, 9402] [/49, 9038] [/55, 185] [/49, 5516] 
best_l after optimization: -268141.375
beta sum per layer: [0.006433913018554449, 10.608848571777344, 5.325926303863525, 5.30159330368042]
alpha/beta optimization time: 0.4324686527252197
pruning_in_iteration open status: False
ratio of positive domain = 0 / 256 = 0.0
pruning-in-iteration extra time: 3.62396240234375e-05
torch.Size([256, 1])
Time: prepare 0.0052    bound 0.4338    transfer 0.0064    finalize 0.1028    func 0.5482    
Accumulated time: func 212.7644    prepare 2.8759    bound 180.7562    transfer 2.2118    finalize 28.6084    
max lb tensor(-922.) min lb tensor(-1168.)
Number of Verified Splits: 0 of 256
Current worst splitting domains lb-rhs (depth):
-1168.00000 (235), -1168.00000 (223), -1168.00000 (89), -1168.00000 (47), -1168.00000 (205), -1168.00000 (145), -1168.00000 (236), -1168.00000 (103), -1168.00000 (280), -1168.00000 (69), -1168.00000 (7), -1168.00000 (113), -1168.00000 (270), -1168.00000 (169), -1168.00000 (56), -1168.00000 (292), -1168.00000 (146), -1168.00000 (48), -1168.00000 (214), -1168.00000 (30), 
Length of domains: 37928
Current (lb-rhs): -1168.0
75772 domains visited
Time: pickout 0.0606    decision 0.1300    set_bounds 0.0075    solve 0.5487    add 0.0901    
Accumulated time: pickout 13.7342    decision 58.0192    set_bounds 2.8541    solve 212.9433    add 48.7510    
Cumulative time: 337.33300590515137

BaB round 298
batch: 128
splitting decisions: 
split level 0: [/49, 8363] [/49, 8363] [/55, 182] [/49, 7400] [/49, 9329] [/49, 10335] [/55, 731] [/49, 3633] [/49, 617] [/49, 2132] 
Early stop at 11th iter due to 10 iterations no improvement!
best_l after optimization: -268143.34375
beta sum per layer: [0.011772144585847855, 15.559320449829102, 8.517157554626465, 6.892141819000244]
alpha/beta optimization time: 0.24506115913391113
pruning_in_iteration open status: False
ratio of positive domain = 0 / 256 = 0.0
pruning-in-iteration extra time: 3.7670135498046875e-05
torch.Size([256, 1])
Time: prepare 0.0051    bound 0.2464    transfer 0.0062    finalize 0.1034    func 0.3611    
Accumulated time: func 213.1255    prepare 2.8824    bound 181.0026    transfer 2.2180    finalize 28.7118    
max lb tensor(-922.) min lb tensor(-1168.)
Number of Verified Splits: 0 of 256
Current worst splitting domains lb-rhs (depth):
-1168.00000 (184), -1168.00000 (150), -1168.00000 (281), -1168.00000 (161), -1168.00000 (110), -1168.00000 (249), -1168.00000 (72), -1168.00000 (221), -1168.00000 (7), -1168.00000 (110), -1168.00000 (28), -1168.00000 (192), -1168.00000 (204), -1168.00000 (221), -1168.00000 (133), -1168.00000 (161), -1168.00000 (18), -1168.00000 (110), -1168.00000 (261), -1168.00000 (111), 
Length of domains: 38056
Current (lb-rhs): -1168.0
76028 domains visited
Time: pickout 0.0582    decision 0.1314    set_bounds 0.0042    solve 0.3616    add 0.0907    
Accumulated time: pickout 13.7925    decision 58.1507    set_bounds 2.8583    solve 213.3050    add 48.8417    
Cumulative time: 337.98381996154785

BaB round 299
batch: 128
splitting decisions: 
split level 0: [/49, 9403] [/49, 5464] [/49, 2082] [/49, 2080] [/49, 1386] [/49, 5464] [/49, 645] [/55, 455] [/49, 5468] [/49, 3152] 
best_l after optimization: -268153.4375
beta sum per layer: [0.015688970685005188, 12.093524932861328, 5.713624954223633, 5.343556880950928]
alpha/beta optimization time: 0.3975396156311035
pruning_in_iteration open status: False
ratio of positive domain = 0 / 256 = 0.0
pruning-in-iteration extra time: 3.814697265625e-05
torch.Size([256, 1])
Time: prepare 0.0051    bound 0.3988    transfer 0.0064    finalize 0.1041    func 0.5145    
Accumulated time: func 213.6400    prepare 2.8889    bound 181.4014    transfer 2.2244    finalize 28.8159    
max lb tensor(-922.) min lb tensor(-1168.)
Number of Verified Splits: 0 of 256
Current worst splitting domains lb-rhs (depth):
-1168.00000 (178), -1168.00000 (177), -1168.00000 (34), -1168.00000 (91), -1168.00000 (256), -1168.00000 (178), -1168.00000 (91), -1168.00000 (34), -1168.00000 (256), -1168.00000 (139), -1168.00000 (178), -1168.00000 (255), -1168.00000 (90), -1168.00000 (35), -1168.00000 (138), -1168.00000 (179), -1168.00000 (291), -1168.00000 (255), -1168.00000 (177), -1168.00000 (176), 
Length of domains: 38184
Current (lb-rhs): -1168.0
76284 domains visited
Time: pickout 0.0575    decision 0.1347    set_bounds 0.0042    solve 0.5150    add 0.0881    
Accumulated time: pickout 13.8500    decision 58.2853    set_bounds 2.8625    solve 213.8200    add 48.9298    
Cumulative time: 338.78773260116577

BaB round 300
batch: 128
splitting decisions: 
split level 0: [/49, 3969] [/55, 731] [/49, 4281] [/49, 2812] [/49, 8315] [/49, 561] [/49, 3993] [/49, 3605] [/55, 68] [/49, 8047] 
best_l after optimization: -268148.3125
beta sum per layer: [0.0091477045789361, 12.588916778564453, 6.407473087310791, 5.367396831512451]
alpha/beta optimization time: 0.3990790843963623
pruning_in_iteration open status: False
ratio of positive domain = 0 / 256 = 0.0
pruning-in-iteration extra time: 3.695487976074219e-05
torch.Size([256, 1])
Time: prepare 0.0052    bound 0.4004    transfer 0.0066    finalize 0.1012    func 0.5135    
Accumulated time: func 214.1535    prepare 2.8955    bound 181.8019    transfer 2.2311    finalize 28.9171    
max lb tensor(-922.) min lb tensor(-1168.)
Number of Verified Splits: 0 of 256
Current worst splitting domains lb-rhs (depth):
-1168.00000 (291), -1168.00000 (108), -1168.00000 (71), -1168.00000 (38), -1168.00000 (251), -1168.00000 (17), -1168.00000 (224), -1168.00000 (130), -1168.00000 (109), -1168.00000 (224), -1168.00000 (159), -1168.00000 (109), -1168.00000 (7), -1168.00000 (63), -1168.00000 (71), -1168.00000 (188), -1168.00000 (24), -1168.00000 (109), -1168.00000 (23), -1168.00000 (130), 
Length of domains: 38312
Current (lb-rhs): -1168.0
76540 domains visited
Time: pickout 0.0599    decision 0.1319    set_bounds 0.0043    solve 0.5140    add 0.0867    
Accumulated time: pickout 13.9099    decision 58.4173    set_bounds 2.8668    solve 214.3339    add 49.0165    
Cumulative time: 339.58855533599854

BaB round 301
batch: 128
splitting decisions: 
split level 0: [/49, 5828] [/49, 3661] [/49, 9024] [/55, 685] [/49, 2812] [/49, 7632] [/49, 2253] [/49, 4619] [/55, 937] [/49, 762] 
best_l after optimization: -268156.0625
beta sum per layer: [0.00841229036450386, 12.351974487304688, 5.843328475952148, 5.388969898223877]
alpha/beta optimization time: 0.398942232131958
pruning_in_iteration open status: False
ratio of positive domain = 0 / 256 = 0.0
pruning-in-iteration extra time: 3.838539123535156e-05
torch.Size([256, 1])
Time: prepare 0.0051    bound 0.4003    transfer 0.0058    finalize 0.0975    func 0.5088    
Accumulated time: func 214.6623    prepare 2.9020    bound 182.2022    transfer 2.2368    finalize 29.0146    
max lb tensor(-922.) min lb tensor(-1168.)
Number of Verified Splits: 0 of 256
Current worst splitting domains lb-rhs (depth):
-1168.00000 (83), -1168.00000 (213), -1168.00000 (67), -1168.00000 (249), -1168.00000 (41), -1168.00000 (165), -1168.00000 (276), -1168.00000 (235), -1168.00000 (115), -1168.00000 (284), -1168.00000 (175), -1168.00000 (119), -1168.00000 (249), -1168.00000 (213), -1168.00000 (183), -1168.00000 (41), -1168.00000 (137), -1168.00000 (101), -1168.00000 (7), -1168.00000 (190), 
Length of domains: 38440
Current (lb-rhs): -1168.0
76796 domains visited
Time: pickout 0.0579    decision 0.1300    set_bounds 0.0043    solve 0.5093    add 0.0900    
Accumulated time: pickout 13.9678    decision 58.5472    set_bounds 2.8711    solve 214.8432    add 49.1065    
Cumulative time: 340.3835332393646

BaB round 302
batch: 128
splitting decisions: 
split level 0: [/49, 5659] [/55, 1165] [/49, 2084] [/49, 7334] [/49, 10174] [/49, 3436] [/49, 6112] [/49, 3657] [/49, 8029] [/49, 5518] 
best_l after optimization: -268152.40625
beta sum per layer: [0.011377640068531036, 13.803464889526367, 6.374429702758789, 5.388956546783447]
alpha/beta optimization time: 0.4063277244567871
pruning_in_iteration open status: False
ratio of positive domain = 0 / 256 = 0.0
pruning-in-iteration extra time: 4.00543212890625e-05
torch.Size([256, 1])
Time: prepare 0.0055    bound 0.4077    transfer 0.0058    finalize 0.0981    func 0.5172    
Accumulated time: func 215.1795    prepare 2.9093    bound 182.6099    transfer 2.2427    finalize 29.1128    
max lb tensor(-922.) min lb tensor(-1168.)
Number of Verified Splits: 0 of 256
Current worst splitting domains lb-rhs (depth):
-1168.00000 (27), -1168.00000 (100), -1168.00000 (233), -1168.00000 (100), -1168.00000 (99), -1168.00000 (233), -1168.00000 (285), -1168.00000 (193), -1168.00000 (155), -1168.00000 (27), -1168.00000 (99), -1168.00000 (9), -1168.00000 (298), -1168.00000 (233), -1168.00000 (99), -1168.00000 (155), -1168.00000 (234), -1168.00000 (98), -1168.00000 (154), -1168.00000 (154), 
Length of domains: 38568
Current (lb-rhs): -1168.0
77052 domains visited
Time: pickout 0.0589    decision 0.1419    set_bounds 0.0080    solve 0.5177    add 0.0864    
Accumulated time: pickout 14.0267    decision 58.6892    set_bounds 2.8791    solve 215.3609    add 49.1929    
Cumulative time: 341.20023012161255

BaB round 303
batch: 128
splitting decisions: 
split level 0: [/49, 2292] [/49, 3577] [/49, 4110] [/49, 7995] [/49, 9069] [/49, 8363] [/49, 3577] [/49, 8001] [/49, 4142] [/55, 425] 
best_l after optimization: -268161.9375
beta sum per layer: [0.008141037076711655, 14.685239791870117, 6.805726051330566, 5.402754306793213]
alpha/beta optimization time: 0.3974118232727051
pruning_in_iteration open status: False
ratio of positive domain = 0 / 256 = 0.0
pruning-in-iteration extra time: 4.029273986816406e-05
torch.Size([256, 1])
Time: prepare 0.0051    bound 0.3988    transfer 0.0059    finalize 0.0961    func 0.5059    
Accumulated time: func 215.6854    prepare 2.9158    bound 183.0087    transfer 2.2485    finalize 29.2088    
max lb tensor(-922.) min lb tensor(-1168.)
Number of Verified Splits: 0 of 256
Current worst splitting domains lb-rhs (depth):
-1168.00000 (258), -1168.00000 (286), -1168.00000 (15), -1168.00000 (60), -1168.00000 (79), -1168.00000 (224), -1168.00000 (116), -1168.00000 (198), -1168.00000 (146), -1168.00000 (36), -1168.00000 (60), -1168.00000 (167), -1168.00000 (102), -1168.00000 (198), -1168.00000 (224), -1168.00000 (271), -1168.00000 (79), -1168.00000 (102), -1168.00000 (166), -1168.00000 (223), 
Length of domains: 38696
Current (lb-rhs): -1168.0
77308 domains visited
Time: pickout 0.0563    decision 0.1315    set_bounds 0.0042    solve 0.5064    add 0.0886    
Accumulated time: pickout 14.0830    decision 58.8206    set_bounds 2.8832    solve 215.8672    add 49.2815    
Cumulative time: 341.9909026622772

BaB round 304
batch: 128
splitting decisions: 
split level 0: [/49, 7531] [/55, 1081] [/49, 6140] [/49, 3941] [/49, 6482] [/49, 704] [/49, 2760] [/49, 8882] [/49, 3629] [/49, 2812] 
best_l after optimization: -268169.53125
beta sum per layer: [0.01823459193110466, 14.264762878417969, 6.31317138671875, 5.2229905128479]
alpha/beta optimization time: 0.3968191146850586
pruning_in_iteration open status: False
ratio of positive domain = 0 / 256 = 0.0
pruning-in-iteration extra time: 4.4345855712890625e-05
torch.Size([256, 1])
Time: prepare 0.0051    bound 0.3982    transfer 0.0057    finalize 0.0976    func 0.5066    
Accumulated time: func 216.1919    prepare 2.9223    bound 183.4070    transfer 2.2542    finalize 29.3064    
max lb tensor(-922.) min lb tensor(-1168.)
Number of Verified Splits: 0 of 256
Current worst splitting domains lb-rhs (depth):
-1168.00000 (71), -1168.00000 (8), -1168.00000 (71), -1168.00000 (296), -1168.00000 (136), -1168.00000 (256), -1168.00000 (159), -1168.00000 (234), -1168.00000 (192), -1168.00000 (287), -1168.00000 (101), -1168.00000 (208), -1168.00000 (136), -1168.00000 (101), -1168.00000 (234), -1168.00000 (159), -1168.00000 (70), -1168.00000 (15), -1168.00000 (158), -1168.00000 (72), 
Length of domains: 38824
Current (lb-rhs): -1168.0
77564 domains visited
Time: pickout 0.0607    decision 0.1300    set_bounds 0.0076    solve 0.5071    add 0.0867    
Accumulated time: pickout 14.1437    decision 58.9506    set_bounds 2.8909    solve 216.3743    add 49.3683    
Cumulative time: 342.7863941192627

BaB round 305
batch: 128
splitting decisions: 
split level 0: [/49, 784] [/49, 3969] [/49, 67] [/49, 7971] [/49, 2063] [/49, 7351] [/49, 7492] [/49, 7375] [/49, 2758] [/55, 20] 
best_l after optimization: -268167.125
beta sum per layer: [0.011525025591254234, 15.705543518066406, 6.9575653076171875, 5.523481845855713]
alpha/beta optimization time: 0.3961210250854492
pruning_in_iteration open status: False
ratio of positive domain = 0 / 256 = 0.0
pruning-in-iteration extra time: 3.8623809814453125e-05
torch.Size([256, 1])
Time: prepare 0.0052    bound 0.3975    transfer 0.0061    finalize 0.0963    func 0.5051    
Accumulated time: func 216.6970    prepare 2.9288    bound 183.8045    transfer 2.2603    finalize 29.4027    
max lb tensor(-922.) min lb tensor(-1168.)
Number of Verified Splits: 0 of 256
Current worst splitting domains lb-rhs (depth):
-1168.00000 (152), -1168.00000 (220), -1168.00000 (25), -1168.00000 (53), -1168.00000 (275), -1168.00000 (297), -1168.00000 (114), -1168.00000 (73), -1168.00000 (190), -1168.00000 (64), -1168.00000 (9), -1168.00000 (174), -1168.00000 (125), -1168.00000 (44), -1168.00000 (275), -1168.00000 (25), -1168.00000 (87), -1168.00000 (221), -1168.00000 (170), -1168.00000 (9), 
Length of domains: 38952
Current (lb-rhs): -1168.0
77820 domains visited
Time: pickout 0.0568    decision 0.1303    set_bounds 0.0043    solve 0.5056    add 0.0956    
Accumulated time: pickout 14.2004    decision 59.0809    set_bounds 2.8951    solve 216.8799    add 49.4639    
Cumulative time: 343.5829074382782

BaB round 306
batch: 128
splitting decisions: 
split level 0: [/49, 6699] [/55, 1138] [/49, 3265] [/49, 8816] [/49, 1893] [/49, 3577] [/55, 1096] [/49, 3488] [/55, 22] [/55, 231] 
best_l after optimization: -268177.125
beta sum per layer: [0.01389359775930643, 15.143657684326172, 6.513180255889893, 5.440779685974121]
alpha/beta optimization time: 0.39269256591796875
pruning_in_iteration open status: False
ratio of positive domain = 0 / 256 = 0.0
pruning-in-iteration extra time: 9.322166442871094e-05
torch.Size([256, 1])
Time: prepare 0.0051    bound 0.3941    transfer 0.0056    finalize 0.0953    func 0.5002    
Accumulated time: func 217.1972    prepare 2.9353    bound 184.1986    transfer 2.2659    finalize 29.4980    
max lb tensor(-922.) min lb tensor(-1168.)
Number of Verified Splits: 0 of 256
Current worst splitting domains lb-rhs (depth):
-1168.00000 (189), -1168.00000 (12), -1168.00000 (76), -1168.00000 (61), -1168.00000 (295), -1168.00000 (30), -1168.00000 (157), -1168.00000 (182), -1168.00000 (232), -1168.00000 (264), -1168.00000 (93), -1168.00000 (222), -1168.00000 (120), -1168.00000 (132), -1168.00000 (107), -1168.00000 (287), -1168.00000 (246), -1168.00000 (254), -1168.00000 (62), -1168.00000 (20), 
Length of domains: 39080
Current (lb-rhs): -1168.0
78076 domains visited
Time: pickout 0.0575    decision 0.1319    set_bounds 0.0043    solve 0.5007    add 0.0890    
Accumulated time: pickout 14.2579    decision 59.2128    set_bounds 2.8994    solve 217.3806    add 49.5528    
Cumulative time: 344.369722366333

BaB round 307
batch: 128
splitting decisions: 
split level 0: [/49, 7375] [/49, 7999] [/55, 561] [/49, 640] [/49, 7302] [/49, 7349] [/49, 3605] [/49, 3577] [/55, 636] [/49, 7687] 
Early stop at 11th iter due to 10 iterations no improvement!
best_l after optimization: -268178.75
beta sum per layer: [0.021733233705163002, 23.143085479736328, 9.171224594116211, 7.128461837768555]
alpha/beta optimization time: 0.27918410301208496
pruning_in_iteration open status: False
ratio of positive domain = 0 / 256 = 0.0
pruning-in-iteration extra time: 3.4332275390625e-05
torch.Size([256, 1])
Time: prepare 0.0053    bound 0.2806    transfer 0.0061    finalize 0.1149    func 0.4069    
Accumulated time: func 217.6041    prepare 2.9424    bound 184.4792    transfer 2.2719    finalize 29.6129    
max lb tensor(-922.) min lb tensor(-1168.)
Number of Verified Splits: 0 of 256
Current worst splitting domains lb-rhs (depth):
-1168.00000 (140), -1168.00000 (233), -1168.00000 (75), -1168.00000 (251), -1168.00000 (188), -1168.00000 (29), -1168.00000 (241), -1168.00000 (23), -1168.00000 (100), -1168.00000 (290), -1168.00000 (271), -1168.00000 (173), -1168.00000 (164), -1168.00000 (217), -1168.00000 (207), -1168.00000 (124), -1168.00000 (279), -1168.00000 (216), -1168.00000 (173), -1168.00000 (106), 
Length of domains: 39208
Current (lb-rhs): -1168.0
78332 domains visited
Time: pickout 0.0573    decision 0.1451    set_bounds 0.0044    solve 0.4073    add 0.1010    
Accumulated time: pickout 14.3152    decision 59.3579    set_bounds 2.9038    solve 217.7879    add 49.6538    
Cumulative time: 345.0904006958008

BaB round 308
batch: 128
splitting decisions: 
split level 0: [/49, 7379] [/55, 1353] [/49, 4474] [/49, 3265] [/49, 10421] [/49, 6279] [/49, 4617] [/55, 570] [/55, 241] [/49, 6192] 
best_l after optimization: -268189.21875
beta sum per layer: [0.008971283212304115, 17.427797317504883, 6.789248466491699, 5.432917594909668]
alpha/beta optimization time: 0.5252976417541504
pruning_in_iteration open status: False
ratio of positive domain = 0 / 256 = 0.0
pruning-in-iteration extra time: 0.002346515655517578
torch.Size([256, 1])
Time: prepare 0.0051    bound 0.5289    transfer 0.0081    finalize 0.1056    func 0.6478    
Accumulated time: func 218.2518    prepare 2.9489    bound 185.0081    transfer 2.2801    finalize 29.7184    
max lb tensor(-922.) min lb tensor(-1168.)
Number of Verified Splits: 0 of 256
Current worst splitting domains lb-rhs (depth):
-1168.00000 (40), -1168.00000 (135), -1168.00000 (265), -1168.00000 (63), -1168.00000 (213), -1168.00000 (136), -1168.00000 (299), -1168.00000 (16), -1168.00000 (136), -1168.00000 (212), -1168.00000 (136), -1168.00000 (63), -1168.00000 (213), -1168.00000 (265), -1168.00000 (212), -1168.00000 (137), -1168.00000 (16), -1168.00000 (137), -1168.00000 (212), -1168.00000 (299), 
Length of domains: 39336
Current (lb-rhs): -1168.0
78588 domains visited
Time: pickout 0.0621    decision 0.1343    set_bounds 0.0042    solve 0.6482    add 0.0984    
Accumulated time: pickout 14.3774    decision 59.4922    set_bounds 2.9080    solve 218.4362    add 49.7522    
Cumulative time: 346.043331861496

BaB round 309
batch: 128
splitting decisions: 
split level 0: [/55, 1162] [/49, 4617] [/49, 5461] [/49, 8244] [/49, 8484] [/49, 6617] [/55, 912] [/49, 9039] [/55, 633] [/49, 1941] 
best_l after optimization: -268182.65625
beta sum per layer: [0.02558743581175804, 18.408077239990234, 7.4607110023498535, 5.424571514129639]
alpha/beta optimization time: 0.8858232498168945
pruning_in_iteration open status: False
ratio of positive domain = 0 / 256 = 0.0
pruning-in-iteration extra time: 0.00234222412109375
torch.Size([256, 1])
Time: prepare 0.0061    bound 0.8895    transfer 0.0085    finalize 0.1071    func 1.0113    
Accumulated time: func 219.2631    prepare 2.9706    bound 185.8976    transfer 2.2886    finalize 29.8256    
max lb tensor(-922.) min lb tensor(-1168.)
Number of Verified Splits: 0 of 256
Current worst splitting domains lb-rhs (depth):
-1168.00000 (73), -1168.00000 (212), -1168.00000 (147), -1168.00000 (172), -1168.00000 (130), -1168.00000 (213), -1168.00000 (102), -1168.00000 (116), -1168.00000 (276), -1168.00000 (153), -1168.00000 (73), -1168.00000 (120), -1168.00000 (27), -1168.00000 (213), -1168.00000 (137), -1168.00000 (276), -1168.00000 (172), -1168.00000 (72), -1168.00000 (213), -1168.00000 (173), 
Length of domains: 39464
Current (lb-rhs): -1168.0
78844 domains visited
Time: pickout 0.0654    decision 0.3644    set_bounds 0.0091    solve 1.0117    add 0.0961    
Accumulated time: pickout 14.4427    decision 59.8566    set_bounds 2.9171    solve 219.4479    add 49.8483    
Cumulative time: 347.59558963775635

BaB round 310
batch: 128
splitting decisions: 
split level 0: [/55, 1567] [/55, 626] [/49, 9518] [/49, 9011] [/49, 3635] [/49, 7687] [/49, 2929] [/49, 6673] [/49, 2760] [/49, 1770] 
best_l after optimization: -268191.125
beta sum per layer: [0.021223144605755806, 19.307327270507812, 7.558534145355225, 5.4283599853515625]
alpha/beta optimization time: 0.42871809005737305
pruning_in_iteration open status: False
ratio of positive domain = 0 / 256 = 0.0
pruning-in-iteration extra time: 0.00011134147644042969
torch.Size([256, 1])
Time: prepare 0.0056    bound 0.4301    transfer 0.0070    finalize 0.1149    func 0.5576    
Accumulated time: func 219.8207    prepare 2.9858    bound 186.3277    transfer 2.2955    finalize 29.9404    
max lb tensor(-922.) min lb tensor(-1168.)
Number of Verified Splits: 0 of 256
Current worst splitting domains lb-rhs (depth):
-1168.00000 (298), -1168.00000 (122), -1168.00000 (21), -1168.00000 (298), -1168.00000 (123), -1168.00000 (224), -1168.00000 (123), -1168.00000 (224), -1168.00000 (123), -1168.00000 (21), -1168.00000 (124), -1168.00000 (223), -1168.00000 (124), -1168.00000 (224), -1168.00000 (223), -1168.00000 (124), -1168.00000 (20), -1168.00000 (223), -1168.00000 (125), -1168.00000 (125), 
Length of domains: 39592
Current (lb-rhs): -1168.0
79100 domains visited
Time: pickout 0.0732    decision 0.2084    set_bounds 0.0043    solve 0.5581    add 0.0991    
Accumulated time: pickout 14.5160    decision 60.0650    set_bounds 2.9214    solve 220.0060    add 49.9473    
Cumulative time: 348.54453468322754

BaB round 311
batch: 128
splitting decisions: 
split level 0: [/49, 9884] [/55, 1523] [/49, 3617] [/49, 8840] [/49, 7979] [/55, 44] [/49, 758] [/49, 734] [/49, 4166] [/55, 561] 
best_l after optimization: -268195.78125
beta sum per layer: [0.022364109754562378, 18.788837432861328, 6.968258857727051, 5.259385585784912]
alpha/beta optimization time: 0.44797515869140625
pruning_in_iteration open status: False
ratio of positive domain = 0 / 256 = 0.0
pruning-in-iteration extra time: 0.00014781951904296875
torch.Size([256, 1])
Time: prepare 0.0053    bound 0.4494    transfer 0.0062    finalize 0.1142    func 0.5751    
Accumulated time: func 220.3958    prepare 2.9926    bound 186.7771    transfer 2.3017    finalize 30.0546    
max lb tensor(-922.) min lb tensor(-1168.)
Number of Verified Splits: 0 of 256
Current worst splitting domains lb-rhs (depth):
-1168.00000 (184), -1168.00000 (94), -1168.00000 (185), -1168.00000 (94), -1168.00000 (21), -1168.00000 (287), -1168.00000 (185), -1168.00000 (95), -1168.00000 (184), -1168.00000 (287), -1168.00000 (184), -1168.00000 (95), -1168.00000 (20), -1168.00000 (185), -1168.00000 (95), -1168.00000 (287), -1168.00000 (183), -1168.00000 (183), -1168.00000 (96), -1168.00000 (20), 
Length of domains: 39720
Current (lb-rhs): -1168.0
79356 domains visited
Time: pickout 0.0644    decision 0.1366    set_bounds 0.0043    solve 0.5756    add 0.1035    
Accumulated time: pickout 14.5804    decision 60.2016    set_bounds 2.9257    solve 220.5816    add 50.0508    
Cumulative time: 349.43465304374695

BaB round 312
batch: 128
splitting decisions: 
split level 0: [/49, 8365] [/55, 937] [/49, 7516] [/49, 2149] [/55, 37] [/55, 232] [/49, 5479] [/49, 3124] [/49, 1770] [/49, 2106] 
best_l after optimization: -268194.9375
beta sum per layer: [0.017687734216451645, 20.761768341064453, 7.94169807434082, 5.52685546875]
alpha/beta optimization time: 0.5578858852386475
pruning_in_iteration open status: False
ratio of positive domain = 0 / 256 = 0.0
pruning-in-iteration extra time: 0.00012302398681640625
torch.Size([256, 1])
Time: prepare 0.0058    bound 0.5594    transfer 0.0060    finalize 0.1085    func 0.6798    
Accumulated time: func 221.0756    prepare 3.0008    bound 187.3365    transfer 2.3077    finalize 30.1631    
max lb tensor(-922.) min lb tensor(-1168.)
Number of Verified Splits: 0 of 256
Current worst splitting domains lb-rhs (depth):
-1168.00000 (125), -1168.00000 (123), -1168.00000 (226), -1168.00000 (123), -1168.00000 (21), -1168.00000 (124), -1168.00000 (225), -1168.00000 (300), -1168.00000 (124), -1168.00000 (225), -1168.00000 (124), -1168.00000 (21), -1168.00000 (225), -1168.00000 (226), -1168.00000 (125), -1168.00000 (224), -1168.00000 (300), -1168.00000 (125), -1168.00000 (224), -1168.00000 (20), 
Length of domains: 39848
Current (lb-rhs): -1168.0
79612 domains visited
Time: pickout 0.0637    decision 0.1750    set_bounds 0.0048    solve 0.6802    add 0.0956    
Accumulated time: pickout 14.6441    decision 60.3765    set_bounds 2.9305    solve 221.2618    add 50.1464    
Cumulative time: 350.45965218544006

BaB round 313
batch: 128
splitting decisions: 
split level 0: [/49, 1604] [/49, 3633] [/49, 3785] [/49, 6385] [/55, 212] [/49, 5774] [/49, 4634] [/49, 4162] [/49, 8868] [/49, 8021] 
best_l after optimization: -268207.3125
beta sum per layer: [0.025728190317749977, 20.327205657958984, 7.495455265045166, 5.221339702606201]
alpha/beta optimization time: 0.5507292747497559
pruning_in_iteration open status: False
ratio of positive domain = 0 / 256 = 0.0
pruning-in-iteration extra time: 3.886222839355469e-05
torch.Size([256, 1])
Time: prepare 0.0061    bound 0.5521    transfer 0.0061    finalize 0.1060    func 0.6703    
Accumulated time: func 221.7458    prepare 3.0103    bound 187.8886    transfer 2.3138    finalize 30.2691    
max lb tensor(-922.) min lb tensor(-1168.)
Number of Verified Splits: 0 of 256
Current worst splitting domains lb-rhs (depth):
-1168.00000 (192), -1168.00000 (296), -1168.00000 (224), -1168.00000 (307), -1168.00000 (203), -1168.00000 (120), -1168.00000 (262), -1168.00000 (46), -1168.00000 (75), -1168.00000 (214), -1168.00000 (138), -1168.00000 (266), -1168.00000 (250), -1168.00000 (40), -1168.00000 (169), -1168.00000 (107), -1168.00000 (49), -1168.00000 (183), -1168.00000 (83), -1168.00000 (247), 
Length of domains: 39976
Current (lb-rhs): -1168.0
79868 domains visited
Time: pickout 0.0642    decision 0.1878    set_bounds 0.0042    solve 0.6707    add 0.1012    
Accumulated time: pickout 14.7082    decision 60.5643    set_bounds 2.9347    solve 221.9326    add 50.2476    
Cumulative time: 351.4947257041931

BaB round 314
batch: 128
splitting decisions: 
split level 0: [/49, 7702] [/55, 931] [/55, 1443] [/49, 1575] [/49, 3669] [/55, 956] [/49, 3463] [/49, 3642] [/49, 4617] [/49, 9377] 
best_l after optimization: -268204.65625
beta sum per layer: [0.020724350586533546, 22.12871742248535, 7.985934257507324, 5.541602611541748]
alpha/beta optimization time: 0.5800607204437256
pruning_in_iteration open status: False
ratio of positive domain = 0 / 256 = 0.0
pruning-in-iteration extra time: 0.0003705024719238281
torch.Size([256, 1])
Time: prepare 0.0060    bound 0.5817    transfer 0.0066    finalize 0.1068    func 0.7013    
Accumulated time: func 222.4471    prepare 3.0184    bound 188.4703    transfer 2.3204    finalize 30.3759    
max lb tensor(-922.) min lb tensor(-1168.)
Number of Verified Splits: 0 of 256
Current worst splitting domains lb-rhs (depth):
-1168.00000 (293), -1168.00000 (127), -1168.00000 (66), -1168.00000 (244), -1168.00000 (225), -1168.00000 (166), -1168.00000 (101), -1168.00000 (32), -1168.00000 (269), -1168.00000 (66), -1168.00000 (147), -1168.00000 (211), -1168.00000 (308), -1168.00000 (101), -1168.00000 (12), -1168.00000 (244), -1168.00000 (66), -1168.00000 (127), -1168.00000 (269), -1168.00000 (33), 
Length of domains: 40104
Current (lb-rhs): -1168.0
80124 domains visited
Time: pickout 0.0661    decision 0.1770    set_bounds 0.0083    solve 0.7018    add 0.0935    
Accumulated time: pickout 14.7743    decision 60.7414    set_bounds 2.9430    solve 222.6344    add 50.3411    
Cumulative time: 352.5470323562622

BaB round 315
batch: 128
splitting decisions: 
split level 0: [/49, 3306] [/55, 560] [/55, 1418] [/49, 1939] [/49, 8992] [/55, 1311] [/49, 8859] [/55, 1276] [/55, 236] [/49, 2108] 
best_l after optimization: -268212.4375
beta sum per layer: [0.020338144153356552, 22.083904266357422, 8.075803756713867, 5.55286169052124]
alpha/beta optimization time: 0.5458416938781738
pruning_in_iteration open status: False
ratio of positive domain = 0 / 256 = 0.0
pruning-in-iteration extra time: 0.00011324882507324219
torch.Size([256, 1])
Time: prepare 0.0059    bound 0.5474    transfer 0.0068    finalize 0.1098    func 0.6700    
Accumulated time: func 223.1171    prepare 3.0268    bound 189.0178    transfer 2.3272    finalize 30.4857    
max lb tensor(-922.) min lb tensor(-1168.)
Number of Verified Splits: 0 of 256
Current worst splitting domains lb-rhs (depth):
-1168.00000 (306), -1168.00000 (82), -1168.00000 (119), -1168.00000 (206), -1168.00000 (155), -1168.00000 (82), -1168.00000 (206), -1168.00000 (281), -1168.00000 (9), -1168.00000 (28), -1168.00000 (281), -1168.00000 (82), -1168.00000 (206), -1168.00000 (154), -1168.00000 (207), -1168.00000 (119), -1168.00000 (81), -1168.00000 (281), -1168.00000 (207), -1168.00000 (83), 
Length of domains: 40232
Current (lb-rhs): -1168.0
80380 domains visited
Time: pickout 0.0637    decision 0.1867    set_bounds 0.0053    solve 0.6704    add 0.0944    
Accumulated time: pickout 14.8380    decision 60.9280    set_bounds 2.9482    solve 223.3048    add 50.4355    
Cumulative time: 353.5733599662781

BaB round 316
batch: 128
splitting decisions: 
split level 0: [/49, 9041] [/49, 5828] [/49, 4292] [/55, 64] [/49, 5949] [/49, 7999] [/49, 4645] [/49, 3631] [/49, 1432] [/49, 4476] 
best_l after optimization: -268216.46875
beta sum per layer: [0.026037991046905518, 21.728906631469727, 7.4922919273376465, 5.5220537185668945]
alpha/beta optimization time: 0.40413451194763184
pruning_in_iteration open status: False
ratio of positive domain = 0 / 256 = 0.0
pruning-in-iteration extra time: 4.0531158447265625e-05
torch.Size([256, 1])
Time: prepare 0.0054    bound 0.4054    transfer 0.0065    finalize 0.1063    func 0.5237    
Accumulated time: func 223.6408    prepare 3.0345    bound 189.4232    transfer 2.3337    finalize 30.5920    
max lb tensor(-922.) min lb tensor(-1168.)
Number of Verified Splits: 0 of 256
Current worst splitting domains lb-rhs (depth):
-1168.00000 (27), -1168.00000 (312), -1168.00000 (66), -1168.00000 (256), -1168.00000 (271), -1168.00000 (176), -1168.00000 (87), -1168.00000 (9), -1168.00000 (65), -1168.00000 (102), -1168.00000 (194), -1168.00000 (118), -1168.00000 (192), -1168.00000 (234), -1168.00000 (188), -1168.00000 (299), -1168.00000 (162), -1168.00000 (144), -1168.00000 (272), -1168.00000 (66), 
Length of domains: 40360
Current (lb-rhs): -1168.0
80636 domains visited
Time: pickout 0.0651    decision 0.1559    set_bounds 0.0083    solve 0.5244    add 0.0964    
Accumulated time: pickout 14.9031    decision 61.0839    set_bounds 2.9566    solve 223.8292    add 50.5319    
Cumulative time: 354.42892479896545

BaB round 317
batch: 128
splitting decisions: 
split level 0: [/49, 5997] [/49, 9351] [/49, 7347] [/49, 548] [/55, 557] [/49, 5462] [/49, 394] [/49, 2810] [/49, 8700] [/49, 2810] 
Early stop at 11th iter due to 10 iterations no improvement!
best_l after optimization: -268217.75
beta sum per layer: [0.043961040675640106, 36.770687103271484, 10.701691627502441, 6.955432891845703]
alpha/beta optimization time: 0.2340831756591797
pruning_in_iteration open status: False
ratio of positive domain = 0 / 256 = 0.0
pruning-in-iteration extra time: 3.600120544433594e-05
torch.Size([256, 1])
Time: prepare 0.0052    bound 0.2354    transfer 0.0067    finalize 0.1135    func 0.3609    
Accumulated time: func 224.0017    prepare 3.0411    bound 189.6586    transfer 2.3404    finalize 30.7055    
max lb tensor(-922.) min lb tensor(-1168.)
Number of Verified Splits: 0 of 256
Current worst splitting domains lb-rhs (depth):
-1168.00000 (277), -1168.00000 (150), -1168.00000 (54), -1168.00000 (292), -1168.00000 (188), -1168.00000 (247), -1168.00000 (174), -1168.00000 (299), -1168.00000 (107), -1168.00000 (220), -1168.00000 (188), -1168.00000 (124), -1168.00000 (97), -1168.00000 (150), -1168.00000 (162), -1168.00000 (73), -1168.00000 (74), -1168.00000 (247), -1168.00000 (230), -1168.00000 (21), 
Length of domains: 40488
Current (lb-rhs): -1168.0
80892 domains visited
Time: pickout 0.0632    decision 0.1341    set_bounds 0.0044    solve 0.3651    add 0.1003    
Accumulated time: pickout 14.9663    decision 61.2180    set_bounds 2.9610    solve 224.1943    add 50.6322    
Cumulative time: 355.10188388824463

BaB round 318
batch: 128
splitting decisions: 
split level 0: [/49, 3800] [/49, 1939] [/55, 233] [/49, 561] [/49, 7348] [/49, 1070] [/49, 7321] [/55, 1142] [/49, 561] [/49, 6335] 
best_l after optimization: -268237.5625
beta sum per layer: [0.024488650262355804, 25.319141387939453, 8.276981353759766, 5.7047271728515625]
alpha/beta optimization time: 0.40096163749694824
pruning_in_iteration open status: False
ratio of positive domain = 0 / 256 = 0.0
pruning-in-iteration extra time: 3.504753112792969e-05
torch.Size([256, 1])
Time: prepare 0.0053    bound 0.4023    transfer 0.0065    finalize 0.1079    func 0.5222    
Accumulated time: func 224.5239    prepare 3.0479    bound 190.0610    transfer 2.3470    finalize 30.8135    
max lb tensor(-922.) min lb tensor(-1168.)
Number of Verified Splits: 0 of 256
Current worst splitting domains lb-rhs (depth):
-1168.00000 (245), -1168.00000 (57), -1168.00000 (191), -1168.00000 (105), -1168.00000 (12), -1168.00000 (67), -1168.00000 (179), -1168.00000 (118), -1168.00000 (251), -1168.00000 (91), -1168.00000 (255), -1168.00000 (150), -1168.00000 (212), -1168.00000 (8), -1168.00000 (31), -1168.00000 (235), -1168.00000 (280), -1168.00000 (264), -1168.00000 (150), -1168.00000 (31), 
Length of domains: 40616
Current (lb-rhs): -1168.0
81148 domains visited
Time: pickout 0.0628    decision 0.1386    set_bounds 0.0043    solve 0.5227    add 0.0931    
Accumulated time: pickout 15.0291    decision 61.3566    set_bounds 2.9653    solve 224.7170    add 50.7253    
Cumulative time: 355.9292323589325

BaB round 319
batch: 128
splitting decisions: 
split level 0: [/49, 3293] [/49, 561] [/49, 4645] [/43, 5737] [/55, 441] [/49, 6166] [/49, 4646] [/49, 614] [/49, 2109] [/49, 2133] 
best_l after optimization: -268228.53125
beta sum per layer: [0.033403366804122925, 24.317686080932617, 7.816803455352783, 5.549171447753906]
alpha/beta optimization time: 0.3954195976257324
pruning_in_iteration open status: False
ratio of positive domain = 0 / 256 = 0.0
pruning-in-iteration extra time: 3.600120544433594e-05
torch.Size([256, 1])
Time: prepare 0.0055    bound 0.3969    transfer 0.0062    finalize 0.1090    func 0.5176    
Accumulated time: func 225.0415    prepare 3.0548    bound 190.4578    transfer 2.3532    finalize 30.9225    
max lb tensor(-922.) min lb tensor(-1168.)
Number of Verified Splits: 0 of 256
Current worst splitting domains lb-rhs (depth):
-1168.00000 (156), -1168.00000 (83), -1168.00000 (157), -1168.00000 (208), -1168.00000 (83), -1168.00000 (285), -1168.00000 (209), -1168.00000 (121), -1168.00000 (28), -1168.00000 (83), -1168.00000 (208), -1168.00000 (209), -1168.00000 (284), -1168.00000 (209), -1168.00000 (9), -1168.00000 (82), -1168.00000 (310), -1168.00000 (210), -1168.00000 (156), -1168.00000 (84), 
Length of domains: 40744
Current (lb-rhs): -1168.0
81404 domains visited
Time: pickout 0.0634    decision 0.1310    set_bounds 0.0043    solve 0.5182    add 0.0968    
Accumulated time: pickout 15.0924    decision 61.4876    set_bounds 2.9696    solve 225.2352    add 50.8221    
Cumulative time: 356.748685836792

BaB round 320
batch: 128
splitting decisions: 
split level 0: [/49, 9040] [/49, 8844] [/49, 2760] [/49, 5852] [/55, 572] [/49, 9349] [/49, 8858] [/49, 3295] [/49, 4136] [/49, 8532] 
best_l after optimization: -268227.1875
beta sum per layer: [0.0329006090760231, 26.731922149658203, 9.03768539428711, 5.6710405349731445]
alpha/beta optimization time: 0.407700777053833
pruning_in_iteration open status: False
ratio of positive domain = 0 / 256 = 0.0
pruning-in-iteration extra time: 8.869171142578125e-05
torch.Size([256, 1])
Time: prepare 0.0053    bound 0.4091    transfer 0.0064    finalize 0.1068    func 0.5277    
Accumulated time: func 225.5692    prepare 3.0616    bound 190.8670    transfer 2.3596    finalize 31.0293    
max lb tensor(-922.) min lb tensor(-1168.)
Number of Verified Splits: 0 of 256
Current worst splitting domains lb-rhs (depth):
-1168.00000 (12), -1168.00000 (314), -1168.00000 (156), -1168.00000 (89), -1168.00000 (258), -1168.00000 (210), -1168.00000 (89), -1168.00000 (156), -1168.00000 (89), -1168.00000 (259), -1168.00000 (34), -1168.00000 (299), -1168.00000 (156), -1168.00000 (210), -1168.00000 (88), -1168.00000 (259), -1168.00000 (298), -1168.00000 (157), -1168.00000 (88), -1168.00000 (259), 
Length of domains: 40872
Current (lb-rhs): -1168.0
81660 domains visited
Time: pickout 0.0631    decision 0.1395    set_bounds 0.0043    solve 0.5282    add 0.0909    
Accumulated time: pickout 15.1555    decision 61.6271    set_bounds 2.9738    solve 225.7634    add 50.9130    
Cumulative time: 357.5795211791992

BaB round 321
batch: 128
splitting decisions: 
split level 0: [/49, 9378] [/49, 6309] [/49, 2095] [/49, 3637] [/55, 76] [/49, 4110] [/49, 733] [/49, 7661] [/49, 6502] [/49, 4136] 
best_l after optimization: -268240.5625
beta sum per layer: [0.03358876705169678, 25.676769256591797, 8.388222694396973, 5.536293983459473]
alpha/beta optimization time: 0.40616917610168457
pruning_in_iteration open status: False
ratio of positive domain = 0 / 256 = 0.0
pruning-in-iteration extra time: 0.0001277923583984375
torch.Size([256, 1])
Time: prepare 0.0053    bound 0.4076    transfer 0.0059    finalize 0.1076    func 0.5264    
Accumulated time: func 226.0956    prepare 3.0683    bound 191.2746    transfer 2.3654    finalize 31.1368    
max lb tensor(-922.) min lb tensor(-1168.)
Number of Verified Splits: 0 of 256
Current worst splitting domains lb-rhs (depth):
-1168.00000 (210), -1168.00000 (287), -1168.00000 (84), -1168.00000 (158), -1168.00000 (210), -1168.00000 (121), -1168.00000 (28), -1168.00000 (210), -1168.00000 (286), -1168.00000 (83), -1168.00000 (209), -1168.00000 (83), -1168.00000 (157), -1168.00000 (28), -1168.00000 (211), -1168.00000 (286), -1168.00000 (122), -1168.00000 (83), -1168.00000 (9), -1168.00000 (84), 
Length of domains: 41000
Current (lb-rhs): -1168.0
81916 domains visited
Time: pickout 0.0591    decision 0.1304    set_bounds 0.0076    solve 0.5269    add 0.0960    
Accumulated time: pickout 15.2147    decision 61.7575    set_bounds 2.9815    solve 226.2903    add 51.0089    
Cumulative time: 358.40493392944336

BaB round 322
batch: 128
splitting decisions: 
split level 0: [/49, 9390] [/49, 3772] [/49, 3603] [/49, 4450] [/49, 9570] [/55, 508] [/49, 4140] [/49, 9063] [/49, 7997] [/49, 782] 
Early stop at 11th iter due to 10 iterations no improvement!
best_l after optimization: -268242.5
beta sum per layer: [0.04855700954794884, 44.63212585449219, 11.531707763671875, 7.0965423583984375]
alpha/beta optimization time: 0.23479652404785156
pruning_in_iteration open status: False
ratio of positive domain = 0 / 256 = 0.0
pruning-in-iteration extra time: 3.4332275390625e-05
torch.Size([256, 1])
Time: prepare 0.0055    bound 0.2362    transfer 0.0066    finalize 0.1090    func 0.3573    
Accumulated time: func 226.4530    prepare 3.0752    bound 191.5108    transfer 2.3720    finalize 31.2458    
max lb tensor(-922.) min lb tensor(-1168.)
Number of Verified Splits: 0 of 256
Current worst splitting domains lb-rhs (depth):
-1168.00000 (129), -1168.00000 (233), -1168.00000 (127), -1168.00000 (22), -1168.00000 (127), -1168.00000 (233), -1168.00000 (128), -1168.00000 (232), -1168.00000 (128), -1168.00000 (309), -1168.00000 (232), -1168.00000 (128), -1168.00000 (21), -1168.00000 (127), -1168.00000 (232), -1168.00000 (129), -1168.00000 (231), -1168.00000 (129), -1168.00000 (21), -1168.00000 (310), 
Length of domains: 41128
Current (lb-rhs): -1168.0
82172 domains visited
Time: pickout 0.0605    decision 0.1313    set_bounds 0.0044    solve 0.3578    add 0.0915    
Accumulated time: pickout 15.2752    decision 61.8888    set_bounds 2.9859    solve 226.6481    add 51.1004    
Cumulative time: 359.0560827255249

BaB round 323
batch: 128
splitting decisions: 
split level 0: [/49, 7518] [/55, 462] [/49, 4088] [/49, 7464] [/49, 2138] [/49, 5605] [/49, 3581] [/55, 1567] [/49, 2766] [/49, 589] 
best_l after optimization: -268256.78125
beta sum per layer: [0.04965824633836746, 28.525745391845703, 8.696256637573242, 5.856513977050781]
alpha/beta optimization time: 0.39954113960266113
pruning_in_iteration open status: False
ratio of positive domain = 0 / 256 = 0.0
pruning-in-iteration extra time: 0.00011467933654785156
torch.Size([256, 1])
Time: prepare 0.0054    bound 0.4010    transfer 0.0065    finalize 0.1075    func 0.5205    
Accumulated time: func 226.9735    prepare 3.0821    bound 191.9118    transfer 2.3785    finalize 31.3533    
max lb tensor(-922.) min lb tensor(-1168.)
Number of Verified Splits: 0 of 256
Current worst splitting domains lb-rhs (depth):
-1168.00000 (274), -1168.00000 (29), -1168.00000 (68), -1168.00000 (124), -1168.00000 (315), -1168.00000 (52), -1168.00000 (82), -1168.00000 (214), -1168.00000 (93), -1168.00000 (16), -1168.00000 (156), -1168.00000 (176), -1168.00000 (270), -1168.00000 (199), -1168.00000 (109), -1168.00000 (124), -1168.00000 (215), -1168.00000 (305), -1168.00000 (110), -1168.00000 (44), 
Length of domains: 41256
Current (lb-rhs): -1168.0
82428 domains visited
Time: pickout 0.0623    decision 0.1328    set_bounds 0.0044    solve 0.5210    add 0.0953    
Accumulated time: pickout 15.3375    decision 62.0216    set_bounds 2.9903    solve 227.1691    add 51.1957    
Cumulative time: 359.8775782585144

BaB round 324
batch: 128
splitting decisions: 
split level 0: [/49, 10562] [/49, 7351] [/49, 1237] [/49, 4851] [/49, 10416] [/49, 534] [/49, 2591] [/49, 1941] [/49, 1940] [/49, 8385] 
Early stop at 11th iter due to 10 iterations no improvement!
best_l after optimization: -268257.9375
beta sum per layer: [0.1354646533727646, 46.7496223449707, 11.99880313873291, 7.291446685791016]
alpha/beta optimization time: 0.22991132736206055
pruning_in_iteration open status: False
ratio of positive domain = 0 / 256 = 0.0
pruning-in-iteration extra time: 8.606910705566406e-05
torch.Size([256, 1])
Time: prepare 0.0051    bound 0.2313    transfer 0.0062    finalize 0.1088    func 0.3515    
Accumulated time: func 227.3249    prepare 3.0887    bound 192.1430    transfer 2.3847    finalize 31.4621    
max lb tensor(-922.) min lb tensor(-1168.)
Number of Verified Splits: 0 of 256
Current worst splitting domains lb-rhs (depth):
-1168.00000 (219), -1168.00000 (303), -1168.00000 (21), -1168.00000 (122), -1168.00000 (180), -1168.00000 (103), -1168.00000 (207), -1168.00000 (270), -1168.00000 (231), -1168.00000 (78), -1168.00000 (78), -1168.00000 (312), -1168.00000 (132), -1168.00000 (252), -1168.00000 (166), -1168.00000 (33), -1168.00000 (184), -1168.00000 (8), -1168.00000 (252), -1168.00000 (232), 
Length of domains: 41384
Current (lb-rhs): -1168.0
82684 domains visited
Time: pickout 0.0630    decision 0.1308    set_bounds 0.0042    solve 0.3520    add 0.0937    
Accumulated time: pickout 15.4005    decision 62.1524    set_bounds 2.9944    solve 227.5210    add 51.2894    
Cumulative time: 360.5265760421753

BaB round 325
batch: 128
splitting decisions: 
split level 0: [/55, 1168] [/55, 734] [/49, 877] [/49, 6645] [/49, 4430] [/49, 8675] [/49, 3180] [/55, 303] [/49, 2090] [/49, 8367] 
best_l after optimization: -268260.75
beta sum per layer: [0.055559828877449036, 29.132369995117188, 8.901626586914062, 5.8547515869140625]
alpha/beta optimization time: 0.41164398193359375
pruning_in_iteration open status: False
ratio of positive domain = 0 / 256 = 0.0
pruning-in-iteration extra time: 3.7670135498046875e-05
torch.Size([256, 1])
Time: prepare 0.0052    bound 0.4129    transfer 0.0066    finalize 0.1078    func 0.5326    
Accumulated time: func 227.8575    prepare 3.0952    bound 192.5560    transfer 2.3914    finalize 31.5699    
max lb tensor(-922.) min lb tensor(-1168.)
Number of Verified Splits: 0 of 256
Current worst splitting domains lb-rhs (depth):
-1168.00000 (242), -1168.00000 (123), -1168.00000 (298), -1168.00000 (9), -1168.00000 (257), -1168.00000 (159), -1168.00000 (316), -1168.00000 (196), -1168.00000 (23), -1168.00000 (39), -1168.00000 (96), -1168.00000 (96), -1168.00000 (197), -1168.00000 (275), -1168.00000 (298), -1168.00000 (158), -1168.00000 (124), -1168.00000 (63), -1168.00000 (52), -1168.00000 (298), 
Length of domains: 41512
Current (lb-rhs): -1168.0
82940 domains visited
Time: pickout 0.0602    decision 0.1299    set_bounds 0.0042    solve 0.5331    add 0.0939    
Accumulated time: pickout 15.4606    decision 62.2823    set_bounds 2.9986    solve 228.0541    add 51.3833    
Cumulative time: 361.35313057899475

BaB round 326
batch: 128
splitting decisions: 
split level 0: [/49, 2293] [/49, 2084] [/49, 7334] [/49, 6710] [/49, 5635] [/49, 6450] [/49, 1579] [/49, 4138] [/49, 2954] [/49, 8386] 
best_l after optimization: -268251.96875
beta sum per layer: [0.07551631331443787, 30.027305603027344, 9.563152313232422, 5.7829084396362305]
alpha/beta optimization time: 0.41921067237854004
pruning_in_iteration open status: False
ratio of positive domain = 0 / 256 = 0.0
pruning-in-iteration extra time: 3.910064697265625e-05
torch.Size([256, 1])
Time: prepare 0.0054    bound 0.4206    transfer 0.0067    finalize 0.1054    func 0.5381    
Accumulated time: func 228.3956    prepare 3.1028    bound 192.9766    transfer 2.3980    finalize 31.6753    
max lb tensor(-922.) min lb tensor(-1168.)
Number of Verified Splits: 0 of 256
Current worst splitting domains lb-rhs (depth):
-1168.00000 (39), -1168.00000 (251), -1168.00000 (108), -1168.00000 (274), -1168.00000 (146), -1168.00000 (301), -1168.00000 (170), -1168.00000 (76), -1168.00000 (29), -1168.00000 (9), -1168.00000 (317), -1168.00000 (108), -1168.00000 (206), -1168.00000 (251), -1168.00000 (223), -1168.00000 (75), -1168.00000 (274), -1168.00000 (170), -1168.00000 (146), -1168.00000 (274), 
Length of domains: 41640
Current (lb-rhs): -1168.0
83196 domains visited
Time: pickout 0.0641    decision 0.1544    set_bounds 0.0082    solve 0.5386    add 0.0913    
Accumulated time: pickout 15.5248    decision 62.4367    set_bounds 3.0068    solve 228.5927    add 51.4745    
Cumulative time: 362.2145721912384

BaB round 327
batch: 128
splitting decisions: 
split level 0: [/49, 7350] [/55, 736] [/49, 5631] [/49, 8908] [/49, 4333] [/49, 3434] [/49, 6155] [/49, 2448] [/49, 2097] [/49, 5514] 
best_l after optimization: -268259.625
beta sum per layer: [0.0734991654753685, 30.71883773803711, 9.330102920532227, 5.774702072143555]
alpha/beta optimization time: 0.9140477180480957
pruning_in_iteration open status: False
ratio of positive domain = 0 / 256 = 0.0
pruning-in-iteration extra time: 0.0001804828643798828
torch.Size([256, 1])
Time: prepare 0.0068    bound 0.9156    transfer 0.0072    finalize 0.1107    func 1.0403    
Accumulated time: func 229.4359    prepare 3.1201    bound 193.8921    transfer 2.4053    finalize 31.7860    
max lb tensor(-922.) min lb tensor(-1168.)
Number of Verified Splits: 0 of 256
Current worst splitting domains lb-rhs (depth):
-1168.00000 (107), -1168.00000 (48), -1168.00000 (64), -1168.00000 (250), -1168.00000 (196), -1168.00000 (301), -1168.00000 (198), -1168.00000 (247), -1168.00000 (116), -1168.00000 (56), -1168.00000 (8), -1168.00000 (183), -1168.00000 (22), -1168.00000 (283), -1168.00000 (125), -1168.00000 (321), -1168.00000 (265), -1168.00000 (101), -1168.00000 (171), -1168.00000 (253), 
Length of domains: 41768
Current (lb-rhs): -1168.0
83452 domains visited
Time: pickout 0.0669    decision 0.3444    set_bounds 0.0051    solve 1.0408    add 0.0956    
Accumulated time: pickout 15.5916    decision 62.7811    set_bounds 3.0120    solve 229.6335    add 51.5702    
Cumulative time: 363.7726149559021

BaB round 328
batch: 128
splitting decisions: 
split level 0: [/49, 5490] [/49, 2760] [/49, 756] [/49, 2082] [/49, 5444] [/49, 8315] [/49, 4126] [/49, 3824] [/49, 5475] [/55, 961] 
best_l after optimization: -268261.625
beta sum per layer: [0.07825888693332672, 31.657005310058594, 9.396443367004395, 5.692445755004883]
alpha/beta optimization time: 0.4972701072692871
pruning_in_iteration open status: False
ratio of positive domain = 0 / 256 = 0.0
pruning-in-iteration extra time: 3.719329833984375e-05
torch.Size([256, 1])
Time: prepare 0.0204    bound 0.4987    transfer 0.0062    finalize 0.1048    func 0.6301    
Accumulated time: func 230.0660    prepare 3.1511    bound 194.3909    transfer 2.4115    finalize 31.8907    
max lb tensor(-922.) min lb tensor(-1168.)
Number of Verified Splits: 0 of 256
Current worst splitting domains lb-rhs (depth):
-1168.00000 (76), -1168.00000 (306), -1168.00000 (168), -1168.00000 (209), -1168.00000 (12), -1168.00000 (275), -1168.00000 (124), -1168.00000 (34), -1168.00000 (189), -1168.00000 (77), -1168.00000 (241), -1168.00000 (322), -1168.00000 (241), -1168.00000 (153), -1168.00000 (124), -1168.00000 (276), -1168.00000 (76), -1168.00000 (306), -1168.00000 (34), -1168.00000 (199), 
Length of domains: 41896
Current (lb-rhs): -1168.0
83708 domains visited
Time: pickout 0.0723    decision 0.3121    set_bounds 0.0214    solve 0.6306    add 0.0943    
Accumulated time: pickout 15.6639    decision 63.0932    set_bounds 3.0334    solve 230.2642    add 51.6645    
Cumulative time: 364.9085123538971

BaB round 329
batch: 128
splitting decisions: 
split level 0: [/49, 3984] [/49, 9379] [/49, 757] [/49, 8335] [/49, 8738] [/49, 3913] [/49, 4591] [/49, 2134] [/49, 3265] [/49, 4981] 
best_l after optimization: -268267.4375
beta sum per layer: [0.07741206884384155, 33.253700256347656, 9.792257308959961, 5.570374488830566]
alpha/beta optimization time: 0.3965027332305908
pruning_in_iteration open status: False
ratio of positive domain = 0 / 256 = 0.0
pruning-in-iteration extra time: 3.6716461181640625e-05
torch.Size([256, 1])
Time: prepare 0.0054    bound 0.3979    transfer 0.0072    finalize 0.1048    func 0.5153    
Accumulated time: func 230.5814    prepare 3.1579    bound 194.7887    transfer 2.4187    finalize 31.9956    
max lb tensor(-922.) min lb tensor(-1168.)
Number of Verified Splits: 0 of 256
Current worst splitting domains lb-rhs (depth):
-1168.00000 (33), -1168.00000 (194), -1168.00000 (8), -1168.00000 (157), -1168.00000 (227), -1168.00000 (77), -1168.00000 (170), -1168.00000 (288), -1168.00000 (227), -1168.00000 (101), -1168.00000 (77), -1168.00000 (227), -1168.00000 (194), -1168.00000 (156), -1168.00000 (304), -1168.00000 (322), -1168.00000 (128), -1168.00000 (226), -1168.00000 (316), -1168.00000 (288), 
Length of domains: 42024
Current (lb-rhs): -1168.0
83964 domains visited
Time: pickout 0.0624    decision 0.1312    set_bounds 0.0043    solve 0.5158    add 0.0913    
Accumulated time: pickout 15.7262    decision 63.2244    set_bounds 3.0376    solve 230.7800    add 51.7558    
Cumulative time: 365.7182173728943

BaB round 330
batch: 128
splitting decisions: 
split level 0: [/49, 4504] [/49, 9182] [/49, 8023] [/49, 641] [/49, 7712] [/49, 2591] [/55, 919] [/49, 444] [/49, 1757] [/49, 3666] 
best_l after optimization: -268272.9375
beta sum per layer: [0.06318444758653641, 33.432167053222656, 10.093475341796875, 5.501762390136719]
alpha/beta optimization time: 0.5718908309936523
pruning_in_iteration open status: False
ratio of positive domain = 0 / 256 = 0.0
pruning-in-iteration extra time: 4.00543212890625e-05
torch.Size([256, 1])
Time: prepare 0.0064    bound 0.5733    transfer 0.0065    finalize 0.1029    func 0.6891    
Accumulated time: func 231.2704    prepare 3.1676    bound 195.3620    transfer 2.4252    finalize 32.0984    
max lb tensor(-922.) min lb tensor(-1168.)
Number of Verified Splits: 0 of 256
Current worst splitting domains lb-rhs (depth):
-1168.00000 (233), -1168.00000 (162), -1168.00000 (76), -1168.00000 (278), -1168.00000 (110), -1168.00000 (216), -1168.00000 (162), -1168.00000 (76), -1168.00000 (138), -1168.00000 (17), -1168.00000 (278), -1168.00000 (76), -1168.00000 (320), -1168.00000 (24), -1168.00000 (162), -1168.00000 (215), -1168.00000 (75), -1168.00000 (77), -1168.00000 (316), -1168.00000 (277), 
Length of domains: 42152
Current (lb-rhs): -1168.0
84220 domains visited
Time: pickout 0.0606    decision 0.1712    set_bounds 0.0058    solve 0.6896    add 0.0909    
Accumulated time: pickout 15.7868    decision 63.3956    set_bounds 3.0434    solve 231.4696    add 51.8467    
Cumulative time: 366.7409875392914

BaB round 331
batch: 128
splitting decisions: 
split level 0: [/49, 8027] [/49, 4112] [/49, 69] [/49, 1289] [/49, 8993] [/49, 9154] [/49, 8507] [/49, 4476] [/49, 10376] [/55, 443] 
best_l after optimization: -268277.78125
beta sum per layer: [0.04829771816730499, 32.23023223876953, 9.638574600219727, 5.289872169494629]
alpha/beta optimization time: 0.6908547878265381
pruning_in_iteration open status: False
ratio of positive domain = 0 / 256 = 0.0
pruning-in-iteration extra time: 0.002385854721069336
torch.Size([256, 1])
Time: prepare 0.0053    bound 0.6946    transfer 0.0073    finalize 0.1038    func 0.8111    
Accumulated time: func 232.0815    prepare 3.1766    bound 196.0566    transfer 2.4324    finalize 32.2022    
max lb tensor(-922.) min lb tensor(-1168.)
Number of Verified Splits: 0 of 256
Current worst splitting domains lb-rhs (depth):
-1168.00000 (322), -1168.00000 (298), -1168.00000 (27), -1168.00000 (10), -1168.00000 (261), -1168.00000 (129), -1168.00000 (253), -1168.00000 (157), -1168.00000 (195), -1168.00000 (102), -1168.00000 (68), -1168.00000 (195), -1168.00000 (298), -1168.00000 (101), -1168.00000 (269), -1168.00000 (27), -1168.00000 (195), -1168.00000 (157), -1168.00000 (241), -1168.00000 (298), 
Length of domains: 42280
Current (lb-rhs): -1168.0
84476 domains visited
Time: pickout 0.0673    decision 0.1985    set_bounds 0.0044    solve 0.8115    add 0.0906    
Accumulated time: pickout 15.8541    decision 63.5941    set_bounds 3.0478    solve 232.2811    add 51.9374    
Cumulative time: 367.91801857948303

BaB round 332
batch: 128
splitting decisions: 
split level 0: [/49, 6181] [/49, 9858] [/49, 6983] [/49, 7725] [/49, 613] [/49, 2760] [/49, 5491] [/49, 5802] [/49, 2771] [/49, 3973] 
Early stop at 11th iter due to 10 iterations no improvement!
best_l after optimization: -268278.8125
beta sum per layer: [0.1036427766084671, 64.54310607910156, 12.55673885345459, 7.349784851074219]
alpha/beta optimization time: 0.4747602939605713
pruning_in_iteration open status: False
ratio of positive domain = 0 / 256 = 0.0
pruning-in-iteration extra time: 0.0019223690032958984
torch.Size([256, 1])
Time: prepare 0.0098    bound 0.4780    transfer 0.0062    finalize 0.1011    func 0.5951    
Accumulated time: func 232.6766    prepare 3.1883    bound 196.5346    transfer 2.4387    finalize 32.3033    
max lb tensor(-922.) min lb tensor(-1168.)
Number of Verified Splits: 0 of 256
Current worst splitting domains lb-rhs (depth):
-1168.00000 (259), -1168.00000 (292), -1168.00000 (105), -1168.00000 (203), -1168.00000 (87), -1168.00000 (133), -1168.00000 (60), -1168.00000 (246), -1168.00000 (169), -1168.00000 (9), -1168.00000 (123), -1168.00000 (105), -1168.00000 (50), -1168.00000 (272), -1168.00000 (86), -1168.00000 (182), -1168.00000 (222), -1168.00000 (310), -1168.00000 (213), -1168.00000 (213), 
Length of domains: 42408
Current (lb-rhs): -1168.0
84732 domains visited
Time: pickout 0.0644    decision 0.1964    set_bounds 0.0169    solve 0.5956    add 0.0903    
Accumulated time: pickout 15.9185    decision 63.7904    set_bounds 3.0647    solve 232.8767    add 52.0277    
Cumulative time: 368.8861994743347

BaB round 333
batch: 128
splitting decisions: 
split level 0: [/49, 108] [/49, 4623] [/43, 17437] [/49, 9009] [/49, 6196] [/49, 2422] [/49, 3994] [/55, 1367] [/49, 3657] [/49, 7661] 
best_l after optimization: -268296.875
beta sum per layer: [0.11225877702236176, 35.22201156616211, 9.956916809082031, 5.500222206115723]
alpha/beta optimization time: 0.6661911010742188
pruning_in_iteration open status: False
ratio of positive domain = 0 / 256 = 0.0
pruning-in-iteration extra time: 0.00010395050048828125
torch.Size([256, 1])
Time: prepare 0.0238    bound 0.6677    transfer 0.0073    finalize 0.1028    func 0.8016    
Accumulated time: func 233.4782    prepare 3.2312    bound 197.2023    transfer 2.4459    finalize 32.4061    
max lb tensor(-922.) min lb tensor(-1168.)
Number of Verified Splits: 0 of 256
Current worst splitting domains lb-rhs (depth):
-1168.00000 (218), -1168.00000 (126), -1168.00000 (217), -1168.00000 (87), -1168.00000 (324), -1168.00000 (29), -1168.00000 (218), -1168.00000 (163), -1168.00000 (297), -1168.00000 (86), -1168.00000 (297), -1168.00000 (126), -1168.00000 (10), -1168.00000 (218), -1168.00000 (86), -1168.00000 (163), -1168.00000 (297), -1168.00000 (29), -1168.00000 (219), -1168.00000 (86), 
Length of domains: 42536
Current (lb-rhs): -1168.0
84988 domains visited
Time: pickout 0.0619    decision 0.4221    set_bounds 0.0207    solve 0.8021    add 0.0966    
Accumulated time: pickout 15.9804    decision 64.2125    set_bounds 3.0854    solve 233.6788    add 52.1243    
Cumulative time: 370.2939541339874

BaB round 334
batch: 128
splitting decisions: 
split level 0: [/49, 8391] [/49, 3435] [/49, 7348] [/55, 735] [/49, 6703] [/49, 394] [/49, 6166] [/49, 8363] [/49, 3617] [/49, 5490] 
best_l after optimization: -268288.8125
beta sum per layer: [0.0990675687789917, 36.538780212402344, 10.681650161743164, 5.482941150665283]
alpha/beta optimization time: 0.6827530860900879
pruning_in_iteration open status: False
ratio of positive domain = 0 / 256 = 0.0
pruning-in-iteration extra time: 0.00011372566223144531
torch.Size([256, 1])
Time: prepare 0.0054    bound 0.6843    transfer 0.0059    finalize 0.0961    func 0.7918    
Accumulated time: func 234.2700    prepare 3.2596    bound 197.8865    transfer 2.4518    finalize 32.5022    
max lb tensor(-922.) min lb tensor(-1168.)
Number of Verified Splits: 0 of 256
Current worst splitting domains lb-rhs (depth):
-1168.00000 (12), -1168.00000 (58), -1168.00000 (313), -1168.00000 (246), -1168.00000 (295), -1168.00000 (280), -1168.00000 (182), -1168.00000 (100), -1168.00000 (156), -1168.00000 (264), -1168.00000 (224), -1168.00000 (125), -1168.00000 (33), -1168.00000 (34), -1168.00000 (58), -1168.00000 (205), -1168.00000 (328), -1168.00000 (78), -1168.00000 (246), -1168.00000 (183), 
Length of domains: 42664
Current (lb-rhs): -1168.0
85244 domains visited
Time: pickout 0.0775    decision 0.4246    set_bounds 0.0043    solve 0.7923    add 0.0902    
Accumulated time: pickout 16.0579    decision 64.6371    set_bounds 3.0897    solve 234.4711    add 52.2145    
Cumulative time: 371.6866271495819

BaB round 335
batch: 128
splitting decisions: 
split level 0: [/49, 1124] [/49, 10562] [/49, 9013] [/49, 7712] [/49, 4426] [/49, 6788] [/49, 2762] [/49, 6517] [/49, 1746] [/49, 5832] 
Early stop at 11th iter due to 10 iterations no improvement!
best_l after optimization: -268308.78125
beta sum per layer: [0.1550372838973999, 69.24928283691406, 13.075840950012207, 7.325900077819824]
alpha/beta optimization time: 0.29746389389038086
pruning_in_iteration open status: False
ratio of positive domain = 0 / 256 = 0.0
pruning-in-iteration extra time: 4.601478576660156e-05
torch.Size([256, 1])
Time: prepare 0.0065    bound 0.2989    transfer 0.0060    finalize 0.0970    func 0.4086    
Accumulated time: func 234.6786    prepare 3.2842    bound 198.1855    transfer 2.4579    finalize 32.5992    
max lb tensor(-922.) min lb tensor(-1168.)
Number of Verified Splits: 0 of 256
Current worst splitting domains lb-rhs (depth):
-1168.00000 (248), -1168.00000 (128), -1168.00000 (247), -1168.00000 (219), -1168.00000 (39), -1168.00000 (66), -1168.00000 (316), -1168.00000 (87), -1168.00000 (112), -1168.00000 (162), -1168.00000 (285), -1168.00000 (184), -1168.00000 (299), -1168.00000 (327), -1168.00000 (29), -1168.00000 (285), -1168.00000 (129), -1168.00000 (66), -1168.00000 (248), -1168.00000 (184), 
Length of domains: 42792
Current (lb-rhs): -1168.0
85500 domains visited
Time: pickout 0.0809    decision 0.4125    set_bounds 0.0122    solve 0.4090    add 0.0886    
Accumulated time: pickout 16.1388    decision 65.0497    set_bounds 3.1020    solve 234.8801    add 52.3031    
Cumulative time: 372.6939854621887

BaB round 336
batch: 128
splitting decisions: 
split level 0: [/49, 3995] [/49, 8848] [/43, 25595] [/49, 4593] [/49, 450] [/49, 10168] [/43, 28271] [/55, 912] [/49, 3271] [/49, 1607] 
best_l after optimization: -268312.28125
beta sum per layer: [0.10178477317094803, 38.31414031982422, 10.46395492553711, 5.534590721130371]
alpha/beta optimization time: 0.6848504543304443
pruning_in_iteration open status: False
ratio of positive domain = 0 / 256 = 0.0
pruning-in-iteration extra time: 4.0531158447265625e-05
torch.Size([256, 1])
Time: prepare 0.0055    bound 0.6862    transfer 0.0058    finalize 0.1016    func 0.7991    
Accumulated time: func 235.4777    prepare 3.2991    bound 198.8717    transfer 2.4637    finalize 32.7008    
max lb tensor(-922.) min lb tensor(-1168.)
Number of Verified Splits: 0 of 256
Current worst splitting domains lb-rhs (depth):
-1168.00000 (305), -1168.00000 (27), -1168.00000 (186), -1168.00000 (80), -1168.00000 (65), -1168.00000 (213), -1168.00000 (8), -1168.00000 (230), -1168.00000 (292), -1168.00000 (86), -1168.00000 (154), -1168.00000 (25), -1168.00000 (326), -1168.00000 (333), -1168.00000 (276), -1168.00000 (33), -1168.00000 (109), -1168.00000 (321), -1168.00000 (250), -1168.00000 (254), 
Length of domains: 42920
Current (lb-rhs): -1168.0
85756 domains visited
Time: pickout 0.0794    decision 0.2763    set_bounds 0.0043    solve 0.7996    add 0.0912    
Accumulated time: pickout 16.2182    decision 65.3259    set_bounds 3.1063    solve 235.6797    add 52.3943    
Cumulative time: 373.94896125793457

BaB round 337
batch: 128
splitting decisions: 
split level 0: [/49, 759] [/49, 9181] [/49, 5658] [/49, 5800] [/49, 6289] [/49, 1547] [/49, 10534] [/49, 3462] [/49, 3122] [/49, 7347] 
best_l after optimization: -268300.84375
beta sum per layer: [0.10327720642089844, 36.87786865234375, 10.069378852844238, 5.337717056274414]
alpha/beta optimization time: 0.8189561367034912
pruning_in_iteration open status: False
ratio of positive domain = 0 / 256 = 0.0
pruning-in-iteration extra time: 0.0001556873321533203
torch.Size([256, 1])
Time: prepare 0.0179    bound 0.8209    transfer 0.0062    finalize 0.0982    func 0.9431    
Accumulated time: func 236.4208    prepare 3.3266    bound 199.6926    transfer 2.4698    finalize 32.7990    
max lb tensor(-922.) min lb tensor(-1168.)
Number of Verified Splits: 0 of 256
Current worst splitting domains lb-rhs (depth):
-1168.00000 (21), -1168.00000 (78), -1168.00000 (311), -1168.00000 (155), -1168.00000 (234), -1168.00000 (22), -1168.00000 (135), -1168.00000 (78), -1168.00000 (311), -1168.00000 (233), -1168.00000 (187), -1168.00000 (111), -1168.00000 (233), -1168.00000 (312), -1168.00000 (187), -1168.00000 (78), -1168.00000 (233), -1168.00000 (154), -1168.00000 (312), -1168.00000 (79), 
Length of domains: 43048
Current (lb-rhs): -1168.0
86012 domains visited
Time: pickout 0.0769    decision 0.4317    set_bounds 0.0114    solve 0.9436    add 0.0913    
Accumulated time: pickout 16.2951    decision 65.7576    set_bounds 3.1177    solve 236.6233    add 52.4856    
Cumulative time: 375.50849318504333

BaB round 338
batch: 128
splitting decisions: 
split level 0: [/49, 9743] [/49, 9041] [/49, 4123] [/49, 8051] [/49, 4476] [/49, 9353] [/49, 4283] [/49, 422] [/49, 8699] [/49, 756] 
Early stop at 11th iter due to 10 iterations no improvement!
best_l after optimization: -268301.1875
beta sum per layer: [0.2517380118370056, 77.66033935546875, 13.16438102722168, 7.318493366241455]
alpha/beta optimization time: 0.6226437091827393
pruning_in_iteration open status: False
ratio of positive domain = 0 / 256 = 0.0
pruning-in-iteration extra time: 0.0001552104949951172
torch.Size([256, 1])
Time: prepare 0.0056    bound 0.6242    transfer 0.0068    finalize 0.1082    func 0.7448    
Accumulated time: func 237.1656    prepare 3.3341    bound 200.3167    transfer 2.4766    finalize 32.9072    
max lb tensor(-922.) min lb tensor(-1168.)
Number of Verified Splits: 0 of 256
Current worst splitting domains lb-rhs (depth):
-1168.00000 (260), -1168.00000 (173), -1168.00000 (70), -1168.00000 (112), -1168.00000 (22), -1168.00000 (260), -1168.00000 (173), -1168.00000 (215), -1168.00000 (112), -1168.00000 (71), -1168.00000 (325), -1168.00000 (290), -1168.00000 (21), -1168.00000 (174), -1168.00000 (290), -1168.00000 (112), -1168.00000 (71), -1168.00000 (215), -1168.00000 (174), -1168.00000 (21), 
Length of domains: 43176
Current (lb-rhs): -1168.0
86268 domains visited
Time: pickout 0.0772    decision 0.1417    set_bounds 0.0086    solve 0.7453    add 0.0925    
Accumulated time: pickout 16.3723    decision 65.8993    set_bounds 3.1262    solve 237.3686    add 52.5781    
Cumulative time: 376.57818841934204

BaB round 339
batch: 128
splitting decisions: 
split level 0: [/49, 420] [/49, 7665] [/49, 2061] [/49, 10363] [/49, 3436] [/49, 1941] [/43, 28270] [/55, 1336] [/49, 110] [/49, 7522] 
best_l after optimization: -268327.8125
beta sum per layer: [0.17143453657627106, 41.044158935546875, 10.899431228637695, 5.549559116363525]
alpha/beta optimization time: 0.8080198764801025
pruning_in_iteration open status: False
ratio of positive domain = 0 / 256 = 0.0
pruning-in-iteration extra time: 0.00015211105346679688
torch.Size([256, 1])
Time: prepare 0.0056    bound 0.8095    transfer 0.0058    finalize 0.1056    func 0.9265    
Accumulated time: func 238.0921    prepare 3.3417    bound 201.1262    transfer 2.4824    finalize 33.0128    
max lb tensor(-922.) min lb tensor(-1168.)
Number of Verified Splits: 0 of 256
Current worst splitting domains lb-rhs (depth):
-1168.00000 (57), -1168.00000 (271), -1168.00000 (100), -1168.00000 (154), -1168.00000 (290), -1168.00000 (327), -1168.00000 (212), -1168.00000 (47), -1168.00000 (179), -1168.00000 (73), -1168.00000 (38), -1168.00000 (310), -1168.00000 (12), -1168.00000 (90), -1168.00000 (242), -1168.00000 (248), -1168.00000 (300), -1168.00000 (137), -1168.00000 (193), -1168.00000 (327), 
Length of domains: 43304
Current (lb-rhs): -1168.0
86524 domains visited
Time: pickout 0.0773    decision 0.1430    set_bounds 0.0046    solve 0.9270    add 0.0944    
Accumulated time: pickout 16.4496    decision 66.0423    set_bounds 3.1308    solve 238.2956    add 52.6725    
Cumulative time: 377.82915019989014

BaB round 340
batch: 128
splitting decisions: 
split level 0: [/49, 9548] [/49, 3408] [/49, 1757] [/49, 1237] [/55, 940] [/49, 2717] [/49, 7338] [/49, 8714] [/49, 86] [/49, 5520] 
best_l after optimization: -268310.34375
beta sum per layer: [0.19394510984420776, 39.57891845703125, 11.370784759521484, 5.4791765213012695]
alpha/beta optimization time: 0.8970518112182617
pruning_in_iteration open status: False
ratio of positive domain = 0 / 256 = 0.0
pruning-in-iteration extra time: 0.0004642009735107422
torch.Size([256, 1])
Time: prepare 0.0055    bound 0.8989    transfer 0.0066    finalize 0.1101    func 1.0211    
Accumulated time: func 239.1132    prepare 3.3486    bound 202.0251    transfer 2.4890    finalize 33.1229    
max lb tensor(-922.) min lb tensor(-1168.)
Number of Verified Splits: 0 of 256
Current worst splitting domains lb-rhs (depth):
-1168.00000 (326), -1168.00000 (247), -1168.00000 (175), -1168.00000 (10), -1168.00000 (132), -1168.00000 (248), -1168.00000 (216), -1168.00000 (175), -1168.00000 (77), -1168.00000 (24), -1168.00000 (132), -1168.00000 (59), -1168.00000 (131), -1168.00000 (248), -1168.00000 (287), -1168.00000 (131), -1168.00000 (176), -1168.00000 (300), -1168.00000 (216), -1168.00000 (131), 
Length of domains: 43432
Current (lb-rhs): -1168.0
86780 domains visited
Time: pickout 0.0721    decision 0.1368    set_bounds 0.0083    solve 1.0216    add 0.0968    
Accumulated time: pickout 16.5217    decision 66.1790    set_bounds 3.1391    solve 239.3172    add 52.7693    
Cumulative time: 379.1706817150116

BaB round 341
batch: 128
splitting decisions: 
split level 0: [/49, 8364] [/49, 2097] [/49, 10365] [/49, 6204] [/49, 6287] [/49, 8983] [/49, 7351] [/49, 4645] [/49, 6532] [/49, 3628] 
best_l after optimization: -268313.09375
beta sum per layer: [0.17862427234649658, 41.22938919067383, 11.059103012084961, 5.711361885070801]
alpha/beta optimization time: 1.034045696258545
pruning_in_iteration open status: False
ratio of positive domain = 0 / 256 = 0.0
pruning-in-iteration extra time: 0.0022101402282714844
torch.Size([256, 1])
Time: prepare 0.0224    bound 1.0378    transfer 0.0087    finalize 0.1125    func 1.1814    
Accumulated time: func 240.2946    prepare 3.3724    bound 203.0628    transfer 2.4976    finalize 33.2355    
max lb tensor(-922.) min lb tensor(-1168.)
Number of Verified Splits: 0 of 256
Current worst splitting domains lb-rhs (depth):
-1168.00000 (198), -1168.00000 (36), -1168.00000 (271), -1168.00000 (226), -1168.00000 (321), -1168.00000 (86), -1168.00000 (54), -1168.00000 (156), -1168.00000 (127), -1168.00000 (333), -1168.00000 (295), -1168.00000 (270), -1168.00000 (9), -1168.00000 (137), -1168.00000 (227), -1168.00000 (169), -1168.00000 (296), -1168.00000 (86), -1168.00000 (54), -1168.00000 (271), 
Length of domains: 43560
Current (lb-rhs): -1168.0
87036 domains visited
Time: pickout 0.0678    decision 0.1483    set_bounds 0.0044    solve 1.1820    add 0.0970    
Accumulated time: pickout 16.5895    decision 66.3273    set_bounds 3.1435    solve 240.4992    add 52.8663    
Cumulative time: 380.67572927474976

BaB round 342
batch: 128
splitting decisions: 
split level 0: [/49, 6350] [/49, 1913] [/49, 4112] [/49, 9518] [/55, 1354] [/49, 3596] [/49, 10703] [/49, 2784] [/49, 9546] [/49, 1971] 
best_l after optimization: -268319.71875
beta sum per layer: [0.20753145217895508, 42.83216094970703, 11.584661483764648, 5.495314598083496]
alpha/beta optimization time: 0.6664049625396729
pruning_in_iteration open status: False
ratio of positive domain = 0 / 256 = 0.0
pruning-in-iteration extra time: 3.7670135498046875e-05
torch.Size([256, 1])
Time: prepare 0.0056    bound 0.6678    transfer 0.0061    finalize 0.1096    func 0.7892    
Accumulated time: func 241.0838    prepare 3.4144    bound 203.7306    transfer 2.5037    finalize 33.3450    
max lb tensor(-922.) min lb tensor(-1168.)
Number of Verified Splits: 0 of 256
Current worst splitting domains lb-rhs (depth):
-1168.00000 (324), -1168.00000 (62), -1168.00000 (204), -1168.00000 (159), -1168.00000 (182), -1168.00000 (252), -1168.00000 (195), -1168.00000 (300), -1168.00000 (29), -1168.00000 (94), -1168.00000 (338), -1168.00000 (10), -1168.00000 (256), -1168.00000 (277), -1168.00000 (282), -1168.00000 (213), -1168.00000 (29), -1168.00000 (62), -1168.00000 (289), -1168.00000 (182), 
Length of domains: 43688
Current (lb-rhs): -1168.0
87292 domains visited
Time: pickout 0.0841    decision 0.4701    set_bounds 0.0081    solve 0.7897    add 0.0940    
Accumulated time: pickout 16.6736    decision 66.7974    set_bounds 3.1516    solve 241.2889    add 52.9603    
Cumulative time: 382.12699794769287

BaB round 343
batch: 128
splitting decisions: 
split level 0: [/55, 1157] [/49, 7492] [/49, 5826] [/49, 3837] [/49, 614] [/55, 736] [/49, 9351] [/49, 6335] [/49, 8504] [/49, 1939] 
best_l after optimization: -268324.25
beta sum per layer: [0.18558551371097565, 42.284332275390625, 11.752416610717773, 5.505918502807617]
alpha/beta optimization time: 0.7320139408111572
pruning_in_iteration open status: False
ratio of positive domain = 0 / 256 = 0.0
pruning-in-iteration extra time: 0.0008034706115722656
torch.Size([256, 1])
Time: prepare 0.0063    bound 0.7342    transfer 0.0070    finalize 0.1027    func 0.8503    
Accumulated time: func 241.9341    prepare 3.4441    bound 204.4648    transfer 2.5108    finalize 33.4478    
max lb tensor(-922.) min lb tensor(-1168.)
Number of Verified Splits: 0 of 256
Current worst splitting domains lb-rhs (depth):
-1168.00000 (240), -1168.00000 (28), -1168.00000 (287), -1168.00000 (55), -1168.00000 (308), -1168.00000 (64), -1168.00000 (12), -1168.00000 (117), -1168.00000 (156), -1168.00000 (112), -1168.00000 (259), -1168.00000 (120), -1168.00000 (330), -1168.00000 (330), -1168.00000 (93), -1168.00000 (205), -1168.00000 (219), -1168.00000 (127), -1168.00000 (139), -1168.00000 (278), 
Length of domains: 43816
Current (lb-rhs): -1168.0
87548 domains visited
Time: pickout 0.0789    decision 0.3692    set_bounds 0.0044    solve 0.8508    add 0.0910    
Accumulated time: pickout 16.7526    decision 67.1666    set_bounds 3.1560    solve 242.1397    add 53.0513    
Cumulative time: 383.52615451812744

BaB round 344
batch: 128
splitting decisions: 
split level 0: [/49, 10729] [/49, 8673] [/49, 1081] [/49, 6307] [/49, 3423] [/49, 8634] [/49, 5683] [/49, 10534] [/49, 10390] [/49, 9037] 
best_l after optimization: -268327.40625
beta sum per layer: [0.2021859735250473, 41.268672943115234, 11.223689079284668, 5.35849666595459]
alpha/beta optimization time: 0.47521471977233887
pruning_in_iteration open status: False
ratio of positive domain = 0 / 256 = 0.0
pruning-in-iteration extra time: 4.267692565917969e-05
torch.Size([256, 1])
Time: prepare 0.0139    bound 0.4768    transfer 0.0063    finalize 0.1038    func 0.6008    
Accumulated time: func 242.5349    prepare 3.4735    bound 204.9415    transfer 2.5171    finalize 33.5516    
max lb tensor(-922.) min lb tensor(-1168.)
Number of Verified Splits: 0 of 256
Current worst splitting domains lb-rhs (depth):
-1168.00000 (154), -1168.00000 (235), -1168.00000 (23), -1168.00000 (98), -1168.00000 (276), -1168.00000 (154), -1168.00000 (99), -1168.00000 (191), -1168.00000 (331), -1168.00000 (22), -1168.00000 (275), -1168.00000 (208), -1168.00000 (99), -1168.00000 (235), -1168.00000 (98), -1168.00000 (275), -1168.00000 (99), -1168.00000 (22), -1168.00000 (331), -1168.00000 (100), 
Length of domains: 43944
Current (lb-rhs): -1168.0
87804 domains visited
Time: pickout 0.0762    decision 0.3259    set_bounds 0.0191    solve 0.6013    add 0.0938    
Accumulated time: pickout 16.8288    decision 67.4925    set_bounds 3.1750    solve 242.7410    add 53.1451    
Cumulative time: 384.6457026004791

BaB round 345
batch: 128
splitting decisions: 
split level 0: [/49, 940] [/49, 7659] [/49, 80] [/49, 7399] [/49, 10755] [/49, 8504] [/49, 5605] [/49, 927] [/49, 3436] [/49, 4506] 
Early stop at 11th iter due to 10 iterations no improvement!
best_l after optimization: -268328.875
beta sum per layer: [0.3783016800880432, 98.883544921875, 13.884489059448242, 7.770825386047363]
alpha/beta optimization time: 0.6711311340332031
pruning_in_iteration open status: False
ratio of positive domain = 0 / 256 = 0.0
pruning-in-iteration extra time: 0.0024406909942626953
torch.Size([256, 1])
Time: prepare 0.0112    bound 0.6749    transfer 0.0148    finalize 0.1084    func 0.8095    
Accumulated time: func 243.3444    prepare 3.4941    bound 205.6165    transfer 2.5319    finalize 33.6600    
max lb tensor(-922.) min lb tensor(-1168.)
Number of Verified Splits: 0 of 256
Current worst splitting domains lb-rhs (depth):
-1168.00000 (170), -1168.00000 (66), -1168.00000 (297), -1168.00000 (38), -1168.00000 (203), -1168.00000 (230), -1168.00000 (158), -1168.00000 (116), -1168.00000 (86), -1168.00000 (337), -1168.00000 (223), -1168.00000 (29), -1168.00000 (74), -1168.00000 (9), -1168.00000 (139), -1168.00000 (62), -1168.00000 (92), -1168.00000 (106), -1168.00000 (188), -1168.00000 (310), 
Length of domains: 44072
Current (lb-rhs): -1168.0
88060 domains visited
Time: pickout 0.0620    decision 0.2776    set_bounds 0.0171    solve 0.8101    add 0.0958    
Accumulated time: pickout 16.8908    decision 67.7700    set_bounds 3.1922    solve 243.5511    add 53.2409    
Cumulative time: 385.9114668369293

BaB round 346
batch: 128
splitting decisions: 
split level 0: [/55, 661] [/49, 6313] [/49, 7336] [/43, 5676] [/55, 225] [/49, 730] [/43, 6581] [/49, 3607] [/49, 8848] [/49, 9546] 
best_l after optimization: -268352.8125
beta sum per layer: [0.23863911628723145, 46.63861846923828, 11.663535118103027, 5.699689865112305]
alpha/beta optimization time: 0.8237221240997314
pruning_in_iteration open status: False
ratio of positive domain = 0 / 256 = 0.0
pruning-in-iteration extra time: 0.00020456314086914062
torch.Size([256, 1])
Time: prepare 0.0056    bound 0.8252    transfer 0.0039    finalize 0.0961    func 0.9309    
Accumulated time: func 244.2753    prepare 3.5011    bound 206.4417    transfer 2.5358    finalize 33.7561    
max lb tensor(-922.) min lb tensor(-1168.)
Number of Verified Splits: 0 of 256
Current worst splitting domains lb-rhs (depth):
-1168.00000 (69), -1168.00000 (280), -1168.00000 (180), -1168.00000 (218), -1168.00000 (316), -1168.00000 (156), -1168.00000 (36), -1168.00000 (313), -1168.00000 (261), -1168.00000 (28), -1168.00000 (96), -1168.00000 (95), -1168.00000 (236), -1168.00000 (181), -1168.00000 (9), -1168.00000 (342), -1168.00000 (122), -1168.00000 (54), -1168.00000 (218), -1168.00000 (280), 
Length of domains: 44200
Current (lb-rhs): -1168.0
88316 domains visited
Time: pickout 0.0591    decision 0.1319    set_bounds 0.0089    solve 0.9314    add 0.0863    
Accumulated time: pickout 16.9499    decision 67.9019    set_bounds 3.2011    solve 244.4825    add 53.3272    
Cumulative time: 387.13171911239624

BaB round 347
batch: 128
splitting decisions: 
split level 0: [/49, 10222] [/49, 2253] [/55, 941] [/49, 8707] [/49, 4649] [/49, 7518] [/49, 7689] [/49, 5490] [/49, 7180] [/49, 5345] 
Early stop at 11th iter due to 10 iterations no improvement!
best_l after optimization: -268354.0
beta sum per layer: [0.42599931359291077, 99.56874084472656, 14.070096015930176, 8.74741268157959]
alpha/beta optimization time: 0.4094099998474121
pruning_in_iteration open status: False
ratio of positive domain = 0 / 256 = 0.0
pruning-in-iteration extra time: 3.719329833984375e-05
torch.Size([256, 1])
Time: prepare 0.0055    bound 0.4107    transfer 0.0043    finalize 0.0941    func 0.5146    
Accumulated time: func 244.7899    prepare 3.5081    bound 206.8524    transfer 2.5401    finalize 33.8502    
max lb tensor(-922.) min lb tensor(-1168.)
Number of Verified Splits: 0 of 256
Current worst splitting domains lb-rhs (depth):
-1168.00000 (334), -1168.00000 (81), -1168.00000 (117), -1168.00000 (271), -1168.00000 (72), -1168.00000 (207), -1168.00000 (104), -1168.00000 (58), -1168.00000 (136), -1168.00000 (177), -1168.00000 (13), -1168.00000 (239), -1168.00000 (288), -1168.00000 (163), -1168.00000 (172), -1168.00000 (265), -1168.00000 (189), -1168.00000 (207), -1168.00000 (163), -1168.00000 (303), 
Length of domains: 44328
Current (lb-rhs): -1168.0
88572 domains visited
Time: pickout 0.0665    decision 0.1660    set_bounds 0.0042    solve 0.5151    add 0.0831    
Accumulated time: pickout 17.0164    decision 68.0679    set_bounds 3.2053    solve 244.9976    add 53.4102    
Cumulative time: 387.9692521095276

BaB round 348
batch: 128
splitting decisions: 
split level 0: [/49, 7323] [/49, 4597] [/49, 5150] [/43, 28207] [/49, 7687] [/49, 3943] [/43, 7571] [/55, 1167] [/49, 7208] [/49, 2814] 
best_l after optimization: -268362.3125
beta sum per layer: [0.2894297242164612, 49.296058654785156, 11.548745155334473, 5.598756313323975]
alpha/beta optimization time: 0.7938976287841797
pruning_in_iteration open status: False
ratio of positive domain = 0 / 256 = 0.0
pruning-in-iteration extra time: 0.00015473365783691406
torch.Size([256, 1])
Time: prepare 0.0056    bound 0.7954    transfer 0.0037    finalize 0.0989    func 0.9035    
Accumulated time: func 245.6934    prepare 3.5274    bound 207.6478    transfer 2.5437    finalize 33.9491    
max lb tensor(-922.) min lb tensor(-1168.)
Number of Verified Splits: 0 of 256
Current worst splitting domains lb-rhs (depth):
-1168.00000 (113), -1168.00000 (92), -1168.00000 (254), -1168.00000 (222), -1168.00000 (33), -1168.00000 (18), -1168.00000 (193), -1168.00000 (191), -1168.00000 (65), -1168.00000 (269), -1168.00000 (134), -1168.00000 (126), -1168.00000 (159), -1168.00000 (236), -1168.00000 (330), -1168.00000 (167), -1168.00000 (304), -1168.00000 (65), -1168.00000 (189), -1168.00000 (29), 
Length of domains: 44456
Current (lb-rhs): -1168.0
88828 domains visited
Time: pickout 0.0582    decision 0.4029    set_bounds 0.0083    solve 0.9040    add 0.0839    
Accumulated time: pickout 17.0746    decision 68.4708    set_bounds 3.2136    solve 245.9015    add 53.4941    
Cumulative time: 389.4302616119385

BaB round 349
batch: 128
splitting decisions: 
split level 0: [/49, 2138] [/49, 4125] [/49, 1434] [/49, 730] [/49, 4961] [/49, 5802] [/49, 5128] [/49, 758] [/49, 3490] [/49, 8361] 
Early stop at 11th iter due to 10 iterations no improvement!
best_l after optimization: -268364.0625
beta sum per layer: [0.6081861257553101, 104.28880310058594, 14.552497863769531, 8.380595207214355]
alpha/beta optimization time: 0.4003167152404785
pruning_in_iteration open status: False
ratio of positive domain = 0 / 256 = 0.0
pruning-in-iteration extra time: 0.0024111270904541016
torch.Size([256, 1])
Time: prepare 0.0057    bound 0.4041    transfer 0.0065    finalize 0.0986    func 0.5150    
Accumulated time: func 246.2084    prepare 3.5350    bound 208.0519    transfer 2.5502    finalize 34.0477    
max lb tensor(-922.) min lb tensor(-1168.)
Number of Verified Splits: 0 of 256
Current worst splitting domains lb-rhs (depth):
-1168.00000 (311), -1168.00000 (171), -1168.00000 (228), -1168.00000 (132), -1168.00000 (311), -1168.00000 (91), -1168.00000 (30), -1168.00000 (228), -1168.00000 (171), -1168.00000 (228), -1168.00000 (90), -1168.00000 (91), -1168.00000 (229), -1168.00000 (132), -1168.00000 (339), -1168.00000 (90), -1168.00000 (10), -1168.00000 (171), -1168.00000 (229), -1168.00000 (31), 
Length of domains: 44584
Current (lb-rhs): -1168.0
89084 domains visited
Time: pickout 0.0781    decision 0.1782    set_bounds 0.0044    solve 0.5155    add 0.0864    
Accumulated time: pickout 17.1527    decision 68.6489    set_bounds 3.2180    solve 246.4170    add 53.5805    
Cumulative time: 390.2955663204193

BaB round 350
batch: 128
splitting decisions: 
split level 0: [/43, 9434] [/49, 7997] [/49, 5492] [/49, 7999] [/49, 4645] [/55, 23] [/49, 4194] [/43, 9400] [/49, 8727] [/49, 4985] 
best_l after optimization: -268375.8125
beta sum per layer: [0.33738917112350464, 51.38258361816406, 12.140422821044922, 5.6084089279174805]
alpha/beta optimization time: 0.6730163097381592
pruning_in_iteration open status: False
ratio of positive domain = 0 / 256 = 0.0
pruning-in-iteration extra time: 3.814697265625e-05
torch.Size([256, 1])
Time: prepare 0.0165    bound 0.6745    transfer 0.0054    finalize 0.1022    func 0.7985    
Accumulated time: func 247.0069    prepare 3.5529    bound 208.7264    transfer 2.5556    finalize 34.1499    
max lb tensor(-922.) min lb tensor(-1168.)
Number of Verified Splits: 0 of 256
Current worst splitting domains lb-rhs (depth):
-1168.00000 (155), -1168.00000 (45), -1168.00000 (18), -1168.00000 (154), -1168.00000 (72), -1168.00000 (301), -1168.00000 (241), -1168.00000 (154), -1168.00000 (340), -1168.00000 (241), -1168.00000 (155), -1168.00000 (71), -1168.00000 (18), -1168.00000 (241), -1168.00000 (154), -1168.00000 (301), -1168.00000 (155), -1168.00000 (240), -1168.00000 (156), -1168.00000 (320), 
Length of domains: 44712
Current (lb-rhs): -1168.0
89340 domains visited
Time: pickout 0.0591    decision 0.1357    set_bounds 0.0083    solve 0.7990    add 0.0884    
Accumulated time: pickout 17.2118    decision 68.7846    set_bounds 3.2263    solve 247.2160    add 53.6689    
Cumulative time: 391.3893518447876

BaB round 351
batch: 128
splitting decisions: 
split level 0: [/49, 2448] [/49, 7505] [/49, 10363] [/55, 1442] [/49, 3501] [/49, 5800] [/49, 4632] [/49, 4151] [/49, 10363] [/49, 3941] 
best_l after optimization: -268355.96875
beta sum per layer: [0.3630763292312622, 48.88663864135742, 12.525178909301758, 5.688255310058594]
alpha/beta optimization time: 0.7556984424591064
pruning_in_iteration open status: False
ratio of positive domain = 0 / 256 = 0.0
pruning-in-iteration extra time: 0.0023746490478515625
torch.Size([256, 1])
Time: prepare 0.0172    bound 0.7595    transfer 0.0064    finalize 0.0959    func 0.8790    
Accumulated time: func 247.8859    prepare 3.5835    bound 209.4859    transfer 2.5620    finalize 34.2457    
max lb tensor(-922.) min lb tensor(-1168.)
Number of Verified Splits: 0 of 256
Current worst splitting domains lb-rhs (depth):
-1168.00000 (280), -1168.00000 (265), -1168.00000 (187), -1168.00000 (80), -1168.00000 (240), -1168.00000 (145), -1168.00000 (245), -1168.00000 (113), -1168.00000 (298), -1168.00000 (252), -1168.00000 (207), -1168.00000 (210), -1168.00000 (344), -1168.00000 (138), -1168.00000 (92), -1168.00000 (84), -1168.00000 (330), -1168.00000 (316), -1168.00000 (175), -1168.00000 (316), 
Length of domains: 44840
Current (lb-rhs): -1168.0
89596 domains visited
Time: pickout 0.0764    decision 0.4450    set_bounds 0.0060    solve 0.8798    add 0.0842    
Accumulated time: pickout 17.2883    decision 69.2297    set_bounds 3.2323    solve 248.0958    add 53.7531    
Cumulative time: 392.8838813304901

BaB round 352
batch: 128
splitting decisions: 
split level 0: [/49, 6506] [/49, 2590] [/49, 588] [/49, 4840] [/49, 4112] [/49, 4618] [/49, 7518] [/49, 10731] [/49, 8517] [/55, 637] 
best_l after optimization: -268356.5625
beta sum per layer: [0.35637882351875305, 47.541534423828125, 12.047293663024902, 5.520936965942383]
alpha/beta optimization time: 0.812042236328125
pruning_in_iteration open status: False
ratio of positive domain = 0 / 256 = 0.0
pruning-in-iteration extra time: 0.00011372566223144531
torch.Size([256, 1])
Time: prepare 0.0057    bound 0.8135    transfer 0.0044    finalize 0.1002    func 0.9239    
Accumulated time: func 248.8099    prepare 3.5956    bound 210.2994    transfer 2.5664    finalize 34.3459    
max lb tensor(-922.) min lb tensor(-1168.)
Number of Verified Splits: 0 of 256
Current worst splitting domains lb-rhs (depth):
-1168.00000 (17), -1168.00000 (323), -1168.00000 (259), -1168.00000 (233), -1168.00000 (79), -1168.00000 (44), -1168.00000 (188), -1168.00000 (168), -1168.00000 (26), -1168.00000 (287), -1168.00000 (219), -1168.00000 (115), -1168.00000 (313), -1168.00000 (219), -1168.00000 (84), -1168.00000 (89), -1168.00000 (111), -1168.00000 (188), -1168.00000 (147), -1168.00000 (9), 
Length of domains: 44968
Current (lb-rhs): -1168.0
89852 domains visited
Time: pickout 0.0687    decision 0.2093    set_bounds 0.0086    solve 0.9244    add 0.0937    
Accumulated time: pickout 17.3570    decision 69.4390    set_bounds 3.2409    solve 249.0202    add 53.8468    
Cumulative time: 394.192209482193

BaB round 353
batch: 128
splitting decisions: 
split level 0: [/49, 7024] [/49, 7518] [/49, 8363] [/49, 6476] [/49, 3577] [/49, 7661] [/49, 422] [/49, 95] [/49, 10025] [/49, 4643] 
best_l after optimization: -268352.34375
beta sum per layer: [0.39716118574142456, 51.193599700927734, 12.749292373657227, 5.458568572998047]
alpha/beta optimization time: 0.8192932605743408
pruning_in_iteration open status: False
ratio of positive domain = 0 / 256 = 0.0
pruning-in-iteration extra time: 0.000148773193359375
torch.Size([256, 1])
Time: prepare 0.0058    bound 0.8207    transfer 0.0040    finalize 0.1009    func 0.9314    
Accumulated time: func 249.7412    prepare 3.6034    bound 211.1201    transfer 2.5704    finalize 34.4468    
max lb tensor(-922.) min lb tensor(-1168.)
Number of Verified Splits: 0 of 256
Current worst splitting domains lb-rhs (depth):
-1168.00000 (192), -1168.00000 (76), -1168.00000 (317), -1168.00000 (88), -1168.00000 (236), -1168.00000 (141), -1168.00000 (67), -1168.00000 (29), -1168.00000 (119), -1168.00000 (163), -1168.00000 (317), -1168.00000 (57), -1168.00000 (279), -1168.00000 (193), -1168.00000 (317), -1168.00000 (119), -1168.00000 (29), -1168.00000 (236), -1168.00000 (343), -1168.00000 (10), 
Length of domains: 45096
Current (lb-rhs): -1168.0
90108 domains visited
Time: pickout 0.0708    decision 0.1424    set_bounds 0.0043    solve 0.9318    add 0.0858    
Accumulated time: pickout 17.4278    decision 69.5813    set_bounds 3.2452    solve 249.9520    add 53.9326    
Cumulative time: 395.4304413795471

BaB round 354
batch: 128
splitting decisions: 
split level 0: [/49, 96] [/49, 3097] [/49, 6840] [/49, 4619] [/55, 1111] [/49, 2786] [/49, 3451] [/49, 3813] [/49, 3785] [/49, 78] 
best_l after optimization: -268365.125
beta sum per layer: [0.377816379070282, 50.98973846435547, 12.998627662658691, 5.725343704223633]
alpha/beta optimization time: 0.3950808048248291
pruning_in_iteration open status: False
ratio of positive domain = 0 / 256 = 0.0
pruning-in-iteration extra time: 3.933906555175781e-05
torch.Size([256, 1])
Time: prepare 0.0058    bound 0.3965    transfer 0.0053    finalize 0.1008    func 0.5084    
Accumulated time: func 250.2496    prepare 3.6174    bound 211.5166    transfer 2.5757    finalize 34.5476    
max lb tensor(-922.) min lb tensor(-1168.)
Number of Verified Splits: 0 of 256
Current worst splitting domains lb-rhs (depth):
-1168.00000 (173), -1168.00000 (99), -1168.00000 (232), -1168.00000 (286), -1168.00000 (98), -1168.00000 (172), -1168.00000 (37), -1168.00000 (347), -1168.00000 (98), -1168.00000 (232), -1168.00000 (286), -1168.00000 (330), -1168.00000 (172), -1168.00000 (98), -1168.00000 (13), -1168.00000 (286), -1168.00000 (97), -1168.00000 (232), -1168.00000 (173), -1168.00000 (97), 
Length of domains: 45224
Current (lb-rhs): -1168.0
90364 domains visited
Time: pickout 0.0698    decision 0.1587    set_bounds 0.0084    solve 0.5089    add 0.0895    
Accumulated time: pickout 17.4976    decision 69.7400    set_bounds 3.2536    solve 250.4609    add 54.0221    
Cumulative time: 396.2686560153961

BaB round 355
batch: 128
splitting decisions: 
split level 0: [/49, 10406] [/49, 5125] [/49, 8362] [/49, 3466] [/49, 901] [/49, 3772] [/49, 9069] [/49, 2305] [/49, 912] [/49, 1965] 
best_l after optimization: -268367.8125
beta sum per layer: [0.36406272649765015, 52.11996078491211, 12.964035034179688, 5.66206169128418]
alpha/beta optimization time: 0.7950451374053955
pruning_in_iteration open status: False
ratio of positive domain = 0 / 256 = 0.0
pruning-in-iteration extra time: 3.600120544433594e-05
torch.Size([256, 1])
Time: prepare 0.0224    bound 0.7964    transfer 0.0041    finalize 0.0954    func 0.9184    
Accumulated time: func 251.1680    prepare 3.6413    bound 212.3130    transfer 2.5798    finalize 34.6430    
max lb tensor(-922.) min lb tensor(-1168.)
Number of Verified Splits: 0 of 256
Current worst splitting domains lb-rhs (depth):
-1168.00000 (264), -1168.00000 (264), -1168.00000 (69), -1168.00000 (190), -1168.00000 (146), -1168.00000 (300), -1168.00000 (43), -1168.00000 (215), -1168.00000 (122), -1168.00000 (104), -1168.00000 (18), -1168.00000 (9), -1168.00000 (300), -1168.00000 (69), -1168.00000 (334), -1168.00000 (346), -1168.00000 (190), -1168.00000 (215), -1168.00000 (139), -1168.00000 (264), 
Length of domains: 45352
Current (lb-rhs): -1168.0
90620 domains visited
Time: pickout 0.0583    decision 0.1454    set_bounds 0.0043    solve 0.9189    add 0.0837    
Accumulated time: pickout 17.5559    decision 69.8854    set_bounds 3.2579    solve 251.3797    add 54.1058    
Cumulative time: 397.48187613487244

BaB round 356
batch: 128
splitting decisions: 
split level 0: [/49, 4645] [/49, 8337] [/49, 4475] [/49, 3432] [/49, 7686] [/49, 6307] [/55, 747] [/49, 1772] [/49, 1237] [/49, 7373] 
Early stop at 11th iter due to 10 iterations no improvement!
best_l after optimization: -268382.8125
beta sum per layer: [0.7407720685005188, 125.99917602539062, 14.769330978393555, 7.981130123138428]
alpha/beta optimization time: 0.46279239654541016
pruning_in_iteration open status: False
ratio of positive domain = 0 / 256 = 0.0
pruning-in-iteration extra time: 3.9577484130859375e-05
torch.Size([256, 1])
Time: prepare 0.0057    bound 0.4641    transfer 0.0043    finalize 0.0924    func 0.5666    
Accumulated time: func 251.7346    prepare 3.6533    bound 212.7771    transfer 2.5841    finalize 34.7354    
max lb tensor(-922.) min lb tensor(-1168.)
Number of Verified Splits: 0 of 256
Current worst splitting domains lb-rhs (depth):
-1168.00000 (74), -1168.00000 (145), -1168.00000 (88), -1168.00000 (8), -1168.00000 (154), -1168.00000 (101), -1168.00000 (286), -1168.00000 (119), -1168.00000 (273), -1168.00000 (258), -1168.00000 (129), -1168.00000 (12), -1168.00000 (169), -1168.00000 (231), -1168.00000 (265), -1168.00000 (137), -1168.00000 (55), -1168.00000 (79), -1168.00000 (176), -1168.00000 (346), 
Length of domains: 45480
Current (lb-rhs): -1168.0
90876 domains visited
Time: pickout 0.0694    decision 0.1959    set_bounds 0.0092    solve 0.5671    add 0.0791    
Accumulated time: pickout 17.6253    decision 70.0813    set_bounds 3.2672    solve 251.9468    add 54.1850    
Cumulative time: 398.40498447418213

BaB round 357
batch: 128
splitting decisions: 
split level 0: [/49, 8701] [/49, 9349] [/49, 6118] [/55, 568] [/49, 5520] [/49, 8166] [/43, 9310] [/43, 9369] [/55, 242] [/49, 108] 
best_l after optimization: -268403.4375
beta sum per layer: [0.4174121022224426, 57.82579803466797, 12.694219589233398, 5.541110515594482]
alpha/beta optimization time: 0.8130474090576172
pruning_in_iteration open status: False
ratio of positive domain = 0 / 256 = 0.0
pruning-in-iteration extra time: 0.0002067089080810547
torch.Size([256, 1])
Time: prepare 0.0056    bound 0.8145    transfer 0.0039    finalize 0.0904    func 0.9144    
Accumulated time: func 252.6490    prepare 3.6680    bound 213.5916    transfer 2.5880    finalize 34.8258    
max lb tensor(-922.) min lb tensor(-1168.)
Number of Verified Splits: 0 of 256
Current worst splitting domains lb-rhs (depth):
-1168.00000 (211), -1168.00000 (108), -1168.00000 (212), -1168.00000 (329), -1168.00000 (212), -1168.00000 (108), -1168.00000 (212), -1168.00000 (23), -1168.00000 (108), -1168.00000 (329), -1168.00000 (211), -1168.00000 (109), -1168.00000 (211), -1168.00000 (329), -1168.00000 (23), -1168.00000 (24), -1168.00000 (109), -1168.00000 (210), -1168.00000 (330), -1168.00000 (109), 
Length of domains: 45608
Current (lb-rhs): -1168.0
91132 domains visited
Time: pickout 0.0692    decision 0.2998    set_bounds 0.0046    solve 0.9149    add 0.0801    
Accumulated time: pickout 17.6945    decision 70.3810    set_bounds 3.2718    solve 252.8618    add 54.2650    
Cumulative time: 399.77589750289917

BaB round 358
batch: 128
splitting decisions: 
split level 0: [/49, 7689] [/49, 3436] [/49, 5462] [/49, 5488] [/49, 1722] [/49, 9012] [/49, 7169] [/49, 1785] [/49, 604] [/49, 5319] 
Early stop at 11th iter due to 10 iterations no improvement!
best_l after optimization: -268405.0
beta sum per layer: [0.9371320009231567, 130.2869873046875, 14.606706619262695, 8.065431594848633]
alpha/beta optimization time: 0.5214388370513916
pruning_in_iteration open status: False
ratio of positive domain = 0 / 256 = 0.0
pruning-in-iteration extra time: 3.24249267578125e-05
torch.Size([256, 1])
Time: prepare 0.0061    bound 0.5228    transfer 0.0040    finalize 0.5276    func 1.0605    
Accumulated time: func 253.7096    prepare 3.6774    bound 214.1144    transfer 2.5919    finalize 35.3534    
max lb tensor(-922.) min lb tensor(-1168.)
Number of Verified Splits: 0 of 256
Current worst splitting domains lb-rhs (depth):
-1168.00000 (313), -1168.00000 (305), -1168.00000 (270), -1168.00000 (149), -1168.00000 (21), -1168.00000 (190), -1168.00000 (329), -1168.00000 (67), -1168.00000 (30), -1168.00000 (127), -1168.00000 (223), -1168.00000 (31), -1168.00000 (98), -1168.00000 (253), -1168.00000 (149), -1168.00000 (345), -1168.00000 (176), -1168.00000 (340), -1168.00000 (326), -1168.00000 (333), 
Length of domains: 45736
Current (lb-rhs): -1168.0
91388 domains visited
Time: pickout 0.0624    decision 0.1824    set_bounds 0.0086    solve 1.0611    add 0.0860    
Accumulated time: pickout 17.7569    decision 70.5634    set_bounds 3.2803    solve 253.9229    add 54.3510    
Cumulative time: 401.17893242836

BaB round 359
batch: 128
splitting decisions: 
split level 0: [/43, 10390] [/55, 61] [/49, 5319] [/55, 1187] [/49, 9349] [/49, 3745] [/43, 1301] [/55, 737] [/43, 15669] [/49, 5496] 
best_l after optimization: -268409.21875
beta sum per layer: [0.5316711664199829, 58.80780029296875, 12.851020812988281, 5.73394775390625]
alpha/beta optimization time: 0.6314630508422852
pruning_in_iteration open status: False
ratio of positive domain = 0 / 256 = 0.0
pruning-in-iteration extra time: 3.743171691894531e-05
torch.Size([256, 1])
Time: prepare 0.0057    bound 0.6328    transfer 0.0038    finalize 0.0977    func 0.7401    
Accumulated time: func 254.4497    prepare 3.6993    bound 214.7473    transfer 2.5958    finalize 35.4511    
max lb tensor(-922.) min lb tensor(-1168.)
Number of Verified Splits: 0 of 256
Current worst splitting domains lb-rhs (depth):
-1168.00000 (318), -1168.00000 (9), -1168.00000 (173), -1168.00000 (75), -1168.00000 (138), -1168.00000 (350), -1168.00000 (63), -1168.00000 (339), -1168.00000 (305), -1168.00000 (221), -1168.00000 (276), -1168.00000 (17), -1168.00000 (238), -1168.00000 (40), -1168.00000 (173), -1168.00000 (70), -1168.00000 (121), -1168.00000 (90), -1168.00000 (26), -1168.00000 (138), 
Length of domains: 45864
Current (lb-rhs): -1168.0
91644 domains visited
Time: pickout 0.0746    decision 0.4371    set_bounds 0.0043    solve 0.7406    add 0.0807    
Accumulated time: pickout 17.8315    decision 71.0005    set_bounds 3.2847    solve 254.6635    add 54.4317    
Cumulative time: 402.51941108703613

BaB round 360
batch: 128
splitting decisions: 
split level 0: [/49, 6844] [/49, 4630] [/49, 56] [/55, 872] [/49, 4632] [/49, 899] [/49, 6310] [/49, 10392] [/49, 9011] [/49, 6358] 
best_l after optimization: -268389.4375
beta sum per layer: [0.5937739014625549, 55.0287971496582, 13.658129692077637, 5.56815242767334]
alpha/beta optimization time: 0.7726647853851318
pruning_in_iteration open status: False
ratio of positive domain = 0 / 256 = 0.0
pruning-in-iteration extra time: 0.0009183883666992188
torch.Size([256, 1])
Time: prepare 0.0058    bound 0.7749    transfer 0.0038    finalize 0.0940    func 0.8786    
Accumulated time: func 255.3284    prepare 3.7207    bound 215.5222    transfer 2.5996    finalize 35.5451    
max lb tensor(-922.) min lb tensor(-1168.)
Number of Verified Splits: 0 of 256
Current worst splitting domains lb-rhs (depth):
-1168.00000 (278), -1168.00000 (179), -1168.00000 (93), -1168.00000 (191), -1168.00000 (137), -1168.00000 (325), -1168.00000 (288), -1168.00000 (333), -1168.00000 (219), -1168.00000 (117), -1168.00000 (247), -1168.00000 (357), -1168.00000 (71), -1168.00000 (199), -1168.00000 (185), -1168.00000 (8), -1168.00000 (36), -1168.00000 (41), -1168.00000 (19), -1168.00000 (41), 
Length of domains: 45992
Current (lb-rhs): -1168.0
91900 domains visited
Time: pickout 0.0778    decision 0.3928    set_bounds 0.0085    solve 0.8791    add 0.0837    
Accumulated time: pickout 17.9094    decision 71.3933    set_bounds 3.2932    solve 255.5427    add 54.5154    
Cumulative time: 403.9638156890869

BaB round 361
batch: 128
splitting decisions: 
split level 0: [/49, 4478] [/49, 1575] [/49, 3096] [/49, 9517] [/49, 3618] [/49, 5124] [/49, 8675] [/49, 4996] [/49, 2084] [/49, 5318] 
best_l after optimization: -268385.8125
beta sum per layer: [0.5670959949493408, 57.01988983154297, 13.079428672790527, 5.632516860961914]
alpha/beta optimization time: 0.8120677471160889
pruning_in_iteration open status: False
ratio of positive domain = 0 / 256 = 0.0
pruning-in-iteration extra time: 0.00015282630920410156
torch.Size([256, 1])
Time: prepare 0.0130    bound 0.8136    transfer 0.0036    finalize 0.0981    func 0.9283    
Accumulated time: func 256.2567    prepare 3.7359    bound 216.3358    transfer 2.6032    finalize 35.6433    
max lb tensor(-922.) min lb tensor(-1168.)
Number of Verified Splits: 0 of 256
Current worst splitting domains lb-rhs (depth):
-1168.00000 (213), -1168.00000 (215), -1168.00000 (332), -1168.00000 (109), -1168.00000 (214), -1168.00000 (24), -1168.00000 (109), -1168.00000 (214), -1168.00000 (333), -1168.00000 (214), -1168.00000 (110), -1168.00000 (213), -1168.00000 (23), -1168.00000 (110), -1168.00000 (333), -1168.00000 (215), -1168.00000 (110), -1168.00000 (213), -1168.00000 (333), -1168.00000 (23), 
Length of domains: 46120
Current (lb-rhs): -1168.0
92156 domains visited
Time: pickout 0.0747    decision 0.3639    set_bounds 0.0107    solve 0.9289    add 0.0895    
Accumulated time: pickout 17.9840    decision 71.7572    set_bounds 3.3039    solve 256.4716    add 54.6049    
Cumulative time: 405.4348192214966

BaB round 362
batch: 128
splitting decisions: 
split level 0: [/49, 8871] [/49, 67] [/49, 6671] [/49, 121] [/49, 7336] [/49, 420] [/49, 4476] [/49, 2812] [/49, 8194] [/49, 3633] 
best_l after optimization: -268388.5625
beta sum per layer: [0.6480017900466919, 57.59637451171875, 14.077970504760742, 5.4565110206604]
alpha/beta optimization time: 0.9343514442443848
pruning_in_iteration open status: False
ratio of positive domain = 0 / 256 = 0.0
pruning-in-iteration extra time: 0.0010383129119873047
torch.Size([256, 1])
Time: prepare 0.0058    bound 0.9367    transfer 0.0039    finalize 0.0904    func 1.0368    
Accumulated time: func 257.2935    prepare 3.7432    bound 217.2725    transfer 2.6071    finalize 35.7336    
max lb tensor(-922.) min lb tensor(-1168.)
Number of Verified Splits: 0 of 256
Current worst splitting domains lb-rhs (depth):
-1168.00000 (290), -1168.00000 (259), -1168.00000 (349), -1168.00000 (187), -1168.00000 (45), -1168.00000 (104), -1168.00000 (230), -1168.00000 (290), -1168.00000 (103), -1168.00000 (162), -1168.00000 (187), -1168.00000 (103), -1168.00000 (12), -1168.00000 (45), -1168.00000 (332), -1168.00000 (229), -1168.00000 (187), -1168.00000 (356), -1168.00000 (103), -1168.00000 (291), 
Length of domains: 46248
Current (lb-rhs): -1168.0
92412 domains visited
Time: pickout 0.0751    decision 0.1352    set_bounds 0.0043    solve 1.0373    add 0.0859    
Accumulated time: pickout 18.0591    decision 71.8924    set_bounds 3.3082    solve 257.5089    add 54.6908    
Cumulative time: 406.7777268886566

BaB round 363
batch: 128
splitting decisions: 
split level 0: [/49, 6674] [/49, 3462] [/49, 4618] [/49, 5520] [/49, 4597] [/49, 3616] [/49, 6818] [/49, 7518] [/49, 5826] [/49, 3485] 
Early stop at 11th iter due to 10 iterations no improvement!
best_l after optimization: -268410.78125
beta sum per layer: [1.2400659322738647, 150.40586853027344, 15.344432830810547, 7.761131286621094]
alpha/beta optimization time: 0.5136280059814453
pruning_in_iteration open status: False
ratio of positive domain = 0 / 256 = 0.0
pruning-in-iteration extra time: 3.8623809814453125e-05
torch.Size([256, 1])
Time: prepare 0.0222    bound 0.5151    transfer 0.0048    finalize 0.1025    func 0.6447    
Accumulated time: func 257.9382    prepare 3.7672    bound 217.7876    transfer 2.6119    finalize 35.8362    
max lb tensor(-922.) min lb tensor(-1168.)
Number of Verified Splits: 0 of 256
Current worst splitting domains lb-rhs (depth):
-1168.00000 (91), -1168.00000 (330), -1168.00000 (171), -1168.00000 (44), -1168.00000 (321), -1168.00000 (273), -1168.00000 (8), -1168.00000 (142), -1168.00000 (250), -1168.00000 (68), -1168.00000 (106), -1168.00000 (12), -1168.00000 (317), -1168.00000 (101), -1168.00000 (195), -1168.00000 (332), -1168.00000 (68), -1168.00000 (116), -1168.00000 (351), -1168.00000 (273), 
Length of domains: 46376
Current (lb-rhs): -1168.0
92668 domains visited
Time: pickout 0.0577    decision 0.2453    set_bounds 0.0108    solve 0.6452    add 0.0936    
Accumulated time: pickout 18.1169    decision 72.1377    set_bounds 3.3189    solve 258.1541    add 54.7844    
Cumulative time: 407.8333396911621

BaB round 364
batch: 128
splitting decisions: 
split level 0: [/43, 21193] [/49, 8192] [/43, 20168] [/49, 729] [/49, 8699] [/49, 2759] [/43, 6702] [/49, 2110] [/49, 5130] [/49, 3464] 
best_l after optimization: -268427.21875
beta sum per layer: [0.6736425161361694, 63.8178596496582, 13.437263488769531, 5.505002975463867]
alpha/beta optimization time: 0.8154332637786865
pruning_in_iteration open status: False
ratio of positive domain = 0 / 256 = 0.0
pruning-in-iteration extra time: 0.00014925003051757812
torch.Size([256, 1])
Time: prepare 0.0058    bound 0.8169    transfer 0.0041    finalize 0.0839    func 0.9108    
Accumulated time: func 258.8490    prepare 3.7787    bound 218.6045    transfer 2.6160    finalize 35.9201    
max lb tensor(-922.) min lb tensor(-1168.)
Number of Verified Splits: 0 of 256
Current worst splitting domains lb-rhs (depth):
-1168.00000 (227), -1168.00000 (153), -1168.00000 (267), -1168.00000 (13), -1168.00000 (358), -1168.00000 (193), -1168.00000 (304), -1168.00000 (110), -1168.00000 (26), -1168.00000 (348), -1168.00000 (281), -1168.00000 (119), -1168.00000 (87), -1168.00000 (342), -1168.00000 (193), -1168.00000 (168), -1168.00000 (138), -1168.00000 (57), -1168.00000 (87), -1168.00000 (245), 
Length of domains: 46504
Current (lb-rhs): -1168.0
92924 domains visited
Time: pickout 0.0730    decision 0.2800    set_bounds 0.0043    solve 0.9113    add 0.0845    
Accumulated time: pickout 18.1899    decision 72.4177    set_bounds 3.3232    solve 259.0655    add 54.8689    
Cumulative time: 409.19039011001587

BaB round 365
batch: 128
splitting decisions: 
split level 0: [/49, 3802] [/49, 4138] [/49, 7661] [/49, 405] [/49, 5633] [/55, 22] [/49, 6648] [/49, 3293] [/49, 7377] [/49, 3434] 
Early stop at 11th iter due to 10 iterations no improvement!
best_l after optimization: -268427.75
beta sum per layer: [1.3897693157196045, 152.98348999023438, 15.177326202392578, 8.235401153564453]
alpha/beta optimization time: 0.5733897686004639
pruning_in_iteration open status: False
ratio of positive domain = 0 / 256 = 0.0
pruning-in-iteration extra time: 3.4809112548828125e-05
torch.Size([256, 1])
Time: prepare 0.0059    bound 0.5748    transfer 0.0040    finalize 0.0981    func 0.6829    
Accumulated time: func 259.5319    prepare 3.7867    bound 219.1793    transfer 2.6201    finalize 36.0183    
max lb tensor(-922.) min lb tensor(-1168.)
Number of Verified Splits: 0 of 256
Current worst splitting domains lb-rhs (depth):
-1168.00000 (85), -1168.00000 (85), -1168.00000 (251), -1168.00000 (350), -1168.00000 (319), -1168.00000 (357), -1168.00000 (36), -1168.00000 (142), -1168.00000 (252), -1168.00000 (112), -1168.00000 (23), -1168.00000 (337), -1168.00000 (215), -1168.00000 (173), -1168.00000 (252), -1168.00000 (85), -1168.00000 (252), -1168.00000 (319), -1168.00000 (112), -1168.00000 (215), 
Length of domains: 46632
Current (lb-rhs): -1168.0
93180 domains visited
Time: pickout 0.0696    decision 0.1627    set_bounds 0.0090    solve 0.6834    add 0.0904    
Accumulated time: pickout 18.2595    decision 72.5804    set_bounds 3.3322    solve 259.7488    add 54.9593    
Cumulative time: 410.20834517478943

BaB round 366
batch: 128
splitting decisions: 
split level 0: [/43, 9497] [/49, 588] [/43, 22866] [/55, 514] [/49, 5488] [/43, 7568] [/43, 9370] [/49, 7349] [/49, 6146] [/49, 1631] 
best_l after optimization: -268433.875
beta sum per layer: [0.8124723434448242, 65.81053161621094, 13.549490928649902, 5.577554225921631]
alpha/beta optimization time: 0.8226573467254639
pruning_in_iteration open status: False
ratio of positive domain = 0 / 256 = 0.0
pruning-in-iteration extra time: 0.00010085105895996094
torch.Size([256, 1])
Time: prepare 0.0058    bound 0.8242    transfer 0.0042    finalize 0.0861    func 0.9203    
Accumulated time: func 260.4522    prepare 3.7978    bound 220.0035    transfer 2.6243    finalize 36.1043    
max lb tensor(-922.) min lb tensor(-1168.)
Number of Verified Splits: 0 of 256
Current worst splitting domains lb-rhs (depth):
-1168.00000 (179), -1168.00000 (341), -1168.00000 (359), -1168.00000 (178), -1168.00000 (102), -1168.00000 (295), -1168.00000 (240), -1168.00000 (178), -1168.00000 (101), -1168.00000 (296), -1168.00000 (101), -1168.00000 (38), -1168.00000 (240), -1168.00000 (38), -1168.00000 (101), -1168.00000 (296), -1168.00000 (13), -1168.00000 (341), -1168.00000 (239), -1168.00000 (100), 
Length of domains: 46760
Current (lb-rhs): -1168.0
93436 domains visited
Time: pickout 0.0762    decision 0.1843    set_bounds 0.0042    solve 0.9208    add 0.0851    
Accumulated time: pickout 18.3357    decision 72.7646    set_bounds 3.3364    solve 260.6696    add 55.0444    
Cumulative time: 411.483202457428

BaB round 367
batch: 128
splitting decisions: 
split level 0: [/49, 5998] [/49, 6333] [/49, 10545] [/49, 8029] [/49, 1771] [/49, 54] [/43, 25572] [/49, 6309] [/49, 7375] [/49, 8894] 
best_l after optimization: -268410.125
beta sum per layer: [0.740932285785675, 60.84714126586914, 13.951642990112305, 5.719847202301025]
alpha/beta optimization time: 0.8214638233184814
pruning_in_iteration open status: False
ratio of positive domain = 0 / 256 = 0.0
pruning-in-iteration extra time: 0.00021338462829589844
torch.Size([256, 1])
Time: prepare 0.0060    bound 0.8230    transfer 0.0040    finalize 0.1016    func 0.9346    
Accumulated time: func 261.3868    prepare 3.8058    bound 220.8264    transfer 2.6283    finalize 36.2060    
max lb tensor(-922.) min lb tensor(-1168.)
Number of Verified Splits: 0 of 256
Current worst splitting domains lb-rhs (depth):
-1168.00000 (286), -1168.00000 (257), -1168.00000 (143), -1168.00000 (145), -1168.00000 (88), -1168.00000 (49), -1168.00000 (235), -1168.00000 (128), -1168.00000 (250), -1168.00000 (303), -1168.00000 (270), -1168.00000 (200), -1168.00000 (24), -1168.00000 (338), -1168.00000 (177), -1168.00000 (324), -1168.00000 (60), -1168.00000 (161), -1168.00000 (225), -1168.00000 (177), 
Length of domains: 46888
Current (lb-rhs): -1168.0
93692 domains visited
Time: pickout 0.0707    decision 0.1761    set_bounds 0.0043    solve 0.9351    add 0.0918    
Accumulated time: pickout 18.4064    decision 72.9407    set_bounds 3.3407    solve 261.6047    add 55.1362    
Cumulative time: 412.7638545036316

BaB round 368
batch: 128
splitting decisions: 
split level 0: [/49, 446] [/49, 6307] [/49, 1602] [/49, 8671] [/49, 9416] [/49, 2758] [/49, 2268] [/49, 5153] [/49, 9054] [/49, 2758] 
best_l after optimization: -268410.90625
beta sum per layer: [0.8097047805786133, 61.95771408081055, 14.16461181640625, 5.790280342102051]
alpha/beta optimization time: 0.8187246322631836
pruning_in_iteration open status: False
ratio of positive domain = 0 / 256 = 0.0
pruning-in-iteration extra time: 0.00015497207641601562
torch.Size([256, 1])
Time: prepare 0.0057    bound 0.8202    transfer 0.0037    finalize 0.0902    func 0.9199    
Accumulated time: func 262.3067    prepare 3.8181    bound 221.6466    transfer 2.6320    finalize 36.2962    
max lb tensor(-922.) min lb tensor(-1168.)
Number of Verified Splits: 0 of 256
Current worst splitting domains lb-rhs (depth):
-1168.00000 (176), -1168.00000 (303), -1168.00000 (143), -1168.00000 (128), -1168.00000 (157), -1168.00000 (345), -1168.00000 (36), -1168.00000 (47), -1168.00000 (364), -1168.00000 (89), -1168.00000 (162), -1168.00000 (353), -1168.00000 (254), -1168.00000 (278), -1168.00000 (170), -1168.00000 (268), -1168.00000 (296), -1168.00000 (9), -1168.00000 (185), -1168.00000 (80), 
Length of domains: 47016
Current (lb-rhs): -1168.0
93948 domains visited
Time: pickout 0.0696    decision 0.1601    set_bounds 0.0045    solve 0.9251    add 0.0830    
Accumulated time: pickout 18.4760    decision 73.1009    set_bounds 3.3452    solve 262.5298    add 55.2191    
Cumulative time: 414.0112500190735

BaB round 369
batch: 128
splitting decisions: 
split level 0: [/49, 2463] [/49, 3123] [/49, 745] [/49, 4142] [/55, 186] [/49, 9518] [/49, 7011] [/49, 3618] [/49, 9037] [/49, 3999] 
Early stop at 11th iter due to 10 iterations no improvement!
best_l after optimization: -268430.5
beta sum per layer: [1.7839514017105103, 170.88308715820312, 15.308329582214355, 9.069920539855957]
alpha/beta optimization time: 0.3460221290588379
pruning_in_iteration open status: False
ratio of positive domain = 0 / 256 = 0.0
pruning-in-iteration extra time: 0.002293825149536133
torch.Size([256, 1])
Time: prepare 0.0057    bound 0.3496    transfer 0.0065    finalize 0.1050    func 0.4668    
Accumulated time: func 262.7736    prepare 3.8327    bound 221.9962    transfer 2.6385    finalize 36.4012    
max lb tensor(-922.) min lb tensor(-1168.)
Number of Verified Splits: 0 of 256
Current worst splitting domains lb-rhs (depth):
-1168.00000 (140), -1168.00000 (102), -1168.00000 (359), -1168.00000 (232), -1168.00000 (306), -1168.00000 (102), -1168.00000 (333), -1168.00000 (232), -1168.00000 (180), -1168.00000 (29), -1168.00000 (233), -1168.00000 (289), -1168.00000 (52), -1168.00000 (102), -1168.00000 (333), -1168.00000 (233), -1168.00000 (10), -1168.00000 (180), -1168.00000 (61), -1168.00000 (101), 
Length of domains: 47144
Current (lb-rhs): -1168.0
94204 domains visited
Time: pickout 0.0694    decision 0.3200    set_bounds 0.0043    solve 0.4674    add 0.1013    
Accumulated time: pickout 18.5454    decision 73.4209    set_bounds 3.3494    solve 262.9972    add 55.3204    
Cumulative time: 414.9766101837158

BaB round 370
batch: 128
splitting decisions: 
split level 0: [/55, 55] [/49, 4643] [/49, 3122] [/49, 9492] [/49, 8673] [/49, 1237] [/43, 6670] [/43, 19330] [/43, 28269] [/49, 2138] 
best_l after optimization: -268446.75
beta sum per layer: [0.9442861080169678, 68.40694427490234, 14.011204719543457, 5.558408737182617]
alpha/beta optimization time: 0.8094584941864014
pruning_in_iteration open status: False
ratio of positive domain = 0 / 256 = 0.0
pruning-in-iteration extra time: 0.00014829635620117188
torch.Size([256, 1])
Time: prepare 0.0057    bound 0.8109    transfer 0.0039    finalize 0.0880    func 0.9085    
Accumulated time: func 263.6821    prepare 3.8407    bound 222.8071    transfer 2.6424    finalize 36.4892    
max lb tensor(-922.) min lb tensor(-1168.)
Number of Verified Splits: 0 of 256
Current worst splitting domains lb-rhs (depth):
-1168.00000 (253), -1168.00000 (226), -1168.00000 (233), -1168.00000 (80), -1168.00000 (130), -1168.00000 (279), -1168.00000 (350), -1168.00000 (221), -1168.00000 (166), -1168.00000 (326), -1168.00000 (203), -1168.00000 (301), -1168.00000 (240), -1168.00000 (18), -1168.00000 (210), -1168.00000 (184), -1168.00000 (315), -1168.00000 (342), -1168.00000 (99), -1168.00000 (111), 
Length of domains: 47272
Current (lb-rhs): -1168.0
94460 domains visited
Time: pickout 0.0656    decision 0.2880    set_bounds 0.0042    solve 0.9090    add 0.0865    
Accumulated time: pickout 18.6111    decision 73.7089    set_bounds 3.3537    solve 263.9062    add 55.4069    
Cumulative time: 416.3348400592804

BaB round 371
batch: 128
splitting decisions: 
split level 0: [/49, 3319] [/49, 68] [/49, 3291] [/55, 52] [/49, 5475] [/49, 10391] [/49, 3124] [/49, 7507] [/49, 3618] [/49, 3605] 
Early stop at 11th iter due to 10 iterations no improvement!
best_l after optimization: -268445.3125
beta sum per layer: [2.1649062633514404, 172.0139617919922, 15.718462944030762, 7.9902544021606445]
alpha/beta optimization time: 0.6265585422515869
pruning_in_iteration open status: False
ratio of positive domain = 0 / 256 = 0.0
pruning-in-iteration extra time: 0.00014925003051757812
torch.Size([256, 1])
Time: prepare 0.0059    bound 0.6281    transfer 0.0037    finalize 0.1016    func 0.7393    
Accumulated time: func 264.4214    prepare 3.8481    bound 223.4352    transfer 2.6460    finalize 36.5908    
max lb tensor(-922.) min lb tensor(-1168.)
Number of Verified Splits: 0 of 256
Current worst splitting domains lb-rhs (depth):
-1168.00000 (144), -1168.00000 (87), -1168.00000 (324), -1168.00000 (113), -1168.00000 (256), -1168.00000 (24), -1168.00000 (218), -1168.00000 (176), -1168.00000 (86), -1168.00000 (356), -1168.00000 (255), -1168.00000 (9), -1168.00000 (256), -1168.00000 (37), -1168.00000 (324), -1168.00000 (256), -1168.00000 (86), -1168.00000 (363), -1168.00000 (176), -1168.00000 (192), 
Length of domains: 47400
Current (lb-rhs): -1168.0
94716 domains visited
Time: pickout 0.0683    decision 0.1354    set_bounds 0.0042    solve 0.7398    add 0.0960    
Accumulated time: pickout 18.6794    decision 73.8443    set_bounds 3.3579    solve 264.6460    add 55.5029    
Cumulative time: 417.38167905807495

BaB round 372
batch: 128
splitting decisions: 
split level 0: [/43, 19330] [/49, 3785] [/49, 1965] [/49, 6170] [/49, 3995] [/49, 927] [/43, 6701] [/49, 2788] [/43, 9427] [/49, 8898] 
best_l after optimization: -268457.5
beta sum per layer: [1.196162462234497, 69.07784271240234, 14.574670791625977, 5.681893348693848]
alpha/beta optimization time: 0.9348654747009277
pruning_in_iteration open status: False
ratio of positive domain = 0 / 256 = 0.0
pruning-in-iteration extra time: 4.4345855712890625e-05
torch.Size([256, 1])
Time: prepare 0.0107    bound 0.9362    transfer 0.0049    finalize 0.0950    func 1.0469    
Accumulated time: func 265.4684    prepare 3.8603    bound 224.3714    transfer 2.6510    finalize 36.6858    
max lb tensor(-922.) min lb tensor(-1168.)
Number of Verified Splits: 0 of 256
Current worst splitting domains lb-rhs (depth):
-1168.00000 (143), -1168.00000 (331), -1168.00000 (61), -1168.00000 (229), -1168.00000 (202), -1168.00000 (144), -1168.00000 (271), -1168.00000 (14), -1168.00000 (61), -1168.00000 (331), -1168.00000 (144), -1168.00000 (271), -1168.00000 (61), -1168.00000 (144), -1168.00000 (330), -1168.00000 (202), -1168.00000 (271), -1168.00000 (143), -1168.00000 (62), -1168.00000 (228), 
Length of domains: 47528
Current (lb-rhs): -1168.0
94972 domains visited
Time: pickout 0.0600    decision 0.1342    set_bounds 0.0098    solve 1.0475    add 0.0833    
Accumulated time: pickout 18.7394    decision 73.9786    set_bounds 3.3677    solve 265.6935    add 55.5862    
Cumulative time: 418.7215690612793

BaB round 373
batch: 128
splitting decisions: 
split level 0: [/49, 10079] [/49, 9688] [/49, 1744] [/49, 762] [/49, 7674] [/49, 8855] [/49, 4671] [/49, 5854] [/49, 2264] [/49, 10727] 
best_l after optimization: -268434.03125
beta sum per layer: [1.1041918992996216, 65.08563232421875, 15.09146499633789, 5.665538311004639]
alpha/beta optimization time: 0.5327014923095703
pruning_in_iteration open status: False
ratio of positive domain = 0 / 256 = 0.0
pruning-in-iteration extra time: 0.002370119094848633
torch.Size([256, 1])
Time: prepare 0.0236    bound 0.5365    transfer 0.0062    finalize 0.1041    func 0.6704    
Accumulated time: func 266.1388    prepare 3.8895    bound 224.9079    transfer 2.6572    finalize 36.7899    
max lb tensor(-922.) min lb tensor(-1168.)
Number of Verified Splits: 0 of 256
Current worst splitting domains lb-rhs (depth):
-1168.00000 (105), -1168.00000 (364), -1168.00000 (143), -1168.00000 (288), -1168.00000 (250), -1168.00000 (222), -1168.00000 (28), -1168.00000 (112), -1168.00000 (179), -1168.00000 (338), -1168.00000 (272), -1168.00000 (17), -1168.00000 (311), -1168.00000 (92), -1168.00000 (202), -1168.00000 (127), -1168.00000 (143), -1168.00000 (64), -1168.00000 (288), -1168.00000 (179), 
Length of domains: 47656
Current (lb-rhs): -1168.0
95228 domains visited
Time: pickout 0.0615    decision 0.4142    set_bounds 0.0119    solve 0.6709    add 0.0908    
Accumulated time: pickout 18.8009    decision 74.3928    set_bounds 3.3795    solve 266.3644    add 55.6770    
Cumulative time: 419.9739155769348

BaB round 374
batch: 128
splitting decisions: 
split level 0: [/49, 6179] [/49, 8855] [/49, 1941] [/49, 8055] [/49, 10389] [/49, 9351] [/49, 8690] [/49, 4140] [/49, 6478] [/55, 9] 
best_l after optimization: -268428.6875
beta sum per layer: [1.0023787021636963, 66.23405456542969, 14.908557891845703, 5.605593681335449]
alpha/beta optimization time: 0.8888833522796631
pruning_in_iteration open status: False
ratio of positive domain = 0 / 256 = 0.0
pruning-in-iteration extra time: 7.104873657226562e-05
torch.Size([256, 1])
Time: prepare 0.0237    bound 0.8903    transfer 0.0048    finalize 0.0882    func 1.0071    
Accumulated time: func 267.1459    prepare 3.9149    bound 225.7982    transfer 2.6620    finalize 36.8781    
max lb tensor(-922.) min lb tensor(-1168.)
Number of Verified Splits: 0 of 256
Current worst splitting domains lb-rhs (depth):
-1168.00000 (24), -1168.00000 (25), -1168.00000 (270), -1168.00000 (147), -1168.00000 (270), -1168.00000 (148), -1168.00000 (148), -1168.00000 (25), -1168.00000 (270), -1168.00000 (359), -1168.00000 (148), -1168.00000 (269), -1168.00000 (149), -1168.00000 (149), -1168.00000 (269), -1168.00000 (147), -1168.00000 (149), -1168.00000 (269), -1168.00000 (359), -1168.00000 (150), 
Length of domains: 47784
Current (lb-rhs): -1168.0
95484 domains visited
Time: pickout 0.0593    decision 0.2597    set_bounds 0.0173    solve 1.0077    add 0.0901    
Accumulated time: pickout 18.8602    decision 74.6524    set_bounds 3.3968    solve 267.3721    add 55.7671    
Cumulative time: 421.41256856918335

BaB round 375
batch: 128
splitting decisions: 
split level 0: [/49, 9391] [/49, 9857] [/49, 1770] [/49, 6677] [/49, 9043] [/55, 1186] [/49, 3682] [/49, 7687] [/49, 9208] [/49, 7327] 
best_l after optimization: -268435.3125
beta sum per layer: [1.0843181610107422, 67.0982666015625, 15.182137489318848, 5.5462822914123535]
alpha/beta optimization time: 0.7812588214874268
pruning_in_iteration open status: False
ratio of positive domain = 0 / 256 = 0.0
pruning-in-iteration extra time: 0.00015592575073242188
torch.Size([256, 1])
Time: prepare 0.0060    bound 0.7828    transfer 0.0055    finalize 0.1117    func 0.9060    
Accumulated time: func 268.0520    prepare 3.9366    bound 226.5811    transfer 2.6675    finalize 36.9898    
max lb tensor(-922.) min lb tensor(-1168.)
Number of Verified Splits: 0 of 256
Current worst splitting domains lb-rhs (depth):
-1168.00000 (99), -1168.00000 (346), -1168.00000 (275), -1168.00000 (291), -1168.00000 (262), -1168.00000 (155), -1168.00000 (130), -1168.00000 (105), -1168.00000 (18), -1168.00000 (75), -1168.00000 (303), -1168.00000 (13), -1168.00000 (193), -1168.00000 (230), -1168.00000 (151), -1168.00000 (116), -1168.00000 (122), -1168.00000 (165), -1168.00000 (314), -1168.00000 (64), 
Length of domains: 47912
Current (lb-rhs): -1168.0
95740 domains visited
Time: pickout 0.0819    decision 0.4804    set_bounds 0.0049    solve 0.9065    add 0.0896    
Accumulated time: pickout 18.9421    decision 75.1328    set_bounds 3.4017    solve 268.2786    add 55.8567    
Cumulative time: 422.9785134792328

BaB round 376
batch: 128
splitting decisions: 
split level 0: [/49, 8221] [/49, 9012] [/49, 3968] [/49, 8855] [/49, 6502] [/49, 3265] [/49, 6985] [/49, 4646] [/49, 82] [/49, 3616] 
Early stop at 11th iter due to 10 iterations no improvement!
best_l after optimization: -268452.75
beta sum per layer: [2.5121917724609375, 194.42550659179688, 15.661161422729492, 8.73592472076416]
alpha/beta optimization time: 0.4100003242492676
pruning_in_iteration open status: False
ratio of positive domain = 0 / 256 = 0.0
pruning-in-iteration extra time: 0.00017261505126953125
torch.Size([256, 1])
Time: prepare 0.0058    bound 0.4115    transfer 0.0065    finalize 0.0862    func 0.5101    
Accumulated time: func 268.5620    prepare 3.9538    bound 226.9926    transfer 2.6740    finalize 37.0759    
max lb tensor(-922.) min lb tensor(-1168.)
Number of Verified Splits: 0 of 256
Current worst splitting domains lb-rhs (depth):
-1168.00000 (199), -1168.00000 (162), -1168.00000 (364), -1168.00000 (9), -1168.00000 (322), -1168.00000 (280), -1168.00000 (78), -1168.00000 (136), -1168.00000 (261), -1168.00000 (235), -1168.00000 (136), -1168.00000 (341), -1168.00000 (29), -1168.00000 (315), -1168.00000 (136), -1168.00000 (281), -1168.00000 (89), -1168.00000 (246), -1168.00000 (163), -1168.00000 (235), 
Length of domains: 48040
Current (lb-rhs): -1168.0
95996 domains visited
Time: pickout 0.0706    decision 0.2502    set_bounds 0.0044    solve 0.5106    add 0.0856    
Accumulated time: pickout 19.0128    decision 75.3830    set_bounds 3.4060    solve 268.7892    add 55.9423    
Cumulative time: 423.9041974544525

BaB round 377
batch: 128
splitting decisions: 
split level 0: [/43, 4093] [/49, 1406] [/43, 17468] [/49, 7297] [/49, 1726] [/43, 17409] [/43, 19300] [/43, 28273] [/43, 7601] [/43, 28267] 
best_l after optimization: -268476.84375
beta sum per layer: [1.4429370164871216, 74.53777313232422, 14.814517974853516, 5.743508338928223]
alpha/beta optimization time: 0.8168599605560303
pruning_in_iteration open status: False
ratio of positive domain = 0 / 256 = 0.0
pruning-in-iteration extra time: 0.00015497207641601562
torch.Size([256, 1])
Time: prepare 0.0060    bound 0.8184    transfer 0.0039    finalize 0.1060    func 0.9343    
Accumulated time: func 269.4963    prepare 3.9625    bound 227.8109    transfer 2.6779    finalize 37.1819    
max lb tensor(-922.) min lb tensor(-1168.)
Number of Verified Splits: 0 of 256
Current worst splitting domains lb-rhs (depth):
-1168.00000 (204), -1168.00000 (127), -1168.00000 (206), -1168.00000 (350), -1168.00000 (205), -1168.00000 (127), -1168.00000 (73), -1168.00000 (23), -1168.00000 (280), -1168.00000 (205), -1168.00000 (350), -1168.00000 (128), -1168.00000 (57), -1168.00000 (205), -1168.00000 (302), -1168.00000 (23), -1168.00000 (22), -1168.00000 (350), -1168.00000 (128), -1168.00000 (204), 
Length of domains: 48168
Current (lb-rhs): -1168.0
96252 domains visited
Time: pickout 0.0690    decision 0.2894    set_bounds 0.0087    solve 0.9348    add 0.0934    
Accumulated time: pickout 19.0818    decision 75.6724    set_bounds 3.4147    solve 269.7240    add 56.0358    
Cumulative time: 425.30294609069824

BaB round 378
batch: 128
splitting decisions: 
split level 0: [/49, 9404] [/49, 3110] [/49, 4306] [/49, 3623] [/49, 2108] [/49, 8844] [/49, 914] [/49, 1604] [/49, 7689] [/49, 10025] 
Early stop at 11th iter due to 10 iterations no improvement!
best_l after optimization: -268478.9375
beta sum per layer: [3.0630898475646973, 197.1944580078125, 16.273338317871094, 8.083425521850586]
alpha/beta optimization time: 0.6356494426727295
pruning_in_iteration open status: False
ratio of positive domain = 0 / 256 = 0.0
pruning-in-iteration extra time: 0.00022292137145996094
torch.Size([256, 1])
Time: prepare 0.0060    bound 0.6371    transfer 0.0043    finalize 0.0887    func 0.7362    
Accumulated time: func 270.2325    prepare 3.9698    bound 228.4481    transfer 2.6822    finalize 37.2707    
max lb tensor(-922.) min lb tensor(-1168.)
Number of Verified Splits: 0 of 256
Current worst splitting domains lb-rhs (depth):
-1168.00000 (352), -1168.00000 (207), -1168.00000 (10), -1168.00000 (340), -1168.00000 (18), -1168.00000 (140), -1168.00000 (68), -1168.00000 (310), -1168.00000 (258), -1168.00000 (98), -1168.00000 (294), -1168.00000 (348), -1168.00000 (39), -1168.00000 (368), -1168.00000 (56), -1168.00000 (271), -1168.00000 (192), -1168.00000 (151), -1168.00000 (120), -1168.00000 (207), 
Length of domains: 48296
Current (lb-rhs): -1168.0
96508 domains visited
Time: pickout 0.0619    decision 0.1337    set_bounds 0.0048    solve 0.7367    add 0.0848    
Accumulated time: pickout 19.1437    decision 75.8061    set_bounds 3.4195    solve 270.4607    add 56.1205    
Cumulative time: 426.3289906978607

BaB round 379
batch: 128
splitting decisions: 
split level 0: [/49, 10560] [/49, 10194] [/55, 568] [/49, 3239] [/49, 3633] [/49, 9182] [/49, 5521] [/55, 32] [/49, 4456] [/49, 8003] 
best_l after optimization: -268478.125
beta sum per layer: [1.460357904434204, 75.07331848144531, 15.056929588317871, 5.564852714538574]
alpha/beta optimization time: 0.8168036937713623
pruning_in_iteration open status: False
ratio of positive domain = 0 / 256 = 0.0
pruning-in-iteration extra time: 0.00013494491577148438
torch.Size([256, 1])
Time: prepare 0.0057    bound 0.8183    transfer 0.0039    finalize 0.1021    func 0.9301    
Accumulated time: func 271.1626    prepare 3.9849    bound 229.2664    transfer 2.6861    finalize 37.3728    
max lb tensor(-922.) min lb tensor(-1168.)
Number of Verified Splits: 0 of 256
Current worst splitting domains lb-rhs (depth):
-1168.00000 (371), -1168.00000 (261), -1168.00000 (331), -1168.00000 (363), -1168.00000 (261), -1168.00000 (88), -1168.00000 (196), -1168.00000 (147), -1168.00000 (38), -1168.00000 (223), -1168.00000 (89), -1168.00000 (180), -1168.00000 (261), -1168.00000 (331), -1168.00000 (88), -1168.00000 (262), -1168.00000 (136), -1168.00000 (116), -1168.00000 (350), -1168.00000 (262), 
Length of domains: 48424
Current (lb-rhs): -1168.0
96764 domains visited
Time: pickout 0.0718    decision 0.3199    set_bounds 0.0041    solve 0.9306    add 0.0882    
Accumulated time: pickout 19.2154    decision 76.1260    set_bounds 3.4237    solve 271.3913    add 56.2087    
Cumulative time: 427.7463767528534

BaB round 380
batch: 128
splitting decisions: 
split level 0: [/49, 2643] [/49, 4982] [/49, 8843] [/49, 8874] [/49, 2772] [/49, 4617] [/49, 561] [/49, 6480] [/49, 3969] [/49, 5644] 
Early stop at 11th iter due to 10 iterations no improvement!
best_l after optimization: -268479.5
beta sum per layer: [3.4458956718444824, 203.1626434326172, 16.156612396240234, 8.538599967956543]
alpha/beta optimization time: 0.6247577667236328
pruning_in_iteration open status: False
ratio of positive domain = 0 / 256 = 0.0
pruning-in-iteration extra time: 0.00015020370483398438
torch.Size([256, 1])
Time: prepare 0.0059    bound 0.6262    transfer 0.0039    finalize 0.0832    func 0.7192    
Accumulated time: func 271.8818    prepare 3.9922    bound 229.8926    transfer 2.6900    finalize 37.4560    
max lb tensor(-922.) min lb tensor(-1168.)
Number of Verified Splits: 0 of 256
Current worst splitting domains lb-rhs (depth):
-1168.00000 (374), -1168.00000 (281), -1168.00000 (158), -1168.00000 (99), -1168.00000 (42), -1168.00000 (353), -1168.00000 (190), -1168.00000 (312), -1168.00000 (12), -1168.00000 (245), -1168.00000 (98), -1168.00000 (141), -1168.00000 (190), -1168.00000 (311), -1168.00000 (98), -1168.00000 (312), -1168.00000 (245), -1168.00000 (98), -1168.00000 (191), -1168.00000 (23), 
Length of domains: 48552
Current (lb-rhs): -1168.0
97020 domains visited
Time: pickout 0.0745    decision 0.1348    set_bounds 0.0043    solve 0.7240    add 0.0877    
Accumulated time: pickout 19.2899    decision 76.2608    set_bounds 3.4280    solve 272.1153    add 56.2965    
Cumulative time: 428.7752697467804

BaB round 381
batch: 128
splitting decisions: 
split level 0: [/43, 19452] [/49, 8361] [/43, 17377] [/49, 591] [/49, 9401] [/49, 3237] [/43, 17381] [/55, 161] [/43, 1271] [/49, 10421] 
best_l after optimization: -268487.6875
beta sum per layer: [1.8483924865722656, 76.97738647460938, 15.356380462646484, 5.85128927230835]
alpha/beta optimization time: 0.8566689491271973
pruning_in_iteration open status: False
ratio of positive domain = 0 / 256 = 0.0
pruning-in-iteration extra time: 0.00027942657470703125
torch.Size([256, 1])
Time: prepare 0.0060    bound 0.8583    transfer 0.0042    finalize 0.1023    func 0.9709    
Accumulated time: func 272.8526    prepare 3.9997    bound 230.7509    transfer 2.6942    finalize 37.5583    
max lb tensor(-922.) min lb tensor(-1168.)
Number of Verified Splits: 0 of 256
Current worst splitting domains lb-rhs (depth):
-1168.00000 (260), -1168.00000 (121), -1168.00000 (278), -1168.00000 (48), -1168.00000 (371), -1168.00000 (145), -1168.00000 (325), -1168.00000 (37), -1168.00000 (43), -1168.00000 (219), -1168.00000 (185), -1168.00000 (314), -1168.00000 (354), -1168.00000 (22), -1168.00000 (120), -1168.00000 (219), -1168.00000 (91), -1168.00000 (145), -1168.00000 (184), -1168.00000 (306), 
Length of domains: 48680
Current (lb-rhs): -1168.0
97276 domains visited
Time: pickout 0.0640    decision 0.1345    set_bounds 0.0043    solve 0.9713    add 0.0888    
Accumulated time: pickout 19.3540    decision 76.3953    set_bounds 3.4323    solve 273.0866    add 56.3853    
Cumulative time: 430.04096126556396

BaB round 382
batch: 128
splitting decisions: 
split level 0: [/49, 7546] [/49, 587] [/49, 3448] [/49, 8875] [/49, 55] [/49, 4630] [/49, 4307] [/49, 9741] [/49, 3460] [/49, 8697] 
Early stop at 11th iter due to 10 iterations no improvement!
best_l after optimization: -268488.40625
beta sum per layer: [3.8199782371520996, 209.96051025390625, 16.074909210205078, 9.397209167480469]
alpha/beta optimization time: 0.5089247226715088
pruning_in_iteration open status: False
ratio of positive domain = 0 / 256 = 0.0
pruning-in-iteration extra time: 0.0002887248992919922
torch.Size([256, 1])
Time: prepare 0.0238    bound 0.5106    transfer 0.0040    finalize 0.0870    func 0.6255    
Accumulated time: func 273.4781    prepare 4.0250    bound 231.2615    transfer 2.6981    finalize 37.6453    
max lb tensor(-922.) min lb tensor(-1168.)
Number of Verified Splits: 0 of 256
Current worst splitting domains lb-rhs (depth):
-1168.00000 (277), -1168.00000 (255), -1168.00000 (273), -1168.00000 (211), -1168.00000 (96), -1168.00000 (123), -1168.00000 (107), -1168.00000 (334), -1168.00000 (262), -1168.00000 (283), -1168.00000 (315), -1168.00000 (155), -1168.00000 (170), -1168.00000 (70), -1168.00000 (56), -1168.00000 (301), -1168.00000 (8), -1168.00000 (115), -1168.00000 (296), -1168.00000 (42), 
Length of domains: 48808
Current (lb-rhs): -1168.0
97532 domains visited
Time: pickout 0.0620    decision 0.2571    set_bounds 0.0044    solve 0.6260    add 0.0827    
Accumulated time: pickout 19.4160    decision 76.6524    set_bounds 3.4366    solve 273.7126    add 56.4679    
Cumulative time: 431.07731652259827

BaB round 383
batch: 128
splitting decisions: 
split level 0: [/43, 13992] [/49, 8010] [/43, 28357] [/49, 4278] [/49, 5273] [/55, 237] [/43, 19301] [/55, 1161] [/43, 21069] [/43, 9486] 
best_l after optimization: -268494.5625
beta sum per layer: [2.082033157348633, 78.87946319580078, 15.779476165771484, 5.66864013671875]
alpha/beta optimization time: 0.8266105651855469
pruning_in_iteration open status: False
ratio of positive domain = 0 / 256 = 0.0
pruning-in-iteration extra time: 3.552436828613281e-05
torch.Size([256, 1])
Time: prepare 0.0060    bound 0.8280    transfer 0.0040    finalize 0.1012    func 0.9392    
Accumulated time: func 274.4174    prepare 4.0324    bound 232.0895    transfer 2.7022    finalize 37.7465    
max lb tensor(-922.) min lb tensor(-1168.)
Number of Verified Splits: 0 of 256
Current worst splitting domains lb-rhs (depth):
-1168.00000 (225), -1168.00000 (117), -1168.00000 (264), -1168.00000 (89), -1168.00000 (335), -1168.00000 (182), -1168.00000 (38), -1168.00000 (198), -1168.00000 (24), -1168.00000 (264), -1168.00000 (226), -1168.00000 (89), -1168.00000 (264), -1168.00000 (149), -1168.00000 (354), -1168.00000 (334), -1168.00000 (375), -1168.00000 (182), -1168.00000 (89), -1168.00000 (265), 
Length of domains: 48936
Current (lb-rhs): -1168.0
97788 domains visited
Time: pickout 0.0642    decision 0.1350    set_bounds 0.0042    solve 0.9397    add 0.0864    
Accumulated time: pickout 19.4802    decision 76.7874    set_bounds 3.4409    solve 274.6523    add 56.5543    
Cumulative time: 432.3097348213196

BaB round 384
batch: 128
splitting decisions: 
split level 0: [/49, 7013] [/49, 562] [/49, 5659] [/49, 931] [/49, 2591] [/49, 10729] [/49, 3787] [/49, 4463] [/49, 7713] [/55, 912] 
best_l after optimization: -268456.5625
beta sum per layer: [2.1962485313415527, 70.33329772949219, 15.735946655273438, 5.587474822998047]
alpha/beta optimization time: 0.819659948348999
pruning_in_iteration open status: False
ratio of positive domain = 0 / 256 = 0.0
pruning-in-iteration extra time: 0.00011563301086425781
torch.Size([256, 1])
Time: prepare 0.0057    bound 0.8211    transfer 0.0040    finalize 0.0862    func 0.9170    
Accumulated time: func 275.3344    prepare 4.0466    bound 232.9106    transfer 2.7061    finalize 37.8327    
max lb tensor(-922.) min lb tensor(-1168.)
Number of Verified Splits: 0 of 256
Current worst splitting domains lb-rhs (depth):
-1168.00000 (61), -1168.00000 (201), -1168.00000 (249), -1168.00000 (14), -1168.00000 (133), -1168.00000 (150), -1168.00000 (158), -1168.00000 (115), -1168.00000 (216), -1168.00000 (366), -1168.00000 (291), -1168.00000 (268), -1168.00000 (169), -1168.00000 (190), -1168.00000 (327), -1168.00000 (29), -1168.00000 (75), -1168.00000 (377), -1168.00000 (154), -1168.00000 (123), 
Length of domains: 49064
Current (lb-rhs): -1168.0
98044 domains visited
Time: pickout 0.0685    decision 0.2288    set_bounds 0.0041    solve 0.9175    add 0.0799    
Accumulated time: pickout 19.5487    decision 77.0162    set_bounds 3.4450    solve 275.5698    add 56.6343    
Cumulative time: 433.6129560470581

BaB round 385
batch: 128
splitting decisions: 
split level 0: [/49, 8194] [/49, 419] [/49, 5489] [/49, 3943] [/49, 3629] [/49, 8701] [/55, 237] [/49, 10196] [/49, 756] [/49, 9013] 
best_l after optimization: -268454.1875
beta sum per layer: [1.981373906135559, 73.27902221679688, 15.663042068481445, 5.880681991577148]
alpha/beta optimization time: 0.8566815853118896
pruning_in_iteration open status: False
ratio of positive domain = 0 / 256 = 0.0
pruning-in-iteration extra time: 0.00015091896057128906
torch.Size([256, 1])
Time: prepare 0.0062    bound 0.8582    transfer 0.0038    finalize 0.1008    func 0.9690    
Accumulated time: func 276.3034    prepare 4.0542    bound 233.7688    transfer 2.7099    finalize 37.9336    
max lb tensor(-922.) min lb tensor(-1168.)
Number of Verified Splits: 0 of 256
Current worst splitting domains lb-rhs (depth):
-1168.00000 (150), -1168.00000 (78), -1168.00000 (182), -1168.00000 (56), -1168.00000 (311), -1168.00000 (255), -1168.00000 (209), -1168.00000 (282), -1168.00000 (329), -1168.00000 (130), -1168.00000 (10), -1168.00000 (357), -1168.00000 (210), -1168.00000 (254), -1168.00000 (44), -1168.00000 (375), -1168.00000 (77), -1168.00000 (181), -1168.00000 (98), -1168.00000 (357), 
Length of domains: 49192
Current (lb-rhs): -1168.0
98300 domains visited
Time: pickout 0.0596    decision 0.1344    set_bounds 0.0045    solve 0.9695    add 0.0891    
Accumulated time: pickout 19.6083    decision 77.1506    set_bounds 3.4494    solve 276.5393    add 56.7234    
Cumulative time: 434.87244272232056

BaB round 386
batch: 128
splitting decisions: 
split level 0: [/49, 433] [/49, 3292] [/49, 7505] [/49, 8053] [/49, 8857] [/49, 8688] [/49, 9522] [/49, 7193] [/49, 8367] [/49, 4645] 
Early stop at 11th iter due to 10 iterations no improvement!
best_l after optimization: -268477.1875
beta sum per layer: [4.922124862670898, 227.8949432373047, 16.90433120727539, 8.791322708129883]
alpha/beta optimization time: 0.6285021305084229
pruning_in_iteration open status: False
ratio of positive domain = 0 / 256 = 0.0
pruning-in-iteration extra time: 0.00014734268188476562
torch.Size([256, 1])
Time: prepare 0.0086    bound 0.6300    transfer 0.0042    finalize 0.0969    func 0.7398    
Accumulated time: func 277.0432    prepare 4.0645    bound 234.3988    transfer 2.7141    finalize 38.0304    
max lb tensor(-922.) min lb tensor(-1168.)
Number of Verified Splits: 0 of 256
Current worst splitting domains lb-rhs (depth):
-1168.00000 (183), -1168.00000 (303), -1168.00000 (274), -1168.00000 (20), -1168.00000 (119), -1168.00000 (216), -1168.00000 (340), -1168.00000 (48), -1168.00000 (67), -1168.00000 (119), -1168.00000 (303), -1168.00000 (265), -1168.00000 (201), -1168.00000 (20), -1168.00000 (159), -1168.00000 (374), -1168.00000 (375), -1168.00000 (119), -1168.00000 (302), -1168.00000 (67), 
Length of domains: 49320
Current (lb-rhs): -1168.0
98556 domains visited
Time: pickout 0.0582    decision 0.1402    set_bounds 0.0093    solve 0.7403    add 0.0852    
Accumulated time: pickout 19.6665    decision 77.2909    set_bounds 3.4587    solve 277.2796    add 56.8086    
Cumulative time: 435.9104084968567

BaB round 387
batch: 128
splitting decisions: 
split level 0: [/49, 4112] [/49, 6841] [/43, 17467] [/55, 1180] [/43, 5771] [/43, 9369] [/43, 21071] [/49, 8194] [/43, 9459] [/49, 5685] 
best_l after optimization: -268506.25
beta sum per layer: [2.20208740234375, 82.17778015136719, 15.96115493774414, 5.7652974128723145]
alpha/beta optimization time: 0.8712265491485596
pruning_in_iteration open status: False
ratio of positive domain = 0 / 256 = 0.0
pruning-in-iteration extra time: 0.0022885799407958984
torch.Size([256, 1])
Time: prepare 0.0061    bound 0.8749    transfer 0.0045    finalize 0.1039    func 0.9894    
Accumulated time: func 278.0326    prepare 4.0720    bound 235.2737    transfer 2.7187    finalize 38.1343    
max lb tensor(-922.) min lb tensor(-1168.)
Number of Verified Splits: 0 of 256
Current worst splitting domains lb-rhs (depth):
-1168.00000 (212), -1168.00000 (212), -1168.00000 (377), -1168.00000 (187), -1168.00000 (148), -1168.00000 (10), -1168.00000 (100), -1168.00000 (33), -1168.00000 (286), -1168.00000 (76), -1168.00000 (252), -1168.00000 (285), -1168.00000 (101), -1168.00000 (286), -1168.00000 (186), -1168.00000 (329), -1168.00000 (345), -1168.00000 (252), -1168.00000 (148), -1168.00000 (129), 
Length of domains: 49448
Current (lb-rhs): -1168.0
98812 domains visited
Time: pickout 0.0734    decision 0.1357    set_bounds 0.0044    solve 0.9899    add 0.0930    
Accumulated time: pickout 19.7399    decision 77.4266    set_bounds 3.4631    solve 278.2695    add 56.9016    
Cumulative time: 437.2101981639862

BaB round 388
batch: 128
splitting decisions: 
split level 0: [/49, 7364] [/49, 418] [/49, 3646] [/49, 5461] [/49, 7998] [/49, 3618] [/49, 7337] [/49, 8857] [/49, 2123] [/49, 417] 
Early stop at 11th iter due to 10 iterations no improvement!
best_l after optimization: -268506.09375
beta sum per layer: [5.886369705200195, 229.33798217773438, 16.348068237304688, 8.082962036132812]
alpha/beta optimization time: 0.4438929557800293
pruning_in_iteration open status: False
ratio of positive domain = 0 / 256 = 0.0
pruning-in-iteration extra time: 9.751319885253906e-05
torch.Size([256, 1])
Time: prepare 0.0236    bound 0.4454    transfer 0.0039    finalize 0.1013    func 0.5742    
Accumulated time: func 278.6068    prepare 4.1041    bound 235.7190    transfer 2.7226    finalize 38.2356    
max lb tensor(-922.) min lb tensor(-1168.)
Number of Verified Splits: 0 of 256
Current worst splitting domains lb-rhs (depth):
-1168.00000 (247), -1168.00000 (298), -1168.00000 (25), -1168.00000 (129), -1168.00000 (373), -1168.00000 (81), -1168.00000 (199), -1168.00000 (247), -1168.00000 (128), -1168.00000 (298), -1168.00000 (24), -1168.00000 (332), -1168.00000 (199), -1168.00000 (373), -1168.00000 (81), -1168.00000 (128), -1168.00000 (198), -1168.00000 (24), -1168.00000 (298), -1168.00000 (199), 
Length of domains: 49576
Current (lb-rhs): -1168.0
99068 domains visited
Time: pickout 0.0593    decision 0.3084    set_bounds 0.0212    solve 0.5747    add 0.0928    
Accumulated time: pickout 19.7993    decision 77.7350    set_bounds 3.4843    solve 278.8442    add 56.9944    
Cumulative time: 438.26979064941406

BaB round 389
batch: 128
splitting decisions: 
split level 0: [/43, 4094] [/43, 9306] [/43, 12969] [/49, 7973] [/49, 5518] [/43, 17379] [/43, 1271] [/49, 5492] [/43, 20169] [/49, 8534] 
best_l after optimization: -268511.15625
beta sum per layer: [2.257864475250244, 83.50138854980469, 15.796613693237305, 5.690641403198242]
alpha/beta optimization time: 0.8171730041503906
pruning_in_iteration open status: False
ratio of positive domain = 0 / 256 = 0.0
pruning-in-iteration extra time: 0.00016021728515625
torch.Size([256, 1])
Time: prepare 0.0069    bound 0.8187    transfer 0.0039    finalize 0.1038    func 0.9334    
Accumulated time: func 279.5402    prepare 4.1125    bound 236.5377    transfer 2.7265    finalize 38.3395    
max lb tensor(-922.) min lb tensor(-1168.)
Number of Verified Splits: 0 of 256
Current worst splitting domains lb-rhs (depth):
-1168.00000 (250), -1168.00000 (117), -1168.00000 (144), -1168.00000 (294), -1168.00000 (32), -1168.00000 (194), -1168.00000 (348), -1168.00000 (90), -1168.00000 (11), -1168.00000 (378), -1168.00000 (268), -1168.00000 (71), -1168.00000 (104), -1168.00000 (295), -1168.00000 (33), -1168.00000 (174), -1168.00000 (348), -1168.00000 (232), -1168.00000 (144), -1168.00000 (195), 
Length of domains: 49704
Current (lb-rhs): -1168.0
99324 domains visited
Time: pickout 0.0633    decision 0.1403    set_bounds 0.0044    solve 0.9339    add 0.0869    
Accumulated time: pickout 19.8626    decision 77.8753    set_bounds 3.4887    solve 279.7781    add 57.0813    
Cumulative time: 439.5013978481293

BaB round 390
batch: 128
splitting decisions: 
split level 0: [/49, 6687] [/49, 5982] [/49, 8705] [/49, 6306] [/49, 10364] [/49, 9208] [/49, 5802] [/49, 420] [/49, 7323] [/49, 5802] 
best_l after optimization: -268473.3125
beta sum per layer: [2.378591775894165, 74.05047607421875, 16.088171005249023, 5.520355701446533]
alpha/beta optimization time: 0.895606517791748
pruning_in_iteration open status: False
ratio of positive domain = 0 / 256 = 0.0
pruning-in-iteration extra time: 4.458427429199219e-05
torch.Size([256, 1])
Time: prepare 0.0062    bound 0.8970    transfer 0.0039    finalize 0.0932    func 1.0003    
Accumulated time: func 280.5405    prepare 4.1201    bound 237.4348    transfer 2.7303    finalize 38.4327    
max lb tensor(-922.) min lb tensor(-1168.)
Number of Verified Splits: 0 of 256
Current worst splitting domains lb-rhs (depth):
-1168.00000 (188), -1168.00000 (233), -1168.00000 (361), -1168.00000 (155), -1168.00000 (168), -1168.00000 (212), -1168.00000 (67), -1168.00000 (10), -1168.00000 (345), -1168.00000 (81), -1168.00000 (139), -1168.00000 (322), -1168.00000 (128), -1168.00000 (199), -1168.00000 (386), -1168.00000 (33), -1168.00000 (281), -1168.00000 (334), -1168.00000 (369), -1168.00000 (109), 
Length of domains: 49832
Current (lb-rhs): -1168.0
99580 domains visited
Time: pickout 0.0599    decision 0.1362    set_bounds 0.0095    solve 1.0008    add 0.0880    
Accumulated time: pickout 19.9224    decision 78.0115    set_bounds 3.4981    solve 280.7789    add 57.1693    
Cumulative time: 440.7999565601349

BaB round 391
batch: 128
splitting decisions: 
split level 0: [/49, 9208] [/49, 6828] [/49, 3604] [/49, 3434] [/49, 4814] [/49, 2253] [/49, 1085] [/49, 4474] [/49, 1772] [/49, 8675] 
Early stop at 11th iter due to 10 iterations no improvement!
best_l after optimization: -268484.03125
beta sum per layer: [6.159611701965332, 247.5984649658203, 17.04754638671875, 7.8945746421813965]
alpha/beta optimization time: 0.39817142486572266
pruning_in_iteration open status: False
ratio of positive domain = 0 / 256 = 0.0
pruning-in-iteration extra time: 9.942054748535156e-05
torch.Size([256, 1])
Time: prepare 0.0234    bound 0.3996    transfer 0.0124    finalize 0.0927    func 0.5282    
Accumulated time: func 281.0687    prepare 4.1589    bound 237.8344    transfer 2.7427    finalize 38.5254    
max lb tensor(-922.) min lb tensor(-1168.)
Number of Verified Splits: 0 of 256
Current worst splitting domains lb-rhs (depth):
-1168.00000 (247), -1168.00000 (107), -1168.00000 (23), -1168.00000 (92), -1168.00000 (381), -1168.00000 (49), -1168.00000 (72), -1168.00000 (268), -1168.00000 (363), -1168.00000 (310), -1168.00000 (296), -1168.00000 (146), -1168.00000 (188), -1168.00000 (61), -1168.00000 (150), -1168.00000 (40), -1168.00000 (268), -1168.00000 (227), -1168.00000 (10), -1168.00000 (137), 
Length of domains: 49960
Current (lb-rhs): -1168.0
99836 domains visited
Time: pickout 0.0617    decision 0.3611    set_bounds 0.0174    solve 0.5286    add 0.0890    
Accumulated time: pickout 19.9841    decision 78.3726    set_bounds 3.5155    solve 281.3075    add 57.2583    
Cumulative time: 441.8622543811798

BaB round 392
batch: 128
splitting decisions: 
split level 0: [/43, 10450] [/49, 7843] [/43, 5739] [/49, 5494] [/49, 7377] [/43, 17378] [/43, 24763] [/49, 8690] [/43, 7568] [/55, 437] 
best_l after optimization: -268520.125
beta sum per layer: [2.4788925647735596, 85.43480682373047, 16.163311004638672, 5.692257881164551]
alpha/beta optimization time: 1.010038137435913
pruning_in_iteration open status: False
ratio of positive domain = 0 / 256 = 0.0
pruning-in-iteration extra time: 3.62396240234375e-05
torch.Size([256, 1])
Time: prepare 0.0230    bound 1.0115    transfer 0.0131    finalize 0.0984    func 1.1460    
Accumulated time: func 282.2147    prepare 4.1833    bound 238.8459    transfer 2.7558    finalize 38.6238    
max lb tensor(-922.) min lb tensor(-1168.)
Number of Verified Splits: 0 of 256
Current worst splitting domains lb-rhs (depth):
-1168.00000 (209), -1168.00000 (9), -1168.00000 (244), -1168.00000 (48), -1168.00000 (254), -1168.00000 (85), -1168.00000 (183), -1168.00000 (172), -1168.00000 (334), -1168.00000 (271), -1168.00000 (298), -1168.00000 (134), -1168.00000 (380), -1168.00000 (320), -1168.00000 (84), -1168.00000 (371), -1168.00000 (298), -1168.00000 (104), -1168.00000 (134), -1168.00000 (364), 
Length of domains: 50088
Current (lb-rhs): -1168.0
100092 domains visited
Time: pickout 0.0639    decision 0.1501    set_bounds 0.0043    solve 1.1466    add 0.0960    
Accumulated time: pickout 20.0480    decision 78.5226    set_bounds 3.5198    solve 282.4541    add 57.3543    
Cumulative time: 443.32768034935

BaB round 393
batch: 128
splitting decisions: 
split level 0: [/49, 6361] [/49, 5971] [/49, 4125] [/49, 4144] [/49, 4801] [/49, 6335] [/49, 9028] [/49, 9013] [/49, 4982] [/49, 2099] 
Early stop at 11th iter due to 10 iterations no improvement!
best_l after optimization: -268521.0625
beta sum per layer: [6.093670845031738, 248.05499267578125, 17.476459503173828, 8.137033462524414]
alpha/beta optimization time: 0.4493131637573242
pruning_in_iteration open status: False
ratio of positive domain = 0 / 256 = 0.0
pruning-in-iteration extra time: 4.172325134277344e-05
torch.Size([256, 1])
Time: prepare 0.0059    bound 0.4507    transfer 0.0128    finalize 0.0981    func 0.5675    
Accumulated time: func 282.7822    prepare 4.2112    bound 239.2966    transfer 2.7686    finalize 38.7218    
max lb tensor(-922.) min lb tensor(-1168.)
Number of Verified Splits: 0 of 256
Current worst splitting domains lb-rhs (depth):
-1168.00000 (190), -1168.00000 (230), -1168.00000 (178), -1168.00000 (114), -1168.00000 (50), -1168.00000 (268), -1168.00000 (78), -1168.00000 (304), -1168.00000 (57), -1168.00000 (289), -1168.00000 (275), -1168.00000 (155), -1168.00000 (367), -1168.00000 (240), -1168.00000 (318), -1168.00000 (255), -1168.00000 (142), -1168.00000 (61), -1168.00000 (82), -1168.00000 (220), 
Length of domains: 50216
Current (lb-rhs): -1168.0
100348 domains visited
Time: pickout 0.0841    decision 0.4857    set_bounds 0.0052    solve 0.5680    add 0.0945    
Accumulated time: pickout 20.1321    decision 79.0083    set_bounds 3.5250    solve 283.0221    add 57.4488    
Cumulative time: 444.5695445537567

BaB round 394
batch: 128
splitting decisions: 
split level 0: [/55, 1087] [/49, 1070] [/43, 5738] [/49, 6450] [/49, 4428] [/49, 9520] [/43, 3073] [/49, 1917] [/43, 26467] [/49, 251] 
best_l after optimization: -268526.5625
beta sum per layer: [2.8581326007843018, 86.16514587402344, 16.807823181152344, 5.902283668518066]
alpha/beta optimization time: 0.5855231285095215
pruning_in_iteration open status: False
ratio of positive domain = 0 / 256 = 0.0
pruning-in-iteration extra time: 4.696846008300781e-05
torch.Size([256, 1])
Time: prepare 0.0060    bound 0.5869    transfer 0.0140    finalize 0.0969    func 0.7038    
Accumulated time: func 283.4860    prepare 4.2336    bound 239.8836    transfer 2.7826    finalize 38.8187    
max lb tensor(-922.) min lb tensor(-1168.)
Number of Verified Splits: 0 of 256
Current worst splitting domains lb-rhs (depth):
-1168.00000 (192), -1168.00000 (191), -1168.00000 (367), -1168.00000 (386), -1168.00000 (258), -1168.00000 (318), -1168.00000 (109), -1168.00000 (192), -1168.00000 (109), -1168.00000 (318), -1168.00000 (41), -1168.00000 (258), -1168.00000 (14), -1168.00000 (109), -1168.00000 (110), -1168.00000 (318), -1168.00000 (108), -1168.00000 (258), -1168.00000 (192), -1168.00000 (319), 
Length of domains: 50344
Current (lb-rhs): -1168.0
100604 domains visited
Time: pickout 0.0770    decision 0.3577    set_bounds 0.0084    solve 0.7043    add 0.0935    
Accumulated time: pickout 20.2091    decision 79.3661    set_bounds 3.5333    solve 283.7264    add 57.5423    
Cumulative time: 445.81470131874084

BaB round 395
batch: 128
splitting decisions: 
split level 0: [/49, 251] [/49, 9377] [/49, 4450] [/49, 9349] [/49, 9362] [/49, 3124] [/49, 9027] [/49, 4801] [/49, 1433] [/49, 3618] 
Early stop at 11th iter due to 10 iterations no improvement!
best_l after optimization: -268526.6875
beta sum per layer: [6.403985023498535, 255.3509063720703, 17.324689865112305, 7.953606128692627]
alpha/beta optimization time: 0.4091930389404297
pruning_in_iteration open status: False
ratio of positive domain = 0 / 256 = 0.0
pruning-in-iteration extra time: 0.00010132789611816406
torch.Size([256, 1])
Time: prepare 0.0058    bound 0.4106    transfer 0.0133    finalize 0.0974    func 0.5272    
Accumulated time: func 284.0132    prepare 4.2488    bound 240.2942    transfer 2.7958    finalize 38.9162    
max lb tensor(-922.) min lb tensor(-1168.)
Number of Verified Splits: 0 of 256
Current worst splitting domains lb-rhs (depth):
-1168.00000 (257), -1168.00000 (34), -1168.00000 (151), -1168.00000 (291), -1168.00000 (336), -1168.00000 (46), -1168.00000 (78), -1168.00000 (190), -1168.00000 (292), -1168.00000 (372), -1168.00000 (352), -1168.00000 (258), -1168.00000 (103), -1168.00000 (217), -1168.00000 (151), -1168.00000 (385), -1168.00000 (78), -1168.00000 (10), -1168.00000 (292), -1168.00000 (190), 
Length of domains: 50472
Current (lb-rhs): -1168.0
100860 domains visited
Time: pickout 0.0775    decision 0.3477    set_bounds 0.0042    solve 0.5277    add 0.0946    
Accumulated time: pickout 20.2866    decision 79.7138    set_bounds 3.5375    solve 284.2541    add 57.6369    
Cumulative time: 446.8703942298889

BaB round 396
batch: 128
splitting decisions: 
split level 0: [/43, 7661] [/43, 9341] [/43, 9401] [/43, 2105] [/49, 4424] [/43, 9341] [/43, 3972] [/49, 6311] [/43, 19327] [/49, 3635] 
best_l after optimization: -268532.1875
beta sum per layer: [3.043466567993164, 88.71519470214844, 16.7409725189209, 5.799905300140381]
alpha/beta optimization time: 0.790433406829834
pruning_in_iteration open status: False
ratio of positive domain = 0 / 256 = 0.0
pruning-in-iteration extra time: 0.0023581981658935547
torch.Size([256, 1])
Time: prepare 0.0061    bound 0.7941    transfer 0.0146    finalize 0.0933    func 0.9082    
Accumulated time: func 284.9214    prepare 4.2778    bound 241.0883    transfer 2.8105    finalize 39.0095    
max lb tensor(-922.) min lb tensor(-1168.)
Number of Verified Splits: 0 of 256
Current worst splitting domains lb-rhs (depth):
-1168.00000 (141), -1168.00000 (142), -1168.00000 (203), -1168.00000 (296), -1168.00000 (141), -1168.00000 (297), -1168.00000 (31), -1168.00000 (141), -1168.00000 (203), -1168.00000 (376), -1168.00000 (252), -1168.00000 (297), -1168.00000 (252), -1168.00000 (11), -1168.00000 (73), -1168.00000 (346), -1168.00000 (140), -1168.00000 (204), -1168.00000 (297), -1168.00000 (354), 
Length of domains: 50600
Current (lb-rhs): -1168.0
101116 domains visited
Time: pickout 0.0780    decision 0.3198    set_bounds 0.0086    solve 0.9087    add 0.0889    
Accumulated time: pickout 20.3646    decision 80.0335    set_bounds 3.5461    solve 285.1628    add 57.7258    
Cumulative time: 448.27837920188904

BaB round 397
batch: 128
splitting decisions: 
split level 0: [/49, 5516] [/49, 3124] [/49, 6984] [/49, 4615] [/49, 1746] [/49, 9364] [/49, 8182] [/49, 4788] [/49, 1265] [/49, 10365] 
Early stop at 11th iter due to 10 iterations no improvement!
best_l after optimization: -268532.8125
beta sum per layer: [7.124626159667969, 261.09857177734375, 16.95085906982422, 8.466922760009766]
alpha/beta optimization time: 0.5219531059265137
pruning_in_iteration open status: False
ratio of positive domain = 0 / 256 = 0.0
pruning-in-iteration extra time: 3.2901763916015625e-05
torch.Size([256, 1])
Time: prepare 0.0061    bound 0.5233    transfer 0.0129    finalize 0.0947    func 0.6370    
Accumulated time: func 285.5584    prepare 4.2924    bound 241.6116    transfer 2.8233    finalize 39.1041    
max lb tensor(-922.) min lb tensor(-1168.)
Number of Verified Splits: 0 of 256
Current worst splitting domains lb-rhs (depth):
-1168.00000 (229), -1168.00000 (125), -1168.00000 (11), -1168.00000 (88), -1168.00000 (193), -1168.00000 (331), -1168.00000 (229), -1168.00000 (151), -1168.00000 (41), -1168.00000 (279), -1168.00000 (125), -1168.00000 (305), -1168.00000 (344), -1168.00000 (369), -1168.00000 (69), -1168.00000 (51), -1168.00000 (192), -1168.00000 (387), -1168.00000 (151), -1168.00000 (229), 
Length of domains: 50728
Current (lb-rhs): -1168.0
101372 domains visited
Time: pickout 0.0730    decision 0.2236    set_bounds 0.0045    solve 0.6375    add 0.0937    
Accumulated time: pickout 20.4376    decision 80.2571    set_bounds 3.5507    solve 285.8003    add 57.8195    
Cumulative time: 449.31556248664856

BaB round 398
batch: 128
splitting decisions: 
split level 0: [/43, 26591] [/43, 12939] [/43, 2169] [/43, 25595] [/43, 9401] [/49, 6309] [/43, 24672] [/55, 1534] [/43, 3071] [/49, 1750] 
best_l after optimization: -268541.75
beta sum per layer: [3.292426586151123, 90.40072631835938, 17.097536087036133, 5.8233184814453125]
alpha/beta optimization time: 0.8219623565673828
pruning_in_iteration open status: False
ratio of positive domain = 0 / 256 = 0.0
pruning-in-iteration extra time: 0.00014781951904296875
torch.Size([256, 1])
Time: prepare 0.0064    bound 0.8234    transfer 0.0131    finalize 0.0988    func 0.9419    
Accumulated time: func 286.5003    prepare 4.3012    bound 242.4351    transfer 2.8364    finalize 39.2029    
max lb tensor(-922.) min lb tensor(-1168.)
Number of Verified Splits: 0 of 256
Current worst splitting domains lb-rhs (depth):
-1168.00000 (85), -1168.00000 (235), -1168.00000 (339), -1168.00000 (199), -1168.00000 (281), -1168.00000 (390), -1168.00000 (39), -1168.00000 (311), -1168.00000 (289), -1168.00000 (383), -1168.00000 (230), -1168.00000 (85), -1168.00000 (190), -1168.00000 (15), -1168.00000 (304), -1168.00000 (108), -1168.00000 (179), -1168.00000 (340), -1168.00000 (39), -1168.00000 (323), 
Length of domains: 50856
Current (lb-rhs): -1168.0
101628 domains visited
Time: pickout 0.0748    decision 0.2055    set_bounds 0.0093    solve 0.9424    add 0.0954    
Accumulated time: pickout 20.5124    decision 80.4627    set_bounds 3.5600    solve 286.7427    add 57.9149    
Cumulative time: 450.6476743221283

BaB round 399
batch: 128
splitting decisions: 
split level 0: [/49, 760] [/49, 4461] [/49, 8532] [/49, 1744] [/49, 2927] [/49, 8168] [/49, 3462] [/49, 2099] [/49, 4491] [/49, 6673] 
Early stop at 11th iter due to 10 iterations no improvement!
best_l after optimization: -268542.4375
beta sum per layer: [8.261540412902832, 263.95928955078125, 17.335023880004883, 8.248217582702637]
alpha/beta optimization time: 0.410991907119751
pruning_in_iteration open status: False
ratio of positive domain = 0 / 256 = 0.0
pruning-in-iteration extra time: 3.528594970703125e-05
torch.Size([256, 1])
Time: prepare 0.0059    bound 0.4123    transfer 0.0133    finalize 0.0972    func 0.5287    
Accumulated time: func 287.0290    prepare 4.3151    bound 242.8474    transfer 2.8498    finalize 39.3001    
max lb tensor(-922.) min lb tensor(-1168.)
Number of Verified Splits: 0 of 256
Current worst splitting domains lb-rhs (depth):
-1168.00000 (10), -1168.00000 (269), -1168.00000 (95), -1168.00000 (142), -1168.00000 (285), -1168.00000 (117), -1168.00000 (337), -1168.00000 (298), -1168.00000 (213), -1168.00000 (389), -1168.00000 (350), -1168.00000 (97), -1168.00000 (151), -1168.00000 (222), -1168.00000 (278), -1168.00000 (242), -1168.00000 (182), -1168.00000 (354), -1168.00000 (195), -1168.00000 (56), 
Length of domains: 50984
Current (lb-rhs): -1168.0
101884 domains visited
Time: pickout 0.0749    decision 0.2659    set_bounds 0.0044    solve 0.5292    add 0.0938    
Accumulated time: pickout 20.5872    decision 80.7285    set_bounds 3.5644    solve 287.2719    add 58.0086    
Cumulative time: 451.620388507843

BaB round 400
batch: 128
splitting decisions: 
split level 0: [/43, 27491] [/43, 19239] [/43, 12937] [/43, 28266] [/43, 28299] [/43, 23709] [/43, 5681] [/49, 7520] [/43, 5801] [/49, 5347] 
best_l after optimization: -268548.78125
beta sum per layer: [3.6576943397521973, 92.1679916381836, 17.187053680419922, 6.046245098114014]
alpha/beta optimization time: 0.8095352649688721
pruning_in_iteration open status: False
ratio of positive domain = 0 / 256 = 0.0
pruning-in-iteration extra time: 0.00015807151794433594
torch.Size([256, 1])
Time: prepare 0.0060    bound 0.8110    transfer 0.0129    finalize 0.0961    func 0.9261    
Accumulated time: func 287.9550    prepare 4.3305    bound 243.6584    transfer 2.8627    finalize 39.3962    
max lb tensor(-922.) min lb tensor(-1168.)
Number of Verified Splits: 0 of 256
Current worst splitting domains lb-rhs (depth):
-1168.00000 (72), -1168.00000 (127), -1168.00000 (242), -1168.00000 (255), -1168.00000 (288), -1168.00000 (389), -1168.00000 (113), -1168.00000 (311), -1168.00000 (46), -1168.00000 (268), -1168.00000 (158), -1168.00000 (277), -1168.00000 (91), -1168.00000 (34), -1168.00000 (186), -1168.00000 (20), -1168.00000 (212), -1168.00000 (222), -1168.00000 (173), -1168.00000 (351), 
Length of domains: 51112
Current (lb-rhs): -1168.0
102140 domains visited
Time: pickout 0.0751    decision 0.3164    set_bounds 0.0087    solve 0.9266    add 0.0969    
Accumulated time: pickout 20.6624    decision 81.0450    set_bounds 3.5731    solve 288.1985    add 58.1055    
Cumulative time: 453.0485637187958

BaB round 401
batch: 128
splitting decisions: 
split level 0: [/49, 6337] [/49, 6478] [/49, 1603] [/49, 2790] [/49, 8167] [/49, 5308] [/49, 7830] [/49, 5826] [/49, 9545] [/49, 7518] 
Early stop at 11th iter due to 10 iterations no improvement!
best_l after optimization: -268548.875
beta sum per layer: [8.826313018798828, 272.984375, 17.134462356567383, 8.659415245056152]
alpha/beta optimization time: 0.634291410446167
pruning_in_iteration open status: False
ratio of positive domain = 0 / 256 = 0.0
pruning-in-iteration extra time: 0.00015425682067871094
torch.Size([256, 1])
Time: prepare 0.0064    bound 0.6359    transfer 0.0132    finalize 0.0987    func 0.7542    
Accumulated time: func 288.7093    prepare 4.3383    bound 244.2943    transfer 2.8759    finalize 39.4949    
max lb tensor(-922.) min lb tensor(-1168.)
Number of Verified Splits: 0 of 256
Current worst splitting domains lb-rhs (depth):
-1168.00000 (102), -1168.00000 (312), -1168.00000 (24), -1168.00000 (102), -1168.00000 (385), -1168.00000 (35), -1168.00000 (190), -1168.00000 (356), -1168.00000 (231), -1168.00000 (264), -1168.00000 (68), -1168.00000 (264), -1168.00000 (156), -1168.00000 (206), -1168.00000 (264), -1168.00000 (190), -1168.00000 (333), -1168.00000 (265), -1168.00000 (356), -1168.00000 (102), 
Length of domains: 51240
Current (lb-rhs): -1168.0
102396 domains visited
Time: pickout 0.0614    decision 0.1349    set_bounds 0.0044    solve 0.7547    add 0.0926    
Accumulated time: pickout 20.7237    decision 81.1799    set_bounds 3.5775    solve 288.9532    add 58.1981    
Cumulative time: 454.10060930252075

BaB round 402
batch: 128
splitting decisions: 
split level 0: [/43, 7691] [/49, 5319] [/43, 19296] [/43, 5796] [/49, 7379] [/43, 28269] [/43, 5680] [/55, 745] [/43, 2199] [/55, 64] 
best_l after optimization: -268547.5
beta sum per layer: [3.765486001968384, 91.36933898925781, 17.185068130493164, 5.877468109130859]
alpha/beta optimization time: 0.8962631225585938
pruning_in_iteration open status: False
ratio of positive domain = 0 / 256 = 0.0
pruning-in-iteration extra time: 0.0001766681671142578
torch.Size([256, 1])
Time: prepare 0.0061    bound 0.8978    transfer 0.0132    finalize 0.1014    func 1.0186    
Accumulated time: func 289.7279    prepare 4.3458    bound 245.1921    transfer 2.8891    finalize 39.5963    
max lb tensor(-922.) min lb tensor(-1168.)
Number of Verified Splits: 0 of 256
Current worst splitting domains lb-rhs (depth):
-1168.00000 (195), -1168.00000 (196), -1168.00000 (263), -1168.00000 (243), -1168.00000 (97), -1168.00000 (350), -1168.00000 (76), -1168.00000 (11), -1168.00000 (143), -1168.00000 (34), -1168.00000 (223), -1168.00000 (397), -1168.00000 (381), -1168.00000 (301), -1168.00000 (380), -1168.00000 (116), -1168.00000 (264), -1168.00000 (321), -1168.00000 (75), -1168.00000 (350), 
Length of domains: 51368
Current (lb-rhs): -1168.0
102652 domains visited
Time: pickout 0.0604    decision 0.1346    set_bounds 0.0044    solve 1.0191    add 0.0952    
Accumulated time: pickout 20.7842    decision 81.3145    set_bounds 3.5820    solve 289.9723    add 58.2933    
Cumulative time: 455.4188804626465

BaB round 403
batch: 128
splitting decisions: 
split level 0: [/49, 3970] [/49, 3616] [/49, 8336] [/49, 1609] [/49, 8856] [/49, 9195] [/49, 901] [/49, 9522] [/49, 6168] [/49, 4620] 
Early stop at 11th iter due to 10 iterations no improvement!
best_l after optimization: -268549.59375
beta sum per layer: [9.400749206542969, 282.04571533203125, 17.424728393554688, 7.936032295227051]
alpha/beta optimization time: 0.397411584854126
pruning_in_iteration open status: False
ratio of positive domain = 0 / 256 = 0.0
pruning-in-iteration extra time: 3.6716461181640625e-05
torch.Size([256, 1])
Time: prepare 0.0237    bound 0.3988    transfer 0.0129    finalize 0.0955    func 0.5310    
Accumulated time: func 290.2589    prepare 4.3713    bound 245.5909    transfer 2.9020    finalize 39.6918    
max lb tensor(-922.) min lb tensor(-1168.)
Number of Verified Splits: 0 of 256
Current worst splitting domains lb-rhs (depth):
-1168.00000 (361), -1168.00000 (10), -1168.00000 (220), -1168.00000 (308), -1168.00000 (151), -1168.00000 (346), -1168.00000 (123), -1168.00000 (393), -1168.00000 (59), -1168.00000 (260), -1168.00000 (380), -1168.00000 (20), -1168.00000 (44), -1168.00000 (237), -1168.00000 (301), -1168.00000 (162), -1168.00000 (199), -1168.00000 (184), -1168.00000 (136), -1168.00000 (346), 
Length of domains: 51496
Current (lb-rhs): -1168.0
102908 domains visited
Time: pickout 0.0633    decision 0.3618    set_bounds 0.0118    solve 0.5315    add 0.0916    
Accumulated time: pickout 20.8475    decision 81.6763    set_bounds 3.5938    solve 290.5038    add 58.3849    
Cumulative time: 456.4830982685089

BaB round 404
batch: 128
splitting decisions: 
split level 0: [/43, 3973] [/43, 15669] [/43, 5679] [/43, 19236] [/49, 5442] [/43, 19302] [/43, 9373] [/49, 9377] [/43, 13959] [/43, 28356] 
best_l after optimization: -268553.15625
beta sum per layer: [4.178625583648682, 94.42262268066406, 16.94702911376953, 5.809659481048584]
alpha/beta optimization time: 0.8250510692596436
pruning_in_iteration open status: False
ratio of positive domain = 0 / 256 = 0.0
pruning-in-iteration extra time: 0.0001513957977294922
torch.Size([256, 1])
Time: prepare 0.0060    bound 0.8264    transfer 0.0131    finalize 0.0964    func 0.9462    
Accumulated time: func 291.2051    prepare 4.3800    bound 246.4173    transfer 2.9151    finalize 39.7882    
max lb tensor(-922.) min lb tensor(-1168.)
Number of Verified Splits: 0 of 256
Current worst splitting domains lb-rhs (depth):
-1168.00000 (52), -1168.00000 (209), -1168.00000 (399), -1168.00000 (110), -1168.00000 (168), -1168.00000 (349), -1168.00000 (369), -1168.00000 (285), -1168.00000 (79), -1168.00000 (256), -1168.00000 (209), -1168.00000 (327), -1168.00000 (168), -1168.00000 (110), -1168.00000 (42), -1168.00000 (11), -1168.00000 (168), -1168.00000 (24), -1168.00000 (79), -1168.00000 (209), 
Length of domains: 51624
Current (lb-rhs): -1168.0
103164 domains visited
Time: pickout 0.0668    decision 0.1957    set_bounds 0.0042    solve 0.9468    add 0.0936    
Accumulated time: pickout 20.9143    decision 81.8720    set_bounds 3.5979    solve 291.4506    add 58.4786    
Cumulative time: 457.79421043395996

BaB round 405
batch: 128
splitting decisions: 
split level 0: [/49, 9899] [/49, 8350] [/49, 2788] [/49, 9180] [/49, 8335] [/49, 1772] [/49, 2098] [/49, 7337] [/49, 1122] [/49, 5830] 
Early stop at 11th iter due to 10 iterations no improvement!
best_l after optimization: -268554.5625
beta sum per layer: [10.571049690246582, 286.383056640625, 17.618215560913086, 7.81190299987793]
alpha/beta optimization time: 0.2377767562866211
pruning_in_iteration open status: False
ratio of positive domain = 0 / 256 = 0.0
pruning-in-iteration extra time: 3.218650817871094e-05
torch.Size([256, 1])
Time: prepare 0.0063    bound 0.2392    transfer 0.0122    finalize 0.0968    func 0.3545    
Accumulated time: func 291.5596    prepare 4.3876    bound 246.6565    transfer 2.9272    finalize 39.8850    
max lb tensor(-922.) min lb tensor(-1168.)
Number of Verified Splits: 0 of 256
Current worst splitting domains lb-rhs (depth):
-1168.00000 (124), -1168.00000 (323), -1168.00000 (356), -1168.00000 (15), -1168.00000 (163), -1168.00000 (117), -1168.00000 (389), -1168.00000 (38), -1168.00000 (297), -1168.00000 (316), -1168.00000 (278), -1168.00000 (95), -1168.00000 (356), -1168.00000 (230), -1168.00000 (184), -1168.00000 (184), -1168.00000 (146), -1168.00000 (389), -1168.00000 (235), -1168.00000 (207), 
Length of domains: 51752
Current (lb-rhs): -1168.0
103420 domains visited
Time: pickout 0.0628    decision 0.1354    set_bounds 0.0043    solve 0.3550    add 0.0930    
Accumulated time: pickout 20.9771    decision 82.0074    set_bounds 3.6022    solve 291.8056    add 58.5716    
Cumulative time: 458.4487113952637

BaB round 406
batch: 128
splitting decisions: 
split level 0: [/49, 8376] [/49, 1926] [/43, 3968] [/43, 9366] [/49, 8868] [/49, 251] [/43, 9403] [/43, 9429] [/43, 13960] [/49, 5349] 
best_l after optimization: -268561.375
beta sum per layer: [4.302468299865723, 95.68535614013672, 17.470073699951172, 5.886251449584961]
alpha/beta optimization time: 0.3990631103515625
pruning_in_iteration open status: False
ratio of positive domain = 0 / 256 = 0.0
pruning-in-iteration extra time: 4.00543212890625e-05
torch.Size([256, 1])
Time: prepare 0.0059    bound 0.4004    transfer 0.0123    finalize 0.0951    func 0.5138    
Accumulated time: func 292.0735    prepare 4.3950    bound 247.0569    transfer 2.9396    finalize 39.9802    
max lb tensor(-922.) min lb tensor(-1168.)
Number of Verified Splits: 0 of 256
Current worst splitting domains lb-rhs (depth):
-1168.00000 (197), -1168.00000 (329), -1168.00000 (196), -1168.00000 (267), -1168.00000 (396), -1168.00000 (110), -1168.00000 (53), -1168.00000 (197), -1168.00000 (371), -1168.00000 (329), -1168.00000 (110), -1168.00000 (266), -1168.00000 (197), -1168.00000 (18), -1168.00000 (330), -1168.00000 (110), -1168.00000 (109), -1168.00000 (266), -1168.00000 (53), -1168.00000 (198), 
Length of domains: 51880
Current (lb-rhs): -1168.0
103676 domains visited
Time: pickout 0.0612    decision 0.1332    set_bounds 0.0042    solve 0.5143    add 0.0926    
Accumulated time: pickout 21.0382    decision 82.1406    set_bounds 3.6064    solve 292.3199    add 58.6643    
Cumulative time: 459.25919556617737

BaB round 407
batch: 128
splitting decisions: 
split level 0: [/49, 10755] [/49, 5475] [/49, 2264] [/49, 3128] [/49, 2448] [/49, 10703] [/49, 3125] [/49, 108] [/49, 4644] [/49, 4801] 
Early stop at 11th iter due to 10 iterations no improvement!
best_l after optimization: -268561.25
beta sum per layer: [10.879650115966797, 293.2620849609375, 17.843257904052734, 8.446533203125]
alpha/beta optimization time: 0.235243558883667
pruning_in_iteration open status: False
ratio of positive domain = 0 / 256 = 0.0
pruning-in-iteration extra time: 9.894371032714844e-05
torch.Size([256, 1])
Time: prepare 0.0058    bound 0.2367    transfer 0.0135    finalize 0.0965    func 0.3526    
Accumulated time: func 292.4260    prepare 4.4022    bound 247.2936    transfer 2.9530    finalize 40.0767    
max lb tensor(-922.) min lb tensor(-1168.)
Number of Verified Splits: 0 of 256
Current worst splitting domains lb-rhs (depth):
-1168.00000 (26), -1168.00000 (375), -1168.00000 (26), -1168.00000 (124), -1168.00000 (240), -1168.00000 (241), -1168.00000 (375), -1168.00000 (123), -1168.00000 (241), -1168.00000 (240), -1168.00000 (123), -1168.00000 (375), -1168.00000 (241), -1168.00000 (123), -1168.00000 (242), -1168.00000 (242), -1168.00000 (374), -1168.00000 (27), -1168.00000 (124), -1168.00000 (240), 
Length of domains: 52008
Current (lb-rhs): -1168.0
103932 domains visited
Time: pickout 0.0614    decision 0.1322    set_bounds 0.0042    solve 0.3530    add 0.0909    
Accumulated time: pickout 21.0997    decision 82.2728    set_bounds 3.6106    solve 292.6729    add 58.7552    
Cumulative time: 459.9049780368805

BaB round 408
batch: 128
splitting decisions: 
split level 0: [/43, 24732] [/49, 1757] [/43, 22869] [/43, 17377] [/43, 3071] [/43, 3971] [/43, 4001] [/49, 4127] [/43, 3160] [/49, 6482] 
best_l after optimization: -268566.0
beta sum per layer: [4.556153297424316, 97.91773223876953, 17.570526123046875, 5.8525471687316895]
alpha/beta optimization time: 0.40982627868652344
pruning_in_iteration open status: False
ratio of positive domain = 0 / 256 = 0.0
pruning-in-iteration extra time: 0.00014710426330566406
torch.Size([256, 1])
Time: prepare 0.0059    bound 0.4113    transfer 0.0067    finalize 0.0939    func 0.5178    
Accumulated time: func 292.9438    prepare 4.4095    bound 247.7048    transfer 2.9597    finalize 40.1706    
max lb tensor(-922.) min lb tensor(-1168.)
Number of Verified Splits: 0 of 256
Current worst splitting domains lb-rhs (depth):
-1168.00000 (330), -1168.00000 (211), -1168.00000 (170), -1168.00000 (258), -1168.00000 (24), -1168.00000 (111), -1168.00000 (288), -1168.00000 (170), -1168.00000 (211), -1168.00000 (80), -1168.00000 (403), -1168.00000 (353), -1168.00000 (80), -1168.00000 (111), -1168.00000 (169), -1168.00000 (288), -1168.00000 (393), -1168.00000 (258), -1168.00000 (211), -1168.00000 (169), 
Length of domains: 52136
Current (lb-rhs): -1168.0
104188 domains visited
Time: pickout 0.0647    decision 0.1322    set_bounds 0.0042    solve 0.5183    add 0.0885    
Accumulated time: pickout 21.1643    decision 82.4050    set_bounds 3.6148    solve 293.1913    add 58.8437    
Cumulative time: 460.7165825366974

BaB round 409
batch: 128
splitting decisions: 
split level 0: [/49, 2812] [/49, 3265] [/49, 2097] [/55, 61] [/49, 5321] [/49, 10534] [/49, 4647] [/49, 4450] [/49, 3631] [/49, 1772] 
Early stop at 11th iter due to 10 iterations no improvement!
best_l after optimization: -268567.1875
beta sum per layer: [11.794544219970703, 297.62664794921875, 17.210660934448242, 8.328254699707031]
alpha/beta optimization time: 0.23619484901428223
pruning_in_iteration open status: False
ratio of positive domain = 0 / 256 = 0.0
pruning-in-iteration extra time: 3.4809112548828125e-05
torch.Size([256, 1])
Time: prepare 0.0060    bound 0.2375    transfer 0.0060    finalize 0.0918    func 0.3415    
Accumulated time: func 293.2853    prepare 4.4169    bound 247.9424    transfer 2.9657    finalize 40.2624    
max lb tensor(-922.) min lb tensor(-1168.)
Number of Verified Splits: 0 of 256
Current worst splitting domains lb-rhs (depth):
-1168.00000 (95), -1168.00000 (77), -1168.00000 (306), -1168.00000 (153), -1168.00000 (370), -1168.00000 (332), -1168.00000 (246), -1168.00000 (282), -1168.00000 (32), -1168.00000 (11), -1168.00000 (167), -1168.00000 (202), -1168.00000 (202), -1168.00000 (307), -1168.00000 (369), -1168.00000 (121), -1168.00000 (77), -1168.00000 (398), -1168.00000 (182), -1168.00000 (138), 
Length of domains: 52264
Current (lb-rhs): -1168.0
104444 domains visited
Time: pickout 0.0655    decision 0.1358    set_bounds 0.0041    solve 0.3420    add 0.0914    
Accumulated time: pickout 21.2298    decision 82.5409    set_bounds 3.6188    solve 293.5332    add 58.9351    
Cumulative time: 461.35907101631165

BaB round 410
batch: 128
splitting decisions: 
split level 0: [/43, 21252] [/43, 9370] [/43, 13867] [/43, 20978] [/43, 9399] [/43, 7571] [/43, 28241] [/49, 8870] [/43, 17467] [/43, 27489] 
best_l after optimization: -268576.90625
beta sum per layer: [4.7570600509643555, 98.12504577636719, 18.438722610473633, 5.88154411315918]
alpha/beta optimization time: 0.41074609756469727
pruning_in_iteration open status: False
ratio of positive domain = 0 / 256 = 0.0
pruning-in-iteration extra time: 3.719329833984375e-05
torch.Size([256, 1])
Time: prepare 0.0059    bound 0.4121    transfer 0.0058    finalize 0.0944    func 0.5183    
Accumulated time: func 293.8036    prepare 4.4247    bound 248.3545    transfer 2.9715    finalize 40.3569    
max lb tensor(-922.) min lb tensor(-1168.)
Number of Verified Splits: 0 of 256
Current worst splitting domains lb-rhs (depth):
-1168.00000 (89), -1168.00000 (217), -1168.00000 (349), -1168.00000 (294), -1168.00000 (26), -1168.00000 (117), -1168.00000 (328), -1168.00000 (76), -1168.00000 (376), -1168.00000 (358), -1168.00000 (164), -1168.00000 (54), -1168.00000 (201), -1168.00000 (102), -1168.00000 (41), -1168.00000 (255), -1168.00000 (218), -1168.00000 (394), -1168.00000 (117), -1168.00000 (163), 
Length of domains: 52392
Current (lb-rhs): -1168.0
104700 domains visited
Time: pickout 0.0649    decision 0.1395    set_bounds 0.0042    solve 0.5188    add 0.0874    
Accumulated time: pickout 21.2947    decision 82.6803    set_bounds 3.6230    solve 294.0521    add 59.0225    
Cumulative time: 462.1772539615631

BaB round 411
batch: 128
splitting decisions: 
split level 0: [/49, 8378] [/49, 10363] [/43, 9399] [/49, 8023] [/49, 2109] [/49, 7659] [/49, 4620] [/49, 7351] [/49, 9548] [/49, 8690] 
Early stop at 11th iter due to 10 iterations no improvement!
best_l after optimization: -268579.28125
beta sum per layer: [12.496637344360352, 305.0950012207031, 17.86395835876465, 8.098363876342773]
alpha/beta optimization time: 0.23634910583496094
pruning_in_iteration open status: False
ratio of positive domain = 0 / 256 = 0.0
pruning-in-iteration extra time: 3.719329833984375e-05
torch.Size([256, 1])
Time: prepare 0.0060    bound 0.2377    transfer 0.0068    finalize 0.0940    func 0.3446    
Accumulated time: func 294.1482    prepare 4.4321    bound 248.5922    transfer 2.9784    finalize 40.4509    
max lb tensor(-922.) min lb tensor(-1168.)
Number of Verified Splits: 0 of 256
Current worst splitting domains lb-rhs (depth):
-1168.00000 (110), -1168.00000 (263), -1168.00000 (59), -1168.00000 (148), -1168.00000 (368), -1168.00000 (13), -1168.00000 (334), -1168.00000 (110), -1168.00000 (192), -1168.00000 (263), -1168.00000 (381), -1168.00000 (334), -1168.00000 (59), -1168.00000 (397), -1168.00000 (397), -1168.00000 (264), -1168.00000 (162), -1168.00000 (210), -1168.00000 (25), -1168.00000 (192), 
Length of domains: 52520
Current (lb-rhs): -1168.0
104956 domains visited
Time: pickout 0.0640    decision 0.1312    set_bounds 0.0086    solve 0.3451    add 0.0851    
Accumulated time: pickout 21.3587    decision 82.8115    set_bounds 3.6316    solve 294.3972    add 59.1075    
Cumulative time: 462.81467032432556

BaB round 412
batch: 128
splitting decisions: 
split level 0: [/43, 4124] [/43, 24668] [/43, 27339] [/43, 22776] [/43, 6729] [/55, 142] [/43, 26440] [/43, 24732] [/43, 5771] [/49, 5495] 
best_l after optimization: -268581.34375
beta sum per layer: [5.2328338623046875, 100.80083465576172, 18.1402587890625, 6.0709357261657715]
alpha/beta optimization time: 0.40595173835754395
pruning_in_iteration open status: False
ratio of positive domain = 0 / 256 = 0.0
pruning-in-iteration extra time: 3.814697265625e-05
torch.Size([256, 1])
Time: prepare 0.0058    bound 0.4073    transfer 0.0061    finalize 0.0953    func 0.5146    
Accumulated time: func 294.6628    prepare 4.4392    bound 248.9994    transfer 2.9845    finalize 40.5462    
max lb tensor(-922.) min lb tensor(-1168.)
Number of Verified Splits: 0 of 256
Current worst splitting domains lb-rhs (depth):
-1168.00000 (95), -1168.00000 (380), -1168.00000 (136), -1168.00000 (95), -1168.00000 (214), -1168.00000 (389), -1168.00000 (49), -1168.00000 (282), -1168.00000 (260), -1168.00000 (346), -1168.00000 (36), -1168.00000 (184), -1168.00000 (317), -1168.00000 (136), -1168.00000 (215), -1168.00000 (316), -1168.00000 (407), -1168.00000 (95), -1168.00000 (346), -1168.00000 (10), 
Length of domains: 52648
Current (lb-rhs): -1168.0
105212 domains visited
Time: pickout 0.0644    decision 0.1314    set_bounds 0.0041    solve 0.5151    add 0.0859    
Accumulated time: pickout 21.4231    decision 82.9429    set_bounds 3.6357    solve 294.9122    add 59.1935    
Cumulative time: 463.61899304389954

BaB round 413
batch: 128
splitting decisions: 
split level 0: [/49, 8532] [/49, 394] [/49, 5307] [/49, 9013] [/49, 6333] [/49, 589] [/49, 4697] [/49, 6502] [/49, 9715] [/49, 590] 
Early stop at 11th iter due to 10 iterations no improvement!
best_l after optimization: -268582.0
beta sum per layer: [13.299285888671875, 311.72662353515625, 17.278160095214844, 8.514433860778809]
alpha/beta optimization time: 0.24121665954589844
pruning_in_iteration open status: False
ratio of positive domain = 0 / 256 = 0.0
pruning-in-iteration extra time: 3.790855407714844e-05
torch.Size([256, 1])
Time: prepare 0.0060    bound 0.2426    transfer 0.0062    finalize 0.0962    func 0.3510    
Accumulated time: func 295.0138    prepare 4.4466    bound 249.2420    transfer 2.9907    finalize 40.6423    
max lb tensor(-922.) min lb tensor(-1168.)
Number of Verified Splits: 0 of 256
Current worst splitting domains lb-rhs (depth):
-1168.00000 (272), -1168.00000 (196), -1168.00000 (364), -1168.00000 (232), -1168.00000 (134), -1168.00000 (38), -1168.00000 (211), -1168.00000 (64), -1168.00000 (149), -1168.00000 (319), -1168.00000 (187), -1168.00000 (15), -1168.00000 (283), -1168.00000 (105), -1168.00000 (364), -1168.00000 (308), -1168.00000 (232), -1168.00000 (329), -1168.00000 (9), -1168.00000 (160), 
Length of domains: 52776
Current (lb-rhs): -1168.0
105468 domains visited
Time: pickout 0.0651    decision 0.1308    set_bounds 0.0042    solve 0.3515    add 0.0852    
Accumulated time: pickout 21.4882    decision 83.0737    set_bounds 3.6398    solve 295.2637    add 59.2787    
Cumulative time: 464.25968766212463

BaB round 414
batch: 128
splitting decisions: 
split level 0: [/43, 24672] [/43, 7571] [/43, 25598] [/55, 572] [/43, 10390] [/43, 6702] [/43, 25602] [/55, 136] [/43, 21099] [/49, 9550] 
best_l after optimization: -268583.5
beta sum per layer: [5.704336166381836, 101.06289672851562, 18.38062286376953, 5.782129287719727]
alpha/beta optimization time: 0.3960378170013428
pruning_in_iteration open status: False
ratio of positive domain = 0 / 256 = 0.0
pruning-in-iteration extra time: 8.153915405273438e-05
torch.Size([256, 1])
Time: prepare 0.0059    bound 0.3974    transfer 0.0057    finalize 0.0944    func 0.5035    
Accumulated time: func 295.5173    prepare 4.4540    bound 249.6394    transfer 2.9964    finalize 40.7368    
max lb tensor(-922.) min lb tensor(-1168.)
Number of Verified Splits: 0 of 256
Current worst splitting domains lb-rhs (depth):
-1168.00000 (72), -1168.00000 (25), -1168.00000 (337), -1168.00000 (110), -1168.00000 (399), -1168.00000 (273), -1168.00000 (199), -1168.00000 (198), -1168.00000 (25), -1168.00000 (199), -1168.00000 (273), -1168.00000 (111), -1168.00000 (337), -1168.00000 (198), -1168.00000 (398), -1168.00000 (274), -1168.00000 (111), -1168.00000 (26), -1168.00000 (273), -1168.00000 (364), 
Length of domains: 52904
Current (lb-rhs): -1168.0
105724 domains visited
Time: pickout 0.0649    decision 0.1338    set_bounds 0.0042    solve 0.5040    add 0.0851    
Accumulated time: pickout 21.5531    decision 83.2075    set_bounds 3.6440    solve 295.7677    add 59.3638    
Cumulative time: 465.05543875694275

BaB round 415
batch: 128
splitting decisions: 
split level 0: [/49, 5660] [/49, 900] [/49, 9884] [/49, 7659] [/49, 9025] [/49, 3463] [/49, 6141] [/49, 4306] [/49, 9531] [/49, 2787] 
Early stop at 11th iter due to 10 iterations no improvement!
best_l after optimization: -268585.3125
beta sum per layer: [15.261947631835938, 317.3021240234375, 18.286434173583984, 7.743824005126953]
alpha/beta optimization time: 0.2307417392730713
pruning_in_iteration open status: False
ratio of positive domain = 0 / 256 = 0.0
pruning-in-iteration extra time: 3.409385681152344e-05
torch.Size([256, 1])
Time: prepare 0.0060    bound 0.2320    transfer 0.0056    finalize 0.1013    func 0.3450    
Accumulated time: func 295.8623    prepare 4.4613    bound 249.8714    transfer 3.0020    finalize 40.8381    
max lb tensor(-922.) min lb tensor(-1168.)
Number of Verified Splits: 0 of 256
Current worst splitting domains lb-rhs (depth):
-1168.00000 (357), -1168.00000 (14), -1168.00000 (162), -1168.00000 (102), -1168.00000 (67), -1168.00000 (220), -1168.00000 (244), -1168.00000 (30), -1168.00000 (278), -1168.00000 (45), -1168.00000 (326), -1168.00000 (195), -1168.00000 (400), -1168.00000 (102), -1168.00000 (377), -1168.00000 (67), -1168.00000 (162), -1168.00000 (278), -1168.00000 (127), -1168.00000 (244), 
Length of domains: 53032
Current (lb-rhs): -1168.0
105980 domains visited
Time: pickout 0.0641    decision 0.1316    set_bounds 0.0041    solve 0.3455    add 0.0903    
Accumulated time: pickout 21.6172    decision 83.3392    set_bounds 3.6481    solve 296.1132    add 59.4541    
Cumulative time: 465.6950798034668

BaB round 416
batch: 128
splitting decisions: 
split level 0: [/43, 6763] [/43, 7601] [/43, 28356] [/43, 9308] [/43, 9429] [/43, 6701] [/43, 12972] [/49, 3123] [/43, 19356] [/49, 7884] 
best_l after optimization: -268590.4375
beta sum per layer: [5.744853973388672, 102.4425048828125, 18.98688316345215, 5.501704216003418]
alpha/beta optimization time: 0.46005964279174805
pruning_in_iteration open status: False
ratio of positive domain = 0 / 256 = 0.0
pruning-in-iteration extra time: 8.797645568847656e-05
torch.Size([256, 1])
Time: prepare 0.0058    bound 0.4615    transfer 0.0068    finalize 0.0995    func 0.5737    
Accumulated time: func 296.4360    prepare 4.4685    bound 250.3329    transfer 3.0088    finalize 40.9376    
max lb tensor(-922.) min lb tensor(-1168.)
Number of Verified Splits: 0 of 256
Current worst splitting domains lb-rhs (depth):
-1168.00000 (175), -1168.00000 (167), -1168.00000 (292), -1168.00000 (229), -1168.00000 (52), -1168.00000 (20), -1168.00000 (338), -1168.00000 (215), -1168.00000 (374), -1168.00000 (112), -1168.00000 (156), -1168.00000 (236), -1168.00000 (405), -1168.00000 (329), -1168.00000 (263), -1168.00000 (411), -1168.00000 (145), -1168.00000 (314), -1168.00000 (62), -1168.00000 (125), 
Length of domains: 53160
Current (lb-rhs): -1168.0
106236 domains visited
Time: pickout 0.0665    decision 0.1429    set_bounds 0.0041    solve 0.5742    add 0.0889    
Accumulated time: pickout 21.6838    decision 83.4821    set_bounds 3.6522    solve 296.6874    add 59.5430    
Cumulative time: 466.5760962963104

BaB round 417
batch: 128
splitting decisions: 
split level 0: [/49, 2619] [/49, 6166] [/49, 4461] [/49, 2116] [/49, 8023] [/49, 7689] [/49, 2606] [/49, 6671] [/49, 3967] [/49, 9871] 
Early stop at 11th iter due to 10 iterations no improvement!
best_l after optimization: -268593.6875
beta sum per layer: [14.89430046081543, 324.17474365234375, 17.767662048339844, 8.18985366821289]
alpha/beta optimization time: 0.286665678024292
pruning_in_iteration open status: False
ratio of positive domain = 0 / 256 = 0.0
pruning-in-iteration extra time: 3.5762786865234375e-05
torch.Size([256, 1])
Time: prepare 0.0060    bound 0.2880    transfer 0.0059    finalize 0.0945    func 0.3987    
Accumulated time: func 296.8347    prepare 4.4759    bound 250.6209    transfer 3.0147    finalize 41.0321    
max lb tensor(-922.) min lb tensor(-1168.)
Number of Verified Splits: 0 of 256
Current worst splitting domains lb-rhs (depth):
-1168.00000 (374), -1168.00000 (192), -1168.00000 (405), -1168.00000 (312), -1168.00000 (227), -1168.00000 (12), -1168.00000 (141), -1168.00000 (374), -1168.00000 (103), -1168.00000 (34), -1168.00000 (227), -1168.00000 (278), -1168.00000 (166), -1168.00000 (329), -1168.00000 (140), -1168.00000 (329), -1168.00000 (192), -1168.00000 (227), -1168.00000 (67), -1168.00000 (405), 
Length of domains: 53288
Current (lb-rhs): -1168.0
106492 domains visited
Time: pickout 0.0665    decision 0.1425    set_bounds 0.0041    solve 0.3993    add 0.0883    
Accumulated time: pickout 21.7503    decision 83.6246    set_bounds 3.6564    solve 297.0866    add 59.6313    
Cumulative time: 467.2811326980591

BaB round 418
batch: 128
splitting decisions: 
split level 0: [/43, 4092] [/49, 4799] [/43, 27367] [/43, 20979] [/55, 955] [/43, 17381] [/43, 9282] [/49, 2760] [/43, 3971] [/43, 9400] 
best_l after optimization: -268593.21875
beta sum per layer: [6.2845635414123535, 104.30746459960938, 18.541828155517578, 5.809035301208496]
alpha/beta optimization time: 0.9031293392181396
pruning_in_iteration open status: False
ratio of positive domain = 0 / 256 = 0.0
pruning-in-iteration extra time: 0.0003724098205566406
torch.Size([256, 1])
Time: prepare 0.0070    bound 0.9048    transfer 0.0058    finalize 0.0984    func 1.0161    
Accumulated time: func 297.8508    prepare 4.4942    bound 251.5257    transfer 3.0205    finalize 41.1305    
max lb tensor(-922.) min lb tensor(-1168.)
Number of Verified Splits: 0 of 256
Current worst splitting domains lb-rhs (depth):
-1168.00000 (119), -1168.00000 (120), -1168.00000 (334), -1168.00000 (27), -1168.00000 (202), -1168.00000 (16), -1168.00000 (221), -1168.00000 (120), -1168.00000 (300), -1168.00000 (334), -1168.00000 (42), -1168.00000 (167), -1168.00000 (390), -1168.00000 (261), -1168.00000 (335), -1168.00000 (119), -1168.00000 (275), -1168.00000 (221), -1168.00000 (168), -1168.00000 (119), 
Length of domains: 53416
Current (lb-rhs): -1168.0
106748 domains visited
Time: pickout 0.0832    decision 0.3716    set_bounds 0.0054    solve 1.0166    add 0.0936    
Accumulated time: pickout 21.8335    decision 83.9962    set_bounds 3.6618    solve 298.1032    add 59.7249    
Cumulative time: 468.8561248779297

BaB round 419
batch: 128
splitting decisions: 
split level 0: [/49, 6504] [/49, 914] [/49, 3110] [/49, 4292] [/49, 1940] [/49, 3969] [/49, 8337] [/49, 5631] [/49, 5828] [/49, 4634] 
Early stop at 11th iter due to 10 iterations no improvement!
best_l after optimization: -268594.96875
beta sum per layer: [15.994224548339844, 331.9774169921875, 17.543142318725586, 8.428546905517578]
alpha/beta optimization time: 0.2488842010498047
pruning_in_iteration open status: False
ratio of positive domain = 0 / 256 = 0.0
pruning-in-iteration extra time: 3.814697265625e-05
torch.Size([256, 1])
Time: prepare 0.0060    bound 0.2503    transfer 0.0061    finalize 0.1005    func 0.3630    
Accumulated time: func 298.2138    prepare 4.5133    bound 251.7760    transfer 3.0266    finalize 41.2310    
max lb tensor(-922.) min lb tensor(-1168.)
Number of Verified Splits: 0 of 256
Current worst splitting domains lb-rhs (depth):
-1168.00000 (108), -1168.00000 (205), -1168.00000 (158), -1168.00000 (273), -1168.00000 (109), -1168.00000 (273), -1168.00000 (36), -1168.00000 (373), -1168.00000 (108), -1168.00000 (274), -1168.00000 (205), -1168.00000 (407), -1168.00000 (158), -1168.00000 (374), -1168.00000 (12), -1168.00000 (274), -1168.00000 (373), -1168.00000 (36), -1168.00000 (274), -1168.00000 (205), 
Length of domains: 53544
Current (lb-rhs): -1168.0
107004 domains visited
Time: pickout 0.0655    decision 0.3789    set_bounds 0.0053    solve 0.3635    add 0.0912    
Accumulated time: pickout 21.8990    decision 84.3751    set_bounds 3.6671    solve 298.4667    add 59.8161    
Cumulative time: 469.76526975631714

BaB round 420
batch: 128
splitting decisions: 
split level 0: [/43, 23772] [/43, 9371] [/43, 22868] [/43, 26436] [/49, 1217] [/43, 17471] [/43, 27373] [/49, 732] [/43, 491] [/43, 5772] 
best_l after optimization: -268601.9375
beta sum per layer: [6.438236713409424, 106.35321807861328, 18.503334045410156, 5.883464813232422]
alpha/beta optimization time: 0.40465497970581055
pruning_in_iteration open status: False
ratio of positive domain = 0 / 256 = 0.0
pruning-in-iteration extra time: 3.9577484130859375e-05
torch.Size([256, 1])
Time: prepare 0.0059    bound 0.4060    transfer 0.0067    finalize 0.1124    func 0.5311    
Accumulated time: func 298.7449    prepare 4.5206    bound 252.1820    transfer 3.0333    finalize 41.3435    
max lb tensor(-922.) min lb tensor(-1168.)
Number of Verified Splits: 0 of 256
Current worst splitting domains lb-rhs (depth):
-1168.00000 (363), -1168.00000 (405), -1168.00000 (296), -1168.00000 (25), -1168.00000 (217), -1168.00000 (175), -1168.00000 (114), -1168.00000 (340), -1168.00000 (44), -1168.00000 (391), -1168.00000 (82), -1168.00000 (266), -1168.00000 (175), -1168.00000 (54), -1168.00000 (217), -1168.00000 (297), -1168.00000 (174), -1168.00000 (11), -1168.00000 (115), -1168.00000 (174), 
Length of domains: 53672
Current (lb-rhs): -1168.0
107260 domains visited
Time: pickout 0.0668    decision 0.1330    set_bounds 0.0042    solve 0.5316    add 0.0956    
Accumulated time: pickout 21.9657    decision 84.5081    set_bounds 3.6712    solve 298.9983    add 59.9117    
Cumulative time: 470.60214591026306

BaB round 421
batch: 128
splitting decisions: 
split level 0: [/49, 616] [/49, 7503] [/49, 2108] [/49, 3095] [/49, 5644] [/49, 914] [/49, 8649] [/49, 587] [/49, 8701] [/49, 8025] 
Early stop at 11th iter due to 10 iterations no improvement!
best_l after optimization: -268603.78125
beta sum per layer: [16.829023361206055, 340.3753356933594, 18.352798461914062, 8.438751220703125]
alpha/beta optimization time: 0.326432466506958
pruning_in_iteration open status: False
ratio of positive domain = 0 / 256 = 0.0
pruning-in-iteration extra time: 0.00021195411682128906
torch.Size([256, 1])
Time: prepare 0.0065    bound 0.3280    transfer 0.0061    finalize 0.1019    func 0.4426    
Accumulated time: func 299.1874    prepare 4.5297    bound 252.5100    transfer 3.0394    finalize 41.4454    
max lb tensor(-922.) min lb tensor(-1168.)
Number of Verified Splits: 0 of 256
Current worst splitting domains lb-rhs (depth):
-1168.00000 (36), -1168.00000 (274), -1168.00000 (109), -1168.00000 (206), -1168.00000 (36), -1168.00000 (274), -1168.00000 (375), -1168.00000 (109), -1168.00000 (275), -1168.00000 (206), -1168.00000 (275), -1168.00000 (109), -1168.00000 (375), -1168.00000 (409), -1168.00000 (159), -1168.00000 (275), -1168.00000 (108), -1168.00000 (409), -1168.00000 (276), -1168.00000 (206), 
Length of domains: 53800
Current (lb-rhs): -1168.0
107516 domains visited
Time: pickout 0.0718    decision 0.1660    set_bounds 0.0053    solve 0.4431    add 0.0974    
Accumulated time: pickout 22.0375    decision 84.6741    set_bounds 3.6765    solve 299.4413    add 60.0091    
Cumulative time: 471.39129304885864

BaB round 422
batch: 128
splitting decisions: 
split level 0: [/43, 493] [/43, 24638] [/43, 15666] [/43, 23676] [/43, 27398] [/49, 8869] [/43, 20981] [/49, 1759] [/43, 28301] [/49, 4142] 
best_l after optimization: -268601.1875
beta sum per layer: [6.689770698547363, 107.71409606933594, 17.90445327758789, 5.841222763061523]
alpha/beta optimization time: 0.5914344787597656
pruning_in_iteration open status: False
ratio of positive domain = 0 / 256 = 0.0
pruning-in-iteration extra time: 0.0004658699035644531
torch.Size([256, 1])
Time: prepare 0.0071    bound 0.5933    transfer 0.0064    finalize 0.1101    func 0.7169    
Accumulated time: func 299.9044    prepare 4.5383    bound 253.1033    transfer 3.0458    finalize 41.5554    
max lb tensor(-922.) min lb tensor(-1168.)
Number of Verified Splits: 0 of 256
Current worst splitting domains lb-rhs (depth):
-1168.00000 (362), -1168.00000 (139), -1168.00000 (267), -1168.00000 (294), -1168.00000 (209), -1168.00000 (404), -1168.00000 (181), -1168.00000 (374), -1168.00000 (229), -1168.00000 (139), -1168.00000 (324), -1168.00000 (86), -1168.00000 (50), -1168.00000 (29), -1168.00000 (70), -1168.00000 (139), -1168.00000 (29), -1168.00000 (182), -1168.00000 (325), -1168.00000 (293), 
Length of domains: 53928
Current (lb-rhs): -1168.0
107772 domains visited
Time: pickout 0.0722    decision 0.1806    set_bounds 0.0087    solve 0.7174    add 0.0923    
Accumulated time: pickout 22.1097    decision 84.8547    set_bounds 3.6852    solve 300.1587    add 60.1014    
Cumulative time: 472.4678978919983

BaB round 423
batch: 128
splitting decisions: 
split level 0: [/49, 4998] [/49, 6658] [/49, 2802] [/49, 2069] [/49, 4463] [/49, 9547] [/49, 2592] [/49, 9715] [/49, 3630] [/49, 758] 
best_l after optimization: -268565.84375
beta sum per layer: [7.023007392883301, 96.27959442138672, 19.028711318969727, 5.525943756103516]
alpha/beta optimization time: 0.6323397159576416
pruning_in_iteration open status: False
ratio of positive domain = 0 / 256 = 0.0
pruning-in-iteration extra time: 3.647804260253906e-05
torch.Size([256, 1])
Time: prepare 0.0060    bound 0.6337    transfer 0.0063    finalize 0.1066    func 0.7527    
Accumulated time: func 300.6571    prepare 4.5470    bound 253.7370    transfer 3.0521    finalize 41.6620    
max lb tensor(-922.) min lb tensor(-1168.)
Number of Verified Splits: 0 of 256
Current worst splitting domains lb-rhs (depth):
-1168.00000 (224), -1168.00000 (146), -1168.00000 (54), -1168.00000 (225), -1168.00000 (94), -1168.00000 (18), -1168.00000 (225), -1168.00000 (402), -1168.00000 (146), -1168.00000 (298), -1168.00000 (225), -1168.00000 (93), -1168.00000 (147), -1168.00000 (65), -1168.00000 (298), -1168.00000 (18), -1168.00000 (298), -1168.00000 (402), -1168.00000 (366), -1168.00000 (147), 
Length of domains: 54056
Current (lb-rhs): -1168.0
108028 domains visited
Time: pickout 0.0700    decision 0.2013    set_bounds 0.0069    solve 0.7532    add 0.0931    
Accumulated time: pickout 22.1797    decision 85.0560    set_bounds 3.6921    solve 300.9119    add 60.1945    
Cumulative time: 473.598158121109

BaB round 424
batch: 128
splitting decisions: 
split level 0: [/49, 5491] [/49, 10703] [/49, 9180] [/49, 8361] [/49, 2097] [/49, 7180] [/49, 8338] [/49, 3800] [/49, 4306] [/49, 8857] 
Early stop at 11th iter due to 10 iterations no improvement!
best_l after optimization: -268575.5625
beta sum per layer: [17.868980407714844, 357.0701599121094, 17.931299209594727, 7.86635684967041]
alpha/beta optimization time: 0.4430360794067383
pruning_in_iteration open status: False
ratio of positive domain = 0 / 256 = 0.0
pruning-in-iteration extra time: 0.00016355514526367188
torch.Size([256, 1])
Time: prepare 0.0061    bound 0.4445    transfer 0.0066    finalize 0.1027    func 0.5599    
Accumulated time: func 301.2169    prepare 4.5563    bound 254.1815    transfer 3.0587    finalize 41.7647    
max lb tensor(-922.) min lb tensor(-1168.)
Number of Verified Splits: 0 of 256
Current worst splitting domains lb-rhs (depth):
-1168.00000 (51), -1168.00000 (371), -1168.00000 (77), -1168.00000 (108), -1168.00000 (212), -1168.00000 (274), -1168.00000 (21), -1168.00000 (411), -1168.00000 (313), -1168.00000 (157), -1168.00000 (348), -1168.00000 (211), -1168.00000 (274), -1168.00000 (109), -1168.00000 (211), -1168.00000 (22), -1168.00000 (326), -1168.00000 (157), -1168.00000 (212), -1168.00000 (273), 
Length of domains: 54184
Current (lb-rhs): -1168.0
108284 domains visited
Time: pickout 0.0701    decision 0.2697    set_bounds 0.0086    solve 0.5603    add 0.0911    
Accumulated time: pickout 22.2498    decision 85.3258    set_bounds 3.7008    solve 301.4723    add 60.2856    
Cumulative time: 474.6037998199463

BaB round 425
batch: 128
splitting decisions: 
split level 0: [/43, 4096] [/43, 21009] [/43, 2197] [/43, 5738] [/43, 17469] [/43, 12072] [/43, 24701] [/49, 5489] [/43, 9366] [/43, 9429] 
best_l after optimization: -268618.0
beta sum per layer: [7.099848747253418, 111.63943481445312, 18.504287719726562, 5.695648193359375]
alpha/beta optimization time: 0.748406171798706
pruning_in_iteration open status: False
ratio of positive domain = 0 / 256 = 0.0
pruning-in-iteration extra time: 5.078315734863281e-05
torch.Size([256, 1])
Time: prepare 0.0259    bound 0.7499    transfer 0.0101    finalize 0.1035    func 0.8894    
Accumulated time: func 302.1063    prepare 4.5836    bound 254.9314    transfer 3.0688    finalize 41.8681    
max lb tensor(-922.) min lb tensor(-1168.)
Number of Verified Splits: 0 of 256
Current worst splitting domains lb-rhs (depth):
-1168.00000 (127), -1168.00000 (314), -1168.00000 (160), -1168.00000 (358), -1168.00000 (102), -1168.00000 (35), -1168.00000 (380), -1168.00000 (208), -1168.00000 (253), -1168.00000 (409), -1168.00000 (83), -1168.00000 (160), -1168.00000 (341), -1168.00000 (288), -1168.00000 (208), -1168.00000 (15), -1168.00000 (315), -1168.00000 (253), -1168.00000 (15), -1168.00000 (64), 
Length of domains: 54312
Current (lb-rhs): -1168.0
108540 domains visited
Time: pickout 0.0757    decision 0.1486    set_bounds 0.0169    solve 0.8899    add 0.0938    
Accumulated time: pickout 22.3255    decision 85.4744    set_bounds 3.7177    solve 302.3621    add 60.3794    
Time out!!!!!!!!
Result: timeout
Time: 480.23455691337585

------------------------- COMMAND ------------------------------
/data1/Kane/miniconda3/envs/abcrown25/bin/python /data1/Kane/alpha-beta-CROWN_vnncomp2025/complete_verifier/abcrown.py --config /data1/Kane/alpha-beta-CROWN_vnncomp2025/complete_verifier/exp_configs/vnncomp23/gtrsb.yaml --precompile_jit --onnx_path /data1/Kane/data/vnncomp2025_benchmarks/benchmarks/traffic_signs_recognition_2023/onnx/3_64_64_QConv_32_5_MP_2_BN_QConv_64_5_MP_2_BN_QConv_64_3_MP_2_BN_Dense_1024_BN_Dense_43_ep_30.onnx --vnnlib_path /data1/Kane/data/vnncomp2025_benchmarks/benchmarks/traffic_signs_recognition_2023/vnnlib/model_64_idx_9022_eps_15.00000.vnnlib --results_file /data1/Kane/ACT/audit_results/abcrown_nopgd_20260525/traffic_signs_recognition_2023/0045__3_64_64_QConv_32_5_MP_2_BN_QConv_64_5_MP_2_BN_QConv_64_3_MP_2_BN_Dense_1024_BN_Dense_43_ep_30__model_64_idx_9022_eps_15.00000.result --timeout 480.0 --save_adv_example --pgd_order=skip
----------------------------------------------------------------

