idx,onnx,vnnlib,csv_timeout,used_timeout,wall_sec,verdict_raw,verdict,exit_code,result_file,log_file
1,"onnx/mnist_fc_vnncomp2022_mnist-net_256x4.onnx","vnnlib/mnist_fc_vnncomp2022_prop_5_0.05.vnnlib",30,30,12.64,"unknown","unknown",0,"/data1/Kane/ACT/audit_results/nnv_strict_20260527/relusplitter/0001__mnist_fc_vnncomp2022_mnist-net_256x4__mnist_fc_vnncomp2022_prop_5_0.05.result","/data1/Kane/ACT/audit_results/nnv_strict_20260527/relusplitter/0001__mnist_fc_vnncomp2022_mnist-net_256x4__mnist_fc_vnncomp2022_prop_5_0.05.log"
2,"onnx/mnist_fc_vnncomp2022_mnist-net_256x4_RSPLITTER_mnist_fc_vnncomp2022_prop_5_0.05.onnx","vnnlib/mnist_fc_vnncomp2022_prop_5_0.05.vnnlib",90,90,12.71,"unknown","unknown",0,"/data1/Kane/ACT/audit_results/nnv_strict_20260527/relusplitter/0002__mnist_fc_vnncomp2022_mnist-net_256x4_RSPLITTER_mnist_fc_vnncomp2022_prop_5_0.05__mnist_fc_vnncomp2022_prop_5_0.05.result","/data1/Kane/ACT/audit_results/nnv_strict_20260527/relusplitter/0002__mnist_fc_vnncomp2022_mnist-net_256x4_RSPLITTER_mnist_fc_vnncomp2022_prop_5_0.05__mnist_fc_vnncomp2022_prop_5_0.05.log"
3,"onnx/mnist_fc_vnncomp2022_mnist-net_256x4.onnx","vnnlib/mnist_fc_vnncomp2022_prop_3_0.05.vnnlib",30,30,13.36,"unknown","unknown",0,"/data1/Kane/ACT/audit_results/nnv_strict_20260527/relusplitter/0003__mnist_fc_vnncomp2022_mnist-net_256x4__mnist_fc_vnncomp2022_prop_3_0.05.result","/data1/Kane/ACT/audit_results/nnv_strict_20260527/relusplitter/0003__mnist_fc_vnncomp2022_mnist-net_256x4__mnist_fc_vnncomp2022_prop_3_0.05.log"
4,"onnx/mnist_fc_vnncomp2022_mnist-net_256x4_RSPLITTER_mnist_fc_vnncomp2022_prop_3_0.05.onnx","vnnlib/mnist_fc_vnncomp2022_prop_3_0.05.vnnlib",90,90,12.70,"unknown","unknown",0,"/data1/Kane/ACT/audit_results/nnv_strict_20260527/relusplitter/0004__mnist_fc_vnncomp2022_mnist-net_256x4_RSPLITTER_mnist_fc_vnncomp2022_prop_3_0.05__mnist_fc_vnncomp2022_prop_3_0.05.result","/data1/Kane/ACT/audit_results/nnv_strict_20260527/relusplitter/0004__mnist_fc_vnncomp2022_mnist-net_256x4_RSPLITTER_mnist_fc_vnncomp2022_prop_3_0.05__mnist_fc_vnncomp2022_prop_3_0.05.log"
5,"onnx/mnist_fc_vnncomp2022_mnist-net_256x4.onnx","vnnlib/mnist_fc_vnncomp2022_prop_6_0.05.vnnlib",30,30,13.59,"unknown","unknown",0,"/data1/Kane/ACT/audit_results/nnv_strict_20260527/relusplitter/0005__mnist_fc_vnncomp2022_mnist-net_256x4__mnist_fc_vnncomp2022_prop_6_0.05.result","/data1/Kane/ACT/audit_results/nnv_strict_20260527/relusplitter/0005__mnist_fc_vnncomp2022_mnist-net_256x4__mnist_fc_vnncomp2022_prop_6_0.05.log"
6,"onnx/mnist_fc_vnncomp2022_mnist-net_256x4_RSPLITTER_mnist_fc_vnncomp2022_prop_6_0.05.onnx","vnnlib/mnist_fc_vnncomp2022_prop_6_0.05.vnnlib",90,90,13.87,"unknown","unknown",0,"/data1/Kane/ACT/audit_results/nnv_strict_20260527/relusplitter/0006__mnist_fc_vnncomp2022_mnist-net_256x4_RSPLITTER_mnist_fc_vnncomp2022_prop_6_0.05__mnist_fc_vnncomp2022_prop_6_0.05.result","/data1/Kane/ACT/audit_results/nnv_strict_20260527/relusplitter/0006__mnist_fc_vnncomp2022_mnist-net_256x4_RSPLITTER_mnist_fc_vnncomp2022_prop_6_0.05__mnist_fc_vnncomp2022_prop_6_0.05.log"
7,"onnx/mnist_fc_vnncomp2022_mnist-net_256x4.onnx","vnnlib/mnist_fc_vnncomp2022_prop_0_0.03.vnnlib",30,30,12.70,"unknown","unknown",0,"/data1/Kane/ACT/audit_results/nnv_strict_20260527/relusplitter/0007__mnist_fc_vnncomp2022_mnist-net_256x4__mnist_fc_vnncomp2022_prop_0_0.03.result","/data1/Kane/ACT/audit_results/nnv_strict_20260527/relusplitter/0007__mnist_fc_vnncomp2022_mnist-net_256x4__mnist_fc_vnncomp2022_prop_0_0.03.log"
8,"onnx/mnist_fc_vnncomp2022_mnist-net_256x4_RSPLITTER_mnist_fc_vnncomp2022_prop_0_0.03.onnx","vnnlib/mnist_fc_vnncomp2022_prop_0_0.03.vnnlib",90,90,12.68,"unknown","unknown",0,"/data1/Kane/ACT/audit_results/nnv_strict_20260527/relusplitter/0008__mnist_fc_vnncomp2022_mnist-net_256x4_RSPLITTER_mnist_fc_vnncomp2022_prop_0_0.03__mnist_fc_vnncomp2022_prop_0_0.03.result","/data1/Kane/ACT/audit_results/nnv_strict_20260527/relusplitter/0008__mnist_fc_vnncomp2022_mnist-net_256x4_RSPLITTER_mnist_fc_vnncomp2022_prop_0_0.03__mnist_fc_vnncomp2022_prop_0_0.03.log"
9,"onnx/mnist_fc_vnncomp2022_mnist-net_256x4.onnx","vnnlib/mnist_fc_vnncomp2022_prop_4_0.05.vnnlib",30,30,13.78,"unknown","unknown",0,"/data1/Kane/ACT/audit_results/nnv_strict_20260527/relusplitter/0009__mnist_fc_vnncomp2022_mnist-net_256x4__mnist_fc_vnncomp2022_prop_4_0.05.result","/data1/Kane/ACT/audit_results/nnv_strict_20260527/relusplitter/0009__mnist_fc_vnncomp2022_mnist-net_256x4__mnist_fc_vnncomp2022_prop_4_0.05.log"
10,"onnx/mnist_fc_vnncomp2022_mnist-net_256x4_RSPLITTER_mnist_fc_vnncomp2022_prop_4_0.05.onnx","vnnlib/mnist_fc_vnncomp2022_prop_4_0.05.vnnlib",90,90,12.68,"unknown","unknown",0,"/data1/Kane/ACT/audit_results/nnv_strict_20260527/relusplitter/0010__mnist_fc_vnncomp2022_mnist-net_256x4_RSPLITTER_mnist_fc_vnncomp2022_prop_4_0.05__mnist_fc_vnncomp2022_prop_4_0.05.result","/data1/Kane/ACT/audit_results/nnv_strict_20260527/relusplitter/0010__mnist_fc_vnncomp2022_mnist-net_256x4_RSPLITTER_mnist_fc_vnncomp2022_prop_4_0.05__mnist_fc_vnncomp2022_prop_4_0.05.log"
11,"onnx/mnist_fc_vnncomp2022_mnist-net_256x4.onnx","vnnlib/mnist_fc_vnncomp2022_prop_0_0.05.vnnlib",30,30,13.66,"unknown","unknown",0,"/data1/Kane/ACT/audit_results/nnv_strict_20260527/relusplitter/0011__mnist_fc_vnncomp2022_mnist-net_256x4__mnist_fc_vnncomp2022_prop_0_0.05.result","/data1/Kane/ACT/audit_results/nnv_strict_20260527/relusplitter/0011__mnist_fc_vnncomp2022_mnist-net_256x4__mnist_fc_vnncomp2022_prop_0_0.05.log"
12,"onnx/mnist_fc_vnncomp2022_mnist-net_256x4_RSPLITTER_mnist_fc_vnncomp2022_prop_0_0.05.onnx","vnnlib/mnist_fc_vnncomp2022_prop_0_0.05.vnnlib",90,90,12.73,"unknown","unknown",0,"/data1/Kane/ACT/audit_results/nnv_strict_20260527/relusplitter/0012__mnist_fc_vnncomp2022_mnist-net_256x4_RSPLITTER_mnist_fc_vnncomp2022_prop_0_0.05__mnist_fc_vnncomp2022_prop_0_0.05.result","/data1/Kane/ACT/audit_results/nnv_strict_20260527/relusplitter/0012__mnist_fc_vnncomp2022_mnist-net_256x4_RSPLITTER_mnist_fc_vnncomp2022_prop_0_0.05__mnist_fc_vnncomp2022_prop_0_0.05.log"
13,"onnx/mnist_fc_vnncomp2022_mnist-net_256x4.onnx","vnnlib/mnist_fc_vnncomp2022_prop_12_0.03.vnnlib",30,30,13.66,"unknown","unknown",0,"/data1/Kane/ACT/audit_results/nnv_strict_20260527/relusplitter/0013__mnist_fc_vnncomp2022_mnist-net_256x4__mnist_fc_vnncomp2022_prop_12_0.03.result","/data1/Kane/ACT/audit_results/nnv_strict_20260527/relusplitter/0013__mnist_fc_vnncomp2022_mnist-net_256x4__mnist_fc_vnncomp2022_prop_12_0.03.log"
14,"onnx/mnist_fc_vnncomp2022_mnist-net_256x4_RSPLITTER_mnist_fc_vnncomp2022_prop_12_0.03.onnx","vnnlib/mnist_fc_vnncomp2022_prop_12_0.03.vnnlib",90,90,12.67,"unknown","unknown",0,"/data1/Kane/ACT/audit_results/nnv_strict_20260527/relusplitter/0014__mnist_fc_vnncomp2022_mnist-net_256x4_RSPLITTER_mnist_fc_vnncomp2022_prop_12_0.03__mnist_fc_vnncomp2022_prop_12_0.03.result","/data1/Kane/ACT/audit_results/nnv_strict_20260527/relusplitter/0014__mnist_fc_vnncomp2022_mnist-net_256x4_RSPLITTER_mnist_fc_vnncomp2022_prop_12_0.03__mnist_fc_vnncomp2022_prop_12_0.03.log"
15,"onnx/mnist_fc_vnncomp2022_mnist-net_256x4.onnx","vnnlib/mnist_fc_vnncomp2022_prop_7_0.03.vnnlib",30,30,13.65,"unknown","unknown",0,"/data1/Kane/ACT/audit_results/nnv_strict_20260527/relusplitter/0015__mnist_fc_vnncomp2022_mnist-net_256x4__mnist_fc_vnncomp2022_prop_7_0.03.result","/data1/Kane/ACT/audit_results/nnv_strict_20260527/relusplitter/0015__mnist_fc_vnncomp2022_mnist-net_256x4__mnist_fc_vnncomp2022_prop_7_0.03.log"
16,"onnx/mnist_fc_vnncomp2022_mnist-net_256x4_RSPLITTER_mnist_fc_vnncomp2022_prop_7_0.03.onnx","vnnlib/mnist_fc_vnncomp2022_prop_7_0.03.vnnlib",90,90,12.67,"unknown","unknown",0,"/data1/Kane/ACT/audit_results/nnv_strict_20260527/relusplitter/0016__mnist_fc_vnncomp2022_mnist-net_256x4_RSPLITTER_mnist_fc_vnncomp2022_prop_7_0.03__mnist_fc_vnncomp2022_prop_7_0.03.result","/data1/Kane/ACT/audit_results/nnv_strict_20260527/relusplitter/0016__mnist_fc_vnncomp2022_mnist-net_256x4_RSPLITTER_mnist_fc_vnncomp2022_prop_7_0.03__mnist_fc_vnncomp2022_prop_7_0.03.log"
17,"onnx/mnist_fc_vnncomp2022_mnist-net_256x4.onnx","vnnlib/mnist_fc_vnncomp2022_prop_1_0.05.vnnlib",30,30,13.60,"unknown","unknown",0,"/data1/Kane/ACT/audit_results/nnv_strict_20260527/relusplitter/0017__mnist_fc_vnncomp2022_mnist-net_256x4__mnist_fc_vnncomp2022_prop_1_0.05.result","/data1/Kane/ACT/audit_results/nnv_strict_20260527/relusplitter/0017__mnist_fc_vnncomp2022_mnist-net_256x4__mnist_fc_vnncomp2022_prop_1_0.05.log"
18,"onnx/mnist_fc_vnncomp2022_mnist-net_256x4_RSPLITTER_mnist_fc_vnncomp2022_prop_1_0.05.onnx","vnnlib/mnist_fc_vnncomp2022_prop_1_0.05.vnnlib",90,90,12.93,"unknown","unknown",0,"/data1/Kane/ACT/audit_results/nnv_strict_20260527/relusplitter/0018__mnist_fc_vnncomp2022_mnist-net_256x4_RSPLITTER_mnist_fc_vnncomp2022_prop_1_0.05__mnist_fc_vnncomp2022_prop_1_0.05.result","/data1/Kane/ACT/audit_results/nnv_strict_20260527/relusplitter/0018__mnist_fc_vnncomp2022_mnist-net_256x4_RSPLITTER_mnist_fc_vnncomp2022_prop_1_0.05__mnist_fc_vnncomp2022_prop_1_0.05.log"
19,"onnx/mnist_fc_vnncomp2022_mnist-net_256x4.onnx","vnnlib/mnist_fc_vnncomp2022_prop_7_0.05.vnnlib",30,30,12.77,"unknown","unknown",0,"/data1/Kane/ACT/audit_results/nnv_strict_20260527/relusplitter/0019__mnist_fc_vnncomp2022_mnist-net_256x4__mnist_fc_vnncomp2022_prop_7_0.05.result","/data1/Kane/ACT/audit_results/nnv_strict_20260527/relusplitter/0019__mnist_fc_vnncomp2022_mnist-net_256x4__mnist_fc_vnncomp2022_prop_7_0.05.log"
20,"onnx/mnist_fc_vnncomp2022_mnist-net_256x4_RSPLITTER_mnist_fc_vnncomp2022_prop_7_0.05.onnx","vnnlib/mnist_fc_vnncomp2022_prop_7_0.05.vnnlib",90,90,14.19,"unknown","unknown",0,"/data1/Kane/ACT/audit_results/nnv_strict_20260527/relusplitter/0020__mnist_fc_vnncomp2022_mnist-net_256x4_RSPLITTER_mnist_fc_vnncomp2022_prop_7_0.05__mnist_fc_vnncomp2022_prop_7_0.05.result","/data1/Kane/ACT/audit_results/nnv_strict_20260527/relusplitter/0020__mnist_fc_vnncomp2022_mnist-net_256x4_RSPLITTER_mnist_fc_vnncomp2022_prop_7_0.05__mnist_fc_vnncomp2022_prop_7_0.05.log"
21,"onnx/mnist_fc_vnncomp2022_mnist-net_256x4.onnx","vnnlib/mnist_fc_vnncomp2022_prop_8_0.05.vnnlib",30,30,13.60,"unknown","unknown",0,"/data1/Kane/ACT/audit_results/nnv_strict_20260527/relusplitter/0021__mnist_fc_vnncomp2022_mnist-net_256x4__mnist_fc_vnncomp2022_prop_8_0.05.result","/data1/Kane/ACT/audit_results/nnv_strict_20260527/relusplitter/0021__mnist_fc_vnncomp2022_mnist-net_256x4__mnist_fc_vnncomp2022_prop_8_0.05.log"
22,"onnx/mnist_fc_vnncomp2022_mnist-net_256x4_RSPLITTER_mnist_fc_vnncomp2022_prop_8_0.05.onnx","vnnlib/mnist_fc_vnncomp2022_prop_8_0.05.vnnlib",90,90,13.97,"unknown","unknown",0,"/data1/Kane/ACT/audit_results/nnv_strict_20260527/relusplitter/0022__mnist_fc_vnncomp2022_mnist-net_256x4_RSPLITTER_mnist_fc_vnncomp2022_prop_8_0.05__mnist_fc_vnncomp2022_prop_8_0.05.result","/data1/Kane/ACT/audit_results/nnv_strict_20260527/relusplitter/0022__mnist_fc_vnncomp2022_mnist-net_256x4_RSPLITTER_mnist_fc_vnncomp2022_prop_8_0.05__mnist_fc_vnncomp2022_prop_8_0.05.log"
23,"onnx/mnist_fc_vnncomp2022_mnist-net_256x4.onnx","vnnlib/mnist_fc_vnncomp2022_prop_14_0.03.vnnlib",30,30,13.68,"unknown","unknown",0,"/data1/Kane/ACT/audit_results/nnv_strict_20260527/relusplitter/0023__mnist_fc_vnncomp2022_mnist-net_256x4__mnist_fc_vnncomp2022_prop_14_0.03.result","/data1/Kane/ACT/audit_results/nnv_strict_20260527/relusplitter/0023__mnist_fc_vnncomp2022_mnist-net_256x4__mnist_fc_vnncomp2022_prop_14_0.03.log"
24,"onnx/mnist_fc_vnncomp2022_mnist-net_256x4_RSPLITTER_mnist_fc_vnncomp2022_prop_14_0.03.onnx","vnnlib/mnist_fc_vnncomp2022_prop_14_0.03.vnnlib",90,90,12.44,"unknown","unknown",0,"/data1/Kane/ACT/audit_results/nnv_strict_20260527/relusplitter/0024__mnist_fc_vnncomp2022_mnist-net_256x4_RSPLITTER_mnist_fc_vnncomp2022_prop_14_0.03__mnist_fc_vnncomp2022_prop_14_0.03.result","/data1/Kane/ACT/audit_results/nnv_strict_20260527/relusplitter/0024__mnist_fc_vnncomp2022_mnist-net_256x4_RSPLITTER_mnist_fc_vnncomp2022_prop_14_0.03__mnist_fc_vnncomp2022_prop_14_0.03.log"
25,"onnx/mnist_fc_vnncomp2022_mnist-net_256x4.onnx","vnnlib/mnist_fc_vnncomp2022_prop_13_0.03.vnnlib",30,30,13.62,"unknown","unknown",0,"/data1/Kane/ACT/audit_results/nnv_strict_20260527/relusplitter/0025__mnist_fc_vnncomp2022_mnist-net_256x4__mnist_fc_vnncomp2022_prop_13_0.03.result","/data1/Kane/ACT/audit_results/nnv_strict_20260527/relusplitter/0025__mnist_fc_vnncomp2022_mnist-net_256x4__mnist_fc_vnncomp2022_prop_13_0.03.log"
26,"onnx/mnist_fc_vnncomp2022_mnist-net_256x4_RSPLITTER_mnist_fc_vnncomp2022_prop_13_0.03.onnx","vnnlib/mnist_fc_vnncomp2022_prop_13_0.03.vnnlib",90,90,13.97,"unknown","unknown",0,"/data1/Kane/ACT/audit_results/nnv_strict_20260527/relusplitter/0026__mnist_fc_vnncomp2022_mnist-net_256x4_RSPLITTER_mnist_fc_vnncomp2022_prop_13_0.03__mnist_fc_vnncomp2022_prop_13_0.03.result","/data1/Kane/ACT/audit_results/nnv_strict_20260527/relusplitter/0026__mnist_fc_vnncomp2022_mnist-net_256x4_RSPLITTER_mnist_fc_vnncomp2022_prop_13_0.03__mnist_fc_vnncomp2022_prop_13_0.03.log"
27,"onnx/mnist_fc_vnncomp2022_mnist-net_256x4.onnx","vnnlib/mnist_fc_vnncomp2022_prop_2_0.05.vnnlib",30,30,14.08,"unknown","unknown",0,"/data1/Kane/ACT/audit_results/nnv_strict_20260527/relusplitter/0027__mnist_fc_vnncomp2022_mnist-net_256x4__mnist_fc_vnncomp2022_prop_2_0.05.result","/data1/Kane/ACT/audit_results/nnv_strict_20260527/relusplitter/0027__mnist_fc_vnncomp2022_mnist-net_256x4__mnist_fc_vnncomp2022_prop_2_0.05.log"
28,"onnx/mnist_fc_vnncomp2022_mnist-net_256x4_RSPLITTER_mnist_fc_vnncomp2022_prop_2_0.05.onnx","vnnlib/mnist_fc_vnncomp2022_prop_2_0.05.vnnlib",90,90,12.91,"unknown","unknown",0,"/data1/Kane/ACT/audit_results/nnv_strict_20260527/relusplitter/0028__mnist_fc_vnncomp2022_mnist-net_256x4_RSPLITTER_mnist_fc_vnncomp2022_prop_2_0.05__mnist_fc_vnncomp2022_prop_2_0.05.result","/data1/Kane/ACT/audit_results/nnv_strict_20260527/relusplitter/0028__mnist_fc_vnncomp2022_mnist-net_256x4_RSPLITTER_mnist_fc_vnncomp2022_prop_2_0.05__mnist_fc_vnncomp2022_prop_2_0.05.log"
29,"onnx/mnist_fc_vnncomp2022_mnist-net_256x4.onnx","vnnlib/mnist_fc_vnncomp2022_prop_11_0.03.vnnlib",30,30,13.70,"unknown","unknown",0,"/data1/Kane/ACT/audit_results/nnv_strict_20260527/relusplitter/0029__mnist_fc_vnncomp2022_mnist-net_256x4__mnist_fc_vnncomp2022_prop_11_0.03.result","/data1/Kane/ACT/audit_results/nnv_strict_20260527/relusplitter/0029__mnist_fc_vnncomp2022_mnist-net_256x4__mnist_fc_vnncomp2022_prop_11_0.03.log"
30,"onnx/mnist_fc_vnncomp2022_mnist-net_256x4_RSPLITTER_mnist_fc_vnncomp2022_prop_11_0.03.onnx","vnnlib/mnist_fc_vnncomp2022_prop_11_0.03.vnnlib",90,90,14.21,"unknown","unknown",0,"/data1/Kane/ACT/audit_results/nnv_strict_20260527/relusplitter/0030__mnist_fc_vnncomp2022_mnist-net_256x4_RSPLITTER_mnist_fc_vnncomp2022_prop_11_0.03__mnist_fc_vnncomp2022_prop_11_0.03.result","/data1/Kane/ACT/audit_results/nnv_strict_20260527/relusplitter/0030__mnist_fc_vnncomp2022_mnist-net_256x4_RSPLITTER_mnist_fc_vnncomp2022_prop_11_0.03__mnist_fc_vnncomp2022_prop_11_0.03.log"
31,"onnx/mnist_fc_vnncomp2022_mnist-net_256x4.onnx","vnnlib/mnist_fc_vnncomp2022_prop_11_0.05.vnnlib",30,30,13.58,"unknown","unknown",0,"/data1/Kane/ACT/audit_results/nnv_strict_20260527/relusplitter/0031__mnist_fc_vnncomp2022_mnist-net_256x4__mnist_fc_vnncomp2022_prop_11_0.05.result","/data1/Kane/ACT/audit_results/nnv_strict_20260527/relusplitter/0031__mnist_fc_vnncomp2022_mnist-net_256x4__mnist_fc_vnncomp2022_prop_11_0.05.log"
32,"onnx/mnist_fc_vnncomp2022_mnist-net_256x4_RSPLITTER_mnist_fc_vnncomp2022_prop_11_0.05.onnx","vnnlib/mnist_fc_vnncomp2022_prop_11_0.05.vnnlib",90,90,13.91,"unknown","unknown",0,"/data1/Kane/ACT/audit_results/nnv_strict_20260527/relusplitter/0032__mnist_fc_vnncomp2022_mnist-net_256x4_RSPLITTER_mnist_fc_vnncomp2022_prop_11_0.05__mnist_fc_vnncomp2022_prop_11_0.05.result","/data1/Kane/ACT/audit_results/nnv_strict_20260527/relusplitter/0032__mnist_fc_vnncomp2022_mnist-net_256x4_RSPLITTER_mnist_fc_vnncomp2022_prop_11_0.05__mnist_fc_vnncomp2022_prop_11_0.05.log"
33,"onnx/mnist_fc_vnncomp2022_mnist-net_256x4.onnx","vnnlib/mnist_fc_vnncomp2022_prop_10_0.03.vnnlib",30,30,13.72,"unknown","unknown",0,"/data1/Kane/ACT/audit_results/nnv_strict_20260527/relusplitter/0033__mnist_fc_vnncomp2022_mnist-net_256x4__mnist_fc_vnncomp2022_prop_10_0.03.result","/data1/Kane/ACT/audit_results/nnv_strict_20260527/relusplitter/0033__mnist_fc_vnncomp2022_mnist-net_256x4__mnist_fc_vnncomp2022_prop_10_0.03.log"
34,"onnx/mnist_fc_vnncomp2022_mnist-net_256x4_RSPLITTER_mnist_fc_vnncomp2022_prop_10_0.03.onnx","vnnlib/mnist_fc_vnncomp2022_prop_10_0.03.vnnlib",90,90,12.74,"unknown","unknown",0,"/data1/Kane/ACT/audit_results/nnv_strict_20260527/relusplitter/0034__mnist_fc_vnncomp2022_mnist-net_256x4_RSPLITTER_mnist_fc_vnncomp2022_prop_10_0.03__mnist_fc_vnncomp2022_prop_10_0.03.result","/data1/Kane/ACT/audit_results/nnv_strict_20260527/relusplitter/0034__mnist_fc_vnncomp2022_mnist-net_256x4_RSPLITTER_mnist_fc_vnncomp2022_prop_10_0.03__mnist_fc_vnncomp2022_prop_10_0.03.log"
35,"onnx/mnist_fc_vnncomp2022_mnist-net_256x4.onnx","vnnlib/mnist_fc_vnncomp2022_prop_9_0.03.vnnlib",30,30,14.21,"unknown","unknown",0,"/data1/Kane/ACT/audit_results/nnv_strict_20260527/relusplitter/0035__mnist_fc_vnncomp2022_mnist-net_256x4__mnist_fc_vnncomp2022_prop_9_0.03.result","/data1/Kane/ACT/audit_results/nnv_strict_20260527/relusplitter/0035__mnist_fc_vnncomp2022_mnist-net_256x4__mnist_fc_vnncomp2022_prop_9_0.03.log"
36,"onnx/mnist_fc_vnncomp2022_mnist-net_256x4_RSPLITTER_mnist_fc_vnncomp2022_prop_9_0.03.onnx","vnnlib/mnist_fc_vnncomp2022_prop_9_0.03.vnnlib",90,90,14.16,"unknown","unknown",0,"/data1/Kane/ACT/audit_results/nnv_strict_20260527/relusplitter/0036__mnist_fc_vnncomp2022_mnist-net_256x4_RSPLITTER_mnist_fc_vnncomp2022_prop_9_0.03__mnist_fc_vnncomp2022_prop_9_0.03.result","/data1/Kane/ACT/audit_results/nnv_strict_20260527/relusplitter/0036__mnist_fc_vnncomp2022_mnist-net_256x4_RSPLITTER_mnist_fc_vnncomp2022_prop_9_0.03__mnist_fc_vnncomp2022_prop_9_0.03.log"
37,"onnx/mnist_fc_vnncomp2022_mnist-net_256x4.onnx","vnnlib/mnist_fc_vnncomp2022_prop_10_0.05.vnnlib",30,30,12.64,"unknown","unknown",0,"/data1/Kane/ACT/audit_results/nnv_strict_20260527/relusplitter/0037__mnist_fc_vnncomp2022_mnist-net_256x4__mnist_fc_vnncomp2022_prop_10_0.05.result","/data1/Kane/ACT/audit_results/nnv_strict_20260527/relusplitter/0037__mnist_fc_vnncomp2022_mnist-net_256x4__mnist_fc_vnncomp2022_prop_10_0.05.log"
38,"onnx/mnist_fc_vnncomp2022_mnist-net_256x4_RSPLITTER_mnist_fc_vnncomp2022_prop_10_0.05.onnx","vnnlib/mnist_fc_vnncomp2022_prop_10_0.05.vnnlib",90,90,12.71,"unknown","unknown",0,"/data1/Kane/ACT/audit_results/nnv_strict_20260527/relusplitter/0038__mnist_fc_vnncomp2022_mnist-net_256x4_RSPLITTER_mnist_fc_vnncomp2022_prop_10_0.05__mnist_fc_vnncomp2022_prop_10_0.05.result","/data1/Kane/ACT/audit_results/nnv_strict_20260527/relusplitter/0038__mnist_fc_vnncomp2022_mnist-net_256x4_RSPLITTER_mnist_fc_vnncomp2022_prop_10_0.05__mnist_fc_vnncomp2022_prop_10_0.05.log"
39,"onnx/mnist_fc_vnncomp2022_mnist-net_256x4.onnx","vnnlib/mnist_fc_vnncomp2022_prop_4_0.03.vnnlib",30,30,12.48,"unknown","unknown",0,"/data1/Kane/ACT/audit_results/nnv_strict_20260527/relusplitter/0039__mnist_fc_vnncomp2022_mnist-net_256x4__mnist_fc_vnncomp2022_prop_4_0.03.result","/data1/Kane/ACT/audit_results/nnv_strict_20260527/relusplitter/0039__mnist_fc_vnncomp2022_mnist-net_256x4__mnist_fc_vnncomp2022_prop_4_0.03.log"
40,"onnx/mnist_fc_vnncomp2022_mnist-net_256x4_RSPLITTER_mnist_fc_vnncomp2022_prop_4_0.03.onnx","vnnlib/mnist_fc_vnncomp2022_prop_4_0.03.vnnlib",90,90,13.59,"unknown","unknown",0,"/data1/Kane/ACT/audit_results/nnv_strict_20260527/relusplitter/0040__mnist_fc_vnncomp2022_mnist-net_256x4_RSPLITTER_mnist_fc_vnncomp2022_prop_4_0.03__mnist_fc_vnncomp2022_prop_4_0.03.result","/data1/Kane/ACT/audit_results/nnv_strict_20260527/relusplitter/0040__mnist_fc_vnncomp2022_mnist-net_256x4_RSPLITTER_mnist_fc_vnncomp2022_prop_4_0.03__mnist_fc_vnncomp2022_prop_4_0.03.log"
41,"onnx/mnist_fc_vnncomp2022_mnist-net_256x6.onnx","vnnlib/mnist_fc_vnncomp2022_prop_7_0.05.vnnlib",30,30,14.83,"unknown","unknown",0,"/data1/Kane/ACT/audit_results/nnv_strict_20260527/relusplitter/0041__mnist_fc_vnncomp2022_mnist-net_256x6__mnist_fc_vnncomp2022_prop_7_0.05.result","/data1/Kane/ACT/audit_results/nnv_strict_20260527/relusplitter/0041__mnist_fc_vnncomp2022_mnist-net_256x6__mnist_fc_vnncomp2022_prop_7_0.05.log"
42,"onnx/mnist_fc_vnncomp2022_mnist-net_256x6_RSPLITTER_mnist_fc_vnncomp2022_prop_7_0.05.onnx","vnnlib/mnist_fc_vnncomp2022_prop_7_0.05.vnnlib",90,90,14.86,"unknown","unknown",0,"/data1/Kane/ACT/audit_results/nnv_strict_20260527/relusplitter/0042__mnist_fc_vnncomp2022_mnist-net_256x6_RSPLITTER_mnist_fc_vnncomp2022_prop_7_0.05__mnist_fc_vnncomp2022_prop_7_0.05.result","/data1/Kane/ACT/audit_results/nnv_strict_20260527/relusplitter/0042__mnist_fc_vnncomp2022_mnist-net_256x6_RSPLITTER_mnist_fc_vnncomp2022_prop_7_0.05__mnist_fc_vnncomp2022_prop_7_0.05.log"
43,"onnx/mnist_fc_vnncomp2022_mnist-net_256x6.onnx","vnnlib/mnist_fc_vnncomp2022_prop_4_0.05.vnnlib",30,30,14.94,"unknown","unknown",0,"/data1/Kane/ACT/audit_results/nnv_strict_20260527/relusplitter/0043__mnist_fc_vnncomp2022_mnist-net_256x6__mnist_fc_vnncomp2022_prop_4_0.05.result","/data1/Kane/ACT/audit_results/nnv_strict_20260527/relusplitter/0043__mnist_fc_vnncomp2022_mnist-net_256x6__mnist_fc_vnncomp2022_prop_4_0.05.log"
44,"onnx/mnist_fc_vnncomp2022_mnist-net_256x6_RSPLITTER_mnist_fc_vnncomp2022_prop_4_0.05.onnx","vnnlib/mnist_fc_vnncomp2022_prop_4_0.05.vnnlib",90,90,14.78,"unknown","unknown",0,"/data1/Kane/ACT/audit_results/nnv_strict_20260527/relusplitter/0044__mnist_fc_vnncomp2022_mnist-net_256x6_RSPLITTER_mnist_fc_vnncomp2022_prop_4_0.05__mnist_fc_vnncomp2022_prop_4_0.05.result","/data1/Kane/ACT/audit_results/nnv_strict_20260527/relusplitter/0044__mnist_fc_vnncomp2022_mnist-net_256x6_RSPLITTER_mnist_fc_vnncomp2022_prop_4_0.05__mnist_fc_vnncomp2022_prop_4_0.05.log"
45,"onnx/mnist_fc_vnncomp2022_mnist-net_256x6.onnx","vnnlib/mnist_fc_vnncomp2022_prop_3_0.05.vnnlib",30,30,14.38,"unknown","unknown",0,"/data1/Kane/ACT/audit_results/nnv_strict_20260527/relusplitter/0045__mnist_fc_vnncomp2022_mnist-net_256x6__mnist_fc_vnncomp2022_prop_3_0.05.result","/data1/Kane/ACT/audit_results/nnv_strict_20260527/relusplitter/0045__mnist_fc_vnncomp2022_mnist-net_256x6__mnist_fc_vnncomp2022_prop_3_0.05.log"
46,"onnx/mnist_fc_vnncomp2022_mnist-net_256x6_RSPLITTER_mnist_fc_vnncomp2022_prop_3_0.05.onnx","vnnlib/mnist_fc_vnncomp2022_prop_3_0.05.vnnlib",90,90,13.35,"unknown","unknown",0,"/data1/Kane/ACT/audit_results/nnv_strict_20260527/relusplitter/0046__mnist_fc_vnncomp2022_mnist-net_256x6_RSPLITTER_mnist_fc_vnncomp2022_prop_3_0.05__mnist_fc_vnncomp2022_prop_3_0.05.result","/data1/Kane/ACT/audit_results/nnv_strict_20260527/relusplitter/0046__mnist_fc_vnncomp2022_mnist-net_256x6_RSPLITTER_mnist_fc_vnncomp2022_prop_3_0.05__mnist_fc_vnncomp2022_prop_3_0.05.log"
47,"onnx/mnist_fc_vnncomp2022_mnist-net_256x6.onnx","vnnlib/mnist_fc_vnncomp2022_prop_3_0.03.vnnlib",30,30,14.34,"unknown","unknown",0,"/data1/Kane/ACT/audit_results/nnv_strict_20260527/relusplitter/0047__mnist_fc_vnncomp2022_mnist-net_256x6__mnist_fc_vnncomp2022_prop_3_0.03.result","/data1/Kane/ACT/audit_results/nnv_strict_20260527/relusplitter/0047__mnist_fc_vnncomp2022_mnist-net_256x6__mnist_fc_vnncomp2022_prop_3_0.03.log"
48,"onnx/mnist_fc_vnncomp2022_mnist-net_256x6_RSPLITTER_mnist_fc_vnncomp2022_prop_3_0.03.onnx","vnnlib/mnist_fc_vnncomp2022_prop_3_0.03.vnnlib",90,90,13.27,"unknown","unknown",0,"/data1/Kane/ACT/audit_results/nnv_strict_20260527/relusplitter/0048__mnist_fc_vnncomp2022_mnist-net_256x6_RSPLITTER_mnist_fc_vnncomp2022_prop_3_0.03__mnist_fc_vnncomp2022_prop_3_0.03.result","/data1/Kane/ACT/audit_results/nnv_strict_20260527/relusplitter/0048__mnist_fc_vnncomp2022_mnist-net_256x6_RSPLITTER_mnist_fc_vnncomp2022_prop_3_0.03__mnist_fc_vnncomp2022_prop_3_0.03.log"
49,"onnx/mnist_fc_vnncomp2022_mnist-net_256x6.onnx","vnnlib/mnist_fc_vnncomp2022_prop_14_0.05.vnnlib",30,30,14.49,"unknown","unknown",0,"/data1/Kane/ACT/audit_results/nnv_strict_20260527/relusplitter/0049__mnist_fc_vnncomp2022_mnist-net_256x6__mnist_fc_vnncomp2022_prop_14_0.05.result","/data1/Kane/ACT/audit_results/nnv_strict_20260527/relusplitter/0049__mnist_fc_vnncomp2022_mnist-net_256x6__mnist_fc_vnncomp2022_prop_14_0.05.log"
50,"onnx/mnist_fc_vnncomp2022_mnist-net_256x6_RSPLITTER_mnist_fc_vnncomp2022_prop_14_0.05.onnx","vnnlib/mnist_fc_vnncomp2022_prop_14_0.05.vnnlib",90,90,14.55,"unknown","unknown",0,"/data1/Kane/ACT/audit_results/nnv_strict_20260527/relusplitter/0050__mnist_fc_vnncomp2022_mnist-net_256x6_RSPLITTER_mnist_fc_vnncomp2022_prop_14_0.05__mnist_fc_vnncomp2022_prop_14_0.05.result","/data1/Kane/ACT/audit_results/nnv_strict_20260527/relusplitter/0050__mnist_fc_vnncomp2022_mnist-net_256x6_RSPLITTER_mnist_fc_vnncomp2022_prop_14_0.05__mnist_fc_vnncomp2022_prop_14_0.05.log"
51,"onnx/mnist_fc_vnncomp2022_mnist-net_256x6.onnx","vnnlib/mnist_fc_vnncomp2022_prop_0_0.05.vnnlib",30,30,13.31,"unknown","unknown",0,"/data1/Kane/ACT/audit_results/nnv_strict_20260527/relusplitter/0051__mnist_fc_vnncomp2022_mnist-net_256x6__mnist_fc_vnncomp2022_prop_0_0.05.result","/data1/Kane/ACT/audit_results/nnv_strict_20260527/relusplitter/0051__mnist_fc_vnncomp2022_mnist-net_256x6__mnist_fc_vnncomp2022_prop_0_0.05.log"
52,"onnx/mnist_fc_vnncomp2022_mnist-net_256x6_RSPLITTER_mnist_fc_vnncomp2022_prop_0_0.05.onnx","vnnlib/mnist_fc_vnncomp2022_prop_0_0.05.vnnlib",90,90,14.21,"unknown","unknown",0,"/data1/Kane/ACT/audit_results/nnv_strict_20260527/relusplitter/0052__mnist_fc_vnncomp2022_mnist-net_256x6_RSPLITTER_mnist_fc_vnncomp2022_prop_0_0.05__mnist_fc_vnncomp2022_prop_0_0.05.result","/data1/Kane/ACT/audit_results/nnv_strict_20260527/relusplitter/0052__mnist_fc_vnncomp2022_mnist-net_256x6_RSPLITTER_mnist_fc_vnncomp2022_prop_0_0.05__mnist_fc_vnncomp2022_prop_0_0.05.log"
53,"onnx/mnist_fc_vnncomp2022_mnist-net_256x6.onnx","vnnlib/mnist_fc_vnncomp2022_prop_9_0.03.vnnlib",30,30,12.44,"unknown","unknown",0,"/data1/Kane/ACT/audit_results/nnv_strict_20260527/relusplitter/0053__mnist_fc_vnncomp2022_mnist-net_256x6__mnist_fc_vnncomp2022_prop_9_0.03.result","/data1/Kane/ACT/audit_results/nnv_strict_20260527/relusplitter/0053__mnist_fc_vnncomp2022_mnist-net_256x6__mnist_fc_vnncomp2022_prop_9_0.03.log"
54,"onnx/mnist_fc_vnncomp2022_mnist-net_256x6_RSPLITTER_mnist_fc_vnncomp2022_prop_9_0.03.onnx","vnnlib/mnist_fc_vnncomp2022_prop_9_0.03.vnnlib",90,90,14.42,"unknown","unknown",0,"/data1/Kane/ACT/audit_results/nnv_strict_20260527/relusplitter/0054__mnist_fc_vnncomp2022_mnist-net_256x6_RSPLITTER_mnist_fc_vnncomp2022_prop_9_0.03__mnist_fc_vnncomp2022_prop_9_0.03.result","/data1/Kane/ACT/audit_results/nnv_strict_20260527/relusplitter/0054__mnist_fc_vnncomp2022_mnist-net_256x6_RSPLITTER_mnist_fc_vnncomp2022_prop_9_0.03__mnist_fc_vnncomp2022_prop_9_0.03.log"
55,"onnx/mnist_fc_vnncomp2022_mnist-net_256x6.onnx","vnnlib/mnist_fc_vnncomp2022_prop_12_0.03.vnnlib",30,30,14.20,"unknown","unknown",0,"/data1/Kane/ACT/audit_results/nnv_strict_20260527/relusplitter/0055__mnist_fc_vnncomp2022_mnist-net_256x6__mnist_fc_vnncomp2022_prop_12_0.03.result","/data1/Kane/ACT/audit_results/nnv_strict_20260527/relusplitter/0055__mnist_fc_vnncomp2022_mnist-net_256x6__mnist_fc_vnncomp2022_prop_12_0.03.log"
56,"onnx/mnist_fc_vnncomp2022_mnist-net_256x6_RSPLITTER_mnist_fc_vnncomp2022_prop_12_0.03.onnx","vnnlib/mnist_fc_vnncomp2022_prop_12_0.03.vnnlib",90,90,13.70,"unknown","unknown",0,"/data1/Kane/ACT/audit_results/nnv_strict_20260527/relusplitter/0056__mnist_fc_vnncomp2022_mnist-net_256x6_RSPLITTER_mnist_fc_vnncomp2022_prop_12_0.03__mnist_fc_vnncomp2022_prop_12_0.03.result","/data1/Kane/ACT/audit_results/nnv_strict_20260527/relusplitter/0056__mnist_fc_vnncomp2022_mnist-net_256x6_RSPLITTER_mnist_fc_vnncomp2022_prop_12_0.03__mnist_fc_vnncomp2022_prop_12_0.03.log"
57,"onnx/mnist_fc_vnncomp2022_mnist-net_256x6.onnx","vnnlib/mnist_fc_vnncomp2022_prop_1_0.03.vnnlib",30,30,13.07,"unknown","unknown",0,"/data1/Kane/ACT/audit_results/nnv_strict_20260527/relusplitter/0057__mnist_fc_vnncomp2022_mnist-net_256x6__mnist_fc_vnncomp2022_prop_1_0.03.result","/data1/Kane/ACT/audit_results/nnv_strict_20260527/relusplitter/0057__mnist_fc_vnncomp2022_mnist-net_256x6__mnist_fc_vnncomp2022_prop_1_0.03.log"
58,"onnx/mnist_fc_vnncomp2022_mnist-net_256x6_RSPLITTER_mnist_fc_vnncomp2022_prop_1_0.03.onnx","vnnlib/mnist_fc_vnncomp2022_prop_1_0.03.vnnlib",90,90,15.15,"unknown","unknown",0,"/data1/Kane/ACT/audit_results/nnv_strict_20260527/relusplitter/0058__mnist_fc_vnncomp2022_mnist-net_256x6_RSPLITTER_mnist_fc_vnncomp2022_prop_1_0.03__mnist_fc_vnncomp2022_prop_1_0.03.result","/data1/Kane/ACT/audit_results/nnv_strict_20260527/relusplitter/0058__mnist_fc_vnncomp2022_mnist-net_256x6_RSPLITTER_mnist_fc_vnncomp2022_prop_1_0.03__mnist_fc_vnncomp2022_prop_1_0.03.log"
59,"onnx/mnist_fc_vnncomp2022_mnist-net_256x6.onnx","vnnlib/mnist_fc_vnncomp2022_prop_5_0.05.vnnlib",30,30,14.60,"unknown","unknown",0,"/data1/Kane/ACT/audit_results/nnv_strict_20260527/relusplitter/0059__mnist_fc_vnncomp2022_mnist-net_256x6__mnist_fc_vnncomp2022_prop_5_0.05.result","/data1/Kane/ACT/audit_results/nnv_strict_20260527/relusplitter/0059__mnist_fc_vnncomp2022_mnist-net_256x6__mnist_fc_vnncomp2022_prop_5_0.05.log"
60,"onnx/mnist_fc_vnncomp2022_mnist-net_256x6_RSPLITTER_mnist_fc_vnncomp2022_prop_5_0.05.onnx","vnnlib/mnist_fc_vnncomp2022_prop_5_0.05.vnnlib",90,90,14.88,"unknown","unknown",0,"/data1/Kane/ACT/audit_results/nnv_strict_20260527/relusplitter/0060__mnist_fc_vnncomp2022_mnist-net_256x6_RSPLITTER_mnist_fc_vnncomp2022_prop_5_0.05__mnist_fc_vnncomp2022_prop_5_0.05.result","/data1/Kane/ACT/audit_results/nnv_strict_20260527/relusplitter/0060__mnist_fc_vnncomp2022_mnist-net_256x6_RSPLITTER_mnist_fc_vnncomp2022_prop_5_0.05__mnist_fc_vnncomp2022_prop_5_0.05.log"
61,"onnx/mnist_fc_vnncomp2022_mnist-net_256x6.onnx","vnnlib/mnist_fc_vnncomp2022_prop_10_0.05.vnnlib",30,30,13.39,"unknown","unknown",0,"/data1/Kane/ACT/audit_results/nnv_strict_20260527/relusplitter/0061__mnist_fc_vnncomp2022_mnist-net_256x6__mnist_fc_vnncomp2022_prop_10_0.05.result","/data1/Kane/ACT/audit_results/nnv_strict_20260527/relusplitter/0061__mnist_fc_vnncomp2022_mnist-net_256x6__mnist_fc_vnncomp2022_prop_10_0.05.log"
62,"onnx/mnist_fc_vnncomp2022_mnist-net_256x6_RSPLITTER_mnist_fc_vnncomp2022_prop_10_0.05.onnx","vnnlib/mnist_fc_vnncomp2022_prop_10_0.05.vnnlib",90,90,13.64,"unknown","unknown",0,"/data1/Kane/ACT/audit_results/nnv_strict_20260527/relusplitter/0062__mnist_fc_vnncomp2022_mnist-net_256x6_RSPLITTER_mnist_fc_vnncomp2022_prop_10_0.05__mnist_fc_vnncomp2022_prop_10_0.05.result","/data1/Kane/ACT/audit_results/nnv_strict_20260527/relusplitter/0062__mnist_fc_vnncomp2022_mnist-net_256x6_RSPLITTER_mnist_fc_vnncomp2022_prop_10_0.05__mnist_fc_vnncomp2022_prop_10_0.05.log"
63,"onnx/mnist_fc_vnncomp2022_mnist-net_256x6.onnx","vnnlib/mnist_fc_vnncomp2022_prop_11_0.03.vnnlib",30,30,14.69,"unknown","unknown",0,"/data1/Kane/ACT/audit_results/nnv_strict_20260527/relusplitter/0063__mnist_fc_vnncomp2022_mnist-net_256x6__mnist_fc_vnncomp2022_prop_11_0.03.result","/data1/Kane/ACT/audit_results/nnv_strict_20260527/relusplitter/0063__mnist_fc_vnncomp2022_mnist-net_256x6__mnist_fc_vnncomp2022_prop_11_0.03.log"
64,"onnx/mnist_fc_vnncomp2022_mnist-net_256x6_RSPLITTER_mnist_fc_vnncomp2022_prop_11_0.03.onnx","vnnlib/mnist_fc_vnncomp2022_prop_11_0.03.vnnlib",90,90,14.86,"unknown","unknown",0,"/data1/Kane/ACT/audit_results/nnv_strict_20260527/relusplitter/0064__mnist_fc_vnncomp2022_mnist-net_256x6_RSPLITTER_mnist_fc_vnncomp2022_prop_11_0.03__mnist_fc_vnncomp2022_prop_11_0.03.result","/data1/Kane/ACT/audit_results/nnv_strict_20260527/relusplitter/0064__mnist_fc_vnncomp2022_mnist-net_256x6_RSPLITTER_mnist_fc_vnncomp2022_prop_11_0.03__mnist_fc_vnncomp2022_prop_11_0.03.log"
65,"onnx/mnist_fc_vnncomp2022_mnist-net_256x6.onnx","vnnlib/mnist_fc_vnncomp2022_prop_6_0.03.vnnlib",30,30,13.08,"unknown","unknown",0,"/data1/Kane/ACT/audit_results/nnv_strict_20260527/relusplitter/0065__mnist_fc_vnncomp2022_mnist-net_256x6__mnist_fc_vnncomp2022_prop_6_0.03.result","/data1/Kane/ACT/audit_results/nnv_strict_20260527/relusplitter/0065__mnist_fc_vnncomp2022_mnist-net_256x6__mnist_fc_vnncomp2022_prop_6_0.03.log"
66,"onnx/mnist_fc_vnncomp2022_mnist-net_256x6_RSPLITTER_mnist_fc_vnncomp2022_prop_6_0.03.onnx","vnnlib/mnist_fc_vnncomp2022_prop_6_0.03.vnnlib",90,90,14.19,"unknown","unknown",0,"/data1/Kane/ACT/audit_results/nnv_strict_20260527/relusplitter/0066__mnist_fc_vnncomp2022_mnist-net_256x6_RSPLITTER_mnist_fc_vnncomp2022_prop_6_0.03__mnist_fc_vnncomp2022_prop_6_0.03.result","/data1/Kane/ACT/audit_results/nnv_strict_20260527/relusplitter/0066__mnist_fc_vnncomp2022_mnist-net_256x6_RSPLITTER_mnist_fc_vnncomp2022_prop_6_0.03__mnist_fc_vnncomp2022_prop_6_0.03.log"
67,"onnx/mnist_fc_vnncomp2022_mnist-net_256x6.onnx","vnnlib/mnist_fc_vnncomp2022_prop_14_0.03.vnnlib",30,30,14.18,"unknown","unknown",0,"/data1/Kane/ACT/audit_results/nnv_strict_20260527/relusplitter/0067__mnist_fc_vnncomp2022_mnist-net_256x6__mnist_fc_vnncomp2022_prop_14_0.03.result","/data1/Kane/ACT/audit_results/nnv_strict_20260527/relusplitter/0067__mnist_fc_vnncomp2022_mnist-net_256x6__mnist_fc_vnncomp2022_prop_14_0.03.log"
68,"onnx/mnist_fc_vnncomp2022_mnist-net_256x6_RSPLITTER_mnist_fc_vnncomp2022_prop_14_0.03.onnx","vnnlib/mnist_fc_vnncomp2022_prop_14_0.03.vnnlib",90,90,14.52,"unknown","unknown",0,"/data1/Kane/ACT/audit_results/nnv_strict_20260527/relusplitter/0068__mnist_fc_vnncomp2022_mnist-net_256x6_RSPLITTER_mnist_fc_vnncomp2022_prop_14_0.03__mnist_fc_vnncomp2022_prop_14_0.03.result","/data1/Kane/ACT/audit_results/nnv_strict_20260527/relusplitter/0068__mnist_fc_vnncomp2022_mnist-net_256x6_RSPLITTER_mnist_fc_vnncomp2022_prop_14_0.03__mnist_fc_vnncomp2022_prop_14_0.03.log"
69,"onnx/mnist_fc_vnncomp2022_mnist-net_256x6.onnx","vnnlib/mnist_fc_vnncomp2022_prop_7_0.03.vnnlib",30,30,13.59,"unknown","unknown",0,"/data1/Kane/ACT/audit_results/nnv_strict_20260527/relusplitter/0069__mnist_fc_vnncomp2022_mnist-net_256x6__mnist_fc_vnncomp2022_prop_7_0.03.result","/data1/Kane/ACT/audit_results/nnv_strict_20260527/relusplitter/0069__mnist_fc_vnncomp2022_mnist-net_256x6__mnist_fc_vnncomp2022_prop_7_0.03.log"
70,"onnx/mnist_fc_vnncomp2022_mnist-net_256x6_RSPLITTER_mnist_fc_vnncomp2022_prop_7_0.03.onnx","vnnlib/mnist_fc_vnncomp2022_prop_7_0.03.vnnlib",90,90,14.80,"unknown","unknown",0,"/data1/Kane/ACT/audit_results/nnv_strict_20260527/relusplitter/0070__mnist_fc_vnncomp2022_mnist-net_256x6_RSPLITTER_mnist_fc_vnncomp2022_prop_7_0.03__mnist_fc_vnncomp2022_prop_7_0.03.result","/data1/Kane/ACT/audit_results/nnv_strict_20260527/relusplitter/0070__mnist_fc_vnncomp2022_mnist-net_256x6_RSPLITTER_mnist_fc_vnncomp2022_prop_7_0.03__mnist_fc_vnncomp2022_prop_7_0.03.log"
71,"onnx/mnist_fc_vnncomp2022_mnist-net_256x6.onnx","vnnlib/mnist_fc_vnncomp2022_prop_8_0.05.vnnlib",30,30,15.13,"unknown","unknown",0,"/data1/Kane/ACT/audit_results/nnv_strict_20260527/relusplitter/0071__mnist_fc_vnncomp2022_mnist-net_256x6__mnist_fc_vnncomp2022_prop_8_0.05.result","/data1/Kane/ACT/audit_results/nnv_strict_20260527/relusplitter/0071__mnist_fc_vnncomp2022_mnist-net_256x6__mnist_fc_vnncomp2022_prop_8_0.05.log"
72,"onnx/mnist_fc_vnncomp2022_mnist-net_256x6_RSPLITTER_mnist_fc_vnncomp2022_prop_8_0.05.onnx","vnnlib/mnist_fc_vnncomp2022_prop_8_0.05.vnnlib",90,90,14.18,"unknown","unknown",0,"/data1/Kane/ACT/audit_results/nnv_strict_20260527/relusplitter/0072__mnist_fc_vnncomp2022_mnist-net_256x6_RSPLITTER_mnist_fc_vnncomp2022_prop_8_0.05__mnist_fc_vnncomp2022_prop_8_0.05.result","/data1/Kane/ACT/audit_results/nnv_strict_20260527/relusplitter/0072__mnist_fc_vnncomp2022_mnist-net_256x6_RSPLITTER_mnist_fc_vnncomp2022_prop_8_0.05__mnist_fc_vnncomp2022_prop_8_0.05.log"
73,"onnx/mnist_fc_vnncomp2022_mnist-net_256x6.onnx","vnnlib/mnist_fc_vnncomp2022_prop_4_0.03.vnnlib",30,30,16.61,"unknown","unknown",0,"/data1/Kane/ACT/audit_results/nnv_strict_20260527/relusplitter/0073__mnist_fc_vnncomp2022_mnist-net_256x6__mnist_fc_vnncomp2022_prop_4_0.03.result","/data1/Kane/ACT/audit_results/nnv_strict_20260527/relusplitter/0073__mnist_fc_vnncomp2022_mnist-net_256x6__mnist_fc_vnncomp2022_prop_4_0.03.log"
74,"onnx/mnist_fc_vnncomp2022_mnist-net_256x6_RSPLITTER_mnist_fc_vnncomp2022_prop_4_0.03.onnx","vnnlib/mnist_fc_vnncomp2022_prop_4_0.03.vnnlib",90,90,14.54,"unknown","unknown",0,"/data1/Kane/ACT/audit_results/nnv_strict_20260527/relusplitter/0074__mnist_fc_vnncomp2022_mnist-net_256x6_RSPLITTER_mnist_fc_vnncomp2022_prop_4_0.03__mnist_fc_vnncomp2022_prop_4_0.03.result","/data1/Kane/ACT/audit_results/nnv_strict_20260527/relusplitter/0074__mnist_fc_vnncomp2022_mnist-net_256x6_RSPLITTER_mnist_fc_vnncomp2022_prop_4_0.03__mnist_fc_vnncomp2022_prop_4_0.03.log"
75,"onnx/mnist_fc_vnncomp2022_mnist-net_256x6.onnx","vnnlib/mnist_fc_vnncomp2022_prop_6_0.05.vnnlib",30,30,14.66,"unknown","unknown",0,"/data1/Kane/ACT/audit_results/nnv_strict_20260527/relusplitter/0075__mnist_fc_vnncomp2022_mnist-net_256x6__mnist_fc_vnncomp2022_prop_6_0.05.result","/data1/Kane/ACT/audit_results/nnv_strict_20260527/relusplitter/0075__mnist_fc_vnncomp2022_mnist-net_256x6__mnist_fc_vnncomp2022_prop_6_0.05.log"
76,"onnx/mnist_fc_vnncomp2022_mnist-net_256x6_RSPLITTER_mnist_fc_vnncomp2022_prop_6_0.05.onnx","vnnlib/mnist_fc_vnncomp2022_prop_6_0.05.vnnlib",90,90,14.91,"unknown","unknown",0,"/data1/Kane/ACT/audit_results/nnv_strict_20260527/relusplitter/0076__mnist_fc_vnncomp2022_mnist-net_256x6_RSPLITTER_mnist_fc_vnncomp2022_prop_6_0.05__mnist_fc_vnncomp2022_prop_6_0.05.result","/data1/Kane/ACT/audit_results/nnv_strict_20260527/relusplitter/0076__mnist_fc_vnncomp2022_mnist-net_256x6_RSPLITTER_mnist_fc_vnncomp2022_prop_6_0.05__mnist_fc_vnncomp2022_prop_6_0.05.log"
77,"onnx/mnist_fc_vnncomp2022_mnist-net_256x6.onnx","vnnlib/mnist_fc_vnncomp2022_prop_9_0.05.vnnlib",30,30,14.63,"unknown","unknown",0,"/data1/Kane/ACT/audit_results/nnv_strict_20260527/relusplitter/0077__mnist_fc_vnncomp2022_mnist-net_256x6__mnist_fc_vnncomp2022_prop_9_0.05.result","/data1/Kane/ACT/audit_results/nnv_strict_20260527/relusplitter/0077__mnist_fc_vnncomp2022_mnist-net_256x6__mnist_fc_vnncomp2022_prop_9_0.05.log"
78,"onnx/mnist_fc_vnncomp2022_mnist-net_256x6_RSPLITTER_mnist_fc_vnncomp2022_prop_9_0.05.onnx","vnnlib/mnist_fc_vnncomp2022_prop_9_0.05.vnnlib",90,90,14.44,"unknown","unknown",0,"/data1/Kane/ACT/audit_results/nnv_strict_20260527/relusplitter/0078__mnist_fc_vnncomp2022_mnist-net_256x6_RSPLITTER_mnist_fc_vnncomp2022_prop_9_0.05__mnist_fc_vnncomp2022_prop_9_0.05.result","/data1/Kane/ACT/audit_results/nnv_strict_20260527/relusplitter/0078__mnist_fc_vnncomp2022_mnist-net_256x6_RSPLITTER_mnist_fc_vnncomp2022_prop_9_0.05__mnist_fc_vnncomp2022_prop_9_0.05.log"
79,"onnx/mnist_fc_vnncomp2022_mnist-net_256x6.onnx","vnnlib/mnist_fc_vnncomp2022_prop_13_0.03.vnnlib",30,30,14.35,"unknown","unknown",0,"/data1/Kane/ACT/audit_results/nnv_strict_20260527/relusplitter/0079__mnist_fc_vnncomp2022_mnist-net_256x6__mnist_fc_vnncomp2022_prop_13_0.03.result","/data1/Kane/ACT/audit_results/nnv_strict_20260527/relusplitter/0079__mnist_fc_vnncomp2022_mnist-net_256x6__mnist_fc_vnncomp2022_prop_13_0.03.log"
80,"onnx/mnist_fc_vnncomp2022_mnist-net_256x6_RSPLITTER_mnist_fc_vnncomp2022_prop_13_0.03.onnx","vnnlib/mnist_fc_vnncomp2022_prop_13_0.03.vnnlib",90,90,14.78,"unknown","unknown",0,"/data1/Kane/ACT/audit_results/nnv_strict_20260527/relusplitter/0080__mnist_fc_vnncomp2022_mnist-net_256x6_RSPLITTER_mnist_fc_vnncomp2022_prop_13_0.03__mnist_fc_vnncomp2022_prop_13_0.03.result","/data1/Kane/ACT/audit_results/nnv_strict_20260527/relusplitter/0080__mnist_fc_vnncomp2022_mnist-net_256x6_RSPLITTER_mnist_fc_vnncomp2022_prop_13_0.03__mnist_fc_vnncomp2022_prop_13_0.03.log"
81,"onnx/oval21-benchmark_cifar_base_kw.onnx","vnnlib/oval21-benchmark_cifar_base_kw-img3365-eps0.0407843137254902.vnnlib",60,60,14.83,"unknown","unknown",0,"/data1/Kane/ACT/audit_results/nnv_strict_20260527/relusplitter/0081__oval21-benchmark_cifar_base_kw__oval21-benchmark_cifar_base_kw-img3365-eps0.0407843137254902.result","/data1/Kane/ACT/audit_results/nnv_strict_20260527/relusplitter/0081__oval21-benchmark_cifar_base_kw__oval21-benchmark_cifar_base_kw-img3365-eps0.0407843137254902.log"
82,"onnx/oval21-benchmark_cifar_base_kw_RSPLITTER_oval21-benchmark_cifar_base_kw-img3365-eps0.0407843137254902.onnx","vnnlib/oval21-benchmark_cifar_base_kw-img3365-eps0.0407843137254902.vnnlib",180,180,15.08,"unknown","unknown",0,"/data1/Kane/ACT/audit_results/nnv_strict_20260527/relusplitter/0082__oval21-benchmark_cifar_base_kw_RSPLITTER_oval21-benchmark_cifar_base_kw-img3365-eps0.0407843137254902__oval21-benchmark_cifar_base_kw-img3365-eps0.0407843137254902.result","/data1/Kane/ACT/audit_results/nnv_strict_20260527/relusplitter/0082__oval21-benchmark_cifar_base_kw_RSPLITTER_oval21-benchmark_cifar_base_kw-img3365-eps0.0407843137254902__oval21-benchmark_cifar_base_kw-img3365-eps0.0407843137254902.log"
83,"onnx/oval21-benchmark_cifar_base_kw.onnx","vnnlib/oval21-benchmark_cifar_base_kw-img2537-eps0.006666666666666667.vnnlib",60,60,13.60,"unknown","unknown",0,"/data1/Kane/ACT/audit_results/nnv_strict_20260527/relusplitter/0083__oval21-benchmark_cifar_base_kw__oval21-benchmark_cifar_base_kw-img2537-eps0.006666666666666667.result","/data1/Kane/ACT/audit_results/nnv_strict_20260527/relusplitter/0083__oval21-benchmark_cifar_base_kw__oval21-benchmark_cifar_base_kw-img2537-eps0.006666666666666667.log"
84,"onnx/oval21-benchmark_cifar_base_kw_RSPLITTER_oval21-benchmark_cifar_base_kw-img2537-eps0.006666666666666667.onnx","vnnlib/oval21-benchmark_cifar_base_kw-img2537-eps0.006666666666666667.vnnlib",180,180,14.38,"unknown","unknown",0,"/data1/Kane/ACT/audit_results/nnv_strict_20260527/relusplitter/0084__oval21-benchmark_cifar_base_kw_RSPLITTER_oval21-benchmark_cifar_base_kw-img2537-eps0.006666666666666667__oval21-benchmark_cifar_base_kw-img2537-eps0.006666666666666667.result","/data1/Kane/ACT/audit_results/nnv_strict_20260527/relusplitter/0084__oval21-benchmark_cifar_base_kw_RSPLITTER_oval21-benchmark_cifar_base_kw-img2537-eps0.006666666666666667__oval21-benchmark_cifar_base_kw-img2537-eps0.006666666666666667.log"
85,"onnx/oval21-benchmark_cifar_base_kw.onnx","vnnlib/oval21-benchmark_cifar_base_kw-img1900-eps0.03934640522875817.vnnlib",60,60,14.31,"unknown","unknown",0,"/data1/Kane/ACT/audit_results/nnv_strict_20260527/relusplitter/0085__oval21-benchmark_cifar_base_kw__oval21-benchmark_cifar_base_kw-img1900-eps0.03934640522875817.result","/data1/Kane/ACT/audit_results/nnv_strict_20260527/relusplitter/0085__oval21-benchmark_cifar_base_kw__oval21-benchmark_cifar_base_kw-img1900-eps0.03934640522875817.log"
86,"onnx/oval21-benchmark_cifar_base_kw_RSPLITTER_oval21-benchmark_cifar_base_kw-img1900-eps0.03934640522875817.onnx","vnnlib/oval21-benchmark_cifar_base_kw-img1900-eps0.03934640522875817.vnnlib",180,180,16.40,"unknown","unknown",0,"/data1/Kane/ACT/audit_results/nnv_strict_20260527/relusplitter/0086__oval21-benchmark_cifar_base_kw_RSPLITTER_oval21-benchmark_cifar_base_kw-img1900-eps0.03934640522875817__oval21-benchmark_cifar_base_kw-img1900-eps0.03934640522875817.result","/data1/Kane/ACT/audit_results/nnv_strict_20260527/relusplitter/0086__oval21-benchmark_cifar_base_kw_RSPLITTER_oval21-benchmark_cifar_base_kw-img1900-eps0.03934640522875817__oval21-benchmark_cifar_base_kw-img1900-eps0.03934640522875817.log"
87,"onnx/oval21-benchmark_cifar_base_kw.onnx","vnnlib/oval21-benchmark_cifar_base_kw-img395-eps0.003790849673202614.vnnlib",60,60,13.83,"unknown","unknown",0,"/data1/Kane/ACT/audit_results/nnv_strict_20260527/relusplitter/0087__oval21-benchmark_cifar_base_kw__oval21-benchmark_cifar_base_kw-img395-eps0.003790849673202614.result","/data1/Kane/ACT/audit_results/nnv_strict_20260527/relusplitter/0087__oval21-benchmark_cifar_base_kw__oval21-benchmark_cifar_base_kw-img395-eps0.003790849673202614.log"
88,"onnx/oval21-benchmark_cifar_base_kw_RSPLITTER_oval21-benchmark_cifar_base_kw-img395-eps0.003790849673202614.onnx","vnnlib/oval21-benchmark_cifar_base_kw-img395-eps0.003790849673202614.vnnlib",180,180,14.07,"unknown","unknown",0,"/data1/Kane/ACT/audit_results/nnv_strict_20260527/relusplitter/0088__oval21-benchmark_cifar_base_kw_RSPLITTER_oval21-benchmark_cifar_base_kw-img395-eps0.003790849673202614__oval21-benchmark_cifar_base_kw-img395-eps0.003790849673202614.result","/data1/Kane/ACT/audit_results/nnv_strict_20260527/relusplitter/0088__oval21-benchmark_cifar_base_kw_RSPLITTER_oval21-benchmark_cifar_base_kw-img395-eps0.003790849673202614__oval21-benchmark_cifar_base_kw-img395-eps0.003790849673202614.log"
89,"onnx/oval21-benchmark_cifar_base_kw.onnx","vnnlib/oval21-benchmark_cifar_base_kw-img6098-eps0.006666666666666666.vnnlib",60,60,12.93,"unknown","unknown",0,"/data1/Kane/ACT/audit_results/nnv_strict_20260527/relusplitter/0089__oval21-benchmark_cifar_base_kw__oval21-benchmark_cifar_base_kw-img6098-eps0.006666666666666666.result","/data1/Kane/ACT/audit_results/nnv_strict_20260527/relusplitter/0089__oval21-benchmark_cifar_base_kw__oval21-benchmark_cifar_base_kw-img6098-eps0.006666666666666666.log"
90,"onnx/oval21-benchmark_cifar_base_kw_RSPLITTER_oval21-benchmark_cifar_base_kw-img6098-eps0.006666666666666666.onnx","vnnlib/oval21-benchmark_cifar_base_kw-img6098-eps0.006666666666666666.vnnlib",180,180,22.32,"unknown","unknown",0,"/data1/Kane/ACT/audit_results/nnv_strict_20260527/relusplitter/0090__oval21-benchmark_cifar_base_kw_RSPLITTER_oval21-benchmark_cifar_base_kw-img6098-eps0.006666666666666666__oval21-benchmark_cifar_base_kw-img6098-eps0.006666666666666666.result","/data1/Kane/ACT/audit_results/nnv_strict_20260527/relusplitter/0090__oval21-benchmark_cifar_base_kw_RSPLITTER_oval21-benchmark_cifar_base_kw-img6098-eps0.006666666666666666__oval21-benchmark_cifar_base_kw-img6098-eps0.006666666666666666.log"
91,"onnx/oval21-benchmark_cifar_base_kw.onnx","vnnlib/oval21-benchmark_cifar_base_kw-img2153-eps0.04196078431372549.vnnlib",60,60,16.19,"unknown","unknown",0,"/data1/Kane/ACT/audit_results/nnv_strict_20260527/relusplitter/0091__oval21-benchmark_cifar_base_kw__oval21-benchmark_cifar_base_kw-img2153-eps0.04196078431372549.result","/data1/Kane/ACT/audit_results/nnv_strict_20260527/relusplitter/0091__oval21-benchmark_cifar_base_kw__oval21-benchmark_cifar_base_kw-img2153-eps0.04196078431372549.log"
92,"onnx/oval21-benchmark_cifar_base_kw_RSPLITTER_oval21-benchmark_cifar_base_kw-img2153-eps0.04196078431372549.onnx","vnnlib/oval21-benchmark_cifar_base_kw-img2153-eps0.04196078431372549.vnnlib",180,180,54.43,"unknown","unknown",0,"/data1/Kane/ACT/audit_results/nnv_strict_20260527/relusplitter/0092__oval21-benchmark_cifar_base_kw_RSPLITTER_oval21-benchmark_cifar_base_kw-img2153-eps0.04196078431372549__oval21-benchmark_cifar_base_kw-img2153-eps0.04196078431372549.result","/data1/Kane/ACT/audit_results/nnv_strict_20260527/relusplitter/0092__oval21-benchmark_cifar_base_kw_RSPLITTER_oval21-benchmark_cifar_base_kw-img2153-eps0.04196078431372549__oval21-benchmark_cifar_base_kw-img2153-eps0.04196078431372549.log"
93,"onnx/oval21-benchmark_cifar_base_kw.onnx","vnnlib/oval21-benchmark_cifar_base_kw-img1204-eps0.024967320261437907.vnnlib",60,60,114.37,"","timeout_killed",124,"/data1/Kane/ACT/audit_results/nnv_strict_20260527/relusplitter/0093__oval21-benchmark_cifar_base_kw__oval21-benchmark_cifar_base_kw-img1204-eps0.024967320261437907.result","/data1/Kane/ACT/audit_results/nnv_strict_20260527/relusplitter/0093__oval21-benchmark_cifar_base_kw__oval21-benchmark_cifar_base_kw-img1204-eps0.024967320261437907.log"
94,"onnx/oval21-benchmark_cifar_base_kw_RSPLITTER_oval21-benchmark_cifar_base_kw-img1204-eps0.024967320261437907.onnx","vnnlib/oval21-benchmark_cifar_base_kw-img1204-eps0.024967320261437907.vnnlib",180,180,19.74,"unknown","unknown",0,"/data1/Kane/ACT/audit_results/nnv_strict_20260527/relusplitter/0094__oval21-benchmark_cifar_base_kw_RSPLITTER_oval21-benchmark_cifar_base_kw-img1204-eps0.024967320261437907__oval21-benchmark_cifar_base_kw-img1204-eps0.024967320261437907.result","/data1/Kane/ACT/audit_results/nnv_strict_20260527/relusplitter/0094__oval21-benchmark_cifar_base_kw_RSPLITTER_oval21-benchmark_cifar_base_kw-img1204-eps0.024967320261437907__oval21-benchmark_cifar_base_kw-img1204-eps0.024967320261437907.log"
95,"onnx/oval21-benchmark_cifar_base_kw.onnx","vnnlib/oval21-benchmark_cifar_base_kw-img2341-eps0.049150326797385624.vnnlib",60,60,14.59,"unknown","unknown",0,"/data1/Kane/ACT/audit_results/nnv_strict_20260527/relusplitter/0095__oval21-benchmark_cifar_base_kw__oval21-benchmark_cifar_base_kw-img2341-eps0.049150326797385624.result","/data1/Kane/ACT/audit_results/nnv_strict_20260527/relusplitter/0095__oval21-benchmark_cifar_base_kw__oval21-benchmark_cifar_base_kw-img2341-eps0.049150326797385624.log"
96,"onnx/oval21-benchmark_cifar_base_kw_RSPLITTER_oval21-benchmark_cifar_base_kw-img2341-eps0.049150326797385624.onnx","vnnlib/oval21-benchmark_cifar_base_kw-img2341-eps0.049150326797385624.vnnlib",180,180,23.69,"unknown","unknown",0,"/data1/Kane/ACT/audit_results/nnv_strict_20260527/relusplitter/0096__oval21-benchmark_cifar_base_kw_RSPLITTER_oval21-benchmark_cifar_base_kw-img2341-eps0.049150326797385624__oval21-benchmark_cifar_base_kw-img2341-eps0.049150326797385624.result","/data1/Kane/ACT/audit_results/nnv_strict_20260527/relusplitter/0096__oval21-benchmark_cifar_base_kw_RSPLITTER_oval21-benchmark_cifar_base_kw-img2341-eps0.049150326797385624__oval21-benchmark_cifar_base_kw-img2341-eps0.049150326797385624.log"
97,"onnx/oval21-benchmark_cifar_base_kw.onnx","vnnlib/oval21-benchmark_cifar_base_kw-img8258-eps0.005620915032679739.vnnlib",60,60,14.25,"unknown","unknown",0,"/data1/Kane/ACT/audit_results/nnv_strict_20260527/relusplitter/0097__oval21-benchmark_cifar_base_kw__oval21-benchmark_cifar_base_kw-img8258-eps0.005620915032679739.result","/data1/Kane/ACT/audit_results/nnv_strict_20260527/relusplitter/0097__oval21-benchmark_cifar_base_kw__oval21-benchmark_cifar_base_kw-img8258-eps0.005620915032679739.log"
98,"onnx/oval21-benchmark_cifar_base_kw_RSPLITTER_oval21-benchmark_cifar_base_kw-img8258-eps0.005620915032679739.onnx","vnnlib/oval21-benchmark_cifar_base_kw-img8258-eps0.005620915032679739.vnnlib",180,180,14.65,"unknown","unknown",0,"/data1/Kane/ACT/audit_results/nnv_strict_20260527/relusplitter/0098__oval21-benchmark_cifar_base_kw_RSPLITTER_oval21-benchmark_cifar_base_kw-img8258-eps0.005620915032679739__oval21-benchmark_cifar_base_kw-img8258-eps0.005620915032679739.result","/data1/Kane/ACT/audit_results/nnv_strict_20260527/relusplitter/0098__oval21-benchmark_cifar_base_kw_RSPLITTER_oval21-benchmark_cifar_base_kw-img8258-eps0.005620915032679739__oval21-benchmark_cifar_base_kw-img8258-eps0.005620915032679739.log"
99,"onnx/oval21-benchmark_cifar_base_kw.onnx","vnnlib/oval21-benchmark_cifar_base_kw-img4386-eps0.011111111111111112.vnnlib",60,60,14.16,"unknown","unknown",0,"/data1/Kane/ACT/audit_results/nnv_strict_20260527/relusplitter/0099__oval21-benchmark_cifar_base_kw__oval21-benchmark_cifar_base_kw-img4386-eps0.011111111111111112.result","/data1/Kane/ACT/audit_results/nnv_strict_20260527/relusplitter/0099__oval21-benchmark_cifar_base_kw__oval21-benchmark_cifar_base_kw-img4386-eps0.011111111111111112.log"
100,"onnx/oval21-benchmark_cifar_base_kw_RSPLITTER_oval21-benchmark_cifar_base_kw-img4386-eps0.011111111111111112.onnx","vnnlib/oval21-benchmark_cifar_base_kw-img4386-eps0.011111111111111112.vnnlib",180,180,13.64,"unknown","unknown",0,"/data1/Kane/ACT/audit_results/nnv_strict_20260527/relusplitter/0100__oval21-benchmark_cifar_base_kw_RSPLITTER_oval21-benchmark_cifar_base_kw-img4386-eps0.011111111111111112__oval21-benchmark_cifar_base_kw-img4386-eps0.011111111111111112.result","/data1/Kane/ACT/audit_results/nnv_strict_20260527/relusplitter/0100__oval21-benchmark_cifar_base_kw_RSPLITTER_oval21-benchmark_cifar_base_kw-img4386-eps0.011111111111111112__oval21-benchmark_cifar_base_kw-img4386-eps0.011111111111111112.log"
101,"onnx/oval21-benchmark_cifar_deep_kw.onnx","vnnlib/oval21-benchmark_cifar_deep_kw-img3039-eps0.035686274509803925.vnnlib",60,60,57.44,"unknown","unknown",0,"/data1/Kane/ACT/audit_results/nnv_strict_20260527/relusplitter/0101__oval21-benchmark_cifar_deep_kw__oval21-benchmark_cifar_deep_kw-img3039-eps0.035686274509803925.result","/data1/Kane/ACT/audit_results/nnv_strict_20260527/relusplitter/0101__oval21-benchmark_cifar_deep_kw__oval21-benchmark_cifar_deep_kw-img3039-eps0.035686274509803925.log"
102,"onnx/oval21-benchmark_cifar_deep_kw_RSPLITTER_oval21-benchmark_cifar_deep_kw-img3039-eps0.035686274509803925.onnx","vnnlib/oval21-benchmark_cifar_deep_kw-img3039-eps0.035686274509803925.vnnlib",180,180,111.41,"unknown","unknown",0,"/data1/Kane/ACT/audit_results/nnv_strict_20260527/relusplitter/0102__oval21-benchmark_cifar_deep_kw_RSPLITTER_oval21-benchmark_cifar_deep_kw-img3039-eps0.035686274509803925__oval21-benchmark_cifar_deep_kw-img3039-eps0.035686274509803925.result","/data1/Kane/ACT/audit_results/nnv_strict_20260527/relusplitter/0102__oval21-benchmark_cifar_deep_kw_RSPLITTER_oval21-benchmark_cifar_deep_kw-img3039-eps0.035686274509803925__oval21-benchmark_cifar_deep_kw-img3039-eps0.035686274509803925.log"
103,"onnx/oval21-benchmark_cifar_deep_kw.onnx","vnnlib/oval21-benchmark_cifar_deep_kw-img6995-eps0.00954248366013072.vnnlib",60,60,14.62,"unknown","unknown",0,"/data1/Kane/ACT/audit_results/nnv_strict_20260527/relusplitter/0103__oval21-benchmark_cifar_deep_kw__oval21-benchmark_cifar_deep_kw-img6995-eps0.00954248366013072.result","/data1/Kane/ACT/audit_results/nnv_strict_20260527/relusplitter/0103__oval21-benchmark_cifar_deep_kw__oval21-benchmark_cifar_deep_kw-img6995-eps0.00954248366013072.log"
104,"onnx/oval21-benchmark_cifar_deep_kw_RSPLITTER_oval21-benchmark_cifar_deep_kw-img6995-eps0.00954248366013072.onnx","vnnlib/oval21-benchmark_cifar_deep_kw-img6995-eps0.00954248366013072.vnnlib",180,180,15.47,"unknown","unknown",0,"/data1/Kane/ACT/audit_results/nnv_strict_20260527/relusplitter/0104__oval21-benchmark_cifar_deep_kw_RSPLITTER_oval21-benchmark_cifar_deep_kw-img6995-eps0.00954248366013072__oval21-benchmark_cifar_deep_kw-img6995-eps0.00954248366013072.result","/data1/Kane/ACT/audit_results/nnv_strict_20260527/relusplitter/0104__oval21-benchmark_cifar_deep_kw_RSPLITTER_oval21-benchmark_cifar_deep_kw-img6995-eps0.00954248366013072__oval21-benchmark_cifar_deep_kw-img6995-eps0.00954248366013072.log"
105,"onnx/oval21-benchmark_cifar_deep_kw.onnx","vnnlib/oval21-benchmark_cifar_deep_kw-img7358-eps0.03869281045751634.vnnlib",60,60,78.19,"unknown","unknown",0,"/data1/Kane/ACT/audit_results/nnv_strict_20260527/relusplitter/0105__oval21-benchmark_cifar_deep_kw__oval21-benchmark_cifar_deep_kw-img7358-eps0.03869281045751634.result","/data1/Kane/ACT/audit_results/nnv_strict_20260527/relusplitter/0105__oval21-benchmark_cifar_deep_kw__oval21-benchmark_cifar_deep_kw-img7358-eps0.03869281045751634.log"
106,"onnx/oval21-benchmark_cifar_deep_kw_RSPLITTER_oval21-benchmark_cifar_deep_kw-img7358-eps0.03869281045751634.onnx","vnnlib/oval21-benchmark_cifar_deep_kw-img7358-eps0.03869281045751634.vnnlib",180,180,186.02,"unknown","unknown",0,"/data1/Kane/ACT/audit_results/nnv_strict_20260527/relusplitter/0106__oval21-benchmark_cifar_deep_kw_RSPLITTER_oval21-benchmark_cifar_deep_kw-img7358-eps0.03869281045751634__oval21-benchmark_cifar_deep_kw-img7358-eps0.03869281045751634.result","/data1/Kane/ACT/audit_results/nnv_strict_20260527/relusplitter/0106__oval21-benchmark_cifar_deep_kw_RSPLITTER_oval21-benchmark_cifar_deep_kw-img7358-eps0.03869281045751634__oval21-benchmark_cifar_deep_kw-img7358-eps0.03869281045751634.log"
107,"onnx/oval21-benchmark_cifar_deep_kw.onnx","vnnlib/oval21-benchmark_cifar_deep_kw-img4387-eps0.04705882352941177.vnnlib",60,60,90.18,"","timeout_killed",124,"/data1/Kane/ACT/audit_results/nnv_strict_20260527/relusplitter/0107__oval21-benchmark_cifar_deep_kw__oval21-benchmark_cifar_deep_kw-img4387-eps0.04705882352941177.result","/data1/Kane/ACT/audit_results/nnv_strict_20260527/relusplitter/0107__oval21-benchmark_cifar_deep_kw__oval21-benchmark_cifar_deep_kw-img4387-eps0.04705882352941177.log"
108,"onnx/oval21-benchmark_cifar_deep_kw_RSPLITTER_oval21-benchmark_cifar_deep_kw-img4387-eps0.04705882352941177.onnx","vnnlib/oval21-benchmark_cifar_deep_kw-img4387-eps0.04705882352941177.vnnlib",180,180,210.23,"","timeout_killed",124,"/data1/Kane/ACT/audit_results/nnv_strict_20260527/relusplitter/0108__oval21-benchmark_cifar_deep_kw_RSPLITTER_oval21-benchmark_cifar_deep_kw-img4387-eps0.04705882352941177__oval21-benchmark_cifar_deep_kw-img4387-eps0.04705882352941177.result","/data1/Kane/ACT/audit_results/nnv_strict_20260527/relusplitter/0108__oval21-benchmark_cifar_deep_kw_RSPLITTER_oval21-benchmark_cifar_deep_kw-img4387-eps0.04705882352941177__oval21-benchmark_cifar_deep_kw-img4387-eps0.04705882352941177.log"
109,"onnx/oval21-benchmark_cifar_deep_kw.onnx","vnnlib/oval21-benchmark_cifar_deep_kw-img2920-eps0.014248366013071896.vnnlib",60,60,18.05,"unknown","unknown",0,"/data1/Kane/ACT/audit_results/nnv_strict_20260527/relusplitter/0109__oval21-benchmark_cifar_deep_kw__oval21-benchmark_cifar_deep_kw-img2920-eps0.014248366013071896.result","/data1/Kane/ACT/audit_results/nnv_strict_20260527/relusplitter/0109__oval21-benchmark_cifar_deep_kw__oval21-benchmark_cifar_deep_kw-img2920-eps0.014248366013071896.log"
110,"onnx/oval21-benchmark_cifar_deep_kw_RSPLITTER_oval21-benchmark_cifar_deep_kw-img2920-eps0.014248366013071896.onnx","vnnlib/oval21-benchmark_cifar_deep_kw-img2920-eps0.014248366013071896.vnnlib",180,180,18.15,"unknown","unknown",0,"/data1/Kane/ACT/audit_results/nnv_strict_20260527/relusplitter/0110__oval21-benchmark_cifar_deep_kw_RSPLITTER_oval21-benchmark_cifar_deep_kw-img2920-eps0.014248366013071896__oval21-benchmark_cifar_deep_kw-img2920-eps0.014248366013071896.result","/data1/Kane/ACT/audit_results/nnv_strict_20260527/relusplitter/0110__oval21-benchmark_cifar_deep_kw_RSPLITTER_oval21-benchmark_cifar_deep_kw-img2920-eps0.014248366013071896__oval21-benchmark_cifar_deep_kw-img2920-eps0.014248366013071896.log"
111,"onnx/oval21-benchmark_cifar_deep_kw.onnx","vnnlib/oval21-benchmark_cifar_deep_kw-img4740-eps0.01647058823529412.vnnlib",60,60,21.26,"unknown","unknown",0,"/data1/Kane/ACT/audit_results/nnv_strict_20260527/relusplitter/0111__oval21-benchmark_cifar_deep_kw__oval21-benchmark_cifar_deep_kw-img4740-eps0.01647058823529412.result","/data1/Kane/ACT/audit_results/nnv_strict_20260527/relusplitter/0111__oval21-benchmark_cifar_deep_kw__oval21-benchmark_cifar_deep_kw-img4740-eps0.01647058823529412.log"
112,"onnx/oval21-benchmark_cifar_deep_kw_RSPLITTER_oval21-benchmark_cifar_deep_kw-img4740-eps0.01647058823529412.onnx","vnnlib/oval21-benchmark_cifar_deep_kw-img4740-eps0.01647058823529412.vnnlib",180,180,20.18,"unknown","unknown",0,"/data1/Kane/ACT/audit_results/nnv_strict_20260527/relusplitter/0112__oval21-benchmark_cifar_deep_kw_RSPLITTER_oval21-benchmark_cifar_deep_kw-img4740-eps0.01647058823529412__oval21-benchmark_cifar_deep_kw-img4740-eps0.01647058823529412.result","/data1/Kane/ACT/audit_results/nnv_strict_20260527/relusplitter/0112__oval21-benchmark_cifar_deep_kw_RSPLITTER_oval21-benchmark_cifar_deep_kw-img4740-eps0.01647058823529412__oval21-benchmark_cifar_deep_kw-img4740-eps0.01647058823529412.log"
113,"onnx/oval21-benchmark_cifar_deep_kw.onnx","vnnlib/oval21-benchmark_cifar_deep_kw-img917-eps0.04235294117647059.vnnlib",60,60,28.44,"unknown","unknown",0,"/data1/Kane/ACT/audit_results/nnv_strict_20260527/relusplitter/0113__oval21-benchmark_cifar_deep_kw__oval21-benchmark_cifar_deep_kw-img917-eps0.04235294117647059.result","/data1/Kane/ACT/audit_results/nnv_strict_20260527/relusplitter/0113__oval21-benchmark_cifar_deep_kw__oval21-benchmark_cifar_deep_kw-img917-eps0.04235294117647059.log"
114,"onnx/oval21-benchmark_cifar_deep_kw_RSPLITTER_oval21-benchmark_cifar_deep_kw-img917-eps0.04235294117647059.onnx","vnnlib/oval21-benchmark_cifar_deep_kw-img917-eps0.04235294117647059.vnnlib",180,180,90.02,"unknown","unknown",0,"/data1/Kane/ACT/audit_results/nnv_strict_20260527/relusplitter/0114__oval21-benchmark_cifar_deep_kw_RSPLITTER_oval21-benchmark_cifar_deep_kw-img917-eps0.04235294117647059__oval21-benchmark_cifar_deep_kw-img917-eps0.04235294117647059.result","/data1/Kane/ACT/audit_results/nnv_strict_20260527/relusplitter/0114__oval21-benchmark_cifar_deep_kw_RSPLITTER_oval21-benchmark_cifar_deep_kw-img917-eps0.04235294117647059__oval21-benchmark_cifar_deep_kw-img917-eps0.04235294117647059.log"
115,"onnx/oval21-benchmark_cifar_deep_kw.onnx","vnnlib/oval21-benchmark_cifar_deep_kw-img5988-eps0.037516339869281046.vnnlib",60,60,42.37,"unknown","unknown",0,"/data1/Kane/ACT/audit_results/nnv_strict_20260527/relusplitter/0115__oval21-benchmark_cifar_deep_kw__oval21-benchmark_cifar_deep_kw-img5988-eps0.037516339869281046.result","/data1/Kane/ACT/audit_results/nnv_strict_20260527/relusplitter/0115__oval21-benchmark_cifar_deep_kw__oval21-benchmark_cifar_deep_kw-img5988-eps0.037516339869281046.log"
116,"onnx/oval21-benchmark_cifar_deep_kw_RSPLITTER_oval21-benchmark_cifar_deep_kw-img5988-eps0.037516339869281046.onnx","vnnlib/oval21-benchmark_cifar_deep_kw-img5988-eps0.037516339869281046.vnnlib",180,180,59.24,"unknown","unknown",0,"/data1/Kane/ACT/audit_results/nnv_strict_20260527/relusplitter/0116__oval21-benchmark_cifar_deep_kw_RSPLITTER_oval21-benchmark_cifar_deep_kw-img5988-eps0.037516339869281046__oval21-benchmark_cifar_deep_kw-img5988-eps0.037516339869281046.result","/data1/Kane/ACT/audit_results/nnv_strict_20260527/relusplitter/0116__oval21-benchmark_cifar_deep_kw_RSPLITTER_oval21-benchmark_cifar_deep_kw-img5988-eps0.037516339869281046__oval21-benchmark_cifar_deep_kw-img5988-eps0.037516339869281046.log"
117,"onnx/oval21-benchmark_cifar_deep_kw.onnx","vnnlib/oval21-benchmark_cifar_deep_kw-img6254-eps0.013594771241830067.vnnlib",60,60,16.17,"unknown","unknown",0,"/data1/Kane/ACT/audit_results/nnv_strict_20260527/relusplitter/0117__oval21-benchmark_cifar_deep_kw__oval21-benchmark_cifar_deep_kw-img6254-eps0.013594771241830067.result","/data1/Kane/ACT/audit_results/nnv_strict_20260527/relusplitter/0117__oval21-benchmark_cifar_deep_kw__oval21-benchmark_cifar_deep_kw-img6254-eps0.013594771241830067.log"
118,"onnx/oval21-benchmark_cifar_deep_kw_RSPLITTER_oval21-benchmark_cifar_deep_kw-img6254-eps0.013594771241830067.onnx","vnnlib/oval21-benchmark_cifar_deep_kw-img6254-eps0.013594771241830067.vnnlib",180,180,18.93,"unknown","unknown",0,"/data1/Kane/ACT/audit_results/nnv_strict_20260527/relusplitter/0118__oval21-benchmark_cifar_deep_kw_RSPLITTER_oval21-benchmark_cifar_deep_kw-img6254-eps0.013594771241830067__oval21-benchmark_cifar_deep_kw-img6254-eps0.013594771241830067.result","/data1/Kane/ACT/audit_results/nnv_strict_20260527/relusplitter/0118__oval21-benchmark_cifar_deep_kw_RSPLITTER_oval21-benchmark_cifar_deep_kw-img6254-eps0.013594771241830067__oval21-benchmark_cifar_deep_kw-img6254-eps0.013594771241830067.log"
119,"onnx/oval21-benchmark_cifar_deep_kw.onnx","vnnlib/oval21-benchmark_cifar_deep_kw-img3782-eps0.053202614379084974.vnnlib",60,60,37.47,"unknown","unknown",0,"/data1/Kane/ACT/audit_results/nnv_strict_20260527/relusplitter/0119__oval21-benchmark_cifar_deep_kw__oval21-benchmark_cifar_deep_kw-img3782-eps0.053202614379084974.result","/data1/Kane/ACT/audit_results/nnv_strict_20260527/relusplitter/0119__oval21-benchmark_cifar_deep_kw__oval21-benchmark_cifar_deep_kw-img3782-eps0.053202614379084974.log"
120,"onnx/oval21-benchmark_cifar_deep_kw_RSPLITTER_oval21-benchmark_cifar_deep_kw-img3782-eps0.053202614379084974.onnx","vnnlib/oval21-benchmark_cifar_deep_kw-img3782-eps0.053202614379084974.vnnlib",180,180,98.91,"unknown","unknown",0,"/data1/Kane/ACT/audit_results/nnv_strict_20260527/relusplitter/0120__oval21-benchmark_cifar_deep_kw_RSPLITTER_oval21-benchmark_cifar_deep_kw-img3782-eps0.053202614379084974__oval21-benchmark_cifar_deep_kw-img3782-eps0.053202614379084974.result","/data1/Kane/ACT/audit_results/nnv_strict_20260527/relusplitter/0120__oval21-benchmark_cifar_deep_kw_RSPLITTER_oval21-benchmark_cifar_deep_kw-img3782-eps0.053202614379084974__oval21-benchmark_cifar_deep_kw-img3782-eps0.053202614379084974.log"
121,"onnx/oval21-benchmark_cifar_wide_kw.onnx","vnnlib/oval21-benchmark_cifar_wide_kw-img4351-eps0.03633986928104575.vnnlib",60,60,38.78,"unknown","unknown",0,"/data1/Kane/ACT/audit_results/nnv_strict_20260527/relusplitter/0121__oval21-benchmark_cifar_wide_kw__oval21-benchmark_cifar_wide_kw-img4351-eps0.03633986928104575.result","/data1/Kane/ACT/audit_results/nnv_strict_20260527/relusplitter/0121__oval21-benchmark_cifar_wide_kw__oval21-benchmark_cifar_wide_kw-img4351-eps0.03633986928104575.log"
122,"onnx/oval21-benchmark_cifar_wide_kw_RSPLITTER_oval21-benchmark_cifar_wide_kw-img4351-eps0.03633986928104575.onnx","vnnlib/oval21-benchmark_cifar_wide_kw-img4351-eps0.03633986928104575.vnnlib",180,180,75.50,"unknown","unknown",0,"/data1/Kane/ACT/audit_results/nnv_strict_20260527/relusplitter/0122__oval21-benchmark_cifar_wide_kw_RSPLITTER_oval21-benchmark_cifar_wide_kw-img4351-eps0.03633986928104575__oval21-benchmark_cifar_wide_kw-img4351-eps0.03633986928104575.result","/data1/Kane/ACT/audit_results/nnv_strict_20260527/relusplitter/0122__oval21-benchmark_cifar_wide_kw_RSPLITTER_oval21-benchmark_cifar_wide_kw-img4351-eps0.03633986928104575__oval21-benchmark_cifar_wide_kw-img4351-eps0.03633986928104575.log"
123,"onnx/oval21-benchmark_cifar_wide_kw.onnx","vnnlib/oval21-benchmark_cifar_wide_kw-img7814-eps0.01738562091503268.vnnlib",60,60,13.88,"unknown","unknown",0,"/data1/Kane/ACT/audit_results/nnv_strict_20260527/relusplitter/0123__oval21-benchmark_cifar_wide_kw__oval21-benchmark_cifar_wide_kw-img7814-eps0.01738562091503268.result","/data1/Kane/ACT/audit_results/nnv_strict_20260527/relusplitter/0123__oval21-benchmark_cifar_wide_kw__oval21-benchmark_cifar_wide_kw-img7814-eps0.01738562091503268.log"
124,"onnx/oval21-benchmark_cifar_wide_kw_RSPLITTER_oval21-benchmark_cifar_wide_kw-img7814-eps0.01738562091503268.onnx","vnnlib/oval21-benchmark_cifar_wide_kw-img7814-eps0.01738562091503268.vnnlib",180,180,16.76,"unknown","unknown",0,"/data1/Kane/ACT/audit_results/nnv_strict_20260527/relusplitter/0124__oval21-benchmark_cifar_wide_kw_RSPLITTER_oval21-benchmark_cifar_wide_kw-img7814-eps0.01738562091503268__oval21-benchmark_cifar_wide_kw-img7814-eps0.01738562091503268.result","/data1/Kane/ACT/audit_results/nnv_strict_20260527/relusplitter/0124__oval21-benchmark_cifar_wide_kw_RSPLITTER_oval21-benchmark_cifar_wide_kw-img7814-eps0.01738562091503268__oval21-benchmark_cifar_wide_kw-img7814-eps0.01738562091503268.log"
125,"onnx/oval21-benchmark_cifar_wide_kw.onnx","vnnlib/oval21-benchmark_cifar_wide_kw-img2440-eps0.010588235294117648.vnnlib",60,60,12.55,"unknown","unknown",0,"/data1/Kane/ACT/audit_results/nnv_strict_20260527/relusplitter/0125__oval21-benchmark_cifar_wide_kw__oval21-benchmark_cifar_wide_kw-img2440-eps0.010588235294117648.result","/data1/Kane/ACT/audit_results/nnv_strict_20260527/relusplitter/0125__oval21-benchmark_cifar_wide_kw__oval21-benchmark_cifar_wide_kw-img2440-eps0.010588235294117648.log"
126,"onnx/oval21-benchmark_cifar_wide_kw_RSPLITTER_oval21-benchmark_cifar_wide_kw-img2440-eps0.010588235294117648.onnx","vnnlib/oval21-benchmark_cifar_wide_kw-img2440-eps0.010588235294117648.vnnlib",180,180,13.91,"unknown","unknown",0,"/data1/Kane/ACT/audit_results/nnv_strict_20260527/relusplitter/0126__oval21-benchmark_cifar_wide_kw_RSPLITTER_oval21-benchmark_cifar_wide_kw-img2440-eps0.010588235294117648__oval21-benchmark_cifar_wide_kw-img2440-eps0.010588235294117648.result","/data1/Kane/ACT/audit_results/nnv_strict_20260527/relusplitter/0126__oval21-benchmark_cifar_wide_kw_RSPLITTER_oval21-benchmark_cifar_wide_kw-img2440-eps0.010588235294117648__oval21-benchmark_cifar_wide_kw-img2440-eps0.010588235294117648.log"
127,"onnx/oval21-benchmark_cifar_wide_kw.onnx","vnnlib/oval21-benchmark_cifar_wide_kw-img6947-eps0.019084967320261437.vnnlib",60,60,14.61,"unknown","unknown",0,"/data1/Kane/ACT/audit_results/nnv_strict_20260527/relusplitter/0127__oval21-benchmark_cifar_wide_kw__oval21-benchmark_cifar_wide_kw-img6947-eps0.019084967320261437.result","/data1/Kane/ACT/audit_results/nnv_strict_20260527/relusplitter/0127__oval21-benchmark_cifar_wide_kw__oval21-benchmark_cifar_wide_kw-img6947-eps0.019084967320261437.log"
128,"onnx/oval21-benchmark_cifar_wide_kw_RSPLITTER_oval21-benchmark_cifar_wide_kw-img6947-eps0.019084967320261437.onnx","vnnlib/oval21-benchmark_cifar_wide_kw-img6947-eps0.019084967320261437.vnnlib",180,180,16.09,"unknown","unknown",0,"/data1/Kane/ACT/audit_results/nnv_strict_20260527/relusplitter/0128__oval21-benchmark_cifar_wide_kw_RSPLITTER_oval21-benchmark_cifar_wide_kw-img6947-eps0.019084967320261437__oval21-benchmark_cifar_wide_kw-img6947-eps0.019084967320261437.result","/data1/Kane/ACT/audit_results/nnv_strict_20260527/relusplitter/0128__oval21-benchmark_cifar_wide_kw_RSPLITTER_oval21-benchmark_cifar_wide_kw-img6947-eps0.019084967320261437__oval21-benchmark_cifar_wide_kw-img6947-eps0.019084967320261437.log"
129,"onnx/oval21-benchmark_cifar_wide_kw.onnx","vnnlib/oval21-benchmark_cifar_wide_kw-img4760-eps0.0134640522875817.vnnlib",60,60,13.77,"unknown","unknown",0,"/data1/Kane/ACT/audit_results/nnv_strict_20260527/relusplitter/0129__oval21-benchmark_cifar_wide_kw__oval21-benchmark_cifar_wide_kw-img4760-eps0.0134640522875817.result","/data1/Kane/ACT/audit_results/nnv_strict_20260527/relusplitter/0129__oval21-benchmark_cifar_wide_kw__oval21-benchmark_cifar_wide_kw-img4760-eps0.0134640522875817.log"
130,"onnx/oval21-benchmark_cifar_wide_kw_RSPLITTER_oval21-benchmark_cifar_wide_kw-img4760-eps0.0134640522875817.onnx","vnnlib/oval21-benchmark_cifar_wide_kw-img4760-eps0.0134640522875817.vnnlib",180,180,15.17,"unknown","unknown",0,"/data1/Kane/ACT/audit_results/nnv_strict_20260527/relusplitter/0130__oval21-benchmark_cifar_wide_kw_RSPLITTER_oval21-benchmark_cifar_wide_kw-img4760-eps0.0134640522875817__oval21-benchmark_cifar_wide_kw-img4760-eps0.0134640522875817.result","/data1/Kane/ACT/audit_results/nnv_strict_20260527/relusplitter/0130__oval21-benchmark_cifar_wide_kw_RSPLITTER_oval21-benchmark_cifar_wide_kw-img4760-eps0.0134640522875817__oval21-benchmark_cifar_wide_kw-img4760-eps0.0134640522875817.log"
131,"onnx/oval21-benchmark_cifar_wide_kw.onnx","vnnlib/oval21-benchmark_cifar_wide_kw-img4409-eps0.021307189542483663.vnnlib",60,60,13.12,"unknown","unknown",0,"/data1/Kane/ACT/audit_results/nnv_strict_20260527/relusplitter/0131__oval21-benchmark_cifar_wide_kw__oval21-benchmark_cifar_wide_kw-img4409-eps0.021307189542483663.result","/data1/Kane/ACT/audit_results/nnv_strict_20260527/relusplitter/0131__oval21-benchmark_cifar_wide_kw__oval21-benchmark_cifar_wide_kw-img4409-eps0.021307189542483663.log"
132,"onnx/oval21-benchmark_cifar_wide_kw_RSPLITTER_oval21-benchmark_cifar_wide_kw-img4409-eps0.021307189542483663.onnx","vnnlib/oval21-benchmark_cifar_wide_kw-img4409-eps0.021307189542483663.vnnlib",180,180,16.64,"unknown","unknown",0,"/data1/Kane/ACT/audit_results/nnv_strict_20260527/relusplitter/0132__oval21-benchmark_cifar_wide_kw_RSPLITTER_oval21-benchmark_cifar_wide_kw-img4409-eps0.021307189542483663__oval21-benchmark_cifar_wide_kw-img4409-eps0.021307189542483663.result","/data1/Kane/ACT/audit_results/nnv_strict_20260527/relusplitter/0132__oval21-benchmark_cifar_wide_kw_RSPLITTER_oval21-benchmark_cifar_wide_kw-img4409-eps0.021307189542483663__oval21-benchmark_cifar_wide_kw-img4409-eps0.021307189542483663.log"
133,"onnx/oval21-benchmark_cifar_wide_kw.onnx","vnnlib/oval21-benchmark_cifar_wide_kw-img773-eps0.0026143790849673205.vnnlib",60,60,12.09,"unknown","unknown",0,"/data1/Kane/ACT/audit_results/nnv_strict_20260527/relusplitter/0133__oval21-benchmark_cifar_wide_kw__oval21-benchmark_cifar_wide_kw-img773-eps0.0026143790849673205.result","/data1/Kane/ACT/audit_results/nnv_strict_20260527/relusplitter/0133__oval21-benchmark_cifar_wide_kw__oval21-benchmark_cifar_wide_kw-img773-eps0.0026143790849673205.log"
134,"onnx/oval21-benchmark_cifar_wide_kw_RSPLITTER_oval21-benchmark_cifar_wide_kw-img773-eps0.0026143790849673205.onnx","vnnlib/oval21-benchmark_cifar_wide_kw-img773-eps0.0026143790849673205.vnnlib",180,180,14.08,"unknown","unknown",0,"/data1/Kane/ACT/audit_results/nnv_strict_20260527/relusplitter/0134__oval21-benchmark_cifar_wide_kw_RSPLITTER_oval21-benchmark_cifar_wide_kw-img773-eps0.0026143790849673205__oval21-benchmark_cifar_wide_kw-img773-eps0.0026143790849673205.result","/data1/Kane/ACT/audit_results/nnv_strict_20260527/relusplitter/0134__oval21-benchmark_cifar_wide_kw_RSPLITTER_oval21-benchmark_cifar_wide_kw-img773-eps0.0026143790849673205__oval21-benchmark_cifar_wide_kw-img773-eps0.0026143790849673205.log"
135,"onnx/oval21-benchmark_cifar_wide_kw.onnx","vnnlib/oval21-benchmark_cifar_wide_kw-img7176-eps0.004183006535947713.vnnlib",60,60,13.10,"unknown","unknown",0,"/data1/Kane/ACT/audit_results/nnv_strict_20260527/relusplitter/0135__oval21-benchmark_cifar_wide_kw__oval21-benchmark_cifar_wide_kw-img7176-eps0.004183006535947713.result","/data1/Kane/ACT/audit_results/nnv_strict_20260527/relusplitter/0135__oval21-benchmark_cifar_wide_kw__oval21-benchmark_cifar_wide_kw-img7176-eps0.004183006535947713.log"
136,"onnx/oval21-benchmark_cifar_wide_kw_RSPLITTER_oval21-benchmark_cifar_wide_kw-img7176-eps0.004183006535947713.onnx","vnnlib/oval21-benchmark_cifar_wide_kw-img7176-eps0.004183006535947713.vnnlib",180,180,14.17,"unknown","unknown",0,"/data1/Kane/ACT/audit_results/nnv_strict_20260527/relusplitter/0136__oval21-benchmark_cifar_wide_kw_RSPLITTER_oval21-benchmark_cifar_wide_kw-img7176-eps0.004183006535947713__oval21-benchmark_cifar_wide_kw-img7176-eps0.004183006535947713.result","/data1/Kane/ACT/audit_results/nnv_strict_20260527/relusplitter/0136__oval21-benchmark_cifar_wide_kw_RSPLITTER_oval21-benchmark_cifar_wide_kw-img7176-eps0.004183006535947713__oval21-benchmark_cifar_wide_kw-img7176-eps0.004183006535947713.log"
137,"onnx/oval21-benchmark_cifar_wide_kw.onnx","vnnlib/oval21-benchmark_cifar_wide_kw-img4279-eps0.02143790849673203.vnnlib",60,60,12.70,"unknown","unknown",0,"/data1/Kane/ACT/audit_results/nnv_strict_20260527/relusplitter/0137__oval21-benchmark_cifar_wide_kw__oval21-benchmark_cifar_wide_kw-img4279-eps0.02143790849673203.result","/data1/Kane/ACT/audit_results/nnv_strict_20260527/relusplitter/0137__oval21-benchmark_cifar_wide_kw__oval21-benchmark_cifar_wide_kw-img4279-eps0.02143790849673203.log"
138,"onnx/oval21-benchmark_cifar_wide_kw_RSPLITTER_oval21-benchmark_cifar_wide_kw-img4279-eps0.02143790849673203.onnx","vnnlib/oval21-benchmark_cifar_wide_kw-img4279-eps0.02143790849673203.vnnlib",180,180,16.36,"unknown","unknown",0,"/data1/Kane/ACT/audit_results/nnv_strict_20260527/relusplitter/0138__oval21-benchmark_cifar_wide_kw_RSPLITTER_oval21-benchmark_cifar_wide_kw-img4279-eps0.02143790849673203__oval21-benchmark_cifar_wide_kw-img4279-eps0.02143790849673203.result","/data1/Kane/ACT/audit_results/nnv_strict_20260527/relusplitter/0138__oval21-benchmark_cifar_wide_kw_RSPLITTER_oval21-benchmark_cifar_wide_kw-img4279-eps0.02143790849673203__oval21-benchmark_cifar_wide_kw-img4279-eps0.02143790849673203.log"
139,"onnx/oval21-benchmark_cifar_wide_kw.onnx","vnnlib/oval21-benchmark_cifar_wide_kw-img7442-eps0.006666666666666667.vnnlib",60,60,13.78,"unknown","unknown",0,"/data1/Kane/ACT/audit_results/nnv_strict_20260527/relusplitter/0139__oval21-benchmark_cifar_wide_kw__oval21-benchmark_cifar_wide_kw-img7442-eps0.006666666666666667.result","/data1/Kane/ACT/audit_results/nnv_strict_20260527/relusplitter/0139__oval21-benchmark_cifar_wide_kw__oval21-benchmark_cifar_wide_kw-img7442-eps0.006666666666666667.log"
140,"onnx/oval21-benchmark_cifar_wide_kw_RSPLITTER_oval21-benchmark_cifar_wide_kw-img7442-eps0.006666666666666667.onnx","vnnlib/oval21-benchmark_cifar_wide_kw-img7442-eps0.006666666666666667.vnnlib",180,180,14.68,"unknown","unknown",0,"/data1/Kane/ACT/audit_results/nnv_strict_20260527/relusplitter/0140__oval21-benchmark_cifar_wide_kw_RSPLITTER_oval21-benchmark_cifar_wide_kw-img7442-eps0.006666666666666667__oval21-benchmark_cifar_wide_kw-img7442-eps0.006666666666666667.result","/data1/Kane/ACT/audit_results/nnv_strict_20260527/relusplitter/0140__oval21-benchmark_cifar_wide_kw_RSPLITTER_oval21-benchmark_cifar_wide_kw-img7442-eps0.006666666666666667__oval21-benchmark_cifar_wide_kw-img7442-eps0.006666666666666667.log"
141,"onnx/cifar_biasfield_vnncomp2022_cifar_bias_field_28.onnx","vnnlib/cifar_biasfield_vnncomp2022_prop_28.vnnlib",60,60,11.69,"error","error",0,"/data1/Kane/ACT/audit_results/nnv_strict_20260527/relusplitter/0141__cifar_biasfield_vnncomp2022_cifar_bias_field_28__cifar_biasfield_vnncomp2022_prop_28.result","/data1/Kane/ACT/audit_results/nnv_strict_20260527/relusplitter/0141__cifar_biasfield_vnncomp2022_cifar_bias_field_28__cifar_biasfield_vnncomp2022_prop_28.log"
142,"onnx/cifar_biasfield_vnncomp2022_cifar_bias_field_28_RSPLITTER_cifar_biasfield_vnncomp2022_prop_28.onnx","vnnlib/cifar_biasfield_vnncomp2022_prop_28.vnnlib",180,180,13.18,"error","error",0,"/data1/Kane/ACT/audit_results/nnv_strict_20260527/relusplitter/0142__cifar_biasfield_vnncomp2022_cifar_bias_field_28_RSPLITTER_cifar_biasfield_vnncomp2022_prop_28__cifar_biasfield_vnncomp2022_prop_28.result","/data1/Kane/ACT/audit_results/nnv_strict_20260527/relusplitter/0142__cifar_biasfield_vnncomp2022_cifar_bias_field_28_RSPLITTER_cifar_biasfield_vnncomp2022_prop_28__cifar_biasfield_vnncomp2022_prop_28.log"
143,"onnx/cifar_biasfield_vnncomp2022_cifar_bias_field_8.onnx","vnnlib/cifar_biasfield_vnncomp2022_prop_8.vnnlib",60,60,11.70,"error","error",0,"/data1/Kane/ACT/audit_results/nnv_strict_20260527/relusplitter/0143__cifar_biasfield_vnncomp2022_cifar_bias_field_8__cifar_biasfield_vnncomp2022_prop_8.result","/data1/Kane/ACT/audit_results/nnv_strict_20260527/relusplitter/0143__cifar_biasfield_vnncomp2022_cifar_bias_field_8__cifar_biasfield_vnncomp2022_prop_8.log"
144,"onnx/cifar_biasfield_vnncomp2022_cifar_bias_field_8_RSPLITTER_cifar_biasfield_vnncomp2022_prop_8.onnx","vnnlib/cifar_biasfield_vnncomp2022_prop_8.vnnlib",180,180,11.90,"error","error",0,"/data1/Kane/ACT/audit_results/nnv_strict_20260527/relusplitter/0144__cifar_biasfield_vnncomp2022_cifar_bias_field_8_RSPLITTER_cifar_biasfield_vnncomp2022_prop_8__cifar_biasfield_vnncomp2022_prop_8.result","/data1/Kane/ACT/audit_results/nnv_strict_20260527/relusplitter/0144__cifar_biasfield_vnncomp2022_cifar_bias_field_8_RSPLITTER_cifar_biasfield_vnncomp2022_prop_8__cifar_biasfield_vnncomp2022_prop_8.log"
145,"onnx/cifar_biasfield_vnncomp2022_cifar_bias_field_19.onnx","vnnlib/cifar_biasfield_vnncomp2022_prop_19.vnnlib",60,60,12.88,"error","error",0,"/data1/Kane/ACT/audit_results/nnv_strict_20260527/relusplitter/0145__cifar_biasfield_vnncomp2022_cifar_bias_field_19__cifar_biasfield_vnncomp2022_prop_19.result","/data1/Kane/ACT/audit_results/nnv_strict_20260527/relusplitter/0145__cifar_biasfield_vnncomp2022_cifar_bias_field_19__cifar_biasfield_vnncomp2022_prop_19.log"
146,"onnx/cifar_biasfield_vnncomp2022_cifar_bias_field_19_RSPLITTER_cifar_biasfield_vnncomp2022_prop_19.onnx","vnnlib/cifar_biasfield_vnncomp2022_prop_19.vnnlib",180,180,11.75,"error","error",0,"/data1/Kane/ACT/audit_results/nnv_strict_20260527/relusplitter/0146__cifar_biasfield_vnncomp2022_cifar_bias_field_19_RSPLITTER_cifar_biasfield_vnncomp2022_prop_19__cifar_biasfield_vnncomp2022_prop_19.result","/data1/Kane/ACT/audit_results/nnv_strict_20260527/relusplitter/0146__cifar_biasfield_vnncomp2022_cifar_bias_field_19_RSPLITTER_cifar_biasfield_vnncomp2022_prop_19__cifar_biasfield_vnncomp2022_prop_19.log"
147,"onnx/cifar_biasfield_vnncomp2022_cifar_bias_field_45.onnx","vnnlib/cifar_biasfield_vnncomp2022_prop_45.vnnlib",60,60,13.13,"error","error",0,"/data1/Kane/ACT/audit_results/nnv_strict_20260527/relusplitter/0147__cifar_biasfield_vnncomp2022_cifar_bias_field_45__cifar_biasfield_vnncomp2022_prop_45.result","/data1/Kane/ACT/audit_results/nnv_strict_20260527/relusplitter/0147__cifar_biasfield_vnncomp2022_cifar_bias_field_45__cifar_biasfield_vnncomp2022_prop_45.log"
148,"onnx/cifar_biasfield_vnncomp2022_cifar_bias_field_45_RSPLITTER_cifar_biasfield_vnncomp2022_prop_45.onnx","vnnlib/cifar_biasfield_vnncomp2022_prop_45.vnnlib",180,180,12.82,"error","error",0,"/data1/Kane/ACT/audit_results/nnv_strict_20260527/relusplitter/0148__cifar_biasfield_vnncomp2022_cifar_bias_field_45_RSPLITTER_cifar_biasfield_vnncomp2022_prop_45__cifar_biasfield_vnncomp2022_prop_45.result","/data1/Kane/ACT/audit_results/nnv_strict_20260527/relusplitter/0148__cifar_biasfield_vnncomp2022_cifar_bias_field_45_RSPLITTER_cifar_biasfield_vnncomp2022_prop_45__cifar_biasfield_vnncomp2022_prop_45.log"
149,"onnx/cifar_biasfield_vnncomp2022_cifar_bias_field_24.onnx","vnnlib/cifar_biasfield_vnncomp2022_prop_24.vnnlib",60,60,11.61,"error","error",0,"/data1/Kane/ACT/audit_results/nnv_strict_20260527/relusplitter/0149__cifar_biasfield_vnncomp2022_cifar_bias_field_24__cifar_biasfield_vnncomp2022_prop_24.result","/data1/Kane/ACT/audit_results/nnv_strict_20260527/relusplitter/0149__cifar_biasfield_vnncomp2022_cifar_bias_field_24__cifar_biasfield_vnncomp2022_prop_24.log"
150,"onnx/cifar_biasfield_vnncomp2022_cifar_bias_field_24_RSPLITTER_cifar_biasfield_vnncomp2022_prop_24.onnx","vnnlib/cifar_biasfield_vnncomp2022_prop_24.vnnlib",180,180,12.91,"error","error",0,"/data1/Kane/ACT/audit_results/nnv_strict_20260527/relusplitter/0150__cifar_biasfield_vnncomp2022_cifar_bias_field_24_RSPLITTER_cifar_biasfield_vnncomp2022_prop_24__cifar_biasfield_vnncomp2022_prop_24.result","/data1/Kane/ACT/audit_results/nnv_strict_20260527/relusplitter/0150__cifar_biasfield_vnncomp2022_cifar_bias_field_24_RSPLITTER_cifar_biasfield_vnncomp2022_prop_24__cifar_biasfield_vnncomp2022_prop_24.log"
151,"onnx/cifar_biasfield_vnncomp2022_cifar_bias_field_1.onnx","vnnlib/cifar_biasfield_vnncomp2022_prop_1.vnnlib",60,60,11.62,"error","error",0,"/data1/Kane/ACT/audit_results/nnv_strict_20260527/relusplitter/0151__cifar_biasfield_vnncomp2022_cifar_bias_field_1__cifar_biasfield_vnncomp2022_prop_1.result","/data1/Kane/ACT/audit_results/nnv_strict_20260527/relusplitter/0151__cifar_biasfield_vnncomp2022_cifar_bias_field_1__cifar_biasfield_vnncomp2022_prop_1.log"
152,"onnx/cifar_biasfield_vnncomp2022_cifar_bias_field_1_RSPLITTER_cifar_biasfield_vnncomp2022_prop_1.onnx","vnnlib/cifar_biasfield_vnncomp2022_prop_1.vnnlib",180,180,12.97,"error","error",0,"/data1/Kane/ACT/audit_results/nnv_strict_20260527/relusplitter/0152__cifar_biasfield_vnncomp2022_cifar_bias_field_1_RSPLITTER_cifar_biasfield_vnncomp2022_prop_1__cifar_biasfield_vnncomp2022_prop_1.result","/data1/Kane/ACT/audit_results/nnv_strict_20260527/relusplitter/0152__cifar_biasfield_vnncomp2022_cifar_bias_field_1_RSPLITTER_cifar_biasfield_vnncomp2022_prop_1__cifar_biasfield_vnncomp2022_prop_1.log"
153,"onnx/cifar_biasfield_vnncomp2022_cifar_bias_field_15.onnx","vnnlib/cifar_biasfield_vnncomp2022_prop_15.vnnlib",60,60,12.93,"error","error",0,"/data1/Kane/ACT/audit_results/nnv_strict_20260527/relusplitter/0153__cifar_biasfield_vnncomp2022_cifar_bias_field_15__cifar_biasfield_vnncomp2022_prop_15.result","/data1/Kane/ACT/audit_results/nnv_strict_20260527/relusplitter/0153__cifar_biasfield_vnncomp2022_cifar_bias_field_15__cifar_biasfield_vnncomp2022_prop_15.log"
154,"onnx/cifar_biasfield_vnncomp2022_cifar_bias_field_15_RSPLITTER_cifar_biasfield_vnncomp2022_prop_15.onnx","vnnlib/cifar_biasfield_vnncomp2022_prop_15.vnnlib",180,180,12.91,"error","error",0,"/data1/Kane/ACT/audit_results/nnv_strict_20260527/relusplitter/0154__cifar_biasfield_vnncomp2022_cifar_bias_field_15_RSPLITTER_cifar_biasfield_vnncomp2022_prop_15__cifar_biasfield_vnncomp2022_prop_15.result","/data1/Kane/ACT/audit_results/nnv_strict_20260527/relusplitter/0154__cifar_biasfield_vnncomp2022_cifar_bias_field_15_RSPLITTER_cifar_biasfield_vnncomp2022_prop_15__cifar_biasfield_vnncomp2022_prop_15.log"
155,"onnx/cifar_biasfield_vnncomp2022_cifar_bias_field_46.onnx","vnnlib/cifar_biasfield_vnncomp2022_prop_46.vnnlib",60,60,12.92,"error","error",0,"/data1/Kane/ACT/audit_results/nnv_strict_20260527/relusplitter/0155__cifar_biasfield_vnncomp2022_cifar_bias_field_46__cifar_biasfield_vnncomp2022_prop_46.result","/data1/Kane/ACT/audit_results/nnv_strict_20260527/relusplitter/0155__cifar_biasfield_vnncomp2022_cifar_bias_field_46__cifar_biasfield_vnncomp2022_prop_46.log"
156,"onnx/cifar_biasfield_vnncomp2022_cifar_bias_field_46_RSPLITTER_cifar_biasfield_vnncomp2022_prop_46.onnx","vnnlib/cifar_biasfield_vnncomp2022_prop_46.vnnlib",180,180,12.87,"error","error",0,"/data1/Kane/ACT/audit_results/nnv_strict_20260527/relusplitter/0156__cifar_biasfield_vnncomp2022_cifar_bias_field_46_RSPLITTER_cifar_biasfield_vnncomp2022_prop_46__cifar_biasfield_vnncomp2022_prop_46.result","/data1/Kane/ACT/audit_results/nnv_strict_20260527/relusplitter/0156__cifar_biasfield_vnncomp2022_cifar_bias_field_46_RSPLITTER_cifar_biasfield_vnncomp2022_prop_46__cifar_biasfield_vnncomp2022_prop_46.log"
157,"onnx/cifar_biasfield_vnncomp2022_cifar_bias_field_22.onnx","vnnlib/cifar_biasfield_vnncomp2022_prop_22.vnnlib",60,60,11.61,"error","error",0,"/data1/Kane/ACT/audit_results/nnv_strict_20260527/relusplitter/0157__cifar_biasfield_vnncomp2022_cifar_bias_field_22__cifar_biasfield_vnncomp2022_prop_22.result","/data1/Kane/ACT/audit_results/nnv_strict_20260527/relusplitter/0157__cifar_biasfield_vnncomp2022_cifar_bias_field_22__cifar_biasfield_vnncomp2022_prop_22.log"
158,"onnx/cifar_biasfield_vnncomp2022_cifar_bias_field_22_RSPLITTER_cifar_biasfield_vnncomp2022_prop_22.onnx","vnnlib/cifar_biasfield_vnncomp2022_prop_22.vnnlib",180,180,12.98,"error","error",0,"/data1/Kane/ACT/audit_results/nnv_strict_20260527/relusplitter/0158__cifar_biasfield_vnncomp2022_cifar_bias_field_22_RSPLITTER_cifar_biasfield_vnncomp2022_prop_22__cifar_biasfield_vnncomp2022_prop_22.result","/data1/Kane/ACT/audit_results/nnv_strict_20260527/relusplitter/0158__cifar_biasfield_vnncomp2022_cifar_bias_field_22_RSPLITTER_cifar_biasfield_vnncomp2022_prop_22__cifar_biasfield_vnncomp2022_prop_22.log"
159,"onnx/cifar_biasfield_vnncomp2022_cifar_bias_field_26.onnx","vnnlib/cifar_biasfield_vnncomp2022_prop_26.vnnlib",60,60,12.87,"error","error",0,"/data1/Kane/ACT/audit_results/nnv_strict_20260527/relusplitter/0159__cifar_biasfield_vnncomp2022_cifar_bias_field_26__cifar_biasfield_vnncomp2022_prop_26.result","/data1/Kane/ACT/audit_results/nnv_strict_20260527/relusplitter/0159__cifar_biasfield_vnncomp2022_cifar_bias_field_26__cifar_biasfield_vnncomp2022_prop_26.log"
160,"onnx/cifar_biasfield_vnncomp2022_cifar_bias_field_26_RSPLITTER_cifar_biasfield_vnncomp2022_prop_26.onnx","vnnlib/cifar_biasfield_vnncomp2022_prop_26.vnnlib",180,180,11.90,"error","error",0,"/data1/Kane/ACT/audit_results/nnv_strict_20260527/relusplitter/0160__cifar_biasfield_vnncomp2022_cifar_bias_field_26_RSPLITTER_cifar_biasfield_vnncomp2022_prop_26__cifar_biasfield_vnncomp2022_prop_26.result","/data1/Kane/ACT/audit_results/nnv_strict_20260527/relusplitter/0160__cifar_biasfield_vnncomp2022_cifar_bias_field_26_RSPLITTER_cifar_biasfield_vnncomp2022_prop_26__cifar_biasfield_vnncomp2022_prop_26.log"
161,"onnx/cifar_biasfield_vnncomp2022_cifar_bias_field_40.onnx","vnnlib/cifar_biasfield_vnncomp2022_prop_40.vnnlib",60,60,12.92,"error","error",0,"/data1/Kane/ACT/audit_results/nnv_strict_20260527/relusplitter/0161__cifar_biasfield_vnncomp2022_cifar_bias_field_40__cifar_biasfield_vnncomp2022_prop_40.result","/data1/Kane/ACT/audit_results/nnv_strict_20260527/relusplitter/0161__cifar_biasfield_vnncomp2022_cifar_bias_field_40__cifar_biasfield_vnncomp2022_prop_40.log"
162,"onnx/cifar_biasfield_vnncomp2022_cifar_bias_field_40_RSPLITTER_cifar_biasfield_vnncomp2022_prop_40.onnx","vnnlib/cifar_biasfield_vnncomp2022_prop_40.vnnlib",180,180,11.90,"error","error",0,"/data1/Kane/ACT/audit_results/nnv_strict_20260527/relusplitter/0162__cifar_biasfield_vnncomp2022_cifar_bias_field_40_RSPLITTER_cifar_biasfield_vnncomp2022_prop_40__cifar_biasfield_vnncomp2022_prop_40.result","/data1/Kane/ACT/audit_results/nnv_strict_20260527/relusplitter/0162__cifar_biasfield_vnncomp2022_cifar_bias_field_40_RSPLITTER_cifar_biasfield_vnncomp2022_prop_40__cifar_biasfield_vnncomp2022_prop_40.log"
163,"onnx/cifar_biasfield_vnncomp2022_cifar_bias_field_64.onnx","vnnlib/cifar_biasfield_vnncomp2022_prop_64.vnnlib",60,60,12.92,"error","error",0,"/data1/Kane/ACT/audit_results/nnv_strict_20260527/relusplitter/0163__cifar_biasfield_vnncomp2022_cifar_bias_field_64__cifar_biasfield_vnncomp2022_prop_64.result","/data1/Kane/ACT/audit_results/nnv_strict_20260527/relusplitter/0163__cifar_biasfield_vnncomp2022_cifar_bias_field_64__cifar_biasfield_vnncomp2022_prop_64.log"
164,"onnx/cifar_biasfield_vnncomp2022_cifar_bias_field_64_RSPLITTER_cifar_biasfield_vnncomp2022_prop_64.onnx","vnnlib/cifar_biasfield_vnncomp2022_prop_64.vnnlib",180,180,11.61,"error","error",0,"/data1/Kane/ACT/audit_results/nnv_strict_20260527/relusplitter/0164__cifar_biasfield_vnncomp2022_cifar_bias_field_64_RSPLITTER_cifar_biasfield_vnncomp2022_prop_64__cifar_biasfield_vnncomp2022_prop_64.result","/data1/Kane/ACT/audit_results/nnv_strict_20260527/relusplitter/0164__cifar_biasfield_vnncomp2022_cifar_bias_field_64_RSPLITTER_cifar_biasfield_vnncomp2022_prop_64__cifar_biasfield_vnncomp2022_prop_64.log"
165,"onnx/cifar_biasfield_vnncomp2022_cifar_bias_field_66.onnx","vnnlib/cifar_biasfield_vnncomp2022_prop_66.vnnlib",60,60,12.95,"error","error",0,"/data1/Kane/ACT/audit_results/nnv_strict_20260527/relusplitter/0165__cifar_biasfield_vnncomp2022_cifar_bias_field_66__cifar_biasfield_vnncomp2022_prop_66.result","/data1/Kane/ACT/audit_results/nnv_strict_20260527/relusplitter/0165__cifar_biasfield_vnncomp2022_cifar_bias_field_66__cifar_biasfield_vnncomp2022_prop_66.log"
166,"onnx/cifar_biasfield_vnncomp2022_cifar_bias_field_66_RSPLITTER_cifar_biasfield_vnncomp2022_prop_66.onnx","vnnlib/cifar_biasfield_vnncomp2022_prop_66.vnnlib",180,180,11.96,"error","error",0,"/data1/Kane/ACT/audit_results/nnv_strict_20260527/relusplitter/0166__cifar_biasfield_vnncomp2022_cifar_bias_field_66_RSPLITTER_cifar_biasfield_vnncomp2022_prop_66__cifar_biasfield_vnncomp2022_prop_66.result","/data1/Kane/ACT/audit_results/nnv_strict_20260527/relusplitter/0166__cifar_biasfield_vnncomp2022_cifar_bias_field_66_RSPLITTER_cifar_biasfield_vnncomp2022_prop_66__cifar_biasfield_vnncomp2022_prop_66.log"
167,"onnx/cifar_biasfield_vnncomp2022_cifar_bias_field_11.onnx","vnnlib/cifar_biasfield_vnncomp2022_prop_11.vnnlib",60,60,11.66,"error","error",0,"/data1/Kane/ACT/audit_results/nnv_strict_20260527/relusplitter/0167__cifar_biasfield_vnncomp2022_cifar_bias_field_11__cifar_biasfield_vnncomp2022_prop_11.result","/data1/Kane/ACT/audit_results/nnv_strict_20260527/relusplitter/0167__cifar_biasfield_vnncomp2022_cifar_bias_field_11__cifar_biasfield_vnncomp2022_prop_11.log"
168,"onnx/cifar_biasfield_vnncomp2022_cifar_bias_field_11_RSPLITTER_cifar_biasfield_vnncomp2022_prop_11.onnx","vnnlib/cifar_biasfield_vnncomp2022_prop_11.vnnlib",180,180,12.87,"error","error",0,"/data1/Kane/ACT/audit_results/nnv_strict_20260527/relusplitter/0168__cifar_biasfield_vnncomp2022_cifar_bias_field_11_RSPLITTER_cifar_biasfield_vnncomp2022_prop_11__cifar_biasfield_vnncomp2022_prop_11.result","/data1/Kane/ACT/audit_results/nnv_strict_20260527/relusplitter/0168__cifar_biasfield_vnncomp2022_cifar_bias_field_11_RSPLITTER_cifar_biasfield_vnncomp2022_prop_11__cifar_biasfield_vnncomp2022_prop_11.log"
169,"onnx/cifar_biasfield_vnncomp2022_cifar_bias_field_50.onnx","vnnlib/cifar_biasfield_vnncomp2022_prop_50.vnnlib",60,60,12.90,"error","error",0,"/data1/Kane/ACT/audit_results/nnv_strict_20260527/relusplitter/0169__cifar_biasfield_vnncomp2022_cifar_bias_field_50__cifar_biasfield_vnncomp2022_prop_50.result","/data1/Kane/ACT/audit_results/nnv_strict_20260527/relusplitter/0169__cifar_biasfield_vnncomp2022_cifar_bias_field_50__cifar_biasfield_vnncomp2022_prop_50.log"
170,"onnx/cifar_biasfield_vnncomp2022_cifar_bias_field_50_RSPLITTER_cifar_biasfield_vnncomp2022_prop_50.onnx","vnnlib/cifar_biasfield_vnncomp2022_prop_50.vnnlib",180,180,12.01,"error","error",0,"/data1/Kane/ACT/audit_results/nnv_strict_20260527/relusplitter/0170__cifar_biasfield_vnncomp2022_cifar_bias_field_50_RSPLITTER_cifar_biasfield_vnncomp2022_prop_50__cifar_biasfield_vnncomp2022_prop_50.result","/data1/Kane/ACT/audit_results/nnv_strict_20260527/relusplitter/0170__cifar_biasfield_vnncomp2022_cifar_bias_field_50_RSPLITTER_cifar_biasfield_vnncomp2022_prop_50__cifar_biasfield_vnncomp2022_prop_50.log"
171,"onnx/cifar_biasfield_vnncomp2022_cifar_bias_field_14.onnx","vnnlib/cifar_biasfield_vnncomp2022_prop_14.vnnlib",60,60,11.89,"error","error",0,"/data1/Kane/ACT/audit_results/nnv_strict_20260527/relusplitter/0171__cifar_biasfield_vnncomp2022_cifar_bias_field_14__cifar_biasfield_vnncomp2022_prop_14.result","/data1/Kane/ACT/audit_results/nnv_strict_20260527/relusplitter/0171__cifar_biasfield_vnncomp2022_cifar_bias_field_14__cifar_biasfield_vnncomp2022_prop_14.log"
172,"onnx/cifar_biasfield_vnncomp2022_cifar_bias_field_14_RSPLITTER_cifar_biasfield_vnncomp2022_prop_14.onnx","vnnlib/cifar_biasfield_vnncomp2022_prop_14.vnnlib",180,180,13.13,"error","error",0,"/data1/Kane/ACT/audit_results/nnv_strict_20260527/relusplitter/0172__cifar_biasfield_vnncomp2022_cifar_bias_field_14_RSPLITTER_cifar_biasfield_vnncomp2022_prop_14__cifar_biasfield_vnncomp2022_prop_14.result","/data1/Kane/ACT/audit_results/nnv_strict_20260527/relusplitter/0172__cifar_biasfield_vnncomp2022_cifar_bias_field_14_RSPLITTER_cifar_biasfield_vnncomp2022_prop_14__cifar_biasfield_vnncomp2022_prop_14.log"
173,"onnx/cifar_biasfield_vnncomp2022_cifar_bias_field_20.onnx","vnnlib/cifar_biasfield_vnncomp2022_prop_20.vnnlib",60,60,12.89,"error","error",0,"/data1/Kane/ACT/audit_results/nnv_strict_20260527/relusplitter/0173__cifar_biasfield_vnncomp2022_cifar_bias_field_20__cifar_biasfield_vnncomp2022_prop_20.result","/data1/Kane/ACT/audit_results/nnv_strict_20260527/relusplitter/0173__cifar_biasfield_vnncomp2022_cifar_bias_field_20__cifar_biasfield_vnncomp2022_prop_20.log"
174,"onnx/cifar_biasfield_vnncomp2022_cifar_bias_field_20_RSPLITTER_cifar_biasfield_vnncomp2022_prop_20.onnx","vnnlib/cifar_biasfield_vnncomp2022_prop_20.vnnlib",180,180,12.93,"error","error",0,"/data1/Kane/ACT/audit_results/nnv_strict_20260527/relusplitter/0174__cifar_biasfield_vnncomp2022_cifar_bias_field_20_RSPLITTER_cifar_biasfield_vnncomp2022_prop_20__cifar_biasfield_vnncomp2022_prop_20.result","/data1/Kane/ACT/audit_results/nnv_strict_20260527/relusplitter/0174__cifar_biasfield_vnncomp2022_cifar_bias_field_20_RSPLITTER_cifar_biasfield_vnncomp2022_prop_20__cifar_biasfield_vnncomp2022_prop_20.log"
175,"onnx/cifar_biasfield_vnncomp2022_cifar_bias_field_16.onnx","vnnlib/cifar_biasfield_vnncomp2022_prop_16.vnnlib",60,60,13.14,"error","error",0,"/data1/Kane/ACT/audit_results/nnv_strict_20260527/relusplitter/0175__cifar_biasfield_vnncomp2022_cifar_bias_field_16__cifar_biasfield_vnncomp2022_prop_16.result","/data1/Kane/ACT/audit_results/nnv_strict_20260527/relusplitter/0175__cifar_biasfield_vnncomp2022_cifar_bias_field_16__cifar_biasfield_vnncomp2022_prop_16.log"
176,"onnx/cifar_biasfield_vnncomp2022_cifar_bias_field_16_RSPLITTER_cifar_biasfield_vnncomp2022_prop_16.onnx","vnnlib/cifar_biasfield_vnncomp2022_prop_16.vnnlib",180,180,13.13,"error","error",0,"/data1/Kane/ACT/audit_results/nnv_strict_20260527/relusplitter/0176__cifar_biasfield_vnncomp2022_cifar_bias_field_16_RSPLITTER_cifar_biasfield_vnncomp2022_prop_16__cifar_biasfield_vnncomp2022_prop_16.result","/data1/Kane/ACT/audit_results/nnv_strict_20260527/relusplitter/0176__cifar_biasfield_vnncomp2022_cifar_bias_field_16_RSPLITTER_cifar_biasfield_vnncomp2022_prop_16__cifar_biasfield_vnncomp2022_prop_16.log"
177,"onnx/cifar_biasfield_vnncomp2022_cifar_bias_field_29.onnx","vnnlib/cifar_biasfield_vnncomp2022_prop_29.vnnlib",60,60,11.89,"error","error",0,"/data1/Kane/ACT/audit_results/nnv_strict_20260527/relusplitter/0177__cifar_biasfield_vnncomp2022_cifar_bias_field_29__cifar_biasfield_vnncomp2022_prop_29.result","/data1/Kane/ACT/audit_results/nnv_strict_20260527/relusplitter/0177__cifar_biasfield_vnncomp2022_cifar_bias_field_29__cifar_biasfield_vnncomp2022_prop_29.log"
178,"onnx/cifar_biasfield_vnncomp2022_cifar_bias_field_29_RSPLITTER_cifar_biasfield_vnncomp2022_prop_29.onnx","vnnlib/cifar_biasfield_vnncomp2022_prop_29.vnnlib",180,180,11.87,"error","error",0,"/data1/Kane/ACT/audit_results/nnv_strict_20260527/relusplitter/0178__cifar_biasfield_vnncomp2022_cifar_bias_field_29_RSPLITTER_cifar_biasfield_vnncomp2022_prop_29__cifar_biasfield_vnncomp2022_prop_29.result","/data1/Kane/ACT/audit_results/nnv_strict_20260527/relusplitter/0178__cifar_biasfield_vnncomp2022_cifar_bias_field_29_RSPLITTER_cifar_biasfield_vnncomp2022_prop_29__cifar_biasfield_vnncomp2022_prop_29.log"
179,"onnx/cifar_biasfield_vnncomp2022_cifar_bias_field_70.onnx","vnnlib/cifar_biasfield_vnncomp2022_prop_70.vnnlib",60,60,11.62,"error","error",0,"/data1/Kane/ACT/audit_results/nnv_strict_20260527/relusplitter/0179__cifar_biasfield_vnncomp2022_cifar_bias_field_70__cifar_biasfield_vnncomp2022_prop_70.result","/data1/Kane/ACT/audit_results/nnv_strict_20260527/relusplitter/0179__cifar_biasfield_vnncomp2022_cifar_bias_field_70__cifar_biasfield_vnncomp2022_prop_70.log"
180,"onnx/cifar_biasfield_vnncomp2022_cifar_bias_field_70_RSPLITTER_cifar_biasfield_vnncomp2022_prop_70.onnx","vnnlib/cifar_biasfield_vnncomp2022_prop_70.vnnlib",180,180,11.93,"error","error",0,"/data1/Kane/ACT/audit_results/nnv_strict_20260527/relusplitter/0180__cifar_biasfield_vnncomp2022_cifar_bias_field_70_RSPLITTER_cifar_biasfield_vnncomp2022_prop_70__cifar_biasfield_vnncomp2022_prop_70.result","/data1/Kane/ACT/audit_results/nnv_strict_20260527/relusplitter/0180__cifar_biasfield_vnncomp2022_cifar_bias_field_70_RSPLITTER_cifar_biasfield_vnncomp2022_prop_70__cifar_biasfield_vnncomp2022_prop_70.log"
181,"onnx/cifar_biasfield_vnncomp2022_cifar_bias_field_2.onnx","vnnlib/cifar_biasfield_vnncomp2022_prop_2.vnnlib",60,60,11.95,"error","error",0,"/data1/Kane/ACT/audit_results/nnv_strict_20260527/relusplitter/0181__cifar_biasfield_vnncomp2022_cifar_bias_field_2__cifar_biasfield_vnncomp2022_prop_2.result","/data1/Kane/ACT/audit_results/nnv_strict_20260527/relusplitter/0181__cifar_biasfield_vnncomp2022_cifar_bias_field_2__cifar_biasfield_vnncomp2022_prop_2.log"
182,"onnx/cifar_biasfield_vnncomp2022_cifar_bias_field_2_RSPLITTER_cifar_biasfield_vnncomp2022_prop_2.onnx","vnnlib/cifar_biasfield_vnncomp2022_prop_2.vnnlib",180,180,12.86,"error","error",0,"/data1/Kane/ACT/audit_results/nnv_strict_20260527/relusplitter/0182__cifar_biasfield_vnncomp2022_cifar_bias_field_2_RSPLITTER_cifar_biasfield_vnncomp2022_prop_2__cifar_biasfield_vnncomp2022_prop_2.result","/data1/Kane/ACT/audit_results/nnv_strict_20260527/relusplitter/0182__cifar_biasfield_vnncomp2022_cifar_bias_field_2_RSPLITTER_cifar_biasfield_vnncomp2022_prop_2__cifar_biasfield_vnncomp2022_prop_2.log"
183,"onnx/cifar_biasfield_vnncomp2022_cifar_bias_field_49.onnx","vnnlib/cifar_biasfield_vnncomp2022_prop_49.vnnlib",60,60,12.92,"error","error",0,"/data1/Kane/ACT/audit_results/nnv_strict_20260527/relusplitter/0183__cifar_biasfield_vnncomp2022_cifar_bias_field_49__cifar_biasfield_vnncomp2022_prop_49.result","/data1/Kane/ACT/audit_results/nnv_strict_20260527/relusplitter/0183__cifar_biasfield_vnncomp2022_cifar_bias_field_49__cifar_biasfield_vnncomp2022_prop_49.log"
184,"onnx/cifar_biasfield_vnncomp2022_cifar_bias_field_49_RSPLITTER_cifar_biasfield_vnncomp2022_prop_49.onnx","vnnlib/cifar_biasfield_vnncomp2022_prop_49.vnnlib",180,180,13.10,"error","error",0,"/data1/Kane/ACT/audit_results/nnv_strict_20260527/relusplitter/0184__cifar_biasfield_vnncomp2022_cifar_bias_field_49_RSPLITTER_cifar_biasfield_vnncomp2022_prop_49__cifar_biasfield_vnncomp2022_prop_49.result","/data1/Kane/ACT/audit_results/nnv_strict_20260527/relusplitter/0184__cifar_biasfield_vnncomp2022_cifar_bias_field_49_RSPLITTER_cifar_biasfield_vnncomp2022_prop_49__cifar_biasfield_vnncomp2022_prop_49.log"
185,"onnx/cifar_biasfield_vnncomp2022_cifar_bias_field_37.onnx","vnnlib/cifar_biasfield_vnncomp2022_prop_37.vnnlib",60,60,12.91,"error","error",0,"/data1/Kane/ACT/audit_results/nnv_strict_20260527/relusplitter/0185__cifar_biasfield_vnncomp2022_cifar_bias_field_37__cifar_biasfield_vnncomp2022_prop_37.result","/data1/Kane/ACT/audit_results/nnv_strict_20260527/relusplitter/0185__cifar_biasfield_vnncomp2022_cifar_bias_field_37__cifar_biasfield_vnncomp2022_prop_37.log"
186,"onnx/cifar_biasfield_vnncomp2022_cifar_bias_field_37_RSPLITTER_cifar_biasfield_vnncomp2022_prop_37.onnx","vnnlib/cifar_biasfield_vnncomp2022_prop_37.vnnlib",180,180,11.61,"error","error",0,"/data1/Kane/ACT/audit_results/nnv_strict_20260527/relusplitter/0186__cifar_biasfield_vnncomp2022_cifar_bias_field_37_RSPLITTER_cifar_biasfield_vnncomp2022_prop_37__cifar_biasfield_vnncomp2022_prop_37.result","/data1/Kane/ACT/audit_results/nnv_strict_20260527/relusplitter/0186__cifar_biasfield_vnncomp2022_cifar_bias_field_37_RSPLITTER_cifar_biasfield_vnncomp2022_prop_37__cifar_biasfield_vnncomp2022_prop_37.log"
187,"onnx/cifar_biasfield_vnncomp2022_cifar_bias_field_69.onnx","vnnlib/cifar_biasfield_vnncomp2022_prop_69.vnnlib",60,60,13.15,"error","error",0,"/data1/Kane/ACT/audit_results/nnv_strict_20260527/relusplitter/0187__cifar_biasfield_vnncomp2022_cifar_bias_field_69__cifar_biasfield_vnncomp2022_prop_69.result","/data1/Kane/ACT/audit_results/nnv_strict_20260527/relusplitter/0187__cifar_biasfield_vnncomp2022_cifar_bias_field_69__cifar_biasfield_vnncomp2022_prop_69.log"
188,"onnx/cifar_biasfield_vnncomp2022_cifar_bias_field_69_RSPLITTER_cifar_biasfield_vnncomp2022_prop_69.onnx","vnnlib/cifar_biasfield_vnncomp2022_prop_69.vnnlib",180,180,13.20,"error","error",0,"/data1/Kane/ACT/audit_results/nnv_strict_20260527/relusplitter/0188__cifar_biasfield_vnncomp2022_cifar_bias_field_69_RSPLITTER_cifar_biasfield_vnncomp2022_prop_69__cifar_biasfield_vnncomp2022_prop_69.result","/data1/Kane/ACT/audit_results/nnv_strict_20260527/relusplitter/0188__cifar_biasfield_vnncomp2022_cifar_bias_field_69_RSPLITTER_cifar_biasfield_vnncomp2022_prop_69__cifar_biasfield_vnncomp2022_prop_69.log"
189,"onnx/cifar_biasfield_vnncomp2022_cifar_bias_field_43.onnx","vnnlib/cifar_biasfield_vnncomp2022_prop_43.vnnlib",60,60,12.87,"error","error",0,"/data1/Kane/ACT/audit_results/nnv_strict_20260527/relusplitter/0189__cifar_biasfield_vnncomp2022_cifar_bias_field_43__cifar_biasfield_vnncomp2022_prop_43.result","/data1/Kane/ACT/audit_results/nnv_strict_20260527/relusplitter/0189__cifar_biasfield_vnncomp2022_cifar_bias_field_43__cifar_biasfield_vnncomp2022_prop_43.log"
190,"onnx/cifar_biasfield_vnncomp2022_cifar_bias_field_43_RSPLITTER_cifar_biasfield_vnncomp2022_prop_43.onnx","vnnlib/cifar_biasfield_vnncomp2022_prop_43.vnnlib",180,180,11.96,"error","error",0,"/data1/Kane/ACT/audit_results/nnv_strict_20260527/relusplitter/0190__cifar_biasfield_vnncomp2022_cifar_bias_field_43_RSPLITTER_cifar_biasfield_vnncomp2022_prop_43__cifar_biasfield_vnncomp2022_prop_43.result","/data1/Kane/ACT/audit_results/nnv_strict_20260527/relusplitter/0190__cifar_biasfield_vnncomp2022_cifar_bias_field_43_RSPLITTER_cifar_biasfield_vnncomp2022_prop_43__cifar_biasfield_vnncomp2022_prop_43.log"
191,"onnx/cifar_biasfield_vnncomp2022_cifar_bias_field_41.onnx","vnnlib/cifar_biasfield_vnncomp2022_prop_41.vnnlib",60,60,11.77,"error","error",0,"/data1/Kane/ACT/audit_results/nnv_strict_20260527/relusplitter/0191__cifar_biasfield_vnncomp2022_cifar_bias_field_41__cifar_biasfield_vnncomp2022_prop_41.result","/data1/Kane/ACT/audit_results/nnv_strict_20260527/relusplitter/0191__cifar_biasfield_vnncomp2022_cifar_bias_field_41__cifar_biasfield_vnncomp2022_prop_41.log"
192,"onnx/cifar_biasfield_vnncomp2022_cifar_bias_field_41_RSPLITTER_cifar_biasfield_vnncomp2022_prop_41.onnx","vnnlib/cifar_biasfield_vnncomp2022_prop_41.vnnlib",180,180,13.30,"error","error",0,"/data1/Kane/ACT/audit_results/nnv_strict_20260527/relusplitter/0192__cifar_biasfield_vnncomp2022_cifar_bias_field_41_RSPLITTER_cifar_biasfield_vnncomp2022_prop_41__cifar_biasfield_vnncomp2022_prop_41.result","/data1/Kane/ACT/audit_results/nnv_strict_20260527/relusplitter/0192__cifar_biasfield_vnncomp2022_cifar_bias_field_41_RSPLITTER_cifar_biasfield_vnncomp2022_prop_41__cifar_biasfield_vnncomp2022_prop_41.log"
193,"onnx/cifar_biasfield_vnncomp2022_cifar_bias_field_21.onnx","vnnlib/cifar_biasfield_vnncomp2022_prop_21.vnnlib",60,60,13.55,"error","error",0,"/data1/Kane/ACT/audit_results/nnv_strict_20260527/relusplitter/0193__cifar_biasfield_vnncomp2022_cifar_bias_field_21__cifar_biasfield_vnncomp2022_prop_21.result","/data1/Kane/ACT/audit_results/nnv_strict_20260527/relusplitter/0193__cifar_biasfield_vnncomp2022_cifar_bias_field_21__cifar_biasfield_vnncomp2022_prop_21.log"
194,"onnx/cifar_biasfield_vnncomp2022_cifar_bias_field_21_RSPLITTER_cifar_biasfield_vnncomp2022_prop_21.onnx","vnnlib/cifar_biasfield_vnncomp2022_prop_21.vnnlib",180,180,13.79,"error","error",0,"/data1/Kane/ACT/audit_results/nnv_strict_20260527/relusplitter/0194__cifar_biasfield_vnncomp2022_cifar_bias_field_21_RSPLITTER_cifar_biasfield_vnncomp2022_prop_21__cifar_biasfield_vnncomp2022_prop_21.result","/data1/Kane/ACT/audit_results/nnv_strict_20260527/relusplitter/0194__cifar_biasfield_vnncomp2022_cifar_bias_field_21_RSPLITTER_cifar_biasfield_vnncomp2022_prop_21__cifar_biasfield_vnncomp2022_prop_21.log"
195,"onnx/cifar_biasfield_vnncomp2022_cifar_bias_field_63.onnx","vnnlib/cifar_biasfield_vnncomp2022_prop_63.vnnlib",60,60,14.00,"error","error",0,"/data1/Kane/ACT/audit_results/nnv_strict_20260527/relusplitter/0195__cifar_biasfield_vnncomp2022_cifar_bias_field_63__cifar_biasfield_vnncomp2022_prop_63.result","/data1/Kane/ACT/audit_results/nnv_strict_20260527/relusplitter/0195__cifar_biasfield_vnncomp2022_cifar_bias_field_63__cifar_biasfield_vnncomp2022_prop_63.log"
196,"onnx/cifar_biasfield_vnncomp2022_cifar_bias_field_63_RSPLITTER_cifar_biasfield_vnncomp2022_prop_63.onnx","vnnlib/cifar_biasfield_vnncomp2022_prop_63.vnnlib",180,180,13.99,"error","error",0,"/data1/Kane/ACT/audit_results/nnv_strict_20260527/relusplitter/0196__cifar_biasfield_vnncomp2022_cifar_bias_field_63_RSPLITTER_cifar_biasfield_vnncomp2022_prop_63__cifar_biasfield_vnncomp2022_prop_63.result","/data1/Kane/ACT/audit_results/nnv_strict_20260527/relusplitter/0196__cifar_biasfield_vnncomp2022_cifar_bias_field_63_RSPLITTER_cifar_biasfield_vnncomp2022_prop_63__cifar_biasfield_vnncomp2022_prop_63.log"
197,"onnx/cifar_biasfield_vnncomp2022_cifar_bias_field_36.onnx","vnnlib/cifar_biasfield_vnncomp2022_prop_36.vnnlib",60,60,12.90,"error","error",0,"/data1/Kane/ACT/audit_results/nnv_strict_20260527/relusplitter/0197__cifar_biasfield_vnncomp2022_cifar_bias_field_36__cifar_biasfield_vnncomp2022_prop_36.result","/data1/Kane/ACT/audit_results/nnv_strict_20260527/relusplitter/0197__cifar_biasfield_vnncomp2022_cifar_bias_field_36__cifar_biasfield_vnncomp2022_prop_36.log"
198,"onnx/cifar_biasfield_vnncomp2022_cifar_bias_field_36_RSPLITTER_cifar_biasfield_vnncomp2022_prop_36.onnx","vnnlib/cifar_biasfield_vnncomp2022_prop_36.vnnlib",180,180,13.11,"error","error",0,"/data1/Kane/ACT/audit_results/nnv_strict_20260527/relusplitter/0198__cifar_biasfield_vnncomp2022_cifar_bias_field_36_RSPLITTER_cifar_biasfield_vnncomp2022_prop_36__cifar_biasfield_vnncomp2022_prop_36.result","/data1/Kane/ACT/audit_results/nnv_strict_20260527/relusplitter/0198__cifar_biasfield_vnncomp2022_cifar_bias_field_36_RSPLITTER_cifar_biasfield_vnncomp2022_prop_36__cifar_biasfield_vnncomp2022_prop_36.log"
199,"onnx/cifar_biasfield_vnncomp2022_cifar_bias_field_18.onnx","vnnlib/cifar_biasfield_vnncomp2022_prop_18.vnnlib",60,60,12.53,"error","error",0,"/data1/Kane/ACT/audit_results/nnv_strict_20260527/relusplitter/0199__cifar_biasfield_vnncomp2022_cifar_bias_field_18__cifar_biasfield_vnncomp2022_prop_18.result","/data1/Kane/ACT/audit_results/nnv_strict_20260527/relusplitter/0199__cifar_biasfield_vnncomp2022_cifar_bias_field_18__cifar_biasfield_vnncomp2022_prop_18.log"
200,"onnx/cifar_biasfield_vnncomp2022_cifar_bias_field_18_RSPLITTER_cifar_biasfield_vnncomp2022_prop_18.onnx","vnnlib/cifar_biasfield_vnncomp2022_prop_18.vnnlib",180,180,13.75,"error","error",0,"/data1/Kane/ACT/audit_results/nnv_strict_20260527/relusplitter/0200__cifar_biasfield_vnncomp2022_cifar_bias_field_18_RSPLITTER_cifar_biasfield_vnncomp2022_prop_18__cifar_biasfield_vnncomp2022_prop_18.result","/data1/Kane/ACT/audit_results/nnv_strict_20260527/relusplitter/0200__cifar_biasfield_vnncomp2022_cifar_bias_field_18_RSPLITTER_cifar_biasfield_vnncomp2022_prop_18__cifar_biasfield_vnncomp2022_prop_18.log"
201,"onnx/cifar_biasfield_vnncomp2022_cifar_bias_field_4.onnx","vnnlib/cifar_biasfield_vnncomp2022_prop_4.vnnlib",60,60,12.60,"error","error",0,"/data1/Kane/ACT/audit_results/nnv_strict_20260527/relusplitter/0201__cifar_biasfield_vnncomp2022_cifar_bias_field_4__cifar_biasfield_vnncomp2022_prop_4.result","/data1/Kane/ACT/audit_results/nnv_strict_20260527/relusplitter/0201__cifar_biasfield_vnncomp2022_cifar_bias_field_4__cifar_biasfield_vnncomp2022_prop_4.log"
202,"onnx/cifar_biasfield_vnncomp2022_cifar_bias_field_4_RSPLITTER_cifar_biasfield_vnncomp2022_prop_4.onnx","vnnlib/cifar_biasfield_vnncomp2022_prop_4.vnnlib",180,180,12.08,"error","error",0,"/data1/Kane/ACT/audit_results/nnv_strict_20260527/relusplitter/0202__cifar_biasfield_vnncomp2022_cifar_bias_field_4_RSPLITTER_cifar_biasfield_vnncomp2022_prop_4__cifar_biasfield_vnncomp2022_prop_4.result","/data1/Kane/ACT/audit_results/nnv_strict_20260527/relusplitter/0202__cifar_biasfield_vnncomp2022_cifar_bias_field_4_RSPLITTER_cifar_biasfield_vnncomp2022_prop_4__cifar_biasfield_vnncomp2022_prop_4.log"
203,"onnx/cifar_biasfield_vnncomp2022_cifar_bias_field_34.onnx","vnnlib/cifar_biasfield_vnncomp2022_prop_34.vnnlib",60,60,12.85,"error","error",0,"/data1/Kane/ACT/audit_results/nnv_strict_20260527/relusplitter/0203__cifar_biasfield_vnncomp2022_cifar_bias_field_34__cifar_biasfield_vnncomp2022_prop_34.result","/data1/Kane/ACT/audit_results/nnv_strict_20260527/relusplitter/0203__cifar_biasfield_vnncomp2022_cifar_bias_field_34__cifar_biasfield_vnncomp2022_prop_34.log"
204,"onnx/cifar_biasfield_vnncomp2022_cifar_bias_field_34_RSPLITTER_cifar_biasfield_vnncomp2022_prop_34.onnx","vnnlib/cifar_biasfield_vnncomp2022_prop_34.vnnlib",180,180,11.86,"error","error",0,"/data1/Kane/ACT/audit_results/nnv_strict_20260527/relusplitter/0204__cifar_biasfield_vnncomp2022_cifar_bias_field_34_RSPLITTER_cifar_biasfield_vnncomp2022_prop_34__cifar_biasfield_vnncomp2022_prop_34.result","/data1/Kane/ACT/audit_results/nnv_strict_20260527/relusplitter/0204__cifar_biasfield_vnncomp2022_cifar_bias_field_34_RSPLITTER_cifar_biasfield_vnncomp2022_prop_34__cifar_biasfield_vnncomp2022_prop_34.log"
205,"onnx/cifar_biasfield_vnncomp2022_cifar_bias_field_25.onnx","vnnlib/cifar_biasfield_vnncomp2022_prop_25.vnnlib",60,60,12.94,"error","error",0,"/data1/Kane/ACT/audit_results/nnv_strict_20260527/relusplitter/0205__cifar_biasfield_vnncomp2022_cifar_bias_field_25__cifar_biasfield_vnncomp2022_prop_25.result","/data1/Kane/ACT/audit_results/nnv_strict_20260527/relusplitter/0205__cifar_biasfield_vnncomp2022_cifar_bias_field_25__cifar_biasfield_vnncomp2022_prop_25.log"
206,"onnx/cifar_biasfield_vnncomp2022_cifar_bias_field_25_RSPLITTER_cifar_biasfield_vnncomp2022_prop_25.onnx","vnnlib/cifar_biasfield_vnncomp2022_prop_25.vnnlib",180,180,13.15,"error","error",0,"/data1/Kane/ACT/audit_results/nnv_strict_20260527/relusplitter/0206__cifar_biasfield_vnncomp2022_cifar_bias_field_25_RSPLITTER_cifar_biasfield_vnncomp2022_prop_25__cifar_biasfield_vnncomp2022_prop_25.result","/data1/Kane/ACT/audit_results/nnv_strict_20260527/relusplitter/0206__cifar_biasfield_vnncomp2022_cifar_bias_field_25_RSPLITTER_cifar_biasfield_vnncomp2022_prop_25__cifar_biasfield_vnncomp2022_prop_25.log"
207,"onnx/cifar_biasfield_vnncomp2022_cifar_bias_field_31.onnx","vnnlib/cifar_biasfield_vnncomp2022_prop_31.vnnlib",60,60,12.92,"error","error",0,"/data1/Kane/ACT/audit_results/nnv_strict_20260527/relusplitter/0207__cifar_biasfield_vnncomp2022_cifar_bias_field_31__cifar_biasfield_vnncomp2022_prop_31.result","/data1/Kane/ACT/audit_results/nnv_strict_20260527/relusplitter/0207__cifar_biasfield_vnncomp2022_cifar_bias_field_31__cifar_biasfield_vnncomp2022_prop_31.log"
208,"onnx/cifar_biasfield_vnncomp2022_cifar_bias_field_31_RSPLITTER_cifar_biasfield_vnncomp2022_prop_31.onnx","vnnlib/cifar_biasfield_vnncomp2022_prop_31.vnnlib",180,180,11.93,"error","error",0,"/data1/Kane/ACT/audit_results/nnv_strict_20260527/relusplitter/0208__cifar_biasfield_vnncomp2022_cifar_bias_field_31_RSPLITTER_cifar_biasfield_vnncomp2022_prop_31__cifar_biasfield_vnncomp2022_prop_31.result","/data1/Kane/ACT/audit_results/nnv_strict_20260527/relusplitter/0208__cifar_biasfield_vnncomp2022_cifar_bias_field_31_RSPLITTER_cifar_biasfield_vnncomp2022_prop_31__cifar_biasfield_vnncomp2022_prop_31.log"
209,"onnx/cifar_biasfield_vnncomp2022_cifar_bias_field_65.onnx","vnnlib/cifar_biasfield_vnncomp2022_prop_65.vnnlib",60,60,12.94,"error","error",0,"/data1/Kane/ACT/audit_results/nnv_strict_20260527/relusplitter/0209__cifar_biasfield_vnncomp2022_cifar_bias_field_65__cifar_biasfield_vnncomp2022_prop_65.result","/data1/Kane/ACT/audit_results/nnv_strict_20260527/relusplitter/0209__cifar_biasfield_vnncomp2022_cifar_bias_field_65__cifar_biasfield_vnncomp2022_prop_65.log"
210,"onnx/cifar_biasfield_vnncomp2022_cifar_bias_field_65_RSPLITTER_cifar_biasfield_vnncomp2022_prop_65.onnx","vnnlib/cifar_biasfield_vnncomp2022_prop_65.vnnlib",180,180,13.18,"error","error",0,"/data1/Kane/ACT/audit_results/nnv_strict_20260527/relusplitter/0210__cifar_biasfield_vnncomp2022_cifar_bias_field_65_RSPLITTER_cifar_biasfield_vnncomp2022_prop_65__cifar_biasfield_vnncomp2022_prop_65.result","/data1/Kane/ACT/audit_results/nnv_strict_20260527/relusplitter/0210__cifar_biasfield_vnncomp2022_cifar_bias_field_65_RSPLITTER_cifar_biasfield_vnncomp2022_prop_65__cifar_biasfield_vnncomp2022_prop_65.log"
211,"onnx/cifar_biasfield_vnncomp2022_cifar_bias_field_52.onnx","vnnlib/cifar_biasfield_vnncomp2022_prop_52.vnnlib",60,60,12.90,"error","error",0,"/data1/Kane/ACT/audit_results/nnv_strict_20260527/relusplitter/0211__cifar_biasfield_vnncomp2022_cifar_bias_field_52__cifar_biasfield_vnncomp2022_prop_52.result","/data1/Kane/ACT/audit_results/nnv_strict_20260527/relusplitter/0211__cifar_biasfield_vnncomp2022_cifar_bias_field_52__cifar_biasfield_vnncomp2022_prop_52.log"
212,"onnx/cifar_biasfield_vnncomp2022_cifar_bias_field_52_RSPLITTER_cifar_biasfield_vnncomp2022_prop_52.onnx","vnnlib/cifar_biasfield_vnncomp2022_prop_52.vnnlib",180,180,13.14,"error","error",0,"/data1/Kane/ACT/audit_results/nnv_strict_20260527/relusplitter/0212__cifar_biasfield_vnncomp2022_cifar_bias_field_52_RSPLITTER_cifar_biasfield_vnncomp2022_prop_52__cifar_biasfield_vnncomp2022_prop_52.result","/data1/Kane/ACT/audit_results/nnv_strict_20260527/relusplitter/0212__cifar_biasfield_vnncomp2022_cifar_bias_field_52_RSPLITTER_cifar_biasfield_vnncomp2022_prop_52__cifar_biasfield_vnncomp2022_prop_52.log"
213,"onnx/cifar_biasfield_vnncomp2022_cifar_bias_field_60.onnx","vnnlib/cifar_biasfield_vnncomp2022_prop_60.vnnlib",60,60,11.94,"error","error",0,"/data1/Kane/ACT/audit_results/nnv_strict_20260527/relusplitter/0213__cifar_biasfield_vnncomp2022_cifar_bias_field_60__cifar_biasfield_vnncomp2022_prop_60.result","/data1/Kane/ACT/audit_results/nnv_strict_20260527/relusplitter/0213__cifar_biasfield_vnncomp2022_cifar_bias_field_60__cifar_biasfield_vnncomp2022_prop_60.log"
214,"onnx/cifar_biasfield_vnncomp2022_cifar_bias_field_60_RSPLITTER_cifar_biasfield_vnncomp2022_prop_60.onnx","vnnlib/cifar_biasfield_vnncomp2022_prop_60.vnnlib",180,180,13.59,"error","error",0,"/data1/Kane/ACT/audit_results/nnv_strict_20260527/relusplitter/0214__cifar_biasfield_vnncomp2022_cifar_bias_field_60_RSPLITTER_cifar_biasfield_vnncomp2022_prop_60__cifar_biasfield_vnncomp2022_prop_60.result","/data1/Kane/ACT/audit_results/nnv_strict_20260527/relusplitter/0214__cifar_biasfield_vnncomp2022_cifar_bias_field_60_RSPLITTER_cifar_biasfield_vnncomp2022_prop_60__cifar_biasfield_vnncomp2022_prop_60.log"
215,"onnx/cifar_biasfield_vnncomp2022_cifar_bias_field_12.onnx","vnnlib/cifar_biasfield_vnncomp2022_prop_12.vnnlib",60,60,12.06,"error","error",0,"/data1/Kane/ACT/audit_results/nnv_strict_20260527/relusplitter/0215__cifar_biasfield_vnncomp2022_cifar_bias_field_12__cifar_biasfield_vnncomp2022_prop_12.result","/data1/Kane/ACT/audit_results/nnv_strict_20260527/relusplitter/0215__cifar_biasfield_vnncomp2022_cifar_bias_field_12__cifar_biasfield_vnncomp2022_prop_12.log"
216,"onnx/cifar_biasfield_vnncomp2022_cifar_bias_field_12_RSPLITTER_cifar_biasfield_vnncomp2022_prop_12.onnx","vnnlib/cifar_biasfield_vnncomp2022_prop_12.vnnlib",180,180,12.18,"error","error",0,"/data1/Kane/ACT/audit_results/nnv_strict_20260527/relusplitter/0216__cifar_biasfield_vnncomp2022_cifar_bias_field_12_RSPLITTER_cifar_biasfield_vnncomp2022_prop_12__cifar_biasfield_vnncomp2022_prop_12.result","/data1/Kane/ACT/audit_results/nnv_strict_20260527/relusplitter/0216__cifar_biasfield_vnncomp2022_cifar_bias_field_12_RSPLITTER_cifar_biasfield_vnncomp2022_prop_12__cifar_biasfield_vnncomp2022_prop_12.log"
217,"onnx/cifar_biasfield_vnncomp2022_cifar_bias_field_17.onnx","vnnlib/cifar_biasfield_vnncomp2022_prop_17.vnnlib",60,60,13.09,"error","error",0,"/data1/Kane/ACT/audit_results/nnv_strict_20260527/relusplitter/0217__cifar_biasfield_vnncomp2022_cifar_bias_field_17__cifar_biasfield_vnncomp2022_prop_17.result","/data1/Kane/ACT/audit_results/nnv_strict_20260527/relusplitter/0217__cifar_biasfield_vnncomp2022_cifar_bias_field_17__cifar_biasfield_vnncomp2022_prop_17.log"
218,"onnx/cifar_biasfield_vnncomp2022_cifar_bias_field_17_RSPLITTER_cifar_biasfield_vnncomp2022_prop_17.onnx","vnnlib/cifar_biasfield_vnncomp2022_prop_17.vnnlib",180,180,13.11,"error","error",0,"/data1/Kane/ACT/audit_results/nnv_strict_20260527/relusplitter/0218__cifar_biasfield_vnncomp2022_cifar_bias_field_17_RSPLITTER_cifar_biasfield_vnncomp2022_prop_17__cifar_biasfield_vnncomp2022_prop_17.result","/data1/Kane/ACT/audit_results/nnv_strict_20260527/relusplitter/0218__cifar_biasfield_vnncomp2022_cifar_bias_field_17_RSPLITTER_cifar_biasfield_vnncomp2022_prop_17__cifar_biasfield_vnncomp2022_prop_17.log"
219,"onnx/cifar_biasfield_vnncomp2022_cifar_bias_field_0.onnx","vnnlib/cifar_biasfield_vnncomp2022_prop_0.vnnlib",60,60,12.49,"error","error",0,"/data1/Kane/ACT/audit_results/nnv_strict_20260527/relusplitter/0219__cifar_biasfield_vnncomp2022_cifar_bias_field_0__cifar_biasfield_vnncomp2022_prop_0.result","/data1/Kane/ACT/audit_results/nnv_strict_20260527/relusplitter/0219__cifar_biasfield_vnncomp2022_cifar_bias_field_0__cifar_biasfield_vnncomp2022_prop_0.log"
220,"onnx/cifar_biasfield_vnncomp2022_cifar_bias_field_0_RSPLITTER_cifar_biasfield_vnncomp2022_prop_0.onnx","vnnlib/cifar_biasfield_vnncomp2022_prop_0.vnnlib",180,180,11.98,"error","error",0,"/data1/Kane/ACT/audit_results/nnv_strict_20260527/relusplitter/0220__cifar_biasfield_vnncomp2022_cifar_bias_field_0_RSPLITTER_cifar_biasfield_vnncomp2022_prop_0__cifar_biasfield_vnncomp2022_prop_0.result","/data1/Kane/ACT/audit_results/nnv_strict_20260527/relusplitter/0220__cifar_biasfield_vnncomp2022_cifar_bias_field_0_RSPLITTER_cifar_biasfield_vnncomp2022_prop_0__cifar_biasfield_vnncomp2022_prop_0.log"
