source,iid,verdict,internal_status,reportable_status,count_bucket,wall_s,watchdog_status,watchdog_synthetic,strict_bounded_failure,run_status,peak_rss_mb,onnx_model,vnnlib_spec,q_statuses,q_reportables,q_receipts,error,json_path
cpu,0,UNKNOWN_RESOURCE_LIMIT,UNKNOWN,UNKNOWN,,25.418,UNKNOWN_RESOURCE_LIMIT,True,True,FAILED,17232.203125,onnx/TinyYOLO.onnx,vnnlib/TinyYOLO_prop_000005_eps_1_255.vnnlib,[],[],[],"watchdog killed instance after 25.4s (status=UNKNOWN_RESOURCE_LIMIT, peak_rss=17232.2 MiB)",/data1/Kane/ACT/audit_results/r93_rerun_20260525T083118Z/overnight_cpu_20260525T144203Z/yolo_2023/per_instance_yolo_2023_watchdog_iid0_20260525T153509032738Z.json
cpu,1,UNKNOWN_RESOURCE_LIMIT,UNKNOWN,UNKNOWN,,25.517,UNKNOWN_RESOURCE_LIMIT,True,True,FAILED,16572.54296875,onnx/TinyYOLO.onnx,vnnlib/TinyYOLO_prop_000459_eps_1_255.vnnlib,[],[],[],"watchdog killed instance after 25.5s (status=UNKNOWN_RESOURCE_LIMIT, peak_rss=16572.5 MiB)",/data1/Kane/ACT/audit_results/r93_rerun_20260525T083118Z/overnight_cpu_20260525T144203Z/yolo_2023/per_instance_yolo_2023_watchdog_iid1_20260525T153534550688Z.json
cpu,2,UNKNOWN_RESOURCE_LIMIT,UNKNOWN,UNKNOWN,,24.919,UNKNOWN_RESOURCE_LIMIT,True,True,FAILED,16463.84375,onnx/TinyYOLO.onnx,vnnlib/TinyYOLO_prop_000290_eps_1_255.vnnlib,[],[],[],"watchdog killed instance after 24.9s (status=UNKNOWN_RESOURCE_LIMIT, peak_rss=16463.8 MiB)",/data1/Kane/ACT/audit_results/r93_rerun_20260525T083118Z/overnight_cpu_20260525T144203Z/yolo_2023/per_instance_yolo_2023_watchdog_iid2_20260525T153559470442Z.json
cpu,3,UNKNOWN_RESOURCE_LIMIT,UNKNOWN,UNKNOWN,,25.421,UNKNOWN_RESOURCE_LIMIT,True,True,FAILED,16475.171875,onnx/TinyYOLO.onnx,vnnlib/TinyYOLO_prop_000257_eps_1_255.vnnlib,[],[],[],"watchdog killed instance after 25.4s (status=UNKNOWN_RESOURCE_LIMIT, peak_rss=16475.2 MiB)",/data1/Kane/ACT/audit_results/r93_rerun_20260525T083118Z/overnight_cpu_20260525T144203Z/yolo_2023/per_instance_yolo_2023_watchdog_iid3_20260525T153624892739Z.json
cpu,4,UNKNOWN_RESOURCE_LIMIT,UNKNOWN,UNKNOWN,,25.519,UNKNOWN_RESOURCE_LIMIT,True,True,FAILED,17236.65234375,onnx/TinyYOLO.onnx,vnnlib/TinyYOLO_prop_000367_eps_1_255.vnnlib,[],[],[],"watchdog killed instance after 25.5s (status=UNKNOWN_RESOURCE_LIMIT, peak_rss=17236.7 MiB)",/data1/Kane/ACT/audit_results/r93_rerun_20260525T083118Z/overnight_cpu_20260525T144203Z/yolo_2023/per_instance_yolo_2023_watchdog_iid4_20260525T153650412229Z.json
cpu,5,UNKNOWN_RESOURCE_LIMIT,UNKNOWN,UNKNOWN,,24.917,UNKNOWN_RESOURCE_LIMIT,True,True,FAILED,17168.30859375,onnx/TinyYOLO.onnx,vnnlib/TinyYOLO_prop_000039_eps_1_255.vnnlib,[],[],[],"watchdog killed instance after 24.9s (status=UNKNOWN_RESOURCE_LIMIT, peak_rss=17168.3 MiB)",/data1/Kane/ACT/audit_results/r93_rerun_20260525T083118Z/overnight_cpu_20260525T144203Z/yolo_2023/per_instance_yolo_2023_watchdog_iid5_20260525T153715329973Z.json
cpu,6,UNKNOWN_RESOURCE_LIMIT,UNKNOWN,UNKNOWN,,25.421,UNKNOWN_RESOURCE_LIMIT,True,True,FAILED,17148.40625,onnx/TinyYOLO.onnx,vnnlib/TinyYOLO_prop_000082_eps_1_255.vnnlib,[],[],[],"watchdog killed instance after 25.4s (status=UNKNOWN_RESOURCE_LIMIT, peak_rss=17148.4 MiB)",/data1/Kane/ACT/audit_results/r93_rerun_20260525T083118Z/overnight_cpu_20260525T144203Z/yolo_2023/per_instance_yolo_2023_watchdog_iid6_20260525T153740751213Z.json
cpu,7,UNKNOWN_RESOURCE_LIMIT,UNKNOWN,UNKNOWN,,25.019,UNKNOWN_RESOURCE_LIMIT,True,True,FAILED,17479.515625,onnx/TinyYOLO.onnx,vnnlib/TinyYOLO_prop_000296_eps_1_255.vnnlib,[],[],[],"watchdog killed instance after 25.0s (status=UNKNOWN_RESOURCE_LIMIT, peak_rss=17479.5 MiB)",/data1/Kane/ACT/audit_results/r93_rerun_20260525T083118Z/overnight_cpu_20260525T144203Z/yolo_2023/per_instance_yolo_2023_watchdog_iid7_20260525T153805770743Z.json
cpu,8,UNKNOWN_RESOURCE_LIMIT,UNKNOWN,UNKNOWN,,24.016,UNKNOWN_RESOURCE_LIMIT,True,True,FAILED,16703.77734375,onnx/TinyYOLO.onnx,vnnlib/TinyYOLO_prop_000034_eps_1_255.vnnlib,[],[],[],"watchdog killed instance after 24.0s (status=UNKNOWN_RESOURCE_LIMIT, peak_rss=16703.8 MiB)",/data1/Kane/ACT/audit_results/r93_rerun_20260525T083118Z/overnight_cpu_20260525T144203Z/yolo_2023/per_instance_yolo_2023_watchdog_iid8_20260525T153829787193Z.json
cpu,9,UNKNOWN_RESOURCE_LIMIT,UNKNOWN,UNKNOWN,,24.518,UNKNOWN_RESOURCE_LIMIT,True,True,FAILED,16637.88671875,onnx/TinyYOLO.onnx,vnnlib/TinyYOLO_prop_000448_eps_1_255.vnnlib,[],[],[],"watchdog killed instance after 24.5s (status=UNKNOWN_RESOURCE_LIMIT, peak_rss=16637.9 MiB)",/data1/Kane/ACT/audit_results/r93_rerun_20260525T083118Z/overnight_cpu_20260525T144203Z/yolo_2023/per_instance_yolo_2023_watchdog_iid9_20260525T153854305590Z.json
full_r3,10,UNKNOWN_RESOURCE_LIMIT,UNKNOWN,UNKNOWN,,32.421,UNKNOWN_RESOURCE_LIMIT,True,True,FAILED,26227.66796875,onnx/TinyYOLO.onnx,vnnlib/TinyYOLO_prop_000221_eps_1_255.vnnlib,[],[],[],"watchdog killed instance after 32.4s (status=UNKNOWN_RESOURCE_LIMIT, peak_rss=26227.7 MiB)",/data1/Kane/ACT/audit_results/r93_rerun_20260525T083118Z/overnight_cpu_full_stream2_20260526T025908Z/yolo_2023/per_instance_yolo_2023_watchdog_iid10_20260526T041258031539Z.json
full_r3,11,UNKNOWN_RESOURCE_LIMIT,UNKNOWN,UNKNOWN,,31.823,UNKNOWN_RESOURCE_LIMIT,True,True,FAILED,25368.76171875,onnx/TinyYOLO.onnx,vnnlib/TinyYOLO_prop_000040_eps_1_255.vnnlib,[],[],[],"watchdog killed instance after 31.8s (status=UNKNOWN_RESOURCE_LIMIT, peak_rss=25368.8 MiB)",/data1/Kane/ACT/audit_results/r93_rerun_20260525T083118Z/overnight_cpu_full_stream2_20260526T025908Z/yolo_2023/per_instance_yolo_2023_watchdog_iid11_20260526T041329855279Z.json
full_r3,12,UNKNOWN_RESOURCE_LIMIT,UNKNOWN,UNKNOWN,,29.32,UNKNOWN_RESOURCE_LIMIT,True,True,FAILED,25812.4921875,onnx/TinyYOLO.onnx,vnnlib/TinyYOLO_prop_000118_eps_1_255.vnnlib,[],[],[],"watchdog killed instance after 29.3s (status=UNKNOWN_RESOURCE_LIMIT, peak_rss=25812.5 MiB)",/data1/Kane/ACT/audit_results/r93_rerun_20260525T083118Z/overnight_cpu_full_stream2_20260526T025908Z/yolo_2023/per_instance_yolo_2023_watchdog_iid12_20260526T041359176074Z.json
full_r3,13,UNKNOWN_RESOURCE_LIMIT,UNKNOWN,UNKNOWN,,33.522,UNKNOWN_RESOURCE_LIMIT,True,True,FAILED,25670.67578125,onnx/TinyYOLO.onnx,vnnlib/TinyYOLO_prop_000359_eps_1_255.vnnlib,[],[],[],"watchdog killed instance after 33.5s (status=UNKNOWN_RESOURCE_LIMIT, peak_rss=25670.7 MiB)",/data1/Kane/ACT/audit_results/r93_rerun_20260525T083118Z/overnight_cpu_full_stream2_20260526T025908Z/yolo_2023/per_instance_yolo_2023_watchdog_iid13_20260526T041432698227Z.json
full_r3,14,UNKNOWN_RESOURCE_LIMIT,UNKNOWN,UNKNOWN,,33.022,UNKNOWN_RESOURCE_LIMIT,True,True,FAILED,26304.16796875,onnx/TinyYOLO.onnx,vnnlib/TinyYOLO_prop_000006_eps_1_255.vnnlib,[],[],[],"watchdog killed instance after 33.0s (status=UNKNOWN_RESOURCE_LIMIT, peak_rss=26304.2 MiB)",/data1/Kane/ACT/audit_results/r93_rerun_20260525T083118Z/overnight_cpu_full_stream2_20260526T025908Z/yolo_2023/per_instance_yolo_2023_watchdog_iid14_20260526T041505721221Z.json
full_r3,15,UNKNOWN_RESOURCE_LIMIT,UNKNOWN,UNKNOWN,,33.223,UNKNOWN_RESOURCE_LIMIT,True,True,FAILED,24995.3359375,onnx/TinyYOLO.onnx,vnnlib/TinyYOLO_prop_000004_eps_1_255.vnnlib,[],[],[],"watchdog killed instance after 33.2s (status=UNKNOWN_RESOURCE_LIMIT, peak_rss=24995.3 MiB)",/data1/Kane/ACT/audit_results/r93_rerun_20260525T083118Z/overnight_cpu_full_stream2_20260526T025908Z/yolo_2023/per_instance_yolo_2023_watchdog_iid15_20260526T041538944591Z.json
full_r3,16,UNKNOWN_RESOURCE_LIMIT,UNKNOWN,UNKNOWN,,32.622,UNKNOWN_RESOURCE_LIMIT,True,True,FAILED,26116.91796875,onnx/TinyYOLO.onnx,vnnlib/TinyYOLO_prop_000316_eps_1_255.vnnlib,[],[],[],"watchdog killed instance after 32.6s (status=UNKNOWN_RESOURCE_LIMIT, peak_rss=26116.9 MiB)",/data1/Kane/ACT/audit_results/r93_rerun_20260525T083118Z/overnight_cpu_full_stream2_20260526T025908Z/yolo_2023/per_instance_yolo_2023_watchdog_iid16_20260526T041611567542Z.json
full_r3,17,UNKNOWN_RESOURCE_LIMIT,UNKNOWN,UNKNOWN,,33.121,UNKNOWN_RESOURCE_LIMIT,True,True,FAILED,25815.50390625,onnx/TinyYOLO.onnx,vnnlib/TinyYOLO_prop_000080_eps_1_255.vnnlib,[],[],[],"watchdog killed instance after 33.1s (status=UNKNOWN_RESOURCE_LIMIT, peak_rss=25815.5 MiB)",/data1/Kane/ACT/audit_results/r93_rerun_20260525T083118Z/overnight_cpu_full_stream2_20260526T025908Z/yolo_2023/per_instance_yolo_2023_watchdog_iid17_20260526T041644689444Z.json
full_r3,18,UNKNOWN_RESOURCE_LIMIT,UNKNOWN,UNKNOWN,,32.524,UNKNOWN_RESOURCE_LIMIT,True,True,FAILED,24784.76171875,onnx/TinyYOLO.onnx,vnnlib/TinyYOLO_prop_000161_eps_1_255.vnnlib,[],[],[],"watchdog killed instance after 32.5s (status=UNKNOWN_RESOURCE_LIMIT, peak_rss=24784.8 MiB)",/data1/Kane/ACT/audit_results/r93_rerun_20260525T083118Z/overnight_cpu_full_stream2_20260526T025908Z/yolo_2023/per_instance_yolo_2023_watchdog_iid18_20260526T041717214981Z.json
full_r3,19,UNKNOWN_RESOURCE_LIMIT,UNKNOWN,UNKNOWN,,32.923,UNKNOWN_RESOURCE_LIMIT,True,True,FAILED,25807.546875,onnx/TinyYOLO.onnx,vnnlib/TinyYOLO_prop_000081_eps_1_255.vnnlib,[],[],[],"watchdog killed instance after 32.9s (status=UNKNOWN_RESOURCE_LIMIT, peak_rss=25807.5 MiB)",/data1/Kane/ACT/audit_results/r93_rerun_20260525T083118Z/overnight_cpu_full_stream2_20260526T025908Z/yolo_2023/per_instance_yolo_2023_watchdog_iid19_20260526T041750138926Z.json
full_r3,20,UNKNOWN_RESOURCE_LIMIT,UNKNOWN,UNKNOWN,,32.421,UNKNOWN_RESOURCE_LIMIT,True,True,FAILED,24932.55859375,onnx/TinyYOLO.onnx,vnnlib/TinyYOLO_prop_000425_eps_1_255.vnnlib,[],[],[],"watchdog killed instance after 32.4s (status=UNKNOWN_RESOURCE_LIMIT, peak_rss=24932.6 MiB)",/data1/Kane/ACT/audit_results/r93_rerun_20260525T083118Z/overnight_cpu_full_stream2_20260526T025908Z/yolo_2023/per_instance_yolo_2023_watchdog_iid20_20260526T041822560989Z.json
full_r3,21,UNKNOWN_RESOURCE_LIMIT,UNKNOWN,UNKNOWN,,31.922,UNKNOWN_RESOURCE_LIMIT,True,True,FAILED,24752.9375,onnx/TinyYOLO.onnx,vnnlib/TinyYOLO_prop_000324_eps_1_255.vnnlib,[],[],[],"watchdog killed instance after 31.9s (status=UNKNOWN_RESOURCE_LIMIT, peak_rss=24752.9 MiB)",/data1/Kane/ACT/audit_results/r93_rerun_20260525T083118Z/overnight_cpu_full_stream2_20260526T025908Z/yolo_2023/per_instance_yolo_2023_watchdog_iid21_20260526T041854484237Z.json
full_r3,22,UNKNOWN_RESOURCE_LIMIT,UNKNOWN,UNKNOWN,,31.821,UNKNOWN_RESOURCE_LIMIT,True,True,FAILED,25577.6328125,onnx/TinyYOLO.onnx,vnnlib/TinyYOLO_prop_000439_eps_1_255.vnnlib,[],[],[],"watchdog killed instance after 31.8s (status=UNKNOWN_RESOURCE_LIMIT, peak_rss=25577.6 MiB)",/data1/Kane/ACT/audit_results/r93_rerun_20260525T083118Z/overnight_cpu_full_stream2_20260526T025908Z/yolo_2023/per_instance_yolo_2023_watchdog_iid22_20260526T041926306050Z.json
full_r3,23,UNKNOWN_RESOURCE_LIMIT,UNKNOWN,UNKNOWN,,31.823,UNKNOWN_RESOURCE_LIMIT,True,True,FAILED,24987.0234375,onnx/TinyYOLO.onnx,vnnlib/TinyYOLO_prop_000306_eps_1_255.vnnlib,[],[],[],"watchdog killed instance after 31.8s (status=UNKNOWN_RESOURCE_LIMIT, peak_rss=24987.0 MiB)",/data1/Kane/ACT/audit_results/r93_rerun_20260525T083118Z/overnight_cpu_full_stream2_20260526T025908Z/yolo_2023/per_instance_yolo_2023_watchdog_iid23_20260526T041958129457Z.json
full_r3,24,UNKNOWN_RESOURCE_LIMIT,UNKNOWN,UNKNOWN,,31.923,UNKNOWN_RESOURCE_LIMIT,True,True,FAILED,25579.84375,onnx/TinyYOLO.onnx,vnnlib/TinyYOLO_prop_000302_eps_1_255.vnnlib,[],[],[],"watchdog killed instance after 31.9s (status=UNKNOWN_RESOURCE_LIMIT, peak_rss=25579.8 MiB)",/data1/Kane/ACT/audit_results/r93_rerun_20260525T083118Z/overnight_cpu_full_stream2_20260526T025908Z/yolo_2023/per_instance_yolo_2023_watchdog_iid24_20260526T042030053487Z.json
full_r3,25,UNKNOWN_RESOURCE_LIMIT,UNKNOWN,UNKNOWN,,31.823,UNKNOWN_RESOURCE_LIMIT,True,True,FAILED,24582.609375,onnx/TinyYOLO.onnx,vnnlib/TinyYOLO_prop_000220_eps_1_255.vnnlib,[],[],[],"watchdog killed instance after 31.8s (status=UNKNOWN_RESOURCE_LIMIT, peak_rss=24582.6 MiB)",/data1/Kane/ACT/audit_results/r93_rerun_20260525T083118Z/overnight_cpu_full_stream2_20260526T025908Z/yolo_2023/per_instance_yolo_2023_watchdog_iid25_20260526T042101877582Z.json
full_r3,26,UNKNOWN_RESOURCE_LIMIT,UNKNOWN,UNKNOWN,,31.821,UNKNOWN_RESOURCE_LIMIT,True,True,FAILED,24948.29296875,onnx/TinyYOLO.onnx,vnnlib/TinyYOLO_prop_000101_eps_1_255.vnnlib,[],[],[],"watchdog killed instance after 31.8s (status=UNKNOWN_RESOURCE_LIMIT, peak_rss=24948.3 MiB)",/data1/Kane/ACT/audit_results/r93_rerun_20260525T083118Z/overnight_cpu_full_stream2_20260526T025908Z/yolo_2023/per_instance_yolo_2023_watchdog_iid26_20260526T042133699506Z.json
full_r3,27,UNKNOWN_TIMEOUT,UNKNOWN,UNKNOWN,,129.253,UNKNOWN_TIMEOUT,True,True,FAILED,17367.23828125,onnx/TinyYOLO.onnx,vnnlib/TinyYOLO_prop_000420_eps_1_255.vnnlib,[],[],[],"watchdog killed instance after 129.3s (status=UNKNOWN_TIMEOUT, peak_rss=17367.2 MiB)",/data1/Kane/ACT/audit_results/r93_rerun_20260525T083118Z/overnight_cpu_full_stream2_20260526T025908Z/yolo_2023/per_instance_yolo_2023_watchdog_iid27_20260526T042342956386Z.json
full_r3,28,UNKNOWN_RESOURCE_LIMIT,UNKNOWN,UNKNOWN,,33.623,UNKNOWN_RESOURCE_LIMIT,True,True,FAILED,25526.80078125,onnx/TinyYOLO.onnx,vnnlib/TinyYOLO_prop_000036_eps_1_255.vnnlib,[],[],[],"watchdog killed instance after 33.6s (status=UNKNOWN_RESOURCE_LIMIT, peak_rss=25526.8 MiB)",/data1/Kane/ACT/audit_results/r93_rerun_20260525T083118Z/overnight_cpu_full_stream2_20260526T025908Z/yolo_2023/per_instance_yolo_2023_watchdog_iid28_20260526T042416580732Z.json
full_r3,29,UNKNOWN_RESOURCE_LIMIT,UNKNOWN,UNKNOWN,,32.625,UNKNOWN_RESOURCE_LIMIT,True,True,FAILED,24805.28515625,onnx/TinyYOLO.onnx,vnnlib/TinyYOLO_prop_000447_eps_1_255.vnnlib,[],[],[],"watchdog killed instance after 32.6s (status=UNKNOWN_RESOURCE_LIMIT, peak_rss=24805.3 MiB)",/data1/Kane/ACT/audit_results/r93_rerun_20260525T083118Z/overnight_cpu_full_stream2_20260526T025908Z/yolo_2023/per_instance_yolo_2023_watchdog_iid29_20260526T042449206271Z.json
full_r3,30,UNKNOWN_RESOURCE_LIMIT,UNKNOWN,UNKNOWN,,43.126,UNKNOWN_RESOURCE_LIMIT,True,True,FAILED,25181.38671875,onnx/TinyYOLO.onnx,vnnlib/TinyYOLO_prop_000103_eps_1_255.vnnlib,[],[],[],"watchdog killed instance after 43.1s (status=UNKNOWN_RESOURCE_LIMIT, peak_rss=25181.4 MiB)",/data1/Kane/ACT/audit_results/r93_rerun_20260525T083118Z/overnight_cpu_full_stream2_20260526T025908Z/yolo_2023/per_instance_yolo_2023_watchdog_iid30_20260526T042532334288Z.json
full_r3,31,UNKNOWN_RESOURCE_LIMIT,UNKNOWN,UNKNOWN,,42.427,UNKNOWN_RESOURCE_LIMIT,True,True,FAILED,25657.25,onnx/TinyYOLO.onnx,vnnlib/TinyYOLO_prop_000266_eps_1_255.vnnlib,[],[],[],"watchdog killed instance after 42.4s (status=UNKNOWN_RESOURCE_LIMIT, peak_rss=25657.2 MiB)",/data1/Kane/ACT/audit_results/r93_rerun_20260525T083118Z/overnight_cpu_full_stream2_20260526T025908Z/yolo_2023/per_instance_yolo_2023_watchdog_iid31_20260526T042614761818Z.json
full_r3,32,UNKNOWN_RESOURCE_LIMIT,UNKNOWN,UNKNOWN,,32.026,UNKNOWN_RESOURCE_LIMIT,True,True,FAILED,24959.08984375,onnx/TinyYOLO.onnx,vnnlib/TinyYOLO_prop_000047_eps_1_255.vnnlib,[],[],[],"watchdog killed instance after 32.0s (status=UNKNOWN_RESOURCE_LIMIT, peak_rss=24959.1 MiB)",/data1/Kane/ACT/audit_results/r93_rerun_20260525T083118Z/overnight_cpu_full_stream2_20260526T025908Z/yolo_2023/per_instance_yolo_2023_watchdog_iid32_20260526T042646788468Z.json
full_r3,33,UNKNOWN_RESOURCE_LIMIT,UNKNOWN,UNKNOWN,,33.024,UNKNOWN_RESOURCE_LIMIT,True,True,FAILED,26075.84765625,onnx/TinyYOLO.onnx,vnnlib/TinyYOLO_prop_000015_eps_1_255.vnnlib,[],[],[],"watchdog killed instance after 33.0s (status=UNKNOWN_RESOURCE_LIMIT, peak_rss=26075.8 MiB)",/data1/Kane/ACT/audit_results/r93_rerun_20260525T083118Z/overnight_cpu_full_stream2_20260526T025908Z/yolo_2023/per_instance_yolo_2023_watchdog_iid33_20260526T042719813445Z.json
full_r3,34,UNKNOWN_RESOURCE_LIMIT,UNKNOWN,UNKNOWN,,31.924,UNKNOWN_RESOURCE_LIMIT,True,True,FAILED,25604.68359375,onnx/TinyYOLO.onnx,vnnlib/TinyYOLO_prop_000284_eps_1_255.vnnlib,[],[],[],"watchdog killed instance after 31.9s (status=UNKNOWN_RESOURCE_LIMIT, peak_rss=25604.7 MiB)",/data1/Kane/ACT/audit_results/r93_rerun_20260525T083118Z/overnight_cpu_full_stream2_20260526T025908Z/yolo_2023/per_instance_yolo_2023_watchdog_iid34_20260526T042751738255Z.json
full_r3,35,UNKNOWN_RESOURCE_LIMIT,UNKNOWN,UNKNOWN,,32.524,UNKNOWN_RESOURCE_LIMIT,True,True,FAILED,24904.8984375,onnx/TinyYOLO.onnx,vnnlib/TinyYOLO_prop_000201_eps_1_255.vnnlib,[],[],[],"watchdog killed instance after 32.5s (status=UNKNOWN_RESOURCE_LIMIT, peak_rss=24904.9 MiB)",/data1/Kane/ACT/audit_results/r93_rerun_20260525T083118Z/overnight_cpu_full_stream2_20260526T025908Z/yolo_2023/per_instance_yolo_2023_watchdog_iid35_20260526T042824262450Z.json
full_r3,36,UNKNOWN_RESOURCE_LIMIT,UNKNOWN,UNKNOWN,,32.023,UNKNOWN_RESOURCE_LIMIT,True,True,FAILED,26145.6328125,onnx/TinyYOLO.onnx,vnnlib/TinyYOLO_prop_000323_eps_1_255.vnnlib,[],[],[],"watchdog killed instance after 32.0s (status=UNKNOWN_RESOURCE_LIMIT, peak_rss=26145.6 MiB)",/data1/Kane/ACT/audit_results/r93_rerun_20260525T083118Z/overnight_cpu_full_stream2_20260526T025908Z/yolo_2023/per_instance_yolo_2023_watchdog_iid36_20260526T042856286263Z.json
full_r3,37,UNKNOWN_RESOURCE_LIMIT,UNKNOWN,UNKNOWN,,31.923,UNKNOWN_RESOURCE_LIMIT,True,True,FAILED,24740.1484375,onnx/TinyYOLO.onnx,vnnlib/TinyYOLO_prop_000395_eps_1_255.vnnlib,[],[],[],"watchdog killed instance after 31.9s (status=UNKNOWN_RESOURCE_LIMIT, peak_rss=24740.1 MiB)",/data1/Kane/ACT/audit_results/r93_rerun_20260525T083118Z/overnight_cpu_full_stream2_20260526T025908Z/yolo_2023/per_instance_yolo_2023_watchdog_iid37_20260526T042928210003Z.json
full_r3,38,UNKNOWN_RESOURCE_LIMIT,UNKNOWN,UNKNOWN,,31.925,UNKNOWN_RESOURCE_LIMIT,True,True,FAILED,25810.43359375,onnx/TinyYOLO.onnx,vnnlib/TinyYOLO_prop_000450_eps_1_255.vnnlib,[],[],[],"watchdog killed instance after 31.9s (status=UNKNOWN_RESOURCE_LIMIT, peak_rss=25810.4 MiB)",/data1/Kane/ACT/audit_results/r93_rerun_20260525T083118Z/overnight_cpu_full_stream2_20260526T025908Z/yolo_2023/per_instance_yolo_2023_watchdog_iid38_20260526T043000136160Z.json
full_r3,39,UNKNOWN_RESOURCE_LIMIT,UNKNOWN,UNKNOWN,,32.223,UNKNOWN_RESOURCE_LIMIT,True,True,FAILED,25350.5,onnx/TinyYOLO.onnx,vnnlib/TinyYOLO_prop_000308_eps_1_255.vnnlib,[],[],[],"watchdog killed instance after 32.2s (status=UNKNOWN_RESOURCE_LIMIT, peak_rss=25350.5 MiB)",/data1/Kane/ACT/audit_results/r93_rerun_20260525T083118Z/overnight_cpu_full_stream2_20260526T025908Z/yolo_2023/per_instance_yolo_2023_watchdog_iid39_20260526T043032359955Z.json
full_r3,40,UNKNOWN_RESOURCE_LIMIT,UNKNOWN,UNKNOWN,,31.823,UNKNOWN_RESOURCE_LIMIT,True,True,FAILED,25915.2109375,onnx/TinyYOLO.onnx,vnnlib/TinyYOLO_prop_000159_eps_1_255.vnnlib,[],[],[],"watchdog killed instance after 31.8s (status=UNKNOWN_RESOURCE_LIMIT, peak_rss=25915.2 MiB)",/data1/Kane/ACT/audit_results/r93_rerun_20260525T083118Z/overnight_cpu_full_stream2_20260526T025908Z/yolo_2023/per_instance_yolo_2023_watchdog_iid40_20260526T043104183981Z.json
full_r3,41,UNKNOWN_RESOURCE_LIMIT,UNKNOWN,UNKNOWN,,33.124,UNKNOWN_RESOURCE_LIMIT,True,True,FAILED,25535.6953125,onnx/TinyYOLO.onnx,vnnlib/TinyYOLO_prop_000370_eps_1_255.vnnlib,[],[],[],"watchdog killed instance after 33.1s (status=UNKNOWN_RESOURCE_LIMIT, peak_rss=25535.7 MiB)",/data1/Kane/ACT/audit_results/r93_rerun_20260525T083118Z/overnight_cpu_full_stream2_20260526T025908Z/yolo_2023/per_instance_yolo_2023_watchdog_iid41_20260526T043137309057Z.json
full_r3,42,UNKNOWN_RESOURCE_LIMIT,UNKNOWN,UNKNOWN,,32.927,UNKNOWN_RESOURCE_LIMIT,True,True,FAILED,26065.47265625,onnx/TinyYOLO.onnx,vnnlib/TinyYOLO_prop_000217_eps_1_255.vnnlib,[],[],[],"watchdog killed instance after 32.9s (status=UNKNOWN_RESOURCE_LIMIT, peak_rss=26065.5 MiB)",/data1/Kane/ACT/audit_results/r93_rerun_20260525T083118Z/overnight_cpu_full_stream2_20260526T025908Z/yolo_2023/per_instance_yolo_2023_watchdog_iid42_20260526T043210236479Z.json
full_r3,43,UNKNOWN_RESOURCE_LIMIT,UNKNOWN,UNKNOWN,,32.122,UNKNOWN_RESOURCE_LIMIT,True,True,FAILED,25714.80078125,onnx/TinyYOLO.onnx,vnnlib/TinyYOLO_prop_000299_eps_1_255.vnnlib,[],[],[],"watchdog killed instance after 32.1s (status=UNKNOWN_RESOURCE_LIMIT, peak_rss=25714.8 MiB)",/data1/Kane/ACT/audit_results/r93_rerun_20260525T083118Z/overnight_cpu_full_stream2_20260526T025908Z/yolo_2023/per_instance_yolo_2023_watchdog_iid43_20260526T043242358769Z.json
full_r3,44,UNKNOWN_RESOURCE_LIMIT,UNKNOWN,UNKNOWN,,32.521,UNKNOWN_RESOURCE_LIMIT,True,True,FAILED,25204.8203125,onnx/TinyYOLO.onnx,vnnlib/TinyYOLO_prop_000401_eps_1_255.vnnlib,[],[],[],"watchdog killed instance after 32.5s (status=UNKNOWN_RESOURCE_LIMIT, peak_rss=25204.8 MiB)",/data1/Kane/ACT/audit_results/r93_rerun_20260525T083118Z/overnight_cpu_full_stream2_20260526T025908Z/yolo_2023/per_instance_yolo_2023_watchdog_iid44_20260526T043314880446Z.json
full_r3,45,UNKNOWN_RESOURCE_LIMIT,UNKNOWN,UNKNOWN,,32.621,UNKNOWN_RESOURCE_LIMIT,True,True,FAILED,26226.61328125,onnx/TinyYOLO.onnx,vnnlib/TinyYOLO_prop_000046_eps_1_255.vnnlib,[],[],[],"watchdog killed instance after 32.6s (status=UNKNOWN_RESOURCE_LIMIT, peak_rss=26226.6 MiB)",/data1/Kane/ACT/audit_results/r93_rerun_20260525T083118Z/overnight_cpu_full_stream2_20260526T025908Z/yolo_2023/per_instance_yolo_2023_watchdog_iid45_20260526T043347502084Z.json
full_r3,46,UNKNOWN_RESOURCE_LIMIT,UNKNOWN,UNKNOWN,,33.124,UNKNOWN_RESOURCE_LIMIT,True,True,FAILED,25788.11328125,onnx/TinyYOLO.onnx,vnnlib/TinyYOLO_prop_000139_eps_1_255.vnnlib,[],[],[],"watchdog killed instance after 33.1s (status=UNKNOWN_RESOURCE_LIMIT, peak_rss=25788.1 MiB)",/data1/Kane/ACT/audit_results/r93_rerun_20260525T083118Z/overnight_cpu_full_stream2_20260526T025908Z/yolo_2023/per_instance_yolo_2023_watchdog_iid46_20260526T043420627133Z.json
full_r3,47,UNKNOWN_RESOURCE_LIMIT,UNKNOWN,UNKNOWN,,32.321,UNKNOWN_RESOURCE_LIMIT,True,True,FAILED,24718.8828125,onnx/TinyYOLO.onnx,vnnlib/TinyYOLO_prop_000024_eps_1_255.vnnlib,[],[],[],"watchdog killed instance after 32.3s (status=UNKNOWN_RESOURCE_LIMIT, peak_rss=24718.9 MiB)",/data1/Kane/ACT/audit_results/r93_rerun_20260525T083118Z/overnight_cpu_full_stream2_20260526T025908Z/yolo_2023/per_instance_yolo_2023_watchdog_iid47_20260526T043452948796Z.json
full_r3,48,UNKNOWN_RESOURCE_LIMIT,UNKNOWN,UNKNOWN,,32.02,UNKNOWN_RESOURCE_LIMIT,True,True,FAILED,25976.78515625,onnx/TinyYOLO.onnx,vnnlib/TinyYOLO_prop_000249_eps_1_255.vnnlib,[],[],[],"watchdog killed instance after 32.0s (status=UNKNOWN_RESOURCE_LIMIT, peak_rss=25976.8 MiB)",/data1/Kane/ACT/audit_results/r93_rerun_20260525T083118Z/overnight_cpu_full_stream2_20260526T025908Z/yolo_2023/per_instance_yolo_2023_watchdog_iid48_20260526T043524969862Z.json
full_r3,49,UNKNOWN_RESOURCE_LIMIT,UNKNOWN,UNKNOWN,,32.021,UNKNOWN_RESOURCE_LIMIT,True,True,FAILED,25132.40625,onnx/TinyYOLO.onnx,vnnlib/TinyYOLO_prop_000148_eps_1_255.vnnlib,[],[],[],"watchdog killed instance after 32.0s (status=UNKNOWN_RESOURCE_LIMIT, peak_rss=25132.4 MiB)",/data1/Kane/ACT/audit_results/r93_rerun_20260525T083118Z/overnight_cpu_full_stream2_20260526T025908Z/yolo_2023/per_instance_yolo_2023_watchdog_iid49_20260526T043556991599Z.json
full_r3,50,UNKNOWN_RESOURCE_LIMIT,UNKNOWN,UNKNOWN,,31.92,UNKNOWN_RESOURCE_LIMIT,True,True,FAILED,24917.875,onnx/TinyYOLO.onnx,vnnlib/TinyYOLO_prop_000196_eps_1_255.vnnlib,[],[],[],"watchdog killed instance after 31.9s (status=UNKNOWN_RESOURCE_LIMIT, peak_rss=24917.9 MiB)",/data1/Kane/ACT/audit_results/r93_rerun_20260525T083118Z/overnight_cpu_full_stream2_20260526T025908Z/yolo_2023/per_instance_yolo_2023_watchdog_iid50_20260526T043628912646Z.json
full_r3,51,UNKNOWN_RESOURCE_LIMIT,UNKNOWN,UNKNOWN,,32.522,UNKNOWN_RESOURCE_LIMIT,True,True,FAILED,24781.01171875,onnx/TinyYOLO.onnx,vnnlib/TinyYOLO_prop_000277_eps_1_255.vnnlib,[],[],[],"watchdog killed instance after 32.5s (status=UNKNOWN_RESOURCE_LIMIT, peak_rss=24781.0 MiB)",/data1/Kane/ACT/audit_results/r93_rerun_20260525T083118Z/overnight_cpu_full_stream2_20260526T025908Z/yolo_2023/per_instance_yolo_2023_watchdog_iid51_20260526T043701435054Z.json
full_r3,52,UNKNOWN_RESOURCE_LIMIT,UNKNOWN,UNKNOWN,,32.023,UNKNOWN_RESOURCE_LIMIT,True,True,FAILED,25380.4296875,onnx/TinyYOLO.onnx,vnnlib/TinyYOLO_prop_000262_eps_1_255.vnnlib,[],[],[],"watchdog killed instance after 32.0s (status=UNKNOWN_RESOURCE_LIMIT, peak_rss=25380.4 MiB)",/data1/Kane/ACT/audit_results/r93_rerun_20260525T083118Z/overnight_cpu_full_stream2_20260526T025908Z/yolo_2023/per_instance_yolo_2023_watchdog_iid52_20260526T043733458293Z.json
full_r3,53,UNKNOWN_RESOURCE_LIMIT,UNKNOWN,UNKNOWN,,32.322,UNKNOWN_RESOURCE_LIMIT,True,True,FAILED,24643.6171875,onnx/TinyYOLO.onnx,vnnlib/TinyYOLO_prop_000298_eps_1_255.vnnlib,[],[],[],"watchdog killed instance after 32.3s (status=UNKNOWN_RESOURCE_LIMIT, peak_rss=24643.6 MiB)",/data1/Kane/ACT/audit_results/r93_rerun_20260525T083118Z/overnight_cpu_full_stream2_20260526T025908Z/yolo_2023/per_instance_yolo_2023_watchdog_iid53_20260526T043805781149Z.json
full_r3,54,UNKNOWN_RESOURCE_LIMIT,UNKNOWN,UNKNOWN,,31.821,UNKNOWN_RESOURCE_LIMIT,True,True,FAILED,25298.33203125,onnx/TinyYOLO.onnx,vnnlib/TinyYOLO_prop_000336_eps_1_255.vnnlib,[],[],[],"watchdog killed instance after 31.8s (status=UNKNOWN_RESOURCE_LIMIT, peak_rss=25298.3 MiB)",/data1/Kane/ACT/audit_results/r93_rerun_20260525T083118Z/overnight_cpu_full_stream2_20260526T025908Z/yolo_2023/per_instance_yolo_2023_watchdog_iid54_20260526T043837602664Z.json
full_r3,55,UNKNOWN_RESOURCE_LIMIT,UNKNOWN,UNKNOWN,,31.324,UNKNOWN_RESOURCE_LIMIT,True,True,FAILED,25630.15625,onnx/TinyYOLO.onnx,vnnlib/TinyYOLO_prop_000453_eps_1_255.vnnlib,[],[],[],"watchdog killed instance after 31.3s (status=UNKNOWN_RESOURCE_LIMIT, peak_rss=25630.2 MiB)",/data1/Kane/ACT/audit_results/r93_rerun_20260525T083118Z/overnight_cpu_full_stream2_20260526T025908Z/yolo_2023/per_instance_yolo_2023_watchdog_iid55_20260526T043908928429Z.json
full_r3,56,UNKNOWN_RESOURCE_LIMIT,UNKNOWN,UNKNOWN,,32.629,UNKNOWN_RESOURCE_LIMIT,True,True,FAILED,24796.16015625,onnx/TinyYOLO.onnx,vnnlib/TinyYOLO_prop_000405_eps_1_255.vnnlib,[],[],[],"watchdog killed instance after 32.6s (status=UNKNOWN_RESOURCE_LIMIT, peak_rss=24796.2 MiB)",/data1/Kane/ACT/audit_results/r93_rerun_20260525T083118Z/overnight_cpu_full_stream2_20260526T025908Z/yolo_2023/per_instance_yolo_2023_watchdog_iid56_20260526T043941558585Z.json
full_r3,57,UNKNOWN_RESOURCE_LIMIT,UNKNOWN,UNKNOWN,,43.13,UNKNOWN_RESOURCE_LIMIT,True,True,FAILED,24636.1640625,onnx/TinyYOLO.onnx,vnnlib/TinyYOLO_prop_000062_eps_1_255.vnnlib,[],[],[],"watchdog killed instance after 43.1s (status=UNKNOWN_RESOURCE_LIMIT, peak_rss=24636.2 MiB)",/data1/Kane/ACT/audit_results/r93_rerun_20260525T083118Z/overnight_cpu_full_stream2_20260526T025908Z/yolo_2023/per_instance_yolo_2023_watchdog_iid57_20260526T044024689397Z.json
full_r3,58,UNKNOWN_RESOURCE_LIMIT,UNKNOWN,UNKNOWN,,32.621,UNKNOWN_RESOURCE_LIMIT,True,True,FAILED,24884.40625,onnx/TinyYOLO.onnx,vnnlib/TinyYOLO_prop_000165_eps_1_255.vnnlib,[],[],[],"watchdog killed instance after 32.6s (status=UNKNOWN_RESOURCE_LIMIT, peak_rss=24884.4 MiB)",/data1/Kane/ACT/audit_results/r93_rerun_20260525T083118Z/overnight_cpu_full_stream2_20260526T025908Z/yolo_2023/per_instance_yolo_2023_watchdog_iid58_20260526T044057312425Z.json
full_r3,59,UNKNOWN_RESOURCE_LIMIT,UNKNOWN,UNKNOWN,,32.621,UNKNOWN_RESOURCE_LIMIT,True,True,FAILED,25384.39453125,onnx/TinyYOLO.onnx,vnnlib/TinyYOLO_prop_000357_eps_1_255.vnnlib,[],[],[],"watchdog killed instance after 32.6s (status=UNKNOWN_RESOURCE_LIMIT, peak_rss=25384.4 MiB)",/data1/Kane/ACT/audit_results/r93_rerun_20260525T083118Z/overnight_cpu_full_stream2_20260526T025908Z/yolo_2023/per_instance_yolo_2023_watchdog_iid59_20260526T044129933701Z.json
full_r3,60,UNKNOWN_RESOURCE_LIMIT,UNKNOWN,UNKNOWN,,32.421,UNKNOWN_RESOURCE_LIMIT,True,True,FAILED,25730.8125,onnx/TinyYOLO.onnx,vnnlib/TinyYOLO_prop_000037_eps_1_255.vnnlib,[],[],[],"watchdog killed instance after 32.4s (status=UNKNOWN_RESOURCE_LIMIT, peak_rss=25730.8 MiB)",/data1/Kane/ACT/audit_results/r93_rerun_20260525T083118Z/overnight_cpu_full_stream2_20260526T025908Z/yolo_2023/per_instance_yolo_2023_watchdog_iid60_20260526T044202354919Z.json
full_r3,61,UNKNOWN_RESOURCE_LIMIT,UNKNOWN,UNKNOWN,,32.019,UNKNOWN_RESOURCE_LIMIT,True,True,FAILED,25768.12109375,onnx/TinyYOLO.onnx,vnnlib/TinyYOLO_prop_000341_eps_1_255.vnnlib,[],[],[],"watchdog killed instance after 32.0s (status=UNKNOWN_RESOURCE_LIMIT, peak_rss=25768.1 MiB)",/data1/Kane/ACT/audit_results/r93_rerun_20260525T083118Z/overnight_cpu_full_stream2_20260526T025908Z/yolo_2023/per_instance_yolo_2023_watchdog_iid61_20260526T044234375011Z.json
full_r3,62,UNKNOWN_RESOURCE_LIMIT,UNKNOWN,UNKNOWN,,31.22,UNKNOWN_RESOURCE_LIMIT,True,True,FAILED,24628.59375,onnx/TinyYOLO.onnx,vnnlib/TinyYOLO_prop_000271_eps_1_255.vnnlib,[],[],[],"watchdog killed instance after 31.2s (status=UNKNOWN_RESOURCE_LIMIT, peak_rss=24628.6 MiB)",/data1/Kane/ACT/audit_results/r93_rerun_20260525T083118Z/overnight_cpu_full_stream2_20260526T025908Z/yolo_2023/per_instance_yolo_2023_watchdog_iid62_20260526T044305596070Z.json
full_r3,63,UNKNOWN_RESOURCE_LIMIT,UNKNOWN,UNKNOWN,,31.321,UNKNOWN_RESOURCE_LIMIT,True,True,FAILED,24845.953125,onnx/TinyYOLO.onnx,vnnlib/TinyYOLO_prop_000144_eps_1_255.vnnlib,[],[],[],"watchdog killed instance after 31.3s (status=UNKNOWN_RESOURCE_LIMIT, peak_rss=24846.0 MiB)",/data1/Kane/ACT/audit_results/r93_rerun_20260525T083118Z/overnight_cpu_full_stream2_20260526T025908Z/yolo_2023/per_instance_yolo_2023_watchdog_iid63_20260526T044336918204Z.json
full_r3,64,UNKNOWN_RESOURCE_LIMIT,UNKNOWN,UNKNOWN,,31.921,UNKNOWN_RESOURCE_LIMIT,True,True,FAILED,25916.03515625,onnx/TinyYOLO.onnx,vnnlib/TinyYOLO_prop_000170_eps_1_255.vnnlib,[],[],[],"watchdog killed instance after 31.9s (status=UNKNOWN_RESOURCE_LIMIT, peak_rss=25916.0 MiB)",/data1/Kane/ACT/audit_results/r93_rerun_20260525T083118Z/overnight_cpu_full_stream2_20260526T025908Z/yolo_2023/per_instance_yolo_2023_watchdog_iid64_20260526T044408839955Z.json
full_r3,65,UNKNOWN_RESOURCE_LIMIT,UNKNOWN,UNKNOWN,,31.422,UNKNOWN_RESOURCE_LIMIT,True,True,FAILED,25325.9921875,onnx/TinyYOLO.onnx,vnnlib/TinyYOLO_prop_000060_eps_1_255.vnnlib,[],[],[],"watchdog killed instance after 31.4s (status=UNKNOWN_RESOURCE_LIMIT, peak_rss=25326.0 MiB)",/data1/Kane/ACT/audit_results/r93_rerun_20260525T083118Z/overnight_cpu_full_stream2_20260526T025908Z/yolo_2023/per_instance_yolo_2023_watchdog_iid65_20260526T044440262886Z.json
full_r3,66,UNKNOWN_RESOURCE_LIMIT,UNKNOWN,UNKNOWN,,32.423,UNKNOWN_RESOURCE_LIMIT,True,True,FAILED,25158.19140625,onnx/TinyYOLO.onnx,vnnlib/TinyYOLO_prop_000129_eps_1_255.vnnlib,[],[],[],"watchdog killed instance after 32.4s (status=UNKNOWN_RESOURCE_LIMIT, peak_rss=25158.2 MiB)",/data1/Kane/ACT/audit_results/r93_rerun_20260525T083118Z/overnight_cpu_full_stream2_20260526T025908Z/yolo_2023/per_instance_yolo_2023_watchdog_iid66_20260526T044512686834Z.json
full_r3,67,UNKNOWN_RESOURCE_LIMIT,UNKNOWN,UNKNOWN,,33.021,UNKNOWN_RESOURCE_LIMIT,True,True,FAILED,25422.265625,onnx/TinyYOLO.onnx,vnnlib/TinyYOLO_prop_000356_eps_1_255.vnnlib,[],[],[],"watchdog killed instance after 33.0s (status=UNKNOWN_RESOURCE_LIMIT, peak_rss=25422.3 MiB)",/data1/Kane/ACT/audit_results/r93_rerun_20260525T083118Z/overnight_cpu_full_stream2_20260526T025908Z/yolo_2023/per_instance_yolo_2023_watchdog_iid67_20260526T044545708873Z.json
full_r3,68,UNKNOWN_RESOURCE_LIMIT,UNKNOWN,UNKNOWN,,31.421,UNKNOWN_RESOURCE_LIMIT,True,True,FAILED,24980.19921875,onnx/TinyYOLO.onnx,vnnlib/TinyYOLO_prop_000261_eps_1_255.vnnlib,[],[],[],"watchdog killed instance after 31.4s (status=UNKNOWN_RESOURCE_LIMIT, peak_rss=24980.2 MiB)",/data1/Kane/ACT/audit_results/r93_rerun_20260525T083118Z/overnight_cpu_full_stream2_20260526T025908Z/yolo_2023/per_instance_yolo_2023_watchdog_iid68_20260526T044617131027Z.json
full_r3,69,UNKNOWN_RESOURCE_LIMIT,UNKNOWN,UNKNOWN,,32.321,UNKNOWN_RESOURCE_LIMIT,True,True,FAILED,24763.765625,onnx/TinyYOLO.onnx,vnnlib/TinyYOLO_prop_000225_eps_1_255.vnnlib,[],[],[],"watchdog killed instance after 32.3s (status=UNKNOWN_RESOURCE_LIMIT, peak_rss=24763.8 MiB)",/data1/Kane/ACT/audit_results/r93_rerun_20260525T083118Z/overnight_cpu_full_stream2_20260526T025908Z/yolo_2023/per_instance_yolo_2023_watchdog_iid69_20260526T044649452840Z.json
full_r3,70,UNKNOWN_RESOURCE_LIMIT,UNKNOWN,UNKNOWN,,42.324,UNKNOWN_RESOURCE_LIMIT,True,True,FAILED,25507.73046875,onnx/TinyYOLO.onnx,vnnlib/TinyYOLO_prop_000181_eps_1_255.vnnlib,[],[],[],"watchdog killed instance after 42.3s (status=UNKNOWN_RESOURCE_LIMIT, peak_rss=25507.7 MiB)",/data1/Kane/ACT/audit_results/r93_rerun_20260525T083118Z/overnight_cpu_full_stream2_20260526T025908Z/yolo_2023/per_instance_yolo_2023_watchdog_iid70_20260526T044731778248Z.json
full_r3,71,UNKNOWN_RESOURCE_LIMIT,UNKNOWN,UNKNOWN,,33.722,UNKNOWN_RESOURCE_LIMIT,True,True,FAILED,25711.08984375,onnx/TinyYOLO.onnx,vnnlib/TinyYOLO_prop_000312_eps_1_255.vnnlib,[],[],[],"watchdog killed instance after 33.7s (status=UNKNOWN_RESOURCE_LIMIT, peak_rss=25711.1 MiB)",/data1/Kane/ACT/audit_results/r93_rerun_20260525T083118Z/overnight_cpu_full_stream2_20260526T025908Z/yolo_2023/per_instance_yolo_2023_watchdog_iid71_20260526T044805501250Z.json
gpu_full,0,ERROR_WATCHDOG_EXIT_NONZERO,ERROR,ERROR,,4.503,EXIT_NONZERO,True,True,FAILED,1051.1875,onnx/TinyYOLO.onnx,vnnlib/TinyYOLO_prop_000005_eps_1_255.vnnlib,[],[],[],"watchdog killed instance after 4.5s (status=EXIT_NONZERO, peak_rss=1051.2 MiB)",/data1/Kane/ACT/audit_results/r93_rerun_20260525T083118Z/gpu_stream3_20260526T132419Z/yolo_2023/per_instance_yolo_2023_watchdog_iid0_20260526T144611864571Z.json
gpu_full,1,ERROR_WATCHDOG_EXIT_NONZERO,ERROR,ERROR,,4.503,EXIT_NONZERO,True,True,FAILED,928.03515625,onnx/TinyYOLO.onnx,vnnlib/TinyYOLO_prop_000459_eps_1_255.vnnlib,[],[],[],"watchdog killed instance after 4.5s (status=EXIT_NONZERO, peak_rss=928.0 MiB)",/data1/Kane/ACT/audit_results/r93_rerun_20260525T083118Z/gpu_stream3_20260526T132419Z/yolo_2023/per_instance_yolo_2023_watchdog_iid1_20260526T144616369569Z.json
gpu_full,10,ERROR_WATCHDOG_EXIT_NONZERO,ERROR,ERROR,,6.505,EXIT_NONZERO,True,True,FAILED,934.20703125,onnx/TinyYOLO.onnx,vnnlib/TinyYOLO_prop_000221_eps_1_255.vnnlib,[],[],[],"watchdog killed instance after 6.5s (status=EXIT_NONZERO, peak_rss=934.2 MiB)",/data1/Kane/ACT/audit_results/r93_rerun_20260525T083118Z/gpu_stream3_20260526T132419Z/yolo_2023/per_instance_yolo_2023_watchdog_iid10_20260526T144704451711Z.json
gpu_full,11,ERROR_WATCHDOG_EXIT_NONZERO,ERROR,ERROR,,6.514,EXIT_NONZERO,True,True,FAILED,934.0625,onnx/TinyYOLO.onnx,vnnlib/TinyYOLO_prop_000040_eps_1_255.vnnlib,[],[],[],"watchdog killed instance after 6.5s (status=EXIT_NONZERO, peak_rss=934.1 MiB)",/data1/Kane/ACT/audit_results/r93_rerun_20260525T083118Z/gpu_stream3_20260526T132419Z/yolo_2023/per_instance_yolo_2023_watchdog_iid11_20260526T144710966753Z.json
gpu_full,12,ERROR_WATCHDOG_EXIT_NONZERO,ERROR,ERROR,,6.505,EXIT_NONZERO,True,True,FAILED,934.1640625,onnx/TinyYOLO.onnx,vnnlib/TinyYOLO_prop_000118_eps_1_255.vnnlib,[],[],[],"watchdog killed instance after 6.5s (status=EXIT_NONZERO, peak_rss=934.2 MiB)",/data1/Kane/ACT/audit_results/r93_rerun_20260525T083118Z/gpu_stream3_20260526T132419Z/yolo_2023/per_instance_yolo_2023_watchdog_iid12_20260526T144717472830Z.json
gpu_full,13,ERROR_WATCHDOG_EXIT_NONZERO,ERROR,ERROR,,6.508,EXIT_NONZERO,True,True,FAILED,934.45703125,onnx/TinyYOLO.onnx,vnnlib/TinyYOLO_prop_000359_eps_1_255.vnnlib,[],[],[],"watchdog killed instance after 6.5s (status=EXIT_NONZERO, peak_rss=934.5 MiB)",/data1/Kane/ACT/audit_results/r93_rerun_20260525T083118Z/gpu_stream3_20260526T132419Z/yolo_2023/per_instance_yolo_2023_watchdog_iid13_20260526T144723981970Z.json
gpu_full,14,ERROR_WATCHDOG_EXIT_NONZERO,ERROR,ERROR,,6.508,EXIT_NONZERO,True,True,FAILED,935.44140625,onnx/TinyYOLO.onnx,vnnlib/TinyYOLO_prop_000006_eps_1_255.vnnlib,[],[],[],"watchdog killed instance after 6.5s (status=EXIT_NONZERO, peak_rss=935.4 MiB)",/data1/Kane/ACT/audit_results/r93_rerun_20260525T083118Z/gpu_stream3_20260526T132419Z/yolo_2023/per_instance_yolo_2023_watchdog_iid14_20260526T144730492845Z.json
gpu_full,15,ERROR_WATCHDOG_EXIT_NONZERO,ERROR,ERROR,,6.012,EXIT_NONZERO,True,True,FAILED,926.546875,onnx/TinyYOLO.onnx,vnnlib/TinyYOLO_prop_000004_eps_1_255.vnnlib,[],[],[],"watchdog killed instance after 6.0s (status=EXIT_NONZERO, peak_rss=926.5 MiB)",/data1/Kane/ACT/audit_results/r93_rerun_20260525T083118Z/gpu_stream3_20260526T132419Z/yolo_2023/per_instance_yolo_2023_watchdog_iid15_20260526T144736507275Z.json
gpu_full,16,ERROR_WATCHDOG_EXIT_NONZERO,ERROR,ERROR,,6.035,EXIT_NONZERO,True,True,FAILED,933.14453125,onnx/TinyYOLO.onnx,vnnlib/TinyYOLO_prop_000316_eps_1_255.vnnlib,[],[],[],"watchdog killed instance after 6.0s (status=EXIT_NONZERO, peak_rss=933.1 MiB)",/data1/Kane/ACT/audit_results/r93_rerun_20260525T083118Z/gpu_stream3_20260526T132419Z/yolo_2023/per_instance_yolo_2023_watchdog_iid16_20260526T144742542905Z.json
gpu_full,17,ERROR_WATCHDOG_EXIT_NONZERO,ERROR,ERROR,,6.004,EXIT_NONZERO,True,True,FAILED,956.1484375,onnx/TinyYOLO.onnx,vnnlib/TinyYOLO_prop_000080_eps_1_255.vnnlib,[],[],[],"watchdog killed instance after 6.0s (status=EXIT_NONZERO, peak_rss=956.1 MiB)",/data1/Kane/ACT/audit_results/r93_rerun_20260525T083118Z/gpu_stream3_20260526T132419Z/yolo_2023/per_instance_yolo_2023_watchdog_iid17_20260526T144748548174Z.json
gpu_full,18,ERROR_WATCHDOG_EXIT_NONZERO,ERROR,ERROR,,6.02,EXIT_NONZERO,True,True,FAILED,955.890625,onnx/TinyYOLO.onnx,vnnlib/TinyYOLO_prop_000161_eps_1_255.vnnlib,[],[],[],"watchdog killed instance after 6.0s (status=EXIT_NONZERO, peak_rss=955.9 MiB)",/data1/Kane/ACT/audit_results/r93_rerun_20260525T083118Z/gpu_stream3_20260526T132419Z/yolo_2023/per_instance_yolo_2023_watchdog_iid18_20260526T144754570011Z.json
gpu_full,19,ERROR_WATCHDOG_EXIT_NONZERO,ERROR,ERROR,,6.505,EXIT_NONZERO,True,True,FAILED,933.9921875,onnx/TinyYOLO.onnx,vnnlib/TinyYOLO_prop_000081_eps_1_255.vnnlib,[],[],[],"watchdog killed instance after 6.5s (status=EXIT_NONZERO, peak_rss=934.0 MiB)",/data1/Kane/ACT/audit_results/r93_rerun_20260525T083118Z/gpu_stream3_20260526T132419Z/yolo_2023/per_instance_yolo_2023_watchdog_iid19_20260526T144801075586Z.json
gpu_full,2,ERROR_WATCHDOG_EXIT_NONZERO,ERROR,ERROR,,5.003,EXIT_NONZERO,True,True,FAILED,927.22265625,onnx/TinyYOLO.onnx,vnnlib/TinyYOLO_prop_000290_eps_1_255.vnnlib,[],[],[],"watchdog killed instance after 5.0s (status=EXIT_NONZERO, peak_rss=927.2 MiB)",/data1/Kane/ACT/audit_results/r93_rerun_20260525T083118Z/gpu_stream3_20260526T132419Z/yolo_2023/per_instance_yolo_2023_watchdog_iid2_20260526T144621373030Z.json
gpu_full,20,ERROR_WATCHDOG_EXIT_NONZERO,ERROR,ERROR,,6.505,EXIT_NONZERO,True,True,FAILED,955.953125,onnx/TinyYOLO.onnx,vnnlib/TinyYOLO_prop_000425_eps_1_255.vnnlib,[],[],[],"watchdog killed instance after 6.5s (status=EXIT_NONZERO, peak_rss=956.0 MiB)",/data1/Kane/ACT/audit_results/r93_rerun_20260525T083118Z/gpu_stream3_20260526T132419Z/yolo_2023/per_instance_yolo_2023_watchdog_iid20_20260526T144807581500Z.json
gpu_full,21,ERROR_WATCHDOG_EXIT_NONZERO,ERROR,ERROR,,6.004,EXIT_NONZERO,True,True,FAILED,932.48828125,onnx/TinyYOLO.onnx,vnnlib/TinyYOLO_prop_000324_eps_1_255.vnnlib,[],[],[],"watchdog killed instance after 6.0s (status=EXIT_NONZERO, peak_rss=932.5 MiB)",/data1/Kane/ACT/audit_results/r93_rerun_20260525T083118Z/gpu_stream3_20260526T132419Z/yolo_2023/per_instance_yolo_2023_watchdog_iid21_20260526T144813586861Z.json
gpu_full,22,ERROR_WATCHDOG_EXIT_NONZERO,ERROR,ERROR,,6.028,EXIT_NONZERO,True,True,FAILED,934.51953125,onnx/TinyYOLO.onnx,vnnlib/TinyYOLO_prop_000439_eps_1_255.vnnlib,[],[],[],"watchdog killed instance after 6.0s (status=EXIT_NONZERO, peak_rss=934.5 MiB)",/data1/Kane/ACT/audit_results/r93_rerun_20260525T083118Z/gpu_stream3_20260526T132419Z/yolo_2023/per_instance_yolo_2023_watchdog_iid22_20260526T144819615621Z.json
gpu_full,23,ERROR_WATCHDOG_EXIT_NONZERO,ERROR,ERROR,,6.511,EXIT_NONZERO,True,True,FAILED,933.27734375,onnx/TinyYOLO.onnx,vnnlib/TinyYOLO_prop_000306_eps_1_255.vnnlib,[],[],[],"watchdog killed instance after 6.5s (status=EXIT_NONZERO, peak_rss=933.3 MiB)",/data1/Kane/ACT/audit_results/r93_rerun_20260525T083118Z/gpu_stream3_20260526T132419Z/yolo_2023/per_instance_yolo_2023_watchdog_iid23_20260526T144826127057Z.json
gpu_full,24,ERROR_WATCHDOG_EXIT_NONZERO,ERROR,ERROR,,7.012,EXIT_NONZERO,True,True,FAILED,1050.72265625,onnx/TinyYOLO.onnx,vnnlib/TinyYOLO_prop_000302_eps_1_255.vnnlib,[],[],[],"watchdog killed instance after 7.0s (status=EXIT_NONZERO, peak_rss=1050.7 MiB)",/data1/Kane/ACT/audit_results/r93_rerun_20260525T083118Z/gpu_stream3_20260526T132419Z/yolo_2023/per_instance_yolo_2023_watchdog_iid24_20260526T144833147056Z.json
gpu_full,25,ERROR_WATCHDOG_EXIT_NONZERO,ERROR,ERROR,,7.016,EXIT_NONZERO,True,True,FAILED,934.5625,onnx/TinyYOLO.onnx,vnnlib/TinyYOLO_prop_000220_eps_1_255.vnnlib,[],[],[],"watchdog killed instance after 7.0s (status=EXIT_NONZERO, peak_rss=934.6 MiB)",/data1/Kane/ACT/audit_results/r93_rerun_20260525T083118Z/gpu_stream3_20260526T132419Z/yolo_2023/per_instance_yolo_2023_watchdog_iid25_20260526T144840163967Z.json
gpu_full,26,ERROR_WATCHDOG_EXIT_NONZERO,ERROR,ERROR,,6.057,EXIT_NONZERO,True,True,FAILED,934.4375,onnx/TinyYOLO.onnx,vnnlib/TinyYOLO_prop_000101_eps_1_255.vnnlib,[],[],[],"watchdog killed instance after 6.1s (status=EXIT_NONZERO, peak_rss=934.4 MiB)",/data1/Kane/ACT/audit_results/r93_rerun_20260525T083118Z/gpu_stream3_20260526T132419Z/yolo_2023/per_instance_yolo_2023_watchdog_iid26_20260526T144846221929Z.json
gpu_full,27,ERROR_WATCHDOG_EXIT_NONZERO,ERROR,ERROR,,6.506,EXIT_NONZERO,True,True,FAILED,954.03125,onnx/TinyYOLO.onnx,vnnlib/TinyYOLO_prop_000420_eps_1_255.vnnlib,[],[],[],"watchdog killed instance after 6.5s (status=EXIT_NONZERO, peak_rss=954.0 MiB)",/data1/Kane/ACT/audit_results/r93_rerun_20260525T083118Z/gpu_stream3_20260526T132419Z/yolo_2023/per_instance_yolo_2023_watchdog_iid27_20260526T144852729148Z.json
gpu_full,28,ERROR_WATCHDOG_EXIT_NONZERO,ERROR,ERROR,,6.506,EXIT_NONZERO,True,True,FAILED,935.92578125,onnx/TinyYOLO.onnx,vnnlib/TinyYOLO_prop_000036_eps_1_255.vnnlib,[],[],[],"watchdog killed instance after 6.5s (status=EXIT_NONZERO, peak_rss=935.9 MiB)",/data1/Kane/ACT/audit_results/r93_rerun_20260525T083118Z/gpu_stream3_20260526T132419Z/yolo_2023/per_instance_yolo_2023_watchdog_iid28_20260526T144859235902Z.json
gpu_full,29,ERROR_WATCHDOG_EXIT_NONZERO,ERROR,ERROR,,5.506,EXIT_NONZERO,True,True,FAILED,927.43359375,onnx/TinyYOLO.onnx,vnnlib/TinyYOLO_prop_000447_eps_1_255.vnnlib,[],[],[],"watchdog killed instance after 5.5s (status=EXIT_NONZERO, peak_rss=927.4 MiB)",/data1/Kane/ACT/audit_results/r93_rerun_20260525T083118Z/gpu_stream3_20260526T132419Z/yolo_2023/per_instance_yolo_2023_watchdog_iid29_20260526T144904743066Z.json
gpu_full,3,ERROR_WATCHDOG_EXIT_NONZERO,ERROR,ERROR,,4.503,EXIT_NONZERO,True,True,FAILED,930.02734375,onnx/TinyYOLO.onnx,vnnlib/TinyYOLO_prop_000257_eps_1_255.vnnlib,[],[],[],"watchdog killed instance after 4.5s (status=EXIT_NONZERO, peak_rss=930.0 MiB)",/data1/Kane/ACT/audit_results/r93_rerun_20260525T083118Z/gpu_stream3_20260526T132419Z/yolo_2023/per_instance_yolo_2023_watchdog_iid3_20260526T144625876172Z.json
gpu_full,30,ERROR_WATCHDOG_EXIT_NONZERO,ERROR,ERROR,,6.004,EXIT_NONZERO,True,True,FAILED,934.25390625,onnx/TinyYOLO.onnx,vnnlib/TinyYOLO_prop_000103_eps_1_255.vnnlib,[],[],[],"watchdog killed instance after 6.0s (status=EXIT_NONZERO, peak_rss=934.3 MiB)",/data1/Kane/ACT/audit_results/r93_rerun_20260525T083118Z/gpu_stream3_20260526T132419Z/yolo_2023/per_instance_yolo_2023_watchdog_iid30_20260526T144910748329Z.json
gpu_full,31,ERROR_WATCHDOG_EXIT_NONZERO,ERROR,ERROR,,5.527,EXIT_NONZERO,True,True,FAILED,933.5859375,onnx/TinyYOLO.onnx,vnnlib/TinyYOLO_prop_000266_eps_1_255.vnnlib,[],[],[],"watchdog killed instance after 5.5s (status=EXIT_NONZERO, peak_rss=933.6 MiB)",/data1/Kane/ACT/audit_results/r93_rerun_20260525T083118Z/gpu_stream3_20260526T132419Z/yolo_2023/per_instance_yolo_2023_watchdog_iid31_20260526T144916276931Z.json
gpu_full,32,ERROR_WATCHDOG_EXIT_NONZERO,ERROR,ERROR,,7.005,EXIT_NONZERO,True,True,FAILED,927.91796875,onnx/TinyYOLO.onnx,vnnlib/TinyYOLO_prop_000047_eps_1_255.vnnlib,[],[],[],"watchdog killed instance after 7.0s (status=EXIT_NONZERO, peak_rss=927.9 MiB)",/data1/Kane/ACT/audit_results/r93_rerun_20260525T083118Z/gpu_stream3_20260526T132419Z/yolo_2023/per_instance_yolo_2023_watchdog_iid32_20260526T144923282770Z.json
gpu_full,33,ERROR_WATCHDOG_EXIT_NONZERO,ERROR,ERROR,,6.005,EXIT_NONZERO,True,True,FAILED,963.171875,onnx/TinyYOLO.onnx,vnnlib/TinyYOLO_prop_000015_eps_1_255.vnnlib,[],[],[],"watchdog killed instance after 6.0s (status=EXIT_NONZERO, peak_rss=963.2 MiB)",/data1/Kane/ACT/audit_results/r93_rerun_20260525T083118Z/gpu_stream3_20260526T132419Z/yolo_2023/per_instance_yolo_2023_watchdog_iid33_20260526T144929288668Z.json
gpu_full,34,ERROR_WATCHDOG_EXIT_NONZERO,ERROR,ERROR,,6.009,EXIT_NONZERO,True,True,FAILED,933.5859375,onnx/TinyYOLO.onnx,vnnlib/TinyYOLO_prop_000284_eps_1_255.vnnlib,[],[],[],"watchdog killed instance after 6.0s (status=EXIT_NONZERO, peak_rss=933.6 MiB)",/data1/Kane/ACT/audit_results/r93_rerun_20260525T083118Z/gpu_stream3_20260526T132419Z/yolo_2023/per_instance_yolo_2023_watchdog_iid34_20260526T144935299900Z.json
gpu_full,35,ERROR_WATCHDOG_EXIT_NONZERO,ERROR,ERROR,,7.525,EXIT_NONZERO,True,True,FAILED,955.75390625,onnx/TinyYOLO.onnx,vnnlib/TinyYOLO_prop_000201_eps_1_255.vnnlib,[],[],[],"watchdog killed instance after 7.5s (status=EXIT_NONZERO, peak_rss=955.8 MiB)",/data1/Kane/ACT/audit_results/r93_rerun_20260525T083118Z/gpu_stream3_20260526T132419Z/yolo_2023/per_instance_yolo_2023_watchdog_iid35_20260526T144942825604Z.json
gpu_full,36,ERROR_WATCHDOG_EXIT_NONZERO,ERROR,ERROR,,7.009,EXIT_NONZERO,True,True,FAILED,934.08984375,onnx/TinyYOLO.onnx,vnnlib/TinyYOLO_prop_000323_eps_1_255.vnnlib,[],[],[],"watchdog killed instance after 7.0s (status=EXIT_NONZERO, peak_rss=934.1 MiB)",/data1/Kane/ACT/audit_results/r93_rerun_20260525T083118Z/gpu_stream3_20260526T132419Z/yolo_2023/per_instance_yolo_2023_watchdog_iid36_20260526T144949836034Z.json
gpu_full,37,ERROR_WATCHDOG_EXIT_NONZERO,ERROR,ERROR,,5.523,EXIT_NONZERO,True,True,FAILED,932.51953125,onnx/TinyYOLO.onnx,vnnlib/TinyYOLO_prop_000395_eps_1_255.vnnlib,[],[],[],"watchdog killed instance after 5.5s (status=EXIT_NONZERO, peak_rss=932.5 MiB)",/data1/Kane/ACT/audit_results/r93_rerun_20260525T083118Z/gpu_stream3_20260526T132419Z/yolo_2023/per_instance_yolo_2023_watchdog_iid37_20260526T144955360217Z.json
gpu_full,38,ERROR_WATCHDOG_EXIT_NONZERO,ERROR,ERROR,,6.004,EXIT_NONZERO,True,True,FAILED,954.69921875,onnx/TinyYOLO.onnx,vnnlib/TinyYOLO_prop_000450_eps_1_255.vnnlib,[],[],[],"watchdog killed instance after 6.0s (status=EXIT_NONZERO, peak_rss=954.7 MiB)",/data1/Kane/ACT/audit_results/r93_rerun_20260525T083118Z/gpu_stream3_20260526T132419Z/yolo_2023/per_instance_yolo_2023_watchdog_iid38_20260526T145001365597Z.json
gpu_full,39,ERROR_WATCHDOG_EXIT_NONZERO,ERROR,ERROR,,5.506,EXIT_NONZERO,True,True,FAILED,934.46875,onnx/TinyYOLO.onnx,vnnlib/TinyYOLO_prop_000308_eps_1_255.vnnlib,[],[],[],"watchdog killed instance after 5.5s (status=EXIT_NONZERO, peak_rss=934.5 MiB)",/data1/Kane/ACT/audit_results/r93_rerun_20260525T083118Z/gpu_stream3_20260526T132419Z/yolo_2023/per_instance_yolo_2023_watchdog_iid39_20260526T145006872570Z.json
gpu_full,4,ERROR_WATCHDOG_EXIT_NONZERO,ERROR,ERROR,,4.503,EXIT_NONZERO,True,True,FAILED,935.0859375,onnx/TinyYOLO.onnx,vnnlib/TinyYOLO_prop_000367_eps_1_255.vnnlib,[],[],[],"watchdog killed instance after 4.5s (status=EXIT_NONZERO, peak_rss=935.1 MiB)",/data1/Kane/ACT/audit_results/r93_rerun_20260525T083118Z/gpu_stream3_20260526T132419Z/yolo_2023/per_instance_yolo_2023_watchdog_iid4_20260526T144630379260Z.json
gpu_full,40,ERROR_WATCHDOG_EXIT_NONZERO,ERROR,ERROR,,5.505,EXIT_NONZERO,True,True,FAILED,927.16015625,onnx/TinyYOLO.onnx,vnnlib/TinyYOLO_prop_000159_eps_1_255.vnnlib,[],[],[],"watchdog killed instance after 5.5s (status=EXIT_NONZERO, peak_rss=927.2 MiB)",/data1/Kane/ACT/audit_results/r93_rerun_20260525T083118Z/gpu_stream3_20260526T132419Z/yolo_2023/per_instance_yolo_2023_watchdog_iid40_20260526T145012378196Z.json
gpu_full,41,ERROR_WATCHDOG_EXIT_NONZERO,ERROR,ERROR,,5.504,EXIT_NONZERO,True,True,FAILED,929.3515625,onnx/TinyYOLO.onnx,vnnlib/TinyYOLO_prop_000370_eps_1_255.vnnlib,[],[],[],"watchdog killed instance after 5.5s (status=EXIT_NONZERO, peak_rss=929.4 MiB)",/data1/Kane/ACT/audit_results/r93_rerun_20260525T083118Z/gpu_stream3_20260526T132419Z/yolo_2023/per_instance_yolo_2023_watchdog_iid41_20260526T145017883146Z.json
gpu_full,42,ERROR_WATCHDOG_EXIT_NONZERO,ERROR,ERROR,,5.005,EXIT_NONZERO,True,True,FAILED,978.828125,onnx/TinyYOLO.onnx,vnnlib/TinyYOLO_prop_000217_eps_1_255.vnnlib,[],[],[],"watchdog killed instance after 5.0s (status=EXIT_NONZERO, peak_rss=978.8 MiB)",/data1/Kane/ACT/audit_results/r93_rerun_20260525T083118Z/gpu_stream3_20260526T132419Z/yolo_2023/per_instance_yolo_2023_watchdog_iid42_20260526T145022889411Z.json
gpu_full,43,ERROR_WATCHDOG_EXIT_NONZERO,ERROR,ERROR,,5.505,EXIT_NONZERO,True,True,FAILED,934.296875,onnx/TinyYOLO.onnx,vnnlib/TinyYOLO_prop_000299_eps_1_255.vnnlib,[],[],[],"watchdog killed instance after 5.5s (status=EXIT_NONZERO, peak_rss=934.3 MiB)",/data1/Kane/ACT/audit_results/r93_rerun_20260525T083118Z/gpu_stream3_20260526T132419Z/yolo_2023/per_instance_yolo_2023_watchdog_iid43_20260526T145028395468Z.json
gpu_full,44,ERROR_WATCHDOG_EXIT_NONZERO,ERROR,ERROR,,5.505,EXIT_NONZERO,True,True,FAILED,1050.0234375,onnx/TinyYOLO.onnx,vnnlib/TinyYOLO_prop_000401_eps_1_255.vnnlib,[],[],[],"watchdog killed instance after 5.5s (status=EXIT_NONZERO, peak_rss=1050.0 MiB)",/data1/Kane/ACT/audit_results/r93_rerun_20260525T083118Z/gpu_stream3_20260526T132419Z/yolo_2023/per_instance_yolo_2023_watchdog_iid44_20260526T145033901757Z.json
gpu_full,45,ERROR_WATCHDOG_EXIT_NONZERO,ERROR,ERROR,,5.028,EXIT_NONZERO,True,True,FAILED,934.26953125,onnx/TinyYOLO.onnx,vnnlib/TinyYOLO_prop_000046_eps_1_255.vnnlib,[],[],[],"watchdog killed instance after 5.0s (status=EXIT_NONZERO, peak_rss=934.3 MiB)",/data1/Kane/ACT/audit_results/r93_rerun_20260525T083118Z/gpu_stream3_20260526T132419Z/yolo_2023/per_instance_yolo_2023_watchdog_iid45_20260526T145038931191Z.json
gpu_full,46,ERROR_WATCHDOG_EXIT_NONZERO,ERROR,ERROR,,5.507,EXIT_NONZERO,True,True,FAILED,1052.03515625,onnx/TinyYOLO.onnx,vnnlib/TinyYOLO_prop_000139_eps_1_255.vnnlib,[],[],[],"watchdog killed instance after 5.5s (status=EXIT_NONZERO, peak_rss=1052.0 MiB)",/data1/Kane/ACT/audit_results/r93_rerun_20260525T083118Z/gpu_stream3_20260526T132419Z/yolo_2023/per_instance_yolo_2023_watchdog_iid46_20260526T145044439089Z.json
gpu_full,47,ERROR_WATCHDOG_EXIT_NONZERO,ERROR,ERROR,,5.509,EXIT_NONZERO,True,True,FAILED,933.11328125,onnx/TinyYOLO.onnx,vnnlib/TinyYOLO_prop_000024_eps_1_255.vnnlib,[],[],[],"watchdog killed instance after 5.5s (status=EXIT_NONZERO, peak_rss=933.1 MiB)",/data1/Kane/ACT/audit_results/r93_rerun_20260525T083118Z/gpu_stream3_20260526T132419Z/yolo_2023/per_instance_yolo_2023_watchdog_iid47_20260526T145049949405Z.json
gpu_full,48,ERROR_WATCHDOG_EXIT_NONZERO,ERROR,ERROR,,6.504,EXIT_NONZERO,True,True,FAILED,977.58984375,onnx/TinyYOLO.onnx,vnnlib/TinyYOLO_prop_000249_eps_1_255.vnnlib,[],[],[],"watchdog killed instance after 6.5s (status=EXIT_NONZERO, peak_rss=977.6 MiB)",/data1/Kane/ACT/audit_results/r93_rerun_20260525T083118Z/gpu_stream3_20260526T132419Z/yolo_2023/per_instance_yolo_2023_watchdog_iid48_20260526T145056455097Z.json
gpu_full,49,ERROR_WATCHDOG_EXIT_NONZERO,ERROR,ERROR,,5.51,EXIT_NONZERO,True,True,FAILED,928.21875,onnx/TinyYOLO.onnx,vnnlib/TinyYOLO_prop_000148_eps_1_255.vnnlib,[],[],[],"watchdog killed instance after 5.5s (status=EXIT_NONZERO, peak_rss=928.2 MiB)",/data1/Kane/ACT/audit_results/r93_rerun_20260525T083118Z/gpu_stream3_20260526T132419Z/yolo_2023/per_instance_yolo_2023_watchdog_iid49_20260526T145101973638Z.json
gpu_full,5,ERROR_WATCHDOG_EXIT_NONZERO,ERROR,ERROR,,4.503,EXIT_NONZERO,True,True,FAILED,934.29296875,onnx/TinyYOLO.onnx,vnnlib/TinyYOLO_prop_000039_eps_1_255.vnnlib,[],[],[],"watchdog killed instance after 4.5s (status=EXIT_NONZERO, peak_rss=934.3 MiB)",/data1/Kane/ACT/audit_results/r93_rerun_20260525T083118Z/gpu_stream3_20260526T132419Z/yolo_2023/per_instance_yolo_2023_watchdog_iid5_20260526T144634883347Z.json
gpu_full,50,ERROR_WATCHDOG_EXIT_NONZERO,ERROR,ERROR,,5.506,EXIT_NONZERO,True,True,FAILED,934.6796875,onnx/TinyYOLO.onnx,vnnlib/TinyYOLO_prop_000196_eps_1_255.vnnlib,[],[],[],"watchdog killed instance after 5.5s (status=EXIT_NONZERO, peak_rss=934.7 MiB)",/data1/Kane/ACT/audit_results/r93_rerun_20260525T083118Z/gpu_stream3_20260526T132419Z/yolo_2023/per_instance_yolo_2023_watchdog_iid50_20260526T145107480519Z.json
gpu_full,51,ERROR_WATCHDOG_EXIT_NONZERO,ERROR,ERROR,,5.005,EXIT_NONZERO,True,True,FAILED,934.2890625,onnx/TinyYOLO.onnx,vnnlib/TinyYOLO_prop_000277_eps_1_255.vnnlib,[],[],[],"watchdog killed instance after 5.0s (status=EXIT_NONZERO, peak_rss=934.3 MiB)",/data1/Kane/ACT/audit_results/r93_rerun_20260525T083118Z/gpu_stream3_20260526T132419Z/yolo_2023/per_instance_yolo_2023_watchdog_iid51_20260526T145112486275Z.json
gpu_full,52,ERROR_WATCHDOG_EXIT_NONZERO,ERROR,ERROR,,5.504,EXIT_NONZERO,True,True,FAILED,934.484375,onnx/TinyYOLO.onnx,vnnlib/TinyYOLO_prop_000262_eps_1_255.vnnlib,[],[],[],"watchdog killed instance after 5.5s (status=EXIT_NONZERO, peak_rss=934.5 MiB)",/data1/Kane/ACT/audit_results/r93_rerun_20260525T083118Z/gpu_stream3_20260526T132419Z/yolo_2023/per_instance_yolo_2023_watchdog_iid52_20260526T145117991295Z.json
gpu_full,53,ERROR_WATCHDOG_EXIT_NONZERO,ERROR,ERROR,,5.506,EXIT_NONZERO,True,True,FAILED,933.98046875,onnx/TinyYOLO.onnx,vnnlib/TinyYOLO_prop_000298_eps_1_255.vnnlib,[],[],[],"watchdog killed instance after 5.5s (status=EXIT_NONZERO, peak_rss=934.0 MiB)",/data1/Kane/ACT/audit_results/r93_rerun_20260525T083118Z/gpu_stream3_20260526T132419Z/yolo_2023/per_instance_yolo_2023_watchdog_iid53_20260526T145123497922Z.json
gpu_full,54,ERROR_WATCHDOG_EXIT_NONZERO,ERROR,ERROR,,5.504,EXIT_NONZERO,True,True,FAILED,927.5546875,onnx/TinyYOLO.onnx,vnnlib/TinyYOLO_prop_000336_eps_1_255.vnnlib,[],[],[],"watchdog killed instance after 5.5s (status=EXIT_NONZERO, peak_rss=927.6 MiB)",/data1/Kane/ACT/audit_results/r93_rerun_20260525T083118Z/gpu_stream3_20260526T132419Z/yolo_2023/per_instance_yolo_2023_watchdog_iid54_20260526T145129002990Z.json
gpu_full,55,ERROR_WATCHDOG_EXIT_NONZERO,ERROR,ERROR,,5.513,EXIT_NONZERO,True,True,FAILED,934.33203125,onnx/TinyYOLO.onnx,vnnlib/TinyYOLO_prop_000453_eps_1_255.vnnlib,[],[],[],"watchdog killed instance after 5.5s (status=EXIT_NONZERO, peak_rss=934.3 MiB)",/data1/Kane/ACT/audit_results/r93_rerun_20260525T083118Z/gpu_stream3_20260526T132419Z/yolo_2023/per_instance_yolo_2023_watchdog_iid55_20260526T145134517926Z.json
gpu_full,56,ERROR_WATCHDOG_EXIT_NONZERO,ERROR,ERROR,,5.506,EXIT_NONZERO,True,True,FAILED,928.63671875,onnx/TinyYOLO.onnx,vnnlib/TinyYOLO_prop_000405_eps_1_255.vnnlib,[],[],[],"watchdog killed instance after 5.5s (status=EXIT_NONZERO, peak_rss=928.6 MiB)",/data1/Kane/ACT/audit_results/r93_rerun_20260525T083118Z/gpu_stream3_20260526T132419Z/yolo_2023/per_instance_yolo_2023_watchdog_iid56_20260526T145140024813Z.json
gpu_full,57,ERROR_WATCHDOG_EXIT_NONZERO,ERROR,ERROR,,5.007,EXIT_NONZERO,True,True,FAILED,933.640625,onnx/TinyYOLO.onnx,vnnlib/TinyYOLO_prop_000062_eps_1_255.vnnlib,[],[],[],"watchdog killed instance after 5.0s (status=EXIT_NONZERO, peak_rss=933.6 MiB)",/data1/Kane/ACT/audit_results/r93_rerun_20260525T083118Z/gpu_stream3_20260526T132419Z/yolo_2023/per_instance_yolo_2023_watchdog_iid57_20260526T145145034040Z.json
gpu_full,58,ERROR_WATCHDOG_EXIT_NONZERO,ERROR,ERROR,,5.005,EXIT_NONZERO,True,True,FAILED,934.484375,onnx/TinyYOLO.onnx,vnnlib/TinyYOLO_prop_000165_eps_1_255.vnnlib,[],[],[],"watchdog killed instance after 5.0s (status=EXIT_NONZERO, peak_rss=934.5 MiB)",/data1/Kane/ACT/audit_results/r93_rerun_20260525T083118Z/gpu_stream3_20260526T132419Z/yolo_2023/per_instance_yolo_2023_watchdog_iid58_20260526T145150040428Z.json
gpu_full,59,ERROR_WATCHDOG_EXIT_NONZERO,ERROR,ERROR,,4.503,EXIT_NONZERO,True,True,FAILED,930.3515625,onnx/TinyYOLO.onnx,vnnlib/TinyYOLO_prop_000357_eps_1_255.vnnlib,[],[],[],"watchdog killed instance after 4.5s (status=EXIT_NONZERO, peak_rss=930.4 MiB)",/data1/Kane/ACT/audit_results/r93_rerun_20260525T083118Z/gpu_stream3_20260526T132419Z/yolo_2023/per_instance_yolo_2023_watchdog_iid59_20260526T145154544109Z.json
gpu_full,6,ERROR_WATCHDOG_EXIT_NONZERO,ERROR,ERROR,,5.007,EXIT_NONZERO,True,True,FAILED,934.12109375,onnx/TinyYOLO.onnx,vnnlib/TinyYOLO_prop_000082_eps_1_255.vnnlib,[],[],[],"watchdog killed instance after 5.0s (status=EXIT_NONZERO, peak_rss=934.1 MiB)",/data1/Kane/ACT/audit_results/r93_rerun_20260525T083118Z/gpu_stream3_20260526T132419Z/yolo_2023/per_instance_yolo_2023_watchdog_iid6_20260526T144639891294Z.json
gpu_full,60,ERROR_WATCHDOG_EXIT_NONZERO,ERROR,ERROR,,5.004,EXIT_NONZERO,True,True,FAILED,932.59375,onnx/TinyYOLO.onnx,vnnlib/TinyYOLO_prop_000037_eps_1_255.vnnlib,[],[],[],"watchdog killed instance after 5.0s (status=EXIT_NONZERO, peak_rss=932.6 MiB)",/data1/Kane/ACT/audit_results/r93_rerun_20260525T083118Z/gpu_stream3_20260526T132419Z/yolo_2023/per_instance_yolo_2023_watchdog_iid60_20260526T145159548947Z.json
gpu_full,61,ERROR_WATCHDOG_EXIT_NONZERO,ERROR,ERROR,,5.003,EXIT_NONZERO,True,True,FAILED,941.43359375,onnx/TinyYOLO.onnx,vnnlib/TinyYOLO_prop_000341_eps_1_255.vnnlib,[],[],[],"watchdog killed instance after 5.0s (status=EXIT_NONZERO, peak_rss=941.4 MiB)",/data1/Kane/ACT/audit_results/r93_rerun_20260525T083118Z/gpu_stream3_20260526T132419Z/yolo_2023/per_instance_yolo_2023_watchdog_iid61_20260526T145204553481Z.json
gpu_full,62,ERROR_WATCHDOG_EXIT_NONZERO,ERROR,ERROR,,5.004,EXIT_NONZERO,True,True,FAILED,927.13671875,onnx/TinyYOLO.onnx,vnnlib/TinyYOLO_prop_000271_eps_1_255.vnnlib,[],[],[],"watchdog killed instance after 5.0s (status=EXIT_NONZERO, peak_rss=927.1 MiB)",/data1/Kane/ACT/audit_results/r93_rerun_20260525T083118Z/gpu_stream3_20260526T132419Z/yolo_2023/per_instance_yolo_2023_watchdog_iid62_20260526T145209560029Z.json
gpu_full,63,ERROR_WATCHDOG_EXIT_NONZERO,ERROR,ERROR,,5.003,EXIT_NONZERO,True,True,FAILED,927.16796875,onnx/TinyYOLO.onnx,vnnlib/TinyYOLO_prop_000144_eps_1_255.vnnlib,[],[],[],"watchdog killed instance after 5.0s (status=EXIT_NONZERO, peak_rss=927.2 MiB)",/data1/Kane/ACT/audit_results/r93_rerun_20260525T083118Z/gpu_stream3_20260526T132419Z/yolo_2023/per_instance_yolo_2023_watchdog_iid63_20260526T145214565363Z.json
gpu_full,64,ERROR_WATCHDOG_EXIT_NONZERO,ERROR,ERROR,,5.003,EXIT_NONZERO,True,True,FAILED,935.953125,onnx/TinyYOLO.onnx,vnnlib/TinyYOLO_prop_000170_eps_1_255.vnnlib,[],[],[],"watchdog killed instance after 5.0s (status=EXIT_NONZERO, peak_rss=936.0 MiB)",/data1/Kane/ACT/audit_results/r93_rerun_20260525T083118Z/gpu_stream3_20260526T132419Z/yolo_2023/per_instance_yolo_2023_watchdog_iid64_20260526T145219569282Z.json
gpu_full,65,ERROR_WATCHDOG_EXIT_NONZERO,ERROR,ERROR,,5.004,EXIT_NONZERO,True,True,FAILED,935.359375,onnx/TinyYOLO.onnx,vnnlib/TinyYOLO_prop_000060_eps_1_255.vnnlib,[],[],[],"watchdog killed instance after 5.0s (status=EXIT_NONZERO, peak_rss=935.4 MiB)",/data1/Kane/ACT/audit_results/r93_rerun_20260525T083118Z/gpu_stream3_20260526T132419Z/yolo_2023/per_instance_yolo_2023_watchdog_iid65_20260526T145224574816Z.json
gpu_full,66,ERROR_WATCHDOG_EXIT_NONZERO,ERROR,ERROR,,4.503,EXIT_NONZERO,True,True,FAILED,934.625,onnx/TinyYOLO.onnx,vnnlib/TinyYOLO_prop_000129_eps_1_255.vnnlib,[],[],[],"watchdog killed instance after 4.5s (status=EXIT_NONZERO, peak_rss=934.6 MiB)",/data1/Kane/ACT/audit_results/r93_rerun_20260525T083118Z/gpu_stream3_20260526T132419Z/yolo_2023/per_instance_yolo_2023_watchdog_iid66_20260526T145229078468Z.json
gpu_full,67,ERROR_WATCHDOG_EXIT_NONZERO,ERROR,ERROR,,4.506,EXIT_NONZERO,True,True,FAILED,934.19140625,onnx/TinyYOLO.onnx,vnnlib/TinyYOLO_prop_000356_eps_1_255.vnnlib,[],[],[],"watchdog killed instance after 4.5s (status=EXIT_NONZERO, peak_rss=934.2 MiB)",/data1/Kane/ACT/audit_results/r93_rerun_20260525T083118Z/gpu_stream3_20260526T132419Z/yolo_2023/per_instance_yolo_2023_watchdog_iid67_20260526T145233585230Z.json
gpu_full,68,ERROR_WATCHDOG_EXIT_NONZERO,ERROR,ERROR,,4.503,EXIT_NONZERO,True,True,FAILED,934.15234375,onnx/TinyYOLO.onnx,vnnlib/TinyYOLO_prop_000261_eps_1_255.vnnlib,[],[],[],"watchdog killed instance after 4.5s (status=EXIT_NONZERO, peak_rss=934.2 MiB)",/data1/Kane/ACT/audit_results/r93_rerun_20260525T083118Z/gpu_stream3_20260526T132419Z/yolo_2023/per_instance_yolo_2023_watchdog_iid68_20260526T145238088925Z.json
gpu_full,69,ERROR_WATCHDOG_EXIT_NONZERO,ERROR,ERROR,,5.003,EXIT_NONZERO,True,True,FAILED,932.8203125,onnx/TinyYOLO.onnx,vnnlib/TinyYOLO_prop_000225_eps_1_255.vnnlib,[],[],[],"watchdog killed instance after 5.0s (status=EXIT_NONZERO, peak_rss=932.8 MiB)",/data1/Kane/ACT/audit_results/r93_rerun_20260525T083118Z/gpu_stream3_20260526T132419Z/yolo_2023/per_instance_yolo_2023_watchdog_iid69_20260526T145243093319Z.json
gpu_full,7,ERROR_WATCHDOG_EXIT_NONZERO,ERROR,ERROR,,5.506,EXIT_NONZERO,True,True,FAILED,934.71484375,onnx/TinyYOLO.onnx,vnnlib/TinyYOLO_prop_000296_eps_1_255.vnnlib,[],[],[],"watchdog killed instance after 5.5s (status=EXIT_NONZERO, peak_rss=934.7 MiB)",/data1/Kane/ACT/audit_results/r93_rerun_20260525T083118Z/gpu_stream3_20260526T132419Z/yolo_2023/per_instance_yolo_2023_watchdog_iid7_20260526T144645398201Z.json
gpu_full,70,ERROR_WATCHDOG_EXIT_NONZERO,ERROR,ERROR,,5.004,EXIT_NONZERO,True,True,FAILED,927.28515625,onnx/TinyYOLO.onnx,vnnlib/TinyYOLO_prop_000181_eps_1_255.vnnlib,[],[],[],"watchdog killed instance after 5.0s (status=EXIT_NONZERO, peak_rss=927.3 MiB)",/data1/Kane/ACT/audit_results/r93_rerun_20260525T083118Z/gpu_stream3_20260526T132419Z/yolo_2023/per_instance_yolo_2023_watchdog_iid70_20260526T145248098359Z.json
gpu_full,71,ERROR_WATCHDOG_EXIT_NONZERO,ERROR,ERROR,,5.003,EXIT_NONZERO,True,True,FAILED,932.24609375,onnx/TinyYOLO.onnx,vnnlib/TinyYOLO_prop_000312_eps_1_255.vnnlib,[],[],[],"watchdog killed instance after 5.0s (status=EXIT_NONZERO, peak_rss=932.2 MiB)",/data1/Kane/ACT/audit_results/r93_rerun_20260525T083118Z/gpu_stream3_20260526T132419Z/yolo_2023/per_instance_yolo_2023_watchdog_iid71_20260526T145253102758Z.json
gpu_full,8,ERROR_WATCHDOG_EXIT_NONZERO,ERROR,ERROR,,6.012,EXIT_NONZERO,True,True,FAILED,928.734375,onnx/TinyYOLO.onnx,vnnlib/TinyYOLO_prop_000034_eps_1_255.vnnlib,[],[],[],"watchdog killed instance after 6.0s (status=EXIT_NONZERO, peak_rss=928.7 MiB)",/data1/Kane/ACT/audit_results/r93_rerun_20260525T083118Z/gpu_stream3_20260526T132419Z/yolo_2023/per_instance_yolo_2023_watchdog_iid8_20260526T144651411010Z.json
gpu_full,9,ERROR_WATCHDOG_EXIT_NONZERO,ERROR,ERROR,,6.531,EXIT_NONZERO,True,True,FAILED,933.3984375,onnx/TinyYOLO.onnx,vnnlib/TinyYOLO_prop_000448_eps_1_255.vnnlib,[],[],[],"watchdog killed instance after 6.5s (status=EXIT_NONZERO, peak_rss=933.4 MiB)",/data1/Kane/ACT/audit_results/r93_rerun_20260525T083118Z/gpu_stream3_20260526T132419Z/yolo_2023/per_instance_yolo_2023_watchdog_iid9_20260526T144657943381Z.json
round5_cpu,0,UNKNOWN_RESOURCE_LIMIT,UNKNOWN,UNKNOWN,,35.123,UNKNOWN_RESOURCE_LIMIT,True,True,FAILED,26076.59765625,onnx/TinyYOLO.onnx,vnnlib/TinyYOLO_prop_000005_eps_1_255.vnnlib,[],[],[],"watchdog killed instance after 35.1s (status=UNKNOWN_RESOURCE_LIMIT, peak_rss=26076.6 MiB)",/data1/Kane/ACT/audit_results/r93_rerun_20260525T083118Z/round5_aftersimplify_20260526T234325Z/yolo_2023_cpu/per_instance_yolo_2023_watchdog_iid0_20260527T012249199511Z.json
round5_cpu,1,UNKNOWN_RESOURCE_LIMIT,UNKNOWN,UNKNOWN,,34.923,UNKNOWN_RESOURCE_LIMIT,True,True,FAILED,24881.359375,onnx/TinyYOLO.onnx,vnnlib/TinyYOLO_prop_000459_eps_1_255.vnnlib,[],[],[],"watchdog killed instance after 34.9s (status=UNKNOWN_RESOURCE_LIMIT, peak_rss=24881.4 MiB)",/data1/Kane/ACT/audit_results/r93_rerun_20260525T083118Z/round5_aftersimplify_20260526T234325Z/yolo_2023_cpu/per_instance_yolo_2023_watchdog_iid1_20260527T012324122828Z.json
round5_cpu,10,UNKNOWN_RESOURCE_LIMIT,UNKNOWN,UNKNOWN,,37.926,UNKNOWN_RESOURCE_LIMIT,True,True,FAILED,25108.40625,onnx/TinyYOLO.onnx,vnnlib/TinyYOLO_prop_000221_eps_1_255.vnnlib,[],[],[],"watchdog killed instance after 37.9s (status=UNKNOWN_RESOURCE_LIMIT, peak_rss=25108.4 MiB)",/data1/Kane/ACT/audit_results/r93_rerun_20260525T083118Z/round5_aftersimplify_20260526T234325Z/yolo_2023_cpu/per_instance_yolo_2023_watchdog_iid10_20260527T012931170099Z.json
round5_cpu,11,UNKNOWN_RESOURCE_LIMIT,UNKNOWN,UNKNOWN,,37.728,UNKNOWN_RESOURCE_LIMIT,True,True,FAILED,25179.38671875,onnx/TinyYOLO.onnx,vnnlib/TinyYOLO_prop_000040_eps_1_255.vnnlib,[],[],[],"watchdog killed instance after 37.7s (status=UNKNOWN_RESOURCE_LIMIT, peak_rss=25179.4 MiB)",/data1/Kane/ACT/audit_results/r93_rerun_20260525T083118Z/round5_aftersimplify_20260526T234325Z/yolo_2023_cpu/per_instance_yolo_2023_watchdog_iid11_20260527T013008899177Z.json
round5_cpu,12,UNKNOWN_RESOURCE_LIMIT,UNKNOWN,UNKNOWN,,36.892,UNKNOWN_RESOURCE_LIMIT,True,True,FAILED,25147.6484375,onnx/TinyYOLO.onnx,vnnlib/TinyYOLO_prop_000118_eps_1_255.vnnlib,[],[],[],"watchdog killed instance after 36.9s (status=UNKNOWN_RESOURCE_LIMIT, peak_rss=25147.6 MiB)",/data1/Kane/ACT/audit_results/r93_rerun_20260525T083118Z/round5_aftersimplify_20260526T234325Z/yolo_2023_cpu/per_instance_yolo_2023_watchdog_iid12_20260527T013045792292Z.json
round5_cpu,13,UNKNOWN_RESOURCE_LIMIT,UNKNOWN,UNKNOWN,,37.529,UNKNOWN_RESOURCE_LIMIT,True,True,FAILED,24588.60546875,onnx/TinyYOLO.onnx,vnnlib/TinyYOLO_prop_000359_eps_1_255.vnnlib,[],[],[],"watchdog killed instance after 37.5s (status=UNKNOWN_RESOURCE_LIMIT, peak_rss=24588.6 MiB)",/data1/Kane/ACT/audit_results/r93_rerun_20260525T083118Z/round5_aftersimplify_20260526T234325Z/yolo_2023_cpu/per_instance_yolo_2023_watchdog_iid13_20260527T013123322611Z.json
round5_cpu,14,UNKNOWN_RESOURCE_LIMIT,UNKNOWN,UNKNOWN,,36.234,UNKNOWN_RESOURCE_LIMIT,True,True,FAILED,24809.578125,onnx/TinyYOLO.onnx,vnnlib/TinyYOLO_prop_000006_eps_1_255.vnnlib,[],[],[],"watchdog killed instance after 36.2s (status=UNKNOWN_RESOURCE_LIMIT, peak_rss=24809.6 MiB)",/data1/Kane/ACT/audit_results/r93_rerun_20260525T083118Z/round5_aftersimplify_20260526T234325Z/yolo_2023_cpu/per_instance_yolo_2023_watchdog_iid14_20260527T013159557428Z.json
round5_cpu,15,UNKNOWN_RESOURCE_LIMIT,UNKNOWN,UNKNOWN,,35.623,UNKNOWN_RESOURCE_LIMIT,True,True,FAILED,25399.6875,onnx/TinyYOLO.onnx,vnnlib/TinyYOLO_prop_000004_eps_1_255.vnnlib,[],[],[],"watchdog killed instance after 35.6s (status=UNKNOWN_RESOURCE_LIMIT, peak_rss=25399.7 MiB)",/data1/Kane/ACT/audit_results/r93_rerun_20260525T083118Z/round5_aftersimplify_20260526T234325Z/yolo_2023_cpu/per_instance_yolo_2023_watchdog_iid15_20260527T013235181258Z.json
round5_cpu,16,UNKNOWN_RESOURCE_LIMIT,UNKNOWN,UNKNOWN,,34.722,UNKNOWN_RESOURCE_LIMIT,True,True,FAILED,26138.11328125,onnx/TinyYOLO.onnx,vnnlib/TinyYOLO_prop_000316_eps_1_255.vnnlib,[],[],[],"watchdog killed instance after 34.7s (status=UNKNOWN_RESOURCE_LIMIT, peak_rss=26138.1 MiB)",/data1/Kane/ACT/audit_results/r93_rerun_20260525T083118Z/round5_aftersimplify_20260526T234325Z/yolo_2023_cpu/per_instance_yolo_2023_watchdog_iid16_20260527T013309904426Z.json
round5_cpu,17,UNKNOWN_RESOURCE_LIMIT,UNKNOWN,UNKNOWN,,34.724,UNKNOWN_RESOURCE_LIMIT,True,True,FAILED,24774.890625,onnx/TinyYOLO.onnx,vnnlib/TinyYOLO_prop_000080_eps_1_255.vnnlib,[],[],[],"watchdog killed instance after 34.7s (status=UNKNOWN_RESOURCE_LIMIT, peak_rss=24774.9 MiB)",/data1/Kane/ACT/audit_results/r93_rerun_20260525T083118Z/round5_aftersimplify_20260526T234325Z/yolo_2023_cpu/per_instance_yolo_2023_watchdog_iid17_20260527T013344629491Z.json
round5_cpu,18,UNKNOWN_RESOURCE_LIMIT,UNKNOWN,UNKNOWN,,35.445,UNKNOWN_RESOURCE_LIMIT,True,True,FAILED,25943.08203125,onnx/TinyYOLO.onnx,vnnlib/TinyYOLO_prop_000161_eps_1_255.vnnlib,[],[],[],"watchdog killed instance after 35.4s (status=UNKNOWN_RESOURCE_LIMIT, peak_rss=25943.1 MiB)",/data1/Kane/ACT/audit_results/r93_rerun_20260525T083118Z/round5_aftersimplify_20260526T234325Z/yolo_2023_cpu/per_instance_yolo_2023_watchdog_iid18_20260527T013420075531Z.json
round5_cpu,19,UNKNOWN_RESOURCE_LIMIT,UNKNOWN,UNKNOWN,,40.666,UNKNOWN_RESOURCE_LIMIT,True,True,FAILED,26058.64453125,onnx/TinyYOLO.onnx,vnnlib/TinyYOLO_prop_000081_eps_1_255.vnnlib,[],[],[],"watchdog killed instance after 40.7s (status=UNKNOWN_RESOURCE_LIMIT, peak_rss=26058.6 MiB)",/data1/Kane/ACT/audit_results/r93_rerun_20260525T083118Z/round5_aftersimplify_20260526T234325Z/yolo_2023_cpu/per_instance_yolo_2023_watchdog_iid19_20260527T013500741988Z.json
round5_cpu,2,UNKNOWN_RESOURCE_LIMIT,UNKNOWN,UNKNOWN,,34.623,UNKNOWN_RESOURCE_LIMIT,True,True,FAILED,24741.21484375,onnx/TinyYOLO.onnx,vnnlib/TinyYOLO_prop_000290_eps_1_255.vnnlib,[],[],[],"watchdog killed instance after 34.6s (status=UNKNOWN_RESOURCE_LIMIT, peak_rss=24741.2 MiB)",/data1/Kane/ACT/audit_results/r93_rerun_20260525T083118Z/round5_aftersimplify_20260526T234325Z/yolo_2023_cpu/per_instance_yolo_2023_watchdog_iid2_20260527T012358746317Z.json
round5_cpu,20,UNKNOWN_RESOURCE_LIMIT,UNKNOWN,UNKNOWN,,54.301,UNKNOWN_RESOURCE_LIMIT,True,True,FAILED,25531.40234375,onnx/TinyYOLO.onnx,vnnlib/TinyYOLO_prop_000425_eps_1_255.vnnlib,[],[],[],"watchdog killed instance after 54.3s (status=UNKNOWN_RESOURCE_LIMIT, peak_rss=25531.4 MiB)",/data1/Kane/ACT/audit_results/r93_rerun_20260525T083118Z/round5_aftersimplify_20260526T234325Z/yolo_2023_cpu/per_instance_yolo_2023_watchdog_iid20_20260527T013555043529Z.json
round5_cpu,21,UNKNOWN_RESOURCE_LIMIT,UNKNOWN,UNKNOWN,,49.232,UNKNOWN_RESOURCE_LIMIT,True,True,FAILED,25516.7421875,onnx/TinyYOLO.onnx,vnnlib/TinyYOLO_prop_000324_eps_1_255.vnnlib,[],[],[],"watchdog killed instance after 49.2s (status=UNKNOWN_RESOURCE_LIMIT, peak_rss=25516.7 MiB)",/data1/Kane/ACT/audit_results/r93_rerun_20260525T083118Z/round5_aftersimplify_20260526T234325Z/yolo_2023_cpu/per_instance_yolo_2023_watchdog_iid21_20260527T013644276137Z.json
round5_cpu,22,UNKNOWN_RESOURCE_LIMIT,UNKNOWN,UNKNOWN,,39.359,UNKNOWN_RESOURCE_LIMIT,True,True,FAILED,25353.1484375,onnx/TinyYOLO.onnx,vnnlib/TinyYOLO_prop_000439_eps_1_255.vnnlib,[],[],[],"watchdog killed instance after 39.4s (status=UNKNOWN_RESOURCE_LIMIT, peak_rss=25353.1 MiB)",/data1/Kane/ACT/audit_results/r93_rerun_20260525T083118Z/round5_aftersimplify_20260526T234325Z/yolo_2023_cpu/per_instance_yolo_2023_watchdog_iid22_20260527T013723636143Z.json
round5_cpu,23,UNKNOWN_RESOURCE_LIMIT,UNKNOWN,UNKNOWN,,37.166,UNKNOWN_RESOURCE_LIMIT,True,True,FAILED,25378.66015625,onnx/TinyYOLO.onnx,vnnlib/TinyYOLO_prop_000306_eps_1_255.vnnlib,[],[],[],"watchdog killed instance after 37.2s (status=UNKNOWN_RESOURCE_LIMIT, peak_rss=25378.7 MiB)",/data1/Kane/ACT/audit_results/r93_rerun_20260525T083118Z/round5_aftersimplify_20260526T234325Z/yolo_2023_cpu/per_instance_yolo_2023_watchdog_iid23_20260527T013800803019Z.json
round5_cpu,24,UNKNOWN_RESOURCE_LIMIT,UNKNOWN,UNKNOWN,,36.224,UNKNOWN_RESOURCE_LIMIT,True,True,FAILED,25526.98046875,onnx/TinyYOLO.onnx,vnnlib/TinyYOLO_prop_000302_eps_1_255.vnnlib,[],[],[],"watchdog killed instance after 36.2s (status=UNKNOWN_RESOURCE_LIMIT, peak_rss=25527.0 MiB)",/data1/Kane/ACT/audit_results/r93_rerun_20260525T083118Z/round5_aftersimplify_20260526T234325Z/yolo_2023_cpu/per_instance_yolo_2023_watchdog_iid24_20260527T013837027476Z.json
round5_cpu,25,UNKNOWN_RESOURCE_LIMIT,UNKNOWN,UNKNOWN,,36.33,UNKNOWN_RESOURCE_LIMIT,True,True,FAILED,24713.43359375,onnx/TinyYOLO.onnx,vnnlib/TinyYOLO_prop_000220_eps_1_255.vnnlib,[],[],[],"watchdog killed instance after 36.3s (status=UNKNOWN_RESOURCE_LIMIT, peak_rss=24713.4 MiB)",/data1/Kane/ACT/audit_results/r93_rerun_20260525T083118Z/round5_aftersimplify_20260526T234325Z/yolo_2023_cpu/per_instance_yolo_2023_watchdog_iid25_20260527T013913358018Z.json
round5_cpu,26,UNKNOWN_RESOURCE_LIMIT,UNKNOWN,UNKNOWN,,36.228,UNKNOWN_RESOURCE_LIMIT,True,True,FAILED,25392.35546875,onnx/TinyYOLO.onnx,vnnlib/TinyYOLO_prop_000101_eps_1_255.vnnlib,[],[],[],"watchdog killed instance after 36.2s (status=UNKNOWN_RESOURCE_LIMIT, peak_rss=25392.4 MiB)",/data1/Kane/ACT/audit_results/r93_rerun_20260525T083118Z/round5_aftersimplify_20260526T234325Z/yolo_2023_cpu/per_instance_yolo_2023_watchdog_iid26_20260527T013949586427Z.json
round5_cpu,27,UNKNOWN_RESOURCE_LIMIT,UNKNOWN,UNKNOWN,,35.426,UNKNOWN_RESOURCE_LIMIT,True,True,FAILED,24774.375,onnx/TinyYOLO.onnx,vnnlib/TinyYOLO_prop_000420_eps_1_255.vnnlib,[],[],[],"watchdog killed instance after 35.4s (status=UNKNOWN_RESOURCE_LIMIT, peak_rss=24774.4 MiB)",/data1/Kane/ACT/audit_results/r93_rerun_20260525T083118Z/round5_aftersimplify_20260526T234325Z/yolo_2023_cpu/per_instance_yolo_2023_watchdog_iid27_20260527T014025013619Z.json
round5_cpu,28,UNKNOWN_RESOURCE_LIMIT,UNKNOWN,UNKNOWN,,36.931,UNKNOWN_RESOURCE_LIMIT,True,True,FAILED,24912.21875,onnx/TinyYOLO.onnx,vnnlib/TinyYOLO_prop_000036_eps_1_255.vnnlib,[],[],[],"watchdog killed instance after 36.9s (status=UNKNOWN_RESOURCE_LIMIT, peak_rss=24912.2 MiB)",/data1/Kane/ACT/audit_results/r93_rerun_20260525T083118Z/round5_aftersimplify_20260526T234325Z/yolo_2023_cpu/per_instance_yolo_2023_watchdog_iid28_20260527T014101945338Z.json
round5_cpu,29,UNKNOWN_RESOURCE_LIMIT,UNKNOWN,UNKNOWN,,36.425,UNKNOWN_RESOURCE_LIMIT,True,True,FAILED,25172.6484375,onnx/TinyYOLO.onnx,vnnlib/TinyYOLO_prop_000447_eps_1_255.vnnlib,[],[],[],"watchdog killed instance after 36.4s (status=UNKNOWN_RESOURCE_LIMIT, peak_rss=25172.6 MiB)",/data1/Kane/ACT/audit_results/r93_rerun_20260525T083118Z/round5_aftersimplify_20260526T234325Z/yolo_2023_cpu/per_instance_yolo_2023_watchdog_iid29_20260527T014138370608Z.json
round5_cpu,3,UNKNOWN_RESOURCE_LIMIT,UNKNOWN,UNKNOWN,,39.654,UNKNOWN_RESOURCE_LIMIT,True,True,FAILED,26217.91796875,onnx/TinyYOLO.onnx,vnnlib/TinyYOLO_prop_000257_eps_1_255.vnnlib,[],[],[],"watchdog killed instance after 39.7s (status=UNKNOWN_RESOURCE_LIMIT, peak_rss=26217.9 MiB)",/data1/Kane/ACT/audit_results/r93_rerun_20260525T083118Z/round5_aftersimplify_20260526T234325Z/yolo_2023_cpu/per_instance_yolo_2023_watchdog_iid3_20260527T012438400568Z.json
round5_cpu,30,UNKNOWN_RESOURCE_LIMIT,UNKNOWN,UNKNOWN,,47.233,UNKNOWN_RESOURCE_LIMIT,True,True,FAILED,25567.46484375,onnx/TinyYOLO.onnx,vnnlib/TinyYOLO_prop_000103_eps_1_255.vnnlib,[],[],[],"watchdog killed instance after 47.2s (status=UNKNOWN_RESOURCE_LIMIT, peak_rss=25567.5 MiB)",/data1/Kane/ACT/audit_results/r93_rerun_20260525T083118Z/round5_aftersimplify_20260526T234325Z/yolo_2023_cpu/per_instance_yolo_2023_watchdog_iid30_20260527T014225604349Z.json
round5_cpu,31,UNKNOWN_RESOURCE_LIMIT,UNKNOWN,UNKNOWN,,46.729,UNKNOWN_RESOURCE_LIMIT,True,True,FAILED,24708.421875,onnx/TinyYOLO.onnx,vnnlib/TinyYOLO_prop_000266_eps_1_255.vnnlib,[],[],[],"watchdog killed instance after 46.7s (status=UNKNOWN_RESOURCE_LIMIT, peak_rss=24708.4 MiB)",/data1/Kane/ACT/audit_results/r93_rerun_20260525T083118Z/round5_aftersimplify_20260526T234325Z/yolo_2023_cpu/per_instance_yolo_2023_watchdog_iid31_20260527T014312334257Z.json
round5_cpu,32,UNKNOWN_RESOURCE_LIMIT,UNKNOWN,UNKNOWN,,35.856,UNKNOWN_RESOURCE_LIMIT,True,True,FAILED,25130.8671875,onnx/TinyYOLO.onnx,vnnlib/TinyYOLO_prop_000047_eps_1_255.vnnlib,[],[],[],"watchdog killed instance after 35.9s (status=UNKNOWN_RESOURCE_LIMIT, peak_rss=25130.9 MiB)",/data1/Kane/ACT/audit_results/r93_rerun_20260525T083118Z/round5_aftersimplify_20260526T234325Z/yolo_2023_cpu/per_instance_yolo_2023_watchdog_iid32_20260527T014348190629Z.json
round5_cpu,33,UNKNOWN_RESOURCE_LIMIT,UNKNOWN,UNKNOWN,,37.169,UNKNOWN_RESOURCE_LIMIT,True,True,FAILED,25065.0703125,onnx/TinyYOLO.onnx,vnnlib/TinyYOLO_prop_000015_eps_1_255.vnnlib,[],[],[],"watchdog killed instance after 37.2s (status=UNKNOWN_RESOURCE_LIMIT, peak_rss=25065.1 MiB)",/data1/Kane/ACT/audit_results/r93_rerun_20260525T083118Z/round5_aftersimplify_20260526T234325Z/yolo_2023_cpu/per_instance_yolo_2023_watchdog_iid33_20260527T014425360030Z.json
round5_cpu,34,UNKNOWN_RESOURCE_LIMIT,UNKNOWN,UNKNOWN,,40.734,UNKNOWN_RESOURCE_LIMIT,True,True,FAILED,25116.99609375,onnx/TinyYOLO.onnx,vnnlib/TinyYOLO_prop_000284_eps_1_255.vnnlib,[],[],[],"watchdog killed instance after 40.7s (status=UNKNOWN_RESOURCE_LIMIT, peak_rss=25117.0 MiB)",/data1/Kane/ACT/audit_results/r93_rerun_20260525T083118Z/round5_aftersimplify_20260526T234325Z/yolo_2023_cpu/per_instance_yolo_2023_watchdog_iid34_20260527T014506094529Z.json
round5_cpu,35,UNKNOWN_RESOURCE_LIMIT,UNKNOWN,UNKNOWN,,55.098,UNKNOWN_RESOURCE_LIMIT,True,True,FAILED,25370.35546875,onnx/TinyYOLO.onnx,vnnlib/TinyYOLO_prop_000201_eps_1_255.vnnlib,[],[],[],"watchdog killed instance after 55.1s (status=UNKNOWN_RESOURCE_LIMIT, peak_rss=25370.4 MiB)",/data1/Kane/ACT/audit_results/r93_rerun_20260525T083118Z/round5_aftersimplify_20260526T234325Z/yolo_2023_cpu/per_instance_yolo_2023_watchdog_iid35_20260527T014601192964Z.json
round5_cpu,36,UNKNOWN_RESOURCE_LIMIT,UNKNOWN,UNKNOWN,,51.357,UNKNOWN_RESOURCE_LIMIT,True,True,FAILED,25472.34375,onnx/TinyYOLO.onnx,vnnlib/TinyYOLO_prop_000323_eps_1_255.vnnlib,[],[],[],"watchdog killed instance after 51.4s (status=UNKNOWN_RESOURCE_LIMIT, peak_rss=25472.3 MiB)",/data1/Kane/ACT/audit_results/r93_rerun_20260525T083118Z/round5_aftersimplify_20260526T234325Z/yolo_2023_cpu/per_instance_yolo_2023_watchdog_iid36_20260527T014652550927Z.json
round5_cpu,37,UNKNOWN_RESOURCE_LIMIT,UNKNOWN,UNKNOWN,,48.193,UNKNOWN_RESOURCE_LIMIT,True,True,FAILED,24831.87109375,onnx/TinyYOLO.onnx,vnnlib/TinyYOLO_prop_000395_eps_1_255.vnnlib,[],[],[],"watchdog killed instance after 48.2s (status=UNKNOWN_RESOURCE_LIMIT, peak_rss=24831.9 MiB)",/data1/Kane/ACT/audit_results/r93_rerun_20260525T083118Z/round5_aftersimplify_20260526T234325Z/yolo_2023_cpu/per_instance_yolo_2023_watchdog_iid37_20260527T014740745165Z.json
round5_cpu,38,UNKNOWN_RESOURCE_LIMIT,UNKNOWN,UNKNOWN,,37.848,UNKNOWN_RESOURCE_LIMIT,True,True,FAILED,25857.890625,onnx/TinyYOLO.onnx,vnnlib/TinyYOLO_prop_000450_eps_1_255.vnnlib,[],[],[],"watchdog killed instance after 37.8s (status=UNKNOWN_RESOURCE_LIMIT, peak_rss=25857.9 MiB)",/data1/Kane/ACT/audit_results/r93_rerun_20260525T083118Z/round5_aftersimplify_20260526T234325Z/yolo_2023_cpu/per_instance_yolo_2023_watchdog_iid38_20260527T014818594202Z.json
round5_cpu,39,UNKNOWN_RESOURCE_LIMIT,UNKNOWN,UNKNOWN,,37.548,UNKNOWN_RESOURCE_LIMIT,True,True,FAILED,25912.046875,onnx/TinyYOLO.onnx,vnnlib/TinyYOLO_prop_000308_eps_1_255.vnnlib,[],[],[],"watchdog killed instance after 37.5s (status=UNKNOWN_RESOURCE_LIMIT, peak_rss=25912.0 MiB)",/data1/Kane/ACT/audit_results/r93_rerun_20260525T083118Z/round5_aftersimplify_20260526T234325Z/yolo_2023_cpu/per_instance_yolo_2023_watchdog_iid39_20260527T014856142936Z.json
round5_cpu,4,UNKNOWN_RESOURCE_LIMIT,UNKNOWN,UNKNOWN,,52.219,UNKNOWN_RESOURCE_LIMIT,True,True,FAILED,24953.78515625,onnx/TinyYOLO.onnx,vnnlib/TinyYOLO_prop_000367_eps_1_255.vnnlib,[],[],[],"watchdog killed instance after 52.2s (status=UNKNOWN_RESOURCE_LIMIT, peak_rss=24953.8 MiB)",/data1/Kane/ACT/audit_results/r93_rerun_20260525T083118Z/round5_aftersimplify_20260526T234325Z/yolo_2023_cpu/per_instance_yolo_2023_watchdog_iid4_20260527T012530620081Z.json
round5_cpu,40,UNKNOWN_RESOURCE_LIMIT,UNKNOWN,UNKNOWN,,35.936,UNKNOWN_RESOURCE_LIMIT,True,True,FAILED,25267.1484375,onnx/TinyYOLO.onnx,vnnlib/TinyYOLO_prop_000159_eps_1_255.vnnlib,[],[],[],"watchdog killed instance after 35.9s (status=UNKNOWN_RESOURCE_LIMIT, peak_rss=25267.1 MiB)",/data1/Kane/ACT/audit_results/r93_rerun_20260525T083118Z/round5_aftersimplify_20260526T234325Z/yolo_2023_cpu/per_instance_yolo_2023_watchdog_iid40_20260527T014932080018Z.json
round5_cpu,41,UNKNOWN_RESOURCE_LIMIT,UNKNOWN,UNKNOWN,,36.229,UNKNOWN_RESOURCE_LIMIT,True,True,FAILED,24944.2890625,onnx/TinyYOLO.onnx,vnnlib/TinyYOLO_prop_000370_eps_1_255.vnnlib,[],[],[],"watchdog killed instance after 36.2s (status=UNKNOWN_RESOURCE_LIMIT, peak_rss=24944.3 MiB)",/data1/Kane/ACT/audit_results/r93_rerun_20260525T083118Z/round5_aftersimplify_20260526T234325Z/yolo_2023_cpu/per_instance_yolo_2023_watchdog_iid41_20260527T015008309356Z.json
round5_cpu,42,UNKNOWN_RESOURCE_LIMIT,UNKNOWN,UNKNOWN,,36.526,UNKNOWN_RESOURCE_LIMIT,True,True,FAILED,24766.1953125,onnx/TinyYOLO.onnx,vnnlib/TinyYOLO_prop_000217_eps_1_255.vnnlib,[],[],[],"watchdog killed instance after 36.5s (status=UNKNOWN_RESOURCE_LIMIT, peak_rss=24766.2 MiB)",/data1/Kane/ACT/audit_results/r93_rerun_20260525T083118Z/round5_aftersimplify_20260526T234325Z/yolo_2023_cpu/per_instance_yolo_2023_watchdog_iid42_20260527T015044836386Z.json
round5_cpu,43,UNKNOWN_RESOURCE_LIMIT,UNKNOWN,UNKNOWN,,35.829,UNKNOWN_RESOURCE_LIMIT,True,True,FAILED,25025.0703125,onnx/TinyYOLO.onnx,vnnlib/TinyYOLO_prop_000299_eps_1_255.vnnlib,[],[],[],"watchdog killed instance after 35.8s (status=UNKNOWN_RESOURCE_LIMIT, peak_rss=25025.1 MiB)",/data1/Kane/ACT/audit_results/r93_rerun_20260525T083118Z/round5_aftersimplify_20260526T234325Z/yolo_2023_cpu/per_instance_yolo_2023_watchdog_iid43_20260527T015120666217Z.json
round5_cpu,44,UNKNOWN_RESOURCE_LIMIT,UNKNOWN,UNKNOWN,,34.826,UNKNOWN_RESOURCE_LIMIT,True,True,FAILED,26025.93359375,onnx/TinyYOLO.onnx,vnnlib/TinyYOLO_prop_000401_eps_1_255.vnnlib,[],[],[],"watchdog killed instance after 34.8s (status=UNKNOWN_RESOURCE_LIMIT, peak_rss=26025.9 MiB)",/data1/Kane/ACT/audit_results/r93_rerun_20260525T083118Z/round5_aftersimplify_20260526T234325Z/yolo_2023_cpu/per_instance_yolo_2023_watchdog_iid44_20260527T015155494101Z.json
round5_cpu,45,UNKNOWN_RESOURCE_LIMIT,UNKNOWN,UNKNOWN,,35.329,UNKNOWN_RESOURCE_LIMIT,True,True,FAILED,26153.234375,onnx/TinyYOLO.onnx,vnnlib/TinyYOLO_prop_000046_eps_1_255.vnnlib,[],[],[],"watchdog killed instance after 35.3s (status=UNKNOWN_RESOURCE_LIMIT, peak_rss=26153.2 MiB)",/data1/Kane/ACT/audit_results/r93_rerun_20260525T083118Z/round5_aftersimplify_20260526T234325Z/yolo_2023_cpu/per_instance_yolo_2023_watchdog_iid45_20260527T015230823812Z.json
round5_cpu,46,UNKNOWN_RESOURCE_LIMIT,UNKNOWN,UNKNOWN,,36.328,UNKNOWN_RESOURCE_LIMIT,True,True,FAILED,24670.37890625,onnx/TinyYOLO.onnx,vnnlib/TinyYOLO_prop_000139_eps_1_255.vnnlib,[],[],[],"watchdog killed instance after 36.3s (status=UNKNOWN_RESOURCE_LIMIT, peak_rss=24670.4 MiB)",/data1/Kane/ACT/audit_results/r93_rerun_20260525T083118Z/round5_aftersimplify_20260526T234325Z/yolo_2023_cpu/per_instance_yolo_2023_watchdog_iid46_20260527T015307152786Z.json
round5_cpu,47,UNKNOWN_RESOURCE_LIMIT,UNKNOWN,UNKNOWN,,35.829,UNKNOWN_RESOURCE_LIMIT,True,True,FAILED,25068.71875,onnx/TinyYOLO.onnx,vnnlib/TinyYOLO_prop_000024_eps_1_255.vnnlib,[],[],[],"watchdog killed instance after 35.8s (status=UNKNOWN_RESOURCE_LIMIT, peak_rss=25068.7 MiB)",/data1/Kane/ACT/audit_results/r93_rerun_20260525T083118Z/round5_aftersimplify_20260526T234325Z/yolo_2023_cpu/per_instance_yolo_2023_watchdog_iid47_20260527T015342982933Z.json
round5_cpu,48,UNKNOWN_RESOURCE_LIMIT,UNKNOWN,UNKNOWN,,35.924,UNKNOWN_RESOURCE_LIMIT,True,True,FAILED,25671.171875,onnx/TinyYOLO.onnx,vnnlib/TinyYOLO_prop_000249_eps_1_255.vnnlib,[],[],[],"watchdog killed instance after 35.9s (status=UNKNOWN_RESOURCE_LIMIT, peak_rss=25671.2 MiB)",/data1/Kane/ACT/audit_results/r93_rerun_20260525T083118Z/round5_aftersimplify_20260526T234325Z/yolo_2023_cpu/per_instance_yolo_2023_watchdog_iid48_20260527T015418907954Z.json
round5_cpu,49,UNKNOWN_RESOURCE_LIMIT,UNKNOWN,UNKNOWN,,45.483,UNKNOWN_RESOURCE_LIMIT,True,True,FAILED,24701.078125,onnx/TinyYOLO.onnx,vnnlib/TinyYOLO_prop_000148_eps_1_255.vnnlib,[],[],[],"watchdog killed instance after 45.5s (status=UNKNOWN_RESOURCE_LIMIT, peak_rss=24701.1 MiB)",/data1/Kane/ACT/audit_results/r93_rerun_20260525T083118Z/round5_aftersimplify_20260526T234325Z/yolo_2023_cpu/per_instance_yolo_2023_watchdog_iid49_20260527T015504392006Z.json
round5_cpu,5,UNKNOWN_RESOURCE_LIMIT,UNKNOWN,UNKNOWN,,44.25,UNKNOWN_RESOURCE_LIMIT,True,True,FAILED,25780.4140625,onnx/TinyYOLO.onnx,vnnlib/TinyYOLO_prop_000039_eps_1_255.vnnlib,[],[],[],"watchdog killed instance after 44.2s (status=UNKNOWN_RESOURCE_LIMIT, peak_rss=25780.4 MiB)",/data1/Kane/ACT/audit_results/r93_rerun_20260525T083118Z/round5_aftersimplify_20260526T234325Z/yolo_2023_cpu/per_instance_yolo_2023_watchdog_iid5_20260527T012614870546Z.json
round5_cpu,50,UNKNOWN_RESOURCE_LIMIT,UNKNOWN,UNKNOWN,,47.36,UNKNOWN_RESOURCE_LIMIT,True,True,FAILED,25201.4375,onnx/TinyYOLO.onnx,vnnlib/TinyYOLO_prop_000196_eps_1_255.vnnlib,[],[],[],"watchdog killed instance after 47.4s (status=UNKNOWN_RESOURCE_LIMIT, peak_rss=25201.4 MiB)",/data1/Kane/ACT/audit_results/r93_rerun_20260525T083118Z/round5_aftersimplify_20260526T234325Z/yolo_2023_cpu/per_instance_yolo_2023_watchdog_iid50_20260527T015551752349Z.json
round5_cpu,51,UNKNOWN_RESOURCE_LIMIT,UNKNOWN,UNKNOWN,,39.869,UNKNOWN_RESOURCE_LIMIT,True,True,FAILED,26201.7109375,onnx/TinyYOLO.onnx,vnnlib/TinyYOLO_prop_000277_eps_1_255.vnnlib,[],[],[],"watchdog killed instance after 39.9s (status=UNKNOWN_RESOURCE_LIMIT, peak_rss=26201.7 MiB)",/data1/Kane/ACT/audit_results/r93_rerun_20260525T083118Z/round5_aftersimplify_20260526T234325Z/yolo_2023_cpu/per_instance_yolo_2023_watchdog_iid51_20260527T015631622559Z.json
round5_cpu,52,UNKNOWN_RESOURCE_LIMIT,UNKNOWN,UNKNOWN,,38.571,UNKNOWN_RESOURCE_LIMIT,True,True,FAILED,24812.484375,onnx/TinyYOLO.onnx,vnnlib/TinyYOLO_prop_000262_eps_1_255.vnnlib,[],[],[],"watchdog killed instance after 38.6s (status=UNKNOWN_RESOURCE_LIMIT, peak_rss=24812.5 MiB)",/data1/Kane/ACT/audit_results/r93_rerun_20260525T083118Z/round5_aftersimplify_20260526T234325Z/yolo_2023_cpu/per_instance_yolo_2023_watchdog_iid52_20260527T015710194081Z.json
round5_cpu,53,UNKNOWN_RESOURCE_LIMIT,UNKNOWN,UNKNOWN,,38.379,UNKNOWN_RESOURCE_LIMIT,True,True,FAILED,26132.8515625,onnx/TinyYOLO.onnx,vnnlib/TinyYOLO_prop_000298_eps_1_255.vnnlib,[],[],[],"watchdog killed instance after 38.4s (status=UNKNOWN_RESOURCE_LIMIT, peak_rss=26132.9 MiB)",/data1/Kane/ACT/audit_results/r93_rerun_20260525T083118Z/round5_aftersimplify_20260526T234325Z/yolo_2023_cpu/per_instance_yolo_2023_watchdog_iid53_20260527T015748573613Z.json
round5_cpu,54,UNKNOWN_RESOURCE_LIMIT,UNKNOWN,UNKNOWN,,39.616,UNKNOWN_RESOURCE_LIMIT,True,True,FAILED,25634.6875,onnx/TinyYOLO.onnx,vnnlib/TinyYOLO_prop_000336_eps_1_255.vnnlib,[],[],[],"watchdog killed instance after 39.6s (status=UNKNOWN_RESOURCE_LIMIT, peak_rss=25634.7 MiB)",/data1/Kane/ACT/audit_results/r93_rerun_20260525T083118Z/round5_aftersimplify_20260526T234325Z/yolo_2023_cpu/per_instance_yolo_2023_watchdog_iid54_20260527T015828190492Z.json
round5_cpu,55,UNKNOWN_RESOURCE_LIMIT,UNKNOWN,UNKNOWN,,38.141,UNKNOWN_RESOURCE_LIMIT,True,True,FAILED,25532.26953125,onnx/TinyYOLO.onnx,vnnlib/TinyYOLO_prop_000453_eps_1_255.vnnlib,[],[],[],"watchdog killed instance after 38.1s (status=UNKNOWN_RESOURCE_LIMIT, peak_rss=25532.3 MiB)",/data1/Kane/ACT/audit_results/r93_rerun_20260525T083118Z/round5_aftersimplify_20260526T234325Z/yolo_2023_cpu/per_instance_yolo_2023_watchdog_iid55_20260527T015906332568Z.json
round5_cpu,56,UNKNOWN_RESOURCE_LIMIT,UNKNOWN,UNKNOWN,,37.429,UNKNOWN_RESOURCE_LIMIT,True,True,FAILED,24686.83984375,onnx/TinyYOLO.onnx,vnnlib/TinyYOLO_prop_000405_eps_1_255.vnnlib,[],[],[],"watchdog killed instance after 37.4s (status=UNKNOWN_RESOURCE_LIMIT, peak_rss=24686.8 MiB)",/data1/Kane/ACT/audit_results/r93_rerun_20260525T083118Z/round5_aftersimplify_20260526T234325Z/yolo_2023_cpu/per_instance_yolo_2023_watchdog_iid56_20260527T015943762070Z.json
round5_cpu,57,UNKNOWN_RESOURCE_LIMIT,UNKNOWN,UNKNOWN,,47.628,UNKNOWN_RESOURCE_LIMIT,True,True,FAILED,24638.50390625,onnx/TinyYOLO.onnx,vnnlib/TinyYOLO_prop_000062_eps_1_255.vnnlib,[],[],[],"watchdog killed instance after 47.6s (status=UNKNOWN_RESOURCE_LIMIT, peak_rss=24638.5 MiB)",/data1/Kane/ACT/audit_results/r93_rerun_20260525T083118Z/round5_aftersimplify_20260526T234325Z/yolo_2023_cpu/per_instance_yolo_2023_watchdog_iid57_20260527T020031390704Z.json
round5_cpu,58,UNKNOWN_RESOURCE_LIMIT,UNKNOWN,UNKNOWN,,36.82,UNKNOWN_RESOURCE_LIMIT,True,True,FAILED,25875.79296875,onnx/TinyYOLO.onnx,vnnlib/TinyYOLO_prop_000165_eps_1_255.vnnlib,[],[],[],"watchdog killed instance after 36.8s (status=UNKNOWN_RESOURCE_LIMIT, peak_rss=25875.8 MiB)",/data1/Kane/ACT/audit_results/r93_rerun_20260525T083118Z/round5_aftersimplify_20260526T234325Z/yolo_2023_cpu/per_instance_yolo_2023_watchdog_iid58_20260527T020108211822Z.json
round5_cpu,59,UNKNOWN_RESOURCE_LIMIT,UNKNOWN,UNKNOWN,,35.62,UNKNOWN_RESOURCE_LIMIT,True,True,FAILED,25473.1640625,onnx/TinyYOLO.onnx,vnnlib/TinyYOLO_prop_000357_eps_1_255.vnnlib,[],[],[],"watchdog killed instance after 35.6s (status=UNKNOWN_RESOURCE_LIMIT, peak_rss=25473.2 MiB)",/data1/Kane/ACT/audit_results/r93_rerun_20260525T083118Z/round5_aftersimplify_20260526T234325Z/yolo_2023_cpu/per_instance_yolo_2023_watchdog_iid59_20260527T020143833636Z.json
round5_cpu,6,UNKNOWN_RESOURCE_LIMIT,UNKNOWN,UNKNOWN,,44.681,UNKNOWN_RESOURCE_LIMIT,True,True,FAILED,24797.73046875,onnx/TinyYOLO.onnx,vnnlib/TinyYOLO_prop_000082_eps_1_255.vnnlib,[],[],[],"watchdog killed instance after 44.7s (status=UNKNOWN_RESOURCE_LIMIT, peak_rss=24797.7 MiB)",/data1/Kane/ACT/audit_results/r93_rerun_20260525T083118Z/round5_aftersimplify_20260526T234325Z/yolo_2023_cpu/per_instance_yolo_2023_watchdog_iid6_20260527T012659553884Z.json
round5_cpu,60,UNKNOWN_RESOURCE_LIMIT,UNKNOWN,UNKNOWN,,35.826,UNKNOWN_RESOURCE_LIMIT,True,True,FAILED,25392.5859375,onnx/TinyYOLO.onnx,vnnlib/TinyYOLO_prop_000037_eps_1_255.vnnlib,[],[],[],"watchdog killed instance after 35.8s (status=UNKNOWN_RESOURCE_LIMIT, peak_rss=25392.6 MiB)",/data1/Kane/ACT/audit_results/r93_rerun_20260525T083118Z/round5_aftersimplify_20260526T234325Z/yolo_2023_cpu/per_instance_yolo_2023_watchdog_iid60_20260527T020219660322Z.json
round5_cpu,61,UNKNOWN_RESOURCE_LIMIT,UNKNOWN,UNKNOWN,,34.927,UNKNOWN_RESOURCE_LIMIT,True,True,FAILED,24853.0625,onnx/TinyYOLO.onnx,vnnlib/TinyYOLO_prop_000341_eps_1_255.vnnlib,[],[],[],"watchdog killed instance after 34.9s (status=UNKNOWN_RESOURCE_LIMIT, peak_rss=24853.1 MiB)",/data1/Kane/ACT/audit_results/r93_rerun_20260525T083118Z/round5_aftersimplify_20260526T234325Z/yolo_2023_cpu/per_instance_yolo_2023_watchdog_iid61_20260527T020254587630Z.json
round5_cpu,62,UNKNOWN_RESOURCE_LIMIT,UNKNOWN,UNKNOWN,,35.726,UNKNOWN_RESOURCE_LIMIT,True,True,FAILED,25541.20703125,onnx/TinyYOLO.onnx,vnnlib/TinyYOLO_prop_000271_eps_1_255.vnnlib,[],[],[],"watchdog killed instance after 35.7s (status=UNKNOWN_RESOURCE_LIMIT, peak_rss=25541.2 MiB)",/data1/Kane/ACT/audit_results/r93_rerun_20260525T083118Z/round5_aftersimplify_20260526T234325Z/yolo_2023_cpu/per_instance_yolo_2023_watchdog_iid62_20260527T020330314734Z.json
round5_cpu,63,UNKNOWN_RESOURCE_LIMIT,UNKNOWN,UNKNOWN,,34.822,UNKNOWN_RESOURCE_LIMIT,True,True,FAILED,25213.859375,onnx/TinyYOLO.onnx,vnnlib/TinyYOLO_prop_000144_eps_1_255.vnnlib,[],[],[],"watchdog killed instance after 34.8s (status=UNKNOWN_RESOURCE_LIMIT, peak_rss=25213.9 MiB)",/data1/Kane/ACT/audit_results/r93_rerun_20260525T083118Z/round5_aftersimplify_20260526T234325Z/yolo_2023_cpu/per_instance_yolo_2023_watchdog_iid63_20260527T020405137719Z.json
round5_cpu,64,UNKNOWN_RESOURCE_LIMIT,UNKNOWN,UNKNOWN,,37.14,UNKNOWN_RESOURCE_LIMIT,True,True,FAILED,24612.87890625,onnx/TinyYOLO.onnx,vnnlib/TinyYOLO_prop_000170_eps_1_255.vnnlib,[],[],[],"watchdog killed instance after 37.1s (status=UNKNOWN_RESOURCE_LIMIT, peak_rss=24612.9 MiB)",/data1/Kane/ACT/audit_results/r93_rerun_20260525T083118Z/round5_aftersimplify_20260526T234325Z/yolo_2023_cpu/per_instance_yolo_2023_watchdog_iid64_20260527T020442278335Z.json
round5_cpu,65,UNKNOWN_RESOURCE_LIMIT,UNKNOWN,UNKNOWN,,42.335,UNKNOWN_RESOURCE_LIMIT,True,True,FAILED,26025.81640625,onnx/TinyYOLO.onnx,vnnlib/TinyYOLO_prop_000060_eps_1_255.vnnlib,[],[],[],"watchdog killed instance after 42.3s (status=UNKNOWN_RESOURCE_LIMIT, peak_rss=26025.8 MiB)",/data1/Kane/ACT/audit_results/r93_rerun_20260525T083118Z/round5_aftersimplify_20260526T234325Z/yolo_2023_cpu/per_instance_yolo_2023_watchdog_iid65_20260527T020524614430Z.json
round5_cpu,66,UNKNOWN_RESOURCE_LIMIT,UNKNOWN,UNKNOWN,,43.994,UNKNOWN_RESOURCE_LIMIT,True,True,FAILED,25914.36328125,onnx/TinyYOLO.onnx,vnnlib/TinyYOLO_prop_000129_eps_1_255.vnnlib,[],[],[],"watchdog killed instance after 44.0s (status=UNKNOWN_RESOURCE_LIMIT, peak_rss=25914.4 MiB)",/data1/Kane/ACT/audit_results/r93_rerun_20260525T083118Z/round5_aftersimplify_20260526T234325Z/yolo_2023_cpu/per_instance_yolo_2023_watchdog_iid66_20260527T020608610239Z.json
round5_cpu,67,UNKNOWN_RESOURCE_LIMIT,UNKNOWN,UNKNOWN,,37.936,UNKNOWN_RESOURCE_LIMIT,True,True,FAILED,25682.86328125,onnx/TinyYOLO.onnx,vnnlib/TinyYOLO_prop_000356_eps_1_255.vnnlib,[],[],[],"watchdog killed instance after 37.9s (status=UNKNOWN_RESOURCE_LIMIT, peak_rss=25682.9 MiB)",/data1/Kane/ACT/audit_results/r93_rerun_20260525T083118Z/round5_aftersimplify_20260526T234325Z/yolo_2023_cpu/per_instance_yolo_2023_watchdog_iid67_20260527T020646547458Z.json
round5_cpu,68,UNKNOWN_RESOURCE_LIMIT,UNKNOWN,UNKNOWN,,41.175,UNKNOWN_RESOURCE_LIMIT,True,True,FAILED,25378.78125,onnx/TinyYOLO.onnx,vnnlib/TinyYOLO_prop_000261_eps_1_255.vnnlib,[],[],[],"watchdog killed instance after 41.2s (status=UNKNOWN_RESOURCE_LIMIT, peak_rss=25378.8 MiB)",/data1/Kane/ACT/audit_results/r93_rerun_20260525T083118Z/round5_aftersimplify_20260526T234325Z/yolo_2023_cpu/per_instance_yolo_2023_watchdog_iid68_20260527T020727723021Z.json
round5_cpu,69,UNKNOWN_RESOURCE_LIMIT,UNKNOWN,UNKNOWN,,48.356,UNKNOWN_RESOURCE_LIMIT,True,True,FAILED,25624.36328125,onnx/TinyYOLO.onnx,vnnlib/TinyYOLO_prop_000225_eps_1_255.vnnlib,[],[],[],"watchdog killed instance after 48.4s (status=UNKNOWN_RESOURCE_LIMIT, peak_rss=25624.4 MiB)",/data1/Kane/ACT/audit_results/r93_rerun_20260525T083118Z/round5_aftersimplify_20260526T234325Z/yolo_2023_cpu/per_instance_yolo_2023_watchdog_iid69_20260527T020816079754Z.json
round5_cpu,7,UNKNOWN_RESOURCE_LIMIT,UNKNOWN,UNKNOWN,,40.01,UNKNOWN_RESOURCE_LIMIT,True,True,FAILED,24723.375,onnx/TinyYOLO.onnx,vnnlib/TinyYOLO_prop_000296_eps_1_255.vnnlib,[],[],[],"watchdog killed instance after 40.0s (status=UNKNOWN_RESOURCE_LIMIT, peak_rss=24723.4 MiB)",/data1/Kane/ACT/audit_results/r93_rerun_20260525T083118Z/round5_aftersimplify_20260526T234325Z/yolo_2023_cpu/per_instance_yolo_2023_watchdog_iid7_20260527T012739564265Z.json
round5_cpu,70,UNKNOWN_RESOURCE_LIMIT,UNKNOWN,UNKNOWN,,60.001,UNKNOWN_RESOURCE_LIMIT,True,True,FAILED,25806.90234375,onnx/TinyYOLO.onnx,vnnlib/TinyYOLO_prop_000181_eps_1_255.vnnlib,[],[],[],"watchdog killed instance after 60.0s (status=UNKNOWN_RESOURCE_LIMIT, peak_rss=25806.9 MiB)",/data1/Kane/ACT/audit_results/r93_rerun_20260525T083118Z/round5_aftersimplify_20260526T234325Z/yolo_2023_cpu/per_instance_yolo_2023_watchdog_iid70_20260527T020916082462Z.json
round5_cpu,71,UNKNOWN_RESOURCE_LIMIT,UNKNOWN,UNKNOWN,,39.959,UNKNOWN_RESOURCE_LIMIT,True,True,FAILED,24715.66796875,onnx/TinyYOLO.onnx,vnnlib/TinyYOLO_prop_000312_eps_1_255.vnnlib,[],[],[],"watchdog killed instance after 40.0s (status=UNKNOWN_RESOURCE_LIMIT, peak_rss=24715.7 MiB)",/data1/Kane/ACT/audit_results/r93_rerun_20260525T083118Z/round5_aftersimplify_20260526T234325Z/yolo_2023_cpu/per_instance_yolo_2023_watchdog_iid71_20260527T020956042788Z.json
round5_cpu,8,UNKNOWN_RESOURCE_LIMIT,UNKNOWN,UNKNOWN,,37.837,UNKNOWN_RESOURCE_LIMIT,True,True,FAILED,24879.83984375,onnx/TinyYOLO.onnx,vnnlib/TinyYOLO_prop_000034_eps_1_255.vnnlib,[],[],[],"watchdog killed instance after 37.8s (status=UNKNOWN_RESOURCE_LIMIT, peak_rss=24879.8 MiB)",/data1/Kane/ACT/audit_results/r93_rerun_20260525T083118Z/round5_aftersimplify_20260526T234325Z/yolo_2023_cpu/per_instance_yolo_2023_watchdog_iid8_20260527T012817404079Z.json
round5_cpu,9,UNKNOWN_RESOURCE_LIMIT,UNKNOWN,UNKNOWN,,35.839,UNKNOWN_RESOURCE_LIMIT,True,True,FAILED,25952.109375,onnx/TinyYOLO.onnx,vnnlib/TinyYOLO_prop_000448_eps_1_255.vnnlib,[],[],[],"watchdog killed instance after 35.8s (status=UNKNOWN_RESOURCE_LIMIT, peak_rss=25952.1 MiB)",/data1/Kane/ACT/audit_results/r93_rerun_20260525T083118Z/round5_aftersimplify_20260526T234325Z/yolo_2023_cpu/per_instance_yolo_2023_watchdog_iid9_20260527T012853243412Z.json
round5_cuda,0,UNKNOWN,UNKNOWN,UNKNOWN,UNKNOWN,11.274,,False,,PASSED,,onnx/TinyYOLO.onnx,vnnlib/TinyYOLO_prop_000005_eps_1_255.vnnlib,"[""UNKNOWN""]","[""UNKNOWN""]",[null],,/data1/Kane/ACT/audit_results/r93_rerun_20260525T083118Z/round5_aftersimplify_20260526T234325Z/yolo_2023_cuda/per_instance_yolo_2023_20260527T021013539344Z.json
round5_cuda,1,UNKNOWN,UNKNOWN,UNKNOWN,UNKNOWN,12.367,,False,,PASSED,,onnx/TinyYOLO.onnx,vnnlib/TinyYOLO_prop_000459_eps_1_255.vnnlib,"[""UNKNOWN""]","[""UNKNOWN""]",[null],,/data1/Kane/ACT/audit_results/r93_rerun_20260525T083118Z/round5_aftersimplify_20260526T234325Z/yolo_2023_cuda/per_instance_yolo_2023_20260527T021030086175Z.json
round5_cuda,10,UNKNOWN,UNKNOWN,UNKNOWN,UNKNOWN,13.336,,False,,PASSED,,onnx/TinyYOLO.onnx,vnnlib/TinyYOLO_prop_000221_eps_1_255.vnnlib,"[""UNKNOWN""]","[""UNKNOWN""]",[null],,/data1/Kane/ACT/audit_results/r93_rerun_20260525T083118Z/round5_aftersimplify_20260526T234325Z/yolo_2023_cuda/per_instance_yolo_2023_20260527T021311675691Z.json
round5_cuda,11,UNKNOWN,UNKNOWN,UNKNOWN,UNKNOWN,14.01,,False,,PASSED,,onnx/TinyYOLO.onnx,vnnlib/TinyYOLO_prop_000040_eps_1_255.vnnlib,"[""UNKNOWN""]","[""UNKNOWN""]",[null],,/data1/Kane/ACT/audit_results/r93_rerun_20260525T083118Z/round5_aftersimplify_20260526T234325Z/yolo_2023_cuda/per_instance_yolo_2023_20260527T021330916033Z.json
round5_cuda,12,UNKNOWN,UNKNOWN,UNKNOWN,UNKNOWN,14.175,,False,,PASSED,,onnx/TinyYOLO.onnx,vnnlib/TinyYOLO_prop_000118_eps_1_255.vnnlib,"[""UNKNOWN""]","[""UNKNOWN""]",[null],,/data1/Kane/ACT/audit_results/r93_rerun_20260525T083118Z/round5_aftersimplify_20260526T234325Z/yolo_2023_cuda/per_instance_yolo_2023_20260527T021353003896Z.json
round5_cuda,13,UNKNOWN,UNKNOWN,UNKNOWN,UNKNOWN,15.217,,False,,PASSED,,onnx/TinyYOLO.onnx,vnnlib/TinyYOLO_prop_000359_eps_1_255.vnnlib,"[""UNKNOWN""]","[""UNKNOWN""]",[null],,/data1/Kane/ACT/audit_results/r93_rerun_20260525T083118Z/round5_aftersimplify_20260526T234325Z/yolo_2023_cuda/per_instance_yolo_2023_20260527T021414986460Z.json
round5_cuda,14,UNKNOWN,UNKNOWN,UNKNOWN,UNKNOWN,19.644,,False,,PASSED,,onnx/TinyYOLO.onnx,vnnlib/TinyYOLO_prop_000006_eps_1_255.vnnlib,"[""UNKNOWN""]","[""UNKNOWN""]",[null],,/data1/Kane/ACT/audit_results/r93_rerun_20260525T083118Z/round5_aftersimplify_20260526T234325Z/yolo_2023_cuda/per_instance_yolo_2023_20260527T021440874370Z.json
round5_cuda,15,UNKNOWN,UNKNOWN,UNKNOWN,UNKNOWN,15.832,,False,,PASSED,,onnx/TinyYOLO.onnx,vnnlib/TinyYOLO_prop_000004_eps_1_255.vnnlib,"[""UNKNOWN""]","[""UNKNOWN""]",[null],,/data1/Kane/ACT/audit_results/r93_rerun_20260525T083118Z/round5_aftersimplify_20260526T234325Z/yolo_2023_cuda/per_instance_yolo_2023_20260527T021505092067Z.json
round5_cuda,16,UNKNOWN,UNKNOWN,UNKNOWN,UNKNOWN,18.492,,False,,PASSED,,onnx/TinyYOLO.onnx,vnnlib/TinyYOLO_prop_000316_eps_1_255.vnnlib,"[""UNKNOWN""]","[""UNKNOWN""]",[null],,/data1/Kane/ACT/audit_results/r93_rerun_20260525T083118Z/round5_aftersimplify_20260526T234325Z/yolo_2023_cuda/per_instance_yolo_2023_20260527T021530833483Z.json
round5_cuda,17,UNKNOWN,UNKNOWN,UNKNOWN,UNKNOWN,20.704,,False,,PASSED,,onnx/TinyYOLO.onnx,vnnlib/TinyYOLO_prop_000080_eps_1_255.vnnlib,"[""UNKNOWN""]","[""UNKNOWN""]",[null],,/data1/Kane/ACT/audit_results/r93_rerun_20260525T083118Z/round5_aftersimplify_20260526T234325Z/yolo_2023_cuda/per_instance_yolo_2023_20260527T021559571945Z.json
round5_cuda,18,UNKNOWN,UNKNOWN,UNKNOWN,UNKNOWN,24.242,,False,,PASSED,,onnx/TinyYOLO.onnx,vnnlib/TinyYOLO_prop_000161_eps_1_255.vnnlib,"[""UNKNOWN""]","[""UNKNOWN""]",[null],,/data1/Kane/ACT/audit_results/r93_rerun_20260525T083118Z/round5_aftersimplify_20260526T234325Z/yolo_2023_cuda/per_instance_yolo_2023_20260527T021633502840Z.json
round5_cuda,19,UNKNOWN,UNKNOWN,UNKNOWN,UNKNOWN,18.123,,False,,PASSED,,onnx/TinyYOLO.onnx,vnnlib/TinyYOLO_prop_000081_eps_1_255.vnnlib,"[""UNKNOWN""]","[""UNKNOWN""]",[null],,/data1/Kane/ACT/audit_results/r93_rerun_20260525T083118Z/round5_aftersimplify_20260526T234325Z/yolo_2023_cuda/per_instance_yolo_2023_20260527T021700211063Z.json
round5_cuda,2,UNKNOWN,UNKNOWN,UNKNOWN,UNKNOWN,11.446,,False,,PASSED,,onnx/TinyYOLO.onnx,vnnlib/TinyYOLO_prop_000290_eps_1_255.vnnlib,"[""UNKNOWN""]","[""UNKNOWN""]",[null],,/data1/Kane/ACT/audit_results/r93_rerun_20260525T083118Z/round5_aftersimplify_20260526T234325Z/yolo_2023_cuda/per_instance_yolo_2023_20260527T021046314711Z.json
round5_cuda,20,UNKNOWN,UNKNOWN,UNKNOWN,UNKNOWN,19.677,,False,,PASSED,,onnx/TinyYOLO.onnx,vnnlib/TinyYOLO_prop_000425_eps_1_255.vnnlib,"[""UNKNOWN""]","[""UNKNOWN""]",[null],,/data1/Kane/ACT/audit_results/r93_rerun_20260525T083118Z/round5_aftersimplify_20260526T234325Z/yolo_2023_cuda/per_instance_yolo_2023_20260527T021727627796Z.json
round5_cuda,21,UNKNOWN,UNKNOWN,UNKNOWN,UNKNOWN,17.707,,False,,PASSED,,onnx/TinyYOLO.onnx,vnnlib/TinyYOLO_prop_000324_eps_1_255.vnnlib,"[""UNKNOWN""]","[""UNKNOWN""]",[null],,/data1/Kane/ACT/audit_results/r93_rerun_20260525T083118Z/round5_aftersimplify_20260526T234325Z/yolo_2023_cuda/per_instance_yolo_2023_20260527T021751895153Z.json
round5_cuda,22,UNKNOWN,UNKNOWN,UNKNOWN,UNKNOWN,14.929,,False,,PASSED,,onnx/TinyYOLO.onnx,vnnlib/TinyYOLO_prop_000439_eps_1_255.vnnlib,"[""UNKNOWN""]","[""UNKNOWN""]",[null],,/data1/Kane/ACT/audit_results/r93_rerun_20260525T083118Z/round5_aftersimplify_20260526T234325Z/yolo_2023_cuda/per_instance_yolo_2023_20260527T021814283268Z.json
round5_cuda,23,UNKNOWN,UNKNOWN,UNKNOWN,UNKNOWN,14.366,,False,,PASSED,,onnx/TinyYOLO.onnx,vnnlib/TinyYOLO_prop_000306_eps_1_255.vnnlib,"[""UNKNOWN""]","[""UNKNOWN""]",[null],,/data1/Kane/ACT/audit_results/r93_rerun_20260525T083118Z/round5_aftersimplify_20260526T234325Z/yolo_2023_cuda/per_instance_yolo_2023_20260527T021836827625Z.json
round5_cuda,24,UNKNOWN,UNKNOWN,UNKNOWN,UNKNOWN,16.302,,False,,PASSED,,onnx/TinyYOLO.onnx,vnnlib/TinyYOLO_prop_000302_eps_1_255.vnnlib,"[""UNKNOWN""]","[""UNKNOWN""]",[null],,/data1/Kane/ACT/audit_results/r93_rerun_20260525T083118Z/round5_aftersimplify_20260526T234325Z/yolo_2023_cuda/per_instance_yolo_2023_20260527T021900495515Z.json
round5_cuda,25,UNKNOWN,UNKNOWN,UNKNOWN,UNKNOWN,12.754,,False,,PASSED,,onnx/TinyYOLO.onnx,vnnlib/TinyYOLO_prop_000220_eps_1_255.vnnlib,"[""UNKNOWN""]","[""UNKNOWN""]",[null],,/data1/Kane/ACT/audit_results/r93_rerun_20260525T083118Z/round5_aftersimplify_20260526T234325Z/yolo_2023_cuda/per_instance_yolo_2023_20260527T021918805238Z.json
round5_cuda,26,UNKNOWN,UNKNOWN,UNKNOWN,UNKNOWN,12.954,,False,,PASSED,,onnx/TinyYOLO.onnx,vnnlib/TinyYOLO_prop_000101_eps_1_255.vnnlib,"[""UNKNOWN""]","[""UNKNOWN""]",[null],,/data1/Kane/ACT/audit_results/r93_rerun_20260525T083118Z/round5_aftersimplify_20260526T234325Z/yolo_2023_cuda/per_instance_yolo_2023_20260527T021936738428Z.json
round5_cuda,27,UNKNOWN,UNKNOWN,UNKNOWN,UNKNOWN,13.479,,False,,PASSED,,onnx/TinyYOLO.onnx,vnnlib/TinyYOLO_prop_000420_eps_1_255.vnnlib,"[""UNKNOWN""]","[""UNKNOWN""]",[null],,/data1/Kane/ACT/audit_results/r93_rerun_20260525T083118Z/round5_aftersimplify_20260526T234325Z/yolo_2023_cuda/per_instance_yolo_2023_20260527T021955902019Z.json
round5_cuda,28,UNKNOWN,UNKNOWN,UNKNOWN,UNKNOWN,14.37,,False,,PASSED,,onnx/TinyYOLO.onnx,vnnlib/TinyYOLO_prop_000036_eps_1_255.vnnlib,"[""UNKNOWN""]","[""UNKNOWN""]",[null],,/data1/Kane/ACT/audit_results/r93_rerun_20260525T083118Z/round5_aftersimplify_20260526T234325Z/yolo_2023_cuda/per_instance_yolo_2023_20260527T022016306927Z.json
round5_cuda,29,UNKNOWN,UNKNOWN,UNKNOWN,UNKNOWN,15.226,,False,,PASSED,,onnx/TinyYOLO.onnx,vnnlib/TinyYOLO_prop_000447_eps_1_255.vnnlib,"[""UNKNOWN""]","[""UNKNOWN""]",[null],,/data1/Kane/ACT/audit_results/r93_rerun_20260525T083118Z/round5_aftersimplify_20260526T234325Z/yolo_2023_cuda/per_instance_yolo_2023_20260527T022043881087Z.json
round5_cuda,3,UNKNOWN,UNKNOWN,UNKNOWN,UNKNOWN,13.303,,False,,PASSED,,onnx/TinyYOLO.onnx,vnnlib/TinyYOLO_prop_000257_eps_1_255.vnnlib,"[""UNKNOWN""]","[""UNKNOWN""]",[null],,/data1/Kane/ACT/audit_results/r93_rerun_20260525T083118Z/round5_aftersimplify_20260526T234325Z/yolo_2023_cuda/per_instance_yolo_2023_20260527T021104443688Z.json
round5_cuda,30,UNKNOWN,UNKNOWN,UNKNOWN,UNKNOWN,40.036,,False,,PASSED,,onnx/TinyYOLO.onnx,vnnlib/TinyYOLO_prop_000103_eps_1_255.vnnlib,"[""UNKNOWN""]","[""UNKNOWN""]",[null],,/data1/Kane/ACT/audit_results/r93_rerun_20260525T083118Z/round5_aftersimplify_20260526T234325Z/yolo_2023_cuda/per_instance_yolo_2023_20260527T022137188309Z.json
round5_cuda,31,UNKNOWN,UNKNOWN,UNKNOWN,UNKNOWN,45.613,,False,,PASSED,,onnx/TinyYOLO.onnx,vnnlib/TinyYOLO_prop_000266_eps_1_255.vnnlib,"[""UNKNOWN""]","[""UNKNOWN""]",[null],,/data1/Kane/ACT/audit_results/r93_rerun_20260525T083118Z/round5_aftersimplify_20260526T234325Z/yolo_2023_cuda/per_instance_yolo_2023_20260527T022328406588Z.json
round5_cuda,4,UNKNOWN,UNKNOWN,UNKNOWN,UNKNOWN,12.057,,False,,PASSED,,onnx/TinyYOLO.onnx,vnnlib/TinyYOLO_prop_000367_eps_1_255.vnnlib,"[""UNKNOWN""]","[""UNKNOWN""]",[null],,/data1/Kane/ACT/audit_results/r93_rerun_20260525T083118Z/round5_aftersimplify_20260526T234325Z/yolo_2023_cuda/per_instance_yolo_2023_20260527T021121196691Z.json
round5_cuda,5,UNKNOWN,UNKNOWN,UNKNOWN,UNKNOWN,12.382,,False,,PASSED,,onnx/TinyYOLO.onnx,vnnlib/TinyYOLO_prop_000039_eps_1_255.vnnlib,"[""UNKNOWN""]","[""UNKNOWN""]",[null],,/data1/Kane/ACT/audit_results/r93_rerun_20260525T083118Z/round5_aftersimplify_20260526T234325Z/yolo_2023_cuda/per_instance_yolo_2023_20260527T021139167039Z.json
round5_cuda,6,UNKNOWN,UNKNOWN,UNKNOWN,UNKNOWN,13.628,,False,,PASSED,,onnx/TinyYOLO.onnx,vnnlib/TinyYOLO_prop_000082_eps_1_255.vnnlib,"[""UNKNOWN""]","[""UNKNOWN""]",[null],,/data1/Kane/ACT/audit_results/r93_rerun_20260525T083118Z/round5_aftersimplify_20260526T234325Z/yolo_2023_cuda/per_instance_yolo_2023_20260527T021157770503Z.json
round5_cuda,7,UNKNOWN,UNKNOWN,UNKNOWN,UNKNOWN,11.584,,False,,PASSED,,onnx/TinyYOLO.onnx,vnnlib/TinyYOLO_prop_000296_eps_1_255.vnnlib,"[""UNKNOWN""]","[""UNKNOWN""]",[null],,/data1/Kane/ACT/audit_results/r93_rerun_20260525T083118Z/round5_aftersimplify_20260526T234325Z/yolo_2023_cuda/per_instance_yolo_2023_20260527T021214291929Z.json
round5_cuda,8,UNKNOWN,UNKNOWN,UNKNOWN,UNKNOWN,14.37,,False,,PASSED,,onnx/TinyYOLO.onnx,vnnlib/TinyYOLO_prop_000034_eps_1_255.vnnlib,"[""UNKNOWN""]","[""UNKNOWN""]",[null],,/data1/Kane/ACT/audit_results/r93_rerun_20260525T083118Z/round5_aftersimplify_20260526T234325Z/yolo_2023_cuda/per_instance_yolo_2023_20260527T021233613543Z.json
round5_cuda,9,UNKNOWN,UNKNOWN,UNKNOWN,UNKNOWN,13.643,,False,,PASSED,,onnx/TinyYOLO.onnx,vnnlib/TinyYOLO_prop_000448_eps_1_255.vnnlib,"[""UNKNOWN""]","[""UNKNOWN""]",[null],,/data1/Kane/ACT/audit_results/r93_rerun_20260525T083118Z/round5_aftersimplify_20260526T234325Z/yolo_2023_cuda/per_instance_yolo_2023_20260527T021252741456Z.json
round5_cuda_catchup,32,UNKNOWN,UNKNOWN,UNKNOWN,UNKNOWN,8.402,,False,,PASSED,,onnx/TinyYOLO.onnx,vnnlib/TinyYOLO_prop_000047_eps_1_255.vnnlib,"[""UNKNOWN""]","[""UNKNOWN""]",[null],,/data1/Kane/ACT/audit_results/r93_rerun_20260525T083118Z/round5_yolo_cuda_catchup_20260527T025827Z/per_instance_yolo_2023_20260527T025840366343Z.json
round5_cuda_catchup,33,UNKNOWN,UNKNOWN,UNKNOWN,UNKNOWN,8.27,,False,,PASSED,,onnx/TinyYOLO.onnx,vnnlib/TinyYOLO_prop_000015_eps_1_255.vnnlib,"[""UNKNOWN""]","[""UNKNOWN""]",[null],,/data1/Kane/ACT/audit_results/r93_rerun_20260525T083118Z/round5_yolo_cuda_catchup_20260527T025827Z/per_instance_yolo_2023_20260527T025851587949Z.json
round5_cuda_catchup,34,UNKNOWN,UNKNOWN,UNKNOWN,UNKNOWN,8.018,,False,,PASSED,,onnx/TinyYOLO.onnx,vnnlib/TinyYOLO_prop_000284_eps_1_255.vnnlib,"[""UNKNOWN""]","[""UNKNOWN""]",[null],,/data1/Kane/ACT/audit_results/r93_rerun_20260525T083118Z/round5_yolo_cuda_catchup_20260527T025827Z/per_instance_yolo_2023_20260527T025902810911Z.json
round5_cuda_catchup,35,UNKNOWN,UNKNOWN,UNKNOWN,UNKNOWN,7.955,,False,,PASSED,,onnx/TinyYOLO.onnx,vnnlib/TinyYOLO_prop_000201_eps_1_255.vnnlib,"[""UNKNOWN""]","[""UNKNOWN""]",[null],,/data1/Kane/ACT/audit_results/r93_rerun_20260525T083118Z/round5_yolo_cuda_catchup_20260527T025827Z/per_instance_yolo_2023_20260527T025913711940Z.json
round5_cuda_catchup,36,UNKNOWN,UNKNOWN,UNKNOWN,UNKNOWN,8.117,,False,,PASSED,,onnx/TinyYOLO.onnx,vnnlib/TinyYOLO_prop_000323_eps_1_255.vnnlib,"[""UNKNOWN""]","[""UNKNOWN""]",[null],,/data1/Kane/ACT/audit_results/r93_rerun_20260525T083118Z/round5_yolo_cuda_catchup_20260527T025827Z/per_instance_yolo_2023_20260527T025924905327Z.json
round5_cuda_catchup,37,UNKNOWN,UNKNOWN,UNKNOWN,UNKNOWN,8.091,,False,,PASSED,,onnx/TinyYOLO.onnx,vnnlib/TinyYOLO_prop_000395_eps_1_255.vnnlib,"[""UNKNOWN""]","[""UNKNOWN""]",[null],,/data1/Kane/ACT/audit_results/r93_rerun_20260525T083118Z/round5_yolo_cuda_catchup_20260527T025827Z/per_instance_yolo_2023_20260527T025935941479Z.json
round5_cuda_catchup,38,UNKNOWN,UNKNOWN,UNKNOWN,UNKNOWN,8.184,,False,,PASSED,,onnx/TinyYOLO.onnx,vnnlib/TinyYOLO_prop_000450_eps_1_255.vnnlib,"[""UNKNOWN""]","[""UNKNOWN""]",[null],,/data1/Kane/ACT/audit_results/r93_rerun_20260525T083118Z/round5_yolo_cuda_catchup_20260527T025827Z/per_instance_yolo_2023_20260527T025947042602Z.json
round5_cuda_catchup,39,UNKNOWN,UNKNOWN,UNKNOWN,UNKNOWN,8.145,,False,,PASSED,,onnx/TinyYOLO.onnx,vnnlib/TinyYOLO_prop_000308_eps_1_255.vnnlib,"[""UNKNOWN""]","[""UNKNOWN""]",[null],,/data1/Kane/ACT/audit_results/r93_rerun_20260525T083118Z/round5_yolo_cuda_catchup_20260527T025827Z/per_instance_yolo_2023_20260527T025958460324Z.json
round5_cuda_catchup,40,UNKNOWN,UNKNOWN,UNKNOWN,UNKNOWN,8.174,,False,,PASSED,,onnx/TinyYOLO.onnx,vnnlib/TinyYOLO_prop_000159_eps_1_255.vnnlib,"[""UNKNOWN""]","[""UNKNOWN""]",[null],,/data1/Kane/ACT/audit_results/r93_rerun_20260525T083118Z/round5_yolo_cuda_catchup_20260527T025827Z/per_instance_yolo_2023_20260527T030009520515Z.json
round5_cuda_catchup,41,UNKNOWN,UNKNOWN,UNKNOWN,UNKNOWN,7.983,,False,,PASSED,,onnx/TinyYOLO.onnx,vnnlib/TinyYOLO_prop_000370_eps_1_255.vnnlib,"[""UNKNOWN""]","[""UNKNOWN""]",[null],,/data1/Kane/ACT/audit_results/r93_rerun_20260525T083118Z/round5_yolo_cuda_catchup_20260527T025827Z/per_instance_yolo_2023_20260527T030020253796Z.json
round5_cuda_catchup,42,UNKNOWN,UNKNOWN,UNKNOWN,UNKNOWN,8.029,,False,,PASSED,,onnx/TinyYOLO.onnx,vnnlib/TinyYOLO_prop_000217_eps_1_255.vnnlib,"[""UNKNOWN""]","[""UNKNOWN""]",[null],,/data1/Kane/ACT/audit_results/r93_rerun_20260525T083118Z/round5_yolo_cuda_catchup_20260527T025827Z/per_instance_yolo_2023_20260527T030031344398Z.json
round5_cuda_catchup,43,UNKNOWN,UNKNOWN,UNKNOWN,UNKNOWN,8.089,,False,,PASSED,,onnx/TinyYOLO.onnx,vnnlib/TinyYOLO_prop_000299_eps_1_255.vnnlib,"[""UNKNOWN""]","[""UNKNOWN""]",[null],,/data1/Kane/ACT/audit_results/r93_rerun_20260525T083118Z/round5_yolo_cuda_catchup_20260527T025827Z/per_instance_yolo_2023_20260527T030042397507Z.json
round5_cuda_catchup,44,UNKNOWN,UNKNOWN,UNKNOWN,UNKNOWN,9.492,,False,,PASSED,,onnx/TinyYOLO.onnx,vnnlib/TinyYOLO_prop_000401_eps_1_255.vnnlib,"[""UNKNOWN""]","[""UNKNOWN""]",[null],,/data1/Kane/ACT/audit_results/r93_rerun_20260525T083118Z/round5_yolo_cuda_catchup_20260527T025827Z/per_instance_yolo_2023_20260527T030057498343Z.json
round5_cuda_catchup,45,UNKNOWN,UNKNOWN,UNKNOWN,UNKNOWN,16.166,,False,,PASSED,,onnx/TinyYOLO.onnx,vnnlib/TinyYOLO_prop_000046_eps_1_255.vnnlib,"[""UNKNOWN""]","[""UNKNOWN""]",[null],,/data1/Kane/ACT/audit_results/r93_rerun_20260525T083118Z/round5_yolo_cuda_catchup_20260527T025827Z/per_instance_yolo_2023_20260527T030117787413Z.json
round5_cuda_catchup,46,UNKNOWN,UNKNOWN,UNKNOWN,UNKNOWN,11.774,,False,,PASSED,,onnx/TinyYOLO.onnx,vnnlib/TinyYOLO_prop_000139_eps_1_255.vnnlib,"[""UNKNOWN""]","[""UNKNOWN""]",[null],,/data1/Kane/ACT/audit_results/r93_rerun_20260525T083118Z/round5_yolo_cuda_catchup_20260527T025827Z/per_instance_yolo_2023_20260527T030139298763Z.json
round5_cuda_catchup,47,UNKNOWN,UNKNOWN,UNKNOWN,UNKNOWN,11.479,,False,,PASSED,,onnx/TinyYOLO.onnx,vnnlib/TinyYOLO_prop_000024_eps_1_255.vnnlib,"[""UNKNOWN""]","[""UNKNOWN""]",[null],,/data1/Kane/ACT/audit_results/r93_rerun_20260525T083118Z/round5_yolo_cuda_catchup_20260527T025827Z/per_instance_yolo_2023_20260527T030201829337Z.json
round5_cuda_catchup,48,UNKNOWN,UNKNOWN,UNKNOWN,UNKNOWN,19.507,,False,,PASSED,,onnx/TinyYOLO.onnx,vnnlib/TinyYOLO_prop_000249_eps_1_255.vnnlib,"[""UNKNOWN""]","[""UNKNOWN""]",[null],,/data1/Kane/ACT/audit_results/r93_rerun_20260525T083118Z/round5_yolo_cuda_catchup_20260527T025827Z/per_instance_yolo_2023_20260527T030230710360Z.json
round5_cuda_catchup,49,UNKNOWN,UNKNOWN,UNKNOWN,UNKNOWN,14.929,,False,,PASSED,,onnx/TinyYOLO.onnx,vnnlib/TinyYOLO_prop_000148_eps_1_255.vnnlib,"[""UNKNOWN""]","[""UNKNOWN""]",[null],,/data1/Kane/ACT/audit_results/r93_rerun_20260525T083118Z/round5_yolo_cuda_catchup_20260527T025827Z/per_instance_yolo_2023_20260527T030250871404Z.json
round5_cuda_catchup,50,UNKNOWN,UNKNOWN,UNKNOWN,UNKNOWN,14.176,,False,,PASSED,,onnx/TinyYOLO.onnx,vnnlib/TinyYOLO_prop_000196_eps_1_255.vnnlib,"[""UNKNOWN""]","[""UNKNOWN""]",[null],,/data1/Kane/ACT/audit_results/r93_rerun_20260525T083118Z/round5_yolo_cuda_catchup_20260527T025827Z/per_instance_yolo_2023_20260527T030313272020Z.json
round5_cuda_catchup,51,UNKNOWN,UNKNOWN,UNKNOWN,UNKNOWN,41.432,,False,,PASSED,,onnx/TinyYOLO.onnx,vnnlib/TinyYOLO_prop_000277_eps_1_255.vnnlib,"[""UNKNOWN""]","[""UNKNOWN""]",[null],,/data1/Kane/ACT/audit_results/r93_rerun_20260525T083118Z/round5_yolo_cuda_catchup_20260527T025827Z/per_instance_yolo_2023_20260527T030407793033Z.json
round5_cuda_catchup,52,UNKNOWN,UNKNOWN,UNKNOWN,UNKNOWN,27.895,,False,,PASSED,,onnx/TinyYOLO.onnx,vnnlib/TinyYOLO_prop_000262_eps_1_255.vnnlib,"[""UNKNOWN""]","[""UNKNOWN""]",[null],,/data1/Kane/ACT/audit_results/r93_rerun_20260525T083118Z/round5_yolo_cuda_catchup_20260527T025827Z/per_instance_yolo_2023_20260527T030452860800Z.json
round5_cuda_catchup,53,UNKNOWN,UNKNOWN,UNKNOWN,UNKNOWN,29.475,,False,,PASSED,,onnx/TinyYOLO.onnx,vnnlib/TinyYOLO_prop_000298_eps_1_255.vnnlib,"[""UNKNOWN""]","[""UNKNOWN""]",[null],,/data1/Kane/ACT/audit_results/r93_rerun_20260525T083118Z/round5_yolo_cuda_catchup_20260527T025827Z/per_instance_yolo_2023_20260527T030532609544Z.json
round5_cuda_catchup,54,UNKNOWN,UNKNOWN,UNKNOWN,UNKNOWN,30.196,,False,,PASSED,,onnx/TinyYOLO.onnx,vnnlib/TinyYOLO_prop_000336_eps_1_255.vnnlib,"[""UNKNOWN""]","[""UNKNOWN""]",[null],,/data1/Kane/ACT/audit_results/r93_rerun_20260525T083118Z/round5_yolo_cuda_catchup_20260527T025827Z/per_instance_yolo_2023_20260527T030616361806Z.json
round5_cuda_catchup,55,UNKNOWN,UNKNOWN,UNKNOWN,UNKNOWN,19.684,,False,,PASSED,,onnx/TinyYOLO.onnx,vnnlib/TinyYOLO_prop_000453_eps_1_255.vnnlib,"[""UNKNOWN""]","[""UNKNOWN""]",[null],,/data1/Kane/ACT/audit_results/r93_rerun_20260525T083118Z/round5_yolo_cuda_catchup_20260527T025827Z/per_instance_yolo_2023_20260527T030647221522Z.json
round5_cuda_catchup,56,UNKNOWN,UNKNOWN,UNKNOWN,UNKNOWN,23.97,,False,,PASSED,,onnx/TinyYOLO.onnx,vnnlib/TinyYOLO_prop_000405_eps_1_255.vnnlib,"[""UNKNOWN""]","[""UNKNOWN""]",[null],,/data1/Kane/ACT/audit_results/r93_rerun_20260525T083118Z/round5_yolo_cuda_catchup_20260527T025827Z/per_instance_yolo_2023_20260527T030727023318Z.json
round5_cuda_catchup,57,UNKNOWN,UNKNOWN,UNKNOWN,UNKNOWN,23.826,,False,,PASSED,,onnx/TinyYOLO.onnx,vnnlib/TinyYOLO_prop_000062_eps_1_255.vnnlib,"[""UNKNOWN""]","[""UNKNOWN""]",[null],,/data1/Kane/ACT/audit_results/r93_rerun_20260525T083118Z/round5_yolo_cuda_catchup_20260527T025827Z/per_instance_yolo_2023_20260527T030813675227Z.json
round5_cuda_catchup,58,UNKNOWN,UNKNOWN,UNKNOWN,UNKNOWN,24.17,,False,,PASSED,,onnx/TinyYOLO.onnx,vnnlib/TinyYOLO_prop_000165_eps_1_255.vnnlib,"[""UNKNOWN""]","[""UNKNOWN""]",[null],,/data1/Kane/ACT/audit_results/r93_rerun_20260525T083118Z/round5_yolo_cuda_catchup_20260527T025827Z/per_instance_yolo_2023_20260527T030850951537Z.json
round5_cuda_catchup,59,UNKNOWN,UNKNOWN,UNKNOWN,UNKNOWN,26.825,,False,,PASSED,,onnx/TinyYOLO.onnx,vnnlib/TinyYOLO_prop_000357_eps_1_255.vnnlib,"[""UNKNOWN""]","[""UNKNOWN""]",[null],,/data1/Kane/ACT/audit_results/r93_rerun_20260525T083118Z/round5_yolo_cuda_catchup_20260527T025827Z/per_instance_yolo_2023_20260527T030930127677Z.json
round5_cuda_catchup,60,UNKNOWN,UNKNOWN,UNKNOWN,UNKNOWN,25.401,,False,,PASSED,,onnx/TinyYOLO.onnx,vnnlib/TinyYOLO_prop_000037_eps_1_255.vnnlib,"[""UNKNOWN""]","[""UNKNOWN""]",[null],,/data1/Kane/ACT/audit_results/r93_rerun_20260525T083118Z/round5_yolo_cuda_catchup_20260527T025827Z/per_instance_yolo_2023_20260527T031013879102Z.json
round5_cuda_catchup,61,UNKNOWN,UNKNOWN,UNKNOWN,UNKNOWN,21.645,,False,,PASSED,,onnx/TinyYOLO.onnx,vnnlib/TinyYOLO_prop_000341_eps_1_255.vnnlib,"[""UNKNOWN""]","[""UNKNOWN""]",[null],,/data1/Kane/ACT/audit_results/r93_rerun_20260525T083118Z/round5_yolo_cuda_catchup_20260527T025827Z/per_instance_yolo_2023_20260527T031044549775Z.json
round5_cuda_catchup,62,UNKNOWN,UNKNOWN,UNKNOWN,UNKNOWN,33.314,,False,,PASSED,,onnx/TinyYOLO.onnx,vnnlib/TinyYOLO_prop_000271_eps_1_255.vnnlib,"[""UNKNOWN""]","[""UNKNOWN""]",[null],,/data1/Kane/ACT/audit_results/r93_rerun_20260525T083118Z/round5_yolo_cuda_catchup_20260527T025827Z/per_instance_yolo_2023_20260527T031130608387Z.json
round5_cuda_catchup,63,UNKNOWN,UNKNOWN,UNKNOWN,UNKNOWN,13.18,,False,,PASSED,,onnx/TinyYOLO.onnx,vnnlib/TinyYOLO_prop_000144_eps_1_255.vnnlib,"[""UNKNOWN""]","[""UNKNOWN""]",[null],,/data1/Kane/ACT/audit_results/r93_rerun_20260525T083118Z/round5_yolo_cuda_catchup_20260527T025827Z/per_instance_yolo_2023_20260527T031152490271Z.json
round5_cuda_catchup,64,UNKNOWN,UNKNOWN,UNKNOWN,UNKNOWN,9.169,,False,,PASSED,,onnx/TinyYOLO.onnx,vnnlib/TinyYOLO_prop_000170_eps_1_255.vnnlib,"[""UNKNOWN""]","[""UNKNOWN""]",[null],,/data1/Kane/ACT/audit_results/r93_rerun_20260525T083118Z/round5_yolo_cuda_catchup_20260527T025827Z/per_instance_yolo_2023_20260527T031205958392Z.json
round5_cuda_catchup,65,UNKNOWN,UNKNOWN,UNKNOWN,UNKNOWN,9.965,,False,,PASSED,,onnx/TinyYOLO.onnx,vnnlib/TinyYOLO_prop_000060_eps_1_255.vnnlib,"[""UNKNOWN""]","[""UNKNOWN""]",[null],,/data1/Kane/ACT/audit_results/r93_rerun_20260525T083118Z/round5_yolo_cuda_catchup_20260527T025827Z/per_instance_yolo_2023_20260527T031219912134Z.json
round5_cuda_catchup,66,UNKNOWN,UNKNOWN,UNKNOWN,UNKNOWN,10.342,,False,,PASSED,,onnx/TinyYOLO.onnx,vnnlib/TinyYOLO_prop_000129_eps_1_255.vnnlib,"[""UNKNOWN""]","[""UNKNOWN""]",[null],,/data1/Kane/ACT/audit_results/r93_rerun_20260525T083118Z/round5_yolo_cuda_catchup_20260527T025827Z/per_instance_yolo_2023_20260527T031235003913Z.json
round5_cuda_catchup,67,UNKNOWN,UNKNOWN,UNKNOWN,UNKNOWN,9.998,,False,,PASSED,,onnx/TinyYOLO.onnx,vnnlib/TinyYOLO_prop_000356_eps_1_255.vnnlib,"[""UNKNOWN""]","[""UNKNOWN""]",[null],,/data1/Kane/ACT/audit_results/r93_rerun_20260525T083118Z/round5_yolo_cuda_catchup_20260527T025827Z/per_instance_yolo_2023_20260527T031248943064Z.json
round5_cuda_catchup,68,UNKNOWN,UNKNOWN,UNKNOWN,UNKNOWN,36.151,,False,,PASSED,,onnx/TinyYOLO.onnx,vnnlib/TinyYOLO_prop_000261_eps_1_255.vnnlib,"[""UNKNOWN""]","[""UNKNOWN""]",[null],,/data1/Kane/ACT/audit_results/r93_rerun_20260525T083118Z/round5_yolo_cuda_catchup_20260527T025827Z/per_instance_yolo_2023_20260527T031330853215Z.json
round5_cuda_catchup,69,UNKNOWN,UNKNOWN,UNKNOWN,UNKNOWN,15.884,,False,,PASSED,,onnx/TinyYOLO.onnx,vnnlib/TinyYOLO_prop_000225_eps_1_255.vnnlib,"[""UNKNOWN""]","[""UNKNOWN""]",[null],,/data1/Kane/ACT/audit_results/r93_rerun_20260525T083118Z/round5_yolo_cuda_catchup_20260527T025827Z/per_instance_yolo_2023_20260527T031400027550Z.json
round5_cuda_catchup,70,UNKNOWN,UNKNOWN,UNKNOWN,UNKNOWN,22.491,,False,,PASSED,,onnx/TinyYOLO.onnx,vnnlib/TinyYOLO_prop_000181_eps_1_255.vnnlib,"[""UNKNOWN""]","[""UNKNOWN""]",[null],,/data1/Kane/ACT/audit_results/r93_rerun_20260525T083118Z/round5_yolo_cuda_catchup_20260527T025827Z/per_instance_yolo_2023_20260527T031430047742Z.json
round5_cuda_catchup,71,UNKNOWN,UNKNOWN,UNKNOWN,UNKNOWN,16.629,,False,,PASSED,,onnx/TinyYOLO.onnx,vnnlib/TinyYOLO_prop_000312_eps_1_255.vnnlib,"[""UNKNOWN""]","[""UNKNOWN""]",[null],,/data1/Kane/ACT/audit_results/r93_rerun_20260525T083118Z/round5_yolo_cuda_catchup_20260527T025827Z/per_instance_yolo_2023_20260527T031454608239Z.json
