source,iid,verdict,internal_status,reportable_status,count_bucket,wall_s,watchdog_status,watchdog_synthetic,strict_bounded_failure,run_status,peak_rss_mb,onnx_model,vnnlib_spec,q_statuses,q_reportables,q_receipts,error,json_path
cpu,0,CERTIFIED,UNSAT,CERTIFIED,CERTIFIED,3.393,,False,,PASSED,,onnx/malware_malimg_family_scaled_linear-25.onnx,vnnlib/malbeware_family-Obfuscator.AD_label-17_eps-1_idx-89.vnnlib,"[""UNSAT"",""UNSAT"",""UNSAT"",""UNSAT"",""UNSAT"",""UNSAT"",""UNSAT"",""UNSAT"",""UNSAT"",""UNSAT"",""UNSAT"",""UNSAT"",""UNSAT"",""UNSAT"",""UNSAT"",""UNSAT"",""UNSAT"",""UNSAT"",""UNSAT"",""UNSAT"",""UNSAT"",""UNSAT"",""UNSAT"",""UNSAT""]","[""CERTIFIED"",""CERTIFIED"",""CERTIFIED"",""CERTIFIED"",""CERTIFIED"",""CERTIFIED"",""CERTIFIED"",""CERTIFIED"",""CERTIFIED"",""CERTIFIED"",""CERTIFIED"",""CERTIFIED"",""CERTIFIED"",""CERTIFIED"",""CERTIFIED"",""CERTIFIED"",""CERTIFIED"",""CERTIFIED"",""CERTIFIED"",""CERTIFIED"",""CERTIFIED"",""CERTIFIED"",""CERTIFIED"",""CERTIFIED""]","[null,null,null,null,null,null,null,null,null,null,null,null,null,null,null,null,null,null,null,null,null,null,null,null]",,/data1/Kane/ACT/audit_results/r93_rerun_20260525T083118Z/malbeware_R93/per_instance_malbeware_20260525T034800812351Z.json
cpu,1,CERTIFIED,UNSAT,CERTIFIED,CERTIFIED,3.372,,False,,PASSED,,onnx/malware_malimg_family_scaled_linear-25.onnx,vnnlib/malbeware_family-VB.AT_label-22_eps-3_idx-112.vnnlib,"[""UNSAT"",""UNSAT"",""UNSAT"",""UNSAT"",""UNSAT"",""UNSAT"",""UNSAT"",""UNSAT"",""UNSAT"",""UNSAT"",""UNSAT"",""UNSAT"",""UNSAT"",""UNSAT"",""UNSAT"",""UNSAT"",""UNSAT"",""UNSAT"",""UNSAT"",""UNSAT"",""UNSAT"",""UNSAT"",""UNSAT"",""UNSAT""]","[""CERTIFIED"",""CERTIFIED"",""CERTIFIED"",""CERTIFIED"",""CERTIFIED"",""CERTIFIED"",""CERTIFIED"",""CERTIFIED"",""CERTIFIED"",""CERTIFIED"",""CERTIFIED"",""CERTIFIED"",""CERTIFIED"",""CERTIFIED"",""CERTIFIED"",""CERTIFIED"",""CERTIFIED"",""CERTIFIED"",""CERTIFIED"",""CERTIFIED"",""CERTIFIED"",""CERTIFIED"",""CERTIFIED"",""CERTIFIED""]","[null,null,null,null,null,null,null,null,null,null,null,null,null,null,null,null,null,null,null,null,null,null,null,null]",,/data1/Kane/ACT/audit_results/r93_rerun_20260525T083118Z/malbeware_R93/per_instance_malbeware_20260525T034800812351Z.json
cpu,10,CERTIFIED,UNSAT,CERTIFIED,CERTIFIED,3.117,,False,,PASSED,,onnx/malware_malimg_family_scaled_linear-25.onnx,vnnlib/malbeware_family-Lolyda.AA1_label-12_eps-3_idx-60.vnnlib,"[""UNSAT"",""UNSAT"",""UNSAT"",""UNSAT"",""UNSAT"",""UNSAT"",""UNSAT"",""UNSAT"",""UNSAT"",""UNSAT"",""UNSAT"",""UNSAT"",""UNSAT"",""UNSAT"",""UNSAT"",""UNSAT"",""UNSAT"",""UNSAT"",""UNSAT"",""UNSAT"",""UNSAT"",""UNSAT"",""UNSAT"",""UNSAT""]","[""CERTIFIED"",""CERTIFIED"",""CERTIFIED"",""CERTIFIED"",""CERTIFIED"",""CERTIFIED"",""CERTIFIED"",""CERTIFIED"",""CERTIFIED"",""CERTIFIED"",""CERTIFIED"",""CERTIFIED"",""CERTIFIED"",""CERTIFIED"",""CERTIFIED"",""CERTIFIED"",""CERTIFIED"",""CERTIFIED"",""CERTIFIED"",""CERTIFIED"",""CERTIFIED"",""CERTIFIED"",""CERTIFIED"",""CERTIFIED""]","[null,null,null,null,null,null,null,null,null,null,null,null,null,null,null,null,null,null,null,null,null,null,null,null]",,/data1/Kane/ACT/audit_results/r93_rerun_20260525T083118Z/malbeware_R93/per_instance_malbeware_20260525T034800812351Z.json
cpu,100,CERTIFIED,UNSAT,CERTIFIED,CERTIFIED,259.003,,False,,PASSED,,onnx/malware_malimg_family_scaled_16-25.onnx,vnnlib/malbeware_family-Obfuscator.AD_label-17_eps-1_idx-89.vnnlib,"[""UNSAT"",""UNSAT"",""UNSAT"",""UNSAT"",""UNSAT"",""UNSAT"",""UNSAT"",""UNSAT"",""UNSAT"",""UNSAT"",""UNSAT"",""UNSAT"",""UNSAT"",""UNSAT"",""UNSAT"",""UNSAT"",""UNSAT"",""UNSAT"",""UNSAT"",""UNSAT"",""UNSAT"",""UNSAT"",""UNSAT"",""UNSAT""]","[""CERTIFIED"",""CERTIFIED"",""CERTIFIED"",""CERTIFIED"",""CERTIFIED"",""CERTIFIED"",""CERTIFIED"",""CERTIFIED"",""CERTIFIED"",""CERTIFIED"",""CERTIFIED"",""CERTIFIED"",""CERTIFIED"",""CERTIFIED"",""CERTIFIED"",""CERTIFIED"",""CERTIFIED"",""CERTIFIED"",""CERTIFIED"",""CERTIFIED"",""CERTIFIED"",""CERTIFIED"",""CERTIFIED"",""CERTIFIED""]","[null,null,null,null,null,null,null,null,null,null,null,null,null,null,null,null,null,null,null,null,null,null,null,null]",,/data1/Kane/ACT/audit_results/r93_rerun_20260525T083118Z/malbeware_R93/per_instance_malbeware_20260525T034800812351Z.json
cpu,101,CERTIFIED,UNSAT,CERTIFIED,CERTIFIED,362.309,,False,,PASSED,,onnx/malware_malimg_family_scaled_16-25.onnx,vnnlib/malbeware_family-VB.AT_label-22_eps-3_idx-112.vnnlib,"[""UNSAT"",""UNSAT"",""UNSAT"",""UNSAT"",""UNSAT"",""UNSAT"",""UNSAT"",""UNSAT"",""UNSAT"",""UNSAT"",""UNSAT"",""UNSAT"",""UNSAT"",""UNSAT"",""UNSAT"",""UNSAT"",""UNSAT"",""UNSAT"",""UNSAT"",""UNSAT"",""UNSAT"",""UNSAT"",""UNSAT"",""UNSAT""]","[""CERTIFIED"",""CERTIFIED"",""CERTIFIED"",""CERTIFIED"",""CERTIFIED"",""CERTIFIED"",""CERTIFIED"",""CERTIFIED"",""CERTIFIED"",""CERTIFIED"",""CERTIFIED"",""CERTIFIED"",""CERTIFIED"",""CERTIFIED"",""CERTIFIED"",""CERTIFIED"",""CERTIFIED"",""CERTIFIED"",""CERTIFIED"",""CERTIFIED"",""CERTIFIED"",""CERTIFIED"",""CERTIFIED"",""CERTIFIED""]","[null,null,null,null,null,null,null,null,null,null,null,null,null,null,null,null,null,null,null,null,null,null,null,null]",,/data1/Kane/ACT/audit_results/r93_rerun_20260525T083118Z/malbeware_R93/per_instance_malbeware_20260525T034800812351Z.json
cpu,102,UNKNOWN,UNKNOWN,UNKNOWN,UNKNOWN,435.085,,False,,PASSED,,onnx/malware_malimg_family_scaled_16-25.onnx,vnnlib/malbeware_family-Allaple.A_label-2_eps-3_idx-11.vnnlib,"[""UNSAT"",""UNSAT"",""UNKNOWN"",""UNSAT"",""UNSAT"",""UNSAT"",""UNKNOWN"",""UNSAT"",""UNSAT"",""UNKNOWN"",""UNSAT"",""UNSAT"",""UNSAT"",""UNSAT"",""UNSAT"",""UNKNOWN"",""UNSAT"",""UNSAT"",""UNSAT"",""UNSAT"",""UNSAT"",""UNSAT"",""UNKNOWN"",""UNSAT""]","[""CERTIFIED"",""CERTIFIED"",""UNKNOWN"",""CERTIFIED"",""CERTIFIED"",""CERTIFIED"",""UNKNOWN"",""CERTIFIED"",""CERTIFIED"",""UNKNOWN"",""CERTIFIED"",""CERTIFIED"",""CERTIFIED"",""CERTIFIED"",""CERTIFIED"",""UNKNOWN"",""CERTIFIED"",""CERTIFIED"",""CERTIFIED"",""CERTIFIED"",""CERTIFIED"",""CERTIFIED"",""UNKNOWN"",""CERTIFIED""]","[null,null,null,null,null,null,null,null,null,null,null,null,null,null,null,null,null,null,null,null,null,null,null,null]",,/data1/Kane/ACT/audit_results/r93_rerun_20260525T083118Z/malbeware_R93/per_instance_malbeware_20260525T034800812351Z.json
cpu,103,CERTIFIED,UNSAT,CERTIFIED,CERTIFIED,524.888,,False,,PASSED,,onnx/malware_malimg_family_scaled_16-25.onnx,vnnlib/malbeware_family-Skintrim.N_label-19_eps-3_idx-96.vnnlib,"[""UNSAT"",""UNSAT"",""UNSAT"",""UNSAT"",""UNSAT"",""UNSAT"",""UNSAT"",""UNSAT"",""UNSAT"",""UNSAT"",""UNSAT"",""UNSAT"",""UNSAT"",""UNSAT"",""UNSAT"",""UNSAT"",""UNSAT"",""UNSAT"",""UNSAT"",""UNSAT"",""UNSAT"",""UNSAT"",""UNSAT"",""UNSAT""]","[""CERTIFIED"",""CERTIFIED"",""CERTIFIED"",""CERTIFIED"",""CERTIFIED"",""CERTIFIED"",""CERTIFIED"",""CERTIFIED"",""CERTIFIED"",""CERTIFIED"",""CERTIFIED"",""CERTIFIED"",""CERTIFIED"",""CERTIFIED"",""CERTIFIED"",""CERTIFIED"",""CERTIFIED"",""CERTIFIED"",""CERTIFIED"",""CERTIFIED"",""CERTIFIED"",""CERTIFIED"",""CERTIFIED"",""CERTIFIED""]","[null,null,null,null,null,null,null,null,null,null,null,null,null,null,null,null,null,null,null,null,null,null,null,null]",,/data1/Kane/ACT/audit_results/r93_rerun_20260525T083118Z/malbeware_R93/per_instance_malbeware_20260525T034800812351Z.json
cpu,104,CERTIFIED,UNSAT,CERTIFIED,CERTIFIED,335.085,,False,,PASSED,,onnx/malware_malimg_family_scaled_16-25.onnx,vnnlib/malbeware_family-Lolyda.AA1_label-12_eps-3_idx-64.vnnlib,"[""UNSAT"",""UNSAT"",""UNSAT"",""UNSAT"",""UNSAT"",""UNSAT"",""UNSAT"",""UNSAT"",""UNSAT"",""UNSAT"",""UNSAT"",""UNSAT"",""UNSAT"",""UNSAT"",""UNSAT"",""UNSAT"",""UNSAT"",""UNSAT"",""UNSAT"",""UNSAT"",""UNSAT"",""UNSAT"",""UNSAT"",""UNSAT""]","[""CERTIFIED"",""CERTIFIED"",""CERTIFIED"",""CERTIFIED"",""CERTIFIED"",""CERTIFIED"",""CERTIFIED"",""CERTIFIED"",""CERTIFIED"",""CERTIFIED"",""CERTIFIED"",""CERTIFIED"",""CERTIFIED"",""CERTIFIED"",""CERTIFIED"",""CERTIFIED"",""CERTIFIED"",""CERTIFIED"",""CERTIFIED"",""CERTIFIED"",""CERTIFIED"",""CERTIFIED"",""CERTIFIED"",""CERTIFIED""]","[null,null,null,null,null,null,null,null,null,null,null,null,null,null,null,null,null,null,null,null,null,null,null,null]",,/data1/Kane/ACT/audit_results/r93_rerun_20260525T083118Z/malbeware_R93/per_instance_malbeware_20260525T034800812351Z.json
cpu,105,CERTIFIED,UNSAT,CERTIFIED,CERTIFIED,284.546,,False,,PASSED,,onnx/malware_malimg_family_scaled_16-25.onnx,vnnlib/malbeware_family-Agent.FYI_label-1_eps-2_idx-8.vnnlib,"[""UNSAT"",""UNSAT"",""UNSAT"",""UNSAT"",""UNSAT"",""UNSAT"",""UNSAT"",""UNSAT"",""UNSAT"",""UNSAT"",""UNSAT"",""UNSAT"",""UNSAT"",""UNSAT"",""UNSAT"",""UNSAT"",""UNSAT"",""UNSAT"",""UNSAT"",""UNSAT"",""UNSAT"",""UNSAT"",""UNSAT"",""UNSAT""]","[""CERTIFIED"",""CERTIFIED"",""CERTIFIED"",""CERTIFIED"",""CERTIFIED"",""CERTIFIED"",""CERTIFIED"",""CERTIFIED"",""CERTIFIED"",""CERTIFIED"",""CERTIFIED"",""CERTIFIED"",""CERTIFIED"",""CERTIFIED"",""CERTIFIED"",""CERTIFIED"",""CERTIFIED"",""CERTIFIED"",""CERTIFIED"",""CERTIFIED"",""CERTIFIED"",""CERTIFIED"",""CERTIFIED"",""CERTIFIED""]","[null,null,null,null,null,null,null,null,null,null,null,null,null,null,null,null,null,null,null,null,null,null,null,null]",,/data1/Kane/ACT/audit_results/r93_rerun_20260525T083118Z/malbeware_R93/per_instance_malbeware_20260525T034800812351Z.json
cpu,106,UNKNOWN,UNKNOWN,UNKNOWN,UNKNOWN,404.141,,False,,PASSED,,onnx/malware_malimg_family_scaled_16-25.onnx,vnnlib/malbeware_family-Alueron.gen!J_label-4_eps-3_idx-21.vnnlib,"[""UNSAT"",""UNSAT"",""UNSAT"",""UNSAT"",""UNSAT"",""UNSAT"",""UNKNOWN"",""UNSAT"",""UNSAT"",""UNSAT"",""UNSAT"",""UNSAT"",""UNSAT"",""UNSAT"",""UNSAT"",""UNSAT"",""UNSAT"",""UNSAT"",""UNSAT"",""UNSAT"",""UNSAT"",""UNSAT"",""UNSAT"",""UNSAT""]","[""CERTIFIED"",""CERTIFIED"",""CERTIFIED"",""CERTIFIED"",""CERTIFIED"",""CERTIFIED"",""UNKNOWN"",""CERTIFIED"",""CERTIFIED"",""CERTIFIED"",""CERTIFIED"",""CERTIFIED"",""CERTIFIED"",""CERTIFIED"",""CERTIFIED"",""CERTIFIED"",""CERTIFIED"",""CERTIFIED"",""CERTIFIED"",""CERTIFIED"",""CERTIFIED"",""CERTIFIED"",""CERTIFIED"",""CERTIFIED""]","[null,null,null,null,null,null,null,null,null,null,null,null,null,null,null,null,null,null,null,null,null,null,null,null]",,/data1/Kane/ACT/audit_results/r93_rerun_20260525T083118Z/malbeware_R93/per_instance_malbeware_20260525T034800812351Z.json
cpu,107,CERTIFIED,UNSAT,CERTIFIED,CERTIFIED,354.785,,False,,PASSED,,onnx/malware_malimg_family_scaled_16-25.onnx,vnnlib/malbeware_family-Rbotigen_label-18_eps-2_idx-92.vnnlib,"[""UNSAT"",""UNSAT"",""UNSAT"",""UNSAT"",""UNSAT"",""UNSAT"",""UNSAT"",""UNSAT"",""UNSAT"",""UNSAT"",""UNSAT"",""UNSAT"",""UNSAT"",""UNSAT"",""UNSAT"",""UNSAT"",""UNSAT"",""UNSAT"",""UNSAT"",""UNSAT"",""UNSAT"",""UNSAT"",""UNSAT"",""UNSAT""]","[""CERTIFIED"",""CERTIFIED"",""CERTIFIED"",""CERTIFIED"",""CERTIFIED"",""CERTIFIED"",""CERTIFIED"",""CERTIFIED"",""CERTIFIED"",""CERTIFIED"",""CERTIFIED"",""CERTIFIED"",""CERTIFIED"",""CERTIFIED"",""CERTIFIED"",""CERTIFIED"",""CERTIFIED"",""CERTIFIED"",""CERTIFIED"",""CERTIFIED"",""CERTIFIED"",""CERTIFIED"",""CERTIFIED"",""CERTIFIED""]","[null,null,null,null,null,null,null,null,null,null,null,null,null,null,null,null,null,null,null,null,null,null,null,null]",,/data1/Kane/ACT/audit_results/r93_rerun_20260525T083118Z/malbeware_R93/per_instance_malbeware_20260525T034800812351Z.json
cpu,108,UNKNOWN,UNKNOWN,UNKNOWN,UNKNOWN,500.578,,False,,PASSED,,onnx/malware_malimg_family_scaled_16-25.onnx,vnnlib/malbeware_family-Yuner.A_label-24_eps-3_idx-120.vnnlib,"[""UNSAT"",""UNSAT"",""UNSAT"",""UNSAT"",""UNSAT"",""UNKNOWN"",""UNSAT"",""UNSAT"",""UNSAT"",""UNSAT"",""UNSAT"",""UNSAT"",""UNSAT"",""UNSAT"",""UNSAT"",""UNSAT"",""UNSAT"",""UNSAT"",""UNSAT"",""UNSAT"",""UNSAT"",""UNSAT"",""UNSAT"",""UNSAT""]","[""CERTIFIED"",""CERTIFIED"",""CERTIFIED"",""CERTIFIED"",""CERTIFIED"",""UNKNOWN"",""CERTIFIED"",""CERTIFIED"",""CERTIFIED"",""CERTIFIED"",""CERTIFIED"",""CERTIFIED"",""CERTIFIED"",""CERTIFIED"",""CERTIFIED"",""CERTIFIED"",""CERTIFIED"",""CERTIFIED"",""CERTIFIED"",""CERTIFIED"",""CERTIFIED"",""CERTIFIED"",""CERTIFIED"",""CERTIFIED""]","[null,null,null,null,null,null,null,null,null,null,null,null,null,null,null,null,null,null,null,null,null,null,null,null]",,/data1/Kane/ACT/audit_results/r93_rerun_20260525T083118Z/malbeware_R93/per_instance_malbeware_20260525T034800812351Z.json
cpu,109,FALSIFIED,SAT,FALSIFIED,FALSIFIED,153.562,,False,,PASSED,,onnx/malware_malimg_family_scaled_16-25.onnx,vnnlib/malbeware_family-Swizzor.gen!E_label-20_eps-3_idx-102.vnnlib,"[""UNSAT"",""UNSAT"",""UNSAT"",""UNKNOWN"",""UNSAT"",""UNSAT"",""UNKNOWN"",""SAT""]","[""CERTIFIED"",""CERTIFIED"",""CERTIFIED"",""UNKNOWN"",""CERTIFIED"",""CERTIFIED"",""UNKNOWN"",""FALSIFIED""]","[null,null,null,null,null,null,null,""/data1/Kane/ACT/audit_results/r93_rerun_20260525T083118Z/malbeware_R93/malbeware_109_q7_hz_walker_lp_0.json""]",,/data1/Kane/ACT/audit_results/r93_rerun_20260525T083118Z/malbeware_R93/per_instance_malbeware_20260525T034800812351Z.json
cpu,11,CERTIFIED,UNSAT,CERTIFIED,CERTIFIED,3.101,,False,,PASSED,,onnx/malware_malimg_family_scaled_linear-25.onnx,vnnlib/malbeware_family-Skintrim.N_label-19_eps-1_idx-96.vnnlib,"[""UNSAT"",""UNSAT"",""UNSAT"",""UNSAT"",""UNSAT"",""UNSAT"",""UNSAT"",""UNSAT"",""UNSAT"",""UNSAT"",""UNSAT"",""UNSAT"",""UNSAT"",""UNSAT"",""UNSAT"",""UNSAT"",""UNSAT"",""UNSAT"",""UNSAT"",""UNSAT"",""UNSAT"",""UNSAT"",""UNSAT"",""UNSAT""]","[""CERTIFIED"",""CERTIFIED"",""CERTIFIED"",""CERTIFIED"",""CERTIFIED"",""CERTIFIED"",""CERTIFIED"",""CERTIFIED"",""CERTIFIED"",""CERTIFIED"",""CERTIFIED"",""CERTIFIED"",""CERTIFIED"",""CERTIFIED"",""CERTIFIED"",""CERTIFIED"",""CERTIFIED"",""CERTIFIED"",""CERTIFIED"",""CERTIFIED"",""CERTIFIED"",""CERTIFIED"",""CERTIFIED"",""CERTIFIED""]","[null,null,null,null,null,null,null,null,null,null,null,null,null,null,null,null,null,null,null,null,null,null,null,null]",,/data1/Kane/ACT/audit_results/r93_rerun_20260525T083118Z/malbeware_R93/per_instance_malbeware_20260525T034800812351Z.json
cpu,110,CERTIFIED,UNSAT,CERTIFIED,CERTIFIED,356.216,,False,,PASSED,,onnx/malware_malimg_family_scaled_16-25.onnx,vnnlib/malbeware_family-Lolyda.AA1_label-12_eps-3_idx-60.vnnlib,"[""UNSAT"",""UNSAT"",""UNSAT"",""UNSAT"",""UNSAT"",""UNSAT"",""UNSAT"",""UNSAT"",""UNSAT"",""UNSAT"",""UNSAT"",""UNSAT"",""UNSAT"",""UNSAT"",""UNSAT"",""UNSAT"",""UNSAT"",""UNSAT"",""UNSAT"",""UNSAT"",""UNSAT"",""UNSAT"",""UNSAT"",""UNSAT""]","[""CERTIFIED"",""CERTIFIED"",""CERTIFIED"",""CERTIFIED"",""CERTIFIED"",""CERTIFIED"",""CERTIFIED"",""CERTIFIED"",""CERTIFIED"",""CERTIFIED"",""CERTIFIED"",""CERTIFIED"",""CERTIFIED"",""CERTIFIED"",""CERTIFIED"",""CERTIFIED"",""CERTIFIED"",""CERTIFIED"",""CERTIFIED"",""CERTIFIED"",""CERTIFIED"",""CERTIFIED"",""CERTIFIED"",""CERTIFIED""]","[null,null,null,null,null,null,null,null,null,null,null,null,null,null,null,null,null,null,null,null,null,null,null,null]",,/data1/Kane/ACT/audit_results/r93_rerun_20260525T083118Z/malbeware_R93/per_instance_malbeware_20260525T034800812351Z.json
cpu,111,CERTIFIED,UNSAT,CERTIFIED,CERTIFIED,330.765,,False,,PASSED,,onnx/malware_malimg_family_scaled_16-25.onnx,vnnlib/malbeware_family-Skintrim.N_label-19_eps-1_idx-96.vnnlib,"[""UNSAT"",""UNSAT"",""UNSAT"",""UNSAT"",""UNSAT"",""UNSAT"",""UNSAT"",""UNSAT"",""UNSAT"",""UNSAT"",""UNSAT"",""UNSAT"",""UNSAT"",""UNSAT"",""UNSAT"",""UNSAT"",""UNSAT"",""UNSAT"",""UNSAT"",""UNSAT"",""UNSAT"",""UNSAT"",""UNSAT"",""UNSAT""]","[""CERTIFIED"",""CERTIFIED"",""CERTIFIED"",""CERTIFIED"",""CERTIFIED"",""CERTIFIED"",""CERTIFIED"",""CERTIFIED"",""CERTIFIED"",""CERTIFIED"",""CERTIFIED"",""CERTIFIED"",""CERTIFIED"",""CERTIFIED"",""CERTIFIED"",""CERTIFIED"",""CERTIFIED"",""CERTIFIED"",""CERTIFIED"",""CERTIFIED"",""CERTIFIED"",""CERTIFIED"",""CERTIFIED"",""CERTIFIED""]","[null,null,null,null,null,null,null,null,null,null,null,null,null,null,null,null,null,null,null,null,null,null,null,null]",,/data1/Kane/ACT/audit_results/r93_rerun_20260525T083118Z/malbeware_R93/per_instance_malbeware_20260525T034800812351Z.json
cpu,112,FALSIFIED,SAT,FALSIFIED,FALSIFIED,127.338,,False,,PASSED,,onnx/malware_malimg_family_scaled_16-25.onnx,vnnlib/malbeware_family-Fakerean_label-10_eps-3_idx-54.vnnlib,"[""UNSAT"",""UNSAT"",""UNSAT"",""UNSAT"",""UNSAT"",""UNSAT"",""UNSAT"",""SAT""]","[""CERTIFIED"",""CERTIFIED"",""CERTIFIED"",""CERTIFIED"",""CERTIFIED"",""CERTIFIED"",""CERTIFIED"",""FALSIFIED""]","[null,null,null,null,null,null,null,""/data1/Kane/ACT/audit_results/r93_rerun_20260525T083118Z/malbeware_R93/malbeware_112_q7_hz_walker_lp_0.json""]",,/data1/Kane/ACT/audit_results/r93_rerun_20260525T083118Z/malbeware_R93/per_instance_malbeware_20260525T034800812351Z.json
cpu,113,CERTIFIED,UNSAT,CERTIFIED,CERTIFIED,358.06,,False,,PASSED,,onnx/malware_malimg_family_scaled_16-25.onnx,vnnlib/malbeware_family-Allaple.L_label-3_eps-2_idx-16.vnnlib,"[""UNSAT"",""UNSAT"",""UNSAT"",""UNSAT"",""UNSAT"",""UNSAT"",""UNSAT"",""UNSAT"",""UNSAT"",""UNSAT"",""UNSAT"",""UNSAT"",""UNSAT"",""UNSAT"",""UNSAT"",""UNSAT"",""UNSAT"",""UNSAT"",""UNSAT"",""UNSAT"",""UNSAT"",""UNSAT"",""UNSAT"",""UNSAT""]","[""CERTIFIED"",""CERTIFIED"",""CERTIFIED"",""CERTIFIED"",""CERTIFIED"",""CERTIFIED"",""CERTIFIED"",""CERTIFIED"",""CERTIFIED"",""CERTIFIED"",""CERTIFIED"",""CERTIFIED"",""CERTIFIED"",""CERTIFIED"",""CERTIFIED"",""CERTIFIED"",""CERTIFIED"",""CERTIFIED"",""CERTIFIED"",""CERTIFIED"",""CERTIFIED"",""CERTIFIED"",""CERTIFIED"",""CERTIFIED""]","[null,null,null,null,null,null,null,null,null,null,null,null,null,null,null,null,null,null,null,null,null,null,null,null]",,/data1/Kane/ACT/audit_results/r93_rerun_20260525T083118Z/malbeware_R93/per_instance_malbeware_20260525T034800812351Z.json
cpu,114,CERTIFIED,UNSAT,CERTIFIED,CERTIFIED,311.742,,False,,PASSED,,onnx/malware_malimg_family_scaled_16-25.onnx,vnnlib/malbeware_family-Adialer.C_label-0_eps-1_idx-4.vnnlib,"[""UNSAT"",""UNSAT"",""UNSAT"",""UNSAT"",""UNSAT"",""UNSAT"",""UNSAT"",""UNSAT"",""UNSAT"",""UNSAT"",""UNSAT"",""UNSAT"",""UNSAT"",""UNSAT"",""UNSAT"",""UNSAT"",""UNSAT"",""UNSAT"",""UNSAT"",""UNSAT"",""UNSAT"",""UNSAT"",""UNSAT"",""UNSAT""]","[""CERTIFIED"",""CERTIFIED"",""CERTIFIED"",""CERTIFIED"",""CERTIFIED"",""CERTIFIED"",""CERTIFIED"",""CERTIFIED"",""CERTIFIED"",""CERTIFIED"",""CERTIFIED"",""CERTIFIED"",""CERTIFIED"",""CERTIFIED"",""CERTIFIED"",""CERTIFIED"",""CERTIFIED"",""CERTIFIED"",""CERTIFIED"",""CERTIFIED"",""CERTIFIED"",""CERTIFIED"",""CERTIFIED"",""CERTIFIED""]","[null,null,null,null,null,null,null,null,null,null,null,null,null,null,null,null,null,null,null,null,null,null,null,null]",,/data1/Kane/ACT/audit_results/r93_rerun_20260525T083118Z/malbeware_R93/per_instance_malbeware_20260525T034800812351Z.json
cpu,115,UNKNOWN,UNKNOWN,UNKNOWN,UNKNOWN,486.523,,False,,PASSED,,onnx/malware_malimg_family_scaled_16-25.onnx,vnnlib/malbeware_family-Wintrim.BX_label-23_eps-3_idx-119.vnnlib,"[""UNSAT"",""UNSAT"",""UNKNOWN"",""UNSAT"",""UNSAT"",""UNSAT"",""UNSAT"",""UNKNOWN"",""UNSAT"",""UNSAT"",""UNSAT"",""UNSAT"",""UNSAT"",""UNSAT"",""UNSAT"",""UNSAT"",""UNSAT"",""UNSAT"",""UNSAT"",""UNSAT"",""UNSAT"",""UNSAT"",""UNSAT"",""UNSAT""]","[""CERTIFIED"",""CERTIFIED"",""UNKNOWN"",""CERTIFIED"",""CERTIFIED"",""CERTIFIED"",""CERTIFIED"",""UNKNOWN"",""CERTIFIED"",""CERTIFIED"",""CERTIFIED"",""CERTIFIED"",""CERTIFIED"",""CERTIFIED"",""CERTIFIED"",""CERTIFIED"",""CERTIFIED"",""CERTIFIED"",""CERTIFIED"",""CERTIFIED"",""CERTIFIED"",""CERTIFIED"",""CERTIFIED"",""CERTIFIED""]","[null,null,null,null,null,null,null,null,null,null,null,null,null,null,null,null,null,null,null,null,null,null,null,null]",,/data1/Kane/ACT/audit_results/r93_rerun_20260525T083118Z/malbeware_R93/per_instance_malbeware_20260525T034800812351Z.json
cpu,116,CERTIFIED,UNSAT,CERTIFIED,CERTIFIED,447.207,,False,,PASSED,,onnx/malware_malimg_family_scaled_16-25.onnx,vnnlib/malbeware_family-Rbotigen_label-18_eps-2_idx-94.vnnlib,"[""UNSAT"",""UNSAT"",""UNSAT"",""UNSAT"",""UNSAT"",""UNSAT"",""UNSAT"",""UNSAT"",""UNSAT"",""UNSAT"",""UNSAT"",""UNSAT"",""UNSAT"",""UNSAT"",""UNSAT"",""UNSAT"",""UNSAT"",""UNSAT"",""UNSAT"",""UNSAT"",""UNSAT"",""UNSAT"",""UNSAT"",""UNSAT""]","[""CERTIFIED"",""CERTIFIED"",""CERTIFIED"",""CERTIFIED"",""CERTIFIED"",""CERTIFIED"",""CERTIFIED"",""CERTIFIED"",""CERTIFIED"",""CERTIFIED"",""CERTIFIED"",""CERTIFIED"",""CERTIFIED"",""CERTIFIED"",""CERTIFIED"",""CERTIFIED"",""CERTIFIED"",""CERTIFIED"",""CERTIFIED"",""CERTIFIED"",""CERTIFIED"",""CERTIFIED"",""CERTIFIED"",""CERTIFIED""]","[null,null,null,null,null,null,null,null,null,null,null,null,null,null,null,null,null,null,null,null,null,null,null,null]",,/data1/Kane/ACT/audit_results/r93_rerun_20260525T083118Z/malbeware_R93/per_instance_malbeware_20260525T034800812351Z.json
cpu,117,CERTIFIED,UNSAT,CERTIFIED,CERTIFIED,361.655,,False,,PASSED,,onnx/malware_malimg_family_scaled_16-25.onnx,vnnlib/malbeware_family-Obfuscator.AD_label-17_eps-2_idx-87.vnnlib,"[""UNSAT"",""UNSAT"",""UNSAT"",""UNSAT"",""UNSAT"",""UNSAT"",""UNSAT"",""UNSAT"",""UNSAT"",""UNSAT"",""UNSAT"",""UNSAT"",""UNSAT"",""UNSAT"",""UNSAT"",""UNSAT"",""UNSAT"",""UNSAT"",""UNSAT"",""UNSAT"",""UNSAT"",""UNSAT"",""UNSAT"",""UNSAT""]","[""CERTIFIED"",""CERTIFIED"",""CERTIFIED"",""CERTIFIED"",""CERTIFIED"",""CERTIFIED"",""CERTIFIED"",""CERTIFIED"",""CERTIFIED"",""CERTIFIED"",""CERTIFIED"",""CERTIFIED"",""CERTIFIED"",""CERTIFIED"",""CERTIFIED"",""CERTIFIED"",""CERTIFIED"",""CERTIFIED"",""CERTIFIED"",""CERTIFIED"",""CERTIFIED"",""CERTIFIED"",""CERTIFIED"",""CERTIFIED""]","[null,null,null,null,null,null,null,null,null,null,null,null,null,null,null,null,null,null,null,null,null,null,null,null]",,/data1/Kane/ACT/audit_results/r93_rerun_20260525T083118Z/malbeware_R93/per_instance_malbeware_20260525T034800812351Z.json
cpu,118,CERTIFIED,UNSAT,CERTIFIED,CERTIFIED,160.218,,False,,PASSED,,onnx/malware_malimg_family_scaled_16-25.onnx,vnnlib/malbeware_family-Lolyda.AA3_label-14_eps-1_idx-71.vnnlib,"[""UNSAT"",""UNSAT"",""UNSAT"",""UNSAT"",""UNSAT"",""UNSAT"",""UNSAT"",""UNSAT"",""UNSAT"",""UNSAT"",""UNSAT"",""UNSAT"",""UNSAT"",""UNSAT"",""UNSAT"",""UNSAT"",""UNSAT"",""UNSAT"",""UNSAT"",""UNSAT"",""UNSAT"",""UNSAT"",""UNSAT"",""UNSAT""]","[""CERTIFIED"",""CERTIFIED"",""CERTIFIED"",""CERTIFIED"",""CERTIFIED"",""CERTIFIED"",""CERTIFIED"",""CERTIFIED"",""CERTIFIED"",""CERTIFIED"",""CERTIFIED"",""CERTIFIED"",""CERTIFIED"",""CERTIFIED"",""CERTIFIED"",""CERTIFIED"",""CERTIFIED"",""CERTIFIED"",""CERTIFIED"",""CERTIFIED"",""CERTIFIED"",""CERTIFIED"",""CERTIFIED"",""CERTIFIED""]","[null,null,null,null,null,null,null,null,null,null,null,null,null,null,null,null,null,null,null,null,null,null,null,null]",,/data1/Kane/ACT/audit_results/r93_rerun_20260525T083118Z/malbeware_R93/per_instance_malbeware_20260525T034800812351Z.json
cpu,119,CERTIFIED,UNSAT,CERTIFIED,CERTIFIED,297.348,,False,,PASSED,,onnx/malware_malimg_family_scaled_16-25.onnx,vnnlib/malbeware_family-Malex.gen!J_label-16_eps-1_idx-84.vnnlib,"[""UNSAT"",""UNSAT"",""UNSAT"",""UNSAT"",""UNSAT"",""UNSAT"",""UNSAT"",""UNSAT"",""UNSAT"",""UNSAT"",""UNSAT"",""UNSAT"",""UNSAT"",""UNSAT"",""UNSAT"",""UNSAT"",""UNSAT"",""UNSAT"",""UNSAT"",""UNSAT"",""UNSAT"",""UNSAT"",""UNSAT"",""UNSAT""]","[""CERTIFIED"",""CERTIFIED"",""CERTIFIED"",""CERTIFIED"",""CERTIFIED"",""CERTIFIED"",""CERTIFIED"",""CERTIFIED"",""CERTIFIED"",""CERTIFIED"",""CERTIFIED"",""CERTIFIED"",""CERTIFIED"",""CERTIFIED"",""CERTIFIED"",""CERTIFIED"",""CERTIFIED"",""CERTIFIED"",""CERTIFIED"",""CERTIFIED"",""CERTIFIED"",""CERTIFIED"",""CERTIFIED"",""CERTIFIED""]","[null,null,null,null,null,null,null,null,null,null,null,null,null,null,null,null,null,null,null,null,null,null,null,null]",,/data1/Kane/ACT/audit_results/r93_rerun_20260525T083118Z/malbeware_R93/per_instance_malbeware_20260525T034800812351Z.json
cpu,12,CERTIFIED,UNSAT,CERTIFIED,CERTIFIED,3.127,,False,,PASSED,,onnx/malware_malimg_family_scaled_linear-25.onnx,vnnlib/malbeware_family-Fakerean_label-10_eps-3_idx-54.vnnlib,"[""UNSAT"",""UNSAT"",""UNSAT"",""UNSAT"",""UNSAT"",""UNSAT"",""UNSAT"",""UNSAT"",""UNSAT"",""UNSAT"",""UNSAT"",""UNSAT"",""UNSAT"",""UNSAT"",""UNSAT"",""UNSAT"",""UNSAT"",""UNSAT"",""UNSAT"",""UNSAT"",""UNSAT"",""UNSAT"",""UNSAT"",""UNSAT""]","[""CERTIFIED"",""CERTIFIED"",""CERTIFIED"",""CERTIFIED"",""CERTIFIED"",""CERTIFIED"",""CERTIFIED"",""CERTIFIED"",""CERTIFIED"",""CERTIFIED"",""CERTIFIED"",""CERTIFIED"",""CERTIFIED"",""CERTIFIED"",""CERTIFIED"",""CERTIFIED"",""CERTIFIED"",""CERTIFIED"",""CERTIFIED"",""CERTIFIED"",""CERTIFIED"",""CERTIFIED"",""CERTIFIED"",""CERTIFIED""]","[null,null,null,null,null,null,null,null,null,null,null,null,null,null,null,null,null,null,null,null,null,null,null,null]",,/data1/Kane/ACT/audit_results/r93_rerun_20260525T083118Z/malbeware_R93/per_instance_malbeware_20260525T034800812351Z.json
cpu,120,CERTIFIED,UNSAT,CERTIFIED,CERTIFIED,254.781,,False,,PASSED,,onnx/malware_malimg_family_scaled_16-25.onnx,vnnlib/malbeware_family-Dontovo.A_label-9_eps-1_idx-48.vnnlib,"[""UNSAT"",""UNSAT"",""UNSAT"",""UNSAT"",""UNSAT"",""UNSAT"",""UNSAT"",""UNSAT"",""UNSAT"",""UNSAT"",""UNSAT"",""UNSAT"",""UNSAT"",""UNSAT"",""UNSAT"",""UNSAT"",""UNSAT"",""UNSAT"",""UNSAT"",""UNSAT"",""UNSAT"",""UNSAT"",""UNSAT"",""UNSAT""]","[""CERTIFIED"",""CERTIFIED"",""CERTIFIED"",""CERTIFIED"",""CERTIFIED"",""CERTIFIED"",""CERTIFIED"",""CERTIFIED"",""CERTIFIED"",""CERTIFIED"",""CERTIFIED"",""CERTIFIED"",""CERTIFIED"",""CERTIFIED"",""CERTIFIED"",""CERTIFIED"",""CERTIFIED"",""CERTIFIED"",""CERTIFIED"",""CERTIFIED"",""CERTIFIED"",""CERTIFIED"",""CERTIFIED"",""CERTIFIED""]","[null,null,null,null,null,null,null,null,null,null,null,null,null,null,null,null,null,null,null,null,null,null,null,null]",,/data1/Kane/ACT/audit_results/r93_rerun_20260525T083118Z/malbeware_R93/per_instance_malbeware_20260525T034800812351Z.json
cpu,121,FALSIFIED,SAT,FALSIFIED,FALSIFIED,155.72,,False,,PASSED,,onnx/malware_malimg_family_scaled_16-25.onnx,vnnlib/malbeware_family-Swizzor.gen!E_label-20_eps-3_idx-100.vnnlib,"[""UNSAT"",""UNSAT"",""UNSAT"",""UNSAT"",""UNSAT"",""UNSAT"",""UNSAT"",""SAT""]","[""CERTIFIED"",""CERTIFIED"",""CERTIFIED"",""CERTIFIED"",""CERTIFIED"",""CERTIFIED"",""CERTIFIED"",""FALSIFIED""]","[null,null,null,null,null,null,null,""/data1/Kane/ACT/audit_results/r93_rerun_20260525T083118Z/malbeware_R93/malbeware_121_q7_hz_walker_lp_0.json""]",,/data1/Kane/ACT/audit_results/r93_rerun_20260525T083118Z/malbeware_R93/per_instance_malbeware_20260525T034800812351Z.json
cpu,122,CERTIFIED,UNSAT,CERTIFIED,CERTIFIED,396.568,,False,,PASSED,,onnx/malware_malimg_family_scaled_16-25.onnx,vnnlib/malbeware_family-Wintrim.BX_label-23_eps-2_idx-117.vnnlib,"[""UNSAT"",""UNSAT"",""UNSAT"",""UNSAT"",""UNSAT"",""UNSAT"",""UNSAT"",""UNSAT"",""UNSAT"",""UNSAT"",""UNSAT"",""UNSAT"",""UNSAT"",""UNSAT"",""UNSAT"",""UNSAT"",""UNSAT"",""UNSAT"",""UNSAT"",""UNSAT"",""UNSAT"",""UNSAT"",""UNSAT"",""UNSAT""]","[""CERTIFIED"",""CERTIFIED"",""CERTIFIED"",""CERTIFIED"",""CERTIFIED"",""CERTIFIED"",""CERTIFIED"",""CERTIFIED"",""CERTIFIED"",""CERTIFIED"",""CERTIFIED"",""CERTIFIED"",""CERTIFIED"",""CERTIFIED"",""CERTIFIED"",""CERTIFIED"",""CERTIFIED"",""CERTIFIED"",""CERTIFIED"",""CERTIFIED"",""CERTIFIED"",""CERTIFIED"",""CERTIFIED"",""CERTIFIED""]","[null,null,null,null,null,null,null,null,null,null,null,null,null,null,null,null,null,null,null,null,null,null,null,null]",,/data1/Kane/ACT/audit_results/r93_rerun_20260525T083118Z/malbeware_R93/per_instance_malbeware_20260525T034800812351Z.json
cpu,123,CERTIFIED,UNSAT,CERTIFIED,CERTIFIED,314.052,,False,,PASSED,,onnx/malware_malimg_family_scaled_16-25.onnx,vnnlib/malbeware_family-Autorun.K_label-5_eps-1_idx-25.vnnlib,"[""UNSAT"",""UNSAT"",""UNSAT"",""UNSAT"",""UNSAT"",""UNSAT"",""UNSAT"",""UNSAT"",""UNSAT"",""UNSAT"",""UNSAT"",""UNSAT"",""UNSAT"",""UNSAT"",""UNSAT"",""UNSAT"",""UNSAT"",""UNSAT"",""UNSAT"",""UNSAT"",""UNSAT"",""UNSAT"",""UNSAT"",""UNSAT""]","[""CERTIFIED"",""CERTIFIED"",""CERTIFIED"",""CERTIFIED"",""CERTIFIED"",""CERTIFIED"",""CERTIFIED"",""CERTIFIED"",""CERTIFIED"",""CERTIFIED"",""CERTIFIED"",""CERTIFIED"",""CERTIFIED"",""CERTIFIED"",""CERTIFIED"",""CERTIFIED"",""CERTIFIED"",""CERTIFIED"",""CERTIFIED"",""CERTIFIED"",""CERTIFIED"",""CERTIFIED"",""CERTIFIED"",""CERTIFIED""]","[null,null,null,null,null,null,null,null,null,null,null,null,null,null,null,null,null,null,null,null,null,null,null,null]",,/data1/Kane/ACT/audit_results/r93_rerun_20260525T083118Z/malbeware_R93/per_instance_malbeware_20260525T034800812351Z.json
cpu,124,CERTIFIED,UNSAT,CERTIFIED,CERTIFIED,352.805,,False,,PASSED,,onnx/malware_malimg_family_scaled_16-25.onnx,vnnlib/malbeware_family-Lolyda.AA3_label-14_eps-3_idx-71.vnnlib,"[""UNSAT"",""UNSAT"",""UNSAT"",""UNSAT"",""UNSAT"",""UNSAT"",""UNSAT"",""UNSAT"",""UNSAT"",""UNSAT"",""UNSAT"",""UNSAT"",""UNSAT"",""UNSAT"",""UNSAT"",""UNSAT"",""UNSAT"",""UNSAT"",""UNSAT"",""UNSAT"",""UNSAT"",""UNSAT"",""UNSAT"",""UNSAT""]","[""CERTIFIED"",""CERTIFIED"",""CERTIFIED"",""CERTIFIED"",""CERTIFIED"",""CERTIFIED"",""CERTIFIED"",""CERTIFIED"",""CERTIFIED"",""CERTIFIED"",""CERTIFIED"",""CERTIFIED"",""CERTIFIED"",""CERTIFIED"",""CERTIFIED"",""CERTIFIED"",""CERTIFIED"",""CERTIFIED"",""CERTIFIED"",""CERTIFIED"",""CERTIFIED"",""CERTIFIED"",""CERTIFIED"",""CERTIFIED""]","[null,null,null,null,null,null,null,null,null,null,null,null,null,null,null,null,null,null,null,null,null,null,null,null]",,/data1/Kane/ACT/audit_results/r93_rerun_20260525T083118Z/malbeware_R93/per_instance_malbeware_20260525T034800812351Z.json
cpu,125,CERTIFIED,UNSAT,CERTIFIED,CERTIFIED,333.793,,False,,PASSED,,onnx/malware_malimg_family_scaled_16-25.onnx,vnnlib/malbeware_family-Agent.FYI_label-1_eps-3_idx-8.vnnlib,"[""UNSAT"",""UNSAT"",""UNSAT"",""UNSAT"",""UNSAT"",""UNSAT"",""UNSAT"",""UNSAT"",""UNSAT"",""UNSAT"",""UNSAT"",""UNSAT"",""UNSAT"",""UNSAT"",""UNSAT"",""UNSAT"",""UNSAT"",""UNSAT"",""UNSAT"",""UNSAT"",""UNSAT"",""UNSAT"",""UNSAT"",""UNSAT""]","[""CERTIFIED"",""CERTIFIED"",""CERTIFIED"",""CERTIFIED"",""CERTIFIED"",""CERTIFIED"",""CERTIFIED"",""CERTIFIED"",""CERTIFIED"",""CERTIFIED"",""CERTIFIED"",""CERTIFIED"",""CERTIFIED"",""CERTIFIED"",""CERTIFIED"",""CERTIFIED"",""CERTIFIED"",""CERTIFIED"",""CERTIFIED"",""CERTIFIED"",""CERTIFIED"",""CERTIFIED"",""CERTIFIED"",""CERTIFIED""]","[null,null,null,null,null,null,null,null,null,null,null,null,null,null,null,null,null,null,null,null,null,null,null,null]",,/data1/Kane/ACT/audit_results/r93_rerun_20260525T083118Z/malbeware_R93/per_instance_malbeware_20260525T034800812351Z.json
cpu,126,UNKNOWN,UNKNOWN,UNKNOWN,UNKNOWN,478.776,,False,,PASSED,,onnx/malware_malimg_family_scaled_16-25.onnx,vnnlib/malbeware_family-Allaple.A_label-2_eps-3_idx-12.vnnlib,"[""UNSAT"",""UNSAT"",""UNKNOWN"",""UNSAT"",""UNSAT"",""UNSAT"",""UNKNOWN"",""UNSAT"",""UNSAT"",""UNSAT"",""UNSAT"",""UNSAT"",""UNSAT"",""UNSAT"",""UNSAT"",""UNKNOWN"",""UNSAT"",""UNSAT"",""UNSAT"",""UNSAT"",""UNSAT"",""UNSAT"",""UNKNOWN"",""UNSAT""]","[""CERTIFIED"",""CERTIFIED"",""UNKNOWN"",""CERTIFIED"",""CERTIFIED"",""CERTIFIED"",""UNKNOWN"",""CERTIFIED"",""CERTIFIED"",""CERTIFIED"",""CERTIFIED"",""CERTIFIED"",""CERTIFIED"",""CERTIFIED"",""CERTIFIED"",""UNKNOWN"",""CERTIFIED"",""CERTIFIED"",""CERTIFIED"",""CERTIFIED"",""CERTIFIED"",""CERTIFIED"",""UNKNOWN"",""CERTIFIED""]","[null,null,null,null,null,null,null,null,null,null,null,null,null,null,null,null,null,null,null,null,null,null,null,null]",,/data1/Kane/ACT/audit_results/r93_rerun_20260525T083118Z/malbeware_R93/per_instance_malbeware_20260525T034800812351Z.json
cpu,127,CERTIFIED,UNSAT,CERTIFIED,CERTIFIED,327.656,,False,,PASSED,,onnx/malware_malimg_family_scaled_16-25.onnx,vnnlib/malbeware_family-Lolyda.AA2_label-13_eps-2_idx-68.vnnlib,"[""UNSAT"",""UNSAT"",""UNSAT"",""UNSAT"",""UNSAT"",""UNSAT"",""UNSAT"",""UNSAT"",""UNSAT"",""UNSAT"",""UNSAT"",""UNSAT"",""UNSAT"",""UNSAT"",""UNSAT"",""UNSAT"",""UNSAT"",""UNSAT"",""UNSAT"",""UNSAT"",""UNSAT"",""UNSAT"",""UNSAT"",""UNSAT""]","[""CERTIFIED"",""CERTIFIED"",""CERTIFIED"",""CERTIFIED"",""CERTIFIED"",""CERTIFIED"",""CERTIFIED"",""CERTIFIED"",""CERTIFIED"",""CERTIFIED"",""CERTIFIED"",""CERTIFIED"",""CERTIFIED"",""CERTIFIED"",""CERTIFIED"",""CERTIFIED"",""CERTIFIED"",""CERTIFIED"",""CERTIFIED"",""CERTIFIED"",""CERTIFIED"",""CERTIFIED"",""CERTIFIED"",""CERTIFIED""]","[null,null,null,null,null,null,null,null,null,null,null,null,null,null,null,null,null,null,null,null,null,null,null,null]",,/data1/Kane/ACT/audit_results/r93_rerun_20260525T083118Z/malbeware_R93/per_instance_malbeware_20260525T034800812351Z.json
cpu,128,CERTIFIED,UNSAT,CERTIFIED,CERTIFIED,266.163,,False,,PASSED,,onnx/malware_malimg_family_scaled_16-25.onnx,vnnlib/malbeware_family-Lolyda.AA2_label-13_eps-1_idx-66.vnnlib,"[""UNSAT"",""UNSAT"",""UNSAT"",""UNSAT"",""UNSAT"",""UNSAT"",""UNSAT"",""UNSAT"",""UNSAT"",""UNSAT"",""UNSAT"",""UNSAT"",""UNSAT"",""UNSAT"",""UNSAT"",""UNSAT"",""UNSAT"",""UNSAT"",""UNSAT"",""UNSAT"",""UNSAT"",""UNSAT"",""UNSAT"",""UNSAT""]","[""CERTIFIED"",""CERTIFIED"",""CERTIFIED"",""CERTIFIED"",""CERTIFIED"",""CERTIFIED"",""CERTIFIED"",""CERTIFIED"",""CERTIFIED"",""CERTIFIED"",""CERTIFIED"",""CERTIFIED"",""CERTIFIED"",""CERTIFIED"",""CERTIFIED"",""CERTIFIED"",""CERTIFIED"",""CERTIFIED"",""CERTIFIED"",""CERTIFIED"",""CERTIFIED"",""CERTIFIED"",""CERTIFIED"",""CERTIFIED""]","[null,null,null,null,null,null,null,null,null,null,null,null,null,null,null,null,null,null,null,null,null,null,null,null]",,/data1/Kane/ACT/audit_results/r93_rerun_20260525T083118Z/malbeware_R93/per_instance_malbeware_20260525T034800812351Z.json
cpu,129,UNKNOWN,UNKNOWN,UNKNOWN,UNKNOWN,433.401,,False,,PASSED,,onnx/malware_malimg_family_scaled_16-25.onnx,vnnlib/malbeware_family-Autorun.K_label-5_eps-2_idx-29.vnnlib,"[""UNSAT"",""UNSAT"",""UNSAT"",""UNSAT"",""UNSAT"",""UNKNOWN"",""UNSAT"",""UNSAT"",""UNSAT"",""UNSAT"",""UNSAT"",""UNSAT"",""UNSAT"",""UNSAT"",""UNSAT"",""UNSAT"",""UNSAT"",""UNSAT"",""UNSAT"",""UNSAT"",""UNSAT"",""UNSAT"",""UNSAT"",""UNSAT""]","[""CERTIFIED"",""CERTIFIED"",""CERTIFIED"",""CERTIFIED"",""CERTIFIED"",""UNKNOWN"",""CERTIFIED"",""CERTIFIED"",""CERTIFIED"",""CERTIFIED"",""CERTIFIED"",""CERTIFIED"",""CERTIFIED"",""CERTIFIED"",""CERTIFIED"",""CERTIFIED"",""CERTIFIED"",""CERTIFIED"",""CERTIFIED"",""CERTIFIED"",""CERTIFIED"",""CERTIFIED"",""CERTIFIED"",""CERTIFIED""]","[null,null,null,null,null,null,null,null,null,null,null,null,null,null,null,null,null,null,null,null,null,null,null,null]",,/data1/Kane/ACT/audit_results/r93_rerun_20260525T083118Z/malbeware_R93/per_instance_malbeware_20260525T034800812351Z.json
cpu,13,CERTIFIED,UNSAT,CERTIFIED,CERTIFIED,3.035,,False,,PASSED,,onnx/malware_malimg_family_scaled_linear-25.onnx,vnnlib/malbeware_family-Allaple.L_label-3_eps-2_idx-16.vnnlib,"[""UNSAT"",""UNSAT"",""UNSAT"",""UNSAT"",""UNSAT"",""UNSAT"",""UNSAT"",""UNSAT"",""UNSAT"",""UNSAT"",""UNSAT"",""UNSAT"",""UNSAT"",""UNSAT"",""UNSAT"",""UNSAT"",""UNSAT"",""UNSAT"",""UNSAT"",""UNSAT"",""UNSAT"",""UNSAT"",""UNSAT"",""UNSAT""]","[""CERTIFIED"",""CERTIFIED"",""CERTIFIED"",""CERTIFIED"",""CERTIFIED"",""CERTIFIED"",""CERTIFIED"",""CERTIFIED"",""CERTIFIED"",""CERTIFIED"",""CERTIFIED"",""CERTIFIED"",""CERTIFIED"",""CERTIFIED"",""CERTIFIED"",""CERTIFIED"",""CERTIFIED"",""CERTIFIED"",""CERTIFIED"",""CERTIFIED"",""CERTIFIED"",""CERTIFIED"",""CERTIFIED"",""CERTIFIED""]","[null,null,null,null,null,null,null,null,null,null,null,null,null,null,null,null,null,null,null,null,null,null,null,null]",,/data1/Kane/ACT/audit_results/r93_rerun_20260525T083118Z/malbeware_R93/per_instance_malbeware_20260525T034800812351Z.json
cpu,130,CERTIFIED,UNSAT,CERTIFIED,CERTIFIED,282.046,,False,,PASSED,,onnx/malware_malimg_family_scaled_16-25.onnx,vnnlib/malbeware_family-Lolyda.AT_label-15_eps-1_idx-79.vnnlib,"[""UNSAT"",""UNSAT"",""UNSAT"",""UNSAT"",""UNSAT"",""UNSAT"",""UNSAT"",""UNSAT"",""UNSAT"",""UNSAT"",""UNSAT"",""UNSAT"",""UNSAT"",""UNSAT"",""UNSAT"",""UNSAT"",""UNSAT"",""UNSAT"",""UNSAT"",""UNSAT"",""UNSAT"",""UNSAT"",""UNSAT"",""UNSAT""]","[""CERTIFIED"",""CERTIFIED"",""CERTIFIED"",""CERTIFIED"",""CERTIFIED"",""CERTIFIED"",""CERTIFIED"",""CERTIFIED"",""CERTIFIED"",""CERTIFIED"",""CERTIFIED"",""CERTIFIED"",""CERTIFIED"",""CERTIFIED"",""CERTIFIED"",""CERTIFIED"",""CERTIFIED"",""CERTIFIED"",""CERTIFIED"",""CERTIFIED"",""CERTIFIED"",""CERTIFIED"",""CERTIFIED"",""CERTIFIED""]","[null,null,null,null,null,null,null,null,null,null,null,null,null,null,null,null,null,null,null,null,null,null,null,null]",,/data1/Kane/ACT/audit_results/r93_rerun_20260525T083118Z/malbeware_R93/per_instance_malbeware_20260525T034800812351Z.json
cpu,131,CERTIFIED,UNSAT,CERTIFIED,CERTIFIED,330.91,,False,,PASSED,,onnx/malware_malimg_family_scaled_16-25.onnx,vnnlib/malbeware_family-VB.AT_label-22_eps-2_idx-112.vnnlib,"[""UNSAT"",""UNSAT"",""UNSAT"",""UNSAT"",""UNSAT"",""UNSAT"",""UNSAT"",""UNSAT"",""UNSAT"",""UNSAT"",""UNSAT"",""UNSAT"",""UNSAT"",""UNSAT"",""UNSAT"",""UNSAT"",""UNSAT"",""UNSAT"",""UNSAT"",""UNSAT"",""UNSAT"",""UNSAT"",""UNSAT"",""UNSAT""]","[""CERTIFIED"",""CERTIFIED"",""CERTIFIED"",""CERTIFIED"",""CERTIFIED"",""CERTIFIED"",""CERTIFIED"",""CERTIFIED"",""CERTIFIED"",""CERTIFIED"",""CERTIFIED"",""CERTIFIED"",""CERTIFIED"",""CERTIFIED"",""CERTIFIED"",""CERTIFIED"",""CERTIFIED"",""CERTIFIED"",""CERTIFIED"",""CERTIFIED"",""CERTIFIED"",""CERTIFIED"",""CERTIFIED"",""CERTIFIED""]","[null,null,null,null,null,null,null,null,null,null,null,null,null,null,null,null,null,null,null,null,null,null,null,null]",,/data1/Kane/ACT/audit_results/r93_rerun_20260525T083118Z/malbeware_R93/per_instance_malbeware_20260525T034800812351Z.json
cpu,132,FALSIFIED,SAT,FALSIFIED,FALSIFIED,49.961,,False,,PASSED,,onnx/malware_malimg_family_scaled_16-25.onnx,vnnlib/malbeware_family-C2LOP.P_label-6_eps-2_idx-30.vnnlib,"[""UNSAT"",""UNSAT"",""SAT""]","[""CERTIFIED"",""CERTIFIED"",""FALSIFIED""]","[null,null,""/data1/Kane/ACT/audit_results/r93_rerun_20260525T083118Z/malbeware_R93/malbeware_132_q2_hz_walker_lp_0.json""]",,/data1/Kane/ACT/audit_results/r93_rerun_20260525T083118Z/malbeware_R93/per_instance_malbeware_20260525T034800812351Z.json
cpu,133,CERTIFIED,UNSAT,CERTIFIED,CERTIFIED,359.145,,False,,PASSED,,onnx/malware_malimg_family_scaled_16-25.onnx,vnnlib/malbeware_family-Instantaccess_label-11_eps-2_idx-57.vnnlib,"[""UNSAT"",""UNSAT"",""UNSAT"",""UNSAT"",""UNSAT"",""UNSAT"",""UNSAT"",""UNSAT"",""UNSAT"",""UNSAT"",""UNSAT"",""UNSAT"",""UNSAT"",""UNSAT"",""UNSAT"",""UNSAT"",""UNSAT"",""UNSAT"",""UNSAT"",""UNSAT"",""UNSAT"",""UNSAT"",""UNSAT"",""UNSAT""]","[""CERTIFIED"",""CERTIFIED"",""CERTIFIED"",""CERTIFIED"",""CERTIFIED"",""CERTIFIED"",""CERTIFIED"",""CERTIFIED"",""CERTIFIED"",""CERTIFIED"",""CERTIFIED"",""CERTIFIED"",""CERTIFIED"",""CERTIFIED"",""CERTIFIED"",""CERTIFIED"",""CERTIFIED"",""CERTIFIED"",""CERTIFIED"",""CERTIFIED"",""CERTIFIED"",""CERTIFIED"",""CERTIFIED"",""CERTIFIED""]","[null,null,null,null,null,null,null,null,null,null,null,null,null,null,null,null,null,null,null,null,null,null,null,null]",,/data1/Kane/ACT/audit_results/r93_rerun_20260525T083118Z/malbeware_R93/per_instance_malbeware_20260525T034800812351Z.json
cpu,134,CERTIFIED,UNSAT,CERTIFIED,CERTIFIED,252.286,,False,,PASSED,,onnx/malware_malimg_family_scaled_16-25.onnx,vnnlib/malbeware_family-Dialplatform.B_label-8_eps-1_idx-40.vnnlib,"[""UNSAT"",""UNSAT"",""UNSAT"",""UNSAT"",""UNSAT"",""UNSAT"",""UNSAT"",""UNSAT"",""UNSAT"",""UNSAT"",""UNSAT"",""UNSAT"",""UNSAT"",""UNSAT"",""UNSAT"",""UNSAT"",""UNSAT"",""UNSAT"",""UNSAT"",""UNSAT"",""UNSAT"",""UNSAT"",""UNSAT"",""UNSAT""]","[""CERTIFIED"",""CERTIFIED"",""CERTIFIED"",""CERTIFIED"",""CERTIFIED"",""CERTIFIED"",""CERTIFIED"",""CERTIFIED"",""CERTIFIED"",""CERTIFIED"",""CERTIFIED"",""CERTIFIED"",""CERTIFIED"",""CERTIFIED"",""CERTIFIED"",""CERTIFIED"",""CERTIFIED"",""CERTIFIED"",""CERTIFIED"",""CERTIFIED"",""CERTIFIED"",""CERTIFIED"",""CERTIFIED"",""CERTIFIED""]","[null,null,null,null,null,null,null,null,null,null,null,null,null,null,null,null,null,null,null,null,null,null,null,null]",,/data1/Kane/ACT/audit_results/r93_rerun_20260525T083118Z/malbeware_R93/per_instance_malbeware_20260525T034800812351Z.json
cpu,135,UNKNOWN,UNKNOWN,UNKNOWN,UNKNOWN,445.081,,False,,PASSED,,onnx/malware_malimg_family_scaled_16-25.onnx,vnnlib/malbeware_family-Malex.gen!J_label-16_eps-3_idx-82.vnnlib,"[""UNSAT"",""UNSAT"",""UNKNOWN"",""UNSAT"",""UNSAT"",""UNSAT"",""UNSAT"",""UNKNOWN"",""UNSAT"",""UNSAT"",""UNSAT"",""UNSAT"",""UNSAT"",""UNSAT"",""UNSAT"",""UNSAT"",""UNSAT"",""UNSAT"",""UNSAT"",""UNSAT"",""UNSAT"",""UNSAT"",""UNSAT"",""UNSAT""]","[""CERTIFIED"",""CERTIFIED"",""UNKNOWN"",""CERTIFIED"",""CERTIFIED"",""CERTIFIED"",""CERTIFIED"",""UNKNOWN"",""CERTIFIED"",""CERTIFIED"",""CERTIFIED"",""CERTIFIED"",""CERTIFIED"",""CERTIFIED"",""CERTIFIED"",""CERTIFIED"",""CERTIFIED"",""CERTIFIED"",""CERTIFIED"",""CERTIFIED"",""CERTIFIED"",""CERTIFIED"",""CERTIFIED"",""CERTIFIED""]","[null,null,null,null,null,null,null,null,null,null,null,null,null,null,null,null,null,null,null,null,null,null,null,null]",,/data1/Kane/ACT/audit_results/r93_rerun_20260525T083118Z/malbeware_R93/per_instance_malbeware_20260525T034800812351Z.json
cpu,136,CERTIFIED,UNSAT,CERTIFIED,CERTIFIED,313.144,,False,,PASSED,,onnx/malware_malimg_family_scaled_16-25.onnx,vnnlib/malbeware_family-Autorun.K_label-5_eps-1_idx-27.vnnlib,"[""UNSAT"",""UNSAT"",""UNSAT"",""UNSAT"",""UNSAT"",""UNSAT"",""UNSAT"",""UNSAT"",""UNSAT"",""UNSAT"",""UNSAT"",""UNSAT"",""UNSAT"",""UNSAT"",""UNSAT"",""UNSAT"",""UNSAT"",""UNSAT"",""UNSAT"",""UNSAT"",""UNSAT"",""UNSAT"",""UNSAT"",""UNSAT""]","[""CERTIFIED"",""CERTIFIED"",""CERTIFIED"",""CERTIFIED"",""CERTIFIED"",""CERTIFIED"",""CERTIFIED"",""CERTIFIED"",""CERTIFIED"",""CERTIFIED"",""CERTIFIED"",""CERTIFIED"",""CERTIFIED"",""CERTIFIED"",""CERTIFIED"",""CERTIFIED"",""CERTIFIED"",""CERTIFIED"",""CERTIFIED"",""CERTIFIED"",""CERTIFIED"",""CERTIFIED"",""CERTIFIED"",""CERTIFIED""]","[null,null,null,null,null,null,null,null,null,null,null,null,null,null,null,null,null,null,null,null,null,null,null,null]",,/data1/Kane/ACT/audit_results/r93_rerun_20260525T083118Z/malbeware_R93/per_instance_malbeware_20260525T034800812351Z.json
cpu,137,UNKNOWN,UNKNOWN,UNKNOWN,UNKNOWN,444.253,,False,,PASSED,,onnx/malware_malimg_family_scaled_16-25.onnx,vnnlib/malbeware_family-Allaple.L_label-3_eps-3_idx-16.vnnlib,"[""UNSAT"",""UNSAT"",""UNKNOWN"",""UNSAT"",""UNSAT"",""UNSAT"",""UNSAT"",""UNSAT"",""UNSAT"",""UNSAT"",""UNSAT"",""UNSAT"",""UNSAT"",""UNSAT"",""UNSAT"",""UNSAT"",""UNSAT"",""UNSAT"",""UNSAT"",""UNSAT"",""UNSAT"",""UNSAT"",""UNSAT"",""UNSAT""]","[""CERTIFIED"",""CERTIFIED"",""UNKNOWN"",""CERTIFIED"",""CERTIFIED"",""CERTIFIED"",""CERTIFIED"",""CERTIFIED"",""CERTIFIED"",""CERTIFIED"",""CERTIFIED"",""CERTIFIED"",""CERTIFIED"",""CERTIFIED"",""CERTIFIED"",""CERTIFIED"",""CERTIFIED"",""CERTIFIED"",""CERTIFIED"",""CERTIFIED"",""CERTIFIED"",""CERTIFIED"",""CERTIFIED"",""CERTIFIED""]","[null,null,null,null,null,null,null,null,null,null,null,null,null,null,null,null,null,null,null,null,null,null,null,null]",,/data1/Kane/ACT/audit_results/r93_rerun_20260525T083118Z/malbeware_R93/per_instance_malbeware_20260525T034800812351Z.json
cpu,138,CERTIFIED,UNSAT,CERTIFIED,CERTIFIED,296.979,,False,,PASSED,,onnx/malware_malimg_family_scaled_16-25.onnx,vnnlib/malbeware_family-Allaple.L_label-3_eps-1_idx-18.vnnlib,"[""UNSAT"",""UNSAT"",""UNSAT"",""UNSAT"",""UNSAT"",""UNSAT"",""UNSAT"",""UNSAT"",""UNSAT"",""UNSAT"",""UNSAT"",""UNSAT"",""UNSAT"",""UNSAT"",""UNSAT"",""UNSAT"",""UNSAT"",""UNSAT"",""UNSAT"",""UNSAT"",""UNSAT"",""UNSAT"",""UNSAT"",""UNSAT""]","[""CERTIFIED"",""CERTIFIED"",""CERTIFIED"",""CERTIFIED"",""CERTIFIED"",""CERTIFIED"",""CERTIFIED"",""CERTIFIED"",""CERTIFIED"",""CERTIFIED"",""CERTIFIED"",""CERTIFIED"",""CERTIFIED"",""CERTIFIED"",""CERTIFIED"",""CERTIFIED"",""CERTIFIED"",""CERTIFIED"",""CERTIFIED"",""CERTIFIED"",""CERTIFIED"",""CERTIFIED"",""CERTIFIED"",""CERTIFIED""]","[null,null,null,null,null,null,null,null,null,null,null,null,null,null,null,null,null,null,null,null,null,null,null,null]",,/data1/Kane/ACT/audit_results/r93_rerun_20260525T083118Z/malbeware_R93/per_instance_malbeware_20260525T034800812351Z.json
cpu,139,FALSIFIED,SAT,FALSIFIED,FALSIFIED,129.729,,False,,PASSED,,onnx/malware_malimg_family_scaled_16-25.onnx,vnnlib/malbeware_family-Swizzor.gen!E_label-20_eps-2_idx-104.vnnlib,"[""UNSAT"",""UNSAT"",""UNKNOWN"",""UNSAT"",""UNSAT"",""UNSAT"",""UNSAT"",""SAT""]","[""CERTIFIED"",""CERTIFIED"",""UNKNOWN"",""CERTIFIED"",""CERTIFIED"",""CERTIFIED"",""CERTIFIED"",""FALSIFIED""]","[null,null,null,null,null,null,null,""/data1/Kane/ACT/audit_results/r93_rerun_20260525T083118Z/malbeware_R93/malbeware_139_q7_hz_walker_lp_0.json""]",,/data1/Kane/ACT/audit_results/r93_rerun_20260525T083118Z/malbeware_R93/per_instance_malbeware_20260525T034800812351Z.json
cpu,14,CERTIFIED,UNSAT,CERTIFIED,CERTIFIED,3.136,,False,,PASSED,,onnx/malware_malimg_family_scaled_linear-25.onnx,vnnlib/malbeware_family-Adialer.C_label-0_eps-1_idx-4.vnnlib,"[""UNSAT"",""UNSAT"",""UNSAT"",""UNSAT"",""UNSAT"",""UNSAT"",""UNSAT"",""UNSAT"",""UNSAT"",""UNSAT"",""UNSAT"",""UNSAT"",""UNSAT"",""UNSAT"",""UNSAT"",""UNSAT"",""UNSAT"",""UNSAT"",""UNSAT"",""UNSAT"",""UNSAT"",""UNSAT"",""UNSAT"",""UNSAT""]","[""CERTIFIED"",""CERTIFIED"",""CERTIFIED"",""CERTIFIED"",""CERTIFIED"",""CERTIFIED"",""CERTIFIED"",""CERTIFIED"",""CERTIFIED"",""CERTIFIED"",""CERTIFIED"",""CERTIFIED"",""CERTIFIED"",""CERTIFIED"",""CERTIFIED"",""CERTIFIED"",""CERTIFIED"",""CERTIFIED"",""CERTIFIED"",""CERTIFIED"",""CERTIFIED"",""CERTIFIED"",""CERTIFIED"",""CERTIFIED""]","[null,null,null,null,null,null,null,null,null,null,null,null,null,null,null,null,null,null,null,null,null,null,null,null]",,/data1/Kane/ACT/audit_results/r93_rerun_20260525T083118Z/malbeware_R93/per_instance_malbeware_20260525T034800812351Z.json
cpu,140,CERTIFIED,UNSAT,CERTIFIED,CERTIFIED,382.952,,False,,PASSED,,onnx/malware_malimg_family_scaled_16-25.onnx,vnnlib/malbeware_family-VB.AT_label-22_eps-3_idx-111.vnnlib,"[""UNSAT"",""UNSAT"",""UNSAT"",""UNSAT"",""UNSAT"",""UNSAT"",""UNSAT"",""UNSAT"",""UNSAT"",""UNSAT"",""UNSAT"",""UNSAT"",""UNSAT"",""UNSAT"",""UNSAT"",""UNSAT"",""UNSAT"",""UNSAT"",""UNSAT"",""UNSAT"",""UNSAT"",""UNSAT"",""UNSAT"",""UNSAT""]","[""CERTIFIED"",""CERTIFIED"",""CERTIFIED"",""CERTIFIED"",""CERTIFIED"",""CERTIFIED"",""CERTIFIED"",""CERTIFIED"",""CERTIFIED"",""CERTIFIED"",""CERTIFIED"",""CERTIFIED"",""CERTIFIED"",""CERTIFIED"",""CERTIFIED"",""CERTIFIED"",""CERTIFIED"",""CERTIFIED"",""CERTIFIED"",""CERTIFIED"",""CERTIFIED"",""CERTIFIED"",""CERTIFIED"",""CERTIFIED""]","[null,null,null,null,null,null,null,null,null,null,null,null,null,null,null,null,null,null,null,null,null,null,null,null]",,/data1/Kane/ACT/audit_results/r93_rerun_20260525T083118Z/malbeware_R93/per_instance_malbeware_20260525T034800812351Z.json
cpu,141,CERTIFIED,UNSAT,CERTIFIED,CERTIFIED,412.082,,False,,PASSED,,onnx/malware_malimg_family_scaled_16-25.onnx,vnnlib/malbeware_family-Rbotigen_label-18_eps-2_idx-93.vnnlib,"[""UNSAT"",""UNSAT"",""UNSAT"",""UNSAT"",""UNSAT"",""UNSAT"",""UNSAT"",""UNSAT"",""UNSAT"",""UNSAT"",""UNSAT"",""UNSAT"",""UNSAT"",""UNSAT"",""UNSAT"",""UNSAT"",""UNSAT"",""UNSAT"",""UNSAT"",""UNSAT"",""UNSAT"",""UNSAT"",""UNSAT"",""UNSAT""]","[""CERTIFIED"",""CERTIFIED"",""CERTIFIED"",""CERTIFIED"",""CERTIFIED"",""CERTIFIED"",""CERTIFIED"",""CERTIFIED"",""CERTIFIED"",""CERTIFIED"",""CERTIFIED"",""CERTIFIED"",""CERTIFIED"",""CERTIFIED"",""CERTIFIED"",""CERTIFIED"",""CERTIFIED"",""CERTIFIED"",""CERTIFIED"",""CERTIFIED"",""CERTIFIED"",""CERTIFIED"",""CERTIFIED"",""CERTIFIED""]","[null,null,null,null,null,null,null,null,null,null,null,null,null,null,null,null,null,null,null,null,null,null,null,null]",,/data1/Kane/ACT/audit_results/r93_rerun_20260525T083118Z/malbeware_R93/per_instance_malbeware_20260525T034800812351Z.json
cpu,142,CERTIFIED,UNSAT,CERTIFIED,CERTIFIED,311.448,,False,,PASSED,,onnx/malware_malimg_family_scaled_16-25.onnx,vnnlib/malbeware_family-Lolyda.AT_label-15_eps-2_idx-76.vnnlib,"[""UNSAT"",""UNSAT"",""UNSAT"",""UNSAT"",""UNSAT"",""UNSAT"",""UNSAT"",""UNSAT"",""UNSAT"",""UNSAT"",""UNSAT"",""UNSAT"",""UNSAT"",""UNSAT"",""UNSAT"",""UNSAT"",""UNSAT"",""UNSAT"",""UNSAT"",""UNSAT"",""UNSAT"",""UNSAT"",""UNSAT"",""UNSAT""]","[""CERTIFIED"",""CERTIFIED"",""CERTIFIED"",""CERTIFIED"",""CERTIFIED"",""CERTIFIED"",""CERTIFIED"",""CERTIFIED"",""CERTIFIED"",""CERTIFIED"",""CERTIFIED"",""CERTIFIED"",""CERTIFIED"",""CERTIFIED"",""CERTIFIED"",""CERTIFIED"",""CERTIFIED"",""CERTIFIED"",""CERTIFIED"",""CERTIFIED"",""CERTIFIED"",""CERTIFIED"",""CERTIFIED"",""CERTIFIED""]","[null,null,null,null,null,null,null,null,null,null,null,null,null,null,null,null,null,null,null,null,null,null,null,null]",,/data1/Kane/ACT/audit_results/r93_rerun_20260525T083118Z/malbeware_R93/per_instance_malbeware_20260525T034800812351Z.json
cpu,143,FALSIFIED,SAT,FALSIFIED,FALSIFIED,63.614,,False,,PASSED,,onnx/malware_malimg_family_scaled_16-25.onnx,vnnlib/malbeware_family-C2LOP.P_label-6_eps-2_idx-31.vnnlib,"[""UNSAT"",""UNSAT"",""UNSAT"",""SAT""]","[""CERTIFIED"",""CERTIFIED"",""CERTIFIED"",""FALSIFIED""]","[null,null,null,""/data1/Kane/ACT/audit_results/r93_rerun_20260525T083118Z/malbeware_R93/malbeware_143_q3_hz_walker_lp_0.json""]",,/data1/Kane/ACT/audit_results/r93_rerun_20260525T083118Z/malbeware_R93/per_instance_malbeware_20260525T034800812351Z.json
cpu,144,FALSIFIED,SAT,FALSIFIED,FALSIFIED,44.562,,False,,PASSED,,onnx/malware_malimg_family_scaled_16-25.onnx,vnnlib/malbeware_family-Allaple.L_label-3_eps-2_idx-18.vnnlib,"[""UNSAT"",""UNSAT"",""SAT""]","[""CERTIFIED"",""CERTIFIED"",""FALSIFIED""]","[null,null,""/data1/Kane/ACT/audit_results/r93_rerun_20260525T083118Z/malbeware_R93/malbeware_144_q2_hz_walker_lp_0.json""]",,/data1/Kane/ACT/audit_results/r93_rerun_20260525T083118Z/malbeware_R93/per_instance_malbeware_20260525T034800812351Z.json
cpu,145,CERTIFIED,UNSAT,CERTIFIED,CERTIFIED,298.95,,False,,PASSED,,onnx/malware_malimg_family_scaled_16-25.onnx,vnnlib/malbeware_family-Autorun.K_label-5_eps-1_idx-28.vnnlib,"[""UNSAT"",""UNSAT"",""UNSAT"",""UNSAT"",""UNSAT"",""UNSAT"",""UNSAT"",""UNSAT"",""UNSAT"",""UNSAT"",""UNSAT"",""UNSAT"",""UNSAT"",""UNSAT"",""UNSAT"",""UNSAT"",""UNSAT"",""UNSAT"",""UNSAT"",""UNSAT"",""UNSAT"",""UNSAT"",""UNSAT"",""UNSAT""]","[""CERTIFIED"",""CERTIFIED"",""CERTIFIED"",""CERTIFIED"",""CERTIFIED"",""CERTIFIED"",""CERTIFIED"",""CERTIFIED"",""CERTIFIED"",""CERTIFIED"",""CERTIFIED"",""CERTIFIED"",""CERTIFIED"",""CERTIFIED"",""CERTIFIED"",""CERTIFIED"",""CERTIFIED"",""CERTIFIED"",""CERTIFIED"",""CERTIFIED"",""CERTIFIED"",""CERTIFIED"",""CERTIFIED"",""CERTIFIED""]","[null,null,null,null,null,null,null,null,null,null,null,null,null,null,null,null,null,null,null,null,null,null,null,null]",,/data1/Kane/ACT/audit_results/r93_rerun_20260525T083118Z/malbeware_R93/per_instance_malbeware_20260525T034800812351Z.json
cpu,146,CERTIFIED,UNSAT,CERTIFIED,CERTIFIED,359.432,,False,,PASSED,,onnx/malware_malimg_family_scaled_16-25.onnx,vnnlib/malbeware_family-Allaple.A_label-2_eps-2_idx-13.vnnlib,"[""UNSAT"",""UNSAT"",""UNSAT"",""UNSAT"",""UNSAT"",""UNSAT"",""UNSAT"",""UNSAT"",""UNSAT"",""UNSAT"",""UNSAT"",""UNSAT"",""UNSAT"",""UNSAT"",""UNSAT"",""UNSAT"",""UNSAT"",""UNSAT"",""UNSAT"",""UNSAT"",""UNSAT"",""UNSAT"",""UNSAT"",""UNSAT""]","[""CERTIFIED"",""CERTIFIED"",""CERTIFIED"",""CERTIFIED"",""CERTIFIED"",""CERTIFIED"",""CERTIFIED"",""CERTIFIED"",""CERTIFIED"",""CERTIFIED"",""CERTIFIED"",""CERTIFIED"",""CERTIFIED"",""CERTIFIED"",""CERTIFIED"",""CERTIFIED"",""CERTIFIED"",""CERTIFIED"",""CERTIFIED"",""CERTIFIED"",""CERTIFIED"",""CERTIFIED"",""CERTIFIED"",""CERTIFIED""]","[null,null,null,null,null,null,null,null,null,null,null,null,null,null,null,null,null,null,null,null,null,null,null,null]",,/data1/Kane/ACT/audit_results/r93_rerun_20260525T083118Z/malbeware_R93/per_instance_malbeware_20260525T034800812351Z.json
cpu,147,CERTIFIED,UNSAT,CERTIFIED,CERTIFIED,279.892,,False,,PASSED,,onnx/malware_malimg_family_scaled_16-25.onnx,vnnlib/malbeware_family-Alueron.gen!J_label-4_eps-1_idx-23.vnnlib,"[""UNSAT"",""UNSAT"",""UNSAT"",""UNSAT"",""UNSAT"",""UNSAT"",""UNSAT"",""UNSAT"",""UNSAT"",""UNSAT"",""UNSAT"",""UNSAT"",""UNSAT"",""UNSAT"",""UNSAT"",""UNSAT"",""UNSAT"",""UNSAT"",""UNSAT"",""UNSAT"",""UNSAT"",""UNSAT"",""UNSAT"",""UNSAT""]","[""CERTIFIED"",""CERTIFIED"",""CERTIFIED"",""CERTIFIED"",""CERTIFIED"",""CERTIFIED"",""CERTIFIED"",""CERTIFIED"",""CERTIFIED"",""CERTIFIED"",""CERTIFIED"",""CERTIFIED"",""CERTIFIED"",""CERTIFIED"",""CERTIFIED"",""CERTIFIED"",""CERTIFIED"",""CERTIFIED"",""CERTIFIED"",""CERTIFIED"",""CERTIFIED"",""CERTIFIED"",""CERTIFIED"",""CERTIFIED""]","[null,null,null,null,null,null,null,null,null,null,null,null,null,null,null,null,null,null,null,null,null,null,null,null]",,/data1/Kane/ACT/audit_results/r93_rerun_20260525T083118Z/malbeware_R93/per_instance_malbeware_20260525T034800812351Z.json
cpu,148,CERTIFIED,UNSAT,CERTIFIED,CERTIFIED,292.823,,False,,PASSED,,onnx/malware_malimg_family_scaled_16-25.onnx,vnnlib/malbeware_family-Dialplatform.B_label-8_eps-2_idx-43.vnnlib,"[""UNSAT"",""UNSAT"",""UNSAT"",""UNSAT"",""UNSAT"",""UNSAT"",""UNSAT"",""UNSAT"",""UNSAT"",""UNSAT"",""UNSAT"",""UNSAT"",""UNSAT"",""UNSAT"",""UNSAT"",""UNSAT"",""UNSAT"",""UNSAT"",""UNSAT"",""UNSAT"",""UNSAT"",""UNSAT"",""UNSAT"",""UNSAT""]","[""CERTIFIED"",""CERTIFIED"",""CERTIFIED"",""CERTIFIED"",""CERTIFIED"",""CERTIFIED"",""CERTIFIED"",""CERTIFIED"",""CERTIFIED"",""CERTIFIED"",""CERTIFIED"",""CERTIFIED"",""CERTIFIED"",""CERTIFIED"",""CERTIFIED"",""CERTIFIED"",""CERTIFIED"",""CERTIFIED"",""CERTIFIED"",""CERTIFIED"",""CERTIFIED"",""CERTIFIED"",""CERTIFIED"",""CERTIFIED""]","[null,null,null,null,null,null,null,null,null,null,null,null,null,null,null,null,null,null,null,null,null,null,null,null]",,/data1/Kane/ACT/audit_results/r93_rerun_20260525T083118Z/malbeware_R93/per_instance_malbeware_20260525T034800812351Z.json
cpu,149,CERTIFIED,UNSAT,CERTIFIED,CERTIFIED,341.264,,False,,PASSED,,onnx/malware_malimg_family_scaled_16-25.onnx,vnnlib/malbeware_family-Instantaccess_label-11_eps-2_idx-55.vnnlib,"[""UNSAT"",""UNSAT"",""UNSAT"",""UNSAT"",""UNSAT"",""UNSAT"",""UNSAT"",""UNSAT"",""UNSAT"",""UNSAT"",""UNSAT"",""UNSAT"",""UNSAT"",""UNSAT"",""UNSAT"",""UNSAT"",""UNSAT"",""UNSAT"",""UNSAT"",""UNSAT"",""UNSAT"",""UNSAT"",""UNSAT"",""UNSAT""]","[""CERTIFIED"",""CERTIFIED"",""CERTIFIED"",""CERTIFIED"",""CERTIFIED"",""CERTIFIED"",""CERTIFIED"",""CERTIFIED"",""CERTIFIED"",""CERTIFIED"",""CERTIFIED"",""CERTIFIED"",""CERTIFIED"",""CERTIFIED"",""CERTIFIED"",""CERTIFIED"",""CERTIFIED"",""CERTIFIED"",""CERTIFIED"",""CERTIFIED"",""CERTIFIED"",""CERTIFIED"",""CERTIFIED"",""CERTIFIED""]","[null,null,null,null,null,null,null,null,null,null,null,null,null,null,null,null,null,null,null,null,null,null,null,null]",,/data1/Kane/ACT/audit_results/r93_rerun_20260525T083118Z/malbeware_R93/per_instance_malbeware_20260525T034800812351Z.json
cpu,15,CERTIFIED,UNSAT,CERTIFIED,CERTIFIED,3.043,,False,,PASSED,,onnx/malware_malimg_family_scaled_linear-25.onnx,vnnlib/malbeware_family-Wintrim.BX_label-23_eps-3_idx-119.vnnlib,"[""UNSAT"",""UNSAT"",""UNSAT"",""UNSAT"",""UNSAT"",""UNSAT"",""UNSAT"",""UNSAT"",""UNSAT"",""UNSAT"",""UNSAT"",""UNSAT"",""UNSAT"",""UNSAT"",""UNSAT"",""UNSAT"",""UNSAT"",""UNSAT"",""UNSAT"",""UNSAT"",""UNSAT"",""UNSAT"",""UNSAT"",""UNSAT""]","[""CERTIFIED"",""CERTIFIED"",""CERTIFIED"",""CERTIFIED"",""CERTIFIED"",""CERTIFIED"",""CERTIFIED"",""CERTIFIED"",""CERTIFIED"",""CERTIFIED"",""CERTIFIED"",""CERTIFIED"",""CERTIFIED"",""CERTIFIED"",""CERTIFIED"",""CERTIFIED"",""CERTIFIED"",""CERTIFIED"",""CERTIFIED"",""CERTIFIED"",""CERTIFIED"",""CERTIFIED"",""CERTIFIED"",""CERTIFIED""]","[null,null,null,null,null,null,null,null,null,null,null,null,null,null,null,null,null,null,null,null,null,null,null,null]",,/data1/Kane/ACT/audit_results/r93_rerun_20260525T083118Z/malbeware_R93/per_instance_malbeware_20260525T034800812351Z.json
cpu,16,CERTIFIED,UNSAT,CERTIFIED,CERTIFIED,3.317,,False,,PASSED,,onnx/malware_malimg_family_scaled_linear-25.onnx,vnnlib/malbeware_family-Rbotigen_label-18_eps-2_idx-94.vnnlib,"[""UNSAT"",""UNSAT"",""UNSAT"",""UNSAT"",""UNSAT"",""UNSAT"",""UNSAT"",""UNSAT"",""UNSAT"",""UNSAT"",""UNSAT"",""UNSAT"",""UNSAT"",""UNSAT"",""UNSAT"",""UNSAT"",""UNSAT"",""UNSAT"",""UNSAT"",""UNSAT"",""UNSAT"",""UNSAT"",""UNSAT"",""UNSAT""]","[""CERTIFIED"",""CERTIFIED"",""CERTIFIED"",""CERTIFIED"",""CERTIFIED"",""CERTIFIED"",""CERTIFIED"",""CERTIFIED"",""CERTIFIED"",""CERTIFIED"",""CERTIFIED"",""CERTIFIED"",""CERTIFIED"",""CERTIFIED"",""CERTIFIED"",""CERTIFIED"",""CERTIFIED"",""CERTIFIED"",""CERTIFIED"",""CERTIFIED"",""CERTIFIED"",""CERTIFIED"",""CERTIFIED"",""CERTIFIED""]","[null,null,null,null,null,null,null,null,null,null,null,null,null,null,null,null,null,null,null,null,null,null,null,null]",,/data1/Kane/ACT/audit_results/r93_rerun_20260525T083118Z/malbeware_R93/per_instance_malbeware_20260525T034800812351Z.json
cpu,17,CERTIFIED,UNSAT,CERTIFIED,CERTIFIED,3.165,,False,,PASSED,,onnx/malware_malimg_family_scaled_linear-25.onnx,vnnlib/malbeware_family-Obfuscator.AD_label-17_eps-2_idx-87.vnnlib,"[""UNSAT"",""UNSAT"",""UNSAT"",""UNSAT"",""UNSAT"",""UNSAT"",""UNSAT"",""UNSAT"",""UNSAT"",""UNSAT"",""UNSAT"",""UNSAT"",""UNSAT"",""UNSAT"",""UNSAT"",""UNSAT"",""UNSAT"",""UNSAT"",""UNSAT"",""UNSAT"",""UNSAT"",""UNSAT"",""UNSAT"",""UNSAT""]","[""CERTIFIED"",""CERTIFIED"",""CERTIFIED"",""CERTIFIED"",""CERTIFIED"",""CERTIFIED"",""CERTIFIED"",""CERTIFIED"",""CERTIFIED"",""CERTIFIED"",""CERTIFIED"",""CERTIFIED"",""CERTIFIED"",""CERTIFIED"",""CERTIFIED"",""CERTIFIED"",""CERTIFIED"",""CERTIFIED"",""CERTIFIED"",""CERTIFIED"",""CERTIFIED"",""CERTIFIED"",""CERTIFIED"",""CERTIFIED""]","[null,null,null,null,null,null,null,null,null,null,null,null,null,null,null,null,null,null,null,null,null,null,null,null]",,/data1/Kane/ACT/audit_results/r93_rerun_20260525T083118Z/malbeware_R93/per_instance_malbeware_20260525T034800812351Z.json
cpu,18,CERTIFIED,UNSAT,CERTIFIED,CERTIFIED,3.352,,False,,PASSED,,onnx/malware_malimg_family_scaled_linear-25.onnx,vnnlib/malbeware_family-Lolyda.AA3_label-14_eps-1_idx-71.vnnlib,"[""UNSAT"",""UNSAT"",""UNSAT"",""UNSAT"",""UNSAT"",""UNSAT"",""UNSAT"",""UNSAT"",""UNSAT"",""UNSAT"",""UNSAT"",""UNSAT"",""UNSAT"",""UNSAT"",""UNSAT"",""UNSAT"",""UNSAT"",""UNSAT"",""UNSAT"",""UNSAT"",""UNSAT"",""UNSAT"",""UNSAT"",""UNSAT""]","[""CERTIFIED"",""CERTIFIED"",""CERTIFIED"",""CERTIFIED"",""CERTIFIED"",""CERTIFIED"",""CERTIFIED"",""CERTIFIED"",""CERTIFIED"",""CERTIFIED"",""CERTIFIED"",""CERTIFIED"",""CERTIFIED"",""CERTIFIED"",""CERTIFIED"",""CERTIFIED"",""CERTIFIED"",""CERTIFIED"",""CERTIFIED"",""CERTIFIED"",""CERTIFIED"",""CERTIFIED"",""CERTIFIED"",""CERTIFIED""]","[null,null,null,null,null,null,null,null,null,null,null,null,null,null,null,null,null,null,null,null,null,null,null,null]",,/data1/Kane/ACT/audit_results/r93_rerun_20260525T083118Z/malbeware_R93/per_instance_malbeware_20260525T034800812351Z.json
cpu,19,CERTIFIED,UNSAT,CERTIFIED,CERTIFIED,3.248,,False,,PASSED,,onnx/malware_malimg_family_scaled_linear-25.onnx,vnnlib/malbeware_family-Malex.gen!J_label-16_eps-1_idx-84.vnnlib,"[""UNSAT"",""UNSAT"",""UNSAT"",""UNSAT"",""UNSAT"",""UNSAT"",""UNSAT"",""UNSAT"",""UNSAT"",""UNSAT"",""UNSAT"",""UNSAT"",""UNSAT"",""UNSAT"",""UNSAT"",""UNSAT"",""UNSAT"",""UNSAT"",""UNSAT"",""UNSAT"",""UNSAT"",""UNSAT"",""UNSAT"",""UNSAT""]","[""CERTIFIED"",""CERTIFIED"",""CERTIFIED"",""CERTIFIED"",""CERTIFIED"",""CERTIFIED"",""CERTIFIED"",""CERTIFIED"",""CERTIFIED"",""CERTIFIED"",""CERTIFIED"",""CERTIFIED"",""CERTIFIED"",""CERTIFIED"",""CERTIFIED"",""CERTIFIED"",""CERTIFIED"",""CERTIFIED"",""CERTIFIED"",""CERTIFIED"",""CERTIFIED"",""CERTIFIED"",""CERTIFIED"",""CERTIFIED""]","[null,null,null,null,null,null,null,null,null,null,null,null,null,null,null,null,null,null,null,null,null,null,null,null]",,/data1/Kane/ACT/audit_results/r93_rerun_20260525T083118Z/malbeware_R93/per_instance_malbeware_20260525T034800812351Z.json
cpu,2,CERTIFIED,UNSAT,CERTIFIED,CERTIFIED,3.416,,False,,PASSED,,onnx/malware_malimg_family_scaled_linear-25.onnx,vnnlib/malbeware_family-Allaple.A_label-2_eps-3_idx-11.vnnlib,"[""UNSAT"",""UNSAT"",""UNSAT"",""UNSAT"",""UNSAT"",""UNSAT"",""UNSAT"",""UNSAT"",""UNSAT"",""UNSAT"",""UNSAT"",""UNSAT"",""UNSAT"",""UNSAT"",""UNSAT"",""UNSAT"",""UNSAT"",""UNSAT"",""UNSAT"",""UNSAT"",""UNSAT"",""UNSAT"",""UNSAT"",""UNSAT""]","[""CERTIFIED"",""CERTIFIED"",""CERTIFIED"",""CERTIFIED"",""CERTIFIED"",""CERTIFIED"",""CERTIFIED"",""CERTIFIED"",""CERTIFIED"",""CERTIFIED"",""CERTIFIED"",""CERTIFIED"",""CERTIFIED"",""CERTIFIED"",""CERTIFIED"",""CERTIFIED"",""CERTIFIED"",""CERTIFIED"",""CERTIFIED"",""CERTIFIED"",""CERTIFIED"",""CERTIFIED"",""CERTIFIED"",""CERTIFIED""]","[null,null,null,null,null,null,null,null,null,null,null,null,null,null,null,null,null,null,null,null,null,null,null,null]",,/data1/Kane/ACT/audit_results/r93_rerun_20260525T083118Z/malbeware_R93/per_instance_malbeware_20260525T034800812351Z.json
cpu,20,CERTIFIED,UNSAT,CERTIFIED,CERTIFIED,3.298,,False,,PASSED,,onnx/malware_malimg_family_scaled_linear-25.onnx,vnnlib/malbeware_family-Dontovo.A_label-9_eps-1_idx-48.vnnlib,"[""UNSAT"",""UNSAT"",""UNSAT"",""UNSAT"",""UNSAT"",""UNSAT"",""UNSAT"",""UNSAT"",""UNSAT"",""UNSAT"",""UNSAT"",""UNSAT"",""UNSAT"",""UNSAT"",""UNSAT"",""UNSAT"",""UNSAT"",""UNSAT"",""UNSAT"",""UNSAT"",""UNSAT"",""UNSAT"",""UNSAT"",""UNSAT""]","[""CERTIFIED"",""CERTIFIED"",""CERTIFIED"",""CERTIFIED"",""CERTIFIED"",""CERTIFIED"",""CERTIFIED"",""CERTIFIED"",""CERTIFIED"",""CERTIFIED"",""CERTIFIED"",""CERTIFIED"",""CERTIFIED"",""CERTIFIED"",""CERTIFIED"",""CERTIFIED"",""CERTIFIED"",""CERTIFIED"",""CERTIFIED"",""CERTIFIED"",""CERTIFIED"",""CERTIFIED"",""CERTIFIED"",""CERTIFIED""]","[null,null,null,null,null,null,null,null,null,null,null,null,null,null,null,null,null,null,null,null,null,null,null,null]",,/data1/Kane/ACT/audit_results/r93_rerun_20260525T083118Z/malbeware_R93/per_instance_malbeware_20260525T034800812351Z.json
cpu,21,FALSIFIED,SAT,FALSIFIED,FALSIFIED,2.876,,False,,PASSED,,onnx/malware_malimg_family_scaled_linear-25.onnx,vnnlib/malbeware_family-Swizzor.gen!E_label-20_eps-3_idx-100.vnnlib,"[""UNSAT"",""UNSAT"",""UNSAT"",""UNSAT"",""UNSAT"",""UNSAT"",""UNSAT"",""UNSAT"",""UNSAT"",""UNSAT"",""UNSAT"",""UNSAT"",""UNSAT"",""UNSAT"",""UNSAT"",""UNSAT"",""UNSAT"",""UNSAT"",""UNSAT"",""UNSAT"",""SAT""]","[""CERTIFIED"",""CERTIFIED"",""CERTIFIED"",""CERTIFIED"",""CERTIFIED"",""CERTIFIED"",""CERTIFIED"",""CERTIFIED"",""CERTIFIED"",""CERTIFIED"",""CERTIFIED"",""CERTIFIED"",""CERTIFIED"",""CERTIFIED"",""CERTIFIED"",""CERTIFIED"",""CERTIFIED"",""CERTIFIED"",""CERTIFIED"",""CERTIFIED"",""FALSIFIED""]","[null,null,null,null,null,null,null,null,null,null,null,null,null,null,null,null,null,null,null,null,""/data1/Kane/ACT/audit_results/r93_rerun_20260525T083118Z/malbeware_R93/malbeware_21_q20_hz_walker_lp_0.json""]",,/data1/Kane/ACT/audit_results/r93_rerun_20260525T083118Z/malbeware_R93/per_instance_malbeware_20260525T034800812351Z.json
cpu,22,CERTIFIED,UNSAT,CERTIFIED,CERTIFIED,3.198,,False,,PASSED,,onnx/malware_malimg_family_scaled_linear-25.onnx,vnnlib/malbeware_family-Wintrim.BX_label-23_eps-2_idx-117.vnnlib,"[""UNSAT"",""UNSAT"",""UNSAT"",""UNSAT"",""UNSAT"",""UNSAT"",""UNSAT"",""UNSAT"",""UNSAT"",""UNSAT"",""UNSAT"",""UNSAT"",""UNSAT"",""UNSAT"",""UNSAT"",""UNSAT"",""UNSAT"",""UNSAT"",""UNSAT"",""UNSAT"",""UNSAT"",""UNSAT"",""UNSAT"",""UNSAT""]","[""CERTIFIED"",""CERTIFIED"",""CERTIFIED"",""CERTIFIED"",""CERTIFIED"",""CERTIFIED"",""CERTIFIED"",""CERTIFIED"",""CERTIFIED"",""CERTIFIED"",""CERTIFIED"",""CERTIFIED"",""CERTIFIED"",""CERTIFIED"",""CERTIFIED"",""CERTIFIED"",""CERTIFIED"",""CERTIFIED"",""CERTIFIED"",""CERTIFIED"",""CERTIFIED"",""CERTIFIED"",""CERTIFIED"",""CERTIFIED""]","[null,null,null,null,null,null,null,null,null,null,null,null,null,null,null,null,null,null,null,null,null,null,null,null]",,/data1/Kane/ACT/audit_results/r93_rerun_20260525T083118Z/malbeware_R93/per_instance_malbeware_20260525T034800812351Z.json
cpu,23,CERTIFIED,UNSAT,CERTIFIED,CERTIFIED,3.27,,False,,PASSED,,onnx/malware_malimg_family_scaled_linear-25.onnx,vnnlib/malbeware_family-Autorun.K_label-5_eps-1_idx-25.vnnlib,"[""UNSAT"",""UNSAT"",""UNSAT"",""UNSAT"",""UNSAT"",""UNSAT"",""UNSAT"",""UNSAT"",""UNSAT"",""UNSAT"",""UNSAT"",""UNSAT"",""UNSAT"",""UNSAT"",""UNSAT"",""UNSAT"",""UNSAT"",""UNSAT"",""UNSAT"",""UNSAT"",""UNSAT"",""UNSAT"",""UNSAT"",""UNSAT""]","[""CERTIFIED"",""CERTIFIED"",""CERTIFIED"",""CERTIFIED"",""CERTIFIED"",""CERTIFIED"",""CERTIFIED"",""CERTIFIED"",""CERTIFIED"",""CERTIFIED"",""CERTIFIED"",""CERTIFIED"",""CERTIFIED"",""CERTIFIED"",""CERTIFIED"",""CERTIFIED"",""CERTIFIED"",""CERTIFIED"",""CERTIFIED"",""CERTIFIED"",""CERTIFIED"",""CERTIFIED"",""CERTIFIED"",""CERTIFIED""]","[null,null,null,null,null,null,null,null,null,null,null,null,null,null,null,null,null,null,null,null,null,null,null,null]",,/data1/Kane/ACT/audit_results/r93_rerun_20260525T083118Z/malbeware_R93/per_instance_malbeware_20260525T034800812351Z.json
cpu,24,CERTIFIED,UNSAT,CERTIFIED,CERTIFIED,3.228,,False,,PASSED,,onnx/malware_malimg_family_scaled_linear-25.onnx,vnnlib/malbeware_family-Lolyda.AA3_label-14_eps-3_idx-71.vnnlib,"[""UNSAT"",""UNSAT"",""UNSAT"",""UNSAT"",""UNSAT"",""UNSAT"",""UNSAT"",""UNSAT"",""UNSAT"",""UNSAT"",""UNSAT"",""UNSAT"",""UNSAT"",""UNSAT"",""UNSAT"",""UNSAT"",""UNSAT"",""UNSAT"",""UNSAT"",""UNSAT"",""UNSAT"",""UNSAT"",""UNSAT"",""UNSAT""]","[""CERTIFIED"",""CERTIFIED"",""CERTIFIED"",""CERTIFIED"",""CERTIFIED"",""CERTIFIED"",""CERTIFIED"",""CERTIFIED"",""CERTIFIED"",""CERTIFIED"",""CERTIFIED"",""CERTIFIED"",""CERTIFIED"",""CERTIFIED"",""CERTIFIED"",""CERTIFIED"",""CERTIFIED"",""CERTIFIED"",""CERTIFIED"",""CERTIFIED"",""CERTIFIED"",""CERTIFIED"",""CERTIFIED"",""CERTIFIED""]","[null,null,null,null,null,null,null,null,null,null,null,null,null,null,null,null,null,null,null,null,null,null,null,null]",,/data1/Kane/ACT/audit_results/r93_rerun_20260525T083118Z/malbeware_R93/per_instance_malbeware_20260525T034800812351Z.json
cpu,25,CERTIFIED,UNSAT,CERTIFIED,CERTIFIED,3.276,,False,,PASSED,,onnx/malware_malimg_family_scaled_linear-25.onnx,vnnlib/malbeware_family-Agent.FYI_label-1_eps-3_idx-8.vnnlib,"[""UNSAT"",""UNSAT"",""UNSAT"",""UNSAT"",""UNSAT"",""UNSAT"",""UNSAT"",""UNSAT"",""UNSAT"",""UNSAT"",""UNSAT"",""UNSAT"",""UNSAT"",""UNSAT"",""UNSAT"",""UNSAT"",""UNSAT"",""UNSAT"",""UNSAT"",""UNSAT"",""UNSAT"",""UNSAT"",""UNSAT"",""UNSAT""]","[""CERTIFIED"",""CERTIFIED"",""CERTIFIED"",""CERTIFIED"",""CERTIFIED"",""CERTIFIED"",""CERTIFIED"",""CERTIFIED"",""CERTIFIED"",""CERTIFIED"",""CERTIFIED"",""CERTIFIED"",""CERTIFIED"",""CERTIFIED"",""CERTIFIED"",""CERTIFIED"",""CERTIFIED"",""CERTIFIED"",""CERTIFIED"",""CERTIFIED"",""CERTIFIED"",""CERTIFIED"",""CERTIFIED"",""CERTIFIED""]","[null,null,null,null,null,null,null,null,null,null,null,null,null,null,null,null,null,null,null,null,null,null,null,null]",,/data1/Kane/ACT/audit_results/r93_rerun_20260525T083118Z/malbeware_R93/per_instance_malbeware_20260525T034800812351Z.json
cpu,26,CERTIFIED,UNSAT,CERTIFIED,CERTIFIED,3.18,,False,,PASSED,,onnx/malware_malimg_family_scaled_linear-25.onnx,vnnlib/malbeware_family-Allaple.A_label-2_eps-3_idx-12.vnnlib,"[""UNSAT"",""UNSAT"",""UNSAT"",""UNSAT"",""UNSAT"",""UNSAT"",""UNSAT"",""UNSAT"",""UNSAT"",""UNSAT"",""UNSAT"",""UNSAT"",""UNSAT"",""UNSAT"",""UNSAT"",""UNSAT"",""UNSAT"",""UNSAT"",""UNSAT"",""UNSAT"",""UNSAT"",""UNSAT"",""UNSAT"",""UNSAT""]","[""CERTIFIED"",""CERTIFIED"",""CERTIFIED"",""CERTIFIED"",""CERTIFIED"",""CERTIFIED"",""CERTIFIED"",""CERTIFIED"",""CERTIFIED"",""CERTIFIED"",""CERTIFIED"",""CERTIFIED"",""CERTIFIED"",""CERTIFIED"",""CERTIFIED"",""CERTIFIED"",""CERTIFIED"",""CERTIFIED"",""CERTIFIED"",""CERTIFIED"",""CERTIFIED"",""CERTIFIED"",""CERTIFIED"",""CERTIFIED""]","[null,null,null,null,null,null,null,null,null,null,null,null,null,null,null,null,null,null,null,null,null,null,null,null]",,/data1/Kane/ACT/audit_results/r93_rerun_20260525T083118Z/malbeware_R93/per_instance_malbeware_20260525T034800812351Z.json
cpu,27,CERTIFIED,UNSAT,CERTIFIED,CERTIFIED,3.26,,False,,PASSED,,onnx/malware_malimg_family_scaled_linear-25.onnx,vnnlib/malbeware_family-Lolyda.AA2_label-13_eps-2_idx-68.vnnlib,"[""UNSAT"",""UNSAT"",""UNSAT"",""UNSAT"",""UNSAT"",""UNSAT"",""UNSAT"",""UNSAT"",""UNSAT"",""UNSAT"",""UNSAT"",""UNSAT"",""UNSAT"",""UNSAT"",""UNSAT"",""UNSAT"",""UNSAT"",""UNSAT"",""UNSAT"",""UNSAT"",""UNSAT"",""UNSAT"",""UNSAT"",""UNSAT""]","[""CERTIFIED"",""CERTIFIED"",""CERTIFIED"",""CERTIFIED"",""CERTIFIED"",""CERTIFIED"",""CERTIFIED"",""CERTIFIED"",""CERTIFIED"",""CERTIFIED"",""CERTIFIED"",""CERTIFIED"",""CERTIFIED"",""CERTIFIED"",""CERTIFIED"",""CERTIFIED"",""CERTIFIED"",""CERTIFIED"",""CERTIFIED"",""CERTIFIED"",""CERTIFIED"",""CERTIFIED"",""CERTIFIED"",""CERTIFIED""]","[null,null,null,null,null,null,null,null,null,null,null,null,null,null,null,null,null,null,null,null,null,null,null,null]",,/data1/Kane/ACT/audit_results/r93_rerun_20260525T083118Z/malbeware_R93/per_instance_malbeware_20260525T034800812351Z.json
cpu,28,CERTIFIED,UNSAT,CERTIFIED,CERTIFIED,3.192,,False,,PASSED,,onnx/malware_malimg_family_scaled_linear-25.onnx,vnnlib/malbeware_family-Lolyda.AA2_label-13_eps-1_idx-66.vnnlib,"[""UNSAT"",""UNSAT"",""UNSAT"",""UNSAT"",""UNSAT"",""UNSAT"",""UNSAT"",""UNSAT"",""UNSAT"",""UNSAT"",""UNSAT"",""UNSAT"",""UNSAT"",""UNSAT"",""UNSAT"",""UNSAT"",""UNSAT"",""UNSAT"",""UNSAT"",""UNSAT"",""UNSAT"",""UNSAT"",""UNSAT"",""UNSAT""]","[""CERTIFIED"",""CERTIFIED"",""CERTIFIED"",""CERTIFIED"",""CERTIFIED"",""CERTIFIED"",""CERTIFIED"",""CERTIFIED"",""CERTIFIED"",""CERTIFIED"",""CERTIFIED"",""CERTIFIED"",""CERTIFIED"",""CERTIFIED"",""CERTIFIED"",""CERTIFIED"",""CERTIFIED"",""CERTIFIED"",""CERTIFIED"",""CERTIFIED"",""CERTIFIED"",""CERTIFIED"",""CERTIFIED"",""CERTIFIED""]","[null,null,null,null,null,null,null,null,null,null,null,null,null,null,null,null,null,null,null,null,null,null,null,null]",,/data1/Kane/ACT/audit_results/r93_rerun_20260525T083118Z/malbeware_R93/per_instance_malbeware_20260525T034800812351Z.json
cpu,29,CERTIFIED,UNSAT,CERTIFIED,CERTIFIED,3.266,,False,,PASSED,,onnx/malware_malimg_family_scaled_linear-25.onnx,vnnlib/malbeware_family-Autorun.K_label-5_eps-2_idx-29.vnnlib,"[""UNSAT"",""UNSAT"",""UNSAT"",""UNSAT"",""UNSAT"",""UNSAT"",""UNSAT"",""UNSAT"",""UNSAT"",""UNSAT"",""UNSAT"",""UNSAT"",""UNSAT"",""UNSAT"",""UNSAT"",""UNSAT"",""UNSAT"",""UNSAT"",""UNSAT"",""UNSAT"",""UNSAT"",""UNSAT"",""UNSAT"",""UNSAT""]","[""CERTIFIED"",""CERTIFIED"",""CERTIFIED"",""CERTIFIED"",""CERTIFIED"",""CERTIFIED"",""CERTIFIED"",""CERTIFIED"",""CERTIFIED"",""CERTIFIED"",""CERTIFIED"",""CERTIFIED"",""CERTIFIED"",""CERTIFIED"",""CERTIFIED"",""CERTIFIED"",""CERTIFIED"",""CERTIFIED"",""CERTIFIED"",""CERTIFIED"",""CERTIFIED"",""CERTIFIED"",""CERTIFIED"",""CERTIFIED""]","[null,null,null,null,null,null,null,null,null,null,null,null,null,null,null,null,null,null,null,null,null,null,null,null]",,/data1/Kane/ACT/audit_results/r93_rerun_20260525T083118Z/malbeware_R93/per_instance_malbeware_20260525T034800812351Z.json
cpu,3,CERTIFIED,UNSAT,CERTIFIED,CERTIFIED,3.384,,False,,PASSED,,onnx/malware_malimg_family_scaled_linear-25.onnx,vnnlib/malbeware_family-Skintrim.N_label-19_eps-3_idx-96.vnnlib,"[""UNSAT"",""UNSAT"",""UNSAT"",""UNSAT"",""UNSAT"",""UNSAT"",""UNSAT"",""UNSAT"",""UNSAT"",""UNSAT"",""UNSAT"",""UNSAT"",""UNSAT"",""UNSAT"",""UNSAT"",""UNSAT"",""UNSAT"",""UNSAT"",""UNSAT"",""UNSAT"",""UNSAT"",""UNSAT"",""UNSAT"",""UNSAT""]","[""CERTIFIED"",""CERTIFIED"",""CERTIFIED"",""CERTIFIED"",""CERTIFIED"",""CERTIFIED"",""CERTIFIED"",""CERTIFIED"",""CERTIFIED"",""CERTIFIED"",""CERTIFIED"",""CERTIFIED"",""CERTIFIED"",""CERTIFIED"",""CERTIFIED"",""CERTIFIED"",""CERTIFIED"",""CERTIFIED"",""CERTIFIED"",""CERTIFIED"",""CERTIFIED"",""CERTIFIED"",""CERTIFIED"",""CERTIFIED""]","[null,null,null,null,null,null,null,null,null,null,null,null,null,null,null,null,null,null,null,null,null,null,null,null]",,/data1/Kane/ACT/audit_results/r93_rerun_20260525T083118Z/malbeware_R93/per_instance_malbeware_20260525T034800812351Z.json
cpu,30,CERTIFIED,UNSAT,CERTIFIED,CERTIFIED,3.176,,False,,PASSED,,onnx/malware_malimg_family_scaled_linear-25.onnx,vnnlib/malbeware_family-Lolyda.AT_label-15_eps-1_idx-79.vnnlib,"[""UNSAT"",""UNSAT"",""UNSAT"",""UNSAT"",""UNSAT"",""UNSAT"",""UNSAT"",""UNSAT"",""UNSAT"",""UNSAT"",""UNSAT"",""UNSAT"",""UNSAT"",""UNSAT"",""UNSAT"",""UNSAT"",""UNSAT"",""UNSAT"",""UNSAT"",""UNSAT"",""UNSAT"",""UNSAT"",""UNSAT"",""UNSAT""]","[""CERTIFIED"",""CERTIFIED"",""CERTIFIED"",""CERTIFIED"",""CERTIFIED"",""CERTIFIED"",""CERTIFIED"",""CERTIFIED"",""CERTIFIED"",""CERTIFIED"",""CERTIFIED"",""CERTIFIED"",""CERTIFIED"",""CERTIFIED"",""CERTIFIED"",""CERTIFIED"",""CERTIFIED"",""CERTIFIED"",""CERTIFIED"",""CERTIFIED"",""CERTIFIED"",""CERTIFIED"",""CERTIFIED"",""CERTIFIED""]","[null,null,null,null,null,null,null,null,null,null,null,null,null,null,null,null,null,null,null,null,null,null,null,null]",,/data1/Kane/ACT/audit_results/r93_rerun_20260525T083118Z/malbeware_R93/per_instance_malbeware_20260525T034800812351Z.json
cpu,31,CERTIFIED,UNSAT,CERTIFIED,CERTIFIED,3.265,,False,,PASSED,,onnx/malware_malimg_family_scaled_linear-25.onnx,vnnlib/malbeware_family-VB.AT_label-22_eps-2_idx-112.vnnlib,"[""UNSAT"",""UNSAT"",""UNSAT"",""UNSAT"",""UNSAT"",""UNSAT"",""UNSAT"",""UNSAT"",""UNSAT"",""UNSAT"",""UNSAT"",""UNSAT"",""UNSAT"",""UNSAT"",""UNSAT"",""UNSAT"",""UNSAT"",""UNSAT"",""UNSAT"",""UNSAT"",""UNSAT"",""UNSAT"",""UNSAT"",""UNSAT""]","[""CERTIFIED"",""CERTIFIED"",""CERTIFIED"",""CERTIFIED"",""CERTIFIED"",""CERTIFIED"",""CERTIFIED"",""CERTIFIED"",""CERTIFIED"",""CERTIFIED"",""CERTIFIED"",""CERTIFIED"",""CERTIFIED"",""CERTIFIED"",""CERTIFIED"",""CERTIFIED"",""CERTIFIED"",""CERTIFIED"",""CERTIFIED"",""CERTIFIED"",""CERTIFIED"",""CERTIFIED"",""CERTIFIED"",""CERTIFIED""]","[null,null,null,null,null,null,null,null,null,null,null,null,null,null,null,null,null,null,null,null,null,null,null,null]",,/data1/Kane/ACT/audit_results/r93_rerun_20260525T083118Z/malbeware_R93/per_instance_malbeware_20260525T034800812351Z.json
cpu,32,CERTIFIED,UNSAT,CERTIFIED,CERTIFIED,3.233,,False,,PASSED,,onnx/malware_malimg_family_scaled_linear-25.onnx,vnnlib/malbeware_family-C2LOP.P_label-6_eps-2_idx-30.vnnlib,"[""UNSAT"",""UNSAT"",""UNSAT"",""UNSAT"",""UNSAT"",""UNSAT"",""UNSAT"",""UNSAT"",""UNSAT"",""UNSAT"",""UNSAT"",""UNSAT"",""UNSAT"",""UNSAT"",""UNSAT"",""UNSAT"",""UNSAT"",""UNSAT"",""UNSAT"",""UNSAT"",""UNSAT"",""UNSAT"",""UNSAT"",""UNSAT""]","[""CERTIFIED"",""CERTIFIED"",""CERTIFIED"",""CERTIFIED"",""CERTIFIED"",""CERTIFIED"",""CERTIFIED"",""CERTIFIED"",""CERTIFIED"",""CERTIFIED"",""CERTIFIED"",""CERTIFIED"",""CERTIFIED"",""CERTIFIED"",""CERTIFIED"",""CERTIFIED"",""CERTIFIED"",""CERTIFIED"",""CERTIFIED"",""CERTIFIED"",""CERTIFIED"",""CERTIFIED"",""CERTIFIED"",""CERTIFIED""]","[null,null,null,null,null,null,null,null,null,null,null,null,null,null,null,null,null,null,null,null,null,null,null,null]",,/data1/Kane/ACT/audit_results/r93_rerun_20260525T083118Z/malbeware_R93/per_instance_malbeware_20260525T034800812351Z.json
cpu,33,CERTIFIED,UNSAT,CERTIFIED,CERTIFIED,3.285,,False,,PASSED,,onnx/malware_malimg_family_scaled_linear-25.onnx,vnnlib/malbeware_family-Instantaccess_label-11_eps-2_idx-57.vnnlib,"[""UNSAT"",""UNSAT"",""UNSAT"",""UNSAT"",""UNSAT"",""UNSAT"",""UNSAT"",""UNSAT"",""UNSAT"",""UNSAT"",""UNSAT"",""UNSAT"",""UNSAT"",""UNSAT"",""UNSAT"",""UNSAT"",""UNSAT"",""UNSAT"",""UNSAT"",""UNSAT"",""UNSAT"",""UNSAT"",""UNSAT"",""UNSAT""]","[""CERTIFIED"",""CERTIFIED"",""CERTIFIED"",""CERTIFIED"",""CERTIFIED"",""CERTIFIED"",""CERTIFIED"",""CERTIFIED"",""CERTIFIED"",""CERTIFIED"",""CERTIFIED"",""CERTIFIED"",""CERTIFIED"",""CERTIFIED"",""CERTIFIED"",""CERTIFIED"",""CERTIFIED"",""CERTIFIED"",""CERTIFIED"",""CERTIFIED"",""CERTIFIED"",""CERTIFIED"",""CERTIFIED"",""CERTIFIED""]","[null,null,null,null,null,null,null,null,null,null,null,null,null,null,null,null,null,null,null,null,null,null,null,null]",,/data1/Kane/ACT/audit_results/r93_rerun_20260525T083118Z/malbeware_R93/per_instance_malbeware_20260525T034800812351Z.json
cpu,34,CERTIFIED,UNSAT,CERTIFIED,CERTIFIED,3.229,,False,,PASSED,,onnx/malware_malimg_family_scaled_linear-25.onnx,vnnlib/malbeware_family-Dialplatform.B_label-8_eps-1_idx-40.vnnlib,"[""UNSAT"",""UNSAT"",""UNSAT"",""UNSAT"",""UNSAT"",""UNSAT"",""UNSAT"",""UNSAT"",""UNSAT"",""UNSAT"",""UNSAT"",""UNSAT"",""UNSAT"",""UNSAT"",""UNSAT"",""UNSAT"",""UNSAT"",""UNSAT"",""UNSAT"",""UNSAT"",""UNSAT"",""UNSAT"",""UNSAT"",""UNSAT""]","[""CERTIFIED"",""CERTIFIED"",""CERTIFIED"",""CERTIFIED"",""CERTIFIED"",""CERTIFIED"",""CERTIFIED"",""CERTIFIED"",""CERTIFIED"",""CERTIFIED"",""CERTIFIED"",""CERTIFIED"",""CERTIFIED"",""CERTIFIED"",""CERTIFIED"",""CERTIFIED"",""CERTIFIED"",""CERTIFIED"",""CERTIFIED"",""CERTIFIED"",""CERTIFIED"",""CERTIFIED"",""CERTIFIED"",""CERTIFIED""]","[null,null,null,null,null,null,null,null,null,null,null,null,null,null,null,null,null,null,null,null,null,null,null,null]",,/data1/Kane/ACT/audit_results/r93_rerun_20260525T083118Z/malbeware_R93/per_instance_malbeware_20260525T034800812351Z.json
cpu,35,CERTIFIED,UNSAT,CERTIFIED,CERTIFIED,3.249,,False,,PASSED,,onnx/malware_malimg_family_scaled_linear-25.onnx,vnnlib/malbeware_family-Malex.gen!J_label-16_eps-3_idx-82.vnnlib,"[""UNSAT"",""UNSAT"",""UNSAT"",""UNSAT"",""UNSAT"",""UNSAT"",""UNSAT"",""UNSAT"",""UNSAT"",""UNSAT"",""UNSAT"",""UNSAT"",""UNSAT"",""UNSAT"",""UNSAT"",""UNSAT"",""UNSAT"",""UNSAT"",""UNSAT"",""UNSAT"",""UNSAT"",""UNSAT"",""UNSAT"",""UNSAT""]","[""CERTIFIED"",""CERTIFIED"",""CERTIFIED"",""CERTIFIED"",""CERTIFIED"",""CERTIFIED"",""CERTIFIED"",""CERTIFIED"",""CERTIFIED"",""CERTIFIED"",""CERTIFIED"",""CERTIFIED"",""CERTIFIED"",""CERTIFIED"",""CERTIFIED"",""CERTIFIED"",""CERTIFIED"",""CERTIFIED"",""CERTIFIED"",""CERTIFIED"",""CERTIFIED"",""CERTIFIED"",""CERTIFIED"",""CERTIFIED""]","[null,null,null,null,null,null,null,null,null,null,null,null,null,null,null,null,null,null,null,null,null,null,null,null]",,/data1/Kane/ACT/audit_results/r93_rerun_20260525T083118Z/malbeware_R93/per_instance_malbeware_20260525T034800812351Z.json
cpu,36,CERTIFIED,UNSAT,CERTIFIED,CERTIFIED,3.191,,False,,PASSED,,onnx/malware_malimg_family_scaled_linear-25.onnx,vnnlib/malbeware_family-Autorun.K_label-5_eps-1_idx-27.vnnlib,"[""UNSAT"",""UNSAT"",""UNSAT"",""UNSAT"",""UNSAT"",""UNSAT"",""UNSAT"",""UNSAT"",""UNSAT"",""UNSAT"",""UNSAT"",""UNSAT"",""UNSAT"",""UNSAT"",""UNSAT"",""UNSAT"",""UNSAT"",""UNSAT"",""UNSAT"",""UNSAT"",""UNSAT"",""UNSAT"",""UNSAT"",""UNSAT""]","[""CERTIFIED"",""CERTIFIED"",""CERTIFIED"",""CERTIFIED"",""CERTIFIED"",""CERTIFIED"",""CERTIFIED"",""CERTIFIED"",""CERTIFIED"",""CERTIFIED"",""CERTIFIED"",""CERTIFIED"",""CERTIFIED"",""CERTIFIED"",""CERTIFIED"",""CERTIFIED"",""CERTIFIED"",""CERTIFIED"",""CERTIFIED"",""CERTIFIED"",""CERTIFIED"",""CERTIFIED"",""CERTIFIED"",""CERTIFIED""]","[null,null,null,null,null,null,null,null,null,null,null,null,null,null,null,null,null,null,null,null,null,null,null,null]",,/data1/Kane/ACT/audit_results/r93_rerun_20260525T083118Z/malbeware_R93/per_instance_malbeware_20260525T034800812351Z.json
cpu,37,CERTIFIED,UNSAT,CERTIFIED,CERTIFIED,3.279,,False,,PASSED,,onnx/malware_malimg_family_scaled_linear-25.onnx,vnnlib/malbeware_family-Allaple.L_label-3_eps-3_idx-16.vnnlib,"[""UNSAT"",""UNSAT"",""UNSAT"",""UNSAT"",""UNSAT"",""UNSAT"",""UNSAT"",""UNSAT"",""UNSAT"",""UNSAT"",""UNSAT"",""UNSAT"",""UNSAT"",""UNSAT"",""UNSAT"",""UNSAT"",""UNSAT"",""UNSAT"",""UNSAT"",""UNSAT"",""UNSAT"",""UNSAT"",""UNSAT"",""UNSAT""]","[""CERTIFIED"",""CERTIFIED"",""CERTIFIED"",""CERTIFIED"",""CERTIFIED"",""CERTIFIED"",""CERTIFIED"",""CERTIFIED"",""CERTIFIED"",""CERTIFIED"",""CERTIFIED"",""CERTIFIED"",""CERTIFIED"",""CERTIFIED"",""CERTIFIED"",""CERTIFIED"",""CERTIFIED"",""CERTIFIED"",""CERTIFIED"",""CERTIFIED"",""CERTIFIED"",""CERTIFIED"",""CERTIFIED"",""CERTIFIED""]","[null,null,null,null,null,null,null,null,null,null,null,null,null,null,null,null,null,null,null,null,null,null,null,null]",,/data1/Kane/ACT/audit_results/r93_rerun_20260525T083118Z/malbeware_R93/per_instance_malbeware_20260525T034800812351Z.json
cpu,38,CERTIFIED,UNSAT,CERTIFIED,CERTIFIED,3.191,,False,,PASSED,,onnx/malware_malimg_family_scaled_linear-25.onnx,vnnlib/malbeware_family-Allaple.L_label-3_eps-1_idx-18.vnnlib,"[""UNSAT"",""UNSAT"",""UNSAT"",""UNSAT"",""UNSAT"",""UNSAT"",""UNSAT"",""UNSAT"",""UNSAT"",""UNSAT"",""UNSAT"",""UNSAT"",""UNSAT"",""UNSAT"",""UNSAT"",""UNSAT"",""UNSAT"",""UNSAT"",""UNSAT"",""UNSAT"",""UNSAT"",""UNSAT"",""UNSAT"",""UNSAT""]","[""CERTIFIED"",""CERTIFIED"",""CERTIFIED"",""CERTIFIED"",""CERTIFIED"",""CERTIFIED"",""CERTIFIED"",""CERTIFIED"",""CERTIFIED"",""CERTIFIED"",""CERTIFIED"",""CERTIFIED"",""CERTIFIED"",""CERTIFIED"",""CERTIFIED"",""CERTIFIED"",""CERTIFIED"",""CERTIFIED"",""CERTIFIED"",""CERTIFIED"",""CERTIFIED"",""CERTIFIED"",""CERTIFIED"",""CERTIFIED""]","[null,null,null,null,null,null,null,null,null,null,null,null,null,null,null,null,null,null,null,null,null,null,null,null]",,/data1/Kane/ACT/audit_results/r93_rerun_20260525T083118Z/malbeware_R93/per_instance_malbeware_20260525T034800812351Z.json
cpu,39,CERTIFIED,UNSAT,CERTIFIED,CERTIFIED,3.255,,False,,PASSED,,onnx/malware_malimg_family_scaled_linear-25.onnx,vnnlib/malbeware_family-Swizzor.gen!E_label-20_eps-2_idx-104.vnnlib,"[""UNSAT"",""UNSAT"",""UNSAT"",""UNSAT"",""UNSAT"",""UNSAT"",""UNSAT"",""UNSAT"",""UNSAT"",""UNSAT"",""UNSAT"",""UNSAT"",""UNSAT"",""UNSAT"",""UNSAT"",""UNSAT"",""UNSAT"",""UNSAT"",""UNSAT"",""UNSAT"",""UNSAT"",""UNSAT"",""UNSAT"",""UNSAT""]","[""CERTIFIED"",""CERTIFIED"",""CERTIFIED"",""CERTIFIED"",""CERTIFIED"",""CERTIFIED"",""CERTIFIED"",""CERTIFIED"",""CERTIFIED"",""CERTIFIED"",""CERTIFIED"",""CERTIFIED"",""CERTIFIED"",""CERTIFIED"",""CERTIFIED"",""CERTIFIED"",""CERTIFIED"",""CERTIFIED"",""CERTIFIED"",""CERTIFIED"",""CERTIFIED"",""CERTIFIED"",""CERTIFIED"",""CERTIFIED""]","[null,null,null,null,null,null,null,null,null,null,null,null,null,null,null,null,null,null,null,null,null,null,null,null]",,/data1/Kane/ACT/audit_results/r93_rerun_20260525T083118Z/malbeware_R93/per_instance_malbeware_20260525T034800812351Z.json
cpu,4,CERTIFIED,UNSAT,CERTIFIED,CERTIFIED,3.257,,False,,PASSED,,onnx/malware_malimg_family_scaled_linear-25.onnx,vnnlib/malbeware_family-Lolyda.AA1_label-12_eps-3_idx-64.vnnlib,"[""UNSAT"",""UNSAT"",""UNSAT"",""UNSAT"",""UNSAT"",""UNSAT"",""UNSAT"",""UNSAT"",""UNSAT"",""UNSAT"",""UNSAT"",""UNSAT"",""UNSAT"",""UNSAT"",""UNSAT"",""UNSAT"",""UNSAT"",""UNSAT"",""UNSAT"",""UNSAT"",""UNSAT"",""UNSAT"",""UNSAT"",""UNSAT""]","[""CERTIFIED"",""CERTIFIED"",""CERTIFIED"",""CERTIFIED"",""CERTIFIED"",""CERTIFIED"",""CERTIFIED"",""CERTIFIED"",""CERTIFIED"",""CERTIFIED"",""CERTIFIED"",""CERTIFIED"",""CERTIFIED"",""CERTIFIED"",""CERTIFIED"",""CERTIFIED"",""CERTIFIED"",""CERTIFIED"",""CERTIFIED"",""CERTIFIED"",""CERTIFIED"",""CERTIFIED"",""CERTIFIED"",""CERTIFIED""]","[null,null,null,null,null,null,null,null,null,null,null,null,null,null,null,null,null,null,null,null,null,null,null,null]",,/data1/Kane/ACT/audit_results/r93_rerun_20260525T083118Z/malbeware_R93/per_instance_malbeware_20260525T034800812351Z.json
cpu,40,CERTIFIED,UNSAT,CERTIFIED,CERTIFIED,3.19,,False,,PASSED,,onnx/malware_malimg_family_scaled_linear-25.onnx,vnnlib/malbeware_family-VB.AT_label-22_eps-3_idx-111.vnnlib,"[""UNSAT"",""UNSAT"",""UNSAT"",""UNSAT"",""UNSAT"",""UNSAT"",""UNSAT"",""UNSAT"",""UNSAT"",""UNSAT"",""UNSAT"",""UNSAT"",""UNSAT"",""UNSAT"",""UNSAT"",""UNSAT"",""UNSAT"",""UNSAT"",""UNSAT"",""UNSAT"",""UNSAT"",""UNSAT"",""UNSAT"",""UNSAT""]","[""CERTIFIED"",""CERTIFIED"",""CERTIFIED"",""CERTIFIED"",""CERTIFIED"",""CERTIFIED"",""CERTIFIED"",""CERTIFIED"",""CERTIFIED"",""CERTIFIED"",""CERTIFIED"",""CERTIFIED"",""CERTIFIED"",""CERTIFIED"",""CERTIFIED"",""CERTIFIED"",""CERTIFIED"",""CERTIFIED"",""CERTIFIED"",""CERTIFIED"",""CERTIFIED"",""CERTIFIED"",""CERTIFIED"",""CERTIFIED""]","[null,null,null,null,null,null,null,null,null,null,null,null,null,null,null,null,null,null,null,null,null,null,null,null]",,/data1/Kane/ACT/audit_results/r93_rerun_20260525T083118Z/malbeware_R93/per_instance_malbeware_20260525T034800812351Z.json
cpu,41,CERTIFIED,UNSAT,CERTIFIED,CERTIFIED,3.276,,False,,PASSED,,onnx/malware_malimg_family_scaled_linear-25.onnx,vnnlib/malbeware_family-Rbotigen_label-18_eps-2_idx-93.vnnlib,"[""UNSAT"",""UNSAT"",""UNSAT"",""UNSAT"",""UNSAT"",""UNSAT"",""UNSAT"",""UNSAT"",""UNSAT"",""UNSAT"",""UNSAT"",""UNSAT"",""UNSAT"",""UNSAT"",""UNSAT"",""UNSAT"",""UNSAT"",""UNSAT"",""UNSAT"",""UNSAT"",""UNSAT"",""UNSAT"",""UNSAT"",""UNSAT""]","[""CERTIFIED"",""CERTIFIED"",""CERTIFIED"",""CERTIFIED"",""CERTIFIED"",""CERTIFIED"",""CERTIFIED"",""CERTIFIED"",""CERTIFIED"",""CERTIFIED"",""CERTIFIED"",""CERTIFIED"",""CERTIFIED"",""CERTIFIED"",""CERTIFIED"",""CERTIFIED"",""CERTIFIED"",""CERTIFIED"",""CERTIFIED"",""CERTIFIED"",""CERTIFIED"",""CERTIFIED"",""CERTIFIED"",""CERTIFIED""]","[null,null,null,null,null,null,null,null,null,null,null,null,null,null,null,null,null,null,null,null,null,null,null,null]",,/data1/Kane/ACT/audit_results/r93_rerun_20260525T083118Z/malbeware_R93/per_instance_malbeware_20260525T034800812351Z.json
cpu,42,CERTIFIED,UNSAT,CERTIFIED,CERTIFIED,3.233,,False,,PASSED,,onnx/malware_malimg_family_scaled_linear-25.onnx,vnnlib/malbeware_family-Lolyda.AT_label-15_eps-2_idx-76.vnnlib,"[""UNSAT"",""UNSAT"",""UNSAT"",""UNSAT"",""UNSAT"",""UNSAT"",""UNSAT"",""UNSAT"",""UNSAT"",""UNSAT"",""UNSAT"",""UNSAT"",""UNSAT"",""UNSAT"",""UNSAT"",""UNSAT"",""UNSAT"",""UNSAT"",""UNSAT"",""UNSAT"",""UNSAT"",""UNSAT"",""UNSAT"",""UNSAT""]","[""CERTIFIED"",""CERTIFIED"",""CERTIFIED"",""CERTIFIED"",""CERTIFIED"",""CERTIFIED"",""CERTIFIED"",""CERTIFIED"",""CERTIFIED"",""CERTIFIED"",""CERTIFIED"",""CERTIFIED"",""CERTIFIED"",""CERTIFIED"",""CERTIFIED"",""CERTIFIED"",""CERTIFIED"",""CERTIFIED"",""CERTIFIED"",""CERTIFIED"",""CERTIFIED"",""CERTIFIED"",""CERTIFIED"",""CERTIFIED""]","[null,null,null,null,null,null,null,null,null,null,null,null,null,null,null,null,null,null,null,null,null,null,null,null]",,/data1/Kane/ACT/audit_results/r93_rerun_20260525T083118Z/malbeware_R93/per_instance_malbeware_20260525T034800812351Z.json
cpu,43,CERTIFIED,UNSAT,CERTIFIED,CERTIFIED,3.339,,False,,PASSED,,onnx/malware_malimg_family_scaled_linear-25.onnx,vnnlib/malbeware_family-C2LOP.P_label-6_eps-2_idx-31.vnnlib,"[""UNSAT"",""UNSAT"",""UNSAT"",""UNSAT"",""UNSAT"",""UNSAT"",""UNSAT"",""UNSAT"",""UNSAT"",""UNSAT"",""UNSAT"",""UNSAT"",""UNSAT"",""UNSAT"",""UNSAT"",""UNSAT"",""UNSAT"",""UNSAT"",""UNSAT"",""UNSAT"",""UNSAT"",""UNSAT"",""UNSAT"",""UNSAT""]","[""CERTIFIED"",""CERTIFIED"",""CERTIFIED"",""CERTIFIED"",""CERTIFIED"",""CERTIFIED"",""CERTIFIED"",""CERTIFIED"",""CERTIFIED"",""CERTIFIED"",""CERTIFIED"",""CERTIFIED"",""CERTIFIED"",""CERTIFIED"",""CERTIFIED"",""CERTIFIED"",""CERTIFIED"",""CERTIFIED"",""CERTIFIED"",""CERTIFIED"",""CERTIFIED"",""CERTIFIED"",""CERTIFIED"",""CERTIFIED""]","[null,null,null,null,null,null,null,null,null,null,null,null,null,null,null,null,null,null,null,null,null,null,null,null]",,/data1/Kane/ACT/audit_results/r93_rerun_20260525T083118Z/malbeware_R93/per_instance_malbeware_20260525T034800812351Z.json
cpu,44,CERTIFIED,UNSAT,CERTIFIED,CERTIFIED,3.237,,False,,PASSED,,onnx/malware_malimg_family_scaled_linear-25.onnx,vnnlib/malbeware_family-Allaple.L_label-3_eps-2_idx-18.vnnlib,"[""UNSAT"",""UNSAT"",""UNSAT"",""UNSAT"",""UNSAT"",""UNSAT"",""UNSAT"",""UNSAT"",""UNSAT"",""UNSAT"",""UNSAT"",""UNSAT"",""UNSAT"",""UNSAT"",""UNSAT"",""UNSAT"",""UNSAT"",""UNSAT"",""UNSAT"",""UNSAT"",""UNSAT"",""UNSAT"",""UNSAT"",""UNSAT""]","[""CERTIFIED"",""CERTIFIED"",""CERTIFIED"",""CERTIFIED"",""CERTIFIED"",""CERTIFIED"",""CERTIFIED"",""CERTIFIED"",""CERTIFIED"",""CERTIFIED"",""CERTIFIED"",""CERTIFIED"",""CERTIFIED"",""CERTIFIED"",""CERTIFIED"",""CERTIFIED"",""CERTIFIED"",""CERTIFIED"",""CERTIFIED"",""CERTIFIED"",""CERTIFIED"",""CERTIFIED"",""CERTIFIED"",""CERTIFIED""]","[null,null,null,null,null,null,null,null,null,null,null,null,null,null,null,null,null,null,null,null,null,null,null,null]",,/data1/Kane/ACT/audit_results/r93_rerun_20260525T083118Z/malbeware_R93/per_instance_malbeware_20260525T034800812351Z.json
cpu,45,CERTIFIED,UNSAT,CERTIFIED,CERTIFIED,3.354,,False,,PASSED,,onnx/malware_malimg_family_scaled_linear-25.onnx,vnnlib/malbeware_family-Autorun.K_label-5_eps-1_idx-28.vnnlib,"[""UNSAT"",""UNSAT"",""UNSAT"",""UNSAT"",""UNSAT"",""UNSAT"",""UNSAT"",""UNSAT"",""UNSAT"",""UNSAT"",""UNSAT"",""UNSAT"",""UNSAT"",""UNSAT"",""UNSAT"",""UNSAT"",""UNSAT"",""UNSAT"",""UNSAT"",""UNSAT"",""UNSAT"",""UNSAT"",""UNSAT"",""UNSAT""]","[""CERTIFIED"",""CERTIFIED"",""CERTIFIED"",""CERTIFIED"",""CERTIFIED"",""CERTIFIED"",""CERTIFIED"",""CERTIFIED"",""CERTIFIED"",""CERTIFIED"",""CERTIFIED"",""CERTIFIED"",""CERTIFIED"",""CERTIFIED"",""CERTIFIED"",""CERTIFIED"",""CERTIFIED"",""CERTIFIED"",""CERTIFIED"",""CERTIFIED"",""CERTIFIED"",""CERTIFIED"",""CERTIFIED"",""CERTIFIED""]","[null,null,null,null,null,null,null,null,null,null,null,null,null,null,null,null,null,null,null,null,null,null,null,null]",,/data1/Kane/ACT/audit_results/r93_rerun_20260525T083118Z/malbeware_R93/per_instance_malbeware_20260525T034800812351Z.json
cpu,46,CERTIFIED,UNSAT,CERTIFIED,CERTIFIED,3.221,,False,,PASSED,,onnx/malware_malimg_family_scaled_linear-25.onnx,vnnlib/malbeware_family-Allaple.A_label-2_eps-2_idx-13.vnnlib,"[""UNSAT"",""UNSAT"",""UNSAT"",""UNSAT"",""UNSAT"",""UNSAT"",""UNSAT"",""UNSAT"",""UNSAT"",""UNSAT"",""UNSAT"",""UNSAT"",""UNSAT"",""UNSAT"",""UNSAT"",""UNSAT"",""UNSAT"",""UNSAT"",""UNSAT"",""UNSAT"",""UNSAT"",""UNSAT"",""UNSAT"",""UNSAT""]","[""CERTIFIED"",""CERTIFIED"",""CERTIFIED"",""CERTIFIED"",""CERTIFIED"",""CERTIFIED"",""CERTIFIED"",""CERTIFIED"",""CERTIFIED"",""CERTIFIED"",""CERTIFIED"",""CERTIFIED"",""CERTIFIED"",""CERTIFIED"",""CERTIFIED"",""CERTIFIED"",""CERTIFIED"",""CERTIFIED"",""CERTIFIED"",""CERTIFIED"",""CERTIFIED"",""CERTIFIED"",""CERTIFIED"",""CERTIFIED""]","[null,null,null,null,null,null,null,null,null,null,null,null,null,null,null,null,null,null,null,null,null,null,null,null]",,/data1/Kane/ACT/audit_results/r93_rerun_20260525T083118Z/malbeware_R93/per_instance_malbeware_20260525T034800812351Z.json
cpu,47,CERTIFIED,UNSAT,CERTIFIED,CERTIFIED,3.319,,False,,PASSED,,onnx/malware_malimg_family_scaled_linear-25.onnx,vnnlib/malbeware_family-Alueron.gen!J_label-4_eps-1_idx-23.vnnlib,"[""UNSAT"",""UNSAT"",""UNSAT"",""UNSAT"",""UNSAT"",""UNSAT"",""UNSAT"",""UNSAT"",""UNSAT"",""UNSAT"",""UNSAT"",""UNSAT"",""UNSAT"",""UNSAT"",""UNSAT"",""UNSAT"",""UNSAT"",""UNSAT"",""UNSAT"",""UNSAT"",""UNSAT"",""UNSAT"",""UNSAT"",""UNSAT""]","[""CERTIFIED"",""CERTIFIED"",""CERTIFIED"",""CERTIFIED"",""CERTIFIED"",""CERTIFIED"",""CERTIFIED"",""CERTIFIED"",""CERTIFIED"",""CERTIFIED"",""CERTIFIED"",""CERTIFIED"",""CERTIFIED"",""CERTIFIED"",""CERTIFIED"",""CERTIFIED"",""CERTIFIED"",""CERTIFIED"",""CERTIFIED"",""CERTIFIED"",""CERTIFIED"",""CERTIFIED"",""CERTIFIED"",""CERTIFIED""]","[null,null,null,null,null,null,null,null,null,null,null,null,null,null,null,null,null,null,null,null,null,null,null,null]",,/data1/Kane/ACT/audit_results/r93_rerun_20260525T083118Z/malbeware_R93/per_instance_malbeware_20260525T034800812351Z.json
cpu,48,CERTIFIED,UNSAT,CERTIFIED,CERTIFIED,3.198,,False,,PASSED,,onnx/malware_malimg_family_scaled_linear-25.onnx,vnnlib/malbeware_family-Dialplatform.B_label-8_eps-2_idx-43.vnnlib,"[""UNSAT"",""UNSAT"",""UNSAT"",""UNSAT"",""UNSAT"",""UNSAT"",""UNSAT"",""UNSAT"",""UNSAT"",""UNSAT"",""UNSAT"",""UNSAT"",""UNSAT"",""UNSAT"",""UNSAT"",""UNSAT"",""UNSAT"",""UNSAT"",""UNSAT"",""UNSAT"",""UNSAT"",""UNSAT"",""UNSAT"",""UNSAT""]","[""CERTIFIED"",""CERTIFIED"",""CERTIFIED"",""CERTIFIED"",""CERTIFIED"",""CERTIFIED"",""CERTIFIED"",""CERTIFIED"",""CERTIFIED"",""CERTIFIED"",""CERTIFIED"",""CERTIFIED"",""CERTIFIED"",""CERTIFIED"",""CERTIFIED"",""CERTIFIED"",""CERTIFIED"",""CERTIFIED"",""CERTIFIED"",""CERTIFIED"",""CERTIFIED"",""CERTIFIED"",""CERTIFIED"",""CERTIFIED""]","[null,null,null,null,null,null,null,null,null,null,null,null,null,null,null,null,null,null,null,null,null,null,null,null]",,/data1/Kane/ACT/audit_results/r93_rerun_20260525T083118Z/malbeware_R93/per_instance_malbeware_20260525T034800812351Z.json
cpu,49,CERTIFIED,UNSAT,CERTIFIED,CERTIFIED,3.298,,False,,PASSED,,onnx/malware_malimg_family_scaled_linear-25.onnx,vnnlib/malbeware_family-Instantaccess_label-11_eps-2_idx-55.vnnlib,"[""UNSAT"",""UNSAT"",""UNSAT"",""UNSAT"",""UNSAT"",""UNSAT"",""UNSAT"",""UNSAT"",""UNSAT"",""UNSAT"",""UNSAT"",""UNSAT"",""UNSAT"",""UNSAT"",""UNSAT"",""UNSAT"",""UNSAT"",""UNSAT"",""UNSAT"",""UNSAT"",""UNSAT"",""UNSAT"",""UNSAT"",""UNSAT""]","[""CERTIFIED"",""CERTIFIED"",""CERTIFIED"",""CERTIFIED"",""CERTIFIED"",""CERTIFIED"",""CERTIFIED"",""CERTIFIED"",""CERTIFIED"",""CERTIFIED"",""CERTIFIED"",""CERTIFIED"",""CERTIFIED"",""CERTIFIED"",""CERTIFIED"",""CERTIFIED"",""CERTIFIED"",""CERTIFIED"",""CERTIFIED"",""CERTIFIED"",""CERTIFIED"",""CERTIFIED"",""CERTIFIED"",""CERTIFIED""]","[null,null,null,null,null,null,null,null,null,null,null,null,null,null,null,null,null,null,null,null,null,null,null,null]",,/data1/Kane/ACT/audit_results/r93_rerun_20260525T083118Z/malbeware_R93/per_instance_malbeware_20260525T034800812351Z.json
cpu,5,CERTIFIED,UNSAT,CERTIFIED,CERTIFIED,3.38,,False,,PASSED,,onnx/malware_malimg_family_scaled_linear-25.onnx,vnnlib/malbeware_family-Agent.FYI_label-1_eps-2_idx-8.vnnlib,"[""UNSAT"",""UNSAT"",""UNSAT"",""UNSAT"",""UNSAT"",""UNSAT"",""UNSAT"",""UNSAT"",""UNSAT"",""UNSAT"",""UNSAT"",""UNSAT"",""UNSAT"",""UNSAT"",""UNSAT"",""UNSAT"",""UNSAT"",""UNSAT"",""UNSAT"",""UNSAT"",""UNSAT"",""UNSAT"",""UNSAT"",""UNSAT""]","[""CERTIFIED"",""CERTIFIED"",""CERTIFIED"",""CERTIFIED"",""CERTIFIED"",""CERTIFIED"",""CERTIFIED"",""CERTIFIED"",""CERTIFIED"",""CERTIFIED"",""CERTIFIED"",""CERTIFIED"",""CERTIFIED"",""CERTIFIED"",""CERTIFIED"",""CERTIFIED"",""CERTIFIED"",""CERTIFIED"",""CERTIFIED"",""CERTIFIED"",""CERTIFIED"",""CERTIFIED"",""CERTIFIED"",""CERTIFIED""]","[null,null,null,null,null,null,null,null,null,null,null,null,null,null,null,null,null,null,null,null,null,null,null,null]",,/data1/Kane/ACT/audit_results/r93_rerun_20260525T083118Z/malbeware_R93/per_instance_malbeware_20260525T034800812351Z.json
cpu,50,CERTIFIED,UNSAT,CERTIFIED,CERTIFIED,68.157,,False,,PASSED,,onnx/malware_malimg_family_scaled_4-25.onnx,vnnlib/malbeware_family-Obfuscator.AD_label-17_eps-1_idx-89.vnnlib,"[""UNSAT"",""UNSAT"",""UNSAT"",""UNSAT"",""UNSAT"",""UNSAT"",""UNSAT"",""UNSAT"",""UNSAT"",""UNSAT"",""UNSAT"",""UNSAT"",""UNSAT"",""UNSAT"",""UNSAT"",""UNSAT"",""UNSAT"",""UNSAT"",""UNSAT"",""UNSAT"",""UNSAT"",""UNSAT"",""UNSAT"",""UNSAT""]","[""CERTIFIED"",""CERTIFIED"",""CERTIFIED"",""CERTIFIED"",""CERTIFIED"",""CERTIFIED"",""CERTIFIED"",""CERTIFIED"",""CERTIFIED"",""CERTIFIED"",""CERTIFIED"",""CERTIFIED"",""CERTIFIED"",""CERTIFIED"",""CERTIFIED"",""CERTIFIED"",""CERTIFIED"",""CERTIFIED"",""CERTIFIED"",""CERTIFIED"",""CERTIFIED"",""CERTIFIED"",""CERTIFIED"",""CERTIFIED""]","[null,null,null,null,null,null,null,null,null,null,null,null,null,null,null,null,null,null,null,null,null,null,null,null]",,/data1/Kane/ACT/audit_results/r93_rerun_20260525T083118Z/malbeware_R93/per_instance_malbeware_20260525T034800812351Z.json
cpu,51,CERTIFIED,UNSAT,CERTIFIED,CERTIFIED,51.424,,False,,PASSED,,onnx/malware_malimg_family_scaled_4-25.onnx,vnnlib/malbeware_family-VB.AT_label-22_eps-3_idx-112.vnnlib,"[""UNSAT"",""UNSAT"",""UNSAT"",""UNSAT"",""UNSAT"",""UNSAT"",""UNSAT"",""UNSAT"",""UNSAT"",""UNSAT"",""UNSAT"",""UNSAT"",""UNSAT"",""UNSAT"",""UNSAT"",""UNSAT"",""UNSAT"",""UNSAT"",""UNSAT"",""UNSAT"",""UNSAT"",""UNSAT"",""UNSAT"",""UNSAT""]","[""CERTIFIED"",""CERTIFIED"",""CERTIFIED"",""CERTIFIED"",""CERTIFIED"",""CERTIFIED"",""CERTIFIED"",""CERTIFIED"",""CERTIFIED"",""CERTIFIED"",""CERTIFIED"",""CERTIFIED"",""CERTIFIED"",""CERTIFIED"",""CERTIFIED"",""CERTIFIED"",""CERTIFIED"",""CERTIFIED"",""CERTIFIED"",""CERTIFIED"",""CERTIFIED"",""CERTIFIED"",""CERTIFIED"",""CERTIFIED""]","[null,null,null,null,null,null,null,null,null,null,null,null,null,null,null,null,null,null,null,null,null,null,null,null]",,/data1/Kane/ACT/audit_results/r93_rerun_20260525T083118Z/malbeware_R93/per_instance_malbeware_20260525T034800812351Z.json
cpu,52,UNKNOWN,UNKNOWN,UNKNOWN,UNKNOWN,80.489,,False,,PASSED,,onnx/malware_malimg_family_scaled_4-25.onnx,vnnlib/malbeware_family-Allaple.A_label-2_eps-3_idx-11.vnnlib,"[""UNSAT"",""UNSAT"",""UNKNOWN"",""UNSAT"",""UNSAT"",""UNSAT"",""UNSAT"",""UNSAT"",""UNSAT"",""UNSAT"",""UNSAT"",""UNSAT"",""UNSAT"",""UNSAT"",""UNSAT"",""UNSAT"",""UNSAT"",""UNSAT"",""UNSAT"",""UNSAT"",""UNSAT"",""UNSAT"",""UNSAT"",""UNSAT""]","[""CERTIFIED"",""CERTIFIED"",""UNKNOWN"",""CERTIFIED"",""CERTIFIED"",""CERTIFIED"",""CERTIFIED"",""CERTIFIED"",""CERTIFIED"",""CERTIFIED"",""CERTIFIED"",""CERTIFIED"",""CERTIFIED"",""CERTIFIED"",""CERTIFIED"",""CERTIFIED"",""CERTIFIED"",""CERTIFIED"",""CERTIFIED"",""CERTIFIED"",""CERTIFIED"",""CERTIFIED"",""CERTIFIED"",""CERTIFIED""]","[null,null,null,null,null,null,null,null,null,null,null,null,null,null,null,null,null,null,null,null,null,null,null,null]",,/data1/Kane/ACT/audit_results/r93_rerun_20260525T083118Z/malbeware_R93/per_instance_malbeware_20260525T034800812351Z.json
cpu,53,CERTIFIED,UNSAT,CERTIFIED,CERTIFIED,68.182,,False,,PASSED,,onnx/malware_malimg_family_scaled_4-25.onnx,vnnlib/malbeware_family-Skintrim.N_label-19_eps-3_idx-96.vnnlib,"[""UNSAT"",""UNSAT"",""UNSAT"",""UNSAT"",""UNSAT"",""UNSAT"",""UNSAT"",""UNSAT"",""UNSAT"",""UNSAT"",""UNSAT"",""UNSAT"",""UNSAT"",""UNSAT"",""UNSAT"",""UNSAT"",""UNSAT"",""UNSAT"",""UNSAT"",""UNSAT"",""UNSAT"",""UNSAT"",""UNSAT"",""UNSAT""]","[""CERTIFIED"",""CERTIFIED"",""CERTIFIED"",""CERTIFIED"",""CERTIFIED"",""CERTIFIED"",""CERTIFIED"",""CERTIFIED"",""CERTIFIED"",""CERTIFIED"",""CERTIFIED"",""CERTIFIED"",""CERTIFIED"",""CERTIFIED"",""CERTIFIED"",""CERTIFIED"",""CERTIFIED"",""CERTIFIED"",""CERTIFIED"",""CERTIFIED"",""CERTIFIED"",""CERTIFIED"",""CERTIFIED"",""CERTIFIED""]","[null,null,null,null,null,null,null,null,null,null,null,null,null,null,null,null,null,null,null,null,null,null,null,null]",,/data1/Kane/ACT/audit_results/r93_rerun_20260525T083118Z/malbeware_R93/per_instance_malbeware_20260525T034800812351Z.json
cpu,54,CERTIFIED,UNSAT,CERTIFIED,CERTIFIED,50.942,,False,,PASSED,,onnx/malware_malimg_family_scaled_4-25.onnx,vnnlib/malbeware_family-Lolyda.AA1_label-12_eps-3_idx-64.vnnlib,"[""UNSAT"",""UNSAT"",""UNSAT"",""UNSAT"",""UNSAT"",""UNSAT"",""UNSAT"",""UNSAT"",""UNSAT"",""UNSAT"",""UNSAT"",""UNSAT"",""UNSAT"",""UNSAT"",""UNSAT"",""UNSAT"",""UNSAT"",""UNSAT"",""UNSAT"",""UNSAT"",""UNSAT"",""UNSAT"",""UNSAT"",""UNSAT""]","[""CERTIFIED"",""CERTIFIED"",""CERTIFIED"",""CERTIFIED"",""CERTIFIED"",""CERTIFIED"",""CERTIFIED"",""CERTIFIED"",""CERTIFIED"",""CERTIFIED"",""CERTIFIED"",""CERTIFIED"",""CERTIFIED"",""CERTIFIED"",""CERTIFIED"",""CERTIFIED"",""CERTIFIED"",""CERTIFIED"",""CERTIFIED"",""CERTIFIED"",""CERTIFIED"",""CERTIFIED"",""CERTIFIED"",""CERTIFIED""]","[null,null,null,null,null,null,null,null,null,null,null,null,null,null,null,null,null,null,null,null,null,null,null,null]",,/data1/Kane/ACT/audit_results/r93_rerun_20260525T083118Z/malbeware_R93/per_instance_malbeware_20260525T034800812351Z.json
cpu,55,CERTIFIED,UNSAT,CERTIFIED,CERTIFIED,49.303,,False,,PASSED,,onnx/malware_malimg_family_scaled_4-25.onnx,vnnlib/malbeware_family-Agent.FYI_label-1_eps-2_idx-8.vnnlib,"[""UNSAT"",""UNSAT"",""UNSAT"",""UNSAT"",""UNSAT"",""UNSAT"",""UNSAT"",""UNSAT"",""UNSAT"",""UNSAT"",""UNSAT"",""UNSAT"",""UNSAT"",""UNSAT"",""UNSAT"",""UNSAT"",""UNSAT"",""UNSAT"",""UNSAT"",""UNSAT"",""UNSAT"",""UNSAT"",""UNSAT"",""UNSAT""]","[""CERTIFIED"",""CERTIFIED"",""CERTIFIED"",""CERTIFIED"",""CERTIFIED"",""CERTIFIED"",""CERTIFIED"",""CERTIFIED"",""CERTIFIED"",""CERTIFIED"",""CERTIFIED"",""CERTIFIED"",""CERTIFIED"",""CERTIFIED"",""CERTIFIED"",""CERTIFIED"",""CERTIFIED"",""CERTIFIED"",""CERTIFIED"",""CERTIFIED"",""CERTIFIED"",""CERTIFIED"",""CERTIFIED"",""CERTIFIED""]","[null,null,null,null,null,null,null,null,null,null,null,null,null,null,null,null,null,null,null,null,null,null,null,null]",,/data1/Kane/ACT/audit_results/r93_rerun_20260525T083118Z/malbeware_R93/per_instance_malbeware_20260525T034800812351Z.json
cpu,56,UNKNOWN,UNKNOWN,UNKNOWN,UNKNOWN,80.757,,False,,PASSED,,onnx/malware_malimg_family_scaled_4-25.onnx,vnnlib/malbeware_family-Alueron.gen!J_label-4_eps-3_idx-21.vnnlib,"[""UNSAT"",""UNSAT"",""UNKNOWN"",""UNSAT"",""UNSAT"",""UNSAT"",""UNSAT"",""UNSAT"",""UNSAT"",""UNSAT"",""UNSAT"",""UNSAT"",""UNSAT"",""UNSAT"",""UNSAT"",""UNSAT"",""UNSAT"",""UNSAT"",""UNSAT"",""UNSAT"",""UNSAT"",""UNSAT"",""UNSAT"",""UNSAT""]","[""CERTIFIED"",""CERTIFIED"",""UNKNOWN"",""CERTIFIED"",""CERTIFIED"",""CERTIFIED"",""CERTIFIED"",""CERTIFIED"",""CERTIFIED"",""CERTIFIED"",""CERTIFIED"",""CERTIFIED"",""CERTIFIED"",""CERTIFIED"",""CERTIFIED"",""CERTIFIED"",""CERTIFIED"",""CERTIFIED"",""CERTIFIED"",""CERTIFIED"",""CERTIFIED"",""CERTIFIED"",""CERTIFIED"",""CERTIFIED""]","[null,null,null,null,null,null,null,null,null,null,null,null,null,null,null,null,null,null,null,null,null,null,null,null]",,/data1/Kane/ACT/audit_results/r93_rerun_20260525T083118Z/malbeware_R93/per_instance_malbeware_20260525T034800812351Z.json
cpu,57,CERTIFIED,UNSAT,CERTIFIED,CERTIFIED,69.924,,False,,PASSED,,onnx/malware_malimg_family_scaled_4-25.onnx,vnnlib/malbeware_family-Rbotigen_label-18_eps-2_idx-92.vnnlib,"[""UNSAT"",""UNSAT"",""UNSAT"",""UNSAT"",""UNSAT"",""UNSAT"",""UNSAT"",""UNSAT"",""UNSAT"",""UNSAT"",""UNSAT"",""UNSAT"",""UNSAT"",""UNSAT"",""UNSAT"",""UNSAT"",""UNSAT"",""UNSAT"",""UNSAT"",""UNSAT"",""UNSAT"",""UNSAT"",""UNSAT"",""UNSAT""]","[""CERTIFIED"",""CERTIFIED"",""CERTIFIED"",""CERTIFIED"",""CERTIFIED"",""CERTIFIED"",""CERTIFIED"",""CERTIFIED"",""CERTIFIED"",""CERTIFIED"",""CERTIFIED"",""CERTIFIED"",""CERTIFIED"",""CERTIFIED"",""CERTIFIED"",""CERTIFIED"",""CERTIFIED"",""CERTIFIED"",""CERTIFIED"",""CERTIFIED"",""CERTIFIED"",""CERTIFIED"",""CERTIFIED"",""CERTIFIED""]","[null,null,null,null,null,null,null,null,null,null,null,null,null,null,null,null,null,null,null,null,null,null,null,null]",,/data1/Kane/ACT/audit_results/r93_rerun_20260525T083118Z/malbeware_R93/per_instance_malbeware_20260525T034800812351Z.json
cpu,58,CERTIFIED,UNSAT,CERTIFIED,CERTIFIED,75.932,,False,,PASSED,,onnx/malware_malimg_family_scaled_4-25.onnx,vnnlib/malbeware_family-Yuner.A_label-24_eps-3_idx-120.vnnlib,"[""UNSAT"",""UNSAT"",""UNSAT"",""UNSAT"",""UNSAT"",""UNSAT"",""UNSAT"",""UNSAT"",""UNSAT"",""UNSAT"",""UNSAT"",""UNSAT"",""UNSAT"",""UNSAT"",""UNSAT"",""UNSAT"",""UNSAT"",""UNSAT"",""UNSAT"",""UNSAT"",""UNSAT"",""UNSAT"",""UNSAT"",""UNSAT""]","[""CERTIFIED"",""CERTIFIED"",""CERTIFIED"",""CERTIFIED"",""CERTIFIED"",""CERTIFIED"",""CERTIFIED"",""CERTIFIED"",""CERTIFIED"",""CERTIFIED"",""CERTIFIED"",""CERTIFIED"",""CERTIFIED"",""CERTIFIED"",""CERTIFIED"",""CERTIFIED"",""CERTIFIED"",""CERTIFIED"",""CERTIFIED"",""CERTIFIED"",""CERTIFIED"",""CERTIFIED"",""CERTIFIED"",""CERTIFIED""]","[null,null,null,null,null,null,null,null,null,null,null,null,null,null,null,null,null,null,null,null,null,null,null,null]",,/data1/Kane/ACT/audit_results/r93_rerun_20260525T083118Z/malbeware_R93/per_instance_malbeware_20260525T034800812351Z.json
cpu,59,FALSIFIED,SAT,FALSIFIED,FALSIFIED,67.823,,False,,PASSED,,onnx/malware_malimg_family_scaled_4-25.onnx,vnnlib/malbeware_family-Swizzor.gen!E_label-20_eps-3_idx-102.vnnlib,"[""UNSAT"",""UNSAT"",""UNSAT"",""UNSAT"",""UNSAT"",""UNSAT"",""UNSAT"",""UNKNOWN"",""UNSAT"",""UNSAT"",""UNSAT"",""UNSAT"",""UNSAT"",""UNSAT"",""UNSAT"",""UNSAT"",""UNSAT"",""UNSAT"",""UNSAT"",""UNSAT"",""SAT""]","[""CERTIFIED"",""CERTIFIED"",""CERTIFIED"",""CERTIFIED"",""CERTIFIED"",""CERTIFIED"",""CERTIFIED"",""UNKNOWN"",""CERTIFIED"",""CERTIFIED"",""CERTIFIED"",""CERTIFIED"",""CERTIFIED"",""CERTIFIED"",""CERTIFIED"",""CERTIFIED"",""CERTIFIED"",""CERTIFIED"",""CERTIFIED"",""CERTIFIED"",""FALSIFIED""]","[null,null,null,null,null,null,null,null,null,null,null,null,null,null,null,null,null,null,null,null,""/data1/Kane/ACT/audit_results/r93_rerun_20260525T083118Z/malbeware_R93/malbeware_59_q20_hz_walker_lp_0.json""]",,/data1/Kane/ACT/audit_results/r93_rerun_20260525T083118Z/malbeware_R93/per_instance_malbeware_20260525T034800812351Z.json
cpu,6,CERTIFIED,UNSAT,CERTIFIED,CERTIFIED,3.358,,False,,PASSED,,onnx/malware_malimg_family_scaled_linear-25.onnx,vnnlib/malbeware_family-Alueron.gen!J_label-4_eps-3_idx-21.vnnlib,"[""UNSAT"",""UNSAT"",""UNSAT"",""UNSAT"",""UNSAT"",""UNSAT"",""UNSAT"",""UNSAT"",""UNSAT"",""UNSAT"",""UNSAT"",""UNSAT"",""UNSAT"",""UNSAT"",""UNSAT"",""UNSAT"",""UNSAT"",""UNSAT"",""UNSAT"",""UNSAT"",""UNSAT"",""UNSAT"",""UNSAT"",""UNSAT""]","[""CERTIFIED"",""CERTIFIED"",""CERTIFIED"",""CERTIFIED"",""CERTIFIED"",""CERTIFIED"",""CERTIFIED"",""CERTIFIED"",""CERTIFIED"",""CERTIFIED"",""CERTIFIED"",""CERTIFIED"",""CERTIFIED"",""CERTIFIED"",""CERTIFIED"",""CERTIFIED"",""CERTIFIED"",""CERTIFIED"",""CERTIFIED"",""CERTIFIED"",""CERTIFIED"",""CERTIFIED"",""CERTIFIED"",""CERTIFIED""]","[null,null,null,null,null,null,null,null,null,null,null,null,null,null,null,null,null,null,null,null,null,null,null,null]",,/data1/Kane/ACT/audit_results/r93_rerun_20260525T083118Z/malbeware_R93/per_instance_malbeware_20260525T034800812351Z.json
cpu,60,CERTIFIED,UNSAT,CERTIFIED,CERTIFIED,52.706,,False,,PASSED,,onnx/malware_malimg_family_scaled_4-25.onnx,vnnlib/malbeware_family-Lolyda.AA1_label-12_eps-3_idx-60.vnnlib,"[""UNSAT"",""UNSAT"",""UNSAT"",""UNSAT"",""UNSAT"",""UNSAT"",""UNSAT"",""UNSAT"",""UNSAT"",""UNSAT"",""UNSAT"",""UNSAT"",""UNSAT"",""UNSAT"",""UNSAT"",""UNSAT"",""UNSAT"",""UNSAT"",""UNSAT"",""UNSAT"",""UNSAT"",""UNSAT"",""UNSAT"",""UNSAT""]","[""CERTIFIED"",""CERTIFIED"",""CERTIFIED"",""CERTIFIED"",""CERTIFIED"",""CERTIFIED"",""CERTIFIED"",""CERTIFIED"",""CERTIFIED"",""CERTIFIED"",""CERTIFIED"",""CERTIFIED"",""CERTIFIED"",""CERTIFIED"",""CERTIFIED"",""CERTIFIED"",""CERTIFIED"",""CERTIFIED"",""CERTIFIED"",""CERTIFIED"",""CERTIFIED"",""CERTIFIED"",""CERTIFIED"",""CERTIFIED""]","[null,null,null,null,null,null,null,null,null,null,null,null,null,null,null,null,null,null,null,null,null,null,null,null]",,/data1/Kane/ACT/audit_results/r93_rerun_20260525T083118Z/malbeware_R93/per_instance_malbeware_20260525T034800812351Z.json
cpu,61,CERTIFIED,UNSAT,CERTIFIED,CERTIFIED,51.185,,False,,PASSED,,onnx/malware_malimg_family_scaled_4-25.onnx,vnnlib/malbeware_family-Skintrim.N_label-19_eps-1_idx-96.vnnlib,"[""UNSAT"",""UNSAT"",""UNSAT"",""UNSAT"",""UNSAT"",""UNSAT"",""UNSAT"",""UNSAT"",""UNSAT"",""UNSAT"",""UNSAT"",""UNSAT"",""UNSAT"",""UNSAT"",""UNSAT"",""UNSAT"",""UNSAT"",""UNSAT"",""UNSAT"",""UNSAT"",""UNSAT"",""UNSAT"",""UNSAT"",""UNSAT""]","[""CERTIFIED"",""CERTIFIED"",""CERTIFIED"",""CERTIFIED"",""CERTIFIED"",""CERTIFIED"",""CERTIFIED"",""CERTIFIED"",""CERTIFIED"",""CERTIFIED"",""CERTIFIED"",""CERTIFIED"",""CERTIFIED"",""CERTIFIED"",""CERTIFIED"",""CERTIFIED"",""CERTIFIED"",""CERTIFIED"",""CERTIFIED"",""CERTIFIED"",""CERTIFIED"",""CERTIFIED"",""CERTIFIED"",""CERTIFIED""]","[null,null,null,null,null,null,null,null,null,null,null,null,null,null,null,null,null,null,null,null,null,null,null,null]",,/data1/Kane/ACT/audit_results/r93_rerun_20260525T083118Z/malbeware_R93/per_instance_malbeware_20260525T034800812351Z.json
cpu,62,CERTIFIED,UNSAT,CERTIFIED,CERTIFIED,75.656,,False,,PASSED,,onnx/malware_malimg_family_scaled_4-25.onnx,vnnlib/malbeware_family-Fakerean_label-10_eps-3_idx-54.vnnlib,"[""UNSAT"",""UNSAT"",""UNSAT"",""UNSAT"",""UNSAT"",""UNSAT"",""UNSAT"",""UNSAT"",""UNSAT"",""UNSAT"",""UNSAT"",""UNSAT"",""UNSAT"",""UNSAT"",""UNSAT"",""UNSAT"",""UNSAT"",""UNSAT"",""UNSAT"",""UNSAT"",""UNSAT"",""UNSAT"",""UNSAT"",""UNSAT""]","[""CERTIFIED"",""CERTIFIED"",""CERTIFIED"",""CERTIFIED"",""CERTIFIED"",""CERTIFIED"",""CERTIFIED"",""CERTIFIED"",""CERTIFIED"",""CERTIFIED"",""CERTIFIED"",""CERTIFIED"",""CERTIFIED"",""CERTIFIED"",""CERTIFIED"",""CERTIFIED"",""CERTIFIED"",""CERTIFIED"",""CERTIFIED"",""CERTIFIED"",""CERTIFIED"",""CERTIFIED"",""CERTIFIED"",""CERTIFIED""]","[null,null,null,null,null,null,null,null,null,null,null,null,null,null,null,null,null,null,null,null,null,null,null,null]",,/data1/Kane/ACT/audit_results/r93_rerun_20260525T083118Z/malbeware_R93/per_instance_malbeware_20260525T034800812351Z.json
cpu,63,CERTIFIED,UNSAT,CERTIFIED,CERTIFIED,74.287,,False,,PASSED,,onnx/malware_malimg_family_scaled_4-25.onnx,vnnlib/malbeware_family-Allaple.L_label-3_eps-2_idx-16.vnnlib,"[""UNSAT"",""UNSAT"",""UNSAT"",""UNSAT"",""UNSAT"",""UNSAT"",""UNSAT"",""UNSAT"",""UNSAT"",""UNSAT"",""UNSAT"",""UNSAT"",""UNSAT"",""UNSAT"",""UNSAT"",""UNSAT"",""UNSAT"",""UNSAT"",""UNSAT"",""UNSAT"",""UNSAT"",""UNSAT"",""UNSAT"",""UNSAT""]","[""CERTIFIED"",""CERTIFIED"",""CERTIFIED"",""CERTIFIED"",""CERTIFIED"",""CERTIFIED"",""CERTIFIED"",""CERTIFIED"",""CERTIFIED"",""CERTIFIED"",""CERTIFIED"",""CERTIFIED"",""CERTIFIED"",""CERTIFIED"",""CERTIFIED"",""CERTIFIED"",""CERTIFIED"",""CERTIFIED"",""CERTIFIED"",""CERTIFIED"",""CERTIFIED"",""CERTIFIED"",""CERTIFIED"",""CERTIFIED""]","[null,null,null,null,null,null,null,null,null,null,null,null,null,null,null,null,null,null,null,null,null,null,null,null]",,/data1/Kane/ACT/audit_results/r93_rerun_20260525T083118Z/malbeware_R93/per_instance_malbeware_20260525T034800812351Z.json
cpu,64,CERTIFIED,UNSAT,CERTIFIED,CERTIFIED,48.627,,False,,PASSED,,onnx/malware_malimg_family_scaled_4-25.onnx,vnnlib/malbeware_family-Adialer.C_label-0_eps-1_idx-4.vnnlib,"[""UNSAT"",""UNSAT"",""UNSAT"",""UNSAT"",""UNSAT"",""UNSAT"",""UNSAT"",""UNSAT"",""UNSAT"",""UNSAT"",""UNSAT"",""UNSAT"",""UNSAT"",""UNSAT"",""UNSAT"",""UNSAT"",""UNSAT"",""UNSAT"",""UNSAT"",""UNSAT"",""UNSAT"",""UNSAT"",""UNSAT"",""UNSAT""]","[""CERTIFIED"",""CERTIFIED"",""CERTIFIED"",""CERTIFIED"",""CERTIFIED"",""CERTIFIED"",""CERTIFIED"",""CERTIFIED"",""CERTIFIED"",""CERTIFIED"",""CERTIFIED"",""CERTIFIED"",""CERTIFIED"",""CERTIFIED"",""CERTIFIED"",""CERTIFIED"",""CERTIFIED"",""CERTIFIED"",""CERTIFIED"",""CERTIFIED"",""CERTIFIED"",""CERTIFIED"",""CERTIFIED"",""CERTIFIED""]","[null,null,null,null,null,null,null,null,null,null,null,null,null,null,null,null,null,null,null,null,null,null,null,null]",,/data1/Kane/ACT/audit_results/r93_rerun_20260525T083118Z/malbeware_R93/per_instance_malbeware_20260525T034800812351Z.json
cpu,65,UNKNOWN,UNKNOWN,UNKNOWN,UNKNOWN,91.242,,False,,PASSED,,onnx/malware_malimg_family_scaled_4-25.onnx,vnnlib/malbeware_family-Wintrim.BX_label-23_eps-3_idx-119.vnnlib,"[""UNSAT"",""UNSAT"",""UNKNOWN"",""UNSAT"",""UNSAT"",""UNSAT"",""UNSAT"",""UNKNOWN"",""UNSAT"",""UNSAT"",""UNSAT"",""UNSAT"",""UNSAT"",""UNSAT"",""UNSAT"",""UNSAT"",""UNSAT"",""UNSAT"",""UNSAT"",""UNSAT"",""UNSAT"",""UNSAT"",""UNSAT"",""UNSAT""]","[""CERTIFIED"",""CERTIFIED"",""UNKNOWN"",""CERTIFIED"",""CERTIFIED"",""CERTIFIED"",""CERTIFIED"",""UNKNOWN"",""CERTIFIED"",""CERTIFIED"",""CERTIFIED"",""CERTIFIED"",""CERTIFIED"",""CERTIFIED"",""CERTIFIED"",""CERTIFIED"",""CERTIFIED"",""CERTIFIED"",""CERTIFIED"",""CERTIFIED"",""CERTIFIED"",""CERTIFIED"",""CERTIFIED"",""CERTIFIED""]","[null,null,null,null,null,null,null,null,null,null,null,null,null,null,null,null,null,null,null,null,null,null,null,null]",,/data1/Kane/ACT/audit_results/r93_rerun_20260525T083118Z/malbeware_R93/per_instance_malbeware_20260525T034800812351Z.json
cpu,66,CERTIFIED,UNSAT,CERTIFIED,CERTIFIED,49.633,,False,,PASSED,,onnx/malware_malimg_family_scaled_4-25.onnx,vnnlib/malbeware_family-Rbotigen_label-18_eps-2_idx-94.vnnlib,"[""UNSAT"",""UNSAT"",""UNSAT"",""UNSAT"",""UNSAT"",""UNSAT"",""UNSAT"",""UNSAT"",""UNSAT"",""UNSAT"",""UNSAT"",""UNSAT"",""UNSAT"",""UNSAT"",""UNSAT"",""UNSAT"",""UNSAT"",""UNSAT"",""UNSAT"",""UNSAT"",""UNSAT"",""UNSAT"",""UNSAT"",""UNSAT""]","[""CERTIFIED"",""CERTIFIED"",""CERTIFIED"",""CERTIFIED"",""CERTIFIED"",""CERTIFIED"",""CERTIFIED"",""CERTIFIED"",""CERTIFIED"",""CERTIFIED"",""CERTIFIED"",""CERTIFIED"",""CERTIFIED"",""CERTIFIED"",""CERTIFIED"",""CERTIFIED"",""CERTIFIED"",""CERTIFIED"",""CERTIFIED"",""CERTIFIED"",""CERTIFIED"",""CERTIFIED"",""CERTIFIED"",""CERTIFIED""]","[null,null,null,null,null,null,null,null,null,null,null,null,null,null,null,null,null,null,null,null,null,null,null,null]",,/data1/Kane/ACT/audit_results/r93_rerun_20260525T083118Z/malbeware_R93/per_instance_malbeware_20260525T034800812351Z.json
cpu,67,CERTIFIED,UNSAT,CERTIFIED,CERTIFIED,74.871,,False,,PASSED,,onnx/malware_malimg_family_scaled_4-25.onnx,vnnlib/malbeware_family-Obfuscator.AD_label-17_eps-2_idx-87.vnnlib,"[""UNSAT"",""UNSAT"",""UNSAT"",""UNSAT"",""UNSAT"",""UNSAT"",""UNSAT"",""UNSAT"",""UNSAT"",""UNSAT"",""UNSAT"",""UNSAT"",""UNSAT"",""UNSAT"",""UNSAT"",""UNSAT"",""UNSAT"",""UNSAT"",""UNSAT"",""UNSAT"",""UNSAT"",""UNSAT"",""UNSAT"",""UNSAT""]","[""CERTIFIED"",""CERTIFIED"",""CERTIFIED"",""CERTIFIED"",""CERTIFIED"",""CERTIFIED"",""CERTIFIED"",""CERTIFIED"",""CERTIFIED"",""CERTIFIED"",""CERTIFIED"",""CERTIFIED"",""CERTIFIED"",""CERTIFIED"",""CERTIFIED"",""CERTIFIED"",""CERTIFIED"",""CERTIFIED"",""CERTIFIED"",""CERTIFIED"",""CERTIFIED"",""CERTIFIED"",""CERTIFIED"",""CERTIFIED""]","[null,null,null,null,null,null,null,null,null,null,null,null,null,null,null,null,null,null,null,null,null,null,null,null]",,/data1/Kane/ACT/audit_results/r93_rerun_20260525T083118Z/malbeware_R93/per_instance_malbeware_20260525T034800812351Z.json
cpu,68,CERTIFIED,UNSAT,CERTIFIED,CERTIFIED,43.775,,False,,PASSED,,onnx/malware_malimg_family_scaled_4-25.onnx,vnnlib/malbeware_family-Lolyda.AA3_label-14_eps-1_idx-71.vnnlib,"[""UNSAT"",""UNSAT"",""UNSAT"",""UNSAT"",""UNSAT"",""UNSAT"",""UNSAT"",""UNSAT"",""UNSAT"",""UNSAT"",""UNSAT"",""UNSAT"",""UNSAT"",""UNSAT"",""UNSAT"",""UNSAT"",""UNSAT"",""UNSAT"",""UNSAT"",""UNSAT"",""UNSAT"",""UNSAT"",""UNSAT"",""UNSAT""]","[""CERTIFIED"",""CERTIFIED"",""CERTIFIED"",""CERTIFIED"",""CERTIFIED"",""CERTIFIED"",""CERTIFIED"",""CERTIFIED"",""CERTIFIED"",""CERTIFIED"",""CERTIFIED"",""CERTIFIED"",""CERTIFIED"",""CERTIFIED"",""CERTIFIED"",""CERTIFIED"",""CERTIFIED"",""CERTIFIED"",""CERTIFIED"",""CERTIFIED"",""CERTIFIED"",""CERTIFIED"",""CERTIFIED"",""CERTIFIED""]","[null,null,null,null,null,null,null,null,null,null,null,null,null,null,null,null,null,null,null,null,null,null,null,null]",,/data1/Kane/ACT/audit_results/r93_rerun_20260525T083118Z/malbeware_R93/per_instance_malbeware_20260525T034800812351Z.json
cpu,69,CERTIFIED,UNSAT,CERTIFIED,CERTIFIED,49.609,,False,,PASSED,,onnx/malware_malimg_family_scaled_4-25.onnx,vnnlib/malbeware_family-Malex.gen!J_label-16_eps-1_idx-84.vnnlib,"[""UNSAT"",""UNSAT"",""UNSAT"",""UNSAT"",""UNSAT"",""UNSAT"",""UNSAT"",""UNSAT"",""UNSAT"",""UNSAT"",""UNSAT"",""UNSAT"",""UNSAT"",""UNSAT"",""UNSAT"",""UNSAT"",""UNSAT"",""UNSAT"",""UNSAT"",""UNSAT"",""UNSAT"",""UNSAT"",""UNSAT"",""UNSAT""]","[""CERTIFIED"",""CERTIFIED"",""CERTIFIED"",""CERTIFIED"",""CERTIFIED"",""CERTIFIED"",""CERTIFIED"",""CERTIFIED"",""CERTIFIED"",""CERTIFIED"",""CERTIFIED"",""CERTIFIED"",""CERTIFIED"",""CERTIFIED"",""CERTIFIED"",""CERTIFIED"",""CERTIFIED"",""CERTIFIED"",""CERTIFIED"",""CERTIFIED"",""CERTIFIED"",""CERTIFIED"",""CERTIFIED"",""CERTIFIED""]","[null,null,null,null,null,null,null,null,null,null,null,null,null,null,null,null,null,null,null,null,null,null,null,null]",,/data1/Kane/ACT/audit_results/r93_rerun_20260525T083118Z/malbeware_R93/per_instance_malbeware_20260525T034800812351Z.json
cpu,7,CERTIFIED,UNSAT,CERTIFIED,CERTIFIED,3.084,,False,,PASSED,,onnx/malware_malimg_family_scaled_linear-25.onnx,vnnlib/malbeware_family-Rbotigen_label-18_eps-2_idx-92.vnnlib,"[""UNSAT"",""UNSAT"",""UNSAT"",""UNSAT"",""UNSAT"",""UNSAT"",""UNSAT"",""UNSAT"",""UNSAT"",""UNSAT"",""UNSAT"",""UNSAT"",""UNSAT"",""UNSAT"",""UNSAT"",""UNSAT"",""UNSAT"",""UNSAT"",""UNSAT"",""UNSAT"",""UNSAT"",""UNSAT"",""UNSAT"",""UNSAT""]","[""CERTIFIED"",""CERTIFIED"",""CERTIFIED"",""CERTIFIED"",""CERTIFIED"",""CERTIFIED"",""CERTIFIED"",""CERTIFIED"",""CERTIFIED"",""CERTIFIED"",""CERTIFIED"",""CERTIFIED"",""CERTIFIED"",""CERTIFIED"",""CERTIFIED"",""CERTIFIED"",""CERTIFIED"",""CERTIFIED"",""CERTIFIED"",""CERTIFIED"",""CERTIFIED"",""CERTIFIED"",""CERTIFIED"",""CERTIFIED""]","[null,null,null,null,null,null,null,null,null,null,null,null,null,null,null,null,null,null,null,null,null,null,null,null]",,/data1/Kane/ACT/audit_results/r93_rerun_20260525T083118Z/malbeware_R93/per_instance_malbeware_20260525T034800812351Z.json
cpu,70,CERTIFIED,UNSAT,CERTIFIED,CERTIFIED,47.679,,False,,PASSED,,onnx/malware_malimg_family_scaled_4-25.onnx,vnnlib/malbeware_family-Dontovo.A_label-9_eps-1_idx-48.vnnlib,"[""UNSAT"",""UNSAT"",""UNSAT"",""UNSAT"",""UNSAT"",""UNSAT"",""UNSAT"",""UNSAT"",""UNSAT"",""UNSAT"",""UNSAT"",""UNSAT"",""UNSAT"",""UNSAT"",""UNSAT"",""UNSAT"",""UNSAT"",""UNSAT"",""UNSAT"",""UNSAT"",""UNSAT"",""UNSAT"",""UNSAT"",""UNSAT""]","[""CERTIFIED"",""CERTIFIED"",""CERTIFIED"",""CERTIFIED"",""CERTIFIED"",""CERTIFIED"",""CERTIFIED"",""CERTIFIED"",""CERTIFIED"",""CERTIFIED"",""CERTIFIED"",""CERTIFIED"",""CERTIFIED"",""CERTIFIED"",""CERTIFIED"",""CERTIFIED"",""CERTIFIED"",""CERTIFIED"",""CERTIFIED"",""CERTIFIED"",""CERTIFIED"",""CERTIFIED"",""CERTIFIED"",""CERTIFIED""]","[null,null,null,null,null,null,null,null,null,null,null,null,null,null,null,null,null,null,null,null,null,null,null,null]",,/data1/Kane/ACT/audit_results/r93_rerun_20260525T083118Z/malbeware_R93/per_instance_malbeware_20260525T034800812351Z.json
cpu,71,FALSIFIED,SAT,FALSIFIED,FALSIFIED,66.196,,False,,PASSED,,onnx/malware_malimg_family_scaled_4-25.onnx,vnnlib/malbeware_family-Swizzor.gen!E_label-20_eps-3_idx-100.vnnlib,"[""UNSAT"",""UNSAT"",""UNSAT"",""UNSAT"",""UNSAT"",""UNSAT"",""UNSAT"",""UNSAT"",""UNSAT"",""UNSAT"",""UNSAT"",""UNSAT"",""UNSAT"",""UNSAT"",""UNSAT"",""UNSAT"",""UNSAT"",""UNSAT"",""UNSAT"",""UNSAT"",""SAT""]","[""CERTIFIED"",""CERTIFIED"",""CERTIFIED"",""CERTIFIED"",""CERTIFIED"",""CERTIFIED"",""CERTIFIED"",""CERTIFIED"",""CERTIFIED"",""CERTIFIED"",""CERTIFIED"",""CERTIFIED"",""CERTIFIED"",""CERTIFIED"",""CERTIFIED"",""CERTIFIED"",""CERTIFIED"",""CERTIFIED"",""CERTIFIED"",""CERTIFIED"",""FALSIFIED""]","[null,null,null,null,null,null,null,null,null,null,null,null,null,null,null,null,null,null,null,null,""/data1/Kane/ACT/audit_results/r93_rerun_20260525T083118Z/malbeware_R93/malbeware_71_q20_hz_walker_lp_0.json""]",,/data1/Kane/ACT/audit_results/r93_rerun_20260525T083118Z/malbeware_R93/per_instance_malbeware_20260525T034800812351Z.json
cpu,72,CERTIFIED,UNSAT,CERTIFIED,CERTIFIED,81.205,,False,,PASSED,,onnx/malware_malimg_family_scaled_4-25.onnx,vnnlib/malbeware_family-Wintrim.BX_label-23_eps-2_idx-117.vnnlib,"[""UNSAT"",""UNSAT"",""UNSAT"",""UNSAT"",""UNSAT"",""UNSAT"",""UNSAT"",""UNSAT"",""UNSAT"",""UNSAT"",""UNSAT"",""UNSAT"",""UNSAT"",""UNSAT"",""UNSAT"",""UNSAT"",""UNSAT"",""UNSAT"",""UNSAT"",""UNSAT"",""UNSAT"",""UNSAT"",""UNSAT"",""UNSAT""]","[""CERTIFIED"",""CERTIFIED"",""CERTIFIED"",""CERTIFIED"",""CERTIFIED"",""CERTIFIED"",""CERTIFIED"",""CERTIFIED"",""CERTIFIED"",""CERTIFIED"",""CERTIFIED"",""CERTIFIED"",""CERTIFIED"",""CERTIFIED"",""CERTIFIED"",""CERTIFIED"",""CERTIFIED"",""CERTIFIED"",""CERTIFIED"",""CERTIFIED"",""CERTIFIED"",""CERTIFIED"",""CERTIFIED"",""CERTIFIED""]","[null,null,null,null,null,null,null,null,null,null,null,null,null,null,null,null,null,null,null,null,null,null,null,null]",,/data1/Kane/ACT/audit_results/r93_rerun_20260525T083118Z/malbeware_R93/per_instance_malbeware_20260525T034800812351Z.json
cpu,73,CERTIFIED,UNSAT,CERTIFIED,CERTIFIED,50.14,,False,,PASSED,,onnx/malware_malimg_family_scaled_4-25.onnx,vnnlib/malbeware_family-Autorun.K_label-5_eps-1_idx-25.vnnlib,"[""UNSAT"",""UNSAT"",""UNSAT"",""UNSAT"",""UNSAT"",""UNSAT"",""UNSAT"",""UNSAT"",""UNSAT"",""UNSAT"",""UNSAT"",""UNSAT"",""UNSAT"",""UNSAT"",""UNSAT"",""UNSAT"",""UNSAT"",""UNSAT"",""UNSAT"",""UNSAT"",""UNSAT"",""UNSAT"",""UNSAT"",""UNSAT""]","[""CERTIFIED"",""CERTIFIED"",""CERTIFIED"",""CERTIFIED"",""CERTIFIED"",""CERTIFIED"",""CERTIFIED"",""CERTIFIED"",""CERTIFIED"",""CERTIFIED"",""CERTIFIED"",""CERTIFIED"",""CERTIFIED"",""CERTIFIED"",""CERTIFIED"",""CERTIFIED"",""CERTIFIED"",""CERTIFIED"",""CERTIFIED"",""CERTIFIED"",""CERTIFIED"",""CERTIFIED"",""CERTIFIED"",""CERTIFIED""]","[null,null,null,null,null,null,null,null,null,null,null,null,null,null,null,null,null,null,null,null,null,null,null,null]",,/data1/Kane/ACT/audit_results/r93_rerun_20260525T083118Z/malbeware_R93/per_instance_malbeware_20260525T034800812351Z.json
cpu,74,CERTIFIED,UNSAT,CERTIFIED,CERTIFIED,44.791,,False,,PASSED,,onnx/malware_malimg_family_scaled_4-25.onnx,vnnlib/malbeware_family-Lolyda.AA3_label-14_eps-3_idx-71.vnnlib,"[""UNSAT"",""UNSAT"",""UNSAT"",""UNSAT"",""UNSAT"",""UNSAT"",""UNSAT"",""UNSAT"",""UNSAT"",""UNSAT"",""UNSAT"",""UNSAT"",""UNSAT"",""UNSAT"",""UNSAT"",""UNSAT"",""UNSAT"",""UNSAT"",""UNSAT"",""UNSAT"",""UNSAT"",""UNSAT"",""UNSAT"",""UNSAT""]","[""CERTIFIED"",""CERTIFIED"",""CERTIFIED"",""CERTIFIED"",""CERTIFIED"",""CERTIFIED"",""CERTIFIED"",""CERTIFIED"",""CERTIFIED"",""CERTIFIED"",""CERTIFIED"",""CERTIFIED"",""CERTIFIED"",""CERTIFIED"",""CERTIFIED"",""CERTIFIED"",""CERTIFIED"",""CERTIFIED"",""CERTIFIED"",""CERTIFIED"",""CERTIFIED"",""CERTIFIED"",""CERTIFIED"",""CERTIFIED""]","[null,null,null,null,null,null,null,null,null,null,null,null,null,null,null,null,null,null,null,null,null,null,null,null]",,/data1/Kane/ACT/audit_results/r93_rerun_20260525T083118Z/malbeware_R93/per_instance_malbeware_20260525T034800812351Z.json
cpu,75,CERTIFIED,UNSAT,CERTIFIED,CERTIFIED,49.013,,False,,PASSED,,onnx/malware_malimg_family_scaled_4-25.onnx,vnnlib/malbeware_family-Agent.FYI_label-1_eps-3_idx-8.vnnlib,"[""UNSAT"",""UNSAT"",""UNSAT"",""UNSAT"",""UNSAT"",""UNSAT"",""UNSAT"",""UNSAT"",""UNSAT"",""UNSAT"",""UNSAT"",""UNSAT"",""UNSAT"",""UNSAT"",""UNSAT"",""UNSAT"",""UNSAT"",""UNSAT"",""UNSAT"",""UNSAT"",""UNSAT"",""UNSAT"",""UNSAT"",""UNSAT""]","[""CERTIFIED"",""CERTIFIED"",""CERTIFIED"",""CERTIFIED"",""CERTIFIED"",""CERTIFIED"",""CERTIFIED"",""CERTIFIED"",""CERTIFIED"",""CERTIFIED"",""CERTIFIED"",""CERTIFIED"",""CERTIFIED"",""CERTIFIED"",""CERTIFIED"",""CERTIFIED"",""CERTIFIED"",""CERTIFIED"",""CERTIFIED"",""CERTIFIED"",""CERTIFIED"",""CERTIFIED"",""CERTIFIED"",""CERTIFIED""]","[null,null,null,null,null,null,null,null,null,null,null,null,null,null,null,null,null,null,null,null,null,null,null,null]",,/data1/Kane/ACT/audit_results/r93_rerun_20260525T083118Z/malbeware_R93/per_instance_malbeware_20260525T034800812351Z.json
cpu,76,UNKNOWN,UNKNOWN,UNKNOWN,UNKNOWN,81.711,,False,,PASSED,,onnx/malware_malimg_family_scaled_4-25.onnx,vnnlib/malbeware_family-Allaple.A_label-2_eps-3_idx-12.vnnlib,"[""UNSAT"",""UNSAT"",""UNKNOWN"",""UNSAT"",""UNSAT"",""UNSAT"",""UNSAT"",""UNSAT"",""UNSAT"",""UNSAT"",""UNSAT"",""UNSAT"",""UNSAT"",""UNSAT"",""UNSAT"",""UNSAT"",""UNSAT"",""UNSAT"",""UNSAT"",""UNSAT"",""UNSAT"",""UNSAT"",""UNSAT"",""UNSAT""]","[""CERTIFIED"",""CERTIFIED"",""UNKNOWN"",""CERTIFIED"",""CERTIFIED"",""CERTIFIED"",""CERTIFIED"",""CERTIFIED"",""CERTIFIED"",""CERTIFIED"",""CERTIFIED"",""CERTIFIED"",""CERTIFIED"",""CERTIFIED"",""CERTIFIED"",""CERTIFIED"",""CERTIFIED"",""CERTIFIED"",""CERTIFIED"",""CERTIFIED"",""CERTIFIED"",""CERTIFIED"",""CERTIFIED"",""CERTIFIED""]","[null,null,null,null,null,null,null,null,null,null,null,null,null,null,null,null,null,null,null,null,null,null,null,null]",,/data1/Kane/ACT/audit_results/r93_rerun_20260525T083118Z/malbeware_R93/per_instance_malbeware_20260525T034800812351Z.json
cpu,77,CERTIFIED,UNSAT,CERTIFIED,CERTIFIED,48.362,,False,,PASSED,,onnx/malware_malimg_family_scaled_4-25.onnx,vnnlib/malbeware_family-Lolyda.AA2_label-13_eps-2_idx-68.vnnlib,"[""UNSAT"",""UNSAT"",""UNSAT"",""UNSAT"",""UNSAT"",""UNSAT"",""UNSAT"",""UNSAT"",""UNSAT"",""UNSAT"",""UNSAT"",""UNSAT"",""UNSAT"",""UNSAT"",""UNSAT"",""UNSAT"",""UNSAT"",""UNSAT"",""UNSAT"",""UNSAT"",""UNSAT"",""UNSAT"",""UNSAT"",""UNSAT""]","[""CERTIFIED"",""CERTIFIED"",""CERTIFIED"",""CERTIFIED"",""CERTIFIED"",""CERTIFIED"",""CERTIFIED"",""CERTIFIED"",""CERTIFIED"",""CERTIFIED"",""CERTIFIED"",""CERTIFIED"",""CERTIFIED"",""CERTIFIED"",""CERTIFIED"",""CERTIFIED"",""CERTIFIED"",""CERTIFIED"",""CERTIFIED"",""CERTIFIED"",""CERTIFIED"",""CERTIFIED"",""CERTIFIED"",""CERTIFIED""]","[null,null,null,null,null,null,null,null,null,null,null,null,null,null,null,null,null,null,null,null,null,null,null,null]",,/data1/Kane/ACT/audit_results/r93_rerun_20260525T083118Z/malbeware_R93/per_instance_malbeware_20260525T034800812351Z.json
cpu,78,CERTIFIED,UNSAT,CERTIFIED,CERTIFIED,47.137,,False,,PASSED,,onnx/malware_malimg_family_scaled_4-25.onnx,vnnlib/malbeware_family-Lolyda.AA2_label-13_eps-1_idx-66.vnnlib,"[""UNSAT"",""UNSAT"",""UNSAT"",""UNSAT"",""UNSAT"",""UNSAT"",""UNSAT"",""UNSAT"",""UNSAT"",""UNSAT"",""UNSAT"",""UNSAT"",""UNSAT"",""UNSAT"",""UNSAT"",""UNSAT"",""UNSAT"",""UNSAT"",""UNSAT"",""UNSAT"",""UNSAT"",""UNSAT"",""UNSAT"",""UNSAT""]","[""CERTIFIED"",""CERTIFIED"",""CERTIFIED"",""CERTIFIED"",""CERTIFIED"",""CERTIFIED"",""CERTIFIED"",""CERTIFIED"",""CERTIFIED"",""CERTIFIED"",""CERTIFIED"",""CERTIFIED"",""CERTIFIED"",""CERTIFIED"",""CERTIFIED"",""CERTIFIED"",""CERTIFIED"",""CERTIFIED"",""CERTIFIED"",""CERTIFIED"",""CERTIFIED"",""CERTIFIED"",""CERTIFIED"",""CERTIFIED""]","[null,null,null,null,null,null,null,null,null,null,null,null,null,null,null,null,null,null,null,null,null,null,null,null]",,/data1/Kane/ACT/audit_results/r93_rerun_20260525T083118Z/malbeware_R93/per_instance_malbeware_20260525T034800812351Z.json
cpu,79,CERTIFIED,UNSAT,CERTIFIED,CERTIFIED,50.831,,False,,PASSED,,onnx/malware_malimg_family_scaled_4-25.onnx,vnnlib/malbeware_family-Autorun.K_label-5_eps-2_idx-29.vnnlib,"[""UNSAT"",""UNSAT"",""UNSAT"",""UNSAT"",""UNSAT"",""UNSAT"",""UNSAT"",""UNSAT"",""UNSAT"",""UNSAT"",""UNSAT"",""UNSAT"",""UNSAT"",""UNSAT"",""UNSAT"",""UNSAT"",""UNSAT"",""UNSAT"",""UNSAT"",""UNSAT"",""UNSAT"",""UNSAT"",""UNSAT"",""UNSAT""]","[""CERTIFIED"",""CERTIFIED"",""CERTIFIED"",""CERTIFIED"",""CERTIFIED"",""CERTIFIED"",""CERTIFIED"",""CERTIFIED"",""CERTIFIED"",""CERTIFIED"",""CERTIFIED"",""CERTIFIED"",""CERTIFIED"",""CERTIFIED"",""CERTIFIED"",""CERTIFIED"",""CERTIFIED"",""CERTIFIED"",""CERTIFIED"",""CERTIFIED"",""CERTIFIED"",""CERTIFIED"",""CERTIFIED"",""CERTIFIED""]","[null,null,null,null,null,null,null,null,null,null,null,null,null,null,null,null,null,null,null,null,null,null,null,null]",,/data1/Kane/ACT/audit_results/r93_rerun_20260525T083118Z/malbeware_R93/per_instance_malbeware_20260525T034800812351Z.json
cpu,8,CERTIFIED,UNSAT,CERTIFIED,CERTIFIED,3.106,,False,,PASSED,,onnx/malware_malimg_family_scaled_linear-25.onnx,vnnlib/malbeware_family-Yuner.A_label-24_eps-3_idx-120.vnnlib,"[""UNSAT"",""UNSAT"",""UNSAT"",""UNSAT"",""UNSAT"",""UNSAT"",""UNSAT"",""UNSAT"",""UNSAT"",""UNSAT"",""UNSAT"",""UNSAT"",""UNSAT"",""UNSAT"",""UNSAT"",""UNSAT"",""UNSAT"",""UNSAT"",""UNSAT"",""UNSAT"",""UNSAT"",""UNSAT"",""UNSAT"",""UNSAT""]","[""CERTIFIED"",""CERTIFIED"",""CERTIFIED"",""CERTIFIED"",""CERTIFIED"",""CERTIFIED"",""CERTIFIED"",""CERTIFIED"",""CERTIFIED"",""CERTIFIED"",""CERTIFIED"",""CERTIFIED"",""CERTIFIED"",""CERTIFIED"",""CERTIFIED"",""CERTIFIED"",""CERTIFIED"",""CERTIFIED"",""CERTIFIED"",""CERTIFIED"",""CERTIFIED"",""CERTIFIED"",""CERTIFIED"",""CERTIFIED""]","[null,null,null,null,null,null,null,null,null,null,null,null,null,null,null,null,null,null,null,null,null,null,null,null]",,/data1/Kane/ACT/audit_results/r93_rerun_20260525T083118Z/malbeware_R93/per_instance_malbeware_20260525T034800812351Z.json
cpu,80,CERTIFIED,UNSAT,CERTIFIED,CERTIFIED,47.806,,False,,PASSED,,onnx/malware_malimg_family_scaled_4-25.onnx,vnnlib/malbeware_family-Lolyda.AT_label-15_eps-1_idx-79.vnnlib,"[""UNSAT"",""UNSAT"",""UNSAT"",""UNSAT"",""UNSAT"",""UNSAT"",""UNSAT"",""UNSAT"",""UNSAT"",""UNSAT"",""UNSAT"",""UNSAT"",""UNSAT"",""UNSAT"",""UNSAT"",""UNSAT"",""UNSAT"",""UNSAT"",""UNSAT"",""UNSAT"",""UNSAT"",""UNSAT"",""UNSAT"",""UNSAT""]","[""CERTIFIED"",""CERTIFIED"",""CERTIFIED"",""CERTIFIED"",""CERTIFIED"",""CERTIFIED"",""CERTIFIED"",""CERTIFIED"",""CERTIFIED"",""CERTIFIED"",""CERTIFIED"",""CERTIFIED"",""CERTIFIED"",""CERTIFIED"",""CERTIFIED"",""CERTIFIED"",""CERTIFIED"",""CERTIFIED"",""CERTIFIED"",""CERTIFIED"",""CERTIFIED"",""CERTIFIED"",""CERTIFIED"",""CERTIFIED""]","[null,null,null,null,null,null,null,null,null,null,null,null,null,null,null,null,null,null,null,null,null,null,null,null]",,/data1/Kane/ACT/audit_results/r93_rerun_20260525T083118Z/malbeware_R93/per_instance_malbeware_20260525T034800812351Z.json
cpu,81,CERTIFIED,UNSAT,CERTIFIED,CERTIFIED,48.024,,False,,PASSED,,onnx/malware_malimg_family_scaled_4-25.onnx,vnnlib/malbeware_family-VB.AT_label-22_eps-2_idx-112.vnnlib,"[""UNSAT"",""UNSAT"",""UNSAT"",""UNSAT"",""UNSAT"",""UNSAT"",""UNSAT"",""UNSAT"",""UNSAT"",""UNSAT"",""UNSAT"",""UNSAT"",""UNSAT"",""UNSAT"",""UNSAT"",""UNSAT"",""UNSAT"",""UNSAT"",""UNSAT"",""UNSAT"",""UNSAT"",""UNSAT"",""UNSAT"",""UNSAT""]","[""CERTIFIED"",""CERTIFIED"",""CERTIFIED"",""CERTIFIED"",""CERTIFIED"",""CERTIFIED"",""CERTIFIED"",""CERTIFIED"",""CERTIFIED"",""CERTIFIED"",""CERTIFIED"",""CERTIFIED"",""CERTIFIED"",""CERTIFIED"",""CERTIFIED"",""CERTIFIED"",""CERTIFIED"",""CERTIFIED"",""CERTIFIED"",""CERTIFIED"",""CERTIFIED"",""CERTIFIED"",""CERTIFIED"",""CERTIFIED""]","[null,null,null,null,null,null,null,null,null,null,null,null,null,null,null,null,null,null,null,null,null,null,null,null]",,/data1/Kane/ACT/audit_results/r93_rerun_20260525T083118Z/malbeware_R93/per_instance_malbeware_20260525T034800812351Z.json
cpu,82,FALSIFIED,SAT,FALSIFIED,FALSIFIED,20.806,,False,,PASSED,,onnx/malware_malimg_family_scaled_4-25.onnx,vnnlib/malbeware_family-C2LOP.P_label-6_eps-2_idx-30.vnnlib,"[""UNSAT"",""UNSAT"",""UNSAT"",""UNSAT"",""UNSAT"",""UNSAT"",""SAT""]","[""CERTIFIED"",""CERTIFIED"",""CERTIFIED"",""CERTIFIED"",""CERTIFIED"",""CERTIFIED"",""FALSIFIED""]","[null,null,null,null,null,null,""/data1/Kane/ACT/audit_results/r93_rerun_20260525T083118Z/malbeware_R93/malbeware_82_q6_hz_walker_lp_0.json""]",,/data1/Kane/ACT/audit_results/r93_rerun_20260525T083118Z/malbeware_R93/per_instance_malbeware_20260525T034800812351Z.json
cpu,83,CERTIFIED,UNSAT,CERTIFIED,CERTIFIED,77.061,,False,,PASSED,,onnx/malware_malimg_family_scaled_4-25.onnx,vnnlib/malbeware_family-Instantaccess_label-11_eps-2_idx-57.vnnlib,"[""UNSAT"",""UNSAT"",""UNSAT"",""UNSAT"",""UNSAT"",""UNSAT"",""UNSAT"",""UNSAT"",""UNSAT"",""UNSAT"",""UNSAT"",""UNSAT"",""UNSAT"",""UNSAT"",""UNSAT"",""UNSAT"",""UNSAT"",""UNSAT"",""UNSAT"",""UNSAT"",""UNSAT"",""UNSAT"",""UNSAT"",""UNSAT""]","[""CERTIFIED"",""CERTIFIED"",""CERTIFIED"",""CERTIFIED"",""CERTIFIED"",""CERTIFIED"",""CERTIFIED"",""CERTIFIED"",""CERTIFIED"",""CERTIFIED"",""CERTIFIED"",""CERTIFIED"",""CERTIFIED"",""CERTIFIED"",""CERTIFIED"",""CERTIFIED"",""CERTIFIED"",""CERTIFIED"",""CERTIFIED"",""CERTIFIED"",""CERTIFIED"",""CERTIFIED"",""CERTIFIED"",""CERTIFIED""]","[null,null,null,null,null,null,null,null,null,null,null,null,null,null,null,null,null,null,null,null,null,null,null,null]",,/data1/Kane/ACT/audit_results/r93_rerun_20260525T083118Z/malbeware_R93/per_instance_malbeware_20260525T034800812351Z.json
cpu,84,CERTIFIED,UNSAT,CERTIFIED,CERTIFIED,47.587,,False,,PASSED,,onnx/malware_malimg_family_scaled_4-25.onnx,vnnlib/malbeware_family-Dialplatform.B_label-8_eps-1_idx-40.vnnlib,"[""UNSAT"",""UNSAT"",""UNSAT"",""UNSAT"",""UNSAT"",""UNSAT"",""UNSAT"",""UNSAT"",""UNSAT"",""UNSAT"",""UNSAT"",""UNSAT"",""UNSAT"",""UNSAT"",""UNSAT"",""UNSAT"",""UNSAT"",""UNSAT"",""UNSAT"",""UNSAT"",""UNSAT"",""UNSAT"",""UNSAT"",""UNSAT""]","[""CERTIFIED"",""CERTIFIED"",""CERTIFIED"",""CERTIFIED"",""CERTIFIED"",""CERTIFIED"",""CERTIFIED"",""CERTIFIED"",""CERTIFIED"",""CERTIFIED"",""CERTIFIED"",""CERTIFIED"",""CERTIFIED"",""CERTIFIED"",""CERTIFIED"",""CERTIFIED"",""CERTIFIED"",""CERTIFIED"",""CERTIFIED"",""CERTIFIED"",""CERTIFIED"",""CERTIFIED"",""CERTIFIED"",""CERTIFIED""]","[null,null,null,null,null,null,null,null,null,null,null,null,null,null,null,null,null,null,null,null,null,null,null,null]",,/data1/Kane/ACT/audit_results/r93_rerun_20260525T083118Z/malbeware_R93/per_instance_malbeware_20260525T034800812351Z.json
cpu,85,UNKNOWN,UNKNOWN,UNKNOWN,UNKNOWN,78.863,,False,,PASSED,,onnx/malware_malimg_family_scaled_4-25.onnx,vnnlib/malbeware_family-Malex.gen!J_label-16_eps-3_idx-82.vnnlib,"[""UNSAT"",""UNSAT"",""UNKNOWN"",""UNSAT"",""UNSAT"",""UNSAT"",""UNSAT"",""UNSAT"",""UNSAT"",""UNSAT"",""UNSAT"",""UNSAT"",""UNSAT"",""UNSAT"",""UNSAT"",""UNSAT"",""UNSAT"",""UNSAT"",""UNSAT"",""UNSAT"",""UNSAT"",""UNSAT"",""UNSAT"",""UNSAT""]","[""CERTIFIED"",""CERTIFIED"",""UNKNOWN"",""CERTIFIED"",""CERTIFIED"",""CERTIFIED"",""CERTIFIED"",""CERTIFIED"",""CERTIFIED"",""CERTIFIED"",""CERTIFIED"",""CERTIFIED"",""CERTIFIED"",""CERTIFIED"",""CERTIFIED"",""CERTIFIED"",""CERTIFIED"",""CERTIFIED"",""CERTIFIED"",""CERTIFIED"",""CERTIFIED"",""CERTIFIED"",""CERTIFIED"",""CERTIFIED""]","[null,null,null,null,null,null,null,null,null,null,null,null,null,null,null,null,null,null,null,null,null,null,null,null]",,/data1/Kane/ACT/audit_results/r93_rerun_20260525T083118Z/malbeware_R93/per_instance_malbeware_20260525T034800812351Z.json
cpu,86,CERTIFIED,UNSAT,CERTIFIED,CERTIFIED,48.927,,False,,PASSED,,onnx/malware_malimg_family_scaled_4-25.onnx,vnnlib/malbeware_family-Autorun.K_label-5_eps-1_idx-27.vnnlib,"[""UNSAT"",""UNSAT"",""UNSAT"",""UNSAT"",""UNSAT"",""UNSAT"",""UNSAT"",""UNSAT"",""UNSAT"",""UNSAT"",""UNSAT"",""UNSAT"",""UNSAT"",""UNSAT"",""UNSAT"",""UNSAT"",""UNSAT"",""UNSAT"",""UNSAT"",""UNSAT"",""UNSAT"",""UNSAT"",""UNSAT"",""UNSAT""]","[""CERTIFIED"",""CERTIFIED"",""CERTIFIED"",""CERTIFIED"",""CERTIFIED"",""CERTIFIED"",""CERTIFIED"",""CERTIFIED"",""CERTIFIED"",""CERTIFIED"",""CERTIFIED"",""CERTIFIED"",""CERTIFIED"",""CERTIFIED"",""CERTIFIED"",""CERTIFIED"",""CERTIFIED"",""CERTIFIED"",""CERTIFIED"",""CERTIFIED"",""CERTIFIED"",""CERTIFIED"",""CERTIFIED"",""CERTIFIED""]","[null,null,null,null,null,null,null,null,null,null,null,null,null,null,null,null,null,null,null,null,null,null,null,null]",,/data1/Kane/ACT/audit_results/r93_rerun_20260525T083118Z/malbeware_R93/per_instance_malbeware_20260525T034800812351Z.json
cpu,87,UNKNOWN,UNKNOWN,UNKNOWN,UNKNOWN,78.244,,False,,PASSED,,onnx/malware_malimg_family_scaled_4-25.onnx,vnnlib/malbeware_family-Allaple.L_label-3_eps-3_idx-16.vnnlib,"[""UNSAT"",""UNSAT"",""UNKNOWN"",""UNSAT"",""UNSAT"",""UNSAT"",""UNSAT"",""UNSAT"",""UNSAT"",""UNSAT"",""UNSAT"",""UNSAT"",""UNSAT"",""UNSAT"",""UNSAT"",""UNSAT"",""UNSAT"",""UNSAT"",""UNSAT"",""UNSAT"",""UNSAT"",""UNSAT"",""UNSAT"",""UNSAT""]","[""CERTIFIED"",""CERTIFIED"",""UNKNOWN"",""CERTIFIED"",""CERTIFIED"",""CERTIFIED"",""CERTIFIED"",""CERTIFIED"",""CERTIFIED"",""CERTIFIED"",""CERTIFIED"",""CERTIFIED"",""CERTIFIED"",""CERTIFIED"",""CERTIFIED"",""CERTIFIED"",""CERTIFIED"",""CERTIFIED"",""CERTIFIED"",""CERTIFIED"",""CERTIFIED"",""CERTIFIED"",""CERTIFIED"",""CERTIFIED""]","[null,null,null,null,null,null,null,null,null,null,null,null,null,null,null,null,null,null,null,null,null,null,null,null]",,/data1/Kane/ACT/audit_results/r93_rerun_20260525T083118Z/malbeware_R93/per_instance_malbeware_20260525T034800812351Z.json
cpu,88,CERTIFIED,UNSAT,CERTIFIED,CERTIFIED,48.277,,False,,PASSED,,onnx/malware_malimg_family_scaled_4-25.onnx,vnnlib/malbeware_family-Allaple.L_label-3_eps-1_idx-18.vnnlib,"[""UNSAT"",""UNSAT"",""UNSAT"",""UNSAT"",""UNSAT"",""UNSAT"",""UNSAT"",""UNSAT"",""UNSAT"",""UNSAT"",""UNSAT"",""UNSAT"",""UNSAT"",""UNSAT"",""UNSAT"",""UNSAT"",""UNSAT"",""UNSAT"",""UNSAT"",""UNSAT"",""UNSAT"",""UNSAT"",""UNSAT"",""UNSAT""]","[""CERTIFIED"",""CERTIFIED"",""CERTIFIED"",""CERTIFIED"",""CERTIFIED"",""CERTIFIED"",""CERTIFIED"",""CERTIFIED"",""CERTIFIED"",""CERTIFIED"",""CERTIFIED"",""CERTIFIED"",""CERTIFIED"",""CERTIFIED"",""CERTIFIED"",""CERTIFIED"",""CERTIFIED"",""CERTIFIED"",""CERTIFIED"",""CERTIFIED"",""CERTIFIED"",""CERTIFIED"",""CERTIFIED"",""CERTIFIED""]","[null,null,null,null,null,null,null,null,null,null,null,null,null,null,null,null,null,null,null,null,null,null,null,null]",,/data1/Kane/ACT/audit_results/r93_rerun_20260525T083118Z/malbeware_R93/per_instance_malbeware_20260525T034800812351Z.json
cpu,89,FALSIFIED,SAT,FALSIFIED,FALSIFIED,60.766,,False,,PASSED,,onnx/malware_malimg_family_scaled_4-25.onnx,vnnlib/malbeware_family-Swizzor.gen!E_label-20_eps-2_idx-104.vnnlib,"[""UNSAT"",""UNSAT"",""UNSAT"",""UNSAT"",""UNSAT"",""UNSAT"",""UNSAT"",""UNSAT"",""UNSAT"",""UNSAT"",""UNSAT"",""UNSAT"",""UNSAT"",""UNSAT"",""UNSAT"",""UNSAT"",""UNSAT"",""UNSAT"",""UNSAT"",""UNSAT"",""SAT""]","[""CERTIFIED"",""CERTIFIED"",""CERTIFIED"",""CERTIFIED"",""CERTIFIED"",""CERTIFIED"",""CERTIFIED"",""CERTIFIED"",""CERTIFIED"",""CERTIFIED"",""CERTIFIED"",""CERTIFIED"",""CERTIFIED"",""CERTIFIED"",""CERTIFIED"",""CERTIFIED"",""CERTIFIED"",""CERTIFIED"",""CERTIFIED"",""CERTIFIED"",""FALSIFIED""]","[null,null,null,null,null,null,null,null,null,null,null,null,null,null,null,null,null,null,null,null,""/data1/Kane/ACT/audit_results/r93_rerun_20260525T083118Z/malbeware_R93/malbeware_89_q20_hz_walker_lp_0.json""]",,/data1/Kane/ACT/audit_results/r93_rerun_20260525T083118Z/malbeware_R93/per_instance_malbeware_20260525T034800812351Z.json
cpu,9,CERTIFIED,UNSAT,CERTIFIED,CERTIFIED,3.01,,False,,PASSED,,onnx/malware_malimg_family_scaled_linear-25.onnx,vnnlib/malbeware_family-Swizzor.gen!E_label-20_eps-3_idx-102.vnnlib,"[""UNSAT"",""UNSAT"",""UNSAT"",""UNSAT"",""UNSAT"",""UNSAT"",""UNSAT"",""UNSAT"",""UNSAT"",""UNSAT"",""UNSAT"",""UNSAT"",""UNSAT"",""UNSAT"",""UNSAT"",""UNSAT"",""UNSAT"",""UNSAT"",""UNSAT"",""UNSAT"",""UNSAT"",""UNSAT"",""UNSAT"",""UNSAT""]","[""CERTIFIED"",""CERTIFIED"",""CERTIFIED"",""CERTIFIED"",""CERTIFIED"",""CERTIFIED"",""CERTIFIED"",""CERTIFIED"",""CERTIFIED"",""CERTIFIED"",""CERTIFIED"",""CERTIFIED"",""CERTIFIED"",""CERTIFIED"",""CERTIFIED"",""CERTIFIED"",""CERTIFIED"",""CERTIFIED"",""CERTIFIED"",""CERTIFIED"",""CERTIFIED"",""CERTIFIED"",""CERTIFIED"",""CERTIFIED""]","[null,null,null,null,null,null,null,null,null,null,null,null,null,null,null,null,null,null,null,null,null,null,null,null]",,/data1/Kane/ACT/audit_results/r93_rerun_20260525T083118Z/malbeware_R93/per_instance_malbeware_20260525T034800812351Z.json
cpu,90,CERTIFIED,UNSAT,CERTIFIED,CERTIFIED,49.449,,False,,PASSED,,onnx/malware_malimg_family_scaled_4-25.onnx,vnnlib/malbeware_family-VB.AT_label-22_eps-3_idx-111.vnnlib,"[""UNSAT"",""UNSAT"",""UNSAT"",""UNSAT"",""UNSAT"",""UNSAT"",""UNSAT"",""UNSAT"",""UNSAT"",""UNSAT"",""UNSAT"",""UNSAT"",""UNSAT"",""UNSAT"",""UNSAT"",""UNSAT"",""UNSAT"",""UNSAT"",""UNSAT"",""UNSAT"",""UNSAT"",""UNSAT"",""UNSAT"",""UNSAT""]","[""CERTIFIED"",""CERTIFIED"",""CERTIFIED"",""CERTIFIED"",""CERTIFIED"",""CERTIFIED"",""CERTIFIED"",""CERTIFIED"",""CERTIFIED"",""CERTIFIED"",""CERTIFIED"",""CERTIFIED"",""CERTIFIED"",""CERTIFIED"",""CERTIFIED"",""CERTIFIED"",""CERTIFIED"",""CERTIFIED"",""CERTIFIED"",""CERTIFIED"",""CERTIFIED"",""CERTIFIED"",""CERTIFIED"",""CERTIFIED""]","[null,null,null,null,null,null,null,null,null,null,null,null,null,null,null,null,null,null,null,null,null,null,null,null]",,/data1/Kane/ACT/audit_results/r93_rerun_20260525T083118Z/malbeware_R93/per_instance_malbeware_20260525T034800812351Z.json
cpu,91,CERTIFIED,UNSAT,CERTIFIED,CERTIFIED,49.969,,False,,PASSED,,onnx/malware_malimg_family_scaled_4-25.onnx,vnnlib/malbeware_family-Rbotigen_label-18_eps-2_idx-93.vnnlib,"[""UNSAT"",""UNSAT"",""UNSAT"",""UNSAT"",""UNSAT"",""UNSAT"",""UNSAT"",""UNSAT"",""UNSAT"",""UNSAT"",""UNSAT"",""UNSAT"",""UNSAT"",""UNSAT"",""UNSAT"",""UNSAT"",""UNSAT"",""UNSAT"",""UNSAT"",""UNSAT"",""UNSAT"",""UNSAT"",""UNSAT"",""UNSAT""]","[""CERTIFIED"",""CERTIFIED"",""CERTIFIED"",""CERTIFIED"",""CERTIFIED"",""CERTIFIED"",""CERTIFIED"",""CERTIFIED"",""CERTIFIED"",""CERTIFIED"",""CERTIFIED"",""CERTIFIED"",""CERTIFIED"",""CERTIFIED"",""CERTIFIED"",""CERTIFIED"",""CERTIFIED"",""CERTIFIED"",""CERTIFIED"",""CERTIFIED"",""CERTIFIED"",""CERTIFIED"",""CERTIFIED"",""CERTIFIED""]","[null,null,null,null,null,null,null,null,null,null,null,null,null,null,null,null,null,null,null,null,null,null,null,null]",,/data1/Kane/ACT/audit_results/r93_rerun_20260525T083118Z/malbeware_R93/per_instance_malbeware_20260525T034800812351Z.json
cpu,92,CERTIFIED,UNSAT,CERTIFIED,CERTIFIED,47.854,,False,,PASSED,,onnx/malware_malimg_family_scaled_4-25.onnx,vnnlib/malbeware_family-Lolyda.AT_label-15_eps-2_idx-76.vnnlib,"[""UNSAT"",""UNSAT"",""UNSAT"",""UNSAT"",""UNSAT"",""UNSAT"",""UNSAT"",""UNSAT"",""UNSAT"",""UNSAT"",""UNSAT"",""UNSAT"",""UNSAT"",""UNSAT"",""UNSAT"",""UNSAT"",""UNSAT"",""UNSAT"",""UNSAT"",""UNSAT"",""UNSAT"",""UNSAT"",""UNSAT"",""UNSAT""]","[""CERTIFIED"",""CERTIFIED"",""CERTIFIED"",""CERTIFIED"",""CERTIFIED"",""CERTIFIED"",""CERTIFIED"",""CERTIFIED"",""CERTIFIED"",""CERTIFIED"",""CERTIFIED"",""CERTIFIED"",""CERTIFIED"",""CERTIFIED"",""CERTIFIED"",""CERTIFIED"",""CERTIFIED"",""CERTIFIED"",""CERTIFIED"",""CERTIFIED"",""CERTIFIED"",""CERTIFIED"",""CERTIFIED"",""CERTIFIED""]","[null,null,null,null,null,null,null,null,null,null,null,null,null,null,null,null,null,null,null,null,null,null,null,null]",,/data1/Kane/ACT/audit_results/r93_rerun_20260525T083118Z/malbeware_R93/per_instance_malbeware_20260525T034800812351Z.json
cpu,93,CERTIFIED,UNSAT,CERTIFIED,CERTIFIED,69.548,,False,,PASSED,,onnx/malware_malimg_family_scaled_4-25.onnx,vnnlib/malbeware_family-C2LOP.P_label-6_eps-2_idx-31.vnnlib,"[""UNSAT"",""UNSAT"",""UNSAT"",""UNSAT"",""UNSAT"",""UNSAT"",""UNSAT"",""UNSAT"",""UNSAT"",""UNSAT"",""UNSAT"",""UNSAT"",""UNSAT"",""UNSAT"",""UNSAT"",""UNSAT"",""UNSAT"",""UNSAT"",""UNSAT"",""UNSAT"",""UNSAT"",""UNSAT"",""UNSAT"",""UNSAT""]","[""CERTIFIED"",""CERTIFIED"",""CERTIFIED"",""CERTIFIED"",""CERTIFIED"",""CERTIFIED"",""CERTIFIED"",""CERTIFIED"",""CERTIFIED"",""CERTIFIED"",""CERTIFIED"",""CERTIFIED"",""CERTIFIED"",""CERTIFIED"",""CERTIFIED"",""CERTIFIED"",""CERTIFIED"",""CERTIFIED"",""CERTIFIED"",""CERTIFIED"",""CERTIFIED"",""CERTIFIED"",""CERTIFIED"",""CERTIFIED""]","[null,null,null,null,null,null,null,null,null,null,null,null,null,null,null,null,null,null,null,null,null,null,null,null]",,/data1/Kane/ACT/audit_results/r93_rerun_20260525T083118Z/malbeware_R93/per_instance_malbeware_20260525T034800812351Z.json
cpu,94,FALSIFIED,SAT,FALSIFIED,FALSIFIED,9.033,,False,,PASSED,,onnx/malware_malimg_family_scaled_4-25.onnx,vnnlib/malbeware_family-Allaple.L_label-3_eps-2_idx-18.vnnlib,"[""UNSAT"",""UNSAT"",""SAT""]","[""CERTIFIED"",""CERTIFIED"",""FALSIFIED""]","[null,null,""/data1/Kane/ACT/audit_results/r93_rerun_20260525T083118Z/malbeware_R93/malbeware_94_q2_hz_walker_lp_0.json""]",,/data1/Kane/ACT/audit_results/r93_rerun_20260525T083118Z/malbeware_R93/per_instance_malbeware_20260525T034800812351Z.json
cpu,95,CERTIFIED,UNSAT,CERTIFIED,CERTIFIED,49.043,,False,,PASSED,,onnx/malware_malimg_family_scaled_4-25.onnx,vnnlib/malbeware_family-Autorun.K_label-5_eps-1_idx-28.vnnlib,"[""UNSAT"",""UNSAT"",""UNSAT"",""UNSAT"",""UNSAT"",""UNSAT"",""UNSAT"",""UNSAT"",""UNSAT"",""UNSAT"",""UNSAT"",""UNSAT"",""UNSAT"",""UNSAT"",""UNSAT"",""UNSAT"",""UNSAT"",""UNSAT"",""UNSAT"",""UNSAT"",""UNSAT"",""UNSAT"",""UNSAT"",""UNSAT""]","[""CERTIFIED"",""CERTIFIED"",""CERTIFIED"",""CERTIFIED"",""CERTIFIED"",""CERTIFIED"",""CERTIFIED"",""CERTIFIED"",""CERTIFIED"",""CERTIFIED"",""CERTIFIED"",""CERTIFIED"",""CERTIFIED"",""CERTIFIED"",""CERTIFIED"",""CERTIFIED"",""CERTIFIED"",""CERTIFIED"",""CERTIFIED"",""CERTIFIED"",""CERTIFIED"",""CERTIFIED"",""CERTIFIED"",""CERTIFIED""]","[null,null,null,null,null,null,null,null,null,null,null,null,null,null,null,null,null,null,null,null,null,null,null,null]",,/data1/Kane/ACT/audit_results/r93_rerun_20260525T083118Z/malbeware_R93/per_instance_malbeware_20260525T034800812351Z.json
cpu,96,CERTIFIED,UNSAT,CERTIFIED,CERTIFIED,72.38,,False,,PASSED,,onnx/malware_malimg_family_scaled_4-25.onnx,vnnlib/malbeware_family-Allaple.A_label-2_eps-2_idx-13.vnnlib,"[""UNSAT"",""UNSAT"",""UNSAT"",""UNSAT"",""UNSAT"",""UNSAT"",""UNSAT"",""UNSAT"",""UNSAT"",""UNSAT"",""UNSAT"",""UNSAT"",""UNSAT"",""UNSAT"",""UNSAT"",""UNSAT"",""UNSAT"",""UNSAT"",""UNSAT"",""UNSAT"",""UNSAT"",""UNSAT"",""UNSAT"",""UNSAT""]","[""CERTIFIED"",""CERTIFIED"",""CERTIFIED"",""CERTIFIED"",""CERTIFIED"",""CERTIFIED"",""CERTIFIED"",""CERTIFIED"",""CERTIFIED"",""CERTIFIED"",""CERTIFIED"",""CERTIFIED"",""CERTIFIED"",""CERTIFIED"",""CERTIFIED"",""CERTIFIED"",""CERTIFIED"",""CERTIFIED"",""CERTIFIED"",""CERTIFIED"",""CERTIFIED"",""CERTIFIED"",""CERTIFIED"",""CERTIFIED""]","[null,null,null,null,null,null,null,null,null,null,null,null,null,null,null,null,null,null,null,null,null,null,null,null]",,/data1/Kane/ACT/audit_results/r93_rerun_20260525T083118Z/malbeware_R93/per_instance_malbeware_20260525T034800812351Z.json
cpu,97,CERTIFIED,UNSAT,CERTIFIED,CERTIFIED,65.875,,False,,PASSED,,onnx/malware_malimg_family_scaled_4-25.onnx,vnnlib/malbeware_family-Alueron.gen!J_label-4_eps-1_idx-23.vnnlib,"[""UNSAT"",""UNSAT"",""UNSAT"",""UNSAT"",""UNSAT"",""UNSAT"",""UNSAT"",""UNSAT"",""UNSAT"",""UNSAT"",""UNSAT"",""UNSAT"",""UNSAT"",""UNSAT"",""UNSAT"",""UNSAT"",""UNSAT"",""UNSAT"",""UNSAT"",""UNSAT"",""UNSAT"",""UNSAT"",""UNSAT"",""UNSAT""]","[""CERTIFIED"",""CERTIFIED"",""CERTIFIED"",""CERTIFIED"",""CERTIFIED"",""CERTIFIED"",""CERTIFIED"",""CERTIFIED"",""CERTIFIED"",""CERTIFIED"",""CERTIFIED"",""CERTIFIED"",""CERTIFIED"",""CERTIFIED"",""CERTIFIED"",""CERTIFIED"",""CERTIFIED"",""CERTIFIED"",""CERTIFIED"",""CERTIFIED"",""CERTIFIED"",""CERTIFIED"",""CERTIFIED"",""CERTIFIED""]","[null,null,null,null,null,null,null,null,null,null,null,null,null,null,null,null,null,null,null,null,null,null,null,null]",,/data1/Kane/ACT/audit_results/r93_rerun_20260525T083118Z/malbeware_R93/per_instance_malbeware_20260525T034800812351Z.json
cpu,98,CERTIFIED,UNSAT,CERTIFIED,CERTIFIED,49.906,,False,,PASSED,,onnx/malware_malimg_family_scaled_4-25.onnx,vnnlib/malbeware_family-Dialplatform.B_label-8_eps-2_idx-43.vnnlib,"[""UNSAT"",""UNSAT"",""UNSAT"",""UNSAT"",""UNSAT"",""UNSAT"",""UNSAT"",""UNSAT"",""UNSAT"",""UNSAT"",""UNSAT"",""UNSAT"",""UNSAT"",""UNSAT"",""UNSAT"",""UNSAT"",""UNSAT"",""UNSAT"",""UNSAT"",""UNSAT"",""UNSAT"",""UNSAT"",""UNSAT"",""UNSAT""]","[""CERTIFIED"",""CERTIFIED"",""CERTIFIED"",""CERTIFIED"",""CERTIFIED"",""CERTIFIED"",""CERTIFIED"",""CERTIFIED"",""CERTIFIED"",""CERTIFIED"",""CERTIFIED"",""CERTIFIED"",""CERTIFIED"",""CERTIFIED"",""CERTIFIED"",""CERTIFIED"",""CERTIFIED"",""CERTIFIED"",""CERTIFIED"",""CERTIFIED"",""CERTIFIED"",""CERTIFIED"",""CERTIFIED"",""CERTIFIED""]","[null,null,null,null,null,null,null,null,null,null,null,null,null,null,null,null,null,null,null,null,null,null,null,null]",,/data1/Kane/ACT/audit_results/r93_rerun_20260525T083118Z/malbeware_R93/per_instance_malbeware_20260525T034800812351Z.json
cpu,99,CERTIFIED,UNSAT,CERTIFIED,CERTIFIED,77.308,,False,,PASSED,,onnx/malware_malimg_family_scaled_4-25.onnx,vnnlib/malbeware_family-Instantaccess_label-11_eps-2_idx-55.vnnlib,"[""UNSAT"",""UNSAT"",""UNSAT"",""UNSAT"",""UNSAT"",""UNSAT"",""UNSAT"",""UNSAT"",""UNSAT"",""UNSAT"",""UNSAT"",""UNSAT"",""UNSAT"",""UNSAT"",""UNSAT"",""UNSAT"",""UNSAT"",""UNSAT"",""UNSAT"",""UNSAT"",""UNSAT"",""UNSAT"",""UNSAT"",""UNSAT""]","[""CERTIFIED"",""CERTIFIED"",""CERTIFIED"",""CERTIFIED"",""CERTIFIED"",""CERTIFIED"",""CERTIFIED"",""CERTIFIED"",""CERTIFIED"",""CERTIFIED"",""CERTIFIED"",""CERTIFIED"",""CERTIFIED"",""CERTIFIED"",""CERTIFIED"",""CERTIFIED"",""CERTIFIED"",""CERTIFIED"",""CERTIFIED"",""CERTIFIED"",""CERTIFIED"",""CERTIFIED"",""CERTIFIED"",""CERTIFIED""]","[null,null,null,null,null,null,null,null,null,null,null,null,null,null,null,null,null,null,null,null,null,null,null,null]",,/data1/Kane/ACT/audit_results/r93_rerun_20260525T083118Z/malbeware_R93/per_instance_malbeware_20260525T034800812351Z.json
cpu_rebase,0,CERTIFIED,UNSAT,CERTIFIED,CERTIFIED,3.479,,False,,PASSED,,onnx/malware_malimg_family_scaled_linear-25.onnx,vnnlib/malbeware_family-Obfuscator.AD_label-17_eps-1_idx-89.vnnlib,"[""UNSAT"",""UNSAT"",""UNSAT"",""UNSAT"",""UNSAT"",""UNSAT"",""UNSAT"",""UNSAT"",""UNSAT"",""UNSAT"",""UNSAT"",""UNSAT"",""UNSAT"",""UNSAT"",""UNSAT"",""UNSAT"",""UNSAT"",""UNSAT"",""UNSAT"",""UNSAT"",""UNSAT"",""UNSAT"",""UNSAT"",""UNSAT""]","[""CERTIFIED"",""CERTIFIED"",""CERTIFIED"",""CERTIFIED"",""CERTIFIED"",""CERTIFIED"",""CERTIFIED"",""CERTIFIED"",""CERTIFIED"",""CERTIFIED"",""CERTIFIED"",""CERTIFIED"",""CERTIFIED"",""CERTIFIED"",""CERTIFIED"",""CERTIFIED"",""CERTIFIED"",""CERTIFIED"",""CERTIFIED"",""CERTIFIED"",""CERTIFIED"",""CERTIFIED"",""CERTIFIED"",""CERTIFIED""]","[null,null,null,null,null,null,null,null,null,null,null,null,null,null,null,null,null,null,null,null,null,null,null,null]",,/data1/Kane/ACT/audit_results/capability_rebaseline_20260524T225704Z/malbeware/per_instance_malbeware_20260524T161715881414Z.json
cpu_rebase,1,CERTIFIED,UNSAT,CERTIFIED,CERTIFIED,3.456,,False,,PASSED,,onnx/malware_malimg_family_scaled_linear-25.onnx,vnnlib/malbeware_family-VB.AT_label-22_eps-3_idx-112.vnnlib,"[""UNSAT"",""UNSAT"",""UNSAT"",""UNSAT"",""UNSAT"",""UNSAT"",""UNSAT"",""UNSAT"",""UNSAT"",""UNSAT"",""UNSAT"",""UNSAT"",""UNSAT"",""UNSAT"",""UNSAT"",""UNSAT"",""UNSAT"",""UNSAT"",""UNSAT"",""UNSAT"",""UNSAT"",""UNSAT"",""UNSAT"",""UNSAT""]","[""CERTIFIED"",""CERTIFIED"",""CERTIFIED"",""CERTIFIED"",""CERTIFIED"",""CERTIFIED"",""CERTIFIED"",""CERTIFIED"",""CERTIFIED"",""CERTIFIED"",""CERTIFIED"",""CERTIFIED"",""CERTIFIED"",""CERTIFIED"",""CERTIFIED"",""CERTIFIED"",""CERTIFIED"",""CERTIFIED"",""CERTIFIED"",""CERTIFIED"",""CERTIFIED"",""CERTIFIED"",""CERTIFIED"",""CERTIFIED""]","[null,null,null,null,null,null,null,null,null,null,null,null,null,null,null,null,null,null,null,null,null,null,null,null]",,/data1/Kane/ACT/audit_results/capability_rebaseline_20260524T225704Z/malbeware/per_instance_malbeware_20260524T161715881414Z.json
cpu_rebase,10,CERTIFIED,UNSAT,CERTIFIED,CERTIFIED,3.417,,False,,PASSED,,onnx/malware_malimg_family_scaled_linear-25.onnx,vnnlib/malbeware_family-Lolyda.AA1_label-12_eps-3_idx-60.vnnlib,"[""UNSAT"",""UNSAT"",""UNSAT"",""UNSAT"",""UNSAT"",""UNSAT"",""UNSAT"",""UNSAT"",""UNSAT"",""UNSAT"",""UNSAT"",""UNSAT"",""UNSAT"",""UNSAT"",""UNSAT"",""UNSAT"",""UNSAT"",""UNSAT"",""UNSAT"",""UNSAT"",""UNSAT"",""UNSAT"",""UNSAT"",""UNSAT""]","[""CERTIFIED"",""CERTIFIED"",""CERTIFIED"",""CERTIFIED"",""CERTIFIED"",""CERTIFIED"",""CERTIFIED"",""CERTIFIED"",""CERTIFIED"",""CERTIFIED"",""CERTIFIED"",""CERTIFIED"",""CERTIFIED"",""CERTIFIED"",""CERTIFIED"",""CERTIFIED"",""CERTIFIED"",""CERTIFIED"",""CERTIFIED"",""CERTIFIED"",""CERTIFIED"",""CERTIFIED"",""CERTIFIED"",""CERTIFIED""]","[null,null,null,null,null,null,null,null,null,null,null,null,null,null,null,null,null,null,null,null,null,null,null,null]",,/data1/Kane/ACT/audit_results/capability_rebaseline_20260524T225704Z/malbeware/per_instance_malbeware_20260524T161715881414Z.json
cpu_rebase,11,CERTIFIED,UNSAT,CERTIFIED,CERTIFIED,3.436,,False,,PASSED,,onnx/malware_malimg_family_scaled_linear-25.onnx,vnnlib/malbeware_family-Skintrim.N_label-19_eps-1_idx-96.vnnlib,"[""UNSAT"",""UNSAT"",""UNSAT"",""UNSAT"",""UNSAT"",""UNSAT"",""UNSAT"",""UNSAT"",""UNSAT"",""UNSAT"",""UNSAT"",""UNSAT"",""UNSAT"",""UNSAT"",""UNSAT"",""UNSAT"",""UNSAT"",""UNSAT"",""UNSAT"",""UNSAT"",""UNSAT"",""UNSAT"",""UNSAT"",""UNSAT""]","[""CERTIFIED"",""CERTIFIED"",""CERTIFIED"",""CERTIFIED"",""CERTIFIED"",""CERTIFIED"",""CERTIFIED"",""CERTIFIED"",""CERTIFIED"",""CERTIFIED"",""CERTIFIED"",""CERTIFIED"",""CERTIFIED"",""CERTIFIED"",""CERTIFIED"",""CERTIFIED"",""CERTIFIED"",""CERTIFIED"",""CERTIFIED"",""CERTIFIED"",""CERTIFIED"",""CERTIFIED"",""CERTIFIED"",""CERTIFIED""]","[null,null,null,null,null,null,null,null,null,null,null,null,null,null,null,null,null,null,null,null,null,null,null,null]",,/data1/Kane/ACT/audit_results/capability_rebaseline_20260524T225704Z/malbeware/per_instance_malbeware_20260524T161715881414Z.json
cpu_rebase,12,CERTIFIED,UNSAT,CERTIFIED,CERTIFIED,3.556,,False,,PASSED,,onnx/malware_malimg_family_scaled_linear-25.onnx,vnnlib/malbeware_family-Fakerean_label-10_eps-3_idx-54.vnnlib,"[""UNSAT"",""UNSAT"",""UNSAT"",""UNSAT"",""UNSAT"",""UNSAT"",""UNSAT"",""UNSAT"",""UNSAT"",""UNSAT"",""UNSAT"",""UNSAT"",""UNSAT"",""UNSAT"",""UNSAT"",""UNSAT"",""UNSAT"",""UNSAT"",""UNSAT"",""UNSAT"",""UNSAT"",""UNSAT"",""UNSAT"",""UNSAT""]","[""CERTIFIED"",""CERTIFIED"",""CERTIFIED"",""CERTIFIED"",""CERTIFIED"",""CERTIFIED"",""CERTIFIED"",""CERTIFIED"",""CERTIFIED"",""CERTIFIED"",""CERTIFIED"",""CERTIFIED"",""CERTIFIED"",""CERTIFIED"",""CERTIFIED"",""CERTIFIED"",""CERTIFIED"",""CERTIFIED"",""CERTIFIED"",""CERTIFIED"",""CERTIFIED"",""CERTIFIED"",""CERTIFIED"",""CERTIFIED""]","[null,null,null,null,null,null,null,null,null,null,null,null,null,null,null,null,null,null,null,null,null,null,null,null]",,/data1/Kane/ACT/audit_results/capability_rebaseline_20260524T225704Z/malbeware/per_instance_malbeware_20260524T161715881414Z.json
cpu_rebase,13,CERTIFIED,UNSAT,CERTIFIED,CERTIFIED,3.381,,False,,PASSED,,onnx/malware_malimg_family_scaled_linear-25.onnx,vnnlib/malbeware_family-Allaple.L_label-3_eps-2_idx-16.vnnlib,"[""UNSAT"",""UNSAT"",""UNSAT"",""UNSAT"",""UNSAT"",""UNSAT"",""UNSAT"",""UNSAT"",""UNSAT"",""UNSAT"",""UNSAT"",""UNSAT"",""UNSAT"",""UNSAT"",""UNSAT"",""UNSAT"",""UNSAT"",""UNSAT"",""UNSAT"",""UNSAT"",""UNSAT"",""UNSAT"",""UNSAT"",""UNSAT""]","[""CERTIFIED"",""CERTIFIED"",""CERTIFIED"",""CERTIFIED"",""CERTIFIED"",""CERTIFIED"",""CERTIFIED"",""CERTIFIED"",""CERTIFIED"",""CERTIFIED"",""CERTIFIED"",""CERTIFIED"",""CERTIFIED"",""CERTIFIED"",""CERTIFIED"",""CERTIFIED"",""CERTIFIED"",""CERTIFIED"",""CERTIFIED"",""CERTIFIED"",""CERTIFIED"",""CERTIFIED"",""CERTIFIED"",""CERTIFIED""]","[null,null,null,null,null,null,null,null,null,null,null,null,null,null,null,null,null,null,null,null,null,null,null,null]",,/data1/Kane/ACT/audit_results/capability_rebaseline_20260524T225704Z/malbeware/per_instance_malbeware_20260524T161715881414Z.json
cpu_rebase,14,CERTIFIED,UNSAT,CERTIFIED,CERTIFIED,3.481,,False,,PASSED,,onnx/malware_malimg_family_scaled_linear-25.onnx,vnnlib/malbeware_family-Adialer.C_label-0_eps-1_idx-4.vnnlib,"[""UNSAT"",""UNSAT"",""UNSAT"",""UNSAT"",""UNSAT"",""UNSAT"",""UNSAT"",""UNSAT"",""UNSAT"",""UNSAT"",""UNSAT"",""UNSAT"",""UNSAT"",""UNSAT"",""UNSAT"",""UNSAT"",""UNSAT"",""UNSAT"",""UNSAT"",""UNSAT"",""UNSAT"",""UNSAT"",""UNSAT"",""UNSAT""]","[""CERTIFIED"",""CERTIFIED"",""CERTIFIED"",""CERTIFIED"",""CERTIFIED"",""CERTIFIED"",""CERTIFIED"",""CERTIFIED"",""CERTIFIED"",""CERTIFIED"",""CERTIFIED"",""CERTIFIED"",""CERTIFIED"",""CERTIFIED"",""CERTIFIED"",""CERTIFIED"",""CERTIFIED"",""CERTIFIED"",""CERTIFIED"",""CERTIFIED"",""CERTIFIED"",""CERTIFIED"",""CERTIFIED"",""CERTIFIED""]","[null,null,null,null,null,null,null,null,null,null,null,null,null,null,null,null,null,null,null,null,null,null,null,null]",,/data1/Kane/ACT/audit_results/capability_rebaseline_20260524T225704Z/malbeware/per_instance_malbeware_20260524T161715881414Z.json
cpu_rebase,15,CERTIFIED,UNSAT,CERTIFIED,CERTIFIED,3.43,,False,,PASSED,,onnx/malware_malimg_family_scaled_linear-25.onnx,vnnlib/malbeware_family-Wintrim.BX_label-23_eps-3_idx-119.vnnlib,"[""UNSAT"",""UNSAT"",""UNSAT"",""UNSAT"",""UNSAT"",""UNSAT"",""UNSAT"",""UNSAT"",""UNSAT"",""UNSAT"",""UNSAT"",""UNSAT"",""UNSAT"",""UNSAT"",""UNSAT"",""UNSAT"",""UNSAT"",""UNSAT"",""UNSAT"",""UNSAT"",""UNSAT"",""UNSAT"",""UNSAT"",""UNSAT""]","[""CERTIFIED"",""CERTIFIED"",""CERTIFIED"",""CERTIFIED"",""CERTIFIED"",""CERTIFIED"",""CERTIFIED"",""CERTIFIED"",""CERTIFIED"",""CERTIFIED"",""CERTIFIED"",""CERTIFIED"",""CERTIFIED"",""CERTIFIED"",""CERTIFIED"",""CERTIFIED"",""CERTIFIED"",""CERTIFIED"",""CERTIFIED"",""CERTIFIED"",""CERTIFIED"",""CERTIFIED"",""CERTIFIED"",""CERTIFIED""]","[null,null,null,null,null,null,null,null,null,null,null,null,null,null,null,null,null,null,null,null,null,null,null,null]",,/data1/Kane/ACT/audit_results/capability_rebaseline_20260524T225704Z/malbeware/per_instance_malbeware_20260524T161715881414Z.json
cpu_rebase,16,CERTIFIED,UNSAT,CERTIFIED,CERTIFIED,3.453,,False,,PASSED,,onnx/malware_malimg_family_scaled_linear-25.onnx,vnnlib/malbeware_family-Rbotigen_label-18_eps-2_idx-94.vnnlib,"[""UNSAT"",""UNSAT"",""UNSAT"",""UNSAT"",""UNSAT"",""UNSAT"",""UNSAT"",""UNSAT"",""UNSAT"",""UNSAT"",""UNSAT"",""UNSAT"",""UNSAT"",""UNSAT"",""UNSAT"",""UNSAT"",""UNSAT"",""UNSAT"",""UNSAT"",""UNSAT"",""UNSAT"",""UNSAT"",""UNSAT"",""UNSAT""]","[""CERTIFIED"",""CERTIFIED"",""CERTIFIED"",""CERTIFIED"",""CERTIFIED"",""CERTIFIED"",""CERTIFIED"",""CERTIFIED"",""CERTIFIED"",""CERTIFIED"",""CERTIFIED"",""CERTIFIED"",""CERTIFIED"",""CERTIFIED"",""CERTIFIED"",""CERTIFIED"",""CERTIFIED"",""CERTIFIED"",""CERTIFIED"",""CERTIFIED"",""CERTIFIED"",""CERTIFIED"",""CERTIFIED"",""CERTIFIED""]","[null,null,null,null,null,null,null,null,null,null,null,null,null,null,null,null,null,null,null,null,null,null,null,null]",,/data1/Kane/ACT/audit_results/capability_rebaseline_20260524T225704Z/malbeware/per_instance_malbeware_20260524T161715881414Z.json
cpu_rebase,17,CERTIFIED,UNSAT,CERTIFIED,CERTIFIED,3.34,,False,,PASSED,,onnx/malware_malimg_family_scaled_linear-25.onnx,vnnlib/malbeware_family-Obfuscator.AD_label-17_eps-2_idx-87.vnnlib,"[""UNSAT"",""UNSAT"",""UNSAT"",""UNSAT"",""UNSAT"",""UNSAT"",""UNSAT"",""UNSAT"",""UNSAT"",""UNSAT"",""UNSAT"",""UNSAT"",""UNSAT"",""UNSAT"",""UNSAT"",""UNSAT"",""UNSAT"",""UNSAT"",""UNSAT"",""UNSAT"",""UNSAT"",""UNSAT"",""UNSAT"",""UNSAT""]","[""CERTIFIED"",""CERTIFIED"",""CERTIFIED"",""CERTIFIED"",""CERTIFIED"",""CERTIFIED"",""CERTIFIED"",""CERTIFIED"",""CERTIFIED"",""CERTIFIED"",""CERTIFIED"",""CERTIFIED"",""CERTIFIED"",""CERTIFIED"",""CERTIFIED"",""CERTIFIED"",""CERTIFIED"",""CERTIFIED"",""CERTIFIED"",""CERTIFIED"",""CERTIFIED"",""CERTIFIED"",""CERTIFIED"",""CERTIFIED""]","[null,null,null,null,null,null,null,null,null,null,null,null,null,null,null,null,null,null,null,null,null,null,null,null]",,/data1/Kane/ACT/audit_results/capability_rebaseline_20260524T225704Z/malbeware/per_instance_malbeware_20260524T161715881414Z.json
cpu_rebase,18,CERTIFIED,UNSAT,CERTIFIED,CERTIFIED,3.487,,False,,PASSED,,onnx/malware_malimg_family_scaled_linear-25.onnx,vnnlib/malbeware_family-Lolyda.AA3_label-14_eps-1_idx-71.vnnlib,"[""UNSAT"",""UNSAT"",""UNSAT"",""UNSAT"",""UNSAT"",""UNSAT"",""UNSAT"",""UNSAT"",""UNSAT"",""UNSAT"",""UNSAT"",""UNSAT"",""UNSAT"",""UNSAT"",""UNSAT"",""UNSAT"",""UNSAT"",""UNSAT"",""UNSAT"",""UNSAT"",""UNSAT"",""UNSAT"",""UNSAT"",""UNSAT""]","[""CERTIFIED"",""CERTIFIED"",""CERTIFIED"",""CERTIFIED"",""CERTIFIED"",""CERTIFIED"",""CERTIFIED"",""CERTIFIED"",""CERTIFIED"",""CERTIFIED"",""CERTIFIED"",""CERTIFIED"",""CERTIFIED"",""CERTIFIED"",""CERTIFIED"",""CERTIFIED"",""CERTIFIED"",""CERTIFIED"",""CERTIFIED"",""CERTIFIED"",""CERTIFIED"",""CERTIFIED"",""CERTIFIED"",""CERTIFIED""]","[null,null,null,null,null,null,null,null,null,null,null,null,null,null,null,null,null,null,null,null,null,null,null,null]",,/data1/Kane/ACT/audit_results/capability_rebaseline_20260524T225704Z/malbeware/per_instance_malbeware_20260524T161715881414Z.json
cpu_rebase,19,CERTIFIED,UNSAT,CERTIFIED,CERTIFIED,3.367,,False,,PASSED,,onnx/malware_malimg_family_scaled_linear-25.onnx,vnnlib/malbeware_family-Malex.gen!J_label-16_eps-1_idx-84.vnnlib,"[""UNSAT"",""UNSAT"",""UNSAT"",""UNSAT"",""UNSAT"",""UNSAT"",""UNSAT"",""UNSAT"",""UNSAT"",""UNSAT"",""UNSAT"",""UNSAT"",""UNSAT"",""UNSAT"",""UNSAT"",""UNSAT"",""UNSAT"",""UNSAT"",""UNSAT"",""UNSAT"",""UNSAT"",""UNSAT"",""UNSAT"",""UNSAT""]","[""CERTIFIED"",""CERTIFIED"",""CERTIFIED"",""CERTIFIED"",""CERTIFIED"",""CERTIFIED"",""CERTIFIED"",""CERTIFIED"",""CERTIFIED"",""CERTIFIED"",""CERTIFIED"",""CERTIFIED"",""CERTIFIED"",""CERTIFIED"",""CERTIFIED"",""CERTIFIED"",""CERTIFIED"",""CERTIFIED"",""CERTIFIED"",""CERTIFIED"",""CERTIFIED"",""CERTIFIED"",""CERTIFIED"",""CERTIFIED""]","[null,null,null,null,null,null,null,null,null,null,null,null,null,null,null,null,null,null,null,null,null,null,null,null]",,/data1/Kane/ACT/audit_results/capability_rebaseline_20260524T225704Z/malbeware/per_instance_malbeware_20260524T161715881414Z.json
cpu_rebase,2,CERTIFIED,UNSAT,CERTIFIED,CERTIFIED,3.445,,False,,PASSED,,onnx/malware_malimg_family_scaled_linear-25.onnx,vnnlib/malbeware_family-Allaple.A_label-2_eps-3_idx-11.vnnlib,"[""UNSAT"",""UNSAT"",""UNSAT"",""UNSAT"",""UNSAT"",""UNSAT"",""UNSAT"",""UNSAT"",""UNSAT"",""UNSAT"",""UNSAT"",""UNSAT"",""UNSAT"",""UNSAT"",""UNSAT"",""UNSAT"",""UNSAT"",""UNSAT"",""UNSAT"",""UNSAT"",""UNSAT"",""UNSAT"",""UNSAT"",""UNSAT""]","[""CERTIFIED"",""CERTIFIED"",""CERTIFIED"",""CERTIFIED"",""CERTIFIED"",""CERTIFIED"",""CERTIFIED"",""CERTIFIED"",""CERTIFIED"",""CERTIFIED"",""CERTIFIED"",""CERTIFIED"",""CERTIFIED"",""CERTIFIED"",""CERTIFIED"",""CERTIFIED"",""CERTIFIED"",""CERTIFIED"",""CERTIFIED"",""CERTIFIED"",""CERTIFIED"",""CERTIFIED"",""CERTIFIED"",""CERTIFIED""]","[null,null,null,null,null,null,null,null,null,null,null,null,null,null,null,null,null,null,null,null,null,null,null,null]",,/data1/Kane/ACT/audit_results/capability_rebaseline_20260524T225704Z/malbeware/per_instance_malbeware_20260524T161715881414Z.json
cpu_rebase,20,CERTIFIED,UNSAT,CERTIFIED,CERTIFIED,3.42,,False,,PASSED,,onnx/malware_malimg_family_scaled_linear-25.onnx,vnnlib/malbeware_family-Dontovo.A_label-9_eps-1_idx-48.vnnlib,"[""UNSAT"",""UNSAT"",""UNSAT"",""UNSAT"",""UNSAT"",""UNSAT"",""UNSAT"",""UNSAT"",""UNSAT"",""UNSAT"",""UNSAT"",""UNSAT"",""UNSAT"",""UNSAT"",""UNSAT"",""UNSAT"",""UNSAT"",""UNSAT"",""UNSAT"",""UNSAT"",""UNSAT"",""UNSAT"",""UNSAT"",""UNSAT""]","[""CERTIFIED"",""CERTIFIED"",""CERTIFIED"",""CERTIFIED"",""CERTIFIED"",""CERTIFIED"",""CERTIFIED"",""CERTIFIED"",""CERTIFIED"",""CERTIFIED"",""CERTIFIED"",""CERTIFIED"",""CERTIFIED"",""CERTIFIED"",""CERTIFIED"",""CERTIFIED"",""CERTIFIED"",""CERTIFIED"",""CERTIFIED"",""CERTIFIED"",""CERTIFIED"",""CERTIFIED"",""CERTIFIED"",""CERTIFIED""]","[null,null,null,null,null,null,null,null,null,null,null,null,null,null,null,null,null,null,null,null,null,null,null,null]",,/data1/Kane/ACT/audit_results/capability_rebaseline_20260524T225704Z/malbeware/per_instance_malbeware_20260524T161715881414Z.json
cpu_rebase,21,FALSIFIED,SAT,FALSIFIED,FALSIFIED,3.043,,False,,PASSED,,onnx/malware_malimg_family_scaled_linear-25.onnx,vnnlib/malbeware_family-Swizzor.gen!E_label-20_eps-3_idx-100.vnnlib,"[""UNSAT"",""UNSAT"",""UNSAT"",""UNSAT"",""UNSAT"",""UNSAT"",""UNSAT"",""UNSAT"",""UNSAT"",""UNSAT"",""UNSAT"",""UNSAT"",""UNSAT"",""UNSAT"",""UNSAT"",""UNSAT"",""UNSAT"",""UNSAT"",""UNSAT"",""UNSAT"",""SAT""]","[""CERTIFIED"",""CERTIFIED"",""CERTIFIED"",""CERTIFIED"",""CERTIFIED"",""CERTIFIED"",""CERTIFIED"",""CERTIFIED"",""CERTIFIED"",""CERTIFIED"",""CERTIFIED"",""CERTIFIED"",""CERTIFIED"",""CERTIFIED"",""CERTIFIED"",""CERTIFIED"",""CERTIFIED"",""CERTIFIED"",""CERTIFIED"",""CERTIFIED"",""FALSIFIED""]","[null,null,null,null,null,null,null,null,null,null,null,null,null,null,null,null,null,null,null,null,""/data1/Kane/ACT/audit_results/capability_rebaseline_20260524T225704Z/malbeware/malbeware_21_q20_hz_walker_lp_0.json""]",,/data1/Kane/ACT/audit_results/capability_rebaseline_20260524T225704Z/malbeware/per_instance_malbeware_20260524T161715881414Z.json
cpu_rebase,22,CERTIFIED,UNSAT,CERTIFIED,CERTIFIED,3.403,,False,,PASSED,,onnx/malware_malimg_family_scaled_linear-25.onnx,vnnlib/malbeware_family-Wintrim.BX_label-23_eps-2_idx-117.vnnlib,"[""UNSAT"",""UNSAT"",""UNSAT"",""UNSAT"",""UNSAT"",""UNSAT"",""UNSAT"",""UNSAT"",""UNSAT"",""UNSAT"",""UNSAT"",""UNSAT"",""UNSAT"",""UNSAT"",""UNSAT"",""UNSAT"",""UNSAT"",""UNSAT"",""UNSAT"",""UNSAT"",""UNSAT"",""UNSAT"",""UNSAT"",""UNSAT""]","[""CERTIFIED"",""CERTIFIED"",""CERTIFIED"",""CERTIFIED"",""CERTIFIED"",""CERTIFIED"",""CERTIFIED"",""CERTIFIED"",""CERTIFIED"",""CERTIFIED"",""CERTIFIED"",""CERTIFIED"",""CERTIFIED"",""CERTIFIED"",""CERTIFIED"",""CERTIFIED"",""CERTIFIED"",""CERTIFIED"",""CERTIFIED"",""CERTIFIED"",""CERTIFIED"",""CERTIFIED"",""CERTIFIED"",""CERTIFIED""]","[null,null,null,null,null,null,null,null,null,null,null,null,null,null,null,null,null,null,null,null,null,null,null,null]",,/data1/Kane/ACT/audit_results/capability_rebaseline_20260524T225704Z/malbeware/per_instance_malbeware_20260524T161715881414Z.json
cpu_rebase,23,CERTIFIED,UNSAT,CERTIFIED,CERTIFIED,3.47,,False,,PASSED,,onnx/malware_malimg_family_scaled_linear-25.onnx,vnnlib/malbeware_family-Autorun.K_label-5_eps-1_idx-25.vnnlib,"[""UNSAT"",""UNSAT"",""UNSAT"",""UNSAT"",""UNSAT"",""UNSAT"",""UNSAT"",""UNSAT"",""UNSAT"",""UNSAT"",""UNSAT"",""UNSAT"",""UNSAT"",""UNSAT"",""UNSAT"",""UNSAT"",""UNSAT"",""UNSAT"",""UNSAT"",""UNSAT"",""UNSAT"",""UNSAT"",""UNSAT"",""UNSAT""]","[""CERTIFIED"",""CERTIFIED"",""CERTIFIED"",""CERTIFIED"",""CERTIFIED"",""CERTIFIED"",""CERTIFIED"",""CERTIFIED"",""CERTIFIED"",""CERTIFIED"",""CERTIFIED"",""CERTIFIED"",""CERTIFIED"",""CERTIFIED"",""CERTIFIED"",""CERTIFIED"",""CERTIFIED"",""CERTIFIED"",""CERTIFIED"",""CERTIFIED"",""CERTIFIED"",""CERTIFIED"",""CERTIFIED"",""CERTIFIED""]","[null,null,null,null,null,null,null,null,null,null,null,null,null,null,null,null,null,null,null,null,null,null,null,null]",,/data1/Kane/ACT/audit_results/capability_rebaseline_20260524T225704Z/malbeware/per_instance_malbeware_20260524T161715881414Z.json
cpu_rebase,24,CERTIFIED,UNSAT,CERTIFIED,CERTIFIED,3.352,,False,,PASSED,,onnx/malware_malimg_family_scaled_linear-25.onnx,vnnlib/malbeware_family-Lolyda.AA3_label-14_eps-3_idx-71.vnnlib,"[""UNSAT"",""UNSAT"",""UNSAT"",""UNSAT"",""UNSAT"",""UNSAT"",""UNSAT"",""UNSAT"",""UNSAT"",""UNSAT"",""UNSAT"",""UNSAT"",""UNSAT"",""UNSAT"",""UNSAT"",""UNSAT"",""UNSAT"",""UNSAT"",""UNSAT"",""UNSAT"",""UNSAT"",""UNSAT"",""UNSAT"",""UNSAT""]","[""CERTIFIED"",""CERTIFIED"",""CERTIFIED"",""CERTIFIED"",""CERTIFIED"",""CERTIFIED"",""CERTIFIED"",""CERTIFIED"",""CERTIFIED"",""CERTIFIED"",""CERTIFIED"",""CERTIFIED"",""CERTIFIED"",""CERTIFIED"",""CERTIFIED"",""CERTIFIED"",""CERTIFIED"",""CERTIFIED"",""CERTIFIED"",""CERTIFIED"",""CERTIFIED"",""CERTIFIED"",""CERTIFIED"",""CERTIFIED""]","[null,null,null,null,null,null,null,null,null,null,null,null,null,null,null,null,null,null,null,null,null,null,null,null]",,/data1/Kane/ACT/audit_results/capability_rebaseline_20260524T225704Z/malbeware/per_instance_malbeware_20260524T161715881414Z.json
cpu_rebase,25,CERTIFIED,UNSAT,CERTIFIED,CERTIFIED,3.473,,False,,PASSED,,onnx/malware_malimg_family_scaled_linear-25.onnx,vnnlib/malbeware_family-Agent.FYI_label-1_eps-3_idx-8.vnnlib,"[""UNSAT"",""UNSAT"",""UNSAT"",""UNSAT"",""UNSAT"",""UNSAT"",""UNSAT"",""UNSAT"",""UNSAT"",""UNSAT"",""UNSAT"",""UNSAT"",""UNSAT"",""UNSAT"",""UNSAT"",""UNSAT"",""UNSAT"",""UNSAT"",""UNSAT"",""UNSAT"",""UNSAT"",""UNSAT"",""UNSAT"",""UNSAT""]","[""CERTIFIED"",""CERTIFIED"",""CERTIFIED"",""CERTIFIED"",""CERTIFIED"",""CERTIFIED"",""CERTIFIED"",""CERTIFIED"",""CERTIFIED"",""CERTIFIED"",""CERTIFIED"",""CERTIFIED"",""CERTIFIED"",""CERTIFIED"",""CERTIFIED"",""CERTIFIED"",""CERTIFIED"",""CERTIFIED"",""CERTIFIED"",""CERTIFIED"",""CERTIFIED"",""CERTIFIED"",""CERTIFIED"",""CERTIFIED""]","[null,null,null,null,null,null,null,null,null,null,null,null,null,null,null,null,null,null,null,null,null,null,null,null]",,/data1/Kane/ACT/audit_results/capability_rebaseline_20260524T225704Z/malbeware/per_instance_malbeware_20260524T161715881414Z.json
cpu_rebase,26,CERTIFIED,UNSAT,CERTIFIED,CERTIFIED,3.356,,False,,PASSED,,onnx/malware_malimg_family_scaled_linear-25.onnx,vnnlib/malbeware_family-Allaple.A_label-2_eps-3_idx-12.vnnlib,"[""UNSAT"",""UNSAT"",""UNSAT"",""UNSAT"",""UNSAT"",""UNSAT"",""UNSAT"",""UNSAT"",""UNSAT"",""UNSAT"",""UNSAT"",""UNSAT"",""UNSAT"",""UNSAT"",""UNSAT"",""UNSAT"",""UNSAT"",""UNSAT"",""UNSAT"",""UNSAT"",""UNSAT"",""UNSAT"",""UNSAT"",""UNSAT""]","[""CERTIFIED"",""CERTIFIED"",""CERTIFIED"",""CERTIFIED"",""CERTIFIED"",""CERTIFIED"",""CERTIFIED"",""CERTIFIED"",""CERTIFIED"",""CERTIFIED"",""CERTIFIED"",""CERTIFIED"",""CERTIFIED"",""CERTIFIED"",""CERTIFIED"",""CERTIFIED"",""CERTIFIED"",""CERTIFIED"",""CERTIFIED"",""CERTIFIED"",""CERTIFIED"",""CERTIFIED"",""CERTIFIED"",""CERTIFIED""]","[null,null,null,null,null,null,null,null,null,null,null,null,null,null,null,null,null,null,null,null,null,null,null,null]",,/data1/Kane/ACT/audit_results/capability_rebaseline_20260524T225704Z/malbeware/per_instance_malbeware_20260524T161715881414Z.json
cpu_rebase,27,CERTIFIED,UNSAT,CERTIFIED,CERTIFIED,3.476,,False,,PASSED,,onnx/malware_malimg_family_scaled_linear-25.onnx,vnnlib/malbeware_family-Lolyda.AA2_label-13_eps-2_idx-68.vnnlib,"[""UNSAT"",""UNSAT"",""UNSAT"",""UNSAT"",""UNSAT"",""UNSAT"",""UNSAT"",""UNSAT"",""UNSAT"",""UNSAT"",""UNSAT"",""UNSAT"",""UNSAT"",""UNSAT"",""UNSAT"",""UNSAT"",""UNSAT"",""UNSAT"",""UNSAT"",""UNSAT"",""UNSAT"",""UNSAT"",""UNSAT"",""UNSAT""]","[""CERTIFIED"",""CERTIFIED"",""CERTIFIED"",""CERTIFIED"",""CERTIFIED"",""CERTIFIED"",""CERTIFIED"",""CERTIFIED"",""CERTIFIED"",""CERTIFIED"",""CERTIFIED"",""CERTIFIED"",""CERTIFIED"",""CERTIFIED"",""CERTIFIED"",""CERTIFIED"",""CERTIFIED"",""CERTIFIED"",""CERTIFIED"",""CERTIFIED"",""CERTIFIED"",""CERTIFIED"",""CERTIFIED"",""CERTIFIED""]","[null,null,null,null,null,null,null,null,null,null,null,null,null,null,null,null,null,null,null,null,null,null,null,null]",,/data1/Kane/ACT/audit_results/capability_rebaseline_20260524T225704Z/malbeware/per_instance_malbeware_20260524T161715881414Z.json
cpu_rebase,28,CERTIFIED,UNSAT,CERTIFIED,CERTIFIED,3.358,,False,,PASSED,,onnx/malware_malimg_family_scaled_linear-25.onnx,vnnlib/malbeware_family-Lolyda.AA2_label-13_eps-1_idx-66.vnnlib,"[""UNSAT"",""UNSAT"",""UNSAT"",""UNSAT"",""UNSAT"",""UNSAT"",""UNSAT"",""UNSAT"",""UNSAT"",""UNSAT"",""UNSAT"",""UNSAT"",""UNSAT"",""UNSAT"",""UNSAT"",""UNSAT"",""UNSAT"",""UNSAT"",""UNSAT"",""UNSAT"",""UNSAT"",""UNSAT"",""UNSAT"",""UNSAT""]","[""CERTIFIED"",""CERTIFIED"",""CERTIFIED"",""CERTIFIED"",""CERTIFIED"",""CERTIFIED"",""CERTIFIED"",""CERTIFIED"",""CERTIFIED"",""CERTIFIED"",""CERTIFIED"",""CERTIFIED"",""CERTIFIED"",""CERTIFIED"",""CERTIFIED"",""CERTIFIED"",""CERTIFIED"",""CERTIFIED"",""CERTIFIED"",""CERTIFIED"",""CERTIFIED"",""CERTIFIED"",""CERTIFIED"",""CERTIFIED""]","[null,null,null,null,null,null,null,null,null,null,null,null,null,null,null,null,null,null,null,null,null,null,null,null]",,/data1/Kane/ACT/audit_results/capability_rebaseline_20260524T225704Z/malbeware/per_instance_malbeware_20260524T161715881414Z.json
cpu_rebase,29,CERTIFIED,UNSAT,CERTIFIED,CERTIFIED,3.464,,False,,PASSED,,onnx/malware_malimg_family_scaled_linear-25.onnx,vnnlib/malbeware_family-Autorun.K_label-5_eps-2_idx-29.vnnlib,"[""UNSAT"",""UNSAT"",""UNSAT"",""UNSAT"",""UNSAT"",""UNSAT"",""UNSAT"",""UNSAT"",""UNSAT"",""UNSAT"",""UNSAT"",""UNSAT"",""UNSAT"",""UNSAT"",""UNSAT"",""UNSAT"",""UNSAT"",""UNSAT"",""UNSAT"",""UNSAT"",""UNSAT"",""UNSAT"",""UNSAT"",""UNSAT""]","[""CERTIFIED"",""CERTIFIED"",""CERTIFIED"",""CERTIFIED"",""CERTIFIED"",""CERTIFIED"",""CERTIFIED"",""CERTIFIED"",""CERTIFIED"",""CERTIFIED"",""CERTIFIED"",""CERTIFIED"",""CERTIFIED"",""CERTIFIED"",""CERTIFIED"",""CERTIFIED"",""CERTIFIED"",""CERTIFIED"",""CERTIFIED"",""CERTIFIED"",""CERTIFIED"",""CERTIFIED"",""CERTIFIED"",""CERTIFIED""]","[null,null,null,null,null,null,null,null,null,null,null,null,null,null,null,null,null,null,null,null,null,null,null,null]",,/data1/Kane/ACT/audit_results/capability_rebaseline_20260524T225704Z/malbeware/per_instance_malbeware_20260524T161715881414Z.json
cpu_rebase,3,CERTIFIED,UNSAT,CERTIFIED,CERTIFIED,3.445,,False,,PASSED,,onnx/malware_malimg_family_scaled_linear-25.onnx,vnnlib/malbeware_family-Skintrim.N_label-19_eps-3_idx-96.vnnlib,"[""UNSAT"",""UNSAT"",""UNSAT"",""UNSAT"",""UNSAT"",""UNSAT"",""UNSAT"",""UNSAT"",""UNSAT"",""UNSAT"",""UNSAT"",""UNSAT"",""UNSAT"",""UNSAT"",""UNSAT"",""UNSAT"",""UNSAT"",""UNSAT"",""UNSAT"",""UNSAT"",""UNSAT"",""UNSAT"",""UNSAT"",""UNSAT""]","[""CERTIFIED"",""CERTIFIED"",""CERTIFIED"",""CERTIFIED"",""CERTIFIED"",""CERTIFIED"",""CERTIFIED"",""CERTIFIED"",""CERTIFIED"",""CERTIFIED"",""CERTIFIED"",""CERTIFIED"",""CERTIFIED"",""CERTIFIED"",""CERTIFIED"",""CERTIFIED"",""CERTIFIED"",""CERTIFIED"",""CERTIFIED"",""CERTIFIED"",""CERTIFIED"",""CERTIFIED"",""CERTIFIED"",""CERTIFIED""]","[null,null,null,null,null,null,null,null,null,null,null,null,null,null,null,null,null,null,null,null,null,null,null,null]",,/data1/Kane/ACT/audit_results/capability_rebaseline_20260524T225704Z/malbeware/per_instance_malbeware_20260524T161715881414Z.json
cpu_rebase,30,CERTIFIED,UNSAT,CERTIFIED,CERTIFIED,3.343,,False,,PASSED,,onnx/malware_malimg_family_scaled_linear-25.onnx,vnnlib/malbeware_family-Lolyda.AT_label-15_eps-1_idx-79.vnnlib,"[""UNSAT"",""UNSAT"",""UNSAT"",""UNSAT"",""UNSAT"",""UNSAT"",""UNSAT"",""UNSAT"",""UNSAT"",""UNSAT"",""UNSAT"",""UNSAT"",""UNSAT"",""UNSAT"",""UNSAT"",""UNSAT"",""UNSAT"",""UNSAT"",""UNSAT"",""UNSAT"",""UNSAT"",""UNSAT"",""UNSAT"",""UNSAT""]","[""CERTIFIED"",""CERTIFIED"",""CERTIFIED"",""CERTIFIED"",""CERTIFIED"",""CERTIFIED"",""CERTIFIED"",""CERTIFIED"",""CERTIFIED"",""CERTIFIED"",""CERTIFIED"",""CERTIFIED"",""CERTIFIED"",""CERTIFIED"",""CERTIFIED"",""CERTIFIED"",""CERTIFIED"",""CERTIFIED"",""CERTIFIED"",""CERTIFIED"",""CERTIFIED"",""CERTIFIED"",""CERTIFIED"",""CERTIFIED""]","[null,null,null,null,null,null,null,null,null,null,null,null,null,null,null,null,null,null,null,null,null,null,null,null]",,/data1/Kane/ACT/audit_results/capability_rebaseline_20260524T225704Z/malbeware/per_instance_malbeware_20260524T161715881414Z.json
cpu_rebase,31,CERTIFIED,UNSAT,CERTIFIED,CERTIFIED,3.453,,False,,PASSED,,onnx/malware_malimg_family_scaled_linear-25.onnx,vnnlib/malbeware_family-VB.AT_label-22_eps-2_idx-112.vnnlib,"[""UNSAT"",""UNSAT"",""UNSAT"",""UNSAT"",""UNSAT"",""UNSAT"",""UNSAT"",""UNSAT"",""UNSAT"",""UNSAT"",""UNSAT"",""UNSAT"",""UNSAT"",""UNSAT"",""UNSAT"",""UNSAT"",""UNSAT"",""UNSAT"",""UNSAT"",""UNSAT"",""UNSAT"",""UNSAT"",""UNSAT"",""UNSAT""]","[""CERTIFIED"",""CERTIFIED"",""CERTIFIED"",""CERTIFIED"",""CERTIFIED"",""CERTIFIED"",""CERTIFIED"",""CERTIFIED"",""CERTIFIED"",""CERTIFIED"",""CERTIFIED"",""CERTIFIED"",""CERTIFIED"",""CERTIFIED"",""CERTIFIED"",""CERTIFIED"",""CERTIFIED"",""CERTIFIED"",""CERTIFIED"",""CERTIFIED"",""CERTIFIED"",""CERTIFIED"",""CERTIFIED"",""CERTIFIED""]","[null,null,null,null,null,null,null,null,null,null,null,null,null,null,null,null,null,null,null,null,null,null,null,null]",,/data1/Kane/ACT/audit_results/capability_rebaseline_20260524T225704Z/malbeware/per_instance_malbeware_20260524T161715881414Z.json
cpu_rebase,32,CERTIFIED,UNSAT,CERTIFIED,CERTIFIED,3.352,,False,,PASSED,,onnx/malware_malimg_family_scaled_linear-25.onnx,vnnlib/malbeware_family-C2LOP.P_label-6_eps-2_idx-30.vnnlib,"[""UNSAT"",""UNSAT"",""UNSAT"",""UNSAT"",""UNSAT"",""UNSAT"",""UNSAT"",""UNSAT"",""UNSAT"",""UNSAT"",""UNSAT"",""UNSAT"",""UNSAT"",""UNSAT"",""UNSAT"",""UNSAT"",""UNSAT"",""UNSAT"",""UNSAT"",""UNSAT"",""UNSAT"",""UNSAT"",""UNSAT"",""UNSAT""]","[""CERTIFIED"",""CERTIFIED"",""CERTIFIED"",""CERTIFIED"",""CERTIFIED"",""CERTIFIED"",""CERTIFIED"",""CERTIFIED"",""CERTIFIED"",""CERTIFIED"",""CERTIFIED"",""CERTIFIED"",""CERTIFIED"",""CERTIFIED"",""CERTIFIED"",""CERTIFIED"",""CERTIFIED"",""CERTIFIED"",""CERTIFIED"",""CERTIFIED"",""CERTIFIED"",""CERTIFIED"",""CERTIFIED"",""CERTIFIED""]","[null,null,null,null,null,null,null,null,null,null,null,null,null,null,null,null,null,null,null,null,null,null,null,null]",,/data1/Kane/ACT/audit_results/capability_rebaseline_20260524T225704Z/malbeware/per_instance_malbeware_20260524T161715881414Z.json
cpu_rebase,33,CERTIFIED,UNSAT,CERTIFIED,CERTIFIED,3.444,,False,,PASSED,,onnx/malware_malimg_family_scaled_linear-25.onnx,vnnlib/malbeware_family-Instantaccess_label-11_eps-2_idx-57.vnnlib,"[""UNSAT"",""UNSAT"",""UNSAT"",""UNSAT"",""UNSAT"",""UNSAT"",""UNSAT"",""UNSAT"",""UNSAT"",""UNSAT"",""UNSAT"",""UNSAT"",""UNSAT"",""UNSAT"",""UNSAT"",""UNSAT"",""UNSAT"",""UNSAT"",""UNSAT"",""UNSAT"",""UNSAT"",""UNSAT"",""UNSAT"",""UNSAT""]","[""CERTIFIED"",""CERTIFIED"",""CERTIFIED"",""CERTIFIED"",""CERTIFIED"",""CERTIFIED"",""CERTIFIED"",""CERTIFIED"",""CERTIFIED"",""CERTIFIED"",""CERTIFIED"",""CERTIFIED"",""CERTIFIED"",""CERTIFIED"",""CERTIFIED"",""CERTIFIED"",""CERTIFIED"",""CERTIFIED"",""CERTIFIED"",""CERTIFIED"",""CERTIFIED"",""CERTIFIED"",""CERTIFIED"",""CERTIFIED""]","[null,null,null,null,null,null,null,null,null,null,null,null,null,null,null,null,null,null,null,null,null,null,null,null]",,/data1/Kane/ACT/audit_results/capability_rebaseline_20260524T225704Z/malbeware/per_instance_malbeware_20260524T161715881414Z.json
cpu_rebase,34,CERTIFIED,UNSAT,CERTIFIED,CERTIFIED,3.294,,False,,PASSED,,onnx/malware_malimg_family_scaled_linear-25.onnx,vnnlib/malbeware_family-Dialplatform.B_label-8_eps-1_idx-40.vnnlib,"[""UNSAT"",""UNSAT"",""UNSAT"",""UNSAT"",""UNSAT"",""UNSAT"",""UNSAT"",""UNSAT"",""UNSAT"",""UNSAT"",""UNSAT"",""UNSAT"",""UNSAT"",""UNSAT"",""UNSAT"",""UNSAT"",""UNSAT"",""UNSAT"",""UNSAT"",""UNSAT"",""UNSAT"",""UNSAT"",""UNSAT"",""UNSAT""]","[""CERTIFIED"",""CERTIFIED"",""CERTIFIED"",""CERTIFIED"",""CERTIFIED"",""CERTIFIED"",""CERTIFIED"",""CERTIFIED"",""CERTIFIED"",""CERTIFIED"",""CERTIFIED"",""CERTIFIED"",""CERTIFIED"",""CERTIFIED"",""CERTIFIED"",""CERTIFIED"",""CERTIFIED"",""CERTIFIED"",""CERTIFIED"",""CERTIFIED"",""CERTIFIED"",""CERTIFIED"",""CERTIFIED"",""CERTIFIED""]","[null,null,null,null,null,null,null,null,null,null,null,null,null,null,null,null,null,null,null,null,null,null,null,null]",,/data1/Kane/ACT/audit_results/capability_rebaseline_20260524T225704Z/malbeware/per_instance_malbeware_20260524T161715881414Z.json
cpu_rebase,35,CERTIFIED,UNSAT,CERTIFIED,CERTIFIED,3.439,,False,,PASSED,,onnx/malware_malimg_family_scaled_linear-25.onnx,vnnlib/malbeware_family-Malex.gen!J_label-16_eps-3_idx-82.vnnlib,"[""UNSAT"",""UNSAT"",""UNSAT"",""UNSAT"",""UNSAT"",""UNSAT"",""UNSAT"",""UNSAT"",""UNSAT"",""UNSAT"",""UNSAT"",""UNSAT"",""UNSAT"",""UNSAT"",""UNSAT"",""UNSAT"",""UNSAT"",""UNSAT"",""UNSAT"",""UNSAT"",""UNSAT"",""UNSAT"",""UNSAT"",""UNSAT""]","[""CERTIFIED"",""CERTIFIED"",""CERTIFIED"",""CERTIFIED"",""CERTIFIED"",""CERTIFIED"",""CERTIFIED"",""CERTIFIED"",""CERTIFIED"",""CERTIFIED"",""CERTIFIED"",""CERTIFIED"",""CERTIFIED"",""CERTIFIED"",""CERTIFIED"",""CERTIFIED"",""CERTIFIED"",""CERTIFIED"",""CERTIFIED"",""CERTIFIED"",""CERTIFIED"",""CERTIFIED"",""CERTIFIED"",""CERTIFIED""]","[null,null,null,null,null,null,null,null,null,null,null,null,null,null,null,null,null,null,null,null,null,null,null,null]",,/data1/Kane/ACT/audit_results/capability_rebaseline_20260524T225704Z/malbeware/per_instance_malbeware_20260524T161715881414Z.json
cpu_rebase,36,CERTIFIED,UNSAT,CERTIFIED,CERTIFIED,3.303,,False,,PASSED,,onnx/malware_malimg_family_scaled_linear-25.onnx,vnnlib/malbeware_family-Autorun.K_label-5_eps-1_idx-27.vnnlib,"[""UNSAT"",""UNSAT"",""UNSAT"",""UNSAT"",""UNSAT"",""UNSAT"",""UNSAT"",""UNSAT"",""UNSAT"",""UNSAT"",""UNSAT"",""UNSAT"",""UNSAT"",""UNSAT"",""UNSAT"",""UNSAT"",""UNSAT"",""UNSAT"",""UNSAT"",""UNSAT"",""UNSAT"",""UNSAT"",""UNSAT"",""UNSAT""]","[""CERTIFIED"",""CERTIFIED"",""CERTIFIED"",""CERTIFIED"",""CERTIFIED"",""CERTIFIED"",""CERTIFIED"",""CERTIFIED"",""CERTIFIED"",""CERTIFIED"",""CERTIFIED"",""CERTIFIED"",""CERTIFIED"",""CERTIFIED"",""CERTIFIED"",""CERTIFIED"",""CERTIFIED"",""CERTIFIED"",""CERTIFIED"",""CERTIFIED"",""CERTIFIED"",""CERTIFIED"",""CERTIFIED"",""CERTIFIED""]","[null,null,null,null,null,null,null,null,null,null,null,null,null,null,null,null,null,null,null,null,null,null,null,null]",,/data1/Kane/ACT/audit_results/capability_rebaseline_20260524T225704Z/malbeware/per_instance_malbeware_20260524T161715881414Z.json
cpu_rebase,37,CERTIFIED,UNSAT,CERTIFIED,CERTIFIED,3.466,,False,,PASSED,,onnx/malware_malimg_family_scaled_linear-25.onnx,vnnlib/malbeware_family-Allaple.L_label-3_eps-3_idx-16.vnnlib,"[""UNSAT"",""UNSAT"",""UNSAT"",""UNSAT"",""UNSAT"",""UNSAT"",""UNSAT"",""UNSAT"",""UNSAT"",""UNSAT"",""UNSAT"",""UNSAT"",""UNSAT"",""UNSAT"",""UNSAT"",""UNSAT"",""UNSAT"",""UNSAT"",""UNSAT"",""UNSAT"",""UNSAT"",""UNSAT"",""UNSAT"",""UNSAT""]","[""CERTIFIED"",""CERTIFIED"",""CERTIFIED"",""CERTIFIED"",""CERTIFIED"",""CERTIFIED"",""CERTIFIED"",""CERTIFIED"",""CERTIFIED"",""CERTIFIED"",""CERTIFIED"",""CERTIFIED"",""CERTIFIED"",""CERTIFIED"",""CERTIFIED"",""CERTIFIED"",""CERTIFIED"",""CERTIFIED"",""CERTIFIED"",""CERTIFIED"",""CERTIFIED"",""CERTIFIED"",""CERTIFIED"",""CERTIFIED""]","[null,null,null,null,null,null,null,null,null,null,null,null,null,null,null,null,null,null,null,null,null,null,null,null]",,/data1/Kane/ACT/audit_results/capability_rebaseline_20260524T225704Z/malbeware/per_instance_malbeware_20260524T161715881414Z.json
cpu_rebase,38,CERTIFIED,UNSAT,CERTIFIED,CERTIFIED,3.416,,False,,PASSED,,onnx/malware_malimg_family_scaled_linear-25.onnx,vnnlib/malbeware_family-Allaple.L_label-3_eps-1_idx-18.vnnlib,"[""UNSAT"",""UNSAT"",""UNSAT"",""UNSAT"",""UNSAT"",""UNSAT"",""UNSAT"",""UNSAT"",""UNSAT"",""UNSAT"",""UNSAT"",""UNSAT"",""UNSAT"",""UNSAT"",""UNSAT"",""UNSAT"",""UNSAT"",""UNSAT"",""UNSAT"",""UNSAT"",""UNSAT"",""UNSAT"",""UNSAT"",""UNSAT""]","[""CERTIFIED"",""CERTIFIED"",""CERTIFIED"",""CERTIFIED"",""CERTIFIED"",""CERTIFIED"",""CERTIFIED"",""CERTIFIED"",""CERTIFIED"",""CERTIFIED"",""CERTIFIED"",""CERTIFIED"",""CERTIFIED"",""CERTIFIED"",""CERTIFIED"",""CERTIFIED"",""CERTIFIED"",""CERTIFIED"",""CERTIFIED"",""CERTIFIED"",""CERTIFIED"",""CERTIFIED"",""CERTIFIED"",""CERTIFIED""]","[null,null,null,null,null,null,null,null,null,null,null,null,null,null,null,null,null,null,null,null,null,null,null,null]",,/data1/Kane/ACT/audit_results/capability_rebaseline_20260524T225704Z/malbeware/per_instance_malbeware_20260524T161715881414Z.json
cpu_rebase,39,CERTIFIED,UNSAT,CERTIFIED,CERTIFIED,3.512,,False,,PASSED,,onnx/malware_malimg_family_scaled_linear-25.onnx,vnnlib/malbeware_family-Swizzor.gen!E_label-20_eps-2_idx-104.vnnlib,"[""UNSAT"",""UNSAT"",""UNSAT"",""UNSAT"",""UNSAT"",""UNSAT"",""UNSAT"",""UNSAT"",""UNSAT"",""UNSAT"",""UNSAT"",""UNSAT"",""UNSAT"",""UNSAT"",""UNSAT"",""UNSAT"",""UNSAT"",""UNSAT"",""UNSAT"",""UNSAT"",""UNSAT"",""UNSAT"",""UNSAT"",""UNSAT""]","[""CERTIFIED"",""CERTIFIED"",""CERTIFIED"",""CERTIFIED"",""CERTIFIED"",""CERTIFIED"",""CERTIFIED"",""CERTIFIED"",""CERTIFIED"",""CERTIFIED"",""CERTIFIED"",""CERTIFIED"",""CERTIFIED"",""CERTIFIED"",""CERTIFIED"",""CERTIFIED"",""CERTIFIED"",""CERTIFIED"",""CERTIFIED"",""CERTIFIED"",""CERTIFIED"",""CERTIFIED"",""CERTIFIED"",""CERTIFIED""]","[null,null,null,null,null,null,null,null,null,null,null,null,null,null,null,null,null,null,null,null,null,null,null,null]",,/data1/Kane/ACT/audit_results/capability_rebaseline_20260524T225704Z/malbeware/per_instance_malbeware_20260524T161715881414Z.json
cpu_rebase,4,CERTIFIED,UNSAT,CERTIFIED,CERTIFIED,3.428,,False,,PASSED,,onnx/malware_malimg_family_scaled_linear-25.onnx,vnnlib/malbeware_family-Lolyda.AA1_label-12_eps-3_idx-64.vnnlib,"[""UNSAT"",""UNSAT"",""UNSAT"",""UNSAT"",""UNSAT"",""UNSAT"",""UNSAT"",""UNSAT"",""UNSAT"",""UNSAT"",""UNSAT"",""UNSAT"",""UNSAT"",""UNSAT"",""UNSAT"",""UNSAT"",""UNSAT"",""UNSAT"",""UNSAT"",""UNSAT"",""UNSAT"",""UNSAT"",""UNSAT"",""UNSAT""]","[""CERTIFIED"",""CERTIFIED"",""CERTIFIED"",""CERTIFIED"",""CERTIFIED"",""CERTIFIED"",""CERTIFIED"",""CERTIFIED"",""CERTIFIED"",""CERTIFIED"",""CERTIFIED"",""CERTIFIED"",""CERTIFIED"",""CERTIFIED"",""CERTIFIED"",""CERTIFIED"",""CERTIFIED"",""CERTIFIED"",""CERTIFIED"",""CERTIFIED"",""CERTIFIED"",""CERTIFIED"",""CERTIFIED"",""CERTIFIED""]","[null,null,null,null,null,null,null,null,null,null,null,null,null,null,null,null,null,null,null,null,null,null,null,null]",,/data1/Kane/ACT/audit_results/capability_rebaseline_20260524T225704Z/malbeware/per_instance_malbeware_20260524T161715881414Z.json
cpu_rebase,40,CERTIFIED,UNSAT,CERTIFIED,CERTIFIED,3.351,,False,,PASSED,,onnx/malware_malimg_family_scaled_linear-25.onnx,vnnlib/malbeware_family-VB.AT_label-22_eps-3_idx-111.vnnlib,"[""UNSAT"",""UNSAT"",""UNSAT"",""UNSAT"",""UNSAT"",""UNSAT"",""UNSAT"",""UNSAT"",""UNSAT"",""UNSAT"",""UNSAT"",""UNSAT"",""UNSAT"",""UNSAT"",""UNSAT"",""UNSAT"",""UNSAT"",""UNSAT"",""UNSAT"",""UNSAT"",""UNSAT"",""UNSAT"",""UNSAT"",""UNSAT""]","[""CERTIFIED"",""CERTIFIED"",""CERTIFIED"",""CERTIFIED"",""CERTIFIED"",""CERTIFIED"",""CERTIFIED"",""CERTIFIED"",""CERTIFIED"",""CERTIFIED"",""CERTIFIED"",""CERTIFIED"",""CERTIFIED"",""CERTIFIED"",""CERTIFIED"",""CERTIFIED"",""CERTIFIED"",""CERTIFIED"",""CERTIFIED"",""CERTIFIED"",""CERTIFIED"",""CERTIFIED"",""CERTIFIED"",""CERTIFIED""]","[null,null,null,null,null,null,null,null,null,null,null,null,null,null,null,null,null,null,null,null,null,null,null,null]",,/data1/Kane/ACT/audit_results/capability_rebaseline_20260524T225704Z/malbeware/per_instance_malbeware_20260524T161715881414Z.json
cpu_rebase,41,CERTIFIED,UNSAT,CERTIFIED,CERTIFIED,3.431,,False,,PASSED,,onnx/malware_malimg_family_scaled_linear-25.onnx,vnnlib/malbeware_family-Rbotigen_label-18_eps-2_idx-93.vnnlib,"[""UNSAT"",""UNSAT"",""UNSAT"",""UNSAT"",""UNSAT"",""UNSAT"",""UNSAT"",""UNSAT"",""UNSAT"",""UNSAT"",""UNSAT"",""UNSAT"",""UNSAT"",""UNSAT"",""UNSAT"",""UNSAT"",""UNSAT"",""UNSAT"",""UNSAT"",""UNSAT"",""UNSAT"",""UNSAT"",""UNSAT"",""UNSAT""]","[""CERTIFIED"",""CERTIFIED"",""CERTIFIED"",""CERTIFIED"",""CERTIFIED"",""CERTIFIED"",""CERTIFIED"",""CERTIFIED"",""CERTIFIED"",""CERTIFIED"",""CERTIFIED"",""CERTIFIED"",""CERTIFIED"",""CERTIFIED"",""CERTIFIED"",""CERTIFIED"",""CERTIFIED"",""CERTIFIED"",""CERTIFIED"",""CERTIFIED"",""CERTIFIED"",""CERTIFIED"",""CERTIFIED"",""CERTIFIED""]","[null,null,null,null,null,null,null,null,null,null,null,null,null,null,null,null,null,null,null,null,null,null,null,null]",,/data1/Kane/ACT/audit_results/capability_rebaseline_20260524T225704Z/malbeware/per_instance_malbeware_20260524T161715881414Z.json
cpu_rebase,42,CERTIFIED,UNSAT,CERTIFIED,CERTIFIED,3.328,,False,,PASSED,,onnx/malware_malimg_family_scaled_linear-25.onnx,vnnlib/malbeware_family-Lolyda.AT_label-15_eps-2_idx-76.vnnlib,"[""UNSAT"",""UNSAT"",""UNSAT"",""UNSAT"",""UNSAT"",""UNSAT"",""UNSAT"",""UNSAT"",""UNSAT"",""UNSAT"",""UNSAT"",""UNSAT"",""UNSAT"",""UNSAT"",""UNSAT"",""UNSAT"",""UNSAT"",""UNSAT"",""UNSAT"",""UNSAT"",""UNSAT"",""UNSAT"",""UNSAT"",""UNSAT""]","[""CERTIFIED"",""CERTIFIED"",""CERTIFIED"",""CERTIFIED"",""CERTIFIED"",""CERTIFIED"",""CERTIFIED"",""CERTIFIED"",""CERTIFIED"",""CERTIFIED"",""CERTIFIED"",""CERTIFIED"",""CERTIFIED"",""CERTIFIED"",""CERTIFIED"",""CERTIFIED"",""CERTIFIED"",""CERTIFIED"",""CERTIFIED"",""CERTIFIED"",""CERTIFIED"",""CERTIFIED"",""CERTIFIED"",""CERTIFIED""]","[null,null,null,null,null,null,null,null,null,null,null,null,null,null,null,null,null,null,null,null,null,null,null,null]",,/data1/Kane/ACT/audit_results/capability_rebaseline_20260524T225704Z/malbeware/per_instance_malbeware_20260524T161715881414Z.json
cpu_rebase,43,CERTIFIED,UNSAT,CERTIFIED,CERTIFIED,3.421,,False,,PASSED,,onnx/malware_malimg_family_scaled_linear-25.onnx,vnnlib/malbeware_family-C2LOP.P_label-6_eps-2_idx-31.vnnlib,"[""UNSAT"",""UNSAT"",""UNSAT"",""UNSAT"",""UNSAT"",""UNSAT"",""UNSAT"",""UNSAT"",""UNSAT"",""UNSAT"",""UNSAT"",""UNSAT"",""UNSAT"",""UNSAT"",""UNSAT"",""UNSAT"",""UNSAT"",""UNSAT"",""UNSAT"",""UNSAT"",""UNSAT"",""UNSAT"",""UNSAT"",""UNSAT""]","[""CERTIFIED"",""CERTIFIED"",""CERTIFIED"",""CERTIFIED"",""CERTIFIED"",""CERTIFIED"",""CERTIFIED"",""CERTIFIED"",""CERTIFIED"",""CERTIFIED"",""CERTIFIED"",""CERTIFIED"",""CERTIFIED"",""CERTIFIED"",""CERTIFIED"",""CERTIFIED"",""CERTIFIED"",""CERTIFIED"",""CERTIFIED"",""CERTIFIED"",""CERTIFIED"",""CERTIFIED"",""CERTIFIED"",""CERTIFIED""]","[null,null,null,null,null,null,null,null,null,null,null,null,null,null,null,null,null,null,null,null,null,null,null,null]",,/data1/Kane/ACT/audit_results/capability_rebaseline_20260524T225704Z/malbeware/per_instance_malbeware_20260524T161715881414Z.json
cpu_rebase,44,CERTIFIED,UNSAT,CERTIFIED,CERTIFIED,3.333,,False,,PASSED,,onnx/malware_malimg_family_scaled_linear-25.onnx,vnnlib/malbeware_family-Allaple.L_label-3_eps-2_idx-18.vnnlib,"[""UNSAT"",""UNSAT"",""UNSAT"",""UNSAT"",""UNSAT"",""UNSAT"",""UNSAT"",""UNSAT"",""UNSAT"",""UNSAT"",""UNSAT"",""UNSAT"",""UNSAT"",""UNSAT"",""UNSAT"",""UNSAT"",""UNSAT"",""UNSAT"",""UNSAT"",""UNSAT"",""UNSAT"",""UNSAT"",""UNSAT"",""UNSAT""]","[""CERTIFIED"",""CERTIFIED"",""CERTIFIED"",""CERTIFIED"",""CERTIFIED"",""CERTIFIED"",""CERTIFIED"",""CERTIFIED"",""CERTIFIED"",""CERTIFIED"",""CERTIFIED"",""CERTIFIED"",""CERTIFIED"",""CERTIFIED"",""CERTIFIED"",""CERTIFIED"",""CERTIFIED"",""CERTIFIED"",""CERTIFIED"",""CERTIFIED"",""CERTIFIED"",""CERTIFIED"",""CERTIFIED"",""CERTIFIED""]","[null,null,null,null,null,null,null,null,null,null,null,null,null,null,null,null,null,null,null,null,null,null,null,null]",,/data1/Kane/ACT/audit_results/capability_rebaseline_20260524T225704Z/malbeware/per_instance_malbeware_20260524T161715881414Z.json
cpu_rebase,45,CERTIFIED,UNSAT,CERTIFIED,CERTIFIED,3.377,,False,,PASSED,,onnx/malware_malimg_family_scaled_linear-25.onnx,vnnlib/malbeware_family-Autorun.K_label-5_eps-1_idx-28.vnnlib,"[""UNSAT"",""UNSAT"",""UNSAT"",""UNSAT"",""UNSAT"",""UNSAT"",""UNSAT"",""UNSAT"",""UNSAT"",""UNSAT"",""UNSAT"",""UNSAT"",""UNSAT"",""UNSAT"",""UNSAT"",""UNSAT"",""UNSAT"",""UNSAT"",""UNSAT"",""UNSAT"",""UNSAT"",""UNSAT"",""UNSAT"",""UNSAT""]","[""CERTIFIED"",""CERTIFIED"",""CERTIFIED"",""CERTIFIED"",""CERTIFIED"",""CERTIFIED"",""CERTIFIED"",""CERTIFIED"",""CERTIFIED"",""CERTIFIED"",""CERTIFIED"",""CERTIFIED"",""CERTIFIED"",""CERTIFIED"",""CERTIFIED"",""CERTIFIED"",""CERTIFIED"",""CERTIFIED"",""CERTIFIED"",""CERTIFIED"",""CERTIFIED"",""CERTIFIED"",""CERTIFIED"",""CERTIFIED""]","[null,null,null,null,null,null,null,null,null,null,null,null,null,null,null,null,null,null,null,null,null,null,null,null]",,/data1/Kane/ACT/audit_results/capability_rebaseline_20260524T225704Z/malbeware/per_instance_malbeware_20260524T161715881414Z.json
cpu_rebase,46,CERTIFIED,UNSAT,CERTIFIED,CERTIFIED,3.328,,False,,PASSED,,onnx/malware_malimg_family_scaled_linear-25.onnx,vnnlib/malbeware_family-Allaple.A_label-2_eps-2_idx-13.vnnlib,"[""UNSAT"",""UNSAT"",""UNSAT"",""UNSAT"",""UNSAT"",""UNSAT"",""UNSAT"",""UNSAT"",""UNSAT"",""UNSAT"",""UNSAT"",""UNSAT"",""UNSAT"",""UNSAT"",""UNSAT"",""UNSAT"",""UNSAT"",""UNSAT"",""UNSAT"",""UNSAT"",""UNSAT"",""UNSAT"",""UNSAT"",""UNSAT""]","[""CERTIFIED"",""CERTIFIED"",""CERTIFIED"",""CERTIFIED"",""CERTIFIED"",""CERTIFIED"",""CERTIFIED"",""CERTIFIED"",""CERTIFIED"",""CERTIFIED"",""CERTIFIED"",""CERTIFIED"",""CERTIFIED"",""CERTIFIED"",""CERTIFIED"",""CERTIFIED"",""CERTIFIED"",""CERTIFIED"",""CERTIFIED"",""CERTIFIED"",""CERTIFIED"",""CERTIFIED"",""CERTIFIED"",""CERTIFIED""]","[null,null,null,null,null,null,null,null,null,null,null,null,null,null,null,null,null,null,null,null,null,null,null,null]",,/data1/Kane/ACT/audit_results/capability_rebaseline_20260524T225704Z/malbeware/per_instance_malbeware_20260524T161715881414Z.json
cpu_rebase,47,CERTIFIED,UNSAT,CERTIFIED,CERTIFIED,3.466,,False,,PASSED,,onnx/malware_malimg_family_scaled_linear-25.onnx,vnnlib/malbeware_family-Alueron.gen!J_label-4_eps-1_idx-23.vnnlib,"[""UNSAT"",""UNSAT"",""UNSAT"",""UNSAT"",""UNSAT"",""UNSAT"",""UNSAT"",""UNSAT"",""UNSAT"",""UNSAT"",""UNSAT"",""UNSAT"",""UNSAT"",""UNSAT"",""UNSAT"",""UNSAT"",""UNSAT"",""UNSAT"",""UNSAT"",""UNSAT"",""UNSAT"",""UNSAT"",""UNSAT"",""UNSAT""]","[""CERTIFIED"",""CERTIFIED"",""CERTIFIED"",""CERTIFIED"",""CERTIFIED"",""CERTIFIED"",""CERTIFIED"",""CERTIFIED"",""CERTIFIED"",""CERTIFIED"",""CERTIFIED"",""CERTIFIED"",""CERTIFIED"",""CERTIFIED"",""CERTIFIED"",""CERTIFIED"",""CERTIFIED"",""CERTIFIED"",""CERTIFIED"",""CERTIFIED"",""CERTIFIED"",""CERTIFIED"",""CERTIFIED"",""CERTIFIED""]","[null,null,null,null,null,null,null,null,null,null,null,null,null,null,null,null,null,null,null,null,null,null,null,null]",,/data1/Kane/ACT/audit_results/capability_rebaseline_20260524T225704Z/malbeware/per_instance_malbeware_20260524T161715881414Z.json
cpu_rebase,48,CERTIFIED,UNSAT,CERTIFIED,CERTIFIED,3.386,,False,,PASSED,,onnx/malware_malimg_family_scaled_linear-25.onnx,vnnlib/malbeware_family-Dialplatform.B_label-8_eps-2_idx-43.vnnlib,"[""UNSAT"",""UNSAT"",""UNSAT"",""UNSAT"",""UNSAT"",""UNSAT"",""UNSAT"",""UNSAT"",""UNSAT"",""UNSAT"",""UNSAT"",""UNSAT"",""UNSAT"",""UNSAT"",""UNSAT"",""UNSAT"",""UNSAT"",""UNSAT"",""UNSAT"",""UNSAT"",""UNSAT"",""UNSAT"",""UNSAT"",""UNSAT""]","[""CERTIFIED"",""CERTIFIED"",""CERTIFIED"",""CERTIFIED"",""CERTIFIED"",""CERTIFIED"",""CERTIFIED"",""CERTIFIED"",""CERTIFIED"",""CERTIFIED"",""CERTIFIED"",""CERTIFIED"",""CERTIFIED"",""CERTIFIED"",""CERTIFIED"",""CERTIFIED"",""CERTIFIED"",""CERTIFIED"",""CERTIFIED"",""CERTIFIED"",""CERTIFIED"",""CERTIFIED"",""CERTIFIED"",""CERTIFIED""]","[null,null,null,null,null,null,null,null,null,null,null,null,null,null,null,null,null,null,null,null,null,null,null,null]",,/data1/Kane/ACT/audit_results/capability_rebaseline_20260524T225704Z/malbeware/per_instance_malbeware_20260524T161715881414Z.json
cpu_rebase,49,CERTIFIED,UNSAT,CERTIFIED,CERTIFIED,3.453,,False,,PASSED,,onnx/malware_malimg_family_scaled_linear-25.onnx,vnnlib/malbeware_family-Instantaccess_label-11_eps-2_idx-55.vnnlib,"[""UNSAT"",""UNSAT"",""UNSAT"",""UNSAT"",""UNSAT"",""UNSAT"",""UNSAT"",""UNSAT"",""UNSAT"",""UNSAT"",""UNSAT"",""UNSAT"",""UNSAT"",""UNSAT"",""UNSAT"",""UNSAT"",""UNSAT"",""UNSAT"",""UNSAT"",""UNSAT"",""UNSAT"",""UNSAT"",""UNSAT"",""UNSAT""]","[""CERTIFIED"",""CERTIFIED"",""CERTIFIED"",""CERTIFIED"",""CERTIFIED"",""CERTIFIED"",""CERTIFIED"",""CERTIFIED"",""CERTIFIED"",""CERTIFIED"",""CERTIFIED"",""CERTIFIED"",""CERTIFIED"",""CERTIFIED"",""CERTIFIED"",""CERTIFIED"",""CERTIFIED"",""CERTIFIED"",""CERTIFIED"",""CERTIFIED"",""CERTIFIED"",""CERTIFIED"",""CERTIFIED"",""CERTIFIED""]","[null,null,null,null,null,null,null,null,null,null,null,null,null,null,null,null,null,null,null,null,null,null,null,null]",,/data1/Kane/ACT/audit_results/capability_rebaseline_20260524T225704Z/malbeware/per_instance_malbeware_20260524T161715881414Z.json
cpu_rebase,5,CERTIFIED,UNSAT,CERTIFIED,CERTIFIED,3.439,,False,,PASSED,,onnx/malware_malimg_family_scaled_linear-25.onnx,vnnlib/malbeware_family-Agent.FYI_label-1_eps-2_idx-8.vnnlib,"[""UNSAT"",""UNSAT"",""UNSAT"",""UNSAT"",""UNSAT"",""UNSAT"",""UNSAT"",""UNSAT"",""UNSAT"",""UNSAT"",""UNSAT"",""UNSAT"",""UNSAT"",""UNSAT"",""UNSAT"",""UNSAT"",""UNSAT"",""UNSAT"",""UNSAT"",""UNSAT"",""UNSAT"",""UNSAT"",""UNSAT"",""UNSAT""]","[""CERTIFIED"",""CERTIFIED"",""CERTIFIED"",""CERTIFIED"",""CERTIFIED"",""CERTIFIED"",""CERTIFIED"",""CERTIFIED"",""CERTIFIED"",""CERTIFIED"",""CERTIFIED"",""CERTIFIED"",""CERTIFIED"",""CERTIFIED"",""CERTIFIED"",""CERTIFIED"",""CERTIFIED"",""CERTIFIED"",""CERTIFIED"",""CERTIFIED"",""CERTIFIED"",""CERTIFIED"",""CERTIFIED"",""CERTIFIED""]","[null,null,null,null,null,null,null,null,null,null,null,null,null,null,null,null,null,null,null,null,null,null,null,null]",,/data1/Kane/ACT/audit_results/capability_rebaseline_20260524T225704Z/malbeware/per_instance_malbeware_20260524T161715881414Z.json
cpu_rebase,50,CERTIFIED,UNSAT,CERTIFIED,CERTIFIED,66.721,,False,,PASSED,,onnx/malware_malimg_family_scaled_4-25.onnx,vnnlib/malbeware_family-Obfuscator.AD_label-17_eps-1_idx-89.vnnlib,"[""UNSAT"",""UNSAT"",""UNSAT"",""UNSAT"",""UNSAT"",""UNSAT"",""UNSAT"",""UNSAT"",""UNSAT"",""UNSAT"",""UNSAT"",""UNSAT"",""UNSAT"",""UNSAT"",""UNSAT"",""UNSAT"",""UNSAT"",""UNSAT"",""UNSAT"",""UNSAT"",""UNSAT"",""UNSAT"",""UNSAT"",""UNSAT""]","[""CERTIFIED"",""CERTIFIED"",""CERTIFIED"",""CERTIFIED"",""CERTIFIED"",""CERTIFIED"",""CERTIFIED"",""CERTIFIED"",""CERTIFIED"",""CERTIFIED"",""CERTIFIED"",""CERTIFIED"",""CERTIFIED"",""CERTIFIED"",""CERTIFIED"",""CERTIFIED"",""CERTIFIED"",""CERTIFIED"",""CERTIFIED"",""CERTIFIED"",""CERTIFIED"",""CERTIFIED"",""CERTIFIED"",""CERTIFIED""]","[null,null,null,null,null,null,null,null,null,null,null,null,null,null,null,null,null,null,null,null,null,null,null,null]",,/data1/Kane/ACT/audit_results/capability_rebaseline_20260524T225704Z/malbeware/per_instance_malbeware_20260524T161715881414Z.json
cpu_rebase,51,CERTIFIED,UNSAT,CERTIFIED,CERTIFIED,50.414,,False,,PASSED,,onnx/malware_malimg_family_scaled_4-25.onnx,vnnlib/malbeware_family-VB.AT_label-22_eps-3_idx-112.vnnlib,"[""UNSAT"",""UNSAT"",""UNSAT"",""UNSAT"",""UNSAT"",""UNSAT"",""UNSAT"",""UNSAT"",""UNSAT"",""UNSAT"",""UNSAT"",""UNSAT"",""UNSAT"",""UNSAT"",""UNSAT"",""UNSAT"",""UNSAT"",""UNSAT"",""UNSAT"",""UNSAT"",""UNSAT"",""UNSAT"",""UNSAT"",""UNSAT""]","[""CERTIFIED"",""CERTIFIED"",""CERTIFIED"",""CERTIFIED"",""CERTIFIED"",""CERTIFIED"",""CERTIFIED"",""CERTIFIED"",""CERTIFIED"",""CERTIFIED"",""CERTIFIED"",""CERTIFIED"",""CERTIFIED"",""CERTIFIED"",""CERTIFIED"",""CERTIFIED"",""CERTIFIED"",""CERTIFIED"",""CERTIFIED"",""CERTIFIED"",""CERTIFIED"",""CERTIFIED"",""CERTIFIED"",""CERTIFIED""]","[null,null,null,null,null,null,null,null,null,null,null,null,null,null,null,null,null,null,null,null,null,null,null,null]",,/data1/Kane/ACT/audit_results/capability_rebaseline_20260524T225704Z/malbeware/per_instance_malbeware_20260524T161715881414Z.json
cpu_rebase,52,UNKNOWN,UNKNOWN,UNKNOWN,UNKNOWN,81.665,,False,,PASSED,,onnx/malware_malimg_family_scaled_4-25.onnx,vnnlib/malbeware_family-Allaple.A_label-2_eps-3_idx-11.vnnlib,"[""UNSAT"",""UNSAT"",""UNKNOWN"",""UNSAT"",""UNSAT"",""UNSAT"",""UNSAT"",""UNSAT"",""UNSAT"",""UNSAT"",""UNSAT"",""UNSAT"",""UNSAT"",""UNSAT"",""UNSAT"",""UNSAT"",""UNSAT"",""UNSAT"",""UNSAT"",""UNSAT"",""UNSAT"",""UNSAT"",""UNSAT"",""UNSAT""]","[""CERTIFIED"",""CERTIFIED"",""UNKNOWN"",""CERTIFIED"",""CERTIFIED"",""CERTIFIED"",""CERTIFIED"",""CERTIFIED"",""CERTIFIED"",""CERTIFIED"",""CERTIFIED"",""CERTIFIED"",""CERTIFIED"",""CERTIFIED"",""CERTIFIED"",""CERTIFIED"",""CERTIFIED"",""CERTIFIED"",""CERTIFIED"",""CERTIFIED"",""CERTIFIED"",""CERTIFIED"",""CERTIFIED"",""CERTIFIED""]","[null,null,null,null,null,null,null,null,null,null,null,null,null,null,null,null,null,null,null,null,null,null,null,null]",,/data1/Kane/ACT/audit_results/capability_rebaseline_20260524T225704Z/malbeware/per_instance_malbeware_20260524T161715881414Z.json
cpu_rebase,53,CERTIFIED,UNSAT,CERTIFIED,CERTIFIED,71.134,,False,,PASSED,,onnx/malware_malimg_family_scaled_4-25.onnx,vnnlib/malbeware_family-Skintrim.N_label-19_eps-3_idx-96.vnnlib,"[""UNSAT"",""UNSAT"",""UNSAT"",""UNSAT"",""UNSAT"",""UNSAT"",""UNSAT"",""UNSAT"",""UNSAT"",""UNSAT"",""UNSAT"",""UNSAT"",""UNSAT"",""UNSAT"",""UNSAT"",""UNSAT"",""UNSAT"",""UNSAT"",""UNSAT"",""UNSAT"",""UNSAT"",""UNSAT"",""UNSAT"",""UNSAT""]","[""CERTIFIED"",""CERTIFIED"",""CERTIFIED"",""CERTIFIED"",""CERTIFIED"",""CERTIFIED"",""CERTIFIED"",""CERTIFIED"",""CERTIFIED"",""CERTIFIED"",""CERTIFIED"",""CERTIFIED"",""CERTIFIED"",""CERTIFIED"",""CERTIFIED"",""CERTIFIED"",""CERTIFIED"",""CERTIFIED"",""CERTIFIED"",""CERTIFIED"",""CERTIFIED"",""CERTIFIED"",""CERTIFIED"",""CERTIFIED""]","[null,null,null,null,null,null,null,null,null,null,null,null,null,null,null,null,null,null,null,null,null,null,null,null]",,/data1/Kane/ACT/audit_results/capability_rebaseline_20260524T225704Z/malbeware/per_instance_malbeware_20260524T161715881414Z.json
cpu_rebase,54,CERTIFIED,UNSAT,CERTIFIED,CERTIFIED,52.411,,False,,PASSED,,onnx/malware_malimg_family_scaled_4-25.onnx,vnnlib/malbeware_family-Lolyda.AA1_label-12_eps-3_idx-64.vnnlib,"[""UNSAT"",""UNSAT"",""UNSAT"",""UNSAT"",""UNSAT"",""UNSAT"",""UNSAT"",""UNSAT"",""UNSAT"",""UNSAT"",""UNSAT"",""UNSAT"",""UNSAT"",""UNSAT"",""UNSAT"",""UNSAT"",""UNSAT"",""UNSAT"",""UNSAT"",""UNSAT"",""UNSAT"",""UNSAT"",""UNSAT"",""UNSAT""]","[""CERTIFIED"",""CERTIFIED"",""CERTIFIED"",""CERTIFIED"",""CERTIFIED"",""CERTIFIED"",""CERTIFIED"",""CERTIFIED"",""CERTIFIED"",""CERTIFIED"",""CERTIFIED"",""CERTIFIED"",""CERTIFIED"",""CERTIFIED"",""CERTIFIED"",""CERTIFIED"",""CERTIFIED"",""CERTIFIED"",""CERTIFIED"",""CERTIFIED"",""CERTIFIED"",""CERTIFIED"",""CERTIFIED"",""CERTIFIED""]","[null,null,null,null,null,null,null,null,null,null,null,null,null,null,null,null,null,null,null,null,null,null,null,null]",,/data1/Kane/ACT/audit_results/capability_rebaseline_20260524T225704Z/malbeware/per_instance_malbeware_20260524T161715881414Z.json
cpu_rebase,55,CERTIFIED,UNSAT,CERTIFIED,CERTIFIED,49.685,,False,,PASSED,,onnx/malware_malimg_family_scaled_4-25.onnx,vnnlib/malbeware_family-Agent.FYI_label-1_eps-2_idx-8.vnnlib,"[""UNSAT"",""UNSAT"",""UNSAT"",""UNSAT"",""UNSAT"",""UNSAT"",""UNSAT"",""UNSAT"",""UNSAT"",""UNSAT"",""UNSAT"",""UNSAT"",""UNSAT"",""UNSAT"",""UNSAT"",""UNSAT"",""UNSAT"",""UNSAT"",""UNSAT"",""UNSAT"",""UNSAT"",""UNSAT"",""UNSAT"",""UNSAT""]","[""CERTIFIED"",""CERTIFIED"",""CERTIFIED"",""CERTIFIED"",""CERTIFIED"",""CERTIFIED"",""CERTIFIED"",""CERTIFIED"",""CERTIFIED"",""CERTIFIED"",""CERTIFIED"",""CERTIFIED"",""CERTIFIED"",""CERTIFIED"",""CERTIFIED"",""CERTIFIED"",""CERTIFIED"",""CERTIFIED"",""CERTIFIED"",""CERTIFIED"",""CERTIFIED"",""CERTIFIED"",""CERTIFIED"",""CERTIFIED""]","[null,null,null,null,null,null,null,null,null,null,null,null,null,null,null,null,null,null,null,null,null,null,null,null]",,/data1/Kane/ACT/audit_results/capability_rebaseline_20260524T225704Z/malbeware/per_instance_malbeware_20260524T161715881414Z.json
cpu_rebase,56,UNKNOWN,UNKNOWN,UNKNOWN,UNKNOWN,82.329,,False,,PASSED,,onnx/malware_malimg_family_scaled_4-25.onnx,vnnlib/malbeware_family-Alueron.gen!J_label-4_eps-3_idx-21.vnnlib,"[""UNSAT"",""UNSAT"",""UNKNOWN"",""UNSAT"",""UNSAT"",""UNSAT"",""UNSAT"",""UNSAT"",""UNSAT"",""UNSAT"",""UNSAT"",""UNSAT"",""UNSAT"",""UNSAT"",""UNSAT"",""UNSAT"",""UNSAT"",""UNSAT"",""UNSAT"",""UNSAT"",""UNSAT"",""UNSAT"",""UNSAT"",""UNSAT""]","[""CERTIFIED"",""CERTIFIED"",""UNKNOWN"",""CERTIFIED"",""CERTIFIED"",""CERTIFIED"",""CERTIFIED"",""CERTIFIED"",""CERTIFIED"",""CERTIFIED"",""CERTIFIED"",""CERTIFIED"",""CERTIFIED"",""CERTIFIED"",""CERTIFIED"",""CERTIFIED"",""CERTIFIED"",""CERTIFIED"",""CERTIFIED"",""CERTIFIED"",""CERTIFIED"",""CERTIFIED"",""CERTIFIED"",""CERTIFIED""]","[null,null,null,null,null,null,null,null,null,null,null,null,null,null,null,null,null,null,null,null,null,null,null,null]",,/data1/Kane/ACT/audit_results/capability_rebaseline_20260524T225704Z/malbeware/per_instance_malbeware_20260524T161715881414Z.json
cpu_rebase,57,CERTIFIED,UNSAT,CERTIFIED,CERTIFIED,70.229,,False,,PASSED,,onnx/malware_malimg_family_scaled_4-25.onnx,vnnlib/malbeware_family-Rbotigen_label-18_eps-2_idx-92.vnnlib,"[""UNSAT"",""UNSAT"",""UNSAT"",""UNSAT"",""UNSAT"",""UNSAT"",""UNSAT"",""UNSAT"",""UNSAT"",""UNSAT"",""UNSAT"",""UNSAT"",""UNSAT"",""UNSAT"",""UNSAT"",""UNSAT"",""UNSAT"",""UNSAT"",""UNSAT"",""UNSAT"",""UNSAT"",""UNSAT"",""UNSAT"",""UNSAT""]","[""CERTIFIED"",""CERTIFIED"",""CERTIFIED"",""CERTIFIED"",""CERTIFIED"",""CERTIFIED"",""CERTIFIED"",""CERTIFIED"",""CERTIFIED"",""CERTIFIED"",""CERTIFIED"",""CERTIFIED"",""CERTIFIED"",""CERTIFIED"",""CERTIFIED"",""CERTIFIED"",""CERTIFIED"",""CERTIFIED"",""CERTIFIED"",""CERTIFIED"",""CERTIFIED"",""CERTIFIED"",""CERTIFIED"",""CERTIFIED""]","[null,null,null,null,null,null,null,null,null,null,null,null,null,null,null,null,null,null,null,null,null,null,null,null]",,/data1/Kane/ACT/audit_results/capability_rebaseline_20260524T225704Z/malbeware/per_instance_malbeware_20260524T161715881414Z.json
cpu_rebase,58,CERTIFIED,UNSAT,CERTIFIED,CERTIFIED,74.884,,False,,PASSED,,onnx/malware_malimg_family_scaled_4-25.onnx,vnnlib/malbeware_family-Yuner.A_label-24_eps-3_idx-120.vnnlib,"[""UNSAT"",""UNSAT"",""UNSAT"",""UNSAT"",""UNSAT"",""UNSAT"",""UNSAT"",""UNSAT"",""UNSAT"",""UNSAT"",""UNSAT"",""UNSAT"",""UNSAT"",""UNSAT"",""UNSAT"",""UNSAT"",""UNSAT"",""UNSAT"",""UNSAT"",""UNSAT"",""UNSAT"",""UNSAT"",""UNSAT"",""UNSAT""]","[""CERTIFIED"",""CERTIFIED"",""CERTIFIED"",""CERTIFIED"",""CERTIFIED"",""CERTIFIED"",""CERTIFIED"",""CERTIFIED"",""CERTIFIED"",""CERTIFIED"",""CERTIFIED"",""CERTIFIED"",""CERTIFIED"",""CERTIFIED"",""CERTIFIED"",""CERTIFIED"",""CERTIFIED"",""CERTIFIED"",""CERTIFIED"",""CERTIFIED"",""CERTIFIED"",""CERTIFIED"",""CERTIFIED"",""CERTIFIED""]","[null,null,null,null,null,null,null,null,null,null,null,null,null,null,null,null,null,null,null,null,null,null,null,null]",,/data1/Kane/ACT/audit_results/capability_rebaseline_20260524T225704Z/malbeware/per_instance_malbeware_20260524T161715881414Z.json
cpu_rebase,59,FALSIFIED,SAT,FALSIFIED,FALSIFIED,67.78,,False,,PASSED,,onnx/malware_malimg_family_scaled_4-25.onnx,vnnlib/malbeware_family-Swizzor.gen!E_label-20_eps-3_idx-102.vnnlib,"[""UNSAT"",""UNSAT"",""UNSAT"",""UNSAT"",""UNSAT"",""UNSAT"",""UNSAT"",""UNKNOWN"",""UNSAT"",""UNSAT"",""UNSAT"",""UNSAT"",""UNSAT"",""UNSAT"",""UNSAT"",""UNSAT"",""UNSAT"",""UNSAT"",""UNSAT"",""UNSAT"",""SAT""]","[""CERTIFIED"",""CERTIFIED"",""CERTIFIED"",""CERTIFIED"",""CERTIFIED"",""CERTIFIED"",""CERTIFIED"",""UNKNOWN"",""CERTIFIED"",""CERTIFIED"",""CERTIFIED"",""CERTIFIED"",""CERTIFIED"",""CERTIFIED"",""CERTIFIED"",""CERTIFIED"",""CERTIFIED"",""CERTIFIED"",""CERTIFIED"",""CERTIFIED"",""FALSIFIED""]","[null,null,null,null,null,null,null,null,null,null,null,null,null,null,null,null,null,null,null,null,""/data1/Kane/ACT/audit_results/capability_rebaseline_20260524T225704Z/malbeware/malbeware_59_q20_hz_walker_lp_0.json""]",,/data1/Kane/ACT/audit_results/capability_rebaseline_20260524T225704Z/malbeware/per_instance_malbeware_20260524T161715881414Z.json
cpu_rebase,6,CERTIFIED,UNSAT,CERTIFIED,CERTIFIED,3.524,,False,,PASSED,,onnx/malware_malimg_family_scaled_linear-25.onnx,vnnlib/malbeware_family-Alueron.gen!J_label-4_eps-3_idx-21.vnnlib,"[""UNSAT"",""UNSAT"",""UNSAT"",""UNSAT"",""UNSAT"",""UNSAT"",""UNSAT"",""UNSAT"",""UNSAT"",""UNSAT"",""UNSAT"",""UNSAT"",""UNSAT"",""UNSAT"",""UNSAT"",""UNSAT"",""UNSAT"",""UNSAT"",""UNSAT"",""UNSAT"",""UNSAT"",""UNSAT"",""UNSAT"",""UNSAT""]","[""CERTIFIED"",""CERTIFIED"",""CERTIFIED"",""CERTIFIED"",""CERTIFIED"",""CERTIFIED"",""CERTIFIED"",""CERTIFIED"",""CERTIFIED"",""CERTIFIED"",""CERTIFIED"",""CERTIFIED"",""CERTIFIED"",""CERTIFIED"",""CERTIFIED"",""CERTIFIED"",""CERTIFIED"",""CERTIFIED"",""CERTIFIED"",""CERTIFIED"",""CERTIFIED"",""CERTIFIED"",""CERTIFIED"",""CERTIFIED""]","[null,null,null,null,null,null,null,null,null,null,null,null,null,null,null,null,null,null,null,null,null,null,null,null]",,/data1/Kane/ACT/audit_results/capability_rebaseline_20260524T225704Z/malbeware/per_instance_malbeware_20260524T161715881414Z.json
cpu_rebase,60,CERTIFIED,UNSAT,CERTIFIED,CERTIFIED,53.446,,False,,PASSED,,onnx/malware_malimg_family_scaled_4-25.onnx,vnnlib/malbeware_family-Lolyda.AA1_label-12_eps-3_idx-60.vnnlib,"[""UNSAT"",""UNSAT"",""UNSAT"",""UNSAT"",""UNSAT"",""UNSAT"",""UNSAT"",""UNSAT"",""UNSAT"",""UNSAT"",""UNSAT"",""UNSAT"",""UNSAT"",""UNSAT"",""UNSAT"",""UNSAT"",""UNSAT"",""UNSAT"",""UNSAT"",""UNSAT"",""UNSAT"",""UNSAT"",""UNSAT"",""UNSAT""]","[""CERTIFIED"",""CERTIFIED"",""CERTIFIED"",""CERTIFIED"",""CERTIFIED"",""CERTIFIED"",""CERTIFIED"",""CERTIFIED"",""CERTIFIED"",""CERTIFIED"",""CERTIFIED"",""CERTIFIED"",""CERTIFIED"",""CERTIFIED"",""CERTIFIED"",""CERTIFIED"",""CERTIFIED"",""CERTIFIED"",""CERTIFIED"",""CERTIFIED"",""CERTIFIED"",""CERTIFIED"",""CERTIFIED"",""CERTIFIED""]","[null,null,null,null,null,null,null,null,null,null,null,null,null,null,null,null,null,null,null,null,null,null,null,null]",,/data1/Kane/ACT/audit_results/capability_rebaseline_20260524T225704Z/malbeware/per_instance_malbeware_20260524T161715881414Z.json
cpu_rebase,61,CERTIFIED,UNSAT,CERTIFIED,CERTIFIED,50.968,,False,,PASSED,,onnx/malware_malimg_family_scaled_4-25.onnx,vnnlib/malbeware_family-Skintrim.N_label-19_eps-1_idx-96.vnnlib,"[""UNSAT"",""UNSAT"",""UNSAT"",""UNSAT"",""UNSAT"",""UNSAT"",""UNSAT"",""UNSAT"",""UNSAT"",""UNSAT"",""UNSAT"",""UNSAT"",""UNSAT"",""UNSAT"",""UNSAT"",""UNSAT"",""UNSAT"",""UNSAT"",""UNSAT"",""UNSAT"",""UNSAT"",""UNSAT"",""UNSAT"",""UNSAT""]","[""CERTIFIED"",""CERTIFIED"",""CERTIFIED"",""CERTIFIED"",""CERTIFIED"",""CERTIFIED"",""CERTIFIED"",""CERTIFIED"",""CERTIFIED"",""CERTIFIED"",""CERTIFIED"",""CERTIFIED"",""CERTIFIED"",""CERTIFIED"",""CERTIFIED"",""CERTIFIED"",""CERTIFIED"",""CERTIFIED"",""CERTIFIED"",""CERTIFIED"",""CERTIFIED"",""CERTIFIED"",""CERTIFIED"",""CERTIFIED""]","[null,null,null,null,null,null,null,null,null,null,null,null,null,null,null,null,null,null,null,null,null,null,null,null]",,/data1/Kane/ACT/audit_results/capability_rebaseline_20260524T225704Z/malbeware/per_instance_malbeware_20260524T161715881414Z.json
cpu_rebase,62,CERTIFIED,UNSAT,CERTIFIED,CERTIFIED,76.501,,False,,PASSED,,onnx/malware_malimg_family_scaled_4-25.onnx,vnnlib/malbeware_family-Fakerean_label-10_eps-3_idx-54.vnnlib,"[""UNSAT"",""UNSAT"",""UNSAT"",""UNSAT"",""UNSAT"",""UNSAT"",""UNSAT"",""UNSAT"",""UNSAT"",""UNSAT"",""UNSAT"",""UNSAT"",""UNSAT"",""UNSAT"",""UNSAT"",""UNSAT"",""UNSAT"",""UNSAT"",""UNSAT"",""UNSAT"",""UNSAT"",""UNSAT"",""UNSAT"",""UNSAT""]","[""CERTIFIED"",""CERTIFIED"",""CERTIFIED"",""CERTIFIED"",""CERTIFIED"",""CERTIFIED"",""CERTIFIED"",""CERTIFIED"",""CERTIFIED"",""CERTIFIED"",""CERTIFIED"",""CERTIFIED"",""CERTIFIED"",""CERTIFIED"",""CERTIFIED"",""CERTIFIED"",""CERTIFIED"",""CERTIFIED"",""CERTIFIED"",""CERTIFIED"",""CERTIFIED"",""CERTIFIED"",""CERTIFIED"",""CERTIFIED""]","[null,null,null,null,null,null,null,null,null,null,null,null,null,null,null,null,null,null,null,null,null,null,null,null]",,/data1/Kane/ACT/audit_results/capability_rebaseline_20260524T225704Z/malbeware/per_instance_malbeware_20260524T161715881414Z.json
cpu_rebase,63,CERTIFIED,UNSAT,CERTIFIED,CERTIFIED,73.988,,False,,PASSED,,onnx/malware_malimg_family_scaled_4-25.onnx,vnnlib/malbeware_family-Allaple.L_label-3_eps-2_idx-16.vnnlib,"[""UNSAT"",""UNSAT"",""UNSAT"",""UNSAT"",""UNSAT"",""UNSAT"",""UNSAT"",""UNSAT"",""UNSAT"",""UNSAT"",""UNSAT"",""UNSAT"",""UNSAT"",""UNSAT"",""UNSAT"",""UNSAT"",""UNSAT"",""UNSAT"",""UNSAT"",""UNSAT"",""UNSAT"",""UNSAT"",""UNSAT"",""UNSAT""]","[""CERTIFIED"",""CERTIFIED"",""CERTIFIED"",""CERTIFIED"",""CERTIFIED"",""CERTIFIED"",""CERTIFIED"",""CERTIFIED"",""CERTIFIED"",""CERTIFIED"",""CERTIFIED"",""CERTIFIED"",""CERTIFIED"",""CERTIFIED"",""CERTIFIED"",""CERTIFIED"",""CERTIFIED"",""CERTIFIED"",""CERTIFIED"",""CERTIFIED"",""CERTIFIED"",""CERTIFIED"",""CERTIFIED"",""CERTIFIED""]","[null,null,null,null,null,null,null,null,null,null,null,null,null,null,null,null,null,null,null,null,null,null,null,null]",,/data1/Kane/ACT/audit_results/capability_rebaseline_20260524T225704Z/malbeware/per_instance_malbeware_20260524T161715881414Z.json
cpu_rebase,64,CERTIFIED,UNSAT,CERTIFIED,CERTIFIED,50.2,,False,,PASSED,,onnx/malware_malimg_family_scaled_4-25.onnx,vnnlib/malbeware_family-Adialer.C_label-0_eps-1_idx-4.vnnlib,"[""UNSAT"",""UNSAT"",""UNSAT"",""UNSAT"",""UNSAT"",""UNSAT"",""UNSAT"",""UNSAT"",""UNSAT"",""UNSAT"",""UNSAT"",""UNSAT"",""UNSAT"",""UNSAT"",""UNSAT"",""UNSAT"",""UNSAT"",""UNSAT"",""UNSAT"",""UNSAT"",""UNSAT"",""UNSAT"",""UNSAT"",""UNSAT""]","[""CERTIFIED"",""CERTIFIED"",""CERTIFIED"",""CERTIFIED"",""CERTIFIED"",""CERTIFIED"",""CERTIFIED"",""CERTIFIED"",""CERTIFIED"",""CERTIFIED"",""CERTIFIED"",""CERTIFIED"",""CERTIFIED"",""CERTIFIED"",""CERTIFIED"",""CERTIFIED"",""CERTIFIED"",""CERTIFIED"",""CERTIFIED"",""CERTIFIED"",""CERTIFIED"",""CERTIFIED"",""CERTIFIED"",""CERTIFIED""]","[null,null,null,null,null,null,null,null,null,null,null,null,null,null,null,null,null,null,null,null,null,null,null,null]",,/data1/Kane/ACT/audit_results/capability_rebaseline_20260524T225704Z/malbeware/per_instance_malbeware_20260524T161715881414Z.json
cpu_rebase,65,UNKNOWN,UNKNOWN,UNKNOWN,UNKNOWN,98.288,,False,,PASSED,,onnx/malware_malimg_family_scaled_4-25.onnx,vnnlib/malbeware_family-Wintrim.BX_label-23_eps-3_idx-119.vnnlib,"[""UNSAT"",""UNSAT"",""UNKNOWN"",""UNSAT"",""UNSAT"",""UNSAT"",""UNSAT"",""UNKNOWN"",""UNSAT"",""UNSAT"",""UNSAT"",""UNSAT"",""UNSAT"",""UNSAT"",""UNSAT"",""UNSAT"",""UNSAT"",""UNSAT"",""UNSAT"",""UNSAT"",""UNSAT"",""UNSAT"",""UNSAT"",""UNSAT""]","[""CERTIFIED"",""CERTIFIED"",""UNKNOWN"",""CERTIFIED"",""CERTIFIED"",""CERTIFIED"",""CERTIFIED"",""UNKNOWN"",""CERTIFIED"",""CERTIFIED"",""CERTIFIED"",""CERTIFIED"",""CERTIFIED"",""CERTIFIED"",""CERTIFIED"",""CERTIFIED"",""CERTIFIED"",""CERTIFIED"",""CERTIFIED"",""CERTIFIED"",""CERTIFIED"",""CERTIFIED"",""CERTIFIED"",""CERTIFIED""]","[null,null,null,null,null,null,null,null,null,null,null,null,null,null,null,null,null,null,null,null,null,null,null,null]",,/data1/Kane/ACT/audit_results/capability_rebaseline_20260524T225704Z/malbeware/per_instance_malbeware_20260524T161715881414Z.json
cpu_rebase,66,CERTIFIED,UNSAT,CERTIFIED,CERTIFIED,51.81,,False,,PASSED,,onnx/malware_malimg_family_scaled_4-25.onnx,vnnlib/malbeware_family-Rbotigen_label-18_eps-2_idx-94.vnnlib,"[""UNSAT"",""UNSAT"",""UNSAT"",""UNSAT"",""UNSAT"",""UNSAT"",""UNSAT"",""UNSAT"",""UNSAT"",""UNSAT"",""UNSAT"",""UNSAT"",""UNSAT"",""UNSAT"",""UNSAT"",""UNSAT"",""UNSAT"",""UNSAT"",""UNSAT"",""UNSAT"",""UNSAT"",""UNSAT"",""UNSAT"",""UNSAT""]","[""CERTIFIED"",""CERTIFIED"",""CERTIFIED"",""CERTIFIED"",""CERTIFIED"",""CERTIFIED"",""CERTIFIED"",""CERTIFIED"",""CERTIFIED"",""CERTIFIED"",""CERTIFIED"",""CERTIFIED"",""CERTIFIED"",""CERTIFIED"",""CERTIFIED"",""CERTIFIED"",""CERTIFIED"",""CERTIFIED"",""CERTIFIED"",""CERTIFIED"",""CERTIFIED"",""CERTIFIED"",""CERTIFIED"",""CERTIFIED""]","[null,null,null,null,null,null,null,null,null,null,null,null,null,null,null,null,null,null,null,null,null,null,null,null]",,/data1/Kane/ACT/audit_results/capability_rebaseline_20260524T225704Z/malbeware/per_instance_malbeware_20260524T161715881414Z.json
cpu_rebase,67,CERTIFIED,UNSAT,CERTIFIED,CERTIFIED,80.749,,False,,PASSED,,onnx/malware_malimg_family_scaled_4-25.onnx,vnnlib/malbeware_family-Obfuscator.AD_label-17_eps-2_idx-87.vnnlib,"[""UNSAT"",""UNSAT"",""UNSAT"",""UNSAT"",""UNSAT"",""UNSAT"",""UNSAT"",""UNSAT"",""UNSAT"",""UNSAT"",""UNSAT"",""UNSAT"",""UNSAT"",""UNSAT"",""UNSAT"",""UNSAT"",""UNSAT"",""UNSAT"",""UNSAT"",""UNSAT"",""UNSAT"",""UNSAT"",""UNSAT"",""UNSAT""]","[""CERTIFIED"",""CERTIFIED"",""CERTIFIED"",""CERTIFIED"",""CERTIFIED"",""CERTIFIED"",""CERTIFIED"",""CERTIFIED"",""CERTIFIED"",""CERTIFIED"",""CERTIFIED"",""CERTIFIED"",""CERTIFIED"",""CERTIFIED"",""CERTIFIED"",""CERTIFIED"",""CERTIFIED"",""CERTIFIED"",""CERTIFIED"",""CERTIFIED"",""CERTIFIED"",""CERTIFIED"",""CERTIFIED"",""CERTIFIED""]","[null,null,null,null,null,null,null,null,null,null,null,null,null,null,null,null,null,null,null,null,null,null,null,null]",,/data1/Kane/ACT/audit_results/capability_rebaseline_20260524T225704Z/malbeware/per_instance_malbeware_20260524T161715881414Z.json
cpu_rebase,68,CERTIFIED,UNSAT,CERTIFIED,CERTIFIED,45.871,,False,,PASSED,,onnx/malware_malimg_family_scaled_4-25.onnx,vnnlib/malbeware_family-Lolyda.AA3_label-14_eps-1_idx-71.vnnlib,"[""UNSAT"",""UNSAT"",""UNSAT"",""UNSAT"",""UNSAT"",""UNSAT"",""UNSAT"",""UNSAT"",""UNSAT"",""UNSAT"",""UNSAT"",""UNSAT"",""UNSAT"",""UNSAT"",""UNSAT"",""UNSAT"",""UNSAT"",""UNSAT"",""UNSAT"",""UNSAT"",""UNSAT"",""UNSAT"",""UNSAT"",""UNSAT""]","[""CERTIFIED"",""CERTIFIED"",""CERTIFIED"",""CERTIFIED"",""CERTIFIED"",""CERTIFIED"",""CERTIFIED"",""CERTIFIED"",""CERTIFIED"",""CERTIFIED"",""CERTIFIED"",""CERTIFIED"",""CERTIFIED"",""CERTIFIED"",""CERTIFIED"",""CERTIFIED"",""CERTIFIED"",""CERTIFIED"",""CERTIFIED"",""CERTIFIED"",""CERTIFIED"",""CERTIFIED"",""CERTIFIED"",""CERTIFIED""]","[null,null,null,null,null,null,null,null,null,null,null,null,null,null,null,null,null,null,null,null,null,null,null,null]",,/data1/Kane/ACT/audit_results/capability_rebaseline_20260524T225704Z/malbeware/per_instance_malbeware_20260524T161715881414Z.json
cpu_rebase,69,CERTIFIED,UNSAT,CERTIFIED,CERTIFIED,52.545,,False,,PASSED,,onnx/malware_malimg_family_scaled_4-25.onnx,vnnlib/malbeware_family-Malex.gen!J_label-16_eps-1_idx-84.vnnlib,"[""UNSAT"",""UNSAT"",""UNSAT"",""UNSAT"",""UNSAT"",""UNSAT"",""UNSAT"",""UNSAT"",""UNSAT"",""UNSAT"",""UNSAT"",""UNSAT"",""UNSAT"",""UNSAT"",""UNSAT"",""UNSAT"",""UNSAT"",""UNSAT"",""UNSAT"",""UNSAT"",""UNSAT"",""UNSAT"",""UNSAT"",""UNSAT""]","[""CERTIFIED"",""CERTIFIED"",""CERTIFIED"",""CERTIFIED"",""CERTIFIED"",""CERTIFIED"",""CERTIFIED"",""CERTIFIED"",""CERTIFIED"",""CERTIFIED"",""CERTIFIED"",""CERTIFIED"",""CERTIFIED"",""CERTIFIED"",""CERTIFIED"",""CERTIFIED"",""CERTIFIED"",""CERTIFIED"",""CERTIFIED"",""CERTIFIED"",""CERTIFIED"",""CERTIFIED"",""CERTIFIED"",""CERTIFIED""]","[null,null,null,null,null,null,null,null,null,null,null,null,null,null,null,null,null,null,null,null,null,null,null,null]",,/data1/Kane/ACT/audit_results/capability_rebaseline_20260524T225704Z/malbeware/per_instance_malbeware_20260524T161715881414Z.json
cpu_rebase,7,CERTIFIED,UNSAT,CERTIFIED,CERTIFIED,3.447,,False,,PASSED,,onnx/malware_malimg_family_scaled_linear-25.onnx,vnnlib/malbeware_family-Rbotigen_label-18_eps-2_idx-92.vnnlib,"[""UNSAT"",""UNSAT"",""UNSAT"",""UNSAT"",""UNSAT"",""UNSAT"",""UNSAT"",""UNSAT"",""UNSAT"",""UNSAT"",""UNSAT"",""UNSAT"",""UNSAT"",""UNSAT"",""UNSAT"",""UNSAT"",""UNSAT"",""UNSAT"",""UNSAT"",""UNSAT"",""UNSAT"",""UNSAT"",""UNSAT"",""UNSAT""]","[""CERTIFIED"",""CERTIFIED"",""CERTIFIED"",""CERTIFIED"",""CERTIFIED"",""CERTIFIED"",""CERTIFIED"",""CERTIFIED"",""CERTIFIED"",""CERTIFIED"",""CERTIFIED"",""CERTIFIED"",""CERTIFIED"",""CERTIFIED"",""CERTIFIED"",""CERTIFIED"",""CERTIFIED"",""CERTIFIED"",""CERTIFIED"",""CERTIFIED"",""CERTIFIED"",""CERTIFIED"",""CERTIFIED"",""CERTIFIED""]","[null,null,null,null,null,null,null,null,null,null,null,null,null,null,null,null,null,null,null,null,null,null,null,null]",,/data1/Kane/ACT/audit_results/capability_rebaseline_20260524T225704Z/malbeware/per_instance_malbeware_20260524T161715881414Z.json
cpu_rebase,70,CERTIFIED,UNSAT,CERTIFIED,CERTIFIED,49.869,,False,,PASSED,,onnx/malware_malimg_family_scaled_4-25.onnx,vnnlib/malbeware_family-Dontovo.A_label-9_eps-1_idx-48.vnnlib,"[""UNSAT"",""UNSAT"",""UNSAT"",""UNSAT"",""UNSAT"",""UNSAT"",""UNSAT"",""UNSAT"",""UNSAT"",""UNSAT"",""UNSAT"",""UNSAT"",""UNSAT"",""UNSAT"",""UNSAT"",""UNSAT"",""UNSAT"",""UNSAT"",""UNSAT"",""UNSAT"",""UNSAT"",""UNSAT"",""UNSAT"",""UNSAT""]","[""CERTIFIED"",""CERTIFIED"",""CERTIFIED"",""CERTIFIED"",""CERTIFIED"",""CERTIFIED"",""CERTIFIED"",""CERTIFIED"",""CERTIFIED"",""CERTIFIED"",""CERTIFIED"",""CERTIFIED"",""CERTIFIED"",""CERTIFIED"",""CERTIFIED"",""CERTIFIED"",""CERTIFIED"",""CERTIFIED"",""CERTIFIED"",""CERTIFIED"",""CERTIFIED"",""CERTIFIED"",""CERTIFIED"",""CERTIFIED""]","[null,null,null,null,null,null,null,null,null,null,null,null,null,null,null,null,null,null,null,null,null,null,null,null]",,/data1/Kane/ACT/audit_results/capability_rebaseline_20260524T225704Z/malbeware/per_instance_malbeware_20260524T161715881414Z.json
cpu_rebase,71,FALSIFIED,SAT,FALSIFIED,FALSIFIED,69.836,,False,,PASSED,,onnx/malware_malimg_family_scaled_4-25.onnx,vnnlib/malbeware_family-Swizzor.gen!E_label-20_eps-3_idx-100.vnnlib,"[""UNSAT"",""UNSAT"",""UNSAT"",""UNSAT"",""UNSAT"",""UNSAT"",""UNSAT"",""UNSAT"",""UNSAT"",""UNSAT"",""UNSAT"",""UNSAT"",""UNSAT"",""UNSAT"",""UNSAT"",""UNSAT"",""UNSAT"",""UNSAT"",""UNSAT"",""UNSAT"",""SAT""]","[""CERTIFIED"",""CERTIFIED"",""CERTIFIED"",""CERTIFIED"",""CERTIFIED"",""CERTIFIED"",""CERTIFIED"",""CERTIFIED"",""CERTIFIED"",""CERTIFIED"",""CERTIFIED"",""CERTIFIED"",""CERTIFIED"",""CERTIFIED"",""CERTIFIED"",""CERTIFIED"",""CERTIFIED"",""CERTIFIED"",""CERTIFIED"",""CERTIFIED"",""FALSIFIED""]","[null,null,null,null,null,null,null,null,null,null,null,null,null,null,null,null,null,null,null,null,""/data1/Kane/ACT/audit_results/capability_rebaseline_20260524T225704Z/malbeware/malbeware_71_q20_hz_walker_lp_0.json""]",,/data1/Kane/ACT/audit_results/capability_rebaseline_20260524T225704Z/malbeware/per_instance_malbeware_20260524T161715881414Z.json
cpu_rebase,72,CERTIFIED,UNSAT,CERTIFIED,CERTIFIED,86.187,,False,,PASSED,,onnx/malware_malimg_family_scaled_4-25.onnx,vnnlib/malbeware_family-Wintrim.BX_label-23_eps-2_idx-117.vnnlib,"[""UNSAT"",""UNSAT"",""UNSAT"",""UNSAT"",""UNSAT"",""UNSAT"",""UNSAT"",""UNSAT"",""UNSAT"",""UNSAT"",""UNSAT"",""UNSAT"",""UNSAT"",""UNSAT"",""UNSAT"",""UNSAT"",""UNSAT"",""UNSAT"",""UNSAT"",""UNSAT"",""UNSAT"",""UNSAT"",""UNSAT"",""UNSAT""]","[""CERTIFIED"",""CERTIFIED"",""CERTIFIED"",""CERTIFIED"",""CERTIFIED"",""CERTIFIED"",""CERTIFIED"",""CERTIFIED"",""CERTIFIED"",""CERTIFIED"",""CERTIFIED"",""CERTIFIED"",""CERTIFIED"",""CERTIFIED"",""CERTIFIED"",""CERTIFIED"",""CERTIFIED"",""CERTIFIED"",""CERTIFIED"",""CERTIFIED"",""CERTIFIED"",""CERTIFIED"",""CERTIFIED"",""CERTIFIED""]","[null,null,null,null,null,null,null,null,null,null,null,null,null,null,null,null,null,null,null,null,null,null,null,null]",,/data1/Kane/ACT/audit_results/capability_rebaseline_20260524T225704Z/malbeware/per_instance_malbeware_20260524T161715881414Z.json
cpu_rebase,73,CERTIFIED,UNSAT,CERTIFIED,CERTIFIED,50.789,,False,,PASSED,,onnx/malware_malimg_family_scaled_4-25.onnx,vnnlib/malbeware_family-Autorun.K_label-5_eps-1_idx-25.vnnlib,"[""UNSAT"",""UNSAT"",""UNSAT"",""UNSAT"",""UNSAT"",""UNSAT"",""UNSAT"",""UNSAT"",""UNSAT"",""UNSAT"",""UNSAT"",""UNSAT"",""UNSAT"",""UNSAT"",""UNSAT"",""UNSAT"",""UNSAT"",""UNSAT"",""UNSAT"",""UNSAT"",""UNSAT"",""UNSAT"",""UNSAT"",""UNSAT""]","[""CERTIFIED"",""CERTIFIED"",""CERTIFIED"",""CERTIFIED"",""CERTIFIED"",""CERTIFIED"",""CERTIFIED"",""CERTIFIED"",""CERTIFIED"",""CERTIFIED"",""CERTIFIED"",""CERTIFIED"",""CERTIFIED"",""CERTIFIED"",""CERTIFIED"",""CERTIFIED"",""CERTIFIED"",""CERTIFIED"",""CERTIFIED"",""CERTIFIED"",""CERTIFIED"",""CERTIFIED"",""CERTIFIED"",""CERTIFIED""]","[null,null,null,null,null,null,null,null,null,null,null,null,null,null,null,null,null,null,null,null,null,null,null,null]",,/data1/Kane/ACT/audit_results/capability_rebaseline_20260524T225704Z/malbeware/per_instance_malbeware_20260524T161715881414Z.json
cpu_rebase,74,CERTIFIED,UNSAT,CERTIFIED,CERTIFIED,46.163,,False,,PASSED,,onnx/malware_malimg_family_scaled_4-25.onnx,vnnlib/malbeware_family-Lolyda.AA3_label-14_eps-3_idx-71.vnnlib,"[""UNSAT"",""UNSAT"",""UNSAT"",""UNSAT"",""UNSAT"",""UNSAT"",""UNSAT"",""UNSAT"",""UNSAT"",""UNSAT"",""UNSAT"",""UNSAT"",""UNSAT"",""UNSAT"",""UNSAT"",""UNSAT"",""UNSAT"",""UNSAT"",""UNSAT"",""UNSAT"",""UNSAT"",""UNSAT"",""UNSAT"",""UNSAT""]","[""CERTIFIED"",""CERTIFIED"",""CERTIFIED"",""CERTIFIED"",""CERTIFIED"",""CERTIFIED"",""CERTIFIED"",""CERTIFIED"",""CERTIFIED"",""CERTIFIED"",""CERTIFIED"",""CERTIFIED"",""CERTIFIED"",""CERTIFIED"",""CERTIFIED"",""CERTIFIED"",""CERTIFIED"",""CERTIFIED"",""CERTIFIED"",""CERTIFIED"",""CERTIFIED"",""CERTIFIED"",""CERTIFIED"",""CERTIFIED""]","[null,null,null,null,null,null,null,null,null,null,null,null,null,null,null,null,null,null,null,null,null,null,null,null]",,/data1/Kane/ACT/audit_results/capability_rebaseline_20260524T225704Z/malbeware/per_instance_malbeware_20260524T161715881414Z.json
cpu_rebase,75,CERTIFIED,UNSAT,CERTIFIED,CERTIFIED,51.151,,False,,PASSED,,onnx/malware_malimg_family_scaled_4-25.onnx,vnnlib/malbeware_family-Agent.FYI_label-1_eps-3_idx-8.vnnlib,"[""UNSAT"",""UNSAT"",""UNSAT"",""UNSAT"",""UNSAT"",""UNSAT"",""UNSAT"",""UNSAT"",""UNSAT"",""UNSAT"",""UNSAT"",""UNSAT"",""UNSAT"",""UNSAT"",""UNSAT"",""UNSAT"",""UNSAT"",""UNSAT"",""UNSAT"",""UNSAT"",""UNSAT"",""UNSAT"",""UNSAT"",""UNSAT""]","[""CERTIFIED"",""CERTIFIED"",""CERTIFIED"",""CERTIFIED"",""CERTIFIED"",""CERTIFIED"",""CERTIFIED"",""CERTIFIED"",""CERTIFIED"",""CERTIFIED"",""CERTIFIED"",""CERTIFIED"",""CERTIFIED"",""CERTIFIED"",""CERTIFIED"",""CERTIFIED"",""CERTIFIED"",""CERTIFIED"",""CERTIFIED"",""CERTIFIED"",""CERTIFIED"",""CERTIFIED"",""CERTIFIED"",""CERTIFIED""]","[null,null,null,null,null,null,null,null,null,null,null,null,null,null,null,null,null,null,null,null,null,null,null,null]",,/data1/Kane/ACT/audit_results/capability_rebaseline_20260524T225704Z/malbeware/per_instance_malbeware_20260524T161715881414Z.json
cpu_rebase,76,UNKNOWN,UNKNOWN,UNKNOWN,UNKNOWN,86.476,,False,,PASSED,,onnx/malware_malimg_family_scaled_4-25.onnx,vnnlib/malbeware_family-Allaple.A_label-2_eps-3_idx-12.vnnlib,"[""UNSAT"",""UNSAT"",""UNKNOWN"",""UNSAT"",""UNSAT"",""UNSAT"",""UNSAT"",""UNSAT"",""UNSAT"",""UNSAT"",""UNSAT"",""UNSAT"",""UNSAT"",""UNSAT"",""UNSAT"",""UNSAT"",""UNSAT"",""UNSAT"",""UNSAT"",""UNSAT"",""UNSAT"",""UNSAT"",""UNSAT"",""UNSAT""]","[""CERTIFIED"",""CERTIFIED"",""UNKNOWN"",""CERTIFIED"",""CERTIFIED"",""CERTIFIED"",""CERTIFIED"",""CERTIFIED"",""CERTIFIED"",""CERTIFIED"",""CERTIFIED"",""CERTIFIED"",""CERTIFIED"",""CERTIFIED"",""CERTIFIED"",""CERTIFIED"",""CERTIFIED"",""CERTIFIED"",""CERTIFIED"",""CERTIFIED"",""CERTIFIED"",""CERTIFIED"",""CERTIFIED"",""CERTIFIED""]","[null,null,null,null,null,null,null,null,null,null,null,null,null,null,null,null,null,null,null,null,null,null,null,null]",,/data1/Kane/ACT/audit_results/capability_rebaseline_20260524T225704Z/malbeware/per_instance_malbeware_20260524T161715881414Z.json
cpu_rebase,77,CERTIFIED,UNSAT,CERTIFIED,CERTIFIED,51.339,,False,,PASSED,,onnx/malware_malimg_family_scaled_4-25.onnx,vnnlib/malbeware_family-Lolyda.AA2_label-13_eps-2_idx-68.vnnlib,"[""UNSAT"",""UNSAT"",""UNSAT"",""UNSAT"",""UNSAT"",""UNSAT"",""UNSAT"",""UNSAT"",""UNSAT"",""UNSAT"",""UNSAT"",""UNSAT"",""UNSAT"",""UNSAT"",""UNSAT"",""UNSAT"",""UNSAT"",""UNSAT"",""UNSAT"",""UNSAT"",""UNSAT"",""UNSAT"",""UNSAT"",""UNSAT""]","[""CERTIFIED"",""CERTIFIED"",""CERTIFIED"",""CERTIFIED"",""CERTIFIED"",""CERTIFIED"",""CERTIFIED"",""CERTIFIED"",""CERTIFIED"",""CERTIFIED"",""CERTIFIED"",""CERTIFIED"",""CERTIFIED"",""CERTIFIED"",""CERTIFIED"",""CERTIFIED"",""CERTIFIED"",""CERTIFIED"",""CERTIFIED"",""CERTIFIED"",""CERTIFIED"",""CERTIFIED"",""CERTIFIED"",""CERTIFIED""]","[null,null,null,null,null,null,null,null,null,null,null,null,null,null,null,null,null,null,null,null,null,null,null,null]",,/data1/Kane/ACT/audit_results/capability_rebaseline_20260524T225704Z/malbeware/per_instance_malbeware_20260524T161715881414Z.json
cpu_rebase,78,CERTIFIED,UNSAT,CERTIFIED,CERTIFIED,49.14,,False,,PASSED,,onnx/malware_malimg_family_scaled_4-25.onnx,vnnlib/malbeware_family-Lolyda.AA2_label-13_eps-1_idx-66.vnnlib,"[""UNSAT"",""UNSAT"",""UNSAT"",""UNSAT"",""UNSAT"",""UNSAT"",""UNSAT"",""UNSAT"",""UNSAT"",""UNSAT"",""UNSAT"",""UNSAT"",""UNSAT"",""UNSAT"",""UNSAT"",""UNSAT"",""UNSAT"",""UNSAT"",""UNSAT"",""UNSAT"",""UNSAT"",""UNSAT"",""UNSAT"",""UNSAT""]","[""CERTIFIED"",""CERTIFIED"",""CERTIFIED"",""CERTIFIED"",""CERTIFIED"",""CERTIFIED"",""CERTIFIED"",""CERTIFIED"",""CERTIFIED"",""CERTIFIED"",""CERTIFIED"",""CERTIFIED"",""CERTIFIED"",""CERTIFIED"",""CERTIFIED"",""CERTIFIED"",""CERTIFIED"",""CERTIFIED"",""CERTIFIED"",""CERTIFIED"",""CERTIFIED"",""CERTIFIED"",""CERTIFIED"",""CERTIFIED""]","[null,null,null,null,null,null,null,null,null,null,null,null,null,null,null,null,null,null,null,null,null,null,null,null]",,/data1/Kane/ACT/audit_results/capability_rebaseline_20260524T225704Z/malbeware/per_instance_malbeware_20260524T161715881414Z.json
cpu_rebase,79,CERTIFIED,UNSAT,CERTIFIED,CERTIFIED,52.63,,False,,PASSED,,onnx/malware_malimg_family_scaled_4-25.onnx,vnnlib/malbeware_family-Autorun.K_label-5_eps-2_idx-29.vnnlib,"[""UNSAT"",""UNSAT"",""UNSAT"",""UNSAT"",""UNSAT"",""UNSAT"",""UNSAT"",""UNSAT"",""UNSAT"",""UNSAT"",""UNSAT"",""UNSAT"",""UNSAT"",""UNSAT"",""UNSAT"",""UNSAT"",""UNSAT"",""UNSAT"",""UNSAT"",""UNSAT"",""UNSAT"",""UNSAT"",""UNSAT"",""UNSAT""]","[""CERTIFIED"",""CERTIFIED"",""CERTIFIED"",""CERTIFIED"",""CERTIFIED"",""CERTIFIED"",""CERTIFIED"",""CERTIFIED"",""CERTIFIED"",""CERTIFIED"",""CERTIFIED"",""CERTIFIED"",""CERTIFIED"",""CERTIFIED"",""CERTIFIED"",""CERTIFIED"",""CERTIFIED"",""CERTIFIED"",""CERTIFIED"",""CERTIFIED"",""CERTIFIED"",""CERTIFIED"",""CERTIFIED"",""CERTIFIED""]","[null,null,null,null,null,null,null,null,null,null,null,null,null,null,null,null,null,null,null,null,null,null,null,null]",,/data1/Kane/ACT/audit_results/capability_rebaseline_20260524T225704Z/malbeware/per_instance_malbeware_20260524T161715881414Z.json
cpu_rebase,8,CERTIFIED,UNSAT,CERTIFIED,CERTIFIED,3.423,,False,,PASSED,,onnx/malware_malimg_family_scaled_linear-25.onnx,vnnlib/malbeware_family-Yuner.A_label-24_eps-3_idx-120.vnnlib,"[""UNSAT"",""UNSAT"",""UNSAT"",""UNSAT"",""UNSAT"",""UNSAT"",""UNSAT"",""UNSAT"",""UNSAT"",""UNSAT"",""UNSAT"",""UNSAT"",""UNSAT"",""UNSAT"",""UNSAT"",""UNSAT"",""UNSAT"",""UNSAT"",""UNSAT"",""UNSAT"",""UNSAT"",""UNSAT"",""UNSAT"",""UNSAT""]","[""CERTIFIED"",""CERTIFIED"",""CERTIFIED"",""CERTIFIED"",""CERTIFIED"",""CERTIFIED"",""CERTIFIED"",""CERTIFIED"",""CERTIFIED"",""CERTIFIED"",""CERTIFIED"",""CERTIFIED"",""CERTIFIED"",""CERTIFIED"",""CERTIFIED"",""CERTIFIED"",""CERTIFIED"",""CERTIFIED"",""CERTIFIED"",""CERTIFIED"",""CERTIFIED"",""CERTIFIED"",""CERTIFIED"",""CERTIFIED""]","[null,null,null,null,null,null,null,null,null,null,null,null,null,null,null,null,null,null,null,null,null,null,null,null]",,/data1/Kane/ACT/audit_results/capability_rebaseline_20260524T225704Z/malbeware/per_instance_malbeware_20260524T161715881414Z.json
cpu_rebase,80,CERTIFIED,UNSAT,CERTIFIED,CERTIFIED,49.834,,False,,PASSED,,onnx/malware_malimg_family_scaled_4-25.onnx,vnnlib/malbeware_family-Lolyda.AT_label-15_eps-1_idx-79.vnnlib,"[""UNSAT"",""UNSAT"",""UNSAT"",""UNSAT"",""UNSAT"",""UNSAT"",""UNSAT"",""UNSAT"",""UNSAT"",""UNSAT"",""UNSAT"",""UNSAT"",""UNSAT"",""UNSAT"",""UNSAT"",""UNSAT"",""UNSAT"",""UNSAT"",""UNSAT"",""UNSAT"",""UNSAT"",""UNSAT"",""UNSAT"",""UNSAT""]","[""CERTIFIED"",""CERTIFIED"",""CERTIFIED"",""CERTIFIED"",""CERTIFIED"",""CERTIFIED"",""CERTIFIED"",""CERTIFIED"",""CERTIFIED"",""CERTIFIED"",""CERTIFIED"",""CERTIFIED"",""CERTIFIED"",""CERTIFIED"",""CERTIFIED"",""CERTIFIED"",""CERTIFIED"",""CERTIFIED"",""CERTIFIED"",""CERTIFIED"",""CERTIFIED"",""CERTIFIED"",""CERTIFIED"",""CERTIFIED""]","[null,null,null,null,null,null,null,null,null,null,null,null,null,null,null,null,null,null,null,null,null,null,null,null]",,/data1/Kane/ACT/audit_results/capability_rebaseline_20260524T225704Z/malbeware/per_instance_malbeware_20260524T161715881414Z.json
cpu_rebase,81,CERTIFIED,UNSAT,CERTIFIED,CERTIFIED,51.769,,False,,PASSED,,onnx/malware_malimg_family_scaled_4-25.onnx,vnnlib/malbeware_family-VB.AT_label-22_eps-2_idx-112.vnnlib,"[""UNSAT"",""UNSAT"",""UNSAT"",""UNSAT"",""UNSAT"",""UNSAT"",""UNSAT"",""UNSAT"",""UNSAT"",""UNSAT"",""UNSAT"",""UNSAT"",""UNSAT"",""UNSAT"",""UNSAT"",""UNSAT"",""UNSAT"",""UNSAT"",""UNSAT"",""UNSAT"",""UNSAT"",""UNSAT"",""UNSAT"",""UNSAT""]","[""CERTIFIED"",""CERTIFIED"",""CERTIFIED"",""CERTIFIED"",""CERTIFIED"",""CERTIFIED"",""CERTIFIED"",""CERTIFIED"",""CERTIFIED"",""CERTIFIED"",""CERTIFIED"",""CERTIFIED"",""CERTIFIED"",""CERTIFIED"",""CERTIFIED"",""CERTIFIED"",""CERTIFIED"",""CERTIFIED"",""CERTIFIED"",""CERTIFIED"",""CERTIFIED"",""CERTIFIED"",""CERTIFIED"",""CERTIFIED""]","[null,null,null,null,null,null,null,null,null,null,null,null,null,null,null,null,null,null,null,null,null,null,null,null]",,/data1/Kane/ACT/audit_results/capability_rebaseline_20260524T225704Z/malbeware/per_instance_malbeware_20260524T161715881414Z.json
cpu_rebase,82,FALSIFIED,SAT,FALSIFIED,FALSIFIED,21.663,,False,,PASSED,,onnx/malware_malimg_family_scaled_4-25.onnx,vnnlib/malbeware_family-C2LOP.P_label-6_eps-2_idx-30.vnnlib,"[""UNSAT"",""UNSAT"",""UNSAT"",""UNSAT"",""UNSAT"",""UNSAT"",""SAT""]","[""CERTIFIED"",""CERTIFIED"",""CERTIFIED"",""CERTIFIED"",""CERTIFIED"",""CERTIFIED"",""FALSIFIED""]","[null,null,null,null,null,null,""/data1/Kane/ACT/audit_results/capability_rebaseline_20260524T225704Z/malbeware/malbeware_82_q6_hz_walker_lp_0.json""]",,/data1/Kane/ACT/audit_results/capability_rebaseline_20260524T225704Z/malbeware/per_instance_malbeware_20260524T161715881414Z.json
cpu_rebase,83,CERTIFIED,UNSAT,CERTIFIED,CERTIFIED,80.317,,False,,PASSED,,onnx/malware_malimg_family_scaled_4-25.onnx,vnnlib/malbeware_family-Instantaccess_label-11_eps-2_idx-57.vnnlib,"[""UNSAT"",""UNSAT"",""UNSAT"",""UNSAT"",""UNSAT"",""UNSAT"",""UNSAT"",""UNSAT"",""UNSAT"",""UNSAT"",""UNSAT"",""UNSAT"",""UNSAT"",""UNSAT"",""UNSAT"",""UNSAT"",""UNSAT"",""UNSAT"",""UNSAT"",""UNSAT"",""UNSAT"",""UNSAT"",""UNSAT"",""UNSAT""]","[""CERTIFIED"",""CERTIFIED"",""CERTIFIED"",""CERTIFIED"",""CERTIFIED"",""CERTIFIED"",""CERTIFIED"",""CERTIFIED"",""CERTIFIED"",""CERTIFIED"",""CERTIFIED"",""CERTIFIED"",""CERTIFIED"",""CERTIFIED"",""CERTIFIED"",""CERTIFIED"",""CERTIFIED"",""CERTIFIED"",""CERTIFIED"",""CERTIFIED"",""CERTIFIED"",""CERTIFIED"",""CERTIFIED"",""CERTIFIED""]","[null,null,null,null,null,null,null,null,null,null,null,null,null,null,null,null,null,null,null,null,null,null,null,null]",,/data1/Kane/ACT/audit_results/capability_rebaseline_20260524T225704Z/malbeware/per_instance_malbeware_20260524T161715881414Z.json
cpu_rebase,84,CERTIFIED,UNSAT,CERTIFIED,CERTIFIED,50.273,,False,,PASSED,,onnx/malware_malimg_family_scaled_4-25.onnx,vnnlib/malbeware_family-Dialplatform.B_label-8_eps-1_idx-40.vnnlib,"[""UNSAT"",""UNSAT"",""UNSAT"",""UNSAT"",""UNSAT"",""UNSAT"",""UNSAT"",""UNSAT"",""UNSAT"",""UNSAT"",""UNSAT"",""UNSAT"",""UNSAT"",""UNSAT"",""UNSAT"",""UNSAT"",""UNSAT"",""UNSAT"",""UNSAT"",""UNSAT"",""UNSAT"",""UNSAT"",""UNSAT"",""UNSAT""]","[""CERTIFIED"",""CERTIFIED"",""CERTIFIED"",""CERTIFIED"",""CERTIFIED"",""CERTIFIED"",""CERTIFIED"",""CERTIFIED"",""CERTIFIED"",""CERTIFIED"",""CERTIFIED"",""CERTIFIED"",""CERTIFIED"",""CERTIFIED"",""CERTIFIED"",""CERTIFIED"",""CERTIFIED"",""CERTIFIED"",""CERTIFIED"",""CERTIFIED"",""CERTIFIED"",""CERTIFIED"",""CERTIFIED"",""CERTIFIED""]","[null,null,null,null,null,null,null,null,null,null,null,null,null,null,null,null,null,null,null,null,null,null,null,null]",,/data1/Kane/ACT/audit_results/capability_rebaseline_20260524T225704Z/malbeware/per_instance_malbeware_20260524T161715881414Z.json
cpu_rebase,85,UNKNOWN,UNKNOWN,UNKNOWN,UNKNOWN,83.177,,False,,PASSED,,onnx/malware_malimg_family_scaled_4-25.onnx,vnnlib/malbeware_family-Malex.gen!J_label-16_eps-3_idx-82.vnnlib,"[""UNSAT"",""UNSAT"",""UNKNOWN"",""UNSAT"",""UNSAT"",""UNSAT"",""UNSAT"",""UNSAT"",""UNSAT"",""UNSAT"",""UNSAT"",""UNSAT"",""UNSAT"",""UNSAT"",""UNSAT"",""UNSAT"",""UNSAT"",""UNSAT"",""UNSAT"",""UNSAT"",""UNSAT"",""UNSAT"",""UNSAT"",""UNSAT""]","[""CERTIFIED"",""CERTIFIED"",""UNKNOWN"",""CERTIFIED"",""CERTIFIED"",""CERTIFIED"",""CERTIFIED"",""CERTIFIED"",""CERTIFIED"",""CERTIFIED"",""CERTIFIED"",""CERTIFIED"",""CERTIFIED"",""CERTIFIED"",""CERTIFIED"",""CERTIFIED"",""CERTIFIED"",""CERTIFIED"",""CERTIFIED"",""CERTIFIED"",""CERTIFIED"",""CERTIFIED"",""CERTIFIED"",""CERTIFIED""]","[null,null,null,null,null,null,null,null,null,null,null,null,null,null,null,null,null,null,null,null,null,null,null,null]",,/data1/Kane/ACT/audit_results/capability_rebaseline_20260524T225704Z/malbeware/per_instance_malbeware_20260524T161715881414Z.json
cpu_rebase,86,CERTIFIED,UNSAT,CERTIFIED,CERTIFIED,50.242,,False,,PASSED,,onnx/malware_malimg_family_scaled_4-25.onnx,vnnlib/malbeware_family-Autorun.K_label-5_eps-1_idx-27.vnnlib,"[""UNSAT"",""UNSAT"",""UNSAT"",""UNSAT"",""UNSAT"",""UNSAT"",""UNSAT"",""UNSAT"",""UNSAT"",""UNSAT"",""UNSAT"",""UNSAT"",""UNSAT"",""UNSAT"",""UNSAT"",""UNSAT"",""UNSAT"",""UNSAT"",""UNSAT"",""UNSAT"",""UNSAT"",""UNSAT"",""UNSAT"",""UNSAT""]","[""CERTIFIED"",""CERTIFIED"",""CERTIFIED"",""CERTIFIED"",""CERTIFIED"",""CERTIFIED"",""CERTIFIED"",""CERTIFIED"",""CERTIFIED"",""CERTIFIED"",""CERTIFIED"",""CERTIFIED"",""CERTIFIED"",""CERTIFIED"",""CERTIFIED"",""CERTIFIED"",""CERTIFIED"",""CERTIFIED"",""CERTIFIED"",""CERTIFIED"",""CERTIFIED"",""CERTIFIED"",""CERTIFIED"",""CERTIFIED""]","[null,null,null,null,null,null,null,null,null,null,null,null,null,null,null,null,null,null,null,null,null,null,null,null]",,/data1/Kane/ACT/audit_results/capability_rebaseline_20260524T225704Z/malbeware/per_instance_malbeware_20260524T161715881414Z.json
cpu_rebase,87,UNKNOWN,UNKNOWN,UNKNOWN,UNKNOWN,81.739,,False,,PASSED,,onnx/malware_malimg_family_scaled_4-25.onnx,vnnlib/malbeware_family-Allaple.L_label-3_eps-3_idx-16.vnnlib,"[""UNSAT"",""UNSAT"",""UNKNOWN"",""UNSAT"",""UNSAT"",""UNSAT"",""UNSAT"",""UNSAT"",""UNSAT"",""UNSAT"",""UNSAT"",""UNSAT"",""UNSAT"",""UNSAT"",""UNSAT"",""UNSAT"",""UNSAT"",""UNSAT"",""UNSAT"",""UNSAT"",""UNSAT"",""UNSAT"",""UNSAT"",""UNSAT""]","[""CERTIFIED"",""CERTIFIED"",""UNKNOWN"",""CERTIFIED"",""CERTIFIED"",""CERTIFIED"",""CERTIFIED"",""CERTIFIED"",""CERTIFIED"",""CERTIFIED"",""CERTIFIED"",""CERTIFIED"",""CERTIFIED"",""CERTIFIED"",""CERTIFIED"",""CERTIFIED"",""CERTIFIED"",""CERTIFIED"",""CERTIFIED"",""CERTIFIED"",""CERTIFIED"",""CERTIFIED"",""CERTIFIED"",""CERTIFIED""]","[null,null,null,null,null,null,null,null,null,null,null,null,null,null,null,null,null,null,null,null,null,null,null,null]",,/data1/Kane/ACT/audit_results/capability_rebaseline_20260524T225704Z/malbeware/per_instance_malbeware_20260524T161715881414Z.json
cpu_rebase,88,CERTIFIED,UNSAT,CERTIFIED,CERTIFIED,51.313,,False,,PASSED,,onnx/malware_malimg_family_scaled_4-25.onnx,vnnlib/malbeware_family-Allaple.L_label-3_eps-1_idx-18.vnnlib,"[""UNSAT"",""UNSAT"",""UNSAT"",""UNSAT"",""UNSAT"",""UNSAT"",""UNSAT"",""UNSAT"",""UNSAT"",""UNSAT"",""UNSAT"",""UNSAT"",""UNSAT"",""UNSAT"",""UNSAT"",""UNSAT"",""UNSAT"",""UNSAT"",""UNSAT"",""UNSAT"",""UNSAT"",""UNSAT"",""UNSAT"",""UNSAT""]","[""CERTIFIED"",""CERTIFIED"",""CERTIFIED"",""CERTIFIED"",""CERTIFIED"",""CERTIFIED"",""CERTIFIED"",""CERTIFIED"",""CERTIFIED"",""CERTIFIED"",""CERTIFIED"",""CERTIFIED"",""CERTIFIED"",""CERTIFIED"",""CERTIFIED"",""CERTIFIED"",""CERTIFIED"",""CERTIFIED"",""CERTIFIED"",""CERTIFIED"",""CERTIFIED"",""CERTIFIED"",""CERTIFIED"",""CERTIFIED""]","[null,null,null,null,null,null,null,null,null,null,null,null,null,null,null,null,null,null,null,null,null,null,null,null]",,/data1/Kane/ACT/audit_results/capability_rebaseline_20260524T225704Z/malbeware/per_instance_malbeware_20260524T161715881414Z.json
cpu_rebase,89,FALSIFIED,SAT,FALSIFIED,FALSIFIED,63.337,,False,,PASSED,,onnx/malware_malimg_family_scaled_4-25.onnx,vnnlib/malbeware_family-Swizzor.gen!E_label-20_eps-2_idx-104.vnnlib,"[""UNSAT"",""UNSAT"",""UNSAT"",""UNSAT"",""UNSAT"",""UNSAT"",""UNSAT"",""UNSAT"",""UNSAT"",""UNSAT"",""UNSAT"",""UNSAT"",""UNSAT"",""UNSAT"",""UNSAT"",""UNSAT"",""UNSAT"",""UNSAT"",""UNSAT"",""UNSAT"",""SAT""]","[""CERTIFIED"",""CERTIFIED"",""CERTIFIED"",""CERTIFIED"",""CERTIFIED"",""CERTIFIED"",""CERTIFIED"",""CERTIFIED"",""CERTIFIED"",""CERTIFIED"",""CERTIFIED"",""CERTIFIED"",""CERTIFIED"",""CERTIFIED"",""CERTIFIED"",""CERTIFIED"",""CERTIFIED"",""CERTIFIED"",""CERTIFIED"",""CERTIFIED"",""FALSIFIED""]","[null,null,null,null,null,null,null,null,null,null,null,null,null,null,null,null,null,null,null,null,""/data1/Kane/ACT/audit_results/capability_rebaseline_20260524T225704Z/malbeware/malbeware_89_q20_hz_walker_lp_0.json""]",,/data1/Kane/ACT/audit_results/capability_rebaseline_20260524T225704Z/malbeware/per_instance_malbeware_20260524T161715881414Z.json
cpu_rebase,9,CERTIFIED,UNSAT,CERTIFIED,CERTIFIED,3.349,,False,,PASSED,,onnx/malware_malimg_family_scaled_linear-25.onnx,vnnlib/malbeware_family-Swizzor.gen!E_label-20_eps-3_idx-102.vnnlib,"[""UNSAT"",""UNSAT"",""UNSAT"",""UNSAT"",""UNSAT"",""UNSAT"",""UNSAT"",""UNSAT"",""UNSAT"",""UNSAT"",""UNSAT"",""UNSAT"",""UNSAT"",""UNSAT"",""UNSAT"",""UNSAT"",""UNSAT"",""UNSAT"",""UNSAT"",""UNSAT"",""UNSAT"",""UNSAT"",""UNSAT"",""UNSAT""]","[""CERTIFIED"",""CERTIFIED"",""CERTIFIED"",""CERTIFIED"",""CERTIFIED"",""CERTIFIED"",""CERTIFIED"",""CERTIFIED"",""CERTIFIED"",""CERTIFIED"",""CERTIFIED"",""CERTIFIED"",""CERTIFIED"",""CERTIFIED"",""CERTIFIED"",""CERTIFIED"",""CERTIFIED"",""CERTIFIED"",""CERTIFIED"",""CERTIFIED"",""CERTIFIED"",""CERTIFIED"",""CERTIFIED"",""CERTIFIED""]","[null,null,null,null,null,null,null,null,null,null,null,null,null,null,null,null,null,null,null,null,null,null,null,null]",,/data1/Kane/ACT/audit_results/capability_rebaseline_20260524T225704Z/malbeware/per_instance_malbeware_20260524T161715881414Z.json
cpu_rebase,90,CERTIFIED,UNSAT,CERTIFIED,CERTIFIED,54.027,,False,,PASSED,,onnx/malware_malimg_family_scaled_4-25.onnx,vnnlib/malbeware_family-VB.AT_label-22_eps-3_idx-111.vnnlib,"[""UNSAT"",""UNSAT"",""UNSAT"",""UNSAT"",""UNSAT"",""UNSAT"",""UNSAT"",""UNSAT"",""UNSAT"",""UNSAT"",""UNSAT"",""UNSAT"",""UNSAT"",""UNSAT"",""UNSAT"",""UNSAT"",""UNSAT"",""UNSAT"",""UNSAT"",""UNSAT"",""UNSAT"",""UNSAT"",""UNSAT"",""UNSAT""]","[""CERTIFIED"",""CERTIFIED"",""CERTIFIED"",""CERTIFIED"",""CERTIFIED"",""CERTIFIED"",""CERTIFIED"",""CERTIFIED"",""CERTIFIED"",""CERTIFIED"",""CERTIFIED"",""CERTIFIED"",""CERTIFIED"",""CERTIFIED"",""CERTIFIED"",""CERTIFIED"",""CERTIFIED"",""CERTIFIED"",""CERTIFIED"",""CERTIFIED"",""CERTIFIED"",""CERTIFIED"",""CERTIFIED"",""CERTIFIED""]","[null,null,null,null,null,null,null,null,null,null,null,null,null,null,null,null,null,null,null,null,null,null,null,null]",,/data1/Kane/ACT/audit_results/capability_rebaseline_20260524T225704Z/malbeware/per_instance_malbeware_20260524T161715881414Z.json
cpu_rebase,91,CERTIFIED,UNSAT,CERTIFIED,CERTIFIED,52.242,,False,,PASSED,,onnx/malware_malimg_family_scaled_4-25.onnx,vnnlib/malbeware_family-Rbotigen_label-18_eps-2_idx-93.vnnlib,"[""UNSAT"",""UNSAT"",""UNSAT"",""UNSAT"",""UNSAT"",""UNSAT"",""UNSAT"",""UNSAT"",""UNSAT"",""UNSAT"",""UNSAT"",""UNSAT"",""UNSAT"",""UNSAT"",""UNSAT"",""UNSAT"",""UNSAT"",""UNSAT"",""UNSAT"",""UNSAT"",""UNSAT"",""UNSAT"",""UNSAT"",""UNSAT""]","[""CERTIFIED"",""CERTIFIED"",""CERTIFIED"",""CERTIFIED"",""CERTIFIED"",""CERTIFIED"",""CERTIFIED"",""CERTIFIED"",""CERTIFIED"",""CERTIFIED"",""CERTIFIED"",""CERTIFIED"",""CERTIFIED"",""CERTIFIED"",""CERTIFIED"",""CERTIFIED"",""CERTIFIED"",""CERTIFIED"",""CERTIFIED"",""CERTIFIED"",""CERTIFIED"",""CERTIFIED"",""CERTIFIED"",""CERTIFIED""]","[null,null,null,null,null,null,null,null,null,null,null,null,null,null,null,null,null,null,null,null,null,null,null,null]",,/data1/Kane/ACT/audit_results/capability_rebaseline_20260524T225704Z/malbeware/per_instance_malbeware_20260524T161715881414Z.json
cpu_rebase,92,CERTIFIED,UNSAT,CERTIFIED,CERTIFIED,51.166,,False,,PASSED,,onnx/malware_malimg_family_scaled_4-25.onnx,vnnlib/malbeware_family-Lolyda.AT_label-15_eps-2_idx-76.vnnlib,"[""UNSAT"",""UNSAT"",""UNSAT"",""UNSAT"",""UNSAT"",""UNSAT"",""UNSAT"",""UNSAT"",""UNSAT"",""UNSAT"",""UNSAT"",""UNSAT"",""UNSAT"",""UNSAT"",""UNSAT"",""UNSAT"",""UNSAT"",""UNSAT"",""UNSAT"",""UNSAT"",""UNSAT"",""UNSAT"",""UNSAT"",""UNSAT""]","[""CERTIFIED"",""CERTIFIED"",""CERTIFIED"",""CERTIFIED"",""CERTIFIED"",""CERTIFIED"",""CERTIFIED"",""CERTIFIED"",""CERTIFIED"",""CERTIFIED"",""CERTIFIED"",""CERTIFIED"",""CERTIFIED"",""CERTIFIED"",""CERTIFIED"",""CERTIFIED"",""CERTIFIED"",""CERTIFIED"",""CERTIFIED"",""CERTIFIED"",""CERTIFIED"",""CERTIFIED"",""CERTIFIED"",""CERTIFIED""]","[null,null,null,null,null,null,null,null,null,null,null,null,null,null,null,null,null,null,null,null,null,null,null,null]",,/data1/Kane/ACT/audit_results/capability_rebaseline_20260524T225704Z/malbeware/per_instance_malbeware_20260524T161715881414Z.json
cpu_rebase,93,CERTIFIED,UNSAT,CERTIFIED,CERTIFIED,72.032,,False,,PASSED,,onnx/malware_malimg_family_scaled_4-25.onnx,vnnlib/malbeware_family-C2LOP.P_label-6_eps-2_idx-31.vnnlib,"[""UNSAT"",""UNSAT"",""UNSAT"",""UNSAT"",""UNSAT"",""UNSAT"",""UNSAT"",""UNSAT"",""UNSAT"",""UNSAT"",""UNSAT"",""UNSAT"",""UNSAT"",""UNSAT"",""UNSAT"",""UNSAT"",""UNSAT"",""UNSAT"",""UNSAT"",""UNSAT"",""UNSAT"",""UNSAT"",""UNSAT"",""UNSAT""]","[""CERTIFIED"",""CERTIFIED"",""CERTIFIED"",""CERTIFIED"",""CERTIFIED"",""CERTIFIED"",""CERTIFIED"",""CERTIFIED"",""CERTIFIED"",""CERTIFIED"",""CERTIFIED"",""CERTIFIED"",""CERTIFIED"",""CERTIFIED"",""CERTIFIED"",""CERTIFIED"",""CERTIFIED"",""CERTIFIED"",""CERTIFIED"",""CERTIFIED"",""CERTIFIED"",""CERTIFIED"",""CERTIFIED"",""CERTIFIED""]","[null,null,null,null,null,null,null,null,null,null,null,null,null,null,null,null,null,null,null,null,null,null,null,null]",,/data1/Kane/ACT/audit_results/capability_rebaseline_20260524T225704Z/malbeware/per_instance_malbeware_20260524T161715881414Z.json
cpu_rebase,94,FALSIFIED,SAT,FALSIFIED,FALSIFIED,9.104,,False,,PASSED,,onnx/malware_malimg_family_scaled_4-25.onnx,vnnlib/malbeware_family-Allaple.L_label-3_eps-2_idx-18.vnnlib,"[""UNSAT"",""UNSAT"",""SAT""]","[""CERTIFIED"",""CERTIFIED"",""FALSIFIED""]","[null,null,""/data1/Kane/ACT/audit_results/capability_rebaseline_20260524T225704Z/malbeware/malbeware_94_q2_hz_walker_lp_0.json""]",,/data1/Kane/ACT/audit_results/capability_rebaseline_20260524T225704Z/malbeware/per_instance_malbeware_20260524T161715881414Z.json
cpu_rebase,95,CERTIFIED,UNSAT,CERTIFIED,CERTIFIED,50.78,,False,,PASSED,,onnx/malware_malimg_family_scaled_4-25.onnx,vnnlib/malbeware_family-Autorun.K_label-5_eps-1_idx-28.vnnlib,"[""UNSAT"",""UNSAT"",""UNSAT"",""UNSAT"",""UNSAT"",""UNSAT"",""UNSAT"",""UNSAT"",""UNSAT"",""UNSAT"",""UNSAT"",""UNSAT"",""UNSAT"",""UNSAT"",""UNSAT"",""UNSAT"",""UNSAT"",""UNSAT"",""UNSAT"",""UNSAT"",""UNSAT"",""UNSAT"",""UNSAT"",""UNSAT""]","[""CERTIFIED"",""CERTIFIED"",""CERTIFIED"",""CERTIFIED"",""CERTIFIED"",""CERTIFIED"",""CERTIFIED"",""CERTIFIED"",""CERTIFIED"",""CERTIFIED"",""CERTIFIED"",""CERTIFIED"",""CERTIFIED"",""CERTIFIED"",""CERTIFIED"",""CERTIFIED"",""CERTIFIED"",""CERTIFIED"",""CERTIFIED"",""CERTIFIED"",""CERTIFIED"",""CERTIFIED"",""CERTIFIED"",""CERTIFIED""]","[null,null,null,null,null,null,null,null,null,null,null,null,null,null,null,null,null,null,null,null,null,null,null,null]",,/data1/Kane/ACT/audit_results/capability_rebaseline_20260524T225704Z/malbeware/per_instance_malbeware_20260524T161715881414Z.json
cpu_rebase,96,CERTIFIED,UNSAT,CERTIFIED,CERTIFIED,75.153,,False,,PASSED,,onnx/malware_malimg_family_scaled_4-25.onnx,vnnlib/malbeware_family-Allaple.A_label-2_eps-2_idx-13.vnnlib,"[""UNSAT"",""UNSAT"",""UNSAT"",""UNSAT"",""UNSAT"",""UNSAT"",""UNSAT"",""UNSAT"",""UNSAT"",""UNSAT"",""UNSAT"",""UNSAT"",""UNSAT"",""UNSAT"",""UNSAT"",""UNSAT"",""UNSAT"",""UNSAT"",""UNSAT"",""UNSAT"",""UNSAT"",""UNSAT"",""UNSAT"",""UNSAT""]","[""CERTIFIED"",""CERTIFIED"",""CERTIFIED"",""CERTIFIED"",""CERTIFIED"",""CERTIFIED"",""CERTIFIED"",""CERTIFIED"",""CERTIFIED"",""CERTIFIED"",""CERTIFIED"",""CERTIFIED"",""CERTIFIED"",""CERTIFIED"",""CERTIFIED"",""CERTIFIED"",""CERTIFIED"",""CERTIFIED"",""CERTIFIED"",""CERTIFIED"",""CERTIFIED"",""CERTIFIED"",""CERTIFIED"",""CERTIFIED""]","[null,null,null,null,null,null,null,null,null,null,null,null,null,null,null,null,null,null,null,null,null,null,null,null]",,/data1/Kane/ACT/audit_results/capability_rebaseline_20260524T225704Z/malbeware/per_instance_malbeware_20260524T161715881414Z.json
cpu_rebase,97,CERTIFIED,UNSAT,CERTIFIED,CERTIFIED,69.075,,False,,PASSED,,onnx/malware_malimg_family_scaled_4-25.onnx,vnnlib/malbeware_family-Alueron.gen!J_label-4_eps-1_idx-23.vnnlib,"[""UNSAT"",""UNSAT"",""UNSAT"",""UNSAT"",""UNSAT"",""UNSAT"",""UNSAT"",""UNSAT"",""UNSAT"",""UNSAT"",""UNSAT"",""UNSAT"",""UNSAT"",""UNSAT"",""UNSAT"",""UNSAT"",""UNSAT"",""UNSAT"",""UNSAT"",""UNSAT"",""UNSAT"",""UNSAT"",""UNSAT"",""UNSAT""]","[""CERTIFIED"",""CERTIFIED"",""CERTIFIED"",""CERTIFIED"",""CERTIFIED"",""CERTIFIED"",""CERTIFIED"",""CERTIFIED"",""CERTIFIED"",""CERTIFIED"",""CERTIFIED"",""CERTIFIED"",""CERTIFIED"",""CERTIFIED"",""CERTIFIED"",""CERTIFIED"",""CERTIFIED"",""CERTIFIED"",""CERTIFIED"",""CERTIFIED"",""CERTIFIED"",""CERTIFIED"",""CERTIFIED"",""CERTIFIED""]","[null,null,null,null,null,null,null,null,null,null,null,null,null,null,null,null,null,null,null,null,null,null,null,null]",,/data1/Kane/ACT/audit_results/capability_rebaseline_20260524T225704Z/malbeware/per_instance_malbeware_20260524T161715881414Z.json
cpu_rebase,98,CERTIFIED,UNSAT,CERTIFIED,CERTIFIED,51.054,,False,,PASSED,,onnx/malware_malimg_family_scaled_4-25.onnx,vnnlib/malbeware_family-Dialplatform.B_label-8_eps-2_idx-43.vnnlib,"[""UNSAT"",""UNSAT"",""UNSAT"",""UNSAT"",""UNSAT"",""UNSAT"",""UNSAT"",""UNSAT"",""UNSAT"",""UNSAT"",""UNSAT"",""UNSAT"",""UNSAT"",""UNSAT"",""UNSAT"",""UNSAT"",""UNSAT"",""UNSAT"",""UNSAT"",""UNSAT"",""UNSAT"",""UNSAT"",""UNSAT"",""UNSAT""]","[""CERTIFIED"",""CERTIFIED"",""CERTIFIED"",""CERTIFIED"",""CERTIFIED"",""CERTIFIED"",""CERTIFIED"",""CERTIFIED"",""CERTIFIED"",""CERTIFIED"",""CERTIFIED"",""CERTIFIED"",""CERTIFIED"",""CERTIFIED"",""CERTIFIED"",""CERTIFIED"",""CERTIFIED"",""CERTIFIED"",""CERTIFIED"",""CERTIFIED"",""CERTIFIED"",""CERTIFIED"",""CERTIFIED"",""CERTIFIED""]","[null,null,null,null,null,null,null,null,null,null,null,null,null,null,null,null,null,null,null,null,null,null,null,null]",,/data1/Kane/ACT/audit_results/capability_rebaseline_20260524T225704Z/malbeware/per_instance_malbeware_20260524T161715881414Z.json
cpu_rebase,99,CERTIFIED,UNSAT,CERTIFIED,CERTIFIED,80.331,,False,,PASSED,,onnx/malware_malimg_family_scaled_4-25.onnx,vnnlib/malbeware_family-Instantaccess_label-11_eps-2_idx-55.vnnlib,"[""UNSAT"",""UNSAT"",""UNSAT"",""UNSAT"",""UNSAT"",""UNSAT"",""UNSAT"",""UNSAT"",""UNSAT"",""UNSAT"",""UNSAT"",""UNSAT"",""UNSAT"",""UNSAT"",""UNSAT"",""UNSAT"",""UNSAT"",""UNSAT"",""UNSAT"",""UNSAT"",""UNSAT"",""UNSAT"",""UNSAT"",""UNSAT""]","[""CERTIFIED"",""CERTIFIED"",""CERTIFIED"",""CERTIFIED"",""CERTIFIED"",""CERTIFIED"",""CERTIFIED"",""CERTIFIED"",""CERTIFIED"",""CERTIFIED"",""CERTIFIED"",""CERTIFIED"",""CERTIFIED"",""CERTIFIED"",""CERTIFIED"",""CERTIFIED"",""CERTIFIED"",""CERTIFIED"",""CERTIFIED"",""CERTIFIED"",""CERTIFIED"",""CERTIFIED"",""CERTIFIED"",""CERTIFIED""]","[null,null,null,null,null,null,null,null,null,null,null,null,null,null,null,null,null,null,null,null,null,null,null,null]",,/data1/Kane/ACT/audit_results/capability_rebaseline_20260524T225704Z/malbeware/per_instance_malbeware_20260524T161715881414Z.json
gpu,0,CERTIFIED,UNSAT,CERTIFIED,CERTIFIED,1.963,,False,,PASSED,,onnx/malware_malimg_family_scaled_linear-25.onnx,vnnlib/malbeware_family-Obfuscator.AD_label-17_eps-1_idx-89.vnnlib,"[""UNSAT"",""UNSAT"",""UNSAT"",""UNSAT"",""UNSAT"",""UNSAT"",""UNSAT"",""UNSAT"",""UNSAT"",""UNSAT"",""UNSAT"",""UNSAT"",""UNSAT"",""UNSAT"",""UNSAT"",""UNSAT"",""UNSAT"",""UNSAT"",""UNSAT"",""UNSAT"",""UNSAT"",""UNSAT"",""UNSAT"",""UNSAT""]","[""CERTIFIED"",""CERTIFIED"",""CERTIFIED"",""CERTIFIED"",""CERTIFIED"",""CERTIFIED"",""CERTIFIED"",""CERTIFIED"",""CERTIFIED"",""CERTIFIED"",""CERTIFIED"",""CERTIFIED"",""CERTIFIED"",""CERTIFIED"",""CERTIFIED"",""CERTIFIED"",""CERTIFIED"",""CERTIFIED"",""CERTIFIED"",""CERTIFIED"",""CERTIFIED"",""CERTIFIED"",""CERTIFIED"",""CERTIFIED""]","[null,null,null,null,null,null,null,null,null,null,null,null,null,null,null,null,null,null,null,null,null,null,null,null]",,/data1/Kane/ACT/audit_results/r93_rerun_20260525T083118Z/malbeware_gpu_full150_cudafix_20260525/per_instance_malbeware_20260525T043812535123Z.json
gpu,1,CERTIFIED,UNSAT,CERTIFIED,CERTIFIED,1.73,,False,,PASSED,,onnx/malware_malimg_family_scaled_linear-25.onnx,vnnlib/malbeware_family-VB.AT_label-22_eps-3_idx-112.vnnlib,"[""UNSAT"",""UNSAT"",""UNSAT"",""UNSAT"",""UNSAT"",""UNSAT"",""UNSAT"",""UNSAT"",""UNSAT"",""UNSAT"",""UNSAT"",""UNSAT"",""UNSAT"",""UNSAT"",""UNSAT"",""UNSAT"",""UNSAT"",""UNSAT"",""UNSAT"",""UNSAT"",""UNSAT"",""UNSAT"",""UNSAT"",""UNSAT""]","[""CERTIFIED"",""CERTIFIED"",""CERTIFIED"",""CERTIFIED"",""CERTIFIED"",""CERTIFIED"",""CERTIFIED"",""CERTIFIED"",""CERTIFIED"",""CERTIFIED"",""CERTIFIED"",""CERTIFIED"",""CERTIFIED"",""CERTIFIED"",""CERTIFIED"",""CERTIFIED"",""CERTIFIED"",""CERTIFIED"",""CERTIFIED"",""CERTIFIED"",""CERTIFIED"",""CERTIFIED"",""CERTIFIED"",""CERTIFIED""]","[null,null,null,null,null,null,null,null,null,null,null,null,null,null,null,null,null,null,null,null,null,null,null,null]",,/data1/Kane/ACT/audit_results/r93_rerun_20260525T083118Z/malbeware_gpu_full150_cudafix_20260525/per_instance_malbeware_20260525T043812535123Z.json
gpu,10,CERTIFIED,UNSAT,CERTIFIED,CERTIFIED,1.753,,False,,PASSED,,onnx/malware_malimg_family_scaled_linear-25.onnx,vnnlib/malbeware_family-Lolyda.AA1_label-12_eps-3_idx-60.vnnlib,"[""UNSAT"",""UNSAT"",""UNSAT"",""UNSAT"",""UNSAT"",""UNSAT"",""UNSAT"",""UNSAT"",""UNSAT"",""UNSAT"",""UNSAT"",""UNSAT"",""UNSAT"",""UNSAT"",""UNSAT"",""UNSAT"",""UNSAT"",""UNSAT"",""UNSAT"",""UNSAT"",""UNSAT"",""UNSAT"",""UNSAT"",""UNSAT""]","[""CERTIFIED"",""CERTIFIED"",""CERTIFIED"",""CERTIFIED"",""CERTIFIED"",""CERTIFIED"",""CERTIFIED"",""CERTIFIED"",""CERTIFIED"",""CERTIFIED"",""CERTIFIED"",""CERTIFIED"",""CERTIFIED"",""CERTIFIED"",""CERTIFIED"",""CERTIFIED"",""CERTIFIED"",""CERTIFIED"",""CERTIFIED"",""CERTIFIED"",""CERTIFIED"",""CERTIFIED"",""CERTIFIED"",""CERTIFIED""]","[null,null,null,null,null,null,null,null,null,null,null,null,null,null,null,null,null,null,null,null,null,null,null,null]",,/data1/Kane/ACT/audit_results/r93_rerun_20260525T083118Z/malbeware_gpu_full150_cudafix_20260525/per_instance_malbeware_20260525T043812535123Z.json
gpu,100,CERTIFIED,UNSAT,CERTIFIED,CERTIFIED,28.679,,False,,PASSED,,onnx/malware_malimg_family_scaled_16-25.onnx,vnnlib/malbeware_family-Obfuscator.AD_label-17_eps-1_idx-89.vnnlib,"[""UNSAT"",""UNSAT"",""UNSAT"",""UNSAT"",""UNSAT"",""UNSAT"",""UNSAT"",""UNSAT"",""UNSAT"",""UNSAT"",""UNSAT"",""UNSAT"",""UNSAT"",""UNSAT"",""UNSAT"",""UNSAT"",""UNSAT"",""UNSAT"",""UNSAT"",""UNSAT"",""UNSAT"",""UNSAT"",""UNSAT"",""UNSAT""]","[""CERTIFIED"",""CERTIFIED"",""CERTIFIED"",""CERTIFIED"",""CERTIFIED"",""CERTIFIED"",""CERTIFIED"",""CERTIFIED"",""CERTIFIED"",""CERTIFIED"",""CERTIFIED"",""CERTIFIED"",""CERTIFIED"",""CERTIFIED"",""CERTIFIED"",""CERTIFIED"",""CERTIFIED"",""CERTIFIED"",""CERTIFIED"",""CERTIFIED"",""CERTIFIED"",""CERTIFIED"",""CERTIFIED"",""CERTIFIED""]","[null,null,null,null,null,null,null,null,null,null,null,null,null,null,null,null,null,null,null,null,null,null,null,null]",,/data1/Kane/ACT/audit_results/r93_rerun_20260525T083118Z/malbeware_gpu_full150_cudafix_20260525/per_instance_malbeware_20260525T043812535123Z.json
gpu,101,CERTIFIED,UNSAT,CERTIFIED,CERTIFIED,28.731,,False,,PASSED,,onnx/malware_malimg_family_scaled_16-25.onnx,vnnlib/malbeware_family-VB.AT_label-22_eps-3_idx-112.vnnlib,"[""UNSAT"",""UNSAT"",""UNSAT"",""UNSAT"",""UNSAT"",""UNSAT"",""UNSAT"",""UNSAT"",""UNSAT"",""UNSAT"",""UNSAT"",""UNSAT"",""UNSAT"",""UNSAT"",""UNSAT"",""UNSAT"",""UNSAT"",""UNSAT"",""UNSAT"",""UNSAT"",""UNSAT"",""UNSAT"",""UNSAT"",""UNSAT""]","[""CERTIFIED"",""CERTIFIED"",""CERTIFIED"",""CERTIFIED"",""CERTIFIED"",""CERTIFIED"",""CERTIFIED"",""CERTIFIED"",""CERTIFIED"",""CERTIFIED"",""CERTIFIED"",""CERTIFIED"",""CERTIFIED"",""CERTIFIED"",""CERTIFIED"",""CERTIFIED"",""CERTIFIED"",""CERTIFIED"",""CERTIFIED"",""CERTIFIED"",""CERTIFIED"",""CERTIFIED"",""CERTIFIED"",""CERTIFIED""]","[null,null,null,null,null,null,null,null,null,null,null,null,null,null,null,null,null,null,null,null,null,null,null,null]",,/data1/Kane/ACT/audit_results/r93_rerun_20260525T083118Z/malbeware_gpu_full150_cudafix_20260525/per_instance_malbeware_20260525T043812535123Z.json
gpu,102,UNKNOWN,UNKNOWN,UNKNOWN,UNKNOWN,29.253,,False,,PASSED,,onnx/malware_malimg_family_scaled_16-25.onnx,vnnlib/malbeware_family-Allaple.A_label-2_eps-3_idx-11.vnnlib,"[""UNSAT"",""UNSAT"",""UNKNOWN"",""UNSAT"",""UNSAT"",""UNSAT"",""UNKNOWN"",""UNSAT"",""UNSAT"",""UNKNOWN"",""UNSAT"",""UNSAT"",""UNSAT"",""UNSAT"",""UNSAT"",""UNKNOWN"",""UNSAT"",""UNSAT"",""UNSAT"",""UNSAT"",""UNSAT"",""UNSAT"",""UNKNOWN"",""UNSAT""]","[""CERTIFIED"",""CERTIFIED"",""UNKNOWN"",""CERTIFIED"",""CERTIFIED"",""CERTIFIED"",""UNKNOWN"",""CERTIFIED"",""CERTIFIED"",""UNKNOWN"",""CERTIFIED"",""CERTIFIED"",""CERTIFIED"",""CERTIFIED"",""CERTIFIED"",""UNKNOWN"",""CERTIFIED"",""CERTIFIED"",""CERTIFIED"",""CERTIFIED"",""CERTIFIED"",""CERTIFIED"",""UNKNOWN"",""CERTIFIED""]","[null,null,null,null,null,null,null,null,null,null,null,null,null,null,null,null,null,null,null,null,null,null,null,null]",,/data1/Kane/ACT/audit_results/r93_rerun_20260525T083118Z/malbeware_gpu_full150_cudafix_20260525/per_instance_malbeware_20260525T043812535123Z.json
gpu,103,CERTIFIED,UNSAT,CERTIFIED,CERTIFIED,29.913,,False,,PASSED,,onnx/malware_malimg_family_scaled_16-25.onnx,vnnlib/malbeware_family-Skintrim.N_label-19_eps-3_idx-96.vnnlib,"[""UNSAT"",""UNSAT"",""UNSAT"",""UNSAT"",""UNSAT"",""UNSAT"",""UNSAT"",""UNSAT"",""UNSAT"",""UNSAT"",""UNSAT"",""UNSAT"",""UNSAT"",""UNSAT"",""UNSAT"",""UNSAT"",""UNSAT"",""UNSAT"",""UNSAT"",""UNSAT"",""UNSAT"",""UNSAT"",""UNSAT"",""UNSAT""]","[""CERTIFIED"",""CERTIFIED"",""CERTIFIED"",""CERTIFIED"",""CERTIFIED"",""CERTIFIED"",""CERTIFIED"",""CERTIFIED"",""CERTIFIED"",""CERTIFIED"",""CERTIFIED"",""CERTIFIED"",""CERTIFIED"",""CERTIFIED"",""CERTIFIED"",""CERTIFIED"",""CERTIFIED"",""CERTIFIED"",""CERTIFIED"",""CERTIFIED"",""CERTIFIED"",""CERTIFIED"",""CERTIFIED"",""CERTIFIED""]","[null,null,null,null,null,null,null,null,null,null,null,null,null,null,null,null,null,null,null,null,null,null,null,null]",,/data1/Kane/ACT/audit_results/r93_rerun_20260525T083118Z/malbeware_gpu_full150_cudafix_20260525/per_instance_malbeware_20260525T043812535123Z.json
gpu,104,CERTIFIED,UNSAT,CERTIFIED,CERTIFIED,29.299,,False,,PASSED,,onnx/malware_malimg_family_scaled_16-25.onnx,vnnlib/malbeware_family-Lolyda.AA1_label-12_eps-3_idx-64.vnnlib,"[""UNSAT"",""UNSAT"",""UNSAT"",""UNSAT"",""UNSAT"",""UNSAT"",""UNSAT"",""UNSAT"",""UNSAT"",""UNSAT"",""UNSAT"",""UNSAT"",""UNSAT"",""UNSAT"",""UNSAT"",""UNSAT"",""UNSAT"",""UNSAT"",""UNSAT"",""UNSAT"",""UNSAT"",""UNSAT"",""UNSAT"",""UNSAT""]","[""CERTIFIED"",""CERTIFIED"",""CERTIFIED"",""CERTIFIED"",""CERTIFIED"",""CERTIFIED"",""CERTIFIED"",""CERTIFIED"",""CERTIFIED"",""CERTIFIED"",""CERTIFIED"",""CERTIFIED"",""CERTIFIED"",""CERTIFIED"",""CERTIFIED"",""CERTIFIED"",""CERTIFIED"",""CERTIFIED"",""CERTIFIED"",""CERTIFIED"",""CERTIFIED"",""CERTIFIED"",""CERTIFIED"",""CERTIFIED""]","[null,null,null,null,null,null,null,null,null,null,null,null,null,null,null,null,null,null,null,null,null,null,null,null]",,/data1/Kane/ACT/audit_results/r93_rerun_20260525T083118Z/malbeware_gpu_full150_cudafix_20260525/per_instance_malbeware_20260525T043812535123Z.json
gpu,105,CERTIFIED,UNSAT,CERTIFIED,CERTIFIED,28.663,,False,,PASSED,,onnx/malware_malimg_family_scaled_16-25.onnx,vnnlib/malbeware_family-Agent.FYI_label-1_eps-2_idx-8.vnnlib,"[""UNSAT"",""UNSAT"",""UNSAT"",""UNSAT"",""UNSAT"",""UNSAT"",""UNSAT"",""UNSAT"",""UNSAT"",""UNSAT"",""UNSAT"",""UNSAT"",""UNSAT"",""UNSAT"",""UNSAT"",""UNSAT"",""UNSAT"",""UNSAT"",""UNSAT"",""UNSAT"",""UNSAT"",""UNSAT"",""UNSAT"",""UNSAT""]","[""CERTIFIED"",""CERTIFIED"",""CERTIFIED"",""CERTIFIED"",""CERTIFIED"",""CERTIFIED"",""CERTIFIED"",""CERTIFIED"",""CERTIFIED"",""CERTIFIED"",""CERTIFIED"",""CERTIFIED"",""CERTIFIED"",""CERTIFIED"",""CERTIFIED"",""CERTIFIED"",""CERTIFIED"",""CERTIFIED"",""CERTIFIED"",""CERTIFIED"",""CERTIFIED"",""CERTIFIED"",""CERTIFIED"",""CERTIFIED""]","[null,null,null,null,null,null,null,null,null,null,null,null,null,null,null,null,null,null,null,null,null,null,null,null]",,/data1/Kane/ACT/audit_results/r93_rerun_20260525T083118Z/malbeware_gpu_full150_cudafix_20260525/per_instance_malbeware_20260525T043812535123Z.json
gpu,106,UNKNOWN,UNKNOWN,UNKNOWN,UNKNOWN,29.587,,False,,PASSED,,onnx/malware_malimg_family_scaled_16-25.onnx,vnnlib/malbeware_family-Alueron.gen!J_label-4_eps-3_idx-21.vnnlib,"[""UNSAT"",""UNSAT"",""UNSAT"",""UNSAT"",""UNSAT"",""UNSAT"",""UNKNOWN"",""UNSAT"",""UNSAT"",""UNSAT"",""UNSAT"",""UNSAT"",""UNSAT"",""UNSAT"",""UNSAT"",""UNSAT"",""UNSAT"",""UNSAT"",""UNSAT"",""UNSAT"",""UNSAT"",""UNSAT"",""UNSAT"",""UNSAT""]","[""CERTIFIED"",""CERTIFIED"",""CERTIFIED"",""CERTIFIED"",""CERTIFIED"",""CERTIFIED"",""UNKNOWN"",""CERTIFIED"",""CERTIFIED"",""CERTIFIED"",""CERTIFIED"",""CERTIFIED"",""CERTIFIED"",""CERTIFIED"",""CERTIFIED"",""CERTIFIED"",""CERTIFIED"",""CERTIFIED"",""CERTIFIED"",""CERTIFIED"",""CERTIFIED"",""CERTIFIED"",""CERTIFIED"",""CERTIFIED""]","[null,null,null,null,null,null,null,null,null,null,null,null,null,null,null,null,null,null,null,null,null,null,null,null]",,/data1/Kane/ACT/audit_results/r93_rerun_20260525T083118Z/malbeware_gpu_full150_cudafix_20260525/per_instance_malbeware_20260525T043812535123Z.json
gpu,107,CERTIFIED,UNSAT,CERTIFIED,CERTIFIED,29.614,,False,,PASSED,,onnx/malware_malimg_family_scaled_16-25.onnx,vnnlib/malbeware_family-Rbotigen_label-18_eps-2_idx-92.vnnlib,"[""UNSAT"",""UNSAT"",""UNSAT"",""UNSAT"",""UNSAT"",""UNSAT"",""UNSAT"",""UNSAT"",""UNSAT"",""UNSAT"",""UNSAT"",""UNSAT"",""UNSAT"",""UNSAT"",""UNSAT"",""UNSAT"",""UNSAT"",""UNSAT"",""UNSAT"",""UNSAT"",""UNSAT"",""UNSAT"",""UNSAT"",""UNSAT""]","[""CERTIFIED"",""CERTIFIED"",""CERTIFIED"",""CERTIFIED"",""CERTIFIED"",""CERTIFIED"",""CERTIFIED"",""CERTIFIED"",""CERTIFIED"",""CERTIFIED"",""CERTIFIED"",""CERTIFIED"",""CERTIFIED"",""CERTIFIED"",""CERTIFIED"",""CERTIFIED"",""CERTIFIED"",""CERTIFIED"",""CERTIFIED"",""CERTIFIED"",""CERTIFIED"",""CERTIFIED"",""CERTIFIED"",""CERTIFIED""]","[null,null,null,null,null,null,null,null,null,null,null,null,null,null,null,null,null,null,null,null,null,null,null,null]",,/data1/Kane/ACT/audit_results/r93_rerun_20260525T083118Z/malbeware_gpu_full150_cudafix_20260525/per_instance_malbeware_20260525T043812535123Z.json
gpu,108,UNKNOWN,UNKNOWN,UNKNOWN,UNKNOWN,29.81,,False,,PASSED,,onnx/malware_malimg_family_scaled_16-25.onnx,vnnlib/malbeware_family-Yuner.A_label-24_eps-3_idx-120.vnnlib,"[""UNSAT"",""UNSAT"",""UNSAT"",""UNSAT"",""UNSAT"",""UNKNOWN"",""UNSAT"",""UNSAT"",""UNSAT"",""UNSAT"",""UNSAT"",""UNSAT"",""UNSAT"",""UNSAT"",""UNSAT"",""UNSAT"",""UNSAT"",""UNSAT"",""UNSAT"",""UNSAT"",""UNSAT"",""UNSAT"",""UNSAT"",""UNSAT""]","[""CERTIFIED"",""CERTIFIED"",""CERTIFIED"",""CERTIFIED"",""CERTIFIED"",""UNKNOWN"",""CERTIFIED"",""CERTIFIED"",""CERTIFIED"",""CERTIFIED"",""CERTIFIED"",""CERTIFIED"",""CERTIFIED"",""CERTIFIED"",""CERTIFIED"",""CERTIFIED"",""CERTIFIED"",""CERTIFIED"",""CERTIFIED"",""CERTIFIED"",""CERTIFIED"",""CERTIFIED"",""CERTIFIED"",""CERTIFIED""]","[null,null,null,null,null,null,null,null,null,null,null,null,null,null,null,null,null,null,null,null,null,null,null,null]",,/data1/Kane/ACT/audit_results/r93_rerun_20260525T083118Z/malbeware_gpu_full150_cudafix_20260525/per_instance_malbeware_20260525T043812535123Z.json
gpu,109,FALSIFIED,SAT,FALSIFIED,FALSIFIED,9.992,,False,,PASSED,,onnx/malware_malimg_family_scaled_16-25.onnx,vnnlib/malbeware_family-Swizzor.gen!E_label-20_eps-3_idx-102.vnnlib,"[""UNSAT"",""UNSAT"",""UNSAT"",""UNKNOWN"",""UNSAT"",""UNSAT"",""UNKNOWN"",""SAT""]","[""CERTIFIED"",""CERTIFIED"",""CERTIFIED"",""UNKNOWN"",""CERTIFIED"",""CERTIFIED"",""UNKNOWN"",""FALSIFIED""]","[null,null,null,null,null,null,null,""/data1/Kane/ACT/audit_results/r93_rerun_20260525T083118Z/malbeware_gpu_full150_cudafix_20260525/malbeware_109_q7_hz_walker_lp_0.json""]",,/data1/Kane/ACT/audit_results/r93_rerun_20260525T083118Z/malbeware_gpu_full150_cudafix_20260525/per_instance_malbeware_20260525T043812535123Z.json
gpu,11,CERTIFIED,UNSAT,CERTIFIED,CERTIFIED,1.63,,False,,PASSED,,onnx/malware_malimg_family_scaled_linear-25.onnx,vnnlib/malbeware_family-Skintrim.N_label-19_eps-1_idx-96.vnnlib,"[""UNSAT"",""UNSAT"",""UNSAT"",""UNSAT"",""UNSAT"",""UNSAT"",""UNSAT"",""UNSAT"",""UNSAT"",""UNSAT"",""UNSAT"",""UNSAT"",""UNSAT"",""UNSAT"",""UNSAT"",""UNSAT"",""UNSAT"",""UNSAT"",""UNSAT"",""UNSAT"",""UNSAT"",""UNSAT"",""UNSAT"",""UNSAT""]","[""CERTIFIED"",""CERTIFIED"",""CERTIFIED"",""CERTIFIED"",""CERTIFIED"",""CERTIFIED"",""CERTIFIED"",""CERTIFIED"",""CERTIFIED"",""CERTIFIED"",""CERTIFIED"",""CERTIFIED"",""CERTIFIED"",""CERTIFIED"",""CERTIFIED"",""CERTIFIED"",""CERTIFIED"",""CERTIFIED"",""CERTIFIED"",""CERTIFIED"",""CERTIFIED"",""CERTIFIED"",""CERTIFIED"",""CERTIFIED""]","[null,null,null,null,null,null,null,null,null,null,null,null,null,null,null,null,null,null,null,null,null,null,null,null]",,/data1/Kane/ACT/audit_results/r93_rerun_20260525T083118Z/malbeware_gpu_full150_cudafix_20260525/per_instance_malbeware_20260525T043812535123Z.json
gpu,110,CERTIFIED,UNSAT,CERTIFIED,CERTIFIED,28.934,,False,,PASSED,,onnx/malware_malimg_family_scaled_16-25.onnx,vnnlib/malbeware_family-Lolyda.AA1_label-12_eps-3_idx-60.vnnlib,"[""UNSAT"",""UNSAT"",""UNSAT"",""UNSAT"",""UNSAT"",""UNSAT"",""UNSAT"",""UNSAT"",""UNSAT"",""UNSAT"",""UNSAT"",""UNSAT"",""UNSAT"",""UNSAT"",""UNSAT"",""UNSAT"",""UNSAT"",""UNSAT"",""UNSAT"",""UNSAT"",""UNSAT"",""UNSAT"",""UNSAT"",""UNSAT""]","[""CERTIFIED"",""CERTIFIED"",""CERTIFIED"",""CERTIFIED"",""CERTIFIED"",""CERTIFIED"",""CERTIFIED"",""CERTIFIED"",""CERTIFIED"",""CERTIFIED"",""CERTIFIED"",""CERTIFIED"",""CERTIFIED"",""CERTIFIED"",""CERTIFIED"",""CERTIFIED"",""CERTIFIED"",""CERTIFIED"",""CERTIFIED"",""CERTIFIED"",""CERTIFIED"",""CERTIFIED"",""CERTIFIED"",""CERTIFIED""]","[null,null,null,null,null,null,null,null,null,null,null,null,null,null,null,null,null,null,null,null,null,null,null,null]",,/data1/Kane/ACT/audit_results/r93_rerun_20260525T083118Z/malbeware_gpu_full150_cudafix_20260525/per_instance_malbeware_20260525T043812535123Z.json
gpu,111,CERTIFIED,UNSAT,CERTIFIED,CERTIFIED,28.664,,False,,PASSED,,onnx/malware_malimg_family_scaled_16-25.onnx,vnnlib/malbeware_family-Skintrim.N_label-19_eps-1_idx-96.vnnlib,"[""UNSAT"",""UNSAT"",""UNSAT"",""UNSAT"",""UNSAT"",""UNSAT"",""UNSAT"",""UNSAT"",""UNSAT"",""UNSAT"",""UNSAT"",""UNSAT"",""UNSAT"",""UNSAT"",""UNSAT"",""UNSAT"",""UNSAT"",""UNSAT"",""UNSAT"",""UNSAT"",""UNSAT"",""UNSAT"",""UNSAT"",""UNSAT""]","[""CERTIFIED"",""CERTIFIED"",""CERTIFIED"",""CERTIFIED"",""CERTIFIED"",""CERTIFIED"",""CERTIFIED"",""CERTIFIED"",""CERTIFIED"",""CERTIFIED"",""CERTIFIED"",""CERTIFIED"",""CERTIFIED"",""CERTIFIED"",""CERTIFIED"",""CERTIFIED"",""CERTIFIED"",""CERTIFIED"",""CERTIFIED"",""CERTIFIED"",""CERTIFIED"",""CERTIFIED"",""CERTIFIED"",""CERTIFIED""]","[null,null,null,null,null,null,null,null,null,null,null,null,null,null,null,null,null,null,null,null,null,null,null,null]",,/data1/Kane/ACT/audit_results/r93_rerun_20260525T083118Z/malbeware_gpu_full150_cudafix_20260525/per_instance_malbeware_20260525T043812535123Z.json
gpu,112,FALSIFIED,SAT,FALSIFIED,FALSIFIED,9.741,,False,,PASSED,,onnx/malware_malimg_family_scaled_16-25.onnx,vnnlib/malbeware_family-Fakerean_label-10_eps-3_idx-54.vnnlib,"[""UNSAT"",""UNSAT"",""UNSAT"",""UNSAT"",""UNSAT"",""UNSAT"",""UNSAT"",""SAT""]","[""CERTIFIED"",""CERTIFIED"",""CERTIFIED"",""CERTIFIED"",""CERTIFIED"",""CERTIFIED"",""CERTIFIED"",""FALSIFIED""]","[null,null,null,null,null,null,null,""/data1/Kane/ACT/audit_results/r93_rerun_20260525T083118Z/malbeware_gpu_full150_cudafix_20260525/malbeware_112_q7_hz_walker_lp_0.json""]",,/data1/Kane/ACT/audit_results/r93_rerun_20260525T083118Z/malbeware_gpu_full150_cudafix_20260525/per_instance_malbeware_20260525T043812535123Z.json
gpu,113,CERTIFIED,UNSAT,CERTIFIED,CERTIFIED,28.515,,False,,PASSED,,onnx/malware_malimg_family_scaled_16-25.onnx,vnnlib/malbeware_family-Allaple.L_label-3_eps-2_idx-16.vnnlib,"[""UNSAT"",""UNSAT"",""UNSAT"",""UNSAT"",""UNSAT"",""UNSAT"",""UNSAT"",""UNSAT"",""UNSAT"",""UNSAT"",""UNSAT"",""UNSAT"",""UNSAT"",""UNSAT"",""UNSAT"",""UNSAT"",""UNSAT"",""UNSAT"",""UNSAT"",""UNSAT"",""UNSAT"",""UNSAT"",""UNSAT"",""UNSAT""]","[""CERTIFIED"",""CERTIFIED"",""CERTIFIED"",""CERTIFIED"",""CERTIFIED"",""CERTIFIED"",""CERTIFIED"",""CERTIFIED"",""CERTIFIED"",""CERTIFIED"",""CERTIFIED"",""CERTIFIED"",""CERTIFIED"",""CERTIFIED"",""CERTIFIED"",""CERTIFIED"",""CERTIFIED"",""CERTIFIED"",""CERTIFIED"",""CERTIFIED"",""CERTIFIED"",""CERTIFIED"",""CERTIFIED"",""CERTIFIED""]","[null,null,null,null,null,null,null,null,null,null,null,null,null,null,null,null,null,null,null,null,null,null,null,null]",,/data1/Kane/ACT/audit_results/r93_rerun_20260525T083118Z/malbeware_gpu_full150_cudafix_20260525/per_instance_malbeware_20260525T043812535123Z.json
gpu,114,CERTIFIED,UNSAT,CERTIFIED,CERTIFIED,29.076,,False,,PASSED,,onnx/malware_malimg_family_scaled_16-25.onnx,vnnlib/malbeware_family-Adialer.C_label-0_eps-1_idx-4.vnnlib,"[""UNSAT"",""UNSAT"",""UNSAT"",""UNSAT"",""UNSAT"",""UNSAT"",""UNSAT"",""UNSAT"",""UNSAT"",""UNSAT"",""UNSAT"",""UNSAT"",""UNSAT"",""UNSAT"",""UNSAT"",""UNSAT"",""UNSAT"",""UNSAT"",""UNSAT"",""UNSAT"",""UNSAT"",""UNSAT"",""UNSAT"",""UNSAT""]","[""CERTIFIED"",""CERTIFIED"",""CERTIFIED"",""CERTIFIED"",""CERTIFIED"",""CERTIFIED"",""CERTIFIED"",""CERTIFIED"",""CERTIFIED"",""CERTIFIED"",""CERTIFIED"",""CERTIFIED"",""CERTIFIED"",""CERTIFIED"",""CERTIFIED"",""CERTIFIED"",""CERTIFIED"",""CERTIFIED"",""CERTIFIED"",""CERTIFIED"",""CERTIFIED"",""CERTIFIED"",""CERTIFIED"",""CERTIFIED""]","[null,null,null,null,null,null,null,null,null,null,null,null,null,null,null,null,null,null,null,null,null,null,null,null]",,/data1/Kane/ACT/audit_results/r93_rerun_20260525T083118Z/malbeware_gpu_full150_cudafix_20260525/per_instance_malbeware_20260525T043812535123Z.json
gpu,115,UNKNOWN,UNKNOWN,UNKNOWN,UNKNOWN,30.195,,False,,PASSED,,onnx/malware_malimg_family_scaled_16-25.onnx,vnnlib/malbeware_family-Wintrim.BX_label-23_eps-3_idx-119.vnnlib,"[""UNSAT"",""UNSAT"",""UNKNOWN"",""UNSAT"",""UNSAT"",""UNSAT"",""UNSAT"",""UNKNOWN"",""UNSAT"",""UNSAT"",""UNSAT"",""UNSAT"",""UNSAT"",""UNSAT"",""UNSAT"",""UNSAT"",""UNSAT"",""UNSAT"",""UNSAT"",""UNSAT"",""UNSAT"",""UNSAT"",""UNSAT"",""UNSAT""]","[""CERTIFIED"",""CERTIFIED"",""UNKNOWN"",""CERTIFIED"",""CERTIFIED"",""CERTIFIED"",""CERTIFIED"",""UNKNOWN"",""CERTIFIED"",""CERTIFIED"",""CERTIFIED"",""CERTIFIED"",""CERTIFIED"",""CERTIFIED"",""CERTIFIED"",""CERTIFIED"",""CERTIFIED"",""CERTIFIED"",""CERTIFIED"",""CERTIFIED"",""CERTIFIED"",""CERTIFIED"",""CERTIFIED"",""CERTIFIED""]","[null,null,null,null,null,null,null,null,null,null,null,null,null,null,null,null,null,null,null,null,null,null,null,null]",,/data1/Kane/ACT/audit_results/r93_rerun_20260525T083118Z/malbeware_gpu_full150_cudafix_20260525/per_instance_malbeware_20260525T043812535123Z.json
gpu,116,CERTIFIED,UNSAT,CERTIFIED,CERTIFIED,29.739,,False,,PASSED,,onnx/malware_malimg_family_scaled_16-25.onnx,vnnlib/malbeware_family-Rbotigen_label-18_eps-2_idx-94.vnnlib,"[""UNSAT"",""UNSAT"",""UNSAT"",""UNSAT"",""UNSAT"",""UNSAT"",""UNSAT"",""UNSAT"",""UNSAT"",""UNSAT"",""UNSAT"",""UNSAT"",""UNSAT"",""UNSAT"",""UNSAT"",""UNSAT"",""UNSAT"",""UNSAT"",""UNSAT"",""UNSAT"",""UNSAT"",""UNSAT"",""UNSAT"",""UNSAT""]","[""CERTIFIED"",""CERTIFIED"",""CERTIFIED"",""CERTIFIED"",""CERTIFIED"",""CERTIFIED"",""CERTIFIED"",""CERTIFIED"",""CERTIFIED"",""CERTIFIED"",""CERTIFIED"",""CERTIFIED"",""CERTIFIED"",""CERTIFIED"",""CERTIFIED"",""CERTIFIED"",""CERTIFIED"",""CERTIFIED"",""CERTIFIED"",""CERTIFIED"",""CERTIFIED"",""CERTIFIED"",""CERTIFIED"",""CERTIFIED""]","[null,null,null,null,null,null,null,null,null,null,null,null,null,null,null,null,null,null,null,null,null,null,null,null]",,/data1/Kane/ACT/audit_results/r93_rerun_20260525T083118Z/malbeware_gpu_full150_cudafix_20260525/per_instance_malbeware_20260525T043812535123Z.json
gpu,117,CERTIFIED,UNSAT,CERTIFIED,CERTIFIED,29.399,,False,,PASSED,,onnx/malware_malimg_family_scaled_16-25.onnx,vnnlib/malbeware_family-Obfuscator.AD_label-17_eps-2_idx-87.vnnlib,"[""UNSAT"",""UNSAT"",""UNSAT"",""UNSAT"",""UNSAT"",""UNSAT"",""UNSAT"",""UNSAT"",""UNSAT"",""UNSAT"",""UNSAT"",""UNSAT"",""UNSAT"",""UNSAT"",""UNSAT"",""UNSAT"",""UNSAT"",""UNSAT"",""UNSAT"",""UNSAT"",""UNSAT"",""UNSAT"",""UNSAT"",""UNSAT""]","[""CERTIFIED"",""CERTIFIED"",""CERTIFIED"",""CERTIFIED"",""CERTIFIED"",""CERTIFIED"",""CERTIFIED"",""CERTIFIED"",""CERTIFIED"",""CERTIFIED"",""CERTIFIED"",""CERTIFIED"",""CERTIFIED"",""CERTIFIED"",""CERTIFIED"",""CERTIFIED"",""CERTIFIED"",""CERTIFIED"",""CERTIFIED"",""CERTIFIED"",""CERTIFIED"",""CERTIFIED"",""CERTIFIED"",""CERTIFIED""]","[null,null,null,null,null,null,null,null,null,null,null,null,null,null,null,null,null,null,null,null,null,null,null,null]",,/data1/Kane/ACT/audit_results/r93_rerun_20260525T083118Z/malbeware_gpu_full150_cudafix_20260525/per_instance_malbeware_20260525T043812535123Z.json
gpu,118,CERTIFIED,UNSAT,CERTIFIED,CERTIFIED,28.031,,False,,PASSED,,onnx/malware_malimg_family_scaled_16-25.onnx,vnnlib/malbeware_family-Lolyda.AA3_label-14_eps-1_idx-71.vnnlib,"[""UNSAT"",""UNSAT"",""UNSAT"",""UNSAT"",""UNSAT"",""UNSAT"",""UNSAT"",""UNSAT"",""UNSAT"",""UNSAT"",""UNSAT"",""UNSAT"",""UNSAT"",""UNSAT"",""UNSAT"",""UNSAT"",""UNSAT"",""UNSAT"",""UNSAT"",""UNSAT"",""UNSAT"",""UNSAT"",""UNSAT"",""UNSAT""]","[""CERTIFIED"",""CERTIFIED"",""CERTIFIED"",""CERTIFIED"",""CERTIFIED"",""CERTIFIED"",""CERTIFIED"",""CERTIFIED"",""CERTIFIED"",""CERTIFIED"",""CERTIFIED"",""CERTIFIED"",""CERTIFIED"",""CERTIFIED"",""CERTIFIED"",""CERTIFIED"",""CERTIFIED"",""CERTIFIED"",""CERTIFIED"",""CERTIFIED"",""CERTIFIED"",""CERTIFIED"",""CERTIFIED"",""CERTIFIED""]","[null,null,null,null,null,null,null,null,null,null,null,null,null,null,null,null,null,null,null,null,null,null,null,null]",,/data1/Kane/ACT/audit_results/r93_rerun_20260525T083118Z/malbeware_gpu_full150_cudafix_20260525/per_instance_malbeware_20260525T043812535123Z.json
gpu,119,CERTIFIED,UNSAT,CERTIFIED,CERTIFIED,28.835,,False,,PASSED,,onnx/malware_malimg_family_scaled_16-25.onnx,vnnlib/malbeware_family-Malex.gen!J_label-16_eps-1_idx-84.vnnlib,"[""UNSAT"",""UNSAT"",""UNSAT"",""UNSAT"",""UNSAT"",""UNSAT"",""UNSAT"",""UNSAT"",""UNSAT"",""UNSAT"",""UNSAT"",""UNSAT"",""UNSAT"",""UNSAT"",""UNSAT"",""UNSAT"",""UNSAT"",""UNSAT"",""UNSAT"",""UNSAT"",""UNSAT"",""UNSAT"",""UNSAT"",""UNSAT""]","[""CERTIFIED"",""CERTIFIED"",""CERTIFIED"",""CERTIFIED"",""CERTIFIED"",""CERTIFIED"",""CERTIFIED"",""CERTIFIED"",""CERTIFIED"",""CERTIFIED"",""CERTIFIED"",""CERTIFIED"",""CERTIFIED"",""CERTIFIED"",""CERTIFIED"",""CERTIFIED"",""CERTIFIED"",""CERTIFIED"",""CERTIFIED"",""CERTIFIED"",""CERTIFIED"",""CERTIFIED"",""CERTIFIED"",""CERTIFIED""]","[null,null,null,null,null,null,null,null,null,null,null,null,null,null,null,null,null,null,null,null,null,null,null,null]",,/data1/Kane/ACT/audit_results/r93_rerun_20260525T083118Z/malbeware_gpu_full150_cudafix_20260525/per_instance_malbeware_20260525T043812535123Z.json
gpu,12,CERTIFIED,UNSAT,CERTIFIED,CERTIFIED,1.749,,False,,PASSED,,onnx/malware_malimg_family_scaled_linear-25.onnx,vnnlib/malbeware_family-Fakerean_label-10_eps-3_idx-54.vnnlib,"[""UNSAT"",""UNSAT"",""UNSAT"",""UNSAT"",""UNSAT"",""UNSAT"",""UNSAT"",""UNSAT"",""UNSAT"",""UNSAT"",""UNSAT"",""UNSAT"",""UNSAT"",""UNSAT"",""UNSAT"",""UNSAT"",""UNSAT"",""UNSAT"",""UNSAT"",""UNSAT"",""UNSAT"",""UNSAT"",""UNSAT"",""UNSAT""]","[""CERTIFIED"",""CERTIFIED"",""CERTIFIED"",""CERTIFIED"",""CERTIFIED"",""CERTIFIED"",""CERTIFIED"",""CERTIFIED"",""CERTIFIED"",""CERTIFIED"",""CERTIFIED"",""CERTIFIED"",""CERTIFIED"",""CERTIFIED"",""CERTIFIED"",""CERTIFIED"",""CERTIFIED"",""CERTIFIED"",""CERTIFIED"",""CERTIFIED"",""CERTIFIED"",""CERTIFIED"",""CERTIFIED"",""CERTIFIED""]","[null,null,null,null,null,null,null,null,null,null,null,null,null,null,null,null,null,null,null,null,null,null,null,null]",,/data1/Kane/ACT/audit_results/r93_rerun_20260525T083118Z/malbeware_gpu_full150_cudafix_20260525/per_instance_malbeware_20260525T043812535123Z.json
gpu,120,CERTIFIED,UNSAT,CERTIFIED,CERTIFIED,28.462,,False,,PASSED,,onnx/malware_malimg_family_scaled_16-25.onnx,vnnlib/malbeware_family-Dontovo.A_label-9_eps-1_idx-48.vnnlib,"[""UNSAT"",""UNSAT"",""UNSAT"",""UNSAT"",""UNSAT"",""UNSAT"",""UNSAT"",""UNSAT"",""UNSAT"",""UNSAT"",""UNSAT"",""UNSAT"",""UNSAT"",""UNSAT"",""UNSAT"",""UNSAT"",""UNSAT"",""UNSAT"",""UNSAT"",""UNSAT"",""UNSAT"",""UNSAT"",""UNSAT"",""UNSAT""]","[""CERTIFIED"",""CERTIFIED"",""CERTIFIED"",""CERTIFIED"",""CERTIFIED"",""CERTIFIED"",""CERTIFIED"",""CERTIFIED"",""CERTIFIED"",""CERTIFIED"",""CERTIFIED"",""CERTIFIED"",""CERTIFIED"",""CERTIFIED"",""CERTIFIED"",""CERTIFIED"",""CERTIFIED"",""CERTIFIED"",""CERTIFIED"",""CERTIFIED"",""CERTIFIED"",""CERTIFIED"",""CERTIFIED"",""CERTIFIED""]","[null,null,null,null,null,null,null,null,null,null,null,null,null,null,null,null,null,null,null,null,null,null,null,null]",,/data1/Kane/ACT/audit_results/r93_rerun_20260525T083118Z/malbeware_gpu_full150_cudafix_20260525/per_instance_malbeware_20260525T043812535123Z.json
gpu,121,FALSIFIED,SAT,FALSIFIED,FALSIFIED,9.969,,False,,PASSED,,onnx/malware_malimg_family_scaled_16-25.onnx,vnnlib/malbeware_family-Swizzor.gen!E_label-20_eps-3_idx-100.vnnlib,"[""UNSAT"",""UNSAT"",""UNSAT"",""UNSAT"",""UNSAT"",""UNSAT"",""UNSAT"",""SAT""]","[""CERTIFIED"",""CERTIFIED"",""CERTIFIED"",""CERTIFIED"",""CERTIFIED"",""CERTIFIED"",""CERTIFIED"",""FALSIFIED""]","[null,null,null,null,null,null,null,""/data1/Kane/ACT/audit_results/r93_rerun_20260525T083118Z/malbeware_gpu_full150_cudafix_20260525/malbeware_121_q7_hz_walker_lp_0.json""]",,/data1/Kane/ACT/audit_results/r93_rerun_20260525T083118Z/malbeware_gpu_full150_cudafix_20260525/per_instance_malbeware_20260525T043812535123Z.json
gpu,122,CERTIFIED,UNSAT,CERTIFIED,CERTIFIED,29.91,,False,,PASSED,,onnx/malware_malimg_family_scaled_16-25.onnx,vnnlib/malbeware_family-Wintrim.BX_label-23_eps-2_idx-117.vnnlib,"[""UNSAT"",""UNSAT"",""UNSAT"",""UNSAT"",""UNSAT"",""UNSAT"",""UNSAT"",""UNSAT"",""UNSAT"",""UNSAT"",""UNSAT"",""UNSAT"",""UNSAT"",""UNSAT"",""UNSAT"",""UNSAT"",""UNSAT"",""UNSAT"",""UNSAT"",""UNSAT"",""UNSAT"",""UNSAT"",""UNSAT"",""UNSAT""]","[""CERTIFIED"",""CERTIFIED"",""CERTIFIED"",""CERTIFIED"",""CERTIFIED"",""CERTIFIED"",""CERTIFIED"",""CERTIFIED"",""CERTIFIED"",""CERTIFIED"",""CERTIFIED"",""CERTIFIED"",""CERTIFIED"",""CERTIFIED"",""CERTIFIED"",""CERTIFIED"",""CERTIFIED"",""CERTIFIED"",""CERTIFIED"",""CERTIFIED"",""CERTIFIED"",""CERTIFIED"",""CERTIFIED"",""CERTIFIED""]","[null,null,null,null,null,null,null,null,null,null,null,null,null,null,null,null,null,null,null,null,null,null,null,null]",,/data1/Kane/ACT/audit_results/r93_rerun_20260525T083118Z/malbeware_gpu_full150_cudafix_20260525/per_instance_malbeware_20260525T043812535123Z.json
gpu,123,CERTIFIED,UNSAT,CERTIFIED,CERTIFIED,29.029,,False,,PASSED,,onnx/malware_malimg_family_scaled_16-25.onnx,vnnlib/malbeware_family-Autorun.K_label-5_eps-1_idx-25.vnnlib,"[""UNSAT"",""UNSAT"",""UNSAT"",""UNSAT"",""UNSAT"",""UNSAT"",""UNSAT"",""UNSAT"",""UNSAT"",""UNSAT"",""UNSAT"",""UNSAT"",""UNSAT"",""UNSAT"",""UNSAT"",""UNSAT"",""UNSAT"",""UNSAT"",""UNSAT"",""UNSAT"",""UNSAT"",""UNSAT"",""UNSAT"",""UNSAT""]","[""CERTIFIED"",""CERTIFIED"",""CERTIFIED"",""CERTIFIED"",""CERTIFIED"",""CERTIFIED"",""CERTIFIED"",""CERTIFIED"",""CERTIFIED"",""CERTIFIED"",""CERTIFIED"",""CERTIFIED"",""CERTIFIED"",""CERTIFIED"",""CERTIFIED"",""CERTIFIED"",""CERTIFIED"",""CERTIFIED"",""CERTIFIED"",""CERTIFIED"",""CERTIFIED"",""CERTIFIED"",""CERTIFIED"",""CERTIFIED""]","[null,null,null,null,null,null,null,null,null,null,null,null,null,null,null,null,null,null,null,null,null,null,null,null]",,/data1/Kane/ACT/audit_results/r93_rerun_20260525T083118Z/malbeware_gpu_full150_cudafix_20260525/per_instance_malbeware_20260525T043812535123Z.json
gpu,124,CERTIFIED,UNSAT,CERTIFIED,CERTIFIED,29.089,,False,,PASSED,,onnx/malware_malimg_family_scaled_16-25.onnx,vnnlib/malbeware_family-Lolyda.AA3_label-14_eps-3_idx-71.vnnlib,"[""UNSAT"",""UNSAT"",""UNSAT"",""UNSAT"",""UNSAT"",""UNSAT"",""UNSAT"",""UNSAT"",""UNSAT"",""UNSAT"",""UNSAT"",""UNSAT"",""UNSAT"",""UNSAT"",""UNSAT"",""UNSAT"",""UNSAT"",""UNSAT"",""UNSAT"",""UNSAT"",""UNSAT"",""UNSAT"",""UNSAT"",""UNSAT""]","[""CERTIFIED"",""CERTIFIED"",""CERTIFIED"",""CERTIFIED"",""CERTIFIED"",""CERTIFIED"",""CERTIFIED"",""CERTIFIED"",""CERTIFIED"",""CERTIFIED"",""CERTIFIED"",""CERTIFIED"",""CERTIFIED"",""CERTIFIED"",""CERTIFIED"",""CERTIFIED"",""CERTIFIED"",""CERTIFIED"",""CERTIFIED"",""CERTIFIED"",""CERTIFIED"",""CERTIFIED"",""CERTIFIED"",""CERTIFIED""]","[null,null,null,null,null,null,null,null,null,null,null,null,null,null,null,null,null,null,null,null,null,null,null,null]",,/data1/Kane/ACT/audit_results/r93_rerun_20260525T083118Z/malbeware_gpu_full150_cudafix_20260525/per_instance_malbeware_20260525T043812535123Z.json
gpu,125,CERTIFIED,UNSAT,CERTIFIED,CERTIFIED,28.768,,False,,PASSED,,onnx/malware_malimg_family_scaled_16-25.onnx,vnnlib/malbeware_family-Agent.FYI_label-1_eps-3_idx-8.vnnlib,"[""UNSAT"",""UNSAT"",""UNSAT"",""UNSAT"",""UNSAT"",""UNSAT"",""UNSAT"",""UNSAT"",""UNSAT"",""UNSAT"",""UNSAT"",""UNSAT"",""UNSAT"",""UNSAT"",""UNSAT"",""UNSAT"",""UNSAT"",""UNSAT"",""UNSAT"",""UNSAT"",""UNSAT"",""UNSAT"",""UNSAT"",""UNSAT""]","[""CERTIFIED"",""CERTIFIED"",""CERTIFIED"",""CERTIFIED"",""CERTIFIED"",""CERTIFIED"",""CERTIFIED"",""CERTIFIED"",""CERTIFIED"",""CERTIFIED"",""CERTIFIED"",""CERTIFIED"",""CERTIFIED"",""CERTIFIED"",""CERTIFIED"",""CERTIFIED"",""CERTIFIED"",""CERTIFIED"",""CERTIFIED"",""CERTIFIED"",""CERTIFIED"",""CERTIFIED"",""CERTIFIED"",""CERTIFIED""]","[null,null,null,null,null,null,null,null,null,null,null,null,null,null,null,null,null,null,null,null,null,null,null,null]",,/data1/Kane/ACT/audit_results/r93_rerun_20260525T083118Z/malbeware_gpu_full150_cudafix_20260525/per_instance_malbeware_20260525T043812535123Z.json
gpu,126,UNKNOWN,UNKNOWN,UNKNOWN,UNKNOWN,29.81,,False,,PASSED,,onnx/malware_malimg_family_scaled_16-25.onnx,vnnlib/malbeware_family-Allaple.A_label-2_eps-3_idx-12.vnnlib,"[""UNSAT"",""UNSAT"",""UNKNOWN"",""UNSAT"",""UNSAT"",""UNSAT"",""UNKNOWN"",""UNSAT"",""UNSAT"",""UNSAT"",""UNSAT"",""UNSAT"",""UNSAT"",""UNSAT"",""UNSAT"",""UNKNOWN"",""UNSAT"",""UNSAT"",""UNSAT"",""UNSAT"",""UNSAT"",""UNSAT"",""UNKNOWN"",""UNSAT""]","[""CERTIFIED"",""CERTIFIED"",""UNKNOWN"",""CERTIFIED"",""CERTIFIED"",""CERTIFIED"",""UNKNOWN"",""CERTIFIED"",""CERTIFIED"",""CERTIFIED"",""CERTIFIED"",""CERTIFIED"",""CERTIFIED"",""CERTIFIED"",""CERTIFIED"",""UNKNOWN"",""CERTIFIED"",""CERTIFIED"",""CERTIFIED"",""CERTIFIED"",""CERTIFIED"",""CERTIFIED"",""UNKNOWN"",""CERTIFIED""]","[null,null,null,null,null,null,null,null,null,null,null,null,null,null,null,null,null,null,null,null,null,null,null,null]",,/data1/Kane/ACT/audit_results/r93_rerun_20260525T083118Z/malbeware_gpu_full150_cudafix_20260525/per_instance_malbeware_20260525T043812535123Z.json
gpu,127,CERTIFIED,UNSAT,CERTIFIED,CERTIFIED,28.545,,False,,PASSED,,onnx/malware_malimg_family_scaled_16-25.onnx,vnnlib/malbeware_family-Lolyda.AA2_label-13_eps-2_idx-68.vnnlib,"[""UNSAT"",""UNSAT"",""UNSAT"",""UNSAT"",""UNSAT"",""UNSAT"",""UNSAT"",""UNSAT"",""UNSAT"",""UNSAT"",""UNSAT"",""UNSAT"",""UNSAT"",""UNSAT"",""UNSAT"",""UNSAT"",""UNSAT"",""UNSAT"",""UNSAT"",""UNSAT"",""UNSAT"",""UNSAT"",""UNSAT"",""UNSAT""]","[""CERTIFIED"",""CERTIFIED"",""CERTIFIED"",""CERTIFIED"",""CERTIFIED"",""CERTIFIED"",""CERTIFIED"",""CERTIFIED"",""CERTIFIED"",""CERTIFIED"",""CERTIFIED"",""CERTIFIED"",""CERTIFIED"",""CERTIFIED"",""CERTIFIED"",""CERTIFIED"",""CERTIFIED"",""CERTIFIED"",""CERTIFIED"",""CERTIFIED"",""CERTIFIED"",""CERTIFIED"",""CERTIFIED"",""CERTIFIED""]","[null,null,null,null,null,null,null,null,null,null,null,null,null,null,null,null,null,null,null,null,null,null,null,null]",,/data1/Kane/ACT/audit_results/r93_rerun_20260525T083118Z/malbeware_gpu_full150_cudafix_20260525/per_instance_malbeware_20260525T043812535123Z.json
gpu,128,CERTIFIED,UNSAT,CERTIFIED,CERTIFIED,29.593,,False,,PASSED,,onnx/malware_malimg_family_scaled_16-25.onnx,vnnlib/malbeware_family-Lolyda.AA2_label-13_eps-1_idx-66.vnnlib,"[""UNSAT"",""UNSAT"",""UNSAT"",""UNSAT"",""UNSAT"",""UNSAT"",""UNSAT"",""UNSAT"",""UNSAT"",""UNSAT"",""UNSAT"",""UNSAT"",""UNSAT"",""UNSAT"",""UNSAT"",""UNSAT"",""UNSAT"",""UNSAT"",""UNSAT"",""UNSAT"",""UNSAT"",""UNSAT"",""UNSAT"",""UNSAT""]","[""CERTIFIED"",""CERTIFIED"",""CERTIFIED"",""CERTIFIED"",""CERTIFIED"",""CERTIFIED"",""CERTIFIED"",""CERTIFIED"",""CERTIFIED"",""CERTIFIED"",""CERTIFIED"",""CERTIFIED"",""CERTIFIED"",""CERTIFIED"",""CERTIFIED"",""CERTIFIED"",""CERTIFIED"",""CERTIFIED"",""CERTIFIED"",""CERTIFIED"",""CERTIFIED"",""CERTIFIED"",""CERTIFIED"",""CERTIFIED""]","[null,null,null,null,null,null,null,null,null,null,null,null,null,null,null,null,null,null,null,null,null,null,null,null]",,/data1/Kane/ACT/audit_results/r93_rerun_20260525T083118Z/malbeware_gpu_full150_cudafix_20260525/per_instance_malbeware_20260525T043812535123Z.json
gpu,129,UNKNOWN,UNKNOWN,UNKNOWN,UNKNOWN,30.7,,False,,PASSED,,onnx/malware_malimg_family_scaled_16-25.onnx,vnnlib/malbeware_family-Autorun.K_label-5_eps-2_idx-29.vnnlib,"[""UNSAT"",""UNSAT"",""UNSAT"",""UNSAT"",""UNSAT"",""UNKNOWN"",""UNSAT"",""UNSAT"",""UNSAT"",""UNSAT"",""UNSAT"",""UNSAT"",""UNSAT"",""UNSAT"",""UNSAT"",""UNSAT"",""UNSAT"",""UNSAT"",""UNSAT"",""UNSAT"",""UNSAT"",""UNSAT"",""UNSAT"",""UNSAT""]","[""CERTIFIED"",""CERTIFIED"",""CERTIFIED"",""CERTIFIED"",""CERTIFIED"",""UNKNOWN"",""CERTIFIED"",""CERTIFIED"",""CERTIFIED"",""CERTIFIED"",""CERTIFIED"",""CERTIFIED"",""CERTIFIED"",""CERTIFIED"",""CERTIFIED"",""CERTIFIED"",""CERTIFIED"",""CERTIFIED"",""CERTIFIED"",""CERTIFIED"",""CERTIFIED"",""CERTIFIED"",""CERTIFIED"",""CERTIFIED""]","[null,null,null,null,null,null,null,null,null,null,null,null,null,null,null,null,null,null,null,null,null,null,null,null]",,/data1/Kane/ACT/audit_results/r93_rerun_20260525T083118Z/malbeware_gpu_full150_cudafix_20260525/per_instance_malbeware_20260525T043812535123Z.json
gpu,13,CERTIFIED,UNSAT,CERTIFIED,CERTIFIED,1.645,,False,,PASSED,,onnx/malware_malimg_family_scaled_linear-25.onnx,vnnlib/malbeware_family-Allaple.L_label-3_eps-2_idx-16.vnnlib,"[""UNSAT"",""UNSAT"",""UNSAT"",""UNSAT"",""UNSAT"",""UNSAT"",""UNSAT"",""UNSAT"",""UNSAT"",""UNSAT"",""UNSAT"",""UNSAT"",""UNSAT"",""UNSAT"",""UNSAT"",""UNSAT"",""UNSAT"",""UNSAT"",""UNSAT"",""UNSAT"",""UNSAT"",""UNSAT"",""UNSAT"",""UNSAT""]","[""CERTIFIED"",""CERTIFIED"",""CERTIFIED"",""CERTIFIED"",""CERTIFIED"",""CERTIFIED"",""CERTIFIED"",""CERTIFIED"",""CERTIFIED"",""CERTIFIED"",""CERTIFIED"",""CERTIFIED"",""CERTIFIED"",""CERTIFIED"",""CERTIFIED"",""CERTIFIED"",""CERTIFIED"",""CERTIFIED"",""CERTIFIED"",""CERTIFIED"",""CERTIFIED"",""CERTIFIED"",""CERTIFIED"",""CERTIFIED""]","[null,null,null,null,null,null,null,null,null,null,null,null,null,null,null,null,null,null,null,null,null,null,null,null]",,/data1/Kane/ACT/audit_results/r93_rerun_20260525T083118Z/malbeware_gpu_full150_cudafix_20260525/per_instance_malbeware_20260525T043812535123Z.json
gpu,130,CERTIFIED,UNSAT,CERTIFIED,CERTIFIED,29.53,,False,,PASSED,,onnx/malware_malimg_family_scaled_16-25.onnx,vnnlib/malbeware_family-Lolyda.AT_label-15_eps-1_idx-79.vnnlib,"[""UNSAT"",""UNSAT"",""UNSAT"",""UNSAT"",""UNSAT"",""UNSAT"",""UNSAT"",""UNSAT"",""UNSAT"",""UNSAT"",""UNSAT"",""UNSAT"",""UNSAT"",""UNSAT"",""UNSAT"",""UNSAT"",""UNSAT"",""UNSAT"",""UNSAT"",""UNSAT"",""UNSAT"",""UNSAT"",""UNSAT"",""UNSAT""]","[""CERTIFIED"",""CERTIFIED"",""CERTIFIED"",""CERTIFIED"",""CERTIFIED"",""CERTIFIED"",""CERTIFIED"",""CERTIFIED"",""CERTIFIED"",""CERTIFIED"",""CERTIFIED"",""CERTIFIED"",""CERTIFIED"",""CERTIFIED"",""CERTIFIED"",""CERTIFIED"",""CERTIFIED"",""CERTIFIED"",""CERTIFIED"",""CERTIFIED"",""CERTIFIED"",""CERTIFIED"",""CERTIFIED"",""CERTIFIED""]","[null,null,null,null,null,null,null,null,null,null,null,null,null,null,null,null,null,null,null,null,null,null,null,null]",,/data1/Kane/ACT/audit_results/r93_rerun_20260525T083118Z/malbeware_gpu_full150_cudafix_20260525/per_instance_malbeware_20260525T043812535123Z.json
gpu,131,CERTIFIED,UNSAT,CERTIFIED,CERTIFIED,29.849,,False,,PASSED,,onnx/malware_malimg_family_scaled_16-25.onnx,vnnlib/malbeware_family-VB.AT_label-22_eps-2_idx-112.vnnlib,"[""UNSAT"",""UNSAT"",""UNSAT"",""UNSAT"",""UNSAT"",""UNSAT"",""UNSAT"",""UNSAT"",""UNSAT"",""UNSAT"",""UNSAT"",""UNSAT"",""UNSAT"",""UNSAT"",""UNSAT"",""UNSAT"",""UNSAT"",""UNSAT"",""UNSAT"",""UNSAT"",""UNSAT"",""UNSAT"",""UNSAT"",""UNSAT""]","[""CERTIFIED"",""CERTIFIED"",""CERTIFIED"",""CERTIFIED"",""CERTIFIED"",""CERTIFIED"",""CERTIFIED"",""CERTIFIED"",""CERTIFIED"",""CERTIFIED"",""CERTIFIED"",""CERTIFIED"",""CERTIFIED"",""CERTIFIED"",""CERTIFIED"",""CERTIFIED"",""CERTIFIED"",""CERTIFIED"",""CERTIFIED"",""CERTIFIED"",""CERTIFIED"",""CERTIFIED"",""CERTIFIED"",""CERTIFIED""]","[null,null,null,null,null,null,null,null,null,null,null,null,null,null,null,null,null,null,null,null,null,null,null,null]",,/data1/Kane/ACT/audit_results/r93_rerun_20260525T083118Z/malbeware_gpu_full150_cudafix_20260525/per_instance_malbeware_20260525T043812535123Z.json
gpu,132,FALSIFIED,SAT,FALSIFIED,FALSIFIED,3.809,,False,,PASSED,,onnx/malware_malimg_family_scaled_16-25.onnx,vnnlib/malbeware_family-C2LOP.P_label-6_eps-2_idx-30.vnnlib,"[""UNSAT"",""UNSAT"",""SAT""]","[""CERTIFIED"",""CERTIFIED"",""FALSIFIED""]","[null,null,""/data1/Kane/ACT/audit_results/r93_rerun_20260525T083118Z/malbeware_gpu_full150_cudafix_20260525/malbeware_132_q2_hz_walker_lp_0.json""]",,/data1/Kane/ACT/audit_results/r93_rerun_20260525T083118Z/malbeware_gpu_full150_cudafix_20260525/per_instance_malbeware_20260525T043812535123Z.json
gpu,133,CERTIFIED,UNSAT,CERTIFIED,CERTIFIED,28.853,,False,,PASSED,,onnx/malware_malimg_family_scaled_16-25.onnx,vnnlib/malbeware_family-Instantaccess_label-11_eps-2_idx-57.vnnlib,"[""UNSAT"",""UNSAT"",""UNSAT"",""UNSAT"",""UNSAT"",""UNSAT"",""UNSAT"",""UNSAT"",""UNSAT"",""UNSAT"",""UNSAT"",""UNSAT"",""UNSAT"",""UNSAT"",""UNSAT"",""UNSAT"",""UNSAT"",""UNSAT"",""UNSAT"",""UNSAT"",""UNSAT"",""UNSAT"",""UNSAT"",""UNSAT""]","[""CERTIFIED"",""CERTIFIED"",""CERTIFIED"",""CERTIFIED"",""CERTIFIED"",""CERTIFIED"",""CERTIFIED"",""CERTIFIED"",""CERTIFIED"",""CERTIFIED"",""CERTIFIED"",""CERTIFIED"",""CERTIFIED"",""CERTIFIED"",""CERTIFIED"",""CERTIFIED"",""CERTIFIED"",""CERTIFIED"",""CERTIFIED"",""CERTIFIED"",""CERTIFIED"",""CERTIFIED"",""CERTIFIED"",""CERTIFIED""]","[null,null,null,null,null,null,null,null,null,null,null,null,null,null,null,null,null,null,null,null,null,null,null,null]",,/data1/Kane/ACT/audit_results/r93_rerun_20260525T083118Z/malbeware_gpu_full150_cudafix_20260525/per_instance_malbeware_20260525T043812535123Z.json
gpu,134,CERTIFIED,UNSAT,CERTIFIED,CERTIFIED,29.167,,False,,PASSED,,onnx/malware_malimg_family_scaled_16-25.onnx,vnnlib/malbeware_family-Dialplatform.B_label-8_eps-1_idx-40.vnnlib,"[""UNSAT"",""UNSAT"",""UNSAT"",""UNSAT"",""UNSAT"",""UNSAT"",""UNSAT"",""UNSAT"",""UNSAT"",""UNSAT"",""UNSAT"",""UNSAT"",""UNSAT"",""UNSAT"",""UNSAT"",""UNSAT"",""UNSAT"",""UNSAT"",""UNSAT"",""UNSAT"",""UNSAT"",""UNSAT"",""UNSAT"",""UNSAT""]","[""CERTIFIED"",""CERTIFIED"",""CERTIFIED"",""CERTIFIED"",""CERTIFIED"",""CERTIFIED"",""CERTIFIED"",""CERTIFIED"",""CERTIFIED"",""CERTIFIED"",""CERTIFIED"",""CERTIFIED"",""CERTIFIED"",""CERTIFIED"",""CERTIFIED"",""CERTIFIED"",""CERTIFIED"",""CERTIFIED"",""CERTIFIED"",""CERTIFIED"",""CERTIFIED"",""CERTIFIED"",""CERTIFIED"",""CERTIFIED""]","[null,null,null,null,null,null,null,null,null,null,null,null,null,null,null,null,null,null,null,null,null,null,null,null]",,/data1/Kane/ACT/audit_results/r93_rerun_20260525T083118Z/malbeware_gpu_full150_cudafix_20260525/per_instance_malbeware_20260525T043812535123Z.json
gpu,135,UNKNOWN,UNKNOWN,UNKNOWN,UNKNOWN,30.67,,False,,PASSED,,onnx/malware_malimg_family_scaled_16-25.onnx,vnnlib/malbeware_family-Malex.gen!J_label-16_eps-3_idx-82.vnnlib,"[""UNSAT"",""UNSAT"",""UNKNOWN"",""UNSAT"",""UNSAT"",""UNSAT"",""UNSAT"",""UNKNOWN"",""UNSAT"",""UNSAT"",""UNSAT"",""UNSAT"",""UNSAT"",""UNSAT"",""UNSAT"",""UNSAT"",""UNSAT"",""UNSAT"",""UNSAT"",""UNSAT"",""UNSAT"",""UNSAT"",""UNSAT"",""UNSAT""]","[""CERTIFIED"",""CERTIFIED"",""UNKNOWN"",""CERTIFIED"",""CERTIFIED"",""CERTIFIED"",""CERTIFIED"",""UNKNOWN"",""CERTIFIED"",""CERTIFIED"",""CERTIFIED"",""CERTIFIED"",""CERTIFIED"",""CERTIFIED"",""CERTIFIED"",""CERTIFIED"",""CERTIFIED"",""CERTIFIED"",""CERTIFIED"",""CERTIFIED"",""CERTIFIED"",""CERTIFIED"",""CERTIFIED"",""CERTIFIED""]","[null,null,null,null,null,null,null,null,null,null,null,null,null,null,null,null,null,null,null,null,null,null,null,null]",,/data1/Kane/ACT/audit_results/r93_rerun_20260525T083118Z/malbeware_gpu_full150_cudafix_20260525/per_instance_malbeware_20260525T043812535123Z.json
gpu,136,CERTIFIED,UNSAT,CERTIFIED,CERTIFIED,29.378,,False,,PASSED,,onnx/malware_malimg_family_scaled_16-25.onnx,vnnlib/malbeware_family-Autorun.K_label-5_eps-1_idx-27.vnnlib,"[""UNSAT"",""UNSAT"",""UNSAT"",""UNSAT"",""UNSAT"",""UNSAT"",""UNSAT"",""UNSAT"",""UNSAT"",""UNSAT"",""UNSAT"",""UNSAT"",""UNSAT"",""UNSAT"",""UNSAT"",""UNSAT"",""UNSAT"",""UNSAT"",""UNSAT"",""UNSAT"",""UNSAT"",""UNSAT"",""UNSAT"",""UNSAT""]","[""CERTIFIED"",""CERTIFIED"",""CERTIFIED"",""CERTIFIED"",""CERTIFIED"",""CERTIFIED"",""CERTIFIED"",""CERTIFIED"",""CERTIFIED"",""CERTIFIED"",""CERTIFIED"",""CERTIFIED"",""CERTIFIED"",""CERTIFIED"",""CERTIFIED"",""CERTIFIED"",""CERTIFIED"",""CERTIFIED"",""CERTIFIED"",""CERTIFIED"",""CERTIFIED"",""CERTIFIED"",""CERTIFIED"",""CERTIFIED""]","[null,null,null,null,null,null,null,null,null,null,null,null,null,null,null,null,null,null,null,null,null,null,null,null]",,/data1/Kane/ACT/audit_results/r93_rerun_20260525T083118Z/malbeware_gpu_full150_cudafix_20260525/per_instance_malbeware_20260525T043812535123Z.json
gpu,137,UNKNOWN,UNKNOWN,UNKNOWN,UNKNOWN,30.25,,False,,PASSED,,onnx/malware_malimg_family_scaled_16-25.onnx,vnnlib/malbeware_family-Allaple.L_label-3_eps-3_idx-16.vnnlib,"[""UNSAT"",""UNSAT"",""UNKNOWN"",""UNSAT"",""UNSAT"",""UNSAT"",""UNSAT"",""UNSAT"",""UNSAT"",""UNSAT"",""UNSAT"",""UNSAT"",""UNSAT"",""UNSAT"",""UNSAT"",""UNSAT"",""UNSAT"",""UNSAT"",""UNSAT"",""UNSAT"",""UNSAT"",""UNSAT"",""UNSAT"",""UNSAT""]","[""CERTIFIED"",""CERTIFIED"",""UNKNOWN"",""CERTIFIED"",""CERTIFIED"",""CERTIFIED"",""CERTIFIED"",""CERTIFIED"",""CERTIFIED"",""CERTIFIED"",""CERTIFIED"",""CERTIFIED"",""CERTIFIED"",""CERTIFIED"",""CERTIFIED"",""CERTIFIED"",""CERTIFIED"",""CERTIFIED"",""CERTIFIED"",""CERTIFIED"",""CERTIFIED"",""CERTIFIED"",""CERTIFIED"",""CERTIFIED""]","[null,null,null,null,null,null,null,null,null,null,null,null,null,null,null,null,null,null,null,null,null,null,null,null]",,/data1/Kane/ACT/audit_results/r93_rerun_20260525T083118Z/malbeware_gpu_full150_cudafix_20260525/per_instance_malbeware_20260525T043812535123Z.json
gpu,138,CERTIFIED,UNSAT,CERTIFIED,CERTIFIED,29.407,,False,,PASSED,,onnx/malware_malimg_family_scaled_16-25.onnx,vnnlib/malbeware_family-Allaple.L_label-3_eps-1_idx-18.vnnlib,"[""UNSAT"",""UNSAT"",""UNSAT"",""UNSAT"",""UNSAT"",""UNSAT"",""UNSAT"",""UNSAT"",""UNSAT"",""UNSAT"",""UNSAT"",""UNSAT"",""UNSAT"",""UNSAT"",""UNSAT"",""UNSAT"",""UNSAT"",""UNSAT"",""UNSAT"",""UNSAT"",""UNSAT"",""UNSAT"",""UNSAT"",""UNSAT""]","[""CERTIFIED"",""CERTIFIED"",""CERTIFIED"",""CERTIFIED"",""CERTIFIED"",""CERTIFIED"",""CERTIFIED"",""CERTIFIED"",""CERTIFIED"",""CERTIFIED"",""CERTIFIED"",""CERTIFIED"",""CERTIFIED"",""CERTIFIED"",""CERTIFIED"",""CERTIFIED"",""CERTIFIED"",""CERTIFIED"",""CERTIFIED"",""CERTIFIED"",""CERTIFIED"",""CERTIFIED"",""CERTIFIED"",""CERTIFIED""]","[null,null,null,null,null,null,null,null,null,null,null,null,null,null,null,null,null,null,null,null,null,null,null,null]",,/data1/Kane/ACT/audit_results/r93_rerun_20260525T083118Z/malbeware_gpu_full150_cudafix_20260525/per_instance_malbeware_20260525T043812535123Z.json
gpu,139,FALSIFIED,SAT,FALSIFIED,FALSIFIED,9.844,,False,,PASSED,,onnx/malware_malimg_family_scaled_16-25.onnx,vnnlib/malbeware_family-Swizzor.gen!E_label-20_eps-2_idx-104.vnnlib,"[""UNSAT"",""UNSAT"",""UNKNOWN"",""UNSAT"",""UNSAT"",""UNSAT"",""UNSAT"",""SAT""]","[""CERTIFIED"",""CERTIFIED"",""UNKNOWN"",""CERTIFIED"",""CERTIFIED"",""CERTIFIED"",""CERTIFIED"",""FALSIFIED""]","[null,null,null,null,null,null,null,""/data1/Kane/ACT/audit_results/r93_rerun_20260525T083118Z/malbeware_gpu_full150_cudafix_20260525/malbeware_139_q7_hz_walker_lp_0.json""]",,/data1/Kane/ACT/audit_results/r93_rerun_20260525T083118Z/malbeware_gpu_full150_cudafix_20260525/per_instance_malbeware_20260525T043812535123Z.json
gpu,14,CERTIFIED,UNSAT,CERTIFIED,CERTIFIED,1.756,,False,,PASSED,,onnx/malware_malimg_family_scaled_linear-25.onnx,vnnlib/malbeware_family-Adialer.C_label-0_eps-1_idx-4.vnnlib,"[""UNSAT"",""UNSAT"",""UNSAT"",""UNSAT"",""UNSAT"",""UNSAT"",""UNSAT"",""UNSAT"",""UNSAT"",""UNSAT"",""UNSAT"",""UNSAT"",""UNSAT"",""UNSAT"",""UNSAT"",""UNSAT"",""UNSAT"",""UNSAT"",""UNSAT"",""UNSAT"",""UNSAT"",""UNSAT"",""UNSAT"",""UNSAT""]","[""CERTIFIED"",""CERTIFIED"",""CERTIFIED"",""CERTIFIED"",""CERTIFIED"",""CERTIFIED"",""CERTIFIED"",""CERTIFIED"",""CERTIFIED"",""CERTIFIED"",""CERTIFIED"",""CERTIFIED"",""CERTIFIED"",""CERTIFIED"",""CERTIFIED"",""CERTIFIED"",""CERTIFIED"",""CERTIFIED"",""CERTIFIED"",""CERTIFIED"",""CERTIFIED"",""CERTIFIED"",""CERTIFIED"",""CERTIFIED""]","[null,null,null,null,null,null,null,null,null,null,null,null,null,null,null,null,null,null,null,null,null,null,null,null]",,/data1/Kane/ACT/audit_results/r93_rerun_20260525T083118Z/malbeware_gpu_full150_cudafix_20260525/per_instance_malbeware_20260525T043812535123Z.json
gpu,140,CERTIFIED,UNSAT,CERTIFIED,CERTIFIED,28.897,,False,,PASSED,,onnx/malware_malimg_family_scaled_16-25.onnx,vnnlib/malbeware_family-VB.AT_label-22_eps-3_idx-111.vnnlib,"[""UNSAT"",""UNSAT"",""UNSAT"",""UNSAT"",""UNSAT"",""UNSAT"",""UNSAT"",""UNSAT"",""UNSAT"",""UNSAT"",""UNSAT"",""UNSAT"",""UNSAT"",""UNSAT"",""UNSAT"",""UNSAT"",""UNSAT"",""UNSAT"",""UNSAT"",""UNSAT"",""UNSAT"",""UNSAT"",""UNSAT"",""UNSAT""]","[""CERTIFIED"",""CERTIFIED"",""CERTIFIED"",""CERTIFIED"",""CERTIFIED"",""CERTIFIED"",""CERTIFIED"",""CERTIFIED"",""CERTIFIED"",""CERTIFIED"",""CERTIFIED"",""CERTIFIED"",""CERTIFIED"",""CERTIFIED"",""CERTIFIED"",""CERTIFIED"",""CERTIFIED"",""CERTIFIED"",""CERTIFIED"",""CERTIFIED"",""CERTIFIED"",""CERTIFIED"",""CERTIFIED"",""CERTIFIED""]","[null,null,null,null,null,null,null,null,null,null,null,null,null,null,null,null,null,null,null,null,null,null,null,null]",,/data1/Kane/ACT/audit_results/r93_rerun_20260525T083118Z/malbeware_gpu_full150_cudafix_20260525/per_instance_malbeware_20260525T043812535123Z.json
gpu,141,CERTIFIED,UNSAT,CERTIFIED,CERTIFIED,29.371,,False,,PASSED,,onnx/malware_malimg_family_scaled_16-25.onnx,vnnlib/malbeware_family-Rbotigen_label-18_eps-2_idx-93.vnnlib,"[""UNSAT"",""UNSAT"",""UNSAT"",""UNSAT"",""UNSAT"",""UNSAT"",""UNSAT"",""UNSAT"",""UNSAT"",""UNSAT"",""UNSAT"",""UNSAT"",""UNSAT"",""UNSAT"",""UNSAT"",""UNSAT"",""UNSAT"",""UNSAT"",""UNSAT"",""UNSAT"",""UNSAT"",""UNSAT"",""UNSAT"",""UNSAT""]","[""CERTIFIED"",""CERTIFIED"",""CERTIFIED"",""CERTIFIED"",""CERTIFIED"",""CERTIFIED"",""CERTIFIED"",""CERTIFIED"",""CERTIFIED"",""CERTIFIED"",""CERTIFIED"",""CERTIFIED"",""CERTIFIED"",""CERTIFIED"",""CERTIFIED"",""CERTIFIED"",""CERTIFIED"",""CERTIFIED"",""CERTIFIED"",""CERTIFIED"",""CERTIFIED"",""CERTIFIED"",""CERTIFIED"",""CERTIFIED""]","[null,null,null,null,null,null,null,null,null,null,null,null,null,null,null,null,null,null,null,null,null,null,null,null]",,/data1/Kane/ACT/audit_results/r93_rerun_20260525T083118Z/malbeware_gpu_full150_cudafix_20260525/per_instance_malbeware_20260525T043812535123Z.json
gpu,142,CERTIFIED,UNSAT,CERTIFIED,CERTIFIED,29.41,,False,,PASSED,,onnx/malware_malimg_family_scaled_16-25.onnx,vnnlib/malbeware_family-Lolyda.AT_label-15_eps-2_idx-76.vnnlib,"[""UNSAT"",""UNSAT"",""UNSAT"",""UNSAT"",""UNSAT"",""UNSAT"",""UNSAT"",""UNSAT"",""UNSAT"",""UNSAT"",""UNSAT"",""UNSAT"",""UNSAT"",""UNSAT"",""UNSAT"",""UNSAT"",""UNSAT"",""UNSAT"",""UNSAT"",""UNSAT"",""UNSAT"",""UNSAT"",""UNSAT"",""UNSAT""]","[""CERTIFIED"",""CERTIFIED"",""CERTIFIED"",""CERTIFIED"",""CERTIFIED"",""CERTIFIED"",""CERTIFIED"",""CERTIFIED"",""CERTIFIED"",""CERTIFIED"",""CERTIFIED"",""CERTIFIED"",""CERTIFIED"",""CERTIFIED"",""CERTIFIED"",""CERTIFIED"",""CERTIFIED"",""CERTIFIED"",""CERTIFIED"",""CERTIFIED"",""CERTIFIED"",""CERTIFIED"",""CERTIFIED"",""CERTIFIED""]","[null,null,null,null,null,null,null,null,null,null,null,null,null,null,null,null,null,null,null,null,null,null,null,null]",,/data1/Kane/ACT/audit_results/r93_rerun_20260525T083118Z/malbeware_gpu_full150_cudafix_20260525/per_instance_malbeware_20260525T043812535123Z.json
gpu,143,FALSIFIED,SAT,FALSIFIED,FALSIFIED,5.18,,False,,PASSED,,onnx/malware_malimg_family_scaled_16-25.onnx,vnnlib/malbeware_family-C2LOP.P_label-6_eps-2_idx-31.vnnlib,"[""UNSAT"",""UNSAT"",""UNSAT"",""SAT""]","[""CERTIFIED"",""CERTIFIED"",""CERTIFIED"",""FALSIFIED""]","[null,null,null,""/data1/Kane/ACT/audit_results/r93_rerun_20260525T083118Z/malbeware_gpu_full150_cudafix_20260525/malbeware_143_q3_hz_walker_lp_0.json""]",,/data1/Kane/ACT/audit_results/r93_rerun_20260525T083118Z/malbeware_gpu_full150_cudafix_20260525/per_instance_malbeware_20260525T043812535123Z.json
gpu,144,FALSIFIED,SAT,FALSIFIED,FALSIFIED,3.921,,False,,PASSED,,onnx/malware_malimg_family_scaled_16-25.onnx,vnnlib/malbeware_family-Allaple.L_label-3_eps-2_idx-18.vnnlib,"[""UNSAT"",""UNSAT"",""SAT""]","[""CERTIFIED"",""CERTIFIED"",""FALSIFIED""]","[null,null,""/data1/Kane/ACT/audit_results/r93_rerun_20260525T083118Z/malbeware_gpu_full150_cudafix_20260525/malbeware_144_q2_hz_walker_lp_0.json""]",,/data1/Kane/ACT/audit_results/r93_rerun_20260525T083118Z/malbeware_gpu_full150_cudafix_20260525/per_instance_malbeware_20260525T043812535123Z.json
gpu,145,CERTIFIED,UNSAT,CERTIFIED,CERTIFIED,29.124,,False,,PASSED,,onnx/malware_malimg_family_scaled_16-25.onnx,vnnlib/malbeware_family-Autorun.K_label-5_eps-1_idx-28.vnnlib,"[""UNSAT"",""UNSAT"",""UNSAT"",""UNSAT"",""UNSAT"",""UNSAT"",""UNSAT"",""UNSAT"",""UNSAT"",""UNSAT"",""UNSAT"",""UNSAT"",""UNSAT"",""UNSAT"",""UNSAT"",""UNSAT"",""UNSAT"",""UNSAT"",""UNSAT"",""UNSAT"",""UNSAT"",""UNSAT"",""UNSAT"",""UNSAT""]","[""CERTIFIED"",""CERTIFIED"",""CERTIFIED"",""CERTIFIED"",""CERTIFIED"",""CERTIFIED"",""CERTIFIED"",""CERTIFIED"",""CERTIFIED"",""CERTIFIED"",""CERTIFIED"",""CERTIFIED"",""CERTIFIED"",""CERTIFIED"",""CERTIFIED"",""CERTIFIED"",""CERTIFIED"",""CERTIFIED"",""CERTIFIED"",""CERTIFIED"",""CERTIFIED"",""CERTIFIED"",""CERTIFIED"",""CERTIFIED""]","[null,null,null,null,null,null,null,null,null,null,null,null,null,null,null,null,null,null,null,null,null,null,null,null]",,/data1/Kane/ACT/audit_results/r93_rerun_20260525T083118Z/malbeware_gpu_full150_cudafix_20260525/per_instance_malbeware_20260525T043812535123Z.json
gpu,146,CERTIFIED,UNSAT,CERTIFIED,CERTIFIED,30.276,,False,,PASSED,,onnx/malware_malimg_family_scaled_16-25.onnx,vnnlib/malbeware_family-Allaple.A_label-2_eps-2_idx-13.vnnlib,"[""UNSAT"",""UNSAT"",""UNSAT"",""UNSAT"",""UNSAT"",""UNSAT"",""UNSAT"",""UNSAT"",""UNSAT"",""UNSAT"",""UNSAT"",""UNSAT"",""UNSAT"",""UNSAT"",""UNSAT"",""UNSAT"",""UNSAT"",""UNSAT"",""UNSAT"",""UNSAT"",""UNSAT"",""UNSAT"",""UNSAT"",""UNSAT""]","[""CERTIFIED"",""CERTIFIED"",""CERTIFIED"",""CERTIFIED"",""CERTIFIED"",""CERTIFIED"",""CERTIFIED"",""CERTIFIED"",""CERTIFIED"",""CERTIFIED"",""CERTIFIED"",""CERTIFIED"",""CERTIFIED"",""CERTIFIED"",""CERTIFIED"",""CERTIFIED"",""CERTIFIED"",""CERTIFIED"",""CERTIFIED"",""CERTIFIED"",""CERTIFIED"",""CERTIFIED"",""CERTIFIED"",""CERTIFIED""]","[null,null,null,null,null,null,null,null,null,null,null,null,null,null,null,null,null,null,null,null,null,null,null,null]",,/data1/Kane/ACT/audit_results/r93_rerun_20260525T083118Z/malbeware_gpu_full150_cudafix_20260525/per_instance_malbeware_20260525T043812535123Z.json
gpu,147,CERTIFIED,UNSAT,CERTIFIED,CERTIFIED,29.258,,False,,PASSED,,onnx/malware_malimg_family_scaled_16-25.onnx,vnnlib/malbeware_family-Alueron.gen!J_label-4_eps-1_idx-23.vnnlib,"[""UNSAT"",""UNSAT"",""UNSAT"",""UNSAT"",""UNSAT"",""UNSAT"",""UNSAT"",""UNSAT"",""UNSAT"",""UNSAT"",""UNSAT"",""UNSAT"",""UNSAT"",""UNSAT"",""UNSAT"",""UNSAT"",""UNSAT"",""UNSAT"",""UNSAT"",""UNSAT"",""UNSAT"",""UNSAT"",""UNSAT"",""UNSAT""]","[""CERTIFIED"",""CERTIFIED"",""CERTIFIED"",""CERTIFIED"",""CERTIFIED"",""CERTIFIED"",""CERTIFIED"",""CERTIFIED"",""CERTIFIED"",""CERTIFIED"",""CERTIFIED"",""CERTIFIED"",""CERTIFIED"",""CERTIFIED"",""CERTIFIED"",""CERTIFIED"",""CERTIFIED"",""CERTIFIED"",""CERTIFIED"",""CERTIFIED"",""CERTIFIED"",""CERTIFIED"",""CERTIFIED"",""CERTIFIED""]","[null,null,null,null,null,null,null,null,null,null,null,null,null,null,null,null,null,null,null,null,null,null,null,null]",,/data1/Kane/ACT/audit_results/r93_rerun_20260525T083118Z/malbeware_gpu_full150_cudafix_20260525/per_instance_malbeware_20260525T043812535123Z.json
gpu,148,CERTIFIED,UNSAT,CERTIFIED,CERTIFIED,29.0,,False,,PASSED,,onnx/malware_malimg_family_scaled_16-25.onnx,vnnlib/malbeware_family-Dialplatform.B_label-8_eps-2_idx-43.vnnlib,"[""UNSAT"",""UNSAT"",""UNSAT"",""UNSAT"",""UNSAT"",""UNSAT"",""UNSAT"",""UNSAT"",""UNSAT"",""UNSAT"",""UNSAT"",""UNSAT"",""UNSAT"",""UNSAT"",""UNSAT"",""UNSAT"",""UNSAT"",""UNSAT"",""UNSAT"",""UNSAT"",""UNSAT"",""UNSAT"",""UNSAT"",""UNSAT""]","[""CERTIFIED"",""CERTIFIED"",""CERTIFIED"",""CERTIFIED"",""CERTIFIED"",""CERTIFIED"",""CERTIFIED"",""CERTIFIED"",""CERTIFIED"",""CERTIFIED"",""CERTIFIED"",""CERTIFIED"",""CERTIFIED"",""CERTIFIED"",""CERTIFIED"",""CERTIFIED"",""CERTIFIED"",""CERTIFIED"",""CERTIFIED"",""CERTIFIED"",""CERTIFIED"",""CERTIFIED"",""CERTIFIED"",""CERTIFIED""]","[null,null,null,null,null,null,null,null,null,null,null,null,null,null,null,null,null,null,null,null,null,null,null,null]",,/data1/Kane/ACT/audit_results/r93_rerun_20260525T083118Z/malbeware_gpu_full150_cudafix_20260525/per_instance_malbeware_20260525T043812535123Z.json
gpu,149,CERTIFIED,UNSAT,CERTIFIED,CERTIFIED,29.963,,False,,PASSED,,onnx/malware_malimg_family_scaled_16-25.onnx,vnnlib/malbeware_family-Instantaccess_label-11_eps-2_idx-55.vnnlib,"[""UNSAT"",""UNSAT"",""UNSAT"",""UNSAT"",""UNSAT"",""UNSAT"",""UNSAT"",""UNSAT"",""UNSAT"",""UNSAT"",""UNSAT"",""UNSAT"",""UNSAT"",""UNSAT"",""UNSAT"",""UNSAT"",""UNSAT"",""UNSAT"",""UNSAT"",""UNSAT"",""UNSAT"",""UNSAT"",""UNSAT"",""UNSAT""]","[""CERTIFIED"",""CERTIFIED"",""CERTIFIED"",""CERTIFIED"",""CERTIFIED"",""CERTIFIED"",""CERTIFIED"",""CERTIFIED"",""CERTIFIED"",""CERTIFIED"",""CERTIFIED"",""CERTIFIED"",""CERTIFIED"",""CERTIFIED"",""CERTIFIED"",""CERTIFIED"",""CERTIFIED"",""CERTIFIED"",""CERTIFIED"",""CERTIFIED"",""CERTIFIED"",""CERTIFIED"",""CERTIFIED"",""CERTIFIED""]","[null,null,null,null,null,null,null,null,null,null,null,null,null,null,null,null,null,null,null,null,null,null,null,null]",,/data1/Kane/ACT/audit_results/r93_rerun_20260525T083118Z/malbeware_gpu_full150_cudafix_20260525/per_instance_malbeware_20260525T043812535123Z.json
gpu,15,CERTIFIED,UNSAT,CERTIFIED,CERTIFIED,1.659,,False,,PASSED,,onnx/malware_malimg_family_scaled_linear-25.onnx,vnnlib/malbeware_family-Wintrim.BX_label-23_eps-3_idx-119.vnnlib,"[""UNSAT"",""UNSAT"",""UNSAT"",""UNSAT"",""UNSAT"",""UNSAT"",""UNSAT"",""UNSAT"",""UNSAT"",""UNSAT"",""UNSAT"",""UNSAT"",""UNSAT"",""UNSAT"",""UNSAT"",""UNSAT"",""UNSAT"",""UNSAT"",""UNSAT"",""UNSAT"",""UNSAT"",""UNSAT"",""UNSAT"",""UNSAT""]","[""CERTIFIED"",""CERTIFIED"",""CERTIFIED"",""CERTIFIED"",""CERTIFIED"",""CERTIFIED"",""CERTIFIED"",""CERTIFIED"",""CERTIFIED"",""CERTIFIED"",""CERTIFIED"",""CERTIFIED"",""CERTIFIED"",""CERTIFIED"",""CERTIFIED"",""CERTIFIED"",""CERTIFIED"",""CERTIFIED"",""CERTIFIED"",""CERTIFIED"",""CERTIFIED"",""CERTIFIED"",""CERTIFIED"",""CERTIFIED""]","[null,null,null,null,null,null,null,null,null,null,null,null,null,null,null,null,null,null,null,null,null,null,null,null]",,/data1/Kane/ACT/audit_results/r93_rerun_20260525T083118Z/malbeware_gpu_full150_cudafix_20260525/per_instance_malbeware_20260525T043812535123Z.json
gpu,16,CERTIFIED,UNSAT,CERTIFIED,CERTIFIED,1.79,,False,,PASSED,,onnx/malware_malimg_family_scaled_linear-25.onnx,vnnlib/malbeware_family-Rbotigen_label-18_eps-2_idx-94.vnnlib,"[""UNSAT"",""UNSAT"",""UNSAT"",""UNSAT"",""UNSAT"",""UNSAT"",""UNSAT"",""UNSAT"",""UNSAT"",""UNSAT"",""UNSAT"",""UNSAT"",""UNSAT"",""UNSAT"",""UNSAT"",""UNSAT"",""UNSAT"",""UNSAT"",""UNSAT"",""UNSAT"",""UNSAT"",""UNSAT"",""UNSAT"",""UNSAT""]","[""CERTIFIED"",""CERTIFIED"",""CERTIFIED"",""CERTIFIED"",""CERTIFIED"",""CERTIFIED"",""CERTIFIED"",""CERTIFIED"",""CERTIFIED"",""CERTIFIED"",""CERTIFIED"",""CERTIFIED"",""CERTIFIED"",""CERTIFIED"",""CERTIFIED"",""CERTIFIED"",""CERTIFIED"",""CERTIFIED"",""CERTIFIED"",""CERTIFIED"",""CERTIFIED"",""CERTIFIED"",""CERTIFIED"",""CERTIFIED""]","[null,null,null,null,null,null,null,null,null,null,null,null,null,null,null,null,null,null,null,null,null,null,null,null]",,/data1/Kane/ACT/audit_results/r93_rerun_20260525T083118Z/malbeware_gpu_full150_cudafix_20260525/per_instance_malbeware_20260525T043812535123Z.json
gpu,17,CERTIFIED,UNSAT,CERTIFIED,CERTIFIED,1.646,,False,,PASSED,,onnx/malware_malimg_family_scaled_linear-25.onnx,vnnlib/malbeware_family-Obfuscator.AD_label-17_eps-2_idx-87.vnnlib,"[""UNSAT"",""UNSAT"",""UNSAT"",""UNSAT"",""UNSAT"",""UNSAT"",""UNSAT"",""UNSAT"",""UNSAT"",""UNSAT"",""UNSAT"",""UNSAT"",""UNSAT"",""UNSAT"",""UNSAT"",""UNSAT"",""UNSAT"",""UNSAT"",""UNSAT"",""UNSAT"",""UNSAT"",""UNSAT"",""UNSAT"",""UNSAT""]","[""CERTIFIED"",""CERTIFIED"",""CERTIFIED"",""CERTIFIED"",""CERTIFIED"",""CERTIFIED"",""CERTIFIED"",""CERTIFIED"",""CERTIFIED"",""CERTIFIED"",""CERTIFIED"",""CERTIFIED"",""CERTIFIED"",""CERTIFIED"",""CERTIFIED"",""CERTIFIED"",""CERTIFIED"",""CERTIFIED"",""CERTIFIED"",""CERTIFIED"",""CERTIFIED"",""CERTIFIED"",""CERTIFIED"",""CERTIFIED""]","[null,null,null,null,null,null,null,null,null,null,null,null,null,null,null,null,null,null,null,null,null,null,null,null]",,/data1/Kane/ACT/audit_results/r93_rerun_20260525T083118Z/malbeware_gpu_full150_cudafix_20260525/per_instance_malbeware_20260525T043812535123Z.json
gpu,18,CERTIFIED,UNSAT,CERTIFIED,CERTIFIED,1.766,,False,,PASSED,,onnx/malware_malimg_family_scaled_linear-25.onnx,vnnlib/malbeware_family-Lolyda.AA3_label-14_eps-1_idx-71.vnnlib,"[""UNSAT"",""UNSAT"",""UNSAT"",""UNSAT"",""UNSAT"",""UNSAT"",""UNSAT"",""UNSAT"",""UNSAT"",""UNSAT"",""UNSAT"",""UNSAT"",""UNSAT"",""UNSAT"",""UNSAT"",""UNSAT"",""UNSAT"",""UNSAT"",""UNSAT"",""UNSAT"",""UNSAT"",""UNSAT"",""UNSAT"",""UNSAT""]","[""CERTIFIED"",""CERTIFIED"",""CERTIFIED"",""CERTIFIED"",""CERTIFIED"",""CERTIFIED"",""CERTIFIED"",""CERTIFIED"",""CERTIFIED"",""CERTIFIED"",""CERTIFIED"",""CERTIFIED"",""CERTIFIED"",""CERTIFIED"",""CERTIFIED"",""CERTIFIED"",""CERTIFIED"",""CERTIFIED"",""CERTIFIED"",""CERTIFIED"",""CERTIFIED"",""CERTIFIED"",""CERTIFIED"",""CERTIFIED""]","[null,null,null,null,null,null,null,null,null,null,null,null,null,null,null,null,null,null,null,null,null,null,null,null]",,/data1/Kane/ACT/audit_results/r93_rerun_20260525T083118Z/malbeware_gpu_full150_cudafix_20260525/per_instance_malbeware_20260525T043812535123Z.json
gpu,19,CERTIFIED,UNSAT,CERTIFIED,CERTIFIED,1.684,,False,,PASSED,,onnx/malware_malimg_family_scaled_linear-25.onnx,vnnlib/malbeware_family-Malex.gen!J_label-16_eps-1_idx-84.vnnlib,"[""UNSAT"",""UNSAT"",""UNSAT"",""UNSAT"",""UNSAT"",""UNSAT"",""UNSAT"",""UNSAT"",""UNSAT"",""UNSAT"",""UNSAT"",""UNSAT"",""UNSAT"",""UNSAT"",""UNSAT"",""UNSAT"",""UNSAT"",""UNSAT"",""UNSAT"",""UNSAT"",""UNSAT"",""UNSAT"",""UNSAT"",""UNSAT""]","[""CERTIFIED"",""CERTIFIED"",""CERTIFIED"",""CERTIFIED"",""CERTIFIED"",""CERTIFIED"",""CERTIFIED"",""CERTIFIED"",""CERTIFIED"",""CERTIFIED"",""CERTIFIED"",""CERTIFIED"",""CERTIFIED"",""CERTIFIED"",""CERTIFIED"",""CERTIFIED"",""CERTIFIED"",""CERTIFIED"",""CERTIFIED"",""CERTIFIED"",""CERTIFIED"",""CERTIFIED"",""CERTIFIED"",""CERTIFIED""]","[null,null,null,null,null,null,null,null,null,null,null,null,null,null,null,null,null,null,null,null,null,null,null,null]",,/data1/Kane/ACT/audit_results/r93_rerun_20260525T083118Z/malbeware_gpu_full150_cudafix_20260525/per_instance_malbeware_20260525T043812535123Z.json
gpu,2,CERTIFIED,UNSAT,CERTIFIED,CERTIFIED,1.774,,False,,PASSED,,onnx/malware_malimg_family_scaled_linear-25.onnx,vnnlib/malbeware_family-Allaple.A_label-2_eps-3_idx-11.vnnlib,"[""UNSAT"",""UNSAT"",""UNSAT"",""UNSAT"",""UNSAT"",""UNSAT"",""UNSAT"",""UNSAT"",""UNSAT"",""UNSAT"",""UNSAT"",""UNSAT"",""UNSAT"",""UNSAT"",""UNSAT"",""UNSAT"",""UNSAT"",""UNSAT"",""UNSAT"",""UNSAT"",""UNSAT"",""UNSAT"",""UNSAT"",""UNSAT""]","[""CERTIFIED"",""CERTIFIED"",""CERTIFIED"",""CERTIFIED"",""CERTIFIED"",""CERTIFIED"",""CERTIFIED"",""CERTIFIED"",""CERTIFIED"",""CERTIFIED"",""CERTIFIED"",""CERTIFIED"",""CERTIFIED"",""CERTIFIED"",""CERTIFIED"",""CERTIFIED"",""CERTIFIED"",""CERTIFIED"",""CERTIFIED"",""CERTIFIED"",""CERTIFIED"",""CERTIFIED"",""CERTIFIED"",""CERTIFIED""]","[null,null,null,null,null,null,null,null,null,null,null,null,null,null,null,null,null,null,null,null,null,null,null,null]",,/data1/Kane/ACT/audit_results/r93_rerun_20260525T083118Z/malbeware_gpu_full150_cudafix_20260525/per_instance_malbeware_20260525T043812535123Z.json
gpu,20,CERTIFIED,UNSAT,CERTIFIED,CERTIFIED,1.696,,False,,PASSED,,onnx/malware_malimg_family_scaled_linear-25.onnx,vnnlib/malbeware_family-Dontovo.A_label-9_eps-1_idx-48.vnnlib,"[""UNSAT"",""UNSAT"",""UNSAT"",""UNSAT"",""UNSAT"",""UNSAT"",""UNSAT"",""UNSAT"",""UNSAT"",""UNSAT"",""UNSAT"",""UNSAT"",""UNSAT"",""UNSAT"",""UNSAT"",""UNSAT"",""UNSAT"",""UNSAT"",""UNSAT"",""UNSAT"",""UNSAT"",""UNSAT"",""UNSAT"",""UNSAT""]","[""CERTIFIED"",""CERTIFIED"",""CERTIFIED"",""CERTIFIED"",""CERTIFIED"",""CERTIFIED"",""CERTIFIED"",""CERTIFIED"",""CERTIFIED"",""CERTIFIED"",""CERTIFIED"",""CERTIFIED"",""CERTIFIED"",""CERTIFIED"",""CERTIFIED"",""CERTIFIED"",""CERTIFIED"",""CERTIFIED"",""CERTIFIED"",""CERTIFIED"",""CERTIFIED"",""CERTIFIED"",""CERTIFIED"",""CERTIFIED""]","[null,null,null,null,null,null,null,null,null,null,null,null,null,null,null,null,null,null,null,null,null,null,null,null]",,/data1/Kane/ACT/audit_results/r93_rerun_20260525T083118Z/malbeware_gpu_full150_cudafix_20260525/per_instance_malbeware_20260525T043812535123Z.json
gpu,21,FALSIFIED,SAT,FALSIFIED,FALSIFIED,1.606,,False,,PASSED,,onnx/malware_malimg_family_scaled_linear-25.onnx,vnnlib/malbeware_family-Swizzor.gen!E_label-20_eps-3_idx-100.vnnlib,"[""UNSAT"",""UNSAT"",""UNSAT"",""UNSAT"",""UNSAT"",""UNSAT"",""UNSAT"",""UNSAT"",""UNSAT"",""UNSAT"",""UNSAT"",""UNSAT"",""UNSAT"",""UNSAT"",""UNSAT"",""UNSAT"",""UNSAT"",""UNSAT"",""UNSAT"",""UNSAT"",""SAT""]","[""CERTIFIED"",""CERTIFIED"",""CERTIFIED"",""CERTIFIED"",""CERTIFIED"",""CERTIFIED"",""CERTIFIED"",""CERTIFIED"",""CERTIFIED"",""CERTIFIED"",""CERTIFIED"",""CERTIFIED"",""CERTIFIED"",""CERTIFIED"",""CERTIFIED"",""CERTIFIED"",""CERTIFIED"",""CERTIFIED"",""CERTIFIED"",""CERTIFIED"",""FALSIFIED""]","[null,null,null,null,null,null,null,null,null,null,null,null,null,null,null,null,null,null,null,null,""/data1/Kane/ACT/audit_results/r93_rerun_20260525T083118Z/malbeware_gpu_full150_cudafix_20260525/malbeware_21_q20_hz_walker_lp_0.json""]",,/data1/Kane/ACT/audit_results/r93_rerun_20260525T083118Z/malbeware_gpu_full150_cudafix_20260525/per_instance_malbeware_20260525T043812535123Z.json
gpu,22,CERTIFIED,UNSAT,CERTIFIED,CERTIFIED,1.668,,False,,PASSED,,onnx/malware_malimg_family_scaled_linear-25.onnx,vnnlib/malbeware_family-Wintrim.BX_label-23_eps-2_idx-117.vnnlib,"[""UNSAT"",""UNSAT"",""UNSAT"",""UNSAT"",""UNSAT"",""UNSAT"",""UNSAT"",""UNSAT"",""UNSAT"",""UNSAT"",""UNSAT"",""UNSAT"",""UNSAT"",""UNSAT"",""UNSAT"",""UNSAT"",""UNSAT"",""UNSAT"",""UNSAT"",""UNSAT"",""UNSAT"",""UNSAT"",""UNSAT"",""UNSAT""]","[""CERTIFIED"",""CERTIFIED"",""CERTIFIED"",""CERTIFIED"",""CERTIFIED"",""CERTIFIED"",""CERTIFIED"",""CERTIFIED"",""CERTIFIED"",""CERTIFIED"",""CERTIFIED"",""CERTIFIED"",""CERTIFIED"",""CERTIFIED"",""CERTIFIED"",""CERTIFIED"",""CERTIFIED"",""CERTIFIED"",""CERTIFIED"",""CERTIFIED"",""CERTIFIED"",""CERTIFIED"",""CERTIFIED"",""CERTIFIED""]","[null,null,null,null,null,null,null,null,null,null,null,null,null,null,null,null,null,null,null,null,null,null,null,null]",,/data1/Kane/ACT/audit_results/r93_rerun_20260525T083118Z/malbeware_gpu_full150_cudafix_20260525/per_instance_malbeware_20260525T043812535123Z.json
gpu,23,CERTIFIED,UNSAT,CERTIFIED,CERTIFIED,1.705,,False,,PASSED,,onnx/malware_malimg_family_scaled_linear-25.onnx,vnnlib/malbeware_family-Autorun.K_label-5_eps-1_idx-25.vnnlib,"[""UNSAT"",""UNSAT"",""UNSAT"",""UNSAT"",""UNSAT"",""UNSAT"",""UNSAT"",""UNSAT"",""UNSAT"",""UNSAT"",""UNSAT"",""UNSAT"",""UNSAT"",""UNSAT"",""UNSAT"",""UNSAT"",""UNSAT"",""UNSAT"",""UNSAT"",""UNSAT"",""UNSAT"",""UNSAT"",""UNSAT"",""UNSAT""]","[""CERTIFIED"",""CERTIFIED"",""CERTIFIED"",""CERTIFIED"",""CERTIFIED"",""CERTIFIED"",""CERTIFIED"",""CERTIFIED"",""CERTIFIED"",""CERTIFIED"",""CERTIFIED"",""CERTIFIED"",""CERTIFIED"",""CERTIFIED"",""CERTIFIED"",""CERTIFIED"",""CERTIFIED"",""CERTIFIED"",""CERTIFIED"",""CERTIFIED"",""CERTIFIED"",""CERTIFIED"",""CERTIFIED"",""CERTIFIED""]","[null,null,null,null,null,null,null,null,null,null,null,null,null,null,null,null,null,null,null,null,null,null,null,null]",,/data1/Kane/ACT/audit_results/r93_rerun_20260525T083118Z/malbeware_gpu_full150_cudafix_20260525/per_instance_malbeware_20260525T043812535123Z.json
gpu,24,CERTIFIED,UNSAT,CERTIFIED,CERTIFIED,1.616,,False,,PASSED,,onnx/malware_malimg_family_scaled_linear-25.onnx,vnnlib/malbeware_family-Lolyda.AA3_label-14_eps-3_idx-71.vnnlib,"[""UNSAT"",""UNSAT"",""UNSAT"",""UNSAT"",""UNSAT"",""UNSAT"",""UNSAT"",""UNSAT"",""UNSAT"",""UNSAT"",""UNSAT"",""UNSAT"",""UNSAT"",""UNSAT"",""UNSAT"",""UNSAT"",""UNSAT"",""UNSAT"",""UNSAT"",""UNSAT"",""UNSAT"",""UNSAT"",""UNSAT"",""UNSAT""]","[""CERTIFIED"",""CERTIFIED"",""CERTIFIED"",""CERTIFIED"",""CERTIFIED"",""CERTIFIED"",""CERTIFIED"",""CERTIFIED"",""CERTIFIED"",""CERTIFIED"",""CERTIFIED"",""CERTIFIED"",""CERTIFIED"",""CERTIFIED"",""CERTIFIED"",""CERTIFIED"",""CERTIFIED"",""CERTIFIED"",""CERTIFIED"",""CERTIFIED"",""CERTIFIED"",""CERTIFIED"",""CERTIFIED"",""CERTIFIED""]","[null,null,null,null,null,null,null,null,null,null,null,null,null,null,null,null,null,null,null,null,null,null,null,null]",,/data1/Kane/ACT/audit_results/r93_rerun_20260525T083118Z/malbeware_gpu_full150_cudafix_20260525/per_instance_malbeware_20260525T043812535123Z.json
gpu,25,CERTIFIED,UNSAT,CERTIFIED,CERTIFIED,1.689,,False,,PASSED,,onnx/malware_malimg_family_scaled_linear-25.onnx,vnnlib/malbeware_family-Agent.FYI_label-1_eps-3_idx-8.vnnlib,"[""UNSAT"",""UNSAT"",""UNSAT"",""UNSAT"",""UNSAT"",""UNSAT"",""UNSAT"",""UNSAT"",""UNSAT"",""UNSAT"",""UNSAT"",""UNSAT"",""UNSAT"",""UNSAT"",""UNSAT"",""UNSAT"",""UNSAT"",""UNSAT"",""UNSAT"",""UNSAT"",""UNSAT"",""UNSAT"",""UNSAT"",""UNSAT""]","[""CERTIFIED"",""CERTIFIED"",""CERTIFIED"",""CERTIFIED"",""CERTIFIED"",""CERTIFIED"",""CERTIFIED"",""CERTIFIED"",""CERTIFIED"",""CERTIFIED"",""CERTIFIED"",""CERTIFIED"",""CERTIFIED"",""CERTIFIED"",""CERTIFIED"",""CERTIFIED"",""CERTIFIED"",""CERTIFIED"",""CERTIFIED"",""CERTIFIED"",""CERTIFIED"",""CERTIFIED"",""CERTIFIED"",""CERTIFIED""]","[null,null,null,null,null,null,null,null,null,null,null,null,null,null,null,null,null,null,null,null,null,null,null,null]",,/data1/Kane/ACT/audit_results/r93_rerun_20260525T083118Z/malbeware_gpu_full150_cudafix_20260525/per_instance_malbeware_20260525T043812535123Z.json
gpu,26,CERTIFIED,UNSAT,CERTIFIED,CERTIFIED,1.648,,False,,PASSED,,onnx/malware_malimg_family_scaled_linear-25.onnx,vnnlib/malbeware_family-Allaple.A_label-2_eps-3_idx-12.vnnlib,"[""UNSAT"",""UNSAT"",""UNSAT"",""UNSAT"",""UNSAT"",""UNSAT"",""UNSAT"",""UNSAT"",""UNSAT"",""UNSAT"",""UNSAT"",""UNSAT"",""UNSAT"",""UNSAT"",""UNSAT"",""UNSAT"",""UNSAT"",""UNSAT"",""UNSAT"",""UNSAT"",""UNSAT"",""UNSAT"",""UNSAT"",""UNSAT""]","[""CERTIFIED"",""CERTIFIED"",""CERTIFIED"",""CERTIFIED"",""CERTIFIED"",""CERTIFIED"",""CERTIFIED"",""CERTIFIED"",""CERTIFIED"",""CERTIFIED"",""CERTIFIED"",""CERTIFIED"",""CERTIFIED"",""CERTIFIED"",""CERTIFIED"",""CERTIFIED"",""CERTIFIED"",""CERTIFIED"",""CERTIFIED"",""CERTIFIED"",""CERTIFIED"",""CERTIFIED"",""CERTIFIED"",""CERTIFIED""]","[null,null,null,null,null,null,null,null,null,null,null,null,null,null,null,null,null,null,null,null,null,null,null,null]",,/data1/Kane/ACT/audit_results/r93_rerun_20260525T083118Z/malbeware_gpu_full150_cudafix_20260525/per_instance_malbeware_20260525T043812535123Z.json
gpu,27,CERTIFIED,UNSAT,CERTIFIED,CERTIFIED,1.737,,False,,PASSED,,onnx/malware_malimg_family_scaled_linear-25.onnx,vnnlib/malbeware_family-Lolyda.AA2_label-13_eps-2_idx-68.vnnlib,"[""UNSAT"",""UNSAT"",""UNSAT"",""UNSAT"",""UNSAT"",""UNSAT"",""UNSAT"",""UNSAT"",""UNSAT"",""UNSAT"",""UNSAT"",""UNSAT"",""UNSAT"",""UNSAT"",""UNSAT"",""UNSAT"",""UNSAT"",""UNSAT"",""UNSAT"",""UNSAT"",""UNSAT"",""UNSAT"",""UNSAT"",""UNSAT""]","[""CERTIFIED"",""CERTIFIED"",""CERTIFIED"",""CERTIFIED"",""CERTIFIED"",""CERTIFIED"",""CERTIFIED"",""CERTIFIED"",""CERTIFIED"",""CERTIFIED"",""CERTIFIED"",""CERTIFIED"",""CERTIFIED"",""CERTIFIED"",""CERTIFIED"",""CERTIFIED"",""CERTIFIED"",""CERTIFIED"",""CERTIFIED"",""CERTIFIED"",""CERTIFIED"",""CERTIFIED"",""CERTIFIED"",""CERTIFIED""]","[null,null,null,null,null,null,null,null,null,null,null,null,null,null,null,null,null,null,null,null,null,null,null,null]",,/data1/Kane/ACT/audit_results/r93_rerun_20260525T083118Z/malbeware_gpu_full150_cudafix_20260525/per_instance_malbeware_20260525T043812535123Z.json
gpu,28,CERTIFIED,UNSAT,CERTIFIED,CERTIFIED,1.688,,False,,PASSED,,onnx/malware_malimg_family_scaled_linear-25.onnx,vnnlib/malbeware_family-Lolyda.AA2_label-13_eps-1_idx-66.vnnlib,"[""UNSAT"",""UNSAT"",""UNSAT"",""UNSAT"",""UNSAT"",""UNSAT"",""UNSAT"",""UNSAT"",""UNSAT"",""UNSAT"",""UNSAT"",""UNSAT"",""UNSAT"",""UNSAT"",""UNSAT"",""UNSAT"",""UNSAT"",""UNSAT"",""UNSAT"",""UNSAT"",""UNSAT"",""UNSAT"",""UNSAT"",""UNSAT""]","[""CERTIFIED"",""CERTIFIED"",""CERTIFIED"",""CERTIFIED"",""CERTIFIED"",""CERTIFIED"",""CERTIFIED"",""CERTIFIED"",""CERTIFIED"",""CERTIFIED"",""CERTIFIED"",""CERTIFIED"",""CERTIFIED"",""CERTIFIED"",""CERTIFIED"",""CERTIFIED"",""CERTIFIED"",""CERTIFIED"",""CERTIFIED"",""CERTIFIED"",""CERTIFIED"",""CERTIFIED"",""CERTIFIED"",""CERTIFIED""]","[null,null,null,null,null,null,null,null,null,null,null,null,null,null,null,null,null,null,null,null,null,null,null,null]",,/data1/Kane/ACT/audit_results/r93_rerun_20260525T083118Z/malbeware_gpu_full150_cudafix_20260525/per_instance_malbeware_20260525T043812535123Z.json
gpu,29,CERTIFIED,UNSAT,CERTIFIED,CERTIFIED,1.757,,False,,PASSED,,onnx/malware_malimg_family_scaled_linear-25.onnx,vnnlib/malbeware_family-Autorun.K_label-5_eps-2_idx-29.vnnlib,"[""UNSAT"",""UNSAT"",""UNSAT"",""UNSAT"",""UNSAT"",""UNSAT"",""UNSAT"",""UNSAT"",""UNSAT"",""UNSAT"",""UNSAT"",""UNSAT"",""UNSAT"",""UNSAT"",""UNSAT"",""UNSAT"",""UNSAT"",""UNSAT"",""UNSAT"",""UNSAT"",""UNSAT"",""UNSAT"",""UNSAT"",""UNSAT""]","[""CERTIFIED"",""CERTIFIED"",""CERTIFIED"",""CERTIFIED"",""CERTIFIED"",""CERTIFIED"",""CERTIFIED"",""CERTIFIED"",""CERTIFIED"",""CERTIFIED"",""CERTIFIED"",""CERTIFIED"",""CERTIFIED"",""CERTIFIED"",""CERTIFIED"",""CERTIFIED"",""CERTIFIED"",""CERTIFIED"",""CERTIFIED"",""CERTIFIED"",""CERTIFIED"",""CERTIFIED"",""CERTIFIED"",""CERTIFIED""]","[null,null,null,null,null,null,null,null,null,null,null,null,null,null,null,null,null,null,null,null,null,null,null,null]",,/data1/Kane/ACT/audit_results/r93_rerun_20260525T083118Z/malbeware_gpu_full150_cudafix_20260525/per_instance_malbeware_20260525T043812535123Z.json
gpu,3,CERTIFIED,UNSAT,CERTIFIED,CERTIFIED,1.735,,False,,PASSED,,onnx/malware_malimg_family_scaled_linear-25.onnx,vnnlib/malbeware_family-Skintrim.N_label-19_eps-3_idx-96.vnnlib,"[""UNSAT"",""UNSAT"",""UNSAT"",""UNSAT"",""UNSAT"",""UNSAT"",""UNSAT"",""UNSAT"",""UNSAT"",""UNSAT"",""UNSAT"",""UNSAT"",""UNSAT"",""UNSAT"",""UNSAT"",""UNSAT"",""UNSAT"",""UNSAT"",""UNSAT"",""UNSAT"",""UNSAT"",""UNSAT"",""UNSAT"",""UNSAT""]","[""CERTIFIED"",""CERTIFIED"",""CERTIFIED"",""CERTIFIED"",""CERTIFIED"",""CERTIFIED"",""CERTIFIED"",""CERTIFIED"",""CERTIFIED"",""CERTIFIED"",""CERTIFIED"",""CERTIFIED"",""CERTIFIED"",""CERTIFIED"",""CERTIFIED"",""CERTIFIED"",""CERTIFIED"",""CERTIFIED"",""CERTIFIED"",""CERTIFIED"",""CERTIFIED"",""CERTIFIED"",""CERTIFIED"",""CERTIFIED""]","[null,null,null,null,null,null,null,null,null,null,null,null,null,null,null,null,null,null,null,null,null,null,null,null]",,/data1/Kane/ACT/audit_results/r93_rerun_20260525T083118Z/malbeware_gpu_full150_cudafix_20260525/per_instance_malbeware_20260525T043812535123Z.json
gpu,30,CERTIFIED,UNSAT,CERTIFIED,CERTIFIED,1.673,,False,,PASSED,,onnx/malware_malimg_family_scaled_linear-25.onnx,vnnlib/malbeware_family-Lolyda.AT_label-15_eps-1_idx-79.vnnlib,"[""UNSAT"",""UNSAT"",""UNSAT"",""UNSAT"",""UNSAT"",""UNSAT"",""UNSAT"",""UNSAT"",""UNSAT"",""UNSAT"",""UNSAT"",""UNSAT"",""UNSAT"",""UNSAT"",""UNSAT"",""UNSAT"",""UNSAT"",""UNSAT"",""UNSAT"",""UNSAT"",""UNSAT"",""UNSAT"",""UNSAT"",""UNSAT""]","[""CERTIFIED"",""CERTIFIED"",""CERTIFIED"",""CERTIFIED"",""CERTIFIED"",""CERTIFIED"",""CERTIFIED"",""CERTIFIED"",""CERTIFIED"",""CERTIFIED"",""CERTIFIED"",""CERTIFIED"",""CERTIFIED"",""CERTIFIED"",""CERTIFIED"",""CERTIFIED"",""CERTIFIED"",""CERTIFIED"",""CERTIFIED"",""CERTIFIED"",""CERTIFIED"",""CERTIFIED"",""CERTIFIED"",""CERTIFIED""]","[null,null,null,null,null,null,null,null,null,null,null,null,null,null,null,null,null,null,null,null,null,null,null,null]",,/data1/Kane/ACT/audit_results/r93_rerun_20260525T083118Z/malbeware_gpu_full150_cudafix_20260525/per_instance_malbeware_20260525T043812535123Z.json
gpu,31,CERTIFIED,UNSAT,CERTIFIED,CERTIFIED,1.746,,False,,PASSED,,onnx/malware_malimg_family_scaled_linear-25.onnx,vnnlib/malbeware_family-VB.AT_label-22_eps-2_idx-112.vnnlib,"[""UNSAT"",""UNSAT"",""UNSAT"",""UNSAT"",""UNSAT"",""UNSAT"",""UNSAT"",""UNSAT"",""UNSAT"",""UNSAT"",""UNSAT"",""UNSAT"",""UNSAT"",""UNSAT"",""UNSAT"",""UNSAT"",""UNSAT"",""UNSAT"",""UNSAT"",""UNSAT"",""UNSAT"",""UNSAT"",""UNSAT"",""UNSAT""]","[""CERTIFIED"",""CERTIFIED"",""CERTIFIED"",""CERTIFIED"",""CERTIFIED"",""CERTIFIED"",""CERTIFIED"",""CERTIFIED"",""CERTIFIED"",""CERTIFIED"",""CERTIFIED"",""CERTIFIED"",""CERTIFIED"",""CERTIFIED"",""CERTIFIED"",""CERTIFIED"",""CERTIFIED"",""CERTIFIED"",""CERTIFIED"",""CERTIFIED"",""CERTIFIED"",""CERTIFIED"",""CERTIFIED"",""CERTIFIED""]","[null,null,null,null,null,null,null,null,null,null,null,null,null,null,null,null,null,null,null,null,null,null,null,null]",,/data1/Kane/ACT/audit_results/r93_rerun_20260525T083118Z/malbeware_gpu_full150_cudafix_20260525/per_instance_malbeware_20260525T043812535123Z.json
gpu,32,CERTIFIED,UNSAT,CERTIFIED,CERTIFIED,1.68,,False,,PASSED,,onnx/malware_malimg_family_scaled_linear-25.onnx,vnnlib/malbeware_family-C2LOP.P_label-6_eps-2_idx-30.vnnlib,"[""UNSAT"",""UNSAT"",""UNSAT"",""UNSAT"",""UNSAT"",""UNSAT"",""UNSAT"",""UNSAT"",""UNSAT"",""UNSAT"",""UNSAT"",""UNSAT"",""UNSAT"",""UNSAT"",""UNSAT"",""UNSAT"",""UNSAT"",""UNSAT"",""UNSAT"",""UNSAT"",""UNSAT"",""UNSAT"",""UNSAT"",""UNSAT""]","[""CERTIFIED"",""CERTIFIED"",""CERTIFIED"",""CERTIFIED"",""CERTIFIED"",""CERTIFIED"",""CERTIFIED"",""CERTIFIED"",""CERTIFIED"",""CERTIFIED"",""CERTIFIED"",""CERTIFIED"",""CERTIFIED"",""CERTIFIED"",""CERTIFIED"",""CERTIFIED"",""CERTIFIED"",""CERTIFIED"",""CERTIFIED"",""CERTIFIED"",""CERTIFIED"",""CERTIFIED"",""CERTIFIED"",""CERTIFIED""]","[null,null,null,null,null,null,null,null,null,null,null,null,null,null,null,null,null,null,null,null,null,null,null,null]",,/data1/Kane/ACT/audit_results/r93_rerun_20260525T083118Z/malbeware_gpu_full150_cudafix_20260525/per_instance_malbeware_20260525T043812535123Z.json
gpu,33,CERTIFIED,UNSAT,CERTIFIED,CERTIFIED,1.807,,False,,PASSED,,onnx/malware_malimg_family_scaled_linear-25.onnx,vnnlib/malbeware_family-Instantaccess_label-11_eps-2_idx-57.vnnlib,"[""UNSAT"",""UNSAT"",""UNSAT"",""UNSAT"",""UNSAT"",""UNSAT"",""UNSAT"",""UNSAT"",""UNSAT"",""UNSAT"",""UNSAT"",""UNSAT"",""UNSAT"",""UNSAT"",""UNSAT"",""UNSAT"",""UNSAT"",""UNSAT"",""UNSAT"",""UNSAT"",""UNSAT"",""UNSAT"",""UNSAT"",""UNSAT""]","[""CERTIFIED"",""CERTIFIED"",""CERTIFIED"",""CERTIFIED"",""CERTIFIED"",""CERTIFIED"",""CERTIFIED"",""CERTIFIED"",""CERTIFIED"",""CERTIFIED"",""CERTIFIED"",""CERTIFIED"",""CERTIFIED"",""CERTIFIED"",""CERTIFIED"",""CERTIFIED"",""CERTIFIED"",""CERTIFIED"",""CERTIFIED"",""CERTIFIED"",""CERTIFIED"",""CERTIFIED"",""CERTIFIED"",""CERTIFIED""]","[null,null,null,null,null,null,null,null,null,null,null,null,null,null,null,null,null,null,null,null,null,null,null,null]",,/data1/Kane/ACT/audit_results/r93_rerun_20260525T083118Z/malbeware_gpu_full150_cudafix_20260525/per_instance_malbeware_20260525T043812535123Z.json
gpu,34,CERTIFIED,UNSAT,CERTIFIED,CERTIFIED,1.7,,False,,PASSED,,onnx/malware_malimg_family_scaled_linear-25.onnx,vnnlib/malbeware_family-Dialplatform.B_label-8_eps-1_idx-40.vnnlib,"[""UNSAT"",""UNSAT"",""UNSAT"",""UNSAT"",""UNSAT"",""UNSAT"",""UNSAT"",""UNSAT"",""UNSAT"",""UNSAT"",""UNSAT"",""UNSAT"",""UNSAT"",""UNSAT"",""UNSAT"",""UNSAT"",""UNSAT"",""UNSAT"",""UNSAT"",""UNSAT"",""UNSAT"",""UNSAT"",""UNSAT"",""UNSAT""]","[""CERTIFIED"",""CERTIFIED"",""CERTIFIED"",""CERTIFIED"",""CERTIFIED"",""CERTIFIED"",""CERTIFIED"",""CERTIFIED"",""CERTIFIED"",""CERTIFIED"",""CERTIFIED"",""CERTIFIED"",""CERTIFIED"",""CERTIFIED"",""CERTIFIED"",""CERTIFIED"",""CERTIFIED"",""CERTIFIED"",""CERTIFIED"",""CERTIFIED"",""CERTIFIED"",""CERTIFIED"",""CERTIFIED"",""CERTIFIED""]","[null,null,null,null,null,null,null,null,null,null,null,null,null,null,null,null,null,null,null,null,null,null,null,null]",,/data1/Kane/ACT/audit_results/r93_rerun_20260525T083118Z/malbeware_gpu_full150_cudafix_20260525/per_instance_malbeware_20260525T043812535123Z.json
gpu,35,CERTIFIED,UNSAT,CERTIFIED,CERTIFIED,1.739,,False,,PASSED,,onnx/malware_malimg_family_scaled_linear-25.onnx,vnnlib/malbeware_family-Malex.gen!J_label-16_eps-3_idx-82.vnnlib,"[""UNSAT"",""UNSAT"",""UNSAT"",""UNSAT"",""UNSAT"",""UNSAT"",""UNSAT"",""UNSAT"",""UNSAT"",""UNSAT"",""UNSAT"",""UNSAT"",""UNSAT"",""UNSAT"",""UNSAT"",""UNSAT"",""UNSAT"",""UNSAT"",""UNSAT"",""UNSAT"",""UNSAT"",""UNSAT"",""UNSAT"",""UNSAT""]","[""CERTIFIED"",""CERTIFIED"",""CERTIFIED"",""CERTIFIED"",""CERTIFIED"",""CERTIFIED"",""CERTIFIED"",""CERTIFIED"",""CERTIFIED"",""CERTIFIED"",""CERTIFIED"",""CERTIFIED"",""CERTIFIED"",""CERTIFIED"",""CERTIFIED"",""CERTIFIED"",""CERTIFIED"",""CERTIFIED"",""CERTIFIED"",""CERTIFIED"",""CERTIFIED"",""CERTIFIED"",""CERTIFIED"",""CERTIFIED""]","[null,null,null,null,null,null,null,null,null,null,null,null,null,null,null,null,null,null,null,null,null,null,null,null]",,/data1/Kane/ACT/audit_results/r93_rerun_20260525T083118Z/malbeware_gpu_full150_cudafix_20260525/per_instance_malbeware_20260525T043812535123Z.json
gpu,36,CERTIFIED,UNSAT,CERTIFIED,CERTIFIED,1.664,,False,,PASSED,,onnx/malware_malimg_family_scaled_linear-25.onnx,vnnlib/malbeware_family-Autorun.K_label-5_eps-1_idx-27.vnnlib,"[""UNSAT"",""UNSAT"",""UNSAT"",""UNSAT"",""UNSAT"",""UNSAT"",""UNSAT"",""UNSAT"",""UNSAT"",""UNSAT"",""UNSAT"",""UNSAT"",""UNSAT"",""UNSAT"",""UNSAT"",""UNSAT"",""UNSAT"",""UNSAT"",""UNSAT"",""UNSAT"",""UNSAT"",""UNSAT"",""UNSAT"",""UNSAT""]","[""CERTIFIED"",""CERTIFIED"",""CERTIFIED"",""CERTIFIED"",""CERTIFIED"",""CERTIFIED"",""CERTIFIED"",""CERTIFIED"",""CERTIFIED"",""CERTIFIED"",""CERTIFIED"",""CERTIFIED"",""CERTIFIED"",""CERTIFIED"",""CERTIFIED"",""CERTIFIED"",""CERTIFIED"",""CERTIFIED"",""CERTIFIED"",""CERTIFIED"",""CERTIFIED"",""CERTIFIED"",""CERTIFIED"",""CERTIFIED""]","[null,null,null,null,null,null,null,null,null,null,null,null,null,null,null,null,null,null,null,null,null,null,null,null]",,/data1/Kane/ACT/audit_results/r93_rerun_20260525T083118Z/malbeware_gpu_full150_cudafix_20260525/per_instance_malbeware_20260525T043812535123Z.json
gpu,37,CERTIFIED,UNSAT,CERTIFIED,CERTIFIED,1.725,,False,,PASSED,,onnx/malware_malimg_family_scaled_linear-25.onnx,vnnlib/malbeware_family-Allaple.L_label-3_eps-3_idx-16.vnnlib,"[""UNSAT"",""UNSAT"",""UNSAT"",""UNSAT"",""UNSAT"",""UNSAT"",""UNSAT"",""UNSAT"",""UNSAT"",""UNSAT"",""UNSAT"",""UNSAT"",""UNSAT"",""UNSAT"",""UNSAT"",""UNSAT"",""UNSAT"",""UNSAT"",""UNSAT"",""UNSAT"",""UNSAT"",""UNSAT"",""UNSAT"",""UNSAT""]","[""CERTIFIED"",""CERTIFIED"",""CERTIFIED"",""CERTIFIED"",""CERTIFIED"",""CERTIFIED"",""CERTIFIED"",""CERTIFIED"",""CERTIFIED"",""CERTIFIED"",""CERTIFIED"",""CERTIFIED"",""CERTIFIED"",""CERTIFIED"",""CERTIFIED"",""CERTIFIED"",""CERTIFIED"",""CERTIFIED"",""CERTIFIED"",""CERTIFIED"",""CERTIFIED"",""CERTIFIED"",""CERTIFIED"",""CERTIFIED""]","[null,null,null,null,null,null,null,null,null,null,null,null,null,null,null,null,null,null,null,null,null,null,null,null]",,/data1/Kane/ACT/audit_results/r93_rerun_20260525T083118Z/malbeware_gpu_full150_cudafix_20260525/per_instance_malbeware_20260525T043812535123Z.json
gpu,38,CERTIFIED,UNSAT,CERTIFIED,CERTIFIED,1.699,,False,,PASSED,,onnx/malware_malimg_family_scaled_linear-25.onnx,vnnlib/malbeware_family-Allaple.L_label-3_eps-1_idx-18.vnnlib,"[""UNSAT"",""UNSAT"",""UNSAT"",""UNSAT"",""UNSAT"",""UNSAT"",""UNSAT"",""UNSAT"",""UNSAT"",""UNSAT"",""UNSAT"",""UNSAT"",""UNSAT"",""UNSAT"",""UNSAT"",""UNSAT"",""UNSAT"",""UNSAT"",""UNSAT"",""UNSAT"",""UNSAT"",""UNSAT"",""UNSAT"",""UNSAT""]","[""CERTIFIED"",""CERTIFIED"",""CERTIFIED"",""CERTIFIED"",""CERTIFIED"",""CERTIFIED"",""CERTIFIED"",""CERTIFIED"",""CERTIFIED"",""CERTIFIED"",""CERTIFIED"",""CERTIFIED"",""CERTIFIED"",""CERTIFIED"",""CERTIFIED"",""CERTIFIED"",""CERTIFIED"",""CERTIFIED"",""CERTIFIED"",""CERTIFIED"",""CERTIFIED"",""CERTIFIED"",""CERTIFIED"",""CERTIFIED""]","[null,null,null,null,null,null,null,null,null,null,null,null,null,null,null,null,null,null,null,null,null,null,null,null]",,/data1/Kane/ACT/audit_results/r93_rerun_20260525T083118Z/malbeware_gpu_full150_cudafix_20260525/per_instance_malbeware_20260525T043812535123Z.json
gpu,39,CERTIFIED,UNSAT,CERTIFIED,CERTIFIED,1.754,,False,,PASSED,,onnx/malware_malimg_family_scaled_linear-25.onnx,vnnlib/malbeware_family-Swizzor.gen!E_label-20_eps-2_idx-104.vnnlib,"[""UNSAT"",""UNSAT"",""UNSAT"",""UNSAT"",""UNSAT"",""UNSAT"",""UNSAT"",""UNSAT"",""UNSAT"",""UNSAT"",""UNSAT"",""UNSAT"",""UNSAT"",""UNSAT"",""UNSAT"",""UNSAT"",""UNSAT"",""UNSAT"",""UNSAT"",""UNSAT"",""UNSAT"",""UNSAT"",""UNSAT"",""UNSAT""]","[""CERTIFIED"",""CERTIFIED"",""CERTIFIED"",""CERTIFIED"",""CERTIFIED"",""CERTIFIED"",""CERTIFIED"",""CERTIFIED"",""CERTIFIED"",""CERTIFIED"",""CERTIFIED"",""CERTIFIED"",""CERTIFIED"",""CERTIFIED"",""CERTIFIED"",""CERTIFIED"",""CERTIFIED"",""CERTIFIED"",""CERTIFIED"",""CERTIFIED"",""CERTIFIED"",""CERTIFIED"",""CERTIFIED"",""CERTIFIED""]","[null,null,null,null,null,null,null,null,null,null,null,null,null,null,null,null,null,null,null,null,null,null,null,null]",,/data1/Kane/ACT/audit_results/r93_rerun_20260525T083118Z/malbeware_gpu_full150_cudafix_20260525/per_instance_malbeware_20260525T043812535123Z.json
gpu,4,CERTIFIED,UNSAT,CERTIFIED,CERTIFIED,1.663,,False,,PASSED,,onnx/malware_malimg_family_scaled_linear-25.onnx,vnnlib/malbeware_family-Lolyda.AA1_label-12_eps-3_idx-64.vnnlib,"[""UNSAT"",""UNSAT"",""UNSAT"",""UNSAT"",""UNSAT"",""UNSAT"",""UNSAT"",""UNSAT"",""UNSAT"",""UNSAT"",""UNSAT"",""UNSAT"",""UNSAT"",""UNSAT"",""UNSAT"",""UNSAT"",""UNSAT"",""UNSAT"",""UNSAT"",""UNSAT"",""UNSAT"",""UNSAT"",""UNSAT"",""UNSAT""]","[""CERTIFIED"",""CERTIFIED"",""CERTIFIED"",""CERTIFIED"",""CERTIFIED"",""CERTIFIED"",""CERTIFIED"",""CERTIFIED"",""CERTIFIED"",""CERTIFIED"",""CERTIFIED"",""CERTIFIED"",""CERTIFIED"",""CERTIFIED"",""CERTIFIED"",""CERTIFIED"",""CERTIFIED"",""CERTIFIED"",""CERTIFIED"",""CERTIFIED"",""CERTIFIED"",""CERTIFIED"",""CERTIFIED"",""CERTIFIED""]","[null,null,null,null,null,null,null,null,null,null,null,null,null,null,null,null,null,null,null,null,null,null,null,null]",,/data1/Kane/ACT/audit_results/r93_rerun_20260525T083118Z/malbeware_gpu_full150_cudafix_20260525/per_instance_malbeware_20260525T043812535123Z.json
gpu,40,CERTIFIED,UNSAT,CERTIFIED,CERTIFIED,1.654,,False,,PASSED,,onnx/malware_malimg_family_scaled_linear-25.onnx,vnnlib/malbeware_family-VB.AT_label-22_eps-3_idx-111.vnnlib,"[""UNSAT"",""UNSAT"",""UNSAT"",""UNSAT"",""UNSAT"",""UNSAT"",""UNSAT"",""UNSAT"",""UNSAT"",""UNSAT"",""UNSAT"",""UNSAT"",""UNSAT"",""UNSAT"",""UNSAT"",""UNSAT"",""UNSAT"",""UNSAT"",""UNSAT"",""UNSAT"",""UNSAT"",""UNSAT"",""UNSAT"",""UNSAT""]","[""CERTIFIED"",""CERTIFIED"",""CERTIFIED"",""CERTIFIED"",""CERTIFIED"",""CERTIFIED"",""CERTIFIED"",""CERTIFIED"",""CERTIFIED"",""CERTIFIED"",""CERTIFIED"",""CERTIFIED"",""CERTIFIED"",""CERTIFIED"",""CERTIFIED"",""CERTIFIED"",""CERTIFIED"",""CERTIFIED"",""CERTIFIED"",""CERTIFIED"",""CERTIFIED"",""CERTIFIED"",""CERTIFIED"",""CERTIFIED""]","[null,null,null,null,null,null,null,null,null,null,null,null,null,null,null,null,null,null,null,null,null,null,null,null]",,/data1/Kane/ACT/audit_results/r93_rerun_20260525T083118Z/malbeware_gpu_full150_cudafix_20260525/per_instance_malbeware_20260525T043812535123Z.json
gpu,41,CERTIFIED,UNSAT,CERTIFIED,CERTIFIED,1.728,,False,,PASSED,,onnx/malware_malimg_family_scaled_linear-25.onnx,vnnlib/malbeware_family-Rbotigen_label-18_eps-2_idx-93.vnnlib,"[""UNSAT"",""UNSAT"",""UNSAT"",""UNSAT"",""UNSAT"",""UNSAT"",""UNSAT"",""UNSAT"",""UNSAT"",""UNSAT"",""UNSAT"",""UNSAT"",""UNSAT"",""UNSAT"",""UNSAT"",""UNSAT"",""UNSAT"",""UNSAT"",""UNSAT"",""UNSAT"",""UNSAT"",""UNSAT"",""UNSAT"",""UNSAT""]","[""CERTIFIED"",""CERTIFIED"",""CERTIFIED"",""CERTIFIED"",""CERTIFIED"",""CERTIFIED"",""CERTIFIED"",""CERTIFIED"",""CERTIFIED"",""CERTIFIED"",""CERTIFIED"",""CERTIFIED"",""CERTIFIED"",""CERTIFIED"",""CERTIFIED"",""CERTIFIED"",""CERTIFIED"",""CERTIFIED"",""CERTIFIED"",""CERTIFIED"",""CERTIFIED"",""CERTIFIED"",""CERTIFIED"",""CERTIFIED""]","[null,null,null,null,null,null,null,null,null,null,null,null,null,null,null,null,null,null,null,null,null,null,null,null]",,/data1/Kane/ACT/audit_results/r93_rerun_20260525T083118Z/malbeware_gpu_full150_cudafix_20260525/per_instance_malbeware_20260525T043812535123Z.json
gpu,42,CERTIFIED,UNSAT,CERTIFIED,CERTIFIED,1.655,,False,,PASSED,,onnx/malware_malimg_family_scaled_linear-25.onnx,vnnlib/malbeware_family-Lolyda.AT_label-15_eps-2_idx-76.vnnlib,"[""UNSAT"",""UNSAT"",""UNSAT"",""UNSAT"",""UNSAT"",""UNSAT"",""UNSAT"",""UNSAT"",""UNSAT"",""UNSAT"",""UNSAT"",""UNSAT"",""UNSAT"",""UNSAT"",""UNSAT"",""UNSAT"",""UNSAT"",""UNSAT"",""UNSAT"",""UNSAT"",""UNSAT"",""UNSAT"",""UNSAT"",""UNSAT""]","[""CERTIFIED"",""CERTIFIED"",""CERTIFIED"",""CERTIFIED"",""CERTIFIED"",""CERTIFIED"",""CERTIFIED"",""CERTIFIED"",""CERTIFIED"",""CERTIFIED"",""CERTIFIED"",""CERTIFIED"",""CERTIFIED"",""CERTIFIED"",""CERTIFIED"",""CERTIFIED"",""CERTIFIED"",""CERTIFIED"",""CERTIFIED"",""CERTIFIED"",""CERTIFIED"",""CERTIFIED"",""CERTIFIED"",""CERTIFIED""]","[null,null,null,null,null,null,null,null,null,null,null,null,null,null,null,null,null,null,null,null,null,null,null,null]",,/data1/Kane/ACT/audit_results/r93_rerun_20260525T083118Z/malbeware_gpu_full150_cudafix_20260525/per_instance_malbeware_20260525T043812535123Z.json
gpu,43,CERTIFIED,UNSAT,CERTIFIED,CERTIFIED,1.72,,False,,PASSED,,onnx/malware_malimg_family_scaled_linear-25.onnx,vnnlib/malbeware_family-C2LOP.P_label-6_eps-2_idx-31.vnnlib,"[""UNSAT"",""UNSAT"",""UNSAT"",""UNSAT"",""UNSAT"",""UNSAT"",""UNSAT"",""UNSAT"",""UNSAT"",""UNSAT"",""UNSAT"",""UNSAT"",""UNSAT"",""UNSAT"",""UNSAT"",""UNSAT"",""UNSAT"",""UNSAT"",""UNSAT"",""UNSAT"",""UNSAT"",""UNSAT"",""UNSAT"",""UNSAT""]","[""CERTIFIED"",""CERTIFIED"",""CERTIFIED"",""CERTIFIED"",""CERTIFIED"",""CERTIFIED"",""CERTIFIED"",""CERTIFIED"",""CERTIFIED"",""CERTIFIED"",""CERTIFIED"",""CERTIFIED"",""CERTIFIED"",""CERTIFIED"",""CERTIFIED"",""CERTIFIED"",""CERTIFIED"",""CERTIFIED"",""CERTIFIED"",""CERTIFIED"",""CERTIFIED"",""CERTIFIED"",""CERTIFIED"",""CERTIFIED""]","[null,null,null,null,null,null,null,null,null,null,null,null,null,null,null,null,null,null,null,null,null,null,null,null]",,/data1/Kane/ACT/audit_results/r93_rerun_20260525T083118Z/malbeware_gpu_full150_cudafix_20260525/per_instance_malbeware_20260525T043812535123Z.json
gpu,44,CERTIFIED,UNSAT,CERTIFIED,CERTIFIED,1.64,,False,,PASSED,,onnx/malware_malimg_family_scaled_linear-25.onnx,vnnlib/malbeware_family-Allaple.L_label-3_eps-2_idx-18.vnnlib,"[""UNSAT"",""UNSAT"",""UNSAT"",""UNSAT"",""UNSAT"",""UNSAT"",""UNSAT"",""UNSAT"",""UNSAT"",""UNSAT"",""UNSAT"",""UNSAT"",""UNSAT"",""UNSAT"",""UNSAT"",""UNSAT"",""UNSAT"",""UNSAT"",""UNSAT"",""UNSAT"",""UNSAT"",""UNSAT"",""UNSAT"",""UNSAT""]","[""CERTIFIED"",""CERTIFIED"",""CERTIFIED"",""CERTIFIED"",""CERTIFIED"",""CERTIFIED"",""CERTIFIED"",""CERTIFIED"",""CERTIFIED"",""CERTIFIED"",""CERTIFIED"",""CERTIFIED"",""CERTIFIED"",""CERTIFIED"",""CERTIFIED"",""CERTIFIED"",""CERTIFIED"",""CERTIFIED"",""CERTIFIED"",""CERTIFIED"",""CERTIFIED"",""CERTIFIED"",""CERTIFIED"",""CERTIFIED""]","[null,null,null,null,null,null,null,null,null,null,null,null,null,null,null,null,null,null,null,null,null,null,null,null]",,/data1/Kane/ACT/audit_results/r93_rerun_20260525T083118Z/malbeware_gpu_full150_cudafix_20260525/per_instance_malbeware_20260525T043812535123Z.json
gpu,45,CERTIFIED,UNSAT,CERTIFIED,CERTIFIED,1.703,,False,,PASSED,,onnx/malware_malimg_family_scaled_linear-25.onnx,vnnlib/malbeware_family-Autorun.K_label-5_eps-1_idx-28.vnnlib,"[""UNSAT"",""UNSAT"",""UNSAT"",""UNSAT"",""UNSAT"",""UNSAT"",""UNSAT"",""UNSAT"",""UNSAT"",""UNSAT"",""UNSAT"",""UNSAT"",""UNSAT"",""UNSAT"",""UNSAT"",""UNSAT"",""UNSAT"",""UNSAT"",""UNSAT"",""UNSAT"",""UNSAT"",""UNSAT"",""UNSAT"",""UNSAT""]","[""CERTIFIED"",""CERTIFIED"",""CERTIFIED"",""CERTIFIED"",""CERTIFIED"",""CERTIFIED"",""CERTIFIED"",""CERTIFIED"",""CERTIFIED"",""CERTIFIED"",""CERTIFIED"",""CERTIFIED"",""CERTIFIED"",""CERTIFIED"",""CERTIFIED"",""CERTIFIED"",""CERTIFIED"",""CERTIFIED"",""CERTIFIED"",""CERTIFIED"",""CERTIFIED"",""CERTIFIED"",""CERTIFIED"",""CERTIFIED""]","[null,null,null,null,null,null,null,null,null,null,null,null,null,null,null,null,null,null,null,null,null,null,null,null]",,/data1/Kane/ACT/audit_results/r93_rerun_20260525T083118Z/malbeware_gpu_full150_cudafix_20260525/per_instance_malbeware_20260525T043812535123Z.json
gpu,46,CERTIFIED,UNSAT,CERTIFIED,CERTIFIED,1.663,,False,,PASSED,,onnx/malware_malimg_family_scaled_linear-25.onnx,vnnlib/malbeware_family-Allaple.A_label-2_eps-2_idx-13.vnnlib,"[""UNSAT"",""UNSAT"",""UNSAT"",""UNSAT"",""UNSAT"",""UNSAT"",""UNSAT"",""UNSAT"",""UNSAT"",""UNSAT"",""UNSAT"",""UNSAT"",""UNSAT"",""UNSAT"",""UNSAT"",""UNSAT"",""UNSAT"",""UNSAT"",""UNSAT"",""UNSAT"",""UNSAT"",""UNSAT"",""UNSAT"",""UNSAT""]","[""CERTIFIED"",""CERTIFIED"",""CERTIFIED"",""CERTIFIED"",""CERTIFIED"",""CERTIFIED"",""CERTIFIED"",""CERTIFIED"",""CERTIFIED"",""CERTIFIED"",""CERTIFIED"",""CERTIFIED"",""CERTIFIED"",""CERTIFIED"",""CERTIFIED"",""CERTIFIED"",""CERTIFIED"",""CERTIFIED"",""CERTIFIED"",""CERTIFIED"",""CERTIFIED"",""CERTIFIED"",""CERTIFIED"",""CERTIFIED""]","[null,null,null,null,null,null,null,null,null,null,null,null,null,null,null,null,null,null,null,null,null,null,null,null]",,/data1/Kane/ACT/audit_results/r93_rerun_20260525T083118Z/malbeware_gpu_full150_cudafix_20260525/per_instance_malbeware_20260525T043812535123Z.json
gpu,47,CERTIFIED,UNSAT,CERTIFIED,CERTIFIED,1.735,,False,,PASSED,,onnx/malware_malimg_family_scaled_linear-25.onnx,vnnlib/malbeware_family-Alueron.gen!J_label-4_eps-1_idx-23.vnnlib,"[""UNSAT"",""UNSAT"",""UNSAT"",""UNSAT"",""UNSAT"",""UNSAT"",""UNSAT"",""UNSAT"",""UNSAT"",""UNSAT"",""UNSAT"",""UNSAT"",""UNSAT"",""UNSAT"",""UNSAT"",""UNSAT"",""UNSAT"",""UNSAT"",""UNSAT"",""UNSAT"",""UNSAT"",""UNSAT"",""UNSAT"",""UNSAT""]","[""CERTIFIED"",""CERTIFIED"",""CERTIFIED"",""CERTIFIED"",""CERTIFIED"",""CERTIFIED"",""CERTIFIED"",""CERTIFIED"",""CERTIFIED"",""CERTIFIED"",""CERTIFIED"",""CERTIFIED"",""CERTIFIED"",""CERTIFIED"",""CERTIFIED"",""CERTIFIED"",""CERTIFIED"",""CERTIFIED"",""CERTIFIED"",""CERTIFIED"",""CERTIFIED"",""CERTIFIED"",""CERTIFIED"",""CERTIFIED""]","[null,null,null,null,null,null,null,null,null,null,null,null,null,null,null,null,null,null,null,null,null,null,null,null]",,/data1/Kane/ACT/audit_results/r93_rerun_20260525T083118Z/malbeware_gpu_full150_cudafix_20260525/per_instance_malbeware_20260525T043812535123Z.json
gpu,48,CERTIFIED,UNSAT,CERTIFIED,CERTIFIED,1.651,,False,,PASSED,,onnx/malware_malimg_family_scaled_linear-25.onnx,vnnlib/malbeware_family-Dialplatform.B_label-8_eps-2_idx-43.vnnlib,"[""UNSAT"",""UNSAT"",""UNSAT"",""UNSAT"",""UNSAT"",""UNSAT"",""UNSAT"",""UNSAT"",""UNSAT"",""UNSAT"",""UNSAT"",""UNSAT"",""UNSAT"",""UNSAT"",""UNSAT"",""UNSAT"",""UNSAT"",""UNSAT"",""UNSAT"",""UNSAT"",""UNSAT"",""UNSAT"",""UNSAT"",""UNSAT""]","[""CERTIFIED"",""CERTIFIED"",""CERTIFIED"",""CERTIFIED"",""CERTIFIED"",""CERTIFIED"",""CERTIFIED"",""CERTIFIED"",""CERTIFIED"",""CERTIFIED"",""CERTIFIED"",""CERTIFIED"",""CERTIFIED"",""CERTIFIED"",""CERTIFIED"",""CERTIFIED"",""CERTIFIED"",""CERTIFIED"",""CERTIFIED"",""CERTIFIED"",""CERTIFIED"",""CERTIFIED"",""CERTIFIED"",""CERTIFIED""]","[null,null,null,null,null,null,null,null,null,null,null,null,null,null,null,null,null,null,null,null,null,null,null,null]",,/data1/Kane/ACT/audit_results/r93_rerun_20260525T083118Z/malbeware_gpu_full150_cudafix_20260525/per_instance_malbeware_20260525T043812535123Z.json
gpu,49,CERTIFIED,UNSAT,CERTIFIED,CERTIFIED,1.779,,False,,PASSED,,onnx/malware_malimg_family_scaled_linear-25.onnx,vnnlib/malbeware_family-Instantaccess_label-11_eps-2_idx-55.vnnlib,"[""UNSAT"",""UNSAT"",""UNSAT"",""UNSAT"",""UNSAT"",""UNSAT"",""UNSAT"",""UNSAT"",""UNSAT"",""UNSAT"",""UNSAT"",""UNSAT"",""UNSAT"",""UNSAT"",""UNSAT"",""UNSAT"",""UNSAT"",""UNSAT"",""UNSAT"",""UNSAT"",""UNSAT"",""UNSAT"",""UNSAT"",""UNSAT""]","[""CERTIFIED"",""CERTIFIED"",""CERTIFIED"",""CERTIFIED"",""CERTIFIED"",""CERTIFIED"",""CERTIFIED"",""CERTIFIED"",""CERTIFIED"",""CERTIFIED"",""CERTIFIED"",""CERTIFIED"",""CERTIFIED"",""CERTIFIED"",""CERTIFIED"",""CERTIFIED"",""CERTIFIED"",""CERTIFIED"",""CERTIFIED"",""CERTIFIED"",""CERTIFIED"",""CERTIFIED"",""CERTIFIED"",""CERTIFIED""]","[null,null,null,null,null,null,null,null,null,null,null,null,null,null,null,null,null,null,null,null,null,null,null,null]",,/data1/Kane/ACT/audit_results/r93_rerun_20260525T083118Z/malbeware_gpu_full150_cudafix_20260525/per_instance_malbeware_20260525T043812535123Z.json
gpu,5,CERTIFIED,UNSAT,CERTIFIED,CERTIFIED,1.713,,False,,PASSED,,onnx/malware_malimg_family_scaled_linear-25.onnx,vnnlib/malbeware_family-Agent.FYI_label-1_eps-2_idx-8.vnnlib,"[""UNSAT"",""UNSAT"",""UNSAT"",""UNSAT"",""UNSAT"",""UNSAT"",""UNSAT"",""UNSAT"",""UNSAT"",""UNSAT"",""UNSAT"",""UNSAT"",""UNSAT"",""UNSAT"",""UNSAT"",""UNSAT"",""UNSAT"",""UNSAT"",""UNSAT"",""UNSAT"",""UNSAT"",""UNSAT"",""UNSAT"",""UNSAT""]","[""CERTIFIED"",""CERTIFIED"",""CERTIFIED"",""CERTIFIED"",""CERTIFIED"",""CERTIFIED"",""CERTIFIED"",""CERTIFIED"",""CERTIFIED"",""CERTIFIED"",""CERTIFIED"",""CERTIFIED"",""CERTIFIED"",""CERTIFIED"",""CERTIFIED"",""CERTIFIED"",""CERTIFIED"",""CERTIFIED"",""CERTIFIED"",""CERTIFIED"",""CERTIFIED"",""CERTIFIED"",""CERTIFIED"",""CERTIFIED""]","[null,null,null,null,null,null,null,null,null,null,null,null,null,null,null,null,null,null,null,null,null,null,null,null]",,/data1/Kane/ACT/audit_results/r93_rerun_20260525T083118Z/malbeware_gpu_full150_cudafix_20260525/per_instance_malbeware_20260525T043812535123Z.json
gpu,50,CERTIFIED,UNSAT,CERTIFIED,CERTIFIED,8.95,,False,,PASSED,,onnx/malware_malimg_family_scaled_4-25.onnx,vnnlib/malbeware_family-Obfuscator.AD_label-17_eps-1_idx-89.vnnlib,"[""UNSAT"",""UNSAT"",""UNSAT"",""UNSAT"",""UNSAT"",""UNSAT"",""UNSAT"",""UNSAT"",""UNSAT"",""UNSAT"",""UNSAT"",""UNSAT"",""UNSAT"",""UNSAT"",""UNSAT"",""UNSAT"",""UNSAT"",""UNSAT"",""UNSAT"",""UNSAT"",""UNSAT"",""UNSAT"",""UNSAT"",""UNSAT""]","[""CERTIFIED"",""CERTIFIED"",""CERTIFIED"",""CERTIFIED"",""CERTIFIED"",""CERTIFIED"",""CERTIFIED"",""CERTIFIED"",""CERTIFIED"",""CERTIFIED"",""CERTIFIED"",""CERTIFIED"",""CERTIFIED"",""CERTIFIED"",""CERTIFIED"",""CERTIFIED"",""CERTIFIED"",""CERTIFIED"",""CERTIFIED"",""CERTIFIED"",""CERTIFIED"",""CERTIFIED"",""CERTIFIED"",""CERTIFIED""]","[null,null,null,null,null,null,null,null,null,null,null,null,null,null,null,null,null,null,null,null,null,null,null,null]",,/data1/Kane/ACT/audit_results/r93_rerun_20260525T083118Z/malbeware_gpu_full150_cudafix_20260525/per_instance_malbeware_20260525T043812535123Z.json
gpu,51,CERTIFIED,UNSAT,CERTIFIED,CERTIFIED,8.926,,False,,PASSED,,onnx/malware_malimg_family_scaled_4-25.onnx,vnnlib/malbeware_family-VB.AT_label-22_eps-3_idx-112.vnnlib,"[""UNSAT"",""UNSAT"",""UNSAT"",""UNSAT"",""UNSAT"",""UNSAT"",""UNSAT"",""UNSAT"",""UNSAT"",""UNSAT"",""UNSAT"",""UNSAT"",""UNSAT"",""UNSAT"",""UNSAT"",""UNSAT"",""UNSAT"",""UNSAT"",""UNSAT"",""UNSAT"",""UNSAT"",""UNSAT"",""UNSAT"",""UNSAT""]","[""CERTIFIED"",""CERTIFIED"",""CERTIFIED"",""CERTIFIED"",""CERTIFIED"",""CERTIFIED"",""CERTIFIED"",""CERTIFIED"",""CERTIFIED"",""CERTIFIED"",""CERTIFIED"",""CERTIFIED"",""CERTIFIED"",""CERTIFIED"",""CERTIFIED"",""CERTIFIED"",""CERTIFIED"",""CERTIFIED"",""CERTIFIED"",""CERTIFIED"",""CERTIFIED"",""CERTIFIED"",""CERTIFIED"",""CERTIFIED""]","[null,null,null,null,null,null,null,null,null,null,null,null,null,null,null,null,null,null,null,null,null,null,null,null]",,/data1/Kane/ACT/audit_results/r93_rerun_20260525T083118Z/malbeware_gpu_full150_cudafix_20260525/per_instance_malbeware_20260525T043812535123Z.json
gpu,52,UNKNOWN,UNKNOWN,UNKNOWN,UNKNOWN,9.203,,False,,PASSED,,onnx/malware_malimg_family_scaled_4-25.onnx,vnnlib/malbeware_family-Allaple.A_label-2_eps-3_idx-11.vnnlib,"[""UNSAT"",""UNSAT"",""UNKNOWN"",""UNSAT"",""UNSAT"",""UNSAT"",""UNSAT"",""UNSAT"",""UNSAT"",""UNSAT"",""UNSAT"",""UNSAT"",""UNSAT"",""UNSAT"",""UNSAT"",""UNSAT"",""UNSAT"",""UNSAT"",""UNSAT"",""UNSAT"",""UNSAT"",""UNSAT"",""UNSAT"",""UNSAT""]","[""CERTIFIED"",""CERTIFIED"",""UNKNOWN"",""CERTIFIED"",""CERTIFIED"",""CERTIFIED"",""CERTIFIED"",""CERTIFIED"",""CERTIFIED"",""CERTIFIED"",""CERTIFIED"",""CERTIFIED"",""CERTIFIED"",""CERTIFIED"",""CERTIFIED"",""CERTIFIED"",""CERTIFIED"",""CERTIFIED"",""CERTIFIED"",""CERTIFIED"",""CERTIFIED"",""CERTIFIED"",""CERTIFIED"",""CERTIFIED""]","[null,null,null,null,null,null,null,null,null,null,null,null,null,null,null,null,null,null,null,null,null,null,null,null]",,/data1/Kane/ACT/audit_results/r93_rerun_20260525T083118Z/malbeware_gpu_full150_cudafix_20260525/per_instance_malbeware_20260525T043812535123Z.json
gpu,53,CERTIFIED,UNSAT,CERTIFIED,CERTIFIED,9.014,,False,,PASSED,,onnx/malware_malimg_family_scaled_4-25.onnx,vnnlib/malbeware_family-Skintrim.N_label-19_eps-3_idx-96.vnnlib,"[""UNSAT"",""UNSAT"",""UNSAT"",""UNSAT"",""UNSAT"",""UNSAT"",""UNSAT"",""UNSAT"",""UNSAT"",""UNSAT"",""UNSAT"",""UNSAT"",""UNSAT"",""UNSAT"",""UNSAT"",""UNSAT"",""UNSAT"",""UNSAT"",""UNSAT"",""UNSAT"",""UNSAT"",""UNSAT"",""UNSAT"",""UNSAT""]","[""CERTIFIED"",""CERTIFIED"",""CERTIFIED"",""CERTIFIED"",""CERTIFIED"",""CERTIFIED"",""CERTIFIED"",""CERTIFIED"",""CERTIFIED"",""CERTIFIED"",""CERTIFIED"",""CERTIFIED"",""CERTIFIED"",""CERTIFIED"",""CERTIFIED"",""CERTIFIED"",""CERTIFIED"",""CERTIFIED"",""CERTIFIED"",""CERTIFIED"",""CERTIFIED"",""CERTIFIED"",""CERTIFIED"",""CERTIFIED""]","[null,null,null,null,null,null,null,null,null,null,null,null,null,null,null,null,null,null,null,null,null,null,null,null]",,/data1/Kane/ACT/audit_results/r93_rerun_20260525T083118Z/malbeware_gpu_full150_cudafix_20260525/per_instance_malbeware_20260525T043812535123Z.json
gpu,54,CERTIFIED,UNSAT,CERTIFIED,CERTIFIED,9.069,,False,,PASSED,,onnx/malware_malimg_family_scaled_4-25.onnx,vnnlib/malbeware_family-Lolyda.AA1_label-12_eps-3_idx-64.vnnlib,"[""UNSAT"",""UNSAT"",""UNSAT"",""UNSAT"",""UNSAT"",""UNSAT"",""UNSAT"",""UNSAT"",""UNSAT"",""UNSAT"",""UNSAT"",""UNSAT"",""UNSAT"",""UNSAT"",""UNSAT"",""UNSAT"",""UNSAT"",""UNSAT"",""UNSAT"",""UNSAT"",""UNSAT"",""UNSAT"",""UNSAT"",""UNSAT""]","[""CERTIFIED"",""CERTIFIED"",""CERTIFIED"",""CERTIFIED"",""CERTIFIED"",""CERTIFIED"",""CERTIFIED"",""CERTIFIED"",""CERTIFIED"",""CERTIFIED"",""CERTIFIED"",""CERTIFIED"",""CERTIFIED"",""CERTIFIED"",""CERTIFIED"",""CERTIFIED"",""CERTIFIED"",""CERTIFIED"",""CERTIFIED"",""CERTIFIED"",""CERTIFIED"",""CERTIFIED"",""CERTIFIED"",""CERTIFIED""]","[null,null,null,null,null,null,null,null,null,null,null,null,null,null,null,null,null,null,null,null,null,null,null,null]",,/data1/Kane/ACT/audit_results/r93_rerun_20260525T083118Z/malbeware_gpu_full150_cudafix_20260525/per_instance_malbeware_20260525T043812535123Z.json
gpu,55,CERTIFIED,UNSAT,CERTIFIED,CERTIFIED,8.84,,False,,PASSED,,onnx/malware_malimg_family_scaled_4-25.onnx,vnnlib/malbeware_family-Agent.FYI_label-1_eps-2_idx-8.vnnlib,"[""UNSAT"",""UNSAT"",""UNSAT"",""UNSAT"",""UNSAT"",""UNSAT"",""UNSAT"",""UNSAT"",""UNSAT"",""UNSAT"",""UNSAT"",""UNSAT"",""UNSAT"",""UNSAT"",""UNSAT"",""UNSAT"",""UNSAT"",""UNSAT"",""UNSAT"",""UNSAT"",""UNSAT"",""UNSAT"",""UNSAT"",""UNSAT""]","[""CERTIFIED"",""CERTIFIED"",""CERTIFIED"",""CERTIFIED"",""CERTIFIED"",""CERTIFIED"",""CERTIFIED"",""CERTIFIED"",""CERTIFIED"",""CERTIFIED"",""CERTIFIED"",""CERTIFIED"",""CERTIFIED"",""CERTIFIED"",""CERTIFIED"",""CERTIFIED"",""CERTIFIED"",""CERTIFIED"",""CERTIFIED"",""CERTIFIED"",""CERTIFIED"",""CERTIFIED"",""CERTIFIED"",""CERTIFIED""]","[null,null,null,null,null,null,null,null,null,null,null,null,null,null,null,null,null,null,null,null,null,null,null,null]",,/data1/Kane/ACT/audit_results/r93_rerun_20260525T083118Z/malbeware_gpu_full150_cudafix_20260525/per_instance_malbeware_20260525T043812535123Z.json
gpu,56,UNKNOWN,UNKNOWN,UNKNOWN,UNKNOWN,9.382,,False,,PASSED,,onnx/malware_malimg_family_scaled_4-25.onnx,vnnlib/malbeware_family-Alueron.gen!J_label-4_eps-3_idx-21.vnnlib,"[""UNSAT"",""UNSAT"",""UNKNOWN"",""UNSAT"",""UNSAT"",""UNSAT"",""UNSAT"",""UNSAT"",""UNSAT"",""UNSAT"",""UNSAT"",""UNSAT"",""UNSAT"",""UNSAT"",""UNSAT"",""UNSAT"",""UNSAT"",""UNSAT"",""UNSAT"",""UNSAT"",""UNSAT"",""UNSAT"",""UNSAT"",""UNSAT""]","[""CERTIFIED"",""CERTIFIED"",""UNKNOWN"",""CERTIFIED"",""CERTIFIED"",""CERTIFIED"",""CERTIFIED"",""CERTIFIED"",""CERTIFIED"",""CERTIFIED"",""CERTIFIED"",""CERTIFIED"",""CERTIFIED"",""CERTIFIED"",""CERTIFIED"",""CERTIFIED"",""CERTIFIED"",""CERTIFIED"",""CERTIFIED"",""CERTIFIED"",""CERTIFIED"",""CERTIFIED"",""CERTIFIED"",""CERTIFIED""]","[null,null,null,null,null,null,null,null,null,null,null,null,null,null,null,null,null,null,null,null,null,null,null,null]",,/data1/Kane/ACT/audit_results/r93_rerun_20260525T083118Z/malbeware_gpu_full150_cudafix_20260525/per_instance_malbeware_20260525T043812535123Z.json
gpu,57,CERTIFIED,UNSAT,CERTIFIED,CERTIFIED,8.93,,False,,PASSED,,onnx/malware_malimg_family_scaled_4-25.onnx,vnnlib/malbeware_family-Rbotigen_label-18_eps-2_idx-92.vnnlib,"[""UNSAT"",""UNSAT"",""UNSAT"",""UNSAT"",""UNSAT"",""UNSAT"",""UNSAT"",""UNSAT"",""UNSAT"",""UNSAT"",""UNSAT"",""UNSAT"",""UNSAT"",""UNSAT"",""UNSAT"",""UNSAT"",""UNSAT"",""UNSAT"",""UNSAT"",""UNSAT"",""UNSAT"",""UNSAT"",""UNSAT"",""UNSAT""]","[""CERTIFIED"",""CERTIFIED"",""CERTIFIED"",""CERTIFIED"",""CERTIFIED"",""CERTIFIED"",""CERTIFIED"",""CERTIFIED"",""CERTIFIED"",""CERTIFIED"",""CERTIFIED"",""CERTIFIED"",""CERTIFIED"",""CERTIFIED"",""CERTIFIED"",""CERTIFIED"",""CERTIFIED"",""CERTIFIED"",""CERTIFIED"",""CERTIFIED"",""CERTIFIED"",""CERTIFIED"",""CERTIFIED"",""CERTIFIED""]","[null,null,null,null,null,null,null,null,null,null,null,null,null,null,null,null,null,null,null,null,null,null,null,null]",,/data1/Kane/ACT/audit_results/r93_rerun_20260525T083118Z/malbeware_gpu_full150_cudafix_20260525/per_instance_malbeware_20260525T043812535123Z.json
gpu,58,CERTIFIED,UNSAT,CERTIFIED,CERTIFIED,9.171,,False,,PASSED,,onnx/malware_malimg_family_scaled_4-25.onnx,vnnlib/malbeware_family-Yuner.A_label-24_eps-3_idx-120.vnnlib,"[""UNSAT"",""UNSAT"",""UNSAT"",""UNSAT"",""UNSAT"",""UNSAT"",""UNSAT"",""UNSAT"",""UNSAT"",""UNSAT"",""UNSAT"",""UNSAT"",""UNSAT"",""UNSAT"",""UNSAT"",""UNSAT"",""UNSAT"",""UNSAT"",""UNSAT"",""UNSAT"",""UNSAT"",""UNSAT"",""UNSAT"",""UNSAT""]","[""CERTIFIED"",""CERTIFIED"",""CERTIFIED"",""CERTIFIED"",""CERTIFIED"",""CERTIFIED"",""CERTIFIED"",""CERTIFIED"",""CERTIFIED"",""CERTIFIED"",""CERTIFIED"",""CERTIFIED"",""CERTIFIED"",""CERTIFIED"",""CERTIFIED"",""CERTIFIED"",""CERTIFIED"",""CERTIFIED"",""CERTIFIED"",""CERTIFIED"",""CERTIFIED"",""CERTIFIED"",""CERTIFIED"",""CERTIFIED""]","[null,null,null,null,null,null,null,null,null,null,null,null,null,null,null,null,null,null,null,null,null,null,null,null]",,/data1/Kane/ACT/audit_results/r93_rerun_20260525T083118Z/malbeware_gpu_full150_cudafix_20260525/per_instance_malbeware_20260525T043812535123Z.json
gpu,59,FALSIFIED,SAT,FALSIFIED,FALSIFIED,8.16,,False,,PASSED,,onnx/malware_malimg_family_scaled_4-25.onnx,vnnlib/malbeware_family-Swizzor.gen!E_label-20_eps-3_idx-102.vnnlib,"[""UNSAT"",""UNSAT"",""UNSAT"",""UNSAT"",""UNSAT"",""UNSAT"",""UNSAT"",""UNKNOWN"",""UNSAT"",""UNSAT"",""UNSAT"",""UNSAT"",""UNSAT"",""UNSAT"",""UNSAT"",""UNSAT"",""UNSAT"",""UNSAT"",""UNSAT"",""UNSAT"",""SAT""]","[""CERTIFIED"",""CERTIFIED"",""CERTIFIED"",""CERTIFIED"",""CERTIFIED"",""CERTIFIED"",""CERTIFIED"",""UNKNOWN"",""CERTIFIED"",""CERTIFIED"",""CERTIFIED"",""CERTIFIED"",""CERTIFIED"",""CERTIFIED"",""CERTIFIED"",""CERTIFIED"",""CERTIFIED"",""CERTIFIED"",""CERTIFIED"",""CERTIFIED"",""FALSIFIED""]","[null,null,null,null,null,null,null,null,null,null,null,null,null,null,null,null,null,null,null,null,""/data1/Kane/ACT/audit_results/r93_rerun_20260525T083118Z/malbeware_gpu_full150_cudafix_20260525/malbeware_59_q20_hz_walker_lp_0.json""]",,/data1/Kane/ACT/audit_results/r93_rerun_20260525T083118Z/malbeware_gpu_full150_cudafix_20260525/per_instance_malbeware_20260525T043812535123Z.json
gpu,6,CERTIFIED,UNSAT,CERTIFIED,CERTIFIED,1.714,,False,,PASSED,,onnx/malware_malimg_family_scaled_linear-25.onnx,vnnlib/malbeware_family-Alueron.gen!J_label-4_eps-3_idx-21.vnnlib,"[""UNSAT"",""UNSAT"",""UNSAT"",""UNSAT"",""UNSAT"",""UNSAT"",""UNSAT"",""UNSAT"",""UNSAT"",""UNSAT"",""UNSAT"",""UNSAT"",""UNSAT"",""UNSAT"",""UNSAT"",""UNSAT"",""UNSAT"",""UNSAT"",""UNSAT"",""UNSAT"",""UNSAT"",""UNSAT"",""UNSAT"",""UNSAT""]","[""CERTIFIED"",""CERTIFIED"",""CERTIFIED"",""CERTIFIED"",""CERTIFIED"",""CERTIFIED"",""CERTIFIED"",""CERTIFIED"",""CERTIFIED"",""CERTIFIED"",""CERTIFIED"",""CERTIFIED"",""CERTIFIED"",""CERTIFIED"",""CERTIFIED"",""CERTIFIED"",""CERTIFIED"",""CERTIFIED"",""CERTIFIED"",""CERTIFIED"",""CERTIFIED"",""CERTIFIED"",""CERTIFIED"",""CERTIFIED""]","[null,null,null,null,null,null,null,null,null,null,null,null,null,null,null,null,null,null,null,null,null,null,null,null]",,/data1/Kane/ACT/audit_results/r93_rerun_20260525T083118Z/malbeware_gpu_full150_cudafix_20260525/per_instance_malbeware_20260525T043812535123Z.json
gpu,60,CERTIFIED,UNSAT,CERTIFIED,CERTIFIED,9.026,,False,,PASSED,,onnx/malware_malimg_family_scaled_4-25.onnx,vnnlib/malbeware_family-Lolyda.AA1_label-12_eps-3_idx-60.vnnlib,"[""UNSAT"",""UNSAT"",""UNSAT"",""UNSAT"",""UNSAT"",""UNSAT"",""UNSAT"",""UNSAT"",""UNSAT"",""UNSAT"",""UNSAT"",""UNSAT"",""UNSAT"",""UNSAT"",""UNSAT"",""UNSAT"",""UNSAT"",""UNSAT"",""UNSAT"",""UNSAT"",""UNSAT"",""UNSAT"",""UNSAT"",""UNSAT""]","[""CERTIFIED"",""CERTIFIED"",""CERTIFIED"",""CERTIFIED"",""CERTIFIED"",""CERTIFIED"",""CERTIFIED"",""CERTIFIED"",""CERTIFIED"",""CERTIFIED"",""CERTIFIED"",""CERTIFIED"",""CERTIFIED"",""CERTIFIED"",""CERTIFIED"",""CERTIFIED"",""CERTIFIED"",""CERTIFIED"",""CERTIFIED"",""CERTIFIED"",""CERTIFIED"",""CERTIFIED"",""CERTIFIED"",""CERTIFIED""]","[null,null,null,null,null,null,null,null,null,null,null,null,null,null,null,null,null,null,null,null,null,null,null,null]",,/data1/Kane/ACT/audit_results/r93_rerun_20260525T083118Z/malbeware_gpu_full150_cudafix_20260525/per_instance_malbeware_20260525T043812535123Z.json
gpu,61,CERTIFIED,UNSAT,CERTIFIED,CERTIFIED,8.947,,False,,PASSED,,onnx/malware_malimg_family_scaled_4-25.onnx,vnnlib/malbeware_family-Skintrim.N_label-19_eps-1_idx-96.vnnlib,"[""UNSAT"",""UNSAT"",""UNSAT"",""UNSAT"",""UNSAT"",""UNSAT"",""UNSAT"",""UNSAT"",""UNSAT"",""UNSAT"",""UNSAT"",""UNSAT"",""UNSAT"",""UNSAT"",""UNSAT"",""UNSAT"",""UNSAT"",""UNSAT"",""UNSAT"",""UNSAT"",""UNSAT"",""UNSAT"",""UNSAT"",""UNSAT""]","[""CERTIFIED"",""CERTIFIED"",""CERTIFIED"",""CERTIFIED"",""CERTIFIED"",""CERTIFIED"",""CERTIFIED"",""CERTIFIED"",""CERTIFIED"",""CERTIFIED"",""CERTIFIED"",""CERTIFIED"",""CERTIFIED"",""CERTIFIED"",""CERTIFIED"",""CERTIFIED"",""CERTIFIED"",""CERTIFIED"",""CERTIFIED"",""CERTIFIED"",""CERTIFIED"",""CERTIFIED"",""CERTIFIED"",""CERTIFIED""]","[null,null,null,null,null,null,null,null,null,null,null,null,null,null,null,null,null,null,null,null,null,null,null,null]",,/data1/Kane/ACT/audit_results/r93_rerun_20260525T083118Z/malbeware_gpu_full150_cudafix_20260525/per_instance_malbeware_20260525T043812535123Z.json
gpu,62,CERTIFIED,UNSAT,CERTIFIED,CERTIFIED,9.163,,False,,PASSED,,onnx/malware_malimg_family_scaled_4-25.onnx,vnnlib/malbeware_family-Fakerean_label-10_eps-3_idx-54.vnnlib,"[""UNSAT"",""UNSAT"",""UNSAT"",""UNSAT"",""UNSAT"",""UNSAT"",""UNSAT"",""UNSAT"",""UNSAT"",""UNSAT"",""UNSAT"",""UNSAT"",""UNSAT"",""UNSAT"",""UNSAT"",""UNSAT"",""UNSAT"",""UNSAT"",""UNSAT"",""UNSAT"",""UNSAT"",""UNSAT"",""UNSAT"",""UNSAT""]","[""CERTIFIED"",""CERTIFIED"",""CERTIFIED"",""CERTIFIED"",""CERTIFIED"",""CERTIFIED"",""CERTIFIED"",""CERTIFIED"",""CERTIFIED"",""CERTIFIED"",""CERTIFIED"",""CERTIFIED"",""CERTIFIED"",""CERTIFIED"",""CERTIFIED"",""CERTIFIED"",""CERTIFIED"",""CERTIFIED"",""CERTIFIED"",""CERTIFIED"",""CERTIFIED"",""CERTIFIED"",""CERTIFIED"",""CERTIFIED""]","[null,null,null,null,null,null,null,null,null,null,null,null,null,null,null,null,null,null,null,null,null,null,null,null]",,/data1/Kane/ACT/audit_results/r93_rerun_20260525T083118Z/malbeware_gpu_full150_cudafix_20260525/per_instance_malbeware_20260525T043812535123Z.json
gpu,63,CERTIFIED,UNSAT,CERTIFIED,CERTIFIED,9.313,,False,,PASSED,,onnx/malware_malimg_family_scaled_4-25.onnx,vnnlib/malbeware_family-Allaple.L_label-3_eps-2_idx-16.vnnlib,"[""UNSAT"",""UNSAT"",""UNSAT"",""UNSAT"",""UNSAT"",""UNSAT"",""UNSAT"",""UNSAT"",""UNSAT"",""UNSAT"",""UNSAT"",""UNSAT"",""UNSAT"",""UNSAT"",""UNSAT"",""UNSAT"",""UNSAT"",""UNSAT"",""UNSAT"",""UNSAT"",""UNSAT"",""UNSAT"",""UNSAT"",""UNSAT""]","[""CERTIFIED"",""CERTIFIED"",""CERTIFIED"",""CERTIFIED"",""CERTIFIED"",""CERTIFIED"",""CERTIFIED"",""CERTIFIED"",""CERTIFIED"",""CERTIFIED"",""CERTIFIED"",""CERTIFIED"",""CERTIFIED"",""CERTIFIED"",""CERTIFIED"",""CERTIFIED"",""CERTIFIED"",""CERTIFIED"",""CERTIFIED"",""CERTIFIED"",""CERTIFIED"",""CERTIFIED"",""CERTIFIED"",""CERTIFIED""]","[null,null,null,null,null,null,null,null,null,null,null,null,null,null,null,null,null,null,null,null,null,null,null,null]",,/data1/Kane/ACT/audit_results/r93_rerun_20260525T083118Z/malbeware_gpu_full150_cudafix_20260525/per_instance_malbeware_20260525T043812535123Z.json
gpu,64,CERTIFIED,UNSAT,CERTIFIED,CERTIFIED,8.876,,False,,PASSED,,onnx/malware_malimg_family_scaled_4-25.onnx,vnnlib/malbeware_family-Adialer.C_label-0_eps-1_idx-4.vnnlib,"[""UNSAT"",""UNSAT"",""UNSAT"",""UNSAT"",""UNSAT"",""UNSAT"",""UNSAT"",""UNSAT"",""UNSAT"",""UNSAT"",""UNSAT"",""UNSAT"",""UNSAT"",""UNSAT"",""UNSAT"",""UNSAT"",""UNSAT"",""UNSAT"",""UNSAT"",""UNSAT"",""UNSAT"",""UNSAT"",""UNSAT"",""UNSAT""]","[""CERTIFIED"",""CERTIFIED"",""CERTIFIED"",""CERTIFIED"",""CERTIFIED"",""CERTIFIED"",""CERTIFIED"",""CERTIFIED"",""CERTIFIED"",""CERTIFIED"",""CERTIFIED"",""CERTIFIED"",""CERTIFIED"",""CERTIFIED"",""CERTIFIED"",""CERTIFIED"",""CERTIFIED"",""CERTIFIED"",""CERTIFIED"",""CERTIFIED"",""CERTIFIED"",""CERTIFIED"",""CERTIFIED"",""CERTIFIED""]","[null,null,null,null,null,null,null,null,null,null,null,null,null,null,null,null,null,null,null,null,null,null,null,null]",,/data1/Kane/ACT/audit_results/r93_rerun_20260525T083118Z/malbeware_gpu_full150_cudafix_20260525/per_instance_malbeware_20260525T043812535123Z.json
gpu,65,UNKNOWN,UNKNOWN,UNKNOWN,UNKNOWN,9.438,,False,,PASSED,,onnx/malware_malimg_family_scaled_4-25.onnx,vnnlib/malbeware_family-Wintrim.BX_label-23_eps-3_idx-119.vnnlib,"[""UNSAT"",""UNSAT"",""UNKNOWN"",""UNSAT"",""UNSAT"",""UNSAT"",""UNSAT"",""UNKNOWN"",""UNSAT"",""UNSAT"",""UNSAT"",""UNSAT"",""UNSAT"",""UNSAT"",""UNSAT"",""UNSAT"",""UNSAT"",""UNSAT"",""UNSAT"",""UNSAT"",""UNSAT"",""UNSAT"",""UNSAT"",""UNSAT""]","[""CERTIFIED"",""CERTIFIED"",""UNKNOWN"",""CERTIFIED"",""CERTIFIED"",""CERTIFIED"",""CERTIFIED"",""UNKNOWN"",""CERTIFIED"",""CERTIFIED"",""CERTIFIED"",""CERTIFIED"",""CERTIFIED"",""CERTIFIED"",""CERTIFIED"",""CERTIFIED"",""CERTIFIED"",""CERTIFIED"",""CERTIFIED"",""CERTIFIED"",""CERTIFIED"",""CERTIFIED"",""CERTIFIED"",""CERTIFIED""]","[null,null,null,null,null,null,null,null,null,null,null,null,null,null,null,null,null,null,null,null,null,null,null,null]",,/data1/Kane/ACT/audit_results/r93_rerun_20260525T083118Z/malbeware_gpu_full150_cudafix_20260525/per_instance_malbeware_20260525T043812535123Z.json
gpu,66,CERTIFIED,UNSAT,CERTIFIED,CERTIFIED,9.417,,False,,PASSED,,onnx/malware_malimg_family_scaled_4-25.onnx,vnnlib/malbeware_family-Rbotigen_label-18_eps-2_idx-94.vnnlib,"[""UNSAT"",""UNSAT"",""UNSAT"",""UNSAT"",""UNSAT"",""UNSAT"",""UNSAT"",""UNSAT"",""UNSAT"",""UNSAT"",""UNSAT"",""UNSAT"",""UNSAT"",""UNSAT"",""UNSAT"",""UNSAT"",""UNSAT"",""UNSAT"",""UNSAT"",""UNSAT"",""UNSAT"",""UNSAT"",""UNSAT"",""UNSAT""]","[""CERTIFIED"",""CERTIFIED"",""CERTIFIED"",""CERTIFIED"",""CERTIFIED"",""CERTIFIED"",""CERTIFIED"",""CERTIFIED"",""CERTIFIED"",""CERTIFIED"",""CERTIFIED"",""CERTIFIED"",""CERTIFIED"",""CERTIFIED"",""CERTIFIED"",""CERTIFIED"",""CERTIFIED"",""CERTIFIED"",""CERTIFIED"",""CERTIFIED"",""CERTIFIED"",""CERTIFIED"",""CERTIFIED"",""CERTIFIED""]","[null,null,null,null,null,null,null,null,null,null,null,null,null,null,null,null,null,null,null,null,null,null,null,null]",,/data1/Kane/ACT/audit_results/r93_rerun_20260525T083118Z/malbeware_gpu_full150_cudafix_20260525/per_instance_malbeware_20260525T043812535123Z.json
gpu,67,CERTIFIED,UNSAT,CERTIFIED,CERTIFIED,9.553,,False,,PASSED,,onnx/malware_malimg_family_scaled_4-25.onnx,vnnlib/malbeware_family-Obfuscator.AD_label-17_eps-2_idx-87.vnnlib,"[""UNSAT"",""UNSAT"",""UNSAT"",""UNSAT"",""UNSAT"",""UNSAT"",""UNSAT"",""UNSAT"",""UNSAT"",""UNSAT"",""UNSAT"",""UNSAT"",""UNSAT"",""UNSAT"",""UNSAT"",""UNSAT"",""UNSAT"",""UNSAT"",""UNSAT"",""UNSAT"",""UNSAT"",""UNSAT"",""UNSAT"",""UNSAT""]","[""CERTIFIED"",""CERTIFIED"",""CERTIFIED"",""CERTIFIED"",""CERTIFIED"",""CERTIFIED"",""CERTIFIED"",""CERTIFIED"",""CERTIFIED"",""CERTIFIED"",""CERTIFIED"",""CERTIFIED"",""CERTIFIED"",""CERTIFIED"",""CERTIFIED"",""CERTIFIED"",""CERTIFIED"",""CERTIFIED"",""CERTIFIED"",""CERTIFIED"",""CERTIFIED"",""CERTIFIED"",""CERTIFIED"",""CERTIFIED""]","[null,null,null,null,null,null,null,null,null,null,null,null,null,null,null,null,null,null,null,null,null,null,null,null]",,/data1/Kane/ACT/audit_results/r93_rerun_20260525T083118Z/malbeware_gpu_full150_cudafix_20260525/per_instance_malbeware_20260525T043812535123Z.json
gpu,68,CERTIFIED,UNSAT,CERTIFIED,CERTIFIED,8.989,,False,,PASSED,,onnx/malware_malimg_family_scaled_4-25.onnx,vnnlib/malbeware_family-Lolyda.AA3_label-14_eps-1_idx-71.vnnlib,"[""UNSAT"",""UNSAT"",""UNSAT"",""UNSAT"",""UNSAT"",""UNSAT"",""UNSAT"",""UNSAT"",""UNSAT"",""UNSAT"",""UNSAT"",""UNSAT"",""UNSAT"",""UNSAT"",""UNSAT"",""UNSAT"",""UNSAT"",""UNSAT"",""UNSAT"",""UNSAT"",""UNSAT"",""UNSAT"",""UNSAT"",""UNSAT""]","[""CERTIFIED"",""CERTIFIED"",""CERTIFIED"",""CERTIFIED"",""CERTIFIED"",""CERTIFIED"",""CERTIFIED"",""CERTIFIED"",""CERTIFIED"",""CERTIFIED"",""CERTIFIED"",""CERTIFIED"",""CERTIFIED"",""CERTIFIED"",""CERTIFIED"",""CERTIFIED"",""CERTIFIED"",""CERTIFIED"",""CERTIFIED"",""CERTIFIED"",""CERTIFIED"",""CERTIFIED"",""CERTIFIED"",""CERTIFIED""]","[null,null,null,null,null,null,null,null,null,null,null,null,null,null,null,null,null,null,null,null,null,null,null,null]",,/data1/Kane/ACT/audit_results/r93_rerun_20260525T083118Z/malbeware_gpu_full150_cudafix_20260525/per_instance_malbeware_20260525T043812535123Z.json
gpu,69,CERTIFIED,UNSAT,CERTIFIED,CERTIFIED,9.03,,False,,PASSED,,onnx/malware_malimg_family_scaled_4-25.onnx,vnnlib/malbeware_family-Malex.gen!J_label-16_eps-1_idx-84.vnnlib,"[""UNSAT"",""UNSAT"",""UNSAT"",""UNSAT"",""UNSAT"",""UNSAT"",""UNSAT"",""UNSAT"",""UNSAT"",""UNSAT"",""UNSAT"",""UNSAT"",""UNSAT"",""UNSAT"",""UNSAT"",""UNSAT"",""UNSAT"",""UNSAT"",""UNSAT"",""UNSAT"",""UNSAT"",""UNSAT"",""UNSAT"",""UNSAT""]","[""CERTIFIED"",""CERTIFIED"",""CERTIFIED"",""CERTIFIED"",""CERTIFIED"",""CERTIFIED"",""CERTIFIED"",""CERTIFIED"",""CERTIFIED"",""CERTIFIED"",""CERTIFIED"",""CERTIFIED"",""CERTIFIED"",""CERTIFIED"",""CERTIFIED"",""CERTIFIED"",""CERTIFIED"",""CERTIFIED"",""CERTIFIED"",""CERTIFIED"",""CERTIFIED"",""CERTIFIED"",""CERTIFIED"",""CERTIFIED""]","[null,null,null,null,null,null,null,null,null,null,null,null,null,null,null,null,null,null,null,null,null,null,null,null]",,/data1/Kane/ACT/audit_results/r93_rerun_20260525T083118Z/malbeware_gpu_full150_cudafix_20260525/per_instance_malbeware_20260525T043812535123Z.json
gpu,7,CERTIFIED,UNSAT,CERTIFIED,CERTIFIED,1.652,,False,,PASSED,,onnx/malware_malimg_family_scaled_linear-25.onnx,vnnlib/malbeware_family-Rbotigen_label-18_eps-2_idx-92.vnnlib,"[""UNSAT"",""UNSAT"",""UNSAT"",""UNSAT"",""UNSAT"",""UNSAT"",""UNSAT"",""UNSAT"",""UNSAT"",""UNSAT"",""UNSAT"",""UNSAT"",""UNSAT"",""UNSAT"",""UNSAT"",""UNSAT"",""UNSAT"",""UNSAT"",""UNSAT"",""UNSAT"",""UNSAT"",""UNSAT"",""UNSAT"",""UNSAT""]","[""CERTIFIED"",""CERTIFIED"",""CERTIFIED"",""CERTIFIED"",""CERTIFIED"",""CERTIFIED"",""CERTIFIED"",""CERTIFIED"",""CERTIFIED"",""CERTIFIED"",""CERTIFIED"",""CERTIFIED"",""CERTIFIED"",""CERTIFIED"",""CERTIFIED"",""CERTIFIED"",""CERTIFIED"",""CERTIFIED"",""CERTIFIED"",""CERTIFIED"",""CERTIFIED"",""CERTIFIED"",""CERTIFIED"",""CERTIFIED""]","[null,null,null,null,null,null,null,null,null,null,null,null,null,null,null,null,null,null,null,null,null,null,null,null]",,/data1/Kane/ACT/audit_results/r93_rerun_20260525T083118Z/malbeware_gpu_full150_cudafix_20260525/per_instance_malbeware_20260525T043812535123Z.json
gpu,70,CERTIFIED,UNSAT,CERTIFIED,CERTIFIED,9.336,,False,,PASSED,,onnx/malware_malimg_family_scaled_4-25.onnx,vnnlib/malbeware_family-Dontovo.A_label-9_eps-1_idx-48.vnnlib,"[""UNSAT"",""UNSAT"",""UNSAT"",""UNSAT"",""UNSAT"",""UNSAT"",""UNSAT"",""UNSAT"",""UNSAT"",""UNSAT"",""UNSAT"",""UNSAT"",""UNSAT"",""UNSAT"",""UNSAT"",""UNSAT"",""UNSAT"",""UNSAT"",""UNSAT"",""UNSAT"",""UNSAT"",""UNSAT"",""UNSAT"",""UNSAT""]","[""CERTIFIED"",""CERTIFIED"",""CERTIFIED"",""CERTIFIED"",""CERTIFIED"",""CERTIFIED"",""CERTIFIED"",""CERTIFIED"",""CERTIFIED"",""CERTIFIED"",""CERTIFIED"",""CERTIFIED"",""CERTIFIED"",""CERTIFIED"",""CERTIFIED"",""CERTIFIED"",""CERTIFIED"",""CERTIFIED"",""CERTIFIED"",""CERTIFIED"",""CERTIFIED"",""CERTIFIED"",""CERTIFIED"",""CERTIFIED""]","[null,null,null,null,null,null,null,null,null,null,null,null,null,null,null,null,null,null,null,null,null,null,null,null]",,/data1/Kane/ACT/audit_results/r93_rerun_20260525T083118Z/malbeware_gpu_full150_cudafix_20260525/per_instance_malbeware_20260525T043812535123Z.json
gpu,71,FALSIFIED,SAT,FALSIFIED,FALSIFIED,8.468,,False,,PASSED,,onnx/malware_malimg_family_scaled_4-25.onnx,vnnlib/malbeware_family-Swizzor.gen!E_label-20_eps-3_idx-100.vnnlib,"[""UNSAT"",""UNSAT"",""UNSAT"",""UNSAT"",""UNSAT"",""UNSAT"",""UNSAT"",""UNSAT"",""UNSAT"",""UNSAT"",""UNSAT"",""UNSAT"",""UNSAT"",""UNSAT"",""UNSAT"",""UNSAT"",""UNSAT"",""UNSAT"",""UNSAT"",""UNSAT"",""SAT""]","[""CERTIFIED"",""CERTIFIED"",""CERTIFIED"",""CERTIFIED"",""CERTIFIED"",""CERTIFIED"",""CERTIFIED"",""CERTIFIED"",""CERTIFIED"",""CERTIFIED"",""CERTIFIED"",""CERTIFIED"",""CERTIFIED"",""CERTIFIED"",""CERTIFIED"",""CERTIFIED"",""CERTIFIED"",""CERTIFIED"",""CERTIFIED"",""CERTIFIED"",""FALSIFIED""]","[null,null,null,null,null,null,null,null,null,null,null,null,null,null,null,null,null,null,null,null,""/data1/Kane/ACT/audit_results/r93_rerun_20260525T083118Z/malbeware_gpu_full150_cudafix_20260525/malbeware_71_q20_hz_walker_lp_0.json""]",,/data1/Kane/ACT/audit_results/r93_rerun_20260525T083118Z/malbeware_gpu_full150_cudafix_20260525/per_instance_malbeware_20260525T043812535123Z.json
gpu,72,CERTIFIED,UNSAT,CERTIFIED,CERTIFIED,9.648,,False,,PASSED,,onnx/malware_malimg_family_scaled_4-25.onnx,vnnlib/malbeware_family-Wintrim.BX_label-23_eps-2_idx-117.vnnlib,"[""UNSAT"",""UNSAT"",""UNSAT"",""UNSAT"",""UNSAT"",""UNSAT"",""UNSAT"",""UNSAT"",""UNSAT"",""UNSAT"",""UNSAT"",""UNSAT"",""UNSAT"",""UNSAT"",""UNSAT"",""UNSAT"",""UNSAT"",""UNSAT"",""UNSAT"",""UNSAT"",""UNSAT"",""UNSAT"",""UNSAT"",""UNSAT""]","[""CERTIFIED"",""CERTIFIED"",""CERTIFIED"",""CERTIFIED"",""CERTIFIED"",""CERTIFIED"",""CERTIFIED"",""CERTIFIED"",""CERTIFIED"",""CERTIFIED"",""CERTIFIED"",""CERTIFIED"",""CERTIFIED"",""CERTIFIED"",""CERTIFIED"",""CERTIFIED"",""CERTIFIED"",""CERTIFIED"",""CERTIFIED"",""CERTIFIED"",""CERTIFIED"",""CERTIFIED"",""CERTIFIED"",""CERTIFIED""]","[null,null,null,null,null,null,null,null,null,null,null,null,null,null,null,null,null,null,null,null,null,null,null,null]",,/data1/Kane/ACT/audit_results/r93_rerun_20260525T083118Z/malbeware_gpu_full150_cudafix_20260525/per_instance_malbeware_20260525T043812535123Z.json
gpu,73,CERTIFIED,UNSAT,CERTIFIED,CERTIFIED,8.946,,False,,PASSED,,onnx/malware_malimg_family_scaled_4-25.onnx,vnnlib/malbeware_family-Autorun.K_label-5_eps-1_idx-25.vnnlib,"[""UNSAT"",""UNSAT"",""UNSAT"",""UNSAT"",""UNSAT"",""UNSAT"",""UNSAT"",""UNSAT"",""UNSAT"",""UNSAT"",""UNSAT"",""UNSAT"",""UNSAT"",""UNSAT"",""UNSAT"",""UNSAT"",""UNSAT"",""UNSAT"",""UNSAT"",""UNSAT"",""UNSAT"",""UNSAT"",""UNSAT"",""UNSAT""]","[""CERTIFIED"",""CERTIFIED"",""CERTIFIED"",""CERTIFIED"",""CERTIFIED"",""CERTIFIED"",""CERTIFIED"",""CERTIFIED"",""CERTIFIED"",""CERTIFIED"",""CERTIFIED"",""CERTIFIED"",""CERTIFIED"",""CERTIFIED"",""CERTIFIED"",""CERTIFIED"",""CERTIFIED"",""CERTIFIED"",""CERTIFIED"",""CERTIFIED"",""CERTIFIED"",""CERTIFIED"",""CERTIFIED"",""CERTIFIED""]","[null,null,null,null,null,null,null,null,null,null,null,null,null,null,null,null,null,null,null,null,null,null,null,null]",,/data1/Kane/ACT/audit_results/r93_rerun_20260525T083118Z/malbeware_gpu_full150_cudafix_20260525/per_instance_malbeware_20260525T043812535123Z.json
gpu,74,CERTIFIED,UNSAT,CERTIFIED,CERTIFIED,8.701,,False,,PASSED,,onnx/malware_malimg_family_scaled_4-25.onnx,vnnlib/malbeware_family-Lolyda.AA3_label-14_eps-3_idx-71.vnnlib,"[""UNSAT"",""UNSAT"",""UNSAT"",""UNSAT"",""UNSAT"",""UNSAT"",""UNSAT"",""UNSAT"",""UNSAT"",""UNSAT"",""UNSAT"",""UNSAT"",""UNSAT"",""UNSAT"",""UNSAT"",""UNSAT"",""UNSAT"",""UNSAT"",""UNSAT"",""UNSAT"",""UNSAT"",""UNSAT"",""UNSAT"",""UNSAT""]","[""CERTIFIED"",""CERTIFIED"",""CERTIFIED"",""CERTIFIED"",""CERTIFIED"",""CERTIFIED"",""CERTIFIED"",""CERTIFIED"",""CERTIFIED"",""CERTIFIED"",""CERTIFIED"",""CERTIFIED"",""CERTIFIED"",""CERTIFIED"",""CERTIFIED"",""CERTIFIED"",""CERTIFIED"",""CERTIFIED"",""CERTIFIED"",""CERTIFIED"",""CERTIFIED"",""CERTIFIED"",""CERTIFIED"",""CERTIFIED""]","[null,null,null,null,null,null,null,null,null,null,null,null,null,null,null,null,null,null,null,null,null,null,null,null]",,/data1/Kane/ACT/audit_results/r93_rerun_20260525T083118Z/malbeware_gpu_full150_cudafix_20260525/per_instance_malbeware_20260525T043812535123Z.json
gpu,75,CERTIFIED,UNSAT,CERTIFIED,CERTIFIED,8.898,,False,,PASSED,,onnx/malware_malimg_family_scaled_4-25.onnx,vnnlib/malbeware_family-Agent.FYI_label-1_eps-3_idx-8.vnnlib,"[""UNSAT"",""UNSAT"",""UNSAT"",""UNSAT"",""UNSAT"",""UNSAT"",""UNSAT"",""UNSAT"",""UNSAT"",""UNSAT"",""UNSAT"",""UNSAT"",""UNSAT"",""UNSAT"",""UNSAT"",""UNSAT"",""UNSAT"",""UNSAT"",""UNSAT"",""UNSAT"",""UNSAT"",""UNSAT"",""UNSAT"",""UNSAT""]","[""CERTIFIED"",""CERTIFIED"",""CERTIFIED"",""CERTIFIED"",""CERTIFIED"",""CERTIFIED"",""CERTIFIED"",""CERTIFIED"",""CERTIFIED"",""CERTIFIED"",""CERTIFIED"",""CERTIFIED"",""CERTIFIED"",""CERTIFIED"",""CERTIFIED"",""CERTIFIED"",""CERTIFIED"",""CERTIFIED"",""CERTIFIED"",""CERTIFIED"",""CERTIFIED"",""CERTIFIED"",""CERTIFIED"",""CERTIFIED""]","[null,null,null,null,null,null,null,null,null,null,null,null,null,null,null,null,null,null,null,null,null,null,null,null]",,/data1/Kane/ACT/audit_results/r93_rerun_20260525T083118Z/malbeware_gpu_full150_cudafix_20260525/per_instance_malbeware_20260525T043812535123Z.json
gpu,76,UNKNOWN,UNKNOWN,UNKNOWN,UNKNOWN,9.335,,False,,PASSED,,onnx/malware_malimg_family_scaled_4-25.onnx,vnnlib/malbeware_family-Allaple.A_label-2_eps-3_idx-12.vnnlib,"[""UNSAT"",""UNSAT"",""UNKNOWN"",""UNSAT"",""UNSAT"",""UNSAT"",""UNSAT"",""UNSAT"",""UNSAT"",""UNSAT"",""UNSAT"",""UNSAT"",""UNSAT"",""UNSAT"",""UNSAT"",""UNSAT"",""UNSAT"",""UNSAT"",""UNSAT"",""UNSAT"",""UNSAT"",""UNSAT"",""UNSAT"",""UNSAT""]","[""CERTIFIED"",""CERTIFIED"",""UNKNOWN"",""CERTIFIED"",""CERTIFIED"",""CERTIFIED"",""CERTIFIED"",""CERTIFIED"",""CERTIFIED"",""CERTIFIED"",""CERTIFIED"",""CERTIFIED"",""CERTIFIED"",""CERTIFIED"",""CERTIFIED"",""CERTIFIED"",""CERTIFIED"",""CERTIFIED"",""CERTIFIED"",""CERTIFIED"",""CERTIFIED"",""CERTIFIED"",""CERTIFIED"",""CERTIFIED""]","[null,null,null,null,null,null,null,null,null,null,null,null,null,null,null,null,null,null,null,null,null,null,null,null]",,/data1/Kane/ACT/audit_results/r93_rerun_20260525T083118Z/malbeware_gpu_full150_cudafix_20260525/per_instance_malbeware_20260525T043812535123Z.json
gpu,77,CERTIFIED,UNSAT,CERTIFIED,CERTIFIED,8.908,,False,,PASSED,,onnx/malware_malimg_family_scaled_4-25.onnx,vnnlib/malbeware_family-Lolyda.AA2_label-13_eps-2_idx-68.vnnlib,"[""UNSAT"",""UNSAT"",""UNSAT"",""UNSAT"",""UNSAT"",""UNSAT"",""UNSAT"",""UNSAT"",""UNSAT"",""UNSAT"",""UNSAT"",""UNSAT"",""UNSAT"",""UNSAT"",""UNSAT"",""UNSAT"",""UNSAT"",""UNSAT"",""UNSAT"",""UNSAT"",""UNSAT"",""UNSAT"",""UNSAT"",""UNSAT""]","[""CERTIFIED"",""CERTIFIED"",""CERTIFIED"",""CERTIFIED"",""CERTIFIED"",""CERTIFIED"",""CERTIFIED"",""CERTIFIED"",""CERTIFIED"",""CERTIFIED"",""CERTIFIED"",""CERTIFIED"",""CERTIFIED"",""CERTIFIED"",""CERTIFIED"",""CERTIFIED"",""CERTIFIED"",""CERTIFIED"",""CERTIFIED"",""CERTIFIED"",""CERTIFIED"",""CERTIFIED"",""CERTIFIED"",""CERTIFIED""]","[null,null,null,null,null,null,null,null,null,null,null,null,null,null,null,null,null,null,null,null,null,null,null,null]",,/data1/Kane/ACT/audit_results/r93_rerun_20260525T083118Z/malbeware_gpu_full150_cudafix_20260525/per_instance_malbeware_20260525T043812535123Z.json
gpu,78,CERTIFIED,UNSAT,CERTIFIED,CERTIFIED,9.008,,False,,PASSED,,onnx/malware_malimg_family_scaled_4-25.onnx,vnnlib/malbeware_family-Lolyda.AA2_label-13_eps-1_idx-66.vnnlib,"[""UNSAT"",""UNSAT"",""UNSAT"",""UNSAT"",""UNSAT"",""UNSAT"",""UNSAT"",""UNSAT"",""UNSAT"",""UNSAT"",""UNSAT"",""UNSAT"",""UNSAT"",""UNSAT"",""UNSAT"",""UNSAT"",""UNSAT"",""UNSAT"",""UNSAT"",""UNSAT"",""UNSAT"",""UNSAT"",""UNSAT"",""UNSAT""]","[""CERTIFIED"",""CERTIFIED"",""CERTIFIED"",""CERTIFIED"",""CERTIFIED"",""CERTIFIED"",""CERTIFIED"",""CERTIFIED"",""CERTIFIED"",""CERTIFIED"",""CERTIFIED"",""CERTIFIED"",""CERTIFIED"",""CERTIFIED"",""CERTIFIED"",""CERTIFIED"",""CERTIFIED"",""CERTIFIED"",""CERTIFIED"",""CERTIFIED"",""CERTIFIED"",""CERTIFIED"",""CERTIFIED"",""CERTIFIED""]","[null,null,null,null,null,null,null,null,null,null,null,null,null,null,null,null,null,null,null,null,null,null,null,null]",,/data1/Kane/ACT/audit_results/r93_rerun_20260525T083118Z/malbeware_gpu_full150_cudafix_20260525/per_instance_malbeware_20260525T043812535123Z.json
gpu,79,CERTIFIED,UNSAT,CERTIFIED,CERTIFIED,9.29,,False,,PASSED,,onnx/malware_malimg_family_scaled_4-25.onnx,vnnlib/malbeware_family-Autorun.K_label-5_eps-2_idx-29.vnnlib,"[""UNSAT"",""UNSAT"",""UNSAT"",""UNSAT"",""UNSAT"",""UNSAT"",""UNSAT"",""UNSAT"",""UNSAT"",""UNSAT"",""UNSAT"",""UNSAT"",""UNSAT"",""UNSAT"",""UNSAT"",""UNSAT"",""UNSAT"",""UNSAT"",""UNSAT"",""UNSAT"",""UNSAT"",""UNSAT"",""UNSAT"",""UNSAT""]","[""CERTIFIED"",""CERTIFIED"",""CERTIFIED"",""CERTIFIED"",""CERTIFIED"",""CERTIFIED"",""CERTIFIED"",""CERTIFIED"",""CERTIFIED"",""CERTIFIED"",""CERTIFIED"",""CERTIFIED"",""CERTIFIED"",""CERTIFIED"",""CERTIFIED"",""CERTIFIED"",""CERTIFIED"",""CERTIFIED"",""CERTIFIED"",""CERTIFIED"",""CERTIFIED"",""CERTIFIED"",""CERTIFIED"",""CERTIFIED""]","[null,null,null,null,null,null,null,null,null,null,null,null,null,null,null,null,null,null,null,null,null,null,null,null]",,/data1/Kane/ACT/audit_results/r93_rerun_20260525T083118Z/malbeware_gpu_full150_cudafix_20260525/per_instance_malbeware_20260525T043812535123Z.json
gpu,8,CERTIFIED,UNSAT,CERTIFIED,CERTIFIED,1.727,,False,,PASSED,,onnx/malware_malimg_family_scaled_linear-25.onnx,vnnlib/malbeware_family-Yuner.A_label-24_eps-3_idx-120.vnnlib,"[""UNSAT"",""UNSAT"",""UNSAT"",""UNSAT"",""UNSAT"",""UNSAT"",""UNSAT"",""UNSAT"",""UNSAT"",""UNSAT"",""UNSAT"",""UNSAT"",""UNSAT"",""UNSAT"",""UNSAT"",""UNSAT"",""UNSAT"",""UNSAT"",""UNSAT"",""UNSAT"",""UNSAT"",""UNSAT"",""UNSAT"",""UNSAT""]","[""CERTIFIED"",""CERTIFIED"",""CERTIFIED"",""CERTIFIED"",""CERTIFIED"",""CERTIFIED"",""CERTIFIED"",""CERTIFIED"",""CERTIFIED"",""CERTIFIED"",""CERTIFIED"",""CERTIFIED"",""CERTIFIED"",""CERTIFIED"",""CERTIFIED"",""CERTIFIED"",""CERTIFIED"",""CERTIFIED"",""CERTIFIED"",""CERTIFIED"",""CERTIFIED"",""CERTIFIED"",""CERTIFIED"",""CERTIFIED""]","[null,null,null,null,null,null,null,null,null,null,null,null,null,null,null,null,null,null,null,null,null,null,null,null]",,/data1/Kane/ACT/audit_results/r93_rerun_20260525T083118Z/malbeware_gpu_full150_cudafix_20260525/per_instance_malbeware_20260525T043812535123Z.json
gpu,80,CERTIFIED,UNSAT,CERTIFIED,CERTIFIED,8.9,,False,,PASSED,,onnx/malware_malimg_family_scaled_4-25.onnx,vnnlib/malbeware_family-Lolyda.AT_label-15_eps-1_idx-79.vnnlib,"[""UNSAT"",""UNSAT"",""UNSAT"",""UNSAT"",""UNSAT"",""UNSAT"",""UNSAT"",""UNSAT"",""UNSAT"",""UNSAT"",""UNSAT"",""UNSAT"",""UNSAT"",""UNSAT"",""UNSAT"",""UNSAT"",""UNSAT"",""UNSAT"",""UNSAT"",""UNSAT"",""UNSAT"",""UNSAT"",""UNSAT"",""UNSAT""]","[""CERTIFIED"",""CERTIFIED"",""CERTIFIED"",""CERTIFIED"",""CERTIFIED"",""CERTIFIED"",""CERTIFIED"",""CERTIFIED"",""CERTIFIED"",""CERTIFIED"",""CERTIFIED"",""CERTIFIED"",""CERTIFIED"",""CERTIFIED"",""CERTIFIED"",""CERTIFIED"",""CERTIFIED"",""CERTIFIED"",""CERTIFIED"",""CERTIFIED"",""CERTIFIED"",""CERTIFIED"",""CERTIFIED"",""CERTIFIED""]","[null,null,null,null,null,null,null,null,null,null,null,null,null,null,null,null,null,null,null,null,null,null,null,null]",,/data1/Kane/ACT/audit_results/r93_rerun_20260525T083118Z/malbeware_gpu_full150_cudafix_20260525/per_instance_malbeware_20260525T043812535123Z.json
gpu,81,CERTIFIED,UNSAT,CERTIFIED,CERTIFIED,9.0,,False,,PASSED,,onnx/malware_malimg_family_scaled_4-25.onnx,vnnlib/malbeware_family-VB.AT_label-22_eps-2_idx-112.vnnlib,"[""UNSAT"",""UNSAT"",""UNSAT"",""UNSAT"",""UNSAT"",""UNSAT"",""UNSAT"",""UNSAT"",""UNSAT"",""UNSAT"",""UNSAT"",""UNSAT"",""UNSAT"",""UNSAT"",""UNSAT"",""UNSAT"",""UNSAT"",""UNSAT"",""UNSAT"",""UNSAT"",""UNSAT"",""UNSAT"",""UNSAT"",""UNSAT""]","[""CERTIFIED"",""CERTIFIED"",""CERTIFIED"",""CERTIFIED"",""CERTIFIED"",""CERTIFIED"",""CERTIFIED"",""CERTIFIED"",""CERTIFIED"",""CERTIFIED"",""CERTIFIED"",""CERTIFIED"",""CERTIFIED"",""CERTIFIED"",""CERTIFIED"",""CERTIFIED"",""CERTIFIED"",""CERTIFIED"",""CERTIFIED"",""CERTIFIED"",""CERTIFIED"",""CERTIFIED"",""CERTIFIED"",""CERTIFIED""]","[null,null,null,null,null,null,null,null,null,null,null,null,null,null,null,null,null,null,null,null,null,null,null,null]",,/data1/Kane/ACT/audit_results/r93_rerun_20260525T083118Z/malbeware_gpu_full150_cudafix_20260525/per_instance_malbeware_20260525T043812535123Z.json
gpu,82,FALSIFIED,SAT,FALSIFIED,FALSIFIED,2.809,,False,,PASSED,,onnx/malware_malimg_family_scaled_4-25.onnx,vnnlib/malbeware_family-C2LOP.P_label-6_eps-2_idx-30.vnnlib,"[""UNSAT"",""UNSAT"",""UNSAT"",""UNSAT"",""UNSAT"",""UNSAT"",""SAT""]","[""CERTIFIED"",""CERTIFIED"",""CERTIFIED"",""CERTIFIED"",""CERTIFIED"",""CERTIFIED"",""FALSIFIED""]","[null,null,null,null,null,null,""/data1/Kane/ACT/audit_results/r93_rerun_20260525T083118Z/malbeware_gpu_full150_cudafix_20260525/malbeware_82_q6_hz_walker_lp_0.json""]",,/data1/Kane/ACT/audit_results/r93_rerun_20260525T083118Z/malbeware_gpu_full150_cudafix_20260525/per_instance_malbeware_20260525T043812535123Z.json
gpu,83,CERTIFIED,UNSAT,CERTIFIED,CERTIFIED,9.169,,False,,PASSED,,onnx/malware_malimg_family_scaled_4-25.onnx,vnnlib/malbeware_family-Instantaccess_label-11_eps-2_idx-57.vnnlib,"[""UNSAT"",""UNSAT"",""UNSAT"",""UNSAT"",""UNSAT"",""UNSAT"",""UNSAT"",""UNSAT"",""UNSAT"",""UNSAT"",""UNSAT"",""UNSAT"",""UNSAT"",""UNSAT"",""UNSAT"",""UNSAT"",""UNSAT"",""UNSAT"",""UNSAT"",""UNSAT"",""UNSAT"",""UNSAT"",""UNSAT"",""UNSAT""]","[""CERTIFIED"",""CERTIFIED"",""CERTIFIED"",""CERTIFIED"",""CERTIFIED"",""CERTIFIED"",""CERTIFIED"",""CERTIFIED"",""CERTIFIED"",""CERTIFIED"",""CERTIFIED"",""CERTIFIED"",""CERTIFIED"",""CERTIFIED"",""CERTIFIED"",""CERTIFIED"",""CERTIFIED"",""CERTIFIED"",""CERTIFIED"",""CERTIFIED"",""CERTIFIED"",""CERTIFIED"",""CERTIFIED"",""CERTIFIED""]","[null,null,null,null,null,null,null,null,null,null,null,null,null,null,null,null,null,null,null,null,null,null,null,null]",,/data1/Kane/ACT/audit_results/r93_rerun_20260525T083118Z/malbeware_gpu_full150_cudafix_20260525/per_instance_malbeware_20260525T043812535123Z.json
gpu,84,CERTIFIED,UNSAT,CERTIFIED,CERTIFIED,9.001,,False,,PASSED,,onnx/malware_malimg_family_scaled_4-25.onnx,vnnlib/malbeware_family-Dialplatform.B_label-8_eps-1_idx-40.vnnlib,"[""UNSAT"",""UNSAT"",""UNSAT"",""UNSAT"",""UNSAT"",""UNSAT"",""UNSAT"",""UNSAT"",""UNSAT"",""UNSAT"",""UNSAT"",""UNSAT"",""UNSAT"",""UNSAT"",""UNSAT"",""UNSAT"",""UNSAT"",""UNSAT"",""UNSAT"",""UNSAT"",""UNSAT"",""UNSAT"",""UNSAT"",""UNSAT""]","[""CERTIFIED"",""CERTIFIED"",""CERTIFIED"",""CERTIFIED"",""CERTIFIED"",""CERTIFIED"",""CERTIFIED"",""CERTIFIED"",""CERTIFIED"",""CERTIFIED"",""CERTIFIED"",""CERTIFIED"",""CERTIFIED"",""CERTIFIED"",""CERTIFIED"",""CERTIFIED"",""CERTIFIED"",""CERTIFIED"",""CERTIFIED"",""CERTIFIED"",""CERTIFIED"",""CERTIFIED"",""CERTIFIED"",""CERTIFIED""]","[null,null,null,null,null,null,null,null,null,null,null,null,null,null,null,null,null,null,null,null,null,null,null,null]",,/data1/Kane/ACT/audit_results/r93_rerun_20260525T083118Z/malbeware_gpu_full150_cudafix_20260525/per_instance_malbeware_20260525T043812535123Z.json
gpu,85,UNKNOWN,UNKNOWN,UNKNOWN,UNKNOWN,9.326,,False,,PASSED,,onnx/malware_malimg_family_scaled_4-25.onnx,vnnlib/malbeware_family-Malex.gen!J_label-16_eps-3_idx-82.vnnlib,"[""UNSAT"",""UNSAT"",""UNKNOWN"",""UNSAT"",""UNSAT"",""UNSAT"",""UNSAT"",""UNSAT"",""UNSAT"",""UNSAT"",""UNSAT"",""UNSAT"",""UNSAT"",""UNSAT"",""UNSAT"",""UNSAT"",""UNSAT"",""UNSAT"",""UNSAT"",""UNSAT"",""UNSAT"",""UNSAT"",""UNSAT"",""UNSAT""]","[""CERTIFIED"",""CERTIFIED"",""UNKNOWN"",""CERTIFIED"",""CERTIFIED"",""CERTIFIED"",""CERTIFIED"",""CERTIFIED"",""CERTIFIED"",""CERTIFIED"",""CERTIFIED"",""CERTIFIED"",""CERTIFIED"",""CERTIFIED"",""CERTIFIED"",""CERTIFIED"",""CERTIFIED"",""CERTIFIED"",""CERTIFIED"",""CERTIFIED"",""CERTIFIED"",""CERTIFIED"",""CERTIFIED"",""CERTIFIED""]","[null,null,null,null,null,null,null,null,null,null,null,null,null,null,null,null,null,null,null,null,null,null,null,null]",,/data1/Kane/ACT/audit_results/r93_rerun_20260525T083118Z/malbeware_gpu_full150_cudafix_20260525/per_instance_malbeware_20260525T043812535123Z.json
gpu,86,CERTIFIED,UNSAT,CERTIFIED,CERTIFIED,9.083,,False,,PASSED,,onnx/malware_malimg_family_scaled_4-25.onnx,vnnlib/malbeware_family-Autorun.K_label-5_eps-1_idx-27.vnnlib,"[""UNSAT"",""UNSAT"",""UNSAT"",""UNSAT"",""UNSAT"",""UNSAT"",""UNSAT"",""UNSAT"",""UNSAT"",""UNSAT"",""UNSAT"",""UNSAT"",""UNSAT"",""UNSAT"",""UNSAT"",""UNSAT"",""UNSAT"",""UNSAT"",""UNSAT"",""UNSAT"",""UNSAT"",""UNSAT"",""UNSAT"",""UNSAT""]","[""CERTIFIED"",""CERTIFIED"",""CERTIFIED"",""CERTIFIED"",""CERTIFIED"",""CERTIFIED"",""CERTIFIED"",""CERTIFIED"",""CERTIFIED"",""CERTIFIED"",""CERTIFIED"",""CERTIFIED"",""CERTIFIED"",""CERTIFIED"",""CERTIFIED"",""CERTIFIED"",""CERTIFIED"",""CERTIFIED"",""CERTIFIED"",""CERTIFIED"",""CERTIFIED"",""CERTIFIED"",""CERTIFIED"",""CERTIFIED""]","[null,null,null,null,null,null,null,null,null,null,null,null,null,null,null,null,null,null,null,null,null,null,null,null]",,/data1/Kane/ACT/audit_results/r93_rerun_20260525T083118Z/malbeware_gpu_full150_cudafix_20260525/per_instance_malbeware_20260525T043812535123Z.json
gpu,87,UNKNOWN,UNKNOWN,UNKNOWN,UNKNOWN,9.454,,False,,PASSED,,onnx/malware_malimg_family_scaled_4-25.onnx,vnnlib/malbeware_family-Allaple.L_label-3_eps-3_idx-16.vnnlib,"[""UNSAT"",""UNSAT"",""UNKNOWN"",""UNSAT"",""UNSAT"",""UNSAT"",""UNSAT"",""UNSAT"",""UNSAT"",""UNSAT"",""UNSAT"",""UNSAT"",""UNSAT"",""UNSAT"",""UNSAT"",""UNSAT"",""UNSAT"",""UNSAT"",""UNSAT"",""UNSAT"",""UNSAT"",""UNSAT"",""UNSAT"",""UNSAT""]","[""CERTIFIED"",""CERTIFIED"",""UNKNOWN"",""CERTIFIED"",""CERTIFIED"",""CERTIFIED"",""CERTIFIED"",""CERTIFIED"",""CERTIFIED"",""CERTIFIED"",""CERTIFIED"",""CERTIFIED"",""CERTIFIED"",""CERTIFIED"",""CERTIFIED"",""CERTIFIED"",""CERTIFIED"",""CERTIFIED"",""CERTIFIED"",""CERTIFIED"",""CERTIFIED"",""CERTIFIED"",""CERTIFIED"",""CERTIFIED""]","[null,null,null,null,null,null,null,null,null,null,null,null,null,null,null,null,null,null,null,null,null,null,null,null]",,/data1/Kane/ACT/audit_results/r93_rerun_20260525T083118Z/malbeware_gpu_full150_cudafix_20260525/per_instance_malbeware_20260525T043812535123Z.json
gpu,88,CERTIFIED,UNSAT,CERTIFIED,CERTIFIED,9.072,,False,,PASSED,,onnx/malware_malimg_family_scaled_4-25.onnx,vnnlib/malbeware_family-Allaple.L_label-3_eps-1_idx-18.vnnlib,"[""UNSAT"",""UNSAT"",""UNSAT"",""UNSAT"",""UNSAT"",""UNSAT"",""UNSAT"",""UNSAT"",""UNSAT"",""UNSAT"",""UNSAT"",""UNSAT"",""UNSAT"",""UNSAT"",""UNSAT"",""UNSAT"",""UNSAT"",""UNSAT"",""UNSAT"",""UNSAT"",""UNSAT"",""UNSAT"",""UNSAT"",""UNSAT""]","[""CERTIFIED"",""CERTIFIED"",""CERTIFIED"",""CERTIFIED"",""CERTIFIED"",""CERTIFIED"",""CERTIFIED"",""CERTIFIED"",""CERTIFIED"",""CERTIFIED"",""CERTIFIED"",""CERTIFIED"",""CERTIFIED"",""CERTIFIED"",""CERTIFIED"",""CERTIFIED"",""CERTIFIED"",""CERTIFIED"",""CERTIFIED"",""CERTIFIED"",""CERTIFIED"",""CERTIFIED"",""CERTIFIED"",""CERTIFIED""]","[null,null,null,null,null,null,null,null,null,null,null,null,null,null,null,null,null,null,null,null,null,null,null,null]",,/data1/Kane/ACT/audit_results/r93_rerun_20260525T083118Z/malbeware_gpu_full150_cudafix_20260525/per_instance_malbeware_20260525T043812535123Z.json
gpu,89,FALSIFIED,SAT,FALSIFIED,FALSIFIED,8.341,,False,,PASSED,,onnx/malware_malimg_family_scaled_4-25.onnx,vnnlib/malbeware_family-Swizzor.gen!E_label-20_eps-2_idx-104.vnnlib,"[""UNSAT"",""UNSAT"",""UNSAT"",""UNSAT"",""UNSAT"",""UNSAT"",""UNSAT"",""UNSAT"",""UNSAT"",""UNSAT"",""UNSAT"",""UNSAT"",""UNSAT"",""UNSAT"",""UNSAT"",""UNSAT"",""UNSAT"",""UNSAT"",""UNSAT"",""UNSAT"",""SAT""]","[""CERTIFIED"",""CERTIFIED"",""CERTIFIED"",""CERTIFIED"",""CERTIFIED"",""CERTIFIED"",""CERTIFIED"",""CERTIFIED"",""CERTIFIED"",""CERTIFIED"",""CERTIFIED"",""CERTIFIED"",""CERTIFIED"",""CERTIFIED"",""CERTIFIED"",""CERTIFIED"",""CERTIFIED"",""CERTIFIED"",""CERTIFIED"",""CERTIFIED"",""FALSIFIED""]","[null,null,null,null,null,null,null,null,null,null,null,null,null,null,null,null,null,null,null,null,""/data1/Kane/ACT/audit_results/r93_rerun_20260525T083118Z/malbeware_gpu_full150_cudafix_20260525/malbeware_89_q20_hz_walker_lp_0.json""]",,/data1/Kane/ACT/audit_results/r93_rerun_20260525T083118Z/malbeware_gpu_full150_cudafix_20260525/per_instance_malbeware_20260525T043812535123Z.json
gpu,9,CERTIFIED,UNSAT,CERTIFIED,CERTIFIED,1.655,,False,,PASSED,,onnx/malware_malimg_family_scaled_linear-25.onnx,vnnlib/malbeware_family-Swizzor.gen!E_label-20_eps-3_idx-102.vnnlib,"[""UNSAT"",""UNSAT"",""UNSAT"",""UNSAT"",""UNSAT"",""UNSAT"",""UNSAT"",""UNSAT"",""UNSAT"",""UNSAT"",""UNSAT"",""UNSAT"",""UNSAT"",""UNSAT"",""UNSAT"",""UNSAT"",""UNSAT"",""UNSAT"",""UNSAT"",""UNSAT"",""UNSAT"",""UNSAT"",""UNSAT"",""UNSAT""]","[""CERTIFIED"",""CERTIFIED"",""CERTIFIED"",""CERTIFIED"",""CERTIFIED"",""CERTIFIED"",""CERTIFIED"",""CERTIFIED"",""CERTIFIED"",""CERTIFIED"",""CERTIFIED"",""CERTIFIED"",""CERTIFIED"",""CERTIFIED"",""CERTIFIED"",""CERTIFIED"",""CERTIFIED"",""CERTIFIED"",""CERTIFIED"",""CERTIFIED"",""CERTIFIED"",""CERTIFIED"",""CERTIFIED"",""CERTIFIED""]","[null,null,null,null,null,null,null,null,null,null,null,null,null,null,null,null,null,null,null,null,null,null,null,null]",,/data1/Kane/ACT/audit_results/r93_rerun_20260525T083118Z/malbeware_gpu_full150_cudafix_20260525/per_instance_malbeware_20260525T043812535123Z.json
gpu,90,CERTIFIED,UNSAT,CERTIFIED,CERTIFIED,9.336,,False,,PASSED,,onnx/malware_malimg_family_scaled_4-25.onnx,vnnlib/malbeware_family-VB.AT_label-22_eps-3_idx-111.vnnlib,"[""UNSAT"",""UNSAT"",""UNSAT"",""UNSAT"",""UNSAT"",""UNSAT"",""UNSAT"",""UNSAT"",""UNSAT"",""UNSAT"",""UNSAT"",""UNSAT"",""UNSAT"",""UNSAT"",""UNSAT"",""UNSAT"",""UNSAT"",""UNSAT"",""UNSAT"",""UNSAT"",""UNSAT"",""UNSAT"",""UNSAT"",""UNSAT""]","[""CERTIFIED"",""CERTIFIED"",""CERTIFIED"",""CERTIFIED"",""CERTIFIED"",""CERTIFIED"",""CERTIFIED"",""CERTIFIED"",""CERTIFIED"",""CERTIFIED"",""CERTIFIED"",""CERTIFIED"",""CERTIFIED"",""CERTIFIED"",""CERTIFIED"",""CERTIFIED"",""CERTIFIED"",""CERTIFIED"",""CERTIFIED"",""CERTIFIED"",""CERTIFIED"",""CERTIFIED"",""CERTIFIED"",""CERTIFIED""]","[null,null,null,null,null,null,null,null,null,null,null,null,null,null,null,null,null,null,null,null,null,null,null,null]",,/data1/Kane/ACT/audit_results/r93_rerun_20260525T083118Z/malbeware_gpu_full150_cudafix_20260525/per_instance_malbeware_20260525T043812535123Z.json
gpu,91,CERTIFIED,UNSAT,CERTIFIED,CERTIFIED,8.656,,False,,PASSED,,onnx/malware_malimg_family_scaled_4-25.onnx,vnnlib/malbeware_family-Rbotigen_label-18_eps-2_idx-93.vnnlib,"[""UNSAT"",""UNSAT"",""UNSAT"",""UNSAT"",""UNSAT"",""UNSAT"",""UNSAT"",""UNSAT"",""UNSAT"",""UNSAT"",""UNSAT"",""UNSAT"",""UNSAT"",""UNSAT"",""UNSAT"",""UNSAT"",""UNSAT"",""UNSAT"",""UNSAT"",""UNSAT"",""UNSAT"",""UNSAT"",""UNSAT"",""UNSAT""]","[""CERTIFIED"",""CERTIFIED"",""CERTIFIED"",""CERTIFIED"",""CERTIFIED"",""CERTIFIED"",""CERTIFIED"",""CERTIFIED"",""CERTIFIED"",""CERTIFIED"",""CERTIFIED"",""CERTIFIED"",""CERTIFIED"",""CERTIFIED"",""CERTIFIED"",""CERTIFIED"",""CERTIFIED"",""CERTIFIED"",""CERTIFIED"",""CERTIFIED"",""CERTIFIED"",""CERTIFIED"",""CERTIFIED"",""CERTIFIED""]","[null,null,null,null,null,null,null,null,null,null,null,null,null,null,null,null,null,null,null,null,null,null,null,null]",,/data1/Kane/ACT/audit_results/r93_rerun_20260525T083118Z/malbeware_gpu_full150_cudafix_20260525/per_instance_malbeware_20260525T043812535123Z.json
gpu,92,CERTIFIED,UNSAT,CERTIFIED,CERTIFIED,8.931,,False,,PASSED,,onnx/malware_malimg_family_scaled_4-25.onnx,vnnlib/malbeware_family-Lolyda.AT_label-15_eps-2_idx-76.vnnlib,"[""UNSAT"",""UNSAT"",""UNSAT"",""UNSAT"",""UNSAT"",""UNSAT"",""UNSAT"",""UNSAT"",""UNSAT"",""UNSAT"",""UNSAT"",""UNSAT"",""UNSAT"",""UNSAT"",""UNSAT"",""UNSAT"",""UNSAT"",""UNSAT"",""UNSAT"",""UNSAT"",""UNSAT"",""UNSAT"",""UNSAT"",""UNSAT""]","[""CERTIFIED"",""CERTIFIED"",""CERTIFIED"",""CERTIFIED"",""CERTIFIED"",""CERTIFIED"",""CERTIFIED"",""CERTIFIED"",""CERTIFIED"",""CERTIFIED"",""CERTIFIED"",""CERTIFIED"",""CERTIFIED"",""CERTIFIED"",""CERTIFIED"",""CERTIFIED"",""CERTIFIED"",""CERTIFIED"",""CERTIFIED"",""CERTIFIED"",""CERTIFIED"",""CERTIFIED"",""CERTIFIED"",""CERTIFIED""]","[null,null,null,null,null,null,null,null,null,null,null,null,null,null,null,null,null,null,null,null,null,null,null,null]",,/data1/Kane/ACT/audit_results/r93_rerun_20260525T083118Z/malbeware_gpu_full150_cudafix_20260525/per_instance_malbeware_20260525T043812535123Z.json
gpu,93,CERTIFIED,UNSAT,CERTIFIED,CERTIFIED,9.042,,False,,PASSED,,onnx/malware_malimg_family_scaled_4-25.onnx,vnnlib/malbeware_family-C2LOP.P_label-6_eps-2_idx-31.vnnlib,"[""UNSAT"",""UNSAT"",""UNSAT"",""UNSAT"",""UNSAT"",""UNSAT"",""UNSAT"",""UNSAT"",""UNSAT"",""UNSAT"",""UNSAT"",""UNSAT"",""UNSAT"",""UNSAT"",""UNSAT"",""UNSAT"",""UNSAT"",""UNSAT"",""UNSAT"",""UNSAT"",""UNSAT"",""UNSAT"",""UNSAT"",""UNSAT""]","[""CERTIFIED"",""CERTIFIED"",""CERTIFIED"",""CERTIFIED"",""CERTIFIED"",""CERTIFIED"",""CERTIFIED"",""CERTIFIED"",""CERTIFIED"",""CERTIFIED"",""CERTIFIED"",""CERTIFIED"",""CERTIFIED"",""CERTIFIED"",""CERTIFIED"",""CERTIFIED"",""CERTIFIED"",""CERTIFIED"",""CERTIFIED"",""CERTIFIED"",""CERTIFIED"",""CERTIFIED"",""CERTIFIED"",""CERTIFIED""]","[null,null,null,null,null,null,null,null,null,null,null,null,null,null,null,null,null,null,null,null,null,null,null,null]",,/data1/Kane/ACT/audit_results/r93_rerun_20260525T083118Z/malbeware_gpu_full150_cudafix_20260525/per_instance_malbeware_20260525T043812535123Z.json
gpu,94,FALSIFIED,SAT,FALSIFIED,FALSIFIED,1.296,,False,,PASSED,,onnx/malware_malimg_family_scaled_4-25.onnx,vnnlib/malbeware_family-Allaple.L_label-3_eps-2_idx-18.vnnlib,"[""UNSAT"",""UNSAT"",""SAT""]","[""CERTIFIED"",""CERTIFIED"",""FALSIFIED""]","[null,null,""/data1/Kane/ACT/audit_results/r93_rerun_20260525T083118Z/malbeware_gpu_full150_cudafix_20260525/malbeware_94_q2_hz_walker_lp_0.json""]",,/data1/Kane/ACT/audit_results/r93_rerun_20260525T083118Z/malbeware_gpu_full150_cudafix_20260525/per_instance_malbeware_20260525T043812535123Z.json
gpu,95,CERTIFIED,UNSAT,CERTIFIED,CERTIFIED,9.004,,False,,PASSED,,onnx/malware_malimg_family_scaled_4-25.onnx,vnnlib/malbeware_family-Autorun.K_label-5_eps-1_idx-28.vnnlib,"[""UNSAT"",""UNSAT"",""UNSAT"",""UNSAT"",""UNSAT"",""UNSAT"",""UNSAT"",""UNSAT"",""UNSAT"",""UNSAT"",""UNSAT"",""UNSAT"",""UNSAT"",""UNSAT"",""UNSAT"",""UNSAT"",""UNSAT"",""UNSAT"",""UNSAT"",""UNSAT"",""UNSAT"",""UNSAT"",""UNSAT"",""UNSAT""]","[""CERTIFIED"",""CERTIFIED"",""CERTIFIED"",""CERTIFIED"",""CERTIFIED"",""CERTIFIED"",""CERTIFIED"",""CERTIFIED"",""CERTIFIED"",""CERTIFIED"",""CERTIFIED"",""CERTIFIED"",""CERTIFIED"",""CERTIFIED"",""CERTIFIED"",""CERTIFIED"",""CERTIFIED"",""CERTIFIED"",""CERTIFIED"",""CERTIFIED"",""CERTIFIED"",""CERTIFIED"",""CERTIFIED"",""CERTIFIED""]","[null,null,null,null,null,null,null,null,null,null,null,null,null,null,null,null,null,null,null,null,null,null,null,null]",,/data1/Kane/ACT/audit_results/r93_rerun_20260525T083118Z/malbeware_gpu_full150_cudafix_20260525/per_instance_malbeware_20260525T043812535123Z.json
gpu,96,CERTIFIED,UNSAT,CERTIFIED,CERTIFIED,9.191,,False,,PASSED,,onnx/malware_malimg_family_scaled_4-25.onnx,vnnlib/malbeware_family-Allaple.A_label-2_eps-2_idx-13.vnnlib,"[""UNSAT"",""UNSAT"",""UNSAT"",""UNSAT"",""UNSAT"",""UNSAT"",""UNSAT"",""UNSAT"",""UNSAT"",""UNSAT"",""UNSAT"",""UNSAT"",""UNSAT"",""UNSAT"",""UNSAT"",""UNSAT"",""UNSAT"",""UNSAT"",""UNSAT"",""UNSAT"",""UNSAT"",""UNSAT"",""UNSAT"",""UNSAT""]","[""CERTIFIED"",""CERTIFIED"",""CERTIFIED"",""CERTIFIED"",""CERTIFIED"",""CERTIFIED"",""CERTIFIED"",""CERTIFIED"",""CERTIFIED"",""CERTIFIED"",""CERTIFIED"",""CERTIFIED"",""CERTIFIED"",""CERTIFIED"",""CERTIFIED"",""CERTIFIED"",""CERTIFIED"",""CERTIFIED"",""CERTIFIED"",""CERTIFIED"",""CERTIFIED"",""CERTIFIED"",""CERTIFIED"",""CERTIFIED""]","[null,null,null,null,null,null,null,null,null,null,null,null,null,null,null,null,null,null,null,null,null,null,null,null]",,/data1/Kane/ACT/audit_results/r93_rerun_20260525T083118Z/malbeware_gpu_full150_cudafix_20260525/per_instance_malbeware_20260525T043812535123Z.json
gpu,97,CERTIFIED,UNSAT,CERTIFIED,CERTIFIED,9.158,,False,,PASSED,,onnx/malware_malimg_family_scaled_4-25.onnx,vnnlib/malbeware_family-Alueron.gen!J_label-4_eps-1_idx-23.vnnlib,"[""UNSAT"",""UNSAT"",""UNSAT"",""UNSAT"",""UNSAT"",""UNSAT"",""UNSAT"",""UNSAT"",""UNSAT"",""UNSAT"",""UNSAT"",""UNSAT"",""UNSAT"",""UNSAT"",""UNSAT"",""UNSAT"",""UNSAT"",""UNSAT"",""UNSAT"",""UNSAT"",""UNSAT"",""UNSAT"",""UNSAT"",""UNSAT""]","[""CERTIFIED"",""CERTIFIED"",""CERTIFIED"",""CERTIFIED"",""CERTIFIED"",""CERTIFIED"",""CERTIFIED"",""CERTIFIED"",""CERTIFIED"",""CERTIFIED"",""CERTIFIED"",""CERTIFIED"",""CERTIFIED"",""CERTIFIED"",""CERTIFIED"",""CERTIFIED"",""CERTIFIED"",""CERTIFIED"",""CERTIFIED"",""CERTIFIED"",""CERTIFIED"",""CERTIFIED"",""CERTIFIED"",""CERTIFIED""]","[null,null,null,null,null,null,null,null,null,null,null,null,null,null,null,null,null,null,null,null,null,null,null,null]",,/data1/Kane/ACT/audit_results/r93_rerun_20260525T083118Z/malbeware_gpu_full150_cudafix_20260525/per_instance_malbeware_20260525T043812535123Z.json
gpu,98,CERTIFIED,UNSAT,CERTIFIED,CERTIFIED,8.834,,False,,PASSED,,onnx/malware_malimg_family_scaled_4-25.onnx,vnnlib/malbeware_family-Dialplatform.B_label-8_eps-2_idx-43.vnnlib,"[""UNSAT"",""UNSAT"",""UNSAT"",""UNSAT"",""UNSAT"",""UNSAT"",""UNSAT"",""UNSAT"",""UNSAT"",""UNSAT"",""UNSAT"",""UNSAT"",""UNSAT"",""UNSAT"",""UNSAT"",""UNSAT"",""UNSAT"",""UNSAT"",""UNSAT"",""UNSAT"",""UNSAT"",""UNSAT"",""UNSAT"",""UNSAT""]","[""CERTIFIED"",""CERTIFIED"",""CERTIFIED"",""CERTIFIED"",""CERTIFIED"",""CERTIFIED"",""CERTIFIED"",""CERTIFIED"",""CERTIFIED"",""CERTIFIED"",""CERTIFIED"",""CERTIFIED"",""CERTIFIED"",""CERTIFIED"",""CERTIFIED"",""CERTIFIED"",""CERTIFIED"",""CERTIFIED"",""CERTIFIED"",""CERTIFIED"",""CERTIFIED"",""CERTIFIED"",""CERTIFIED"",""CERTIFIED""]","[null,null,null,null,null,null,null,null,null,null,null,null,null,null,null,null,null,null,null,null,null,null,null,null]",,/data1/Kane/ACT/audit_results/r93_rerun_20260525T083118Z/malbeware_gpu_full150_cudafix_20260525/per_instance_malbeware_20260525T043812535123Z.json
gpu,99,CERTIFIED,UNSAT,CERTIFIED,CERTIFIED,9.189,,False,,PASSED,,onnx/malware_malimg_family_scaled_4-25.onnx,vnnlib/malbeware_family-Instantaccess_label-11_eps-2_idx-55.vnnlib,"[""UNSAT"",""UNSAT"",""UNSAT"",""UNSAT"",""UNSAT"",""UNSAT"",""UNSAT"",""UNSAT"",""UNSAT"",""UNSAT"",""UNSAT"",""UNSAT"",""UNSAT"",""UNSAT"",""UNSAT"",""UNSAT"",""UNSAT"",""UNSAT"",""UNSAT"",""UNSAT"",""UNSAT"",""UNSAT"",""UNSAT"",""UNSAT""]","[""CERTIFIED"",""CERTIFIED"",""CERTIFIED"",""CERTIFIED"",""CERTIFIED"",""CERTIFIED"",""CERTIFIED"",""CERTIFIED"",""CERTIFIED"",""CERTIFIED"",""CERTIFIED"",""CERTIFIED"",""CERTIFIED"",""CERTIFIED"",""CERTIFIED"",""CERTIFIED"",""CERTIFIED"",""CERTIFIED"",""CERTIFIED"",""CERTIFIED"",""CERTIFIED"",""CERTIFIED"",""CERTIFIED"",""CERTIFIED""]","[null,null,null,null,null,null,null,null,null,null,null,null,null,null,null,null,null,null,null,null,null,null,null,null]",,/data1/Kane/ACT/audit_results/r93_rerun_20260525T083118Z/malbeware_gpu_full150_cudafix_20260525/per_instance_malbeware_20260525T043812535123Z.json
