[0;93m2026-05-26 14:33:27.560125600 [W:onnxruntime:Default, device_discovery.cc:325 DiscoverDevicesForPlatform] GPU device discovery failed: device_discovery.cc:92 ReadFileContents Failed to open file: "/sys/class/drm/card0/device/vendor"[m
Configurations:

general:
  device: cuda
  seed: 100
  conv_mode: patches
  deterministic: false
  double_fp: false
  loss_reduction_func: sum
  sparse_alpha: true
  sparse_interm: true
  save_adv_example: true
  verify_onnxruntime_output: false
  eval_adv_example: false
  show_adv_example: false
  precompile_jit: true
  prepare_only: false
  complete_verifier: bab
  enable_incomplete_verification: true
  csv_name: instances.csv
  results_file: /data1/Kane/ACT/audit_results/abcrown_nopgd_20260525/tinyimagenet_2024/0078__TinyImageNet_resnet_medium__TinyImageNet_resnet_medium_prop_idx_9025_sidx_9203_eps_0.0039.result
  root_path: ../../vnncomp2024_benchmarks/benchmarks/tinyimagenet
  deterministic_opt: false
  graph_optimizer: 'Customized("custom_graph_optimizer", "default_optimizer")'
  buffer_has_batchdim: false
  save_output: false
  output_file: out.pkl
  return_optimized_model: false
model:
  name: null
  path: null
  onnx_path: /data1/Kane/data/vnncomp2025_benchmarks/benchmarks/tinyimagenet_2024/onnx/TinyImageNet_resnet_medium.onnx
  onnx_path_prefix: ''
  cache_onnx_conversion: false
  debug_onnx: false
  onnx_quirks: null
  input_shape: null
  onnx_loader: default_onnx_and_vnnlib_loader
  onnx_optimization_flags: [merge_bn]
  onnx_vnnlib_joint_optimization_flags: none
  check_optimized: false
  flatten_final_output: false
  optimize_graph: null
  with_jacobian: false
data:
  start: 0
  end: 10000
  select_instance: null
  num_outputs: 10
  mean: 0.0
  std: 1.0
  pkl_path: null
  dataset: null
  data_filter_path: null
  data_idx_file: null
specification:
  type: lp
  robustness_type: verified-acc
  norm: .inf
  epsilon: null
  epsilon_min: 0.0
  vnnlib_path: /data1/Kane/data/vnncomp2025_benchmarks/benchmarks/tinyimagenet_2024/vnnlib/TinyImageNet_resnet_medium_prop_idx_9025_sidx_9203_eps_0.0039.vnnlib
  vnnlib_path_prefix: ''
  rhs_offset: null
solver:
  batch_size: 256
  auto_enlarge_batch_size: false
  min_batch_size_ratio: 0.1
  use_float64_in_last_iteration: false
  early_stop_patience: 10
  start_save_best: 0.5
  bound_prop_method: alpha-crown
  init_bound_prop_method: same
  prune_after_crown: true
  optimize_disjuncts_separately: false
  crown:
    batch_size: 1000000000
    max_crown_size: 1000000000
    activation_bound_option: adaptive
    compare_crown_with_ibp: false
  alpha-crown:
    alpha: true
    lr_alpha: 0.25
    iteration: 20
    share_alphas: false
    lr_decay: 0.98
    full_conv_alpha: true
    max_coeff_mul: .inf
    matmul_share_alphas: false
    disable_optimization: []
    max_time: 1.0
  invprop:
    apply_output_constraints_to: []
    tighten_input_bounds: false
    best_of_oc_and_no_oc: false
    directly_optimize: []
    oc_lr: 0.1
    share_gammas: false
  beta-crown:
    lr_alpha: 0.1
    lr_beta: 0.15
    lr_decay: 0.98
    optimizer: adam
    iteration: 8
    beta: true
    beta_warmup: true
    enable_opt_interm_bounds: false
    all_node_split_LP: false
  forward:
    refine: false
    max_dim: 10000
    reset_threshold: 1.0
  multi_class:
    label_batch_size: 32
    skip_with_refined_bound: true
  mip:
    unstable_neuron_threshold: 0
    parallel_solvers: null
    solver_threads: 1
    refine_neuron_timeout: 15
    refine_neuron_time_percentage: 0.8
    early_stop: true
    adv_warmup: true
    mip_solver: gurobi
    skip_unsafe: false
    topk_filter: 1.0
    sliding_window: -1
    extra_constraint: false
    refine_neuron_timeout_increasement: 0
    timeout_neuron_percentage: 0.3
    remaining_timeout_threshold: 1
    remove_unstable_neurons: false
    lp_solver: false
bab:
  initial_max_domains: 200
  backing_up_max_domain: null
  max_domains: .inf
  decision_thresh: 0
  timeout: 100.0
  timeout_scale: 1
  max_iterations: -1
  override_timeout: null
  get_upper_bound: false
  pruning_in_iteration: true
  pruning_in_iteration_ratio: 0.2
  sort_targets: false
  batched_domain_list: true
  optimized_interm: ''
  interm_transfer: false
  recompute_interm: false
  sort_domain_interval: -1
  vanilla_crown: false
  tree_traversal: depth_first
  cut:
    enabled: false
    cuts_path: /tmp/abcrown_cuts
    implication: false
    bab_cut: false
    lp_cut: false
    method: null
    lr: 0.01
    lr_decay: 1.0
    iteration: 100
    bab_iteration: -1
    early_stop_patience: -1
    lr_beta: 0.02
    number_cuts: 50
    topk_cuts_in_filter: 1000
    batch_size_primal: 100
    max_num: 1000000000
    patches_cut: false
    cplex_cuts: false
    cplex_cuts_wait: 0
    cplex_cuts_revpickup: true
    cut_reference_bounds: true
    fix_intermediate_bounds: false
    biccos:
      enabled: false
      constraint_strengthening: true
      recursively_strengthening: false
      drop_ratio: 0.5
      verified_bonus: 0.3
      max_infer_iter: 20
      heuristic: neuron_influence_score
      save_biccos_cuts: false
      multi_tree_branching:
        enabled: false
        restore_best_tree: false
        keep_n_best_domains: 1
        k_splits: 1
        iterations: 1
  branching:
    method: kfsb
    candidates: 7
    reduceop: max
    enable_intermediate_bound_opt: false
    branching_input_and_activation: false
    branching_input_and_activation_order: [input, relu]
    branching_input_iterations: 30
    branching_relu_iterations: 50
    nonlinear_split:
      method: bbps
      disable: false
      branching_point_method: uniform
      num_branches: 2
      filter: false
      filter_beta: false
      filter_clamp: false
      filter_batch_size: 10000
      filter_iterations: 25
      relu_only: false
      loose_tanh_threshold: null
      branching_point:
        db_path: branching_points.pt
        num_iterations: 1000
        batch_size: 1000000
        range_l: -5.0
        range_u: 5.0
        log_interval: 100
        step_size_1d: 0.01
        step_size: 0.2
    input_split:
      enable_clip_domains: false
      split_hint: null
      reorder_bab: false
      enable: false
      enhanced_bound_prop_method: alpha-crown
      enhanced_branching_method: naive
      enhanced_bound_patience: 100000000.0
      attack_patience: 100000000.0
      adv_check: 0
      split_partitions: 2
      sb_margin_weight: 1.0
      sb_sum: false
      sb_primary_spec: null
      bf_backup_thresh: -1
      bf_rhs_offset: 0
      bf_iters: 1000000000.0
      bf_batch_size: 100000
      bf_zero_crossing_score: false
      touch_zero_score: 0
      ibp_enhancement: false
      compare_with_old_bounds: false
      update_rhs_with_attack: false
      sb_coeff_thresh: 0.001
      sort_index: null
      sort_descending: true
      show_progress: false
      presplit_domains: null
      skip_getting_worst_domain: false
  attack:
    enabled: false
    beam_candidates: 8
    beam_depth: 7
    max_dive_fix_ratio: 0.8
    min_local_free_ratio: 0.2
    mip_start_iteration: 5
    mip_timeout: 30.0
    adv_pool_threshold: null
    refined_mip_attacker: false
    refined_batch_size: null
attack:
  pgd_order: skip
  pgd_steps: 100
  pgd_restarts: 10
  pgd_batch_size: 100000000
  pgd_early_stop: true
  pgd_lr_decay: 0.99
  pgd_alpha: auto
  pgd_alpha_scale: false
  pgd_loss_mode: null
  pgd_restart_when_stuck: false
  enable_mip_attack: false
  adv_saver: default_adv_saver
  adv_verifier: default_adv_verifier
  early_stop_condition: default_early_stop_condition
  adv_example_finalizer: default_adv_example_finalizer
  pgd_loss: default_pgd_loss
  cex_path: ./test_cex.txt
  attack_mode: PGD
  attack_tolerance: 0.0
  attack_func: attack_with_general_specs
  gama_lambda: 10.0
  gama_decay: 0.9
  check_clean: false
  input_split:
    pgd_steps: 100
    pgd_restarts: 30
    pgd_alpha: auto
  input_split_enhanced:
    pgd_steps: 200
    pgd_restarts: 500000
    pgd_alpha: auto
  input_split_check_adv:
    enabled: auto
    pgd_steps: 5
    pgd_restarts: 5
    pgd_alpha: auto
    max_num_domains: 10
debug:
  view_model: false
  lp_test: null
  rescale_vnnlib_ptb: null
  test_optimized_bounds: false
  test_optimized_bounds_after_n_iterations: 0
  print_verbose_decisions: false
  sanity_check: null
  save_minimal_config: null
  save_minimal_config_omit_keys: []

Experiments at Tue May 26 14:33:28 2026 on dell-pro-max-tower-t2
Pre-compile jit kernels on a toy network.../data1/Kane/miniconda3/envs/GenBaB/lib/python3.11/site-packages/onnx2pytorch/convert/model.py:151: UserWarning: Using experimental implementation that allows 'batch_size > 1'.Batchnorm layers could potentially produce false outputs.
  warnings.warn(
/data1/Kane/miniconda3/envs/GenBaB/lib/python3.11/site-packages/onnx2pytorch/utils.py:21: TracerWarning: Converting a tensor to a Python boolean might cause the trace to be incorrect. We can't record the data flow of Python values, so this value will be treated as a constant in the future. This means that the trace might not generalize to other inputs!
  return value.ndim == 0 or value.shape == torch.Size([1])
/data1/Kane/miniconda3/envs/GenBaB/lib/python3.11/site-packages/onnx2pytorch/operations/add.py:34: TracerWarning: Converting a tensor to a Python boolean might cause the trace to be incorrect. We can't record the data flow of Python values, so this value will be treated as a constant in the future. This means that the trace might not generalize to other inputs!
  elif all(x == 1 for x in input[0].shape):

JIT kernels compiled in 1.1497s.
Internal results will be saved to /data1/Kane/ACT/audit_results/abcrown_nopgd_20260525/tinyimagenet_2024/0078__TinyImageNet_resnet_medium__TinyImageNet_resnet_medium_prop_idx_9025_sidx_9203_eps_0.0039.result.

 %%%%%%%%%%%%%%%%%%%%%%%%%%%%%%%%%%% idx: 0, vnnlib ID: 0 %%%%%%%%%%%%%%%%%%%%%%%%%%%%%%%%%%%
Using onnx /data1/Kane/data/vnncomp2025_benchmarks/benchmarks/tinyimagenet_2024/onnx/TinyImageNet_resnet_medium.onnx
Using vnnlib /data1/Kane/data/vnncomp2025_benchmarks/benchmarks/tinyimagenet_2024/vnnlib/TinyImageNet_resnet_medium_prop_idx_9025_sidx_9203_eps_0.0039.vnnlib
9408 inputs and 200 outputs in vnnlib
Loading onnx /data1/Kane/data/vnncomp2025_benchmarks/benchmarks/tinyimagenet_2024/onnx/TinyImageNet_resnet_medium.onnx with quirks {}
Onnx optimization with flags: ['merge_bn']
Found existed optimized onnx model at /data1/Kane/data/vnncomp2025_benchmarks/benchmarks/tinyimagenet_2024/onnx/TinyImageNet_resnet_medium.onnx.optimized
Finished onnx model loading in 0.0871 seconds
Model: BoundedModule(
  (/input-1): BoundInput(name=/input-1, inputs=[], perturbed=True)
  (/43): BoundParams(name=/43, inputs=[], perturbed=False)
  (/44): BoundParams(name=/44, inputs=[], perturbed=False)
  (/45): BoundParams(name=/45, inputs=[], perturbed=False)
  (/46): BoundParams(name=/46, inputs=[], perturbed=False)
  (/47): BoundParams(name=/47, inputs=[], perturbed=False)
  (/48): BoundParams(name=/48, inputs=[], perturbed=False)
  (/49): BoundParams(name=/49, inputs=[], perturbed=False)
  (/50): BoundParams(name=/50, inputs=[], perturbed=False)
  (/51): BoundParams(name=/51, inputs=[], perturbed=False)
  (/52): BoundParams(name=/52, inputs=[], perturbed=False)
  (/53): BoundParams(name=/53, inputs=[], perturbed=False)
  (/54): BoundParams(name=/54, inputs=[], perturbed=False)
  (/55): BoundParams(name=/55, inputs=[], perturbed=False)
  (/56): BoundParams(name=/56, inputs=[], perturbed=False)
  (/57): BoundParams(name=/57, inputs=[], perturbed=False)
  (/58): BoundParams(name=/58, inputs=[], perturbed=False)
  (/59): BoundParams(name=/59, inputs=[], perturbed=False)
  (/60): BoundParams(name=/60, inputs=[], perturbed=False)
  (/61): BoundParams(name=/61, inputs=[], perturbed=False)
  (/62): BoundParams(name=/62, inputs=[], perturbed=False)
  (/63): BoundParams(name=/63, inputs=[], perturbed=False)
  (/64): BoundParams(name=/64, inputs=[], perturbed=False)
  (/65): BoundParams(name=/65, inputs=[], perturbed=False)
  (/66): BoundParams(name=/66, inputs=[], perturbed=False)
  (/67): BoundParams(name=/67, inputs=[], perturbed=False)
  (/68): BoundParams(name=/68, inputs=[], perturbed=False)
  (/69): BoundParams(name=/69, inputs=[], perturbed=False)
  (/70): BoundParams(name=/70, inputs=[], perturbed=False)
  (/71): BoundParams(name=/71, inputs=[], perturbed=False)
  (/72): BoundParams(name=/72, inputs=[], perturbed=False)
  (/73): BoundParams(name=/73, inputs=[], perturbed=False)
  (/74): BoundParams(name=/74, inputs=[], perturbed=False)
  (/75): BoundParams(name=/75, inputs=[], perturbed=False)
  (/76): BoundParams(name=/76, inputs=[], perturbed=False)
  (/77): BoundParams(name=/77, inputs=[], perturbed=False)
  (/78): BoundParams(name=/78, inputs=[], perturbed=False)
  (/79): BoundParams(name=/79, inputs=[], perturbed=False)
  (/80): BoundParams(name=/80, inputs=[], perturbed=False)
  (/81): BoundParams(name=/81, inputs=[], perturbed=False)
  (/82): BoundParams(name=/82, inputs=[], perturbed=False)
  (/83): BoundParams(name=/83, inputs=[], perturbed=False)
  (/84): BoundParams(name=/84, inputs=[], perturbed=False)
  (/input): BoundConv(name=/input, inputs=[/input-1, /43, /44], perturbed=True)
  (/input-4): BoundRelu(name=/input-4, inputs=[/input], perturbed=True)
  (/input-8): BoundConv(name=/input-8, inputs=[/input-4, /45, /46], perturbed=True)
  (/input-12): BoundRelu(name=/input-12, inputs=[/input-8], perturbed=True)
  (/89): BoundConv(name=/89, inputs=[/input-12, /47, /48], perturbed=True)
  (/90): BoundConv(name=/90, inputs=[/input-4, /49, /50], perturbed=True)
  (/91): BoundAdd(name=/91, inputs=[/89, /90], perturbed=True)
  (/input-16): BoundConv(name=/input-16, inputs=[/91, /51, /52], perturbed=True)
  (/input-20): BoundRelu(name=/input-20, inputs=[/input-16], perturbed=True)
  (/94): BoundConv(name=/94, inputs=[/input-20, /53, /54], perturbed=True)
  (/95): BoundAdd(name=/95, inputs=[/94, /91], perturbed=True)
  (/input-24): BoundConv(name=/input-24, inputs=[/95, /55, /56], perturbed=True)
  (/input-28): BoundRelu(name=/input-28, inputs=[/input-24], perturbed=True)
  (/98): BoundConv(name=/98, inputs=[/input-28, /57, /58], perturbed=True)
  (/99): BoundAdd(name=/99, inputs=[/98, /95], perturbed=True)
  (/input-32): BoundConv(name=/input-32, inputs=[/99, /59, /60], perturbed=True)
  (/input-36): BoundRelu(name=/input-36, inputs=[/input-32], perturbed=True)
  (/102): BoundConv(name=/102, inputs=[/input-36, /61, /62], perturbed=True)
  (/103): BoundAdd(name=/103, inputs=[/102, /99], perturbed=True)
  (/input-40): BoundConv(name=/input-40, inputs=[/103, /63, /64], perturbed=True)
  (/input-44): BoundRelu(name=/input-44, inputs=[/input-40], perturbed=True)
  (/106): BoundConv(name=/106, inputs=[/input-44, /65, /66], perturbed=True)
  (/107): BoundConv(name=/107, inputs=[/103, /67, /68], perturbed=True)
  (/108): BoundAdd(name=/108, inputs=[/106, /107], perturbed=True)
  (/input-48): BoundConv(name=/input-48, inputs=[/108, /69, /70], perturbed=True)
  (/input-52): BoundRelu(name=/input-52, inputs=[/input-48], perturbed=True)
  (/111): BoundConv(name=/111, inputs=[/input-52, /71, /72], perturbed=True)
  (/112): BoundAdd(name=/112, inputs=[/111, /108], perturbed=True)
  (/input-56): BoundConv(name=/input-56, inputs=[/112, /73, /74], perturbed=True)
  (/input-60): BoundRelu(name=/input-60, inputs=[/input-56], perturbed=True)
  (/115): BoundConv(name=/115, inputs=[/input-60, /75, /76], perturbed=True)
  (/116): BoundAdd(name=/116, inputs=[/115, /112], perturbed=True)
  (/input-64): BoundConv(name=/input-64, inputs=[/116, /77, /78], perturbed=True)
  (/input-68): BoundRelu(name=/input-68, inputs=[/input-64], perturbed=True)
  (/119): BoundConv(name=/119, inputs=[/input-68, /79, /80], perturbed=True)
  (/120): BoundAdd(name=/120, inputs=[/119, /116], perturbed=True)
  (/121): BoundFlatten(name=/121, inputs=[/120], perturbed=True)
  (/input-72): BoundLinear(name=/input-72, inputs=[/121, /81, /82], perturbed=True)
  (/123): BoundRelu(name=/123, inputs=[/input-72], perturbed=True)
  (/124): BoundLinear(name=/124, inputs=[/123, /83, /84], perturbed=True)
)
Original output: tensor([[-18.49411964, -18.05876160, -18.17897797, -17.24328423, -17.90804482,
         -14.69621658, -17.87199783, -16.61082840, -17.66500092, -15.08463478,
         -17.18170547, -14.30864048, -13.18347836, -19.37040520, -20.07289696,
         -16.71548271, -17.36739349, -18.23679352, -15.57535553, -15.51846790,
         -16.63887405, -12.65841198, -15.73642254, -18.79550171, -14.38706207,
         -15.22038555, -15.21199036, -14.52139378, -13.95002079, -14.93507290,
         -15.96911144, -17.41348457, -14.73109055, -16.55653763, -19.07717133,
         -16.84947586, -16.79504204, -15.29094791, -17.19844246, -17.52183914,
         -15.72445297, -15.88875294, -14.00204468, -17.09821129, -19.14711571,
         -19.46828842, -16.21092796, -16.38092995, -15.02020836, -13.34010220,
         -18.09709358, -12.87157440, -15.17422390, -11.39965057, -15.89332104,
         -16.42516899, -14.84660149, -13.97013283, -19.43528557, -15.08548927,
         -17.20770454, -18.03286934, -18.45673752, -13.96349716, -14.67009068,
         -17.89239120, -19.61242485, -13.77512169, -11.26285172, -14.33546925,
         -19.80835533, -14.45685577, -17.59591293, -14.61258602, -11.19346905,
         -11.32670879, -14.43534851, -16.83413315, -17.76346779, -15.20131969,
         -13.91764069, -16.90686226, -15.38775349, -15.23435974, -14.62924576,
         -18.18662453, -14.68323326, -20.48454094, -13.61881828, -15.59456539,
         -15.99783802, -16.36786842, -14.95239639, -18.66151047, -19.76229095,
         -16.83655739, -12.69304371, -17.61463547, -16.40187263, -14.50261497,
         -14.00980949, -16.39931488, -18.15035629, -22.27630997, -15.77166557,
         -15.89973068, -13.82965183, -20.51616478, -18.38124275, -13.66556931,
         -15.33784580, -17.65636063, -15.37359333, -15.31778431, -16.16361046,
         -17.25316620, -17.02199936, -18.63824463, -16.69182777, -15.58160877,
         -14.51286507, -15.65878963, -13.68296146, -13.06791592, -16.68370056,
         -16.03574371, -17.27023125, -14.50296497, -15.90748978, -16.56401062,
         -14.16506481, -12.63735580, -14.34554958, -21.14884949, -18.93751526,
         -15.75783253, -14.40595722, -13.85966682, -12.91719723, -13.19725323,
         -17.66452599, -16.06127357, -14.59362316, -17.00867844, -12.76876068,
         -17.27839851, -19.88333321, -14.62941074, -12.71603870, -14.17137718,
         -14.69671154, -15.43750763, -18.34943008, -19.52689362, -17.21665382,
         -14.61469555, -13.46123123, -18.62346077, -10.24861526, -14.10974979,
         -14.89148235, -15.03969288, -16.63236427, -13.44195747, -19.79435730,
         -16.97561836, -20.09856796, -15.64820480, -15.22881508, -17.65758133,
         -15.95948696, -12.04726124, -13.40610504, -15.71875095, -17.39845276,
         -13.99153328, -18.04382515, -17.29076195, -17.64428711, -14.97263050,
         -13.92072582, -14.36341953, -18.31236267, -17.96662331, -18.86691666,
         -17.76719856, -17.32708549, -17.97293854, -17.00242996, -17.36081696,
         -17.27784729, -18.19281769, -18.80061722, -15.36460590, -14.79649258,
         -12.81696129, -17.00893211, -14.02676964, -10.99220657, -15.81653118]],
       device='cuda:0')
Split layers:
Nonlinear functions:
   BoundRelu(name=/input-4, inputs=[/input], perturbed=True)
   BoundRelu(name=/input-12, inputs=[/input-8], perturbed=True)
   BoundRelu(name=/input-20, inputs=[/input-16], perturbed=True)
   BoundRelu(name=/input-28, inputs=[/input-24], perturbed=True)
   BoundRelu(name=/input-36, inputs=[/input-32], perturbed=True)
   BoundRelu(name=/input-44, inputs=[/input-40], perturbed=True)
   BoundRelu(name=/input-52, inputs=[/input-48], perturbed=True)
   BoundRelu(name=/input-60, inputs=[/input-56], perturbed=True)
   BoundRelu(name=/input-68, inputs=[/input-64], perturbed=True)
   BoundRelu(name=/123, inputs=[/input-72], perturbed=True)
layer /input-4 using sparse-features alpha with shape [703]; unstable size 703; total size 46656 ([1, 64, 27, 27])
layer /input-4 start_node /input-8 using full alpha [2, 128, 1, 703] with unstable size 120 total_size 128 output_shape 128
layer /input-4 start_node /input-16 using sparse-spec alpha [2, 245, 1, 703] with unstable size 244 total_size 25088 output_shape (128, 14, 14)
layer /input-4 start_node /input-32 using sparse-spec alpha [2, 12, 1, 703] with unstable size 11 total_size 25088 output_shape (128, 14, 14)
layer /input-4 start_node /input-40 using sparse-spec alpha [2, 93, 1, 703] with unstable size 92 total_size 6272 output_shape torch.Size([128, 7, 7])
layer /input-4 start_node /input-72 using sparse-spec alpha [2, 79, 1, 703] with unstable size 78 total_size 200 output_shape torch.Size([200])
layer /input-4 start_node /124 using full alpha [2, 199, 1, 703] with unstable size None total_size 199 output_shape 199
layer /input-12 using sparse-features alpha with shape [577]; unstable size 577; total size 25088 ([1, 128, 14, 14])
layer /input-12 start_node /input-16 using sparse-spec alpha [2, 245, 1, 577] with unstable size 244 total_size 25088 output_shape (128, 14, 14)
layer /input-12 start_node /input-32 using sparse-spec alpha [2, 12, 1, 577] with unstable size 11 total_size 25088 output_shape (128, 14, 14)
layer /input-12 start_node /input-40 using sparse-spec alpha [2, 93, 1, 577] with unstable size 92 total_size 6272 output_shape torch.Size([128, 7, 7])
layer /input-12 start_node /input-72 using sparse-spec alpha [2, 79, 1, 577] with unstable size 78 total_size 200 output_shape torch.Size([200])
layer /input-12 start_node /124 using full alpha [2, 199, 1, 577] with unstable size None total_size 199 output_shape 199
layer /input-20 using sparse-features alpha with shape [244]; unstable size 244; total size 25088 ([1, 128, 14, 14])
layer /input-20 start_node /input-32 using sparse-spec alpha [2, 12, 1, 244] with unstable size 11 total_size 25088 output_shape (128, 14, 14)
layer /input-20 start_node /input-40 using sparse-spec alpha [2, 93, 1, 244] with unstable size 92 total_size 6272 output_shape (128, 7, 7)
layer /input-20 start_node /input-72 using sparse-spec alpha [2, 79, 1, 244] with unstable size 78 total_size 200 output_shape torch.Size([200])
layer /input-20 start_node /124 using full alpha [2, 199, 1, 244] with unstable size None total_size 199 output_shape 199
layer /input-28 using sparse-features alpha with shape [0]; unstable size 0; total size 25088 ([1, 128, 14, 14])
layer /input-28 start_node /input-32 using sparse-spec alpha [2, 12, 1, 0] with unstable size 11 total_size 25088 output_shape (128, 14, 14)
layer /input-28 start_node /input-40 using sparse-spec alpha [2, 93, 1, 0] with unstable size 92 total_size 6272 output_shape (128, 7, 7)
layer /input-28 start_node /input-72 using sparse-spec alpha [2, 79, 1, 0] with unstable size 78 total_size 200 output_shape torch.Size([200])
layer /input-28 start_node /124 using full alpha [2, 199, 1, 0] with unstable size None total_size 199 output_shape 199
layer /input-36 using sparse-features alpha with shape [11]; unstable size 11; total size 25088 ([1, 128, 14, 14])
layer /input-36 start_node /input-40 using sparse-spec alpha [2, 93, 1, 11] with unstable size 92 total_size 6272 output_shape (128, 7, 7)
layer /input-36 start_node /input-72 using sparse-spec alpha [2, 79, 1, 11] with unstable size 78 total_size 200 output_shape torch.Size([200])
layer /input-36 start_node /124 using full alpha [2, 199, 1, 11] with unstable size None total_size 199 output_shape 199
layer /input-44 using sparse-features alpha with shape [92]; unstable size 92; total size 6272 ([1, 128, 7, 7])
layer /input-44 start_node /input-72 using sparse-spec alpha [2, 79, 1, 92] with unstable size 78 total_size 200 output_shape torch.Size([200])
layer /input-44 start_node /124 using full alpha [2, 199, 1, 92] with unstable size None total_size 199 output_shape 199
layer /input-52 using sparse-features alpha with shape [0]; unstable size 0; total size 6272 ([1, 128, 7, 7])
layer /input-52 start_node /input-72 using sparse-spec alpha [2, 79, 1, 0] with unstable size 78 total_size 200 output_shape torch.Size([200])
layer /input-52 start_node /124 using full alpha [2, 199, 1, 0] with unstable size None total_size 199 output_shape 199
layer /input-60 using sparse-features alpha with shape [0]; unstable size 0; total size 6272 ([1, 128, 7, 7])
layer /input-60 start_node /input-72 using sparse-spec alpha [2, 79, 1, 0] with unstable size 78 total_size 200 output_shape torch.Size([200])
layer /input-60 start_node /124 using full alpha [2, 199, 1, 0] with unstable size None total_size 199 output_shape 199
layer /input-68 using sparse-features alpha with shape [0]; unstable size 0; total size 6272 ([1, 128, 7, 7])
layer /input-68 start_node /input-72 using sparse-spec alpha [2, 79, 1, 0] with unstable size 78 total_size 200 output_shape torch.Size([200])
layer /input-68 start_node /124 using full alpha [2, 199, 1, 0] with unstable size None total_size 199 output_shape 199
layer /123 using sparse-features alpha with shape [78]; unstable size 78; total size 200 ([1, 200])
layer /123 start_node /124 using full alpha [2, 199, 1, 78] with unstable size None total_size 199 output_shape 199
Optimizable variables initialized.
initial CROWN bounds: tensor([[ 5.27600956,  5.21502018,  5.07659912,  4.08281040,  4.97337723,
          1.50474072,  4.65656853,  3.54592061,  4.31207418,  2.01636267,
          3.67378807,  0.84942627,  0.34013319,  6.29188251,  6.72275972,
          3.29935956,  4.01960087,  5.25517654,  2.50236607,  2.66782761,
          3.29462647, -0.70661831,  2.40077066,  5.03668880,  1.19401240,
          1.91805649,  2.12709427,  1.49153042,  0.82982421,  1.89798069,
          2.41942549,  4.07501650,  1.66563702,  2.81029510,  5.54903889,
          3.67838097,  3.16471767,  2.03887749,  3.74513602,  4.47763824,
          2.65967560,  2.37295580,  0.68106508,  4.16144228,  5.66583920,
          5.98178482,  2.85784245,  3.14541078,  2.06271744,  0.14957404,
          4.68920135, -0.31634259,  1.79591084, -1.77002501,  2.23233795,
          3.04741240,  1.75554109,  0.87528062,  5.83369446,  1.86285162,
          3.71831274,  4.87373590,  5.50361919,  1.16355848,  1.01575351,
          4.53811836,  5.70659065,  0.86172402, -1.41189098,  0.89665794,
          6.48577833,  1.32243538,  4.17369652,  1.87738657, -1.02812171,
         -1.39097404,  0.98064864,  3.55154252,  4.59419584,  2.06816530,
          1.18136072,  3.86448693,  2.28212738,  2.28594613,  1.60877419,
          5.22634172,  1.65501606,  7.09635162,  0.26995122,  2.38108921,
          2.71704292,  3.09665680,  1.70984483,  5.64578724,  6.32362604,
          3.48114944, -0.55954206,  4.34938145,  3.20249653,  1.56988668,
          0.93736649,  3.24391413,  4.63844109,  8.70019817,  2.67151570,
          2.71661854,  0.99969673,  6.73281288,  5.06427383,  0.29401404,
          2.22891569,  3.99800587,  2.54335165,  2.43019652,  3.07882261,
          3.91482544,  3.61029983,  4.86539841,  4.09617758,  2.81020713,
          2.01162481,  2.20784187,  0.50288188,  0.10607505,  3.09477234,
          2.73770571,  3.84826994,  1.08622622,  2.65705919,  3.01279163,
          0.73454285, -0.20830417,  1.39688241,  7.61809349,  6.01281261,
          3.02644134,  1.61576378,  0.56744719, -0.23287487,  0.44188690,
          4.48935556,  2.60134578,  1.45075369,  3.83794260, -0.39549112,
          4.04607487,  6.36767769,  1.43704367, -0.16722488,  1.02221596,
          1.89452052,  2.33363390,  5.17481613,  6.02581024,  3.69996238,
          1.44386292,  0.33578259,  5.12353420,  0.94909811,  2.12595940,
          2.03237295,  3.24048424,  0.16576385,  6.66104746,  2.51510930,
          6.60683441,  2.24681950,  2.15504169,  4.65095377,  2.25155020,
         -0.62029743,  0.55270195,  2.60638285,  4.39527416,  1.01810884,
          5.01331806,  4.05211687,  4.55577230,  1.78804398,  1.04251683,
          0.87032747,  4.88908482,  4.85446787,  5.57562065,  4.49846983,
          3.72734594,  4.49093533,  3.49828267,  3.86526442,  3.84447241,
          4.65395546,  5.34199047,  2.06448889,  1.83034372, -0.31644917,
          3.78602600,  1.19086075, -1.69247580,  2.65344644]], device='cuda:0') None
prune_after_crown optimization in use: original label size = 199 pruned label size = 14
best_l after optimization: -8.419366836547852
alpha/beta optimization time: 3.297980308532715
initial alpha-crown bounds: tensor([[        inf,         inf,         inf,         inf,         inf,
                 inf,         inf,         inf,         inf,         inf,
                 inf,         inf,         inf,         inf,         inf,
                 inf,         inf,         inf,         inf,         inf,
                 inf, -0.54144835,         inf,         inf,         inf,
                 inf,         inf,         inf,         inf,         inf,
                 inf,         inf,         inf,         inf,         inf,
                 inf,         inf,         inf,         inf,         inf,
                 inf,         inf,         inf,         inf,         inf,
                 inf,         inf,         inf,         inf,         inf,
                 inf, -0.10016990,         inf, -1.57583046,         inf,
                 inf,         inf,         inf,         inf,         inf,
                 inf,         inf,         inf,         inf,         inf,
                 inf,         inf,         inf, -1.27365589,         inf,
                 inf,         inf,         inf,         inf, -0.89937925,
         -1.24544811,         inf,         inf,         inf,         inf,
                 inf,         inf,         inf,         inf,         inf,
                 inf,         inf,         inf,         inf,         inf,
                 inf,         inf,         inf,         inf,         inf,
                 inf, -0.37395930,         inf,         inf,         inf,
                 inf,         inf,         inf,         inf,         inf,
                 inf,         inf,         inf,         inf,         inf,
                 inf,         inf,         inf,         inf,         inf,
                 inf,         inf,         inf,         inf,         inf,
                 inf,         inf,         inf,         inf,         inf,
                 inf,         inf,         inf,         inf,         inf,
                 inf, -0.04531813,         inf,         inf,         inf,
                 inf,         inf,         inf, -0.02252793,         inf,
                 inf,         inf,         inf,         inf, -0.22441053,
                 inf,         inf,         inf, -0.00358522,         inf,
                 inf,         inf,         inf,         inf,         inf,
                 inf,         inf,         inf,         inf,         inf,
                 inf,         inf,         inf,         inf,         inf,
                 inf,         inf,         inf,         inf,         inf,
         -0.45089531,         inf,         inf,         inf,         inf,
                 inf,         inf,         inf,         inf,         inf,
                 inf,         inf,         inf,         inf,         inf,
                 inf,         inf,         inf,         inf,         inf,
                 inf,         inf,         inf,         inf, -0.11819553,
                 inf,         inf, -1.54454207,         inf]], device='cuda:0')
Number of class (without rhs): 14 ; Worst class: (+ rhs) -1.5758304595947266
Total VNNLIB file length: 199, max property batch size: 200, total number of batches: 1
lA shape: [torch.Size([199, 1, 64, 27, 27]), torch.Size([199, 1, 128, 14, 14]), torch.Size([199, 1, 128, 14, 14]), torch.Size([199, 1, 128, 14, 14]), torch.Size([199, 1, 128, 14, 14]), torch.Size([199, 1, 128, 7, 7]), torch.Size([199, 1, 128, 7, 7]), torch.Size([199, 1, 128, 7, 7]), torch.Size([199, 1, 128, 7, 7]), torch.Size([199, 1, 200])]

Properties batch 0, size 199
Remaining timeout: 92.52893018722534
Verifying property 0 with 199 instances.
##### Instance 0 first 10 spec matrices: 
tensor([[[-1.,  0.,  0.,  ...,  0.,  0.,  0.]],

        [[ 0., -1.,  0.,  ...,  0.,  0.,  0.]],

        [[ 0.,  0., -1.,  ...,  0.,  0.,  0.]],

        ...,

        [[ 0.,  0.,  0.,  ...,  0.,  0.,  0.]],

        [[ 0.,  0.,  0.,  ...,  0.,  0.,  0.]],

        [[ 0.,  0.,  0.,  ...,  0.,  0.,  0.]]], dtype=torch.float64)
thresholds: tensor([0., 0., 0., 0., 0., 0., 0., 0., 0., 0.], device='cuda:0') ######
Initial alpha-CROWN verified for spec index tensor([  0,   1,   2,   3,   4,   5,   6,   7,   8,   9,  10,  11,  12,  13,
         14,  15,  16,  17,  18,  19,  20,  22,  23,  24,  25,  26,  27,  28,
         29,  30,  31,  32,  33,  34,  35,  36,  37,  38,  39,  40,  41,  42,
         43,  44,  45,  46,  47,  48,  49,  50,  52,  54,  55,  56,  57,  58,
         59,  60,  61,  62,  63,  64,  65,  66,  67,  69,  70,  71,  72,  73,
         76,  77,  78,  79,  80,  81,  82,  83,  84,  85,  86,  87,  88,  89,
         90,  91,  92,  93,  94,  95,  97,  98,  99, 100, 101, 102, 103, 104,
        105, 106, 107, 108, 109, 110, 111, 112, 113, 114, 115, 116, 117, 118,
        119, 120, 121, 122, 123, 124, 125, 126, 127, 128, 129, 130, 132, 133,
        134, 135, 136, 137, 139, 140, 141, 142, 143, 145, 146, 147, 149, 150,
        151, 152, 153, 154, 155, 156, 157, 158, 159, 160, 161, 162, 163, 164,
        165, 166, 167, 168, 169, 171, 172, 173, 174, 175, 176, 177, 178, 179,
        180, 181, 182, 183, 184, 185, 186, 187, 188, 189, 190, 191, 192, 193,
        195, 196, 198], device='cuda:0') with bound tensor([inf, inf, inf, inf, inf, inf, inf, inf, inf, inf, inf, inf, inf, inf, inf, inf, inf, inf, inf, inf, inf, inf, inf, inf,
        inf, inf, inf, inf, inf, inf, inf, inf, inf, inf, inf, inf, inf, inf, inf, inf, inf, inf, inf, inf, inf, inf, inf, inf,
        inf, inf, inf, inf, inf, inf, inf, inf, inf, inf, inf, inf, inf, inf, inf, inf, inf, inf, inf, inf, inf, inf, inf, inf,
        inf, inf, inf, inf, inf, inf, inf, inf, inf, inf, inf, inf, inf, inf, inf, inf, inf, inf, inf, inf, inf, inf, inf, inf,
        inf, inf, inf, inf, inf, inf, inf, inf, inf, inf, inf, inf, inf, inf, inf, inf, inf, inf, inf, inf, inf, inf, inf, inf,
        inf, inf, inf, inf, inf, inf, inf, inf, inf, inf, inf, inf, inf, inf, inf, inf, inf, inf, inf, inf, inf, inf, inf, inf,
        inf, inf, inf, inf, inf, inf, inf, inf, inf, inf, inf, inf, inf, inf, inf, inf, inf, inf, inf, inf, inf, inf, inf, inf,
        inf, inf, inf, inf, inf, inf, inf, inf, inf, inf, inf, inf, inf, inf, inf, inf, inf],
       device='cuda:0').
Remaining spec index tensor([ 21,  51,  53,  68,  74,  75,  96, 131, 138, 144, 148, 170, 194, 197],
       device='cuda:0') with bounds tensor([[-0.54144835],
        [-0.10016990],
        [-1.57583046],
        [-1.27365589],
        [-0.89937925],
        [-1.24544811],
        [-0.37395930],
        [-0.04531813],
        [-0.02252793],
        [-0.22441053],
        [-0.00358522],
        [-0.45089531],
        [-0.11819553],
        [-1.54454207]], device='cuda:0') need to verify.
Model prediction is: tensor([-18.49411964, -18.05876160, -18.17897797, -17.24328423, -17.90804482,
        -14.69621658, -17.87199783, -16.61082840, -17.66500092, -15.08463478,
        -17.18170547, -14.30864048, -13.18347836, -19.37040520, -20.07289696,
        -16.71548271, -17.36739349, -18.23679352, -15.57535553, -15.51846790,
        -16.63887405, -12.65841198, -15.73642254, -18.79550171, -14.38706207,
        -15.22038555, -15.21199036, -14.52139378, -13.95002079, -14.93507290,
        -15.96911144, -17.41348457, -14.73109055, -16.55653763, -19.07717133,
        -16.84947586, -16.79504204, -15.29094791, -17.19844246, -17.52183914,
        -15.72445297, -15.88875294, -14.00204468, -17.09821129, -19.14711571,
        -19.46828842, -16.21092796, -16.38092995, -15.02020836, -13.34010220,
        -18.09709358, -12.87157440, -15.17422390, -11.39965057, -15.89332104,
        -16.42516899, -14.84660149, -13.97013283, -19.43528557, -15.08548927,
        -17.20770454, -18.03286934, -18.45673752, -13.96349716, -14.67009068,
        -17.89239120, -19.61242485, -13.77512169, -11.26285172, -14.33546925,
        -19.80835533, -14.45685577, -17.59591293, -14.61258602, -11.19346905,
        -11.32670879, -14.43534851, -16.83413315, -17.76346779, -15.20131969,
        -13.91764069, -16.90686226, -15.38775349, -15.23435974, -14.62924576,
        -18.18662453, -14.68323326, -20.48454094, -13.61881828, -15.59456539,
        -15.99783802, -16.36786842, -14.95239639, -18.66151047, -19.76229095,
        -16.83655739, -12.69304371, -17.61463547, -16.40187263, -14.50261497,
        -14.00980949, -16.39931488, -18.15035629, -22.27630997, -15.77166557,
        -15.89973068, -13.82965183, -20.51616478, -18.38124275, -13.66556931,
        -15.33784580, -17.65636063, -15.37359333, -15.31778431, -16.16361046,
        -17.25316620, -17.02199936, -18.63824463, -16.69182777, -15.58160877,
        -14.51286507, -15.65878963, -13.68296146, -13.06791592, -16.68370056,
        -16.03574371, -17.27023125, -14.50296497, -15.90748978, -16.56401062,
        -14.16506481, -12.63735580, -14.34554958, -21.14884949, -18.93751526,
        -15.75783253, -14.40595722, -13.85966682, -12.91719723, -13.19725323,
        -17.66452599, -16.06127357, -14.59362316, -17.00867844, -12.76876068,
        -17.27839851, -19.88333321, -14.62941074, -12.71603870, -14.17137718,
        -14.69671154, -15.43750763, -18.34943008, -19.52689362, -17.21665382,
        -14.61469555, -13.46123123, -18.62346077, -10.24861526, -14.10974979,
        -14.89148235, -15.03969288, -16.63236427, -13.44195747, -19.79435730,
        -16.97561836, -20.09856796, -15.64820480, -15.22881508, -17.65758133,
        -15.95948696, -12.04726124, -13.40610504, -15.71875095, -17.39845276,
        -13.99153328, -18.04382515, -17.29076195, -17.64428711, -14.97263050,
        -13.92072582, -14.36341953, -18.31236267, -17.96662331, -18.86691666,
        -17.76719856, -17.32708549, -17.97293854, -17.00242996, -17.36081696,
        -17.27784729, -18.19281769, -18.80061722, -15.36460590, -14.79649258,
        -12.81696129, -17.00893211, -14.02676964, -10.99220657, -15.81653118],
       device='cuda:0')
build_with_refined_bounds batch [1/1]
setting alpha for layer /input-4 start_node /124 with alignment adjustment
setting alpha for layer /input-12 start_node /124 with alignment adjustment
setting alpha for layer /input-20 start_node /124 with alignment adjustment
setting alpha for layer /input-28 start_node /124 with alignment adjustment
setting alpha for layer /input-36 start_node /124 with alignment adjustment
setting alpha for layer /input-44 start_node /124 with alignment adjustment
setting alpha for layer /input-52 start_node /124 with alignment adjustment
setting alpha for layer /input-60 start_node /124 with alignment adjustment
setting alpha for layer /input-68 start_node /124 with alignment adjustment
setting alpha for layer /123 start_node /124 with alignment adjustment
all alpha initialized
directly get lb and ub from refined bounds
c shape: torch.Size([14, 1, 200])
lA shapes: [torch.Size([14, 1, 64, 27, 27]), torch.Size([14, 1, 128, 14, 14]), torch.Size([14, 1, 128, 14, 14]), torch.Size([14, 1, 128, 14, 14]), torch.Size([14, 1, 128, 14, 14]), torch.Size([14, 1, 128, 7, 7]), torch.Size([14, 1, 128, 7, 7]), torch.Size([14, 1, 128, 7, 7]), torch.Size([14, 1, 128, 7, 7]), torch.Size([14, 1, 200])]
(alpha-)CROWN with fixed intermediate bounds: tensor([[-0.54144835],
        [-0.10016990],
        [-1.57583046],
        [-1.27365589],
        [-0.89937925],
        [-1.24544811],
        [-0.37395930],
        [-0.04531813],
        [-0.02252793],
        [-0.22441053],
        [-0.00358522],
        [-0.45089531],
        [-0.11819553],
        [-1.54454207]], device='cuda:0') tensor([[inf],
        [inf],
        [inf],
        [inf],
        [inf],
        [inf],
        [inf],
        [inf],
        [inf],
        [inf],
        [inf],
        [inf],
        [inf],
        [inf]], device='cuda:0')
Intermediate layers: /input,/input-8,/input-16,/input-24,/input-32,/input-40,/input-48,/input-56,/input-64,/input-72,/124
Keeping alphas for these layers: ['/124']
Keeping alphas for these layers: ['/124']
Node /input-4 input 0: size torch.Size([64, 27, 27]) unstable 703
Node /input-12 input 0: size torch.Size([128, 14, 14]) unstable 573
Node /input-20 input 0: size torch.Size([128, 14, 14]) unstable 237
Node /input-28 input 0: size torch.Size([128, 14, 14]) unstable 0
Node /input-36 input 0: size torch.Size([128, 14, 14]) unstable 11
Node /input-44 input 0: size torch.Size([128, 7, 7]) unstable 90
Node /input-52 input 0: size torch.Size([128, 7, 7]) unstable 0
Node /input-60 input 0: size torch.Size([128, 7, 7]) unstable 0
Node /input-68 input 0: size torch.Size([128, 7, 7]) unstable 0
Node /123 input 0: size torch.Size([200]) unstable 76
-----------------
# of unstable neurons: 1690
-----------------

BaB round 1
batch: 14
splitting decisions: 
split level 0: [/input-72, 144] [/input-72, 0] [/input-72, 104] [/input-72, 0] [/input-72, 0] [/input-72, 0] [/input-72, 53] [/input-72, 0] [/input-72, 82] [/input-72, 104] 
pruning_in_iteration open status: True
ratio of positive domain = 9 / 28 = 0.3214285714285714
pruning-in-iteration extra time: 0.009853363037109375
Time: prepare 0.0005    bound 0.2814    transfer 0.0143    finalize 0.0017    func 0.2980    
Accumulated time: func 0.2980    prepare 0.0010    bound 0.2814    transfer 0.0143    finalize 0.0017    
Current worst splitting domains lb-rhs (depth):
-1.53065 (1), -1.50462 (1), -1.26410 (1), -1.23184 (1), -1.14939 (1), -0.89345 (1), -0.77688 (1), -0.44482 (1), -0.43273 (1), -0.37735 (1), -0.35508 (1), -0.33702 (1), -0.28812 (1), -0.28664 (1), -0.18062 (1), -0.15333 (1), -0.08807 (1), -0.04452 (1), -0.03080 (1), 
Length of domains: 19
Time: pickout 0.0010    decision 0.1946    set_bounds 0.0011    solve 0.2980    add 0.0062    
Accumulated time: pickout 0.0010    decision 0.1946    set_bounds 0.0011    solve 0.2980    add 0.0062    
Current (lb-rhs): -1.530653953552246
19 domains visited
Cumulative time: 1.177180528640747

BaB round 2
batch: 19
splitting decisions: 
split level 0: [/input-72, 148] [/input-72, 63] [/input-72, 63] [/input-72, 104] [/input-72, 53] [/input-72, 98] [/input-72, 63] [/input-72, 144] [/input-72, 144] [/input-72, 0] 
pruning_in_iteration open status: True
ratio of positive domain = 12 / 38 = 0.3157894736842105
pruning-in-iteration extra time: 0.004323005676269531
Time: prepare 0.0013    bound 0.1331    transfer 0.0049    finalize 0.0007    func 0.1400    
Accumulated time: func 0.4379    prepare 0.0028    bound 0.4145    transfer 0.0192    finalize 0.0024    
Current worst splitting domains lb-rhs (depth):
-1.47227 (2), -1.41600 (2), -1.24302 (2), -1.21848 (2), -1.16327 (2), -1.10343 (2), -0.93131 (2), -0.91311 (2), -0.84897 (2), -0.84612 (2), -0.67270 (2), -0.53997 (2), -0.45006 (2), -0.32952 (2), -0.31756 (2), -0.28940 (2), -0.27696 (2), -0.26493 (2), -0.25288 (2), -0.17890 (2), 
Length of domains: 26
Time: pickout 0.0048    decision 0.1126    set_bounds 0.0055    solve 0.1400    add 0.0068    
Accumulated time: pickout 0.0058    decision 0.3073    set_bounds 0.0066    solve 0.4381    add 0.0130    
Current (lb-rhs): -1.472266435623169
45 domains visited
Cumulative time: 1.4472784996032715

BaB round 3
batch: 26
splitting decisions: 
split level 0: [/input-72, 0] [/input-72, 104] [/input-72, 108] [/input-72, 12] [/input-72, 66] [/input-72, 104] [/input-72, 104] [/input-72, 104] [/input-72, 148] [/input-72, 198] 
pruning_in_iteration open status: True
ratio of positive domain = 17 / 52 = 0.32692307692307687
pruning-in-iteration extra time: 0.006621837615966797
Time: prepare 0.0014    bound 0.1423    transfer 0.0058    finalize 0.0007    func 0.1503    
Accumulated time: func 0.5882    prepare 0.0046    bound 0.5569    transfer 0.0250    finalize 0.0031    
Current worst splitting domains lb-rhs (depth):
-1.43731 (3), -1.37711 (3), -1.20338 (3), -1.13675 (3), -1.11607 (3), -1.06633 (3), -1.05818 (3), -1.01561 (3), -0.87324 (3), -0.87053 (3), -0.85823 (3), -0.81377 (3), -0.80626 (3), -0.75180 (3), -0.73144 (3), -0.64160 (3), -0.62625 (3), -0.61231 (3), -0.51963 (3), -0.49053 (3), 
Length of domains: 35
Time: pickout 0.0012    decision 0.0539    set_bounds 0.0016    solve 0.1504    add 0.0077    
Accumulated time: pickout 0.0070    decision 0.3611    set_bounds 0.0082    solve 0.5884    add 0.0207    
Current (lb-rhs): -1.4373092651367188
80 domains visited
Cumulative time: 1.6639246940612793

BaB round 4
batch: 35
splitting decisions: 
split level 0: [/input-72, 66] [/input-72, 198] [/input-72, 66] [/input-72, 63] [/input-72, 161] [/input-72, 108] [/input-72, 66] [/input-72, 0] [/input-72, 0] [/input-72, 98] 
pruning_in_iteration open status: True
ratio of positive domain = 19 / 70 = 0.27142857142857146
pruning-in-iteration extra time: 0.0013608932495117188
Time: prepare 0.0018    bound 0.1025    transfer 0.0278    finalize 0.0084    func 0.1406    
Accumulated time: func 0.7288    prepare 0.0067    bound 0.6594    transfer 0.0528    finalize 0.0115    
Current worst splitting domains lb-rhs (depth):
-1.42736 (4), -1.35078 (4), -1.17279 (4), -1.09617 (4), -1.07418 (4), -1.02853 (4), -1.01276 (4), -0.95962 (4), -0.90851 (4), -0.86018 (4), -0.82875 (4), -0.82256 (4), -0.81600 (4), -0.80861 (4), -0.79826 (4), -0.77366 (4), -0.76319 (4), -0.76264 (4), -0.72112 (4), -0.71067 (4), 
Length of domains: 51
Time: pickout 0.0018    decision 0.0569    set_bounds 0.0021    solve 0.1406    add 0.0147    
Accumulated time: pickout 0.0088    decision 0.4180    set_bounds 0.0102    solve 0.7290    add 0.0354    
Current (lb-rhs): -1.4273591041564941
131 domains visited
Cumulative time: 1.8822345733642578

BaB round 5
batch: 51
splitting decisions: 
split level 0: [/input-72, 0] [/input-72, 151] [/input-72, 144] [/input-72, 53] [/input-72, 53] [/input-72, 63] [/input-72, 41] [/input-72, 66] [/input-72, 0] [/input-72, 151] 
pruning_in_iteration open status: True
ratio of positive domain = 25 / 102 = 0.2450980392156863
pruning-in-iteration extra time: 0.0036497116088867188
Time: prepare 0.0025    bound 0.1523    transfer 0.0414    finalize 0.0035    func 0.1999    
Accumulated time: func 0.9287    prepare 0.0097    bound 0.8117    transfer 0.0943    finalize 0.0150    
Current worst splitting domains lb-rhs (depth):
-1.38099 (5), -1.31339 (5), -1.13662 (5), -1.07007 (5), -1.04730 (5), -1.02922 (5), -1.01774 (5), -1.01293 (5), -0.98685 (5), -0.92119 (5), -0.90404 (5), -0.83225 (5), -0.82836 (5), -0.79241 (5), -0.78095 (5), -0.77334 (5), -0.76991 (5), -0.76930 (5), -0.76390 (5), -0.76287 (5), 
Length of domains: 77
Time: pickout 0.0101    decision 0.1444    set_bounds 0.0058    solve 0.1999    add 0.0181    
Accumulated time: pickout 0.0189    decision 0.5624    set_bounds 0.0161    solve 0.9290    add 0.0535    
Current (lb-rhs): -1.380990743637085
208 domains visited
Cumulative time: 2.2636733055114746

BaB round 6
batch: 77
splitting decisions: 
split level 0: [/input-72, 13] [/input-72, 132] [/input-72, 134] [/input-72, 144] [/input-72, 126] [/input-72, 13] [/input-72, 13] [/input-72, 132] [/input-72, 134] [/input-72, 126] 
pruning_in_iteration open status: False
ratio of positive domain = 30 / 154 = 0.19480519480519476
pruning-in-iteration extra time: 4.458427429199219e-05
Time: prepare 0.0036    bound 0.1158    transfer 0.0434    finalize 0.0022    func 0.1651    
Accumulated time: func 1.0937    prepare 0.0139    bound 0.9275    transfer 0.1377    finalize 0.0171    
Current worst splitting domains lb-rhs (depth):
-1.27616 (6), -1.26975 (6), -1.20984 (6), -1.10890 (6), -1.06891 (6), -1.01482 (6), -1.00757 (6), -0.94160 (6), -0.93255 (6), -0.92386 (6), -0.92247 (6), -0.89671 (6), -0.89349 (6), -0.87393 (6), -0.86104 (6), -0.85287 (6), -0.84423 (6), -0.79301 (6), -0.78818 (6), -0.78365 (6), 
Length of domains: 123
Time: pickout 0.0066    decision 0.2467    set_bounds 0.0073    solve 0.1651    add 0.0313    
Accumulated time: pickout 0.0254    decision 0.8091    set_bounds 0.0234    solve 1.0941    add 0.0847    
Current (lb-rhs): -1.2761573791503906
331 domains visited
Cumulative time: 2.7223002910614014

BaB round 7
batch: 123
splitting decisions: 
split level 0: [/input-72, 144] [/input-72, 170] [/input-72, 165] [/input-72, 144] [/input-72, 144] [/input-72, 144] [/input-72, 170] [/input-72, 111] [/input-72, 111] [/input-72, 144] 
pruning_in_iteration open status: True
ratio of positive domain = 63 / 246 = 0.25609756097560976
pruning-in-iteration extra time: 0.002980470657348633
Time: prepare 0.0058    bound 0.1687    transfer 0.0501    finalize 0.0089    func 0.2336    
Accumulated time: func 1.3273    prepare 0.0202    bound 1.0962    transfer 0.1878    finalize 0.0261    
Current worst splitting domains lb-rhs (depth):
-1.24559 (7), -1.19047 (7), -1.12619 (7), -1.09626 (7), -1.08317 (7), -1.04927 (7), -1.03170 (7), -1.00472 (7), -0.99068 (7), -0.96960 (7), -0.92280 (7), -0.90634 (7), -0.90171 (7), -0.86585 (7), -0.85610 (7), -0.84704 (7), -0.84682 (7), -0.83158 (7), -0.83141 (7), -0.77896 (7), 
Length of domains: 183
Time: pickout 0.0038    decision 0.2925    set_bounds 0.0107    solve 0.2337    add 0.0501    
Accumulated time: pickout 0.0293    decision 1.1016    set_bounds 0.0341    solve 1.3278    add 0.1348    
Current (lb-rhs): -1.2455859184265137
514 domains visited
Cumulative time: 3.3139989376068115

BaB round 8
batch: 183
splitting decisions: 
split level 0: [/input-72, 111] [/input-72, 126] [/input-72, 111] [/input-72, 161] [/input-72, 126] [/input-72, 144] [/input-72, 144] [/input-72, 170] [/input-72, 126] [/input-72, 63] 
pruning_in_iteration open status: True
ratio of positive domain = 129 / 366 = 0.35245901639344257
pruning-in-iteration extra time: 0.0060062408447265625
Time: prepare 0.0081    bound 0.2092    transfer 0.0549    finalize 0.0034    func 0.2758    
Accumulated time: func 1.6031    prepare 0.0290    bound 1.3054    transfer 0.2427    finalize 0.0295    
Current worst splitting domains lb-rhs (depth):
-1.21501 (8), -1.08834 (8), -1.05209 (8), -1.04737 (8), -1.02446 (8), -1.00220 (8), -0.98994 (8), -0.98714 (8), -0.97213 (8), -0.96881 (8), -0.95219 (8), -0.94313 (8), -0.93271 (8), -0.90959 (8), -0.90278 (8), -0.89939 (8), -0.88592 (8), -0.87744 (8), -0.84892 (8), -0.84146 (8), 
Length of domains: 237
Time: pickout 0.0092    decision 0.5186    set_bounds 0.0086    solve 0.2759    add 0.0668    
Accumulated time: pickout 0.0385    decision 1.6202    set_bounds 0.0427    solve 1.6037    add 0.2016    
Current (lb-rhs): -1.2150053977966309
751 domains visited
Cumulative time: 4.196427345275879

BaB round 9
batch: 237
splitting decisions: 
split level 0: [/input-72, 53] [/input-72, 53] [/input-72, 160] [/input-72, 53] [/input-72, 53] [/input-72, 161] [/input-72, 66] [/input-72, 53] [/input-72, 12] [/input-72, 144] 
pruning_in_iteration open status: True
ratio of positive domain = 150 / 474 = 0.31645569620253167
pruning-in-iteration extra time: 0.007482051849365234
Time: prepare 0.0113    bound 0.3003    transfer 0.0763    finalize 0.0050    func 0.3930    
Accumulated time: func 1.9961    prepare 0.0409    bound 1.6057    transfer 0.3190    finalize 0.0345    
Current worst splitting domains lb-rhs (depth):
-1.15973 (9), -1.06500 (9), -1.04812 (9), -1.01155 (9), -1.00978 (9), -0.98264 (9), -0.95076 (9), -0.94489 (9), -0.94160 (9), -0.91284 (9), -0.91262 (9), -0.90460 (9), -0.90271 (9), -0.89400 (9), -0.87531 (9), -0.86929 (9), -0.86239 (9), -0.85505 (9), -0.85137 (9), -0.83684 (9), 
Length of domains: 324
Time: pickout 0.0121    decision 0.6631    set_bounds 0.1420    solve 0.3931    add 0.0976    
Accumulated time: pickout 0.0506    decision 2.2833    set_bounds 0.1848    solve 1.9968    add 0.2992    
Current (lb-rhs): -1.15972900390625
1075 domains visited
Cumulative time: 5.511707067489624

BaB round 10
batch: 256
splitting decisions: 
split level 0: [/input-72, 161] [/input-72, 66] [/input-72, 160] [/input-72, 161] [/input-72, 13] [/input-72, 161] [/input-72, 170] [/input-72, 170] [/input-72, 161] [/input-72, 66] 
pruning_in_iteration open status: True
ratio of positive domain = 142 / 512 = 0.27734375
pruning-in-iteration extra time: 0.005033731460571289
Time: prepare 0.0122    bound 0.3263    transfer 0.1026    finalize 0.0117    func 0.4530    
Accumulated time: func 2.4490    prepare 0.0538    bound 1.9320    transfer 0.4216    finalize 0.0463    
Current worst splitting domains lb-rhs (depth):
-1.10764 (10), -1.02029 (10), -1.00596 (10), -1.00261 (10), -0.97013 (10), -0.95972 (10), -0.94208 (10), -0.91284 (9), -0.91079 (10), -0.90460 (9), -0.90443 (10), -0.88780 (10), -0.87375 (10), -0.86335 (10), -0.84584 (10), -0.84344 (10), -0.83843 (10), -0.83775 (10), -0.83684 (9), -0.82481 (10), 
Length of domains: 438
Time: pickout 0.0139    decision 0.6968    set_bounds 0.0121    solve 0.4538    add 0.1337    
Accumulated time: pickout 0.0645    decision 2.9801    set_bounds 0.1969    solve 2.4506    add 0.4329    
Current (lb-rhs): -1.1076374053955078
1445 domains visited
Cumulative time: 6.828948020935059

BaB round 11
batch: 256
splitting decisions: 
split level 0: [/input-72, 134] [/input-72, 100] [/input-72, 100] [/input-72, 168] [/input-72, 151] [/input-72, 41] [/input-72, 151] [/input-72, 41] [/input-72, 161] [/input-72, 63] 
pruning_in_iteration open status: True
ratio of positive domain = 139 / 512 = 0.271484375
pruning-in-iteration extra time: 0.007683277130126953
Time: prepare 0.0121    bound 0.3220    transfer 0.0951    finalize 0.0053    func 0.4346    
Accumulated time: func 2.8837    prepare 0.0667    bound 2.2541    transfer 0.5167    finalize 0.0516    
Current worst splitting domains lb-rhs (depth):
-1.06433 (11), -0.96202 (11), -0.96137 (11), -0.95587 (11), -0.94075 (11), -0.92145 (11), -0.91284 (9), -0.90462 (11), -0.90460 (9), -0.89228 (11), -0.88952 (11), -0.88223 (11), -0.87518 (11), -0.84791 (11), -0.84596 (11), -0.83684 (9), -0.83498 (11), -0.82755 (11), -0.82746 (11), -0.82298 (9), 
Length of domains: 555
Time: pickout 0.0151    decision 0.6181    set_bounds 0.0110    solve 0.4348    add 0.1314    
Accumulated time: pickout 0.0796    decision 3.5981    set_bounds 0.2079    solve 2.8854    add 0.5644    
Current (lb-rhs): -1.0643272399902344
1818 domains visited
Cumulative time: 8.046126365661621

BaB round 12
batch: 256
splitting decisions: 
split level 0: [/input-72, 98] [/input-72, 151] [/input-72, 168] [/input-72, 168] [/input-72, 85] [/input-72, 168] [/input-72, 85] [/input-72, 151] [/input-72, 85] [/input-72, 98] 
pruning_in_iteration open status: True
ratio of positive domain = 172 / 512 = 0.3359375
pruning-in-iteration extra time: 0.0052661895751953125
Time: prepare 0.0125    bound 0.3961    transfer 0.1027    finalize 0.0093    func 0.5206    
Accumulated time: func 3.4043    prepare 0.0798    bound 2.6501    transfer 0.6194    finalize 0.0608    
Current worst splitting domains lb-rhs (depth):
-1.04306 (12), -0.96202 (11), -0.93799 (12), -0.92511 (12), -0.92145 (11), -0.91284 (9), -0.90460 (9), -0.89066 (12), -0.88098 (12), -0.86297 (12), -0.86179 (12), -0.83684 (9), -0.83303 (12), -0.82746 (11), -0.82565 (12), -0.82484 (12), -0.82298 (9), -0.82138 (10), -0.81323 (10), -0.80670 (10), 
Length of domains: 639
Time: pickout 0.0121    decision 0.6397    set_bounds 0.1535    solve 0.5208    add 0.1331    
Accumulated time: pickout 0.0918    decision 4.2378    set_bounds 0.3614    solve 3.4062    add 0.6975    
Current (lb-rhs): -1.043057918548584
2158 domains visited
Cumulative time: 9.513293027877808

BaB round 13
batch: 256
splitting decisions: 
split level 0: [/input-72, 80] [/input-72, 80] [/input-72, 106] [/input-72, 80] [/input-72, 80] [/input-72, 134] [/input-72, 80] [/input-72, 80] [/input-72, 106] [/input-72, 106] 
pruning_in_iteration open status: True
ratio of positive domain = 208 / 512 = 0.40625
pruning-in-iteration extra time: 0.004744291305541992
Time: prepare 0.0123    bound 0.2998    transfer 0.0959    finalize 0.0094    func 0.4175    
Accumulated time: func 3.8218    prepare 0.0928    bound 2.9499    transfer 0.7154    finalize 0.0703    
Current worst splitting domains lb-rhs (depth):
-1.04306 (12), -0.96202 (11), -0.92403 (13), -0.92145 (11), -0.91284 (9), -0.90539 (13), -0.90460 (9), -0.88098 (12), -0.87172 (13), -0.84866 (13), -0.84280 (13), -0.83684 (9), -0.82746 (11), -0.82298 (9), -0.82138 (10), -0.81323 (10), -0.81219 (13), -0.81152 (13), -0.80675 (13), -0.80670 (10), 
Length of domains: 687
Time: pickout 0.0132    decision 0.5314    set_bounds 0.0112    solve 0.4177    add 0.0788    
Accumulated time: pickout 0.1050    decision 4.7692    set_bounds 0.3727    solve 3.8239    add 0.7763    
Current (lb-rhs): -1.043057918548584
2462 domains visited
Cumulative time: 10.573076009750366

BaB round 14
batch: 256
splitting decisions: 
split level 0: [/input-72, 135] [/input-72, 80] [/input-72, 80] [/input-72, 106] [/input-72, 161] [/input-72, 80] [/input-72, 80] [/input-72, 134] [/input-72, 80] [/input-72, 80] 
pruning_in_iteration open status: True
ratio of positive domain = 186 / 512 = 0.36328125
pruning-in-iteration extra time: 0.005423307418823242
Time: prepare 0.0125    bound 0.3065    transfer 0.0979    finalize 0.0082    func 0.4253    
Accumulated time: func 4.2471    prepare 0.1059    bound 3.2565    transfer 0.8133    finalize 0.0785    
Current worst splitting domains lb-rhs (depth):
-1.04306 (12), -0.96202 (11), -0.92145 (11), -0.91284 (9), -0.90539 (13), -0.90460 (9), -0.90185 (14), -0.88098 (12), -0.84866 (13), -0.84280 (13), -0.83684 (9), -0.82746 (11), -0.82573 (14), -0.82298 (9), -0.82138 (10), -0.81323 (10), -0.81152 (13), -0.80670 (10), -0.80530 (9), -0.78089 (9), 
Length of domains: 757
Time: pickout 0.0123    decision 0.6942    set_bounds 0.0123    solve 0.4255    add 0.0850    
Accumulated time: pickout 0.1172    decision 5.4634    set_bounds 0.3849    solve 4.2494    add 0.8612    
Current (lb-rhs): -1.043057918548584
2788 domains visited
Cumulative time: 11.809921264648438

BaB round 15
batch: 256
splitting decisions: 
split level 0: [/input-72, 171] [/input-72, 148] [/input-72, 100] [/input-72, 148] [/input-72, 148] [/input-72, 148] [/input-72, 148] [/input-72, 100] [/input-72, 148] [/input-72, 91] 
pruning_in_iteration open status: True
ratio of positive domain = 188 / 512 = 0.3671875
pruning-in-iteration extra time: 0.010927200317382812
Time: prepare 0.0129    bound 0.3008    transfer 0.0994    finalize 0.1318    func 0.5450    
Accumulated time: func 4.7921    prepare 0.1195    bound 3.5573    transfer 0.9127    finalize 0.2103    
Current worst splitting domains lb-rhs (depth):
-1.04306 (12), -0.96202 (11), -0.92145 (11), -0.91284 (9), -0.90539 (13), -0.90460 (9), -0.88098 (12), -0.85487 (15), -0.85431 (15), -0.84866 (13), -0.84280 (13), -0.83684 (9), -0.82746 (11), -0.82573 (14), -0.82298 (9), -0.82138 (10), -0.81323 (10), -0.81152 (13), -0.80670 (10), -0.80530 (9), 
Length of domains: 825
Time: pickout 0.0142    decision 0.6809    set_bounds 0.0119    solve 0.5452    add 0.0769    
Accumulated time: pickout 0.1314    decision 6.1443    set_bounds 0.3968    solve 4.7946    add 0.9381    
Current (lb-rhs): -1.043057918548584
3112 domains visited
Cumulative time: 13.144878149032593

BaB round 16
batch: 256
splitting decisions: 
split level 0: [/input-72, 171] [/input-72, 171] [/input-72, 171] [/input-72, 171] [/input-72, 100] [/input-72, 171] [/input-72, 171] [/input-72, 171] [/input-72, 171] [/input-72, 171] 
pruning_in_iteration open status: True
ratio of positive domain = 177 / 512 = 0.345703125
pruning-in-iteration extra time: 0.008024930953979492
Time: prepare 0.0136    bound 0.3225    transfer 0.0948    finalize 0.0098    func 0.4408    
Accumulated time: func 5.2329    prepare 0.1338    bound 3.8798    transfer 1.0075    finalize 0.2201    
Current worst splitting domains lb-rhs (depth):
-1.04306 (12), -0.96202 (11), -0.92145 (11), -0.91284 (9), -0.90539 (13), -0.90460 (9), -0.88098 (12), -0.84866 (13), -0.84280 (13), -0.83684 (9), -0.83510 (16), -0.83457 (16), -0.82746 (11), -0.82573 (14), -0.82298 (9), -0.82138 (10), -0.81323 (10), -0.81152 (13), -0.80670 (10), -0.80530 (9), 
Length of domains: 904
Time: pickout 0.0190    decision 0.5443    set_bounds 0.0116    solve 0.4410    add 0.1195    
Accumulated time: pickout 0.1504    decision 6.6886    set_bounds 0.4084    solve 5.2355    add 1.0575    
Current (lb-rhs): -1.043057918548584
3447 domains visited
Cumulative time: 14.286131620407104

BaB round 17
batch: 256
splitting decisions: 
split level 0: [/input-72, 170] [/input-72, 13] [/input-40, 928] [/input-72, 154] [/input-72, 154] [/input-40, 928] [/input-72, 100] [/input-72, 154] [/input-72, 154] [/input-72, 154] 
pruning_in_iteration open status: True
ratio of positive domain = 130 / 512 = 0.25390625
pruning-in-iteration extra time: 0.005397796630859375
Time: prepare 0.0135    bound 0.3327    transfer 0.0901    finalize 0.0055    func 0.4419    
Accumulated time: func 5.6747    prepare 0.1479    bound 4.2125    transfer 1.0976    finalize 0.2256    
Current worst splitting domains lb-rhs (depth):
-1.04306 (12), -0.96202 (11), -0.92145 (11), -0.91284 (9), -0.90539 (13), -0.90460 (9), -0.88098 (12), -0.84866 (13), -0.84280 (13), -0.83684 (9), -0.82746 (11), -0.82685 (17), -0.82573 (14), -0.82298 (9), -0.82138 (10), -0.82039 (17), -0.81323 (10), -0.81152 (13), -0.80670 (10), -0.80530 (9), 
Length of domains: 1030
Time: pickout 0.0170    decision 0.6400    set_bounds 0.0113    solve 0.4421    add 0.5354    
Accumulated time: pickout 0.1674    decision 7.3286    set_bounds 0.4197    solve 5.6776    add 1.5930    
Current (lb-rhs): -1.043057918548584
3829 domains visited
Cumulative time: 15.938016891479492

BaB round 18
batch: 256
splitting decisions: 
split level 0: [/input-72, 105] [/input-40, 928] [/input-40, 928] [/input-72, 170] [/input-72, 170] [/input-72, 12] [/input-72, 13] [/input-72, 12] [/input-72, 148] [/input-72, 12] 
pruning_in_iteration open status: True
ratio of positive domain = 149 / 512 = 0.291015625
pruning-in-iteration extra time: 0.003061056137084961
Time: prepare 0.0142    bound 0.3841    transfer 0.0923    finalize 0.0065    func 0.4971    
Accumulated time: func 6.1719    prepare 0.1627    bound 4.5966    transfer 1.1900    finalize 0.2321    
Current worst splitting domains lb-rhs (depth):
-1.04306 (12), -0.96202 (11), -0.92145 (11), -0.91284 (9), -0.90539 (13), -0.90460 (9), -0.88098 (12), -0.84866 (13), -0.84280 (13), -0.83684 (9), -0.82746 (11), -0.82573 (14), -0.82298 (9), -0.82138 (10), -0.81323 (10), -0.81263 (18), -0.81246 (18), -0.81152 (13), -0.80670 (10), -0.80530 (9), 
Length of domains: 1137
Time: pickout 0.0084    decision 0.6363    set_bounds 0.0135    solve 0.4973    add 0.1237    
Accumulated time: pickout 0.1759    decision 7.9649    set_bounds 0.4332    solve 6.1749    add 1.7167    
Current (lb-rhs): -1.043057918548584
4192 domains visited
Cumulative time: 17.223377227783203

BaB round 19
batch: 256
splitting decisions: 
split level 0: [/input-72, 6] [/input-72, 168] [/input-72, 6] [/input-72, 6] [/input-72, 170] [/input-40, 928] [/input-40, 3789] [/input-72, 170] [/input-72, 170] [/input-72, 12] 
pruning_in_iteration open status: True
ratio of positive domain = 135 / 512 = 0.263671875
pruning-in-iteration extra time: 0.003565549850463867
Time: prepare 0.0143    bound 0.4041    transfer 0.1069    finalize 0.0065    func 0.5319    
Accumulated time: func 6.7038    prepare 0.1777    bound 5.0007    transfer 1.2969    finalize 0.2386    
Current worst splitting domains lb-rhs (depth):
-1.04306 (12), -0.96202 (11), -0.92145 (11), -0.91284 (9), -0.90539 (13), -0.90460 (9), -0.88098 (12), -0.84866 (13), -0.84280 (13), -0.83684 (9), -0.82746 (11), -0.82573 (14), -0.82298 (9), -0.82138 (10), -0.81323 (10), -0.81152 (13), -0.80670 (10), -0.80530 (9), -0.79155 (19), -0.78623 (19), 
Length of domains: 1258
Time: pickout 0.0090    decision 0.7141    set_bounds 0.0137    solve 0.5321    add 0.1517    
Accumulated time: pickout 0.1849    decision 8.6790    set_bounds 0.4469    solve 6.7070    add 1.8684    
Current (lb-rhs): -1.043057918548584
4569 domains visited
Cumulative time: 18.651926279067993

BaB round 20
batch: 256
splitting decisions: 
split level 0: [/input-40, 3789] [/input-40, 928] [/input-72, 170] [/input-72, 12] [/input-72, 137] [/input-32, 5384] [/input-72, 12] [/input-32, 5384] [/input-72, 12] [/input-72, 9] 
pruning_in_iteration open status: True
ratio of positive domain = 118 / 512 = 0.23046875
pruning-in-iteration extra time: 0.003433704376220703
Time: prepare 0.0153    bound 0.4159    transfer 0.1017    finalize 0.0093    func 0.5422    
Accumulated time: func 7.2460    prepare 0.1937    bound 5.4166    transfer 1.3986    finalize 0.2479    
Current worst splitting domains lb-rhs (depth):
-1.04306 (12), -0.96202 (11), -0.92145 (11), -0.91284 (9), -0.90539 (13), -0.90460 (9), -0.88098 (12), -0.84866 (13), -0.84280 (13), -0.83684 (9), -0.82746 (11), -0.82573 (14), -0.82298 (9), -0.82138 (10), -0.81323 (10), -0.81152 (13), -0.80670 (10), -0.80530 (9), -0.78089 (9), -0.78022 (10), 
Length of domains: 1396
Time: pickout 0.0111    decision 0.6732    set_bounds 0.0137    solve 0.5424    add 0.1508    
Accumulated time: pickout 0.1960    decision 9.3521    set_bounds 0.4606    solve 7.2494    add 2.0192    
Current (lb-rhs): -1.043057918548584
4963 domains visited
Cumulative time: 20.050304174423218

BaB round 21
batch: 256
splitting decisions: 
split level 0: [/input-72, 170] [/input-72, 137] [/input-72, 9] [/input-32, 5384] [/input-72, 137] [/input-32, 5384] [/input-72, 9] [/input-72, 13] [/input-72, 137] [/input-40, 927] 
pruning_in_iteration open status: True
ratio of positive domain = 119 / 512 = 0.232421875
pruning-in-iteration extra time: 0.0013000965118408203
Time: prepare 0.0150    bound 0.4300    transfer 0.0977    finalize 0.0095    func 0.5522    
Accumulated time: func 7.7982    prepare 0.2093    bound 5.8465    transfer 1.4963    finalize 0.2573    
Current worst splitting domains lb-rhs (depth):
-1.04306 (12), -0.96202 (11), -0.92145 (11), -0.91284 (9), -0.90539 (13), -0.90460 (9), -0.88098 (12), -0.84866 (13), -0.84280 (13), -0.83684 (9), -0.82746 (11), -0.82573 (14), -0.82298 (9), -0.82138 (10), -0.81323 (10), -0.81152 (13), -0.80670 (10), -0.80530 (9), -0.78089 (9), -0.78022 (10), 
Length of domains: 1533
Time: pickout 0.0090    decision 0.5304    set_bounds 0.0140    solve 0.5531    add 0.1452    
Accumulated time: pickout 0.2050    decision 9.8825    set_bounds 0.4745    solve 7.8025    add 2.1643    
Current (lb-rhs): -1.043057918548584
5356 domains visited
Cumulative time: 21.308807134628296

BaB round 22
batch: 256
splitting decisions: 
split level 0: [/input-40, 3789] [/input-32, 5384] [/input-32, 22007] [/input-40, 3789] [/input-72, 13] [/input-72, 9] [/input-72, 13] [/input-32, 5384] [/input-32, 5384] [/input-40, 166] 
pruning_in_iteration open status: False
ratio of positive domain = 97 / 512 = 0.189453125
pruning-in-iteration extra time: 0.00030493736267089844
Time: prepare 0.0157    bound 0.4165    transfer 0.0910    finalize 0.0071    func 0.5303    
Accumulated time: func 8.3285    prepare 0.2257    bound 6.2631    transfer 1.5872    finalize 0.2645    
Current worst splitting domains lb-rhs (depth):
-1.04306 (12), -0.96202 (11), -0.92145 (11), -0.91284 (9), -0.90539 (13), -0.90460 (9), -0.88098 (12), -0.84866 (13), -0.84280 (13), -0.83684 (9), -0.82746 (11), -0.82573 (14), -0.82298 (9), -0.82138 (10), -0.81323 (10), -0.81152 (13), -0.80670 (10), -0.80530 (9), -0.78089 (9), -0.78022 (10), 
Length of domains: 1690
Time: pickout 0.0094    decision 0.5568    set_bounds 0.1668    solve 0.5305    add 0.1637    
Accumulated time: pickout 0.2143    decision 10.4393    set_bounds 0.6414    solve 8.3330    add 2.3281    
Current (lb-rhs): -1.043057918548584
5769 domains visited
Cumulative time: 22.742990255355835

BaB round 23
batch: 256
splitting decisions: 
split level 0: [/input-72, 13] [/input-32, 22007] [/input-72, 9] [/input-40, 928] [/input-72, 13] [/input-72, 137] [/input-72, 9] [/input-72, 13] [/input-40, 5801] [/input-72, 137] 
pruning_in_iteration open status: True
ratio of positive domain = 123 / 512 = 0.240234375
pruning-in-iteration extra time: 0.0029256343841552734
Time: prepare 0.0153    bound 0.4262    transfer 0.0954    finalize 0.0088    func 0.5457    
Accumulated time: func 8.8742    prepare 0.2417    bound 6.6892    transfer 1.6826    finalize 0.2732    
Current worst splitting domains lb-rhs (depth):
-1.04306 (12), -0.96202 (11), -0.92145 (11), -0.91284 (9), -0.90539 (13), -0.90460 (9), -0.88098 (12), -0.84866 (13), -0.84280 (13), -0.83684 (9), -0.82746 (11), -0.82573 (14), -0.82298 (9), -0.82138 (10), -0.81323 (10), -0.81152 (13), -0.80670 (10), -0.80530 (9), -0.78089 (9), -0.78022 (10), 
Length of domains: 1823
Time: pickout 0.0103    decision 0.6424    set_bounds 0.0124    solve 0.5458    add 0.1441    
Accumulated time: pickout 0.2247    decision 11.0816    set_bounds 0.6538    solve 8.8788    add 2.4722    
Current (lb-rhs): -1.043057918548584
6158 domains visited
Cumulative time: 24.104976892471313

BaB round 24
batch: 256
splitting decisions: 
split level 0: [/input-72, 94] [/input-32, 5384] [/input-40, 166] [/input-72, 94] [/input-32, 5384] [/input-32, 5384] [/input-32, 5384] [/input-40, 3013] [/input-72, 13] [/input-72, 94] 
pruning_in_iteration open status: True
ratio of positive domain = 103 / 512 = 0.201171875
pruning-in-iteration extra time: 0.00011038780212402344
Time: prepare 0.0163    bound 0.4341    transfer 0.0928    finalize 0.0096    func 0.5529    
Accumulated time: func 9.4271    prepare 0.2587    bound 7.1233    transfer 1.7754    finalize 0.2828    
Current worst splitting domains lb-rhs (depth):
-1.04306 (12), -0.96202 (11), -0.92145 (11), -0.91284 (9), -0.90539 (13), -0.90460 (9), -0.88098 (12), -0.84866 (13), -0.84280 (13), -0.83684 (9), -0.82746 (11), -0.82573 (14), -0.82298 (9), -0.82138 (10), -0.81323 (10), -0.81152 (13), -0.80670 (10), -0.80530 (9), -0.78089 (9), -0.78022 (10), 
Length of domains: 1976
Time: pickout 0.0091    decision 0.5287    set_bounds 0.0136    solve 0.5530    add 0.1550    
Accumulated time: pickout 0.2338    decision 11.6104    set_bounds 0.6674    solve 9.4318    add 2.6272    
Current (lb-rhs): -1.043057918548584
6567 domains visited
Cumulative time: 25.37290906906128

BaB round 25
batch: 256
splitting decisions: 
split level 0: [/input-72, 94] [/input-72, 9] [/input-40, 3836] [/input-32, 22007] [/input-40, 5801] [/input-72, 9] [/input-40, 5822] [/input-40, 5822] [/input-72, 137] [/input-32, 22007] 
pruning_in_iteration open status: False
ratio of positive domain = 69 / 512 = 0.134765625
pruning-in-iteration extra time: 6.318092346191406e-05
Time: prepare 0.0159    bound 0.4167    transfer 0.0953    finalize 0.0071    func 0.5351    
Accumulated time: func 9.9622    prepare 0.2752    bound 7.5401    transfer 1.8707    finalize 0.2899    
Current worst splitting domains lb-rhs (depth):
-1.04306 (12), -0.96202 (11), -0.92145 (11), -0.91284 (9), -0.90539 (13), -0.90460 (9), -0.88098 (12), -0.84866 (13), -0.84280 (13), -0.83684 (9), -0.82746 (11), -0.82573 (14), -0.82298 (9), -0.82138 (10), -0.81323 (10), -0.81152 (13), -0.80670 (10), -0.80530 (9), -0.78089 (9), -0.78022 (10), 
Length of domains: 2163
Time: pickout 0.0104    decision 0.5578    set_bounds 0.0117    solve 0.5354    add 0.8869    
Accumulated time: pickout 0.2442    decision 12.1682    set_bounds 0.6791    solve 9.9672    add 3.5141    
Current (lb-rhs): -1.043057918548584
7010 domains visited
Cumulative time: 27.3819899559021

BaB round 26
batch: 256
splitting decisions: 
split level 0: [/input-32, 22007] [/input-40, 2915] [/input-32, 22007] [/input-32, 22007] [/input-32, 5384] [/input-40, 5801] [/input-40, 3836] [/input-32, 22007] [/input-40, 2383] [/input-32, 5384] 
pruning_in_iteration open status: True
ratio of positive domain = 110 / 512 = 0.21484375
pruning-in-iteration extra time: 0.0002663135528564453
Time: prepare 0.0166    bound 0.4183    transfer 0.0950    finalize 0.0090    func 0.5391    
Accumulated time: func 10.5013    prepare 0.2926    bound 7.9584    transfer 1.9657    finalize 0.2989    
Current worst splitting domains lb-rhs (depth):
-1.04306 (12), -0.96202 (11), -0.92145 (11), -0.91284 (9), -0.90539 (13), -0.90460 (9), -0.88098 (12), -0.84866 (13), -0.84280 (13), -0.83684 (9), -0.82746 (11), -0.82573 (14), -0.82298 (9), -0.82138 (10), -0.81323 (10), -0.81152 (13), -0.80670 (10), -0.80530 (9), -0.78089 (9), -0.78022 (10), 
Length of domains: 2309
Time: pickout 0.0101    decision 0.5544    set_bounds 0.1683    solve 0.5393    add 0.1608    
Accumulated time: pickout 0.2543    decision 12.7226    set_bounds 0.8474    solve 10.5064    add 3.6749    
Current (lb-rhs): -1.043057918548584
7412 domains visited
Cumulative time: 28.822676420211792

BaB round 27
batch: 256
splitting decisions: 
split level 0: [/input-40, 5829] [/input-40, 2915] [/input-40, 62] [/input-40, 5822] [/input-40, 5801] [/input-32, 22007] [/input-40, 2915] [/input-40, 3013] [/input-40, 166] [/input-32, 5384] 
pruning_in_iteration open status: False
ratio of positive domain = 90 / 512 = 0.17578125
pruning-in-iteration extra time: 0.0001881122589111328
Time: prepare 0.0165    bound 0.4229    transfer 0.0950    finalize 0.0058    func 0.5402    
Accumulated time: func 11.0415    prepare 0.3097    bound 8.3813    transfer 2.0607    finalize 0.3047    
Current worst splitting domains lb-rhs (depth):
-1.04306 (12), -0.96202 (11), -0.92145 (11), -0.91284 (9), -0.90539 (13), -0.90460 (9), -0.88098 (12), -0.84866 (13), -0.84280 (13), -0.83684 (9), -0.82746 (11), -0.82573 (14), -0.82298 (9), -0.82138 (10), -0.81323 (10), -0.81152 (13), -0.80670 (10), -0.80530 (9), -0.78089 (9), -0.78022 (10), 
Length of domains: 2472
Time: pickout 0.0106    decision 0.7075    set_bounds 0.0129    solve 0.5403    add 0.1574    
Accumulated time: pickout 0.2650    decision 13.4301    set_bounds 0.8603    solve 11.0468    add 3.8323    
Current (lb-rhs): -1.043057918548584
7831 domains visited
Cumulative time: 30.258053302764893

BaB round 28
batch: 256
splitting decisions: 
split level 0: [/input-40, 166] [/input-40, 166] [/input-40, 3013] [/input-40, 3836] [/input-40, 166] [/input-72, 94] [/input-40, 3836] [/input-40, 5829] [/input-40, 62] [/input-40, 62] 
pruning_in_iteration open status: False
ratio of positive domain = 89 / 512 = 0.173828125
pruning-in-iteration extra time: 5.650520324707031e-05
Time: prepare 0.0162    bound 0.2903    transfer 0.1021    finalize 0.0059    func 0.4145    
Accumulated time: func 11.4560    prepare 0.3265    bound 8.6715    transfer 2.1628    finalize 0.3106    
Current worst splitting domains lb-rhs (depth):
-1.04306 (12), -0.96202 (11), -0.92145 (11), -0.91284 (9), -0.90539 (13), -0.90460 (9), -0.88098 (12), -0.84866 (13), -0.84280 (13), -0.83684 (9), -0.82746 (11), -0.82573 (14), -0.82298 (9), -0.82138 (10), -0.81323 (10), -0.81152 (13), -0.80670 (10), -0.80530 (9), -0.78089 (9), -0.78022 (10), 
Length of domains: 2639
Time: pickout 0.0100    decision 0.3680    set_bounds 0.0108    solve 0.4147    add 0.1685    
Accumulated time: pickout 0.2749    decision 13.7981    set_bounds 0.8711    solve 11.4614    add 4.0008    
Current (lb-rhs): -1.043057918548584
8254 domains visited
Cumulative time: 31.236459732055664

BaB round 29
batch: 256
splitting decisions: 
split level 0: [/input-32, 22020] [/input-40, 166] [/input-40, 167] [/input-40, 62] [/input-40, 5801] [/input-32, 5384] [/input-40, 3013] [/input-72, 94] [/input-40, 4868] [/input-72, 94] 
pruning_in_iteration open status: False
ratio of positive domain = 93 / 512 = 0.181640625
pruning-in-iteration extra time: 4.9591064453125e-05
Time: prepare 0.0162    bound 0.2890    transfer 0.0940    finalize 0.0057    func 0.4050    
Accumulated time: func 11.8610    prepare 0.3434    bound 8.9605    transfer 2.2567    finalize 0.3164    
Current worst splitting domains lb-rhs (depth):
-1.04306 (12), -0.96202 (11), -0.92145 (11), -0.91284 (9), -0.90539 (13), -0.90460 (9), -0.88098 (12), -0.84866 (13), -0.84280 (13), -0.83684 (9), -0.82746 (11), -0.82573 (14), -0.82298 (9), -0.82138 (10), -0.81323 (10), -0.81152 (13), -0.80670 (10), -0.80530 (9), -0.78089 (9), -0.78022 (10), 
Length of domains: 2802
Time: pickout 0.0095    decision 0.3682    set_bounds 0.0107    solve 0.4051    add 0.1550    
Accumulated time: pickout 0.2844    decision 14.1663    set_bounds 0.8818    solve 11.8666    add 4.1558    
Current (lb-rhs): -1.043057918548584
8673 domains visited
Cumulative time: 32.19158935546875

BaB round 30
batch: 256
splitting decisions: 
split level 0: [/input-32, 22007] [/input-32, 22007] [/input-40, 3836] [/input-40, 2915] [/input-40, 5829] [/input-72, 94] [/input-32, 22007] [/input-40, 5822] [/input-40, 5917] [/input-40, 5917] 
pruning_in_iteration open status: False
ratio of positive domain = 102 / 512 = 0.19921875
pruning-in-iteration extra time: 5.2928924560546875e-05
Time: prepare 0.0172    bound 0.2851    transfer 0.0918    finalize 0.0056    func 0.3997    
Accumulated time: func 12.2607    prepare 0.3612    bound 9.2456    transfer 2.3485    finalize 0.3220    
Current worst splitting domains lb-rhs (depth):
-1.04306 (12), -0.96202 (11), -0.92145 (11), -0.91284 (9), -0.90539 (13), -0.90460 (9), -0.88098 (12), -0.84866 (13), -0.84280 (13), -0.83684 (9), -0.82746 (11), -0.82573 (14), -0.82298 (9), -0.82138 (10), -0.81323 (10), -0.81152 (13), -0.80670 (10), -0.80530 (9), -0.78089 (9), -0.78022 (10), 
Length of domains: 2954
Time: pickout 0.0098    decision 0.3687    set_bounds 0.1825    solve 0.3999    add 0.1525    
Accumulated time: pickout 0.2942    decision 14.5350    set_bounds 1.0643    solve 12.2664    add 4.3083    
Current (lb-rhs): -1.043057918548584
9081 domains visited
Cumulative time: 33.312230825424194

BaB round 31
batch: 256
splitting decisions: 
split level 0: [/input-16, 7932] [/input-40, 2383] [/input-40, 62] [/input-40, 927] [/input-40, 1804] [/input-40, 5917] [/input-16, 19355] [/input-40, 2383] [/input-40, 5829] [/input-40, 5822] 
pruning_in_iteration open status: False
ratio of positive domain = 85 / 512 = 0.166015625
pruning-in-iteration extra time: 4.792213439941406e-05
Time: prepare 0.0169    bound 0.2891    transfer 0.0911    finalize 0.0058    func 0.4030    
Accumulated time: func 12.6638    prepare 0.3788    bound 9.5348    transfer 2.4397    finalize 0.3277    
Current worst splitting domains lb-rhs (depth):
-1.04306 (12), -0.96202 (11), -0.92145 (11), -0.91284 (9), -0.90539 (13), -0.90460 (9), -0.88098 (12), -0.84866 (13), -0.84280 (13), -0.83684 (9), -0.82746 (11), -0.82573 (14), -0.82298 (9), -0.82138 (10), -0.81323 (10), -0.81152 (13), -0.80670 (10), -0.80530 (9), -0.78089 (9), -0.78022 (10), 
Length of domains: 3124
Time: pickout 0.0099    decision 0.3667    set_bounds 0.0106    solve 0.4032    add 0.1516    
Accumulated time: pickout 0.3041    decision 14.9017    set_bounds 1.0749    solve 12.6696    add 4.4599    
Current (lb-rhs): -1.043057918548584
9507 domains visited
Cumulative time: 34.26079320907593

BaB round 32
batch: 256
splitting decisions: 
split level 0: [/input-40, 4324] [/input-40, 1249] [/input-40, 6254] [/input-32, 22020] [/input-40, 4351] [/input-40, 2386] [/input-8, 4430] [/input-72, 94] [/input-40, 4351] [/input-40, 5801] 
pruning_in_iteration open status: False
ratio of positive domain = 76 / 512 = 0.1484375
pruning-in-iteration extra time: 0.00012350082397460938
Time: prepare 0.0164    bound 0.4109    transfer 0.0932    finalize 0.0096    func 0.5301    
Accumulated time: func 13.1939    prepare 0.3958    bound 9.9456    transfer 2.5329    finalize 0.3373    
Current worst splitting domains lb-rhs (depth):
-1.04306 (12), -0.96202 (11), -0.92145 (11), -0.91284 (9), -0.90539 (13), -0.90460 (9), -0.88098 (12), -0.84866 (13), -0.84280 (13), -0.83684 (9), -0.82746 (11), -0.82573 (14), -0.82298 (9), -0.82138 (10), -0.81323 (10), -0.81152 (13), -0.80670 (10), -0.80530 (9), -0.78089 (9), -0.78022 (10), 
Length of domains: 3302
Time: pickout 0.0115    decision 0.3678    set_bounds 0.0104    solve 0.5303    add 0.1600    
Accumulated time: pickout 0.3156    decision 15.2695    set_bounds 1.0853    solve 13.1999    add 4.6199    
Current (lb-rhs): -1.043057918548584
9941 domains visited
Cumulative time: 35.3475341796875

BaB round 33
batch: 256
splitting decisions: 
split level 0: [/input-40, 5829] [/input-72, 56] [/input-8, 7861] [/input-40, 5829] [/input-40, 2386] [/input-40, 62] [/input-40, 6254] [/input-16, 19387] [/input-8, 4430] [/input-40, 2386] 
pruning_in_iteration open status: False
ratio of positive domain = 57 / 512 = 0.111328125
pruning-in-iteration extra time: 0.00015783309936523438
Time: prepare 0.0178    bound 0.3852    transfer 0.0998    finalize 0.0108    func 0.5137    
Accumulated time: func 13.7076    prepare 0.4144    bound 10.3309    transfer 2.6326    finalize 0.3481    
Current worst splitting domains lb-rhs (depth):
-1.04306 (12), -0.96202 (11), -0.92145 (11), -0.91284 (9), -0.90539 (13), -0.90460 (9), -0.88098 (12), -0.84866 (13), -0.84280 (13), -0.83684 (9), -0.82746 (11), -0.82573 (14), -0.82298 (9), -0.82138 (10), -0.81323 (10), -0.81152 (13), -0.80670 (10), -0.80530 (9), -0.78089 (9), -0.78022 (10), 
Length of domains: 3500
Time: pickout 0.0279    decision 0.5189    set_bounds 0.0111    solve 0.5138    add 0.1718    
Accumulated time: pickout 0.3435    decision 15.7884    set_bounds 1.0964    solve 13.7137    add 4.7918    
Current (lb-rhs): -1.043057918548584
10395 domains visited
Cumulative time: 36.60035443305969

BaB round 34
batch: 256
splitting decisions: 
split level 0: [/input-40, 5822] [/input-40, 2915] [/input-8, 4430] [/input-40, 2383] [/input-32, 22020] [/input-40, 5917] [/input-16, 7932] [/input-32, 22020] [/input-40, 5917] [/input-32, 22007] 
pruning_in_iteration open status: False
ratio of positive domain = 57 / 512 = 0.111328125
pruning-in-iteration extra time: 0.00020432472229003906
Time: prepare 0.0169    bound 0.3589    transfer 0.1103    finalize 0.0062    func 0.4923    
Accumulated time: func 14.2000    prepare 0.4319    bound 10.6898    transfer 2.7429    finalize 0.3543    
Current worst splitting domains lb-rhs (depth):
-1.04306 (12), -0.96202 (11), -0.92145 (11), -0.91284 (9), -0.90539 (13), -0.90460 (9), -0.88098 (12), -0.84866 (13), -0.84280 (13), -0.83684 (9), -0.82746 (11), -0.82573 (14), -0.82298 (9), -0.82138 (10), -0.81323 (10), -0.81152 (13), -0.80670 (10), -0.80530 (9), -0.78089 (9), -0.78022 (10), 
Length of domains: 3699
Time: pickout 0.0239    decision 0.5279    set_bounds 0.0097    solve 0.4925    add 0.1847    
Accumulated time: pickout 0.3674    decision 16.3164    set_bounds 1.1061    solve 14.2062    add 4.9764    
Current (lb-rhs): -1.043057918548584
10850 domains visited
Cumulative time: 37.84754252433777

BaB round 35
batch: 256
splitting decisions: 
split level 0: [/input-40, 5355] [/input-40, 6254] [/input-16, 4953] [/input-32, 22020] [/input-40, 6254] [/input-40, 585] [/input-40, 3013] [/input-32, 22007] [/input-40, 5827] [/input-40, 2915] 
pruning_in_iteration open status: False
ratio of positive domain = 56 / 512 = 0.109375
pruning-in-iteration extra time: 0.0001480579376220703
Time: prepare 0.0178    bound 0.3818    transfer 0.0957    finalize 0.0103    func 0.5057    
Accumulated time: func 14.7056    prepare 0.4503    bound 11.0716    transfer 2.8386    finalize 0.3647    
Current worst splitting domains lb-rhs (depth):
-1.04306 (12), -0.96202 (11), -0.92145 (11), -0.91284 (9), -0.90539 (13), -0.90460 (9), -0.88098 (12), -0.84866 (13), -0.84280 (13), -0.83684 (9), -0.82746 (11), -0.82573 (14), -0.82298 (9), -0.82138 (10), -0.81323 (10), -0.81152 (13), -0.80670 (10), -0.80530 (9), -0.78089 (9), -0.78022 (10), 
Length of domains: 3899
Time: pickout 0.0107    decision 0.6919    set_bounds 0.1924    solve 0.5058    add 0.1749    
Accumulated time: pickout 0.3781    decision 17.0083    set_bounds 1.2985    solve 14.7120    add 5.1514    
Current (lb-rhs): -1.043057918548584
11306 domains visited
Cumulative time: 39.43740773200989

BaB round 36
batch: 256
splitting decisions: 
split level 0: [/input-40, 3968] [/input-32, 5458] [/input-40, 5917] [/input-40, 2386] [/input-32, 5458] [/input-16, 19355] [/input-40, 585] [/input-40, 5822] [/input-32, 5458] [/input-40, 6081] 
pruning_in_iteration open status: False
ratio of positive domain = 38 / 512 = 0.07421875
pruning-in-iteration extra time: 0.0002970695495605469
Time: prepare 0.0185    bound 0.3572    transfer 0.1078    finalize 0.0087    func 0.4923    
Accumulated time: func 15.1979    prepare 0.4696    bound 11.4288    transfer 2.9464    finalize 0.3734    
Current worst splitting domains lb-rhs (depth):
-1.04306 (12), -0.96202 (11), -0.92145 (11), -0.91284 (9), -0.90539 (13), -0.90460 (9), -0.88098 (12), -0.84866 (13), -0.84280 (13), -0.83684 (9), -0.82746 (11), -0.82573 (14), -0.82298 (9), -0.82138 (10), -0.81323 (10), -0.81152 (13), -0.80670 (10), -0.80530 (9), -0.78089 (9), -0.78022 (10), 
Length of domains: 4116
Time: pickout 0.0256    decision 0.5331    set_bounds 0.0106    solve 0.4924    add 1.5358    
Accumulated time: pickout 0.4037    decision 17.5414    set_bounds 1.3091    solve 15.2044    add 6.6871    
Current (lb-rhs): -1.043057918548584
11779 domains visited
Cumulative time: 42.042096853256226

BaB round 37
batch: 256
splitting decisions: 
split level 0: [/input-16, 17680] [/input-40, 374] [/input-40, 6081] [/input-40, 6254] [/input-8, 4430] [/input-8, 9288] [/input-40, 647] [/input-40, 3968] [/input-8, 2207] [/input-16, 4953] 
pruning_in_iteration open status: False
ratio of positive domain = 88 / 512 = 0.171875
pruning-in-iteration extra time: 0.0021567344665527344
Time: prepare 0.0182    bound 0.3447    transfer 0.0923    finalize 0.0057    func 0.4609    
Accumulated time: func 15.6589    prepare 0.4885    bound 11.7735    transfer 3.0387    finalize 0.3790    
Current worst splitting domains lb-rhs (depth):
-1.04306 (12), -0.96202 (11), -0.92145 (11), -0.91284 (9), -0.90539 (13), -0.90460 (9), -0.88098 (12), -0.84866 (13), -0.84280 (13), -0.83684 (9), -0.82746 (11), -0.82573 (14), -0.82298 (9), -0.82138 (10), -0.81323 (10), -0.81152 (13), -0.80670 (10), -0.80530 (9), -0.78089 (9), -0.78022 (10), 
Length of domains: 4282
Time: pickout 0.0263    decision 0.6818    set_bounds 0.0103    solve 0.4611    add 0.1468    
Accumulated time: pickout 0.4300    decision 18.2232    set_bounds 1.3194    solve 15.6655    add 6.8339    
Current (lb-rhs): -1.043057918548584
12201 domains visited
Cumulative time: 43.37761425971985

BaB round 38
batch: 256
splitting decisions: 
split level 0: [/input-8, 7861] [/input-40, 4321] [/input-40, 167] [/input-40, 4324] [/input-8, 4395] [/input-8, 9288] [/input-72, 160] [/input-16, 17680] [/input-40, 1249] [/input-8, 4430] 
pruning_in_iteration open status: True
ratio of positive domain = 107 / 512 = 0.208984375
pruning-in-iteration extra time: 0.00013399124145507812
Time: prepare 0.0195    bound 0.3518    transfer 0.1044    finalize 0.0107    func 0.4864    
Accumulated time: func 16.1453    prepare 0.5087    bound 12.1253    transfer 3.1431    finalize 0.3897    
Current worst splitting domains lb-rhs (depth):
-1.04306 (12), -0.96202 (11), -0.92145 (11), -0.91284 (9), -0.90539 (13), -0.90460 (9), -0.88098 (12), -0.84866 (13), -0.84280 (13), -0.83684 (9), -0.82746 (11), -0.82573 (14), -0.82298 (9), -0.82138 (10), -0.81323 (10), -0.81152 (13), -0.80670 (10), -0.80530 (9), -0.78089 (9), -0.78022 (10), 
Length of domains: 4431
Time: pickout 0.0317    decision 0.6086    set_bounds 0.0094    solve 0.4865    add 0.1458    
Accumulated time: pickout 0.4617    decision 18.8318    set_bounds 1.3288    solve 16.1521    add 6.9797    
Current (lb-rhs): -1.043057918548584
12606 domains visited
Cumulative time: 44.667654037475586

BaB round 39
batch: 256
splitting decisions: 
split level 0: [/input-40, 6254] [/input-16, 17680] [/input-40, 6254] [/input-40, 1077] [/input-72, 147] [/input-8, 2207] [/input-8, 2207] [/input-40, 4324] [/input-32, 5457] [/input-40, 4324] 
pruning_in_iteration open status: True
ratio of positive domain = 117 / 512 = 0.228515625
pruning-in-iteration extra time: 0.0002455711364746094
Time: prepare 0.0188    bound 0.3522    transfer 0.0927    finalize 0.0104    func 0.4742    
Accumulated time: func 16.6196    prepare 0.5282    bound 12.4775    transfer 3.2358    finalize 0.4001    
Current worst splitting domains lb-rhs (depth):
-1.04306 (12), -0.96202 (11), -0.92145 (11), -0.91284 (9), -0.90539 (13), -0.90460 (9), -0.88098 (12), -0.84866 (13), -0.84280 (13), -0.83684 (9), -0.82746 (11), -0.82573 (14), -0.82298 (9), -0.82138 (10), -0.81323 (10), -0.81152 (13), -0.80670 (10), -0.80530 (9), -0.78089 (9), -0.78022 (10), 
Length of domains: 4570
Time: pickout 0.0263    decision 0.5837    set_bounds 0.0096    solve 0.4752    add 0.1398    
Accumulated time: pickout 0.4881    decision 19.4154    set_bounds 1.3383    solve 16.6272    add 7.1195    
Current (lb-rhs): -1.043057918548584
13001 domains visited
Cumulative time: 45.91107678413391

BaB round 40
batch: 256
splitting decisions: 
split level 0: [/input-40, 4324] [/input-40, 62] [/input-40, 4351] [/input-40, 4324] [/input-72, 160] [/input-40, 1249] [/input-40, 3968] [/input-8, 5019] [/input-16, 17680] [/input-40, 167] 
pruning_in_iteration open status: True
ratio of positive domain = 115 / 512 = 0.224609375
pruning-in-iteration extra time: 0.0009059906005859375
Time: prepare 0.0198    bound 0.3560    transfer 0.1182    finalize 0.0106    func 0.5045    
Accumulated time: func 17.1241    prepare 0.5486    bound 12.8335    transfer 3.3540    finalize 0.4106    
Current worst splitting domains lb-rhs (depth):
-1.04306 (12), -0.96202 (11), -0.92145 (11), -0.91284 (9), -0.90539 (13), -0.90460 (9), -0.88098 (12), -0.84866 (13), -0.84280 (13), -0.83684 (9), -0.82746 (11), -0.82573 (14), -0.82298 (9), -0.82138 (10), -0.81323 (10), -0.81152 (13), -0.80670 (10), -0.80530 (9), -0.78089 (9), -0.78022 (10), 
Length of domains: 4711
Time: pickout 0.0254    decision 0.6030    set_bounds 0.0104    solve 0.5047    add 0.1416    
Accumulated time: pickout 0.5134    decision 20.0184    set_bounds 1.3488    solve 17.1319    add 7.2611    
Current (lb-rhs): -1.043057918548584
13398 domains visited
Cumulative time: 47.205238580703735

BaB round 41
batch: 256
splitting decisions: 
split level 0: [/input-40, 6141] [/input-40, 5801] [/input-16, 17680] [/input-40, 6141] [/input-8, 18323] [/input-40, 6141] [/input-16, 17680] [/input-40, 4351] [/input-40, 1077] [/input-16, 9273] 
pruning_in_iteration open status: True
ratio of positive domain = 158 / 512 = 0.30859375
pruning-in-iteration extra time: 0.007586240768432617
Time: prepare 0.0202    bound 0.4012    transfer 0.1247    finalize 0.0081    func 0.5543    
Accumulated time: func 17.6784    prepare 0.5695    bound 13.2347    transfer 3.4787    finalize 0.4188    
Current worst splitting domains lb-rhs (depth):
-1.04306 (12), -0.96202 (11), -0.92145 (11), -0.91284 (9), -0.90539 (13), -0.90460 (9), -0.88098 (12), -0.84866 (13), -0.84280 (13), -0.83684 (9), -0.82746 (11), -0.82573 (14), -0.82298 (9), -0.82138 (10), -0.81323 (10), -0.81152 (13), -0.80670 (10), -0.80530 (9), -0.78089 (9), -0.78022 (10), 
Length of domains: 4809
Time: pickout 0.0232    decision 0.6598    set_bounds 0.0103    solve 0.5544    add 0.1296    
Accumulated time: pickout 0.5366    decision 20.6782    set_bounds 1.3590    solve 17.6864    add 7.3907    
Current (lb-rhs): -1.043057918548584
13752 domains visited
Cumulative time: 48.59182929992676

BaB round 42
batch: 256
splitting decisions: 
split level 0: [/input-8, 4416] [/input-72, 160] [/input-8, 9288] [/input-40, 6141] [/input-16, 7866] [/input-40, 6141] [/input-8, 18323] [/input-16, 16713] [/input-16, 9273] [/input-8, 10749] 
pruning_in_iteration open status: True
ratio of positive domain = 144 / 512 = 0.28125
pruning-in-iteration extra time: 0.0008034706115722656
Time: prepare 0.0197    bound 0.3859    transfer 0.1111    finalize 0.0108    func 0.5276    
Accumulated time: func 18.2060    prepare 0.5899    bound 13.6205    transfer 3.5898    finalize 0.4296    
Current worst splitting domains lb-rhs (depth):
-1.04306 (12), -0.96202 (11), -0.92145 (11), -0.91284 (9), -0.90539 (13), -0.90460 (9), -0.88098 (12), -0.84866 (13), -0.84280 (13), -0.83684 (9), -0.82746 (11), -0.82573 (14), -0.82298 (9), -0.82138 (10), -0.81323 (10), -0.81152 (13), -0.80670 (10), -0.80530 (9), -0.78089 (9), -0.78022 (10), 
Length of domains: 4921
Time: pickout 0.0259    decision 0.5136    set_bounds 0.0102    solve 0.5277    add 0.1300    
Accumulated time: pickout 0.5625    decision 21.1918    set_bounds 1.3692    solve 18.2141    add 7.5207    
Current (lb-rhs): -1.043057918548584
14120 domains visited
Cumulative time: 49.808109521865845

BaB round 43
batch: 256
splitting decisions: 
split level 0: [/input-16, 9273] [/input-16, 17680] [/input-8, 4395] [/input-40, 1804] [/input-8, 2207] [/input-40, 5822] [/input-8, 2207] [/input-40, 6141] [/input-8, 12117] [/input-40, 3946] 
pruning_in_iteration open status: True
ratio of positive domain = 150 / 512 = 0.29296875
pruning-in-iteration extra time: 0.005642414093017578
Time: prepare 0.0205    bound 0.3358    transfer 0.1139    finalize 0.0068    func 0.4771    
Accumulated time: func 18.6831    prepare 0.6111    bound 13.9563    transfer 3.7037    finalize 0.4364    
Current worst splitting domains lb-rhs (depth):
-1.04306 (12), -0.96202 (11), -0.92145 (11), -0.91284 (9), -0.90539 (13), -0.90460 (9), -0.88098 (12), -0.84866 (13), -0.84280 (13), -0.83684 (9), -0.82746 (11), -0.82573 (14), -0.82298 (9), -0.82138 (10), -0.81323 (10), -0.81152 (13), -0.80670 (10), -0.80530 (9), -0.78089 (9), -0.78022 (10), 
Length of domains: 5027
Time: pickout 0.0333    decision 0.5569    set_bounds 0.0102    solve 0.4773    add 0.1338    
Accumulated time: pickout 0.5958    decision 21.7487    set_bounds 1.3795    solve 18.6914    add 7.6545    
Current (lb-rhs): -1.043057918548584
14482 domains visited
Cumulative time: 51.02873635292053

BaB round 44
batch: 256
splitting decisions: 
split level 0: [/input-40, 3968] [/input-16, 12775] [/input-16, 9274] [/input-40, 1049] [/input-40, 4321] [/input-16, 12775] [/input-16, 17680] [/input-16, 12775] [/input-40, 6254] [/input-8, 16084] 
pruning_in_iteration open status: True
ratio of positive domain = 159 / 512 = 0.310546875
pruning-in-iteration extra time: 0.0031554698944091797
Time: prepare 0.0204    bound 0.3269    transfer 0.1146    finalize 0.0075    func 0.4696    
Accumulated time: func 19.1526    prepare 0.6322    bound 14.2833    transfer 3.8184    finalize 0.4439    
Current worst splitting domains lb-rhs (depth):
-1.04306 (12), -0.96202 (11), -0.92145 (11), -0.91284 (9), -0.90539 (13), -0.90460 (9), -0.88098 (12), -0.84866 (13), -0.84280 (13), -0.83684 (9), -0.82746 (11), -0.82573 (14), -0.82298 (9), -0.82138 (10), -0.81323 (10), -0.81152 (13), -0.80670 (10), -0.80530 (9), -0.78089 (9), -0.78022 (10), 
Length of domains: 5124
Time: pickout 0.0329    decision 0.5860    set_bounds 0.0104    solve 0.4697    add 0.1265    
Accumulated time: pickout 0.6288    decision 22.3347    set_bounds 1.3899    solve 19.1611    add 7.7810    
Current (lb-rhs): -1.043057918548584
14835 domains visited
Cumulative time: 52.263147830963135

BaB round 45
batch: 256
splitting decisions: 
split level 0: [/input-40, 1077] [/input-8, 4381] [/input-16, 12775] [/input-32, 22057] [/input-8, 1050] [/input-8, 4395] [/input-8, 4381] [/input-40, 1804] [/input-16, 4953] [/input-8, 4395] 
pruning_in_iteration open status: True
ratio of positive domain = 142 / 512 = 0.27734375
pruning-in-iteration extra time: 0.0021615028381347656
Time: prepare 0.0214    bound 0.3458    transfer 0.1188    finalize 0.0100    func 0.4961    
Accumulated time: func 19.6488    prepare 0.6542    bound 14.6291    transfer 3.9372    finalize 0.4539    
Current worst splitting domains lb-rhs (depth):
-1.04306 (12), -0.96202 (11), -0.92145 (11), -0.91284 (9), -0.90539 (13), -0.90460 (9), -0.88098 (12), -0.84866 (13), -0.84280 (13), -0.83684 (9), -0.82746 (11), -0.82573 (14), -0.82298 (9), -0.82138 (10), -0.81323 (10), -0.81152 (13), -0.80670 (10), -0.80530 (9), -0.78089 (9), -0.78022 (10), 
Length of domains: 5238
Time: pickout 0.0351    decision 0.5939    set_bounds 0.0110    solve 0.4963    add 0.1397    
Accumulated time: pickout 0.6638    decision 22.9286    set_bounds 1.4009    solve 19.6574    add 7.9207    
Current (lb-rhs): -1.043057918548584
15205 domains visited
Cumulative time: 53.548399448394775

BaB round 46
batch: 256
splitting decisions: 
split level 0: [/input-16, 7866] [/input-16, 17728] [/input-40, 3968] [/input-40, 62] [/input-40, 1249] [/input-8, 20111] [/input-8, 7861] [/input-40, 3968] [/input-16, 9274] [/input-8, 19669] 
pruning_in_iteration open status: True
ratio of positive domain = 117 / 512 = 0.228515625
pruning-in-iteration extra time: 0.000762939453125
Time: prepare 0.0213    bound 0.3559    transfer 0.1129    finalize 0.0071    func 0.4973    
Accumulated time: func 20.1460    prepare 0.6762    bound 14.9850    transfer 4.0501    finalize 0.4610    
Current worst splitting domains lb-rhs (depth):
-1.04306 (12), -0.96202 (11), -0.92145 (11), -0.91284 (9), -0.90539 (13), -0.90460 (9), -0.88098 (12), -0.84866 (13), -0.84280 (13), -0.83684 (9), -0.82746 (11), -0.82573 (14), -0.82298 (9), -0.82138 (10), -0.81323 (10), -0.81152 (13), -0.80670 (10), -0.80530 (9), -0.78089 (9), -0.78022 (10), 
Length of domains: 5377
Time: pickout 0.0364    decision 0.5716    set_bounds 0.0104    solve 0.4974    add 0.1469    
Accumulated time: pickout 0.7002    decision 23.5002    set_bounds 1.4113    solve 20.1548    add 8.0676    
Current (lb-rhs): -1.043057918548584
15600 domains visited
Cumulative time: 54.818865060806274

BaB round 47
batch: 256
splitting decisions: 
split level 0: [/input-40, 5813] [/input-16, 19705] [/input-16, 19355] [/input-16, 17728] [/input-40, 1077] [/input-16, 19705] [/input-16, 4953] [/input-16, 17680] [/input-40, 232] [/input-16, 17680] 
pruning_in_iteration open status: False
ratio of positive domain = 95 / 512 = 0.185546875
pruning-in-iteration extra time: 0.0001232624053955078
Time: prepare 0.0211    bound 0.5888    transfer 0.1047    finalize 0.0079    func 0.7227    
Accumulated time: func 20.8687    prepare 0.6980    bound 15.5738    transfer 4.1549    finalize 0.4690    
Current worst splitting domains lb-rhs (depth):
-1.04306 (12), -0.96202 (11), -0.92145 (11), -0.91284 (9), -0.90539 (13), -0.90460 (9), -0.88098 (12), -0.84866 (13), -0.84280 (13), -0.83684 (9), -0.82746 (11), -0.82573 (14), -0.82298 (9), -0.82138 (10), -0.81323 (10), -0.81152 (13), -0.80670 (10), -0.80530 (9), -0.78089 (9), -0.78022 (10), 
Length of domains: 5536
Time: pickout 0.0383    decision 0.5705    set_bounds 0.0114    solve 0.7229    add 0.1479    
Accumulated time: pickout 0.7385    decision 24.0707    set_bounds 1.4227    solve 20.8777    add 8.2155    
Current (lb-rhs): -1.043057918548584
16015 domains visited
Cumulative time: 56.31709575653076

BaB round 48
batch: 256
splitting decisions: 
split level 0: [/input-40, 5813] [/input-40, 4324] [/input-8, 19060] [/input-16, 19340] [/input-8, 5189] [/input-40, 5813] [/input-16, 8468] [/input-40, 1077] [/input-8, 15706] [/input-40, 4324] 
pruning_in_iteration open status: False
ratio of positive domain = 80 / 512 = 0.15625
pruning-in-iteration extra time: 9.870529174804688e-05
Time: prepare 0.0212    bound 0.3880    transfer 0.1024    finalize 0.0105    func 0.5221    
Accumulated time: func 21.3908    prepare 0.7198    bound 15.9618    transfer 4.2572    finalize 0.4795    
Current worst splitting domains lb-rhs (depth):
-1.04306 (12), -0.96202 (11), -0.92145 (11), -0.91284 (9), -0.90539 (13), -0.90460 (9), -0.88098 (12), -0.84866 (13), -0.84280 (13), -0.83684 (9), -0.82746 (11), -0.82573 (14), -0.82298 (9), -0.82138 (10), -0.81323 (10), -0.81152 (13), -0.80670 (10), -0.80530 (9), -0.78089 (9), -0.78022 (10), 
Length of domains: 5710
Time: pickout 0.0376    decision 0.5014    set_bounds 0.0188    solve 0.5222    add 0.1577    
Accumulated time: pickout 0.7761    decision 24.5721    set_bounds 1.4414    solve 21.3999    add 8.3733    
Current (lb-rhs): -1.043057918548584
16445 domains visited
Cumulative time: 57.56234002113342

BaB round 49
batch: 256
splitting decisions: 
split level 0: [/input-16, 19262] [/input-8, 19669] [/input-8, 6954] [/input-8, 4381] [/input-16, 3219] [/input-8, 4381] [/input-40, 1077] [/input-8, 7861] [/input-40, 1804] [/input-8, 6954] 
pruning_in_iteration open status: False
ratio of positive domain = 89 / 512 = 0.173828125
pruning-in-iteration extra time: 0.000118255615234375
Time: prepare 0.0218    bound 0.3885    transfer 0.1045    finalize 0.0111    func 0.5259    
Accumulated time: func 21.9168    prepare 0.7422    bound 16.3503    transfer 4.3617    finalize 0.4906    
Current worst splitting domains lb-rhs (depth):
-1.04306 (12), -0.96202 (11), -0.92145 (11), -0.91284 (9), -0.90539 (13), -0.90460 (9), -0.88098 (12), -0.84866 (13), -0.84280 (13), -0.83684 (9), -0.82746 (11), -0.82573 (14), -0.82298 (9), -0.82138 (10), -0.81323 (10), -0.81152 (13), -0.80670 (10), -0.80530 (9), -0.78089 (9), -0.78022 (10), 
Length of domains: 5875
Time: pickout 0.0345    decision 0.5010    set_bounds 0.0106    solve 0.5261    add 0.1529    
Accumulated time: pickout 0.8105    decision 25.0731    set_bounds 1.4521    solve 21.9260    add 8.5262    
Current (lb-rhs): -1.043057918548584
16866 domains visited
Cumulative time: 58.794920682907104

BaB round 50
batch: 256
splitting decisions: 
split level 0: [/input-8, 6954] [/input-40, 2418] [/input-16, 17802] [/input-16, 4953] [/input-40, 2418] [/input-8, 24652] [/input-8, 5019] [/input-32, 22020] [/input-8, 4381] [/input-32, 22020] 
pruning_in_iteration open status: False
ratio of positive domain = 94 / 512 = 0.18359375
pruning-in-iteration extra time: 0.00011587142944335938
Time: prepare 0.0213    bound 0.4007    transfer 0.1161    finalize 0.0122    func 0.5504    
Accumulated time: func 22.4672    prepare 0.7642    bound 16.7510    transfer 4.4778    finalize 0.5028    
Current worst splitting domains lb-rhs (depth):
-1.04306 (12), -0.96202 (11), -0.92145 (11), -0.91284 (9), -0.90539 (13), -0.90460 (9), -0.88098 (12), -0.84866 (13), -0.84280 (13), -0.83684 (9), -0.82746 (11), -0.82573 (14), -0.82298 (9), -0.82138 (10), -0.81323 (10), -0.81152 (13), -0.80670 (10), -0.80530 (9), -0.78089 (9), -0.78022 (10), 
Length of domains: 6030
Time: pickout 0.0313    decision 0.5110    set_bounds 0.0111    solve 0.5505    add 0.1594    
Accumulated time: pickout 0.8419    decision 25.5841    set_bounds 1.4632    solve 22.4765    add 8.6856    
Current (lb-rhs): -1.043057918548584
17277 domains visited
Cumulative time: 60.06816363334656

BaB round 51
batch: 256
splitting decisions: 
split level 0: [/input-40, 585] [/input-8, 6562] [/input-16, 9273] [/input, 18481] [/input-32, 22020] [/input-32, 22020] [/input-8, 5019] [/input-16, 8468] [/input-40, 2439] [/input-32, 22020] 
pruning_in_iteration open status: True
ratio of positive domain = 129 / 512 = 0.251953125
pruning-in-iteration extra time: 0.0006949901580810547
Time: prepare 0.0217    bound 0.3783    transfer 0.1164    finalize 0.0093    func 0.5258    
Accumulated time: func 22.9930    prepare 0.7865    bound 17.1294    transfer 4.5943    finalize 0.5121    
Current worst splitting domains lb-rhs (depth):
-1.04306 (12), -0.96202 (11), -0.92145 (11), -0.91284 (9), -0.90539 (13), -0.90460 (9), -0.88098 (12), -0.84866 (13), -0.84280 (13), -0.83684 (9), -0.82746 (11), -0.82573 (14), -0.82298 (9), -0.82138 (10), -0.81323 (10), -0.81152 (13), -0.80670 (10), -0.80530 (9), -0.78089 (9), -0.78022 (10), 
Length of domains: 6157
Time: pickout 0.0283    decision 0.4999    set_bounds 0.0237    solve 0.5260    add 0.1470    
Accumulated time: pickout 0.8702    decision 26.0840    set_bounds 1.4869    solve 23.0025    add 8.8326    
Current (lb-rhs): -1.043057918548584
17660 domains visited
Cumulative time: 61.30244851112366

BaB round 52
batch: 256
splitting decisions: 
split level 0: [/input-8, 6954] [/input-8, 6954] [/input-32, 22020] [/input-16, 7882] [/input-8, 6562] [/input-8, 11437] [/input-40, 1804] [/input-16, 12775] [/input-8, 20111] [/input-8, 19669] 
pruning_in_iteration open status: True
ratio of positive domain = 150 / 512 = 0.29296875
pruning-in-iteration extra time: 0.0073947906494140625
Time: prepare 0.0219    bound 0.3575    transfer 0.1178    finalize 0.0088    func 0.5061    
Accumulated time: func 23.4991    prepare 0.8091    bound 17.4869    transfer 4.7120    finalize 0.5209    
Current worst splitting domains lb-rhs (depth):
-1.04306 (12), -0.96202 (11), -0.92145 (11), -0.91284 (9), -0.90539 (13), -0.90460 (9), -0.88098 (12), -0.84866 (13), -0.84280 (13), -0.83684 (9), -0.82746 (11), -0.82573 (14), -0.82298 (9), -0.82138 (10), -0.81323 (10), -0.81152 (13), -0.80670 (10), -0.80530 (9), -0.78089 (9), -0.78022 (10), 
Length of domains: 6263
Time: pickout 0.0364    decision 0.5119    set_bounds 0.0134    solve 0.5063    add 0.1316    
Accumulated time: pickout 0.9066    decision 26.5959    set_bounds 1.5004    solve 23.5088    add 8.9642    
Current (lb-rhs): -1.043057918548584
18022 domains visited
Cumulative time: 62.510868072509766

BaB round 53
batch: 256
splitting decisions: 
split level 0: [/input-16, 4953] [/input-8, 20111] [/input-8, 19669] [/input-8, 16924] [/input-16, 12775] [/input-8, 20083] [/input-40, 5020] [/input-16, 12815] [/input-16, 12775] [/input-8, 19669] 
pruning_in_iteration open status: True
ratio of positive domain = 160 / 512 = 0.3125
pruning-in-iteration extra time: 0.005862236022949219
Time: prepare 0.0213    bound 0.3542    transfer 0.1211    finalize 0.0103    func 0.5069    
Accumulated time: func 24.0060    prepare 0.8311    bound 17.8411    transfer 4.8331    finalize 0.5312    
Current worst splitting domains lb-rhs (depth):
-1.04306 (12), -0.96202 (11), -0.92145 (11), -0.91284 (9), -0.90539 (13), -0.90460 (9), -0.88098 (12), -0.84866 (13), -0.84280 (13), -0.83684 (9), -0.82746 (11), -0.82573 (14), -0.82298 (9), -0.82138 (10), -0.81323 (10), -0.81152 (13), -0.80670 (10), -0.80530 (9), -0.78089 (9), -0.78022 (10), 
Length of domains: 6359
Time: pickout 0.0321    decision 0.5196    set_bounds 0.0259    solve 0.5071    add 0.1274    
Accumulated time: pickout 0.9387    decision 27.1155    set_bounds 1.5263    solve 24.0159    add 9.0916    
Current (lb-rhs): -1.043057918548584
18374 domains visited
Cumulative time: 63.73191547393799

BaB round 54
batch: 256
splitting decisions: 
split level 0: [/input-8, 19669] [/input-16, 12775] [/input-40, 4868] [/input-8, 20111] [/input-16, 9431] [/input-16, 6725] [/input-8, 20111] [/input-40, 6141] [/input-16, 17802] [/input-72, 147] 
pruning_in_iteration open status: True
ratio of positive domain = 171 / 512 = 0.333984375
pruning-in-iteration extra time: 0.004960298538208008
Time: prepare 0.0211    bound 0.3515    transfer 0.1258    finalize 0.0081    func 0.5065    
Accumulated time: func 24.5126    prepare 0.8529    bound 18.1925    transfer 4.9589    finalize 0.5393    
Current worst splitting domains lb-rhs (depth):
-1.04306 (12), -0.96202 (11), -0.92145 (11), -0.91284 (9), -0.90539 (13), -0.90460 (9), -0.88098 (12), -0.84866 (13), -0.84280 (13), -0.83684 (9), -0.82746 (11), -0.82573 (14), -0.82298 (9), -0.82138 (10), -0.81323 (10), -0.81152 (13), -0.80670 (10), -0.80530 (9), -0.78089 (9), -0.78022 (10), 
Length of domains: 6444
Time: pickout 0.0309    decision 0.4944    set_bounds 0.0250    solve 0.5067    add 0.1227    
Accumulated time: pickout 0.9696    decision 27.6099    set_bounds 1.5513    solve 24.5226    add 9.2143    
Current (lb-rhs): -1.043057918548584
18715 domains visited
Cumulative time: 64.9220130443573

BaB round 55
batch: 256
splitting decisions: 
split level 0: [/input-40, 2418] [/input-40, 3968] [/input-40, 6156] [/input-16, 16714] [/input-8, 6562] [/input-16, 4953] [/input-16, 4982] [/input-16, 17728] [/input-8, 2225] [/input-16, 16714] 
pruning_in_iteration open status: True
ratio of positive domain = 176 / 512 = 0.34375
pruning-in-iteration extra time: 0.004715442657470703
Time: prepare 0.0214    bound 0.3828    transfer 0.1177    finalize 0.0070    func 0.5290    
Accumulated time: func 25.0415    prepare 0.8750    bound 18.5753    transfer 5.0766    finalize 0.5463    
Current worst splitting domains lb-rhs (depth):
-1.04306 (12), -0.96202 (11), -0.92145 (11), -0.91284 (9), -0.90539 (13), -0.90460 (9), -0.88098 (12), -0.84866 (13), -0.84280 (13), -0.83684 (9), -0.82746 (11), -0.82573 (14), -0.82298 (9), -0.82138 (10), -0.81323 (10), -0.81152 (13), -0.80670 (10), -0.80530 (9), -0.78089 (9), -0.78022 (10), 
Length of domains: 6524
Time: pickout 0.0334    decision 0.5032    set_bounds 0.2403    solve 0.5291    add 0.1260    
Accumulated time: pickout 1.0030    decision 28.1130    set_bounds 1.7915    solve 25.0517    add 9.3404    
Current (lb-rhs): -1.043057918548584
19051 domains visited
Cumulative time: 66.36399364471436

BaB round 56
batch: 256
splitting decisions: 
split level 0: [/input-40, 6156] [/input-40, 4345] [/input-8, 5164] [/input, 21395] [/input-8, 19067] [/input-8, 5511] [/input-16, 7932] [/input-8, 24652] [/input-40, 4794] [/input-8, 24963] 
pruning_in_iteration open status: True
ratio of positive domain = 145 / 512 = 0.283203125
pruning-in-iteration extra time: 0.002022266387939453
Time: prepare 0.0219    bound 0.4306    transfer 0.1287    finalize 0.0106    func 0.5918    
Accumulated time: func 25.6333    prepare 0.8976    bound 19.0060    transfer 5.2053    finalize 0.5569    
Current worst splitting domains lb-rhs (depth):
-1.04306 (12), -0.96202 (11), -0.92145 (11), -0.91284 (9), -0.90539 (13), -0.90460 (9), -0.88098 (12), -0.84866 (13), -0.84280 (13), -0.83684 (9), -0.82746 (11), -0.82573 (14), -0.82298 (9), -0.82138 (10), -0.81323 (10), -0.81152 (13), -0.80670 (10), -0.80530 (9), -0.78089 (9), -0.78022 (10), 
Length of domains: 6635
Time: pickout 0.0123    decision 0.6521    set_bounds 0.0109    solve 0.5920    add 0.1433    
Accumulated time: pickout 1.0153    decision 28.7652    set_bounds 1.8024    solve 25.6437    add 9.4837    
Current (lb-rhs): -1.043057918548584
19418 domains visited
Cumulative time: 67.78554606437683

BaB round 57
batch: 256
splitting decisions: 
split level 0: [/input-16, 17802] [/input-40, 4868] [/input-8, 24666] [/input-8, 16821] [/input-8, 19669] [/input-40, 1077] [/input-8, 8145] [/input-40, 3946] [/input-16, 4955] [/input-16, 7932] 
pruning_in_iteration open status: True
ratio of positive domain = 126 / 512 = 0.24609375
pruning-in-iteration extra time: 0.002660036087036133
Time: prepare 0.0212    bound 0.4491    transfer 0.1340    finalize 0.0073    func 0.6117    
Accumulated time: func 26.2451    prepare 0.9195    bound 19.4551    transfer 5.3393    finalize 0.5642    
Current worst splitting domains lb-rhs (depth):
-1.04306 (12), -0.96202 (11), -0.92145 (11), -0.91284 (9), -0.90539 (13), -0.90460 (9), -0.88098 (12), -0.84866 (13), -0.84280 (13), -0.83684 (9), -0.82746 (11), -0.82573 (14), -0.82298 (9), -0.82138 (10), -0.81323 (10), -0.81152 (13), -0.80670 (10), -0.80530 (9), -0.78089 (9), -0.78022 (10), 
Length of domains: 6765
Time: pickout 0.0127    decision 0.5303    set_bounds 0.0178    solve 0.6129    add 0.1590    
Accumulated time: pickout 1.0281    decision 29.2954    set_bounds 1.8202    solve 26.2566    add 9.6427    
Current (lb-rhs): -1.043057918548584
19804 domains visited
Cumulative time: 69.12844586372375

BaB round 58
batch: 256
splitting decisions: 
split level 0: [/input-32, 22057] [/input-16, 17728] [/input-8, 8481] [/input-8, 17471] [/input-40, 232] [/input-16, 12815] [/input-8, 9288] [/input-8, 22412] [/input-32, 22020] [/input-16, 17728] 
pruning_in_iteration open status: True
ratio of positive domain = 166 / 512 = 0.32421875
pruning-in-iteration extra time: 0.006214618682861328
Time: prepare 0.0215    bound 0.3930    transfer 0.1270    finalize 0.0078    func 0.5493    
Accumulated time: func 26.7944    prepare 0.9417    bound 19.8481    transfer 5.4662    finalize 0.5720    
Current worst splitting domains lb-rhs (depth):
-1.04306 (12), -0.96202 (11), -0.92145 (11), -0.91284 (9), -0.90539 (13), -0.90460 (9), -0.88098 (12), -0.84866 (13), -0.84280 (13), -0.83684 (9), -0.82746 (11), -0.82573 (14), -0.82298 (9), -0.82138 (10), -0.81323 (10), -0.81152 (13), -0.80670 (10), -0.80530 (9), -0.78089 (9), -0.78022 (10), 
Length of domains: 6855
Time: pickout 0.0132    decision 0.5558    set_bounds 0.0212    solve 0.5495    add 0.1317    
Accumulated time: pickout 1.0413    decision 29.8512    set_bounds 1.8414    solve 26.8060    add 9.7744    
Current (lb-rhs): -1.043057918548584
20150 domains visited
Cumulative time: 70.41200733184814

BaB round 59
batch: 256
splitting decisions: 
split level 0: [/input-16, 8468] [/input-40, 3454] [/input-16, 19276] [/input-40, 4345] [/input-8, 16924] [/input-40, 6141] [/input-8, 19067] [/input-40, 5806] [/input-40, 256] [/input-8, 6733] 
pruning_in_iteration open status: True
ratio of positive domain = 136 / 512 = 0.265625
pruning-in-iteration extra time: 0.0016477108001708984
Time: prepare 0.0236    bound 0.4244    transfer 0.1268    finalize 0.0072    func 0.5821    
Accumulated time: func 27.3765    prepare 0.9660    bound 20.2725    transfer 5.5930    finalize 0.5792    
Current worst splitting domains lb-rhs (depth):
-1.04306 (12), -0.96202 (11), -0.92145 (11), -0.91284 (9), -0.90539 (13), -0.90460 (9), -0.88098 (12), -0.84866 (13), -0.84280 (13), -0.83684 (9), -0.82746 (11), -0.82573 (14), -0.82298 (9), -0.82138 (10), -0.81323 (10), -0.81152 (13), -0.80670 (10), -0.80530 (9), -0.78089 (9), -0.78022 (10), 
Length of domains: 6975
Time: pickout 0.0129    decision 0.5591    set_bounds 0.0207    solve 0.5823    add 0.1379    
Accumulated time: pickout 1.0542    decision 30.4103    set_bounds 1.8621    solve 27.3883    add 9.9124    
Current (lb-rhs): -1.043057918548584
20526 domains visited
Cumulative time: 71.73495841026306

BaB round 60
batch: 256
splitting decisions: 
split level 0: [/input-8, 6119] [/input-8, 11437] [/input-40, 256] [/input-8, 24387] [/input-8, 5019] [/input-16, 7090] [/input-16, 17680] [/input-8, 21081] [/input-40, 236] [/input-40, 5917] 
pruning_in_iteration open status: True
ratio of positive domain = 135 / 512 = 0.263671875
pruning-in-iteration extra time: 0.0016701221466064453
Time: prepare 0.0209    bound 0.4346    transfer 0.1290    finalize 0.0092    func 0.5938    
Accumulated time: func 27.9703    prepare 0.9875    bound 20.7071    transfer 5.7220    finalize 0.5885    
Current worst splitting domains lb-rhs (depth):
-1.04306 (12), -0.96202 (11), -0.92145 (11), -0.91284 (9), -0.90539 (13), -0.90460 (9), -0.88098 (12), -0.84866 (13), -0.84280 (13), -0.83684 (9), -0.82746 (11), -0.82573 (14), -0.82298 (9), -0.82138 (10), -0.81323 (10), -0.81152 (13), -0.80670 (10), -0.80530 (9), -0.78089 (9), -0.78022 (10), 
Length of domains: 7096
Time: pickout 0.0124    decision 0.5423    set_bounds 0.0103    solve 0.5940    add 0.1365    
Accumulated time: pickout 1.0666    decision 30.9526    set_bounds 1.8724    solve 27.9823    add 10.0488    
Current (lb-rhs): -1.043057918548584
20903 domains visited
Cumulative time: 73.04125595092773

BaB round 61
batch: 256
splitting decisions: 
split level 0: [/input-16, 4953] [/input-40, 2439] [/input-16, 19262] [/input-40, 5020] [/input-40, 6141] [/input-8, 22412] [/input-40, 4345] [/input-16, 3219] [/input-40, 5806] [/input-8, 8719] 
pruning_in_iteration open status: True
ratio of positive domain = 141 / 512 = 0.275390625
pruning-in-iteration extra time: 0.0007877349853515625
Time: prepare 0.0211    bound 0.3094    transfer 0.1335    finalize 0.0089    func 0.4730    
Accumulated time: func 28.4433    prepare 1.0093    bound 21.0166    transfer 5.8555    finalize 0.5974    
Current worst splitting domains lb-rhs (depth):
-1.04306 (12), -0.96202 (11), -0.92145 (11), -0.91284 (9), -0.90539 (13), -0.90460 (9), -0.88098 (12), -0.84866 (13), -0.84280 (13), -0.83684 (9), -0.82746 (11), -0.82573 (14), -0.82298 (9), -0.82138 (10), -0.81323 (10), -0.81152 (13), -0.80670 (10), -0.80530 (9), -0.78089 (9), -0.78022 (10), 
Length of domains: 7211
Time: pickout 0.0128    decision 0.5565    set_bounds 0.0103    solve 0.4739    add 0.1335    
Accumulated time: pickout 1.0793    decision 31.5091    set_bounds 1.8828    solve 28.4562    add 10.1824    
Current (lb-rhs): -1.043057918548584
21274 domains visited
Cumulative time: 74.23824644088745

BaB round 62
batch: 256
splitting decisions: 
split level 0: [/input-16, 17708] [/input-16, 19340] [/input-8, 19067] [/input-8, 5511] [/input-40, 5355] [/input-16, 4969] [/input-16, 17728] [/input-8, 21081] [/input-16, 7882] [/input-16, 3219] 
pruning_in_iteration open status: True
ratio of positive domain = 152 / 512 = 0.296875
pruning-in-iteration extra time: 0.0018544197082519531
Time: prepare 0.0214    bound 0.3888    transfer 0.1248    finalize 0.2554    func 0.7904    
Accumulated time: func 29.2337    prepare 1.0314    bound 21.4053    transfer 5.9803    finalize 0.8528    
Current worst splitting domains lb-rhs (depth):
-1.04306 (12), -0.96202 (11), -0.92145 (11), -0.91284 (9), -0.90539 (13), -0.90460 (9), -0.88098 (12), -0.84866 (13), -0.84280 (13), -0.83684 (9), -0.82746 (11), -0.82573 (14), -0.82298 (9), -0.82138 (10), -0.81323 (10), -0.81152 (13), -0.80670 (10), -0.80530 (9), -0.78089 (9), -0.78022 (10), 
Length of domains: 7315
Time: pickout 0.0317    decision 0.5059    set_bounds 0.0266    solve 0.7906    add 0.1330    
Accumulated time: pickout 1.1110    decision 32.0150    set_bounds 1.9094    solve 29.2468    add 10.3154    
Current (lb-rhs): -1.043057918548584
21634 domains visited
Cumulative time: 75.73701739311218

BaB round 63
batch: 256
splitting decisions: 
split level 0: [/input-8, 12568] [/input-40, 4578] [/input-40, 2418] [/input-8, 2224] [/input-16, 3219] [/input-16, 17680] [/input-40, 3968] [/input-8, 11437] [/input-40, 5917] [/input-16, 7882] 
pruning_in_iteration open status: True
ratio of positive domain = 139 / 512 = 0.271484375
pruning-in-iteration extra time: 0.0015985965728759766
Time: prepare 0.0211    bound 0.4270    transfer 0.1344    finalize 0.0064    func 0.5889    
Accumulated time: func 29.8226    prepare 1.0531    bound 21.8323    transfer 6.1146    finalize 0.8592    
Current worst splitting domains lb-rhs (depth):
-1.04306 (12), -0.96202 (11), -0.92145 (11), -0.91284 (9), -0.90539 (13), -0.90460 (9), -0.88098 (12), -0.84866 (13), -0.84280 (13), -0.83684 (9), -0.82746 (11), -0.82573 (14), -0.82298 (9), -0.82138 (10), -0.81323 (10), -0.81152 (13), -0.80670 (10), -0.80530 (9), -0.78089 (9), -0.78022 (10), 
Length of domains: 7432
Time: pickout 0.0137    decision 0.7046    set_bounds 0.0183    solve 0.5891    add 0.1445    
Accumulated time: pickout 1.1246    decision 32.7196    set_bounds 1.9277    solve 29.8359    add 10.4599    
Current (lb-rhs): -1.043057918548584
22007 domains visited
Cumulative time: 77.21892356872559

BaB round 64
batch: 256
splitting decisions: 
split level 0: [/input-8, 5019] [/input-8, 6119] [/input, 45440] [/input, 45440] [/input-40, 6141] [/input-72, 75] [/input-16, 16714] [/input-32, 17197] [/input-40, 4324] [/input-40, 4868] 
pruning_in_iteration open status: True
ratio of positive domain = 128 / 512 = 0.25
pruning-in-iteration extra time: 0.0028007030487060547
Time: prepare 0.0213    bound 0.4258    transfer 0.1266    finalize 0.0058    func 0.5796    
Accumulated time: func 30.4022    prepare 1.0751    bound 22.2581    transfer 6.2412    finalize 0.8650    
Current worst splitting domains lb-rhs (depth):
-1.04306 (12), -0.96202 (11), -0.92145 (11), -0.91284 (9), -0.90539 (13), -0.90460 (9), -0.88098 (12), -0.84866 (13), -0.84280 (13), -0.83684 (9), -0.82746 (11), -0.82573 (14), -0.82298 (9), -0.82138 (10), -0.81323 (10), -0.81152 (13), -0.80670 (10), -0.80530 (9), -0.78089 (9), -0.78022 (10), 
Length of domains: 7560
Time: pickout 0.0318    decision 0.6959    set_bounds 0.0179    solve 0.5797    add 0.1485    
Accumulated time: pickout 1.1564    decision 33.4156    set_bounds 1.9456    solve 30.4157    add 10.6084    
Current (lb-rhs): -1.043057918548584
22391 domains visited
Cumulative time: 78.70450735092163

BaB round 65
batch: 256
splitting decisions: 
split level 0: [/input-8, 11423] [/input-16, 3219] [/input-8, 11437] [/input-8, 11437] [/input-40, 3968] [/input-16, 17708] [/input-8, 6733] [/input-8, 6119] [/input-8, 21894] [/input-8, 24666] 
pruning_in_iteration open status: True
ratio of positive domain = 132 / 512 = 0.2578125
pruning-in-iteration extra time: 0.0021355152130126953
Time: prepare 0.0209    bound 0.4256    transfer 0.1321    finalize 0.0062    func 0.5848    
Accumulated time: func 30.9870    prepare 1.0967    bound 22.6836    transfer 6.3733    finalize 0.8712    
Current worst splitting domains lb-rhs (depth):
-1.04306 (12), -0.96202 (11), -0.92145 (11), -0.91284 (9), -0.90539 (13), -0.90460 (9), -0.88098 (12), -0.84866 (13), -0.84280 (13), -0.83684 (9), -0.82746 (11), -0.82573 (14), -0.82298 (9), -0.82138 (10), -0.81323 (10), -0.81152 (13), -0.80670 (10), -0.80530 (9), -0.78089 (9), -0.78022 (10), 
Length of domains: 7684
Time: pickout 0.0251    decision 0.6824    set_bounds 0.0181    solve 0.5858    add 0.1541    
Accumulated time: pickout 1.1815    decision 34.0980    set_bounds 1.9637    solve 31.0015    add 10.7625    
Current (lb-rhs): -1.043057918548584
22771 domains visited
Cumulative time: 80.18542957305908

BaB round 66
batch: 256
splitting decisions: 
split level 0: [/input-32, 5458] [/input-8, 16561] [/input-16, 8468] [/input-40, 2418] [/input-16, 17708] [/input-8, 16924] [/input-8, 12568] [/input-16, 19262] [/input-8, 11423] [/input-8, 6703] 
pruning_in_iteration open status: True
ratio of positive domain = 126 / 512 = 0.24609375
pruning-in-iteration extra time: 0.0031652450561523438
Time: prepare 0.0216    bound 0.4339    transfer 0.1241    finalize 0.0066    func 0.5863    
Accumulated time: func 31.5733    prepare 1.1190    bound 23.1176    transfer 6.4974    finalize 0.8778    
Current worst splitting domains lb-rhs (depth):
-1.04306 (12), -0.96202 (11), -0.92145 (11), -0.91284 (9), -0.90539 (13), -0.90460 (9), -0.88098 (12), -0.84866 (13), -0.84280 (13), -0.83684 (9), -0.82746 (11), -0.82573 (14), -0.82298 (9), -0.82138 (10), -0.81323 (10), -0.81152 (13), -0.80670 (10), -0.80530 (9), -0.78089 (9), -0.78022 (10), 
Length of domains: 7814
Time: pickout 0.0334    decision 0.7051    set_bounds 0.0139    solve 0.5864    add 0.1503    
Accumulated time: pickout 1.2149    decision 34.8031    set_bounds 1.9776    solve 31.5879    add 10.9128    
Current (lb-rhs): -1.043057918548584
23157 domains visited
Cumulative time: 81.68455100059509

BaB round 67
batch: 256
splitting decisions: 
split level 0: [/input-8, 11437] [/input-8, 19067] [/input-8, 19669] [/input-8, 6733] [/input-16, 8468] [/input-16, 4982] [/input-40, 3939] [/input-8, 11423] [/input-16, 12775] [/input, 16252] 
pruning_in_iteration open status: True
ratio of positive domain = 146 / 512 = 0.28515625
pruning-in-iteration extra time: 0.0007693767547607422
Time: prepare 0.0206    bound 0.4247    transfer 0.1227    finalize 0.0063    func 0.5744    
Accumulated time: func 32.1476    prepare 1.1403    bound 23.5423    transfer 6.6201    finalize 0.8841    
Current worst splitting domains lb-rhs (depth):
-1.04306 (12), -0.96202 (11), -0.92145 (11), -0.91284 (9), -0.90539 (13), -0.90460 (9), -0.88098 (12), -0.84866 (13), -0.84280 (13), -0.83684 (9), -0.82746 (11), -0.82573 (14), -0.82298 (9), -0.82138 (10), -0.81323 (10), -0.81152 (13), -0.80670 (10), -0.80530 (9), -0.78089 (9), -0.78022 (10), 
Length of domains: 7924
Time: pickout 0.0405    decision 0.6715    set_bounds 0.0137    solve 0.5745    add 0.1354    
Accumulated time: pickout 1.2554    decision 35.4746    set_bounds 1.9913    solve 32.1624    add 11.0482    
Current (lb-rhs): -1.043057918548584
23523 domains visited
Cumulative time: 83.13031482696533

BaB round 68
batch: 256
splitting decisions: 
split level 0: [/input, 37419] [/input-8, 11619] [/input-8, 11269] [/input-16, 9274] [/input-40, 1804] [/input-16, 17708] [/input-8, 2225] [/input-8, 16924] [/input-40, 5806] [/input-40, 4868] 
pruning_in_iteration open status: True
ratio of positive domain = 154 / 512 = 0.30078125
pruning-in-iteration extra time: 0.0016400814056396484
Time: prepare 0.0220    bound 0.4249    transfer 0.1231    finalize 0.0060    func 0.5760    
Accumulated time: func 32.7236    prepare 1.1629    bound 23.9671    transfer 6.7432    finalize 0.8901    
Current worst splitting domains lb-rhs (depth):
-1.04306 (12), -0.96202 (11), -0.92145 (11), -0.91284 (9), -0.90539 (13), -0.90460 (9), -0.88098 (12), -0.84866 (13), -0.84280 (13), -0.83684 (9), -0.82746 (11), -0.82573 (14), -0.82298 (9), -0.82138 (10), -0.81323 (10), -0.81152 (13), -0.80670 (10), -0.80530 (9), -0.78089 (9), -0.78022 (10), 
Length of domains: 8026
Time: pickout 0.0338    decision 0.6587    set_bounds 0.0177    solve 0.5762    add 0.1437    
Accumulated time: pickout 1.2892    decision 36.1334    set_bounds 2.0090    solve 32.7386    add 11.1920    
Current (lb-rhs): -1.043057918548584
23881 domains visited
Cumulative time: 84.57110834121704

BaB round 69
batch: 256
splitting decisions: 
split level 0: [/input-8, 24666] [/input-8, 5019] [/input-72, 147] [/input-40, 5362] [/input-16, 8273] [/input-16, 24628] [/input-16, 9274] [/input-16, 3219] [/input-8, 11269] [/input-72, 123] 
pruning_in_iteration open status: True
ratio of positive domain = 141 / 512 = 0.275390625
pruning-in-iteration extra time: 0.0016078948974609375
Time: prepare 0.0221    bound 0.4227    transfer 0.1228    finalize 0.0062    func 0.5739    
Accumulated time: func 33.2976    prepare 1.1858    bound 24.3898    transfer 6.8660    finalize 0.8963    
Current worst splitting domains lb-rhs (depth):
-1.04306 (12), -0.96202 (11), -0.92145 (11), -0.91284 (9), -0.90539 (13), -0.90460 (9), -0.88098 (12), -0.84866 (13), -0.84280 (13), -0.83684 (9), -0.82746 (11), -0.82573 (14), -0.82298 (9), -0.82138 (10), -0.81323 (10), -0.81152 (13), -0.80670 (10), -0.80530 (9), -0.78089 (9), -0.78022 (10), 
Length of domains: 8141
Time: pickout 0.0391    decision 0.6855    set_bounds 0.0128    solve 0.5741    add 0.1439    
Accumulated time: pickout 1.3283    decision 36.8189    set_bounds 2.0218    solve 33.3127    add 11.3359    
Current (lb-rhs): -1.043057918548584
24252 domains visited
Cumulative time: 86.03721499443054

BaB round 70
batch: 256
splitting decisions: 
split level 0: [/input-16, 4955] [/input-8, 19669] [/input-8, 8695] [/input-16, 8664] [/input-16, 4955] [/input-8, 2225] [/input-8, 7881] [/input-16, 8273] [/input-8, 7857] [/input-40, 3454] 
pruning_in_iteration open status: True
ratio of positive domain = 145 / 512 = 0.283203125
pruning-in-iteration extra time: 0.004034757614135742
Time: prepare 0.0218    bound 0.4051    transfer 0.1248    finalize 0.0068    func 0.5586    
Accumulated time: func 33.8562    prepare 1.2083    bound 24.7950    transfer 6.9907    finalize 0.9031    
Current worst splitting domains lb-rhs (depth):
-1.04306 (12), -0.96202 (11), -0.92145 (11), -0.91284 (9), -0.90539 (13), -0.90460 (9), -0.88098 (12), -0.84866 (13), -0.84280 (13), -0.83684 (9), -0.82746 (11), -0.82573 (14), -0.82298 (9), -0.82138 (10), -0.81323 (10), -0.81152 (13), -0.80670 (10), -0.80530 (9), -0.78089 (9), -0.78022 (10), 
Length of domains: 8252
Time: pickout 0.0362    decision 0.6810    set_bounds 0.0138    solve 0.5588    add 3.1453    
Accumulated time: pickout 1.3645    decision 37.4999    set_bounds 2.0356    solve 33.8715    add 14.4812    
Current (lb-rhs): -1.043057918548584
24619 domains visited
Cumulative time: 90.48537111282349

BaB round 71
batch: 256
splitting decisions: 
split level 0: [/input-16, 19276] [/input-8, 2932] [/input-8, 6733] [/input-8, 6733] [/input-16, 8664] [/input-8, 16924] [/input, 16252] [/input-40, 5806] [/input-16, 8273] [/input-8, 19067] 
pruning_in_iteration open status: True
ratio of positive domain = 159 / 512 = 0.310546875
pruning-in-iteration extra time: 0.004149675369262695
Time: prepare 0.0223    bound 0.3955    transfer 0.1309    finalize 0.0096    func 0.5584    
Accumulated time: func 34.4146    prepare 1.2313    bound 25.1905    transfer 7.1217    finalize 0.9128    
Current worst splitting domains lb-rhs (depth):
-1.04306 (12), -0.96202 (11), -0.92145 (11), -0.91284 (9), -0.90539 (13), -0.90460 (9), -0.88098 (12), -0.84866 (13), -0.84280 (13), -0.83684 (9), -0.82746 (11), -0.82573 (14), -0.82298 (9), -0.82138 (10), -0.81323 (10), -0.81152 (13), -0.80670 (10), -0.80530 (9), -0.78089 (9), -0.78022 (10), 
Length of domains: 8349
Time: pickout 0.0358    decision 0.7048    set_bounds 0.3102    solve 0.5586    add 0.1332    
Accumulated time: pickout 1.4004    decision 38.2047    set_bounds 2.3458    solve 34.4301    add 14.6144    
Current (lb-rhs): -1.043057918548584
24972 domains visited
Cumulative time: 92.2370183467865

BaB round 72
batch: 256
splitting decisions: 
split level 0: [/input-16, 4955] [/input-16, 19300] [/input-40, 3013] [/input-8, 2225] [/input-16, 19276] [/input-8, 7881] [/input-8, 5164] [/input, 9222] [/input-8, 15706] [/input-8, 7881] 
pruning_in_iteration open status: True
ratio of positive domain = 164 / 512 = 0.3203125
pruning-in-iteration extra time: 0.00954437255859375
Time: prepare 0.0221    bound 0.4011    transfer 0.1319    finalize 0.0109    func 0.5661    
Accumulated time: func 34.9807    prepare 1.2541    bound 25.5916    transfer 7.2536    finalize 0.9237    
Current worst splitting domains lb-rhs (depth):
-1.04306 (12), -0.96202 (11), -0.92145 (11), -0.91284 (9), -0.90539 (13), -0.90460 (9), -0.88098 (12), -0.84866 (13), -0.84280 (13), -0.83684 (9), -0.82746 (11), -0.82573 (14), -0.82298 (9), -0.82138 (10), -0.81323 (10), -0.81152 (13), -0.80670 (10), -0.80530 (9), -0.78089 (9), -0.78022 (10), 
Length of domains: 8441
Time: pickout 0.0371    decision 0.4736    set_bounds 0.0115    solve 0.5663    add 0.1221    
Accumulated time: pickout 1.4374    decision 38.6783    set_bounds 2.3573    solve 34.9964    add 14.7365    
Current (lb-rhs): -1.043057918548584
25320 domains visited
Time out!!!!!!!!
Result: timeout
Time: 101.29145383834839

------------------------- COMMAND ------------------------------
/data1/Kane/miniconda3/envs/GenBaB/bin/python /data1/Kane/GenBaB/alpha-beta-CROWN/complete_verifier/abcrown.py --config /data1/Kane/GenBaB/alpha-beta-CROWN/complete_verifier/exp_configs/vnncomp24/tinyimagenet.yaml --precompile_jit --onnx_path /data1/Kane/data/vnncomp2025_benchmarks/benchmarks/tinyimagenet_2024/onnx/TinyImageNet_resnet_medium.onnx --vnnlib_path /data1/Kane/data/vnncomp2025_benchmarks/benchmarks/tinyimagenet_2024/vnnlib/TinyImageNet_resnet_medium_prop_idx_9025_sidx_9203_eps_0.0039.vnnlib --results_file /data1/Kane/ACT/audit_results/abcrown_nopgd_20260525/tinyimagenet_2024/0078__TinyImageNet_resnet_medium__TinyImageNet_resnet_medium_prop_idx_9025_sidx_9203_eps_0.0039.result --timeout 100.0 --save_adv_example --pgd_order=skip
----------------------------------------------------------------

