[0;93m2026-05-26 15:34:29.584090276 [W:onnxruntime:Default, device_discovery.cc:325 DiscoverDevicesForPlatform] GPU device discovery failed: device_discovery.cc:92 ReadFileContents Failed to open file: "/sys/class/drm/card0/device/vendor"[m
Configurations:

general:
  device: cuda
  seed: 100
  conv_mode: patches
  deterministic: false
  double_fp: false
  loss_reduction_func: sum
  sparse_alpha: true
  sparse_interm: true
  save_adv_example: true
  verify_onnxruntime_output: false
  eval_adv_example: false
  show_adv_example: false
  precompile_jit: true
  prepare_only: false
  complete_verifier: bab
  enable_incomplete_verification: true
  csv_name: instances.csv
  results_file: /data1/Kane/ACT/audit_results/abcrown_nopgd_20260525/tinyimagenet_2024/0174__TinyImageNet_resnet_medium__TinyImageNet_resnet_medium_prop_idx_8444_sidx_2478_eps_0.0039.result
  root_path: ../../vnncomp2024_benchmarks/benchmarks/tinyimagenet
  deterministic_opt: false
  graph_optimizer: 'Customized("custom_graph_optimizer", "default_optimizer")'
  buffer_has_batchdim: false
  save_output: false
  output_file: out.pkl
  return_optimized_model: false
model:
  name: null
  path: null
  onnx_path: /data1/Kane/data/vnncomp2025_benchmarks/benchmarks/tinyimagenet_2024/onnx/TinyImageNet_resnet_medium.onnx
  onnx_path_prefix: ''
  cache_onnx_conversion: false
  debug_onnx: false
  onnx_quirks: null
  input_shape: null
  onnx_loader: default_onnx_and_vnnlib_loader
  onnx_optimization_flags: [merge_bn]
  onnx_vnnlib_joint_optimization_flags: none
  check_optimized: false
  flatten_final_output: false
  optimize_graph: null
  with_jacobian: false
data:
  start: 0
  end: 10000
  select_instance: null
  num_outputs: 10
  mean: 0.0
  std: 1.0
  pkl_path: null
  dataset: null
  data_filter_path: null
  data_idx_file: null
specification:
  type: lp
  robustness_type: verified-acc
  norm: .inf
  epsilon: null
  epsilon_min: 0.0
  vnnlib_path: /data1/Kane/data/vnncomp2025_benchmarks/benchmarks/tinyimagenet_2024/vnnlib/TinyImageNet_resnet_medium_prop_idx_8444_sidx_2478_eps_0.0039.vnnlib
  vnnlib_path_prefix: ''
  rhs_offset: null
solver:
  batch_size: 256
  auto_enlarge_batch_size: false
  min_batch_size_ratio: 0.1
  use_float64_in_last_iteration: false
  early_stop_patience: 10
  start_save_best: 0.5
  bound_prop_method: alpha-crown
  init_bound_prop_method: same
  prune_after_crown: true
  optimize_disjuncts_separately: false
  crown:
    batch_size: 1000000000
    max_crown_size: 1000000000
    activation_bound_option: adaptive
    compare_crown_with_ibp: false
  alpha-crown:
    alpha: true
    lr_alpha: 0.25
    iteration: 20
    share_alphas: false
    lr_decay: 0.98
    full_conv_alpha: true
    max_coeff_mul: .inf
    matmul_share_alphas: false
    disable_optimization: []
    max_time: 1.0
  invprop:
    apply_output_constraints_to: []
    tighten_input_bounds: false
    best_of_oc_and_no_oc: false
    directly_optimize: []
    oc_lr: 0.1
    share_gammas: false
  beta-crown:
    lr_alpha: 0.1
    lr_beta: 0.15
    lr_decay: 0.98
    optimizer: adam
    iteration: 8
    beta: true
    beta_warmup: true
    enable_opt_interm_bounds: false
    all_node_split_LP: false
  forward:
    refine: false
    max_dim: 10000
    reset_threshold: 1.0
  multi_class:
    label_batch_size: 32
    skip_with_refined_bound: true
  mip:
    unstable_neuron_threshold: 0
    parallel_solvers: null
    solver_threads: 1
    refine_neuron_timeout: 15
    refine_neuron_time_percentage: 0.8
    early_stop: true
    adv_warmup: true
    mip_solver: gurobi
    skip_unsafe: false
    topk_filter: 1.0
    sliding_window: -1
    extra_constraint: false
    refine_neuron_timeout_increasement: 0
    timeout_neuron_percentage: 0.3
    remaining_timeout_threshold: 1
    remove_unstable_neurons: false
    lp_solver: false
bab:
  initial_max_domains: 200
  backing_up_max_domain: null
  max_domains: .inf
  decision_thresh: 0
  timeout: 100.0
  timeout_scale: 1
  max_iterations: -1
  override_timeout: null
  get_upper_bound: false
  pruning_in_iteration: true
  pruning_in_iteration_ratio: 0.2
  sort_targets: false
  batched_domain_list: true
  optimized_interm: ''
  interm_transfer: false
  recompute_interm: false
  sort_domain_interval: -1
  vanilla_crown: false
  tree_traversal: depth_first
  cut:
    enabled: false
    cuts_path: /tmp/abcrown_cuts
    implication: false
    bab_cut: false
    lp_cut: false
    method: null
    lr: 0.01
    lr_decay: 1.0
    iteration: 100
    bab_iteration: -1
    early_stop_patience: -1
    lr_beta: 0.02
    number_cuts: 50
    topk_cuts_in_filter: 1000
    batch_size_primal: 100
    max_num: 1000000000
    patches_cut: false
    cplex_cuts: false
    cplex_cuts_wait: 0
    cplex_cuts_revpickup: true
    cut_reference_bounds: true
    fix_intermediate_bounds: false
    biccos:
      enabled: false
      constraint_strengthening: true
      recursively_strengthening: false
      drop_ratio: 0.5
      verified_bonus: 0.3
      max_infer_iter: 20
      heuristic: neuron_influence_score
      save_biccos_cuts: false
      multi_tree_branching:
        enabled: false
        restore_best_tree: false
        keep_n_best_domains: 1
        k_splits: 1
        iterations: 1
  branching:
    method: kfsb
    candidates: 7
    reduceop: max
    enable_intermediate_bound_opt: false
    branching_input_and_activation: false
    branching_input_and_activation_order: [input, relu]
    branching_input_iterations: 30
    branching_relu_iterations: 50
    nonlinear_split:
      method: bbps
      disable: false
      branching_point_method: uniform
      num_branches: 2
      filter: false
      filter_beta: false
      filter_clamp: false
      filter_batch_size: 10000
      filter_iterations: 25
      relu_only: false
      loose_tanh_threshold: null
      branching_point:
        db_path: branching_points.pt
        num_iterations: 1000
        batch_size: 1000000
        range_l: -5.0
        range_u: 5.0
        log_interval: 100
        step_size_1d: 0.01
        step_size: 0.2
    input_split:
      enable_clip_domains: false
      split_hint: null
      reorder_bab: false
      enable: false
      enhanced_bound_prop_method: alpha-crown
      enhanced_branching_method: naive
      enhanced_bound_patience: 100000000.0
      attack_patience: 100000000.0
      adv_check: 0
      split_partitions: 2
      sb_margin_weight: 1.0
      sb_sum: false
      sb_primary_spec: null
      bf_backup_thresh: -1
      bf_rhs_offset: 0
      bf_iters: 1000000000.0
      bf_batch_size: 100000
      bf_zero_crossing_score: false
      touch_zero_score: 0
      ibp_enhancement: false
      compare_with_old_bounds: false
      update_rhs_with_attack: false
      sb_coeff_thresh: 0.001
      sort_index: null
      sort_descending: true
      show_progress: false
      presplit_domains: null
      skip_getting_worst_domain: false
  attack:
    enabled: false
    beam_candidates: 8
    beam_depth: 7
    max_dive_fix_ratio: 0.8
    min_local_free_ratio: 0.2
    mip_start_iteration: 5
    mip_timeout: 30.0
    adv_pool_threshold: null
    refined_mip_attacker: false
    refined_batch_size: null
attack:
  pgd_order: skip
  pgd_steps: 100
  pgd_restarts: 10
  pgd_batch_size: 100000000
  pgd_early_stop: true
  pgd_lr_decay: 0.99
  pgd_alpha: auto
  pgd_alpha_scale: false
  pgd_loss_mode: null
  pgd_restart_when_stuck: false
  enable_mip_attack: false
  adv_saver: default_adv_saver
  adv_verifier: default_adv_verifier
  early_stop_condition: default_early_stop_condition
  adv_example_finalizer: default_adv_example_finalizer
  pgd_loss: default_pgd_loss
  cex_path: ./test_cex.txt
  attack_mode: PGD
  attack_tolerance: 0.0
  attack_func: attack_with_general_specs
  gama_lambda: 10.0
  gama_decay: 0.9
  check_clean: false
  input_split:
    pgd_steps: 100
    pgd_restarts: 30
    pgd_alpha: auto
  input_split_enhanced:
    pgd_steps: 200
    pgd_restarts: 500000
    pgd_alpha: auto
  input_split_check_adv:
    enabled: auto
    pgd_steps: 5
    pgd_restarts: 5
    pgd_alpha: auto
    max_num_domains: 10
debug:
  view_model: false
  lp_test: null
  rescale_vnnlib_ptb: null
  test_optimized_bounds: false
  test_optimized_bounds_after_n_iterations: 0
  print_verbose_decisions: false
  sanity_check: null
  save_minimal_config: null
  save_minimal_config_omit_keys: []

Experiments at Tue May 26 15:34:30 2026 on dell-pro-max-tower-t2
Pre-compile jit kernels on a toy network.../data1/Kane/miniconda3/envs/GenBaB/lib/python3.11/site-packages/onnx2pytorch/convert/model.py:151: UserWarning: Using experimental implementation that allows 'batch_size > 1'.Batchnorm layers could potentially produce false outputs.
  warnings.warn(
/data1/Kane/miniconda3/envs/GenBaB/lib/python3.11/site-packages/onnx2pytorch/utils.py:21: TracerWarning: Converting a tensor to a Python boolean might cause the trace to be incorrect. We can't record the data flow of Python values, so this value will be treated as a constant in the future. This means that the trace might not generalize to other inputs!
  return value.ndim == 0 or value.shape == torch.Size([1])
/data1/Kane/miniconda3/envs/GenBaB/lib/python3.11/site-packages/onnx2pytorch/operations/add.py:34: TracerWarning: Converting a tensor to a Python boolean might cause the trace to be incorrect. We can't record the data flow of Python values, so this value will be treated as a constant in the future. This means that the trace might not generalize to other inputs!
  elif all(x == 1 for x in input[0].shape):

JIT kernels compiled in 1.1309s.
Internal results will be saved to /data1/Kane/ACT/audit_results/abcrown_nopgd_20260525/tinyimagenet_2024/0174__TinyImageNet_resnet_medium__TinyImageNet_resnet_medium_prop_idx_8444_sidx_2478_eps_0.0039.result.

 %%%%%%%%%%%%%%%%%%%%%%%%%%%%%%%%%%% idx: 0, vnnlib ID: 0 %%%%%%%%%%%%%%%%%%%%%%%%%%%%%%%%%%%
Using onnx /data1/Kane/data/vnncomp2025_benchmarks/benchmarks/tinyimagenet_2024/onnx/TinyImageNet_resnet_medium.onnx
Using vnnlib /data1/Kane/data/vnncomp2025_benchmarks/benchmarks/tinyimagenet_2024/vnnlib/TinyImageNet_resnet_medium_prop_idx_8444_sidx_2478_eps_0.0039.vnnlib
9408 inputs and 200 outputs in vnnlib
Loading onnx /data1/Kane/data/vnncomp2025_benchmarks/benchmarks/tinyimagenet_2024/onnx/TinyImageNet_resnet_medium.onnx with quirks {}
Onnx optimization with flags: ['merge_bn']
Found existed optimized onnx model at /data1/Kane/data/vnncomp2025_benchmarks/benchmarks/tinyimagenet_2024/onnx/TinyImageNet_resnet_medium.onnx.optimized
Finished onnx model loading in 0.0800 seconds
Model: BoundedModule(
  (/input-1): BoundInput(name=/input-1, inputs=[], perturbed=True)
  (/43): BoundParams(name=/43, inputs=[], perturbed=False)
  (/44): BoundParams(name=/44, inputs=[], perturbed=False)
  (/45): BoundParams(name=/45, inputs=[], perturbed=False)
  (/46): BoundParams(name=/46, inputs=[], perturbed=False)
  (/47): BoundParams(name=/47, inputs=[], perturbed=False)
  (/48): BoundParams(name=/48, inputs=[], perturbed=False)
  (/49): BoundParams(name=/49, inputs=[], perturbed=False)
  (/50): BoundParams(name=/50, inputs=[], perturbed=False)
  (/51): BoundParams(name=/51, inputs=[], perturbed=False)
  (/52): BoundParams(name=/52, inputs=[], perturbed=False)
  (/53): BoundParams(name=/53, inputs=[], perturbed=False)
  (/54): BoundParams(name=/54, inputs=[], perturbed=False)
  (/55): BoundParams(name=/55, inputs=[], perturbed=False)
  (/56): BoundParams(name=/56, inputs=[], perturbed=False)
  (/57): BoundParams(name=/57, inputs=[], perturbed=False)
  (/58): BoundParams(name=/58, inputs=[], perturbed=False)
  (/59): BoundParams(name=/59, inputs=[], perturbed=False)
  (/60): BoundParams(name=/60, inputs=[], perturbed=False)
  (/61): BoundParams(name=/61, inputs=[], perturbed=False)
  (/62): BoundParams(name=/62, inputs=[], perturbed=False)
  (/63): BoundParams(name=/63, inputs=[], perturbed=False)
  (/64): BoundParams(name=/64, inputs=[], perturbed=False)
  (/65): BoundParams(name=/65, inputs=[], perturbed=False)
  (/66): BoundParams(name=/66, inputs=[], perturbed=False)
  (/67): BoundParams(name=/67, inputs=[], perturbed=False)
  (/68): BoundParams(name=/68, inputs=[], perturbed=False)
  (/69): BoundParams(name=/69, inputs=[], perturbed=False)
  (/70): BoundParams(name=/70, inputs=[], perturbed=False)
  (/71): BoundParams(name=/71, inputs=[], perturbed=False)
  (/72): BoundParams(name=/72, inputs=[], perturbed=False)
  (/73): BoundParams(name=/73, inputs=[], perturbed=False)
  (/74): BoundParams(name=/74, inputs=[], perturbed=False)
  (/75): BoundParams(name=/75, inputs=[], perturbed=False)
  (/76): BoundParams(name=/76, inputs=[], perturbed=False)
  (/77): BoundParams(name=/77, inputs=[], perturbed=False)
  (/78): BoundParams(name=/78, inputs=[], perturbed=False)
  (/79): BoundParams(name=/79, inputs=[], perturbed=False)
  (/80): BoundParams(name=/80, inputs=[], perturbed=False)
  (/81): BoundParams(name=/81, inputs=[], perturbed=False)
  (/82): BoundParams(name=/82, inputs=[], perturbed=False)
  (/83): BoundParams(name=/83, inputs=[], perturbed=False)
  (/84): BoundParams(name=/84, inputs=[], perturbed=False)
  (/input): BoundConv(name=/input, inputs=[/input-1, /43, /44], perturbed=True)
  (/input-4): BoundRelu(name=/input-4, inputs=[/input], perturbed=True)
  (/input-8): BoundConv(name=/input-8, inputs=[/input-4, /45, /46], perturbed=True)
  (/input-12): BoundRelu(name=/input-12, inputs=[/input-8], perturbed=True)
  (/89): BoundConv(name=/89, inputs=[/input-12, /47, /48], perturbed=True)
  (/90): BoundConv(name=/90, inputs=[/input-4, /49, /50], perturbed=True)
  (/91): BoundAdd(name=/91, inputs=[/89, /90], perturbed=True)
  (/input-16): BoundConv(name=/input-16, inputs=[/91, /51, /52], perturbed=True)
  (/input-20): BoundRelu(name=/input-20, inputs=[/input-16], perturbed=True)
  (/94): BoundConv(name=/94, inputs=[/input-20, /53, /54], perturbed=True)
  (/95): BoundAdd(name=/95, inputs=[/94, /91], perturbed=True)
  (/input-24): BoundConv(name=/input-24, inputs=[/95, /55, /56], perturbed=True)
  (/input-28): BoundRelu(name=/input-28, inputs=[/input-24], perturbed=True)
  (/98): BoundConv(name=/98, inputs=[/input-28, /57, /58], perturbed=True)
  (/99): BoundAdd(name=/99, inputs=[/98, /95], perturbed=True)
  (/input-32): BoundConv(name=/input-32, inputs=[/99, /59, /60], perturbed=True)
  (/input-36): BoundRelu(name=/input-36, inputs=[/input-32], perturbed=True)
  (/102): BoundConv(name=/102, inputs=[/input-36, /61, /62], perturbed=True)
  (/103): BoundAdd(name=/103, inputs=[/102, /99], perturbed=True)
  (/input-40): BoundConv(name=/input-40, inputs=[/103, /63, /64], perturbed=True)
  (/input-44): BoundRelu(name=/input-44, inputs=[/input-40], perturbed=True)
  (/106): BoundConv(name=/106, inputs=[/input-44, /65, /66], perturbed=True)
  (/107): BoundConv(name=/107, inputs=[/103, /67, /68], perturbed=True)
  (/108): BoundAdd(name=/108, inputs=[/106, /107], perturbed=True)
  (/input-48): BoundConv(name=/input-48, inputs=[/108, /69, /70], perturbed=True)
  (/input-52): BoundRelu(name=/input-52, inputs=[/input-48], perturbed=True)
  (/111): BoundConv(name=/111, inputs=[/input-52, /71, /72], perturbed=True)
  (/112): BoundAdd(name=/112, inputs=[/111, /108], perturbed=True)
  (/input-56): BoundConv(name=/input-56, inputs=[/112, /73, /74], perturbed=True)
  (/input-60): BoundRelu(name=/input-60, inputs=[/input-56], perturbed=True)
  (/115): BoundConv(name=/115, inputs=[/input-60, /75, /76], perturbed=True)
  (/116): BoundAdd(name=/116, inputs=[/115, /112], perturbed=True)
  (/input-64): BoundConv(name=/input-64, inputs=[/116, /77, /78], perturbed=True)
  (/input-68): BoundRelu(name=/input-68, inputs=[/input-64], perturbed=True)
  (/119): BoundConv(name=/119, inputs=[/input-68, /79, /80], perturbed=True)
  (/120): BoundAdd(name=/120, inputs=[/119, /116], perturbed=True)
  (/121): BoundFlatten(name=/121, inputs=[/120], perturbed=True)
  (/input-72): BoundLinear(name=/input-72, inputs=[/121, /81, /82], perturbed=True)
  (/123): BoundRelu(name=/123, inputs=[/input-72], perturbed=True)
  (/124): BoundLinear(name=/124, inputs=[/123, /83, /84], perturbed=True)
)
Original output: tensor([[-18.99461555, -20.66093826, -20.56421471, -19.01398659, -17.32289696,
         -16.70716095, -20.43227386, -18.05483818, -19.13828087, -18.29401970,
         -19.32332993, -16.30587006, -16.43287468, -18.38491631, -20.03177834,
         -18.60800171, -19.50308990, -16.86754990, -16.55089188, -17.82353020,
         -16.98555374, -17.73423195, -16.47623444, -19.32245827, -13.72325516,
         -16.14021873, -12.95508099, -13.48411560, -14.75858593, -13.36048317,
         -17.61425972, -16.63276291, -18.01077080, -12.93633842, -13.47286797,
         -19.11277962, -17.47750854, -20.00882912, -17.91833878, -19.94956398,
         -18.89657021, -19.12347412, -16.83613968, -19.59433174, -21.97307587,
         -21.69164276, -19.02834702, -18.57271767, -13.36452675, -13.61998367,
         -16.34714699, -13.77446270, -11.33847332, -10.14946747, -17.98290253,
         -19.97103119, -14.30280685, -15.43821049, -20.55632401, -16.78998375,
         -18.40397835, -19.31162262, -17.06756210, -17.44138718, -17.83093643,
         -16.40037918, -17.97366905, -17.38069534, -18.30645752, -16.84424591,
         -22.38608360, -20.36223030, -18.35546112, -19.56211472, -15.02857685,
         -17.40469933, -15.61090851, -14.49441433, -18.37986755, -16.80979156,
         -16.08375168, -14.97827053, -18.98230743, -16.30571365, -16.79819107,
         -14.44702339, -20.70346260, -21.36682892, -19.35889816, -17.18733215,
         -18.81153870, -13.51703548, -17.02769470, -20.34754944, -20.57550430,
         -17.44059181, -16.48990059, -21.04776192, -13.57306194, -16.27634239,
         -17.59165955, -18.91346550, -16.57171631, -19.84963226, -17.12604904,
         -14.47575951, -16.02168465, -20.31313515, -20.71839714, -15.73635674,
         -18.70483208, -20.64467430, -15.50758362, -16.32115555, -18.92232513,
         -19.76350212, -22.89027023, -19.01274681, -18.06921577, -13.58687115,
         -17.40664101, -20.98453140, -17.37405586, -15.82811832, -18.42071152,
         -16.29094124, -21.15826035, -17.49159622, -18.94810104, -14.90687656,
         -20.48053551, -15.57015324, -16.19750404, -20.40237617, -14.58751202,
         -17.67211151, -16.35337067, -16.43916130, -18.56128502, -17.26992226,
         -17.77824211, -20.11313629, -17.78038025, -17.65344238, -17.42542458,
         -18.46005821, -20.66365433, -18.18208885, -17.66488266, -20.23073006,
         -14.59695053, -17.28931618, -16.53371811, -21.37373161, -20.49187088,
         -21.26720619, -16.79149246, -18.41326714, -15.00347519, -19.53697205,
         -17.34775162, -13.86795521, -15.49930573, -16.34145737, -19.36014175,
         -18.04773903, -19.77442932, -17.68837738, -16.61734581, -13.19294930,
         -18.24693871, -16.84356308, -16.49259377, -19.00603676, -17.98077965,
         -13.85959721, -18.56726646, -17.81507301, -19.31533051, -17.02704239,
         -13.96447849, -16.06278801, -16.06205177, -15.33887959, -20.40830421,
         -16.88254738, -19.74832153, -17.18568039, -15.48654938, -17.77242661,
         -17.96493340, -19.56001091, -16.55252647, -17.46010971, -18.04644966,
         -18.08696556, -17.75532722, -18.46659279, -18.15907097, -18.92622566]],
       device='cuda:0')
Split layers:
Nonlinear functions:
   BoundRelu(name=/input-4, inputs=[/input], perturbed=True)
   BoundRelu(name=/input-12, inputs=[/input-8], perturbed=True)
   BoundRelu(name=/input-20, inputs=[/input-16], perturbed=True)
   BoundRelu(name=/input-28, inputs=[/input-24], perturbed=True)
   BoundRelu(name=/input-36, inputs=[/input-32], perturbed=True)
   BoundRelu(name=/input-44, inputs=[/input-40], perturbed=True)
   BoundRelu(name=/input-52, inputs=[/input-48], perturbed=True)
   BoundRelu(name=/input-60, inputs=[/input-56], perturbed=True)
   BoundRelu(name=/input-68, inputs=[/input-64], perturbed=True)
   BoundRelu(name=/123, inputs=[/input-72], perturbed=True)
layer /input-4 using sparse-features alpha with shape [900]; unstable size 900; total size 46656 ([1, 64, 27, 27])
layer /input-4 start_node /input-8 using sparse-spec alpha [2, 109, 1, 900] with unstable size 108 total_size 128 output_shape 128
layer /input-4 start_node /input-16 using sparse-spec alpha [2, 277, 1, 900] with unstable size 276 total_size 25088 output_shape (128, 14, 14)
layer /input-4 start_node /input-24 using sparse-spec alpha [2, 2, 1, 900] with unstable size 1 total_size 25088 output_shape (128, 14, 14)
layer /input-4 start_node /input-32 using sparse-spec alpha [2, 10, 1, 900] with unstable size 9 total_size 25088 output_shape (128, 14, 14)
layer /input-4 start_node /input-40 using sparse-spec alpha [2, 137, 1, 900] with unstable size 136 total_size 6272 output_shape torch.Size([128, 7, 7])
layer /input-4 start_node /input-72 using sparse-spec alpha [2, 77, 1, 900] with unstable size 76 total_size 200 output_shape torch.Size([200])
layer /input-4 start_node /124 using full alpha [2, 199, 1, 900] with unstable size None total_size 199 output_shape 199
layer /input-12 using sparse-features alpha with shape [603]; unstable size 603; total size 25088 ([1, 128, 14, 14])
layer /input-12 start_node /input-16 using sparse-spec alpha [2, 277, 1, 603] with unstable size 276 total_size 25088 output_shape (128, 14, 14)
layer /input-12 start_node /input-24 using sparse-spec alpha [2, 2, 1, 603] with unstable size 1 total_size 25088 output_shape (128, 14, 14)
layer /input-12 start_node /input-32 using sparse-spec alpha [2, 10, 1, 603] with unstable size 9 total_size 25088 output_shape (128, 14, 14)
layer /input-12 start_node /input-40 using sparse-spec alpha [2, 137, 1, 603] with unstable size 136 total_size 6272 output_shape torch.Size([128, 7, 7])
layer /input-12 start_node /input-72 using sparse-spec alpha [2, 77, 1, 603] with unstable size 76 total_size 200 output_shape torch.Size([200])
layer /input-12 start_node /124 using full alpha [2, 199, 1, 603] with unstable size None total_size 199 output_shape 199
layer /input-20 using sparse-features alpha with shape [276]; unstable size 276; total size 25088 ([1, 128, 14, 14])
layer /input-20 start_node /input-24 using sparse-spec alpha [2, 2, 1, 276] with unstable size 1 total_size 25088 output_shape (128, 14, 14)
layer /input-20 start_node /input-32 using sparse-spec alpha [2, 10, 1, 276] with unstable size 9 total_size 25088 output_shape (128, 14, 14)
layer /input-20 start_node /input-40 using sparse-spec alpha [2, 137, 1, 276] with unstable size 136 total_size 6272 output_shape (128, 7, 7)
layer /input-20 start_node /input-72 using sparse-spec alpha [2, 77, 1, 276] with unstable size 76 total_size 200 output_shape torch.Size([200])
layer /input-20 start_node /124 using full alpha [2, 199, 1, 276] with unstable size None total_size 199 output_shape 199
layer /input-28 using sparse-features alpha with shape [1]; unstable size 1; total size 25088 ([1, 128, 14, 14])
layer /input-28 start_node /input-32 using sparse-spec alpha [2, 10, 1, 1] with unstable size 9 total_size 25088 output_shape (128, 14, 14)
layer /input-28 start_node /input-40 using sparse-spec alpha [2, 137, 1, 1] with unstable size 136 total_size 6272 output_shape (128, 7, 7)
layer /input-28 start_node /input-72 using sparse-spec alpha [2, 77, 1, 1] with unstable size 76 total_size 200 output_shape torch.Size([200])
layer /input-28 start_node /124 using full alpha [2, 199, 1, 1] with unstable size None total_size 199 output_shape 199
layer /input-36 using sparse-features alpha with shape [9]; unstable size 9; total size 25088 ([1, 128, 14, 14])
layer /input-36 start_node /input-40 using sparse-spec alpha [2, 137, 1, 9] with unstable size 136 total_size 6272 output_shape (128, 7, 7)
layer /input-36 start_node /input-72 using sparse-spec alpha [2, 77, 1, 9] with unstable size 76 total_size 200 output_shape torch.Size([200])
layer /input-36 start_node /124 using full alpha [2, 199, 1, 9] with unstable size None total_size 199 output_shape 199
layer /input-44 using sparse-features alpha with shape [136]; unstable size 136; total size 6272 ([1, 128, 7, 7])
layer /input-44 start_node /input-72 using sparse-spec alpha [2, 77, 1, 136] with unstable size 76 total_size 200 output_shape torch.Size([200])
layer /input-44 start_node /124 using full alpha [2, 199, 1, 136] with unstable size None total_size 199 output_shape 199
layer /input-52 using sparse-features alpha with shape [0]; unstable size 0; total size 6272 ([1, 128, 7, 7])
layer /input-52 start_node /input-72 using sparse-spec alpha [2, 77, 1, 0] with unstable size 76 total_size 200 output_shape torch.Size([200])
layer /input-52 start_node /124 using full alpha [2, 199, 1, 0] with unstable size None total_size 199 output_shape 199
layer /input-60 using sparse-features alpha with shape [0]; unstable size 0; total size 6272 ([1, 128, 7, 7])
layer /input-60 start_node /input-72 using sparse-spec alpha [2, 77, 1, 0] with unstable size 76 total_size 200 output_shape torch.Size([200])
layer /input-60 start_node /124 using full alpha [2, 199, 1, 0] with unstable size None total_size 199 output_shape 199
layer /input-68 using sparse-features alpha with shape [0]; unstable size 0; total size 6272 ([1, 128, 7, 7])
layer /input-68 start_node /input-72 using sparse-spec alpha [2, 77, 1, 0] with unstable size 76 total_size 200 output_shape torch.Size([200])
layer /input-68 start_node /124 using full alpha [2, 199, 1, 0] with unstable size None total_size 199 output_shape 199
layer /123 using sparse-features alpha with shape [76]; unstable size 76; total size 200 ([1, 200])
layer /123 start_node /124 using full alpha [2, 199, 1, 76] with unstable size None total_size 199 output_shape 199
Optimizable variables initialized.
initial CROWN bounds: tensor([[ 4.96970272,  6.52298737,  6.95402479,  5.66494036,  3.91772795,
          3.30331230,  6.59101105,  4.51981401,  5.17296505,  4.84279871,
          5.89460611,  2.71308899,  2.98586941,  4.84400749,  6.15561199,
          5.26467991,  5.64371204,  3.51960516,  2.66974235,  4.37148046,
          3.61734009,  3.67290998,  2.42279625,  5.50018787,  0.36409497,
          3.00695848, -0.23717499,  0.18625486,  1.73902798,  0.53508472,
          4.03498125,  3.15493488,  4.39352703, -0.03969443,  0.52216244,
          5.86214924,  3.54811525,  6.32916069,  4.20546436,  6.60577059,
          5.15697002,  5.31261730,  3.46174574,  5.64906454,  8.01812363,
          7.56623697,  5.72542334,  4.89002085,  0.41551161,  1.05174804,
          3.67088628,  1.11112523, -1.52008319,  4.59677219,  6.18607521,
          1.24551773,  2.34387016,  6.90570831,  3.24384761,  4.39542389,
          5.65296602,  3.33036566,  3.57071567,  3.69999599,  2.53746510,
          4.43948984,  3.86964893,  4.16792774,  3.03456354,  8.21582413,
          6.78970528,  4.99056959,  5.79616356,  1.47741973,  3.51515007,
          1.98099756,  1.01620436,  4.29734182,  3.27044582,  2.11398315,
          1.01177120,  5.38755989,  2.78116488,  3.52014017,  0.67312157,
          6.60595798,  6.80444908,  5.16824722,  3.55073547,  4.74907351,
          0.17846251,  2.84076357,  6.70527601,  6.60271883,  3.97415638,
          3.01683664,  6.75635672, -0.05818701,  2.65941024,  3.97353792,
          5.52265310,  2.93824434,  6.57943630,  3.46487808,  1.14967561,
          2.38724375,  6.65064859,  6.72309637,  1.90292549,  3.81002426,
          6.69865274,  1.76949656,  2.75603414,  5.57405376,  5.97014570,
          9.00407887,  5.16892624,  4.76415825, -0.11308718,  3.43966031,
          7.25613689,  3.97366524,  2.18301296,  4.80996561,  2.59427691,
          6.93429804,  3.76139474,  5.03357601,  1.67392612,  6.46490955,
          2.23195839,  2.54088879,  6.68753576,  1.02467012,  4.05766344,
          2.86119604,  3.00762177,  4.98097038,  3.49774647,  3.62183189,
          5.91588020,  4.38280535,  3.62515402,  3.57409286,  4.46179771,
          6.57125664,  4.16879463,  3.96291971,  7.02304077,  1.16318917,
          3.24856377,  2.89508009,  7.21909046,  6.70135307,  6.70364428,
          2.79351282,  4.58658886,  1.79338062,  6.12440014,  3.32419634,
          0.80939865,  2.33064151,  2.85937786,  5.81605530,  4.40398884,
          5.79131889,  3.69186044,  2.89850664, -0.43569154,  4.69859219,
          3.17762828,  2.96433687,  5.10050297,  4.52598047,  0.50671148,
          4.80565643,  3.86904621,  5.69653177,  3.26761723,  0.39323950,
          2.69263601,  2.53860044,  1.91331244,  6.63869238,  3.34193850,
          5.82641554,  3.25244093,  1.91647995,  4.01637173,  4.34391594,
          5.86236191,  2.71230316,  3.50102043,  4.60839701,  4.96154261,
          4.19287395,  4.83203506,  4.65308189,  5.28981066]], device='cuda:0') None
prune_after_crown optimization in use: original label size = 199 pruned label size = 6
best_l after optimization: -0.8582096099853516
alpha/beta optimization time: 3.2743139266967773
initial alpha-crown bounds: tensor([[        inf,         inf,         inf,         inf,         inf,
                 inf,         inf,         inf,         inf,         inf,
                 inf,         inf,         inf,         inf,         inf,
                 inf,         inf,         inf,         inf,         inf,
                 inf,         inf,         inf,         inf,         inf,
                 inf,  0.00427771,         inf,         inf,         inf,
                 inf,         inf,         inf,  0.16913295,         inf,
                 inf,         inf,         inf,         inf,         inf,
                 inf,         inf,         inf,         inf,         inf,
                 inf,         inf,         inf,         inf,         inf,
                 inf,         inf, -1.29364848,         inf,         inf,
                 inf,         inf,         inf,         inf,         inf,
                 inf,         inf,         inf,         inf,         inf,
                 inf,         inf,         inf,         inf,         inf,
                 inf,         inf,         inf,         inf,         inf,
                 inf,         inf,         inf,         inf,         inf,
                 inf,         inf,         inf,         inf,         inf,
                 inf,         inf,         inf,         inf,         inf,
                 inf,         inf,         inf,         inf,         inf,
                 inf,         inf,  0.26797199,         inf,         inf,
                 inf,         inf,         inf,         inf,         inf,
                 inf,         inf,         inf,         inf,         inf,
                 inf,         inf,         inf,         inf,         inf,
                 inf,         inf,         inf,  0.16395664,         inf,
                 inf,         inf,         inf,         inf,         inf,
                 inf,         inf,         inf,         inf,         inf,
                 inf,         inf,         inf,         inf,         inf,
                 inf,         inf,         inf,         inf,         inf,
                 inf,         inf,         inf,         inf,         inf,
                 inf,         inf,         inf,         inf,         inf,
                 inf,         inf,         inf,         inf,         inf,
                 inf,         inf,         inf,         inf,         inf,
                 inf,         inf,         inf,         inf,         inf,
                 inf,         inf,         inf, -0.16990042,         inf,
                 inf,         inf,         inf,         inf,         inf,
                 inf,         inf,         inf,         inf,         inf,
                 inf,         inf,         inf,         inf,         inf,
                 inf,         inf,         inf,         inf,         inf,
                 inf,         inf,         inf,         inf,         inf,
                 inf,         inf,         inf,         inf]], device='cuda:0')
Number of class (without rhs): 2 ; Worst class: (+ rhs) -1.2936484813690186
Total VNNLIB file length: 199, max property batch size: 200, total number of batches: 1
lA shape: [torch.Size([199, 1, 64, 27, 27]), torch.Size([199, 1, 128, 14, 14]), torch.Size([199, 1, 128, 14, 14]), torch.Size([199, 1, 128, 14, 14]), torch.Size([199, 1, 128, 14, 14]), torch.Size([199, 1, 128, 7, 7]), torch.Size([199, 1, 128, 7, 7]), torch.Size([199, 1, 128, 7, 7]), torch.Size([199, 1, 128, 7, 7]), torch.Size([199, 1, 200])]

Properties batch 0, size 199
Remaining timeout: 92.73934817314148
Verifying property 0 with 199 instances.
##### Instance 0 first 10 spec matrices: 
tensor([[[-1.,  0.,  0.,  ...,  0.,  0.,  0.]],

        [[ 0., -1.,  0.,  ...,  0.,  0.,  0.]],

        [[ 0.,  0., -1.,  ...,  0.,  0.,  0.]],

        ...,

        [[ 0.,  0.,  0.,  ...,  0.,  0.,  0.]],

        [[ 0.,  0.,  0.,  ...,  0.,  0.,  0.]],

        [[ 0.,  0.,  0.,  ...,  0.,  0.,  0.]]], dtype=torch.float64)
thresholds: tensor([0., 0., 0., 0., 0., 0., 0., 0., 0., 0.], device='cuda:0') ######
Initial alpha-CROWN verified for spec index tensor([  0,   1,   2,   3,   4,   5,   6,   7,   8,   9,  10,  11,  12,  13,
         14,  15,  16,  17,  18,  19,  20,  21,  22,  23,  24,  25,  26,  27,
         28,  29,  30,  31,  32,  33,  34,  35,  36,  37,  38,  39,  40,  41,
         42,  43,  44,  45,  46,  47,  48,  49,  50,  51,  53,  54,  55,  56,
         57,  58,  59,  60,  61,  62,  63,  64,  65,  66,  67,  68,  69,  70,
         71,  72,  73,  74,  75,  76,  77,  78,  79,  80,  81,  82,  83,  84,
         85,  86,  87,  88,  89,  90,  91,  92,  93,  94,  95,  96,  97,  98,
         99, 100, 101, 102, 103, 104, 105, 106, 107, 108, 109, 110, 111, 112,
        113, 114, 115, 116, 117, 118, 119, 120, 121, 122, 123, 124, 125, 126,
        127, 128, 129, 130, 131, 132, 133, 134, 135, 136, 137, 138, 139, 140,
        141, 142, 143, 144, 145, 146, 147, 148, 149, 150, 151, 152, 153, 154,
        155, 156, 157, 158, 159, 160, 161, 162, 163, 164, 165, 166, 167, 169,
        170, 171, 172, 173, 174, 175, 176, 177, 178, 179, 180, 181, 182, 183,
        184, 185, 186, 187, 188, 189, 190, 191, 192, 193, 194, 195, 196, 197,
        198], device='cuda:0') with bound tensor([       inf,        inf,        inf,        inf,        inf,        inf,
               inf,        inf,        inf,        inf,        inf,        inf,
               inf,        inf,        inf,        inf,        inf,        inf,
               inf,        inf,        inf,        inf,        inf,        inf,
               inf,        inf, 0.00427771,        inf,        inf,        inf,
               inf,        inf,        inf, 0.16913295,        inf,        inf,
               inf,        inf,        inf,        inf,        inf,        inf,
               inf,        inf,        inf,        inf,        inf,        inf,
               inf,        inf,        inf,        inf,        inf,        inf,
               inf,        inf,        inf,        inf,        inf,        inf,
               inf,        inf,        inf,        inf,        inf,        inf,
               inf,        inf,        inf,        inf,        inf,        inf,
               inf,        inf,        inf,        inf,        inf,        inf,
               inf,        inf,        inf,        inf,        inf,        inf,
               inf,        inf,        inf,        inf,        inf,        inf,
               inf,        inf,        inf,        inf,        inf,        inf,
        0.26797199,        inf,        inf,        inf,        inf,        inf,
               inf,        inf,        inf,        inf,        inf,        inf,
               inf,        inf,        inf,        inf,        inf,        inf,
               inf,        inf,        inf, 0.16395664,        inf,        inf,
               inf,        inf,        inf,        inf,        inf,        inf,
               inf,        inf,        inf,        inf,        inf,        inf,
               inf,        inf,        inf,        inf,        inf,        inf,
               inf,        inf,        inf,        inf,        inf,        inf,
               inf,        inf,        inf,        inf,        inf,        inf,
               inf,        inf,        inf,        inf,        inf,        inf,
               inf,        inf,        inf,        inf,        inf,        inf,
               inf,        inf,        inf,        inf,        inf,        inf,
               inf,        inf,        inf,        inf,        inf,        inf,
               inf,        inf,        inf,        inf,        inf,        inf,
               inf,        inf,        inf,        inf,        inf,        inf,
               inf,        inf,        inf,        inf,        inf,        inf,
               inf,        inf,        inf,        inf,        inf],
       device='cuda:0').
Remaining spec index tensor([ 52, 168], device='cuda:0') with bounds tensor([[-1.29364848],
        [-0.16990042]], device='cuda:0') need to verify.
Model prediction is: tensor([-18.99461555, -20.66093826, -20.56421471, -19.01398659, -17.32289696,
        -16.70716095, -20.43227386, -18.05483818, -19.13828087, -18.29401970,
        -19.32332993, -16.30587006, -16.43287468, -18.38491631, -20.03177834,
        -18.60800171, -19.50308990, -16.86754990, -16.55089188, -17.82353020,
        -16.98555374, -17.73423195, -16.47623444, -19.32245827, -13.72325516,
        -16.14021873, -12.95508099, -13.48411560, -14.75858593, -13.36048317,
        -17.61425972, -16.63276291, -18.01077080, -12.93633842, -13.47286797,
        -19.11277962, -17.47750854, -20.00882912, -17.91833878, -19.94956398,
        -18.89657021, -19.12347412, -16.83613968, -19.59433174, -21.97307587,
        -21.69164276, -19.02834702, -18.57271767, -13.36452675, -13.61998367,
        -16.34714699, -13.77446270, -11.33847332, -10.14946747, -17.98290253,
        -19.97103119, -14.30280685, -15.43821049, -20.55632401, -16.78998375,
        -18.40397835, -19.31162262, -17.06756210, -17.44138718, -17.83093643,
        -16.40037918, -17.97366905, -17.38069534, -18.30645752, -16.84424591,
        -22.38608360, -20.36223030, -18.35546112, -19.56211472, -15.02857685,
        -17.40469933, -15.61090851, -14.49441433, -18.37986755, -16.80979156,
        -16.08375168, -14.97827053, -18.98230743, -16.30571365, -16.79819107,
        -14.44702339, -20.70346260, -21.36682892, -19.35889816, -17.18733215,
        -18.81153870, -13.51703548, -17.02769470, -20.34754944, -20.57550430,
        -17.44059181, -16.48990059, -21.04776192, -13.57306194, -16.27634239,
        -17.59165955, -18.91346550, -16.57171631, -19.84963226, -17.12604904,
        -14.47575951, -16.02168465, -20.31313515, -20.71839714, -15.73635674,
        -18.70483208, -20.64467430, -15.50758362, -16.32115555, -18.92232513,
        -19.76350212, -22.89027023, -19.01274681, -18.06921577, -13.58687115,
        -17.40664101, -20.98453140, -17.37405586, -15.82811832, -18.42071152,
        -16.29094124, -21.15826035, -17.49159622, -18.94810104, -14.90687656,
        -20.48053551, -15.57015324, -16.19750404, -20.40237617, -14.58751202,
        -17.67211151, -16.35337067, -16.43916130, -18.56128502, -17.26992226,
        -17.77824211, -20.11313629, -17.78038025, -17.65344238, -17.42542458,
        -18.46005821, -20.66365433, -18.18208885, -17.66488266, -20.23073006,
        -14.59695053, -17.28931618, -16.53371811, -21.37373161, -20.49187088,
        -21.26720619, -16.79149246, -18.41326714, -15.00347519, -19.53697205,
        -17.34775162, -13.86795521, -15.49930573, -16.34145737, -19.36014175,
        -18.04773903, -19.77442932, -17.68837738, -16.61734581, -13.19294930,
        -18.24693871, -16.84356308, -16.49259377, -19.00603676, -17.98077965,
        -13.85959721, -18.56726646, -17.81507301, -19.31533051, -17.02704239,
        -13.96447849, -16.06278801, -16.06205177, -15.33887959, -20.40830421,
        -16.88254738, -19.74832153, -17.18568039, -15.48654938, -17.77242661,
        -17.96493340, -19.56001091, -16.55252647, -17.46010971, -18.04644966,
        -18.08696556, -17.75532722, -18.46659279, -18.15907097, -18.92622566],
       device='cuda:0')
build_with_refined_bounds batch [1/1]
setting alpha for layer /input-4 start_node /124 with alignment adjustment
setting alpha for layer /input-12 start_node /124 with alignment adjustment
setting alpha for layer /input-20 start_node /124 with alignment adjustment
setting alpha for layer /input-28 start_node /124 with alignment adjustment
setting alpha for layer /input-36 start_node /124 with alignment adjustment
setting alpha for layer /input-44 start_node /124 with alignment adjustment
setting alpha for layer /input-52 start_node /124 with alignment adjustment
setting alpha for layer /input-60 start_node /124 with alignment adjustment
setting alpha for layer /input-68 start_node /124 with alignment adjustment
setting alpha for layer /123 start_node /124 with alignment adjustment
all alpha initialized
directly get lb and ub from refined bounds
c shape: torch.Size([2, 1, 200])
lA shapes: [torch.Size([2, 1, 64, 27, 27]), torch.Size([2, 1, 128, 14, 14]), torch.Size([2, 1, 128, 14, 14]), torch.Size([2, 1, 128, 14, 14]), torch.Size([2, 1, 128, 14, 14]), torch.Size([2, 1, 128, 7, 7]), torch.Size([2, 1, 128, 7, 7]), torch.Size([2, 1, 128, 7, 7]), torch.Size([2, 1, 128, 7, 7]), torch.Size([2, 1, 200])]
(alpha-)CROWN with fixed intermediate bounds: tensor([[-1.29364848],
        [-0.16990042]], device='cuda:0') tensor([[inf],
        [inf]], device='cuda:0')
Intermediate layers: /input,/input-8,/input-16,/input-24,/input-32,/input-40,/input-48,/input-56,/input-64,/input-72,/124
Keeping alphas for these layers: ['/124']
Keeping alphas for these layers: ['/124']
Node /input-4 input 0: size torch.Size([64, 27, 27]) unstable 900
Node /input-12 input 0: size torch.Size([128, 14, 14]) unstable 598
Node /input-20 input 0: size torch.Size([128, 14, 14]) unstable 269
Node /input-28 input 0: size torch.Size([128, 14, 14]) unstable 1
Node /input-36 input 0: size torch.Size([128, 14, 14]) unstable 9
Node /input-44 input 0: size torch.Size([128, 7, 7]) unstable 134
Node /input-52 input 0: size torch.Size([128, 7, 7]) unstable 0
Node /input-60 input 0: size torch.Size([128, 7, 7]) unstable 0
Node /input-68 input 0: size torch.Size([128, 7, 7]) unstable 0
Node /123 input 0: size torch.Size([200]) unstable 71
-----------------
# of unstable neurons: 1982
-----------------

BaB round 1
batch: 2
splitting decisions: 
split level 0: [/input-72, 122] [/input-72, 194] 
split level 1: [/input-72, 74] [/input-72, 180] 
split level 2: [/input-72, 41] [/input-72, 98] 
pruning_in_iteration open status: True
ratio of positive domain = 7 / 16 = 0.4375
pruning-in-iteration extra time: 0.002919912338256836
Time: prepare 0.0005    bound 0.2188    transfer 0.0028    finalize 0.0004    func 0.2225    
Accumulated time: func 0.2225    prepare 0.0009    bound 0.2188    transfer 0.0028    finalize 0.0004    
Current worst splitting domains lb-rhs (depth):
-1.07067 (3), -1.04985 (3), -0.78225 (3), -0.75929 (3), -0.43744 (3), -0.40286 (3), -0.13449 (3), -0.07796 (3), -0.00358 (3), 
Length of domains: 9
Time: pickout 0.0008    decision 0.1792    set_bounds 0.0011    solve 0.2226    add 0.0023    
Accumulated time: pickout 0.0008    decision 0.1792    set_bounds 0.0011    solve 0.2226    add 0.0023    
Current (lb-rhs): -1.070665717124939
9 domains visited
Cumulative time: 1.0840365886688232

BaB round 2
batch: 9
splitting decisions: 
split level 0: [/input-72, 194] [/input-72, 194] [/input-72, 194] [/input-72, 194] [/input-72, 194] [/input-72, 194] [/input-72, 194] [/input-72, 194] [/input-72, 74] 
pruning_in_iteration open status: True
ratio of positive domain = 7 / 18 = 0.38888888888888884
pruning-in-iteration extra time: 0.003644704818725586
Time: prepare 0.0007    bound 0.1302    transfer 0.0032    finalize 0.0005    func 0.1346    
Accumulated time: func 0.3571    prepare 0.0020    bound 0.3490    transfer 0.0060    finalize 0.0009    
Current worst splitting domains lb-rhs (depth):
-1.04068 (4), -1.01919 (4), -0.73491 (4), -0.70622 (4), -0.60702 (4), -0.60699 (4), -0.35748 (4), -0.30570 (4), -0.24511 (4), -0.18133 (4), -0.07007 (4), 
Length of domains: 11
Time: pickout 0.0009    decision 0.0525    set_bounds 0.0010    solve 0.1346    add 0.0043    
Accumulated time: pickout 0.0017    decision 0.2316    set_bounds 0.0021    solve 0.3572    add 0.0066    
Current (lb-rhs): -1.0406843423843384
20 domains visited
Cumulative time: 1.2775440216064453

BaB round 3
batch: 11
splitting decisions: 
split level 0: [/input-72, 170] [/input-72, 170] [/input-72, 170] [/input-72, 170] [/input-72, 170] [/input-72, 170] [/input-72, 170] [/input-72, 170] [/input-72, 170] [/input-72, 9] 
pruning_in_iteration open status: True
ratio of positive domain = 7 / 22 = 0.31818181818181823
pruning-in-iteration extra time: 0.0037081241607666016
Time: prepare 0.0008    bound 0.1442    transfer 0.0122    finalize 0.0033    func 0.1605    
Accumulated time: func 0.5176    prepare 0.0032    bound 0.4932    transfer 0.0181    finalize 0.0042    
Current worst splitting domains lb-rhs (depth):
-0.99760 (5), -0.97650 (5), -0.74147 (5), -0.71135 (5), -0.69207 (5), -0.66090 (5), -0.52398 (5), -0.45230 (5), -0.40277 (5), -0.31392 (5), -0.31207 (5), -0.28862 (5), -0.27112 (5), -0.25811 (5), -0.03408 (5), 
Length of domains: 15
Time: pickout 0.0124    decision 0.1146    set_bounds 0.0012    solve 0.1605    add 0.0061    
Accumulated time: pickout 0.0141    decision 0.3463    set_bounds 0.0033    solve 0.5177    add 0.0127    
Current (lb-rhs): -0.9976033568382263
35 domains visited
Cumulative time: 1.5726854801177979

BaB round 4
batch: 15
splitting decisions: 
split level 0: [/input-72, 112] [/input-72, 9] [/input-72, 9] [/input-72, 9] [/input-72, 112] [/input-72, 170] [/input-72, 9] [/input-72, 112] [/input-72, 112] [/input-72, 9] 
pruning_in_iteration open status: False
ratio of positive domain = 4 / 30 = 0.1333333333333333
pruning-in-iteration extra time: 0.00044846534729003906
Time: prepare 0.0009    bound 0.1286    transfer 0.0038    finalize 0.0054    func 0.1388    
Accumulated time: func 0.6564    prepare 0.0045    bound 0.6218    transfer 0.0219    finalize 0.0097    
Current worst splitting domains lb-rhs (depth):
-0.93802 (6), -0.90104 (6), -0.84602 (6), -0.66150 (6), -0.65492 (6), -0.65396 (6), -0.64199 (6), -0.56484 (6), -0.56253 (6), -0.49453 (6), -0.48479 (6), -0.40892 (6), -0.40209 (6), -0.35334 (6), -0.25545 (6), -0.21861 (6), -0.21171 (6), -0.16504 (6), -0.16026 (6), -0.14527 (6), 
Length of domains: 26
Time: pickout 0.0051    decision 0.1122    set_bounds 0.0052    solve 0.1388    add 0.0092    
Accumulated time: pickout 0.0193    decision 0.4584    set_bounds 0.0085    solve 0.6565    add 0.0219    
Current (lb-rhs): -0.9380224347114563
61 domains visited
Cumulative time: 1.8434410095214844

BaB round 5
batch: 26
splitting decisions: 
split level 0: [/input-72, 9] [/input-72, 112] [/input-72, 112] [/input-72, 112] [/input-72, 112] [/input-72, 112] [/input-72, 9] [/input-72, 9] [/input-72, 112] [/input-72, 112] 
pruning_in_iteration open status: True
ratio of positive domain = 16 / 52 = 0.3076923076923077
pruning-in-iteration extra time: 0.0018227100372314453
Time: prepare 0.0015    bound 0.1181    transfer 0.0079    finalize 0.0007    func 0.1282    
Accumulated time: func 0.7846    prepare 0.0065    bound 0.7399    transfer 0.0298    finalize 0.0103    
Current worst splitting domains lb-rhs (depth):
-0.86113 (7), -0.83916 (7), -0.80767 (7), -0.79425 (7), -0.59840 (7), -0.59724 (7), -0.56506 (7), -0.56015 (7), -0.55638 (7), -0.52485 (7), -0.51820 (7), -0.49957 (7), -0.49803 (7), -0.47349 (7), -0.45863 (7), -0.43911 (7), -0.38225 (7), -0.36605 (7), -0.34611 (7), -0.34176 (7), 
Length of domains: 36
Time: pickout 0.0026    decision 0.1381    set_bounds 0.0019    solve 0.1282    add 0.0081    
Accumulated time: pickout 0.0219    decision 0.5965    set_bounds 0.0104    solve 0.7848    add 0.0300    
Current (lb-rhs): -0.8611287474632263
97 domains visited
Cumulative time: 2.124312400817871

BaB round 6
batch: 36
splitting decisions: 
split level 0: [/input-72, 180] [/input-72, 180] [/input-72, 180] [/input-72, 180] [/input-72, 163] [/input-72, 180] [/input-72, 180] [/input-72, 180] [/input-72, 180] [/input-72, 180] 
pruning_in_iteration open status: True
ratio of positive domain = 30 / 72 = 0.41666666666666663
pruning-in-iteration extra time: 0.007350921630859375
Time: prepare 0.0018    bound 0.1455    transfer 0.0319    finalize 0.0016    func 0.1809    
Accumulated time: func 0.9654    prepare 0.0087    bound 0.8854    transfer 0.0617    finalize 0.0120    
Current worst splitting domains lb-rhs (depth):
-0.82081 (8), -0.78796 (8), -0.78787 (8), -0.77516 (8), -0.76863 (8), -0.57968 (8), -0.54858 (8), -0.54138 (8), -0.54008 (8), -0.51954 (8), -0.50796 (8), -0.49980 (8), -0.49505 (8), -0.48159 (8), -0.47910 (8), -0.44160 (8), -0.41557 (8), -0.38293 (8), -0.36334 (8), -0.36125 (8), 
Length of domains: 42
Time: pickout 0.0017    decision 0.0566    set_bounds 0.0022    solve 0.1809    add 0.0131    
Accumulated time: pickout 0.0236    decision 0.6532    set_bounds 0.0125    solve 0.9657    add 0.0431    
Current (lb-rhs): -0.8208102583885193
139 domains visited
Cumulative time: 2.3811378479003906

BaB round 7
batch: 42
splitting decisions: 
split level 0: [/input-72, 163] [/input-72, 147] [/input-72, 163] [/input-72, 163] [/input-72, 180] [/input-72, 163] [/input-72, 163] [/input-72, 163] [/input-72, 163] [/input-72, 163] 
pruning_in_iteration open status: True
ratio of positive domain = 21 / 84 = 0.25
pruning-in-iteration extra time: 0.0045735836029052734
Time: prepare 0.0021    bound 0.1616    transfer 0.0314    finalize 0.0018    func 0.1970    
Accumulated time: func 1.1624    prepare 0.0111    bound 1.0470    transfer 0.0931    finalize 0.0138    
Current worst splitting domains lb-rhs (depth):
-0.76817 (9), -0.74989 (9), -0.74899 (9), -0.72207 (9), -0.71524 (9), -0.70489 (9), -0.69398 (9), -0.67293 (9), -0.54207 (9), -0.49960 (9), -0.47390 (9), -0.47360 (9), -0.46991 (9), -0.46976 (9), -0.45778 (9), -0.43953 (9), -0.43551 (9), -0.42806 (9), -0.42424 (9), -0.41151 (9), 
Length of domains: 63
Time: pickout 0.0098    decision 0.1209    set_bounds 0.0050    solve 0.1971    add 0.0154    
Accumulated time: pickout 0.0334    decision 0.7740    set_bounds 0.0175    solve 1.1627    add 0.0585    
Current (lb-rhs): -0.7681717872619629
202 domains visited
Cumulative time: 2.7318921089172363

BaB round 8
batch: 63
splitting decisions: 
split level 0: [/input-72, 128] [/input-72, 128] [/input-72, 128] [/input-72, 128] [/input-72, 128] [/input-72, 128] [/input-72, 128] [/input-72, 128] [/input-72, 128] [/input-72, 128] 
pruning_in_iteration open status: True
ratio of positive domain = 63 / 126 = 0.5
pruning-in-iteration extra time: 0.002111196517944336
Time: prepare 0.0029    bound 0.1239    transfer 0.0360    finalize 0.0019    func 0.1647    
Accumulated time: func 1.3271    prepare 0.0145    bound 1.1709    transfer 0.1291    finalize 0.0157    
Current worst splitting domains lb-rhs (depth):
-0.75409 (10), -0.73479 (10), -0.73430 (10), -0.70606 (10), -0.70145 (10), -0.68972 (10), -0.68005 (10), -0.65716 (10), -0.52670 (10), -0.48556 (10), -0.45943 (10), -0.45718 (10), -0.45465 (10), -0.45218 (10), -0.44098 (10), -0.42285 (10), -0.41909 (10), -0.40884 (10), -0.40853 (10), -0.39424 (10), 
Length of domains: 63
Time: pickout 0.0028    decision 0.1113    set_bounds 0.0032    solve 0.1648    add 0.0184    
Accumulated time: pickout 0.0362    decision 0.8854    set_bounds 0.0208    solve 1.3275    add 0.0769    
Current (lb-rhs): -0.7540931105613708
265 domains visited
Cumulative time: 3.0344367027282715

BaB round 9
batch: 63
splitting decisions: 
split level 0: [/input-72, 147] [/input-72, 147] [/input-72, 147] [/input-72, 147] [/input-72, 163] [/input-72, 147] [/input-72, 147] [/input-72, 147] [/input-72, 147] [/input-72, 147] 
pruning_in_iteration open status: True
ratio of positive domain = 33 / 126 = 0.26190476190476186
pruning-in-iteration extra time: 0.0060236454010009766
Time: prepare 0.0030    bound 0.1573    transfer 0.0134    finalize 0.0014    func 0.1751    
Accumulated time: func 1.5022    prepare 0.0178    bound 1.3282    transfer 0.1425    finalize 0.0172    
Current worst splitting domains lb-rhs (depth):
-0.71638 (11), -0.69825 (11), -0.69673 (11), -0.66980 (11), -0.66364 (11), -0.65226 (11), -0.64237 (11), -0.62017 (11), -0.58384 (11), -0.56141 (11), -0.53002 (11), -0.52042 (11), -0.51905 (11), -0.49042 (11), -0.47363 (11), -0.44980 (11), -0.44748 (11), -0.44450 (11), -0.44154 (11), -0.41931 (11), 
Length of domains: 93
Time: pickout 0.0027    decision 0.1062    set_bounds 0.0047    solve 0.1752    add 0.0229    
Accumulated time: pickout 0.0389    decision 0.9916    set_bounds 0.0255    solve 1.5027    add 0.0998    
Current (lb-rhs): -0.716375470161438
358 domains visited
Cumulative time: 3.346787929534912

BaB round 10
batch: 93
splitting decisions: 
split level 0: [/input-72, 98] [/input-72, 98] [/input-72, 98] [/input-72, 144] [/input-72, 98] [/input-72, 98] [/input-72, 98] [/input-72, 98] [/input-72, 144] [/input-72, 98] 
pruning_in_iteration open status: True
ratio of positive domain = 67 / 186 = 0.3602150537634409
pruning-in-iteration extra time: 0.005265474319458008
Time: prepare 0.0041    bound 0.1757    transfer 0.0280    finalize 0.0064    func 0.2142    
Accumulated time: func 1.7164    prepare 0.0224    bound 1.5039    transfer 0.1705    finalize 0.0235    
Current worst splitting domains lb-rhs (depth):
-0.69054 (12), -0.67252 (12), -0.67246 (12), -0.64535 (12), -0.63772 (12), -0.62784 (12), -0.61633 (12), -0.59580 (12), -0.56309 (12), -0.54344 (12), -0.52989 (12), -0.50248 (12), -0.49990 (12), -0.49923 (12), -0.48867 (12), -0.48500 (12), -0.47179 (12), -0.47114 (12), -0.45807 (12), -0.45480 (12), 
Length of domains: 119
Time: pickout 0.0042    decision 0.3027    set_bounds 0.0057    solve 0.2143    add 0.0286    
Accumulated time: pickout 0.0431    decision 1.2943    set_bounds 0.0311    solve 1.7170    add 0.1284    
Current (lb-rhs): -0.6905391812324524
477 domains visited
Cumulative time: 3.9055442810058594

BaB round 11
batch: 119
splitting decisions: 
split level 0: [/input-72, 144] [/input-72, 144] [/input-72, 144] [/input-72, 49] [/input-72, 46] [/input-72, 144] [/input-72, 144] [/input-72, 144] [/input-72, 49] [/input-72, 46] 
pruning_in_iteration open status: True
ratio of positive domain = 107 / 238 = 0.44957983193277307
pruning-in-iteration extra time: 0.0022096633911132812
Time: prepare 0.0051    bound 0.1322    transfer 0.0507    finalize 0.0082    func 0.1962    
Accumulated time: func 1.9127    prepare 0.0280    bound 1.6361    transfer 0.2211    finalize 0.0317    
Current worst splitting domains lb-rhs (depth):
-0.67761 (13), -0.65994 (13), -0.65969 (13), -0.63274 (13), -0.62401 (13), -0.61471 (13), -0.60258 (13), -0.58242 (13), -0.53557 (13), -0.51755 (13), -0.50360 (13), -0.48869 (13), -0.48492 (13), -0.47578 (13), -0.47426 (13), -0.45805 (13), -0.45697 (13), -0.44399 (13), -0.42943 (13), -0.42660 (13), 
Length of domains: 131
Time: pickout 0.0091    decision 0.2093    set_bounds 0.0056    solve 0.1963    add 0.0350    
Accumulated time: pickout 0.0522    decision 1.5036    set_bounds 0.0368    solve 1.9133    add 0.1633    
Current (lb-rhs): -0.6776074171066284
608 domains visited
Cumulative time: 4.364593982696533

BaB round 12
batch: 131
splitting decisions: 
split level 0: [/input-72, 49] [/input-72, 49] [/input-72, 49] [/input-72, 98] [/input-72, 49] [/input-72, 46] [/input-72, 49] [/input-72, 98] [/input-72, 49] [/input-72, 49] 
pruning_in_iteration open status: True
ratio of positive domain = 129 / 262 = 0.49236641221374045
pruning-in-iteration extra time: 0.005408287048339844
Time: prepare 0.0058    bound 0.2125    transfer 0.0566    finalize 0.0088    func 0.2838    
Accumulated time: func 2.1965    prepare 0.0344    bound 1.8487    transfer 0.2777    finalize 0.0405    
Current worst splitting domains lb-rhs (depth):
-0.66458 (14), -0.64652 (14), -0.64650 (14), -0.61887 (14), -0.61099 (14), -0.60113 (14), -0.58895 (14), -0.56842 (14), -0.52210 (14), -0.50381 (14), -0.49150 (14), -0.47120 (14), -0.46325 (14), -0.46122 (14), -0.46049 (14), -0.44529 (14), -0.43212 (14), -0.43125 (14), -0.41626 (14), -0.41242 (14), 
Length of domains: 133
Time: pickout 0.0055    decision 0.3780    set_bounds 0.0095    solve 0.2839    add 0.0358    
Accumulated time: pickout 0.0577    decision 1.8816    set_bounds 0.0463    solve 2.1972    add 0.1991    
Current (lb-rhs): -0.6645796298980713
741 domains visited
Cumulative time: 5.082113265991211

BaB round 13
batch: 133
splitting decisions: 
split level 0: [/input-72, 46] [/input-72, 46] [/input-72, 46] [/input-72, 46] [/input-72, 46] [/input-72, 101] [/input-72, 101] [/input-72, 46] [/input-72, 101] [/input-72, 46] 
pruning_in_iteration open status: True
ratio of positive domain = 117 / 266 = 0.4398496240601504
pruning-in-iteration extra time: 0.0022842884063720703
Time: prepare 0.0059    bound 0.1481    transfer 0.0494    finalize 0.0034    func 0.2069    
Accumulated time: func 2.4034    prepare 0.0409    bound 1.9968    transfer 0.3271    finalize 0.0439    
Current worst splitting domains lb-rhs (depth):
-0.65227 (15), -0.63454 (15), -0.63413 (15), -0.60678 (15), -0.59881 (15), -0.58877 (15), -0.57728 (15), -0.55652 (15), -0.50994 (15), -0.49141 (15), -0.47850 (15), -0.45066 (15), -0.45011 (15), -0.44838 (15), -0.43927 (15), -0.43311 (15), -0.41911 (15), -0.40942 (15), -0.40393 (15), -0.39179 (15), 
Length of domains: 149
Time: pickout 0.0115    decision 0.2765    set_bounds 0.0067    solve 0.2070    add 0.0377    
Accumulated time: pickout 0.0691    decision 2.1581    set_bounds 0.0530    solve 2.4042    add 0.2369    
Current (lb-rhs): -0.6522666215896606
890 domains visited
Cumulative time: 5.625464200973511

BaB round 14
batch: 149
splitting decisions: 
split level 0: [/input-72, 101] [/input-72, 101] [/input-72, 101] [/input-72, 101] [/input-72, 101] [/input-72, 64] [/input-72, 64] [/input-72, 101] [/input-72, 64] [/input-72, 101] 
pruning_in_iteration open status: True
ratio of positive domain = 119 / 298 = 0.3993288590604027
pruning-in-iteration extra time: 0.006051063537597656
Time: prepare 0.0068    bound 0.2238    transfer 0.0501    finalize 0.0073    func 0.2880    
Accumulated time: func 2.6914    prepare 0.0483    bound 2.2206    transfer 0.3772    finalize 0.0512    
Current worst splitting domains lb-rhs (depth):
-0.62977 (16), -0.61225 (16), -0.61143 (16), -0.58463 (16), -0.57736 (16), -0.56713 (16), -0.55590 (16), -0.53532 (16), -0.48781 (16), -0.48461 (16), -0.47096 (16), -0.46945 (16), -0.45535 (16), -0.45093 (16), -0.43831 (16), -0.42933 (16), -0.42776 (16), -0.42767 (16), -0.42743 (16), -0.41106 (16), 
Length of domains: 179
Time: pickout 0.0054    decision 0.3766    set_bounds 0.1172    solve 0.2881    add 0.0471    
Accumulated time: pickout 0.0745    decision 2.5346    set_bounds 0.1702    solve 2.6923    add 0.2840    
Current (lb-rhs): -0.6297684907913208
1069 domains visited
Cumulative time: 6.463738203048706

BaB round 15
batch: 179
splitting decisions: 
split level 0: [/input-72, 46] [/input-72, 46] [/input-72, 101] [/input-72, 75] [/input-72, 101] [/input-72, 101] [/input-72, 75] [/input-72, 64] [/input-72, 46] [/input-72, 64] 
pruning_in_iteration open status: True
ratio of positive domain = 138 / 358 = 0.3854748603351955
pruning-in-iteration extra time: 0.004410266876220703
Time: prepare 0.0080    bound 0.1856    transfer 0.0739    finalize 0.0044    func 0.2720    
Accumulated time: func 2.9634    prepare 0.0569    bound 2.4062    transfer 0.4511    finalize 0.0555    
Current worst splitting domains lb-rhs (depth):
-0.60855 (17), -0.59113 (17), -0.59013 (17), -0.56374 (17), -0.55697 (17), -0.54691 (17), -0.53590 (17), -0.51567 (17), -0.47022 (17), -0.46747 (17), -0.45526 (17), -0.44939 (17), -0.44917 (17), -0.43410 (17), -0.43183 (17), -0.42093 (17), -0.41856 (17), -0.41222 (17), -0.41174 (17), -0.40757 (17), 
Length of domains: 220
Time: pickout 0.0109    decision 0.3434    set_bounds 0.0085    solve 0.2721    add 0.0476    
Accumulated time: pickout 0.0855    decision 2.8781    set_bounds 0.1787    solve 2.9645    add 0.3316    
Current (lb-rhs): -0.6085469722747803
1289 domains visited
Cumulative time: 7.151891231536865

BaB round 16
batch: 220
splitting decisions: 
split level 0: [/input-72, 101] [/input-72, 101] [/input-72, 132] [/input-72, 132] [/input-72, 64] [/input-72, 64] [/input-72, 75] [/input-72, 75] [/input-72, 64] [/input-72, 64] 
pruning_in_iteration open status: True
ratio of positive domain = 118 / 440 = 0.2681818181818182
pruning-in-iteration extra time: 0.0061838626861572266
Time: prepare 0.0097    bound 0.3261    transfer 0.0788    finalize 0.0055    func 0.4203    
Accumulated time: func 3.3837    prepare 0.0672    bound 2.7323    transfer 0.5299    finalize 0.0611    
Current worst splitting domains lb-rhs (depth):
-0.57115 (18), -0.55285 (18), -0.55256 (18), -0.55146 (18), -0.53844 (18), -0.53362 (18), -0.52505 (18), -0.51986 (18), -0.51196 (18), -0.50953 (18), -0.49808 (18), -0.49587 (18), -0.48723 (18), -0.47816 (18), -0.47757 (18), -0.46104 (18), -0.44857 (18), -0.43354 (18), -0.43322 (18), -0.41528 (18), 
Length of domains: 322
Time: pickout 0.0078    decision 0.6276    set_bounds 0.0109    solve 0.4204    add 0.0858    
Accumulated time: pickout 0.0932    decision 3.5056    set_bounds 0.1896    solve 3.3849    add 0.4174    
Current (lb-rhs): -0.5711466073989868
1611 domains visited
Cumulative time: 8.311286211013794

BaB round 17
batch: 256
splitting decisions: 
split level 0: [/input-72, 8] [/input-72, 8] [/input-72, 8] [/input-72, 8] [/input-72, 8] [/input-72, 8] [/input-72, 8] [/input-72, 8] [/input-72, 8] [/input-72, 8] 
pruning_in_iteration open status: True
ratio of positive domain = 221 / 512 = 0.431640625
pruning-in-iteration extra time: 0.005620479583740234
Time: prepare 0.0121    bound 0.3425    transfer 0.1146    finalize 0.1266    func 0.5960    
Accumulated time: func 3.9796    prepare 0.0799    bound 3.0749    transfer 0.6445    finalize 0.1877    
Current worst splitting domains lb-rhs (depth):
-0.56379 (19), -0.54558 (19), -0.54519 (19), -0.54371 (19), -0.53057 (19), -0.52609 (19), -0.51799 (19), -0.51277 (19), -0.50461 (19), -0.50240 (19), -0.49104 (19), -0.48866 (19), -0.47986 (19), -0.47076 (19), -0.47063 (19), -0.45315 (19), -0.44857 (18), -0.43322 (18), -0.41273 (18), -0.41151 (19), 
Length of domains: 357
Time: pickout 0.0080    decision 0.5478    set_bounds 0.0112    solve 0.5961    add 0.0726    
Accumulated time: pickout 0.1012    decision 4.0535    set_bounds 0.2008    solve 3.9810    add 0.4899    
Current (lb-rhs): -0.5637931227684021
1902 domains visited
Cumulative time: 9.556386709213257

BaB round 18
batch: 256
splitting decisions: 
split level 0: [/input-72, 132] [/input-72, 8] [/input-72, 65] [/input-32, 758] [/input-32, 758] [/input-32, 758] [/input-72, 8] [/input-32, 758] [/input-72, 8] [/input-72, 8] 
pruning_in_iteration open status: True
ratio of positive domain = 154 / 512 = 0.30078125
pruning-in-iteration extra time: 0.0048525333404541016
Time: prepare 0.0127    bound 0.3682    transfer 0.1164    finalize 0.0103    func 0.5076    
Accumulated time: func 4.4873    prepare 0.0933    bound 3.4431    transfer 0.7610    finalize 0.1980    
Current worst splitting domains lb-rhs (depth):
-0.56379 (19), -0.54558 (19), -0.54519 (19), -0.51799 (19), -0.51733 (20), -0.51277 (19), -0.50372 (20), -0.50240 (19), -0.49967 (20), -0.49104 (19), -0.47769 (20), -0.47063 (19), -0.46227 (20), -0.45933 (20), -0.45324 (20), -0.44857 (18), -0.44497 (20), -0.44455 (20), -0.44374 (20), -0.43322 (18), 
Length of domains: 459
Time: pickout 0.0116    decision 0.5539    set_bounds 0.0102    solve 0.5078    add 0.1205    
Accumulated time: pickout 0.1128    decision 4.6073    set_bounds 0.2110    solve 4.4888    add 0.6104    
Current (lb-rhs): -0.5637931227684021
2260 domains visited
Cumulative time: 10.768927812576294

BaB round 19
batch: 256
splitting decisions: 
split level 0: [/input-72, 65] [/input-72, 65] [/input-72, 65] [/input-72, 65] [/input-72, 65] [/input-72, 65] [/input-72, 65] [/input-72, 65] [/input-32, 758] [/input-72, 65] 
pruning_in_iteration open status: True
ratio of positive domain = 151 / 512 = 0.294921875
pruning-in-iteration extra time: 0.0032253265380859375
Time: prepare 0.0133    bound 0.3403    transfer 0.1221    finalize 0.0069    func 0.4826    
Accumulated time: func 4.9699    prepare 0.1071    bound 3.7834    transfer 0.8831    finalize 0.2048    
Current worst splitting domains lb-rhs (depth):
-0.56379 (19), -0.54558 (19), -0.54519 (19), -0.51799 (19), -0.51595 (21), -0.51277 (19), -0.50242 (21), -0.50240 (19), -0.49840 (21), -0.49104 (19), -0.47642 (21), -0.47063 (19), -0.45933 (20), -0.45519 (21), -0.45215 (21), -0.44857 (18), -0.44497 (20), -0.44374 (20), -0.44334 (21), -0.43322 (18), 
Length of domains: 564
Time: pickout 0.0188    decision 0.4353    set_bounds 0.0201    solve 0.4828    add 0.1283    
Accumulated time: pickout 0.1316    decision 5.0426    set_bounds 0.2310    solve 4.9716    add 0.7387    
Current (lb-rhs): -0.5637931227684021
2621 domains visited
Cumulative time: 11.86298418045044

BaB round 20
batch: 256
splitting decisions: 
split level 0: [/input-72, 174] [/input-72, 174] [/input-72, 174] [/input-72, 65] [/input-72, 65] [/input-72, 65] [/input-72, 65] [/input-72, 174] [/input-40, 6009] [/input-72, 174] 
pruning_in_iteration open status: True
ratio of positive domain = 210 / 512 = 0.41015625
pruning-in-iteration extra time: 0.00397038459777832
Time: prepare 0.0142    bound 0.3183    transfer 0.1066    finalize 0.0113    func 0.4505    
Accumulated time: func 5.4203    prepare 0.1220    bound 4.1017    transfer 0.9897    finalize 0.2161    
Current worst splitting domains lb-rhs (depth):
-0.56379 (19), -0.54558 (19), -0.54519 (19), -0.51799 (19), -0.51595 (21), -0.51277 (19), -0.50242 (21), -0.50240 (19), -0.49840 (21), -0.49104 (19), -0.47642 (21), -0.47063 (19), -0.45933 (20), -0.45410 (22), -0.45215 (21), -0.44857 (18), -0.44497 (20), -0.44374 (20), -0.44334 (21), -0.43322 (18), 
Length of domains: 610
Time: pickout 0.0089    decision 0.4546    set_bounds 0.0208    solve 0.4506    add 0.0693    
Accumulated time: pickout 0.1404    decision 5.4972    set_bounds 0.2519    solve 5.4222    add 0.8080    
Current (lb-rhs): -0.5637931227684021
2923 domains visited
Cumulative time: 12.876495838165283

BaB round 21
batch: 256
splitting decisions: 
split level 0: [/input-40, 6009] [/input-40, 6009] [/input-72, 132] [/input-40, 6009] [/input-72, 132] [/input-72, 174] [/input-72, 65] [/input-72, 174] [/input-72, 65] [/input-72, 65] 
pruning_in_iteration open status: True
ratio of positive domain = 202 / 512 = 0.39453125
pruning-in-iteration extra time: 0.003014802932739258
Time: prepare 0.0147    bound 0.2346    transfer 0.1039    finalize 0.0055    func 0.3588    
Accumulated time: func 5.7791    prepare 0.1373    bound 4.3363    transfer 1.0937    finalize 0.2215    
Current worst splitting domains lb-rhs (depth):
-0.56379 (19), -0.54558 (19), -0.54519 (19), -0.51799 (19), -0.51595 (21), -0.51277 (19), -0.50242 (21), -0.50240 (19), -0.49840 (21), -0.49104 (19), -0.47642 (21), -0.47063 (19), -0.45933 (20), -0.45215 (21), -0.44857 (18), -0.44497 (20), -0.44374 (20), -0.44334 (21), -0.43358 (23), -0.43322 (18), 
Length of domains: 664
Time: pickout 0.0181    decision 0.5416    set_bounds 0.1322    solve 0.3589    add 0.0681    
Accumulated time: pickout 0.1586    decision 6.0387    set_bounds 0.3840    solve 5.7812    add 0.8762    
Current (lb-rhs): -0.5637931227684021
3233 domains visited
Cumulative time: 14.004808187484741

BaB round 22
batch: 256
splitting decisions: 
split level 0: [/input-72, 174] [/input-40, 6009] [/input-72, 191] [/input-32, 5406] [/input-40, 5806] [/input-40, 4995] [/input-40, 6009] [/input-40, 6009] [/input-32, 5406] [/input-40, 6009] 
pruning_in_iteration open status: True
ratio of positive domain = 181 / 512 = 0.353515625
pruning-in-iteration extra time: 0.007862091064453125
Time: prepare 0.0153    bound 0.3704    transfer 0.1065    finalize 0.0055    func 0.4978    
Accumulated time: func 6.2770    prepare 0.1533    bound 4.7067    transfer 1.2002    finalize 0.2270    
Current worst splitting domains lb-rhs (depth):
-0.56379 (19), -0.54558 (19), -0.54519 (19), -0.51799 (19), -0.51595 (21), -0.51277 (19), -0.50242 (21), -0.50240 (19), -0.49840 (21), -0.49104 (19), -0.47642 (21), -0.47063 (19), -0.45933 (20), -0.45215 (21), -0.44857 (18), -0.44497 (20), -0.44374 (20), -0.44334 (21), -0.43322 (18), -0.42502 (21), 
Length of domains: 739
Time: pickout 0.0089    decision 0.5452    set_bounds 0.0121    solve 0.4980    add 0.0732    
Accumulated time: pickout 0.1675    decision 6.5840    set_bounds 0.3961    solve 6.2792    add 0.9494    
Current (lb-rhs): -0.5637931227684021
3564 domains visited
Cumulative time: 15.15139889717102

BaB round 23
batch: 256
splitting decisions: 
split level 0: [/input-40, 6009] [/input-40, 6009] [/input-40, 6009] [/input-40, 4996] [/input-72, 48] [/input-40, 5806] [/input-40, 6009] [/input-40, 6009] [/input-40, 6009] [/input-40, 6009] 
pruning_in_iteration open status: True
ratio of positive domain = 132 / 512 = 0.2578125
pruning-in-iteration extra time: 0.00948643684387207
Time: prepare 0.0157    bound 0.3917    transfer 0.1105    finalize 0.0083    func 0.5263    
Accumulated time: func 6.8032    prepare 0.1696    bound 5.0984    transfer 1.3107    finalize 0.2354    
Current worst splitting domains lb-rhs (depth):
-0.56379 (19), -0.54558 (19), -0.54519 (19), -0.51799 (19), -0.51595 (21), -0.51277 (19), -0.50242 (21), -0.50240 (19), -0.49840 (21), -0.49104 (19), -0.47642 (21), -0.47063 (19), -0.45933 (20), -0.45215 (21), -0.44857 (18), -0.44497 (20), -0.44374 (20), -0.44334 (21), -0.43322 (18), -0.42502 (21), 
Length of domains: 863
Time: pickout 0.0093    decision 0.5383    set_bounds 0.0112    solve 0.5265    add 0.1361    
Accumulated time: pickout 0.1768    decision 7.1222    set_bounds 0.4073    solve 6.8057    add 1.0855    
Current (lb-rhs): -0.5637931227684021
3944 domains visited
Cumulative time: 16.381553411483765

BaB round 24
batch: 256
splitting decisions: 
split level 0: [/input-40, 5806] [/input-72, 48] [/input-32, 5406] [/input-72, 48] [/input-72, 191] [/input-72, 48] [/input-72, 48] [/input-72, 191] [/input-72, 48] [/input-40, 2848] 
pruning_in_iteration open status: True
ratio of positive domain = 151 / 512 = 0.294921875
pruning-in-iteration extra time: 0.005338907241821289
Time: prepare 0.0160    bound 0.3926    transfer 0.1138    finalize 0.0099    func 0.5324    
Accumulated time: func 7.3356    prepare 0.1862    bound 5.4910    transfer 1.4245    finalize 0.2453    
Current worst splitting domains lb-rhs (depth):
-0.56379 (19), -0.54558 (19), -0.54519 (19), -0.51799 (19), -0.51595 (21), -0.51277 (19), -0.50242 (21), -0.50240 (19), -0.49840 (21), -0.49104 (19), -0.47642 (21), -0.47063 (19), -0.45933 (20), -0.45215 (21), -0.44857 (18), -0.44497 (20), -0.44374 (20), -0.44334 (21), -0.43322 (18), -0.42502 (21), 
Length of domains: 968
Time: pickout 0.0100    decision 0.4577    set_bounds 0.1361    solve 0.5325    add 0.1251    
Accumulated time: pickout 0.1867    decision 7.5799    set_bounds 0.5434    solve 7.3382    add 1.2106    
Current (lb-rhs): -0.5637931227684021
4305 domains visited
Cumulative time: 17.652530431747437

BaB round 25
batch: 256
splitting decisions: 
split level 0: [/input-72, 115] [/input-72, 191] [/input-72, 48] [/input-32, 5406] [/input-72, 48] [/input-72, 115] [/input-40, 5806] [/input-40, 5806] [/input-72, 48] [/input-72, 115] 
pruning_in_iteration open status: True
ratio of positive domain = 151 / 512 = 0.294921875
pruning-in-iteration extra time: 0.006647825241088867
Time: prepare 0.0167    bound 0.3772    transfer 0.1097    finalize 0.0055    func 0.5092    
Accumulated time: func 7.8447    prepare 0.2035    bound 5.8682    transfer 1.5342    finalize 0.2507    
Current worst splitting domains lb-rhs (depth):
-0.56379 (19), -0.54558 (19), -0.54519 (19), -0.51799 (19), -0.51595 (21), -0.51277 (19), -0.50242 (21), -0.50240 (19), -0.49840 (21), -0.49104 (19), -0.47642 (21), -0.47063 (19), -0.45933 (20), -0.45215 (21), -0.44857 (18), -0.44497 (20), -0.44374 (20), -0.44334 (21), -0.43322 (18), -0.42502 (21), 
Length of domains: 1073
Time: pickout 0.0095    decision 0.5366    set_bounds 0.0113    solve 0.5093    add 0.5346    
Accumulated time: pickout 0.1962    decision 8.1165    set_bounds 0.5547    solve 7.8476    add 1.7452    
Current (lb-rhs): -0.5637931227684021
4666 domains visited
Cumulative time: 19.25991201400757

BaB round 26
batch: 256
splitting decisions: 
split level 0: [/input-72, 48] [/input-72, 115] [/input-40, 6009] [/input-40, 4996] [/input-40, 652] [/input-72, 115] [/input-40, 4996] [/input-40, 3967] [/input-72, 191] [/input-72, 191] 
pruning_in_iteration open status: True
ratio of positive domain = 165 / 512 = 0.322265625
pruning-in-iteration extra time: 0.0024166107177734375
Time: prepare 0.0162    bound 0.2655    transfer 0.1045    finalize 0.0093    func 0.3956    
Accumulated time: func 8.2403    prepare 0.2204    bound 6.1337    transfer 1.6387    finalize 0.2601    
Current worst splitting domains lb-rhs (depth):
-0.56379 (19), -0.54558 (19), -0.54519 (19), -0.51799 (19), -0.51595 (21), -0.51277 (19), -0.50242 (21), -0.50240 (19), -0.49840 (21), -0.49104 (19), -0.47642 (21), -0.47063 (19), -0.45933 (20), -0.45215 (21), -0.44857 (18), -0.44497 (20), -0.44374 (20), -0.44334 (21), -0.43322 (18), -0.42502 (21), 
Length of domains: 1164
Time: pickout 0.0206    decision 0.6501    set_bounds 0.0109    solve 0.3957    add 0.1111    
Accumulated time: pickout 0.2169    decision 8.7666    set_bounds 0.5656    solve 8.2433    add 1.8563    
Current (lb-rhs): -0.5637931227684021
5013 domains visited
Cumulative time: 20.454544067382812

BaB round 27
batch: 256
splitting decisions: 
split level 0: [/input-72, 115] [/input-72, 115] [/input-40, 2848] [/input-72, 191] [/input-40, 4995] [/input-72, 115] [/input-32, 5406] [/input-40, 3967] [/input-72, 115] [/input-72, 115] 
pruning_in_iteration open status: True
ratio of positive domain = 155 / 512 = 0.302734375
pruning-in-iteration extra time: 0.003940105438232422
Time: prepare 0.0162    bound 0.2565    transfer 0.1196    finalize 0.0112    func 0.4036    
Accumulated time: func 8.6439    prepare 0.2372    bound 6.3902    transfer 1.7583    finalize 0.2713    
Current worst splitting domains lb-rhs (depth):
-0.56379 (19), -0.54558 (19), -0.54519 (19), -0.51799 (19), -0.51595 (21), -0.51277 (19), -0.50242 (21), -0.50240 (19), -0.49840 (21), -0.49104 (19), -0.47642 (21), -0.47063 (19), -0.45933 (20), -0.45215 (21), -0.44857 (18), -0.44497 (20), -0.44374 (20), -0.44334 (21), -0.43322 (18), -0.42502 (21), 
Length of domains: 1265
Time: pickout 0.0237    decision 0.7053    set_bounds 0.0107    solve 0.4037    add 0.0758    
Accumulated time: pickout 0.2406    decision 9.4719    set_bounds 0.5763    solve 8.6470    add 1.9321    
Current (lb-rhs): -0.5637931227684021
5370 domains visited
Cumulative time: 21.680729389190674

BaB round 28
batch: 256
splitting decisions: 
split level 0: [/input-16, 22420] [/input-40, 659] [/input-72, 191] [/input-72, 115] [/input-40, 4996] [/input-40, 1397] [/input-72, 95] [/input-40, 1397] [/input-16, 7957] [/input-40, 4996] 
pruning_in_iteration open status: True
ratio of positive domain = 147 / 512 = 0.287109375
pruning-in-iteration extra time: 0.009279966354370117
Time: prepare 0.0161    bound 0.3441    transfer 0.1053    finalize 0.0063    func 0.4718    
Accumulated time: func 9.1157    prepare 0.2539    bound 6.7343    transfer 1.8636    finalize 0.2776    
Current worst splitting domains lb-rhs (depth):
-0.56379 (19), -0.54558 (19), -0.54519 (19), -0.51799 (19), -0.51595 (21), -0.51277 (19), -0.50242 (21), -0.50240 (19), -0.49840 (21), -0.49104 (19), -0.47642 (21), -0.47063 (19), -0.45933 (20), -0.45215 (21), -0.44857 (18), -0.44497 (20), -0.44374 (20), -0.44334 (21), -0.43322 (18), -0.42502 (21), 
Length of domains: 1374
Time: pickout 0.0251    decision 0.7282    set_bounds 0.1462    solve 0.4719    add 0.1233    
Accumulated time: pickout 0.2657    decision 10.2001    set_bounds 0.7225    solve 9.1189    add 2.0554    
Current (lb-rhs): -0.5637931227684021
5735 domains visited
Cumulative time: 23.181230068206787

BaB round 29
batch: 256
splitting decisions: 
split level 0: [/input-32, 5406] [/input-72, 115] [/input-40, 1397] [/input-32, 5406] [/input-72, 95] [/input-40, 659] [/input-16, 22420] [/input-40, 4994] [/input-72, 184] [/input-40, 4996] 
pruning_in_iteration open status: True
ratio of positive domain = 133 / 512 = 0.259765625
pruning-in-iteration extra time: 0.006429910659790039
Time: prepare 0.0175    bound 0.3003    transfer 0.1213    finalize 0.0069    func 0.4460    
Accumulated time: func 9.5617    prepare 0.2720    bound 7.0346    transfer 1.9849    finalize 0.2844    
Current worst splitting domains lb-rhs (depth):
-0.56379 (19), -0.54558 (19), -0.54519 (19), -0.51799 (19), -0.51595 (21), -0.51277 (19), -0.50242 (21), -0.50240 (19), -0.49840 (21), -0.49104 (19), -0.47642 (21), -0.47063 (19), -0.45933 (20), -0.45215 (21), -0.44857 (18), -0.44497 (20), -0.44374 (20), -0.44334 (21), -0.43322 (18), -0.42502 (21), 
Length of domains: 1497
Time: pickout 0.0252    decision 0.6155    set_bounds 0.0109    solve 0.4461    add 0.0816    
Accumulated time: pickout 0.2909    decision 10.8156    set_bounds 0.7333    solve 9.5651    add 2.1369    
Current (lb-rhs): -0.5637931227684021
6114 domains visited
Cumulative time: 24.367345333099365

BaB round 30
batch: 256
splitting decisions: 
split level 0: [/input-40, 4988] [/input-72, 95] [/input-40, 659] [/input-72, 115] [/input-40, 3967] [/input-16, 22420] [/input-32, 10663] [/input-40, 1397] [/input-40, 2399] [/input-16, 7957] 
pruning_in_iteration open status: True
ratio of positive domain = 128 / 512 = 0.25
pruning-in-iteration extra time: 0.006602287292480469
Time: prepare 0.0164    bound 0.3122    transfer 0.1204    finalize 0.0062    func 0.4552    
Accumulated time: func 10.0169    prepare 0.2889    bound 7.3468    transfer 2.1052    finalize 0.2906    
Current worst splitting domains lb-rhs (depth):
-0.56379 (19), -0.54558 (19), -0.54519 (19), -0.51799 (19), -0.51595 (21), -0.51277 (19), -0.50242 (21), -0.50240 (19), -0.49840 (21), -0.49104 (19), -0.47642 (21), -0.47063 (19), -0.45933 (20), -0.45215 (21), -0.44857 (18), -0.44497 (20), -0.44374 (20), -0.44334 (21), -0.43322 (18), -0.42502 (21), 
Length of domains: 1625
Time: pickout 0.0214    decision 0.7019    set_bounds 0.0110    solve 0.4553    add 0.1314    
Accumulated time: pickout 0.3122    decision 11.5175    set_bounds 0.7443    solve 10.0204    add 2.2684    
Current (lb-rhs): -0.5637931227684021
6498 domains visited
Cumulative time: 25.695568799972534

BaB round 31
batch: 256
splitting decisions: 
split level 0: [/input-16, 7957] [/input-16, 16542] [/input-72, 115] [/input-40, 2399] [/input-40, 659] [/input-40, 1397] [/input-16, 16542] [/input-40, 3235] [/input-40, 4988] [/input-40, 4776] 
pruning_in_iteration open status: True
ratio of positive domain = 126 / 512 = 0.24609375
pruning-in-iteration extra time: 0.0007123947143554688
Time: prepare 0.0171    bound 0.4094    transfer 0.1184    finalize 0.0142    func 0.5592    
Accumulated time: func 10.5761    prepare 0.3067    bound 7.7563    transfer 2.2237    finalize 0.3048    
Current worst splitting domains lb-rhs (depth):
-0.56379 (19), -0.54558 (19), -0.54519 (19), -0.51799 (19), -0.51595 (21), -0.51277 (19), -0.50242 (21), -0.50240 (19), -0.49840 (21), -0.49104 (19), -0.47642 (21), -0.47063 (19), -0.45933 (20), -0.45215 (21), -0.44857 (18), -0.44497 (20), -0.44374 (20), -0.44334 (21), -0.43322 (18), -0.42502 (21), 
Length of domains: 1755
Time: pickout 0.0277    decision 0.4415    set_bounds 0.0106    solve 0.5594    add 0.1260    
Accumulated time: pickout 0.3399    decision 11.9590    set_bounds 0.7549    solve 10.5798    add 2.3944    
Current (lb-rhs): -0.5637931227684021
6884 domains visited
Cumulative time: 26.86742639541626

BaB round 32
batch: 256
splitting decisions: 
split level 0: [/input-40, 1397] [/input-72, 184] [/input-40, 4995] [/input-40, 659] [/input-40, 1397] [/input-16, 7957] [/input-16, 7178] [/input-72, 184] [/input-40, 4994] [/input-40, 2848] 
pruning_in_iteration open status: True
ratio of positive domain = 143 / 512 = 0.279296875
pruning-in-iteration extra time: 0.009356021881103516
Time: prepare 0.0168    bound 0.3461    transfer 0.1229    finalize 0.0064    func 0.4924    
Accumulated time: func 11.0685    prepare 0.3241    bound 8.1024    transfer 2.3466    finalize 0.3113    
Current worst splitting domains lb-rhs (depth):
-0.56379 (19), -0.54558 (19), -0.54519 (19), -0.51799 (19), -0.51595 (21), -0.51277 (19), -0.50242 (21), -0.50240 (19), -0.49840 (21), -0.49104 (19), -0.47642 (21), -0.47063 (19), -0.45933 (20), -0.45215 (21), -0.44857 (18), -0.44497 (20), -0.44374 (20), -0.44334 (21), -0.43322 (18), -0.42502 (21), 
Length of domains: 1868
Time: pickout 0.0215    decision 0.5557    set_bounds 0.1429    solve 0.4925    add 0.0792    
Accumulated time: pickout 0.3614    decision 12.5147    set_bounds 0.8978    solve 11.0722    add 2.4736    
Current (lb-rhs): -0.5637931227684021
7253 domains visited
Cumulative time: 28.1661434173584

BaB round 33
batch: 256
splitting decisions: 
split level 0: [/input-16, 7178] [/input-16, 7204] [/input-40, 1397] [/input-40, 5805] [/input-16, 22420] [/input-16, 7957] [/input-72, 184] [/input-72, 95] [/input-40, 2848] [/input-40, 4996] 
pruning_in_iteration open status: True
ratio of positive domain = 128 / 512 = 0.25
pruning-in-iteration extra time: 0.004523515701293945
Time: prepare 0.0174    bound 0.3947    transfer 0.1277    finalize 0.0109    func 0.5508    
Accumulated time: func 11.6193    prepare 0.3421    bound 8.4971    transfer 2.4743    finalize 0.3222    
Current worst splitting domains lb-rhs (depth):
-0.56379 (19), -0.54558 (19), -0.54519 (19), -0.51799 (19), -0.51595 (21), -0.51277 (19), -0.50242 (21), -0.50240 (19), -0.49840 (21), -0.49104 (19), -0.47642 (21), -0.47063 (19), -0.45933 (20), -0.45215 (21), -0.44857 (18), -0.44497 (20), -0.44374 (20), -0.44334 (21), -0.43322 (18), -0.42502 (21), 
Length of domains: 1996
Time: pickout 0.0252    decision 0.4483    set_bounds 0.0109    solve 0.5510    add 0.1368    
Accumulated time: pickout 0.3866    decision 12.9631    set_bounds 0.9087    solve 11.6232    add 2.6104    
Current (lb-rhs): -0.5637931227684021
7637 domains visited
Cumulative time: 29.34722661972046

BaB round 34
batch: 256
splitting decisions: 
split level 0: [/input-16, 7204] [/input-40, 3235] [/input-16, 16557] [/input-16, 7971] [/input-40, 6017] [/input-16, 22420] [/input-40, 6017] [/input-40, 659] [/input-40, 1397] [/input-16, 16557] 
pruning_in_iteration open status: True
ratio of positive domain = 129 / 512 = 0.251953125
pruning-in-iteration extra time: 0.008075237274169922
Time: prepare 0.0171    bound 0.3007    transfer 0.1225    finalize 0.0057    func 0.4462    
Accumulated time: func 12.0655    prepare 0.3599    bound 8.7978    transfer 2.5969    finalize 0.3279    
Current worst splitting domains lb-rhs (depth):
-0.56379 (19), -0.54558 (19), -0.54519 (19), -0.51799 (19), -0.51595 (21), -0.51277 (19), -0.50242 (21), -0.50240 (19), -0.49840 (21), -0.49104 (19), -0.47642 (21), -0.47063 (19), -0.45933 (20), -0.45215 (21), -0.44857 (18), -0.44497 (20), -0.44374 (20), -0.44334 (21), -0.43322 (18), -0.42502 (21), 
Length of domains: 2123
Time: pickout 0.0255    decision 0.5202    set_bounds 0.0109    solve 0.4471    add 0.8185    
Accumulated time: pickout 0.4121    decision 13.4832    set_bounds 0.9196    solve 12.0703    add 3.4289    
Current (lb-rhs): -0.5637931227684021
8020 domains visited
Cumulative time: 31.176077604293823

BaB round 35
batch: 256
splitting decisions: 
split level 0: [/input-40, 4996] [/input-40, 828] [/input-16, 7971] [/input-72, 184] [/input-40, 4996] [/input-40, 3965] [/input-16, 7178] [/input-16, 7204] [/input-40, 4996] [/input-40, 2399] 
pruning_in_iteration open status: True
ratio of positive domain = 143 / 512 = 0.279296875
pruning-in-iteration extra time: 0.003490924835205078
Time: prepare 0.0168    bound 0.2679    transfer 0.1229    finalize 0.0107    func 0.4183    
Accumulated time: func 12.4838    prepare 0.3774    bound 9.0657    transfer 2.7197    finalize 0.3386    
Current worst splitting domains lb-rhs (depth):
-0.56379 (19), -0.54558 (19), -0.54519 (19), -0.51799 (19), -0.51595 (21), -0.51277 (19), -0.50242 (21), -0.50240 (19), -0.49840 (21), -0.49104 (19), -0.47642 (21), -0.47063 (19), -0.45933 (20), -0.45215 (21), -0.44857 (18), -0.44497 (20), -0.44374 (20), -0.44334 (21), -0.43322 (18), -0.42502 (21), 
Length of domains: 2236
Time: pickout 0.0244    decision 0.6103    set_bounds 0.0105    solve 0.4184    add 0.1296    
Accumulated time: pickout 0.4365    decision 14.0935    set_bounds 0.9301    solve 12.4887    add 3.5585    
Current (lb-rhs): -0.5637931227684021
8389 domains visited
Cumulative time: 32.37664341926575

BaB round 36
batch: 256
splitting decisions: 
split level 0: [/input-16, 7163] [/input-40, 4995] [/input-72, 95] [/input-40, 4996] [/input-40, 4995] [/input-40, 5805] [/input-16, 22420] [/input-40, 3967] [/input-72, 95] [/input-40, 828] 
pruning_in_iteration open status: True
ratio of positive domain = 152 / 512 = 0.296875
pruning-in-iteration extra time: 0.002667665481567383
Time: prepare 0.0170    bound 0.2670    transfer 0.1284    finalize 0.0068    func 0.4193    
Accumulated time: func 12.9031    prepare 0.3950    bound 9.3327    transfer 2.8481    finalize 0.3454    
Current worst splitting domains lb-rhs (depth):
-0.56379 (19), -0.54558 (19), -0.54519 (19), -0.51799 (19), -0.51595 (21), -0.51277 (19), -0.50242 (21), -0.50240 (19), -0.49840 (21), -0.49104 (19), -0.47642 (21), -0.47063 (19), -0.45933 (20), -0.45215 (21), -0.44857 (18), -0.44497 (20), -0.44374 (20), -0.44334 (21), -0.43322 (18), -0.42502 (21), 
Length of domains: 2340
Time: pickout 0.0252    decision 0.6578    set_bounds 0.0105    solve 0.4195    add 0.1255    
Accumulated time: pickout 0.4617    decision 14.7513    set_bounds 0.9406    solve 12.9082    add 3.6839    
Current (lb-rhs): -0.5637931227684021
8749 domains visited
Cumulative time: 33.6239595413208

BaB round 37
batch: 256
splitting decisions: 
split level 0: [/input-40, 4988] [/input-40, 6017] [/input-72, 95] [/input-16, 7190] [/input-72, 95] [/input-40, 4995] [/input-40, 2399] [/input-16, 22420] [/input-16, 16556] [/input-40, 4988] 
pruning_in_iteration open status: True
ratio of positive domain = 150 / 512 = 0.29296875
pruning-in-iteration extra time: 0.009561777114868164
Time: prepare 0.0175    bound 0.3459    transfer 0.1268    finalize 0.0107    func 0.5010    
Accumulated time: func 13.4041    prepare 0.4131    bound 9.6786    transfer 2.9750    finalize 0.3561    
Current worst splitting domains lb-rhs (depth):
-0.56379 (19), -0.54558 (19), -0.54519 (19), -0.51799 (19), -0.51595 (21), -0.51277 (19), -0.50242 (21), -0.50240 (19), -0.49840 (21), -0.49104 (19), -0.47642 (21), -0.47063 (19), -0.45933 (20), -0.45215 (21), -0.44857 (18), -0.44497 (20), -0.44374 (20), -0.44334 (21), -0.43322 (18), -0.42502 (21), 
Length of domains: 2446
Time: pickout 0.0276    decision 0.6689    set_bounds 0.1674    solve 0.5012    add 0.1217    
Accumulated time: pickout 0.4893    decision 15.4202    set_bounds 1.1080    solve 13.4093    add 3.8056    
Current (lb-rhs): -0.5637931227684021
9111 domains visited
Cumulative time: 35.11941862106323

BaB round 38
batch: 256
splitting decisions: 
split level 0: [/input-40, 4988] [/input-16, 16557] [/input-40, 2399] [/input-40, 659] [/input-40, 2399] [/input-72, 184] [/input-16, 22420] [/input-16, 7204] [/input-40, 4988] [/input-16, 22420] 
pruning_in_iteration open status: True
ratio of positive domain = 133 / 512 = 0.259765625
pruning-in-iteration extra time: 0.0024306774139404297
Time: prepare 0.0175    bound 0.3677    transfer 0.1279    finalize 0.0142    func 0.5274    
Accumulated time: func 13.9315    prepare 0.4313    bound 10.0464    transfer 3.1029    finalize 0.3703    
Current worst splitting domains lb-rhs (depth):
-0.56379 (19), -0.54558 (19), -0.54519 (19), -0.51799 (19), -0.51595 (21), -0.51277 (19), -0.50242 (21), -0.50240 (19), -0.49840 (21), -0.49104 (19), -0.47642 (21), -0.47063 (19), -0.45933 (20), -0.45215 (21), -0.44857 (18), -0.44497 (20), -0.44374 (20), -0.44334 (21), -0.43322 (18), -0.42502 (21), 
Length of domains: 2569
Time: pickout 0.0288    decision 0.4460    set_bounds 0.0220    solve 0.5276    add 0.1328    
Accumulated time: pickout 0.5180    decision 15.8663    set_bounds 1.1300    solve 13.9369    add 3.9384    
Current (lb-rhs): -0.5637931227684021
9490 domains visited
Cumulative time: 36.285329818725586

BaB round 39
batch: 256
splitting decisions: 
split level 0: [/input-16, 22420] [/input-16, 7178] [/input-40, 5805] [/input-72, 184] [/input-72, 149] [/input-16, 7178] [/input-16, 16556] [/input-40, 4776] [/input-40, 659] [/input-16, 22420] 
pruning_in_iteration open status: True
ratio of positive domain = 128 / 512 = 0.25
pruning-in-iteration extra time: 0.004545688629150391
Time: prepare 0.0174    bound 0.3927    transfer 0.1282    finalize 0.0068    func 0.5451    
Accumulated time: func 14.4767    prepare 0.4493    bound 10.4391    transfer 3.2310    finalize 0.3771    
Current worst splitting domains lb-rhs (depth):
-0.56379 (19), -0.54558 (19), -0.54519 (19), -0.51799 (19), -0.51595 (21), -0.51277 (19), -0.50242 (21), -0.50240 (19), -0.49840 (21), -0.49104 (19), -0.47642 (21), -0.47063 (19), -0.45933 (20), -0.45215 (21), -0.44857 (18), -0.44497 (20), -0.44374 (20), -0.44334 (21), -0.43322 (18), -0.42502 (21), 
Length of domains: 2697
Time: pickout 0.0238    decision 0.4468    set_bounds 0.0106    solve 0.5453    add 0.1302    
Accumulated time: pickout 0.5418    decision 16.3130    set_bounds 1.1406    solve 14.4822    add 4.0686    
Current (lb-rhs): -0.5637931227684021
9874 domains visited
Cumulative time: 37.448742389678955

BaB round 40
batch: 256
splitting decisions: 
split level 0: [/input-72, 149] [/input-40, 5805] [/input-16, 16542] [/input-16, 22408] [/input-32, 10663] [/input-16, 22420] [/input-40, 4988] [/input-16, 7178] [/input-72, 184] [/input-16, 22420] 
pruning_in_iteration open status: True
ratio of positive domain = 149 / 512 = 0.291015625
pruning-in-iteration extra time: 0.0023584365844726562
Time: prepare 0.0183    bound 0.3509    transfer 0.1228    finalize 0.0144    func 0.5065    
Accumulated time: func 14.9831    prepare 0.4683    bound 10.7900    transfer 3.3538    finalize 0.3915    
Current worst splitting domains lb-rhs (depth):
-0.56379 (19), -0.54558 (19), -0.54519 (19), -0.51799 (19), -0.51595 (21), -0.51277 (19), -0.50242 (21), -0.50240 (19), -0.49840 (21), -0.49104 (19), -0.47642 (21), -0.47063 (19), -0.45933 (20), -0.45215 (21), -0.44857 (18), -0.44497 (20), -0.44374 (20), -0.44334 (21), -0.43322 (18), -0.42502 (21), 
Length of domains: 2804
Time: pickout 0.0152    decision 0.4320    set_bounds 0.0211    solve 0.5066    add 0.1223    
Accumulated time: pickout 0.5571    decision 16.7450    set_bounds 1.1618    solve 14.9889    add 4.1909    
Current (lb-rhs): -0.5637931227684021
10237 domains visited
Cumulative time: 38.55301833152771

BaB round 41
batch: 256
splitting decisions: 
split level 0: [/input-16, 7178] [/input-16, 7178] [/input-40, 5823] [/input-16, 16542] [/input-16, 16542] [/input-40, 3235] [/input-16, 16556] [/input-16, 16557] [/input-72, 4] [/input-16, 16557] 
pruning_in_iteration open status: True
ratio of positive domain = 164 / 512 = 0.3203125
pruning-in-iteration extra time: 0.0029587745666503906
Time: prepare 0.0171    bound 0.3185    transfer 0.1219    finalize 0.1660    func 0.6236    
Accumulated time: func 15.6067    prepare 0.4860    bound 11.1084    transfer 3.4758    finalize 0.5575    
Current worst splitting domains lb-rhs (depth):
-0.56379 (19), -0.54558 (19), -0.54519 (19), -0.51799 (19), -0.51595 (21), -0.51277 (19), -0.50242 (21), -0.50240 (19), -0.49840 (21), -0.49104 (19), -0.47642 (21), -0.47063 (19), -0.45933 (20), -0.45215 (21), -0.44857 (18), -0.44497 (20), -0.44374 (20), -0.44334 (21), -0.43322 (18), -0.42502 (21), 
Length of domains: 2896
Time: pickout 0.0216    decision 0.4867    set_bounds 0.0107    solve 0.6238    add 0.1164    
Accumulated time: pickout 0.5787    decision 17.2316    set_bounds 1.1725    solve 15.6126    add 4.3073    
Current (lb-rhs): -0.5637931227684021
10585 domains visited
Cumulative time: 39.81917905807495

BaB round 42
batch: 256
splitting decisions: 
split level 0: [/input-16, 16556] [/input-16, 7957] [/input-16, 16556] [/input-72, 137] [/input-16, 7178] [/input-16, 16557] [/input-16, 7178] [/input-16, 16557] [/input-16, 16542] [/input-40, 5805] 
pruning_in_iteration open status: True
ratio of positive domain = 185 / 512 = 0.361328125
pruning-in-iteration extra time: 0.00808262825012207
Time: prepare 0.0183    bound 0.3571    transfer 0.1389    finalize 0.0073    func 0.5217    
Accumulated time: func 16.1284    prepare 0.5049    bound 11.4656    transfer 3.6147    finalize 0.5648    
Current worst splitting domains lb-rhs (depth):
-0.56379 (19), -0.54558 (19), -0.54519 (19), -0.51799 (19), -0.51595 (21), -0.51277 (19), -0.50242 (21), -0.50240 (19), -0.49840 (21), -0.49104 (19), -0.47642 (21), -0.47063 (19), -0.45933 (20), -0.45215 (21), -0.44857 (18), -0.44497 (20), -0.44374 (20), -0.44334 (21), -0.43322 (18), -0.42502 (21), 
Length of domains: 2967
Time: pickout 0.0282    decision 0.4287    set_bounds 0.0107    solve 0.5218    add 0.0757    
Accumulated time: pickout 0.6068    decision 17.6604    set_bounds 1.1832    solve 16.1344    add 4.3829    
Current (lb-rhs): -0.5637931227684021
10912 domains visited
Cumulative time: 40.89592146873474

BaB round 43
batch: 256
splitting decisions: 
split level 0: [/input-16, 16557] [/input-16, 16556] [/input-72, 149] [/input-72, 149] [/input-16, 16557] [/input-16, 16556] [/input-16, 16557] [/input-40, 2399] [/input-16, 22420] [/input-72, 95] 
pruning_in_iteration open status: True
ratio of positive domain = 191 / 512 = 0.373046875
pruning-in-iteration extra time: 0.003526926040649414
Time: prepare 0.0180    bound 0.2565    transfer 0.1288    finalize 0.0061    func 0.4096    
Accumulated time: func 16.5379    prepare 0.5235    bound 11.7221    transfer 3.7435    finalize 0.5709    
Current worst splitting domains lb-rhs (depth):
-0.56379 (19), -0.54558 (19), -0.54519 (19), -0.51799 (19), -0.51595 (21), -0.51277 (19), -0.50242 (21), -0.50240 (19), -0.49840 (21), -0.49104 (19), -0.47642 (21), -0.47063 (19), -0.45933 (20), -0.45215 (21), -0.44857 (18), -0.44497 (20), -0.44374 (20), -0.44334 (21), -0.43322 (18), -0.42502 (21), 
Length of domains: 3032
Time: pickout 0.0235    decision 0.5939    set_bounds 0.0109    solve 0.4097    add 0.0723    
Accumulated time: pickout 0.6303    decision 18.2543    set_bounds 1.1940    solve 16.5441    add 4.4553    
Current (lb-rhs): -0.5637931227684021
11233 domains visited
Cumulative time: 42.01767921447754

BaB round 44
batch: 256
splitting decisions: 
split level 0: [/input-40, 3235] [/input-16, 16556] [/input-16, 16556] [/input-40, 4776] [/input-16, 16542] [/input-16, 22420] [/input-40, 4994] [/input-40, 2397] [/input-16, 16556] [/input-40, 5805] 
pruning_in_iteration open status: True
ratio of positive domain = 200 / 512 = 0.390625
pruning-in-iteration extra time: 0.0031092166900634766
Time: prepare 0.0181    bound 0.2631    transfer 0.1354    finalize 0.0061    func 0.4227    
Accumulated time: func 16.9607    prepare 0.5422    bound 11.9852    transfer 3.8789    finalize 0.5770    
Current worst splitting domains lb-rhs (depth):
-0.56379 (19), -0.54558 (19), -0.54519 (19), -0.51799 (19), -0.51595 (21), -0.51277 (19), -0.50242 (21), -0.50240 (19), -0.49840 (21), -0.49104 (19), -0.47642 (21), -0.47063 (19), -0.45933 (20), -0.45215 (21), -0.44857 (18), -0.44497 (20), -0.44374 (20), -0.44334 (21), -0.43322 (18), -0.42502 (21), 
Length of domains: 3088
Time: pickout 0.0292    decision 0.7098    set_bounds 0.0110    solve 0.4229    add 0.0738    
Accumulated time: pickout 0.6595    decision 18.9641    set_bounds 1.2050    solve 16.9670    add 4.5291    
Current (lb-rhs): -0.5637931227684021
11545 domains visited
Cumulative time: 43.27595853805542

BaB round 45
batch: 256
splitting decisions: 
split level 0: [/input-16, 7971] [/input-16, 16556] [/input-40, 2644] [/input-16, 7971] [/input-72, 149] [/input-16, 22420] [/input-16, 7957] [/input-72, 149] [/input-16, 22433] [/input-16, 22420] 
pruning_in_iteration open status: True
ratio of positive domain = 198 / 512 = 0.38671875
pruning-in-iteration extra time: 0.004398822784423828
Time: prepare 0.0181    bound 0.2518    transfer 0.1329    finalize 0.0068    func 0.4097    
Accumulated time: func 17.3703    prepare 0.5610    bound 12.2370    transfer 4.0118    finalize 0.5838    
Current worst splitting domains lb-rhs (depth):
-0.56379 (19), -0.54558 (19), -0.54519 (19), -0.51799 (19), -0.51595 (21), -0.51277 (19), -0.50242 (21), -0.50240 (19), -0.49840 (21), -0.49104 (19), -0.47642 (21), -0.47063 (19), -0.45933 (20), -0.45215 (21), -0.44857 (18), -0.44497 (20), -0.44374 (20), -0.44334 (21), -0.43322 (18), -0.42502 (21), 
Length of domains: 3146
Time: pickout 0.0236    decision 0.7196    set_bounds 0.0121    solve 0.4098    add 0.0708    
Accumulated time: pickout 0.6831    decision 19.6837    set_bounds 1.2171    solve 17.3768    add 4.5999    
Current (lb-rhs): -0.5637931227684021
11859 domains visited
Cumulative time: 44.52391815185547

BaB round 46
batch: 256
splitting decisions: 
split level 0: [/input-72, 88] [/input-40, 4995] [/input-40, 4988] [/input-16, 16556] [/input-16, 22420] [/input-16, 16556] [/input-40, 4994] [/input-16, 16556] [/input-16, 16542] [/input-40, 5823] 
pruning_in_iteration open status: True
ratio of positive domain = 207 / 512 = 0.404296875
pruning-in-iteration extra time: 0.010735273361206055
Time: prepare 0.0181    bound 0.3192    transfer 0.1285    finalize 0.0100    func 0.4768    
Accumulated time: func 17.8471    prepare 0.5798    bound 12.5562    transfer 4.1404    finalize 0.5938    
Current worst splitting domains lb-rhs (depth):
-0.56379 (19), -0.54558 (19), -0.54519 (19), -0.51799 (19), -0.51595 (21), -0.51277 (19), -0.50242 (21), -0.50240 (19), -0.49840 (21), -0.49104 (19), -0.47642 (21), -0.47063 (19), -0.45933 (20), -0.45215 (21), -0.44857 (18), -0.44497 (20), -0.44374 (20), -0.44334 (21), -0.43322 (18), -0.42502 (21), 
Length of domains: 3195
Time: pickout 0.0231    decision 0.7275    set_bounds 0.1860    solve 0.4769    add 0.0664    
Accumulated time: pickout 0.7062    decision 20.4112    set_bounds 1.4031    solve 17.8537    add 4.6663    
Current (lb-rhs): -0.5637931227684021
12164 domains visited
Cumulative time: 46.01548171043396

BaB round 47
batch: 256
splitting decisions: 
split level 0: [/input-40, 2397] [/input-40, 5622] [/input-16, 22420] [/input-72, 88] [/input-72, 88] [/input-40, 4988] [/input-16, 16556] [/input-72, 88] [/input-16, 16542] [/input-72, 88] 
pruning_in_iteration open status: True
ratio of positive domain = 210 / 512 = 0.41015625
pruning-in-iteration extra time: 0.0035886764526367188
Time: prepare 0.0171    bound 0.2348    transfer 0.1285    finalize 0.0068    func 0.3872    
Accumulated time: func 18.2343    prepare 0.5975    bound 12.7911    transfer 4.2688    finalize 0.6006    
Current worst splitting domains lb-rhs (depth):
-0.56379 (19), -0.54558 (19), -0.54519 (19), -0.51799 (19), -0.51595 (21), -0.51277 (19), -0.50242 (21), -0.50240 (19), -0.49840 (21), -0.49104 (19), -0.47642 (21), -0.47063 (19), -0.45933 (20), -0.45215 (21), -0.44857 (18), -0.44497 (20), -0.44374 (20), -0.44334 (21), -0.43322 (18), -0.42502 (21), 
Length of domains: 3241
Time: pickout 0.0207    decision 0.6308    set_bounds 0.0111    solve 0.3874    add 0.0646    
Accumulated time: pickout 0.7269    decision 21.0420    set_bounds 1.4142    solve 18.2411    add 4.7309    
Current (lb-rhs): -0.5637931227684021
12466 domains visited
Cumulative time: 47.14189147949219

BaB round 48
batch: 256
splitting decisions: 
split level 0: [/input-40, 5805] [/input-40, 3235] [/input-40, 1394] [/input-16, 22437] [/input-40, 3235] [/input-40, 2397] [/input-16, 22408] [/input-72, 149] [/input-16, 7163] [/input-16, 22408] 
pruning_in_iteration open status: True
ratio of positive domain = 218 / 512 = 0.42578125
pruning-in-iteration extra time: 0.003436565399169922
Time: prepare 0.0178    bound 0.2363    transfer 0.1341    finalize 0.0135    func 0.4017    
Accumulated time: func 18.6360    prepare 0.6159    bound 13.0273    transfer 4.4029    finalize 0.6141    
Current worst splitting domains lb-rhs (depth):
-0.56379 (19), -0.54558 (19), -0.54519 (19), -0.51799 (19), -0.51595 (21), -0.51277 (19), -0.50242 (21), -0.50240 (19), -0.49840 (21), -0.49104 (19), -0.47642 (21), -0.47063 (19), -0.45933 (20), -0.45215 (21), -0.44857 (18), -0.44497 (20), -0.44374 (20), -0.44334 (21), -0.43322 (18), -0.42502 (21), 
Length of domains: 3279
Time: pickout 0.0236    decision 0.7145    set_bounds 0.0132    solve 0.4018    add 0.0683    
Accumulated time: pickout 0.7505    decision 21.7565    set_bounds 1.4274    solve 18.6429    add 4.7992    
Current (lb-rhs): -0.5637931227684021
12760 domains visited
Cumulative time: 48.37534427642822

BaB round 49
batch: 256
splitting decisions: 
split level 0: [/input-40, 2399] [/input-16, 22408] [/input-72, 149] [/input-16, 7971] [/input-40, 2643] [/input-40, 1394] [/input-40, 2397] [/input-40, 4988] [/input-72, 149] [/input-40, 5805] 
pruning_in_iteration open status: True
ratio of positive domain = 224 / 512 = 0.4375
pruning-in-iteration extra time: 0.004068613052368164
Time: prepare 0.0180    bound 0.2462    transfer 0.1293    finalize 0.0063    func 0.3998    
Accumulated time: func 19.0358    prepare 0.6346    bound 13.2735    transfer 4.5321    finalize 0.6203    
Current worst splitting domains lb-rhs (depth):
-0.56379 (19), -0.54558 (19), -0.54519 (19), -0.51799 (19), -0.51595 (21), -0.51277 (19), -0.50242 (21), -0.50240 (19), -0.49840 (21), -0.49104 (19), -0.47642 (21), -0.47063 (19), -0.45933 (20), -0.45215 (21), -0.44857 (18), -0.44497 (20), -0.44374 (20), -0.44334 (21), -0.43322 (18), -0.42502 (21), 
Length of domains: 3311
Time: pickout 0.0238    decision 0.7357    set_bounds 0.0120    solve 0.4009    add 0.0629    
Accumulated time: pickout 0.7743    decision 22.4923    set_bounds 1.4395    solve 19.0438    add 4.8622    
Current (lb-rhs): -0.5637931227684021
13048 domains visited
Cumulative time: 49.62246823310852

BaB round 50
batch: 256
splitting decisions: 
split level 0: [/input-40, 828] [/input-16, 7163] [/input-72, 149] [/input-16, 16557] [/input-72, 149] [/input-40, 5805] [/input-40, 2397] [/input-16, 22408] [/input-40, 3235] [/input-16, 7163] 
pruning_in_iteration open status: True
ratio of positive domain = 221 / 512 = 0.431640625
pruning-in-iteration extra time: 0.003322124481201172
Time: prepare 0.0174    bound 0.2359    transfer 0.1285    finalize 0.0152    func 0.3971    
Accumulated time: func 19.4329    prepare 0.6526    bound 13.5095    transfer 4.6607    finalize 0.6355    
Current worst splitting domains lb-rhs (depth):
-0.56379 (19), -0.54558 (19), -0.54519 (19), -0.51799 (19), -0.51595 (21), -0.51277 (19), -0.50242 (21), -0.50240 (19), -0.49840 (21), -0.49104 (19), -0.47642 (21), -0.47063 (19), -0.45933 (20), -0.45215 (21), -0.44857 (18), -0.44497 (20), -0.44374 (20), -0.44334 (21), -0.43322 (18), -0.42502 (21), 
Length of domains: 3346
Time: pickout 0.0280    decision 0.7277    set_bounds 0.0123    solve 0.3972    add 0.0644    
Accumulated time: pickout 0.8023    decision 23.2200    set_bounds 1.4518    solve 19.4411    add 4.9266    
Current (lb-rhs): -0.5637931227684021
13339 domains visited
Cumulative time: 50.864118337631226

BaB round 51
batch: 256
splitting decisions: 
split level 0: [/input-40, 2397] [/input-72, 4] [/input-40, 4776] [/input-16, 22420] [/input-40, 5805] [/input-72, 149] [/input-16, 7971] [/input-40, 5823] [/input-40, 3235] [/input-16, 7163] 
pruning_in_iteration open status: True
ratio of positive domain = 252 / 512 = 0.4921875
pruning-in-iteration extra time: 0.0029439926147460938
Time: prepare 0.0172    bound 0.2202    transfer 0.1309    finalize 0.0088    func 0.3772    
Accumulated time: func 19.8101    prepare 0.6705    bound 13.7296    transfer 4.7916    finalize 0.6443    
Current worst splitting domains lb-rhs (depth):
-0.56379 (19), -0.54558 (19), -0.54519 (19), -0.51799 (19), -0.51595 (21), -0.51277 (19), -0.50242 (21), -0.50240 (19), -0.49840 (21), -0.49104 (19), -0.47642 (21), -0.47063 (19), -0.45933 (20), -0.45215 (21), -0.44857 (18), -0.44497 (20), -0.44374 (20), -0.44334 (21), -0.43322 (18), -0.42502 (21), 
Length of domains: 3350
Time: pickout 0.0284    decision 0.5451    set_bounds 0.0111    solve 0.3773    add 0.0629    
Accumulated time: pickout 0.8307    decision 23.7651    set_bounds 1.4629    solve 19.8184    add 4.9895    
Current (lb-rhs): -0.5637931227684021
13599 domains visited
Cumulative time: 51.901225566864014

BaB round 52
batch: 256
splitting decisions: 
split level 0: [/input-40, 5805] [/input-16, 22408] [/input-40, 3235] [/input-16, 22408] [/input-40, 2397] [/input-16, 22408] [/input-16, 7163] [/input-16, 7163] [/input-72, 149] [/input-16, 22408] 
pruning_in_iteration open status: True
ratio of positive domain = 251 / 512 = 0.490234375
pruning-in-iteration extra time: 0.009970903396606445
Time: prepare 0.0176    bound 0.2958    transfer 0.1277    finalize 0.0101    func 0.4514    
Accumulated time: func 20.2615    prepare 0.6887    bound 14.0255    transfer 4.9193    finalize 0.6544    
Current worst splitting domains lb-rhs (depth):
-0.56379 (19), -0.54558 (19), -0.54519 (19), -0.51799 (19), -0.51595 (21), -0.51277 (19), -0.50242 (21), -0.50240 (19), -0.49840 (21), -0.49104 (19), -0.47642 (21), -0.47063 (19), -0.45933 (20), -0.45215 (21), -0.44857 (18), -0.44497 (20), -0.44374 (20), -0.44334 (21), -0.43322 (18), -0.42502 (21), 
Length of domains: 3355
Time: pickout 0.0232    decision 0.7182    set_bounds 0.2140    solve 0.4516    add 0.0603    
Accumulated time: pickout 0.8539    decision 24.4833    set_bounds 1.6769    solve 20.2700    add 5.0498    
Current (lb-rhs): -0.5637931227684021
13860 domains visited
Cumulative time: 53.38074254989624

BaB round 53
batch: 256
splitting decisions: 
split level 0: [/input-16, 22408] [/input-40, 3235] [/input-40, 2397] [/input-16, 22408] [/input-72, 149] [/input-40, 2397] [/input-40, 5823] [/input-40, 4753] [/input-16, 7163] [/input-40, 4753] 
pruning_in_iteration open status: True
ratio of positive domain = 253 / 512 = 0.494140625
pruning-in-iteration extra time: 0.010127782821655273
Time: prepare 0.0177    bound 0.3227    transfer 0.1309    finalize 0.0108    func 0.4822    
Accumulated time: func 20.7437    prepare 0.7071    bound 14.3481    transfer 5.0503    finalize 0.6652    
Current worst splitting domains lb-rhs (depth):
-0.56379 (19), -0.54558 (19), -0.54519 (19), -0.51799 (19), -0.51595 (21), -0.51277 (19), -0.50242 (21), -0.50240 (19), -0.49840 (21), -0.49104 (19), -0.47642 (21), -0.47063 (19), -0.45933 (20), -0.45215 (21), -0.44857 (18), -0.44497 (20), -0.44374 (20), -0.44334 (21), -0.43322 (18), -0.42502 (21), 
Length of domains: 3358
Time: pickout 0.0236    decision 0.4434    set_bounds 0.0118    solve 0.4824    add 0.0550    
Accumulated time: pickout 0.8775    decision 24.9267    set_bounds 1.6887    solve 20.7523    add 5.1048    
Current (lb-rhs): -0.5637931227684021
14119 domains visited
Cumulative time: 54.40908217430115

BaB round 54
batch: 256
splitting decisions: 
split level 0: [/input-40, 3235] [/input-40, 4753] [/input-40, 1402] [/input-16, 22408] [/input-40, 5805] [/input-40, 4753] [/input-40, 4753] [/input-40, 5823] [/input-40, 4753] [/input-40, 4753] 
pruning_in_iteration open status: True
ratio of positive domain = 252 / 512 = 0.4921875
pruning-in-iteration extra time: 0.0038743019104003906
Time: prepare 0.0180    bound 0.2273    transfer 0.1257    finalize 0.0088    func 0.3798    
Accumulated time: func 21.1235    prepare 0.7257    bound 14.5755    transfer 5.1759    finalize 0.6740    
Current worst splitting domains lb-rhs (depth):
-0.56379 (19), -0.54558 (19), -0.54519 (19), -0.51799 (19), -0.51595 (21), -0.51277 (19), -0.50242 (21), -0.50240 (19), -0.49840 (21), -0.49104 (19), -0.47642 (21), -0.47063 (19), -0.45933 (20), -0.45215 (21), -0.44857 (18), -0.44497 (20), -0.44374 (20), -0.44334 (21), -0.43322 (18), -0.42502 (21), 
Length of domains: 3362
Time: pickout 0.0236    decision 0.6067    set_bounds 0.0118    solve 0.3800    add 0.0576    
Accumulated time: pickout 0.9011    decision 25.5334    set_bounds 1.7005    solve 21.1323    add 5.1624    
Current (lb-rhs): -0.5637931227684021
14379 domains visited
Cumulative time: 55.50092172622681

BaB round 55
batch: 256
splitting decisions: 
split level 0: [/input-40, 5607] [/input-72, 4] [/input-40, 4753] [/input-40, 5607] [/input-72, 4] [/input-40, 4753] [/input-40, 4753] [/input-40, 4753] [/input-40, 4753] [/input-40, 828] 
pruning_in_iteration open status: True
ratio of positive domain = 256 / 512 = 0.5
pruning-in-iteration extra time: 0.0032317638397216797
Time: prepare 0.0172    bound 0.2102    transfer 0.1284    finalize 0.0147    func 0.3706    
Accumulated time: func 21.4941    prepare 0.7435    bound 14.7857    transfer 5.3043    finalize 0.6887    
Current worst splitting domains lb-rhs (depth):
-0.56379 (19), -0.54558 (19), -0.54519 (19), -0.51799 (19), -0.51595 (21), -0.51277 (19), -0.50242 (21), -0.50240 (19), -0.49840 (21), -0.49104 (19), -0.47642 (21), -0.47063 (19), -0.45933 (20), -0.45215 (21), -0.44857 (18), -0.44497 (20), -0.44374 (20), -0.44334 (21), -0.43322 (18), -0.42502 (21), 
Length of domains: 3362
Time: pickout 0.0217    decision 0.5553    set_bounds 0.0120    solve 0.3708    add 0.0586    
Accumulated time: pickout 0.9228    decision 26.0887    set_bounds 1.7126    solve 21.5031    add 5.2210    
Current (lb-rhs): -0.5637931227684021
14635 domains visited
Cumulative time: 56.531718015670776

BaB round 56
batch: 256
splitting decisions: 
split level 0: [/input-16, 7971] [/input-72, 4] [/input-40, 5805] [/input-40, 5805] [/input-40, 5805] [/input-40, 5607] [/input-72, 4] [/input-40, 2399] [/input-40, 5805] [/input-40, 5607] 
pruning_in_iteration open status: True
ratio of positive domain = 290 / 512 = 0.56640625
pruning-in-iteration extra time: 0.002991914749145508
Time: prepare 0.0189    bound 0.1983    transfer 0.1313    finalize 0.0065    func 0.3551    
Accumulated time: func 21.8492    prepare 0.7631    bound 14.9840    transfer 5.4357    finalize 0.6952    
Current worst splitting domains lb-rhs (depth):
-0.56379 (19), -0.54558 (19), -0.54519 (19), -0.51799 (19), -0.51595 (21), -0.51277 (19), -0.50242 (21), -0.50240 (19), -0.49840 (21), -0.49104 (19), -0.47642 (21), -0.47063 (19), -0.45933 (20), -0.45215 (21), -0.44857 (18), -0.44497 (20), -0.44374 (20), -0.44334 (21), -0.43322 (18), -0.42502 (21), 
Length of domains: 3328
Time: pickout 0.0235    decision 0.7294    set_bounds 0.0135    solve 0.3553    add 0.0543    
Accumulated time: pickout 0.9462    decision 26.8182    set_bounds 1.7261    solve 21.8584    add 5.2752    
Current (lb-rhs): -0.5637931227684021
14857 domains visited
Cumulative time: 57.72086143493652

BaB round 57
batch: 256
splitting decisions: 
split level 0: [/input-72, 149] [/input-40, 4988] [/input-72, 149] [/input-40, 2397] [/input-40, 4776] [/input-40, 2397] [/input-40, 5805] [/input-40, 4753] [/input-40, 2397] [/input-40, 3235] 
pruning_in_iteration open status: True
ratio of positive domain = 263 / 512 = 0.513671875
pruning-in-iteration extra time: 0.002913951873779297
Time: prepare 0.0175    bound 0.2120    transfer 0.1370    finalize 0.0078    func 0.3744    
Accumulated time: func 22.2236    prepare 0.7812    bound 15.1960    transfer 5.5727    finalize 0.7030    
Current worst splitting domains lb-rhs (depth):
-0.56379 (19), -0.54558 (19), -0.54519 (19), -0.51799 (19), -0.51595 (21), -0.51277 (19), -0.50242 (21), -0.50240 (19), -0.49840 (21), -0.49104 (19), -0.47642 (21), -0.47063 (19), -0.45933 (20), -0.45215 (21), -0.44857 (18), -0.44497 (20), -0.44374 (20), -0.44334 (21), -0.43322 (18), -0.42502 (21), 
Length of domains: 3321
Time: pickout 0.0241    decision 0.7403    set_bounds 0.0117    solve 0.3746    add 0.0564    
Accumulated time: pickout 0.9703    decision 27.5585    set_bounds 1.7378    solve 22.2330    add 5.3316    
Current (lb-rhs): -0.5637931227684021
15106 domains visited
Cumulative time: 58.940268993377686

BaB round 58
batch: 256
splitting decisions: 
split level 0: [/input-72, 149] [/input-40, 3235] [/input-40, 5805] [/input-40, 2399] [/input-40, 2399] [/input-32, 10663] [/input-32, 10663] [/input-40, 2397] [/input-16, 7190] [/input-40, 5823] 
pruning_in_iteration open status: True
ratio of positive domain = 236 / 512 = 0.4609375
pruning-in-iteration extra time: 0.00612640380859375
Time: prepare 0.0181    bound 0.3003    transfer 0.1314    finalize 0.0086    func 0.4595    
Accumulated time: func 22.6831    prepare 0.7999    bound 15.4963    transfer 5.7041    finalize 0.7116    
Current worst splitting domains lb-rhs (depth):
-0.56379 (19), -0.54558 (19), -0.54519 (19), -0.51799 (19), -0.51595 (21), -0.51277 (19), -0.50242 (21), -0.50240 (19), -0.49840 (21), -0.49104 (19), -0.47642 (21), -0.47063 (19), -0.45933 (20), -0.45215 (21), -0.44857 (18), -0.44497 (20), -0.44374 (20), -0.44334 (21), -0.43322 (18), -0.42502 (21), 
Length of domains: 3341
Time: pickout 0.0228    decision 0.6035    set_bounds 0.1827    solve 0.4597    add 0.0641    
Accumulated time: pickout 0.9931    decision 28.1620    set_bounds 1.9205    solve 22.6927    add 5.3957    
Current (lb-rhs): -0.5637931227684021
15382 domains visited
Cumulative time: 60.28568911552429

BaB round 59
batch: 256
splitting decisions: 
split level 0: [/input-40, 5805] [/input-72, 4] [/input-72, 4] [/input-72, 4] [/input-72, 4] [/input-16, 7190] [/input-72, 4] [/input-16, 22408] [/input-40, 4753] [/input-72, 4] 
pruning_in_iteration open status: True
ratio of positive domain = 256 / 512 = 0.5
pruning-in-iteration extra time: 0.0027472972869873047
Time: prepare 0.0172    bound 0.2081    transfer 0.1327    finalize 0.0135    func 0.3716    
Accumulated time: func 23.0547    prepare 0.8177    bound 15.7044    transfer 5.8368    finalize 0.7252    
Current worst splitting domains lb-rhs (depth):
-0.56379 (19), -0.54558 (19), -0.54519 (19), -0.51799 (19), -0.51595 (21), -0.51277 (19), -0.50242 (21), -0.50240 (19), -0.49840 (21), -0.49104 (19), -0.47642 (21), -0.47063 (19), -0.45933 (20), -0.45215 (21), -0.44857 (18), -0.44497 (20), -0.44374 (20), -0.44334 (21), -0.43322 (18), -0.42502 (21), 
Length of domains: 3341
Time: pickout 0.0289    decision 0.6367    set_bounds 0.0116    solve 0.3718    add 0.0598    
Accumulated time: pickout 1.0220    decision 28.7987    set_bounds 1.9321    solve 23.0644    add 5.4555    
Current (lb-rhs): -0.5637931227684021
15638 domains visited
Cumulative time: 61.406883239746094

BaB round 60
batch: 256
splitting decisions: 
split level 0: [/input-40, 5823] [/input-40, 3633] [/input-16, 7204] [/input-16, 9550] [/input-40, 3633] [/input-40, 4776] [/input-16, 7190] [/input-40, 4994] [/input-16, 7971] [/input-16, 22437] 
pruning_in_iteration open status: True
ratio of positive domain = 243 / 512 = 0.474609375
pruning-in-iteration extra time: 0.003870248794555664
Time: prepare 0.0174    bound 0.2337    transfer 0.1280    finalize 0.0071    func 0.3862    
Accumulated time: func 23.4409    prepare 0.8358    bound 15.9381    transfer 5.9648    finalize 0.7323    
Current worst splitting domains lb-rhs (depth):
-0.56379 (19), -0.54558 (19), -0.54519 (19), -0.51799 (19), -0.51595 (21), -0.51277 (19), -0.50242 (21), -0.50240 (19), -0.49840 (21), -0.49104 (19), -0.47642 (21), -0.47063 (19), -0.45933 (20), -0.45215 (21), -0.44857 (18), -0.44497 (20), -0.44374 (20), -0.44334 (21), -0.43322 (18), -0.42502 (21), 
Length of domains: 3354
Time: pickout 0.0302    decision 0.7317    set_bounds 0.0117    solve 0.3864    add 0.0572    
Accumulated time: pickout 1.0523    decision 29.5304    set_bounds 1.9439    solve 23.4509    add 5.5126    
Current (lb-rhs): -0.5637931227684021
15907 domains visited
Cumulative time: 62.63647413253784

BaB round 61
batch: 256
splitting decisions: 
split level 0: [/input-16, 22436] [/input-40, 4776] [/input-40, 1050] [/input-16, 9550] [/input-16, 22436] [/input-16, 22437] [/input-40, 4753] [/input-40, 4753] [/input-16, 7204] [/input-40, 4753] 
pruning_in_iteration open status: True
ratio of positive domain = 259 / 512 = 0.505859375
pruning-in-iteration extra time: 0.002687692642211914
Time: prepare 0.0168    bound 0.2030    transfer 0.1299    finalize 0.0136    func 0.3634    
Accumulated time: func 23.8043    prepare 0.8532    bound 16.1410    transfer 6.0947    finalize 0.7459    
Current worst splitting domains lb-rhs (depth):
-0.56379 (19), -0.54558 (19), -0.54519 (19), -0.51799 (19), -0.51595 (21), -0.51277 (19), -0.50242 (21), -0.50240 (19), -0.49840 (21), -0.49104 (19), -0.47642 (21), -0.47063 (19), -0.45933 (20), -0.45215 (21), -0.44857 (18), -0.44497 (20), -0.44374 (20), -0.44334 (21), -0.43322 (18), -0.42502 (21), 
Length of domains: 3351
Time: pickout 0.0221    decision 0.7471    set_bounds 0.0119    solve 0.3643    add 0.0560    
Accumulated time: pickout 1.0744    decision 30.2775    set_bounds 1.9557    solve 23.8152    add 5.5687    
Current (lb-rhs): -0.5637931227684021
16160 domains visited
Cumulative time: 63.850101470947266

BaB round 62
batch: 256
splitting decisions: 
split level 0: [/input-16, 7190] [/input-16, 9550] [/input-40, 1050] [/input-16, 22437] [/input-16, 7971] [/input-40, 1050] [/input-40, 4753] [/input-40, 3235] [/input-16, 9550] [/input-16, 22436] 
pruning_in_iteration open status: True
ratio of positive domain = 280 / 512 = 0.546875
pruning-in-iteration extra time: 0.0030400753021240234
Time: prepare 0.0175    bound 0.1993    transfer 0.1297    finalize 0.0134    func 0.3599    
Accumulated time: func 24.1642    prepare 0.8713    bound 16.3403    transfer 6.2244    finalize 0.7593    
Current worst splitting domains lb-rhs (depth):
-0.56379 (19), -0.54558 (19), -0.54519 (19), -0.51799 (19), -0.51595 (21), -0.51277 (19), -0.50242 (21), -0.50240 (19), -0.49840 (21), -0.49104 (19), -0.47642 (21), -0.47063 (19), -0.45933 (20), -0.45215 (21), -0.44857 (18), -0.44497 (20), -0.44374 (20), -0.44334 (21), -0.43322 (18), -0.42502 (21), 
Length of domains: 3327
Time: pickout 0.0236    decision 0.5801    set_bounds 0.0121    solve 0.3601    add 0.0546    
Accumulated time: pickout 1.0980    decision 30.8576    set_bounds 1.9679    solve 24.1753    add 5.6232    
Current (lb-rhs): -0.5637931227684021
16392 domains visited
Cumulative time: 64.89303731918335

BaB round 63
batch: 256
splitting decisions: 
split level 0: [/input-40, 828] [/input-40, 5823] [/input-40, 4753] [/input-40, 4753] [/input-40, 4753] [/input-40, 3235] [/input-16, 22408] [/input-72, 137] [/input-16, 7971] [/input-40, 2397] 
pruning_in_iteration open status: True
ratio of positive domain = 245 / 512 = 0.478515625
pruning-in-iteration extra time: 0.01022195816040039
Time: prepare 0.0188    bound 0.2915    transfer 0.1260    finalize 0.0117    func 0.4480    
Accumulated time: func 24.6122    prepare 0.8908    bound 16.6318    transfer 6.3503    finalize 0.7709    
Current worst splitting domains lb-rhs (depth):
-0.56379 (19), -0.54558 (19), -0.54519 (19), -0.51799 (19), -0.51595 (21), -0.51277 (19), -0.50242 (21), -0.50240 (19), -0.49840 (21), -0.49104 (19), -0.47642 (21), -0.47063 (19), -0.45933 (20), -0.45215 (21), -0.44857 (18), -0.44497 (20), -0.44374 (20), -0.44334 (21), -0.43322 (18), -0.42502 (21), 
Length of domains: 3338
Time: pickout 0.0291    decision 0.7554    set_bounds 0.1949    solve 0.4482    add 0.0653    
Accumulated time: pickout 1.1270    decision 31.6130    set_bounds 2.1627    solve 24.6235    add 5.6885    
Current (lb-rhs): -0.5637931227684021
16659 domains visited
Cumulative time: 66.39834403991699

BaB round 64
batch: 256
splitting decisions: 
split level 0: [/input-40, 2397] [/input-40, 829] [/input-40, 4776] [/input-40, 3633] [/input-40, 5823] [/input-16, 7204] [/input-16, 22436] [/input-16, 22436] [/input-16, 22436] [/input-40, 5823] 
pruning_in_iteration open status: True
ratio of positive domain = 241 / 512 = 0.470703125
pruning-in-iteration extra time: 0.008044242858886719
Time: prepare 0.0171    bound 0.3260    transfer 0.1276    finalize 0.0109    func 0.4817    
Accumulated time: func 25.0939    prepare 0.9085    bound 16.9578    transfer 6.4779    finalize 0.7819    
Current worst splitting domains lb-rhs (depth):
-0.56379 (19), -0.54558 (19), -0.54519 (19), -0.51799 (19), -0.51595 (21), -0.51277 (19), -0.50242 (21), -0.50240 (19), -0.49840 (21), -0.49104 (19), -0.47642 (21), -0.47063 (19), -0.45933 (20), -0.45215 (21), -0.44857 (18), -0.44497 (20), -0.44374 (20), -0.44334 (21), -0.43322 (18), -0.42502 (21), 
Length of domains: 3353
Time: pickout 0.0280    decision 0.4395    set_bounds 0.0139    solve 0.4819    add 0.0618    
Accumulated time: pickout 1.1550    decision 32.0525    set_bounds 2.1767    solve 25.1054    add 5.7504    
Current (lb-rhs): -0.5637931227684021
16930 domains visited
Cumulative time: 67.43577861785889

BaB round 65
batch: 256
splitting decisions: 
split level 0: [/input-40, 1050] [/input-16, 22436] [/input-40, 829] [/input-16, 22436] [/input-40, 820] [/input-16, 9550] [/input-40, 5823] [/input-40, 5823] [/input-16, 22436] [/input-40, 3633] 
pruning_in_iteration open status: True
ratio of positive domain = 245 / 512 = 0.478515625
pruning-in-iteration extra time: 0.0033044815063476562
Time: prepare 0.0175    bound 0.2177    transfer 0.1268    finalize 0.0152    func 0.3773    
Accumulated time: func 25.4712    prepare 0.9266    bound 17.1755    transfer 6.6048    finalize 0.7971    
Current worst splitting domains lb-rhs (depth):
-0.56379 (19), -0.54558 (19), -0.54519 (19), -0.51799 (19), -0.51595 (21), -0.51277 (19), -0.50242 (21), -0.50240 (19), -0.49840 (21), -0.49104 (19), -0.47642 (21), -0.47063 (19), -0.45933 (20), -0.45215 (21), -0.44857 (18), -0.44497 (20), -0.44374 (20), -0.44334 (21), -0.43322 (18), -0.42502 (21), 
Length of domains: 3364
Time: pickout 0.0277    decision 0.5838    set_bounds 0.0115    solve 0.3775    add 0.0572    
Accumulated time: pickout 1.1827    decision 32.6363    set_bounds 2.1882    solve 25.4829    add 5.8076    
Current (lb-rhs): -0.5637931227684021
17197 domains visited
Cumulative time: 68.50568222999573

BaB round 66
batch: 256
splitting decisions: 
split level 0: [/input-40, 820] [/input-40, 820] [/input-16, 22437] [/input-16, 22436] [/input-16, 22436] [/input-40, 3965] [/input-40, 829] [/input-40, 4776] [/input-40, 820] [/input-40, 4776] 
pruning_in_iteration open status: True
ratio of positive domain = 257 / 512 = 0.501953125
pruning-in-iteration extra time: 0.005724906921386719
Time: prepare 0.0171    bound 0.2402    transfer 0.1273    finalize 0.0064    func 0.3910    
Accumulated time: func 25.8622    prepare 0.9443    bound 17.4157    transfer 6.7320    finalize 0.8035    
Current worst splitting domains lb-rhs (depth):
-0.56379 (19), -0.54558 (19), -0.54519 (19), -0.51799 (19), -0.51595 (21), -0.51277 (19), -0.50242 (21), -0.50240 (19), -0.49840 (21), -0.49104 (19), -0.47642 (21), -0.47063 (19), -0.45933 (20), -0.45215 (21), -0.44857 (18), -0.44497 (20), -0.44374 (20), -0.44334 (21), -0.43322 (18), -0.42502 (21), 
Length of domains: 3363
Time: pickout 0.0233    decision 0.5552    set_bounds 0.0113    solve 0.3912    add 0.0523    
Accumulated time: pickout 1.2060    decision 33.1915    set_bounds 2.1995    solve 25.8741    add 5.8599    
Current (lb-rhs): -0.5637931227684021
17452 domains visited
Cumulative time: 69.5510675907135

BaB round 67
batch: 256
splitting decisions: 
split level 0: [/input-40, 820] [/input-40, 3633] [/input-40, 4776] [/input-40, 5823] [/input-40, 4776] [/input-40, 3633] [/input-40, 5823] [/input-16, 1011] [/input-32, 10663] [/input-40, 829] 
pruning_in_iteration open status: True
ratio of positive domain = 262 / 512 = 0.51171875
pruning-in-iteration extra time: 0.0029582977294921875
Time: prepare 0.0172    bound 0.2176    transfer 0.1287    finalize 0.0102    func 0.3737    
Accumulated time: func 26.2360    prepare 0.9621    bound 17.6333    transfer 6.8607    finalize 0.8137    
Current worst splitting domains lb-rhs (depth):
-0.56379 (19), -0.54558 (19), -0.54519 (19), -0.51799 (19), -0.51595 (21), -0.51277 (19), -0.50242 (21), -0.50240 (19), -0.49840 (21), -0.49104 (19), -0.47642 (21), -0.47063 (19), -0.45933 (20), -0.45215 (21), -0.44857 (18), -0.44497 (20), -0.44374 (20), -0.44334 (21), -0.43322 (18), -0.42502 (21), 
Length of domains: 3357
Time: pickout 0.0288    decision 0.7344    set_bounds 0.0120    solve 0.3739    add 0.0510    
Accumulated time: pickout 1.2348    decision 33.9259    set_bounds 2.2115    solve 26.2480    add 5.9109    
Current (lb-rhs): -0.5637931227684021
17702 domains visited
Cumulative time: 70.76315212249756

BaB round 68
batch: 256
splitting decisions: 
split level 0: [/input-40, 4776] [/input-16, 9550] [/input-40, 820] [/input-40, 820] [/input-40, 820] [/input-16, 7190] [/input-32, 10663] [/input-40, 820] [/input-40, 820] [/input-40, 820] 
pruning_in_iteration open status: True
ratio of positive domain = 255 / 512 = 0.498046875
pruning-in-iteration extra time: 0.0030083656311035156
Time: prepare 0.0172    bound 0.2201    transfer 0.1283    finalize 0.0068    func 0.3725    
Accumulated time: func 26.6085    prepare 0.9799    bound 17.8534    transfer 6.9891    finalize 0.8205    
Current worst splitting domains lb-rhs (depth):
-0.56379 (19), -0.54558 (19), -0.54519 (19), -0.51799 (19), -0.51595 (21), -0.51277 (19), -0.50242 (21), -0.50240 (19), -0.49840 (21), -0.49104 (19), -0.47642 (21), -0.47063 (19), -0.45933 (20), -0.45215 (21), -0.44857 (18), -0.44497 (20), -0.44374 (20), -0.44334 (21), -0.43322 (18), -0.42502 (21), 
Length of domains: 3358
Time: pickout 0.0233    decision 0.7513    set_bounds 0.0116    solve 0.3727    add 0.0548    
Accumulated time: pickout 1.2581    decision 34.6772    set_bounds 2.2231    solve 26.6207    add 5.9657    
Current (lb-rhs): -0.5637931227684021
17959 domains visited
Cumulative time: 71.98894453048706

BaB round 69
batch: 256
splitting decisions: 
split level 0: [/input-16, 9550] [/input-32, 10663] [/input-32, 10663] [/input-40, 829] [/input-16, 9550] [/input-32, 10663] [/input-40, 820] [/input-16, 7943] [/input-32, 10663] [/input-32, 10663] 
pruning_in_iteration open status: True
ratio of positive domain = 261 / 512 = 0.509765625
pruning-in-iteration extra time: 0.009012222290039062
Time: prepare 0.0180    bound 0.2840    transfer 0.1319    finalize 0.0073    func 0.4414    
Accumulated time: func 27.0498    prepare 0.9986    bound 18.1374    transfer 7.1210    finalize 0.8278    
Current worst splitting domains lb-rhs (depth):
-0.56379 (19), -0.54558 (19), -0.54519 (19), -0.51799 (19), -0.51595 (21), -0.51277 (19), -0.50242 (21), -0.50240 (19), -0.49840 (21), -0.49104 (19), -0.47642 (21), -0.47063 (19), -0.45933 (20), -0.45215 (21), -0.44857 (18), -0.44497 (20), -0.44374 (20), -0.44334 (21), -0.43322 (18), -0.42502 (21), 
Length of domains: 3353
Time: pickout 0.0233    decision 0.5546    set_bounds 0.1865    solve 0.4416    add 0.0541    
Accumulated time: pickout 1.2814    decision 35.2318    set_bounds 2.4096    solve 27.0623    add 6.0198    
Current (lb-rhs): -0.5637931227684021
18210 domains visited
Cumulative time: 73.26102638244629

BaB round 70
batch: 256
splitting decisions: 
split level 0: [/input-40, 820] [/input-40, 820] [/input-40, 4776] [/input-16, 9550] [/input-40, 829] [/input-40, 820] [/input-16, 9550] [/input-32, 10663] [/input-40, 3965] [/input-40, 820] 
pruning_in_iteration open status: True
ratio of positive domain = 255 / 512 = 0.498046875
pruning-in-iteration extra time: 0.0030329227447509766
Time: prepare 0.0169    bound 0.2131    transfer 0.1266    finalize 0.0125    func 0.3691    
Accumulated time: func 27.4189    prepare 1.0161    bound 18.3505    transfer 7.2476    finalize 0.8403    
Current worst splitting domains lb-rhs (depth):
-0.56379 (19), -0.54558 (19), -0.54519 (19), -0.51799 (19), -0.51595 (21), -0.51277 (19), -0.50242 (21), -0.50240 (19), -0.49840 (21), -0.49104 (19), -0.47642 (21), -0.47063 (19), -0.45933 (20), -0.45215 (21), -0.44857 (18), -0.44497 (20), -0.44374 (20), -0.44334 (21), -0.43322 (18), -0.42502 (21), 
Length of domains: 3354
Time: pickout 0.0232    decision 0.6557    set_bounds 0.0119    solve 0.3693    add 0.0580    
Accumulated time: pickout 1.3047    decision 35.8875    set_bounds 2.4215    solve 27.4316    add 6.0778    
Current (lb-rhs): -0.5637931227684021
18467 domains visited
Cumulative time: 74.39147210121155

BaB round 71
batch: 256
splitting decisions: 
split level 0: [/input-16, 1011] [/input-32, 10663] [/input-16, 1011] [/input-40, 820] [/input-16, 1011] [/input-40, 820] [/input-16, 1011] [/input-16, 1011] [/input-40, 3633] [/input-16, 1044] 
pruning_in_iteration open status: True
ratio of positive domain = 260 / 512 = 0.5078125
pruning-in-iteration extra time: 0.0033915042877197266
Time: prepare 0.0188    bound 0.2241    transfer 0.1425    finalize 0.0096    func 0.3951    
Accumulated time: func 27.8140    prepare 1.0356    bound 18.5746    transfer 7.3900    finalize 0.8499    
Current worst splitting domains lb-rhs (depth):
-0.56379 (19), -0.54558 (19), -0.54519 (19), -0.51799 (19), -0.51595 (21), -0.51277 (19), -0.50242 (21), -0.50240 (19), -0.49840 (21), -0.49104 (19), -0.47642 (21), -0.47063 (19), -0.45933 (20), -0.45215 (21), -0.44857 (18), -0.44497 (20), -0.44374 (20), -0.44334 (21), -0.43322 (18), -0.42502 (21), 
Length of domains: 3350
Time: pickout 0.0273    decision 0.5809    set_bounds 0.0126    solve 0.3953    add 0.0638    
Accumulated time: pickout 1.3320    decision 36.4684    set_bounds 2.4341    solve 27.8269    add 6.1417    
Current (lb-rhs): -0.5637931227684021
18719 domains visited
Cumulative time: 75.48376393318176

BaB round 72
batch: 256
splitting decisions: 
split level 0: [/input-40, 3633] [/input-40, 3633] [/input-40, 4776] [/input-40, 3633] [/input-16, 7943] [/input-40, 1402] [/input-40, 1402] [/input-40, 3633] [/input-40, 3965] [/input-40, 3965] 
pruning_in_iteration open status: True
ratio of positive domain = 266 / 512 = 0.51953125
pruning-in-iteration extra time: 0.002945423126220703
Time: prepare 0.0191    bound 0.2150    transfer 0.1324    finalize 0.0132    func 0.3798    
Accumulated time: func 28.1938    prepare 1.0554    bound 18.7896    transfer 7.5224    finalize 0.8632    
Current worst splitting domains lb-rhs (depth):
-0.56379 (19), -0.54558 (19), -0.54519 (19), -0.51799 (19), -0.51595 (21), -0.51277 (19), -0.50242 (21), -0.50240 (19), -0.49840 (21), -0.49104 (19), -0.47642 (21), -0.47063 (19), -0.45933 (20), -0.45215 (21), -0.44857 (18), -0.44497 (20), -0.44374 (20), -0.44334 (21), -0.43322 (18), -0.42502 (21), 
Length of domains: 3340
Time: pickout 0.0288    decision 0.7109    set_bounds 0.0138    solve 0.3800    add 0.0562    
Accumulated time: pickout 1.3608    decision 37.1793    set_bounds 2.4479    solve 28.2069    add 6.1979    
Current (lb-rhs): -0.5637931227684021
18965 domains visited
Cumulative time: 76.68548464775085

BaB round 73
batch: 256
splitting decisions: 
split level 0: [/input-40, 3633] [/input-40, 3633] [/input-40, 4776] [/input-16, 9550] [/input-40, 4328] [/input-16, 7971] [/input-40, 5823] [/input-40, 3633] [/input-40, 3633] [/input-16, 22436] 
pruning_in_iteration open status: True
ratio of positive domain = 313 / 512 = 0.611328125
pruning-in-iteration extra time: 0.002904653549194336
Time: prepare 0.0172    bound 0.1953    transfer 0.1311    finalize 0.0056    func 0.3493    
Accumulated time: func 28.5431    prepare 1.0732    bound 18.9849    transfer 7.6535    finalize 0.8687    
Current worst splitting domains lb-rhs (depth):
-0.56379 (19), -0.54558 (19), -0.54519 (19), -0.51799 (19), -0.51595 (21), -0.51277 (19), -0.50242 (21), -0.50240 (19), -0.49840 (21), -0.49104 (19), -0.47642 (21), -0.47063 (19), -0.45933 (20), -0.45215 (21), -0.44857 (18), -0.44497 (20), -0.44374 (20), -0.44334 (21), -0.43322 (18), -0.42502 (21), 
Length of domains: 3283
Time: pickout 0.0261    decision 0.6634    set_bounds 0.0119    solve 0.3495    add 0.0329    
Accumulated time: pickout 1.3869    decision 37.8426    set_bounds 2.4598    solve 28.5564    add 6.2307    
Current (lb-rhs): -0.5637931227684021
19164 domains visited
Cumulative time: 77.78181409835815

BaB round 74
batch: 256
splitting decisions: 
split level 0: [/input-16, 7190] [/input-40, 4995] [/input-72, 149] [/input-16, 7190] [/input-40, 828] [/input-72, 149] [/input-16, 22420] [/input-16, 16542] [/input-16, 7204] [/input-16, 16542] 
pruning_in_iteration open status: True
ratio of positive domain = 307 / 512 = 0.599609375
pruning-in-iteration extra time: 0.005446195602416992
Time: prepare 0.0188    bound 0.2369    transfer 0.1229    finalize 0.1794    func 0.5581    
Accumulated time: func 29.1013    prepare 1.0927    bound 19.2218    transfer 7.7765    finalize 1.0481    
Current worst splitting domains lb-rhs (depth):
-0.56379 (19), -0.54558 (19), -0.54519 (19), -0.51799 (19), -0.51595 (21), -0.51277 (19), -0.50242 (21), -0.50240 (19), -0.49840 (21), -0.49104 (19), -0.47642 (21), -0.47063 (19), -0.45933 (20), -0.45215 (21), -0.44857 (18), -0.44497 (20), -0.44374 (20), -0.44334 (21), -0.43322 (18), -0.42502 (21), 
Length of domains: 3232
Time: pickout 0.0121    decision 0.7261    set_bounds 0.0135    solve 0.5584    add 0.0368    
Accumulated time: pickout 1.3990    decision 38.5687    set_bounds 2.4733    solve 29.1147    add 6.2675    
Current (lb-rhs): -0.5637931227684021
19369 domains visited
Cumulative time: 79.14201188087463

BaB round 75
batch: 256
splitting decisions: 
split level 0: [/input-40, 4988] [/input-40, 3235] [/input-16, 7163] [/input-72, 149] [/input-72, 149] [/input-40, 2397] [/input-40, 2397] [/input-40, 2397] [/input-16, 22408] [/input-16, 7971] 
pruning_in_iteration open status: True
ratio of positive domain = 283 / 512 = 0.552734375
pruning-in-iteration extra time: 0.002992391586303711
Time: prepare 0.0189    bound 0.1939    transfer 0.1306    finalize 0.0070    func 0.3506    
Accumulated time: func 29.4519    prepare 1.1123    bound 19.4157    transfer 7.9071    finalize 1.0552    
Current worst splitting domains lb-rhs (depth):
-0.56379 (19), -0.54558 (19), -0.54519 (19), -0.51799 (19), -0.51595 (21), -0.51277 (19), -0.50242 (21), -0.50240 (19), -0.49840 (21), -0.49104 (19), -0.47642 (21), -0.47063 (19), -0.45933 (20), -0.45215 (21), -0.44857 (18), -0.44497 (20), -0.44374 (20), -0.44334 (21), -0.43322 (18), -0.42502 (21), 
Length of domains: 3205
Time: pickout 0.0130    decision 0.6447    set_bounds 0.0123    solve 0.3508    add 0.0545    
Accumulated time: pickout 1.4120    decision 39.2134    set_bounds 2.4856    solve 29.4655    add 6.3220    
Current (lb-rhs): -0.5637931227684021
19598 domains visited
Cumulative time: 80.23013019561768

BaB round 76
batch: 256
splitting decisions: 
split level 0: [/input-16, 22420] [/input-16, 16556] [/input-16, 22408] [/input-40, 828] [/input-40, 2397] [/input-72, 88] [/input-40, 4995] [/input-40, 5805] [/input-40, 4995] [/input-16, 22420] 
pruning_in_iteration open status: True
ratio of positive domain = 285 / 512 = 0.556640625
pruning-in-iteration extra time: 0.0028226375579833984
Time: prepare 0.0179    bound 0.2067    transfer 0.1254    finalize 0.0068    func 0.3568    
Accumulated time: func 29.8087    prepare 1.1309    bound 19.6224    transfer 8.0325    finalize 1.0619    
Current worst splitting domains lb-rhs (depth):
-0.56379 (19), -0.54558 (19), -0.54519 (19), -0.51799 (19), -0.51595 (21), -0.51277 (19), -0.50242 (21), -0.50240 (19), -0.49840 (21), -0.49104 (19), -0.47642 (21), -0.47063 (19), -0.45933 (20), -0.45215 (21), -0.44857 (18), -0.44497 (20), -0.44374 (20), -0.44334 (21), -0.43322 (18), -0.42502 (21), 
Length of domains: 3176
Time: pickout 0.0290    decision 0.7611    set_bounds 0.0132    solve 0.3570    add 0.0540    
Accumulated time: pickout 1.4409    decision 39.9745    set_bounds 2.4987    solve 29.8226    add 6.3760    
Current (lb-rhs): -0.5637931227684021
19825 domains visited
Cumulative time: 81.45693707466125

BaB round 77
batch: 256
splitting decisions: 
split level 0: [/input-16, 16557] [/input-16, 7163] [/input-40, 4994] [/input-16, 16556] [/input-40, 2397] [/input-40, 4994] [/input-72, 88] [/input-40, 4994] [/input-72, 137] [/input-72, 137] 
pruning_in_iteration open status: True
ratio of positive domain = 276 / 512 = 0.5390625
pruning-in-iteration extra time: 0.0032525062561035156
Time: prepare 0.0189    bound 0.2506    transfer 0.1302    finalize 0.0066    func 0.4063    
Accumulated time: func 30.2150    prepare 1.1504    bound 19.8730    transfer 8.1627    finalize 1.0686    
Current worst splitting domains lb-rhs (depth):
-0.56379 (19), -0.54558 (19), -0.54519 (19), -0.51799 (19), -0.51595 (21), -0.51277 (19), -0.50242 (21), -0.50240 (19), -0.49840 (21), -0.49104 (19), -0.47642 (21), -0.47063 (19), -0.45933 (20), -0.45215 (21), -0.44857 (18), -0.44497 (20), -0.44374 (20), -0.44334 (21), -0.43322 (18), -0.42502 (21), 
Length of domains: 3156
Time: pickout 0.0120    decision 0.7434    set_bounds 0.0164    solve 0.4065    add 0.0542    
Accumulated time: pickout 1.4529    decision 40.7179    set_bounds 2.5151    solve 30.2291    add 6.4302    
Current (lb-rhs): -0.5637931227684021
20061 domains visited
Cumulative time: 82.70159602165222

BaB round 78
batch: 256
splitting decisions: 
split level 0: [/input-16, 22420] [/input-40, 5622] [/input-16, 22408] [/input-40, 4988] [/input-40, 4994] [/input-16, 22408] [/input-40, 2397] [/input-16, 16556] [/input-16, 7163] [/input-72, 137] 
pruning_in_iteration open status: True
ratio of positive domain = 251 / 512 = 0.490234375
pruning-in-iteration extra time: 0.003167867660522461
Time: prepare 0.0186    bound 0.2438    transfer 0.1263    finalize 0.0105    func 0.3993    
Accumulated time: func 30.6143    prepare 1.1696    bound 20.1168    transfer 8.2890    finalize 1.0791    
Current worst splitting domains lb-rhs (depth):
-0.56379 (19), -0.54558 (19), -0.54519 (19), -0.51799 (19), -0.51595 (21), -0.51277 (19), -0.50242 (21), -0.50240 (19), -0.49840 (21), -0.49104 (19), -0.47642 (21), -0.47063 (19), -0.45933 (20), -0.45215 (21), -0.44857 (18), -0.44497 (20), -0.44374 (20), -0.44334 (21), -0.43322 (18), -0.42502 (21), 
Length of domains: 3161
Time: pickout 0.0318    decision 0.7078    set_bounds 0.0118    solve 0.3995    add 0.0636    
Accumulated time: pickout 1.4847    decision 41.4257    set_bounds 2.5269    solve 30.6286    add 6.4938    
Current (lb-rhs): -0.5637931227684021
20322 domains visited
Cumulative time: 83.92911410331726

BaB round 79
batch: 256
splitting decisions: 
split level 0: [/input-40, 4994] [/input-40, 2399] [/input-72, 137] [/input-16, 22420] [/input-40, 5622] [/input-40, 5805] [/input-40, 2397] [/input-40, 4994] [/input-72, 88] [/input-40, 4995] 
pruning_in_iteration open status: True
ratio of positive domain = 240 / 512 = 0.46875
pruning-in-iteration extra time: 0.0047457218170166016
Time: prepare 0.0183    bound 0.3260    transfer 0.1220    finalize 0.0058    func 0.4721    
Accumulated time: func 31.0864    prepare 1.1885    bound 20.4428    transfer 8.4109    finalize 1.0848    
Current worst splitting domains lb-rhs (depth):
-0.56379 (19), -0.54558 (19), -0.54519 (19), -0.51799 (19), -0.51595 (21), -0.51277 (19), -0.50242 (21), -0.50240 (19), -0.49840 (21), -0.49104 (19), -0.47642 (21), -0.47063 (19), -0.45933 (20), -0.45215 (21), -0.44857 (18), -0.44497 (20), -0.44374 (20), -0.44334 (21), -0.43322 (18), -0.42502 (21), 
Length of domains: 3177
Time: pickout 0.0220    decision 0.6819    set_bounds 0.0137    solve 0.4723    add 0.0592    
Accumulated time: pickout 1.5068    decision 42.1076    set_bounds 2.5407    solve 31.1009    add 6.5530    
Current (lb-rhs): -0.5637931227684021
20594 domains visited
Cumulative time: 85.19046473503113

BaB round 80
batch: 256
splitting decisions: 
split level 0: [/input-40, 3235] [/input-72, 4] [/input-40, 4753] [/input-40, 5805] [/input-40, 5805] [/input-40, 5805] [/input-40, 5805] [/input-40, 5805] [/input-40, 5805] [/input-40, 4776] 
pruning_in_iteration open status: True
ratio of positive domain = 253 / 512 = 0.494140625
pruning-in-iteration extra time: 0.005495786666870117
Time: prepare 0.0186    bound 0.2652    transfer 0.1233    finalize 0.0067    func 0.4138    
Accumulated time: func 31.5002    prepare 1.2077    bound 20.7080    transfer 8.5342    finalize 1.0915    
Current worst splitting domains lb-rhs (depth):
-0.56379 (19), -0.54558 (19), -0.54519 (19), -0.51799 (19), -0.51595 (21), -0.51277 (19), -0.50242 (21), -0.50240 (19), -0.49840 (21), -0.49104 (19), -0.47642 (21), -0.47063 (19), -0.45933 (20), -0.45215 (21), -0.44857 (18), -0.44497 (20), -0.44374 (20), -0.44334 (21), -0.43322 (18), -0.42502 (21), 
Length of domains: 3180
Time: pickout 0.0115    decision 0.5557    set_bounds 0.1827    solve 0.4140    add 0.0593    
Accumulated time: pickout 1.5183    decision 42.6633    set_bounds 2.7234    solve 31.5149    add 6.6124    
Current (lb-rhs): -0.5637931227684021
20853 domains visited
Cumulative time: 86.42568588256836

BaB round 81
batch: 256
splitting decisions: 
split level 0: [/input-40, 4753] [/input-40, 4994] [/input-72, 4] [/input-16, 22408] [/input-40, 5823] [/input-40, 4994] [/input-40, 3235] [/input-40, 3235] [/input-40, 4753] [/input-40, 4753] 
pruning_in_iteration open status: True
ratio of positive domain = 252 / 512 = 0.4921875
pruning-in-iteration extra time: 0.0063288211822509766
Time: prepare 0.0177    bound 0.3161    transfer 0.1239    finalize 0.0068    func 0.4646    
Accumulated time: func 31.9648    prepare 1.2261    bound 21.0241    transfer 8.6581    finalize 1.0983    
Current worst splitting domains lb-rhs (depth):
-0.56379 (19), -0.54558 (19), -0.54519 (19), -0.51799 (19), -0.51595 (21), -0.51277 (19), -0.50242 (21), -0.50240 (19), -0.49840 (21), -0.49104 (19), -0.47642 (21), -0.47063 (19), -0.45933 (20), -0.45215 (21), -0.44857 (18), -0.44497 (20), -0.44374 (20), -0.44334 (21), -0.43322 (18), -0.42502 (21), 
Length of domains: 3184
Time: pickout 0.0205    decision 0.7149    set_bounds 0.0156    solve 0.4647    add 0.0624    
Accumulated time: pickout 1.5388    decision 43.3782    set_bounds 2.7390    solve 31.9796    add 6.6748    
Current (lb-rhs): -0.5637931227684021
21113 domains visited
Cumulative time: 87.71650552749634

BaB round 82
batch: 256
splitting decisions: 
split level 0: [/input-16, 7971] [/input-40, 4753] [/input-40, 5805] [/input-16, 7971] [/input-40, 5805] [/input-40, 2399] [/input-16, 7190] [/input-40, 5805] [/input-40, 3235] [/input-40, 5805] 
pruning_in_iteration open status: True
ratio of positive domain = 267 / 512 = 0.521484375
pruning-in-iteration extra time: 0.0069696903228759766
Time: prepare 0.0180    bound 0.3060    transfer 0.1279    finalize 0.0059    func 0.4579    
Accumulated time: func 32.4227    prepare 1.2447    bound 21.3301    transfer 8.7860    finalize 1.1042    
Current worst splitting domains lb-rhs (depth):
-0.56379 (19), -0.54558 (19), -0.54519 (19), -0.51799 (19), -0.51595 (21), -0.51277 (19), -0.50242 (21), -0.50240 (19), -0.49840 (21), -0.49104 (19), -0.47642 (21), -0.47063 (19), -0.45933 (20), -0.45215 (21), -0.44857 (18), -0.44497 (20), -0.44374 (20), -0.44334 (21), -0.43322 (18), -0.42502 (21), 
Length of domains: 3173
Time: pickout 0.0120    decision 0.5585    set_bounds 0.0133    solve 0.4581    add 0.0589    
Accumulated time: pickout 1.5508    decision 43.9368    set_bounds 2.7523    solve 32.4377    add 6.7337    
Current (lb-rhs): -0.5637931227684021
21358 domains visited
Cumulative time: 88.8281364440918

BaB round 83
batch: 256
splitting decisions: 
split level 0: [/input-40, 3235] [/input-40, 2399] [/input-40, 3235] [/input-40, 4753] [/input-40, 4753] [/input-40, 2399] [/input-40, 4753] [/input-72, 4] [/input-72, 88] [/input-16, 7204] 
pruning_in_iteration open status: True
ratio of positive domain = 270 / 512 = 0.52734375
pruning-in-iteration extra time: 0.006202220916748047
Time: prepare 0.0180    bound 0.2826    transfer 0.1270    finalize 0.0073    func 0.4350    
Accumulated time: func 32.8577    prepare 1.2634    bound 21.6127    transfer 8.9130    finalize 1.1115    
Current worst splitting domains lb-rhs (depth):
-0.56379 (19), -0.54558 (19), -0.54519 (19), -0.51799 (19), -0.51595 (21), -0.51277 (19), -0.50242 (21), -0.50240 (19), -0.49840 (21), -0.49104 (19), -0.47642 (21), -0.47063 (19), -0.45933 (20), -0.45215 (21), -0.44857 (18), -0.44497 (20), -0.44374 (20), -0.44334 (21), -0.43322 (18), -0.42502 (21), 
Length of domains: 3159
Time: pickout 0.0123    decision 0.5435    set_bounds 0.0119    solve 0.4352    add 0.0522    
Accumulated time: pickout 1.5631    decision 44.4803    set_bounds 2.7641    solve 32.8729    add 6.7859    
Current (lb-rhs): -0.5637931227684021
21600 domains visited
Cumulative time: 89.8938958644867

BaB round 84
batch: 256
splitting decisions: 
split level 0: [/input-72, 137] [/input-16, 16556] [/input-16, 22408] [/input-40, 4994] [/input-32, 10663] [/input-16, 7163] [/input-72, 88] [/input-40, 5805] [/input-72, 137] [/input-72, 149] 
pruning_in_iteration open status: True
ratio of positive domain = 271 / 512 = 0.529296875
pruning-in-iteration extra time: 0.01026463508605957
Time: prepare 0.0183    bound 0.2737    transfer 0.1295    finalize 0.0072    func 0.4288    
Accumulated time: func 33.2865    prepare 1.2824    bound 21.8864    transfer 9.0426    finalize 1.1187    
Current worst splitting domains lb-rhs (depth):
-0.56379 (19), -0.54558 (19), -0.54519 (19), -0.51799 (19), -0.51595 (21), -0.51277 (19), -0.50242 (21), -0.50240 (19), -0.49840 (21), -0.49104 (19), -0.47642 (21), -0.47063 (19), -0.45933 (20), -0.45215 (21), -0.44857 (18), -0.44497 (20), -0.44374 (20), -0.44334 (21), -0.43322 (18), -0.42502 (21), 
Length of domains: 3144
Time: pickout 0.0307    decision 0.4529    set_bounds 0.0120    solve 0.4290    add 0.0534    
Accumulated time: pickout 1.5938    decision 44.9332    set_bounds 2.7761    solve 33.3019    add 6.8393    
Current (lb-rhs): -0.5637931227684021
21841 domains visited
Cumulative time: 90.88247227668762

BaB round 85
batch: 256
splitting decisions: 
split level 0: [/input-16, 16542] [/input-40, 4988] [/input-16, 16557] [/input-16, 22408] [/input-72, 88] [/input-40, 3235] [/input-72, 137] [/input-16, 22420] [/input-72, 149] [/input-16, 7190] 
pruning_in_iteration open status: True
ratio of positive domain = 265 / 512 = 0.517578125
pruning-in-iteration extra time: 0.011804580688476562
Time: prepare 0.0194    bound 0.2996    transfer 0.1246    finalize 0.0129    func 0.4565    
Accumulated time: func 33.7430    prepare 1.3024    bound 22.1860    transfer 9.1672    finalize 1.1315    
Current worst splitting domains lb-rhs (depth):
-0.56379 (19), -0.54558 (19), -0.54519 (19), -0.51799 (19), -0.51595 (21), -0.51277 (19), -0.50242 (21), -0.50240 (19), -0.49840 (21), -0.49104 (19), -0.47642 (21), -0.47063 (19), -0.45933 (20), -0.45215 (21), -0.44857 (18), -0.44497 (20), -0.44374 (20), -0.44334 (21), -0.43322 (18), -0.42502 (21), 
Length of domains: 3135
Time: pickout 0.0255    decision 0.6514    set_bounds 0.2053    solve 0.4567    add 0.0569    
Accumulated time: pickout 1.6193    decision 45.5846    set_bounds 2.9814    solve 33.7586    add 6.8962    
Current (lb-rhs): -0.5637931227684021
22088 domains visited
Cumulative time: 92.28919720649719

BaB round 86
batch: 256
splitting decisions: 
split level 0: [/input-16, 16557] [/input-16, 7163] [/input-40, 3235] [/input-16, 16556] [/input-40, 4994] [/input-16, 16557] [/input-16, 7190] [/input-16, 7163] [/input-16, 16557] [/input-16, 7163] 
pruning_in_iteration open status: True
ratio of positive domain = 240 / 512 = 0.46875
pruning-in-iteration extra time: 0.007947921752929688
Time: prepare 0.0174    bound 0.3209    transfer 0.1283    finalize 0.0121    func 0.4788    
Accumulated time: func 34.2219    prepare 1.3205    bound 22.5069    transfer 9.2954    finalize 1.1436    
Current worst splitting domains lb-rhs (depth):
-0.56379 (19), -0.54558 (19), -0.54519 (19), -0.51799 (19), -0.51595 (21), -0.51277 (19), -0.50242 (21), -0.50240 (19), -0.49840 (21), -0.49104 (19), -0.47642 (21), -0.47063 (19), -0.45933 (20), -0.45215 (21), -0.44857 (18), -0.44497 (20), -0.44374 (20), -0.44334 (21), -0.43322 (18), -0.42502 (21), 
Length of domains: 3151
Time: pickout 0.0224    decision 0.4402    set_bounds 0.0120    solve 0.4790    add 0.0636    
Accumulated time: pickout 1.6417    decision 46.0248    set_bounds 2.9934    solve 34.2376    add 6.9599    
Current (lb-rhs): -0.5637931227684021
22360 domains visited
Time out!!!!!!!!
Result: timeout
Time: 100.89227867126465

------------------------- COMMAND ------------------------------
/data1/Kane/miniconda3/envs/GenBaB/bin/python /data1/Kane/GenBaB/alpha-beta-CROWN/complete_verifier/abcrown.py --config /data1/Kane/GenBaB/alpha-beta-CROWN/complete_verifier/exp_configs/vnncomp24/tinyimagenet.yaml --precompile_jit --onnx_path /data1/Kane/data/vnncomp2025_benchmarks/benchmarks/tinyimagenet_2024/onnx/TinyImageNet_resnet_medium.onnx --vnnlib_path /data1/Kane/data/vnncomp2025_benchmarks/benchmarks/tinyimagenet_2024/vnnlib/TinyImageNet_resnet_medium_prop_idx_8444_sidx_2478_eps_0.0039.vnnlib --results_file /data1/Kane/ACT/audit_results/abcrown_nopgd_20260525/tinyimagenet_2024/0174__TinyImageNet_resnet_medium__TinyImageNet_resnet_medium_prop_idx_8444_sidx_2478_eps_0.0039.result --timeout 100.0 --save_adv_example --pgd_order=skip
----------------------------------------------------------------

