source,iid,verdict,internal_status,reportable_status,count_bucket,wall_s,watchdog_status,watchdog_synthetic,strict_bounded_failure,run_status,peak_rss_mb,onnx_model,vnnlib_spec,q_statuses,q_reportables,q_receipts,error,json_path
cpu,0,FALSIFIED,SAT,FALSIFIED,FALSIFIED,0.161,,False,,PASSED,,onnx/sat_v30_c38.onnx,vnnlib/sat_v30_c38.vnnlib,"[""SAT""]","[""FALSIFIED""]","[""/data1/Kane/ACT/audit_results/r93_rerun_20260525T083118Z/sat_relu_cpu100_current_20260525/sat_relu_0_q0_small_dense_lp_witness_0.json""]",,/data1/Kane/ACT/audit_results/r93_rerun_20260525T083118Z/sat_relu_cpu100_current_20260525/per_instance_sat_relu_20260525T054215016444Z.json
cpu,1,UNKNOWN,UNKNOWN,UNKNOWN,UNKNOWN,0.125,,False,,PASSED,,onnx/unsat_v30_c38.onnx,vnnlib/unsat_v30_c38.vnnlib,"[""UNKNOWN""]","[""UNKNOWN""]",[null],,/data1/Kane/ACT/audit_results/r93_rerun_20260525T083118Z/sat_relu_cpu100_current_20260525/per_instance_sat_relu_20260525T054215016444Z.json
cpu,10,FALSIFIED,SAT,FALSIFIED,FALSIFIED,0.033,,False,,PASSED,,onnx/sat_v6_c27.onnx,vnnlib/sat_v6_c27.vnnlib,"[""SAT""]","[""FALSIFIED""]","[""/data1/Kane/ACT/audit_results/r93_rerun_20260525T083118Z/sat_relu_cpu100_current_20260525/sat_relu_10_q0_small_dense_lp_witness_0.json""]",,/data1/Kane/ACT/audit_results/r93_rerun_20260525T083118Z/sat_relu_cpu100_current_20260525/per_instance_sat_relu_20260525T054215016444Z.json
cpu,11,UNKNOWN,UNKNOWN,UNKNOWN,UNKNOWN,0.058,,False,,PASSED,,onnx/unsat_v6_c30.onnx,vnnlib/unsat_v6_c30.vnnlib,"[""UNKNOWN""]","[""UNKNOWN""]",[null],,/data1/Kane/ACT/audit_results/r93_rerun_20260525T083118Z/sat_relu_cpu100_current_20260525/per_instance_sat_relu_20260525T054215016444Z.json
cpu,12,FALSIFIED,SAT,FALSIFIED,FALSIFIED,0.057,,False,,PASSED,,onnx/sat_v6_c27.onnx,vnnlib/sat_v6_c27.vnnlib,"[""SAT""]","[""FALSIFIED""]","[""/data1/Kane/ACT/audit_results/r93_rerun_20260525T083118Z/sat_relu_cpu100_current_20260525/sat_relu_12_q0_small_dense_lp_witness_0.json""]",,/data1/Kane/ACT/audit_results/r93_rerun_20260525T083118Z/sat_relu_cpu100_current_20260525/per_instance_sat_relu_20260525T054215016444Z.json
cpu,13,UNKNOWN,UNKNOWN,UNKNOWN,UNKNOWN,0.056,,False,,PASSED,,onnx/unsat_v6_c30.onnx,vnnlib/unsat_v6_c30.vnnlib,"[""UNKNOWN""]","[""UNKNOWN""]",[null],,/data1/Kane/ACT/audit_results/r93_rerun_20260525T083118Z/sat_relu_cpu100_current_20260525/per_instance_sat_relu_20260525T054215016444Z.json
cpu,14,UNKNOWN,UNKNOWN,UNKNOWN,UNKNOWN,0.819,,False,,PASSED,,onnx/sat_v100_c373.onnx,vnnlib/sat_v100_c373.vnnlib,"[""UNKNOWN""]","[""UNKNOWN""]",[null],,/data1/Kane/ACT/audit_results/r93_rerun_20260525T083118Z/sat_relu_cpu100_current_20260525/per_instance_sat_relu_20260525T054215016444Z.json
cpu,15,UNKNOWN,UNKNOWN,UNKNOWN,UNKNOWN,0.807,,False,,PASSED,,onnx/unsat_v100_c373.onnx,vnnlib/unsat_v100_c373.vnnlib,"[""UNKNOWN""]","[""UNKNOWN""]",[null],,/data1/Kane/ACT/audit_results/r93_rerun_20260525T083118Z/sat_relu_cpu100_current_20260525/per_instance_sat_relu_20260525T054215016444Z.json
cpu,16,UNKNOWN,UNKNOWN,UNKNOWN,UNKNOWN,0.255,,False,,PASSED,,onnx/sat_v51_c255.onnx,vnnlib/sat_v51_c255.vnnlib,"[""UNKNOWN""]","[""UNKNOWN""]",[null],,/data1/Kane/ACT/audit_results/r93_rerun_20260525T083118Z/sat_relu_cpu100_current_20260525/per_instance_sat_relu_20260525T054215016444Z.json
cpu,17,UNKNOWN,UNKNOWN,UNKNOWN,UNKNOWN,0.249,,False,,PASSED,,onnx/unsat_v51_c255.onnx,vnnlib/unsat_v51_c255.vnnlib,"[""UNKNOWN""]","[""UNKNOWN""]",[null],,/data1/Kane/ACT/audit_results/r93_rerun_20260525T083118Z/sat_relu_cpu100_current_20260525/per_instance_sat_relu_20260525T054215016444Z.json
cpu,18,FALSIFIED,SAT,FALSIFIED,FALSIFIED,0.108,,False,,PASSED,,onnx/sat_v25_c45.onnx,vnnlib/sat_v25_c45.vnnlib,"[""SAT""]","[""FALSIFIED""]","[""/data1/Kane/ACT/audit_results/r93_rerun_20260525T083118Z/sat_relu_cpu100_current_20260525/sat_relu_18_q0_small_dense_lp_witness_0.json""]",,/data1/Kane/ACT/audit_results/r93_rerun_20260525T083118Z/sat_relu_cpu100_current_20260525/per_instance_sat_relu_20260525T054215016444Z.json
cpu,19,UNKNOWN,UNKNOWN,UNKNOWN,UNKNOWN,0.124,,False,,PASSED,,onnx/unsat_v25_c45.onnx,vnnlib/unsat_v25_c45.vnnlib,"[""UNKNOWN""]","[""UNKNOWN""]",[null],,/data1/Kane/ACT/audit_results/r93_rerun_20260525T083118Z/sat_relu_cpu100_current_20260525/per_instance_sat_relu_20260525T054215016444Z.json
cpu,2,UNKNOWN,UNKNOWN,UNKNOWN,UNKNOWN,0.192,,False,,PASSED,,onnx/sat_v65_c187.onnx,vnnlib/sat_v65_c187.vnnlib,"[""UNKNOWN""]","[""UNKNOWN""]",[null],,/data1/Kane/ACT/audit_results/r93_rerun_20260525T083118Z/sat_relu_cpu100_current_20260525/per_instance_sat_relu_20260525T054215016444Z.json
cpu,20,UNKNOWN,UNKNOWN,UNKNOWN,UNKNOWN,0.101,,False,,PASSED,,onnx/sat_v90_c111.onnx,vnnlib/sat_v90_c111.vnnlib,"[""UNKNOWN""]","[""UNKNOWN""]",[null],,/data1/Kane/ACT/audit_results/r93_rerun_20260525T083118Z/sat_relu_cpu100_current_20260525/per_instance_sat_relu_20260525T054215016444Z.json
cpu,21,UNKNOWN,UNKNOWN,UNKNOWN,UNKNOWN,0.093,,False,,PASSED,,onnx/unsat_v90_c111.onnx,vnnlib/unsat_v90_c111.vnnlib,"[""UNKNOWN""]","[""UNKNOWN""]",[null],,/data1/Kane/ACT/audit_results/r93_rerun_20260525T083118Z/sat_relu_cpu100_current_20260525/per_instance_sat_relu_20260525T054215016444Z.json
cpu,22,UNKNOWN,UNKNOWN,UNKNOWN,UNKNOWN,0.303,,False,,PASSED,,onnx/sat_v63_c267.onnx,vnnlib/sat_v63_c267.vnnlib,"[""UNKNOWN""]","[""UNKNOWN""]",[null],,/data1/Kane/ACT/audit_results/r93_rerun_20260525T083118Z/sat_relu_cpu100_current_20260525/per_instance_sat_relu_20260525T054215016444Z.json
cpu,23,UNKNOWN,UNKNOWN,UNKNOWN,UNKNOWN,0.295,,False,,PASSED,,onnx/unsat_v63_c267.onnx,vnnlib/unsat_v63_c267.vnnlib,"[""UNKNOWN""]","[""UNKNOWN""]",[null],,/data1/Kane/ACT/audit_results/r93_rerun_20260525T083118Z/sat_relu_cpu100_current_20260525/per_instance_sat_relu_20260525T054215016444Z.json
cpu,24,FALSIFIED,SAT,FALSIFIED,FALSIFIED,0.217,,False,,PASSED,,onnx/sat_v18_c87.onnx,vnnlib/sat_v18_c87.vnnlib,"[""SAT""]","[""FALSIFIED""]","[""/data1/Kane/ACT/audit_results/r93_rerun_20260525T083118Z/sat_relu_cpu100_current_20260525/sat_relu_24_q0_small_dense_lp_witness_0.json""]",,/data1/Kane/ACT/audit_results/r93_rerun_20260525T083118Z/sat_relu_cpu100_current_20260525/per_instance_sat_relu_20260525T054215016444Z.json
cpu,25,UNKNOWN,UNKNOWN,UNKNOWN,UNKNOWN,0.202,,False,,PASSED,,onnx/unsat_v18_c88.onnx,vnnlib/unsat_v18_c88.vnnlib,"[""UNKNOWN""]","[""UNKNOWN""]",[null],,/data1/Kane/ACT/audit_results/r93_rerun_20260525T083118Z/sat_relu_cpu100_current_20260525/per_instance_sat_relu_20260525T054215016444Z.json
cpu,26,UNKNOWN,UNKNOWN,UNKNOWN,UNKNOWN,0.113,,False,,PASSED,,onnx/sat_v92_c117.onnx,vnnlib/sat_v92_c117.vnnlib,"[""UNKNOWN""]","[""UNKNOWN""]",[null],,/data1/Kane/ACT/audit_results/r93_rerun_20260525T083118Z/sat_relu_cpu100_current_20260525/per_instance_sat_relu_20260525T054215016444Z.json
cpu,27,UNKNOWN,UNKNOWN,UNKNOWN,UNKNOWN,0.099,,False,,PASSED,,onnx/unsat_v92_c117.onnx,vnnlib/unsat_v92_c117.vnnlib,"[""UNKNOWN""]","[""UNKNOWN""]",[null],,/data1/Kane/ACT/audit_results/r93_rerun_20260525T083118Z/sat_relu_cpu100_current_20260525/per_instance_sat_relu_20260525T054215016444Z.json
cpu,28,UNKNOWN,UNKNOWN,UNKNOWN,UNKNOWN,0.526,,False,,PASSED,,onnx/sat_v94_c313.onnx,vnnlib/sat_v94_c313.vnnlib,"[""UNKNOWN""]","[""UNKNOWN""]",[null],,/data1/Kane/ACT/audit_results/r93_rerun_20260525T083118Z/sat_relu_cpu100_current_20260525/per_instance_sat_relu_20260525T054215016444Z.json
cpu,29,UNKNOWN,UNKNOWN,UNKNOWN,UNKNOWN,0.504,,False,,PASSED,,onnx/unsat_v94_c313.onnx,vnnlib/unsat_v94_c313.vnnlib,"[""UNKNOWN""]","[""UNKNOWN""]",[null],,/data1/Kane/ACT/audit_results/r93_rerun_20260525T083118Z/sat_relu_cpu100_current_20260525/per_instance_sat_relu_20260525T054215016444Z.json
cpu,3,UNKNOWN,UNKNOWN,UNKNOWN,UNKNOWN,0.152,,False,,PASSED,,onnx/unsat_v65_c187.onnx,vnnlib/unsat_v65_c187.vnnlib,"[""UNKNOWN""]","[""UNKNOWN""]",[null],,/data1/Kane/ACT/audit_results/r93_rerun_20260525T083118Z/sat_relu_cpu100_current_20260525/per_instance_sat_relu_20260525T054215016444Z.json
cpu,30,FALSIFIED,SAT,FALSIFIED,FALSIFIED,0.133,,False,,PASSED,,onnx/sat_v24_c66.onnx,vnnlib/sat_v24_c66.vnnlib,"[""SAT""]","[""FALSIFIED""]","[""/data1/Kane/ACT/audit_results/r93_rerun_20260525T083118Z/sat_relu_cpu100_current_20260525/sat_relu_30_q0_small_dense_lp_witness_0.json""]",,/data1/Kane/ACT/audit_results/r93_rerun_20260525T083118Z/sat_relu_cpu100_current_20260525/per_instance_sat_relu_20260525T054215016444Z.json
cpu,31,UNKNOWN,UNKNOWN,UNKNOWN,UNKNOWN,0.163,,False,,PASSED,,onnx/unsat_v24_c66.onnx,vnnlib/unsat_v24_c66.vnnlib,"[""UNKNOWN""]","[""UNKNOWN""]",[null],,/data1/Kane/ACT/audit_results/r93_rerun_20260525T083118Z/sat_relu_cpu100_current_20260525/per_instance_sat_relu_20260525T054215016444Z.json
cpu,32,UNKNOWN,UNKNOWN,UNKNOWN,UNKNOWN,0.117,,False,,PASSED,,onnx/sat_v67_c154.onnx,vnnlib/sat_v67_c154.vnnlib,"[""UNKNOWN""]","[""UNKNOWN""]",[null],,/data1/Kane/ACT/audit_results/r93_rerun_20260525T083118Z/sat_relu_cpu100_current_20260525/per_instance_sat_relu_20260525T054215016444Z.json
cpu,33,UNKNOWN,UNKNOWN,UNKNOWN,UNKNOWN,0.107,,False,,PASSED,,onnx/unsat_v67_c154.onnx,vnnlib/unsat_v67_c154.vnnlib,"[""UNKNOWN""]","[""UNKNOWN""]",[null],,/data1/Kane/ACT/audit_results/r93_rerun_20260525T083118Z/sat_relu_cpu100_current_20260525/per_instance_sat_relu_20260525T054215016444Z.json
cpu,34,UNKNOWN,UNKNOWN,UNKNOWN,UNKNOWN,0.043,,False,,PASSED,,onnx/sat_v58_c75.onnx,vnnlib/sat_v58_c75.vnnlib,"[""UNKNOWN""]","[""UNKNOWN""]",[null],,/data1/Kane/ACT/audit_results/r93_rerun_20260525T083118Z/sat_relu_cpu100_current_20260525/per_instance_sat_relu_20260525T054215016444Z.json
cpu,35,UNKNOWN,UNKNOWN,UNKNOWN,UNKNOWN,0.041,,False,,PASSED,,onnx/unsat_v58_c75.onnx,vnnlib/unsat_v58_c75.vnnlib,"[""UNKNOWN""]","[""UNKNOWN""]",[null],,/data1/Kane/ACT/audit_results/r93_rerun_20260525T083118Z/sat_relu_cpu100_current_20260525/per_instance_sat_relu_20260525T054215016444Z.json
cpu,36,UNKNOWN,UNKNOWN,UNKNOWN,UNKNOWN,0.069,,False,,PASSED,,onnx/sat_v40_c142.onnx,vnnlib/sat_v40_c142.vnnlib,"[""UNKNOWN""]","[""UNKNOWN""]",[null],,/data1/Kane/ACT/audit_results/r93_rerun_20260525T083118Z/sat_relu_cpu100_current_20260525/per_instance_sat_relu_20260525T054215016444Z.json
cpu,37,UNKNOWN,UNKNOWN,UNKNOWN,UNKNOWN,0.067,,False,,PASSED,,onnx/unsat_v40_c142.onnx,vnnlib/unsat_v40_c142.vnnlib,"[""UNKNOWN""]","[""UNKNOWN""]",[null],,/data1/Kane/ACT/audit_results/r93_rerun_20260525T083118Z/sat_relu_cpu100_current_20260525/per_instance_sat_relu_20260525T054215016444Z.json
cpu,38,FALSIFIED,SAT,FALSIFIED,FALSIFIED,0.185,,False,,PASSED,,onnx/sat_v26_c84.onnx,vnnlib/sat_v26_c84.vnnlib,"[""SAT""]","[""FALSIFIED""]","[""/data1/Kane/ACT/audit_results/r93_rerun_20260525T083118Z/sat_relu_cpu100_current_20260525/sat_relu_38_q0_small_dense_lp_witness_0.json""]",,/data1/Kane/ACT/audit_results/r93_rerun_20260525T083118Z/sat_relu_cpu100_current_20260525/per_instance_sat_relu_20260525T054215016444Z.json
cpu,39,UNKNOWN,UNKNOWN,UNKNOWN,UNKNOWN,0.21,,False,,PASSED,,onnx/unsat_v26_c84.onnx,vnnlib/unsat_v26_c84.vnnlib,"[""UNKNOWN""]","[""UNKNOWN""]",[null],,/data1/Kane/ACT/audit_results/r93_rerun_20260525T083118Z/sat_relu_cpu100_current_20260525/per_instance_sat_relu_20260525T054215016444Z.json
cpu,4,FALSIFIED,SAT,FALSIFIED,FALSIFIED,0.282,,False,,PASSED,,onnx/sat_v91_c217.onnx,vnnlib/sat_v91_c217.vnnlib,"[""SAT""]","[""FALSIFIED""]","[""/data1/Kane/ACT/audit_results/r93_rerun_20260525T083118Z/sat_relu_cpu100_current_20260525/sat_relu_4_q0_hz_walker_lp_0.json""]",,/data1/Kane/ACT/audit_results/r93_rerun_20260525T083118Z/sat_relu_cpu100_current_20260525/per_instance_sat_relu_20260525T054215016444Z.json
cpu,40,UNKNOWN,UNKNOWN,UNKNOWN,UNKNOWN,0.076,,False,,PASSED,,onnx/sat_v46_c142.onnx,vnnlib/sat_v46_c142.vnnlib,"[""UNKNOWN""]","[""UNKNOWN""]",[null],,/data1/Kane/ACT/audit_results/r93_rerun_20260525T083118Z/sat_relu_cpu100_current_20260525/per_instance_sat_relu_20260525T054215016444Z.json
cpu,41,UNKNOWN,UNKNOWN,UNKNOWN,UNKNOWN,0.076,,False,,PASSED,,onnx/unsat_v46_c142.onnx,vnnlib/unsat_v46_c142.vnnlib,"[""UNKNOWN""]","[""UNKNOWN""]",[null],,/data1/Kane/ACT/audit_results/r93_rerun_20260525T083118Z/sat_relu_cpu100_current_20260525/per_instance_sat_relu_20260525T054215016444Z.json
cpu,42,UNKNOWN,UNKNOWN,UNKNOWN,UNKNOWN,0.22,,False,,PASSED,,onnx/sat_v56_c239.onnx,vnnlib/sat_v56_c239.vnnlib,"[""UNKNOWN""]","[""UNKNOWN""]",[null],,/data1/Kane/ACT/audit_results/r93_rerun_20260525T083118Z/sat_relu_cpu100_current_20260525/per_instance_sat_relu_20260525T054215016444Z.json
cpu,43,UNKNOWN,UNKNOWN,UNKNOWN,UNKNOWN,0.213,,False,,PASSED,,onnx/unsat_v56_c239.onnx,vnnlib/unsat_v56_c239.vnnlib,"[""UNKNOWN""]","[""UNKNOWN""]",[null],,/data1/Kane/ACT/audit_results/r93_rerun_20260525T083118Z/sat_relu_cpu100_current_20260525/per_instance_sat_relu_20260525T054215016444Z.json
cpu,44,FALSIFIED,SAT,FALSIFIED,FALSIFIED,0.043,,False,,PASSED,,onnx/sat_v10_c26.onnx,vnnlib/sat_v10_c26.vnnlib,"[""SAT""]","[""FALSIFIED""]","[""/data1/Kane/ACT/audit_results/r93_rerun_20260525T083118Z/sat_relu_cpu100_current_20260525/sat_relu_44_q0_small_dense_lp_witness_0.json""]",,/data1/Kane/ACT/audit_results/r93_rerun_20260525T083118Z/sat_relu_cpu100_current_20260525/per_instance_sat_relu_20260525T054215016444Z.json
cpu,45,UNKNOWN,UNKNOWN,UNKNOWN,UNKNOWN,0.078,,False,,PASSED,,onnx/unsat_v10_c26.onnx,vnnlib/unsat_v10_c26.vnnlib,"[""UNKNOWN""]","[""UNKNOWN""]",[null],,/data1/Kane/ACT/audit_results/r93_rerun_20260525T083118Z/sat_relu_cpu100_current_20260525/per_instance_sat_relu_20260525T054215016444Z.json
cpu,46,UNKNOWN,UNKNOWN,UNKNOWN,UNKNOWN,0.13,,False,,PASSED,,onnx/sat_v73_c156.onnx,vnnlib/sat_v73_c156.vnnlib,"[""UNKNOWN""]","[""UNKNOWN""]",[null],,/data1/Kane/ACT/audit_results/r93_rerun_20260525T083118Z/sat_relu_cpu100_current_20260525/per_instance_sat_relu_20260525T054215016444Z.json
cpu,47,UNKNOWN,UNKNOWN,UNKNOWN,UNKNOWN,0.119,,False,,PASSED,,onnx/unsat_v73_c156.onnx,vnnlib/unsat_v73_c156.vnnlib,"[""UNKNOWN""]","[""UNKNOWN""]",[null],,/data1/Kane/ACT/audit_results/r93_rerun_20260525T083118Z/sat_relu_cpu100_current_20260525/per_instance_sat_relu_20260525T054215016444Z.json
cpu,48,UNKNOWN,UNKNOWN,UNKNOWN,UNKNOWN,0.195,,False,,PASSED,,onnx/sat_v85_c186.onnx,vnnlib/sat_v85_c186.vnnlib,"[""UNKNOWN""]","[""UNKNOWN""]",[null],,/data1/Kane/ACT/audit_results/r93_rerun_20260525T083118Z/sat_relu_cpu100_current_20260525/per_instance_sat_relu_20260525T054215016444Z.json
cpu,49,UNKNOWN,UNKNOWN,UNKNOWN,UNKNOWN,0.192,,False,,PASSED,,onnx/unsat_v85_c186.onnx,vnnlib/unsat_v85_c186.vnnlib,"[""UNKNOWN""]","[""UNKNOWN""]",[null],,/data1/Kane/ACT/audit_results/r93_rerun_20260525T083118Z/sat_relu_cpu100_current_20260525/per_instance_sat_relu_20260525T054215016444Z.json
cpu,5,UNKNOWN,UNKNOWN,UNKNOWN,UNKNOWN,0.26,,False,,PASSED,,onnx/unsat_v91_c217.onnx,vnnlib/unsat_v91_c217.vnnlib,"[""UNKNOWN""]","[""UNKNOWN""]",[null],,/data1/Kane/ACT/audit_results/r93_rerun_20260525T083118Z/sat_relu_cpu100_current_20260525/per_instance_sat_relu_20260525T054215016444Z.json
cpu,50,UNKNOWN,UNKNOWN,UNKNOWN,UNKNOWN,0.075,,False,,PASSED,,onnx/sat_v54_c125.onnx,vnnlib/sat_v54_c125.vnnlib,"[""UNKNOWN""]","[""UNKNOWN""]",[null],,/data1/Kane/ACT/audit_results/r93_rerun_20260525T083118Z/sat_relu_cpu100_current_20260525/per_instance_sat_relu_20260525T054215016444Z.json
cpu,51,UNKNOWN,UNKNOWN,UNKNOWN,UNKNOWN,0.069,,False,,PASSED,,onnx/unsat_v54_c125.onnx,vnnlib/unsat_v54_c125.vnnlib,"[""UNKNOWN""]","[""UNKNOWN""]",[null],,/data1/Kane/ACT/audit_results/r93_rerun_20260525T083118Z/sat_relu_cpu100_current_20260525/per_instance_sat_relu_20260525T054215016444Z.json
cpu,52,FALSIFIED,SAT,FALSIFIED,FALSIFIED,0.026,,False,,PASSED,,onnx/sat_v9_c9.onnx,vnnlib/sat_v9_c9.vnnlib,"[""SAT""]","[""FALSIFIED""]","[""/data1/Kane/ACT/audit_results/r93_rerun_20260525T083118Z/sat_relu_cpu100_current_20260525/sat_relu_52_q0_small_dense_lp_witness_0.json""]",,/data1/Kane/ACT/audit_results/r93_rerun_20260525T083118Z/sat_relu_cpu100_current_20260525/per_instance_sat_relu_20260525T054215016444Z.json
cpu,53,CERTIFIED,UNSAT,CERTIFIED,CERTIFIED,0.014,,False,,PASSED,,onnx/unsat_v9_c9.onnx,vnnlib/unsat_v9_c9.vnnlib,"[""UNSAT""]","[""CERTIFIED""]",[null],,/data1/Kane/ACT/audit_results/r93_rerun_20260525T083118Z/sat_relu_cpu100_current_20260525/per_instance_sat_relu_20260525T054215016444Z.json
cpu,54,FALSIFIED,SAT,FALSIFIED,FALSIFIED,0.029,,False,,PASSED,,onnx/sat_v9_c14.onnx,vnnlib/sat_v9_c14.vnnlib,"[""SAT""]","[""FALSIFIED""]","[""/data1/Kane/ACT/audit_results/r93_rerun_20260525T083118Z/sat_relu_cpu100_current_20260525/sat_relu_54_q0_small_dense_lp_witness_0.json""]",,/data1/Kane/ACT/audit_results/r93_rerun_20260525T083118Z/sat_relu_cpu100_current_20260525/per_instance_sat_relu_20260525T054215016444Z.json
cpu,55,UNKNOWN,UNKNOWN,UNKNOWN,UNKNOWN,0.049,,False,,PASSED,,onnx/unsat_v9_c14.onnx,vnnlib/unsat_v9_c14.vnnlib,"[""UNKNOWN""]","[""UNKNOWN""]",[null],,/data1/Kane/ACT/audit_results/r93_rerun_20260525T083118Z/sat_relu_cpu100_current_20260525/per_instance_sat_relu_20260525T054215016444Z.json
cpu,56,UNKNOWN,UNKNOWN,UNKNOWN,UNKNOWN,0.204,,False,,PASSED,,onnx/sat_v92_c180.onnx,vnnlib/sat_v92_c180.vnnlib,"[""UNKNOWN""]","[""UNKNOWN""]",[null],,/data1/Kane/ACT/audit_results/r93_rerun_20260525T083118Z/sat_relu_cpu100_current_20260525/per_instance_sat_relu_20260525T054215016444Z.json
cpu,57,UNKNOWN,UNKNOWN,UNKNOWN,UNKNOWN,0.185,,False,,PASSED,,onnx/unsat_v92_c180.onnx,vnnlib/unsat_v92_c180.vnnlib,"[""UNKNOWN""]","[""UNKNOWN""]",[null],,/data1/Kane/ACT/audit_results/r93_rerun_20260525T083118Z/sat_relu_cpu100_current_20260525/per_instance_sat_relu_20260525T054215016444Z.json
cpu,58,UNKNOWN,UNKNOWN,UNKNOWN,UNKNOWN,0.531,,False,,PASSED,,onnx/sat_v83_c328.onnx,vnnlib/sat_v83_c328.vnnlib,"[""UNKNOWN""]","[""UNKNOWN""]",[null],,/data1/Kane/ACT/audit_results/r93_rerun_20260525T083118Z/sat_relu_cpu100_current_20260525/per_instance_sat_relu_20260525T054215016444Z.json
cpu,59,UNKNOWN,UNKNOWN,UNKNOWN,UNKNOWN,0.505,,False,,PASSED,,onnx/unsat_v83_c328.onnx,vnnlib/unsat_v83_c328.vnnlib,"[""UNKNOWN""]","[""UNKNOWN""]",[null],,/data1/Kane/ACT/audit_results/r93_rerun_20260525T083118Z/sat_relu_cpu100_current_20260525/per_instance_sat_relu_20260525T054215016444Z.json
cpu,6,FALSIFIED,SAT,FALSIFIED,FALSIFIED,0.096,,False,,PASSED,,onnx/sat_v14_c57.onnx,vnnlib/sat_v14_c57.vnnlib,"[""SAT""]","[""FALSIFIED""]","[""/data1/Kane/ACT/audit_results/r93_rerun_20260525T083118Z/sat_relu_cpu100_current_20260525/sat_relu_6_q0_small_dense_lp_witness_0.json""]",,/data1/Kane/ACT/audit_results/r93_rerun_20260525T083118Z/sat_relu_cpu100_current_20260525/per_instance_sat_relu_20260525T054215016444Z.json
cpu,60,UNKNOWN,UNKNOWN,UNKNOWN,UNKNOWN,0.026,,False,,PASSED,,onnx/sat_v37_c63.onnx,vnnlib/sat_v37_c63.vnnlib,"[""UNKNOWN""]","[""UNKNOWN""]",[null],,/data1/Kane/ACT/audit_results/r93_rerun_20260525T083118Z/sat_relu_cpu100_current_20260525/per_instance_sat_relu_20260525T054215016444Z.json
cpu,61,UNKNOWN,UNKNOWN,UNKNOWN,UNKNOWN,0.024,,False,,PASSED,,onnx/unsat_v37_c63.onnx,vnnlib/unsat_v37_c63.vnnlib,"[""UNKNOWN""]","[""UNKNOWN""]",[null],,/data1/Kane/ACT/audit_results/r93_rerun_20260525T083118Z/sat_relu_cpu100_current_20260525/per_instance_sat_relu_20260525T054215016444Z.json
cpu,62,UNKNOWN,UNKNOWN,UNKNOWN,UNKNOWN,1.445,,False,,PASSED,,onnx/sat_v99_c485.onnx,vnnlib/sat_v99_c485.vnnlib,"[""UNKNOWN""]","[""UNKNOWN""]",[null],,/data1/Kane/ACT/audit_results/r93_rerun_20260525T083118Z/sat_relu_cpu100_current_20260525/per_instance_sat_relu_20260525T054215016444Z.json
cpu,63,UNKNOWN,UNKNOWN,UNKNOWN,UNKNOWN,1.441,,False,,PASSED,,onnx/unsat_v99_c485.onnx,vnnlib/unsat_v99_c485.vnnlib,"[""UNKNOWN""]","[""UNKNOWN""]",[null],,/data1/Kane/ACT/audit_results/r93_rerun_20260525T083118Z/sat_relu_cpu100_current_20260525/per_instance_sat_relu_20260525T054215016444Z.json
cpu,64,UNKNOWN,UNKNOWN,UNKNOWN,UNKNOWN,0.798,,False,,PASSED,,onnx/sat_v94_c377.onnx,vnnlib/sat_v94_c377.vnnlib,"[""UNKNOWN""]","[""UNKNOWN""]",[null],,/data1/Kane/ACT/audit_results/r93_rerun_20260525T083118Z/sat_relu_cpu100_current_20260525/per_instance_sat_relu_20260525T054215016444Z.json
cpu,65,UNKNOWN,UNKNOWN,UNKNOWN,UNKNOWN,0.762,,False,,PASSED,,onnx/unsat_v94_c377.onnx,vnnlib/unsat_v94_c377.vnnlib,"[""UNKNOWN""]","[""UNKNOWN""]",[null],,/data1/Kane/ACT/audit_results/r93_rerun_20260525T083118Z/sat_relu_cpu100_current_20260525/per_instance_sat_relu_20260525T054215016444Z.json
cpu,66,UNKNOWN,UNKNOWN,UNKNOWN,UNKNOWN,0.318,,False,,PASSED,,onnx/sat_v87_c243.onnx,vnnlib/sat_v87_c243.vnnlib,"[""UNKNOWN""]","[""UNKNOWN""]",[null],,/data1/Kane/ACT/audit_results/r93_rerun_20260525T083118Z/sat_relu_cpu100_current_20260525/per_instance_sat_relu_20260525T054215016444Z.json
cpu,67,UNKNOWN,UNKNOWN,UNKNOWN,UNKNOWN,0.299,,False,,PASSED,,onnx/unsat_v87_c243.onnx,vnnlib/unsat_v87_c243.vnnlib,"[""UNKNOWN""]","[""UNKNOWN""]",[null],,/data1/Kane/ACT/audit_results/r93_rerun_20260525T083118Z/sat_relu_cpu100_current_20260525/per_instance_sat_relu_20260525T054215016444Z.json
cpu,68,FALSIFIED,SAT,FALSIFIED,FALSIFIED,0.099,,False,,PASSED,,onnx/sat_v25_c40.onnx,vnnlib/sat_v25_c40.vnnlib,"[""SAT""]","[""FALSIFIED""]","[""/data1/Kane/ACT/audit_results/r93_rerun_20260525T083118Z/sat_relu_cpu100_current_20260525/sat_relu_68_q0_small_dense_lp_witness_0.json""]",,/data1/Kane/ACT/audit_results/r93_rerun_20260525T083118Z/sat_relu_cpu100_current_20260525/per_instance_sat_relu_20260525T054215016444Z.json
cpu,69,UNKNOWN,UNKNOWN,UNKNOWN,UNKNOWN,0.114,,False,,PASSED,,onnx/unsat_v25_c40.onnx,vnnlib/unsat_v25_c40.vnnlib,"[""UNKNOWN""]","[""UNKNOWN""]",[null],,/data1/Kane/ACT/audit_results/r93_rerun_20260525T083118Z/sat_relu_cpu100_current_20260525/per_instance_sat_relu_20260525T054215016444Z.json
cpu,7,UNKNOWN,UNKNOWN,UNKNOWN,UNKNOWN,0.122,,False,,PASSED,,onnx/unsat_v14_c57.onnx,vnnlib/unsat_v14_c57.vnnlib,"[""UNKNOWN""]","[""UNKNOWN""]",[null],,/data1/Kane/ACT/audit_results/r93_rerun_20260525T083118Z/sat_relu_cpu100_current_20260525/per_instance_sat_relu_20260525T054215016444Z.json
cpu,70,UNKNOWN,UNKNOWN,UNKNOWN,UNKNOWN,0.039,,False,,PASSED,,onnx/sat_v34_c98.onnx,vnnlib/sat_v34_c98.vnnlib,"[""UNKNOWN""]","[""UNKNOWN""]",[null],,/data1/Kane/ACT/audit_results/r93_rerun_20260525T083118Z/sat_relu_cpu100_current_20260525/per_instance_sat_relu_20260525T054215016444Z.json
cpu,71,UNKNOWN,UNKNOWN,UNKNOWN,UNKNOWN,0.036,,False,,PASSED,,onnx/unsat_v34_c98.onnx,vnnlib/unsat_v34_c98.vnnlib,"[""UNKNOWN""]","[""UNKNOWN""]",[null],,/data1/Kane/ACT/audit_results/r93_rerun_20260525T083118Z/sat_relu_cpu100_current_20260525/per_instance_sat_relu_20260525T054215016444Z.json
cpu,72,UNKNOWN,UNKNOWN,UNKNOWN,UNKNOWN,0.146,,False,,PASSED,,onnx/sat_v70_c178.onnx,vnnlib/sat_v70_c178.vnnlib,"[""UNKNOWN""]","[""UNKNOWN""]",[null],,/data1/Kane/ACT/audit_results/r93_rerun_20260525T083118Z/sat_relu_cpu100_current_20260525/per_instance_sat_relu_20260525T054215016444Z.json
cpu,73,UNKNOWN,UNKNOWN,UNKNOWN,UNKNOWN,0.142,,False,,PASSED,,onnx/unsat_v70_c178.onnx,vnnlib/unsat_v70_c178.vnnlib,"[""UNKNOWN""]","[""UNKNOWN""]",[null],,/data1/Kane/ACT/audit_results/r93_rerun_20260525T083118Z/sat_relu_cpu100_current_20260525/per_instance_sat_relu_20260525T054215016444Z.json
cpu,74,FALSIFIED,SAT,FALSIFIED,FALSIFIED,0.083,,False,,PASSED,,onnx/sat_v20_c40.onnx,vnnlib/sat_v20_c40.vnnlib,"[""SAT""]","[""FALSIFIED""]","[""/data1/Kane/ACT/audit_results/r93_rerun_20260525T083118Z/sat_relu_cpu100_current_20260525/sat_relu_74_q0_small_dense_lp_witness_0.json""]",,/data1/Kane/ACT/audit_results/r93_rerun_20260525T083118Z/sat_relu_cpu100_current_20260525/per_instance_sat_relu_20260525T054215016444Z.json
cpu,75,UNKNOWN,UNKNOWN,UNKNOWN,UNKNOWN,0.104,,False,,PASSED,,onnx/unsat_v20_c40.onnx,vnnlib/unsat_v20_c40.vnnlib,"[""UNKNOWN""]","[""UNKNOWN""]",[null],,/data1/Kane/ACT/audit_results/r93_rerun_20260525T083118Z/sat_relu_cpu100_current_20260525/per_instance_sat_relu_20260525T054215016444Z.json
cpu,76,FALSIFIED,SAT,FALSIFIED,FALSIFIED,0.113,,False,,PASSED,,onnx/sat_v30_c44.onnx,vnnlib/sat_v30_c44.vnnlib,"[""SAT""]","[""FALSIFIED""]","[""/data1/Kane/ACT/audit_results/r93_rerun_20260525T083118Z/sat_relu_cpu100_current_20260525/sat_relu_76_q0_small_dense_lp_witness_0.json""]",,/data1/Kane/ACT/audit_results/r93_rerun_20260525T083118Z/sat_relu_cpu100_current_20260525/per_instance_sat_relu_20260525T054215016444Z.json
cpu,77,UNKNOWN,UNKNOWN,UNKNOWN,UNKNOWN,0.143,,False,,PASSED,,onnx/unsat_v30_c44.onnx,vnnlib/unsat_v30_c44.vnnlib,"[""UNKNOWN""]","[""UNKNOWN""]",[null],,/data1/Kane/ACT/audit_results/r93_rerun_20260525T083118Z/sat_relu_cpu100_current_20260525/per_instance_sat_relu_20260525T054215016444Z.json
cpu,78,UNKNOWN,UNKNOWN,UNKNOWN,UNKNOWN,0.341,,False,,PASSED,,onnx/sat_v63_c286.onnx,vnnlib/sat_v63_c286.vnnlib,"[""UNKNOWN""]","[""UNKNOWN""]",[null],,/data1/Kane/ACT/audit_results/r93_rerun_20260525T083118Z/sat_relu_cpu100_current_20260525/per_instance_sat_relu_20260525T054215016444Z.json
cpu,79,UNKNOWN,UNKNOWN,UNKNOWN,UNKNOWN,0.333,,False,,PASSED,,onnx/unsat_v63_c286.onnx,vnnlib/unsat_v63_c286.vnnlib,"[""UNKNOWN""]","[""UNKNOWN""]",[null],,/data1/Kane/ACT/audit_results/r93_rerun_20260525T083118Z/sat_relu_cpu100_current_20260525/per_instance_sat_relu_20260525T054215016444Z.json
cpu,8,UNKNOWN,UNKNOWN,UNKNOWN,UNKNOWN,0.438,,False,,PASSED,,onnx/sat_v95_c275.onnx,vnnlib/sat_v95_c275.vnnlib,"[""UNKNOWN""]","[""UNKNOWN""]",[null],,/data1/Kane/ACT/audit_results/r93_rerun_20260525T083118Z/sat_relu_cpu100_current_20260525/per_instance_sat_relu_20260525T054215016444Z.json
cpu,80,UNKNOWN,UNKNOWN,UNKNOWN,UNKNOWN,0.059,,False,,PASSED,,onnx/sat_v38_c132.onnx,vnnlib/sat_v38_c132.vnnlib,"[""UNKNOWN""]","[""UNKNOWN""]",[null],,/data1/Kane/ACT/audit_results/r93_rerun_20260525T083118Z/sat_relu_cpu100_current_20260525/per_instance_sat_relu_20260525T054215016444Z.json
cpu,81,UNKNOWN,UNKNOWN,UNKNOWN,UNKNOWN,0.059,,False,,PASSED,,onnx/unsat_v38_c132.onnx,vnnlib/unsat_v38_c132.vnnlib,"[""UNKNOWN""]","[""UNKNOWN""]",[null],,/data1/Kane/ACT/audit_results/r93_rerun_20260525T083118Z/sat_relu_cpu100_current_20260525/per_instance_sat_relu_20260525T054215016444Z.json
cpu,82,UNKNOWN,UNKNOWN,UNKNOWN,UNKNOWN,0.061,,False,,PASSED,,onnx/sat_v33_c140.onnx,vnnlib/sat_v33_c140.vnnlib,"[""UNKNOWN""]","[""UNKNOWN""]",[null],,/data1/Kane/ACT/audit_results/r93_rerun_20260525T083118Z/sat_relu_cpu100_current_20260525/per_instance_sat_relu_20260525T054215016444Z.json
cpu,83,UNKNOWN,UNKNOWN,UNKNOWN,UNKNOWN,0.062,,False,,PASSED,,onnx/unsat_v33_c140.onnx,vnnlib/unsat_v33_c140.vnnlib,"[""UNKNOWN""]","[""UNKNOWN""]",[null],,/data1/Kane/ACT/audit_results/r93_rerun_20260525T083118Z/sat_relu_cpu100_current_20260525/per_instance_sat_relu_20260525T054215016444Z.json
cpu,84,UNKNOWN,UNKNOWN,UNKNOWN,UNKNOWN,1.141,,False,,PASSED,,onnx/sat_v90_c449.onnx,vnnlib/sat_v90_c449.vnnlib,"[""UNKNOWN""]","[""UNKNOWN""]",[null],,/data1/Kane/ACT/audit_results/r93_rerun_20260525T083118Z/sat_relu_cpu100_current_20260525/per_instance_sat_relu_20260525T054215016444Z.json
cpu,85,UNKNOWN,UNKNOWN,UNKNOWN,UNKNOWN,1.089,,False,,PASSED,,onnx/unsat_v90_c449.onnx,vnnlib/unsat_v90_c449.vnnlib,"[""UNKNOWN""]","[""UNKNOWN""]",[null],,/data1/Kane/ACT/audit_results/r93_rerun_20260525T083118Z/sat_relu_cpu100_current_20260525/per_instance_sat_relu_20260525T054215016444Z.json
cpu,86,UNKNOWN,UNKNOWN,UNKNOWN,UNKNOWN,0.073,,False,,PASSED,,onnx/sat_v75_c99.onnx,vnnlib/sat_v75_c99.vnnlib,"[""UNKNOWN""]","[""UNKNOWN""]",[null],,/data1/Kane/ACT/audit_results/r93_rerun_20260525T083118Z/sat_relu_cpu100_current_20260525/per_instance_sat_relu_20260525T054215016444Z.json
cpu,87,UNKNOWN,UNKNOWN,UNKNOWN,UNKNOWN,0.064,,False,,PASSED,,onnx/unsat_v75_c99.onnx,vnnlib/unsat_v75_c99.vnnlib,"[""UNKNOWN""]","[""UNKNOWN""]",[null],,/data1/Kane/ACT/audit_results/r93_rerun_20260525T083118Z/sat_relu_cpu100_current_20260525/per_instance_sat_relu_20260525T054215016444Z.json
cpu,88,FALSIFIED,SAT,FALSIFIED,FALSIFIED,0.116,,False,,PASSED,,onnx/sat_v82_c130.onnx,vnnlib/sat_v82_c130.vnnlib,"[""SAT""]","[""FALSIFIED""]","[""/data1/Kane/ACT/audit_results/r93_rerun_20260525T083118Z/sat_relu_cpu100_current_20260525/sat_relu_88_q0_hz_walker_lp_0.json""]",,/data1/Kane/ACT/audit_results/r93_rerun_20260525T083118Z/sat_relu_cpu100_current_20260525/per_instance_sat_relu_20260525T054215016444Z.json
cpu,89,UNKNOWN,UNKNOWN,UNKNOWN,UNKNOWN,0.099,,False,,PASSED,,onnx/unsat_v82_c130.onnx,vnnlib/unsat_v82_c130.vnnlib,"[""UNKNOWN""]","[""UNKNOWN""]",[null],,/data1/Kane/ACT/audit_results/r93_rerun_20260525T083118Z/sat_relu_cpu100_current_20260525/per_instance_sat_relu_20260525T054215016444Z.json
cpu,9,UNKNOWN,UNKNOWN,UNKNOWN,UNKNOWN,0.407,,False,,PASSED,,onnx/unsat_v95_c275.onnx,vnnlib/unsat_v95_c275.vnnlib,"[""UNKNOWN""]","[""UNKNOWN""]",[null],,/data1/Kane/ACT/audit_results/r93_rerun_20260525T083118Z/sat_relu_cpu100_current_20260525/per_instance_sat_relu_20260525T054215016444Z.json
cpu,90,UNKNOWN,UNKNOWN,UNKNOWN,UNKNOWN,0.229,,False,,PASSED,,onnx/sat_v64_c234.onnx,vnnlib/sat_v64_c234.vnnlib,"[""UNKNOWN""]","[""UNKNOWN""]",[null],,/data1/Kane/ACT/audit_results/r93_rerun_20260525T083118Z/sat_relu_cpu100_current_20260525/per_instance_sat_relu_20260525T054215016444Z.json
cpu,91,UNKNOWN,UNKNOWN,UNKNOWN,UNKNOWN,0.218,,False,,PASSED,,onnx/unsat_v64_c234.onnx,vnnlib/unsat_v64_c234.vnnlib,"[""UNKNOWN""]","[""UNKNOWN""]",[null],,/data1/Kane/ACT/audit_results/r93_rerun_20260525T083118Z/sat_relu_cpu100_current_20260525/per_instance_sat_relu_20260525T054215016444Z.json
cpu,92,FALSIFIED,SAT,FALSIFIED,FALSIFIED,0.039,,False,,PASSED,,onnx/sat_v39_c77.onnx,vnnlib/sat_v39_c77.vnnlib,"[""SAT""]","[""FALSIFIED""]","[""/data1/Kane/ACT/audit_results/r93_rerun_20260525T083118Z/sat_relu_cpu100_current_20260525/sat_relu_92_q0_hz_walker_lp_0.json""]",,/data1/Kane/ACT/audit_results/r93_rerun_20260525T083118Z/sat_relu_cpu100_current_20260525/per_instance_sat_relu_20260525T054215016444Z.json
cpu,93,UNKNOWN,UNKNOWN,UNKNOWN,UNKNOWN,0.032,,False,,PASSED,,onnx/unsat_v39_c77.onnx,vnnlib/unsat_v39_c77.vnnlib,"[""UNKNOWN""]","[""UNKNOWN""]",[null],,/data1/Kane/ACT/audit_results/r93_rerun_20260525T083118Z/sat_relu_cpu100_current_20260525/per_instance_sat_relu_20260525T054215016444Z.json
cpu,94,FALSIFIED,SAT,FALSIFIED,FALSIFIED,0.078,,False,,PASSED,,onnx/sat_v16_c39.onnx,vnnlib/sat_v16_c39.vnnlib,"[""SAT""]","[""FALSIFIED""]","[""/data1/Kane/ACT/audit_results/r93_rerun_20260525T083118Z/sat_relu_cpu100_current_20260525/sat_relu_94_q0_small_dense_lp_witness_0.json""]",,/data1/Kane/ACT/audit_results/r93_rerun_20260525T083118Z/sat_relu_cpu100_current_20260525/per_instance_sat_relu_20260525T054215016444Z.json
cpu,95,UNKNOWN,UNKNOWN,UNKNOWN,UNKNOWN,0.096,,False,,PASSED,,onnx/unsat_v16_c39.onnx,vnnlib/unsat_v16_c39.vnnlib,"[""UNKNOWN""]","[""UNKNOWN""]",[null],,/data1/Kane/ACT/audit_results/r93_rerun_20260525T083118Z/sat_relu_cpu100_current_20260525/per_instance_sat_relu_20260525T054215016444Z.json
cpu,96,UNKNOWN,UNKNOWN,UNKNOWN,UNKNOWN,0.241,,False,,PASSED,,onnx/sat_v85_c207.onnx,vnnlib/sat_v85_c207.vnnlib,"[""UNKNOWN""]","[""UNKNOWN""]",[null],,/data1/Kane/ACT/audit_results/r93_rerun_20260525T083118Z/sat_relu_cpu100_current_20260525/per_instance_sat_relu_20260525T054215016444Z.json
cpu,97,UNKNOWN,UNKNOWN,UNKNOWN,UNKNOWN,0.224,,False,,PASSED,,onnx/unsat_v85_c207.onnx,vnnlib/unsat_v85_c207.vnnlib,"[""UNKNOWN""]","[""UNKNOWN""]",[null],,/data1/Kane/ACT/audit_results/r93_rerun_20260525T083118Z/sat_relu_cpu100_current_20260525/per_instance_sat_relu_20260525T054215016444Z.json
cpu,98,UNKNOWN,UNKNOWN,UNKNOWN,UNKNOWN,0.027,,False,,PASSED,,onnx/sat_v44_c52.onnx,vnnlib/sat_v44_c52.vnnlib,"[""UNKNOWN""]","[""UNKNOWN""]",[null],,/data1/Kane/ACT/audit_results/r93_rerun_20260525T083118Z/sat_relu_cpu100_current_20260525/per_instance_sat_relu_20260525T054215016444Z.json
cpu,99,UNKNOWN,UNKNOWN,UNKNOWN,UNKNOWN,0.027,,False,,PASSED,,onnx/unsat_v44_c52.onnx,vnnlib/unsat_v44_c52.vnnlib,"[""UNKNOWN""]","[""UNKNOWN""]",[null],,/data1/Kane/ACT/audit_results/r93_rerun_20260525T083118Z/sat_relu_cpu100_current_20260525/per_instance_sat_relu_20260525T054215016444Z.json
cpu_recheck_A,34,UNKNOWN,UNKNOWN,UNKNOWN,UNKNOWN,0.129,,False,,PASSED,,onnx/sat_v58_c75.onnx,vnnlib/sat_v58_c75.vnnlib,"[""UNKNOWN""]","[""UNKNOWN""]",[null],,/data1/Kane/ACT/audit_results/r93_rerun_20260525T083118Z/sat_relu_divergent_recheck_20260526T020342Z/passA/per_instance_sat_relu_20260526T020346961675Z.json
cpu_recheck_A,50,UNKNOWN,UNKNOWN,UNKNOWN,UNKNOWN,0.16,,False,,PASSED,,onnx/sat_v54_c125.onnx,vnnlib/sat_v54_c125.vnnlib,"[""UNKNOWN""]","[""UNKNOWN""]",[null],,/data1/Kane/ACT/audit_results/r93_rerun_20260525T083118Z/sat_relu_divergent_recheck_20260526T020342Z/passA/per_instance_sat_relu_20260526T020349988273Z.json
cpu_recheck_A,56,UNKNOWN,UNKNOWN,UNKNOWN,UNKNOWN,0.323,,False,,PASSED,,onnx/sat_v92_c180.onnx,vnnlib/sat_v92_c180.vnnlib,"[""UNKNOWN""]","[""UNKNOWN""]",[null],,/data1/Kane/ACT/audit_results/r93_rerun_20260525T083118Z/sat_relu_divergent_recheck_20260526T020342Z/passA/per_instance_sat_relu_20260526T020353144507Z.json
cpu_recheck_A,86,UNKNOWN,UNKNOWN,UNKNOWN,UNKNOWN,0.163,,False,,PASSED,,onnx/sat_v75_c99.onnx,vnnlib/sat_v75_c99.vnnlib,"[""UNKNOWN""]","[""UNKNOWN""]",[null],,/data1/Kane/ACT/audit_results/r93_rerun_20260525T083118Z/sat_relu_divergent_recheck_20260526T020342Z/passA/per_instance_sat_relu_20260526T020355981385Z.json
cpu_recheck_A,92,FALSIFIED,SAT,FALSIFIED,FALSIFIED,0.159,,False,,PASSED,,onnx/sat_v39_c77.onnx,vnnlib/sat_v39_c77.vnnlib,"[""SAT""]","[""FALSIFIED""]","[""/data1/Kane/ACT/audit_results/r93_rerun_20260525T083118Z/sat_relu_divergent_recheck_20260526T020342Z/passA/sat_relu_92_q0_hz_walker_lp_0.json""]",,/data1/Kane/ACT/audit_results/r93_rerun_20260525T083118Z/sat_relu_divergent_recheck_20260526T020342Z/passA/per_instance_sat_relu_20260526T020358775785Z.json
cpu_recheck_B,34,UNKNOWN,UNKNOWN,UNKNOWN,UNKNOWN,0.118,,False,,PASSED,,onnx/sat_v58_c75.onnx,vnnlib/sat_v58_c75.vnnlib,"[""UNKNOWN""]","[""UNKNOWN""]",[null],,/data1/Kane/ACT/audit_results/r93_rerun_20260525T083118Z/sat_relu_divergent_recheck_20260526T020342Z/passB/per_instance_sat_relu_20260526T020404340029Z.json
cpu_recheck_B,50,UNKNOWN,UNKNOWN,UNKNOWN,UNKNOWN,0.165,,False,,PASSED,,onnx/sat_v54_c125.onnx,vnnlib/sat_v54_c125.vnnlib,"[""UNKNOWN""]","[""UNKNOWN""]",[null],,/data1/Kane/ACT/audit_results/r93_rerun_20260525T083118Z/sat_relu_divergent_recheck_20260526T020342Z/passB/per_instance_sat_relu_20260526T020407207708Z.json
cpu_recheck_B,56,UNKNOWN,UNKNOWN,UNKNOWN,UNKNOWN,0.337,,False,,PASSED,,onnx/sat_v92_c180.onnx,vnnlib/sat_v92_c180.vnnlib,"[""UNKNOWN""]","[""UNKNOWN""]",[null],,/data1/Kane/ACT/audit_results/r93_rerun_20260525T083118Z/sat_relu_divergent_recheck_20260526T020342Z/passB/per_instance_sat_relu_20260526T020410424249Z.json
cpu_recheck_B,86,UNKNOWN,UNKNOWN,UNKNOWN,UNKNOWN,0.162,,False,,PASSED,,onnx/sat_v75_c99.onnx,vnnlib/sat_v75_c99.vnnlib,"[""UNKNOWN""]","[""UNKNOWN""]",[null],,/data1/Kane/ACT/audit_results/r93_rerun_20260525T083118Z/sat_relu_divergent_recheck_20260526T020342Z/passB/per_instance_sat_relu_20260526T020413435899Z.json
cpu_recheck_B,92,FALSIFIED,SAT,FALSIFIED,FALSIFIED,0.178,,False,,PASSED,,onnx/sat_v39_c77.onnx,vnnlib/sat_v39_c77.vnnlib,"[""SAT""]","[""FALSIFIED""]","[""/data1/Kane/ACT/audit_results/r93_rerun_20260525T083118Z/sat_relu_divergent_recheck_20260526T020342Z/passB/sat_relu_92_q0_hz_walker_lp_0.json""]",,/data1/Kane/ACT/audit_results/r93_rerun_20260525T083118Z/sat_relu_divergent_recheck_20260526T020342Z/passB/per_instance_sat_relu_20260526T020416456304Z.json
cpu_witness,0,FALSIFIED,SAT,FALSIFIED,FALSIFIED,0.179,,False,,PASSED,,onnx/sat_v30_c38.onnx,vnnlib/sat_v30_c38.vnnlib,"[""SAT""]","[""FALSIFIED""]","[""/data1/Kane/ACT/audit_results/capability_rebaseline_20260524T225704Z/sat_relu_witness/sat_relu_0_q0_small_dense_lp_witness_0.json""]",,/data1/Kane/ACT/audit_results/capability_rebaseline_20260524T225704Z/sat_relu_witness/per_instance_sat_relu_20260524T132126508354Z.json
cpu_witness,1,UNKNOWN,UNKNOWN,UNKNOWN,UNKNOWN,0.181,,False,,PASSED,,onnx/unsat_v30_c38.onnx,vnnlib/unsat_v30_c38.vnnlib,"[""UNKNOWN""]","[""UNKNOWN""]",[null],,/data1/Kane/ACT/audit_results/capability_rebaseline_20260524T225704Z/sat_relu_witness/per_instance_sat_relu_20260524T132126508354Z.json
cpu_witness,10,FALSIFIED,SAT,FALSIFIED,FALSIFIED,0.037,,False,,PASSED,,onnx/sat_v6_c27.onnx,vnnlib/sat_v6_c27.vnnlib,"[""SAT""]","[""FALSIFIED""]","[""/data1/Kane/ACT/audit_results/capability_rebaseline_20260524T225704Z/sat_relu_witness/sat_relu_10_q0_small_dense_lp_witness_0.json""]",,/data1/Kane/ACT/audit_results/capability_rebaseline_20260524T225704Z/sat_relu_witness/per_instance_sat_relu_20260524T132126508354Z.json
cpu_witness,11,UNKNOWN,UNKNOWN,UNKNOWN,UNKNOWN,0.101,,False,,PASSED,,onnx/unsat_v6_c30.onnx,vnnlib/unsat_v6_c30.vnnlib,"[""UNKNOWN""]","[""UNKNOWN""]",[null],,/data1/Kane/ACT/audit_results/capability_rebaseline_20260524T225704Z/sat_relu_witness/per_instance_sat_relu_20260524T132126508354Z.json
cpu_witness,12,FALSIFIED,SAT,FALSIFIED,FALSIFIED,0.04,,False,,PASSED,,onnx/sat_v6_c27.onnx,vnnlib/sat_v6_c27.vnnlib,"[""SAT""]","[""FALSIFIED""]","[""/data1/Kane/ACT/audit_results/capability_rebaseline_20260524T225704Z/sat_relu_witness/sat_relu_12_q0_small_dense_lp_witness_0.json""]",,/data1/Kane/ACT/audit_results/capability_rebaseline_20260524T225704Z/sat_relu_witness/per_instance_sat_relu_20260524T132126508354Z.json
cpu_witness,13,UNKNOWN,UNKNOWN,UNKNOWN,UNKNOWN,0.132,,False,,PASSED,,onnx/unsat_v6_c30.onnx,vnnlib/unsat_v6_c30.vnnlib,"[""UNKNOWN""]","[""UNKNOWN""]",[null],,/data1/Kane/ACT/audit_results/capability_rebaseline_20260524T225704Z/sat_relu_witness/per_instance_sat_relu_20260524T132126508354Z.json
cpu_witness,14,FALSIFIED,SAT,FALSIFIED,FALSIFIED,0.891,,False,,PASSED,,onnx/sat_v100_c373.onnx,vnnlib/sat_v100_c373.vnnlib,"[""SAT""]","[""FALSIFIED""]","[""/data1/Kane/ACT/audit_results/capability_rebaseline_20260524T225704Z/sat_relu_witness/sat_relu_14_q0_hz_walker_lp_0.json""]",,/data1/Kane/ACT/audit_results/capability_rebaseline_20260524T225704Z/sat_relu_witness/per_instance_sat_relu_20260524T132126508354Z.json
cpu_witness,15,UNKNOWN,UNKNOWN,UNKNOWN,UNKNOWN,0.842,,False,,PASSED,,onnx/unsat_v100_c373.onnx,vnnlib/unsat_v100_c373.vnnlib,"[""UNKNOWN""]","[""UNKNOWN""]",[null],,/data1/Kane/ACT/audit_results/capability_rebaseline_20260524T225704Z/sat_relu_witness/per_instance_sat_relu_20260524T132126508354Z.json
cpu_witness,16,FALSIFIED,SAT,FALSIFIED,FALSIFIED,0.257,,False,,PASSED,,onnx/sat_v51_c255.onnx,vnnlib/sat_v51_c255.vnnlib,"[""SAT""]","[""FALSIFIED""]","[""/data1/Kane/ACT/audit_results/capability_rebaseline_20260524T225704Z/sat_relu_witness/sat_relu_16_q0_hz_walker_lp_0.json""]",,/data1/Kane/ACT/audit_results/capability_rebaseline_20260524T225704Z/sat_relu_witness/per_instance_sat_relu_20260524T132126508354Z.json
cpu_witness,17,UNKNOWN,UNKNOWN,UNKNOWN,UNKNOWN,0.26,,False,,PASSED,,onnx/unsat_v51_c255.onnx,vnnlib/unsat_v51_c255.vnnlib,"[""UNKNOWN""]","[""UNKNOWN""]",[null],,/data1/Kane/ACT/audit_results/capability_rebaseline_20260524T225704Z/sat_relu_witness/per_instance_sat_relu_20260524T132126508354Z.json
cpu_witness,18,FALSIFIED,SAT,FALSIFIED,FALSIFIED,0.108,,False,,PASSED,,onnx/sat_v25_c45.onnx,vnnlib/sat_v25_c45.vnnlib,"[""SAT""]","[""FALSIFIED""]","[""/data1/Kane/ACT/audit_results/capability_rebaseline_20260524T225704Z/sat_relu_witness/sat_relu_18_q0_small_dense_lp_witness_0.json""]",,/data1/Kane/ACT/audit_results/capability_rebaseline_20260524T225704Z/sat_relu_witness/per_instance_sat_relu_20260524T132126508354Z.json
cpu_witness,19,UNKNOWN,UNKNOWN,UNKNOWN,UNKNOWN,0.173,,False,,PASSED,,onnx/unsat_v25_c45.onnx,vnnlib/unsat_v25_c45.vnnlib,"[""UNKNOWN""]","[""UNKNOWN""]",[null],,/data1/Kane/ACT/audit_results/capability_rebaseline_20260524T225704Z/sat_relu_witness/per_instance_sat_relu_20260524T132126508354Z.json
cpu_witness,2,FALSIFIED,SAT,FALSIFIED,FALSIFIED,0.22,,False,,PASSED,,onnx/sat_v65_c187.onnx,vnnlib/sat_v65_c187.vnnlib,"[""SAT""]","[""FALSIFIED""]","[""/data1/Kane/ACT/audit_results/capability_rebaseline_20260524T225704Z/sat_relu_witness/sat_relu_2_q0_hz_walker_lp_0.json""]",,/data1/Kane/ACT/audit_results/capability_rebaseline_20260524T225704Z/sat_relu_witness/per_instance_sat_relu_20260524T132126508354Z.json
cpu_witness,20,FALSIFIED,SAT,FALSIFIED,FALSIFIED,0.127,,False,,PASSED,,onnx/sat_v90_c111.onnx,vnnlib/sat_v90_c111.vnnlib,"[""SAT""]","[""FALSIFIED""]","[""/data1/Kane/ACT/audit_results/capability_rebaseline_20260524T225704Z/sat_relu_witness/sat_relu_20_q0_hz_walker_lp_0.json""]",,/data1/Kane/ACT/audit_results/capability_rebaseline_20260524T225704Z/sat_relu_witness/per_instance_sat_relu_20260524T132126508354Z.json
cpu_witness,21,UNKNOWN,UNKNOWN,UNKNOWN,UNKNOWN,0.1,,False,,PASSED,,onnx/unsat_v90_c111.onnx,vnnlib/unsat_v90_c111.vnnlib,"[""UNKNOWN""]","[""UNKNOWN""]",[null],,/data1/Kane/ACT/audit_results/capability_rebaseline_20260524T225704Z/sat_relu_witness/per_instance_sat_relu_20260524T132126508354Z.json
cpu_witness,22,FALSIFIED,SAT,FALSIFIED,FALSIFIED,0.32,,False,,PASSED,,onnx/sat_v63_c267.onnx,vnnlib/sat_v63_c267.vnnlib,"[""SAT""]","[""FALSIFIED""]","[""/data1/Kane/ACT/audit_results/capability_rebaseline_20260524T225704Z/sat_relu_witness/sat_relu_22_q0_hz_walker_lp_0.json""]",,/data1/Kane/ACT/audit_results/capability_rebaseline_20260524T225704Z/sat_relu_witness/per_instance_sat_relu_20260524T132126508354Z.json
cpu_witness,23,UNKNOWN,UNKNOWN,UNKNOWN,UNKNOWN,0.301,,False,,PASSED,,onnx/unsat_v63_c267.onnx,vnnlib/unsat_v63_c267.vnnlib,"[""UNKNOWN""]","[""UNKNOWN""]",[null],,/data1/Kane/ACT/audit_results/capability_rebaseline_20260524T225704Z/sat_relu_witness/per_instance_sat_relu_20260524T132126508354Z.json
cpu_witness,24,FALSIFIED,SAT,FALSIFIED,FALSIFIED,0.238,,False,,PASSED,,onnx/sat_v18_c87.onnx,vnnlib/sat_v18_c87.vnnlib,"[""SAT""]","[""FALSIFIED""]","[""/data1/Kane/ACT/audit_results/capability_rebaseline_20260524T225704Z/sat_relu_witness/sat_relu_24_q0_small_dense_lp_witness_0.json""]",,/data1/Kane/ACT/audit_results/capability_rebaseline_20260524T225704Z/sat_relu_witness/per_instance_sat_relu_20260524T132126508354Z.json
cpu_witness,25,UNKNOWN,UNKNOWN,UNKNOWN,UNKNOWN,0.241,,False,,PASSED,,onnx/unsat_v18_c88.onnx,vnnlib/unsat_v18_c88.vnnlib,"[""UNKNOWN""]","[""UNKNOWN""]",[null],,/data1/Kane/ACT/audit_results/capability_rebaseline_20260524T225704Z/sat_relu_witness/per_instance_sat_relu_20260524T132126508354Z.json
cpu_witness,26,FALSIFIED,SAT,FALSIFIED,FALSIFIED,0.125,,False,,PASSED,,onnx/sat_v92_c117.onnx,vnnlib/sat_v92_c117.vnnlib,"[""SAT""]","[""FALSIFIED""]","[""/data1/Kane/ACT/audit_results/capability_rebaseline_20260524T225704Z/sat_relu_witness/sat_relu_26_q0_hz_walker_lp_0.json""]",,/data1/Kane/ACT/audit_results/capability_rebaseline_20260524T225704Z/sat_relu_witness/per_instance_sat_relu_20260524T132126508354Z.json
cpu_witness,27,UNKNOWN,UNKNOWN,UNKNOWN,UNKNOWN,0.108,,False,,PASSED,,onnx/unsat_v92_c117.onnx,vnnlib/unsat_v92_c117.vnnlib,"[""UNKNOWN""]","[""UNKNOWN""]",[null],,/data1/Kane/ACT/audit_results/capability_rebaseline_20260524T225704Z/sat_relu_witness/per_instance_sat_relu_20260524T132126508354Z.json
cpu_witness,28,FALSIFIED,SAT,FALSIFIED,FALSIFIED,0.575,,False,,PASSED,,onnx/sat_v94_c313.onnx,vnnlib/sat_v94_c313.vnnlib,"[""SAT""]","[""FALSIFIED""]","[""/data1/Kane/ACT/audit_results/capability_rebaseline_20260524T225704Z/sat_relu_witness/sat_relu_28_q0_hz_walker_lp_0.json""]",,/data1/Kane/ACT/audit_results/capability_rebaseline_20260524T225704Z/sat_relu_witness/per_instance_sat_relu_20260524T132126508354Z.json
cpu_witness,29,UNKNOWN,UNKNOWN,UNKNOWN,UNKNOWN,0.552,,False,,PASSED,,onnx/unsat_v94_c313.onnx,vnnlib/unsat_v94_c313.vnnlib,"[""UNKNOWN""]","[""UNKNOWN""]",[null],,/data1/Kane/ACT/audit_results/capability_rebaseline_20260524T225704Z/sat_relu_witness/per_instance_sat_relu_20260524T132126508354Z.json
cpu_witness,3,UNKNOWN,UNKNOWN,UNKNOWN,UNKNOWN,0.165,,False,,PASSED,,onnx/unsat_v65_c187.onnx,vnnlib/unsat_v65_c187.vnnlib,"[""UNKNOWN""]","[""UNKNOWN""]",[null],,/data1/Kane/ACT/audit_results/capability_rebaseline_20260524T225704Z/sat_relu_witness/per_instance_sat_relu_20260524T132126508354Z.json
cpu_witness,30,FALSIFIED,SAT,FALSIFIED,FALSIFIED,0.141,,False,,PASSED,,onnx/sat_v24_c66.onnx,vnnlib/sat_v24_c66.vnnlib,"[""SAT""]","[""FALSIFIED""]","[""/data1/Kane/ACT/audit_results/capability_rebaseline_20260524T225704Z/sat_relu_witness/sat_relu_30_q0_small_dense_lp_witness_0.json""]",,/data1/Kane/ACT/audit_results/capability_rebaseline_20260524T225704Z/sat_relu_witness/per_instance_sat_relu_20260524T132126508354Z.json
cpu_witness,31,UNKNOWN,UNKNOWN,UNKNOWN,UNKNOWN,0.212,,False,,PASSED,,onnx/unsat_v24_c66.onnx,vnnlib/unsat_v24_c66.vnnlib,"[""UNKNOWN""]","[""UNKNOWN""]",[null],,/data1/Kane/ACT/audit_results/capability_rebaseline_20260524T225704Z/sat_relu_witness/per_instance_sat_relu_20260524T132126508354Z.json
cpu_witness,32,FALSIFIED,SAT,FALSIFIED,FALSIFIED,0.13,,False,,PASSED,,onnx/sat_v67_c154.onnx,vnnlib/sat_v67_c154.vnnlib,"[""SAT""]","[""FALSIFIED""]","[""/data1/Kane/ACT/audit_results/capability_rebaseline_20260524T225704Z/sat_relu_witness/sat_relu_32_q0_hz_walker_lp_0.json""]",,/data1/Kane/ACT/audit_results/capability_rebaseline_20260524T225704Z/sat_relu_witness/per_instance_sat_relu_20260524T132126508354Z.json
cpu_witness,33,UNKNOWN,UNKNOWN,UNKNOWN,UNKNOWN,0.12,,False,,PASSED,,onnx/unsat_v67_c154.onnx,vnnlib/unsat_v67_c154.vnnlib,"[""UNKNOWN""]","[""UNKNOWN""]",[null],,/data1/Kane/ACT/audit_results/capability_rebaseline_20260524T225704Z/sat_relu_witness/per_instance_sat_relu_20260524T132126508354Z.json
cpu_witness,34,FALSIFIED,SAT,FALSIFIED,FALSIFIED,0.058,,False,,PASSED,,onnx/sat_v58_c75.onnx,vnnlib/sat_v58_c75.vnnlib,"[""SAT""]","[""FALSIFIED""]","[""/data1/Kane/ACT/audit_results/capability_rebaseline_20260524T225704Z/sat_relu_witness/sat_relu_34_q0_hz_walker_lp_0.json""]",,/data1/Kane/ACT/audit_results/capability_rebaseline_20260524T225704Z/sat_relu_witness/per_instance_sat_relu_20260524T132126508354Z.json
cpu_witness,35,UNKNOWN,UNKNOWN,UNKNOWN,UNKNOWN,0.045,,False,,PASSED,,onnx/unsat_v58_c75.onnx,vnnlib/unsat_v58_c75.vnnlib,"[""UNKNOWN""]","[""UNKNOWN""]",[null],,/data1/Kane/ACT/audit_results/capability_rebaseline_20260524T225704Z/sat_relu_witness/per_instance_sat_relu_20260524T132126508354Z.json
cpu_witness,36,FALSIFIED,SAT,FALSIFIED,FALSIFIED,0.081,,False,,PASSED,,onnx/sat_v40_c142.onnx,vnnlib/sat_v40_c142.vnnlib,"[""SAT""]","[""FALSIFIED""]","[""/data1/Kane/ACT/audit_results/capability_rebaseline_20260524T225704Z/sat_relu_witness/sat_relu_36_q0_hz_walker_lp_0.json""]",,/data1/Kane/ACT/audit_results/capability_rebaseline_20260524T225704Z/sat_relu_witness/per_instance_sat_relu_20260524T132126508354Z.json
cpu_witness,37,UNKNOWN,UNKNOWN,UNKNOWN,UNKNOWN,0.078,,False,,PASSED,,onnx/unsat_v40_c142.onnx,vnnlib/unsat_v40_c142.vnnlib,"[""UNKNOWN""]","[""UNKNOWN""]",[null],,/data1/Kane/ACT/audit_results/capability_rebaseline_20260524T225704Z/sat_relu_witness/per_instance_sat_relu_20260524T132126508354Z.json
cpu_witness,38,FALSIFIED,SAT,FALSIFIED,FALSIFIED,0.19,,False,,PASSED,,onnx/sat_v26_c84.onnx,vnnlib/sat_v26_c84.vnnlib,"[""SAT""]","[""FALSIFIED""]","[""/data1/Kane/ACT/audit_results/capability_rebaseline_20260524T225704Z/sat_relu_witness/sat_relu_38_q0_small_dense_lp_witness_0.json""]",,/data1/Kane/ACT/audit_results/capability_rebaseline_20260524T225704Z/sat_relu_witness/per_instance_sat_relu_20260524T132126508354Z.json
cpu_witness,39,UNKNOWN,UNKNOWN,UNKNOWN,UNKNOWN,0.271,,False,,PASSED,,onnx/unsat_v26_c84.onnx,vnnlib/unsat_v26_c84.vnnlib,"[""UNKNOWN""]","[""UNKNOWN""]",[null],,/data1/Kane/ACT/audit_results/capability_rebaseline_20260524T225704Z/sat_relu_witness/per_instance_sat_relu_20260524T132126508354Z.json
cpu_witness,4,FALSIFIED,SAT,FALSIFIED,FALSIFIED,0.313,,False,,PASSED,,onnx/sat_v91_c217.onnx,vnnlib/sat_v91_c217.vnnlib,"[""SAT""]","[""FALSIFIED""]","[""/data1/Kane/ACT/audit_results/capability_rebaseline_20260524T225704Z/sat_relu_witness/sat_relu_4_q0_hz_walker_lp_0.json""]",,/data1/Kane/ACT/audit_results/capability_rebaseline_20260524T225704Z/sat_relu_witness/per_instance_sat_relu_20260524T132126508354Z.json
cpu_witness,40,FALSIFIED,SAT,FALSIFIED,FALSIFIED,0.087,,False,,PASSED,,onnx/sat_v46_c142.onnx,vnnlib/sat_v46_c142.vnnlib,"[""SAT""]","[""FALSIFIED""]","[""/data1/Kane/ACT/audit_results/capability_rebaseline_20260524T225704Z/sat_relu_witness/sat_relu_40_q0_hz_walker_lp_0.json""]",,/data1/Kane/ACT/audit_results/capability_rebaseline_20260524T225704Z/sat_relu_witness/per_instance_sat_relu_20260524T132126508354Z.json
cpu_witness,41,UNKNOWN,UNKNOWN,UNKNOWN,UNKNOWN,0.082,,False,,PASSED,,onnx/unsat_v46_c142.onnx,vnnlib/unsat_v46_c142.vnnlib,"[""UNKNOWN""]","[""UNKNOWN""]",[null],,/data1/Kane/ACT/audit_results/capability_rebaseline_20260524T225704Z/sat_relu_witness/per_instance_sat_relu_20260524T132126508354Z.json
cpu_witness,42,FALSIFIED,SAT,FALSIFIED,FALSIFIED,0.238,,False,,PASSED,,onnx/sat_v56_c239.onnx,vnnlib/sat_v56_c239.vnnlib,"[""SAT""]","[""FALSIFIED""]","[""/data1/Kane/ACT/audit_results/capability_rebaseline_20260524T225704Z/sat_relu_witness/sat_relu_42_q0_hz_walker_lp_0.json""]",,/data1/Kane/ACT/audit_results/capability_rebaseline_20260524T225704Z/sat_relu_witness/per_instance_sat_relu_20260524T132126508354Z.json
cpu_witness,43,UNKNOWN,UNKNOWN,UNKNOWN,UNKNOWN,0.226,,False,,PASSED,,onnx/unsat_v56_c239.onnx,vnnlib/unsat_v56_c239.vnnlib,"[""UNKNOWN""]","[""UNKNOWN""]",[null],,/data1/Kane/ACT/audit_results/capability_rebaseline_20260524T225704Z/sat_relu_witness/per_instance_sat_relu_20260524T132126508354Z.json
cpu_witness,44,FALSIFIED,SAT,FALSIFIED,FALSIFIED,0.047,,False,,PASSED,,onnx/sat_v10_c26.onnx,vnnlib/sat_v10_c26.vnnlib,"[""SAT""]","[""FALSIFIED""]","[""/data1/Kane/ACT/audit_results/capability_rebaseline_20260524T225704Z/sat_relu_witness/sat_relu_44_q0_small_dense_lp_witness_0.json""]",,/data1/Kane/ACT/audit_results/capability_rebaseline_20260524T225704Z/sat_relu_witness/per_instance_sat_relu_20260524T132126508354Z.json
cpu_witness,45,UNKNOWN,UNKNOWN,UNKNOWN,UNKNOWN,0.107,,False,,PASSED,,onnx/unsat_v10_c26.onnx,vnnlib/unsat_v10_c26.vnnlib,"[""UNKNOWN""]","[""UNKNOWN""]",[null],,/data1/Kane/ACT/audit_results/capability_rebaseline_20260524T225704Z/sat_relu_witness/per_instance_sat_relu_20260524T132126508354Z.json
cpu_witness,46,FALSIFIED,SAT,FALSIFIED,FALSIFIED,0.147,,False,,PASSED,,onnx/sat_v73_c156.onnx,vnnlib/sat_v73_c156.vnnlib,"[""SAT""]","[""FALSIFIED""]","[""/data1/Kane/ACT/audit_results/capability_rebaseline_20260524T225704Z/sat_relu_witness/sat_relu_46_q0_hz_walker_lp_0.json""]",,/data1/Kane/ACT/audit_results/capability_rebaseline_20260524T225704Z/sat_relu_witness/per_instance_sat_relu_20260524T132126508354Z.json
cpu_witness,47,UNKNOWN,UNKNOWN,UNKNOWN,UNKNOWN,0.129,,False,,PASSED,,onnx/unsat_v73_c156.onnx,vnnlib/unsat_v73_c156.vnnlib,"[""UNKNOWN""]","[""UNKNOWN""]",[null],,/data1/Kane/ACT/audit_results/capability_rebaseline_20260524T225704Z/sat_relu_witness/per_instance_sat_relu_20260524T132126508354Z.json
cpu_witness,48,FALSIFIED,SAT,FALSIFIED,FALSIFIED,0.212,,False,,PASSED,,onnx/sat_v85_c186.onnx,vnnlib/sat_v85_c186.vnnlib,"[""SAT""]","[""FALSIFIED""]","[""/data1/Kane/ACT/audit_results/capability_rebaseline_20260524T225704Z/sat_relu_witness/sat_relu_48_q0_hz_walker_lp_0.json""]",,/data1/Kane/ACT/audit_results/capability_rebaseline_20260524T225704Z/sat_relu_witness/per_instance_sat_relu_20260524T132126508354Z.json
cpu_witness,49,UNKNOWN,UNKNOWN,UNKNOWN,UNKNOWN,0.191,,False,,PASSED,,onnx/unsat_v85_c186.onnx,vnnlib/unsat_v85_c186.vnnlib,"[""UNKNOWN""]","[""UNKNOWN""]",[null],,/data1/Kane/ACT/audit_results/capability_rebaseline_20260524T225704Z/sat_relu_witness/per_instance_sat_relu_20260524T132126508354Z.json
cpu_witness,5,UNKNOWN,UNKNOWN,UNKNOWN,UNKNOWN,0.278,,False,,PASSED,,onnx/unsat_v91_c217.onnx,vnnlib/unsat_v91_c217.vnnlib,"[""UNKNOWN""]","[""UNKNOWN""]",[null],,/data1/Kane/ACT/audit_results/capability_rebaseline_20260524T225704Z/sat_relu_witness/per_instance_sat_relu_20260524T132126508354Z.json
cpu_witness,50,FALSIFIED,SAT,FALSIFIED,FALSIFIED,0.082,,False,,PASSED,,onnx/sat_v54_c125.onnx,vnnlib/sat_v54_c125.vnnlib,"[""SAT""]","[""FALSIFIED""]","[""/data1/Kane/ACT/audit_results/capability_rebaseline_20260524T225704Z/sat_relu_witness/sat_relu_50_q0_hz_walker_lp_0.json""]",,/data1/Kane/ACT/audit_results/capability_rebaseline_20260524T225704Z/sat_relu_witness/per_instance_sat_relu_20260524T132126508354Z.json
cpu_witness,51,UNKNOWN,UNKNOWN,UNKNOWN,UNKNOWN,0.072,,False,,PASSED,,onnx/unsat_v54_c125.onnx,vnnlib/unsat_v54_c125.vnnlib,"[""UNKNOWN""]","[""UNKNOWN""]",[null],,/data1/Kane/ACT/audit_results/capability_rebaseline_20260524T225704Z/sat_relu_witness/per_instance_sat_relu_20260524T132126508354Z.json
cpu_witness,52,FALSIFIED,SAT,FALSIFIED,FALSIFIED,0.034,,False,,PASSED,,onnx/sat_v9_c9.onnx,vnnlib/sat_v9_c9.vnnlib,"[""SAT""]","[""FALSIFIED""]","[""/data1/Kane/ACT/audit_results/capability_rebaseline_20260524T225704Z/sat_relu_witness/sat_relu_52_q0_small_dense_lp_witness_0.json""]",,/data1/Kane/ACT/audit_results/capability_rebaseline_20260524T225704Z/sat_relu_witness/per_instance_sat_relu_20260524T132126508354Z.json
cpu_witness,53,CERTIFIED,UNSAT,CERTIFIED,CERTIFIED,0.014,,False,,PASSED,,onnx/unsat_v9_c9.onnx,vnnlib/unsat_v9_c9.vnnlib,"[""UNSAT""]","[""CERTIFIED""]",[null],,/data1/Kane/ACT/audit_results/capability_rebaseline_20260524T225704Z/sat_relu_witness/per_instance_sat_relu_20260524T132126508354Z.json
cpu_witness,54,FALSIFIED,SAT,FALSIFIED,FALSIFIED,0.038,,False,,PASSED,,onnx/sat_v9_c14.onnx,vnnlib/sat_v9_c14.vnnlib,"[""SAT""]","[""FALSIFIED""]","[""/data1/Kane/ACT/audit_results/capability_rebaseline_20260524T225704Z/sat_relu_witness/sat_relu_54_q0_small_dense_lp_witness_0.json""]",,/data1/Kane/ACT/audit_results/capability_rebaseline_20260524T225704Z/sat_relu_witness/per_instance_sat_relu_20260524T132126508354Z.json
cpu_witness,55,UNKNOWN,UNKNOWN,UNKNOWN,UNKNOWN,0.093,,False,,PASSED,,onnx/unsat_v9_c14.onnx,vnnlib/unsat_v9_c14.vnnlib,"[""UNKNOWN""]","[""UNKNOWN""]",[null],,/data1/Kane/ACT/audit_results/capability_rebaseline_20260524T225704Z/sat_relu_witness/per_instance_sat_relu_20260524T132126508354Z.json
cpu_witness,56,FALSIFIED,SAT,FALSIFIED,FALSIFIED,0.215,,False,,PASSED,,onnx/sat_v92_c180.onnx,vnnlib/sat_v92_c180.vnnlib,"[""SAT""]","[""FALSIFIED""]","[""/data1/Kane/ACT/audit_results/capability_rebaseline_20260524T225704Z/sat_relu_witness/sat_relu_56_q0_hz_walker_lp_0.json""]",,/data1/Kane/ACT/audit_results/capability_rebaseline_20260524T225704Z/sat_relu_witness/per_instance_sat_relu_20260524T132126508354Z.json
cpu_witness,57,UNKNOWN,UNKNOWN,UNKNOWN,UNKNOWN,0.195,,False,,PASSED,,onnx/unsat_v92_c180.onnx,vnnlib/unsat_v92_c180.vnnlib,"[""UNKNOWN""]","[""UNKNOWN""]",[null],,/data1/Kane/ACT/audit_results/capability_rebaseline_20260524T225704Z/sat_relu_witness/per_instance_sat_relu_20260524T132126508354Z.json
cpu_witness,58,FALSIFIED,SAT,FALSIFIED,FALSIFIED,0.592,,False,,PASSED,,onnx/sat_v83_c328.onnx,vnnlib/sat_v83_c328.vnnlib,"[""SAT""]","[""FALSIFIED""]","[""/data1/Kane/ACT/audit_results/capability_rebaseline_20260524T225704Z/sat_relu_witness/sat_relu_58_q0_hz_walker_lp_0.json""]",,/data1/Kane/ACT/audit_results/capability_rebaseline_20260524T225704Z/sat_relu_witness/per_instance_sat_relu_20260524T132126508354Z.json
cpu_witness,59,UNKNOWN,UNKNOWN,UNKNOWN,UNKNOWN,0.552,,False,,PASSED,,onnx/unsat_v83_c328.onnx,vnnlib/unsat_v83_c328.vnnlib,"[""UNKNOWN""]","[""UNKNOWN""]",[null],,/data1/Kane/ACT/audit_results/capability_rebaseline_20260524T225704Z/sat_relu_witness/per_instance_sat_relu_20260524T132126508354Z.json
cpu_witness,6,FALSIFIED,SAT,FALSIFIED,FALSIFIED,0.114,,False,,PASSED,,onnx/sat_v14_c57.onnx,vnnlib/sat_v14_c57.vnnlib,"[""SAT""]","[""FALSIFIED""]","[""/data1/Kane/ACT/audit_results/capability_rebaseline_20260524T225704Z/sat_relu_witness/sat_relu_6_q0_small_dense_lp_witness_0.json""]",,/data1/Kane/ACT/audit_results/capability_rebaseline_20260524T225704Z/sat_relu_witness/per_instance_sat_relu_20260524T132126508354Z.json
cpu_witness,60,FALSIFIED,SAT,FALSIFIED,FALSIFIED,0.038,,False,,PASSED,,onnx/sat_v37_c63.onnx,vnnlib/sat_v37_c63.vnnlib,"[""SAT""]","[""FALSIFIED""]","[""/data1/Kane/ACT/audit_results/capability_rebaseline_20260524T225704Z/sat_relu_witness/sat_relu_60_q0_hz_walker_lp_0.json""]",,/data1/Kane/ACT/audit_results/capability_rebaseline_20260524T225704Z/sat_relu_witness/per_instance_sat_relu_20260524T132126508354Z.json
cpu_witness,61,UNKNOWN,UNKNOWN,UNKNOWN,UNKNOWN,0.029,,False,,PASSED,,onnx/unsat_v37_c63.onnx,vnnlib/unsat_v37_c63.vnnlib,"[""UNKNOWN""]","[""UNKNOWN""]",[null],,/data1/Kane/ACT/audit_results/capability_rebaseline_20260524T225704Z/sat_relu_witness/per_instance_sat_relu_20260524T132126508354Z.json
cpu_witness,62,FALSIFIED,SAT,FALSIFIED,FALSIFIED,1.611,,False,,PASSED,,onnx/sat_v99_c485.onnx,vnnlib/sat_v99_c485.vnnlib,"[""SAT""]","[""FALSIFIED""]","[""/data1/Kane/ACT/audit_results/capability_rebaseline_20260524T225704Z/sat_relu_witness/sat_relu_62_q0_hz_walker_lp_0.json""]",,/data1/Kane/ACT/audit_results/capability_rebaseline_20260524T225704Z/sat_relu_witness/per_instance_sat_relu_20260524T132126508354Z.json
cpu_witness,63,UNKNOWN,UNKNOWN,UNKNOWN,UNKNOWN,1.567,,False,,PASSED,,onnx/unsat_v99_c485.onnx,vnnlib/unsat_v99_c485.vnnlib,"[""UNKNOWN""]","[""UNKNOWN""]",[null],,/data1/Kane/ACT/audit_results/capability_rebaseline_20260524T225704Z/sat_relu_witness/per_instance_sat_relu_20260524T132126508354Z.json
cpu_witness,64,FALSIFIED,SAT,FALSIFIED,FALSIFIED,0.847,,False,,PASSED,,onnx/sat_v94_c377.onnx,vnnlib/sat_v94_c377.vnnlib,"[""SAT""]","[""FALSIFIED""]","[""/data1/Kane/ACT/audit_results/capability_rebaseline_20260524T225704Z/sat_relu_witness/sat_relu_64_q0_hz_walker_lp_0.json""]",,/data1/Kane/ACT/audit_results/capability_rebaseline_20260524T225704Z/sat_relu_witness/per_instance_sat_relu_20260524T132126508354Z.json
cpu_witness,65,UNKNOWN,UNKNOWN,UNKNOWN,UNKNOWN,0.822,,False,,PASSED,,onnx/unsat_v94_c377.onnx,vnnlib/unsat_v94_c377.vnnlib,"[""UNKNOWN""]","[""UNKNOWN""]",[null],,/data1/Kane/ACT/audit_results/capability_rebaseline_20260524T225704Z/sat_relu_witness/per_instance_sat_relu_20260524T132126508354Z.json
cpu_witness,66,FALSIFIED,SAT,FALSIFIED,FALSIFIED,0.333,,False,,PASSED,,onnx/sat_v87_c243.onnx,vnnlib/sat_v87_c243.vnnlib,"[""SAT""]","[""FALSIFIED""]","[""/data1/Kane/ACT/audit_results/capability_rebaseline_20260524T225704Z/sat_relu_witness/sat_relu_66_q0_hz_walker_lp_0.json""]",,/data1/Kane/ACT/audit_results/capability_rebaseline_20260524T225704Z/sat_relu_witness/per_instance_sat_relu_20260524T132126508354Z.json
cpu_witness,67,UNKNOWN,UNKNOWN,UNKNOWN,UNKNOWN,0.306,,False,,PASSED,,onnx/unsat_v87_c243.onnx,vnnlib/unsat_v87_c243.vnnlib,"[""UNKNOWN""]","[""UNKNOWN""]",[null],,/data1/Kane/ACT/audit_results/capability_rebaseline_20260524T225704Z/sat_relu_witness/per_instance_sat_relu_20260524T132126508354Z.json
cpu_witness,68,FALSIFIED,SAT,FALSIFIED,FALSIFIED,0.099,,False,,PASSED,,onnx/sat_v25_c40.onnx,vnnlib/sat_v25_c40.vnnlib,"[""SAT""]","[""FALSIFIED""]","[""/data1/Kane/ACT/audit_results/capability_rebaseline_20260524T225704Z/sat_relu_witness/sat_relu_68_q0_small_dense_lp_witness_0.json""]",,/data1/Kane/ACT/audit_results/capability_rebaseline_20260524T225704Z/sat_relu_witness/per_instance_sat_relu_20260524T132126508354Z.json
cpu_witness,69,UNKNOWN,UNKNOWN,UNKNOWN,UNKNOWN,0.122,,False,,PASSED,,onnx/unsat_v25_c40.onnx,vnnlib/unsat_v25_c40.vnnlib,"[""UNKNOWN""]","[""UNKNOWN""]",[null],,/data1/Kane/ACT/audit_results/capability_rebaseline_20260524T225704Z/sat_relu_witness/per_instance_sat_relu_20260524T132126508354Z.json
cpu_witness,7,UNKNOWN,UNKNOWN,UNKNOWN,UNKNOWN,0.174,,False,,PASSED,,onnx/unsat_v14_c57.onnx,vnnlib/unsat_v14_c57.vnnlib,"[""UNKNOWN""]","[""UNKNOWN""]",[null],,/data1/Kane/ACT/audit_results/capability_rebaseline_20260524T225704Z/sat_relu_witness/per_instance_sat_relu_20260524T132126508354Z.json
cpu_witness,70,FALSIFIED,SAT,FALSIFIED,FALSIFIED,0.046,,False,,PASSED,,onnx/sat_v34_c98.onnx,vnnlib/sat_v34_c98.vnnlib,"[""SAT""]","[""FALSIFIED""]","[""/data1/Kane/ACT/audit_results/capability_rebaseline_20260524T225704Z/sat_relu_witness/sat_relu_70_q0_hz_walker_lp_0.json""]",,/data1/Kane/ACT/audit_results/capability_rebaseline_20260524T225704Z/sat_relu_witness/per_instance_sat_relu_20260524T132126508354Z.json
cpu_witness,71,UNKNOWN,UNKNOWN,UNKNOWN,UNKNOWN,0.04,,False,,PASSED,,onnx/unsat_v34_c98.onnx,vnnlib/unsat_v34_c98.vnnlib,"[""UNKNOWN""]","[""UNKNOWN""]",[null],,/data1/Kane/ACT/audit_results/capability_rebaseline_20260524T225704Z/sat_relu_witness/per_instance_sat_relu_20260524T132126508354Z.json
cpu_witness,72,FALSIFIED,SAT,FALSIFIED,FALSIFIED,0.167,,False,,PASSED,,onnx/sat_v70_c178.onnx,vnnlib/sat_v70_c178.vnnlib,"[""SAT""]","[""FALSIFIED""]","[""/data1/Kane/ACT/audit_results/capability_rebaseline_20260524T225704Z/sat_relu_witness/sat_relu_72_q0_hz_walker_lp_0.json""]",,/data1/Kane/ACT/audit_results/capability_rebaseline_20260524T225704Z/sat_relu_witness/per_instance_sat_relu_20260524T132126508354Z.json
cpu_witness,73,UNKNOWN,UNKNOWN,UNKNOWN,UNKNOWN,0.153,,False,,PASSED,,onnx/unsat_v70_c178.onnx,vnnlib/unsat_v70_c178.vnnlib,"[""UNKNOWN""]","[""UNKNOWN""]",[null],,/data1/Kane/ACT/audit_results/capability_rebaseline_20260524T225704Z/sat_relu_witness/per_instance_sat_relu_20260524T132126508354Z.json
cpu_witness,74,FALSIFIED,SAT,FALSIFIED,FALSIFIED,0.094,,False,,PASSED,,onnx/sat_v20_c40.onnx,vnnlib/sat_v20_c40.vnnlib,"[""SAT""]","[""FALSIFIED""]","[""/data1/Kane/ACT/audit_results/capability_rebaseline_20260524T225704Z/sat_relu_witness/sat_relu_74_q0_small_dense_lp_witness_0.json""]",,/data1/Kane/ACT/audit_results/capability_rebaseline_20260524T225704Z/sat_relu_witness/per_instance_sat_relu_20260524T132126508354Z.json
cpu_witness,75,UNKNOWN,UNKNOWN,UNKNOWN,UNKNOWN,0.155,,False,,PASSED,,onnx/unsat_v20_c40.onnx,vnnlib/unsat_v20_c40.vnnlib,"[""UNKNOWN""]","[""UNKNOWN""]",[null],,/data1/Kane/ACT/audit_results/capability_rebaseline_20260524T225704Z/sat_relu_witness/per_instance_sat_relu_20260524T132126508354Z.json
cpu_witness,76,FALSIFIED,SAT,FALSIFIED,FALSIFIED,0.118,,False,,PASSED,,onnx/sat_v30_c44.onnx,vnnlib/sat_v30_c44.vnnlib,"[""SAT""]","[""FALSIFIED""]","[""/data1/Kane/ACT/audit_results/capability_rebaseline_20260524T225704Z/sat_relu_witness/sat_relu_76_q0_small_dense_lp_witness_0.json""]",,/data1/Kane/ACT/audit_results/capability_rebaseline_20260524T225704Z/sat_relu_witness/per_instance_sat_relu_20260524T132126508354Z.json
cpu_witness,77,UNKNOWN,UNKNOWN,UNKNOWN,UNKNOWN,0.144,,False,,PASSED,,onnx/unsat_v30_c44.onnx,vnnlib/unsat_v30_c44.vnnlib,"[""UNKNOWN""]","[""UNKNOWN""]",[null],,/data1/Kane/ACT/audit_results/capability_rebaseline_20260524T225704Z/sat_relu_witness/per_instance_sat_relu_20260524T132126508354Z.json
cpu_witness,78,FALSIFIED,SAT,FALSIFIED,FALSIFIED,0.383,,False,,PASSED,,onnx/sat_v63_c286.onnx,vnnlib/sat_v63_c286.vnnlib,"[""SAT""]","[""FALSIFIED""]","[""/data1/Kane/ACT/audit_results/capability_rebaseline_20260524T225704Z/sat_relu_witness/sat_relu_78_q0_hz_walker_lp_0.json""]",,/data1/Kane/ACT/audit_results/capability_rebaseline_20260524T225704Z/sat_relu_witness/per_instance_sat_relu_20260524T132126508354Z.json
cpu_witness,79,UNKNOWN,UNKNOWN,UNKNOWN,UNKNOWN,0.354,,False,,PASSED,,onnx/unsat_v63_c286.onnx,vnnlib/unsat_v63_c286.vnnlib,"[""UNKNOWN""]","[""UNKNOWN""]",[null],,/data1/Kane/ACT/audit_results/capability_rebaseline_20260524T225704Z/sat_relu_witness/per_instance_sat_relu_20260524T132126508354Z.json
cpu_witness,8,FALSIFIED,SAT,FALSIFIED,FALSIFIED,0.497,,False,,PASSED,,onnx/sat_v95_c275.onnx,vnnlib/sat_v95_c275.vnnlib,"[""SAT""]","[""FALSIFIED""]","[""/data1/Kane/ACT/audit_results/capability_rebaseline_20260524T225704Z/sat_relu_witness/sat_relu_8_q0_hz_walker_lp_0.json""]",,/data1/Kane/ACT/audit_results/capability_rebaseline_20260524T225704Z/sat_relu_witness/per_instance_sat_relu_20260524T132126508354Z.json
cpu_witness,80,UNKNOWN,UNKNOWN,UNKNOWN,UNKNOWN,0.064,,False,,PASSED,,onnx/sat_v38_c132.onnx,vnnlib/sat_v38_c132.vnnlib,"[""UNKNOWN""]","[""UNKNOWN""]",[null],,/data1/Kane/ACT/audit_results/capability_rebaseline_20260524T225704Z/sat_relu_witness/per_instance_sat_relu_20260524T132126508354Z.json
cpu_witness,81,UNKNOWN,UNKNOWN,UNKNOWN,UNKNOWN,0.063,,False,,PASSED,,onnx/unsat_v38_c132.onnx,vnnlib/unsat_v38_c132.vnnlib,"[""UNKNOWN""]","[""UNKNOWN""]",[null],,/data1/Kane/ACT/audit_results/capability_rebaseline_20260524T225704Z/sat_relu_witness/per_instance_sat_relu_20260524T132126508354Z.json
cpu_witness,82,FALSIFIED,SAT,FALSIFIED,FALSIFIED,0.077,,False,,PASSED,,onnx/sat_v33_c140.onnx,vnnlib/sat_v33_c140.vnnlib,"[""SAT""]","[""FALSIFIED""]","[""/data1/Kane/ACT/audit_results/capability_rebaseline_20260524T225704Z/sat_relu_witness/sat_relu_82_q0_hz_walker_lp_0.json""]",,/data1/Kane/ACT/audit_results/capability_rebaseline_20260524T225704Z/sat_relu_witness/per_instance_sat_relu_20260524T132126508354Z.json
cpu_witness,83,UNKNOWN,UNKNOWN,UNKNOWN,UNKNOWN,0.066,,False,,PASSED,,onnx/unsat_v33_c140.onnx,vnnlib/unsat_v33_c140.vnnlib,"[""UNKNOWN""]","[""UNKNOWN""]",[null],,/data1/Kane/ACT/audit_results/capability_rebaseline_20260524T225704Z/sat_relu_witness/per_instance_sat_relu_20260524T132126508354Z.json
cpu_witness,84,FALSIFIED,SAT,FALSIFIED,FALSIFIED,1.237,,False,,PASSED,,onnx/sat_v90_c449.onnx,vnnlib/sat_v90_c449.vnnlib,"[""SAT""]","[""FALSIFIED""]","[""/data1/Kane/ACT/audit_results/capability_rebaseline_20260524T225704Z/sat_relu_witness/sat_relu_84_q0_hz_walker_lp_0.json""]",,/data1/Kane/ACT/audit_results/capability_rebaseline_20260524T225704Z/sat_relu_witness/per_instance_sat_relu_20260524T132126508354Z.json
cpu_witness,85,UNKNOWN,UNKNOWN,UNKNOWN,UNKNOWN,1.197,,False,,PASSED,,onnx/unsat_v90_c449.onnx,vnnlib/unsat_v90_c449.vnnlib,"[""UNKNOWN""]","[""UNKNOWN""]",[null],,/data1/Kane/ACT/audit_results/capability_rebaseline_20260524T225704Z/sat_relu_witness/per_instance_sat_relu_20260524T132126508354Z.json
cpu_witness,86,FALSIFIED,SAT,FALSIFIED,FALSIFIED,0.085,,False,,PASSED,,onnx/sat_v75_c99.onnx,vnnlib/sat_v75_c99.vnnlib,"[""SAT""]","[""FALSIFIED""]","[""/data1/Kane/ACT/audit_results/capability_rebaseline_20260524T225704Z/sat_relu_witness/sat_relu_86_q0_hz_walker_lp_0.json""]",,/data1/Kane/ACT/audit_results/capability_rebaseline_20260524T225704Z/sat_relu_witness/per_instance_sat_relu_20260524T132126508354Z.json
cpu_witness,87,UNKNOWN,UNKNOWN,UNKNOWN,UNKNOWN,0.07,,False,,PASSED,,onnx/unsat_v75_c99.onnx,vnnlib/unsat_v75_c99.vnnlib,"[""UNKNOWN""]","[""UNKNOWN""]",[null],,/data1/Kane/ACT/audit_results/capability_rebaseline_20260524T225704Z/sat_relu_witness/per_instance_sat_relu_20260524T132126508354Z.json
cpu_witness,88,FALSIFIED,SAT,FALSIFIED,FALSIFIED,0.122,,False,,PASSED,,onnx/sat_v82_c130.onnx,vnnlib/sat_v82_c130.vnnlib,"[""SAT""]","[""FALSIFIED""]","[""/data1/Kane/ACT/audit_results/capability_rebaseline_20260524T225704Z/sat_relu_witness/sat_relu_88_q0_hz_walker_lp_0.json""]",,/data1/Kane/ACT/audit_results/capability_rebaseline_20260524T225704Z/sat_relu_witness/per_instance_sat_relu_20260524T132126508354Z.json
cpu_witness,89,UNKNOWN,UNKNOWN,UNKNOWN,UNKNOWN,0.114,,False,,PASSED,,onnx/unsat_v82_c130.onnx,vnnlib/unsat_v82_c130.vnnlib,"[""UNKNOWN""]","[""UNKNOWN""]",[null],,/data1/Kane/ACT/audit_results/capability_rebaseline_20260524T225704Z/sat_relu_witness/per_instance_sat_relu_20260524T132126508354Z.json
cpu_witness,9,UNKNOWN,UNKNOWN,UNKNOWN,UNKNOWN,0.438,,False,,PASSED,,onnx/unsat_v95_c275.onnx,vnnlib/unsat_v95_c275.vnnlib,"[""UNKNOWN""]","[""UNKNOWN""]",[null],,/data1/Kane/ACT/audit_results/capability_rebaseline_20260524T225704Z/sat_relu_witness/per_instance_sat_relu_20260524T132126508354Z.json
cpu_witness,90,FALSIFIED,SAT,FALSIFIED,FALSIFIED,0.25,,False,,PASSED,,onnx/sat_v64_c234.onnx,vnnlib/sat_v64_c234.vnnlib,"[""SAT""]","[""FALSIFIED""]","[""/data1/Kane/ACT/audit_results/capability_rebaseline_20260524T225704Z/sat_relu_witness/sat_relu_90_q0_hz_walker_lp_0.json""]",,/data1/Kane/ACT/audit_results/capability_rebaseline_20260524T225704Z/sat_relu_witness/per_instance_sat_relu_20260524T132126508354Z.json
cpu_witness,91,UNKNOWN,UNKNOWN,UNKNOWN,UNKNOWN,0.233,,False,,PASSED,,onnx/unsat_v64_c234.onnx,vnnlib/unsat_v64_c234.vnnlib,"[""UNKNOWN""]","[""UNKNOWN""]",[null],,/data1/Kane/ACT/audit_results/capability_rebaseline_20260524T225704Z/sat_relu_witness/per_instance_sat_relu_20260524T132126508354Z.json
cpu_witness,92,FALSIFIED,SAT,FALSIFIED,FALSIFIED,0.043,,False,,PASSED,,onnx/sat_v39_c77.onnx,vnnlib/sat_v39_c77.vnnlib,"[""SAT""]","[""FALSIFIED""]","[""/data1/Kane/ACT/audit_results/capability_rebaseline_20260524T225704Z/sat_relu_witness/sat_relu_92_q0_hz_walker_lp_0.json""]",,/data1/Kane/ACT/audit_results/capability_rebaseline_20260524T225704Z/sat_relu_witness/per_instance_sat_relu_20260524T132126508354Z.json
cpu_witness,93,UNKNOWN,UNKNOWN,UNKNOWN,UNKNOWN,0.038,,False,,PASSED,,onnx/unsat_v39_c77.onnx,vnnlib/unsat_v39_c77.vnnlib,"[""UNKNOWN""]","[""UNKNOWN""]",[null],,/data1/Kane/ACT/audit_results/capability_rebaseline_20260524T225704Z/sat_relu_witness/per_instance_sat_relu_20260524T132126508354Z.json
cpu_witness,94,FALSIFIED,SAT,FALSIFIED,FALSIFIED,0.085,,False,,PASSED,,onnx/sat_v16_c39.onnx,vnnlib/sat_v16_c39.vnnlib,"[""SAT""]","[""FALSIFIED""]","[""/data1/Kane/ACT/audit_results/capability_rebaseline_20260524T225704Z/sat_relu_witness/sat_relu_94_q0_small_dense_lp_witness_0.json""]",,/data1/Kane/ACT/audit_results/capability_rebaseline_20260524T225704Z/sat_relu_witness/per_instance_sat_relu_20260524T132126508354Z.json
cpu_witness,95,UNKNOWN,UNKNOWN,UNKNOWN,UNKNOWN,0.147,,False,,PASSED,,onnx/unsat_v16_c39.onnx,vnnlib/unsat_v16_c39.vnnlib,"[""UNKNOWN""]","[""UNKNOWN""]",[null],,/data1/Kane/ACT/audit_results/capability_rebaseline_20260524T225704Z/sat_relu_witness/per_instance_sat_relu_20260524T132126508354Z.json
cpu_witness,96,FALSIFIED,SAT,FALSIFIED,FALSIFIED,0.253,,False,,PASSED,,onnx/sat_v85_c207.onnx,vnnlib/sat_v85_c207.vnnlib,"[""SAT""]","[""FALSIFIED""]","[""/data1/Kane/ACT/audit_results/capability_rebaseline_20260524T225704Z/sat_relu_witness/sat_relu_96_q0_hz_walker_lp_0.json""]",,/data1/Kane/ACT/audit_results/capability_rebaseline_20260524T225704Z/sat_relu_witness/per_instance_sat_relu_20260524T132126508354Z.json
cpu_witness,97,UNKNOWN,UNKNOWN,UNKNOWN,UNKNOWN,0.23,,False,,PASSED,,onnx/unsat_v85_c207.onnx,vnnlib/unsat_v85_c207.vnnlib,"[""UNKNOWN""]","[""UNKNOWN""]",[null],,/data1/Kane/ACT/audit_results/capability_rebaseline_20260524T225704Z/sat_relu_witness/per_instance_sat_relu_20260524T132126508354Z.json
cpu_witness,98,FALSIFIED,SAT,FALSIFIED,FALSIFIED,0.033,,False,,PASSED,,onnx/sat_v44_c52.onnx,vnnlib/sat_v44_c52.vnnlib,"[""SAT""]","[""FALSIFIED""]","[""/data1/Kane/ACT/audit_results/capability_rebaseline_20260524T225704Z/sat_relu_witness/sat_relu_98_q0_hz_walker_lp_0.json""]",,/data1/Kane/ACT/audit_results/capability_rebaseline_20260524T225704Z/sat_relu_witness/per_instance_sat_relu_20260524T132126508354Z.json
cpu_witness,99,UNKNOWN,UNKNOWN,UNKNOWN,UNKNOWN,0.032,,False,,PASSED,,onnx/unsat_v44_c52.onnx,vnnlib/unsat_v44_c52.vnnlib,"[""UNKNOWN""]","[""UNKNOWN""]",[null],,/data1/Kane/ACT/audit_results/capability_rebaseline_20260524T225704Z/sat_relu_witness/per_instance_sat_relu_20260524T132126508354Z.json
gpu,0,FALSIFIED,SAT,FALSIFIED,FALSIFIED,0.524,,False,,PASSED,,onnx/sat_v30_c38.onnx,vnnlib/sat_v30_c38.vnnlib,"[""SAT""]","[""FALSIFIED""]","[""/data1/Kane/ACT/audit_results/r93_rerun_20260525T083118Z/sat_relu_gpu100_cudafix_20260525/sat_relu_0_q0_small_dense_lp_witness_0.json""]",,/data1/Kane/ACT/audit_results/r93_rerun_20260525T083118Z/sat_relu_gpu100_cudafix_20260525/per_instance_sat_relu_20260525T054131394087Z.json
gpu,1,UNKNOWN,UNKNOWN,UNKNOWN,UNKNOWN,0.135,,False,,PASSED,,onnx/unsat_v30_c38.onnx,vnnlib/unsat_v30_c38.vnnlib,"[""UNKNOWN""]","[""UNKNOWN""]",[null],,/data1/Kane/ACT/audit_results/r93_rerun_20260525T083118Z/sat_relu_gpu100_cudafix_20260525/per_instance_sat_relu_20260525T054131394087Z.json
gpu,10,FALSIFIED,SAT,FALSIFIED,FALSIFIED,0.067,,False,,PASSED,,onnx/sat_v6_c27.onnx,vnnlib/sat_v6_c27.vnnlib,"[""SAT""]","[""FALSIFIED""]","[""/data1/Kane/ACT/audit_results/r93_rerun_20260525T083118Z/sat_relu_gpu100_cudafix_20260525/sat_relu_10_q0_small_dense_lp_witness_0.json""]",,/data1/Kane/ACT/audit_results/r93_rerun_20260525T083118Z/sat_relu_gpu100_cudafix_20260525/per_instance_sat_relu_20260525T054131394087Z.json
gpu,11,UNKNOWN,UNKNOWN,UNKNOWN,UNKNOWN,0.073,,False,,PASSED,,onnx/unsat_v6_c30.onnx,vnnlib/unsat_v6_c30.vnnlib,"[""UNKNOWN""]","[""UNKNOWN""]",[null],,/data1/Kane/ACT/audit_results/r93_rerun_20260525T083118Z/sat_relu_gpu100_cudafix_20260525/per_instance_sat_relu_20260525T054131394087Z.json
gpu,12,FALSIFIED,SAT,FALSIFIED,FALSIFIED,0.035,,False,,PASSED,,onnx/sat_v6_c27.onnx,vnnlib/sat_v6_c27.vnnlib,"[""SAT""]","[""FALSIFIED""]","[""/data1/Kane/ACT/audit_results/r93_rerun_20260525T083118Z/sat_relu_gpu100_cudafix_20260525/sat_relu_12_q0_small_dense_lp_witness_0.json""]",,/data1/Kane/ACT/audit_results/r93_rerun_20260525T083118Z/sat_relu_gpu100_cudafix_20260525/per_instance_sat_relu_20260525T054131394087Z.json
gpu,13,UNKNOWN,UNKNOWN,UNKNOWN,UNKNOWN,0.058,,False,,PASSED,,onnx/unsat_v6_c30.onnx,vnnlib/unsat_v6_c30.vnnlib,"[""UNKNOWN""]","[""UNKNOWN""]",[null],,/data1/Kane/ACT/audit_results/r93_rerun_20260525T083118Z/sat_relu_gpu100_cudafix_20260525/per_instance_sat_relu_20260525T054131394087Z.json
gpu,14,UNKNOWN,UNKNOWN,UNKNOWN,UNKNOWN,0.801,,False,,PASSED,,onnx/sat_v100_c373.onnx,vnnlib/sat_v100_c373.vnnlib,"[""UNKNOWN""]","[""UNKNOWN""]",[null],,/data1/Kane/ACT/audit_results/r93_rerun_20260525T083118Z/sat_relu_gpu100_cudafix_20260525/per_instance_sat_relu_20260525T054131394087Z.json
gpu,15,UNKNOWN,UNKNOWN,UNKNOWN,UNKNOWN,0.742,,False,,PASSED,,onnx/unsat_v100_c373.onnx,vnnlib/unsat_v100_c373.vnnlib,"[""UNKNOWN""]","[""UNKNOWN""]",[null],,/data1/Kane/ACT/audit_results/r93_rerun_20260525T083118Z/sat_relu_gpu100_cudafix_20260525/per_instance_sat_relu_20260525T054131394087Z.json
gpu,16,UNKNOWN,UNKNOWN,UNKNOWN,UNKNOWN,0.242,,False,,PASSED,,onnx/sat_v51_c255.onnx,vnnlib/sat_v51_c255.vnnlib,"[""UNKNOWN""]","[""UNKNOWN""]",[null],,/data1/Kane/ACT/audit_results/r93_rerun_20260525T083118Z/sat_relu_gpu100_cudafix_20260525/per_instance_sat_relu_20260525T054131394087Z.json
gpu,17,UNKNOWN,UNKNOWN,UNKNOWN,UNKNOWN,0.239,,False,,PASSED,,onnx/unsat_v51_c255.onnx,vnnlib/unsat_v51_c255.vnnlib,"[""UNKNOWN""]","[""UNKNOWN""]",[null],,/data1/Kane/ACT/audit_results/r93_rerun_20260525T083118Z/sat_relu_gpu100_cudafix_20260525/per_instance_sat_relu_20260525T054131394087Z.json
gpu,18,FALSIFIED,SAT,FALSIFIED,FALSIFIED,0.103,,False,,PASSED,,onnx/sat_v25_c45.onnx,vnnlib/sat_v25_c45.vnnlib,"[""SAT""]","[""FALSIFIED""]","[""/data1/Kane/ACT/audit_results/r93_rerun_20260525T083118Z/sat_relu_gpu100_cudafix_20260525/sat_relu_18_q0_small_dense_lp_witness_0.json""]",,/data1/Kane/ACT/audit_results/r93_rerun_20260525T083118Z/sat_relu_gpu100_cudafix_20260525/per_instance_sat_relu_20260525T054131394087Z.json
gpu,19,UNKNOWN,UNKNOWN,UNKNOWN,UNKNOWN,0.123,,False,,PASSED,,onnx/unsat_v25_c45.onnx,vnnlib/unsat_v25_c45.vnnlib,"[""UNKNOWN""]","[""UNKNOWN""]",[null],,/data1/Kane/ACT/audit_results/r93_rerun_20260525T083118Z/sat_relu_gpu100_cudafix_20260525/per_instance_sat_relu_20260525T054131394087Z.json
gpu,2,UNKNOWN,UNKNOWN,UNKNOWN,UNKNOWN,0.216,,False,,PASSED,,onnx/sat_v65_c187.onnx,vnnlib/sat_v65_c187.vnnlib,"[""UNKNOWN""]","[""UNKNOWN""]",[null],,/data1/Kane/ACT/audit_results/r93_rerun_20260525T083118Z/sat_relu_gpu100_cudafix_20260525/per_instance_sat_relu_20260525T054131394087Z.json
gpu,20,UNKNOWN,UNKNOWN,UNKNOWN,UNKNOWN,0.106,,False,,PASSED,,onnx/sat_v90_c111.onnx,vnnlib/sat_v90_c111.vnnlib,"[""UNKNOWN""]","[""UNKNOWN""]",[null],,/data1/Kane/ACT/audit_results/r93_rerun_20260525T083118Z/sat_relu_gpu100_cudafix_20260525/per_instance_sat_relu_20260525T054131394087Z.json
gpu,21,UNKNOWN,UNKNOWN,UNKNOWN,UNKNOWN,0.092,,False,,PASSED,,onnx/unsat_v90_c111.onnx,vnnlib/unsat_v90_c111.vnnlib,"[""UNKNOWN""]","[""UNKNOWN""]",[null],,/data1/Kane/ACT/audit_results/r93_rerun_20260525T083118Z/sat_relu_gpu100_cudafix_20260525/per_instance_sat_relu_20260525T054131394087Z.json
gpu,22,UNKNOWN,UNKNOWN,UNKNOWN,UNKNOWN,0.306,,False,,PASSED,,onnx/sat_v63_c267.onnx,vnnlib/sat_v63_c267.vnnlib,"[""UNKNOWN""]","[""UNKNOWN""]",[null],,/data1/Kane/ACT/audit_results/r93_rerun_20260525T083118Z/sat_relu_gpu100_cudafix_20260525/per_instance_sat_relu_20260525T054131394087Z.json
gpu,23,UNKNOWN,UNKNOWN,UNKNOWN,UNKNOWN,0.292,,False,,PASSED,,onnx/unsat_v63_c267.onnx,vnnlib/unsat_v63_c267.vnnlib,"[""UNKNOWN""]","[""UNKNOWN""]",[null],,/data1/Kane/ACT/audit_results/r93_rerun_20260525T083118Z/sat_relu_gpu100_cudafix_20260525/per_instance_sat_relu_20260525T054131394087Z.json
gpu,24,FALSIFIED,SAT,FALSIFIED,FALSIFIED,0.218,,False,,PASSED,,onnx/sat_v18_c87.onnx,vnnlib/sat_v18_c87.vnnlib,"[""SAT""]","[""FALSIFIED""]","[""/data1/Kane/ACT/audit_results/r93_rerun_20260525T083118Z/sat_relu_gpu100_cudafix_20260525/sat_relu_24_q0_small_dense_lp_witness_0.json""]",,/data1/Kane/ACT/audit_results/r93_rerun_20260525T083118Z/sat_relu_gpu100_cudafix_20260525/per_instance_sat_relu_20260525T054131394087Z.json
gpu,25,UNKNOWN,UNKNOWN,UNKNOWN,UNKNOWN,0.199,,False,,PASSED,,onnx/unsat_v18_c88.onnx,vnnlib/unsat_v18_c88.vnnlib,"[""UNKNOWN""]","[""UNKNOWN""]",[null],,/data1/Kane/ACT/audit_results/r93_rerun_20260525T083118Z/sat_relu_gpu100_cudafix_20260525/per_instance_sat_relu_20260525T054131394087Z.json
gpu,26,UNKNOWN,UNKNOWN,UNKNOWN,UNKNOWN,0.114,,False,,PASSED,,onnx/sat_v92_c117.onnx,vnnlib/sat_v92_c117.vnnlib,"[""UNKNOWN""]","[""UNKNOWN""]",[null],,/data1/Kane/ACT/audit_results/r93_rerun_20260525T083118Z/sat_relu_gpu100_cudafix_20260525/per_instance_sat_relu_20260525T054131394087Z.json
gpu,27,UNKNOWN,UNKNOWN,UNKNOWN,UNKNOWN,0.104,,False,,PASSED,,onnx/unsat_v92_c117.onnx,vnnlib/unsat_v92_c117.vnnlib,"[""UNKNOWN""]","[""UNKNOWN""]",[null],,/data1/Kane/ACT/audit_results/r93_rerun_20260525T083118Z/sat_relu_gpu100_cudafix_20260525/per_instance_sat_relu_20260525T054131394087Z.json
gpu,28,UNKNOWN,UNKNOWN,UNKNOWN,UNKNOWN,0.536,,False,,PASSED,,onnx/sat_v94_c313.onnx,vnnlib/sat_v94_c313.vnnlib,"[""UNKNOWN""]","[""UNKNOWN""]",[null],,/data1/Kane/ACT/audit_results/r93_rerun_20260525T083118Z/sat_relu_gpu100_cudafix_20260525/per_instance_sat_relu_20260525T054131394087Z.json
gpu,29,UNKNOWN,UNKNOWN,UNKNOWN,UNKNOWN,0.513,,False,,PASSED,,onnx/unsat_v94_c313.onnx,vnnlib/unsat_v94_c313.vnnlib,"[""UNKNOWN""]","[""UNKNOWN""]",[null],,/data1/Kane/ACT/audit_results/r93_rerun_20260525T083118Z/sat_relu_gpu100_cudafix_20260525/per_instance_sat_relu_20260525T054131394087Z.json
gpu,3,UNKNOWN,UNKNOWN,UNKNOWN,UNKNOWN,0.157,,False,,PASSED,,onnx/unsat_v65_c187.onnx,vnnlib/unsat_v65_c187.vnnlib,"[""UNKNOWN""]","[""UNKNOWN""]",[null],,/data1/Kane/ACT/audit_results/r93_rerun_20260525T083118Z/sat_relu_gpu100_cudafix_20260525/per_instance_sat_relu_20260525T054131394087Z.json
gpu,30,FALSIFIED,SAT,FALSIFIED,FALSIFIED,0.137,,False,,PASSED,,onnx/sat_v24_c66.onnx,vnnlib/sat_v24_c66.vnnlib,"[""SAT""]","[""FALSIFIED""]","[""/data1/Kane/ACT/audit_results/r93_rerun_20260525T083118Z/sat_relu_gpu100_cudafix_20260525/sat_relu_30_q0_small_dense_lp_witness_0.json""]",,/data1/Kane/ACT/audit_results/r93_rerun_20260525T083118Z/sat_relu_gpu100_cudafix_20260525/per_instance_sat_relu_20260525T054131394087Z.json
gpu,31,UNKNOWN,UNKNOWN,UNKNOWN,UNKNOWN,0.164,,False,,PASSED,,onnx/unsat_v24_c66.onnx,vnnlib/unsat_v24_c66.vnnlib,"[""UNKNOWN""]","[""UNKNOWN""]",[null],,/data1/Kane/ACT/audit_results/r93_rerun_20260525T083118Z/sat_relu_gpu100_cudafix_20260525/per_instance_sat_relu_20260525T054131394087Z.json
gpu,32,UNKNOWN,UNKNOWN,UNKNOWN,UNKNOWN,0.123,,False,,PASSED,,onnx/sat_v67_c154.onnx,vnnlib/sat_v67_c154.vnnlib,"[""UNKNOWN""]","[""UNKNOWN""]",[null],,/data1/Kane/ACT/audit_results/r93_rerun_20260525T083118Z/sat_relu_gpu100_cudafix_20260525/per_instance_sat_relu_20260525T054131394087Z.json
gpu,33,UNKNOWN,UNKNOWN,UNKNOWN,UNKNOWN,0.112,,False,,PASSED,,onnx/unsat_v67_c154.onnx,vnnlib/unsat_v67_c154.vnnlib,"[""UNKNOWN""]","[""UNKNOWN""]",[null],,/data1/Kane/ACT/audit_results/r93_rerun_20260525T083118Z/sat_relu_gpu100_cudafix_20260525/per_instance_sat_relu_20260525T054131394087Z.json
gpu,34,FALSIFIED,SAT,FALSIFIED,FALSIFIED,0.055,,False,,PASSED,,onnx/sat_v58_c75.onnx,vnnlib/sat_v58_c75.vnnlib,"[""SAT""]","[""FALSIFIED""]","[""/data1/Kane/ACT/audit_results/r93_rerun_20260525T083118Z/sat_relu_gpu100_cudafix_20260525/sat_relu_34_q0_hz_walker_lp_0.json""]",,/data1/Kane/ACT/audit_results/r93_rerun_20260525T083118Z/sat_relu_gpu100_cudafix_20260525/per_instance_sat_relu_20260525T054131394087Z.json
gpu,35,UNKNOWN,UNKNOWN,UNKNOWN,UNKNOWN,0.044,,False,,PASSED,,onnx/unsat_v58_c75.onnx,vnnlib/unsat_v58_c75.vnnlib,"[""UNKNOWN""]","[""UNKNOWN""]",[null],,/data1/Kane/ACT/audit_results/r93_rerun_20260525T083118Z/sat_relu_gpu100_cudafix_20260525/per_instance_sat_relu_20260525T054131394087Z.json
gpu,36,UNKNOWN,UNKNOWN,UNKNOWN,UNKNOWN,0.071,,False,,PASSED,,onnx/sat_v40_c142.onnx,vnnlib/sat_v40_c142.vnnlib,"[""UNKNOWN""]","[""UNKNOWN""]",[null],,/data1/Kane/ACT/audit_results/r93_rerun_20260525T083118Z/sat_relu_gpu100_cudafix_20260525/per_instance_sat_relu_20260525T054131394087Z.json
gpu,37,UNKNOWN,UNKNOWN,UNKNOWN,UNKNOWN,0.07,,False,,PASSED,,onnx/unsat_v40_c142.onnx,vnnlib/unsat_v40_c142.vnnlib,"[""UNKNOWN""]","[""UNKNOWN""]",[null],,/data1/Kane/ACT/audit_results/r93_rerun_20260525T083118Z/sat_relu_gpu100_cudafix_20260525/per_instance_sat_relu_20260525T054131394087Z.json
gpu,38,FALSIFIED,SAT,FALSIFIED,FALSIFIED,0.187,,False,,PASSED,,onnx/sat_v26_c84.onnx,vnnlib/sat_v26_c84.vnnlib,"[""SAT""]","[""FALSIFIED""]","[""/data1/Kane/ACT/audit_results/r93_rerun_20260525T083118Z/sat_relu_gpu100_cudafix_20260525/sat_relu_38_q0_small_dense_lp_witness_0.json""]",,/data1/Kane/ACT/audit_results/r93_rerun_20260525T083118Z/sat_relu_gpu100_cudafix_20260525/per_instance_sat_relu_20260525T054131394087Z.json
gpu,39,UNKNOWN,UNKNOWN,UNKNOWN,UNKNOWN,0.238,,False,,PASSED,,onnx/unsat_v26_c84.onnx,vnnlib/unsat_v26_c84.vnnlib,"[""UNKNOWN""]","[""UNKNOWN""]",[null],,/data1/Kane/ACT/audit_results/r93_rerun_20260525T083118Z/sat_relu_gpu100_cudafix_20260525/per_instance_sat_relu_20260525T054131394087Z.json
gpu,4,FALSIFIED,SAT,FALSIFIED,FALSIFIED,0.286,,False,,PASSED,,onnx/sat_v91_c217.onnx,vnnlib/sat_v91_c217.vnnlib,"[""SAT""]","[""FALSIFIED""]","[""/data1/Kane/ACT/audit_results/r93_rerun_20260525T083118Z/sat_relu_gpu100_cudafix_20260525/sat_relu_4_q0_hz_walker_lp_0.json""]",,/data1/Kane/ACT/audit_results/r93_rerun_20260525T083118Z/sat_relu_gpu100_cudafix_20260525/per_instance_sat_relu_20260525T054131394087Z.json
gpu,40,UNKNOWN,UNKNOWN,UNKNOWN,UNKNOWN,0.082,,False,,PASSED,,onnx/sat_v46_c142.onnx,vnnlib/sat_v46_c142.vnnlib,"[""UNKNOWN""]","[""UNKNOWN""]",[null],,/data1/Kane/ACT/audit_results/r93_rerun_20260525T083118Z/sat_relu_gpu100_cudafix_20260525/per_instance_sat_relu_20260525T054131394087Z.json
gpu,41,UNKNOWN,UNKNOWN,UNKNOWN,UNKNOWN,0.078,,False,,PASSED,,onnx/unsat_v46_c142.onnx,vnnlib/unsat_v46_c142.vnnlib,"[""UNKNOWN""]","[""UNKNOWN""]",[null],,/data1/Kane/ACT/audit_results/r93_rerun_20260525T083118Z/sat_relu_gpu100_cudafix_20260525/per_instance_sat_relu_20260525T054131394087Z.json
gpu,42,UNKNOWN,UNKNOWN,UNKNOWN,UNKNOWN,0.227,,False,,PASSED,,onnx/sat_v56_c239.onnx,vnnlib/sat_v56_c239.vnnlib,"[""UNKNOWN""]","[""UNKNOWN""]",[null],,/data1/Kane/ACT/audit_results/r93_rerun_20260525T083118Z/sat_relu_gpu100_cudafix_20260525/per_instance_sat_relu_20260525T054131394087Z.json
gpu,43,UNKNOWN,UNKNOWN,UNKNOWN,UNKNOWN,0.221,,False,,PASSED,,onnx/unsat_v56_c239.onnx,vnnlib/unsat_v56_c239.vnnlib,"[""UNKNOWN""]","[""UNKNOWN""]",[null],,/data1/Kane/ACT/audit_results/r93_rerun_20260525T083118Z/sat_relu_gpu100_cudafix_20260525/per_instance_sat_relu_20260525T054131394087Z.json
gpu,44,FALSIFIED,SAT,FALSIFIED,FALSIFIED,0.045,,False,,PASSED,,onnx/sat_v10_c26.onnx,vnnlib/sat_v10_c26.vnnlib,"[""SAT""]","[""FALSIFIED""]","[""/data1/Kane/ACT/audit_results/r93_rerun_20260525T083118Z/sat_relu_gpu100_cudafix_20260525/sat_relu_44_q0_small_dense_lp_witness_0.json""]",,/data1/Kane/ACT/audit_results/r93_rerun_20260525T083118Z/sat_relu_gpu100_cudafix_20260525/per_instance_sat_relu_20260525T054131394087Z.json
gpu,45,UNKNOWN,UNKNOWN,UNKNOWN,UNKNOWN,0.062,,False,,PASSED,,onnx/unsat_v10_c26.onnx,vnnlib/unsat_v10_c26.vnnlib,"[""UNKNOWN""]","[""UNKNOWN""]",[null],,/data1/Kane/ACT/audit_results/r93_rerun_20260525T083118Z/sat_relu_gpu100_cudafix_20260525/per_instance_sat_relu_20260525T054131394087Z.json
gpu,46,UNKNOWN,UNKNOWN,UNKNOWN,UNKNOWN,0.133,,False,,PASSED,,onnx/sat_v73_c156.onnx,vnnlib/sat_v73_c156.vnnlib,"[""UNKNOWN""]","[""UNKNOWN""]",[null],,/data1/Kane/ACT/audit_results/r93_rerun_20260525T083118Z/sat_relu_gpu100_cudafix_20260525/per_instance_sat_relu_20260525T054131394087Z.json
gpu,47,UNKNOWN,UNKNOWN,UNKNOWN,UNKNOWN,0.123,,False,,PASSED,,onnx/unsat_v73_c156.onnx,vnnlib/unsat_v73_c156.vnnlib,"[""UNKNOWN""]","[""UNKNOWN""]",[null],,/data1/Kane/ACT/audit_results/r93_rerun_20260525T083118Z/sat_relu_gpu100_cudafix_20260525/per_instance_sat_relu_20260525T054131394087Z.json
gpu,48,UNKNOWN,UNKNOWN,UNKNOWN,UNKNOWN,0.198,,False,,PASSED,,onnx/sat_v85_c186.onnx,vnnlib/sat_v85_c186.vnnlib,"[""UNKNOWN""]","[""UNKNOWN""]",[null],,/data1/Kane/ACT/audit_results/r93_rerun_20260525T083118Z/sat_relu_gpu100_cudafix_20260525/per_instance_sat_relu_20260525T054131394087Z.json
gpu,49,UNKNOWN,UNKNOWN,UNKNOWN,UNKNOWN,0.182,,False,,PASSED,,onnx/unsat_v85_c186.onnx,vnnlib/unsat_v85_c186.vnnlib,"[""UNKNOWN""]","[""UNKNOWN""]",[null],,/data1/Kane/ACT/audit_results/r93_rerun_20260525T083118Z/sat_relu_gpu100_cudafix_20260525/per_instance_sat_relu_20260525T054131394087Z.json
gpu,5,UNKNOWN,UNKNOWN,UNKNOWN,UNKNOWN,0.253,,False,,PASSED,,onnx/unsat_v91_c217.onnx,vnnlib/unsat_v91_c217.vnnlib,"[""UNKNOWN""]","[""UNKNOWN""]",[null],,/data1/Kane/ACT/audit_results/r93_rerun_20260525T083118Z/sat_relu_gpu100_cudafix_20260525/per_instance_sat_relu_20260525T054131394087Z.json
gpu,50,FALSIFIED,SAT,FALSIFIED,FALSIFIED,0.082,,False,,PASSED,,onnx/sat_v54_c125.onnx,vnnlib/sat_v54_c125.vnnlib,"[""SAT""]","[""FALSIFIED""]","[""/data1/Kane/ACT/audit_results/r93_rerun_20260525T083118Z/sat_relu_gpu100_cudafix_20260525/sat_relu_50_q0_hz_walker_lp_0.json""]",,/data1/Kane/ACT/audit_results/r93_rerun_20260525T083118Z/sat_relu_gpu100_cudafix_20260525/per_instance_sat_relu_20260525T054131394087Z.json
gpu,51,UNKNOWN,UNKNOWN,UNKNOWN,UNKNOWN,0.073,,False,,PASSED,,onnx/unsat_v54_c125.onnx,vnnlib/unsat_v54_c125.vnnlib,"[""UNKNOWN""]","[""UNKNOWN""]",[null],,/data1/Kane/ACT/audit_results/r93_rerun_20260525T083118Z/sat_relu_gpu100_cudafix_20260525/per_instance_sat_relu_20260525T054131394087Z.json
gpu,52,FALSIFIED,SAT,FALSIFIED,FALSIFIED,0.029,,False,,PASSED,,onnx/sat_v9_c9.onnx,vnnlib/sat_v9_c9.vnnlib,"[""SAT""]","[""FALSIFIED""]","[""/data1/Kane/ACT/audit_results/r93_rerun_20260525T083118Z/sat_relu_gpu100_cudafix_20260525/sat_relu_52_q0_small_dense_lp_witness_0.json""]",,/data1/Kane/ACT/audit_results/r93_rerun_20260525T083118Z/sat_relu_gpu100_cudafix_20260525/per_instance_sat_relu_20260525T054131394087Z.json
gpu,53,CERTIFIED,UNSAT,CERTIFIED,CERTIFIED,0.016,,False,,PASSED,,onnx/unsat_v9_c9.onnx,vnnlib/unsat_v9_c9.vnnlib,"[""UNSAT""]","[""CERTIFIED""]",[null],,/data1/Kane/ACT/audit_results/r93_rerun_20260525T083118Z/sat_relu_gpu100_cudafix_20260525/per_instance_sat_relu_20260525T054131394087Z.json
gpu,54,FALSIFIED,SAT,FALSIFIED,FALSIFIED,0.03,,False,,PASSED,,onnx/sat_v9_c14.onnx,vnnlib/sat_v9_c14.vnnlib,"[""SAT""]","[""FALSIFIED""]","[""/data1/Kane/ACT/audit_results/r93_rerun_20260525T083118Z/sat_relu_gpu100_cudafix_20260525/sat_relu_54_q0_small_dense_lp_witness_0.json""]",,/data1/Kane/ACT/audit_results/r93_rerun_20260525T083118Z/sat_relu_gpu100_cudafix_20260525/per_instance_sat_relu_20260525T054131394087Z.json
gpu,55,UNKNOWN,UNKNOWN,UNKNOWN,UNKNOWN,0.048,,False,,PASSED,,onnx/unsat_v9_c14.onnx,vnnlib/unsat_v9_c14.vnnlib,"[""UNKNOWN""]","[""UNKNOWN""]",[null],,/data1/Kane/ACT/audit_results/r93_rerun_20260525T083118Z/sat_relu_gpu100_cudafix_20260525/per_instance_sat_relu_20260525T054131394087Z.json
gpu,56,FALSIFIED,SAT,FALSIFIED,FALSIFIED,0.211,,False,,PASSED,,onnx/sat_v92_c180.onnx,vnnlib/sat_v92_c180.vnnlib,"[""SAT""]","[""FALSIFIED""]","[""/data1/Kane/ACT/audit_results/r93_rerun_20260525T083118Z/sat_relu_gpu100_cudafix_20260525/sat_relu_56_q0_hz_walker_lp_0.json""]",,/data1/Kane/ACT/audit_results/r93_rerun_20260525T083118Z/sat_relu_gpu100_cudafix_20260525/per_instance_sat_relu_20260525T054131394087Z.json
gpu,57,UNKNOWN,UNKNOWN,UNKNOWN,UNKNOWN,0.188,,False,,PASSED,,onnx/unsat_v92_c180.onnx,vnnlib/unsat_v92_c180.vnnlib,"[""UNKNOWN""]","[""UNKNOWN""]",[null],,/data1/Kane/ACT/audit_results/r93_rerun_20260525T083118Z/sat_relu_gpu100_cudafix_20260525/per_instance_sat_relu_20260525T054131394087Z.json
gpu,58,UNKNOWN,UNKNOWN,UNKNOWN,UNKNOWN,0.543,,False,,PASSED,,onnx/sat_v83_c328.onnx,vnnlib/sat_v83_c328.vnnlib,"[""UNKNOWN""]","[""UNKNOWN""]",[null],,/data1/Kane/ACT/audit_results/r93_rerun_20260525T083118Z/sat_relu_gpu100_cudafix_20260525/per_instance_sat_relu_20260525T054131394087Z.json
gpu,59,UNKNOWN,UNKNOWN,UNKNOWN,UNKNOWN,0.515,,False,,PASSED,,onnx/unsat_v83_c328.onnx,vnnlib/unsat_v83_c328.vnnlib,"[""UNKNOWN""]","[""UNKNOWN""]",[null],,/data1/Kane/ACT/audit_results/r93_rerun_20260525T083118Z/sat_relu_gpu100_cudafix_20260525/per_instance_sat_relu_20260525T054131394087Z.json
gpu,6,FALSIFIED,SAT,FALSIFIED,FALSIFIED,0.102,,False,,PASSED,,onnx/sat_v14_c57.onnx,vnnlib/sat_v14_c57.vnnlib,"[""SAT""]","[""FALSIFIED""]","[""/data1/Kane/ACT/audit_results/r93_rerun_20260525T083118Z/sat_relu_gpu100_cudafix_20260525/sat_relu_6_q0_small_dense_lp_witness_0.json""]",,/data1/Kane/ACT/audit_results/r93_rerun_20260525T083118Z/sat_relu_gpu100_cudafix_20260525/per_instance_sat_relu_20260525T054131394087Z.json
gpu,60,UNKNOWN,UNKNOWN,UNKNOWN,UNKNOWN,0.03,,False,,PASSED,,onnx/sat_v37_c63.onnx,vnnlib/sat_v37_c63.vnnlib,"[""UNKNOWN""]","[""UNKNOWN""]",[null],,/data1/Kane/ACT/audit_results/r93_rerun_20260525T083118Z/sat_relu_gpu100_cudafix_20260525/per_instance_sat_relu_20260525T054131394087Z.json
gpu,61,UNKNOWN,UNKNOWN,UNKNOWN,UNKNOWN,0.029,,False,,PASSED,,onnx/unsat_v37_c63.onnx,vnnlib/unsat_v37_c63.vnnlib,"[""UNKNOWN""]","[""UNKNOWN""]",[null],,/data1/Kane/ACT/audit_results/r93_rerun_20260525T083118Z/sat_relu_gpu100_cudafix_20260525/per_instance_sat_relu_20260525T054131394087Z.json
gpu,62,UNKNOWN,UNKNOWN,UNKNOWN,UNKNOWN,1.47,,False,,PASSED,,onnx/sat_v99_c485.onnx,vnnlib/sat_v99_c485.vnnlib,"[""UNKNOWN""]","[""UNKNOWN""]",[null],,/data1/Kane/ACT/audit_results/r93_rerun_20260525T083118Z/sat_relu_gpu100_cudafix_20260525/per_instance_sat_relu_20260525T054131394087Z.json
gpu,63,UNKNOWN,UNKNOWN,UNKNOWN,UNKNOWN,1.376,,False,,PASSED,,onnx/unsat_v99_c485.onnx,vnnlib/unsat_v99_c485.vnnlib,"[""UNKNOWN""]","[""UNKNOWN""]",[null],,/data1/Kane/ACT/audit_results/r93_rerun_20260525T083118Z/sat_relu_gpu100_cudafix_20260525/per_instance_sat_relu_20260525T054131394087Z.json
gpu,64,UNKNOWN,UNKNOWN,UNKNOWN,UNKNOWN,0.772,,False,,PASSED,,onnx/sat_v94_c377.onnx,vnnlib/sat_v94_c377.vnnlib,"[""UNKNOWN""]","[""UNKNOWN""]",[null],,/data1/Kane/ACT/audit_results/r93_rerun_20260525T083118Z/sat_relu_gpu100_cudafix_20260525/per_instance_sat_relu_20260525T054131394087Z.json
gpu,65,UNKNOWN,UNKNOWN,UNKNOWN,UNKNOWN,0.745,,False,,PASSED,,onnx/unsat_v94_c377.onnx,vnnlib/unsat_v94_c377.vnnlib,"[""UNKNOWN""]","[""UNKNOWN""]",[null],,/data1/Kane/ACT/audit_results/r93_rerun_20260525T083118Z/sat_relu_gpu100_cudafix_20260525/per_instance_sat_relu_20260525T054131394087Z.json
gpu,66,UNKNOWN,UNKNOWN,UNKNOWN,UNKNOWN,0.305,,False,,PASSED,,onnx/sat_v87_c243.onnx,vnnlib/sat_v87_c243.vnnlib,"[""UNKNOWN""]","[""UNKNOWN""]",[null],,/data1/Kane/ACT/audit_results/r93_rerun_20260525T083118Z/sat_relu_gpu100_cudafix_20260525/per_instance_sat_relu_20260525T054131394087Z.json
gpu,67,UNKNOWN,UNKNOWN,UNKNOWN,UNKNOWN,0.293,,False,,PASSED,,onnx/unsat_v87_c243.onnx,vnnlib/unsat_v87_c243.vnnlib,"[""UNKNOWN""]","[""UNKNOWN""]",[null],,/data1/Kane/ACT/audit_results/r93_rerun_20260525T083118Z/sat_relu_gpu100_cudafix_20260525/per_instance_sat_relu_20260525T054131394087Z.json
gpu,68,FALSIFIED,SAT,FALSIFIED,FALSIFIED,0.094,,False,,PASSED,,onnx/sat_v25_c40.onnx,vnnlib/sat_v25_c40.vnnlib,"[""SAT""]","[""FALSIFIED""]","[""/data1/Kane/ACT/audit_results/r93_rerun_20260525T083118Z/sat_relu_gpu100_cudafix_20260525/sat_relu_68_q0_small_dense_lp_witness_0.json""]",,/data1/Kane/ACT/audit_results/r93_rerun_20260525T083118Z/sat_relu_gpu100_cudafix_20260525/per_instance_sat_relu_20260525T054131394087Z.json
gpu,69,UNKNOWN,UNKNOWN,UNKNOWN,UNKNOWN,0.121,,False,,PASSED,,onnx/unsat_v25_c40.onnx,vnnlib/unsat_v25_c40.vnnlib,"[""UNKNOWN""]","[""UNKNOWN""]",[null],,/data1/Kane/ACT/audit_results/r93_rerun_20260525T083118Z/sat_relu_gpu100_cudafix_20260525/per_instance_sat_relu_20260525T054131394087Z.json
gpu,7,UNKNOWN,UNKNOWN,UNKNOWN,UNKNOWN,0.155,,False,,PASSED,,onnx/unsat_v14_c57.onnx,vnnlib/unsat_v14_c57.vnnlib,"[""UNKNOWN""]","[""UNKNOWN""]",[null],,/data1/Kane/ACT/audit_results/r93_rerun_20260525T083118Z/sat_relu_gpu100_cudafix_20260525/per_instance_sat_relu_20260525T054131394087Z.json
gpu,70,UNKNOWN,UNKNOWN,UNKNOWN,UNKNOWN,0.044,,False,,PASSED,,onnx/sat_v34_c98.onnx,vnnlib/sat_v34_c98.vnnlib,"[""UNKNOWN""]","[""UNKNOWN""]",[null],,/data1/Kane/ACT/audit_results/r93_rerun_20260525T083118Z/sat_relu_gpu100_cudafix_20260525/per_instance_sat_relu_20260525T054131394087Z.json
gpu,71,UNKNOWN,UNKNOWN,UNKNOWN,UNKNOWN,0.041,,False,,PASSED,,onnx/unsat_v34_c98.onnx,vnnlib/unsat_v34_c98.vnnlib,"[""UNKNOWN""]","[""UNKNOWN""]",[null],,/data1/Kane/ACT/audit_results/r93_rerun_20260525T083118Z/sat_relu_gpu100_cudafix_20260525/per_instance_sat_relu_20260525T054131394087Z.json
gpu,72,UNKNOWN,UNKNOWN,UNKNOWN,UNKNOWN,0.154,,False,,PASSED,,onnx/sat_v70_c178.onnx,vnnlib/sat_v70_c178.vnnlib,"[""UNKNOWN""]","[""UNKNOWN""]",[null],,/data1/Kane/ACT/audit_results/r93_rerun_20260525T083118Z/sat_relu_gpu100_cudafix_20260525/per_instance_sat_relu_20260525T054131394087Z.json
gpu,73,UNKNOWN,UNKNOWN,UNKNOWN,UNKNOWN,0.147,,False,,PASSED,,onnx/unsat_v70_c178.onnx,vnnlib/unsat_v70_c178.vnnlib,"[""UNKNOWN""]","[""UNKNOWN""]",[null],,/data1/Kane/ACT/audit_results/r93_rerun_20260525T083118Z/sat_relu_gpu100_cudafix_20260525/per_instance_sat_relu_20260525T054131394087Z.json
gpu,74,FALSIFIED,SAT,FALSIFIED,FALSIFIED,0.085,,False,,PASSED,,onnx/sat_v20_c40.onnx,vnnlib/sat_v20_c40.vnnlib,"[""SAT""]","[""FALSIFIED""]","[""/data1/Kane/ACT/audit_results/r93_rerun_20260525T083118Z/sat_relu_gpu100_cudafix_20260525/sat_relu_74_q0_small_dense_lp_witness_0.json""]",,/data1/Kane/ACT/audit_results/r93_rerun_20260525T083118Z/sat_relu_gpu100_cudafix_20260525/per_instance_sat_relu_20260525T054131394087Z.json
gpu,75,UNKNOWN,UNKNOWN,UNKNOWN,UNKNOWN,0.104,,False,,PASSED,,onnx/unsat_v20_c40.onnx,vnnlib/unsat_v20_c40.vnnlib,"[""UNKNOWN""]","[""UNKNOWN""]",[null],,/data1/Kane/ACT/audit_results/r93_rerun_20260525T083118Z/sat_relu_gpu100_cudafix_20260525/per_instance_sat_relu_20260525T054131394087Z.json
gpu,76,FALSIFIED,SAT,FALSIFIED,FALSIFIED,0.13,,False,,PASSED,,onnx/sat_v30_c44.onnx,vnnlib/sat_v30_c44.vnnlib,"[""SAT""]","[""FALSIFIED""]","[""/data1/Kane/ACT/audit_results/r93_rerun_20260525T083118Z/sat_relu_gpu100_cudafix_20260525/sat_relu_76_q0_small_dense_lp_witness_0.json""]",,/data1/Kane/ACT/audit_results/r93_rerun_20260525T083118Z/sat_relu_gpu100_cudafix_20260525/per_instance_sat_relu_20260525T054131394087Z.json
gpu,77,UNKNOWN,UNKNOWN,UNKNOWN,UNKNOWN,0.133,,False,,PASSED,,onnx/unsat_v30_c44.onnx,vnnlib/unsat_v30_c44.vnnlib,"[""UNKNOWN""]","[""UNKNOWN""]",[null],,/data1/Kane/ACT/audit_results/r93_rerun_20260525T083118Z/sat_relu_gpu100_cudafix_20260525/per_instance_sat_relu_20260525T054131394087Z.json
gpu,78,UNKNOWN,UNKNOWN,UNKNOWN,UNKNOWN,0.357,,False,,PASSED,,onnx/sat_v63_c286.onnx,vnnlib/sat_v63_c286.vnnlib,"[""UNKNOWN""]","[""UNKNOWN""]",[null],,/data1/Kane/ACT/audit_results/r93_rerun_20260525T083118Z/sat_relu_gpu100_cudafix_20260525/per_instance_sat_relu_20260525T054131394087Z.json
gpu,79,UNKNOWN,UNKNOWN,UNKNOWN,UNKNOWN,0.335,,False,,PASSED,,onnx/unsat_v63_c286.onnx,vnnlib/unsat_v63_c286.vnnlib,"[""UNKNOWN""]","[""UNKNOWN""]",[null],,/data1/Kane/ACT/audit_results/r93_rerun_20260525T083118Z/sat_relu_gpu100_cudafix_20260525/per_instance_sat_relu_20260525T054131394087Z.json
gpu,8,UNKNOWN,UNKNOWN,UNKNOWN,UNKNOWN,0.462,,False,,PASSED,,onnx/sat_v95_c275.onnx,vnnlib/sat_v95_c275.vnnlib,"[""UNKNOWN""]","[""UNKNOWN""]",[null],,/data1/Kane/ACT/audit_results/r93_rerun_20260525T083118Z/sat_relu_gpu100_cudafix_20260525/per_instance_sat_relu_20260525T054131394087Z.json
gpu,80,UNKNOWN,UNKNOWN,UNKNOWN,UNKNOWN,0.063,,False,,PASSED,,onnx/sat_v38_c132.onnx,vnnlib/sat_v38_c132.vnnlib,"[""UNKNOWN""]","[""UNKNOWN""]",[null],,/data1/Kane/ACT/audit_results/r93_rerun_20260525T083118Z/sat_relu_gpu100_cudafix_20260525/per_instance_sat_relu_20260525T054131394087Z.json
gpu,81,UNKNOWN,UNKNOWN,UNKNOWN,UNKNOWN,0.063,,False,,PASSED,,onnx/unsat_v38_c132.onnx,vnnlib/unsat_v38_c132.vnnlib,"[""UNKNOWN""]","[""UNKNOWN""]",[null],,/data1/Kane/ACT/audit_results/r93_rerun_20260525T083118Z/sat_relu_gpu100_cudafix_20260525/per_instance_sat_relu_20260525T054131394087Z.json
gpu,82,UNKNOWN,UNKNOWN,UNKNOWN,UNKNOWN,0.066,,False,,PASSED,,onnx/sat_v33_c140.onnx,vnnlib/sat_v33_c140.vnnlib,"[""UNKNOWN""]","[""UNKNOWN""]",[null],,/data1/Kane/ACT/audit_results/r93_rerun_20260525T083118Z/sat_relu_gpu100_cudafix_20260525/per_instance_sat_relu_20260525T054131394087Z.json
gpu,83,UNKNOWN,UNKNOWN,UNKNOWN,UNKNOWN,0.064,,False,,PASSED,,onnx/unsat_v33_c140.onnx,vnnlib/unsat_v33_c140.vnnlib,"[""UNKNOWN""]","[""UNKNOWN""]",[null],,/data1/Kane/ACT/audit_results/r93_rerun_20260525T083118Z/sat_relu_gpu100_cudafix_20260525/per_instance_sat_relu_20260525T054131394087Z.json
gpu,84,UNKNOWN,UNKNOWN,UNKNOWN,UNKNOWN,1.17,,False,,PASSED,,onnx/sat_v90_c449.onnx,vnnlib/sat_v90_c449.vnnlib,"[""UNKNOWN""]","[""UNKNOWN""]",[null],,/data1/Kane/ACT/audit_results/r93_rerun_20260525T083118Z/sat_relu_gpu100_cudafix_20260525/per_instance_sat_relu_20260525T054131394087Z.json
gpu,85,UNKNOWN,UNKNOWN,UNKNOWN,UNKNOWN,1.098,,False,,PASSED,,onnx/unsat_v90_c449.onnx,vnnlib/unsat_v90_c449.vnnlib,"[""UNKNOWN""]","[""UNKNOWN""]",[null],,/data1/Kane/ACT/audit_results/r93_rerun_20260525T083118Z/sat_relu_gpu100_cudafix_20260525/per_instance_sat_relu_20260525T054131394087Z.json
gpu,86,FALSIFIED,SAT,FALSIFIED,FALSIFIED,0.128,,False,,PASSED,,onnx/sat_v75_c99.onnx,vnnlib/sat_v75_c99.vnnlib,"[""SAT""]","[""FALSIFIED""]","[""/data1/Kane/ACT/audit_results/r93_rerun_20260525T083118Z/sat_relu_gpu100_cudafix_20260525/sat_relu_86_q0_hz_walker_lp_0.json""]",,/data1/Kane/ACT/audit_results/r93_rerun_20260525T083118Z/sat_relu_gpu100_cudafix_20260525/per_instance_sat_relu_20260525T054131394087Z.json
gpu,87,UNKNOWN,UNKNOWN,UNKNOWN,UNKNOWN,0.072,,False,,PASSED,,onnx/unsat_v75_c99.onnx,vnnlib/unsat_v75_c99.vnnlib,"[""UNKNOWN""]","[""UNKNOWN""]",[null],,/data1/Kane/ACT/audit_results/r93_rerun_20260525T083118Z/sat_relu_gpu100_cudafix_20260525/per_instance_sat_relu_20260525T054131394087Z.json
gpu,88,FALSIFIED,SAT,FALSIFIED,FALSIFIED,0.122,,False,,PASSED,,onnx/sat_v82_c130.onnx,vnnlib/sat_v82_c130.vnnlib,"[""SAT""]","[""FALSIFIED""]","[""/data1/Kane/ACT/audit_results/r93_rerun_20260525T083118Z/sat_relu_gpu100_cudafix_20260525/sat_relu_88_q0_hz_walker_lp_0.json""]",,/data1/Kane/ACT/audit_results/r93_rerun_20260525T083118Z/sat_relu_gpu100_cudafix_20260525/per_instance_sat_relu_20260525T054131394087Z.json
gpu,89,UNKNOWN,UNKNOWN,UNKNOWN,UNKNOWN,0.102,,False,,PASSED,,onnx/unsat_v82_c130.onnx,vnnlib/unsat_v82_c130.vnnlib,"[""UNKNOWN""]","[""UNKNOWN""]",[null],,/data1/Kane/ACT/audit_results/r93_rerun_20260525T083118Z/sat_relu_gpu100_cudafix_20260525/per_instance_sat_relu_20260525T054131394087Z.json
gpu,9,UNKNOWN,UNKNOWN,UNKNOWN,UNKNOWN,0.422,,False,,PASSED,,onnx/unsat_v95_c275.onnx,vnnlib/unsat_v95_c275.vnnlib,"[""UNKNOWN""]","[""UNKNOWN""]",[null],,/data1/Kane/ACT/audit_results/r93_rerun_20260525T083118Z/sat_relu_gpu100_cudafix_20260525/per_instance_sat_relu_20260525T054131394087Z.json
gpu,90,UNKNOWN,UNKNOWN,UNKNOWN,UNKNOWN,0.233,,False,,PASSED,,onnx/sat_v64_c234.onnx,vnnlib/sat_v64_c234.vnnlib,"[""UNKNOWN""]","[""UNKNOWN""]",[null],,/data1/Kane/ACT/audit_results/r93_rerun_20260525T083118Z/sat_relu_gpu100_cudafix_20260525/per_instance_sat_relu_20260525T054131394087Z.json
gpu,91,UNKNOWN,UNKNOWN,UNKNOWN,UNKNOWN,0.222,,False,,PASSED,,onnx/unsat_v64_c234.onnx,vnnlib/unsat_v64_c234.vnnlib,"[""UNKNOWN""]","[""UNKNOWN""]",[null],,/data1/Kane/ACT/audit_results/r93_rerun_20260525T083118Z/sat_relu_gpu100_cudafix_20260525/per_instance_sat_relu_20260525T054131394087Z.json
gpu,92,UNKNOWN,UNKNOWN,UNKNOWN,UNKNOWN,0.037,,False,,PASSED,,onnx/sat_v39_c77.onnx,vnnlib/sat_v39_c77.vnnlib,"[""UNKNOWN""]","[""UNKNOWN""]",[null],,/data1/Kane/ACT/audit_results/r93_rerun_20260525T083118Z/sat_relu_gpu100_cudafix_20260525/per_instance_sat_relu_20260525T054131394087Z.json
gpu,93,UNKNOWN,UNKNOWN,UNKNOWN,UNKNOWN,0.034,,False,,PASSED,,onnx/unsat_v39_c77.onnx,vnnlib/unsat_v39_c77.vnnlib,"[""UNKNOWN""]","[""UNKNOWN""]",[null],,/data1/Kane/ACT/audit_results/r93_rerun_20260525T083118Z/sat_relu_gpu100_cudafix_20260525/per_instance_sat_relu_20260525T054131394087Z.json
gpu,94,FALSIFIED,SAT,FALSIFIED,FALSIFIED,0.078,,False,,PASSED,,onnx/sat_v16_c39.onnx,vnnlib/sat_v16_c39.vnnlib,"[""SAT""]","[""FALSIFIED""]","[""/data1/Kane/ACT/audit_results/r93_rerun_20260525T083118Z/sat_relu_gpu100_cudafix_20260525/sat_relu_94_q0_small_dense_lp_witness_0.json""]",,/data1/Kane/ACT/audit_results/r93_rerun_20260525T083118Z/sat_relu_gpu100_cudafix_20260525/per_instance_sat_relu_20260525T054131394087Z.json
gpu,95,UNKNOWN,UNKNOWN,UNKNOWN,UNKNOWN,0.096,,False,,PASSED,,onnx/unsat_v16_c39.onnx,vnnlib/unsat_v16_c39.vnnlib,"[""UNKNOWN""]","[""UNKNOWN""]",[null],,/data1/Kane/ACT/audit_results/r93_rerun_20260525T083118Z/sat_relu_gpu100_cudafix_20260525/per_instance_sat_relu_20260525T054131394087Z.json
gpu,96,UNKNOWN,UNKNOWN,UNKNOWN,UNKNOWN,0.236,,False,,PASSED,,onnx/sat_v85_c207.onnx,vnnlib/sat_v85_c207.vnnlib,"[""UNKNOWN""]","[""UNKNOWN""]",[null],,/data1/Kane/ACT/audit_results/r93_rerun_20260525T083118Z/sat_relu_gpu100_cudafix_20260525/per_instance_sat_relu_20260525T054131394087Z.json
gpu,97,UNKNOWN,UNKNOWN,UNKNOWN,UNKNOWN,0.22,,False,,PASSED,,onnx/unsat_v85_c207.onnx,vnnlib/unsat_v85_c207.vnnlib,"[""UNKNOWN""]","[""UNKNOWN""]",[null],,/data1/Kane/ACT/audit_results/r93_rerun_20260525T083118Z/sat_relu_gpu100_cudafix_20260525/per_instance_sat_relu_20260525T054131394087Z.json
gpu,98,UNKNOWN,UNKNOWN,UNKNOWN,UNKNOWN,0.03,,False,,PASSED,,onnx/sat_v44_c52.onnx,vnnlib/sat_v44_c52.vnnlib,"[""UNKNOWN""]","[""UNKNOWN""]",[null],,/data1/Kane/ACT/audit_results/r93_rerun_20260525T083118Z/sat_relu_gpu100_cudafix_20260525/per_instance_sat_relu_20260525T054131394087Z.json
gpu,99,UNKNOWN,UNKNOWN,UNKNOWN,UNKNOWN,0.028,,False,,PASSED,,onnx/unsat_v44_c52.onnx,vnnlib/unsat_v44_c52.vnnlib,"[""UNKNOWN""]","[""UNKNOWN""]",[null],,/data1/Kane/ACT/audit_results/r93_rerun_20260525T083118Z/sat_relu_gpu100_cudafix_20260525/per_instance_sat_relu_20260525T054131394087Z.json
