source,iid,verdict,internal_status,reportable_status,count_bucket,wall_s,watchdog_status,watchdog_synthetic,strict_bounded_failure,run_status,peak_rss_mb,onnx_model,vnnlib_spec,q_statuses,q_reportables,q_receipts,error,json_path
cpu_smoke,0,UNKNOWN,UNKNOWN,UNKNOWN,UNKNOWN,40.308,,False,,PASSED,,onnx/CIFAR100_resnet_medium.onnx,vnnlib/CIFAR100_resnet_medium_prop_idx_7641_sidx_1041_eps_0.0039.vnnlib,"[""UNKNOWN""]","[""UNKNOWN""]",[null],,/data1/Kane/ACT/audit_results/r93_rerun_20260525T083118Z/overnight_cpu_round2_20260525T225241Z/cifar100_2024/per_instance_cifar100_2024_20260526T012120853466Z.json
cpu_smoke,1,UNKNOWN_TIMEOUT,UNKNOWN,UNKNOWN,,113.467,UNKNOWN_TIMEOUT,True,True,FAILED,6562.9609375,onnx/CIFAR100_resnet_medium.onnx,vnnlib/CIFAR100_resnet_medium_prop_idx_2132_sidx_6868_eps_0.0039.vnnlib,[],[],[],"watchdog killed instance after 113.5s (status=UNKNOWN_TIMEOUT, peak_rss=6563.0 MiB)",/data1/Kane/ACT/audit_results/r93_rerun_20260525T083118Z/overnight_cpu_round2_20260525T225241Z/cifar100_2024/per_instance_cifar100_2024_watchdog_iid1_20260526T012314991948Z.json
cpu_smoke,2,UNKNOWN,UNKNOWN,UNKNOWN,UNKNOWN,35.832,,False,,PASSED,,onnx/CIFAR100_resnet_medium.onnx,vnnlib/CIFAR100_resnet_medium_prop_idx_6232_sidx_3020_eps_0.0039.vnnlib,"[""UNKNOWN""]","[""UNKNOWN""]",[null],,/data1/Kane/ACT/audit_results/r93_rerun_20260525T083118Z/overnight_cpu_round2_20260525T225241Z/cifar100_2024/per_instance_cifar100_2024_20260526T012354058871Z.json
cpu_smoke,3,UNKNOWN,UNKNOWN,UNKNOWN,UNKNOWN,36.082,,False,,PASSED,,onnx/CIFAR100_resnet_medium.onnx,vnnlib/CIFAR100_resnet_medium_prop_idx_9694_sidx_2810_eps_0.0039.vnnlib,"[""UNKNOWN""]","[""UNKNOWN""]",[null],,/data1/Kane/ACT/audit_results/r93_rerun_20260525T083118Z/overnight_cpu_round2_20260525T225241Z/cifar100_2024/per_instance_cifar100_2024_20260526T012433145058Z.json
cpu_smoke,4,UNKNOWN,UNKNOWN,UNKNOWN,UNKNOWN,36.406,,False,,PASSED,,onnx/CIFAR100_resnet_medium.onnx,vnnlib/CIFAR100_resnet_medium_prop_idx_4760_sidx_4651_eps_0.0039.vnnlib,"[""UNKNOWN""]","[""UNKNOWN""]",[null],,/data1/Kane/ACT/audit_results/r93_rerun_20260525T083118Z/overnight_cpu_round2_20260525T225241Z/cifar100_2024/per_instance_cifar100_2024_20260526T012512658477Z.json
full_r3,10,UNKNOWN,UNKNOWN,UNKNOWN,UNKNOWN,40.062,,False,,PASSED,,onnx/CIFAR100_resnet_medium.onnx,vnnlib/CIFAR100_resnet_medium_prop_idx_7704_sidx_3701_eps_0.0039.vnnlib,"[""UNKNOWN""]","[""UNKNOWN""]",[null],,/data1/Kane/ACT/audit_results/r93_rerun_20260525T083118Z/overnight_cpu_full_stream3_20260526T025908Z/cifar100_2024/per_instance_cifar100_2024_20260526T030319808525Z.json
full_r3,100,UNKNOWN_RESOURCE_LIMIT,UNKNOWN,UNKNOWN,,20.815,UNKNOWN_RESOURCE_LIMIT,True,True,FAILED,26074.40625,onnx/CIFAR100_resnet_large.onnx,vnnlib/CIFAR100_resnet_large_prop_idx_496_sidx_1194_eps_0.0039.vnnlib,[],[],[],"watchdog killed instance after 20.8s (status=UNKNOWN_RESOURCE_LIMIT, peak_rss=26074.4 MiB)",/data1/Kane/ACT/audit_results/r93_rerun_20260525T083118Z/overnight_cpu_full_stream3_20260526T025908Z/cifar100_2024/per_instance_cifar100_2024_watchdog_iid100_20260526T040240791356Z.json
full_r3,101,UNKNOWN_RESOURCE_LIMIT,UNKNOWN,UNKNOWN,,20.815,UNKNOWN_RESOURCE_LIMIT,True,True,FAILED,25269.4375,onnx/CIFAR100_resnet_large.onnx,vnnlib/CIFAR100_resnet_large_prop_idx_4385_sidx_9116_eps_0.0039.vnnlib,[],[],[],"watchdog killed instance after 20.8s (status=UNKNOWN_RESOURCE_LIMIT, peak_rss=25269.4 MiB)",/data1/Kane/ACT/audit_results/r93_rerun_20260525T083118Z/overnight_cpu_full_stream3_20260526T025908Z/cifar100_2024/per_instance_cifar100_2024_watchdog_iid101_20260526T040301607819Z.json
full_r3,102,UNKNOWN_RESOURCE_LIMIT,UNKNOWN,UNKNOWN,,20.215,UNKNOWN_RESOURCE_LIMIT,True,True,FAILED,25196.73828125,onnx/CIFAR100_resnet_large.onnx,vnnlib/CIFAR100_resnet_large_prop_idx_5308_sidx_1650_eps_0.0039.vnnlib,[],[],[],"watchdog killed instance after 20.2s (status=UNKNOWN_RESOURCE_LIMIT, peak_rss=25196.7 MiB)",/data1/Kane/ACT/audit_results/r93_rerun_20260525T083118Z/overnight_cpu_full_stream3_20260526T025908Z/cifar100_2024/per_instance_cifar100_2024_watchdog_iid102_20260526T040321823798Z.json
full_r3,103,UNKNOWN_RESOURCE_LIMIT,UNKNOWN,UNKNOWN,,20.115,UNKNOWN_RESOURCE_LIMIT,True,True,FAILED,24691.4765625,onnx/CIFAR100_resnet_large.onnx,vnnlib/CIFAR100_resnet_large_prop_idx_4757_sidx_803_eps_0.0039.vnnlib,[],[],[],"watchdog killed instance after 20.1s (status=UNKNOWN_RESOURCE_LIMIT, peak_rss=24691.5 MiB)",/data1/Kane/ACT/audit_results/r93_rerun_20260525T083118Z/overnight_cpu_full_stream3_20260526T025908Z/cifar100_2024/per_instance_cifar100_2024_watchdog_iid103_20260526T040341940951Z.json
full_r3,104,UNKNOWN_RESOURCE_LIMIT,UNKNOWN,UNKNOWN,,20.613,UNKNOWN_RESOURCE_LIMIT,True,True,FAILED,25568.09765625,onnx/CIFAR100_resnet_large.onnx,vnnlib/CIFAR100_resnet_large_prop_idx_4227_sidx_5883_eps_0.0039.vnnlib,[],[],[],"watchdog killed instance after 20.6s (status=UNKNOWN_RESOURCE_LIMIT, peak_rss=25568.1 MiB)",/data1/Kane/ACT/audit_results/r93_rerun_20260525T083118Z/overnight_cpu_full_stream3_20260526T025908Z/cifar100_2024/per_instance_cifar100_2024_watchdog_iid104_20260526T040402555252Z.json
full_r3,105,UNKNOWN_RESOURCE_LIMIT,UNKNOWN,UNKNOWN,,19.913,UNKNOWN_RESOURCE_LIMIT,True,True,FAILED,25080.296875,onnx/CIFAR100_resnet_large.onnx,vnnlib/CIFAR100_resnet_large_prop_idx_8589_sidx_3105_eps_0.0039.vnnlib,[],[],[],"watchdog killed instance after 19.9s (status=UNKNOWN_RESOURCE_LIMIT, peak_rss=25080.3 MiB)",/data1/Kane/ACT/audit_results/r93_rerun_20260525T083118Z/overnight_cpu_full_stream3_20260526T025908Z/cifar100_2024/per_instance_cifar100_2024_watchdog_iid105_20260526T040422469267Z.json
full_r3,106,UNKNOWN_RESOURCE_LIMIT,UNKNOWN,UNKNOWN,,20.915,UNKNOWN_RESOURCE_LIMIT,True,True,FAILED,25969.6328125,onnx/CIFAR100_resnet_large.onnx,vnnlib/CIFAR100_resnet_large_prop_idx_8476_sidx_3906_eps_0.0039.vnnlib,[],[],[],"watchdog killed instance after 20.9s (status=UNKNOWN_RESOURCE_LIMIT, peak_rss=25969.6 MiB)",/data1/Kane/ACT/audit_results/r93_rerun_20260525T083118Z/overnight_cpu_full_stream3_20260526T025908Z/cifar100_2024/per_instance_cifar100_2024_watchdog_iid106_20260526T040443385358Z.json
full_r3,107,UNKNOWN_RESOURCE_LIMIT,UNKNOWN,UNKNOWN,,20.615,UNKNOWN_RESOURCE_LIMIT,True,True,FAILED,25012.73828125,onnx/CIFAR100_resnet_large.onnx,vnnlib/CIFAR100_resnet_large_prop_idx_1456_sidx_5797_eps_0.0039.vnnlib,[],[],[],"watchdog killed instance after 20.6s (status=UNKNOWN_RESOURCE_LIMIT, peak_rss=25012.7 MiB)",/data1/Kane/ACT/audit_results/r93_rerun_20260525T083118Z/overnight_cpu_full_stream3_20260526T025908Z/cifar100_2024/per_instance_cifar100_2024_watchdog_iid107_20260526T040504001450Z.json
full_r3,108,UNKNOWN_RESOURCE_LIMIT,UNKNOWN,UNKNOWN,,22.018,UNKNOWN_RESOURCE_LIMIT,True,True,FAILED,24588.73828125,onnx/CIFAR100_resnet_large.onnx,vnnlib/CIFAR100_resnet_large_prop_idx_998_sidx_7605_eps_0.0039.vnnlib,[],[],[],"watchdog killed instance after 22.0s (status=UNKNOWN_RESOURCE_LIMIT, peak_rss=24588.7 MiB)",/data1/Kane/ACT/audit_results/r93_rerun_20260525T083118Z/overnight_cpu_full_stream3_20260526T025908Z/cifar100_2024/per_instance_cifar100_2024_watchdog_iid108_20260526T040526021751Z.json
full_r3,109,UNKNOWN_RESOURCE_LIMIT,UNKNOWN,UNKNOWN,,21.218,UNKNOWN_RESOURCE_LIMIT,True,True,FAILED,24823.8359375,onnx/CIFAR100_resnet_large.onnx,vnnlib/CIFAR100_resnet_large_prop_idx_9778_sidx_7516_eps_0.0039.vnnlib,[],[],[],"watchdog killed instance after 21.2s (status=UNKNOWN_RESOURCE_LIMIT, peak_rss=24823.8 MiB)",/data1/Kane/ACT/audit_results/r93_rerun_20260525T083118Z/overnight_cpu_full_stream3_20260526T025908Z/cifar100_2024/per_instance_cifar100_2024_watchdog_iid109_20260526T040547240724Z.json
full_r3,11,UNKNOWN,UNKNOWN,UNKNOWN,UNKNOWN,34.084,,False,,PASSED,,onnx/CIFAR100_resnet_medium.onnx,vnnlib/CIFAR100_resnet_medium_prop_idx_4752_sidx_1800_eps_0.0039.vnnlib,"[""UNKNOWN""]","[""UNKNOWN""]",[null],,/data1/Kane/ACT/audit_results/r93_rerun_20260525T083118Z/overnight_cpu_full_stream3_20260526T025908Z/cifar100_2024/per_instance_cifar100_2024_20260526T030356837166Z.json
full_r3,110,UNKNOWN_RESOURCE_LIMIT,UNKNOWN,UNKNOWN,,21.115,UNKNOWN_RESOURCE_LIMIT,True,True,FAILED,25160.37109375,onnx/CIFAR100_resnet_large.onnx,vnnlib/CIFAR100_resnet_large_prop_idx_1063_sidx_7948_eps_0.0039.vnnlib,[],[],[],"watchdog killed instance after 21.1s (status=UNKNOWN_RESOURCE_LIMIT, peak_rss=25160.4 MiB)",/data1/Kane/ACT/audit_results/r93_rerun_20260525T083118Z/overnight_cpu_full_stream3_20260526T025908Z/cifar100_2024/per_instance_cifar100_2024_watchdog_iid110_20260526T040608357780Z.json
full_r3,111,UNKNOWN_RESOURCE_LIMIT,UNKNOWN,UNKNOWN,,20.616,UNKNOWN_RESOURCE_LIMIT,True,True,FAILED,24859.0546875,onnx/CIFAR100_resnet_large.onnx,vnnlib/CIFAR100_resnet_large_prop_idx_1426_sidx_3855_eps_0.0039.vnnlib,[],[],[],"watchdog killed instance after 20.6s (status=UNKNOWN_RESOURCE_LIMIT, peak_rss=24859.1 MiB)",/data1/Kane/ACT/audit_results/r93_rerun_20260525T083118Z/overnight_cpu_full_stream3_20260526T025908Z/cifar100_2024/per_instance_cifar100_2024_watchdog_iid111_20260526T040628975865Z.json
full_r3,112,UNKNOWN_RESOURCE_LIMIT,UNKNOWN,UNKNOWN,,20.617,UNKNOWN_RESOURCE_LIMIT,True,True,FAILED,25196.41796875,onnx/CIFAR100_resnet_large.onnx,vnnlib/CIFAR100_resnet_large_prop_idx_3355_sidx_212_eps_0.0039.vnnlib,[],[],[],"watchdog killed instance after 20.6s (status=UNKNOWN_RESOURCE_LIMIT, peak_rss=25196.4 MiB)",/data1/Kane/ACT/audit_results/r93_rerun_20260525T083118Z/overnight_cpu_full_stream3_20260526T025908Z/cifar100_2024/per_instance_cifar100_2024_watchdog_iid112_20260526T040649593994Z.json
full_r3,113,UNKNOWN_RESOURCE_LIMIT,UNKNOWN,UNKNOWN,,21.416,UNKNOWN_RESOURCE_LIMIT,True,True,FAILED,24672.05078125,onnx/CIFAR100_resnet_large.onnx,vnnlib/CIFAR100_resnet_large_prop_idx_1439_sidx_8354_eps_0.0039.vnnlib,[],[],[],"watchdog killed instance after 21.4s (status=UNKNOWN_RESOURCE_LIMIT, peak_rss=24672.1 MiB)",/data1/Kane/ACT/audit_results/r93_rerun_20260525T083118Z/overnight_cpu_full_stream3_20260526T025908Z/cifar100_2024/per_instance_cifar100_2024_watchdog_iid113_20260526T040711011639Z.json
full_r3,114,UNKNOWN_RESOURCE_LIMIT,UNKNOWN,UNKNOWN,,20.915,UNKNOWN_RESOURCE_LIMIT,True,True,FAILED,25283.0703125,onnx/CIFAR100_resnet_large.onnx,vnnlib/CIFAR100_resnet_large_prop_idx_3585_sidx_3469_eps_0.0039.vnnlib,[],[],[],"watchdog killed instance after 20.9s (status=UNKNOWN_RESOURCE_LIMIT, peak_rss=25283.1 MiB)",/data1/Kane/ACT/audit_results/r93_rerun_20260525T083118Z/overnight_cpu_full_stream3_20260526T025908Z/cifar100_2024/per_instance_cifar100_2024_watchdog_iid114_20260526T040731928241Z.json
full_r3,115,UNKNOWN_RESOURCE_LIMIT,UNKNOWN,UNKNOWN,,20.315,UNKNOWN_RESOURCE_LIMIT,True,True,FAILED,25657.07421875,onnx/CIFAR100_resnet_large.onnx,vnnlib/CIFAR100_resnet_large_prop_idx_2636_sidx_1992_eps_0.0039.vnnlib,[],[],[],"watchdog killed instance after 20.3s (status=UNKNOWN_RESOURCE_LIMIT, peak_rss=25657.1 MiB)",/data1/Kane/ACT/audit_results/r93_rerun_20260525T083118Z/overnight_cpu_full_stream3_20260526T025908Z/cifar100_2024/per_instance_cifar100_2024_watchdog_iid115_20260526T040752244771Z.json
full_r3,116,UNKNOWN_RESOURCE_LIMIT,UNKNOWN,UNKNOWN,,22.617,UNKNOWN_RESOURCE_LIMIT,True,True,FAILED,24660.62109375,onnx/CIFAR100_resnet_large.onnx,vnnlib/CIFAR100_resnet_large_prop_idx_6101_sidx_3593_eps_0.0039.vnnlib,[],[],[],"watchdog killed instance after 22.6s (status=UNKNOWN_RESOURCE_LIMIT, peak_rss=24660.6 MiB)",/data1/Kane/ACT/audit_results/r93_rerun_20260525T083118Z/overnight_cpu_full_stream3_20260526T025908Z/cifar100_2024/per_instance_cifar100_2024_watchdog_iid116_20260526T040814863268Z.json
full_r3,117,UNKNOWN_RESOURCE_LIMIT,UNKNOWN,UNKNOWN,,21.013,UNKNOWN_RESOURCE_LIMIT,True,True,FAILED,25439.56640625,onnx/CIFAR100_resnet_large.onnx,vnnlib/CIFAR100_resnet_large_prop_idx_1059_sidx_6596_eps_0.0039.vnnlib,[],[],[],"watchdog killed instance after 21.0s (status=UNKNOWN_RESOURCE_LIMIT, peak_rss=25439.6 MiB)",/data1/Kane/ACT/audit_results/r93_rerun_20260525T083118Z/overnight_cpu_full_stream3_20260526T025908Z/cifar100_2024/per_instance_cifar100_2024_watchdog_iid117_20260526T040835878403Z.json
full_r3,118,UNKNOWN_RESOURCE_LIMIT,UNKNOWN,UNKNOWN,,22.416,UNKNOWN_RESOURCE_LIMIT,True,True,FAILED,24615.4375,onnx/CIFAR100_resnet_large.onnx,vnnlib/CIFAR100_resnet_large_prop_idx_9773_sidx_3718_eps_0.0039.vnnlib,[],[],[],"watchdog killed instance after 22.4s (status=UNKNOWN_RESOURCE_LIMIT, peak_rss=24615.4 MiB)",/data1/Kane/ACT/audit_results/r93_rerun_20260525T083118Z/overnight_cpu_full_stream3_20260526T025908Z/cifar100_2024/per_instance_cifar100_2024_watchdog_iid118_20260526T040858295485Z.json
full_r3,119,UNKNOWN_RESOURCE_LIMIT,UNKNOWN,UNKNOWN,,20.815,UNKNOWN_RESOURCE_LIMIT,True,True,FAILED,25800.29296875,onnx/CIFAR100_resnet_large.onnx,vnnlib/CIFAR100_resnet_large_prop_idx_7890_sidx_4421_eps_0.0039.vnnlib,[],[],[],"watchdog killed instance after 20.8s (status=UNKNOWN_RESOURCE_LIMIT, peak_rss=25800.3 MiB)",/data1/Kane/ACT/audit_results/r93_rerun_20260525T083118Z/overnight_cpu_full_stream3_20260526T025908Z/cifar100_2024/per_instance_cifar100_2024_watchdog_iid119_20260526T040919111794Z.json
full_r3,12,UNKNOWN,UNKNOWN,UNKNOWN,UNKNOWN,36.761,,False,,PASSED,,onnx/CIFAR100_resnet_medium.onnx,vnnlib/CIFAR100_resnet_medium_prop_idx_6415_sidx_4543_eps_0.0039.vnnlib,"[""UNKNOWN""]","[""UNKNOWN""]",[null],,/data1/Kane/ACT/audit_results/r93_rerun_20260525T083118Z/overnight_cpu_full_stream3_20260526T025908Z/cifar100_2024/per_instance_cifar100_2024_20260526T030436558739Z.json
full_r3,120,UNKNOWN_RESOURCE_LIMIT,UNKNOWN,UNKNOWN,,20.215,UNKNOWN_RESOURCE_LIMIT,True,True,FAILED,25276.4609375,onnx/CIFAR100_resnet_large.onnx,vnnlib/CIFAR100_resnet_large_prop_idx_2993_sidx_2485_eps_0.0039.vnnlib,[],[],[],"watchdog killed instance after 20.2s (status=UNKNOWN_RESOURCE_LIMIT, peak_rss=25276.5 MiB)",/data1/Kane/ACT/audit_results/r93_rerun_20260525T083118Z/overnight_cpu_full_stream3_20260526T025908Z/cifar100_2024/per_instance_cifar100_2024_watchdog_iid120_20260526T040939328744Z.json
full_r3,121,UNKNOWN_RESOURCE_LIMIT,UNKNOWN,UNKNOWN,,20.714,UNKNOWN_RESOURCE_LIMIT,True,True,FAILED,25087.6875,onnx/CIFAR100_resnet_large.onnx,vnnlib/CIFAR100_resnet_large_prop_idx_1105_sidx_9000_eps_0.0039.vnnlib,[],[],[],"watchdog killed instance after 20.7s (status=UNKNOWN_RESOURCE_LIMIT, peak_rss=25087.7 MiB)",/data1/Kane/ACT/audit_results/r93_rerun_20260525T083118Z/overnight_cpu_full_stream3_20260526T025908Z/cifar100_2024/per_instance_cifar100_2024_watchdog_iid121_20260526T041000043956Z.json
full_r3,122,UNKNOWN_RESOURCE_LIMIT,UNKNOWN,UNKNOWN,,19.513,UNKNOWN_RESOURCE_LIMIT,True,True,FAILED,24993.60546875,onnx/CIFAR100_resnet_large.onnx,vnnlib/CIFAR100_resnet_large_prop_idx_383_sidx_3388_eps_0.0039.vnnlib,[],[],[],"watchdog killed instance after 19.5s (status=UNKNOWN_RESOURCE_LIMIT, peak_rss=24993.6 MiB)",/data1/Kane/ACT/audit_results/r93_rerun_20260525T083118Z/overnight_cpu_full_stream3_20260526T025908Z/cifar100_2024/per_instance_cifar100_2024_watchdog_iid122_20260526T041019662793Z.json
full_r3,123,UNKNOWN_RESOURCE_LIMIT,UNKNOWN,UNKNOWN,,19.914,UNKNOWN_RESOURCE_LIMIT,True,True,FAILED,24684.87890625,onnx/CIFAR100_resnet_large.onnx,vnnlib/CIFAR100_resnet_large_prop_idx_6341_sidx_3142_eps_0.0039.vnnlib,[],[],[],"watchdog killed instance after 19.9s (status=UNKNOWN_RESOURCE_LIMIT, peak_rss=24684.9 MiB)",/data1/Kane/ACT/audit_results/r93_rerun_20260525T083118Z/overnight_cpu_full_stream3_20260526T025908Z/cifar100_2024/per_instance_cifar100_2024_watchdog_iid123_20260526T041039578502Z.json
full_r3,124,UNKNOWN_RESOURCE_LIMIT,UNKNOWN,UNKNOWN,,20.316,UNKNOWN_RESOURCE_LIMIT,True,True,FAILED,24871.0,onnx/CIFAR100_resnet_large.onnx,vnnlib/CIFAR100_resnet_large_prop_idx_2132_sidx_6868_eps_0.0039.vnnlib,[],[],[],"watchdog killed instance after 20.3s (status=UNKNOWN_RESOURCE_LIMIT, peak_rss=24871.0 MiB)",/data1/Kane/ACT/audit_results/r93_rerun_20260525T083118Z/overnight_cpu_full_stream3_20260526T025908Z/cifar100_2024/per_instance_cifar100_2024_watchdog_iid124_20260526T041059895601Z.json
full_r3,125,UNKNOWN_RESOURCE_LIMIT,UNKNOWN,UNKNOWN,,20.916,UNKNOWN_RESOURCE_LIMIT,True,True,FAILED,25523.1015625,onnx/CIFAR100_resnet_large.onnx,vnnlib/CIFAR100_resnet_large_prop_idx_3443_sidx_918_eps_0.0039.vnnlib,[],[],[],"watchdog killed instance after 20.9s (status=UNKNOWN_RESOURCE_LIMIT, peak_rss=25523.1 MiB)",/data1/Kane/ACT/audit_results/r93_rerun_20260525T083118Z/overnight_cpu_full_stream3_20260526T025908Z/cifar100_2024/per_instance_cifar100_2024_watchdog_iid125_20260526T041120812544Z.json
full_r3,126,UNKNOWN_RESOURCE_LIMIT,UNKNOWN,UNKNOWN,,20.314,UNKNOWN_RESOURCE_LIMIT,True,True,FAILED,25568.953125,onnx/CIFAR100_resnet_large.onnx,vnnlib/CIFAR100_resnet_large_prop_idx_8119_sidx_972_eps_0.0039.vnnlib,[],[],[],"watchdog killed instance after 20.3s (status=UNKNOWN_RESOURCE_LIMIT, peak_rss=25569.0 MiB)",/data1/Kane/ACT/audit_results/r93_rerun_20260525T083118Z/overnight_cpu_full_stream3_20260526T025908Z/cifar100_2024/per_instance_cifar100_2024_watchdog_iid126_20260526T041141127520Z.json
full_r3,127,UNKNOWN_RESOURCE_LIMIT,UNKNOWN,UNKNOWN,,20.615,UNKNOWN_RESOURCE_LIMIT,True,True,FAILED,25412.51953125,onnx/CIFAR100_resnet_large.onnx,vnnlib/CIFAR100_resnet_large_prop_idx_484_sidx_161_eps_0.0039.vnnlib,[],[],[],"watchdog killed instance after 20.6s (status=UNKNOWN_RESOURCE_LIMIT, peak_rss=25412.5 MiB)",/data1/Kane/ACT/audit_results/r93_rerun_20260525T083118Z/overnight_cpu_full_stream3_20260526T025908Z/cifar100_2024/per_instance_cifar100_2024_watchdog_iid127_20260526T041201744513Z.json
full_r3,128,UNKNOWN_RESOURCE_LIMIT,UNKNOWN,UNKNOWN,,20.915,UNKNOWN_RESOURCE_LIMIT,True,True,FAILED,25311.83203125,onnx/CIFAR100_resnet_large.onnx,vnnlib/CIFAR100_resnet_large_prop_idx_62_sidx_313_eps_0.0039.vnnlib,[],[],[],"watchdog killed instance after 20.9s (status=UNKNOWN_RESOURCE_LIMIT, peak_rss=25311.8 MiB)",/data1/Kane/ACT/audit_results/r93_rerun_20260525T083118Z/overnight_cpu_full_stream3_20260526T025908Z/cifar100_2024/per_instance_cifar100_2024_watchdog_iid128_20260526T041222660934Z.json
full_r3,129,UNKNOWN_RESOURCE_LIMIT,UNKNOWN,UNKNOWN,,19.814,UNKNOWN_RESOURCE_LIMIT,True,True,FAILED,24708.796875,onnx/CIFAR100_resnet_large.onnx,vnnlib/CIFAR100_resnet_large_prop_idx_6269_sidx_6873_eps_0.0039.vnnlib,[],[],[],"watchdog killed instance after 19.8s (status=UNKNOWN_RESOURCE_LIMIT, peak_rss=24708.8 MiB)",/data1/Kane/ACT/audit_results/r93_rerun_20260525T083118Z/overnight_cpu_full_stream3_20260526T025908Z/cifar100_2024/per_instance_cifar100_2024_watchdog_iid129_20260526T041242476150Z.json
full_r3,13,UNKNOWN,UNKNOWN,UNKNOWN,UNKNOWN,36.653,,False,,PASSED,,onnx/CIFAR100_resnet_medium.onnx,vnnlib/CIFAR100_resnet_medium_prop_idx_2477_sidx_388_eps_0.0039.vnnlib,"[""UNKNOWN""]","[""UNKNOWN""]",[null],,/data1/Kane/ACT/audit_results/r93_rerun_20260525T083118Z/overnight_cpu_full_stream3_20260526T025908Z/cifar100_2024/per_instance_cifar100_2024_20260526T030516483030Z.json
full_r3,130,UNKNOWN_RESOURCE_LIMIT,UNKNOWN,UNKNOWN,,21.417,UNKNOWN_RESOURCE_LIMIT,True,True,FAILED,25551.5703125,onnx/CIFAR100_resnet_large.onnx,vnnlib/CIFAR100_resnet_large_prop_idx_3703_sidx_3842_eps_0.0039.vnnlib,[],[],[],"watchdog killed instance after 21.4s (status=UNKNOWN_RESOURCE_LIMIT, peak_rss=25551.6 MiB)",/data1/Kane/ACT/audit_results/r93_rerun_20260525T083118Z/overnight_cpu_full_stream3_20260526T025908Z/cifar100_2024/per_instance_cifar100_2024_watchdog_iid130_20260526T041303894529Z.json
full_r3,131,UNKNOWN_RESOURCE_LIMIT,UNKNOWN,UNKNOWN,,20.215,UNKNOWN_RESOURCE_LIMIT,True,True,FAILED,25290.81640625,onnx/CIFAR100_resnet_large.onnx,vnnlib/CIFAR100_resnet_large_prop_idx_2998_sidx_6947_eps_0.0039.vnnlib,[],[],[],"watchdog killed instance after 20.2s (status=UNKNOWN_RESOURCE_LIMIT, peak_rss=25290.8 MiB)",/data1/Kane/ACT/audit_results/r93_rerun_20260525T083118Z/overnight_cpu_full_stream3_20260526T025908Z/cifar100_2024/per_instance_cifar100_2024_watchdog_iid131_20260526T041324111499Z.json
full_r3,132,UNKNOWN_RESOURCE_LIMIT,UNKNOWN,UNKNOWN,,20.715,UNKNOWN_RESOURCE_LIMIT,True,True,FAILED,25128.1875,onnx/CIFAR100_resnet_large.onnx,vnnlib/CIFAR100_resnet_large_prop_idx_7926_sidx_589_eps_0.0039.vnnlib,[],[],[],"watchdog killed instance after 20.7s (status=UNKNOWN_RESOURCE_LIMIT, peak_rss=25128.2 MiB)",/data1/Kane/ACT/audit_results/r93_rerun_20260525T083118Z/overnight_cpu_full_stream3_20260526T025908Z/cifar100_2024/per_instance_cifar100_2024_watchdog_iid132_20260526T041344828561Z.json
full_r3,133,UNKNOWN_RESOURCE_LIMIT,UNKNOWN,UNKNOWN,,21.717,UNKNOWN_RESOURCE_LIMIT,True,True,FAILED,25116.75390625,onnx/CIFAR100_resnet_large.onnx,vnnlib/CIFAR100_resnet_large_prop_idx_3681_sidx_4987_eps_0.0039.vnnlib,[],[],[],"watchdog killed instance after 21.7s (status=UNKNOWN_RESOURCE_LIMIT, peak_rss=25116.8 MiB)",/data1/Kane/ACT/audit_results/r93_rerun_20260525T083118Z/overnight_cpu_full_stream3_20260526T025908Z/cifar100_2024/per_instance_cifar100_2024_watchdog_iid133_20260526T041406547979Z.json
full_r3,134,UNKNOWN_RESOURCE_LIMIT,UNKNOWN,UNKNOWN,,20.517,UNKNOWN_RESOURCE_LIMIT,True,True,FAILED,25148.359375,onnx/CIFAR100_resnet_large.onnx,vnnlib/CIFAR100_resnet_large_prop_idx_5410_sidx_2762_eps_0.0039.vnnlib,[],[],[],"watchdog killed instance after 20.5s (status=UNKNOWN_RESOURCE_LIMIT, peak_rss=25148.4 MiB)",/data1/Kane/ACT/audit_results/r93_rerun_20260525T083118Z/overnight_cpu_full_stream3_20260526T025908Z/cifar100_2024/per_instance_cifar100_2024_watchdog_iid134_20260526T041427067236Z.json
full_r3,135,UNKNOWN_RESOURCE_LIMIT,UNKNOWN,UNKNOWN,,20.416,UNKNOWN_RESOURCE_LIMIT,True,True,FAILED,25236.5703125,onnx/CIFAR100_resnet_large.onnx,vnnlib/CIFAR100_resnet_large_prop_idx_1280_sidx_5310_eps_0.0039.vnnlib,[],[],[],"watchdog killed instance after 20.4s (status=UNKNOWN_RESOURCE_LIMIT, peak_rss=25236.6 MiB)",/data1/Kane/ACT/audit_results/r93_rerun_20260525T083118Z/overnight_cpu_full_stream3_20260526T025908Z/cifar100_2024/per_instance_cifar100_2024_watchdog_iid135_20260526T041447485660Z.json
full_r3,136,UNKNOWN_RESOURCE_LIMIT,UNKNOWN,UNKNOWN,,21.118,UNKNOWN_RESOURCE_LIMIT,True,True,FAILED,25656.77734375,onnx/CIFAR100_resnet_large.onnx,vnnlib/CIFAR100_resnet_large_prop_idx_7233_sidx_4318_eps_0.0039.vnnlib,[],[],[],"watchdog killed instance after 21.1s (status=UNKNOWN_RESOURCE_LIMIT, peak_rss=25656.8 MiB)",/data1/Kane/ACT/audit_results/r93_rerun_20260525T083118Z/overnight_cpu_full_stream3_20260526T025908Z/cifar100_2024/per_instance_cifar100_2024_watchdog_iid136_20260526T041508605321Z.json
full_r3,137,UNKNOWN_RESOURCE_LIMIT,UNKNOWN,UNKNOWN,,22.518,UNKNOWN_RESOURCE_LIMIT,True,True,FAILED,24661.13671875,onnx/CIFAR100_resnet_large.onnx,vnnlib/CIFAR100_resnet_large_prop_idx_2724_sidx_6459_eps_0.0039.vnnlib,[],[],[],"watchdog killed instance after 22.5s (status=UNKNOWN_RESOURCE_LIMIT, peak_rss=24661.1 MiB)",/data1/Kane/ACT/audit_results/r93_rerun_20260525T083118Z/overnight_cpu_full_stream3_20260526T025908Z/cifar100_2024/per_instance_cifar100_2024_watchdog_iid137_20260526T041531125225Z.json
full_r3,138,UNKNOWN_RESOURCE_LIMIT,UNKNOWN,UNKNOWN,,20.416,UNKNOWN_RESOURCE_LIMIT,True,True,FAILED,24950.15234375,onnx/CIFAR100_resnet_large.onnx,vnnlib/CIFAR100_resnet_large_prop_idx_3894_sidx_5803_eps_0.0039.vnnlib,[],[],[],"watchdog killed instance after 20.4s (status=UNKNOWN_RESOURCE_LIMIT, peak_rss=24950.2 MiB)",/data1/Kane/ACT/audit_results/r93_rerun_20260525T083118Z/overnight_cpu_full_stream3_20260526T025908Z/cifar100_2024/per_instance_cifar100_2024_watchdog_iid138_20260526T041551542540Z.json
full_r3,139,UNKNOWN_RESOURCE_LIMIT,UNKNOWN,UNKNOWN,,20.815,UNKNOWN_RESOURCE_LIMIT,True,True,FAILED,25229.734375,onnx/CIFAR100_resnet_large.onnx,vnnlib/CIFAR100_resnet_large_prop_idx_3858_sidx_134_eps_0.0039.vnnlib,[],[],[],"watchdog killed instance after 20.8s (status=UNKNOWN_RESOURCE_LIMIT, peak_rss=25229.7 MiB)",/data1/Kane/ACT/audit_results/r93_rerun_20260525T083118Z/overnight_cpu_full_stream3_20260526T025908Z/cifar100_2024/per_instance_cifar100_2024_watchdog_iid139_20260526T041612359716Z.json
full_r3,14,UNKNOWN,UNKNOWN,UNKNOWN,UNKNOWN,38.667,,False,,PASSED,,onnx/CIFAR100_resnet_medium.onnx,vnnlib/CIFAR100_resnet_medium_prop_idx_6553_sidx_7265_eps_0.0039.vnnlib,"[""UNKNOWN""]","[""UNKNOWN""]",[null],,/data1/Kane/ACT/audit_results/r93_rerun_20260525T083118Z/overnight_cpu_full_stream3_20260526T025908Z/cifar100_2024/per_instance_cifar100_2024_20260526T030558519643Z.json
full_r3,140,UNKNOWN_RESOURCE_LIMIT,UNKNOWN,UNKNOWN,,21.016,UNKNOWN_RESOURCE_LIMIT,True,True,FAILED,25519.30078125,onnx/CIFAR100_resnet_large.onnx,vnnlib/CIFAR100_resnet_large_prop_idx_8005_sidx_2582_eps_0.0039.vnnlib,[],[],[],"watchdog killed instance after 21.0s (status=UNKNOWN_RESOURCE_LIMIT, peak_rss=25519.3 MiB)",/data1/Kane/ACT/audit_results/r93_rerun_20260525T083118Z/overnight_cpu_full_stream3_20260526T025908Z/cifar100_2024/per_instance_cifar100_2024_watchdog_iid140_20260526T041633377460Z.json
full_r3,141,UNKNOWN_RESOURCE_LIMIT,UNKNOWN,UNKNOWN,,20.917,UNKNOWN_RESOURCE_LIMIT,True,True,FAILED,25107.01171875,onnx/CIFAR100_resnet_large.onnx,vnnlib/CIFAR100_resnet_large_prop_idx_1298_sidx_33_eps_0.0039.vnnlib,[],[],[],"watchdog killed instance after 20.9s (status=UNKNOWN_RESOURCE_LIMIT, peak_rss=25107.0 MiB)",/data1/Kane/ACT/audit_results/r93_rerun_20260525T083118Z/overnight_cpu_full_stream3_20260526T025908Z/cifar100_2024/per_instance_cifar100_2024_watchdog_iid141_20260526T041654295680Z.json
full_r3,142,UNKNOWN_RESOURCE_LIMIT,UNKNOWN,UNKNOWN,,20.314,UNKNOWN_RESOURCE_LIMIT,True,True,FAILED,24760.3671875,onnx/CIFAR100_resnet_large.onnx,vnnlib/CIFAR100_resnet_large_prop_idx_9935_sidx_75_eps_0.0039.vnnlib,[],[],[],"watchdog killed instance after 20.3s (status=UNKNOWN_RESOURCE_LIMIT, peak_rss=24760.4 MiB)",/data1/Kane/ACT/audit_results/r93_rerun_20260525T083118Z/overnight_cpu_full_stream3_20260526T025908Z/cifar100_2024/per_instance_cifar100_2024_watchdog_iid142_20260526T041714611099Z.json
full_r3,143,UNKNOWN_RESOURCE_LIMIT,UNKNOWN,UNKNOWN,,20.312,UNKNOWN_RESOURCE_LIMIT,True,True,FAILED,24805.0,onnx/CIFAR100_resnet_large.onnx,vnnlib/CIFAR100_resnet_large_prop_idx_276_sidx_476_eps_0.0039.vnnlib,[],[],[],"watchdog killed instance after 20.3s (status=UNKNOWN_RESOURCE_LIMIT, peak_rss=24805.0 MiB)",/data1/Kane/ACT/audit_results/r93_rerun_20260525T083118Z/overnight_cpu_full_stream3_20260526T025908Z/cifar100_2024/per_instance_cifar100_2024_watchdog_iid143_20260526T041734923825Z.json
full_r3,144,UNKNOWN_RESOURCE_LIMIT,UNKNOWN,UNKNOWN,,22.416,UNKNOWN_RESOURCE_LIMIT,True,True,FAILED,24628.921875,onnx/CIFAR100_resnet_large.onnx,vnnlib/CIFAR100_resnet_large_prop_idx_1913_sidx_2767_eps_0.0039.vnnlib,[],[],[],"watchdog killed instance after 22.4s (status=UNKNOWN_RESOURCE_LIMIT, peak_rss=24628.9 MiB)",/data1/Kane/ACT/audit_results/r93_rerun_20260525T083118Z/overnight_cpu_full_stream3_20260526T025908Z/cifar100_2024/per_instance_cifar100_2024_watchdog_iid144_20260526T041757340337Z.json
full_r3,145,UNKNOWN_RESOURCE_LIMIT,UNKNOWN,UNKNOWN,,20.413,UNKNOWN_RESOURCE_LIMIT,True,True,FAILED,24838.390625,onnx/CIFAR100_resnet_large.onnx,vnnlib/CIFAR100_resnet_large_prop_idx_1309_sidx_8525_eps_0.0039.vnnlib,[],[],[],"watchdog killed instance after 20.4s (status=UNKNOWN_RESOURCE_LIMIT, peak_rss=24838.4 MiB)",/data1/Kane/ACT/audit_results/r93_rerun_20260525T083118Z/overnight_cpu_full_stream3_20260526T025908Z/cifar100_2024/per_instance_cifar100_2024_watchdog_iid145_20260526T041817754327Z.json
full_r3,146,UNKNOWN_RESOURCE_LIMIT,UNKNOWN,UNKNOWN,,20.313,UNKNOWN_RESOURCE_LIMIT,True,True,FAILED,25908.16015625,onnx/CIFAR100_resnet_large.onnx,vnnlib/CIFAR100_resnet_large_prop_idx_4862_sidx_9853_eps_0.0039.vnnlib,[],[],[],"watchdog killed instance after 20.3s (status=UNKNOWN_RESOURCE_LIMIT, peak_rss=25908.2 MiB)",/data1/Kane/ACT/audit_results/r93_rerun_20260525T083118Z/overnight_cpu_full_stream3_20260526T025908Z/cifar100_2024/per_instance_cifar100_2024_watchdog_iid146_20260526T041838069395Z.json
full_r3,147,UNKNOWN_RESOURCE_LIMIT,UNKNOWN,UNKNOWN,,21.417,UNKNOWN_RESOURCE_LIMIT,True,True,FAILED,24966.83203125,onnx/CIFAR100_resnet_large.onnx,vnnlib/CIFAR100_resnet_large_prop_idx_7554_sidx_8201_eps_0.0039.vnnlib,[],[],[],"watchdog killed instance after 21.4s (status=UNKNOWN_RESOURCE_LIMIT, peak_rss=24966.8 MiB)",/data1/Kane/ACT/audit_results/r93_rerun_20260525T083118Z/overnight_cpu_full_stream3_20260526T025908Z/cifar100_2024/per_instance_cifar100_2024_watchdog_iid147_20260526T041859487858Z.json
full_r3,148,UNKNOWN_RESOURCE_LIMIT,UNKNOWN,UNKNOWN,,21.713,UNKNOWN_RESOURCE_LIMIT,True,True,FAILED,24584.390625,onnx/CIFAR100_resnet_large.onnx,vnnlib/CIFAR100_resnet_large_prop_idx_4571_sidx_3801_eps_0.0039.vnnlib,[],[],[],"watchdog killed instance after 21.7s (status=UNKNOWN_RESOURCE_LIMIT, peak_rss=24584.4 MiB)",/data1/Kane/ACT/audit_results/r93_rerun_20260525T083118Z/overnight_cpu_full_stream3_20260526T025908Z/cifar100_2024/per_instance_cifar100_2024_watchdog_iid148_20260526T041921202545Z.json
full_r3,149,UNKNOWN_RESOURCE_LIMIT,UNKNOWN,UNKNOWN,,20.815,UNKNOWN_RESOURCE_LIMIT,True,True,FAILED,25384.79296875,onnx/CIFAR100_resnet_large.onnx,vnnlib/CIFAR100_resnet_large_prop_idx_5769_sidx_1524_eps_0.0039.vnnlib,[],[],[],"watchdog killed instance after 20.8s (status=UNKNOWN_RESOURCE_LIMIT, peak_rss=25384.8 MiB)",/data1/Kane/ACT/audit_results/r93_rerun_20260525T083118Z/overnight_cpu_full_stream3_20260526T025908Z/cifar100_2024/per_instance_cifar100_2024_watchdog_iid149_20260526T041942018988Z.json
full_r3,15,UNKNOWN,UNKNOWN,UNKNOWN,UNKNOWN,36.385,,False,,PASSED,,onnx/CIFAR100_resnet_medium.onnx,vnnlib/CIFAR100_resnet_medium_prop_idx_8600_sidx_2721_eps_0.0039.vnnlib,"[""UNKNOWN""]","[""UNKNOWN""]",[null],,/data1/Kane/ACT/audit_results/r93_rerun_20260525T083118Z/overnight_cpu_full_stream3_20260526T025908Z/cifar100_2024/per_instance_cifar100_2024_20260526T030638208341Z.json
full_r3,150,UNKNOWN_RESOURCE_LIMIT,UNKNOWN,UNKNOWN,,20.913,UNKNOWN_RESOURCE_LIMIT,True,True,FAILED,25949.90625,onnx/CIFAR100_resnet_large.onnx,vnnlib/CIFAR100_resnet_large_prop_idx_8748_sidx_4804_eps_0.0039.vnnlib,[],[],[],"watchdog killed instance after 20.9s (status=UNKNOWN_RESOURCE_LIMIT, peak_rss=25949.9 MiB)",/data1/Kane/ACT/audit_results/r93_rerun_20260525T083118Z/overnight_cpu_full_stream3_20260526T025908Z/cifar100_2024/per_instance_cifar100_2024_watchdog_iid150_20260526T042002933232Z.json
full_r3,151,UNKNOWN_RESOURCE_LIMIT,UNKNOWN,UNKNOWN,,19.716,UNKNOWN_RESOURCE_LIMIT,True,True,FAILED,25233.16015625,onnx/CIFAR100_resnet_large.onnx,vnnlib/CIFAR100_resnet_large_prop_idx_3950_sidx_4217_eps_0.0039.vnnlib,[],[],[],"watchdog killed instance after 19.7s (status=UNKNOWN_RESOURCE_LIMIT, peak_rss=25233.2 MiB)",/data1/Kane/ACT/audit_results/r93_rerun_20260525T083118Z/overnight_cpu_full_stream3_20260526T025908Z/cifar100_2024/per_instance_cifar100_2024_watchdog_iid151_20260526T042022650232Z.json
full_r3,152,UNKNOWN_RESOURCE_LIMIT,UNKNOWN,UNKNOWN,,21.214,UNKNOWN_RESOURCE_LIMIT,True,True,FAILED,24646.56640625,onnx/CIFAR100_resnet_large.onnx,vnnlib/CIFAR100_resnet_large_prop_idx_7886_sidx_7064_eps_0.0039.vnnlib,[],[],[],"watchdog killed instance after 21.2s (status=UNKNOWN_RESOURCE_LIMIT, peak_rss=24646.6 MiB)",/data1/Kane/ACT/audit_results/r93_rerun_20260525T083118Z/overnight_cpu_full_stream3_20260526T025908Z/cifar100_2024/per_instance_cifar100_2024_watchdog_iid152_20260526T042043866749Z.json
full_r3,153,UNKNOWN_RESOURCE_LIMIT,UNKNOWN,UNKNOWN,,21.817,UNKNOWN_RESOURCE_LIMIT,True,True,FAILED,24592.62109375,onnx/CIFAR100_resnet_large.onnx,vnnlib/CIFAR100_resnet_large_prop_idx_4652_sidx_1371_eps_0.0039.vnnlib,[],[],[],"watchdog killed instance after 21.8s (status=UNKNOWN_RESOURCE_LIMIT, peak_rss=24592.6 MiB)",/data1/Kane/ACT/audit_results/r93_rerun_20260525T083118Z/overnight_cpu_full_stream3_20260526T025908Z/cifar100_2024/per_instance_cifar100_2024_watchdog_iid153_20260526T042105685318Z.json
full_r3,154,UNKNOWN_RESOURCE_LIMIT,UNKNOWN,UNKNOWN,,20.715,UNKNOWN_RESOURCE_LIMIT,True,True,FAILED,26167.8203125,onnx/CIFAR100_resnet_large.onnx,vnnlib/CIFAR100_resnet_large_prop_idx_1938_sidx_6556_eps_0.0039.vnnlib,[],[],[],"watchdog killed instance after 20.7s (status=UNKNOWN_RESOURCE_LIMIT, peak_rss=26167.8 MiB)",/data1/Kane/ACT/audit_results/r93_rerun_20260525T083118Z/overnight_cpu_full_stream3_20260526T025908Z/cifar100_2024/per_instance_cifar100_2024_watchdog_iid154_20260526T042126402038Z.json
full_r3,155,UNKNOWN_RESOURCE_LIMIT,UNKNOWN,UNKNOWN,,120.641,UNKNOWN_RESOURCE_LIMIT,True,True,FAILED,24924.27734375,onnx/CIFAR100_resnet_large.onnx,vnnlib/CIFAR100_resnet_large_prop_idx_8332_sidx_4482_eps_0.0039.vnnlib,[],[],[],"watchdog killed instance after 120.6s (status=UNKNOWN_RESOURCE_LIMIT, peak_rss=24924.3 MiB)",/data1/Kane/ACT/audit_results/r93_rerun_20260525T083118Z/overnight_cpu_full_stream3_20260526T025908Z/cifar100_2024/per_instance_cifar100_2024_watchdog_iid155_20260526T042327044689Z.json
full_r3,156,UNKNOWN_RESOURCE_LIMIT,UNKNOWN,UNKNOWN,,21.116,UNKNOWN_RESOURCE_LIMIT,True,True,FAILED,25209.16796875,onnx/CIFAR100_resnet_large.onnx,vnnlib/CIFAR100_resnet_large_prop_idx_2302_sidx_3657_eps_0.0039.vnnlib,[],[],[],"watchdog killed instance after 21.1s (status=UNKNOWN_RESOURCE_LIMIT, peak_rss=25209.2 MiB)",/data1/Kane/ACT/audit_results/r93_rerun_20260525T083118Z/overnight_cpu_full_stream3_20260526T025908Z/cifar100_2024/per_instance_cifar100_2024_watchdog_iid156_20260526T042348162241Z.json
full_r3,157,UNKNOWN_RESOURCE_LIMIT,UNKNOWN,UNKNOWN,,20.514,UNKNOWN_RESOURCE_LIMIT,True,True,FAILED,25376.4765625,onnx/CIFAR100_resnet_large.onnx,vnnlib/CIFAR100_resnet_large_prop_idx_7104_sidx_9469_eps_0.0039.vnnlib,[],[],[],"watchdog killed instance after 20.5s (status=UNKNOWN_RESOURCE_LIMIT, peak_rss=25376.5 MiB)",/data1/Kane/ACT/audit_results/r93_rerun_20260525T083118Z/overnight_cpu_full_stream3_20260526T025908Z/cifar100_2024/per_instance_cifar100_2024_watchdog_iid157_20260526T042408678955Z.json
full_r3,158,UNKNOWN_RESOURCE_LIMIT,UNKNOWN,UNKNOWN,,21.014,UNKNOWN_RESOURCE_LIMIT,True,True,FAILED,25573.09765625,onnx/CIFAR100_resnet_large.onnx,vnnlib/CIFAR100_resnet_large_prop_idx_2783_sidx_8903_eps_0.0039.vnnlib,[],[],[],"watchdog killed instance after 21.0s (status=UNKNOWN_RESOURCE_LIMIT, peak_rss=25573.1 MiB)",/data1/Kane/ACT/audit_results/r93_rerun_20260525T083118Z/overnight_cpu_full_stream3_20260526T025908Z/cifar100_2024/per_instance_cifar100_2024_watchdog_iid158_20260526T042429694886Z.json
full_r3,159,UNKNOWN_RESOURCE_LIMIT,UNKNOWN,UNKNOWN,,20.414,UNKNOWN_RESOURCE_LIMIT,True,True,FAILED,24902.4609375,onnx/CIFAR100_resnet_large.onnx,vnnlib/CIFAR100_resnet_large_prop_idx_6491_sidx_3620_eps_0.0039.vnnlib,[],[],[],"watchdog killed instance after 20.4s (status=UNKNOWN_RESOURCE_LIMIT, peak_rss=24902.5 MiB)",/data1/Kane/ACT/audit_results/r93_rerun_20260525T083118Z/overnight_cpu_full_stream3_20260526T025908Z/cifar100_2024/per_instance_cifar100_2024_watchdog_iid159_20260526T042450110441Z.json
full_r3,16,UNKNOWN,UNKNOWN,UNKNOWN,UNKNOWN,37.219,,False,,PASSED,,onnx/CIFAR100_resnet_medium.onnx,vnnlib/CIFAR100_resnet_medium_prop_idx_7258_sidx_3539_eps_0.0039.vnnlib,"[""UNKNOWN""]","[""UNKNOWN""]",[null],,/data1/Kane/ACT/audit_results/r93_rerun_20260525T083118Z/overnight_cpu_full_stream3_20260526T025908Z/cifar100_2024/per_instance_cifar100_2024_20260526T030718610927Z.json
full_r3,160,UNKNOWN_RESOURCE_LIMIT,UNKNOWN,UNKNOWN,,21.916,UNKNOWN_RESOURCE_LIMIT,True,True,FAILED,24717.05859375,onnx/CIFAR100_resnet_large.onnx,vnnlib/CIFAR100_resnet_large_prop_idx_5162_sidx_8126_eps_0.0039.vnnlib,[],[],[],"watchdog killed instance after 21.9s (status=UNKNOWN_RESOURCE_LIMIT, peak_rss=24717.1 MiB)",/data1/Kane/ACT/audit_results/r93_rerun_20260525T083118Z/overnight_cpu_full_stream3_20260526T025908Z/cifar100_2024/per_instance_cifar100_2024_watchdog_iid160_20260526T042512027498Z.json
full_r3,161,UNKNOWN_RESOURCE_LIMIT,UNKNOWN,UNKNOWN,,20.917,UNKNOWN_RESOURCE_LIMIT,True,True,FAILED,25056.8359375,onnx/CIFAR100_resnet_large.onnx,vnnlib/CIFAR100_resnet_large_prop_idx_8502_sidx_2893_eps_0.0039.vnnlib,[],[],[],"watchdog killed instance after 20.9s (status=UNKNOWN_RESOURCE_LIMIT, peak_rss=25056.8 MiB)",/data1/Kane/ACT/audit_results/r93_rerun_20260525T083118Z/overnight_cpu_full_stream3_20260526T025908Z/cifar100_2024/per_instance_cifar100_2024_watchdog_iid161_20260526T042532945608Z.json
full_r3,162,UNKNOWN_RESOURCE_LIMIT,UNKNOWN,UNKNOWN,,20.916,UNKNOWN_RESOURCE_LIMIT,True,True,FAILED,25140.02734375,onnx/CIFAR100_resnet_large.onnx,vnnlib/CIFAR100_resnet_large_prop_idx_3143_sidx_9413_eps_0.0039.vnnlib,[],[],[],"watchdog killed instance after 20.9s (status=UNKNOWN_RESOURCE_LIMIT, peak_rss=25140.0 MiB)",/data1/Kane/ACT/audit_results/r93_rerun_20260525T083118Z/overnight_cpu_full_stream3_20260526T025908Z/cifar100_2024/per_instance_cifar100_2024_watchdog_iid162_20260526T042553862802Z.json
full_r3,163,UNKNOWN_RESOURCE_LIMIT,UNKNOWN,UNKNOWN,,20.213,UNKNOWN_RESOURCE_LIMIT,True,True,FAILED,24711.203125,onnx/CIFAR100_resnet_large.onnx,vnnlib/CIFAR100_resnet_large_prop_idx_656_sidx_2209_eps_0.0039.vnnlib,[],[],[],"watchdog killed instance after 20.2s (status=UNKNOWN_RESOURCE_LIMIT, peak_rss=24711.2 MiB)",/data1/Kane/ACT/audit_results/r93_rerun_20260525T083118Z/overnight_cpu_full_stream3_20260526T025908Z/cifar100_2024/per_instance_cifar100_2024_watchdog_iid163_20260526T042614077508Z.json
full_r3,164,UNKNOWN_RESOURCE_LIMIT,UNKNOWN,UNKNOWN,,20.816,UNKNOWN_RESOURCE_LIMIT,True,True,FAILED,25238.9140625,onnx/CIFAR100_resnet_large.onnx,vnnlib/CIFAR100_resnet_large_prop_idx_4322_sidx_9995_eps_0.0039.vnnlib,[],[],[],"watchdog killed instance after 20.8s (status=UNKNOWN_RESOURCE_LIMIT, peak_rss=25238.9 MiB)",/data1/Kane/ACT/audit_results/r93_rerun_20260525T083118Z/overnight_cpu_full_stream3_20260526T025908Z/cifar100_2024/per_instance_cifar100_2024_watchdog_iid164_20260526T042634896129Z.json
full_r3,165,UNKNOWN_RESOURCE_LIMIT,UNKNOWN,UNKNOWN,,20.915,UNKNOWN_RESOURCE_LIMIT,True,True,FAILED,24785.7734375,onnx/CIFAR100_resnet_large.onnx,vnnlib/CIFAR100_resnet_large_prop_idx_5804_sidx_1885_eps_0.0039.vnnlib,[],[],[],"watchdog killed instance after 20.9s (status=UNKNOWN_RESOURCE_LIMIT, peak_rss=24785.8 MiB)",/data1/Kane/ACT/audit_results/r93_rerun_20260525T083118Z/overnight_cpu_full_stream3_20260526T025908Z/cifar100_2024/per_instance_cifar100_2024_watchdog_iid165_20260526T042655812584Z.json
full_r3,166,UNKNOWN_RESOURCE_LIMIT,UNKNOWN,UNKNOWN,,21.317,UNKNOWN_RESOURCE_LIMIT,True,True,FAILED,24715.1328125,onnx/CIFAR100_resnet_large.onnx,vnnlib/CIFAR100_resnet_large_prop_idx_2630_sidx_1753_eps_0.0039.vnnlib,[],[],[],"watchdog killed instance after 21.3s (status=UNKNOWN_RESOURCE_LIMIT, peak_rss=24715.1 MiB)",/data1/Kane/ACT/audit_results/r93_rerun_20260525T083118Z/overnight_cpu_full_stream3_20260526T025908Z/cifar100_2024/per_instance_cifar100_2024_watchdog_iid166_20260526T042717131164Z.json
full_r3,167,UNKNOWN_RESOURCE_LIMIT,UNKNOWN,UNKNOWN,,20.216,UNKNOWN_RESOURCE_LIMIT,True,True,FAILED,24822.62890625,onnx/CIFAR100_resnet_large.onnx,vnnlib/CIFAR100_resnet_large_prop_idx_2461_sidx_2912_eps_0.0039.vnnlib,[],[],[],"watchdog killed instance after 20.2s (status=UNKNOWN_RESOURCE_LIMIT, peak_rss=24822.6 MiB)",/data1/Kane/ACT/audit_results/r93_rerun_20260525T083118Z/overnight_cpu_full_stream3_20260526T025908Z/cifar100_2024/per_instance_cifar100_2024_watchdog_iid167_20260526T042737349183Z.json
full_r3,168,UNKNOWN_RESOURCE_LIMIT,UNKNOWN,UNKNOWN,,22.916,UNKNOWN_RESOURCE_LIMIT,True,True,FAILED,24720.015625,onnx/CIFAR100_resnet_large.onnx,vnnlib/CIFAR100_resnet_large_prop_idx_4486_sidx_8828_eps_0.0039.vnnlib,[],[],[],"watchdog killed instance after 22.9s (status=UNKNOWN_RESOURCE_LIMIT, peak_rss=24720.0 MiB)",/data1/Kane/ACT/audit_results/r93_rerun_20260525T083118Z/overnight_cpu_full_stream3_20260526T025908Z/cifar100_2024/per_instance_cifar100_2024_watchdog_iid168_20260526T042800265963Z.json
full_r3,169,UNKNOWN_RESOURCE_LIMIT,UNKNOWN,UNKNOWN,,20.316,UNKNOWN_RESOURCE_LIMIT,True,True,FAILED,26325.3515625,onnx/CIFAR100_resnet_large.onnx,vnnlib/CIFAR100_resnet_large_prop_idx_5810_sidx_7106_eps_0.0039.vnnlib,[],[],[],"watchdog killed instance after 20.3s (status=UNKNOWN_RESOURCE_LIMIT, peak_rss=26325.4 MiB)",/data1/Kane/ACT/audit_results/r93_rerun_20260525T083118Z/overnight_cpu_full_stream3_20260526T025908Z/cifar100_2024/per_instance_cifar100_2024_watchdog_iid169_20260526T042820583999Z.json
full_r3,17,UNKNOWN,UNKNOWN,UNKNOWN,UNKNOWN,36.72,,False,,PASSED,,onnx/CIFAR100_resnet_medium.onnx,vnnlib/CIFAR100_resnet_medium_prop_idx_6659_sidx_4583_eps_0.0039.vnnlib,"[""UNKNOWN""]","[""UNKNOWN""]",[null],,/data1/Kane/ACT/audit_results/r93_rerun_20260525T083118Z/overnight_cpu_full_stream3_20260526T025908Z/cifar100_2024/per_instance_cifar100_2024_20260526T030758659707Z.json
full_r3,170,UNKNOWN_RESOURCE_LIMIT,UNKNOWN,UNKNOWN,,20.315,UNKNOWN_RESOURCE_LIMIT,True,True,FAILED,25912.65625,onnx/CIFAR100_resnet_large.onnx,vnnlib/CIFAR100_resnet_large_prop_idx_6343_sidx_1886_eps_0.0039.vnnlib,[],[],[],"watchdog killed instance after 20.3s (status=UNKNOWN_RESOURCE_LIMIT, peak_rss=25912.7 MiB)",/data1/Kane/ACT/audit_results/r93_rerun_20260525T083118Z/overnight_cpu_full_stream3_20260526T025908Z/cifar100_2024/per_instance_cifar100_2024_watchdog_iid170_20260526T042840901588Z.json
full_r3,171,UNKNOWN_RESOURCE_LIMIT,UNKNOWN,UNKNOWN,,21.415,UNKNOWN_RESOURCE_LIMIT,True,True,FAILED,25246.3046875,onnx/CIFAR100_resnet_large.onnx,vnnlib/CIFAR100_resnet_large_prop_idx_9640_sidx_7273_eps_0.0039.vnnlib,[],[],[],"watchdog killed instance after 21.4s (status=UNKNOWN_RESOURCE_LIMIT, peak_rss=25246.3 MiB)",/data1/Kane/ACT/audit_results/r93_rerun_20260525T083118Z/overnight_cpu_full_stream3_20260526T025908Z/cifar100_2024/per_instance_cifar100_2024_watchdog_iid171_20260526T042902317848Z.json
full_r3,172,UNKNOWN_RESOURCE_LIMIT,UNKNOWN,UNKNOWN,,21.416,UNKNOWN_RESOURCE_LIMIT,True,True,FAILED,25394.13671875,onnx/CIFAR100_resnet_large.onnx,vnnlib/CIFAR100_resnet_large_prop_idx_5522_sidx_5863_eps_0.0039.vnnlib,[],[],[],"watchdog killed instance after 21.4s (status=UNKNOWN_RESOURCE_LIMIT, peak_rss=25394.1 MiB)",/data1/Kane/ACT/audit_results/r93_rerun_20260525T083118Z/overnight_cpu_full_stream3_20260526T025908Z/cifar100_2024/per_instance_cifar100_2024_watchdog_iid172_20260526T042923734813Z.json
full_r3,173,UNKNOWN_RESOURCE_LIMIT,UNKNOWN,UNKNOWN,,20.317,UNKNOWN_RESOURCE_LIMIT,True,True,FAILED,25470.2265625,onnx/CIFAR100_resnet_large.onnx,vnnlib/CIFAR100_resnet_large_prop_idx_9460_sidx_4347_eps_0.0039.vnnlib,[],[],[],"watchdog killed instance after 20.3s (status=UNKNOWN_RESOURCE_LIMIT, peak_rss=25470.2 MiB)",/data1/Kane/ACT/audit_results/r93_rerun_20260525T083118Z/overnight_cpu_full_stream3_20260526T025908Z/cifar100_2024/per_instance_cifar100_2024_watchdog_iid173_20260526T042944053394Z.json
full_r3,174,UNKNOWN_RESOURCE_LIMIT,UNKNOWN,UNKNOWN,,21.468,UNKNOWN_RESOURCE_LIMIT,True,True,FAILED,25288.85546875,onnx/CIFAR100_resnet_large.onnx,vnnlib/CIFAR100_resnet_large_prop_idx_8865_sidx_700_eps_0.0039.vnnlib,[],[],[],"watchdog killed instance after 21.5s (status=UNKNOWN_RESOURCE_LIMIT, peak_rss=25288.9 MiB)",/data1/Kane/ACT/audit_results/r93_rerun_20260525T083118Z/overnight_cpu_full_stream3_20260526T025908Z/cifar100_2024/per_instance_cifar100_2024_watchdog_iid174_20260526T043005522242Z.json
full_r3,175,UNKNOWN_RESOURCE_LIMIT,UNKNOWN,UNKNOWN,,20.812,UNKNOWN_RESOURCE_LIMIT,True,True,FAILED,24755.06640625,onnx/CIFAR100_resnet_large.onnx,vnnlib/CIFAR100_resnet_large_prop_idx_8395_sidx_8915_eps_0.0039.vnnlib,[],[],[],"watchdog killed instance after 20.8s (status=UNKNOWN_RESOURCE_LIMIT, peak_rss=24755.1 MiB)",/data1/Kane/ACT/audit_results/r93_rerun_20260525T083118Z/overnight_cpu_full_stream3_20260526T025908Z/cifar100_2024/per_instance_cifar100_2024_watchdog_iid175_20260526T043026335795Z.json
full_r3,176,UNKNOWN_RESOURCE_LIMIT,UNKNOWN,UNKNOWN,,20.716,UNKNOWN_RESOURCE_LIMIT,True,True,FAILED,25430.90234375,onnx/CIFAR100_resnet_large.onnx,vnnlib/CIFAR100_resnet_large_prop_idx_9883_sidx_7162_eps_0.0039.vnnlib,[],[],[],"watchdog killed instance after 20.7s (status=UNKNOWN_RESOURCE_LIMIT, peak_rss=25430.9 MiB)",/data1/Kane/ACT/audit_results/r93_rerun_20260525T083118Z/overnight_cpu_full_stream3_20260526T025908Z/cifar100_2024/per_instance_cifar100_2024_watchdog_iid176_20260526T043047053382Z.json
full_r3,177,UNKNOWN_RESOURCE_LIMIT,UNKNOWN,UNKNOWN,,21.315,UNKNOWN_RESOURCE_LIMIT,True,True,FAILED,25035.82421875,onnx/CIFAR100_resnet_large.onnx,vnnlib/CIFAR100_resnet_large_prop_idx_3573_sidx_2903_eps_0.0039.vnnlib,[],[],[],"watchdog killed instance after 21.3s (status=UNKNOWN_RESOURCE_LIMIT, peak_rss=25035.8 MiB)",/data1/Kane/ACT/audit_results/r93_rerun_20260525T083118Z/overnight_cpu_full_stream3_20260526T025908Z/cifar100_2024/per_instance_cifar100_2024_watchdog_iid177_20260526T043108370075Z.json
full_r3,178,UNKNOWN_RESOURCE_LIMIT,UNKNOWN,UNKNOWN,,19.814,UNKNOWN_RESOURCE_LIMIT,True,True,FAILED,24993.0546875,onnx/CIFAR100_resnet_large.onnx,vnnlib/CIFAR100_resnet_large_prop_idx_6418_sidx_7923_eps_0.0039.vnnlib,[],[],[],"watchdog killed instance after 19.8s (status=UNKNOWN_RESOURCE_LIMIT, peak_rss=24993.1 MiB)",/data1/Kane/ACT/audit_results/r93_rerun_20260525T083118Z/overnight_cpu_full_stream3_20260526T025908Z/cifar100_2024/per_instance_cifar100_2024_watchdog_iid178_20260526T043128185130Z.json
full_r3,179,UNKNOWN_RESOURCE_LIMIT,UNKNOWN,UNKNOWN,,21.018,UNKNOWN_RESOURCE_LIMIT,True,True,FAILED,25977.34375,onnx/CIFAR100_resnet_large.onnx,vnnlib/CIFAR100_resnet_large_prop_idx_2668_sidx_2652_eps_0.0039.vnnlib,[],[],[],"watchdog killed instance after 21.0s (status=UNKNOWN_RESOURCE_LIMIT, peak_rss=25977.3 MiB)",/data1/Kane/ACT/audit_results/r93_rerun_20260525T083118Z/overnight_cpu_full_stream3_20260526T025908Z/cifar100_2024/per_instance_cifar100_2024_watchdog_iid179_20260526T043149205539Z.json
full_r3,18,UNKNOWN,UNKNOWN,UNKNOWN,UNKNOWN,37.0,,False,,PASSED,,onnx/CIFAR100_resnet_medium.onnx,vnnlib/CIFAR100_resnet_medium_prop_idx_885_sidx_7654_eps_0.0039.vnnlib,"[""UNKNOWN""]","[""UNKNOWN""]",[null],,/data1/Kane/ACT/audit_results/r93_rerun_20260525T083118Z/overnight_cpu_full_stream3_20260526T025908Z/cifar100_2024/per_instance_cifar100_2024_20260526T030838965737Z.json
full_r3,180,UNKNOWN_RESOURCE_LIMIT,UNKNOWN,UNKNOWN,,21.313,UNKNOWN_RESOURCE_LIMIT,True,True,FAILED,24719.015625,onnx/CIFAR100_resnet_large.onnx,vnnlib/CIFAR100_resnet_large_prop_idx_1216_sidx_6431_eps_0.0039.vnnlib,[],[],[],"watchdog killed instance after 21.3s (status=UNKNOWN_RESOURCE_LIMIT, peak_rss=24719.0 MiB)",/data1/Kane/ACT/audit_results/r93_rerun_20260525T083118Z/overnight_cpu_full_stream3_20260526T025908Z/cifar100_2024/per_instance_cifar100_2024_watchdog_iid180_20260526T043210519776Z.json
full_r3,181,UNKNOWN_RESOURCE_LIMIT,UNKNOWN,UNKNOWN,,20.413,UNKNOWN_RESOURCE_LIMIT,True,True,FAILED,25645.9453125,onnx/CIFAR100_resnet_large.onnx,vnnlib/CIFAR100_resnet_large_prop_idx_6583_sidx_8860_eps_0.0039.vnnlib,[],[],[],"watchdog killed instance after 20.4s (status=UNKNOWN_RESOURCE_LIMIT, peak_rss=25645.9 MiB)",/data1/Kane/ACT/audit_results/r93_rerun_20260525T083118Z/overnight_cpu_full_stream3_20260526T025908Z/cifar100_2024/per_instance_cifar100_2024_watchdog_iid181_20260526T043230934312Z.json
full_r3,182,UNKNOWN_RESOURCE_LIMIT,UNKNOWN,UNKNOWN,,21.013,UNKNOWN_RESOURCE_LIMIT,True,True,FAILED,25232.01171875,onnx/CIFAR100_resnet_large.onnx,vnnlib/CIFAR100_resnet_large_prop_idx_5546_sidx_4338_eps_0.0039.vnnlib,[],[],[],"watchdog killed instance after 21.0s (status=UNKNOWN_RESOURCE_LIMIT, peak_rss=25232.0 MiB)",/data1/Kane/ACT/audit_results/r93_rerun_20260525T083118Z/overnight_cpu_full_stream3_20260526T025908Z/cifar100_2024/per_instance_cifar100_2024_watchdog_iid182_20260526T043251949207Z.json
full_r3,183,UNKNOWN_RESOURCE_LIMIT,UNKNOWN,UNKNOWN,,20.313,UNKNOWN_RESOURCE_LIMIT,True,True,FAILED,25407.05078125,onnx/CIFAR100_resnet_large.onnx,vnnlib/CIFAR100_resnet_large_prop_idx_9845_sidx_200_eps_0.0039.vnnlib,[],[],[],"watchdog killed instance after 20.3s (status=UNKNOWN_RESOURCE_LIMIT, peak_rss=25407.1 MiB)",/data1/Kane/ACT/audit_results/r93_rerun_20260525T083118Z/overnight_cpu_full_stream3_20260526T025908Z/cifar100_2024/per_instance_cifar100_2024_watchdog_iid183_20260526T043312263945Z.json
full_r3,184,UNKNOWN_RESOURCE_LIMIT,UNKNOWN,UNKNOWN,,20.415,UNKNOWN_RESOURCE_LIMIT,True,True,FAILED,24805.609375,onnx/CIFAR100_resnet_large.onnx,vnnlib/CIFAR100_resnet_large_prop_idx_8012_sidx_5910_eps_0.0039.vnnlib,[],[],[],"watchdog killed instance after 20.4s (status=UNKNOWN_RESOURCE_LIMIT, peak_rss=24805.6 MiB)",/data1/Kane/ACT/audit_results/r93_rerun_20260525T083118Z/overnight_cpu_full_stream3_20260526T025908Z/cifar100_2024/per_instance_cifar100_2024_watchdog_iid184_20260526T043332679924Z.json
full_r3,185,UNKNOWN_RESOURCE_LIMIT,UNKNOWN,UNKNOWN,,20.517,UNKNOWN_RESOURCE_LIMIT,True,True,FAILED,24942.578125,onnx/CIFAR100_resnet_large.onnx,vnnlib/CIFAR100_resnet_large_prop_idx_7884_sidx_6926_eps_0.0039.vnnlib,[],[],[],"watchdog killed instance after 20.5s (status=UNKNOWN_RESOURCE_LIMIT, peak_rss=24942.6 MiB)",/data1/Kane/ACT/audit_results/r93_rerun_20260525T083118Z/overnight_cpu_full_stream3_20260526T025908Z/cifar100_2024/per_instance_cifar100_2024_watchdog_iid185_20260526T043353199010Z.json
full_r3,186,UNKNOWN_RESOURCE_LIMIT,UNKNOWN,UNKNOWN,,21.017,UNKNOWN_RESOURCE_LIMIT,True,True,FAILED,25353.8203125,onnx/CIFAR100_resnet_large.onnx,vnnlib/CIFAR100_resnet_large_prop_idx_8381_sidx_4474_eps_0.0039.vnnlib,[],[],[],"watchdog killed instance after 21.0s (status=UNKNOWN_RESOURCE_LIMIT, peak_rss=25353.8 MiB)",/data1/Kane/ACT/audit_results/r93_rerun_20260525T083118Z/overnight_cpu_full_stream3_20260526T025908Z/cifar100_2024/per_instance_cifar100_2024_watchdog_iid186_20260526T043414218013Z.json
full_r3,187,UNKNOWN_RESOURCE_LIMIT,UNKNOWN,UNKNOWN,,20.316,UNKNOWN_RESOURCE_LIMIT,True,True,FAILED,24666.50390625,onnx/CIFAR100_resnet_large.onnx,vnnlib/CIFAR100_resnet_large_prop_idx_483_sidx_7371_eps_0.0039.vnnlib,[],[],[],"watchdog killed instance after 20.3s (status=UNKNOWN_RESOURCE_LIMIT, peak_rss=24666.5 MiB)",/data1/Kane/ACT/audit_results/r93_rerun_20260525T083118Z/overnight_cpu_full_stream3_20260526T025908Z/cifar100_2024/per_instance_cifar100_2024_watchdog_iid187_20260526T043434535449Z.json
full_r3,188,UNKNOWN_RESOURCE_LIMIT,UNKNOWN,UNKNOWN,,20.416,UNKNOWN_RESOURCE_LIMIT,True,True,FAILED,24654.05859375,onnx/CIFAR100_resnet_large.onnx,vnnlib/CIFAR100_resnet_large_prop_idx_7640_sidx_9025_eps_0.0039.vnnlib,[],[],[],"watchdog killed instance after 20.4s (status=UNKNOWN_RESOURCE_LIMIT, peak_rss=24654.1 MiB)",/data1/Kane/ACT/audit_results/r93_rerun_20260525T083118Z/overnight_cpu_full_stream3_20260526T025908Z/cifar100_2024/per_instance_cifar100_2024_watchdog_iid188_20260526T043454952418Z.json
full_r3,189,UNKNOWN_RESOURCE_LIMIT,UNKNOWN,UNKNOWN,,20.41,UNKNOWN_RESOURCE_LIMIT,True,True,FAILED,26141.0859375,onnx/CIFAR100_resnet_large.onnx,vnnlib/CIFAR100_resnet_large_prop_idx_5230_sidx_242_eps_0.0039.vnnlib,[],[],[],"watchdog killed instance after 20.4s (status=UNKNOWN_RESOURCE_LIMIT, peak_rss=26141.1 MiB)",/data1/Kane/ACT/audit_results/r93_rerun_20260525T083118Z/overnight_cpu_full_stream3_20260526T025908Z/cifar100_2024/per_instance_cifar100_2024_watchdog_iid189_20260526T043515364020Z.json
full_r3,19,UNKNOWN,UNKNOWN,UNKNOWN,UNKNOWN,36.526,,False,,PASSED,,onnx/CIFAR100_resnet_medium.onnx,vnnlib/CIFAR100_resnet_medium_prop_idx_3006_sidx_928_eps_0.0039.vnnlib,"[""UNKNOWN""]","[""UNKNOWN""]",[null],,/data1/Kane/ACT/audit_results/r93_rerun_20260525T083118Z/overnight_cpu_full_stream3_20260526T025908Z/cifar100_2024/per_instance_cifar100_2024_20260526T030918487123Z.json
full_r3,190,UNKNOWN_RESOURCE_LIMIT,UNKNOWN,UNKNOWN,,20.413,UNKNOWN_RESOURCE_LIMIT,True,True,FAILED,25420.96484375,onnx/CIFAR100_resnet_large.onnx,vnnlib/CIFAR100_resnet_large_prop_idx_9476_sidx_5602_eps_0.0039.vnnlib,[],[],[],"watchdog killed instance after 20.4s (status=UNKNOWN_RESOURCE_LIMIT, peak_rss=25421.0 MiB)",/data1/Kane/ACT/audit_results/r93_rerun_20260525T083118Z/overnight_cpu_full_stream3_20260526T025908Z/cifar100_2024/per_instance_cifar100_2024_watchdog_iid190_20260526T043535779554Z.json
full_r3,191,UNKNOWN_RESOURCE_LIMIT,UNKNOWN,UNKNOWN,,20.814,UNKNOWN_RESOURCE_LIMIT,True,True,FAILED,26221.62109375,onnx/CIFAR100_resnet_large.onnx,vnnlib/CIFAR100_resnet_large_prop_idx_7866_sidx_7980_eps_0.0039.vnnlib,[],[],[],"watchdog killed instance after 20.8s (status=UNKNOWN_RESOURCE_LIMIT, peak_rss=26221.6 MiB)",/data1/Kane/ACT/audit_results/r93_rerun_20260525T083118Z/overnight_cpu_full_stream3_20260526T025908Z/cifar100_2024/per_instance_cifar100_2024_watchdog_iid191_20260526T043556596249Z.json
full_r3,192,UNKNOWN_RESOURCE_LIMIT,UNKNOWN,UNKNOWN,,20.316,UNKNOWN_RESOURCE_LIMIT,True,True,FAILED,25247.5078125,onnx/CIFAR100_resnet_large.onnx,vnnlib/CIFAR100_resnet_large_prop_idx_7436_sidx_5742_eps_0.0039.vnnlib,[],[],[],"watchdog killed instance after 20.3s (status=UNKNOWN_RESOURCE_LIMIT, peak_rss=25247.5 MiB)",/data1/Kane/ACT/audit_results/r93_rerun_20260525T083118Z/overnight_cpu_full_stream3_20260526T025908Z/cifar100_2024/per_instance_cifar100_2024_watchdog_iid192_20260526T043616913570Z.json
full_r3,193,UNKNOWN_RESOURCE_LIMIT,UNKNOWN,UNKNOWN,,20.814,UNKNOWN_RESOURCE_LIMIT,True,True,FAILED,25770.8828125,onnx/CIFAR100_resnet_large.onnx,vnnlib/CIFAR100_resnet_large_prop_idx_2624_sidx_917_eps_0.0039.vnnlib,[],[],[],"watchdog killed instance after 20.8s (status=UNKNOWN_RESOURCE_LIMIT, peak_rss=25770.9 MiB)",/data1/Kane/ACT/audit_results/r93_rerun_20260525T083118Z/overnight_cpu_full_stream3_20260526T025908Z/cifar100_2024/per_instance_cifar100_2024_watchdog_iid193_20260526T043637729738Z.json
full_r3,194,UNKNOWN_RESOURCE_LIMIT,UNKNOWN,UNKNOWN,,20.216,UNKNOWN_RESOURCE_LIMIT,True,True,FAILED,25151.69921875,onnx/CIFAR100_resnet_large.onnx,vnnlib/CIFAR100_resnet_large_prop_idx_1241_sidx_5679_eps_0.0039.vnnlib,[],[],[],"watchdog killed instance after 20.2s (status=UNKNOWN_RESOURCE_LIMIT, peak_rss=25151.7 MiB)",/data1/Kane/ACT/audit_results/r93_rerun_20260525T083118Z/overnight_cpu_full_stream3_20260526T025908Z/cifar100_2024/per_instance_cifar100_2024_watchdog_iid194_20260526T043657948422Z.json
full_r3,195,UNKNOWN_RESOURCE_LIMIT,UNKNOWN,UNKNOWN,,19.713,UNKNOWN_RESOURCE_LIMIT,True,True,FAILED,24882.3046875,onnx/CIFAR100_resnet_large.onnx,vnnlib/CIFAR100_resnet_large_prop_idx_3812_sidx_8477_eps_0.0039.vnnlib,[],[],[],"watchdog killed instance after 19.7s (status=UNKNOWN_RESOURCE_LIMIT, peak_rss=24882.3 MiB)",/data1/Kane/ACT/audit_results/r93_rerun_20260525T083118Z/overnight_cpu_full_stream3_20260526T025908Z/cifar100_2024/per_instance_cifar100_2024_watchdog_iid195_20260526T043717663462Z.json
full_r3,196,UNKNOWN_RESOURCE_LIMIT,UNKNOWN,UNKNOWN,,20.315,UNKNOWN_RESOURCE_LIMIT,True,True,FAILED,25320.89453125,onnx/CIFAR100_resnet_large.onnx,vnnlib/CIFAR100_resnet_large_prop_idx_9372_sidx_3515_eps_0.0039.vnnlib,[],[],[],"watchdog killed instance after 20.3s (status=UNKNOWN_RESOURCE_LIMIT, peak_rss=25320.9 MiB)",/data1/Kane/ACT/audit_results/r93_rerun_20260525T083118Z/overnight_cpu_full_stream3_20260526T025908Z/cifar100_2024/per_instance_cifar100_2024_watchdog_iid196_20260526T043737979961Z.json
full_r3,197,UNKNOWN_RESOURCE_LIMIT,UNKNOWN,UNKNOWN,,20.315,UNKNOWN_RESOURCE_LIMIT,True,True,FAILED,26217.30859375,onnx/CIFAR100_resnet_large.onnx,vnnlib/CIFAR100_resnet_large_prop_idx_1590_sidx_2858_eps_0.0039.vnnlib,[],[],[],"watchdog killed instance after 20.3s (status=UNKNOWN_RESOURCE_LIMIT, peak_rss=26217.3 MiB)",/data1/Kane/ACT/audit_results/r93_rerun_20260525T083118Z/overnight_cpu_full_stream3_20260526T025908Z/cifar100_2024/per_instance_cifar100_2024_watchdog_iid197_20260526T043758296737Z.json
full_r3,198,UNKNOWN_RESOURCE_LIMIT,UNKNOWN,UNKNOWN,,20.315,UNKNOWN_RESOURCE_LIMIT,True,True,FAILED,25850.6484375,onnx/CIFAR100_resnet_large.onnx,vnnlib/CIFAR100_resnet_large_prop_idx_6337_sidx_2381_eps_0.0039.vnnlib,[],[],[],"watchdog killed instance after 20.3s (status=UNKNOWN_RESOURCE_LIMIT, peak_rss=25850.6 MiB)",/data1/Kane/ACT/audit_results/r93_rerun_20260525T083118Z/overnight_cpu_full_stream3_20260526T025908Z/cifar100_2024/per_instance_cifar100_2024_watchdog_iid198_20260526T043818614230Z.json
full_r3,199,UNKNOWN_RESOURCE_LIMIT,UNKNOWN,UNKNOWN,,20.216,UNKNOWN_RESOURCE_LIMIT,True,True,FAILED,24810.9921875,onnx/CIFAR100_resnet_large.onnx,vnnlib/CIFAR100_resnet_large_prop_idx_6757_sidx_2400_eps_0.0039.vnnlib,[],[],[],"watchdog killed instance after 20.2s (status=UNKNOWN_RESOURCE_LIMIT, peak_rss=24811.0 MiB)",/data1/Kane/ACT/audit_results/r93_rerun_20260525T083118Z/overnight_cpu_full_stream3_20260526T025908Z/cifar100_2024/per_instance_cifar100_2024_watchdog_iid199_20260526T043838831530Z.json
full_r3,20,UNKNOWN,UNKNOWN,UNKNOWN,UNKNOWN,37.058,,False,,PASSED,,onnx/CIFAR100_resnet_medium.onnx,vnnlib/CIFAR100_resnet_medium_prop_idx_1588_sidx_6654_eps_0.0039.vnnlib,"[""UNKNOWN""]","[""UNKNOWN""]",[null],,/data1/Kane/ACT/audit_results/r93_rerun_20260525T083118Z/overnight_cpu_full_stream3_20260526T025908Z/cifar100_2024/per_instance_cifar100_2024_20260526T030958576611Z.json
full_r3,21,UNKNOWN,UNKNOWN,UNKNOWN,UNKNOWN,36.318,,False,,PASSED,,onnx/CIFAR100_resnet_medium.onnx,vnnlib/CIFAR100_resnet_medium_prop_idx_8594_sidx_5815_eps_0.0039.vnnlib,"[""UNKNOWN""]","[""UNKNOWN""]",[null],,/data1/Kane/ACT/audit_results/r93_rerun_20260525T083118Z/overnight_cpu_full_stream3_20260526T025908Z/cifar100_2024/per_instance_cifar100_2024_20260526T031037850173Z.json
full_r3,22,UNKNOWN,UNKNOWN,UNKNOWN,UNKNOWN,39.423,,False,,PASSED,,onnx/CIFAR100_resnet_medium.onnx,vnnlib/CIFAR100_resnet_medium_prop_idx_9658_sidx_1660_eps_0.0039.vnnlib,"[""UNKNOWN""]","[""UNKNOWN""]",[null],,/data1/Kane/ACT/audit_results/r93_rerun_20260525T083118Z/overnight_cpu_full_stream3_20260526T025908Z/cifar100_2024/per_instance_cifar100_2024_20260526T031120598297Z.json
full_r3,23,UNKNOWN,UNKNOWN,UNKNOWN,UNKNOWN,38.824,,False,,PASSED,,onnx/CIFAR100_resnet_medium.onnx,vnnlib/CIFAR100_resnet_medium_prop_idx_8505_sidx_1690_eps_0.0039.vnnlib,"[""UNKNOWN""]","[""UNKNOWN""]",[null],,/data1/Kane/ACT/audit_results/r93_rerun_20260525T083118Z/overnight_cpu_full_stream3_20260526T025908Z/cifar100_2024/per_instance_cifar100_2024_20260526T031202471257Z.json
full_r3,24,UNKNOWN,UNKNOWN,UNKNOWN,UNKNOWN,34.904,,False,,PASSED,,onnx/CIFAR100_resnet_medium.onnx,vnnlib/CIFAR100_resnet_medium_prop_idx_8945_sidx_3584_eps_0.0039.vnnlib,"[""UNKNOWN""]","[""UNKNOWN""]",[null],,/data1/Kane/ACT/audit_results/r93_rerun_20260525T083118Z/overnight_cpu_full_stream3_20260526T025908Z/cifar100_2024/per_instance_cifar100_2024_20260526T031240535283Z.json
full_r3,25,UNKNOWN,UNKNOWN,UNKNOWN,UNKNOWN,38.775,,False,,PASSED,,onnx/CIFAR100_resnet_medium.onnx,vnnlib/CIFAR100_resnet_medium_prop_idx_6585_sidx_533_eps_0.0039.vnnlib,"[""UNKNOWN""]","[""UNKNOWN""]",[null],,/data1/Kane/ACT/audit_results/r93_rerun_20260525T083118Z/overnight_cpu_full_stream3_20260526T025908Z/cifar100_2024/per_instance_cifar100_2024_20260526T031322438267Z.json
full_r3,26,UNKNOWN,UNKNOWN,UNKNOWN,UNKNOWN,35.743,,False,,PASSED,,onnx/CIFAR100_resnet_medium.onnx,vnnlib/CIFAR100_resnet_medium_prop_idx_6573_sidx_5525_eps_0.0039.vnnlib,"[""UNKNOWN""]","[""UNKNOWN""]",[null],,/data1/Kane/ACT/audit_results/r93_rerun_20260525T083118Z/overnight_cpu_full_stream3_20260526T025908Z/cifar100_2024/per_instance_cifar100_2024_20260526T031401433364Z.json
full_r3,27,UNKNOWN,UNKNOWN,UNKNOWN,UNKNOWN,34.592,,False,,PASSED,,onnx/CIFAR100_resnet_medium.onnx,vnnlib/CIFAR100_resnet_medium_prop_idx_8619_sidx_4461_eps_0.0039.vnnlib,"[""UNKNOWN""]","[""UNKNOWN""]",[null],,/data1/Kane/ACT/audit_results/r93_rerun_20260525T083118Z/overnight_cpu_full_stream3_20260526T025908Z/cifar100_2024/per_instance_cifar100_2024_20260526T031439298177Z.json
full_r3,28,UNKNOWN,UNKNOWN,UNKNOWN,UNKNOWN,40.123,,False,,PASSED,,onnx/CIFAR100_resnet_medium.onnx,vnnlib/CIFAR100_resnet_medium_prop_idx_54_sidx_9735_eps_0.0039.vnnlib,"[""UNKNOWN""]","[""UNKNOWN""]",[null],,/data1/Kane/ACT/audit_results/r93_rerun_20260525T083118Z/overnight_cpu_full_stream3_20260526T025908Z/cifar100_2024/per_instance_cifar100_2024_20260526T031522348499Z.json
full_r3,29,UNKNOWN,UNKNOWN,UNKNOWN,UNKNOWN,36.08,,False,,PASSED,,onnx/CIFAR100_resnet_medium.onnx,vnnlib/CIFAR100_resnet_medium_prop_idx_4429_sidx_1471_eps_0.0039.vnnlib,"[""UNKNOWN""]","[""UNKNOWN""]",[null],,/data1/Kane/ACT/audit_results/r93_rerun_20260525T083118Z/overnight_cpu_full_stream3_20260526T025908Z/cifar100_2024/per_instance_cifar100_2024_20260526T031601863558Z.json
full_r3,30,UNKNOWN,UNKNOWN,UNKNOWN,UNKNOWN,36.617,,False,,PASSED,,onnx/CIFAR100_resnet_medium.onnx,vnnlib/CIFAR100_resnet_medium_prop_idx_1190_sidx_8846_eps_0.0039.vnnlib,"[""UNKNOWN""]","[""UNKNOWN""]",[null],,/data1/Kane/ACT/audit_results/r93_rerun_20260525T083118Z/overnight_cpu_full_stream3_20260526T025908Z/cifar100_2024/per_instance_cifar100_2024_20260526T031641369254Z.json
full_r3,31,UNKNOWN,UNKNOWN,UNKNOWN,UNKNOWN,34.326,,False,,PASSED,,onnx/CIFAR100_resnet_medium.onnx,vnnlib/CIFAR100_resnet_medium_prop_idx_7569_sidx_2906_eps_0.0039.vnnlib,"[""UNKNOWN""]","[""UNKNOWN""]",[null],,/data1/Kane/ACT/audit_results/r93_rerun_20260525T083118Z/overnight_cpu_full_stream3_20260526T025908Z/cifar100_2024/per_instance_cifar100_2024_20260526T031718607048Z.json
full_r3,32,UNKNOWN,UNKNOWN,UNKNOWN,UNKNOWN,37.164,,False,,PASSED,,onnx/CIFAR100_resnet_medium.onnx,vnnlib/CIFAR100_resnet_medium_prop_idx_9897_sidx_9124_eps_0.0039.vnnlib,"[""UNKNOWN""]","[""UNKNOWN""]",[null],,/data1/Kane/ACT/audit_results/r93_rerun_20260525T083118Z/overnight_cpu_full_stream3_20260526T025908Z/cifar100_2024/per_instance_cifar100_2024_20260526T031758929585Z.json
full_r3,33,UNKNOWN,UNKNOWN,UNKNOWN,UNKNOWN,39.31,,False,,PASSED,,onnx/CIFAR100_resnet_medium.onnx,vnnlib/CIFAR100_resnet_medium_prop_idx_5831_sidx_5506_eps_0.0039.vnnlib,"[""UNKNOWN""]","[""UNKNOWN""]",[null],,/data1/Kane/ACT/audit_results/r93_rerun_20260525T083118Z/overnight_cpu_full_stream3_20260526T025908Z/cifar100_2024/per_instance_cifar100_2024_20260526T031841130598Z.json
full_r3,34,UNKNOWN,UNKNOWN,UNKNOWN,UNKNOWN,36.534,,False,,PASSED,,onnx/CIFAR100_resnet_medium.onnx,vnnlib/CIFAR100_resnet_medium_prop_idx_4169_sidx_9758_eps_0.0039.vnnlib,"[""UNKNOWN""]","[""UNKNOWN""]",[null],,/data1/Kane/ACT/audit_results/r93_rerun_20260525T083118Z/overnight_cpu_full_stream3_20260526T025908Z/cifar100_2024/per_instance_cifar100_2024_20260526T031920909413Z.json
full_r3,35,UNKNOWN,UNKNOWN,UNKNOWN,UNKNOWN,37.38,,False,,PASSED,,onnx/CIFAR100_resnet_medium.onnx,vnnlib/CIFAR100_resnet_medium_prop_idx_8196_sidx_3864_eps_0.0039.vnnlib,"[""UNKNOWN""]","[""UNKNOWN""]",[null],,/data1/Kane/ACT/audit_results/r93_rerun_20260525T083118Z/overnight_cpu_full_stream3_20260526T025908Z/cifar100_2024/per_instance_cifar100_2024_20260526T032001248062Z.json
full_r3,36,UNKNOWN,UNKNOWN,UNKNOWN,UNKNOWN,36.111,,False,,PASSED,,onnx/CIFAR100_resnet_medium.onnx,vnnlib/CIFAR100_resnet_medium_prop_idx_6583_sidx_8860_eps_0.0039.vnnlib,"[""UNKNOWN""]","[""UNKNOWN""]",[null],,/data1/Kane/ACT/audit_results/r93_rerun_20260525T083118Z/overnight_cpu_full_stream3_20260526T025908Z/cifar100_2024/per_instance_cifar100_2024_20260526T032040536468Z.json
full_r3,37,UNKNOWN,UNKNOWN,UNKNOWN,UNKNOWN,36.056,,False,,PASSED,,onnx/CIFAR100_resnet_medium.onnx,vnnlib/CIFAR100_resnet_medium_prop_idx_8523_sidx_9936_eps_0.0039.vnnlib,"[""UNKNOWN""]","[""UNKNOWN""]",[null],,/data1/Kane/ACT/audit_results/r93_rerun_20260525T083118Z/overnight_cpu_full_stream3_20260526T025908Z/cifar100_2024/per_instance_cifar100_2024_20260526T032119499720Z.json
full_r3,38,UNKNOWN,UNKNOWN,UNKNOWN,UNKNOWN,35.59,,False,,PASSED,,onnx/CIFAR100_resnet_medium.onnx,vnnlib/CIFAR100_resnet_medium_prop_idx_3418_sidx_4225_eps_0.0039.vnnlib,"[""UNKNOWN""]","[""UNKNOWN""]",[null],,/data1/Kane/ACT/audit_results/r93_rerun_20260525T083118Z/overnight_cpu_full_stream3_20260526T025908Z/cifar100_2024/per_instance_cifar100_2024_20260526T032158060263Z.json
full_r3,39,UNKNOWN,UNKNOWN,UNKNOWN,UNKNOWN,34.958,,False,,PASSED,,onnx/CIFAR100_resnet_medium.onnx,vnnlib/CIFAR100_resnet_medium_prop_idx_7431_sidx_7329_eps_0.0039.vnnlib,"[""UNKNOWN""]","[""UNKNOWN""]",[null],,/data1/Kane/ACT/audit_results/r93_rerun_20260525T083118Z/overnight_cpu_full_stream3_20260526T025908Z/cifar100_2024/per_instance_cifar100_2024_20260526T032235962381Z.json
full_r3,40,UNKNOWN,UNKNOWN,UNKNOWN,UNKNOWN,36.159,,False,,PASSED,,onnx/CIFAR100_resnet_medium.onnx,vnnlib/CIFAR100_resnet_medium_prop_idx_6010_sidx_5369_eps_0.0039.vnnlib,"[""UNKNOWN""]","[""UNKNOWN""]",[null],,/data1/Kane/ACT/audit_results/r93_rerun_20260525T083118Z/overnight_cpu_full_stream3_20260526T025908Z/cifar100_2024/per_instance_cifar100_2024_20260526T032315180987Z.json
full_r3,41,UNKNOWN,UNKNOWN,UNKNOWN,UNKNOWN,34.976,,False,,PASSED,,onnx/CIFAR100_resnet_medium.onnx,vnnlib/CIFAR100_resnet_medium_prop_idx_5127_sidx_993_eps_0.0039.vnnlib,"[""UNKNOWN""]","[""UNKNOWN""]",[null],,/data1/Kane/ACT/audit_results/r93_rerun_20260525T083118Z/overnight_cpu_full_stream3_20260526T025908Z/cifar100_2024/per_instance_cifar100_2024_20260526T032353529266Z.json
full_r3,42,UNKNOWN,UNKNOWN,UNKNOWN,UNKNOWN,34.929,,False,,PASSED,,onnx/CIFAR100_resnet_medium.onnx,vnnlib/CIFAR100_resnet_medium_prop_idx_6263_sidx_7644_eps_0.0039.vnnlib,"[""UNKNOWN""]","[""UNKNOWN""]",[null],,/data1/Kane/ACT/audit_results/r93_rerun_20260525T083118Z/overnight_cpu_full_stream3_20260526T025908Z/cifar100_2024/per_instance_cifar100_2024_20260526T032431521925Z.json
full_r3,43,UNKNOWN,UNKNOWN,UNKNOWN,UNKNOWN,36.669,,False,,PASSED,,onnx/CIFAR100_resnet_medium.onnx,vnnlib/CIFAR100_resnet_medium_prop_idx_5001_sidx_1154_eps_0.0039.vnnlib,"[""UNKNOWN""]","[""UNKNOWN""]",[null],,/data1/Kane/ACT/audit_results/r93_rerun_20260525T083118Z/overnight_cpu_full_stream3_20260526T025908Z/cifar100_2024/per_instance_cifar100_2024_20260526T032511293021Z.json
full_r3,44,UNKNOWN,UNKNOWN,UNKNOWN,UNKNOWN,37.125,,False,,PASSED,,onnx/CIFAR100_resnet_medium.onnx,vnnlib/CIFAR100_resnet_medium_prop_idx_4597_sidx_282_eps_0.0039.vnnlib,"[""UNKNOWN""]","[""UNKNOWN""]",[null],,/data1/Kane/ACT/audit_results/r93_rerun_20260525T083118Z/overnight_cpu_full_stream3_20260526T025908Z/cifar100_2024/per_instance_cifar100_2024_20260526T032551755334Z.json
full_r3,45,UNKNOWN,UNKNOWN,UNKNOWN,UNKNOWN,37.864,,False,,PASSED,,onnx/CIFAR100_resnet_medium.onnx,vnnlib/CIFAR100_resnet_medium_prop_idx_3184_sidx_9092_eps_0.0039.vnnlib,"[""UNKNOWN""]","[""UNKNOWN""]",[null],,/data1/Kane/ACT/audit_results/r93_rerun_20260525T083118Z/overnight_cpu_full_stream3_20260526T025908Z/cifar100_2024/per_instance_cifar100_2024_20260526T032632528185Z.json
full_r3,46,UNKNOWN,UNKNOWN,UNKNOWN,UNKNOWN,36.348,,False,,PASSED,,onnx/CIFAR100_resnet_medium.onnx,vnnlib/CIFAR100_resnet_medium_prop_idx_3343_sidx_1406_eps_0.0039.vnnlib,"[""UNKNOWN""]","[""UNKNOWN""]",[null],,/data1/Kane/ACT/audit_results/r93_rerun_20260525T083118Z/overnight_cpu_full_stream3_20260526T025908Z/cifar100_2024/per_instance_cifar100_2024_20260526T032712054660Z.json
full_r3,47,UNKNOWN,UNKNOWN,UNKNOWN,UNKNOWN,35.139,,False,,PASSED,,onnx/CIFAR100_resnet_medium.onnx,vnnlib/CIFAR100_resnet_medium_prop_idx_8330_sidx_7593_eps_0.0039.vnnlib,"[""UNKNOWN""]","[""UNKNOWN""]",[null],,/data1/Kane/ACT/audit_results/r93_rerun_20260525T083118Z/overnight_cpu_full_stream3_20260526T025908Z/cifar100_2024/per_instance_cifar100_2024_20260526T032750328977Z.json
full_r3,48,UNKNOWN,UNKNOWN,UNKNOWN,UNKNOWN,36.749,,False,,PASSED,,onnx/CIFAR100_resnet_medium.onnx,vnnlib/CIFAR100_resnet_medium_prop_idx_5634_sidx_9441_eps_0.0039.vnnlib,"[""UNKNOWN""]","[""UNKNOWN""]",[null],,/data1/Kane/ACT/audit_results/r93_rerun_20260525T083118Z/overnight_cpu_full_stream3_20260526T025908Z/cifar100_2024/per_instance_cifar100_2024_20260526T032830006203Z.json
full_r3,49,UNKNOWN,UNKNOWN,UNKNOWN,UNKNOWN,36.895,,False,,PASSED,,onnx/CIFAR100_resnet_medium.onnx,vnnlib/CIFAR100_resnet_medium_prop_idx_7478_sidx_6593_eps_0.0039.vnnlib,"[""UNKNOWN""]","[""UNKNOWN""]",[null],,/data1/Kane/ACT/audit_results/r93_rerun_20260525T083118Z/overnight_cpu_full_stream3_20260526T025908Z/cifar100_2024/per_instance_cifar100_2024_20260526T032910156980Z.json
full_r3,5,UNKNOWN,UNKNOWN,UNKNOWN,UNKNOWN,37.182,,False,,PASSED,,onnx/CIFAR100_resnet_medium.onnx,vnnlib/CIFAR100_resnet_medium_prop_idx_6135_sidx_4586_eps_0.0039.vnnlib,"[""UNKNOWN""]","[""UNKNOWN""]",[null],,/data1/Kane/ACT/audit_results/r93_rerun_20260525T083118Z/overnight_cpu_full_stream3_20260526T025908Z/cifar100_2024/per_instance_cifar100_2024_20260526T025949715453Z.json
full_r3,50,UNKNOWN,UNKNOWN,UNKNOWN,UNKNOWN,35.526,,False,,PASSED,,onnx/CIFAR100_resnet_medium.onnx,vnnlib/CIFAR100_resnet_medium_prop_idx_913_sidx_2404_eps_0.0039.vnnlib,"[""UNKNOWN""]","[""UNKNOWN""]",[null],,/data1/Kane/ACT/audit_results/r93_rerun_20260525T083118Z/overnight_cpu_full_stream3_20260526T025908Z/cifar100_2024/per_instance_cifar100_2024_20260526T032948783584Z.json
full_r3,51,UNKNOWN,UNKNOWN,UNKNOWN,UNKNOWN,36.352,,False,,PASSED,,onnx/CIFAR100_resnet_medium.onnx,vnnlib/CIFAR100_resnet_medium_prop_idx_1761_sidx_3933_eps_0.0039.vnnlib,"[""UNKNOWN""]","[""UNKNOWN""]",[null],,/data1/Kane/ACT/audit_results/r93_rerun_20260525T083118Z/overnight_cpu_full_stream3_20260526T025908Z/cifar100_2024/per_instance_cifar100_2024_20260526T033028124436Z.json
full_r3,52,UNKNOWN,UNKNOWN,UNKNOWN,UNKNOWN,34.576,,False,,PASSED,,onnx/CIFAR100_resnet_medium.onnx,vnnlib/CIFAR100_resnet_medium_prop_idx_1798_sidx_1061_eps_0.0039.vnnlib,"[""UNKNOWN""]","[""UNKNOWN""]",[null],,/data1/Kane/ACT/audit_results/r93_rerun_20260525T083118Z/overnight_cpu_full_stream3_20260526T025908Z/cifar100_2024/per_instance_cifar100_2024_20260526T033105885703Z.json
full_r3,53,UNKNOWN,UNKNOWN,UNKNOWN,UNKNOWN,36.529,,False,,PASSED,,onnx/CIFAR100_resnet_medium.onnx,vnnlib/CIFAR100_resnet_medium_prop_idx_8450_sidx_9332_eps_0.0039.vnnlib,"[""UNKNOWN""]","[""UNKNOWN""]",[null],,/data1/Kane/ACT/audit_results/r93_rerun_20260525T083118Z/overnight_cpu_full_stream3_20260526T025908Z/cifar100_2024/per_instance_cifar100_2024_20260526T033145400300Z.json
full_r3,54,UNKNOWN,UNKNOWN,UNKNOWN,UNKNOWN,34.284,,False,,PASSED,,onnx/CIFAR100_resnet_medium.onnx,vnnlib/CIFAR100_resnet_medium_prop_idx_1592_sidx_3741_eps_0.0039.vnnlib,"[""UNKNOWN""]","[""UNKNOWN""]",[null],,/data1/Kane/ACT/audit_results/r93_rerun_20260525T083118Z/overnight_cpu_full_stream3_20260526T025908Z/cifar100_2024/per_instance_cifar100_2024_20260526T033222633854Z.json
full_r3,55,UNKNOWN,UNKNOWN,UNKNOWN,UNKNOWN,36.943,,False,,PASSED,,onnx/CIFAR100_resnet_medium.onnx,vnnlib/CIFAR100_resnet_medium_prop_idx_230_sidx_1968_eps_0.0039.vnnlib,"[""UNKNOWN""]","[""UNKNOWN""]",[null],,/data1/Kane/ACT/audit_results/r93_rerun_20260525T083118Z/overnight_cpu_full_stream3_20260526T025908Z/cifar100_2024/per_instance_cifar100_2024_20260526T033302844667Z.json
full_r3,56,UNKNOWN,UNKNOWN,UNKNOWN,UNKNOWN,38.396,,False,,PASSED,,onnx/CIFAR100_resnet_medium.onnx,vnnlib/CIFAR100_resnet_medium_prop_idx_5791_sidx_5659_eps_0.0039.vnnlib,"[""UNKNOWN""]","[""UNKNOWN""]",[null],,/data1/Kane/ACT/audit_results/r93_rerun_20260525T083118Z/overnight_cpu_full_stream3_20260526T025908Z/cifar100_2024/per_instance_cifar100_2024_20260526T033344380449Z.json
full_r3,57,UNKNOWN,UNKNOWN,UNKNOWN,UNKNOWN,36.846,,False,,PASSED,,onnx/CIFAR100_resnet_medium.onnx,vnnlib/CIFAR100_resnet_medium_prop_idx_4475_sidx_752_eps_0.0039.vnnlib,"[""UNKNOWN""]","[""UNKNOWN""]",[null],,/data1/Kane/ACT/audit_results/r93_rerun_20260525T083118Z/overnight_cpu_full_stream3_20260526T025908Z/cifar100_2024/per_instance_cifar100_2024_20260526T033424299820Z.json
full_r3,58,UNKNOWN,UNKNOWN,UNKNOWN,UNKNOWN,38.167,,False,,PASSED,,onnx/CIFAR100_resnet_medium.onnx,vnnlib/CIFAR100_resnet_medium_prop_idx_3247_sidx_1605_eps_0.0039.vnnlib,"[""UNKNOWN""]","[""UNKNOWN""]",[null],,/data1/Kane/ACT/audit_results/r93_rerun_20260525T083118Z/overnight_cpu_full_stream3_20260526T025908Z/cifar100_2024/per_instance_cifar100_2024_20260526T033505614214Z.json
full_r3,59,UNKNOWN,UNKNOWN,UNKNOWN,UNKNOWN,37.081,,False,,PASSED,,onnx/CIFAR100_resnet_medium.onnx,vnnlib/CIFAR100_resnet_medium_prop_idx_2557_sidx_6196_eps_0.0039.vnnlib,"[""UNKNOWN""]","[""UNKNOWN""]",[null],,/data1/Kane/ACT/audit_results/r93_rerun_20260525T083118Z/overnight_cpu_full_stream3_20260526T025908Z/cifar100_2024/per_instance_cifar100_2024_20260526T033545615805Z.json
full_r3,6,UNKNOWN,UNKNOWN,UNKNOWN,UNKNOWN,36.849,,False,,PASSED,,onnx/CIFAR100_resnet_medium.onnx,vnnlib/CIFAR100_resnet_medium_prop_idx_4921_sidx_3617_eps_0.0039.vnnlib,"[""UNKNOWN""]","[""UNKNOWN""]",[null],,/data1/Kane/ACT/audit_results/r93_rerun_20260525T083118Z/overnight_cpu_full_stream3_20260526T025908Z/cifar100_2024/per_instance_cifar100_2024_20260526T030029486666Z.json
full_r3,60,UNKNOWN,UNKNOWN,UNKNOWN,UNKNOWN,36.619,,False,,PASSED,,onnx/CIFAR100_resnet_medium.onnx,vnnlib/CIFAR100_resnet_medium_prop_idx_4191_sidx_3301_eps_0.0039.vnnlib,"[""UNKNOWN""]","[""UNKNOWN""]",[null],,/data1/Kane/ACT/audit_results/r93_rerun_20260525T083118Z/overnight_cpu_full_stream3_20260526T025908Z/cifar100_2024/per_instance_cifar100_2024_20260526T033625164586Z.json
full_r3,61,UNKNOWN,UNKNOWN,UNKNOWN,UNKNOWN,36.428,,False,,PASSED,,onnx/CIFAR100_resnet_medium.onnx,vnnlib/CIFAR100_resnet_medium_prop_idx_2697_sidx_4836_eps_0.0039.vnnlib,"[""UNKNOWN""]","[""UNKNOWN""]",[null],,/data1/Kane/ACT/audit_results/r93_rerun_20260525T083118Z/overnight_cpu_full_stream3_20260526T025908Z/cifar100_2024/per_instance_cifar100_2024_20260526T033704469093Z.json
full_r3,62,UNKNOWN,UNKNOWN,UNKNOWN,UNKNOWN,37.014,,False,,PASSED,,onnx/CIFAR100_resnet_medium.onnx,vnnlib/CIFAR100_resnet_medium_prop_idx_9665_sidx_9074_eps_0.0039.vnnlib,"[""UNKNOWN""]","[""UNKNOWN""]",[null],,/data1/Kane/ACT/audit_results/r93_rerun_20260525T083118Z/overnight_cpu_full_stream3_20260526T025908Z/cifar100_2024/per_instance_cifar100_2024_20260526T033744634671Z.json
full_r3,63,UNKNOWN,UNKNOWN,UNKNOWN,UNKNOWN,38.648,,False,,PASSED,,onnx/CIFAR100_resnet_medium.onnx,vnnlib/CIFAR100_resnet_medium_prop_idx_9518_sidx_9183_eps_0.0039.vnnlib,"[""UNKNOWN""]","[""UNKNOWN""]",[null],,/data1/Kane/ACT/audit_results/r93_rerun_20260525T083118Z/overnight_cpu_full_stream3_20260526T025908Z/cifar100_2024/per_instance_cifar100_2024_20260526T033826282780Z.json
full_r3,64,UNKNOWN,UNKNOWN,UNKNOWN,UNKNOWN,35.97,,False,,PASSED,,onnx/CIFAR100_resnet_medium.onnx,vnnlib/CIFAR100_resnet_medium_prop_idx_5973_sidx_7841_eps_0.0039.vnnlib,"[""UNKNOWN""]","[""UNKNOWN""]",[null],,/data1/Kane/ACT/audit_results/r93_rerun_20260525T083118Z/overnight_cpu_full_stream3_20260526T025908Z/cifar100_2024/per_instance_cifar100_2024_20260526T033905112433Z.json
full_r3,65,UNKNOWN,UNKNOWN,UNKNOWN,UNKNOWN,36.682,,False,,PASSED,,onnx/CIFAR100_resnet_medium.onnx,vnnlib/CIFAR100_resnet_medium_prop_idx_9845_sidx_200_eps_0.0039.vnnlib,"[""UNKNOWN""]","[""UNKNOWN""]",[null],,/data1/Kane/ACT/audit_results/r93_rerun_20260525T083118Z/overnight_cpu_full_stream3_20260526T025908Z/cifar100_2024/per_instance_cifar100_2024_20260526T033944882998Z.json
full_r3,66,UNKNOWN,UNKNOWN,UNKNOWN,UNKNOWN,38.723,,False,,PASSED,,onnx/CIFAR100_resnet_medium.onnx,vnnlib/CIFAR100_resnet_medium_prop_idx_2779_sidx_6416_eps_0.0039.vnnlib,"[""UNKNOWN""]","[""UNKNOWN""]",[null],,/data1/Kane/ACT/audit_results/r93_rerun_20260525T083118Z/overnight_cpu_full_stream3_20260526T025908Z/cifar100_2024/per_instance_cifar100_2024_20260526T034026886418Z.json
full_r3,67,UNKNOWN,UNKNOWN,UNKNOWN,UNKNOWN,36.956,,False,,PASSED,,onnx/CIFAR100_resnet_medium.onnx,vnnlib/CIFAR100_resnet_medium_prop_idx_6292_sidx_5430_eps_0.0039.vnnlib,"[""UNKNOWN""]","[""UNKNOWN""]",[null],,/data1/Kane/ACT/audit_results/r93_rerun_20260525T083118Z/overnight_cpu_full_stream3_20260526T025908Z/cifar100_2024/per_instance_cifar100_2024_20260526T034107206667Z.json
full_r3,68,UNKNOWN,UNKNOWN,UNKNOWN,UNKNOWN,35.014,,False,,PASSED,,onnx/CIFAR100_resnet_medium.onnx,vnnlib/CIFAR100_resnet_medium_prop_idx_8642_sidx_9095_eps_0.0039.vnnlib,"[""UNKNOWN""]","[""UNKNOWN""]",[null],,/data1/Kane/ACT/audit_results/r93_rerun_20260525T083118Z/overnight_cpu_full_stream3_20260526T025908Z/cifar100_2024/per_instance_cifar100_2024_20260526T034145296721Z.json
full_r3,69,UNKNOWN,UNKNOWN,UNKNOWN,UNKNOWN,37.839,,False,,PASSED,,onnx/CIFAR100_resnet_medium.onnx,vnnlib/CIFAR100_resnet_medium_prop_idx_6049_sidx_4719_eps_0.0039.vnnlib,"[""UNKNOWN""]","[""UNKNOWN""]",[null],,/data1/Kane/ACT/audit_results/r93_rerun_20260525T083118Z/overnight_cpu_full_stream3_20260526T025908Z/cifar100_2024/per_instance_cifar100_2024_20260526T034226145610Z.json
full_r3,7,UNKNOWN,UNKNOWN,UNKNOWN,UNKNOWN,37.938,,False,,PASSED,,onnx/CIFAR100_resnet_medium.onnx,vnnlib/CIFAR100_resnet_medium_prop_idx_5242_sidx_1208_eps_0.0039.vnnlib,"[""UNKNOWN""]","[""UNKNOWN""]",[null],,/data1/Kane/ACT/audit_results/r93_rerun_20260525T083118Z/overnight_cpu_full_stream3_20260526T025908Z/cifar100_2024/per_instance_cifar100_2024_20260526T030110602304Z.json
full_r3,70,UNKNOWN,UNKNOWN,UNKNOWN,UNKNOWN,37.607,,False,,PASSED,,onnx/CIFAR100_resnet_medium.onnx,vnnlib/CIFAR100_resnet_medium_prop_idx_8739_sidx_1540_eps_0.0039.vnnlib,"[""UNKNOWN""]","[""UNKNOWN""]",[null],,/data1/Kane/ACT/audit_results/r93_rerun_20260525T083118Z/overnight_cpu_full_stream3_20260526T025908Z/cifar100_2024/per_instance_cifar100_2024_20260526T034307002395Z.json
full_r3,71,UNKNOWN,UNKNOWN,UNKNOWN,UNKNOWN,38.057,,False,,PASSED,,onnx/CIFAR100_resnet_medium.onnx,vnnlib/CIFAR100_resnet_medium_prop_idx_7034_sidx_4129_eps_0.0039.vnnlib,"[""UNKNOWN""]","[""UNKNOWN""]",[null],,/data1/Kane/ACT/audit_results/r93_rerun_20260525T083118Z/overnight_cpu_full_stream3_20260526T025908Z/cifar100_2024/per_instance_cifar100_2024_20260526T034347926173Z.json
full_r3,72,UNKNOWN,UNKNOWN,UNKNOWN,UNKNOWN,36.27,,False,,PASSED,,onnx/CIFAR100_resnet_medium.onnx,vnnlib/CIFAR100_resnet_medium_prop_idx_1498_sidx_792_eps_0.0039.vnnlib,"[""UNKNOWN""]","[""UNKNOWN""]",[null],,/data1/Kane/ACT/audit_results/r93_rerun_20260525T083118Z/overnight_cpu_full_stream3_20260526T025908Z/cifar100_2024/per_instance_cifar100_2024_20260526T034427150213Z.json
full_r3,73,UNKNOWN,UNKNOWN,UNKNOWN,UNKNOWN,39.962,,False,,PASSED,,onnx/CIFAR100_resnet_medium.onnx,vnnlib/CIFAR100_resnet_medium_prop_idx_3898_sidx_9109_eps_0.0039.vnnlib,"[""UNKNOWN""]","[""UNKNOWN""]",[null],,/data1/Kane/ACT/audit_results/r93_rerun_20260525T083118Z/overnight_cpu_full_stream3_20260526T025908Z/cifar100_2024/per_instance_cifar100_2024_20260526T034510383072Z.json
full_r3,74,UNKNOWN,UNKNOWN,UNKNOWN,UNKNOWN,35.681,,False,,PASSED,,onnx/CIFAR100_resnet_medium.onnx,vnnlib/CIFAR100_resnet_medium_prop_idx_854_sidx_6893_eps_0.0039.vnnlib,"[""UNKNOWN""]","[""UNKNOWN""]",[null],,/data1/Kane/ACT/audit_results/r93_rerun_20260525T083118Z/overnight_cpu_full_stream3_20260526T025908Z/cifar100_2024/per_instance_cifar100_2024_20260526T034549155431Z.json
full_r3,75,UNKNOWN,UNKNOWN,UNKNOWN,UNKNOWN,36.963,,False,,PASSED,,onnx/CIFAR100_resnet_medium.onnx,vnnlib/CIFAR100_resnet_medium_prop_idx_9502_sidx_7197_eps_0.0039.vnnlib,"[""UNKNOWN""]","[""UNKNOWN""]",[null],,/data1/Kane/ACT/audit_results/r93_rerun_20260525T083118Z/overnight_cpu_full_stream3_20260526T025908Z/cifar100_2024/per_instance_cifar100_2024_20260526T034629420197Z.json
full_r3,76,UNKNOWN,UNKNOWN,UNKNOWN,UNKNOWN,35.3,,False,,PASSED,,onnx/CIFAR100_resnet_medium.onnx,vnnlib/CIFAR100_resnet_medium_prop_idx_2551_sidx_9941_eps_0.0039.vnnlib,"[""UNKNOWN""]","[""UNKNOWN""]",[null],,/data1/Kane/ACT/audit_results/r93_rerun_20260525T083118Z/overnight_cpu_full_stream3_20260526T025908Z/cifar100_2024/per_instance_cifar100_2024_20260526T034707846478Z.json
full_r3,77,UNKNOWN,UNKNOWN,UNKNOWN,UNKNOWN,37.166,,False,,PASSED,,onnx/CIFAR100_resnet_medium.onnx,vnnlib/CIFAR100_resnet_medium_prop_idx_7658_sidx_1537_eps_0.0039.vnnlib,"[""UNKNOWN""]","[""UNKNOWN""]",[null],,/data1/Kane/ACT/audit_results/r93_rerun_20260525T083118Z/overnight_cpu_full_stream3_20260526T025908Z/cifar100_2024/per_instance_cifar100_2024_20260526T034748212663Z.json
full_r3,78,UNKNOWN,UNKNOWN,UNKNOWN,UNKNOWN,36.705,,False,,PASSED,,onnx/CIFAR100_resnet_medium.onnx,vnnlib/CIFAR100_resnet_medium_prop_idx_9726_sidx_4400_eps_0.0039.vnnlib,"[""UNKNOWN""]","[""UNKNOWN""]",[null],,/data1/Kane/ACT/audit_results/r93_rerun_20260525T083118Z/overnight_cpu_full_stream3_20260526T025908Z/cifar100_2024/per_instance_cifar100_2024_20260526T034828297425Z.json
full_r3,79,UNKNOWN,UNKNOWN,UNKNOWN,UNKNOWN,37.169,,False,,PASSED,,onnx/CIFAR100_resnet_medium.onnx,vnnlib/CIFAR100_resnet_medium_prop_idx_9313_sidx_6462_eps_0.0039.vnnlib,"[""UNKNOWN""]","[""UNKNOWN""]",[null],,/data1/Kane/ACT/audit_results/r93_rerun_20260525T083118Z/overnight_cpu_full_stream3_20260526T025908Z/cifar100_2024/per_instance_cifar100_2024_20260526T034908819001Z.json
full_r3,8,UNKNOWN,UNKNOWN,UNKNOWN,UNKNOWN,42.29,,False,,PASSED,,onnx/CIFAR100_resnet_medium.onnx,vnnlib/CIFAR100_resnet_medium_prop_idx_2176_sidx_3285_eps_0.0039.vnnlib,"[""UNKNOWN""]","[""UNKNOWN""]",[null],,/data1/Kane/ACT/audit_results/r93_rerun_20260525T083118Z/overnight_cpu_full_stream3_20260526T025908Z/cifar100_2024/per_instance_cifar100_2024_20260526T030155977377Z.json
full_r3,80,UNKNOWN,UNKNOWN,UNKNOWN,UNKNOWN,35.123,,False,,PASSED,,onnx/CIFAR100_resnet_medium.onnx,vnnlib/CIFAR100_resnet_medium_prop_idx_815_sidx_1902_eps_0.0039.vnnlib,"[""UNKNOWN""]","[""UNKNOWN""]",[null],,/data1/Kane/ACT/audit_results/r93_rerun_20260525T083118Z/overnight_cpu_full_stream3_20260526T025908Z/cifar100_2024/per_instance_cifar100_2024_20260526T034947231212Z.json
full_r3,81,UNKNOWN,UNKNOWN,UNKNOWN,UNKNOWN,37.614,,False,,PASSED,,onnx/CIFAR100_resnet_medium.onnx,vnnlib/CIFAR100_resnet_medium_prop_idx_6491_sidx_3620_eps_0.0039.vnnlib,"[""UNKNOWN""]","[""UNKNOWN""]",[null],,/data1/Kane/ACT/audit_results/r93_rerun_20260525T083118Z/overnight_cpu_full_stream3_20260526T025908Z/cifar100_2024/per_instance_cifar100_2024_20260526T035027723522Z.json
full_r3,82,UNKNOWN,UNKNOWN,UNKNOWN,UNKNOWN,38.945,,False,,PASSED,,onnx/CIFAR100_resnet_medium.onnx,vnnlib/CIFAR100_resnet_medium_prop_idx_4605_sidx_6225_eps_0.0039.vnnlib,"[""UNKNOWN""]","[""UNKNOWN""]",[null],,/data1/Kane/ACT/audit_results/r93_rerun_20260525T083118Z/overnight_cpu_full_stream3_20260526T025908Z/cifar100_2024/per_instance_cifar100_2024_20260526T035109632355Z.json
full_r3,83,UNKNOWN,UNKNOWN,UNKNOWN,UNKNOWN,37.72,,False,,PASSED,,onnx/CIFAR100_resnet_medium.onnx,vnnlib/CIFAR100_resnet_medium_prop_idx_2352_sidx_2704_eps_0.0039.vnnlib,"[""UNKNOWN""]","[""UNKNOWN""]",[null],,/data1/Kane/ACT/audit_results/r93_rerun_20260525T083118Z/overnight_cpu_full_stream3_20260526T025908Z/cifar100_2024/per_instance_cifar100_2024_20260526T035150433935Z.json
full_r3,84,UNKNOWN,UNKNOWN,UNKNOWN,UNKNOWN,37.946,,False,,PASSED,,onnx/CIFAR100_resnet_medium.onnx,vnnlib/CIFAR100_resnet_medium_prop_idx_1642_sidx_7494_eps_0.0039.vnnlib,"[""UNKNOWN""]","[""UNKNOWN""]",[null],,/data1/Kane/ACT/audit_results/r93_rerun_20260525T083118Z/overnight_cpu_full_stream3_20260526T025908Z/cifar100_2024/per_instance_cifar100_2024_20260526T035231656309Z.json
full_r3,85,UNKNOWN,UNKNOWN,UNKNOWN,UNKNOWN,35.228,,False,,PASSED,,onnx/CIFAR100_resnet_medium.onnx,vnnlib/CIFAR100_resnet_medium_prop_idx_8502_sidx_2893_eps_0.0039.vnnlib,"[""UNKNOWN""]","[""UNKNOWN""]",[null],,/data1/Kane/ACT/audit_results/r93_rerun_20260525T083118Z/overnight_cpu_full_stream3_20260526T025908Z/cifar100_2024/per_instance_cifar100_2024_20260526T035309965487Z.json
full_r3,86,UNKNOWN,UNKNOWN,UNKNOWN,UNKNOWN,35.5,,False,,PASSED,,onnx/CIFAR100_resnet_medium.onnx,vnnlib/CIFAR100_resnet_medium_prop_idx_4964_sidx_5266_eps_0.0039.vnnlib,"[""UNKNOWN""]","[""UNKNOWN""]",[null],,/data1/Kane/ACT/audit_results/r93_rerun_20260525T083118Z/overnight_cpu_full_stream3_20260526T025908Z/cifar100_2024/per_instance_cifar100_2024_20260526T035348739888Z.json
full_r3,87,UNKNOWN,UNKNOWN,UNKNOWN,UNKNOWN,38.363,,False,,PASSED,,onnx/CIFAR100_resnet_medium.onnx,vnnlib/CIFAR100_resnet_medium_prop_idx_6369_sidx_8824_eps_0.0039.vnnlib,"[""UNKNOWN""]","[""UNKNOWN""]",[null],,/data1/Kane/ACT/audit_results/r93_rerun_20260525T083118Z/overnight_cpu_full_stream3_20260526T025908Z/cifar100_2024/per_instance_cifar100_2024_20260526T035430166733Z.json
full_r3,88,UNKNOWN,UNKNOWN,UNKNOWN,UNKNOWN,37.25,,False,,PASSED,,onnx/CIFAR100_resnet_medium.onnx,vnnlib/CIFAR100_resnet_medium_prop_idx_966_sidx_2330_eps_0.0039.vnnlib,"[""UNKNOWN""]","[""UNKNOWN""]",[null],,/data1/Kane/ACT/audit_results/r93_rerun_20260525T083118Z/overnight_cpu_full_stream3_20260526T025908Z/cifar100_2024/per_instance_cifar100_2024_20260526T035510572533Z.json
full_r3,89,UNKNOWN,UNKNOWN,UNKNOWN,UNKNOWN,33.296,,False,,PASSED,,onnx/CIFAR100_resnet_medium.onnx,vnnlib/CIFAR100_resnet_medium_prop_idx_9162_sidx_4337_eps_0.0039.vnnlib,"[""UNKNOWN""]","[""UNKNOWN""]",[null],,/data1/Kane/ACT/audit_results/r93_rerun_20260525T083118Z/overnight_cpu_full_stream3_20260526T025908Z/cifar100_2024/per_instance_cifar100_2024_20260526T035547164348Z.json
full_r3,9,UNKNOWN,UNKNOWN,UNKNOWN,UNKNOWN,37.465,,False,,PASSED,,onnx/CIFAR100_resnet_medium.onnx,vnnlib/CIFAR100_resnet_medium_prop_idx_8762_sidx_3374_eps_0.0039.vnnlib,"[""UNKNOWN""]","[""UNKNOWN""]",[null],,/data1/Kane/ACT/audit_results/r93_rerun_20260525T083118Z/overnight_cpu_full_stream3_20260526T025908Z/cifar100_2024/per_instance_cifar100_2024_20260526T030236694974Z.json
full_r3,90,UNKNOWN,UNKNOWN,UNKNOWN,UNKNOWN,35.436,,False,,PASSED,,onnx/CIFAR100_resnet_medium.onnx,vnnlib/CIFAR100_resnet_medium_prop_idx_425_sidx_9099_eps_0.0039.vnnlib,"[""UNKNOWN""]","[""UNKNOWN""]",[null],,/data1/Kane/ACT/audit_results/r93_rerun_20260525T083118Z/overnight_cpu_full_stream3_20260526T025908Z/cifar100_2024/per_instance_cifar100_2024_20260526T035625874914Z.json
full_r3,91,UNKNOWN,UNKNOWN,UNKNOWN,UNKNOWN,33.82,,False,,PASSED,,onnx/CIFAR100_resnet_medium.onnx,vnnlib/CIFAR100_resnet_medium_prop_idx_4898_sidx_6695_eps_0.0039.vnnlib,"[""UNKNOWN""]","[""UNKNOWN""]",[null],,/data1/Kane/ACT/audit_results/r93_rerun_20260525T083118Z/overnight_cpu_full_stream3_20260526T025908Z/cifar100_2024/per_instance_cifar100_2024_20260526T035702703704Z.json
full_r3,92,UNKNOWN,UNKNOWN,UNKNOWN,UNKNOWN,35.937,,False,,PASSED,,onnx/CIFAR100_resnet_medium.onnx,vnnlib/CIFAR100_resnet_medium_prop_idx_7500_sidx_40_eps_0.0039.vnnlib,"[""UNKNOWN""]","[""UNKNOWN""]",[null],,/data1/Kane/ACT/audit_results/r93_rerun_20260525T083118Z/overnight_cpu_full_stream3_20260526T025908Z/cifar100_2024/per_instance_cifar100_2024_20260526T035741881445Z.json
full_r3,93,UNKNOWN,UNKNOWN,UNKNOWN,UNKNOWN,35.952,,False,,PASSED,,onnx/CIFAR100_resnet_medium.onnx,vnnlib/CIFAR100_resnet_medium_prop_idx_7176_sidx_1522_eps_0.0039.vnnlib,"[""UNKNOWN""]","[""UNKNOWN""]",[null],,/data1/Kane/ACT/audit_results/r93_rerun_20260525T083118Z/overnight_cpu_full_stream3_20260526T025908Z/cifar100_2024/per_instance_cifar100_2024_20260526T035820838343Z.json
full_r3,94,UNKNOWN,UNKNOWN,UNKNOWN,UNKNOWN,37.051,,False,,PASSED,,onnx/CIFAR100_resnet_medium.onnx,vnnlib/CIFAR100_resnet_medium_prop_idx_2050_sidx_8228_eps_0.0039.vnnlib,"[""UNKNOWN""]","[""UNKNOWN""]",[null],,/data1/Kane/ACT/audit_results/r93_rerun_20260525T083118Z/overnight_cpu_full_stream3_20260526T025908Z/cifar100_2024/per_instance_cifar100_2024_20260526T035901076111Z.json
full_r3,95,UNKNOWN,UNKNOWN,UNKNOWN,UNKNOWN,37.55,,False,,PASSED,,onnx/CIFAR100_resnet_medium.onnx,vnnlib/CIFAR100_resnet_medium_prop_idx_7470_sidx_4555_eps_0.0039.vnnlib,"[""UNKNOWN""]","[""UNKNOWN""]",[null],,/data1/Kane/ACT/audit_results/r93_rerun_20260525T083118Z/overnight_cpu_full_stream3_20260526T025908Z/cifar100_2024/per_instance_cifar100_2024_20260526T035941576096Z.json
full_r3,96,UNKNOWN,UNKNOWN,UNKNOWN,UNKNOWN,36.226,,False,,PASSED,,onnx/CIFAR100_resnet_medium.onnx,vnnlib/CIFAR100_resnet_medium_prop_idx_5797_sidx_6343_eps_0.0039.vnnlib,"[""UNKNOWN""]","[""UNKNOWN""]",[null],,/data1/Kane/ACT/audit_results/r93_rerun_20260525T083118Z/overnight_cpu_full_stream3_20260526T025908Z/cifar100_2024/per_instance_cifar100_2024_20260526T040020782527Z.json
full_r3,97,UNKNOWN,UNKNOWN,UNKNOWN,UNKNOWN,36.263,,False,,PASSED,,onnx/CIFAR100_resnet_medium.onnx,vnnlib/CIFAR100_resnet_medium_prop_idx_5894_sidx_5577_eps_0.0039.vnnlib,"[""UNKNOWN""]","[""UNKNOWN""]",[null],,/data1/Kane/ACT/audit_results/r93_rerun_20260525T083118Z/overnight_cpu_full_stream3_20260526T025908Z/cifar100_2024/per_instance_cifar100_2024_20260526T040100316752Z.json
full_r3,98,UNKNOWN,UNKNOWN,UNKNOWN,UNKNOWN,36.416,,False,,PASSED,,onnx/CIFAR100_resnet_medium.onnx,vnnlib/CIFAR100_resnet_medium_prop_idx_3852_sidx_2848_eps_0.0039.vnnlib,"[""UNKNOWN""]","[""UNKNOWN""]",[null],,/data1/Kane/ACT/audit_results/r93_rerun_20260525T083118Z/overnight_cpu_full_stream3_20260526T025908Z/cifar100_2024/per_instance_cifar100_2024_20260526T040140052437Z.json
full_r3,99,UNKNOWN,UNKNOWN,UNKNOWN,UNKNOWN,35.879,,False,,PASSED,,onnx/CIFAR100_resnet_medium.onnx,vnnlib/CIFAR100_resnet_medium_prop_idx_2925_sidx_8815_eps_0.0039.vnnlib,"[""UNKNOWN""]","[""UNKNOWN""]",[null],,/data1/Kane/ACT/audit_results/r93_rerun_20260525T083118Z/overnight_cpu_full_stream3_20260526T025908Z/cifar100_2024/per_instance_cifar100_2024_20260526T040218917301Z.json
gpu_full,0,UNKNOWN,UNKNOWN,UNKNOWN,UNKNOWN,5.542,,False,,PASSED,,onnx/CIFAR100_resnet_medium.onnx,vnnlib/CIFAR100_resnet_medium_prop_idx_7641_sidx_1041_eps_0.0039.vnnlib,"[""UNKNOWN""]","[""UNKNOWN""]",[null],,/data1/Kane/ACT/audit_results/r93_rerun_20260525T083118Z/gpu_stream3_20260526T132419Z/cifar100_2024/per_instance_cifar100_2024_20260526T145305028543Z.json
gpu_full,1,UNKNOWN,UNKNOWN,UNKNOWN,UNKNOWN,5.041,,False,,PASSED,,onnx/CIFAR100_resnet_medium.onnx,vnnlib/CIFAR100_resnet_medium_prop_idx_2132_sidx_6868_eps_0.0039.vnnlib,"[""UNKNOWN""]","[""UNKNOWN""]",[null],,/data1/Kane/ACT/audit_results/r93_rerun_20260525T083118Z/gpu_stream3_20260526T132419Z/cifar100_2024/per_instance_cifar100_2024_20260526T145313979087Z.json
gpu_full,10,UNKNOWN,UNKNOWN,UNKNOWN,UNKNOWN,5.021,,False,,PASSED,,onnx/CIFAR100_resnet_medium.onnx,vnnlib/CIFAR100_resnet_medium_prop_idx_7704_sidx_3701_eps_0.0039.vnnlib,"[""UNKNOWN""]","[""UNKNOWN""]",[null],,/data1/Kane/ACT/audit_results/r93_rerun_20260525T083118Z/gpu_stream3_20260526T132419Z/cifar100_2024/per_instance_cifar100_2024_20260526T145438916333Z.json
gpu_full,100,ERROR_WATCHDOG_EXIT_NONZERO,ERROR,ERROR,,31.021,EXIT_NONZERO,True,True,FAILED,4496.90234375,onnx/CIFAR100_resnet_large.onnx,vnnlib/CIFAR100_resnet_large_prop_idx_496_sidx_1194_eps_0.0039.vnnlib,[],[],[],"watchdog killed instance after 31.0s (status=EXIT_NONZERO, peak_rss=4496.9 MiB)",/data1/Kane/ACT/audit_results/r93_rerun_20260525T083118Z/gpu_stream3_20260526T132419Z/cifar100_2024/per_instance_cifar100_2024_watchdog_iid100_20260526T151050160393Z.json
gpu_full,101,ERROR_WATCHDOG_EXIT_NONZERO,ERROR,ERROR,,30.527,EXIT_NONZERO,True,True,FAILED,4561.76171875,onnx/CIFAR100_resnet_large.onnx,vnnlib/CIFAR100_resnet_large_prop_idx_4385_sidx_9116_eps_0.0039.vnnlib,[],[],[],"watchdog killed instance after 30.5s (status=EXIT_NONZERO, peak_rss=4561.8 MiB)",/data1/Kane/ACT/audit_results/r93_rerun_20260525T083118Z/gpu_stream3_20260526T132419Z/cifar100_2024/per_instance_cifar100_2024_watchdog_iid101_20260526T151120688556Z.json
gpu_full,102,ERROR_WATCHDOG_EXIT_NONZERO,ERROR,ERROR,,29.525,EXIT_NONZERO,True,True,FAILED,4554.30859375,onnx/CIFAR100_resnet_large.onnx,vnnlib/CIFAR100_resnet_large_prop_idx_5308_sidx_1650_eps_0.0039.vnnlib,[],[],[],"watchdog killed instance after 29.5s (status=EXIT_NONZERO, peak_rss=4554.3 MiB)",/data1/Kane/ACT/audit_results/r93_rerun_20260525T083118Z/gpu_stream3_20260526T132419Z/cifar100_2024/per_instance_cifar100_2024_watchdog_iid102_20260526T151150214751Z.json
gpu_full,103,ERROR_WATCHDOG_EXIT_NONZERO,ERROR,ERROR,,31.021,EXIT_NONZERO,True,True,FAILED,4474.47265625,onnx/CIFAR100_resnet_large.onnx,vnnlib/CIFAR100_resnet_large_prop_idx_4757_sidx_803_eps_0.0039.vnnlib,[],[],[],"watchdog killed instance after 31.0s (status=EXIT_NONZERO, peak_rss=4474.5 MiB)",/data1/Kane/ACT/audit_results/r93_rerun_20260525T083118Z/gpu_stream3_20260526T132419Z/cifar100_2024/per_instance_cifar100_2024_watchdog_iid103_20260526T151221237309Z.json
gpu_full,104,ERROR_WATCHDOG_EXIT_NONZERO,ERROR,ERROR,,29.018,EXIT_NONZERO,True,True,FAILED,4463.0625,onnx/CIFAR100_resnet_large.onnx,vnnlib/CIFAR100_resnet_large_prop_idx_4227_sidx_5883_eps_0.0039.vnnlib,[],[],[],"watchdog killed instance after 29.0s (status=EXIT_NONZERO, peak_rss=4463.1 MiB)",/data1/Kane/ACT/audit_results/r93_rerun_20260525T083118Z/gpu_stream3_20260526T132419Z/cifar100_2024/per_instance_cifar100_2024_watchdog_iid104_20260526T151250256372Z.json
gpu_full,105,ERROR_WATCHDOG_EXIT_NONZERO,ERROR,ERROR,,29.018,EXIT_NONZERO,True,True,FAILED,4566.33203125,onnx/CIFAR100_resnet_large.onnx,vnnlib/CIFAR100_resnet_large_prop_idx_8589_sidx_3105_eps_0.0039.vnnlib,[],[],[],"watchdog killed instance after 29.0s (status=EXIT_NONZERO, peak_rss=4566.3 MiB)",/data1/Kane/ACT/audit_results/r93_rerun_20260525T083118Z/gpu_stream3_20260526T132419Z/cifar100_2024/per_instance_cifar100_2024_watchdog_iid105_20260526T151319276040Z.json
gpu_full,106,ERROR_WATCHDOG_EXIT_NONZERO,ERROR,ERROR,,28.538,EXIT_NONZERO,True,True,FAILED,4494.46484375,onnx/CIFAR100_resnet_large.onnx,vnnlib/CIFAR100_resnet_large_prop_idx_8476_sidx_3906_eps_0.0039.vnnlib,[],[],[],"watchdog killed instance after 28.5s (status=EXIT_NONZERO, peak_rss=4494.5 MiB)",/data1/Kane/ACT/audit_results/r93_rerun_20260525T083118Z/gpu_stream3_20260526T132419Z/cifar100_2024/per_instance_cifar100_2024_watchdog_iid106_20260526T151347814989Z.json
gpu_full,107,ERROR_WATCHDOG_EXIT_NONZERO,ERROR,ERROR,,38.023,EXIT_NONZERO,True,True,FAILED,4468.00390625,onnx/CIFAR100_resnet_large.onnx,vnnlib/CIFAR100_resnet_large_prop_idx_1456_sidx_5797_eps_0.0039.vnnlib,[],[],[],"watchdog killed instance after 38.0s (status=EXIT_NONZERO, peak_rss=4468.0 MiB)",/data1/Kane/ACT/audit_results/r93_rerun_20260525T083118Z/gpu_stream3_20260526T132419Z/cifar100_2024/per_instance_cifar100_2024_watchdog_iid107_20260526T151425839293Z.json
gpu_full,108,UNKNOWN,UNKNOWN,UNKNOWN,UNKNOWN,30.801,,False,,PASSED,,onnx/CIFAR100_resnet_large.onnx,vnnlib/CIFAR100_resnet_large_prop_idx_998_sidx_7605_eps_0.0039.vnnlib,"[""UNKNOWN""]","[""UNKNOWN""]",[null],,/data1/Kane/ACT/audit_results/r93_rerun_20260525T083118Z/gpu_stream3_20260526T132419Z/cifar100_2024/per_instance_cifar100_2024_20260526T151459647220Z.json
gpu_full,109,ERROR_WATCHDOG_EXIT_NONZERO,ERROR,ERROR,,30.518,EXIT_NONZERO,True,True,FAILED,4473.73828125,onnx/CIFAR100_resnet_large.onnx,vnnlib/CIFAR100_resnet_large_prop_idx_9778_sidx_7516_eps_0.0039.vnnlib,[],[],[],"watchdog killed instance after 30.5s (status=EXIT_NONZERO, peak_rss=4473.7 MiB)",/data1/Kane/ACT/audit_results/r93_rerun_20260525T083118Z/gpu_stream3_20260526T132419Z/cifar100_2024/per_instance_cifar100_2024_watchdog_iid109_20260526T151532882261Z.json
gpu_full,11,UNKNOWN,UNKNOWN,UNKNOWN,UNKNOWN,4.649,,False,,PASSED,,onnx/CIFAR100_resnet_medium.onnx,vnnlib/CIFAR100_resnet_medium_prop_idx_4752_sidx_1800_eps_0.0039.vnnlib,"[""UNKNOWN""]","[""UNKNOWN""]",[null],,/data1/Kane/ACT/audit_results/r93_rerun_20260525T083118Z/gpu_stream3_20260526T132419Z/cifar100_2024/per_instance_cifar100_2024_20260526T145447495290Z.json
gpu_full,110,UNKNOWN,UNKNOWN,UNKNOWN,UNKNOWN,24.521,,False,,PASSED,,onnx/CIFAR100_resnet_large.onnx,vnnlib/CIFAR100_resnet_large_prop_idx_1063_sidx_7948_eps_0.0039.vnnlib,"[""UNKNOWN""]","[""UNKNOWN""]",[null],,/data1/Kane/ACT/audit_results/r93_rerun_20260525T083118Z/gpu_stream3_20260526T132419Z/cifar100_2024/per_instance_cifar100_2024_20260526T151600867657Z.json
gpu_full,111,UNKNOWN,UNKNOWN,UNKNOWN,UNKNOWN,31.948,,False,,PASSED,,onnx/CIFAR100_resnet_large.onnx,vnnlib/CIFAR100_resnet_large_prop_idx_1426_sidx_3855_eps_0.0039.vnnlib,"[""UNKNOWN""]","[""UNKNOWN""]",[null],,/data1/Kane/ACT/audit_results/r93_rerun_20260525T083118Z/gpu_stream3_20260526T132419Z/cifar100_2024/per_instance_cifar100_2024_20260526T151637801330Z.json
gpu_full,112,UNKNOWN,UNKNOWN,UNKNOWN,UNKNOWN,26.425,,False,,PASSED,,onnx/CIFAR100_resnet_large.onnx,vnnlib/CIFAR100_resnet_large_prop_idx_3355_sidx_212_eps_0.0039.vnnlib,"[""UNKNOWN""]","[""UNKNOWN""]",[null],,/data1/Kane/ACT/audit_results/r93_rerun_20260525T083118Z/gpu_stream3_20260526T132419Z/cifar100_2024/per_instance_cifar100_2024_20260526T151709618809Z.json
gpu_full,113,ERROR_WATCHDOG_EXIT_NONZERO,ERROR,ERROR,,32.526,EXIT_NONZERO,True,True,FAILED,4558.06640625,onnx/CIFAR100_resnet_large.onnx,vnnlib/CIFAR100_resnet_large_prop_idx_1439_sidx_8354_eps_0.0039.vnnlib,[],[],[],"watchdog killed instance after 32.5s (status=EXIT_NONZERO, peak_rss=4558.1 MiB)",/data1/Kane/ACT/audit_results/r93_rerun_20260525T083118Z/gpu_stream3_20260526T132419Z/cifar100_2024/per_instance_cifar100_2024_watchdog_iid113_20260526T151744471754Z.json
gpu_full,114,ERROR_WATCHDOG_EXIT_NONZERO,ERROR,ERROR,,29.519,EXIT_NONZERO,True,True,FAILED,4484.34375,onnx/CIFAR100_resnet_large.onnx,vnnlib/CIFAR100_resnet_large_prop_idx_3585_sidx_3469_eps_0.0039.vnnlib,[],[],[],"watchdog killed instance after 29.5s (status=EXIT_NONZERO, peak_rss=4484.3 MiB)",/data1/Kane/ACT/audit_results/r93_rerun_20260525T083118Z/gpu_stream3_20260526T132419Z/cifar100_2024/per_instance_cifar100_2024_watchdog_iid114_20260526T151813992426Z.json
gpu_full,115,ERROR_WATCHDOG_EXIT_NONZERO,ERROR,ERROR,,28.017,EXIT_NONZERO,True,True,FAILED,4477.0078125,onnx/CIFAR100_resnet_large.onnx,vnnlib/CIFAR100_resnet_large_prop_idx_2636_sidx_1992_eps_0.0039.vnnlib,[],[],[],"watchdog killed instance after 28.0s (status=EXIT_NONZERO, peak_rss=4477.0 MiB)",/data1/Kane/ACT/audit_results/r93_rerun_20260525T083118Z/gpu_stream3_20260526T132419Z/cifar100_2024/per_instance_cifar100_2024_watchdog_iid115_20260526T151842010737Z.json
gpu_full,116,ERROR_WATCHDOG_EXIT_NONZERO,ERROR,ERROR,,26.014,EXIT_NONZERO,True,True,FAILED,4509.78125,onnx/CIFAR100_resnet_large.onnx,vnnlib/CIFAR100_resnet_large_prop_idx_6101_sidx_3593_eps_0.0039.vnnlib,[],[],[],"watchdog killed instance after 26.0s (status=EXIT_NONZERO, peak_rss=4509.8 MiB)",/data1/Kane/ACT/audit_results/r93_rerun_20260525T083118Z/gpu_stream3_20260526T132419Z/cifar100_2024/per_instance_cifar100_2024_watchdog_iid116_20260526T151908026922Z.json
gpu_full,117,ERROR_WATCHDOG_EXIT_NONZERO,ERROR,ERROR,,27.015,EXIT_NONZERO,True,True,FAILED,4504.62890625,onnx/CIFAR100_resnet_large.onnx,vnnlib/CIFAR100_resnet_large_prop_idx_1059_sidx_6596_eps_0.0039.vnnlib,[],[],[],"watchdog killed instance after 27.0s (status=EXIT_NONZERO, peak_rss=4504.6 MiB)",/data1/Kane/ACT/audit_results/r93_rerun_20260525T083118Z/gpu_stream3_20260526T132419Z/cifar100_2024/per_instance_cifar100_2024_watchdog_iid117_20260526T151935044392Z.json
gpu_full,118,ERROR_WATCHDOG_EXIT_NONZERO,ERROR,ERROR,,26.516,EXIT_NONZERO,True,True,FAILED,4490.015625,onnx/CIFAR100_resnet_large.onnx,vnnlib/CIFAR100_resnet_large_prop_idx_9773_sidx_3718_eps_0.0039.vnnlib,[],[],[],"watchdog killed instance after 26.5s (status=EXIT_NONZERO, peak_rss=4490.0 MiB)",/data1/Kane/ACT/audit_results/r93_rerun_20260525T083118Z/gpu_stream3_20260526T132419Z/cifar100_2024/per_instance_cifar100_2024_watchdog_iid118_20260526T152001561726Z.json
gpu_full,119,ERROR_WATCHDOG_EXIT_NONZERO,ERROR,ERROR,,28.016,EXIT_NONZERO,True,True,FAILED,4565.98828125,onnx/CIFAR100_resnet_large.onnx,vnnlib/CIFAR100_resnet_large_prop_idx_7890_sidx_4421_eps_0.0039.vnnlib,[],[],[],"watchdog killed instance after 28.0s (status=EXIT_NONZERO, peak_rss=4566.0 MiB)",/data1/Kane/ACT/audit_results/r93_rerun_20260525T083118Z/gpu_stream3_20260526T132419Z/cifar100_2024/per_instance_cifar100_2024_watchdog_iid119_20260526T152029578600Z.json
gpu_full,12,UNKNOWN,UNKNOWN,UNKNOWN,UNKNOWN,4.861,,False,,PASSED,,onnx/CIFAR100_resnet_medium.onnx,vnnlib/CIFAR100_resnet_medium_prop_idx_6415_sidx_4543_eps_0.0039.vnnlib,"[""UNKNOWN""]","[""UNKNOWN""]",[null],,/data1/Kane/ACT/audit_results/r93_rerun_20260525T083118Z/gpu_stream3_20260526T132419Z/cifar100_2024/per_instance_cifar100_2024_20260526T145456198341Z.json
gpu_full,120,ERROR_WATCHDOG_EXIT_NONZERO,ERROR,ERROR,,25.514,EXIT_NONZERO,True,True,FAILED,4562.82421875,onnx/CIFAR100_resnet_large.onnx,vnnlib/CIFAR100_resnet_large_prop_idx_2993_sidx_2485_eps_0.0039.vnnlib,[],[],[],"watchdog killed instance after 25.5s (status=EXIT_NONZERO, peak_rss=4562.8 MiB)",/data1/Kane/ACT/audit_results/r93_rerun_20260525T083118Z/gpu_stream3_20260526T132419Z/cifar100_2024/per_instance_cifar100_2024_watchdog_iid120_20260526T152055093676Z.json
gpu_full,121,ERROR_WATCHDOG_EXIT_NONZERO,ERROR,ERROR,,23.512,EXIT_NONZERO,True,True,FAILED,4516.9453125,onnx/CIFAR100_resnet_large.onnx,vnnlib/CIFAR100_resnet_large_prop_idx_1105_sidx_9000_eps_0.0039.vnnlib,[],[],[],"watchdog killed instance after 23.5s (status=EXIT_NONZERO, peak_rss=4516.9 MiB)",/data1/Kane/ACT/audit_results/r93_rerun_20260525T083118Z/gpu_stream3_20260526T132419Z/cifar100_2024/per_instance_cifar100_2024_watchdog_iid121_20260526T152118606402Z.json
gpu_full,122,ERROR_WATCHDOG_EXIT_NONZERO,ERROR,ERROR,,23.011,EXIT_NONZERO,True,True,FAILED,4484.6328125,onnx/CIFAR100_resnet_large.onnx,vnnlib/CIFAR100_resnet_large_prop_idx_383_sidx_3388_eps_0.0039.vnnlib,[],[],[],"watchdog killed instance after 23.0s (status=EXIT_NONZERO, peak_rss=4484.6 MiB)",/data1/Kane/ACT/audit_results/r93_rerun_20260525T083118Z/gpu_stream3_20260526T132419Z/cifar100_2024/per_instance_cifar100_2024_watchdog_iid122_20260526T152141618659Z.json
gpu_full,123,ERROR_WATCHDOG_EXIT_NONZERO,ERROR,ERROR,,22.512,EXIT_NONZERO,True,True,FAILED,4564.5546875,onnx/CIFAR100_resnet_large.onnx,vnnlib/CIFAR100_resnet_large_prop_idx_6341_sidx_3142_eps_0.0039.vnnlib,[],[],[],"watchdog killed instance after 22.5s (status=EXIT_NONZERO, peak_rss=4564.6 MiB)",/data1/Kane/ACT/audit_results/r93_rerun_20260525T083118Z/gpu_stream3_20260526T132419Z/cifar100_2024/per_instance_cifar100_2024_watchdog_iid123_20260526T152204131750Z.json
gpu_full,124,ERROR_WATCHDOG_EXIT_NONZERO,ERROR,ERROR,,23.012,EXIT_NONZERO,True,True,FAILED,4519.0234375,onnx/CIFAR100_resnet_large.onnx,vnnlib/CIFAR100_resnet_large_prop_idx_2132_sidx_6868_eps_0.0039.vnnlib,[],[],[],"watchdog killed instance after 23.0s (status=EXIT_NONZERO, peak_rss=4519.0 MiB)",/data1/Kane/ACT/audit_results/r93_rerun_20260525T083118Z/gpu_stream3_20260526T132419Z/cifar100_2024/per_instance_cifar100_2024_watchdog_iid124_20260526T152227145045Z.json
gpu_full,125,ERROR_WATCHDOG_EXIT_NONZERO,ERROR,ERROR,,22.511,EXIT_NONZERO,True,True,FAILED,4572.71484375,onnx/CIFAR100_resnet_large.onnx,vnnlib/CIFAR100_resnet_large_prop_idx_3443_sidx_918_eps_0.0039.vnnlib,[],[],[],"watchdog killed instance after 22.5s (status=EXIT_NONZERO, peak_rss=4572.7 MiB)",/data1/Kane/ACT/audit_results/r93_rerun_20260525T083118Z/gpu_stream3_20260526T132419Z/cifar100_2024/per_instance_cifar100_2024_watchdog_iid125_20260526T152249657043Z.json
gpu_full,126,ERROR_WATCHDOG_EXIT_NONZERO,ERROR,ERROR,,23.011,EXIT_NONZERO,True,True,FAILED,4542.79296875,onnx/CIFAR100_resnet_large.onnx,vnnlib/CIFAR100_resnet_large_prop_idx_8119_sidx_972_eps_0.0039.vnnlib,[],[],[],"watchdog killed instance after 23.0s (status=EXIT_NONZERO, peak_rss=4542.8 MiB)",/data1/Kane/ACT/audit_results/r93_rerun_20260525T083118Z/gpu_stream3_20260526T132419Z/cifar100_2024/per_instance_cifar100_2024_watchdog_iid126_20260526T152312669098Z.json
gpu_full,127,ERROR_WATCHDOG_EXIT_NONZERO,ERROR,ERROR,,24.013,EXIT_NONZERO,True,True,FAILED,4459.875,onnx/CIFAR100_resnet_large.onnx,vnnlib/CIFAR100_resnet_large_prop_idx_484_sidx_161_eps_0.0039.vnnlib,[],[],[],"watchdog killed instance after 24.0s (status=EXIT_NONZERO, peak_rss=4459.9 MiB)",/data1/Kane/ACT/audit_results/r93_rerun_20260525T083118Z/gpu_stream3_20260526T132419Z/cifar100_2024/per_instance_cifar100_2024_watchdog_iid127_20260526T152336683529Z.json
gpu_full,128,ERROR_WATCHDOG_EXIT_NONZERO,ERROR,ERROR,,23.012,EXIT_NONZERO,True,True,FAILED,4567.296875,onnx/CIFAR100_resnet_large.onnx,vnnlib/CIFAR100_resnet_large_prop_idx_62_sidx_313_eps_0.0039.vnnlib,[],[],[],"watchdog killed instance after 23.0s (status=EXIT_NONZERO, peak_rss=4567.3 MiB)",/data1/Kane/ACT/audit_results/r93_rerun_20260525T083118Z/gpu_stream3_20260526T132419Z/cifar100_2024/per_instance_cifar100_2024_watchdog_iid128_20260526T152359696532Z.json
gpu_full,129,ERROR_WATCHDOG_EXIT_NONZERO,ERROR,ERROR,,22.011,EXIT_NONZERO,True,True,FAILED,4523.83203125,onnx/CIFAR100_resnet_large.onnx,vnnlib/CIFAR100_resnet_large_prop_idx_6269_sidx_6873_eps_0.0039.vnnlib,[],[],[],"watchdog killed instance after 22.0s (status=EXIT_NONZERO, peak_rss=4523.8 MiB)",/data1/Kane/ACT/audit_results/r93_rerun_20260525T083118Z/gpu_stream3_20260526T132419Z/cifar100_2024/per_instance_cifar100_2024_watchdog_iid129_20260526T152421708772Z.json
gpu_full,13,UNKNOWN,UNKNOWN,UNKNOWN,UNKNOWN,5.419,,False,,PASSED,,onnx/CIFAR100_resnet_medium.onnx,vnnlib/CIFAR100_resnet_medium_prop_idx_2477_sidx_388_eps_0.0039.vnnlib,"[""UNKNOWN""]","[""UNKNOWN""]",[null],,/data1/Kane/ACT/audit_results/r93_rerun_20260525T083118Z/gpu_stream3_20260526T132419Z/cifar100_2024/per_instance_cifar100_2024_20260526T145505570676Z.json
gpu_full,130,ERROR_WATCHDOG_EXIT_NONZERO,ERROR,ERROR,,23.013,EXIT_NONZERO,True,True,FAILED,4539.56640625,onnx/CIFAR100_resnet_large.onnx,vnnlib/CIFAR100_resnet_large_prop_idx_3703_sidx_3842_eps_0.0039.vnnlib,[],[],[],"watchdog killed instance after 23.0s (status=EXIT_NONZERO, peak_rss=4539.6 MiB)",/data1/Kane/ACT/audit_results/r93_rerun_20260525T083118Z/gpu_stream3_20260526T132419Z/cifar100_2024/per_instance_cifar100_2024_watchdog_iid130_20260526T152444722849Z.json
gpu_full,131,ERROR_WATCHDOG_EXIT_NONZERO,ERROR,ERROR,,23.014,EXIT_NONZERO,True,True,FAILED,4460.1171875,onnx/CIFAR100_resnet_large.onnx,vnnlib/CIFAR100_resnet_large_prop_idx_2998_sidx_6947_eps_0.0039.vnnlib,[],[],[],"watchdog killed instance after 23.0s (status=EXIT_NONZERO, peak_rss=4460.1 MiB)",/data1/Kane/ACT/audit_results/r93_rerun_20260525T083118Z/gpu_stream3_20260526T132419Z/cifar100_2024/per_instance_cifar100_2024_watchdog_iid131_20260526T152507738153Z.json
gpu_full,132,ERROR_WATCHDOG_EXIT_NONZERO,ERROR,ERROR,,23.513,EXIT_NONZERO,True,True,FAILED,4462.88671875,onnx/CIFAR100_resnet_large.onnx,vnnlib/CIFAR100_resnet_large_prop_idx_7926_sidx_589_eps_0.0039.vnnlib,[],[],[],"watchdog killed instance after 23.5s (status=EXIT_NONZERO, peak_rss=4462.9 MiB)",/data1/Kane/ACT/audit_results/r93_rerun_20260525T083118Z/gpu_stream3_20260526T132419Z/cifar100_2024/per_instance_cifar100_2024_watchdog_iid132_20260526T152531252445Z.json
gpu_full,133,ERROR_WATCHDOG_EXIT_NONZERO,ERROR,ERROR,,23.512,EXIT_NONZERO,True,True,FAILED,4465.0859375,onnx/CIFAR100_resnet_large.onnx,vnnlib/CIFAR100_resnet_large_prop_idx_3681_sidx_4987_eps_0.0039.vnnlib,[],[],[],"watchdog killed instance after 23.5s (status=EXIT_NONZERO, peak_rss=4465.1 MiB)",/data1/Kane/ACT/audit_results/r93_rerun_20260525T083118Z/gpu_stream3_20260526T132419Z/cifar100_2024/per_instance_cifar100_2024_watchdog_iid133_20260526T152554765258Z.json
gpu_full,134,ERROR_WATCHDOG_EXIT_NONZERO,ERROR,ERROR,,24.013,EXIT_NONZERO,True,True,FAILED,4540.8671875,onnx/CIFAR100_resnet_large.onnx,vnnlib/CIFAR100_resnet_large_prop_idx_5410_sidx_2762_eps_0.0039.vnnlib,[],[],[],"watchdog killed instance after 24.0s (status=EXIT_NONZERO, peak_rss=4540.9 MiB)",/data1/Kane/ACT/audit_results/r93_rerun_20260525T083118Z/gpu_stream3_20260526T132419Z/cifar100_2024/per_instance_cifar100_2024_watchdog_iid134_20260526T152618778899Z.json
gpu_full,135,ERROR_WATCHDOG_EXIT_NONZERO,ERROR,ERROR,,23.513,EXIT_NONZERO,True,True,FAILED,4532.75390625,onnx/CIFAR100_resnet_large.onnx,vnnlib/CIFAR100_resnet_large_prop_idx_1280_sidx_5310_eps_0.0039.vnnlib,[],[],[],"watchdog killed instance after 23.5s (status=EXIT_NONZERO, peak_rss=4532.8 MiB)",/data1/Kane/ACT/audit_results/r93_rerun_20260525T083118Z/gpu_stream3_20260526T132419Z/cifar100_2024/per_instance_cifar100_2024_watchdog_iid135_20260526T152642292740Z.json
gpu_full,136,UNKNOWN,UNKNOWN,UNKNOWN,UNKNOWN,19.929,,False,,PASSED,,onnx/CIFAR100_resnet_large.onnx,vnnlib/CIFAR100_resnet_large_prop_idx_7233_sidx_4318_eps_0.0039.vnnlib,"[""UNKNOWN""]","[""UNKNOWN""]",[null],,/data1/Kane/ACT/audit_results/r93_rerun_20260525T083118Z/gpu_stream3_20260526T132419Z/cifar100_2024/per_instance_cifar100_2024_20260526T152704517185Z.json
gpu_full,137,ERROR_WATCHDOG_EXIT_NONZERO,ERROR,ERROR,,22.012,EXIT_NONZERO,True,True,FAILED,4500.91015625,onnx/CIFAR100_resnet_large.onnx,vnnlib/CIFAR100_resnet_large_prop_idx_2724_sidx_6459_eps_0.0039.vnnlib,[],[],[],"watchdog killed instance after 22.0s (status=EXIT_NONZERO, peak_rss=4500.9 MiB)",/data1/Kane/ACT/audit_results/r93_rerun_20260525T083118Z/gpu_stream3_20260526T132419Z/cifar100_2024/per_instance_cifar100_2024_watchdog_iid137_20260526T152727820929Z.json
gpu_full,138,ERROR_WATCHDOG_EXIT_NONZERO,ERROR,ERROR,,23.514,EXIT_NONZERO,True,True,FAILED,4511.953125,onnx/CIFAR100_resnet_large.onnx,vnnlib/CIFAR100_resnet_large_prop_idx_3894_sidx_5803_eps_0.0039.vnnlib,[],[],[],"watchdog killed instance after 23.5s (status=EXIT_NONZERO, peak_rss=4512.0 MiB)",/data1/Kane/ACT/audit_results/r93_rerun_20260525T083118Z/gpu_stream3_20260526T132419Z/cifar100_2024/per_instance_cifar100_2024_watchdog_iid138_20260526T152751335958Z.json
gpu_full,139,UNKNOWN,UNKNOWN,UNKNOWN,UNKNOWN,18.639,,False,,PASSED,,onnx/CIFAR100_resnet_large.onnx,vnnlib/CIFAR100_resnet_large_prop_idx_3858_sidx_134_eps_0.0039.vnnlib,"[""UNKNOWN""]","[""UNKNOWN""]",[null],,/data1/Kane/ACT/audit_results/r93_rerun_20260525T083118Z/gpu_stream3_20260526T132419Z/cifar100_2024/per_instance_cifar100_2024_20260526T152812177711Z.json
gpu_full,14,UNKNOWN,UNKNOWN,UNKNOWN,UNKNOWN,5.488,,False,,PASSED,,onnx/CIFAR100_resnet_medium.onnx,vnnlib/CIFAR100_resnet_medium_prop_idx_6553_sidx_7265_eps_0.0039.vnnlib,"[""UNKNOWN""]","[""UNKNOWN""]",[null],,/data1/Kane/ACT/audit_results/r93_rerun_20260525T083118Z/gpu_stream3_20260526T132419Z/cifar100_2024/per_instance_cifar100_2024_20260526T145515708421Z.json
gpu_full,140,ERROR_WATCHDOG_EXIT_NONZERO,ERROR,ERROR,,22.512,EXIT_NONZERO,True,True,FAILED,4526.203125,onnx/CIFAR100_resnet_large.onnx,vnnlib/CIFAR100_resnet_large_prop_idx_8005_sidx_2582_eps_0.0039.vnnlib,[],[],[],"watchdog killed instance after 22.5s (status=EXIT_NONZERO, peak_rss=4526.2 MiB)",/data1/Kane/ACT/audit_results/r93_rerun_20260525T083118Z/gpu_stream3_20260526T132419Z/cifar100_2024/per_instance_cifar100_2024_watchdog_iid140_20260526T152835863666Z.json
gpu_full,141,ERROR_WATCHDOG_EXIT_NONZERO,ERROR,ERROR,,20.511,EXIT_NONZERO,True,True,FAILED,4483.41796875,onnx/CIFAR100_resnet_large.onnx,vnnlib/CIFAR100_resnet_large_prop_idx_1298_sidx_33_eps_0.0039.vnnlib,[],[],[],"watchdog killed instance after 20.5s (status=EXIT_NONZERO, peak_rss=4483.4 MiB)",/data1/Kane/ACT/audit_results/r93_rerun_20260525T083118Z/gpu_stream3_20260526T132419Z/cifar100_2024/per_instance_cifar100_2024_watchdog_iid141_20260526T152856376067Z.json
gpu_full,142,ERROR_WATCHDOG_EXIT_NONZERO,ERROR,ERROR,,20.011,EXIT_NONZERO,True,True,FAILED,4496.390625,onnx/CIFAR100_resnet_large.onnx,vnnlib/CIFAR100_resnet_large_prop_idx_9935_sidx_75_eps_0.0039.vnnlib,[],[],[],"watchdog killed instance after 20.0s (status=EXIT_NONZERO, peak_rss=4496.4 MiB)",/data1/Kane/ACT/audit_results/r93_rerun_20260525T083118Z/gpu_stream3_20260526T132419Z/cifar100_2024/per_instance_cifar100_2024_watchdog_iid142_20260526T152916388167Z.json
gpu_full,143,ERROR_WATCHDOG_EXIT_NONZERO,ERROR,ERROR,,22.012,EXIT_NONZERO,True,True,FAILED,4567.4921875,onnx/CIFAR100_resnet_large.onnx,vnnlib/CIFAR100_resnet_large_prop_idx_276_sidx_476_eps_0.0039.vnnlib,[],[],[],"watchdog killed instance after 22.0s (status=EXIT_NONZERO, peak_rss=4567.5 MiB)",/data1/Kane/ACT/audit_results/r93_rerun_20260525T083118Z/gpu_stream3_20260526T132419Z/cifar100_2024/per_instance_cifar100_2024_watchdog_iid143_20260526T152938401590Z.json
gpu_full,144,UNKNOWN,UNKNOWN,UNKNOWN,UNKNOWN,21.312,,False,,PASSED,,onnx/CIFAR100_resnet_large.onnx,vnnlib/CIFAR100_resnet_large_prop_idx_1913_sidx_2767_eps_0.0039.vnnlib,"[""UNKNOWN""]","[""UNKNOWN""]",[null],,/data1/Kane/ACT/audit_results/r93_rerun_20260525T083118Z/gpu_stream3_20260526T132419Z/cifar100_2024/per_instance_cifar100_2024_20260526T153001892455Z.json
gpu_full,145,UNKNOWN,UNKNOWN,UNKNOWN,UNKNOWN,19.262,,False,,PASSED,,onnx/CIFAR100_resnet_large.onnx,vnnlib/CIFAR100_resnet_large_prop_idx_1309_sidx_8525_eps_0.0039.vnnlib,"[""UNKNOWN""]","[""UNKNOWN""]",[null],,/data1/Kane/ACT/audit_results/r93_rerun_20260525T083118Z/gpu_stream3_20260526T132419Z/cifar100_2024/per_instance_cifar100_2024_20260526T153024840946Z.json
gpu_full,146,ERROR_WATCHDOG_EXIT_NONZERO,ERROR,ERROR,,22.513,EXIT_NONZERO,True,True,FAILED,4459.99609375,onnx/CIFAR100_resnet_large.onnx,vnnlib/CIFAR100_resnet_large_prop_idx_4862_sidx_9853_eps_0.0039.vnnlib,[],[],[],"watchdog killed instance after 22.5s (status=EXIT_NONZERO, peak_rss=4460.0 MiB)",/data1/Kane/ACT/audit_results/r93_rerun_20260525T083118Z/gpu_stream3_20260526T132419Z/cifar100_2024/per_instance_cifar100_2024_watchdog_iid146_20260526T153048448686Z.json
gpu_full,147,ERROR_WATCHDOG_EXIT_NONZERO,ERROR,ERROR,,22.013,EXIT_NONZERO,True,True,FAILED,4564.7578125,onnx/CIFAR100_resnet_large.onnx,vnnlib/CIFAR100_resnet_large_prop_idx_7554_sidx_8201_eps_0.0039.vnnlib,[],[],[],"watchdog killed instance after 22.0s (status=EXIT_NONZERO, peak_rss=4564.8 MiB)",/data1/Kane/ACT/audit_results/r93_rerun_20260525T083118Z/gpu_stream3_20260526T132419Z/cifar100_2024/per_instance_cifar100_2024_watchdog_iid147_20260526T153110462905Z.json
gpu_full,148,ERROR_WATCHDOG_EXIT_NONZERO,ERROR,ERROR,,22.514,EXIT_NONZERO,True,True,FAILED,4468.7421875,onnx/CIFAR100_resnet_large.onnx,vnnlib/CIFAR100_resnet_large_prop_idx_4571_sidx_3801_eps_0.0039.vnnlib,[],[],[],"watchdog killed instance after 22.5s (status=EXIT_NONZERO, peak_rss=4468.7 MiB)",/data1/Kane/ACT/audit_results/r93_rerun_20260525T083118Z/gpu_stream3_20260526T132419Z/cifar100_2024/per_instance_cifar100_2024_watchdog_iid148_20260526T153132978435Z.json
gpu_full,149,ERROR_WATCHDOG_EXIT_NONZERO,ERROR,ERROR,,21.512,EXIT_NONZERO,True,True,FAILED,4534.89453125,onnx/CIFAR100_resnet_large.onnx,vnnlib/CIFAR100_resnet_large_prop_idx_5769_sidx_1524_eps_0.0039.vnnlib,[],[],[],"watchdog killed instance after 21.5s (status=EXIT_NONZERO, peak_rss=4534.9 MiB)",/data1/Kane/ACT/audit_results/r93_rerun_20260525T083118Z/gpu_stream3_20260526T132419Z/cifar100_2024/per_instance_cifar100_2024_watchdog_iid149_20260526T153154491917Z.json
gpu_full,15,UNKNOWN,UNKNOWN,UNKNOWN,UNKNOWN,5.969,,False,,PASSED,,onnx/CIFAR100_resnet_medium.onnx,vnnlib/CIFAR100_resnet_medium_prop_idx_8600_sidx_2721_eps_0.0039.vnnlib,"[""UNKNOWN""]","[""UNKNOWN""]",[null],,/data1/Kane/ACT/audit_results/r93_rerun_20260525T083118Z/gpu_stream3_20260526T132419Z/cifar100_2024/per_instance_cifar100_2024_20260526T145526124715Z.json
gpu_full,150,ERROR_WATCHDOG_EXIT_NONZERO,ERROR,ERROR,,22.013,EXIT_NONZERO,True,True,FAILED,4498.453125,onnx/CIFAR100_resnet_large.onnx,vnnlib/CIFAR100_resnet_large_prop_idx_8748_sidx_4804_eps_0.0039.vnnlib,[],[],[],"watchdog killed instance after 22.0s (status=EXIT_NONZERO, peak_rss=4498.5 MiB)",/data1/Kane/ACT/audit_results/r93_rerun_20260525T083118Z/gpu_stream3_20260526T132419Z/cifar100_2024/per_instance_cifar100_2024_watchdog_iid150_20260526T153216507518Z.json
gpu_full,151,ERROR_WATCHDOG_EXIT_NONZERO,ERROR,ERROR,,21.512,EXIT_NONZERO,True,True,FAILED,4529.765625,onnx/CIFAR100_resnet_large.onnx,vnnlib/CIFAR100_resnet_large_prop_idx_3950_sidx_4217_eps_0.0039.vnnlib,[],[],[],"watchdog killed instance after 21.5s (status=EXIT_NONZERO, peak_rss=4529.8 MiB)",/data1/Kane/ACT/audit_results/r93_rerun_20260525T083118Z/gpu_stream3_20260526T132419Z/cifar100_2024/per_instance_cifar100_2024_watchdog_iid151_20260526T153238021580Z.json
gpu_full,152,ERROR_WATCHDOG_EXIT_NONZERO,ERROR,ERROR,,21.512,EXIT_NONZERO,True,True,FAILED,4562.09375,onnx/CIFAR100_resnet_large.onnx,vnnlib/CIFAR100_resnet_large_prop_idx_7886_sidx_7064_eps_0.0039.vnnlib,[],[],[],"watchdog killed instance after 21.5s (status=EXIT_NONZERO, peak_rss=4562.1 MiB)",/data1/Kane/ACT/audit_results/r93_rerun_20260525T083118Z/gpu_stream3_20260526T132419Z/cifar100_2024/per_instance_cifar100_2024_watchdog_iid152_20260526T153259536196Z.json
gpu_full,153,UNKNOWN,UNKNOWN,UNKNOWN,UNKNOWN,18.144,,False,,PASSED,,onnx/CIFAR100_resnet_large.onnx,vnnlib/CIFAR100_resnet_large_prop_idx_4652_sidx_1371_eps_0.0039.vnnlib,"[""UNKNOWN""]","[""UNKNOWN""]",[null],,/data1/Kane/ACT/audit_results/r93_rerun_20260525T083118Z/gpu_stream3_20260526T132419Z/cifar100_2024/per_instance_cifar100_2024_20260526T153319908625Z.json
gpu_full,154,UNKNOWN,UNKNOWN,UNKNOWN,UNKNOWN,18.002,,False,,PASSED,,onnx/CIFAR100_resnet_large.onnx,vnnlib/CIFAR100_resnet_large_prop_idx_1938_sidx_6556_eps_0.0039.vnnlib,"[""UNKNOWN""]","[""UNKNOWN""]",[null],,/data1/Kane/ACT/audit_results/r93_rerun_20260525T083118Z/gpu_stream3_20260526T132419Z/cifar100_2024/per_instance_cifar100_2024_20260526T153341279760Z.json
gpu_full,155,ERROR_WATCHDOG_EXIT_NONZERO,ERROR,ERROR,,21.512,EXIT_NONZERO,True,True,FAILED,4489.4765625,onnx/CIFAR100_resnet_large.onnx,vnnlib/CIFAR100_resnet_large_prop_idx_8332_sidx_4482_eps_0.0039.vnnlib,[],[],[],"watchdog killed instance after 21.5s (status=EXIT_NONZERO, peak_rss=4489.5 MiB)",/data1/Kane/ACT/audit_results/r93_rerun_20260525T083118Z/gpu_stream3_20260526T132419Z/cifar100_2024/per_instance_cifar100_2024_watchdog_iid155_20260526T153404079883Z.json
gpu_full,156,ERROR_WATCHDOG_EXIT_NONZERO,ERROR,ERROR,,20.512,EXIT_NONZERO,True,True,FAILED,4464.90625,onnx/CIFAR100_resnet_large.onnx,vnnlib/CIFAR100_resnet_large_prop_idx_2302_sidx_3657_eps_0.0039.vnnlib,[],[],[],"watchdog killed instance after 20.5s (status=EXIT_NONZERO, peak_rss=4464.9 MiB)",/data1/Kane/ACT/audit_results/r93_rerun_20260525T083118Z/gpu_stream3_20260526T132419Z/cifar100_2024/per_instance_cifar100_2024_watchdog_iid156_20260526T153424594166Z.json
gpu_full,157,ERROR_WATCHDOG_EXIT_NONZERO,ERROR,ERROR,,21.012,EXIT_NONZERO,True,True,FAILED,4494.515625,onnx/CIFAR100_resnet_large.onnx,vnnlib/CIFAR100_resnet_large_prop_idx_7104_sidx_9469_eps_0.0039.vnnlib,[],[],[],"watchdog killed instance after 21.0s (status=EXIT_NONZERO, peak_rss=4494.5 MiB)",/data1/Kane/ACT/audit_results/r93_rerun_20260525T083118Z/gpu_stream3_20260526T132419Z/cifar100_2024/per_instance_cifar100_2024_watchdog_iid157_20260526T153445608868Z.json
gpu_full,158,UNKNOWN,UNKNOWN,UNKNOWN,UNKNOWN,18.344,,False,,PASSED,,onnx/CIFAR100_resnet_large.onnx,vnnlib/CIFAR100_resnet_large_prop_idx_2783_sidx_8903_eps_0.0039.vnnlib,"[""UNKNOWN""]","[""UNKNOWN""]",[null],,/data1/Kane/ACT/audit_results/r93_rerun_20260525T083118Z/gpu_stream3_20260526T132419Z/cifar100_2024/per_instance_cifar100_2024_20260526T153506158607Z.json
gpu_full,159,ERROR_WATCHDOG_EXIT_NONZERO,ERROR,ERROR,,20.011,EXIT_NONZERO,True,True,FAILED,4512.7734375,onnx/CIFAR100_resnet_large.onnx,vnnlib/CIFAR100_resnet_large_prop_idx_6491_sidx_3620_eps_0.0039.vnnlib,[],[],[],"watchdog killed instance after 20.0s (status=EXIT_NONZERO, peak_rss=4512.8 MiB)",/data1/Kane/ACT/audit_results/r93_rerun_20260525T083118Z/gpu_stream3_20260526T132419Z/cifar100_2024/per_instance_cifar100_2024_watchdog_iid159_20260526T153527136103Z.json
gpu_full,16,UNKNOWN,UNKNOWN,UNKNOWN,UNKNOWN,5.833,,False,,PASSED,,onnx/CIFAR100_resnet_medium.onnx,vnnlib/CIFAR100_resnet_medium_prop_idx_7258_sidx_3539_eps_0.0039.vnnlib,"[""UNKNOWN""]","[""UNKNOWN""]",[null],,/data1/Kane/ACT/audit_results/r93_rerun_20260525T083118Z/gpu_stream3_20260526T132419Z/cifar100_2024/per_instance_cifar100_2024_20260526T145536524759Z.json
gpu_full,160,UNKNOWN,UNKNOWN,UNKNOWN,UNKNOWN,17.659,,False,,PASSED,,onnx/CIFAR100_resnet_large.onnx,vnnlib/CIFAR100_resnet_large_prop_idx_5162_sidx_8126_eps_0.0039.vnnlib,"[""UNKNOWN""]","[""UNKNOWN""]",[null],,/data1/Kane/ACT/audit_results/r93_rerun_20260525T083118Z/gpu_stream3_20260526T132419Z/cifar100_2024/per_instance_cifar100_2024_20260526T153546992339Z.json
gpu_full,161,ERROR_WATCHDOG_EXIT_NONZERO,ERROR,ERROR,,21.511,EXIT_NONZERO,True,True,FAILED,4460.48046875,onnx/CIFAR100_resnet_large.onnx,vnnlib/CIFAR100_resnet_large_prop_idx_8502_sidx_2893_eps_0.0039.vnnlib,[],[],[],"watchdog killed instance after 21.5s (status=EXIT_NONZERO, peak_rss=4460.5 MiB)",/data1/Kane/ACT/audit_results/r93_rerun_20260525T083118Z/gpu_stream3_20260526T132419Z/cifar100_2024/per_instance_cifar100_2024_watchdog_iid161_20260526T153609661699Z.json
gpu_full,162,ERROR_WATCHDOG_EXIT_NONZERO,ERROR,ERROR,,21.511,EXIT_NONZERO,True,True,FAILED,4461.37890625,onnx/CIFAR100_resnet_large.onnx,vnnlib/CIFAR100_resnet_large_prop_idx_3143_sidx_9413_eps_0.0039.vnnlib,[],[],[],"watchdog killed instance after 21.5s (status=EXIT_NONZERO, peak_rss=4461.4 MiB)",/data1/Kane/ACT/audit_results/r93_rerun_20260525T083118Z/gpu_stream3_20260526T132419Z/cifar100_2024/per_instance_cifar100_2024_watchdog_iid162_20260526T153631173613Z.json
gpu_full,163,ERROR_WATCHDOG_EXIT_NONZERO,ERROR,ERROR,,21.512,EXIT_NONZERO,True,True,FAILED,4463.0703125,onnx/CIFAR100_resnet_large.onnx,vnnlib/CIFAR100_resnet_large_prop_idx_656_sidx_2209_eps_0.0039.vnnlib,[],[],[],"watchdog killed instance after 21.5s (status=EXIT_NONZERO, peak_rss=4463.1 MiB)",/data1/Kane/ACT/audit_results/r93_rerun_20260525T083118Z/gpu_stream3_20260526T132419Z/cifar100_2024/per_instance_cifar100_2024_watchdog_iid163_20260526T153652686613Z.json
gpu_full,164,ERROR_WATCHDOG_EXIT_NONZERO,ERROR,ERROR,,21.512,EXIT_NONZERO,True,True,FAILED,4458.94140625,onnx/CIFAR100_resnet_large.onnx,vnnlib/CIFAR100_resnet_large_prop_idx_4322_sidx_9995_eps_0.0039.vnnlib,[],[],[],"watchdog killed instance after 21.5s (status=EXIT_NONZERO, peak_rss=4458.9 MiB)",/data1/Kane/ACT/audit_results/r93_rerun_20260525T083118Z/gpu_stream3_20260526T132419Z/cifar100_2024/per_instance_cifar100_2024_watchdog_iid164_20260526T153714199548Z.json
gpu_full,165,ERROR_WATCHDOG_EXIT_NONZERO,ERROR,ERROR,,21.513,EXIT_NONZERO,True,True,FAILED,4565.53515625,onnx/CIFAR100_resnet_large.onnx,vnnlib/CIFAR100_resnet_large_prop_idx_5804_sidx_1885_eps_0.0039.vnnlib,[],[],[],"watchdog killed instance after 21.5s (status=EXIT_NONZERO, peak_rss=4565.5 MiB)",/data1/Kane/ACT/audit_results/r93_rerun_20260525T083118Z/gpu_stream3_20260526T132419Z/cifar100_2024/per_instance_cifar100_2024_watchdog_iid165_20260526T153735714310Z.json
gpu_full,166,UNKNOWN,UNKNOWN,UNKNOWN,UNKNOWN,18.902,,False,,PASSED,,onnx/CIFAR100_resnet_large.onnx,vnnlib/CIFAR100_resnet_large_prop_idx_2630_sidx_1753_eps_0.0039.vnnlib,"[""UNKNOWN""]","[""UNKNOWN""]",[null],,/data1/Kane/ACT/audit_results/r93_rerun_20260525T083118Z/gpu_stream3_20260526T132419Z/cifar100_2024/per_instance_cifar100_2024_20260526T153756850208Z.json
gpu_full,167,ERROR_WATCHDOG_EXIT_NONZERO,ERROR,ERROR,,22.515,EXIT_NONZERO,True,True,FAILED,4567.79296875,onnx/CIFAR100_resnet_large.onnx,vnnlib/CIFAR100_resnet_large_prop_idx_2461_sidx_2912_eps_0.0039.vnnlib,[],[],[],"watchdog killed instance after 22.5s (status=EXIT_NONZERO, peak_rss=4567.8 MiB)",/data1/Kane/ACT/audit_results/r93_rerun_20260525T083118Z/gpu_stream3_20260526T132419Z/cifar100_2024/per_instance_cifar100_2024_watchdog_iid167_20260526T153820745295Z.json
gpu_full,168,UNKNOWN,UNKNOWN,UNKNOWN,UNKNOWN,18.831,,False,,PASSED,,onnx/CIFAR100_resnet_large.onnx,vnnlib/CIFAR100_resnet_large_prop_idx_4486_sidx_8828_eps_0.0039.vnnlib,"[""UNKNOWN""]","[""UNKNOWN""]",[null],,/data1/Kane/ACT/audit_results/r93_rerun_20260525T083118Z/gpu_stream3_20260526T132419Z/cifar100_2024/per_instance_cifar100_2024_20260526T153841795300Z.json
gpu_full,169,ERROR_WATCHDOG_EXIT_NONZERO,ERROR,ERROR,,23.513,EXIT_NONZERO,True,True,FAILED,4567.28125,onnx/CIFAR100_resnet_large.onnx,vnnlib/CIFAR100_resnet_large_prop_idx_5810_sidx_7106_eps_0.0039.vnnlib,[],[],[],"watchdog killed instance after 23.5s (status=EXIT_NONZERO, peak_rss=4567.3 MiB)",/data1/Kane/ACT/audit_results/r93_rerun_20260525T083118Z/gpu_stream3_20260526T132419Z/cifar100_2024/per_instance_cifar100_2024_watchdog_iid169_20260526T153906774124Z.json
gpu_full,17,UNKNOWN,UNKNOWN,UNKNOWN,UNKNOWN,4.914,,False,,PASSED,,onnx/CIFAR100_resnet_medium.onnx,vnnlib/CIFAR100_resnet_medium_prop_idx_6659_sidx_4583_eps_0.0039.vnnlib,"[""UNKNOWN""]","[""UNKNOWN""]",[null],,/data1/Kane/ACT/audit_results/r93_rerun_20260525T083118Z/gpu_stream3_20260526T132419Z/cifar100_2024/per_instance_cifar100_2024_20260526T145545422564Z.json
gpu_full,170,ERROR_WATCHDOG_EXIT_NONZERO,ERROR,ERROR,,22.011,EXIT_NONZERO,True,True,FAILED,4503.3203125,onnx/CIFAR100_resnet_large.onnx,vnnlib/CIFAR100_resnet_large_prop_idx_6343_sidx_1886_eps_0.0039.vnnlib,[],[],[],"watchdog killed instance after 22.0s (status=EXIT_NONZERO, peak_rss=4503.3 MiB)",/data1/Kane/ACT/audit_results/r93_rerun_20260525T083118Z/gpu_stream3_20260526T132419Z/cifar100_2024/per_instance_cifar100_2024_watchdog_iid170_20260526T153928786913Z.json
gpu_full,171,ERROR_WATCHDOG_EXIT_NONZERO,ERROR,ERROR,,22.014,EXIT_NONZERO,True,True,FAILED,4566.46484375,onnx/CIFAR100_resnet_large.onnx,vnnlib/CIFAR100_resnet_large_prop_idx_9640_sidx_7273_eps_0.0039.vnnlib,[],[],[],"watchdog killed instance after 22.0s (status=EXIT_NONZERO, peak_rss=4566.5 MiB)",/data1/Kane/ACT/audit_results/r93_rerun_20260525T083118Z/gpu_stream3_20260526T132419Z/cifar100_2024/per_instance_cifar100_2024_watchdog_iid171_20260526T153950803229Z.json
gpu_full,172,ERROR_WATCHDOG_EXIT_NONZERO,ERROR,ERROR,,21.513,EXIT_NONZERO,True,True,FAILED,4518.6328125,onnx/CIFAR100_resnet_large.onnx,vnnlib/CIFAR100_resnet_large_prop_idx_5522_sidx_5863_eps_0.0039.vnnlib,[],[],[],"watchdog killed instance after 21.5s (status=EXIT_NONZERO, peak_rss=4518.6 MiB)",/data1/Kane/ACT/audit_results/r93_rerun_20260525T083118Z/gpu_stream3_20260526T132419Z/cifar100_2024/per_instance_cifar100_2024_watchdog_iid172_20260526T154012318042Z.json
gpu_full,173,UNKNOWN,UNKNOWN,UNKNOWN,UNKNOWN,19.228,,False,,PASSED,,onnx/CIFAR100_resnet_large.onnx,vnnlib/CIFAR100_resnet_large_prop_idx_9460_sidx_4347_eps_0.0039.vnnlib,"[""UNKNOWN""]","[""UNKNOWN""]",[null],,/data1/Kane/ACT/audit_results/r93_rerun_20260525T083118Z/gpu_stream3_20260526T132419Z/cifar100_2024/per_instance_cifar100_2024_20260526T154033785491Z.json
gpu_full,174,ERROR_WATCHDOG_EXIT_NONZERO,ERROR,ERROR,,20.511,EXIT_NONZERO,True,True,FAILED,4545.18359375,onnx/CIFAR100_resnet_large.onnx,vnnlib/CIFAR100_resnet_large_prop_idx_8865_sidx_700_eps_0.0039.vnnlib,[],[],[],"watchdog killed instance after 20.5s (status=EXIT_NONZERO, peak_rss=4545.2 MiB)",/data1/Kane/ACT/audit_results/r93_rerun_20260525T083118Z/gpu_stream3_20260526T132419Z/cifar100_2024/per_instance_cifar100_2024_watchdog_iid174_20260526T154055345582Z.json
gpu_full,175,ERROR_WATCHDOG_EXIT_NONZERO,ERROR,ERROR,,22.514,EXIT_NONZERO,True,True,FAILED,4555.87890625,onnx/CIFAR100_resnet_large.onnx,vnnlib/CIFAR100_resnet_large_prop_idx_8395_sidx_8915_eps_0.0039.vnnlib,[],[],[],"watchdog killed instance after 22.5s (status=EXIT_NONZERO, peak_rss=4555.9 MiB)",/data1/Kane/ACT/audit_results/r93_rerun_20260525T083118Z/gpu_stream3_20260526T132419Z/cifar100_2024/per_instance_cifar100_2024_watchdog_iid175_20260526T154117861183Z.json
gpu_full,176,ERROR_WATCHDOG_EXIT_NONZERO,ERROR,ERROR,,21.513,EXIT_NONZERO,True,True,FAILED,4533.3671875,onnx/CIFAR100_resnet_large.onnx,vnnlib/CIFAR100_resnet_large_prop_idx_9883_sidx_7162_eps_0.0039.vnnlib,[],[],[],"watchdog killed instance after 21.5s (status=EXIT_NONZERO, peak_rss=4533.4 MiB)",/data1/Kane/ACT/audit_results/r93_rerun_20260525T083118Z/gpu_stream3_20260526T132419Z/cifar100_2024/per_instance_cifar100_2024_watchdog_iid176_20260526T154139375906Z.json
gpu_full,177,ERROR_WATCHDOG_EXIT_NONZERO,ERROR,ERROR,,22.013,EXIT_NONZERO,True,True,FAILED,4491.4609375,onnx/CIFAR100_resnet_large.onnx,vnnlib/CIFAR100_resnet_large_prop_idx_3573_sidx_2903_eps_0.0039.vnnlib,[],[],[],"watchdog killed instance after 22.0s (status=EXIT_NONZERO, peak_rss=4491.5 MiB)",/data1/Kane/ACT/audit_results/r93_rerun_20260525T083118Z/gpu_stream3_20260526T132419Z/cifar100_2024/per_instance_cifar100_2024_watchdog_iid177_20260526T154201390454Z.json
gpu_full,178,ERROR_WATCHDOG_EXIT_NONZERO,ERROR,ERROR,,22.512,EXIT_NONZERO,True,True,FAILED,4476.859375,onnx/CIFAR100_resnet_large.onnx,vnnlib/CIFAR100_resnet_large_prop_idx_6418_sidx_7923_eps_0.0039.vnnlib,[],[],[],"watchdog killed instance after 22.5s (status=EXIT_NONZERO, peak_rss=4476.9 MiB)",/data1/Kane/ACT/audit_results/r93_rerun_20260525T083118Z/gpu_stream3_20260526T132419Z/cifar100_2024/per_instance_cifar100_2024_watchdog_iid178_20260526T154223904401Z.json
gpu_full,179,ERROR_WATCHDOG_EXIT_NONZERO,ERROR,ERROR,,24.516,EXIT_NONZERO,True,True,FAILED,4519.49609375,onnx/CIFAR100_resnet_large.onnx,vnnlib/CIFAR100_resnet_large_prop_idx_2668_sidx_2652_eps_0.0039.vnnlib,[],[],[],"watchdog killed instance after 24.5s (status=EXIT_NONZERO, peak_rss=4519.5 MiB)",/data1/Kane/ACT/audit_results/r93_rerun_20260525T083118Z/gpu_stream3_20260526T132419Z/cifar100_2024/per_instance_cifar100_2024_watchdog_iid179_20260526T154248422014Z.json
gpu_full,18,UNKNOWN,UNKNOWN,UNKNOWN,UNKNOWN,6.094,,False,,PASSED,,onnx/CIFAR100_resnet_medium.onnx,vnnlib/CIFAR100_resnet_medium_prop_idx_885_sidx_7654_eps_0.0039.vnnlib,"[""UNKNOWN""]","[""UNKNOWN""]",[null],,/data1/Kane/ACT/audit_results/r93_rerun_20260525T083118Z/gpu_stream3_20260526T132419Z/cifar100_2024/per_instance_cifar100_2024_20260526T145555520251Z.json
gpu_full,180,UNKNOWN,UNKNOWN,UNKNOWN,UNKNOWN,20.138,,False,,PASSED,,onnx/CIFAR100_resnet_large.onnx,vnnlib/CIFAR100_resnet_large_prop_idx_1216_sidx_6431_eps_0.0039.vnnlib,"[""UNKNOWN""]","[""UNKNOWN""]",[null],,/data1/Kane/ACT/audit_results/r93_rerun_20260525T083118Z/gpu_stream3_20260526T132419Z/cifar100_2024/per_instance_cifar100_2024_20260526T154310894840Z.json
gpu_full,181,ERROR_WATCHDOG_EXIT_NONZERO,ERROR,ERROR,,22.514,EXIT_NONZERO,True,True,FAILED,4553.75390625,onnx/CIFAR100_resnet_large.onnx,vnnlib/CIFAR100_resnet_large_prop_idx_6583_sidx_8860_eps_0.0039.vnnlib,[],[],[],"watchdog killed instance after 22.5s (status=EXIT_NONZERO, peak_rss=4553.8 MiB)",/data1/Kane/ACT/audit_results/r93_rerun_20260525T083118Z/gpu_stream3_20260526T132419Z/cifar100_2024/per_instance_cifar100_2024_watchdog_iid181_20260526T154334954216Z.json
gpu_full,182,UNKNOWN,UNKNOWN,UNKNOWN,UNKNOWN,20.329,,False,,PASSED,,onnx/CIFAR100_resnet_large.onnx,vnnlib/CIFAR100_resnet_large_prop_idx_5546_sidx_4338_eps_0.0039.vnnlib,"[""UNKNOWN""]","[""UNKNOWN""]",[null],,/data1/Kane/ACT/audit_results/r93_rerun_20260525T083118Z/gpu_stream3_20260526T132419Z/cifar100_2024/per_instance_cifar100_2024_20260526T154357626003Z.json
gpu_full,183,UNKNOWN,UNKNOWN,UNKNOWN,UNKNOWN,18.967,,False,,PASSED,,onnx/CIFAR100_resnet_large.onnx,vnnlib/CIFAR100_resnet_large_prop_idx_9845_sidx_200_eps_0.0039.vnnlib,"[""UNKNOWN""]","[""UNKNOWN""]",[null],,/data1/Kane/ACT/audit_results/r93_rerun_20260525T083118Z/gpu_stream3_20260526T132419Z/cifar100_2024/per_instance_cifar100_2024_20260526T154420281777Z.json
gpu_full,184,ERROR_WATCHDOG_EXIT_NONZERO,ERROR,ERROR,,22.514,EXIT_NONZERO,True,True,FAILED,4500.921875,onnx/CIFAR100_resnet_large.onnx,vnnlib/CIFAR100_resnet_large_prop_idx_8012_sidx_5910_eps_0.0039.vnnlib,[],[],[],"watchdog killed instance after 22.5s (status=EXIT_NONZERO, peak_rss=4500.9 MiB)",/data1/Kane/ACT/audit_results/r93_rerun_20260525T083118Z/gpu_stream3_20260526T132419Z/cifar100_2024/per_instance_cifar100_2024_watchdog_iid184_20260526T154444002418Z.json
gpu_full,185,ERROR_WATCHDOG_EXIT_NONZERO,ERROR,ERROR,,23.014,EXIT_NONZERO,True,True,FAILED,4593.8515625,onnx/CIFAR100_resnet_large.onnx,vnnlib/CIFAR100_resnet_large_prop_idx_7884_sidx_6926_eps_0.0039.vnnlib,[],[],[],"watchdog killed instance after 23.0s (status=EXIT_NONZERO, peak_rss=4593.9 MiB)",/data1/Kane/ACT/audit_results/r93_rerun_20260525T083118Z/gpu_stream3_20260526T132419Z/cifar100_2024/per_instance_cifar100_2024_watchdog_iid185_20260526T154507017808Z.json
gpu_full,186,ERROR_WATCHDOG_EXIT_NONZERO,ERROR,ERROR,,22.514,EXIT_NONZERO,True,True,FAILED,4566.8125,onnx/CIFAR100_resnet_large.onnx,vnnlib/CIFAR100_resnet_large_prop_idx_8381_sidx_4474_eps_0.0039.vnnlib,[],[],[],"watchdog killed instance after 22.5s (status=EXIT_NONZERO, peak_rss=4566.8 MiB)",/data1/Kane/ACT/audit_results/r93_rerun_20260525T083118Z/gpu_stream3_20260526T132419Z/cifar100_2024/per_instance_cifar100_2024_watchdog_iid186_20260526T154529534030Z.json
gpu_full,187,ERROR_WATCHDOG_EXIT_NONZERO,ERROR,ERROR,,23.515,EXIT_NONZERO,True,True,FAILED,4521.4765625,onnx/CIFAR100_resnet_large.onnx,vnnlib/CIFAR100_resnet_large_prop_idx_483_sidx_7371_eps_0.0039.vnnlib,[],[],[],"watchdog killed instance after 23.5s (status=EXIT_NONZERO, peak_rss=4521.5 MiB)",/data1/Kane/ACT/audit_results/r93_rerun_20260525T083118Z/gpu_stream3_20260526T132419Z/cifar100_2024/per_instance_cifar100_2024_watchdog_iid187_20260526T154553051465Z.json
gpu_full,188,ERROR_WATCHDOG_EXIT_NONZERO,ERROR,ERROR,,24.014,EXIT_NONZERO,True,True,FAILED,4566.44921875,onnx/CIFAR100_resnet_large.onnx,vnnlib/CIFAR100_resnet_large_prop_idx_7640_sidx_9025_eps_0.0039.vnnlib,[],[],[],"watchdog killed instance after 24.0s (status=EXIT_NONZERO, peak_rss=4566.4 MiB)",/data1/Kane/ACT/audit_results/r93_rerun_20260525T083118Z/gpu_stream3_20260526T132419Z/cifar100_2024/per_instance_cifar100_2024_watchdog_iid188_20260526T154617068007Z.json
gpu_full,189,ERROR_WATCHDOG_EXIT_NONZERO,ERROR,ERROR,,24.015,EXIT_NONZERO,True,True,FAILED,4467.01953125,onnx/CIFAR100_resnet_large.onnx,vnnlib/CIFAR100_resnet_large_prop_idx_5230_sidx_242_eps_0.0039.vnnlib,[],[],[],"watchdog killed instance after 24.0s (status=EXIT_NONZERO, peak_rss=4467.0 MiB)",/data1/Kane/ACT/audit_results/r93_rerun_20260525T083118Z/gpu_stream3_20260526T132419Z/cifar100_2024/per_instance_cifar100_2024_watchdog_iid189_20260526T154641084534Z.json
gpu_full,19,UNKNOWN,UNKNOWN,UNKNOWN,UNKNOWN,5.18,,False,,PASSED,,onnx/CIFAR100_resnet_medium.onnx,vnnlib/CIFAR100_resnet_medium_prop_idx_3006_sidx_928_eps_0.0039.vnnlib,"[""UNKNOWN""]","[""UNKNOWN""]",[null],,/data1/Kane/ACT/audit_results/r93_rerun_20260525T083118Z/gpu_stream3_20260526T132419Z/cifar100_2024/per_instance_cifar100_2024_20260526T145604622252Z.json
gpu_full,190,ERROR_WATCHDOG_EXIT_NONZERO,ERROR,ERROR,,22.514,EXIT_NONZERO,True,True,FAILED,4495.015625,onnx/CIFAR100_resnet_large.onnx,vnnlib/CIFAR100_resnet_large_prop_idx_9476_sidx_5602_eps_0.0039.vnnlib,[],[],[],"watchdog killed instance after 22.5s (status=EXIT_NONZERO, peak_rss=4495.0 MiB)",/data1/Kane/ACT/audit_results/r93_rerun_20260525T083118Z/gpu_stream3_20260526T132419Z/cifar100_2024/per_instance_cifar100_2024_watchdog_iid190_20260526T154703600412Z.json
gpu_full,191,ERROR_WATCHDOG_EXIT_NONZERO,ERROR,ERROR,,22.516,EXIT_NONZERO,True,True,FAILED,4506.93359375,onnx/CIFAR100_resnet_large.onnx,vnnlib/CIFAR100_resnet_large_prop_idx_7866_sidx_7980_eps_0.0039.vnnlib,[],[],[],"watchdog killed instance after 22.5s (status=EXIT_NONZERO, peak_rss=4506.9 MiB)",/data1/Kane/ACT/audit_results/r93_rerun_20260525T083118Z/gpu_stream3_20260526T132419Z/cifar100_2024/per_instance_cifar100_2024_watchdog_iid191_20260526T154726118712Z.json
gpu_full,192,ERROR_WATCHDOG_EXIT_NONZERO,ERROR,ERROR,,22.514,EXIT_NONZERO,True,True,FAILED,4490.70703125,onnx/CIFAR100_resnet_large.onnx,vnnlib/CIFAR100_resnet_large_prop_idx_7436_sidx_5742_eps_0.0039.vnnlib,[],[],[],"watchdog killed instance after 22.5s (status=EXIT_NONZERO, peak_rss=4490.7 MiB)",/data1/Kane/ACT/audit_results/r93_rerun_20260525T083118Z/gpu_stream3_20260526T132419Z/cifar100_2024/per_instance_cifar100_2024_watchdog_iid192_20260526T154748634403Z.json
gpu_full,193,ERROR_WATCHDOG_EXIT_NONZERO,ERROR,ERROR,,23.515,EXIT_NONZERO,True,True,FAILED,4465.3359375,onnx/CIFAR100_resnet_large.onnx,vnnlib/CIFAR100_resnet_large_prop_idx_2624_sidx_917_eps_0.0039.vnnlib,[],[],[],"watchdog killed instance after 23.5s (status=EXIT_NONZERO, peak_rss=4465.3 MiB)",/data1/Kane/ACT/audit_results/r93_rerun_20260525T083118Z/gpu_stream3_20260526T132419Z/cifar100_2024/per_instance_cifar100_2024_watchdog_iid193_20260526T154812152563Z.json
gpu_full,194,UNKNOWN,UNKNOWN,UNKNOWN,UNKNOWN,18.717,,False,,PASSED,,onnx/CIFAR100_resnet_large.onnx,vnnlib/CIFAR100_resnet_large_prop_idx_1241_sidx_5679_eps_0.0039.vnnlib,"[""UNKNOWN""]","[""UNKNOWN""]",[null],,/data1/Kane/ACT/audit_results/r93_rerun_20260525T083118Z/gpu_stream3_20260526T132419Z/cifar100_2024/per_instance_cifar100_2024_20260526T154833236237Z.json
gpu_full,195,ERROR_WATCHDOG_EXIT_NONZERO,ERROR,ERROR,,22.516,EXIT_NONZERO,True,True,FAILED,4536.46875,onnx/CIFAR100_resnet_large.onnx,vnnlib/CIFAR100_resnet_large_prop_idx_3812_sidx_8477_eps_0.0039.vnnlib,[],[],[],"watchdog killed instance after 22.5s (status=EXIT_NONZERO, peak_rss=4536.5 MiB)",/data1/Kane/ACT/audit_results/r93_rerun_20260525T083118Z/gpu_stream3_20260526T132419Z/cifar100_2024/per_instance_cifar100_2024_watchdog_iid195_20260526T154857187725Z.json
gpu_full,196,UNKNOWN,UNKNOWN,UNKNOWN,UNKNOWN,21.63,,False,,PASSED,,onnx/CIFAR100_resnet_large.onnx,vnnlib/CIFAR100_resnet_large_prop_idx_9372_sidx_3515_eps_0.0039.vnnlib,"[""UNKNOWN""]","[""UNKNOWN""]",[null],,/data1/Kane/ACT/audit_results/r93_rerun_20260525T083118Z/gpu_stream3_20260526T132419Z/cifar100_2024/per_instance_cifar100_2024_20260526T154921188413Z.json
gpu_full,197,ERROR_WATCHDOG_EXIT_NONZERO,ERROR,ERROR,,22.513,EXIT_NONZERO,True,True,FAILED,4581.0390625,onnx/CIFAR100_resnet_large.onnx,vnnlib/CIFAR100_resnet_large_prop_idx_1590_sidx_2858_eps_0.0039.vnnlib,[],[],[],"watchdog killed instance after 22.5s (status=EXIT_NONZERO, peak_rss=4581.0 MiB)",/data1/Kane/ACT/audit_results/r93_rerun_20260525T083118Z/gpu_stream3_20260526T132419Z/cifar100_2024/per_instance_cifar100_2024_watchdog_iid197_20260526T154945219615Z.json
gpu_full,198,ERROR_WATCHDOG_EXIT_NONZERO,ERROR,ERROR,,21.512,EXIT_NONZERO,True,True,FAILED,4443.59375,onnx/CIFAR100_resnet_large.onnx,vnnlib/CIFAR100_resnet_large_prop_idx_6337_sidx_2381_eps_0.0039.vnnlib,[],[],[],"watchdog killed instance after 21.5s (status=EXIT_NONZERO, peak_rss=4443.6 MiB)",/data1/Kane/ACT/audit_results/r93_rerun_20260525T083118Z/gpu_stream3_20260526T132419Z/cifar100_2024/per_instance_cifar100_2024_watchdog_iid198_20260526T155006732849Z.json
gpu_full,199,UNKNOWN,UNKNOWN,UNKNOWN,UNKNOWN,20.159,,False,,PASSED,,onnx/CIFAR100_resnet_large.onnx,vnnlib/CIFAR100_resnet_large_prop_idx_6757_sidx_2400_eps_0.0039.vnnlib,"[""UNKNOWN""]","[""UNKNOWN""]",[null],,/data1/Kane/ACT/audit_results/r93_rerun_20260525T083118Z/gpu_stream3_20260526T132419Z/cifar100_2024/per_instance_cifar100_2024_20260526T155029290359Z.json
gpu_full,2,UNKNOWN,UNKNOWN,UNKNOWN,UNKNOWN,5.249,,False,,PASSED,,onnx/CIFAR100_resnet_medium.onnx,vnnlib/CIFAR100_resnet_medium_prop_idx_6232_sidx_3020_eps_0.0039.vnnlib,"[""UNKNOWN""]","[""UNKNOWN""]",[null],,/data1/Kane/ACT/audit_results/r93_rerun_20260525T083118Z/gpu_stream3_20260526T132419Z/cifar100_2024/per_instance_cifar100_2024_20260526T145323311515Z.json
gpu_full,20,UNKNOWN,UNKNOWN,UNKNOWN,UNKNOWN,5.717,,False,,PASSED,,onnx/CIFAR100_resnet_medium.onnx,vnnlib/CIFAR100_resnet_medium_prop_idx_1588_sidx_6654_eps_0.0039.vnnlib,"[""UNKNOWN""]","[""UNKNOWN""]",[null],,/data1/Kane/ACT/audit_results/r93_rerun_20260525T083118Z/gpu_stream3_20260526T132419Z/cifar100_2024/per_instance_cifar100_2024_20260526T145614754418Z.json
gpu_full,21,UNKNOWN,UNKNOWN,UNKNOWN,UNKNOWN,4.791,,False,,PASSED,,onnx/CIFAR100_resnet_medium.onnx,vnnlib/CIFAR100_resnet_medium_prop_idx_8594_sidx_5815_eps_0.0039.vnnlib,"[""UNKNOWN""]","[""UNKNOWN""]",[null],,/data1/Kane/ACT/audit_results/r93_rerun_20260525T083118Z/gpu_stream3_20260526T132419Z/cifar100_2024/per_instance_cifar100_2024_20260526T145623226977Z.json
gpu_full,22,UNKNOWN,UNKNOWN,UNKNOWN,UNKNOWN,6.114,,False,,PASSED,,onnx/CIFAR100_resnet_medium.onnx,vnnlib/CIFAR100_resnet_medium_prop_idx_9658_sidx_1660_eps_0.0039.vnnlib,"[""UNKNOWN""]","[""UNKNOWN""]",[null],,/data1/Kane/ACT/audit_results/r93_rerun_20260525T083118Z/gpu_stream3_20260526T132419Z/cifar100_2024/per_instance_cifar100_2024_20260526T145633201724Z.json
gpu_full,23,UNKNOWN,UNKNOWN,UNKNOWN,UNKNOWN,5.96,,False,,PASSED,,onnx/CIFAR100_resnet_medium.onnx,vnnlib/CIFAR100_resnet_medium_prop_idx_8505_sidx_1690_eps_0.0039.vnnlib,"[""UNKNOWN""]","[""UNKNOWN""]",[null],,/data1/Kane/ACT/audit_results/r93_rerun_20260525T083118Z/gpu_stream3_20260526T132419Z/cifar100_2024/per_instance_cifar100_2024_20260526T145643694460Z.json
gpu_full,24,UNKNOWN,UNKNOWN,UNKNOWN,UNKNOWN,7.025,,False,,PASSED,,onnx/CIFAR100_resnet_medium.onnx,vnnlib/CIFAR100_resnet_medium_prop_idx_8945_sidx_3584_eps_0.0039.vnnlib,"[""UNKNOWN""]","[""UNKNOWN""]",[null],,/data1/Kane/ACT/audit_results/r93_rerun_20260525T083118Z/gpu_stream3_20260526T132419Z/cifar100_2024/per_instance_cifar100_2024_20260526T145656647413Z.json
gpu_full,25,UNKNOWN,UNKNOWN,UNKNOWN,UNKNOWN,5.474,,False,,PASSED,,onnx/CIFAR100_resnet_medium.onnx,vnnlib/CIFAR100_resnet_medium_prop_idx_6585_sidx_533_eps_0.0039.vnnlib,"[""UNKNOWN""]","[""UNKNOWN""]",[null],,/data1/Kane/ACT/audit_results/r93_rerun_20260525T083118Z/gpu_stream3_20260526T132419Z/cifar100_2024/per_instance_cifar100_2024_20260526T145706916614Z.json
gpu_full,26,UNKNOWN,UNKNOWN,UNKNOWN,UNKNOWN,7.125,,False,,PASSED,,onnx/CIFAR100_resnet_medium.onnx,vnnlib/CIFAR100_resnet_medium_prop_idx_6573_sidx_5525_eps_0.0039.vnnlib,"[""UNKNOWN""]","[""UNKNOWN""]",[null],,/data1/Kane/ACT/audit_results/r93_rerun_20260525T083118Z/gpu_stream3_20260526T132419Z/cifar100_2024/per_instance_cifar100_2024_20260526T145718541548Z.json
gpu_full,27,UNKNOWN,UNKNOWN,UNKNOWN,UNKNOWN,6.086,,False,,PASSED,,onnx/CIFAR100_resnet_medium.onnx,vnnlib/CIFAR100_resnet_medium_prop_idx_8619_sidx_4461_eps_0.0039.vnnlib,"[""UNKNOWN""]","[""UNKNOWN""]",[null],,/data1/Kane/ACT/audit_results/r93_rerun_20260525T083118Z/gpu_stream3_20260526T132419Z/cifar100_2024/per_instance_cifar100_2024_20260526T145729105921Z.json
gpu_full,28,UNKNOWN,UNKNOWN,UNKNOWN,UNKNOWN,6.06,,False,,PASSED,,onnx/CIFAR100_resnet_medium.onnx,vnnlib/CIFAR100_resnet_medium_prop_idx_54_sidx_9735_eps_0.0039.vnnlib,"[""UNKNOWN""]","[""UNKNOWN""]",[null],,/data1/Kane/ACT/audit_results/r93_rerun_20260525T083118Z/gpu_stream3_20260526T132419Z/cifar100_2024/per_instance_cifar100_2024_20260526T145739494686Z.json
gpu_full,29,UNKNOWN,UNKNOWN,UNKNOWN,UNKNOWN,6.061,,False,,PASSED,,onnx/CIFAR100_resnet_medium.onnx,vnnlib/CIFAR100_resnet_medium_prop_idx_4429_sidx_1471_eps_0.0039.vnnlib,"[""UNKNOWN""]","[""UNKNOWN""]",[null],,/data1/Kane/ACT/audit_results/r93_rerun_20260525T083118Z/gpu_stream3_20260526T132419Z/cifar100_2024/per_instance_cifar100_2024_20260526T145749891124Z.json
gpu_full,3,UNKNOWN,UNKNOWN,UNKNOWN,UNKNOWN,5.61,,False,,PASSED,,onnx/CIFAR100_resnet_medium.onnx,vnnlib/CIFAR100_resnet_medium_prop_idx_9694_sidx_2810_eps_0.0039.vnnlib,"[""UNKNOWN""]","[""UNKNOWN""]",[null],,/data1/Kane/ACT/audit_results/r93_rerun_20260525T083118Z/gpu_stream3_20260526T132419Z/cifar100_2024/per_instance_cifar100_2024_20260526T145333288358Z.json
gpu_full,30,UNKNOWN,UNKNOWN,UNKNOWN,UNKNOWN,6.711,,False,,PASSED,,onnx/CIFAR100_resnet_medium.onnx,vnnlib/CIFAR100_resnet_medium_prop_idx_1190_sidx_8846_eps_0.0039.vnnlib,"[""UNKNOWN""]","[""UNKNOWN""]",[null],,/data1/Kane/ACT/audit_results/r93_rerun_20260525T083118Z/gpu_stream3_20260526T132419Z/cifar100_2024/per_instance_cifar100_2024_20260526T145801232149Z.json
gpu_full,31,UNKNOWN,UNKNOWN,UNKNOWN,UNKNOWN,7.415,,False,,PASSED,,onnx/CIFAR100_resnet_medium.onnx,vnnlib/CIFAR100_resnet_medium_prop_idx_7569_sidx_2906_eps_0.0039.vnnlib,"[""UNKNOWN""]","[""UNKNOWN""]",[null],,/data1/Kane/ACT/audit_results/r93_rerun_20260525T083118Z/gpu_stream3_20260526T132419Z/cifar100_2024/per_instance_cifar100_2024_20260526T145814451884Z.json
gpu_full,32,UNKNOWN,UNKNOWN,UNKNOWN,UNKNOWN,7.562,,False,,PASSED,,onnx/CIFAR100_resnet_medium.onnx,vnnlib/CIFAR100_resnet_medium_prop_idx_9897_sidx_9124_eps_0.0039.vnnlib,"[""UNKNOWN""]","[""UNKNOWN""]",[null],,/data1/Kane/ACT/audit_results/r93_rerun_20260525T083118Z/gpu_stream3_20260526T132419Z/cifar100_2024/per_instance_cifar100_2024_20260526T145827241205Z.json
gpu_full,33,UNKNOWN,UNKNOWN,UNKNOWN,UNKNOWN,7.359,,False,,PASSED,,onnx/CIFAR100_resnet_medium.onnx,vnnlib/CIFAR100_resnet_medium_prop_idx_5831_sidx_5506_eps_0.0039.vnnlib,"[""UNKNOWN""]","[""UNKNOWN""]",[null],,/data1/Kane/ACT/audit_results/r93_rerun_20260525T083118Z/gpu_stream3_20260526T132419Z/cifar100_2024/per_instance_cifar100_2024_20260526T145840091486Z.json
gpu_full,34,UNKNOWN,UNKNOWN,UNKNOWN,UNKNOWN,8.186,,False,,PASSED,,onnx/CIFAR100_resnet_medium.onnx,vnnlib/CIFAR100_resnet_medium_prop_idx_4169_sidx_9758_eps_0.0039.vnnlib,"[""UNKNOWN""]","[""UNKNOWN""]",[null],,/data1/Kane/ACT/audit_results/r93_rerun_20260525T083118Z/gpu_stream3_20260526T132419Z/cifar100_2024/per_instance_cifar100_2024_20260526T145853238035Z.json
gpu_full,35,UNKNOWN,UNKNOWN,UNKNOWN,UNKNOWN,8.331,,False,,PASSED,,onnx/CIFAR100_resnet_medium.onnx,vnnlib/CIFAR100_resnet_medium_prop_idx_8196_sidx_3864_eps_0.0039.vnnlib,"[""UNKNOWN""]","[""UNKNOWN""]",[null],,/data1/Kane/ACT/audit_results/r93_rerun_20260525T083118Z/gpu_stream3_20260526T132419Z/cifar100_2024/per_instance_cifar100_2024_20260526T145907186379Z.json
gpu_full,36,UNKNOWN,UNKNOWN,UNKNOWN,UNKNOWN,5.799,,False,,PASSED,,onnx/CIFAR100_resnet_medium.onnx,vnnlib/CIFAR100_resnet_medium_prop_idx_6583_sidx_8860_eps_0.0039.vnnlib,"[""UNKNOWN""]","[""UNKNOWN""]",[null],,/data1/Kane/ACT/audit_results/r93_rerun_20260525T083118Z/gpu_stream3_20260526T132419Z/cifar100_2024/per_instance_cifar100_2024_20260526T145918897664Z.json
gpu_full,37,UNKNOWN,UNKNOWN,UNKNOWN,UNKNOWN,6.559,,False,,PASSED,,onnx/CIFAR100_resnet_medium.onnx,vnnlib/CIFAR100_resnet_medium_prop_idx_8523_sidx_9936_eps_0.0039.vnnlib,"[""UNKNOWN""]","[""UNKNOWN""]",[null],,/data1/Kane/ACT/audit_results/r93_rerun_20260525T083118Z/gpu_stream3_20260526T132419Z/cifar100_2024/per_instance_cifar100_2024_20260526T145930908176Z.json
gpu_full,38,UNKNOWN,UNKNOWN,UNKNOWN,UNKNOWN,6.095,,False,,PASSED,,onnx/CIFAR100_resnet_medium.onnx,vnnlib/CIFAR100_resnet_medium_prop_idx_3418_sidx_4225_eps_0.0039.vnnlib,"[""UNKNOWN""]","[""UNKNOWN""]",[null],,/data1/Kane/ACT/audit_results/r93_rerun_20260525T083118Z/gpu_stream3_20260526T132419Z/cifar100_2024/per_instance_cifar100_2024_20260526T145942759764Z.json
gpu_full,39,UNKNOWN,UNKNOWN,UNKNOWN,UNKNOWN,6.12,,False,,PASSED,,onnx/CIFAR100_resnet_medium.onnx,vnnlib/CIFAR100_resnet_medium_prop_idx_7431_sidx_7329_eps_0.0039.vnnlib,"[""UNKNOWN""]","[""UNKNOWN""]",[null],,/data1/Kane/ACT/audit_results/r93_rerun_20260525T083118Z/gpu_stream3_20260526T132419Z/cifar100_2024/per_instance_cifar100_2024_20260526T145954025226Z.json
gpu_full,4,UNKNOWN,UNKNOWN,UNKNOWN,UNKNOWN,5.194,,False,,PASSED,,onnx/CIFAR100_resnet_medium.onnx,vnnlib/CIFAR100_resnet_medium_prop_idx_4760_sidx_4651_eps_0.0039.vnnlib,"[""UNKNOWN""]","[""UNKNOWN""]",[null],,/data1/Kane/ACT/audit_results/r93_rerun_20260525T083118Z/gpu_stream3_20260526T132419Z/cifar100_2024/per_instance_cifar100_2024_20260526T145342695071Z.json
gpu_full,40,UNKNOWN,UNKNOWN,UNKNOWN,UNKNOWN,5.969,,False,,PASSED,,onnx/CIFAR100_resnet_medium.onnx,vnnlib/CIFAR100_resnet_medium_prop_idx_6010_sidx_5369_eps_0.0039.vnnlib,"[""UNKNOWN""]","[""UNKNOWN""]",[null],,/data1/Kane/ACT/audit_results/r93_rerun_20260525T083118Z/gpu_stream3_20260526T132419Z/cifar100_2024/per_instance_cifar100_2024_20260526T150005016757Z.json
gpu_full,41,UNKNOWN,UNKNOWN,UNKNOWN,UNKNOWN,6.209,,False,,PASSED,,onnx/CIFAR100_resnet_medium.onnx,vnnlib/CIFAR100_resnet_medium_prop_idx_5127_sidx_993_eps_0.0039.vnnlib,"[""UNKNOWN""]","[""UNKNOWN""]",[null],,/data1/Kane/ACT/audit_results/r93_rerun_20260525T083118Z/gpu_stream3_20260526T132419Z/cifar100_2024/per_instance_cifar100_2024_20260526T150015752912Z.json
gpu_full,42,UNKNOWN,UNKNOWN,UNKNOWN,UNKNOWN,6.458,,False,,PASSED,,onnx/CIFAR100_resnet_medium.onnx,vnnlib/CIFAR100_resnet_medium_prop_idx_6263_sidx_7644_eps_0.0039.vnnlib,"[""UNKNOWN""]","[""UNKNOWN""]",[null],,/data1/Kane/ACT/audit_results/r93_rerun_20260525T083118Z/gpu_stream3_20260526T132419Z/cifar100_2024/per_instance_cifar100_2024_20260526T150027048297Z.json
gpu_full,43,UNKNOWN,UNKNOWN,UNKNOWN,UNKNOWN,6.946,,False,,PASSED,,onnx/CIFAR100_resnet_medium.onnx,vnnlib/CIFAR100_resnet_medium_prop_idx_5001_sidx_1154_eps_0.0039.vnnlib,"[""UNKNOWN""]","[""UNKNOWN""]",[null],,/data1/Kane/ACT/audit_results/r93_rerun_20260525T083118Z/gpu_stream3_20260526T132419Z/cifar100_2024/per_instance_cifar100_2024_20260526T150039098666Z.json
gpu_full,44,UNKNOWN,UNKNOWN,UNKNOWN,UNKNOWN,6.059,,False,,PASSED,,onnx/CIFAR100_resnet_medium.onnx,vnnlib/CIFAR100_resnet_medium_prop_idx_4597_sidx_282_eps_0.0039.vnnlib,"[""UNKNOWN""]","[""UNKNOWN""]",[null],,/data1/Kane/ACT/audit_results/r93_rerun_20260525T083118Z/gpu_stream3_20260526T132419Z/cifar100_2024/per_instance_cifar100_2024_20260526T150050149790Z.json
gpu_full,45,UNKNOWN,UNKNOWN,UNKNOWN,UNKNOWN,7.379,,False,,PASSED,,onnx/CIFAR100_resnet_medium.onnx,vnnlib/CIFAR100_resnet_medium_prop_idx_3184_sidx_9092_eps_0.0039.vnnlib,"[""UNKNOWN""]","[""UNKNOWN""]",[null],,/data1/Kane/ACT/audit_results/r93_rerun_20260525T083118Z/gpu_stream3_20260526T132419Z/cifar100_2024/per_instance_cifar100_2024_20260526T150102600484Z.json
gpu_full,46,UNKNOWN,UNKNOWN,UNKNOWN,UNKNOWN,5.952,,False,,PASSED,,onnx/CIFAR100_resnet_medium.onnx,vnnlib/CIFAR100_resnet_medium_prop_idx_3343_sidx_1406_eps_0.0039.vnnlib,"[""UNKNOWN""]","[""UNKNOWN""]",[null],,/data1/Kane/ACT/audit_results/r93_rerun_20260525T083118Z/gpu_stream3_20260526T132419Z/cifar100_2024/per_instance_cifar100_2024_20260526T150114000114Z.json
gpu_full,47,UNKNOWN,UNKNOWN,UNKNOWN,UNKNOWN,6.959,,False,,PASSED,,onnx/CIFAR100_resnet_medium.onnx,vnnlib/CIFAR100_resnet_medium_prop_idx_8330_sidx_7593_eps_0.0039.vnnlib,"[""UNKNOWN""]","[""UNKNOWN""]",[null],,/data1/Kane/ACT/audit_results/r93_rerun_20260525T083118Z/gpu_stream3_20260526T132419Z/cifar100_2024/per_instance_cifar100_2024_20260526T150125966684Z.json
gpu_full,48,UNKNOWN,UNKNOWN,UNKNOWN,UNKNOWN,7.181,,False,,PASSED,,onnx/CIFAR100_resnet_medium.onnx,vnnlib/CIFAR100_resnet_medium_prop_idx_5634_sidx_9441_eps_0.0039.vnnlib,"[""UNKNOWN""]","[""UNKNOWN""]",[null],,/data1/Kane/ACT/audit_results/r93_rerun_20260525T083118Z/gpu_stream3_20260526T132419Z/cifar100_2024/per_instance_cifar100_2024_20260526T150138311185Z.json
gpu_full,49,UNKNOWN,UNKNOWN,UNKNOWN,UNKNOWN,6.248,,False,,PASSED,,onnx/CIFAR100_resnet_medium.onnx,vnnlib/CIFAR100_resnet_medium_prop_idx_7478_sidx_6593_eps_0.0039.vnnlib,"[""UNKNOWN""]","[""UNKNOWN""]",[null],,/data1/Kane/ACT/audit_results/r93_rerun_20260525T083118Z/gpu_stream3_20260526T132419Z/cifar100_2024/per_instance_cifar100_2024_20260526T150149925564Z.json
gpu_full,5,UNKNOWN,UNKNOWN,UNKNOWN,UNKNOWN,5.165,,False,,PASSED,,onnx/CIFAR100_resnet_medium.onnx,vnnlib/CIFAR100_resnet_medium_prop_idx_6135_sidx_4586_eps_0.0039.vnnlib,"[""UNKNOWN""]","[""UNKNOWN""]",[null],,/data1/Kane/ACT/audit_results/r93_rerun_20260525T083118Z/gpu_stream3_20260526T132419Z/cifar100_2024/per_instance_cifar100_2024_20260526T145352229654Z.json
gpu_full,50,UNKNOWN,UNKNOWN,UNKNOWN,UNKNOWN,5.696,,False,,PASSED,,onnx/CIFAR100_resnet_medium.onnx,vnnlib/CIFAR100_resnet_medium_prop_idx_913_sidx_2404_eps_0.0039.vnnlib,"[""UNKNOWN""]","[""UNKNOWN""]",[null],,/data1/Kane/ACT/audit_results/r93_rerun_20260525T083118Z/gpu_stream3_20260526T132419Z/cifar100_2024/per_instance_cifar100_2024_20260526T150200554301Z.json
gpu_full,51,UNKNOWN,UNKNOWN,UNKNOWN,UNKNOWN,6.563,,False,,PASSED,,onnx/CIFAR100_resnet_medium.onnx,vnnlib/CIFAR100_resnet_medium_prop_idx_1761_sidx_3933_eps_0.0039.vnnlib,"[""UNKNOWN""]","[""UNKNOWN""]",[null],,/data1/Kane/ACT/audit_results/r93_rerun_20260525T083118Z/gpu_stream3_20260526T132419Z/cifar100_2024/per_instance_cifar100_2024_20260526T150211781819Z.json
gpu_full,52,UNKNOWN,UNKNOWN,UNKNOWN,UNKNOWN,5.262,,False,,PASSED,,onnx/CIFAR100_resnet_medium.onnx,vnnlib/CIFAR100_resnet_medium_prop_idx_1798_sidx_1061_eps_0.0039.vnnlib,"[""UNKNOWN""]","[""UNKNOWN""]",[null],,/data1/Kane/ACT/audit_results/r93_rerun_20260525T083118Z/gpu_stream3_20260526T132419Z/cifar100_2024/per_instance_cifar100_2024_20260526T150221891062Z.json
gpu_full,53,UNKNOWN,UNKNOWN,UNKNOWN,UNKNOWN,5.968,,False,,PASSED,,onnx/CIFAR100_resnet_medium.onnx,vnnlib/CIFAR100_resnet_medium_prop_idx_8450_sidx_9332_eps_0.0039.vnnlib,"[""UNKNOWN""]","[""UNKNOWN""]",[null],,/data1/Kane/ACT/audit_results/r93_rerun_20260525T083118Z/gpu_stream3_20260526T132419Z/cifar100_2024/per_instance_cifar100_2024_20260526T150232655558Z.json
gpu_full,54,UNKNOWN,UNKNOWN,UNKNOWN,UNKNOWN,5.644,,False,,PASSED,,onnx/CIFAR100_resnet_medium.onnx,vnnlib/CIFAR100_resnet_medium_prop_idx_1592_sidx_3741_eps_0.0039.vnnlib,"[""UNKNOWN""]","[""UNKNOWN""]",[null],,/data1/Kane/ACT/audit_results/r93_rerun_20260525T083118Z/gpu_stream3_20260526T132419Z/cifar100_2024/per_instance_cifar100_2024_20260526T150242667141Z.json
gpu_full,55,UNKNOWN,UNKNOWN,UNKNOWN,UNKNOWN,5.441,,False,,PASSED,,onnx/CIFAR100_resnet_medium.onnx,vnnlib/CIFAR100_resnet_medium_prop_idx_230_sidx_1968_eps_0.0039.vnnlib,"[""UNKNOWN""]","[""UNKNOWN""]",[null],,/data1/Kane/ACT/audit_results/r93_rerun_20260525T083118Z/gpu_stream3_20260526T132419Z/cifar100_2024/per_instance_cifar100_2024_20260526T150252556296Z.json
gpu_full,56,UNKNOWN,UNKNOWN,UNKNOWN,UNKNOWN,6.562,,False,,PASSED,,onnx/CIFAR100_resnet_medium.onnx,vnnlib/CIFAR100_resnet_medium_prop_idx_5791_sidx_5659_eps_0.0039.vnnlib,"[""UNKNOWN""]","[""UNKNOWN""]",[null],,/data1/Kane/ACT/audit_results/r93_rerun_20260525T083118Z/gpu_stream3_20260526T132419Z/cifar100_2024/per_instance_cifar100_2024_20260526T150303635754Z.json
gpu_full,57,UNKNOWN,UNKNOWN,UNKNOWN,UNKNOWN,5.651,,False,,PASSED,,onnx/CIFAR100_resnet_medium.onnx,vnnlib/CIFAR100_resnet_medium_prop_idx_4475_sidx_752_eps_0.0039.vnnlib,"[""UNKNOWN""]","[""UNKNOWN""]",[null],,/data1/Kane/ACT/audit_results/r93_rerun_20260525T083118Z/gpu_stream3_20260526T132419Z/cifar100_2024/per_instance_cifar100_2024_20260526T150313585359Z.json
gpu_full,58,UNKNOWN,UNKNOWN,UNKNOWN,UNKNOWN,5.638,,False,,PASSED,,onnx/CIFAR100_resnet_medium.onnx,vnnlib/CIFAR100_resnet_medium_prop_idx_3247_sidx_1605_eps_0.0039.vnnlib,"[""UNKNOWN""]","[""UNKNOWN""]",[null],,/data1/Kane/ACT/audit_results/r93_rerun_20260525T083118Z/gpu_stream3_20260526T132419Z/cifar100_2024/per_instance_cifar100_2024_20260526T150323165351Z.json
gpu_full,59,UNKNOWN,UNKNOWN,UNKNOWN,UNKNOWN,5.456,,False,,PASSED,,onnx/CIFAR100_resnet_medium.onnx,vnnlib/CIFAR100_resnet_medium_prop_idx_2557_sidx_6196_eps_0.0039.vnnlib,"[""UNKNOWN""]","[""UNKNOWN""]",[null],,/data1/Kane/ACT/audit_results/r93_rerun_20260525T083118Z/gpu_stream3_20260526T132419Z/cifar100_2024/per_instance_cifar100_2024_20260526T150332965430Z.json
gpu_full,6,UNKNOWN,UNKNOWN,UNKNOWN,UNKNOWN,5.308,,False,,PASSED,,onnx/CIFAR100_resnet_medium.onnx,vnnlib/CIFAR100_resnet_medium_prop_idx_4921_sidx_3617_eps_0.0039.vnnlib,"[""UNKNOWN""]","[""UNKNOWN""]",[null],,/data1/Kane/ACT/audit_results/r93_rerun_20260525T083118Z/gpu_stream3_20260526T132419Z/cifar100_2024/per_instance_cifar100_2024_20260526T145401974954Z.json
gpu_full,60,UNKNOWN,UNKNOWN,UNKNOWN,UNKNOWN,5.062,,False,,PASSED,,onnx/CIFAR100_resnet_medium.onnx,vnnlib/CIFAR100_resnet_medium_prop_idx_4191_sidx_3301_eps_0.0039.vnnlib,"[""UNKNOWN""]","[""UNKNOWN""]",[null],,/data1/Kane/ACT/audit_results/r93_rerun_20260525T083118Z/gpu_stream3_20260526T132419Z/cifar100_2024/per_instance_cifar100_2024_20260526T150342038629Z.json
gpu_full,61,UNKNOWN,UNKNOWN,UNKNOWN,UNKNOWN,5.772,,False,,PASSED,,onnx/CIFAR100_resnet_medium.onnx,vnnlib/CIFAR100_resnet_medium_prop_idx_2697_sidx_4836_eps_0.0039.vnnlib,"[""UNKNOWN""]","[""UNKNOWN""]",[null],,/data1/Kane/ACT/audit_results/r93_rerun_20260525T083118Z/gpu_stream3_20260526T132419Z/cifar100_2024/per_instance_cifar100_2024_20260526T150351771850Z.json
gpu_full,62,UNKNOWN,UNKNOWN,UNKNOWN,UNKNOWN,5.146,,False,,PASSED,,onnx/CIFAR100_resnet_medium.onnx,vnnlib/CIFAR100_resnet_medium_prop_idx_9665_sidx_9074_eps_0.0039.vnnlib,"[""UNKNOWN""]","[""UNKNOWN""]",[null],,/data1/Kane/ACT/audit_results/r93_rerun_20260525T083118Z/gpu_stream3_20260526T132419Z/cifar100_2024/per_instance_cifar100_2024_20260526T150401067525Z.json
gpu_full,63,UNKNOWN,UNKNOWN,UNKNOWN,UNKNOWN,5.762,,False,,PASSED,,onnx/CIFAR100_resnet_medium.onnx,vnnlib/CIFAR100_resnet_medium_prop_idx_9518_sidx_9183_eps_0.0039.vnnlib,"[""UNKNOWN""]","[""UNKNOWN""]",[null],,/data1/Kane/ACT/audit_results/r93_rerun_20260525T083118Z/gpu_stream3_20260526T132419Z/cifar100_2024/per_instance_cifar100_2024_20260526T150410787400Z.json
gpu_full,64,UNKNOWN,UNKNOWN,UNKNOWN,UNKNOWN,5.325,,False,,PASSED,,onnx/CIFAR100_resnet_medium.onnx,vnnlib/CIFAR100_resnet_medium_prop_idx_5973_sidx_7841_eps_0.0039.vnnlib,"[""UNKNOWN""]","[""UNKNOWN""]",[null],,/data1/Kane/ACT/audit_results/r93_rerun_20260525T083118Z/gpu_stream3_20260526T132419Z/cifar100_2024/per_instance_cifar100_2024_20260526T150419793558Z.json
gpu_full,65,UNKNOWN,UNKNOWN,UNKNOWN,UNKNOWN,5.539,,False,,PASSED,,onnx/CIFAR100_resnet_medium.onnx,vnnlib/CIFAR100_resnet_medium_prop_idx_9845_sidx_200_eps_0.0039.vnnlib,"[""UNKNOWN""]","[""UNKNOWN""]",[null],,/data1/Kane/ACT/audit_results/r93_rerun_20260525T083118Z/gpu_stream3_20260526T132419Z/cifar100_2024/per_instance_cifar100_2024_20260526T150429551858Z.json
gpu_full,66,UNKNOWN,UNKNOWN,UNKNOWN,UNKNOWN,4.828,,False,,PASSED,,onnx/CIFAR100_resnet_medium.onnx,vnnlib/CIFAR100_resnet_medium_prop_idx_2779_sidx_6416_eps_0.0039.vnnlib,"[""UNKNOWN""]","[""UNKNOWN""]",[null],,/data1/Kane/ACT/audit_results/r93_rerun_20260525T083118Z/gpu_stream3_20260526T132419Z/cifar100_2024/per_instance_cifar100_2024_20260526T150438352930Z.json
gpu_full,67,UNKNOWN,UNKNOWN,UNKNOWN,UNKNOWN,5.403,,False,,PASSED,,onnx/CIFAR100_resnet_medium.onnx,vnnlib/CIFAR100_resnet_medium_prop_idx_6292_sidx_5430_eps_0.0039.vnnlib,"[""UNKNOWN""]","[""UNKNOWN""]",[null],,/data1/Kane/ACT/audit_results/r93_rerun_20260525T083118Z/gpu_stream3_20260526T132419Z/cifar100_2024/per_instance_cifar100_2024_20260526T150447892855Z.json
gpu_full,68,UNKNOWN,UNKNOWN,UNKNOWN,UNKNOWN,5.334,,False,,PASSED,,onnx/CIFAR100_resnet_medium.onnx,vnnlib/CIFAR100_resnet_medium_prop_idx_8642_sidx_9095_eps_0.0039.vnnlib,"[""UNKNOWN""]","[""UNKNOWN""]",[null],,/data1/Kane/ACT/audit_results/r93_rerun_20260525T083118Z/gpu_stream3_20260526T132419Z/cifar100_2024/per_instance_cifar100_2024_20260526T150457315056Z.json
gpu_full,69,UNKNOWN,UNKNOWN,UNKNOWN,UNKNOWN,5.047,,False,,PASSED,,onnx/CIFAR100_resnet_medium.onnx,vnnlib/CIFAR100_resnet_medium_prop_idx_6049_sidx_4719_eps_0.0039.vnnlib,"[""UNKNOWN""]","[""UNKNOWN""]",[null],,/data1/Kane/ACT/audit_results/r93_rerun_20260525T083118Z/gpu_stream3_20260526T132419Z/cifar100_2024/per_instance_cifar100_2024_20260526T150506544103Z.json
gpu_full,7,UNKNOWN,UNKNOWN,UNKNOWN,UNKNOWN,5.264,,False,,PASSED,,onnx/CIFAR100_resnet_medium.onnx,vnnlib/CIFAR100_resnet_medium_prop_idx_5242_sidx_1208_eps_0.0039.vnnlib,"[""UNKNOWN""]","[""UNKNOWN""]",[null],,/data1/Kane/ACT/audit_results/r93_rerun_20260525T083118Z/gpu_stream3_20260526T132419Z/cifar100_2024/per_instance_cifar100_2024_20260526T145411365476Z.json
gpu_full,70,UNKNOWN,UNKNOWN,UNKNOWN,UNKNOWN,4.939,,False,,PASSED,,onnx/CIFAR100_resnet_medium.onnx,vnnlib/CIFAR100_resnet_medium_prop_idx_8739_sidx_1540_eps_0.0039.vnnlib,"[""UNKNOWN""]","[""UNKNOWN""]",[null],,/data1/Kane/ACT/audit_results/r93_rerun_20260525T083118Z/gpu_stream3_20260526T132419Z/cifar100_2024/per_instance_cifar100_2024_20260526T150515582620Z.json
gpu_full,71,UNKNOWN,UNKNOWN,UNKNOWN,UNKNOWN,5.791,,False,,PASSED,,onnx/CIFAR100_resnet_medium.onnx,vnnlib/CIFAR100_resnet_medium_prop_idx_7034_sidx_4129_eps_0.0039.vnnlib,"[""UNKNOWN""]","[""UNKNOWN""]",[null],,/data1/Kane/ACT/audit_results/r93_rerun_20260525T083118Z/gpu_stream3_20260526T132419Z/cifar100_2024/per_instance_cifar100_2024_20260526T150525393923Z.json
gpu_full,72,UNKNOWN,UNKNOWN,UNKNOWN,UNKNOWN,4.909,,False,,PASSED,,onnx/CIFAR100_resnet_medium.onnx,vnnlib/CIFAR100_resnet_medium_prop_idx_1498_sidx_792_eps_0.0039.vnnlib,"[""UNKNOWN""]","[""UNKNOWN""]",[null],,/data1/Kane/ACT/audit_results/r93_rerun_20260525T083118Z/gpu_stream3_20260526T132419Z/cifar100_2024/per_instance_cifar100_2024_20260526T150534382790Z.json
gpu_full,73,UNKNOWN,UNKNOWN,UNKNOWN,UNKNOWN,5.377,,False,,PASSED,,onnx/CIFAR100_resnet_medium.onnx,vnnlib/CIFAR100_resnet_medium_prop_idx_3898_sidx_9109_eps_0.0039.vnnlib,"[""UNKNOWN""]","[""UNKNOWN""]",[null],,/data1/Kane/ACT/audit_results/r93_rerun_20260525T083118Z/gpu_stream3_20260526T132419Z/cifar100_2024/per_instance_cifar100_2024_20260526T150543967844Z.json
gpu_full,74,UNKNOWN,UNKNOWN,UNKNOWN,UNKNOWN,5.567,,False,,PASSED,,onnx/CIFAR100_resnet_medium.onnx,vnnlib/CIFAR100_resnet_medium_prop_idx_854_sidx_6893_eps_0.0039.vnnlib,"[""UNKNOWN""]","[""UNKNOWN""]",[null],,/data1/Kane/ACT/audit_results/r93_rerun_20260525T083118Z/gpu_stream3_20260526T132419Z/cifar100_2024/per_instance_cifar100_2024_20260526T150553534122Z.json
gpu_full,75,UNKNOWN,UNKNOWN,UNKNOWN,UNKNOWN,5.04,,False,,PASSED,,onnx/CIFAR100_resnet_medium.onnx,vnnlib/CIFAR100_resnet_medium_prop_idx_9502_sidx_7197_eps_0.0039.vnnlib,"[""UNKNOWN""]","[""UNKNOWN""]",[null],,/data1/Kane/ACT/audit_results/r93_rerun_20260525T083118Z/gpu_stream3_20260526T132419Z/cifar100_2024/per_instance_cifar100_2024_20260526T150602548132Z.json
gpu_full,76,UNKNOWN,UNKNOWN,UNKNOWN,UNKNOWN,5.842,,False,,PASSED,,onnx/CIFAR100_resnet_medium.onnx,vnnlib/CIFAR100_resnet_medium_prop_idx_2551_sidx_9941_eps_0.0039.vnnlib,"[""UNKNOWN""]","[""UNKNOWN""]",[null],,/data1/Kane/ACT/audit_results/r93_rerun_20260525T083118Z/gpu_stream3_20260526T132419Z/cifar100_2024/per_instance_cifar100_2024_20260526T150612303294Z.json
gpu_full,77,UNKNOWN,UNKNOWN,UNKNOWN,UNKNOWN,5.012,,False,,PASSED,,onnx/CIFAR100_resnet_medium.onnx,vnnlib/CIFAR100_resnet_medium_prop_idx_7658_sidx_1537_eps_0.0039.vnnlib,"[""UNKNOWN""]","[""UNKNOWN""]",[null],,/data1/Kane/ACT/audit_results/r93_rerun_20260525T083118Z/gpu_stream3_20260526T132419Z/cifar100_2024/per_instance_cifar100_2024_20260526T150621017233Z.json
gpu_full,78,UNKNOWN,UNKNOWN,UNKNOWN,UNKNOWN,4.963,,False,,PASSED,,onnx/CIFAR100_resnet_medium.onnx,vnnlib/CIFAR100_resnet_medium_prop_idx_9726_sidx_4400_eps_0.0039.vnnlib,"[""UNKNOWN""]","[""UNKNOWN""]",[null],,/data1/Kane/ACT/audit_results/r93_rerun_20260525T083118Z/gpu_stream3_20260526T132419Z/cifar100_2024/per_instance_cifar100_2024_20260526T150629992890Z.json
gpu_full,79,UNKNOWN,UNKNOWN,UNKNOWN,UNKNOWN,4.959,,False,,PASSED,,onnx/CIFAR100_resnet_medium.onnx,vnnlib/CIFAR100_resnet_medium_prop_idx_9313_sidx_6462_eps_0.0039.vnnlib,"[""UNKNOWN""]","[""UNKNOWN""]",[null],,/data1/Kane/ACT/audit_results/r93_rerun_20260525T083118Z/gpu_stream3_20260526T132419Z/cifar100_2024/per_instance_cifar100_2024_20260526T150638869646Z.json
gpu_full,8,UNKNOWN,UNKNOWN,UNKNOWN,UNKNOWN,5.202,,False,,PASSED,,onnx/CIFAR100_resnet_medium.onnx,vnnlib/CIFAR100_resnet_medium_prop_idx_2176_sidx_3285_eps_0.0039.vnnlib,"[""UNKNOWN""]","[""UNKNOWN""]",[null],,/data1/Kane/ACT/audit_results/r93_rerun_20260525T083118Z/gpu_stream3_20260526T132419Z/cifar100_2024/per_instance_cifar100_2024_20260526T145420739803Z.json
gpu_full,80,UNKNOWN,UNKNOWN,UNKNOWN,UNKNOWN,5.452,,False,,PASSED,,onnx/CIFAR100_resnet_medium.onnx,vnnlib/CIFAR100_resnet_medium_prop_idx_815_sidx_1902_eps_0.0039.vnnlib,"[""UNKNOWN""]","[""UNKNOWN""]",[null],,/data1/Kane/ACT/audit_results/r93_rerun_20260525T083118Z/gpu_stream3_20260526T132419Z/cifar100_2024/per_instance_cifar100_2024_20260526T150648431060Z.json
gpu_full,81,UNKNOWN,UNKNOWN,UNKNOWN,UNKNOWN,5.026,,False,,PASSED,,onnx/CIFAR100_resnet_medium.onnx,vnnlib/CIFAR100_resnet_medium_prop_idx_6491_sidx_3620_eps_0.0039.vnnlib,"[""UNKNOWN""]","[""UNKNOWN""]",[null],,/data1/Kane/ACT/audit_results/r93_rerun_20260525T083118Z/gpu_stream3_20260526T132419Z/cifar100_2024/per_instance_cifar100_2024_20260526T150658782704Z.json
gpu_full,82,UNKNOWN,UNKNOWN,UNKNOWN,UNKNOWN,5.616,,False,,PASSED,,onnx/CIFAR100_resnet_medium.onnx,vnnlib/CIFAR100_resnet_medium_prop_idx_4605_sidx_6225_eps_0.0039.vnnlib,"[""UNKNOWN""]","[""UNKNOWN""]",[null],,/data1/Kane/ACT/audit_results/r93_rerun_20260525T083118Z/gpu_stream3_20260526T132419Z/cifar100_2024/per_instance_cifar100_2024_20260526T150708050835Z.json
gpu_full,83,UNKNOWN,UNKNOWN,UNKNOWN,UNKNOWN,5.778,,False,,PASSED,,onnx/CIFAR100_resnet_medium.onnx,vnnlib/CIFAR100_resnet_medium_prop_idx_2352_sidx_2704_eps_0.0039.vnnlib,"[""UNKNOWN""]","[""UNKNOWN""]",[null],,/data1/Kane/ACT/audit_results/r93_rerun_20260525T083118Z/gpu_stream3_20260526T132419Z/cifar100_2024/per_instance_cifar100_2024_20260526T150718845733Z.json
gpu_full,84,UNKNOWN,UNKNOWN,UNKNOWN,UNKNOWN,5.593,,False,,PASSED,,onnx/CIFAR100_resnet_medium.onnx,vnnlib/CIFAR100_resnet_medium_prop_idx_1642_sidx_7494_eps_0.0039.vnnlib,"[""UNKNOWN""]","[""UNKNOWN""]",[null],,/data1/Kane/ACT/audit_results/r93_rerun_20260525T083118Z/gpu_stream3_20260526T132419Z/cifar100_2024/per_instance_cifar100_2024_20260526T150729050347Z.json
gpu_full,85,UNKNOWN,UNKNOWN,UNKNOWN,UNKNOWN,5.549,,False,,PASSED,,onnx/CIFAR100_resnet_medium.onnx,vnnlib/CIFAR100_resnet_medium_prop_idx_8502_sidx_2893_eps_0.0039.vnnlib,"[""UNKNOWN""]","[""UNKNOWN""]",[null],,/data1/Kane/ACT/audit_results/r93_rerun_20260525T083118Z/gpu_stream3_20260526T132419Z/cifar100_2024/per_instance_cifar100_2024_20260526T150738929153Z.json
gpu_full,86,UNKNOWN,UNKNOWN,UNKNOWN,UNKNOWN,5.724,,False,,PASSED,,onnx/CIFAR100_resnet_medium.onnx,vnnlib/CIFAR100_resnet_medium_prop_idx_4964_sidx_5266_eps_0.0039.vnnlib,"[""UNKNOWN""]","[""UNKNOWN""]",[null],,/data1/Kane/ACT/audit_results/r93_rerun_20260525T083118Z/gpu_stream3_20260526T132419Z/cifar100_2024/per_instance_cifar100_2024_20260526T150749146017Z.json
gpu_full,87,UNKNOWN,UNKNOWN,UNKNOWN,UNKNOWN,5.709,,False,,PASSED,,onnx/CIFAR100_resnet_medium.onnx,vnnlib/CIFAR100_resnet_medium_prop_idx_6369_sidx_8824_eps_0.0039.vnnlib,"[""UNKNOWN""]","[""UNKNOWN""]",[null],,/data1/Kane/ACT/audit_results/r93_rerun_20260525T083118Z/gpu_stream3_20260526T132419Z/cifar100_2024/per_instance_cifar100_2024_20260526T150759852354Z.json
gpu_full,88,UNKNOWN,UNKNOWN,UNKNOWN,UNKNOWN,5.963,,False,,PASSED,,onnx/CIFAR100_resnet_medium.onnx,vnnlib/CIFAR100_resnet_medium_prop_idx_966_sidx_2330_eps_0.0039.vnnlib,"[""UNKNOWN""]","[""UNKNOWN""]",[null],,/data1/Kane/ACT/audit_results/r93_rerun_20260525T083118Z/gpu_stream3_20260526T132419Z/cifar100_2024/per_instance_cifar100_2024_20260526T150811021391Z.json
gpu_full,89,UNKNOWN,UNKNOWN,UNKNOWN,UNKNOWN,5.308,,False,,PASSED,,onnx/CIFAR100_resnet_medium.onnx,vnnlib/CIFAR100_resnet_medium_prop_idx_9162_sidx_4337_eps_0.0039.vnnlib,"[""UNKNOWN""]","[""UNKNOWN""]",[null],,/data1/Kane/ACT/audit_results/r93_rerun_20260525T083118Z/gpu_stream3_20260526T132419Z/cifar100_2024/per_instance_cifar100_2024_20260526T150820829530Z.json
gpu_full,9,UNKNOWN,UNKNOWN,UNKNOWN,UNKNOWN,5.091,,False,,PASSED,,onnx/CIFAR100_resnet_medium.onnx,vnnlib/CIFAR100_resnet_medium_prop_idx_8762_sidx_3374_eps_0.0039.vnnlib,"[""UNKNOWN""]","[""UNKNOWN""]",[null],,/data1/Kane/ACT/audit_results/r93_rerun_20260525T083118Z/gpu_stream3_20260526T132419Z/cifar100_2024/per_instance_cifar100_2024_20260526T145429952314Z.json
gpu_full,90,UNKNOWN,UNKNOWN,UNKNOWN,UNKNOWN,5.959,,False,,PASSED,,onnx/CIFAR100_resnet_medium.onnx,vnnlib/CIFAR100_resnet_medium_prop_idx_425_sidx_9099_eps_0.0039.vnnlib,"[""UNKNOWN""]","[""UNKNOWN""]",[null],,/data1/Kane/ACT/audit_results/r93_rerun_20260525T083118Z/gpu_stream3_20260526T132419Z/cifar100_2024/per_instance_cifar100_2024_20260526T150831768145Z.json
gpu_full,91,UNKNOWN,UNKNOWN,UNKNOWN,UNKNOWN,5.732,,False,,PASSED,,onnx/CIFAR100_resnet_medium.onnx,vnnlib/CIFAR100_resnet_medium_prop_idx_4898_sidx_6695_eps_0.0039.vnnlib,"[""UNKNOWN""]","[""UNKNOWN""]",[null],,/data1/Kane/ACT/audit_results/r93_rerun_20260525T083118Z/gpu_stream3_20260526T132419Z/cifar100_2024/per_instance_cifar100_2024_20260526T150842654405Z.json
gpu_full,92,UNKNOWN,UNKNOWN,UNKNOWN,UNKNOWN,7.048,,False,,PASSED,,onnx/CIFAR100_resnet_medium.onnx,vnnlib/CIFAR100_resnet_medium_prop_idx_7500_sidx_40_eps_0.0039.vnnlib,"[""UNKNOWN""]","[""UNKNOWN""]",[null],,/data1/Kane/ACT/audit_results/r93_rerun_20260525T083118Z/gpu_stream3_20260526T132419Z/cifar100_2024/per_instance_cifar100_2024_20260526T150855059769Z.json
gpu_full,93,UNKNOWN,UNKNOWN,UNKNOWN,UNKNOWN,6.296,,False,,PASSED,,onnx/CIFAR100_resnet_medium.onnx,vnnlib/CIFAR100_resnet_medium_prop_idx_7176_sidx_1522_eps_0.0039.vnnlib,"[""UNKNOWN""]","[""UNKNOWN""]",[null],,/data1/Kane/ACT/audit_results/r93_rerun_20260525T083118Z/gpu_stream3_20260526T132419Z/cifar100_2024/per_instance_cifar100_2024_20260526T150907094990Z.json
gpu_full,94,UNKNOWN,UNKNOWN,UNKNOWN,UNKNOWN,7.531,,False,,PASSED,,onnx/CIFAR100_resnet_medium.onnx,vnnlib/CIFAR100_resnet_medium_prop_idx_2050_sidx_8228_eps_0.0039.vnnlib,"[""UNKNOWN""]","[""UNKNOWN""]",[null],,/data1/Kane/ACT/audit_results/r93_rerun_20260525T083118Z/gpu_stream3_20260526T132419Z/cifar100_2024/per_instance_cifar100_2024_20260526T150919906128Z.json
gpu_full,95,UNKNOWN,UNKNOWN,UNKNOWN,UNKNOWN,6.588,,False,,PASSED,,onnx/CIFAR100_resnet_medium.onnx,vnnlib/CIFAR100_resnet_medium_prop_idx_7470_sidx_4555_eps_0.0039.vnnlib,"[""UNKNOWN""]","[""UNKNOWN""]",[null],,/data1/Kane/ACT/audit_results/r93_rerun_20260525T083118Z/gpu_stream3_20260526T132419Z/cifar100_2024/per_instance_cifar100_2024_20260526T150931955550Z.json
gpu_full,96,UNKNOWN,UNKNOWN,UNKNOWN,UNKNOWN,5.925,,False,,PASSED,,onnx/CIFAR100_resnet_medium.onnx,vnnlib/CIFAR100_resnet_medium_prop_idx_5797_sidx_6343_eps_0.0039.vnnlib,"[""UNKNOWN""]","[""UNKNOWN""]",[null],,/data1/Kane/ACT/audit_results/r93_rerun_20260525T083118Z/gpu_stream3_20260526T132419Z/cifar100_2024/per_instance_cifar100_2024_20260526T150943698761Z.json
gpu_full,97,UNKNOWN,UNKNOWN,UNKNOWN,UNKNOWN,5.988,,False,,PASSED,,onnx/CIFAR100_resnet_medium.onnx,vnnlib/CIFAR100_resnet_medium_prop_idx_5894_sidx_5577_eps_0.0039.vnnlib,"[""UNKNOWN""]","[""UNKNOWN""]",[null],,/data1/Kane/ACT/audit_results/r93_rerun_20260525T083118Z/gpu_stream3_20260526T132419Z/cifar100_2024/per_instance_cifar100_2024_20260526T150954654317Z.json
gpu_full,98,UNKNOWN,UNKNOWN,UNKNOWN,UNKNOWN,5.637,,False,,PASSED,,onnx/CIFAR100_resnet_medium.onnx,vnnlib/CIFAR100_resnet_medium_prop_idx_3852_sidx_2848_eps_0.0039.vnnlib,"[""UNKNOWN""]","[""UNKNOWN""]",[null],,/data1/Kane/ACT/audit_results/r93_rerun_20260525T083118Z/gpu_stream3_20260526T132419Z/cifar100_2024/per_instance_cifar100_2024_20260526T151005970473Z.json
gpu_full,99,UNKNOWN,UNKNOWN,UNKNOWN,UNKNOWN,6.42,,False,,PASSED,,onnx/CIFAR100_resnet_medium.onnx,vnnlib/CIFAR100_resnet_medium_prop_idx_2925_sidx_8815_eps_0.0039.vnnlib,"[""UNKNOWN""]","[""UNKNOWN""]",[null],,/data1/Kane/ACT/audit_results/r93_rerun_20260525T083118Z/gpu_stream3_20260526T132419Z/cifar100_2024/per_instance_cifar100_2024_20260526T151017454521Z.json
oom_rerun,100,UNKNOWN,UNKNOWN,UNKNOWN,UNKNOWN,31.31,,False,,PASSED,,onnx/CIFAR100_resnet_large.onnx,vnnlib/CIFAR100_resnet_large_prop_idx_496_sidx_1194_eps_0.0039.vnnlib,"[""UNKNOWN""]","[""UNKNOWN""]",[null],,/data1/Kane/ACT/audit_results/r93_rerun_20260525T083118Z/oom_rerun_20260527T012601Z/cifar100_2024/per_instance_cifar100_2024_20260527T013548490039Z.json
oom_rerun,101,UNKNOWN,UNKNOWN,UNKNOWN,UNKNOWN,25.801,,False,,PASSED,,onnx/CIFAR100_resnet_large.onnx,vnnlib/CIFAR100_resnet_large_prop_idx_4385_sidx_9116_eps_0.0039.vnnlib,"[""UNKNOWN""]","[""UNKNOWN""]",[null],,/data1/Kane/ACT/audit_results/r93_rerun_20260525T083118Z/oom_rerun_20260527T012601Z/cifar100_2024/per_instance_cifar100_2024_20260527T013620039436Z.json
oom_rerun,102,UNKNOWN,UNKNOWN,UNKNOWN,UNKNOWN,18.294,,False,,PASSED,,onnx/CIFAR100_resnet_large.onnx,vnnlib/CIFAR100_resnet_large_prop_idx_5308_sidx_1650_eps_0.0039.vnnlib,"[""UNKNOWN""]","[""UNKNOWN""]",[null],,/data1/Kane/ACT/audit_results/r93_rerun_20260525T083118Z/oom_rerun_20260527T012601Z/cifar100_2024/per_instance_cifar100_2024_20260527T013644891436Z.json
oom_rerun,103,UNKNOWN,UNKNOWN,UNKNOWN,UNKNOWN,21.619,,False,,PASSED,,onnx/CIFAR100_resnet_large.onnx,vnnlib/CIFAR100_resnet_large_prop_idx_4757_sidx_803_eps_0.0039.vnnlib,"[""UNKNOWN""]","[""UNKNOWN""]",[null],,/data1/Kane/ACT/audit_results/r93_rerun_20260525T083118Z/oom_rerun_20260527T012601Z/cifar100_2024/per_instance_cifar100_2024_20260527T013712487241Z.json
oom_rerun,104,UNKNOWN,UNKNOWN,UNKNOWN,UNKNOWN,17.713,,False,,PASSED,,onnx/CIFAR100_resnet_large.onnx,vnnlib/CIFAR100_resnet_large_prop_idx_4227_sidx_5883_eps_0.0039.vnnlib,"[""UNKNOWN""]","[""UNKNOWN""]",[null],,/data1/Kane/ACT/audit_results/r93_rerun_20260525T083118Z/oom_rerun_20260527T012601Z/cifar100_2024/per_instance_cifar100_2024_20260527T013735287467Z.json
oom_rerun,105,UNKNOWN,UNKNOWN,UNKNOWN,UNKNOWN,16.426,,False,,PASSED,,onnx/CIFAR100_resnet_large.onnx,vnnlib/CIFAR100_resnet_large_prop_idx_8589_sidx_3105_eps_0.0039.vnnlib,"[""UNKNOWN""]","[""UNKNOWN""]",[null],,/data1/Kane/ACT/audit_results/r93_rerun_20260525T083118Z/oom_rerun_20260527T012601Z/cifar100_2024/per_instance_cifar100_2024_20260527T013756096447Z.json
oom_rerun,106,UNKNOWN,UNKNOWN,UNKNOWN,UNKNOWN,14.176,,False,,PASSED,,onnx/CIFAR100_resnet_large.onnx,vnnlib/CIFAR100_resnet_large_prop_idx_8476_sidx_3906_eps_0.0039.vnnlib,"[""UNKNOWN""]","[""UNKNOWN""]",[null],,/data1/Kane/ACT/audit_results/r93_rerun_20260525T083118Z/oom_rerun_20260527T012601Z/cifar100_2024/per_instance_cifar100_2024_20260527T013814710130Z.json
oom_rerun,107,UNKNOWN,UNKNOWN,UNKNOWN,UNKNOWN,14.099,,False,,PASSED,,onnx/CIFAR100_resnet_large.onnx,vnnlib/CIFAR100_resnet_large_prop_idx_1456_sidx_5797_eps_0.0039.vnnlib,"[""UNKNOWN""]","[""UNKNOWN""]",[null],,/data1/Kane/ACT/audit_results/r93_rerun_20260525T083118Z/oom_rerun_20260527T012601Z/cifar100_2024/per_instance_cifar100_2024_20260527T013833039378Z.json
oom_rerun,109,UNKNOWN,UNKNOWN,UNKNOWN,UNKNOWN,14.506,,False,,PASSED,,onnx/CIFAR100_resnet_large.onnx,vnnlib/CIFAR100_resnet_large_prop_idx_9778_sidx_7516_eps_0.0039.vnnlib,"[""UNKNOWN""]","[""UNKNOWN""]",[null],,/data1/Kane/ACT/audit_results/r93_rerun_20260525T083118Z/oom_rerun_20260527T012601Z/cifar100_2024/per_instance_cifar100_2024_20260527T013851404359Z.json
oom_rerun,113,UNKNOWN,UNKNOWN,UNKNOWN,UNKNOWN,13.238,,False,,PASSED,,onnx/CIFAR100_resnet_large.onnx,vnnlib/CIFAR100_resnet_large_prop_idx_1439_sidx_8354_eps_0.0039.vnnlib,"[""UNKNOWN""]","[""UNKNOWN""]",[null],,/data1/Kane/ACT/audit_results/r93_rerun_20260525T083118Z/oom_rerun_20260527T012601Z/cifar100_2024/per_instance_cifar100_2024_20260527T013908690284Z.json
oom_rerun,114,UNKNOWN,UNKNOWN,UNKNOWN,UNKNOWN,13.876,,False,,PASSED,,onnx/CIFAR100_resnet_large.onnx,vnnlib/CIFAR100_resnet_large_prop_idx_3585_sidx_3469_eps_0.0039.vnnlib,"[""UNKNOWN""]","[""UNKNOWN""]",[null],,/data1/Kane/ACT/audit_results/r93_rerun_20260525T083118Z/oom_rerun_20260527T012601Z/cifar100_2024/per_instance_cifar100_2024_20260527T013926444403Z.json
oom_rerun,115,UNKNOWN,UNKNOWN,UNKNOWN,UNKNOWN,14.893,,False,,PASSED,,onnx/CIFAR100_resnet_large.onnx,vnnlib/CIFAR100_resnet_large_prop_idx_2636_sidx_1992_eps_0.0039.vnnlib,"[""UNKNOWN""]","[""UNKNOWN""]",[null],,/data1/Kane/ACT/audit_results/r93_rerun_20260525T083118Z/oom_rerun_20260527T012601Z/cifar100_2024/per_instance_cifar100_2024_20260527T013945418579Z.json
oom_rerun,116,UNKNOWN,UNKNOWN,UNKNOWN,UNKNOWN,13.325,,False,,PASSED,,onnx/CIFAR100_resnet_large.onnx,vnnlib/CIFAR100_resnet_large_prop_idx_6101_sidx_3593_eps_0.0039.vnnlib,"[""UNKNOWN""]","[""UNKNOWN""]",[null],,/data1/Kane/ACT/audit_results/r93_rerun_20260525T083118Z/oom_rerun_20260527T012601Z/cifar100_2024/per_instance_cifar100_2024_20260527T014002983654Z.json
oom_rerun,117,UNKNOWN,UNKNOWN,UNKNOWN,UNKNOWN,13.454,,False,,PASSED,,onnx/CIFAR100_resnet_large.onnx,vnnlib/CIFAR100_resnet_large_prop_idx_1059_sidx_6596_eps_0.0039.vnnlib,"[""UNKNOWN""]","[""UNKNOWN""]",[null],,/data1/Kane/ACT/audit_results/r93_rerun_20260525T083118Z/oom_rerun_20260527T012601Z/cifar100_2024/per_instance_cifar100_2024_20260527T014020774357Z.json
oom_rerun,118,UNKNOWN,UNKNOWN,UNKNOWN,UNKNOWN,14.708,,False,,PASSED,,onnx/CIFAR100_resnet_large.onnx,vnnlib/CIFAR100_resnet_large_prop_idx_9773_sidx_3718_eps_0.0039.vnnlib,"[""UNKNOWN""]","[""UNKNOWN""]",[null],,/data1/Kane/ACT/audit_results/r93_rerun_20260525T083118Z/oom_rerun_20260527T012601Z/cifar100_2024/per_instance_cifar100_2024_20260527T014039373666Z.json
oom_rerun,119,UNKNOWN,UNKNOWN,UNKNOWN,UNKNOWN,13.579,,False,,PASSED,,onnx/CIFAR100_resnet_large.onnx,vnnlib/CIFAR100_resnet_large_prop_idx_7890_sidx_4421_eps_0.0039.vnnlib,"[""UNKNOWN""]","[""UNKNOWN""]",[null],,/data1/Kane/ACT/audit_results/r93_rerun_20260525T083118Z/oom_rerun_20260527T012601Z/cifar100_2024/per_instance_cifar100_2024_20260527T014056662952Z.json
oom_rerun,120,UNKNOWN,UNKNOWN,UNKNOWN,UNKNOWN,13.268,,False,,PASSED,,onnx/CIFAR100_resnet_large.onnx,vnnlib/CIFAR100_resnet_large_prop_idx_2993_sidx_2485_eps_0.0039.vnnlib,"[""UNKNOWN""]","[""UNKNOWN""]",[null],,/data1/Kane/ACT/audit_results/r93_rerun_20260525T083118Z/oom_rerun_20260527T012601Z/cifar100_2024/per_instance_cifar100_2024_20260527T014113819177Z.json
oom_rerun,121,UNKNOWN,UNKNOWN,UNKNOWN,UNKNOWN,13.841,,False,,PASSED,,onnx/CIFAR100_resnet_large.onnx,vnnlib/CIFAR100_resnet_large_prop_idx_1105_sidx_9000_eps_0.0039.vnnlib,"[""UNKNOWN""]","[""UNKNOWN""]",[null],,/data1/Kane/ACT/audit_results/r93_rerun_20260525T083118Z/oom_rerun_20260527T012601Z/cifar100_2024/per_instance_cifar100_2024_20260527T014131414589Z.json
oom_rerun,122,UNKNOWN,UNKNOWN,UNKNOWN,UNKNOWN,14.21,,False,,PASSED,,onnx/CIFAR100_resnet_large.onnx,vnnlib/CIFAR100_resnet_large_prop_idx_383_sidx_3388_eps_0.0039.vnnlib,"[""UNKNOWN""]","[""UNKNOWN""]",[null],,/data1/Kane/ACT/audit_results/r93_rerun_20260525T083118Z/oom_rerun_20260527T012601Z/cifar100_2024/per_instance_cifar100_2024_20260527T014149375467Z.json
oom_rerun,123,UNKNOWN,UNKNOWN,UNKNOWN,UNKNOWN,15.589,,False,,PASSED,,onnx/CIFAR100_resnet_large.onnx,vnnlib/CIFAR100_resnet_large_prop_idx_6341_sidx_3142_eps_0.0039.vnnlib,"[""UNKNOWN""]","[""UNKNOWN""]",[null],,/data1/Kane/ACT/audit_results/r93_rerun_20260525T083118Z/oom_rerun_20260527T012601Z/cifar100_2024/per_instance_cifar100_2024_20260527T014208735313Z.json
oom_rerun,124,UNKNOWN,UNKNOWN,UNKNOWN,UNKNOWN,14.866,,False,,PASSED,,onnx/CIFAR100_resnet_large.onnx,vnnlib/CIFAR100_resnet_large_prop_idx_2132_sidx_6868_eps_0.0039.vnnlib,"[""UNKNOWN""]","[""UNKNOWN""]",[null],,/data1/Kane/ACT/audit_results/r93_rerun_20260525T083118Z/oom_rerun_20260527T012601Z/cifar100_2024/per_instance_cifar100_2024_20260527T014227572317Z.json
oom_rerun,125,UNKNOWN,UNKNOWN,UNKNOWN,UNKNOWN,15.393,,False,,PASSED,,onnx/CIFAR100_resnet_large.onnx,vnnlib/CIFAR100_resnet_large_prop_idx_3443_sidx_918_eps_0.0039.vnnlib,"[""UNKNOWN""]","[""UNKNOWN""]",[null],,/data1/Kane/ACT/audit_results/r93_rerun_20260525T083118Z/oom_rerun_20260527T012601Z/cifar100_2024/per_instance_cifar100_2024_20260527T014247123113Z.json
oom_rerun,126,UNKNOWN,UNKNOWN,UNKNOWN,UNKNOWN,15.207,,False,,PASSED,,onnx/CIFAR100_resnet_large.onnx,vnnlib/CIFAR100_resnet_large_prop_idx_8119_sidx_972_eps_0.0039.vnnlib,"[""UNKNOWN""]","[""UNKNOWN""]",[null],,/data1/Kane/ACT/audit_results/r93_rerun_20260525T083118Z/oom_rerun_20260527T012601Z/cifar100_2024/per_instance_cifar100_2024_20260527T014306383420Z.json
oom_rerun,127,UNKNOWN,UNKNOWN,UNKNOWN,UNKNOWN,14.951,,False,,PASSED,,onnx/CIFAR100_resnet_large.onnx,vnnlib/CIFAR100_resnet_large_prop_idx_484_sidx_161_eps_0.0039.vnnlib,"[""UNKNOWN""]","[""UNKNOWN""]",[null],,/data1/Kane/ACT/audit_results/r93_rerun_20260525T083118Z/oom_rerun_20260527T012601Z/cifar100_2024/per_instance_cifar100_2024_20260527T014325081545Z.json
oom_rerun,128,UNKNOWN,UNKNOWN,UNKNOWN,UNKNOWN,13.725,,False,,PASSED,,onnx/CIFAR100_resnet_large.onnx,vnnlib/CIFAR100_resnet_large_prop_idx_62_sidx_313_eps_0.0039.vnnlib,"[""UNKNOWN""]","[""UNKNOWN""]",[null],,/data1/Kane/ACT/audit_results/r93_rerun_20260525T083118Z/oom_rerun_20260527T012601Z/cifar100_2024/per_instance_cifar100_2024_20260527T014342496544Z.json
oom_rerun,129,UNKNOWN,UNKNOWN,UNKNOWN,UNKNOWN,14.05,,False,,PASSED,,onnx/CIFAR100_resnet_large.onnx,vnnlib/CIFAR100_resnet_large_prop_idx_6269_sidx_6873_eps_0.0039.vnnlib,"[""UNKNOWN""]","[""UNKNOWN""]",[null],,/data1/Kane/ACT/audit_results/r93_rerun_20260525T083118Z/oom_rerun_20260527T012601Z/cifar100_2024/per_instance_cifar100_2024_20260527T014400231967Z.json
oom_rerun,130,UNKNOWN,UNKNOWN,UNKNOWN,UNKNOWN,14.655,,False,,PASSED,,onnx/CIFAR100_resnet_large.onnx,vnnlib/CIFAR100_resnet_large_prop_idx_3703_sidx_3842_eps_0.0039.vnnlib,"[""UNKNOWN""]","[""UNKNOWN""]",[null],,/data1/Kane/ACT/audit_results/r93_rerun_20260525T083118Z/oom_rerun_20260527T012601Z/cifar100_2024/per_instance_cifar100_2024_20260527T014418911411Z.json
oom_rerun,131,UNKNOWN,UNKNOWN,UNKNOWN,UNKNOWN,22.511,,False,,PASSED,,onnx/CIFAR100_resnet_large.onnx,vnnlib/CIFAR100_resnet_large_prop_idx_2998_sidx_6947_eps_0.0039.vnnlib,"[""UNKNOWN""]","[""UNKNOWN""]",[null],,/data1/Kane/ACT/audit_results/r93_rerun_20260525T083118Z/oom_rerun_20260527T012601Z/cifar100_2024/per_instance_cifar100_2024_20260527T014446466303Z.json
oom_rerun,132,UNKNOWN,UNKNOWN,UNKNOWN,UNKNOWN,20.321,,False,,PASSED,,onnx/CIFAR100_resnet_large.onnx,vnnlib/CIFAR100_resnet_large_prop_idx_7926_sidx_589_eps_0.0039.vnnlib,"[""UNKNOWN""]","[""UNKNOWN""]",[null],,/data1/Kane/ACT/audit_results/r93_rerun_20260525T083118Z/oom_rerun_20260527T012601Z/cifar100_2024/per_instance_cifar100_2024_20260527T014512672134Z.json
oom_rerun,133,UNKNOWN,UNKNOWN,UNKNOWN,UNKNOWN,26.871,,False,,PASSED,,onnx/CIFAR100_resnet_large.onnx,vnnlib/CIFAR100_resnet_large_prop_idx_3681_sidx_4987_eps_0.0039.vnnlib,"[""UNKNOWN""]","[""UNKNOWN""]",[null],,/data1/Kane/ACT/audit_results/r93_rerun_20260525T083118Z/oom_rerun_20260527T012601Z/cifar100_2024/per_instance_cifar100_2024_20260527T014545201545Z.json
oom_rerun,134,UNKNOWN,UNKNOWN,UNKNOWN,UNKNOWN,20.413,,False,,PASSED,,onnx/CIFAR100_resnet_large.onnx,vnnlib/CIFAR100_resnet_large_prop_idx_5410_sidx_2762_eps_0.0039.vnnlib,"[""UNKNOWN""]","[""UNKNOWN""]",[null],,/data1/Kane/ACT/audit_results/r93_rerun_20260525T083118Z/oom_rerun_20260527T012601Z/cifar100_2024/per_instance_cifar100_2024_20260527T014612996752Z.json
oom_rerun,135,UNKNOWN,UNKNOWN,UNKNOWN,UNKNOWN,23.093,,False,,PASSED,,onnx/CIFAR100_resnet_large.onnx,vnnlib/CIFAR100_resnet_large_prop_idx_1280_sidx_5310_eps_0.0039.vnnlib,"[""UNKNOWN""]","[""UNKNOWN""]",[null],,/data1/Kane/ACT/audit_results/r93_rerun_20260525T083118Z/oom_rerun_20260527T012601Z/cifar100_2024/per_instance_cifar100_2024_20260527T014641218028Z.json
oom_rerun,137,UNKNOWN,UNKNOWN,UNKNOWN,UNKNOWN,27.965,,False,,PASSED,,onnx/CIFAR100_resnet_large.onnx,vnnlib/CIFAR100_resnet_large_prop_idx_2724_sidx_6459_eps_0.0039.vnnlib,"[""UNKNOWN""]","[""UNKNOWN""]",[null],,/data1/Kane/ACT/audit_results/r93_rerun_20260525T083118Z/oom_rerun_20260527T012601Z/cifar100_2024/per_instance_cifar100_2024_20260527T014715150825Z.json
oom_rerun,138,UNKNOWN,UNKNOWN,UNKNOWN,UNKNOWN,23.62,,False,,PASSED,,onnx/CIFAR100_resnet_large.onnx,vnnlib/CIFAR100_resnet_large_prop_idx_3894_sidx_5803_eps_0.0039.vnnlib,"[""UNKNOWN""]","[""UNKNOWN""]",[null],,/data1/Kane/ACT/audit_results/r93_rerun_20260525T083118Z/oom_rerun_20260527T012601Z/cifar100_2024/per_instance_cifar100_2024_20260527T014744397983Z.json
oom_rerun,140,UNKNOWN,UNKNOWN,UNKNOWN,UNKNOWN,20.209,,False,,PASSED,,onnx/CIFAR100_resnet_large.onnx,vnnlib/CIFAR100_resnet_large_prop_idx_8005_sidx_2582_eps_0.0039.vnnlib,"[""UNKNOWN""]","[""UNKNOWN""]",[null],,/data1/Kane/ACT/audit_results/r93_rerun_20260525T083118Z/oom_rerun_20260527T012601Z/cifar100_2024/per_instance_cifar100_2024_20260527T014809300680Z.json
oom_rerun,141,UNKNOWN,UNKNOWN,UNKNOWN,UNKNOWN,16.626,,False,,PASSED,,onnx/CIFAR100_resnet_large.onnx,vnnlib/CIFAR100_resnet_large_prop_idx_1298_sidx_33_eps_0.0039.vnnlib,"[""UNKNOWN""]","[""UNKNOWN""]",[null],,/data1/Kane/ACT/audit_results/r93_rerun_20260525T083118Z/oom_rerun_20260527T012601Z/cifar100_2024/per_instance_cifar100_2024_20260527T014831035595Z.json
oom_rerun,142,UNKNOWN,UNKNOWN,UNKNOWN,UNKNOWN,14.606,,False,,PASSED,,onnx/CIFAR100_resnet_large.onnx,vnnlib/CIFAR100_resnet_large_prop_idx_9935_sidx_75_eps_0.0039.vnnlib,"[""UNKNOWN""]","[""UNKNOWN""]",[null],,/data1/Kane/ACT/audit_results/r93_rerun_20260525T083118Z/oom_rerun_20260527T012601Z/cifar100_2024/per_instance_cifar100_2024_20260527T014849966171Z.json
oom_rerun,143,UNKNOWN,UNKNOWN,UNKNOWN,UNKNOWN,13.96,,False,,PASSED,,onnx/CIFAR100_resnet_large.onnx,vnnlib/CIFAR100_resnet_large_prop_idx_276_sidx_476_eps_0.0039.vnnlib,"[""UNKNOWN""]","[""UNKNOWN""]",[null],,/data1/Kane/ACT/audit_results/r93_rerun_20260525T083118Z/oom_rerun_20260527T012601Z/cifar100_2024/per_instance_cifar100_2024_20260527T014908079743Z.json
oom_rerun,146,UNKNOWN,UNKNOWN,UNKNOWN,UNKNOWN,15.517,,False,,PASSED,,onnx/CIFAR100_resnet_large.onnx,vnnlib/CIFAR100_resnet_large_prop_idx_4862_sidx_9853_eps_0.0039.vnnlib,"[""UNKNOWN""]","[""UNKNOWN""]",[null],,/data1/Kane/ACT/audit_results/r93_rerun_20260525T083118Z/oom_rerun_20260527T012601Z/cifar100_2024/per_instance_cifar100_2024_20260527T014927637052Z.json
oom_rerun,147,UNKNOWN,UNKNOWN,UNKNOWN,UNKNOWN,13.296,,False,,PASSED,,onnx/CIFAR100_resnet_large.onnx,vnnlib/CIFAR100_resnet_large_prop_idx_7554_sidx_8201_eps_0.0039.vnnlib,"[""UNKNOWN""]","[""UNKNOWN""]",[null],,/data1/Kane/ACT/audit_results/r93_rerun_20260525T083118Z/oom_rerun_20260527T012601Z/cifar100_2024/per_instance_cifar100_2024_20260527T014944893480Z.json
oom_rerun,148,UNKNOWN,UNKNOWN,UNKNOWN,UNKNOWN,14.648,,False,,PASSED,,onnx/CIFAR100_resnet_large.onnx,vnnlib/CIFAR100_resnet_large_prop_idx_4571_sidx_3801_eps_0.0039.vnnlib,"[""UNKNOWN""]","[""UNKNOWN""]",[null],,/data1/Kane/ACT/audit_results/r93_rerun_20260525T083118Z/oom_rerun_20260527T012601Z/cifar100_2024/per_instance_cifar100_2024_20260527T015004097524Z.json
oom_rerun,149,UNKNOWN,UNKNOWN,UNKNOWN,UNKNOWN,17.882,,False,,PASSED,,onnx/CIFAR100_resnet_large.onnx,vnnlib/CIFAR100_resnet_large_prop_idx_5769_sidx_1524_eps_0.0039.vnnlib,"[""UNKNOWN""]","[""UNKNOWN""]",[null],,/data1/Kane/ACT/audit_results/r93_rerun_20260525T083118Z/oom_rerun_20260527T012601Z/cifar100_2024/per_instance_cifar100_2024_20260527T015025973327Z.json
oom_rerun,150,UNKNOWN,UNKNOWN,UNKNOWN,UNKNOWN,15.725,,False,,PASSED,,onnx/CIFAR100_resnet_large.onnx,vnnlib/CIFAR100_resnet_large_prop_idx_8748_sidx_4804_eps_0.0039.vnnlib,"[""UNKNOWN""]","[""UNKNOWN""]",[null],,/data1/Kane/ACT/audit_results/r93_rerun_20260525T083118Z/oom_rerun_20260527T012601Z/cifar100_2024/per_instance_cifar100_2024_20260527T015045896081Z.json
oom_rerun,151,UNKNOWN,UNKNOWN,UNKNOWN,UNKNOWN,16.178,,False,,PASSED,,onnx/CIFAR100_resnet_large.onnx,vnnlib/CIFAR100_resnet_large_prop_idx_3950_sidx_4217_eps_0.0039.vnnlib,"[""UNKNOWN""]","[""UNKNOWN""]",[null],,/data1/Kane/ACT/audit_results/r93_rerun_20260525T083118Z/oom_rerun_20260527T012601Z/cifar100_2024/per_instance_cifar100_2024_20260527T015105797785Z.json
oom_rerun,152,UNKNOWN,UNKNOWN,UNKNOWN,UNKNOWN,14.125,,False,,PASSED,,onnx/CIFAR100_resnet_large.onnx,vnnlib/CIFAR100_resnet_large_prop_idx_7886_sidx_7064_eps_0.0039.vnnlib,"[""UNKNOWN""]","[""UNKNOWN""]",[null],,/data1/Kane/ACT/audit_results/r93_rerun_20260525T083118Z/oom_rerun_20260527T012601Z/cifar100_2024/per_instance_cifar100_2024_20260527T015123825893Z.json
oom_rerun,155,UNKNOWN,UNKNOWN,UNKNOWN,UNKNOWN,15.092,,False,,PASSED,,onnx/CIFAR100_resnet_large.onnx,vnnlib/CIFAR100_resnet_large_prop_idx_8332_sidx_4482_eps_0.0039.vnnlib,"[""UNKNOWN""]","[""UNKNOWN""]",[null],,/data1/Kane/ACT/audit_results/r93_rerun_20260525T083118Z/oom_rerun_20260527T012601Z/cifar100_2024/per_instance_cifar100_2024_20260527T015142683004Z.json
oom_rerun,156,UNKNOWN,UNKNOWN,UNKNOWN,UNKNOWN,13.437,,False,,PASSED,,onnx/CIFAR100_resnet_large.onnx,vnnlib/CIFAR100_resnet_large_prop_idx_2302_sidx_3657_eps_0.0039.vnnlib,"[""UNKNOWN""]","[""UNKNOWN""]",[null],,/data1/Kane/ACT/audit_results/r93_rerun_20260525T083118Z/oom_rerun_20260527T012601Z/cifar100_2024/per_instance_cifar100_2024_20260527T015200508979Z.json
oom_rerun,157,UNKNOWN,UNKNOWN,UNKNOWN,UNKNOWN,14.016,,False,,PASSED,,onnx/CIFAR100_resnet_large.onnx,vnnlib/CIFAR100_resnet_large_prop_idx_7104_sidx_9469_eps_0.0039.vnnlib,"[""UNKNOWN""]","[""UNKNOWN""]",[null],,/data1/Kane/ACT/audit_results/r93_rerun_20260525T083118Z/oom_rerun_20260527T012601Z/cifar100_2024/per_instance_cifar100_2024_20260527T015218177895Z.json
oom_rerun,159,UNKNOWN,UNKNOWN,UNKNOWN,UNKNOWN,13.368,,False,,PASSED,,onnx/CIFAR100_resnet_large.onnx,vnnlib/CIFAR100_resnet_large_prop_idx_6491_sidx_3620_eps_0.0039.vnnlib,"[""UNKNOWN""]","[""UNKNOWN""]",[null],,/data1/Kane/ACT/audit_results/r93_rerun_20260525T083118Z/oom_rerun_20260527T012601Z/cifar100_2024/per_instance_cifar100_2024_20260527T015235464739Z.json
oom_rerun,161,UNKNOWN,UNKNOWN,UNKNOWN,UNKNOWN,13.989,,False,,PASSED,,onnx/CIFAR100_resnet_large.onnx,vnnlib/CIFAR100_resnet_large_prop_idx_8502_sidx_2893_eps_0.0039.vnnlib,"[""UNKNOWN""]","[""UNKNOWN""]",[null],,/data1/Kane/ACT/audit_results/r93_rerun_20260525T083118Z/oom_rerun_20260527T012601Z/cifar100_2024/per_instance_cifar100_2024_20260527T015253229583Z.json
oom_rerun,162,UNKNOWN,UNKNOWN,UNKNOWN,UNKNOWN,15.138,,False,,PASSED,,onnx/CIFAR100_resnet_large.onnx,vnnlib/CIFAR100_resnet_large_prop_idx_3143_sidx_9413_eps_0.0039.vnnlib,"[""UNKNOWN""]","[""UNKNOWN""]",[null],,/data1/Kane/ACT/audit_results/r93_rerun_20260525T083118Z/oom_rerun_20260527T012601Z/cifar100_2024/per_instance_cifar100_2024_20260527T015312382687Z.json
oom_rerun,163,UNKNOWN,UNKNOWN,UNKNOWN,UNKNOWN,15.014,,False,,PASSED,,onnx/CIFAR100_resnet_large.onnx,vnnlib/CIFAR100_resnet_large_prop_idx_656_sidx_2209_eps_0.0039.vnnlib,"[""UNKNOWN""]","[""UNKNOWN""]",[null],,/data1/Kane/ACT/audit_results/r93_rerun_20260525T083118Z/oom_rerun_20260527T012601Z/cifar100_2024/per_instance_cifar100_2024_20260527T015331199474Z.json
oom_rerun,164,UNKNOWN,UNKNOWN,UNKNOWN,UNKNOWN,14.783,,False,,PASSED,,onnx/CIFAR100_resnet_large.onnx,vnnlib/CIFAR100_resnet_large_prop_idx_4322_sidx_9995_eps_0.0039.vnnlib,"[""UNKNOWN""]","[""UNKNOWN""]",[null],,/data1/Kane/ACT/audit_results/r93_rerun_20260525T083118Z/oom_rerun_20260527T012601Z/cifar100_2024/per_instance_cifar100_2024_20260527T015350049866Z.json
oom_rerun,165,UNKNOWN,UNKNOWN,UNKNOWN,UNKNOWN,17.542,,False,,PASSED,,onnx/CIFAR100_resnet_large.onnx,vnnlib/CIFAR100_resnet_large_prop_idx_5804_sidx_1885_eps_0.0039.vnnlib,"[""UNKNOWN""]","[""UNKNOWN""]",[null],,/data1/Kane/ACT/audit_results/r93_rerun_20260525T083118Z/oom_rerun_20260527T012601Z/cifar100_2024/per_instance_cifar100_2024_20260527T015411367473Z.json
oom_rerun,167,UNKNOWN,UNKNOWN,UNKNOWN,UNKNOWN,14.955,,False,,PASSED,,onnx/CIFAR100_resnet_large.onnx,vnnlib/CIFAR100_resnet_large_prop_idx_2461_sidx_2912_eps_0.0039.vnnlib,"[""UNKNOWN""]","[""UNKNOWN""]",[null],,/data1/Kane/ACT/audit_results/r93_rerun_20260525T083118Z/oom_rerun_20260527T012601Z/cifar100_2024/per_instance_cifar100_2024_20260527T015430577008Z.json
oom_rerun,169,UNKNOWN,UNKNOWN,UNKNOWN,UNKNOWN,23.809,,False,,PASSED,,onnx/CIFAR100_resnet_large.onnx,vnnlib/CIFAR100_resnet_large_prop_idx_5810_sidx_7106_eps_0.0039.vnnlib,"[""UNKNOWN""]","[""UNKNOWN""]",[null],,/data1/Kane/ACT/audit_results/r93_rerun_20260525T083118Z/oom_rerun_20260527T012601Z/cifar100_2024/per_instance_cifar100_2024_20260527T015500065324Z.json
oom_rerun,170,UNKNOWN,UNKNOWN,UNKNOWN,UNKNOWN,23.655,,False,,PASSED,,onnx/CIFAR100_resnet_large.onnx,vnnlib/CIFAR100_resnet_large_prop_idx_6343_sidx_1886_eps_0.0039.vnnlib,"[""UNKNOWN""]","[""UNKNOWN""]",[null],,/data1/Kane/ACT/audit_results/r93_rerun_20260525T083118Z/oom_rerun_20260527T012601Z/cifar100_2024/per_instance_cifar100_2024_20260527T015529320676Z.json
oom_rerun,171,UNKNOWN,UNKNOWN,UNKNOWN,UNKNOWN,19.876,,False,,PASSED,,onnx/CIFAR100_resnet_large.onnx,vnnlib/CIFAR100_resnet_large_prop_idx_9640_sidx_7273_eps_0.0039.vnnlib,"[""UNKNOWN""]","[""UNKNOWN""]",[null],,/data1/Kane/ACT/audit_results/r93_rerun_20260525T083118Z/oom_rerun_20260527T012601Z/cifar100_2024/per_instance_cifar100_2024_20260527T015554460749Z.json
oom_rerun,172,UNKNOWN,UNKNOWN,UNKNOWN,UNKNOWN,14.602,,False,,PASSED,,onnx/CIFAR100_resnet_large.onnx,vnnlib/CIFAR100_resnet_large_prop_idx_5522_sidx_5863_eps_0.0039.vnnlib,"[""UNKNOWN""]","[""UNKNOWN""]",[null],,/data1/Kane/ACT/audit_results/r93_rerun_20260525T083118Z/oom_rerun_20260527T012601Z/cifar100_2024/per_instance_cifar100_2024_20260527T015613491950Z.json
oom_rerun,174,UNKNOWN,UNKNOWN,UNKNOWN,UNKNOWN,21.561,,False,,PASSED,,onnx/CIFAR100_resnet_large.onnx,vnnlib/CIFAR100_resnet_large_prop_idx_8865_sidx_700_eps_0.0039.vnnlib,"[""UNKNOWN""]","[""UNKNOWN""]",[null],,/data1/Kane/ACT/audit_results/r93_rerun_20260525T083118Z/oom_rerun_20260527T012601Z/cifar100_2024/per_instance_cifar100_2024_20260527T015639536156Z.json
oom_rerun,175,UNKNOWN,UNKNOWN,UNKNOWN,UNKNOWN,22.097,,False,,PASSED,,onnx/CIFAR100_resnet_large.onnx,vnnlib/CIFAR100_resnet_large_prop_idx_8395_sidx_8915_eps_0.0039.vnnlib,"[""UNKNOWN""]","[""UNKNOWN""]",[null],,/data1/Kane/ACT/audit_results/r93_rerun_20260525T083118Z/oom_rerun_20260527T012601Z/cifar100_2024/per_instance_cifar100_2024_20260527T015706143687Z.json
oom_rerun,176,UNKNOWN,UNKNOWN,UNKNOWN,UNKNOWN,18.101,,False,,PASSED,,onnx/CIFAR100_resnet_large.onnx,vnnlib/CIFAR100_resnet_large_prop_idx_9883_sidx_7162_eps_0.0039.vnnlib,"[""UNKNOWN""]","[""UNKNOWN""]",[null],,/data1/Kane/ACT/audit_results/r93_rerun_20260525T083118Z/oom_rerun_20260527T012601Z/cifar100_2024/per_instance_cifar100_2024_20260527T015728436011Z.json
oom_rerun,177,UNKNOWN,UNKNOWN,UNKNOWN,UNKNOWN,19.63,,False,,PASSED,,onnx/CIFAR100_resnet_large.onnx,vnnlib/CIFAR100_resnet_large_prop_idx_3573_sidx_2903_eps_0.0039.vnnlib,"[""UNKNOWN""]","[""UNKNOWN""]",[null],,/data1/Kane/ACT/audit_results/r93_rerun_20260525T083118Z/oom_rerun_20260527T012601Z/cifar100_2024/per_instance_cifar100_2024_20260527T015753016403Z.json
oom_rerun,178,UNKNOWN,UNKNOWN,UNKNOWN,UNKNOWN,17.689,,False,,PASSED,,onnx/CIFAR100_resnet_large.onnx,vnnlib/CIFAR100_resnet_large_prop_idx_6418_sidx_7923_eps_0.0039.vnnlib,"[""UNKNOWN""]","[""UNKNOWN""]",[null],,/data1/Kane/ACT/audit_results/r93_rerun_20260525T083118Z/oom_rerun_20260527T012601Z/cifar100_2024/per_instance_cifar100_2024_20260527T015815559374Z.json
oom_rerun,179,UNKNOWN,UNKNOWN,UNKNOWN,UNKNOWN,16.154,,False,,PASSED,,onnx/CIFAR100_resnet_large.onnx,vnnlib/CIFAR100_resnet_large_prop_idx_2668_sidx_2652_eps_0.0039.vnnlib,"[""UNKNOWN""]","[""UNKNOWN""]",[null],,/data1/Kane/ACT/audit_results/r93_rerun_20260525T083118Z/oom_rerun_20260527T012601Z/cifar100_2024/per_instance_cifar100_2024_20260527T015836392170Z.json
oom_rerun,181,UNKNOWN,UNKNOWN,UNKNOWN,UNKNOWN,16.793,,False,,PASSED,,onnx/CIFAR100_resnet_large.onnx,vnnlib/CIFAR100_resnet_large_prop_idx_6583_sidx_8860_eps_0.0039.vnnlib,"[""UNKNOWN""]","[""UNKNOWN""]",[null],,/data1/Kane/ACT/audit_results/r93_rerun_20260525T083118Z/oom_rerun_20260527T012601Z/cifar100_2024/per_instance_cifar100_2024_20260527T015857460923Z.json
oom_rerun,184,UNKNOWN,UNKNOWN,UNKNOWN,UNKNOWN,15.147,,False,,PASSED,,onnx/CIFAR100_resnet_large.onnx,vnnlib/CIFAR100_resnet_large_prop_idx_8012_sidx_5910_eps_0.0039.vnnlib,"[""UNKNOWN""]","[""UNKNOWN""]",[null],,/data1/Kane/ACT/audit_results/r93_rerun_20260525T083118Z/oom_rerun_20260527T012601Z/cifar100_2024/per_instance_cifar100_2024_20260527T015917382361Z.json
oom_rerun,185,UNKNOWN,UNKNOWN,UNKNOWN,UNKNOWN,15.122,,False,,PASSED,,onnx/CIFAR100_resnet_large.onnx,vnnlib/CIFAR100_resnet_large_prop_idx_7884_sidx_6926_eps_0.0039.vnnlib,"[""UNKNOWN""]","[""UNKNOWN""]",[null],,/data1/Kane/ACT/audit_results/r93_rerun_20260525T083118Z/oom_rerun_20260527T012601Z/cifar100_2024/per_instance_cifar100_2024_20260527T015936912034Z.json
oom_rerun,186,UNKNOWN,UNKNOWN,UNKNOWN,UNKNOWN,15.617,,False,,PASSED,,onnx/CIFAR100_resnet_large.onnx,vnnlib/CIFAR100_resnet_large_prop_idx_8381_sidx_4474_eps_0.0039.vnnlib,"[""UNKNOWN""]","[""UNKNOWN""]",[null],,/data1/Kane/ACT/audit_results/r93_rerun_20260525T083118Z/oom_rerun_20260527T012601Z/cifar100_2024/per_instance_cifar100_2024_20260527T015956745623Z.json
oom_rerun,187,UNKNOWN,UNKNOWN,UNKNOWN,UNKNOWN,14.989,,False,,PASSED,,onnx/CIFAR100_resnet_large.onnx,vnnlib/CIFAR100_resnet_large_prop_idx_483_sidx_7371_eps_0.0039.vnnlib,"[""UNKNOWN""]","[""UNKNOWN""]",[null],,/data1/Kane/ACT/audit_results/r93_rerun_20260525T083118Z/oom_rerun_20260527T012601Z/cifar100_2024/per_instance_cifar100_2024_20260527T020015983170Z.json
oom_rerun,188,UNKNOWN,UNKNOWN,UNKNOWN,UNKNOWN,14.176,,False,,PASSED,,onnx/CIFAR100_resnet_large.onnx,vnnlib/CIFAR100_resnet_large_prop_idx_7640_sidx_9025_eps_0.0039.vnnlib,"[""UNKNOWN""]","[""UNKNOWN""]",[null],,/data1/Kane/ACT/audit_results/r93_rerun_20260525T083118Z/oom_rerun_20260527T012601Z/cifar100_2024/per_instance_cifar100_2024_20260527T020034193059Z.json
oom_rerun,189,UNKNOWN,UNKNOWN,UNKNOWN,UNKNOWN,15.212,,False,,PASSED,,onnx/CIFAR100_resnet_large.onnx,vnnlib/CIFAR100_resnet_large_prop_idx_5230_sidx_242_eps_0.0039.vnnlib,"[""UNKNOWN""]","[""UNKNOWN""]",[null],,/data1/Kane/ACT/audit_results/r93_rerun_20260525T083118Z/oom_rerun_20260527T012601Z/cifar100_2024/per_instance_cifar100_2024_20260527T020053837546Z.json
oom_rerun,190,UNKNOWN,UNKNOWN,UNKNOWN,UNKNOWN,14.132,,False,,PASSED,,onnx/CIFAR100_resnet_large.onnx,vnnlib/CIFAR100_resnet_large_prop_idx_9476_sidx_5602_eps_0.0039.vnnlib,"[""UNKNOWN""]","[""UNKNOWN""]",[null],,/data1/Kane/ACT/audit_results/r93_rerun_20260525T083118Z/oom_rerun_20260527T012601Z/cifar100_2024/per_instance_cifar100_2024_20260527T020112153320Z.json
oom_rerun,191,UNKNOWN,UNKNOWN,UNKNOWN,UNKNOWN,15.366,,False,,PASSED,,onnx/CIFAR100_resnet_large.onnx,vnnlib/CIFAR100_resnet_large_prop_idx_7866_sidx_7980_eps_0.0039.vnnlib,"[""UNKNOWN""]","[""UNKNOWN""]",[null],,/data1/Kane/ACT/audit_results/r93_rerun_20260525T083118Z/oom_rerun_20260527T012601Z/cifar100_2024/per_instance_cifar100_2024_20260527T020131513977Z.json
oom_rerun,192,UNKNOWN,UNKNOWN,UNKNOWN,UNKNOWN,15.56,,False,,PASSED,,onnx/CIFAR100_resnet_large.onnx,vnnlib/CIFAR100_resnet_large_prop_idx_7436_sidx_5742_eps_0.0039.vnnlib,"[""UNKNOWN""]","[""UNKNOWN""]",[null],,/data1/Kane/ACT/audit_results/r93_rerun_20260525T083118Z/oom_rerun_20260527T012601Z/cifar100_2024/per_instance_cifar100_2024_20260527T020151019470Z.json
oom_rerun,193,UNKNOWN,UNKNOWN,UNKNOWN,UNKNOWN,13.577,,False,,PASSED,,onnx/CIFAR100_resnet_large.onnx,vnnlib/CIFAR100_resnet_large_prop_idx_2624_sidx_917_eps_0.0039.vnnlib,"[""UNKNOWN""]","[""UNKNOWN""]",[null],,/data1/Kane/ACT/audit_results/r93_rerun_20260525T083118Z/oom_rerun_20260527T012601Z/cifar100_2024/per_instance_cifar100_2024_20260527T020208945954Z.json
oom_rerun,195,UNKNOWN,UNKNOWN,UNKNOWN,UNKNOWN,15.519,,False,,PASSED,,onnx/CIFAR100_resnet_large.onnx,vnnlib/CIFAR100_resnet_large_prop_idx_3812_sidx_8477_eps_0.0039.vnnlib,"[""UNKNOWN""]","[""UNKNOWN""]",[null],,/data1/Kane/ACT/audit_results/r93_rerun_20260525T083118Z/oom_rerun_20260527T012601Z/cifar100_2024/per_instance_cifar100_2024_20260527T020228557787Z.json
oom_rerun,197,UNKNOWN,UNKNOWN,UNKNOWN,UNKNOWN,15.683,,False,,PASSED,,onnx/CIFAR100_resnet_large.onnx,vnnlib/CIFAR100_resnet_large_prop_idx_1590_sidx_2858_eps_0.0039.vnnlib,"[""UNKNOWN""]","[""UNKNOWN""]",[null],,/data1/Kane/ACT/audit_results/r93_rerun_20260525T083118Z/oom_rerun_20260527T012601Z/cifar100_2024/per_instance_cifar100_2024_20260527T020248134920Z.json
oom_rerun,198,UNKNOWN,UNKNOWN,UNKNOWN,UNKNOWN,15.077,,False,,PASSED,,onnx/CIFAR100_resnet_large.onnx,vnnlib/CIFAR100_resnet_large_prop_idx_6337_sidx_2381_eps_0.0039.vnnlib,"[""UNKNOWN""]","[""UNKNOWN""]",[null],,/data1/Kane/ACT/audit_results/r93_rerun_20260525T083118Z/oom_rerun_20260527T012601Z/cifar100_2024/per_instance_cifar100_2024_20260527T020307060434Z.json
