source,iid,verdict,internal_status,reportable_status,count_bucket,wall_s,watchdog_status,watchdog_synthetic,strict_bounded_failure,run_status,peak_rss_mb,onnx_model,vnnlib_spec,q_statuses,q_reportables,q_receipts,error,json_path
cpu,0,UNKNOWN,UNKNOWN,UNKNOWN,UNKNOWN,0.45,,False,,PASSED,,onnx/pensieve_small_simple.onnx,vnnlib/pensieve_simple_0.vnnlib,"[""UNKNOWN""]","[""UNKNOWN""]",[null],,/data1/Kane/ACT/audit_results/r93_rerun_20260525T083118Z/overnight_cpu_20260525T144203Z/nn4sys/per_instance_nn4sys_20260525T151222958926Z.json
cpu,1,UNKNOWN,UNKNOWN,UNKNOWN,UNKNOWN,12.853,,False,,PASSED,,onnx/pensieve_big_parallel.onnx,vnnlib/pensieve_parallel_1.vnnlib,"[""UNKNOWN""]","[""UNKNOWN""]",[null],,/data1/Kane/ACT/audit_results/r93_rerun_20260525T083118Z/overnight_cpu_20260525T144203Z/nn4sys/per_instance_nn4sys_20260525T151238362293Z.json
cpu,10,UNKNOWN,UNKNOWN,UNKNOWN,UNKNOWN,39.606,,False,,PASSED,,onnx/pensieve_big_simple.onnx,vnnlib/pensieve_simple_10.vnnlib,"[""UNKNOWN""]","[""UNKNOWN""]",[null],,/data1/Kane/ACT/audit_results/r93_rerun_20260525T083118Z/overnight_cpu_20260525T144203Z/nn4sys/per_instance_nn4sys_20260525T151410611856Z.json
cpu,105,CERTIFIED,UNSAT,CERTIFIED,CERTIFIED,1.206,,False,,PASSED,,onnx/lindex.onnx,vnnlib/lindex_1.vnnlib,"[""UNSAT"",""UNSAT""]","[""CERTIFIED"",""CERTIFIED""]","[null,null]",,/data1/Kane/ACT/audit_results/r93_rerun_20260525T083118Z/overnight_cpu_20260525T144203Z/nn4sys/per_instance_nn4sys_20260525T152133605771Z.json
cpu,106,CERTIFIED,UNSAT,CERTIFIED,CERTIFIED,3.48,,False,,PASSED,,onnx/lindex_deep.onnx,vnnlib/lindex_1.vnnlib,"[""UNSAT"",""UNSAT""]","[""CERTIFIED"",""CERTIFIED""]","[null,null]",,/data1/Kane/ACT/audit_results/r93_rerun_20260525T083118Z/overnight_cpu_20260525T144203Z/nn4sys/per_instance_nn4sys_20260525T152139858921Z.json
cpu,11,UNKNOWN,UNKNOWN,UNKNOWN,UNKNOWN,6.157,,False,,PASSED,,onnx/pensieve_mid_simple.onnx,vnnlib/pensieve_simple_11.vnnlib,"[""UNKNOWN""]","[""UNKNOWN""]",[null],,/data1/Kane/ACT/audit_results/r93_rerun_20260525T083118Z/overnight_cpu_20260525T144203Z/nn4sys/per_instance_nn4sys_20260525T151421473934Z.json
cpu,12,UNKNOWN,UNKNOWN,UNKNOWN,UNKNOWN,6.599,,False,,PASSED,,onnx/pensieve_big_simple.onnx,vnnlib/pensieve_simple_12.vnnlib,"[""UNKNOWN""]","[""UNKNOWN""]",[null],,/data1/Kane/ACT/audit_results/r93_rerun_20260525T083118Z/overnight_cpu_20260525T144203Z/nn4sys/per_instance_nn4sys_20260525T151430735562Z.json
cpu,13,UNKNOWN,UNKNOWN,UNKNOWN,UNKNOWN,0.443,,False,,PASSED,,onnx/pensieve_small_simple.onnx,vnnlib/pensieve_simple_13.vnnlib,"[""UNKNOWN""]","[""UNKNOWN""]",[null],,/data1/Kane/ACT/audit_results/r93_rerun_20260525T083118Z/overnight_cpu_20260525T144203Z/nn4sys/per_instance_nn4sys_20260525T151434075008Z.json
cpu,14,UNKNOWN,UNKNOWN,UNKNOWN,UNKNOWN,6.625,,False,,PASSED,,onnx/pensieve_big_simple.onnx,vnnlib/pensieve_simple_14.vnnlib,"[""UNKNOWN""]","[""UNKNOWN""]",[null],,/data1/Kane/ACT/audit_results/r93_rerun_20260525T083118Z/overnight_cpu_20260525T144203Z/nn4sys/per_instance_nn4sys_20260525T151443286582Z.json
cpu,15,UNKNOWN,UNKNOWN,UNKNOWN,UNKNOWN,0.434,,False,,PASSED,,onnx/pensieve_small_simple.onnx,vnnlib/pensieve_simple_15.vnnlib,"[""UNKNOWN""]","[""UNKNOWN""]",[null],,/data1/Kane/ACT/audit_results/r93_rerun_20260525T083118Z/overnight_cpu_20260525T144203Z/nn4sys/per_instance_nn4sys_20260525T151446618653Z.json
cpu,16,UNKNOWN,UNKNOWN,UNKNOWN,UNKNOWN,0.429,,False,,PASSED,,onnx/pensieve_small_simple.onnx,vnnlib/pensieve_simple_16.vnnlib,"[""UNKNOWN""]","[""UNKNOWN""]",[null],,/data1/Kane/ACT/audit_results/r93_rerun_20260525T083118Z/overnight_cpu_20260525T144203Z/nn4sys/per_instance_nn4sys_20260525T151449586282Z.json
cpu,17,UNKNOWN,UNKNOWN,UNKNOWN,UNKNOWN,0.738,,False,,PASSED,,onnx/pensieve_small_parallel.onnx,vnnlib/pensieve_parallel_17.vnnlib,"[""UNKNOWN""]","[""UNKNOWN""]",[null],,/data1/Kane/ACT/audit_results/r93_rerun_20260525T083118Z/overnight_cpu_20260525T144203Z/nn4sys/per_instance_nn4sys_20260525T151452920876Z.json
cpu,18,UNKNOWN,UNKNOWN,UNKNOWN,UNKNOWN,0.43,,False,,PASSED,,onnx/pensieve_small_simple.onnx,vnnlib/pensieve_simple_18.vnnlib,"[""UNKNOWN""]","[""UNKNOWN""]",[null],,/data1/Kane/ACT/audit_results/r93_rerun_20260525T083118Z/overnight_cpu_20260525T144203Z/nn4sys/per_instance_nn4sys_20260525T151456103715Z.json
cpu,19,UNKNOWN,UNKNOWN,UNKNOWN,UNKNOWN,0.737,,False,,PASSED,,onnx/pensieve_small_parallel.onnx,vnnlib/pensieve_parallel_19.vnnlib,"[""UNKNOWN""]","[""UNKNOWN""]",[null],,/data1/Kane/ACT/audit_results/r93_rerun_20260525T083118Z/overnight_cpu_20260525T144203Z/nn4sys/per_instance_nn4sys_20260525T151459377181Z.json
cpu,2,UNKNOWN,UNKNOWN,UNKNOWN,UNKNOWN,0.429,,False,,PASSED,,onnx/pensieve_small_simple.onnx,vnnlib/pensieve_simple_2.vnnlib,"[""UNKNOWN""]","[""UNKNOWN""]",[null],,/data1/Kane/ACT/audit_results/r93_rerun_20260525T083118Z/overnight_cpu_20260525T144203Z/nn4sys/per_instance_nn4sys_20260525T151241479954Z.json
cpu,20,UNKNOWN,UNKNOWN,UNKNOWN,UNKNOWN,0.724,,False,,PASSED,,onnx/pensieve_small_parallel.onnx,vnnlib/pensieve_parallel_20.vnnlib,"[""UNKNOWN""]","[""UNKNOWN""]",[null],,/data1/Kane/ACT/audit_results/r93_rerun_20260525T083118Z/overnight_cpu_20260525T144203Z/nn4sys/per_instance_nn4sys_20260525T151502908772Z.json
cpu,21,UNKNOWN,UNKNOWN,UNKNOWN,UNKNOWN,6.202,,False,,PASSED,,onnx/pensieve_mid_simple.onnx,vnnlib/pensieve_simple_21.vnnlib,"[""UNKNOWN""]","[""UNKNOWN""]",[null],,/data1/Kane/ACT/audit_results/r93_rerun_20260525T083118Z/overnight_cpu_20260525T144203Z/nn4sys/per_instance_nn4sys_20260525T151511879662Z.json
cpu,22,UNKNOWN,UNKNOWN,UNKNOWN,UNKNOWN,6.556,,False,,PASSED,,onnx/pensieve_big_simple.onnx,vnnlib/pensieve_simple_22.vnnlib,"[""UNKNOWN""]","[""UNKNOWN""]",[null],,/data1/Kane/ACT/audit_results/r93_rerun_20260525T083118Z/overnight_cpu_20260525T144203Z/nn4sys/per_instance_nn4sys_20260525T151521225797Z.json
cpu,23,UNKNOWN,UNKNOWN,UNKNOWN,UNKNOWN,12.921,,False,,PASSED,,onnx/pensieve_big_parallel.onnx,vnnlib/pensieve_parallel_23.vnnlib,"[""UNKNOWN""]","[""UNKNOWN""]",[null],,/data1/Kane/ACT/audit_results/r93_rerun_20260525T083118Z/overnight_cpu_20260525T144203Z/nn4sys/per_instance_nn4sys_20260525T151537099790Z.json
cpu,24,UNKNOWN,UNKNOWN,UNKNOWN,UNKNOWN,13.165,,False,,PASSED,,onnx/pensieve_big_parallel.onnx,vnnlib/pensieve_parallel_24.vnnlib,"[""UNKNOWN""]","[""UNKNOWN""]",[null],,/data1/Kane/ACT/audit_results/r93_rerun_20260525T083118Z/overnight_cpu_20260525T144203Z/nn4sys/per_instance_nn4sys_20260525T151552868374Z.json
cpu,25,UNKNOWN,UNKNOWN,UNKNOWN,UNKNOWN,6.537,,False,,PASSED,,onnx/pensieve_big_simple.onnx,vnnlib/pensieve_simple_25.vnnlib,"[""UNKNOWN""]","[""UNKNOWN""]",[null],,/data1/Kane/ACT/audit_results/r93_rerun_20260525T083118Z/overnight_cpu_20260525T144203Z/nn4sys/per_instance_nn4sys_20260525T151602238526Z.json
cpu,26,UNKNOWN,UNKNOWN,UNKNOWN,UNKNOWN,6.578,,False,,PASSED,,onnx/pensieve_big_simple.onnx,vnnlib/pensieve_simple_26.vnnlib,"[""UNKNOWN""]","[""UNKNOWN""]",[null],,/data1/Kane/ACT/audit_results/r93_rerun_20260525T083118Z/overnight_cpu_20260525T144203Z/nn4sys/per_instance_nn4sys_20260525T151611821396Z.json
cpu,27,UNKNOWN,UNKNOWN,UNKNOWN,UNKNOWN,0.735,,False,,PASSED,,onnx/pensieve_small_parallel.onnx,vnnlib/pensieve_parallel_27.vnnlib,"[""UNKNOWN""]","[""UNKNOWN""]",[null],,/data1/Kane/ACT/audit_results/r93_rerun_20260525T083118Z/overnight_cpu_20260525T144203Z/nn4sys/per_instance_nn4sys_20260525T151615481571Z.json
cpu,28,UNKNOWN,UNKNOWN,UNKNOWN,UNKNOWN,0.429,,False,,PASSED,,onnx/pensieve_small_simple.onnx,vnnlib/pensieve_simple_28.vnnlib,"[""UNKNOWN""]","[""UNKNOWN""]",[null],,/data1/Kane/ACT/audit_results/r93_rerun_20260525T083118Z/overnight_cpu_20260525T144203Z/nn4sys/per_instance_nn4sys_20260525T151618654143Z.json
cpu,29,UNKNOWN,UNKNOWN,UNKNOWN,UNKNOWN,6.665,,False,,PASSED,,onnx/pensieve_big_simple.onnx,vnnlib/pensieve_simple_29.vnnlib,"[""UNKNOWN""]","[""UNKNOWN""]",[null],,/data1/Kane/ACT/audit_results/r93_rerun_20260525T083118Z/overnight_cpu_20260525T144203Z/nn4sys/per_instance_nn4sys_20260525T151627888019Z.json
cpu,3,UNKNOWN,UNKNOWN,UNKNOWN,UNKNOWN,0.423,,False,,PASSED,,onnx/pensieve_small_simple.onnx,vnnlib/pensieve_simple_3.vnnlib,"[""UNKNOWN""]","[""UNKNOWN""]",[null],,/data1/Kane/ACT/audit_results/r93_rerun_20260525T083118Z/overnight_cpu_20260525T144203Z/nn4sys/per_instance_nn4sys_20260525T151244424288Z.json
cpu,30,UNKNOWN,UNKNOWN,UNKNOWN,UNKNOWN,12.859,,False,,PASSED,,onnx/pensieve_big_parallel.onnx,vnnlib/pensieve_parallel_30.vnnlib,"[""UNKNOWN""]","[""UNKNOWN""]",[null],,/data1/Kane/ACT/audit_results/r93_rerun_20260525T083118Z/overnight_cpu_20260525T144203Z/nn4sys/per_instance_nn4sys_20260525T151643611223Z.json
cpu,31,UNKNOWN,UNKNOWN,UNKNOWN,UNKNOWN,8.604,,False,,PASSED,,onnx/pensieve_big_simple.onnx,vnnlib/pensieve_simple_31.vnnlib,"[""UNKNOWN""]","[""UNKNOWN""]",[null],,/data1/Kane/ACT/audit_results/r93_rerun_20260525T083118Z/overnight_cpu_20260525T144203Z/nn4sys/per_instance_nn4sys_20260525T151654833250Z.json
cpu,32,UNKNOWN,UNKNOWN,UNKNOWN,UNKNOWN,0.784,,False,,PASSED,,onnx/pensieve_small_parallel.onnx,vnnlib/pensieve_parallel_32.vnnlib,"[""UNKNOWN""]","[""UNKNOWN""]",[null],,/data1/Kane/ACT/audit_results/r93_rerun_20260525T083118Z/overnight_cpu_20260525T144203Z/nn4sys/per_instance_nn4sys_20260525T151701263806Z.json
cpu,33,UNKNOWN,UNKNOWN,UNKNOWN,UNKNOWN,0.741,,False,,PASSED,,onnx/pensieve_small_parallel.onnx,vnnlib/pensieve_parallel_33.vnnlib,"[""UNKNOWN""]","[""UNKNOWN""]",[null],,/data1/Kane/ACT/audit_results/r93_rerun_20260525T083118Z/overnight_cpu_20260525T144203Z/nn4sys/per_instance_nn4sys_20260525T151704485144Z.json
cpu,34,UNKNOWN,UNKNOWN,UNKNOWN,UNKNOWN,0.435,,False,,PASSED,,onnx/pensieve_small_simple.onnx,vnnlib/pensieve_simple_34.vnnlib,"[""UNKNOWN""]","[""UNKNOWN""]",[null],,/data1/Kane/ACT/audit_results/r93_rerun_20260525T083118Z/overnight_cpu_20260525T144203Z/nn4sys/per_instance_nn4sys_20260525T151707708273Z.json
cpu,35,UNKNOWN,UNKNOWN,UNKNOWN,UNKNOWN,12.984,,False,,PASSED,,onnx/pensieve_big_parallel.onnx,vnnlib/pensieve_parallel_35.vnnlib,"[""UNKNOWN""]","[""UNKNOWN""]",[null],,/data1/Kane/ACT/audit_results/r93_rerun_20260525T083118Z/overnight_cpu_20260525T144203Z/nn4sys/per_instance_nn4sys_20260525T151723265414Z.json
cpu,36,UNKNOWN,UNKNOWN,UNKNOWN,UNKNOWN,13.062,,False,,PASSED,,onnx/pensieve_big_parallel.onnx,vnnlib/pensieve_parallel_36.vnnlib,"[""UNKNOWN""]","[""UNKNOWN""]",[null],,/data1/Kane/ACT/audit_results/r93_rerun_20260525T083118Z/overnight_cpu_20260525T144203Z/nn4sys/per_instance_nn4sys_20260525T151738817341Z.json
cpu,37,UNKNOWN,UNKNOWN,UNKNOWN,UNKNOWN,12.946,,False,,PASSED,,onnx/pensieve_big_parallel.onnx,vnnlib/pensieve_parallel_37.vnnlib,"[""UNKNOWN""]","[""UNKNOWN""]",[null],,/data1/Kane/ACT/audit_results/r93_rerun_20260525T083118Z/overnight_cpu_20260525T144203Z/nn4sys/per_instance_nn4sys_20260525T151754695125Z.json
cpu,38,UNKNOWN,UNKNOWN,UNKNOWN,UNKNOWN,12.929,,False,,PASSED,,onnx/pensieve_big_parallel.onnx,vnnlib/pensieve_parallel_38.vnnlib,"[""UNKNOWN""]","[""UNKNOWN""]",[null],,/data1/Kane/ACT/audit_results/r93_rerun_20260525T083118Z/overnight_cpu_20260525T144203Z/nn4sys/per_instance_nn4sys_20260525T151810236612Z.json
cpu,39,UNKNOWN,UNKNOWN,UNKNOWN,UNKNOWN,13.118,,False,,PASSED,,onnx/pensieve_big_parallel.onnx,vnnlib/pensieve_parallel_39.vnnlib,"[""UNKNOWN""]","[""UNKNOWN""]",[null],,/data1/Kane/ACT/audit_results/r93_rerun_20260525T083118Z/overnight_cpu_20260525T144203Z/nn4sys/per_instance_nn4sys_20260525T151825891127Z.json
cpu,4,UNKNOWN,UNKNOWN,UNKNOWN,UNKNOWN,0.738,,False,,PASSED,,onnx/pensieve_small_parallel.onnx,vnnlib/pensieve_parallel_4.vnnlib,"[""UNKNOWN""]","[""UNKNOWN""]",[null],,/data1/Kane/ACT/audit_results/r93_rerun_20260525T083118Z/overnight_cpu_20260525T144203Z/nn4sys/per_instance_nn4sys_20260525T151247761764Z.json
cpu,40,UNKNOWN,UNKNOWN,UNKNOWN,UNKNOWN,12.882,,False,,PASSED,,onnx/pensieve_big_parallel.onnx,vnnlib/pensieve_parallel_40.vnnlib,"[""UNKNOWN""]","[""UNKNOWN""]",[null],,/data1/Kane/ACT/audit_results/r93_rerun_20260525T083118Z/overnight_cpu_20260525T144203Z/nn4sys/per_instance_nn4sys_20260525T151841705213Z.json
cpu,41,UNKNOWN,UNKNOWN,UNKNOWN,UNKNOWN,13.013,,False,,PASSED,,onnx/pensieve_big_parallel.onnx,vnnlib/pensieve_parallel_41.vnnlib,"[""UNKNOWN""]","[""UNKNOWN""]",[null],,/data1/Kane/ACT/audit_results/r93_rerun_20260525T083118Z/overnight_cpu_20260525T144203Z/nn4sys/per_instance_nn4sys_20260525T151857314419Z.json
cpu,42,UNKNOWN,UNKNOWN,UNKNOWN,UNKNOWN,12.985,,False,,PASSED,,onnx/pensieve_big_parallel.onnx,vnnlib/pensieve_parallel_42.vnnlib,"[""UNKNOWN""]","[""UNKNOWN""]",[null],,/data1/Kane/ACT/audit_results/r93_rerun_20260525T083118Z/overnight_cpu_20260525T144203Z/nn4sys/per_instance_nn4sys_20260525T151912823220Z.json
cpu,43,UNKNOWN,UNKNOWN,UNKNOWN,UNKNOWN,12.843,,False,,PASSED,,onnx/pensieve_big_parallel.onnx,vnnlib/pensieve_parallel_43.vnnlib,"[""UNKNOWN""]","[""UNKNOWN""]",[null],,/data1/Kane/ACT/audit_results/r93_rerun_20260525T083118Z/overnight_cpu_20260525T144203Z/nn4sys/per_instance_nn4sys_20260525T151928171263Z.json
cpu,44,UNKNOWN,UNKNOWN,UNKNOWN,UNKNOWN,35.744,,False,,PASSED,,onnx/pensieve_big_parallel.onnx,vnnlib/pensieve_parallel_44.vnnlib,"[""UNKNOWN""]","[""UNKNOWN""]",[null],,/data1/Kane/ACT/audit_results/r93_rerun_20260525T083118Z/overnight_cpu_20260525T144203Z/nn4sys/per_instance_nn4sys_20260525T152006592146Z.json
cpu,45,UNKNOWN,UNKNOWN,UNKNOWN,UNKNOWN,13.194,,False,,PASSED,,onnx/pensieve_big_parallel.onnx,vnnlib/pensieve_parallel_45.vnnlib,"[""UNKNOWN""]","[""UNKNOWN""]",[null],,/data1/Kane/ACT/audit_results/r93_rerun_20260525T083118Z/overnight_cpu_20260525T144203Z/nn4sys/per_instance_nn4sys_20260525T152025398709Z.json
cpu,46,UNKNOWN,UNKNOWN,UNKNOWN,UNKNOWN,13.402,,False,,PASSED,,onnx/pensieve_big_parallel.onnx,vnnlib/pensieve_parallel_46.vnnlib,"[""UNKNOWN""]","[""UNKNOWN""]",[null],,/data1/Kane/ACT/audit_results/r93_rerun_20260525T083118Z/overnight_cpu_20260525T144203Z/nn4sys/per_instance_nn4sys_20260525T152041714468Z.json
cpu,47,UNKNOWN,UNKNOWN,UNKNOWN,UNKNOWN,12.852,,False,,PASSED,,onnx/pensieve_big_parallel.onnx,vnnlib/pensieve_parallel_47.vnnlib,"[""UNKNOWN""]","[""UNKNOWN""]",[null],,/data1/Kane/ACT/audit_results/r93_rerun_20260525T083118Z/overnight_cpu_20260525T144203Z/nn4sys/per_instance_nn4sys_20260525T152057606302Z.json
cpu,48,UNKNOWN,UNKNOWN,UNKNOWN,UNKNOWN,13.119,,False,,PASSED,,onnx/pensieve_big_parallel.onnx,vnnlib/pensieve_parallel_48.vnnlib,"[""UNKNOWN""]","[""UNKNOWN""]",[null],,/data1/Kane/ACT/audit_results/r93_rerun_20260525T083118Z/overnight_cpu_20260525T144203Z/nn4sys/per_instance_nn4sys_20260525T152113362840Z.json
cpu,49,UNKNOWN,UNKNOWN,UNKNOWN,UNKNOWN,13.311,,False,,PASSED,,onnx/pensieve_big_parallel.onnx,vnnlib/pensieve_parallel_49.vnnlib,"[""UNKNOWN""]","[""UNKNOWN""]",[null],,/data1/Kane/ACT/audit_results/r93_rerun_20260525T083118Z/overnight_cpu_20260525T144203Z/nn4sys/per_instance_nn4sys_20260525T152129659020Z.json
cpu,5,UNKNOWN,UNKNOWN,UNKNOWN,UNKNOWN,0.43,,False,,PASSED,,onnx/pensieve_small_simple.onnx,vnnlib/pensieve_simple_5.vnnlib,"[""UNKNOWN""]","[""UNKNOWN""]",[null],,/data1/Kane/ACT/audit_results/r93_rerun_20260525T083118Z/overnight_cpu_20260525T144203Z/nn4sys/per_instance_nn4sys_20260525T151250978328Z.json
cpu,6,UNKNOWN,UNKNOWN,UNKNOWN,UNKNOWN,6.101,,False,,PASSED,,onnx/pensieve_mid_simple.onnx,vnnlib/pensieve_simple_6.vnnlib,"[""UNKNOWN""]","[""UNKNOWN""]",[null],,/data1/Kane/ACT/audit_results/r93_rerun_20260525T083118Z/overnight_cpu_20260525T144203Z/nn4sys/per_instance_nn4sys_20260525T151259643412Z.json
cpu,7,UNKNOWN,UNKNOWN,UNKNOWN,UNKNOWN,6.571,,False,,PASSED,,onnx/pensieve_big_simple.onnx,vnnlib/pensieve_simple_7.vnnlib,"[""UNKNOWN""]","[""UNKNOWN""]",[null],,/data1/Kane/ACT/audit_results/r93_rerun_20260525T083118Z/overnight_cpu_20260525T144203Z/nn4sys/per_instance_nn4sys_20260525T151309078190Z.json
cpu,8,UNKNOWN,UNKNOWN,UNKNOWN,UNKNOWN,12.944,,False,,PASSED,,onnx/pensieve_big_parallel.onnx,vnnlib/pensieve_parallel_8.vnnlib,"[""UNKNOWN""]","[""UNKNOWN""]",[null],,/data1/Kane/ACT/audit_results/r93_rerun_20260525T083118Z/overnight_cpu_20260525T144203Z/nn4sys/per_instance_nn4sys_20260525T151324955912Z.json
cpu,9,UNKNOWN,UNKNOWN,UNKNOWN,UNKNOWN,0.735,,False,,PASSED,,onnx/pensieve_small_parallel.onnx,vnnlib/pensieve_parallel_9.vnnlib,"[""UNKNOWN""]","[""UNKNOWN""]",[null],,/data1/Kane/ACT/audit_results/r93_rerun_20260525T083118Z/overnight_cpu_20260525T144203Z/nn4sys/per_instance_nn4sys_20260525T151328252763Z.json
cpu2,100,UNKNOWN,UNKNOWN,UNKNOWN,UNKNOWN,12.833,,False,,PASSED,,onnx/pensieve_big_parallel.onnx,vnnlib/pensieve_parallel_100.vnnlib,"[""UNKNOWN""]","[""UNKNOWN""]",[null],,/data1/Kane/ACT/audit_results/r93_rerun_20260525T083118Z/overnight_cpu_round2_20260525T225241Z/nn4sys/per_instance_nn4sys_20260525T230606151271Z.json
cpu2,101,UNKNOWN,UNKNOWN,UNKNOWN,UNKNOWN,13.071,,False,,PASSED,,onnx/pensieve_big_parallel.onnx,vnnlib/pensieve_parallel_101.vnnlib,"[""UNKNOWN""]","[""UNKNOWN""]",[null],,/data1/Kane/ACT/audit_results/r93_rerun_20260525T083118Z/overnight_cpu_round2_20260525T225241Z/nn4sys/per_instance_nn4sys_20260525T230621937259Z.json
cpu2,102,UNKNOWN,UNKNOWN,UNKNOWN,UNKNOWN,13.007,,False,,PASSED,,onnx/pensieve_big_parallel.onnx,vnnlib/pensieve_parallel_102.vnnlib,"[""UNKNOWN""]","[""UNKNOWN""]",[null],,/data1/Kane/ACT/audit_results/r93_rerun_20260525T083118Z/overnight_cpu_round2_20260525T225241Z/nn4sys/per_instance_nn4sys_20260525T230637883036Z.json
cpu2,103,UNKNOWN,UNKNOWN,UNKNOWN,UNKNOWN,12.98,,False,,PASSED,,onnx/pensieve_big_parallel.onnx,vnnlib/pensieve_parallel_103.vnnlib,"[""UNKNOWN""]","[""UNKNOWN""]",[null],,/data1/Kane/ACT/audit_results/r93_rerun_20260525T083118Z/overnight_cpu_round2_20260525T225241Z/nn4sys/per_instance_nn4sys_20260525T230653856920Z.json
cpu2,104,UNKNOWN,UNKNOWN,UNKNOWN,UNKNOWN,12.903,,False,,PASSED,,onnx/pensieve_big_parallel.onnx,vnnlib/pensieve_parallel_104.vnnlib,"[""UNKNOWN""]","[""UNKNOWN""]",[null],,/data1/Kane/ACT/audit_results/r93_rerun_20260525T083118Z/overnight_cpu_round2_20260525T225241Z/nn4sys/per_instance_nn4sys_20260525T230709332300Z.json
cpu2,50,UNKNOWN,UNKNOWN,UNKNOWN,UNKNOWN,12.742,,False,,PASSED,,onnx/pensieve_big_parallel.onnx,vnnlib/pensieve_parallel_50.vnnlib,"[""UNKNOWN""]","[""UNKNOWN""]",[null],,/data1/Kane/ACT/audit_results/r93_rerun_20260525T083118Z/overnight_cpu_round2_20260525T225241Z/nn4sys/per_instance_nn4sys_20260525T225258009713Z.json
cpu2,51,UNKNOWN,UNKNOWN,UNKNOWN,UNKNOWN,12.744,,False,,PASSED,,onnx/pensieve_big_parallel.onnx,vnnlib/pensieve_parallel_51.vnnlib,"[""UNKNOWN""]","[""UNKNOWN""]",[null],,/data1/Kane/ACT/audit_results/r93_rerun_20260525T083118Z/overnight_cpu_round2_20260525T225241Z/nn4sys/per_instance_nn4sys_20260525T225313535313Z.json
cpu2,52,UNKNOWN,UNKNOWN,UNKNOWN,UNKNOWN,12.631,,False,,PASSED,,onnx/pensieve_big_parallel.onnx,vnnlib/pensieve_parallel_52.vnnlib,"[""UNKNOWN""]","[""UNKNOWN""]",[null],,/data1/Kane/ACT/audit_results/r93_rerun_20260525T083118Z/overnight_cpu_round2_20260525T225241Z/nn4sys/per_instance_nn4sys_20260525T225328886284Z.json
cpu2,53,UNKNOWN,UNKNOWN,UNKNOWN,UNKNOWN,12.95,,False,,PASSED,,onnx/pensieve_big_parallel.onnx,vnnlib/pensieve_parallel_53.vnnlib,"[""UNKNOWN""]","[""UNKNOWN""]",[null],,/data1/Kane/ACT/audit_results/r93_rerun_20260525T083118Z/overnight_cpu_round2_20260525T225241Z/nn4sys/per_instance_nn4sys_20260525T225344769362Z.json
cpu2,54,UNKNOWN,UNKNOWN,UNKNOWN,UNKNOWN,12.744,,False,,PASSED,,onnx/pensieve_big_parallel.onnx,vnnlib/pensieve_parallel_54.vnnlib,"[""UNKNOWN""]","[""UNKNOWN""]",[null],,/data1/Kane/ACT/audit_results/r93_rerun_20260525T083118Z/overnight_cpu_round2_20260525T225241Z/nn4sys/per_instance_nn4sys_20260525T225400078896Z.json
cpu2,55,UNKNOWN,UNKNOWN,UNKNOWN,UNKNOWN,12.959,,False,,PASSED,,onnx/pensieve_big_parallel.onnx,vnnlib/pensieve_parallel_55.vnnlib,"[""UNKNOWN""]","[""UNKNOWN""]",[null],,/data1/Kane/ACT/audit_results/r93_rerun_20260525T083118Z/overnight_cpu_round2_20260525T225241Z/nn4sys/per_instance_nn4sys_20260525T225416304014Z.json
cpu2,56,UNKNOWN,UNKNOWN,UNKNOWN,UNKNOWN,12.904,,False,,PASSED,,onnx/pensieve_big_parallel.onnx,vnnlib/pensieve_parallel_56.vnnlib,"[""UNKNOWN""]","[""UNKNOWN""]",[null],,/data1/Kane/ACT/audit_results/r93_rerun_20260525T083118Z/overnight_cpu_round2_20260525T225241Z/nn4sys/per_instance_nn4sys_20260525T225431759735Z.json
cpu2,57,UNKNOWN,UNKNOWN,UNKNOWN,UNKNOWN,12.716,,False,,PASSED,,onnx/pensieve_big_parallel.onnx,vnnlib/pensieve_parallel_57.vnnlib,"[""UNKNOWN""]","[""UNKNOWN""]",[null],,/data1/Kane/ACT/audit_results/r93_rerun_20260525T083118Z/overnight_cpu_round2_20260525T225241Z/nn4sys/per_instance_nn4sys_20260525T225447073937Z.json
cpu2,58,UNKNOWN,UNKNOWN,UNKNOWN,UNKNOWN,12.937,,False,,PASSED,,onnx/pensieve_big_parallel.onnx,vnnlib/pensieve_parallel_58.vnnlib,"[""UNKNOWN""]","[""UNKNOWN""]",[null],,/data1/Kane/ACT/audit_results/r93_rerun_20260525T083118Z/overnight_cpu_round2_20260525T225241Z/nn4sys/per_instance_nn4sys_20260525T225502815699Z.json
cpu2,59,UNKNOWN,UNKNOWN,UNKNOWN,UNKNOWN,12.693,,False,,PASSED,,onnx/pensieve_big_parallel.onnx,vnnlib/pensieve_parallel_59.vnnlib,"[""UNKNOWN""]","[""UNKNOWN""]",[null],,/data1/Kane/ACT/audit_results/r93_rerun_20260525T083118Z/overnight_cpu_round2_20260525T225241Z/nn4sys/per_instance_nn4sys_20260525T225518085414Z.json
cpu2,60,UNKNOWN,UNKNOWN,UNKNOWN,UNKNOWN,12.871,,False,,PASSED,,onnx/pensieve_big_parallel.onnx,vnnlib/pensieve_parallel_60.vnnlib,"[""UNKNOWN""]","[""UNKNOWN""]",[null],,/data1/Kane/ACT/audit_results/r93_rerun_20260525T083118Z/overnight_cpu_round2_20260525T225241Z/nn4sys/per_instance_nn4sys_20260525T225533766389Z.json
cpu2,61,UNKNOWN,UNKNOWN,UNKNOWN,UNKNOWN,12.765,,False,,PASSED,,onnx/pensieve_big_parallel.onnx,vnnlib/pensieve_parallel_61.vnnlib,"[""UNKNOWN""]","[""UNKNOWN""]",[null],,/data1/Kane/ACT/audit_results/r93_rerun_20260525T083118Z/overnight_cpu_round2_20260525T225241Z/nn4sys/per_instance_nn4sys_20260525T225549187938Z.json
cpu2,62,UNKNOWN,UNKNOWN,UNKNOWN,UNKNOWN,12.962,,False,,PASSED,,onnx/pensieve_big_parallel.onnx,vnnlib/pensieve_parallel_62.vnnlib,"[""UNKNOWN""]","[""UNKNOWN""]",[null],,/data1/Kane/ACT/audit_results/r93_rerun_20260525T083118Z/overnight_cpu_round2_20260525T225241Z/nn4sys/per_instance_nn4sys_20260525T225604894351Z.json
cpu2,63,UNKNOWN,UNKNOWN,UNKNOWN,UNKNOWN,12.759,,False,,PASSED,,onnx/pensieve_big_parallel.onnx,vnnlib/pensieve_parallel_63.vnnlib,"[""UNKNOWN""]","[""UNKNOWN""]",[null],,/data1/Kane/ACT/audit_results/r93_rerun_20260525T083118Z/overnight_cpu_round2_20260525T225241Z/nn4sys/per_instance_nn4sys_20260525T225620168290Z.json
cpu2,64,UNKNOWN,UNKNOWN,UNKNOWN,UNKNOWN,12.83,,False,,PASSED,,onnx/pensieve_big_parallel.onnx,vnnlib/pensieve_parallel_64.vnnlib,"[""UNKNOWN""]","[""UNKNOWN""]",[null],,/data1/Kane/ACT/audit_results/r93_rerun_20260525T083118Z/overnight_cpu_round2_20260525T225241Z/nn4sys/per_instance_nn4sys_20260525T225635742520Z.json
cpu2,65,UNKNOWN,UNKNOWN,UNKNOWN,UNKNOWN,12.83,,False,,PASSED,,onnx/pensieve_big_parallel.onnx,vnnlib/pensieve_parallel_65.vnnlib,"[""UNKNOWN""]","[""UNKNOWN""]",[null],,/data1/Kane/ACT/audit_results/r93_rerun_20260525T083118Z/overnight_cpu_round2_20260525T225241Z/nn4sys/per_instance_nn4sys_20260525T225651296702Z.json
cpu2,66,UNKNOWN,UNKNOWN,UNKNOWN,UNKNOWN,12.806,,False,,PASSED,,onnx/pensieve_big_parallel.onnx,vnnlib/pensieve_parallel_66.vnnlib,"[""UNKNOWN""]","[""UNKNOWN""]",[null],,/data1/Kane/ACT/audit_results/r93_rerun_20260525T083118Z/overnight_cpu_round2_20260525T225241Z/nn4sys/per_instance_nn4sys_20260525T225706769228Z.json
cpu2,67,UNKNOWN,UNKNOWN,UNKNOWN,UNKNOWN,13.085,,False,,PASSED,,onnx/pensieve_big_parallel.onnx,vnnlib/pensieve_parallel_67.vnnlib,"[""UNKNOWN""]","[""UNKNOWN""]",[null],,/data1/Kane/ACT/audit_results/r93_rerun_20260525T083118Z/overnight_cpu_round2_20260525T225241Z/nn4sys/per_instance_nn4sys_20260525T225722561972Z.json
cpu2,68,UNKNOWN,UNKNOWN,UNKNOWN,UNKNOWN,12.691,,False,,PASSED,,onnx/pensieve_big_parallel.onnx,vnnlib/pensieve_parallel_68.vnnlib,"[""UNKNOWN""]","[""UNKNOWN""]",[null],,/data1/Kane/ACT/audit_results/r93_rerun_20260525T083118Z/overnight_cpu_round2_20260525T225241Z/nn4sys/per_instance_nn4sys_20260525T225738177826Z.json
cpu2,69,UNKNOWN,UNKNOWN,UNKNOWN,UNKNOWN,13.215,,False,,PASSED,,onnx/pensieve_big_parallel.onnx,vnnlib/pensieve_parallel_69.vnnlib,"[""UNKNOWN""]","[""UNKNOWN""]",[null],,/data1/Kane/ACT/audit_results/r93_rerun_20260525T083118Z/overnight_cpu_round2_20260525T225241Z/nn4sys/per_instance_nn4sys_20260525T225754209325Z.json
cpu2,70,UNKNOWN,UNKNOWN,UNKNOWN,UNKNOWN,12.996,,False,,PASSED,,onnx/pensieve_big_parallel.onnx,vnnlib/pensieve_parallel_70.vnnlib,"[""UNKNOWN""]","[""UNKNOWN""]",[null],,/data1/Kane/ACT/audit_results/r93_rerun_20260525T083118Z/overnight_cpu_round2_20260525T225241Z/nn4sys/per_instance_nn4sys_20260525T225810060335Z.json
cpu2,71,UNKNOWN,UNKNOWN,UNKNOWN,UNKNOWN,13.065,,False,,PASSED,,onnx/pensieve_big_parallel.onnx,vnnlib/pensieve_parallel_71.vnnlib,"[""UNKNOWN""]","[""UNKNOWN""]",[null],,/data1/Kane/ACT/audit_results/r93_rerun_20260525T083118Z/overnight_cpu_round2_20260525T225241Z/nn4sys/per_instance_nn4sys_20260525T225826141602Z.json
cpu2,72,UNKNOWN,UNKNOWN,UNKNOWN,UNKNOWN,13.097,,False,,PASSED,,onnx/pensieve_big_parallel.onnx,vnnlib/pensieve_parallel_72.vnnlib,"[""UNKNOWN""]","[""UNKNOWN""]",[null],,/data1/Kane/ACT/audit_results/r93_rerun_20260525T083118Z/overnight_cpu_round2_20260525T225241Z/nn4sys/per_instance_nn4sys_20260525T225842191607Z.json
cpu2,73,UNKNOWN,UNKNOWN,UNKNOWN,UNKNOWN,12.992,,False,,PASSED,,onnx/pensieve_big_parallel.onnx,vnnlib/pensieve_parallel_73.vnnlib,"[""UNKNOWN""]","[""UNKNOWN""]",[null],,/data1/Kane/ACT/audit_results/r93_rerun_20260525T083118Z/overnight_cpu_round2_20260525T225241Z/nn4sys/per_instance_nn4sys_20260525T225858088921Z.json
cpu2,74,UNKNOWN,UNKNOWN,UNKNOWN,UNKNOWN,13.084,,False,,PASSED,,onnx/pensieve_big_parallel.onnx,vnnlib/pensieve_parallel_74.vnnlib,"[""UNKNOWN""]","[""UNKNOWN""]",[null],,/data1/Kane/ACT/audit_results/r93_rerun_20260525T083118Z/overnight_cpu_round2_20260525T225241Z/nn4sys/per_instance_nn4sys_20260525T225914196368Z.json
cpu2,75,UNKNOWN,UNKNOWN,UNKNOWN,UNKNOWN,13.013,,False,,PASSED,,onnx/pensieve_big_parallel.onnx,vnnlib/pensieve_parallel_75.vnnlib,"[""UNKNOWN""]","[""UNKNOWN""]",[null],,/data1/Kane/ACT/audit_results/r93_rerun_20260525T083118Z/overnight_cpu_round2_20260525T225241Z/nn4sys/per_instance_nn4sys_20260525T225930144689Z.json
cpu2,76,UNKNOWN,UNKNOWN,UNKNOWN,UNKNOWN,13.084,,False,,PASSED,,onnx/pensieve_big_parallel.onnx,vnnlib/pensieve_parallel_76.vnnlib,"[""UNKNOWN""]","[""UNKNOWN""]",[null],,/data1/Kane/ACT/audit_results/r93_rerun_20260525T083118Z/overnight_cpu_round2_20260525T225241Z/nn4sys/per_instance_nn4sys_20260525T225946179795Z.json
cpu2,77,UNKNOWN,UNKNOWN,UNKNOWN,UNKNOWN,13.142,,False,,PASSED,,onnx/pensieve_big_parallel.onnx,vnnlib/pensieve_parallel_77.vnnlib,"[""UNKNOWN""]","[""UNKNOWN""]",[null],,/data1/Kane/ACT/audit_results/r93_rerun_20260525T083118Z/overnight_cpu_round2_20260525T225241Z/nn4sys/per_instance_nn4sys_20260525T230002270696Z.json
cpu2,78,UNKNOWN,UNKNOWN,UNKNOWN,UNKNOWN,13.079,,False,,PASSED,,onnx/pensieve_big_parallel.onnx,vnnlib/pensieve_parallel_78.vnnlib,"[""UNKNOWN""]","[""UNKNOWN""]",[null],,/data1/Kane/ACT/audit_results/r93_rerun_20260525T083118Z/overnight_cpu_round2_20260525T225241Z/nn4sys/per_instance_nn4sys_20260525T230018282571Z.json
cpu2,79,UNKNOWN,UNKNOWN,UNKNOWN,UNKNOWN,12.921,,False,,PASSED,,onnx/pensieve_big_parallel.onnx,vnnlib/pensieve_parallel_79.vnnlib,"[""UNKNOWN""]","[""UNKNOWN""]",[null],,/data1/Kane/ACT/audit_results/r93_rerun_20260525T083118Z/overnight_cpu_round2_20260525T225241Z/nn4sys/per_instance_nn4sys_20260525T230034090081Z.json
cpu2,80,UNKNOWN,UNKNOWN,UNKNOWN,UNKNOWN,13.026,,False,,PASSED,,onnx/pensieve_big_parallel.onnx,vnnlib/pensieve_parallel_80.vnnlib,"[""UNKNOWN""]","[""UNKNOWN""]",[null],,/data1/Kane/ACT/audit_results/r93_rerun_20260525T083118Z/overnight_cpu_round2_20260525T225241Z/nn4sys/per_instance_nn4sys_20260525T230049674277Z.json
cpu2,81,UNKNOWN,UNKNOWN,UNKNOWN,UNKNOWN,13.115,,False,,PASSED,,onnx/pensieve_big_parallel.onnx,vnnlib/pensieve_parallel_81.vnnlib,"[""UNKNOWN""]","[""UNKNOWN""]",[null],,/data1/Kane/ACT/audit_results/r93_rerun_20260525T083118Z/overnight_cpu_round2_20260525T225241Z/nn4sys/per_instance_nn4sys_20260525T230105816751Z.json
cpu2,82,UNKNOWN,UNKNOWN,UNKNOWN,UNKNOWN,13.085,,False,,PASSED,,onnx/pensieve_big_parallel.onnx,vnnlib/pensieve_parallel_82.vnnlib,"[""UNKNOWN""]","[""UNKNOWN""]",[null],,/data1/Kane/ACT/audit_results/r93_rerun_20260525T083118Z/overnight_cpu_round2_20260525T225241Z/nn4sys/per_instance_nn4sys_20260525T230121779044Z.json
cpu2,83,UNKNOWN,UNKNOWN,UNKNOWN,UNKNOWN,13.078,,False,,PASSED,,onnx/pensieve_big_parallel.onnx,vnnlib/pensieve_parallel_83.vnnlib,"[""UNKNOWN""]","[""UNKNOWN""]",[null],,/data1/Kane/ACT/audit_results/r93_rerun_20260525T083118Z/overnight_cpu_round2_20260525T225241Z/nn4sys/per_instance_nn4sys_20260525T230137933283Z.json
cpu2,84,UNKNOWN,UNKNOWN,UNKNOWN,UNKNOWN,12.913,,False,,PASSED,,onnx/pensieve_big_parallel.onnx,vnnlib/pensieve_parallel_84.vnnlib,"[""UNKNOWN""]","[""UNKNOWN""]",[null],,/data1/Kane/ACT/audit_results/r93_rerun_20260525T083118Z/overnight_cpu_round2_20260525T225241Z/nn4sys/per_instance_nn4sys_20260525T230153600423Z.json
cpu2,85,UNKNOWN,UNKNOWN,UNKNOWN,UNKNOWN,12.762,,False,,PASSED,,onnx/pensieve_big_parallel.onnx,vnnlib/pensieve_parallel_85.vnnlib,"[""UNKNOWN""]","[""UNKNOWN""]",[null],,/data1/Kane/ACT/audit_results/r93_rerun_20260525T083118Z/overnight_cpu_round2_20260525T225241Z/nn4sys/per_instance_nn4sys_20260525T230208923754Z.json
cpu2,86,UNKNOWN,UNKNOWN,UNKNOWN,UNKNOWN,12.706,,False,,PASSED,,onnx/pensieve_big_parallel.onnx,vnnlib/pensieve_parallel_86.vnnlib,"[""UNKNOWN""]","[""UNKNOWN""]",[null],,/data1/Kane/ACT/audit_results/r93_rerun_20260525T083118Z/overnight_cpu_round2_20260525T225241Z/nn4sys/per_instance_nn4sys_20260525T230224410467Z.json
cpu2,87,UNKNOWN,UNKNOWN,UNKNOWN,UNKNOWN,12.732,,False,,PASSED,,onnx/pensieve_big_parallel.onnx,vnnlib/pensieve_parallel_87.vnnlib,"[""UNKNOWN""]","[""UNKNOWN""]",[null],,/data1/Kane/ACT/audit_results/r93_rerun_20260525T083118Z/overnight_cpu_round2_20260525T225241Z/nn4sys/per_instance_nn4sys_20260525T230239934628Z.json
cpu2,88,UNKNOWN,UNKNOWN,UNKNOWN,UNKNOWN,12.923,,False,,PASSED,,onnx/pensieve_big_parallel.onnx,vnnlib/pensieve_parallel_88.vnnlib,"[""UNKNOWN""]","[""UNKNOWN""]",[null],,/data1/Kane/ACT/audit_results/r93_rerun_20260525T083118Z/overnight_cpu_round2_20260525T225241Z/nn4sys/per_instance_nn4sys_20260525T230255706064Z.json
cpu2,89,UNKNOWN,UNKNOWN,UNKNOWN,UNKNOWN,13.086,,False,,PASSED,,onnx/pensieve_big_parallel.onnx,vnnlib/pensieve_parallel_89.vnnlib,"[""UNKNOWN""]","[""UNKNOWN""]",[null],,/data1/Kane/ACT/audit_results/r93_rerun_20260525T083118Z/overnight_cpu_round2_20260525T225241Z/nn4sys/per_instance_nn4sys_20260525T230311315059Z.json
cpu2,90,UNKNOWN,UNKNOWN,UNKNOWN,UNKNOWN,13.142,,False,,PASSED,,onnx/pensieve_big_parallel.onnx,vnnlib/pensieve_parallel_90.vnnlib,"[""UNKNOWN""]","[""UNKNOWN""]",[null],,/data1/Kane/ACT/audit_results/r93_rerun_20260525T083118Z/overnight_cpu_round2_20260525T225241Z/nn4sys/per_instance_nn4sys_20260525T230327550200Z.json
cpu2,91,UNKNOWN,UNKNOWN,UNKNOWN,UNKNOWN,12.967,,False,,PASSED,,onnx/pensieve_big_parallel.onnx,vnnlib/pensieve_parallel_91.vnnlib,"[""UNKNOWN""]","[""UNKNOWN""]",[null],,/data1/Kane/ACT/audit_results/r93_rerun_20260525T083118Z/overnight_cpu_round2_20260525T225241Z/nn4sys/per_instance_nn4sys_20260525T230343247380Z.json
cpu2,92,UNKNOWN,UNKNOWN,UNKNOWN,UNKNOWN,13.03,,False,,PASSED,,onnx/pensieve_big_parallel.onnx,vnnlib/pensieve_parallel_92.vnnlib,"[""UNKNOWN""]","[""UNKNOWN""]",[null],,/data1/Kane/ACT/audit_results/r93_rerun_20260525T083118Z/overnight_cpu_round2_20260525T225241Z/nn4sys/per_instance_nn4sys_20260525T230359350319Z.json
cpu2,93,UNKNOWN,UNKNOWN,UNKNOWN,UNKNOWN,13.128,,False,,PASSED,,onnx/pensieve_big_parallel.onnx,vnnlib/pensieve_parallel_93.vnnlib,"[""UNKNOWN""]","[""UNKNOWN""]",[null],,/data1/Kane/ACT/audit_results/r93_rerun_20260525T083118Z/overnight_cpu_round2_20260525T225241Z/nn4sys/per_instance_nn4sys_20260525T230415466905Z.json
cpu2,94,UNKNOWN,UNKNOWN,UNKNOWN,UNKNOWN,12.967,,False,,PASSED,,onnx/pensieve_big_parallel.onnx,vnnlib/pensieve_parallel_94.vnnlib,"[""UNKNOWN""]","[""UNKNOWN""]",[null],,/data1/Kane/ACT/audit_results/r93_rerun_20260525T083118Z/overnight_cpu_round2_20260525T225241Z/nn4sys/per_instance_nn4sys_20260525T230431311186Z.json
cpu2,95,UNKNOWN,UNKNOWN,UNKNOWN,UNKNOWN,13.07,,False,,PASSED,,onnx/pensieve_big_parallel.onnx,vnnlib/pensieve_parallel_95.vnnlib,"[""UNKNOWN""]","[""UNKNOWN""]",[null],,/data1/Kane/ACT/audit_results/r93_rerun_20260525T083118Z/overnight_cpu_round2_20260525T225241Z/nn4sys/per_instance_nn4sys_20260525T230447394672Z.json
cpu2,96,UNKNOWN,UNKNOWN,UNKNOWN,UNKNOWN,12.947,,False,,PASSED,,onnx/pensieve_big_parallel.onnx,vnnlib/pensieve_parallel_96.vnnlib,"[""UNKNOWN""]","[""UNKNOWN""]",[null],,/data1/Kane/ACT/audit_results/r93_rerun_20260525T083118Z/overnight_cpu_round2_20260525T225241Z/nn4sys/per_instance_nn4sys_20260525T230503299998Z.json
cpu2,97,UNKNOWN,UNKNOWN,UNKNOWN,UNKNOWN,13.189,,False,,PASSED,,onnx/pensieve_big_parallel.onnx,vnnlib/pensieve_parallel_97.vnnlib,"[""UNKNOWN""]","[""UNKNOWN""]",[null],,/data1/Kane/ACT/audit_results/r93_rerun_20260525T083118Z/overnight_cpu_round2_20260525T225241Z/nn4sys/per_instance_nn4sys_20260525T230519059329Z.json
cpu2,98,UNKNOWN,UNKNOWN,UNKNOWN,UNKNOWN,13.073,,False,,PASSED,,onnx/pensieve_big_parallel.onnx,vnnlib/pensieve_parallel_98.vnnlib,"[""UNKNOWN""]","[""UNKNOWN""]",[null],,/data1/Kane/ACT/audit_results/r93_rerun_20260525T083118Z/overnight_cpu_round2_20260525T225241Z/nn4sys/per_instance_nn4sys_20260525T230534918994Z.json
cpu2,99,UNKNOWN,UNKNOWN,UNKNOWN,UNKNOWN,12.957,,False,,PASSED,,onnx/pensieve_big_parallel.onnx,vnnlib/pensieve_parallel_99.vnnlib,"[""UNKNOWN""]","[""UNKNOWN""]",[null],,/data1/Kane/ACT/audit_results/r93_rerun_20260525T083118Z/overnight_cpu_round2_20260525T225241Z/nn4sys/per_instance_nn4sys_20260525T230550829182Z.json
full_r3_lindex200,107,UNKNOWN_TIMEOUT,UNKNOWN,UNKNOWN,,68.137,UNKNOWN_TIMEOUT,True,True,FAILED,834.0390625,onnx/lindex.onnx,vnnlib/lindex_200.vnnlib,[],[],[],"watchdog killed instance after 68.1s (status=UNKNOWN_TIMEOUT, peak_rss=834.0 MiB)",/data1/Kane/ACT/audit_results/r93_rerun_20260525T083118Z/overnight_cpu_full_stream1_20260526T025908Z/nn4sys/per_instance_nn4sys_watchdog_iid107_20260526T055325626104Z.json
full_r3_lindex200,108,UNKNOWN_TIMEOUT,UNKNOWN,UNKNOWN,,68.141,UNKNOWN_TIMEOUT,True,True,FAILED,841.140625,onnx/lindex_deep.onnx,vnnlib/lindex_200.vnnlib,[],[],[],"watchdog killed instance after 68.1s (status=UNKNOWN_TIMEOUT, peak_rss=841.1 MiB)",/data1/Kane/ACT/audit_results/r93_rerun_20260525T083118Z/overnight_cpu_full_stream1_20260526T025908Z/nn4sys/per_instance_nn4sys_watchdog_iid108_20260526T055433768239Z.json
full_r3_lindex200,109,UNKNOWN_TIMEOUT,UNKNOWN,UNKNOWN,,68.145,UNKNOWN_TIMEOUT,True,True,FAILED,836.1875,onnx/lindex.onnx,vnnlib/lindex_400.vnnlib,[],[],[],"watchdog killed instance after 68.1s (status=UNKNOWN_TIMEOUT, peak_rss=836.2 MiB)",/data1/Kane/ACT/audit_results/r93_rerun_20260525T083118Z/overnight_cpu_full_stream1_20260526T025908Z/nn4sys/per_instance_nn4sys_watchdog_iid109_20260526T055541913515Z.json
full_r3_lindex200,110,UNKNOWN_TIMEOUT,UNKNOWN,UNKNOWN,,68.141,UNKNOWN_TIMEOUT,True,True,FAILED,845.8984375,onnx/lindex_deep.onnx,vnnlib/lindex_400.vnnlib,[],[],[],"watchdog killed instance after 68.1s (status=UNKNOWN_TIMEOUT, peak_rss=845.9 MiB)",/data1/Kane/ACT/audit_results/r93_rerun_20260525T083118Z/overnight_cpu_full_stream1_20260526T025908Z/nn4sys/per_instance_nn4sys_watchdog_iid110_20260526T055650054840Z.json
full_r3_lindex200,111,UNKNOWN_TIMEOUT,UNKNOWN,UNKNOWN,,68.136,UNKNOWN_TIMEOUT,True,True,FAILED,837.26171875,onnx/lindex.onnx,vnnlib/lindex_600.vnnlib,[],[],[],"watchdog killed instance after 68.1s (status=UNKNOWN_TIMEOUT, peak_rss=837.3 MiB)",/data1/Kane/ACT/audit_results/r93_rerun_20260525T083118Z/overnight_cpu_full_stream1_20260526T025908Z/nn4sys/per_instance_nn4sys_watchdog_iid111_20260526T055758191457Z.json
full_r3_lindex200,112,UNKNOWN_TIMEOUT,UNKNOWN,UNKNOWN,,68.138,UNKNOWN_TIMEOUT,True,True,FAILED,845.3359375,onnx/lindex_deep.onnx,vnnlib/lindex_600.vnnlib,[],[],[],"watchdog killed instance after 68.1s (status=UNKNOWN_TIMEOUT, peak_rss=845.3 MiB)",/data1/Kane/ACT/audit_results/r93_rerun_20260525T083118Z/overnight_cpu_full_stream1_20260526T025908Z/nn4sys/per_instance_nn4sys_watchdog_iid112_20260526T055906330039Z.json
full_r3_lindex200,113,UNKNOWN_TIMEOUT,UNKNOWN,UNKNOWN,,68.137,UNKNOWN_TIMEOUT,True,True,FAILED,840.8046875,onnx/lindex.onnx,vnnlib/lindex_800.vnnlib,[],[],[],"watchdog killed instance after 68.1s (status=UNKNOWN_TIMEOUT, peak_rss=840.8 MiB)",/data1/Kane/ACT/audit_results/r93_rerun_20260525T083118Z/overnight_cpu_full_stream1_20260526T025908Z/nn4sys/per_instance_nn4sys_watchdog_iid113_20260526T060014467697Z.json
full_r3_lindex200,114,UNKNOWN_TIMEOUT,UNKNOWN,UNKNOWN,,68.134,UNKNOWN_TIMEOUT,True,True,FAILED,848.34765625,onnx/lindex_deep.onnx,vnnlib/lindex_800.vnnlib,[],[],[],"watchdog killed instance after 68.1s (status=UNKNOWN_TIMEOUT, peak_rss=848.3 MiB)",/data1/Kane/ACT/audit_results/r93_rerun_20260525T083118Z/overnight_cpu_full_stream1_20260526T025908Z/nn4sys/per_instance_nn4sys_watchdog_iid114_20260526T060122602502Z.json
full_r3_lindex200,115,UNKNOWN_TIMEOUT,UNKNOWN,UNKNOWN,,68.138,UNKNOWN_TIMEOUT,True,True,FAILED,843.12109375,onnx/lindex.onnx,vnnlib/lindex_1000.vnnlib,[],[],[],"watchdog killed instance after 68.1s (status=UNKNOWN_TIMEOUT, peak_rss=843.1 MiB)",/data1/Kane/ACT/audit_results/r93_rerun_20260525T083118Z/overnight_cpu_full_stream1_20260526T025908Z/nn4sys/per_instance_nn4sys_watchdog_iid115_20260526T060230741183Z.json
full_r3_lindex200,116,UNKNOWN_TIMEOUT,UNKNOWN,UNKNOWN,,68.141,UNKNOWN_TIMEOUT,True,True,FAILED,850.7890625,onnx/lindex_deep.onnx,vnnlib/lindex_1000.vnnlib,[],[],[],"watchdog killed instance after 68.1s (status=UNKNOWN_TIMEOUT, peak_rss=850.8 MiB)",/data1/Kane/ACT/audit_results/r93_rerun_20260525T083118Z/overnight_cpu_full_stream1_20260526T025908Z/nn4sys/per_instance_nn4sys_watchdog_iid116_20260526T060338882832Z.json
full_r3_lindex200,117,UNKNOWN_TIMEOUT,UNKNOWN,UNKNOWN,,68.138,UNKNOWN_TIMEOUT,True,True,FAILED,862.48046875,onnx/lindex.onnx,vnnlib/lindex_3000.vnnlib,[],[],[],"watchdog killed instance after 68.1s (status=UNKNOWN_TIMEOUT, peak_rss=862.5 MiB)",/data1/Kane/ACT/audit_results/r93_rerun_20260525T083118Z/overnight_cpu_full_stream1_20260526T025908Z/nn4sys/per_instance_nn4sys_watchdog_iid117_20260526T060447021339Z.json
full_r3_lindex200,118,UNKNOWN_TIMEOUT,UNKNOWN,UNKNOWN,,68.14,UNKNOWN_TIMEOUT,True,True,FAILED,872.43359375,onnx/lindex_deep.onnx,vnnlib/lindex_3000.vnnlib,[],[],[],"watchdog killed instance after 68.1s (status=UNKNOWN_TIMEOUT, peak_rss=872.4 MiB)",/data1/Kane/ACT/audit_results/r93_rerun_20260525T083118Z/overnight_cpu_full_stream1_20260526T025908Z/nn4sys/per_instance_nn4sys_watchdog_iid118_20260526T060555162298Z.json
full_r3_lindex200,119,UNKNOWN_TIMEOUT,UNKNOWN,UNKNOWN,,68.137,UNKNOWN_TIMEOUT,True,True,FAILED,882.74609375,onnx/lindex.onnx,vnnlib/lindex_5000.vnnlib,[],[],[],"watchdog killed instance after 68.1s (status=UNKNOWN_TIMEOUT, peak_rss=882.7 MiB)",/data1/Kane/ACT/audit_results/r93_rerun_20260525T083118Z/overnight_cpu_full_stream1_20260526T025908Z/nn4sys/per_instance_nn4sys_watchdog_iid119_20260526T060703300686Z.json
full_r3_lindex200,120,UNKNOWN_TIMEOUT,UNKNOWN,UNKNOWN,,68.141,UNKNOWN_TIMEOUT,True,True,FAILED,893.4921875,onnx/lindex_deep.onnx,vnnlib/lindex_5000.vnnlib,[],[],[],"watchdog killed instance after 68.1s (status=UNKNOWN_TIMEOUT, peak_rss=893.5 MiB)",/data1/Kane/ACT/audit_results/r93_rerun_20260525T083118Z/overnight_cpu_full_stream1_20260526T025908Z/nn4sys/per_instance_nn4sys_watchdog_iid120_20260526T060811442859Z.json
full_r3_lindex200,121,UNKNOWN_TIMEOUT,UNKNOWN,UNKNOWN,,68.14,UNKNOWN_TIMEOUT,True,True,FAILED,905.4140625,onnx/lindex.onnx,vnnlib/lindex_7000.vnnlib,[],[],[],"watchdog killed instance after 68.1s (status=UNKNOWN_TIMEOUT, peak_rss=905.4 MiB)",/data1/Kane/ACT/audit_results/r93_rerun_20260525T083118Z/overnight_cpu_full_stream1_20260526T025908Z/nn4sys/per_instance_nn4sys_watchdog_iid121_20260526T060919583499Z.json
full_r3_lindex200,122,UNKNOWN_TIMEOUT,UNKNOWN,UNKNOWN,,68.14,UNKNOWN_TIMEOUT,True,True,FAILED,913.8203125,onnx/lindex_deep.onnx,vnnlib/lindex_7000.vnnlib,[],[],[],"watchdog killed instance after 68.1s (status=UNKNOWN_TIMEOUT, peak_rss=913.8 MiB)",/data1/Kane/ACT/audit_results/r93_rerun_20260525T083118Z/overnight_cpu_full_stream1_20260526T025908Z/nn4sys/per_instance_nn4sys_watchdog_iid122_20260526T061027723981Z.json
full_r3_lindex200,123,UNKNOWN_TIMEOUT,UNKNOWN,UNKNOWN,,68.138,UNKNOWN_TIMEOUT,True,True,FAILED,924.1875,onnx/lindex.onnx,vnnlib/lindex_9000.vnnlib,[],[],[],"watchdog killed instance after 68.1s (status=UNKNOWN_TIMEOUT, peak_rss=924.2 MiB)",/data1/Kane/ACT/audit_results/r93_rerun_20260525T083118Z/overnight_cpu_full_stream1_20260526T025908Z/nn4sys/per_instance_nn4sys_watchdog_iid123_20260526T061135862287Z.json
full_r3_lindex200,124,UNKNOWN_TIMEOUT,UNKNOWN,UNKNOWN,,68.142,UNKNOWN_TIMEOUT,True,True,FAILED,933.62109375,onnx/lindex_deep.onnx,vnnlib/lindex_9000.vnnlib,[],[],[],"watchdog killed instance after 68.1s (status=UNKNOWN_TIMEOUT, peak_rss=933.6 MiB)",/data1/Kane/ACT/audit_results/r93_rerun_20260525T083118Z/overnight_cpu_full_stream1_20260526T025908Z/nn4sys/per_instance_nn4sys_watchdog_iid124_20260526T061244004753Z.json
full_r3_lindex200,125,UNKNOWN_TIMEOUT,UNKNOWN,UNKNOWN,,68.139,UNKNOWN_TIMEOUT,True,True,FAILED,935.37890625,onnx/lindex.onnx,vnnlib/lindex_10000.vnnlib,[],[],[],"watchdog killed instance after 68.1s (status=UNKNOWN_TIMEOUT, peak_rss=935.4 MiB)",/data1/Kane/ACT/audit_results/r93_rerun_20260525T083118Z/overnight_cpu_full_stream1_20260526T025908Z/nn4sys/per_instance_nn4sys_watchdog_iid125_20260526T061352144346Z.json
full_r3_lindex200,126,UNKNOWN_TIMEOUT,UNKNOWN,UNKNOWN,,68.142,UNKNOWN_TIMEOUT,True,True,FAILED,943.70703125,onnx/lindex_deep.onnx,vnnlib/lindex_10000.vnnlib,[],[],[],"watchdog killed instance after 68.1s (status=UNKNOWN_TIMEOUT, peak_rss=943.7 MiB)",/data1/Kane/ACT/audit_results/r93_rerun_20260525T083118Z/overnight_cpu_full_stream1_20260526T025908Z/nn4sys/per_instance_nn4sys_watchdog_iid126_20260526T061500286471Z.json
full_r3_lindex200,127,UNKNOWN_TIMEOUT,UNKNOWN,UNKNOWN,,68.138,UNKNOWN_TIMEOUT,True,True,FAILED,1491.19140625,onnx/lindex.onnx,vnnlib/lindex_60000.vnnlib,[],[],[],"watchdog killed instance after 68.1s (status=UNKNOWN_TIMEOUT, peak_rss=1491.2 MiB)",/data1/Kane/ACT/audit_results/r93_rerun_20260525T083118Z/overnight_cpu_full_stream1_20260526T025908Z/nn4sys/per_instance_nn4sys_watchdog_iid127_20260526T061608425359Z.json
full_r3_lindex200,128,UNKNOWN_TIMEOUT,UNKNOWN,UNKNOWN,,68.14,UNKNOWN_TIMEOUT,True,True,FAILED,1509.0546875,onnx/lindex_deep.onnx,vnnlib/lindex_60000.vnnlib,[],[],[],"watchdog killed instance after 68.1s (status=UNKNOWN_TIMEOUT, peak_rss=1509.1 MiB)",/data1/Kane/ACT/audit_results/r93_rerun_20260525T083118Z/overnight_cpu_full_stream1_20260526T025908Z/nn4sys/per_instance_nn4sys_watchdog_iid128_20260526T061716566301Z.json
full_r3_lindex200,129,ERROR_WATCHDOG_EXIT_NONZERO,ERROR,ERROR,,3.002,EXIT_NONZERO,True,True,FAILED,825.6640625,onnx/mscn_128d.onnx,vnnlib/cardinality_0_1_128.vnnlib,[],[],[],"watchdog killed instance after 3.0s (status=EXIT_NONZERO, peak_rss=825.7 MiB)",/data1/Kane/ACT/audit_results/r93_rerun_20260525T083118Z/overnight_cpu_full_stream1_20260526T025908Z/nn4sys/per_instance_nn4sys_watchdog_iid129_20260526T061719569372Z.json
full_r3_lindex200,130,ERROR_WATCHDOG_EXIT_NONZERO,ERROR,ERROR,,11.007,EXIT_NONZERO,True,True,FAILED,2860.88671875,onnx/mscn_128d.onnx,vnnlib/cardinality_0_500_128.vnnlib,[],[],[],"watchdog killed instance after 11.0s (status=EXIT_NONZERO, peak_rss=2860.9 MiB)",/data1/Kane/ACT/audit_results/r93_rerun_20260525T083118Z/overnight_cpu_full_stream1_20260526T025908Z/nn4sys/per_instance_nn4sys_watchdog_iid130_20260526T061730576592Z.json
full_r3_lindex200,131,ERROR_WATCHDOG_EXIT_NONZERO,ERROR,ERROR,,15.009,EXIT_NONZERO,True,True,FAILED,3882.9609375,onnx/mscn_128d.onnx,vnnlib/cardinality_0_750_128.vnnlib,[],[],[],"watchdog killed instance after 15.0s (status=EXIT_NONZERO, peak_rss=3883.0 MiB)",/data1/Kane/ACT/audit_results/r93_rerun_20260525T083118Z/overnight_cpu_full_stream1_20260526T025908Z/nn4sys/per_instance_nn4sys_watchdog_iid131_20260526T061745586813Z.json
full_r3_lindex200,132,ERROR_WATCHDOG_EXIT_NONZERO,ERROR,ERROR,,20.016,EXIT_NONZERO,True,True,FAILED,4905.23046875,onnx/mscn_128d.onnx,vnnlib/cardinality_0_1000_128.vnnlib,[],[],[],"watchdog killed instance after 20.0s (status=EXIT_NONZERO, peak_rss=4905.2 MiB)",/data1/Kane/ACT/audit_results/r93_rerun_20260525T083118Z/overnight_cpu_full_stream1_20260526T025908Z/nn4sys/per_instance_nn4sys_watchdog_iid132_20260526T061805603987Z.json
full_r3_lindex200,133,UNKNOWN_RESOURCE_LIMIT,UNKNOWN,UNKNOWN,,17.412,UNKNOWN_RESOURCE_LIMIT,True,True,FAILED,6303.93359375,onnx/mscn_128d.onnx,vnnlib/cardinality_0_2120_128.vnnlib,[],[],[],"watchdog killed instance after 17.4s (status=UNKNOWN_RESOURCE_LIMIT, peak_rss=6303.9 MiB)",/data1/Kane/ACT/audit_results/r93_rerun_20260525T083118Z/overnight_cpu_full_stream1_20260526T025908Z/nn4sys/per_instance_nn4sys_watchdog_iid133_20260526T061823016530Z.json
full_r3_lindex200,134,UNKNOWN_RESOURCE_LIMIT,UNKNOWN,UNKNOWN,,18.812,UNKNOWN_RESOURCE_LIMIT,True,True,FAILED,6412.33203125,onnx/mscn_128d.onnx,vnnlib/cardinality_0_2680_128.vnnlib,[],[],[],"watchdog killed instance after 18.8s (status=UNKNOWN_RESOURCE_LIMIT, peak_rss=6412.3 MiB)",/data1/Kane/ACT/audit_results/r93_rerun_20260525T083118Z/overnight_cpu_full_stream1_20260526T025908Z/nn4sys/per_instance_nn4sys_watchdog_iid134_20260526T061841829087Z.json
full_r3_lindex200,135,UNKNOWN_RESOURCE_LIMIT,UNKNOWN,UNKNOWN,,19.311,UNKNOWN_RESOURCE_LIMIT,True,True,FAILED,6288.57421875,onnx/mscn_128d.onnx,vnnlib/cardinality_0_3240_128.vnnlib,[],[],[],"watchdog killed instance after 19.3s (status=UNKNOWN_RESOURCE_LIMIT, peak_rss=6288.6 MiB)",/data1/Kane/ACT/audit_results/r93_rerun_20260525T083118Z/overnight_cpu_full_stream1_20260526T025908Z/nn4sys/per_instance_nn4sys_watchdog_iid135_20260526T061901140674Z.json
full_r3_lindex200,136,UNKNOWN_RESOURCE_LIMIT,UNKNOWN,UNKNOWN,,20.311,UNKNOWN_RESOURCE_LIMIT,True,True,FAILED,6378.11328125,onnx/mscn_128d.onnx,vnnlib/cardinality_0_3800_128.vnnlib,[],[],[],"watchdog killed instance after 20.3s (status=UNKNOWN_RESOURCE_LIMIT, peak_rss=6378.1 MiB)",/data1/Kane/ACT/audit_results/r93_rerun_20260525T083118Z/overnight_cpu_full_stream1_20260526T025908Z/nn4sys/per_instance_nn4sys_watchdog_iid136_20260526T061921451855Z.json
full_r3_lindex200,137,ERROR_WATCHDOG_EXIT_NONZERO,ERROR,ERROR,,3.002,EXIT_NONZERO,True,True,FAILED,819.6640625,onnx/mscn_128d_dual.onnx,vnnlib/cardinality_1_1_128_dual.vnnlib,[],[],[],"watchdog killed instance after 3.0s (status=EXIT_NONZERO, peak_rss=819.7 MiB)",/data1/Kane/ACT/audit_results/r93_rerun_20260525T083118Z/overnight_cpu_full_stream1_20260526T025908Z/nn4sys/per_instance_nn4sys_watchdog_iid137_20260526T061924454383Z.json
full_r3_lindex200,138,ERROR_WATCHDOG_EXIT_NONZERO,ERROR,ERROR,,3.002,EXIT_NONZERO,True,True,FAILED,819.05859375,onnx/mscn_128d_dual.onnx,vnnlib/cardinality_1_240_128_dual.vnnlib,[],[],[],"watchdog killed instance after 3.0s (status=EXIT_NONZERO, peak_rss=819.1 MiB)",/data1/Kane/ACT/audit_results/r93_rerun_20260525T083118Z/overnight_cpu_full_stream1_20260526T025908Z/nn4sys/per_instance_nn4sys_watchdog_iid138_20260526T061927456966Z.json
full_r3_lindex200,139,ERROR_WATCHDOG_EXIT_NONZERO,ERROR,ERROR,,3.002,EXIT_NONZERO,True,True,FAILED,819.3671875,onnx/mscn_128d_dual.onnx,vnnlib/cardinality_1_360_128_dual.vnnlib,[],[],[],"watchdog killed instance after 3.0s (status=EXIT_NONZERO, peak_rss=819.4 MiB)",/data1/Kane/ACT/audit_results/r93_rerun_20260525T083118Z/overnight_cpu_full_stream1_20260526T025908Z/nn4sys/per_instance_nn4sys_watchdog_iid139_20260526T061930459879Z.json
full_r3_lindex200,140,ERROR_WATCHDOG_EXIT_NONZERO,ERROR,ERROR,,3.002,EXIT_NONZERO,True,True,FAILED,819.52734375,onnx/mscn_128d_dual.onnx,vnnlib/cardinality_1_480_128_dual.vnnlib,[],[],[],"watchdog killed instance after 3.0s (status=EXIT_NONZERO, peak_rss=819.5 MiB)",/data1/Kane/ACT/audit_results/r93_rerun_20260525T083118Z/overnight_cpu_full_stream1_20260526T025908Z/nn4sys/per_instance_nn4sys_watchdog_iid140_20260526T061933462625Z.json
full_r3_lindex200,141,ERROR_WATCHDOG_EXIT_NONZERO,ERROR,ERROR,,3.002,EXIT_NONZERO,True,True,FAILED,819.1875,onnx/mscn_128d_dual.onnx,vnnlib/cardinality_1_600_128_dual.vnnlib,[],[],[],"watchdog killed instance after 3.0s (status=EXIT_NONZERO, peak_rss=819.2 MiB)",/data1/Kane/ACT/audit_results/r93_rerun_20260525T083118Z/overnight_cpu_full_stream1_20260526T025908Z/nn4sys/per_instance_nn4sys_watchdog_iid141_20260526T061936465073Z.json
full_r3_lindex200,142,ERROR_WATCHDOG_EXIT_NONZERO,ERROR,ERROR,,3.002,EXIT_NONZERO,True,True,FAILED,819.6171875,onnx/mscn_128d_dual.onnx,vnnlib/cardinality_1_720_128_dual.vnnlib,[],[],[],"watchdog killed instance after 3.0s (status=EXIT_NONZERO, peak_rss=819.6 MiB)",/data1/Kane/ACT/audit_results/r93_rerun_20260525T083118Z/overnight_cpu_full_stream1_20260526T025908Z/nn4sys/per_instance_nn4sys_watchdog_iid142_20260526T061939467499Z.json
full_r3_lindex200,143,ERROR_WATCHDOG_EXIT_NONZERO,ERROR,ERROR,,3.002,EXIT_NONZERO,True,True,FAILED,819.48828125,onnx/mscn_128d_dual.onnx,vnnlib/cardinality_1_840_128_dual.vnnlib,[],[],[],"watchdog killed instance after 3.0s (status=EXIT_NONZERO, peak_rss=819.5 MiB)",/data1/Kane/ACT/audit_results/r93_rerun_20260525T083118Z/overnight_cpu_full_stream1_20260526T025908Z/nn4sys/per_instance_nn4sys_watchdog_iid143_20260526T061942470142Z.json
full_r3_lindex200,144,ERROR_WATCHDOG_EXIT_NONZERO,ERROR,ERROR,,3.002,EXIT_NONZERO,True,True,FAILED,819.01171875,onnx/mscn_128d_dual.onnx,vnnlib/cardinality_1_960_128_dual.vnnlib,[],[],[],"watchdog killed instance after 3.0s (status=EXIT_NONZERO, peak_rss=819.0 MiB)",/data1/Kane/ACT/audit_results/r93_rerun_20260525T083118Z/overnight_cpu_full_stream1_20260526T025908Z/nn4sys/per_instance_nn4sys_watchdog_iid144_20260526T061945472963Z.json
full_r3_lindex200,145,ERROR_WATCHDOG_EXIT_NONZERO,ERROR,ERROR,,3.503,EXIT_NONZERO,True,True,FAILED,819.62109375,onnx/mscn_128d_dual.onnx,vnnlib/cardinality_1_2260_128_dual.vnnlib,[],[],[],"watchdog killed instance after 3.5s (status=EXIT_NONZERO, peak_rss=819.6 MiB)",/data1/Kane/ACT/audit_results/r93_rerun_20260525T083118Z/overnight_cpu_full_stream1_20260526T025908Z/nn4sys/per_instance_nn4sys_watchdog_iid145_20260526T061948976150Z.json
full_r3_lindex200,146,ERROR_WATCHDOG_EXIT_NONZERO,ERROR,ERROR,,3.002,EXIT_NONZERO,True,True,FAILED,819.37109375,onnx/mscn_128d_dual.onnx,vnnlib/cardinality_1_2890_128_dual.vnnlib,[],[],[],"watchdog killed instance after 3.0s (status=EXIT_NONZERO, peak_rss=819.4 MiB)",/data1/Kane/ACT/audit_results/r93_rerun_20260525T083118Z/overnight_cpu_full_stream1_20260526T025908Z/nn4sys/per_instance_nn4sys_watchdog_iid146_20260526T061951978983Z.json
full_r3_lindex200,147,ERROR_WATCHDOG_EXIT_NONZERO,ERROR,ERROR,,3.002,EXIT_NONZERO,True,True,FAILED,819.64453125,onnx/mscn_128d_dual.onnx,vnnlib/cardinality_1_3520_128_dual.vnnlib,[],[],[],"watchdog killed instance after 3.0s (status=EXIT_NONZERO, peak_rss=819.6 MiB)",/data1/Kane/ACT/audit_results/r93_rerun_20260525T083118Z/overnight_cpu_full_stream1_20260526T025908Z/nn4sys/per_instance_nn4sys_watchdog_iid147_20260526T061954981976Z.json
full_r3_lindex200,148,ERROR_WATCHDOG_EXIT_NONZERO,ERROR,ERROR,,3.002,EXIT_NONZERO,True,True,FAILED,819.57421875,onnx/mscn_128d_dual.onnx,vnnlib/cardinality_1_4150_128_dual.vnnlib,[],[],[],"watchdog killed instance after 3.0s (status=EXIT_NONZERO, peak_rss=819.6 MiB)",/data1/Kane/ACT/audit_results/r93_rerun_20260525T083118Z/overnight_cpu_full_stream1_20260526T025908Z/nn4sys/per_instance_nn4sys_watchdog_iid148_20260526T061957984859Z.json
full_r3_lindex200,149,ERROR_WATCHDOG_EXIT_NONZERO,ERROR,ERROR,,3.003,EXIT_NONZERO,True,True,FAILED,819.23046875,onnx/mscn_128d_dual.onnx,vnnlib/cardinality_1_4780_128_dual.vnnlib,[],[],[],"watchdog killed instance after 3.0s (status=EXIT_NONZERO, peak_rss=819.2 MiB)",/data1/Kane/ACT/audit_results/r93_rerun_20260525T083118Z/overnight_cpu_full_stream1_20260526T025908Z/nn4sys/per_instance_nn4sys_watchdog_iid149_20260526T062000988348Z.json
full_r3_lindex200,150,ERROR_WATCHDOG_EXIT_NONZERO,ERROR,ERROR,,3.002,EXIT_NONZERO,True,True,FAILED,819.05859375,onnx/mscn_128d_dual.onnx,vnnlib/cardinality_1_5410_128_dual.vnnlib,[],[],[],"watchdog killed instance after 3.0s (status=EXIT_NONZERO, peak_rss=819.1 MiB)",/data1/Kane/ACT/audit_results/r93_rerun_20260525T083118Z/overnight_cpu_full_stream1_20260526T025908Z/nn4sys/per_instance_nn4sys_watchdog_iid150_20260526T062003991230Z.json
full_r3_lindex200,151,ERROR_WATCHDOG_EXIT_NONZERO,ERROR,ERROR,,3.002,EXIT_NONZERO,True,True,FAILED,818.91015625,onnx/mscn_128d_dual.onnx,vnnlib/cardinality_1_6040_128_dual.vnnlib,[],[],[],"watchdog killed instance after 3.0s (status=EXIT_NONZERO, peak_rss=818.9 MiB)",/data1/Kane/ACT/audit_results/r93_rerun_20260525T083118Z/overnight_cpu_full_stream1_20260526T025908Z/nn4sys/per_instance_nn4sys_watchdog_iid151_20260526T062006994355Z.json
full_r3_lindex200,152,ERROR_WATCHDOG_EXIT_NONZERO,ERROR,ERROR,,3.002,EXIT_NONZERO,True,True,FAILED,819.0546875,onnx/mscn_128d_dual.onnx,vnnlib/cardinality_1_6670_128_dual.vnnlib,[],[],[],"watchdog killed instance after 3.0s (status=EXIT_NONZERO, peak_rss=819.1 MiB)",/data1/Kane/ACT/audit_results/r93_rerun_20260525T083118Z/overnight_cpu_full_stream1_20260526T025908Z/nn4sys/per_instance_nn4sys_watchdog_iid152_20260526T062009997256Z.json
full_r3_lindex200,153,ERROR_WATCHDOG_EXIT_NONZERO,ERROR,ERROR,,3.002,EXIT_NONZERO,True,True,FAILED,819.625,onnx/mscn_128d_dual.onnx,vnnlib/cardinality_1_7300_128_dual.vnnlib,[],[],[],"watchdog killed instance after 3.0s (status=EXIT_NONZERO, peak_rss=819.6 MiB)",/data1/Kane/ACT/audit_results/r93_rerun_20260525T083118Z/overnight_cpu_full_stream1_20260526T025908Z/nn4sys/per_instance_nn4sys_watchdog_iid153_20260526T062013000328Z.json
full_r3_lindex200,154,ERROR_WATCHDOG_EXIT_NONZERO,ERROR,ERROR,,3.002,EXIT_NONZERO,True,True,FAILED,819.2265625,onnx/mscn_128d_dual.onnx,vnnlib/cardinality_1_7930_128_dual.vnnlib,[],[],[],"watchdog killed instance after 3.0s (status=EXIT_NONZERO, peak_rss=819.2 MiB)",/data1/Kane/ACT/audit_results/r93_rerun_20260525T083118Z/overnight_cpu_full_stream1_20260526T025908Z/nn4sys/per_instance_nn4sys_watchdog_iid154_20260526T062016003378Z.json
full_r3_lindex200,155,ERROR_WATCHDOG_EXIT_NONZERO,ERROR,ERROR,,3.002,EXIT_NONZERO,True,True,FAILED,819.0703125,onnx/mscn_128d_dual.onnx,vnnlib/cardinality_1_8560_128_dual.vnnlib,[],[],[],"watchdog killed instance after 3.0s (status=EXIT_NONZERO, peak_rss=819.1 MiB)",/data1/Kane/ACT/audit_results/r93_rerun_20260525T083118Z/overnight_cpu_full_stream1_20260526T025908Z/nn4sys/per_instance_nn4sys_watchdog_iid155_20260526T062019006719Z.json
full_r3_lindex200,156,ERROR_WATCHDOG_EXIT_NONZERO,ERROR,ERROR,,3.003,EXIT_NONZERO,True,True,FAILED,819.56640625,onnx/mscn_128d_dual.onnx,vnnlib/cardinality_1_9190_128_dual.vnnlib,[],[],[],"watchdog killed instance after 3.0s (status=EXIT_NONZERO, peak_rss=819.6 MiB)",/data1/Kane/ACT/audit_results/r93_rerun_20260525T083118Z/overnight_cpu_full_stream1_20260526T025908Z/nn4sys/per_instance_nn4sys_watchdog_iid156_20260526T062022010229Z.json
full_r3_lindex200,157,ERROR_WATCHDOG_EXIT_NONZERO,ERROR,ERROR,,3.002,EXIT_NONZERO,True,True,FAILED,819.640625,onnx/mscn_128d_dual.onnx,vnnlib/cardinality_1_9820_128_dual.vnnlib,[],[],[],"watchdog killed instance after 3.0s (status=EXIT_NONZERO, peak_rss=819.6 MiB)",/data1/Kane/ACT/audit_results/r93_rerun_20260525T083118Z/overnight_cpu_full_stream1_20260526T025908Z/nn4sys/per_instance_nn4sys_watchdog_iid157_20260526T062025012931Z.json
full_r3_lindex200,158,ERROR_WATCHDOG_EXIT_NONZERO,ERROR,ERROR,,3.002,EXIT_NONZERO,True,True,FAILED,819.5,onnx/mscn_128d_dual.onnx,vnnlib/cardinality_1_10450_128_dual.vnnlib,[],[],[],"watchdog killed instance after 3.0s (status=EXIT_NONZERO, peak_rss=819.5 MiB)",/data1/Kane/ACT/audit_results/r93_rerun_20260525T083118Z/overnight_cpu_full_stream1_20260526T025908Z/nn4sys/per_instance_nn4sys_watchdog_iid158_20260526T062028015792Z.json
full_r3_lindex200,159,ERROR_WATCHDOG_EXIT_NONZERO,ERROR,ERROR,,3.002,EXIT_NONZERO,True,True,FAILED,818.86328125,onnx/mscn_128d_dual.onnx,vnnlib/cardinality_1_11080_128_dual.vnnlib,[],[],[],"watchdog killed instance after 3.0s (status=EXIT_NONZERO, peak_rss=818.9 MiB)",/data1/Kane/ACT/audit_results/r93_rerun_20260525T083118Z/overnight_cpu_full_stream1_20260526T025908Z/nn4sys/per_instance_nn4sys_watchdog_iid159_20260526T062031019457Z.json
full_r3_lindex200,160,ERROR_WATCHDOG_EXIT_NONZERO,ERROR,ERROR,,3.003,EXIT_NONZERO,True,True,FAILED,778.76171875,onnx/mscn_2048d.onnx,vnnlib/cardinality_0_1_2048.vnnlib,[],[],[],"watchdog killed instance after 3.0s (status=EXIT_NONZERO, peak_rss=778.8 MiB)",/data1/Kane/ACT/audit_results/r93_rerun_20260525T083118Z/overnight_cpu_full_stream1_20260526T025908Z/nn4sys/per_instance_nn4sys_watchdog_iid160_20260526T062034023252Z.json
full_r3_lindex200,161,ERROR_WATCHDOG_EXIT_NONZERO,ERROR,ERROR,,3.002,EXIT_NONZERO,True,True,FAILED,779.109375,onnx/mscn_2048d.onnx,vnnlib/cardinality_0_500_2048.vnnlib,[],[],[],"watchdog killed instance after 3.0s (status=EXIT_NONZERO, peak_rss=779.1 MiB)",/data1/Kane/ACT/audit_results/r93_rerun_20260525T083118Z/overnight_cpu_full_stream1_20260526T025908Z/nn4sys/per_instance_nn4sys_watchdog_iid161_20260526T062037026042Z.json
full_r3_lindex200,162,ERROR_WATCHDOG_EXIT_NONZERO,ERROR,ERROR,,3.002,EXIT_NONZERO,True,True,FAILED,778.9296875,onnx/mscn_2048d.onnx,vnnlib/cardinality_0_750_2048.vnnlib,[],[],[],"watchdog killed instance after 3.0s (status=EXIT_NONZERO, peak_rss=778.9 MiB)",/data1/Kane/ACT/audit_results/r93_rerun_20260525T083118Z/overnight_cpu_full_stream1_20260526T025908Z/nn4sys/per_instance_nn4sys_watchdog_iid162_20260526T062040028852Z.json
full_r3_lindex200,163,ERROR_WATCHDOG_EXIT_NONZERO,ERROR,ERROR,,3.002,EXIT_NONZERO,True,True,FAILED,779.64453125,onnx/mscn_2048d.onnx,vnnlib/cardinality_0_1000_2048.vnnlib,[],[],[],"watchdog killed instance after 3.0s (status=EXIT_NONZERO, peak_rss=779.6 MiB)",/data1/Kane/ACT/audit_results/r93_rerun_20260525T083118Z/overnight_cpu_full_stream1_20260526T025908Z/nn4sys/per_instance_nn4sys_watchdog_iid163_20260526T062043031997Z.json
full_r3_lindex200,164,ERROR_WATCHDOG_EXIT_NONZERO,ERROR,ERROR,,3.002,EXIT_NONZERO,True,True,FAILED,779.3828125,onnx/mscn_2048d.onnx,vnnlib/cardinality_0_2120_2048.vnnlib,[],[],[],"watchdog killed instance after 3.0s (status=EXIT_NONZERO, peak_rss=779.4 MiB)",/data1/Kane/ACT/audit_results/r93_rerun_20260525T083118Z/overnight_cpu_full_stream1_20260526T025908Z/nn4sys/per_instance_nn4sys_watchdog_iid164_20260526T062046035365Z.json
full_r3_lindex200,165,ERROR_WATCHDOG_EXIT_NONZERO,ERROR,ERROR,,3.002,EXIT_NONZERO,True,True,FAILED,779.30078125,onnx/mscn_2048d.onnx,vnnlib/cardinality_0_2680_2048.vnnlib,[],[],[],"watchdog killed instance after 3.0s (status=EXIT_NONZERO, peak_rss=779.3 MiB)",/data1/Kane/ACT/audit_results/r93_rerun_20260525T083118Z/overnight_cpu_full_stream1_20260526T025908Z/nn4sys/per_instance_nn4sys_watchdog_iid165_20260526T062049038552Z.json
full_r3_lindex200,166,ERROR_WATCHDOG_EXIT_NONZERO,ERROR,ERROR,,3.002,EXIT_NONZERO,True,True,FAILED,779.72265625,onnx/mscn_2048d.onnx,vnnlib/cardinality_0_3240_2048.vnnlib,[],[],[],"watchdog killed instance after 3.0s (status=EXIT_NONZERO, peak_rss=779.7 MiB)",/data1/Kane/ACT/audit_results/r93_rerun_20260525T083118Z/overnight_cpu_full_stream1_20260526T025908Z/nn4sys/per_instance_nn4sys_watchdog_iid166_20260526T062052041920Z.json
full_r3_lindex200,167,ERROR_WATCHDOG_EXIT_NONZERO,ERROR,ERROR,,3.002,EXIT_NONZERO,True,True,FAILED,779.23828125,onnx/mscn_2048d.onnx,vnnlib/cardinality_0_3800_2048.vnnlib,[],[],[],"watchdog killed instance after 3.0s (status=EXIT_NONZERO, peak_rss=779.2 MiB)",/data1/Kane/ACT/audit_results/r93_rerun_20260525T083118Z/overnight_cpu_full_stream1_20260526T025908Z/nn4sys/per_instance_nn4sys_watchdog_iid167_20260526T062055046309Z.json
full_r3_lindex200,168,ERROR_WATCHDOG_EXIT_NONZERO,ERROR,ERROR,,3.002,EXIT_NONZERO,True,True,FAILED,778.8828125,onnx/mscn_2048d.onnx,vnnlib/cardinality_0_4360_2048.vnnlib,[],[],[],"watchdog killed instance after 3.0s (status=EXIT_NONZERO, peak_rss=778.9 MiB)",/data1/Kane/ACT/audit_results/r93_rerun_20260525T083118Z/overnight_cpu_full_stream1_20260526T025908Z/nn4sys/per_instance_nn4sys_watchdog_iid168_20260526T062058049361Z.json
full_r3_lindex200,169,ERROR_WATCHDOG_EXIT_NONZERO,ERROR,ERROR,,3.002,EXIT_NONZERO,True,True,FAILED,779.40234375,onnx/mscn_2048d.onnx,vnnlib/cardinality_0_4920_2048.vnnlib,[],[],[],"watchdog killed instance after 3.0s (status=EXIT_NONZERO, peak_rss=779.4 MiB)",/data1/Kane/ACT/audit_results/r93_rerun_20260525T083118Z/overnight_cpu_full_stream1_20260526T025908Z/nn4sys/per_instance_nn4sys_watchdog_iid169_20260526T062101052678Z.json
full_r3_lindex200,170,ERROR_WATCHDOG_EXIT_NONZERO,ERROR,ERROR,,3.003,EXIT_NONZERO,True,True,FAILED,779.15234375,onnx/mscn_2048d.onnx,vnnlib/cardinality_0_5480_2048.vnnlib,[],[],[],"watchdog killed instance after 3.0s (status=EXIT_NONZERO, peak_rss=779.2 MiB)",/data1/Kane/ACT/audit_results/r93_rerun_20260525T083118Z/overnight_cpu_full_stream1_20260526T025908Z/nn4sys/per_instance_nn4sys_watchdog_iid170_20260526T062104056796Z.json
full_r3_lindex200,171,ERROR_WATCHDOG_EXIT_NONZERO,ERROR,ERROR,,3.003,EXIT_NONZERO,True,True,FAILED,784.1875,onnx/mscn_2048d_dual.onnx,vnnlib/cardinality_1_1_2048_dual.vnnlib,[],[],[],"watchdog killed instance after 3.0s (status=EXIT_NONZERO, peak_rss=784.2 MiB)",/data1/Kane/ACT/audit_results/r93_rerun_20260525T083118Z/overnight_cpu_full_stream1_20260526T025908Z/nn4sys/per_instance_nn4sys_watchdog_iid171_20260526T062107060333Z.json
full_r3_lindex200,172,ERROR_WATCHDOG_EXIT_NONZERO,ERROR,ERROR,,3.002,EXIT_NONZERO,True,True,FAILED,779.01171875,onnx/mscn_2048d_dual.onnx,vnnlib/cardinality_1_240_2048_dual.vnnlib,[],[],[],"watchdog killed instance after 3.0s (status=EXIT_NONZERO, peak_rss=779.0 MiB)",/data1/Kane/ACT/audit_results/r93_rerun_20260525T083118Z/overnight_cpu_full_stream1_20260526T025908Z/nn4sys/per_instance_nn4sys_watchdog_iid172_20260526T062110063780Z.json
full_r3_lindex200,173,ERROR_WATCHDOG_EXIT_NONZERO,ERROR,ERROR,,3.002,EXIT_NONZERO,True,True,FAILED,902.50390625,onnx/mscn_2048d_dual.onnx,vnnlib/cardinality_1_360_2048_dual.vnnlib,[],[],[],"watchdog killed instance after 3.0s (status=EXIT_NONZERO, peak_rss=902.5 MiB)",/data1/Kane/ACT/audit_results/r93_rerun_20260525T083118Z/overnight_cpu_full_stream1_20260526T025908Z/nn4sys/per_instance_nn4sys_watchdog_iid173_20260526T062113067857Z.json
full_r3_lindex200,174,ERROR_WATCHDOG_EXIT_NONZERO,ERROR,ERROR,,3.002,EXIT_NONZERO,True,True,FAILED,776.765625,onnx/mscn_2048d_dual.onnx,vnnlib/cardinality_1_480_2048_dual.vnnlib,[],[],[],"watchdog killed instance after 3.0s (status=EXIT_NONZERO, peak_rss=776.8 MiB)",/data1/Kane/ACT/audit_results/r93_rerun_20260525T083118Z/overnight_cpu_full_stream1_20260526T025908Z/nn4sys/per_instance_nn4sys_watchdog_iid174_20260526T062116072313Z.json
full_r3_lindex200,175,ERROR_WATCHDOG_EXIT_NONZERO,ERROR,ERROR,,3.003,EXIT_NONZERO,True,True,FAILED,789.984375,onnx/mscn_2048d_dual.onnx,vnnlib/cardinality_1_600_2048_dual.vnnlib,[],[],[],"watchdog killed instance after 3.0s (status=EXIT_NONZERO, peak_rss=790.0 MiB)",/data1/Kane/ACT/audit_results/r93_rerun_20260525T083118Z/overnight_cpu_full_stream1_20260526T025908Z/nn4sys/per_instance_nn4sys_watchdog_iid175_20260526T062119076245Z.json
full_r3_lindex200,176,ERROR_WATCHDOG_EXIT_NONZERO,ERROR,ERROR,,3.002,EXIT_NONZERO,True,True,FAILED,772.6640625,onnx/mscn_2048d_dual.onnx,vnnlib/cardinality_1_720_2048_dual.vnnlib,[],[],[],"watchdog killed instance after 3.0s (status=EXIT_NONZERO, peak_rss=772.7 MiB)",/data1/Kane/ACT/audit_results/r93_rerun_20260525T083118Z/overnight_cpu_full_stream1_20260526T025908Z/nn4sys/per_instance_nn4sys_watchdog_iid176_20260526T062122079520Z.json
full_r3_lindex200,177,ERROR_WATCHDOG_EXIT_NONZERO,ERROR,ERROR,,3.003,EXIT_NONZERO,True,True,FAILED,789.73046875,onnx/mscn_2048d_dual.onnx,vnnlib/cardinality_1_840_2048_dual.vnnlib,[],[],[],"watchdog killed instance after 3.0s (status=EXIT_NONZERO, peak_rss=789.7 MiB)",/data1/Kane/ACT/audit_results/r93_rerun_20260525T083118Z/overnight_cpu_full_stream1_20260526T025908Z/nn4sys/per_instance_nn4sys_watchdog_iid177_20260526T062125084165Z.json
full_r3_lindex200,178,ERROR_WATCHDOG_EXIT_NONZERO,ERROR,ERROR,,3.003,EXIT_NONZERO,True,True,FAILED,779.5390625,onnx/mscn_2048d_dual.onnx,vnnlib/cardinality_1_960_2048_dual.vnnlib,[],[],[],"watchdog killed instance after 3.0s (status=EXIT_NONZERO, peak_rss=779.5 MiB)",/data1/Kane/ACT/audit_results/r93_rerun_20260525T083118Z/overnight_cpu_full_stream1_20260526T025908Z/nn4sys/per_instance_nn4sys_watchdog_iid178_20260526T062128088318Z.json
full_r3_lindex200,179,ERROR_WATCHDOG_EXIT_NONZERO,ERROR,ERROR,,3.003,EXIT_NONZERO,True,True,FAILED,789.8984375,onnx/mscn_2048d_dual.onnx,vnnlib/cardinality_1_2260_2048_dual.vnnlib,[],[],[],"watchdog killed instance after 3.0s (status=EXIT_NONZERO, peak_rss=789.9 MiB)",/data1/Kane/ACT/audit_results/r93_rerun_20260525T083118Z/overnight_cpu_full_stream1_20260526T025908Z/nn4sys/per_instance_nn4sys_watchdog_iid179_20260526T062131092527Z.json
full_r3_lindex200,180,ERROR_WATCHDOG_EXIT_NONZERO,ERROR,ERROR,,3.003,EXIT_NONZERO,True,True,FAILED,779.75,onnx/mscn_2048d_dual.onnx,vnnlib/cardinality_1_2890_2048_dual.vnnlib,[],[],[],"watchdog killed instance after 3.0s (status=EXIT_NONZERO, peak_rss=779.8 MiB)",/data1/Kane/ACT/audit_results/r93_rerun_20260525T083118Z/overnight_cpu_full_stream1_20260526T025908Z/nn4sys/per_instance_nn4sys_watchdog_iid180_20260526T062134097702Z.json
full_r3_lindex200,181,ERROR_WATCHDOG_EXIT_NONZERO,ERROR,ERROR,,3.003,EXIT_NONZERO,True,True,FAILED,779.71875,onnx/mscn_2048d_dual.onnx,vnnlib/cardinality_1_3520_2048_dual.vnnlib,[],[],[],"watchdog killed instance after 3.0s (status=EXIT_NONZERO, peak_rss=779.7 MiB)",/data1/Kane/ACT/audit_results/r93_rerun_20260525T083118Z/overnight_cpu_full_stream1_20260526T025908Z/nn4sys/per_instance_nn4sys_watchdog_iid181_20260526T062137102010Z.json
full_r3_lindex200,182,ERROR_WATCHDOG_EXIT_NONZERO,ERROR,ERROR,,3.003,EXIT_NONZERO,True,True,FAILED,778.89453125,onnx/mscn_2048d_dual.onnx,vnnlib/cardinality_1_4150_2048_dual.vnnlib,[],[],[],"watchdog killed instance after 3.0s (status=EXIT_NONZERO, peak_rss=778.9 MiB)",/data1/Kane/ACT/audit_results/r93_rerun_20260525T083118Z/overnight_cpu_full_stream1_20260526T025908Z/nn4sys/per_instance_nn4sys_watchdog_iid182_20260526T062140105996Z.json
full_r3_lindex200,183,ERROR_WATCHDOG_EXIT_NONZERO,ERROR,ERROR,,3.002,EXIT_NONZERO,True,True,FAILED,779.62890625,onnx/mscn_2048d_dual.onnx,vnnlib/cardinality_1_4780_2048_dual.vnnlib,[],[],[],"watchdog killed instance after 3.0s (status=EXIT_NONZERO, peak_rss=779.6 MiB)",/data1/Kane/ACT/audit_results/r93_rerun_20260525T083118Z/overnight_cpu_full_stream1_20260526T025908Z/nn4sys/per_instance_nn4sys_watchdog_iid183_20260526T062143109203Z.json
full_r3_lindex200,184,ERROR_WATCHDOG_EXIT_NONZERO,ERROR,ERROR,,3.002,EXIT_NONZERO,True,True,FAILED,779.23046875,onnx/mscn_2048d_dual.onnx,vnnlib/cardinality_1_5410_2048_dual.vnnlib,[],[],[],"watchdog killed instance after 3.0s (status=EXIT_NONZERO, peak_rss=779.2 MiB)",/data1/Kane/ACT/audit_results/r93_rerun_20260525T083118Z/overnight_cpu_full_stream1_20260526T025908Z/nn4sys/per_instance_nn4sys_watchdog_iid184_20260526T062146111956Z.json
full_r3_lindex200,185,ERROR_WATCHDOG_EXIT_NONZERO,ERROR,ERROR,,3.002,EXIT_NONZERO,True,True,FAILED,779.5703125,onnx/mscn_2048d_dual.onnx,vnnlib/cardinality_1_6040_2048_dual.vnnlib,[],[],[],"watchdog killed instance after 3.0s (status=EXIT_NONZERO, peak_rss=779.6 MiB)",/data1/Kane/ACT/audit_results/r93_rerun_20260525T083118Z/overnight_cpu_full_stream1_20260526T025908Z/nn4sys/per_instance_nn4sys_watchdog_iid185_20260526T062149116107Z.json
full_r3_lindex200,186,ERROR_WATCHDOG_EXIT_NONZERO,ERROR,ERROR,,3.003,EXIT_NONZERO,True,True,FAILED,779.55078125,onnx/mscn_2048d_dual.onnx,vnnlib/cardinality_1_6670_2048_dual.vnnlib,[],[],[],"watchdog killed instance after 3.0s (status=EXIT_NONZERO, peak_rss=779.6 MiB)",/data1/Kane/ACT/audit_results/r93_rerun_20260525T083118Z/overnight_cpu_full_stream1_20260526T025908Z/nn4sys/per_instance_nn4sys_watchdog_iid186_20260526T062152223159Z.json
full_r3_lindex200,187,ERROR_WATCHDOG_EXIT_NONZERO,ERROR,ERROR,,3.002,EXIT_NONZERO,True,True,FAILED,778.93359375,onnx/mscn_2048d_dual.onnx,vnnlib/cardinality_1_7300_2048_dual.vnnlib,[],[],[],"watchdog killed instance after 3.0s (status=EXIT_NONZERO, peak_rss=778.9 MiB)",/data1/Kane/ACT/audit_results/r93_rerun_20260525T083118Z/overnight_cpu_full_stream1_20260526T025908Z/nn4sys/per_instance_nn4sys_watchdog_iid187_20260526T062155226172Z.json
full_r3_lindex200,188,ERROR_WATCHDOG_EXIT_NONZERO,ERROR,ERROR,,3.002,EXIT_NONZERO,True,True,FAILED,778.984375,onnx/mscn_2048d_dual.onnx,vnnlib/cardinality_1_7930_2048_dual.vnnlib,[],[],[],"watchdog killed instance after 3.0s (status=EXIT_NONZERO, peak_rss=779.0 MiB)",/data1/Kane/ACT/audit_results/r93_rerun_20260525T083118Z/overnight_cpu_full_stream1_20260526T025908Z/nn4sys/per_instance_nn4sys_watchdog_iid188_20260526T062158229389Z.json
full_r3_lindex200,189,ERROR_WATCHDOG_EXIT_NONZERO,ERROR,ERROR,,3.002,EXIT_NONZERO,True,True,FAILED,778.88671875,onnx/mscn_2048d_dual.onnx,vnnlib/cardinality_1_8560_2048_dual.vnnlib,[],[],[],"watchdog killed instance after 3.0s (status=EXIT_NONZERO, peak_rss=778.9 MiB)",/data1/Kane/ACT/audit_results/r93_rerun_20260525T083118Z/overnight_cpu_full_stream1_20260526T025908Z/nn4sys/per_instance_nn4sys_watchdog_iid189_20260526T062201232750Z.json
full_r3_lindex200,190,ERROR_WATCHDOG_EXIT_NONZERO,ERROR,ERROR,,3.002,EXIT_NONZERO,True,True,FAILED,779.30078125,onnx/mscn_2048d_dual.onnx,vnnlib/cardinality_1_9190_2048_dual.vnnlib,[],[],[],"watchdog killed instance after 3.0s (status=EXIT_NONZERO, peak_rss=779.3 MiB)",/data1/Kane/ACT/audit_results/r93_rerun_20260525T083118Z/overnight_cpu_full_stream1_20260526T025908Z/nn4sys/per_instance_nn4sys_watchdog_iid190_20260526T062204236143Z.json
full_r3_lindex200,191,ERROR_WATCHDOG_EXIT_NONZERO,ERROR,ERROR,,3.002,EXIT_NONZERO,True,True,FAILED,779.1328125,onnx/mscn_2048d_dual.onnx,vnnlib/cardinality_1_9820_2048_dual.vnnlib,[],[],[],"watchdog killed instance after 3.0s (status=EXIT_NONZERO, peak_rss=779.1 MiB)",/data1/Kane/ACT/audit_results/r93_rerun_20260525T083118Z/overnight_cpu_full_stream1_20260526T025908Z/nn4sys/per_instance_nn4sys_watchdog_iid191_20260526T062207239264Z.json
full_r3_lindex200,192,ERROR_WATCHDOG_EXIT_NONZERO,ERROR,ERROR,,3.002,EXIT_NONZERO,True,True,FAILED,778.953125,onnx/mscn_2048d_dual.onnx,vnnlib/cardinality_1_10450_2048_dual.vnnlib,[],[],[],"watchdog killed instance after 3.0s (status=EXIT_NONZERO, peak_rss=779.0 MiB)",/data1/Kane/ACT/audit_results/r93_rerun_20260525T083118Z/overnight_cpu_full_stream1_20260526T025908Z/nn4sys/per_instance_nn4sys_watchdog_iid192_20260526T062210242808Z.json
full_r3_lindex200,193,ERROR_WATCHDOG_EXIT_NONZERO,ERROR,ERROR,,3.002,EXIT_NONZERO,True,True,FAILED,779.16015625,onnx/mscn_2048d_dual.onnx,vnnlib/cardinality_1_11080_2048_dual.vnnlib,[],[],[],"watchdog killed instance after 3.0s (status=EXIT_NONZERO, peak_rss=779.2 MiB)",/data1/Kane/ACT/audit_results/r93_rerun_20260525T083118Z/overnight_cpu_full_stream1_20260526T025908Z/nn4sys/per_instance_nn4sys_watchdog_iid193_20260526T062213246272Z.json
gpu_full,0,UNKNOWN,UNKNOWN,UNKNOWN,UNKNOWN,0.91,,False,,PASSED,,onnx/pensieve_small_simple.onnx,vnnlib/pensieve_simple_0.vnnlib,"[""UNKNOWN""]","[""UNKNOWN""]",[null],,/data1/Kane/ACT/audit_results/r93_rerun_20260525T083118Z/gpu_stream2_20260526T132419Z/nn4sys/per_instance_nn4sys_20260526T132424081469Z.json
gpu_full,1,UNKNOWN,UNKNOWN,UNKNOWN,UNKNOWN,13.676,,False,,PASSED,,onnx/pensieve_big_parallel.onnx,vnnlib/pensieve_parallel_1.vnnlib,"[""UNKNOWN""]","[""UNKNOWN""]",[null],,/data1/Kane/ACT/audit_results/r93_rerun_20260525T083118Z/gpu_stream2_20260526T132419Z/nn4sys/per_instance_nn4sys_20260526T132440848110Z.json
gpu_full,10,UNKNOWN,UNKNOWN,UNKNOWN,UNKNOWN,7.103,,False,,PASSED,,onnx/pensieve_big_simple.onnx,vnnlib/pensieve_simple_10.vnnlib,"[""UNKNOWN""]","[""UNKNOWN""]",[null],,/data1/Kane/ACT/audit_results/r93_rerun_20260525T083118Z/gpu_stream2_20260526T132419Z/nn4sys/per_instance_nn4sys_20260526T132547775649Z.json
gpu_full,100,UNKNOWN,UNKNOWN,UNKNOWN,UNKNOWN,13.926,,False,,PASSED,,onnx/pensieve_big_parallel.onnx,vnnlib/pensieve_parallel_100.vnnlib,"[""UNKNOWN""]","[""UNKNOWN""]",[null],,/data1/Kane/ACT/audit_results/r93_rerun_20260525T083118Z/gpu_stream2_20260526T132419Z/nn4sys/per_instance_nn4sys_20260526T134740606276Z.json
gpu_full,101,UNKNOWN,UNKNOWN,UNKNOWN,UNKNOWN,15.102,,False,,PASSED,,onnx/pensieve_big_parallel.onnx,vnnlib/pensieve_parallel_101.vnnlib,"[""UNKNOWN""]","[""UNKNOWN""]",[null],,/data1/Kane/ACT/audit_results/r93_rerun_20260525T083118Z/gpu_stream2_20260526T132419Z/nn4sys/per_instance_nn4sys_20260526T134758868013Z.json
gpu_full,102,UNKNOWN,UNKNOWN,UNKNOWN,UNKNOWN,14.233,,False,,PASSED,,onnx/pensieve_big_parallel.onnx,vnnlib/pensieve_parallel_102.vnnlib,"[""UNKNOWN""]","[""UNKNOWN""]",[null],,/data1/Kane/ACT/audit_results/r93_rerun_20260525T083118Z/gpu_stream2_20260526T132419Z/nn4sys/per_instance_nn4sys_20260526T134816504109Z.json
gpu_full,103,UNKNOWN,UNKNOWN,UNKNOWN,UNKNOWN,14.108,,False,,PASSED,,onnx/pensieve_big_parallel.onnx,vnnlib/pensieve_parallel_103.vnnlib,"[""UNKNOWN""]","[""UNKNOWN""]",[null],,/data1/Kane/ACT/audit_results/r93_rerun_20260525T083118Z/gpu_stream2_20260526T132419Z/nn4sys/per_instance_nn4sys_20260526T134833879198Z.json
gpu_full,104,UNKNOWN,UNKNOWN,UNKNOWN,UNKNOWN,14.399,,False,,PASSED,,onnx/pensieve_big_parallel.onnx,vnnlib/pensieve_parallel_104.vnnlib,"[""UNKNOWN""]","[""UNKNOWN""]",[null],,/data1/Kane/ACT/audit_results/r93_rerun_20260525T083118Z/gpu_stream2_20260526T132419Z/nn4sys/per_instance_nn4sys_20260526T134851191076Z.json
gpu_full,105,CERTIFIED,UNSAT,CERTIFIED,CERTIFIED,1.564,,False,,PASSED,,onnx/lindex.onnx,vnnlib/lindex_1.vnnlib,"[""UNSAT"",""UNSAT""]","[""CERTIFIED"",""CERTIFIED""]","[null,null]",,/data1/Kane/ACT/audit_results/r93_rerun_20260525T083118Z/gpu_stream2_20260526T132419Z/nn4sys/per_instance_nn4sys_20260526T134855858705Z.json
gpu_full,106,CERTIFIED,UNSAT,CERTIFIED,CERTIFIED,3.882,,False,,PASSED,,onnx/lindex_deep.onnx,vnnlib/lindex_1.vnnlib,"[""UNSAT"",""UNSAT""]","[""CERTIFIED"",""CERTIFIED""]","[null,null]",,/data1/Kane/ACT/audit_results/r93_rerun_20260525T083118Z/gpu_stream2_20260526T132419Z/nn4sys/per_instance_nn4sys_20260526T134902669107Z.json
gpu_full,107,UNKNOWN_TIMEOUT,UNKNOWN,UNKNOWN,,75.237,UNKNOWN_TIMEOUT,True,True,FAILED,1410.21484375,onnx/lindex.onnx,vnnlib/lindex_200.vnnlib,[],[],[],"watchdog killed instance after 75.2s (status=UNKNOWN_TIMEOUT, peak_rss=1410.2 MiB)",/data1/Kane/ACT/audit_results/r93_rerun_20260525T083118Z/gpu_stream2_20260526T132419Z/nn4sys/per_instance_nn4sys_watchdog_iid107_20260526T135018903368Z.json
gpu_full,108,UNKNOWN_TIMEOUT,UNKNOWN,UNKNOWN,,75.243,UNKNOWN_TIMEOUT,True,True,FAILED,1419.51953125,onnx/lindex_deep.onnx,vnnlib/lindex_200.vnnlib,[],[],[],"watchdog killed instance after 75.2s (status=UNKNOWN_TIMEOUT, peak_rss=1419.5 MiB)",/data1/Kane/ACT/audit_results/r93_rerun_20260525T083118Z/gpu_stream2_20260526T132419Z/nn4sys/per_instance_nn4sys_watchdog_iid108_20260526T135134147489Z.json
gpu_full,109,UNKNOWN_TIMEOUT,UNKNOWN,UNKNOWN,,75.24,UNKNOWN_TIMEOUT,True,True,FAILED,1371.44140625,onnx/lindex.onnx,vnnlib/lindex_400.vnnlib,[],[],[],"watchdog killed instance after 75.2s (status=UNKNOWN_TIMEOUT, peak_rss=1371.4 MiB)",/data1/Kane/ACT/audit_results/r93_rerun_20260525T083118Z/gpu_stream2_20260526T132419Z/nn4sys/per_instance_nn4sys_watchdog_iid109_20260526T135249388525Z.json
gpu_full,11,UNKNOWN,UNKNOWN,UNKNOWN,UNKNOWN,6.564,,False,,PASSED,,onnx/pensieve_mid_simple.onnx,vnnlib/pensieve_simple_11.vnnlib,"[""UNKNOWN""]","[""UNKNOWN""]",[null],,/data1/Kane/ACT/audit_results/r93_rerun_20260525T083118Z/gpu_stream2_20260526T132419Z/nn4sys/per_instance_nn4sys_20260526T132557340647Z.json
gpu_full,110,UNKNOWN_TIMEOUT,UNKNOWN,UNKNOWN,,75.24,UNKNOWN_TIMEOUT,True,True,FAILED,1385.9296875,onnx/lindex_deep.onnx,vnnlib/lindex_400.vnnlib,[],[],[],"watchdog killed instance after 75.2s (status=UNKNOWN_TIMEOUT, peak_rss=1385.9 MiB)",/data1/Kane/ACT/audit_results/r93_rerun_20260525T083118Z/gpu_stream2_20260526T132419Z/nn4sys/per_instance_nn4sys_watchdog_iid110_20260526T135404629091Z.json
gpu_full,111,UNKNOWN_TIMEOUT,UNKNOWN,UNKNOWN,,75.241,UNKNOWN_TIMEOUT,True,True,FAILED,1376.40625,onnx/lindex.onnx,vnnlib/lindex_600.vnnlib,[],[],[],"watchdog killed instance after 75.2s (status=UNKNOWN_TIMEOUT, peak_rss=1376.4 MiB)",/data1/Kane/ACT/audit_results/r93_rerun_20260525T083118Z/gpu_stream2_20260526T132419Z/nn4sys/per_instance_nn4sys_watchdog_iid111_20260526T135519871460Z.json
gpu_full,112,UNKNOWN_TIMEOUT,UNKNOWN,UNKNOWN,,75.457,UNKNOWN_TIMEOUT,True,True,FAILED,1479.1875,onnx/lindex_deep.onnx,vnnlib/lindex_600.vnnlib,[],[],[],"watchdog killed instance after 75.5s (status=UNKNOWN_TIMEOUT, peak_rss=1479.2 MiB)",/data1/Kane/ACT/audit_results/r93_rerun_20260525T083118Z/gpu_stream2_20260526T132419Z/nn4sys/per_instance_nn4sys_watchdog_iid112_20260526T135635329771Z.json
gpu_full,113,UNKNOWN_TIMEOUT,UNKNOWN,UNKNOWN,,75.537,UNKNOWN_TIMEOUT,True,True,FAILED,1375.8828125,onnx/lindex.onnx,vnnlib/lindex_800.vnnlib,[],[],[],"watchdog killed instance after 75.5s (status=UNKNOWN_TIMEOUT, peak_rss=1375.9 MiB)",/data1/Kane/ACT/audit_results/r93_rerun_20260525T083118Z/gpu_stream2_20260526T132419Z/nn4sys/per_instance_nn4sys_watchdog_iid113_20260526T135750868109Z.json
gpu_full,114,UNKNOWN_TIMEOUT,UNKNOWN,UNKNOWN,,75.45,UNKNOWN_TIMEOUT,True,True,FAILED,1387.4375,onnx/lindex_deep.onnx,vnnlib/lindex_800.vnnlib,[],[],[],"watchdog killed instance after 75.5s (status=UNKNOWN_TIMEOUT, peak_rss=1387.4 MiB)",/data1/Kane/ACT/audit_results/r93_rerun_20260525T083118Z/gpu_stream2_20260526T132419Z/nn4sys/per_instance_nn4sys_watchdog_iid114_20260526T135906319217Z.json
gpu_full,115,UNKNOWN_TIMEOUT,UNKNOWN,UNKNOWN,,75.261,UNKNOWN_TIMEOUT,True,True,FAILED,1393.8671875,onnx/lindex.onnx,vnnlib/lindex_1000.vnnlib,[],[],[],"watchdog killed instance after 75.3s (status=UNKNOWN_TIMEOUT, peak_rss=1393.9 MiB)",/data1/Kane/ACT/audit_results/r93_rerun_20260525T083118Z/gpu_stream2_20260526T132419Z/nn4sys/per_instance_nn4sys_watchdog_iid115_20260526T140021581357Z.json
gpu_full,116,UNKNOWN_TIMEOUT,UNKNOWN,UNKNOWN,,75.243,UNKNOWN_TIMEOUT,True,True,FAILED,1391.3046875,onnx/lindex_deep.onnx,vnnlib/lindex_1000.vnnlib,[],[],[],"watchdog killed instance after 75.2s (status=UNKNOWN_TIMEOUT, peak_rss=1391.3 MiB)",/data1/Kane/ACT/audit_results/r93_rerun_20260525T083118Z/gpu_stream2_20260526T132419Z/nn4sys/per_instance_nn4sys_watchdog_iid116_20260526T140136825979Z.json
gpu_full,117,UNKNOWN_TIMEOUT,UNKNOWN,UNKNOWN,,75.243,UNKNOWN_TIMEOUT,True,True,FAILED,1406.921875,onnx/lindex.onnx,vnnlib/lindex_3000.vnnlib,[],[],[],"watchdog killed instance after 75.2s (status=UNKNOWN_TIMEOUT, peak_rss=1406.9 MiB)",/data1/Kane/ACT/audit_results/r93_rerun_20260525T083118Z/gpu_stream2_20260526T132419Z/nn4sys/per_instance_nn4sys_watchdog_iid117_20260526T140252070057Z.json
gpu_full,118,UNKNOWN_TIMEOUT,UNKNOWN,UNKNOWN,,75.237,UNKNOWN_TIMEOUT,True,True,FAILED,1413.99609375,onnx/lindex_deep.onnx,vnnlib/lindex_3000.vnnlib,[],[],[],"watchdog killed instance after 75.2s (status=UNKNOWN_TIMEOUT, peak_rss=1414.0 MiB)",/data1/Kane/ACT/audit_results/r93_rerun_20260525T083118Z/gpu_stream2_20260526T132419Z/nn4sys/per_instance_nn4sys_watchdog_iid118_20260526T140407308528Z.json
gpu_full,119,UNKNOWN_TIMEOUT,UNKNOWN,UNKNOWN,,75.238,UNKNOWN_TIMEOUT,True,True,FAILED,1432.95703125,onnx/lindex.onnx,vnnlib/lindex_5000.vnnlib,[],[],[],"watchdog killed instance after 75.2s (status=UNKNOWN_TIMEOUT, peak_rss=1433.0 MiB)",/data1/Kane/ACT/audit_results/r93_rerun_20260525T083118Z/gpu_stream2_20260526T132419Z/nn4sys/per_instance_nn4sys_watchdog_iid119_20260526T140522548060Z.json
gpu_full,12,UNKNOWN,UNKNOWN,UNKNOWN,UNKNOWN,7.147,,False,,PASSED,,onnx/pensieve_big_simple.onnx,vnnlib/pensieve_simple_12.vnnlib,"[""UNKNOWN""]","[""UNKNOWN""]",[null],,/data1/Kane/ACT/audit_results/r93_rerun_20260525T083118Z/gpu_stream2_20260526T132419Z/nn4sys/per_instance_nn4sys_20260526T132607372716Z.json
gpu_full,120,UNKNOWN_TIMEOUT,UNKNOWN,UNKNOWN,,75.385,UNKNOWN_TIMEOUT,True,True,FAILED,1442.6171875,onnx/lindex_deep.onnx,vnnlib/lindex_5000.vnnlib,[],[],[],"watchdog killed instance after 75.4s (status=UNKNOWN_TIMEOUT, peak_rss=1442.6 MiB)",/data1/Kane/ACT/audit_results/r93_rerun_20260525T083118Z/gpu_stream2_20260526T132419Z/nn4sys/per_instance_nn4sys_watchdog_iid120_20260526T140637934299Z.json
gpu_full,121,UNKNOWN_TIMEOUT,UNKNOWN,UNKNOWN,,75.436,UNKNOWN_TIMEOUT,True,True,FAILED,1480.046875,onnx/lindex.onnx,vnnlib/lindex_7000.vnnlib,[],[],[],"watchdog killed instance after 75.4s (status=UNKNOWN_TIMEOUT, peak_rss=1480.0 MiB)",/data1/Kane/ACT/audit_results/r93_rerun_20260525T083118Z/gpu_stream2_20260526T132419Z/nn4sys/per_instance_nn4sys_watchdog_iid121_20260526T140753371178Z.json
gpu_full,122,UNKNOWN_TIMEOUT,UNKNOWN,UNKNOWN,,75.55,UNKNOWN_TIMEOUT,True,True,FAILED,1482.703125,onnx/lindex_deep.onnx,vnnlib/lindex_7000.vnnlib,[],[],[],"watchdog killed instance after 75.5s (status=UNKNOWN_TIMEOUT, peak_rss=1482.7 MiB)",/data1/Kane/ACT/audit_results/r93_rerun_20260525T083118Z/gpu_stream2_20260526T132419Z/nn4sys/per_instance_nn4sys_watchdog_iid122_20260526T140908922189Z.json
gpu_full,123,UNKNOWN_TIMEOUT,UNKNOWN,UNKNOWN,,75.401,UNKNOWN_TIMEOUT,True,True,FAILED,1484.74609375,onnx/lindex.onnx,vnnlib/lindex_9000.vnnlib,[],[],[],"watchdog killed instance after 75.4s (status=UNKNOWN_TIMEOUT, peak_rss=1484.7 MiB)",/data1/Kane/ACT/audit_results/r93_rerun_20260525T083118Z/gpu_stream2_20260526T132419Z/nn4sys/per_instance_nn4sys_watchdog_iid123_20260526T141024326738Z.json
gpu_full,124,UNKNOWN_TIMEOUT,UNKNOWN,UNKNOWN,,75.251,UNKNOWN_TIMEOUT,True,True,FAILED,1495.96875,onnx/lindex_deep.onnx,vnnlib/lindex_9000.vnnlib,[],[],[],"watchdog killed instance after 75.3s (status=UNKNOWN_TIMEOUT, peak_rss=1496.0 MiB)",/data1/Kane/ACT/audit_results/r93_rerun_20260525T083118Z/gpu_stream2_20260526T132419Z/nn4sys/per_instance_nn4sys_watchdog_iid124_20260526T141139578779Z.json
gpu_full,125,UNKNOWN_TIMEOUT,UNKNOWN,UNKNOWN,,75.242,UNKNOWN_TIMEOUT,True,True,FAILED,1501.6015625,onnx/lindex.onnx,vnnlib/lindex_10000.vnnlib,[],[],[],"watchdog killed instance after 75.2s (status=UNKNOWN_TIMEOUT, peak_rss=1501.6 MiB)",/data1/Kane/ACT/audit_results/r93_rerun_20260525T083118Z/gpu_stream2_20260526T132419Z/nn4sys/per_instance_nn4sys_watchdog_iid125_20260526T141254821488Z.json
gpu_full,126,UNKNOWN_TIMEOUT,UNKNOWN,UNKNOWN,,75.337,UNKNOWN_TIMEOUT,True,True,FAILED,1509.03125,onnx/lindex_deep.onnx,vnnlib/lindex_10000.vnnlib,[],[],[],"watchdog killed instance after 75.3s (status=UNKNOWN_TIMEOUT, peak_rss=1509.0 MiB)",/data1/Kane/ACT/audit_results/r93_rerun_20260525T083118Z/gpu_stream2_20260526T132419Z/nn4sys/per_instance_nn4sys_watchdog_iid126_20260526T141410159657Z.json
gpu_full,127,UNKNOWN_TIMEOUT,UNKNOWN,UNKNOWN,,75.338,UNKNOWN_TIMEOUT,True,True,FAILED,2132.73828125,onnx/lindex.onnx,vnnlib/lindex_60000.vnnlib,[],[],[],"watchdog killed instance after 75.3s (status=UNKNOWN_TIMEOUT, peak_rss=2132.7 MiB)",/data1/Kane/ACT/audit_results/r93_rerun_20260525T083118Z/gpu_stream2_20260526T132419Z/nn4sys/per_instance_nn4sys_watchdog_iid127_20260526T141525499440Z.json
gpu_full,128,UNKNOWN_TIMEOUT,UNKNOWN,UNKNOWN,,75.46,UNKNOWN_TIMEOUT,True,True,FAILED,2134.81640625,onnx/lindex_deep.onnx,vnnlib/lindex_60000.vnnlib,[],[],[],"watchdog killed instance after 75.5s (status=UNKNOWN_TIMEOUT, peak_rss=2134.8 MiB)",/data1/Kane/ACT/audit_results/r93_rerun_20260525T083118Z/gpu_stream2_20260526T132419Z/nn4sys/per_instance_nn4sys_watchdog_iid128_20260526T141640962025Z.json
gpu_full,129,CERTIFIED,UNSAT,CERTIFIED,CERTIFIED,46.009,,False,,PASSED,,onnx/mscn_128d.onnx,vnnlib/cardinality_0_1_128.vnnlib,"[""UNSAT"",""UNSAT""]","[""CERTIFIED"",""CERTIFIED""]","[null,null]",,/data1/Kane/ACT/audit_results/r93_rerun_20260525T083118Z/gpu_stream2_20260526T132419Z/nn4sys/per_instance_nn4sys_20260526T141730567335Z.json
gpu_full,13,UNKNOWN,UNKNOWN,UNKNOWN,UNKNOWN,0.823,,False,,PASSED,,onnx/pensieve_small_simple.onnx,vnnlib/pensieve_simple_13.vnnlib,"[""UNKNOWN""]","[""UNKNOWN""]",[null],,/data1/Kane/ACT/audit_results/r93_rerun_20260525T083118Z/gpu_stream2_20260526T132419Z/nn4sys/per_instance_nn4sys_20260526T132611059783Z.json
gpu_full,130,UNKNOWN_TIMEOUT,UNKNOWN,UNKNOWN,,75.261,UNKNOWN_TIMEOUT,True,True,FAILED,2956.73046875,onnx/mscn_128d.onnx,vnnlib/cardinality_0_500_128.vnnlib,[],[],[],"watchdog killed instance after 75.3s (status=UNKNOWN_TIMEOUT, peak_rss=2956.7 MiB)",/data1/Kane/ACT/audit_results/r93_rerun_20260525T083118Z/gpu_stream2_20260526T132419Z/nn4sys/per_instance_nn4sys_watchdog_iid130_20260526T141847797516Z.json
gpu_full,131,UNKNOWN,UNKNOWN,UNKNOWN,UNKNOWN,63.694,,False,,PASSED,,onnx/mscn_128d.onnx,vnnlib/cardinality_0_750_128.vnnlib,"[""UNSAT"",""UNSAT"",""UNKNOWN""]","[""CERTIFIED"",""CERTIFIED"",""UNKNOWN""]","[null,null,null]",,/data1/Kane/ACT/audit_results/r93_rerun_20260525T083118Z/gpu_stream2_20260526T132419Z/nn4sys/per_instance_nn4sys_20260526T141955100193Z.json
gpu_full,132,UNKNOWN,UNKNOWN,UNKNOWN,UNKNOWN,63.234,,False,,PASSED,,onnx/mscn_128d.onnx,vnnlib/cardinality_0_1000_128.vnnlib,"[""UNSAT"",""UNSAT"",""UNKNOWN""]","[""CERTIFIED"",""CERTIFIED"",""UNKNOWN""]","[null,null,null]",,/data1/Kane/ACT/audit_results/r93_rerun_20260525T083118Z/gpu_stream2_20260526T132419Z/nn4sys/per_instance_nn4sys_20260526T142103409996Z.json
gpu_full,133,UNKNOWN_TIMEOUT,UNKNOWN,UNKNOWN,,75.443,UNKNOWN_TIMEOUT,True,True,FAILED,9572.98046875,onnx/mscn_128d.onnx,vnnlib/cardinality_0_2120_128.vnnlib,[],[],[],"watchdog killed instance after 75.4s (status=UNKNOWN_TIMEOUT, peak_rss=9573.0 MiB)",/data1/Kane/ACT/audit_results/r93_rerun_20260525T083118Z/gpu_stream2_20260526T132419Z/nn4sys/per_instance_nn4sys_watchdog_iid133_20260526T142220404699Z.json
gpu_full,134,UNKNOWN_TIMEOUT,UNKNOWN,UNKNOWN,,75.745,UNKNOWN_TIMEOUT,True,True,FAILED,11859.91015625,onnx/mscn_128d.onnx,vnnlib/cardinality_0_2680_128.vnnlib,[],[],[],"watchdog killed instance after 75.7s (status=UNKNOWN_TIMEOUT, peak_rss=11859.9 MiB)",/data1/Kane/ACT/audit_results/r93_rerun_20260525T083118Z/gpu_stream2_20260526T132419Z/nn4sys/per_instance_nn4sys_watchdog_iid134_20260526T142336150623Z.json
gpu_full,135,UNKNOWN_TIMEOUT,UNKNOWN,UNKNOWN,,76.442,UNKNOWN_TIMEOUT,True,True,FAILED,14130.87109375,onnx/mscn_128d.onnx,vnnlib/cardinality_0_3240_128.vnnlib,[],[],[],"watchdog killed instance after 76.4s (status=UNKNOWN_TIMEOUT, peak_rss=14130.9 MiB)",/data1/Kane/ACT/audit_results/r93_rerun_20260525T083118Z/gpu_stream2_20260526T132419Z/nn4sys/per_instance_nn4sys_watchdog_iid135_20260526T142452594225Z.json
gpu_full,136,UNKNOWN_TIMEOUT,UNKNOWN,UNKNOWN,,76.24,UNKNOWN_TIMEOUT,True,True,FAILED,16412.19140625,onnx/mscn_128d.onnx,vnnlib/cardinality_0_3800_128.vnnlib,[],[],[],"watchdog killed instance after 76.2s (status=UNKNOWN_TIMEOUT, peak_rss=16412.2 MiB)",/data1/Kane/ACT/audit_results/r93_rerun_20260525T083118Z/gpu_stream2_20260526T132419Z/nn4sys/per_instance_nn4sys_watchdog_iid136_20260526T142608836235Z.json
gpu_full,137,CERTIFIED,UNSAT,CERTIFIED,CERTIFIED,33.306,,False,,PASSED,,onnx/mscn_128d_dual.onnx,vnnlib/cardinality_1_1_128_dual.vnnlib,"[""UNSAT""]","[""CERTIFIED""]",[null],,/data1/Kane/ACT/audit_results/r93_rerun_20260525T083118Z/gpu_stream2_20260526T132419Z/nn4sys/per_instance_nn4sys_20260526T142644881963Z.json
gpu_full,138,UNKNOWN,UNKNOWN,UNKNOWN,UNKNOWN,62.518,,False,,PASSED,,onnx/mscn_128d_dual.onnx,vnnlib/cardinality_1_240_128_dual.vnnlib,"[""UNSAT"",""UNKNOWN""]","[""CERTIFIED"",""UNKNOWN""]","[null,null]",,/data1/Kane/ACT/audit_results/r93_rerun_20260525T083118Z/gpu_stream2_20260526T132419Z/nn4sys/per_instance_nn4sys_20260526T142753251244Z.json
gpu_full,139,UNKNOWN_TIMEOUT,UNKNOWN,UNKNOWN,,75.4,UNKNOWN_TIMEOUT,True,True,FAILED,3661.125,onnx/mscn_128d_dual.onnx,vnnlib/cardinality_1_360_128_dual.vnnlib,[],[],[],"watchdog killed instance after 75.4s (status=UNKNOWN_TIMEOUT, peak_rss=3661.1 MiB)",/data1/Kane/ACT/audit_results/r93_rerun_20260525T083118Z/gpu_stream2_20260526T132419Z/nn4sys/per_instance_nn4sys_watchdog_iid139_20260526T142910339191Z.json
gpu_full,14,UNKNOWN,UNKNOWN,UNKNOWN,UNKNOWN,7.065,,False,,PASSED,,onnx/pensieve_big_simple.onnx,vnnlib/pensieve_simple_14.vnnlib,"[""UNKNOWN""]","[""UNKNOWN""]",[null],,/data1/Kane/ACT/audit_results/r93_rerun_20260525T083118Z/gpu_stream2_20260526T132419Z/nn4sys/per_instance_nn4sys_20260526T132620775642Z.json
gpu_full,140,UNKNOWN_TIMEOUT,UNKNOWN,UNKNOWN,,75.52,UNKNOWN_TIMEOUT,True,True,FAILED,4576.015625,onnx/mscn_128d_dual.onnx,vnnlib/cardinality_1_480_128_dual.vnnlib,[],[],[],"watchdog killed instance after 75.5s (status=UNKNOWN_TIMEOUT, peak_rss=4576.0 MiB)",/data1/Kane/ACT/audit_results/r93_rerun_20260525T083118Z/gpu_stream2_20260526T132419Z/nn4sys/per_instance_nn4sys_watchdog_iid140_20260526T143025860393Z.json
gpu_full,141,UNKNOWN_TIMEOUT,UNKNOWN,UNKNOWN,,75.352,UNKNOWN_TIMEOUT,True,True,FAILED,5491.40625,onnx/mscn_128d_dual.onnx,vnnlib/cardinality_1_600_128_dual.vnnlib,[],[],[],"watchdog killed instance after 75.4s (status=UNKNOWN_TIMEOUT, peak_rss=5491.4 MiB)",/data1/Kane/ACT/audit_results/r93_rerun_20260525T083118Z/gpu_stream2_20260526T132419Z/nn4sys/per_instance_nn4sys_watchdog_iid141_20260526T143141213774Z.json
gpu_full,142,UNKNOWN_TIMEOUT,UNKNOWN,UNKNOWN,,75.339,UNKNOWN_TIMEOUT,True,True,FAILED,6406.0625,onnx/mscn_128d_dual.onnx,vnnlib/cardinality_1_720_128_dual.vnnlib,[],[],[],"watchdog killed instance after 75.3s (status=UNKNOWN_TIMEOUT, peak_rss=6406.1 MiB)",/data1/Kane/ACT/audit_results/r93_rerun_20260525T083118Z/gpu_stream2_20260526T132419Z/nn4sys/per_instance_nn4sys_watchdog_iid142_20260526T143256553544Z.json
gpu_full,143,UNKNOWN,UNKNOWN,UNKNOWN,UNKNOWN,61.419,,False,,PASSED,,onnx/mscn_128d_dual.onnx,vnnlib/cardinality_1_840_128_dual.vnnlib,"[""UNSAT"",""UNKNOWN""]","[""CERTIFIED"",""UNKNOWN""]","[null,null]",,/data1/Kane/ACT/audit_results/r93_rerun_20260525T083118Z/gpu_stream2_20260526T132419Z/nn4sys/per_instance_nn4sys_20260526T143400549894Z.json
gpu_full,144,UNKNOWN,UNKNOWN,UNKNOWN,UNKNOWN,65.686,,False,,PASSED,,onnx/mscn_128d_dual.onnx,vnnlib/cardinality_1_960_128_dual.vnnlib,"[""UNSAT"",""UNKNOWN""]","[""CERTIFIED"",""UNKNOWN""]","[null,null]",,/data1/Kane/ACT/audit_results/r93_rerun_20260525T083118Z/gpu_stream2_20260526T132419Z/nn4sys/per_instance_nn4sys_20260526T143510354567Z.json
gpu_full,145,UNKNOWN_TIMEOUT,UNKNOWN,UNKNOWN,,76.239,UNKNOWN_TIMEOUT,True,True,FAILED,18146.1015625,onnx/mscn_128d_dual.onnx,vnnlib/cardinality_1_2260_128_dual.vnnlib,[],[],[],"watchdog killed instance after 76.2s (status=UNKNOWN_TIMEOUT, peak_rss=18146.1 MiB)",/data1/Kane/ACT/audit_results/r93_rerun_20260525T083118Z/gpu_stream2_20260526T132419Z/nn4sys/per_instance_nn4sys_watchdog_iid145_20260526T143627862249Z.json
gpu_full,146,UNKNOWN_TIMEOUT,UNKNOWN,UNKNOWN,,77.783,UNKNOWN_TIMEOUT,True,True,FAILED,19824.046875,onnx/mscn_128d_dual.onnx,vnnlib/cardinality_1_2890_128_dual.vnnlib,[],[],[],"watchdog killed instance after 77.8s (status=UNKNOWN_TIMEOUT, peak_rss=19824.0 MiB)",/data1/Kane/ACT/audit_results/r93_rerun_20260525T083118Z/gpu_stream2_20260526T132419Z/nn4sys/per_instance_nn4sys_watchdog_iid146_20260526T143745646947Z.json
gpu_full,147,UNKNOWN_TIMEOUT,UNKNOWN,UNKNOWN,,77.4,UNKNOWN_TIMEOUT,True,True,FAILED,18440.22265625,onnx/mscn_128d_dual.onnx,vnnlib/cardinality_1_3520_128_dual.vnnlib,[],[],[],"watchdog killed instance after 77.4s (status=UNKNOWN_TIMEOUT, peak_rss=18440.2 MiB)",/data1/Kane/ACT/audit_results/r93_rerun_20260525T083118Z/gpu_stream2_20260526T132419Z/nn4sys/per_instance_nn4sys_watchdog_iid147_20260526T143903048685Z.json
gpu_full,148,UNKNOWN_TIMEOUT,UNKNOWN,UNKNOWN,,76.809,UNKNOWN_TIMEOUT,True,True,FAILED,21566.25,onnx/mscn_128d_dual.onnx,vnnlib/cardinality_1_4150_128_dual.vnnlib,[],[],[],"watchdog killed instance after 76.8s (status=UNKNOWN_TIMEOUT, peak_rss=21566.2 MiB)",/data1/Kane/ACT/audit_results/r93_rerun_20260525T083118Z/gpu_stream2_20260526T132419Z/nn4sys/per_instance_nn4sys_watchdog_iid148_20260526T144019860253Z.json
gpu_full,149,UNKNOWN_TIMEOUT,UNKNOWN,UNKNOWN,,76.756,UNKNOWN_TIMEOUT,True,True,FAILED,23902.2421875,onnx/mscn_128d_dual.onnx,vnnlib/cardinality_1_4780_128_dual.vnnlib,[],[],[],"watchdog killed instance after 76.8s (status=UNKNOWN_TIMEOUT, peak_rss=23902.2 MiB)",/data1/Kane/ACT/audit_results/r93_rerun_20260525T083118Z/gpu_stream2_20260526T132419Z/nn4sys/per_instance_nn4sys_watchdog_iid149_20260526T144136617246Z.json
gpu_full,15,UNKNOWN,UNKNOWN,UNKNOWN,UNKNOWN,0.826,,False,,PASSED,,onnx/pensieve_small_simple.onnx,vnnlib/pensieve_simple_15.vnnlib,"[""UNKNOWN""]","[""UNKNOWN""]",[null],,/data1/Kane/ACT/audit_results/r93_rerun_20260525T083118Z/gpu_stream2_20260526T132419Z/nn4sys/per_instance_nn4sys_20260526T132624596521Z.json
gpu_full,150,UNKNOWN_TIMEOUT,UNKNOWN,UNKNOWN,,76.84,UNKNOWN_TIMEOUT,True,True,FAILED,25788.3828125,onnx/mscn_128d_dual.onnx,vnnlib/cardinality_1_5410_128_dual.vnnlib,[],[],[],"watchdog killed instance after 76.8s (status=UNKNOWN_TIMEOUT, peak_rss=25788.4 MiB)",/data1/Kane/ACT/audit_results/r93_rerun_20260525T083118Z/gpu_stream2_20260526T132419Z/nn4sys/per_instance_nn4sys_watchdog_iid150_20260526T144253458518Z.json
gpu_full,151,UNKNOWN_TIMEOUT,UNKNOWN,UNKNOWN,,76.74,UNKNOWN_TIMEOUT,True,True,FAILED,27316.2421875,onnx/mscn_128d_dual.onnx,vnnlib/cardinality_1_6040_128_dual.vnnlib,[],[],[],"watchdog killed instance after 76.7s (status=UNKNOWN_TIMEOUT, peak_rss=27316.2 MiB)",/data1/Kane/ACT/audit_results/r93_rerun_20260525T083118Z/gpu_stream2_20260526T132419Z/nn4sys/per_instance_nn4sys_watchdog_iid151_20260526T144410200139Z.json
gpu_full,152,UNKNOWN_TIMEOUT,UNKNOWN,UNKNOWN,,76.542,UNKNOWN_TIMEOUT,True,True,FAILED,26353.2265625,onnx/mscn_128d_dual.onnx,vnnlib/cardinality_1_6670_128_dual.vnnlib,[],[],[],"watchdog killed instance after 76.5s (status=UNKNOWN_TIMEOUT, peak_rss=26353.2 MiB)",/data1/Kane/ACT/audit_results/r93_rerun_20260525T083118Z/gpu_stream2_20260526T132419Z/nn4sys/per_instance_nn4sys_watchdog_iid152_20260526T144526744772Z.json
gpu_full,153,UNKNOWN_TIMEOUT,UNKNOWN,UNKNOWN,,77.046,UNKNOWN_TIMEOUT,True,True,FAILED,22269.05859375,onnx/mscn_128d_dual.onnx,vnnlib/cardinality_1_7300_128_dual.vnnlib,[],[],[],"watchdog killed instance after 77.0s (status=UNKNOWN_TIMEOUT, peak_rss=22269.1 MiB)",/data1/Kane/ACT/audit_results/r93_rerun_20260525T083118Z/gpu_stream2_20260526T132419Z/nn4sys/per_instance_nn4sys_watchdog_iid153_20260526T144643792752Z.json
gpu_full,154,UNKNOWN_TIMEOUT,UNKNOWN,UNKNOWN,,76.684,UNKNOWN_TIMEOUT,True,True,FAILED,16162.98046875,onnx/mscn_128d_dual.onnx,vnnlib/cardinality_1_7930_128_dual.vnnlib,[],[],[],"watchdog killed instance after 76.7s (status=UNKNOWN_TIMEOUT, peak_rss=16163.0 MiB)",/data1/Kane/ACT/audit_results/r93_rerun_20260525T083118Z/gpu_stream2_20260526T132419Z/nn4sys/per_instance_nn4sys_watchdog_iid154_20260526T144800478363Z.json
gpu_full,155,UNKNOWN_TIMEOUT,UNKNOWN,UNKNOWN,,77.208,UNKNOWN_TIMEOUT,True,True,FAILED,19062.32421875,onnx/mscn_128d_dual.onnx,vnnlib/cardinality_1_8560_128_dual.vnnlib,[],[],[],"watchdog killed instance after 77.2s (status=UNKNOWN_TIMEOUT, peak_rss=19062.3 MiB)",/data1/Kane/ACT/audit_results/r93_rerun_20260525T083118Z/gpu_stream2_20260526T132419Z/nn4sys/per_instance_nn4sys_watchdog_iid155_20260526T144917688824Z.json
gpu_full,156,UNKNOWN_TIMEOUT,UNKNOWN,UNKNOWN,,76.746,UNKNOWN_TIMEOUT,True,True,FAILED,17967.87109375,onnx/mscn_128d_dual.onnx,vnnlib/cardinality_1_9190_128_dual.vnnlib,[],[],[],"watchdog killed instance after 76.7s (status=UNKNOWN_TIMEOUT, peak_rss=17967.9 MiB)",/data1/Kane/ACT/audit_results/r93_rerun_20260525T083118Z/gpu_stream2_20260526T132419Z/nn4sys/per_instance_nn4sys_watchdog_iid156_20260526T145034435953Z.json
gpu_full,157,UNKNOWN_TIMEOUT,UNKNOWN,UNKNOWN,,76.461,UNKNOWN_TIMEOUT,True,True,FAILED,20980.4296875,onnx/mscn_128d_dual.onnx,vnnlib/cardinality_1_9820_128_dual.vnnlib,[],[],[],"watchdog killed instance after 76.5s (status=UNKNOWN_TIMEOUT, peak_rss=20980.4 MiB)",/data1/Kane/ACT/audit_results/r93_rerun_20260525T083118Z/gpu_stream2_20260526T132419Z/nn4sys/per_instance_nn4sys_watchdog_iid157_20260526T145150898696Z.json
gpu_full,158,UNKNOWN_TIMEOUT,UNKNOWN,UNKNOWN,,76.544,UNKNOWN_TIMEOUT,True,True,FAILED,20852.79296875,onnx/mscn_128d_dual.onnx,vnnlib/cardinality_1_10450_128_dual.vnnlib,[],[],[],"watchdog killed instance after 76.5s (status=UNKNOWN_TIMEOUT, peak_rss=20852.8 MiB)",/data1/Kane/ACT/audit_results/r93_rerun_20260525T083118Z/gpu_stream2_20260526T132419Z/nn4sys/per_instance_nn4sys_watchdog_iid158_20260526T145307443650Z.json
gpu_full,159,UNKNOWN_TIMEOUT,UNKNOWN,UNKNOWN,,76.541,UNKNOWN_TIMEOUT,True,True,FAILED,22669.1875,onnx/mscn_128d_dual.onnx,vnnlib/cardinality_1_11080_128_dual.vnnlib,[],[],[],"watchdog killed instance after 76.5s (status=UNKNOWN_TIMEOUT, peak_rss=22669.2 MiB)",/data1/Kane/ACT/audit_results/r93_rerun_20260525T083118Z/gpu_stream2_20260526T132419Z/nn4sys/per_instance_nn4sys_watchdog_iid159_20260526T145423986421Z.json
gpu_full,16,UNKNOWN,UNKNOWN,UNKNOWN,UNKNOWN,0.825,,False,,PASSED,,onnx/pensieve_small_simple.onnx,vnnlib/pensieve_simple_16.vnnlib,"[""UNKNOWN""]","[""UNKNOWN""]",[null],,/data1/Kane/ACT/audit_results/r93_rerun_20260525T083118Z/gpu_stream2_20260526T132419Z/nn4sys/per_instance_nn4sys_20260526T132628046110Z.json
gpu_full,160,UNKNOWN_TIMEOUT,UNKNOWN,UNKNOWN,,75.536,UNKNOWN_TIMEOUT,True,True,FAILED,7964.14453125,onnx/mscn_2048d.onnx,vnnlib/cardinality_0_1_2048.vnnlib,[],[],[],"watchdog killed instance after 75.5s (status=UNKNOWN_TIMEOUT, peak_rss=7964.1 MiB)",/data1/Kane/ACT/audit_results/r93_rerun_20260525T083118Z/gpu_stream2_20260526T132419Z/nn4sys/per_instance_nn4sys_watchdog_iid160_20260526T145539524130Z.json
gpu_full,161,UNKNOWN_TIMEOUT,UNKNOWN,UNKNOWN,,75.751,UNKNOWN_TIMEOUT,True,True,FAILED,8061.08984375,onnx/mscn_2048d.onnx,vnnlib/cardinality_0_500_2048.vnnlib,[],[],[],"watchdog killed instance after 75.8s (status=UNKNOWN_TIMEOUT, peak_rss=8061.1 MiB)",/data1/Kane/ACT/audit_results/r93_rerun_20260525T083118Z/gpu_stream2_20260526T132419Z/nn4sys/per_instance_nn4sys_watchdog_iid161_20260526T145655276504Z.json
gpu_full,162,UNKNOWN_TIMEOUT,UNKNOWN,UNKNOWN,,75.97,UNKNOWN_TIMEOUT,True,True,FAILED,8228.05078125,onnx/mscn_2048d.onnx,vnnlib/cardinality_0_750_2048.vnnlib,[],[],[],"watchdog killed instance after 76.0s (status=UNKNOWN_TIMEOUT, peak_rss=8228.1 MiB)",/data1/Kane/ACT/audit_results/r93_rerun_20260525T083118Z/gpu_stream2_20260526T132419Z/nn4sys/per_instance_nn4sys_watchdog_iid162_20260526T145811253280Z.json
gpu_full,163,UNKNOWN_TIMEOUT,UNKNOWN,UNKNOWN,,75.904,UNKNOWN_TIMEOUT,True,True,FAILED,8452.87890625,onnx/mscn_2048d.onnx,vnnlib/cardinality_0_1000_2048.vnnlib,[],[],[],"watchdog killed instance after 75.9s (status=UNKNOWN_TIMEOUT, peak_rss=8452.9 MiB)",/data1/Kane/ACT/audit_results/r93_rerun_20260525T083118Z/gpu_stream2_20260526T132419Z/nn4sys/per_instance_nn4sys_watchdog_iid163_20260526T145927161289Z.json
gpu_full,164,UNKNOWN_TIMEOUT,UNKNOWN,UNKNOWN,,76.075,UNKNOWN_TIMEOUT,True,True,FAILED,9573.375,onnx/mscn_2048d.onnx,vnnlib/cardinality_0_2120_2048.vnnlib,[],[],[],"watchdog killed instance after 76.1s (status=UNKNOWN_TIMEOUT, peak_rss=9573.4 MiB)",/data1/Kane/ACT/audit_results/r93_rerun_20260525T083118Z/gpu_stream2_20260526T132419Z/nn4sys/per_instance_nn4sys_watchdog_iid164_20260526T150043239533Z.json
gpu_full,165,UNKNOWN_TIMEOUT,UNKNOWN,UNKNOWN,,76.197,UNKNOWN_TIMEOUT,True,True,FAILED,11849.05859375,onnx/mscn_2048d.onnx,vnnlib/cardinality_0_2680_2048.vnnlib,[],[],[],"watchdog killed instance after 76.2s (status=UNKNOWN_TIMEOUT, peak_rss=11849.1 MiB)",/data1/Kane/ACT/audit_results/r93_rerun_20260525T083118Z/gpu_stream2_20260526T132419Z/nn4sys/per_instance_nn4sys_watchdog_iid165_20260526T150159437680Z.json
gpu_full,166,UNKNOWN_TIMEOUT,UNKNOWN,UNKNOWN,,75.954,UNKNOWN_TIMEOUT,True,True,FAILED,14126.671875,onnx/mscn_2048d.onnx,vnnlib/cardinality_0_3240_2048.vnnlib,[],[],[],"watchdog killed instance after 76.0s (status=UNKNOWN_TIMEOUT, peak_rss=14126.7 MiB)",/data1/Kane/ACT/audit_results/r93_rerun_20260525T083118Z/gpu_stream2_20260526T132419Z/nn4sys/per_instance_nn4sys_watchdog_iid166_20260526T150315392669Z.json
gpu_full,167,UNKNOWN_TIMEOUT,UNKNOWN,UNKNOWN,,76.24,UNKNOWN_TIMEOUT,True,True,FAILED,16407.19921875,onnx/mscn_2048d.onnx,vnnlib/cardinality_0_3800_2048.vnnlib,[],[],[],"watchdog killed instance after 76.2s (status=UNKNOWN_TIMEOUT, peak_rss=16407.2 MiB)",/data1/Kane/ACT/audit_results/r93_rerun_20260525T083118Z/gpu_stream2_20260526T132419Z/nn4sys/per_instance_nn4sys_watchdog_iid167_20260526T150431633538Z.json
gpu_full,168,UNKNOWN_TIMEOUT,UNKNOWN,UNKNOWN,,76.037,UNKNOWN_TIMEOUT,True,True,FAILED,18689.2734375,onnx/mscn_2048d.onnx,vnnlib/cardinality_0_4360_2048.vnnlib,[],[],[],"watchdog killed instance after 76.0s (status=UNKNOWN_TIMEOUT, peak_rss=18689.3 MiB)",/data1/Kane/ACT/audit_results/r93_rerun_20260525T083118Z/gpu_stream2_20260526T132419Z/nn4sys/per_instance_nn4sys_watchdog_iid168_20260526T150547672074Z.json
gpu_full,169,UNKNOWN_TIMEOUT,UNKNOWN,UNKNOWN,,76.438,UNKNOWN_TIMEOUT,True,True,FAILED,20970.16796875,onnx/mscn_2048d.onnx,vnnlib/cardinality_0_4920_2048.vnnlib,[],[],[],"watchdog killed instance after 76.4s (status=UNKNOWN_TIMEOUT, peak_rss=20970.2 MiB)",/data1/Kane/ACT/audit_results/r93_rerun_20260525T083118Z/gpu_stream2_20260526T132419Z/nn4sys/per_instance_nn4sys_watchdog_iid169_20260526T150704111614Z.json
gpu_full,17,UNKNOWN,UNKNOWN,UNKNOWN,UNKNOWN,1.252,,False,,PASSED,,onnx/pensieve_small_parallel.onnx,vnnlib/pensieve_parallel_17.vnnlib,"[""UNKNOWN""]","[""UNKNOWN""]",[null],,/data1/Kane/ACT/audit_results/r93_rerun_20260525T083118Z/gpu_stream2_20260526T132419Z/nn4sys/per_instance_nn4sys_20260526T132632021258Z.json
gpu_full,170,UNKNOWN_TIMEOUT,UNKNOWN,UNKNOWN,,76.468,UNKNOWN_TIMEOUT,True,True,FAILED,19890.7578125,onnx/mscn_2048d.onnx,vnnlib/cardinality_0_5480_2048.vnnlib,[],[],[],"watchdog killed instance after 76.5s (status=UNKNOWN_TIMEOUT, peak_rss=19890.8 MiB)",/data1/Kane/ACT/audit_results/r93_rerun_20260525T083118Z/gpu_stream2_20260526T132419Z/nn4sys/per_instance_nn4sys_watchdog_iid170_20260526T150820581075Z.json
gpu_full,171,UNKNOWN_TIMEOUT,UNKNOWN,UNKNOWN,,76.159,UNKNOWN_TIMEOUT,True,True,FAILED,8184.72265625,onnx/mscn_2048d_dual.onnx,vnnlib/cardinality_1_1_2048_dual.vnnlib,[],[],[],"watchdog killed instance after 76.2s (status=UNKNOWN_TIMEOUT, peak_rss=8184.7 MiB)",/data1/Kane/ACT/audit_results/r93_rerun_20260525T083118Z/gpu_stream2_20260526T132419Z/nn4sys/per_instance_nn4sys_watchdog_iid171_20260526T150936741432Z.json
gpu_full,172,UNKNOWN_TIMEOUT,UNKNOWN,UNKNOWN,,75.98,UNKNOWN_TIMEOUT,True,True,FAILED,8324.51171875,onnx/mscn_2048d_dual.onnx,vnnlib/cardinality_1_240_2048_dual.vnnlib,[],[],[],"watchdog killed instance after 76.0s (status=UNKNOWN_TIMEOUT, peak_rss=8324.5 MiB)",/data1/Kane/ACT/audit_results/r93_rerun_20260525T083118Z/gpu_stream2_20260526T132419Z/nn4sys/per_instance_nn4sys_watchdog_iid172_20260526T151052722694Z.json
gpu_full,173,UNKNOWN_TIMEOUT,UNKNOWN,UNKNOWN,,75.775,UNKNOWN_TIMEOUT,True,True,FAILED,8302.32421875,onnx/mscn_2048d_dual.onnx,vnnlib/cardinality_1_360_2048_dual.vnnlib,[],[],[],"watchdog killed instance after 75.8s (status=UNKNOWN_TIMEOUT, peak_rss=8302.3 MiB)",/data1/Kane/ACT/audit_results/r93_rerun_20260525T083118Z/gpu_stream2_20260526T132419Z/nn4sys/per_instance_nn4sys_watchdog_iid173_20260526T151208498872Z.json
gpu_full,174,UNKNOWN_TIMEOUT,UNKNOWN,UNKNOWN,,75.747,UNKNOWN_TIMEOUT,True,True,FAILED,8310.87890625,onnx/mscn_2048d_dual.onnx,vnnlib/cardinality_1_480_2048_dual.vnnlib,[],[],[],"watchdog killed instance after 75.7s (status=UNKNOWN_TIMEOUT, peak_rss=8310.9 MiB)",/data1/Kane/ACT/audit_results/r93_rerun_20260525T083118Z/gpu_stream2_20260526T132419Z/nn4sys/per_instance_nn4sys_watchdog_iid174_20260526T151324247209Z.json
gpu_full,175,UNKNOWN_TIMEOUT,UNKNOWN,UNKNOWN,,75.743,UNKNOWN_TIMEOUT,True,True,FAILED,8503.20703125,onnx/mscn_2048d_dual.onnx,vnnlib/cardinality_1_600_2048_dual.vnnlib,[],[],[],"watchdog killed instance after 75.7s (status=UNKNOWN_TIMEOUT, peak_rss=8503.2 MiB)",/data1/Kane/ACT/audit_results/r93_rerun_20260525T083118Z/gpu_stream2_20260526T132419Z/nn4sys/per_instance_nn4sys_watchdog_iid175_20260526T151439992074Z.json
gpu_full,176,UNKNOWN_TIMEOUT,UNKNOWN,UNKNOWN,,75.843,UNKNOWN_TIMEOUT,True,True,FAILED,8660.92578125,onnx/mscn_2048d_dual.onnx,vnnlib/cardinality_1_720_2048_dual.vnnlib,[],[],[],"watchdog killed instance after 75.8s (status=UNKNOWN_TIMEOUT, peak_rss=8660.9 MiB)",/data1/Kane/ACT/audit_results/r93_rerun_20260525T083118Z/gpu_stream2_20260526T132419Z/nn4sys/per_instance_nn4sys_watchdog_iid176_20260526T151555836967Z.json
gpu_full,177,UNKNOWN_TIMEOUT,UNKNOWN,UNKNOWN,,76.051,UNKNOWN_TIMEOUT,True,True,FAILED,8852.83984375,onnx/mscn_2048d_dual.onnx,vnnlib/cardinality_1_840_2048_dual.vnnlib,[],[],[],"watchdog killed instance after 76.1s (status=UNKNOWN_TIMEOUT, peak_rss=8852.8 MiB)",/data1/Kane/ACT/audit_results/r93_rerun_20260525T083118Z/gpu_stream2_20260526T132419Z/nn4sys/per_instance_nn4sys_watchdog_iid177_20260526T151711934374Z.json
gpu_full,178,UNKNOWN_TIMEOUT,UNKNOWN,UNKNOWN,,75.954,UNKNOWN_TIMEOUT,True,True,FAILED,9019.4609375,onnx/mscn_2048d_dual.onnx,vnnlib/cardinality_1_960_2048_dual.vnnlib,[],[],[],"watchdog killed instance after 76.0s (status=UNKNOWN_TIMEOUT, peak_rss=9019.5 MiB)",/data1/Kane/ACT/audit_results/r93_rerun_20260525T083118Z/gpu_stream2_20260526T132419Z/nn4sys/per_instance_nn4sys_watchdog_iid178_20260526T151827890261Z.json
gpu_full,179,UNKNOWN_TIMEOUT,UNKNOWN,UNKNOWN,,76.643,UNKNOWN_TIMEOUT,True,True,FAILED,18147.89453125,onnx/mscn_2048d_dual.onnx,vnnlib/cardinality_1_2260_2048_dual.vnnlib,[],[],[],"watchdog killed instance after 76.6s (status=UNKNOWN_TIMEOUT, peak_rss=18147.9 MiB)",/data1/Kane/ACT/audit_results/r93_rerun_20260525T083118Z/gpu_stream2_20260526T132419Z/nn4sys/per_instance_nn4sys_watchdog_iid179_20260526T151944534458Z.json
gpu_full,18,UNKNOWN,UNKNOWN,UNKNOWN,UNKNOWN,0.816,,False,,PASSED,,onnx/pensieve_small_simple.onnx,vnnlib/pensieve_simple_18.vnnlib,"[""UNKNOWN""]","[""UNKNOWN""]",[null],,/data1/Kane/ACT/audit_results/r93_rerun_20260525T083118Z/gpu_stream2_20260526T132419Z/nn4sys/per_instance_nn4sys_20260526T132635644605Z.json
gpu_full,180,UNKNOWN_TIMEOUT,UNKNOWN,UNKNOWN,,76.748,UNKNOWN_TIMEOUT,True,True,FAILED,22951.546875,onnx/mscn_2048d_dual.onnx,vnnlib/cardinality_1_2890_2048_dual.vnnlib,[],[],[],"watchdog killed instance after 76.7s (status=UNKNOWN_TIMEOUT, peak_rss=22951.5 MiB)",/data1/Kane/ACT/audit_results/r93_rerun_20260525T083118Z/gpu_stream2_20260526T132419Z/nn4sys/per_instance_nn4sys_watchdog_iid180_20260526T152101284663Z.json
gpu_full,181,UNKNOWN_TIMEOUT,UNKNOWN,UNKNOWN,,76.84,UNKNOWN_TIMEOUT,True,True,FAILED,27753.84375,onnx/mscn_2048d_dual.onnx,vnnlib/cardinality_1_3520_2048_dual.vnnlib,[],[],[],"watchdog killed instance after 76.8s (status=UNKNOWN_TIMEOUT, peak_rss=27753.8 MiB)",/data1/Kane/ACT/audit_results/r93_rerun_20260525T083118Z/gpu_stream2_20260526T132419Z/nn4sys/per_instance_nn4sys_watchdog_iid181_20260526T152218125644Z.json
gpu_full,182,UNKNOWN_TIMEOUT,UNKNOWN,UNKNOWN,,76.843,UNKNOWN_TIMEOUT,True,True,FAILED,26386.703125,onnx/mscn_2048d_dual.onnx,vnnlib/cardinality_1_4150_2048_dual.vnnlib,[],[],[],"watchdog killed instance after 76.8s (status=UNKNOWN_TIMEOUT, peak_rss=26386.7 MiB)",/data1/Kane/ACT/audit_results/r93_rerun_20260525T083118Z/gpu_stream2_20260526T132419Z/nn4sys/per_instance_nn4sys_watchdog_iid182_20260526T152334970111Z.json
gpu_full,183,UNKNOWN_TIMEOUT,UNKNOWN,UNKNOWN,,76.739,UNKNOWN_TIMEOUT,True,True,FAILED,26294.3203125,onnx/mscn_2048d_dual.onnx,vnnlib/cardinality_1_4780_2048_dual.vnnlib,[],[],[],"watchdog killed instance after 76.7s (status=UNKNOWN_TIMEOUT, peak_rss=26294.3 MiB)",/data1/Kane/ACT/audit_results/r93_rerun_20260525T083118Z/gpu_stream2_20260526T132419Z/nn4sys/per_instance_nn4sys_watchdog_iid183_20260526T152451710390Z.json
gpu_full,184,UNKNOWN_TIMEOUT,UNKNOWN,UNKNOWN,,76.839,UNKNOWN_TIMEOUT,True,True,FAILED,26267.34765625,onnx/mscn_2048d_dual.onnx,vnnlib/cardinality_1_5410_2048_dual.vnnlib,[],[],[],"watchdog killed instance after 76.8s (status=UNKNOWN_TIMEOUT, peak_rss=26267.3 MiB)",/data1/Kane/ACT/audit_results/r93_rerun_20260525T083118Z/gpu_stream2_20260526T132419Z/nn4sys/per_instance_nn4sys_watchdog_iid184_20260526T152608595195Z.json
gpu_full,185,UNKNOWN_TIMEOUT,UNKNOWN,UNKNOWN,,76.442,UNKNOWN_TIMEOUT,True,True,FAILED,27320.5390625,onnx/mscn_2048d_dual.onnx,vnnlib/cardinality_1_6040_2048_dual.vnnlib,[],[],[],"watchdog killed instance after 76.4s (status=UNKNOWN_TIMEOUT, peak_rss=27320.5 MiB)",/data1/Kane/ACT/audit_results/r93_rerun_20260525T083118Z/gpu_stream2_20260526T132419Z/nn4sys/per_instance_nn4sys_watchdog_iid185_20260526T152725038476Z.json
gpu_full,186,UNKNOWN_TIMEOUT,UNKNOWN,UNKNOWN,,76.844,UNKNOWN_TIMEOUT,True,True,FAILED,26357.5859375,onnx/mscn_2048d_dual.onnx,vnnlib/cardinality_1_6670_2048_dual.vnnlib,[],[],[],"watchdog killed instance after 76.8s (status=UNKNOWN_TIMEOUT, peak_rss=26357.6 MiB)",/data1/Kane/ACT/audit_results/r93_rerun_20260525T083118Z/gpu_stream2_20260526T132419Z/nn4sys/per_instance_nn4sys_watchdog_iid186_20260526T152841883430Z.json
gpu_full,187,UNKNOWN_TIMEOUT,UNKNOWN,UNKNOWN,,76.94,UNKNOWN_TIMEOUT,True,True,FAILED,27779.52734375,onnx/mscn_2048d_dual.onnx,vnnlib/cardinality_1_7300_2048_dual.vnnlib,[],[],[],"watchdog killed instance after 76.9s (status=UNKNOWN_TIMEOUT, peak_rss=27779.5 MiB)",/data1/Kane/ACT/audit_results/r93_rerun_20260525T083118Z/gpu_stream2_20260526T132419Z/nn4sys/per_instance_nn4sys_watchdog_iid187_20260526T152958824465Z.json
gpu_full,188,UNKNOWN_TIMEOUT,UNKNOWN,UNKNOWN,,76.445,UNKNOWN_TIMEOUT,True,True,FAILED,27736.99609375,onnx/mscn_2048d_dual.onnx,vnnlib/cardinality_1_7930_2048_dual.vnnlib,[],[],[],"watchdog killed instance after 76.4s (status=UNKNOWN_TIMEOUT, peak_rss=27737.0 MiB)",/data1/Kane/ACT/audit_results/r93_rerun_20260525T083118Z/gpu_stream2_20260526T132419Z/nn4sys/per_instance_nn4sys_watchdog_iid188_20260526T153115270655Z.json
gpu_full,189,UNKNOWN_TIMEOUT,UNKNOWN,UNKNOWN,,76.45,UNKNOWN_TIMEOUT,True,True,FAILED,28555.19140625,onnx/mscn_2048d_dual.onnx,vnnlib/cardinality_1_8560_2048_dual.vnnlib,[],[],[],"watchdog killed instance after 76.4s (status=UNKNOWN_TIMEOUT, peak_rss=28555.2 MiB)",/data1/Kane/ACT/audit_results/r93_rerun_20260525T083118Z/gpu_stream2_20260526T132419Z/nn4sys/per_instance_nn4sys_watchdog_iid189_20260526T153231721908Z.json
gpu_full,19,UNKNOWN,UNKNOWN,UNKNOWN,UNKNOWN,1.206,,False,,PASSED,,onnx/pensieve_small_parallel.onnx,vnnlib/pensieve_parallel_19.vnnlib,"[""UNKNOWN""]","[""UNKNOWN""]",[null],,/data1/Kane/ACT/audit_results/r93_rerun_20260525T083118Z/gpu_stream2_20260526T132419Z/nn4sys/per_instance_nn4sys_20260526T132639972411Z.json
gpu_full,190,ERROR_WATCHDOG_EXIT_NONZERO,ERROR,ERROR,,9.006,EXIT_NONZERO,True,True,FAILED,2296.9375,onnx/mscn_2048d_dual.onnx,vnnlib/cardinality_1_9190_2048_dual.vnnlib,[],[],[],"watchdog killed instance after 9.0s (status=EXIT_NONZERO, peak_rss=2296.9 MiB)",/data1/Kane/ACT/audit_results/r93_rerun_20260525T083118Z/gpu_stream2_20260526T132419Z/nn4sys/per_instance_nn4sys_watchdog_iid190_20260526T153240729165Z.json
gpu_full,191,UNKNOWN_TIMEOUT,UNKNOWN,UNKNOWN,,76.453,UNKNOWN_TIMEOUT,True,True,FAILED,27931.7265625,onnx/mscn_2048d_dual.onnx,vnnlib/cardinality_1_9820_2048_dual.vnnlib,[],[],[],"watchdog killed instance after 76.5s (status=UNKNOWN_TIMEOUT, peak_rss=27931.7 MiB)",/data1/Kane/ACT/audit_results/r93_rerun_20260525T083118Z/gpu_stream2_20260526T132419Z/nn4sys/per_instance_nn4sys_watchdog_iid191_20260526T153357183974Z.json
gpu_full,192,UNKNOWN_TIMEOUT,UNKNOWN,UNKNOWN,,76.445,UNKNOWN_TIMEOUT,True,True,FAILED,27407.359375,onnx/mscn_2048d_dual.onnx,vnnlib/cardinality_1_10450_2048_dual.vnnlib,[],[],[],"watchdog killed instance after 76.4s (status=UNKNOWN_TIMEOUT, peak_rss=27407.4 MiB)",/data1/Kane/ACT/audit_results/r93_rerun_20260525T083118Z/gpu_stream2_20260526T132419Z/nn4sys/per_instance_nn4sys_watchdog_iid192_20260526T153513630556Z.json
gpu_full,193,UNKNOWN_TIMEOUT,UNKNOWN,UNKNOWN,,76.742,UNKNOWN_TIMEOUT,True,True,FAILED,28055.671875,onnx/mscn_2048d_dual.onnx,vnnlib/cardinality_1_11080_2048_dual.vnnlib,[],[],[],"watchdog killed instance after 76.7s (status=UNKNOWN_TIMEOUT, peak_rss=28055.7 MiB)",/data1/Kane/ACT/audit_results/r93_rerun_20260525T083118Z/gpu_stream2_20260526T132419Z/nn4sys/per_instance_nn4sys_watchdog_iid193_20260526T153630374917Z.json
gpu_full,2,UNKNOWN,UNKNOWN,UNKNOWN,UNKNOWN,0.857,,False,,PASSED,,onnx/pensieve_small_simple.onnx,vnnlib/pensieve_simple_2.vnnlib,"[""UNKNOWN""]","[""UNKNOWN""]",[null],,/data1/Kane/ACT/audit_results/r93_rerun_20260525T083118Z/gpu_stream2_20260526T132419Z/nn4sys/per_instance_nn4sys_20260526T132444515770Z.json
gpu_full,20,UNKNOWN,UNKNOWN,UNKNOWN,UNKNOWN,1.23,,False,,PASSED,,onnx/pensieve_small_parallel.onnx,vnnlib/pensieve_parallel_20.vnnlib,"[""UNKNOWN""]","[""UNKNOWN""]",[null],,/data1/Kane/ACT/audit_results/r93_rerun_20260525T083118Z/gpu_stream2_20260526T132419Z/nn4sys/per_instance_nn4sys_20260526T132643996331Z.json
gpu_full,21,UNKNOWN,UNKNOWN,UNKNOWN,UNKNOWN,6.748,,False,,PASSED,,onnx/pensieve_mid_simple.onnx,vnnlib/pensieve_simple_21.vnnlib,"[""UNKNOWN""]","[""UNKNOWN""]",[null],,/data1/Kane/ACT/audit_results/r93_rerun_20260525T083118Z/gpu_stream2_20260526T132419Z/nn4sys/per_instance_nn4sys_20260526T132653494234Z.json
gpu_full,22,UNKNOWN,UNKNOWN,UNKNOWN,UNKNOWN,6.872,,False,,PASSED,,onnx/pensieve_big_simple.onnx,vnnlib/pensieve_simple_22.vnnlib,"[""UNKNOWN""]","[""UNKNOWN""]",[null],,/data1/Kane/ACT/audit_results/r93_rerun_20260525T083118Z/gpu_stream2_20260526T132419Z/nn4sys/per_instance_nn4sys_20260526T132703168986Z.json
gpu_full,23,UNKNOWN,UNKNOWN,UNKNOWN,UNKNOWN,13.757,,False,,PASSED,,onnx/pensieve_big_parallel.onnx,vnnlib/pensieve_parallel_23.vnnlib,"[""UNKNOWN""]","[""UNKNOWN""]",[null],,/data1/Kane/ACT/audit_results/r93_rerun_20260525T083118Z/gpu_stream2_20260526T132419Z/nn4sys/per_instance_nn4sys_20260526T132720017044Z.json
gpu_full,24,UNKNOWN,UNKNOWN,UNKNOWN,UNKNOWN,13.597,,False,,PASSED,,onnx/pensieve_big_parallel.onnx,vnnlib/pensieve_parallel_24.vnnlib,"[""UNKNOWN""]","[""UNKNOWN""]",[null],,/data1/Kane/ACT/audit_results/r93_rerun_20260525T083118Z/gpu_stream2_20260526T132419Z/nn4sys/per_instance_nn4sys_20260526T132736366866Z.json
gpu_full,25,UNKNOWN,UNKNOWN,UNKNOWN,UNKNOWN,7.363,,False,,PASSED,,onnx/pensieve_big_simple.onnx,vnnlib/pensieve_simple_25.vnnlib,"[""UNKNOWN""]","[""UNKNOWN""]",[null],,/data1/Kane/ACT/audit_results/r93_rerun_20260525T083118Z/gpu_stream2_20260526T132419Z/nn4sys/per_instance_nn4sys_20260526T132746695347Z.json
gpu_full,26,UNKNOWN,UNKNOWN,UNKNOWN,UNKNOWN,7.841,,False,,PASSED,,onnx/pensieve_big_simple.onnx,vnnlib/pensieve_simple_26.vnnlib,"[""UNKNOWN""]","[""UNKNOWN""]",[null],,/data1/Kane/ACT/audit_results/r93_rerun_20260525T083118Z/gpu_stream2_20260526T132419Z/nn4sys/per_instance_nn4sys_20260526T132757787056Z.json
gpu_full,27,UNKNOWN,UNKNOWN,UNKNOWN,UNKNOWN,1.307,,False,,PASSED,,onnx/pensieve_small_parallel.onnx,vnnlib/pensieve_parallel_27.vnnlib,"[""UNKNOWN""]","[""UNKNOWN""]",[null],,/data1/Kane/ACT/audit_results/r93_rerun_20260525T083118Z/gpu_stream2_20260526T132419Z/nn4sys/per_instance_nn4sys_20260526T132802260579Z.json
gpu_full,28,UNKNOWN,UNKNOWN,UNKNOWN,UNKNOWN,0.925,,False,,PASSED,,onnx/pensieve_small_simple.onnx,vnnlib/pensieve_simple_28.vnnlib,"[""UNKNOWN""]","[""UNKNOWN""]",[null],,/data1/Kane/ACT/audit_results/r93_rerun_20260525T083118Z/gpu_stream2_20260526T132419Z/nn4sys/per_instance_nn4sys_20260526T132806371202Z.json
gpu_full,29,UNKNOWN,UNKNOWN,UNKNOWN,UNKNOWN,7.694,,False,,PASSED,,onnx/pensieve_big_simple.onnx,vnnlib/pensieve_simple_29.vnnlib,"[""UNKNOWN""]","[""UNKNOWN""]",[null],,/data1/Kane/ACT/audit_results/r93_rerun_20260525T083118Z/gpu_stream2_20260526T132419Z/nn4sys/per_instance_nn4sys_20260526T132817159071Z.json
gpu_full,3,UNKNOWN,UNKNOWN,UNKNOWN,UNKNOWN,0.834,,False,,PASSED,,onnx/pensieve_small_simple.onnx,vnnlib/pensieve_simple_3.vnnlib,"[""UNKNOWN""]","[""UNKNOWN""]",[null],,/data1/Kane/ACT/audit_results/r93_rerun_20260525T083118Z/gpu_stream2_20260526T132419Z/nn4sys/per_instance_nn4sys_20260526T132448432093Z.json
gpu_full,30,UNKNOWN,UNKNOWN,UNKNOWN,UNKNOWN,14.699,,False,,PASSED,,onnx/pensieve_big_parallel.onnx,vnnlib/pensieve_parallel_30.vnnlib,"[""UNKNOWN""]","[""UNKNOWN""]",[null],,/data1/Kane/ACT/audit_results/r93_rerun_20260525T083118Z/gpu_stream2_20260526T132419Z/nn4sys/per_instance_nn4sys_20260526T132835168321Z.json
gpu_full,31,UNKNOWN,UNKNOWN,UNKNOWN,UNKNOWN,7.611,,False,,PASSED,,onnx/pensieve_big_simple.onnx,vnnlib/pensieve_simple_31.vnnlib,"[""UNKNOWN""]","[""UNKNOWN""]",[null],,/data1/Kane/ACT/audit_results/r93_rerun_20260525T083118Z/gpu_stream2_20260526T132419Z/nn4sys/per_instance_nn4sys_20260526T132846081971Z.json
gpu_full,32,UNKNOWN,UNKNOWN,UNKNOWN,UNKNOWN,1.253,,False,,PASSED,,onnx/pensieve_small_parallel.onnx,vnnlib/pensieve_parallel_32.vnnlib,"[""UNKNOWN""]","[""UNKNOWN""]",[null],,/data1/Kane/ACT/audit_results/r93_rerun_20260525T083118Z/gpu_stream2_20260526T132419Z/nn4sys/per_instance_nn4sys_20260526T132850737246Z.json
gpu_full,33,UNKNOWN,UNKNOWN,UNKNOWN,UNKNOWN,1.245,,False,,PASSED,,onnx/pensieve_small_parallel.onnx,vnnlib/pensieve_parallel_33.vnnlib,"[""UNKNOWN""]","[""UNKNOWN""]",[null],,/data1/Kane/ACT/audit_results/r93_rerun_20260525T083118Z/gpu_stream2_20260526T132419Z/nn4sys/per_instance_nn4sys_20260526T132855173440Z.json
gpu_full,34,UNKNOWN,UNKNOWN,UNKNOWN,UNKNOWN,0.846,,False,,PASSED,,onnx/pensieve_small_simple.onnx,vnnlib/pensieve_simple_34.vnnlib,"[""UNKNOWN""]","[""UNKNOWN""]",[null],,/data1/Kane/ACT/audit_results/r93_rerun_20260525T083118Z/gpu_stream2_20260526T132419Z/nn4sys/per_instance_nn4sys_20260526T132858704697Z.json
gpu_full,35,UNKNOWN,UNKNOWN,UNKNOWN,UNKNOWN,13.469,,False,,PASSED,,onnx/pensieve_big_parallel.onnx,vnnlib/pensieve_parallel_35.vnnlib,"[""UNKNOWN""]","[""UNKNOWN""]",[null],,/data1/Kane/ACT/audit_results/r93_rerun_20260525T083118Z/gpu_stream2_20260526T132419Z/nn4sys/per_instance_nn4sys_20260526T132914824088Z.json
gpu_full,36,UNKNOWN,UNKNOWN,UNKNOWN,UNKNOWN,13.663,,False,,PASSED,,onnx/pensieve_big_parallel.onnx,vnnlib/pensieve_parallel_36.vnnlib,"[""UNKNOWN""]","[""UNKNOWN""]",[null],,/data1/Kane/ACT/audit_results/r93_rerun_20260525T083118Z/gpu_stream2_20260526T132419Z/nn4sys/per_instance_nn4sys_20260526T132931517878Z.json
gpu_full,37,UNKNOWN,UNKNOWN,UNKNOWN,UNKNOWN,13.906,,False,,PASSED,,onnx/pensieve_big_parallel.onnx,vnnlib/pensieve_parallel_37.vnnlib,"[""UNKNOWN""]","[""UNKNOWN""]",[null],,/data1/Kane/ACT/audit_results/r93_rerun_20260525T083118Z/gpu_stream2_20260526T132419Z/nn4sys/per_instance_nn4sys_20260526T132948354567Z.json
gpu_full,38,UNKNOWN,UNKNOWN,UNKNOWN,UNKNOWN,13.573,,False,,PASSED,,onnx/pensieve_big_parallel.onnx,vnnlib/pensieve_parallel_38.vnnlib,"[""UNKNOWN""]","[""UNKNOWN""]",[null],,/data1/Kane/ACT/audit_results/r93_rerun_20260525T083118Z/gpu_stream2_20260526T132419Z/nn4sys/per_instance_nn4sys_20260526T133005034190Z.json
gpu_full,39,UNKNOWN,UNKNOWN,UNKNOWN,UNKNOWN,13.518,,False,,PASSED,,onnx/pensieve_big_parallel.onnx,vnnlib/pensieve_parallel_39.vnnlib,"[""UNKNOWN""]","[""UNKNOWN""]",[null],,/data1/Kane/ACT/audit_results/r93_rerun_20260525T083118Z/gpu_stream2_20260526T132419Z/nn4sys/per_instance_nn4sys_20260526T133021401499Z.json
gpu_full,4,UNKNOWN,UNKNOWN,UNKNOWN,UNKNOWN,1.223,,False,,PASSED,,onnx/pensieve_small_parallel.onnx,vnnlib/pensieve_parallel_4.vnnlib,"[""UNKNOWN""]","[""UNKNOWN""]",[null],,/data1/Kane/ACT/audit_results/r93_rerun_20260525T083118Z/gpu_stream2_20260526T132419Z/nn4sys/per_instance_nn4sys_20260526T132452416365Z.json
gpu_full,40,UNKNOWN,UNKNOWN,UNKNOWN,UNKNOWN,13.421,,False,,PASSED,,onnx/pensieve_big_parallel.onnx,vnnlib/pensieve_parallel_40.vnnlib,"[""UNKNOWN""]","[""UNKNOWN""]",[null],,/data1/Kane/ACT/audit_results/r93_rerun_20260525T083118Z/gpu_stream2_20260526T132419Z/nn4sys/per_instance_nn4sys_20260526T133037815822Z.json
gpu_full,41,UNKNOWN,UNKNOWN,UNKNOWN,UNKNOWN,13.417,,False,,PASSED,,onnx/pensieve_big_parallel.onnx,vnnlib/pensieve_parallel_41.vnnlib,"[""UNKNOWN""]","[""UNKNOWN""]",[null],,/data1/Kane/ACT/audit_results/r93_rerun_20260525T083118Z/gpu_stream2_20260526T132419Z/nn4sys/per_instance_nn4sys_20260526T133054384828Z.json
gpu_full,42,UNKNOWN,UNKNOWN,UNKNOWN,UNKNOWN,13.489,,False,,PASSED,,onnx/pensieve_big_parallel.onnx,vnnlib/pensieve_parallel_42.vnnlib,"[""UNKNOWN""]","[""UNKNOWN""]",[null],,/data1/Kane/ACT/audit_results/r93_rerun_20260525T083118Z/gpu_stream2_20260526T132419Z/nn4sys/per_instance_nn4sys_20260526T133110883354Z.json
gpu_full,43,UNKNOWN,UNKNOWN,UNKNOWN,UNKNOWN,13.402,,False,,PASSED,,onnx/pensieve_big_parallel.onnx,vnnlib/pensieve_parallel_43.vnnlib,"[""UNKNOWN""]","[""UNKNOWN""]",[null],,/data1/Kane/ACT/audit_results/r93_rerun_20260525T083118Z/gpu_stream2_20260526T132419Z/nn4sys/per_instance_nn4sys_20260526T133127307358Z.json
gpu_full,44,UNKNOWN,UNKNOWN,UNKNOWN,UNKNOWN,13.246,,False,,PASSED,,onnx/pensieve_big_parallel.onnx,vnnlib/pensieve_parallel_44.vnnlib,"[""UNKNOWN""]","[""UNKNOWN""]",[null],,/data1/Kane/ACT/audit_results/r93_rerun_20260525T083118Z/gpu_stream2_20260526T132419Z/nn4sys/per_instance_nn4sys_20260526T133143144361Z.json
gpu_full,45,UNKNOWN,UNKNOWN,UNKNOWN,UNKNOWN,13.236,,False,,PASSED,,onnx/pensieve_big_parallel.onnx,vnnlib/pensieve_parallel_45.vnnlib,"[""UNKNOWN""]","[""UNKNOWN""]",[null],,/data1/Kane/ACT/audit_results/r93_rerun_20260525T083118Z/gpu_stream2_20260526T132419Z/nn4sys/per_instance_nn4sys_20260526T133159254493Z.json
gpu_full,46,UNKNOWN,UNKNOWN,UNKNOWN,UNKNOWN,13.748,,False,,PASSED,,onnx/pensieve_big_parallel.onnx,vnnlib/pensieve_parallel_46.vnnlib,"[""UNKNOWN""]","[""UNKNOWN""]",[null],,/data1/Kane/ACT/audit_results/r93_rerun_20260525T083118Z/gpu_stream2_20260526T132419Z/nn4sys/per_instance_nn4sys_20260526T133215706551Z.json
gpu_full,47,UNKNOWN,UNKNOWN,UNKNOWN,UNKNOWN,14.702,,False,,PASSED,,onnx/pensieve_big_parallel.onnx,vnnlib/pensieve_parallel_47.vnnlib,"[""UNKNOWN""]","[""UNKNOWN""]",[null],,/data1/Kane/ACT/audit_results/r93_rerun_20260525T083118Z/gpu_stream2_20260526T132419Z/nn4sys/per_instance_nn4sys_20260526T133233315500Z.json
gpu_full,48,UNKNOWN,UNKNOWN,UNKNOWN,UNKNOWN,14.693,,False,,PASSED,,onnx/pensieve_big_parallel.onnx,vnnlib/pensieve_parallel_48.vnnlib,"[""UNKNOWN""]","[""UNKNOWN""]",[null],,/data1/Kane/ACT/audit_results/r93_rerun_20260525T083118Z/gpu_stream2_20260526T132419Z/nn4sys/per_instance_nn4sys_20260526T133251322860Z.json
gpu_full,49,UNKNOWN,UNKNOWN,UNKNOWN,UNKNOWN,15.198,,False,,PASSED,,onnx/pensieve_big_parallel.onnx,vnnlib/pensieve_parallel_49.vnnlib,"[""UNKNOWN""]","[""UNKNOWN""]",[null],,/data1/Kane/ACT/audit_results/r93_rerun_20260525T083118Z/gpu_stream2_20260526T132419Z/nn4sys/per_instance_nn4sys_20260526T133309871470Z.json
gpu_full,5,UNKNOWN,UNKNOWN,UNKNOWN,UNKNOWN,0.848,,False,,PASSED,,onnx/pensieve_small_simple.onnx,vnnlib/pensieve_simple_5.vnnlib,"[""UNKNOWN""]","[""UNKNOWN""]",[null],,/data1/Kane/ACT/audit_results/r93_rerun_20260525T083118Z/gpu_stream2_20260526T132419Z/nn4sys/per_instance_nn4sys_20260526T132456074016Z.json
gpu_full,50,UNKNOWN,UNKNOWN,UNKNOWN,UNKNOWN,14.485,,False,,PASSED,,onnx/pensieve_big_parallel.onnx,vnnlib/pensieve_parallel_50.vnnlib,"[""UNKNOWN""]","[""UNKNOWN""]",[null],,/data1/Kane/ACT/audit_results/r93_rerun_20260525T083118Z/gpu_stream2_20260526T132419Z/nn4sys/per_instance_nn4sys_20260526T133327678037Z.json
gpu_full,51,UNKNOWN,UNKNOWN,UNKNOWN,UNKNOWN,13.954,,False,,PASSED,,onnx/pensieve_big_parallel.onnx,vnnlib/pensieve_parallel_51.vnnlib,"[""UNKNOWN""]","[""UNKNOWN""]",[null],,/data1/Kane/ACT/audit_results/r93_rerun_20260525T083118Z/gpu_stream2_20260526T132419Z/nn4sys/per_instance_nn4sys_20260526T133344622510Z.json
gpu_full,52,UNKNOWN,UNKNOWN,UNKNOWN,UNKNOWN,13.751,,False,,PASSED,,onnx/pensieve_big_parallel.onnx,vnnlib/pensieve_parallel_52.vnnlib,"[""UNKNOWN""]","[""UNKNOWN""]",[null],,/data1/Kane/ACT/audit_results/r93_rerun_20260525T083118Z/gpu_stream2_20260526T132419Z/nn4sys/per_instance_nn4sys_20260526T133401330977Z.json
gpu_full,53,UNKNOWN,UNKNOWN,UNKNOWN,UNKNOWN,14.137,,False,,PASSED,,onnx/pensieve_big_parallel.onnx,vnnlib/pensieve_parallel_53.vnnlib,"[""UNKNOWN""]","[""UNKNOWN""]",[null],,/data1/Kane/ACT/audit_results/r93_rerun_20260525T083118Z/gpu_stream2_20260526T132419Z/nn4sys/per_instance_nn4sys_20260526T133418244278Z.json
gpu_full,54,UNKNOWN,UNKNOWN,UNKNOWN,UNKNOWN,13.849,,False,,PASSED,,onnx/pensieve_big_parallel.onnx,vnnlib/pensieve_parallel_54.vnnlib,"[""UNKNOWN""]","[""UNKNOWN""]",[null],,/data1/Kane/ACT/audit_results/r93_rerun_20260525T083118Z/gpu_stream2_20260526T132419Z/nn4sys/per_instance_nn4sys_20260526T133434999483Z.json
gpu_full,55,UNKNOWN,UNKNOWN,UNKNOWN,UNKNOWN,13.904,,False,,PASSED,,onnx/pensieve_big_parallel.onnx,vnnlib/pensieve_parallel_55.vnnlib,"[""UNKNOWN""]","[""UNKNOWN""]",[null],,/data1/Kane/ACT/audit_results/r93_rerun_20260525T083118Z/gpu_stream2_20260526T132419Z/nn4sys/per_instance_nn4sys_20260526T133452036612Z.json
gpu_full,56,UNKNOWN,UNKNOWN,UNKNOWN,UNKNOWN,13.745,,False,,PASSED,,onnx/pensieve_big_parallel.onnx,vnnlib/pensieve_parallel_56.vnnlib,"[""UNKNOWN""]","[""UNKNOWN""]",[null],,/data1/Kane/ACT/audit_results/r93_rerun_20260525T083118Z/gpu_stream2_20260526T132419Z/nn4sys/per_instance_nn4sys_20260526T133508909999Z.json
gpu_full,57,UNKNOWN,UNKNOWN,UNKNOWN,UNKNOWN,13.651,,False,,PASSED,,onnx/pensieve_big_parallel.onnx,vnnlib/pensieve_parallel_57.vnnlib,"[""UNKNOWN""]","[""UNKNOWN""]",[null],,/data1/Kane/ACT/audit_results/r93_rerun_20260525T083118Z/gpu_stream2_20260526T132419Z/nn4sys/per_instance_nn4sys_20260526T133525290390Z.json
gpu_full,58,UNKNOWN,UNKNOWN,UNKNOWN,UNKNOWN,13.73,,False,,PASSED,,onnx/pensieve_big_parallel.onnx,vnnlib/pensieve_parallel_58.vnnlib,"[""UNKNOWN""]","[""UNKNOWN""]",[null],,/data1/Kane/ACT/audit_results/r93_rerun_20260525T083118Z/gpu_stream2_20260526T132419Z/nn4sys/per_instance_nn4sys_20260526T133541855437Z.json
gpu_full,59,UNKNOWN,UNKNOWN,UNKNOWN,UNKNOWN,13.473,,False,,PASSED,,onnx/pensieve_big_parallel.onnx,vnnlib/pensieve_parallel_59.vnnlib,"[""UNKNOWN""]","[""UNKNOWN""]",[null],,/data1/Kane/ACT/audit_results/r93_rerun_20260525T083118Z/gpu_stream2_20260526T132419Z/nn4sys/per_instance_nn4sys_20260526T133558111379Z.json
gpu_full,6,UNKNOWN,UNKNOWN,UNKNOWN,UNKNOWN,6.887,,False,,PASSED,,onnx/pensieve_mid_simple.onnx,vnnlib/pensieve_simple_6.vnnlib,"[""UNKNOWN""]","[""UNKNOWN""]",[null],,/data1/Kane/ACT/audit_results/r93_rerun_20260525T083118Z/gpu_stream2_20260526T132419Z/nn4sys/per_instance_nn4sys_20260526T132506118666Z.json
gpu_full,60,UNKNOWN,UNKNOWN,UNKNOWN,UNKNOWN,13.432,,False,,PASSED,,onnx/pensieve_big_parallel.onnx,vnnlib/pensieve_parallel_60.vnnlib,"[""UNKNOWN""]","[""UNKNOWN""]",[null],,/data1/Kane/ACT/audit_results/r93_rerun_20260525T083118Z/gpu_stream2_20260526T132419Z/nn4sys/per_instance_nn4sys_20260526T133614635612Z.json
gpu_full,61,UNKNOWN,UNKNOWN,UNKNOWN,UNKNOWN,13.492,,False,,PASSED,,onnx/pensieve_big_parallel.onnx,vnnlib/pensieve_parallel_61.vnnlib,"[""UNKNOWN""]","[""UNKNOWN""]",[null],,/data1/Kane/ACT/audit_results/r93_rerun_20260525T083118Z/gpu_stream2_20260526T132419Z/nn4sys/per_instance_nn4sys_20260526T133631126317Z.json
gpu_full,62,UNKNOWN,UNKNOWN,UNKNOWN,UNKNOWN,13.634,,False,,PASSED,,onnx/pensieve_big_parallel.onnx,vnnlib/pensieve_parallel_62.vnnlib,"[""UNKNOWN""]","[""UNKNOWN""]",[null],,/data1/Kane/ACT/audit_results/r93_rerun_20260525T083118Z/gpu_stream2_20260526T132419Z/nn4sys/per_instance_nn4sys_20260526T133647780385Z.json
gpu_full,63,UNKNOWN,UNKNOWN,UNKNOWN,UNKNOWN,14.903,,False,,PASSED,,onnx/pensieve_big_parallel.onnx,vnnlib/pensieve_parallel_63.vnnlib,"[""UNKNOWN""]","[""UNKNOWN""]",[null],,/data1/Kane/ACT/audit_results/r93_rerun_20260525T083118Z/gpu_stream2_20260526T132419Z/nn4sys/per_instance_nn4sys_20260526T133705649811Z.json
gpu_full,64,UNKNOWN,UNKNOWN,UNKNOWN,UNKNOWN,14.746,,False,,PASSED,,onnx/pensieve_big_parallel.onnx,vnnlib/pensieve_parallel_64.vnnlib,"[""UNKNOWN""]","[""UNKNOWN""]",[null],,/data1/Kane/ACT/audit_results/r93_rerun_20260525T083118Z/gpu_stream2_20260526T132419Z/nn4sys/per_instance_nn4sys_20260526T133723612175Z.json
gpu_full,65,UNKNOWN,UNKNOWN,UNKNOWN,UNKNOWN,14.939,,False,,PASSED,,onnx/pensieve_big_parallel.onnx,vnnlib/pensieve_parallel_65.vnnlib,"[""UNKNOWN""]","[""UNKNOWN""]",[null],,/data1/Kane/ACT/audit_results/r93_rerun_20260525T083118Z/gpu_stream2_20260526T132419Z/nn4sys/per_instance_nn4sys_20260526T133741808501Z.json
gpu_full,66,UNKNOWN,UNKNOWN,UNKNOWN,UNKNOWN,14.565,,False,,PASSED,,onnx/pensieve_big_parallel.onnx,vnnlib/pensieve_parallel_66.vnnlib,"[""UNKNOWN""]","[""UNKNOWN""]",[null],,/data1/Kane/ACT/audit_results/r93_rerun_20260525T083118Z/gpu_stream2_20260526T132419Z/nn4sys/per_instance_nn4sys_20260526T133759445146Z.json
gpu_full,67,UNKNOWN,UNKNOWN,UNKNOWN,UNKNOWN,13.848,,False,,PASSED,,onnx/pensieve_big_parallel.onnx,vnnlib/pensieve_parallel_67.vnnlib,"[""UNKNOWN""]","[""UNKNOWN""]",[null],,/data1/Kane/ACT/audit_results/r93_rerun_20260525T083118Z/gpu_stream2_20260526T132419Z/nn4sys/per_instance_nn4sys_20260526T133816174708Z.json
gpu_full,68,UNKNOWN,UNKNOWN,UNKNOWN,UNKNOWN,13.86,,False,,PASSED,,onnx/pensieve_big_parallel.onnx,vnnlib/pensieve_parallel_68.vnnlib,"[""UNKNOWN""]","[""UNKNOWN""]",[null],,/data1/Kane/ACT/audit_results/r93_rerun_20260525T083118Z/gpu_stream2_20260526T132419Z/nn4sys/per_instance_nn4sys_20260526T133833126968Z.json
gpu_full,69,UNKNOWN,UNKNOWN,UNKNOWN,UNKNOWN,14.165,,False,,PASSED,,onnx/pensieve_big_parallel.onnx,vnnlib/pensieve_parallel_69.vnnlib,"[""UNKNOWN""]","[""UNKNOWN""]",[null],,/data1/Kane/ACT/audit_results/r93_rerun_20260525T083118Z/gpu_stream2_20260526T132419Z/nn4sys/per_instance_nn4sys_20260526T133850488501Z.json
gpu_full,7,UNKNOWN,UNKNOWN,UNKNOWN,UNKNOWN,7.298,,False,,PASSED,,onnx/pensieve_big_simple.onnx,vnnlib/pensieve_simple_7.vnnlib,"[""UNKNOWN""]","[""UNKNOWN""]",[null],,/data1/Kane/ACT/audit_results/r93_rerun_20260525T083118Z/gpu_stream2_20260526T132419Z/nn4sys/per_instance_nn4sys_20260526T132516487111Z.json
gpu_full,70,UNKNOWN,UNKNOWN,UNKNOWN,UNKNOWN,13.858,,False,,PASSED,,onnx/pensieve_big_parallel.onnx,vnnlib/pensieve_parallel_70.vnnlib,"[""UNKNOWN""]","[""UNKNOWN""]",[null],,/data1/Kane/ACT/audit_results/r93_rerun_20260525T083118Z/gpu_stream2_20260526T132419Z/nn4sys/per_instance_nn4sys_20260526T133907697909Z.json
gpu_full,71,UNKNOWN,UNKNOWN,UNKNOWN,UNKNOWN,13.673,,False,,PASSED,,onnx/pensieve_big_parallel.onnx,vnnlib/pensieve_parallel_71.vnnlib,"[""UNKNOWN""]","[""UNKNOWN""]",[null],,/data1/Kane/ACT/audit_results/r93_rerun_20260525T083118Z/gpu_stream2_20260526T132419Z/nn4sys/per_instance_nn4sys_20260526T133924508571Z.json
gpu_full,72,UNKNOWN,UNKNOWN,UNKNOWN,UNKNOWN,13.841,,False,,PASSED,,onnx/pensieve_big_parallel.onnx,vnnlib/pensieve_parallel_72.vnnlib,"[""UNKNOWN""]","[""UNKNOWN""]",[null],,/data1/Kane/ACT/audit_results/r93_rerun_20260525T083118Z/gpu_stream2_20260526T132419Z/nn4sys/per_instance_nn4sys_20260526T133941225758Z.json
gpu_full,73,UNKNOWN,UNKNOWN,UNKNOWN,UNKNOWN,13.525,,False,,PASSED,,onnx/pensieve_big_parallel.onnx,vnnlib/pensieve_parallel_73.vnnlib,"[""UNKNOWN""]","[""UNKNOWN""]",[null],,/data1/Kane/ACT/audit_results/r93_rerun_20260525T083118Z/gpu_stream2_20260526T132419Z/nn4sys/per_instance_nn4sys_20260526T133957902441Z.json
gpu_full,74,UNKNOWN,UNKNOWN,UNKNOWN,UNKNOWN,13.624,,False,,PASSED,,onnx/pensieve_big_parallel.onnx,vnnlib/pensieve_parallel_74.vnnlib,"[""UNKNOWN""]","[""UNKNOWN""]",[null],,/data1/Kane/ACT/audit_results/r93_rerun_20260525T083118Z/gpu_stream2_20260526T132419Z/nn4sys/per_instance_nn4sys_20260526T134014457596Z.json
gpu_full,75,UNKNOWN,UNKNOWN,UNKNOWN,UNKNOWN,13.444,,False,,PASSED,,onnx/pensieve_big_parallel.onnx,vnnlib/pensieve_parallel_75.vnnlib,"[""UNKNOWN""]","[""UNKNOWN""]",[null],,/data1/Kane/ACT/audit_results/r93_rerun_20260525T083118Z/gpu_stream2_20260526T132419Z/nn4sys/per_instance_nn4sys_20260526T134030767712Z.json
gpu_full,76,UNKNOWN,UNKNOWN,UNKNOWN,UNKNOWN,13.322,,False,,PASSED,,onnx/pensieve_big_parallel.onnx,vnnlib/pensieve_parallel_76.vnnlib,"[""UNKNOWN""]","[""UNKNOWN""]",[null],,/data1/Kane/ACT/audit_results/r93_rerun_20260525T083118Z/gpu_stream2_20260526T132419Z/nn4sys/per_instance_nn4sys_20260526T134047158674Z.json
gpu_full,77,UNKNOWN,UNKNOWN,UNKNOWN,UNKNOWN,13.464,,False,,PASSED,,onnx/pensieve_big_parallel.onnx,vnnlib/pensieve_parallel_77.vnnlib,"[""UNKNOWN""]","[""UNKNOWN""]",[null],,/data1/Kane/ACT/audit_results/r93_rerun_20260525T083118Z/gpu_stream2_20260526T132419Z/nn4sys/per_instance_nn4sys_20260526T134103318022Z.json
gpu_full,78,UNKNOWN,UNKNOWN,UNKNOWN,UNKNOWN,13.641,,False,,PASSED,,onnx/pensieve_big_parallel.onnx,vnnlib/pensieve_parallel_78.vnnlib,"[""UNKNOWN""]","[""UNKNOWN""]",[null],,/data1/Kane/ACT/audit_results/r93_rerun_20260525T083118Z/gpu_stream2_20260526T132419Z/nn4sys/per_instance_nn4sys_20260526T134119994694Z.json
gpu_full,79,UNKNOWN,UNKNOWN,UNKNOWN,UNKNOWN,14.686,,False,,PASSED,,onnx/pensieve_big_parallel.onnx,vnnlib/pensieve_parallel_79.vnnlib,"[""UNKNOWN""]","[""UNKNOWN""]",[null],,/data1/Kane/ACT/audit_results/r93_rerun_20260525T083118Z/gpu_stream2_20260526T132419Z/nn4sys/per_instance_nn4sys_20260526T134137672375Z.json
gpu_full,8,UNKNOWN,UNKNOWN,UNKNOWN,UNKNOWN,13.776,,False,,PASSED,,onnx/pensieve_big_parallel.onnx,vnnlib/pensieve_parallel_8.vnnlib,"[""UNKNOWN""]","[""UNKNOWN""]",[null],,/data1/Kane/ACT/audit_results/r93_rerun_20260525T083118Z/gpu_stream2_20260526T132419Z/nn4sys/per_instance_nn4sys_20260526T132533499878Z.json
gpu_full,80,UNKNOWN,UNKNOWN,UNKNOWN,UNKNOWN,14.678,,False,,PASSED,,onnx/pensieve_big_parallel.onnx,vnnlib/pensieve_parallel_80.vnnlib,"[""UNKNOWN""]","[""UNKNOWN""]",[null],,/data1/Kane/ACT/audit_results/r93_rerun_20260525T083118Z/gpu_stream2_20260526T132419Z/nn4sys/per_instance_nn4sys_20260526T134155703248Z.json
gpu_full,81,UNKNOWN,UNKNOWN,UNKNOWN,UNKNOWN,14.736,,False,,PASSED,,onnx/pensieve_big_parallel.onnx,vnnlib/pensieve_parallel_81.vnnlib,"[""UNKNOWN""]","[""UNKNOWN""]",[null],,/data1/Kane/ACT/audit_results/r93_rerun_20260525T083118Z/gpu_stream2_20260526T132419Z/nn4sys/per_instance_nn4sys_20260526T134213786024Z.json
gpu_full,82,UNKNOWN,UNKNOWN,UNKNOWN,UNKNOWN,14.345,,False,,PASSED,,onnx/pensieve_big_parallel.onnx,vnnlib/pensieve_parallel_82.vnnlib,"[""UNKNOWN""]","[""UNKNOWN""]",[null],,/data1/Kane/ACT/audit_results/r93_rerun_20260525T083118Z/gpu_stream2_20260526T132419Z/nn4sys/per_instance_nn4sys_20260526T134231414170Z.json
gpu_full,83,UNKNOWN,UNKNOWN,UNKNOWN,UNKNOWN,13.776,,False,,PASSED,,onnx/pensieve_big_parallel.onnx,vnnlib/pensieve_parallel_83.vnnlib,"[""UNKNOWN""]","[""UNKNOWN""]",[null],,/data1/Kane/ACT/audit_results/r93_rerun_20260525T083118Z/gpu_stream2_20260526T132419Z/nn4sys/per_instance_nn4sys_20260526T134248253248Z.json
gpu_full,84,UNKNOWN,UNKNOWN,UNKNOWN,UNKNOWN,13.837,,False,,PASSED,,onnx/pensieve_big_parallel.onnx,vnnlib/pensieve_parallel_84.vnnlib,"[""UNKNOWN""]","[""UNKNOWN""]",[null],,/data1/Kane/ACT/audit_results/r93_rerun_20260525T083118Z/gpu_stream2_20260526T132419Z/nn4sys/per_instance_nn4sys_20260526T134304816828Z.json
gpu_full,85,UNKNOWN,UNKNOWN,UNKNOWN,UNKNOWN,14.023,,False,,PASSED,,onnx/pensieve_big_parallel.onnx,vnnlib/pensieve_parallel_85.vnnlib,"[""UNKNOWN""]","[""UNKNOWN""]",[null],,/data1/Kane/ACT/audit_results/r93_rerun_20260525T083118Z/gpu_stream2_20260526T132419Z/nn4sys/per_instance_nn4sys_20260526T134322044498Z.json
gpu_full,86,UNKNOWN,UNKNOWN,UNKNOWN,UNKNOWN,13.731,,False,,PASSED,,onnx/pensieve_big_parallel.onnx,vnnlib/pensieve_parallel_86.vnnlib,"[""UNKNOWN""]","[""UNKNOWN""]",[null],,/data1/Kane/ACT/audit_results/r93_rerun_20260525T083118Z/gpu_stream2_20260526T132419Z/nn4sys/per_instance_nn4sys_20260526T134338778432Z.json
gpu_full,87,UNKNOWN,UNKNOWN,UNKNOWN,UNKNOWN,13.645,,False,,PASSED,,onnx/pensieve_big_parallel.onnx,vnnlib/pensieve_parallel_87.vnnlib,"[""UNKNOWN""]","[""UNKNOWN""]",[null],,/data1/Kane/ACT/audit_results/r93_rerun_20260525T083118Z/gpu_stream2_20260526T132419Z/nn4sys/per_instance_nn4sys_20260526T134355192133Z.json
gpu_full,88,UNKNOWN,UNKNOWN,UNKNOWN,UNKNOWN,13.72,,False,,PASSED,,onnx/pensieve_big_parallel.onnx,vnnlib/pensieve_parallel_88.vnnlib,"[""UNKNOWN""]","[""UNKNOWN""]",[null],,/data1/Kane/ACT/audit_results/r93_rerun_20260525T083118Z/gpu_stream2_20260526T132419Z/nn4sys/per_instance_nn4sys_20260526T134411774948Z.json
gpu_full,89,UNKNOWN,UNKNOWN,UNKNOWN,UNKNOWN,13.563,,False,,PASSED,,onnx/pensieve_big_parallel.onnx,vnnlib/pensieve_parallel_89.vnnlib,"[""UNKNOWN""]","[""UNKNOWN""]",[null],,/data1/Kane/ACT/audit_results/r93_rerun_20260525T083118Z/gpu_stream2_20260526T132419Z/nn4sys/per_instance_nn4sys_20260526T134428090793Z.json
gpu_full,9,UNKNOWN,UNKNOWN,UNKNOWN,UNKNOWN,1.221,,False,,PASSED,,onnx/pensieve_small_parallel.onnx,vnnlib/pensieve_parallel_9.vnnlib,"[""UNKNOWN""]","[""UNKNOWN""]",[null],,/data1/Kane/ACT/audit_results/r93_rerun_20260525T083118Z/gpu_stream2_20260526T132419Z/nn4sys/per_instance_nn4sys_20260526T132537909664Z.json
gpu_full,90,UNKNOWN,UNKNOWN,UNKNOWN,UNKNOWN,13.533,,False,,PASSED,,onnx/pensieve_big_parallel.onnx,vnnlib/pensieve_parallel_90.vnnlib,"[""UNKNOWN""]","[""UNKNOWN""]",[null],,/data1/Kane/ACT/audit_results/r93_rerun_20260525T083118Z/gpu_stream2_20260526T132419Z/nn4sys/per_instance_nn4sys_20260526T134444574935Z.json
gpu_full,91,UNKNOWN,UNKNOWN,UNKNOWN,UNKNOWN,13.344,,False,,PASSED,,onnx/pensieve_big_parallel.onnx,vnnlib/pensieve_parallel_91.vnnlib,"[""UNKNOWN""]","[""UNKNOWN""]",[null],,/data1/Kane/ACT/audit_results/r93_rerun_20260525T083118Z/gpu_stream2_20260526T132419Z/nn4sys/per_instance_nn4sys_20260526T134500894309Z.json
gpu_full,92,UNKNOWN,UNKNOWN,UNKNOWN,UNKNOWN,13.477,,False,,PASSED,,onnx/pensieve_big_parallel.onnx,vnnlib/pensieve_parallel_92.vnnlib,"[""UNKNOWN""]","[""UNKNOWN""]",[null],,/data1/Kane/ACT/audit_results/r93_rerun_20260525T083118Z/gpu_stream2_20260526T132419Z/nn4sys/per_instance_nn4sys_20260526T134517567677Z.json
gpu_full,93,UNKNOWN,UNKNOWN,UNKNOWN,UNKNOWN,14.074,,False,,PASSED,,onnx/pensieve_big_parallel.onnx,vnnlib/pensieve_parallel_93.vnnlib,"[""UNKNOWN""]","[""UNKNOWN""]",[null],,/data1/Kane/ACT/audit_results/r93_rerun_20260525T083118Z/gpu_stream2_20260526T132419Z/nn4sys/per_instance_nn4sys_20260526T134534707784Z.json
gpu_full,94,UNKNOWN,UNKNOWN,UNKNOWN,UNKNOWN,14.184,,False,,PASSED,,onnx/pensieve_big_parallel.onnx,vnnlib/pensieve_parallel_94.vnnlib,"[""UNKNOWN""]","[""UNKNOWN""]",[null],,/data1/Kane/ACT/audit_results/r93_rerun_20260525T083118Z/gpu_stream2_20260526T132419Z/nn4sys/per_instance_nn4sys_20260526T134551856504Z.json
gpu_full,95,UNKNOWN,UNKNOWN,UNKNOWN,UNKNOWN,15.149,,False,,PASSED,,onnx/pensieve_big_parallel.onnx,vnnlib/pensieve_parallel_95.vnnlib,"[""UNKNOWN""]","[""UNKNOWN""]",[null],,/data1/Kane/ACT/audit_results/r93_rerun_20260525T083118Z/gpu_stream2_20260526T132419Z/nn4sys/per_instance_nn4sys_20260526T134610363929Z.json
gpu_full,96,UNKNOWN,UNKNOWN,UNKNOWN,UNKNOWN,15.209,,False,,PASSED,,onnx/pensieve_big_parallel.onnx,vnnlib/pensieve_parallel_96.vnnlib,"[""UNKNOWN""]","[""UNKNOWN""]",[null],,/data1/Kane/ACT/audit_results/r93_rerun_20260525T083118Z/gpu_stream2_20260526T132419Z/nn4sys/per_instance_nn4sys_20260526T134629002044Z.json
gpu_full,97,UNKNOWN,UNKNOWN,UNKNOWN,UNKNOWN,15.171,,False,,PASSED,,onnx/pensieve_big_parallel.onnx,vnnlib/pensieve_parallel_97.vnnlib,"[""UNKNOWN""]","[""UNKNOWN""]",[null],,/data1/Kane/ACT/audit_results/r93_rerun_20260525T083118Z/gpu_stream2_20260526T132419Z/nn4sys/per_instance_nn4sys_20260526T134647496623Z.json
gpu_full,98,UNKNOWN,UNKNOWN,UNKNOWN,UNKNOWN,15.018,,False,,PASSED,,onnx/pensieve_big_parallel.onnx,vnnlib/pensieve_parallel_98.vnnlib,"[""UNKNOWN""]","[""UNKNOWN""]",[null],,/data1/Kane/ACT/audit_results/r93_rerun_20260525T083118Z/gpu_stream2_20260526T132419Z/nn4sys/per_instance_nn4sys_20260526T134705853324Z.json
gpu_full,99,UNKNOWN,UNKNOWN,UNKNOWN,UNKNOWN,14.098,,False,,PASSED,,onnx/pensieve_big_parallel.onnx,vnnlib/pensieve_parallel_99.vnnlib,"[""UNKNOWN""]","[""UNKNOWN""]",[null],,/data1/Kane/ACT/audit_results/r93_rerun_20260525T083118Z/gpu_stream2_20260526T132419Z/nn4sys/per_instance_nn4sys_20260526T134723415346Z.json
lindex200_fixed,129,CERTIFIED,UNSAT,CERTIFIED,CERTIFIED,42.649,,False,,PASSED,,onnx/mscn_128d.onnx,vnnlib/cardinality_0_1_128.vnnlib,"[""UNSAT"",""UNSAT""]","[""CERTIFIED"",""CERTIFIED""]","[null,null]",,/data1/Kane/ACT/audit_results/r93_rerun_20260525T083118Z/nn4sys_fix_rerun_20260526T105058Z/per_instance_nn4sys_20260526T105148341017Z.json
lindex200_fixed,130,UNKNOWN,UNKNOWN,UNKNOWN,UNKNOWN,70.253,,False,,PASSED,,onnx/mscn_128d.onnx,vnnlib/cardinality_0_500_128.vnnlib,"[""UNSAT"",""UNSAT"",""UNSAT"",""UNSAT"",""UNKNOWN""]","[""CERTIFIED"",""CERTIFIED"",""CERTIFIED"",""CERTIFIED"",""UNKNOWN""]","[null,null,null,null,null]",,/data1/Kane/ACT/audit_results/r93_rerun_20260525T083118Z/nn4sys_fix_rerun_20260526T105058Z/per_instance_nn4sys_20260526T105303044453Z.json
lindex200_fixed,131,UNKNOWN,UNKNOWN,UNKNOWN,UNKNOWN,69.556,,False,,PASSED,,onnx/mscn_128d.onnx,vnnlib/cardinality_0_750_128.vnnlib,"[""UNSAT"",""UNSAT"",""UNSAT"",""UNSAT"",""UNKNOWN""]","[""CERTIFIED"",""CERTIFIED"",""CERTIFIED"",""CERTIFIED"",""UNKNOWN""]","[null,null,null,null,null]",,/data1/Kane/ACT/audit_results/r93_rerun_20260525T083118Z/nn4sys_fix_rerun_20260526T105058Z/per_instance_nn4sys_20260526T105416707723Z.json
lindex200_fixed,132,UNKNOWN,UNKNOWN,UNKNOWN,UNKNOWN,65.136,,False,,PASSED,,onnx/mscn_128d.onnx,vnnlib/cardinality_0_1000_128.vnnlib,"[""UNSAT"",""UNSAT"",""UNSAT"",""UNSAT"",""UNKNOWN""]","[""CERTIFIED"",""CERTIFIED"",""CERTIFIED"",""CERTIFIED"",""UNKNOWN""]","[null,null,null,null,null]",,/data1/Kane/ACT/audit_results/r93_rerun_20260525T083118Z/nn4sys_fix_rerun_20260526T105058Z/per_instance_nn4sys_20260526T105525560121Z.json
lindex200_fixed,137,CERTIFIED,UNSAT,CERTIFIED,CERTIFIED,23.3,,False,,PASSED,,onnx/mscn_128d_dual.onnx,vnnlib/cardinality_1_1_128_dual.vnnlib,"[""UNSAT""]","[""CERTIFIED""]",[null],,/data1/Kane/ACT/audit_results/r93_rerun_20260525T083118Z/nn4sys_fix_rerun_20260526T105058Z/per_instance_nn4sys_20260526T105552033887Z.json
lindex200_fixed,138,UNKNOWN_TIMEOUT,UNKNOWN,UNKNOWN,,75.253,UNKNOWN_TIMEOUT,True,True,FAILED,2622.8046875,onnx/mscn_128d_dual.onnx,vnnlib/cardinality_1_240_128_dual.vnnlib,[],[],[],"watchdog killed instance after 75.3s (status=UNKNOWN_TIMEOUT, peak_rss=2622.8 MiB)",/data1/Kane/ACT/audit_results/r93_rerun_20260525T083118Z/nn4sys_fix_rerun_20260526T105058Z/per_instance_nn4sys_watchdog_iid138_20260526T105708274369Z.json
lindex200_fixed,139,UNKNOWN_TIMEOUT,UNKNOWN,UNKNOWN,,75.153,UNKNOWN_TIMEOUT,True,True,FAILED,3538.19921875,onnx/mscn_128d_dual.onnx,vnnlib/cardinality_1_360_128_dual.vnnlib,[],[],[],"watchdog killed instance after 75.2s (status=UNKNOWN_TIMEOUT, peak_rss=3538.2 MiB)",/data1/Kane/ACT/audit_results/r93_rerun_20260525T083118Z/nn4sys_fix_rerun_20260526T105058Z/per_instance_nn4sys_watchdog_iid139_20260526T105823427934Z.json
lindex200_fixed,140,UNKNOWN_TIMEOUT,UNKNOWN,UNKNOWN,,75.253,UNKNOWN_TIMEOUT,True,True,FAILED,4454.08984375,onnx/mscn_128d_dual.onnx,vnnlib/cardinality_1_480_128_dual.vnnlib,[],[],[],"watchdog killed instance after 75.3s (status=UNKNOWN_TIMEOUT, peak_rss=4454.1 MiB)",/data1/Kane/ACT/audit_results/r93_rerun_20260525T083118Z/nn4sys_fix_rerun_20260526T105058Z/per_instance_nn4sys_watchdog_iid140_20260526T105938681433Z.json
lindex200_fixed,141,UNKNOWN,UNKNOWN,UNKNOWN,UNKNOWN,66.849,,False,,PASSED,,onnx/mscn_128d_dual.onnx,vnnlib/cardinality_1_600_128_dual.vnnlib,"[""UNSAT"",""UNSAT"",""UNKNOWN""]","[""CERTIFIED"",""CERTIFIED"",""UNKNOWN""]","[null,null,null]",,/data1/Kane/ACT/audit_results/r93_rerun_20260525T083118Z/nn4sys_fix_rerun_20260526T105058Z/per_instance_nn4sys_20260526T110047837323Z.json
lindex200_fixed,142,UNKNOWN,UNKNOWN,UNKNOWN,UNKNOWN,65.865,,False,,PASSED,,onnx/mscn_128d_dual.onnx,vnnlib/cardinality_1_720_128_dual.vnnlib,"[""UNSAT"",""UNKNOWN""]","[""CERTIFIED"",""UNKNOWN""]","[null,null]",,/data1/Kane/ACT/audit_results/r93_rerun_20260525T083118Z/nn4sys_fix_rerun_20260526T105058Z/per_instance_nn4sys_20260526T110158360765Z.json
lindex200_fixed,143,UNKNOWN,UNKNOWN,UNKNOWN,UNKNOWN,61.115,,False,,PASSED,,onnx/mscn_128d_dual.onnx,vnnlib/cardinality_1_840_128_dual.vnnlib,"[""UNSAT"",""UNKNOWN""]","[""CERTIFIED"",""UNKNOWN""]","[null,null]",,/data1/Kane/ACT/audit_results/r93_rerun_20260525T083118Z/nn4sys_fix_rerun_20260526T105058Z/per_instance_nn4sys_20260526T110303883140Z.json
lindex200_fixed,144,UNKNOWN,UNKNOWN,UNKNOWN,UNKNOWN,65.837,,False,,PASSED,,onnx/mscn_128d_dual.onnx,vnnlib/cardinality_1_960_128_dual.vnnlib,"[""UNSAT"",""UNKNOWN""]","[""CERTIFIED"",""UNKNOWN""]","[null,null]",,/data1/Kane/ACT/audit_results/r93_rerun_20260525T083118Z/nn4sys_fix_rerun_20260526T105058Z/per_instance_nn4sys_20260526T110413953405Z.json
lindex200_fixed,145,UNKNOWN,UNKNOWN,UNKNOWN,UNKNOWN,70.852,,False,,PASSED,,onnx/mscn_128d_dual.onnx,vnnlib/cardinality_1_2260_128_dual.vnnlib,"[""UNKNOWN""]","[""UNKNOWN""]",[null],,/data1/Kane/ACT/audit_results/r93_rerun_20260525T083118Z/nn4sys_fix_rerun_20260526T105058Z/per_instance_nn4sys_20260526T110528982278Z.json
lindex200_fixed,146,UNKNOWN_TIMEOUT,UNKNOWN,UNKNOWN,,76.339,UNKNOWN_TIMEOUT,True,True,FAILED,22834.28515625,onnx/mscn_128d_dual.onnx,vnnlib/cardinality_1_2890_128_dual.vnnlib,[],[],[],"watchdog killed instance after 76.3s (status=UNKNOWN_TIMEOUT, peak_rss=22834.3 MiB)",/data1/Kane/ACT/audit_results/r93_rerun_20260525T083118Z/nn4sys_fix_rerun_20260526T105058Z/per_instance_nn4sys_watchdog_iid146_20260526T110646791322Z.json
lindex200_fixed,147,UNKNOWN_RESOURCE_LIMIT,UNKNOWN,UNKNOWN,,65.434,UNKNOWN_RESOURCE_LIMIT,True,True,FAILED,24887.8125,onnx/mscn_128d_dual.onnx,vnnlib/cardinality_1_3520_128_dual.vnnlib,[],[],[],"watchdog killed instance after 65.4s (status=UNKNOWN_RESOURCE_LIMIT, peak_rss=24887.8 MiB)",/data1/Kane/ACT/audit_results/r93_rerun_20260525T083118Z/nn4sys_fix_rerun_20260526T105058Z/per_instance_nn4sys_watchdog_iid147_20260526T110752225731Z.json
lindex200_fixed,148,UNKNOWN_RESOURCE_LIMIT,UNKNOWN,UNKNOWN,,69.041,UNKNOWN_RESOURCE_LIMIT,True,True,FAILED,24781.19921875,onnx/mscn_128d_dual.onnx,vnnlib/cardinality_1_4150_128_dual.vnnlib,[],[],[],"watchdog killed instance after 69.0s (status=UNKNOWN_RESOURCE_LIMIT, peak_rss=24781.2 MiB)",/data1/Kane/ACT/audit_results/r93_rerun_20260525T083118Z/nn4sys_fix_rerun_20260526T105058Z/per_instance_nn4sys_watchdog_iid148_20260526T110901266975Z.json
lindex200_fixed,149,UNKNOWN_RESOURCE_LIMIT,UNKNOWN,UNKNOWN,,71.442,UNKNOWN_RESOURCE_LIMIT,True,True,FAILED,24820.62109375,onnx/mscn_128d_dual.onnx,vnnlib/cardinality_1_4780_128_dual.vnnlib,[],[],[],"watchdog killed instance after 71.4s (status=UNKNOWN_RESOURCE_LIMIT, peak_rss=24820.6 MiB)",/data1/Kane/ACT/audit_results/r93_rerun_20260525T083118Z/nn4sys_fix_rerun_20260526T105058Z/per_instance_nn4sys_watchdog_iid149_20260526T111012709751Z.json
lindex200_fixed,150,UNKNOWN_TIMEOUT,UNKNOWN,UNKNOWN,,77.155,UNKNOWN_TIMEOUT,True,True,FAILED,22894.71875,onnx/mscn_128d_dual.onnx,vnnlib/cardinality_1_5410_128_dual.vnnlib,[],[],[],"watchdog killed instance after 77.2s (status=UNKNOWN_TIMEOUT, peak_rss=22894.7 MiB)",/data1/Kane/ACT/audit_results/r93_rerun_20260525T083118Z/nn4sys_fix_rerun_20260526T105058Z/per_instance_nn4sys_watchdog_iid150_20260526T111129865221Z.json
lindex200_fixed,151,UNKNOWN_TIMEOUT,UNKNOWN,UNKNOWN,,76.273,UNKNOWN_TIMEOUT,True,True,FAILED,19716.34765625,onnx/mscn_128d_dual.onnx,vnnlib/cardinality_1_6040_128_dual.vnnlib,[],[],[],"watchdog killed instance after 76.3s (status=UNKNOWN_TIMEOUT, peak_rss=19716.3 MiB)",/data1/Kane/ACT/audit_results/r93_rerun_20260525T083118Z/nn4sys_fix_rerun_20260526T105058Z/per_instance_nn4sys_watchdog_iid151_20260526T111246139155Z.json
lindex200_fixed,152,UNKNOWN_TIMEOUT,UNKNOWN,UNKNOWN,,75.169,UNKNOWN_TIMEOUT,True,True,FAILED,20301.62109375,onnx/mscn_128d_dual.onnx,vnnlib/cardinality_1_6670_128_dual.vnnlib,[],[],[],"watchdog killed instance after 75.2s (status=UNKNOWN_TIMEOUT, peak_rss=20301.6 MiB)",/data1/Kane/ACT/audit_results/r93_rerun_20260525T083118Z/nn4sys_fix_rerun_20260526T105058Z/per_instance_nn4sys_watchdog_iid152_20260526T111401309198Z.json
lindex200_fixed,153,UNKNOWN_TIMEOUT,UNKNOWN,UNKNOWN,,76.345,UNKNOWN_TIMEOUT,True,True,FAILED,23202.2421875,onnx/mscn_128d_dual.onnx,vnnlib/cardinality_1_7300_128_dual.vnnlib,[],[],[],"watchdog killed instance after 76.3s (status=UNKNOWN_TIMEOUT, peak_rss=23202.2 MiB)",/data1/Kane/ACT/audit_results/r93_rerun_20260525T083118Z/nn4sys_fix_rerun_20260526T105058Z/per_instance_nn4sys_watchdog_iid153_20260526T111517655361Z.json
lindex200_fixed,154,UNKNOWN_RESOURCE_LIMIT,UNKNOWN,UNKNOWN,,72.039,UNKNOWN_RESOURCE_LIMIT,True,True,FAILED,24640.21875,onnx/mscn_128d_dual.onnx,vnnlib/cardinality_1_7930_128_dual.vnnlib,[],[],[],"watchdog killed instance after 72.0s (status=UNKNOWN_RESOURCE_LIMIT, peak_rss=24640.2 MiB)",/data1/Kane/ACT/audit_results/r93_rerun_20260525T083118Z/nn4sys_fix_rerun_20260526T105058Z/per_instance_nn4sys_watchdog_iid154_20260526T111629694774Z.json
lindex200_fixed,155,UNKNOWN_RESOURCE_LIMIT,UNKNOWN,UNKNOWN,,72.14,UNKNOWN_RESOURCE_LIMIT,True,True,FAILED,24859.68359375,onnx/mscn_128d_dual.onnx,vnnlib/cardinality_1_8560_128_dual.vnnlib,[],[],[],"watchdog killed instance after 72.1s (status=UNKNOWN_RESOURCE_LIMIT, peak_rss=24859.7 MiB)",/data1/Kane/ACT/audit_results/r93_rerun_20260525T083118Z/nn4sys_fix_rerun_20260526T105058Z/per_instance_nn4sys_watchdog_iid155_20260526T111741835521Z.json
lindex200_fixed,156,UNKNOWN_TIMEOUT,UNKNOWN,UNKNOWN,,76.456,UNKNOWN_TIMEOUT,True,True,FAILED,21530.56640625,onnx/mscn_128d_dual.onnx,vnnlib/cardinality_1_9190_128_dual.vnnlib,[],[],[],"watchdog killed instance after 76.5s (status=UNKNOWN_TIMEOUT, peak_rss=21530.6 MiB)",/data1/Kane/ACT/audit_results/r93_rerun_20260525T083118Z/nn4sys_fix_rerun_20260526T105058Z/per_instance_nn4sys_watchdog_iid156_20260526T111858291963Z.json
lindex200_fixed,157,UNKNOWN_TIMEOUT,UNKNOWN,UNKNOWN,,76.646,UNKNOWN_TIMEOUT,True,True,FAILED,21350.71875,onnx/mscn_128d_dual.onnx,vnnlib/cardinality_1_9820_128_dual.vnnlib,[],[],[],"watchdog killed instance after 76.6s (status=UNKNOWN_TIMEOUT, peak_rss=21350.7 MiB)",/data1/Kane/ACT/audit_results/r93_rerun_20260525T083118Z/nn4sys_fix_rerun_20260526T105058Z/per_instance_nn4sys_watchdog_iid157_20260526T112014939795Z.json
lindex200_fixed,158,UNKNOWN_TIMEOUT,UNKNOWN,UNKNOWN,,76.854,UNKNOWN_TIMEOUT,True,True,FAILED,16222.4375,onnx/mscn_128d_dual.onnx,vnnlib/cardinality_1_10450_128_dual.vnnlib,[],[],[],"watchdog killed instance after 76.9s (status=UNKNOWN_TIMEOUT, peak_rss=16222.4 MiB)",/data1/Kane/ACT/audit_results/r93_rerun_20260525T083118Z/nn4sys_fix_rerun_20260526T105058Z/per_instance_nn4sys_watchdog_iid158_20260526T112131795029Z.json
lindex200_fixed,159,UNKNOWN_TIMEOUT,UNKNOWN,UNKNOWN,,76.255,UNKNOWN_TIMEOUT,True,True,FAILED,14161.03125,onnx/mscn_128d_dual.onnx,vnnlib/cardinality_1_11080_128_dual.vnnlib,[],[],[],"watchdog killed instance after 76.3s (status=UNKNOWN_TIMEOUT, peak_rss=14161.0 MiB)",/data1/Kane/ACT/audit_results/r93_rerun_20260525T083118Z/nn4sys_fix_rerun_20260526T105058Z/per_instance_nn4sys_watchdog_iid159_20260526T112248052302Z.json
lindex200_fixed,160,UNKNOWN_TIMEOUT,UNKNOWN,UNKNOWN,,75.932,UNKNOWN_TIMEOUT,True,True,FAILED,11701.52734375,onnx/mscn_2048d.onnx,vnnlib/cardinality_0_1_2048.vnnlib,[],[],[],"watchdog killed instance after 75.9s (status=UNKNOWN_TIMEOUT, peak_rss=11701.5 MiB)",/data1/Kane/ACT/audit_results/r93_rerun_20260525T083118Z/nn4sys_fix_rerun_20260526T105058Z/per_instance_nn4sys_watchdog_iid160_20260526T112403987019Z.json
lindex200_fixed,161,UNKNOWN_TIMEOUT,UNKNOWN,UNKNOWN,,75.955,UNKNOWN_TIMEOUT,True,True,FAILED,12094.4765625,onnx/mscn_2048d.onnx,vnnlib/cardinality_0_500_2048.vnnlib,[],[],[],"watchdog killed instance after 76.0s (status=UNKNOWN_TIMEOUT, peak_rss=12094.5 MiB)",/data1/Kane/ACT/audit_results/r93_rerun_20260525T083118Z/nn4sys_fix_rerun_20260526T105058Z/per_instance_nn4sys_watchdog_iid161_20260526T112519944615Z.json
lindex200_fixed,162,UNKNOWN_TIMEOUT,UNKNOWN,UNKNOWN,,75.644,UNKNOWN_TIMEOUT,True,True,FAILED,12292.05859375,onnx/mscn_2048d.onnx,vnnlib/cardinality_0_750_2048.vnnlib,[],[],[],"watchdog killed instance after 75.6s (status=UNKNOWN_TIMEOUT, peak_rss=12292.1 MiB)",/data1/Kane/ACT/audit_results/r93_rerun_20260525T083118Z/nn4sys_fix_rerun_20260526T105058Z/per_instance_nn4sys_watchdog_iid162_20260526T112635589486Z.json
lindex200_fixed,163,UNKNOWN_TIMEOUT,UNKNOWN,UNKNOWN,,75.546,UNKNOWN_TIMEOUT,True,True,FAILED,12518.48046875,onnx/mscn_2048d.onnx,vnnlib/cardinality_0_1000_2048.vnnlib,[],[],[],"watchdog killed instance after 75.5s (status=UNKNOWN_TIMEOUT, peak_rss=12518.5 MiB)",/data1/Kane/ACT/audit_results/r93_rerun_20260525T083118Z/nn4sys_fix_rerun_20260526T105058Z/per_instance_nn4sys_watchdog_iid163_20260526T112751137667Z.json
lindex200_fixed,164,UNKNOWN_TIMEOUT,UNKNOWN,UNKNOWN,,76.042,UNKNOWN_TIMEOUT,True,True,FAILED,13460.515625,onnx/mscn_2048d.onnx,vnnlib/cardinality_0_2120_2048.vnnlib,[],[],[],"watchdog killed instance after 76.0s (status=UNKNOWN_TIMEOUT, peak_rss=13460.5 MiB)",/data1/Kane/ACT/audit_results/r93_rerun_20260525T083118Z/nn4sys_fix_rerun_20260526T105058Z/per_instance_nn4sys_watchdog_iid164_20260526T112907180642Z.json
lindex200_fixed,165,UNKNOWN_TIMEOUT,UNKNOWN,UNKNOWN,,75.743,UNKNOWN_TIMEOUT,True,True,FAILED,13938.00390625,onnx/mscn_2048d.onnx,vnnlib/cardinality_0_2680_2048.vnnlib,[],[],[],"watchdog killed instance after 75.7s (status=UNKNOWN_TIMEOUT, peak_rss=13938.0 MiB)",/data1/Kane/ACT/audit_results/r93_rerun_20260525T083118Z/nn4sys_fix_rerun_20260526T105058Z/per_instance_nn4sys_watchdog_iid165_20260526T113022924115Z.json
lindex200_fixed,166,UNKNOWN_TIMEOUT,UNKNOWN,UNKNOWN,,76.664,UNKNOWN_TIMEOUT,True,True,FAILED,14220.3515625,onnx/mscn_2048d.onnx,vnnlib/cardinality_0_3240_2048.vnnlib,[],[],[],"watchdog killed instance after 76.7s (status=UNKNOWN_TIMEOUT, peak_rss=14220.4 MiB)",/data1/Kane/ACT/audit_results/r93_rerun_20260525T083118Z/nn4sys_fix_rerun_20260526T105058Z/per_instance_nn4sys_watchdog_iid166_20260526T113139589126Z.json
lindex200_fixed,167,UNKNOWN_TIMEOUT,UNKNOWN,UNKNOWN,,76.052,UNKNOWN_TIMEOUT,True,True,FAILED,16474.640625,onnx/mscn_2048d.onnx,vnnlib/cardinality_0_3800_2048.vnnlib,[],[],[],"watchdog killed instance after 76.1s (status=UNKNOWN_TIMEOUT, peak_rss=16474.6 MiB)",/data1/Kane/ACT/audit_results/r93_rerun_20260525T083118Z/nn4sys_fix_rerun_20260526T105058Z/per_instance_nn4sys_watchdog_iid167_20260526T113255642324Z.json
lindex200_fixed,168,UNKNOWN_TIMEOUT,UNKNOWN,UNKNOWN,,76.155,UNKNOWN_TIMEOUT,True,True,FAILED,17698.19921875,onnx/mscn_2048d.onnx,vnnlib/cardinality_0_4360_2048.vnnlib,[],[],[],"watchdog killed instance after 76.2s (status=UNKNOWN_TIMEOUT, peak_rss=17698.2 MiB)",/data1/Kane/ACT/audit_results/r93_rerun_20260525T083118Z/nn4sys_fix_rerun_20260526T105058Z/per_instance_nn4sys_watchdog_iid168_20260526T113411797974Z.json
lindex200_fixed,169,UNKNOWN_TIMEOUT,UNKNOWN,UNKNOWN,,76.542,UNKNOWN_TIMEOUT,True,True,FAILED,21037.8203125,onnx/mscn_2048d.onnx,vnnlib/cardinality_0_4920_2048.vnnlib,[],[],[],"watchdog killed instance after 76.5s (status=UNKNOWN_TIMEOUT, peak_rss=21037.8 MiB)",/data1/Kane/ACT/audit_results/r93_rerun_20260525T083118Z/nn4sys_fix_rerun_20260526T105058Z/per_instance_nn4sys_watchdog_iid169_20260526T113528341078Z.json
lindex200_fixed,170,UNKNOWN_TIMEOUT,UNKNOWN,UNKNOWN,,76.341,UNKNOWN_TIMEOUT,True,True,FAILED,23319.27734375,onnx/mscn_2048d.onnx,vnnlib/cardinality_0_5480_2048.vnnlib,[],[],[],"watchdog killed instance after 76.3s (status=UNKNOWN_TIMEOUT, peak_rss=23319.3 MiB)",/data1/Kane/ACT/audit_results/r93_rerun_20260525T083118Z/nn4sys_fix_rerun_20260526T105058Z/per_instance_nn4sys_watchdog_iid170_20260526T113644682521Z.json
lindex200_fixed,171,UNKNOWN_TIMEOUT,UNKNOWN,UNKNOWN,,75.54,UNKNOWN_TIMEOUT,True,True,FAILED,11992.37890625,onnx/mscn_2048d_dual.onnx,vnnlib/cardinality_1_1_2048_dual.vnnlib,[],[],[],"watchdog killed instance after 75.5s (status=UNKNOWN_TIMEOUT, peak_rss=11992.4 MiB)",/data1/Kane/ACT/audit_results/r93_rerun_20260525T083118Z/nn4sys_fix_rerun_20260526T105058Z/per_instance_nn4sys_watchdog_iid171_20260526T113800224047Z.json
lindex200_fixed,172,UNKNOWN_TIMEOUT,UNKNOWN,UNKNOWN,,75.742,UNKNOWN_TIMEOUT,True,True,FAILED,12342.73046875,onnx/mscn_2048d_dual.onnx,vnnlib/cardinality_1_240_2048_dual.vnnlib,[],[],[],"watchdog killed instance after 75.7s (status=UNKNOWN_TIMEOUT, peak_rss=12342.7 MiB)",/data1/Kane/ACT/audit_results/r93_rerun_20260525T083118Z/nn4sys_fix_rerun_20260526T105058Z/per_instance_nn4sys_watchdog_iid172_20260526T113915967006Z.json
lindex200_fixed,173,UNKNOWN_TIMEOUT,UNKNOWN,UNKNOWN,,75.741,UNKNOWN_TIMEOUT,True,True,FAILED,12508.41015625,onnx/mscn_2048d_dual.onnx,vnnlib/cardinality_1_360_2048_dual.vnnlib,[],[],[],"watchdog killed instance after 75.7s (status=UNKNOWN_TIMEOUT, peak_rss=12508.4 MiB)",/data1/Kane/ACT/audit_results/r93_rerun_20260525T083118Z/nn4sys_fix_rerun_20260526T105058Z/per_instance_nn4sys_watchdog_iid173_20260526T114031709064Z.json
lindex200_fixed,174,UNKNOWN_TIMEOUT,UNKNOWN,UNKNOWN,,76.355,UNKNOWN_TIMEOUT,True,True,FAILED,12683.87890625,onnx/mscn_2048d_dual.onnx,vnnlib/cardinality_1_480_2048_dual.vnnlib,[],[],[],"watchdog killed instance after 76.4s (status=UNKNOWN_TIMEOUT, peak_rss=12683.9 MiB)",/data1/Kane/ACT/audit_results/r93_rerun_20260525T083118Z/nn4sys_fix_rerun_20260526T105058Z/per_instance_nn4sys_watchdog_iid174_20260526T114148065175Z.json
lindex200_fixed,175,UNKNOWN_TIMEOUT,UNKNOWN,UNKNOWN,,75.751,UNKNOWN_TIMEOUT,True,True,FAILED,12859.9453125,onnx/mscn_2048d_dual.onnx,vnnlib/cardinality_1_600_2048_dual.vnnlib,[],[],[],"watchdog killed instance after 75.8s (status=UNKNOWN_TIMEOUT, peak_rss=12859.9 MiB)",/data1/Kane/ACT/audit_results/r93_rerun_20260525T083118Z/nn4sys_fix_rerun_20260526T105058Z/per_instance_nn4sys_watchdog_iid175_20260526T114303816977Z.json
lindex200_fixed,176,UNKNOWN_TIMEOUT,UNKNOWN,UNKNOWN,,75.956,UNKNOWN_TIMEOUT,True,True,FAILED,13038.34375,onnx/mscn_2048d_dual.onnx,vnnlib/cardinality_1_720_2048_dual.vnnlib,[],[],[],"watchdog killed instance after 76.0s (status=UNKNOWN_TIMEOUT, peak_rss=13038.3 MiB)",/data1/Kane/ACT/audit_results/r93_rerun_20260525T083118Z/nn4sys_fix_rerun_20260526T105058Z/per_instance_nn4sys_watchdog_iid176_20260526T114419773358Z.json
lindex200_fixed,177,UNKNOWN_TIMEOUT,UNKNOWN,UNKNOWN,,75.641,UNKNOWN_TIMEOUT,True,True,FAILED,13217.8125,onnx/mscn_2048d_dual.onnx,vnnlib/cardinality_1_840_2048_dual.vnnlib,[],[],[],"watchdog killed instance after 75.6s (status=UNKNOWN_TIMEOUT, peak_rss=13217.8 MiB)",/data1/Kane/ACT/audit_results/r93_rerun_20260525T083118Z/nn4sys_fix_rerun_20260526T105058Z/per_instance_nn4sys_watchdog_iid177_20260526T114535415170Z.json
lindex200_fixed,178,UNKNOWN_TIMEOUT,UNKNOWN,UNKNOWN,,75.839,UNKNOWN_TIMEOUT,True,True,FAILED,13396.21484375,onnx/mscn_2048d_dual.onnx,vnnlib/cardinality_1_960_2048_dual.vnnlib,[],[],[],"watchdog killed instance after 75.8s (status=UNKNOWN_TIMEOUT, peak_rss=13396.2 MiB)",/data1/Kane/ACT/audit_results/r93_rerun_20260525T083118Z/nn4sys_fix_rerun_20260526T105058Z/per_instance_nn4sys_watchdog_iid178_20260526T114651254571Z.json
lindex200_fixed,179,UNKNOWN,UNKNOWN,UNKNOWN,UNKNOWN,70.649,,False,,PASSED,,onnx/mscn_2048d_dual.onnx,vnnlib/cardinality_1_2260_2048_dual.vnnlib,"[""UNKNOWN""]","[""UNKNOWN""]",[null],,/data1/Kane/ACT/audit_results/r93_rerun_20260525T083118Z/nn4sys_fix_rerun_20260526T105058Z/per_instance_nn4sys_20260526T114804341752Z.json
lindex200_fixed,180,UNKNOWN_TIMEOUT,UNKNOWN,UNKNOWN,,75.938,UNKNOWN_TIMEOUT,True,True,FAILED,23220.3359375,onnx/mscn_2048d_dual.onnx,vnnlib/cardinality_1_2890_2048_dual.vnnlib,[],[],[],"watchdog killed instance after 75.9s (status=UNKNOWN_TIMEOUT, peak_rss=23220.3 MiB)",/data1/Kane/ACT/audit_results/r93_rerun_20260525T083118Z/nn4sys_fix_rerun_20260526T105058Z/per_instance_nn4sys_watchdog_iid180_20260526T114921729268Z.json
lindex200_fixed,181,UNKNOWN_RESOURCE_LIMIT,UNKNOWN,UNKNOWN,,63.933,UNKNOWN_RESOURCE_LIMIT,True,True,FAILED,24753.734375,onnx/mscn_2048d_dual.onnx,vnnlib/cardinality_1_3520_2048_dual.vnnlib,[],[],[],"watchdog killed instance after 63.9s (status=UNKNOWN_RESOURCE_LIMIT, peak_rss=24753.7 MiB)",/data1/Kane/ACT/audit_results/r93_rerun_20260525T083118Z/nn4sys_fix_rerun_20260526T105058Z/per_instance_nn4sys_watchdog_iid181_20260526T115025662587Z.json
lindex200_fixed,182,UNKNOWN_TIMEOUT,UNKNOWN,UNKNOWN,,76.953,UNKNOWN_TIMEOUT,True,True,FAILED,24228.4765625,onnx/mscn_2048d_dual.onnx,vnnlib/cardinality_1_4150_2048_dual.vnnlib,[],[],[],"watchdog killed instance after 77.0s (status=UNKNOWN_TIMEOUT, peak_rss=24228.5 MiB)",/data1/Kane/ACT/audit_results/r93_rerun_20260525T083118Z/nn4sys_fix_rerun_20260526T105058Z/per_instance_nn4sys_watchdog_iid182_20260526T115142616673Z.json
lindex200_fixed,183,UNKNOWN_TIMEOUT,UNKNOWN,UNKNOWN,,76.274,UNKNOWN_TIMEOUT,True,True,FAILED,23129.77734375,onnx/mscn_2048d_dual.onnx,vnnlib/cardinality_1_4780_2048_dual.vnnlib,[],[],[],"watchdog killed instance after 76.3s (status=UNKNOWN_TIMEOUT, peak_rss=23129.8 MiB)",/data1/Kane/ACT/audit_results/r93_rerun_20260525T083118Z/nn4sys_fix_rerun_20260526T105058Z/per_instance_nn4sys_watchdog_iid183_20260526T115258892094Z.json
lindex200_fixed,184,UNKNOWN_TIMEOUT,UNKNOWN,UNKNOWN,,76.347,UNKNOWN_TIMEOUT,True,True,FAILED,23264.69921875,onnx/mscn_2048d_dual.onnx,vnnlib/cardinality_1_5410_2048_dual.vnnlib,[],[],[],"watchdog killed instance after 76.3s (status=UNKNOWN_TIMEOUT, peak_rss=23264.7 MiB)",/data1/Kane/ACT/audit_results/r93_rerun_20260525T083118Z/nn4sys_fix_rerun_20260526T105058Z/per_instance_nn4sys_watchdog_iid184_20260526T115415239651Z.json
lindex200_fixed,185,UNKNOWN_RESOURCE_LIMIT,UNKNOWN,UNKNOWN,,69.136,UNKNOWN_RESOURCE_LIMIT,True,True,FAILED,24581.15625,onnx/mscn_2048d_dual.onnx,vnnlib/cardinality_1_6040_2048_dual.vnnlib,[],[],[],"watchdog killed instance after 69.1s (status=UNKNOWN_RESOURCE_LIMIT, peak_rss=24581.2 MiB)",/data1/Kane/ACT/audit_results/r93_rerun_20260525T083118Z/nn4sys_fix_rerun_20260526T105058Z/per_instance_nn4sys_watchdog_iid185_20260526T115524376775Z.json
lindex200_fixed,186,UNKNOWN_RESOURCE_LIMIT,UNKNOWN,UNKNOWN,,66.534,UNKNOWN_RESOURCE_LIMIT,True,True,FAILED,24836.859375,onnx/mscn_2048d_dual.onnx,vnnlib/cardinality_1_6670_2048_dual.vnnlib,[],[],[],"watchdog killed instance after 66.5s (status=UNKNOWN_RESOURCE_LIMIT, peak_rss=24836.9 MiB)",/data1/Kane/ACT/audit_results/r93_rerun_20260525T083118Z/nn4sys_fix_rerun_20260526T105058Z/per_instance_nn4sys_watchdog_iid186_20260526T115630911071Z.json
lindex200_fixed,187,UNKNOWN_RESOURCE_LIMIT,UNKNOWN,UNKNOWN,,69.737,UNKNOWN_RESOURCE_LIMIT,True,True,FAILED,24776.76953125,onnx/mscn_2048d_dual.onnx,vnnlib/cardinality_1_7300_2048_dual.vnnlib,[],[],[],"watchdog killed instance after 69.7s (status=UNKNOWN_RESOURCE_LIMIT, peak_rss=24776.8 MiB)",/data1/Kane/ACT/audit_results/r93_rerun_20260525T083118Z/nn4sys_fix_rerun_20260526T105058Z/per_instance_nn4sys_watchdog_iid187_20260526T115740649975Z.json
lindex200_fixed,188,UNKNOWN_RESOURCE_LIMIT,UNKNOWN,UNKNOWN,,72.042,UNKNOWN_RESOURCE_LIMIT,True,True,FAILED,24807.4140625,onnx/mscn_2048d_dual.onnx,vnnlib/cardinality_1_7930_2048_dual.vnnlib,[],[],[],"watchdog killed instance after 72.0s (status=UNKNOWN_RESOURCE_LIMIT, peak_rss=24807.4 MiB)",/data1/Kane/ACT/audit_results/r93_rerun_20260525T083118Z/nn4sys_fix_rerun_20260526T105058Z/per_instance_nn4sys_watchdog_iid188_20260526T115852692939Z.json
lindex200_fixed,189,UNKNOWN_RESOURCE_LIMIT,UNKNOWN,UNKNOWN,,70.645,UNKNOWN_RESOURCE_LIMIT,True,True,FAILED,24848.21484375,onnx/mscn_2048d_dual.onnx,vnnlib/cardinality_1_8560_2048_dual.vnnlib,[],[],[],"watchdog killed instance after 70.6s (status=UNKNOWN_RESOURCE_LIMIT, peak_rss=24848.2 MiB)",/data1/Kane/ACT/audit_results/r93_rerun_20260525T083118Z/nn4sys_fix_rerun_20260526T105058Z/per_instance_nn4sys_watchdog_iid189_20260526T120003339490Z.json
lindex200_fixed,190,UNKNOWN_TIMEOUT,UNKNOWN,UNKNOWN,,76.846,UNKNOWN_TIMEOUT,True,True,FAILED,22541.5234375,onnx/mscn_2048d_dual.onnx,vnnlib/cardinality_1_9190_2048_dual.vnnlib,[],[],[],"watchdog killed instance after 76.8s (status=UNKNOWN_TIMEOUT, peak_rss=22541.5 MiB)",/data1/Kane/ACT/audit_results/r93_rerun_20260525T083118Z/nn4sys_fix_rerun_20260526T105058Z/per_instance_nn4sys_watchdog_iid190_20260526T120120231207Z.json
lindex200_fixed,191,UNKNOWN_TIMEOUT,UNKNOWN,UNKNOWN,,76.456,UNKNOWN_TIMEOUT,True,True,FAILED,17742.8671875,onnx/mscn_2048d_dual.onnx,vnnlib/cardinality_1_9820_2048_dual.vnnlib,[],[],[],"watchdog killed instance after 76.5s (status=UNKNOWN_TIMEOUT, peak_rss=17742.9 MiB)",/data1/Kane/ACT/audit_results/r93_rerun_20260525T083118Z/nn4sys_fix_rerun_20260526T105058Z/per_instance_nn4sys_watchdog_iid191_20260526T120236687693Z.json
lindex200_fixed,192,UNKNOWN_TIMEOUT,UNKNOWN,UNKNOWN,,76.146,UNKNOWN_TIMEOUT,True,True,FAILED,19854.3984375,onnx/mscn_2048d_dual.onnx,vnnlib/cardinality_1_10450_2048_dual.vnnlib,[],[],[],"watchdog killed instance after 76.1s (status=UNKNOWN_TIMEOUT, peak_rss=19854.4 MiB)",/data1/Kane/ACT/audit_results/r93_rerun_20260525T083118Z/nn4sys_fix_rerun_20260526T105058Z/per_instance_nn4sys_watchdog_iid192_20260526T120352834282Z.json
lindex200_fixed,193,UNKNOWN_TIMEOUT,UNKNOWN,UNKNOWN,,76.141,UNKNOWN_TIMEOUT,True,True,FAILED,22664.31640625,onnx/mscn_2048d_dual.onnx,vnnlib/cardinality_1_11080_2048_dual.vnnlib,[],[],[],"watchdog killed instance after 76.1s (status=UNKNOWN_TIMEOUT, peak_rss=22664.3 MiB)",/data1/Kane/ACT/audit_results/r93_rerun_20260525T083118Z/nn4sys_fix_rerun_20260526T105058Z/per_instance_nn4sys_watchdog_iid193_20260526T120508976287Z.json
