[ACT] Auto-detecting project root: ../ACT
[ACT] Gurobi license found: ../ACT/modules/gurobi/gurobi.lic
{
  "benchmark": "cifar100_2024",
  "instance_id": 0,
  "status": "OK",
  "cli_normalized": "OK",
  "wall_s": 10.004850811092183,
  "peak_rss_mb": 2055.2890625,
  "returncode": 0,
  "per_instance_json": "/data1/Kane/ACT/audit_results/full_vnncomp_20260530T092003Z/cifar100_2024_w0/per_instance_cifar100_2024_20260530T111813559119Z.json",
  "out_dir": "/data1/Kane/ACT/audit_results/full_vnncomp_20260530T092003Z/cifar100_2024_w0",
  "stdout_tail": "a_model_loader:  \u2713 Parsed VNNLIB: 3072 inputs, 100 outputs\nINFO:act.front_end.vnnlib_loader.data_model_loader:  \u2713 Ground truth label: 92\nINFO:act.front_end.vnnlib_loader.data_model_loader:Successfully loaded VNNLIB instance from 'cifar100_2024'\nINFO:act.front_end.vnnlib_loader.vnnlib_parser:Parsed CIFAR100_resnet_medium_prop_idx_7641_sidx_1041_eps_0.0039.vnnlib: 1 query(ies)\nINFO:act.back_end.solver.solver_hz:large_cls_proof_mode ACTIVE: conv=19 out_dim=100 relus=10 (triangle for relu 1..9, eq_lagr_v8 for last 1)\n[ACT] Using existing Gurobi license: ../ACT/modules/gurobi/gurobi.lic\n\u2705 Device Manager Initialized: device=cuda:0, dtype=torch.float64\n\n================================================================================\nACT: Abstract Constraint Transformer\nInference-based whitebox fuzzing for neural network verification\n================================================================================\n\n\n================================================================================\nVERIFICATION TEST: VNNLIB \u2192 VerifiableModel \u2192 verify_once\n================================================================================\n\n[vnnlib] category=cifar100_2024 max_instances=1 mode=hybridz (full TOP1_ROBUST via labeled_tensor collapse; device=cuda, timeout=240.0s)\n  [  1/1] cifar100_2024/onnx/CIFAR100_resnet_medium.onnx@vnnlib/CIFAR100_resnet_medium_prop_idx_7641_sidx_1041_eps_0.0039.vnnlib: UNKNOWN (6.3s)  V=0 A=0 U=1 E=0  R=0\n\n[vnnlib/hybridz] FINAL \u2014 total=1 wall=0.1 min\n  UNKNOWN      1\n  [structured] per-instance log \u2192 /data1/Kane/ACT/audit_results/full_vnncomp_20260530T092003Z/cifar100_2024_w0/per_instance_cifar100_2024_20260530T111813559119Z.json\n\n================================================================================\nVERIFICATION TEST SUMMARY\n================================================================================\n  \u2705 vnnlib                    PASSED\n================================================================================\n\n"
}
{
  "benchmark": "cifar100_2024",
  "instance_id": 1,
  "status": "EXIT_NONZERO",
  "cli_normalized": "ERROR_WATCHDOG_EXIT_NONZERO",
  "wall_s": 12.005487540969625,
  "peak_rss_mb": 1878.10546875,
  "returncode": 1,
  "per_instance_json": "/data1/Kane/ACT/audit_results/full_vnncomp_20260530T092003Z/cifar100_2024_w0/per_instance_cifar100_2024_watchdog_iid1_20260530T111826820543Z.json",
  "out_dir": "/data1/Kane/ACT/audit_results/full_vnncomp_20260530T092003Z/cifar100_2024_w0",
  "stdout_tail": "=torch.float64\n\n================================================================================\nACT: Abstract Constraint Transformer\nInference-based whitebox fuzzing for neural network verification\n================================================================================\n\n\n================================================================================\nVERIFICATION TEST: VNNLIB \u2192 VerifiableModel \u2192 verify_once\n================================================================================\n\n[vnnlib] category=cifar100_2024 max_instances=1 mode=hybridz (full TOP1_ROBUST via labeled_tensor collapse; device=cuda, timeout=240.0s)\n  [  1/1] cifar100_2024/onnx/CIFAR100_resnet_medium.onnx@vnnlib/CIFAR100_resnet_medium_prop_idx_2132_sidx_6868_eps_0.0039.vnnlib: ERROR_OutOfMemoryError (8.5s)  V=0 A=0 U=0 E=1  R=0\nTraceback (most recent call last):\n  File \"/data1/Kane/ACT/act/pipeline/cli.py\", line 1371, in cmd_verify\n    _run_vnnlib_verify(args)\n  File \"/data1/Kane/ACT/act/pipeline/cli.py\", line 549, in _run_vnnlib_verify\n    return _run_vnnlib_verify_hybridz(args)\n           ^^^^^^^^^^^^^^^^^^^^^^^^^^^^^^^^\n  File \"/data1/Kane/ACT/act/pipeline/cli.py\", line 1256, in _run_vnnlib_verify_hybridz\n    raise RuntimeError(\nRuntimeError: VERIFICATION_RUN_FAILED: ERROR=1. Per-instance log preserved; inspect instance error fields.\n\n[vnnlib/hybridz] FINAL \u2014 total=1 wall=0.1 min\n  ERROR        1\n  [structured] per-instance log \u2192 /data1/Kane/ACT/audit_results/full_vnncomp_20260530T092003Z/cifar100_2024_w0/per_instance_cifar100_2024_20260530T111825741812Z.json\n\n\u274c Test failed: VERIFICATION_RUN_FAILED: ERROR=1. Per-instance log preserved; inspect instance error fields.\n\n================================================================================\nVERIFICATION TEST SUMMARY\n================================================================================\n  \u274c vnnlib                    FAILED\n================================================================================\n\n"
}
{
  "benchmark": "cifar100_2024",
  "instance_id": 2,
  "status": "OK",
  "cli_normalized": "OK",
  "wall_s": 10.004943742998876,
  "peak_rss_mb": 1955.30859375,
  "returncode": 0,
  "per_instance_json": "/data1/Kane/ACT/audit_results/full_vnncomp_20260530T092003Z/cifar100_2024_w0/per_instance_cifar100_2024_20260530T111835692537Z.json",
  "out_dir": "/data1/Kane/ACT/audit_results/full_vnncomp_20260530T092003Z/cifar100_2024_w0",
  "stdout_tail": "a_model_loader:  \u2713 Parsed VNNLIB: 3072 inputs, 100 outputs\nINFO:act.front_end.vnnlib_loader.data_model_loader:  \u2713 Ground truth label: 27\nINFO:act.front_end.vnnlib_loader.data_model_loader:Successfully loaded VNNLIB instance from 'cifar100_2024'\nINFO:act.front_end.vnnlib_loader.vnnlib_parser:Parsed CIFAR100_resnet_medium_prop_idx_6232_sidx_3020_eps_0.0039.vnnlib: 1 query(ies)\nINFO:act.back_end.solver.solver_hz:large_cls_proof_mode ACTIVE: conv=19 out_dim=100 relus=10 (triangle for relu 1..9, eq_lagr_v8 for last 1)\n[ACT] Using existing Gurobi license: ../ACT/modules/gurobi/gurobi.lic\n\u2705 Device Manager Initialized: device=cuda:0, dtype=torch.float64\n\n================================================================================\nACT: Abstract Constraint Transformer\nInference-based whitebox fuzzing for neural network verification\n================================================================================\n\n\n================================================================================\nVERIFICATION TEST: VNNLIB \u2192 VerifiableModel \u2192 verify_once\n================================================================================\n\n[vnnlib] category=cifar100_2024 max_instances=1 mode=hybridz (full TOP1_ROBUST via labeled_tensor collapse; device=cuda, timeout=240.0s)\n  [  1/1] cifar100_2024/onnx/CIFAR100_resnet_medium.onnx@vnnlib/CIFAR100_resnet_medium_prop_idx_6232_sidx_3020_eps_0.0039.vnnlib: UNKNOWN (6.5s)  V=0 A=0 U=1 E=0  R=0\n\n[vnnlib/hybridz] FINAL \u2014 total=1 wall=0.1 min\n  UNKNOWN      1\n  [structured] per-instance log \u2192 /data1/Kane/ACT/audit_results/full_vnncomp_20260530T092003Z/cifar100_2024_w0/per_instance_cifar100_2024_20260530T111835692537Z.json\n\n================================================================================\nVERIFICATION TEST SUMMARY\n================================================================================\n  \u2705 vnnlib                    PASSED\n================================================================================\n\n"
}
{
  "benchmark": "cifar100_2024",
  "instance_id": 3,
  "status": "EXIT_NONZERO",
  "cli_normalized": "ERROR_WATCHDOG_EXIT_NONZERO",
  "wall_s": 10.505442788009532,
  "peak_rss_mb": 1933.23046875,
  "returncode": 1,
  "per_instance_json": "/data1/Kane/ACT/audit_results/full_vnncomp_20260530T092003Z/cifar100_2024_w0/per_instance_cifar100_2024_watchdog_iid3_20260530T111847331804Z.json",
  "out_dir": "/data1/Kane/ACT/audit_results/full_vnncomp_20260530T092003Z/cifar100_2024_w0",
  "stdout_tail": "=torch.float64\n\n================================================================================\nACT: Abstract Constraint Transformer\nInference-based whitebox fuzzing for neural network verification\n================================================================================\n\n\n================================================================================\nVERIFICATION TEST: VNNLIB \u2192 VerifiableModel \u2192 verify_once\n================================================================================\n\n[vnnlib] category=cifar100_2024 max_instances=1 mode=hybridz (full TOP1_ROBUST via labeled_tensor collapse; device=cuda, timeout=240.0s)\n  [  1/1] cifar100_2024/onnx/CIFAR100_resnet_medium.onnx@vnnlib/CIFAR100_resnet_medium_prop_idx_9694_sidx_2810_eps_0.0039.vnnlib: ERROR_OutOfMemoryError (6.9s)  V=0 A=0 U=0 E=1  R=0\nTraceback (most recent call last):\n  File \"/data1/Kane/ACT/act/pipeline/cli.py\", line 1371, in cmd_verify\n    _run_vnnlib_verify(args)\n  File \"/data1/Kane/ACT/act/pipeline/cli.py\", line 549, in _run_vnnlib_verify\n    return _run_vnnlib_verify_hybridz(args)\n           ^^^^^^^^^^^^^^^^^^^^^^^^^^^^^^^^\n  File \"/data1/Kane/ACT/act/pipeline/cli.py\", line 1256, in _run_vnnlib_verify_hybridz\n    raise RuntimeError(\nRuntimeError: VERIFICATION_RUN_FAILED: ERROR=1. Per-instance log preserved; inspect instance error fields.\n\n[vnnlib/hybridz] FINAL \u2014 total=1 wall=0.1 min\n  ERROR        1\n  [structured] per-instance log \u2192 /data1/Kane/ACT/audit_results/full_vnncomp_20260530T092003Z/cifar100_2024_w0/per_instance_cifar100_2024_20260530T111846049548Z.json\n\n\u274c Test failed: VERIFICATION_RUN_FAILED: ERROR=1. Per-instance log preserved; inspect instance error fields.\n\n================================================================================\nVERIFICATION TEST SUMMARY\n================================================================================\n  \u274c vnnlib                    FAILED\n================================================================================\n\n"
}
{
  "benchmark": "cifar100_2024",
  "instance_id": 4,
  "status": "OK",
  "cli_normalized": "OK",
  "wall_s": 9.504321196000092,
  "peak_rss_mb": 1935.80078125,
  "returncode": 0,
  "per_instance_json": "/data1/Kane/ACT/audit_results/full_vnncomp_20260530T092003Z/cifar100_2024_w0/per_instance_cifar100_2024_20260530T111855534104Z.json",
  "out_dir": "/data1/Kane/ACT/audit_results/full_vnncomp_20260530T092003Z/cifar100_2024_w0",
  "stdout_tail": "a_model_loader:  \u2713 Parsed VNNLIB: 3072 inputs, 100 outputs\nINFO:act.front_end.vnnlib_loader.data_model_loader:  \u2713 Ground truth label: 31\nINFO:act.front_end.vnnlib_loader.data_model_loader:Successfully loaded VNNLIB instance from 'cifar100_2024'\nINFO:act.front_end.vnnlib_loader.vnnlib_parser:Parsed CIFAR100_resnet_medium_prop_idx_4760_sidx_4651_eps_0.0039.vnnlib: 1 query(ies)\nINFO:act.back_end.solver.solver_hz:large_cls_proof_mode ACTIVE: conv=19 out_dim=100 relus=10 (triangle for relu 1..9, eq_lagr_v8 for last 1)\n[ACT] Using existing Gurobi license: ../ACT/modules/gurobi/gurobi.lic\n\u2705 Device Manager Initialized: device=cuda:0, dtype=torch.float64\n\n================================================================================\nACT: Abstract Constraint Transformer\nInference-based whitebox fuzzing for neural network verification\n================================================================================\n\n\n================================================================================\nVERIFICATION TEST: VNNLIB \u2192 VerifiableModel \u2192 verify_once\n================================================================================\n\n[vnnlib] category=cifar100_2024 max_instances=1 mode=hybridz (full TOP1_ROBUST via labeled_tensor collapse; device=cuda, timeout=240.0s)\n  [  1/1] cifar100_2024/onnx/CIFAR100_resnet_medium.onnx@vnnlib/CIFAR100_resnet_medium_prop_idx_4760_sidx_4651_eps_0.0039.vnnlib: UNKNOWN (5.8s)  V=0 A=0 U=1 E=0  R=0\n\n[vnnlib/hybridz] FINAL \u2014 total=1 wall=0.1 min\n  UNKNOWN      1\n  [structured] per-instance log \u2192 /data1/Kane/ACT/audit_results/full_vnncomp_20260530T092003Z/cifar100_2024_w0/per_instance_cifar100_2024_20260530T111855534104Z.json\n\n================================================================================\nVERIFICATION TEST SUMMARY\n================================================================================\n  \u2705 vnnlib                    PASSED\n================================================================================\n\n"
}
{
  "benchmark": "cifar100_2024",
  "instance_id": 5,
  "status": "OK",
  "cli_normalized": "OK",
  "wall_s": 11.005114945932291,
  "peak_rss_mb": 2061.8046875,
  "returncode": 0,
  "per_instance_json": "/data1/Kane/ACT/audit_results/full_vnncomp_20260530T092003Z/cifar100_2024_w0/per_instance_cifar100_2024_20260530T111906706676Z.json",
  "out_dir": "/data1/Kane/ACT/audit_results/full_vnncomp_20260530T092003Z/cifar100_2024_w0",
  "stdout_tail": "a_model_loader:  \u2713 Parsed VNNLIB: 3072 inputs, 100 outputs\nINFO:act.front_end.vnnlib_loader.data_model_loader:  \u2713 Ground truth label: 18\nINFO:act.front_end.vnnlib_loader.data_model_loader:Successfully loaded VNNLIB instance from 'cifar100_2024'\nINFO:act.front_end.vnnlib_loader.vnnlib_parser:Parsed CIFAR100_resnet_medium_prop_idx_6135_sidx_4586_eps_0.0039.vnnlib: 1 query(ies)\nINFO:act.back_end.solver.solver_hz:large_cls_proof_mode ACTIVE: conv=19 out_dim=100 relus=10 (triangle for relu 1..9, eq_lagr_v8 for last 1)\n[ACT] Using existing Gurobi license: ../ACT/modules/gurobi/gurobi.lic\n\u2705 Device Manager Initialized: device=cuda:0, dtype=torch.float64\n\n================================================================================\nACT: Abstract Constraint Transformer\nInference-based whitebox fuzzing for neural network verification\n================================================================================\n\n\n================================================================================\nVERIFICATION TEST: VNNLIB \u2192 VerifiableModel \u2192 verify_once\n================================================================================\n\n[vnnlib] category=cifar100_2024 max_instances=1 mode=hybridz (full TOP1_ROBUST via labeled_tensor collapse; device=cuda, timeout=240.0s)\n  [  1/1] cifar100_2024/onnx/CIFAR100_resnet_medium.onnx@vnnlib/CIFAR100_resnet_medium_prop_idx_6135_sidx_4586_eps_0.0039.vnnlib: UNKNOWN (7.6s)  V=0 A=0 U=1 E=0  R=0\n\n[vnnlib/hybridz] FINAL \u2014 total=1 wall=0.1 min\n  UNKNOWN      1\n  [structured] per-instance log \u2192 /data1/Kane/ACT/audit_results/full_vnncomp_20260530T092003Z/cifar100_2024_w0/per_instance_cifar100_2024_20260530T111906706676Z.json\n\n================================================================================\nVERIFICATION TEST SUMMARY\n================================================================================\n  \u2705 vnnlib                    PASSED\n================================================================================\n\n"
}
{
  "benchmark": "cifar100_2024",
  "instance_id": 6,
  "status": "OK",
  "cli_normalized": "OK",
  "wall_s": 9.504835154977627,
  "peak_rss_mb": 1919.58203125,
  "returncode": 0,
  "per_instance_json": "/data1/Kane/ACT/audit_results/full_vnncomp_20260530T092003Z/cifar100_2024_w0/per_instance_cifar100_2024_20260530T111916216858Z.json",
  "out_dir": "/data1/Kane/ACT/audit_results/full_vnncomp_20260530T092003Z/cifar100_2024_w0",
  "stdout_tail": "a_model_loader:  \u2713 Parsed VNNLIB: 3072 inputs, 100 outputs\nINFO:act.front_end.vnnlib_loader.data_model_loader:  \u2713 Ground truth label: 34\nINFO:act.front_end.vnnlib_loader.data_model_loader:Successfully loaded VNNLIB instance from 'cifar100_2024'\nINFO:act.front_end.vnnlib_loader.vnnlib_parser:Parsed CIFAR100_resnet_medium_prop_idx_4921_sidx_3617_eps_0.0039.vnnlib: 1 query(ies)\nINFO:act.back_end.solver.solver_hz:large_cls_proof_mode ACTIVE: conv=19 out_dim=100 relus=10 (triangle for relu 1..9, eq_lagr_v8 for last 1)\n[ACT] Using existing Gurobi license: ../ACT/modules/gurobi/gurobi.lic\n\u2705 Device Manager Initialized: device=cuda:0, dtype=torch.float64\n\n================================================================================\nACT: Abstract Constraint Transformer\nInference-based whitebox fuzzing for neural network verification\n================================================================================\n\n\n================================================================================\nVERIFICATION TEST: VNNLIB \u2192 VerifiableModel \u2192 verify_once\n================================================================================\n\n[vnnlib] category=cifar100_2024 max_instances=1 mode=hybridz (full TOP1_ROBUST via labeled_tensor collapse; device=cuda, timeout=240.0s)\n  [  1/1] cifar100_2024/onnx/CIFAR100_resnet_medium.onnx@vnnlib/CIFAR100_resnet_medium_prop_idx_4921_sidx_3617_eps_0.0039.vnnlib: UNKNOWN (6.0s)  V=0 A=0 U=1 E=0  R=0\n\n[vnnlib/hybridz] FINAL \u2014 total=1 wall=0.1 min\n  UNKNOWN      1\n  [structured] per-instance log \u2192 /data1/Kane/ACT/audit_results/full_vnncomp_20260530T092003Z/cifar100_2024_w0/per_instance_cifar100_2024_20260530T111916216858Z.json\n\n================================================================================\nVERIFICATION TEST SUMMARY\n================================================================================\n  \u2705 vnnlib                    PASSED\n================================================================================\n\n"
}
{
  "benchmark": "cifar100_2024",
  "instance_id": 7,
  "status": "OK",
  "cli_normalized": "OK",
  "wall_s": 8.503599505056627,
  "peak_rss_mb": 1924.53125,
  "returncode": 0,
  "per_instance_json": "/data1/Kane/ACT/audit_results/full_vnncomp_20260530T092003Z/cifar100_2024_w0/per_instance_cifar100_2024_20260530T111924877094Z.json",
  "out_dir": "/data1/Kane/ACT/audit_results/full_vnncomp_20260530T092003Z/cifar100_2024_w0",
  "stdout_tail": "a_model_loader:  \u2713 Parsed VNNLIB: 3072 inputs, 100 outputs\nINFO:act.front_end.vnnlib_loader.data_model_loader:  \u2713 Ground truth label: 33\nINFO:act.front_end.vnnlib_loader.data_model_loader:Successfully loaded VNNLIB instance from 'cifar100_2024'\nINFO:act.front_end.vnnlib_loader.vnnlib_parser:Parsed CIFAR100_resnet_medium_prop_idx_5242_sidx_1208_eps_0.0039.vnnlib: 1 query(ies)\nINFO:act.back_end.solver.solver_hz:large_cls_proof_mode ACTIVE: conv=19 out_dim=100 relus=10 (triangle for relu 1..9, eq_lagr_v8 for last 1)\n[ACT] Using existing Gurobi license: ../ACT/modules/gurobi/gurobi.lic\n\u2705 Device Manager Initialized: device=cuda:0, dtype=torch.float64\n\n================================================================================\nACT: Abstract Constraint Transformer\nInference-based whitebox fuzzing for neural network verification\n================================================================================\n\n\n================================================================================\nVERIFICATION TEST: VNNLIB \u2192 VerifiableModel \u2192 verify_once\n================================================================================\n\n[vnnlib] category=cifar100_2024 max_instances=1 mode=hybridz (full TOP1_ROBUST via labeled_tensor collapse; device=cuda, timeout=240.0s)\n  [  1/1] cifar100_2024/onnx/CIFAR100_resnet_medium.onnx@vnnlib/CIFAR100_resnet_medium_prop_idx_5242_sidx_1208_eps_0.0039.vnnlib: UNKNOWN (5.2s)  V=0 A=0 U=1 E=0  R=0\n\n[vnnlib/hybridz] FINAL \u2014 total=1 wall=0.1 min\n  UNKNOWN      1\n  [structured] per-instance log \u2192 /data1/Kane/ACT/audit_results/full_vnncomp_20260530T092003Z/cifar100_2024_w0/per_instance_cifar100_2024_20260530T111924877094Z.json\n\n================================================================================\nVERIFICATION TEST SUMMARY\n================================================================================\n  \u2705 vnnlib                    PASSED\n================================================================================\n\n"
}
{
  "benchmark": "cifar100_2024",
  "instance_id": 8,
  "status": "OK",
  "cli_normalized": "OK",
  "wall_s": 11.00458914891351,
  "peak_rss_mb": 1915.2734375,
  "returncode": 0,
  "per_instance_json": "/data1/Kane/ACT/audit_results/full_vnncomp_20260530T092003Z/cifar100_2024_w0/per_instance_cifar100_2024_20260530T111935520437Z.json",
  "out_dir": "/data1/Kane/ACT/audit_results/full_vnncomp_20260530T092003Z/cifar100_2024_w0",
  "stdout_tail": "a_model_loader:  \u2713 Parsed VNNLIB: 3072 inputs, 100 outputs\nINFO:act.front_end.vnnlib_loader.data_model_loader:  \u2713 Ground truth label: 70\nINFO:act.front_end.vnnlib_loader.data_model_loader:Successfully loaded VNNLIB instance from 'cifar100_2024'\nINFO:act.front_end.vnnlib_loader.vnnlib_parser:Parsed CIFAR100_resnet_medium_prop_idx_2176_sidx_3285_eps_0.0039.vnnlib: 1 query(ies)\nINFO:act.back_end.solver.solver_hz:large_cls_proof_mode ACTIVE: conv=19 out_dim=100 relus=10 (triangle for relu 1..9, eq_lagr_v8 for last 1)\n[ACT] Using existing Gurobi license: ../ACT/modules/gurobi/gurobi.lic\n\u2705 Device Manager Initialized: device=cuda:0, dtype=torch.float64\n\n================================================================================\nACT: Abstract Constraint Transformer\nInference-based whitebox fuzzing for neural network verification\n================================================================================\n\n\n================================================================================\nVERIFICATION TEST: VNNLIB \u2192 VerifiableModel \u2192 verify_once\n================================================================================\n\n[vnnlib] category=cifar100_2024 max_instances=1 mode=hybridz (full TOP1_ROBUST via labeled_tensor collapse; device=cuda, timeout=240.0s)\n  [  1/1] cifar100_2024/onnx/CIFAR100_resnet_medium.onnx@vnnlib/CIFAR100_resnet_medium_prop_idx_2176_sidx_3285_eps_0.0039.vnnlib: UNKNOWN (7.3s)  V=0 A=0 U=1 E=0  R=0\n\n[vnnlib/hybridz] FINAL \u2014 total=1 wall=0.1 min\n  UNKNOWN      1\n  [structured] per-instance log \u2192 /data1/Kane/ACT/audit_results/full_vnncomp_20260530T092003Z/cifar100_2024_w0/per_instance_cifar100_2024_20260530T111935520437Z.json\n\n================================================================================\nVERIFICATION TEST SUMMARY\n================================================================================\n  \u2705 vnnlib                    PASSED\n================================================================================\n\n"
}
{
  "benchmark": "cifar100_2024",
  "instance_id": 9,
  "status": "OK",
  "cli_normalized": "OK",
  "wall_s": 10.004180872929282,
  "peak_rss_mb": 1974.2421875,
  "returncode": 0,
  "per_instance_json": "/data1/Kane/ACT/audit_results/full_vnncomp_20260530T092003Z/cifar100_2024_w0/per_instance_cifar100_2024_20260530T111945731929Z.json",
  "out_dir": "/data1/Kane/ACT/audit_results/full_vnncomp_20260530T092003Z/cifar100_2024_w0",
  "stdout_tail": "a_model_loader:  \u2713 Parsed VNNLIB: 3072 inputs, 100 outputs\nINFO:act.front_end.vnnlib_loader.data_model_loader:  \u2713 Ground truth label: 63\nINFO:act.front_end.vnnlib_loader.data_model_loader:Successfully loaded VNNLIB instance from 'cifar100_2024'\nINFO:act.front_end.vnnlib_loader.vnnlib_parser:Parsed CIFAR100_resnet_medium_prop_idx_8762_sidx_3374_eps_0.0039.vnnlib: 1 query(ies)\nINFO:act.back_end.solver.solver_hz:large_cls_proof_mode ACTIVE: conv=19 out_dim=100 relus=10 (triangle for relu 1..9, eq_lagr_v8 for last 1)\n[ACT] Using existing Gurobi license: ../ACT/modules/gurobi/gurobi.lic\n\u2705 Device Manager Initialized: device=cuda:0, dtype=torch.float64\n\n================================================================================\nACT: Abstract Constraint Transformer\nInference-based whitebox fuzzing for neural network verification\n================================================================================\n\n\n================================================================================\nVERIFICATION TEST: VNNLIB \u2192 VerifiableModel \u2192 verify_once\n================================================================================\n\n[vnnlib] category=cifar100_2024 max_instances=1 mode=hybridz (full TOP1_ROBUST via labeled_tensor collapse; device=cuda, timeout=240.0s)\n  [  1/1] cifar100_2024/onnx/CIFAR100_resnet_medium.onnx@vnnlib/CIFAR100_resnet_medium_prop_idx_8762_sidx_3374_eps_0.0039.vnnlib: UNKNOWN (6.5s)  V=0 A=0 U=1 E=0  R=0\n\n[vnnlib/hybridz] FINAL \u2014 total=1 wall=0.1 min\n  UNKNOWN      1\n  [structured] per-instance log \u2192 /data1/Kane/ACT/audit_results/full_vnncomp_20260530T092003Z/cifar100_2024_w0/per_instance_cifar100_2024_20260530T111945731929Z.json\n\n================================================================================\nVERIFICATION TEST SUMMARY\n================================================================================\n  \u2705 vnnlib                    PASSED\n================================================================================\n\n"
}
{
  "benchmark": "cifar100_2024",
  "instance_id": 10,
  "status": "EXIT_NONZERO",
  "cli_normalized": "ERROR_WATCHDOG_EXIT_NONZERO",
  "wall_s": 5.002190993982367,
  "peak_rss_mb": 1031.96484375,
  "returncode": 1,
  "per_instance_json": "/data1/Kane/ACT/audit_results/full_vnncomp_20260530T092003Z/cifar100_2024_w0/per_instance_cifar100_2024_watchdog_iid10_20260530T111951863232Z.json",
  "out_dir": "/data1/Kane/ACT/audit_results/full_vnncomp_20260530T092003Z/cifar100_2024_w0",
  "stdout_tail": "type=torch.float64\n\n================================================================================\nACT: Abstract Constraint Transformer\nInference-based whitebox fuzzing for neural network verification\n================================================================================\n\n\n================================================================================\nVERIFICATION TEST: VNNLIB \u2192 VerifiableModel \u2192 verify_once\n================================================================================\n\n[vnnlib] category=cifar100_2024 max_instances=1 mode=hybridz (full TOP1_ROBUST via labeled_tensor collapse; device=cuda, timeout=240.0s)\n  [  1/1] cifar100_2024/onnx/CIFAR100_resnet_medium.onnx@vnnlib/CIFAR100_resnet_medium_prop_idx_7704_sidx_3701_eps_0.0039.vnnlib: ERROR_RuntimeError (1.8s)  V=0 A=0 U=0 E=1  R=0\nTraceback (most recent call last):\n  File \"/data1/Kane/ACT/act/pipeline/cli.py\", line 1371, in cmd_verify\n    _run_vnnlib_verify(args)\n  File \"/data1/Kane/ACT/act/pipeline/cli.py\", line 549, in _run_vnnlib_verify\n    return _run_vnnlib_verify_hybridz(args)\n           ^^^^^^^^^^^^^^^^^^^^^^^^^^^^^^^^\n  File \"/data1/Kane/ACT/act/pipeline/cli.py\", line 1256, in _run_vnnlib_verify_hybridz\n    raise RuntimeError(\nRuntimeError: VERIFICATION_RUN_FAILED: ERROR=1. Per-instance log preserved; inspect instance error fields.\n\n[vnnlib/hybridz] FINAL \u2014 total=1 wall=0.0 min\n  ERROR        1\n  [structured] per-instance log \u2192 /data1/Kane/ACT/audit_results/full_vnncomp_20260530T092003Z/cifar100_2024_w0/per_instance_cifar100_2024_20260530T111950953870Z.json\n\n\u274c Test failed: VERIFICATION_RUN_FAILED: ERROR=1. Per-instance log preserved; inspect instance error fields.\n\n================================================================================\nVERIFICATION TEST SUMMARY\n================================================================================\n  \u274c vnnlib                    FAILED\n================================================================================\n\n"
}
{
  "benchmark": "cifar100_2024",
  "instance_id": 11,
  "status": "OK",
  "cli_normalized": "OK",
  "wall_s": 8.003805994987488,
  "peak_rss_mb": 1933.03515625,
  "returncode": 0,
  "per_instance_json": "/data1/Kane/ACT/audit_results/full_vnncomp_20260530T092003Z/cifar100_2024_w0/per_instance_cifar100_2024_20260530T111958431167Z.json",
  "out_dir": "/data1/Kane/ACT/audit_results/full_vnncomp_20260530T092003Z/cifar100_2024_w0",
  "stdout_tail": "a_model_loader:  \u2713 Parsed VNNLIB: 3072 inputs, 100 outputs\nINFO:act.front_end.vnnlib_loader.data_model_loader:  \u2713 Ground truth label: 73\nINFO:act.front_end.vnnlib_loader.data_model_loader:Successfully loaded VNNLIB instance from 'cifar100_2024'\nINFO:act.front_end.vnnlib_loader.vnnlib_parser:Parsed CIFAR100_resnet_medium_prop_idx_4752_sidx_1800_eps_0.0039.vnnlib: 1 query(ies)\nINFO:act.back_end.solver.solver_hz:large_cls_proof_mode ACTIVE: conv=19 out_dim=100 relus=10 (triangle for relu 1..9, eq_lagr_v8 for last 1)\n[ACT] Using existing Gurobi license: ../ACT/modules/gurobi/gurobi.lic\n\u2705 Device Manager Initialized: device=cuda:0, dtype=torch.float64\n\n================================================================================\nACT: Abstract Constraint Transformer\nInference-based whitebox fuzzing for neural network verification\n================================================================================\n\n\n================================================================================\nVERIFICATION TEST: VNNLIB \u2192 VerifiableModel \u2192 verify_once\n================================================================================\n\n[vnnlib] category=cifar100_2024 max_instances=1 mode=hybridz (full TOP1_ROBUST via labeled_tensor collapse; device=cuda, timeout=240.0s)\n  [  1/1] cifar100_2024/onnx/CIFAR100_resnet_medium.onnx@vnnlib/CIFAR100_resnet_medium_prop_idx_4752_sidx_1800_eps_0.0039.vnnlib: UNKNOWN (4.2s)  V=0 A=0 U=1 E=0  R=0\n\n[vnnlib/hybridz] FINAL \u2014 total=1 wall=0.1 min\n  UNKNOWN      1\n  [structured] per-instance log \u2192 /data1/Kane/ACT/audit_results/full_vnncomp_20260530T092003Z/cifar100_2024_w0/per_instance_cifar100_2024_20260530T111958431167Z.json\n\n================================================================================\nVERIFICATION TEST SUMMARY\n================================================================================\n  \u2705 vnnlib                    PASSED\n================================================================================\n\n"
}
{
  "benchmark": "cifar100_2024",
  "instance_id": 12,
  "status": "OK",
  "cli_normalized": "OK",
  "wall_s": 9.503888894920237,
  "peak_rss_mb": 1958.43359375,
  "returncode": 0,
  "per_instance_json": "/data1/Kane/ACT/audit_results/full_vnncomp_20260530T092003Z/cifar100_2024_w0/per_instance_cifar100_2024_20260530T112008246168Z.json",
  "out_dir": "/data1/Kane/ACT/audit_results/full_vnncomp_20260530T092003Z/cifar100_2024_w0",
  "stdout_tail": "ta_model_loader:  \u2713 Parsed VNNLIB: 3072 inputs, 100 outputs\nINFO:act.front_end.vnnlib_loader.data_model_loader:  \u2713 Ground truth label: 5\nINFO:act.front_end.vnnlib_loader.data_model_loader:Successfully loaded VNNLIB instance from 'cifar100_2024'\nINFO:act.front_end.vnnlib_loader.vnnlib_parser:Parsed CIFAR100_resnet_medium_prop_idx_6415_sidx_4543_eps_0.0039.vnnlib: 1 query(ies)\nINFO:act.back_end.solver.solver_hz:large_cls_proof_mode ACTIVE: conv=19 out_dim=100 relus=10 (triangle for relu 1..9, eq_lagr_v8 for last 1)\n[ACT] Using existing Gurobi license: ../ACT/modules/gurobi/gurobi.lic\n\u2705 Device Manager Initialized: device=cuda:0, dtype=torch.float64\n\n================================================================================\nACT: Abstract Constraint Transformer\nInference-based whitebox fuzzing for neural network verification\n================================================================================\n\n\n================================================================================\nVERIFICATION TEST: VNNLIB \u2192 VerifiableModel \u2192 verify_once\n================================================================================\n\n[vnnlib] category=cifar100_2024 max_instances=1 mode=hybridz (full TOP1_ROBUST via labeled_tensor collapse; device=cuda, timeout=240.0s)\n  [  1/1] cifar100_2024/onnx/CIFAR100_resnet_medium.onnx@vnnlib/CIFAR100_resnet_medium_prop_idx_6415_sidx_4543_eps_0.0039.vnnlib: UNKNOWN (6.0s)  V=0 A=0 U=1 E=0  R=0\n\n[vnnlib/hybridz] FINAL \u2014 total=1 wall=0.1 min\n  UNKNOWN      1\n  [structured] per-instance log \u2192 /data1/Kane/ACT/audit_results/full_vnncomp_20260530T092003Z/cifar100_2024_w0/per_instance_cifar100_2024_20260530T112008246168Z.json\n\n================================================================================\nVERIFICATION TEST SUMMARY\n================================================================================\n  \u2705 vnnlib                    PASSED\n================================================================================\n\n"
}
{
  "benchmark": "cifar100_2024",
  "instance_id": 13,
  "status": "EXIT_NONZERO",
  "cli_normalized": "ERROR_WATCHDOG_EXIT_NONZERO",
  "wall_s": 5.002402707003057,
  "peak_rss_mb": 999.3515625,
  "returncode": 1,
  "per_instance_json": "/data1/Kane/ACT/audit_results/full_vnncomp_20260530T092003Z/cifar100_2024_w0/per_instance_cifar100_2024_watchdog_iid13_20260530T112014374560Z.json",
  "out_dir": "/data1/Kane/ACT/audit_results/full_vnncomp_20260530T092003Z/cifar100_2024_w0",
  "stdout_tail": "dtype=torch.float64\n\n================================================================================\nACT: Abstract Constraint Transformer\nInference-based whitebox fuzzing for neural network verification\n================================================================================\n\n\n================================================================================\nVERIFICATION TEST: VNNLIB \u2192 VerifiableModel \u2192 verify_once\n================================================================================\n\n[vnnlib] category=cifar100_2024 max_instances=1 mode=hybridz (full TOP1_ROBUST via labeled_tensor collapse; device=cuda, timeout=240.0s)\n  [  1/1] cifar100_2024/onnx/CIFAR100_resnet_medium.onnx@vnnlib/CIFAR100_resnet_medium_prop_idx_2477_sidx_388_eps_0.0039.vnnlib: ERROR_RuntimeError (1.6s)  V=0 A=0 U=0 E=1  R=0\nTraceback (most recent call last):\n  File \"/data1/Kane/ACT/act/pipeline/cli.py\", line 1371, in cmd_verify\n    _run_vnnlib_verify(args)\n  File \"/data1/Kane/ACT/act/pipeline/cli.py\", line 549, in _run_vnnlib_verify\n    return _run_vnnlib_verify_hybridz(args)\n           ^^^^^^^^^^^^^^^^^^^^^^^^^^^^^^^^\n  File \"/data1/Kane/ACT/act/pipeline/cli.py\", line 1256, in _run_vnnlib_verify_hybridz\n    raise RuntimeError(\nRuntimeError: VERIFICATION_RUN_FAILED: ERROR=1. Per-instance log preserved; inspect instance error fields.\n\n[vnnlib/hybridz] FINAL \u2014 total=1 wall=0.0 min\n  ERROR        1\n  [structured] per-instance log \u2192 /data1/Kane/ACT/audit_results/full_vnncomp_20260530T092003Z/cifar100_2024_w0/per_instance_cifar100_2024_20260530T112013353221Z.json\n\n\u274c Test failed: VERIFICATION_RUN_FAILED: ERROR=1. Per-instance log preserved; inspect instance error fields.\n\n================================================================================\nVERIFICATION TEST SUMMARY\n================================================================================\n  \u274c vnnlib                    FAILED\n================================================================================\n\n"
}
{
  "benchmark": "cifar100_2024",
  "instance_id": 14,
  "status": "OK",
  "cli_normalized": "OK",
  "wall_s": 8.004645843058825,
  "peak_rss_mb": 1929.73828125,
  "returncode": 0,
  "per_instance_json": "/data1/Kane/ACT/audit_results/full_vnncomp_20260530T092003Z/cifar100_2024_w0/per_instance_cifar100_2024_20260530T112021459858Z.json",
  "out_dir": "/data1/Kane/ACT/audit_results/full_vnncomp_20260530T092003Z/cifar100_2024_w0",
  "stdout_tail": "a_model_loader:  \u2713 Parsed VNNLIB: 3072 inputs, 100 outputs\nINFO:act.front_end.vnnlib_loader.data_model_loader:  \u2713 Ground truth label: 89\nINFO:act.front_end.vnnlib_loader.data_model_loader:Successfully loaded VNNLIB instance from 'cifar100_2024'\nINFO:act.front_end.vnnlib_loader.vnnlib_parser:Parsed CIFAR100_resnet_medium_prop_idx_6553_sidx_7265_eps_0.0039.vnnlib: 1 query(ies)\nINFO:act.back_end.solver.solver_hz:large_cls_proof_mode ACTIVE: conv=19 out_dim=100 relus=10 (triangle for relu 1..9, eq_lagr_v8 for last 1)\n[ACT] Using existing Gurobi license: ../ACT/modules/gurobi/gurobi.lic\n\u2705 Device Manager Initialized: device=cuda:0, dtype=torch.float64\n\n================================================================================\nACT: Abstract Constraint Transformer\nInference-based whitebox fuzzing for neural network verification\n================================================================================\n\n\n================================================================================\nVERIFICATION TEST: VNNLIB \u2192 VerifiableModel \u2192 verify_once\n================================================================================\n\n[vnnlib] category=cifar100_2024 max_instances=1 mode=hybridz (full TOP1_ROBUST via labeled_tensor collapse; device=cuda, timeout=240.0s)\n  [  1/1] cifar100_2024/onnx/CIFAR100_resnet_medium.onnx@vnnlib/CIFAR100_resnet_medium_prop_idx_6553_sidx_7265_eps_0.0039.vnnlib: UNKNOWN (4.7s)  V=0 A=0 U=1 E=0  R=0\n\n[vnnlib/hybridz] FINAL \u2014 total=1 wall=0.1 min\n  UNKNOWN      1\n  [structured] per-instance log \u2192 /data1/Kane/ACT/audit_results/full_vnncomp_20260530T092003Z/cifar100_2024_w0/per_instance_cifar100_2024_20260530T112021459858Z.json\n\n================================================================================\nVERIFICATION TEST SUMMARY\n================================================================================\n  \u2705 vnnlib                    PASSED\n================================================================================\n\n"
}
{
  "benchmark": "cifar100_2024",
  "instance_id": 15,
  "status": "EXIT_NONZERO",
  "cli_normalized": "ERROR_WATCHDOG_EXIT_NONZERO",
  "wall_s": 10.00511061202269,
  "peak_rss_mb": 1840.2109375,
  "returncode": 1,
  "per_instance_json": "/data1/Kane/ACT/audit_results/full_vnncomp_20260530T092003Z/cifar100_2024_w0/per_instance_cifar100_2024_watchdog_iid15_20260530T112032385211Z.json",
  "out_dir": "/data1/Kane/ACT/audit_results/full_vnncomp_20260530T092003Z/cifar100_2024_w0",
  "stdout_tail": "=torch.float64\n\n================================================================================\nACT: Abstract Constraint Transformer\nInference-based whitebox fuzzing for neural network verification\n================================================================================\n\n\n================================================================================\nVERIFICATION TEST: VNNLIB \u2192 VerifiableModel \u2192 verify_once\n================================================================================\n\n[vnnlib] category=cifar100_2024 max_instances=1 mode=hybridz (full TOP1_ROBUST via labeled_tensor collapse; device=cuda, timeout=240.0s)\n  [  1/1] cifar100_2024/onnx/CIFAR100_resnet_medium.onnx@vnnlib/CIFAR100_resnet_medium_prop_idx_8600_sidx_2721_eps_0.0039.vnnlib: ERROR_OutOfMemoryError (6.6s)  V=0 A=0 U=0 E=1  R=0\nTraceback (most recent call last):\n  File \"/data1/Kane/ACT/act/pipeline/cli.py\", line 1371, in cmd_verify\n    _run_vnnlib_verify(args)\n  File \"/data1/Kane/ACT/act/pipeline/cli.py\", line 549, in _run_vnnlib_verify\n    return _run_vnnlib_verify_hybridz(args)\n           ^^^^^^^^^^^^^^^^^^^^^^^^^^^^^^^^\n  File \"/data1/Kane/ACT/act/pipeline/cli.py\", line 1256, in _run_vnnlib_verify_hybridz\n    raise RuntimeError(\nRuntimeError: VERIFICATION_RUN_FAILED: ERROR=1. Per-instance log preserved; inspect instance error fields.\n\n[vnnlib/hybridz] FINAL \u2014 total=1 wall=0.1 min\n  ERROR        1\n  [structured] per-instance log \u2192 /data1/Kane/ACT/audit_results/full_vnncomp_20260530T092003Z/cifar100_2024_w0/per_instance_cifar100_2024_20260530T112031352826Z.json\n\n\u274c Test failed: VERIFICATION_RUN_FAILED: ERROR=1. Per-instance log preserved; inspect instance error fields.\n\n================================================================================\nVERIFICATION TEST SUMMARY\n================================================================================\n  \u274c vnnlib                    FAILED\n================================================================================\n\n"
}
{
  "benchmark": "cifar100_2024",
  "instance_id": 16,
  "status": "OK",
  "cli_normalized": "OK",
  "wall_s": 8.504900348023511,
  "peak_rss_mb": 1940.484375,
  "returncode": 0,
  "per_instance_json": "/data1/Kane/ACT/audit_results/full_vnncomp_20260530T092003Z/cifar100_2024_w0/per_instance_cifar100_2024_20260530T112039482804Z.json",
  "out_dir": "/data1/Kane/ACT/audit_results/full_vnncomp_20260530T092003Z/cifar100_2024_w0",
  "stdout_tail": "a_model_loader:  \u2713 Parsed VNNLIB: 3072 inputs, 100 outputs\nINFO:act.front_end.vnnlib_loader.data_model_loader:  \u2713 Ground truth label: 20\nINFO:act.front_end.vnnlib_loader.data_model_loader:Successfully loaded VNNLIB instance from 'cifar100_2024'\nINFO:act.front_end.vnnlib_loader.vnnlib_parser:Parsed CIFAR100_resnet_medium_prop_idx_7258_sidx_3539_eps_0.0039.vnnlib: 1 query(ies)\nINFO:act.back_end.solver.solver_hz:large_cls_proof_mode ACTIVE: conv=19 out_dim=100 relus=10 (triangle for relu 1..9, eq_lagr_v8 for last 1)\n[ACT] Using existing Gurobi license: ../ACT/modules/gurobi/gurobi.lic\n\u2705 Device Manager Initialized: device=cuda:0, dtype=torch.float64\n\n================================================================================\nACT: Abstract Constraint Transformer\nInference-based whitebox fuzzing for neural network verification\n================================================================================\n\n\n================================================================================\nVERIFICATION TEST: VNNLIB \u2192 VerifiableModel \u2192 verify_once\n================================================================================\n\n[vnnlib] category=cifar100_2024 max_instances=1 mode=hybridz (full TOP1_ROBUST via labeled_tensor collapse; device=cuda, timeout=240.0s)\n  [  1/1] cifar100_2024/onnx/CIFAR100_resnet_medium.onnx@vnnlib/CIFAR100_resnet_medium_prop_idx_7258_sidx_3539_eps_0.0039.vnnlib: UNKNOWN (4.7s)  V=0 A=0 U=1 E=0  R=0\n\n[vnnlib/hybridz] FINAL \u2014 total=1 wall=0.1 min\n  UNKNOWN      1\n  [structured] per-instance log \u2192 /data1/Kane/ACT/audit_results/full_vnncomp_20260530T092003Z/cifar100_2024_w0/per_instance_cifar100_2024_20260530T112039482804Z.json\n\n================================================================================\nVERIFICATION TEST SUMMARY\n================================================================================\n  \u2705 vnnlib                    PASSED\n================================================================================\n\n"
}
{
  "benchmark": "cifar100_2024",
  "instance_id": 17,
  "status": "OK",
  "cli_normalized": "OK",
  "wall_s": 10.004261523019522,
  "peak_rss_mb": 1917.6484375,
  "returncode": 0,
  "per_instance_json": "/data1/Kane/ACT/audit_results/full_vnncomp_20260530T092003Z/cifar100_2024_w0/per_instance_cifar100_2024_20260530T112050034213Z.json",
  "out_dir": "/data1/Kane/ACT/audit_results/full_vnncomp_20260530T092003Z/cifar100_2024_w0",
  "stdout_tail": "a_model_loader:  \u2713 Parsed VNNLIB: 3072 inputs, 100 outputs\nINFO:act.front_end.vnnlib_loader.data_model_loader:  \u2713 Ground truth label: 60\nINFO:act.front_end.vnnlib_loader.data_model_loader:Successfully loaded VNNLIB instance from 'cifar100_2024'\nINFO:act.front_end.vnnlib_loader.vnnlib_parser:Parsed CIFAR100_resnet_medium_prop_idx_6659_sidx_4583_eps_0.0039.vnnlib: 1 query(ies)\nINFO:act.back_end.solver.solver_hz:large_cls_proof_mode ACTIVE: conv=19 out_dim=100 relus=10 (triangle for relu 1..9, eq_lagr_v8 for last 1)\n[ACT] Using existing Gurobi license: ../ACT/modules/gurobi/gurobi.lic\n\u2705 Device Manager Initialized: device=cuda:0, dtype=torch.float64\n\n================================================================================\nACT: Abstract Constraint Transformer\nInference-based whitebox fuzzing for neural network verification\n================================================================================\n\n\n================================================================================\nVERIFICATION TEST: VNNLIB \u2192 VerifiableModel \u2192 verify_once\n================================================================================\n\n[vnnlib] category=cifar100_2024 max_instances=1 mode=hybridz (full TOP1_ROBUST via labeled_tensor collapse; device=cuda, timeout=240.0s)\n  [  1/1] cifar100_2024/onnx/CIFAR100_resnet_medium.onnx@vnnlib/CIFAR100_resnet_medium_prop_idx_6659_sidx_4583_eps_0.0039.vnnlib: UNKNOWN (6.7s)  V=0 A=0 U=1 E=0  R=0\n\n[vnnlib/hybridz] FINAL \u2014 total=1 wall=0.1 min\n  UNKNOWN      1\n  [structured] per-instance log \u2192 /data1/Kane/ACT/audit_results/full_vnncomp_20260530T092003Z/cifar100_2024_w0/per_instance_cifar100_2024_20260530T112050034213Z.json\n\n================================================================================\nVERIFICATION TEST SUMMARY\n================================================================================\n  \u2705 vnnlib                    PASSED\n================================================================================\n\n"
}
{
  "benchmark": "cifar100_2024",
  "instance_id": 18,
  "status": "OK",
  "cli_normalized": "OK",
  "wall_s": 8.00330512796063,
  "peak_rss_mb": 1946.51953125,
  "returncode": 0,
  "per_instance_json": "/data1/Kane/ACT/audit_results/full_vnncomp_20260530T092003Z/cifar100_2024_w0/per_instance_cifar100_2024_20260530T112057824629Z.json",
  "out_dir": "/data1/Kane/ACT/audit_results/full_vnncomp_20260530T092003Z/cifar100_2024_w0",
  "stdout_tail": "ata_model_loader:  \u2713 Parsed VNNLIB: 3072 inputs, 100 outputs\nINFO:act.front_end.vnnlib_loader.data_model_loader:  \u2713 Ground truth label: 44\nINFO:act.front_end.vnnlib_loader.data_model_loader:Successfully loaded VNNLIB instance from 'cifar100_2024'\nINFO:act.front_end.vnnlib_loader.vnnlib_parser:Parsed CIFAR100_resnet_medium_prop_idx_885_sidx_7654_eps_0.0039.vnnlib: 1 query(ies)\nINFO:act.back_end.solver.solver_hz:large_cls_proof_mode ACTIVE: conv=19 out_dim=100 relus=10 (triangle for relu 1..9, eq_lagr_v8 for last 1)\n[ACT] Using existing Gurobi license: ../ACT/modules/gurobi/gurobi.lic\n\u2705 Device Manager Initialized: device=cuda:0, dtype=torch.float64\n\n================================================================================\nACT: Abstract Constraint Transformer\nInference-based whitebox fuzzing for neural network verification\n================================================================================\n\n\n================================================================================\nVERIFICATION TEST: VNNLIB \u2192 VerifiableModel \u2192 verify_once\n================================================================================\n\n[vnnlib] category=cifar100_2024 max_instances=1 mode=hybridz (full TOP1_ROBUST via labeled_tensor collapse; device=cuda, timeout=240.0s)\n  [  1/1] cifar100_2024/onnx/CIFAR100_resnet_medium.onnx@vnnlib/CIFAR100_resnet_medium_prop_idx_885_sidx_7654_eps_0.0039.vnnlib: UNKNOWN (4.7s)  V=0 A=0 U=1 E=0  R=0\n\n[vnnlib/hybridz] FINAL \u2014 total=1 wall=0.1 min\n  UNKNOWN      1\n  [structured] per-instance log \u2192 /data1/Kane/ACT/audit_results/full_vnncomp_20260530T092003Z/cifar100_2024_w0/per_instance_cifar100_2024_20260530T112057824629Z.json\n\n================================================================================\nVERIFICATION TEST SUMMARY\n================================================================================\n  \u2705 vnnlib                    PASSED\n================================================================================\n\n"
}
{
  "benchmark": "cifar100_2024",
  "instance_id": 19,
  "status": "OK",
  "cli_normalized": "OK",
  "wall_s": 10.504857989028096,
  "peak_rss_mb": 1940.1328125,
  "returncode": 0,
  "per_instance_json": "/data1/Kane/ACT/audit_results/full_vnncomp_20260530T092003Z/cifar100_2024_w0/per_instance_cifar100_2024_20260530T112108115412Z.json",
  "out_dir": "/data1/Kane/ACT/audit_results/full_vnncomp_20260530T092003Z/cifar100_2024_w0",
  "stdout_tail": "data_model_loader:  \u2713 Parsed VNNLIB: 3072 inputs, 100 outputs\nINFO:act.front_end.vnnlib_loader.data_model_loader:  \u2713 Ground truth label: 5\nINFO:act.front_end.vnnlib_loader.data_model_loader:Successfully loaded VNNLIB instance from 'cifar100_2024'\nINFO:act.front_end.vnnlib_loader.vnnlib_parser:Parsed CIFAR100_resnet_medium_prop_idx_3006_sidx_928_eps_0.0039.vnnlib: 1 query(ies)\nINFO:act.back_end.solver.solver_hz:large_cls_proof_mode ACTIVE: conv=19 out_dim=100 relus=10 (triangle for relu 1..9, eq_lagr_v8 for last 1)\n[ACT] Using existing Gurobi license: ../ACT/modules/gurobi/gurobi.lic\n\u2705 Device Manager Initialized: device=cuda:0, dtype=torch.float64\n\n================================================================================\nACT: Abstract Constraint Transformer\nInference-based whitebox fuzzing for neural network verification\n================================================================================\n\n\n================================================================================\nVERIFICATION TEST: VNNLIB \u2192 VerifiableModel \u2192 verify_once\n================================================================================\n\n[vnnlib] category=cifar100_2024 max_instances=1 mode=hybridz (full TOP1_ROBUST via labeled_tensor collapse; device=cuda, timeout=240.0s)\n  [  1/1] cifar100_2024/onnx/CIFAR100_resnet_medium.onnx@vnnlib/CIFAR100_resnet_medium_prop_idx_3006_sidx_928_eps_0.0039.vnnlib: UNKNOWN (6.7s)  V=0 A=0 U=1 E=0  R=0\n\n[vnnlib/hybridz] FINAL \u2014 total=1 wall=0.1 min\n  UNKNOWN      1\n  [structured] per-instance log \u2192 /data1/Kane/ACT/audit_results/full_vnncomp_20260530T092003Z/cifar100_2024_w0/per_instance_cifar100_2024_20260530T112108115412Z.json\n\n================================================================================\nVERIFICATION TEST SUMMARY\n================================================================================\n  \u2705 vnnlib                    PASSED\n================================================================================\n\n"
}
{
  "benchmark": "cifar100_2024",
  "instance_id": 20,
  "status": "OK",
  "cli_normalized": "OK",
  "wall_s": 11.505876124021597,
  "peak_rss_mb": 1927.83203125,
  "returncode": 0,
  "per_instance_json": "/data1/Kane/ACT/audit_results/full_vnncomp_20260530T092003Z/cifar100_2024_w0/per_instance_cifar100_2024_20260530T112119938688Z.json",
  "out_dir": "/data1/Kane/ACT/audit_results/full_vnncomp_20260530T092003Z/cifar100_2024_w0",
  "stdout_tail": "a_model_loader:  \u2713 Parsed VNNLIB: 3072 inputs, 100 outputs\nINFO:act.front_end.vnnlib_loader.data_model_loader:  \u2713 Ground truth label: 88\nINFO:act.front_end.vnnlib_loader.data_model_loader:Successfully loaded VNNLIB instance from 'cifar100_2024'\nINFO:act.front_end.vnnlib_loader.vnnlib_parser:Parsed CIFAR100_resnet_medium_prop_idx_1588_sidx_6654_eps_0.0039.vnnlib: 1 query(ies)\nINFO:act.back_end.solver.solver_hz:large_cls_proof_mode ACTIVE: conv=19 out_dim=100 relus=10 (triangle for relu 1..9, eq_lagr_v8 for last 1)\n[ACT] Using existing Gurobi license: ../ACT/modules/gurobi/gurobi.lic\n\u2705 Device Manager Initialized: device=cuda:0, dtype=torch.float64\n\n================================================================================\nACT: Abstract Constraint Transformer\nInference-based whitebox fuzzing for neural network verification\n================================================================================\n\n\n================================================================================\nVERIFICATION TEST: VNNLIB \u2192 VerifiableModel \u2192 verify_once\n================================================================================\n\n[vnnlib] category=cifar100_2024 max_instances=1 mode=hybridz (full TOP1_ROBUST via labeled_tensor collapse; device=cuda, timeout=240.0s)\n  [  1/1] cifar100_2024/onnx/CIFAR100_resnet_medium.onnx@vnnlib/CIFAR100_resnet_medium_prop_idx_1588_sidx_6654_eps_0.0039.vnnlib: UNKNOWN (8.3s)  V=0 A=0 U=1 E=0  R=0\n\n[vnnlib/hybridz] FINAL \u2014 total=1 wall=0.1 min\n  UNKNOWN      1\n  [structured] per-instance log \u2192 /data1/Kane/ACT/audit_results/full_vnncomp_20260530T092003Z/cifar100_2024_w0/per_instance_cifar100_2024_20260530T112119938688Z.json\n\n================================================================================\nVERIFICATION TEST SUMMARY\n================================================================================\n  \u2705 vnnlib                    PASSED\n================================================================================\n\n"
}
{
  "benchmark": "cifar100_2024",
  "instance_id": 21,
  "status": "OK",
  "cli_normalized": "OK",
  "wall_s": 9.004066886962391,
  "peak_rss_mb": 1907.3984375,
  "returncode": 0,
  "per_instance_json": "/data1/Kane/ACT/audit_results/full_vnncomp_20260530T092003Z/cifar100_2024_w0/per_instance_cifar100_2024_20260530T112128623091Z.json",
  "out_dir": "/data1/Kane/ACT/audit_results/full_vnncomp_20260530T092003Z/cifar100_2024_w0",
  "stdout_tail": "a_model_loader:  \u2713 Parsed VNNLIB: 3072 inputs, 100 outputs\nINFO:act.front_end.vnnlib_loader.data_model_loader:  \u2713 Ground truth label: 83\nINFO:act.front_end.vnnlib_loader.data_model_loader:Successfully loaded VNNLIB instance from 'cifar100_2024'\nINFO:act.front_end.vnnlib_loader.vnnlib_parser:Parsed CIFAR100_resnet_medium_prop_idx_8594_sidx_5815_eps_0.0039.vnnlib: 1 query(ies)\nINFO:act.back_end.solver.solver_hz:large_cls_proof_mode ACTIVE: conv=19 out_dim=100 relus=10 (triangle for relu 1..9, eq_lagr_v8 for last 1)\n[ACT] Using existing Gurobi license: ../ACT/modules/gurobi/gurobi.lic\n\u2705 Device Manager Initialized: device=cuda:0, dtype=torch.float64\n\n================================================================================\nACT: Abstract Constraint Transformer\nInference-based whitebox fuzzing for neural network verification\n================================================================================\n\n\n================================================================================\nVERIFICATION TEST: VNNLIB \u2192 VerifiableModel \u2192 verify_once\n================================================================================\n\n[vnnlib] category=cifar100_2024 max_instances=1 mode=hybridz (full TOP1_ROBUST via labeled_tensor collapse; device=cuda, timeout=240.0s)\n  [  1/1] cifar100_2024/onnx/CIFAR100_resnet_medium.onnx@vnnlib/CIFAR100_resnet_medium_prop_idx_8594_sidx_5815_eps_0.0039.vnnlib: UNKNOWN (5.4s)  V=0 A=0 U=1 E=0  R=0\n\n[vnnlib/hybridz] FINAL \u2014 total=1 wall=0.1 min\n  UNKNOWN      1\n  [structured] per-instance log \u2192 /data1/Kane/ACT/audit_results/full_vnncomp_20260530T092003Z/cifar100_2024_w0/per_instance_cifar100_2024_20260530T112128623091Z.json\n\n================================================================================\nVERIFICATION TEST SUMMARY\n================================================================================\n  \u2705 vnnlib                    PASSED\n================================================================================\n\n"
}
{
  "benchmark": "cifar100_2024",
  "instance_id": 22,
  "status": "OK",
  "cli_normalized": "OK",
  "wall_s": 12.505920615978539,
  "peak_rss_mb": 1952.4140625,
  "returncode": 0,
  "per_instance_json": "/data1/Kane/ACT/audit_results/full_vnncomp_20260530T092003Z/cifar100_2024_w0/per_instance_cifar100_2024_20260530T112141410948Z.json",
  "out_dir": "/data1/Kane/ACT/audit_results/full_vnncomp_20260530T092003Z/cifar100_2024_w0",
  "stdout_tail": "a_model_loader:  \u2713 Parsed VNNLIB: 3072 inputs, 100 outputs\nINFO:act.front_end.vnnlib_loader.data_model_loader:  \u2713 Ground truth label: 59\nINFO:act.front_end.vnnlib_loader.data_model_loader:Successfully loaded VNNLIB instance from 'cifar100_2024'\nINFO:act.front_end.vnnlib_loader.vnnlib_parser:Parsed CIFAR100_resnet_medium_prop_idx_9658_sidx_1660_eps_0.0039.vnnlib: 1 query(ies)\nINFO:act.back_end.solver.solver_hz:large_cls_proof_mode ACTIVE: conv=19 out_dim=100 relus=10 (triangle for relu 1..9, eq_lagr_v8 for last 1)\n[ACT] Using existing Gurobi license: ../ACT/modules/gurobi/gurobi.lic\n\u2705 Device Manager Initialized: device=cuda:0, dtype=torch.float64\n\n================================================================================\nACT: Abstract Constraint Transformer\nInference-based whitebox fuzzing for neural network verification\n================================================================================\n\n\n================================================================================\nVERIFICATION TEST: VNNLIB \u2192 VerifiableModel \u2192 verify_once\n================================================================================\n\n[vnnlib] category=cifar100_2024 max_instances=1 mode=hybridz (full TOP1_ROBUST via labeled_tensor collapse; device=cuda, timeout=240.0s)\n  [  1/1] cifar100_2024/onnx/CIFAR100_resnet_medium.onnx@vnnlib/CIFAR100_resnet_medium_prop_idx_9658_sidx_1660_eps_0.0039.vnnlib: UNKNOWN (9.1s)  V=0 A=0 U=1 E=0  R=0\n\n[vnnlib/hybridz] FINAL \u2014 total=1 wall=0.2 min\n  UNKNOWN      1\n  [structured] per-instance log \u2192 /data1/Kane/ACT/audit_results/full_vnncomp_20260530T092003Z/cifar100_2024_w0/per_instance_cifar100_2024_20260530T112141410948Z.json\n\n================================================================================\nVERIFICATION TEST SUMMARY\n================================================================================\n  \u2705 vnnlib                    PASSED\n================================================================================\n\n"
}
{
  "benchmark": "cifar100_2024",
  "instance_id": 23,
  "status": "OK",
  "cli_normalized": "OK",
  "wall_s": 9.004109384026378,
  "peak_rss_mb": 2100.9765625,
  "returncode": 0,
  "per_instance_json": "/data1/Kane/ACT/audit_results/full_vnncomp_20260530T092003Z/cifar100_2024_w0/per_instance_cifar100_2024_20260530T112150160585Z.json",
  "out_dir": "/data1/Kane/ACT/audit_results/full_vnncomp_20260530T092003Z/cifar100_2024_w0",
  "stdout_tail": "a_model_loader:  \u2713 Parsed VNNLIB: 3072 inputs, 100 outputs\nINFO:act.front_end.vnnlib_loader.data_model_loader:  \u2713 Ground truth label: 80\nINFO:act.front_end.vnnlib_loader.data_model_loader:Successfully loaded VNNLIB instance from 'cifar100_2024'\nINFO:act.front_end.vnnlib_loader.vnnlib_parser:Parsed CIFAR100_resnet_medium_prop_idx_8505_sidx_1690_eps_0.0039.vnnlib: 1 query(ies)\nINFO:act.back_end.solver.solver_hz:large_cls_proof_mode ACTIVE: conv=19 out_dim=100 relus=10 (triangle for relu 1..9, eq_lagr_v8 for last 1)\n[ACT] Using existing Gurobi license: ../ACT/modules/gurobi/gurobi.lic\n\u2705 Device Manager Initialized: device=cuda:0, dtype=torch.float64\n\n================================================================================\nACT: Abstract Constraint Transformer\nInference-based whitebox fuzzing for neural network verification\n================================================================================\n\n\n================================================================================\nVERIFICATION TEST: VNNLIB \u2192 VerifiableModel \u2192 verify_once\n================================================================================\n\n[vnnlib] category=cifar100_2024 max_instances=1 mode=hybridz (full TOP1_ROBUST via labeled_tensor collapse; device=cuda, timeout=240.0s)\n  [  1/1] cifar100_2024/onnx/CIFAR100_resnet_medium.onnx@vnnlib/CIFAR100_resnet_medium_prop_idx_8505_sidx_1690_eps_0.0039.vnnlib: UNKNOWN (5.3s)  V=0 A=0 U=1 E=0  R=0\n\n[vnnlib/hybridz] FINAL \u2014 total=1 wall=0.1 min\n  UNKNOWN      1\n  [structured] per-instance log \u2192 /data1/Kane/ACT/audit_results/full_vnncomp_20260530T092003Z/cifar100_2024_w0/per_instance_cifar100_2024_20260530T112150160585Z.json\n\n================================================================================\nVERIFICATION TEST SUMMARY\n================================================================================\n  \u2705 vnnlib                    PASSED\n================================================================================\n\n"
}
{
  "benchmark": "cifar100_2024",
  "instance_id": 24,
  "status": "EXIT_NONZERO",
  "cli_normalized": "ERROR_WATCHDOG_EXIT_NONZERO",
  "wall_s": 11.00509200594388,
  "peak_rss_mb": 1859.00390625,
  "returncode": 1,
  "per_instance_json": "/data1/Kane/ACT/audit_results/full_vnncomp_20260530T092003Z/cifar100_2024_w0/per_instance_cifar100_2024_watchdog_iid24_20260530T112202431694Z.json",
  "out_dir": "/data1/Kane/ACT/audit_results/full_vnncomp_20260530T092003Z/cifar100_2024_w0",
  "stdout_tail": "=torch.float64\n\n================================================================================\nACT: Abstract Constraint Transformer\nInference-based whitebox fuzzing for neural network verification\n================================================================================\n\n\n================================================================================\nVERIFICATION TEST: VNNLIB \u2192 VerifiableModel \u2192 verify_once\n================================================================================\n\n[vnnlib] category=cifar100_2024 max_instances=1 mode=hybridz (full TOP1_ROBUST via labeled_tensor collapse; device=cuda, timeout=240.0s)\n  [  1/1] cifar100_2024/onnx/CIFAR100_resnet_medium.onnx@vnnlib/CIFAR100_resnet_medium_prop_idx_8945_sidx_3584_eps_0.0039.vnnlib: ERROR_OutOfMemoryError (7.4s)  V=0 A=0 U=0 E=1  R=0\nTraceback (most recent call last):\n  File \"/data1/Kane/ACT/act/pipeline/cli.py\", line 1371, in cmd_verify\n    _run_vnnlib_verify(args)\n  File \"/data1/Kane/ACT/act/pipeline/cli.py\", line 549, in _run_vnnlib_verify\n    return _run_vnnlib_verify_hybridz(args)\n           ^^^^^^^^^^^^^^^^^^^^^^^^^^^^^^^^\n  File \"/data1/Kane/ACT/act/pipeline/cli.py\", line 1256, in _run_vnnlib_verify_hybridz\n    raise RuntimeError(\nRuntimeError: VERIFICATION_RUN_FAILED: ERROR=1. Per-instance log preserved; inspect instance error fields.\n\n[vnnlib/hybridz] FINAL \u2014 total=1 wall=0.1 min\n  ERROR        1\n  [structured] per-instance log \u2192 /data1/Kane/ACT/audit_results/full_vnncomp_20260530T092003Z/cifar100_2024_w0/per_instance_cifar100_2024_20260530T112201143238Z.json\n\n\u274c Test failed: VERIFICATION_RUN_FAILED: ERROR=1. Per-instance log preserved; inspect instance error fields.\n\n================================================================================\nVERIFICATION TEST SUMMARY\n================================================================================\n  \u274c vnnlib                    FAILED\n================================================================================\n\n"
}
{
  "benchmark": "cifar100_2024",
  "instance_id": 25,
  "status": "OK",
  "cli_normalized": "OK",
  "wall_s": 8.00343426503241,
  "peak_rss_mb": 1947.1640625,
  "returncode": 0,
  "per_instance_json": "/data1/Kane/ACT/audit_results/full_vnncomp_20260530T092003Z/cifar100_2024_w0/per_instance_cifar100_2024_20260530T112209190853Z.json",
  "out_dir": "/data1/Kane/ACT/audit_results/full_vnncomp_20260530T092003Z/cifar100_2024_w0",
  "stdout_tail": "ata_model_loader:  \u2713 Parsed VNNLIB: 3072 inputs, 100 outputs\nINFO:act.front_end.vnnlib_loader.data_model_loader:  \u2713 Ground truth label: 88\nINFO:act.front_end.vnnlib_loader.data_model_loader:Successfully loaded VNNLIB instance from 'cifar100_2024'\nINFO:act.front_end.vnnlib_loader.vnnlib_parser:Parsed CIFAR100_resnet_medium_prop_idx_6585_sidx_533_eps_0.0039.vnnlib: 1 query(ies)\nINFO:act.back_end.solver.solver_hz:large_cls_proof_mode ACTIVE: conv=19 out_dim=100 relus=10 (triangle for relu 1..9, eq_lagr_v8 for last 1)\n[ACT] Using existing Gurobi license: ../ACT/modules/gurobi/gurobi.lic\n\u2705 Device Manager Initialized: device=cuda:0, dtype=torch.float64\n\n================================================================================\nACT: Abstract Constraint Transformer\nInference-based whitebox fuzzing for neural network verification\n================================================================================\n\n\n================================================================================\nVERIFICATION TEST: VNNLIB \u2192 VerifiableModel \u2192 verify_once\n================================================================================\n\n[vnnlib] category=cifar100_2024 max_instances=1 mode=hybridz (full TOP1_ROBUST via labeled_tensor collapse; device=cuda, timeout=240.0s)\n  [  1/1] cifar100_2024/onnx/CIFAR100_resnet_medium.onnx@vnnlib/CIFAR100_resnet_medium_prop_idx_6585_sidx_533_eps_0.0039.vnnlib: UNKNOWN (4.4s)  V=0 A=0 U=1 E=0  R=0\n\n[vnnlib/hybridz] FINAL \u2014 total=1 wall=0.1 min\n  UNKNOWN      1\n  [structured] per-instance log \u2192 /data1/Kane/ACT/audit_results/full_vnncomp_20260530T092003Z/cifar100_2024_w0/per_instance_cifar100_2024_20260530T112209190853Z.json\n\n================================================================================\nVERIFICATION TEST SUMMARY\n================================================================================\n  \u2705 vnnlib                    PASSED\n================================================================================\n\n"
}
{
  "benchmark": "cifar100_2024",
  "instance_id": 26,
  "status": "OK",
  "cli_normalized": "OK",
  "wall_s": 11.005761716049165,
  "peak_rss_mb": 2003.90234375,
  "returncode": 0,
  "per_instance_json": "/data1/Kane/ACT/audit_results/full_vnncomp_20260530T092003Z/cifar100_2024_w0/per_instance_cifar100_2024_20260530T112220293619Z.json",
  "out_dir": "/data1/Kane/ACT/audit_results/full_vnncomp_20260530T092003Z/cifar100_2024_w0",
  "stdout_tail": " has 674.00 MiB memory in use. Process 1728324 has 674.00 MiB memory in use. Process 1731355 has 14.00 MiB memory in use. Process 1731429 has 14.00 MiB memory in use. Of the allocated memory 6.11 GiB is allocated by PyTorch, and 532.47 MiB is reserved by PyTorch but unallocated. If reserved but unallocated memory is large try setting PYTORCH_CUDA_ALLOC_CONF=expandable_segments:True to avoid fragmentation.  See documentation for Memory Management  (https://pytorch.org/docs/stable/notes/cuda.html#environment-variables)\n[ACT] Using existing Gurobi license: ../ACT/modules/gurobi/gurobi.lic\n\u2705 Device Manager Initialized: device=cuda:0, dtype=torch.float64\n\n================================================================================\nACT: Abstract Constraint Transformer\nInference-based whitebox fuzzing for neural network verification\n================================================================================\n\n\n================================================================================\nVERIFICATION TEST: VNNLIB \u2192 VerifiableModel \u2192 verify_once\n================================================================================\n\n[vnnlib] category=cifar100_2024 max_instances=1 mode=hybridz (full TOP1_ROBUST via labeled_tensor collapse; device=cuda, timeout=240.0s)\n  [  1/1] cifar100_2024/onnx/CIFAR100_resnet_medium.onnx@vnnlib/CIFAR100_resnet_medium_prop_idx_6573_sidx_5525_eps_0.0039.vnnlib: UNKNOWN (7.4s)  V=0 A=0 U=1 E=0  R=0\n\n[vnnlib/hybridz] FINAL \u2014 total=1 wall=0.1 min\n  UNKNOWN      1\n  [structured] per-instance log \u2192 /data1/Kane/ACT/audit_results/full_vnncomp_20260530T092003Z/cifar100_2024_w0/per_instance_cifar100_2024_20260530T112220293619Z.json\n\n================================================================================\nVERIFICATION TEST SUMMARY\n================================================================================\n  \u2705 vnnlib                    PASSED\n================================================================================\n\n"
}
{
  "benchmark": "cifar100_2024",
  "instance_id": 27,
  "status": "OK",
  "cli_normalized": "OK",
  "wall_s": 8.006645780056715,
  "peak_rss_mb": 1906.3828125,
  "returncode": 0,
  "per_instance_json": "/data1/Kane/ACT/audit_results/full_vnncomp_20260530T092003Z/cifar100_2024_w0/per_instance_cifar100_2024_20260530T112228155243Z.json",
  "out_dir": "/data1/Kane/ACT/audit_results/full_vnncomp_20260530T092003Z/cifar100_2024_w0",
  "stdout_tail": "ta_model_loader:  \u2713 Parsed VNNLIB: 3072 inputs, 100 outputs\nINFO:act.front_end.vnnlib_loader.data_model_loader:  \u2713 Ground truth label: 9\nINFO:act.front_end.vnnlib_loader.data_model_loader:Successfully loaded VNNLIB instance from 'cifar100_2024'\nINFO:act.front_end.vnnlib_loader.vnnlib_parser:Parsed CIFAR100_resnet_medium_prop_idx_8619_sidx_4461_eps_0.0039.vnnlib: 1 query(ies)\nINFO:act.back_end.solver.solver_hz:large_cls_proof_mode ACTIVE: conv=19 out_dim=100 relus=10 (triangle for relu 1..9, eq_lagr_v8 for last 1)\n[ACT] Using existing Gurobi license: ../ACT/modules/gurobi/gurobi.lic\n\u2705 Device Manager Initialized: device=cuda:0, dtype=torch.float64\n\n================================================================================\nACT: Abstract Constraint Transformer\nInference-based whitebox fuzzing for neural network verification\n================================================================================\n\n\n================================================================================\nVERIFICATION TEST: VNNLIB \u2192 VerifiableModel \u2192 verify_once\n================================================================================\n\n[vnnlib] category=cifar100_2024 max_instances=1 mode=hybridz (full TOP1_ROBUST via labeled_tensor collapse; device=cuda, timeout=240.0s)\n  [  1/1] cifar100_2024/onnx/CIFAR100_resnet_medium.onnx@vnnlib/CIFAR100_resnet_medium_prop_idx_8619_sidx_4461_eps_0.0039.vnnlib: UNKNOWN (4.3s)  V=0 A=0 U=1 E=0  R=0\n\n[vnnlib/hybridz] FINAL \u2014 total=1 wall=0.1 min\n  UNKNOWN      1\n  [structured] per-instance log \u2192 /data1/Kane/ACT/audit_results/full_vnncomp_20260530T092003Z/cifar100_2024_w0/per_instance_cifar100_2024_20260530T112228155243Z.json\n\n================================================================================\nVERIFICATION TEST SUMMARY\n================================================================================\n  \u2705 vnnlib                    PASSED\n================================================================================\n\n"
}
{
  "benchmark": "cifar100_2024",
  "instance_id": 28,
  "status": "OK",
  "cli_normalized": "OK",
  "wall_s": 11.005024092039093,
  "peak_rss_mb": 1900.82421875,
  "returncode": 0,
  "per_instance_json": "/data1/Kane/ACT/audit_results/full_vnncomp_20260530T092003Z/cifar100_2024_w0/per_instance_cifar100_2024_20260530T112239199714Z.json",
  "out_dir": "/data1/Kane/ACT/audit_results/full_vnncomp_20260530T092003Z/cifar100_2024_w0",
  "stdout_tail": ".data_model_loader:  \u2713 Parsed VNNLIB: 3072 inputs, 100 outputs\nINFO:act.front_end.vnnlib_loader.data_model_loader:  \u2713 Ground truth label: 54\nINFO:act.front_end.vnnlib_loader.data_model_loader:Successfully loaded VNNLIB instance from 'cifar100_2024'\nINFO:act.front_end.vnnlib_loader.vnnlib_parser:Parsed CIFAR100_resnet_medium_prop_idx_54_sidx_9735_eps_0.0039.vnnlib: 1 query(ies)\nINFO:act.back_end.solver.solver_hz:large_cls_proof_mode ACTIVE: conv=19 out_dim=100 relus=10 (triangle for relu 1..9, eq_lagr_v8 for last 1)\n[ACT] Using existing Gurobi license: ../ACT/modules/gurobi/gurobi.lic\n\u2705 Device Manager Initialized: device=cuda:0, dtype=torch.float64\n\n================================================================================\nACT: Abstract Constraint Transformer\nInference-based whitebox fuzzing for neural network verification\n================================================================================\n\n\n================================================================================\nVERIFICATION TEST: VNNLIB \u2192 VerifiableModel \u2192 verify_once\n================================================================================\n\n[vnnlib] category=cifar100_2024 max_instances=1 mode=hybridz (full TOP1_ROBUST via labeled_tensor collapse; device=cuda, timeout=240.0s)\n  [  1/1] cifar100_2024/onnx/CIFAR100_resnet_medium.onnx@vnnlib/CIFAR100_resnet_medium_prop_idx_54_sidx_9735_eps_0.0039.vnnlib: UNKNOWN (7.1s)  V=0 A=0 U=1 E=0  R=0\n\n[vnnlib/hybridz] FINAL \u2014 total=1 wall=0.1 min\n  UNKNOWN      1\n  [structured] per-instance log \u2192 /data1/Kane/ACT/audit_results/full_vnncomp_20260530T092003Z/cifar100_2024_w0/per_instance_cifar100_2024_20260530T112239199714Z.json\n\n================================================================================\nVERIFICATION TEST SUMMARY\n================================================================================\n  \u2705 vnnlib                    PASSED\n================================================================================\n\n"
}
{
  "benchmark": "cifar100_2024",
  "instance_id": 29,
  "status": "OK",
  "cli_normalized": "OK",
  "wall_s": 8.003968990058638,
  "peak_rss_mb": 1908.3515625,
  "returncode": 0,
  "per_instance_json": "/data1/Kane/ACT/audit_results/full_vnncomp_20260530T092003Z/cifar100_2024_w0/per_instance_cifar100_2024_20260530T112247062339Z.json",
  "out_dir": "/data1/Kane/ACT/audit_results/full_vnncomp_20260530T092003Z/cifar100_2024_w0",
  "stdout_tail": "a_model_loader:  \u2713 Parsed VNNLIB: 3072 inputs, 100 outputs\nINFO:act.front_end.vnnlib_loader.data_model_loader:  \u2713 Ground truth label: 76\nINFO:act.front_end.vnnlib_loader.data_model_loader:Successfully loaded VNNLIB instance from 'cifar100_2024'\nINFO:act.front_end.vnnlib_loader.vnnlib_parser:Parsed CIFAR100_resnet_medium_prop_idx_4429_sidx_1471_eps_0.0039.vnnlib: 1 query(ies)\nINFO:act.back_end.solver.solver_hz:large_cls_proof_mode ACTIVE: conv=19 out_dim=100 relus=10 (triangle for relu 1..9, eq_lagr_v8 for last 1)\n[ACT] Using existing Gurobi license: ../ACT/modules/gurobi/gurobi.lic\n\u2705 Device Manager Initialized: device=cuda:0, dtype=torch.float64\n\n================================================================================\nACT: Abstract Constraint Transformer\nInference-based whitebox fuzzing for neural network verification\n================================================================================\n\n\n================================================================================\nVERIFICATION TEST: VNNLIB \u2192 VerifiableModel \u2192 verify_once\n================================================================================\n\n[vnnlib] category=cifar100_2024 max_instances=1 mode=hybridz (full TOP1_ROBUST via labeled_tensor collapse; device=cuda, timeout=240.0s)\n  [  1/1] cifar100_2024/onnx/CIFAR100_resnet_medium.onnx@vnnlib/CIFAR100_resnet_medium_prop_idx_4429_sidx_1471_eps_0.0039.vnnlib: UNKNOWN (4.3s)  V=0 A=0 U=1 E=0  R=0\n\n[vnnlib/hybridz] FINAL \u2014 total=1 wall=0.1 min\n  UNKNOWN      1\n  [structured] per-instance log \u2192 /data1/Kane/ACT/audit_results/full_vnncomp_20260530T092003Z/cifar100_2024_w0/per_instance_cifar100_2024_20260530T112247062339Z.json\n\n================================================================================\nVERIFICATION TEST SUMMARY\n================================================================================\n  \u2705 vnnlib                    PASSED\n================================================================================\n\n"
}
{
  "benchmark": "cifar100_2024",
  "instance_id": 30,
  "status": "OK",
  "cli_normalized": "OK",
  "wall_s": 7.503504181979224,
  "peak_rss_mb": 1922.234375,
  "returncode": 0,
  "per_instance_json": "/data1/Kane/ACT/audit_results/full_vnncomp_20260530T092003Z/cifar100_2024_w0/per_instance_cifar100_2024_20260530T112254803522Z.json",
  "out_dir": "/data1/Kane/ACT/audit_results/full_vnncomp_20260530T092003Z/cifar100_2024_w0",
  "stdout_tail": "a_model_loader:  \u2713 Parsed VNNLIB: 3072 inputs, 100 outputs\nINFO:act.front_end.vnnlib_loader.data_model_loader:  \u2713 Ground truth label: 84\nINFO:act.front_end.vnnlib_loader.data_model_loader:Successfully loaded VNNLIB instance from 'cifar100_2024'\nINFO:act.front_end.vnnlib_loader.vnnlib_parser:Parsed CIFAR100_resnet_medium_prop_idx_1190_sidx_8846_eps_0.0039.vnnlib: 1 query(ies)\nINFO:act.back_end.solver.solver_hz:large_cls_proof_mode ACTIVE: conv=19 out_dim=100 relus=10 (triangle for relu 1..9, eq_lagr_v8 for last 1)\n[ACT] Using existing Gurobi license: ../ACT/modules/gurobi/gurobi.lic\n\u2705 Device Manager Initialized: device=cuda:0, dtype=torch.float64\n\n================================================================================\nACT: Abstract Constraint Transformer\nInference-based whitebox fuzzing for neural network verification\n================================================================================\n\n\n================================================================================\nVERIFICATION TEST: VNNLIB \u2192 VerifiableModel \u2192 verify_once\n================================================================================\n\n[vnnlib] category=cifar100_2024 max_instances=1 mode=hybridz (full TOP1_ROBUST via labeled_tensor collapse; device=cuda, timeout=240.0s)\n  [  1/1] cifar100_2024/onnx/CIFAR100_resnet_medium.onnx@vnnlib/CIFAR100_resnet_medium_prop_idx_1190_sidx_8846_eps_0.0039.vnnlib: UNKNOWN (4.0s)  V=0 A=0 U=1 E=0  R=0\n\n[vnnlib/hybridz] FINAL \u2014 total=1 wall=0.1 min\n  UNKNOWN      1\n  [structured] per-instance log \u2192 /data1/Kane/ACT/audit_results/full_vnncomp_20260530T092003Z/cifar100_2024_w0/per_instance_cifar100_2024_20260530T112254803522Z.json\n\n================================================================================\nVERIFICATION TEST SUMMARY\n================================================================================\n  \u2705 vnnlib                    PASSED\n================================================================================\n\n"
}
{
  "benchmark": "cifar100_2024",
  "instance_id": 31,
  "status": "OK",
  "cli_normalized": "OK",
  "wall_s": 12.005545351072215,
  "peak_rss_mb": 2149.78515625,
  "returncode": 0,
  "per_instance_json": "/data1/Kane/ACT/audit_results/full_vnncomp_20260530T092003Z/cifar100_2024_w0/per_instance_cifar100_2024_20260530T112306899277Z.json",
  "out_dir": "/data1/Kane/ACT/audit_results/full_vnncomp_20260530T092003Z/cifar100_2024_w0",
  "stdout_tail": "a_model_loader:  \u2713 Parsed VNNLIB: 3072 inputs, 100 outputs\nINFO:act.front_end.vnnlib_loader.data_model_loader:  \u2713 Ground truth label: 25\nINFO:act.front_end.vnnlib_loader.data_model_loader:Successfully loaded VNNLIB instance from 'cifar100_2024'\nINFO:act.front_end.vnnlib_loader.vnnlib_parser:Parsed CIFAR100_resnet_medium_prop_idx_7569_sidx_2906_eps_0.0039.vnnlib: 1 query(ies)\nINFO:act.back_end.solver.solver_hz:large_cls_proof_mode ACTIVE: conv=19 out_dim=100 relus=10 (triangle for relu 1..9, eq_lagr_v8 for last 1)\n[ACT] Using existing Gurobi license: ../ACT/modules/gurobi/gurobi.lic\n\u2705 Device Manager Initialized: device=cuda:0, dtype=torch.float64\n\n================================================================================\nACT: Abstract Constraint Transformer\nInference-based whitebox fuzzing for neural network verification\n================================================================================\n\n\n================================================================================\nVERIFICATION TEST: VNNLIB \u2192 VerifiableModel \u2192 verify_once\n================================================================================\n\n[vnnlib] category=cifar100_2024 max_instances=1 mode=hybridz (full TOP1_ROBUST via labeled_tensor collapse; device=cuda, timeout=240.0s)\n  [  1/1] cifar100_2024/onnx/CIFAR100_resnet_medium.onnx@vnnlib/CIFAR100_resnet_medium_prop_idx_7569_sidx_2906_eps_0.0039.vnnlib: UNKNOWN (8.6s)  V=0 A=0 U=1 E=0  R=0\n\n[vnnlib/hybridz] FINAL \u2014 total=1 wall=0.1 min\n  UNKNOWN      1\n  [structured] per-instance log \u2192 /data1/Kane/ACT/audit_results/full_vnncomp_20260530T092003Z/cifar100_2024_w0/per_instance_cifar100_2024_20260530T112306899277Z.json\n\n================================================================================\nVERIFICATION TEST SUMMARY\n================================================================================\n  \u2705 vnnlib                    PASSED\n================================================================================\n\n"
}
{
  "benchmark": "cifar100_2024",
  "instance_id": 32,
  "status": "OK",
  "cli_normalized": "OK",
  "wall_s": 7.503678578999825,
  "peak_rss_mb": 1915.6484375,
  "returncode": 0,
  "per_instance_json": "/data1/Kane/ACT/audit_results/full_vnncomp_20260530T092003Z/cifar100_2024_w0/per_instance_cifar100_2024_20260530T112314438619Z.json",
  "out_dir": "/data1/Kane/ACT/audit_results/full_vnncomp_20260530T092003Z/cifar100_2024_w0",
  "stdout_tail": "a_model_loader:  \u2713 Parsed VNNLIB: 3072 inputs, 100 outputs\nINFO:act.front_end.vnnlib_loader.data_model_loader:  \u2713 Ground truth label: 18\nINFO:act.front_end.vnnlib_loader.data_model_loader:Successfully loaded VNNLIB instance from 'cifar100_2024'\nINFO:act.front_end.vnnlib_loader.vnnlib_parser:Parsed CIFAR100_resnet_medium_prop_idx_9897_sidx_9124_eps_0.0039.vnnlib: 1 query(ies)\nINFO:act.back_end.solver.solver_hz:large_cls_proof_mode ACTIVE: conv=19 out_dim=100 relus=10 (triangle for relu 1..9, eq_lagr_v8 for last 1)\n[ACT] Using existing Gurobi license: ../ACT/modules/gurobi/gurobi.lic\n\u2705 Device Manager Initialized: device=cuda:0, dtype=torch.float64\n\n================================================================================\nACT: Abstract Constraint Transformer\nInference-based whitebox fuzzing for neural network verification\n================================================================================\n\n\n================================================================================\nVERIFICATION TEST: VNNLIB \u2192 VerifiableModel \u2192 verify_once\n================================================================================\n\n[vnnlib] category=cifar100_2024 max_instances=1 mode=hybridz (full TOP1_ROBUST via labeled_tensor collapse; device=cuda, timeout=240.0s)\n  [  1/1] cifar100_2024/onnx/CIFAR100_resnet_medium.onnx@vnnlib/CIFAR100_resnet_medium_prop_idx_9897_sidx_9124_eps_0.0039.vnnlib: UNKNOWN (4.0s)  V=0 A=0 U=1 E=0  R=0\n\n[vnnlib/hybridz] FINAL \u2014 total=1 wall=0.1 min\n  UNKNOWN      1\n  [structured] per-instance log \u2192 /data1/Kane/ACT/audit_results/full_vnncomp_20260530T092003Z/cifar100_2024_w0/per_instance_cifar100_2024_20260530T112314438619Z.json\n\n================================================================================\nVERIFICATION TEST SUMMARY\n================================================================================\n  \u2705 vnnlib                    PASSED\n================================================================================\n\n"
}
{
  "benchmark": "cifar100_2024",
  "instance_id": 33,
  "status": "EXIT_NONZERO",
  "cli_normalized": "ERROR_WATCHDOG_EXIT_NONZERO",
  "wall_s": 6.50351976393722,
  "peak_rss_mb": 1230.6171875,
  "returncode": 1,
  "per_instance_json": "/data1/Kane/ACT/audit_results/full_vnncomp_20260530T092003Z/cifar100_2024_w0/per_instance_cifar100_2024_watchdog_iid33_20260530T112321977068Z.json",
  "out_dir": "/data1/Kane/ACT/audit_results/full_vnncomp_20260530T092003Z/cifar100_2024_w0",
  "stdout_tail": "=torch.float64\n\n================================================================================\nACT: Abstract Constraint Transformer\nInference-based whitebox fuzzing for neural network verification\n================================================================================\n\n\n================================================================================\nVERIFICATION TEST: VNNLIB \u2192 VerifiableModel \u2192 verify_once\n================================================================================\n\n[vnnlib] category=cifar100_2024 max_instances=1 mode=hybridz (full TOP1_ROBUST via labeled_tensor collapse; device=cuda, timeout=240.0s)\n  [  1/1] cifar100_2024/onnx/CIFAR100_resnet_medium.onnx@vnnlib/CIFAR100_resnet_medium_prop_idx_5831_sidx_5506_eps_0.0039.vnnlib: ERROR_OutOfMemoryError (3.4s)  V=0 A=0 U=0 E=1  R=0\nTraceback (most recent call last):\n  File \"/data1/Kane/ACT/act/pipeline/cli.py\", line 1371, in cmd_verify\n    _run_vnnlib_verify(args)\n  File \"/data1/Kane/ACT/act/pipeline/cli.py\", line 549, in _run_vnnlib_verify\n    return _run_vnnlib_verify_hybridz(args)\n           ^^^^^^^^^^^^^^^^^^^^^^^^^^^^^^^^\n  File \"/data1/Kane/ACT/act/pipeline/cli.py\", line 1256, in _run_vnnlib_verify_hybridz\n    raise RuntimeError(\nRuntimeError: VERIFICATION_RUN_FAILED: ERROR=1. Per-instance log preserved; inspect instance error fields.\n\n[vnnlib/hybridz] FINAL \u2014 total=1 wall=0.1 min\n  ERROR        1\n  [structured] per-instance log \u2192 /data1/Kane/ACT/audit_results/full_vnncomp_20260530T092003Z/cifar100_2024_w0/per_instance_cifar100_2024_20260530T112321067536Z.json\n\n\u274c Test failed: VERIFICATION_RUN_FAILED: ERROR=1. Per-instance log preserved; inspect instance error fields.\n\n================================================================================\nVERIFICATION TEST SUMMARY\n================================================================================\n  \u274c vnnlib                    FAILED\n================================================================================\n\n"
}
{
  "benchmark": "cifar100_2024",
  "instance_id": 34,
  "status": "OK",
  "cli_normalized": "OK",
  "wall_s": 9.00446315004956,
  "peak_rss_mb": 1899.09765625,
  "returncode": 0,
  "per_instance_json": "/data1/Kane/ACT/audit_results/full_vnncomp_20260530T092003Z/cifar100_2024_w0/per_instance_cifar100_2024_20260530T112329898744Z.json",
  "out_dir": "/data1/Kane/ACT/audit_results/full_vnncomp_20260530T092003Z/cifar100_2024_w0",
  "stdout_tail": "a_model_loader:  \u2713 Parsed VNNLIB: 3072 inputs, 100 outputs\nINFO:act.front_end.vnnlib_loader.data_model_loader:  \u2713 Ground truth label: 17\nINFO:act.front_end.vnnlib_loader.data_model_loader:Successfully loaded VNNLIB instance from 'cifar100_2024'\nINFO:act.front_end.vnnlib_loader.vnnlib_parser:Parsed CIFAR100_resnet_medium_prop_idx_4169_sidx_9758_eps_0.0039.vnnlib: 1 query(ies)\nINFO:act.back_end.solver.solver_hz:large_cls_proof_mode ACTIVE: conv=19 out_dim=100 relus=10 (triangle for relu 1..9, eq_lagr_v8 for last 1)\n[ACT] Using existing Gurobi license: ../ACT/modules/gurobi/gurobi.lic\n\u2705 Device Manager Initialized: device=cuda:0, dtype=torch.float64\n\n================================================================================\nACT: Abstract Constraint Transformer\nInference-based whitebox fuzzing for neural network verification\n================================================================================\n\n\n================================================================================\nVERIFICATION TEST: VNNLIB \u2192 VerifiableModel \u2192 verify_once\n================================================================================\n\n[vnnlib] category=cifar100_2024 max_instances=1 mode=hybridz (full TOP1_ROBUST via labeled_tensor collapse; device=cuda, timeout=240.0s)\n  [  1/1] cifar100_2024/onnx/CIFAR100_resnet_medium.onnx@vnnlib/CIFAR100_resnet_medium_prop_idx_4169_sidx_9758_eps_0.0039.vnnlib: UNKNOWN (5.6s)  V=0 A=0 U=1 E=0  R=0\n\n[vnnlib/hybridz] FINAL \u2014 total=1 wall=0.1 min\n  UNKNOWN      1\n  [structured] per-instance log \u2192 /data1/Kane/ACT/audit_results/full_vnncomp_20260530T092003Z/cifar100_2024_w0/per_instance_cifar100_2024_20260530T112329898744Z.json\n\n================================================================================\nVERIFICATION TEST SUMMARY\n================================================================================\n  \u2705 vnnlib                    PASSED\n================================================================================\n\n"
}
{
  "benchmark": "cifar100_2024",
  "instance_id": 35,
  "status": "OK",
  "cli_normalized": "OK",
  "wall_s": 10.505930789047852,
  "peak_rss_mb": 2044.1875,
  "returncode": 0,
  "per_instance_json": "/data1/Kane/ACT/audit_results/full_vnncomp_20260530T092003Z/cifar100_2024_w0/per_instance_cifar100_2024_20260530T112340298997Z.json",
  "out_dir": "/data1/Kane/ACT/audit_results/full_vnncomp_20260530T092003Z/cifar100_2024_w0",
  "stdout_tail": "a_model_loader:  \u2713 Parsed VNNLIB: 3072 inputs, 100 outputs\nINFO:act.front_end.vnnlib_loader.data_model_loader:  \u2713 Ground truth label: 49\nINFO:act.front_end.vnnlib_loader.data_model_loader:Successfully loaded VNNLIB instance from 'cifar100_2024'\nINFO:act.front_end.vnnlib_loader.vnnlib_parser:Parsed CIFAR100_resnet_medium_prop_idx_8196_sidx_3864_eps_0.0039.vnnlib: 1 query(ies)\nINFO:act.back_end.solver.solver_hz:large_cls_proof_mode ACTIVE: conv=19 out_dim=100 relus=10 (triangle for relu 1..9, eq_lagr_v8 for last 1)\n[ACT] Using existing Gurobi license: ../ACT/modules/gurobi/gurobi.lic\n\u2705 Device Manager Initialized: device=cuda:0, dtype=torch.float64\n\n================================================================================\nACT: Abstract Constraint Transformer\nInference-based whitebox fuzzing for neural network verification\n================================================================================\n\n\n================================================================================\nVERIFICATION TEST: VNNLIB \u2192 VerifiableModel \u2192 verify_once\n================================================================================\n\n[vnnlib] category=cifar100_2024 max_instances=1 mode=hybridz (full TOP1_ROBUST via labeled_tensor collapse; device=cuda, timeout=240.0s)\n  [  1/1] cifar100_2024/onnx/CIFAR100_resnet_medium.onnx@vnnlib/CIFAR100_resnet_medium_prop_idx_8196_sidx_3864_eps_0.0039.vnnlib: UNKNOWN (7.1s)  V=0 A=0 U=1 E=0  R=0\n\n[vnnlib/hybridz] FINAL \u2014 total=1 wall=0.1 min\n  UNKNOWN      1\n  [structured] per-instance log \u2192 /data1/Kane/ACT/audit_results/full_vnncomp_20260530T092003Z/cifar100_2024_w0/per_instance_cifar100_2024_20260530T112340298997Z.json\n\n================================================================================\nVERIFICATION TEST SUMMARY\n================================================================================\n  \u2705 vnnlib                    PASSED\n================================================================================\n\n"
}
{
  "benchmark": "cifar100_2024",
  "instance_id": 36,
  "status": "EXIT_NONZERO",
  "cli_normalized": "ERROR_WATCHDOG_EXIT_NONZERO",
  "wall_s": 6.0032418119953945,
  "peak_rss_mb": 1022.39453125,
  "returncode": 1,
  "per_instance_json": "/data1/Kane/ACT/audit_results/full_vnncomp_20260530T092003Z/cifar100_2024_w0/per_instance_cifar100_2024_watchdog_iid36_20260530T112347493669Z.json",
  "out_dir": "/data1/Kane/ACT/audit_results/full_vnncomp_20260530T092003Z/cifar100_2024_w0",
  "stdout_tail": "type=torch.float64\n\n================================================================================\nACT: Abstract Constraint Transformer\nInference-based whitebox fuzzing for neural network verification\n================================================================================\n\n\n================================================================================\nVERIFICATION TEST: VNNLIB \u2192 VerifiableModel \u2192 verify_once\n================================================================================\n\n[vnnlib] category=cifar100_2024 max_instances=1 mode=hybridz (full TOP1_ROBUST via labeled_tensor collapse; device=cuda, timeout=240.0s)\n  [  1/1] cifar100_2024/onnx/CIFAR100_resnet_medium.onnx@vnnlib/CIFAR100_resnet_medium_prop_idx_6583_sidx_8860_eps_0.0039.vnnlib: ERROR_RuntimeError (2.4s)  V=0 A=0 U=0 E=1  R=0\nTraceback (most recent call last):\n  File \"/data1/Kane/ACT/act/pipeline/cli.py\", line 1371, in cmd_verify\n    _run_vnnlib_verify(args)\n  File \"/data1/Kane/ACT/act/pipeline/cli.py\", line 549, in _run_vnnlib_verify\n    return _run_vnnlib_verify_hybridz(args)\n           ^^^^^^^^^^^^^^^^^^^^^^^^^^^^^^^^\n  File \"/data1/Kane/ACT/act/pipeline/cli.py\", line 1256, in _run_vnnlib_verify_hybridz\n    raise RuntimeError(\nRuntimeError: VERIFICATION_RUN_FAILED: ERROR=1. Per-instance log preserved; inspect instance error fields.\n\n[vnnlib/hybridz] FINAL \u2014 total=1 wall=0.0 min\n  ERROR        1\n  [structured] per-instance log \u2192 /data1/Kane/ACT/audit_results/full_vnncomp_20260530T092003Z/cifar100_2024_w0/per_instance_cifar100_2024_20260530T112346246476Z.json\n\n\u274c Test failed: VERIFICATION_RUN_FAILED: ERROR=1. Per-instance log preserved; inspect instance error fields.\n\n================================================================================\nVERIFICATION TEST SUMMARY\n================================================================================\n  \u274c vnnlib                    FAILED\n================================================================================\n\n"
}
{
  "benchmark": "cifar100_2024",
  "instance_id": 37,
  "status": "OK",
  "cli_normalized": "OK",
  "wall_s": 8.004385609994642,
  "peak_rss_mb": 1933.4921875,
  "returncode": 0,
  "per_instance_json": "/data1/Kane/ACT/audit_results/full_vnncomp_20260530T092003Z/cifar100_2024_w0/per_instance_cifar100_2024_20260530T112354531564Z.json",
  "out_dir": "/data1/Kane/ACT/audit_results/full_vnncomp_20260530T092003Z/cifar100_2024_w0",
  "stdout_tail": "a_model_loader:  \u2713 Parsed VNNLIB: 3072 inputs, 100 outputs\nINFO:act.front_end.vnnlib_loader.data_model_loader:  \u2713 Ground truth label: 85\nINFO:act.front_end.vnnlib_loader.data_model_loader:Successfully loaded VNNLIB instance from 'cifar100_2024'\nINFO:act.front_end.vnnlib_loader.vnnlib_parser:Parsed CIFAR100_resnet_medium_prop_idx_8523_sidx_9936_eps_0.0039.vnnlib: 1 query(ies)\nINFO:act.back_end.solver.solver_hz:large_cls_proof_mode ACTIVE: conv=19 out_dim=100 relus=10 (triangle for relu 1..9, eq_lagr_v8 for last 1)\n[ACT] Using existing Gurobi license: ../ACT/modules/gurobi/gurobi.lic\n\u2705 Device Manager Initialized: device=cuda:0, dtype=torch.float64\n\n================================================================================\nACT: Abstract Constraint Transformer\nInference-based whitebox fuzzing for neural network verification\n================================================================================\n\n\n================================================================================\nVERIFICATION TEST: VNNLIB \u2192 VerifiableModel \u2192 verify_once\n================================================================================\n\n[vnnlib] category=cifar100_2024 max_instances=1 mode=hybridz (full TOP1_ROBUST via labeled_tensor collapse; device=cuda, timeout=240.0s)\n  [  1/1] cifar100_2024/onnx/CIFAR100_resnet_medium.onnx@vnnlib/CIFAR100_resnet_medium_prop_idx_8523_sidx_9936_eps_0.0039.vnnlib: UNKNOWN (4.6s)  V=0 A=0 U=1 E=0  R=0\n\n[vnnlib/hybridz] FINAL \u2014 total=1 wall=0.1 min\n  UNKNOWN      1\n  [structured] per-instance log \u2192 /data1/Kane/ACT/audit_results/full_vnncomp_20260530T092003Z/cifar100_2024_w0/per_instance_cifar100_2024_20260530T112354531564Z.json\n\n================================================================================\nVERIFICATION TEST SUMMARY\n================================================================================\n  \u2705 vnnlib                    PASSED\n================================================================================\n\n"
}
{
  "benchmark": "cifar100_2024",
  "instance_id": 38,
  "status": "OK",
  "cli_normalized": "OK",
  "wall_s": 11.005421560024843,
  "peak_rss_mb": 1939.76171875,
  "returncode": 0,
  "per_instance_json": "/data1/Kane/ACT/audit_results/full_vnncomp_20260530T092003Z/cifar100_2024_w0/per_instance_cifar100_2024_20260530T112405605117Z.json",
  "out_dir": "/data1/Kane/ACT/audit_results/full_vnncomp_20260530T092003Z/cifar100_2024_w0",
  "stdout_tail": "ta_model_loader:  \u2713 Parsed VNNLIB: 3072 inputs, 100 outputs\nINFO:act.front_end.vnnlib_loader.data_model_loader:  \u2713 Ground truth label: 6\nINFO:act.front_end.vnnlib_loader.data_model_loader:Successfully loaded VNNLIB instance from 'cifar100_2024'\nINFO:act.front_end.vnnlib_loader.vnnlib_parser:Parsed CIFAR100_resnet_medium_prop_idx_3418_sidx_4225_eps_0.0039.vnnlib: 1 query(ies)\nINFO:act.back_end.solver.solver_hz:large_cls_proof_mode ACTIVE: conv=19 out_dim=100 relus=10 (triangle for relu 1..9, eq_lagr_v8 for last 1)\n[ACT] Using existing Gurobi license: ../ACT/modules/gurobi/gurobi.lic\n\u2705 Device Manager Initialized: device=cuda:0, dtype=torch.float64\n\n================================================================================\nACT: Abstract Constraint Transformer\nInference-based whitebox fuzzing for neural network verification\n================================================================================\n\n\n================================================================================\nVERIFICATION TEST: VNNLIB \u2192 VerifiableModel \u2192 verify_once\n================================================================================\n\n[vnnlib] category=cifar100_2024 max_instances=1 mode=hybridz (full TOP1_ROBUST via labeled_tensor collapse; device=cuda, timeout=240.0s)\n  [  1/1] cifar100_2024/onnx/CIFAR100_resnet_medium.onnx@vnnlib/CIFAR100_resnet_medium_prop_idx_3418_sidx_4225_eps_0.0039.vnnlib: UNKNOWN (7.8s)  V=0 A=0 U=1 E=0  R=0\n\n[vnnlib/hybridz] FINAL \u2014 total=1 wall=0.1 min\n  UNKNOWN      1\n  [structured] per-instance log \u2192 /data1/Kane/ACT/audit_results/full_vnncomp_20260530T092003Z/cifar100_2024_w0/per_instance_cifar100_2024_20260530T112405605117Z.json\n\n================================================================================\nVERIFICATION TEST SUMMARY\n================================================================================\n  \u2705 vnnlib                    PASSED\n================================================================================\n\n"
}
{
  "benchmark": "cifar100_2024",
  "instance_id": 39,
  "status": "OK",
  "cli_normalized": "OK",
  "wall_s": 8.003685152973048,
  "peak_rss_mb": 1933.52734375,
  "returncode": 0,
  "per_instance_json": "/data1/Kane/ACT/audit_results/full_vnncomp_20260530T092003Z/cifar100_2024_w0/per_instance_cifar100_2024_20260530T112413202136Z.json",
  "out_dir": "/data1/Kane/ACT/audit_results/full_vnncomp_20260530T092003Z/cifar100_2024_w0",
  "stdout_tail": "a_model_loader:  \u2713 Parsed VNNLIB: 3072 inputs, 100 outputs\nINFO:act.front_end.vnnlib_loader.data_model_loader:  \u2713 Ground truth label: 11\nINFO:act.front_end.vnnlib_loader.data_model_loader:Successfully loaded VNNLIB instance from 'cifar100_2024'\nINFO:act.front_end.vnnlib_loader.vnnlib_parser:Parsed CIFAR100_resnet_medium_prop_idx_7431_sidx_7329_eps_0.0039.vnnlib: 1 query(ies)\nINFO:act.back_end.solver.solver_hz:large_cls_proof_mode ACTIVE: conv=19 out_dim=100 relus=10 (triangle for relu 1..9, eq_lagr_v8 for last 1)\n[ACT] Using existing Gurobi license: ../ACT/modules/gurobi/gurobi.lic\n\u2705 Device Manager Initialized: device=cuda:0, dtype=torch.float64\n\n================================================================================\nACT: Abstract Constraint Transformer\nInference-based whitebox fuzzing for neural network verification\n================================================================================\n\n\n================================================================================\nVERIFICATION TEST: VNNLIB \u2192 VerifiableModel \u2192 verify_once\n================================================================================\n\n[vnnlib] category=cifar100_2024 max_instances=1 mode=hybridz (full TOP1_ROBUST via labeled_tensor collapse; device=cuda, timeout=240.0s)\n  [  1/1] cifar100_2024/onnx/CIFAR100_resnet_medium.onnx@vnnlib/CIFAR100_resnet_medium_prop_idx_7431_sidx_7329_eps_0.0039.vnnlib: UNKNOWN (4.3s)  V=0 A=0 U=1 E=0  R=0\n\n[vnnlib/hybridz] FINAL \u2014 total=1 wall=0.1 min\n  UNKNOWN      1\n  [structured] per-instance log \u2192 /data1/Kane/ACT/audit_results/full_vnncomp_20260530T092003Z/cifar100_2024_w0/per_instance_cifar100_2024_20260530T112413202136Z.json\n\n================================================================================\nVERIFICATION TEST SUMMARY\n================================================================================\n  \u2705 vnnlib                    PASSED\n================================================================================\n\n"
}
{
  "benchmark": "cifar100_2024",
  "instance_id": 40,
  "status": "EXIT_NONZERO",
  "cli_normalized": "ERROR_WATCHDOG_EXIT_NONZERO",
  "wall_s": 10.504510274040513,
  "peak_rss_mb": 1894.0234375,
  "returncode": 1,
  "per_instance_json": "/data1/Kane/ACT/audit_results/full_vnncomp_20260530T092003Z/cifar100_2024_w0/per_instance_cifar100_2024_watchdog_iid40_20260530T112425013884Z.json",
  "out_dir": "/data1/Kane/ACT/audit_results/full_vnncomp_20260530T092003Z/cifar100_2024_w0",
  "stdout_tail": "=torch.float64\n\n================================================================================\nACT: Abstract Constraint Transformer\nInference-based whitebox fuzzing for neural network verification\n================================================================================\n\n\n================================================================================\nVERIFICATION TEST: VNNLIB \u2192 VerifiableModel \u2192 verify_once\n================================================================================\n\n[vnnlib] category=cifar100_2024 max_instances=1 mode=hybridz (full TOP1_ROBUST via labeled_tensor collapse; device=cuda, timeout=240.0s)\n  [  1/1] cifar100_2024/onnx/CIFAR100_resnet_medium.onnx@vnnlib/CIFAR100_resnet_medium_prop_idx_6010_sidx_5369_eps_0.0039.vnnlib: ERROR_OutOfMemoryError (6.7s)  V=0 A=0 U=0 E=1  R=0\nTraceback (most recent call last):\n  File \"/data1/Kane/ACT/act/pipeline/cli.py\", line 1371, in cmd_verify\n    _run_vnnlib_verify(args)\n  File \"/data1/Kane/ACT/act/pipeline/cli.py\", line 549, in _run_vnnlib_verify\n    return _run_vnnlib_verify_hybridz(args)\n           ^^^^^^^^^^^^^^^^^^^^^^^^^^^^^^^^\n  File \"/data1/Kane/ACT/act/pipeline/cli.py\", line 1256, in _run_vnnlib_verify_hybridz\n    raise RuntimeError(\nRuntimeError: VERIFICATION_RUN_FAILED: ERROR=1. Per-instance log preserved; inspect instance error fields.\n\n[vnnlib/hybridz] FINAL \u2014 total=1 wall=0.1 min\n  ERROR        1\n  [structured] per-instance log \u2192 /data1/Kane/ACT/audit_results/full_vnncomp_20260530T092003Z/cifar100_2024_w0/per_instance_cifar100_2024_20260530T112423658709Z.json\n\n\u274c Test failed: VERIFICATION_RUN_FAILED: ERROR=1. Per-instance log preserved; inspect instance error fields.\n\n================================================================================\nVERIFICATION TEST SUMMARY\n================================================================================\n  \u274c vnnlib                    FAILED\n================================================================================\n\n"
}
{
  "benchmark": "cifar100_2024",
  "instance_id": 41,
  "status": "OK",
  "cli_normalized": "OK",
  "wall_s": 8.004300729022361,
  "peak_rss_mb": 1926.42578125,
  "returncode": 0,
  "per_instance_json": "/data1/Kane/ACT/audit_results/full_vnncomp_20260530T092003Z/cifar100_2024_w0/per_instance_cifar100_2024_20260530T112432071678Z.json",
  "out_dir": "/data1/Kane/ACT/audit_results/full_vnncomp_20260530T092003Z/cifar100_2024_w0",
  "stdout_tail": "ata_model_loader:  \u2713 Parsed VNNLIB: 3072 inputs, 100 outputs\nINFO:act.front_end.vnnlib_loader.data_model_loader:  \u2713 Ground truth label: 46\nINFO:act.front_end.vnnlib_loader.data_model_loader:Successfully loaded VNNLIB instance from 'cifar100_2024'\nINFO:act.front_end.vnnlib_loader.vnnlib_parser:Parsed CIFAR100_resnet_medium_prop_idx_5127_sidx_993_eps_0.0039.vnnlib: 1 query(ies)\nINFO:act.back_end.solver.solver_hz:large_cls_proof_mode ACTIVE: conv=19 out_dim=100 relus=10 (triangle for relu 1..9, eq_lagr_v8 for last 1)\n[ACT] Using existing Gurobi license: ../ACT/modules/gurobi/gurobi.lic\n\u2705 Device Manager Initialized: device=cuda:0, dtype=torch.float64\n\n================================================================================\nACT: Abstract Constraint Transformer\nInference-based whitebox fuzzing for neural network verification\n================================================================================\n\n\n================================================================================\nVERIFICATION TEST: VNNLIB \u2192 VerifiableModel \u2192 verify_once\n================================================================================\n\n[vnnlib] category=cifar100_2024 max_instances=1 mode=hybridz (full TOP1_ROBUST via labeled_tensor collapse; device=cuda, timeout=240.0s)\n  [  1/1] cifar100_2024/onnx/CIFAR100_resnet_medium.onnx@vnnlib/CIFAR100_resnet_medium_prop_idx_5127_sidx_993_eps_0.0039.vnnlib: UNKNOWN (4.7s)  V=0 A=0 U=1 E=0  R=0\n\n[vnnlib/hybridz] FINAL \u2014 total=1 wall=0.1 min\n  UNKNOWN      1\n  [structured] per-instance log \u2192 /data1/Kane/ACT/audit_results/full_vnncomp_20260530T092003Z/cifar100_2024_w0/per_instance_cifar100_2024_20260530T112432071678Z.json\n\n================================================================================\nVERIFICATION TEST SUMMARY\n================================================================================\n  \u2705 vnnlib                    PASSED\n================================================================================\n\n"
}
{
  "benchmark": "cifar100_2024",
  "instance_id": 42,
  "status": "OK",
  "cli_normalized": "OK",
  "wall_s": 12.006104920990765,
  "peak_rss_mb": 1975.078125,
  "returncode": 0,
  "per_instance_json": "/data1/Kane/ACT/audit_results/full_vnncomp_20260530T092003Z/cifar100_2024_w0/per_instance_cifar100_2024_20260530T112443990139Z.json",
  "out_dir": "/data1/Kane/ACT/audit_results/full_vnncomp_20260530T092003Z/cifar100_2024_w0",
  "stdout_tail": "a_model_loader:  \u2713 Parsed VNNLIB: 3072 inputs, 100 outputs\nINFO:act.front_end.vnnlib_loader.data_model_loader:  \u2713 Ground truth label: 37\nINFO:act.front_end.vnnlib_loader.data_model_loader:Successfully loaded VNNLIB instance from 'cifar100_2024'\nINFO:act.front_end.vnnlib_loader.vnnlib_parser:Parsed CIFAR100_resnet_medium_prop_idx_6263_sidx_7644_eps_0.0039.vnnlib: 1 query(ies)\nINFO:act.back_end.solver.solver_hz:large_cls_proof_mode ACTIVE: conv=19 out_dim=100 relus=10 (triangle for relu 1..9, eq_lagr_v8 for last 1)\n[ACT] Using existing Gurobi license: ../ACT/modules/gurobi/gurobi.lic\n\u2705 Device Manager Initialized: device=cuda:0, dtype=torch.float64\n\n================================================================================\nACT: Abstract Constraint Transformer\nInference-based whitebox fuzzing for neural network verification\n================================================================================\n\n\n================================================================================\nVERIFICATION TEST: VNNLIB \u2192 VerifiableModel \u2192 verify_once\n================================================================================\n\n[vnnlib] category=cifar100_2024 max_instances=1 mode=hybridz (full TOP1_ROBUST via labeled_tensor collapse; device=cuda, timeout=240.0s)\n  [  1/1] cifar100_2024/onnx/CIFAR100_resnet_medium.onnx@vnnlib/CIFAR100_resnet_medium_prop_idx_6263_sidx_7644_eps_0.0039.vnnlib: UNKNOWN (8.6s)  V=0 A=0 U=1 E=0  R=0\n\n[vnnlib/hybridz] FINAL \u2014 total=1 wall=0.1 min\n  UNKNOWN      1\n  [structured] per-instance log \u2192 /data1/Kane/ACT/audit_results/full_vnncomp_20260530T092003Z/cifar100_2024_w0/per_instance_cifar100_2024_20260530T112443990139Z.json\n\n================================================================================\nVERIFICATION TEST SUMMARY\n================================================================================\n  \u2705 vnnlib                    PASSED\n================================================================================\n\n"
}
{
  "benchmark": "cifar100_2024",
  "instance_id": 43,
  "status": "OK",
  "cli_normalized": "OK",
  "wall_s": 7.504015112994239,
  "peak_rss_mb": 1897.0546875,
  "returncode": 0,
  "per_instance_json": "/data1/Kane/ACT/audit_results/full_vnncomp_20260530T092003Z/cifar100_2024_w0/per_instance_cifar100_2024_20260530T112451518044Z.json",
  "out_dir": "/data1/Kane/ACT/audit_results/full_vnncomp_20260530T092003Z/cifar100_2024_w0",
  "stdout_tail": "a_model_loader:  \u2713 Parsed VNNLIB: 3072 inputs, 100 outputs\nINFO:act.front_end.vnnlib_loader.data_model_loader:  \u2713 Ground truth label: 51\nINFO:act.front_end.vnnlib_loader.data_model_loader:Successfully loaded VNNLIB instance from 'cifar100_2024'\nINFO:act.front_end.vnnlib_loader.vnnlib_parser:Parsed CIFAR100_resnet_medium_prop_idx_5001_sidx_1154_eps_0.0039.vnnlib: 1 query(ies)\nINFO:act.back_end.solver.solver_hz:large_cls_proof_mode ACTIVE: conv=19 out_dim=100 relus=10 (triangle for relu 1..9, eq_lagr_v8 for last 1)\n[ACT] Using existing Gurobi license: ../ACT/modules/gurobi/gurobi.lic\n\u2705 Device Manager Initialized: device=cuda:0, dtype=torch.float64\n\n================================================================================\nACT: Abstract Constraint Transformer\nInference-based whitebox fuzzing for neural network verification\n================================================================================\n\n\n================================================================================\nVERIFICATION TEST: VNNLIB \u2192 VerifiableModel \u2192 verify_once\n================================================================================\n\n[vnnlib] category=cifar100_2024 max_instances=1 mode=hybridz (full TOP1_ROBUST via labeled_tensor collapse; device=cuda, timeout=240.0s)\n  [  1/1] cifar100_2024/onnx/CIFAR100_resnet_medium.onnx@vnnlib/CIFAR100_resnet_medium_prop_idx_5001_sidx_1154_eps_0.0039.vnnlib: UNKNOWN (4.2s)  V=0 A=0 U=1 E=0  R=0\n\n[vnnlib/hybridz] FINAL \u2014 total=1 wall=0.1 min\n  UNKNOWN      1\n  [structured] per-instance log \u2192 /data1/Kane/ACT/audit_results/full_vnncomp_20260530T092003Z/cifar100_2024_w0/per_instance_cifar100_2024_20260530T112451518044Z.json\n\n================================================================================\nVERIFICATION TEST SUMMARY\n================================================================================\n  \u2705 vnnlib                    PASSED\n================================================================================\n\n"
}
{
  "benchmark": "cifar100_2024",
  "instance_id": 44,
  "status": "OK",
  "cli_normalized": "OK",
  "wall_s": 9.504885161994025,
  "peak_rss_mb": 1893.96875,
  "returncode": 0,
  "per_instance_json": "/data1/Kane/ACT/audit_results/full_vnncomp_20260530T092003Z/cifar100_2024_w0/per_instance_cifar100_2024_20260530T112500820039Z.json",
  "out_dir": "/data1/Kane/ACT/audit_results/full_vnncomp_20260530T092003Z/cifar100_2024_w0",
  "stdout_tail": "ata_model_loader:  \u2713 Parsed VNNLIB: 3072 inputs, 100 outputs\nINFO:act.front_end.vnnlib_loader.data_model_loader:  \u2713 Ground truth label: 30\nINFO:act.front_end.vnnlib_loader.data_model_loader:Successfully loaded VNNLIB instance from 'cifar100_2024'\nINFO:act.front_end.vnnlib_loader.vnnlib_parser:Parsed CIFAR100_resnet_medium_prop_idx_4597_sidx_282_eps_0.0039.vnnlib: 1 query(ies)\nINFO:act.back_end.solver.solver_hz:large_cls_proof_mode ACTIVE: conv=19 out_dim=100 relus=10 (triangle for relu 1..9, eq_lagr_v8 for last 1)\n[ACT] Using existing Gurobi license: ../ACT/modules/gurobi/gurobi.lic\n\u2705 Device Manager Initialized: device=cuda:0, dtype=torch.float64\n\n================================================================================\nACT: Abstract Constraint Transformer\nInference-based whitebox fuzzing for neural network verification\n================================================================================\n\n\n================================================================================\nVERIFICATION TEST: VNNLIB \u2192 VerifiableModel \u2192 verify_once\n================================================================================\n\n[vnnlib] category=cifar100_2024 max_instances=1 mode=hybridz (full TOP1_ROBUST via labeled_tensor collapse; device=cuda, timeout=240.0s)\n  [  1/1] cifar100_2024/onnx/CIFAR100_resnet_medium.onnx@vnnlib/CIFAR100_resnet_medium_prop_idx_4597_sidx_282_eps_0.0039.vnnlib: UNKNOWN (6.0s)  V=0 A=0 U=1 E=0  R=0\n\n[vnnlib/hybridz] FINAL \u2014 total=1 wall=0.1 min\n  UNKNOWN      1\n  [structured] per-instance log \u2192 /data1/Kane/ACT/audit_results/full_vnncomp_20260530T092003Z/cifar100_2024_w0/per_instance_cifar100_2024_20260530T112500820039Z.json\n\n================================================================================\nVERIFICATION TEST SUMMARY\n================================================================================\n  \u2705 vnnlib                    PASSED\n================================================================================\n\n"
}
{
  "benchmark": "cifar100_2024",
  "instance_id": 45,
  "status": "OK",
  "cli_normalized": "OK",
  "wall_s": 9.504407104919665,
  "peak_rss_mb": 2134.6015625,
  "returncode": 0,
  "per_instance_json": "/data1/Kane/ACT/audit_results/full_vnncomp_20260530T092003Z/cifar100_2024_w0/per_instance_cifar100_2024_20260530T112510622906Z.json",
  "out_dir": "/data1/Kane/ACT/audit_results/full_vnncomp_20260530T092003Z/cifar100_2024_w0",
  "stdout_tail": "a_model_loader:  \u2713 Parsed VNNLIB: 3072 inputs, 100 outputs\nINFO:act.front_end.vnnlib_loader.data_model_loader:  \u2713 Ground truth label: 74\nINFO:act.front_end.vnnlib_loader.data_model_loader:Successfully loaded VNNLIB instance from 'cifar100_2024'\nINFO:act.front_end.vnnlib_loader.vnnlib_parser:Parsed CIFAR100_resnet_medium_prop_idx_3184_sidx_9092_eps_0.0039.vnnlib: 1 query(ies)\nINFO:act.back_end.solver.solver_hz:large_cls_proof_mode ACTIVE: conv=19 out_dim=100 relus=10 (triangle for relu 1..9, eq_lagr_v8 for last 1)\n[ACT] Using existing Gurobi license: ../ACT/modules/gurobi/gurobi.lic\n\u2705 Device Manager Initialized: device=cuda:0, dtype=torch.float64\n\n================================================================================\nACT: Abstract Constraint Transformer\nInference-based whitebox fuzzing for neural network verification\n================================================================================\n\n\n================================================================================\nVERIFICATION TEST: VNNLIB \u2192 VerifiableModel \u2192 verify_once\n================================================================================\n\n[vnnlib] category=cifar100_2024 max_instances=1 mode=hybridz (full TOP1_ROBUST via labeled_tensor collapse; device=cuda, timeout=240.0s)\n  [  1/1] cifar100_2024/onnx/CIFAR100_resnet_medium.onnx@vnnlib/CIFAR100_resnet_medium_prop_idx_3184_sidx_9092_eps_0.0039.vnnlib: UNKNOWN (6.4s)  V=0 A=0 U=1 E=0  R=0\n\n[vnnlib/hybridz] FINAL \u2014 total=1 wall=0.1 min\n  UNKNOWN      1\n  [structured] per-instance log \u2192 /data1/Kane/ACT/audit_results/full_vnncomp_20260530T092003Z/cifar100_2024_w0/per_instance_cifar100_2024_20260530T112510622906Z.json\n\n================================================================================\nVERIFICATION TEST SUMMARY\n================================================================================\n  \u2705 vnnlib                    PASSED\n================================================================================\n\n"
}
{
  "benchmark": "cifar100_2024",
  "instance_id": 46,
  "status": "OK",
  "cli_normalized": "OK",
  "wall_s": 7.503912621061318,
  "peak_rss_mb": 1900.81640625,
  "returncode": 0,
  "per_instance_json": "/data1/Kane/ACT/audit_results/full_vnncomp_20260530T092003Z/cifar100_2024_w0/per_instance_cifar100_2024_20260530T112517950999Z.json",
  "out_dir": "/data1/Kane/ACT/audit_results/full_vnncomp_20260530T092003Z/cifar100_2024_w0",
  "stdout_tail": "a_model_loader:  \u2713 Parsed VNNLIB: 3072 inputs, 100 outputs\nINFO:act.front_end.vnnlib_loader.data_model_loader:  \u2713 Ground truth label: 14\nINFO:act.front_end.vnnlib_loader.data_model_loader:Successfully loaded VNNLIB instance from 'cifar100_2024'\nINFO:act.front_end.vnnlib_loader.vnnlib_parser:Parsed CIFAR100_resnet_medium_prop_idx_3343_sidx_1406_eps_0.0039.vnnlib: 1 query(ies)\nINFO:act.back_end.solver.solver_hz:large_cls_proof_mode ACTIVE: conv=19 out_dim=100 relus=10 (triangle for relu 1..9, eq_lagr_v8 for last 1)\n[ACT] Using existing Gurobi license: ../ACT/modules/gurobi/gurobi.lic\n\u2705 Device Manager Initialized: device=cuda:0, dtype=torch.float64\n\n================================================================================\nACT: Abstract Constraint Transformer\nInference-based whitebox fuzzing for neural network verification\n================================================================================\n\n\n================================================================================\nVERIFICATION TEST: VNNLIB \u2192 VerifiableModel \u2192 verify_once\n================================================================================\n\n[vnnlib] category=cifar100_2024 max_instances=1 mode=hybridz (full TOP1_ROBUST via labeled_tensor collapse; device=cuda, timeout=240.0s)\n  [  1/1] cifar100_2024/onnx/CIFAR100_resnet_medium.onnx@vnnlib/CIFAR100_resnet_medium_prop_idx_3343_sidx_1406_eps_0.0039.vnnlib: UNKNOWN (4.1s)  V=0 A=0 U=1 E=0  R=0\n\n[vnnlib/hybridz] FINAL \u2014 total=1 wall=0.1 min\n  UNKNOWN      1\n  [structured] per-instance log \u2192 /data1/Kane/ACT/audit_results/full_vnncomp_20260530T092003Z/cifar100_2024_w0/per_instance_cifar100_2024_20260530T112517950999Z.json\n\n================================================================================\nVERIFICATION TEST SUMMARY\n================================================================================\n  \u2705 vnnlib                    PASSED\n================================================================================\n\n"
}
{
  "benchmark": "cifar100_2024",
  "instance_id": 47,
  "status": "EXIT_NONZERO",
  "cli_normalized": "ERROR_WATCHDOG_EXIT_NONZERO",
  "wall_s": 9.504720183089375,
  "peak_rss_mb": 1839.921875,
  "returncode": 1,
  "per_instance_json": "/data1/Kane/ACT/audit_results/full_vnncomp_20260530T092003Z/cifar100_2024_w0/per_instance_cifar100_2024_watchdog_iid47_20260530T112528549820Z.json",
  "out_dir": "/data1/Kane/ACT/audit_results/full_vnncomp_20260530T092003Z/cifar100_2024_w0",
  "stdout_tail": "=torch.float64\n\n================================================================================\nACT: Abstract Constraint Transformer\nInference-based whitebox fuzzing for neural network verification\n================================================================================\n\n\n================================================================================\nVERIFICATION TEST: VNNLIB \u2192 VerifiableModel \u2192 verify_once\n================================================================================\n\n[vnnlib] category=cifar100_2024 max_instances=1 mode=hybridz (full TOP1_ROBUST via labeled_tensor collapse; device=cuda, timeout=240.0s)\n  [  1/1] cifar100_2024/onnx/CIFAR100_resnet_medium.onnx@vnnlib/CIFAR100_resnet_medium_prop_idx_8330_sidx_7593_eps_0.0039.vnnlib: ERROR_OutOfMemoryError (6.3s)  V=0 A=0 U=0 E=1  R=0\nTraceback (most recent call last):\n  File \"/data1/Kane/ACT/act/pipeline/cli.py\", line 1371, in cmd_verify\n    _run_vnnlib_verify(args)\n  File \"/data1/Kane/ACT/act/pipeline/cli.py\", line 549, in _run_vnnlib_verify\n    return _run_vnnlib_verify_hybridz(args)\n           ^^^^^^^^^^^^^^^^^^^^^^^^^^^^^^^^\n  File \"/data1/Kane/ACT/act/pipeline/cli.py\", line 1256, in _run_vnnlib_verify_hybridz\n    raise RuntimeError(\nRuntimeError: VERIFICATION_RUN_FAILED: ERROR=1. Per-instance log preserved; inspect instance error fields.\n\n[vnnlib/hybridz] FINAL \u2014 total=1 wall=0.1 min\n  ERROR        1\n  [structured] per-instance log \u2192 /data1/Kane/ACT/audit_results/full_vnncomp_20260530T092003Z/cifar100_2024_w0/per_instance_cifar100_2024_20260530T112527485125Z.json\n\n\u274c Test failed: VERIFICATION_RUN_FAILED: ERROR=1. Per-instance log preserved; inspect instance error fields.\n\n================================================================================\nVERIFICATION TEST SUMMARY\n================================================================================\n  \u274c vnnlib                    FAILED\n================================================================================\n\n"
}
{
  "benchmark": "cifar100_2024",
  "instance_id": 48,
  "status": "OK",
  "cli_normalized": "OK",
  "wall_s": 7.504642623011023,
  "peak_rss_mb": 1953.75,
  "returncode": 0,
  "per_instance_json": "/data1/Kane/ACT/audit_results/full_vnncomp_20260530T092003Z/cifar100_2024_w0/per_instance_cifar100_2024_20260530T112534915750Z.json",
  "out_dir": "/data1/Kane/ACT/audit_results/full_vnncomp_20260530T092003Z/cifar100_2024_w0",
  "stdout_tail": "ta_model_loader:  \u2713 Parsed VNNLIB: 3072 inputs, 100 outputs\nINFO:act.front_end.vnnlib_loader.data_model_loader:  \u2713 Ground truth label: 4\nINFO:act.front_end.vnnlib_loader.data_model_loader:Successfully loaded VNNLIB instance from 'cifar100_2024'\nINFO:act.front_end.vnnlib_loader.vnnlib_parser:Parsed CIFAR100_resnet_medium_prop_idx_5634_sidx_9441_eps_0.0039.vnnlib: 1 query(ies)\nINFO:act.back_end.solver.solver_hz:large_cls_proof_mode ACTIVE: conv=19 out_dim=100 relus=10 (triangle for relu 1..9, eq_lagr_v8 for last 1)\n[ACT] Using existing Gurobi license: ../ACT/modules/gurobi/gurobi.lic\n\u2705 Device Manager Initialized: device=cuda:0, dtype=torch.float64\n\n================================================================================\nACT: Abstract Constraint Transformer\nInference-based whitebox fuzzing for neural network verification\n================================================================================\n\n\n================================================================================\nVERIFICATION TEST: VNNLIB \u2192 VerifiableModel \u2192 verify_once\n================================================================================\n\n[vnnlib] category=cifar100_2024 max_instances=1 mode=hybridz (full TOP1_ROBUST via labeled_tensor collapse; device=cuda, timeout=240.0s)\n  [  1/1] cifar100_2024/onnx/CIFAR100_resnet_medium.onnx@vnnlib/CIFAR100_resnet_medium_prop_idx_5634_sidx_9441_eps_0.0039.vnnlib: UNKNOWN (4.1s)  V=0 A=0 U=1 E=0  R=0\n\n[vnnlib/hybridz] FINAL \u2014 total=1 wall=0.1 min\n  UNKNOWN      1\n  [structured] per-instance log \u2192 /data1/Kane/ACT/audit_results/full_vnncomp_20260530T092003Z/cifar100_2024_w0/per_instance_cifar100_2024_20260530T112534915750Z.json\n\n================================================================================\nVERIFICATION TEST SUMMARY\n================================================================================\n  \u2705 vnnlib                    PASSED\n================================================================================\n\n"
}
{
  "benchmark": "cifar100_2024",
  "instance_id": 49,
  "status": "EXIT_NONZERO",
  "cli_normalized": "ERROR_WATCHDOG_EXIT_NONZERO",
  "wall_s": 11.005554474075325,
  "peak_rss_mb": 1860.8984375,
  "returncode": 1,
  "per_instance_json": "/data1/Kane/ACT/audit_results/full_vnncomp_20260530T092003Z/cifar100_2024_w0/per_instance_cifar100_2024_watchdog_iid49_20260530T112547061191Z.json",
  "out_dir": "/data1/Kane/ACT/audit_results/full_vnncomp_20260530T092003Z/cifar100_2024_w0",
  "stdout_tail": "=torch.float64\n\n================================================================================\nACT: Abstract Constraint Transformer\nInference-based whitebox fuzzing for neural network verification\n================================================================================\n\n\n================================================================================\nVERIFICATION TEST: VNNLIB \u2192 VerifiableModel \u2192 verify_once\n================================================================================\n\n[vnnlib] category=cifar100_2024 max_instances=1 mode=hybridz (full TOP1_ROBUST via labeled_tensor collapse; device=cuda, timeout=240.0s)\n  [  1/1] cifar100_2024/onnx/CIFAR100_resnet_medium.onnx@vnnlib/CIFAR100_resnet_medium_prop_idx_7478_sidx_6593_eps_0.0039.vnnlib: ERROR_OutOfMemoryError (7.6s)  V=0 A=0 U=0 E=1  R=0\nTraceback (most recent call last):\n  File \"/data1/Kane/ACT/act/pipeline/cli.py\", line 1371, in cmd_verify\n    _run_vnnlib_verify(args)\n  File \"/data1/Kane/ACT/act/pipeline/cli.py\", line 549, in _run_vnnlib_verify\n    return _run_vnnlib_verify_hybridz(args)\n           ^^^^^^^^^^^^^^^^^^^^^^^^^^^^^^^^\n  File \"/data1/Kane/ACT/act/pipeline/cli.py\", line 1256, in _run_vnnlib_verify_hybridz\n    raise RuntimeError(\nRuntimeError: VERIFICATION_RUN_FAILED: ERROR=1. Per-instance log preserved; inspect instance error fields.\n\n[vnnlib/hybridz] FINAL \u2014 total=1 wall=0.1 min\n  ERROR        1\n  [structured] per-instance log \u2192 /data1/Kane/ACT/audit_results/full_vnncomp_20260530T092003Z/cifar100_2024_w0/per_instance_cifar100_2024_20260530T112545915914Z.json\n\n\u274c Test failed: VERIFICATION_RUN_FAILED: ERROR=1. Per-instance log preserved; inspect instance error fields.\n\n================================================================================\nVERIFICATION TEST SUMMARY\n================================================================================\n  \u274c vnnlib                    FAILED\n================================================================================\n\n"
}
[watchdog] summary written: /data1/Kane/ACT/audit_results/full_vnncomp_20260530T092003Z/cifar100_2024_w0/watchdog_summary.json
