source,iid,verdict,internal_status,reportable_status,count_bucket,wall_s,watchdog_status,watchdog_synthetic,strict_bounded_failure,run_status,peak_rss_mb,onnx_model,vnnlib_spec,q_statuses,q_reportables,q_receipts,error,json_path
cpu_smoke,0,UNKNOWN_TIMEOUT,UNKNOWN,UNKNOWN,,38.124,UNKNOWN_TIMEOUT,True,True,FAILED,1610.03515625,./onnx/mnist-point.onnx,vnnlib/mnist-img0.vnnlib,[],[],[],"watchdog killed instance after 38.1s (status=UNKNOWN_TIMEOUT, peak_rss=1610.0 MiB)",/data1/Kane/ACT/audit_results/r93_rerun_20260525T083118Z/overnight_cpu_round2_20260525T225241Z/cora_2024/per_instance_cora_2024_watchdog_iid0_20260526T005710913280Z.json
cpu_smoke,1,UNKNOWN_TIMEOUT,UNKNOWN,UNKNOWN,,38.126,UNKNOWN_TIMEOUT,True,True,FAILED,1706.9296875,./onnx/mnist-trades.onnx,vnnlib/mnist-img0.vnnlib,[],[],[],"watchdog killed instance after 38.1s (status=UNKNOWN_TIMEOUT, peak_rss=1706.9 MiB)",/data1/Kane/ACT/audit_results/r93_rerun_20260525T083118Z/overnight_cpu_round2_20260525T225241Z/cora_2024/per_instance_cora_2024_watchdog_iid1_20260526T005749039465Z.json
cpu_smoke,2,UNKNOWN_TIMEOUT,UNKNOWN,UNKNOWN,,38.124,UNKNOWN_TIMEOUT,True,True,FAILED,1717.171875,./onnx/mnist-set.onnx,vnnlib/mnist-img0.vnnlib,[],[],[],"watchdog killed instance after 38.1s (status=UNKNOWN_TIMEOUT, peak_rss=1717.2 MiB)",/data1/Kane/ACT/audit_results/r93_rerun_20260525T083118Z/overnight_cpu_round2_20260525T225241Z/cora_2024/per_instance_cora_2024_watchdog_iid2_20260526T005827164366Z.json
cpu_smoke,3,UNKNOWN_TIMEOUT,UNKNOWN,UNKNOWN,,38.123,UNKNOWN_TIMEOUT,True,True,FAILED,1821.4296875,./onnx/mnist-point.onnx,vnnlib/mnist-img1.vnnlib,[],[],[],"watchdog killed instance after 38.1s (status=UNKNOWN_TIMEOUT, peak_rss=1821.4 MiB)",/data1/Kane/ACT/audit_results/r93_rerun_20260525T083118Z/overnight_cpu_round2_20260525T225241Z/cora_2024/per_instance_cora_2024_watchdog_iid3_20260526T005905288040Z.json
cpu_smoke,4,UNKNOWN_TIMEOUT,UNKNOWN,UNKNOWN,,38.125,UNKNOWN_TIMEOUT,True,True,FAILED,1748.625,./onnx/mnist-trades.onnx,vnnlib/mnist-img1.vnnlib,[],[],[],"watchdog killed instance after 38.1s (status=UNKNOWN_TIMEOUT, peak_rss=1748.6 MiB)",/data1/Kane/ACT/audit_results/r93_rerun_20260525T083118Z/overnight_cpu_round2_20260525T225241Z/cora_2024/per_instance_cora_2024_watchdog_iid4_20260526T005943413090Z.json
cpu_smoke,5,UNKNOWN,UNKNOWN,UNKNOWN,UNKNOWN,33.494,,False,,PASSED,,./onnx/mnist-set.onnx,vnnlib/mnist-img1.vnnlib,"[""UNSAT"",""UNSAT"",""UNSAT"",""UNSAT"",""UNSAT"",""UNKNOWN""]","[""CERTIFIED"",""CERTIFIED"",""CERTIFIED"",""CERTIFIED"",""CERTIFIED"",""UNKNOWN""]","[null,null,null,null,null,null]",,/data1/Kane/ACT/audit_results/r93_rerun_20260525T083118Z/overnight_cpu_round2_20260525T225241Z/cora_2024/per_instance_cora_2024_20260526T010018998799Z.json
cpu_smoke,6,UNKNOWN_TIMEOUT,UNKNOWN,UNKNOWN,,38.125,UNKNOWN_TIMEOUT,True,True,FAILED,1719.1484375,./onnx/mnist-point.onnx,vnnlib/mnist-img2.vnnlib,[],[],[],"watchdog killed instance after 38.1s (status=UNKNOWN_TIMEOUT, peak_rss=1719.1 MiB)",/data1/Kane/ACT/audit_results/r93_rerun_20260525T083118Z/overnight_cpu_round2_20260525T225241Z/cora_2024/per_instance_cora_2024_watchdog_iid6_20260526T010058061824Z.json
cpu_smoke,7,UNKNOWN_TIMEOUT,UNKNOWN,UNKNOWN,,38.125,UNKNOWN_TIMEOUT,True,True,FAILED,1670.921875,./onnx/mnist-trades.onnx,vnnlib/mnist-img2.vnnlib,[],[],[],"watchdog killed instance after 38.1s (status=UNKNOWN_TIMEOUT, peak_rss=1670.9 MiB)",/data1/Kane/ACT/audit_results/r93_rerun_20260525T083118Z/overnight_cpu_round2_20260525T225241Z/cora_2024/per_instance_cora_2024_watchdog_iid7_20260526T010136187308Z.json
cpu_smoke,8,CERTIFIED,UNSAT,CERTIFIED,CERTIFIED,9.868,,False,,PASSED,,./onnx/mnist-set.onnx,vnnlib/mnist-img2.vnnlib,"[""UNSAT"",""UNSAT"",""UNSAT"",""UNSAT"",""UNSAT"",""UNSAT"",""UNSAT"",""UNSAT"",""UNSAT""]","[""CERTIFIED"",""CERTIFIED"",""CERTIFIED"",""CERTIFIED"",""CERTIFIED"",""CERTIFIED"",""CERTIFIED"",""CERTIFIED"",""CERTIFIED""]","[null,null,null,null,null,null,null,null,null]",,/data1/Kane/ACT/audit_results/r93_rerun_20260525T083118Z/overnight_cpu_round2_20260525T225241Z/cora_2024/per_instance_cora_2024_20260526T010148186241Z.json
cpu_smoke,9,UNKNOWN_TIMEOUT,UNKNOWN,UNKNOWN,,38.124,UNKNOWN_TIMEOUT,True,True,FAILED,1617.2890625,./onnx/mnist-point.onnx,vnnlib/mnist-img3.vnnlib,[],[],[],"watchdog killed instance after 38.1s (status=UNKNOWN_TIMEOUT, peak_rss=1617.3 MiB)",/data1/Kane/ACT/audit_results/r93_rerun_20260525T083118Z/overnight_cpu_round2_20260525T225241Z/cora_2024/per_instance_cora_2024_watchdog_iid9_20260526T010227321264Z.json
full_r3_s1,100,UNKNOWN_TIMEOUT,UNKNOWN,UNKNOWN,,68.247,UNKNOWN_TIMEOUT,True,True,FAILED,2438.7265625,./onnx/svhn-trades.onnx,vnnlib/svhn-img601.vnnlib,[],[],[],"watchdog killed instance after 68.2s (status=UNKNOWN_TIMEOUT, peak_rss=2438.7 MiB)",/data1/Kane/ACT/audit_results/r93_rerun_20260525T083118Z/overnight_cpu_full_stream1_20260526T025908Z/cora_2024/per_instance_cora_2024_watchdog_iid100_20260526T034546553262Z.json
full_r3_s1,101,UNKNOWN_TIMEOUT,UNKNOWN,UNKNOWN,,68.146,UNKNOWN_TIMEOUT,True,True,FAILED,2800.5859375,./onnx/svhn-set.onnx,vnnlib/svhn-img601.vnnlib,[],[],[],"watchdog killed instance after 68.1s (status=UNKNOWN_TIMEOUT, peak_rss=2800.6 MiB)",/data1/Kane/ACT/audit_results/r93_rerun_20260525T083118Z/overnight_cpu_full_stream1_20260526T025908Z/cora_2024/per_instance_cora_2024_watchdog_iid101_20260526T034654701724Z.json
full_r3_s1,102,UNKNOWN_TIMEOUT,UNKNOWN,UNKNOWN,,68.147,UNKNOWN_TIMEOUT,True,True,FAILED,2352.5859375,./onnx/svhn-point.onnx,vnnlib/svhn-img637.vnnlib,[],[],[],"watchdog killed instance after 68.1s (status=UNKNOWN_TIMEOUT, peak_rss=2352.6 MiB)",/data1/Kane/ACT/audit_results/r93_rerun_20260525T083118Z/overnight_cpu_full_stream1_20260526T025908Z/cora_2024/per_instance_cora_2024_watchdog_iid102_20260526T034802849395Z.json
full_r3_s1,103,UNKNOWN_TIMEOUT,UNKNOWN,UNKNOWN,,68.149,UNKNOWN_TIMEOUT,True,True,FAILED,2346.19140625,./onnx/svhn-trades.onnx,vnnlib/svhn-img637.vnnlib,[],[],[],"watchdog killed instance after 68.1s (status=UNKNOWN_TIMEOUT, peak_rss=2346.2 MiB)",/data1/Kane/ACT/audit_results/r93_rerun_20260525T083118Z/overnight_cpu_full_stream1_20260526T025908Z/cora_2024/per_instance_cora_2024_watchdog_iid103_20260526T034910999014Z.json
full_r3_s1,104,UNKNOWN_TIMEOUT,UNKNOWN,UNKNOWN,,68.246,UNKNOWN_TIMEOUT,True,True,FAILED,2702.62890625,./onnx/svhn-set.onnx,vnnlib/svhn-img637.vnnlib,[],[],[],"watchdog killed instance after 68.2s (status=UNKNOWN_TIMEOUT, peak_rss=2702.6 MiB)",/data1/Kane/ACT/audit_results/r93_rerun_20260525T083118Z/overnight_cpu_full_stream1_20260526T025908Z/cora_2024/per_instance_cora_2024_watchdog_iid104_20260526T035019246211Z.json
full_r3_s1,105,UNKNOWN_TIMEOUT,UNKNOWN,UNKNOWN,,68.245,UNKNOWN_TIMEOUT,True,True,FAILED,2335.1796875,./onnx/svhn-point.onnx,vnnlib/svhn-img692.vnnlib,[],[],[],"watchdog killed instance after 68.2s (status=UNKNOWN_TIMEOUT, peak_rss=2335.2 MiB)",/data1/Kane/ACT/audit_results/r93_rerun_20260525T083118Z/overnight_cpu_full_stream1_20260526T025908Z/cora_2024/per_instance_cora_2024_watchdog_iid105_20260526T035127492067Z.json
full_r3_s1,106,UNKNOWN_TIMEOUT,UNKNOWN,UNKNOWN,,68.144,UNKNOWN_TIMEOUT,True,True,FAILED,2340.625,./onnx/svhn-trades.onnx,vnnlib/svhn-img692.vnnlib,[],[],[],"watchdog killed instance after 68.1s (status=UNKNOWN_TIMEOUT, peak_rss=2340.6 MiB)",/data1/Kane/ACT/audit_results/r93_rerun_20260525T083118Z/overnight_cpu_full_stream1_20260526T025908Z/cora_2024/per_instance_cora_2024_watchdog_iid106_20260526T035235636598Z.json
full_r3_s1,107,UNKNOWN_TIMEOUT,UNKNOWN,UNKNOWN,,68.141,UNKNOWN_TIMEOUT,True,True,FAILED,2391.80859375,./onnx/svhn-set.onnx,vnnlib/svhn-img692.vnnlib,[],[],[],"watchdog killed instance after 68.1s (status=UNKNOWN_TIMEOUT, peak_rss=2391.8 MiB)",/data1/Kane/ACT/audit_results/r93_rerun_20260525T083118Z/overnight_cpu_full_stream1_20260526T025908Z/cora_2024/per_instance_cora_2024_watchdog_iid107_20260526T035343778442Z.json
full_r3_s1,108,UNKNOWN_TIMEOUT,UNKNOWN,UNKNOWN,,68.146,UNKNOWN_TIMEOUT,True,True,FAILED,2365.55078125,./onnx/svhn-point.onnx,vnnlib/svhn-img718.vnnlib,[],[],[],"watchdog killed instance after 68.1s (status=UNKNOWN_TIMEOUT, peak_rss=2365.6 MiB)",/data1/Kane/ACT/audit_results/r93_rerun_20260525T083118Z/overnight_cpu_full_stream1_20260526T025908Z/cora_2024/per_instance_cora_2024_watchdog_iid108_20260526T035451925454Z.json
full_r3_s1,109,UNKNOWN_TIMEOUT,UNKNOWN,UNKNOWN,,68.147,UNKNOWN_TIMEOUT,True,True,FAILED,2436.2109375,./onnx/svhn-trades.onnx,vnnlib/svhn-img718.vnnlib,[],[],[],"watchdog killed instance after 68.1s (status=UNKNOWN_TIMEOUT, peak_rss=2436.2 MiB)",/data1/Kane/ACT/audit_results/r93_rerun_20260525T083118Z/overnight_cpu_full_stream1_20260526T025908Z/cora_2024/per_instance_cora_2024_watchdog_iid109_20260526T035600073588Z.json
full_r3_s1,110,UNKNOWN_TIMEOUT,UNKNOWN,UNKNOWN,,68.149,UNKNOWN_TIMEOUT,True,True,FAILED,2315.64453125,./onnx/svhn-set.onnx,vnnlib/svhn-img718.vnnlib,[],[],[],"watchdog killed instance after 68.1s (status=UNKNOWN_TIMEOUT, peak_rss=2315.6 MiB)",/data1/Kane/ACT/audit_results/r93_rerun_20260525T083118Z/overnight_cpu_full_stream1_20260526T025908Z/cora_2024/per_instance_cora_2024_watchdog_iid110_20260526T035708223507Z.json
full_r3_s1,111,UNKNOWN_TIMEOUT,UNKNOWN,UNKNOWN,,68.142,UNKNOWN_TIMEOUT,True,True,FAILED,2543.96484375,./onnx/svhn-point.onnx,vnnlib/svhn-img735.vnnlib,[],[],[],"watchdog killed instance after 68.1s (status=UNKNOWN_TIMEOUT, peak_rss=2544.0 MiB)",/data1/Kane/ACT/audit_results/r93_rerun_20260525T083118Z/overnight_cpu_full_stream1_20260526T025908Z/cora_2024/per_instance_cora_2024_watchdog_iid111_20260526T035816366797Z.json
full_r3_s1,112,UNKNOWN_TIMEOUT,UNKNOWN,UNKNOWN,,68.244,UNKNOWN_TIMEOUT,True,True,FAILED,2657.93359375,./onnx/svhn-trades.onnx,vnnlib/svhn-img735.vnnlib,[],[],[],"watchdog killed instance after 68.2s (status=UNKNOWN_TIMEOUT, peak_rss=2657.9 MiB)",/data1/Kane/ACT/audit_results/r93_rerun_20260525T083118Z/overnight_cpu_full_stream1_20260526T025908Z/cora_2024/per_instance_cora_2024_watchdog_iid112_20260526T035924612421Z.json
full_r3_s1,113,UNKNOWN_TIMEOUT,UNKNOWN,UNKNOWN,,68.147,UNKNOWN_TIMEOUT,True,True,FAILED,2591.30859375,./onnx/svhn-set.onnx,vnnlib/svhn-img735.vnnlib,[],[],[],"watchdog killed instance after 68.1s (status=UNKNOWN_TIMEOUT, peak_rss=2591.3 MiB)",/data1/Kane/ACT/audit_results/r93_rerun_20260525T083118Z/overnight_cpu_full_stream1_20260526T025908Z/cora_2024/per_instance_cora_2024_watchdog_iid113_20260526T040032760504Z.json
full_r3_s1,114,UNKNOWN_TIMEOUT,UNKNOWN,UNKNOWN,,68.14,UNKNOWN_TIMEOUT,True,True,FAILED,2369.4140625,./onnx/svhn-point.onnx,vnnlib/svhn-img745.vnnlib,[],[],[],"watchdog killed instance after 68.1s (status=UNKNOWN_TIMEOUT, peak_rss=2369.4 MiB)",/data1/Kane/ACT/audit_results/r93_rerun_20260525T083118Z/overnight_cpu_full_stream1_20260526T025908Z/cora_2024/per_instance_cora_2024_watchdog_iid114_20260526T040140900926Z.json
full_r3_s1,115,UNKNOWN_TIMEOUT,UNKNOWN,UNKNOWN,,68.148,UNKNOWN_TIMEOUT,True,True,FAILED,2592.21875,./onnx/svhn-trades.onnx,vnnlib/svhn-img745.vnnlib,[],[],[],"watchdog killed instance after 68.1s (status=UNKNOWN_TIMEOUT, peak_rss=2592.2 MiB)",/data1/Kane/ACT/audit_results/r93_rerun_20260525T083118Z/overnight_cpu_full_stream1_20260526T025908Z/cora_2024/per_instance_cora_2024_watchdog_iid115_20260526T040249050463Z.json
full_r3_s1,116,UNKNOWN_TIMEOUT,UNKNOWN,UNKNOWN,,68.143,UNKNOWN_TIMEOUT,True,True,FAILED,2344.36328125,./onnx/svhn-set.onnx,vnnlib/svhn-img745.vnnlib,[],[],[],"watchdog killed instance after 68.1s (status=UNKNOWN_TIMEOUT, peak_rss=2344.4 MiB)",/data1/Kane/ACT/audit_results/r93_rerun_20260525T083118Z/overnight_cpu_full_stream1_20260526T025908Z/cora_2024/per_instance_cora_2024_watchdog_iid116_20260526T040357195157Z.json
full_r3_s1,117,UNKNOWN_TIMEOUT,UNKNOWN,UNKNOWN,,68.147,UNKNOWN_TIMEOUT,True,True,FAILED,2375.234375,./onnx/svhn-point.onnx,vnnlib/svhn-img760.vnnlib,[],[],[],"watchdog killed instance after 68.1s (status=UNKNOWN_TIMEOUT, peak_rss=2375.2 MiB)",/data1/Kane/ACT/audit_results/r93_rerun_20260525T083118Z/overnight_cpu_full_stream1_20260526T025908Z/cora_2024/per_instance_cora_2024_watchdog_iid117_20260526T040505343521Z.json
full_r3_s1,118,UNKNOWN_TIMEOUT,UNKNOWN,UNKNOWN,,68.139,UNKNOWN_TIMEOUT,True,True,FAILED,2135.2109375,./onnx/svhn-trades.onnx,vnnlib/svhn-img760.vnnlib,[],[],[],"watchdog killed instance after 68.1s (status=UNKNOWN_TIMEOUT, peak_rss=2135.2 MiB)",/data1/Kane/ACT/audit_results/r93_rerun_20260525T083118Z/overnight_cpu_full_stream1_20260526T025908Z/cora_2024/per_instance_cora_2024_watchdog_iid118_20260526T040613484735Z.json
full_r3_s1,119,UNKNOWN_TIMEOUT,UNKNOWN,UNKNOWN,,68.243,UNKNOWN_TIMEOUT,True,True,FAILED,2352.5390625,./onnx/svhn-set.onnx,vnnlib/svhn-img760.vnnlib,[],[],[],"watchdog killed instance after 68.2s (status=UNKNOWN_TIMEOUT, peak_rss=2352.5 MiB)",/data1/Kane/ACT/audit_results/r93_rerun_20260525T083118Z/overnight_cpu_full_stream1_20260526T025908Z/cora_2024/per_instance_cora_2024_watchdog_iid119_20260526T040721728788Z.json
full_r3_s1,120,UNKNOWN_TIMEOUT,UNKNOWN,UNKNOWN,,68.242,UNKNOWN_TIMEOUT,True,True,FAILED,3120.375,./onnx/cifar10-point.onnx,vnnlib/cifar10-img66.vnnlib,[],[],[],"watchdog killed instance after 68.2s (status=UNKNOWN_TIMEOUT, peak_rss=3120.4 MiB)",/data1/Kane/ACT/audit_results/r93_rerun_20260525T083118Z/overnight_cpu_full_stream1_20260526T025908Z/cora_2024/per_instance_cora_2024_watchdog_iid120_20260526T040829972793Z.json
full_r3_s1,121,UNKNOWN_TIMEOUT,UNKNOWN,UNKNOWN,,68.245,UNKNOWN_TIMEOUT,True,True,FAILED,2981.2578125,./onnx/cifar10-trades.onnx,vnnlib/cifar10-img66.vnnlib,[],[],[],"watchdog killed instance after 68.2s (status=UNKNOWN_TIMEOUT, peak_rss=2981.3 MiB)",/data1/Kane/ACT/audit_results/r93_rerun_20260525T083118Z/overnight_cpu_full_stream1_20260526T025908Z/cora_2024/per_instance_cora_2024_watchdog_iid121_20260526T040938218988Z.json
full_r3_s1,122,UNKNOWN_TIMEOUT,UNKNOWN,UNKNOWN,,68.247,UNKNOWN_TIMEOUT,True,True,FAILED,3437.53125,./onnx/cifar10-set.onnx,vnnlib/cifar10-img66.vnnlib,[],[],[],"watchdog killed instance after 68.2s (status=UNKNOWN_TIMEOUT, peak_rss=3437.5 MiB)",/data1/Kane/ACT/audit_results/r93_rerun_20260525T083118Z/overnight_cpu_full_stream1_20260526T025908Z/cora_2024/per_instance_cora_2024_watchdog_iid122_20260526T041046466735Z.json
full_r3_s1,123,UNKNOWN_TIMEOUT,UNKNOWN,UNKNOWN,,68.239,UNKNOWN_TIMEOUT,True,True,FAILED,2705.734375,./onnx/cifar10-point.onnx,vnnlib/cifar10-img77.vnnlib,[],[],[],"watchdog killed instance after 68.2s (status=UNKNOWN_TIMEOUT, peak_rss=2705.7 MiB)",/data1/Kane/ACT/audit_results/r93_rerun_20260525T083118Z/overnight_cpu_full_stream1_20260526T025908Z/cora_2024/per_instance_cora_2024_watchdog_iid123_20260526T041154707020Z.json
full_r3_s1,124,UNKNOWN_TIMEOUT,UNKNOWN,UNKNOWN,,68.14,UNKNOWN_TIMEOUT,True,True,FAILED,2589.77734375,./onnx/cifar10-trades.onnx,vnnlib/cifar10-img77.vnnlib,[],[],[],"watchdog killed instance after 68.1s (status=UNKNOWN_TIMEOUT, peak_rss=2589.8 MiB)",/data1/Kane/ACT/audit_results/r93_rerun_20260525T083118Z/overnight_cpu_full_stream1_20260526T025908Z/cora_2024/per_instance_cora_2024_watchdog_iid124_20260526T041302848505Z.json
full_r3_s1,125,UNKNOWN_TIMEOUT,UNKNOWN,UNKNOWN,,68.238,UNKNOWN_TIMEOUT,True,True,FAILED,2903.1171875,./onnx/cifar10-set.onnx,vnnlib/cifar10-img77.vnnlib,[],[],[],"watchdog killed instance after 68.2s (status=UNKNOWN_TIMEOUT, peak_rss=2903.1 MiB)",/data1/Kane/ACT/audit_results/r93_rerun_20260525T083118Z/overnight_cpu_full_stream1_20260526T025908Z/cora_2024/per_instance_cora_2024_watchdog_iid125_20260526T041411087843Z.json
full_r3_s1,126,UNKNOWN_TIMEOUT,UNKNOWN,UNKNOWN,,68.242,UNKNOWN_TIMEOUT,True,True,FAILED,2938.57421875,./onnx/cifar10-point.onnx,vnnlib/cifar10-img96.vnnlib,[],[],[],"watchdog killed instance after 68.2s (status=UNKNOWN_TIMEOUT, peak_rss=2938.6 MiB)",/data1/Kane/ACT/audit_results/r93_rerun_20260525T083118Z/overnight_cpu_full_stream1_20260526T025908Z/cora_2024/per_instance_cora_2024_watchdog_iid126_20260526T041519330540Z.json
full_r3_s1,127,UNKNOWN_TIMEOUT,UNKNOWN,UNKNOWN,,68.245,UNKNOWN_TIMEOUT,True,True,FAILED,2936.11328125,./onnx/cifar10-trades.onnx,vnnlib/cifar10-img96.vnnlib,[],[],[],"watchdog killed instance after 68.2s (status=UNKNOWN_TIMEOUT, peak_rss=2936.1 MiB)",/data1/Kane/ACT/audit_results/r93_rerun_20260525T083118Z/overnight_cpu_full_stream1_20260526T025908Z/cora_2024/per_instance_cora_2024_watchdog_iid127_20260526T041627576469Z.json
full_r3_s1,128,UNKNOWN_TIMEOUT,UNKNOWN,UNKNOWN,,68.146,UNKNOWN_TIMEOUT,True,True,FAILED,2842.4609375,./onnx/cifar10-set.onnx,vnnlib/cifar10-img96.vnnlib,[],[],[],"watchdog killed instance after 68.1s (status=UNKNOWN_TIMEOUT, peak_rss=2842.5 MiB)",/data1/Kane/ACT/audit_results/r93_rerun_20260525T083118Z/overnight_cpu_full_stream1_20260526T025908Z/cora_2024/per_instance_cora_2024_watchdog_iid128_20260526T041735723644Z.json
full_r3_s1,129,UNKNOWN_TIMEOUT,UNKNOWN,UNKNOWN,,68.244,UNKNOWN_TIMEOUT,True,True,FAILED,2846.85546875,./onnx/cifar10-point.onnx,vnnlib/cifar10-img100.vnnlib,[],[],[],"watchdog killed instance after 68.2s (status=UNKNOWN_TIMEOUT, peak_rss=2846.9 MiB)",/data1/Kane/ACT/audit_results/r93_rerun_20260525T083118Z/overnight_cpu_full_stream1_20260526T025908Z/cora_2024/per_instance_cora_2024_watchdog_iid129_20260526T041843968546Z.json
full_r3_s1,130,UNKNOWN_TIMEOUT,UNKNOWN,UNKNOWN,,68.148,UNKNOWN_TIMEOUT,True,True,FAILED,3123.50390625,./onnx/cifar10-trades.onnx,vnnlib/cifar10-img100.vnnlib,[],[],[],"watchdog killed instance after 68.1s (status=UNKNOWN_TIMEOUT, peak_rss=3123.5 MiB)",/data1/Kane/ACT/audit_results/r93_rerun_20260525T083118Z/overnight_cpu_full_stream1_20260526T025908Z/cora_2024/per_instance_cora_2024_watchdog_iid130_20260526T041952117155Z.json
full_r3_s1,131,UNKNOWN_TIMEOUT,UNKNOWN,UNKNOWN,,68.247,UNKNOWN_TIMEOUT,True,True,FAILED,2801.40234375,./onnx/cifar10-set.onnx,vnnlib/cifar10-img100.vnnlib,[],[],[],"watchdog killed instance after 68.2s (status=UNKNOWN_TIMEOUT, peak_rss=2801.4 MiB)",/data1/Kane/ACT/audit_results/r93_rerun_20260525T083118Z/overnight_cpu_full_stream1_20260526T025908Z/cora_2024/per_instance_cora_2024_watchdog_iid131_20260526T042100365619Z.json
full_r3_s1,132,UNKNOWN_TIMEOUT,UNKNOWN,UNKNOWN,,145.576,UNKNOWN_TIMEOUT,True,True,FAILED,2209.47265625,./onnx/cifar10-point.onnx,vnnlib/cifar10-img126.vnnlib,[],[],[],"watchdog killed instance after 145.6s (status=UNKNOWN_TIMEOUT, peak_rss=2209.5 MiB)",/data1/Kane/ACT/audit_results/r93_rerun_20260525T083118Z/overnight_cpu_full_stream1_20260526T025908Z/cora_2024/per_instance_cora_2024_watchdog_iid132_20260526T042325944346Z.json
full_r3_s1,133,UNKNOWN_TIMEOUT,UNKNOWN,UNKNOWN,,68.245,UNKNOWN_TIMEOUT,True,True,FAILED,2975.41796875,./onnx/cifar10-trades.onnx,vnnlib/cifar10-img126.vnnlib,[],[],[],"watchdog killed instance after 68.2s (status=UNKNOWN_TIMEOUT, peak_rss=2975.4 MiB)",/data1/Kane/ACT/audit_results/r93_rerun_20260525T083118Z/overnight_cpu_full_stream1_20260526T025908Z/cora_2024/per_instance_cora_2024_watchdog_iid133_20260526T042434192192Z.json
full_r3_s1,134,UNKNOWN_TIMEOUT,UNKNOWN,UNKNOWN,,68.244,UNKNOWN_TIMEOUT,True,True,FAILED,3193.2421875,./onnx/cifar10-set.onnx,vnnlib/cifar10-img126.vnnlib,[],[],[],"watchdog killed instance after 68.2s (status=UNKNOWN_TIMEOUT, peak_rss=3193.2 MiB)",/data1/Kane/ACT/audit_results/r93_rerun_20260525T083118Z/overnight_cpu_full_stream1_20260526T025908Z/cora_2024/per_instance_cora_2024_watchdog_iid134_20260526T042542437401Z.json
full_r3_s1,135,UNKNOWN_TIMEOUT,UNKNOWN,UNKNOWN,,68.144,UNKNOWN_TIMEOUT,True,True,FAILED,2934.828125,./onnx/cifar10-point.onnx,vnnlib/cifar10-img135.vnnlib,[],[],[],"watchdog killed instance after 68.1s (status=UNKNOWN_TIMEOUT, peak_rss=2934.8 MiB)",/data1/Kane/ACT/audit_results/r93_rerun_20260525T083118Z/overnight_cpu_full_stream1_20260526T025908Z/cora_2024/per_instance_cora_2024_watchdog_iid135_20260526T042650583001Z.json
full_r3_s1,136,UNKNOWN_TIMEOUT,UNKNOWN,UNKNOWN,,68.146,UNKNOWN_TIMEOUT,True,True,FAILED,2865.3046875,./onnx/cifar10-trades.onnx,vnnlib/cifar10-img135.vnnlib,[],[],[],"watchdog killed instance after 68.1s (status=UNKNOWN_TIMEOUT, peak_rss=2865.3 MiB)",/data1/Kane/ACT/audit_results/r93_rerun_20260525T083118Z/overnight_cpu_full_stream1_20260526T025908Z/cora_2024/per_instance_cora_2024_watchdog_iid136_20260526T042758731693Z.json
full_r3_s1,137,UNKNOWN_TIMEOUT,UNKNOWN,UNKNOWN,,68.246,UNKNOWN_TIMEOUT,True,True,FAILED,3572.7109375,./onnx/cifar10-set.onnx,vnnlib/cifar10-img135.vnnlib,[],[],[],"watchdog killed instance after 68.2s (status=UNKNOWN_TIMEOUT, peak_rss=3572.7 MiB)",/data1/Kane/ACT/audit_results/r93_rerun_20260525T083118Z/overnight_cpu_full_stream1_20260526T025908Z/cora_2024/per_instance_cora_2024_watchdog_iid137_20260526T042906978469Z.json
full_r3_s1,138,UNKNOWN_TIMEOUT,UNKNOWN,UNKNOWN,,68.246,UNKNOWN_TIMEOUT,True,True,FAILED,2968.25390625,./onnx/cifar10-point.onnx,vnnlib/cifar10-img160.vnnlib,[],[],[],"watchdog killed instance after 68.2s (status=UNKNOWN_TIMEOUT, peak_rss=2968.3 MiB)",/data1/Kane/ACT/audit_results/r93_rerun_20260525T083118Z/overnight_cpu_full_stream1_20260526T025908Z/cora_2024/per_instance_cora_2024_watchdog_iid138_20260526T043015226188Z.json
full_r3_s1,139,UNKNOWN_TIMEOUT,UNKNOWN,UNKNOWN,,68.246,UNKNOWN_TIMEOUT,True,True,FAILED,2433.4765625,./onnx/cifar10-trades.onnx,vnnlib/cifar10-img160.vnnlib,[],[],[],"watchdog killed instance after 68.2s (status=UNKNOWN_TIMEOUT, peak_rss=2433.5 MiB)",/data1/Kane/ACT/audit_results/r93_rerun_20260525T083118Z/overnight_cpu_full_stream1_20260526T025908Z/cora_2024/per_instance_cora_2024_watchdog_iid139_20260526T043123473327Z.json
full_r3_s1,140,UNKNOWN_TIMEOUT,UNKNOWN,UNKNOWN,,68.249,UNKNOWN_TIMEOUT,True,True,FAILED,3089.26953125,./onnx/cifar10-set.onnx,vnnlib/cifar10-img160.vnnlib,[],[],[],"watchdog killed instance after 68.2s (status=UNKNOWN_TIMEOUT, peak_rss=3089.3 MiB)",/data1/Kane/ACT/audit_results/r93_rerun_20260525T083118Z/overnight_cpu_full_stream1_20260526T025908Z/cora_2024/per_instance_cora_2024_watchdog_iid140_20260526T043231723768Z.json
full_r3_s1,141,UNKNOWN_TIMEOUT,UNKNOWN,UNKNOWN,,68.145,UNKNOWN_TIMEOUT,True,True,FAILED,2346.83984375,./onnx/cifar10-point.onnx,vnnlib/cifar10-img166.vnnlib,[],[],[],"watchdog killed instance after 68.1s (status=UNKNOWN_TIMEOUT, peak_rss=2346.8 MiB)",/data1/Kane/ACT/audit_results/r93_rerun_20260525T083118Z/overnight_cpu_full_stream1_20260526T025908Z/cora_2024/per_instance_cora_2024_watchdog_iid141_20260526T043339870761Z.json
full_r3_s1,142,UNKNOWN_TIMEOUT,UNKNOWN,UNKNOWN,,68.243,UNKNOWN_TIMEOUT,True,True,FAILED,3024.1875,./onnx/cifar10-trades.onnx,vnnlib/cifar10-img166.vnnlib,[],[],[],"watchdog killed instance after 68.2s (status=UNKNOWN_TIMEOUT, peak_rss=3024.2 MiB)",/data1/Kane/ACT/audit_results/r93_rerun_20260525T083118Z/overnight_cpu_full_stream1_20260526T025908Z/cora_2024/per_instance_cora_2024_watchdog_iid142_20260526T043448114865Z.json
full_r3_s1,143,UNKNOWN_TIMEOUT,UNKNOWN,UNKNOWN,,68.244,UNKNOWN_TIMEOUT,True,True,FAILED,2690.82421875,./onnx/cifar10-set.onnx,vnnlib/cifar10-img166.vnnlib,[],[],[],"watchdog killed instance after 68.2s (status=UNKNOWN_TIMEOUT, peak_rss=2690.8 MiB)",/data1/Kane/ACT/audit_results/r93_rerun_20260525T083118Z/overnight_cpu_full_stream1_20260526T025908Z/cora_2024/per_instance_cora_2024_watchdog_iid143_20260526T043556359573Z.json
full_r3_s1,144,UNKNOWN_TIMEOUT,UNKNOWN,UNKNOWN,,68.244,UNKNOWN_TIMEOUT,True,True,FAILED,3349.3984375,./onnx/cifar10-point.onnx,vnnlib/cifar10-img206.vnnlib,[],[],[],"watchdog killed instance after 68.2s (status=UNKNOWN_TIMEOUT, peak_rss=3349.4 MiB)",/data1/Kane/ACT/audit_results/r93_rerun_20260525T083118Z/overnight_cpu_full_stream1_20260526T025908Z/cora_2024/per_instance_cora_2024_watchdog_iid144_20260526T043704604884Z.json
full_r3_s1,145,UNKNOWN_TIMEOUT,UNKNOWN,UNKNOWN,,68.144,UNKNOWN_TIMEOUT,True,True,FAILED,2969.73828125,./onnx/cifar10-trades.onnx,vnnlib/cifar10-img206.vnnlib,[],[],[],"watchdog killed instance after 68.1s (status=UNKNOWN_TIMEOUT, peak_rss=2969.7 MiB)",/data1/Kane/ACT/audit_results/r93_rerun_20260525T083118Z/overnight_cpu_full_stream1_20260526T025908Z/cora_2024/per_instance_cora_2024_watchdog_iid145_20260526T043812750183Z.json
full_r3_s1,146,UNKNOWN_TIMEOUT,UNKNOWN,UNKNOWN,,68.243,UNKNOWN_TIMEOUT,True,True,FAILED,4396.47265625,./onnx/cifar10-set.onnx,vnnlib/cifar10-img206.vnnlib,[],[],[],"watchdog killed instance after 68.2s (status=UNKNOWN_TIMEOUT, peak_rss=4396.5 MiB)",/data1/Kane/ACT/audit_results/r93_rerun_20260525T083118Z/overnight_cpu_full_stream1_20260526T025908Z/cora_2024/per_instance_cora_2024_watchdog_iid146_20260526T043920994829Z.json
full_r3_s1,147,UNKNOWN_TIMEOUT,UNKNOWN,UNKNOWN,,68.146,UNKNOWN_TIMEOUT,True,True,FAILED,2439.13671875,./onnx/cifar10-point.onnx,vnnlib/cifar10-img207.vnnlib,[],[],[],"watchdog killed instance after 68.1s (status=UNKNOWN_TIMEOUT, peak_rss=2439.1 MiB)",/data1/Kane/ACT/audit_results/r93_rerun_20260525T083118Z/overnight_cpu_full_stream1_20260526T025908Z/cora_2024/per_instance_cora_2024_watchdog_iid147_20260526T044029141929Z.json
full_r3_s1,148,UNKNOWN_TIMEOUT,UNKNOWN,UNKNOWN,,68.246,UNKNOWN_TIMEOUT,True,True,FAILED,2617.2109375,./onnx/cifar10-trades.onnx,vnnlib/cifar10-img207.vnnlib,[],[],[],"watchdog killed instance after 68.2s (status=UNKNOWN_TIMEOUT, peak_rss=2617.2 MiB)",/data1/Kane/ACT/audit_results/r93_rerun_20260525T083118Z/overnight_cpu_full_stream1_20260526T025908Z/cora_2024/per_instance_cora_2024_watchdog_iid148_20260526T044137389940Z.json
full_r3_s1,149,UNKNOWN_TIMEOUT,UNKNOWN,UNKNOWN,,68.247,UNKNOWN_TIMEOUT,True,True,FAILED,2941.02734375,./onnx/cifar10-set.onnx,vnnlib/cifar10-img207.vnnlib,[],[],[],"watchdog killed instance after 68.2s (status=UNKNOWN_TIMEOUT, peak_rss=2941.0 MiB)",/data1/Kane/ACT/audit_results/r93_rerun_20260525T083118Z/overnight_cpu_full_stream1_20260526T025908Z/cora_2024/per_instance_cora_2024_watchdog_iid149_20260526T044245637972Z.json
full_r3_s1,150,UNKNOWN_TIMEOUT,UNKNOWN,UNKNOWN,,68.247,UNKNOWN_TIMEOUT,True,True,FAILED,3540.86328125,./onnx/cifar10-point.onnx,vnnlib/cifar10-img244.vnnlib,[],[],[],"watchdog killed instance after 68.2s (status=UNKNOWN_TIMEOUT, peak_rss=3540.9 MiB)",/data1/Kane/ACT/audit_results/r93_rerun_20260525T083118Z/overnight_cpu_full_stream1_20260526T025908Z/cora_2024/per_instance_cora_2024_watchdog_iid150_20260526T044353886024Z.json
full_r3_s1,151,UNKNOWN_TIMEOUT,UNKNOWN,UNKNOWN,,68.144,UNKNOWN_TIMEOUT,True,True,FAILED,3129.6796875,./onnx/cifar10-trades.onnx,vnnlib/cifar10-img244.vnnlib,[],[],[],"watchdog killed instance after 68.1s (status=UNKNOWN_TIMEOUT, peak_rss=3129.7 MiB)",/data1/Kane/ACT/audit_results/r93_rerun_20260525T083118Z/overnight_cpu_full_stream1_20260526T025908Z/cora_2024/per_instance_cora_2024_watchdog_iid151_20260526T044502030979Z.json
full_r3_s1,152,UNKNOWN_TIMEOUT,UNKNOWN,UNKNOWN,,68.245,UNKNOWN_TIMEOUT,True,True,FAILED,2905.55859375,./onnx/cifar10-set.onnx,vnnlib/cifar10-img244.vnnlib,[],[],[],"watchdog killed instance after 68.2s (status=UNKNOWN_TIMEOUT, peak_rss=2905.6 MiB)",/data1/Kane/ACT/audit_results/r93_rerun_20260525T083118Z/overnight_cpu_full_stream1_20260526T025908Z/cora_2024/per_instance_cora_2024_watchdog_iid152_20260526T044610277323Z.json
full_r3_s1,153,UNKNOWN_TIMEOUT,UNKNOWN,UNKNOWN,,68.241,UNKNOWN_TIMEOUT,True,True,FAILED,3388.72265625,./onnx/cifar10-point.onnx,vnnlib/cifar10-img292.vnnlib,[],[],[],"watchdog killed instance after 68.2s (status=UNKNOWN_TIMEOUT, peak_rss=3388.7 MiB)",/data1/Kane/ACT/audit_results/r93_rerun_20260525T083118Z/overnight_cpu_full_stream1_20260526T025908Z/cora_2024/per_instance_cora_2024_watchdog_iid153_20260526T044718519305Z.json
full_r3_s1,154,UNKNOWN_TIMEOUT,UNKNOWN,UNKNOWN,,68.241,UNKNOWN_TIMEOUT,True,True,FAILED,3297.74609375,./onnx/cifar10-trades.onnx,vnnlib/cifar10-img292.vnnlib,[],[],[],"watchdog killed instance after 68.2s (status=UNKNOWN_TIMEOUT, peak_rss=3297.7 MiB)",/data1/Kane/ACT/audit_results/r93_rerun_20260525T083118Z/overnight_cpu_full_stream1_20260526T025908Z/cora_2024/per_instance_cora_2024_watchdog_iid154_20260526T044826761620Z.json
full_r3_s1,155,UNKNOWN_TIMEOUT,UNKNOWN,UNKNOWN,,68.238,UNKNOWN_TIMEOUT,True,True,FAILED,4580.41796875,./onnx/cifar10-set.onnx,vnnlib/cifar10-img292.vnnlib,[],[],[],"watchdog killed instance after 68.2s (status=UNKNOWN_TIMEOUT, peak_rss=4580.4 MiB)",/data1/Kane/ACT/audit_results/r93_rerun_20260525T083118Z/overnight_cpu_full_stream1_20260526T025908Z/cora_2024/per_instance_cora_2024_watchdog_iid155_20260526T044934999859Z.json
full_r3_s1,156,UNKNOWN_TIMEOUT,UNKNOWN,UNKNOWN,,68.238,UNKNOWN_TIMEOUT,True,True,FAILED,2834.4296875,./onnx/cifar10-point.onnx,vnnlib/cifar10-img328.vnnlib,[],[],[],"watchdog killed instance after 68.2s (status=UNKNOWN_TIMEOUT, peak_rss=2834.4 MiB)",/data1/Kane/ACT/audit_results/r93_rerun_20260525T083118Z/overnight_cpu_full_stream1_20260526T025908Z/cora_2024/per_instance_cora_2024_watchdog_iid156_20260526T045043339448Z.json
full_r3_s1,157,UNKNOWN_TIMEOUT,UNKNOWN,UNKNOWN,,68.244,UNKNOWN_TIMEOUT,True,True,FAILED,3158.4140625,./onnx/cifar10-trades.onnx,vnnlib/cifar10-img328.vnnlib,[],[],[],"watchdog killed instance after 68.2s (status=UNKNOWN_TIMEOUT, peak_rss=3158.4 MiB)",/data1/Kane/ACT/audit_results/r93_rerun_20260525T083118Z/overnight_cpu_full_stream1_20260526T025908Z/cora_2024/per_instance_cora_2024_watchdog_iid157_20260526T045151584923Z.json
full_r3_s1,158,UNKNOWN_TIMEOUT,UNKNOWN,UNKNOWN,,68.244,UNKNOWN_TIMEOUT,True,True,FAILED,4610.79296875,./onnx/cifar10-set.onnx,vnnlib/cifar10-img328.vnnlib,[],[],[],"watchdog killed instance after 68.2s (status=UNKNOWN_TIMEOUT, peak_rss=4610.8 MiB)",/data1/Kane/ACT/audit_results/r93_rerun_20260525T083118Z/overnight_cpu_full_stream1_20260526T025908Z/cora_2024/per_instance_cora_2024_watchdog_iid158_20260526T045259830209Z.json
full_r3_s1,159,UNKNOWN_TIMEOUT,UNKNOWN,UNKNOWN,,68.241,UNKNOWN_TIMEOUT,True,True,FAILED,3111.26953125,./onnx/cifar10-point.onnx,vnnlib/cifar10-img332.vnnlib,[],[],[],"watchdog killed instance after 68.2s (status=UNKNOWN_TIMEOUT, peak_rss=3111.3 MiB)",/data1/Kane/ACT/audit_results/r93_rerun_20260525T083118Z/overnight_cpu_full_stream1_20260526T025908Z/cora_2024/per_instance_cora_2024_watchdog_iid159_20260526T045408072243Z.json
full_r3_s1,160,UNKNOWN_TIMEOUT,UNKNOWN,UNKNOWN,,68.137,UNKNOWN_TIMEOUT,True,True,FAILED,2794.18359375,./onnx/cifar10-trades.onnx,vnnlib/cifar10-img332.vnnlib,[],[],[],"watchdog killed instance after 68.1s (status=UNKNOWN_TIMEOUT, peak_rss=2794.2 MiB)",/data1/Kane/ACT/audit_results/r93_rerun_20260525T083118Z/overnight_cpu_full_stream1_20260526T025908Z/cora_2024/per_instance_cora_2024_watchdog_iid160_20260526T045516209977Z.json
full_r3_s1,161,UNKNOWN_TIMEOUT,UNKNOWN,UNKNOWN,,68.238,UNKNOWN_TIMEOUT,True,True,FAILED,3015.94140625,./onnx/cifar10-set.onnx,vnnlib/cifar10-img332.vnnlib,[],[],[],"watchdog killed instance after 68.2s (status=UNKNOWN_TIMEOUT, peak_rss=3015.9 MiB)",/data1/Kane/ACT/audit_results/r93_rerun_20260525T083118Z/overnight_cpu_full_stream1_20260526T025908Z/cora_2024/per_instance_cora_2024_watchdog_iid161_20260526T045624448379Z.json
full_r3_s1,162,UNKNOWN_TIMEOUT,UNKNOWN,UNKNOWN,,68.242,UNKNOWN_TIMEOUT,True,True,FAILED,3244.85546875,./onnx/cifar10-point.onnx,vnnlib/cifar10-img339.vnnlib,[],[],[],"watchdog killed instance after 68.2s (status=UNKNOWN_TIMEOUT, peak_rss=3244.9 MiB)",/data1/Kane/ACT/audit_results/r93_rerun_20260525T083118Z/overnight_cpu_full_stream1_20260526T025908Z/cora_2024/per_instance_cora_2024_watchdog_iid162_20260526T045732691310Z.json
full_r3_s1,163,UNKNOWN_TIMEOUT,UNKNOWN,UNKNOWN,,68.245,UNKNOWN_TIMEOUT,True,True,FAILED,2916.8359375,./onnx/cifar10-trades.onnx,vnnlib/cifar10-img339.vnnlib,[],[],[],"watchdog killed instance after 68.2s (status=UNKNOWN_TIMEOUT, peak_rss=2916.8 MiB)",/data1/Kane/ACT/audit_results/r93_rerun_20260525T083118Z/overnight_cpu_full_stream1_20260526T025908Z/cora_2024/per_instance_cora_2024_watchdog_iid163_20260526T045840937545Z.json
full_r3_s1,164,UNKNOWN_TIMEOUT,UNKNOWN,UNKNOWN,,68.239,UNKNOWN_TIMEOUT,True,True,FAILED,2812.74609375,./onnx/cifar10-set.onnx,vnnlib/cifar10-img339.vnnlib,[],[],[],"watchdog killed instance after 68.2s (status=UNKNOWN_TIMEOUT, peak_rss=2812.7 MiB)",/data1/Kane/ACT/audit_results/r93_rerun_20260525T083118Z/overnight_cpu_full_stream1_20260526T025908Z/cora_2024/per_instance_cora_2024_watchdog_iid164_20260526T045949176854Z.json
full_r3_s1,165,UNKNOWN_TIMEOUT,UNKNOWN,UNKNOWN,,68.239,UNKNOWN_TIMEOUT,True,True,FAILED,3413.17578125,./onnx/cifar10-point.onnx,vnnlib/cifar10-img340.vnnlib,[],[],[],"watchdog killed instance after 68.2s (status=UNKNOWN_TIMEOUT, peak_rss=3413.2 MiB)",/data1/Kane/ACT/audit_results/r93_rerun_20260525T083118Z/overnight_cpu_full_stream1_20260526T025908Z/cora_2024/per_instance_cora_2024_watchdog_iid165_20260526T050057416198Z.json
full_r3_s1,166,UNKNOWN_TIMEOUT,UNKNOWN,UNKNOWN,,68.238,UNKNOWN_TIMEOUT,True,True,FAILED,2946.1796875,./onnx/cifar10-trades.onnx,vnnlib/cifar10-img340.vnnlib,[],[],[],"watchdog killed instance after 68.2s (status=UNKNOWN_TIMEOUT, peak_rss=2946.2 MiB)",/data1/Kane/ACT/audit_results/r93_rerun_20260525T083118Z/overnight_cpu_full_stream1_20260526T025908Z/cora_2024/per_instance_cora_2024_watchdog_iid166_20260526T050205655349Z.json
full_r3_s1,167,UNKNOWN_TIMEOUT,UNKNOWN,UNKNOWN,,68.145,UNKNOWN_TIMEOUT,True,True,FAILED,2432.3125,./onnx/cifar10-set.onnx,vnnlib/cifar10-img340.vnnlib,[],[],[],"watchdog killed instance after 68.1s (status=UNKNOWN_TIMEOUT, peak_rss=2432.3 MiB)",/data1/Kane/ACT/audit_results/r93_rerun_20260525T083118Z/overnight_cpu_full_stream1_20260526T025908Z/cora_2024/per_instance_cora_2024_watchdog_iid167_20260526T050313800998Z.json
full_r3_s1,168,UNKNOWN_TIMEOUT,UNKNOWN,UNKNOWN,,68.245,UNKNOWN_TIMEOUT,True,True,FAILED,2875.5390625,./onnx/cifar10-point.onnx,vnnlib/cifar10-img386.vnnlib,[],[],[],"watchdog killed instance after 68.2s (status=UNKNOWN_TIMEOUT, peak_rss=2875.5 MiB)",/data1/Kane/ACT/audit_results/r93_rerun_20260525T083118Z/overnight_cpu_full_stream1_20260526T025908Z/cora_2024/per_instance_cora_2024_watchdog_iid168_20260526T050422047643Z.json
full_r3_s1,169,UNKNOWN_TIMEOUT,UNKNOWN,UNKNOWN,,68.244,UNKNOWN_TIMEOUT,True,True,FAILED,3399.66015625,./onnx/cifar10-trades.onnx,vnnlib/cifar10-img386.vnnlib,[],[],[],"watchdog killed instance after 68.2s (status=UNKNOWN_TIMEOUT, peak_rss=3399.7 MiB)",/data1/Kane/ACT/audit_results/r93_rerun_20260525T083118Z/overnight_cpu_full_stream1_20260526T025908Z/cora_2024/per_instance_cora_2024_watchdog_iid169_20260526T050530293983Z.json
full_r3_s1,170,UNKNOWN_TIMEOUT,UNKNOWN,UNKNOWN,,68.144,UNKNOWN_TIMEOUT,True,True,FAILED,3962.7265625,./onnx/cifar10-set.onnx,vnnlib/cifar10-img386.vnnlib,[],[],[],"watchdog killed instance after 68.1s (status=UNKNOWN_TIMEOUT, peak_rss=3962.7 MiB)",/data1/Kane/ACT/audit_results/r93_rerun_20260525T083118Z/overnight_cpu_full_stream1_20260526T025908Z/cora_2024/per_instance_cora_2024_watchdog_iid170_20260526T050638439537Z.json
full_r3_s1,171,UNKNOWN_TIMEOUT,UNKNOWN,UNKNOWN,,68.239,UNKNOWN_TIMEOUT,True,True,FAILED,3098.0078125,./onnx/cifar10-point.onnx,vnnlib/cifar10-img398.vnnlib,[],[],[],"watchdog killed instance after 68.2s (status=UNKNOWN_TIMEOUT, peak_rss=3098.0 MiB)",/data1/Kane/ACT/audit_results/r93_rerun_20260525T083118Z/overnight_cpu_full_stream1_20260526T025908Z/cora_2024/per_instance_cora_2024_watchdog_iid171_20260526T050746679414Z.json
full_r3_s1,172,UNKNOWN_TIMEOUT,UNKNOWN,UNKNOWN,,68.241,UNKNOWN_TIMEOUT,True,True,FAILED,3127.921875,./onnx/cifar10-trades.onnx,vnnlib/cifar10-img398.vnnlib,[],[],[],"watchdog killed instance after 68.2s (status=UNKNOWN_TIMEOUT, peak_rss=3127.9 MiB)",/data1/Kane/ACT/audit_results/r93_rerun_20260525T083118Z/overnight_cpu_full_stream1_20260526T025908Z/cora_2024/per_instance_cora_2024_watchdog_iid172_20260526T050854921346Z.json
full_r3_s1,173,UNKNOWN_TIMEOUT,UNKNOWN,UNKNOWN,,68.138,UNKNOWN_TIMEOUT,True,True,FAILED,2603.26171875,./onnx/cifar10-set.onnx,vnnlib/cifar10-img398.vnnlib,[],[],[],"watchdog killed instance after 68.1s (status=UNKNOWN_TIMEOUT, peak_rss=2603.3 MiB)",/data1/Kane/ACT/audit_results/r93_rerun_20260525T083118Z/overnight_cpu_full_stream1_20260526T025908Z/cora_2024/per_instance_cora_2024_watchdog_iid173_20260526T051003060506Z.json
full_r3_s1,174,UNKNOWN_TIMEOUT,UNKNOWN,UNKNOWN,,68.138,UNKNOWN_TIMEOUT,True,True,FAILED,3194.32421875,./onnx/cifar10-point.onnx,vnnlib/cifar10-img440.vnnlib,[],[],[],"watchdog killed instance after 68.1s (status=UNKNOWN_TIMEOUT, peak_rss=3194.3 MiB)",/data1/Kane/ACT/audit_results/r93_rerun_20260525T083118Z/overnight_cpu_full_stream1_20260526T025908Z/cora_2024/per_instance_cora_2024_watchdog_iid174_20260526T051111199807Z.json
full_r3_s1,175,UNKNOWN_TIMEOUT,UNKNOWN,UNKNOWN,,68.24,UNKNOWN_TIMEOUT,True,True,FAILED,3480.5234375,./onnx/cifar10-trades.onnx,vnnlib/cifar10-img440.vnnlib,[],[],[],"watchdog killed instance after 68.2s (status=UNKNOWN_TIMEOUT, peak_rss=3480.5 MiB)",/data1/Kane/ACT/audit_results/r93_rerun_20260525T083118Z/overnight_cpu_full_stream1_20260526T025908Z/cora_2024/per_instance_cora_2024_watchdog_iid175_20260526T051219440696Z.json
full_r3_s1,176,UNKNOWN_TIMEOUT,UNKNOWN,UNKNOWN,,68.239,UNKNOWN_TIMEOUT,True,True,FAILED,2826.546875,./onnx/cifar10-set.onnx,vnnlib/cifar10-img440.vnnlib,[],[],[],"watchdog killed instance after 68.2s (status=UNKNOWN_TIMEOUT, peak_rss=2826.5 MiB)",/data1/Kane/ACT/audit_results/r93_rerun_20260525T083118Z/overnight_cpu_full_stream1_20260526T025908Z/cora_2024/per_instance_cora_2024_watchdog_iid176_20260526T051327680547Z.json
full_r3_s1,177,UNKNOWN_TIMEOUT,UNKNOWN,UNKNOWN,,68.242,UNKNOWN_TIMEOUT,True,True,FAILED,2910.55859375,./onnx/cifar10-point.onnx,vnnlib/cifar10-img479.vnnlib,[],[],[],"watchdog killed instance after 68.2s (status=UNKNOWN_TIMEOUT, peak_rss=2910.6 MiB)",/data1/Kane/ACT/audit_results/r93_rerun_20260525T083118Z/overnight_cpu_full_stream1_20260526T025908Z/cora_2024/per_instance_cora_2024_watchdog_iid177_20260526T051435924498Z.json
full_r3_s1,178,UNKNOWN_TIMEOUT,UNKNOWN,UNKNOWN,,68.244,UNKNOWN_TIMEOUT,True,True,FAILED,2795.78125,./onnx/cifar10-trades.onnx,vnnlib/cifar10-img479.vnnlib,[],[],[],"watchdog killed instance after 68.2s (status=UNKNOWN_TIMEOUT, peak_rss=2795.8 MiB)",/data1/Kane/ACT/audit_results/r93_rerun_20260525T083118Z/overnight_cpu_full_stream1_20260526T025908Z/cora_2024/per_instance_cora_2024_watchdog_iid178_20260526T051544170603Z.json
full_r3_s1,179,UNKNOWN_TIMEOUT,UNKNOWN,UNKNOWN,,68.248,UNKNOWN_TIMEOUT,True,True,FAILED,3481.47265625,./onnx/cifar10-set.onnx,vnnlib/cifar10-img479.vnnlib,[],[],[],"watchdog killed instance after 68.2s (status=UNKNOWN_TIMEOUT, peak_rss=3481.5 MiB)",/data1/Kane/ACT/audit_results/r93_rerun_20260525T083118Z/overnight_cpu_full_stream1_20260526T025908Z/cora_2024/per_instance_cora_2024_watchdog_iid179_20260526T051652419993Z.json
full_r3_s1,60,UNKNOWN_TIMEOUT,UNKNOWN,UNKNOWN,,68.139,UNKNOWN_TIMEOUT,True,True,FAILED,2539.53125,./onnx/svhn-point.onnx,vnnlib/svhn-img14.vnnlib,[],[],[],"watchdog killed instance after 68.1s (status=UNKNOWN_TIMEOUT, peak_rss=2539.5 MiB)",/data1/Kane/ACT/audit_results/r93_rerun_20260525T083118Z/overnight_cpu_full_stream1_20260526T025908Z/cora_2024/per_instance_cora_2024_watchdog_iid60_20260526T030018559291Z.json
full_r3_s1,61,UNKNOWN_TIMEOUT,UNKNOWN,UNKNOWN,,68.246,UNKNOWN_TIMEOUT,True,True,FAILED,2468.4609375,./onnx/svhn-trades.onnx,vnnlib/svhn-img14.vnnlib,[],[],[],"watchdog killed instance after 68.2s (status=UNKNOWN_TIMEOUT, peak_rss=2468.5 MiB)",/data1/Kane/ACT/audit_results/r93_rerun_20260525T083118Z/overnight_cpu_full_stream1_20260526T025908Z/cora_2024/per_instance_cora_2024_watchdog_iid61_20260526T030126805908Z.json
full_r3_s1,62,UNKNOWN_TIMEOUT,UNKNOWN,UNKNOWN,,68.241,UNKNOWN_TIMEOUT,True,True,FAILED,2433.1796875,./onnx/svhn-set.onnx,vnnlib/svhn-img14.vnnlib,[],[],[],"watchdog killed instance after 68.2s (status=UNKNOWN_TIMEOUT, peak_rss=2433.2 MiB)",/data1/Kane/ACT/audit_results/r93_rerun_20260525T083118Z/overnight_cpu_full_stream1_20260526T025908Z/cora_2024/per_instance_cora_2024_watchdog_iid62_20260526T030235047729Z.json
full_r3_s1,63,UNKNOWN_TIMEOUT,UNKNOWN,UNKNOWN,,68.242,UNKNOWN_TIMEOUT,True,True,FAILED,2368.7734375,./onnx/svhn-point.onnx,vnnlib/svhn-img130.vnnlib,[],[],[],"watchdog killed instance after 68.2s (status=UNKNOWN_TIMEOUT, peak_rss=2368.8 MiB)",/data1/Kane/ACT/audit_results/r93_rerun_20260525T083118Z/overnight_cpu_full_stream1_20260526T025908Z/cora_2024/per_instance_cora_2024_watchdog_iid63_20260526T030343290539Z.json
full_r3_s1,64,UNKNOWN_TIMEOUT,UNKNOWN,UNKNOWN,,68.144,UNKNOWN_TIMEOUT,True,True,FAILED,2347.36328125,./onnx/svhn-trades.onnx,vnnlib/svhn-img130.vnnlib,[],[],[],"watchdog killed instance after 68.1s (status=UNKNOWN_TIMEOUT, peak_rss=2347.4 MiB)",/data1/Kane/ACT/audit_results/r93_rerun_20260525T083118Z/overnight_cpu_full_stream1_20260526T025908Z/cora_2024/per_instance_cora_2024_watchdog_iid64_20260526T030451434632Z.json
full_r3_s1,65,UNKNOWN_TIMEOUT,UNKNOWN,UNKNOWN,,68.147,UNKNOWN_TIMEOUT,True,True,FAILED,2353.91796875,./onnx/svhn-set.onnx,vnnlib/svhn-img130.vnnlib,[],[],[],"watchdog killed instance after 68.1s (status=UNKNOWN_TIMEOUT, peak_rss=2353.9 MiB)",/data1/Kane/ACT/audit_results/r93_rerun_20260525T083118Z/overnight_cpu_full_stream1_20260526T025908Z/cora_2024/per_instance_cora_2024_watchdog_iid65_20260526T030559582582Z.json
full_r3_s1,66,UNKNOWN_TIMEOUT,UNKNOWN,UNKNOWN,,68.249,UNKNOWN_TIMEOUT,True,True,FAILED,2348.8046875,./onnx/svhn-point.onnx,vnnlib/svhn-img137.vnnlib,[],[],[],"watchdog killed instance after 68.2s (status=UNKNOWN_TIMEOUT, peak_rss=2348.8 MiB)",/data1/Kane/ACT/audit_results/r93_rerun_20260525T083118Z/overnight_cpu_full_stream1_20260526T025908Z/cora_2024/per_instance_cora_2024_watchdog_iid66_20260526T030707831699Z.json
full_r3_s1,67,UNKNOWN_TIMEOUT,UNKNOWN,UNKNOWN,,68.146,UNKNOWN_TIMEOUT,True,True,FAILED,2337.8671875,./onnx/svhn-trades.onnx,vnnlib/svhn-img137.vnnlib,[],[],[],"watchdog killed instance after 68.1s (status=UNKNOWN_TIMEOUT, peak_rss=2337.9 MiB)",/data1/Kane/ACT/audit_results/r93_rerun_20260525T083118Z/overnight_cpu_full_stream1_20260526T025908Z/cora_2024/per_instance_cora_2024_watchdog_iid67_20260526T030815978581Z.json
full_r3_s1,68,UNKNOWN_TIMEOUT,UNKNOWN,UNKNOWN,,68.244,UNKNOWN_TIMEOUT,True,True,FAILED,2633.82421875,./onnx/svhn-set.onnx,vnnlib/svhn-img137.vnnlib,[],[],[],"watchdog killed instance after 68.2s (status=UNKNOWN_TIMEOUT, peak_rss=2633.8 MiB)",/data1/Kane/ACT/audit_results/r93_rerun_20260525T083118Z/overnight_cpu_full_stream1_20260526T025908Z/cora_2024/per_instance_cora_2024_watchdog_iid68_20260526T030924223160Z.json
full_r3_s1,69,UNKNOWN_TIMEOUT,UNKNOWN,UNKNOWN,,68.244,UNKNOWN_TIMEOUT,True,True,FAILED,2331.71875,./onnx/svhn-point.onnx,vnnlib/svhn-img153.vnnlib,[],[],[],"watchdog killed instance after 68.2s (status=UNKNOWN_TIMEOUT, peak_rss=2331.7 MiB)",/data1/Kane/ACT/audit_results/r93_rerun_20260525T083118Z/overnight_cpu_full_stream1_20260526T025908Z/cora_2024/per_instance_cora_2024_watchdog_iid69_20260526T031032468119Z.json
full_r3_s1,70,UNKNOWN_TIMEOUT,UNKNOWN,UNKNOWN,,68.143,UNKNOWN_TIMEOUT,True,True,FAILED,2346.390625,./onnx/svhn-trades.onnx,vnnlib/svhn-img153.vnnlib,[],[],[],"watchdog killed instance after 68.1s (status=UNKNOWN_TIMEOUT, peak_rss=2346.4 MiB)",/data1/Kane/ACT/audit_results/r93_rerun_20260525T083118Z/overnight_cpu_full_stream1_20260526T025908Z/cora_2024/per_instance_cora_2024_watchdog_iid70_20260526T031140612257Z.json
full_r3_s1,71,UNKNOWN_TIMEOUT,UNKNOWN,UNKNOWN,,68.244,UNKNOWN_TIMEOUT,True,True,FAILED,3195.8046875,./onnx/svhn-set.onnx,vnnlib/svhn-img153.vnnlib,[],[],[],"watchdog killed instance after 68.2s (status=UNKNOWN_TIMEOUT, peak_rss=3195.8 MiB)",/data1/Kane/ACT/audit_results/r93_rerun_20260525T083118Z/overnight_cpu_full_stream1_20260526T025908Z/cora_2024/per_instance_cora_2024_watchdog_iid71_20260526T031248856497Z.json
full_r3_s1,72,UNKNOWN_TIMEOUT,UNKNOWN,UNKNOWN,,68.144,UNKNOWN_TIMEOUT,True,True,FAILED,2373.6171875,./onnx/svhn-point.onnx,vnnlib/svhn-img164.vnnlib,[],[],[],"watchdog killed instance after 68.1s (status=UNKNOWN_TIMEOUT, peak_rss=2373.6 MiB)",/data1/Kane/ACT/audit_results/r93_rerun_20260525T083118Z/overnight_cpu_full_stream1_20260526T025908Z/cora_2024/per_instance_cora_2024_watchdog_iid72_20260526T031357001164Z.json
full_r3_s1,73,UNKNOWN_TIMEOUT,UNKNOWN,UNKNOWN,,68.143,UNKNOWN_TIMEOUT,True,True,FAILED,2526.38671875,./onnx/svhn-trades.onnx,vnnlib/svhn-img164.vnnlib,[],[],[],"watchdog killed instance after 68.1s (status=UNKNOWN_TIMEOUT, peak_rss=2526.4 MiB)",/data1/Kane/ACT/audit_results/r93_rerun_20260525T083118Z/overnight_cpu_full_stream1_20260526T025908Z/cora_2024/per_instance_cora_2024_watchdog_iid73_20260526T031505144999Z.json
full_r3_s1,74,UNKNOWN_TIMEOUT,UNKNOWN,UNKNOWN,,68.147,UNKNOWN_TIMEOUT,True,True,FAILED,2626.84375,./onnx/svhn-set.onnx,vnnlib/svhn-img164.vnnlib,[],[],[],"watchdog killed instance after 68.1s (status=UNKNOWN_TIMEOUT, peak_rss=2626.8 MiB)",/data1/Kane/ACT/audit_results/r93_rerun_20260525T083118Z/overnight_cpu_full_stream1_20260526T025908Z/cora_2024/per_instance_cora_2024_watchdog_iid74_20260526T031613292165Z.json
full_r3_s1,75,UNKNOWN_TIMEOUT,UNKNOWN,UNKNOWN,,68.146,UNKNOWN_TIMEOUT,True,True,FAILED,2784.609375,./onnx/svhn-point.onnx,vnnlib/svhn-img182.vnnlib,[],[],[],"watchdog killed instance after 68.1s (status=UNKNOWN_TIMEOUT, peak_rss=2784.6 MiB)",/data1/Kane/ACT/audit_results/r93_rerun_20260525T083118Z/overnight_cpu_full_stream1_20260526T025908Z/cora_2024/per_instance_cora_2024_watchdog_iid75_20260526T031721438897Z.json
full_r3_s1,76,UNKNOWN_TIMEOUT,UNKNOWN,UNKNOWN,,68.247,UNKNOWN_TIMEOUT,True,True,FAILED,2556.796875,./onnx/svhn-trades.onnx,vnnlib/svhn-img182.vnnlib,[],[],[],"watchdog killed instance after 68.2s (status=UNKNOWN_TIMEOUT, peak_rss=2556.8 MiB)",/data1/Kane/ACT/audit_results/r93_rerun_20260525T083118Z/overnight_cpu_full_stream1_20260526T025908Z/cora_2024/per_instance_cora_2024_watchdog_iid76_20260526T031829687380Z.json
full_r3_s1,77,UNKNOWN_TIMEOUT,UNKNOWN,UNKNOWN,,68.242,UNKNOWN_TIMEOUT,True,True,FAILED,2691.578125,./onnx/svhn-set.onnx,vnnlib/svhn-img182.vnnlib,[],[],[],"watchdog killed instance after 68.2s (status=UNKNOWN_TIMEOUT, peak_rss=2691.6 MiB)",/data1/Kane/ACT/audit_results/r93_rerun_20260525T083118Z/overnight_cpu_full_stream1_20260526T025908Z/cora_2024/per_instance_cora_2024_watchdog_iid77_20260526T031937930600Z.json
full_r3_s1,78,UNKNOWN_TIMEOUT,UNKNOWN,UNKNOWN,,68.245,UNKNOWN_TIMEOUT,True,True,FAILED,2753.99609375,./onnx/svhn-point.onnx,vnnlib/svhn-img225.vnnlib,[],[],[],"watchdog killed instance after 68.2s (status=UNKNOWN_TIMEOUT, peak_rss=2754.0 MiB)",/data1/Kane/ACT/audit_results/r93_rerun_20260525T083118Z/overnight_cpu_full_stream1_20260526T025908Z/cora_2024/per_instance_cora_2024_watchdog_iid78_20260526T032046176204Z.json
full_r3_s1,79,UNKNOWN_TIMEOUT,UNKNOWN,UNKNOWN,,68.143,UNKNOWN_TIMEOUT,True,True,FAILED,2361.09375,./onnx/svhn-trades.onnx,vnnlib/svhn-img225.vnnlib,[],[],[],"watchdog killed instance after 68.1s (status=UNKNOWN_TIMEOUT, peak_rss=2361.1 MiB)",/data1/Kane/ACT/audit_results/r93_rerun_20260525T083118Z/overnight_cpu_full_stream1_20260526T025908Z/cora_2024/per_instance_cora_2024_watchdog_iid79_20260526T032154319988Z.json
full_r3_s1,80,UNKNOWN_TIMEOUT,UNKNOWN,UNKNOWN,,68.15,UNKNOWN_TIMEOUT,True,True,FAILED,2336.46875,./onnx/svhn-set.onnx,vnnlib/svhn-img225.vnnlib,[],[],[],"watchdog killed instance after 68.1s (status=UNKNOWN_TIMEOUT, peak_rss=2336.5 MiB)",/data1/Kane/ACT/audit_results/r93_rerun_20260525T083118Z/overnight_cpu_full_stream1_20260526T025908Z/cora_2024/per_instance_cora_2024_watchdog_iid80_20260526T032302470462Z.json
full_r3_s1,81,UNKNOWN_TIMEOUT,UNKNOWN,UNKNOWN,,68.143,UNKNOWN_TIMEOUT,True,True,FAILED,2482.43359375,./onnx/svhn-point.onnx,vnnlib/svhn-img263.vnnlib,[],[],[],"watchdog killed instance after 68.1s (status=UNKNOWN_TIMEOUT, peak_rss=2482.4 MiB)",/data1/Kane/ACT/audit_results/r93_rerun_20260525T083118Z/overnight_cpu_full_stream1_20260526T025908Z/cora_2024/per_instance_cora_2024_watchdog_iid81_20260526T032410614501Z.json
full_r3_s1,82,UNKNOWN_TIMEOUT,UNKNOWN,UNKNOWN,,68.142,UNKNOWN_TIMEOUT,True,True,FAILED,2326.890625,./onnx/svhn-trades.onnx,vnnlib/svhn-img263.vnnlib,[],[],[],"watchdog killed instance after 68.1s (status=UNKNOWN_TIMEOUT, peak_rss=2326.9 MiB)",/data1/Kane/ACT/audit_results/r93_rerun_20260525T083118Z/overnight_cpu_full_stream1_20260526T025908Z/cora_2024/per_instance_cora_2024_watchdog_iid82_20260526T032518757021Z.json
full_r3_s1,83,UNKNOWN_TIMEOUT,UNKNOWN,UNKNOWN,,68.148,UNKNOWN_TIMEOUT,True,True,FAILED,2319.78125,./onnx/svhn-set.onnx,vnnlib/svhn-img263.vnnlib,[],[],[],"watchdog killed instance after 68.1s (status=UNKNOWN_TIMEOUT, peak_rss=2319.8 MiB)",/data1/Kane/ACT/audit_results/r93_rerun_20260525T083118Z/overnight_cpu_full_stream1_20260526T025908Z/cora_2024/per_instance_cora_2024_watchdog_iid83_20260526T032626905822Z.json
full_r3_s1,84,UNKNOWN_TIMEOUT,UNKNOWN,UNKNOWN,,68.247,UNKNOWN_TIMEOUT,True,True,FAILED,2661.75390625,./onnx/svhn-point.onnx,vnnlib/svhn-img279.vnnlib,[],[],[],"watchdog killed instance after 68.2s (status=UNKNOWN_TIMEOUT, peak_rss=2661.8 MiB)",/data1/Kane/ACT/audit_results/r93_rerun_20260525T083118Z/overnight_cpu_full_stream1_20260526T025908Z/cora_2024/per_instance_cora_2024_watchdog_iid84_20260526T032735153442Z.json
full_r3_s1,85,UNKNOWN_TIMEOUT,UNKNOWN,UNKNOWN,,68.147,UNKNOWN_TIMEOUT,True,True,FAILED,2521.90625,./onnx/svhn-trades.onnx,vnnlib/svhn-img279.vnnlib,[],[],[],"watchdog killed instance after 68.1s (status=UNKNOWN_TIMEOUT, peak_rss=2521.9 MiB)",/data1/Kane/ACT/audit_results/r93_rerun_20260525T083118Z/overnight_cpu_full_stream1_20260526T025908Z/cora_2024/per_instance_cora_2024_watchdog_iid85_20260526T032843301207Z.json
full_r3_s1,86,UNKNOWN_TIMEOUT,UNKNOWN,UNKNOWN,,68.148,UNKNOWN_TIMEOUT,True,True,FAILED,2353.22265625,./onnx/svhn-set.onnx,vnnlib/svhn-img279.vnnlib,[],[],[],"watchdog killed instance after 68.1s (status=UNKNOWN_TIMEOUT, peak_rss=2353.2 MiB)",/data1/Kane/ACT/audit_results/r93_rerun_20260525T083118Z/overnight_cpu_full_stream1_20260526T025908Z/cora_2024/per_instance_cora_2024_watchdog_iid86_20260526T032951498533Z.json
full_r3_s1,87,UNKNOWN_TIMEOUT,UNKNOWN,UNKNOWN,,68.144,UNKNOWN_TIMEOUT,True,True,FAILED,2346.1171875,./onnx/svhn-point.onnx,vnnlib/svhn-img289.vnnlib,[],[],[],"watchdog killed instance after 68.1s (status=UNKNOWN_TIMEOUT, peak_rss=2346.1 MiB)",/data1/Kane/ACT/audit_results/r93_rerun_20260525T083118Z/overnight_cpu_full_stream1_20260526T025908Z/cora_2024/per_instance_cora_2024_watchdog_iid87_20260526T033059643594Z.json
full_r3_s1,88,UNKNOWN_TIMEOUT,UNKNOWN,UNKNOWN,,68.148,UNKNOWN_TIMEOUT,True,True,FAILED,2344.47265625,./onnx/svhn-trades.onnx,vnnlib/svhn-img289.vnnlib,[],[],[],"watchdog killed instance after 68.1s (status=UNKNOWN_TIMEOUT, peak_rss=2344.5 MiB)",/data1/Kane/ACT/audit_results/r93_rerun_20260525T083118Z/overnight_cpu_full_stream1_20260526T025908Z/cora_2024/per_instance_cora_2024_watchdog_iid88_20260526T033207793092Z.json
full_r3_s1,89,UNKNOWN_TIMEOUT,UNKNOWN,UNKNOWN,,68.147,UNKNOWN_TIMEOUT,True,True,FAILED,2568.48828125,./onnx/svhn-set.onnx,vnnlib/svhn-img289.vnnlib,[],[],[],"watchdog killed instance after 68.1s (status=UNKNOWN_TIMEOUT, peak_rss=2568.5 MiB)",/data1/Kane/ACT/audit_results/r93_rerun_20260525T083118Z/overnight_cpu_full_stream1_20260526T025908Z/cora_2024/per_instance_cora_2024_watchdog_iid89_20260526T033315940710Z.json
full_r3_s1,90,UNKNOWN_TIMEOUT,UNKNOWN,UNKNOWN,,68.248,UNKNOWN_TIMEOUT,True,True,FAILED,2423.5,./onnx/svhn-point.onnx,vnnlib/svhn-img337.vnnlib,[],[],[],"watchdog killed instance after 68.2s (status=UNKNOWN_TIMEOUT, peak_rss=2423.5 MiB)",/data1/Kane/ACT/audit_results/r93_rerun_20260525T083118Z/overnight_cpu_full_stream1_20260526T025908Z/cora_2024/per_instance_cora_2024_watchdog_iid90_20260526T033424189997Z.json
full_r3_s1,91,UNKNOWN_TIMEOUT,UNKNOWN,UNKNOWN,,68.245,UNKNOWN_TIMEOUT,True,True,FAILED,2506.5625,./onnx/svhn-trades.onnx,vnnlib/svhn-img337.vnnlib,[],[],[],"watchdog killed instance after 68.2s (status=UNKNOWN_TIMEOUT, peak_rss=2506.6 MiB)",/data1/Kane/ACT/audit_results/r93_rerun_20260525T083118Z/overnight_cpu_full_stream1_20260526T025908Z/cora_2024/per_instance_cora_2024_watchdog_iid91_20260526T033532435877Z.json
full_r3_s1,92,UNKNOWN_TIMEOUT,UNKNOWN,UNKNOWN,,68.25,UNKNOWN_TIMEOUT,True,True,FAILED,2498.44921875,./onnx/svhn-set.onnx,vnnlib/svhn-img337.vnnlib,[],[],[],"watchdog killed instance after 68.3s (status=UNKNOWN_TIMEOUT, peak_rss=2498.4 MiB)",/data1/Kane/ACT/audit_results/r93_rerun_20260525T083118Z/overnight_cpu_full_stream1_20260526T025908Z/cora_2024/per_instance_cora_2024_watchdog_iid92_20260526T033640687192Z.json
full_r3_s1,93,UNKNOWN_TIMEOUT,UNKNOWN,UNKNOWN,,68.248,UNKNOWN_TIMEOUT,True,True,FAILED,2351.0703125,./onnx/svhn-point.onnx,vnnlib/svhn-img349.vnnlib,[],[],[],"watchdog killed instance after 68.2s (status=UNKNOWN_TIMEOUT, peak_rss=2351.1 MiB)",/data1/Kane/ACT/audit_results/r93_rerun_20260525T083118Z/overnight_cpu_full_stream1_20260526T025908Z/cora_2024/per_instance_cora_2024_watchdog_iid93_20260526T033748935835Z.json
full_r3_s1,94,UNKNOWN_TIMEOUT,UNKNOWN,UNKNOWN,,68.147,UNKNOWN_TIMEOUT,True,True,FAILED,2354.41015625,./onnx/svhn-trades.onnx,vnnlib/svhn-img349.vnnlib,[],[],[],"watchdog killed instance after 68.1s (status=UNKNOWN_TIMEOUT, peak_rss=2354.4 MiB)",/data1/Kane/ACT/audit_results/r93_rerun_20260525T083118Z/overnight_cpu_full_stream1_20260526T025908Z/cora_2024/per_instance_cora_2024_watchdog_iid94_20260526T033857083148Z.json
full_r3_s1,95,UNKNOWN_TIMEOUT,UNKNOWN,UNKNOWN,,68.241,UNKNOWN_TIMEOUT,True,True,FAILED,2638.71484375,./onnx/svhn-set.onnx,vnnlib/svhn-img349.vnnlib,[],[],[],"watchdog killed instance after 68.2s (status=UNKNOWN_TIMEOUT, peak_rss=2638.7 MiB)",/data1/Kane/ACT/audit_results/r93_rerun_20260525T083118Z/overnight_cpu_full_stream1_20260526T025908Z/cora_2024/per_instance_cora_2024_watchdog_iid95_20260526T034005324477Z.json
full_r3_s1,96,UNKNOWN_TIMEOUT,UNKNOWN,UNKNOWN,,68.244,UNKNOWN_TIMEOUT,True,True,FAILED,2707.1171875,./onnx/svhn-point.onnx,vnnlib/svhn-img530.vnnlib,[],[],[],"watchdog killed instance after 68.2s (status=UNKNOWN_TIMEOUT, peak_rss=2707.1 MiB)",/data1/Kane/ACT/audit_results/r93_rerun_20260525T083118Z/overnight_cpu_full_stream1_20260526T025908Z/cora_2024/per_instance_cora_2024_watchdog_iid96_20260526T034113569558Z.json
full_r3_s1,97,UNKNOWN_TIMEOUT,UNKNOWN,UNKNOWN,,68.245,UNKNOWN_TIMEOUT,True,True,FAILED,2380.0,./onnx/svhn-trades.onnx,vnnlib/svhn-img530.vnnlib,[],[],[],"watchdog killed instance after 68.2s (status=UNKNOWN_TIMEOUT, peak_rss=2380.0 MiB)",/data1/Kane/ACT/audit_results/r93_rerun_20260525T083118Z/overnight_cpu_full_stream1_20260526T025908Z/cora_2024/per_instance_cora_2024_watchdog_iid97_20260526T034221816598Z.json
full_r3_s1,98,UNKNOWN_TIMEOUT,UNKNOWN,UNKNOWN,,68.242,UNKNOWN_TIMEOUT,True,True,FAILED,2728.71484375,./onnx/svhn-set.onnx,vnnlib/svhn-img530.vnnlib,[],[],[],"watchdog killed instance after 68.2s (status=UNKNOWN_TIMEOUT, peak_rss=2728.7 MiB)",/data1/Kane/ACT/audit_results/r93_rerun_20260525T083118Z/overnight_cpu_full_stream1_20260526T025908Z/cora_2024/per_instance_cora_2024_watchdog_iid98_20260526T034330060020Z.json
full_r3_s1,99,UNKNOWN_TIMEOUT,UNKNOWN,UNKNOWN,,68.244,UNKNOWN_TIMEOUT,True,True,FAILED,2347.53125,./onnx/svhn-point.onnx,vnnlib/svhn-img601.vnnlib,[],[],[],"watchdog killed instance after 68.2s (status=UNKNOWN_TIMEOUT, peak_rss=2347.5 MiB)",/data1/Kane/ACT/audit_results/r93_rerun_20260525T083118Z/overnight_cpu_full_stream1_20260526T025908Z/cora_2024/per_instance_cora_2024_watchdog_iid99_20260526T034438304460Z.json
full_r3_seq,10,UNKNOWN_TIMEOUT,UNKNOWN,UNKNOWN,,68.144,UNKNOWN_TIMEOUT,True,True,FAILED,2406.55078125,./onnx/mnist-trades.onnx,vnnlib/mnist-img3.vnnlib,[],[],[],"watchdog killed instance after 68.1s (status=UNKNOWN_TIMEOUT, peak_rss=2406.6 MiB)",/data1/Kane/ACT/audit_results/r93_rerun_20260525T083118Z/overnight_cpu_full_20260526T021049Z/cora_2024/per_instance_cora_2024_watchdog_iid10_20260526T021159759188Z.json
full_r3_seq,11,CERTIFIED,UNSAT,CERTIFIED,CERTIFIED,7.881,,False,,PASSED,,./onnx/mnist-set.onnx,vnnlib/mnist-img3.vnnlib,"[""UNSAT"",""UNSAT"",""UNSAT"",""UNSAT"",""UNSAT"",""UNSAT"",""UNSAT"",""UNSAT"",""UNSAT""]","[""CERTIFIED"",""CERTIFIED"",""CERTIFIED"",""CERTIFIED"",""CERTIFIED"",""CERTIFIED"",""CERTIFIED"",""CERTIFIED"",""CERTIFIED""]","[null,null,null,null,null,null,null,null,null]",,/data1/Kane/ACT/audit_results/r93_rerun_20260525T083118Z/overnight_cpu_full_20260526T021049Z/cora_2024/per_instance_cora_2024_20260526T021209693785Z.json
full_r3_seq,12,UNKNOWN_TIMEOUT,UNKNOWN,UNKNOWN,,68.143,UNKNOWN_TIMEOUT,True,True,FAILED,2060.8203125,./onnx/mnist-point.onnx,vnnlib/mnist-img4.vnnlib,[],[],[],"watchdog killed instance after 68.1s (status=UNKNOWN_TIMEOUT, peak_rss=2060.8 MiB)",/data1/Kane/ACT/audit_results/r93_rerun_20260525T083118Z/overnight_cpu_full_20260526T021049Z/cora_2024/per_instance_cora_2024_watchdog_iid12_20260526T021318411590Z.json
full_r3_seq,13,UNKNOWN_TIMEOUT,UNKNOWN,UNKNOWN,,68.144,UNKNOWN_TIMEOUT,True,True,FAILED,2480.1796875,./onnx/mnist-trades.onnx,vnnlib/mnist-img4.vnnlib,[],[],[],"watchdog killed instance after 68.1s (status=UNKNOWN_TIMEOUT, peak_rss=2480.2 MiB)",/data1/Kane/ACT/audit_results/r93_rerun_20260525T083118Z/overnight_cpu_full_20260526T021049Z/cora_2024/per_instance_cora_2024_watchdog_iid13_20260526T021426555796Z.json
full_r3_seq,14,CERTIFIED,UNSAT,CERTIFIED,CERTIFIED,27.543,,False,,PASSED,,./onnx/mnist-set.onnx,vnnlib/mnist-img4.vnnlib,"[""UNSAT"",""UNSAT"",""UNSAT"",""UNSAT"",""UNSAT"",""UNSAT"",""UNSAT"",""UNSAT"",""UNSAT""]","[""CERTIFIED"",""CERTIFIED"",""CERTIFIED"",""CERTIFIED"",""CERTIFIED"",""CERTIFIED"",""CERTIFIED"",""CERTIFIED"",""CERTIFIED""]","[null,null,null,null,null,null,null,null,null]",,/data1/Kane/ACT/audit_results/r93_rerun_20260525T083118Z/overnight_cpu_full_20260526T021049Z/cora_2024/per_instance_cora_2024_20260526T021456185002Z.json
full_r3_seq,15,UNKNOWN_TIMEOUT,UNKNOWN,UNKNOWN,,68.149,UNKNOWN_TIMEOUT,True,True,FAILED,2162.10546875,./onnx/mnist-point.onnx,vnnlib/mnist-img5.vnnlib,[],[],[],"watchdog killed instance after 68.1s (status=UNKNOWN_TIMEOUT, peak_rss=2162.1 MiB)",/data1/Kane/ACT/audit_results/r93_rerun_20260525T083118Z/overnight_cpu_full_20260526T021049Z/cora_2024/per_instance_cora_2024_watchdog_iid15_20260526T021605226333Z.json
full_r3_seq,16,UNKNOWN_TIMEOUT,UNKNOWN,UNKNOWN,,68.149,UNKNOWN_TIMEOUT,True,True,FAILED,2065.56640625,./onnx/mnist-trades.onnx,vnnlib/mnist-img5.vnnlib,[],[],[],"watchdog killed instance after 68.1s (status=UNKNOWN_TIMEOUT, peak_rss=2065.6 MiB)",/data1/Kane/ACT/audit_results/r93_rerun_20260525T083118Z/overnight_cpu_full_20260526T021049Z/cora_2024/per_instance_cora_2024_watchdog_iid16_20260526T021713376933Z.json
full_r3_seq,17,CERTIFIED,UNSAT,CERTIFIED,CERTIFIED,7.893,,False,,PASSED,,./onnx/mnist-set.onnx,vnnlib/mnist-img5.vnnlib,"[""UNSAT"",""UNSAT"",""UNSAT"",""UNSAT"",""UNSAT"",""UNSAT"",""UNSAT"",""UNSAT"",""UNSAT""]","[""CERTIFIED"",""CERTIFIED"",""CERTIFIED"",""CERTIFIED"",""CERTIFIED"",""CERTIFIED"",""CERTIFIED"",""CERTIFIED"",""CERTIFIED""]","[null,null,null,null,null,null,null,null,null]",,/data1/Kane/ACT/audit_results/r93_rerun_20260525T083118Z/overnight_cpu_full_20260526T021049Z/cora_2024/per_instance_cora_2024_20260526T021723317765Z.json
full_r3_seq,18,UNKNOWN_TIMEOUT,UNKNOWN,UNKNOWN,,68.15,UNKNOWN_TIMEOUT,True,True,FAILED,2123.8203125,./onnx/mnist-point.onnx,vnnlib/mnist-img6.vnnlib,[],[],[],"watchdog killed instance after 68.1s (status=UNKNOWN_TIMEOUT, peak_rss=2123.8 MiB)",/data1/Kane/ACT/audit_results/r93_rerun_20260525T083118Z/overnight_cpu_full_20260526T021049Z/cora_2024/per_instance_cora_2024_watchdog_iid18_20260526T021832034757Z.json
full_r3_seq,19,UNKNOWN_TIMEOUT,UNKNOWN,UNKNOWN,,68.25,UNKNOWN_TIMEOUT,True,True,FAILED,2439.40234375,./onnx/mnist-trades.onnx,vnnlib/mnist-img6.vnnlib,[],[],[],"watchdog killed instance after 68.2s (status=UNKNOWN_TIMEOUT, peak_rss=2439.4 MiB)",/data1/Kane/ACT/audit_results/r93_rerun_20260525T083118Z/overnight_cpu_full_20260526T021049Z/cora_2024/per_instance_cora_2024_watchdog_iid19_20260526T021940285531Z.json
full_r3_seq,20,CERTIFIED,UNSAT,CERTIFIED,CERTIFIED,15.792,,False,,PASSED,,./onnx/mnist-set.onnx,vnnlib/mnist-img6.vnnlib,"[""UNSAT"",""UNSAT"",""UNSAT"",""UNSAT"",""UNSAT"",""UNSAT"",""UNSAT"",""UNSAT"",""UNSAT""]","[""CERTIFIED"",""CERTIFIED"",""CERTIFIED"",""CERTIFIED"",""CERTIFIED"",""CERTIFIED"",""CERTIFIED"",""CERTIFIED"",""CERTIFIED""]","[null,null,null,null,null,null,null,null,null]",,/data1/Kane/ACT/audit_results/r93_rerun_20260525T083118Z/overnight_cpu_full_20260526T021049Z/cora_2024/per_instance_cora_2024_20260526T021958094858Z.json
full_r3_seq,21,UNKNOWN_TIMEOUT,UNKNOWN,UNKNOWN,,68.25,UNKNOWN_TIMEOUT,True,True,FAILED,2228.69921875,./onnx/mnist-point.onnx,vnnlib/mnist-img7.vnnlib,[],[],[],"watchdog killed instance after 68.2s (status=UNKNOWN_TIMEOUT, peak_rss=2228.7 MiB)",/data1/Kane/ACT/audit_results/r93_rerun_20260525T083118Z/overnight_cpu_full_20260526T021049Z/cora_2024/per_instance_cora_2024_watchdog_iid21_20260526T022107048090Z.json
full_r3_seq,22,UNKNOWN_TIMEOUT,UNKNOWN,UNKNOWN,,68.249,UNKNOWN_TIMEOUT,True,True,FAILED,2199.10546875,./onnx/mnist-trades.onnx,vnnlib/mnist-img7.vnnlib,[],[],[],"watchdog killed instance after 68.2s (status=UNKNOWN_TIMEOUT, peak_rss=2199.1 MiB)",/data1/Kane/ACT/audit_results/r93_rerun_20260525T083118Z/overnight_cpu_full_20260526T021049Z/cora_2024/per_instance_cora_2024_watchdog_iid22_20260526T022215298047Z.json
full_r3_seq,23,CERTIFIED,UNSAT,CERTIFIED,CERTIFIED,15.59,,False,,PASSED,,./onnx/mnist-set.onnx,vnnlib/mnist-img7.vnnlib,"[""UNSAT"",""UNSAT"",""UNSAT"",""UNSAT"",""UNSAT"",""UNSAT"",""UNSAT"",""UNSAT"",""UNSAT""]","[""CERTIFIED"",""CERTIFIED"",""CERTIFIED"",""CERTIFIED"",""CERTIFIED"",""CERTIFIED"",""CERTIFIED"",""CERTIFIED"",""CERTIFIED""]","[null,null,null,null,null,null,null,null,null]",,/data1/Kane/ACT/audit_results/r93_rerun_20260525T083118Z/overnight_cpu_full_20260526T021049Z/cora_2024/per_instance_cora_2024_20260526T022232922867Z.json
full_r3_seq,24,UNKNOWN_TIMEOUT,UNKNOWN,UNKNOWN,,68.15,UNKNOWN_TIMEOUT,True,True,FAILED,2349.95703125,./onnx/mnist-point.onnx,vnnlib/mnist-img8.vnnlib,[],[],[],"watchdog killed instance after 68.1s (status=UNKNOWN_TIMEOUT, peak_rss=2350.0 MiB)",/data1/Kane/ACT/audit_results/r93_rerun_20260525T083118Z/overnight_cpu_full_20260526T021049Z/cora_2024/per_instance_cora_2024_watchdog_iid24_20260526T022341962283Z.json
full_r3_seq,25,UNKNOWN_TIMEOUT,UNKNOWN,UNKNOWN,,68.246,UNKNOWN_TIMEOUT,True,True,FAILED,2091.6796875,./onnx/mnist-trades.onnx,vnnlib/mnist-img8.vnnlib,[],[],[],"watchdog killed instance after 68.2s (status=UNKNOWN_TIMEOUT, peak_rss=2091.7 MiB)",/data1/Kane/ACT/audit_results/r93_rerun_20260525T083118Z/overnight_cpu_full_20260526T021049Z/cora_2024/per_instance_cora_2024_watchdog_iid25_20260526T022450209007Z.json
full_r3_seq,26,CERTIFIED,UNSAT,CERTIFIED,CERTIFIED,16.938,,False,,PASSED,,./onnx/mnist-set.onnx,vnnlib/mnist-img8.vnnlib,"[""UNSAT"",""UNSAT"",""UNSAT"",""UNSAT"",""UNSAT"",""UNSAT"",""UNSAT"",""UNSAT"",""UNSAT""]","[""CERTIFIED"",""CERTIFIED"",""CERTIFIED"",""CERTIFIED"",""CERTIFIED"",""CERTIFIED"",""CERTIFIED"",""CERTIFIED"",""CERTIFIED""]","[null,null,null,null,null,null,null,null,null]",,/data1/Kane/ACT/audit_results/r93_rerun_20260525T083118Z/overnight_cpu_full_20260526T021049Z/cora_2024/per_instance_cora_2024_20260526T022509200285Z.json
full_r3_seq,27,UNKNOWN_TIMEOUT,UNKNOWN,UNKNOWN,,68.145,UNKNOWN_TIMEOUT,True,True,FAILED,2144.12890625,./onnx/mnist-point.onnx,vnnlib/mnist-img9.vnnlib,[],[],[],"watchdog killed instance after 68.1s (status=UNKNOWN_TIMEOUT, peak_rss=2144.1 MiB)",/data1/Kane/ACT/audit_results/r93_rerun_20260525T083118Z/overnight_cpu_full_20260526T021049Z/cora_2024/per_instance_cora_2024_watchdog_iid27_20260526T022618368400Z.json
full_r3_seq,28,UNKNOWN_TIMEOUT,UNKNOWN,UNKNOWN,,68.147,UNKNOWN_TIMEOUT,True,True,FAILED,2016.72265625,./onnx/mnist-trades.onnx,vnnlib/mnist-img9.vnnlib,[],[],[],"watchdog killed instance after 68.1s (status=UNKNOWN_TIMEOUT, peak_rss=2016.7 MiB)",/data1/Kane/ACT/audit_results/r93_rerun_20260525T083118Z/overnight_cpu_full_20260526T021049Z/cora_2024/per_instance_cora_2024_watchdog_iid28_20260526T022726516163Z.json
full_r3_seq,29,CERTIFIED,UNSAT,CERTIFIED,CERTIFIED,48.495,,False,,PASSED,,./onnx/mnist-set.onnx,vnnlib/mnist-img9.vnnlib,"[""UNSAT"",""UNSAT"",""UNSAT"",""UNSAT"",""UNSAT"",""UNSAT"",""UNSAT"",""UNSAT"",""UNSAT""]","[""CERTIFIED"",""CERTIFIED"",""CERTIFIED"",""CERTIFIED"",""CERTIFIED"",""CERTIFIED"",""CERTIFIED"",""CERTIFIED"",""CERTIFIED""]","[null,null,null,null,null,null,null,null,null]",,/data1/Kane/ACT/audit_results/r93_rerun_20260525T083118Z/overnight_cpu_full_20260526T021049Z/cora_2024/per_instance_cora_2024_20260526T022817023506Z.json
full_r3_seq,30,UNKNOWN_TIMEOUT,UNKNOWN,UNKNOWN,,68.347,UNKNOWN_TIMEOUT,True,True,FAILED,2313.765625,./onnx/mnist-point.onnx,vnnlib/mnist-img10.vnnlib,[],[],[],"watchdog killed instance after 68.3s (status=UNKNOWN_TIMEOUT, peak_rss=2313.8 MiB)",/data1/Kane/ACT/audit_results/r93_rerun_20260525T083118Z/overnight_cpu_full_20260526T021049Z/cora_2024/per_instance_cora_2024_watchdog_iid30_20260526T022926400855Z.json
full_r3_seq,31,UNKNOWN_TIMEOUT,UNKNOWN,UNKNOWN,,68.248,UNKNOWN_TIMEOUT,True,True,FAILED,2085.6484375,./onnx/mnist-trades.onnx,vnnlib/mnist-img10.vnnlib,[],[],[],"watchdog killed instance after 68.2s (status=UNKNOWN_TIMEOUT, peak_rss=2085.6 MiB)",/data1/Kane/ACT/audit_results/r93_rerun_20260525T083118Z/overnight_cpu_full_20260526T021049Z/cora_2024/per_instance_cora_2024_watchdog_iid31_20260526T023034649395Z.json
full_r3_seq,32,CERTIFIED,UNSAT,CERTIFIED,CERTIFIED,12.188,,False,,PASSED,,./onnx/mnist-set.onnx,vnnlib/mnist-img10.vnnlib,"[""UNSAT"",""UNSAT"",""UNSAT"",""UNSAT"",""UNSAT"",""UNSAT"",""UNSAT"",""UNSAT"",""UNSAT""]","[""CERTIFIED"",""CERTIFIED"",""CERTIFIED"",""CERTIFIED"",""CERTIFIED"",""CERTIFIED"",""CERTIFIED"",""CERTIFIED"",""CERTIFIED""]","[null,null,null,null,null,null,null,null,null]",,/data1/Kane/ACT/audit_results/r93_rerun_20260525T083118Z/overnight_cpu_full_20260526T021049Z/cora_2024/per_instance_cora_2024_20260526T023048893427Z.json
full_r3_seq,33,UNKNOWN_TIMEOUT,UNKNOWN,UNKNOWN,,68.146,UNKNOWN_TIMEOUT,True,True,FAILED,2112.5625,./onnx/mnist-point.onnx,vnnlib/mnist-img11.vnnlib,[],[],[],"watchdog killed instance after 68.1s (status=UNKNOWN_TIMEOUT, peak_rss=2112.6 MiB)",/data1/Kane/ACT/audit_results/r93_rerun_20260525T083118Z/overnight_cpu_full_20260526T021049Z/cora_2024/per_instance_cora_2024_watchdog_iid33_20260526T023157808027Z.json
full_r3_seq,34,UNKNOWN_TIMEOUT,UNKNOWN,UNKNOWN,,68.147,UNKNOWN_TIMEOUT,True,True,FAILED,2099.01171875,./onnx/mnist-trades.onnx,vnnlib/mnist-img11.vnnlib,[],[],[],"watchdog killed instance after 68.1s (status=UNKNOWN_TIMEOUT, peak_rss=2099.0 MiB)",/data1/Kane/ACT/audit_results/r93_rerun_20260525T083118Z/overnight_cpu_full_20260526T021049Z/cora_2024/per_instance_cora_2024_watchdog_iid34_20260526T023305955767Z.json
full_r3_seq,35,CERTIFIED,UNSAT,CERTIFIED,CERTIFIED,6.835,,False,,PASSED,,./onnx/mnist-set.onnx,vnnlib/mnist-img11.vnnlib,"[""UNSAT"",""UNSAT"",""UNSAT"",""UNSAT"",""UNSAT"",""UNSAT"",""UNSAT"",""UNSAT"",""UNSAT""]","[""CERTIFIED"",""CERTIFIED"",""CERTIFIED"",""CERTIFIED"",""CERTIFIED"",""CERTIFIED"",""CERTIFIED"",""CERTIFIED"",""CERTIFIED""]","[null,null,null,null,null,null,null,null,null]",,/data1/Kane/ACT/audit_results/r93_rerun_20260525T083118Z/overnight_cpu_full_20260526T021049Z/cora_2024/per_instance_cora_2024_20260526T023314799571Z.json
full_r3_seq,36,UNKNOWN_TIMEOUT,UNKNOWN,UNKNOWN,,68.146,UNKNOWN_TIMEOUT,True,True,FAILED,2039.9765625,./onnx/mnist-point.onnx,vnnlib/mnist-img13.vnnlib,[],[],[],"watchdog killed instance after 68.1s (status=UNKNOWN_TIMEOUT, peak_rss=2040.0 MiB)",/data1/Kane/ACT/audit_results/r93_rerun_20260525T083118Z/overnight_cpu_full_20260526T021049Z/cora_2024/per_instance_cora_2024_watchdog_iid36_20260526T023423609053Z.json
full_r3_seq,37,UNKNOWN_TIMEOUT,UNKNOWN,UNKNOWN,,68.141,UNKNOWN_TIMEOUT,True,True,FAILED,1883.78125,./onnx/mnist-trades.onnx,vnnlib/mnist-img13.vnnlib,[],[],[],"watchdog killed instance after 68.1s (status=UNKNOWN_TIMEOUT, peak_rss=1883.8 MiB)",/data1/Kane/ACT/audit_results/r93_rerun_20260525T083118Z/overnight_cpu_full_20260526T021049Z/cora_2024/per_instance_cora_2024_watchdog_iid37_20260526T023531750425Z.json
full_r3_seq,38,UNKNOWN,UNKNOWN,UNKNOWN,UNKNOWN,62.139,,False,,PASSED,,./onnx/mnist-set.onnx,vnnlib/mnist-img13.vnnlib,"[""UNKNOWN"",""UNKNOWN"",""UNKNOWN"",""UNKNOWN"",""UNKNOWN"",""UNKNOWN""]","[""UNKNOWN"",""UNKNOWN"",""UNKNOWN"",""UNKNOWN"",""UNKNOWN"",""UNKNOWN""]","[null,null,null,null,null,null]",,/data1/Kane/ACT/audit_results/r93_rerun_20260525T083118Z/overnight_cpu_full_20260526T021049Z/cora_2024/per_instance_cora_2024_20260526T023636201585Z.json
full_r3_seq,39,UNKNOWN_TIMEOUT,UNKNOWN,UNKNOWN,,68.142,UNKNOWN_TIMEOUT,True,True,FAILED,2110.65625,./onnx/mnist-point.onnx,vnnlib/mnist-img14.vnnlib,[],[],[],"watchdog killed instance after 68.1s (status=UNKNOWN_TIMEOUT, peak_rss=2110.7 MiB)",/data1/Kane/ACT/audit_results/r93_rerun_20260525T083118Z/overnight_cpu_full_20260526T021049Z/cora_2024/per_instance_cora_2024_watchdog_iid39_20260526T023744928688Z.json
full_r3_seq,40,UNKNOWN_TIMEOUT,UNKNOWN,UNKNOWN,,68.245,UNKNOWN_TIMEOUT,True,True,FAILED,2149.8125,./onnx/mnist-trades.onnx,vnnlib/mnist-img14.vnnlib,[],[],[],"watchdog killed instance after 68.2s (status=UNKNOWN_TIMEOUT, peak_rss=2149.8 MiB)",/data1/Kane/ACT/audit_results/r93_rerun_20260525T083118Z/overnight_cpu_full_20260526T021049Z/cora_2024/per_instance_cora_2024_watchdog_iid40_20260526T023853174016Z.json
full_r3_seq,41,CERTIFIED,UNSAT,CERTIFIED,CERTIFIED,49.762,,False,,PASSED,,./onnx/mnist-set.onnx,vnnlib/mnist-img14.vnnlib,"[""UNSAT"",""UNSAT"",""UNSAT"",""UNSAT"",""UNSAT"",""UNSAT"",""UNSAT"",""UNSAT"",""UNSAT""]","[""CERTIFIED"",""CERTIFIED"",""CERTIFIED"",""CERTIFIED"",""CERTIFIED"",""CERTIFIED"",""CERTIFIED"",""CERTIFIED"",""CERTIFIED""]","[null,null,null,null,null,null,null,null,null]",,/data1/Kane/ACT/audit_results/r93_rerun_20260525T083118Z/overnight_cpu_full_20260526T021049Z/cora_2024/per_instance_cora_2024_20260526T023944973249Z.json
full_r3_seq,42,UNKNOWN_TIMEOUT,UNKNOWN,UNKNOWN,,68.141,UNKNOWN_TIMEOUT,True,True,FAILED,2097.96875,./onnx/mnist-point.onnx,vnnlib/mnist-img15.vnnlib,[],[],[],"watchdog killed instance after 68.1s (status=UNKNOWN_TIMEOUT, peak_rss=2098.0 MiB)",/data1/Kane/ACT/audit_results/r93_rerun_20260525T083118Z/overnight_cpu_full_20260526T021049Z/cora_2024/per_instance_cora_2024_watchdog_iid42_20260526T024053850256Z.json
full_r3_seq,43,UNKNOWN_TIMEOUT,UNKNOWN,UNKNOWN,,68.147,UNKNOWN_TIMEOUT,True,True,FAILED,2592.515625,./onnx/mnist-trades.onnx,vnnlib/mnist-img15.vnnlib,[],[],[],"watchdog killed instance after 68.1s (status=UNKNOWN_TIMEOUT, peak_rss=2592.5 MiB)",/data1/Kane/ACT/audit_results/r93_rerun_20260525T083118Z/overnight_cpu_full_20260526T021049Z/cora_2024/per_instance_cora_2024_watchdog_iid43_20260526T024201999446Z.json
full_r3_seq,44,CERTIFIED,UNSAT,CERTIFIED,CERTIFIED,14.359,,False,,PASSED,,./onnx/mnist-set.onnx,vnnlib/mnist-img15.vnnlib,"[""UNSAT"",""UNSAT"",""UNSAT"",""UNSAT"",""UNSAT"",""UNSAT"",""UNSAT"",""UNSAT"",""UNSAT""]","[""CERTIFIED"",""CERTIFIED"",""CERTIFIED"",""CERTIFIED"",""CERTIFIED"",""CERTIFIED"",""CERTIFIED"",""CERTIFIED"",""CERTIFIED""]","[null,null,null,null,null,null,null,null,null]",,/data1/Kane/ACT/audit_results/r93_rerun_20260525T083118Z/overnight_cpu_full_20260526T021049Z/cora_2024/per_instance_cora_2024_20260526T024218395375Z.json
full_r3_seq,45,UNKNOWN_TIMEOUT,UNKNOWN,UNKNOWN,,68.14,UNKNOWN_TIMEOUT,True,True,FAILED,2384.98828125,./onnx/mnist-point.onnx,vnnlib/mnist-img16.vnnlib,[],[],[],"watchdog killed instance after 68.1s (status=UNKNOWN_TIMEOUT, peak_rss=2385.0 MiB)",/data1/Kane/ACT/audit_results/r93_rerun_20260525T083118Z/overnight_cpu_full_20260526T021049Z/cora_2024/per_instance_cora_2024_watchdog_iid45_20260526T024327152058Z.json
full_r3_seq,46,UNKNOWN_TIMEOUT,UNKNOWN,UNKNOWN,,68.142,UNKNOWN_TIMEOUT,True,True,FAILED,2103.84765625,./onnx/mnist-trades.onnx,vnnlib/mnist-img16.vnnlib,[],[],[],"watchdog killed instance after 68.1s (status=UNKNOWN_TIMEOUT, peak_rss=2103.8 MiB)",/data1/Kane/ACT/audit_results/r93_rerun_20260525T083118Z/overnight_cpu_full_20260526T021049Z/cora_2024/per_instance_cora_2024_watchdog_iid46_20260526T024435294536Z.json
full_r3_seq,47,UNKNOWN_TIMEOUT,UNKNOWN,UNKNOWN,,68.146,UNKNOWN_TIMEOUT,True,True,FAILED,2320.6484375,./onnx/mnist-set.onnx,vnnlib/mnist-img16.vnnlib,[],[],[],"watchdog killed instance after 68.1s (status=UNKNOWN_TIMEOUT, peak_rss=2320.6 MiB)",/data1/Kane/ACT/audit_results/r93_rerun_20260525T083118Z/overnight_cpu_full_20260526T021049Z/cora_2024/per_instance_cora_2024_watchdog_iid47_20260526T024543440919Z.json
full_r3_seq,48,UNKNOWN_TIMEOUT,UNKNOWN,UNKNOWN,,68.188,UNKNOWN_TIMEOUT,True,True,FAILED,2177.82421875,./onnx/mnist-point.onnx,vnnlib/mnist-img17.vnnlib,[],[],[],"watchdog killed instance after 68.2s (status=UNKNOWN_TIMEOUT, peak_rss=2177.8 MiB)",/data1/Kane/ACT/audit_results/r93_rerun_20260525T083118Z/overnight_cpu_full_20260526T021049Z/cora_2024/per_instance_cora_2024_watchdog_iid48_20260526T024651629904Z.json
full_r3_seq,49,UNKNOWN_TIMEOUT,UNKNOWN,UNKNOWN,,68.144,UNKNOWN_TIMEOUT,True,True,FAILED,2421.0078125,./onnx/mnist-trades.onnx,vnnlib/mnist-img17.vnnlib,[],[],[],"watchdog killed instance after 68.1s (status=UNKNOWN_TIMEOUT, peak_rss=2421.0 MiB)",/data1/Kane/ACT/audit_results/r93_rerun_20260525T083118Z/overnight_cpu_full_20260526T021049Z/cora_2024/per_instance_cora_2024_watchdog_iid49_20260526T024759774782Z.json
full_r3_seq,50,CERTIFIED,UNSAT,CERTIFIED,CERTIFIED,28.493,,False,,PASSED,,./onnx/mnist-set.onnx,vnnlib/mnist-img17.vnnlib,"[""UNSAT"",""UNSAT"",""UNSAT"",""UNSAT"",""UNSAT"",""UNSAT"",""UNSAT"",""UNSAT"",""UNSAT""]","[""CERTIFIED"",""CERTIFIED"",""CERTIFIED"",""CERTIFIED"",""CERTIFIED"",""CERTIFIED"",""CERTIFIED"",""CERTIFIED"",""CERTIFIED""]","[null,null,null,null,null,null,null,null,null]",,/data1/Kane/ACT/audit_results/r93_rerun_20260525T083118Z/overnight_cpu_full_20260526T021049Z/cora_2024/per_instance_cora_2024_20260526T024830296347Z.json
full_r3_seq,51,UNKNOWN_TIMEOUT,UNKNOWN,UNKNOWN,,68.145,UNKNOWN_TIMEOUT,True,True,FAILED,2471.1015625,./onnx/mnist-point.onnx,vnnlib/mnist-img18.vnnlib,[],[],[],"watchdog killed instance after 68.1s (status=UNKNOWN_TIMEOUT, peak_rss=2471.1 MiB)",/data1/Kane/ACT/audit_results/r93_rerun_20260525T083118Z/overnight_cpu_full_20260526T021049Z/cora_2024/per_instance_cora_2024_watchdog_iid51_20260526T024939442296Z.json
full_r3_seq,52,UNKNOWN_TIMEOUT,UNKNOWN,UNKNOWN,,68.143,UNKNOWN_TIMEOUT,True,True,FAILED,2197.359375,./onnx/mnist-trades.onnx,vnnlib/mnist-img18.vnnlib,[],[],[],"watchdog killed instance after 68.1s (status=UNKNOWN_TIMEOUT, peak_rss=2197.4 MiB)",/data1/Kane/ACT/audit_results/r93_rerun_20260525T083118Z/overnight_cpu_full_20260526T021049Z/cora_2024/per_instance_cora_2024_watchdog_iid52_20260526T025047586340Z.json
full_r3_seq,53,CERTIFIED,UNSAT,CERTIFIED,CERTIFIED,9.798,,False,,PASSED,,./onnx/mnist-set.onnx,vnnlib/mnist-img18.vnnlib,"[""UNSAT"",""UNSAT"",""UNSAT"",""UNSAT"",""UNSAT"",""UNSAT"",""UNSAT"",""UNSAT"",""UNSAT""]","[""CERTIFIED"",""CERTIFIED"",""CERTIFIED"",""CERTIFIED"",""CERTIFIED"",""CERTIFIED"",""CERTIFIED"",""CERTIFIED"",""CERTIFIED""]","[null,null,null,null,null,null,null,null,null]",,/data1/Kane/ACT/audit_results/r93_rerun_20260525T083118Z/overnight_cpu_full_20260526T021049Z/cora_2024/per_instance_cora_2024_20260526T025059405279Z.json
full_r3_seq,54,UNKNOWN_TIMEOUT,UNKNOWN,UNKNOWN,,68.148,UNKNOWN_TIMEOUT,True,True,FAILED,2282.109375,./onnx/mnist-point.onnx,vnnlib/mnist-img19.vnnlib,[],[],[],"watchdog killed instance after 68.1s (status=UNKNOWN_TIMEOUT, peak_rss=2282.1 MiB)",/data1/Kane/ACT/audit_results/r93_rerun_20260525T083118Z/overnight_cpu_full_20260526T021049Z/cora_2024/per_instance_cora_2024_watchdog_iid54_20260526T025208244911Z.json
full_r3_seq,55,UNKNOWN_TIMEOUT,UNKNOWN,UNKNOWN,,68.242,UNKNOWN_TIMEOUT,True,True,FAILED,2118.0078125,./onnx/mnist-trades.onnx,vnnlib/mnist-img19.vnnlib,[],[],[],"watchdog killed instance after 68.2s (status=UNKNOWN_TIMEOUT, peak_rss=2118.0 MiB)",/data1/Kane/ACT/audit_results/r93_rerun_20260525T083118Z/overnight_cpu_full_20260526T021049Z/cora_2024/per_instance_cora_2024_watchdog_iid55_20260526T025316488149Z.json
full_r3_seq,56,CERTIFIED,UNSAT,CERTIFIED,CERTIFIED,32.477,,False,,PASSED,,./onnx/mnist-set.onnx,vnnlib/mnist-img19.vnnlib,"[""UNSAT"",""UNSAT"",""UNSAT"",""UNSAT"",""UNSAT"",""UNSAT"",""UNSAT"",""UNSAT"",""UNSAT""]","[""CERTIFIED"",""CERTIFIED"",""CERTIFIED"",""CERTIFIED"",""CERTIFIED"",""CERTIFIED"",""CERTIFIED"",""CERTIFIED"",""CERTIFIED""]","[null,null,null,null,null,null,null,null,null]",,/data1/Kane/ACT/audit_results/r93_rerun_20260525T083118Z/overnight_cpu_full_20260526T021049Z/cora_2024/per_instance_cora_2024_20260526T025351046840Z.json
full_r3_seq,57,UNKNOWN_TIMEOUT,UNKNOWN,UNKNOWN,,68.141,UNKNOWN_TIMEOUT,True,True,FAILED,2113.23046875,./onnx/mnist-point.onnx,vnnlib/mnist-img20.vnnlib,[],[],[],"watchdog killed instance after 68.1s (status=UNKNOWN_TIMEOUT, peak_rss=2113.2 MiB)",/data1/Kane/ACT/audit_results/r93_rerun_20260525T083118Z/overnight_cpu_full_20260526T021049Z/cora_2024/per_instance_cora_2024_watchdog_iid57_20260526T025500154224Z.json
full_r3_seq,58,UNKNOWN_TIMEOUT,UNKNOWN,UNKNOWN,,68.147,UNKNOWN_TIMEOUT,True,True,FAILED,2204.15625,./onnx/mnist-trades.onnx,vnnlib/mnist-img20.vnnlib,[],[],[],"watchdog killed instance after 68.1s (status=UNKNOWN_TIMEOUT, peak_rss=2204.2 MiB)",/data1/Kane/ACT/audit_results/r93_rerun_20260525T083118Z/overnight_cpu_full_20260526T021049Z/cora_2024/per_instance_cora_2024_watchdog_iid58_20260526T025608302239Z.json
full_r3_seq,59,UNKNOWN,UNKNOWN,UNKNOWN,UNKNOWN,69.975,,False,,PASSED,,./onnx/mnist-set.onnx,vnnlib/mnist-img20.vnnlib,"[""UNKNOWN"",""UNKNOWN"",""UNKNOWN"",""UNKNOWN""]","[""UNKNOWN"",""UNKNOWN"",""UNKNOWN"",""UNKNOWN""]","[null,null,null,null]",,/data1/Kane/ACT/audit_results/r93_rerun_20260525T083118Z/overnight_cpu_full_20260526T021049Z/cora_2024/per_instance_cora_2024_20260526T025720354206Z.json
gpu_full,0,UNKNOWN,UNKNOWN,UNKNOWN,UNKNOWN,70.745,,False,,PASSED,,./onnx/mnist-point.onnx,vnnlib/mnist-img0.vnnlib,"[""UNKNOWN"",""UNKNOWN"",""UNKNOWN"",""UNKNOWN"",""UNKNOWN""]","[""UNKNOWN"",""UNKNOWN"",""UNKNOWN"",""UNKNOWN"",""UNKNOWN""]","[null,null,null,null,null]",,/data1/Kane/ACT/audit_results/r93_rerun_20260525T083118Z/gpu_stream1_20260526T132419Z/cora_2024/per_instance_cora_2024_20260526T162341004305Z.json
gpu_full,1,UNKNOWN_TIMEOUT,UNKNOWN,UNKNOWN,,75.35,UNKNOWN_TIMEOUT,True,True,FAILED,3265.4296875,./onnx/mnist-trades.onnx,vnnlib/mnist-img0.vnnlib,[],[],[],"watchdog killed instance after 75.3s (status=UNKNOWN_TIMEOUT, peak_rss=3265.4 MiB)",/data1/Kane/ACT/audit_results/r93_rerun_20260525T083118Z/gpu_stream1_20260526T132419Z/cora_2024/per_instance_cora_2024_watchdog_iid1_20260526T162457258347Z.json
gpu_full,10,UNKNOWN,UNKNOWN,UNKNOWN,UNKNOWN,60.526,,False,,PASSED,,./onnx/mnist-trades.onnx,vnnlib/mnist-img3.vnnlib,"[""UNKNOWN"",""UNKNOWN"",""UNKNOWN"",""UNKNOWN"",""UNKNOWN""]","[""UNKNOWN"",""UNKNOWN"",""UNKNOWN"",""UNKNOWN"",""UNKNOWN""]","[null,null,null,null,null]",,/data1/Kane/ACT/audit_results/r93_rerun_20260525T083118Z/gpu_stream1_20260526T132419Z/cora_2024/per_instance_cora_2024_20260526T163323236038Z.json
gpu_full,100,UNKNOWN_TIMEOUT,UNKNOWN,UNKNOWN,,75.748,UNKNOWN_TIMEOUT,True,True,FAILED,5711.17578125,./onnx/svhn-trades.onnx,vnnlib/svhn-img601.vnnlib,[],[],[],"watchdog killed instance after 75.7s (status=UNKNOWN_TIMEOUT, peak_rss=5711.2 MiB)",/data1/Kane/ACT/audit_results/r93_rerun_20260525T083118Z/gpu_stream1_20260526T132419Z/cora_2024/per_instance_cora_2024_watchdog_iid100_20260526T181021295312Z.json
gpu_full,101,UNKNOWN_TIMEOUT,UNKNOWN,UNKNOWN,,75.449,UNKNOWN_TIMEOUT,True,True,FAILED,5862.81640625,./onnx/svhn-set.onnx,vnnlib/svhn-img601.vnnlib,[],[],[],"watchdog killed instance after 75.4s (status=UNKNOWN_TIMEOUT, peak_rss=5862.8 MiB)",/data1/Kane/ACT/audit_results/r93_rerun_20260525T083118Z/gpu_stream1_20260526T132419Z/cora_2024/per_instance_cora_2024_watchdog_iid101_20260526T181136744851Z.json
gpu_full,102,UNKNOWN_TIMEOUT,UNKNOWN,UNKNOWN,,75.446,UNKNOWN_TIMEOUT,True,True,FAILED,5323.859375,./onnx/svhn-point.onnx,vnnlib/svhn-img637.vnnlib,[],[],[],"watchdog killed instance after 75.4s (status=UNKNOWN_TIMEOUT, peak_rss=5323.9 MiB)",/data1/Kane/ACT/audit_results/r93_rerun_20260525T083118Z/gpu_stream1_20260526T132419Z/cora_2024/per_instance_cora_2024_watchdog_iid102_20260526T181252191572Z.json
gpu_full,103,UNKNOWN_TIMEOUT,UNKNOWN,UNKNOWN,,75.343,UNKNOWN_TIMEOUT,True,True,FAILED,5719.5078125,./onnx/svhn-trades.onnx,vnnlib/svhn-img637.vnnlib,[],[],[],"watchdog killed instance after 75.3s (status=UNKNOWN_TIMEOUT, peak_rss=5719.5 MiB)",/data1/Kane/ACT/audit_results/r93_rerun_20260525T083118Z/gpu_stream1_20260526T132419Z/cora_2024/per_instance_cora_2024_watchdog_iid103_20260526T181407535310Z.json
gpu_full,104,UNKNOWN_TIMEOUT,UNKNOWN,UNKNOWN,,75.843,UNKNOWN_TIMEOUT,True,True,FAILED,5850.7421875,./onnx/svhn-set.onnx,vnnlib/svhn-img637.vnnlib,[],[],[],"watchdog killed instance after 75.8s (status=UNKNOWN_TIMEOUT, peak_rss=5850.7 MiB)",/data1/Kane/ACT/audit_results/r93_rerun_20260525T083118Z/gpu_stream1_20260526T132419Z/cora_2024/per_instance_cora_2024_watchdog_iid104_20260526T181523380073Z.json
gpu_full,105,UNKNOWN_TIMEOUT,UNKNOWN,UNKNOWN,,75.748,UNKNOWN_TIMEOUT,True,True,FAILED,5773.234375,./onnx/svhn-point.onnx,vnnlib/svhn-img692.vnnlib,[],[],[],"watchdog killed instance after 75.7s (status=UNKNOWN_TIMEOUT, peak_rss=5773.2 MiB)",/data1/Kane/ACT/audit_results/r93_rerun_20260525T083118Z/gpu_stream1_20260526T132419Z/cora_2024/per_instance_cora_2024_watchdog_iid105_20260526T181639129169Z.json
gpu_full,106,UNKNOWN_TIMEOUT,UNKNOWN,UNKNOWN,,75.449,UNKNOWN_TIMEOUT,True,True,FAILED,5803.7109375,./onnx/svhn-trades.onnx,vnnlib/svhn-img692.vnnlib,[],[],[],"watchdog killed instance after 75.4s (status=UNKNOWN_TIMEOUT, peak_rss=5803.7 MiB)",/data1/Kane/ACT/audit_results/r93_rerun_20260525T083118Z/gpu_stream1_20260526T132419Z/cora_2024/per_instance_cora_2024_watchdog_iid106_20260526T181754579571Z.json
gpu_full,107,UNKNOWN_TIMEOUT,UNKNOWN,UNKNOWN,,75.449,UNKNOWN_TIMEOUT,True,True,FAILED,5884.640625,./onnx/svhn-set.onnx,vnnlib/svhn-img692.vnnlib,[],[],[],"watchdog killed instance after 75.4s (status=UNKNOWN_TIMEOUT, peak_rss=5884.6 MiB)",/data1/Kane/ACT/audit_results/r93_rerun_20260525T083118Z/gpu_stream1_20260526T132419Z/cora_2024/per_instance_cora_2024_watchdog_iid107_20260526T181910030257Z.json
gpu_full,108,UNKNOWN_TIMEOUT,UNKNOWN,UNKNOWN,,75.448,UNKNOWN_TIMEOUT,True,True,FAILED,5725.49609375,./onnx/svhn-point.onnx,vnnlib/svhn-img718.vnnlib,[],[],[],"watchdog killed instance after 75.4s (status=UNKNOWN_TIMEOUT, peak_rss=5725.5 MiB)",/data1/Kane/ACT/audit_results/r93_rerun_20260525T083118Z/gpu_stream1_20260526T132419Z/cora_2024/per_instance_cora_2024_watchdog_iid108_20260526T182025480294Z.json
gpu_full,109,UNKNOWN_TIMEOUT,UNKNOWN,UNKNOWN,,75.749,UNKNOWN_TIMEOUT,True,True,FAILED,5756.390625,./onnx/svhn-trades.onnx,vnnlib/svhn-img718.vnnlib,[],[],[],"watchdog killed instance after 75.7s (status=UNKNOWN_TIMEOUT, peak_rss=5756.4 MiB)",/data1/Kane/ACT/audit_results/r93_rerun_20260525T083118Z/gpu_stream1_20260526T132419Z/cora_2024/per_instance_cora_2024_watchdog_iid109_20260526T182141231588Z.json
gpu_full,11,CERTIFIED,UNSAT,CERTIFIED,CERTIFIED,11.826,,False,,PASSED,,./onnx/mnist-set.onnx,vnnlib/mnist-img3.vnnlib,"[""UNSAT"",""UNSAT"",""UNSAT"",""UNSAT"",""UNSAT"",""UNSAT"",""UNSAT"",""UNSAT"",""UNSAT""]","[""CERTIFIED"",""CERTIFIED"",""CERTIFIED"",""CERTIFIED"",""CERTIFIED"",""CERTIFIED"",""CERTIFIED"",""CERTIFIED"",""CERTIFIED""]","[null,null,null,null,null,null,null,null,null]",,/data1/Kane/ACT/audit_results/r93_rerun_20260525T083118Z/gpu_stream1_20260526T132419Z/cora_2024/per_instance_cora_2024_20260526T163338104195Z.json
gpu_full,110,UNKNOWN_TIMEOUT,UNKNOWN,UNKNOWN,,75.453,UNKNOWN_TIMEOUT,True,True,FAILED,5822.546875,./onnx/svhn-set.onnx,vnnlib/svhn-img718.vnnlib,[],[],[],"watchdog killed instance after 75.5s (status=UNKNOWN_TIMEOUT, peak_rss=5822.5 MiB)",/data1/Kane/ACT/audit_results/r93_rerun_20260525T083118Z/gpu_stream1_20260526T132419Z/cora_2024/per_instance_cora_2024_watchdog_iid110_20260526T182256685250Z.json
gpu_full,111,UNKNOWN_TIMEOUT,UNKNOWN,UNKNOWN,,75.448,UNKNOWN_TIMEOUT,True,True,FAILED,5707.0546875,./onnx/svhn-point.onnx,vnnlib/svhn-img735.vnnlib,[],[],[],"watchdog killed instance after 75.4s (status=UNKNOWN_TIMEOUT, peak_rss=5707.1 MiB)",/data1/Kane/ACT/audit_results/r93_rerun_20260525T083118Z/gpu_stream1_20260526T132419Z/cora_2024/per_instance_cora_2024_watchdog_iid111_20260526T182412134915Z.json
gpu_full,112,UNKNOWN_TIMEOUT,UNKNOWN,UNKNOWN,,75.549,UNKNOWN_TIMEOUT,True,True,FAILED,5774.69921875,./onnx/svhn-trades.onnx,vnnlib/svhn-img735.vnnlib,[],[],[],"watchdog killed instance after 75.5s (status=UNKNOWN_TIMEOUT, peak_rss=5774.7 MiB)",/data1/Kane/ACT/audit_results/r93_rerun_20260525T083118Z/gpu_stream1_20260526T132419Z/cora_2024/per_instance_cora_2024_watchdog_iid112_20260526T182527685102Z.json
gpu_full,113,UNKNOWN_TIMEOUT,UNKNOWN,UNKNOWN,,75.45,UNKNOWN_TIMEOUT,True,True,FAILED,5957.20703125,./onnx/svhn-set.onnx,vnnlib/svhn-img735.vnnlib,[],[],[],"watchdog killed instance after 75.4s (status=UNKNOWN_TIMEOUT, peak_rss=5957.2 MiB)",/data1/Kane/ACT/audit_results/r93_rerun_20260525T083118Z/gpu_stream1_20260526T132419Z/cora_2024/per_instance_cora_2024_watchdog_iid113_20260526T182643136220Z.json
gpu_full,114,UNKNOWN_TIMEOUT,UNKNOWN,UNKNOWN,,75.747,UNKNOWN_TIMEOUT,True,True,FAILED,5702.97265625,./onnx/svhn-point.onnx,vnnlib/svhn-img745.vnnlib,[],[],[],"watchdog killed instance after 75.7s (status=UNKNOWN_TIMEOUT, peak_rss=5703.0 MiB)",/data1/Kane/ACT/audit_results/r93_rerun_20260525T083118Z/gpu_stream1_20260526T132419Z/cora_2024/per_instance_cora_2024_watchdog_iid114_20260526T182758883601Z.json
gpu_full,115,UNKNOWN_TIMEOUT,UNKNOWN,UNKNOWN,,75.451,UNKNOWN_TIMEOUT,True,True,FAILED,5797.18359375,./onnx/svhn-trades.onnx,vnnlib/svhn-img745.vnnlib,[],[],[],"watchdog killed instance after 75.5s (status=UNKNOWN_TIMEOUT, peak_rss=5797.2 MiB)",/data1/Kane/ACT/audit_results/r93_rerun_20260525T083118Z/gpu_stream1_20260526T132419Z/cora_2024/per_instance_cora_2024_watchdog_iid115_20260526T182914335944Z.json
gpu_full,116,UNKNOWN_TIMEOUT,UNKNOWN,UNKNOWN,,75.446,UNKNOWN_TIMEOUT,True,True,FAILED,5856.98828125,./onnx/svhn-set.onnx,vnnlib/svhn-img745.vnnlib,[],[],[],"watchdog killed instance after 75.4s (status=UNKNOWN_TIMEOUT, peak_rss=5857.0 MiB)",/data1/Kane/ACT/audit_results/r93_rerun_20260525T083118Z/gpu_stream1_20260526T132419Z/cora_2024/per_instance_cora_2024_watchdog_iid116_20260526T183029782834Z.json
gpu_full,117,UNKNOWN_TIMEOUT,UNKNOWN,UNKNOWN,,75.448,UNKNOWN_TIMEOUT,True,True,FAILED,5714.49609375,./onnx/svhn-point.onnx,vnnlib/svhn-img760.vnnlib,[],[],[],"watchdog killed instance after 75.4s (status=UNKNOWN_TIMEOUT, peak_rss=5714.5 MiB)",/data1/Kane/ACT/audit_results/r93_rerun_20260525T083118Z/gpu_stream1_20260526T132419Z/cora_2024/per_instance_cora_2024_watchdog_iid117_20260526T183145232425Z.json
gpu_full,118,UNKNOWN_TIMEOUT,UNKNOWN,UNKNOWN,,75.449,UNKNOWN_TIMEOUT,True,True,FAILED,5764.7734375,./onnx/svhn-trades.onnx,vnnlib/svhn-img760.vnnlib,[],[],[],"watchdog killed instance after 75.4s (status=UNKNOWN_TIMEOUT, peak_rss=5764.8 MiB)",/data1/Kane/ACT/audit_results/r93_rerun_20260525T083118Z/gpu_stream1_20260526T132419Z/cora_2024/per_instance_cora_2024_watchdog_iid118_20260526T183300682724Z.json
gpu_full,119,UNKNOWN_TIMEOUT,UNKNOWN,UNKNOWN,,75.449,UNKNOWN_TIMEOUT,True,True,FAILED,5929.0546875,./onnx/svhn-set.onnx,vnnlib/svhn-img760.vnnlib,[],[],[],"watchdog killed instance after 75.4s (status=UNKNOWN_TIMEOUT, peak_rss=5929.1 MiB)",/data1/Kane/ACT/audit_results/r93_rerun_20260525T083118Z/gpu_stream1_20260526T132419Z/cora_2024/per_instance_cora_2024_watchdog_iid119_20260526T183416133573Z.json
gpu_full,12,UNKNOWN,UNKNOWN,UNKNOWN,UNKNOWN,71.974,,False,,PASSED,,./onnx/mnist-point.onnx,vnnlib/mnist-img4.vnnlib,"[""UNKNOWN"",""UNKNOWN"",""UNKNOWN"",""UNKNOWN"",""UNKNOWN""]","[""UNKNOWN"",""UNKNOWN"",""UNKNOWN"",""UNKNOWN"",""UNKNOWN""]","[null,null,null,null,null]",,/data1/Kane/ACT/audit_results/r93_rerun_20260525T083118Z/gpu_stream1_20260526T132419Z/cora_2024/per_instance_cora_2024_20260526T163453177579Z.json
gpu_full,120,UNKNOWN_TIMEOUT,UNKNOWN,UNKNOWN,,75.747,UNKNOWN_TIMEOUT,True,True,FAILED,5131.5625,./onnx/cifar10-point.onnx,vnnlib/cifar10-img66.vnnlib,[],[],[],"watchdog killed instance after 75.7s (status=UNKNOWN_TIMEOUT, peak_rss=5131.6 MiB)",/data1/Kane/ACT/audit_results/r93_rerun_20260525T083118Z/gpu_stream1_20260526T132419Z/cora_2024/per_instance_cora_2024_watchdog_iid120_20260526T183531882329Z.json
gpu_full,121,UNKNOWN_TIMEOUT,UNKNOWN,UNKNOWN,,75.746,UNKNOWN_TIMEOUT,True,True,FAILED,5102.76171875,./onnx/cifar10-trades.onnx,vnnlib/cifar10-img66.vnnlib,[],[],[],"watchdog killed instance after 75.7s (status=UNKNOWN_TIMEOUT, peak_rss=5102.8 MiB)",/data1/Kane/ACT/audit_results/r93_rerun_20260525T083118Z/gpu_stream1_20260526T132419Z/cora_2024/per_instance_cora_2024_watchdog_iid121_20260526T183647629133Z.json
gpu_full,122,UNKNOWN_TIMEOUT,UNKNOWN,UNKNOWN,,75.337,UNKNOWN_TIMEOUT,True,True,FAILED,4156.08984375,./onnx/cifar10-set.onnx,vnnlib/cifar10-img66.vnnlib,[],[],[],"watchdog killed instance after 75.3s (status=UNKNOWN_TIMEOUT, peak_rss=4156.1 MiB)",/data1/Kane/ACT/audit_results/r93_rerun_20260525T083118Z/gpu_stream1_20260526T132419Z/cora_2024/per_instance_cora_2024_watchdog_iid122_20260526T183802967073Z.json
gpu_full,123,UNKNOWN_TIMEOUT,UNKNOWN,UNKNOWN,,75.739,UNKNOWN_TIMEOUT,True,True,FAILED,5308.7890625,./onnx/cifar10-point.onnx,vnnlib/cifar10-img77.vnnlib,[],[],[],"watchdog killed instance after 75.7s (status=UNKNOWN_TIMEOUT, peak_rss=5308.8 MiB)",/data1/Kane/ACT/audit_results/r93_rerun_20260525T083118Z/gpu_stream1_20260526T132419Z/cora_2024/per_instance_cora_2024_watchdog_iid123_20260526T183918707112Z.json
gpu_full,124,UNKNOWN_TIMEOUT,UNKNOWN,UNKNOWN,,75.743,UNKNOWN_TIMEOUT,True,True,FAILED,5252.77734375,./onnx/cifar10-trades.onnx,vnnlib/cifar10-img77.vnnlib,[],[],[],"watchdog killed instance after 75.7s (status=UNKNOWN_TIMEOUT, peak_rss=5252.8 MiB)",/data1/Kane/ACT/audit_results/r93_rerun_20260525T083118Z/gpu_stream1_20260526T132419Z/cora_2024/per_instance_cora_2024_watchdog_iid124_20260526T184034451019Z.json
gpu_full,125,UNKNOWN_TIMEOUT,UNKNOWN,UNKNOWN,,75.347,UNKNOWN_TIMEOUT,True,True,FAILED,5077.8671875,./onnx/cifar10-set.onnx,vnnlib/cifar10-img77.vnnlib,[],[],[],"watchdog killed instance after 75.3s (status=UNKNOWN_TIMEOUT, peak_rss=5077.9 MiB)",/data1/Kane/ACT/audit_results/r93_rerun_20260525T083118Z/gpu_stream1_20260526T132419Z/cora_2024/per_instance_cora_2024_watchdog_iid125_20260526T184149799148Z.json
gpu_full,126,UNKNOWN_TIMEOUT,UNKNOWN,UNKNOWN,,75.447,UNKNOWN_TIMEOUT,True,True,FAILED,5220.421875,./onnx/cifar10-point.onnx,vnnlib/cifar10-img96.vnnlib,[],[],[],"watchdog killed instance after 75.4s (status=UNKNOWN_TIMEOUT, peak_rss=5220.4 MiB)",/data1/Kane/ACT/audit_results/r93_rerun_20260525T083118Z/gpu_stream1_20260526T132419Z/cora_2024/per_instance_cora_2024_watchdog_iid126_20260526T184305247936Z.json
gpu_full,127,UNKNOWN_TIMEOUT,UNKNOWN,UNKNOWN,,75.449,UNKNOWN_TIMEOUT,True,True,FAILED,5103.02734375,./onnx/cifar10-trades.onnx,vnnlib/cifar10-img96.vnnlib,[],[],[],"watchdog killed instance after 75.4s (status=UNKNOWN_TIMEOUT, peak_rss=5103.0 MiB)",/data1/Kane/ACT/audit_results/r93_rerun_20260525T083118Z/gpu_stream1_20260526T132419Z/cora_2024/per_instance_cora_2024_watchdog_iid127_20260526T184420698461Z.json
gpu_full,128,UNKNOWN_TIMEOUT,UNKNOWN,UNKNOWN,,75.649,UNKNOWN_TIMEOUT,True,True,FAILED,4368.328125,./onnx/cifar10-set.onnx,vnnlib/cifar10-img96.vnnlib,[],[],[],"watchdog killed instance after 75.6s (status=UNKNOWN_TIMEOUT, peak_rss=4368.3 MiB)",/data1/Kane/ACT/audit_results/r93_rerun_20260525T083118Z/gpu_stream1_20260526T132419Z/cora_2024/per_instance_cora_2024_watchdog_iid128_20260526T184536349066Z.json
gpu_full,129,UNKNOWN_TIMEOUT,UNKNOWN,UNKNOWN,,75.45,UNKNOWN_TIMEOUT,True,True,FAILED,5023.578125,./onnx/cifar10-point.onnx,vnnlib/cifar10-img100.vnnlib,[],[],[],"watchdog killed instance after 75.5s (status=UNKNOWN_TIMEOUT, peak_rss=5023.6 MiB)",/data1/Kane/ACT/audit_results/r93_rerun_20260525T083118Z/gpu_stream1_20260526T132419Z/cora_2024/per_instance_cora_2024_watchdog_iid129_20260526T184651801150Z.json
gpu_full,13,UNKNOWN_TIMEOUT,UNKNOWN,UNKNOWN,,75.242,UNKNOWN_TIMEOUT,True,True,FAILED,2982.95703125,./onnx/mnist-trades.onnx,vnnlib/mnist-img4.vnnlib,[],[],[],"watchdog killed instance after 75.2s (status=UNKNOWN_TIMEOUT, peak_rss=2983.0 MiB)",/data1/Kane/ACT/audit_results/r93_rerun_20260525T083118Z/gpu_stream1_20260526T132419Z/cora_2024/per_instance_cora_2024_watchdog_iid13_20260526T163609362911Z.json
gpu_full,130,UNKNOWN_TIMEOUT,UNKNOWN,UNKNOWN,,75.349,UNKNOWN_TIMEOUT,True,True,FAILED,5003.19921875,./onnx/cifar10-trades.onnx,vnnlib/cifar10-img100.vnnlib,[],[],[],"watchdog killed instance after 75.3s (status=UNKNOWN_TIMEOUT, peak_rss=5003.2 MiB)",/data1/Kane/ACT/audit_results/r93_rerun_20260525T083118Z/gpu_stream1_20260526T132419Z/cora_2024/per_instance_cora_2024_watchdog_iid130_20260526T184807152068Z.json
gpu_full,131,UNKNOWN_TIMEOUT,UNKNOWN,UNKNOWN,,75.547,UNKNOWN_TIMEOUT,True,True,FAILED,3780.48046875,./onnx/cifar10-set.onnx,vnnlib/cifar10-img100.vnnlib,[],[],[],"watchdog killed instance after 75.5s (status=UNKNOWN_TIMEOUT, peak_rss=3780.5 MiB)",/data1/Kane/ACT/audit_results/r93_rerun_20260525T083118Z/gpu_stream1_20260526T132419Z/cora_2024/per_instance_cora_2024_watchdog_iid131_20260526T184922700667Z.json
gpu_full,132,UNKNOWN_TIMEOUT,UNKNOWN,UNKNOWN,,75.339,UNKNOWN_TIMEOUT,True,True,FAILED,5216.203125,./onnx/cifar10-point.onnx,vnnlib/cifar10-img126.vnnlib,[],[],[],"watchdog killed instance after 75.3s (status=UNKNOWN_TIMEOUT, peak_rss=5216.2 MiB)",/data1/Kane/ACT/audit_results/r93_rerun_20260525T083118Z/gpu_stream1_20260526T132419Z/cora_2024/per_instance_cora_2024_watchdog_iid132_20260526T185038040269Z.json
gpu_full,133,UNKNOWN_TIMEOUT,UNKNOWN,UNKNOWN,,75.339,UNKNOWN_TIMEOUT,True,True,FAILED,5143.3359375,./onnx/cifar10-trades.onnx,vnnlib/cifar10-img126.vnnlib,[],[],[],"watchdog killed instance after 75.3s (status=UNKNOWN_TIMEOUT, peak_rss=5143.3 MiB)",/data1/Kane/ACT/audit_results/r93_rerun_20260525T083118Z/gpu_stream1_20260526T132419Z/cora_2024/per_instance_cora_2024_watchdog_iid133_20260526T185153380214Z.json
gpu_full,134,UNKNOWN_TIMEOUT,UNKNOWN,UNKNOWN,,75.339,UNKNOWN_TIMEOUT,True,True,FAILED,4519.0859375,./onnx/cifar10-set.onnx,vnnlib/cifar10-img126.vnnlib,[],[],[],"watchdog killed instance after 75.3s (status=UNKNOWN_TIMEOUT, peak_rss=4519.1 MiB)",/data1/Kane/ACT/audit_results/r93_rerun_20260525T083118Z/gpu_stream1_20260526T132419Z/cora_2024/per_instance_cora_2024_watchdog_iid134_20260526T185308719805Z.json
gpu_full,135,UNKNOWN_TIMEOUT,UNKNOWN,UNKNOWN,,75.342,UNKNOWN_TIMEOUT,True,True,FAILED,5145.79296875,./onnx/cifar10-point.onnx,vnnlib/cifar10-img135.vnnlib,[],[],[],"watchdog killed instance after 75.3s (status=UNKNOWN_TIMEOUT, peak_rss=5145.8 MiB)",/data1/Kane/ACT/audit_results/r93_rerun_20260525T083118Z/gpu_stream1_20260526T132419Z/cora_2024/per_instance_cora_2024_watchdog_iid135_20260526T185424063070Z.json
gpu_full,136,UNKNOWN_TIMEOUT,UNKNOWN,UNKNOWN,,75.445,UNKNOWN_TIMEOUT,True,True,FAILED,5109.1328125,./onnx/cifar10-trades.onnx,vnnlib/cifar10-img135.vnnlib,[],[],[],"watchdog killed instance after 75.4s (status=UNKNOWN_TIMEOUT, peak_rss=5109.1 MiB)",/data1/Kane/ACT/audit_results/r93_rerun_20260525T083118Z/gpu_stream1_20260526T132419Z/cora_2024/per_instance_cora_2024_watchdog_iid136_20260526T185539508794Z.json
gpu_full,137,UNKNOWN_TIMEOUT,UNKNOWN,UNKNOWN,,75.349,UNKNOWN_TIMEOUT,True,True,FAILED,3990.99609375,./onnx/cifar10-set.onnx,vnnlib/cifar10-img135.vnnlib,[],[],[],"watchdog killed instance after 75.3s (status=UNKNOWN_TIMEOUT, peak_rss=3991.0 MiB)",/data1/Kane/ACT/audit_results/r93_rerun_20260525T083118Z/gpu_stream1_20260526T132419Z/cora_2024/per_instance_cora_2024_watchdog_iid137_20260526T185654859465Z.json
gpu_full,138,UNKNOWN_TIMEOUT,UNKNOWN,UNKNOWN,,75.652,UNKNOWN_TIMEOUT,True,True,FAILED,4865.1015625,./onnx/cifar10-point.onnx,vnnlib/cifar10-img160.vnnlib,[],[],[],"watchdog killed instance after 75.7s (status=UNKNOWN_TIMEOUT, peak_rss=4865.1 MiB)",/data1/Kane/ACT/audit_results/r93_rerun_20260525T083118Z/gpu_stream1_20260526T132419Z/cora_2024/per_instance_cora_2024_watchdog_iid138_20260526T185810512487Z.json
gpu_full,139,UNKNOWN_TIMEOUT,UNKNOWN,UNKNOWN,,75.35,UNKNOWN_TIMEOUT,True,True,FAILED,4740.64453125,./onnx/cifar10-trades.onnx,vnnlib/cifar10-img160.vnnlib,[],[],[],"watchdog killed instance after 75.3s (status=UNKNOWN_TIMEOUT, peak_rss=4740.6 MiB)",/data1/Kane/ACT/audit_results/r93_rerun_20260525T083118Z/gpu_stream1_20260526T132419Z/cora_2024/per_instance_cora_2024_watchdog_iid139_20260526T185925863987Z.json
gpu_full,14,CERTIFIED,UNSAT,CERTIFIED,CERTIFIED,17.574,,False,,PASSED,,./onnx/mnist-set.onnx,vnnlib/mnist-img4.vnnlib,"[""UNSAT"",""UNSAT"",""UNSAT"",""UNSAT"",""UNSAT"",""UNSAT"",""UNSAT"",""UNSAT"",""UNSAT""]","[""CERTIFIED"",""CERTIFIED"",""CERTIFIED"",""CERTIFIED"",""CERTIFIED"",""CERTIFIED"",""CERTIFIED"",""CERTIFIED"",""CERTIFIED""]","[null,null,null,null,null,null,null,null,null]",,/data1/Kane/ACT/audit_results/r93_rerun_20260525T083118Z/gpu_stream1_20260526T132419Z/cora_2024/per_instance_cora_2024_20260526T163629247612Z.json
gpu_full,140,UNKNOWN,UNKNOWN,UNKNOWN,UNKNOWN,63.04,,False,,PASSED,,./onnx/cifar10-set.onnx,vnnlib/cifar10-img160.vnnlib,"[""UNSAT"",""UNSAT"",""UNKNOWN"",""UNKNOWN""]","[""CERTIFIED"",""CERTIFIED"",""UNKNOWN"",""UNKNOWN""]","[null,null,null,null]",,/data1/Kane/ACT/audit_results/r93_rerun_20260525T083118Z/gpu_stream1_20260526T132419Z/cora_2024/per_instance_cora_2024_20260526T190030856642Z.json
gpu_full,141,UNKNOWN_TIMEOUT,UNKNOWN,UNKNOWN,,75.45,UNKNOWN_TIMEOUT,True,True,FAILED,5282.765625,./onnx/cifar10-point.onnx,vnnlib/cifar10-img166.vnnlib,[],[],[],"watchdog killed instance after 75.5s (status=UNKNOWN_TIMEOUT, peak_rss=5282.8 MiB)",/data1/Kane/ACT/audit_results/r93_rerun_20260525T083118Z/gpu_stream1_20260526T132419Z/cora_2024/per_instance_cora_2024_watchdog_iid141_20260526T190147360344Z.json
gpu_full,142,UNKNOWN_TIMEOUT,UNKNOWN,UNKNOWN,,75.348,UNKNOWN_TIMEOUT,True,True,FAILED,5294.77734375,./onnx/cifar10-trades.onnx,vnnlib/cifar10-img166.vnnlib,[],[],[],"watchdog killed instance after 75.3s (status=UNKNOWN_TIMEOUT, peak_rss=5294.8 MiB)",/data1/Kane/ACT/audit_results/r93_rerun_20260525T083118Z/gpu_stream1_20260526T132419Z/cora_2024/per_instance_cora_2024_watchdog_iid142_20260526T190302709727Z.json
gpu_full,143,UNKNOWN_TIMEOUT,UNKNOWN,UNKNOWN,,75.345,UNKNOWN_TIMEOUT,True,True,FAILED,4980.61328125,./onnx/cifar10-set.onnx,vnnlib/cifar10-img166.vnnlib,[],[],[],"watchdog killed instance after 75.3s (status=UNKNOWN_TIMEOUT, peak_rss=4980.6 MiB)",/data1/Kane/ACT/audit_results/r93_rerun_20260525T083118Z/gpu_stream1_20260526T132419Z/cora_2024/per_instance_cora_2024_watchdog_iid143_20260526T190418056836Z.json
gpu_full,144,UNKNOWN_TIMEOUT,UNKNOWN,UNKNOWN,,75.34,UNKNOWN_TIMEOUT,True,True,FAILED,5047.5390625,./onnx/cifar10-point.onnx,vnnlib/cifar10-img206.vnnlib,[],[],[],"watchdog killed instance after 75.3s (status=UNKNOWN_TIMEOUT, peak_rss=5047.5 MiB)",/data1/Kane/ACT/audit_results/r93_rerun_20260525T083118Z/gpu_stream1_20260526T132419Z/cora_2024/per_instance_cora_2024_watchdog_iid144_20260526T190533397725Z.json
gpu_full,145,UNKNOWN_TIMEOUT,UNKNOWN,UNKNOWN,,75.541,UNKNOWN_TIMEOUT,True,True,FAILED,5049.30859375,./onnx/cifar10-trades.onnx,vnnlib/cifar10-img206.vnnlib,[],[],[],"watchdog killed instance after 75.5s (status=UNKNOWN_TIMEOUT, peak_rss=5049.3 MiB)",/data1/Kane/ACT/audit_results/r93_rerun_20260525T083118Z/gpu_stream1_20260526T132419Z/cora_2024/per_instance_cora_2024_watchdog_iid145_20260526T190648939661Z.json
gpu_full,146,UNKNOWN,UNKNOWN,UNKNOWN,UNKNOWN,68.455,,False,,PASSED,,./onnx/cifar10-set.onnx,vnnlib/cifar10-img206.vnnlib,"[""UNKNOWN"",""UNKNOWN"",""UNKNOWN""]","[""UNKNOWN"",""UNKNOWN"",""UNKNOWN""]","[null,null,null]",,/data1/Kane/ACT/audit_results/r93_rerun_20260525T083118Z/gpu_stream1_20260526T132419Z/cora_2024/per_instance_cora_2024_20260526T190759382727Z.json
gpu_full,147,UNKNOWN_TIMEOUT,UNKNOWN,UNKNOWN,,75.441,UNKNOWN_TIMEOUT,True,True,FAILED,5259.9140625,./onnx/cifar10-point.onnx,vnnlib/cifar10-img207.vnnlib,[],[],[],"watchdog killed instance after 75.4s (status=UNKNOWN_TIMEOUT, peak_rss=5259.9 MiB)",/data1/Kane/ACT/audit_results/r93_rerun_20260525T083118Z/gpu_stream1_20260526T132419Z/cora_2024/per_instance_cora_2024_watchdog_iid147_20260526T190915921456Z.json
gpu_full,148,UNKNOWN_TIMEOUT,UNKNOWN,UNKNOWN,,75.543,UNKNOWN_TIMEOUT,True,True,FAILED,5230.35546875,./onnx/cifar10-trades.onnx,vnnlib/cifar10-img207.vnnlib,[],[],[],"watchdog killed instance after 75.5s (status=UNKNOWN_TIMEOUT, peak_rss=5230.4 MiB)",/data1/Kane/ACT/audit_results/r93_rerun_20260525T083118Z/gpu_stream1_20260526T132419Z/cora_2024/per_instance_cora_2024_watchdog_iid148_20260526T191031466295Z.json
gpu_full,149,UNKNOWN_TIMEOUT,UNKNOWN,UNKNOWN,,75.44,UNKNOWN_TIMEOUT,True,True,FAILED,5046.1328125,./onnx/cifar10-set.onnx,vnnlib/cifar10-img207.vnnlib,[],[],[],"watchdog killed instance after 75.4s (status=UNKNOWN_TIMEOUT, peak_rss=5046.1 MiB)",/data1/Kane/ACT/audit_results/r93_rerun_20260525T083118Z/gpu_stream1_20260526T132419Z/cora_2024/per_instance_cora_2024_watchdog_iid149_20260526T191146907830Z.json
gpu_full,15,UNKNOWN_TIMEOUT,UNKNOWN,UNKNOWN,,75.337,UNKNOWN_TIMEOUT,True,True,FAILED,3355.80859375,./onnx/mnist-point.onnx,vnnlib/mnist-img5.vnnlib,[],[],[],"watchdog killed instance after 75.3s (status=UNKNOWN_TIMEOUT, peak_rss=3355.8 MiB)",/data1/Kane/ACT/audit_results/r93_rerun_20260525T083118Z/gpu_stream1_20260526T132419Z/cora_2024/per_instance_cora_2024_watchdog_iid15_20260526T163745712395Z.json
gpu_full,150,UNKNOWN_TIMEOUT,UNKNOWN,UNKNOWN,,75.537,UNKNOWN_TIMEOUT,True,True,FAILED,5167.28515625,./onnx/cifar10-point.onnx,vnnlib/cifar10-img244.vnnlib,[],[],[],"watchdog killed instance after 75.5s (status=UNKNOWN_TIMEOUT, peak_rss=5167.3 MiB)",/data1/Kane/ACT/audit_results/r93_rerun_20260525T083118Z/gpu_stream1_20260526T132419Z/cora_2024/per_instance_cora_2024_watchdog_iid150_20260526T191302445401Z.json
gpu_full,151,UNKNOWN_TIMEOUT,UNKNOWN,UNKNOWN,,75.342,UNKNOWN_TIMEOUT,True,True,FAILED,5206.8984375,./onnx/cifar10-trades.onnx,vnnlib/cifar10-img244.vnnlib,[],[],[],"watchdog killed instance after 75.3s (status=UNKNOWN_TIMEOUT, peak_rss=5206.9 MiB)",/data1/Kane/ACT/audit_results/r93_rerun_20260525T083118Z/gpu_stream1_20260526T132419Z/cora_2024/per_instance_cora_2024_watchdog_iid151_20260526T191417787962Z.json
gpu_full,152,UNKNOWN_TIMEOUT,UNKNOWN,UNKNOWN,,75.444,UNKNOWN_TIMEOUT,True,True,FAILED,4474.6953125,./onnx/cifar10-set.onnx,vnnlib/cifar10-img244.vnnlib,[],[],[],"watchdog killed instance after 75.4s (status=UNKNOWN_TIMEOUT, peak_rss=4474.7 MiB)",/data1/Kane/ACT/audit_results/r93_rerun_20260525T083118Z/gpu_stream1_20260526T132419Z/cora_2024/per_instance_cora_2024_watchdog_iid152_20260526T191533233892Z.json
gpu_full,153,UNKNOWN_TIMEOUT,UNKNOWN,UNKNOWN,,75.343,UNKNOWN_TIMEOUT,True,True,FAILED,5090.95703125,./onnx/cifar10-point.onnx,vnnlib/cifar10-img292.vnnlib,[],[],[],"watchdog killed instance after 75.3s (status=UNKNOWN_TIMEOUT, peak_rss=5091.0 MiB)",/data1/Kane/ACT/audit_results/r93_rerun_20260525T083118Z/gpu_stream1_20260526T132419Z/cora_2024/per_instance_cora_2024_watchdog_iid153_20260526T191648579173Z.json
gpu_full,154,UNKNOWN_TIMEOUT,UNKNOWN,UNKNOWN,,75.545,UNKNOWN_TIMEOUT,True,True,FAILED,5093.86328125,./onnx/cifar10-trades.onnx,vnnlib/cifar10-img292.vnnlib,[],[],[],"watchdog killed instance after 75.5s (status=UNKNOWN_TIMEOUT, peak_rss=5093.9 MiB)",/data1/Kane/ACT/audit_results/r93_rerun_20260525T083118Z/gpu_stream1_20260526T132419Z/cora_2024/per_instance_cora_2024_watchdog_iid154_20260526T191804125742Z.json
gpu_full,155,UNKNOWN,UNKNOWN,UNKNOWN,UNKNOWN,69.569,,False,,PASSED,,./onnx/cifar10-set.onnx,vnnlib/cifar10-img292.vnnlib,"[""UNKNOWN"",""UNKNOWN"",""UNKNOWN""]","[""UNKNOWN"",""UNKNOWN"",""UNKNOWN""]","[null,null,null]",,/data1/Kane/ACT/audit_results/r93_rerun_20260525T083118Z/gpu_stream1_20260526T132419Z/cora_2024/per_instance_cora_2024_20260526T191915712465Z.json
gpu_full,156,UNKNOWN_TIMEOUT,UNKNOWN,UNKNOWN,,75.343,UNKNOWN_TIMEOUT,True,True,FAILED,5062.04296875,./onnx/cifar10-point.onnx,vnnlib/cifar10-img328.vnnlib,[],[],[],"watchdog killed instance after 75.3s (status=UNKNOWN_TIMEOUT, peak_rss=5062.0 MiB)",/data1/Kane/ACT/audit_results/r93_rerun_20260525T083118Z/gpu_stream1_20260526T132419Z/cora_2024/per_instance_cora_2024_watchdog_iid156_20260526T192032016924Z.json
gpu_full,157,UNKNOWN_TIMEOUT,UNKNOWN,UNKNOWN,,75.339,UNKNOWN_TIMEOUT,True,True,FAILED,4953.62109375,./onnx/cifar10-trades.onnx,vnnlib/cifar10-img328.vnnlib,[],[],[],"watchdog killed instance after 75.3s (status=UNKNOWN_TIMEOUT, peak_rss=4953.6 MiB)",/data1/Kane/ACT/audit_results/r93_rerun_20260525T083118Z/gpu_stream1_20260526T132419Z/cora_2024/per_instance_cora_2024_watchdog_iid157_20260526T192147356579Z.json
gpu_full,158,UNKNOWN,UNKNOWN,UNKNOWN,UNKNOWN,70.111,,False,,PASSED,,./onnx/cifar10-set.onnx,vnnlib/cifar10-img328.vnnlib,"[""UNKNOWN"",""UNKNOWN"",""UNKNOWN""]","[""UNKNOWN"",""UNKNOWN"",""UNKNOWN""]","[null,null,null]",,/data1/Kane/ACT/audit_results/r93_rerun_20260525T083118Z/gpu_stream1_20260526T132419Z/cora_2024/per_instance_cora_2024_20260526T192259449491Z.json
gpu_full,159,UNKNOWN_TIMEOUT,UNKNOWN,UNKNOWN,,75.345,UNKNOWN_TIMEOUT,True,True,FAILED,5100.71875,./onnx/cifar10-point.onnx,vnnlib/cifar10-img332.vnnlib,[],[],[],"watchdog killed instance after 75.3s (status=UNKNOWN_TIMEOUT, peak_rss=5100.7 MiB)",/data1/Kane/ACT/audit_results/r93_rerun_20260525T083118Z/gpu_stream1_20260526T132419Z/cora_2024/per_instance_cora_2024_watchdog_iid159_20260526T192415747543Z.json
gpu_full,16,UNKNOWN,UNKNOWN,UNKNOWN,UNKNOWN,69.592,,False,,PASSED,,./onnx/mnist-trades.onnx,vnnlib/mnist-img5.vnnlib,"[""UNKNOWN"",""UNKNOWN"",""UNKNOWN"",""UNKNOWN"",""UNKNOWN""]","[""UNKNOWN"",""UNKNOWN"",""UNKNOWN"",""UNKNOWN"",""UNKNOWN""]","[null,null,null,null,null]",,/data1/Kane/ACT/audit_results/r93_rerun_20260525T083118Z/gpu_stream1_20260526T132419Z/cora_2024/per_instance_cora_2024_20260526T163857472371Z.json
gpu_full,160,UNKNOWN_TIMEOUT,UNKNOWN,UNKNOWN,,75.547,UNKNOWN_TIMEOUT,True,True,FAILED,5115.90625,./onnx/cifar10-trades.onnx,vnnlib/cifar10-img332.vnnlib,[],[],[],"watchdog killed instance after 75.5s (status=UNKNOWN_TIMEOUT, peak_rss=5115.9 MiB)",/data1/Kane/ACT/audit_results/r93_rerun_20260525T083118Z/gpu_stream1_20260526T132419Z/cora_2024/per_instance_cora_2024_watchdog_iid160_20260526T192531296311Z.json
gpu_full,161,UNKNOWN_TIMEOUT,UNKNOWN,UNKNOWN,,75.347,UNKNOWN_TIMEOUT,True,True,FAILED,4561.90625,./onnx/cifar10-set.onnx,vnnlib/cifar10-img332.vnnlib,[],[],[],"watchdog killed instance after 75.3s (status=UNKNOWN_TIMEOUT, peak_rss=4561.9 MiB)",/data1/Kane/ACT/audit_results/r93_rerun_20260525T083118Z/gpu_stream1_20260526T132419Z/cora_2024/per_instance_cora_2024_watchdog_iid161_20260526T192646645355Z.json
gpu_full,162,UNKNOWN_TIMEOUT,UNKNOWN,UNKNOWN,,75.342,UNKNOWN_TIMEOUT,True,True,FAILED,5253.9140625,./onnx/cifar10-point.onnx,vnnlib/cifar10-img339.vnnlib,[],[],[],"watchdog killed instance after 75.3s (status=UNKNOWN_TIMEOUT, peak_rss=5253.9 MiB)",/data1/Kane/ACT/audit_results/r93_rerun_20260525T083118Z/gpu_stream1_20260526T132419Z/cora_2024/per_instance_cora_2024_watchdog_iid162_20260526T192801988432Z.json
gpu_full,163,UNKNOWN_TIMEOUT,UNKNOWN,UNKNOWN,,75.338,UNKNOWN_TIMEOUT,True,True,FAILED,5206.6640625,./onnx/cifar10-trades.onnx,vnnlib/cifar10-img339.vnnlib,[],[],[],"watchdog killed instance after 75.3s (status=UNKNOWN_TIMEOUT, peak_rss=5206.7 MiB)",/data1/Kane/ACT/audit_results/r93_rerun_20260525T083118Z/gpu_stream1_20260526T132419Z/cora_2024/per_instance_cora_2024_watchdog_iid163_20260526T192917328340Z.json
gpu_full,164,UNKNOWN,UNKNOWN,UNKNOWN,UNKNOWN,68.368,,False,,PASSED,,./onnx/cifar10-set.onnx,vnnlib/cifar10-img339.vnnlib,"[""UNKNOWN"",""UNKNOWN""]","[""UNKNOWN"",""UNKNOWN""]","[null,null]",,/data1/Kane/ACT/audit_results/r93_rerun_20260525T083118Z/gpu_stream1_20260526T132419Z/cora_2024/per_instance_cora_2024_20260526T193027686849Z.json
gpu_full,165,UNKNOWN_TIMEOUT,UNKNOWN,UNKNOWN,,75.34,UNKNOWN_TIMEOUT,True,True,FAILED,5257.3671875,./onnx/cifar10-point.onnx,vnnlib/cifar10-img340.vnnlib,[],[],[],"watchdog killed instance after 75.3s (status=UNKNOWN_TIMEOUT, peak_rss=5257.4 MiB)",/data1/Kane/ACT/audit_results/r93_rerun_20260525T083118Z/gpu_stream1_20260526T132419Z/cora_2024/per_instance_cora_2024_watchdog_iid165_20260526T193143708030Z.json
gpu_full,166,UNKNOWN_TIMEOUT,UNKNOWN,UNKNOWN,,75.442,UNKNOWN_TIMEOUT,True,True,FAILED,5202.78515625,./onnx/cifar10-trades.onnx,vnnlib/cifar10-img340.vnnlib,[],[],[],"watchdog killed instance after 75.4s (status=UNKNOWN_TIMEOUT, peak_rss=5202.8 MiB)",/data1/Kane/ACT/audit_results/r93_rerun_20260525T083118Z/gpu_stream1_20260526T132419Z/cora_2024/per_instance_cora_2024_watchdog_iid166_20260526T193259151526Z.json
gpu_full,167,UNKNOWN_TIMEOUT,UNKNOWN,UNKNOWN,,75.443,UNKNOWN_TIMEOUT,True,True,FAILED,4755.84375,./onnx/cifar10-set.onnx,vnnlib/cifar10-img340.vnnlib,[],[],[],"watchdog killed instance after 75.4s (status=UNKNOWN_TIMEOUT, peak_rss=4755.8 MiB)",/data1/Kane/ACT/audit_results/r93_rerun_20260525T083118Z/gpu_stream1_20260526T132419Z/cora_2024/per_instance_cora_2024_watchdog_iid167_20260526T193414596774Z.json
gpu_full,168,UNKNOWN_TIMEOUT,UNKNOWN,UNKNOWN,,75.643,UNKNOWN_TIMEOUT,True,True,FAILED,5125.13671875,./onnx/cifar10-point.onnx,vnnlib/cifar10-img386.vnnlib,[],[],[],"watchdog killed instance after 75.6s (status=UNKNOWN_TIMEOUT, peak_rss=5125.1 MiB)",/data1/Kane/ACT/audit_results/r93_rerun_20260525T083118Z/gpu_stream1_20260526T132419Z/cora_2024/per_instance_cora_2024_watchdog_iid168_20260526T193530242068Z.json
gpu_full,169,UNKNOWN_TIMEOUT,UNKNOWN,UNKNOWN,,75.349,UNKNOWN_TIMEOUT,True,True,FAILED,5182.23046875,./onnx/cifar10-trades.onnx,vnnlib/cifar10-img386.vnnlib,[],[],[],"watchdog killed instance after 75.3s (status=UNKNOWN_TIMEOUT, peak_rss=5182.2 MiB)",/data1/Kane/ACT/audit_results/r93_rerun_20260525T083118Z/gpu_stream1_20260526T132419Z/cora_2024/per_instance_cora_2024_watchdog_iid169_20260526T193645593640Z.json
gpu_full,17,CERTIFIED,UNSAT,CERTIFIED,CERTIFIED,7.413,,False,,PASSED,,./onnx/mnist-set.onnx,vnnlib/mnist-img5.vnnlib,"[""UNSAT"",""UNSAT"",""UNSAT"",""UNSAT"",""UNSAT"",""UNSAT"",""UNSAT"",""UNSAT"",""UNSAT""]","[""CERTIFIED"",""CERTIFIED"",""CERTIFIED"",""CERTIFIED"",""CERTIFIED"",""CERTIFIED"",""CERTIFIED"",""CERTIFIED"",""CERTIFIED""]","[null,null,null,null,null,null,null,null,null]",,/data1/Kane/ACT/audit_results/r93_rerun_20260525T083118Z/gpu_stream1_20260526T132419Z/cora_2024/per_instance_cora_2024_20260526T163907810811Z.json
gpu_full,170,UNKNOWN,UNKNOWN,UNKNOWN,UNKNOWN,65.945,,False,,PASSED,,./onnx/cifar10-set.onnx,vnnlib/cifar10-img386.vnnlib,"[""UNKNOWN"",""UNKNOWN"",""UNKNOWN""]","[""UNKNOWN"",""UNKNOWN"",""UNKNOWN""]","[null,null,null]",,/data1/Kane/ACT/audit_results/r93_rerun_20260525T083118Z/gpu_stream1_20260526T132419Z/cora_2024/per_instance_cora_2024_20260526T193753527475Z.json
gpu_full,171,UNKNOWN_TIMEOUT,UNKNOWN,UNKNOWN,,75.64,UNKNOWN_TIMEOUT,True,True,FAILED,5205.76171875,./onnx/cifar10-point.onnx,vnnlib/cifar10-img398.vnnlib,[],[],[],"watchdog killed instance after 75.6s (status=UNKNOWN_TIMEOUT, peak_rss=5205.8 MiB)",/data1/Kane/ACT/audit_results/r93_rerun_20260525T083118Z/gpu_stream1_20260526T132419Z/cora_2024/per_instance_cora_2024_watchdog_iid171_20260526T193910274647Z.json
gpu_full,172,UNKNOWN_TIMEOUT,UNKNOWN,UNKNOWN,,75.34,UNKNOWN_TIMEOUT,True,True,FAILED,5196.59375,./onnx/cifar10-trades.onnx,vnnlib/cifar10-img398.vnnlib,[],[],[],"watchdog killed instance after 75.3s (status=UNKNOWN_TIMEOUT, peak_rss=5196.6 MiB)",/data1/Kane/ACT/audit_results/r93_rerun_20260525T083118Z/gpu_stream1_20260526T132419Z/cora_2024/per_instance_cora_2024_watchdog_iid172_20260526T194025615780Z.json
gpu_full,173,UNKNOWN_TIMEOUT,UNKNOWN,UNKNOWN,,75.444,UNKNOWN_TIMEOUT,True,True,FAILED,4096.30859375,./onnx/cifar10-set.onnx,vnnlib/cifar10-img398.vnnlib,[],[],[],"watchdog killed instance after 75.4s (status=UNKNOWN_TIMEOUT, peak_rss=4096.3 MiB)",/data1/Kane/ACT/audit_results/r93_rerun_20260525T083118Z/gpu_stream1_20260526T132419Z/cora_2024/per_instance_cora_2024_watchdog_iid173_20260526T194141062036Z.json
gpu_full,174,UNKNOWN_TIMEOUT,UNKNOWN,UNKNOWN,,75.446,UNKNOWN_TIMEOUT,True,True,FAILED,5246.36328125,./onnx/cifar10-point.onnx,vnnlib/cifar10-img440.vnnlib,[],[],[],"watchdog killed instance after 75.4s (status=UNKNOWN_TIMEOUT, peak_rss=5246.4 MiB)",/data1/Kane/ACT/audit_results/r93_rerun_20260525T083118Z/gpu_stream1_20260526T132419Z/cora_2024/per_instance_cora_2024_watchdog_iid174_20260526T194256509673Z.json
gpu_full,175,UNKNOWN_TIMEOUT,UNKNOWN,UNKNOWN,,75.341,UNKNOWN_TIMEOUT,True,True,FAILED,5202.87890625,./onnx/cifar10-trades.onnx,vnnlib/cifar10-img440.vnnlib,[],[],[],"watchdog killed instance after 75.3s (status=UNKNOWN_TIMEOUT, peak_rss=5202.9 MiB)",/data1/Kane/ACT/audit_results/r93_rerun_20260525T083118Z/gpu_stream1_20260526T132419Z/cora_2024/per_instance_cora_2024_watchdog_iid175_20260526T194411851764Z.json
gpu_full,176,UNKNOWN_TIMEOUT,UNKNOWN,UNKNOWN,,75.34,UNKNOWN_TIMEOUT,True,True,FAILED,4956.203125,./onnx/cifar10-set.onnx,vnnlib/cifar10-img440.vnnlib,[],[],[],"watchdog killed instance after 75.3s (status=UNKNOWN_TIMEOUT, peak_rss=4956.2 MiB)",/data1/Kane/ACT/audit_results/r93_rerun_20260525T083118Z/gpu_stream1_20260526T132419Z/cora_2024/per_instance_cora_2024_watchdog_iid176_20260526T194527192809Z.json
gpu_full,177,UNKNOWN_TIMEOUT,UNKNOWN,UNKNOWN,,75.338,UNKNOWN_TIMEOUT,True,True,FAILED,5062.08203125,./onnx/cifar10-point.onnx,vnnlib/cifar10-img479.vnnlib,[],[],[],"watchdog killed instance after 75.3s (status=UNKNOWN_TIMEOUT, peak_rss=5062.1 MiB)",/data1/Kane/ACT/audit_results/r93_rerun_20260525T083118Z/gpu_stream1_20260526T132419Z/cora_2024/per_instance_cora_2024_watchdog_iid177_20260526T194642532051Z.json
gpu_full,178,UNKNOWN_TIMEOUT,UNKNOWN,UNKNOWN,,75.441,UNKNOWN_TIMEOUT,True,True,FAILED,4977.2890625,./onnx/cifar10-trades.onnx,vnnlib/cifar10-img479.vnnlib,[],[],[],"watchdog killed instance after 75.4s (status=UNKNOWN_TIMEOUT, peak_rss=4977.3 MiB)",/data1/Kane/ACT/audit_results/r93_rerun_20260525T083118Z/gpu_stream1_20260526T132419Z/cora_2024/per_instance_cora_2024_watchdog_iid178_20260526T194757974307Z.json
gpu_full,179,UNKNOWN,UNKNOWN,UNKNOWN,UNKNOWN,63.787,,False,,PASSED,,./onnx/cifar10-set.onnx,vnnlib/cifar10-img479.vnnlib,"[""UNSAT"",""UNSAT"",""UNKNOWN"",""UNKNOWN""]","[""CERTIFIED"",""CERTIFIED"",""UNKNOWN"",""UNKNOWN""]","[null,null,null,null]",,/data1/Kane/ACT/audit_results/r93_rerun_20260525T083118Z/gpu_stream1_20260526T132419Z/cora_2024/per_instance_cora_2024_20260526T194903760151Z.json
gpu_full,18,UNKNOWN,UNKNOWN,UNKNOWN,UNKNOWN,63.18,,False,,PASSED,,./onnx/mnist-point.onnx,vnnlib/mnist-img6.vnnlib,"[""UNKNOWN"",""UNKNOWN"",""UNKNOWN"",""UNKNOWN""]","[""UNKNOWN"",""UNKNOWN"",""UNKNOWN"",""UNKNOWN""]","[null,null,null,null]",,/data1/Kane/ACT/audit_results/r93_rerun_20260525T083118Z/gpu_stream1_20260526T132419Z/cora_2024/per_instance_cora_2024_20260526T164014135792Z.json
gpu_full,19,UNKNOWN,UNKNOWN,UNKNOWN,UNKNOWN,71.38,,False,,PASSED,,./onnx/mnist-trades.onnx,vnnlib/mnist-img6.vnnlib,"[""UNKNOWN"",""UNKNOWN"",""UNKNOWN"",""UNKNOWN"",""UNKNOWN""]","[""UNKNOWN"",""UNKNOWN"",""UNKNOWN"",""UNKNOWN"",""UNKNOWN""]","[null,null,null,null,null]",,/data1/Kane/ACT/audit_results/r93_rerun_20260525T083118Z/gpu_stream1_20260526T132419Z/cora_2024/per_instance_cora_2024_20260526T164128778089Z.json
gpu_full,2,UNKNOWN,UNKNOWN,UNKNOWN,UNKNOWN,62.081,,False,,PASSED,,./onnx/mnist-set.onnx,vnnlib/mnist-img0.vnnlib,"[""UNKNOWN"",""UNKNOWN"",""UNKNOWN"",""UNKNOWN"",""UNKNOWN"",""UNKNOWN"",""UNKNOWN"",""UNKNOWN"",""UNKNOWN""]","[""UNKNOWN"",""UNKNOWN"",""UNKNOWN"",""UNKNOWN"",""UNKNOWN"",""UNKNOWN"",""UNKNOWN"",""UNKNOWN"",""UNKNOWN""]","[null,null,null,null,null,null,null,null,null]",,/data1/Kane/ACT/audit_results/r93_rerun_20260525T083118Z/gpu_stream1_20260526T132419Z/cora_2024/per_instance_cora_2024_20260526T162601744806Z.json
gpu_full,20,CERTIFIED,UNSAT,CERTIFIED,CERTIFIED,29.298,,False,,PASSED,,./onnx/mnist-set.onnx,vnnlib/mnist-img6.vnnlib,"[""UNSAT"",""UNSAT"",""UNSAT"",""UNSAT"",""UNSAT"",""UNSAT"",""UNSAT"",""UNSAT"",""UNSAT""]","[""CERTIFIED"",""CERTIFIED"",""CERTIFIED"",""CERTIFIED"",""CERTIFIED"",""CERTIFIED"",""CERTIFIED"",""CERTIFIED"",""CERTIFIED""]","[null,null,null,null,null,null,null,null,null]",,/data1/Kane/ACT/audit_results/r93_rerun_20260525T083118Z/gpu_stream1_20260526T132419Z/cora_2024/per_instance_cora_2024_20260526T164201297111Z.json
gpu_full,21,UNKNOWN_TIMEOUT,UNKNOWN,UNKNOWN,,75.241,UNKNOWN_TIMEOUT,True,True,FAILED,3364.00390625,./onnx/mnist-point.onnx,vnnlib/mnist-img7.vnnlib,[],[],[],"watchdog killed instance after 75.2s (status=UNKNOWN_TIMEOUT, peak_rss=3364.0 MiB)",/data1/Kane/ACT/audit_results/r93_rerun_20260525T083118Z/gpu_stream1_20260526T132419Z/cora_2024/per_instance_cora_2024_watchdog_iid21_20260526T164317599920Z.json
gpu_full,22,UNKNOWN,UNKNOWN,UNKNOWN,UNKNOWN,62.759,,False,,PASSED,,./onnx/mnist-trades.onnx,vnnlib/mnist-img7.vnnlib,"[""UNKNOWN"",""UNKNOWN"",""UNKNOWN"",""UNKNOWN""]","[""UNKNOWN"",""UNKNOWN"",""UNKNOWN"",""UNKNOWN""]","[null,null,null,null]",,/data1/Kane/ACT/audit_results/r93_rerun_20260525T083118Z/gpu_stream1_20260526T132419Z/cora_2024/per_instance_cora_2024_20260526T164422690123Z.json
gpu_full,23,CERTIFIED,UNSAT,CERTIFIED,CERTIFIED,16.814,,False,,PASSED,,./onnx/mnist-set.onnx,vnnlib/mnist-img7.vnnlib,"[""UNSAT"",""UNSAT"",""UNSAT"",""UNSAT"",""UNSAT"",""UNSAT"",""UNSAT"",""UNSAT"",""UNSAT""]","[""CERTIFIED"",""CERTIFIED"",""CERTIFIED"",""CERTIFIED"",""CERTIFIED"",""CERTIFIED"",""CERTIFIED"",""CERTIFIED"",""CERTIFIED""]","[null,null,null,null,null,null,null,null,null]",,/data1/Kane/ACT/audit_results/r93_rerun_20260525T083118Z/gpu_stream1_20260526T132419Z/cora_2024/per_instance_cora_2024_20260526T164442547190Z.json
gpu_full,24,UNKNOWN_TIMEOUT,UNKNOWN,UNKNOWN,,75.238,UNKNOWN_TIMEOUT,True,True,FAILED,3166.16015625,./onnx/mnist-point.onnx,vnnlib/mnist-img8.vnnlib,[],[],[],"watchdog killed instance after 75.2s (status=UNKNOWN_TIMEOUT, peak_rss=3166.2 MiB)",/data1/Kane/ACT/audit_results/r93_rerun_20260525T083118Z/gpu_stream1_20260526T132419Z/cora_2024/per_instance_cora_2024_watchdog_iid24_20260526T164558881484Z.json
gpu_full,25,UNKNOWN_TIMEOUT,UNKNOWN,UNKNOWN,,75.341,UNKNOWN_TIMEOUT,True,True,FAILED,3253.71875,./onnx/mnist-trades.onnx,vnnlib/mnist-img8.vnnlib,[],[],[],"watchdog killed instance after 75.3s (status=UNKNOWN_TIMEOUT, peak_rss=3253.7 MiB)",/data1/Kane/ACT/audit_results/r93_rerun_20260525T083118Z/gpu_stream1_20260526T132419Z/cora_2024/per_instance_cora_2024_watchdog_iid25_20260526T164714223621Z.json
gpu_full,26,CERTIFIED,UNSAT,CERTIFIED,CERTIFIED,16.118,,False,,PASSED,,./onnx/mnist-set.onnx,vnnlib/mnist-img8.vnnlib,"[""UNSAT"",""UNSAT"",""UNSAT"",""UNSAT"",""UNSAT"",""UNSAT"",""UNSAT"",""UNSAT"",""UNSAT""]","[""CERTIFIED"",""CERTIFIED"",""CERTIFIED"",""CERTIFIED"",""CERTIFIED"",""CERTIFIED"",""CERTIFIED"",""CERTIFIED"",""CERTIFIED""]","[null,null,null,null,null,null,null,null,null]",,/data1/Kane/ACT/audit_results/r93_rerun_20260525T083118Z/gpu_stream1_20260526T132419Z/cora_2024/per_instance_cora_2024_20260526T164732479470Z.json
gpu_full,27,UNKNOWN_TIMEOUT,UNKNOWN,UNKNOWN,,75.342,UNKNOWN_TIMEOUT,True,True,FAILED,3349.890625,./onnx/mnist-point.onnx,vnnlib/mnist-img9.vnnlib,[],[],[],"watchdog killed instance after 75.3s (status=UNKNOWN_TIMEOUT, peak_rss=3349.9 MiB)",/data1/Kane/ACT/audit_results/r93_rerun_20260525T083118Z/gpu_stream1_20260526T132419Z/cora_2024/per_instance_cora_2024_watchdog_iid27_20260526T164848576863Z.json
gpu_full,28,UNKNOWN,UNKNOWN,UNKNOWN,UNKNOWN,71.189,,False,,PASSED,,./onnx/mnist-trades.onnx,vnnlib/mnist-img9.vnnlib,"[""UNKNOWN"",""UNKNOWN"",""UNKNOWN"",""UNKNOWN"",""UNKNOWN""]","[""UNKNOWN"",""UNKNOWN"",""UNKNOWN"",""UNKNOWN"",""UNKNOWN""]","[null,null,null,null,null]",,/data1/Kane/ACT/audit_results/r93_rerun_20260525T083118Z/gpu_stream1_20260526T132419Z/cora_2024/per_instance_cora_2024_20260526T165001852277Z.json
gpu_full,29,CERTIFIED,UNSAT,CERTIFIED,CERTIFIED,22.001,,False,,PASSED,,./onnx/mnist-set.onnx,vnnlib/mnist-img9.vnnlib,"[""UNSAT"",""UNSAT"",""UNSAT"",""UNSAT"",""UNSAT"",""UNSAT"",""UNSAT"",""UNSAT"",""UNSAT""]","[""CERTIFIED"",""CERTIFIED"",""CERTIFIED"",""CERTIFIED"",""CERTIFIED"",""CERTIFIED"",""CERTIFIED"",""CERTIFIED"",""CERTIFIED""]","[null,null,null,null,null,null,null,null,null]",,/data1/Kane/ACT/audit_results/r93_rerun_20260525T083118Z/gpu_stream1_20260526T132419Z/cora_2024/per_instance_cora_2024_20260526T165027384830Z.json
gpu_full,3,FALSIFIED,SAT,FALSIFIED,FALSIFIED,43.529,,False,,PASSED,,./onnx/mnist-point.onnx,vnnlib/mnist-img1.vnnlib,"[""UNKNOWN"",""SAT""]","[""UNKNOWN"",""FALSIFIED""]","[null,""/data1/Kane/ACT/audit_results/r93_rerun_20260525T083118Z/gpu_stream1_20260526T132419Z/cora_2024/cora_2024_3_q1_hz_walker_lp_0.json""]",,/data1/Kane/ACT/audit_results/r93_rerun_20260525T083118Z/gpu_stream1_20260526T132419Z/cora_2024/per_instance_cora_2024_20260526T162648720914Z.json
gpu_full,30,UNKNOWN,UNKNOWN,UNKNOWN,UNKNOWN,60.913,,False,,PASSED,,./onnx/mnist-point.onnx,vnnlib/mnist-img10.vnnlib,"[""UNKNOWN"",""UNKNOWN"",""UNKNOWN"",""UNKNOWN""]","[""UNKNOWN"",""UNKNOWN"",""UNKNOWN"",""UNKNOWN""]","[null,null,null,null]",,/data1/Kane/ACT/audit_results/r93_rerun_20260525T083118Z/gpu_stream1_20260526T132419Z/cora_2024/per_instance_cora_2024_20260526T165131132250Z.json
gpu_full,31,UNKNOWN,UNKNOWN,UNKNOWN,UNKNOWN,66.762,,False,,PASSED,,./onnx/mnist-trades.onnx,vnnlib/mnist-img10.vnnlib,"[""UNKNOWN"",""UNKNOWN"",""UNKNOWN"",""UNKNOWN"",""UNKNOWN""]","[""UNKNOWN"",""UNKNOWN"",""UNKNOWN"",""UNKNOWN"",""UNKNOWN""]","[null,null,null,null,null]",,/data1/Kane/ACT/audit_results/r93_rerun_20260525T083118Z/gpu_stream1_20260526T132419Z/cora_2024/per_instance_cora_2024_20260526T165241196801Z.json
gpu_full,32,CERTIFIED,UNSAT,CERTIFIED,CERTIFIED,15.951,,False,,PASSED,,./onnx/mnist-set.onnx,vnnlib/mnist-img10.vnnlib,"[""UNSAT"",""UNSAT"",""UNSAT"",""UNSAT"",""UNSAT"",""UNSAT"",""UNSAT"",""UNSAT"",""UNSAT""]","[""CERTIFIED"",""CERTIFIED"",""CERTIFIED"",""CERTIFIED"",""CERTIFIED"",""CERTIFIED"",""CERTIFIED"",""CERTIFIED"",""CERTIFIED""]","[null,null,null,null,null,null,null,null,null]",,/data1/Kane/ACT/audit_results/r93_rerun_20260525T083118Z/gpu_stream1_20260526T132419Z/cora_2024/per_instance_cora_2024_20260526T165300221059Z.json
gpu_full,33,UNKNOWN,UNKNOWN,UNKNOWN,UNKNOWN,64.838,,False,,PASSED,,./onnx/mnist-point.onnx,vnnlib/mnist-img11.vnnlib,"[""UNKNOWN"",""UNKNOWN"",""UNKNOWN"",""UNKNOWN""]","[""UNKNOWN"",""UNKNOWN"",""UNKNOWN"",""UNKNOWN""]","[null,null,null,null]",,/data1/Kane/ACT/audit_results/r93_rerun_20260525T083118Z/gpu_stream1_20260526T132419Z/cora_2024/per_instance_cora_2024_20260526T165408179822Z.json
gpu_full,34,UNKNOWN,UNKNOWN,UNKNOWN,UNKNOWN,70.707,,False,,PASSED,,./onnx/mnist-trades.onnx,vnnlib/mnist-img11.vnnlib,"[""UNKNOWN"",""UNKNOWN"",""UNKNOWN"",""UNKNOWN"",""UNKNOWN""]","[""UNKNOWN"",""UNKNOWN"",""UNKNOWN"",""UNKNOWN"",""UNKNOWN""]","[null,null,null,null,null]",,/data1/Kane/ACT/audit_results/r93_rerun_20260525T083118Z/gpu_stream1_20260526T132419Z/cora_2024/per_instance_cora_2024_20260526T165522096653Z.json
gpu_full,35,CERTIFIED,UNSAT,CERTIFIED,CERTIFIED,8.636,,False,,PASSED,,./onnx/mnist-set.onnx,vnnlib/mnist-img11.vnnlib,"[""UNSAT"",""UNSAT"",""UNSAT"",""UNSAT"",""UNSAT"",""UNSAT"",""UNSAT"",""UNSAT"",""UNSAT""]","[""CERTIFIED"",""CERTIFIED"",""CERTIFIED"",""CERTIFIED"",""CERTIFIED"",""CERTIFIED"",""CERTIFIED"",""CERTIFIED"",""CERTIFIED""]","[null,null,null,null,null,null,null,null,null]",,/data1/Kane/ACT/audit_results/r93_rerun_20260525T083118Z/gpu_stream1_20260526T132419Z/cora_2024/per_instance_cora_2024_20260526T165533487419Z.json
gpu_full,36,UNKNOWN,UNKNOWN,UNKNOWN,UNKNOWN,71.746,,False,,PASSED,,./onnx/mnist-point.onnx,vnnlib/mnist-img13.vnnlib,"[""UNKNOWN"",""UNKNOWN"",""UNKNOWN"",""UNKNOWN"",""UNKNOWN""]","[""UNKNOWN"",""UNKNOWN"",""UNKNOWN"",""UNKNOWN"",""UNKNOWN""]","[null,null,null,null,null]",,/data1/Kane/ACT/audit_results/r93_rerun_20260525T083118Z/gpu_stream1_20260526T132419Z/cora_2024/per_instance_cora_2024_20260526T165648108163Z.json
gpu_full,37,UNKNOWN,UNKNOWN,UNKNOWN,UNKNOWN,62.051,,False,,PASSED,,./onnx/mnist-trades.onnx,vnnlib/mnist-img13.vnnlib,"[""UNKNOWN"",""UNKNOWN"",""UNKNOWN"",""UNKNOWN"",""UNKNOWN""]","[""UNKNOWN"",""UNKNOWN"",""UNKNOWN"",""UNKNOWN"",""UNKNOWN""]","[null,null,null,null,null]",,/data1/Kane/ACT/audit_results/r93_rerun_20260525T083118Z/gpu_stream1_20260526T132419Z/cora_2024/per_instance_cora_2024_20260526T165752974661Z.json
gpu_full,38,UNKNOWN,UNKNOWN,UNKNOWN,UNKNOWN,61.156,,False,,PASSED,,./onnx/mnist-set.onnx,vnnlib/mnist-img13.vnnlib,"[""UNKNOWN"",""UNKNOWN"",""UNKNOWN"",""UNKNOWN"",""UNKNOWN"",""UNKNOWN"",""UNKNOWN"",""UNKNOWN"",""UNKNOWN""]","[""UNKNOWN"",""UNKNOWN"",""UNKNOWN"",""UNKNOWN"",""UNKNOWN"",""UNKNOWN"",""UNKNOWN"",""UNKNOWN"",""UNKNOWN""]","[null,null,null,null,null,null,null,null,null]",,/data1/Kane/ACT/audit_results/r93_rerun_20260525T083118Z/gpu_stream1_20260526T132419Z/cora_2024/per_instance_cora_2024_20260526T165857153230Z.json
gpu_full,39,FALSIFIED,SAT,FALSIFIED,FALSIFIED,33.62,,False,,PASSED,,./onnx/mnist-point.onnx,vnnlib/mnist-img14.vnnlib,"[""UNKNOWN"",""SAT""]","[""UNKNOWN"",""FALSIFIED""]","[null,""/data1/Kane/ACT/audit_results/r93_rerun_20260525T083118Z/gpu_stream1_20260526T132419Z/cora_2024/cora_2024_39_q1_hz_walker_lp_0.json""]",,/data1/Kane/ACT/audit_results/r93_rerun_20260525T083118Z/gpu_stream1_20260526T132419Z/cora_2024/per_instance_cora_2024_20260526T165934255097Z.json
gpu_full,4,UNKNOWN,UNKNOWN,UNKNOWN,UNKNOWN,67.003,,False,,PASSED,,./onnx/mnist-trades.onnx,vnnlib/mnist-img1.vnnlib,"[""UNKNOWN"",""UNKNOWN"",""UNKNOWN"",""UNKNOWN""]","[""UNKNOWN"",""UNKNOWN"",""UNKNOWN"",""UNKNOWN""]","[null,null,null,null]",,/data1/Kane/ACT/audit_results/r93_rerun_20260525T083118Z/gpu_stream1_20260526T132419Z/cora_2024/per_instance_cora_2024_20260526T162759201055Z.json
gpu_full,40,UNKNOWN,UNKNOWN,UNKNOWN,UNKNOWN,64.667,,False,,PASSED,,./onnx/mnist-trades.onnx,vnnlib/mnist-img14.vnnlib,"[""UNKNOWN"",""UNKNOWN"",""UNKNOWN"",""UNKNOWN"",""UNKNOWN""]","[""UNKNOWN"",""UNKNOWN"",""UNKNOWN"",""UNKNOWN"",""UNKNOWN""]","[null,null,null,null,null]",,/data1/Kane/ACT/audit_results/r93_rerun_20260525T083118Z/gpu_stream1_20260526T132419Z/cora_2024/per_instance_cora_2024_20260526T170042434399Z.json
gpu_full,41,CERTIFIED,UNSAT,CERTIFIED,CERTIFIED,18.068,,False,,PASSED,,./onnx/mnist-set.onnx,vnnlib/mnist-img14.vnnlib,"[""UNSAT"",""UNSAT"",""UNSAT"",""UNSAT"",""UNSAT"",""UNSAT"",""UNSAT"",""UNSAT"",""UNSAT""]","[""CERTIFIED"",""CERTIFIED"",""CERTIFIED"",""CERTIFIED"",""CERTIFIED"",""CERTIFIED"",""CERTIFIED"",""CERTIFIED"",""CERTIFIED""]","[null,null,null,null,null,null,null,null,null]",,/data1/Kane/ACT/audit_results/r93_rerun_20260525T083118Z/gpu_stream1_20260526T132419Z/cora_2024/per_instance_cora_2024_20260526T170103778100Z.json
gpu_full,42,UNKNOWN,UNKNOWN,UNKNOWN,UNKNOWN,67.429,,False,,PASSED,,./onnx/mnist-point.onnx,vnnlib/mnist-img15.vnnlib,"[""UNKNOWN"",""UNKNOWN"",""UNKNOWN"",""UNKNOWN"",""UNKNOWN""]","[""UNKNOWN"",""UNKNOWN"",""UNKNOWN"",""UNKNOWN"",""UNKNOWN""]","[null,null,null,null,null]",,/data1/Kane/ACT/audit_results/r93_rerun_20260525T083118Z/gpu_stream1_20260526T132419Z/cora_2024/per_instance_cora_2024_20260526T170214564879Z.json
gpu_full,43,UNKNOWN,UNKNOWN,UNKNOWN,UNKNOWN,69.315,,False,,PASSED,,./onnx/mnist-trades.onnx,vnnlib/mnist-img15.vnnlib,"[""UNKNOWN"",""UNKNOWN"",""UNKNOWN"",""UNKNOWN"",""UNKNOWN"",""UNKNOWN""]","[""UNKNOWN"",""UNKNOWN"",""UNKNOWN"",""UNKNOWN"",""UNKNOWN"",""UNKNOWN""]","[null,null,null,null,null,null]",,/data1/Kane/ACT/audit_results/r93_rerun_20260525T083118Z/gpu_stream1_20260526T132419Z/cora_2024/per_instance_cora_2024_20260526T170326986917Z.json
gpu_full,44,CERTIFIED,UNSAT,CERTIFIED,CERTIFIED,12.966,,False,,PASSED,,./onnx/mnist-set.onnx,vnnlib/mnist-img15.vnnlib,"[""UNSAT"",""UNSAT"",""UNSAT"",""UNSAT"",""UNSAT"",""UNSAT"",""UNSAT"",""UNSAT"",""UNSAT""]","[""CERTIFIED"",""CERTIFIED"",""CERTIFIED"",""CERTIFIED"",""CERTIFIED"",""CERTIFIED"",""CERTIFIED"",""CERTIFIED"",""CERTIFIED""]","[null,null,null,null,null,null,null,null,null]",,/data1/Kane/ACT/audit_results/r93_rerun_20260525T083118Z/gpu_stream1_20260526T132419Z/cora_2024/per_instance_cora_2024_20260526T170343132523Z.json
gpu_full,45,UNKNOWN,UNKNOWN,UNKNOWN,UNKNOWN,68.634,,False,,PASSED,,./onnx/mnist-point.onnx,vnnlib/mnist-img16.vnnlib,"[""UNKNOWN"",""UNKNOWN"",""UNKNOWN"",""UNKNOWN"",""UNKNOWN""]","[""UNKNOWN"",""UNKNOWN"",""UNKNOWN"",""UNKNOWN"",""UNKNOWN""]","[null,null,null,null,null]",,/data1/Kane/ACT/audit_results/r93_rerun_20260525T083118Z/gpu_stream1_20260526T132419Z/cora_2024/per_instance_cora_2024_20260526T170454773405Z.json
gpu_full,46,UNKNOWN,UNKNOWN,UNKNOWN,UNKNOWN,67.006,,False,,PASSED,,./onnx/mnist-trades.onnx,vnnlib/mnist-img16.vnnlib,"[""UNKNOWN"",""UNKNOWN"",""UNKNOWN"",""UNKNOWN"",""UNKNOWN""]","[""UNKNOWN"",""UNKNOWN"",""UNKNOWN"",""UNKNOWN"",""UNKNOWN""]","[null,null,null,null,null]",,/data1/Kane/ACT/audit_results/r93_rerun_20260525T083118Z/gpu_stream1_20260526T132419Z/cora_2024/per_instance_cora_2024_20260526T170604774924Z.json
gpu_full,47,UNKNOWN,UNKNOWN,UNKNOWN,UNKNOWN,63.967,,False,,PASSED,,./onnx/mnist-set.onnx,vnnlib/mnist-img16.vnnlib,"[""UNKNOWN"",""UNKNOWN"",""UNKNOWN"",""UNKNOWN"",""UNKNOWN"",""UNKNOWN"",""UNKNOWN"",""UNKNOWN""]","[""UNKNOWN"",""UNKNOWN"",""UNKNOWN"",""UNKNOWN"",""UNKNOWN"",""UNKNOWN"",""UNKNOWN"",""UNKNOWN""]","[null,null,null,null,null,null,null,null]",,/data1/Kane/ACT/audit_results/r93_rerun_20260525T083118Z/gpu_stream1_20260526T132419Z/cora_2024/per_instance_cora_2024_20260526T170711691357Z.json
gpu_full,48,FALSIFIED,SAT,FALSIFIED,FALSIFIED,69.725,,False,,PASSED,,./onnx/mnist-point.onnx,vnnlib/mnist-img17.vnnlib,"[""UNKNOWN"",""UNKNOWN"",""UNKNOWN"",""SAT""]","[""UNKNOWN"",""UNKNOWN"",""UNKNOWN"",""FALSIFIED""]","[null,null,null,""/data1/Kane/ACT/audit_results/r93_rerun_20260525T083118Z/gpu_stream1_20260526T132419Z/cora_2024/cora_2024_48_q3_hz_walker_lp_0.json""]",,/data1/Kane/ACT/audit_results/r93_rerun_20260525T083118Z/gpu_stream1_20260526T132419Z/cora_2024/per_instance_cora_2024_20260526T170824676587Z.json
gpu_full,49,UNKNOWN,UNKNOWN,UNKNOWN,UNKNOWN,69.279,,False,,PASSED,,./onnx/mnist-trades.onnx,vnnlib/mnist-img17.vnnlib,"[""UNKNOWN"",""UNKNOWN"",""UNKNOWN"",""UNKNOWN"",""UNKNOWN""]","[""UNKNOWN"",""UNKNOWN"",""UNKNOWN"",""UNKNOWN"",""UNKNOWN""]","[null,null,null,null,null]",,/data1/Kane/ACT/audit_results/r93_rerun_20260525T083118Z/gpu_stream1_20260526T132419Z/cora_2024/per_instance_cora_2024_20260526T170937198243Z.json
gpu_full,5,CERTIFIED,UNSAT,CERTIFIED,CERTIFIED,20.122,,False,,PASSED,,./onnx/mnist-set.onnx,vnnlib/mnist-img1.vnnlib,"[""UNSAT"",""UNSAT"",""UNSAT"",""UNSAT"",""UNSAT"",""UNSAT"",""UNSAT"",""UNSAT"",""UNSAT""]","[""CERTIFIED"",""CERTIFIED"",""CERTIFIED"",""CERTIFIED"",""CERTIFIED"",""CERTIFIED"",""CERTIFIED"",""CERTIFIED"",""CERTIFIED""]","[null,null,null,null,null,null,null,null,null]",,/data1/Kane/ACT/audit_results/r93_rerun_20260525T083118Z/gpu_stream1_20260526T132419Z/cora_2024/per_instance_cora_2024_20260526T162822823692Z.json
gpu_full,50,CERTIFIED,UNSAT,CERTIFIED,CERTIFIED,14.933,,False,,PASSED,,./onnx/mnist-set.onnx,vnnlib/mnist-img17.vnnlib,"[""UNSAT"",""UNSAT"",""UNSAT"",""UNSAT"",""UNSAT"",""UNSAT"",""UNSAT"",""UNSAT"",""UNSAT""]","[""CERTIFIED"",""CERTIFIED"",""CERTIFIED"",""CERTIFIED"",""CERTIFIED"",""CERTIFIED"",""CERTIFIED"",""CERTIFIED"",""CERTIFIED""]","[null,null,null,null,null,null,null,null,null]",,/data1/Kane/ACT/audit_results/r93_rerun_20260525T083118Z/gpu_stream1_20260526T132419Z/cora_2024/per_instance_cora_2024_20260526T170955381754Z.json
gpu_full,51,UNKNOWN_TIMEOUT,UNKNOWN,UNKNOWN,,75.343,UNKNOWN_TIMEOUT,True,True,FAILED,3422.40625,./onnx/mnist-point.onnx,vnnlib/mnist-img18.vnnlib,[],[],[],"watchdog killed instance after 75.3s (status=UNKNOWN_TIMEOUT, peak_rss=3422.4 MiB)",/data1/Kane/ACT/audit_results/r93_rerun_20260525T083118Z/gpu_stream1_20260526T132419Z/cora_2024/per_instance_cora_2024_watchdog_iid51_20260526T171111669365Z.json
gpu_full,52,UNKNOWN,UNKNOWN,UNKNOWN,UNKNOWN,67.402,,False,,PASSED,,./onnx/mnist-trades.onnx,vnnlib/mnist-img18.vnnlib,"[""UNKNOWN"",""UNKNOWN"",""UNKNOWN"",""UNKNOWN"",""UNKNOWN""]","[""UNKNOWN"",""UNKNOWN"",""UNKNOWN"",""UNKNOWN"",""UNKNOWN""]","[null,null,null,null,null]",,/data1/Kane/ACT/audit_results/r93_rerun_20260525T083118Z/gpu_stream1_20260526T132419Z/cora_2024/per_instance_cora_2024_20260526T171221147834Z.json
gpu_full,53,CERTIFIED,UNSAT,CERTIFIED,CERTIFIED,10.784,,False,,PASSED,,./onnx/mnist-set.onnx,vnnlib/mnist-img18.vnnlib,"[""UNSAT"",""UNSAT"",""UNSAT"",""UNSAT"",""UNSAT"",""UNSAT"",""UNSAT"",""UNSAT"",""UNSAT""]","[""CERTIFIED"",""CERTIFIED"",""CERTIFIED"",""CERTIFIED"",""CERTIFIED"",""CERTIFIED"",""CERTIFIED"",""CERTIFIED"",""CERTIFIED""]","[null,null,null,null,null,null,null,null,null]",,/data1/Kane/ACT/audit_results/r93_rerun_20260525T083118Z/gpu_stream1_20260526T132419Z/cora_2024/per_instance_cora_2024_20260526T171235088216Z.json
gpu_full,54,FALSIFIED,SAT,FALSIFIED,FALSIFIED,66.912,,False,,PASSED,,./onnx/mnist-point.onnx,vnnlib/mnist-img19.vnnlib,"[""UNKNOWN"",""UNKNOWN"",""UNKNOWN"",""SAT""]","[""UNKNOWN"",""UNKNOWN"",""UNKNOWN"",""FALSIFIED""]","[null,null,null,""/data1/Kane/ACT/audit_results/r93_rerun_20260525T083118Z/gpu_stream1_20260526T132419Z/cora_2024/cora_2024_54_q3_hz_walker_lp_0.json""]",,/data1/Kane/ACT/audit_results/r93_rerun_20260525T083118Z/gpu_stream1_20260526T132419Z/cora_2024/per_instance_cora_2024_20260526T171345171513Z.json
gpu_full,55,UNKNOWN,UNKNOWN,UNKNOWN,UNKNOWN,69.33,,False,,PASSED,,./onnx/mnist-trades.onnx,vnnlib/mnist-img19.vnnlib,"[""UNKNOWN"",""UNKNOWN"",""UNKNOWN"",""UNKNOWN"",""UNKNOWN""]","[""UNKNOWN"",""UNKNOWN"",""UNKNOWN"",""UNKNOWN"",""UNKNOWN""]","[null,null,null,null,null]",,/data1/Kane/ACT/audit_results/r93_rerun_20260525T083118Z/gpu_stream1_20260526T132419Z/cora_2024/per_instance_cora_2024_20260526T171457659347Z.json
gpu_full,56,CERTIFIED,UNSAT,CERTIFIED,CERTIFIED,16.196,,False,,PASSED,,./onnx/mnist-set.onnx,vnnlib/mnist-img19.vnnlib,"[""UNSAT"",""UNSAT"",""UNSAT"",""UNSAT"",""UNSAT"",""UNSAT"",""UNSAT"",""UNSAT"",""UNSAT""]","[""CERTIFIED"",""CERTIFIED"",""CERTIFIED"",""CERTIFIED"",""CERTIFIED"",""CERTIFIED"",""CERTIFIED"",""CERTIFIED"",""CERTIFIED""]","[null,null,null,null,null,null,null,null,null]",,/data1/Kane/ACT/audit_results/r93_rerun_20260525T083118Z/gpu_stream1_20260526T132419Z/cora_2024/per_instance_cora_2024_20260526T171517098042Z.json
gpu_full,57,UNKNOWN,UNKNOWN,UNKNOWN,UNKNOWN,70.277,,False,,PASSED,,./onnx/mnist-point.onnx,vnnlib/mnist-img20.vnnlib,"[""UNKNOWN"",""UNKNOWN"",""UNKNOWN"",""UNKNOWN"",""UNKNOWN""]","[""UNKNOWN"",""UNKNOWN"",""UNKNOWN"",""UNKNOWN"",""UNKNOWN""]","[null,null,null,null,null]",,/data1/Kane/ACT/audit_results/r93_rerun_20260525T083118Z/gpu_stream1_20260526T132419Z/cora_2024/per_instance_cora_2024_20260526T171630166717Z.json
gpu_full,58,UNKNOWN,UNKNOWN,UNKNOWN,UNKNOWN,70.374,,False,,PASSED,,./onnx/mnist-trades.onnx,vnnlib/mnist-img20.vnnlib,"[""UNKNOWN"",""UNKNOWN"",""UNKNOWN"",""UNKNOWN"",""UNKNOWN""]","[""UNKNOWN"",""UNKNOWN"",""UNKNOWN"",""UNKNOWN"",""UNKNOWN""]","[null,null,null,null,null]",,/data1/Kane/ACT/audit_results/r93_rerun_20260525T083118Z/gpu_stream1_20260526T132419Z/cora_2024/per_instance_cora_2024_20260526T171743771817Z.json
gpu_full,59,UNKNOWN,UNKNOWN,UNKNOWN,UNKNOWN,57.551,,False,,PASSED,,./onnx/mnist-set.onnx,vnnlib/mnist-img20.vnnlib,"[""UNKNOWN"",""UNKNOWN"",""UNKNOWN"",""UNKNOWN"",""UNKNOWN"",""UNKNOWN"",""UNKNOWN"",""UNKNOWN"",""UNKNOWN""]","[""UNKNOWN"",""UNKNOWN"",""UNKNOWN"",""UNKNOWN"",""UNKNOWN"",""UNKNOWN"",""UNKNOWN"",""UNKNOWN"",""UNKNOWN""]","[null,null,null,null,null,null,null,null,null]",,/data1/Kane/ACT/audit_results/r93_rerun_20260525T083118Z/gpu_stream1_20260526T132419Z/cora_2024/per_instance_cora_2024_20260526T171844533855Z.json
gpu_full,6,UNKNOWN_TIMEOUT,UNKNOWN,UNKNOWN,,75.245,UNKNOWN_TIMEOUT,True,True,FAILED,3328.59375,./onnx/mnist-point.onnx,vnnlib/mnist-img2.vnnlib,[],[],[],"watchdog killed instance after 75.2s (status=UNKNOWN_TIMEOUT, peak_rss=3328.6 MiB)",/data1/Kane/ACT/audit_results/r93_rerun_20260525T083118Z/gpu_stream1_20260526T132419Z/cora_2024/per_instance_cora_2024_watchdog_iid6_20260526T162939142143Z.json
gpu_full,60,UNKNOWN_TIMEOUT,UNKNOWN,UNKNOWN,,75.443,UNKNOWN_TIMEOUT,True,True,FAILED,5771.578125,./onnx/svhn-point.onnx,vnnlib/svhn-img14.vnnlib,[],[],[],"watchdog killed instance after 75.4s (status=UNKNOWN_TIMEOUT, peak_rss=5771.6 MiB)",/data1/Kane/ACT/audit_results/r93_rerun_20260525T083118Z/gpu_stream1_20260526T132419Z/cora_2024/per_instance_cora_2024_watchdog_iid60_20260526T172000868657Z.json
gpu_full,61,UNKNOWN_TIMEOUT,UNKNOWN,UNKNOWN,,75.445,UNKNOWN_TIMEOUT,True,True,FAILED,5758.42578125,./onnx/svhn-trades.onnx,vnnlib/svhn-img14.vnnlib,[],[],[],"watchdog killed instance after 75.4s (status=UNKNOWN_TIMEOUT, peak_rss=5758.4 MiB)",/data1/Kane/ACT/audit_results/r93_rerun_20260525T083118Z/gpu_stream1_20260526T132419Z/cora_2024/per_instance_cora_2024_watchdog_iid61_20260526T172116314741Z.json
gpu_full,62,UNKNOWN_TIMEOUT,UNKNOWN,UNKNOWN,,75.748,UNKNOWN_TIMEOUT,True,True,FAILED,5869.87890625,./onnx/svhn-set.onnx,vnnlib/svhn-img14.vnnlib,[],[],[],"watchdog killed instance after 75.7s (status=UNKNOWN_TIMEOUT, peak_rss=5869.9 MiB)",/data1/Kane/ACT/audit_results/r93_rerun_20260525T083118Z/gpu_stream1_20260526T132419Z/cora_2024/per_instance_cora_2024_watchdog_iid62_20260526T172232064235Z.json
gpu_full,63,UNKNOWN_TIMEOUT,UNKNOWN,UNKNOWN,,75.746,UNKNOWN_TIMEOUT,True,True,FAILED,5703.08984375,./onnx/svhn-point.onnx,vnnlib/svhn-img130.vnnlib,[],[],[],"watchdog killed instance after 75.7s (status=UNKNOWN_TIMEOUT, peak_rss=5703.1 MiB)",/data1/Kane/ACT/audit_results/r93_rerun_20260525T083118Z/gpu_stream1_20260526T132419Z/cora_2024/per_instance_cora_2024_watchdog_iid63_20260526T172347810764Z.json
gpu_full,64,UNKNOWN_TIMEOUT,UNKNOWN,UNKNOWN,,75.446,UNKNOWN_TIMEOUT,True,True,FAILED,5756.01171875,./onnx/svhn-trades.onnx,vnnlib/svhn-img130.vnnlib,[],[],[],"watchdog killed instance after 75.4s (status=UNKNOWN_TIMEOUT, peak_rss=5756.0 MiB)",/data1/Kane/ACT/audit_results/r93_rerun_20260525T083118Z/gpu_stream1_20260526T132419Z/cora_2024/per_instance_cora_2024_watchdog_iid64_20260526T172503257215Z.json
gpu_full,65,UNKNOWN_TIMEOUT,UNKNOWN,UNKNOWN,,75.444,UNKNOWN_TIMEOUT,True,True,FAILED,5935.2265625,./onnx/svhn-set.onnx,vnnlib/svhn-img130.vnnlib,[],[],[],"watchdog killed instance after 75.4s (status=UNKNOWN_TIMEOUT, peak_rss=5935.2 MiB)",/data1/Kane/ACT/audit_results/r93_rerun_20260525T083118Z/gpu_stream1_20260526T132419Z/cora_2024/per_instance_cora_2024_watchdog_iid65_20260526T172618701920Z.json
gpu_full,66,UNKNOWN_TIMEOUT,UNKNOWN,UNKNOWN,,75.442,UNKNOWN_TIMEOUT,True,True,FAILED,5693.03515625,./onnx/svhn-point.onnx,vnnlib/svhn-img137.vnnlib,[],[],[],"watchdog killed instance after 75.4s (status=UNKNOWN_TIMEOUT, peak_rss=5693.0 MiB)",/data1/Kane/ACT/audit_results/r93_rerun_20260525T083118Z/gpu_stream1_20260526T132419Z/cora_2024/per_instance_cora_2024_watchdog_iid66_20260526T172734145221Z.json
gpu_full,67,UNKNOWN_TIMEOUT,UNKNOWN,UNKNOWN,,75.446,UNKNOWN_TIMEOUT,True,True,FAILED,5778.69140625,./onnx/svhn-trades.onnx,vnnlib/svhn-img137.vnnlib,[],[],[],"watchdog killed instance after 75.4s (status=UNKNOWN_TIMEOUT, peak_rss=5778.7 MiB)",/data1/Kane/ACT/audit_results/r93_rerun_20260525T083118Z/gpu_stream1_20260526T132419Z/cora_2024/per_instance_cora_2024_watchdog_iid67_20260526T172849591663Z.json
gpu_full,68,UNKNOWN_TIMEOUT,UNKNOWN,UNKNOWN,,75.644,UNKNOWN_TIMEOUT,True,True,FAILED,5921.70703125,./onnx/svhn-set.onnx,vnnlib/svhn-img137.vnnlib,[],[],[],"watchdog killed instance after 75.6s (status=UNKNOWN_TIMEOUT, peak_rss=5921.7 MiB)",/data1/Kane/ACT/audit_results/r93_rerun_20260525T083118Z/gpu_stream1_20260526T132419Z/cora_2024/per_instance_cora_2024_watchdog_iid68_20260526T173005236798Z.json
gpu_full,69,UNKNOWN_TIMEOUT,UNKNOWN,UNKNOWN,,75.448,UNKNOWN_TIMEOUT,True,True,FAILED,5680.359375,./onnx/svhn-point.onnx,vnnlib/svhn-img153.vnnlib,[],[],[],"watchdog killed instance after 75.4s (status=UNKNOWN_TIMEOUT, peak_rss=5680.4 MiB)",/data1/Kane/ACT/audit_results/r93_rerun_20260525T083118Z/gpu_stream1_20260526T132419Z/cora_2024/per_instance_cora_2024_watchdog_iid69_20260526T173120686237Z.json
gpu_full,7,UNKNOWN_TIMEOUT,UNKNOWN,UNKNOWN,,75.343,UNKNOWN_TIMEOUT,True,True,FAILED,3446.2109375,./onnx/mnist-trades.onnx,vnnlib/mnist-img2.vnnlib,[],[],[],"watchdog killed instance after 75.3s (status=UNKNOWN_TIMEOUT, peak_rss=3446.2 MiB)",/data1/Kane/ACT/audit_results/r93_rerun_20260525T083118Z/gpu_stream1_20260526T132419Z/cora_2024/per_instance_cora_2024_watchdog_iid7_20260526T163054485980Z.json
gpu_full,70,UNKNOWN_TIMEOUT,UNKNOWN,UNKNOWN,,75.445,UNKNOWN_TIMEOUT,True,True,FAILED,5764.13671875,./onnx/svhn-trades.onnx,vnnlib/svhn-img153.vnnlib,[],[],[],"watchdog killed instance after 75.4s (status=UNKNOWN_TIMEOUT, peak_rss=5764.1 MiB)",/data1/Kane/ACT/audit_results/r93_rerun_20260525T083118Z/gpu_stream1_20260526T132419Z/cora_2024/per_instance_cora_2024_watchdog_iid70_20260526T173236131601Z.json
gpu_full,71,UNKNOWN_TIMEOUT,UNKNOWN,UNKNOWN,,75.445,UNKNOWN_TIMEOUT,True,True,FAILED,5700.375,./onnx/svhn-set.onnx,vnnlib/svhn-img153.vnnlib,[],[],[],"watchdog killed instance after 75.4s (status=UNKNOWN_TIMEOUT, peak_rss=5700.4 MiB)",/data1/Kane/ACT/audit_results/r93_rerun_20260525T083118Z/gpu_stream1_20260526T132419Z/cora_2024/per_instance_cora_2024_watchdog_iid71_20260526T173351577216Z.json
gpu_full,72,UNKNOWN_TIMEOUT,UNKNOWN,UNKNOWN,,75.443,UNKNOWN_TIMEOUT,True,True,FAILED,5712.1640625,./onnx/svhn-point.onnx,vnnlib/svhn-img164.vnnlib,[],[],[],"watchdog killed instance after 75.4s (status=UNKNOWN_TIMEOUT, peak_rss=5712.2 MiB)",/data1/Kane/ACT/audit_results/r93_rerun_20260525T083118Z/gpu_stream1_20260526T132419Z/cora_2024/per_instance_cora_2024_watchdog_iid72_20260526T173507021369Z.json
gpu_full,73,UNKNOWN_TIMEOUT,UNKNOWN,UNKNOWN,,75.448,UNKNOWN_TIMEOUT,True,True,FAILED,5779.53515625,./onnx/svhn-trades.onnx,vnnlib/svhn-img164.vnnlib,[],[],[],"watchdog killed instance after 75.4s (status=UNKNOWN_TIMEOUT, peak_rss=5779.5 MiB)",/data1/Kane/ACT/audit_results/r93_rerun_20260525T083118Z/gpu_stream1_20260526T132419Z/cora_2024/per_instance_cora_2024_watchdog_iid73_20260526T173622470009Z.json
gpu_full,74,UNKNOWN_TIMEOUT,UNKNOWN,UNKNOWN,,75.447,UNKNOWN_TIMEOUT,True,True,FAILED,5865.5390625,./onnx/svhn-set.onnx,vnnlib/svhn-img164.vnnlib,[],[],[],"watchdog killed instance after 75.4s (status=UNKNOWN_TIMEOUT, peak_rss=5865.5 MiB)",/data1/Kane/ACT/audit_results/r93_rerun_20260525T083118Z/gpu_stream1_20260526T132419Z/cora_2024/per_instance_cora_2024_watchdog_iid74_20260526T173737918544Z.json
gpu_full,75,UNKNOWN_TIMEOUT,UNKNOWN,UNKNOWN,,75.442,UNKNOWN_TIMEOUT,True,True,FAILED,5691.5859375,./onnx/svhn-point.onnx,vnnlib/svhn-img182.vnnlib,[],[],[],"watchdog killed instance after 75.4s (status=UNKNOWN_TIMEOUT, peak_rss=5691.6 MiB)",/data1/Kane/ACT/audit_results/r93_rerun_20260525T083118Z/gpu_stream1_20260526T132419Z/cora_2024/per_instance_cora_2024_watchdog_iid75_20260526T173853362209Z.json
gpu_full,76,UNKNOWN_TIMEOUT,UNKNOWN,UNKNOWN,,75.448,UNKNOWN_TIMEOUT,True,True,FAILED,5780.74609375,./onnx/svhn-trades.onnx,vnnlib/svhn-img182.vnnlib,[],[],[],"watchdog killed instance after 75.4s (status=UNKNOWN_TIMEOUT, peak_rss=5780.7 MiB)",/data1/Kane/ACT/audit_results/r93_rerun_20260525T083118Z/gpu_stream1_20260526T132419Z/cora_2024/per_instance_cora_2024_watchdog_iid76_20260526T174008810676Z.json
gpu_full,77,UNKNOWN_TIMEOUT,UNKNOWN,UNKNOWN,,75.444,UNKNOWN_TIMEOUT,True,True,FAILED,5868.34765625,./onnx/svhn-set.onnx,vnnlib/svhn-img182.vnnlib,[],[],[],"watchdog killed instance after 75.4s (status=UNKNOWN_TIMEOUT, peak_rss=5868.3 MiB)",/data1/Kane/ACT/audit_results/r93_rerun_20260525T083118Z/gpu_stream1_20260526T132419Z/cora_2024/per_instance_cora_2024_watchdog_iid77_20260526T174124256175Z.json
gpu_full,78,UNKNOWN_TIMEOUT,UNKNOWN,UNKNOWN,,75.445,UNKNOWN_TIMEOUT,True,True,FAILED,5698.93359375,./onnx/svhn-point.onnx,vnnlib/svhn-img225.vnnlib,[],[],[],"watchdog killed instance after 75.4s (status=UNKNOWN_TIMEOUT, peak_rss=5698.9 MiB)",/data1/Kane/ACT/audit_results/r93_rerun_20260525T083118Z/gpu_stream1_20260526T132419Z/cora_2024/per_instance_cora_2024_watchdog_iid78_20260526T174239703202Z.json
gpu_full,79,UNKNOWN_TIMEOUT,UNKNOWN,UNKNOWN,,75.444,UNKNOWN_TIMEOUT,True,True,FAILED,5744.640625,./onnx/svhn-trades.onnx,vnnlib/svhn-img225.vnnlib,[],[],[],"watchdog killed instance after 75.4s (status=UNKNOWN_TIMEOUT, peak_rss=5744.6 MiB)",/data1/Kane/ACT/audit_results/r93_rerun_20260525T083118Z/gpu_stream1_20260526T132419Z/cora_2024/per_instance_cora_2024_watchdog_iid79_20260526T174355148289Z.json
gpu_full,8,CERTIFIED,UNSAT,CERTIFIED,CERTIFIED,10.545,,False,,PASSED,,./onnx/mnist-set.onnx,vnnlib/mnist-img2.vnnlib,"[""UNSAT"",""UNSAT"",""UNSAT"",""UNSAT"",""UNSAT"",""UNSAT"",""UNSAT"",""UNSAT"",""UNSAT""]","[""CERTIFIED"",""CERTIFIED"",""CERTIFIED"",""CERTIFIED"",""CERTIFIED"",""CERTIFIED"",""CERTIFIED"",""CERTIFIED"",""CERTIFIED""]","[null,null,null,null,null,null,null,null,null]",,/data1/Kane/ACT/audit_results/r93_rerun_20260525T083118Z/gpu_stream1_20260526T132419Z/cora_2024/per_instance_cora_2024_20260526T163107193887Z.json
gpu_full,80,UNKNOWN_TIMEOUT,UNKNOWN,UNKNOWN,,75.645,UNKNOWN_TIMEOUT,True,True,FAILED,5921.02734375,./onnx/svhn-set.onnx,vnnlib/svhn-img225.vnnlib,[],[],[],"watchdog killed instance after 75.6s (status=UNKNOWN_TIMEOUT, peak_rss=5921.0 MiB)",/data1/Kane/ACT/audit_results/r93_rerun_20260525T083118Z/gpu_stream1_20260526T132419Z/cora_2024/per_instance_cora_2024_watchdog_iid80_20260526T174510795142Z.json
gpu_full,81,UNKNOWN_TIMEOUT,UNKNOWN,UNKNOWN,,75.445,UNKNOWN_TIMEOUT,True,True,FAILED,5701.171875,./onnx/svhn-point.onnx,vnnlib/svhn-img263.vnnlib,[],[],[],"watchdog killed instance after 75.4s (status=UNKNOWN_TIMEOUT, peak_rss=5701.2 MiB)",/data1/Kane/ACT/audit_results/r93_rerun_20260525T083118Z/gpu_stream1_20260526T132419Z/cora_2024/per_instance_cora_2024_watchdog_iid81_20260526T174626241529Z.json
gpu_full,82,UNKNOWN_TIMEOUT,UNKNOWN,UNKNOWN,,75.446,UNKNOWN_TIMEOUT,True,True,FAILED,5752.08203125,./onnx/svhn-trades.onnx,vnnlib/svhn-img263.vnnlib,[],[],[],"watchdog killed instance after 75.4s (status=UNKNOWN_TIMEOUT, peak_rss=5752.1 MiB)",/data1/Kane/ACT/audit_results/r93_rerun_20260525T083118Z/gpu_stream1_20260526T132419Z/cora_2024/per_instance_cora_2024_watchdog_iid82_20260526T174741688406Z.json
gpu_full,83,UNKNOWN_TIMEOUT,UNKNOWN,UNKNOWN,,75.445,UNKNOWN_TIMEOUT,True,True,FAILED,5919.59375,./onnx/svhn-set.onnx,vnnlib/svhn-img263.vnnlib,[],[],[],"watchdog killed instance after 75.4s (status=UNKNOWN_TIMEOUT, peak_rss=5919.6 MiB)",/data1/Kane/ACT/audit_results/r93_rerun_20260525T083118Z/gpu_stream1_20260526T132419Z/cora_2024/per_instance_cora_2024_watchdog_iid83_20260526T174857134524Z.json
gpu_full,84,UNKNOWN_TIMEOUT,UNKNOWN,UNKNOWN,,75.345,UNKNOWN_TIMEOUT,True,True,FAILED,5724.3671875,./onnx/svhn-point.onnx,vnnlib/svhn-img279.vnnlib,[],[],[],"watchdog killed instance after 75.3s (status=UNKNOWN_TIMEOUT, peak_rss=5724.4 MiB)",/data1/Kane/ACT/audit_results/r93_rerun_20260525T083118Z/gpu_stream1_20260526T132419Z/cora_2024/per_instance_cora_2024_watchdog_iid84_20260526T175012480619Z.json
gpu_full,85,UNKNOWN_TIMEOUT,UNKNOWN,UNKNOWN,,75.444,UNKNOWN_TIMEOUT,True,True,FAILED,5796.80859375,./onnx/svhn-trades.onnx,vnnlib/svhn-img279.vnnlib,[],[],[],"watchdog killed instance after 75.4s (status=UNKNOWN_TIMEOUT, peak_rss=5796.8 MiB)",/data1/Kane/ACT/audit_results/r93_rerun_20260525T083118Z/gpu_stream1_20260526T132419Z/cora_2024/per_instance_cora_2024_watchdog_iid85_20260526T175127925460Z.json
gpu_full,86,UNKNOWN_TIMEOUT,UNKNOWN,UNKNOWN,,75.646,UNKNOWN_TIMEOUT,True,True,FAILED,5890.38671875,./onnx/svhn-set.onnx,vnnlib/svhn-img279.vnnlib,[],[],[],"watchdog killed instance after 75.6s (status=UNKNOWN_TIMEOUT, peak_rss=5890.4 MiB)",/data1/Kane/ACT/audit_results/r93_rerun_20260525T083118Z/gpu_stream1_20260526T132419Z/cora_2024/per_instance_cora_2024_watchdog_iid86_20260526T175243572908Z.json
gpu_full,87,UNKNOWN_TIMEOUT,UNKNOWN,UNKNOWN,,75.447,UNKNOWN_TIMEOUT,True,True,FAILED,5722.54296875,./onnx/svhn-point.onnx,vnnlib/svhn-img289.vnnlib,[],[],[],"watchdog killed instance after 75.4s (status=UNKNOWN_TIMEOUT, peak_rss=5722.5 MiB)",/data1/Kane/ACT/audit_results/r93_rerun_20260525T083118Z/gpu_stream1_20260526T132419Z/cora_2024/per_instance_cora_2024_watchdog_iid87_20260526T175359020952Z.json
gpu_full,88,UNKNOWN_TIMEOUT,UNKNOWN,UNKNOWN,,75.489,UNKNOWN_TIMEOUT,True,True,FAILED,5732.05859375,./onnx/svhn-trades.onnx,vnnlib/svhn-img289.vnnlib,[],[],[],"watchdog killed instance after 75.5s (status=UNKNOWN_TIMEOUT, peak_rss=5732.1 MiB)",/data1/Kane/ACT/audit_results/r93_rerun_20260525T083118Z/gpu_stream1_20260526T132419Z/cora_2024/per_instance_cora_2024_watchdog_iid88_20260526T175514511049Z.json
gpu_full,89,UNKNOWN_TIMEOUT,UNKNOWN,UNKNOWN,,75.45,UNKNOWN_TIMEOUT,True,True,FAILED,5931.6953125,./onnx/svhn-set.onnx,vnnlib/svhn-img289.vnnlib,[],[],[],"watchdog killed instance after 75.4s (status=UNKNOWN_TIMEOUT, peak_rss=5931.7 MiB)",/data1/Kane/ACT/audit_results/r93_rerun_20260525T083118Z/gpu_stream1_20260526T132419Z/cora_2024/per_instance_cora_2024_watchdog_iid89_20260526T175629962643Z.json
gpu_full,9,UNKNOWN,UNKNOWN,UNKNOWN,UNKNOWN,69.146,,False,,PASSED,,./onnx/mnist-point.onnx,vnnlib/mnist-img3.vnnlib,"[""UNKNOWN"",""UNKNOWN"",""UNKNOWN"",""UNKNOWN"",""UNKNOWN""]","[""UNKNOWN"",""UNKNOWN"",""UNKNOWN"",""UNKNOWN"",""UNKNOWN""]","[null,null,null,null,null]",,/data1/Kane/ACT/audit_results/r93_rerun_20260525T083118Z/gpu_stream1_20260526T132419Z/cora_2024/per_instance_cora_2024_20260526T163219304806Z.json
gpu_full,90,UNKNOWN_TIMEOUT,UNKNOWN,UNKNOWN,,75.752,UNKNOWN_TIMEOUT,True,True,FAILED,5700.10546875,./onnx/svhn-point.onnx,vnnlib/svhn-img337.vnnlib,[],[],[],"watchdog killed instance after 75.8s (status=UNKNOWN_TIMEOUT, peak_rss=5700.1 MiB)",/data1/Kane/ACT/audit_results/r93_rerun_20260525T083118Z/gpu_stream1_20260526T132419Z/cora_2024/per_instance_cora_2024_watchdog_iid90_20260526T175745715806Z.json
gpu_full,91,UNKNOWN_TIMEOUT,UNKNOWN,UNKNOWN,,75.449,UNKNOWN_TIMEOUT,True,True,FAILED,5738.8125,./onnx/svhn-trades.onnx,vnnlib/svhn-img337.vnnlib,[],[],[],"watchdog killed instance after 75.4s (status=UNKNOWN_TIMEOUT, peak_rss=5738.8 MiB)",/data1/Kane/ACT/audit_results/r93_rerun_20260525T083118Z/gpu_stream1_20260526T132419Z/cora_2024/per_instance_cora_2024_watchdog_iid91_20260526T175901165383Z.json
gpu_full,92,UNKNOWN_TIMEOUT,UNKNOWN,UNKNOWN,,75.447,UNKNOWN_TIMEOUT,True,True,FAILED,5860.27734375,./onnx/svhn-set.onnx,vnnlib/svhn-img337.vnnlib,[],[],[],"watchdog killed instance after 75.4s (status=UNKNOWN_TIMEOUT, peak_rss=5860.3 MiB)",/data1/Kane/ACT/audit_results/r93_rerun_20260525T083118Z/gpu_stream1_20260526T132419Z/cora_2024/per_instance_cora_2024_watchdog_iid92_20260526T180016614438Z.json
gpu_full,93,UNKNOWN_TIMEOUT,UNKNOWN,UNKNOWN,,75.451,UNKNOWN_TIMEOUT,True,True,FAILED,5713.21484375,./onnx/svhn-point.onnx,vnnlib/svhn-img349.vnnlib,[],[],[],"watchdog killed instance after 75.5s (status=UNKNOWN_TIMEOUT, peak_rss=5713.2 MiB)",/data1/Kane/ACT/audit_results/r93_rerun_20260525T083118Z/gpu_stream1_20260526T132419Z/cora_2024/per_instance_cora_2024_watchdog_iid93_20260526T180132068838Z.json
gpu_full,94,UNKNOWN_TIMEOUT,UNKNOWN,UNKNOWN,,75.448,UNKNOWN_TIMEOUT,True,True,FAILED,5735.3515625,./onnx/svhn-trades.onnx,vnnlib/svhn-img349.vnnlib,[],[],[],"watchdog killed instance after 75.4s (status=UNKNOWN_TIMEOUT, peak_rss=5735.4 MiB)",/data1/Kane/ACT/audit_results/r93_rerun_20260525T083118Z/gpu_stream1_20260526T132419Z/cora_2024/per_instance_cora_2024_watchdog_iid94_20260526T180247518482Z.json
gpu_full,95,UNKNOWN_TIMEOUT,UNKNOWN,UNKNOWN,,75.841,UNKNOWN_TIMEOUT,True,True,FAILED,5933.8828125,./onnx/svhn-set.onnx,vnnlib/svhn-img349.vnnlib,[],[],[],"watchdog killed instance after 75.8s (status=UNKNOWN_TIMEOUT, peak_rss=5933.9 MiB)",/data1/Kane/ACT/audit_results/r93_rerun_20260525T083118Z/gpu_stream1_20260526T132419Z/cora_2024/per_instance_cora_2024_watchdog_iid95_20260526T180403360270Z.json
gpu_full,96,UNKNOWN_TIMEOUT,UNKNOWN,UNKNOWN,,75.442,UNKNOWN_TIMEOUT,True,True,FAILED,5711.546875,./onnx/svhn-point.onnx,vnnlib/svhn-img530.vnnlib,[],[],[],"watchdog killed instance after 75.4s (status=UNKNOWN_TIMEOUT, peak_rss=5711.5 MiB)",/data1/Kane/ACT/audit_results/r93_rerun_20260525T083118Z/gpu_stream1_20260526T132419Z/cora_2024/per_instance_cora_2024_watchdog_iid96_20260526T180518803237Z.json
gpu_full,97,UNKNOWN_TIMEOUT,UNKNOWN,UNKNOWN,,75.444,UNKNOWN_TIMEOUT,True,True,FAILED,5777.48828125,./onnx/svhn-trades.onnx,vnnlib/svhn-img530.vnnlib,[],[],[],"watchdog killed instance after 75.4s (status=UNKNOWN_TIMEOUT, peak_rss=5777.5 MiB)",/data1/Kane/ACT/audit_results/r93_rerun_20260525T083118Z/gpu_stream1_20260526T132419Z/cora_2024/per_instance_cora_2024_watchdog_iid97_20260526T180634249395Z.json
gpu_full,98,UNKNOWN_TIMEOUT,UNKNOWN,UNKNOWN,,75.852,UNKNOWN_TIMEOUT,True,True,FAILED,5823.20703125,./onnx/svhn-set.onnx,vnnlib/svhn-img530.vnnlib,[],[],[],"watchdog killed instance after 75.9s (status=UNKNOWN_TIMEOUT, peak_rss=5823.2 MiB)",/data1/Kane/ACT/audit_results/r93_rerun_20260525T083118Z/gpu_stream1_20260526T132419Z/cora_2024/per_instance_cora_2024_watchdog_iid98_20260526T180750102415Z.json
gpu_full,99,UNKNOWN_TIMEOUT,UNKNOWN,UNKNOWN,,75.443,UNKNOWN_TIMEOUT,True,True,FAILED,5721.66796875,./onnx/svhn-point.onnx,vnnlib/svhn-img601.vnnlib,[],[],[],"watchdog killed instance after 75.4s (status=UNKNOWN_TIMEOUT, peak_rss=5721.7 MiB)",/data1/Kane/ACT/audit_results/r93_rerun_20260525T083118Z/gpu_stream1_20260526T132419Z/cora_2024/per_instance_cora_2024_watchdog_iid99_20260526T180905546520Z.json
