source,iid,verdict,internal_status,reportable_status,count_bucket,wall_s,watchdog_status,watchdog_synthetic,strict_bounded_failure,run_status,peak_rss_mb,onnx_model,vnnlib_spec,q_statuses,q_reportables,q_receipts,error,json_path
cpu,0,UNKNOWN,UNKNOWN,UNKNOWN,UNKNOWN,0.497,,False,,PASSED,,./onnx/14_ieee_ml4acopf-linear-residual.onnx,./vnnlib/14_ieee_prop9.vnnlib,"[""UNKNOWN"",""UNSAT""]","[""UNKNOWN"",""CERTIFIED""]","[null,null]",,/data1/Kane/ACT/audit_results/r93_rerun_20260525T083118Z/overnight_cpu_20260525T144203Z/ml4acopf_2024/per_instance_ml4acopf_2024_20260525T145028522066Z.json
cpu,1,UNKNOWN,UNKNOWN,UNKNOWN,UNKNOWN,0.474,,False,,PASSED,,./onnx/14_ieee_ml4acopf-linear-residual.onnx,./vnnlib/14_ieee_prop7.vnnlib,"[""UNKNOWN"",""UNSAT""]","[""UNKNOWN"",""CERTIFIED""]","[null,null]",,/data1/Kane/ACT/audit_results/r93_rerun_20260525T083118Z/overnight_cpu_20260525T144203Z/ml4acopf_2024/per_instance_ml4acopf_2024_20260525T145031500685Z.json
cpu,10,UNKNOWN,UNKNOWN,UNKNOWN,UNKNOWN,38.327,,False,,PASSED,,./onnx/14_ieee_ml4acopf-linear-residual.onnx,./vnnlib/14_ieee_prop3.vnnlib,"[""UNKNOWN"",""UNSAT"",""UNKNOWN"",""UNSAT"",""UNSAT"",""UNSAT"",""UNSAT"",""UNSAT"",""UNSAT"",""UNSAT"",""UNKNOWN"",""UNSAT"",""UNKNOWN"",""UNSAT"",""UNKNOWN"",""UNSAT"",""UNKNOWN"",""UNSAT"",""UNKNOWN"",""UNSAT""]","[""UNKNOWN"",""CERTIFIED"",""UNKNOWN"",""CERTIFIED"",""CERTIFIED"",""CERTIFIED"",""CERTIFIED"",""CERTIFIED"",""CERTIFIED"",""CERTIFIED"",""UNKNOWN"",""CERTIFIED"",""UNKNOWN"",""CERTIFIED"",""UNKNOWN"",""CERTIFIED"",""UNKNOWN"",""CERTIFIED"",""UNKNOWN"",""CERTIFIED""]","[null,null,null,null,null,null,null,null,null,null,null,null,null,null,null,null,null,null,null,null]",,/data1/Kane/ACT/audit_results/r93_rerun_20260525T083118Z/overnight_cpu_20260525T144203Z/ml4acopf_2024/per_instance_ml4acopf_2024_20260525T145334981191Z.json
cpu,11,UNKNOWN,UNKNOWN,UNKNOWN,UNKNOWN,0.474,,False,,PASSED,,./onnx/14_ieee_ml4acopf-linear-residual.onnx,./vnnlib/14_ieee_prop14.vnnlib,"[""UNKNOWN"",""UNSAT""]","[""UNKNOWN"",""CERTIFIED""]","[null,null]",,/data1/Kane/ACT/audit_results/r93_rerun_20260525T083118Z/overnight_cpu_20260525T144203Z/ml4acopf_2024/per_instance_ml4acopf_2024_20260525T145338191503Z.json
cpu,12,UNKNOWN,UNKNOWN,UNKNOWN,UNKNOWN,0.474,,False,,PASSED,,./onnx/14_ieee_ml4acopf-linear-residual.onnx,./vnnlib/14_ieee_prop10.vnnlib,"[""UNKNOWN"",""UNSAT""]","[""UNKNOWN"",""CERTIFIED""]","[null,null]",,/data1/Kane/ACT/audit_results/r93_rerun_20260525T083118Z/overnight_cpu_20260525T144203Z/ml4acopf_2024/per_instance_ml4acopf_2024_20260525T145341158939Z.json
cpu,13,UNKNOWN,UNKNOWN,UNKNOWN,UNKNOWN,0.565,,False,,PASSED,,./onnx/14_ieee_ml4acopf-linear-residual.onnx,./vnnlib/14_ieee_prop5.vnnlib,"[""UNKNOWN"",""UNSAT""]","[""UNKNOWN"",""CERTIFIED""]","[null,null]",,/data1/Kane/ACT/audit_results/r93_rerun_20260525T083118Z/overnight_cpu_20260525T144203Z/ml4acopf_2024/per_instance_ml4acopf_2024_20260525T145344248327Z.json
cpu,14,UNKNOWN,UNKNOWN,UNKNOWN,UNKNOWN,3.466,,False,,PASSED,,./onnx/118_ieee_ml4acopf.onnx,./vnnlib/118_ieee_prop2.vnnlib,"[""UNKNOWN""]","[""UNKNOWN""]",[null],,/data1/Kane/ACT/audit_results/r93_rerun_20260525T083118Z/overnight_cpu_20260525T144203Z/ml4acopf_2024/per_instance_ml4acopf_2024_20260525T145350651836Z.json
cpu,15,UNKNOWN,UNKNOWN,UNKNOWN,UNKNOWN,45.845,,False,,PASSED,,./onnx/118_ieee_ml4acopf.onnx,./vnnlib/118_ieee_prop4.vnnlib,"[""UNSAT"",""UNSAT"",""UNSAT"",""UNSAT"",""UNSAT"",""UNSAT"",""UNSAT"",""UNSAT"",""UNSAT"",""UNSAT"",""UNSAT"",""UNSAT"",""UNSAT"",""UNSAT"",""UNSAT"",""UNSAT"",""UNSAT"",""UNSAT"",""UNSAT"",""UNSAT"",""UNSAT"",""UNSAT"",""UNSAT"",""UNKNOWN""]","[""CERTIFIED"",""CERTIFIED"",""CERTIFIED"",""CERTIFIED"",""CERTIFIED"",""CERTIFIED"",""CERTIFIED"",""CERTIFIED"",""CERTIFIED"",""CERTIFIED"",""CERTIFIED"",""CERTIFIED"",""CERTIFIED"",""CERTIFIED"",""CERTIFIED"",""CERTIFIED"",""CERTIFIED"",""CERTIFIED"",""CERTIFIED"",""CERTIFIED"",""CERTIFIED"",""CERTIFIED"",""CERTIFIED"",""UNKNOWN""]","[null,null,null,null,null,null,null,null,null,null,null,null,null,null,null,null,null,null,null,null,null,null,null,null]",,/data1/Kane/ACT/audit_results/r93_rerun_20260525T083118Z/overnight_cpu_20260525T144203Z/ml4acopf_2024/per_instance_ml4acopf_2024_20260525T145439035291Z.json
cpu,16,UNKNOWN_TIMEOUT,UNKNOWN,UNKNOWN,,63.786,UNKNOWN_TIMEOUT,True,True,FAILED,1799.26171875,./onnx/118_ieee_ml4acopf.onnx,./vnnlib/118_ieee_prop3.vnnlib,[],[],[],"watchdog killed instance after 63.8s (status=UNKNOWN_TIMEOUT, peak_rss=1799.3 MiB)",/data1/Kane/ACT/audit_results/r93_rerun_20260525T083118Z/overnight_cpu_20260525T144203Z/ml4acopf_2024/per_instance_ml4acopf_2024_watchdog_iid16_20260525T145543566392Z.json
cpu,17,UNKNOWN,UNKNOWN,UNKNOWN,UNKNOWN,2.945,,False,,PASSED,,./onnx/118_ieee_ml4acopf.onnx,./vnnlib/118_ieee_prop5.vnnlib,"[""UNKNOWN"",""UNKNOWN""]","[""UNKNOWN"",""UNKNOWN""]","[null,null]",,/data1/Kane/ACT/audit_results/r93_rerun_20260525T083118Z/overnight_cpu_20260525T144203Z/ml4acopf_2024/per_instance_ml4acopf_2024_20260525T145549645627Z.json
cpu,18,UNKNOWN,UNKNOWN,UNKNOWN,UNKNOWN,2.815,,False,,PASSED,,./onnx/118_ieee_ml4acopf.onnx,./vnnlib/118_ieee_prop6.vnnlib,"[""UNKNOWN"",""UNKNOWN""]","[""UNKNOWN"",""UNKNOWN""]","[null,null]",,/data1/Kane/ACT/audit_results/r93_rerun_20260525T083118Z/overnight_cpu_20260525T144203Z/ml4acopf_2024/per_instance_ml4acopf_2024_20260525T145555360507Z.json
cpu,19,UNKNOWN,UNKNOWN,UNKNOWN,UNKNOWN,46.303,,False,,PASSED,,./onnx/300_ieee_ml4acopf-linear-nonresidual.onnx,./vnnlib/300_ieee_prop3.vnnlib,"[""UNSAT"",""UNSAT"",""UNSAT"",""UNSAT"",""UNKNOWN""]","[""CERTIFIED"",""CERTIFIED"",""CERTIFIED"",""CERTIFIED"",""UNKNOWN""]","[null,null,null,null,null]",,/data1/Kane/ACT/audit_results/r93_rerun_20260525T083118Z/overnight_cpu_20260525T144203Z/ml4acopf_2024/per_instance_ml4acopf_2024_20260525T145644307159Z.json
cpu,2,UNKNOWN,UNKNOWN,UNKNOWN,UNKNOWN,4.474,,False,,PASSED,,./onnx/14_ieee_ml4acopf-linear-residual.onnx,./vnnlib/14_ieee_prop2.vnnlib,"[""UNKNOWN""]","[""UNKNOWN""]",[null],,/data1/Kane/ACT/audit_results/r93_rerun_20260525T083118Z/overnight_cpu_20260525T144203Z/ml4acopf_2024/per_instance_ml4acopf_2024_20260525T145038501619Z.json
cpu,20,UNKNOWN,UNKNOWN,UNKNOWN,UNKNOWN,10.204,,False,,PASSED,,./onnx/300_ieee_ml4acopf-linear-nonresidual.onnx,./vnnlib/300_ieee_prop105.vnnlib,"[""UNKNOWN"",""UNSAT""]","[""UNKNOWN"",""CERTIFIED""]","[null,null]",,/data1/Kane/ACT/audit_results/r93_rerun_20260525T083118Z/overnight_cpu_20260525T144203Z/ml4acopf_2024/per_instance_ml4acopf_2024_20260525T145657272700Z.json
cpu,21,CERTIFIED,UNSAT,CERTIFIED,CERTIFIED,19.621,,False,,PASSED,,./onnx/300_ieee_ml4acopf-linear-nonresidual.onnx,./vnnlib/300_ieee_prop2.vnnlib,"[""UNSAT""]","[""CERTIFIED""]",[null],,/data1/Kane/ACT/audit_results/r93_rerun_20260525T083118Z/overnight_cpu_20260525T144203Z/ml4acopf_2024/per_instance_ml4acopf_2024_20260525T145719682936Z.json
cpu,22,UNKNOWN,UNKNOWN,UNKNOWN,UNKNOWN,45.672,,False,,PASSED,,./onnx/300_ieee_ml4acopf-linear-nonresidual.onnx,./vnnlib/300_ieee_prop4.vnnlib,"[""UNKNOWN"",""UNSAT"",""UNKNOWN"",""UNSAT"",""UNKNOWN""]","[""UNKNOWN"",""CERTIFIED"",""UNKNOWN"",""CERTIFIED"",""UNKNOWN""]","[null,null,null,null,null]",,/data1/Kane/ACT/audit_results/r93_rerun_20260525T083118Z/overnight_cpu_20260525T144203Z/ml4acopf_2024/per_instance_ml4acopf_2024_20260525T145808270457Z.json
cpu,23,UNKNOWN,UNKNOWN,UNKNOWN,UNKNOWN,0.625,,False,,PASSED,,./onnx/14_ieee_ml4acopf-linear-nonresidual.onnx,./vnnlib/14_ieee_prop9.vnnlib,"[""UNKNOWN"",""UNSAT""]","[""UNKNOWN"",""CERTIFIED""]","[null,null]",,/data1/Kane/ACT/audit_results/r93_rerun_20260525T083118Z/overnight_cpu_20260525T144203Z/ml4acopf_2024/per_instance_ml4acopf_2024_20260525T145811790219Z.json
cpu,24,UNKNOWN,UNKNOWN,UNKNOWN,UNKNOWN,0.598,,False,,PASSED,,./onnx/14_ieee_ml4acopf-linear-nonresidual.onnx,./vnnlib/14_ieee_prop7.vnnlib,"[""UNSAT"",""UNKNOWN""]","[""CERTIFIED"",""UNKNOWN""]","[null,null]",,/data1/Kane/ACT/audit_results/r93_rerun_20260525T083118Z/overnight_cpu_20260525T144203Z/ml4acopf_2024/per_instance_ml4acopf_2024_20260525T145815243106Z.json
cpu,25,UNKNOWN,UNKNOWN,UNKNOWN,UNKNOWN,4.279,,False,,PASSED,,./onnx/14_ieee_ml4acopf-linear-nonresidual.onnx,./vnnlib/14_ieee_prop2.vnnlib,"[""UNKNOWN""]","[""UNKNOWN""]",[null],,/data1/Kane/ACT/audit_results/r93_rerun_20260525T083118Z/overnight_cpu_20260525T144203Z/ml4acopf_2024/per_instance_ml4acopf_2024_20260525T145822435947Z.json
cpu,26,UNKNOWN,UNKNOWN,UNKNOWN,UNKNOWN,0.664,,False,,PASSED,,./onnx/14_ieee_ml4acopf-linear-nonresidual.onnx,./vnnlib/14_ieee_prop8.vnnlib,"[""UNKNOWN"",""UNKNOWN""]","[""UNKNOWN"",""UNKNOWN""]","[null,null]",,/data1/Kane/ACT/audit_results/r93_rerun_20260525T083118Z/overnight_cpu_20260525T144203Z/ml4acopf_2024/per_instance_ml4acopf_2024_20260525T145825797530Z.json
cpu,27,UNKNOWN_TIMEOUT,UNKNOWN,UNKNOWN,,53.461,UNKNOWN_TIMEOUT,True,True,FAILED,1071.625,./onnx/14_ieee_ml4acopf-linear-nonresidual.onnx,./vnnlib/14_ieee_prop4.vnnlib,[],[],[],"watchdog killed instance after 53.5s (status=UNKNOWN_TIMEOUT, peak_rss=1071.6 MiB)",/data1/Kane/ACT/audit_results/r93_rerun_20260525T083118Z/overnight_cpu_20260525T144203Z/ml4acopf_2024/per_instance_ml4acopf_2024_watchdog_iid27_20260525T145920143620Z.json
cpu,28,UNKNOWN,UNKNOWN,UNKNOWN,UNKNOWN,0.605,,False,,PASSED,,./onnx/14_ieee_ml4acopf-linear-nonresidual.onnx,./vnnlib/14_ieee_prop6.vnnlib,"[""UNKNOWN"",""UNSAT""]","[""UNKNOWN"",""CERTIFIED""]","[null,null]",,/data1/Kane/ACT/audit_results/r93_rerun_20260525T083118Z/overnight_cpu_20260525T144203Z/ml4acopf_2024/per_instance_ml4acopf_2024_20260525T145923010875Z.json
cpu,29,UNKNOWN,UNKNOWN,UNKNOWN,UNKNOWN,0.588,,False,,PASSED,,./onnx/14_ieee_ml4acopf-linear-nonresidual.onnx,./vnnlib/14_ieee_prop12.vnnlib,"[""UNSAT"",""UNKNOWN""]","[""CERTIFIED"",""UNKNOWN""]","[null,null]",,/data1/Kane/ACT/audit_results/r93_rerun_20260525T083118Z/overnight_cpu_20260525T144203Z/ml4acopf_2024/per_instance_ml4acopf_2024_20260525T145926710226Z.json
cpu,3,UNKNOWN,UNKNOWN,UNKNOWN,UNKNOWN,0.56,,False,,PASSED,,./onnx/14_ieee_ml4acopf-linear-residual.onnx,./vnnlib/14_ieee_prop8.vnnlib,"[""UNKNOWN"",""UNSAT""]","[""UNKNOWN"",""CERTIFIED""]","[null,null]",,/data1/Kane/ACT/audit_results/r93_rerun_20260525T083118Z/overnight_cpu_20260525T144203Z/ml4acopf_2024/per_instance_ml4acopf_2024_20260525T145041574768Z.json
cpu,30,UNKNOWN,UNKNOWN,UNKNOWN,UNKNOWN,0.621,,False,,PASSED,,./onnx/14_ieee_ml4acopf-linear-nonresidual.onnx,./vnnlib/14_ieee_prop13.vnnlib,"[""UNKNOWN"",""UNSAT""]","[""UNKNOWN"",""CERTIFIED""]","[null,null]",,/data1/Kane/ACT/audit_results/r93_rerun_20260525T083118Z/overnight_cpu_20260525T144203Z/ml4acopf_2024/per_instance_ml4acopf_2024_20260525T145930241169Z.json
cpu,31,UNKNOWN,UNKNOWN,UNKNOWN,UNKNOWN,0.591,,False,,PASSED,,./onnx/14_ieee_ml4acopf-linear-nonresidual.onnx,./vnnlib/14_ieee_prop11.vnnlib,"[""UNKNOWN"",""UNSAT""]","[""UNKNOWN"",""CERTIFIED""]","[null,null]",,/data1/Kane/ACT/audit_results/r93_rerun_20260525T083118Z/overnight_cpu_20260525T144203Z/ml4acopf_2024/per_instance_ml4acopf_2024_20260525T145933716074Z.json
cpu,32,UNKNOWN,UNKNOWN,UNKNOWN,UNKNOWN,9.195,,False,,PASSED,,./onnx/14_ieee_ml4acopf-linear-nonresidual.onnx,./vnnlib/14_ieee_prop1.vnnlib,"[""UNSAT"",""UNKNOWN"",""UNKNOWN"",""UNSAT"",""UNKNOWN"",""UNSAT"",""UNSAT"",""UNKNOWN"",""UNKNOWN"",""UNSAT"",""UNSAT"",""UNKNOWN"",""UNSAT"",""UNKNOWN"",""UNKNOWN"",""UNSAT"",""UNKNOWN"",""UNSAT"",""UNKNOWN"",""UNSAT"",""UNKNOWN"",""UNSAT"",""UNKNOWN"",""UNSAT"",""UNKNOWN"",""UNSAT"",""UNKNOWN"",""UNSAT"",""UNKNOWN"",""UNSAT"",""UNKNOWN"",""UNSAT"",""UNKNOWN"",""UNSAT"",""UNKNOWN"",""UNSAT"",""UNKNOWN"",""UNSAT"",""UNKNOWN"",""UNSAT"",""UNKNOWN"",""UNSAT"",""UNKNOWN"",""UNSAT"",""UNKNOWN"",""UNSAT"",""UNKNOWN"",""UNSAT"",""UNKNOWN"",""UNSAT"",""UNKNOWN"",""UNSAT"",""UNKNOWN"",""UNSAT"",""UNKNOWN"",""UNSAT""]","[""CERTIFIED"",""UNKNOWN"",""UNKNOWN"",""CERTIFIED"",""UNKNOWN"",""CERTIFIED"",""CERTIFIED"",""UNKNOWN"",""UNKNOWN"",""CERTIFIED"",""CERTIFIED"",""UNKNOWN"",""CERTIFIED"",""UNKNOWN"",""UNKNOWN"",""CERTIFIED"",""UNKNOWN"",""CERTIFIED"",""UNKNOWN"",""CERTIFIED"",""UNKNOWN"",""CERTIFIED"",""UNKNOWN"",""CERTIFIED"",""UNKNOWN"",""CERTIFIED"",""UNKNOWN"",""CERTIFIED"",""UNKNOWN"",""CERTIFIED"",""UNKNOWN"",""CERTIFIED"",""UNKNOWN"",""CERTIFIED"",""UNKNOWN"",""CERTIFIED"",""UNKNOWN"",""CERTIFIED"",""UNKNOWN"",""CERTIFIED"",""UNKNOWN"",""CERTIFIED"",""UNKNOWN"",""CERTIFIED"",""UNKNOWN"",""CERTIFIED"",""UNKNOWN"",""CERTIFIED"",""UNKNOWN"",""CERTIFIED"",""UNKNOWN"",""CERTIFIED"",""UNKNOWN"",""CERTIFIED"",""UNKNOWN"",""CERTIFIED""]","[null,null,null,null,null,null,null,null,null,null,null,null,null,null,null,null,null,null,null,null,null,null,null,null,null,null,null,null,null,null,null,null,null,null,null,null,null,null,null,null,null,null,null,null,null,null,null,null,null,null,null,null,null,null,null,null]",,/data1/Kane/ACT/audit_results/r93_rerun_20260525T083118Z/overnight_cpu_20260525T144203Z/ml4acopf_2024/per_instance_ml4acopf_2024_20260525T145945833037Z.json
cpu,33,UNKNOWN,UNKNOWN,UNKNOWN,UNKNOWN,37.834,,False,,PASSED,,./onnx/14_ieee_ml4acopf-linear-nonresidual.onnx,./vnnlib/14_ieee_prop3.vnnlib,"[""UNKNOWN"",""UNSAT"",""UNKNOWN"",""UNSAT"",""UNSAT"",""UNSAT"",""UNSAT"",""UNSAT"",""UNSAT"",""UNSAT"",""UNKNOWN"",""UNSAT"",""UNKNOWN"",""UNSAT"",""UNKNOWN"",""UNSAT"",""UNKNOWN"",""UNSAT"",""UNKNOWN"",""UNSAT""]","[""UNKNOWN"",""CERTIFIED"",""UNKNOWN"",""CERTIFIED"",""CERTIFIED"",""CERTIFIED"",""CERTIFIED"",""CERTIFIED"",""CERTIFIED"",""CERTIFIED"",""UNKNOWN"",""CERTIFIED"",""UNKNOWN"",""CERTIFIED"",""UNKNOWN"",""CERTIFIED"",""UNKNOWN"",""CERTIFIED"",""UNKNOWN"",""CERTIFIED""]","[null,null,null,null,null,null,null,null,null,null,null,null,null,null,null,null,null,null,null,null]",,/data1/Kane/ACT/audit_results/r93_rerun_20260525T083118Z/overnight_cpu_20260525T144203Z/ml4acopf_2024/per_instance_ml4acopf_2024_20260525T150026473793Z.json
cpu,34,UNKNOWN,UNKNOWN,UNKNOWN,UNKNOWN,0.61,,False,,PASSED,,./onnx/14_ieee_ml4acopf-linear-nonresidual.onnx,./vnnlib/14_ieee_prop14.vnnlib,"[""UNKNOWN"",""UNSAT""]","[""UNKNOWN"",""CERTIFIED""]","[null,null]",,/data1/Kane/ACT/audit_results/r93_rerun_20260525T083118Z/overnight_cpu_20260525T144203Z/ml4acopf_2024/per_instance_ml4acopf_2024_20260525T150029764432Z.json
cpu,35,UNKNOWN,UNKNOWN,UNKNOWN,UNKNOWN,0.601,,False,,PASSED,,./onnx/14_ieee_ml4acopf-linear-nonresidual.onnx,./vnnlib/14_ieee_prop10.vnnlib,"[""UNKNOWN"",""UNSAT""]","[""UNKNOWN"",""CERTIFIED""]","[null,null]",,/data1/Kane/ACT/audit_results/r93_rerun_20260525T083118Z/overnight_cpu_20260525T144203Z/ml4acopf_2024/per_instance_ml4acopf_2024_20260525T150033271794Z.json
cpu,36,UNKNOWN,UNKNOWN,UNKNOWN,UNKNOWN,0.597,,False,,PASSED,,./onnx/14_ieee_ml4acopf-linear-nonresidual.onnx,./vnnlib/14_ieee_prop5.vnnlib,"[""UNSAT"",""UNKNOWN""]","[""CERTIFIED"",""UNKNOWN""]","[null,null]",,/data1/Kane/ACT/audit_results/r93_rerun_20260525T083118Z/overnight_cpu_20260525T144203Z/ml4acopf_2024/per_instance_ml4acopf_2024_20260525T150036760718Z.json
cpu,37,CERTIFIED,UNSAT,CERTIFIED,CERTIFIED,4.135,,False,,PASSED,,./onnx/118_ieee_ml4acopf-linear-nonresidual.onnx,./vnnlib/118_ieee_prop2.vnnlib,"[""UNSAT""]","[""CERTIFIED""]",[null],,/data1/Kane/ACT/audit_results/r93_rerun_20260525T083118Z/overnight_cpu_20260525T144203Z/ml4acopf_2024/per_instance_ml4acopf_2024_20260525T150043823174Z.json
cpu,38,UNKNOWN,UNKNOWN,UNKNOWN,UNKNOWN,45.336,,False,,PASSED,,./onnx/118_ieee_ml4acopf-linear-nonresidual.onnx,./vnnlib/118_ieee_prop4.vnnlib,"[""UNKNOWN"",""UNSAT"",""UNKNOWN"",""UNSAT"",""UNKNOWN"",""UNSAT"",""UNKNOWN"",""UNSAT"",""UNKNOWN"",""UNSAT"",""UNKNOWN"",""UNSAT"",""UNKNOWN"",""UNSAT"",""UNKNOWN"",""UNSAT"",""UNKNOWN"",""UNKNOWN""]","[""UNKNOWN"",""CERTIFIED"",""UNKNOWN"",""CERTIFIED"",""UNKNOWN"",""CERTIFIED"",""UNKNOWN"",""CERTIFIED"",""UNKNOWN"",""CERTIFIED"",""UNKNOWN"",""CERTIFIED"",""UNKNOWN"",""CERTIFIED"",""UNKNOWN"",""CERTIFIED"",""UNKNOWN"",""UNKNOWN""]","[null,null,null,null,null,null,null,null,null,null,null,null,null,null,null,null,null,null]",,/data1/Kane/ACT/audit_results/r93_rerun_20260525T083118Z/overnight_cpu_20260525T144203Z/ml4acopf_2024/per_instance_ml4acopf_2024_20260525T150131991099Z.json
cpu,39,UNKNOWN,UNKNOWN,UNKNOWN,UNKNOWN,46.335,,False,,PASSED,,./onnx/118_ieee_ml4acopf-linear-nonresidual.onnx,./vnnlib/118_ieee_prop3.vnnlib,"[""UNSAT"",""UNSAT"",""UNSAT"",""UNSAT"",""UNSAT"",""UNSAT"",""UNSAT"",""UNSAT"",""UNKNOWN"",""UNSAT"",""UNKNOWN"",""UNSAT"",""UNSAT"",""UNSAT"",""UNSAT"",""UNSAT"",""UNSAT"",""UNSAT"",""UNKNOWN""]","[""CERTIFIED"",""CERTIFIED"",""CERTIFIED"",""CERTIFIED"",""CERTIFIED"",""CERTIFIED"",""CERTIFIED"",""CERTIFIED"",""UNKNOWN"",""CERTIFIED"",""UNKNOWN"",""CERTIFIED"",""CERTIFIED"",""CERTIFIED"",""CERTIFIED"",""CERTIFIED"",""CERTIFIED"",""CERTIFIED"",""UNKNOWN""]","[null,null,null,null,null,null,null,null,null,null,null,null,null,null,null,null,null,null,null]",,/data1/Kane/ACT/audit_results/r93_rerun_20260525T083118Z/overnight_cpu_20260525T144203Z/ml4acopf_2024/per_instance_ml4acopf_2024_20260525T150222370808Z.json
cpu,4,UNKNOWN,UNKNOWN,UNKNOWN,UNKNOWN,46.467,,False,,PASSED,,./onnx/14_ieee_ml4acopf-linear-residual.onnx,./vnnlib/14_ieee_prop4.vnnlib,"[""UNKNOWN"",""UNSAT"",""UNKNOWN"",""UNSAT"",""UNKNOWN"",""UNSAT"",""UNKNOWN"",""UNSAT"",""UNKNOWN"",""UNSAT"",""UNKNOWN"",""UNSAT"",""UNKNOWN"",""UNSAT"",""UNKNOWN"",""UNSAT"",""UNKNOWN"",""UNSAT"",""UNKNOWN"",""UNSAT"",""UNKNOWN"",""UNSAT"",""UNKNOWN"",""UNSAT"",""UNKNOWN""]","[""UNKNOWN"",""CERTIFIED"",""UNKNOWN"",""CERTIFIED"",""UNKNOWN"",""CERTIFIED"",""UNKNOWN"",""CERTIFIED"",""UNKNOWN"",""CERTIFIED"",""UNKNOWN"",""CERTIFIED"",""UNKNOWN"",""CERTIFIED"",""UNKNOWN"",""CERTIFIED"",""UNKNOWN"",""CERTIFIED"",""UNKNOWN"",""CERTIFIED"",""UNKNOWN"",""CERTIFIED"",""UNKNOWN"",""CERTIFIED"",""UNKNOWN""]","[null,null,null,null,null,null,null,null,null,null,null,null,null,null,null,null,null,null,null,null,null,null,null,null,null]",,/data1/Kane/ACT/audit_results/r93_rerun_20260525T083118Z/overnight_cpu_20260525T144203Z/ml4acopf_2024/per_instance_ml4acopf_2024_20260525T145131034931Z.json
cpu,40,UNKNOWN,UNKNOWN,UNKNOWN,UNKNOWN,4.061,,False,,PASSED,,./onnx/118_ieee_ml4acopf-linear-nonresidual.onnx,./vnnlib/118_ieee_prop5.vnnlib,"[""UNKNOWN"",""UNSAT""]","[""UNKNOWN"",""CERTIFIED""]","[null,null]",,/data1/Kane/ACT/audit_results/r93_rerun_20260525T083118Z/overnight_cpu_20260525T144203Z/ml4acopf_2024/per_instance_ml4acopf_2024_20260525T150229158355Z.json
cpu,41,UNKNOWN,UNKNOWN,UNKNOWN,UNKNOWN,4.105,,False,,PASSED,,./onnx/118_ieee_ml4acopf-linear-nonresidual.onnx,./vnnlib/118_ieee_prop6.vnnlib,"[""UNKNOWN"",""UNSAT""]","[""UNKNOWN"",""CERTIFIED""]","[null,null]",,/data1/Kane/ACT/audit_results/r93_rerun_20260525T083118Z/overnight_cpu_20260525T144203Z/ml4acopf_2024/per_instance_ml4acopf_2024_20260525T150236226938Z.json
cpu,42,UNKNOWN,UNKNOWN,UNKNOWN,UNKNOWN,0.209,,False,,PASSED,,./onnx/14_ieee_ml4acopf.onnx,./vnnlib/14_ieee_prop9.vnnlib,"[""UNKNOWN"",""UNKNOWN""]","[""UNKNOWN"",""UNKNOWN""]","[null,null]",,/data1/Kane/ACT/audit_results/r93_rerun_20260525T083118Z/overnight_cpu_20260525T144203Z/ml4acopf_2024/per_instance_ml4acopf_2024_20260525T150239309478Z.json
cpu,43,UNKNOWN,UNKNOWN,UNKNOWN,UNKNOWN,0.185,,False,,PASSED,,./onnx/14_ieee_ml4acopf.onnx,./vnnlib/14_ieee_prop7.vnnlib,"[""UNKNOWN"",""UNKNOWN""]","[""UNKNOWN"",""UNKNOWN""]","[null,null]",,/data1/Kane/ACT/audit_results/r93_rerun_20260525T083118Z/overnight_cpu_20260525T144203Z/ml4acopf_2024/per_instance_ml4acopf_2024_20260525T150242303298Z.json
cpu,44,CERTIFIED,UNSAT,CERTIFIED,CERTIFIED,0.16,,False,,PASSED,,./onnx/14_ieee_ml4acopf.onnx,./vnnlib/14_ieee_prop2.vnnlib,"[""UNSAT""]","[""CERTIFIED""]",[null],,/data1/Kane/ACT/audit_results/r93_rerun_20260525T083118Z/overnight_cpu_20260525T144203Z/ml4acopf_2024/per_instance_ml4acopf_2024_20260525T150245327307Z.json
cpu,45,UNKNOWN,UNKNOWN,UNKNOWN,UNKNOWN,0.178,,False,,PASSED,,./onnx/14_ieee_ml4acopf.onnx,./vnnlib/14_ieee_prop8.vnnlib,"[""UNKNOWN"",""UNKNOWN""]","[""UNKNOWN"",""UNKNOWN""]","[null,null]",,/data1/Kane/ACT/audit_results/r93_rerun_20260525T083118Z/overnight_cpu_20260525T144203Z/ml4acopf_2024/per_instance_ml4acopf_2024_20260525T150248312207Z.json
cpu,46,CERTIFIED,UNSAT,CERTIFIED,CERTIFIED,1.687,,False,,PASSED,,./onnx/14_ieee_ml4acopf.onnx,./vnnlib/14_ieee_prop4.vnnlib,"[""UNSAT"",""UNSAT"",""UNSAT"",""UNSAT"",""UNSAT"",""UNSAT"",""UNSAT"",""UNSAT"",""UNSAT"",""UNSAT"",""UNSAT"",""UNSAT"",""UNSAT"",""UNSAT"",""UNSAT"",""UNSAT"",""UNSAT"",""UNSAT"",""UNSAT"",""UNSAT"",""UNSAT"",""UNSAT"",""UNSAT"",""UNSAT"",""UNSAT"",""UNSAT"",""UNSAT"",""UNSAT""]","[""CERTIFIED"",""CERTIFIED"",""CERTIFIED"",""CERTIFIED"",""CERTIFIED"",""CERTIFIED"",""CERTIFIED"",""CERTIFIED"",""CERTIFIED"",""CERTIFIED"",""CERTIFIED"",""CERTIFIED"",""CERTIFIED"",""CERTIFIED"",""CERTIFIED"",""CERTIFIED"",""CERTIFIED"",""CERTIFIED"",""CERTIFIED"",""CERTIFIED"",""CERTIFIED"",""CERTIFIED"",""CERTIFIED"",""CERTIFIED"",""CERTIFIED"",""CERTIFIED"",""CERTIFIED"",""CERTIFIED""]","[null,null,null,null,null,null,null,null,null,null,null,null,null,null,null,null,null,null,null,null,null,null,null,null,null,null,null,null]",,/data1/Kane/ACT/audit_results/r93_rerun_20260525T083118Z/overnight_cpu_20260525T144203Z/ml4acopf_2024/per_instance_ml4acopf_2024_20260525T150252843455Z.json
cpu,47,UNKNOWN,UNKNOWN,UNKNOWN,UNKNOWN,0.182,,False,,PASSED,,./onnx/14_ieee_ml4acopf.onnx,./vnnlib/14_ieee_prop6.vnnlib,"[""UNKNOWN"",""UNKNOWN""]","[""UNKNOWN"",""UNKNOWN""]","[null,null]",,/data1/Kane/ACT/audit_results/r93_rerun_20260525T083118Z/overnight_cpu_20260525T144203Z/ml4acopf_2024/per_instance_ml4acopf_2024_20260525T150255852295Z.json
cpu,48,UNKNOWN,UNKNOWN,UNKNOWN,UNKNOWN,0.183,,False,,PASSED,,./onnx/14_ieee_ml4acopf.onnx,./vnnlib/14_ieee_prop12.vnnlib,"[""UNKNOWN"",""UNKNOWN""]","[""UNKNOWN"",""UNKNOWN""]","[null,null]",,/data1/Kane/ACT/audit_results/r93_rerun_20260525T083118Z/overnight_cpu_20260525T144203Z/ml4acopf_2024/per_instance_ml4acopf_2024_20260525T150258835050Z.json
cpu,49,UNKNOWN,UNKNOWN,UNKNOWN,UNKNOWN,0.18,,False,,PASSED,,./onnx/14_ieee_ml4acopf.onnx,./vnnlib/14_ieee_prop13.vnnlib,"[""UNKNOWN"",""UNKNOWN""]","[""UNKNOWN"",""UNKNOWN""]","[null,null]",,/data1/Kane/ACT/audit_results/r93_rerun_20260525T083118Z/overnight_cpu_20260525T144203Z/ml4acopf_2024/per_instance_ml4acopf_2024_20260525T150301853675Z.json
cpu,5,UNKNOWN,UNKNOWN,UNKNOWN,UNKNOWN,0.488,,False,,PASSED,,./onnx/14_ieee_ml4acopf-linear-residual.onnx,./vnnlib/14_ieee_prop6.vnnlib,"[""UNKNOWN"",""UNSAT""]","[""UNKNOWN"",""CERTIFIED""]","[null,null]",,/data1/Kane/ACT/audit_results/r93_rerun_20260525T083118Z/overnight_cpu_20260525T144203Z/ml4acopf_2024/per_instance_ml4acopf_2024_20260525T145134012747Z.json
cpu,50,UNKNOWN,UNKNOWN,UNKNOWN,UNKNOWN,0.2,,False,,PASSED,,./onnx/14_ieee_ml4acopf.onnx,./vnnlib/14_ieee_prop11.vnnlib,"[""UNKNOWN"",""UNKNOWN""]","[""UNKNOWN"",""UNKNOWN""]","[null,null]",,/data1/Kane/ACT/audit_results/r93_rerun_20260525T083118Z/overnight_cpu_20260525T144203Z/ml4acopf_2024/per_instance_ml4acopf_2024_20260525T150304859446Z.json
cpu,51,UNKNOWN,UNKNOWN,UNKNOWN,UNKNOWN,2.615,,False,,PASSED,,./onnx/14_ieee_ml4acopf.onnx,./vnnlib/14_ieee_prop1.vnnlib,"[""UNSAT"",""UNSAT"",""UNKNOWN"",""UNKNOWN"",""UNSAT"",""UNSAT"",""UNKNOWN"",""UNKNOWN"",""UNKNOWN"",""UNKNOWN"",""UNKNOWN"",""UNKNOWN"",""UNSAT"",""UNSAT"",""UNSAT"",""UNSAT"",""UNKNOWN"",""UNKNOWN"",""UNKNOWN"",""UNKNOWN"",""UNKNOWN"",""UNKNOWN"",""UNKNOWN"",""UNKNOWN"",""UNKNOWN"",""UNKNOWN"",""UNKNOWN"",""UNKNOWN"",""UNKNOWN"",""UNSAT"",""UNKNOWN"",""UNKNOWN"",""UNSAT"",""UNKNOWN"",""UNKNOWN"",""UNKNOWN"",""UNKNOWN"",""UNKNOWN"",""UNKNOWN"",""UNSAT"",""UNKNOWN"",""UNKNOWN"",""UNSAT"",""UNSAT"",""UNSAT"",""UNKNOWN"",""UNSAT"",""UNSAT"",""UNSAT"",""UNSAT"",""UNSAT"",""UNSAT"",""UNKNOWN"",""UNKNOWN"",""UNKNOWN"",""UNKNOWN""]","[""CERTIFIED"",""CERTIFIED"",""UNKNOWN"",""UNKNOWN"",""CERTIFIED"",""CERTIFIED"",""UNKNOWN"",""UNKNOWN"",""UNKNOWN"",""UNKNOWN"",""UNKNOWN"",""UNKNOWN"",""CERTIFIED"",""CERTIFIED"",""CERTIFIED"",""CERTIFIED"",""UNKNOWN"",""UNKNOWN"",""UNKNOWN"",""UNKNOWN"",""UNKNOWN"",""UNKNOWN"",""UNKNOWN"",""UNKNOWN"",""UNKNOWN"",""UNKNOWN"",""UNKNOWN"",""UNKNOWN"",""UNKNOWN"",""CERTIFIED"",""UNKNOWN"",""UNKNOWN"",""CERTIFIED"",""UNKNOWN"",""UNKNOWN"",""UNKNOWN"",""UNKNOWN"",""UNKNOWN"",""UNKNOWN"",""CERTIFIED"",""UNKNOWN"",""UNKNOWN"",""CERTIFIED"",""CERTIFIED"",""CERTIFIED"",""UNKNOWN"",""CERTIFIED"",""CERTIFIED"",""CERTIFIED"",""CERTIFIED"",""CERTIFIED"",""CERTIFIED"",""UNKNOWN"",""UNKNOWN"",""UNKNOWN"",""UNKNOWN""]","[null,null,null,null,null,null,null,null,null,null,null,null,null,null,null,null,null,null,null,null,null,null,null,null,null,null,null,null,null,null,null,null,null,null,null,null,null,null,null,null,null,null,null,null,null,null,null,null,null,null,null,null,null,null,null,null]",,/data1/Kane/ACT/audit_results/r93_rerun_20260525T083118Z/overnight_cpu_20260525T144203Z/ml4acopf_2024/per_instance_ml4acopf_2024_20260525T150310267382Z.json
cpu,52,CERTIFIED,UNSAT,CERTIFIED,CERTIFIED,1.247,,False,,PASSED,,./onnx/14_ieee_ml4acopf.onnx,./vnnlib/14_ieee_prop3.vnnlib,"[""UNSAT"",""UNSAT"",""UNSAT"",""UNSAT"",""UNSAT"",""UNSAT"",""UNSAT"",""UNSAT"",""UNSAT"",""UNSAT"",""UNSAT"",""UNSAT"",""UNSAT"",""UNSAT"",""UNSAT"",""UNSAT"",""UNSAT"",""UNSAT"",""UNSAT"",""UNSAT""]","[""CERTIFIED"",""CERTIFIED"",""CERTIFIED"",""CERTIFIED"",""CERTIFIED"",""CERTIFIED"",""CERTIFIED"",""CERTIFIED"",""CERTIFIED"",""CERTIFIED"",""CERTIFIED"",""CERTIFIED"",""CERTIFIED"",""CERTIFIED"",""CERTIFIED"",""CERTIFIED"",""CERTIFIED"",""CERTIFIED"",""CERTIFIED"",""CERTIFIED""]","[null,null,null,null,null,null,null,null,null,null,null,null,null,null,null,null,null,null,null,null]",,/data1/Kane/ACT/audit_results/r93_rerun_20260525T083118Z/overnight_cpu_20260525T144203Z/ml4acopf_2024/per_instance_ml4acopf_2024_20260525T150314461688Z.json
cpu,53,UNKNOWN,UNKNOWN,UNKNOWN,UNKNOWN,0.162,,False,,PASSED,,./onnx/14_ieee_ml4acopf.onnx,./vnnlib/14_ieee_prop14.vnnlib,"[""UNKNOWN"",""UNKNOWN""]","[""UNKNOWN"",""UNKNOWN""]","[null,null]",,/data1/Kane/ACT/audit_results/r93_rerun_20260525T083118Z/overnight_cpu_20260525T144203Z/ml4acopf_2024/per_instance_ml4acopf_2024_20260525T150317319695Z.json
cpu,54,UNKNOWN,UNKNOWN,UNKNOWN,UNKNOWN,0.183,,False,,PASSED,,./onnx/14_ieee_ml4acopf.onnx,./vnnlib/14_ieee_prop10.vnnlib,"[""UNKNOWN"",""UNKNOWN""]","[""UNKNOWN"",""UNKNOWN""]","[null,null]",,/data1/Kane/ACT/audit_results/r93_rerun_20260525T083118Z/overnight_cpu_20260525T144203Z/ml4acopf_2024/per_instance_ml4acopf_2024_20260525T150320320942Z.json
cpu,55,UNKNOWN,UNKNOWN,UNKNOWN,UNKNOWN,0.184,,False,,PASSED,,./onnx/14_ieee_ml4acopf.onnx,./vnnlib/14_ieee_prop5.vnnlib,"[""UNSAT"",""UNKNOWN""]","[""CERTIFIED"",""UNKNOWN""]","[null,null]",,/data1/Kane/ACT/audit_results/r93_rerun_20260525T083118Z/overnight_cpu_20260525T144203Z/ml4acopf_2024/per_instance_ml4acopf_2024_20260525T150323337995Z.json
cpu,56,UNKNOWN_TIMEOUT,UNKNOWN,UNKNOWN,,69.198,UNKNOWN_TIMEOUT,True,True,FAILED,4941.3828125,./onnx/300_ieee_ml4acopf-linear-residual.onnx,./vnnlib/300_ieee_prop3.vnnlib,[],[],[],"watchdog killed instance after 69.2s (status=UNKNOWN_TIMEOUT, peak_rss=4941.4 MiB)",/data1/Kane/ACT/audit_results/r93_rerun_20260525T083118Z/overnight_cpu_20260525T144203Z/ml4acopf_2024/per_instance_ml4acopf_2024_watchdog_iid56_20260525T150433408646Z.json
cpu,57,UNKNOWN,UNKNOWN,UNKNOWN,UNKNOWN,17.451,,False,,PASSED,,./onnx/300_ieee_ml4acopf-linear-residual.onnx,./vnnlib/300_ieee_prop105.vnnlib,"[""UNKNOWN"",""UNSAT""]","[""UNKNOWN"",""CERTIFIED""]","[null,null]",,/data1/Kane/ACT/audit_results/r93_rerun_20260525T083118Z/overnight_cpu_20260525T144203Z/ml4acopf_2024/per_instance_ml4acopf_2024_20260525T150454013480Z.json
cpu,58,UNKNOWN_TIMEOUT,UNKNOWN,UNKNOWN,,53.336,UNKNOWN_TIMEOUT,True,True,FAILED,5384.01953125,./onnx/300_ieee_ml4acopf-linear-residual.onnx,./vnnlib/300_ieee_prop2.vnnlib,[],[],[],"watchdog killed instance after 53.3s (status=UNKNOWN_TIMEOUT, peak_rss=5384.0 MiB)",/data1/Kane/ACT/audit_results/r93_rerun_20260525T083118Z/overnight_cpu_20260525T144203Z/ml4acopf_2024/per_instance_ml4acopf_2024_watchdog_iid58_20260525T150548260685Z.json
cpu,59,UNKNOWN_TIMEOUT,UNKNOWN,UNKNOWN,,53.336,UNKNOWN_TIMEOUT,True,True,FAILED,5570.50390625,./onnx/300_ieee_ml4acopf-linear-residual.onnx,./vnnlib/300_ieee_prop4.vnnlib,[],[],[],"watchdog killed instance after 53.3s (status=UNKNOWN_TIMEOUT, peak_rss=5570.5 MiB)",/data1/Kane/ACT/audit_results/r93_rerun_20260525T083118Z/overnight_cpu_20260525T144203Z/ml4acopf_2024/per_instance_ml4acopf_2024_watchdog_iid59_20260525T150641598048Z.json
cpu,6,UNKNOWN,UNKNOWN,UNKNOWN,UNKNOWN,0.616,,False,,PASSED,,./onnx/14_ieee_ml4acopf-linear-residual.onnx,./vnnlib/14_ieee_prop12.vnnlib,"[""UNKNOWN"",""UNSAT""]","[""UNKNOWN"",""CERTIFIED""]","[null,null]",,/data1/Kane/ACT/audit_results/r93_rerun_20260525T083118Z/overnight_cpu_20260525T144203Z/ml4acopf_2024/per_instance_ml4acopf_2024_20260525T145137656520Z.json
cpu,60,UNKNOWN_TIMEOUT,UNKNOWN,UNKNOWN,,56.096,UNKNOWN_TIMEOUT,True,True,FAILED,5194.78515625,./onnx/118_ieee_ml4acopf-linear-residual.onnx,./vnnlib/118_ieee_prop2.vnnlib,[],[],[],"watchdog killed instance after 56.1s (status=UNKNOWN_TIMEOUT, peak_rss=5194.8 MiB)",/data1/Kane/ACT/audit_results/r93_rerun_20260525T083118Z/overnight_cpu_20260525T144203Z/ml4acopf_2024/per_instance_ml4acopf_2024_watchdog_iid60_20260525T150737697055Z.json
cpu,61,UNKNOWN_TIMEOUT,UNKNOWN,UNKNOWN,,53.334,UNKNOWN_TIMEOUT,True,True,FAILED,3952.37890625,./onnx/118_ieee_ml4acopf-linear-residual.onnx,./vnnlib/118_ieee_prop4.vnnlib,[],[],[],"watchdog killed instance after 53.3s (status=UNKNOWN_TIMEOUT, peak_rss=3952.4 MiB)",/data1/Kane/ACT/audit_results/r93_rerun_20260525T083118Z/overnight_cpu_20260525T144203Z/ml4acopf_2024/per_instance_ml4acopf_2024_watchdog_iid61_20260525T150831032382Z.json
cpu,62,UNKNOWN_TIMEOUT,UNKNOWN,UNKNOWN,,53.237,UNKNOWN_TIMEOUT,True,True,FAILED,3957.70703125,./onnx/118_ieee_ml4acopf-linear-residual.onnx,./vnnlib/118_ieee_prop3.vnnlib,[],[],[],"watchdog killed instance after 53.2s (status=UNKNOWN_TIMEOUT, peak_rss=3957.7 MiB)",/data1/Kane/ACT/audit_results/r93_rerun_20260525T083118Z/overnight_cpu_20260525T144203Z/ml4acopf_2024/per_instance_ml4acopf_2024_watchdog_iid62_20260525T150924270985Z.json
cpu,63,UNKNOWN,UNKNOWN,UNKNOWN,UNKNOWN,6.633,,False,,PASSED,,./onnx/118_ieee_ml4acopf-linear-residual.onnx,./vnnlib/118_ieee_prop5.vnnlib,"[""UNKNOWN"",""UNSAT""]","[""UNKNOWN"",""CERTIFIED""]","[null,null]",,/data1/Kane/ACT/audit_results/r93_rerun_20260525T083118Z/overnight_cpu_20260525T144203Z/ml4acopf_2024/per_instance_ml4acopf_2024_20260525T150932849895Z.json
cpu,64,UNKNOWN,UNKNOWN,UNKNOWN,UNKNOWN,6.556,,False,,PASSED,,./onnx/118_ieee_ml4acopf-linear-residual.onnx,./vnnlib/118_ieee_prop6.vnnlib,"[""UNKNOWN"",""UNSAT""]","[""UNKNOWN"",""CERTIFIED""]","[null,null]",,/data1/Kane/ACT/audit_results/r93_rerun_20260525T083118Z/overnight_cpu_20260525T144203Z/ml4acopf_2024/per_instance_ml4acopf_2024_20260525T150942309681Z.json
cpu,65,UNKNOWN_TIMEOUT,UNKNOWN,UNKNOWN,,69.242,UNKNOWN_TIMEOUT,True,True,FAILED,1889.0703125,./onnx/300_ieee_ml4acopf.onnx,./vnnlib/300_ieee_prop3.vnnlib,[],[],[],"watchdog killed instance after 69.2s (status=UNKNOWN_TIMEOUT, peak_rss=1889.1 MiB)",/data1/Kane/ACT/audit_results/r93_rerun_20260525T083118Z/overnight_cpu_20260525T144203Z/ml4acopf_2024/per_instance_ml4acopf_2024_watchdog_iid65_20260525T151052532184Z.json
cpu,66,UNKNOWN,UNKNOWN,UNKNOWN,UNKNOWN,7.314,,False,,PASSED,,./onnx/300_ieee_ml4acopf.onnx,./vnnlib/300_ieee_prop105.vnnlib,"[""UNKNOWN"",""UNKNOWN""]","[""UNKNOWN"",""UNKNOWN""]","[null,null]",,/data1/Kane/ACT/audit_results/r93_rerun_20260525T083118Z/overnight_cpu_20260525T144203Z/ml4acopf_2024/per_instance_ml4acopf_2024_20260525T151102965322Z.json
cpu,67,UNKNOWN,UNKNOWN,UNKNOWN,UNKNOWN,18.046,,False,,PASSED,,./onnx/300_ieee_ml4acopf.onnx,./vnnlib/300_ieee_prop2.vnnlib,"[""UNKNOWN""]","[""UNKNOWN""]",[null],,/data1/Kane/ACT/audit_results/r93_rerun_20260525T083118Z/overnight_cpu_20260525T144203Z/ml4acopf_2024/per_instance_ml4acopf_2024_20260525T151124049213Z.json
cpu,68,UNKNOWN_TIMEOUT,UNKNOWN,UNKNOWN,,53.136,UNKNOWN_TIMEOUT,True,True,FAILED,1907.671875,./onnx/300_ieee_ml4acopf.onnx,./vnnlib/300_ieee_prop4.vnnlib,[],[],[],"watchdog killed instance after 53.1s (status=UNKNOWN_TIMEOUT, peak_rss=1907.7 MiB)",/data1/Kane/ACT/audit_results/r93_rerun_20260525T083118Z/overnight_cpu_20260525T144203Z/ml4acopf_2024/per_instance_ml4acopf_2024_watchdog_iid68_20260525T151218193490Z.json
cpu,7,UNKNOWN,UNKNOWN,UNKNOWN,UNKNOWN,0.561,,False,,PASSED,,./onnx/14_ieee_ml4acopf-linear-residual.onnx,./vnnlib/14_ieee_prop13.vnnlib,"[""UNKNOWN"",""UNSAT""]","[""UNKNOWN"",""CERTIFIED""]","[null,null]",,/data1/Kane/ACT/audit_results/r93_rerun_20260525T083118Z/overnight_cpu_20260525T144203Z/ml4acopf_2024/per_instance_ml4acopf_2024_20260525T145237951146Z.json
cpu,8,UNKNOWN,UNKNOWN,UNKNOWN,UNKNOWN,0.47,,False,,PASSED,,./onnx/14_ieee_ml4acopf-linear-residual.onnx,./vnnlib/14_ieee_prop11.vnnlib,"[""UNKNOWN"",""UNSAT""]","[""UNKNOWN"",""CERTIFIED""]","[null,null]",,/data1/Kane/ACT/audit_results/r93_rerun_20260525T083118Z/overnight_cpu_20260525T144203Z/ml4acopf_2024/per_instance_ml4acopf_2024_20260525T145242627286Z.json
cpu,9,UNKNOWN,UNKNOWN,UNKNOWN,UNKNOWN,8.817,,False,,PASSED,,./onnx/14_ieee_ml4acopf-linear-residual.onnx,./vnnlib/14_ieee_prop1.vnnlib,"[""UNKNOWN"",""UNSAT"",""UNKNOWN"",""UNSAT"",""UNKNOWN"",""UNSAT"",""UNKNOWN"",""UNSAT"",""UNKNOWN"",""UNSAT"",""UNKNOWN"",""UNSAT"",""UNKNOWN"",""UNKNOWN"",""UNKNOWN"",""UNKNOWN"",""UNKNOWN"",""UNSAT"",""UNKNOWN"",""UNSAT"",""UNKNOWN"",""UNSAT"",""UNKNOWN"",""UNSAT"",""UNKNOWN"",""UNSAT"",""UNKNOWN"",""UNSAT"",""UNKNOWN"",""UNSAT"",""UNKNOWN"",""UNSAT"",""UNKNOWN"",""UNSAT"",""UNKNOWN"",""UNSAT"",""UNKNOWN"",""UNSAT"",""UNKNOWN"",""UNSAT"",""UNKNOWN"",""UNSAT"",""UNKNOWN"",""UNSAT"",""UNKNOWN"",""UNSAT"",""UNKNOWN"",""UNSAT"",""UNKNOWN"",""UNSAT"",""UNKNOWN"",""UNSAT"",""UNKNOWN"",""UNSAT"",""UNKNOWN"",""UNSAT""]","[""UNKNOWN"",""CERTIFIED"",""UNKNOWN"",""CERTIFIED"",""UNKNOWN"",""CERTIFIED"",""UNKNOWN"",""CERTIFIED"",""UNKNOWN"",""CERTIFIED"",""UNKNOWN"",""CERTIFIED"",""UNKNOWN"",""UNKNOWN"",""UNKNOWN"",""UNKNOWN"",""UNKNOWN"",""CERTIFIED"",""UNKNOWN"",""CERTIFIED"",""UNKNOWN"",""CERTIFIED"",""UNKNOWN"",""CERTIFIED"",""UNKNOWN"",""CERTIFIED"",""UNKNOWN"",""CERTIFIED"",""UNKNOWN"",""CERTIFIED"",""UNKNOWN"",""CERTIFIED"",""UNKNOWN"",""CERTIFIED"",""UNKNOWN"",""CERTIFIED"",""UNKNOWN"",""CERTIFIED"",""UNKNOWN"",""CERTIFIED"",""UNKNOWN"",""CERTIFIED"",""UNKNOWN"",""CERTIFIED"",""UNKNOWN"",""CERTIFIED"",""UNKNOWN"",""CERTIFIED"",""UNKNOWN"",""CERTIFIED"",""UNKNOWN"",""CERTIFIED"",""UNKNOWN"",""CERTIFIED"",""UNKNOWN"",""CERTIFIED""]","[null,null,null,null,null,null,null,null,null,null,null,null,null,null,null,null,null,null,null,null,null,null,null,null,null,null,null,null,null,null,null,null,null,null,null,null,null,null,null,null,null,null,null,null,null,null,null,null,null,null,null,null,null,null,null,null]",,/data1/Kane/ACT/audit_results/r93_rerun_20260525T083118Z/overnight_cpu_20260525T144203Z/ml4acopf_2024/per_instance_ml4acopf_2024_20260525T145253990738Z.json
gpu_full,0,ERROR_WATCHDOG_EXIT_NONZERO,ERROR,ERROR,,4.503,EXIT_NONZERO,True,True,FAILED,1122.2578125,./onnx/14_ieee_ml4acopf-linear-residual.onnx,./vnnlib/14_ieee_prop9.vnnlib,[],[],[],"watchdog killed instance after 4.5s (status=EXIT_NONZERO, peak_rss=1122.3 MiB)",/data1/Kane/ACT/audit_results/r93_rerun_20260525T083118Z/gpu_stream1_20260526T132419Z/ml4acopf_2024/per_instance_ml4acopf_2024_watchdog_iid0_20260526T143550072623Z.json
gpu_full,1,ERROR_WATCHDOG_EXIT_NONZERO,ERROR,ERROR,,4.502,EXIT_NONZERO,True,True,FAILED,1112.15625,./onnx/14_ieee_ml4acopf-linear-residual.onnx,./vnnlib/14_ieee_prop7.vnnlib,[],[],[],"watchdog killed instance after 4.5s (status=EXIT_NONZERO, peak_rss=1112.2 MiB)",/data1/Kane/ACT/audit_results/r93_rerun_20260525T083118Z/gpu_stream1_20260526T132419Z/ml4acopf_2024/per_instance_ml4acopf_2024_watchdog_iid1_20260526T143554576966Z.json
gpu_full,10,ERROR_WATCHDOG_EXIT_NONZERO,ERROR,ERROR,,5.506,EXIT_NONZERO,True,True,FAILED,1119.87890625,./onnx/14_ieee_ml4acopf-linear-residual.onnx,./vnnlib/14_ieee_prop3.vnnlib,[],[],[],"watchdog killed instance after 5.5s (status=EXIT_NONZERO, peak_rss=1119.9 MiB)",/data1/Kane/ACT/audit_results/r93_rerun_20260525T083118Z/gpu_stream1_20260526T132419Z/ml4acopf_2024/per_instance_ml4acopf_2024_watchdog_iid10_20260526T143642125350Z.json
gpu_full,11,ERROR_WATCHDOG_EXIT_NONZERO,ERROR,ERROR,,6.006,EXIT_NONZERO,True,True,FAILED,1109.7578125,./onnx/14_ieee_ml4acopf-linear-residual.onnx,./vnnlib/14_ieee_prop14.vnnlib,[],[],[],"watchdog killed instance after 6.0s (status=EXIT_NONZERO, peak_rss=1109.8 MiB)",/data1/Kane/ACT/audit_results/r93_rerun_20260525T083118Z/gpu_stream1_20260526T132419Z/ml4acopf_2024/per_instance_ml4acopf_2024_watchdog_iid11_20260526T143648132913Z.json
gpu_full,12,ERROR_WATCHDOG_EXIT_NONZERO,ERROR,ERROR,,6.507,EXIT_NONZERO,True,True,FAILED,1155.11328125,./onnx/14_ieee_ml4acopf-linear-residual.onnx,./vnnlib/14_ieee_prop10.vnnlib,[],[],[],"watchdog killed instance after 6.5s (status=EXIT_NONZERO, peak_rss=1155.1 MiB)",/data1/Kane/ACT/audit_results/r93_rerun_20260525T083118Z/gpu_stream1_20260526T132419Z/ml4acopf_2024/per_instance_ml4acopf_2024_watchdog_iid12_20260526T143654641382Z.json
gpu_full,13,ERROR_WATCHDOG_EXIT_NONZERO,ERROR,ERROR,,5.507,EXIT_NONZERO,True,True,FAILED,1109.54296875,./onnx/14_ieee_ml4acopf-linear-residual.onnx,./vnnlib/14_ieee_prop5.vnnlib,[],[],[],"watchdog killed instance after 5.5s (status=EXIT_NONZERO, peak_rss=1109.5 MiB)",/data1/Kane/ACT/audit_results/r93_rerun_20260525T083118Z/gpu_stream1_20260526T132419Z/ml4acopf_2024/per_instance_ml4acopf_2024_watchdog_iid13_20260526T143700149548Z.json
gpu_full,14,ERROR_WATCHDOG_EXIT_NONZERO,ERROR,ERROR,,6.007,EXIT_NONZERO,True,True,FAILED,1167.1640625,./onnx/118_ieee_ml4acopf.onnx,./vnnlib/118_ieee_prop2.vnnlib,[],[],[],"watchdog killed instance after 6.0s (status=EXIT_NONZERO, peak_rss=1167.2 MiB)",/data1/Kane/ACT/audit_results/r93_rerun_20260525T083118Z/gpu_stream1_20260526T132419Z/ml4acopf_2024/per_instance_ml4acopf_2024_watchdog_iid14_20260526T143706157203Z.json
gpu_full,15,ERROR_WATCHDOG_EXIT_NONZERO,ERROR,ERROR,,6.016,EXIT_NONZERO,True,True,FAILED,1161.24609375,./onnx/118_ieee_ml4acopf.onnx,./vnnlib/118_ieee_prop4.vnnlib,[],[],[],"watchdog killed instance after 6.0s (status=EXIT_NONZERO, peak_rss=1161.2 MiB)",/data1/Kane/ACT/audit_results/r93_rerun_20260525T083118Z/gpu_stream1_20260526T132419Z/ml4acopf_2024/per_instance_ml4acopf_2024_watchdog_iid15_20260526T143712173949Z.json
gpu_full,16,ERROR_WATCHDOG_EXIT_NONZERO,ERROR,ERROR,,6.011,EXIT_NONZERO,True,True,FAILED,1161.140625,./onnx/118_ieee_ml4acopf.onnx,./vnnlib/118_ieee_prop3.vnnlib,[],[],[],"watchdog killed instance after 6.0s (status=EXIT_NONZERO, peak_rss=1161.1 MiB)",/data1/Kane/ACT/audit_results/r93_rerun_20260525T083118Z/gpu_stream1_20260526T132419Z/ml4acopf_2024/per_instance_ml4acopf_2024_watchdog_iid16_20260526T143718185411Z.json
gpu_full,17,ERROR_WATCHDOG_EXIT_NONZERO,ERROR,ERROR,,6.01,EXIT_NONZERO,True,True,FAILED,1158.04296875,./onnx/118_ieee_ml4acopf.onnx,./vnnlib/118_ieee_prop5.vnnlib,[],[],[],"watchdog killed instance after 6.0s (status=EXIT_NONZERO, peak_rss=1158.0 MiB)",/data1/Kane/ACT/audit_results/r93_rerun_20260525T083118Z/gpu_stream1_20260526T132419Z/ml4acopf_2024/per_instance_ml4acopf_2024_watchdog_iid17_20260526T143724196678Z.json
gpu_full,18,ERROR_WATCHDOG_EXIT_NONZERO,ERROR,ERROR,,6.567,EXIT_NONZERO,True,True,FAILED,1158.375,./onnx/118_ieee_ml4acopf.onnx,./vnnlib/118_ieee_prop6.vnnlib,[],[],[],"watchdog killed instance after 6.6s (status=EXIT_NONZERO, peak_rss=1158.4 MiB)",/data1/Kane/ACT/audit_results/r93_rerun_20260525T083118Z/gpu_stream1_20260526T132419Z/ml4acopf_2024/per_instance_ml4acopf_2024_watchdog_iid18_20260526T143730764868Z.json
gpu_full,19,ERROR_WATCHDOG_EXIT_NONZERO,ERROR,ERROR,,6.507,EXIT_NONZERO,True,True,FAILED,1139.76171875,./onnx/300_ieee_ml4acopf-linear-nonresidual.onnx,./vnnlib/300_ieee_prop3.vnnlib,[],[],[],"watchdog killed instance after 6.5s (status=EXIT_NONZERO, peak_rss=1139.8 MiB)",/data1/Kane/ACT/audit_results/r93_rerun_20260525T083118Z/gpu_stream1_20260526T132419Z/ml4acopf_2024/per_instance_ml4acopf_2024_watchdog_iid19_20260526T143737272662Z.json
gpu_full,2,ERROR_WATCHDOG_EXIT_NONZERO,ERROR,ERROR,,4.504,EXIT_NONZERO,True,True,FAILED,1112.32421875,./onnx/14_ieee_ml4acopf-linear-residual.onnx,./vnnlib/14_ieee_prop2.vnnlib,[],[],[],"watchdog killed instance after 4.5s (status=EXIT_NONZERO, peak_rss=1112.3 MiB)",/data1/Kane/ACT/audit_results/r93_rerun_20260525T083118Z/gpu_stream1_20260526T132419Z/ml4acopf_2024/per_instance_ml4acopf_2024_watchdog_iid2_20260526T143559081152Z.json
gpu_full,20,ERROR_WATCHDOG_EXIT_NONZERO,ERROR,ERROR,,7.009,EXIT_NONZERO,True,True,FAILED,1137.05859375,./onnx/300_ieee_ml4acopf-linear-nonresidual.onnx,./vnnlib/300_ieee_prop105.vnnlib,[],[],[],"watchdog killed instance after 7.0s (status=EXIT_NONZERO, peak_rss=1137.1 MiB)",/data1/Kane/ACT/audit_results/r93_rerun_20260525T083118Z/gpu_stream1_20260526T132419Z/ml4acopf_2024/per_instance_ml4acopf_2024_watchdog_iid20_20260526T143744282122Z.json
gpu_full,21,ERROR_WATCHDOG_EXIT_NONZERO,ERROR,ERROR,,6.006,EXIT_NONZERO,True,True,FAILED,1137.1171875,./onnx/300_ieee_ml4acopf-linear-nonresidual.onnx,./vnnlib/300_ieee_prop2.vnnlib,[],[],[],"watchdog killed instance after 6.0s (status=EXIT_NONZERO, peak_rss=1137.1 MiB)",/data1/Kane/ACT/audit_results/r93_rerun_20260525T083118Z/gpu_stream1_20260526T132419Z/ml4acopf_2024/per_instance_ml4acopf_2024_watchdog_iid21_20260526T143750289345Z.json
gpu_full,22,ERROR_WATCHDOG_EXIT_NONZERO,ERROR,ERROR,,7.007,EXIT_NONZERO,True,True,FAILED,1262.953125,./onnx/300_ieee_ml4acopf-linear-nonresidual.onnx,./vnnlib/300_ieee_prop4.vnnlib,[],[],[],"watchdog killed instance after 7.0s (status=EXIT_NONZERO, peak_rss=1263.0 MiB)",/data1/Kane/ACT/audit_results/r93_rerun_20260525T083118Z/gpu_stream1_20260526T132419Z/ml4acopf_2024/per_instance_ml4acopf_2024_watchdog_iid22_20260526T143757298879Z.json
gpu_full,23,ERROR_WATCHDOG_EXIT_NONZERO,ERROR,ERROR,,6.019,EXIT_NONZERO,True,True,FAILED,1119.44921875,./onnx/14_ieee_ml4acopf-linear-nonresidual.onnx,./vnnlib/14_ieee_prop9.vnnlib,[],[],[],"watchdog killed instance after 6.0s (status=EXIT_NONZERO, peak_rss=1119.4 MiB)",/data1/Kane/ACT/audit_results/r93_rerun_20260525T083118Z/gpu_stream1_20260526T132419Z/ml4acopf_2024/per_instance_ml4acopf_2024_watchdog_iid23_20260526T143803319089Z.json
gpu_full,24,ERROR_WATCHDOG_EXIT_NONZERO,ERROR,ERROR,,6.507,EXIT_NONZERO,True,True,FAILED,1120.06640625,./onnx/14_ieee_ml4acopf-linear-nonresidual.onnx,./vnnlib/14_ieee_prop7.vnnlib,[],[],[],"watchdog killed instance after 6.5s (status=EXIT_NONZERO, peak_rss=1120.1 MiB)",/data1/Kane/ACT/audit_results/r93_rerun_20260525T083118Z/gpu_stream1_20260526T132419Z/ml4acopf_2024/per_instance_ml4acopf_2024_watchdog_iid24_20260526T143809827201Z.json
gpu_full,25,ERROR_WATCHDOG_EXIT_NONZERO,ERROR,ERROR,,6.569,EXIT_NONZERO,True,True,FAILED,1110.23046875,./onnx/14_ieee_ml4acopf-linear-nonresidual.onnx,./vnnlib/14_ieee_prop2.vnnlib,[],[],[],"watchdog killed instance after 6.6s (status=EXIT_NONZERO, peak_rss=1110.2 MiB)",/data1/Kane/ACT/audit_results/r93_rerun_20260525T083118Z/gpu_stream1_20260526T132419Z/ml4acopf_2024/per_instance_ml4acopf_2024_watchdog_iid25_20260526T143816399774Z.json
gpu_full,26,ERROR_WATCHDOG_EXIT_NONZERO,ERROR,ERROR,,6.513,EXIT_NONZERO,True,True,FAILED,1110.44140625,./onnx/14_ieee_ml4acopf-linear-nonresidual.onnx,./vnnlib/14_ieee_prop8.vnnlib,[],[],[],"watchdog killed instance after 6.5s (status=EXIT_NONZERO, peak_rss=1110.4 MiB)",/data1/Kane/ACT/audit_results/r93_rerun_20260525T083118Z/gpu_stream1_20260526T132419Z/ml4acopf_2024/per_instance_ml4acopf_2024_watchdog_iid26_20260526T143822913771Z.json
gpu_full,27,ERROR_WATCHDOG_EXIT_NONZERO,ERROR,ERROR,,7.516,EXIT_NONZERO,True,True,FAILED,1109.7578125,./onnx/14_ieee_ml4acopf-linear-nonresidual.onnx,./vnnlib/14_ieee_prop4.vnnlib,[],[],[],"watchdog killed instance after 7.5s (status=EXIT_NONZERO, peak_rss=1109.8 MiB)",/data1/Kane/ACT/audit_results/r93_rerun_20260525T083118Z/gpu_stream1_20260526T132419Z/ml4acopf_2024/per_instance_ml4acopf_2024_watchdog_iid27_20260526T143830431013Z.json
gpu_full,28,ERROR_WATCHDOG_EXIT_NONZERO,ERROR,ERROR,,6.008,EXIT_NONZERO,True,True,FAILED,1119.62890625,./onnx/14_ieee_ml4acopf-linear-nonresidual.onnx,./vnnlib/14_ieee_prop6.vnnlib,[],[],[],"watchdog killed instance after 6.0s (status=EXIT_NONZERO, peak_rss=1119.6 MiB)",/data1/Kane/ACT/audit_results/r93_rerun_20260525T083118Z/gpu_stream1_20260526T132419Z/ml4acopf_2024/per_instance_ml4acopf_2024_watchdog_iid28_20260526T143836439540Z.json
gpu_full,29,ERROR_WATCHDOG_EXIT_NONZERO,ERROR,ERROR,,6.053,EXIT_NONZERO,True,True,FAILED,1109.54296875,./onnx/14_ieee_ml4acopf-linear-nonresidual.onnx,./vnnlib/14_ieee_prop12.vnnlib,[],[],[],"watchdog killed instance after 6.1s (status=EXIT_NONZERO, peak_rss=1109.5 MiB)",/data1/Kane/ACT/audit_results/r93_rerun_20260525T083118Z/gpu_stream1_20260526T132419Z/ml4acopf_2024/per_instance_ml4acopf_2024_watchdog_iid29_20260526T143842493085Z.json
gpu_full,3,ERROR_WATCHDOG_EXIT_NONZERO,ERROR,ERROR,,5.004,EXIT_NONZERO,True,True,FAILED,1131.203125,./onnx/14_ieee_ml4acopf-linear-residual.onnx,./vnnlib/14_ieee_prop8.vnnlib,[],[],[],"watchdog killed instance after 5.0s (status=EXIT_NONZERO, peak_rss=1131.2 MiB)",/data1/Kane/ACT/audit_results/r93_rerun_20260525T083118Z/gpu_stream1_20260526T132419Z/ml4acopf_2024/per_instance_ml4acopf_2024_watchdog_iid3_20260526T143604086106Z.json
gpu_full,30,ERROR_WATCHDOG_EXIT_NONZERO,ERROR,ERROR,,6.005,EXIT_NONZERO,True,True,FAILED,1119.6015625,./onnx/14_ieee_ml4acopf-linear-nonresidual.onnx,./vnnlib/14_ieee_prop13.vnnlib,[],[],[],"watchdog killed instance after 6.0s (status=EXIT_NONZERO, peak_rss=1119.6 MiB)",/data1/Kane/ACT/audit_results/r93_rerun_20260525T083118Z/gpu_stream1_20260526T132419Z/ml4acopf_2024/per_instance_ml4acopf_2024_watchdog_iid30_20260526T143848499657Z.json
gpu_full,31,ERROR_WATCHDOG_EXIT_NONZERO,ERROR,ERROR,,6.005,EXIT_NONZERO,True,True,FAILED,1120.03515625,./onnx/14_ieee_ml4acopf-linear-nonresidual.onnx,./vnnlib/14_ieee_prop11.vnnlib,[],[],[],"watchdog killed instance after 6.0s (status=EXIT_NONZERO, peak_rss=1120.0 MiB)",/data1/Kane/ACT/audit_results/r93_rerun_20260525T083118Z/gpu_stream1_20260526T132419Z/ml4acopf_2024/per_instance_ml4acopf_2024_watchdog_iid31_20260526T143854505414Z.json
gpu_full,32,ERROR_WATCHDOG_EXIT_NONZERO,ERROR,ERROR,,6.507,EXIT_NONZERO,True,True,FAILED,1110.26171875,./onnx/14_ieee_ml4acopf-linear-nonresidual.onnx,./vnnlib/14_ieee_prop1.vnnlib,[],[],[],"watchdog killed instance after 6.5s (status=EXIT_NONZERO, peak_rss=1110.3 MiB)",/data1/Kane/ACT/audit_results/r93_rerun_20260525T083118Z/gpu_stream1_20260526T132419Z/ml4acopf_2024/per_instance_ml4acopf_2024_watchdog_iid32_20260526T143901014085Z.json
gpu_full,33,ERROR_WATCHDOG_EXIT_NONZERO,ERROR,ERROR,,6.014,EXIT_NONZERO,True,True,FAILED,1109.95703125,./onnx/14_ieee_ml4acopf-linear-nonresidual.onnx,./vnnlib/14_ieee_prop3.vnnlib,[],[],[],"watchdog killed instance after 6.0s (status=EXIT_NONZERO, peak_rss=1110.0 MiB)",/data1/Kane/ACT/audit_results/r93_rerun_20260525T083118Z/gpu_stream1_20260526T132419Z/ml4acopf_2024/per_instance_ml4acopf_2024_watchdog_iid33_20260526T143907029382Z.json
gpu_full,34,ERROR_WATCHDOG_EXIT_NONZERO,ERROR,ERROR,,6.006,EXIT_NONZERO,True,True,FAILED,1109.89453125,./onnx/14_ieee_ml4acopf-linear-nonresidual.onnx,./vnnlib/14_ieee_prop14.vnnlib,[],[],[],"watchdog killed instance after 6.0s (status=EXIT_NONZERO, peak_rss=1109.9 MiB)",/data1/Kane/ACT/audit_results/r93_rerun_20260525T083118Z/gpu_stream1_20260526T132419Z/ml4acopf_2024/per_instance_ml4acopf_2024_watchdog_iid34_20260526T143913036362Z.json
gpu_full,35,ERROR_WATCHDOG_EXIT_NONZERO,ERROR,ERROR,,6.006,EXIT_NONZERO,True,True,FAILED,1134.55859375,./onnx/14_ieee_ml4acopf-linear-nonresidual.onnx,./vnnlib/14_ieee_prop10.vnnlib,[],[],[],"watchdog killed instance after 6.0s (status=EXIT_NONZERO, peak_rss=1134.6 MiB)",/data1/Kane/ACT/audit_results/r93_rerun_20260525T083118Z/gpu_stream1_20260526T132419Z/ml4acopf_2024/per_instance_ml4acopf_2024_watchdog_iid35_20260526T143919043254Z.json
gpu_full,36,ERROR_WATCHDOG_EXIT_NONZERO,ERROR,ERROR,,6.023,EXIT_NONZERO,True,True,FAILED,1120.1484375,./onnx/14_ieee_ml4acopf-linear-nonresidual.onnx,./vnnlib/14_ieee_prop5.vnnlib,[],[],[],"watchdog killed instance after 6.0s (status=EXIT_NONZERO, peak_rss=1120.1 MiB)",/data1/Kane/ACT/audit_results/r93_rerun_20260525T083118Z/gpu_stream1_20260526T132419Z/ml4acopf_2024/per_instance_ml4acopf_2024_watchdog_iid36_20260526T143925066879Z.json
gpu_full,37,ERROR_WATCHDOG_EXIT_NONZERO,ERROR,ERROR,,6.021,EXIT_NONZERO,True,True,FAILED,1121.9609375,./onnx/118_ieee_ml4acopf-linear-nonresidual.onnx,./vnnlib/118_ieee_prop2.vnnlib,[],[],[],"watchdog killed instance after 6.0s (status=EXIT_NONZERO, peak_rss=1122.0 MiB)",/data1/Kane/ACT/audit_results/r93_rerun_20260525T083118Z/gpu_stream1_20260526T132419Z/ml4acopf_2024/per_instance_ml4acopf_2024_watchdog_iid37_20260526T143931088632Z.json
gpu_full,38,ERROR_WATCHDOG_EXIT_NONZERO,ERROR,ERROR,,6.025,EXIT_NONZERO,True,True,FAILED,1125.23828125,./onnx/118_ieee_ml4acopf-linear-nonresidual.onnx,./vnnlib/118_ieee_prop4.vnnlib,[],[],[],"watchdog killed instance after 6.0s (status=EXIT_NONZERO, peak_rss=1125.2 MiB)",/data1/Kane/ACT/audit_results/r93_rerun_20260525T083118Z/gpu_stream1_20260526T132419Z/ml4acopf_2024/per_instance_ml4acopf_2024_watchdog_iid38_20260526T143937114376Z.json
gpu_full,39,ERROR_WATCHDOG_EXIT_NONZERO,ERROR,ERROR,,5.514,EXIT_NONZERO,True,True,FAILED,1125.3359375,./onnx/118_ieee_ml4acopf-linear-nonresidual.onnx,./vnnlib/118_ieee_prop3.vnnlib,[],[],[],"watchdog killed instance after 5.5s (status=EXIT_NONZERO, peak_rss=1125.3 MiB)",/data1/Kane/ACT/audit_results/r93_rerun_20260525T083118Z/gpu_stream1_20260526T132419Z/ml4acopf_2024/per_instance_ml4acopf_2024_watchdog_iid39_20260526T143942629534Z.json
gpu_full,4,ERROR_WATCHDOG_EXIT_NONZERO,ERROR,ERROR,,4.002,EXIT_NONZERO,True,True,FAILED,1112.40234375,./onnx/14_ieee_ml4acopf-linear-residual.onnx,./vnnlib/14_ieee_prop4.vnnlib,[],[],[],"watchdog killed instance after 4.0s (status=EXIT_NONZERO, peak_rss=1112.4 MiB)",/data1/Kane/ACT/audit_results/r93_rerun_20260525T083118Z/gpu_stream1_20260526T132419Z/ml4acopf_2024/per_instance_ml4acopf_2024_watchdog_iid4_20260526T143608089028Z.json
gpu_full,40,ERROR_WATCHDOG_EXIT_NONZERO,ERROR,ERROR,,5.005,EXIT_NONZERO,True,True,FAILED,1131.94921875,./onnx/118_ieee_ml4acopf-linear-nonresidual.onnx,./vnnlib/118_ieee_prop5.vnnlib,[],[],[],"watchdog killed instance after 5.0s (status=EXIT_NONZERO, peak_rss=1131.9 MiB)",/data1/Kane/ACT/audit_results/r93_rerun_20260525T083118Z/gpu_stream1_20260526T132419Z/ml4acopf_2024/per_instance_ml4acopf_2024_watchdog_iid40_20260526T143947636050Z.json
gpu_full,41,ERROR_WATCHDOG_EXIT_NONZERO,ERROR,ERROR,,6.039,EXIT_NONZERO,True,True,FAILED,1131.890625,./onnx/118_ieee_ml4acopf-linear-nonresidual.onnx,./vnnlib/118_ieee_prop6.vnnlib,[],[],[],"watchdog killed instance after 6.0s (status=EXIT_NONZERO, peak_rss=1131.9 MiB)",/data1/Kane/ACT/audit_results/r93_rerun_20260525T083118Z/gpu_stream1_20260526T132419Z/ml4acopf_2024/per_instance_ml4acopf_2024_watchdog_iid41_20260526T143953676110Z.json
gpu_full,42,ERROR_WATCHDOG_EXIT_NONZERO,ERROR,ERROR,,5.51,EXIT_NONZERO,True,True,FAILED,1142.3671875,./onnx/14_ieee_ml4acopf.onnx,./vnnlib/14_ieee_prop9.vnnlib,[],[],[],"watchdog killed instance after 5.5s (status=EXIT_NONZERO, peak_rss=1142.4 MiB)",/data1/Kane/ACT/audit_results/r93_rerun_20260525T083118Z/gpu_stream1_20260526T132419Z/ml4acopf_2024/per_instance_ml4acopf_2024_watchdog_iid42_20260526T143959187104Z.json
gpu_full,43,ERROR_WATCHDOG_EXIT_NONZERO,ERROR,ERROR,,5.004,EXIT_NONZERO,True,True,FAILED,1142.3671875,./onnx/14_ieee_ml4acopf.onnx,./vnnlib/14_ieee_prop7.vnnlib,[],[],[],"watchdog killed instance after 5.0s (status=EXIT_NONZERO, peak_rss=1142.4 MiB)",/data1/Kane/ACT/audit_results/r93_rerun_20260525T083118Z/gpu_stream1_20260526T132419Z/ml4acopf_2024/per_instance_ml4acopf_2024_watchdog_iid43_20260526T144004192660Z.json
gpu_full,44,ERROR_WATCHDOG_EXIT_NONZERO,ERROR,ERROR,,5.515,EXIT_NONZERO,True,True,FAILED,1142.3359375,./onnx/14_ieee_ml4acopf.onnx,./vnnlib/14_ieee_prop2.vnnlib,[],[],[],"watchdog killed instance after 5.5s (status=EXIT_NONZERO, peak_rss=1142.3 MiB)",/data1/Kane/ACT/audit_results/r93_rerun_20260525T083118Z/gpu_stream1_20260526T132419Z/ml4acopf_2024/per_instance_ml4acopf_2024_watchdog_iid44_20260526T144009708710Z.json
gpu_full,45,ERROR_WATCHDOG_EXIT_NONZERO,ERROR,ERROR,,5.005,EXIT_NONZERO,True,True,FAILED,1142.359375,./onnx/14_ieee_ml4acopf.onnx,./vnnlib/14_ieee_prop8.vnnlib,[],[],[],"watchdog killed instance after 5.0s (status=EXIT_NONZERO, peak_rss=1142.4 MiB)",/data1/Kane/ACT/audit_results/r93_rerun_20260525T083118Z/gpu_stream1_20260526T132419Z/ml4acopf_2024/per_instance_ml4acopf_2024_watchdog_iid45_20260526T144014715009Z.json
gpu_full,46,ERROR_WATCHDOG_EXIT_NONZERO,ERROR,ERROR,,5.005,EXIT_NONZERO,True,True,FAILED,1142.48046875,./onnx/14_ieee_ml4acopf.onnx,./vnnlib/14_ieee_prop4.vnnlib,[],[],[],"watchdog killed instance after 5.0s (status=EXIT_NONZERO, peak_rss=1142.5 MiB)",/data1/Kane/ACT/audit_results/r93_rerun_20260525T083118Z/gpu_stream1_20260526T132419Z/ml4acopf_2024/per_instance_ml4acopf_2024_watchdog_iid46_20260526T144019721523Z.json
gpu_full,47,ERROR_WATCHDOG_EXIT_NONZERO,ERROR,ERROR,,5.505,EXIT_NONZERO,True,True,FAILED,1142.48046875,./onnx/14_ieee_ml4acopf.onnx,./vnnlib/14_ieee_prop6.vnnlib,[],[],[],"watchdog killed instance after 5.5s (status=EXIT_NONZERO, peak_rss=1142.5 MiB)",/data1/Kane/ACT/audit_results/r93_rerun_20260525T083118Z/gpu_stream1_20260526T132419Z/ml4acopf_2024/per_instance_ml4acopf_2024_watchdog_iid47_20260526T144025228534Z.json
gpu_full,48,ERROR_WATCHDOG_EXIT_NONZERO,ERROR,ERROR,,5.004,EXIT_NONZERO,True,True,FAILED,1142.71484375,./onnx/14_ieee_ml4acopf.onnx,./vnnlib/14_ieee_prop12.vnnlib,[],[],[],"watchdog killed instance after 5.0s (status=EXIT_NONZERO, peak_rss=1142.7 MiB)",/data1/Kane/ACT/audit_results/r93_rerun_20260525T083118Z/gpu_stream1_20260526T132419Z/ml4acopf_2024/per_instance_ml4acopf_2024_watchdog_iid48_20260526T144030233444Z.json
gpu_full,49,ERROR_WATCHDOG_EXIT_NONZERO,ERROR,ERROR,,5.005,EXIT_NONZERO,True,True,FAILED,1142.12890625,./onnx/14_ieee_ml4acopf.onnx,./vnnlib/14_ieee_prop13.vnnlib,[],[],[],"watchdog killed instance after 5.0s (status=EXIT_NONZERO, peak_rss=1142.1 MiB)",/data1/Kane/ACT/audit_results/r93_rerun_20260525T083118Z/gpu_stream1_20260526T132419Z/ml4acopf_2024/per_instance_ml4acopf_2024_watchdog_iid49_20260526T144035239203Z.json
gpu_full,5,ERROR_WATCHDOG_EXIT_NONZERO,ERROR,ERROR,,5.003,EXIT_NONZERO,True,True,FAILED,1112.046875,./onnx/14_ieee_ml4acopf-linear-residual.onnx,./vnnlib/14_ieee_prop6.vnnlib,[],[],[],"watchdog killed instance after 5.0s (status=EXIT_NONZERO, peak_rss=1112.0 MiB)",/data1/Kane/ACT/audit_results/r93_rerun_20260525T083118Z/gpu_stream1_20260526T132419Z/ml4acopf_2024/per_instance_ml4acopf_2024_watchdog_iid5_20260526T143613092444Z.json
gpu_full,50,ERROR_WATCHDOG_EXIT_NONZERO,ERROR,ERROR,,5.006,EXIT_NONZERO,True,True,FAILED,1151.93359375,./onnx/14_ieee_ml4acopf.onnx,./vnnlib/14_ieee_prop11.vnnlib,[],[],[],"watchdog killed instance after 5.0s (status=EXIT_NONZERO, peak_rss=1151.9 MiB)",/data1/Kane/ACT/audit_results/r93_rerun_20260525T083118Z/gpu_stream1_20260526T132419Z/ml4acopf_2024/per_instance_ml4acopf_2024_watchdog_iid50_20260526T144040246156Z.json
gpu_full,51,ERROR_WATCHDOG_EXIT_NONZERO,ERROR,ERROR,,5.01,EXIT_NONZERO,True,True,FAILED,1142.50390625,./onnx/14_ieee_ml4acopf.onnx,./vnnlib/14_ieee_prop1.vnnlib,[],[],[],"watchdog killed instance after 5.0s (status=EXIT_NONZERO, peak_rss=1142.5 MiB)",/data1/Kane/ACT/audit_results/r93_rerun_20260525T083118Z/gpu_stream1_20260526T132419Z/ml4acopf_2024/per_instance_ml4acopf_2024_watchdog_iid51_20260526T144045258181Z.json
gpu_full,52,ERROR_WATCHDOG_EXIT_NONZERO,ERROR,ERROR,,4.504,EXIT_NONZERO,True,True,FAILED,1142.234375,./onnx/14_ieee_ml4acopf.onnx,./vnnlib/14_ieee_prop3.vnnlib,[],[],[],"watchdog killed instance after 4.5s (status=EXIT_NONZERO, peak_rss=1142.2 MiB)",/data1/Kane/ACT/audit_results/r93_rerun_20260525T083118Z/gpu_stream1_20260526T132419Z/ml4acopf_2024/per_instance_ml4acopf_2024_watchdog_iid52_20260526T144049765767Z.json
gpu_full,53,ERROR_WATCHDOG_EXIT_NONZERO,ERROR,ERROR,,4.503,EXIT_NONZERO,True,True,FAILED,1150.94140625,./onnx/14_ieee_ml4acopf.onnx,./vnnlib/14_ieee_prop14.vnnlib,[],[],[],"watchdog killed instance after 4.5s (status=EXIT_NONZERO, peak_rss=1150.9 MiB)",/data1/Kane/ACT/audit_results/r93_rerun_20260525T083118Z/gpu_stream1_20260526T132419Z/ml4acopf_2024/per_instance_ml4acopf_2024_watchdog_iid53_20260526T144054269654Z.json
gpu_full,54,ERROR_WATCHDOG_EXIT_NONZERO,ERROR,ERROR,,4.503,EXIT_NONZERO,True,True,FAILED,1142.51953125,./onnx/14_ieee_ml4acopf.onnx,./vnnlib/14_ieee_prop10.vnnlib,[],[],[],"watchdog killed instance after 4.5s (status=EXIT_NONZERO, peak_rss=1142.5 MiB)",/data1/Kane/ACT/audit_results/r93_rerun_20260525T083118Z/gpu_stream1_20260526T132419Z/ml4acopf_2024/per_instance_ml4acopf_2024_watchdog_iid54_20260526T144058773855Z.json
gpu_full,55,ERROR_WATCHDOG_EXIT_NONZERO,ERROR,ERROR,,4.503,EXIT_NONZERO,True,True,FAILED,1142.7109375,./onnx/14_ieee_ml4acopf.onnx,./vnnlib/14_ieee_prop5.vnnlib,[],[],[],"watchdog killed instance after 4.5s (status=EXIT_NONZERO, peak_rss=1142.7 MiB)",/data1/Kane/ACT/audit_results/r93_rerun_20260525T083118Z/gpu_stream1_20260526T132419Z/ml4acopf_2024/per_instance_ml4acopf_2024_watchdog_iid55_20260526T144103277805Z.json
gpu_full,56,ERROR_WATCHDOG_EXIT_NONZERO,ERROR,ERROR,,4.503,EXIT_NONZERO,True,True,FAILED,1140.33203125,./onnx/300_ieee_ml4acopf-linear-residual.onnx,./vnnlib/300_ieee_prop3.vnnlib,[],[],[],"watchdog killed instance after 4.5s (status=EXIT_NONZERO, peak_rss=1140.3 MiB)",/data1/Kane/ACT/audit_results/r93_rerun_20260525T083118Z/gpu_stream1_20260526T132419Z/ml4acopf_2024/per_instance_ml4acopf_2024_watchdog_iid56_20260526T144107781629Z.json
gpu_full,57,ERROR_WATCHDOG_EXIT_NONZERO,ERROR,ERROR,,4.504,EXIT_NONZERO,True,True,FAILED,1137.125,./onnx/300_ieee_ml4acopf-linear-residual.onnx,./vnnlib/300_ieee_prop105.vnnlib,[],[],[],"watchdog killed instance after 4.5s (status=EXIT_NONZERO, peak_rss=1137.1 MiB)",/data1/Kane/ACT/audit_results/r93_rerun_20260525T083118Z/gpu_stream1_20260526T132419Z/ml4acopf_2024/per_instance_ml4acopf_2024_watchdog_iid57_20260526T144112287281Z.json
gpu_full,58,ERROR_WATCHDOG_EXIT_NONZERO,ERROR,ERROR,,5.003,EXIT_NONZERO,True,True,FAILED,1166.62109375,./onnx/300_ieee_ml4acopf-linear-residual.onnx,./vnnlib/300_ieee_prop2.vnnlib,[],[],[],"watchdog killed instance after 5.0s (status=EXIT_NONZERO, peak_rss=1166.6 MiB)",/data1/Kane/ACT/audit_results/r93_rerun_20260525T083118Z/gpu_stream1_20260526T132419Z/ml4acopf_2024/per_instance_ml4acopf_2024_watchdog_iid58_20260526T144117291222Z.json
gpu_full,59,ERROR_WATCHDOG_EXIT_NONZERO,ERROR,ERROR,,5.007,EXIT_NONZERO,True,True,FAILED,1148.65234375,./onnx/300_ieee_ml4acopf-linear-residual.onnx,./vnnlib/300_ieee_prop4.vnnlib,[],[],[],"watchdog killed instance after 5.0s (status=EXIT_NONZERO, peak_rss=1148.7 MiB)",/data1/Kane/ACT/audit_results/r93_rerun_20260525T083118Z/gpu_stream1_20260526T132419Z/ml4acopf_2024/per_instance_ml4acopf_2024_watchdog_iid59_20260526T144122299522Z.json
gpu_full,6,ERROR_WATCHDOG_EXIT_NONZERO,ERROR,ERROR,,6.005,EXIT_NONZERO,True,True,FAILED,909.9921875,./onnx/14_ieee_ml4acopf-linear-residual.onnx,./vnnlib/14_ieee_prop12.vnnlib,[],[],[],"watchdog killed instance after 6.0s (status=EXIT_NONZERO, peak_rss=910.0 MiB)",/data1/Kane/ACT/audit_results/r93_rerun_20260525T083118Z/gpu_stream1_20260526T132419Z/ml4acopf_2024/per_instance_ml4acopf_2024_watchdog_iid6_20260526T143619097652Z.json
gpu_full,60,ERROR_WATCHDOG_EXIT_NONZERO,ERROR,ERROR,,5.003,EXIT_NONZERO,True,True,FAILED,1122.36328125,./onnx/118_ieee_ml4acopf-linear-residual.onnx,./vnnlib/118_ieee_prop2.vnnlib,[],[],[],"watchdog killed instance after 5.0s (status=EXIT_NONZERO, peak_rss=1122.4 MiB)",/data1/Kane/ACT/audit_results/r93_rerun_20260525T083118Z/gpu_stream1_20260526T132419Z/ml4acopf_2024/per_instance_ml4acopf_2024_watchdog_iid60_20260526T144127303899Z.json
gpu_full,61,ERROR_WATCHDOG_EXIT_NONZERO,ERROR,ERROR,,5.003,EXIT_NONZERO,True,True,FAILED,1248.62890625,./onnx/118_ieee_ml4acopf-linear-residual.onnx,./vnnlib/118_ieee_prop4.vnnlib,[],[],[],"watchdog killed instance after 5.0s (status=EXIT_NONZERO, peak_rss=1248.6 MiB)",/data1/Kane/ACT/audit_results/r93_rerun_20260525T083118Z/gpu_stream1_20260526T132419Z/ml4acopf_2024/per_instance_ml4acopf_2024_watchdog_iid61_20260526T144132308665Z.json
gpu_full,62,ERROR_WATCHDOG_EXIT_NONZERO,ERROR,ERROR,,5.004,EXIT_NONZERO,True,True,FAILED,1132.53125,./onnx/118_ieee_ml4acopf-linear-residual.onnx,./vnnlib/118_ieee_prop3.vnnlib,[],[],[],"watchdog killed instance after 5.0s (status=EXIT_NONZERO, peak_rss=1132.5 MiB)",/data1/Kane/ACT/audit_results/r93_rerun_20260525T083118Z/gpu_stream1_20260526T132419Z/ml4acopf_2024/per_instance_ml4acopf_2024_watchdog_iid62_20260526T144137314327Z.json
gpu_full,63,ERROR_WATCHDOG_EXIT_NONZERO,ERROR,ERROR,,5.004,EXIT_NONZERO,True,True,FAILED,1123.66015625,./onnx/118_ieee_ml4acopf-linear-residual.onnx,./vnnlib/118_ieee_prop5.vnnlib,[],[],[],"watchdog killed instance after 5.0s (status=EXIT_NONZERO, peak_rss=1123.7 MiB)",/data1/Kane/ACT/audit_results/r93_rerun_20260525T083118Z/gpu_stream1_20260526T132419Z/ml4acopf_2024/per_instance_ml4acopf_2024_watchdog_iid63_20260526T144142319722Z.json
gpu_full,64,ERROR_WATCHDOG_EXIT_NONZERO,ERROR,ERROR,,5.003,EXIT_NONZERO,True,True,FAILED,1123.48828125,./onnx/118_ieee_ml4acopf-linear-residual.onnx,./vnnlib/118_ieee_prop6.vnnlib,[],[],[],"watchdog killed instance after 5.0s (status=EXIT_NONZERO, peak_rss=1123.5 MiB)",/data1/Kane/ACT/audit_results/r93_rerun_20260525T083118Z/gpu_stream1_20260526T132419Z/ml4acopf_2024/per_instance_ml4acopf_2024_watchdog_iid64_20260526T144147324159Z.json
gpu_full,65,ERROR_WATCHDOG_EXIT_NONZERO,ERROR,ERROR,,4.503,EXIT_NONZERO,True,True,FAILED,1173.26953125,./onnx/300_ieee_ml4acopf.onnx,./vnnlib/300_ieee_prop3.vnnlib,[],[],[],"watchdog killed instance after 4.5s (status=EXIT_NONZERO, peak_rss=1173.3 MiB)",/data1/Kane/ACT/audit_results/r93_rerun_20260525T083118Z/gpu_stream1_20260526T132419Z/ml4acopf_2024/per_instance_ml4acopf_2024_watchdog_iid65_20260526T144151828168Z.json
gpu_full,66,ERROR_WATCHDOG_EXIT_NONZERO,ERROR,ERROR,,4.503,EXIT_NONZERO,True,True,FAILED,1163.53515625,./onnx/300_ieee_ml4acopf.onnx,./vnnlib/300_ieee_prop105.vnnlib,[],[],[],"watchdog killed instance after 4.5s (status=EXIT_NONZERO, peak_rss=1163.5 MiB)",/data1/Kane/ACT/audit_results/r93_rerun_20260525T083118Z/gpu_stream1_20260526T132419Z/ml4acopf_2024/per_instance_ml4acopf_2024_watchdog_iid66_20260526T144156331916Z.json
gpu_full,67,ERROR_WATCHDOG_EXIT_NONZERO,ERROR,ERROR,,4.504,EXIT_NONZERO,True,True,FAILED,1171.5703125,./onnx/300_ieee_ml4acopf.onnx,./vnnlib/300_ieee_prop2.vnnlib,[],[],[],"watchdog killed instance after 4.5s (status=EXIT_NONZERO, peak_rss=1171.6 MiB)",/data1/Kane/ACT/audit_results/r93_rerun_20260525T083118Z/gpu_stream1_20260526T132419Z/ml4acopf_2024/per_instance_ml4acopf_2024_watchdog_iid67_20260526T144200836585Z.json
gpu_full,68,ERROR_WATCHDOG_EXIT_NONZERO,ERROR,ERROR,,4.503,EXIT_NONZERO,True,True,FAILED,1174.15625,./onnx/300_ieee_ml4acopf.onnx,./vnnlib/300_ieee_prop4.vnnlib,[],[],[],"watchdog killed instance after 4.5s (status=EXIT_NONZERO, peak_rss=1174.2 MiB)",/data1/Kane/ACT/audit_results/r93_rerun_20260525T083118Z/gpu_stream1_20260526T132419Z/ml4acopf_2024/per_instance_ml4acopf_2024_watchdog_iid68_20260526T144205340352Z.json
gpu_full,7,ERROR_WATCHDOG_EXIT_NONZERO,ERROR,ERROR,,7.009,EXIT_NONZERO,True,True,FAILED,960.9296875,./onnx/14_ieee_ml4acopf-linear-residual.onnx,./vnnlib/14_ieee_prop13.vnnlib,[],[],[],"watchdog killed instance after 7.0s (status=EXIT_NONZERO, peak_rss=960.9 MiB)",/data1/Kane/ACT/audit_results/r93_rerun_20260525T083118Z/gpu_stream1_20260526T132419Z/ml4acopf_2024/per_instance_ml4acopf_2024_watchdog_iid7_20260526T143626107438Z.json
gpu_full,8,ERROR_WATCHDOG_EXIT_NONZERO,ERROR,ERROR,,5.504,EXIT_NONZERO,True,True,FAILED,1117.94140625,./onnx/14_ieee_ml4acopf-linear-residual.onnx,./vnnlib/14_ieee_prop11.vnnlib,[],[],[],"watchdog killed instance after 5.5s (status=EXIT_NONZERO, peak_rss=1117.9 MiB)",/data1/Kane/ACT/audit_results/r93_rerun_20260525T083118Z/gpu_stream1_20260526T132419Z/ml4acopf_2024/per_instance_ml4acopf_2024_watchdog_iid8_20260526T143631613396Z.json
gpu_full,9,ERROR_WATCHDOG_EXIT_NONZERO,ERROR,ERROR,,5.004,EXIT_NONZERO,True,True,FAILED,1109.72265625,./onnx/14_ieee_ml4acopf-linear-residual.onnx,./vnnlib/14_ieee_prop1.vnnlib,[],[],[],"watchdog killed instance after 5.0s (status=EXIT_NONZERO, peak_rss=1109.7 MiB)",/data1/Kane/ACT/audit_results/r93_rerun_20260525T083118Z/gpu_stream1_20260526T132419Z/ml4acopf_2024/per_instance_ml4acopf_2024_watchdog_iid9_20260526T143636618248Z.json
oom_rerun,58,CERTIFIED,UNSAT,CERTIFIED,CERTIFIED,18.489,,False,,PASSED,,./onnx/300_ieee_ml4acopf-linear-residual.onnx,./vnnlib/300_ieee_prop2.vnnlib,"[""UNSAT""]","[""CERTIFIED""]",[null],,/data1/Kane/ACT/audit_results/r93_rerun_20260525T083118Z/oom_rerun_20260527T012601Z/ml4acopf_2024/per_instance_ml4acopf_2024_20260527T012627479384Z.json
oom_rerun,59,UNKNOWN,UNKNOWN,UNKNOWN,UNKNOWN,123.884,,False,,PASSED,,./onnx/300_ieee_ml4acopf-linear-residual.onnx,./vnnlib/300_ieee_prop4.vnnlib,"[""UNKNOWN"",""UNSAT"",""UNKNOWN"",""UNSAT"",""UNKNOWN"",""UNSAT"",""UNKNOWN"",""UNSAT"",""UNKNOWN"",""UNKNOWN""]","[""UNKNOWN"",""CERTIFIED"",""UNKNOWN"",""CERTIFIED"",""UNKNOWN"",""CERTIFIED"",""UNKNOWN"",""CERTIFIED"",""UNKNOWN"",""UNKNOWN""]","[null,null,null,null,null,null,null,null,null,null]",,/data1/Kane/ACT/audit_results/r93_rerun_20260525T083118Z/oom_rerun_20260527T012601Z/ml4acopf_2024/per_instance_ml4acopf_2024_20260527T012837571100Z.json
oom_rerun,60,UNKNOWN_TIMEOUT,UNKNOWN,UNKNOWN,,150.749,UNKNOWN_TIMEOUT,True,True,FAILED,4339.33203125,./onnx/118_ieee_ml4acopf-linear-residual.onnx,./vnnlib/118_ieee_prop2.vnnlib,[],[],[],"watchdog killed instance after 150.7s (status=UNKNOWN_TIMEOUT, peak_rss=4339.3 MiB)",/data1/Kane/ACT/audit_results/r93_rerun_20260525T083118Z/oom_rerun_20260527T012601Z/ml4acopf_2024/per_instance_ml4acopf_2024_watchdog_iid60_20260527T013109974820Z.json
round5_cpu,0,UNKNOWN,UNKNOWN,UNKNOWN,UNKNOWN,6.477,,False,,PASSED,,./onnx/14_ieee_ml4acopf-linear-residual.onnx,./vnnlib/14_ieee_prop9.vnnlib,"[""UNKNOWN"",""UNSAT""]","[""UNKNOWN"",""CERTIFIED""]","[null,null]",,/data1/Kane/ACT/audit_results/r93_rerun_20260525T083118Z/round5_aftersimplify_20260526T234325Z/ml4acopf_2024_cpu/per_instance_ml4acopf_2024_20260526T234409495976Z.json
round5_cpu,1,UNKNOWN,UNKNOWN,UNKNOWN,UNKNOWN,3.473,,False,,PASSED,,./onnx/14_ieee_ml4acopf-linear-residual.onnx,./vnnlib/14_ieee_prop7.vnnlib,"[""UNKNOWN"",""UNSAT""]","[""UNKNOWN"",""CERTIFIED""]","[null,null]",,/data1/Kane/ACT/audit_results/r93_rerun_20260525T083118Z/round5_aftersimplify_20260526T234325Z/ml4acopf_2024_cpu/per_instance_ml4acopf_2024_20260526T234432643893Z.json
round5_cpu,10,UNKNOWN_TIMEOUT,UNKNOWN,UNKNOWN,,75.62,UNKNOWN_TIMEOUT,True,True,FAILED,1282.2578125,./onnx/14_ieee_ml4acopf-linear-residual.onnx,./vnnlib/14_ieee_prop3.vnnlib,[],[],[],"watchdog killed instance after 75.6s (status=UNKNOWN_TIMEOUT, peak_rss=1282.3 MiB)",/data1/Kane/ACT/audit_results/r93_rerun_20260525T083118Z/round5_aftersimplify_20260526T234325Z/ml4acopf_2024_cpu/per_instance_ml4acopf_2024_watchdog_iid10_20260526T235005093022Z.json
round5_cpu,11,UNKNOWN,UNKNOWN,UNKNOWN,UNKNOWN,0.696,,False,,PASSED,,./onnx/14_ieee_ml4acopf-linear-residual.onnx,./vnnlib/14_ieee_prop14.vnnlib,"[""UNKNOWN"",""UNSAT""]","[""UNKNOWN"",""CERTIFIED""]","[null,null]",,/data1/Kane/ACT/audit_results/r93_rerun_20260525T083118Z/round5_aftersimplify_20260526T234325Z/ml4acopf_2024_cpu/per_instance_ml4acopf_2024_20260526T235010837712Z.json
round5_cpu,12,UNKNOWN,UNKNOWN,UNKNOWN,UNKNOWN,1.454,,False,,PASSED,,./onnx/14_ieee_ml4acopf-linear-residual.onnx,./vnnlib/14_ieee_prop10.vnnlib,"[""UNKNOWN"",""UNSAT""]","[""UNKNOWN"",""CERTIFIED""]","[null,null]",,/data1/Kane/ACT/audit_results/r93_rerun_20260525T083118Z/round5_aftersimplify_20260526T234325Z/ml4acopf_2024_cpu/per_instance_ml4acopf_2024_20260526T235020988194Z.json
round5_cpu,13,UNKNOWN,UNKNOWN,UNKNOWN,UNKNOWN,1.166,,False,,PASSED,,./onnx/14_ieee_ml4acopf-linear-residual.onnx,./vnnlib/14_ieee_prop5.vnnlib,"[""UNKNOWN"",""UNSAT""]","[""UNKNOWN"",""CERTIFIED""]","[null,null]",,/data1/Kane/ACT/audit_results/r93_rerun_20260525T083118Z/round5_aftersimplify_20260526T234325Z/ml4acopf_2024_cpu/per_instance_ml4acopf_2024_20260526T235031672319Z.json
round5_cpu,14,UNKNOWN,UNKNOWN,UNKNOWN,UNKNOWN,8.666,,False,,PASSED,,./onnx/118_ieee_ml4acopf.onnx,./vnnlib/118_ieee_prop2.vnnlib,"[""UNKNOWN""]","[""UNKNOWN""]",[null],,/data1/Kane/ACT/audit_results/r93_rerun_20260525T083118Z/round5_aftersimplify_20260526T234325Z/ml4acopf_2024_cpu/per_instance_ml4acopf_2024_20260526T235053169875Z.json
round5_cpu,15,UNKNOWN,UNKNOWN,UNKNOWN,UNKNOWN,66.748,,False,,PASSED,,./onnx/118_ieee_ml4acopf.onnx,./vnnlib/118_ieee_prop4.vnnlib,"[""UNSAT"",""UNSAT"",""UNSAT"",""UNSAT"",""UNSAT"",""UNSAT"",""UNSAT"",""UNSAT"",""UNSAT"",""UNSAT"",""UNSAT"",""UNSAT"",""UNSAT"",""UNKNOWN""]","[""CERTIFIED"",""CERTIFIED"",""CERTIFIED"",""CERTIFIED"",""CERTIFIED"",""CERTIFIED"",""CERTIFIED"",""CERTIFIED"",""CERTIFIED"",""CERTIFIED"",""CERTIFIED"",""CERTIFIED"",""CERTIFIED"",""UNKNOWN""]","[null,null,null,null,null,null,null,null,null,null,null,null,null,null]",,/data1/Kane/ACT/audit_results/r93_rerun_20260525T083118Z/round5_aftersimplify_20260526T234325Z/ml4acopf_2024_cpu/per_instance_ml4acopf_2024_20260526T235206457788Z.json
round5_cpu,16,UNKNOWN,UNKNOWN,UNKNOWN,UNKNOWN,60.374,,False,,PASSED,,./onnx/118_ieee_ml4acopf.onnx,./vnnlib/118_ieee_prop3.vnnlib,"[""UNSAT"",""UNSAT"",""UNSAT"",""UNSAT"",""UNSAT"",""UNSAT"",""UNSAT"",""UNKNOWN""]","[""CERTIFIED"",""CERTIFIED"",""CERTIFIED"",""CERTIFIED"",""CERTIFIED"",""CERTIFIED"",""CERTIFIED"",""UNKNOWN""]","[null,null,null,null,null,null,null,null]",,/data1/Kane/ACT/audit_results/r93_rerun_20260525T083118Z/round5_aftersimplify_20260526T234325Z/ml4acopf_2024_cpu/per_instance_ml4acopf_2024_20260526T235314151750Z.json
round5_cpu,17,UNKNOWN,UNKNOWN,UNKNOWN,UNKNOWN,6.397,,False,,PASSED,,./onnx/118_ieee_ml4acopf.onnx,./vnnlib/118_ieee_prop5.vnnlib,"[""UNKNOWN"",""UNKNOWN""]","[""UNKNOWN"",""UNKNOWN""]","[null,null]",,/data1/Kane/ACT/audit_results/r93_rerun_20260525T083118Z/round5_aftersimplify_20260526T234325Z/ml4acopf_2024_cpu/per_instance_ml4acopf_2024_20260526T235329772874Z.json
round5_cpu,18,UNKNOWN,UNKNOWN,UNKNOWN,UNKNOWN,6.56,,False,,PASSED,,./onnx/118_ieee_ml4acopf.onnx,./vnnlib/118_ieee_prop6.vnnlib,"[""UNKNOWN"",""UNKNOWN""]","[""UNKNOWN"",""UNKNOWN""]","[null,null]",,/data1/Kane/ACT/audit_results/r93_rerun_20260525T083118Z/round5_aftersimplify_20260526T234325Z/ml4acopf_2024_cpu/per_instance_ml4acopf_2024_20260526T235346772367Z.json
round5_cpu,19,UNKNOWN_TIMEOUT,UNKNOWN,UNKNOWN,,75.877,UNKNOWN_TIMEOUT,True,True,FAILED,2218.73828125,./onnx/300_ieee_ml4acopf-linear-nonresidual.onnx,./vnnlib/300_ieee_prop3.vnnlib,[],[],[],"watchdog killed instance after 75.9s (status=UNKNOWN_TIMEOUT, peak_rss=2218.7 MiB)",/data1/Kane/ACT/audit_results/r93_rerun_20260525T083118Z/round5_aftersimplify_20260526T234325Z/ml4acopf_2024_cpu/per_instance_ml4acopf_2024_watchdog_iid19_20260526T235505104854Z.json
round5_cpu,2,UNKNOWN,UNKNOWN,UNKNOWN,UNKNOWN,33.136,,False,,PASSED,,./onnx/14_ieee_ml4acopf-linear-residual.onnx,./vnnlib/14_ieee_prop2.vnnlib,"[""UNKNOWN""]","[""UNKNOWN""]",[null],,/data1/Kane/ACT/audit_results/r93_rerun_20260525T083118Z/round5_aftersimplify_20260526T234325Z/ml4acopf_2024_cpu/per_instance_ml4acopf_2024_20260526T234517292841Z.json
round5_cpu,20,UNKNOWN,UNKNOWN,UNKNOWN,UNKNOWN,26.735,,False,,PASSED,,./onnx/300_ieee_ml4acopf-linear-nonresidual.onnx,./vnnlib/300_ieee_prop105.vnnlib,"[""UNKNOWN"",""UNSAT""]","[""UNKNOWN"",""CERTIFIED""]","[null,null]",,/data1/Kane/ACT/audit_results/r93_rerun_20260525T083118Z/round5_aftersimplify_20260526T234325Z/ml4acopf_2024_cpu/per_instance_ml4acopf_2024_20260526T235541778022Z.json
round5_cpu,21,UNKNOWN_TIMEOUT,UNKNOWN,UNKNOWN,,76.258,UNKNOWN_TIMEOUT,True,True,FAILED,2178.4609375,./onnx/300_ieee_ml4acopf-linear-nonresidual.onnx,./vnnlib/300_ieee_prop2.vnnlib,[],[],[],"watchdog killed instance after 76.3s (status=UNKNOWN_TIMEOUT, peak_rss=2178.5 MiB)",/data1/Kane/ACT/audit_results/r93_rerun_20260525T083118Z/round5_aftersimplify_20260526T234325Z/ml4acopf_2024_cpu/per_instance_ml4acopf_2024_watchdog_iid21_20260526T235700493054Z.json
round5_cpu,22,UNKNOWN_TIMEOUT,UNKNOWN,UNKNOWN,,77.125,UNKNOWN_TIMEOUT,True,True,FAILED,2223.609375,./onnx/300_ieee_ml4acopf-linear-nonresidual.onnx,./vnnlib/300_ieee_prop4.vnnlib,[],[],[],"watchdog killed instance after 77.1s (status=UNKNOWN_TIMEOUT, peak_rss=2223.6 MiB)",/data1/Kane/ACT/audit_results/r93_rerun_20260525T083118Z/round5_aftersimplify_20260526T234325Z/ml4acopf_2024_cpu/per_instance_ml4acopf_2024_watchdog_iid22_20260526T235817620507Z.json
round5_cpu,23,UNKNOWN,UNKNOWN,UNKNOWN,UNKNOWN,3.347,,False,,PASSED,,./onnx/14_ieee_ml4acopf-linear-nonresidual.onnx,./vnnlib/14_ieee_prop9.vnnlib,"[""UNKNOWN"",""UNSAT""]","[""UNKNOWN"",""CERTIFIED""]","[null,null]",,/data1/Kane/ACT/audit_results/r93_rerun_20260525T083118Z/round5_aftersimplify_20260526T234325Z/ml4acopf_2024_cpu/per_instance_ml4acopf_2024_20260526T235839868372Z.json
round5_cpu,24,UNKNOWN,UNKNOWN,UNKNOWN,UNKNOWN,5.737,,False,,PASSED,,./onnx/14_ieee_ml4acopf-linear-nonresidual.onnx,./vnnlib/14_ieee_prop7.vnnlib,"[""UNSAT"",""UNKNOWN""]","[""CERTIFIED"",""UNKNOWN""]","[null,null]",,/data1/Kane/ACT/audit_results/r93_rerun_20260525T083118Z/round5_aftersimplify_20260526T234325Z/ml4acopf_2024_cpu/per_instance_ml4acopf_2024_20260526T235903482317Z.json
round5_cpu,25,UNKNOWN,UNKNOWN,UNKNOWN,UNKNOWN,31.152,,False,,PASSED,,./onnx/14_ieee_ml4acopf-linear-nonresidual.onnx,./vnnlib/14_ieee_prop2.vnnlib,"[""UNKNOWN""]","[""UNKNOWN""]",[null],,/data1/Kane/ACT/audit_results/r93_rerun_20260525T083118Z/round5_aftersimplify_20260526T234325Z/ml4acopf_2024_cpu/per_instance_ml4acopf_2024_20260527T000000023096Z.json
round5_cpu,26,UNKNOWN,UNKNOWN,UNKNOWN,UNKNOWN,5.365,,False,,PASSED,,./onnx/14_ieee_ml4acopf-linear-nonresidual.onnx,./vnnlib/14_ieee_prop8.vnnlib,"[""UNKNOWN"",""UNKNOWN""]","[""UNKNOWN"",""UNKNOWN""]","[null,null]",,/data1/Kane/ACT/audit_results/r93_rerun_20260525T083118Z/round5_aftersimplify_20260526T234325Z/ml4acopf_2024_cpu/per_instance_ml4acopf_2024_20260527T000023691254Z.json
round5_cpu,27,UNKNOWN_TIMEOUT,UNKNOWN,UNKNOWN,,75.525,UNKNOWN_TIMEOUT,True,True,FAILED,1247.97265625,./onnx/14_ieee_ml4acopf-linear-nonresidual.onnx,./vnnlib/14_ieee_prop4.vnnlib,[],[],[],"watchdog killed instance after 75.5s (status=UNKNOWN_TIMEOUT, peak_rss=1248.0 MiB)",/data1/Kane/ACT/audit_results/r93_rerun_20260525T083118Z/round5_aftersimplify_20260526T234325Z/ml4acopf_2024_cpu/per_instance_ml4acopf_2024_watchdog_iid27_20260527T000143805983Z.json
round5_cpu,28,UNKNOWN,UNKNOWN,UNKNOWN,UNKNOWN,1.05,,False,,PASSED,,./onnx/14_ieee_ml4acopf-linear-nonresidual.onnx,./vnnlib/14_ieee_prop6.vnnlib,"[""UNKNOWN"",""UNSAT""]","[""UNKNOWN"",""CERTIFIED""]","[null,null]",,/data1/Kane/ACT/audit_results/r93_rerun_20260525T083118Z/round5_aftersimplify_20260526T234325Z/ml4acopf_2024_cpu/per_instance_ml4acopf_2024_20260527T000150906640Z.json
round5_cpu,29,UNKNOWN,UNKNOWN,UNKNOWN,UNKNOWN,2.123,,False,,PASSED,,./onnx/14_ieee_ml4acopf-linear-nonresidual.onnx,./vnnlib/14_ieee_prop12.vnnlib,"[""UNSAT"",""UNKNOWN""]","[""CERTIFIED"",""UNKNOWN""]","[null,null]",,/data1/Kane/ACT/audit_results/r93_rerun_20260525T083118Z/round5_aftersimplify_20260526T234325Z/ml4acopf_2024_cpu/per_instance_ml4acopf_2024_20260527T000201578182Z.json
round5_cpu,3,UNKNOWN,UNKNOWN,UNKNOWN,UNKNOWN,2.608,,False,,PASSED,,./onnx/14_ieee_ml4acopf-linear-residual.onnx,./vnnlib/14_ieee_prop8.vnnlib,"[""UNKNOWN"",""UNSAT""]","[""UNKNOWN"",""CERTIFIED""]","[null,null]",,/data1/Kane/ACT/audit_results/r93_rerun_20260525T083118Z/round5_aftersimplify_20260526T234325Z/ml4acopf_2024_cpu/per_instance_ml4acopf_2024_20260526T234533605296Z.json
round5_cpu,30,UNKNOWN,UNKNOWN,UNKNOWN,UNKNOWN,2.493,,False,,PASSED,,./onnx/14_ieee_ml4acopf-linear-nonresidual.onnx,./vnnlib/14_ieee_prop13.vnnlib,"[""UNKNOWN"",""UNSAT""]","[""UNKNOWN"",""CERTIFIED""]","[null,null]",,/data1/Kane/ACT/audit_results/r93_rerun_20260525T083118Z/round5_aftersimplify_20260526T234325Z/ml4acopf_2024_cpu/per_instance_ml4acopf_2024_20260527T000214043663Z.json
round5_cpu,31,UNKNOWN,UNKNOWN,UNKNOWN,UNKNOWN,2.024,,False,,PASSED,,./onnx/14_ieee_ml4acopf-linear-nonresidual.onnx,./vnnlib/14_ieee_prop11.vnnlib,"[""UNKNOWN"",""UNSAT""]","[""UNKNOWN"",""CERTIFIED""]","[null,null]",,/data1/Kane/ACT/audit_results/r93_rerun_20260525T083118Z/round5_aftersimplify_20260526T234325Z/ml4acopf_2024_cpu/per_instance_ml4acopf_2024_20260527T000225778721Z.json
round5_cpu,32,UNKNOWN,UNKNOWN,UNKNOWN,UNKNOWN,32.992,,False,,PASSED,,./onnx/14_ieee_ml4acopf-linear-nonresidual.onnx,./vnnlib/14_ieee_prop1.vnnlib,"[""UNSAT"",""UNKNOWN"",""UNKNOWN"",""UNSAT"",""UNKNOWN"",""UNSAT"",""UNSAT"",""UNKNOWN"",""UNKNOWN"",""UNSAT"",""UNSAT"",""UNKNOWN"",""UNSAT"",""UNKNOWN"",""UNKNOWN"",""UNSAT"",""UNKNOWN"",""UNSAT"",""UNKNOWN"",""UNSAT"",""UNKNOWN"",""UNSAT"",""UNKNOWN"",""UNSAT"",""UNKNOWN"",""UNSAT"",""UNKNOWN"",""UNSAT"",""UNKNOWN"",""UNSAT"",""UNKNOWN"",""UNSAT"",""UNKNOWN"",""UNSAT"",""UNKNOWN"",""UNSAT"",""UNKNOWN"",""UNSAT"",""UNKNOWN"",""UNSAT"",""UNKNOWN"",""UNSAT"",""UNKNOWN"",""UNSAT"",""UNKNOWN"",""UNSAT"",""UNKNOWN"",""UNSAT"",""UNKNOWN"",""UNSAT"",""UNKNOWN"",""UNSAT"",""UNKNOWN"",""UNSAT"",""UNKNOWN"",""UNSAT""]","[""CERTIFIED"",""UNKNOWN"",""UNKNOWN"",""CERTIFIED"",""UNKNOWN"",""CERTIFIED"",""CERTIFIED"",""UNKNOWN"",""UNKNOWN"",""CERTIFIED"",""CERTIFIED"",""UNKNOWN"",""CERTIFIED"",""UNKNOWN"",""UNKNOWN"",""CERTIFIED"",""UNKNOWN"",""CERTIFIED"",""UNKNOWN"",""CERTIFIED"",""UNKNOWN"",""CERTIFIED"",""UNKNOWN"",""CERTIFIED"",""UNKNOWN"",""CERTIFIED"",""UNKNOWN"",""CERTIFIED"",""UNKNOWN"",""CERTIFIED"",""UNKNOWN"",""CERTIFIED"",""UNKNOWN"",""CERTIFIED"",""UNKNOWN"",""CERTIFIED"",""UNKNOWN"",""CERTIFIED"",""UNKNOWN"",""CERTIFIED"",""UNKNOWN"",""CERTIFIED"",""UNKNOWN"",""CERTIFIED"",""UNKNOWN"",""CERTIFIED"",""UNKNOWN"",""CERTIFIED"",""UNKNOWN"",""CERTIFIED"",""UNKNOWN"",""CERTIFIED"",""UNKNOWN"",""CERTIFIED"",""UNKNOWN"",""CERTIFIED""]","[null,null,null,null,null,null,null,null,null,null,null,null,null,null,null,null,null,null,null,null,null,null,null,null,null,null,null,null,null,null,null,null,null,null,null,null,null,null,null,null,null,null,null,null,null,null,null,null,null,null,null,null,null,null,null,null]",,/data1/Kane/ACT/audit_results/r93_rerun_20260525T083118Z/round5_aftersimplify_20260526T234325Z/ml4acopf_2024_cpu/per_instance_ml4acopf_2024_20260527T000305542768Z.json
round5_cpu,33,UNKNOWN_TIMEOUT,UNKNOWN,UNKNOWN,,75.59,UNKNOWN_TIMEOUT,True,True,FAILED,1292.80078125,./onnx/14_ieee_ml4acopf-linear-nonresidual.onnx,./vnnlib/14_ieee_prop3.vnnlib,[],[],[],"watchdog killed instance after 75.6s (status=UNKNOWN_TIMEOUT, peak_rss=1292.8 MiB)",/data1/Kane/ACT/audit_results/r93_rerun_20260525T083118Z/round5_aftersimplify_20260526T234325Z/ml4acopf_2024_cpu/per_instance_ml4acopf_2024_watchdog_iid33_20260527T000423140153Z.json
round5_cpu,34,UNKNOWN,UNKNOWN,UNKNOWN,UNKNOWN,2.685,,False,,PASSED,,./onnx/14_ieee_ml4acopf-linear-nonresidual.onnx,./vnnlib/14_ieee_prop14.vnnlib,"[""UNKNOWN"",""UNSAT""]","[""UNKNOWN"",""CERTIFIED""]","[null,null]",,/data1/Kane/ACT/audit_results/r93_rerun_20260525T083118Z/round5_aftersimplify_20260526T234325Z/ml4acopf_2024_cpu/per_instance_ml4acopf_2024_20260527T000433564749Z.json
round5_cpu,35,UNKNOWN,UNKNOWN,UNKNOWN,UNKNOWN,1.683,,False,,PASSED,,./onnx/14_ieee_ml4acopf-linear-nonresidual.onnx,./vnnlib/14_ieee_prop10.vnnlib,"[""UNKNOWN"",""UNSAT""]","[""UNKNOWN"",""CERTIFIED""]","[null,null]",,/data1/Kane/ACT/audit_results/r93_rerun_20260525T083118Z/round5_aftersimplify_20260526T234325Z/ml4acopf_2024_cpu/per_instance_ml4acopf_2024_20260527T000443674061Z.json
round5_cpu,36,UNKNOWN,UNKNOWN,UNKNOWN,UNKNOWN,1.858,,False,,PASSED,,./onnx/14_ieee_ml4acopf-linear-nonresidual.onnx,./vnnlib/14_ieee_prop5.vnnlib,"[""UNSAT"",""UNKNOWN""]","[""CERTIFIED"",""UNKNOWN""]","[null,null]",,/data1/Kane/ACT/audit_results/r93_rerun_20260525T083118Z/round5_aftersimplify_20260526T234325Z/ml4acopf_2024_cpu/per_instance_ml4acopf_2024_20260527T000455580459Z.json
round5_cpu,37,CERTIFIED,UNSAT,CERTIFIED,CERTIFIED,27.878,,False,,PASSED,,./onnx/118_ieee_ml4acopf-linear-nonresidual.onnx,./vnnlib/118_ieee_prop2.vnnlib,"[""UNSAT""]","[""CERTIFIED""]",[null],,/data1/Kane/ACT/audit_results/r93_rerun_20260525T083118Z/round5_aftersimplify_20260526T234325Z/ml4acopf_2024_cpu/per_instance_ml4acopf_2024_20260527T000531864494Z.json
round5_cpu,38,UNKNOWN_TIMEOUT,UNKNOWN,UNKNOWN,,75.639,UNKNOWN_TIMEOUT,True,True,FAILED,1839.13671875,./onnx/118_ieee_ml4acopf-linear-nonresidual.onnx,./vnnlib/118_ieee_prop4.vnnlib,[],[],[],"watchdog killed instance after 75.6s (status=UNKNOWN_TIMEOUT, peak_rss=1839.1 MiB)",/data1/Kane/ACT/audit_results/r93_rerun_20260525T083118Z/round5_aftersimplify_20260526T234325Z/ml4acopf_2024_cpu/per_instance_ml4acopf_2024_watchdog_iid38_20260527T000651579626Z.json
round5_cpu,39,UNKNOWN_TIMEOUT,UNKNOWN,UNKNOWN,,76.045,UNKNOWN_TIMEOUT,True,True,FAILED,1839.90625,./onnx/118_ieee_ml4acopf-linear-nonresidual.onnx,./vnnlib/118_ieee_prop3.vnnlib,[],[],[],"watchdog killed instance after 76.0s (status=UNKNOWN_TIMEOUT, peak_rss=1839.9 MiB)",/data1/Kane/ACT/audit_results/r93_rerun_20260525T083118Z/round5_aftersimplify_20260526T234325Z/ml4acopf_2024_cpu/per_instance_ml4acopf_2024_watchdog_iid39_20260527T000807625299Z.json
round5_cpu,4,UNKNOWN_TIMEOUT,UNKNOWN,UNKNOWN,,75.62,UNKNOWN_TIMEOUT,True,True,FAILED,1268.51171875,./onnx/14_ieee_ml4acopf-linear-residual.onnx,./vnnlib/14_ieee_prop4.vnnlib,[],[],[],"watchdog killed instance after 75.6s (status=UNKNOWN_TIMEOUT, peak_rss=1268.5 MiB)",/data1/Kane/ACT/audit_results/r93_rerun_20260525T083118Z/round5_aftersimplify_20260526T234325Z/ml4acopf_2024_cpu/per_instance_ml4acopf_2024_watchdog_iid4_20260526T234652006103Z.json
round5_cpu,40,UNKNOWN,UNKNOWN,UNKNOWN,UNKNOWN,10.125,,False,,PASSED,,./onnx/118_ieee_ml4acopf-linear-nonresidual.onnx,./vnnlib/118_ieee_prop5.vnnlib,"[""UNKNOWN"",""UNSAT""]","[""UNKNOWN"",""CERTIFIED""]","[null,null]",,/data1/Kane/ACT/audit_results/r93_rerun_20260525T083118Z/round5_aftersimplify_20260526T234325Z/ml4acopf_2024_cpu/per_instance_ml4acopf_2024_20260527T000825481688Z.json
round5_cpu,41,UNKNOWN,UNKNOWN,UNKNOWN,UNKNOWN,11.786,,False,,PASSED,,./onnx/118_ieee_ml4acopf-linear-nonresidual.onnx,./vnnlib/118_ieee_prop6.vnnlib,"[""UNKNOWN"",""UNSAT""]","[""UNKNOWN"",""CERTIFIED""]","[null,null]",,/data1/Kane/ACT/audit_results/r93_rerun_20260525T083118Z/round5_aftersimplify_20260526T234325Z/ml4acopf_2024_cpu/per_instance_ml4acopf_2024_20260527T000848526756Z.json
round5_cpu,42,UNKNOWN,UNKNOWN,UNKNOWN,UNKNOWN,1.832,,False,,PASSED,,./onnx/14_ieee_ml4acopf.onnx,./vnnlib/14_ieee_prop9.vnnlib,"[""UNKNOWN"",""UNKNOWN""]","[""UNKNOWN"",""UNKNOWN""]","[null,null]",,/data1/Kane/ACT/audit_results/r93_rerun_20260525T083118Z/round5_aftersimplify_20260526T234325Z/ml4acopf_2024_cpu/per_instance_ml4acopf_2024_20260527T000905262103Z.json
round5_cpu,43,UNKNOWN,UNKNOWN,UNKNOWN,UNKNOWN,0.461,,False,,PASSED,,./onnx/14_ieee_ml4acopf.onnx,./vnnlib/14_ieee_prop7.vnnlib,"[""UNKNOWN"",""UNKNOWN""]","[""UNKNOWN"",""UNKNOWN""]","[null,null]",,/data1/Kane/ACT/audit_results/r93_rerun_20260525T083118Z/round5_aftersimplify_20260526T234325Z/ml4acopf_2024_cpu/per_instance_ml4acopf_2024_20260527T000916208988Z.json
round5_cpu,44,CERTIFIED,UNSAT,CERTIFIED,CERTIFIED,0.865,,False,,PASSED,,./onnx/14_ieee_ml4acopf.onnx,./vnnlib/14_ieee_prop2.vnnlib,"[""UNSAT""]","[""CERTIFIED""]",[null],,/data1/Kane/ACT/audit_results/r93_rerun_20260525T083118Z/round5_aftersimplify_20260526T234325Z/ml4acopf_2024_cpu/per_instance_ml4acopf_2024_20260527T000927230915Z.json
round5_cpu,45,UNKNOWN,UNKNOWN,UNKNOWN,UNKNOWN,0.598,,False,,PASSED,,./onnx/14_ieee_ml4acopf.onnx,./vnnlib/14_ieee_prop8.vnnlib,"[""UNKNOWN"",""UNKNOWN""]","[""UNKNOWN"",""UNKNOWN""]","[null,null]",,/data1/Kane/ACT/audit_results/r93_rerun_20260525T083118Z/round5_aftersimplify_20260526T234325Z/ml4acopf_2024_cpu/per_instance_ml4acopf_2024_20260527T000940011115Z.json
round5_cpu,46,CERTIFIED,UNSAT,CERTIFIED,CERTIFIED,8.809,,False,,PASSED,,./onnx/14_ieee_ml4acopf.onnx,./vnnlib/14_ieee_prop4.vnnlib,"[""UNSAT"",""UNSAT"",""UNSAT"",""UNSAT"",""UNSAT"",""UNSAT"",""UNSAT"",""UNSAT"",""UNSAT"",""UNSAT"",""UNSAT"",""UNSAT"",""UNSAT"",""UNSAT"",""UNSAT"",""UNSAT"",""UNSAT"",""UNSAT"",""UNSAT"",""UNSAT"",""UNSAT"",""UNSAT"",""UNSAT"",""UNSAT"",""UNSAT"",""UNSAT"",""UNSAT"",""UNSAT""]","[""CERTIFIED"",""CERTIFIED"",""CERTIFIED"",""CERTIFIED"",""CERTIFIED"",""CERTIFIED"",""CERTIFIED"",""CERTIFIED"",""CERTIFIED"",""CERTIFIED"",""CERTIFIED"",""CERTIFIED"",""CERTIFIED"",""CERTIFIED"",""CERTIFIED"",""CERTIFIED"",""CERTIFIED"",""CERTIFIED"",""CERTIFIED"",""CERTIFIED"",""CERTIFIED"",""CERTIFIED"",""CERTIFIED"",""CERTIFIED"",""CERTIFIED"",""CERTIFIED"",""CERTIFIED"",""CERTIFIED""]","[null,null,null,null,null,null,null,null,null,null,null,null,null,null,null,null,null,null,null,null,null,null,null,null,null,null,null,null]",,/data1/Kane/ACT/audit_results/r93_rerun_20260525T083118Z/round5_aftersimplify_20260526T234325Z/ml4acopf_2024_cpu/per_instance_ml4acopf_2024_20260527T000959086806Z.json
round5_cpu,47,UNKNOWN,UNKNOWN,UNKNOWN,UNKNOWN,0.704,,False,,PASSED,,./onnx/14_ieee_ml4acopf.onnx,./vnnlib/14_ieee_prop6.vnnlib,"[""UNKNOWN"",""UNKNOWN""]","[""UNKNOWN"",""UNKNOWN""]","[null,null]",,/data1/Kane/ACT/audit_results/r93_rerun_20260525T083118Z/round5_aftersimplify_20260526T234325Z/ml4acopf_2024_cpu/per_instance_ml4acopf_2024_20260527T001010522166Z.json
round5_cpu,48,UNKNOWN,UNKNOWN,UNKNOWN,UNKNOWN,0.356,,False,,PASSED,,./onnx/14_ieee_ml4acopf.onnx,./vnnlib/14_ieee_prop12.vnnlib,"[""UNKNOWN"",""UNKNOWN""]","[""UNKNOWN"",""UNKNOWN""]","[null,null]",,/data1/Kane/ACT/audit_results/r93_rerun_20260525T083118Z/round5_aftersimplify_20260526T234325Z/ml4acopf_2024_cpu/per_instance_ml4acopf_2024_20260527T001021561021Z.json
round5_cpu,49,UNKNOWN,UNKNOWN,UNKNOWN,UNKNOWN,0.29,,False,,PASSED,,./onnx/14_ieee_ml4acopf.onnx,./vnnlib/14_ieee_prop13.vnnlib,"[""UNKNOWN"",""UNKNOWN""]","[""UNKNOWN"",""UNKNOWN""]","[null,null]",,/data1/Kane/ACT/audit_results/r93_rerun_20260525T083118Z/round5_aftersimplify_20260526T234325Z/ml4acopf_2024_cpu/per_instance_ml4acopf_2024_20260527T001028163739Z.json
round5_cpu,5,UNKNOWN,UNKNOWN,UNKNOWN,UNKNOWN,0.709,,False,,PASSED,,./onnx/14_ieee_ml4acopf-linear-residual.onnx,./vnnlib/14_ieee_prop6.vnnlib,"[""UNKNOWN"",""UNSAT""]","[""UNKNOWN"",""CERTIFIED""]","[null,null]",,/data1/Kane/ACT/audit_results/r93_rerun_20260525T083118Z/round5_aftersimplify_20260526T234325Z/ml4acopf_2024_cpu/per_instance_ml4acopf_2024_20260526T234659386123Z.json
round5_cpu,50,UNKNOWN,UNKNOWN,UNKNOWN,UNKNOWN,0.367,,False,,PASSED,,./onnx/14_ieee_ml4acopf.onnx,./vnnlib/14_ieee_prop11.vnnlib,"[""UNKNOWN"",""UNKNOWN""]","[""UNKNOWN"",""UNKNOWN""]","[null,null]",,/data1/Kane/ACT/audit_results/r93_rerun_20260525T083118Z/round5_aftersimplify_20260526T234325Z/ml4acopf_2024_cpu/per_instance_ml4acopf_2024_20260527T001032000698Z.json
round5_cpu,51,UNKNOWN,UNKNOWN,UNKNOWN,UNKNOWN,3.361,,False,,PASSED,,./onnx/14_ieee_ml4acopf.onnx,./vnnlib/14_ieee_prop1.vnnlib,"[""UNSAT"",""UNSAT"",""UNKNOWN"",""UNKNOWN"",""UNSAT"",""UNSAT"",""UNKNOWN"",""UNKNOWN"",""UNKNOWN"",""UNKNOWN"",""UNKNOWN"",""UNKNOWN"",""UNSAT"",""UNSAT"",""UNSAT"",""UNSAT"",""UNKNOWN"",""UNKNOWN"",""UNKNOWN"",""UNKNOWN"",""UNKNOWN"",""UNKNOWN"",""UNKNOWN"",""UNKNOWN"",""UNKNOWN"",""UNKNOWN"",""UNKNOWN"",""UNKNOWN"",""UNKNOWN"",""UNSAT"",""UNKNOWN"",""UNKNOWN"",""UNSAT"",""UNKNOWN"",""UNKNOWN"",""UNKNOWN"",""UNKNOWN"",""UNKNOWN"",""UNKNOWN"",""UNSAT"",""UNKNOWN"",""UNKNOWN"",""UNSAT"",""UNSAT"",""UNSAT"",""UNKNOWN"",""UNSAT"",""UNSAT"",""UNSAT"",""UNSAT"",""UNSAT"",""UNSAT"",""UNKNOWN"",""UNKNOWN"",""UNKNOWN"",""UNKNOWN""]","[""CERTIFIED"",""CERTIFIED"",""UNKNOWN"",""UNKNOWN"",""CERTIFIED"",""CERTIFIED"",""UNKNOWN"",""UNKNOWN"",""UNKNOWN"",""UNKNOWN"",""UNKNOWN"",""UNKNOWN"",""CERTIFIED"",""CERTIFIED"",""CERTIFIED"",""CERTIFIED"",""UNKNOWN"",""UNKNOWN"",""UNKNOWN"",""UNKNOWN"",""UNKNOWN"",""UNKNOWN"",""UNKNOWN"",""UNKNOWN"",""UNKNOWN"",""UNKNOWN"",""UNKNOWN"",""UNKNOWN"",""UNKNOWN"",""CERTIFIED"",""UNKNOWN"",""UNKNOWN"",""CERTIFIED"",""UNKNOWN"",""UNKNOWN"",""UNKNOWN"",""UNKNOWN"",""UNKNOWN"",""UNKNOWN"",""CERTIFIED"",""UNKNOWN"",""UNKNOWN"",""CERTIFIED"",""CERTIFIED"",""CERTIFIED"",""UNKNOWN"",""CERTIFIED"",""CERTIFIED"",""CERTIFIED"",""CERTIFIED"",""CERTIFIED"",""CERTIFIED"",""UNKNOWN"",""UNKNOWN"",""UNKNOWN"",""UNKNOWN""]","[null,null,null,null,null,null,null,null,null,null,null,null,null,null,null,null,null,null,null,null,null,null,null,null,null,null,null,null,null,null,null,null,null,null,null,null,null,null,null,null,null,null,null,null,null,null,null,null,null,null,null,null,null,null,null,null]",,/data1/Kane/ACT/audit_results/r93_rerun_20260525T083118Z/round5_aftersimplify_20260526T234325Z/ml4acopf_2024_cpu/per_instance_ml4acopf_2024_20260527T001038932837Z.json
round5_cpu,52,CERTIFIED,UNSAT,CERTIFIED,CERTIFIED,1.568,,False,,PASSED,,./onnx/14_ieee_ml4acopf.onnx,./vnnlib/14_ieee_prop3.vnnlib,"[""UNSAT"",""UNSAT"",""UNSAT"",""UNSAT"",""UNSAT"",""UNSAT"",""UNSAT"",""UNSAT"",""UNSAT"",""UNSAT"",""UNSAT"",""UNSAT"",""UNSAT"",""UNSAT"",""UNSAT"",""UNSAT"",""UNSAT"",""UNSAT"",""UNSAT"",""UNSAT""]","[""CERTIFIED"",""CERTIFIED"",""CERTIFIED"",""CERTIFIED"",""CERTIFIED"",""CERTIFIED"",""CERTIFIED"",""CERTIFIED"",""CERTIFIED"",""CERTIFIED"",""CERTIFIED"",""CERTIFIED"",""CERTIFIED"",""CERTIFIED"",""CERTIFIED"",""CERTIFIED"",""CERTIFIED"",""CERTIFIED"",""CERTIFIED"",""CERTIFIED""]","[null,null,null,null,null,null,null,null,null,null,null,null,null,null,null,null,null,null,null,null]",,/data1/Kane/ACT/audit_results/r93_rerun_20260525T083118Z/round5_aftersimplify_20260526T234325Z/ml4acopf_2024_cpu/per_instance_ml4acopf_2024_20260527T001044106166Z.json
round5_cpu,53,UNKNOWN,UNKNOWN,UNKNOWN,UNKNOWN,0.417,,False,,PASSED,,./onnx/14_ieee_ml4acopf.onnx,./vnnlib/14_ieee_prop14.vnnlib,"[""UNKNOWN"",""UNKNOWN""]","[""UNKNOWN"",""UNKNOWN""]","[null,null]",,/data1/Kane/ACT/audit_results/r93_rerun_20260525T083118Z/round5_aftersimplify_20260526T234325Z/ml4acopf_2024_cpu/per_instance_ml4acopf_2024_20260527T001047933510Z.json
round5_cpu,54,UNKNOWN,UNKNOWN,UNKNOWN,UNKNOWN,0.259,,False,,PASSED,,./onnx/14_ieee_ml4acopf.onnx,./vnnlib/14_ieee_prop10.vnnlib,"[""UNKNOWN"",""UNKNOWN""]","[""UNKNOWN"",""UNKNOWN""]","[null,null]",,/data1/Kane/ACT/audit_results/r93_rerun_20260525T083118Z/round5_aftersimplify_20260526T234325Z/ml4acopf_2024_cpu/per_instance_ml4acopf_2024_20260527T001051782570Z.json
round5_cpu,55,UNKNOWN,UNKNOWN,UNKNOWN,UNKNOWN,0.342,,False,,PASSED,,./onnx/14_ieee_ml4acopf.onnx,./vnnlib/14_ieee_prop5.vnnlib,"[""UNSAT"",""UNKNOWN""]","[""CERTIFIED"",""UNKNOWN""]","[null,null]",,/data1/Kane/ACT/audit_results/r93_rerun_20260525T083118Z/round5_aftersimplify_20260526T234325Z/ml4acopf_2024_cpu/per_instance_ml4acopf_2024_20260527T001055648713Z.json
round5_cpu,56,UNKNOWN_TIMEOUT,UNKNOWN,UNKNOWN,,77.071,UNKNOWN_TIMEOUT,True,True,FAILED,4957.05859375,./onnx/300_ieee_ml4acopf-linear-residual.onnx,./vnnlib/300_ieee_prop3.vnnlib,[],[],[],"watchdog killed instance after 77.1s (status=UNKNOWN_TIMEOUT, peak_rss=4957.1 MiB)",/data1/Kane/ACT/audit_results/r93_rerun_20260525T083118Z/round5_aftersimplify_20260526T234325Z/ml4acopf_2024_cpu/per_instance_ml4acopf_2024_watchdog_iid56_20260527T001213714855Z.json
round5_cpu,57,UNKNOWN_TIMEOUT,UNKNOWN,UNKNOWN,,76.24,UNKNOWN_TIMEOUT,True,True,FAILED,1925.84375,./onnx/300_ieee_ml4acopf-linear-residual.onnx,./vnnlib/300_ieee_prop105.vnnlib,[],[],[],"watchdog killed instance after 76.2s (status=UNKNOWN_TIMEOUT, peak_rss=1925.8 MiB)",/data1/Kane/ACT/audit_results/r93_rerun_20260525T083118Z/round5_aftersimplify_20260526T234325Z/ml4acopf_2024_cpu/per_instance_ml4acopf_2024_watchdog_iid57_20260527T001329957156Z.json
round5_cpu,58,UNKNOWN_TIMEOUT,UNKNOWN,UNKNOWN,,77.765,UNKNOWN_TIMEOUT,True,True,FAILED,2092.31640625,./onnx/300_ieee_ml4acopf-linear-residual.onnx,./vnnlib/300_ieee_prop2.vnnlib,[],[],[],"watchdog killed instance after 77.8s (status=UNKNOWN_TIMEOUT, peak_rss=2092.3 MiB)",/data1/Kane/ACT/audit_results/r93_rerun_20260525T083118Z/round5_aftersimplify_20260526T234325Z/ml4acopf_2024_cpu/per_instance_ml4acopf_2024_watchdog_iid58_20260527T001447725509Z.json
round5_cpu,59,UNKNOWN_TIMEOUT,UNKNOWN,UNKNOWN,,77.259,UNKNOWN_TIMEOUT,True,True,FAILED,1288.25390625,./onnx/300_ieee_ml4acopf-linear-residual.onnx,./vnnlib/300_ieee_prop4.vnnlib,[],[],[],"watchdog killed instance after 77.3s (status=UNKNOWN_TIMEOUT, peak_rss=1288.3 MiB)",/data1/Kane/ACT/audit_results/r93_rerun_20260525T083118Z/round5_aftersimplify_20260526T234325Z/ml4acopf_2024_cpu/per_instance_ml4acopf_2024_watchdog_iid59_20260527T001604985495Z.json
round5_cpu,6,UNKNOWN,UNKNOWN,UNKNOWN,UNKNOWN,1.049,,False,,PASSED,,./onnx/14_ieee_ml4acopf-linear-residual.onnx,./vnnlib/14_ieee_prop12.vnnlib,"[""UNKNOWN"",""UNSAT""]","[""UNKNOWN"",""CERTIFIED""]","[null,null]",,/data1/Kane/ACT/audit_results/r93_rerun_20260525T083118Z/round5_aftersimplify_20260526T234325Z/ml4acopf_2024_cpu/per_instance_ml4acopf_2024_20260526T234709735867Z.json
round5_cpu,60,UNKNOWN_TIMEOUT,UNKNOWN,UNKNOWN,,75.77,UNKNOWN_TIMEOUT,True,True,FAILED,5195.26171875,./onnx/118_ieee_ml4acopf-linear-residual.onnx,./vnnlib/118_ieee_prop2.vnnlib,[],[],[],"watchdog killed instance after 75.8s (status=UNKNOWN_TIMEOUT, peak_rss=5195.3 MiB)",/data1/Kane/ACT/audit_results/r93_rerun_20260525T083118Z/round5_aftersimplify_20260526T234325Z/ml4acopf_2024_cpu/per_instance_ml4acopf_2024_watchdog_iid60_20260527T001720766166Z.json
round5_cpu,61,UNKNOWN_TIMEOUT,UNKNOWN,UNKNOWN,,75.451,UNKNOWN_TIMEOUT,True,True,FAILED,3956.5234375,./onnx/118_ieee_ml4acopf-linear-residual.onnx,./vnnlib/118_ieee_prop4.vnnlib,[],[],[],"watchdog killed instance after 75.5s (status=UNKNOWN_TIMEOUT, peak_rss=3956.5 MiB)",/data1/Kane/ACT/audit_results/r93_rerun_20260525T083118Z/round5_aftersimplify_20260526T234325Z/ml4acopf_2024_cpu/per_instance_ml4acopf_2024_watchdog_iid61_20260527T001836217994Z.json
round5_cpu,62,UNKNOWN_TIMEOUT,UNKNOWN,UNKNOWN,,75.402,UNKNOWN_TIMEOUT,True,True,FAILED,3959.1015625,./onnx/118_ieee_ml4acopf-linear-residual.onnx,./vnnlib/118_ieee_prop3.vnnlib,[],[],[],"watchdog killed instance after 75.4s (status=UNKNOWN_TIMEOUT, peak_rss=3959.1 MiB)",/data1/Kane/ACT/audit_results/r93_rerun_20260525T083118Z/round5_aftersimplify_20260526T234325Z/ml4acopf_2024_cpu/per_instance_ml4acopf_2024_watchdog_iid62_20260527T001951620348Z.json
round5_cpu,63,UNKNOWN,UNKNOWN,UNKNOWN,UNKNOWN,7.248,,False,,PASSED,,./onnx/118_ieee_ml4acopf-linear-residual.onnx,./vnnlib/118_ieee_prop5.vnnlib,"[""UNKNOWN"",""UNSAT""]","[""UNKNOWN"",""CERTIFIED""]","[null,null]",,/data1/Kane/ACT/audit_results/r93_rerun_20260525T083118Z/round5_aftersimplify_20260526T234325Z/ml4acopf_2024_cpu/per_instance_ml4acopf_2024_20260527T002001251403Z.json
round5_cpu,64,UNKNOWN,UNKNOWN,UNKNOWN,UNKNOWN,7.243,,False,,PASSED,,./onnx/118_ieee_ml4acopf-linear-residual.onnx,./vnnlib/118_ieee_prop6.vnnlib,"[""UNKNOWN"",""UNSAT""]","[""UNKNOWN"",""CERTIFIED""]","[null,null]",,/data1/Kane/ACT/audit_results/r93_rerun_20260525T083118Z/round5_aftersimplify_20260526T234325Z/ml4acopf_2024_cpu/per_instance_ml4acopf_2024_20260527T002011662952Z.json
round5_cpu,65,UNKNOWN,UNKNOWN,UNKNOWN,UNKNOWN,65.161,,False,,PASSED,,./onnx/300_ieee_ml4acopf.onnx,./vnnlib/300_ieee_prop3.vnnlib,"[""UNSAT"",""UNSAT"",""UNSAT"",""UNSAT"",""UNSAT"",""UNSAT"",""UNKNOWN""]","[""CERTIFIED"",""CERTIFIED"",""CERTIFIED"",""CERTIFIED"",""CERTIFIED"",""CERTIFIED"",""UNKNOWN""]","[null,null,null,null,null,null,null]",,/data1/Kane/ACT/audit_results/r93_rerun_20260525T083118Z/round5_aftersimplify_20260526T234325Z/ml4acopf_2024_cpu/per_instance_ml4acopf_2024_20260527T002120128704Z.json
round5_cpu,66,UNKNOWN,UNKNOWN,UNKNOWN,UNKNOWN,7.986,,False,,PASSED,,./onnx/300_ieee_ml4acopf.onnx,./vnnlib/300_ieee_prop105.vnnlib,"[""UNKNOWN"",""UNKNOWN""]","[""UNKNOWN"",""UNKNOWN""]","[null,null]",,/data1/Kane/ACT/audit_results/r93_rerun_20260525T083118Z/round5_aftersimplify_20260526T234325Z/ml4acopf_2024_cpu/per_instance_ml4acopf_2024_20260527T002131427375Z.json
round5_cpu,67,UNKNOWN,UNKNOWN,UNKNOWN,UNKNOWN,19.809,,False,,PASSED,,./onnx/300_ieee_ml4acopf.onnx,./vnnlib/300_ieee_prop2.vnnlib,"[""UNKNOWN""]","[""UNKNOWN""]",[null],,/data1/Kane/ACT/audit_results/r93_rerun_20260525T083118Z/round5_aftersimplify_20260526T234325Z/ml4acopf_2024_cpu/per_instance_ml4acopf_2024_20260527T002154824553Z.json
round5_cpu,68,UNKNOWN,UNKNOWN,UNKNOWN,UNKNOWN,63.534,,False,,PASSED,,./onnx/300_ieee_ml4acopf.onnx,./vnnlib/300_ieee_prop4.vnnlib,"[""UNSAT"",""UNSAT"",""UNSAT"",""UNSAT"",""UNSAT"",""UNSAT"",""UNKNOWN""]","[""CERTIFIED"",""CERTIFIED"",""CERTIFIED"",""CERTIFIED"",""CERTIFIED"",""CERTIFIED"",""UNKNOWN""]","[null,null,null,null,null,null,null]",,/data1/Kane/ACT/audit_results/r93_rerun_20260525T083118Z/round5_aftersimplify_20260526T234325Z/ml4acopf_2024_cpu/per_instance_ml4acopf_2024_20260527T002301896043Z.json
round5_cpu,7,UNKNOWN,UNKNOWN,UNKNOWN,UNKNOWN,2.211,,False,,PASSED,,./onnx/14_ieee_ml4acopf-linear-residual.onnx,./vnnlib/14_ieee_prop13.vnnlib,"[""UNKNOWN"",""UNSAT""]","[""UNKNOWN"",""CERTIFIED""]","[null,null]",,/data1/Kane/ACT/audit_results/r93_rerun_20260525T083118Z/round5_aftersimplify_20260526T234325Z/ml4acopf_2024_cpu/per_instance_ml4acopf_2024_20260526T234725155214Z.json
round5_cpu,8,UNKNOWN,UNKNOWN,UNKNOWN,UNKNOWN,4.473,,False,,PASSED,,./onnx/14_ieee_ml4acopf-linear-residual.onnx,./vnnlib/14_ieee_prop11.vnnlib,"[""UNKNOWN"",""UNSAT""]","[""UNKNOWN"",""CERTIFIED""]","[null,null]",,/data1/Kane/ACT/audit_results/r93_rerun_20260525T083118Z/round5_aftersimplify_20260526T234325Z/ml4acopf_2024_cpu/per_instance_ml4acopf_2024_20260526T234747459765Z.json
round5_cpu,9,UNKNOWN,UNKNOWN,UNKNOWN,UNKNOWN,40.961,,False,,PASSED,,./onnx/14_ieee_ml4acopf-linear-residual.onnx,./vnnlib/14_ieee_prop1.vnnlib,"[""UNKNOWN"",""UNSAT"",""UNKNOWN"",""UNSAT"",""UNKNOWN"",""UNSAT"",""UNKNOWN"",""UNSAT"",""UNKNOWN"",""UNSAT"",""UNKNOWN"",""UNSAT"",""UNKNOWN"",""UNKNOWN"",""UNKNOWN"",""UNKNOWN"",""UNKNOWN"",""UNSAT"",""UNKNOWN"",""UNSAT"",""UNKNOWN"",""UNSAT"",""UNKNOWN"",""UNSAT"",""UNKNOWN"",""UNSAT"",""UNKNOWN"",""UNSAT"",""UNKNOWN"",""UNSAT"",""UNKNOWN"",""UNSAT"",""UNKNOWN"",""UNSAT"",""UNKNOWN"",""UNSAT"",""UNKNOWN"",""UNSAT"",""UNKNOWN"",""UNSAT"",""UNKNOWN"",""UNSAT"",""UNKNOWN"",""UNSAT"",""UNKNOWN"",""UNSAT"",""UNKNOWN"",""UNSAT"",""UNKNOWN"",""UNSAT"",""UNKNOWN"",""UNSAT"",""UNKNOWN"",""UNSAT"",""UNKNOWN"",""UNSAT""]","[""UNKNOWN"",""CERTIFIED"",""UNKNOWN"",""CERTIFIED"",""UNKNOWN"",""CERTIFIED"",""UNKNOWN"",""CERTIFIED"",""UNKNOWN"",""CERTIFIED"",""UNKNOWN"",""CERTIFIED"",""UNKNOWN"",""UNKNOWN"",""UNKNOWN"",""UNKNOWN"",""UNKNOWN"",""CERTIFIED"",""UNKNOWN"",""CERTIFIED"",""UNKNOWN"",""CERTIFIED"",""UNKNOWN"",""CERTIFIED"",""UNKNOWN"",""CERTIFIED"",""UNKNOWN"",""CERTIFIED"",""UNKNOWN"",""CERTIFIED"",""UNKNOWN"",""CERTIFIED"",""UNKNOWN"",""CERTIFIED"",""UNKNOWN"",""CERTIFIED"",""UNKNOWN"",""CERTIFIED"",""UNKNOWN"",""CERTIFIED"",""UNKNOWN"",""CERTIFIED"",""UNKNOWN"",""CERTIFIED"",""UNKNOWN"",""CERTIFIED"",""UNKNOWN"",""CERTIFIED"",""UNKNOWN"",""CERTIFIED"",""UNKNOWN"",""CERTIFIED"",""UNKNOWN"",""CERTIFIED"",""UNKNOWN"",""CERTIFIED""]","[null,null,null,null,null,null,null,null,null,null,null,null,null,null,null,null,null,null,null,null,null,null,null,null,null,null,null,null,null,null,null,null,null,null,null,null,null,null,null,null,null,null,null,null,null,null,null,null,null,null,null,null,null,null,null,null]",,/data1/Kane/ACT/audit_results/r93_rerun_20260525T083118Z/round5_aftersimplify_20260526T234325Z/ml4acopf_2024_cpu/per_instance_ml4acopf_2024_20260526T234843239366Z.json
round5_cuda,0,UNKNOWN,UNKNOWN,UNKNOWN,UNKNOWN,17.284,,False,,PASSED,,./onnx/14_ieee_ml4acopf-linear-residual.onnx,./vnnlib/14_ieee_prop9.vnnlib,"[""UNKNOWN"",""UNSAT""]","[""UNKNOWN"",""CERTIFIED""]","[null,null]",,/data1/Kane/ACT/audit_results/r93_rerun_20260525T083118Z/round5_aftersimplify_20260526T234325Z/ml4acopf_2024_cuda/per_instance_ml4acopf_2024_20260527T002325053098Z.json
round5_cuda,1,UNKNOWN,UNKNOWN,UNKNOWN,UNKNOWN,14.313,,False,,PASSED,,./onnx/14_ieee_ml4acopf-linear-residual.onnx,./vnnlib/14_ieee_prop7.vnnlib,"[""UNKNOWN"",""UNSAT""]","[""UNKNOWN"",""CERTIFIED""]","[null,null]",,/data1/Kane/ACT/audit_results/r93_rerun_20260525T083118Z/round5_aftersimplify_20260526T234325Z/ml4acopf_2024_cuda/per_instance_ml4acopf_2024_20260527T002342857567Z.json
round5_cuda,10,UNKNOWN,UNKNOWN,UNKNOWN,UNKNOWN,61.414,,False,,PASSED,,./onnx/14_ieee_ml4acopf-linear-residual.onnx,./vnnlib/14_ieee_prop3.vnnlib,"[""UNKNOWN"",""UNSAT"",""UNKNOWN"",""UNSAT"",""UNSAT"",""UNSAT"",""UNKNOWN""]","[""UNKNOWN"",""CERTIFIED"",""UNKNOWN"",""CERTIFIED"",""CERTIFIED"",""CERTIFIED"",""UNKNOWN""]","[null,null,null,null,null,null,null]",,/data1/Kane/ACT/audit_results/r93_rerun_20260525T083118Z/round5_aftersimplify_20260526T234325Z/ml4acopf_2024_cuda/per_instance_ml4acopf_2024_20260527T002843247199Z.json
round5_cuda,11,UNKNOWN,UNKNOWN,UNKNOWN,UNKNOWN,7.532,,False,,PASSED,,./onnx/14_ieee_ml4acopf-linear-residual.onnx,./vnnlib/14_ieee_prop14.vnnlib,"[""UNKNOWN"",""UNSAT""]","[""UNKNOWN"",""CERTIFIED""]","[null,null]",,/data1/Kane/ACT/audit_results/r93_rerun_20260525T083118Z/round5_aftersimplify_20260526T234325Z/ml4acopf_2024_cuda/per_instance_ml4acopf_2024_20260527T002854268888Z.json
round5_cuda,12,UNKNOWN,UNKNOWN,UNKNOWN,UNKNOWN,17.092,,False,,PASSED,,./onnx/14_ieee_ml4acopf-linear-residual.onnx,./vnnlib/14_ieee_prop10.vnnlib,"[""UNKNOWN"",""UNSAT""]","[""UNKNOWN"",""CERTIFIED""]","[null,null]",,/data1/Kane/ACT/audit_results/r93_rerun_20260525T083118Z/round5_aftersimplify_20260526T234325Z/ml4acopf_2024_cuda/per_instance_ml4acopf_2024_20260527T002914854149Z.json
round5_cuda,13,UNKNOWN,UNKNOWN,UNKNOWN,UNKNOWN,17.035,,False,,PASSED,,./onnx/14_ieee_ml4acopf-linear-residual.onnx,./vnnlib/14_ieee_prop5.vnnlib,"[""UNKNOWN"",""UNSAT""]","[""UNKNOWN"",""CERTIFIED""]","[null,null]",,/data1/Kane/ACT/audit_results/r93_rerun_20260525T083118Z/round5_aftersimplify_20260526T234325Z/ml4acopf_2024_cuda/per_instance_ml4acopf_2024_20260527T002935220868Z.json
round5_cuda,14,UNKNOWN,UNKNOWN,UNKNOWN,UNKNOWN,8.29,,False,,PASSED,,./onnx/118_ieee_ml4acopf.onnx,./vnnlib/118_ieee_prop2.vnnlib,"[""UNKNOWN""]","[""UNKNOWN""]",[null],,/data1/Kane/ACT/audit_results/r93_rerun_20260525T083118Z/round5_aftersimplify_20260526T234325Z/ml4acopf_2024_cuda/per_instance_ml4acopf_2024_20260527T002947213541Z.json
round5_cuda,15,UNKNOWN,UNKNOWN,UNKNOWN,UNKNOWN,62.027,,False,,PASSED,,./onnx/118_ieee_ml4acopf.onnx,./vnnlib/118_ieee_prop4.vnnlib,"[""UNSAT"",""UNSAT"",""UNSAT"",""UNSAT"",""UNSAT"",""UNSAT"",""UNSAT"",""UNSAT"",""UNSAT"",""UNSAT"",""UNKNOWN""]","[""CERTIFIED"",""CERTIFIED"",""CERTIFIED"",""CERTIFIED"",""CERTIFIED"",""CERTIFIED"",""CERTIFIED"",""CERTIFIED"",""CERTIFIED"",""CERTIFIED"",""UNKNOWN""]","[null,null,null,null,null,null,null,null,null,null,null]",,/data1/Kane/ACT/audit_results/r93_rerun_20260525T083118Z/round5_aftersimplify_20260526T234325Z/ml4acopf_2024_cuda/per_instance_ml4acopf_2024_20260527T003052697957Z.json
round5_cuda,16,UNKNOWN,UNKNOWN,UNKNOWN,UNKNOWN,62.799,,False,,PASSED,,./onnx/118_ieee_ml4acopf.onnx,./vnnlib/118_ieee_prop3.vnnlib,"[""UNSAT"",""UNSAT"",""UNSAT"",""UNSAT"",""UNSAT"",""UNSAT"",""UNSAT"",""UNSAT"",""UNSAT"",""UNSAT"",""UNKNOWN""]","[""CERTIFIED"",""CERTIFIED"",""CERTIFIED"",""CERTIFIED"",""CERTIFIED"",""CERTIFIED"",""CERTIFIED"",""CERTIFIED"",""CERTIFIED"",""CERTIFIED"",""UNKNOWN""]","[null,null,null,null,null,null,null,null,null,null,null]",,/data1/Kane/ACT/audit_results/r93_rerun_20260525T083118Z/round5_aftersimplify_20260526T234325Z/ml4acopf_2024_cuda/per_instance_ml4acopf_2024_20260527T003159165620Z.json
round5_cuda,17,UNKNOWN,UNKNOWN,UNKNOWN,UNKNOWN,10.596,,False,,PASSED,,./onnx/118_ieee_ml4acopf.onnx,./vnnlib/118_ieee_prop5.vnnlib,"[""UNKNOWN"",""UNKNOWN""]","[""UNKNOWN"",""UNKNOWN""]","[null,null]",,/data1/Kane/ACT/audit_results/r93_rerun_20260525T083118Z/round5_aftersimplify_20260526T234325Z/ml4acopf_2024_cuda/per_instance_ml4acopf_2024_20260527T003213437333Z.json
round5_cuda,18,UNKNOWN,UNKNOWN,UNKNOWN,UNKNOWN,15.879,,False,,PASSED,,./onnx/118_ieee_ml4acopf.onnx,./vnnlib/118_ieee_prop6.vnnlib,"[""UNKNOWN"",""UNKNOWN""]","[""UNKNOWN"",""UNKNOWN""]","[null,null]",,/data1/Kane/ACT/audit_results/r93_rerun_20260525T083118Z/round5_aftersimplify_20260526T234325Z/ml4acopf_2024_cuda/per_instance_ml4acopf_2024_20260527T003232884001Z.json
round5_cuda,19,UNKNOWN,UNKNOWN,UNKNOWN,UNKNOWN,63.283,,False,,PASSED,,./onnx/300_ieee_ml4acopf-linear-nonresidual.onnx,./vnnlib/300_ieee_prop3.vnnlib,"[""UNSAT"",""UNSAT"",""UNSAT"",""UNSAT"",""UNSAT"",""UNKNOWN""]","[""CERTIFIED"",""CERTIFIED"",""CERTIFIED"",""CERTIFIED"",""CERTIFIED"",""UNKNOWN""]","[null,null,null,null,null,null]",,/data1/Kane/ACT/audit_results/r93_rerun_20260525T083118Z/round5_aftersimplify_20260526T234325Z/ml4acopf_2024_cuda/per_instance_ml4acopf_2024_20260527T003339749359Z.json
round5_cuda,2,UNKNOWN,UNKNOWN,UNKNOWN,UNKNOWN,11.946,,False,,PASSED,,./onnx/14_ieee_ml4acopf-linear-residual.onnx,./vnnlib/14_ieee_prop2.vnnlib,"[""UNKNOWN""]","[""UNKNOWN""]",[null],,/data1/Kane/ACT/audit_results/r93_rerun_20260525T083118Z/round5_aftersimplify_20260526T234325Z/ml4acopf_2024_cuda/per_instance_ml4acopf_2024_20260527T002357882013Z.json
round5_cuda,20,UNKNOWN,UNKNOWN,UNKNOWN,UNKNOWN,15.652,,False,,PASSED,,./onnx/300_ieee_ml4acopf-linear-nonresidual.onnx,./vnnlib/300_ieee_prop105.vnnlib,"[""UNKNOWN"",""UNSAT""]","[""UNKNOWN"",""CERTIFIED""]","[null,null]",,/data1/Kane/ACT/audit_results/r93_rerun_20260525T083118Z/round5_aftersimplify_20260526T234325Z/ml4acopf_2024_cuda/per_instance_ml4acopf_2024_20260527T003359230039Z.json
round5_cuda,21,CERTIFIED,UNSAT,CERTIFIED,CERTIFIED,12.297,,False,,PASSED,,./onnx/300_ieee_ml4acopf-linear-nonresidual.onnx,./vnnlib/300_ieee_prop2.vnnlib,"[""UNSAT""]","[""CERTIFIED""]",[null],,/data1/Kane/ACT/audit_results/r93_rerun_20260525T083118Z/round5_aftersimplify_20260526T234325Z/ml4acopf_2024_cuda/per_instance_ml4acopf_2024_20260527T003415296139Z.json
round5_cuda,22,UNKNOWN,UNKNOWN,UNKNOWN,UNKNOWN,66.688,,False,,PASSED,,./onnx/300_ieee_ml4acopf-linear-nonresidual.onnx,./vnnlib/300_ieee_prop4.vnnlib,"[""UNKNOWN"",""UNSAT"",""UNKNOWN"",""UNSAT"",""UNKNOWN"",""UNSAT"",""UNKNOWN""]","[""UNKNOWN"",""CERTIFIED"",""UNKNOWN"",""CERTIFIED"",""UNKNOWN"",""CERTIFIED"",""UNKNOWN""]","[null,null,null,null,null,null,null]",,/data1/Kane/ACT/audit_results/r93_rerun_20260525T083118Z/round5_aftersimplify_20260526T234325Z/ml4acopf_2024_cuda/per_instance_ml4acopf_2024_20260527T003525606995Z.json
round5_cuda,23,UNKNOWN,UNKNOWN,UNKNOWN,UNKNOWN,6.934,,False,,PASSED,,./onnx/14_ieee_ml4acopf-linear-nonresidual.onnx,./vnnlib/14_ieee_prop9.vnnlib,"[""UNKNOWN"",""UNSAT""]","[""UNKNOWN"",""CERTIFIED""]","[null,null]",,/data1/Kane/ACT/audit_results/r93_rerun_20260525T083118Z/round5_aftersimplify_20260526T234325Z/ml4acopf_2024_cuda/per_instance_ml4acopf_2024_20260527T003535846048Z.json
round5_cuda,24,UNKNOWN,UNKNOWN,UNKNOWN,UNKNOWN,3.222,,False,,PASSED,,./onnx/14_ieee_ml4acopf-linear-nonresidual.onnx,./vnnlib/14_ieee_prop7.vnnlib,"[""UNSAT"",""UNKNOWN""]","[""CERTIFIED"",""UNKNOWN""]","[null,null]",,/data1/Kane/ACT/audit_results/r93_rerun_20260525T083118Z/round5_aftersimplify_20260526T234325Z/ml4acopf_2024_cuda/per_instance_ml4acopf_2024_20260527T003543348810Z.json
round5_cuda,25,UNKNOWN,UNKNOWN,UNKNOWN,UNKNOWN,12.33,,False,,PASSED,,./onnx/14_ieee_ml4acopf-linear-nonresidual.onnx,./vnnlib/14_ieee_prop2.vnnlib,"[""UNKNOWN""]","[""UNKNOWN""]",[null],,/data1/Kane/ACT/audit_results/r93_rerun_20260525T083118Z/round5_aftersimplify_20260526T234325Z/ml4acopf_2024_cuda/per_instance_ml4acopf_2024_20260527T003559795323Z.json
round5_cuda,26,UNKNOWN,UNKNOWN,UNKNOWN,UNKNOWN,4.811,,False,,PASSED,,./onnx/14_ieee_ml4acopf-linear-nonresidual.onnx,./vnnlib/14_ieee_prop8.vnnlib,"[""UNKNOWN"",""UNKNOWN""]","[""UNKNOWN"",""UNKNOWN""]","[null,null]",,/data1/Kane/ACT/audit_results/r93_rerun_20260525T083118Z/round5_aftersimplify_20260526T234325Z/ml4acopf_2024_cuda/per_instance_ml4acopf_2024_20260527T003608786867Z.json
round5_cuda,27,UNKNOWN,UNKNOWN,UNKNOWN,UNKNOWN,64.116,,False,,PASSED,,./onnx/14_ieee_ml4acopf-linear-nonresidual.onnx,./vnnlib/14_ieee_prop4.vnnlib,"[""UNKNOWN"",""UNSAT"",""UNKNOWN"",""UNSAT"",""UNKNOWN"",""UNSAT"",""UNKNOWN"",""UNSAT"",""UNKNOWN"",""UNSAT"",""UNKNOWN"",""UNSAT"",""UNKNOWN""]","[""UNKNOWN"",""CERTIFIED"",""UNKNOWN"",""CERTIFIED"",""UNKNOWN"",""CERTIFIED"",""UNKNOWN"",""CERTIFIED"",""UNKNOWN"",""CERTIFIED"",""UNKNOWN"",""CERTIFIED"",""UNKNOWN""]","[null,null,null,null,null,null,null,null,null,null,null,null,null]",,/data1/Kane/ACT/audit_results/r93_rerun_20260525T083118Z/round5_aftersimplify_20260526T234325Z/ml4acopf_2024_cuda/per_instance_ml4acopf_2024_20260527T003717192768Z.json
round5_cuda,28,UNKNOWN_TIMEOUT,UNKNOWN,UNKNOWN,,76.817,UNKNOWN_TIMEOUT,True,True,FAILED,617.80078125,./onnx/14_ieee_ml4acopf-linear-nonresidual.onnx,./vnnlib/14_ieee_prop6.vnnlib,[],[],[],"watchdog killed instance after 76.8s (status=UNKNOWN_TIMEOUT, peak_rss=617.8 MiB)",/data1/Kane/ACT/audit_results/r93_rerun_20260525T083118Z/round5_aftersimplify_20260526T234325Z/ml4acopf_2024_cuda/per_instance_ml4acopf_2024_watchdog_iid28_20260527T003835995525Z.json
round5_cuda,29,UNKNOWN_TIMEOUT,UNKNOWN,UNKNOWN,,132.533,UNKNOWN_TIMEOUT,True,True,FAILED,191.80078125,./onnx/14_ieee_ml4acopf-linear-nonresidual.onnx,./vnnlib/14_ieee_prop12.vnnlib,[],[],[],"watchdog killed instance after 132.5s (status=UNKNOWN_TIMEOUT, peak_rss=191.8 MiB)",/data1/Kane/ACT/audit_results/r93_rerun_20260525T083118Z/round5_aftersimplify_20260526T234325Z/ml4acopf_2024_cuda/per_instance_ml4acopf_2024_watchdog_iid29_20260527T004048530633Z.json
round5_cuda,3,UNKNOWN,UNKNOWN,UNKNOWN,UNKNOWN,12.293,,False,,PASSED,,./onnx/14_ieee_ml4acopf-linear-residual.onnx,./vnnlib/14_ieee_prop8.vnnlib,"[""UNKNOWN"",""UNSAT""]","[""UNKNOWN"",""CERTIFIED""]","[null,null]",,/data1/Kane/ACT/audit_results/r93_rerun_20260525T083118Z/round5_aftersimplify_20260526T234325Z/ml4acopf_2024_cuda/per_instance_ml4acopf_2024_20260527T002412990870Z.json
round5_cuda,30,UNKNOWN_TIMEOUT,UNKNOWN,UNKNOWN,,120.334,UNKNOWN_TIMEOUT,True,True,FAILED,4.15625,./onnx/14_ieee_ml4acopf-linear-nonresidual.onnx,./vnnlib/14_ieee_prop13.vnnlib,[],[],[],"watchdog killed instance after 120.3s (status=UNKNOWN_TIMEOUT, peak_rss=4.2 MiB)",/data1/Kane/ACT/audit_results/r93_rerun_20260525T083118Z/round5_aftersimplify_20260526T234325Z/ml4acopf_2024_cuda/per_instance_ml4acopf_2024_watchdog_iid30_20260527T004309459317Z.json
round5_cuda,31,UNKNOWN,UNKNOWN,UNKNOWN,UNKNOWN,5.646,,False,,PASSED,,./onnx/14_ieee_ml4acopf-linear-nonresidual.onnx,./vnnlib/14_ieee_prop11.vnnlib,"[""UNKNOWN"",""UNSAT""]","[""UNKNOWN"",""CERTIFIED""]","[null,null]",,/data1/Kane/ACT/audit_results/r93_rerun_20260525T083118Z/round5_aftersimplify_20260526T234325Z/ml4acopf_2024_cuda/per_instance_ml4acopf_2024_20260527T004318767005Z.json
round5_cuda,32,UNKNOWN,UNKNOWN,UNKNOWN,UNKNOWN,60.414,,False,,PASSED,,./onnx/14_ieee_ml4acopf-linear-nonresidual.onnx,./vnnlib/14_ieee_prop1.vnnlib,"[""UNSAT"",""UNKNOWN"",""UNKNOWN"",""UNSAT"",""UNKNOWN"",""UNSAT"",""UNSAT"",""UNKNOWN"",""UNKNOWN"",""UNSAT"",""UNSAT"",""UNKNOWN"",""UNSAT"",""UNKNOWN"",""UNKNOWN"",""UNSAT"",""UNKNOWN"",""UNSAT"",""UNKNOWN"",""UNSAT"",""UNKNOWN"",""UNSAT"",""UNKNOWN"",""UNSAT"",""UNKNOWN"",""UNSAT"",""UNKNOWN"",""UNSAT"",""UNKNOWN"",""UNSAT"",""UNKNOWN"",""UNSAT"",""UNKNOWN"",""UNSAT"",""UNKNOWN"",""UNKNOWN""]","[""CERTIFIED"",""UNKNOWN"",""UNKNOWN"",""CERTIFIED"",""UNKNOWN"",""CERTIFIED"",""CERTIFIED"",""UNKNOWN"",""UNKNOWN"",""CERTIFIED"",""CERTIFIED"",""UNKNOWN"",""CERTIFIED"",""UNKNOWN"",""UNKNOWN"",""CERTIFIED"",""UNKNOWN"",""CERTIFIED"",""UNKNOWN"",""CERTIFIED"",""UNKNOWN"",""CERTIFIED"",""UNKNOWN"",""CERTIFIED"",""UNKNOWN"",""CERTIFIED"",""UNKNOWN"",""CERTIFIED"",""UNKNOWN"",""CERTIFIED"",""UNKNOWN"",""CERTIFIED"",""UNKNOWN"",""CERTIFIED"",""UNKNOWN"",""UNKNOWN""]","[null,null,null,null,null,null,null,null,null,null,null,null,null,null,null,null,null,null,null,null,null,null,null,null,null,null,null,null,null,null,null,null,null,null,null,null]",,/data1/Kane/ACT/audit_results/r93_rerun_20260525T083118Z/round5_aftersimplify_20260526T234325Z/ml4acopf_2024_cuda/per_instance_ml4acopf_2024_20260527T004423259205Z.json
round5_cuda,33,UNKNOWN,UNKNOWN,UNKNOWN,UNKNOWN,66.398,,False,,PASSED,,./onnx/14_ieee_ml4acopf-linear-nonresidual.onnx,./vnnlib/14_ieee_prop3.vnnlib,"[""UNKNOWN"",""UNSAT"",""UNKNOWN"",""UNSAT"",""UNSAT"",""UNSAT"",""UNSAT"",""UNSAT"",""UNSAT"",""UNSAT"",""UNKNOWN"",""UNSAT"",""UNKNOWN"",""UNKNOWN""]","[""UNKNOWN"",""CERTIFIED"",""UNKNOWN"",""CERTIFIED"",""CERTIFIED"",""CERTIFIED"",""CERTIFIED"",""CERTIFIED"",""CERTIFIED"",""CERTIFIED"",""UNKNOWN"",""CERTIFIED"",""UNKNOWN"",""UNKNOWN""]","[null,null,null,null,null,null,null,null,null,null,null,null,null,null]",,/data1/Kane/ACT/audit_results/r93_rerun_20260525T083118Z/round5_aftersimplify_20260526T234325Z/ml4acopf_2024_cuda/per_instance_ml4acopf_2024_20260527T004533279952Z.json
round5_cuda,34,UNKNOWN,UNKNOWN,UNKNOWN,UNKNOWN,6.766,,False,,PASSED,,./onnx/14_ieee_ml4acopf-linear-nonresidual.onnx,./vnnlib/14_ieee_prop14.vnnlib,"[""UNKNOWN"",""UNSAT""]","[""UNKNOWN"",""CERTIFIED""]","[null,null]",,/data1/Kane/ACT/audit_results/r93_rerun_20260525T083118Z/round5_aftersimplify_20260526T234325Z/ml4acopf_2024_cuda/per_instance_ml4acopf_2024_20260527T004543745509Z.json
round5_cuda,35,UNKNOWN,UNKNOWN,UNKNOWN,UNKNOWN,3.869,,False,,PASSED,,./onnx/14_ieee_ml4acopf-linear-nonresidual.onnx,./vnnlib/14_ieee_prop10.vnnlib,"[""UNKNOWN"",""UNSAT""]","[""UNKNOWN"",""CERTIFIED""]","[null,null]",,/data1/Kane/ACT/audit_results/r93_rerun_20260525T083118Z/round5_aftersimplify_20260526T234325Z/ml4acopf_2024_cuda/per_instance_ml4acopf_2024_20260527T004551011959Z.json
round5_cuda,36,UNKNOWN,UNKNOWN,UNKNOWN,UNKNOWN,7.641,,False,,PASSED,,./onnx/14_ieee_ml4acopf-linear-nonresidual.onnx,./vnnlib/14_ieee_prop5.vnnlib,"[""UNSAT"",""UNKNOWN""]","[""CERTIFIED"",""UNKNOWN""]","[null,null]",,/data1/Kane/ACT/audit_results/r93_rerun_20260525T083118Z/round5_aftersimplify_20260526T234325Z/ml4acopf_2024_cuda/per_instance_ml4acopf_2024_20260527T004602304626Z.json
round5_cuda,37,CERTIFIED,UNSAT,CERTIFIED,CERTIFIED,5.405,,False,,PASSED,,./onnx/118_ieee_ml4acopf-linear-nonresidual.onnx,./vnnlib/118_ieee_prop2.vnnlib,"[""UNSAT""]","[""CERTIFIED""]",[null],,/data1/Kane/ACT/audit_results/r93_rerun_20260525T083118Z/round5_aftersimplify_20260526T234325Z/ml4acopf_2024_cuda/per_instance_ml4acopf_2024_20260527T004610714675Z.json
round5_cuda,38,UNKNOWN,UNKNOWN,UNKNOWN,UNKNOWN,62.762,,False,,PASSED,,./onnx/118_ieee_ml4acopf-linear-nonresidual.onnx,./vnnlib/118_ieee_prop4.vnnlib,"[""UNKNOWN"",""UNSAT"",""UNKNOWN"",""UNSAT"",""UNKNOWN"",""UNSAT"",""UNKNOWN"",""UNSAT"",""UNKNOWN"",""UNSAT"",""UNKNOWN"",""UNSAT"",""UNKNOWN"",""UNKNOWN""]","[""UNKNOWN"",""CERTIFIED"",""UNKNOWN"",""CERTIFIED"",""UNKNOWN"",""CERTIFIED"",""UNKNOWN"",""CERTIFIED"",""UNKNOWN"",""CERTIFIED"",""UNKNOWN"",""CERTIFIED"",""UNKNOWN"",""UNKNOWN""]","[null,null,null,null,null,null,null,null,null,null,null,null,null,null]",,/data1/Kane/ACT/audit_results/r93_rerun_20260525T083118Z/round5_aftersimplify_20260526T234325Z/ml4acopf_2024_cuda/per_instance_ml4acopf_2024_20260527T004716855640Z.json
round5_cuda,39,UNKNOWN,UNKNOWN,UNKNOWN,UNKNOWN,60.214,,False,,PASSED,,./onnx/118_ieee_ml4acopf-linear-nonresidual.onnx,./vnnlib/118_ieee_prop3.vnnlib,"[""UNSAT"",""UNSAT"",""UNSAT"",""UNSAT"",""UNSAT"",""UNSAT"",""UNSAT"",""UNSAT"",""UNKNOWN"",""UNSAT"",""UNKNOWN"",""UNSAT"",""UNSAT"",""UNSAT"",""UNSAT"",""UNSAT"",""UNSAT"",""UNSAT"",""UNSAT"",""UNSAT"",""UNKNOWN"",""UNSAT"",""UNKNOWN"",""UNSAT"",""UNSAT"",""UNSAT"",""UNKNOWN"",""UNSAT"",""UNSAT"",""UNSAT"",""UNKNOWN""]","[""CERTIFIED"",""CERTIFIED"",""CERTIFIED"",""CERTIFIED"",""CERTIFIED"",""CERTIFIED"",""CERTIFIED"",""CERTIFIED"",""UNKNOWN"",""CERTIFIED"",""UNKNOWN"",""CERTIFIED"",""CERTIFIED"",""CERTIFIED"",""CERTIFIED"",""CERTIFIED"",""CERTIFIED"",""CERTIFIED"",""CERTIFIED"",""CERTIFIED"",""UNKNOWN"",""CERTIFIED"",""UNKNOWN"",""CERTIFIED"",""CERTIFIED"",""CERTIFIED"",""UNKNOWN"",""CERTIFIED"",""CERTIFIED"",""CERTIFIED"",""UNKNOWN""]","[null,null,null,null,null,null,null,null,null,null,null,null,null,null,null,null,null,null,null,null,null,null,null,null,null,null,null,null,null,null,null]",,/data1/Kane/ACT/audit_results/r93_rerun_20260525T083118Z/round5_aftersimplify_20260526T234325Z/ml4acopf_2024_cuda/per_instance_ml4acopf_2024_20260527T004820921620Z.json
round5_cuda,4,UNKNOWN,UNKNOWN,UNKNOWN,UNKNOWN,60.038,,False,,PASSED,,./onnx/14_ieee_ml4acopf-linear-residual.onnx,./vnnlib/14_ieee_prop4.vnnlib,"[""UNKNOWN"",""UNSAT"",""UNKNOWN"",""UNSAT"",""UNKNOWN"",""UNSAT"",""UNKNOWN""]","[""UNKNOWN"",""CERTIFIED"",""UNKNOWN"",""CERTIFIED"",""UNKNOWN"",""CERTIFIED"",""UNKNOWN""]","[null,null,null,null,null,null,null]",,/data1/Kane/ACT/audit_results/r93_rerun_20260525T083118Z/round5_aftersimplify_20260526T234325Z/ml4acopf_2024_cuda/per_instance_ml4acopf_2024_20260527T002516571773Z.json
round5_cuda,40,UNKNOWN,UNKNOWN,UNKNOWN,UNKNOWN,4.55,,False,,PASSED,,./onnx/118_ieee_ml4acopf-linear-nonresidual.onnx,./vnnlib/118_ieee_prop5.vnnlib,"[""UNKNOWN"",""UNSAT""]","[""UNKNOWN"",""CERTIFIED""]","[null,null]",,/data1/Kane/ACT/audit_results/r93_rerun_20260525T083118Z/round5_aftersimplify_20260526T234325Z/ml4acopf_2024_cuda/per_instance_ml4acopf_2024_20260527T004828979072Z.json
round5_cuda,41,UNKNOWN,UNKNOWN,UNKNOWN,UNKNOWN,4.306,,False,,PASSED,,./onnx/118_ieee_ml4acopf-linear-nonresidual.onnx,./vnnlib/118_ieee_prop6.vnnlib,"[""UNKNOWN"",""UNSAT""]","[""UNKNOWN"",""CERTIFIED""]","[null,null]",,/data1/Kane/ACT/audit_results/r93_rerun_20260525T083118Z/round5_aftersimplify_20260526T234325Z/ml4acopf_2024_cuda/per_instance_ml4acopf_2024_20260527T004836830708Z.json
round5_cuda,42,UNKNOWN,UNKNOWN,UNKNOWN,UNKNOWN,1.156,,False,,PASSED,,./onnx/14_ieee_ml4acopf.onnx,./vnnlib/14_ieee_prop9.vnnlib,"[""UNKNOWN"",""UNKNOWN""]","[""UNKNOWN"",""UNKNOWN""]","[null,null]",,/data1/Kane/ACT/audit_results/r93_rerun_20260525T083118Z/round5_aftersimplify_20260526T234325Z/ml4acopf_2024_cuda/per_instance_ml4acopf_2024_20260527T004841055792Z.json
round5_cuda,43,UNKNOWN,UNKNOWN,UNKNOWN,UNKNOWN,0.871,,False,,PASSED,,./onnx/14_ieee_ml4acopf.onnx,./vnnlib/14_ieee_prop7.vnnlib,"[""UNKNOWN"",""UNKNOWN""]","[""UNKNOWN"",""UNKNOWN""]","[null,null]",,/data1/Kane/ACT/audit_results/r93_rerun_20260525T083118Z/round5_aftersimplify_20260526T234325Z/ml4acopf_2024_cuda/per_instance_ml4acopf_2024_20260527T004845286400Z.json
round5_cuda,44,CERTIFIED,UNSAT,CERTIFIED,CERTIFIED,0.775,,False,,PASSED,,./onnx/14_ieee_ml4acopf.onnx,./vnnlib/14_ieee_prop2.vnnlib,"[""UNSAT""]","[""CERTIFIED""]",[null],,/data1/Kane/ACT/audit_results/r93_rerun_20260525T083118Z/round5_aftersimplify_20260526T234325Z/ml4acopf_2024_cuda/per_instance_ml4acopf_2024_20260527T004849168645Z.json
round5_cuda,45,UNKNOWN,UNKNOWN,UNKNOWN,UNKNOWN,0.817,,False,,PASSED,,./onnx/14_ieee_ml4acopf.onnx,./vnnlib/14_ieee_prop8.vnnlib,"[""UNKNOWN"",""UNKNOWN""]","[""UNKNOWN"",""UNKNOWN""]","[null,null]",,/data1/Kane/ACT/audit_results/r93_rerun_20260525T083118Z/round5_aftersimplify_20260526T234325Z/ml4acopf_2024_cuda/per_instance_ml4acopf_2024_20260527T004853244470Z.json
round5_cuda,46,CERTIFIED,UNSAT,CERTIFIED,CERTIFIED,4.439,,False,,PASSED,,./onnx/14_ieee_ml4acopf.onnx,./vnnlib/14_ieee_prop4.vnnlib,"[""UNSAT"",""UNSAT"",""UNSAT"",""UNSAT"",""UNSAT"",""UNSAT"",""UNSAT"",""UNSAT"",""UNSAT"",""UNSAT"",""UNSAT"",""UNSAT"",""UNSAT"",""UNSAT"",""UNSAT"",""UNSAT"",""UNSAT"",""UNSAT"",""UNSAT"",""UNSAT"",""UNSAT"",""UNSAT"",""UNSAT"",""UNSAT"",""UNSAT"",""UNSAT"",""UNSAT"",""UNSAT""]","[""CERTIFIED"",""CERTIFIED"",""CERTIFIED"",""CERTIFIED"",""CERTIFIED"",""CERTIFIED"",""CERTIFIED"",""CERTIFIED"",""CERTIFIED"",""CERTIFIED"",""CERTIFIED"",""CERTIFIED"",""CERTIFIED"",""CERTIFIED"",""CERTIFIED"",""CERTIFIED"",""CERTIFIED"",""CERTIFIED"",""CERTIFIED"",""CERTIFIED"",""CERTIFIED"",""CERTIFIED"",""CERTIFIED"",""CERTIFIED"",""CERTIFIED"",""CERTIFIED"",""CERTIFIED"",""CERTIFIED""]","[null,null,null,null,null,null,null,null,null,null,null,null,null,null,null,null,null,null,null,null,null,null,null,null,null,null,null,null]",,/data1/Kane/ACT/audit_results/r93_rerun_20260525T083118Z/round5_aftersimplify_20260526T234325Z/ml4acopf_2024_cuda/per_instance_ml4acopf_2024_20260527T004900839828Z.json
round5_cuda,47,UNKNOWN,UNKNOWN,UNKNOWN,UNKNOWN,0.777,,False,,PASSED,,./onnx/14_ieee_ml4acopf.onnx,./vnnlib/14_ieee_prop6.vnnlib,"[""UNKNOWN"",""UNKNOWN""]","[""UNKNOWN"",""UNKNOWN""]","[null,null]",,/data1/Kane/ACT/audit_results/r93_rerun_20260525T083118Z/round5_aftersimplify_20260526T234325Z/ml4acopf_2024_cuda/per_instance_ml4acopf_2024_20260527T004904708834Z.json
round5_cuda,48,UNKNOWN,UNKNOWN,UNKNOWN,UNKNOWN,0.82,,False,,PASSED,,./onnx/14_ieee_ml4acopf.onnx,./vnnlib/14_ieee_prop12.vnnlib,"[""UNKNOWN"",""UNKNOWN""]","[""UNKNOWN"",""UNKNOWN""]","[null,null]",,/data1/Kane/ACT/audit_results/r93_rerun_20260525T083118Z/round5_aftersimplify_20260526T234325Z/ml4acopf_2024_cuda/per_instance_ml4acopf_2024_20260527T004908835312Z.json
round5_cuda,49,UNKNOWN,UNKNOWN,UNKNOWN,UNKNOWN,1.181,,False,,PASSED,,./onnx/14_ieee_ml4acopf.onnx,./vnnlib/14_ieee_prop13.vnnlib,"[""UNKNOWN"",""UNKNOWN""]","[""UNKNOWN"",""UNKNOWN""]","[null,null]",,/data1/Kane/ACT/audit_results/r93_rerun_20260525T083118Z/round5_aftersimplify_20260526T234325Z/ml4acopf_2024_cuda/per_instance_ml4acopf_2024_20260527T004913125745Z.json
round5_cuda,5,UNKNOWN,UNKNOWN,UNKNOWN,UNKNOWN,16.427,,False,,PASSED,,./onnx/14_ieee_ml4acopf-linear-residual.onnx,./vnnlib/14_ieee_prop6.vnnlib,"[""UNKNOWN"",""UNSAT""]","[""UNKNOWN"",""CERTIFIED""]","[null,null]",,/data1/Kane/ACT/audit_results/r93_rerun_20260525T083118Z/round5_aftersimplify_20260526T234325Z/ml4acopf_2024_cuda/per_instance_ml4acopf_2024_20260527T002536405760Z.json
round5_cuda,50,UNKNOWN,UNKNOWN,UNKNOWN,UNKNOWN,1.096,,False,,PASSED,,./onnx/14_ieee_ml4acopf.onnx,./vnnlib/14_ieee_prop11.vnnlib,"[""UNKNOWN"",""UNKNOWN""]","[""UNKNOWN"",""UNKNOWN""]","[null,null]",,/data1/Kane/ACT/audit_results/r93_rerun_20260525T083118Z/round5_aftersimplify_20260526T234325Z/ml4acopf_2024_cuda/per_instance_ml4acopf_2024_20260527T004917526599Z.json
round5_cuda,51,UNKNOWN,UNKNOWN,UNKNOWN,UNKNOWN,7.352,,False,,PASSED,,./onnx/14_ieee_ml4acopf.onnx,./vnnlib/14_ieee_prop1.vnnlib,"[""UNSAT"",""UNSAT"",""UNKNOWN"",""UNKNOWN"",""UNSAT"",""UNSAT"",""UNKNOWN"",""UNKNOWN"",""UNKNOWN"",""UNKNOWN"",""UNKNOWN"",""UNKNOWN"",""UNSAT"",""UNSAT"",""UNSAT"",""UNSAT"",""UNKNOWN"",""UNKNOWN"",""UNKNOWN"",""UNKNOWN"",""UNKNOWN"",""UNKNOWN"",""UNKNOWN"",""UNKNOWN"",""UNKNOWN"",""UNKNOWN"",""UNKNOWN"",""UNKNOWN"",""UNKNOWN"",""UNSAT"",""UNKNOWN"",""UNKNOWN"",""UNSAT"",""UNKNOWN"",""UNKNOWN"",""UNKNOWN"",""UNKNOWN"",""UNKNOWN"",""UNKNOWN"",""UNSAT"",""UNKNOWN"",""UNKNOWN"",""UNSAT"",""UNSAT"",""UNSAT"",""UNKNOWN"",""UNSAT"",""UNSAT"",""UNSAT"",""UNSAT"",""UNSAT"",""UNSAT"",""UNKNOWN"",""UNKNOWN"",""UNKNOWN"",""UNKNOWN""]","[""CERTIFIED"",""CERTIFIED"",""UNKNOWN"",""UNKNOWN"",""CERTIFIED"",""CERTIFIED"",""UNKNOWN"",""UNKNOWN"",""UNKNOWN"",""UNKNOWN"",""UNKNOWN"",""UNKNOWN"",""CERTIFIED"",""CERTIFIED"",""CERTIFIED"",""CERTIFIED"",""UNKNOWN"",""UNKNOWN"",""UNKNOWN"",""UNKNOWN"",""UNKNOWN"",""UNKNOWN"",""UNKNOWN"",""UNKNOWN"",""UNKNOWN"",""UNKNOWN"",""UNKNOWN"",""UNKNOWN"",""UNKNOWN"",""CERTIFIED"",""UNKNOWN"",""UNKNOWN"",""CERTIFIED"",""UNKNOWN"",""UNKNOWN"",""UNKNOWN"",""UNKNOWN"",""UNKNOWN"",""UNKNOWN"",""CERTIFIED"",""UNKNOWN"",""UNKNOWN"",""CERTIFIED"",""CERTIFIED"",""CERTIFIED"",""UNKNOWN"",""CERTIFIED"",""CERTIFIED"",""CERTIFIED"",""CERTIFIED"",""CERTIFIED"",""CERTIFIED"",""UNKNOWN"",""UNKNOWN"",""UNKNOWN"",""UNKNOWN""]","[null,null,null,null,null,null,null,null,null,null,null,null,null,null,null,null,null,null,null,null,null,null,null,null,null,null,null,null,null,null,null,null,null,null,null,null,null,null,null,null,null,null,null,null,null,null,null,null,null,null,null,null,null,null,null,null]",,/data1/Kane/ACT/audit_results/r93_rerun_20260525T083118Z/round5_aftersimplify_20260526T234325Z/ml4acopf_2024_cuda/per_instance_ml4acopf_2024_20260527T004928288652Z.json
round5_cuda,52,CERTIFIED,UNSAT,CERTIFIED,CERTIFIED,4.38,,False,,PASSED,,./onnx/14_ieee_ml4acopf.onnx,./vnnlib/14_ieee_prop3.vnnlib,"[""UNSAT"",""UNSAT"",""UNSAT"",""UNSAT"",""UNSAT"",""UNSAT"",""UNSAT"",""UNSAT"",""UNSAT"",""UNSAT"",""UNSAT"",""UNSAT"",""UNSAT"",""UNSAT"",""UNSAT"",""UNSAT"",""UNSAT"",""UNSAT"",""UNSAT"",""UNSAT""]","[""CERTIFIED"",""CERTIFIED"",""CERTIFIED"",""CERTIFIED"",""CERTIFIED"",""CERTIFIED"",""CERTIFIED"",""CERTIFIED"",""CERTIFIED"",""CERTIFIED"",""CERTIFIED"",""CERTIFIED"",""CERTIFIED"",""CERTIFIED"",""CERTIFIED"",""CERTIFIED"",""CERTIFIED"",""CERTIFIED"",""CERTIFIED"",""CERTIFIED""]","[null,null,null,null,null,null,null,null,null,null,null,null,null,null,null,null,null,null,null,null]",,/data1/Kane/ACT/audit_results/r93_rerun_20260525T083118Z/round5_aftersimplify_20260526T234325Z/ml4acopf_2024_cuda/per_instance_ml4acopf_2024_20260527T004935890586Z.json
round5_cuda,53,UNKNOWN,UNKNOWN,UNKNOWN,UNKNOWN,0.836,,False,,PASSED,,./onnx/14_ieee_ml4acopf.onnx,./vnnlib/14_ieee_prop14.vnnlib,"[""UNKNOWN"",""UNKNOWN""]","[""UNKNOWN"",""UNKNOWN""]","[null,null]",,/data1/Kane/ACT/audit_results/r93_rerun_20260525T083118Z/round5_aftersimplify_20260526T234325Z/ml4acopf_2024_cuda/per_instance_ml4acopf_2024_20260527T004939772272Z.json
round5_cuda,54,UNKNOWN,UNKNOWN,UNKNOWN,UNKNOWN,0.82,,False,,PASSED,,./onnx/14_ieee_ml4acopf.onnx,./vnnlib/14_ieee_prop10.vnnlib,"[""UNKNOWN"",""UNKNOWN""]","[""UNKNOWN"",""UNKNOWN""]","[null,null]",,/data1/Kane/ACT/audit_results/r93_rerun_20260525T083118Z/round5_aftersimplify_20260526T234325Z/ml4acopf_2024_cuda/per_instance_ml4acopf_2024_20260527T004943802156Z.json
round5_cuda,55,UNKNOWN,UNKNOWN,UNKNOWN,UNKNOWN,0.835,,False,,PASSED,,./onnx/14_ieee_ml4acopf.onnx,./vnnlib/14_ieee_prop5.vnnlib,"[""UNSAT"",""UNKNOWN""]","[""CERTIFIED"",""UNKNOWN""]","[null,null]",,/data1/Kane/ACT/audit_results/r93_rerun_20260525T083118Z/round5_aftersimplify_20260526T234325Z/ml4acopf_2024_cuda/per_instance_ml4acopf_2024_20260527T004947815417Z.json
round5_cuda,56,UNKNOWN,UNKNOWN,UNKNOWN,UNKNOWN,68.345,,False,,PASSED,,./onnx/300_ieee_ml4acopf-linear-residual.onnx,./vnnlib/300_ieee_prop3.vnnlib,"[""UNSAT"",""UNSAT"",""UNSAT"",""UNSAT"",""UNSAT"",""UNSAT"",""UNKNOWN""]","[""CERTIFIED"",""CERTIFIED"",""CERTIFIED"",""CERTIFIED"",""CERTIFIED"",""CERTIFIED"",""UNKNOWN""]","[null,null,null,null,null,null,null]",,/data1/Kane/ACT/audit_results/r93_rerun_20260525T083118Z/round5_aftersimplify_20260526T234325Z/ml4acopf_2024_cuda/per_instance_ml4acopf_2024_20260527T005059274087Z.json
round5_cuda,57,UNKNOWN,UNKNOWN,UNKNOWN,UNKNOWN,13.138,,False,,PASSED,,./onnx/300_ieee_ml4acopf-linear-residual.onnx,./vnnlib/300_ieee_prop105.vnnlib,"[""UNKNOWN"",""UNSAT""]","[""UNKNOWN"",""CERTIFIED""]","[null,null]",,/data1/Kane/ACT/audit_results/r93_rerun_20260525T083118Z/round5_aftersimplify_20260526T234325Z/ml4acopf_2024_cuda/per_instance_ml4acopf_2024_20260527T005115579012Z.json
round5_cuda,58,CERTIFIED,UNSAT,CERTIFIED,CERTIFIED,14.014,,False,,PASSED,,./onnx/300_ieee_ml4acopf-linear-residual.onnx,./vnnlib/300_ieee_prop2.vnnlib,"[""UNSAT""]","[""CERTIFIED""]",[null],,/data1/Kane/ACT/audit_results/r93_rerun_20260525T083118Z/round5_aftersimplify_20260526T234325Z/ml4acopf_2024_cuda/per_instance_ml4acopf_2024_20260527T005133015247Z.json
round5_cuda,59,UNKNOWN,UNKNOWN,UNKNOWN,UNKNOWN,65.899,,False,,PASSED,,./onnx/300_ieee_ml4acopf-linear-residual.onnx,./vnnlib/300_ieee_prop4.vnnlib,"[""UNKNOWN"",""UNSAT"",""UNKNOWN"",""UNSAT"",""UNKNOWN"",""UNKNOWN""]","[""UNKNOWN"",""CERTIFIED"",""UNKNOWN"",""CERTIFIED"",""UNKNOWN"",""UNKNOWN""]","[null,null,null,null,null,null]",,/data1/Kane/ACT/audit_results/r93_rerun_20260525T083118Z/round5_aftersimplify_20260526T234325Z/ml4acopf_2024_cuda/per_instance_ml4acopf_2024_20260527T005242402170Z.json
round5_cuda,6,UNKNOWN,UNKNOWN,UNKNOWN,UNKNOWN,13.317,,False,,PASSED,,./onnx/14_ieee_ml4acopf-linear-residual.onnx,./vnnlib/14_ieee_prop12.vnnlib,"[""UNKNOWN"",""UNSAT""]","[""UNKNOWN"",""CERTIFIED""]","[null,null]",,/data1/Kane/ACT/audit_results/r93_rerun_20260525T083118Z/round5_aftersimplify_20260526T234325Z/ml4acopf_2024_cuda/per_instance_ml4acopf_2024_20260527T002553364372Z.json
round5_cuda,60,ERROR_WATCHDOG_EXIT_NONZERO,ERROR,ERROR,,9.507,EXIT_NONZERO,True,True,FAILED,1862.1171875,./onnx/118_ieee_ml4acopf-linear-residual.onnx,./vnnlib/118_ieee_prop2.vnnlib,[],[],[],"watchdog killed instance after 9.5s (status=EXIT_NONZERO, peak_rss=1862.1 MiB)",/data1/Kane/ACT/audit_results/r93_rerun_20260525T083118Z/round5_aftersimplify_20260526T234325Z/ml4acopf_2024_cuda/per_instance_ml4acopf_2024_watchdog_iid60_20260527T005252873258Z.json
round5_cuda,61,UNKNOWN_TIMEOUT,UNKNOWN,UNKNOWN,,75.439,UNKNOWN_TIMEOUT,True,True,FAILED,3424.8828125,./onnx/118_ieee_ml4acopf-linear-residual.onnx,./vnnlib/118_ieee_prop4.vnnlib,[],[],[],"watchdog killed instance after 75.4s (status=UNKNOWN_TIMEOUT, peak_rss=3424.9 MiB)",/data1/Kane/ACT/audit_results/r93_rerun_20260525T083118Z/round5_aftersimplify_20260526T234325Z/ml4acopf_2024_cuda/per_instance_ml4acopf_2024_watchdog_iid61_20260527T005408313187Z.json
round5_cuda,62,UNKNOWN_TIMEOUT,UNKNOWN,UNKNOWN,,75.476,UNKNOWN_TIMEOUT,True,True,FAILED,3466.55859375,./onnx/118_ieee_ml4acopf-linear-residual.onnx,./vnnlib/118_ieee_prop3.vnnlib,[],[],[],"watchdog killed instance after 75.5s (status=UNKNOWN_TIMEOUT, peak_rss=3466.6 MiB)",/data1/Kane/ACT/audit_results/r93_rerun_20260525T083118Z/round5_aftersimplify_20260526T234325Z/ml4acopf_2024_cuda/per_instance_ml4acopf_2024_watchdog_iid62_20260527T005523789867Z.json
round5_cuda,63,UNKNOWN,UNKNOWN,UNKNOWN,UNKNOWN,15.653,,False,,PASSED,,./onnx/118_ieee_ml4acopf-linear-residual.onnx,./vnnlib/118_ieee_prop5.vnnlib,"[""UNKNOWN"",""UNSAT""]","[""UNKNOWN"",""CERTIFIED""]","[null,null]",,/data1/Kane/ACT/audit_results/r93_rerun_20260525T083118Z/round5_aftersimplify_20260526T234325Z/ml4acopf_2024_cuda/per_instance_ml4acopf_2024_20260527T005543139571Z.json
round5_cuda,64,UNKNOWN,UNKNOWN,UNKNOWN,UNKNOWN,18.866,,False,,PASSED,,./onnx/118_ieee_ml4acopf-linear-residual.onnx,./vnnlib/118_ieee_prop6.vnnlib,"[""UNKNOWN"",""UNSAT""]","[""UNKNOWN"",""CERTIFIED""]","[null,null]",,/data1/Kane/ACT/audit_results/r93_rerun_20260525T083118Z/round5_aftersimplify_20260526T234325Z/ml4acopf_2024_cuda/per_instance_ml4acopf_2024_20260527T005607703531Z.json
round5_cuda,65,UNKNOWN,UNKNOWN,UNKNOWN,UNKNOWN,65.982,,False,,PASSED,,./onnx/300_ieee_ml4acopf.onnx,./vnnlib/300_ieee_prop3.vnnlib,"[""UNSAT"",""UNSAT"",""UNSAT"",""UNSAT"",""UNSAT"",""UNSAT"",""UNKNOWN""]","[""CERTIFIED"",""CERTIFIED"",""CERTIFIED"",""CERTIFIED"",""CERTIFIED"",""CERTIFIED"",""UNKNOWN""]","[null,null,null,null,null,null,null]",,/data1/Kane/ACT/audit_results/r93_rerun_20260525T083118Z/round5_aftersimplify_20260526T234325Z/ml4acopf_2024_cuda/per_instance_ml4acopf_2024_20260527T005719348385Z.json
round5_cuda,66,UNKNOWN,UNKNOWN,UNKNOWN,UNKNOWN,16.829,,False,,PASSED,,./onnx/300_ieee_ml4acopf.onnx,./vnnlib/300_ieee_prop105.vnnlib,"[""UNKNOWN"",""UNKNOWN""]","[""UNKNOWN"",""UNKNOWN""]","[null,null]",,/data1/Kane/ACT/audit_results/r93_rerun_20260525T083118Z/round5_aftersimplify_20260526T234325Z/ml4acopf_2024_cuda/per_instance_ml4acopf_2024_20260527T005740706712Z.json
round5_cuda,67,UNKNOWN,UNKNOWN,UNKNOWN,UNKNOWN,12.601,,False,,PASSED,,./onnx/300_ieee_ml4acopf.onnx,./vnnlib/300_ieee_prop2.vnnlib,"[""UNKNOWN""]","[""UNKNOWN""]",[null],,/data1/Kane/ACT/audit_results/r93_rerun_20260525T083118Z/round5_aftersimplify_20260526T234325Z/ml4acopf_2024_cuda/per_instance_ml4acopf_2024_20260527T005758148392Z.json
round5_cuda,68,UNKNOWN,UNKNOWN,UNKNOWN,UNKNOWN,60.454,,False,,PASSED,,./onnx/300_ieee_ml4acopf.onnx,./vnnlib/300_ieee_prop4.vnnlib,"[""UNSAT"",""UNSAT"",""UNSAT"",""UNSAT"",""UNSAT"",""UNSAT"",""UNKNOWN""]","[""CERTIFIED"",""CERTIFIED"",""CERTIFIED"",""CERTIFIED"",""CERTIFIED"",""CERTIFIED"",""UNKNOWN""]","[null,null,null,null,null,null,null]",,/data1/Kane/ACT/audit_results/r93_rerun_20260525T083118Z/round5_aftersimplify_20260526T234325Z/ml4acopf_2024_cuda/per_instance_ml4acopf_2024_20260527T005902887977Z.json
round5_cuda,7,UNKNOWN,UNKNOWN,UNKNOWN,UNKNOWN,16.959,,False,,PASSED,,./onnx/14_ieee_ml4acopf-linear-residual.onnx,./vnnlib/14_ieee_prop13.vnnlib,"[""UNKNOWN"",""UNSAT""]","[""UNKNOWN"",""CERTIFIED""]","[null,null]",,/data1/Kane/ACT/audit_results/r93_rerun_20260525T083118Z/round5_aftersimplify_20260526T234325Z/ml4acopf_2024_cuda/per_instance_ml4acopf_2024_20260527T002613343506Z.json
round5_cuda,8,UNKNOWN,UNKNOWN,UNKNOWN,UNKNOWN,16.638,,False,,PASSED,,./onnx/14_ieee_ml4acopf-linear-residual.onnx,./vnnlib/14_ieee_prop11.vnnlib,"[""UNKNOWN"",""UNSAT""]","[""UNKNOWN"",""CERTIFIED""]","[null,null]",,/data1/Kane/ACT/audit_results/r93_rerun_20260525T083118Z/round5_aftersimplify_20260526T234325Z/ml4acopf_2024_cuda/per_instance_ml4acopf_2024_20260527T002633236848Z.json
round5_cuda,9,UNKNOWN,UNKNOWN,UNKNOWN,UNKNOWN,61.436,,False,,PASSED,,./onnx/14_ieee_ml4acopf-linear-residual.onnx,./vnnlib/14_ieee_prop1.vnnlib,"[""UNKNOWN"",""UNSAT"",""UNKNOWN"",""UNSAT"",""UNKNOWN"",""UNSAT"",""UNKNOWN"",""UNSAT"",""UNKNOWN""]","[""UNKNOWN"",""CERTIFIED"",""UNKNOWN"",""CERTIFIED"",""UNKNOWN"",""CERTIFIED"",""UNKNOWN"",""CERTIFIED"",""UNKNOWN""]","[null,null,null,null,null,null,null,null,null]",,/data1/Kane/ACT/audit_results/r93_rerun_20260525T083118Z/round5_aftersimplify_20260526T234325Z/ml4acopf_2024_cuda/per_instance_ml4acopf_2024_20260527T002738171538Z.json
