[ACT] Auto-detecting project root: .
[ACT] Gurobi license found: modules/gurobi/gurobi.lic
{
  "benchmark": "nn4sys",
  "instance_id": 0,
  "status": "OK",
  "cli_normalized": "OK",
  "wall_s": 4.0029051310848445,
  "peak_rss_mb": 1582.38671875,
  "returncode": 0,
  "per_instance_json": "/data1/Kane/ACT/audit_results/r93_rerun_20260525T083118Z/gpu_stream2_20260526T124338Z/nn4sys/per_instance_nn4sys_20260526T124343623611Z.json",
  "out_dir": "/data1/Kane/ACT/audit_results/r93_rerun_20260525T083118Z/gpu_stream2_20260526T124338Z/nn4sys",
  "stdout_tail": " input shape: [1, 6, 8]\nINFO:act.front_end.vnnlib_loader.data_model_loader:  \u2713 Input shape: (1, 6, 8)\nINFO:act.front_end.vnnlib_loader.data_model_loader:[3/3] Parsing VNNLIB specification...\nINFO:act.front_end.vnnlib_loader.vnnlib_parser:Parsed VNNLIB: 48 inputs, 6 outputs, type=unknown\nINFO:act.front_end.vnnlib_loader.data_model_loader:  \u2713 Parsed VNNLIB: 48 inputs, 6 outputs\nINFO:act.front_end.vnnlib_loader.data_model_loader:Successfully loaded VNNLIB instance from 'nn4sys'\nINFO:act.front_end.vnnlib_loader.vnnlib_parser:Parsed pensieve_simple_0.vnnlib: 1 query(ies)\n[ACT] Using existing Gurobi license: modules/gurobi/gurobi.lic\n\u2705 Device Manager Initialized: device=cuda:0, dtype=torch.float64\n\n================================================================================\nACT: Abstract Constraint Transformer\nInference-based whitebox fuzzing for neural network verification\n================================================================================\n\n\n================================================================================\nVERIFICATION TEST: VNNLIB \u2192 VerifiableModel \u2192 verify_once\n================================================================================\n\n[vnnlib] category=nn4sys max_instances=1 mode=hybridz (full TOP1_ROBUST via labeled_tensor collapse; device=cuda, timeout=60.0s)\n  [  1/1] nn4sys/onnx/pensieve_small_simple.onnx@vnnlib/pensieve_simple_0.vnnlib: UNKNOWN (1.0s)  V=0 A=0 U=1 E=0  R=0\n\n[vnnlib/hybridz] FINAL \u2014 total=1 wall=0.0 min\n  UNKNOWN      1\n  [structured] per-instance log \u2192 /data1/Kane/ACT/audit_results/r93_rerun_20260525T083118Z/gpu_stream2_20260526T124338Z/nn4sys/per_instance_nn4sys_20260526T124343623611Z.json\n\n================================================================================\nVERIFICATION TEST SUMMARY\n================================================================================\n  \u2705 vnnlib                    PASSED\n================================================================================\n\n"
}
{
  "benchmark": "nn4sys",
  "instance_id": 1,
  "status": "OK",
  "cli_normalized": "OK",
  "wall_s": 16.510174596100114,
  "peak_rss_mb": 2003.44140625,
  "returncode": 0,
  "per_instance_json": "/data1/Kane/ACT/audit_results/r93_rerun_20260525T083118Z/gpu_stream2_20260526T124338Z/nn4sys/per_instance_nn4sys_20260526T124400311723Z.json",
  "out_dir": "/data1/Kane/ACT/audit_results/r93_rerun_20260525T083118Z/gpu_stream2_20260526T124338Z/nn4sys",
  "stdout_tail": "lts may be incorrect.\nINFO:act.front_end.vnnlib_loader.data_model_loader:  \u2713 Input shape: (12, 8)\nINFO:act.front_end.vnnlib_loader.data_model_loader:[3/3] Parsing VNNLIB specification...\nINFO:act.front_end.vnnlib_loader.vnnlib_parser:Parsed VNNLIB: 96 inputs, 1 outputs, type=safety\nINFO:act.front_end.vnnlib_loader.data_model_loader:  \u2713 Parsed VNNLIB: 96 inputs, 1 outputs\nINFO:act.front_end.vnnlib_loader.data_model_loader:Successfully loaded VNNLIB instance from 'nn4sys'\nINFO:act.front_end.vnnlib_loader.vnnlib_parser:Parsed pensieve_parallel_1.vnnlib: 1 query(ies)\n[ACT] Using existing Gurobi license: modules/gurobi/gurobi.lic\n\u2705 Device Manager Initialized: device=cuda:0, dtype=torch.float64\n\n================================================================================\nACT: Abstract Constraint Transformer\nInference-based whitebox fuzzing for neural network verification\n================================================================================\n\n\n================================================================================\nVERIFICATION TEST: VNNLIB \u2192 VerifiableModel \u2192 verify_once\n================================================================================\n\n[vnnlib] category=nn4sys max_instances=1 mode=hybridz (full TOP1_ROBUST via labeled_tensor collapse; device=cuda, timeout=60.0s)\n  [  1/1] nn4sys/onnx/pensieve_big_parallel.onnx@vnnlib/pensieve_parallel_1.vnnlib: UNKNOWN (13.7s)  V=0 A=0 U=1 E=0  R=0\n\n[vnnlib/hybridz] FINAL \u2014 total=1 wall=0.2 min\n  UNKNOWN      1\n  [structured] per-instance log \u2192 /data1/Kane/ACT/audit_results/r93_rerun_20260525T083118Z/gpu_stream2_20260526T124338Z/nn4sys/per_instance_nn4sys_20260526T124400311723Z.json\n\n================================================================================\nVERIFICATION TEST SUMMARY\n================================================================================\n  \u2705 vnnlib                    PASSED\n================================================================================\n\n"
}
{
  "benchmark": "nn4sys",
  "instance_id": 2,
  "status": "OK",
  "cli_normalized": "OK",
  "wall_s": 4.003174384008162,
  "peak_rss_mb": 1589.42578125,
  "returncode": 0,
  "per_instance_json": "/data1/Kane/ACT/audit_results/r93_rerun_20260525T083118Z/gpu_stream2_20260526T124338Z/nn4sys/per_instance_nn4sys_20260526T124403965782Z.json",
  "out_dir": "/data1/Kane/ACT/audit_results/r93_rerun_20260525T083118Z/gpu_stream2_20260526T124338Z/nn4sys",
  "stdout_tail": " input shape: [1, 6, 8]\nINFO:act.front_end.vnnlib_loader.data_model_loader:  \u2713 Input shape: (1, 6, 8)\nINFO:act.front_end.vnnlib_loader.data_model_loader:[3/3] Parsing VNNLIB specification...\nINFO:act.front_end.vnnlib_loader.vnnlib_parser:Parsed VNNLIB: 48 inputs, 6 outputs, type=unknown\nINFO:act.front_end.vnnlib_loader.data_model_loader:  \u2713 Parsed VNNLIB: 48 inputs, 6 outputs\nINFO:act.front_end.vnnlib_loader.data_model_loader:Successfully loaded VNNLIB instance from 'nn4sys'\nINFO:act.front_end.vnnlib_loader.vnnlib_parser:Parsed pensieve_simple_2.vnnlib: 1 query(ies)\n[ACT] Using existing Gurobi license: modules/gurobi/gurobi.lic\n\u2705 Device Manager Initialized: device=cuda:0, dtype=torch.float64\n\n================================================================================\nACT: Abstract Constraint Transformer\nInference-based whitebox fuzzing for neural network verification\n================================================================================\n\n\n================================================================================\nVERIFICATION TEST: VNNLIB \u2192 VerifiableModel \u2192 verify_once\n================================================================================\n\n[vnnlib] category=nn4sys max_instances=1 mode=hybridz (full TOP1_ROBUST via labeled_tensor collapse; device=cuda, timeout=60.0s)\n  [  1/1] nn4sys/onnx/pensieve_small_simple.onnx@vnnlib/pensieve_simple_2.vnnlib: UNKNOWN (0.8s)  V=0 A=0 U=1 E=0  R=0\n\n[vnnlib/hybridz] FINAL \u2014 total=1 wall=0.0 min\n  UNKNOWN      1\n  [structured] per-instance log \u2192 /data1/Kane/ACT/audit_results/r93_rerun_20260525T083118Z/gpu_stream2_20260526T124338Z/nn4sys/per_instance_nn4sys_20260526T124403965782Z.json\n\n================================================================================\nVERIFICATION TEST SUMMARY\n================================================================================\n  \u2705 vnnlib                    PASSED\n================================================================================\n\n"
}
{
  "benchmark": "nn4sys",
  "instance_id": 3,
  "status": "OK",
  "cli_normalized": "OK",
  "wall_s": 3.5030172310071066,
  "peak_rss_mb": 1611.89453125,
  "returncode": 0,
  "per_instance_json": "/data1/Kane/ACT/audit_results/r93_rerun_20260525T083118Z/gpu_stream2_20260526T124338Z/nn4sys/per_instance_nn4sys_20260526T124407898755Z.json",
  "out_dir": "/data1/Kane/ACT/audit_results/r93_rerun_20260525T083118Z/gpu_stream2_20260526T124338Z/nn4sys",
  "stdout_tail": " input shape: [1, 6, 8]\nINFO:act.front_end.vnnlib_loader.data_model_loader:  \u2713 Input shape: (1, 6, 8)\nINFO:act.front_end.vnnlib_loader.data_model_loader:[3/3] Parsing VNNLIB specification...\nINFO:act.front_end.vnnlib_loader.vnnlib_parser:Parsed VNNLIB: 48 inputs, 6 outputs, type=unknown\nINFO:act.front_end.vnnlib_loader.data_model_loader:  \u2713 Parsed VNNLIB: 48 inputs, 6 outputs\nINFO:act.front_end.vnnlib_loader.data_model_loader:Successfully loaded VNNLIB instance from 'nn4sys'\nINFO:act.front_end.vnnlib_loader.vnnlib_parser:Parsed pensieve_simple_3.vnnlib: 1 query(ies)\n[ACT] Using existing Gurobi license: modules/gurobi/gurobi.lic\n\u2705 Device Manager Initialized: device=cuda:0, dtype=torch.float64\n\n================================================================================\nACT: Abstract Constraint Transformer\nInference-based whitebox fuzzing for neural network verification\n================================================================================\n\n\n================================================================================\nVERIFICATION TEST: VNNLIB \u2192 VerifiableModel \u2192 verify_once\n================================================================================\n\n[vnnlib] category=nn4sys max_instances=1 mode=hybridz (full TOP1_ROBUST via labeled_tensor collapse; device=cuda, timeout=60.0s)\n  [  1/1] nn4sys/onnx/pensieve_small_simple.onnx@vnnlib/pensieve_simple_3.vnnlib: UNKNOWN (0.8s)  V=0 A=0 U=1 E=0  R=0\n\n[vnnlib/hybridz] FINAL \u2014 total=1 wall=0.0 min\n  UNKNOWN      1\n  [structured] per-instance log \u2192 /data1/Kane/ACT/audit_results/r93_rerun_20260525T083118Z/gpu_stream2_20260526T124338Z/nn4sys/per_instance_nn4sys_20260526T124407898755Z.json\n\n================================================================================\nVERIFICATION TEST SUMMARY\n================================================================================\n  \u2705 vnnlib                    PASSED\n================================================================================\n\n"
}
{
  "benchmark": "nn4sys",
  "instance_id": 4,
  "status": "OK",
  "cli_normalized": "OK",
  "wall_s": 4.003356316010468,
  "peak_rss_mb": 1599.46875,
  "returncode": 0,
  "per_instance_json": "/data1/Kane/ACT/audit_results/r93_rerun_20260525T083118Z/gpu_stream2_20260526T124338Z/nn4sys/per_instance_nn4sys_20260526T124411856272Z.json",
  "out_dir": "/data1/Kane/ACT/audit_results/r93_rerun_20260525T083118Z/gpu_stream2_20260526T124338Z/nn4sys",
  "stdout_tail": "ts may be incorrect.\nINFO:act.front_end.vnnlib_loader.data_model_loader:  \u2713 Input shape: (12, 8)\nINFO:act.front_end.vnnlib_loader.data_model_loader:[3/3] Parsing VNNLIB specification...\nINFO:act.front_end.vnnlib_loader.vnnlib_parser:Parsed VNNLIB: 96 inputs, 1 outputs, type=safety\nINFO:act.front_end.vnnlib_loader.data_model_loader:  \u2713 Parsed VNNLIB: 96 inputs, 1 outputs\nINFO:act.front_end.vnnlib_loader.data_model_loader:Successfully loaded VNNLIB instance from 'nn4sys'\nINFO:act.front_end.vnnlib_loader.vnnlib_parser:Parsed pensieve_parallel_4.vnnlib: 1 query(ies)\n[ACT] Using existing Gurobi license: modules/gurobi/gurobi.lic\n\u2705 Device Manager Initialized: device=cuda:0, dtype=torch.float64\n\n================================================================================\nACT: Abstract Constraint Transformer\nInference-based whitebox fuzzing for neural network verification\n================================================================================\n\n\n================================================================================\nVERIFICATION TEST: VNNLIB \u2192 VerifiableModel \u2192 verify_once\n================================================================================\n\n[vnnlib] category=nn4sys max_instances=1 mode=hybridz (full TOP1_ROBUST via labeled_tensor collapse; device=cuda, timeout=60.0s)\n  [  1/1] nn4sys/onnx/pensieve_small_parallel.onnx@vnnlib/pensieve_parallel_4.vnnlib: UNKNOWN (1.2s)  V=0 A=0 U=1 E=0  R=0\n\n[vnnlib/hybridz] FINAL \u2014 total=1 wall=0.0 min\n  UNKNOWN      1\n  [structured] per-instance log \u2192 /data1/Kane/ACT/audit_results/r93_rerun_20260525T083118Z/gpu_stream2_20260526T124338Z/nn4sys/per_instance_nn4sys_20260526T124411856272Z.json\n\n================================================================================\nVERIFICATION TEST SUMMARY\n================================================================================\n  \u2705 vnnlib                    PASSED\n================================================================================\n\n"
}
{
  "benchmark": "nn4sys",
  "instance_id": 5,
  "status": "OK",
  "cli_normalized": "OK",
  "wall_s": 4.003300796961412,
  "peak_rss_mb": 1589.44140625,
  "returncode": 0,
  "per_instance_json": "/data1/Kane/ACT/audit_results/r93_rerun_20260525T083118Z/gpu_stream2_20260526T124338Z/nn4sys/per_instance_nn4sys_20260526T124415512526Z.json",
  "out_dir": "/data1/Kane/ACT/audit_results/r93_rerun_20260525T083118Z/gpu_stream2_20260526T124338Z/nn4sys",
  "stdout_tail": " input shape: [1, 6, 8]\nINFO:act.front_end.vnnlib_loader.data_model_loader:  \u2713 Input shape: (1, 6, 8)\nINFO:act.front_end.vnnlib_loader.data_model_loader:[3/3] Parsing VNNLIB specification...\nINFO:act.front_end.vnnlib_loader.vnnlib_parser:Parsed VNNLIB: 48 inputs, 6 outputs, type=unknown\nINFO:act.front_end.vnnlib_loader.data_model_loader:  \u2713 Parsed VNNLIB: 48 inputs, 6 outputs\nINFO:act.front_end.vnnlib_loader.data_model_loader:Successfully loaded VNNLIB instance from 'nn4sys'\nINFO:act.front_end.vnnlib_loader.vnnlib_parser:Parsed pensieve_simple_5.vnnlib: 1 query(ies)\n[ACT] Using existing Gurobi license: modules/gurobi/gurobi.lic\n\u2705 Device Manager Initialized: device=cuda:0, dtype=torch.float64\n\n================================================================================\nACT: Abstract Constraint Transformer\nInference-based whitebox fuzzing for neural network verification\n================================================================================\n\n\n================================================================================\nVERIFICATION TEST: VNNLIB \u2192 VerifiableModel \u2192 verify_once\n================================================================================\n\n[vnnlib] category=nn4sys max_instances=1 mode=hybridz (full TOP1_ROBUST via labeled_tensor collapse; device=cuda, timeout=60.0s)\n  [  1/1] nn4sys/onnx/pensieve_small_simple.onnx@vnnlib/pensieve_simple_5.vnnlib: UNKNOWN (0.9s)  V=0 A=0 U=1 E=0  R=0\n\n[vnnlib/hybridz] FINAL \u2014 total=1 wall=0.0 min\n  UNKNOWN      1\n  [structured] per-instance log \u2192 /data1/Kane/ACT/audit_results/r93_rerun_20260525T083118Z/gpu_stream2_20260526T124338Z/nn4sys/per_instance_nn4sys_20260526T124415512526Z.json\n\n================================================================================\nVERIFICATION TEST SUMMARY\n================================================================================\n  \u2705 vnnlib                    PASSED\n================================================================================\n\n"
}
{
  "benchmark": "nn4sys",
  "instance_id": 6,
  "status": "OK",
  "cli_normalized": "OK",
  "wall_s": 10.005781547981314,
  "peak_rss_mb": 1893.7265625,
  "returncode": 0,
  "per_instance_json": "/data1/Kane/ACT/audit_results/r93_rerun_20260525T083118Z/gpu_stream2_20260526T124338Z/nn4sys/per_instance_nn4sys_20260526T124425524862Z.json",
  "out_dir": "/data1/Kane/ACT/audit_results/r93_rerun_20260525T083118Z/gpu_stream2_20260526T124338Z/nn4sys",
  "stdout_tail": "ed input shape: [1, 6, 8]\nINFO:act.front_end.vnnlib_loader.data_model_loader:  \u2713 Input shape: (1, 6, 8)\nINFO:act.front_end.vnnlib_loader.data_model_loader:[3/3] Parsing VNNLIB specification...\nINFO:act.front_end.vnnlib_loader.vnnlib_parser:Parsed VNNLIB: 48 inputs, 6 outputs, type=unknown\nINFO:act.front_end.vnnlib_loader.data_model_loader:  \u2713 Parsed VNNLIB: 48 inputs, 6 outputs\nINFO:act.front_end.vnnlib_loader.data_model_loader:Successfully loaded VNNLIB instance from 'nn4sys'\nINFO:act.front_end.vnnlib_loader.vnnlib_parser:Parsed pensieve_simple_6.vnnlib: 1 query(ies)\n[ACT] Using existing Gurobi license: modules/gurobi/gurobi.lic\n\u2705 Device Manager Initialized: device=cuda:0, dtype=torch.float64\n\n================================================================================\nACT: Abstract Constraint Transformer\nInference-based whitebox fuzzing for neural network verification\n================================================================================\n\n\n================================================================================\nVERIFICATION TEST: VNNLIB \u2192 VerifiableModel \u2192 verify_once\n================================================================================\n\n[vnnlib] category=nn4sys max_instances=1 mode=hybridz (full TOP1_ROBUST via labeled_tensor collapse; device=cuda, timeout=60.0s)\n  [  1/1] nn4sys/onnx/pensieve_mid_simple.onnx@vnnlib/pensieve_simple_6.vnnlib: UNKNOWN (6.9s)  V=0 A=0 U=1 E=0  R=0\n\n[vnnlib/hybridz] FINAL \u2014 total=1 wall=0.1 min\n  UNKNOWN      1\n  [structured] per-instance log \u2192 /data1/Kane/ACT/audit_results/r93_rerun_20260525T083118Z/gpu_stream2_20260526T124338Z/nn4sys/per_instance_nn4sys_20260526T124425524862Z.json\n\n================================================================================\nVERIFICATION TEST SUMMARY\n================================================================================\n  \u2705 vnnlib                    PASSED\n================================================================================\n\n"
}
{
  "benchmark": "nn4sys",
  "instance_id": 7,
  "status": "OK",
  "cli_normalized": "OK",
  "wall_s": 10.506631897995248,
  "peak_rss_mb": 1906.8046875,
  "returncode": 0,
  "per_instance_json": "/data1/Kane/ACT/audit_results/r93_rerun_20260525T083118Z/gpu_stream2_20260526T124338Z/nn4sys/per_instance_nn4sys_20260526T124435945193Z.json",
  "out_dir": "/data1/Kane/ACT/audit_results/r93_rerun_20260525T083118Z/gpu_stream2_20260526T124338Z/nn4sys",
  "stdout_tail": "ed input shape: [1, 6, 8]\nINFO:act.front_end.vnnlib_loader.data_model_loader:  \u2713 Input shape: (1, 6, 8)\nINFO:act.front_end.vnnlib_loader.data_model_loader:[3/3] Parsing VNNLIB specification...\nINFO:act.front_end.vnnlib_loader.vnnlib_parser:Parsed VNNLIB: 48 inputs, 6 outputs, type=unknown\nINFO:act.front_end.vnnlib_loader.data_model_loader:  \u2713 Parsed VNNLIB: 48 inputs, 6 outputs\nINFO:act.front_end.vnnlib_loader.data_model_loader:Successfully loaded VNNLIB instance from 'nn4sys'\nINFO:act.front_end.vnnlib_loader.vnnlib_parser:Parsed pensieve_simple_7.vnnlib: 1 query(ies)\n[ACT] Using existing Gurobi license: modules/gurobi/gurobi.lic\n\u2705 Device Manager Initialized: device=cuda:0, dtype=torch.float64\n\n================================================================================\nACT: Abstract Constraint Transformer\nInference-based whitebox fuzzing for neural network verification\n================================================================================\n\n\n================================================================================\nVERIFICATION TEST: VNNLIB \u2192 VerifiableModel \u2192 verify_once\n================================================================================\n\n[vnnlib] category=nn4sys max_instances=1 mode=hybridz (full TOP1_ROBUST via labeled_tensor collapse; device=cuda, timeout=60.0s)\n  [  1/1] nn4sys/onnx/pensieve_big_simple.onnx@vnnlib/pensieve_simple_7.vnnlib: UNKNOWN (7.3s)  V=0 A=0 U=1 E=0  R=0\n\n[vnnlib/hybridz] FINAL \u2014 total=1 wall=0.1 min\n  UNKNOWN      1\n  [structured] per-instance log \u2192 /data1/Kane/ACT/audit_results/r93_rerun_20260525T083118Z/gpu_stream2_20260526T124338Z/nn4sys/per_instance_nn4sys_20260526T124435945193Z.json\n\n================================================================================\nVERIFICATION TEST SUMMARY\n================================================================================\n  \u2705 vnnlib                    PASSED\n================================================================================\n\n"
}
{
  "benchmark": "nn4sys",
  "instance_id": 8,
  "status": "OK",
  "cli_normalized": "OK",
  "wall_s": 16.50974301493261,
  "peak_rss_mb": 2023.0234375,
  "returncode": 0,
  "per_instance_json": "/data1/Kane/ACT/audit_results/r93_rerun_20260525T083118Z/gpu_stream2_20260526T124338Z/nn4sys/per_instance_nn4sys_20260526T124452861015Z.json",
  "out_dir": "/data1/Kane/ACT/audit_results/r93_rerun_20260525T083118Z/gpu_stream2_20260526T124338Z/nn4sys",
  "stdout_tail": "lts may be incorrect.\nINFO:act.front_end.vnnlib_loader.data_model_loader:  \u2713 Input shape: (12, 8)\nINFO:act.front_end.vnnlib_loader.data_model_loader:[3/3] Parsing VNNLIB specification...\nINFO:act.front_end.vnnlib_loader.vnnlib_parser:Parsed VNNLIB: 96 inputs, 1 outputs, type=safety\nINFO:act.front_end.vnnlib_loader.data_model_loader:  \u2713 Parsed VNNLIB: 96 inputs, 1 outputs\nINFO:act.front_end.vnnlib_loader.data_model_loader:Successfully loaded VNNLIB instance from 'nn4sys'\nINFO:act.front_end.vnnlib_loader.vnnlib_parser:Parsed pensieve_parallel_8.vnnlib: 1 query(ies)\n[ACT] Using existing Gurobi license: modules/gurobi/gurobi.lic\n\u2705 Device Manager Initialized: device=cuda:0, dtype=torch.float64\n\n================================================================================\nACT: Abstract Constraint Transformer\nInference-based whitebox fuzzing for neural network verification\n================================================================================\n\n\n================================================================================\nVERIFICATION TEST: VNNLIB \u2192 VerifiableModel \u2192 verify_once\n================================================================================\n\n[vnnlib] category=nn4sys max_instances=1 mode=hybridz (full TOP1_ROBUST via labeled_tensor collapse; device=cuda, timeout=60.0s)\n  [  1/1] nn4sys/onnx/pensieve_big_parallel.onnx@vnnlib/pensieve_parallel_8.vnnlib: UNKNOWN (13.7s)  V=0 A=0 U=1 E=0  R=0\n\n[vnnlib/hybridz] FINAL \u2014 total=1 wall=0.2 min\n  UNKNOWN      1\n  [structured] per-instance log \u2192 /data1/Kane/ACT/audit_results/r93_rerun_20260525T083118Z/gpu_stream2_20260526T124338Z/nn4sys/per_instance_nn4sys_20260526T124452861015Z.json\n\n================================================================================\nVERIFICATION TEST SUMMARY\n================================================================================\n  \u2705 vnnlib                    PASSED\n================================================================================\n\n"
}
{
  "benchmark": "nn4sys",
  "instance_id": 9,
  "status": "OK",
  "cli_normalized": "OK",
  "wall_s": 4.002759090042673,
  "peak_rss_mb": 1593.71875,
  "returncode": 0,
  "per_instance_json": "/data1/Kane/ACT/audit_results/r93_rerun_20260525T083118Z/gpu_stream2_20260526T124338Z/nn4sys/per_instance_nn4sys_20260526T124456881868Z.json",
  "out_dir": "/data1/Kane/ACT/audit_results/r93_rerun_20260525T083118Z/gpu_stream2_20260526T124338Z/nn4sys",
  "stdout_tail": "ts may be incorrect.\nINFO:act.front_end.vnnlib_loader.data_model_loader:  \u2713 Input shape: (12, 8)\nINFO:act.front_end.vnnlib_loader.data_model_loader:[3/3] Parsing VNNLIB specification...\nINFO:act.front_end.vnnlib_loader.vnnlib_parser:Parsed VNNLIB: 96 inputs, 1 outputs, type=safety\nINFO:act.front_end.vnnlib_loader.data_model_loader:  \u2713 Parsed VNNLIB: 96 inputs, 1 outputs\nINFO:act.front_end.vnnlib_loader.data_model_loader:Successfully loaded VNNLIB instance from 'nn4sys'\nINFO:act.front_end.vnnlib_loader.vnnlib_parser:Parsed pensieve_parallel_9.vnnlib: 1 query(ies)\n[ACT] Using existing Gurobi license: modules/gurobi/gurobi.lic\n\u2705 Device Manager Initialized: device=cuda:0, dtype=torch.float64\n\n================================================================================\nACT: Abstract Constraint Transformer\nInference-based whitebox fuzzing for neural network verification\n================================================================================\n\n\n================================================================================\nVERIFICATION TEST: VNNLIB \u2192 VerifiableModel \u2192 verify_once\n================================================================================\n\n[vnnlib] category=nn4sys max_instances=1 mode=hybridz (full TOP1_ROBUST via labeled_tensor collapse; device=cuda, timeout=60.0s)\n  [  1/1] nn4sys/onnx/pensieve_small_parallel.onnx@vnnlib/pensieve_parallel_9.vnnlib: UNKNOWN (1.2s)  V=0 A=0 U=1 E=0  R=0\n\n[vnnlib/hybridz] FINAL \u2014 total=1 wall=0.0 min\n  UNKNOWN      1\n  [structured] per-instance log \u2192 /data1/Kane/ACT/audit_results/r93_rerun_20260525T083118Z/gpu_stream2_20260526T124338Z/nn4sys/per_instance_nn4sys_20260526T124456881868Z.json\n\n================================================================================\nVERIFICATION TEST SUMMARY\n================================================================================\n  \u2705 vnnlib                    PASSED\n================================================================================\n\n"
}
{
  "benchmark": "nn4sys",
  "instance_id": 10,
  "status": "OK",
  "cli_normalized": "OK",
  "wall_s": 10.005792972980998,
  "peak_rss_mb": 1899.57421875,
  "returncode": 0,
  "per_instance_json": "/data1/Kane/ACT/audit_results/r93_rerun_20260525T083118Z/gpu_stream2_20260526T124338Z/nn4sys/per_instance_nn4sys_20260526T124506766035Z.json",
  "out_dir": "/data1/Kane/ACT/audit_results/r93_rerun_20260525T083118Z/gpu_stream2_20260526T124338Z/nn4sys",
  "stdout_tail": " input shape: [1, 6, 8]\nINFO:act.front_end.vnnlib_loader.data_model_loader:  \u2713 Input shape: (1, 6, 8)\nINFO:act.front_end.vnnlib_loader.data_model_loader:[3/3] Parsing VNNLIB specification...\nINFO:act.front_end.vnnlib_loader.vnnlib_parser:Parsed VNNLIB: 48 inputs, 6 outputs, type=unknown\nINFO:act.front_end.vnnlib_loader.data_model_loader:  \u2713 Parsed VNNLIB: 48 inputs, 6 outputs\nINFO:act.front_end.vnnlib_loader.data_model_loader:Successfully loaded VNNLIB instance from 'nn4sys'\nINFO:act.front_end.vnnlib_loader.vnnlib_parser:Parsed pensieve_simple_10.vnnlib: 1 query(ies)\n[ACT] Using existing Gurobi license: modules/gurobi/gurobi.lic\n\u2705 Device Manager Initialized: device=cuda:0, dtype=torch.float64\n\n================================================================================\nACT: Abstract Constraint Transformer\nInference-based whitebox fuzzing for neural network verification\n================================================================================\n\n\n================================================================================\nVERIFICATION TEST: VNNLIB \u2192 VerifiableModel \u2192 verify_once\n================================================================================\n\n[vnnlib] category=nn4sys max_instances=1 mode=hybridz (full TOP1_ROBUST via labeled_tensor collapse; device=cuda, timeout=60.0s)\n  [  1/1] nn4sys/onnx/pensieve_big_simple.onnx@vnnlib/pensieve_simple_10.vnnlib: UNKNOWN (7.1s)  V=0 A=0 U=1 E=0  R=0\n\n[vnnlib/hybridz] FINAL \u2014 total=1 wall=0.1 min\n  UNKNOWN      1\n  [structured] per-instance log \u2192 /data1/Kane/ACT/audit_results/r93_rerun_20260525T083118Z/gpu_stream2_20260526T124338Z/nn4sys/per_instance_nn4sys_20260526T124506766035Z.json\n\n================================================================================\nVERIFICATION TEST SUMMARY\n================================================================================\n  \u2705 vnnlib                    PASSED\n================================================================================\n\n"
}
{
  "benchmark": "nn4sys",
  "instance_id": 11,
  "status": "OK",
  "cli_normalized": "OK",
  "wall_s": 9.506394085939974,
  "peak_rss_mb": 1897.1484375,
  "returncode": 0,
  "per_instance_json": "/data1/Kane/ACT/audit_results/r93_rerun_20260525T083118Z/gpu_stream2_20260526T124338Z/nn4sys/per_instance_nn4sys_20260526T124516241880Z.json",
  "out_dir": "/data1/Kane/ACT/audit_results/r93_rerun_20260525T083118Z/gpu_stream2_20260526T124338Z/nn4sys",
  "stdout_tail": " input shape: [1, 6, 8]\nINFO:act.front_end.vnnlib_loader.data_model_loader:  \u2713 Input shape: (1, 6, 8)\nINFO:act.front_end.vnnlib_loader.data_model_loader:[3/3] Parsing VNNLIB specification...\nINFO:act.front_end.vnnlib_loader.vnnlib_parser:Parsed VNNLIB: 48 inputs, 6 outputs, type=unknown\nINFO:act.front_end.vnnlib_loader.data_model_loader:  \u2713 Parsed VNNLIB: 48 inputs, 6 outputs\nINFO:act.front_end.vnnlib_loader.data_model_loader:Successfully loaded VNNLIB instance from 'nn4sys'\nINFO:act.front_end.vnnlib_loader.vnnlib_parser:Parsed pensieve_simple_11.vnnlib: 1 query(ies)\n[ACT] Using existing Gurobi license: modules/gurobi/gurobi.lic\n\u2705 Device Manager Initialized: device=cuda:0, dtype=torch.float64\n\n================================================================================\nACT: Abstract Constraint Transformer\nInference-based whitebox fuzzing for neural network verification\n================================================================================\n\n\n================================================================================\nVERIFICATION TEST: VNNLIB \u2192 VerifiableModel \u2192 verify_once\n================================================================================\n\n[vnnlib] category=nn4sys max_instances=1 mode=hybridz (full TOP1_ROBUST via labeled_tensor collapse; device=cuda, timeout=60.0s)\n  [  1/1] nn4sys/onnx/pensieve_mid_simple.onnx@vnnlib/pensieve_simple_11.vnnlib: UNKNOWN (6.6s)  V=0 A=0 U=1 E=0  R=0\n\n[vnnlib/hybridz] FINAL \u2014 total=1 wall=0.1 min\n  UNKNOWN      1\n  [structured] per-instance log \u2192 /data1/Kane/ACT/audit_results/r93_rerun_20260525T083118Z/gpu_stream2_20260526T124338Z/nn4sys/per_instance_nn4sys_20260526T124516241880Z.json\n\n================================================================================\nVERIFICATION TEST SUMMARY\n================================================================================\n  \u2705 vnnlib                    PASSED\n================================================================================\n\n"
}
{
  "benchmark": "nn4sys",
  "instance_id": 12,
  "status": "OK",
  "cli_normalized": "OK",
  "wall_s": 10.006567626958713,
  "peak_rss_mb": 1891.89453125,
  "returncode": 0,
  "per_instance_json": "/data1/Kane/ACT/audit_results/r93_rerun_20260525T083118Z/gpu_stream2_20260526T124338Z/nn4sys/per_instance_nn4sys_20260526T124526236948Z.json",
  "out_dir": "/data1/Kane/ACT/audit_results/r93_rerun_20260525T083118Z/gpu_stream2_20260526T124338Z/nn4sys",
  "stdout_tail": " input shape: [1, 6, 8]\nINFO:act.front_end.vnnlib_loader.data_model_loader:  \u2713 Input shape: (1, 6, 8)\nINFO:act.front_end.vnnlib_loader.data_model_loader:[3/3] Parsing VNNLIB specification...\nINFO:act.front_end.vnnlib_loader.vnnlib_parser:Parsed VNNLIB: 48 inputs, 6 outputs, type=unknown\nINFO:act.front_end.vnnlib_loader.data_model_loader:  \u2713 Parsed VNNLIB: 48 inputs, 6 outputs\nINFO:act.front_end.vnnlib_loader.data_model_loader:Successfully loaded VNNLIB instance from 'nn4sys'\nINFO:act.front_end.vnnlib_loader.vnnlib_parser:Parsed pensieve_simple_12.vnnlib: 1 query(ies)\n[ACT] Using existing Gurobi license: modules/gurobi/gurobi.lic\n\u2705 Device Manager Initialized: device=cuda:0, dtype=torch.float64\n\n================================================================================\nACT: Abstract Constraint Transformer\nInference-based whitebox fuzzing for neural network verification\n================================================================================\n\n\n================================================================================\nVERIFICATION TEST: VNNLIB \u2192 VerifiableModel \u2192 verify_once\n================================================================================\n\n[vnnlib] category=nn4sys max_instances=1 mode=hybridz (full TOP1_ROBUST via labeled_tensor collapse; device=cuda, timeout=60.0s)\n  [  1/1] nn4sys/onnx/pensieve_big_simple.onnx@vnnlib/pensieve_simple_12.vnnlib: UNKNOWN (7.0s)  V=0 A=0 U=1 E=0  R=0\n\n[vnnlib/hybridz] FINAL \u2014 total=1 wall=0.1 min\n  UNKNOWN      1\n  [structured] per-instance log \u2192 /data1/Kane/ACT/audit_results/r93_rerun_20260525T083118Z/gpu_stream2_20260526T124338Z/nn4sys/per_instance_nn4sys_20260526T124526236948Z.json\n\n================================================================================\nVERIFICATION TEST SUMMARY\n================================================================================\n  \u2705 vnnlib                    PASSED\n================================================================================\n\n"
}
{
  "benchmark": "nn4sys",
  "instance_id": 13,
  "status": "OK",
  "cli_normalized": "OK",
  "wall_s": 3.502158566028811,
  "peak_rss_mb": 1590.19921875,
  "returncode": 0,
  "per_instance_json": "/data1/Kane/ACT/audit_results/r93_rerun_20260525T083118Z/gpu_stream2_20260526T124338Z/nn4sys/per_instance_nn4sys_20260526T124530009945Z.json",
  "out_dir": "/data1/Kane/ACT/audit_results/r93_rerun_20260525T083118Z/gpu_stream2_20260526T124338Z/nn4sys",
  "stdout_tail": "nput shape: [1, 6, 8]\nINFO:act.front_end.vnnlib_loader.data_model_loader:  \u2713 Input shape: (1, 6, 8)\nINFO:act.front_end.vnnlib_loader.data_model_loader:[3/3] Parsing VNNLIB specification...\nINFO:act.front_end.vnnlib_loader.vnnlib_parser:Parsed VNNLIB: 48 inputs, 6 outputs, type=unknown\nINFO:act.front_end.vnnlib_loader.data_model_loader:  \u2713 Parsed VNNLIB: 48 inputs, 6 outputs\nINFO:act.front_end.vnnlib_loader.data_model_loader:Successfully loaded VNNLIB instance from 'nn4sys'\nINFO:act.front_end.vnnlib_loader.vnnlib_parser:Parsed pensieve_simple_13.vnnlib: 1 query(ies)\n[ACT] Using existing Gurobi license: modules/gurobi/gurobi.lic\n\u2705 Device Manager Initialized: device=cuda:0, dtype=torch.float64\n\n================================================================================\nACT: Abstract Constraint Transformer\nInference-based whitebox fuzzing for neural network verification\n================================================================================\n\n\n================================================================================\nVERIFICATION TEST: VNNLIB \u2192 VerifiableModel \u2192 verify_once\n================================================================================\n\n[vnnlib] category=nn4sys max_instances=1 mode=hybridz (full TOP1_ROBUST via labeled_tensor collapse; device=cuda, timeout=60.0s)\n  [  1/1] nn4sys/onnx/pensieve_small_simple.onnx@vnnlib/pensieve_simple_13.vnnlib: UNKNOWN (0.8s)  V=0 A=0 U=1 E=0  R=0\n\n[vnnlib/hybridz] FINAL \u2014 total=1 wall=0.0 min\n  UNKNOWN      1\n  [structured] per-instance log \u2192 /data1/Kane/ACT/audit_results/r93_rerun_20260525T083118Z/gpu_stream2_20260526T124338Z/nn4sys/per_instance_nn4sys_20260526T124530009945Z.json\n\n================================================================================\nVERIFICATION TEST SUMMARY\n================================================================================\n  \u2705 vnnlib                    PASSED\n================================================================================\n\n"
}
{
  "benchmark": "nn4sys",
  "instance_id": 14,
  "status": "OK",
  "cli_normalized": "OK",
  "wall_s": 10.00653974909801,
  "peak_rss_mb": 1898.90625,
  "returncode": 0,
  "per_instance_json": "/data1/Kane/ACT/audit_results/r93_rerun_20260525T083118Z/gpu_stream2_20260526T124338Z/nn4sys/per_instance_nn4sys_20260526T124539597260Z.json",
  "out_dir": "/data1/Kane/ACT/audit_results/r93_rerun_20260525T083118Z/gpu_stream2_20260526T124338Z/nn4sys",
  "stdout_tail": " input shape: [1, 6, 8]\nINFO:act.front_end.vnnlib_loader.data_model_loader:  \u2713 Input shape: (1, 6, 8)\nINFO:act.front_end.vnnlib_loader.data_model_loader:[3/3] Parsing VNNLIB specification...\nINFO:act.front_end.vnnlib_loader.vnnlib_parser:Parsed VNNLIB: 48 inputs, 6 outputs, type=unknown\nINFO:act.front_end.vnnlib_loader.data_model_loader:  \u2713 Parsed VNNLIB: 48 inputs, 6 outputs\nINFO:act.front_end.vnnlib_loader.data_model_loader:Successfully loaded VNNLIB instance from 'nn4sys'\nINFO:act.front_end.vnnlib_loader.vnnlib_parser:Parsed pensieve_simple_14.vnnlib: 1 query(ies)\n[ACT] Using existing Gurobi license: modules/gurobi/gurobi.lic\n\u2705 Device Manager Initialized: device=cuda:0, dtype=torch.float64\n\n================================================================================\nACT: Abstract Constraint Transformer\nInference-based whitebox fuzzing for neural network verification\n================================================================================\n\n\n================================================================================\nVERIFICATION TEST: VNNLIB \u2192 VerifiableModel \u2192 verify_once\n================================================================================\n\n[vnnlib] category=nn4sys max_instances=1 mode=hybridz (full TOP1_ROBUST via labeled_tensor collapse; device=cuda, timeout=60.0s)\n  [  1/1] nn4sys/onnx/pensieve_big_simple.onnx@vnnlib/pensieve_simple_14.vnnlib: UNKNOWN (7.0s)  V=0 A=0 U=1 E=0  R=0\n\n[vnnlib/hybridz] FINAL \u2014 total=1 wall=0.1 min\n  UNKNOWN      1\n  [structured] per-instance log \u2192 /data1/Kane/ACT/audit_results/r93_rerun_20260525T083118Z/gpu_stream2_20260526T124338Z/nn4sys/per_instance_nn4sys_20260526T124539597260Z.json\n\n================================================================================\nVERIFICATION TEST SUMMARY\n================================================================================\n  \u2705 vnnlib                    PASSED\n================================================================================\n\n"
}
{
  "benchmark": "nn4sys",
  "instance_id": 15,
  "status": "OK",
  "cli_normalized": "OK",
  "wall_s": 3.502513304934837,
  "peak_rss_mb": 1589.3828125,
  "returncode": 0,
  "per_instance_json": "/data1/Kane/ACT/audit_results/r93_rerun_20260525T083118Z/gpu_stream2_20260526T124338Z/nn4sys/per_instance_nn4sys_20260526T124543451840Z.json",
  "out_dir": "/data1/Kane/ACT/audit_results/r93_rerun_20260525T083118Z/gpu_stream2_20260526T124338Z/nn4sys",
  "stdout_tail": "nput shape: [1, 6, 8]\nINFO:act.front_end.vnnlib_loader.data_model_loader:  \u2713 Input shape: (1, 6, 8)\nINFO:act.front_end.vnnlib_loader.data_model_loader:[3/3] Parsing VNNLIB specification...\nINFO:act.front_end.vnnlib_loader.vnnlib_parser:Parsed VNNLIB: 48 inputs, 6 outputs, type=unknown\nINFO:act.front_end.vnnlib_loader.data_model_loader:  \u2713 Parsed VNNLIB: 48 inputs, 6 outputs\nINFO:act.front_end.vnnlib_loader.data_model_loader:Successfully loaded VNNLIB instance from 'nn4sys'\nINFO:act.front_end.vnnlib_loader.vnnlib_parser:Parsed pensieve_simple_15.vnnlib: 1 query(ies)\n[ACT] Using existing Gurobi license: modules/gurobi/gurobi.lic\n\u2705 Device Manager Initialized: device=cuda:0, dtype=torch.float64\n\n================================================================================\nACT: Abstract Constraint Transformer\nInference-based whitebox fuzzing for neural network verification\n================================================================================\n\n\n================================================================================\nVERIFICATION TEST: VNNLIB \u2192 VerifiableModel \u2192 verify_once\n================================================================================\n\n[vnnlib] category=nn4sys max_instances=1 mode=hybridz (full TOP1_ROBUST via labeled_tensor collapse; device=cuda, timeout=60.0s)\n  [  1/1] nn4sys/onnx/pensieve_small_simple.onnx@vnnlib/pensieve_simple_15.vnnlib: UNKNOWN (0.8s)  V=0 A=0 U=1 E=0  R=0\n\n[vnnlib/hybridz] FINAL \u2014 total=1 wall=0.0 min\n  UNKNOWN      1\n  [structured] per-instance log \u2192 /data1/Kane/ACT/audit_results/r93_rerun_20260525T083118Z/gpu_stream2_20260526T124338Z/nn4sys/per_instance_nn4sys_20260526T124543451840Z.json\n\n================================================================================\nVERIFICATION TEST SUMMARY\n================================================================================\n  \u2705 vnnlib                    PASSED\n================================================================================\n\n"
}
{
  "benchmark": "nn4sys",
  "instance_id": 16,
  "status": "OK",
  "cli_normalized": "OK",
  "wall_s": 3.5026025529950857,
  "peak_rss_mb": 1589.36328125,
  "returncode": 0,
  "per_instance_json": "/data1/Kane/ACT/audit_results/r93_rerun_20260525T083118Z/gpu_stream2_20260526T124338Z/nn4sys/per_instance_nn4sys_20260526T124546947240Z.json",
  "out_dir": "/data1/Kane/ACT/audit_results/r93_rerun_20260525T083118Z/gpu_stream2_20260526T124338Z/nn4sys",
  "stdout_tail": "nput shape: [1, 6, 8]\nINFO:act.front_end.vnnlib_loader.data_model_loader:  \u2713 Input shape: (1, 6, 8)\nINFO:act.front_end.vnnlib_loader.data_model_loader:[3/3] Parsing VNNLIB specification...\nINFO:act.front_end.vnnlib_loader.vnnlib_parser:Parsed VNNLIB: 48 inputs, 6 outputs, type=unknown\nINFO:act.front_end.vnnlib_loader.data_model_loader:  \u2713 Parsed VNNLIB: 48 inputs, 6 outputs\nINFO:act.front_end.vnnlib_loader.data_model_loader:Successfully loaded VNNLIB instance from 'nn4sys'\nINFO:act.front_end.vnnlib_loader.vnnlib_parser:Parsed pensieve_simple_16.vnnlib: 1 query(ies)\n[ACT] Using existing Gurobi license: modules/gurobi/gurobi.lic\n\u2705 Device Manager Initialized: device=cuda:0, dtype=torch.float64\n\n================================================================================\nACT: Abstract Constraint Transformer\nInference-based whitebox fuzzing for neural network verification\n================================================================================\n\n\n================================================================================\nVERIFICATION TEST: VNNLIB \u2192 VerifiableModel \u2192 verify_once\n================================================================================\n\n[vnnlib] category=nn4sys max_instances=1 mode=hybridz (full TOP1_ROBUST via labeled_tensor collapse; device=cuda, timeout=60.0s)\n  [  1/1] nn4sys/onnx/pensieve_small_simple.onnx@vnnlib/pensieve_simple_16.vnnlib: UNKNOWN (0.8s)  V=0 A=0 U=1 E=0  R=0\n\n[vnnlib/hybridz] FINAL \u2014 total=1 wall=0.0 min\n  UNKNOWN      1\n  [structured] per-instance log \u2192 /data1/Kane/ACT/audit_results/r93_rerun_20260525T083118Z/gpu_stream2_20260526T124338Z/nn4sys/per_instance_nn4sys_20260526T124546947240Z.json\n\n================================================================================\nVERIFICATION TEST SUMMARY\n================================================================================\n  \u2705 vnnlib                    PASSED\n================================================================================\n\n"
}
{
  "benchmark": "nn4sys",
  "instance_id": 17,
  "status": "OK",
  "cli_normalized": "OK",
  "wall_s": 4.002641453989781,
  "peak_rss_mb": 1599.37890625,
  "returncode": 0,
  "per_instance_json": "/data1/Kane/ACT/audit_results/r93_rerun_20260525T083118Z/gpu_stream2_20260526T124338Z/nn4sys/per_instance_nn4sys_20260526T124550872985Z.json",
  "out_dir": "/data1/Kane/ACT/audit_results/r93_rerun_20260525T083118Z/gpu_stream2_20260526T124338Z/nn4sys",
  "stdout_tail": " may be incorrect.\nINFO:act.front_end.vnnlib_loader.data_model_loader:  \u2713 Input shape: (12, 8)\nINFO:act.front_end.vnnlib_loader.data_model_loader:[3/3] Parsing VNNLIB specification...\nINFO:act.front_end.vnnlib_loader.vnnlib_parser:Parsed VNNLIB: 96 inputs, 1 outputs, type=safety\nINFO:act.front_end.vnnlib_loader.data_model_loader:  \u2713 Parsed VNNLIB: 96 inputs, 1 outputs\nINFO:act.front_end.vnnlib_loader.data_model_loader:Successfully loaded VNNLIB instance from 'nn4sys'\nINFO:act.front_end.vnnlib_loader.vnnlib_parser:Parsed pensieve_parallel_17.vnnlib: 1 query(ies)\n[ACT] Using existing Gurobi license: modules/gurobi/gurobi.lic\n\u2705 Device Manager Initialized: device=cuda:0, dtype=torch.float64\n\n================================================================================\nACT: Abstract Constraint Transformer\nInference-based whitebox fuzzing for neural network verification\n================================================================================\n\n\n================================================================================\nVERIFICATION TEST: VNNLIB \u2192 VerifiableModel \u2192 verify_once\n================================================================================\n\n[vnnlib] category=nn4sys max_instances=1 mode=hybridz (full TOP1_ROBUST via labeled_tensor collapse; device=cuda, timeout=60.0s)\n  [  1/1] nn4sys/onnx/pensieve_small_parallel.onnx@vnnlib/pensieve_parallel_17.vnnlib: UNKNOWN (1.2s)  V=0 A=0 U=1 E=0  R=0\n\n[vnnlib/hybridz] FINAL \u2014 total=1 wall=0.0 min\n  UNKNOWN      1\n  [structured] per-instance log \u2192 /data1/Kane/ACT/audit_results/r93_rerun_20260525T083118Z/gpu_stream2_20260526T124338Z/nn4sys/per_instance_nn4sys_20260526T124550872985Z.json\n\n================================================================================\nVERIFICATION TEST SUMMARY\n================================================================================\n  \u2705 vnnlib                    PASSED\n================================================================================\n\n"
}
{
  "benchmark": "nn4sys",
  "instance_id": 18,
  "status": "OK",
  "cli_normalized": "OK",
  "wall_s": 3.5017879550578073,
  "peak_rss_mb": 1589.21484375,
  "returncode": 0,
  "per_instance_json": "/data1/Kane/ACT/audit_results/r93_rerun_20260525T083118Z/gpu_stream2_20260526T124338Z/nn4sys/per_instance_nn4sys_20260526T124554506738Z.json",
  "out_dir": "/data1/Kane/ACT/audit_results/r93_rerun_20260525T083118Z/gpu_stream2_20260526T124338Z/nn4sys",
  "stdout_tail": "nput shape: [1, 6, 8]\nINFO:act.front_end.vnnlib_loader.data_model_loader:  \u2713 Input shape: (1, 6, 8)\nINFO:act.front_end.vnnlib_loader.data_model_loader:[3/3] Parsing VNNLIB specification...\nINFO:act.front_end.vnnlib_loader.vnnlib_parser:Parsed VNNLIB: 48 inputs, 6 outputs, type=unknown\nINFO:act.front_end.vnnlib_loader.data_model_loader:  \u2713 Parsed VNNLIB: 48 inputs, 6 outputs\nINFO:act.front_end.vnnlib_loader.data_model_loader:Successfully loaded VNNLIB instance from 'nn4sys'\nINFO:act.front_end.vnnlib_loader.vnnlib_parser:Parsed pensieve_simple_18.vnnlib: 1 query(ies)\n[ACT] Using existing Gurobi license: modules/gurobi/gurobi.lic\n\u2705 Device Manager Initialized: device=cuda:0, dtype=torch.float64\n\n================================================================================\nACT: Abstract Constraint Transformer\nInference-based whitebox fuzzing for neural network verification\n================================================================================\n\n\n================================================================================\nVERIFICATION TEST: VNNLIB \u2192 VerifiableModel \u2192 verify_once\n================================================================================\n\n[vnnlib] category=nn4sys max_instances=1 mode=hybridz (full TOP1_ROBUST via labeled_tensor collapse; device=cuda, timeout=60.0s)\n  [  1/1] nn4sys/onnx/pensieve_small_simple.onnx@vnnlib/pensieve_simple_18.vnnlib: UNKNOWN (0.8s)  V=0 A=0 U=1 E=0  R=0\n\n[vnnlib/hybridz] FINAL \u2014 total=1 wall=0.0 min\n  UNKNOWN      1\n  [structured] per-instance log \u2192 /data1/Kane/ACT/audit_results/r93_rerun_20260525T083118Z/gpu_stream2_20260526T124338Z/nn4sys/per_instance_nn4sys_20260526T124554506738Z.json\n\n================================================================================\nVERIFICATION TEST SUMMARY\n================================================================================\n  \u2705 vnnlib                    PASSED\n================================================================================\n\n"
}
{
  "benchmark": "nn4sys",
  "instance_id": 19,
  "status": "OK",
  "cli_normalized": "OK",
  "wall_s": 4.002635832992382,
  "peak_rss_mb": 1637.359375,
  "returncode": 0,
  "per_instance_json": "/data1/Kane/ACT/audit_results/r93_rerun_20260525T083118Z/gpu_stream2_20260526T124338Z/nn4sys/per_instance_nn4sys_20260526T124558412235Z.json",
  "out_dir": "/data1/Kane/ACT/audit_results/r93_rerun_20260525T083118Z/gpu_stream2_20260526T124338Z/nn4sys",
  "stdout_tail": " may be incorrect.\nINFO:act.front_end.vnnlib_loader.data_model_loader:  \u2713 Input shape: (12, 8)\nINFO:act.front_end.vnnlib_loader.data_model_loader:[3/3] Parsing VNNLIB specification...\nINFO:act.front_end.vnnlib_loader.vnnlib_parser:Parsed VNNLIB: 96 inputs, 1 outputs, type=safety\nINFO:act.front_end.vnnlib_loader.data_model_loader:  \u2713 Parsed VNNLIB: 96 inputs, 1 outputs\nINFO:act.front_end.vnnlib_loader.data_model_loader:Successfully loaded VNNLIB instance from 'nn4sys'\nINFO:act.front_end.vnnlib_loader.vnnlib_parser:Parsed pensieve_parallel_19.vnnlib: 1 query(ies)\n[ACT] Using existing Gurobi license: modules/gurobi/gurobi.lic\n\u2705 Device Manager Initialized: device=cuda:0, dtype=torch.float64\n\n================================================================================\nACT: Abstract Constraint Transformer\nInference-based whitebox fuzzing for neural network verification\n================================================================================\n\n\n================================================================================\nVERIFICATION TEST: VNNLIB \u2192 VerifiableModel \u2192 verify_once\n================================================================================\n\n[vnnlib] category=nn4sys max_instances=1 mode=hybridz (full TOP1_ROBUST via labeled_tensor collapse; device=cuda, timeout=60.0s)\n  [  1/1] nn4sys/onnx/pensieve_small_parallel.onnx@vnnlib/pensieve_parallel_19.vnnlib: UNKNOWN (1.2s)  V=0 A=0 U=1 E=0  R=0\n\n[vnnlib/hybridz] FINAL \u2014 total=1 wall=0.0 min\n  UNKNOWN      1\n  [structured] per-instance log \u2192 /data1/Kane/ACT/audit_results/r93_rerun_20260525T083118Z/gpu_stream2_20260526T124338Z/nn4sys/per_instance_nn4sys_20260526T124558412235Z.json\n\n================================================================================\nVERIFICATION TEST SUMMARY\n================================================================================\n  \u2705 vnnlib                    PASSED\n================================================================================\n\n"
}
{
  "benchmark": "nn4sys",
  "instance_id": 20,
  "status": "OK",
  "cli_normalized": "OK",
  "wall_s": 4.002345656044781,
  "peak_rss_mb": 1594.6484375,
  "returncode": 0,
  "per_instance_json": "/data1/Kane/ACT/audit_results/r93_rerun_20260525T083118Z/gpu_stream2_20260526T124338Z/nn4sys/per_instance_nn4sys_20260526T124602351233Z.json",
  "out_dir": "/data1/Kane/ACT/audit_results/r93_rerun_20260525T083118Z/gpu_stream2_20260526T124338Z/nn4sys",
  "stdout_tail": " may be incorrect.\nINFO:act.front_end.vnnlib_loader.data_model_loader:  \u2713 Input shape: (12, 8)\nINFO:act.front_end.vnnlib_loader.data_model_loader:[3/3] Parsing VNNLIB specification...\nINFO:act.front_end.vnnlib_loader.vnnlib_parser:Parsed VNNLIB: 96 inputs, 1 outputs, type=safety\nINFO:act.front_end.vnnlib_loader.data_model_loader:  \u2713 Parsed VNNLIB: 96 inputs, 1 outputs\nINFO:act.front_end.vnnlib_loader.data_model_loader:Successfully loaded VNNLIB instance from 'nn4sys'\nINFO:act.front_end.vnnlib_loader.vnnlib_parser:Parsed pensieve_parallel_20.vnnlib: 1 query(ies)\n[ACT] Using existing Gurobi license: modules/gurobi/gurobi.lic\n\u2705 Device Manager Initialized: device=cuda:0, dtype=torch.float64\n\n================================================================================\nACT: Abstract Constraint Transformer\nInference-based whitebox fuzzing for neural network verification\n================================================================================\n\n\n================================================================================\nVERIFICATION TEST: VNNLIB \u2192 VerifiableModel \u2192 verify_once\n================================================================================\n\n[vnnlib] category=nn4sys max_instances=1 mode=hybridz (full TOP1_ROBUST via labeled_tensor collapse; device=cuda, timeout=60.0s)\n  [  1/1] nn4sys/onnx/pensieve_small_parallel.onnx@vnnlib/pensieve_parallel_20.vnnlib: UNKNOWN (1.2s)  V=0 A=0 U=1 E=0  R=0\n\n[vnnlib/hybridz] FINAL \u2014 total=1 wall=0.0 min\n  UNKNOWN      1\n  [structured] per-instance log \u2192 /data1/Kane/ACT/audit_results/r93_rerun_20260525T083118Z/gpu_stream2_20260526T124338Z/nn4sys/per_instance_nn4sys_20260526T124602351233Z.json\n\n================================================================================\nVERIFICATION TEST SUMMARY\n================================================================================\n  \u2705 vnnlib                    PASSED\n================================================================================\n\n"
}
{
  "benchmark": "nn4sys",
  "instance_id": 21,
  "status": "OK",
  "cli_normalized": "OK",
  "wall_s": 9.505154145997949,
  "peak_rss_mb": 1891.26953125,
  "returncode": 0,
  "per_instance_json": "/data1/Kane/ACT/audit_results/r93_rerun_20260525T083118Z/gpu_stream2_20260526T124338Z/nn4sys/per_instance_nn4sys_20260526T124611813970Z.json",
  "out_dir": "/data1/Kane/ACT/audit_results/r93_rerun_20260525T083118Z/gpu_stream2_20260526T124338Z/nn4sys",
  "stdout_tail": " input shape: [1, 6, 8]\nINFO:act.front_end.vnnlib_loader.data_model_loader:  \u2713 Input shape: (1, 6, 8)\nINFO:act.front_end.vnnlib_loader.data_model_loader:[3/3] Parsing VNNLIB specification...\nINFO:act.front_end.vnnlib_loader.vnnlib_parser:Parsed VNNLIB: 48 inputs, 6 outputs, type=unknown\nINFO:act.front_end.vnnlib_loader.data_model_loader:  \u2713 Parsed VNNLIB: 48 inputs, 6 outputs\nINFO:act.front_end.vnnlib_loader.data_model_loader:Successfully loaded VNNLIB instance from 'nn4sys'\nINFO:act.front_end.vnnlib_loader.vnnlib_parser:Parsed pensieve_simple_21.vnnlib: 1 query(ies)\n[ACT] Using existing Gurobi license: modules/gurobi/gurobi.lic\n\u2705 Device Manager Initialized: device=cuda:0, dtype=torch.float64\n\n================================================================================\nACT: Abstract Constraint Transformer\nInference-based whitebox fuzzing for neural network verification\n================================================================================\n\n\n================================================================================\nVERIFICATION TEST: VNNLIB \u2192 VerifiableModel \u2192 verify_once\n================================================================================\n\n[vnnlib] category=nn4sys max_instances=1 mode=hybridz (full TOP1_ROBUST via labeled_tensor collapse; device=cuda, timeout=60.0s)\n  [  1/1] nn4sys/onnx/pensieve_mid_simple.onnx@vnnlib/pensieve_simple_21.vnnlib: UNKNOWN (6.7s)  V=0 A=0 U=1 E=0  R=0\n\n[vnnlib/hybridz] FINAL \u2014 total=1 wall=0.1 min\n  UNKNOWN      1\n  [structured] per-instance log \u2192 /data1/Kane/ACT/audit_results/r93_rerun_20260525T083118Z/gpu_stream2_20260526T124338Z/nn4sys/per_instance_nn4sys_20260526T124611813970Z.json\n\n================================================================================\nVERIFICATION TEST SUMMARY\n================================================================================\n  \u2705 vnnlib                    PASSED\n================================================================================\n\n"
}
{
  "benchmark": "nn4sys",
  "instance_id": 22,
  "status": "OK",
  "cli_normalized": "OK",
  "wall_s": 10.005767727037892,
  "peak_rss_mb": 1898.19921875,
  "returncode": 0,
  "per_instance_json": "/data1/Kane/ACT/audit_results/r93_rerun_20260525T083118Z/gpu_stream2_20260526T124338Z/nn4sys/per_instance_nn4sys_20260526T124621588076Z.json",
  "out_dir": "/data1/Kane/ACT/audit_results/r93_rerun_20260525T083118Z/gpu_stream2_20260526T124338Z/nn4sys",
  "stdout_tail": " input shape: [1, 6, 8]\nINFO:act.front_end.vnnlib_loader.data_model_loader:  \u2713 Input shape: (1, 6, 8)\nINFO:act.front_end.vnnlib_loader.data_model_loader:[3/3] Parsing VNNLIB specification...\nINFO:act.front_end.vnnlib_loader.vnnlib_parser:Parsed VNNLIB: 48 inputs, 6 outputs, type=unknown\nINFO:act.front_end.vnnlib_loader.data_model_loader:  \u2713 Parsed VNNLIB: 48 inputs, 6 outputs\nINFO:act.front_end.vnnlib_loader.data_model_loader:Successfully loaded VNNLIB instance from 'nn4sys'\nINFO:act.front_end.vnnlib_loader.vnnlib_parser:Parsed pensieve_simple_22.vnnlib: 1 query(ies)\n[ACT] Using existing Gurobi license: modules/gurobi/gurobi.lic\n\u2705 Device Manager Initialized: device=cuda:0, dtype=torch.float64\n\n================================================================================\nACT: Abstract Constraint Transformer\nInference-based whitebox fuzzing for neural network verification\n================================================================================\n\n\n================================================================================\nVERIFICATION TEST: VNNLIB \u2192 VerifiableModel \u2192 verify_once\n================================================================================\n\n[vnnlib] category=nn4sys max_instances=1 mode=hybridz (full TOP1_ROBUST via labeled_tensor collapse; device=cuda, timeout=60.0s)\n  [  1/1] nn4sys/onnx/pensieve_big_simple.onnx@vnnlib/pensieve_simple_22.vnnlib: UNKNOWN (6.9s)  V=0 A=0 U=1 E=0  R=0\n\n[vnnlib/hybridz] FINAL \u2014 total=1 wall=0.1 min\n  UNKNOWN      1\n  [structured] per-instance log \u2192 /data1/Kane/ACT/audit_results/r93_rerun_20260525T083118Z/gpu_stream2_20260526T124338Z/nn4sys/per_instance_nn4sys_20260526T124621588076Z.json\n\n================================================================================\nVERIFICATION TEST SUMMARY\n================================================================================\n  \u2705 vnnlib                    PASSED\n================================================================================\n\n"
}
{
  "benchmark": "nn4sys",
  "instance_id": 23,
  "status": "OK",
  "cli_normalized": "OK",
  "wall_s": 16.511309774010442,
  "peak_rss_mb": 1897.5,
  "returncode": 0,
  "per_instance_json": "/data1/Kane/ACT/audit_results/r93_rerun_20260525T083118Z/gpu_stream2_20260526T124338Z/nn4sys/per_instance_nn4sys_20260526T124638211443Z.json",
  "out_dir": "/data1/Kane/ACT/audit_results/r93_rerun_20260525T083118Z/gpu_stream2_20260526T124338Z/nn4sys",
  "stdout_tail": "s may be incorrect.\nINFO:act.front_end.vnnlib_loader.data_model_loader:  \u2713 Input shape: (12, 8)\nINFO:act.front_end.vnnlib_loader.data_model_loader:[3/3] Parsing VNNLIB specification...\nINFO:act.front_end.vnnlib_loader.vnnlib_parser:Parsed VNNLIB: 96 inputs, 1 outputs, type=safety\nINFO:act.front_end.vnnlib_loader.data_model_loader:  \u2713 Parsed VNNLIB: 96 inputs, 1 outputs\nINFO:act.front_end.vnnlib_loader.data_model_loader:Successfully loaded VNNLIB instance from 'nn4sys'\nINFO:act.front_end.vnnlib_loader.vnnlib_parser:Parsed pensieve_parallel_23.vnnlib: 1 query(ies)\n[ACT] Using existing Gurobi license: modules/gurobi/gurobi.lic\n\u2705 Device Manager Initialized: device=cuda:0, dtype=torch.float64\n\n================================================================================\nACT: Abstract Constraint Transformer\nInference-based whitebox fuzzing for neural network verification\n================================================================================\n\n\n================================================================================\nVERIFICATION TEST: VNNLIB \u2192 VerifiableModel \u2192 verify_once\n================================================================================\n\n[vnnlib] category=nn4sys max_instances=1 mode=hybridz (full TOP1_ROBUST via labeled_tensor collapse; device=cuda, timeout=60.0s)\n  [  1/1] nn4sys/onnx/pensieve_big_parallel.onnx@vnnlib/pensieve_parallel_23.vnnlib: UNKNOWN (13.5s)  V=0 A=0 U=1 E=0  R=0\n\n[vnnlib/hybridz] FINAL \u2014 total=1 wall=0.2 min\n  UNKNOWN      1\n  [structured] per-instance log \u2192 /data1/Kane/ACT/audit_results/r93_rerun_20260525T083118Z/gpu_stream2_20260526T124338Z/nn4sys/per_instance_nn4sys_20260526T124638211443Z.json\n\n================================================================================\nVERIFICATION TEST SUMMARY\n================================================================================\n  \u2705 vnnlib                    PASSED\n================================================================================\n\n"
}
{
  "benchmark": "nn4sys",
  "instance_id": 24,
  "status": "OK",
  "cli_normalized": "OK",
  "wall_s": 16.00796919001732,
  "peak_rss_mb": 1963.12890625,
  "returncode": 0,
  "per_instance_json": "/data1/Kane/ACT/audit_results/r93_rerun_20260525T083118Z/gpu_stream2_20260526T124338Z/nn4sys/per_instance_nn4sys_20260526T124654500508Z.json",
  "out_dir": "/data1/Kane/ACT/audit_results/r93_rerun_20260525T083118Z/gpu_stream2_20260526T124338Z/nn4sys",
  "stdout_tail": "s may be incorrect.\nINFO:act.front_end.vnnlib_loader.data_model_loader:  \u2713 Input shape: (12, 8)\nINFO:act.front_end.vnnlib_loader.data_model_loader:[3/3] Parsing VNNLIB specification...\nINFO:act.front_end.vnnlib_loader.vnnlib_parser:Parsed VNNLIB: 96 inputs, 1 outputs, type=safety\nINFO:act.front_end.vnnlib_loader.data_model_loader:  \u2713 Parsed VNNLIB: 96 inputs, 1 outputs\nINFO:act.front_end.vnnlib_loader.data_model_loader:Successfully loaded VNNLIB instance from 'nn4sys'\nINFO:act.front_end.vnnlib_loader.vnnlib_parser:Parsed pensieve_parallel_24.vnnlib: 1 query(ies)\n[ACT] Using existing Gurobi license: modules/gurobi/gurobi.lic\n\u2705 Device Manager Initialized: device=cuda:0, dtype=torch.float64\n\n================================================================================\nACT: Abstract Constraint Transformer\nInference-based whitebox fuzzing for neural network verification\n================================================================================\n\n\n================================================================================\nVERIFICATION TEST: VNNLIB \u2192 VerifiableModel \u2192 verify_once\n================================================================================\n\n[vnnlib] category=nn4sys max_instances=1 mode=hybridz (full TOP1_ROBUST via labeled_tensor collapse; device=cuda, timeout=60.0s)\n  [  1/1] nn4sys/onnx/pensieve_big_parallel.onnx@vnnlib/pensieve_parallel_24.vnnlib: UNKNOWN (13.3s)  V=0 A=0 U=1 E=0  R=0\n\n[vnnlib/hybridz] FINAL \u2014 total=1 wall=0.2 min\n  UNKNOWN      1\n  [structured] per-instance log \u2192 /data1/Kane/ACT/audit_results/r93_rerun_20260525T083118Z/gpu_stream2_20260526T124338Z/nn4sys/per_instance_nn4sys_20260526T124654500508Z.json\n\n================================================================================\nVERIFICATION TEST SUMMARY\n================================================================================\n  \u2705 vnnlib                    PASSED\n================================================================================\n\n"
}
{
  "benchmark": "nn4sys",
  "instance_id": 25,
  "status": "OK",
  "cli_normalized": "OK",
  "wall_s": 10.004909140057862,
  "peak_rss_mb": 2043.65234375,
  "returncode": 0,
  "per_instance_json": "/data1/Kane/ACT/audit_results/r93_rerun_20260525T083118Z/gpu_stream2_20260526T124338Z/nn4sys/per_instance_nn4sys_20260526T124704452539Z.json",
  "out_dir": "/data1/Kane/ACT/audit_results/r93_rerun_20260525T083118Z/gpu_stream2_20260526T124338Z/nn4sys",
  "stdout_tail": " input shape: [1, 6, 8]\nINFO:act.front_end.vnnlib_loader.data_model_loader:  \u2713 Input shape: (1, 6, 8)\nINFO:act.front_end.vnnlib_loader.data_model_loader:[3/3] Parsing VNNLIB specification...\nINFO:act.front_end.vnnlib_loader.vnnlib_parser:Parsed VNNLIB: 48 inputs, 6 outputs, type=unknown\nINFO:act.front_end.vnnlib_loader.data_model_loader:  \u2713 Parsed VNNLIB: 48 inputs, 6 outputs\nINFO:act.front_end.vnnlib_loader.data_model_loader:Successfully loaded VNNLIB instance from 'nn4sys'\nINFO:act.front_end.vnnlib_loader.vnnlib_parser:Parsed pensieve_simple_25.vnnlib: 1 query(ies)\n[ACT] Using existing Gurobi license: modules/gurobi/gurobi.lic\n\u2705 Device Manager Initialized: device=cuda:0, dtype=torch.float64\n\n================================================================================\nACT: Abstract Constraint Transformer\nInference-based whitebox fuzzing for neural network verification\n================================================================================\n\n\n================================================================================\nVERIFICATION TEST: VNNLIB \u2192 VerifiableModel \u2192 verify_once\n================================================================================\n\n[vnnlib] category=nn4sys max_instances=1 mode=hybridz (full TOP1_ROBUST via labeled_tensor collapse; device=cuda, timeout=60.0s)\n  [  1/1] nn4sys/onnx/pensieve_big_simple.onnx@vnnlib/pensieve_simple_25.vnnlib: UNKNOWN (7.2s)  V=0 A=0 U=1 E=0  R=0\n\n[vnnlib/hybridz] FINAL \u2014 total=1 wall=0.1 min\n  UNKNOWN      1\n  [structured] per-instance log \u2192 /data1/Kane/ACT/audit_results/r93_rerun_20260525T083118Z/gpu_stream2_20260526T124338Z/nn4sys/per_instance_nn4sys_20260526T124704452539Z.json\n\n================================================================================\nVERIFICATION TEST SUMMARY\n================================================================================\n  \u2705 vnnlib                    PASSED\n================================================================================\n\n"
}
{
  "benchmark": "nn4sys",
  "instance_id": 26,
  "status": "OK",
  "cli_normalized": "OK",
  "wall_s": 11.006749788066372,
  "peak_rss_mb": 1894.05859375,
  "returncode": 0,
  "per_instance_json": "/data1/Kane/ACT/audit_results/r93_rerun_20260525T083118Z/gpu_stream2_20260526T124338Z/nn4sys/per_instance_nn4sys_20260526T124714967158Z.json",
  "out_dir": "/data1/Kane/ACT/audit_results/r93_rerun_20260525T083118Z/gpu_stream2_20260526T124338Z/nn4sys",
  "stdout_tail": " input shape: [1, 6, 8]\nINFO:act.front_end.vnnlib_loader.data_model_loader:  \u2713 Input shape: (1, 6, 8)\nINFO:act.front_end.vnnlib_loader.data_model_loader:[3/3] Parsing VNNLIB specification...\nINFO:act.front_end.vnnlib_loader.vnnlib_parser:Parsed VNNLIB: 48 inputs, 6 outputs, type=unknown\nINFO:act.front_end.vnnlib_loader.data_model_loader:  \u2713 Parsed VNNLIB: 48 inputs, 6 outputs\nINFO:act.front_end.vnnlib_loader.data_model_loader:Successfully loaded VNNLIB instance from 'nn4sys'\nINFO:act.front_end.vnnlib_loader.vnnlib_parser:Parsed pensieve_simple_26.vnnlib: 1 query(ies)\n[ACT] Using existing Gurobi license: modules/gurobi/gurobi.lic\n\u2705 Device Manager Initialized: device=cuda:0, dtype=torch.float64\n\n================================================================================\nACT: Abstract Constraint Transformer\nInference-based whitebox fuzzing for neural network verification\n================================================================================\n\n\n================================================================================\nVERIFICATION TEST: VNNLIB \u2192 VerifiableModel \u2192 verify_once\n================================================================================\n\n[vnnlib] category=nn4sys max_instances=1 mode=hybridz (full TOP1_ROBUST via labeled_tensor collapse; device=cuda, timeout=60.0s)\n  [  1/1] nn4sys/onnx/pensieve_big_simple.onnx@vnnlib/pensieve_simple_26.vnnlib: UNKNOWN (7.6s)  V=0 A=0 U=1 E=0  R=0\n\n[vnnlib/hybridz] FINAL \u2014 total=1 wall=0.1 min\n  UNKNOWN      1\n  [structured] per-instance log \u2192 /data1/Kane/ACT/audit_results/r93_rerun_20260525T083118Z/gpu_stream2_20260526T124338Z/nn4sys/per_instance_nn4sys_20260526T124714967158Z.json\n\n================================================================================\nVERIFICATION TEST SUMMARY\n================================================================================\n  \u2705 vnnlib                    PASSED\n================================================================================\n\n"
}
{
  "benchmark": "nn4sys",
  "instance_id": 27,
  "status": "OK",
  "cli_normalized": "OK",
  "wall_s": 4.503365378943272,
  "peak_rss_mb": 1602.3203125,
  "returncode": 0,
  "per_instance_json": "/data1/Kane/ACT/audit_results/r93_rerun_20260525T083118Z/gpu_stream2_20260526T124338Z/nn4sys/per_instance_nn4sys_20260526T124719646989Z.json",
  "out_dir": "/data1/Kane/ACT/audit_results/r93_rerun_20260525T083118Z/gpu_stream2_20260526T124338Z/nn4sys",
  "stdout_tail": " may be incorrect.\nINFO:act.front_end.vnnlib_loader.data_model_loader:  \u2713 Input shape: (12, 8)\nINFO:act.front_end.vnnlib_loader.data_model_loader:[3/3] Parsing VNNLIB specification...\nINFO:act.front_end.vnnlib_loader.vnnlib_parser:Parsed VNNLIB: 96 inputs, 1 outputs, type=safety\nINFO:act.front_end.vnnlib_loader.data_model_loader:  \u2713 Parsed VNNLIB: 96 inputs, 1 outputs\nINFO:act.front_end.vnnlib_loader.data_model_loader:Successfully loaded VNNLIB instance from 'nn4sys'\nINFO:act.front_end.vnnlib_loader.vnnlib_parser:Parsed pensieve_parallel_27.vnnlib: 1 query(ies)\n[ACT] Using existing Gurobi license: modules/gurobi/gurobi.lic\n\u2705 Device Manager Initialized: device=cuda:0, dtype=torch.float64\n\n================================================================================\nACT: Abstract Constraint Transformer\nInference-based whitebox fuzzing for neural network verification\n================================================================================\n\n\n================================================================================\nVERIFICATION TEST: VNNLIB \u2192 VerifiableModel \u2192 verify_once\n================================================================================\n\n[vnnlib] category=nn4sys max_instances=1 mode=hybridz (full TOP1_ROBUST via labeled_tensor collapse; device=cuda, timeout=60.0s)\n  [  1/1] nn4sys/onnx/pensieve_small_parallel.onnx@vnnlib/pensieve_parallel_27.vnnlib: UNKNOWN (1.3s)  V=0 A=0 U=1 E=0  R=0\n\n[vnnlib/hybridz] FINAL \u2014 total=1 wall=0.0 min\n  UNKNOWN      1\n  [structured] per-instance log \u2192 /data1/Kane/ACT/audit_results/r93_rerun_20260525T083118Z/gpu_stream2_20260526T124338Z/nn4sys/per_instance_nn4sys_20260526T124719646989Z.json\n\n================================================================================\nVERIFICATION TEST SUMMARY\n================================================================================\n  \u2705 vnnlib                    PASSED\n================================================================================\n\n"
}
{
  "benchmark": "nn4sys",
  "instance_id": 28,
  "status": "OK",
  "cli_normalized": "OK",
  "wall_s": 4.0039023499703035,
  "peak_rss_mb": 1590.75390625,
  "returncode": 0,
  "per_instance_json": "/data1/Kane/ACT/audit_results/r93_rerun_20260525T083118Z/gpu_stream2_20260526T124338Z/nn4sys/per_instance_nn4sys_20260526T124723809898Z.json",
  "out_dir": "/data1/Kane/ACT/audit_results/r93_rerun_20260525T083118Z/gpu_stream2_20260526T124338Z/nn4sys",
  "stdout_tail": "nput shape: [1, 6, 8]\nINFO:act.front_end.vnnlib_loader.data_model_loader:  \u2713 Input shape: (1, 6, 8)\nINFO:act.front_end.vnnlib_loader.data_model_loader:[3/3] Parsing VNNLIB specification...\nINFO:act.front_end.vnnlib_loader.vnnlib_parser:Parsed VNNLIB: 48 inputs, 6 outputs, type=unknown\nINFO:act.front_end.vnnlib_loader.data_model_loader:  \u2713 Parsed VNNLIB: 48 inputs, 6 outputs\nINFO:act.front_end.vnnlib_loader.data_model_loader:Successfully loaded VNNLIB instance from 'nn4sys'\nINFO:act.front_end.vnnlib_loader.vnnlib_parser:Parsed pensieve_simple_28.vnnlib: 1 query(ies)\n[ACT] Using existing Gurobi license: modules/gurobi/gurobi.lic\n\u2705 Device Manager Initialized: device=cuda:0, dtype=torch.float64\n\n================================================================================\nACT: Abstract Constraint Transformer\nInference-based whitebox fuzzing for neural network verification\n================================================================================\n\n\n================================================================================\nVERIFICATION TEST: VNNLIB \u2192 VerifiableModel \u2192 verify_once\n================================================================================\n\n[vnnlib] category=nn4sys max_instances=1 mode=hybridz (full TOP1_ROBUST via labeled_tensor collapse; device=cuda, timeout=60.0s)\n  [  1/1] nn4sys/onnx/pensieve_small_simple.onnx@vnnlib/pensieve_simple_28.vnnlib: UNKNOWN (0.9s)  V=0 A=0 U=1 E=0  R=0\n\n[vnnlib/hybridz] FINAL \u2014 total=1 wall=0.0 min\n  UNKNOWN      1\n  [structured] per-instance log \u2192 /data1/Kane/ACT/audit_results/r93_rerun_20260525T083118Z/gpu_stream2_20260526T124338Z/nn4sys/per_instance_nn4sys_20260526T124723809898Z.json\n\n================================================================================\nVERIFICATION TEST SUMMARY\n================================================================================\n  \u2705 vnnlib                    PASSED\n================================================================================\n\n"
}
{
  "benchmark": "nn4sys",
  "instance_id": 29,
  "status": "OK",
  "cli_normalized": "OK",
  "wall_s": 11.008066374924965,
  "peak_rss_mb": 1900.2265625,
  "returncode": 0,
  "per_instance_json": "/data1/Kane/ACT/audit_results/r93_rerun_20260525T083118Z/gpu_stream2_20260526T124338Z/nn4sys/per_instance_nn4sys_20260526T124734692365Z.json",
  "out_dir": "/data1/Kane/ACT/audit_results/r93_rerun_20260525T083118Z/gpu_stream2_20260526T124338Z/nn4sys",
  "stdout_tail": " input shape: [1, 6, 8]\nINFO:act.front_end.vnnlib_loader.data_model_loader:  \u2713 Input shape: (1, 6, 8)\nINFO:act.front_end.vnnlib_loader.data_model_loader:[3/3] Parsing VNNLIB specification...\nINFO:act.front_end.vnnlib_loader.vnnlib_parser:Parsed VNNLIB: 48 inputs, 6 outputs, type=unknown\nINFO:act.front_end.vnnlib_loader.data_model_loader:  \u2713 Parsed VNNLIB: 48 inputs, 6 outputs\nINFO:act.front_end.vnnlib_loader.data_model_loader:Successfully loaded VNNLIB instance from 'nn4sys'\nINFO:act.front_end.vnnlib_loader.vnnlib_parser:Parsed pensieve_simple_29.vnnlib: 1 query(ies)\n[ACT] Using existing Gurobi license: modules/gurobi/gurobi.lic\n\u2705 Device Manager Initialized: device=cuda:0, dtype=torch.float64\n\n================================================================================\nACT: Abstract Constraint Transformer\nInference-based whitebox fuzzing for neural network verification\n================================================================================\n\n\n================================================================================\nVERIFICATION TEST: VNNLIB \u2192 VerifiableModel \u2192 verify_once\n================================================================================\n\n[vnnlib] category=nn4sys max_instances=1 mode=hybridz (full TOP1_ROBUST via labeled_tensor collapse; device=cuda, timeout=60.0s)\n  [  1/1] nn4sys/onnx/pensieve_big_simple.onnx@vnnlib/pensieve_simple_29.vnnlib: UNKNOWN (7.8s)  V=0 A=0 U=1 E=0  R=0\n\n[vnnlib/hybridz] FINAL \u2014 total=1 wall=0.1 min\n  UNKNOWN      1\n  [structured] per-instance log \u2192 /data1/Kane/ACT/audit_results/r93_rerun_20260525T083118Z/gpu_stream2_20260526T124338Z/nn4sys/per_instance_nn4sys_20260526T124734692365Z.json\n\n================================================================================\nVERIFICATION TEST SUMMARY\n================================================================================\n  \u2705 vnnlib                    PASSED\n================================================================================\n\n"
}
{
  "benchmark": "nn4sys",
  "instance_id": 30,
  "status": "OK",
  "cli_normalized": "OK",
  "wall_s": 17.512752629001625,
  "peak_rss_mb": 1896.40234375,
  "returncode": 0,
  "per_instance_json": "/data1/Kane/ACT/audit_results/r93_rerun_20260525T083118Z/gpu_stream2_20260526T124338Z/nn4sys/per_instance_nn4sys_20260526T124752384029Z.json",
  "out_dir": "/data1/Kane/ACT/audit_results/r93_rerun_20260525T083118Z/gpu_stream2_20260526T124338Z/nn4sys",
  "stdout_tail": "s may be incorrect.\nINFO:act.front_end.vnnlib_loader.data_model_loader:  \u2713 Input shape: (12, 8)\nINFO:act.front_end.vnnlib_loader.data_model_loader:[3/3] Parsing VNNLIB specification...\nINFO:act.front_end.vnnlib_loader.vnnlib_parser:Parsed VNNLIB: 96 inputs, 1 outputs, type=safety\nINFO:act.front_end.vnnlib_loader.data_model_loader:  \u2713 Parsed VNNLIB: 96 inputs, 1 outputs\nINFO:act.front_end.vnnlib_loader.data_model_loader:Successfully loaded VNNLIB instance from 'nn4sys'\nINFO:act.front_end.vnnlib_loader.vnnlib_parser:Parsed pensieve_parallel_30.vnnlib: 1 query(ies)\n[ACT] Using existing Gurobi license: modules/gurobi/gurobi.lic\n\u2705 Device Manager Initialized: device=cuda:0, dtype=torch.float64\n\n================================================================================\nACT: Abstract Constraint Transformer\nInference-based whitebox fuzzing for neural network verification\n================================================================================\n\n\n================================================================================\nVERIFICATION TEST: VNNLIB \u2192 VerifiableModel \u2192 verify_once\n================================================================================\n\n[vnnlib] category=nn4sys max_instances=1 mode=hybridz (full TOP1_ROBUST via labeled_tensor collapse; device=cuda, timeout=60.0s)\n  [  1/1] nn4sys/onnx/pensieve_big_parallel.onnx@vnnlib/pensieve_parallel_30.vnnlib: UNKNOWN (14.5s)  V=0 A=0 U=1 E=0  R=0\n\n[vnnlib/hybridz] FINAL \u2014 total=1 wall=0.2 min\n  UNKNOWN      1\n  [structured] per-instance log \u2192 /data1/Kane/ACT/audit_results/r93_rerun_20260525T083118Z/gpu_stream2_20260526T124338Z/nn4sys/per_instance_nn4sys_20260526T124752384029Z.json\n\n================================================================================\nVERIFICATION TEST SUMMARY\n================================================================================\n  \u2705 vnnlib                    PASSED\n================================================================================\n\n"
}
{
  "benchmark": "nn4sys",
  "instance_id": 31,
  "status": "OK",
  "cli_normalized": "OK",
  "wall_s": 11.006173025001772,
  "peak_rss_mb": 1936.890625,
  "returncode": 0,
  "per_instance_json": "/data1/Kane/ACT/audit_results/r93_rerun_20260525T083118Z/gpu_stream2_20260526T124338Z/nn4sys/per_instance_nn4sys_20260526T124802956142Z.json",
  "out_dir": "/data1/Kane/ACT/audit_results/r93_rerun_20260525T083118Z/gpu_stream2_20260526T124338Z/nn4sys",
  "stdout_tail": " input shape: [1, 6, 8]\nINFO:act.front_end.vnnlib_loader.data_model_loader:  \u2713 Input shape: (1, 6, 8)\nINFO:act.front_end.vnnlib_loader.data_model_loader:[3/3] Parsing VNNLIB specification...\nINFO:act.front_end.vnnlib_loader.vnnlib_parser:Parsed VNNLIB: 48 inputs, 6 outputs, type=unknown\nINFO:act.front_end.vnnlib_loader.data_model_loader:  \u2713 Parsed VNNLIB: 48 inputs, 6 outputs\nINFO:act.front_end.vnnlib_loader.data_model_loader:Successfully loaded VNNLIB instance from 'nn4sys'\nINFO:act.front_end.vnnlib_loader.vnnlib_parser:Parsed pensieve_simple_31.vnnlib: 1 query(ies)\n[ACT] Using existing Gurobi license: modules/gurobi/gurobi.lic\n\u2705 Device Manager Initialized: device=cuda:0, dtype=torch.float64\n\n================================================================================\nACT: Abstract Constraint Transformer\nInference-based whitebox fuzzing for neural network verification\n================================================================================\n\n\n================================================================================\nVERIFICATION TEST: VNNLIB \u2192 VerifiableModel \u2192 verify_once\n================================================================================\n\n[vnnlib] category=nn4sys max_instances=1 mode=hybridz (full TOP1_ROBUST via labeled_tensor collapse; device=cuda, timeout=60.0s)\n  [  1/1] nn4sys/onnx/pensieve_big_simple.onnx@vnnlib/pensieve_simple_31.vnnlib: UNKNOWN (7.6s)  V=0 A=0 U=1 E=0  R=0\n\n[vnnlib/hybridz] FINAL \u2014 total=1 wall=0.1 min\n  UNKNOWN      1\n  [structured] per-instance log \u2192 /data1/Kane/ACT/audit_results/r93_rerun_20260525T083118Z/gpu_stream2_20260526T124338Z/nn4sys/per_instance_nn4sys_20260526T124802956142Z.json\n\n================================================================================\nVERIFICATION TEST SUMMARY\n================================================================================\n  \u2705 vnnlib                    PASSED\n================================================================================\n\n"
}
{
  "benchmark": "nn4sys",
  "instance_id": 32,
  "status": "OK",
  "cli_normalized": "OK",
  "wall_s": 4.503117343992926,
  "peak_rss_mb": 1602.3984375,
  "returncode": 0,
  "per_instance_json": "/data1/Kane/ACT/audit_results/r93_rerun_20260525T083118Z/gpu_stream2_20260526T124338Z/nn4sys/per_instance_nn4sys_20260526T124807652861Z.json",
  "out_dir": "/data1/Kane/ACT/audit_results/r93_rerun_20260525T083118Z/gpu_stream2_20260526T124338Z/nn4sys",
  "stdout_tail": " may be incorrect.\nINFO:act.front_end.vnnlib_loader.data_model_loader:  \u2713 Input shape: (12, 8)\nINFO:act.front_end.vnnlib_loader.data_model_loader:[3/3] Parsing VNNLIB specification...\nINFO:act.front_end.vnnlib_loader.vnnlib_parser:Parsed VNNLIB: 96 inputs, 1 outputs, type=safety\nINFO:act.front_end.vnnlib_loader.data_model_loader:  \u2713 Parsed VNNLIB: 96 inputs, 1 outputs\nINFO:act.front_end.vnnlib_loader.data_model_loader:Successfully loaded VNNLIB instance from 'nn4sys'\nINFO:act.front_end.vnnlib_loader.vnnlib_parser:Parsed pensieve_parallel_32.vnnlib: 1 query(ies)\n[ACT] Using existing Gurobi license: modules/gurobi/gurobi.lic\n\u2705 Device Manager Initialized: device=cuda:0, dtype=torch.float64\n\n================================================================================\nACT: Abstract Constraint Transformer\nInference-based whitebox fuzzing for neural network verification\n================================================================================\n\n\n================================================================================\nVERIFICATION TEST: VNNLIB \u2192 VerifiableModel \u2192 verify_once\n================================================================================\n\n[vnnlib] category=nn4sys max_instances=1 mode=hybridz (full TOP1_ROBUST via labeled_tensor collapse; device=cuda, timeout=60.0s)\n  [  1/1] nn4sys/onnx/pensieve_small_parallel.onnx@vnnlib/pensieve_parallel_32.vnnlib: UNKNOWN (1.2s)  V=0 A=0 U=1 E=0  R=0\n\n[vnnlib/hybridz] FINAL \u2014 total=1 wall=0.0 min\n  UNKNOWN      1\n  [structured] per-instance log \u2192 /data1/Kane/ACT/audit_results/r93_rerun_20260525T083118Z/gpu_stream2_20260526T124338Z/nn4sys/per_instance_nn4sys_20260526T124807652861Z.json\n\n================================================================================\nVERIFICATION TEST SUMMARY\n================================================================================\n  \u2705 vnnlib                    PASSED\n================================================================================\n\n"
}
{
  "benchmark": "nn4sys",
  "instance_id": 33,
  "status": "OK",
  "cli_normalized": "OK",
  "wall_s": 4.503324524033815,
  "peak_rss_mb": 1624.5390625,
  "returncode": 0,
  "per_instance_json": "/data1/Kane/ACT/audit_results/r93_rerun_20260525T083118Z/gpu_stream2_20260526T124338Z/nn4sys/per_instance_nn4sys_20260526T124812184413Z.json",
  "out_dir": "/data1/Kane/ACT/audit_results/r93_rerun_20260525T083118Z/gpu_stream2_20260526T124338Z/nn4sys",
  "stdout_tail": " may be incorrect.\nINFO:act.front_end.vnnlib_loader.data_model_loader:  \u2713 Input shape: (12, 8)\nINFO:act.front_end.vnnlib_loader.data_model_loader:[3/3] Parsing VNNLIB specification...\nINFO:act.front_end.vnnlib_loader.vnnlib_parser:Parsed VNNLIB: 96 inputs, 1 outputs, type=safety\nINFO:act.front_end.vnnlib_loader.data_model_loader:  \u2713 Parsed VNNLIB: 96 inputs, 1 outputs\nINFO:act.front_end.vnnlib_loader.data_model_loader:Successfully loaded VNNLIB instance from 'nn4sys'\nINFO:act.front_end.vnnlib_loader.vnnlib_parser:Parsed pensieve_parallel_33.vnnlib: 1 query(ies)\n[ACT] Using existing Gurobi license: modules/gurobi/gurobi.lic\n\u2705 Device Manager Initialized: device=cuda:0, dtype=torch.float64\n\n================================================================================\nACT: Abstract Constraint Transformer\nInference-based whitebox fuzzing for neural network verification\n================================================================================\n\n\n================================================================================\nVERIFICATION TEST: VNNLIB \u2192 VerifiableModel \u2192 verify_once\n================================================================================\n\n[vnnlib] category=nn4sys max_instances=1 mode=hybridz (full TOP1_ROBUST via labeled_tensor collapse; device=cuda, timeout=60.0s)\n  [  1/1] nn4sys/onnx/pensieve_small_parallel.onnx@vnnlib/pensieve_parallel_33.vnnlib: UNKNOWN (1.3s)  V=0 A=0 U=1 E=0  R=0\n\n[vnnlib/hybridz] FINAL \u2014 total=1 wall=0.0 min\n  UNKNOWN      1\n  [structured] per-instance log \u2192 /data1/Kane/ACT/audit_results/r93_rerun_20260525T083118Z/gpu_stream2_20260526T124338Z/nn4sys/per_instance_nn4sys_20260526T124812184413Z.json\n\n================================================================================\nVERIFICATION TEST SUMMARY\n================================================================================\n  \u2705 vnnlib                    PASSED\n================================================================================\n\n"
}
{
  "benchmark": "nn4sys",
  "instance_id": 34,
  "status": "OK",
  "cli_normalized": "OK",
  "wall_s": 4.003053756896406,
  "peak_rss_mb": 1591.66015625,
  "returncode": 0,
  "per_instance_json": "/data1/Kane/ACT/audit_results/r93_rerun_20260525T083118Z/gpu_stream2_20260526T124338Z/nn4sys/per_instance_nn4sys_20260526T124816124765Z.json",
  "out_dir": "/data1/Kane/ACT/audit_results/r93_rerun_20260525T083118Z/gpu_stream2_20260526T124338Z/nn4sys",
  "stdout_tail": "nput shape: [1, 6, 8]\nINFO:act.front_end.vnnlib_loader.data_model_loader:  \u2713 Input shape: (1, 6, 8)\nINFO:act.front_end.vnnlib_loader.data_model_loader:[3/3] Parsing VNNLIB specification...\nINFO:act.front_end.vnnlib_loader.vnnlib_parser:Parsed VNNLIB: 48 inputs, 6 outputs, type=unknown\nINFO:act.front_end.vnnlib_loader.data_model_loader:  \u2713 Parsed VNNLIB: 48 inputs, 6 outputs\nINFO:act.front_end.vnnlib_loader.data_model_loader:Successfully loaded VNNLIB instance from 'nn4sys'\nINFO:act.front_end.vnnlib_loader.vnnlib_parser:Parsed pensieve_simple_34.vnnlib: 1 query(ies)\n[ACT] Using existing Gurobi license: modules/gurobi/gurobi.lic\n\u2705 Device Manager Initialized: device=cuda:0, dtype=torch.float64\n\n================================================================================\nACT: Abstract Constraint Transformer\nInference-based whitebox fuzzing for neural network verification\n================================================================================\n\n\n================================================================================\nVERIFICATION TEST: VNNLIB \u2192 VerifiableModel \u2192 verify_once\n================================================================================\n\n[vnnlib] category=nn4sys max_instances=1 mode=hybridz (full TOP1_ROBUST via labeled_tensor collapse; device=cuda, timeout=60.0s)\n  [  1/1] nn4sys/onnx/pensieve_small_simple.onnx@vnnlib/pensieve_simple_34.vnnlib: UNKNOWN (0.9s)  V=0 A=0 U=1 E=0  R=0\n\n[vnnlib/hybridz] FINAL \u2014 total=1 wall=0.0 min\n  UNKNOWN      1\n  [structured] per-instance log \u2192 /data1/Kane/ACT/audit_results/r93_rerun_20260525T083118Z/gpu_stream2_20260526T124338Z/nn4sys/per_instance_nn4sys_20260526T124816124765Z.json\n\n================================================================================\nVERIFICATION TEST SUMMARY\n================================================================================\n  \u2705 vnnlib                    PASSED\n================================================================================\n\n"
}
{
  "benchmark": "nn4sys",
  "instance_id": 35,
  "status": "OK",
  "cli_normalized": "OK",
  "wall_s": 16.511405634926632,
  "peak_rss_mb": 1900.15625,
  "returncode": 0,
  "per_instance_json": "/data1/Kane/ACT/audit_results/r93_rerun_20260525T083118Z/gpu_stream2_20260526T124338Z/nn4sys/per_instance_nn4sys_20260526T124832850505Z.json",
  "out_dir": "/data1/Kane/ACT/audit_results/r93_rerun_20260525T083118Z/gpu_stream2_20260526T124338Z/nn4sys",
  "stdout_tail": "s may be incorrect.\nINFO:act.front_end.vnnlib_loader.data_model_loader:  \u2713 Input shape: (12, 8)\nINFO:act.front_end.vnnlib_loader.data_model_loader:[3/3] Parsing VNNLIB specification...\nINFO:act.front_end.vnnlib_loader.vnnlib_parser:Parsed VNNLIB: 96 inputs, 1 outputs, type=safety\nINFO:act.front_end.vnnlib_loader.data_model_loader:  \u2713 Parsed VNNLIB: 96 inputs, 1 outputs\nINFO:act.front_end.vnnlib_loader.data_model_loader:Successfully loaded VNNLIB instance from 'nn4sys'\nINFO:act.front_end.vnnlib_loader.vnnlib_parser:Parsed pensieve_parallel_35.vnnlib: 1 query(ies)\n[ACT] Using existing Gurobi license: modules/gurobi/gurobi.lic\n\u2705 Device Manager Initialized: device=cuda:0, dtype=torch.float64\n\n================================================================================\nACT: Abstract Constraint Transformer\nInference-based whitebox fuzzing for neural network verification\n================================================================================\n\n\n================================================================================\nVERIFICATION TEST: VNNLIB \u2192 VerifiableModel \u2192 verify_once\n================================================================================\n\n[vnnlib] category=nn4sys max_instances=1 mode=hybridz (full TOP1_ROBUST via labeled_tensor collapse; device=cuda, timeout=60.0s)\n  [  1/1] nn4sys/onnx/pensieve_big_parallel.onnx@vnnlib/pensieve_parallel_35.vnnlib: UNKNOWN (13.6s)  V=0 A=0 U=1 E=0  R=0\n\n[vnnlib/hybridz] FINAL \u2014 total=1 wall=0.2 min\n  UNKNOWN      1\n  [structured] per-instance log \u2192 /data1/Kane/ACT/audit_results/r93_rerun_20260525T083118Z/gpu_stream2_20260526T124338Z/nn4sys/per_instance_nn4sys_20260526T124832850505Z.json\n\n================================================================================\nVERIFICATION TEST SUMMARY\n================================================================================\n  \u2705 vnnlib                    PASSED\n================================================================================\n\n"
}
{
  "benchmark": "nn4sys",
  "instance_id": 36,
  "status": "OK",
  "cli_normalized": "OK",
  "wall_s": 16.510595571016893,
  "peak_rss_mb": 1902.109375,
  "returncode": 0,
  "per_instance_json": "/data1/Kane/ACT/audit_results/r93_rerun_20260525T083118Z/gpu_stream2_20260526T124338Z/nn4sys/per_instance_nn4sys_20260526T124849379415Z.json",
  "out_dir": "/data1/Kane/ACT/audit_results/r93_rerun_20260525T083118Z/gpu_stream2_20260526T124338Z/nn4sys",
  "stdout_tail": "s may be incorrect.\nINFO:act.front_end.vnnlib_loader.data_model_loader:  \u2713 Input shape: (12, 8)\nINFO:act.front_end.vnnlib_loader.data_model_loader:[3/3] Parsing VNNLIB specification...\nINFO:act.front_end.vnnlib_loader.vnnlib_parser:Parsed VNNLIB: 96 inputs, 1 outputs, type=safety\nINFO:act.front_end.vnnlib_loader.data_model_loader:  \u2713 Parsed VNNLIB: 96 inputs, 1 outputs\nINFO:act.front_end.vnnlib_loader.data_model_loader:Successfully loaded VNNLIB instance from 'nn4sys'\nINFO:act.front_end.vnnlib_loader.vnnlib_parser:Parsed pensieve_parallel_36.vnnlib: 1 query(ies)\n[ACT] Using existing Gurobi license: modules/gurobi/gurobi.lic\n\u2705 Device Manager Initialized: device=cuda:0, dtype=torch.float64\n\n================================================================================\nACT: Abstract Constraint Transformer\nInference-based whitebox fuzzing for neural network verification\n================================================================================\n\n\n================================================================================\nVERIFICATION TEST: VNNLIB \u2192 VerifiableModel \u2192 verify_once\n================================================================================\n\n[vnnlib] category=nn4sys max_instances=1 mode=hybridz (full TOP1_ROBUST via labeled_tensor collapse; device=cuda, timeout=60.0s)\n  [  1/1] nn4sys/onnx/pensieve_big_parallel.onnx@vnnlib/pensieve_parallel_36.vnnlib: UNKNOWN (13.6s)  V=0 A=0 U=1 E=0  R=0\n\n[vnnlib/hybridz] FINAL \u2014 total=1 wall=0.2 min\n  UNKNOWN      1\n  [structured] per-instance log \u2192 /data1/Kane/ACT/audit_results/r93_rerun_20260525T083118Z/gpu_stream2_20260526T124338Z/nn4sys/per_instance_nn4sys_20260526T124849379415Z.json\n\n================================================================================\nVERIFICATION TEST SUMMARY\n================================================================================\n  \u2705 vnnlib                    PASSED\n================================================================================\n\n"
}
{
  "benchmark": "nn4sys",
  "instance_id": 37,
  "status": "OK",
  "cli_normalized": "OK",
  "wall_s": 17.011245275032707,
  "peak_rss_mb": 1927.8203125,
  "returncode": 0,
  "per_instance_json": "/data1/Kane/ACT/audit_results/r93_rerun_20260525T083118Z/gpu_stream2_20260526T124338Z/nn4sys/per_instance_nn4sys_20260526T124906243347Z.json",
  "out_dir": "/data1/Kane/ACT/audit_results/r93_rerun_20260525T083118Z/gpu_stream2_20260526T124338Z/nn4sys",
  "stdout_tail": "s may be incorrect.\nINFO:act.front_end.vnnlib_loader.data_model_loader:  \u2713 Input shape: (12, 8)\nINFO:act.front_end.vnnlib_loader.data_model_loader:[3/3] Parsing VNNLIB specification...\nINFO:act.front_end.vnnlib_loader.vnnlib_parser:Parsed VNNLIB: 96 inputs, 1 outputs, type=safety\nINFO:act.front_end.vnnlib_loader.data_model_loader:  \u2713 Parsed VNNLIB: 96 inputs, 1 outputs\nINFO:act.front_end.vnnlib_loader.data_model_loader:Successfully loaded VNNLIB instance from 'nn4sys'\nINFO:act.front_end.vnnlib_loader.vnnlib_parser:Parsed pensieve_parallel_37.vnnlib: 1 query(ies)\n[ACT] Using existing Gurobi license: modules/gurobi/gurobi.lic\n\u2705 Device Manager Initialized: device=cuda:0, dtype=torch.float64\n\n================================================================================\nACT: Abstract Constraint Transformer\nInference-based whitebox fuzzing for neural network verification\n================================================================================\n\n\n================================================================================\nVERIFICATION TEST: VNNLIB \u2192 VerifiableModel \u2192 verify_once\n================================================================================\n\n[vnnlib] category=nn4sys max_instances=1 mode=hybridz (full TOP1_ROBUST via labeled_tensor collapse; device=cuda, timeout=60.0s)\n  [  1/1] nn4sys/onnx/pensieve_big_parallel.onnx@vnnlib/pensieve_parallel_37.vnnlib: UNKNOWN (13.9s)  V=0 A=0 U=1 E=0  R=0\n\n[vnnlib/hybridz] FINAL \u2014 total=1 wall=0.2 min\n  UNKNOWN      1\n  [structured] per-instance log \u2192 /data1/Kane/ACT/audit_results/r93_rerun_20260525T083118Z/gpu_stream2_20260526T124338Z/nn4sys/per_instance_nn4sys_20260526T124906243347Z.json\n\n================================================================================\nVERIFICATION TEST SUMMARY\n================================================================================\n  \u2705 vnnlib                    PASSED\n================================================================================\n\n"
}
{
  "benchmark": "nn4sys",
  "instance_id": 38,
  "status": "OK",
  "cli_normalized": "OK",
  "wall_s": 16.50968663697131,
  "peak_rss_mb": 1905.0703125,
  "returncode": 0,
  "per_instance_json": "/data1/Kane/ACT/audit_results/r93_rerun_20260525T083118Z/gpu_stream2_20260526T124338Z/nn4sys/per_instance_nn4sys_20260526T124923036342Z.json",
  "out_dir": "/data1/Kane/ACT/audit_results/r93_rerun_20260525T083118Z/gpu_stream2_20260526T124338Z/nn4sys",
  "stdout_tail": "s may be incorrect.\nINFO:act.front_end.vnnlib_loader.data_model_loader:  \u2713 Input shape: (12, 8)\nINFO:act.front_end.vnnlib_loader.data_model_loader:[3/3] Parsing VNNLIB specification...\nINFO:act.front_end.vnnlib_loader.vnnlib_parser:Parsed VNNLIB: 96 inputs, 1 outputs, type=safety\nINFO:act.front_end.vnnlib_loader.data_model_loader:  \u2713 Parsed VNNLIB: 96 inputs, 1 outputs\nINFO:act.front_end.vnnlib_loader.data_model_loader:Successfully loaded VNNLIB instance from 'nn4sys'\nINFO:act.front_end.vnnlib_loader.vnnlib_parser:Parsed pensieve_parallel_38.vnnlib: 1 query(ies)\n[ACT] Using existing Gurobi license: modules/gurobi/gurobi.lic\n\u2705 Device Manager Initialized: device=cuda:0, dtype=torch.float64\n\n================================================================================\nACT: Abstract Constraint Transformer\nInference-based whitebox fuzzing for neural network verification\n================================================================================\n\n\n================================================================================\nVERIFICATION TEST: VNNLIB \u2192 VerifiableModel \u2192 verify_once\n================================================================================\n\n[vnnlib] category=nn4sys max_instances=1 mode=hybridz (full TOP1_ROBUST via labeled_tensor collapse; device=cuda, timeout=60.0s)\n  [  1/1] nn4sys/onnx/pensieve_big_parallel.onnx@vnnlib/pensieve_parallel_38.vnnlib: UNKNOWN (13.7s)  V=0 A=0 U=1 E=0  R=0\n\n[vnnlib/hybridz] FINAL \u2014 total=1 wall=0.2 min\n  UNKNOWN      1\n  [structured] per-instance log \u2192 /data1/Kane/ACT/audit_results/r93_rerun_20260525T083118Z/gpu_stream2_20260526T124338Z/nn4sys/per_instance_nn4sys_20260526T124923036342Z.json\n\n================================================================================\nVERIFICATION TEST SUMMARY\n================================================================================\n  \u2705 vnnlib                    PASSED\n================================================================================\n\n"
}
{
  "benchmark": "nn4sys",
  "instance_id": 39,
  "status": "OK",
  "cli_normalized": "OK",
  "wall_s": 16.510703773936257,
  "peak_rss_mb": 1898.33203125,
  "returncode": 0,
  "per_instance_json": "/data1/Kane/ACT/audit_results/r93_rerun_20260525T083118Z/gpu_stream2_20260526T124338Z/nn4sys/per_instance_nn4sys_20260526T124939483819Z.json",
  "out_dir": "/data1/Kane/ACT/audit_results/r93_rerun_20260525T083118Z/gpu_stream2_20260526T124338Z/nn4sys",
  "stdout_tail": "s may be incorrect.\nINFO:act.front_end.vnnlib_loader.data_model_loader:  \u2713 Input shape: (12, 8)\nINFO:act.front_end.vnnlib_loader.data_model_loader:[3/3] Parsing VNNLIB specification...\nINFO:act.front_end.vnnlib_loader.vnnlib_parser:Parsed VNNLIB: 96 inputs, 1 outputs, type=safety\nINFO:act.front_end.vnnlib_loader.data_model_loader:  \u2713 Parsed VNNLIB: 96 inputs, 1 outputs\nINFO:act.front_end.vnnlib_loader.data_model_loader:Successfully loaded VNNLIB instance from 'nn4sys'\nINFO:act.front_end.vnnlib_loader.vnnlib_parser:Parsed pensieve_parallel_39.vnnlib: 1 query(ies)\n[ACT] Using existing Gurobi license: modules/gurobi/gurobi.lic\n\u2705 Device Manager Initialized: device=cuda:0, dtype=torch.float64\n\n================================================================================\nACT: Abstract Constraint Transformer\nInference-based whitebox fuzzing for neural network verification\n================================================================================\n\n\n================================================================================\nVERIFICATION TEST: VNNLIB \u2192 VerifiableModel \u2192 verify_once\n================================================================================\n\n[vnnlib] category=nn4sys max_instances=1 mode=hybridz (full TOP1_ROBUST via labeled_tensor collapse; device=cuda, timeout=60.0s)\n  [  1/1] nn4sys/onnx/pensieve_big_parallel.onnx@vnnlib/pensieve_parallel_39.vnnlib: UNKNOWN (13.6s)  V=0 A=0 U=1 E=0  R=0\n\n[vnnlib/hybridz] FINAL \u2014 total=1 wall=0.2 min\n  UNKNOWN      1\n  [structured] per-instance log \u2192 /data1/Kane/ACT/audit_results/r93_rerun_20260525T083118Z/gpu_stream2_20260526T124338Z/nn4sys/per_instance_nn4sys_20260526T124939483819Z.json\n\n================================================================================\nVERIFICATION TEST SUMMARY\n================================================================================\n  \u2705 vnnlib                    PASSED\n================================================================================\n\n"
}
{
  "benchmark": "nn4sys",
  "instance_id": 40,
  "status": "OK",
  "cli_normalized": "OK",
  "wall_s": 16.01097048295196,
  "peak_rss_mb": 1912.79296875,
  "returncode": 0,
  "per_instance_json": "/data1/Kane/ACT/audit_results/r93_rerun_20260525T083118Z/gpu_stream2_20260526T124338Z/nn4sys/per_instance_nn4sys_20260526T124955673882Z.json",
  "out_dir": "/data1/Kane/ACT/audit_results/r93_rerun_20260525T083118Z/gpu_stream2_20260526T124338Z/nn4sys",
  "stdout_tail": "s may be incorrect.\nINFO:act.front_end.vnnlib_loader.data_model_loader:  \u2713 Input shape: (12, 8)\nINFO:act.front_end.vnnlib_loader.data_model_loader:[3/3] Parsing VNNLIB specification...\nINFO:act.front_end.vnnlib_loader.vnnlib_parser:Parsed VNNLIB: 96 inputs, 1 outputs, type=safety\nINFO:act.front_end.vnnlib_loader.data_model_loader:  \u2713 Parsed VNNLIB: 96 inputs, 1 outputs\nINFO:act.front_end.vnnlib_loader.data_model_loader:Successfully loaded VNNLIB instance from 'nn4sys'\nINFO:act.front_end.vnnlib_loader.vnnlib_parser:Parsed pensieve_parallel_40.vnnlib: 1 query(ies)\n[ACT] Using existing Gurobi license: modules/gurobi/gurobi.lic\n\u2705 Device Manager Initialized: device=cuda:0, dtype=torch.float64\n\n================================================================================\nACT: Abstract Constraint Transformer\nInference-based whitebox fuzzing for neural network verification\n================================================================================\n\n\n================================================================================\nVERIFICATION TEST: VNNLIB \u2192 VerifiableModel \u2192 verify_once\n================================================================================\n\n[vnnlib] category=nn4sys max_instances=1 mode=hybridz (full TOP1_ROBUST via labeled_tensor collapse; device=cuda, timeout=60.0s)\n  [  1/1] nn4sys/onnx/pensieve_big_parallel.onnx@vnnlib/pensieve_parallel_40.vnnlib: UNKNOWN (13.4s)  V=0 A=0 U=1 E=0  R=0\n\n[vnnlib/hybridz] FINAL \u2014 total=1 wall=0.2 min\n  UNKNOWN      1\n  [structured] per-instance log \u2192 /data1/Kane/ACT/audit_results/r93_rerun_20260525T083118Z/gpu_stream2_20260526T124338Z/nn4sys/per_instance_nn4sys_20260526T124955673882Z.json\n\n================================================================================\nVERIFICATION TEST SUMMARY\n================================================================================\n  \u2705 vnnlib                    PASSED\n================================================================================\n\n"
}
{
  "benchmark": "nn4sys",
  "instance_id": 41,
  "status": "OK",
  "cli_normalized": "OK",
  "wall_s": 16.51081394997891,
  "peak_rss_mb": 1900.359375,
  "returncode": 0,
  "per_instance_json": "/data1/Kane/ACT/audit_results/r93_rerun_20260525T083118Z/gpu_stream2_20260526T124338Z/nn4sys/per_instance_nn4sys_20260526T125011838523Z.json",
  "out_dir": "/data1/Kane/ACT/audit_results/r93_rerun_20260525T083118Z/gpu_stream2_20260526T124338Z/nn4sys",
  "stdout_tail": "s may be incorrect.\nINFO:act.front_end.vnnlib_loader.data_model_loader:  \u2713 Input shape: (12, 8)\nINFO:act.front_end.vnnlib_loader.data_model_loader:[3/3] Parsing VNNLIB specification...\nINFO:act.front_end.vnnlib_loader.vnnlib_parser:Parsed VNNLIB: 96 inputs, 1 outputs, type=safety\nINFO:act.front_end.vnnlib_loader.data_model_loader:  \u2713 Parsed VNNLIB: 96 inputs, 1 outputs\nINFO:act.front_end.vnnlib_loader.data_model_loader:Successfully loaded VNNLIB instance from 'nn4sys'\nINFO:act.front_end.vnnlib_loader.vnnlib_parser:Parsed pensieve_parallel_41.vnnlib: 1 query(ies)\n[ACT] Using existing Gurobi license: modules/gurobi/gurobi.lic\n\u2705 Device Manager Initialized: device=cuda:0, dtype=torch.float64\n\n================================================================================\nACT: Abstract Constraint Transformer\nInference-based whitebox fuzzing for neural network verification\n================================================================================\n\n\n================================================================================\nVERIFICATION TEST: VNNLIB \u2192 VerifiableModel \u2192 verify_once\n================================================================================\n\n[vnnlib] category=nn4sys max_instances=1 mode=hybridz (full TOP1_ROBUST via labeled_tensor collapse; device=cuda, timeout=60.0s)\n  [  1/1] nn4sys/onnx/pensieve_big_parallel.onnx@vnnlib/pensieve_parallel_41.vnnlib: UNKNOWN (13.4s)  V=0 A=0 U=1 E=0  R=0\n\n[vnnlib/hybridz] FINAL \u2014 total=1 wall=0.2 min\n  UNKNOWN      1\n  [structured] per-instance log \u2192 /data1/Kane/ACT/audit_results/r93_rerun_20260525T083118Z/gpu_stream2_20260526T124338Z/nn4sys/per_instance_nn4sys_20260526T125011838523Z.json\n\n================================================================================\nVERIFICATION TEST SUMMARY\n================================================================================\n  \u2705 vnnlib                    PASSED\n================================================================================\n\n"
}
{
  "benchmark": "nn4sys",
  "instance_id": 42,
  "status": "OK",
  "cli_normalized": "OK",
  "wall_s": 16.51103230100125,
  "peak_rss_mb": 1900.19140625,
  "returncode": 0,
  "per_instance_json": "/data1/Kane/ACT/audit_results/r93_rerun_20260525T083118Z/gpu_stream2_20260526T124338Z/nn4sys/per_instance_nn4sys_20260526T125028298726Z.json",
  "out_dir": "/data1/Kane/ACT/audit_results/r93_rerun_20260525T083118Z/gpu_stream2_20260526T124338Z/nn4sys",
  "stdout_tail": "s may be incorrect.\nINFO:act.front_end.vnnlib_loader.data_model_loader:  \u2713 Input shape: (12, 8)\nINFO:act.front_end.vnnlib_loader.data_model_loader:[3/3] Parsing VNNLIB specification...\nINFO:act.front_end.vnnlib_loader.vnnlib_parser:Parsed VNNLIB: 96 inputs, 1 outputs, type=safety\nINFO:act.front_end.vnnlib_loader.data_model_loader:  \u2713 Parsed VNNLIB: 96 inputs, 1 outputs\nINFO:act.front_end.vnnlib_loader.data_model_loader:Successfully loaded VNNLIB instance from 'nn4sys'\nINFO:act.front_end.vnnlib_loader.vnnlib_parser:Parsed pensieve_parallel_42.vnnlib: 1 query(ies)\n[ACT] Using existing Gurobi license: modules/gurobi/gurobi.lic\n\u2705 Device Manager Initialized: device=cuda:0, dtype=torch.float64\n\n================================================================================\nACT: Abstract Constraint Transformer\nInference-based whitebox fuzzing for neural network verification\n================================================================================\n\n\n================================================================================\nVERIFICATION TEST: VNNLIB \u2192 VerifiableModel \u2192 verify_once\n================================================================================\n\n[vnnlib] category=nn4sys max_instances=1 mode=hybridz (full TOP1_ROBUST via labeled_tensor collapse; device=cuda, timeout=60.0s)\n  [  1/1] nn4sys/onnx/pensieve_big_parallel.onnx@vnnlib/pensieve_parallel_42.vnnlib: UNKNOWN (13.5s)  V=0 A=0 U=1 E=0  R=0\n\n[vnnlib/hybridz] FINAL \u2014 total=1 wall=0.2 min\n  UNKNOWN      1\n  [structured] per-instance log \u2192 /data1/Kane/ACT/audit_results/r93_rerun_20260525T083118Z/gpu_stream2_20260526T124338Z/nn4sys/per_instance_nn4sys_20260526T125028298726Z.json\n\n================================================================================\nVERIFICATION TEST SUMMARY\n================================================================================\n  \u2705 vnnlib                    PASSED\n================================================================================\n\n"
}
{
  "benchmark": "nn4sys",
  "instance_id": 43,
  "status": "OK",
  "cli_normalized": "OK",
  "wall_s": 16.012277834000997,
  "peak_rss_mb": 2033.453125,
  "returncode": 0,
  "per_instance_json": "/data1/Kane/ACT/audit_results/r93_rerun_20260525T083118Z/gpu_stream2_20260526T124338Z/nn4sys/per_instance_nn4sys_20260526T125044706650Z.json",
  "out_dir": "/data1/Kane/ACT/audit_results/r93_rerun_20260525T083118Z/gpu_stream2_20260526T124338Z/nn4sys",
  "stdout_tail": "s may be incorrect.\nINFO:act.front_end.vnnlib_loader.data_model_loader:  \u2713 Input shape: (12, 8)\nINFO:act.front_end.vnnlib_loader.data_model_loader:[3/3] Parsing VNNLIB specification...\nINFO:act.front_end.vnnlib_loader.vnnlib_parser:Parsed VNNLIB: 96 inputs, 1 outputs, type=safety\nINFO:act.front_end.vnnlib_loader.data_model_loader:  \u2713 Parsed VNNLIB: 96 inputs, 1 outputs\nINFO:act.front_end.vnnlib_loader.data_model_loader:Successfully loaded VNNLIB instance from 'nn4sys'\nINFO:act.front_end.vnnlib_loader.vnnlib_parser:Parsed pensieve_parallel_43.vnnlib: 1 query(ies)\n[ACT] Using existing Gurobi license: modules/gurobi/gurobi.lic\n\u2705 Device Manager Initialized: device=cuda:0, dtype=torch.float64\n\n================================================================================\nACT: Abstract Constraint Transformer\nInference-based whitebox fuzzing for neural network verification\n================================================================================\n\n\n================================================================================\nVERIFICATION TEST: VNNLIB \u2192 VerifiableModel \u2192 verify_once\n================================================================================\n\n[vnnlib] category=nn4sys max_instances=1 mode=hybridz (full TOP1_ROBUST via labeled_tensor collapse; device=cuda, timeout=60.0s)\n  [  1/1] nn4sys/onnx/pensieve_big_parallel.onnx@vnnlib/pensieve_parallel_43.vnnlib: UNKNOWN (13.4s)  V=0 A=0 U=1 E=0  R=0\n\n[vnnlib/hybridz] FINAL \u2014 total=1 wall=0.2 min\n  UNKNOWN      1\n  [structured] per-instance log \u2192 /data1/Kane/ACT/audit_results/r93_rerun_20260525T083118Z/gpu_stream2_20260526T124338Z/nn4sys/per_instance_nn4sys_20260526T125044706650Z.json\n\n================================================================================\nVERIFICATION TEST SUMMARY\n================================================================================\n  \u2705 vnnlib                    PASSED\n================================================================================\n\n"
}