[0;93m2026-05-26 06:41:07.930695437 [W:onnxruntime:Default, device_discovery.cc:325 DiscoverDevicesForPlatform] GPU device discovery failed: device_discovery.cc:92 ReadFileContents Failed to open file: "/sys/class/drm/card0/device/vendor"[m
Configurations:

general:
  device: cuda
  seed: 100
  conv_mode: patches
  deterministic: false
  double_fp: false
  loss_reduction_func: max
  sparse_alpha: true
  sparse_interm: true
  save_adv_example: true
  verify_onnxruntime_output: false
  eval_adv_example: false
  show_adv_example: false
  precompile_jit: true
  prepare_only: false
  complete_verifier: bab
  enable_incomplete_verification: true
  csv_name: instances.csv
  results_file: /data1/Kane/ACT/audit_results/abcrown_nopgd_20260525/yolo_2023/0038__TinyYOLO__TinyYOLO_prop_000395_eps_1_255.result
  root_path: ../../vnncomp2024_benchmarks/benchmarks/yolo_2023
  deterministic_opt: false
  graph_optimizer: 'Customized("custom_graph_optimizer", "default_optimizer")'
  buffer_has_batchdim: false
  save_output: false
  output_file: out.pkl
  return_optimized_model: false
model:
  name: null
  path: null
  onnx_path: /data1/Kane/data/vnncomp2025_benchmarks/benchmarks/yolo_2023/onnx/TinyYOLO.onnx
  onnx_path_prefix: ''
  cache_onnx_conversion: false
  debug_onnx: false
  onnx_quirks: null
  input_shape: null
  onnx_loader: default_onnx_and_vnnlib_loader
  onnx_optimization_flags: []
  onnx_vnnlib_joint_optimization_flags: none
  check_optimized: false
  flatten_final_output: false
  optimize_graph: null
  with_jacobian: false
data:
  start: 0
  end: 10000
  select_instance: null
  num_outputs: 10
  mean: 0.0
  std: 1.0
  pkl_path: null
  dataset: null
  data_filter_path: null
  data_idx_file: null
specification:
  type: lp
  robustness_type: verified-acc
  norm: .inf
  epsilon: null
  epsilon_min: 0.0
  vnnlib_path: /data1/Kane/data/vnncomp2025_benchmarks/benchmarks/yolo_2023/vnnlib/TinyYOLO_prop_000395_eps_1_255.vnnlib
  vnnlib_path_prefix: ''
  rhs_offset: null
solver:
  batch_size: 128
  auto_enlarge_batch_size: false
  min_batch_size_ratio: 0.1
  use_float64_in_last_iteration: false
  early_stop_patience: 10
  start_save_best: 0.5
  bound_prop_method: alpha-crown
  init_bound_prop_method: same
  prune_after_crown: false
  optimize_disjuncts_separately: false
  crown:
    batch_size: 1000000000
    max_crown_size: 1000000000
    activation_bound_option: adaptive
    compare_crown_with_ibp: false
  alpha-crown:
    alpha: true
    lr_alpha: 0.3
    iteration: 50
    share_alphas: true
    lr_decay: 0.98
    full_conv_alpha: false
    max_coeff_mul: .inf
    matmul_share_alphas: false
    disable_optimization: []
    max_time: 1.0
  invprop:
    apply_output_constraints_to: [/input-48]
    tighten_input_bounds: false
    best_of_oc_and_no_oc: false
    directly_optimize: []
    oc_lr: 0.1
    share_gammas: false
  beta-crown:
    lr_alpha: 0.05
    lr_beta: 0.1
    lr_decay: 0.98
    optimizer: adam
    iteration: 10
    beta: true
    beta_warmup: true
    enable_opt_interm_bounds: false
    all_node_split_LP: false
  forward:
    refine: false
    max_dim: 10000
    reset_threshold: 1.0
  multi_class:
    label_batch_size: 32
    skip_with_refined_bound: true
  mip:
    unstable_neuron_threshold: 0
    parallel_solvers: null
    solver_threads: 1
    refine_neuron_timeout: 15
    refine_neuron_time_percentage: 0.8
    early_stop: true
    adv_warmup: true
    mip_solver: gurobi
    skip_unsafe: false
    topk_filter: 1.0
    sliding_window: -1
    extra_constraint: false
    refine_neuron_timeout_increasement: 0
    timeout_neuron_percentage: 0.3
    remaining_timeout_threshold: 1
    remove_unstable_neurons: false
    lp_solver: false
bab:
  initial_max_domains: 1
  backing_up_max_domain: null
  max_domains: .inf
  decision_thresh: 0
  timeout: 300.0
  timeout_scale: 1
  max_iterations: -1
  override_timeout: null
  get_upper_bound: false
  pruning_in_iteration: true
  pruning_in_iteration_ratio: 0.2
  sort_targets: false
  batched_domain_list: true
  optimized_interm: ''
  interm_transfer: true
  recompute_interm: false
  sort_domain_interval: -1
  vanilla_crown: false
  tree_traversal: depth_first
  cut:
    enabled: false
    cuts_path: /tmp/abcrown_cuts
    implication: false
    bab_cut: false
    lp_cut: false
    method: null
    lr: 0.01
    lr_decay: 1.0
    iteration: 100
    bab_iteration: -1
    early_stop_patience: -1
    lr_beta: 0.02
    number_cuts: 50
    topk_cuts_in_filter: 1000
    batch_size_primal: 100
    max_num: 1000000000
    patches_cut: false
    cplex_cuts: false
    cplex_cuts_wait: 0
    cplex_cuts_revpickup: true
    cut_reference_bounds: true
    fix_intermediate_bounds: false
    biccos:
      enabled: false
      constraint_strengthening: true
      recursively_strengthening: false
      drop_ratio: 0.5
      verified_bonus: 0.3
      max_infer_iter: 20
      heuristic: neuron_influence_score
      save_biccos_cuts: false
      multi_tree_branching:
        enabled: false
        restore_best_tree: false
        keep_n_best_domains: 1
        k_splits: 1
        iterations: 1
  branching:
    method: kfsb
    candidates: 3
    reduceop: min
    enable_intermediate_bound_opt: false
    branching_input_and_activation: false
    branching_input_and_activation_order: [input, relu]
    branching_input_iterations: 30
    branching_relu_iterations: 50
    nonlinear_split:
      method: bbps
      disable: false
      branching_point_method: uniform
      num_branches: 2
      filter: false
      filter_beta: false
      filter_clamp: false
      filter_batch_size: 10000
      filter_iterations: 25
      relu_only: false
      loose_tanh_threshold: null
      branching_point:
        db_path: branching_points.pt
        num_iterations: 1000
        batch_size: 1000000
        range_l: -5.0
        range_u: 5.0
        log_interval: 100
        step_size_1d: 0.01
        step_size: 0.2
    input_split:
      enable_clip_domains: false
      split_hint: null
      reorder_bab: false
      enable: false
      enhanced_bound_prop_method: alpha-crown
      enhanced_branching_method: naive
      enhanced_bound_patience: 100000000.0
      attack_patience: 100000000.0
      adv_check: 0
      split_partitions: 2
      sb_margin_weight: 1.0
      sb_sum: false
      sb_primary_spec: null
      bf_backup_thresh: -1
      bf_rhs_offset: 0
      bf_iters: 1000000000.0
      bf_batch_size: 100000
      bf_zero_crossing_score: false
      touch_zero_score: 0
      ibp_enhancement: false
      compare_with_old_bounds: false
      update_rhs_with_attack: false
      sb_coeff_thresh: 0.001
      sort_index: null
      sort_descending: true
      show_progress: false
      presplit_domains: null
      skip_getting_worst_domain: false
  attack:
    enabled: false
    beam_candidates: 8
    beam_depth: 7
    max_dive_fix_ratio: 0.8
    min_local_free_ratio: 0.2
    mip_start_iteration: 5
    mip_timeout: 30.0
    adv_pool_threshold: null
    refined_mip_attacker: false
    refined_batch_size: null
attack:
  pgd_order: skip
  pgd_steps: 100
  pgd_restarts: 30
  pgd_batch_size: 100000000
  pgd_early_stop: true
  pgd_lr_decay: 0.99
  pgd_alpha: auto
  pgd_alpha_scale: false
  pgd_loss_mode: null
  pgd_restart_when_stuck: false
  enable_mip_attack: false
  adv_saver: default_adv_saver
  adv_verifier: default_adv_verifier
  early_stop_condition: default_early_stop_condition
  adv_example_finalizer: default_adv_example_finalizer
  pgd_loss: default_pgd_loss
  cex_path: ./test_cex.txt
  attack_mode: PGD
  attack_tolerance: 0.0
  attack_func: attack_with_general_specs
  gama_lambda: 10.0
  gama_decay: 0.9
  check_clean: false
  input_split:
    pgd_steps: 100
    pgd_restarts: 30
    pgd_alpha: auto
  input_split_enhanced:
    pgd_steps: 200
    pgd_restarts: 500000
    pgd_alpha: auto
  input_split_check_adv:
    enabled: auto
    pgd_steps: 5
    pgd_restarts: 5
    pgd_alpha: auto
    max_num_domains: 10
debug:
  view_model: false
  lp_test: null
  rescale_vnnlib_ptb: null
  test_optimized_bounds: false
  test_optimized_bounds_after_n_iterations: 0
  print_verbose_decisions: false
  sanity_check: null
  save_minimal_config: null
  save_minimal_config_omit_keys: []

Experiments at Tue May 26 06:41:08 2026 on dell-pro-max-tower-t2
Pre-compile jit kernels on a toy network...
JIT kernels compiled in 0.8883s.
Internal results will be saved to /data1/Kane/ACT/audit_results/abcrown_nopgd_20260525/yolo_2023/0038__TinyYOLO__TinyYOLO_prop_000395_eps_1_255.result./data1/Kane/miniconda3/envs/GenBaB/lib/python3.11/site-packages/onnx2pytorch/convert/layer.py:29: UserWarning: The given NumPy array is not writable, and PyTorch does not support non-writable tensors. This means writing to this tensor will result in undefined behavior. You may want to copy the array to protect its data or make it writable before converting it to a tensor. This type of warning will be suppressed for the rest of this program. (Triggered internally at /pytorch/torch/csrc/utils/tensor_numpy.cpp:206.)
  layer.weight.data = torch.from_numpy(numpy_helper.to_array(weight))
/data1/Kane/miniconda3/envs/GenBaB/lib/python3.11/site-packages/onnx2pytorch/convert/model.py:151: UserWarning: Using experimental implementation that allows 'batch_size > 1'.Batchnorm layers could potentially produce false outputs.
  warnings.warn(
/data1/Kane/miniconda3/envs/GenBaB/lib/python3.11/site-packages/onnx2pytorch/utils.py:21: TracerWarning: Converting a tensor to a Python boolean might cause the trace to be incorrect. We can't record the data flow of Python values, so this value will be treated as a constant in the future. This means that the trace might not generalize to other inputs!
  return value.ndim == 0 or value.shape == torch.Size([1])
/data1/Kane/miniconda3/envs/GenBaB/lib/python3.11/site-packages/onnx2pytorch/operations/add.py:34: TracerWarning: Converting a tensor to a Python boolean might cause the trace to be incorrect. We can't record the data flow of Python values, so this value will be treated as a constant in the future. This means that the trace might not generalize to other inputs!
  elif all(x == 1 for x in input[0].shape):
/data1/Kane/miniconda3/envs/GenBaB/lib/python3.11/site-packages/torch/onnx/_internal/torchscript_exporter/jit_utils.py:303: UserWarning: Constant folding - Only steps=1 can be constant folded for opset >= 10 onnx::Slice op. Constant folding not applied. (Triggered internally at /pytorch/torch/csrc/jit/passes/onnx/constant_fold.cpp:178.)
  _C._jit_pass_onnx_node_shape_type_inference(node, params_dict, opset_version)
/data1/Kane/miniconda3/envs/GenBaB/lib/python3.11/site-packages/torch/onnx/_internal/torchscript_exporter/utils.py:711: UserWarning: Constant folding - Only steps=1 can be constant folded for opset >= 10 onnx::Slice op. Constant folding not applied. (Triggered internally at /pytorch/torch/csrc/jit/passes/onnx/constant_fold.cpp:178.)
  _C._jit_pass_onnx_graph_shape_type_inference(
/data1/Kane/GenBaB/alpha-beta-CROWN/complete_verifier/abcrown.py:122: UserWarning: Creating a tensor from a list of numpy.ndarrays is extremely slow. Please consider converting the list to a single numpy.ndarray with numpy.array() before converting to a tensor. (Triggered internally at /pytorch/torch/csrc/utils/tensor_new.cpp:253.)
  model.net.constraints = torch.tensor([x[0] for x in specs])
/data1/Kane/GenBaB/alpha-beta-CROWN/complete_verifier/auto_LiRPA/bound_general.py:1021: UserWarning: Creating an identity matrix with size 10816x10816 for node BoundConv(name=/input-48, inputs=[/119, /45, /46], perturbed=True). This may indicate poor performance for bound computation. If you see this message on a small network please submit a bug report.
  sparse_C = self.get_sparse_C(node, ref_intermediate)
/data1/Kane/GenBaB/alpha-beta-CROWN/complete_verifier/auto_LiRPA/operators/leaf.py:91: UserWarning: The "has_batchdim" option for BoundBuffers is deprecated. It may be removed from the next release.
  warnings.warn('The "has_batchdim" option for BoundBuffers is deprecated.'


 %%%%%%%%%%%%%%%%%%%%%%%%%%%%%%%%%%% idx: 0, vnnlib ID: 0 %%%%%%%%%%%%%%%%%%%%%%%%%%%%%%%%%%%
Using onnx /data1/Kane/data/vnncomp2025_benchmarks/benchmarks/yolo_2023/onnx/TinyYOLO.onnx
Using vnnlib /data1/Kane/data/vnncomp2025_benchmarks/benchmarks/yolo_2023/vnnlib/TinyYOLO_prop_000395_eps_1_255.vnnlib
8112 inputs and 21125 outputs in vnnlib
Loading onnx /data1/Kane/data/vnncomp2025_benchmarks/benchmarks/yolo_2023/onnx/TinyYOLO.onnx with quirks {}
Finished onnx model loading in 0.0083 seconds
Model: BoundedModule(
  (/input-1): BoundInput(name=/input-1, inputs=[], perturbed=True)
  (/26): BoundParams(name=/26, inputs=[], perturbed=False)
  (/27): BoundParams(name=/27, inputs=[], perturbed=False)
  (/28): BoundParams(name=/28, inputs=[], perturbed=False)
  (/29): BoundParams(name=/29, inputs=[], perturbed=False)
  (/30): BoundParams(name=/30, inputs=[], perturbed=False)
  (/31): BoundParams(name=/31, inputs=[], perturbed=False)
  (/32): BoundParams(name=/32, inputs=[], perturbed=False)
  (/33): BoundParams(name=/33, inputs=[], perturbed=False)
  (/34): BoundParams(name=/34, inputs=[], perturbed=False)
  (/35): BoundParams(name=/35, inputs=[], perturbed=False)
  (/36): BoundParams(name=/36, inputs=[], perturbed=False)
  (/37): BoundParams(name=/37, inputs=[], perturbed=False)
  (/38): BoundParams(name=/38, inputs=[], perturbed=False)
  (/39): BoundParams(name=/39, inputs=[], perturbed=False)
  (/40): BoundParams(name=/40, inputs=[], perturbed=False)
  (/41): BoundParams(name=/41, inputs=[], perturbed=False)
  (/42): BoundParams(name=/42, inputs=[], perturbed=False)
  (/43): BoundParams(name=/43, inputs=[], perturbed=False)
  (/44): BoundParams(name=/44, inputs=[], perturbed=False)
  (/45): BoundParams(name=/45, inputs=[], perturbed=False)
  (/46): BoundParams(name=/46, inputs=[], perturbed=False)
  (/47): BoundParams(name=/47, inputs=[], perturbed=False)
  (/48): BoundParams(name=/48, inputs=[], perturbed=False)
  (/49): BoundParams(name=/49, inputs=[], perturbed=False)
  (/50): BoundParams(name=/50, inputs=[], perturbed=False)
  (/51): BoundConv(name=/51, inputs=[/input-1, /26], perturbed=True)
  (/input): BoundConv(name=/input, inputs=[/input-1, /27, /28], perturbed=True)
  (/input-4): BoundRelu(name=/input-4, inputs=[/input], perturbed=True)
  (/54): BoundConv(name=/54, inputs=[/input-4, /29, /30], perturbed=True)
  (/55): BoundAdd(name=/55, inputs=[/51, /54], perturbed=True)
  (/input-8): BoundConv(name=/input-8, inputs=[/55, /31, /32], perturbed=True)
  (/input-12): BoundRelu(name=/input-12, inputs=[/input-8], perturbed=True)
  (/58): BoundConv(name=/58, inputs=[/input-12, /33, /34], perturbed=True)
  (/59): BoundAdd(name=/59, inputs=[/55, /58], perturbed=True)
  (/input-16): BoundRelu(name=/input-16, inputs=[/59], perturbed=True)
  (/61): BoundConstant(name=/61, inputs=[], perturbed=False)
  (/62): BoundConstant(name=/62, value=tensor([0], device='cuda:0'))
  (/63): BoundShape(name=/63, inputs=[/61], perturbed=False)
  (/64): BoundGather(name=/64, inputs=[/63, /62], perturbed=False)
  (/65): BoundConstant(name=/65, value=4)
  (/66): BoundConstant(name=/66, value=2)
  (/67): BoundMul(name=/67, inputs=[/65, /66], perturbed=False)
  (/68): BoundSub(name=/68, inputs=[/67, /64], perturbed=False)
  (/69): BoundCast(name=/69, inputs=[/61], perturbed=False)
  (/70): BoundConstantOfShape(name=/70, inputs=[/68], perturbed=False)
  (/71): BoundConcat(name=/71, inputs=[/69, /70], perturbed=False)
  (/72): BoundConstant(name=/72, inputs=[], perturbed=False)
  (/73): BoundReshape(name=/73, inputs=[/71, /72], perturbed=False)
  (/74): BoundConstant(name=/74, value=tensor([0], device='cuda:0'))
  (/75): BoundConstant(name=/75, value=tensor([3], device='cuda:0'))
  (/76): BoundConstant(name=/76, value=tensor([-9223372036854775807], device='cuda:0'))
  (/77): BoundConstant(name=/77, value=tensor([-1], device='cuda:0'))
  (/78): BoundSlice(name=/78, inputs=[/73, /75, /76, /74, /77], perturbed=False, start=3, end=-9223372036854775807, axes=0, step=-1)
  (/79): BoundTranspose(name=/79, inputs=[/78], perturbed=False)
  (/80): BoundConstant(name=/80, value=tensor([-1], device='cuda:0'))
  (/81): BoundReshape(name=/81, inputs=[/79, /80], perturbed=False)
  (/82): BoundCast(name=/82, inputs=[/81], perturbed=False)
  (/83): BoundConstant(name=/83, value=0.0)
  (/84): BoundPad(name=/84, inputs=[/input-16, /82, /83], perturbed=True)
  (/input-20): BoundAveragePool(name=/input-20, inputs=[/84], perturbed=True)
  (/input-24): BoundConv(name=/input-24, inputs=[/input-20, /35, /36], perturbed=True)
  (/input-28): BoundRelu(name=/input-28, inputs=[/input-24], perturbed=True)
  (/88): BoundConv(name=/88, inputs=[/input-28, /37, /38], perturbed=True)
  (/89): BoundAdd(name=/89, inputs=[/input-20, /88], perturbed=True)
  (/input-32): BoundRelu(name=/input-32, inputs=[/89], perturbed=True)
  (/91): BoundConstant(name=/91, value=tensor([0], device='cuda:0'))
  (/92): BoundShape(name=/92, inputs=[/61], perturbed=False)
  (/93): BoundGather(name=/93, inputs=[/92, /91], perturbed=False)
  (/94): BoundConstant(name=/94, value=4)
  (/95): BoundConstant(name=/95, value=2)
  (/96): BoundMul(name=/96, inputs=[/94, /95], perturbed=False)
  (/97): BoundSub(name=/97, inputs=[/96, /93], perturbed=False)
  (/98): BoundCast(name=/98, inputs=[/61], perturbed=False)
  (/99): BoundConstantOfShape(name=/99, inputs=[/97], perturbed=False)
  (/100): BoundConcat(name=/100, inputs=[/98, /99], perturbed=False)
  (/101): BoundConstant(name=/101, inputs=[], perturbed=False)
  (/102): BoundReshape(name=/102, inputs=[/100, /101], perturbed=False)
  (/103): BoundConstant(name=/103, value=tensor([0], device='cuda:0'))
  (/104): BoundConstant(name=/104, value=tensor([3], device='cuda:0'))
  (/105): BoundConstant(name=/105, value=tensor([-9223372036854775807], device='cuda:0'))
  (/106): BoundConstant(name=/106, value=tensor([-1], device='cuda:0'))
  (/107): BoundSlice(name=/107, inputs=[/102, /104, /105, /103, /106], perturbed=False, start=3, end=-9223372036854775807, axes=0, step=-1)
  (/108): BoundTranspose(name=/108, inputs=[/107], perturbed=False)
  (/109): BoundConstant(name=/109, value=tensor([-1], device='cuda:0'))
  (/110): BoundReshape(name=/110, inputs=[/108, /109], perturbed=False)
  (/111): BoundCast(name=/111, inputs=[/110], perturbed=False)
  (/112): BoundConstant(name=/112, value=0.0)
  (/113): BoundPad(name=/113, inputs=[/input-32, /111, /112], perturbed=True)
  (/input-36): BoundAveragePool(name=/input-36, inputs=[/113], perturbed=True)
  (/115): BoundConv(name=/115, inputs=[/input-36, /39], perturbed=True)
  (/input-40): BoundConv(name=/input-40, inputs=[/input-36, /40, /41], perturbed=True)
  (/input-44): BoundRelu(name=/input-44, inputs=[/input-40], perturbed=True)
  (/118): BoundConv(name=/118, inputs=[/input-44, /42, /43], perturbed=True)
  (/119): BoundAdd(name=/119, inputs=[/115, /118], perturbed=True)
  (/120): BoundConv(name=/120, inputs=[/119, /44], perturbed=True)
  (/input-48): BoundConv(name=/input-48, inputs=[/119, /45, /46], perturbed=True)
  (/input-52): BoundRelu(name=/input-52, inputs=[/input-48], perturbed=True)
  (/123): BoundConv(name=/123, inputs=[/input-52, /47, /48], perturbed=True)
  (/124): BoundAdd(name=/124, inputs=[/120, /123], perturbed=True)
  (/125): BoundConv(name=/125, inputs=[/124, /49, /50], perturbed=True)
  (/126): BoundFlatten(name=/126, inputs=[/125], perturbed=True)
)
Original output: tensor([[-5.98042870e+00, -6.85062695e+00, -7.07983398e+00,  ...,
          3.59478220e-03, -5.56949712e-02, -6.22759573e-02]], device='cuda:0')
Split layers:
Nonlinear functions:
   BoundRelu(name=/input-4, inputs=[/input], perturbed=True)
   BoundRelu(name=/input-12, inputs=[/input-8], perturbed=True)
   BoundRelu(name=/input-16, inputs=[/59], perturbed=True)
   BoundRelu(name=/input-28, inputs=[/input-24], perturbed=True)
   BoundRelu(name=/input-32, inputs=[/89], perturbed=True)
   BoundRelu(name=/input-44, inputs=[/input-40], perturbed=True)
   BoundRelu(name=/input-52, inputs=[/input-48], perturbed=True)
layer /input-4 using sparse-features alpha with shape [3868]; unstable size 3868; total size 43264 ([1, 16, 52, 52])
layer /input-4 start_node /input-8 using full alpha [2, 1, 1, 3868] with unstable size None total_size 1 output_shape 1
layer /input-4 start_node /59 using full alpha [2, 1, 1, 3868] with unstable size None total_size 1 output_shape 1
layer /input-4 start_node /input-24 using full alpha [2, 1, 1, 3868] with unstable size None total_size 1 output_shape 1
layer /input-4 start_node /89 using full alpha [2, 1, 1, 3868] with unstable size None total_size 1 output_shape 1
layer /input-4 start_node /input-40 using full alpha [2, 1, 1, 3868] with unstable size None total_size 1 output_shape 1
layer /input-4 start_node /input-48 using full alpha [2, 1, 1, 3868] with unstable size None total_size 1 output_shape 1
layer /input-4 start_node /126 using full alpha [2, 5, 1, 3868] with unstable size None total_size 5 output_shape 5
layer /input-12 using sparse-features alpha with shape [3273]; unstable size 3273; total size 43264 ([1, 16, 52, 52])
layer /input-12 start_node /59 using full alpha [2, 1, 1, 3273] with unstable size None total_size 1 output_shape 1
layer /input-12 start_node /input-24 using full alpha [2, 1, 1, 3273] with unstable size None total_size 1 output_shape 1
layer /input-12 start_node /89 using full alpha [2, 1, 1, 3273] with unstable size None total_size 1 output_shape 1
layer /input-12 start_node /input-40 using full alpha [2, 1, 1, 3273] with unstable size None total_size 1 output_shape 1
layer /input-12 start_node /input-48 using full alpha [2, 1, 1, 3273] with unstable size None total_size 1 output_shape 1
layer /input-12 start_node /126 using full alpha [2, 5, 1, 3273] with unstable size None total_size 5 output_shape 5
layer /input-16 using sparse-features alpha with shape [2685]; unstable size 2685; total size 43264 ([1, 16, 52, 52])
layer /input-16 start_node /input-24 using full alpha [2, 1, 1, 2685] with unstable size None total_size 1 output_shape 1
layer /input-16 start_node /89 using full alpha [2, 1, 1, 2685] with unstable size None total_size 1 output_shape 1
layer /input-16 start_node /input-40 using full alpha [2, 1, 1, 2685] with unstable size None total_size 1 output_shape 1
layer /input-16 start_node /input-48 using full alpha [2, 1, 1, 2685] with unstable size None total_size 1 output_shape 1
layer /input-16 start_node /126 using full alpha [2, 5, 1, 2685] with unstable size None total_size 5 output_shape 5
layer /input-28 using sparse-features alpha with shape [881]; unstable size 881; total size 10816 ([1, 16, 26, 26])
layer /input-28 start_node /89 using full alpha [2, 1, 1, 881] with unstable size None total_size 1 output_shape 1
layer /input-28 start_node /input-40 using full alpha [2, 1, 1, 881] with unstable size None total_size 1 output_shape 1
layer /input-28 start_node /input-48 using full alpha [2, 1, 1, 881] with unstable size None total_size 1 output_shape 1
layer /input-28 start_node /126 using full alpha [2, 5, 1, 881] with unstable size None total_size 5 output_shape 5
layer /input-32 using sparse-features alpha with shape [694]; unstable size 694; total size 10816 ([1, 16, 26, 26])
layer /input-32 start_node /input-40 using full alpha [2, 1, 1, 694] with unstable size None total_size 1 output_shape 1
layer /input-32 start_node /input-48 using full alpha [2, 1, 1, 694] with unstable size None total_size 1 output_shape 1
layer /input-32 start_node /126 using full alpha [2, 5, 1, 694] with unstable size None total_size 5 output_shape 5
layer /input-44 using sparse-features alpha with shape [618]; unstable size 618; total size 5408 ([1, 32, 13, 13])
layer /input-44 start_node /input-48 using full alpha [2, 1, 1, 618] with unstable size None total_size 1 output_shape 1
layer /input-44 start_node /126 using full alpha [2, 5, 1, 618] with unstable size None total_size 5 output_shape 5
layer /input-52 using sparse-features alpha with shape [1838]; unstable size 1838; total size 10816 ([1, 64, 13, 13])
layer /input-52 start_node /input-48 using full alpha [2, 1, 1, 1838] with unstable size None total_size 1 output_shape 1
layer /input-52 start_node /126 using full alpha [2, 5, 1, 1838] with unstable size None total_size 5 output_shape 5
Optimizable variables initialized.
initial CROWN bounds: tensor([[-5.45197916, -3.41325498, -1.25321102, -3.29300714, -2.37678885]],
       device='cuda:0') None
best_l after optimization: -15.240376472473145
alpha/beta optimization time: 8.756705284118652
initial alpha-crown bounds: tensor([[-5.35724831, -3.30964684, -1.07554722, -3.16576219, -2.33217263]],
       device='cuda:0')
Number of class (without rhs): 5 ; Worst class: (+ rhs) -5.357248306274414
Total VNNLIB file length: 1, max property batch size: 1, total number of batches: 1
lA shape: [torch.Size([1, 5, 16, 52, 52]), torch.Size([1, 5, 16, 52, 52]), torch.Size([1, 5, 16, 52, 52]), torch.Size([1, 5, 16, 26, 26]), torch.Size([1, 5, 16, 26, 26]), torch.Size([1, 5, 32, 13, 13]), torch.Size([1, 5, 64, 13, 13])]

Properties batch 0, size 1
Remaining timeout: 290.1655466556549
Verifying property 0 with 1 instances.
##### Instance 0 first 10 spec matrices: 
tensor([[[0., 0., 0.,  ..., 0., 0., 0.],
         [0., 0., 0.,  ..., 0., 0., 0.],
         [0., 0., 0.,  ..., 0., 0., 0.],
         [0., 0., 0.,  ..., 0., 0., 0.],
         [0., 0., 0.,  ..., 0., 0., 0.]]], dtype=torch.float64)
thresholds: tensor([-1., -1., -1., -1., -1.], device='cuda:0') ######
Model prediction is: tensor([-5.98042870e+00, -6.85062695e+00, -7.07983398e+00,  ...,
         3.59478220e-03, -5.56949712e-02, -6.22759573e-02], device='cuda:0')
build_with_refined_bounds batch [1/1]
setting alpha for layer /input-4 start_node /126 with alignment adjustment
setting alpha for layer /input-12 start_node /126 with alignment adjustment
setting alpha for layer /input-16 start_node /126 with alignment adjustment
setting alpha for layer /input-28 start_node /126 with alignment adjustment
setting alpha for layer /input-32 start_node /126 with alignment adjustment
setting alpha for layer /input-44 start_node /126 with alignment adjustment
setting alpha for layer /input-52 start_node /126 with alignment adjustment
all alpha initialized
directly get lb and ub from refined bounds
c shape: torch.Size([1, 5, 21125])
lA shapes: [torch.Size([1, 5, 16, 52, 52]), torch.Size([1, 5, 16, 52, 52]), torch.Size([1, 5, 16, 52, 52]), torch.Size([1, 5, 16, 26, 26]), torch.Size([1, 5, 16, 26, 26]), torch.Size([1, 5, 32, 13, 13]), torch.Size([1, 5, 64, 13, 13])]
(alpha-)CROWN with fixed intermediate bounds: tensor([[-5.35724831, -3.30964684, -1.07554722, -3.16576219, -2.33217263]],
       device='cuda:0') tensor([[inf, inf, inf, inf, inf]], device='cuda:0')
Intermediate layers: /input,/input-8,/59,/input-24,/89,/input-40,/input-48,/126
Keeping alphas for these layers: ['/126']
Keeping alphas for these layers: ['/126']
Node /input-4 input 0: size torch.Size([16, 52, 52]) unstable 3868
Node /input-12 input 0: size torch.Size([16, 52, 52]) unstable 3260
Node /input-16 input 0: size torch.Size([16, 52, 52]) unstable 2670
Node /input-28 input 0: size torch.Size([16, 26, 26]) unstable 868
Node /input-32 input 0: size torch.Size([16, 26, 26]) unstable 682
Node /input-44 input 0: size torch.Size([32, 13, 13]) unstable 614
Node /input-52 input 0: size torch.Size([64, 13, 13]) unstable 1793
-----------------
# of unstable neurons: 13755
-----------------

BaB round 1
batch: 1
splitting decisions: 
split level 0: [/input-40, 3959] 
split level 1: [/input-48, 3478] 
split level 2: [/input-40, 1450] 
pruning_in_iteration open status: False
ratio of positive domain = 0 / 8 = 0.0
pruning-in-iteration extra time: 4.076957702636719e-05
Time: prepare 0.0004    bound 0.1036    transfer 0.0099    finalize 0.0047    func 0.1187    
Accumulated time: func 0.1187    prepare 0.0006    bound 0.1036    transfer 0.0099    finalize 0.0047    
Current worst splitting domains lb-rhs (depth):
-0.07555 (3), -0.07555 (3), -0.07555 (3), -0.07555 (3), -0.07229 (3), -0.07208 (3), -0.06967 (3), -0.06955 (3), 
Length of domains: 8
Time: pickout 0.0006    decision 0.0575    set_bounds 0.0009    solve 0.1187    add 0.0099    
Accumulated time: pickout 0.0006    decision 0.0575    set_bounds 0.0009    solve 0.1187    add 0.0099    
Current (lb-rhs): tensor([-4.28070641, -2.22857761, -0.07554722, -2.10370135, -1.30583334])
8 domains visited
Cumulative time: 1.961782455444336

BaB round 2
batch: 8
splitting decisions: 
split level 0: [/input-48, 2450] [/input-48, 2450] [/input-40, 1437] [/input-40, 1437] [/input-48, 2450] [/input-48, 2450] [/input-40, 1437] [/input-40, 1437] 
pruning_in_iteration open status: False
ratio of positive domain = 0 / 16 = 0.0
pruning-in-iteration extra time: 4.0531158447265625e-05
Time: prepare 0.0006    bound 0.1031    transfer 0.0176    finalize 0.0091    func 0.1304    
Accumulated time: func 0.2491    prepare 0.0013    bound 0.2068    transfer 0.0275    finalize 0.0139    
Current worst splitting domains lb-rhs (depth):
-0.06262 (4), -0.06179 (4), -0.06053 (4), -0.05972 (4), -0.05381 (4), -0.05344 (4), -0.05296 (4), -0.05293 (4), -0.05129 (4), -0.05098 (4), -0.05077 (4), -0.05074 (4), -0.03721 (4), -0.03671 (4), -0.02952 (4), -0.02938 (4), 
Length of domains: 16
Time: pickout 0.0010    decision 0.0258    set_bounds 0.0007    solve 0.1304    add 0.0193    
Accumulated time: pickout 0.0016    decision 0.0832    set_bounds 0.0016    solve 0.2491    add 0.0292    
Current (lb-rhs): tensor([-4.33549690, -2.28113794, -0.06261849, -2.13776088, -1.31084824])
24 domains visited
Cumulative time: 2.1417834758758545

BaB round 3
batch: 16
splitting decisions: 
split level 0: [/input-48, 593] [/input-48, 593] [/input-48, 593] [/input-48, 593] [/input-48, 593] [/input-48, 593] [/input-40, 1256] [/input-40, 1256] [/input-40, 3971] [/input-40, 3971] 
pruning_in_iteration open status: False
ratio of positive domain = 0 / 32 = 0.0
pruning-in-iteration extra time: 4.076957702636719e-05
Time: prepare 0.0009    bound 0.1029    transfer 0.0331    finalize 0.0181    func 0.1550    
Accumulated time: func 0.4041    prepare 0.0023    bound 0.3097    transfer 0.0606    finalize 0.0319    
Current worst splitting domains lb-rhs (depth):
-0.05644 (5), -0.05559 (5), -0.05439 (5), -0.05348 (5), -0.04741 (5), -0.04694 (5), -0.04506 (5), -0.04263 (5), -0.04176 (5), -0.03916 (5), -0.03877 (5), -0.03869 (5), -0.03842 (5), -0.03798 (5), -0.03756 (5), -0.03631 (5), -0.03631 (5), -0.03602 (5), -0.03571 (5), -0.03556 (5), 
Length of domains: 32
Time: pickout 0.0017    decision 0.0292    set_bounds 0.0010    solve 0.1550    add 0.0426    
Accumulated time: pickout 0.0034    decision 0.1124    set_bounds 0.0026    solve 0.4042    add 0.0717    
Current (lb-rhs): tensor([-4.33549690, -2.27826858, -0.05644131, -2.13613153, -1.30817437])
56 domains visited
Cumulative time: 2.376354455947876

BaB round 4
batch: 32
splitting decisions: 
split level 0: [/input-40, 3998] [/input-40, 3998] [/input-40, 4661] [/input-40, 1256] [/input-40, 3998] [/input-40, 3998] [/input-48, 593] [/input-48, 593] [/input-48, 593] [/input-48, 593] 
pruning_in_iteration open status: False
ratio of positive domain = 4 / 64 = 0.0625
pruning-in-iteration extra time: 7.104873657226562e-05
Time: prepare 0.0014    bound 0.1265    transfer 0.0644    finalize 0.0366    func 0.2290    
Accumulated time: func 0.6331    prepare 0.0039    bound 0.4362    transfer 0.1250    finalize 0.0686    
Current worst splitting domains lb-rhs (depth):
-0.05498 (6), -0.05481 (6), -0.05411 (6), -0.05392 (6), -0.05297 (6), -0.05271 (6), -0.05207 (6), -0.05180 (6), -0.04688 (6), -0.04492 (6), -0.03924 (6), -0.03858 (6), -0.03842 (6), -0.03771 (6), -0.03750 (6), -0.03738 (6), -0.03723 (6), -0.03695 (6), -0.03669 (6), -0.03626 (6), 
Length of domains: 60
Time: pickout 0.0030    decision 0.0425    set_bounds 0.0016    solve 0.2290    add 0.0962    
Accumulated time: pickout 0.0064    decision 0.1550    set_bounds 0.0043    solve 0.6332    add 0.1680    
Current (lb-rhs): tensor([-4.33549690, -2.27573109, -0.05498481, -2.13464069, -1.30691051])
116 domains visited
Cumulative time: 2.757108688354492

BaB round 5
batch: 60
splitting decisions: 
split level 0: [/input-40, 4661] [/input-40, 4661] [/input-40, 1256] [/input-40, 4661] [/input-40, 4661] [/input-40, 4661] [/input-40, 4661] [/input-40, 4661] [/input-40, 4661] [/89, 10363] 
pruning_in_iteration open status: False
ratio of positive domain = 20 / 120 = 0.16666666666666663
pruning-in-iteration extra time: 4.38690185546875e-05
Time: prepare 0.0025    bound 0.2128    transfer 0.1218    finalize 0.0669    func 0.4041    
Accumulated time: func 1.0371    prepare 0.0065    bound 0.6489    transfer 0.2468    finalize 0.1355    
Current worst splitting domains lb-rhs (depth):
-0.05496 (7), -0.05477 (7), -0.05410 (7), -0.05388 (7), -0.05293 (7), -0.05271 (7), -0.05205 (7), -0.05177 (7), -0.03854 (7), -0.03853 (7), -0.03769 (7), -0.03767 (7), -0.03749 (7), -0.03737 (7), -0.03723 (7), -0.03698 (7), -0.03690 (7), -0.03687 (7), -0.03682 (7), -0.03667 (7), 
Length of domains: 100
Time: pickout 0.0055    decision 0.0704    set_bounds 0.0022    solve 0.4041    add 0.1534    
Accumulated time: pickout 0.0119    decision 0.2254    set_bounds 0.0065    solve 1.0373    add 0.3213    
Current (lb-rhs): tensor([-4.33549690, -2.27557421, -0.05496430, -2.13454390, -1.30691051])
216 domains visited
Cumulative time: 3.402451753616333

BaB round 6
batch: 100
splitting decisions: 
split level 0: [/input-48, 8717] [/input-48, 8717] [/input-48, 2450] [/input-48, 8717] [/input-48, 8717] [/input-48, 8717] [/input-48, 8717] [/input-40, 4661] [/input-48, 8717] [/input-40, 4661] 
pruning_in_iteration open status: True
ratio of positive domain = 48 / 200 = 0.24
pruning-in-iteration extra time: 0.0005750656127929688
Time: prepare 0.0040    bound 0.3528    transfer 0.1877    finalize 0.0643    func 0.6088    
Accumulated time: func 1.6460    prepare 0.0108    bound 1.0018    transfer 0.4345    finalize 0.1998    
Current worst splitting domains lb-rhs (depth):
-0.05271 (8), -0.05255 (8), -0.05186 (8), -0.05166 (8), -0.05077 (8), -0.05055 (8), -0.04988 (8), -0.04962 (8), -0.03593 (8), -0.03551 (8), -0.03536 (8), -0.03522 (8), -0.03514 (8), -0.03491 (8), -0.03480 (8), -0.03474 (8), -0.03458 (8), -0.03455 (8), -0.03421 (8), -0.03410 (8), 
Length of domains: 152
Time: pickout 0.0090    decision 0.1181    set_bounds 0.0035    solve 0.6089    add 0.2517    
Accumulated time: pickout 0.0208    decision 0.3435    set_bounds 0.0100    solve 1.6463    add 0.5730    
Current (lb-rhs): tensor([-4.33549690, -2.27408481, -0.05270815, -2.13269687, -1.30691051])
368 domains visited
Cumulative time: 4.4165449142456055

BaB round 7
batch: 128
splitting decisions: 
split level 0: [/input-48, 8885] [/input-40, 1437] [/input-40, 2971] [/input-40, 2971] [/input-48, 8885] [/input-40, 1437] [/input-40, 2971] [/input-40, 2971] [/input-40, 4661] [/input-40, 2971] 
pruning_in_iteration open status: False
ratio of positive domain = 49 / 256 = 0.19140625
pruning-in-iteration extra time: 4.410743713378906e-05
Time: prepare 0.0051    bound 0.4472    transfer 0.2345    finalize 0.1103    func 0.7971    
Accumulated time: func 2.4431    prepare 0.0160    bound 1.4490    transfer 0.6690    finalize 0.3100    
Current worst splitting domains lb-rhs (depth):
-0.05271 (9), -0.05255 (9), -0.05186 (9), -0.05166 (9), -0.05077 (9), -0.05055 (9), -0.04988 (9), -0.04977 (9), -0.04973 (9), -0.04961 (9), -0.04893 (9), -0.04880 (9), -0.04737 (9), -0.04733 (9), -0.04674 (9), -0.04671 (9), -0.03496 (9), -0.03482 (9), -0.03476 (9), -0.03443 (9), 
Length of domains: 231
Time: pickout 0.0115    decision 0.1514    set_bounds 0.0044    solve 0.7972    add 0.4230    
Accumulated time: pickout 0.0324    decision 0.4949    set_bounds 0.0144    solve 2.4434    add 0.9961    
Current (lb-rhs): tensor([-4.33422470, -2.27047634, -0.05270743, -2.12909842, -1.30691051])
575 domains visited
Cumulative time: 5.835981130599976

BaB round 8
batch: 128
splitting decisions: 
split level 0: [/input-48, 8885] [/input-40, 3985] [/input-48, 8885] [/input-40, 1242] [/input-40, 1242] [/input-40, 1242] [/input-40, 3998] [/input-40, 1437] [/input-40, 1437] [/input-40, 3985] 
pruning_in_iteration open status: True
ratio of positive domain = 81 / 256 = 0.31640625
pruning-in-iteration extra time: 0.0024673938751220703
Time: prepare 0.0052    bound 0.3818    transfer 0.2335    finalize 0.0982    func 0.7188    
Accumulated time: func 3.1619    prepare 0.0214    bound 1.8308    transfer 0.9024    finalize 0.4083    
Current worst splitting domains lb-rhs (depth):
-0.05023 (10), -0.05020 (10), -0.04977 (9), -0.04973 (9), -0.04937 (10), -0.04930 (10), -0.04893 (9), -0.04880 (9), -0.04826 (10), -0.04815 (10), -0.04738 (10), -0.04737 (9), -0.04733 (9), -0.04718 (10), -0.04674 (9), -0.04671 (9), -0.03843 (10), -0.03840 (10), -0.03733 (10), -0.03720 (10), 
Length of domains: 278
Time: pickout 0.0115    decision 0.1507    set_bounds 0.0040    solve 0.7190    add 0.3027    
Accumulated time: pickout 0.0439    decision 0.6455    set_bounds 0.0185    solve 3.1624    add 1.2988    
Current (lb-rhs): tensor([-4.33006763, -2.27047372, -0.05023360, -2.12588358, -1.30587220])
750 domains visited
Cumulative time: 7.05830192565918

BaB round 9
batch: 128
splitting decisions: 
split level 0: [/input-48, 8717] [/input-40, 3985] [/input-40, 2971] [/input-40, 2971] [/input-40, 1242] [/input-40, 1242] [/input-40, 3985] [/89, 10363] [/input-40, 3985] [/input-40, 1242] 
pruning_in_iteration open status: True
ratio of positive domain = 109 / 256 = 0.42578125
pruning-in-iteration extra time: 0.0019140243530273438
Time: prepare 0.0054    bound 0.3725    transfer 0.2357    finalize 0.1084    func 0.7221    
Accumulated time: func 3.8840    prepare 0.0270    bound 2.2034    transfer 1.1381    finalize 0.5167    
Current worst splitting domains lb-rhs (depth):
-0.05023 (11), -0.05020 (11), -0.05003 (11), -0.05000 (11), -0.04977 (9), -0.04973 (9), -0.04937 (11), -0.04929 (11), -0.04916 (11), -0.04908 (11), -0.04893 (9), -0.04880 (9), -0.04737 (9), -0.04733 (9), -0.04674 (9), -0.04671 (9), -0.04553 (11), -0.04546 (11), -0.04454 (11), -0.04436 (11), 
Length of domains: 297
Time: pickout 0.0114    decision 0.1504    set_bounds 0.0045    solve 0.7222    add 0.2313    
Accumulated time: pickout 0.0553    decision 0.7960    set_bounds 0.0230    solve 3.8846    add 1.5300    
Current (lb-rhs): tensor([-4.32055712, -2.26055741, -0.05023360, -2.11900067, -1.30155873])
897 domains visited
Cumulative time: 8.214640855789185

BaB round 10
batch: 128
splitting decisions: 
split level 0: [/input-48, 8885] [/input-40, 3971] [/input-40, 3971] [/input-48, 8717] [/input-48, 8885] [/input-48, 8885] [/input-48, 8717] [/input-48, 8717] [/input-40, 2971] [/input-48, 8717] 
pruning_in_iteration open status: True
ratio of positive domain = 104 / 256 = 0.40625
pruning-in-iteration extra time: 0.0024361610412597656
Time: prepare 0.0054    bound 0.3345    transfer 0.2323    finalize 0.1099    func 0.6822    
Accumulated time: func 4.5662    prepare 0.0325    bound 2.5378    transfer 1.3705    finalize 0.6266    
Current worst splitting domains lb-rhs (depth):
-0.04977 (9), -0.04973 (9), -0.04893 (9), -0.04880 (9), -0.04757 (12), -0.04754 (12), -0.04738 (12), -0.04737 (9), -0.04733 (9), -0.04732 (12), -0.04674 (9), -0.04671 (9), -0.04656 (12), -0.04650 (12), -0.04631 (12), -0.04627 (12), -0.04165 (12), -0.04154 (12), -0.04060 (12), -0.04034 (12), 
Length of domains: 321
Time: pickout 0.0113    decision 0.1501    set_bounds 0.0046    solve 0.6823    add 0.2391    
Accumulated time: pickout 0.0666    decision 0.9461    set_bounds 0.0276    solve 4.5669    add 1.7692    
Current (lb-rhs): tensor([-4.31021404, -2.25409842, -0.04976940, -2.12406445, -1.30388165])
1049 domains visited
Cumulative time: 9.337623357772827

BaB round 11
batch: 128
splitting decisions: 
split level 0: [/input-40, 3985] [/input-40, 1256] [/input-40, 1256] [/input-40, 3985] [/input-40, 4672] [/89, 10363] [/input-40, 1256] [/input-40, 945] [/input-40, 1256] [/input-40, 945] 
pruning_in_iteration open status: True
ratio of positive domain = 90 / 256 = 0.3515625
pruning-in-iteration extra time: 0.002415895462036133
Time: prepare 0.0055    bound 0.3545    transfer 0.2316    finalize 0.1140    func 0.7056    
Accumulated time: func 5.2718    prepare 0.0382    bound 2.8923    transfer 1.6021    finalize 0.7405    
Current worst splitting domains lb-rhs (depth):
-0.04977 (9), -0.04973 (9), -0.04893 (9), -0.04880 (9), -0.04738 (12), -0.04737 (9), -0.04733 (9), -0.04732 (12), -0.04674 (9), -0.04671 (9), -0.04631 (12), -0.04627 (12), -0.04388 (13), -0.04385 (13), -0.04246 (13), -0.04243 (13), -0.04232 (13), -0.04228 (13), -0.04199 (13), -0.04192 (13), 
Length of domains: 359
Time: pickout 0.0113    decision 0.1505    set_bounds 0.0046    solve 0.7057    add 0.2932    
Accumulated time: pickout 0.0779    decision 1.0965    set_bounds 0.0322    solve 5.2727    add 2.0624    
Current (lb-rhs): tensor([-4.31021404, -2.25409842, -0.04976940, -2.12406445, -1.30388165])
1215 domains visited
Cumulative time: 10.537466526031494

BaB round 12
batch: 128
splitting decisions: 
split level 0: [/input-48, 6169] [/input-40, 4661] [/input-40, 1956] [/input-48, 6169] [/input-40, 1956] [/input-48, 6169] [/input-48, 4661] [/input-48, 6169] [/input-48, 8885] [/input-40, 1956] 
pruning_in_iteration open status: True
ratio of positive domain = 82 / 256 = 0.3203125
pruning-in-iteration extra time: 0.002132415771484375
Time: prepare 0.0055    bound 0.3885    transfer 0.2646    finalize 0.1136    func 0.7723    
Accumulated time: func 6.0441    prepare 0.0438    bound 3.2808    transfer 1.8667    finalize 0.8542    
Current worst splitting domains lb-rhs (depth):
-0.04977 (9), -0.04973 (9), -0.04893 (9), -0.04880 (9), -0.04738 (12), -0.04737 (9), -0.04733 (9), -0.04732 (12), -0.04674 (9), -0.04671 (9), -0.04631 (12), -0.04627 (12), -0.04388 (13), -0.04385 (13), -0.04246 (13), -0.04243 (13), -0.04165 (12), -0.04154 (12), -0.04034 (12), -0.04020 (12), 
Length of domains: 405
Time: pickout 0.0115    decision 0.1504    set_bounds 0.0051    solve 0.7725    add 0.3124    
Accumulated time: pickout 0.0894    decision 1.2469    set_bounds 0.0373    solve 6.0451    add 2.3748    
Current (lb-rhs): tensor([-4.31021404, -2.25409842, -0.04976940, -2.12406445, -1.30388165])
1389 domains visited
Cumulative time: 11.824745178222656

BaB round 13
batch: 128
splitting decisions: 
split level 0: [/input-48, 6507] [/input-48, 6169] [/input-48, 6169] [/input-48, 6169] [/input-48, 4661] [/input-48, 6169] [/input-40, 3438] [/input-40, 3438] [/input-48, 6169] [/input-48, 6169] 
pruning_in_iteration open status: True
ratio of positive domain = 90 / 256 = 0.3515625
pruning-in-iteration extra time: 0.002401590347290039
Time: prepare 0.0054    bound 0.3473    transfer 0.2341    finalize 0.1146    func 0.7015    
Accumulated time: func 6.7456    prepare 0.0494    bound 3.6281    transfer 2.1008    finalize 0.9688    
Current worst splitting domains lb-rhs (depth):
-0.04977 (9), -0.04973 (9), -0.04893 (9), -0.04880 (9), -0.04738 (12), -0.04737 (9), -0.04733 (9), -0.04732 (12), -0.04674 (9), -0.04671 (9), -0.04631 (12), -0.04627 (12), -0.04388 (13), -0.04385 (13), -0.04246 (13), -0.04243 (13), -0.04165 (12), -0.04154 (12), -0.04034 (12), -0.04020 (12), 
Length of domains: 443
Time: pickout 0.0118    decision 0.1511    set_bounds 0.0043    solve 0.7016    add 0.2979    
Accumulated time: pickout 0.1011    decision 1.3980    set_bounds 0.0417    solve 6.7467    add 2.6727    
Current (lb-rhs): tensor([-4.31021404, -2.25409842, -0.04976940, -2.12406445, -1.30388165])
1555 domains visited
Cumulative time: 13.026333570480347

BaB round 14
batch: 128
splitting decisions: 
split level 0: [/input-48, 6507] [/input-40, 3166] [/input-48, 6507] [/input-40, 3985] [/input-48, 6507] [/input-48, 6507] [/input-48, 6507] [/input-40, 1437] [/input-48, 6169] [/input-40, 1437] 
pruning_in_iteration open status: True
ratio of positive domain = 71 / 256 = 0.27734375
pruning-in-iteration extra time: 0.002499103546142578
Time: prepare 0.0059    bound 0.3641    transfer 0.2351    finalize 0.1912    func 0.7965    
Accumulated time: func 7.5421    prepare 0.0555    bound 3.9923    transfer 2.3359    finalize 1.1601    
Current worst splitting domains lb-rhs (depth):
-0.04977 (9), -0.04973 (9), -0.04893 (9), -0.04880 (9), -0.04738 (12), -0.04737 (9), -0.04733 (9), -0.04732 (12), -0.04674 (9), -0.04671 (9), -0.04631 (12), -0.04627 (12), -0.04388 (13), -0.04385 (13), -0.04246 (13), -0.04243 (13), -0.04165 (12), -0.04154 (12), -0.04034 (12), -0.04020 (12), 
Length of domains: 500
Time: pickout 0.0114    decision 0.1501    set_bounds 0.0046    solve 0.7966    add 0.3244    
Accumulated time: pickout 0.1126    decision 1.5481    set_bounds 0.0463    solve 7.5433    add 2.9971    
Current (lb-rhs): tensor([-4.31021404, -2.25409842, -0.04976940, -2.12406445, -1.30388165])
1740 domains visited
Cumulative time: 14.350475072860718

BaB round 15
batch: 128
splitting decisions: 
split level 0: [/input-40, 1437] [/input-40, 1437] [/input-40, 1437] [/input-40, 1256] [/input-40, 1256] [/input-40, 1256] [/input-40, 3166] [/input-40, 3166] [/input-40, 3166] [/input-48, 6507] 
pruning_in_iteration open status: True
ratio of positive domain = 89 / 256 = 0.34765625
pruning-in-iteration extra time: 0.002438783645629883
Time: prepare 0.0055    bound 0.3463    transfer 0.2312    finalize 0.1148    func 0.6979    
Accumulated time: func 8.2400    prepare 0.0612    bound 4.3386    transfer 2.5671    finalize 1.2749    
Current worst splitting domains lb-rhs (depth):
-0.04977 (9), -0.04973 (9), -0.04893 (9), -0.04880 (9), -0.04738 (12), -0.04737 (9), -0.04733 (9), -0.04732 (12), -0.04674 (9), -0.04671 (9), -0.04631 (12), -0.04627 (12), -0.04388 (13), -0.04385 (13), -0.04246 (13), -0.04243 (13), -0.04165 (12), -0.04154 (12), -0.04034 (12), -0.04020 (12), 
Length of domains: 539
Time: pickout 0.0117    decision 0.1503    set_bounds 0.0047    solve 0.6980    add 0.2956    
Accumulated time: pickout 0.1242    decision 1.6985    set_bounds 0.0509    solve 8.2414    add 3.2926    
Current (lb-rhs): tensor([-4.31021404, -2.25409842, -0.04976940, -2.12406445, -1.30388165])
1907 domains visited
Cumulative time: 15.545728921890259

BaB round 16
batch: 128
splitting decisions: 
split level 0: [/input-40, 1256] [/input-40, 1437] [/input-40, 1256] [/input-40, 1437] [/input-40, 945] [/input-40, 3166] [/input-40, 903] [/input-40, 903] [/input-40, 3166] [/input-40, 3166] 
pruning_in_iteration open status: True
ratio of positive domain = 74 / 256 = 0.2890625
pruning-in-iteration extra time: 0.002438068389892578
Time: prepare 0.0059    bound 0.3818    transfer 0.2482    finalize 0.1112    func 0.7471    
Accumulated time: func 8.9871    prepare 0.0673    bound 4.7204    transfer 2.8153    finalize 1.3860    
Current worst splitting domains lb-rhs (depth):
-0.04977 (9), -0.04973 (9), -0.04893 (9), -0.04880 (9), -0.04738 (12), -0.04737 (9), -0.04733 (9), -0.04732 (12), -0.04674 (9), -0.04671 (9), -0.04631 (12), -0.04627 (12), -0.04388 (13), -0.04385 (13), -0.04246 (13), -0.04243 (13), -0.04165 (12), -0.04154 (12), -0.04034 (12), -0.04020 (12), 
Length of domains: 593
Time: pickout 0.0113    decision 0.1503    set_bounds 0.0052    solve 0.7472    add 0.3193    
Accumulated time: pickout 0.1355    decision 1.8487    set_bounds 0.0561    solve 8.9886    add 3.6119    
Current (lb-rhs): tensor([-4.31021404, -2.25409842, -0.04976940, -2.12406445, -1.30388165])
2089 domains visited
Cumulative time: 16.814035177230835

BaB round 17
batch: 128
splitting decisions: 
split level 0: [/input-40, 1256] [/input-40, 1256] [/input-40, 1256] [/input-40, 945] [/input-40, 3166] [/input-40, 3166] [/input-40, 1256] [/input-40, 1256] [/input-40, 945] [/input-40, 1256] 
pruning_in_iteration open status: True
ratio of positive domain = 111 / 256 = 0.43359375
pruning-in-iteration extra time: 0.0024328231811523438
Time: prepare 0.0055    bound 0.3083    transfer 0.2349    finalize 0.1130    func 0.6618    
Accumulated time: func 9.6489    prepare 0.0730    bound 5.0287    transfer 3.0502    finalize 1.4990    
Current worst splitting domains lb-rhs (depth):
-0.04977 (9), -0.04973 (9), -0.04893 (9), -0.04880 (9), -0.04738 (12), -0.04737 (9), -0.04733 (9), -0.04732 (12), -0.04674 (9), -0.04671 (9), -0.04631 (12), -0.04627 (12), -0.04388 (13), -0.04385 (13), -0.04246 (13), -0.04243 (13), -0.04165 (12), -0.04154 (12), -0.04034 (12), -0.04020 (12), 
Length of domains: 610
Time: pickout 0.0114    decision 0.1503    set_bounds 0.0046    solve 0.6620    add 0.2347    
Accumulated time: pickout 0.1470    decision 1.9990    set_bounds 0.0607    solve 9.6505    add 3.8465    
Current (lb-rhs): tensor([-4.31021404, -2.25409842, -0.04976940, -2.12406445, -1.30388165])
2234 domains visited
Cumulative time: 17.912046194076538

BaB round 18
batch: 128
splitting decisions: 
split level 0: [/input-40, 1256] [/input-40, 1256] [/input-48, 8549] [/input-40, 1256] [/input-40, 1256] [/input-40, 1256] [/input-40, 1256] [/input-40, 1956] [/input-40, 1956] [/input-40, 945] 
pruning_in_iteration open status: True
ratio of positive domain = 90 / 256 = 0.3515625
pruning-in-iteration extra time: 0.002410888671875
Time: prepare 0.0055    bound 0.3480    transfer 0.2322    finalize 0.1155    func 0.7012    
Accumulated time: func 10.3501    prepare 0.0786    bound 5.3767    transfer 3.2824    finalize 1.6145    
Current worst splitting domains lb-rhs (depth):
-0.04977 (9), -0.04973 (9), -0.04893 (9), -0.04880 (9), -0.04738 (12), -0.04737 (9), -0.04733 (9), -0.04732 (12), -0.04674 (9), -0.04671 (9), -0.04631 (12), -0.04627 (12), -0.04388 (13), -0.04385 (13), -0.04246 (13), -0.04243 (13), -0.04165 (12), -0.04154 (12), -0.04034 (12), -0.04020 (12), 
Length of domains: 648
Time: pickout 0.0116    decision 0.1502    set_bounds 0.0046    solve 0.7014    add 0.2932    
Accumulated time: pickout 0.1586    decision 2.1493    set_bounds 0.0653    solve 10.3519    add 4.1397    
Current (lb-rhs): tensor([-4.31021404, -2.25409842, -0.04976940, -2.12406445, -1.30388165])
2400 domains visited
Cumulative time: 19.107827186584473

BaB round 19
batch: 128
splitting decisions: 
split level 0: [/input-48, 8549] [/input-40, 1256] [/input-48, 8549] [/input-40, 3167] [/input-48, 8549] [/input-48, 8549] [/input-48, 8549] [/input-48, 8549] [/input-48, 8549] [/input-48, 8549] 
pruning_in_iteration open status: True
ratio of positive domain = 53 / 256 = 0.20703125
pruning-in-iteration extra time: 0.0008785724639892578
Time: prepare 0.0055    bound 0.4366    transfer 0.2346    finalize 0.1106    func 0.7874    
Accumulated time: func 11.1375    prepare 0.0842    bound 5.8133    transfer 3.5170    finalize 1.7252    
Current worst splitting domains lb-rhs (depth):
-0.04977 (9), -0.04973 (9), -0.04893 (9), -0.04880 (9), -0.04738 (12), -0.04737 (9), -0.04733 (9), -0.04732 (12), -0.04674 (9), -0.04671 (9), -0.04631 (12), -0.04627 (12), -0.04388 (13), -0.04385 (13), -0.04246 (13), -0.04243 (13), -0.04165 (12), -0.04154 (12), -0.04034 (12), -0.04020 (12), 
Length of domains: 723
Time: pickout 0.0112    decision 0.1517    set_bounds 0.0045    solve 0.7875    add 0.4341    
Accumulated time: pickout 0.1699    decision 2.3010    set_bounds 0.0699    solve 11.1394    add 4.5739    
Current (lb-rhs): tensor([-4.31021404, -2.25409842, -0.04976940, -2.12406445, -1.30388165])
2603 domains visited
Cumulative time: 20.535993576049805

BaB round 20
batch: 128
splitting decisions: 
split level 0: [/input-40, 4987] [/input-48, 918] [/input-40, 1256] [/input-40, 1256] [/input-40, 3167] [/input-40, 3167] [/input-48, 4661] [/input-48, 918] [/input-48, 918] [/input-48, 918] 
pruning_in_iteration open status: True
ratio of positive domain = 121 / 256 = 0.47265625
pruning-in-iteration extra time: 0.0023992061614990234
Time: prepare 0.0055    bound 0.3073    transfer 0.2440    finalize 0.1236    func 0.6806    
Accumulated time: func 11.8180    prepare 0.0899    bound 6.1207    transfer 3.7610    finalize 1.8488    
Current worst splitting domains lb-rhs (depth):
-0.04977 (9), -0.04973 (9), -0.04893 (9), -0.04880 (9), -0.04738 (12), -0.04737 (9), -0.04733 (9), -0.04732 (12), -0.04674 (9), -0.04671 (9), -0.04631 (12), -0.04627 (12), -0.04388 (13), -0.04385 (13), -0.04246 (13), -0.04243 (13), -0.04165 (12), -0.04154 (12), -0.04034 (12), -0.04020 (12), 
Length of domains: 730
Time: pickout 0.0113    decision 0.1495    set_bounds 0.0045    solve 0.6807    add 0.2436    
Accumulated time: pickout 0.1812    decision 2.4505    set_bounds 0.0744    solve 11.8201    add 4.8175    
Current (lb-rhs): tensor([-4.31021404, -2.25409842, -0.04976940, -2.12406445, -1.30388165])
2738 domains visited
Cumulative time: 21.660623788833618

BaB round 21
batch: 128
splitting decisions: 
split level 0: [/input-40, 3167] [/input-48, 918] [/input-48, 918] [/input-40, 4167] [/input-48, 918] [/input-48, 918] [/input-48, 918] [/input-48, 918] [/input-40, 3167] [/input-48, 918] 
pruning_in_iteration open status: True
ratio of positive domain = 136 / 256 = 0.53125
pruning-in-iteration extra time: 0.0024182796478271484
Time: prepare 0.0056    bound 0.3001    transfer 0.2413    finalize 0.1220    func 0.6690    
Accumulated time: func 12.4870    prepare 0.0957    bound 6.4208    transfer 4.0023    finalize 1.9708    
Current worst splitting domains lb-rhs (depth):
-0.04977 (9), -0.04973 (9), -0.04893 (9), -0.04880 (9), -0.04738 (12), -0.04737 (9), -0.04733 (9), -0.04732 (12), -0.04674 (9), -0.04671 (9), -0.04631 (12), -0.04627 (12), -0.04388 (13), -0.04385 (13), -0.04246 (13), -0.04243 (13), -0.04165 (12), -0.04154 (12), -0.04034 (12), -0.04020 (12), 
Length of domains: 722
Time: pickout 0.0120    decision 0.1511    set_bounds 0.0047    solve 0.6691    add 0.1902    
Accumulated time: pickout 0.1932    decision 2.6016    set_bounds 0.0791    solve 12.4892    add 5.0077    
Current (lb-rhs): tensor([-4.31021404, -2.25409842, -0.04976940, -2.12406445, -1.30388165])
2858 domains visited
Cumulative time: 22.723145246505737

BaB round 22
batch: 128
splitting decisions: 
split level 0: [/input-40, 1956] [/input-40, 5129] [/input-40, 5129] [/input-48, 918] [/input-48, 918] [/input-40, 3167] [/input-48, 918] [/input-40, 1956] [/input-40, 4636] [/input-40, 4636] 
pruning_in_iteration open status: True
ratio of positive domain = 137 / 256 = 0.53515625
pruning-in-iteration extra time: 0.002431154251098633
Time: prepare 0.0056    bound 0.2905    transfer 0.2361    finalize 0.1128    func 0.6451    
Accumulated time: func 13.1321    prepare 0.1015    bound 6.7113    transfer 4.2384    finalize 2.0836    
Current worst splitting domains lb-rhs (depth):
-0.04977 (9), -0.04973 (9), -0.04893 (9), -0.04880 (9), -0.04738 (12), -0.04737 (9), -0.04733 (9), -0.04732 (12), -0.04674 (9), -0.04671 (9), -0.04631 (12), -0.04627 (12), -0.04388 (13), -0.04385 (13), -0.04246 (13), -0.04243 (13), -0.04165 (12), -0.04154 (12), -0.04034 (12), -0.04020 (12), 
Length of domains: 713
Time: pickout 0.0113    decision 0.1510    set_bounds 0.0050    solve 0.6452    add 0.1892    
Accumulated time: pickout 0.2045    decision 2.7525    set_bounds 0.0841    solve 13.1344    add 5.1969    
Current (lb-rhs): tensor([-4.31021404, -2.25409842, -0.04976940, -2.12406445, -1.30388165])
2977 domains visited
Cumulative time: 23.759961366653442

BaB round 23
batch: 128
splitting decisions: 
split level 0: [/input-40, 1956] [/input-40, 1956] [/input-40, 1256] [/input-40, 1256] [/input-40, 3167] [/input-40, 4636] [/input-40, 4636] [/input-40, 1956] [/input-40, 5129] [/input-48, 918] 
pruning_in_iteration open status: True
ratio of positive domain = 112 / 256 = 0.4375
pruning-in-iteration extra time: 0.002500772476196289
Time: prepare 0.0058    bound 0.3253    transfer 0.2294    finalize 0.1112    func 0.6718    
Accumulated time: func 13.8039    prepare 0.1075    bound 7.0366    transfer 4.4677    finalize 2.1948    
Current worst splitting domains lb-rhs (depth):
-0.04977 (9), -0.04973 (9), -0.04893 (9), -0.04880 (9), -0.04738 (12), -0.04737 (9), -0.04733 (9), -0.04732 (12), -0.04674 (9), -0.04671 (9), -0.04631 (12), -0.04627 (12), -0.04388 (13), -0.04385 (13), -0.04246 (13), -0.04243 (13), -0.04165 (12), -0.04154 (12), -0.04034 (12), -0.04020 (12), 
Length of domains: 729
Time: pickout 0.0114    decision 0.1506    set_bounds 0.0051    solve 0.6719    add 0.2301    
Accumulated time: pickout 0.2159    decision 2.9032    set_bounds 0.0892    solve 13.8064    add 5.4270    
Current (lb-rhs): tensor([-4.31021404, -2.25409842, -0.04976940, -2.12406445, -1.30388165])
3121 domains visited
Cumulative time: 24.86459994316101

BaB round 24
batch: 128
splitting decisions: 
split level 0: [/input-40, 5129] [/input-40, 4167] [/input-40, 4167] [/input-40, 4167] [/input-48, 918] [/input-48, 8184] [/input-48, 8184] [/input-40, 4636] [/input-40, 2802] [/input-40, 1956] 
pruning_in_iteration open status: True
ratio of positive domain = 123 / 256 = 0.48046875
pruning-in-iteration extra time: 0.0025246143341064453
Time: prepare 0.0056    bound 0.3019    transfer 0.2282    finalize 0.1122    func 0.6479    
Accumulated time: func 14.4518    prepare 0.1132    bound 7.3385    transfer 4.6960    finalize 2.3070    
Current worst splitting domains lb-rhs (depth):
-0.04977 (9), -0.04973 (9), -0.04893 (9), -0.04880 (9), -0.04738 (12), -0.04737 (9), -0.04733 (9), -0.04732 (12), -0.04674 (9), -0.04671 (9), -0.04631 (12), -0.04627 (12), -0.04388 (13), -0.04385 (13), -0.04246 (13), -0.04243 (13), -0.04165 (12), -0.04154 (12), -0.04034 (12), -0.04020 (12), 
Length of domains: 734
Time: pickout 0.0113    decision 0.1503    set_bounds 0.0049    solve 0.6481    add 0.2106    
Accumulated time: pickout 0.2272    decision 3.0535    set_bounds 0.0941    solve 14.4545    add 5.6376    
Current (lb-rhs): tensor([-4.31021404, -2.25409842, -0.04976940, -2.12406445, -1.30388165])
3254 domains visited
Cumulative time: 25.924830436706543

BaB round 25
batch: 128
splitting decisions: 
split level 0: [/input-48, 5141] [/input-40, 3944] [/input-40, 3944] [/input-40, 3944] [/input-40, 3944] [/input-40, 3944] [/input-40, 3944] [/input-40, 3944] [/input-40, 3944] [/input-48, 8184] 
pruning_in_iteration open status: True
ratio of positive domain = 72 / 256 = 0.28125
pruning-in-iteration extra time: 0.0016694068908691406
Time: prepare 0.0056    bound 0.3950    transfer 0.2370    finalize 0.1150    func 0.7527    
Accumulated time: func 15.2045    prepare 0.1189    bound 7.7334    transfer 4.9330    finalize 2.4221    
Current worst splitting domains lb-rhs (depth):
-0.04977 (9), -0.04973 (9), -0.04893 (9), -0.04880 (9), -0.04738 (12), -0.04737 (9), -0.04733 (9), -0.04732 (12), -0.04674 (9), -0.04671 (9), -0.04631 (12), -0.04627 (12), -0.04388 (13), -0.04385 (13), -0.04246 (13), -0.04243 (13), -0.04165 (12), -0.04154 (12), -0.04034 (12), -0.04020 (12), 
Length of domains: 790
Time: pickout 0.0114    decision 0.1509    set_bounds 0.0045    solve 0.7528    add 0.3169    
Accumulated time: pickout 0.2385    decision 3.2044    set_bounds 0.0985    solve 15.2072    add 5.9545    
Current (lb-rhs): tensor([-4.31021404, -2.25409842, -0.04976940, -2.12406445, -1.30388165])
3438 domains visited
Cumulative time: 27.19926619529724

BaB round 26
batch: 128
splitting decisions: 
split level 0: [/input-48, 918] [/input-40, 4167] [/input-40, 2802] [/input-48, 4661] [/input-40, 3944] [/input-48, 7183] [/input-40, 4622] [/input-48, 4661] [/input-48, 4661] [/input-40, 4622] 
pruning_in_iteration open status: True
ratio of positive domain = 112 / 256 = 0.4375
pruning-in-iteration extra time: 0.002404451370239258
Time: prepare 0.0055    bound 0.3151    transfer 0.2316    finalize 0.1964    func 0.7486    
Accumulated time: func 15.9531    prepare 0.1246    bound 8.0485    transfer 5.1646    finalize 2.6185    
Current worst splitting domains lb-rhs (depth):
-0.04977 (9), -0.04973 (9), -0.04893 (9), -0.04880 (9), -0.04738 (12), -0.04737 (9), -0.04733 (9), -0.04732 (12), -0.04674 (9), -0.04671 (9), -0.04631 (12), -0.04627 (12), -0.04388 (13), -0.04385 (13), -0.04246 (13), -0.04243 (13), -0.04165 (12), -0.04154 (12), -0.04034 (12), -0.04020 (12), 
Length of domains: 806
Time: pickout 0.0115    decision 0.1510    set_bounds 0.0047    solve 0.7487    add 0.2306    
Accumulated time: pickout 0.2501    decision 3.3553    set_bounds 0.1032    solve 15.9560    add 6.1851    
Current (lb-rhs): tensor([-4.31021404, -2.25409842, -0.04976940, -2.12406445, -1.30388165])
3582 domains visited
Cumulative time: 28.383354425430298

BaB round 27
batch: 128
splitting decisions: 
split level 0: [/input-48, 4661] [/input-48, 4661] [/input-40, 3167] [/input-48, 5141] [/input-40, 3944] [/input-48, 918] [/input-40, 3167] [/input-48, 918] [/input-40, 3167] [/input-40, 5129] 
pruning_in_iteration open status: True
ratio of positive domain = 91 / 256 = 0.35546875
pruning-in-iteration extra time: 0.0025954246520996094
Time: prepare 0.0056    bound 0.3447    transfer 0.2423    finalize 0.1007    func 0.6933    
Accumulated time: func 16.6464    prepare 0.1304    bound 8.3932    transfer 5.4068    finalize 2.7192    
Current worst splitting domains lb-rhs (depth):
-0.04977 (9), -0.04973 (9), -0.04893 (9), -0.04880 (9), -0.04738 (12), -0.04737 (9), -0.04733 (9), -0.04732 (12), -0.04674 (9), -0.04671 (9), -0.04631 (12), -0.04627 (12), -0.04388 (13), -0.04385 (13), -0.04246 (13), -0.04243 (13), -0.04165 (12), -0.04154 (12), -0.04034 (12), -0.04020 (12), 
Length of domains: 843
Time: pickout 0.0113    decision 0.1507    set_bounds 0.0051    solve 0.6935    add 0.2911    
Accumulated time: pickout 0.2614    decision 3.5060    set_bounds 0.1083    solve 16.6495    add 6.4762    
Current (lb-rhs): tensor([-4.31021404, -2.25409842, -0.04976940, -2.12406445, -1.30388165])
3747 domains visited
Cumulative time: 29.570913553237915

BaB round 28
batch: 128
splitting decisions: 
split level 0: [/input-40, 3167] [/input-40, 5129] [/input-40, 3167] [/input-48, 4661] [/input-48, 4661] [/input-48, 5141] [/input-48, 4661] [/input-48, 4661] [/input-48, 4661] [/input-40, 3167] 
pruning_in_iteration open status: True
ratio of positive domain = 77 / 256 = 0.30078125
pruning-in-iteration extra time: 0.002429962158203125
Time: prepare 0.0054    bound 0.3587    transfer 0.2367    finalize 0.1128    func 0.7136    
Accumulated time: func 17.3600    prepare 0.1359    bound 8.7519    transfer 5.6436    finalize 2.8319    
Current worst splitting domains lb-rhs (depth):
-0.04977 (9), -0.04973 (9), -0.04893 (9), -0.04880 (9), -0.04738 (12), -0.04737 (9), -0.04733 (9), -0.04732 (12), -0.04674 (9), -0.04671 (9), -0.04631 (12), -0.04627 (12), -0.04388 (13), -0.04385 (13), -0.04246 (13), -0.04243 (13), -0.04165 (12), -0.04154 (12), -0.04034 (12), -0.04020 (12), 
Length of domains: 894
Time: pickout 0.0115    decision 0.1504    set_bounds 0.0050    solve 0.7137    add 0.3150    
Accumulated time: pickout 0.2728    decision 3.6565    set_bounds 0.1133    solve 17.3632    add 6.7912    
Current (lb-rhs): tensor([-4.31021404, -2.25409842, -0.04976940, -2.12406445, -1.30388165])
3926 domains visited
Cumulative time: 30.803165197372437

BaB round 29
batch: 128
splitting decisions: 
split level 0: [/input-40, 3944] [/input-40, 3167] [/input-48, 5141] [/input-48, 5141] [/input-24, 1549] [/input-48, 5141] [/input-40, 3944] [/input-40, 3944] [/input-48, 4661] [/input-48, 4661] 
pruning_in_iteration open status: True
ratio of positive domain = 66 / 256 = 0.2578125
pruning-in-iteration extra time: 0.002014636993408203
Time: prepare 0.0055    bound 0.3971    transfer 0.2503    finalize 0.1126    func 0.7656    
Accumulated time: func 18.1256    prepare 0.1416    bound 9.1490    transfer 5.8938    finalize 2.9445    
Current worst splitting domains lb-rhs (depth):
-0.04977 (9), -0.04973 (9), -0.04893 (9), -0.04880 (9), -0.04738 (12), -0.04737 (9), -0.04733 (9), -0.04732 (12), -0.04674 (9), -0.04671 (9), -0.04631 (12), -0.04627 (12), -0.04388 (13), -0.04385 (13), -0.04246 (13), -0.04243 (13), -0.04165 (12), -0.04154 (12), -0.04034 (12), -0.04020 (12), 
Length of domains: 956
Time: pickout 0.0114    decision 0.1503    set_bounds 0.0049    solve 0.7657    add 0.3495    
Accumulated time: pickout 0.2843    decision 3.8068    set_bounds 0.1182    solve 18.1289    add 7.1407    
Current (lb-rhs): tensor([-4.31021404, -2.25409842, -0.04976940, -2.12406445, -1.30388165])
4116 domains visited
Cumulative time: 32.12128305435181

BaB round 30
batch: 128
splitting decisions: 
split level 0: [/input-40, 5129] [/input-40, 3167] [/input-48, 6170] [/input-40, 4987] [/input-48, 6170] [/input-48, 6170] [/input-48, 6170] [/input-40, 4987] [/input-48, 6170] [/input-40, 3944] 
pruning_in_iteration open status: True
ratio of positive domain = 91 / 256 = 0.35546875
pruning-in-iteration extra time: 0.001890420913696289
Time: prepare 0.0057    bound 0.3702    transfer 0.2555    finalize 0.1024    func 0.7339    
Accumulated time: func 18.8595    prepare 0.1475    bound 9.5193    transfer 6.1494    finalize 3.0469    
Current worst splitting domains lb-rhs (depth):
-0.04977 (9), -0.04973 (9), -0.04893 (9), -0.04880 (9), -0.04738 (12), -0.04737 (9), -0.04733 (9), -0.04732 (12), -0.04674 (9), -0.04671 (9), -0.04631 (12), -0.04627 (12), -0.04388 (13), -0.04385 (13), -0.04246 (13), -0.04243 (13), -0.04165 (12), -0.04154 (12), -0.04034 (12), -0.04020 (12), 
Length of domains: 993
Time: pickout 0.0119    decision 0.1505    set_bounds 0.0051    solve 0.7347    add 0.2962    
Accumulated time: pickout 0.2961    decision 3.9573    set_bounds 0.1233    solve 18.8637    add 7.4369    
Current (lb-rhs): tensor([-4.31021404, -2.25409842, -0.04976940, -2.12406445, -1.30388165])
4281 domains visited
Cumulative time: 33.360389947891235

BaB round 31
batch: 128
splitting decisions: 
split level 0: [/input-48, 6170] [/input-40, 4167] [/input-48, 6170] [/input-40, 3167] [/input-40, 3167] [/input-40, 3944] [/input-48, 6170] [/input-40, 3167] [/input-40, 3944] [/input-40, 4141] 
pruning_in_iteration open status: True
ratio of positive domain = 141 / 256 = 0.55078125
pruning-in-iteration extra time: 0.002639293670654297
Time: prepare 0.0059    bound 0.2781    transfer 0.2509    finalize 0.1008    func 0.6356    
Accumulated time: func 19.4951    prepare 0.1535    bound 9.7974    transfer 6.4002    finalize 3.1476    
Current worst splitting domains lb-rhs (depth):
-0.04977 (9), -0.04973 (9), -0.04893 (9), -0.04880 (9), -0.04738 (12), -0.04737 (9), -0.04733 (9), -0.04732 (12), -0.04674 (9), -0.04671 (9), -0.04631 (12), -0.04627 (12), -0.04388 (13), -0.04385 (13), -0.04246 (13), -0.04243 (13), -0.04165 (12), -0.04154 (12), -0.04034 (12), -0.04020 (12), 
Length of domains: 980
Time: pickout 0.0113    decision 0.1512    set_bounds 0.0050    solve 0.6358    add 0.1813    
Accumulated time: pickout 0.3074    decision 4.1085    set_bounds 0.1282    solve 19.4994    add 7.6182    
Current (lb-rhs): tensor([-4.31021404, -2.25409842, -0.04976940, -2.12406445, -1.30388165])
4396 domains visited
Cumulative time: 34.37955856323242

BaB round 32
batch: 128
splitting decisions: 
split level 0: [/input-40, 4988] [/input-48, 6170] [/input-40, 4167] [/input-48, 6170] [/input-48, 7183] [/input-48, 6170] [/input-40, 3167] [/input-48, 6170] [/input-40, 3167] [/input-40, 3944] 
pruning_in_iteration open status: True
ratio of positive domain = 139 / 256 = 0.54296875
pruning-in-iteration extra time: 0.002512216567993164
Time: prepare 0.0061    bound 0.2913    transfer 0.2399    finalize 0.1031    func 0.6404    
Accumulated time: func 20.1355    prepare 0.1598    bound 10.0887    transfer 6.6401    finalize 3.2507    
Current worst splitting domains lb-rhs (depth):
-0.04977 (9), -0.04973 (9), -0.04893 (9), -0.04880 (9), -0.04738 (12), -0.04737 (9), -0.04733 (9), -0.04732 (12), -0.04674 (9), -0.04671 (9), -0.04631 (12), -0.04627 (12), -0.04388 (13), -0.04385 (13), -0.04246 (13), -0.04243 (13), -0.04165 (12), -0.04154 (12), -0.04034 (12), -0.04020 (12), 
Length of domains: 969
Time: pickout 0.0116    decision 0.1507    set_bounds 0.0048    solve 0.6406    add 0.1851    
Accumulated time: pickout 0.3190    decision 4.2593    set_bounds 0.1330    solve 20.1400    add 7.8034    
Current (lb-rhs): tensor([-4.31021404, -2.25409842, -0.04976940, -2.12406445, -1.30388165])
4513 domains visited
Cumulative time: 35.406819343566895

BaB round 33
batch: 128
splitting decisions: 
split level 0: [/input-40, 3167] [/89, 10307] [/input-48, 6170] [/input-40, 3944] [/input-40, 4987] [/input-48, 6170] [/input-40, 3167] [/89, 10307] [/input-40, 4988] [/89, 10307] 
pruning_in_iteration open status: True
ratio of positive domain = 148 / 256 = 0.578125
pruning-in-iteration extra time: 0.0024666786193847656
Time: prepare 0.0060    bound 0.2832    transfer 0.2425    finalize 0.1025    func 0.6342    
Accumulated time: func 20.7697    prepare 0.1660    bound 10.3718    transfer 6.8827    finalize 3.3532    
Current worst splitting domains lb-rhs (depth):
-0.04977 (9), -0.04973 (9), -0.04893 (9), -0.04880 (9), -0.04738 (12), -0.04737 (9), -0.04733 (9), -0.04732 (12), -0.04674 (9), -0.04671 (9), -0.04631 (12), -0.04627 (12), -0.04388 (13), -0.04385 (13), -0.04246 (13), -0.04243 (13), -0.04165 (12), -0.04154 (12), -0.04034 (12), -0.04020 (12), 
Length of domains: 949
Time: pickout 0.0115    decision 0.1508    set_bounds 0.0048    solve 0.6344    add 0.1673    
Accumulated time: pickout 0.3306    decision 4.4100    set_bounds 0.1378    solve 20.7743    add 7.9706    
Current (lb-rhs): tensor([-4.31021404, -2.25409842, -0.04976940, -2.12406445, -1.30388165])
4621 domains visited
Cumulative time: 36.41002440452576

BaB round 34
batch: 128
splitting decisions: 
split level 0: [/input-48, 918] [/input-48, 918] [/input-40, 4988] [/input-48, 6170] [/input-48, 6170] [/input-40, 3167] [/input-48, 4661] [/89, 10307] [/input-48, 6170] [/input-40, 3167] 
pruning_in_iteration open status: True
ratio of positive domain = 144 / 256 = 0.5625
pruning-in-iteration extra time: 0.002477407455444336
Time: prepare 0.0060    bound 0.2779    transfer 0.2428    finalize 0.1021    func 0.6289    
Accumulated time: func 21.3986    prepare 0.1722    bound 10.6497    transfer 7.1255    finalize 3.4553    
Current worst splitting domains lb-rhs (depth):
-0.04977 (9), -0.04973 (9), -0.04893 (9), -0.04880 (9), -0.04738 (12), -0.04737 (9), -0.04733 (9), -0.04732 (12), -0.04674 (9), -0.04671 (9), -0.04631 (12), -0.04627 (12), -0.04388 (13), -0.04385 (13), -0.04246 (13), -0.04243 (13), -0.04165 (12), -0.04154 (12), -0.04034 (12), -0.04020 (12), 
Length of domains: 933
Time: pickout 0.0114    decision 0.1505    set_bounds 0.0050    solve 0.6290    add 0.1796    
Accumulated time: pickout 0.3420    decision 4.5605    set_bounds 0.1427    solve 21.4033    add 8.1502    
Current (lb-rhs): tensor([-4.31021404, -2.25409842, -0.04976940, -2.12406445, -1.30388165])
4733 domains visited
Cumulative time: 37.42025637626648

BaB round 35
batch: 128
splitting decisions: 
split level 0: [/input-40, 3944] [/input-48, 4661] [/89, 10307] [/input-48, 4661] [/input-40, 3167] [/input-40, 3167] [/input-40, 3944] [/input-40, 3944] [/89, 4357] [/input-48, 6170] 
pruning_in_iteration open status: True
ratio of positive domain = 135 / 256 = 0.52734375
pruning-in-iteration extra time: 0.002490997314453125
Time: prepare 0.0060    bound 0.2980    transfer 0.2418    finalize 0.1019    func 0.6477    
Accumulated time: func 22.0463    prepare 0.1783    bound 10.9477    transfer 7.3673    finalize 3.5571    
Current worst splitting domains lb-rhs (depth):
-0.04977 (9), -0.04973 (9), -0.04893 (9), -0.04880 (9), -0.04738 (12), -0.04737 (9), -0.04733 (9), -0.04732 (12), -0.04674 (9), -0.04671 (9), -0.04631 (12), -0.04627 (12), -0.04388 (13), -0.04385 (13), -0.04246 (13), -0.04243 (13), -0.04165 (12), -0.04154 (12), -0.04034 (12), -0.04020 (12), 
Length of domains: 926
Time: pickout 0.0114    decision 0.1506    set_bounds 0.0049    solve 0.6478    add 0.1941    
Accumulated time: pickout 0.3534    decision 4.7111    set_bounds 0.1476    solve 22.0511    add 8.3443    
Current (lb-rhs): tensor([-4.31021404, -2.25409842, -0.04976940, -2.12406445, -1.30388165])
4854 domains visited
Cumulative time: 38.464293241500854

BaB round 36
batch: 128
splitting decisions: 
split level 0: [/input-40, 4988] [/89, 10307] [/input-40, 3944] [/input-40, 3944] [/input-40, 3944] [/input-40, 3167] [/input-40, 3167] [/input-48, 6170] [/input-40, 4141] [/input-40, 4988] 
pruning_in_iteration open status: True
ratio of positive domain = 132 / 256 = 0.515625
pruning-in-iteration extra time: 0.0024871826171875
Time: prepare 0.0061    bound 0.2928    transfer 0.2400    finalize 0.1026    func 0.6415    
Accumulated time: func 22.6878    prepare 0.1845    bound 11.2404    transfer 7.6073    finalize 3.6598    
Current worst splitting domains lb-rhs (depth):
-0.04977 (9), -0.04973 (9), -0.04893 (9), -0.04880 (9), -0.04738 (12), -0.04737 (9), -0.04733 (9), -0.04732 (12), -0.04674 (9), -0.04671 (9), -0.04631 (12), -0.04627 (12), -0.04388 (13), -0.04385 (13), -0.04246 (13), -0.04243 (13), -0.04165 (12), -0.04154 (12), -0.04034 (12), -0.04020 (12), 
Length of domains: 922
Time: pickout 0.0116    decision 0.1502    set_bounds 0.0051    solve 0.6417    add 0.1984    
Accumulated time: pickout 0.3650    decision 4.8614    set_bounds 0.1527    solve 22.6928    add 8.5427    
Current (lb-rhs): tensor([-4.31021404, -2.25409842, -0.04976940, -2.12406445, -1.30388165])
4978 domains visited
Cumulative time: 39.50725030899048

BaB round 37
batch: 128
splitting decisions: 
split level 0: [/input-40, 3944] [/input-40, 3944] [/input-40, 3167] [/input-40, 3167] [/input-40, 4141] [/89, 4357] [/input-48, 6170] [/input-48, 6170] [/input-48, 6170] [/input-40, 4622] 
pruning_in_iteration open status: True
ratio of positive domain = 132 / 256 = 0.515625
pruning-in-iteration extra time: 0.0024077892303466797
Time: prepare 0.0062    bound 0.3040    transfer 0.2439    finalize 0.1064    func 0.6605    
Accumulated time: func 23.3483    prepare 0.1908    bound 11.5445    transfer 7.8512    finalize 3.7661    
Current worst splitting domains lb-rhs (depth):
-0.04977 (9), -0.04973 (9), -0.04893 (9), -0.04880 (9), -0.04738 (12), -0.04737 (9), -0.04733 (9), -0.04732 (12), -0.04674 (9), -0.04671 (9), -0.04631 (12), -0.04627 (12), -0.04388 (13), -0.04385 (13), -0.04246 (13), -0.04243 (13), -0.04165 (12), -0.04154 (12), -0.04034 (12), -0.04020 (12), 
Length of domains: 918
Time: pickout 0.0115    decision 0.1508    set_bounds 0.0050    solve 0.6607    add 0.1992    
Accumulated time: pickout 0.3765    decision 5.0122    set_bounds 0.1577    solve 23.3535    add 8.7418    
Current (lb-rhs): tensor([-4.31021404, -2.25409842, -0.04976940, -2.12406445, -1.30388165])
5102 domains visited
Cumulative time: 40.57007169723511

BaB round 38
batch: 128
splitting decisions: 
split level 0: [/input-40, 3944] [/input-40, 3167] [/input-40, 3944] [/89, 10307] [/input-40, 3167] [/input-40, 3167] [/input-40, 4985] [/89, 10307] [/input-40, 4985] [/input-40, 4141] 
pruning_in_iteration open status: True
ratio of positive domain = 134 / 256 = 0.5234375
pruning-in-iteration extra time: 0.002454996109008789
Time: prepare 0.0060    bound 0.2922    transfer 0.2432    finalize 0.1070    func 0.6485    
Accumulated time: func 23.9968    prepare 0.1970    bound 11.8367    transfer 8.0944    finalize 3.8731    
Current worst splitting domains lb-rhs (depth):
-0.04977 (9), -0.04973 (9), -0.04893 (9), -0.04880 (9), -0.04738 (12), -0.04737 (9), -0.04733 (9), -0.04732 (12), -0.04674 (9), -0.04671 (9), -0.04631 (12), -0.04627 (12), -0.04388 (13), -0.04385 (13), -0.04246 (13), -0.04243 (13), -0.04165 (12), -0.04154 (12), -0.04034 (12), -0.04020 (12), 
Length of domains: 912
Time: pickout 0.0115    decision 0.1499    set_bounds 0.0048    solve 0.6486    add 0.1900    
Accumulated time: pickout 0.3880    decision 5.1620    set_bounds 0.1626    solve 24.0021    add 8.9319    
Current (lb-rhs): tensor([-4.31021404, -2.25409842, -0.04976940, -2.12406445, -1.30388165])
5224 domains visited
Cumulative time: 41.61053657531738

BaB round 39
batch: 128
splitting decisions: 
split level 0: [/input-40, 3167] [/input-40, 4988] [/input-48, 5141] [/input-40, 3944] [/input-40, 3944] [/input-40, 3944] [/input-48, 6170] [/89, 10307] [/input-48, 6170] [/input-40, 4141] 
pruning_in_iteration open status: True
ratio of positive domain = 133 / 256 = 0.51953125
pruning-in-iteration extra time: 0.0029838085174560547
Time: prepare 0.0063    bound 0.2992    transfer 0.2471    finalize 0.1050    func 0.6577    
Accumulated time: func 24.6545    prepare 0.2035    bound 12.1359    transfer 8.3415    finalize 3.9781    
Current worst splitting domains lb-rhs (depth):
-0.04977 (9), -0.04973 (9), -0.04893 (9), -0.04880 (9), -0.04738 (12), -0.04737 (9), -0.04733 (9), -0.04732 (12), -0.04674 (9), -0.04671 (9), -0.04631 (12), -0.04627 (12), -0.04388 (13), -0.04385 (13), -0.04246 (13), -0.04243 (13), -0.04165 (12), -0.04154 (12), -0.04034 (12), -0.04020 (12), 
Length of domains: 907
Time: pickout 0.0117    decision 0.1508    set_bounds 0.0910    solve 0.6578    add 0.1925    
Accumulated time: pickout 0.3997    decision 5.3128    set_bounds 0.2536    solve 24.6599    add 9.1244    
Current (lb-rhs): tensor([-4.31021404, -2.25409842, -0.04976940, -2.12406445, -1.30388165])
5347 domains visited
Cumulative time: 42.75068497657776

BaB round 40
batch: 128
splitting decisions: 
split level 0: [/input-40, 4988] [/input-48, 6170] [/input-40, 3944] [/input-48, 6170] [/input-48, 6170] [/input-40, 4988] [/89, 10307] [/input-48, 6170] [/input-48, 6170] [/input-40, 4167] 
pruning_in_iteration open status: True
ratio of positive domain = 140 / 256 = 0.546875
pruning-in-iteration extra time: 0.002434253692626953
Time: prepare 0.0060    bound 0.2850    transfer 0.2663    finalize 0.1064    func 0.6639    
Accumulated time: func 25.3183    prepare 0.2097    bound 12.4209    transfer 8.6078    finalize 4.0846    
Current worst splitting domains lb-rhs (depth):
-0.04977 (9), -0.04973 (9), -0.04893 (9), -0.04880 (9), -0.04738 (12), -0.04737 (9), -0.04733 (9), -0.04732 (12), -0.04674 (9), -0.04671 (9), -0.04631 (12), -0.04627 (12), -0.04388 (13), -0.04385 (13), -0.04246 (13), -0.04243 (13), -0.04165 (12), -0.04154 (12), -0.04034 (12), -0.04020 (12), 
Length of domains: 895
Time: pickout 0.0116    decision 0.1517    set_bounds 0.0047    solve 0.6649    add 0.1792    
Accumulated time: pickout 0.4113    decision 5.4645    set_bounds 0.2582    solve 25.3248    add 9.3036    
Current (lb-rhs): tensor([-4.31021404, -2.25409842, -0.04976940, -2.12406445, -1.30388165])
5463 domains visited
Cumulative time: 43.79488015174866

BaB round 41
batch: 128
splitting decisions: 
split level 0: [/input-40, 5129] [/input-40, 3944] [/input-40, 3944] [/input-40, 4167] [/input-40, 5129] [/input-40, 3167] [/input-40, 3167] [/input-40, 4988] [/input-40, 2802] [/89, 10307] 
pruning_in_iteration open status: True
ratio of positive domain = 142 / 256 = 0.5546875
pruning-in-iteration extra time: 0.0023729801177978516
Time: prepare 0.0065    bound 0.2814    transfer 0.2502    finalize 0.1009    func 0.6390    
Accumulated time: func 25.9573    prepare 0.2163    bound 12.7023    transfer 8.8580    finalize 4.1855    
Current worst splitting domains lb-rhs (depth):
-0.04977 (9), -0.04973 (9), -0.04893 (9), -0.04880 (9), -0.04738 (12), -0.04737 (9), -0.04733 (9), -0.04732 (12), -0.04674 (9), -0.04671 (9), -0.04631 (12), -0.04627 (12), -0.04388 (13), -0.04385 (13), -0.04246 (13), -0.04243 (13), -0.04165 (12), -0.04154 (12), -0.04034 (12), -0.04020 (12), 
Length of domains: 881
Time: pickout 0.0118    decision 0.1511    set_bounds 0.0047    solve 0.6391    add 0.1767    
Accumulated time: pickout 0.4231    decision 5.6156    set_bounds 0.2630    solve 25.9640    add 9.4803    
Current (lb-rhs): tensor([-4.31021404, -2.25409842, -0.04976940, -2.12406445, -1.30388165])
5577 domains visited
Cumulative time: 44.80870485305786

BaB round 42
batch: 128
splitting decisions: 
split level 0: [/input-48, 918] [/input-40, 3167] [/input-40, 3944] [/input-40, 3167] [/input-48, 4661] [/input-48, 4661] [/input-48, 4661] [/input-40, 3167] [/input-48, 5141] [/input-40, 5129] 
pruning_in_iteration open status: True
ratio of positive domain = 123 / 256 = 0.48046875
pruning-in-iteration extra time: 0.0024313926696777344
Time: prepare 0.0061    bound 0.3110    transfer 0.2475    finalize 0.1067    func 0.6714    
Accumulated time: func 26.6287    prepare 0.2227    bound 13.0132    transfer 9.1055    finalize 4.2922    
Current worst splitting domains lb-rhs (depth):
-0.04977 (9), -0.04973 (9), -0.04893 (9), -0.04880 (9), -0.04738 (12), -0.04737 (9), -0.04733 (9), -0.04732 (12), -0.04674 (9), -0.04671 (9), -0.04631 (12), -0.04627 (12), -0.04388 (13), -0.04385 (13), -0.04246 (13), -0.04243 (13), -0.04165 (12), -0.04154 (12), -0.04034 (12), -0.04020 (12), 
Length of domains: 886
Time: pickout 0.0116    decision 0.1508    set_bounds 0.0047    solve 0.6715    add 0.2053    
Accumulated time: pickout 0.4346    decision 5.7664    set_bounds 0.2676    solve 26.6355    add 9.6857    
Current (lb-rhs): tensor([-4.31021404, -2.25409842, -0.04976940, -2.12406445, -1.30388165])
5710 domains visited
Cumulative time: 45.88350009918213

BaB round 43
batch: 128
splitting decisions: 
split level 0: [/89, 10307] [/input-40, 5129] [/input-40, 4622] [/input-40, 3167] [/89, 10307] [/input-48, 6170] [/input-40, 4141] [/input-40, 4141] [/input-40, 5129] [/input-48, 6170] 
pruning_in_iteration open status: True
ratio of positive domain = 151 / 256 = 0.58984375
pruning-in-iteration extra time: 0.0024404525756835938
Time: prepare 0.0061    bound 0.2737    transfer 0.2467    finalize 0.1012    func 0.6277    
Accumulated time: func 27.2564    prepare 0.2289    bound 13.2869    transfer 9.3522    finalize 4.3934    
Current worst splitting domains lb-rhs (depth):
-0.04977 (9), -0.04973 (9), -0.04893 (9), -0.04880 (9), -0.04738 (12), -0.04737 (9), -0.04733 (9), -0.04732 (12), -0.04674 (9), -0.04671 (9), -0.04631 (12), -0.04627 (12), -0.04388 (13), -0.04385 (13), -0.04246 (13), -0.04243 (13), -0.04165 (12), -0.04154 (12), -0.04034 (12), -0.04020 (12), 
Length of domains: 863
Time: pickout 0.0115    decision 0.1505    set_bounds 0.0047    solve 0.6279    add 0.1626    
Accumulated time: pickout 0.4461    decision 5.9169    set_bounds 0.2723    solve 27.2633    add 9.8483    
Current (lb-rhs): tensor([-4.31021404, -2.25409842, -0.04976940, -2.12406445, -1.30388165])
5815 domains visited
Cumulative time: 46.871933937072754

BaB round 44
batch: 128
splitting decisions: 
split level 0: [/input-40, 3167] [/input-48, 4661] [/input-40, 3167] [/input-48, 4661] [/input-40, 3167] [/input-48, 4661] [/input-40, 3944] [/input-40, 3944] [/input-40, 3167] [/89, 4357] 
pruning_in_iteration open status: True
ratio of positive domain = 145 / 256 = 0.56640625
pruning-in-iteration extra time: 0.0024039745330810547
Time: prepare 0.0062    bound 0.2803    transfer 0.2454    finalize 0.1020    func 0.6339    
Accumulated time: func 27.8903    prepare 0.2352    bound 13.5672    transfer 9.5976    finalize 4.4954    
Current worst splitting domains lb-rhs (depth):
-0.04977 (9), -0.04973 (9), -0.04893 (9), -0.04880 (9), -0.04738 (12), -0.04737 (9), -0.04733 (9), -0.04732 (12), -0.04674 (9), -0.04671 (9), -0.04631 (12), -0.04627 (12), -0.04388 (13), -0.04385 (13), -0.04246 (13), -0.04243 (13), -0.04165 (12), -0.04154 (12), -0.04034 (12), -0.04020 (12), 
Length of domains: 846
Time: pickout 0.0113    decision 0.1503    set_bounds 0.0049    solve 0.6341    add 0.1702    
Accumulated time: pickout 0.4574    decision 6.0672    set_bounds 0.2773    solve 27.8974    add 10.0185    
Current (lb-rhs): tensor([-4.31021404, -2.25409842, -0.04976940, -2.12406445, -1.30388165])
5926 domains visited
Cumulative time: 47.87447714805603

BaB round 45
batch: 128
splitting decisions: 
split level 0: [/input-40, 3167] [/input-40, 3944] [/input-40, 3167] [/input-40, 3167] [/input-40, 4622] [/input-40, 3944] [/input-40, 3167] [/input-40, 4988] [/input-40, 4988] [/input-40, 5129] 
pruning_in_iteration open status: True
ratio of positive domain = 132 / 256 = 0.515625
pruning-in-iteration extra time: 0.002412557601928711
Time: prepare 0.0059    bound 0.2980    transfer 0.2460    finalize 0.1006    func 0.6507    
Accumulated time: func 28.5410    prepare 0.2413    bound 13.8652    transfer 9.8436    finalize 4.5961    
Current worst splitting domains lb-rhs (depth):
-0.04977 (9), -0.04973 (9), -0.04893 (9), -0.04880 (9), -0.04738 (12), -0.04737 (9), -0.04733 (9), -0.04732 (12), -0.04674 (9), -0.04671 (9), -0.04631 (12), -0.04627 (12), -0.04388 (13), -0.04385 (13), -0.04246 (13), -0.04243 (13), -0.04165 (12), -0.04154 (12), -0.04034 (12), -0.04020 (12), 
Length of domains: 842
Time: pickout 0.0116    decision 0.1509    set_bounds 0.0049    solve 0.6508    add 0.1936    
Accumulated time: pickout 0.4691    decision 6.2181    set_bounds 0.2822    solve 28.5482    add 10.2121    
Current (lb-rhs): tensor([-4.31021404, -2.25409842, -0.04976940, -2.12406445, -1.30388165])
6050 domains visited
Cumulative time: 48.91860866546631

BaB round 46
batch: 128
splitting decisions: 
split level 0: [/input-48, 4661] [/input-48, 4661] [/input-40, 3944] [/input-48, 4661] [/input-48, 6170] [/input-40, 5129] [/input-40, 4988] [/input-40, 3944] [/input-48, 6170] [/89, 10307] 
pruning_in_iteration open status: True
ratio of positive domain = 137 / 256 = 0.53515625
pruning-in-iteration extra time: 0.0024924278259277344
Time: prepare 0.0061    bound 0.2886    transfer 0.2298    finalize 0.1160    func 0.6406    
Accumulated time: func 29.1816    prepare 0.2475    bound 14.1538    transfer 10.0735    finalize 4.7121    
Current worst splitting domains lb-rhs (depth):
-0.04977 (9), -0.04973 (9), -0.04893 (9), -0.04880 (9), -0.04738 (12), -0.04737 (9), -0.04733 (9), -0.04732 (12), -0.04674 (9), -0.04671 (9), -0.04631 (12), -0.04627 (12), -0.04388 (13), -0.04385 (13), -0.04246 (13), -0.04243 (13), -0.04165 (12), -0.04154 (12), -0.04034 (12), -0.04020 (12), 
Length of domains: 833
Time: pickout 0.0115    decision 0.1506    set_bounds 0.0049    solve 0.6408    add 0.1836    
Accumulated time: pickout 0.4806    decision 6.3687    set_bounds 0.2871    solve 29.1890    add 10.3957    
Current (lb-rhs): tensor([-4.31021404, -2.25409842, -0.04976940, -2.12406445, -1.30388165])
6169 domains visited
Cumulative time: 49.94198966026306

BaB round 47
batch: 128
splitting decisions: 
split level 0: [/input-40, 3167] [/input-40, 3167] [/input-40, 3167] [/input-40, 3167] [/input-40, 4988] [/input-48, 4661] [/input-48, 5141] [/input-40, 5129] [/input-40, 5129] [/input-48, 6170] 
pruning_in_iteration open status: True
ratio of positive domain = 132 / 256 = 0.515625
pruning-in-iteration extra time: 0.002644062042236328
Time: prepare 0.0060    bound 0.2966    transfer 0.2315    finalize 0.1163    func 0.6505    
Accumulated time: func 29.8321    prepare 0.2537    bound 14.4505    transfer 10.3050    finalize 4.8284    
Current worst splitting domains lb-rhs (depth):
-0.04977 (9), -0.04973 (9), -0.04893 (9), -0.04880 (9), -0.04738 (12), -0.04737 (9), -0.04733 (9), -0.04732 (12), -0.04674 (9), -0.04671 (9), -0.04631 (12), -0.04627 (12), -0.04388 (13), -0.04385 (13), -0.04246 (13), -0.04243 (13), -0.04165 (12), -0.04154 (12), -0.04034 (12), -0.04020 (12), 
Length of domains: 829
Time: pickout 0.0114    decision 0.1505    set_bounds 0.0049    solve 0.6507    add 0.1919    
Accumulated time: pickout 0.4920    decision 6.5192    set_bounds 0.2920    solve 29.8397    add 10.5876    
Current (lb-rhs): tensor([-4.31021404, -2.25409842, -0.04976940, -2.12406445, -1.30388165])
6293 domains visited
Cumulative time: 50.98362135887146

BaB round 48
batch: 128
splitting decisions: 
split level 0: [/input-48, 4661] [/input-40, 5129] [/input-40, 3167] [/input-40, 3944] [/input-40, 3944] [/input-40, 3944] [/input-40, 3944] [/input-40, 3944] [/input-40, 3167] [/input-40, 3944] 
pruning_in_iteration open status: True
ratio of positive domain = 141 / 256 = 0.55078125
pruning-in-iteration extra time: 0.0024635791778564453
Time: prepare 0.0061    bound 0.2796    transfer 0.2284    finalize 0.1185    func 0.6326    
Accumulated time: func 30.4647    prepare 0.2599    bound 14.7301    transfer 10.5333    finalize 4.9469    
Current worst splitting domains lb-rhs (depth):
-0.04977 (9), -0.04973 (9), -0.04893 (9), -0.04880 (9), -0.04738 (12), -0.04737 (9), -0.04733 (9), -0.04732 (12), -0.04674 (9), -0.04671 (9), -0.04631 (12), -0.04627 (12), -0.04388 (13), -0.04385 (13), -0.04246 (13), -0.04243 (13), -0.04165 (12), -0.04154 (12), -0.04034 (12), -0.04020 (12), 
Length of domains: 816
Time: pickout 0.0115    decision 0.1507    set_bounds 0.0052    solve 0.6336    add 0.1759    
Accumulated time: pickout 0.5035    decision 6.6698    set_bounds 0.2971    solve 30.4734    add 10.7635    
Current (lb-rhs): tensor([-4.31021404, -2.25409842, -0.04976940, -2.12406445, -1.30388165])
6408 domains visited
Cumulative time: 51.99299144744873

BaB round 49
batch: 128
splitting decisions: 
split level 0: [/input-40, 5129] [/input-40, 3167] [/input-48, 4661] [/input-48, 4661] [/input-48, 4661] [/input-40, 3167] [/input-48, 5141] [/input-40, 3167] [/input-40, 3167] [/input-40, 5129] 
pruning_in_iteration open status: True
ratio of positive domain = 144 / 256 = 0.5625
pruning-in-iteration extra time: 0.002825498580932617
Time: prepare 0.0069    bound 0.2812    transfer 0.2485    finalize 0.1057    func 0.6424    
Accumulated time: func 31.1071    prepare 0.2670    bound 15.0112    transfer 10.7818    finalize 5.0527    
Current worst splitting domains lb-rhs (depth):
-0.04977 (9), -0.04973 (9), -0.04893 (9), -0.04880 (9), -0.04738 (12), -0.04737 (9), -0.04733 (9), -0.04732 (12), -0.04674 (9), -0.04671 (9), -0.04631 (12), -0.04627 (12), -0.04388 (13), -0.04385 (13), -0.04246 (13), -0.04243 (13), -0.04165 (12), -0.04154 (12), -0.04034 (12), -0.04020 (12), 
Length of domains: 800
Time: pickout 0.0113    decision 0.1505    set_bounds 0.0052    solve 0.6425    add 0.1744    
Accumulated time: pickout 0.5149    decision 6.8203    set_bounds 0.3024    solve 31.1159    add 10.9378    
Current (lb-rhs): tensor([-4.31021404, -2.25409842, -0.04976940, -2.12406445, -1.30388165])
6520 domains visited
Cumulative time: 53.01029372215271

BaB round 50
batch: 128
splitting decisions: 
split level 0: [/input-48, 5141] [/input-48, 5141] [/input-48, 5141] [/input-48, 4661] [/input-40, 3167] [/input-40, 3167] [/input-40, 3167] [/input-40, 3167] [/input-40, 4988] [/input-40, 3944] 
pruning_in_iteration open status: True
ratio of positive domain = 131 / 256 = 0.51171875
pruning-in-iteration extra time: 0.0024890899658203125
Time: prepare 0.0058    bound 0.2942    transfer 0.2375    finalize 0.1163    func 0.6538    
Accumulated time: func 31.7609    prepare 0.2729    bound 15.3055    transfer 11.0193    finalize 5.1690    
Current worst splitting domains lb-rhs (depth):
-0.04977 (9), -0.04973 (9), -0.04893 (9), -0.04880 (9), -0.04738 (12), -0.04737 (9), -0.04733 (9), -0.04732 (12), -0.04674 (9), -0.04671 (9), -0.04631 (12), -0.04627 (12), -0.04388 (13), -0.04385 (13), -0.04246 (13), -0.04243 (13), -0.04165 (12), -0.04154 (12), -0.04034 (12), -0.04020 (12), 
Length of domains: 797
Time: pickout 0.0115    decision 0.1506    set_bounds 0.0050    solve 0.6540    add 0.1935    
Accumulated time: pickout 0.5264    decision 6.9709    set_bounds 0.3073    solve 31.7699    add 11.1313    
Current (lb-rhs): tensor([-4.31021404, -2.25409842, -0.04976940, -2.12406445, -1.30388165])
6645 domains visited
Cumulative time: 54.05784344673157

BaB round 51
batch: 128
splitting decisions: 
split level 0: [/input-48, 4661] [/input-48, 4661] [/input-48, 5141] [/input-40, 3944] [/input-48, 4661] [/input-40, 3944] [/input-40, 4988] [/input-40, 4988] [/input-40, 4988] [/input-40, 3167] 
pruning_in_iteration open status: True
ratio of positive domain = 136 / 256 = 0.53125
pruning-in-iteration extra time: 0.0024509429931640625
Time: prepare 0.0060    bound 0.2951    transfer 0.2311    finalize 0.1174    func 0.6496    
Accumulated time: func 32.4105    prepare 0.2791    bound 15.6005    transfer 11.2503    finalize 5.2863    
Current worst splitting domains lb-rhs (depth):
-0.04977 (9), -0.04973 (9), -0.04893 (9), -0.04880 (9), -0.04738 (12), -0.04737 (9), -0.04733 (9), -0.04732 (12), -0.04674 (9), -0.04671 (9), -0.04631 (12), -0.04627 (12), -0.04388 (13), -0.04385 (13), -0.04246 (13), -0.04243 (13), -0.04165 (12), -0.04154 (12), -0.04034 (12), -0.04020 (12), 
Length of domains: 789
Time: pickout 0.0114    decision 0.1506    set_bounds 0.0863    solve 0.6497    add 0.1843    
Accumulated time: pickout 0.5378    decision 7.1215    set_bounds 0.3936    solve 32.4196    add 11.3157    
Current (lb-rhs): tensor([-4.31021404, -2.25409842, -0.04976940, -2.12406445, -1.30388165])
6765 domains visited
Cumulative time: 55.17523455619812

BaB round 52
batch: 128
splitting decisions: 
split level 0: [/input-48, 918] [/89, 10307] [/input-40, 5129] [/input-48, 5141] [/input-48, 4661] [/input-48, 4661] [/input-48, 4661] [/input-48, 4661] [/input-40, 3944] [/input-40, 3167] 
pruning_in_iteration open status: True
ratio of positive domain = 130 / 256 = 0.5078125
pruning-in-iteration extra time: 0.002440929412841797
Time: prepare 0.0057    bound 0.2990    transfer 0.2512    finalize 0.1060    func 0.6620    
Accumulated time: func 33.0725    prepare 0.2850    bound 15.8995    transfer 11.5016    finalize 5.3923    
Current worst splitting domains lb-rhs (depth):
-0.04977 (9), -0.04973 (9), -0.04893 (9), -0.04880 (9), -0.04738 (12), -0.04737 (9), -0.04733 (9), -0.04732 (12), -0.04674 (9), -0.04671 (9), -0.04631 (12), -0.04627 (12), -0.04388 (13), -0.04385 (13), -0.04246 (13), -0.04243 (13), -0.04165 (12), -0.04154 (12), -0.04034 (12), -0.04020 (12), 
Length of domains: 787
Time: pickout 0.0114    decision 0.1503    set_bounds 0.0049    solve 0.6622    add 0.1921    
Accumulated time: pickout 0.5492    decision 7.2718    set_bounds 0.3985    solve 33.0818    add 11.5078    
Current (lb-rhs): tensor([-4.31021404, -2.25409842, -0.04976940, -2.12406445, -1.30388165])
6891 domains visited
Cumulative time: 56.23053860664368

BaB round 53
batch: 128
splitting decisions: 
split level 0: [/input-40, 3167] [/input-40, 3167] [/89, 10307] [/input-48, 4661] [/input-40, 3944] [/input-40, 3167] [/input-40, 3167] [/input-48, 918] [/89, 10307] [/input-40, 4988] 
pruning_in_iteration open status: True
ratio of positive domain = 139 / 256 = 0.54296875
pruning-in-iteration extra time: 0.0023872852325439453
Time: prepare 0.0058    bound 0.2818    transfer 0.2358    finalize 0.1182    func 0.6415    
Accumulated time: func 33.7141    prepare 0.2909    bound 16.1813    transfer 11.7374    finalize 5.5105    
Current worst splitting domains lb-rhs (depth):
-0.04977 (9), -0.04973 (9), -0.04893 (9), -0.04880 (9), -0.04738 (12), -0.04737 (9), -0.04733 (9), -0.04732 (12), -0.04674 (9), -0.04671 (9), -0.04631 (12), -0.04627 (12), -0.04388 (13), -0.04385 (13), -0.04246 (13), -0.04243 (13), -0.04165 (12), -0.04154 (12), -0.04034 (12), -0.04020 (12), 
Length of domains: 776
Time: pickout 0.0113    decision 0.1505    set_bounds 0.0051    solve 0.6417    add 0.1797    
Accumulated time: pickout 0.5605    decision 7.4223    set_bounds 0.4036    solve 33.7235    add 11.6874    
Current (lb-rhs): tensor([-4.31021404, -2.25409842, -0.04976940, -2.12406445, -1.30388165])
7008 domains visited
Cumulative time: 57.25301671028137

BaB round 54
batch: 128
splitting decisions: 
split level 0: [/input-48, 5141] [/input-48, 5141] [/input-48, 7183] [/input-48, 7183] [/input-40, 3944] [/input-48, 7183] [/input-40, 4622] [/input-40, 3167] [/input-48, 918] [/input-48, 918] 
pruning_in_iteration open status: True
ratio of positive domain = 132 / 256 = 0.515625
pruning-in-iteration extra time: 0.0024538040161132812
Time: prepare 0.0059    bound 0.2951    transfer 0.2347    finalize 0.1211    func 0.6569    
Accumulated time: func 34.3710    prepare 0.2970    bound 16.4764    transfer 11.9721    finalize 5.6316    
Current worst splitting domains lb-rhs (depth):
-0.04977 (9), -0.04973 (9), -0.04893 (9), -0.04880 (9), -0.04738 (12), -0.04737 (9), -0.04733 (9), -0.04732 (12), -0.04674 (9), -0.04671 (9), -0.04631 (12), -0.04627 (12), -0.04388 (13), -0.04385 (13), -0.04246 (13), -0.04243 (13), -0.04165 (12), -0.04154 (12), -0.04034 (12), -0.04020 (12), 
Length of domains: 772
Time: pickout 0.0113    decision 0.1508    set_bounds 0.0055    solve 0.6571    add 0.1934    
Accumulated time: pickout 0.5718    decision 7.5731    set_bounds 0.4091    solve 34.3806    add 11.8808    
Current (lb-rhs): tensor([-4.31021404, -2.25409842, -0.04976940, -2.12406445, -1.30388165])
7132 domains visited
Cumulative time: 58.30560493469238

BaB round 55
batch: 128
splitting decisions: 
split level 0: [/input-40, 3167] [/input-40, 3167] [/input-40, 3167] [/input-48, 4661] [/input-40, 3944] [/input-40, 3944] [/input-48, 5141] [/input-48, 5141] [/input-40, 5129] [/input-48, 5141] 
pruning_in_iteration open status: True
ratio of positive domain = 109 / 256 = 0.42578125
pruning-in-iteration extra time: 0.0024499893188476562
Time: prepare 0.0061    bound 0.3337    transfer 0.2340    finalize 0.1202    func 0.6940    
Accumulated time: func 35.0650    prepare 0.3033    bound 16.8101    transfer 12.2060    finalize 5.7518    
Current worst splitting domains lb-rhs (depth):
-0.04977 (9), -0.04973 (9), -0.04893 (9), -0.04880 (9), -0.04738 (12), -0.04737 (9), -0.04733 (9), -0.04732 (12), -0.04674 (9), -0.04671 (9), -0.04631 (12), -0.04627 (12), -0.04388 (13), -0.04385 (13), -0.04246 (13), -0.04243 (13), -0.04165 (12), -0.04154 (12), -0.04034 (12), -0.04020 (12), 
Length of domains: 791
Time: pickout 0.0114    decision 0.1515    set_bounds 0.0047    solve 0.6942    add 0.2282    
Accumulated time: pickout 0.5832    decision 7.7245    set_bounds 0.4137    solve 35.0748    add 12.1090    
Current (lb-rhs): tensor([-4.31021404, -2.25409842, -0.04976940, -2.12406445, -1.30388165])
7279 domains visited
Cumulative time: 59.42940807342529

BaB round 56
batch: 128
splitting decisions: 
split level 0: [/input-40, 3167] [/input-40, 4985] [/input-40, 4988] [/input-48, 6170] [/input-40, 3167] [/input-40, 3167] [/input-40, 3167] [/input-40, 3167] [/input-40, 1919] [/input-40, 4987] 
pruning_in_iteration open status: True
ratio of positive domain = 128 / 256 = 0.5
pruning-in-iteration extra time: 0.0024116039276123047
Time: prepare 0.0059    bound 0.2981    transfer 0.2320    finalize 0.1192    func 0.6553    
Accumulated time: func 35.7203    prepare 0.3094    bound 17.1082    transfer 12.4380    finalize 5.8710    
Current worst splitting domains lb-rhs (depth):
-0.04977 (9), -0.04973 (9), -0.04893 (9), -0.04880 (9), -0.04738 (12), -0.04737 (9), -0.04733 (9), -0.04732 (12), -0.04674 (9), -0.04671 (9), -0.04631 (12), -0.04627 (12), -0.04388 (13), -0.04385 (13), -0.04246 (13), -0.04243 (13), -0.04165 (12), -0.04154 (12), -0.04034 (12), -0.04020 (12), 
Length of domains: 791
Time: pickout 0.0113    decision 0.1505    set_bounds 0.0048    solve 0.6555    add 0.2076    
Accumulated time: pickout 0.5945    decision 7.8751    set_bounds 0.4186    solve 35.7302    add 12.3166    
Current (lb-rhs): tensor([-4.31021404, -2.25409842, -0.04976940, -2.12406445, -1.30388165])
7407 domains visited
Cumulative time: 60.493221282958984

BaB round 57
batch: 128
splitting decisions: 
split level 0: [/input-40, 5129] [/89, 10307] [/89, 10307] [/input-40, 4622] [/input-40, 4974] [/input-40, 4974] [/89, 10307] [/input-48, 6170] [/input-40, 5129] [/input-48, 4661] 
pruning_in_iteration open status: True
ratio of positive domain = 125 / 256 = 0.48828125
pruning-in-iteration extra time: 0.0025186538696289062
Time: prepare 0.0058    bound 0.3006    transfer 0.2323    finalize 0.1205    func 0.6592    
Accumulated time: func 36.3795    prepare 0.3154    bound 17.4088    transfer 12.6703    finalize 5.9915    
Current worst splitting domains lb-rhs (depth):
-0.04977 (9), -0.04973 (9), -0.04893 (9), -0.04880 (9), -0.04738 (12), -0.04737 (9), -0.04733 (9), -0.04732 (12), -0.04674 (9), -0.04671 (9), -0.04631 (12), -0.04627 (12), -0.04388 (13), -0.04385 (13), -0.04246 (13), -0.04243 (13), -0.04165 (12), -0.04154 (12), -0.04034 (12), -0.04020 (12), 
Length of domains: 794
Time: pickout 0.0113    decision 0.1505    set_bounds 0.0050    solve 0.6593    add 0.2121    
Accumulated time: pickout 0.6058    decision 8.0256    set_bounds 0.4235    solve 36.3895    add 12.5287    
Current (lb-rhs): tensor([-4.31021404, -2.25409842, -0.04976940, -2.12406445, -1.30388165])
7538 domains visited
Cumulative time: 61.565041303634644

BaB round 58
batch: 128
splitting decisions: 
split level 0: [/input-40, 4141] [/input-40, 4988] [/89, 10307] [/input-40, 3816] [/input-40, 4985] [/input-40, 4985] [/input-40, 2802] [/input-48, 4973] [/input-48, 918] [/input-40, 3167] 
pruning_in_iteration open status: True
ratio of positive domain = 128 / 256 = 0.5
pruning-in-iteration extra time: 0.0024442672729492188
Time: prepare 0.0058    bound 0.3001    transfer 0.2475    finalize 0.1068    func 0.6604    
Accumulated time: func 37.0399    prepare 0.3214    bound 17.7089    transfer 12.9178    finalize 6.0983    
Current worst splitting domains lb-rhs (depth):
-0.04977 (9), -0.04973 (9), -0.04893 (9), -0.04880 (9), -0.04738 (12), -0.04737 (9), -0.04733 (9), -0.04732 (12), -0.04674 (9), -0.04671 (9), -0.04631 (12), -0.04627 (12), -0.04388 (13), -0.04385 (13), -0.04246 (13), -0.04243 (13), -0.04165 (12), -0.04154 (12), -0.04034 (12), -0.04020 (12), 
Length of domains: 794
Time: pickout 0.0114    decision 0.1502    set_bounds 0.0050    solve 0.6605    add 0.2300    
Accumulated time: pickout 0.6173    decision 8.1757    set_bounds 0.4285    solve 37.0501    add 12.7587    
Current (lb-rhs): tensor([-4.31021404, -2.25409842, -0.04976940, -2.12406445, -1.30388165])
7666 domains visited
Cumulative time: 62.657248735427856

BaB round 59
batch: 128
splitting decisions: 
split level 0: [/input-40, 4988] [/input-40, 4141] [/input-40, 4985] [/input-40, 3944] [/input-40, 4988] [/input-40, 4141] [/input-48, 6170] [/input-40, 4622] [/89, 10307] [/input-40, 4141] 
pruning_in_iteration open status: True
ratio of positive domain = 123 / 256 = 0.48046875
pruning-in-iteration extra time: 0.0025815963745117188
Time: prepare 0.0059    bound 0.3370    transfer 0.2319    finalize 0.1214    func 0.6963    
Accumulated time: func 37.7361    prepare 0.3274    bound 18.0459    transfer 13.1497    finalize 6.2198    
Current worst splitting domains lb-rhs (depth):
-0.04977 (9), -0.04973 (9), -0.04893 (9), -0.04880 (9), -0.04738 (12), -0.04737 (9), -0.04733 (9), -0.04732 (12), -0.04674 (9), -0.04671 (9), -0.04631 (12), -0.04627 (12), -0.04388 (13), -0.04385 (13), -0.04246 (13), -0.04243 (13), -0.04165 (12), -0.04154 (12), -0.04034 (12), -0.04020 (12), 
Length of domains: 799
Time: pickout 0.0116    decision 0.1514    set_bounds 0.0051    solve 0.6964    add 0.2102    
Accumulated time: pickout 0.6289    decision 8.3271    set_bounds 0.4336    solve 37.7465    add 12.9689    
Current (lb-rhs): tensor([-4.31021404, -2.25409842, -0.04976940, -2.12406445, -1.30388165])
7799 domains visited
Cumulative time: 63.76622796058655

BaB round 60
batch: 128
splitting decisions: 
split level 0: [/input-40, 4622] [/input-48, 6170] [/input-40, 4985] [/input-40, 4141] [/input-40, 4141] [/input-40, 4985] [/input-40, 4985] [/input-40, 4988] [/input-40, 4985] [/input-48, 4973] 
pruning_in_iteration open status: True
ratio of positive domain = 148 / 256 = 0.578125
pruning-in-iteration extra time: 0.002371072769165039
Time: prepare 0.0060    bound 0.2745    transfer 0.2474    finalize 0.1073    func 0.6354    
Accumulated time: func 38.3715    prepare 0.3336    bound 18.3204    transfer 13.3971    finalize 6.3271    
Current worst splitting domains lb-rhs (depth):
-0.04977 (9), -0.04973 (9), -0.04893 (9), -0.04880 (9), -0.04738 (12), -0.04737 (9), -0.04733 (9), -0.04732 (12), -0.04674 (9), -0.04671 (9), -0.04631 (12), -0.04627 (12), -0.04388 (13), -0.04385 (13), -0.04246 (13), -0.04243 (13), -0.04165 (12), -0.04154 (12), -0.04034 (12), -0.04020 (12), 
Length of domains: 779
Time: pickout 0.0115    decision 0.1502    set_bounds 0.0055    solve 0.6355    add 0.1674    
Accumulated time: pickout 0.6403    decision 8.4773    set_bounds 0.4391    solve 38.3821    add 13.1363    
Current (lb-rhs): tensor([-4.31021404, -2.25409842, -0.04976940, -2.12406445, -1.30388165])
7907 domains visited
Cumulative time: 64.77052235603333

BaB round 61
batch: 128
splitting decisions: 
split level 0: [/input-40, 3944] [/input-48, 4661] [/input-40, 3167] [/input-48, 4661] [/input-48, 4661] [/input-48, 6170] [/input-48, 4661] [/input-48, 4661] [/input-40, 4985] [/input-40, 3167] 
pruning_in_iteration open status: True
ratio of positive domain = 136 / 256 = 0.53125
pruning-in-iteration extra time: 0.0023767948150634766
Time: prepare 0.0060    bound 0.2855    transfer 0.2337    finalize 0.1205    func 0.6458    
Accumulated time: func 39.0173    prepare 0.3398    bound 18.6059    transfer 13.6309    finalize 6.4476    
Current worst splitting domains lb-rhs (depth):
-0.04977 (9), -0.04973 (9), -0.04893 (9), -0.04880 (9), -0.04738 (12), -0.04737 (9), -0.04733 (9), -0.04732 (12), -0.04674 (9), -0.04671 (9), -0.04631 (12), -0.04627 (12), -0.04388 (13), -0.04385 (13), -0.04246 (13), -0.04243 (13), -0.04165 (12), -0.04154 (12), -0.04034 (12), -0.04020 (12), 
Length of domains: 771
Time: pickout 0.0113    decision 0.1508    set_bounds 0.0053    solve 0.6460    add 0.1854    
Accumulated time: pickout 0.6517    decision 8.6282    set_bounds 0.4445    solve 39.0280    add 13.3217    
Current (lb-rhs): tensor([-4.31021404, -2.25409842, -0.04976940, -2.12406445, -1.30388165])
8027 domains visited
Cumulative time: 65.80326080322266

BaB round 62
batch: 128
splitting decisions: 
split level 0: [/input-40, 3167] [/input-40, 4988] [/input-40, 5129] [/input-40, 4988] [/input-40, 3167] [/input-40, 5129] [/input-48, 4661] [/input-48, 4661] [/input-40, 3167] [/input-40, 3167] 
pruning_in_iteration open status: True
ratio of positive domain = 136 / 256 = 0.53125
pruning-in-iteration extra time: 0.0023632049560546875
Time: prepare 0.0059    bound 0.2851    transfer 0.2593    finalize 0.1070    func 0.6573    
Accumulated time: func 39.6746    prepare 0.3459    bound 18.8910    transfer 13.8902    finalize 6.5546    
Current worst splitting domains lb-rhs (depth):
-0.04977 (9), -0.04973 (9), -0.04893 (9), -0.04880 (9), -0.04738 (12), -0.04737 (9), -0.04733 (9), -0.04732 (12), -0.04674 (9), -0.04671 (9), -0.04631 (12), -0.04627 (12), -0.04388 (13), -0.04385 (13), -0.04246 (13), -0.04243 (13), -0.04165 (12), -0.04154 (12), -0.04034 (12), -0.04020 (12), 
Length of domains: 763
Time: pickout 0.0113    decision 0.1510    set_bounds 0.0051    solve 0.6575    add 0.1909    
Accumulated time: pickout 0.6630    decision 8.7791    set_bounds 0.4495    solve 39.6855    add 13.5126    
Current (lb-rhs): tensor([-4.31021404, -2.25409842, -0.04976940, -2.12406445, -1.30388165])
8147 domains visited
Cumulative time: 66.8559136390686

BaB round 63
batch: 128
splitting decisions: 
split level 0: [/input-48, 5141] [/input-40, 5129] [/input-48, 5141] [/input-48, 5141] [/input-48, 5141] [/input-48, 4661] [/input-40, 3167] [/input-40, 3167] [/input-40, 5129] [/input-40, 4988] 
pruning_in_iteration open status: True
ratio of positive domain = 145 / 256 = 0.56640625
pruning-in-iteration extra time: 0.0023670196533203125
Time: prepare 0.0059    bound 0.2644    transfer 0.2386    finalize 0.1168    func 0.6257    
Accumulated time: func 40.3003    prepare 0.3520    bound 19.1554    transfer 14.1287    finalize 6.6713    
Current worst splitting domains lb-rhs (depth):
-0.04977 (9), -0.04973 (9), -0.04893 (9), -0.04880 (9), -0.04738 (12), -0.04737 (9), -0.04733 (9), -0.04732 (12), -0.04674 (9), -0.04671 (9), -0.04631 (12), -0.04627 (12), -0.04388 (13), -0.04385 (13), -0.04246 (13), -0.04243 (13), -0.04165 (12), -0.04154 (12), -0.04034 (12), -0.04020 (12), 
Length of domains: 746
Time: pickout 0.0117    decision 0.1510    set_bounds 0.0050    solve 0.6259    add 0.1693    
Accumulated time: pickout 0.6747    decision 8.9301    set_bounds 0.4545    solve 40.3114    add 13.6819    
Current (lb-rhs): tensor([-4.31021404, -2.25409842, -0.04976940, -2.12406445, -1.30388165])
8258 domains visited
Cumulative time: 67.8522298336029

BaB round 64
batch: 128
splitting decisions: 
split level 0: [/input-40, 3944] [/input-40, 3944] [/input-40, 3944] [/input-48, 4661] [/input-40, 3944] [/input-40, 3944] [/input-40, 3944] [/input-40, 3944] [/input-40, 3944] [/input-40, 3944] 
pruning_in_iteration open status: True
ratio of positive domain = 126 / 256 = 0.4921875
pruning-in-iteration extra time: 0.0024373531341552734
Time: prepare 0.0062    bound 0.3024    transfer 0.2343    finalize 0.1197    func 0.6627    
Accumulated time: func 40.9630    prepare 0.3584    bound 19.4578    transfer 14.3630    finalize 6.7911    
Current worst splitting domains lb-rhs (depth):
-0.04977 (9), -0.04973 (9), -0.04893 (9), -0.04880 (9), -0.04738 (12), -0.04737 (9), -0.04733 (9), -0.04732 (12), -0.04674 (9), -0.04671 (9), -0.04631 (12), -0.04627 (12), -0.04388 (13), -0.04385 (13), -0.04246 (13), -0.04243 (13), -0.04165 (12), -0.04154 (12), -0.04034 (12), -0.04020 (12), 
Length of domains: 748
Time: pickout 0.0116    decision 0.1512    set_bounds 0.0049    solve 0.6637    add 0.1992    
Accumulated time: pickout 0.6863    decision 9.0814    set_bounds 0.4595    solve 40.9751    add 13.8810    
Current (lb-rhs): tensor([-4.31021404, -2.25409842, -0.04976940, -2.12406445, -1.30388165])
8388 domains visited
Cumulative time: 68.91592335700989

BaB round 65
batch: 128
splitting decisions: 
split level 0: [/input-48, 918] [/input-48, 918] [/input-48, 918] [/input-48, 918] [/input-48, 4661] [/input-40, 5129] [/input-40, 3167] [/input-40, 5129] [/input-40, 3167] [/input-40, 3167] 
pruning_in_iteration open status: True
ratio of positive domain = 124 / 256 = 0.484375
pruning-in-iteration extra time: 0.002450227737426758
Time: prepare 0.0059    bound 0.3026    transfer 0.2351    finalize 0.1193    func 0.6630    
Accumulated time: func 41.6260    prepare 0.3644    bound 19.7604    transfer 14.5982    finalize 6.9104    
Current worst splitting domains lb-rhs (depth):
-0.04977 (9), -0.04973 (9), -0.04893 (9), -0.04880 (9), -0.04738 (12), -0.04737 (9), -0.04733 (9), -0.04732 (12), -0.04674 (9), -0.04671 (9), -0.04631 (12), -0.04627 (12), -0.04388 (13), -0.04385 (13), -0.04246 (13), -0.04243 (13), -0.04165 (12), -0.04154 (12), -0.04034 (12), -0.04020 (12), 
Length of domains: 752
Time: pickout 0.0116    decision 0.1508    set_bounds 0.0046    solve 0.7434    add 0.2061    
Accumulated time: pickout 0.6979    decision 9.2322    set_bounds 0.4640    solve 41.7185    add 14.0872    
Current (lb-rhs): tensor([-4.31021404, -2.25409842, -0.04976940, -2.12406445, -1.30388165])
8520 domains visited
Cumulative time: 70.0662477016449

BaB round 66
batch: 128
splitting decisions: 
split level 0: [/input-40, 5129] [/89, 10307] [/input-40, 5129] [/input-40, 4988] [/input-40, 4985] [/input-40, 2802] [/input-40, 4988] [/input-40, 4141] [/input-40, 4141] [/input-40, 4985] 
pruning_in_iteration open status: True
ratio of positive domain = 117 / 256 = 0.45703125
pruning-in-iteration extra time: 0.0026106834411621094
Time: prepare 0.0060    bound 0.3089    transfer 0.2470    finalize 0.1049    func 0.6668    
Accumulated time: func 42.2928    prepare 0.3705    bound 20.0694    transfer 14.8452    finalize 7.0153    
Current worst splitting domains lb-rhs (depth):
-0.04977 (9), -0.04973 (9), -0.04893 (9), -0.04880 (9), -0.04738 (12), -0.04737 (9), -0.04733 (9), -0.04732 (12), -0.04674 (9), -0.04671 (9), -0.04631 (12), -0.04627 (12), -0.04388 (13), -0.04385 (13), -0.04246 (13), -0.04243 (13), -0.04165 (12), -0.04154 (12), -0.04034 (12), -0.04020 (12), 
Length of domains: 763
Time: pickout 0.0115    decision 0.1504    set_bounds 0.0047    solve 0.6670    add 0.2175    
Accumulated time: pickout 0.7094    decision 9.3825    set_bounds 0.4687    solve 42.3855    add 14.3046    
Current (lb-rhs): tensor([-4.31021404, -2.25409842, -0.04976940, -2.12406445, -1.30388165])
8659 domains visited
Cumulative time: 71.15129518508911

BaB round 67
batch: 128
splitting decisions: 
split level 0: [/input-48, 4661] [/input-48, 4661] [/input-40, 3816] [/input-40, 1461] [/input-40, 3944] [/input-40, 5129] [/89, 10307] [/input-40, 3167] [/input-40, 3167] [/input-40, 4985] 
pruning_in_iteration open status: True
ratio of positive domain = 109 / 256 = 0.42578125
pruning-in-iteration extra time: 0.002477884292602539
Time: prepare 0.0060    bound 0.3247    transfer 0.2505    finalize 0.1082    func 0.6894    
Accumulated time: func 42.9822    prepare 0.3767    bound 20.3941    transfer 15.0956    finalize 7.1235    
Current worst splitting domains lb-rhs (depth):
-0.04977 (9), -0.04973 (9), -0.04893 (9), -0.04880 (9), -0.04738 (12), -0.04737 (9), -0.04733 (9), -0.04732 (12), -0.04674 (9), -0.04671 (9), -0.04631 (12), -0.04627 (12), -0.04388 (13), -0.04385 (13), -0.04246 (13), -0.04243 (13), -0.04165 (12), -0.04154 (12), -0.04034 (12), -0.04020 (12), 
Length of domains: 782
Time: pickout 0.0113    decision 0.1508    set_bounds 0.0049    solve 0.6896    add 0.2238    
Accumulated time: pickout 0.7207    decision 9.5333    set_bounds 0.4736    solve 43.0751    add 14.5284    
Current (lb-rhs): tensor([-4.31021404, -2.25409842, -0.04976940, -2.12406445, -1.30388165])
8806 domains visited
Cumulative time: 72.26637887954712

BaB round 68
batch: 128
splitting decisions: 
split level 0: [/input-48, 6170] [/input-40, 4988] [/input-48, 6170] [/input-40, 4987] [/input-40, 4974] [/input-40, 1919] [/input-40, 1919] [/input-40, 4985] [/input-40, 4985] [/input-40, 4974] 
pruning_in_iteration open status: True
ratio of positive domain = 145 / 256 = 0.56640625
pruning-in-iteration extra time: 0.002424478530883789
Time: prepare 0.0059    bound 0.2746    transfer 0.2702    finalize 0.1089    func 0.6596    
Accumulated time: func 43.6418    prepare 0.3827    bound 20.6687    transfer 15.3658    finalize 7.2324    
Current worst splitting domains lb-rhs (depth):
-0.04977 (9), -0.04973 (9), -0.04893 (9), -0.04880 (9), -0.04738 (12), -0.04737 (9), -0.04733 (9), -0.04732 (12), -0.04674 (9), -0.04671 (9), -0.04631 (12), -0.04627 (12), -0.04388 (13), -0.04385 (13), -0.04246 (13), -0.04243 (13), -0.04165 (12), -0.04154 (12), -0.04034 (12), -0.04020 (12), 
Length of domains: 765
Time: pickout 0.0116    decision 0.1505    set_bounds 0.0050    solve 0.6598    add 0.1748    
Accumulated time: pickout 0.7323    decision 9.6838    set_bounds 0.4786    solve 43.7348    add 14.7031    
Current (lb-rhs): tensor([-4.31021404, -2.25409842, -0.04976940, -2.12406445, -1.30388165])
8917 domains visited
Cumulative time: 73.30316281318665

BaB round 69
batch: 128
splitting decisions: 
split level 0: [/input-40, 5129] [/input-40, 4141] [/input-40, 4988] [/89, 10307] [/input-40, 4985] [/input-40, 4141] [/input-40, 4141] [/89, 10307] [/input-48, 6170] [/input-40, 4985] 
pruning_in_iteration open status: True
ratio of positive domain = 136 / 256 = 0.53125
pruning-in-iteration extra time: 0.0024259090423583984
Time: prepare 0.0064    bound 0.2878    transfer 0.2522    finalize 0.1070    func 0.6535    
Accumulated time: func 44.2954    prepare 0.3894    bound 20.9565    transfer 15.6180    finalize 7.3393    
Current worst splitting domains lb-rhs (depth):
-0.04977 (9), -0.04973 (9), -0.04893 (9), -0.04880 (9), -0.04738 (12), -0.04737 (9), -0.04733 (9), -0.04732 (12), -0.04674 (9), -0.04671 (9), -0.04631 (12), -0.04627 (12), -0.04388 (13), -0.04385 (13), -0.04246 (13), -0.04243 (13), -0.04165 (12), -0.04154 (12), -0.04034 (12), -0.04020 (12), 
Length of domains: 757
Time: pickout 0.0118    decision 0.1506    set_bounds 0.0052    solve 0.6537    add 0.1878    
Accumulated time: pickout 0.7441    decision 9.8344    set_bounds 0.4838    solve 44.3885    add 14.8909    
Current (lb-rhs): tensor([-4.31021404, -2.25409842, -0.04976940, -2.12406445, -1.30388165])
9037 domains visited
Cumulative time: 74.34844303131104

BaB round 70
batch: 128
splitting decisions: 
split level 0: [/input-40, 4988] [/input-40, 4988] [/input-40, 3944] [/input-40, 4987] [/input-48, 4661] [/input-48, 4661] [/input-40, 4167] [/input-40, 4167] [/input-40, 4622] [/input-40, 4141] 
pruning_in_iteration open status: True
ratio of positive domain = 149 / 256 = 0.58203125
pruning-in-iteration extra time: 0.0023543834686279297
Time: prepare 0.0060    bound 0.2613    transfer 0.2492    finalize 0.1099    func 0.6265    
Accumulated time: func 44.9219    prepare 0.3956    bound 21.2178    transfer 15.8673    finalize 7.4492    
Current worst splitting domains lb-rhs (depth):
-0.04977 (9), -0.04973 (9), -0.04893 (9), -0.04880 (9), -0.04738 (12), -0.04737 (9), -0.04733 (9), -0.04732 (12), -0.04674 (9), -0.04671 (9), -0.04631 (12), -0.04627 (12), -0.04388 (13), -0.04385 (13), -0.04246 (13), -0.04243 (13), -0.04165 (12), -0.04154 (12), -0.04034 (12), -0.04020 (12), 
Length of domains: 736
Time: pickout 0.0114    decision 0.1505    set_bounds 0.0053    solve 0.6267    add 0.1619    
Accumulated time: pickout 0.7555    decision 9.9849    set_bounds 0.4891    solve 45.0152    add 15.0528    
Current (lb-rhs): tensor([-4.31021404, -2.25409842, -0.04976940, -2.12406445, -1.30388165])
9144 domains visited
Cumulative time: 75.33900117874146

BaB round 71
batch: 128
splitting decisions: 
split level 0: [/input-48, 918] [/input-40, 3167] [/input-48, 918] [/input-48, 918] [/input-40, 3167] [/input-48, 918] [/input-48, 918] [/input-48, 4661] [/input-48, 5141] [/input-40, 3944] 
pruning_in_iteration open status: True
ratio of positive domain = 125 / 256 = 0.48828125
pruning-in-iteration extra time: 0.002527475357055664
Time: prepare 0.0059    bound 0.3006    transfer 0.2508    finalize 0.1049    func 0.6624    
Accumulated time: func 45.5843    prepare 0.4016    bound 21.5184    transfer 16.1181    finalize 7.5541    
Current worst splitting domains lb-rhs (depth):
-0.04977 (9), -0.04973 (9), -0.04893 (9), -0.04880 (9), -0.04738 (12), -0.04737 (9), -0.04733 (9), -0.04732 (12), -0.04674 (9), -0.04671 (9), -0.04631 (12), -0.04627 (12), -0.04388 (13), -0.04385 (13), -0.04246 (13), -0.04243 (13), -0.04165 (12), -0.04154 (12), -0.04034 (12), -0.04020 (12), 
Length of domains: 739
Time: pickout 0.0115    decision 0.1506    set_bounds 0.0056    solve 0.6625    add 0.2096    
Accumulated time: pickout 0.7670    decision 10.1355    set_bounds 0.4948    solve 45.6777    add 15.2624    
Current (lb-rhs): tensor([-4.31021404, -2.25409842, -0.04976940, -2.12406445, -1.30388165])
9275 domains visited
Cumulative time: 76.41358375549316

BaB round 72
batch: 128
splitting decisions: 
split level 0: [/89, 10307] [/89, 10307] [/89, 10307] [/89, 10307] [/input-48, 4661] [/input-48, 918] [/89, 10307] [/input-40, 5129] [/input-48, 4661] [/input-40, 3816] 
pruning_in_iteration open status: True
ratio of positive domain = 133 / 256 = 0.51953125
pruning-in-iteration extra time: 0.0024254322052001953
Time: prepare 0.0060    bound 0.2921    transfer 0.2357    finalize 0.1199    func 0.6538    
Accumulated time: func 46.2381    prepare 0.4078    bound 21.8106    transfer 16.3538    finalize 7.6741    
Current worst splitting domains lb-rhs (depth):
-0.04977 (9), -0.04973 (9), -0.04893 (9), -0.04880 (9), -0.04738 (12), -0.04737 (9), -0.04733 (9), -0.04732 (12), -0.04674 (9), -0.04671 (9), -0.04631 (12), -0.04627 (12), -0.04388 (13), -0.04385 (13), -0.04246 (13), -0.04243 (13), -0.04165 (12), -0.04154 (12), -0.04034 (12), -0.04020 (12), 
Length of domains: 734
Time: pickout 0.0113    decision 0.1509    set_bounds 0.0050    solve 0.6540    add 0.1916    
Accumulated time: pickout 0.7784    decision 10.2864    set_bounds 0.4998    solve 46.3317    add 15.4540    
Current (lb-rhs): tensor([-4.31021404, -2.25409842, -0.04976940, -2.12406445, -1.30388165])
9398 domains visited
Cumulative time: 77.46149587631226

BaB round 73
batch: 128
splitting decisions: 
split level 0: [/input-40, 3944] [/input-40, 3167] [/89, 10307] [/89, 10307] [/89, 10307] [/input-40, 5129] [/input-48, 4661] [/input-48, 4661] [/input-40, 5129] [/input-40, 3167] 
pruning_in_iteration open status: True
ratio of positive domain = 126 / 256 = 0.4921875
pruning-in-iteration extra time: 0.002470731735229492
Time: prepare 0.0059    bound 0.2939    transfer 0.2535    finalize 0.1053    func 0.6587    
Accumulated time: func 46.8968    prepare 0.4139    bound 22.1044    transfer 16.6073    finalize 7.7794    
Current worst splitting domains lb-rhs (depth):
-0.04977 (9), -0.04973 (9), -0.04893 (9), -0.04880 (9), -0.04738 (12), -0.04737 (9), -0.04733 (9), -0.04732 (12), -0.04674 (9), -0.04671 (9), -0.04631 (12), -0.04627 (12), -0.04388 (13), -0.04385 (13), -0.04246 (13), -0.04243 (13), -0.04165 (12), -0.04154 (12), -0.04034 (12), -0.04020 (12), 
Length of domains: 736
Time: pickout 0.0117    decision 0.1513    set_bounds 0.0051    solve 0.6588    add 0.2061    
Accumulated time: pickout 0.7900    decision 10.4377    set_bounds 0.5048    solve 46.9906    add 15.6601    
Current (lb-rhs): tensor([-4.31021404, -2.25409842, -0.04976940, -2.12406445, -1.30388165])
9528 domains visited
Cumulative time: 78.5305507183075

BaB round 74
batch: 128
splitting decisions: 
split level 0: [/input-40, 3167] [/input-48, 918] [/input-40, 5129] [/input-40, 3167] [/input-40, 4988] [/input-40, 3167] [/input-48, 4661] [/input-40, 5129] [/input-40, 3167] [/input-40, 5129] 
pruning_in_iteration open status: True
ratio of positive domain = 131 / 256 = 0.51171875
pruning-in-iteration extra time: 0.002475738525390625
Time: prepare 0.0059    bound 0.2955    transfer 0.2351    finalize 0.1205    func 0.6570    
Accumulated time: func 47.5538    prepare 0.4200    bound 22.3999    transfer 16.8424    finalize 7.8999    
Current worst splitting domains lb-rhs (depth):
-0.04977 (9), -0.04973 (9), -0.04893 (9), -0.04880 (9), -0.04738 (12), -0.04737 (9), -0.04733 (9), -0.04732 (12), -0.04674 (9), -0.04671 (9), -0.04631 (12), -0.04627 (12), -0.04388 (13), -0.04385 (13), -0.04246 (13), -0.04243 (13), -0.04165 (12), -0.04154 (12), -0.04034 (12), -0.04020 (12), 
Length of domains: 733
Time: pickout 0.0117    decision 0.1505    set_bounds 0.0050    solve 0.6572    add 0.2016    
Accumulated time: pickout 0.8017    decision 10.5882    set_bounds 0.5098    solve 47.6478    add 15.8617    
Current (lb-rhs): tensor([-4.31021404, -2.25409842, -0.04976940, -2.12406445, -1.30388165])
9653 domains visited
Cumulative time: 79.59381103515625

BaB round 75
batch: 128
splitting decisions: 
split level 0: [/input-48, 8184] [/input-48, 918] [/89, 10307] [/input-40, 5129] [/input-48, 4661] [/input-40, 3167] [/input-48, 4661] [/input-40, 5129] [/input-40, 3167] [/input-40, 5129] 
pruning_in_iteration open status: True
ratio of positive domain = 128 / 256 = 0.5
pruning-in-iteration extra time: 0.002493619918823242
Time: prepare 0.0060    bound 0.2992    transfer 0.2292    finalize 0.1187    func 0.6532    
Accumulated time: func 48.2070    prepare 0.4262    bound 22.6991    transfer 17.0716    finalize 8.0186    
Current worst splitting domains lb-rhs (depth):
-0.04977 (9), -0.04973 (9), -0.04893 (9), -0.04880 (9), -0.04738 (12), -0.04737 (9), -0.04733 (9), -0.04732 (12), -0.04674 (9), -0.04671 (9), -0.04631 (12), -0.04627 (12), -0.04388 (13), -0.04385 (13), -0.04246 (13), -0.04243 (13), -0.04165 (12), -0.04154 (12), -0.04034 (12), -0.04020 (12), 
Length of domains: 733
Time: pickout 0.0114    decision 0.1508    set_bounds 0.0051    solve 0.6533    add 0.2047    
Accumulated time: pickout 0.8131    decision 10.7390    set_bounds 0.5149    solve 48.3011    add 16.0664    
Current (lb-rhs): tensor([-4.31021404, -2.25409842, -0.04976940, -2.12406445, -1.30388165])
9781 domains visited
Cumulative time: 80.65338706970215

BaB round 76
batch: 128
splitting decisions: 
split level 0: [/89, 10307] [/input-48, 4661] [/input-48, 4661] [/input-48, 4661] [/input-40, 4988] [/input-40, 4141] [/input-40, 3167] [/input-40, 4985] [/input-40, 4985] [/input-40, 4974] 
pruning_in_iteration open status: True
ratio of positive domain = 139 / 256 = 0.54296875
pruning-in-iteration extra time: 0.002503633499145508
Time: prepare 0.0059    bound 0.2906    transfer 0.2362    finalize 0.1185    func 0.6513    
Accumulated time: func 48.8583    prepare 0.4323    bound 22.9897    transfer 17.3078    finalize 8.1371    
Current worst splitting domains lb-rhs (depth):
-0.04977 (9), -0.04973 (9), -0.04893 (9), -0.04880 (9), -0.04738 (12), -0.04737 (9), -0.04733 (9), -0.04732 (12), -0.04674 (9), -0.04671 (9), -0.04631 (12), -0.04627 (12), -0.04388 (13), -0.04385 (13), -0.04246 (13), -0.04243 (13), -0.04165 (12), -0.04154 (12), -0.04034 (12), -0.04020 (12), 
Length of domains: 722
Time: pickout 0.0112    decision 0.1507    set_bounds 0.0044    solve 0.6524    add 0.1818    
Accumulated time: pickout 0.8243    decision 10.8897    set_bounds 0.5194    solve 48.9535    add 16.2482    
Current (lb-rhs): tensor([-4.31021404, -2.25409842, -0.04976940, -2.12406445, -1.30388165])
9898 domains visited
Cumulative time: 81.68430829048157

BaB round 77
batch: 128
splitting decisions: 
split level 0: [/input-48, 4661] [/input-40, 1956] [/input-40, 1956] [/input-40, 5129] [/input-40, 4167] [/input-48, 8549] [/input-40, 2802] [/input-40, 5129] [/input-48, 8184] [/input-40, 4987] 
pruning_in_iteration open status: True
ratio of positive domain = 135 / 256 = 0.52734375
pruning-in-iteration extra time: 0.002471923828125
Time: prepare 0.0060    bound 0.2936    transfer 0.2474    finalize 0.1104    func 0.6574    
Accumulated time: func 49.5156    prepare 0.4384    bound 23.2833    transfer 17.5552    finalize 8.2474    
Current worst splitting domains lb-rhs (depth):
-0.04977 (9), -0.04973 (9), -0.04893 (9), -0.04880 (9), -0.04738 (12), -0.04737 (9), -0.04733 (9), -0.04732 (12), -0.04674 (9), -0.04671 (9), -0.04631 (12), -0.04627 (12), -0.04388 (13), -0.04385 (13), -0.04246 (13), -0.04243 (13), -0.04165 (12), -0.04154 (12), -0.04034 (12), -0.04020 (12), 
Length of domains: 715
Time: pickout 0.0116    decision 0.1508    set_bounds 0.0046    solve 0.6576    add 0.2033    
Accumulated time: pickout 0.8359    decision 11.0405    set_bounds 0.5240    solve 49.6111    add 16.4516    
Current (lb-rhs): tensor([-4.31021404, -2.25409842, -0.04976940, -2.12406445, -1.30388165])
10019 domains visited
Cumulative time: 82.74293732643127

BaB round 78
batch: 128
splitting decisions: 
split level 0: [/input-48, 918] [/input-48, 918] [/input-40, 4636] [/input-48, 8184] [/input-48, 8184] [/input-48, 8549] [/input-40, 4987] [/input-40, 2802] [/input-40, 2802] [/input-40, 4636] 
pruning_in_iteration open status: True
ratio of positive domain = 131 / 256 = 0.51171875
pruning-in-iteration extra time: 0.0029006004333496094
Time: prepare 0.0059    bound 0.3010    transfer 0.2480    finalize 0.2082    func 0.7632    
Accumulated time: func 50.2788    prepare 0.4445    bound 23.5843    transfer 17.8031    finalize 8.4557    
Current worst splitting domains lb-rhs (depth):
-0.04977 (9), -0.04973 (9), -0.04893 (9), -0.04880 (9), -0.04738 (12), -0.04737 (9), -0.04733 (9), -0.04732 (12), -0.04674 (9), -0.04671 (9), -0.04631 (12), -0.04627 (12), -0.04388 (13), -0.04385 (13), -0.04246 (13), -0.04243 (13), -0.04165 (12), -0.04154 (12), -0.04034 (12), -0.04020 (12), 
Length of domains: 712
Time: pickout 0.0113    decision 0.1506    set_bounds 0.0047    solve 0.7634    add 0.1929    
Accumulated time: pickout 0.8472    decision 11.1912    set_bounds 0.5287    solve 50.3745    add 16.6445    
Current (lb-rhs): tensor([-4.31021404, -2.25409842, -0.04976940, -2.12406445, -1.30388165])
10144 domains visited
Cumulative time: 83.89825963973999

BaB round 79
batch: 128
splitting decisions: 
split level 0: [/input-40, 3167] [/input-48, 918] [/input-48, 918] [/input-40, 4636] [/input-40, 4636] [/input-48, 8184] [/input-40, 3167] [/input-48, 8184] [/input-48, 8184] [/input-40, 4636] 
pruning_in_iteration open status: True
ratio of positive domain = 134 / 256 = 0.5234375
pruning-in-iteration extra time: 0.0024001598358154297
Time: prepare 0.0059    bound 0.2896    transfer 0.2319    finalize 0.1169    func 0.6444    
Accumulated time: func 50.9232    prepare 0.4506    bound 23.8740    transfer 18.0350    finalize 8.5726    
Current worst splitting domains lb-rhs (depth):
-0.04977 (9), -0.04973 (9), -0.04893 (9), -0.04880 (9), -0.04738 (12), -0.04737 (9), -0.04733 (9), -0.04732 (12), -0.04674 (9), -0.04671 (9), -0.04631 (12), -0.04627 (12), -0.04388 (13), -0.04385 (13), -0.04246 (13), -0.04243 (13), -0.04165 (12), -0.04154 (12), -0.04034 (12), -0.04020 (12), 
Length of domains: 706
Time: pickout 0.0115    decision 0.1513    set_bounds 0.0048    solve 0.6445    add 0.1889    
Accumulated time: pickout 0.8587    decision 11.3425    set_bounds 0.5335    solve 51.0190    add 16.8333    
Current (lb-rhs): tensor([-4.31021404, -2.25409842, -0.04976940, -2.12406445, -1.30388165])
10266 domains visited
Cumulative time: 84.93247675895691

BaB round 80
batch: 128
splitting decisions: 
split level 0: [/input-40, 3167] [/input-40, 3167] [/input-40, 3167] [/input-40, 3167] [/input-48, 918] [/input-40, 3167] [/input-40, 4987] [/input-48, 4661] [/input-48, 4661] [/input-48, 918] 
pruning_in_iteration open status: True
ratio of positive domain = 138 / 256 = 0.5390625
pruning-in-iteration extra time: 0.002365589141845703
Time: prepare 0.0059    bound 0.2831    transfer 0.2309    finalize 0.1247    func 0.6447    
Accumulated time: func 51.5679    prepare 0.4567    bound 24.1570    transfer 18.2660    finalize 8.6972    
Current worst splitting domains lb-rhs (depth):
-0.04977 (9), -0.04973 (9), -0.04893 (9), -0.04880 (9), -0.04738 (12), -0.04737 (9), -0.04733 (9), -0.04732 (12), -0.04674 (9), -0.04671 (9), -0.04631 (12), -0.04627 (12), -0.04388 (13), -0.04385 (13), -0.04246 (13), -0.04243 (13), -0.04165 (12), -0.04154 (12), -0.04034 (12), -0.04020 (12), 
Length of domains: 696
Time: pickout 0.0113    decision 0.1506    set_bounds 0.0053    solve 0.6448    add 0.1798    
Accumulated time: pickout 0.8700    decision 11.4930    set_bounds 0.5387    solve 51.6638    add 17.0131    
Current (lb-rhs): tensor([-4.31021404, -2.25409842, -0.04976940, -2.12406445, -1.30388165])
10384 domains visited
Cumulative time: 85.95735836029053

BaB round 81
batch: 128
splitting decisions: 
split level 0: [/input-40, 4636] [/input-40, 3167] [/input-40, 3167] [/input-40, 5129] [/input-40, 3167] [/input-40, 5129] [/input-48, 918] [/input-40, 1956] [/input-40, 5129] [/input-40, 5129] 
pruning_in_iteration open status: True
ratio of positive domain = 135 / 256 = 0.52734375
pruning-in-iteration extra time: 0.0023980140686035156
Time: prepare 0.0059    bound 0.2833    transfer 0.2323    finalize 0.1162    func 0.6377    
Accumulated time: func 52.2056    prepare 0.4628    bound 24.4404    transfer 18.4982    finalize 8.8135    
Current worst splitting domains lb-rhs (depth):
-0.04977 (9), -0.04973 (9), -0.04893 (9), -0.04880 (9), -0.04738 (12), -0.04737 (9), -0.04733 (9), -0.04732 (12), -0.04674 (9), -0.04671 (9), -0.04631 (12), -0.04627 (12), -0.04388 (13), -0.04385 (13), -0.04246 (13), -0.04243 (13), -0.04165 (12), -0.04154 (12), -0.04034 (12), -0.04020 (12), 
Length of domains: 689
Time: pickout 0.0114    decision 0.1511    set_bounds 0.0050    solve 0.6379    add 0.1864    
Accumulated time: pickout 0.8814    decision 11.6442    set_bounds 0.5437    solve 52.3017    add 17.1995    
Current (lb-rhs): tensor([-4.31021404, -2.25409842, -0.04976940, -2.12406445, -1.30388165])
10505 domains visited
Cumulative time: 86.98330664634705

BaB round 82
batch: 128
splitting decisions: 
split level 0: [/input-40, 1256] [/input-40, 1256] [/input-40, 1256] [/input-40, 4636] [/input-40, 4636] [/input-40, 1256] [/input-40, 1256] [/input-40, 3167] [/input-40, 4167] [/input-40, 1956] 
pruning_in_iteration open status: True
ratio of positive domain = 138 / 256 = 0.5390625
pruning-in-iteration extra time: 0.002368927001953125
Time: prepare 0.0058    bound 0.2837    transfer 0.2476    finalize 0.1046    func 0.6419    
Accumulated time: func 52.8474    prepare 0.4688    bound 24.7241    transfer 18.7458    finalize 8.9181    
Current worst splitting domains lb-rhs (depth):
-0.04977 (9), -0.04973 (9), -0.04893 (9), -0.04880 (9), -0.04738 (12), -0.04737 (9), -0.04733 (9), -0.04732 (12), -0.04674 (9), -0.04671 (9), -0.04631 (12), -0.04627 (12), -0.04388 (13), -0.04385 (13), -0.04246 (13), -0.04243 (13), -0.04165 (12), -0.04154 (12), -0.04034 (12), -0.04020 (12), 
Length of domains: 679
Time: pickout 0.0112    decision 0.1510    set_bounds 0.0051    solve 0.6420    add 0.1840    
Accumulated time: pickout 0.8926    decision 11.7952    set_bounds 0.5488    solve 52.9437    add 17.3835    
Current (lb-rhs): tensor([-4.31021404, -2.25409842, -0.04976940, -2.12406445, -1.30388165])
10623 domains visited
Cumulative time: 88.01134943962097

BaB round 83
batch: 128
splitting decisions: 
split level 0: [/input-40, 3167] [/input-40, 3167] [/input-40, 3167] [/input-48, 918] [/input-48, 918] [/input-40, 3167] [/input-40, 1256] [/input-40, 1256] [/input-48, 4661] [/input-48, 918] 
pruning_in_iteration open status: True
ratio of positive domain = 142 / 256 = 0.5546875
pruning-in-iteration extra time: 0.0024597644805908203
Time: prepare 0.0058    bound 0.2778    transfer 0.2298    finalize 0.1185    func 0.6319    
Accumulated time: func 53.4794    prepare 0.4748    bound 25.0019    transfer 18.9756    finalize 9.0366    
Current worst splitting domains lb-rhs (depth):
-0.04977 (9), -0.04973 (9), -0.04893 (9), -0.04880 (9), -0.04738 (12), -0.04737 (9), -0.04733 (9), -0.04732 (12), -0.04674 (9), -0.04671 (9), -0.04631 (12), -0.04627 (12), -0.04388 (13), -0.04385 (13), -0.04246 (13), -0.04243 (13), -0.04165 (12), -0.04154 (12), -0.04034 (12), -0.04020 (12), 
Length of domains: 665
Time: pickout 0.0118    decision 0.1512    set_bounds 0.0051    solve 0.6321    add 0.1881    
Accumulated time: pickout 0.9044    decision 11.9464    set_bounds 0.5540    solve 53.5758    add 17.5716    
Current (lb-rhs): tensor([-4.31021404, -2.25409842, -0.04976940, -2.12406445, -1.30388165])
10737 domains visited
Cumulative time: 89.03399014472961

BaB round 84
batch: 128
splitting decisions: 
split level 0: [/input-48, 8549] [/input-40, 5129] [/input-40, 3167] [/input-40, 5129] [/input-40, 3167] [/input-40, 5129] [/input-40, 3167] [/input-48, 918] [/input-40, 5129] [/input-40, 5129] 
pruning_in_iteration open status: True
ratio of positive domain = 132 / 256 = 0.515625
pruning-in-iteration extra time: 0.0024340152740478516
Time: prepare 0.0059    bound 0.2890    transfer 0.2329    finalize 0.1200    func 0.6478    
Accumulated time: func 54.1272    prepare 0.4808    bound 25.2908    transfer 19.2085    finalize 9.1566    
Current worst splitting domains lb-rhs (depth):
-0.04977 (9), -0.04973 (9), -0.04893 (9), -0.04880 (9), -0.04738 (12), -0.04737 (9), -0.04733 (9), -0.04732 (12), -0.04674 (9), -0.04671 (9), -0.04631 (12), -0.04627 (12), -0.04388 (13), -0.04385 (13), -0.04246 (13), -0.04243 (13), -0.04165 (12), -0.04154 (12), -0.04034 (12), -0.04020 (12), 
Length of domains: 661
Time: pickout 0.0116    decision 0.1507    set_bounds 0.0050    solve 0.6488    add 0.1900    
Accumulated time: pickout 0.9160    decision 12.0971    set_bounds 0.5590    solve 54.2246    add 17.7616    
Current (lb-rhs): tensor([-4.31021404, -2.25409842, -0.04976940, -2.12406445, -1.30388165])
10861 domains visited
Cumulative time: 90.07515954971313

BaB round 85
batch: 128
splitting decisions: 
split level 0: [/input-48, 918] [/input-40, 1256] [/input-40, 1256] [/input-40, 3167] [/input-40, 4987] [/input-48, 918] [/input-48, 918] [/input-48, 918] [/input-40, 4636] [/input-48, 4661] 
pruning_in_iteration open status: True
ratio of positive domain = 119 / 256 = 0.46484375
pruning-in-iteration extra time: 0.002495288848876953
Time: prepare 0.0058    bound 0.3116    transfer 0.2363    finalize 0.1198    func 0.6735    
Accumulated time: func 54.8007    prepare 0.4868    bound 25.6024    transfer 19.4447    finalize 9.2764    
Current worst splitting domains lb-rhs (depth):
-0.04977 (9), -0.04973 (9), -0.04893 (9), -0.04880 (9), -0.04738 (12), -0.04737 (9), -0.04733 (9), -0.04732 (12), -0.04674 (9), -0.04671 (9), -0.04631 (12), -0.04627 (12), -0.04388 (13), -0.04385 (13), -0.04246 (13), -0.04243 (13), -0.04165 (12), -0.04154 (12), -0.04034 (12), -0.04020 (12), 
Length of domains: 670
Time: pickout 0.0113    decision 0.1508    set_bounds 0.0047    solve 0.6736    add 0.2107    
Accumulated time: pickout 0.9273    decision 12.2479    set_bounds 0.5637    solve 54.8983    add 17.9723    
Current (lb-rhs): tensor([-4.31021404, -2.25409842, -0.04976940, -2.12406445, -1.30388165])
10998 domains visited
Cumulative time: 91.16327691078186

BaB round 86
batch: 128
splitting decisions: 
split level 0: [/input-40, 4167] [/input-40, 4167] [/input-40, 4636] [/input-48, 8184] [/input-48, 8184] [/input-48, 8184] [/input-48, 4661] [/input-40, 5129] [/input-40, 5129] [/input-40, 5129] 
pruning_in_iteration open status: True
ratio of positive domain = 119 / 256 = 0.46484375
pruning-in-iteration extra time: 0.0024662017822265625
Time: prepare 0.0057    bound 0.3074    transfer 0.2297    finalize 0.1189    func 0.6617    
Accumulated time: func 55.4623    prepare 0.4927    bound 25.9098    transfer 19.6744    finalize 9.3952    
Current worst splitting domains lb-rhs (depth):
-0.04977 (9), -0.04973 (9), -0.04893 (9), -0.04880 (9), -0.04738 (12), -0.04737 (9), -0.04733 (9), -0.04732 (12), -0.04674 (9), -0.04671 (9), -0.04631 (12), -0.04627 (12), -0.04388 (13), -0.04385 (13), -0.04246 (13), -0.04243 (13), -0.04165 (12), -0.04154 (12), -0.04034 (12), -0.04020 (12), 
Length of domains: 679
Time: pickout 0.0114    decision 0.1505    set_bounds 0.0049    solve 0.6619    add 0.2115    
Accumulated time: pickout 0.9386    decision 12.3984    set_bounds 0.5686    solve 55.5601    add 18.1838    
Current (lb-rhs): tensor([-4.31021404, -2.25409842, -0.04976940, -2.12406445, -1.30388165])
11135 domains visited
Cumulative time: 92.24006152153015

BaB round 87
batch: 128
splitting decisions: 
split level 0: [/input-40, 5129] [/input-40, 3944] [/input-40, 5129] [/input-48, 6170] [/input-40, 4988] [/input-48, 6170] [/input-48, 6170] [/input-40, 4636] [/input-48, 5141] [/input-48, 7183] 
pruning_in_iteration open status: True
ratio of positive domain = 98 / 256 = 0.3828125
pruning-in-iteration extra time: 0.001968860626220703
Time: prepare 0.0057    bound 0.3602    transfer 0.2306    finalize 0.1225    func 0.7190    
Accumulated time: func 56.1814    prepare 0.4986    bound 26.2700    transfer 19.9050    finalize 9.5177    
Current worst splitting domains lb-rhs (depth):
-0.04977 (9), -0.04973 (9), -0.04893 (9), -0.04880 (9), -0.04738 (12), -0.04737 (9), -0.04733 (9), -0.04732 (12), -0.04674 (9), -0.04671 (9), -0.04631 (12), -0.04627 (12), -0.04388 (13), -0.04385 (13), -0.04246 (13), -0.04243 (13), -0.04165 (12), -0.04154 (12), -0.04034 (12), -0.04020 (12), 
Length of domains: 709
Time: pickout 0.0116    decision 0.1503    set_bounds 0.0051    solve 0.7192    add 0.2895    
Accumulated time: pickout 0.9502    decision 12.5487    set_bounds 0.5736    solve 56.2793    add 18.4733    
Current (lb-rhs): tensor([-4.31021404, -2.25409842, -0.04976940, -2.12406445, -1.30388165])
11293 domains visited
Cumulative time: 93.45203399658203

BaB round 88
batch: 128
splitting decisions: 
split level 0: [/input-48, 6170] [/input-48, 5141] [/input-48, 5141] [/input-48, 5141] [/input-40, 4141] [/input-40, 4622] [/input-48, 5141] [/input-40, 4987] [/input-48, 6170] [/input-40, 3944] 
pruning_in_iteration open status: True
ratio of positive domain = 137 / 256 = 0.53515625
pruning-in-iteration extra time: 0.0024232864379882812
Time: prepare 0.0058    bound 0.2819    transfer 0.2285    finalize 0.1185    func 0.6348    
Accumulated time: func 56.8161    prepare 0.5046    bound 26.5519    transfer 20.1335    finalize 9.6362    
Current worst splitting domains lb-rhs (depth):
-0.04977 (9), -0.04973 (9), -0.04893 (9), -0.04880 (9), -0.04738 (12), -0.04737 (9), -0.04733 (9), -0.04732 (12), -0.04674 (9), -0.04671 (9), -0.04631 (12), -0.04627 (12), -0.04388 (13), -0.04385 (13), -0.04246 (13), -0.04243 (13), -0.04165 (12), -0.04154 (12), -0.04034 (12), -0.04020 (12), 
Length of domains: 700
Time: pickout 0.0118    decision 0.1524    set_bounds 0.0055    solve 0.6349    add 0.1867    
Accumulated time: pickout 0.9620    decision 12.7012    set_bounds 0.5791    solve 56.9142    add 18.6601    
Current (lb-rhs): tensor([-4.31021404, -2.25409842, -0.04976940, -2.12406445, -1.30388165])
11412 domains visited
Cumulative time: 94.47829484939575

BaB round 89
batch: 128
splitting decisions: 
split level 0: [/input-48, 4661] [/input-48, 6170] [/input-48, 4661] [/input-48, 6170] [/input-48, 6170] [/input-48, 5141] [/input-48, 5141] [/input-48, 5141] [/input-48, 5141] [/input-48, 4661] 
pruning_in_iteration open status: True
ratio of positive domain = 137 / 256 = 0.53515625
pruning-in-iteration extra time: 0.0024101734161376953
Time: prepare 0.0058    bound 0.2881    transfer 0.2430    finalize 0.1055    func 0.6425    
Accumulated time: func 57.4586    prepare 0.5106    bound 26.8401    transfer 20.3765    finalize 9.7418    
Current worst splitting domains lb-rhs (depth):
-0.04977 (9), -0.04973 (9), -0.04893 (9), -0.04880 (9), -0.04738 (12), -0.04737 (9), -0.04733 (9), -0.04732 (12), -0.04674 (9), -0.04671 (9), -0.04631 (12), -0.04627 (12), -0.04388 (13), -0.04385 (13), -0.04246 (13), -0.04243 (13), -0.04165 (12), -0.04154 (12), -0.04034 (12), -0.04020 (12), 
Length of domains: 691
Time: pickout 0.0119    decision 0.1514    set_bounds 0.0051    solve 0.6426    add 0.1855    
Accumulated time: pickout 0.9739    decision 12.8526    set_bounds 0.5842    solve 57.5569    add 18.8455    
Current (lb-rhs): tensor([-4.31021404, -2.25409842, -0.04976940, -2.12406445, -1.30388165])
11531 domains visited
Cumulative time: 95.51037120819092

BaB round 90
batch: 128
splitting decisions: 
split level 0: [/input-48, 8184] [/input-40, 5129] [/input-40, 4636] [/input-48, 5141] [/input-48, 5141] [/input-48, 4661] [/input-48, 6170] [/input-48, 5141] [/input-48, 4661] [/input-40, 4988] 
pruning_in_iteration open status: True
ratio of positive domain = 100 / 256 = 0.390625
pruning-in-iteration extra time: 0.002475738525390625
Time: prepare 0.0059    bound 0.3397    transfer 0.2283    finalize 0.1194    func 0.6933    
Accumulated time: func 58.1519    prepare 0.5167    bound 27.1797    transfer 20.6047    finalize 9.8612    
Current worst splitting domains lb-rhs (depth):
-0.04977 (9), -0.04973 (9), -0.04893 (9), -0.04880 (9), -0.04738 (12), -0.04737 (9), -0.04733 (9), -0.04732 (12), -0.04674 (9), -0.04671 (9), -0.04631 (12), -0.04627 (12), -0.04388 (13), -0.04385 (13), -0.04246 (13), -0.04243 (13), -0.04165 (12), -0.04154 (12), -0.04034 (12), -0.04020 (12), 
Length of domains: 719
Time: pickout 0.0116    decision 0.1515    set_bounds 0.0050    solve 0.6943    add 0.2763    
Accumulated time: pickout 0.9855    decision 13.0040    set_bounds 0.5892    solve 58.2512    add 19.1218    
Current (lb-rhs): tensor([-4.31021404, -2.25409842, -0.04976940, -2.12406445, -1.30388165])
11687 domains visited
Cumulative time: 96.68468427658081

BaB round 91
batch: 128
splitting decisions: 
split level 0: [/input-40, 4988] [/input-48, 4661] [/input-40, 3167] [/input-40, 4985] [/input-40, 4985] [/input-40, 2802] [/input-40, 2802] [/input-48, 6170] [/input-40, 5129] [/input-40, 4141] 
pruning_in_iteration open status: True
ratio of positive domain = 102 / 256 = 0.3984375
pruning-in-iteration extra time: 0.002457141876220703
Time: prepare 0.0059    bound 0.3334    transfer 0.2417    finalize 0.1068    func 0.6879    
Accumulated time: func 58.8398    prepare 0.5228    bound 27.5132    transfer 20.8464    finalize 9.9680    
Current worst splitting domains lb-rhs (depth):
-0.04977 (9), -0.04973 (9), -0.04893 (9), -0.04880 (9), -0.04738 (12), -0.04737 (9), -0.04733 (9), -0.04732 (12), -0.04674 (9), -0.04671 (9), -0.04631 (12), -0.04627 (12), -0.04388 (13), -0.04385 (13), -0.04246 (13), -0.04243 (13), -0.04165 (12), -0.04154 (12), -0.04034 (12), -0.04020 (12), 
Length of domains: 745
Time: pickout 0.0113    decision 0.2309    set_bounds 0.0047    solve 0.6881    add 0.2537    
Accumulated time: pickout 0.9969    decision 13.2349    set_bounds 0.5940    solve 58.9393    add 19.3755    
Current (lb-rhs): tensor([-4.31021404, -2.25409842, -0.04976940, -2.12406445, -1.30388165])
11841 domains visited
Cumulative time: 97.90979075431824

BaB round 92
batch: 128
splitting decisions: 
split level 0: [/input-40, 5129] [/input-40, 5129] [/input-40, 3944] [/input-40, 3944] [/input-40, 3944] [/input-40, 4988] [/input-48, 5142] [/input-48, 6170] [/input-48, 6170] [/input-40, 3944] 
pruning_in_iteration open status: True
ratio of positive domain = 101 / 256 = 0.39453125
pruning-in-iteration extra time: 0.0024368762969970703
Time: prepare 0.0059    bound 0.3327    transfer 0.2334    finalize 0.1165    func 0.6886    
Accumulated time: func 59.5284    prepare 0.5288    bound 27.8459    transfer 21.0799    finalize 10.0845    
Current worst splitting domains lb-rhs (depth):
-0.04977 (9), -0.04973 (9), -0.04893 (9), -0.04880 (9), -0.04738 (12), -0.04737 (9), -0.04733 (9), -0.04732 (12), -0.04674 (9), -0.04671 (9), -0.04631 (12), -0.04627 (12), -0.04388 (13), -0.04385 (13), -0.04246 (13), -0.04243 (13), -0.04165 (12), -0.04154 (12), -0.04034 (12), -0.04020 (12), 
Length of domains: 772
Time: pickout 0.0114    decision 0.1509    set_bounds 0.0053    solve 0.6887    add 0.2526    
Accumulated time: pickout 1.0083    decision 13.3858    set_bounds 0.5992    solve 59.6280    add 19.6281    
Current (lb-rhs): tensor([-4.31021404, -2.25409842, -0.04976940, -2.12406445, -1.30388165])
11996 domains visited
Cumulative time: 99.05424046516418

BaB round 93
batch: 128
splitting decisions: 
split level 0: [/input-40, 4622] [/input-40, 4141] [/input-48, 6170] [/input-48, 6170] [/input-48, 6170] [/input-40, 3167] [/input-48, 4973] [/input-48, 6170] [/input-48, 6170] [/input-40, 3944] 
pruning_in_iteration open status: True
ratio of positive domain = 121 / 256 = 0.47265625
pruning-in-iteration extra time: 0.0021338462829589844
Time: prepare 0.0059    bound 0.3204    transfer 0.2456    finalize 0.1051    func 0.6771    
Accumulated time: func 60.2055    prepare 0.5349    bound 28.1663    transfer 21.3255    finalize 10.1896    
Current worst splitting domains lb-rhs (depth):
-0.04977 (9), -0.04973 (9), -0.04893 (9), -0.04880 (9), -0.04738 (12), -0.04737 (9), -0.04733 (9), -0.04732 (12), -0.04674 (9), -0.04671 (9), -0.04631 (12), -0.04627 (12), -0.04388 (13), -0.04385 (13), -0.04246 (13), -0.04243 (13), -0.04165 (12), -0.04154 (12), -0.04034 (12), -0.04020 (12), 
Length of domains: 779
Time: pickout 0.0119    decision 0.1507    set_bounds 0.0049    solve 0.6772    add 0.2156    
Accumulated time: pickout 1.0201    decision 13.5365    set_bounds 0.6041    solve 60.3052    add 19.8437    
Current (lb-rhs): tensor([-4.31021404, -2.25409842, -0.04976940, -2.12406445, -1.30388165])
12131 domains visited
Cumulative time: 100.15111136436462

BaB round 94
batch: 128
splitting decisions: 
split level 0: [/89, 10307] [/89, 10307] [/input-40, 4141] [/input-40, 4987] [/input-40, 4987] [/input-40, 4141] [/input-40, 4987] [/input-48, 4973] [/input-48, 6170] [/input-40, 4141] 
pruning_in_iteration open status: True
ratio of positive domain = 107 / 256 = 0.41796875
pruning-in-iteration extra time: 0.002572298049926758
Time: prepare 0.0059    bound 0.3235    transfer 0.2478    finalize 0.1066    func 0.6839    
Accumulated time: func 60.8893    prepare 0.5409    bound 28.4898    transfer 21.5733    finalize 10.2962    
Current worst splitting domains lb-rhs (depth):
-0.04977 (9), -0.04973 (9), -0.04893 (9), -0.04880 (9), -0.04738 (12), -0.04737 (9), -0.04733 (9), -0.04732 (12), -0.04674 (9), -0.04671 (9), -0.04631 (12), -0.04627 (12), -0.04388 (13), -0.04385 (13), -0.04246 (13), -0.04243 (13), -0.04165 (12), -0.04154 (12), -0.04034 (12), -0.04020 (12), 
Length of domains: 800
Time: pickout 0.0116    decision 0.1504    set_bounds 0.0051    solve 0.6840    add 0.2369    
Accumulated time: pickout 1.0317    decision 13.6869    set_bounds 0.6092    solve 60.9892    add 20.0806    
Current (lb-rhs): tensor([-4.31021404, -2.25409842, -0.04976940, -2.12406445, -1.30388165])
12280 domains visited
Cumulative time: 101.27724146842957

BaB round 95
batch: 128
splitting decisions: 
split level 0: [/input-40, 4141] [/input-40, 4141] [/input-48, 4973] [/input-40, 4141] [/input-48, 4973] [/input-48, 6170] [/input-48, 4973] [/input-40, 4141] [/input-40, 4141] [/input-40, 3167] 
pruning_in_iteration open status: True
ratio of positive domain = 173 / 256 = 0.67578125
pruning-in-iteration extra time: 0.002628326416015625
Time: prepare 0.0058    bound 0.2584    transfer 0.2654    finalize 0.1101    func 0.6399    
Accumulated time: func 61.5292    prepare 0.5469    bound 28.7482    transfer 21.8387    finalize 10.4063    
Current worst splitting domains lb-rhs (depth):
-0.04977 (9), -0.04973 (9), -0.04893 (9), -0.04880 (9), -0.04738 (12), -0.04737 (9), -0.04733 (9), -0.04732 (12), -0.04674 (9), -0.04671 (9), -0.04631 (12), -0.04627 (12), -0.04388 (13), -0.04385 (13), -0.04246 (13), -0.04243 (13), -0.04165 (12), -0.04154 (12), -0.04034 (12), -0.04020 (12), 
Length of domains: 755
Time: pickout 0.0114    decision 0.1504    set_bounds 0.0050    solve 0.6400    add 0.1272    
Accumulated time: pickout 1.0431    decision 13.8373    set_bounds 0.6142    solve 61.6293    add 20.2078    
Current (lb-rhs): tensor([-4.31021404, -2.25409842, -0.04976940, -2.12406445, -1.30388165])
12363 domains visited
Cumulative time: 102.24788928031921

BaB round 96
batch: 128
splitting decisions: 
split level 0: [/input-48, 6170] [/input-48, 6170] [/input-40, 4987] [/input-48, 6170] [/input-40, 3167] [/input-40, 4988] [/input-48, 6170] [/input-48, 6170] [/input-48, 6170] [/input-48, 6170] 
pruning_in_iteration open status: True
ratio of positive domain = 151 / 256 = 0.58984375
pruning-in-iteration extra time: 0.002573728561401367
Time: prepare 0.0059    bound 0.2711    transfer 0.2532    finalize 0.1050    func 0.6353    
Accumulated time: func 62.1645    prepare 0.5530    bound 29.0193    transfer 22.0919    finalize 10.5114    
Current worst splitting domains lb-rhs (depth):
-0.04977 (9), -0.04973 (9), -0.04893 (9), -0.04880 (9), -0.04738 (12), -0.04737 (9), -0.04733 (9), -0.04732 (12), -0.04674 (9), -0.04671 (9), -0.04631 (12), -0.04627 (12), -0.04388 (13), -0.04385 (13), -0.04246 (13), -0.04243 (13), -0.04165 (12), -0.04154 (12), -0.04034 (12), -0.04020 (12), 
Length of domains: 732
Time: pickout 0.0115    decision 0.1508    set_bounds 0.0049    solve 0.6355    add 0.1737    
Accumulated time: pickout 1.0546    decision 13.9881    set_bounds 0.6191    solve 62.2647    add 20.3815    
Current (lb-rhs): tensor([-4.31021404, -2.25409842, -0.04976940, -2.12406445, -1.30388165])
12468 domains visited
Cumulative time: 103.26166105270386

BaB round 97
batch: 128
splitting decisions: 
split level 0: [/input-48, 6170] [/input-40, 4988] [/input-40, 4988] [/input-40, 3167] [/input-40, 3944] [/input-48, 6170] [/input-40, 3167] [/input-40, 4988] [/input-48, 5141] [/input-40, 3167] 
pruning_in_iteration open status: True
ratio of positive domain = 130 / 256 = 0.5078125
pruning-in-iteration extra time: 0.002791881561279297
Time: prepare 0.0061    bound 0.3031    transfer 0.2516    finalize 0.1208    func 0.6817    
Accumulated time: func 62.8462    prepare 0.5593    bound 29.3224    transfer 22.3436    finalize 10.6322    
Current worst splitting domains lb-rhs (depth):
-0.04977 (9), -0.04973 (9), -0.04893 (9), -0.04880 (9), -0.04738 (12), -0.04737 (9), -0.04733 (9), -0.04732 (12), -0.04674 (9), -0.04671 (9), -0.04631 (12), -0.04627 (12), -0.04388 (13), -0.04385 (13), -0.04246 (13), -0.04243 (13), -0.04165 (12), -0.04154 (12), -0.04034 (12), -0.04020 (12), 
Length of domains: 730
Time: pickout 0.0114    decision 0.1510    set_bounds 0.0053    solve 0.6818    add 0.2009    
Accumulated time: pickout 1.0660    decision 14.1391    set_bounds 0.6244    solve 62.9466    add 20.5824    
Current (lb-rhs): tensor([-4.31021404, -2.25409842, -0.04976940, -2.12406445, -1.30388165])
12594 domains visited
Cumulative time: 104.34872317314148

BaB round 98
batch: 128
splitting decisions: 
split level 0: [/input-48, 6170] [/input-40, 3944] [/input-40, 4988] [/input-48, 6170] [/input-40, 4988] [/input-48, 4661] [/input-40, 5129] [/input-40, 4988] [/input-40, 5129] [/input-40, 4141] 
pruning_in_iteration open status: True
ratio of positive domain = 122 / 256 = 0.4765625
pruning-in-iteration extra time: 0.0024919509887695312
Time: prepare 0.0060    bound 0.3094    transfer 0.2420    finalize 0.1052    func 0.6627    
Accumulated time: func 63.5089    prepare 0.5654    bound 29.6318    transfer 22.5856    finalize 10.7374    
Current worst splitting domains lb-rhs (depth):
-0.04977 (9), -0.04973 (9), -0.04893 (9), -0.04880 (9), -0.04738 (12), -0.04737 (9), -0.04733 (9), -0.04732 (12), -0.04674 (9), -0.04671 (9), -0.04631 (12), -0.04627 (12), -0.04388 (13), -0.04385 (13), -0.04246 (13), -0.04243 (13), -0.04165 (12), -0.04154 (12), -0.04034 (12), -0.04020 (12), 
Length of domains: 736
Time: pickout 0.0113    decision 0.1506    set_bounds 0.0051    solve 0.6628    add 0.2100    
Accumulated time: pickout 1.0773    decision 14.2897    set_bounds 0.6295    solve 63.6094    add 20.7924    
Current (lb-rhs): tensor([-4.31021404, -2.25409842, -0.04976940, -2.12406445, -1.30388165])
12728 domains visited
Cumulative time: 105.42495512962341

BaB round 99
batch: 128
splitting decisions: 
split level 0: [/input-40, 4622] [/input-40, 4974] [/input-40, 2802] [/input-40, 4988] [/input-40, 4141] [/input-40, 4988] [/input-40, 4988] [/input-40, 2802] [/input-40, 4622] [/input-40, 4985] 
pruning_in_iteration open status: True
ratio of positive domain = 134 / 256 = 0.5234375
pruning-in-iteration extra time: 0.0024814605712890625
Time: prepare 0.0062    bound 0.2943    transfer 0.2262    finalize 0.1190    func 0.6457    
Accumulated time: func 64.1546    prepare 0.5718    bound 29.9260    transfer 22.8118    finalize 10.8564    
Current worst splitting domains lb-rhs (depth):
-0.04977 (9), -0.04973 (9), -0.04893 (9), -0.04880 (9), -0.04738 (12), -0.04737 (9), -0.04733 (9), -0.04732 (12), -0.04674 (9), -0.04671 (9), -0.04631 (12), -0.04627 (12), -0.04388 (13), -0.04385 (13), -0.04246 (13), -0.04243 (13), -0.04165 (12), -0.04154 (12), -0.04034 (12), -0.04020 (12), 
Length of domains: 730
Time: pickout 0.0114    decision 0.1510    set_bounds 0.0054    solve 0.6459    add 0.1929    
Accumulated time: pickout 1.0887    decision 14.4407    set_bounds 0.6349    solve 64.2553    add 20.9853    
Current (lb-rhs): tensor([-4.31021404, -2.25409842, -0.04976940, -2.12406445, -1.30388165])
12850 domains visited
Cumulative time: 106.46682643890381

BaB round 100
batch: 128
splitting decisions: 
split level 0: [/input-48, 6170] [/input-40, 2802] [/input-40, 2802] [/input-40, 4985] [/input-40, 4985] [/input-40, 4622] [/input-40, 4988] [/input-40, 4988] [/input-40, 4985] [/input-40, 4988] 
pruning_in_iteration open status: True
ratio of positive domain = 140 / 256 = 0.546875
pruning-in-iteration extra time: 0.002465963363647461
Time: prepare 0.0061    bound 0.2872    transfer 0.2461    finalize 0.1059    func 0.6454    
Accumulated time: func 64.8000    prepare 0.5780    bound 30.2132    transfer 23.0579    finalize 10.9624    
Current worst splitting domains lb-rhs (depth):
-0.04977 (9), -0.04973 (9), -0.04893 (9), -0.04880 (9), -0.04738 (12), -0.04737 (9), -0.04733 (9), -0.04732 (12), -0.04674 (9), -0.04671 (9), -0.04631 (12), -0.04627 (12), -0.04388 (13), -0.04385 (13), -0.04246 (13), -0.04243 (13), -0.04165 (12), -0.04154 (12), -0.04034 (12), -0.04020 (12), 
Length of domains: 718
Time: pickout 0.0112    decision 0.1509    set_bounds 0.0049    solve 0.6467    add 0.1793    
Accumulated time: pickout 1.0999    decision 14.5916    set_bounds 0.6399    solve 64.9020    add 21.1646    
Current (lb-rhs): tensor([-4.31021404, -2.25409842, -0.04976940, -2.12406445, -1.30388165])
12966 domains visited
Cumulative time: 107.4958803653717

BaB round 101
batch: 128
splitting decisions: 
split level 0: [/input-40, 3944] [/input-40, 3167] [/input-40, 4988] [/input-40, 4985] [/input-40, 4985] [/input-40, 3944] [/input-40, 2802] [/input-40, 3167] [/input-40, 3167] [/input-40, 5129] 
pruning_in_iteration open status: True
ratio of positive domain = 138 / 256 = 0.5390625
pruning-in-iteration extra time: 0.002377033233642578
Time: prepare 0.0061    bound 0.2978    transfer 0.2303    finalize 0.1199    func 0.6542    
Accumulated time: func 65.4542    prepare 0.5844    bound 30.5110    transfer 23.2883    finalize 11.0823    
Current worst splitting domains lb-rhs (depth):
-0.04977 (9), -0.04973 (9), -0.04893 (9), -0.04880 (9), -0.04738 (12), -0.04737 (9), -0.04733 (9), -0.04732 (12), -0.04674 (9), -0.04671 (9), -0.04631 (12), -0.04627 (12), -0.04388 (13), -0.04385 (13), -0.04246 (13), -0.04243 (13), -0.04165 (12), -0.04154 (12), -0.04034 (12), -0.04020 (12), 
Length of domains: 708
Time: pickout 0.0120    decision 0.1512    set_bounds 0.0050    solve 0.6544    add 0.1839    
Accumulated time: pickout 1.1119    decision 14.7427    set_bounds 0.6449    solve 65.5564    add 21.3485    
Current (lb-rhs): tensor([-4.31021404, -2.25409842, -0.04976940, -2.12406445, -1.30388165])
13084 domains visited
Cumulative time: 108.53795647621155

BaB round 102
batch: 128
splitting decisions: 
split level 0: [/input-40, 3167] [/input-40, 4985] [/input-40, 4988] [/input-40, 2802] [/input-40, 4988] [/input-40, 5129] [/input-48, 4973] [/input-40, 3944] [/input-40, 3167] [/input-40, 4988] 
pruning_in_iteration open status: True
ratio of positive domain = 136 / 256 = 0.53125
pruning-in-iteration extra time: 0.0023653507232666016
Time: prepare 0.0060    bound 0.2942    transfer 0.2453    finalize 0.1039    func 0.6495    
Accumulated time: func 66.1037    prepare 0.5905    bound 30.8052    transfer 23.5336    finalize 11.1862    
Current worst splitting domains lb-rhs (depth):
-0.04977 (9), -0.04973 (9), -0.04893 (9), -0.04880 (9), -0.04738 (12), -0.04737 (9), -0.04733 (9), -0.04732 (12), -0.04674 (9), -0.04671 (9), -0.04631 (12), -0.04627 (12), -0.04388 (13), -0.04385 (13), -0.04246 (13), -0.04243 (13), -0.04165 (12), -0.04154 (12), -0.04034 (12), -0.04020 (12), 
Length of domains: 700
Time: pickout 0.0114    decision 0.1509    set_bounds 0.0048    solve 0.6497    add 0.1899    
Accumulated time: pickout 1.1233    decision 14.8937    set_bounds 0.6497    solve 66.2061    add 21.5384    
Current (lb-rhs): tensor([-4.31021404, -2.25409842, -0.04976940, -2.12406445, -1.30388165])
13204 domains visited
Cumulative time: 109.58087658882141

BaB round 103
batch: 128
splitting decisions: 
split level 0: [/input-40, 2802] [/input-48, 4661] [/input-40, 4988] [/input-40, 4988] [/input-40, 1956] [/input-40, 4985] [/input-40, 3167] [/input-40, 3167] [/input-40, 4988] [/input-40, 4988] 
pruning_in_iteration open status: True
ratio of positive domain = 134 / 256 = 0.5234375
pruning-in-iteration extra time: 0.002454042434692383
Time: prepare 0.0061    bound 0.2967    transfer 0.2293    finalize 0.1998    func 0.7319    
Accumulated time: func 66.8356    prepare 0.5968    bound 31.1019    transfer 23.7628    finalize 11.3860    
Current worst splitting domains lb-rhs (depth):
-0.04977 (9), -0.04973 (9), -0.04893 (9), -0.04880 (9), -0.04738 (12), -0.04737 (9), -0.04733 (9), -0.04732 (12), -0.04674 (9), -0.04671 (9), -0.04631 (12), -0.04627 (12), -0.04388 (13), -0.04385 (13), -0.04246 (13), -0.04243 (13), -0.04165 (12), -0.04154 (12), -0.04034 (12), -0.04020 (12), 
Length of domains: 694
Time: pickout 0.0114    decision 0.1516    set_bounds 0.0048    solve 0.7321    add 0.1960    
Accumulated time: pickout 1.1346    decision 15.0453    set_bounds 0.6545    solve 66.9381    add 21.7343    
Current (lb-rhs): tensor([-4.31021404, -2.25409842, -0.04976940, -2.12406445, -1.30388165])
13326 domains visited
Cumulative time: 110.71279835700989

BaB round 104
batch: 128
splitting decisions: 
split level 0: [/input-40, 5129] [/input-40, 3167] [/input-40, 5129] [/input-48, 4661] [/input-40, 4988] [/input-40, 4985] [/input-40, 4985] [/input-40, 4988] [/input-40, 4988] [/input-40, 580] 
pruning_in_iteration open status: True
ratio of positive domain = 131 / 256 = 0.51171875
pruning-in-iteration extra time: 0.0022640228271484375
Time: prepare 0.0059    bound 0.3142    transfer 0.2297    finalize 0.1177    func 0.6677    
Accumulated time: func 67.5033    prepare 0.6029    bound 31.4161    transfer 23.9926    finalize 11.5037    
Current worst splitting domains lb-rhs (depth):
-0.04977 (9), -0.04973 (9), -0.04893 (9), -0.04880 (9), -0.04738 (12), -0.04737 (9), -0.04733 (9), -0.04732 (12), -0.04674 (9), -0.04671 (9), -0.04631 (12), -0.04627 (12), -0.04388 (13), -0.04385 (13), -0.04246 (13), -0.04243 (13), -0.04165 (12), -0.04154 (12), -0.04034 (12), -0.04020 (12), 
Length of domains: 691
Time: pickout 0.0114    decision 0.1506    set_bounds 0.0050    solve 0.6679    add 0.2017    
Accumulated time: pickout 1.1460    decision 15.1958    set_bounds 0.6595    solve 67.6061    add 21.9360    
Current (lb-rhs): tensor([-4.31021404, -2.25409842, -0.04976940, -2.12406445, -1.30388165])
13451 domains visited
Cumulative time: 111.78471851348877

BaB round 105
batch: 128
splitting decisions: 
split level 0: [/input-48, 4661] [/input-48, 4661] [/input-48, 4661] [/input-40, 3167] [/input-40, 5129] [/input-40, 3167] [/89, 10335] [/input-40, 580] [/input-40, 4974] [/input-40, 5129] 
pruning_in_iteration open status: True
ratio of positive domain = 140 / 256 = 0.546875
pruning-in-iteration extra time: 0.0024602413177490234
Time: prepare 0.0061    bound 0.2895    transfer 0.2295    finalize 0.1188    func 0.6439    
Accumulated time: func 68.1472    prepare 0.6092    bound 31.7057    transfer 24.2221    finalize 11.6225    
Current worst splitting domains lb-rhs (depth):
-0.04977 (9), -0.04973 (9), -0.04893 (9), -0.04880 (9), -0.04738 (12), -0.04737 (9), -0.04733 (9), -0.04732 (12), -0.04674 (9), -0.04671 (9), -0.04631 (12), -0.04627 (12), -0.04388 (13), -0.04385 (13), -0.04246 (13), -0.04243 (13), -0.04165 (12), -0.04154 (12), -0.04034 (12), -0.04020 (12), 
Length of domains: 679
Time: pickout 0.0113    decision 0.1505    set_bounds 0.0050    solve 0.6441    add 0.1889    
Accumulated time: pickout 1.1573    decision 15.3463    set_bounds 0.6645    solve 68.2501    add 22.1249    
Current (lb-rhs): tensor([-4.31021404, -2.25409842, -0.04976940, -2.12406445, -1.30388165])
13567 domains visited
Cumulative time: 112.8199667930603

BaB round 106
batch: 128
splitting decisions: 
split level 0: [/89, 10307] [/input-48, 918] [/89, 10307] [/input-40, 1956] [/input-40, 3944] [/input-48, 5141] [/input-40, 4622] [/input-48, 4661] [/input-40, 3944] [/input-40, 3944] 
pruning_in_iteration open status: True
ratio of positive domain = 139 / 256 = 0.54296875
pruning-in-iteration extra time: 0.0024864673614501953
Time: prepare 0.0059    bound 0.2899    transfer 0.2294    finalize 0.1190    func 0.6443    
Accumulated time: func 68.7915    prepare 0.6152    bound 31.9956    transfer 24.4515    finalize 11.7415    
Current worst splitting domains lb-rhs (depth):
-0.04977 (9), -0.04973 (9), -0.04893 (9), -0.04880 (9), -0.04738 (12), -0.04737 (9), -0.04733 (9), -0.04732 (12), -0.04674 (9), -0.04671 (9), -0.04631 (12), -0.04627 (12), -0.04388 (13), -0.04385 (13), -0.04246 (13), -0.04243 (13), -0.04165 (12), -0.04154 (12), -0.04034 (12), -0.04020 (12), 
Length of domains: 668
Time: pickout 0.0114    decision 0.1505    set_bounds 0.0050    solve 0.6445    add 0.1891    
Accumulated time: pickout 1.1686    decision 15.4968    set_bounds 0.6694    solve 68.8946    add 22.3140    
Current (lb-rhs): tensor([-4.31021404, -2.25409842, -0.04976940, -2.12406445, -1.30388165])
13684 domains visited
Cumulative time: 113.85605478286743

BaB round 107
batch: 128
splitting decisions: 
split level 0: [/input-40, 1956] [/input-40, 4167] [/input-48, 4661] [/input-48, 4661] [/input-48, 4661] [/input-48, 4661] [/input-48, 4661] [/input-48, 4661] [/input-48, 6170] [/89, 10307] 
pruning_in_iteration open status: True
ratio of positive domain = 153 / 256 = 0.59765625
pruning-in-iteration extra time: 0.002684354782104492
Time: prepare 0.0065    bound 0.2725    transfer 0.2488    finalize 0.1088    func 0.6368    
Accumulated time: func 69.4283    prepare 0.6219    bound 32.2681    transfer 24.7004    finalize 11.8503    
Current worst splitting domains lb-rhs (depth):
-0.04977 (9), -0.04973 (9), -0.04893 (9), -0.04880 (9), -0.04738 (12), -0.04737 (9), -0.04733 (9), -0.04732 (12), -0.04674 (9), -0.04671 (9), -0.04631 (12), -0.04627 (12), -0.04388 (13), -0.04385 (13), -0.04246 (13), -0.04243 (13), -0.04165 (12), -0.04154 (12), -0.04034 (12), -0.04020 (12), 
Length of domains: 643
Time: pickout 0.0114    decision 0.1512    set_bounds 0.0057    solve 0.6370    add 0.1618    
Accumulated time: pickout 1.1800    decision 15.6480    set_bounds 0.6752    solve 69.5316    add 22.4758    
Current (lb-rhs): tensor([-4.31021404, -2.25409842, -0.04976940, -2.12406445, -1.30388165])
13787 domains visited
Cumulative time: 114.85869669914246

BaB round 108
batch: 128
splitting decisions: 
split level 0: [/input-48, 8549] [/input-40, 1256] [/input-40, 1256] [/input-40, 1256] [/input-48, 8549] [/input-40, 1256] [/input-40, 1956] [/input-40, 5129] [/input-48, 918] [/input-40, 4987] 
pruning_in_iteration open status: True
ratio of positive domain = 127 / 256 = 0.49609375
pruning-in-iteration extra time: 0.0025453567504882812
Time: prepare 0.0063    bound 0.3033    transfer 0.2316    finalize 0.1185    func 0.6597    
Accumulated time: func 70.0880    prepare 0.6284    bound 32.5714    transfer 24.9320    finalize 11.9688    
Current worst splitting domains lb-rhs (depth):
-0.04977 (9), -0.04973 (9), -0.04893 (9), -0.04880 (9), -0.04738 (12), -0.04737 (9), -0.04733 (9), -0.04732 (12), -0.04674 (9), -0.04671 (9), -0.04631 (12), -0.04627 (12), -0.04388 (13), -0.04385 (13), -0.04246 (13), -0.04243 (13), -0.04165 (12), -0.04154 (12), -0.04034 (12), -0.04020 (12), 
Length of domains: 644
Time: pickout 0.0113    decision 0.1505    set_bounds 0.0049    solve 0.6599    add 0.1994    
Accumulated time: pickout 1.1913    decision 15.7985    set_bounds 0.6800    solve 70.1915    add 22.6751    
Current (lb-rhs): tensor([-4.31021404, -2.25409842, -0.04976940, -2.12406445, -1.30388165])
13916 domains visited
Cumulative time: 115.92007851600647

BaB round 109
batch: 128
splitting decisions: 
split level 0: [/input-40, 4636] [/input-40, 4636] [/input-40, 4636] [/input-40, 1256] [/input-40, 4636] [/input-48, 8549] [/input-40, 4987] [/input-48, 4661] [/input-40, 5129] [/input-40, 5129] 
pruning_in_iteration open status: True
ratio of positive domain = 129 / 256 = 0.50390625
pruning-in-iteration extra time: 0.002511739730834961
Time: prepare 0.0059    bound 0.2951    transfer 0.2310    finalize 0.1201    func 0.6522    
Accumulated time: func 70.7402    prepare 0.6344    bound 32.8665    transfer 25.1630    finalize 12.0889    
Current worst splitting domains lb-rhs (depth):
-0.04977 (9), -0.04973 (9), -0.04893 (9), -0.04880 (9), -0.04738 (12), -0.04737 (9), -0.04733 (9), -0.04732 (12), -0.04674 (9), -0.04671 (9), -0.04631 (12), -0.04627 (12), -0.04388 (13), -0.04385 (13), -0.04246 (13), -0.04243 (13), -0.04165 (12), -0.04154 (12), -0.04034 (12), -0.04020 (12), 
Length of domains: 643
Time: pickout 0.0117    decision 0.1508    set_bounds 0.0050    solve 0.6524    add 0.2019    
Accumulated time: pickout 1.2031    decision 15.9493    set_bounds 0.6850    solve 70.8438    add 22.8770    
Current (lb-rhs): tensor([-4.31021404, -2.25409842, -0.04976940, -2.12406445, -1.30388165])
14043 domains visited
Cumulative time: 116.977379322052

BaB round 110
batch: 128
splitting decisions: 
split level 0: [/input-40, 1256] [/input-48, 8184] [/input-48, 8184] [/input-48, 8184] [/input-48, 918] [/input-48, 918] [/input-40, 3167] [/input-48, 4661] [/input-40, 4636] [/input-40, 4167] 
pruning_in_iteration open status: True
ratio of positive domain = 143 / 256 = 0.55859375
pruning-in-iteration extra time: 0.0024137496948242188
Time: prepare 0.0059    bound 0.2851    transfer 0.2310    finalize 0.1206    func 0.6427    
Accumulated time: func 71.3829    prepare 0.6405    bound 33.1516    transfer 25.3940    finalize 12.2095    
Current worst splitting domains lb-rhs (depth):
-0.04977 (9), -0.04973 (9), -0.04893 (9), -0.04880 (9), -0.04738 (12), -0.04737 (9), -0.04733 (9), -0.04732 (12), -0.04674 (9), -0.04671 (9), -0.04631 (12), -0.04627 (12), -0.04388 (13), -0.04385 (13), -0.04246 (13), -0.04243 (13), -0.04165 (12), -0.04154 (12), -0.04034 (12), -0.04020 (12), 
Length of domains: 628
Time: pickout 0.0112    decision 0.1507    set_bounds 0.0054    solve 0.6429    add 0.1799    
Accumulated time: pickout 1.2143    decision 16.1000    set_bounds 0.6904    solve 71.4868    add 23.0569    
Current (lb-rhs): tensor([-4.31021404, -2.25409842, -0.04976940, -2.12406445, -1.30388165])
14156 domains visited
Cumulative time: 118.00265765190125

BaB round 111
batch: 128
splitting decisions: 
split level 0: [/input-48, 4661] [/input-40, 1437] [/input-48, 4661] [/input-48, 8549] [/input-48, 8549] [/input-48, 8549] [/input-40, 3167] [/input-48, 8549] [/input-48, 8549] [/input-48, 8549] 
pruning_in_iteration open status: True
ratio of positive domain = 129 / 256 = 0.50390625
pruning-in-iteration extra time: 0.0024840831756591797
Time: prepare 0.0060    bound 0.2930    transfer 0.2487    finalize 0.1068    func 0.6545    
Accumulated time: func 72.0374    prepare 0.6467    bound 33.4446    transfer 25.6427    finalize 12.3163    
Current worst splitting domains lb-rhs (depth):
-0.04977 (9), -0.04973 (9), -0.04893 (9), -0.04880 (9), -0.04738 (12), -0.04737 (9), -0.04733 (9), -0.04732 (12), -0.04674 (9), -0.04671 (9), -0.04631 (12), -0.04627 (12), -0.04388 (13), -0.04385 (13), -0.04246 (13), -0.04243 (13), -0.04165 (12), -0.04154 (12), -0.04034 (12), -0.04020 (12), 
Length of domains: 627
Time: pickout 0.0113    decision 0.1511    set_bounds 0.0056    solve 0.6556    add 0.2143    
Accumulated time: pickout 1.2255    decision 16.2511    set_bounds 0.6960    solve 72.1423    add 23.2712    
Current (lb-rhs): tensor([-4.31021404, -2.25409842, -0.04976940, -2.12406445, -1.30388165])
14283 domains visited
Cumulative time: 119.07636833190918

BaB round 112
batch: 128
splitting decisions: 
split level 0: [/input-40, 1256] [/input-48, 8549] [/input-40, 4167] [/input-40, 3167] [/input-40, 3167] [/input-40, 3167] [/input-48, 918] [/input-40, 3167] [/input-40, 3167] [/input-40, 1256] 
pruning_in_iteration open status: True
ratio of positive domain = 91 / 256 = 0.35546875
pruning-in-iteration extra time: 0.002819538116455078
Time: prepare 0.0061    bound 0.3465    transfer 0.2324    finalize 0.1200    func 0.7051    
Accumulated time: func 72.7425    prepare 0.6530    bound 33.7910    transfer 25.8751    finalize 12.4364    
Current worst splitting domains lb-rhs (depth):
-0.04977 (9), -0.04973 (9), -0.04893 (9), -0.04880 (9), -0.04738 (12), -0.04737 (9), -0.04733 (9), -0.04732 (12), -0.04674 (9), -0.04671 (9), -0.04631 (12), -0.04627 (12), -0.04388 (13), -0.04385 (13), -0.04246 (13), -0.04243 (13), -0.04165 (12), -0.04154 (12), -0.04034 (12), -0.04020 (12), 
Length of domains: 664
Time: pickout 0.0113    decision 0.1510    set_bounds 0.0048    solve 0.7052    add 0.2904    
Accumulated time: pickout 1.2368    decision 16.4021    set_bounds 0.7008    solve 72.8476    add 23.5615    
Current (lb-rhs): tensor([-4.31021404, -2.25409842, -0.04976940, -2.12406445, -1.30388165])
14448 domains visited
Cumulative time: 120.27657842636108

BaB round 113
batch: 128
splitting decisions: 
split level 0: [/input-48, 5141] [/input-48, 7183] [/input-40, 4622] [/input-48, 5141] [/input-48, 5141] [/input-48, 5141] [/input-40, 2802] [/input-40, 4988] [/input-48, 5141] [/input-48, 5141] 
pruning_in_iteration open status: True
ratio of positive domain = 108 / 256 = 0.421875
pruning-in-iteration extra time: 0.002735614776611328
Time: prepare 0.0059    bound 0.3196    transfer 0.2454    finalize 0.1049    func 0.6759    
Accumulated time: func 73.4184    prepare 0.6591    bound 34.1106    transfer 26.1205    finalize 12.5413    
Current worst splitting domains lb-rhs (depth):
-0.04977 (9), -0.04973 (9), -0.04893 (9), -0.04880 (9), -0.04738 (12), -0.04737 (9), -0.04733 (9), -0.04732 (12), -0.04674 (9), -0.04671 (9), -0.04631 (12), -0.04627 (12), -0.04388 (13), -0.04385 (13), -0.04246 (13), -0.04243 (13), -0.04165 (12), -0.04154 (12), -0.04034 (12), -0.04020 (12), 
Length of domains: 684
Time: pickout 0.0114    decision 0.1508    set_bounds 0.0045    solve 0.6760    add 0.2342    
Accumulated time: pickout 1.2482    decision 16.5529    set_bounds 0.7053    solve 73.5236    add 23.7957    
Current (lb-rhs): tensor([-4.31021404, -2.25409842, -0.04976940, -2.12406445, -1.30388165])
14596 domains visited
Cumulative time: 121.39025712013245

BaB round 114
batch: 128
splitting decisions: 
split level 0: [/input-40, 4636] [/input-40, 4636] [/input-48, 5141] [/input-48, 4661] [/input-48, 4661] [/input-48, 5141] [/input-48, 5141] [/input-48, 4661] [/input-40, 5129] [/input-40, 4636] 
pruning_in_iteration open status: True
ratio of positive domain = 74 / 256 = 0.2890625
pruning-in-iteration extra time: 0.0022313594818115234
Time: prepare 0.0059    bound 0.3760    transfer 0.2477    finalize 0.1066    func 0.7363    
Accumulated time: func 74.1547    prepare 0.6652    bound 34.4865    transfer 26.3683    finalize 12.6479    
Current worst splitting domains lb-rhs (depth):
-0.04977 (9), -0.04973 (9), -0.04893 (9), -0.04880 (9), -0.04738 (12), -0.04737 (9), -0.04733 (9), -0.04732 (12), -0.04674 (9), -0.04671 (9), -0.04631 (12), -0.04627 (12), -0.04388 (13), -0.04385 (13), -0.04246 (13), -0.04243 (13), -0.04165 (12), -0.04154 (12), -0.04034 (12), -0.04020 (12), 
Length of domains: 738
Time: pickout 0.0114    decision 0.1504    set_bounds 0.0052    solve 0.7364    add 0.3154    
Accumulated time: pickout 1.2597    decision 16.7033    set_bounds 0.7105    solve 74.2600    add 24.1111    
Current (lb-rhs): tensor([-4.31021404, -2.25409842, -0.04976940, -2.12406445, -1.30388165])
14778 domains visited
Cumulative time: 122.64585304260254

BaB round 115
batch: 128
splitting decisions: 
split level 0: [/input-48, 5141] [/input-48, 7183] [/input-40, 5129] [/input-48, 4661] [/input-48, 4973] [/input-48, 7183] [/input-48, 918] [/59, 41470] [/input-48, 7183] [/input-48, 7183] 
pruning_in_iteration open status: True
ratio of positive domain = 91 / 256 = 0.35546875
pruning-in-iteration extra time: 0.0022974014282226562
Time: prepare 0.0059    bound 0.3581    transfer 0.2443    finalize 0.1053    func 0.7137    
Accumulated time: func 74.8683    prepare 0.6712    bound 34.8447    transfer 26.6126    finalize 12.7531    
Current worst splitting domains lb-rhs (depth):
-0.04977 (9), -0.04973 (9), -0.04893 (9), -0.04880 (9), -0.04738 (12), -0.04737 (9), -0.04733 (9), -0.04732 (12), -0.04674 (9), -0.04671 (9), -0.04631 (12), -0.04627 (12), -0.04388 (13), -0.04385 (13), -0.04246 (13), -0.04243 (13), -0.04165 (12), -0.04154 (12), -0.04034 (12), -0.04020 (12), 
Length of domains: 775
Time: pickout 0.0116    decision 0.1510    set_bounds 0.0056    solve 0.7138    add 0.2967    
Accumulated time: pickout 1.2712    decision 16.8542    set_bounds 0.7161    solve 74.9739    add 24.4078    
Current (lb-rhs): tensor([-4.31021404, -2.25409842, -0.04976940, -2.12406445, -1.30388165])
14943 domains visited
Cumulative time: 123.86062240600586

BaB round 116
batch: 128
splitting decisions: 
split level 0: [/input-48, 918] [/input-40, 5129] [/input-40, 3167] [/input-48, 918] [/input-48, 918] [/input-40, 4988] [/input-48, 918] [/input-40, 3167] [/input-40, 5129] [/input-40, 3167] 
pruning_in_iteration open status: True
ratio of positive domain = 84 / 256 = 0.328125
pruning-in-iteration extra time: 0.0027327537536621094
Time: prepare 0.0059    bound 0.3659    transfer 0.2537    finalize 0.1040    func 0.7297    
Accumulated time: func 75.5980    prepare 0.6773    bound 35.2105    transfer 26.8663    finalize 12.8572    
Current worst splitting domains lb-rhs (depth):
-0.04977 (9), -0.04973 (9), -0.04893 (9), -0.04880 (9), -0.04738 (12), -0.04737 (9), -0.04733 (9), -0.04732 (12), -0.04674 (9), -0.04671 (9), -0.04631 (12), -0.04627 (12), -0.04388 (13), -0.04385 (13), -0.04246 (13), -0.04243 (13), -0.04165 (12), -0.04154 (12), -0.04034 (12), -0.04020 (12), 
Length of domains: 819
Time: pickout 0.0116    decision 0.1505    set_bounds 0.0880    solve 0.7298    add 0.2990    
Accumulated time: pickout 1.2828    decision 17.0047    set_bounds 0.8041    solve 75.7036    add 24.7068    
Current (lb-rhs): tensor([-4.31021404, -2.25409842, -0.04976940, -2.12406445, -1.30388165])
15115 domains visited
Cumulative time: 125.17767691612244

BaB round 117
batch: 128
splitting decisions: 
split level 0: [/input-40, 3944] [/input-40, 4988] [/input-40, 4988] [/input-40, 3167] [/input-40, 5129] [/input-40, 3944] [/input-48, 5141] [/input-40, 5129] [/input-48, 7183] [/input-40, 5129] 
pruning_in_iteration open status: True
ratio of positive domain = 72 / 256 = 0.28125
pruning-in-iteration extra time: 0.0020294189453125
Time: prepare 0.0058    bound 0.3907    transfer 0.2486    finalize 0.1076    func 0.7527    
Accumulated time: func 76.3507    prepare 0.6833    bound 35.6013    transfer 27.1149    finalize 12.9647    
Current worst splitting domains lb-rhs (depth):
-0.04977 (9), -0.04973 (9), -0.04893 (9), -0.04880 (9), -0.04738 (12), -0.04737 (9), -0.04733 (9), -0.04732 (12), -0.04674 (9), -0.04671 (9), -0.04631 (12), -0.04627 (12), -0.04388 (13), -0.04385 (13), -0.04246 (13), -0.04243 (13), -0.04165 (12), -0.04154 (12), -0.04034 (12), -0.04020 (12), 
Length of domains: 875
Time: pickout 0.0117    decision 0.1504    set_bounds 0.0051    solve 0.7529    add 0.3236    
Accumulated time: pickout 1.2946    decision 17.1551    set_bounds 0.8092    solve 76.4565    add 25.0305    
Current (lb-rhs): tensor([-4.31021404, -2.25409842, -0.04976940, -2.12406445, -1.30388165])
15299 domains visited
Cumulative time: 126.45867109298706

BaB round 118
batch: 128
splitting decisions: 
split level 0: [/input-48, 4661] [/input-40, 3944] [/input-40, 3944] [/input-48, 6170] [/input-48, 6170] [/input-48, 6170] [/input-48, 5141] [/input-40, 3944] [/input-40, 3944] [/input-48, 6170] 
pruning_in_iteration open status: True
ratio of positive domain = 81 / 256 = 0.31640625
pruning-in-iteration extra time: 0.0019257068634033203
Time: prepare 0.0059    bound 0.3810    transfer 0.2468    finalize 0.1059    func 0.7396    
Accumulated time: func 77.0904    prepare 0.6894    bound 35.9823    transfer 27.3617    finalize 13.0706    
Current worst splitting domains lb-rhs (depth):
-0.04977 (9), -0.04973 (9), -0.04893 (9), -0.04880 (9), -0.04738 (12), -0.04737 (9), -0.04733 (9), -0.04732 (12), -0.04674 (9), -0.04671 (9), -0.04631 (12), -0.04627 (12), -0.04388 (13), -0.04385 (13), -0.04246 (13), -0.04243 (13), -0.04165 (12), -0.04154 (12), -0.04034 (12), -0.04020 (12), 
Length of domains: 922
Time: pickout 0.0114    decision 0.1516    set_bounds 0.0047    solve 0.7397    add 0.3068    
Accumulated time: pickout 1.3060    decision 17.3068    set_bounds 0.8139    solve 77.1963    add 25.3372    
Current (lb-rhs): tensor([-4.31021404, -2.25409842, -0.04976940, -2.12406445, -1.30388165])
15474 domains visited
Cumulative time: 127.70695853233337

BaB round 119
batch: 128
splitting decisions: 
split level 0: [/input-40, 4622] [/input-48, 6170] [/input-48, 6170] [/89, 4357] [/input-48, 6170] [/input-48, 6170] [/input-40, 4988] [/input-40, 3167] [/input-40, 4988] [/input-40, 3167] 
pruning_in_iteration open status: True
ratio of positive domain = 99 / 256 = 0.38671875
pruning-in-iteration extra time: 0.001970529556274414
Time: prepare 0.0061    bound 0.3595    transfer 0.2448    finalize 0.0938    func 0.7042    
Accumulated time: func 77.7945    prepare 0.6957    bound 36.3418    transfer 27.6065    finalize 13.1644    
Current worst splitting domains lb-rhs (depth):
-0.04977 (9), -0.04973 (9), -0.04893 (9), -0.04880 (9), -0.04738 (12), -0.04737 (9), -0.04733 (9), -0.04732 (12), -0.04674 (9), -0.04671 (9), -0.04631 (12), -0.04627 (12), -0.04388 (13), -0.04385 (13), -0.04246 (13), -0.04243 (13), -0.04165 (12), -0.04154 (12), -0.04034 (12), -0.04020 (12), 
Length of domains: 951
Time: pickout 0.0114    decision 0.1514    set_bounds 0.0047    solve 0.7043    add 0.2765    
Accumulated time: pickout 1.3174    decision 17.4581    set_bounds 0.8185    solve 77.9006    add 25.6137    
Current (lb-rhs): tensor([-4.31021404, -2.25409842, -0.04976940, -2.12406445, -1.30388165])
15631 domains visited
Cumulative time: 128.89127826690674

BaB round 120
batch: 128
splitting decisions: 
split level 0: [/input-40, 5129] [/input-40, 4622] [/input-48, 4973] [/input-48, 4661] [/input-48, 4661] [/input-48, 4661] [/input-48, 4661] [/input-48, 6170] [/input-40, 3167] [/input-48, 6170] 
pruning_in_iteration open status: True
ratio of positive domain = 129 / 256 = 0.50390625
pruning-in-iteration extra time: 0.0024933815002441406
Time: prepare 0.0060    bound 0.2922    transfer 0.2452    finalize 0.1068    func 0.6502    
Accumulated time: func 78.4448    prepare 0.7019    bound 36.6339    transfer 27.8517    finalize 13.2711    
Current worst splitting domains lb-rhs (depth):
-0.04977 (9), -0.04973 (9), -0.04893 (9), -0.04880 (9), -0.04738 (12), -0.04737 (9), -0.04733 (9), -0.04732 (12), -0.04674 (9), -0.04671 (9), -0.04631 (12), -0.04627 (12), -0.04388 (13), -0.04385 (13), -0.04246 (13), -0.04243 (13), -0.04165 (12), -0.04154 (12), -0.04034 (12), -0.04020 (12), 
Length of domains: 950
Time: pickout 0.0114    decision 0.1505    set_bounds 0.0054    solve 0.6504    add 0.2032    
Accumulated time: pickout 1.3288    decision 17.6086    set_bounds 0.8239    solve 78.5510    add 25.8168    
Current (lb-rhs): tensor([-4.31021404, -2.25409842, -0.04976940, -2.12406445, -1.30388165])
15758 domains visited
Cumulative time: 129.94592761993408

BaB round 121
batch: 128
splitting decisions: 
split level 0: [/input-40, 3167] [/input-48, 4661] [/input-40, 4985] [/input-40, 4988] [/input-40, 4988] [/input-40, 3167] [/input-40, 3167] [/89, 10307] [/input-40, 3167] [/input-40, 3167] 
pruning_in_iteration open status: True
ratio of positive domain = 123 / 256 = 0.48046875
pruning-in-iteration extra time: 0.0025968551635742188
Time: prepare 0.0060    bound 0.2993    transfer 0.2416    finalize 0.0943    func 0.6412    
Accumulated time: func 79.0860    prepare 0.7080    bound 36.9332    transfer 28.0934    finalize 13.3654    
Current worst splitting domains lb-rhs (depth):
-0.04977 (9), -0.04973 (9), -0.04893 (9), -0.04880 (9), -0.04738 (12), -0.04737 (9), -0.04733 (9), -0.04732 (12), -0.04674 (9), -0.04671 (9), -0.04631 (12), -0.04627 (12), -0.04388 (13), -0.04385 (13), -0.04246 (13), -0.04243 (13), -0.04165 (12), -0.04154 (12), -0.04034 (12), -0.04020 (12), 
Length of domains: 955
Time: pickout 0.0112    decision 0.1508    set_bounds 0.0049    solve 0.6414    add 0.2143    
Accumulated time: pickout 1.3400    decision 17.7595    set_bounds 0.8288    solve 79.1924    add 26.0311    
Current (lb-rhs): tensor([-4.31021404, -2.25409842, -0.04976940, -2.12406445, -1.30388165])
15891 domains visited
Cumulative time: 131.0049364566803

BaB round 122
batch: 128
splitting decisions: 
split level 0: [/input-40, 4988] [/input-40, 3167] [/input-40, 4988] [/input-40, 4141] [/input-40, 4141] [/input-40, 4141] [/input-48, 6170] [/input-40, 4985] [/input-40, 4988] [/input-48, 4973] 
pruning_in_iteration open status: True
ratio of positive domain = 141 / 256 = 0.55078125
pruning-in-iteration extra time: 0.0024459362030029297
Time: prepare 0.0061    bound 0.2752    transfer 0.2438    finalize 0.1074    func 0.6326    
Accumulated time: func 79.7186    prepare 0.7142    bound 37.2084    transfer 28.3372    finalize 13.4728    
Current worst splitting domains lb-rhs (depth):
-0.04977 (9), -0.04973 (9), -0.04893 (9), -0.04880 (9), -0.04738 (12), -0.04737 (9), -0.04733 (9), -0.04732 (12), -0.04674 (9), -0.04671 (9), -0.04631 (12), -0.04627 (12), -0.04388 (13), -0.04385 (13), -0.04246 (13), -0.04243 (13), -0.04165 (12), -0.04154 (12), -0.04034 (12), -0.04020 (12), 
Length of domains: 942
Time: pickout 0.0112    decision 0.1506    set_bounds 0.0050    solve 0.6327    add 0.1757    
Accumulated time: pickout 1.3512    decision 17.9101    set_bounds 0.8338    solve 79.8251    add 26.2068    
Current (lb-rhs): tensor([-4.31021404, -2.25409842, -0.04976940, -2.12406445, -1.30388165])
16006 domains visited
Cumulative time: 132.0134391784668

BaB round 123
batch: 128
splitting decisions: 
split level 0: [/input-40, 3167] [/input-40, 4987] [/input-40, 3167] [/input-48, 6170] [/input-40, 3167] [/input-48, 4973] [/input-48, 6170] [/input-48, 4973] [/input-40, 3167] [/input-40, 4988] 
pruning_in_iteration open status: True
ratio of positive domain = 139 / 256 = 0.54296875
pruning-in-iteration extra time: 0.002418994903564453
Time: prepare 0.0060    bound 0.2909    transfer 0.2455    finalize 0.0940    func 0.6365    
Accumulated time: func 80.3551    prepare 0.7204    bound 37.4993    transfer 28.5827    finalize 13.5668    
Current worst splitting domains lb-rhs (depth):
-0.04977 (9), -0.04973 (9), -0.04893 (9), -0.04880 (9), -0.04738 (12), -0.04737 (9), -0.04733 (9), -0.04732 (12), -0.04674 (9), -0.04671 (9), -0.04631 (12), -0.04627 (12), -0.04388 (13), -0.04385 (13), -0.04246 (13), -0.04243 (13), -0.04165 (12), -0.04154 (12), -0.04034 (12), -0.04020 (12), 
Length of domains: 931
Time: pickout 0.0113    decision 0.1507    set_bounds 0.0050    solve 0.6367    add 0.1842    
Accumulated time: pickout 1.3625    decision 18.0608    set_bounds 0.8387    solve 80.4617    add 26.3910    
Current (lb-rhs): tensor([-4.31021404, -2.25409842, -0.04976940, -2.12406445, -1.30388165])
16123 domains visited
Cumulative time: 133.03728890419006

BaB round 124
batch: 128
splitting decisions: 
split level 0: [/input-48, 6170] [/input-40, 4141] [/input-40, 3167] [/input-48, 6170] [/input-40, 4141] [/input-48, 6170] [/input-40, 3167] [/input-48, 6170] [/input-40, 3167] [/input-48, 6170] 
pruning_in_iteration open status: True
ratio of positive domain = 112 / 256 = 0.4375
pruning-in-iteration extra time: 0.0025076866149902344
Time: prepare 0.0060    bound 0.3177    transfer 0.2469    finalize 0.1036    func 0.6743    
Accumulated time: func 81.0293    prepare 0.7266    bound 37.8170    transfer 28.8296    finalize 13.6704    
Current worst splitting domains lb-rhs (depth):
-0.04977 (9), -0.04973 (9), -0.04893 (9), -0.04880 (9), -0.04738 (12), -0.04737 (9), -0.04733 (9), -0.04732 (12), -0.04674 (9), -0.04671 (9), -0.04631 (12), -0.04627 (12), -0.04388 (13), -0.04385 (13), -0.04246 (13), -0.04243 (13), -0.04165 (12), -0.04154 (12), -0.04034 (12), -0.04020 (12), 
Length of domains: 947
Time: pickout 0.0114    decision 0.1505    set_bounds 0.0051    solve 0.6744    add 0.2275    
Accumulated time: pickout 1.3739    decision 18.2112    set_bounds 0.8438    solve 81.1362    add 26.6186    
Current (lb-rhs): tensor([-4.31021404, -2.25409842, -0.04976940, -2.12406445, -1.30388165])
16267 domains visited
Cumulative time: 134.14243483543396

BaB round 125
batch: 128
splitting decisions: 
split level 0: [/input-40, 4141] [/input-48, 6170] [/input-48, 4973] [/input-40, 4141] [/input-40, 3816] [/input-40, 4141] [/input-40, 4974] [/input-48, 6170] [/input-40, 4141] [/input-40, 4141] 
pruning_in_iteration open status: True
ratio of positive domain = 156 / 256 = 0.609375
pruning-in-iteration extra time: 0.0025637149810791016
Time: prepare 0.0059    bound 0.2638    transfer 0.2727    finalize 0.1035    func 0.6459    
Accumulated time: func 81.6753    prepare 0.7327    bound 38.0808    transfer 29.1023    finalize 13.7739    
Current worst splitting domains lb-rhs (depth):
-0.04977 (9), -0.04973 (9), -0.04893 (9), -0.04880 (9), -0.04738 (12), -0.04737 (9), -0.04733 (9), -0.04732 (12), -0.04674 (9), -0.04671 (9), -0.04631 (12), -0.04627 (12), -0.04388 (13), -0.04385 (13), -0.04246 (13), -0.04243 (13), -0.04165 (12), -0.04154 (12), -0.04034 (12), -0.04020 (12), 
Length of domains: 919
Time: pickout 0.0113    decision 0.1511    set_bounds 0.0051    solve 0.6460    add 0.1701    
Accumulated time: pickout 1.3852    decision 18.3623    set_bounds 0.8489    solve 81.7822    add 26.7886    
Current (lb-rhs): tensor([-4.31021404, -2.25409842, -0.04976940, -2.12406445, -1.30388165])
16367 domains visited
Cumulative time: 135.16631388664246

BaB round 126
batch: 128
splitting decisions: 
split level 0: [/input-40, 3167] [/input-40, 4987] [/input-40, 3167] [/input-40, 4141] [/89, 10307] [/89, 10307] [/89, 10307] [/input-40, 580] [/input-40, 580] [/input-40, 3167] 
pruning_in_iteration open status: True
ratio of positive domain = 140 / 256 = 0.546875
pruning-in-iteration extra time: 0.0024480819702148438
Time: prepare 0.0063    bound 0.2877    transfer 0.2625    finalize 0.0923    func 0.6488    
Accumulated time: func 82.3240    prepare 0.7392    bound 38.3685    transfer 29.3648    finalize 13.8661    
Current worst splitting domains lb-rhs (depth):
-0.04977 (9), -0.04973 (9), -0.04893 (9), -0.04880 (9), -0.04738 (12), -0.04737 (9), -0.04733 (9), -0.04732 (12), -0.04674 (9), -0.04671 (9), -0.04631 (12), -0.04627 (12), -0.04388 (13), -0.04385 (13), -0.04246 (13), -0.04243 (13), -0.04165 (12), -0.04154 (12), -0.04034 (12), -0.04020 (12), 
Length of domains: 907
Time: pickout 0.0115    decision 0.1505    set_bounds 0.0053    solve 0.6489    add 0.1844    
Accumulated time: pickout 1.3967    decision 18.5129    set_bounds 0.8542    solve 82.4311    add 26.9731    
Current (lb-rhs): tensor([-4.31021404, -2.25409842, -0.04976940, -2.12406445, -1.30388165])
16483 domains visited
Cumulative time: 136.20495223999023

BaB round 127
batch: 128
splitting decisions: 
split level 0: [/input-48, 5141] [/input-48, 4661] [/input-40, 3944] [/input-48, 6170] [/input-48, 6170] [/input-40, 3944] [/input-40, 3167] [/input-48, 5141] [/input-48, 5141] [/input-48, 5141] 
pruning_in_iteration open status: True
ratio of positive domain = 129 / 256 = 0.50390625
pruning-in-iteration extra time: 0.0024199485778808594
Time: prepare 0.0061    bound 0.3046    transfer 0.2449    finalize 0.1067    func 0.6624    
Accumulated time: func 82.9864    prepare 0.7455    bound 38.6732    transfer 29.6096    finalize 13.9728    
Current worst splitting domains lb-rhs (depth):
-0.04977 (9), -0.04973 (9), -0.04893 (9), -0.04880 (9), -0.04738 (12), -0.04737 (9), -0.04733 (9), -0.04732 (12), -0.04674 (9), -0.04671 (9), -0.04631 (12), -0.04627 (12), -0.04388 (13), -0.04385 (13), -0.04246 (13), -0.04243 (13), -0.04165 (12), -0.04154 (12), -0.04034 (12), -0.04020 (12), 
Length of domains: 906
Time: pickout 0.0114    decision 0.1513    set_bounds 0.0047    solve 0.6636    add 0.2007    
Accumulated time: pickout 1.4081    decision 18.6642    set_bounds 0.8589    solve 83.0947    add 27.1738    
Current (lb-rhs): tensor([-4.31021404, -2.25409842, -0.04976940, -2.12406445, -1.30388165])
16610 domains visited
Cumulative time: 137.27266311645508

BaB round 128
batch: 128
splitting decisions: 
split level 0: [/input-48, 5141] [/input-40, 4622] [/input-40, 3167] [/input-48, 6170] [/input-48, 6170] [/input-48, 6170] [/input-48, 4661] [/input-48, 4661] [/input-40, 4622] [/input-48, 4661] 
pruning_in_iteration open status: True
ratio of positive domain = 121 / 256 = 0.47265625
pruning-in-iteration extra time: 0.002614259719848633
Time: prepare 0.0059    bound 0.3111    transfer 0.2460    finalize 0.0956    func 0.6587    
Accumulated time: func 83.6452    prepare 0.7516    bound 38.9842    transfer 29.8556    finalize 14.0685    
Current worst splitting domains lb-rhs (depth):
-0.04977 (9), -0.04973 (9), -0.04893 (9), -0.04880 (9), -0.04738 (12), -0.04737 (9), -0.04733 (9), -0.04732 (12), -0.04674 (9), -0.04671 (9), -0.04631 (12), -0.04627 (12), -0.04388 (13), -0.04385 (13), -0.04246 (13), -0.04243 (13), -0.04165 (12), -0.04154 (12), -0.04034 (12), -0.04020 (12), 
Length of domains: 913
Time: pickout 0.0113    decision 0.1507    set_bounds 0.0047    solve 0.6589    add 0.2114    
Accumulated time: pickout 1.4194    decision 18.8149    set_bounds 0.8636    solve 83.7536    add 27.3852    
Current (lb-rhs): tensor([-4.31021404, -2.25409842, -0.04976940, -2.12406445, -1.30388165])
16745 domains visited
Cumulative time: 138.34768056869507

BaB round 129
batch: 128
splitting decisions: 
split level 0: [/input-40, 4622] [/input-40, 4988] [/input-40, 4988] [/input-40, 4988] [/input-40, 1919] [/input-48, 8183] [/input-40, 4987] [/input-40, 4987] [/input-40, 1919] [/input-40, 1919] 
pruning_in_iteration open status: True
ratio of positive domain = 117 / 256 = 0.45703125
pruning-in-iteration extra time: 0.0025932788848876953
Time: prepare 0.0063    bound 0.3125    transfer 0.2434    finalize 0.1911    func 0.7534    
Accumulated time: func 84.3986    prepare 0.7580    bound 39.2967    transfer 30.0991    finalize 14.2596    
Current worst splitting domains lb-rhs (depth):
-0.04977 (9), -0.04973 (9), -0.04893 (9), -0.04880 (9), -0.04738 (12), -0.04737 (9), -0.04733 (9), -0.04732 (12), -0.04674 (9), -0.04671 (9), -0.04631 (12), -0.04627 (12), -0.04388 (13), -0.04385 (13), -0.04246 (13), -0.04243 (13), -0.04165 (12), -0.04154 (12), -0.04034 (12), -0.04020 (12), 
Length of domains: 924
Time: pickout 0.0115    decision 0.1506    set_bounds 0.0047    solve 0.7536    add 0.2191    
Accumulated time: pickout 1.4309    decision 18.9655    set_bounds 0.8683    solve 84.5072    add 27.6043    
Current (lb-rhs): tensor([-4.31021404, -2.25409842, -0.04976940, -2.12406445, -1.30388165])
16884 domains visited
Cumulative time: 139.52363562583923

BaB round 130
batch: 128
splitting decisions: 
split level 0: [/input-40, 4988] [/input-40, 4985] [/input-40, 3816] [/input-40, 4988] [/input-40, 3167] [/input-48, 4973] [/input-40, 3167] [/input-40, 3167] [/input-40, 4987] [/input-40, 3167] 
pruning_in_iteration open status: True
ratio of positive domain = 133 / 256 = 0.51953125
pruning-in-iteration extra time: 0.0024809837341308594
Time: prepare 0.0062    bound 0.2945    transfer 0.2404    finalize 0.1079    func 0.6491    
Accumulated time: func 85.0477    prepare 0.7644    bound 39.5913    transfer 30.3395    finalize 14.3675    
Current worst splitting domains lb-rhs (depth):
-0.04977 (9), -0.04973 (9), -0.04893 (9), -0.04880 (9), -0.04738 (12), -0.04737 (9), -0.04733 (9), -0.04732 (12), -0.04674 (9), -0.04671 (9), -0.04631 (12), -0.04627 (12), -0.04388 (13), -0.04385 (13), -0.04246 (13), -0.04243 (13), -0.04165 (12), -0.04154 (12), -0.04034 (12), -0.04020 (12), 
Length of domains: 919
Time: pickout 0.0114    decision 0.1506    set_bounds 0.0050    solve 0.6492    add 0.1949    
Accumulated time: pickout 1.4423    decision 19.1161    set_bounds 0.8732    solve 85.1564    add 27.7993    
Current (lb-rhs): tensor([-4.31021404, -2.25409842, -0.04976940, -2.12406445, -1.30388165])
17007 domains visited
Cumulative time: 140.5693871974945

BaB round 131
batch: 128
splitting decisions: 
split level 0: [/input-40, 3944] [/input-40, 4141] [/input-40, 4988] [/input-40, 4988] [/input-40, 3167] [/input-48, 4973] [/89, 10307] [/89, 10307] [/89, 10307] [/input-48, 8183] 
pruning_in_iteration open status: True
ratio of positive domain = 125 / 256 = 0.48828125
pruning-in-iteration extra time: 0.002001047134399414
Time: prepare 0.0060    bound 0.3366    transfer 0.2431    finalize 0.0905    func 0.6763    
Accumulated time: func 85.7240    prepare 0.7706    bound 39.9279    transfer 30.5826    finalize 14.4580    
Current worst splitting domains lb-rhs (depth):
-0.04977 (9), -0.04973 (9), -0.04893 (9), -0.04880 (9), -0.04738 (12), -0.04737 (9), -0.04733 (9), -0.04732 (12), -0.04674 (9), -0.04671 (9), -0.04631 (12), -0.04627 (12), -0.04388 (13), -0.04385 (13), -0.04246 (13), -0.04243 (13), -0.04165 (12), -0.04154 (12), -0.04034 (12), -0.04020 (12), 
Length of domains: 922
Time: pickout 0.0114    decision 0.1508    set_bounds 0.0051    solve 0.6765    add 0.2059    
Accumulated time: pickout 1.4537    decision 19.2669    set_bounds 0.8783    solve 85.8329    add 28.0052    
Current (lb-rhs): tensor([-4.31021404, -2.25409842, -0.04976940, -2.12406445, -1.30388165])
17138 domains visited
Cumulative time: 141.65539026260376

BaB round 132
batch: 128
splitting decisions: 
split level 0: [/input-48, 6170] [/input-40, 4141] [/input-40, 4141] [/input-48, 5142] [/input-48, 6170] [/input-40, 4622] [/input-40, 1919] [/input-40, 1919] [/input-48, 6170] [/input-40, 4974] 
pruning_in_iteration open status: True
ratio of positive domain = 129 / 256 = 0.50390625
pruning-in-iteration extra time: 0.0024590492248535156
Time: prepare 0.0060    bound 0.3109    transfer 0.2453    finalize 0.1055    func 0.6678    
Accumulated time: func 86.3918    prepare 0.7768    bound 40.2388    transfer 30.8279    finalize 14.5635    
Current worst splitting domains lb-rhs (depth):
-0.04977 (9), -0.04973 (9), -0.04893 (9), -0.04880 (9), -0.04738 (12), -0.04737 (9), -0.04733 (9), -0.04732 (12), -0.04674 (9), -0.04671 (9), -0.04631 (12), -0.04627 (12), -0.04388 (13), -0.04385 (13), -0.04246 (13), -0.04243 (13), -0.04165 (12), -0.04154 (12), -0.04034 (12), -0.04020 (12), 
Length of domains: 921
Time: pickout 0.0114    decision 0.1511    set_bounds 0.0054    solve 0.6680    add 0.2276    
Accumulated time: pickout 1.4651    decision 19.4180    set_bounds 0.8837    solve 86.5008    add 28.2327    
Current (lb-rhs): tensor([-4.31021404, -2.25409842, -0.04976940, -2.12406445, -1.30388165])
17265 domains visited
Cumulative time: 142.75573754310608

BaB round 133
batch: 128
splitting decisions: 
split level 0: [/input-40, 4988] [/input-40, 3167] [/input-40, 4622] [/input-40, 1919] [/input-48, 6170] [/input-40, 580] [/input-40, 4141] [/input-40, 1919] [/input-40, 3426] [/input-40, 4987] 
pruning_in_iteration open status: True
ratio of positive domain = 140 / 256 = 0.546875
pruning-in-iteration extra time: 0.0024039745330810547
Time: prepare 0.0060    bound 0.2842    transfer 0.2503    finalize 0.1076    func 0.6482    
Accumulated time: func 87.0400    prepare 0.7830    bound 40.5231    transfer 31.0782    finalize 14.6712    
Current worst splitting domains lb-rhs (depth):
-0.04977 (9), -0.04973 (9), -0.04893 (9), -0.04880 (9), -0.04738 (12), -0.04737 (9), -0.04733 (9), -0.04732 (12), -0.04674 (9), -0.04671 (9), -0.04631 (12), -0.04627 (12), -0.04388 (13), -0.04385 (13), -0.04246 (13), -0.04243 (13), -0.04165 (12), -0.04154 (12), -0.04034 (12), -0.04020 (12), 
Length of domains: 909
Time: pickout 0.0113    decision 0.1507    set_bounds 0.0052    solve 0.6484    add 0.1830    
Accumulated time: pickout 1.4764    decision 19.5687    set_bounds 0.8889    solve 87.1492    add 28.4157    
Current (lb-rhs): tensor([-4.31021404, -2.25409842, -0.04976940, -2.12406445, -1.30388165])
17381 domains visited
Cumulative time: 143.79055976867676

BaB round 134
batch: 128
splitting decisions: 
split level 0: [/input-40, 3167] [/input-40, 3167] [/input-48, 4661] [/input-40, 3167] [/input-40, 4988] [/input-48, 5142] [/input-48, 4973] [/input-40, 1919] [/input-40, 1919] [/input-40, 3167] 
pruning_in_iteration open status: True
ratio of positive domain = 140 / 256 = 0.546875
pruning-in-iteration extra time: 0.0024204254150390625
Time: prepare 0.0060    bound 0.2857    transfer 0.2431    finalize 0.1068    func 0.6417    
Accumulated time: func 87.6817    prepare 0.7891    bound 40.8088    transfer 31.3213    finalize 14.7779    
Current worst splitting domains lb-rhs (depth):
-0.04977 (9), -0.04973 (9), -0.04893 (9), -0.04880 (9), -0.04738 (12), -0.04737 (9), -0.04733 (9), -0.04732 (12), -0.04674 (9), -0.04671 (9), -0.04631 (12), -0.04627 (12), -0.04388 (13), -0.04385 (13), -0.04246 (13), -0.04243 (13), -0.04165 (12), -0.04154 (12), -0.04034 (12), -0.04020 (12), 
Length of domains: 897
Time: pickout 0.0117    decision 0.1509    set_bounds 0.0050    solve 0.6419    add 0.1858    
Accumulated time: pickout 1.4880    decision 19.7196    set_bounds 0.8939    solve 87.7911    add 28.6015    
Current (lb-rhs): tensor([-4.31021404, -2.25409842, -0.04976940, -2.12406445, -1.30388165])
17497 domains visited
Cumulative time: 144.82032132148743

BaB round 135
batch: 128
splitting decisions: 
split level 0: [/input-40, 580] [/input-40, 580] [/input-48, 6170] [/89, 4357] [/input-40, 3944] [/input-40, 3167] [/input-48, 4661] [/input-40, 3167] [/input-48, 5141] [/input-48, 4661] 
pruning_in_iteration open status: True
ratio of positive domain = 145 / 256 = 0.56640625
pruning-in-iteration extra time: 0.002755403518676758
Time: prepare 0.0061    bound 0.2788    transfer 0.2429    finalize 0.0900    func 0.6179    
Accumulated time: func 88.2996    prepare 0.7955    bound 41.0876    transfer 31.5642    finalize 14.8679    
Current worst splitting domains lb-rhs (depth):
-0.04977 (9), -0.04973 (9), -0.04893 (9), -0.04880 (9), -0.04738 (12), -0.04737 (9), -0.04733 (9), -0.04732 (12), -0.04674 (9), -0.04671 (9), -0.04631 (12), -0.04627 (12), -0.04388 (13), -0.04385 (13), -0.04246 (13), -0.04243 (13), -0.04165 (12), -0.04154 (12), -0.04034 (12), -0.04020 (12), 
Length of domains: 880
Time: pickout 0.0117    decision 0.1517    set_bounds 0.0056    solve 0.6181    add 0.1772    
Accumulated time: pickout 1.4998    decision 19.8713    set_bounds 0.8995    solve 88.4092    add 28.7787    
Current (lb-rhs): tensor([-4.31021404, -2.25409842, -0.04976940, -2.12406445, -1.30388165])
17608 domains visited
Cumulative time: 145.82133722305298

BaB round 136
batch: 128
splitting decisions: 
split level 0: [/input-48, 6170] [/input-40, 3167] [/input-48, 6170] [/input-48, 6170] [/input-24, 6385] [/input-40, 5129] [/input-48, 6170] [/input-40, 3944] [/input-40, 4988] [/input-40, 580] 
pruning_in_iteration open status: True
ratio of positive domain = 147 / 256 = 0.57421875
pruning-in-iteration extra time: 0.002475261688232422
Time: prepare 0.0061    bound 0.2677    transfer 0.2389    finalize 0.1080    func 0.6208    
Accumulated time: func 88.9204    prepare 0.8018    bound 41.3553    transfer 31.8030    finalize 14.9759    
Current worst splitting domains lb-rhs (depth):
-0.04977 (9), -0.04973 (9), -0.04893 (9), -0.04880 (9), -0.04738 (12), -0.04737 (9), -0.04733 (9), -0.04732 (12), -0.04674 (9), -0.04671 (9), -0.04631 (12), -0.04627 (12), -0.04388 (13), -0.04385 (13), -0.04246 (13), -0.04243 (13), -0.04165 (12), -0.04154 (12), -0.04034 (12), -0.04020 (12), 
Length of domains: 861
Time: pickout 0.0116    decision 0.1506    set_bounds 0.0053    solve 0.6209    add 0.1703    
Accumulated time: pickout 1.5114    decision 20.0219    set_bounds 0.9048    solve 89.0301    add 28.9490    
Current (lb-rhs): tensor([-4.31021404, -2.25409842, -0.04976940, -2.12406445, -1.30388165])
17717 domains visited
Cumulative time: 146.8171820640564

BaB round 137
batch: 128
splitting decisions: 
split level 0: [/input-40, 3167] [/input-48, 4661] [/input-40, 3167] [/input-48, 6170] [/input-48, 6170] [/input-40, 3167] [/input-40, 3167] [/input-40, 3167] [/input-48, 6170] [/input-40, 3167] 
pruning_in_iteration open status: True
ratio of positive domain = 135 / 256 = 0.52734375
pruning-in-iteration extra time: 0.0024695396423339844
Time: prepare 0.0060    bound 0.2868    transfer 0.2459    finalize 0.1099    func 0.6487    
Accumulated time: func 89.5691    prepare 0.8079    bound 41.6422    transfer 32.0489    finalize 15.0858    
Current worst splitting domains lb-rhs (depth):
-0.04977 (9), -0.04973 (9), -0.04893 (9), -0.04880 (9), -0.04738 (12), -0.04737 (9), -0.04733 (9), -0.04732 (12), -0.04674 (9), -0.04671 (9), -0.04631 (12), -0.04627 (12), -0.04388 (13), -0.04385 (13), -0.04246 (13), -0.04243 (13), -0.04165 (12), -0.04154 (12), -0.04034 (12), -0.04020 (12), 
Length of domains: 854
Time: pickout 0.0117    decision 0.1505    set_bounds 0.0049    solve 0.6488    add 0.1939    
Accumulated time: pickout 1.5231    decision 20.1725    set_bounds 0.9097    solve 89.6789    add 29.1429    
Current (lb-rhs): tensor([-4.31021404, -2.25409842, -0.04976940, -2.12406445, -1.30388165])
17838 domains visited
Cumulative time: 147.86986088752747

BaB round 138
batch: 128
splitting decisions: 
split level 0: [/89, 4357] [/89, 4357] [/input-40, 3167] [/input-40, 3167] [/89, 4357] [/input-48, 6170] [/input-48, 4661] [/input-40, 4988] [/input-40, 4988] [/input-40, 4988] 
pruning_in_iteration open status: True
ratio of positive domain = 132 / 256 = 0.515625
pruning-in-iteration extra time: 0.0024597644805908203
Time: prepare 0.0063    bound 0.2965    transfer 0.2573    finalize 0.1053    func 0.6654    
Accumulated time: func 90.2345    prepare 0.8144    bound 41.9386    transfer 32.3062    finalize 15.1911    
Current worst splitting domains lb-rhs (depth):
-0.04977 (9), -0.04973 (9), -0.04893 (9), -0.04880 (9), -0.04738 (12), -0.04737 (9), -0.04733 (9), -0.04732 (12), -0.04674 (9), -0.04671 (9), -0.04631 (12), -0.04627 (12), -0.04388 (13), -0.04385 (13), -0.04246 (13), -0.04243 (13), -0.04165 (12), -0.04154 (12), -0.04034 (12), -0.04020 (12), 
Length of domains: 850
Time: pickout 0.0116    decision 0.1507    set_bounds 0.0049    solve 0.6656    add 0.2000    
Accumulated time: pickout 1.5346    decision 20.3232    set_bounds 0.9146    solve 90.3445    add 29.3429    
Current (lb-rhs): tensor([-4.31021404, -2.25409842, -0.04976940, -2.12406445, -1.30388165])
17962 domains visited
Cumulative time: 148.93639731407166

BaB round 139
batch: 128
splitting decisions: 
split level 0: [/89, 10307] [/input-40, 3167] [/input-40, 5129] [/input-40, 3944] [/input-40, 3944] [/input-40, 3944] [/89, 10307] [/input-40, 4988] [/input-40, 4141] [/89, 10307] 
pruning_in_iteration open status: True
ratio of positive domain = 140 / 256 = 0.546875
pruning-in-iteration extra time: 0.0025076866149902344
Time: prepare 0.0062    bound 0.2899    transfer 0.2440    finalize 0.0909    func 0.6311    
Accumulated time: func 90.8656    prepare 0.8208    bound 42.2285    transfer 32.5503    finalize 15.2820    
Current worst splitting domains lb-rhs (depth):
-0.04977 (9), -0.04973 (9), -0.04893 (9), -0.04880 (9), -0.04738 (12), -0.04737 (9), -0.04733 (9), -0.04732 (12), -0.04674 (9), -0.04671 (9), -0.04631 (12), -0.04627 (12), -0.04388 (13), -0.04385 (13), -0.04246 (13), -0.04243 (13), -0.04165 (12), -0.04154 (12), -0.04034 (12), -0.04020 (12), 
Length of domains: 838
Time: pickout 0.0113    decision 0.1512    set_bounds 0.0046    solve 0.6322    add 0.1874    
Accumulated time: pickout 1.5459    decision 20.4744    set_bounds 0.9192    solve 90.9767    add 29.5303    
Current (lb-rhs): tensor([-4.31021404, -2.25409842, -0.04976940, -2.12406445, -1.30388165])
18078 domains visited
Cumulative time: 149.95903849601746

BaB round 140
batch: 128
splitting decisions: 
split level 0: [/input-40, 3944] [/input-48, 918] [/input-48, 6170] [/input-40, 5129] [/input-48, 5141] [/input-48, 5141] [/input-48, 5141] [/input-48, 5141] [/input-40, 3167] [/input-40, 3167] 
pruning_in_iteration open status: True
ratio of positive domain = 130 / 256 = 0.5078125
pruning-in-iteration extra time: 0.002483844757080078
Time: prepare 0.0061    bound 0.3039    transfer 0.2436    finalize 0.1034    func 0.6570    
Accumulated time: func 91.5226    prepare 0.8270    bound 42.5324    transfer 32.7939    finalize 15.3854    
Current worst splitting domains lb-rhs (depth):
-0.04977 (9), -0.04973 (9), -0.04893 (9), -0.04880 (9), -0.04738 (12), -0.04737 (9), -0.04733 (9), -0.04732 (12), -0.04674 (9), -0.04671 (9), -0.04631 (12), -0.04627 (12), -0.04388 (13), -0.04385 (13), -0.04246 (13), -0.04243 (13), -0.04165 (12), -0.04154 (12), -0.04034 (12), -0.04020 (12), 
Length of domains: 836
Time: pickout 0.0115    decision 0.1503    set_bounds 0.0047    solve 0.6572    add 0.2032    
Accumulated time: pickout 1.5575    decision 20.6247    set_bounds 0.9240    solve 91.6339    add 29.7335    
Current (lb-rhs): tensor([-4.31021404, -2.25409842, -0.04976940, -2.12406445, -1.30388165])
18204 domains visited
Cumulative time: 151.02026414871216

BaB round 141
batch: 128
splitting decisions: 
split level 0: [/input-40, 3944] [/input-48, 6170] [/input-48, 6170] [/input-40, 3944] [/89, 10307] [/input-48, 4661] [/input-48, 4661] [/input-48, 4661] [/input-48, 4661] [/input-40, 4988] 
pruning_in_iteration open status: True
ratio of positive domain = 134 / 256 = 0.5234375
pruning-in-iteration extra time: 0.002645254135131836
Time: prepare 0.0061    bound 0.2894    transfer 0.2435    finalize 0.0916    func 0.6306    
Accumulated time: func 92.1532    prepare 0.8333    bound 42.8217    transfer 33.0374    finalize 15.4770    
Current worst splitting domains lb-rhs (depth):
-0.04977 (9), -0.04973 (9), -0.04893 (9), -0.04880 (9), -0.04738 (12), -0.04737 (9), -0.04733 (9), -0.04732 (12), -0.04674 (9), -0.04671 (9), -0.04631 (12), -0.04627 (12), -0.04388 (13), -0.04385 (13), -0.04246 (13), -0.04243 (13), -0.04165 (12), -0.04154 (12), -0.04034 (12), -0.04020 (12), 
Length of domains: 830
Time: pickout 0.0116    decision 0.1508    set_bounds 0.0048    solve 0.6308    add 0.1981    
Accumulated time: pickout 1.5690    decision 20.7755    set_bounds 0.9287    solve 92.2646    add 29.9316    
Current (lb-rhs): tensor([-4.31021404, -2.25409842, -0.04976940, -2.12406445, -1.30388165])
18326 domains visited
Cumulative time: 152.0525848865509

BaB round 142
batch: 128
splitting decisions: 
split level 0: [/input-48, 4661] [/input-48, 5142] [/input-48, 4661] [/input-40, 4988] [/input-48, 4661] [/input-48, 6170] [/input-48, 6170] [/input-40, 3167] [/89, 4357] [/input-40, 3167] 
pruning_in_iteration open status: True
ratio of positive domain = 128 / 256 = 0.5
pruning-in-iteration extra time: 0.002448558807373047
Time: prepare 0.0062    bound 0.3002    transfer 0.2446    finalize 0.1990    func 0.7501    
Accumulated time: func 92.9033    prepare 0.8397    bound 43.1220    transfer 33.2821    finalize 15.6759    
Current worst splitting domains lb-rhs (depth):
-0.04977 (9), -0.04973 (9), -0.04893 (9), -0.04880 (9), -0.04738 (12), -0.04737 (9), -0.04733 (9), -0.04732 (12), -0.04674 (9), -0.04671 (9), -0.04631 (12), -0.04627 (12), -0.04388 (13), -0.04385 (13), -0.04246 (13), -0.04243 (13), -0.04165 (12), -0.04154 (12), -0.04034 (12), -0.04020 (12), 
Length of domains: 830
Time: pickout 0.0113    decision 0.1505    set_bounds 0.0049    solve 0.7503    add 0.2000    
Accumulated time: pickout 1.5803    decision 20.9260    set_bounds 0.9336    solve 93.0149    add 30.1316    
Current (lb-rhs): tensor([-4.31021404, -2.25409842, -0.04976940, -2.12406445, -1.30388165])
18454 domains visited
Cumulative time: 153.20514559745789

BaB round 143
batch: 128
splitting decisions: 
split level 0: [/input-40, 4987] [/89, 10307] [/input-48, 6170] [/input-40, 5129] [/input-40, 4988] [/input-40, 5129] [/input-40, 5129] [/input-40, 4985] [/input-40, 1919] [/input-40, 4985] 
pruning_in_iteration open status: True
ratio of positive domain = 114 / 256 = 0.4453125
pruning-in-iteration extra time: 0.0024940967559814453
Time: prepare 0.0061    bound 0.3188    transfer 0.2332    finalize 0.1043    func 0.6625    
Accumulated time: func 93.5658    prepare 0.8460    bound 43.4408    transfer 33.5152    finalize 15.7803    
Current worst splitting domains lb-rhs (depth):
-0.04977 (9), -0.04973 (9), -0.04893 (9), -0.04880 (9), -0.04738 (12), -0.04737 (9), -0.04733 (9), -0.04732 (12), -0.04674 (9), -0.04671 (9), -0.04631 (12), -0.04627 (12), -0.04388 (13), -0.04385 (13), -0.04246 (13), -0.04243 (13), -0.04165 (12), -0.04154 (12), -0.04034 (12), -0.04020 (12), 
Length of domains: 844
Time: pickout 0.0115    decision 0.1511    set_bounds 0.0053    solve 0.6626    add 0.2225    
Accumulated time: pickout 1.5918    decision 21.0771    set_bounds 0.9389    solve 93.6775    add 30.3541    
Current (lb-rhs): tensor([-4.31021404, -2.25409842, -0.04976940, -2.12406445, -1.30388165])
18596 domains visited
Cumulative time: 154.29402470588684

BaB round 144
batch: 128
splitting decisions: 
split level 0: [/input-40, 3167] [/input-40, 3167] [/input-40, 1919] [/input-40, 3167] [/input-40, 3167] [/input-40, 3167] [/input-40, 3167] [/input-48, 5142] [/input-40, 4987] [/input-48, 5142] 
pruning_in_iteration open status: True
ratio of positive domain = 147 / 256 = 0.57421875
pruning-in-iteration extra time: 0.0024423599243164062
Time: prepare 0.0061    bound 0.2698    transfer 0.2298    finalize 0.1085    func 0.6142    
Accumulated time: func 94.1800    prepare 0.8522    bound 43.7105    transfer 33.7451    finalize 15.8888    
Current worst splitting domains lb-rhs (depth):
-0.04977 (9), -0.04973 (9), -0.04893 (9), -0.04880 (9), -0.04738 (12), -0.04737 (9), -0.04733 (9), -0.04732 (12), -0.04674 (9), -0.04671 (9), -0.04631 (12), -0.04627 (12), -0.04388 (13), -0.04385 (13), -0.04246 (13), -0.04243 (13), -0.04165 (12), -0.04154 (12), -0.04034 (12), -0.04020 (12), 
Length of domains: 825
Time: pickout 0.0115    decision 0.1506    set_bounds 0.0052    solve 0.6144    add 0.1865    
Accumulated time: pickout 1.6033    decision 21.2277    set_bounds 0.9440    solve 94.2919    add 30.5406    
Current (lb-rhs): tensor([-4.31021404, -2.25409842, -0.04976940, -2.12406445, -1.30388165])
18705 domains visited
Cumulative time: 155.30547976493835

BaB round 145
batch: 128
splitting decisions: 
split level 0: [/input-48, 6170] [/input-48, 5141] [/input-48, 5141] [/input-48, 5141] [/input-48, 5141] [/input-48, 6170] [/input-40, 4988] [/input-40, 4988] [/input-40, 4988] [/input-40, 4988] 
pruning_in_iteration open status: True
ratio of positive domain = 123 / 256 = 0.48046875
pruning-in-iteration extra time: 0.0025391578674316406
Time: prepare 0.0061    bound 0.3034    transfer 0.2565    finalize 0.1068    func 0.6728    
Accumulated time: func 94.8529    prepare 0.8586    bound 44.0139    transfer 34.0016    finalize 15.9956    
Current worst splitting domains lb-rhs (depth):
-0.04977 (9), -0.04973 (9), -0.04893 (9), -0.04880 (9), -0.04738 (12), -0.04737 (9), -0.04733 (9), -0.04732 (12), -0.04674 (9), -0.04671 (9), -0.04631 (12), -0.04627 (12), -0.04388 (13), -0.04385 (13), -0.04246 (13), -0.04243 (13), -0.04165 (12), -0.04154 (12), -0.04034 (12), -0.04020 (12), 
Length of domains: 830
Time: pickout 0.0119    decision 0.1525    set_bounds 0.0056    solve 0.6730    add 0.2113    
Accumulated time: pickout 1.6152    decision 21.3802    set_bounds 0.9496    solve 94.9649    add 30.7519    
Current (lb-rhs): tensor([-4.31021404, -2.25409842, -0.04976940, -2.12406445, -1.30388165])
18838 domains visited
Cumulative time: 156.39621329307556

BaB round 146
batch: 128
splitting decisions: 
split level 0: [/89, 10307] [/89, 10307] [/input-40, 4141] [/input-48, 6170] [/input-48, 6170] [/input-48, 6170] [/input-40, 4141] [/input-40, 4141] [/input-40, 4141] [/input-40, 4141] 
pruning_in_iteration open status: True
ratio of positive domain = 139 / 256 = 0.54296875
pruning-in-iteration extra time: 0.002447843551635742
Time: prepare 0.0059    bound 0.2866    transfer 0.2432    finalize 0.1081    func 0.6438    
Accumulated time: func 95.4967    prepare 0.8646    bound 44.3005    transfer 34.2448    finalize 16.1037    
Current worst splitting domains lb-rhs (depth):
-0.04977 (9), -0.04973 (9), -0.04893 (9), -0.04880 (9), -0.04738 (12), -0.04737 (9), -0.04733 (9), -0.04732 (12), -0.04674 (9), -0.04671 (9), -0.04631 (12), -0.04627 (12), -0.04388 (13), -0.04385 (13), -0.04246 (13), -0.04243 (13), -0.04165 (12), -0.04154 (12), -0.04034 (12), -0.04020 (12), 
Length of domains: 819
Time: pickout 0.0114    decision 0.1509    set_bounds 0.0050    solve 0.6440    add 0.1849    
Accumulated time: pickout 1.6266    decision 21.5311    set_bounds 0.9546    solve 95.6089    add 30.9368    
Current (lb-rhs): tensor([-4.31021404, -2.25409842, -0.04976940, -2.12406445, -1.30388165])
18955 domains visited
Cumulative time: 157.42628931999207

BaB round 147
batch: 128
splitting decisions: 
split level 0: [/input-48, 6170] [/input-40, 3944] [/input-40, 4987] [/input-40, 3944] [/input-48, 5141] [/89, 10307] [/input-48, 4661] [/input-48, 4661] [/input-48, 4661] [/input-48, 4661] 
pruning_in_iteration open status: True
ratio of positive domain = 119 / 256 = 0.46484375
pruning-in-iteration extra time: 0.0025734901428222656
Time: prepare 0.0062    bound 0.3090    transfer 0.2579    finalize 0.0913    func 0.6644    
Accumulated time: func 96.1611    prepare 0.8710    bound 44.6095    transfer 34.5026    finalize 16.1950    
Current worst splitting domains lb-rhs (depth):
-0.04977 (9), -0.04973 (9), -0.04893 (9), -0.04880 (9), -0.04738 (12), -0.04737 (9), -0.04733 (9), -0.04732 (12), -0.04674 (9), -0.04671 (9), -0.04631 (12), -0.04627 (12), -0.04388 (13), -0.04385 (13), -0.04246 (13), -0.04243 (13), -0.04165 (12), -0.04154 (12), -0.04034 (12), -0.04020 (12), 
Length of domains: 828
Time: pickout 0.0114    decision 0.1507    set_bounds 0.0050    solve 0.6646    add 0.2187    
Accumulated time: pickout 1.6380    decision 21.6818    set_bounds 0.9596    solve 96.2735    add 31.1555    
Current (lb-rhs): tensor([-4.31021404, -2.25409842, -0.04976940, -2.12406445, -1.30388165])
19092 domains visited
Cumulative time: 158.51476335525513

BaB round 148
batch: 128
splitting decisions: 
split level 0: [/input-40, 2802] [/input-40, 2802] [/input-40, 2802] [/input-40, 4988] [/input-40, 2802] [/input-40, 2802] [/input-40, 2802] [/input-40, 1919] [/input-40, 1919] [/input-40, 4622] 
pruning_in_iteration open status: True
ratio of positive domain = 125 / 256 = 0.48828125
pruning-in-iteration extra time: 0.0025506019592285156
Time: prepare 0.0061    bound 0.3059    transfer 0.2481    finalize 0.1089    func 0.6691    
Accumulated time: func 96.8302    prepare 0.8773    bound 44.9154    transfer 34.7508    finalize 16.3039    
Current worst splitting domains lb-rhs (depth):
-0.04977 (9), -0.04973 (9), -0.04893 (9), -0.04880 (9), -0.04738 (12), -0.04737 (9), -0.04733 (9), -0.04732 (12), -0.04674 (9), -0.04671 (9), -0.04631 (12), -0.04627 (12), -0.04388 (13), -0.04385 (13), -0.04246 (13), -0.04243 (13), -0.04165 (12), -0.04154 (12), -0.04034 (12), -0.04020 (12), 
Length of domains: 831
Time: pickout 0.0114    decision 0.1508    set_bounds 0.0051    solve 0.6693    add 0.2068    
Accumulated time: pickout 1.6494    decision 21.8326    set_bounds 0.9646    solve 96.9428    add 31.3623    
Current (lb-rhs): tensor([-4.31021404, -2.25409842, -0.04976940, -2.12406445, -1.30388165])
19223 domains visited
Cumulative time: 159.59216022491455

BaB round 149
batch: 128
splitting decisions: 
split level 0: [/input-40, 4985] [/input-40, 4985] [/input-40, 4985] [/input-40, 4988] [/input-40, 3816] [/input-40, 4988] [/input-40, 4988] [/input-40, 4988] [/input-40, 2802] [/input-40, 1919] 
pruning_in_iteration open status: True
ratio of positive domain = 136 / 256 = 0.53125
pruning-in-iteration extra time: 0.002490520477294922
Time: prepare 0.0061    bound 0.2952    transfer 0.2304    finalize 0.1050    func 0.6367    
Accumulated time: func 97.4670    prepare 0.8835    bound 45.2106    transfer 34.9811    finalize 16.4089    
Current worst splitting domains lb-rhs (depth):
-0.04977 (9), -0.04973 (9), -0.04893 (9), -0.04880 (9), -0.04738 (12), -0.04737 (9), -0.04733 (9), -0.04732 (12), -0.04674 (9), -0.04671 (9), -0.04631 (12), -0.04627 (12), -0.04388 (13), -0.04385 (13), -0.04246 (13), -0.04243 (13), -0.04165 (12), -0.04154 (12), -0.04034 (12), -0.04020 (12), 
Length of domains: 823
Time: pickout 0.0115    decision 0.1508    set_bounds 0.0051    solve 0.6369    add 0.1888    
Accumulated time: pickout 1.6609    decision 21.9834    set_bounds 0.9697    solve 97.5797    add 31.5511    
Current (lb-rhs): tensor([-4.31021404, -2.25409842, -0.04976940, -2.12406445, -1.30388165])
19343 domains visited
Cumulative time: 160.61905527114868

BaB round 150
batch: 128
splitting decisions: 
split level 0: [/input-40, 4141] [/input-40, 4988] [/input-40, 4988] [/input-40, 3167] [/input-40, 3167] [/input-40, 4985] [/input-40, 4985] [/input-40, 4985] [/input-40, 4985] [/input-40, 4985] 
pruning_in_iteration open status: True
ratio of positive domain = 119 / 256 = 0.46484375
pruning-in-iteration extra time: 0.002669811248779297
Time: prepare 0.0060    bound 0.3137    transfer 0.2325    finalize 0.1032    func 0.6555    
Accumulated time: func 98.1224    prepare 0.8897    bound 45.5242    transfer 35.2136    finalize 16.5122    
Current worst splitting domains lb-rhs (depth):
-0.04977 (9), -0.04973 (9), -0.04893 (9), -0.04880 (9), -0.04738 (12), -0.04737 (9), -0.04733 (9), -0.04732 (12), -0.04674 (9), -0.04671 (9), -0.04631 (12), -0.04627 (12), -0.04388 (13), -0.04385 (13), -0.04246 (13), -0.04243 (13), -0.04165 (12), -0.04154 (12), -0.04034 (12), -0.04020 (12), 
Length of domains: 832
Time: pickout 0.0114    decision 0.1501    set_bounds 0.0050    solve 0.6556    add 0.2143    
Accumulated time: pickout 1.6723    decision 22.1335    set_bounds 0.9747    solve 98.2353    add 31.7653    
Current (lb-rhs): tensor([-4.31021404, -2.25409842, -0.04976940, -2.12406445, -1.30388165])
19480 domains visited
Cumulative time: 161.68921828269958

BaB round 151
batch: 128
splitting decisions: 
split level 0: [/input-40, 4985] [/input-40, 3167] [/input-40, 3816] [/input-40, 4141] [/input-40, 3167] [/input-40, 4141] [/input-40, 4141] [/input-40, 4985] [/input-40, 3816] [/input-40, 4141] 
pruning_in_iteration open status: True
ratio of positive domain = 137 / 256 = 0.53515625
pruning-in-iteration extra time: 0.002468585968017578
Time: prepare 0.0061    bound 0.2811    transfer 0.2310    finalize 0.1011    func 0.6193    
Accumulated time: func 98.7418    prepare 0.8960    bound 45.8053    transfer 35.4446    finalize 16.6133    
Current worst splitting domains lb-rhs (depth):
-0.04977 (9), -0.04973 (9), -0.04893 (9), -0.04880 (9), -0.04738 (12), -0.04737 (9), -0.04733 (9), -0.04732 (12), -0.04674 (9), -0.04671 (9), -0.04631 (12), -0.04627 (12), -0.04388 (13), -0.04385 (13), -0.04246 (13), -0.04243 (13), -0.04165 (12), -0.04154 (12), -0.04034 (12), -0.04020 (12), 
Length of domains: 823
Time: pickout 0.0114    decision 0.1514    set_bounds 0.0049    solve 0.6203    add 0.1881    
Accumulated time: pickout 1.6837    decision 22.2849    set_bounds 0.9796    solve 98.8555    add 31.9534    
Current (lb-rhs): tensor([-4.31021404, -2.25409842, -0.04976940, -2.12406445, -1.30388165])
19599 domains visited
Cumulative time: 162.70162725448608

BaB round 152
batch: 128
splitting decisions: 
split level 0: [/input-40, 4622] [/input-40, 5129] [/input-40, 5129] [/input-48, 4973] [/input-40, 4985] [/input-40, 4988] [/input-40, 4985] [/input-40, 4987] [/input-40, 4985] [/89, 10307] 
pruning_in_iteration open status: True
ratio of positive domain = 137 / 256 = 0.53515625
pruning-in-iteration extra time: 0.0024967193603515625
Time: prepare 0.0061    bound 0.2872    transfer 0.2499    finalize 0.1085    func 0.6518    
Accumulated time: func 99.3935    prepare 0.9023    bound 46.0925    transfer 35.6946    finalize 16.7217    
Current worst splitting domains lb-rhs (depth):
-0.04977 (9), -0.04973 (9), -0.04893 (9), -0.04880 (9), -0.04738 (12), -0.04737 (9), -0.04733 (9), -0.04732 (12), -0.04674 (9), -0.04671 (9), -0.04631 (12), -0.04627 (12), -0.04388 (13), -0.04385 (13), -0.04246 (13), -0.04243 (13), -0.04165 (12), -0.04154 (12), -0.04034 (12), -0.04020 (12), 
Length of domains: 814
Time: pickout 0.0116    decision 0.1508    set_bounds 0.0049    solve 0.6519    add 0.1905    
Accumulated time: pickout 1.6953    decision 22.4357    set_bounds 0.9845    solve 99.5075    add 32.1439    
Current (lb-rhs): tensor([-4.31021404, -2.25409842, -0.04976940, -2.12406445, -1.30388165])
19718 domains visited
Cumulative time: 163.74846124649048

BaB round 153
batch: 128
splitting decisions: 
split level 0: [/input-48, 5141] [/input-48, 5141] [/input-48, 4661] [/input-40, 5129] [/input-40, 3167] [/input-48, 6170] [/89, 10307] [/input-48, 4661] [/input-48, 4661] [/input-40, 2802] 
pruning_in_iteration open status: True
ratio of positive domain = 133 / 256 = 0.51953125
pruning-in-iteration extra time: 0.002481222152709961
Time: prepare 0.0062    bound 0.3014    transfer 0.2452    finalize 0.1068    func 0.6596    
Accumulated time: func 100.0531    prepare 0.9086    bound 46.3939    transfer 35.9398    finalize 16.8285    
Current worst splitting domains lb-rhs (depth):
-0.04977 (9), -0.04973 (9), -0.04893 (9), -0.04880 (9), -0.04738 (12), -0.04737 (9), -0.04733 (9), -0.04732 (12), -0.04674 (9), -0.04671 (9), -0.04631 (12), -0.04627 (12), -0.04388 (13), -0.04385 (13), -0.04246 (13), -0.04243 (13), -0.04165 (12), -0.04154 (12), -0.04034 (12), -0.04020 (12), 
Length of domains: 809
Time: pickout 0.0113    decision 0.1506    set_bounds 0.0049    solve 0.6597    add 0.1919    
Accumulated time: pickout 1.7066    decision 22.5863    set_bounds 0.9893    solve 100.1672    add 32.3357    
Current (lb-rhs): tensor([-4.31021404, -2.25409842, -0.04976940, -2.12406445, -1.30388165])
19841 domains visited
Cumulative time: 164.80337977409363

BaB round 154
batch: 128
splitting decisions: 
split level 0: [/input-40, 3944] [/input-40, 3167] [/input-40, 4988] [/input-40, 3944] [/input-48, 5141] [/input-48, 4661] [/input-48, 4661] [/input-40, 3167] [/input-40, 4985] [/input-40, 4622] 
pruning_in_iteration open status: True
ratio of positive domain = 141 / 256 = 0.55078125
pruning-in-iteration extra time: 0.002442598342895508
Time: prepare 0.0061    bound 0.2885    transfer 0.2487    finalize 0.1177    func 0.6610    
Accumulated time: func 100.7141    prepare 0.9149    bound 46.6823    transfer 36.1884    finalize 16.9462    
Current worst splitting domains lb-rhs (depth):
-0.04977 (9), -0.04973 (9), -0.04893 (9), -0.04880 (9), -0.04738 (12), -0.04737 (9), -0.04733 (9), -0.04732 (12), -0.04674 (9), -0.04671 (9), -0.04631 (12), -0.04627 (12), -0.04388 (13), -0.04385 (13), -0.04246 (13), -0.04243 (13), -0.04165 (12), -0.04154 (12), -0.04034 (12), -0.04020 (12), 
Length of domains: 796
Time: pickout 0.0114    decision 0.1510    set_bounds 0.0047    solve 0.6612    add 0.2009    
Accumulated time: pickout 1.7180    decision 22.7373    set_bounds 0.9940    solve 100.8284    add 32.5367    
Current (lb-rhs): tensor([-4.31021404, -2.25409842, -0.04976940, -2.12406445, -1.30388165])
19956 domains visited
Cumulative time: 165.8668990135193

BaB round 155
batch: 128
splitting decisions: 
split level 0: [/input-48, 4661] [/input-40, 4987] [/input-40, 4622] [/input-40, 3944] [/input-40, 3944] [/input-40, 3944] [/input-48, 4661] [/input-48, 918] [/input-40, 5129] [/input-40, 4988] 
pruning_in_iteration open status: True
ratio of positive domain = 123 / 256 = 0.48046875
pruning-in-iteration extra time: 0.002578258514404297
Time: prepare 0.0059    bound 0.3130    transfer 0.2452    finalize 0.1744    func 0.7385    
Accumulated time: func 101.4526    prepare 0.9210    bound 46.9953    transfer 36.4337    finalize 17.1205    
Current worst splitting domains lb-rhs (depth):
-0.04977 (9), -0.04973 (9), -0.04893 (9), -0.04880 (9), -0.04738 (12), -0.04737 (9), -0.04733 (9), -0.04732 (12), -0.04674 (9), -0.04671 (9), -0.04631 (12), -0.04627 (12), -0.04388 (13), -0.04385 (13), -0.04246 (13), -0.04243 (13), -0.04165 (12), -0.04154 (12), -0.04034 (12), -0.04020 (12), 
Length of domains: 801
Time: pickout 0.0116    decision 0.1510    set_bounds 0.0052    solve 0.7387    add 0.2100    
Accumulated time: pickout 1.7296    decision 22.8883    set_bounds 0.9992    solve 101.5670    add 32.7467    
Current (lb-rhs): tensor([-4.31021404, -2.25409842, -0.04976940, -2.12406445, -1.30388165])
20089 domains visited
Cumulative time: 167.01989269256592

BaB round 156
batch: 128
splitting decisions: 
split level 0: [/89, 10307] [/89, 10307] [/input-40, 4141] [/input-40, 5129] [/input-40, 4988] [/input-40, 4985] [/input-40, 4985] [/input-48, 6170] [/input-40, 4141] [/input-40, 4985] 
pruning_in_iteration open status: True
ratio of positive domain = 139 / 256 = 0.54296875
pruning-in-iteration extra time: 0.0024781227111816406
Time: prepare 0.0062    bound 0.2834    transfer 0.2422    finalize 0.1084    func 0.6402    
Accumulated time: func 102.0929    prepare 0.9274    bound 47.2787    transfer 36.6759    finalize 17.2289    
Current worst splitting domains lb-rhs (depth):
-0.04977 (9), -0.04973 (9), -0.04893 (9), -0.04880 (9), -0.04738 (12), -0.04737 (9), -0.04733 (9), -0.04732 (12), -0.04674 (9), -0.04671 (9), -0.04631 (12), -0.04627 (12), -0.04388 (13), -0.04385 (13), -0.04246 (13), -0.04243 (13), -0.04165 (12), -0.04154 (12), -0.04034 (12), -0.04020 (12), 
Length of domains: 790
Time: pickout 0.0114    decision 0.1504    set_bounds 0.0050    solve 0.6404    add 0.1858    
Accumulated time: pickout 1.7410    decision 23.0387    set_bounds 1.0043    solve 102.2074    add 32.9325    
Current (lb-rhs): tensor([-4.31021404, -2.25409842, -0.04976940, -2.12406445, -1.30388165])
20206 domains visited
Cumulative time: 168.04920530319214

BaB round 157
batch: 128
splitting decisions: 
split level 0: [/input-48, 4661] [/input-48, 4661] [/input-48, 4661] [/input-40, 3944] [/input-48, 4661] [/input-48, 4661] [/input-40, 3167] [/input-40, 3944] [/input-40, 3167] [/input-48, 6170] 
pruning_in_iteration open status: True
ratio of positive domain = 125 / 256 = 0.48828125
pruning-in-iteration extra time: 0.0018868446350097656
Time: prepare 0.0062    bound 0.3414    transfer 0.2451    finalize 0.1069    func 0.6996    
Accumulated time: func 102.7924    prepare 0.9337    bound 47.6201    transfer 36.9209    finalize 17.3358    
Current worst splitting domains lb-rhs (depth):
-0.04977 (9), -0.04973 (9), -0.04893 (9), -0.04880 (9), -0.04738 (12), -0.04737 (9), -0.04733 (9), -0.04732 (12), -0.04674 (9), -0.04671 (9), -0.04631 (12), -0.04627 (12), -0.04388 (13), -0.04385 (13), -0.04246 (13), -0.04243 (13), -0.04165 (12), -0.04154 (12), -0.04034 (12), -0.04020 (12), 
Length of domains: 793
Time: pickout 0.0112    decision 0.1507    set_bounds 0.0050    solve 0.6998    add 0.2012    
Accumulated time: pickout 1.7522    decision 23.1894    set_bounds 1.0093    solve 102.9072    add 33.1337    
Current (lb-rhs): tensor([-4.31021404, -2.25409842, -0.04976940, -2.12406445, -1.30388165])
20337 domains visited
Cumulative time: 169.15431022644043

BaB round 158
batch: 128
splitting decisions: 
split level 0: [/input-48, 6170] [/input-40, 3167] [/input-40, 3167] [/input-40, 4988] [/input-40, 3167] [/89, 10307] [/input-40, 4985] [/input-40, 4985] [/input-40, 580] [/input-48, 6170] 
pruning_in_iteration open status: True
ratio of positive domain = 131 / 256 = 0.51171875
pruning-in-iteration extra time: 0.0018901824951171875
Time: prepare 0.0060    bound 0.3307    transfer 0.2454    finalize 0.1082    func 0.6903    
Accumulated time: func 103.4827    prepare 0.9399    bound 47.9508    transfer 37.1663    finalize 17.4440    
Current worst splitting domains lb-rhs (depth):
-0.04977 (9), -0.04973 (9), -0.04893 (9), -0.04880 (9), -0.04738 (12), -0.04737 (9), -0.04733 (9), -0.04732 (12), -0.04674 (9), -0.04671 (9), -0.04631 (12), -0.04627 (12), -0.04388 (13), -0.04385 (13), -0.04246 (13), -0.04243 (13), -0.04165 (12), -0.04154 (12), -0.04034 (12), -0.04020 (12), 
Length of domains: 790
Time: pickout 0.0115    decision 0.1508    set_bounds 0.0051    solve 0.6905    add 0.1922    
Accumulated time: pickout 1.7636    decision 23.3402    set_bounds 1.0144    solve 103.5976    add 33.3259    
Current (lb-rhs): tensor([-4.31021404, -2.25409842, -0.04976940, -2.12406445, -1.30388165])
20462 domains visited
Cumulative time: 170.24246406555176

BaB round 159
batch: 128
splitting decisions: 
split level 0: [/input-40, 3167] [/input-40, 3167] [/input-40, 3167] [/89, 10307] [/input-40, 4622] [/input-40, 4622] [/input-40, 4987] [/input-40, 3426] [/input-48, 6170] [/input-48, 6170] 
pruning_in_iteration open status: True
ratio of positive domain = 160 / 256 = 0.625
pruning-in-iteration extra time: 0.0025217533111572266
Time: prepare 0.0061    bound 0.2621    transfer 0.2528    finalize 0.1054    func 0.6264    
Accumulated time: func 104.1092    prepare 0.9462    bound 48.2128    transfer 37.4191    finalize 17.5494    
Current worst splitting domains lb-rhs (depth):
-0.04977 (9), -0.04973 (9), -0.04893 (9), -0.04880 (9), -0.04738 (12), -0.04737 (9), -0.04733 (9), -0.04732 (12), -0.04674 (9), -0.04671 (9), -0.04631 (12), -0.04627 (12), -0.04388 (13), -0.04385 (13), -0.04246 (13), -0.04243 (13), -0.04165 (12), -0.04154 (12), -0.04034 (12), -0.04020 (12), 
Length of domains: 758
Time: pickout 0.0117    decision 0.1511    set_bounds 0.0051    solve 0.6266    add 0.1586    
Accumulated time: pickout 1.7753    decision 23.4913    set_bounds 1.0195    solve 104.2243    add 33.4844    
Current (lb-rhs): tensor([-4.31021404, -2.25409842, -0.04976940, -2.12406445, -1.30388165])
20558 domains visited
Cumulative time: 171.2331244945526

BaB round 160
batch: 128
splitting decisions: 
split level 0: [/input-48, 5141] [/input-48, 8184] [/input-40, 5129] [/input-40, 5129] [/input-40, 5129] [/input-40, 5129] [/input-40, 5129] [/input-48, 5141] [/input-48, 5141] [/input-48, 4661] 
pruning_in_iteration open status: True
ratio of positive domain = 139 / 256 = 0.54296875
pruning-in-iteration extra time: 0.002426624298095703
Time: prepare 0.0060    bound 0.2875    transfer 0.2496    finalize 0.1091    func 0.6522    
Accumulated time: func 104.7613    prepare 0.9523    bound 48.5003    transfer 37.6687    finalize 17.6584    
Current worst splitting domains lb-rhs (depth):
-0.04977 (9), -0.04973 (9), -0.04893 (9), -0.04880 (9), -0.04738 (12), -0.04737 (9), -0.04733 (9), -0.04732 (12), -0.04674 (9), -0.04671 (9), -0.04631 (12), -0.04627 (12), -0.04388 (13), -0.04385 (13), -0.04246 (13), -0.04243 (13), -0.04165 (12), -0.04154 (12), -0.04034 (12), -0.04020 (12), 
Length of domains: 747
Time: pickout 0.0112    decision 0.1503    set_bounds 0.0051    solve 0.6523    add 0.1837    
Accumulated time: pickout 1.7866    decision 23.6415    set_bounds 1.0247    solve 104.8766    add 33.6682    
Current (lb-rhs): tensor([-4.31021404, -2.25409842, -0.04976940, -2.12406445, -1.30388165])
20675 domains visited
Cumulative time: 172.27149510383606

BaB round 161
batch: 128
splitting decisions: 
split level 0: [/input-48, 4661] [/input-48, 4661] [/input-48, 4661] [/input-40, 3167] [/input-48, 4661] [/input-48, 4661] [/input-48, 4661] [/input-40, 4988] [/input-40, 4988] [/input-40, 4987] 
pruning_in_iteration open status: True
ratio of positive domain = 110 / 256 = 0.4296875
pruning-in-iteration extra time: 0.002393007278442383
Time: prepare 0.0059    bound 0.3261    transfer 0.2521    finalize 0.0925    func 0.6767    
Accumulated time: func 105.4381    prepare 0.9584    bound 48.8265    transfer 37.9208    finalize 17.7509    
Current worst splitting domains lb-rhs (depth):
-0.04977 (9), -0.04973 (9), -0.04893 (9), -0.04880 (9), -0.04738 (12), -0.04737 (9), -0.04733 (9), -0.04732 (12), -0.04674 (9), -0.04671 (9), -0.04631 (12), -0.04627 (12), -0.04388 (13), -0.04385 (13), -0.04246 (13), -0.04243 (13), -0.04165 (12), -0.04154 (12), -0.04034 (12), -0.04020 (12), 
Length of domains: 765
Time: pickout 0.0114    decision 0.1508    set_bounds 0.0051    solve 0.6777    add 0.2329    
Accumulated time: pickout 1.7980    decision 23.7924    set_bounds 1.0298    solve 105.5543    add 33.9011    
Current (lb-rhs): tensor([-4.31021404, -2.25409842, -0.04976940, -2.12406445, -1.30388165])
20821 domains visited
Cumulative time: 173.38624668121338

BaB round 162
batch: 128
splitting decisions: 
split level 0: [/input-40, 4985] [/input-40, 4987] [/input-40, 580] [/input-40, 580] [/input-40, 580] [/input-48, 4973] [/input-40, 4987] [/input-48, 5142] [/input-40, 580] [/input-40, 580] 
pruning_in_iteration open status: True
ratio of positive domain = 116 / 256 = 0.453125
pruning-in-iteration extra time: 0.002485513687133789
Time: prepare 0.0060    bound 0.3185    transfer 0.2512    finalize 0.1052    func 0.6810    
Accumulated time: func 106.1191    prepare 0.9646    bound 49.1450    transfer 38.1720    finalize 17.8562    
Current worst splitting domains lb-rhs (depth):
-0.04977 (9), -0.04973 (9), -0.04893 (9), -0.04880 (9), -0.04738 (12), -0.04737 (9), -0.04733 (9), -0.04732 (12), -0.04674 (9), -0.04671 (9), -0.04631 (12), -0.04627 (12), -0.04388 (13), -0.04385 (13), -0.04246 (13), -0.04243 (13), -0.04165 (12), -0.04154 (12), -0.04034 (12), -0.04020 (12), 
Length of domains: 777
Time: pickout 0.0115    decision 0.1504    set_bounds 0.0050    solve 0.6812    add 0.2224    
Accumulated time: pickout 1.8095    decision 23.9428    set_bounds 1.0348    solve 106.2354    add 34.1235    
Current (lb-rhs): tensor([-4.31021404, -2.25409842, -0.04976940, -2.12406445, -1.30388165])
20961 domains visited
Cumulative time: 174.49264883995056

BaB round 163
batch: 128
splitting decisions: 
split level 0: [/input-48, 4973] [/input-40, 3944] [/input-40, 3944] [/input-40, 3944] [/input-40, 3944] [/input-40, 3944] [/input-40, 3944] [/input-48, 918] [/input-40, 4622] [/input-40, 5129] 
pruning_in_iteration open status: True
ratio of positive domain = 125 / 256 = 0.48828125
pruning-in-iteration extra time: 0.002507448196411133
Time: prepare 0.0060    bound 0.3013    transfer 0.2477    finalize 0.1091    func 0.6642    
Accumulated time: func 106.7833    prepare 0.9708    bound 49.4463    transfer 38.4197    finalize 17.9653    
Current worst splitting domains lb-rhs (depth):
-0.04977 (9), -0.04973 (9), -0.04893 (9), -0.04880 (9), -0.04738 (12), -0.04737 (9), -0.04733 (9), -0.04732 (12), -0.04674 (9), -0.04671 (9), -0.04631 (12), -0.04627 (12), -0.04388 (13), -0.04385 (13), -0.04246 (13), -0.04243 (13), -0.04165 (12), -0.04154 (12), -0.04034 (12), -0.04020 (12), 
Length of domains: 780
Time: pickout 0.0112    decision 0.1505    set_bounds 0.0049    solve 0.6643    add 0.2109    
Accumulated time: pickout 1.8207    decision 24.0934    set_bounds 1.0397    solve 106.8997    add 34.3344    
Current (lb-rhs): tensor([-4.31021404, -2.25409842, -0.04976940, -2.12406445, -1.30388165])
21092 domains visited
Cumulative time: 175.56837558746338

BaB round 164
batch: 128
splitting decisions: 
split level 0: [/input-48, 6170] [/input-40, 3167] [/input-48, 6170] [/input-40, 5129] [/input-40, 4974] [/89, 10307] [/89, 10307] [/input-48, 4661] [/input-40, 4985] [/input-40, 4985] 
pruning_in_iteration open status: True
ratio of positive domain = 154 / 256 = 0.6015625
pruning-in-iteration extra time: 0.0028443336486816406
Time: prepare 0.0061    bound 0.2688    transfer 0.2399    finalize 0.1090    func 0.6238    
Accumulated time: func 107.4071    prepare 0.9770    bound 49.7151    transfer 38.6596    finalize 18.0743    
Current worst splitting domains lb-rhs (depth):
-0.04977 (9), -0.04973 (9), -0.04893 (9), -0.04880 (9), -0.04738 (12), -0.04737 (9), -0.04733 (9), -0.04732 (12), -0.04674 (9), -0.04671 (9), -0.04631 (12), -0.04627 (12), -0.04388 (13), -0.04385 (13), -0.04246 (13), -0.04243 (13), -0.04165 (12), -0.04154 (12), -0.04034 (12), -0.04020 (12), 
Length of domains: 754
Time: pickout 0.0114    decision 0.1505    set_bounds 0.0055    solve 0.6240    add 0.1590    
Accumulated time: pickout 1.8321    decision 24.2439    set_bounds 1.0452    solve 107.5238    add 34.4934    
Current (lb-rhs): tensor([-4.31021404, -2.25409842, -0.04976940, -2.12406445, -1.30388165])
21194 domains visited
Cumulative time: 176.55228519439697

BaB round 165
batch: 128
splitting decisions: 
split level 0: [/input-40, 3167] [/input-40, 5129] [/input-40, 3167] [/input-40, 3167] [/input-40, 3167] [/input-48, 6170] [/input-40, 4988] [/input-40, 4988] [/89, 10307] [/input-40, 4988] 
pruning_in_iteration open status: True
ratio of positive domain = 126 / 256 = 0.4921875
pruning-in-iteration extra time: 0.002428770065307617
Time: prepare 0.0063    bound 0.3038    transfer 0.2334    finalize 0.1082    func 0.6516    
Accumulated time: func 108.0587    prepare 0.9834    bound 50.0189    transfer 38.8930    finalize 18.1825    
Current worst splitting domains lb-rhs (depth):
-0.04977 (9), -0.04973 (9), -0.04893 (9), -0.04880 (9), -0.04738 (12), -0.04737 (9), -0.04733 (9), -0.04732 (12), -0.04674 (9), -0.04671 (9), -0.04631 (12), -0.04627 (12), -0.04388 (13), -0.04385 (13), -0.04246 (13), -0.04243 (13), -0.04165 (12), -0.04154 (12), -0.04034 (12), -0.04020 (12), 
Length of domains: 756
Time: pickout 0.0113    decision 0.1509    set_bounds 0.0047    solve 0.6518    add 0.2024    
Accumulated time: pickout 1.8434    decision 24.3947    set_bounds 1.0499    solve 108.1756    add 34.6958    
Current (lb-rhs): tensor([-4.31021404, -2.25409842, -0.04976940, -2.12406445, -1.30388165])
21324 domains visited
Cumulative time: 177.60741639137268

BaB round 166
batch: 128
splitting decisions: 
split level 0: [/89, 10307] [/89, 10307] [/89, 10307] [/input-48, 6170] [/input-40, 4622] [/input-48, 4661] [/input-48, 4661] [/input-40, 4141] [/89, 10307] [/89, 10307] 
pruning_in_iteration open status: True
ratio of positive domain = 152 / 256 = 0.59375
pruning-in-iteration extra time: 0.0024552345275878906
Time: prepare 0.0059    bound 0.2758    transfer 0.2346    finalize 0.1073    func 0.6237    
Accumulated time: func 108.6824    prepare 0.9895    bound 50.2947    transfer 39.1276    finalize 18.2898    
Current worst splitting domains lb-rhs (depth):
-0.04977 (9), -0.04973 (9), -0.04893 (9), -0.04880 (9), -0.04738 (12), -0.04737 (9), -0.04733 (9), -0.04732 (12), -0.04674 (9), -0.04671 (9), -0.04631 (12), -0.04627 (12), -0.04388 (13), -0.04385 (13), -0.04246 (13), -0.04243 (13), -0.04165 (12), -0.04154 (12), -0.04034 (12), -0.04020 (12), 
Length of domains: 732
Time: pickout 0.0117    decision 0.1511    set_bounds 0.0050    solve 0.6239    add 0.1654    
Accumulated time: pickout 1.8551    decision 24.5458    set_bounds 1.0549    solve 108.7995    add 34.8611    
Current (lb-rhs): tensor([-4.31021404, -2.25409842, -0.04976940, -2.12406445, -1.30388165])
21428 domains visited
Cumulative time: 178.6004285812378

BaB round 167
batch: 128
splitting decisions: 
split level 0: [/input-48, 918] [/input-40, 3167] [/input-48, 918] [/input-48, 918] [/input-48, 4661] [/input-48, 918] [/input-48, 4661] [/input-48, 5141] [/input-48, 4661] [/input-48, 5141] 
pruning_in_iteration open status: True
ratio of positive domain = 124 / 256 = 0.484375
pruning-in-iteration extra time: 0.0024733543395996094
Time: prepare 0.0061    bound 0.3112    transfer 0.2501    finalize 0.1059    func 0.6734    
Accumulated time: func 109.3558    prepare 0.9958    bound 50.6059    transfer 39.3777    finalize 18.3957    
Current worst splitting domains lb-rhs (depth):
-0.04977 (9), -0.04973 (9), -0.04893 (9), -0.04880 (9), -0.04738 (12), -0.04737 (9), -0.04733 (9), -0.04732 (12), -0.04674 (9), -0.04671 (9), -0.04631 (12), -0.04627 (12), -0.04388 (13), -0.04385 (13), -0.04246 (13), -0.04243 (13), -0.04165 (12), -0.04154 (12), -0.04034 (12), -0.04020 (12), 
Length of domains: 736
Time: pickout 0.0114    decision 0.1503    set_bounds 0.0051    solve 0.6736    add 0.2067    
Accumulated time: pickout 1.8665    decision 24.6962    set_bounds 1.0600    solve 109.4730    add 35.0678    
Current (lb-rhs): tensor([-4.31021404, -2.25409842, -0.04976940, -2.12406445, -1.30388165])
21560 domains visited
Cumulative time: 179.68411922454834

BaB round 168
batch: 128
splitting decisions: 
split level 0: [/input-40, 5129] [/input-40, 5129] [/input-40, 3944] [/input-40, 4988] [/input-40, 3944] [/input-40, 3167] [/input-48, 5141] [/input-40, 3944] [/input-40, 3944] [/input-40, 3167] 
pruning_in_iteration open status: True
ratio of positive domain = 130 / 256 = 0.5078125
pruning-in-iteration extra time: 0.002471446990966797
Time: prepare 0.0062    bound 0.2953    transfer 0.2488    finalize 0.1059    func 0.6562    
Accumulated time: func 110.0120    prepare 1.0021    bound 50.9012    transfer 39.6265    finalize 18.5015    
Current worst splitting domains lb-rhs (depth):
-0.04977 (9), -0.04973 (9), -0.04893 (9), -0.04880 (9), -0.04738 (12), -0.04737 (9), -0.04733 (9), -0.04732 (12), -0.04674 (9), -0.04671 (9), -0.04631 (12), -0.04627 (12), -0.04388 (13), -0.04385 (13), -0.04246 (13), -0.04243 (13), -0.04165 (12), -0.04154 (12), -0.04034 (12), -0.04020 (12), 
Length of domains: 734
Time: pickout 0.0114    decision 0.1506    set_bounds 0.0049    solve 0.6564    add 0.2000    
Accumulated time: pickout 1.8778    decision 24.8468    set_bounds 1.0649    solve 110.1294    add 35.2678    
Current (lb-rhs): tensor([-4.31021404, -2.25409842, -0.04976940, -2.12406445, -1.30388165])
21686 domains visited
Cumulative time: 180.74192142486572

BaB round 169
batch: 128
splitting decisions: 
split level 0: [/89, 10307] [/89, 10307] [/input-40, 3167] [/89, 10414] [/input-40, 5129] [/89, 10307] [/input-40, 3944] [/input-40, 5129] [/input-40, 5129] [/89, 10307] 
pruning_in_iteration open status: True
ratio of positive domain = 120 / 256 = 0.46875
pruning-in-iteration extra time: 0.002599954605102539
Time: prepare 0.0064    bound 0.3049    transfer 0.2499    finalize 0.0945    func 0.6558    
Accumulated time: func 110.6678    prepare 1.0086    bound 51.2061    transfer 39.8765    finalize 18.5960    
Current worst splitting domains lb-rhs (depth):
-0.04977 (9), -0.04973 (9), -0.04893 (9), -0.04880 (9), -0.04738 (12), -0.04737 (9), -0.04733 (9), -0.04732 (12), -0.04674 (9), -0.04671 (9), -0.04631 (12), -0.04627 (12), -0.04388 (13), -0.04385 (13), -0.04246 (13), -0.04243 (13), -0.04165 (12), -0.04154 (12), -0.04034 (12), -0.04020 (12), 
Length of domains: 742
Time: pickout 0.0113    decision 0.1504    set_bounds 0.0906    solve 0.6559    add 0.2144    
Accumulated time: pickout 1.8891    decision 24.9972    set_bounds 1.1555    solve 110.7853    add 35.4823    
Current (lb-rhs): tensor([-4.31021404, -2.25409842, -0.04976940, -2.12406445, -1.30388165])
21822 domains visited
Cumulative time: 181.9009609222412

BaB round 170
batch: 128
splitting decisions: 
split level 0: [/input-40, 4141] [/input-40, 1919] [/input-48, 6170] [/input-48, 6170] [/89, 10307] [/89, 10307] [/input-40, 4985] [/input-40, 1919] [/input-40, 580] [/input-40, 4988] 
pruning_in_iteration open status: True
ratio of positive domain = 142 / 256 = 0.5546875
pruning-in-iteration extra time: 0.00244903564453125
Time: prepare 0.0061    bound 0.2851    transfer 0.2493    finalize 0.1066    func 0.6472    
Accumulated time: func 111.3150    prepare 1.0149    bound 51.4912    transfer 40.1258    finalize 18.7026    
Current worst splitting domains lb-rhs (depth):
-0.04977 (9), -0.04973 (9), -0.04893 (9), -0.04880 (9), -0.04738 (12), -0.04737 (9), -0.04733 (9), -0.04732 (12), -0.04674 (9), -0.04671 (9), -0.04631 (12), -0.04627 (12), -0.04388 (13), -0.04385 (13), -0.04246 (13), -0.04243 (13), -0.04165 (12), -0.04154 (12), -0.04034 (12), -0.04020 (12), 
Length of domains: 728
Time: pickout 0.0116    decision 0.1510    set_bounds 0.0050    solve 0.6473    add 0.1791    
Accumulated time: pickout 1.9007    decision 25.1482    set_bounds 1.1605    solve 111.4326    add 35.6614    
Current (lb-rhs): tensor([-4.31021404, -2.25409842, -0.04976940, -2.12406445, -1.30388165])
21936 domains visited
Cumulative time: 182.92888712882996

BaB round 171
batch: 128
splitting decisions: 
split level 0: [/input-40, 4988] [/input-48, 4661] [/input-48, 918] [/input-48, 918] [/89, 10307] [/input-40, 4988] [/input-48, 4661] [/input-40, 5129] [/input-40, 4988] [/input-48, 6170] 
pruning_in_iteration open status: True
ratio of positive domain = 137 / 256 = 0.53515625
pruning-in-iteration extra time: 0.002481698989868164
Time: prepare 0.0062    bound 0.2885    transfer 0.2512    finalize 0.0946    func 0.6406    
Accumulated time: func 111.9556    prepare 1.0213    bound 51.7797    transfer 40.3770    finalize 18.7972    
Current worst splitting domains lb-rhs (depth):
-0.04977 (9), -0.04973 (9), -0.04893 (9), -0.04880 (9), -0.04738 (12), -0.04737 (9), -0.04733 (9), -0.04732 (12), -0.04674 (9), -0.04671 (9), -0.04631 (12), -0.04627 (12), -0.04388 (13), -0.04385 (13), -0.04246 (13), -0.04243 (13), -0.04165 (12), -0.04154 (12), -0.04034 (12), -0.04020 (12), 
Length of domains: 719
Time: pickout 0.0117    decision 0.1508    set_bounds 0.0049    solve 0.6407    add 0.1925    
Accumulated time: pickout 1.9124    decision 25.2990    set_bounds 1.1654    solve 112.0734    add 35.8538    
Current (lb-rhs): tensor([-4.31021404, -2.25409842, -0.04976940, -2.12406445, -1.30388165])
22055 domains visited
Cumulative time: 183.9661774635315

BaB round 172
batch: 128
splitting decisions: 
split level 0: [/input-48, 8184] [/input-48, 8184] [/input-48, 5141] [/input-48, 5141] [/input-40, 4987] [/input-48, 5141] [/input-48, 5141] [/input-40, 3167] [/input-48, 8184] [/input-40, 5129] 
pruning_in_iteration open status: True
ratio of positive domain = 127 / 256 = 0.49609375
pruning-in-iteration extra time: 0.0025022029876708984
Time: prepare 0.0064    bound 0.3041    transfer 0.2417    finalize 0.1075    func 0.6597    
Accumulated time: func 112.6153    prepare 1.0278    bound 52.0838    transfer 40.6187    finalize 18.9047    
Current worst splitting domains lb-rhs (depth):
-0.04977 (9), -0.04973 (9), -0.04893 (9), -0.04880 (9), -0.04738 (12), -0.04737 (9), -0.04733 (9), -0.04732 (12), -0.04674 (9), -0.04671 (9), -0.04631 (12), -0.04627 (12), -0.04388 (13), -0.04385 (13), -0.04246 (13), -0.04243 (13), -0.04165 (12), -0.04154 (12), -0.04034 (12), -0.04020 (12), 
Length of domains: 720
Time: pickout 0.0117    decision 0.1512    set_bounds 0.0047    solve 0.6608    add 0.2053    
Accumulated time: pickout 1.9241    decision 25.4503    set_bounds 1.1701    solve 112.7341    add 36.0591    
Current (lb-rhs): tensor([-4.31021404, -2.25409842, -0.04976940, -2.12406445, -1.30388165])
22184 domains visited
Cumulative time: 185.03680682182312

BaB round 173
batch: 128
splitting decisions: 
split level 0: [/input-40, 3944] [/input-40, 3944] [/input-40, 3944] [/input-40, 5129] [/input-40, 5129] [/input-48, 4661] [/input-40, 5129] [/input-40, 3167] [/input-48, 4661] [/input-40, 2802] 
pruning_in_iteration open status: True
ratio of positive domain = 128 / 256 = 0.5
pruning-in-iteration extra time: 0.0026013851165771484
Time: prepare 0.0064    bound 0.3007    transfer 0.2435    finalize 0.1052    func 0.6558    
Accumulated time: func 113.2712    prepare 1.0343    bound 52.3845    transfer 40.8622    finalize 19.0098    
Current worst splitting domains lb-rhs (depth):
-0.04977 (9), -0.04973 (9), -0.04893 (9), -0.04880 (9), -0.04738 (12), -0.04737 (9), -0.04733 (9), -0.04732 (12), -0.04674 (9), -0.04671 (9), -0.04631 (12), -0.04627 (12), -0.04388 (13), -0.04385 (13), -0.04246 (13), -0.04243 (13), -0.04165 (12), -0.04154 (12), -0.04034 (12), -0.04020 (12), 
Length of domains: 720
Time: pickout 0.0113    decision 0.1518    set_bounds 0.0047    solve 0.6560    add 0.2027    
Accumulated time: pickout 1.9354    decision 25.6020    set_bounds 1.1748    solve 113.3901    add 36.2618    
Current (lb-rhs): tensor([-4.31021404, -2.25409842, -0.04976940, -2.12406445, -1.30388165])
22312 domains visited
Cumulative time: 186.09732270240784

BaB round 174
batch: 128
splitting decisions: 
split level 0: [/input-40, 5129] [/input-40, 5129] [/input-40, 5129] [/input-48, 4661] [/input-48, 4661] [/input-40, 3167] [/input-40, 4985] [/input-40, 4985] [/input-40, 4985] [/input-40, 4985] 
pruning_in_iteration open status: True
ratio of positive domain = 121 / 256 = 0.47265625
pruning-in-iteration extra time: 0.0027043819427490234
Time: prepare 0.0064    bound 0.3147    transfer 0.2482    finalize 0.0945    func 0.6639    
Accumulated time: func 113.9350    prepare 1.0410    bound 52.6992    transfer 41.1104    finalize 19.1043    
Current worst splitting domains lb-rhs (depth):
-0.04977 (9), -0.04973 (9), -0.04893 (9), -0.04880 (9), -0.04738 (12), -0.04737 (9), -0.04733 (9), -0.04732 (12), -0.04674 (9), -0.04671 (9), -0.04631 (12), -0.04627 (12), -0.04388 (13), -0.04385 (13), -0.04246 (13), -0.04243 (13), -0.04165 (12), -0.04154 (12), -0.04034 (12), -0.04020 (12), 
Length of domains: 727
Time: pickout 0.0113    decision 0.1516    set_bounds 0.0052    solve 0.6640    add 0.2129    
Accumulated time: pickout 1.9467    decision 25.7537    set_bounds 1.1800    solve 114.0541    add 36.4747    
Current (lb-rhs): tensor([-4.31021404, -2.25409842, -0.04976940, -2.12406445, -1.30388165])
22447 domains visited
Cumulative time: 187.1804461479187

BaB round 175
batch: 128
splitting decisions: 
split level 0: [/input-40, 580] [/input-48, 5141] [/input-48, 5141] [/input-40, 3167] [/input-40, 5129] [/input-40, 3167] [/input-40, 5129] [/input-40, 2802] [/input-40, 4988] [/input-40, 4988] 
pruning_in_iteration open status: True
ratio of positive domain = 116 / 256 = 0.453125
pruning-in-iteration extra time: 0.0024766921997070312
Time: prepare 0.0061    bound 0.3159    transfer 0.2466    finalize 0.1100    func 0.6786    
Accumulated time: func 114.6136    prepare 1.0472    bound 53.0151    transfer 41.3570    finalize 19.2143    
Current worst splitting domains lb-rhs (depth):
-0.04977 (9), -0.04973 (9), -0.04893 (9), -0.04880 (9), -0.04738 (12), -0.04737 (9), -0.04733 (9), -0.04732 (12), -0.04674 (9), -0.04671 (9), -0.04631 (12), -0.04627 (12), -0.04388 (13), -0.04385 (13), -0.04246 (13), -0.04243 (13), -0.04165 (12), -0.04154 (12), -0.04034 (12), -0.04020 (12), 
Length of domains: 739
Time: pickout 0.0113    decision 0.1508    set_bounds 0.0046    solve 0.6787    add 0.2174    
Accumulated time: pickout 1.9579    decision 25.9044    set_bounds 1.1846    solve 114.7329    add 36.6921    
Current (lb-rhs): tensor([-4.31021404, -2.25409842, -0.04976940, -2.12406445, -1.30388165])
22587 domains visited
Cumulative time: 188.2808187007904

BaB round 176
batch: 128
splitting decisions: 
split level 0: [/input-40, 3167] [/input-40, 3167] [/input-40, 4988] [/input-40, 4988] [/input-40, 1919] [/input-48, 6170] [/input-40, 3167] [/input-48, 6170] [/input-40, 3167] [/input-48, 6170] 
pruning_in_iteration open status: True
ratio of positive domain = 126 / 256 = 0.4921875
pruning-in-iteration extra time: 0.002418994903564453
Time: prepare 0.0061    bound 0.3002    transfer 0.2491    finalize 0.1085    func 0.6640    
Accumulated time: func 115.2776    prepare 1.0535    bound 53.3153    transfer 41.6061    finalize 19.3228    
Current worst splitting domains lb-rhs (depth):
-0.04977 (9), -0.04973 (9), -0.04893 (9), -0.04880 (9), -0.04738 (12), -0.04737 (9), -0.04733 (9), -0.04732 (12), -0.04674 (9), -0.04671 (9), -0.04631 (12), -0.04627 (12), -0.04388 (13), -0.04385 (13), -0.04246 (13), -0.04243 (13), -0.04165 (12), -0.04154 (12), -0.04034 (12), -0.04020 (12), 
Length of domains: 741
Time: pickout 0.0112    decision 0.1510    set_bounds 0.0053    solve 0.6641    add 0.2014    
Accumulated time: pickout 1.9692    decision 26.0554    set_bounds 1.1899    solve 115.3970    add 36.8935    
Current (lb-rhs): tensor([-4.31021404, -2.25409842, -0.04976940, -2.12406445, -1.30388165])
22717 domains visited
Cumulative time: 189.35002040863037

BaB round 177
batch: 128
splitting decisions: 
split level 0: [/89, 10307] [/89, 10307] [/input-40, 4985] [/input-40, 1919] [/input-40, 1919] [/input-40, 3167] [/input-40, 4988] [/input-40, 3167] [/input-40, 4985] [/input-40, 4985] 
pruning_in_iteration open status: True
ratio of positive domain = 133 / 256 = 0.51953125
pruning-in-iteration extra time: 0.0023658275604248047
Time: prepare 0.0059    bound 0.2928    transfer 0.2488    finalize 0.1061    func 0.6537    
Accumulated time: func 115.9313    prepare 1.0596    bound 53.6081    transfer 41.8549    finalize 19.4290    
Current worst splitting domains lb-rhs (depth):
-0.04977 (9), -0.04973 (9), -0.04893 (9), -0.04880 (9), -0.04738 (12), -0.04737 (9), -0.04733 (9), -0.04732 (12), -0.04674 (9), -0.04671 (9), -0.04631 (12), -0.04627 (12), -0.04388 (13), -0.04385 (13), -0.04246 (13), -0.04243 (13), -0.04165 (12), -0.04154 (12), -0.04034 (12), -0.04020 (12), 
Length of domains: 736
Time: pickout 0.0113    decision 0.1514    set_bounds 0.0050    solve 0.6538    add 0.1904    
Accumulated time: pickout 1.9805    decision 26.2069    set_bounds 1.1949    solve 116.0509    add 37.0839    
Current (lb-rhs): tensor([-4.31021404, -2.25409842, -0.04976940, -2.12406445, -1.30388165])
22840 domains visited
Cumulative time: 190.39800691604614

BaB round 178
batch: 128
splitting decisions: 
split level 0: [/input-40, 4985] [/input-40, 580] [/input-40, 3167] [/input-40, 4988] [/input-40, 4988] [/input-40, 4141] [/input-40, 4141] [/input-40, 4988] [/input-40, 4988] [/input-40, 4988] 
pruning_in_iteration open status: True
ratio of positive domain = 146 / 256 = 0.5703125
pruning-in-iteration extra time: 0.002373933792114258
Time: prepare 0.0060    bound 0.2789    transfer 0.2489    finalize 0.1074    func 0.6412    
Accumulated time: func 116.5724    prepare 1.0657    bound 53.8869    transfer 42.1038    finalize 19.5364    
Current worst splitting domains lb-rhs (depth):
-0.04977 (9), -0.04973 (9), -0.04893 (9), -0.04880 (9), -0.04738 (12), -0.04737 (9), -0.04733 (9), -0.04732 (12), -0.04674 (9), -0.04671 (9), -0.04631 (12), -0.04627 (12), -0.04388 (13), -0.04385 (13), -0.04246 (13), -0.04243 (13), -0.04165 (12), -0.04154 (12), -0.04034 (12), -0.04020 (12), 
Length of domains: 718
Time: pickout 0.0113    decision 0.1510    set_bounds 0.0050    solve 0.6413    add 0.1778    
Accumulated time: pickout 1.9918    decision 26.3579    set_bounds 1.1999    solve 116.6922    add 37.2617    
Current (lb-rhs): tensor([-4.31021404, -2.25409842, -0.04976940, -2.12406445, -1.30388165])
22950 domains visited
Cumulative time: 191.41864275932312

BaB round 179
batch: 128
splitting decisions: 
split level 0: [/input-48, 8184] [/input-40, 3944] [/89, 10307] [/89, 10307] [/89, 10307] [/input-40, 4988] [/input-40, 3167] [/89, 10307] [/input-40, 4985] [/input-48, 4661] 
pruning_in_iteration open status: True
ratio of positive domain = 123 / 256 = 0.48046875
pruning-in-iteration extra time: 0.002398967742919922
Time: prepare 0.0061    bound 0.2989    transfer 0.2491    finalize 0.0904    func 0.6445    
Accumulated time: func 117.2170    prepare 1.0720    bound 54.1858    transfer 42.3529    finalize 19.6268    
Current worst splitting domains lb-rhs (depth):
-0.04977 (9), -0.04973 (9), -0.04893 (9), -0.04880 (9), -0.04738 (12), -0.04737 (9), -0.04733 (9), -0.04732 (12), -0.04674 (9), -0.04671 (9), -0.04631 (12), -0.04627 (12), -0.04388 (13), -0.04385 (13), -0.04246 (13), -0.04243 (13), -0.04165 (12), -0.04154 (12), -0.04034 (12), -0.04020 (12), 
Length of domains: 723
Time: pickout 0.0114    decision 0.1508    set_bounds 0.0049    solve 0.6447    add 0.2117    
Accumulated time: pickout 2.0032    decision 26.5087    set_bounds 1.2049    solve 117.3369    add 37.4734    
Current (lb-rhs): tensor([-4.31021404, -2.25409842, -0.04976940, -2.12406445, -1.30388165])
23083 domains visited
Cumulative time: 192.47900533676147

BaB round 180
batch: 128
splitting decisions: 
split level 0: [/input-40, 3167] [/input-40, 3167] [/input-48, 6170] [/input-40, 2802] [/input-40, 4985] [/input-40, 2802] [/input-40, 4985] [/input-40, 4985] [/input-40, 4988] [/input-40, 3944] 
pruning_in_iteration open status: True
ratio of positive domain = 124 / 256 = 0.484375
pruning-in-iteration extra time: 0.0024385452270507812
Time: prepare 0.0060    bound 0.3045    transfer 0.2495    finalize 0.1051    func 0.6653    
Accumulated time: func 117.8822    prepare 1.0782    bound 54.4903    transfer 42.6025    finalize 19.7319    
Current worst splitting domains lb-rhs (depth):
-0.04977 (9), -0.04973 (9), -0.04893 (9), -0.04880 (9), -0.04738 (12), -0.04737 (9), -0.04733 (9), -0.04732 (12), -0.04674 (9), -0.04671 (9), -0.04631 (12), -0.04627 (12), -0.04388 (13), -0.04385 (13), -0.04246 (13), -0.04243 (13), -0.04165 (12), -0.04154 (12), -0.04034 (12), -0.04020 (12), 
Length of domains: 727
Time: pickout 0.0114    decision 0.1499    set_bounds 0.0050    solve 0.6654    add 0.2142    
Accumulated time: pickout 2.0146    decision 26.6586    set_bounds 1.2099    solve 118.0023    add 37.6876    
Current (lb-rhs): tensor([-4.31021404, -2.25409842, -0.04976940, -2.12406445, -1.30388165])
23215 domains visited
Cumulative time: 193.55892372131348

BaB round 181
batch: 128
splitting decisions: 
split level 0: [/input-48, 6170] [/input-40, 4622] [/input-40, 4622] [/input-40, 4622] [/input-48, 4973] [/89, 10307] [/89, 10307] [/89, 10307] [/input-48, 6170] [/89, 10307] 
pruning_in_iteration open status: True
ratio of positive domain = 129 / 256 = 0.50390625
pruning-in-iteration extra time: 0.002542257308959961
Time: prepare 0.0063    bound 0.3024    transfer 0.2459    finalize 0.0903    func 0.6449    
Accumulated time: func 118.5272    prepare 1.0846    bound 54.7927    transfer 42.8483    finalize 19.8222    
Current worst splitting domains lb-rhs (depth):
-0.04977 (9), -0.04973 (9), -0.04893 (9), -0.04880 (9), -0.04738 (12), -0.04737 (9), -0.04733 (9), -0.04732 (12), -0.04674 (9), -0.04671 (9), -0.04631 (12), -0.04627 (12), -0.04388 (13), -0.04385 (13), -0.04246 (13), -0.04243 (13), -0.04165 (12), -0.04154 (12), -0.04034 (12), -0.04020 (12), 
Length of domains: 726
Time: pickout 0.0114    decision 0.1509    set_bounds 0.0052    solve 0.6451    add 0.2041    
Accumulated time: pickout 2.0260    decision 26.8095    set_bounds 1.2151    solve 118.6474    add 37.8918    
Current (lb-rhs): tensor([-4.31021404, -2.25409842, -0.04976940, -2.12406445, -1.30388165])
23342 domains visited
Cumulative time: 194.61125302314758

BaB round 182
batch: 128
splitting decisions: 
split level 0: [/input-40, 4985] [/input-40, 4141] [/input-40, 4141] [/input-40, 4141] [/input-40, 4141] [/input-40, 4141] [/input-48, 6170] [/input-40, 4141] [/input-40, 4141] [/input-40, 4141] 
pruning_in_iteration open status: True
ratio of positive domain = 141 / 256 = 0.55078125
pruning-in-iteration extra time: 0.002432107925415039
Time: prepare 0.0062    bound 0.2785    transfer 0.2478    finalize 0.1081    func 0.6407    
Accumulated time: func 119.1678    prepare 1.0910    bound 55.0712    transfer 43.0962    finalize 19.9303    
Current worst splitting domains lb-rhs (depth):
-0.04977 (9), -0.04973 (9), -0.04893 (9), -0.04880 (9), -0.04738 (12), -0.04737 (9), -0.04733 (9), -0.04732 (12), -0.04674 (9), -0.04671 (9), -0.04631 (12), -0.04627 (12), -0.04388 (13), -0.04385 (13), -0.04246 (13), -0.04243 (13), -0.04165 (12), -0.04154 (12), -0.04034 (12), -0.04020 (12), 
Length of domains: 713
Time: pickout 0.0112    decision 0.1506    set_bounds 0.0049    solve 0.6408    add 0.1804    
Accumulated time: pickout 2.0372    decision 26.9601    set_bounds 1.2200    solve 119.2882    add 38.0721    
Current (lb-rhs): tensor([-4.31021404, -2.25409842, -0.04976940, -2.12406445, -1.30388165])
23457 domains visited
Cumulative time: 195.63256812095642

BaB round 183
batch: 128
splitting decisions: 
split level 0: [/input-40, 5129] [/input-48, 4661] [/input-40, 4988] [/input-40, 4636] [/input-48, 8184] [/input-40, 5129] [/input-48, 4661] [/input-48, 4661] [/input-48, 4661] [/input-40, 4141] 
pruning_in_iteration open status: True
ratio of positive domain = 139 / 256 = 0.54296875
pruning-in-iteration extra time: 0.0025060176849365234
Time: prepare 0.0065    bound 0.2837    transfer 0.2454    finalize 0.1022    func 0.6390    
Accumulated time: func 119.8068    prepare 1.0977    bound 55.3549    transfer 43.3415    finalize 20.0325    
Current worst splitting domains lb-rhs (depth):
-0.04977 (9), -0.04973 (9), -0.04893 (9), -0.04880 (9), -0.04738 (12), -0.04737 (9), -0.04733 (9), -0.04732 (12), -0.04674 (9), -0.04671 (9), -0.04631 (12), -0.04627 (12), -0.04388 (13), -0.04385 (13), -0.04246 (13), -0.04243 (13), -0.04165 (12), -0.04154 (12), -0.04034 (12), -0.04020 (12), 
Length of domains: 702
Time: pickout 0.0113    decision 0.1516    set_bounds 0.0856    solve 0.6391    add 0.2192    
Accumulated time: pickout 2.0486    decision 27.1117    set_bounds 1.3055    solve 119.9273    add 38.2914    
Current (lb-rhs): tensor([-4.31021404, -2.25409842, -0.04976940, -2.12406445, -1.30388165])
23574 domains visited
Cumulative time: 196.77540397644043

BaB round 184
batch: 128
splitting decisions: 
split level 0: [/input-40, 3167] [/input-40, 3167] [/input-40, 3167] [/input-48, 8184] [/input-40, 3167] [/input-40, 3167] [/input-40, 3167] [/input-48, 4661] [/input-40, 3167] [/input-40, 4988] 
pruning_in_iteration open status: True
ratio of positive domain = 140 / 256 = 0.546875
pruning-in-iteration extra time: 0.0024733543395996094
Time: prepare 0.0060    bound 0.2804    transfer 0.2515    finalize 0.1093    func 0.6473    
Accumulated time: func 120.4541    prepare 1.1038    bound 55.6353    transfer 43.5931    finalize 20.1419    
Current worst splitting domains lb-rhs (depth):
-0.04977 (9), -0.04973 (9), -0.04893 (9), -0.04880 (9), -0.04738 (12), -0.04737 (9), -0.04733 (9), -0.04732 (12), -0.04674 (9), -0.04671 (9), -0.04631 (12), -0.04627 (12), -0.04388 (13), -0.04385 (13), -0.04246 (13), -0.04243 (13), -0.04165 (12), -0.04154 (12), -0.04034 (12), -0.04020 (12), 
Length of domains: 690
Time: pickout 0.0113    decision 0.1503    set_bounds 0.0047    solve 0.6475    add 0.1858    
Accumulated time: pickout 2.0598    decision 27.2620    set_bounds 1.3103    solve 120.5748    add 38.4771    
Current (lb-rhs): tensor([-4.31021404, -2.25409842, -0.04976940, -2.12406445, -1.30388165])
23690 domains visited
Cumulative time: 197.81088519096375

BaB round 185
batch: 128
splitting decisions: 
split level 0: [/input-40, 3167] [/input-48, 8184] [/input-48, 8184] [/input-48, 8184] [/input-48, 8184] [/input-48, 5141] [/input-48, 5141] [/input-48, 5141] [/input-40, 5129] [/input-40, 4988] 
pruning_in_iteration open status: True
ratio of positive domain = 114 / 256 = 0.4453125
pruning-in-iteration extra time: 0.0024766921997070312
Time: prepare 0.0060    bound 0.3165    transfer 0.2524    finalize 0.1081    func 0.6830    
Accumulated time: func 121.1371    prepare 1.1100    bound 55.9518    transfer 43.8455    finalize 20.2499    
Current worst splitting domains lb-rhs (depth):
-0.04977 (9), -0.04973 (9), -0.04893 (9), -0.04880 (9), -0.04738 (12), -0.04737 (9), -0.04733 (9), -0.04732 (12), -0.04674 (9), -0.04671 (9), -0.04631 (12), -0.04627 (12), -0.04388 (13), -0.04385 (13), -0.04246 (13), -0.04243 (13), -0.04165 (12), -0.04154 (12), -0.04034 (12), -0.04020 (12), 
Length of domains: 704
Time: pickout 0.0113    decision 0.1507    set_bounds 0.0047    solve 0.6831    add 0.2204    
Accumulated time: pickout 2.0712    decision 27.4127    set_bounds 1.3150    solve 121.2579    add 38.6975    
Current (lb-rhs): tensor([-4.31021404, -2.25409842, -0.04976940, -2.12406445, -1.30388165])
23832 domains visited
Cumulative time: 198.9177529811859

BaB round 186
batch: 128
splitting decisions: 
split level 0: [/input-40, 4985] [/input-40, 3944] [/input-40, 3167] [/input-40, 5129] [/input-48, 5141] [/input-40, 3167] [/input-40, 4985] [/input-40, 4985] [/input-40, 4985] [/89, 10307] 
pruning_in_iteration open status: True
ratio of positive domain = 125 / 256 = 0.48828125
pruning-in-iteration extra time: 0.002465486526489258
Time: prepare 0.0060    bound 0.3098    transfer 0.2507    finalize 0.1090    func 0.6755    
Accumulated time: func 121.8125    prepare 1.1161    bound 56.2616    transfer 44.0962    finalize 20.3589    
Current worst splitting domains lb-rhs (depth):
-0.04977 (9), -0.04973 (9), -0.04893 (9), -0.04880 (9), -0.04738 (12), -0.04737 (9), -0.04733 (9), -0.04732 (12), -0.04674 (9), -0.04671 (9), -0.04631 (12), -0.04627 (12), -0.04388 (13), -0.04385 (13), -0.04246 (13), -0.04243 (13), -0.04165 (12), -0.04154 (12), -0.04034 (12), -0.04020 (12), 
Length of domains: 707
Time: pickout 0.0114    decision 0.1510    set_bounds 0.0048    solve 0.6756    add 0.2048    
Accumulated time: pickout 2.0826    decision 27.5637    set_bounds 1.3198    solve 121.9335    add 38.9023    
Current (lb-rhs): tensor([-4.31021404, -2.25409842, -0.04976940, -2.12406445, -1.30388165])
23963 domains visited
Cumulative time: 200.0012710094452

BaB round 187
batch: 128
splitting decisions: 
split level 0: [/input-40, 4988] [/input-40, 3167] [/input-40, 3167] [/input-40, 3944] [/input-40, 3944] [/input-40, 4622] [/input-40, 3944] [/input-40, 5129] [/89, 4357] [/input-40, 3167] 
pruning_in_iteration open status: True
ratio of positive domain = 114 / 256 = 0.4453125
pruning-in-iteration extra time: 0.0019555091857910156
Time: prepare 0.0059    bound 0.3449    transfer 0.2495    finalize 0.1070    func 0.7074    
Accumulated time: func 122.5200    prepare 1.1222    bound 56.6064    transfer 44.3457    finalize 20.4660    
Current worst splitting domains lb-rhs (depth):
-0.04977 (9), -0.04973 (9), -0.04893 (9), -0.04880 (9), -0.04738 (12), -0.04737 (9), -0.04733 (9), -0.04732 (12), -0.04674 (9), -0.04671 (9), -0.04631 (12), -0.04627 (12), -0.04388 (13), -0.04385 (13), -0.04246 (13), -0.04243 (13), -0.04165 (12), -0.04154 (12), -0.04034 (12), -0.04020 (12), 
Length of domains: 721
Time: pickout 0.0113    decision 0.1504    set_bounds 0.0050    solve 0.7076    add 0.2289    
Accumulated time: pickout 2.0939    decision 27.7142    set_bounds 1.3248    solve 122.6411    add 39.1312    
Current (lb-rhs): tensor([-4.31021404, -2.25409842, -0.04976940, -2.12406445, -1.30388165])
24105 domains visited
Cumulative time: 201.14087963104248

BaB round 188
batch: 128
splitting decisions: 
split level 0: [/input-40, 3816] [/input-40, 5129] [/input-40, 5129] [/input-40, 5129] [/input-40, 4988] [/input-48, 4661] [/input-40, 4622] [/input-40, 4622] [/input-48, 5142] [/input-40, 1919] 
pruning_in_iteration open status: True
ratio of positive domain = 123 / 256 = 0.48046875
pruning-in-iteration extra time: 0.002474546432495117
Time: prepare 0.0060    bound 0.2996    transfer 0.2497    finalize 0.1100    func 0.6655    
Accumulated time: func 123.1854    prepare 1.1284    bound 56.9060    transfer 44.5954    finalize 20.5760    
Current worst splitting domains lb-rhs (depth):
-0.04977 (9), -0.04973 (9), -0.04893 (9), -0.04880 (9), -0.04738 (12), -0.04737 (9), -0.04733 (9), -0.04732 (12), -0.04674 (9), -0.04671 (9), -0.04631 (12), -0.04627 (12), -0.04388 (13), -0.04385 (13), -0.04246 (13), -0.04243 (13), -0.04165 (12), -0.04154 (12), -0.04034 (12), -0.04020 (12), 
Length of domains: 726
Time: pickout 0.0122    decision 0.1506    set_bounds 0.0054    solve 0.6656    add 0.2193    
Accumulated time: pickout 2.1061    decision 27.8648    set_bounds 1.3302    solve 123.3068    add 39.3505    
Current (lb-rhs): tensor([-4.31021404, -2.25409842, -0.04976940, -2.12406445, -1.30388165])
24238 domains visited
Cumulative time: 202.22978281974792

BaB round 189
batch: 128
splitting decisions: 
split level 0: [/input-40, 4141] [/input-48, 6170] [/input-48, 4973] [/input-40, 3167] [/input-40, 5129] [/input-40, 4622] [/input-40, 4622] [/89, 10307] [/input-48, 6170] [/input-40, 3167] 
pruning_in_iteration open status: True
ratio of positive domain = 123 / 256 = 0.48046875
pruning-in-iteration extra time: 0.002691984176635742
Time: prepare 0.0060    bound 0.3041    transfer 0.2674    finalize 0.0953    func 0.6728    
Accumulated time: func 123.8582    prepare 1.1345    bound 57.2102    transfer 44.8628    finalize 20.6713    
Current worst splitting domains lb-rhs (depth):
-0.04977 (9), -0.04973 (9), -0.04893 (9), -0.04880 (9), -0.04738 (12), -0.04737 (9), -0.04733 (9), -0.04732 (12), -0.04674 (9), -0.04671 (9), -0.04631 (12), -0.04627 (12), -0.04388 (13), -0.04385 (13), -0.04246 (13), -0.04243 (13), -0.04165 (12), -0.04154 (12), -0.04034 (12), -0.04020 (12), 
Length of domains: 731
Time: pickout 0.0113    decision 0.1507    set_bounds 0.0054    solve 0.6729    add 0.2110    
Accumulated time: pickout 2.1174    decision 28.0155    set_bounds 1.3356    solve 123.9797    add 39.5614    
Current (lb-rhs): tensor([-4.31021404, -2.25409842, -0.04976940, -2.12406445, -1.30388165])
24371 domains visited
Cumulative time: 203.31933212280273

BaB round 190
batch: 128
splitting decisions: 
split level 0: [/89, 10307] [/input-40, 4141] [/input-40, 2802] [/input-40, 4985] [/input-40, 4622] [/input-40, 5129] [/input-40, 3167] [/input-40, 4622] [/input-48, 4973] [/input-40, 3167] 
pruning_in_iteration open status: True
ratio of positive domain = 131 / 256 = 0.51171875
pruning-in-iteration extra time: 0.002591848373413086
Time: prepare 0.0065    bound 0.2940    transfer 0.2441    finalize 0.1090    func 0.6537    
Accumulated time: func 124.5119    prepare 1.1412    bound 57.5042    transfer 45.1069    finalize 20.7803    
Current worst splitting domains lb-rhs (depth):
-0.04977 (9), -0.04973 (9), -0.04893 (9), -0.04880 (9), -0.04738 (12), -0.04737 (9), -0.04733 (9), -0.04732 (12), -0.04674 (9), -0.04671 (9), -0.04631 (12), -0.04627 (12), -0.04388 (13), -0.04385 (13), -0.04246 (13), -0.04243 (13), -0.04165 (12), -0.04154 (12), -0.04034 (12), -0.04020 (12), 
Length of domains: 728
Time: pickout 0.0113    decision 0.1510    set_bounds 0.0057    solve 0.6538    add 0.1943    
Accumulated time: pickout 2.1287    decision 28.1665    set_bounds 1.3413    solve 124.6335    add 39.7557    
Current (lb-rhs): tensor([-4.31021404, -2.25409842, -0.04976940, -2.12406445, -1.30388165])
24496 domains visited
Cumulative time: 204.3704342842102

BaB round 191
batch: 128
splitting decisions: 
split level 0: [/input-40, 4985] [/input-40, 4985] [/input-40, 4141] [/input-40, 4141] [/input-40, 4622] [/input-40, 4985] [/input-48, 4661] [/input-40, 3167] [/input-40, 5129] [/input-48, 4661] 
pruning_in_iteration open status: True
ratio of positive domain = 139 / 256 = 0.54296875
pruning-in-iteration extra time: 0.0024662017822265625
Time: prepare 0.0062    bound 0.2894    transfer 0.2466    finalize 0.0970    func 0.6392    
Accumulated time: func 125.1511    prepare 1.1476    bound 57.7936    transfer 45.3535    finalize 20.8772    
Current worst splitting domains lb-rhs (depth):
-0.04977 (9), -0.04973 (9), -0.04893 (9), -0.04880 (9), -0.04738 (12), -0.04737 (9), -0.04733 (9), -0.04732 (12), -0.04674 (9), -0.04671 (9), -0.04631 (12), -0.04627 (12), -0.04388 (13), -0.04385 (13), -0.04246 (13), -0.04243 (13), -0.04165 (12), -0.04154 (12), -0.04034 (12), -0.04020 (12), 
Length of domains: 717
Time: pickout 0.0113    decision 0.1510    set_bounds 0.0051    solve 0.6394    add 0.1810    
Accumulated time: pickout 2.1400    decision 28.3175    set_bounds 1.3464    solve 125.2729    add 39.9367    
Current (lb-rhs): tensor([-4.31021404, -2.25409842, -0.04976940, -2.12406445, -1.30388165])
24613 domains visited
Cumulative time: 205.3948893547058

BaB round 192
batch: 128
splitting decisions: 
split level 0: [/input-48, 5141] [/input-48, 5141] [/input-48, 5141] [/input-40, 3816] [/input-40, 3167] [/input-40, 4985] [/input-40, 2802] [/input-40, 1919] [/input-40, 4141] [/input-40, 4985] 
pruning_in_iteration open status: True
ratio of positive domain = 105 / 256 = 0.41015625
pruning-in-iteration extra time: 0.002433300018310547
Time: prepare 0.0060    bound 0.3261    transfer 0.2484    finalize 0.1082    func 0.6888    
Accumulated time: func 125.8398    prepare 1.1538    bound 58.1197    transfer 45.6020    finalize 20.9854    
Current worst splitting domains lb-rhs (depth):
-0.04977 (9), -0.04973 (9), -0.04893 (9), -0.04880 (9), -0.04738 (12), -0.04737 (9), -0.04733 (9), -0.04732 (12), -0.04674 (9), -0.04671 (9), -0.04631 (12), -0.04627 (12), -0.04388 (13), -0.04385 (13), -0.04246 (13), -0.04243 (13), -0.04165 (12), -0.04154 (12), -0.04034 (12), -0.04020 (12), 
Length of domains: 740
Time: pickout 0.0114    decision 0.1511    set_bounds 0.0051    solve 0.6889    add 0.2375    
Accumulated time: pickout 2.1514    decision 28.4686    set_bounds 1.3515    solve 125.9619    add 40.1742    
Current (lb-rhs): tensor([-4.31021404, -2.25409842, -0.04976940, -2.12406445, -1.30388165])
24764 domains visited
Cumulative time: 206.52374267578125

BaB round 193
batch: 128
splitting decisions: 
split level 0: [/input-40, 4985] [/input-48, 6170] [/input-40, 4985] [/input-48, 6170] [/input-40, 4622] [/input-40, 4622] [/input-40, 4974] [/input-40, 4974] [/input-40, 4985] [/input-48, 6170] 
pruning_in_iteration open status: True
ratio of positive domain = 129 / 256 = 0.50390625
pruning-in-iteration extra time: 0.0028846263885498047
Time: prepare 0.0060    bound 0.3014    transfer 0.2394    finalize 0.1043    func 0.6512    
Accumulated time: func 126.4910    prepare 1.1600    bound 58.4211    transfer 45.8413    finalize 21.0897    
Current worst splitting domains lb-rhs (depth):
-0.04977 (9), -0.04973 (9), -0.04893 (9), -0.04880 (9), -0.04738 (12), -0.04737 (9), -0.04733 (9), -0.04732 (12), -0.04674 (9), -0.04671 (9), -0.04631 (12), -0.04627 (12), -0.04388 (13), -0.04385 (13), -0.04246 (13), -0.04243 (13), -0.04165 (12), -0.04154 (12), -0.04034 (12), -0.04020 (12), 
Length of domains: 739
Time: pickout 0.0114    decision 0.1506    set_bounds 0.0053    solve 0.6513    add 0.2022    
Accumulated time: pickout 2.1628    decision 28.6192    set_bounds 1.3567    solve 126.6132    add 40.3764    
Current (lb-rhs): tensor([-4.31021404, -2.25409842, -0.04976940, -2.12406445, -1.30388165])
24891 domains visited
Cumulative time: 207.57822632789612

BaB round 194
batch: 128
splitting decisions: 
split level 0: [/input-40, 4985] [/input-48, 4973] [/input-48, 4973] [/input-40, 4985] [/input-40, 4985] [/input-40, 4988] [/89, 10307] [/89, 10307] [/89, 10307] [/input-40, 580] 
pruning_in_iteration open status: True
ratio of positive domain = 114 / 256 = 0.4453125
pruning-in-iteration extra time: 0.0024597644805908203
Time: prepare 0.0063    bound 0.3157    transfer 0.2335    finalize 0.1069    func 0.6623    
Accumulated time: func 127.1533    prepare 1.1664    bound 58.7368    transfer 46.0748    finalize 21.1965    
Current worst splitting domains lb-rhs (depth):
-0.04977 (9), -0.04973 (9), -0.04893 (9), -0.04880 (9), -0.04738 (12), -0.04737 (9), -0.04733 (9), -0.04732 (12), -0.04674 (9), -0.04671 (9), -0.04631 (12), -0.04627 (12), -0.04388 (13), -0.04385 (13), -0.04246 (13), -0.04243 (13), -0.04165 (12), -0.04154 (12), -0.04034 (12), -0.04020 (12), 
Length of domains: 753
Time: pickout 0.0114    decision 0.1506    set_bounds 0.0051    solve 0.6625    add 0.2258    
Accumulated time: pickout 2.1742    decision 28.7698    set_bounds 1.3618    solve 127.2757    add 40.6022    
Current (lb-rhs): tensor([-4.31021404, -2.25409842, -0.04976940, -2.12406445, -1.30388165])
25033 domains visited
Cumulative time: 208.670672416687

BaB round 195
batch: 128
splitting decisions: 
split level 0: [/input-48, 4973] [/input-40, 3167] [/input-40, 4974] [/input-40, 4974] [/input-40, 4141] [/input-40, 4141] [/input-40, 4985] [/input-48, 4973] [/input-48, 4973] [/input-40, 4141] 
pruning_in_iteration open status: True
ratio of positive domain = 151 / 256 = 0.58984375
pruning-in-iteration extra time: 0.0025146007537841797
Time: prepare 0.0059    bound 0.2638    transfer 0.2584    finalize 0.1088    func 0.6370    
Accumulated time: func 127.7903    prepare 1.1725    bound 59.0006    transfer 46.3332    finalize 21.3053    
Current worst splitting domains lb-rhs (depth):
-0.04977 (9), -0.04973 (9), -0.04893 (9), -0.04880 (9), -0.04738 (12), -0.04737 (9), -0.04733 (9), -0.04732 (12), -0.04674 (9), -0.04671 (9), -0.04631 (12), -0.04627 (12), -0.04388 (13), -0.04385 (13), -0.04246 (13), -0.04243 (13), -0.04165 (12), -0.04154 (12), -0.04034 (12), -0.04020 (12), 
Length of domains: 730
Time: pickout 0.0113    decision 0.1518    set_bounds 0.0045    solve 0.6380    add 0.1702    
Accumulated time: pickout 2.1855    decision 28.9216    set_bounds 1.3662    solve 127.9137    add 40.7724    
Current (lb-rhs): tensor([-4.31021404, -2.25409842, -0.04976940, -2.12406445, -1.30388165])
25138 domains visited
Cumulative time: 209.68263173103333

BaB round 196
batch: 128
splitting decisions: 
split level 0: [/input-40, 4141] [/input-40, 2802] [/input-40, 4985] [/input-40, 2802] [/input-48, 6170] [/input-48, 6170] [/input-40, 2802] [/input-40, 4985] [/input-48, 6170] [/input-40, 4141] 
pruning_in_iteration open status: True
ratio of positive domain = 141 / 256 = 0.55078125
pruning-in-iteration extra time: 0.002471923828125
Time: prepare 0.0062    bound 0.2797    transfer 0.2459    finalize 0.1094    func 0.6412    
Accumulated time: func 128.4314    prepare 1.1788    bound 59.2803    transfer 46.5790    finalize 21.4147    
Current worst splitting domains lb-rhs (depth):
-0.04977 (9), -0.04973 (9), -0.04893 (9), -0.04880 (9), -0.04738 (12), -0.04737 (9), -0.04733 (9), -0.04732 (12), -0.04674 (9), -0.04671 (9), -0.04631 (12), -0.04627 (12), -0.04388 (13), -0.04385 (13), -0.04246 (13), -0.04243 (13), -0.04165 (12), -0.04154 (12), -0.04034 (12), -0.04020 (12), 
Length of domains: 717
Time: pickout 0.0114    decision 0.2338    set_bounds 0.0049    solve 0.6413    add 0.1820    
Accumulated time: pickout 2.1969    decision 29.1554    set_bounds 1.3711    solve 128.5550    add 40.9545    
Current (lb-rhs): tensor([-4.31021404, -2.25409842, -0.04976940, -2.12406445, -1.30388165])
25253 domains visited
Cumulative time: 210.79275560379028

BaB round 197
batch: 128
splitting decisions: 
split level 0: [/input-48, 4661] [/input-48, 4661] [/input-48, 4661] [/input-40, 4985] [/input-40, 4985] [/input-40, 1919] [/input-40, 2802] [/input-40, 4985] [/input-40, 2802] [/input-48, 6170] 
pruning_in_iteration open status: True
ratio of positive domain = 150 / 256 = 0.5859375
pruning-in-iteration extra time: 0.002396821975708008
Time: prepare 0.0060    bound 0.2633    transfer 0.2534    finalize 0.1077    func 0.6305    
Accumulated time: func 129.0620    prepare 1.1850    bound 59.5437    transfer 46.8324    finalize 21.5224    
Current worst splitting domains lb-rhs (depth):
-0.04977 (9), -0.04973 (9), -0.04893 (9), -0.04880 (9), -0.04738 (12), -0.04737 (9), -0.04733 (9), -0.04732 (12), -0.04674 (9), -0.04671 (9), -0.04631 (12), -0.04627 (12), -0.04388 (13), -0.04385 (13), -0.04246 (13), -0.04243 (13), -0.04165 (12), -0.04154 (12), -0.04034 (12), -0.04020 (12), 
Length of domains: 695
Time: pickout 0.0113    decision 0.1507    set_bounds 0.0047    solve 0.6307    add 0.1700    
Accumulated time: pickout 2.2082    decision 29.3061    set_bounds 1.3759    solve 129.1857    add 41.1244    
Current (lb-rhs): tensor([-4.31021404, -2.25409842, -0.04976940, -2.12406445, -1.30388165])
25359 domains visited
Cumulative time: 211.79419136047363

BaB round 198
batch: 128
splitting decisions: 
split level 0: [/input-48, 4661] [/input-40, 4988] [/input-40, 4988] [/input-40, 2802] [/input-40, 3167] [/input-40, 4985] [/input-40, 4985] [/input-40, 4985] [/input-40, 3167] [/input-48, 6170] 
pruning_in_iteration open status: True
ratio of positive domain = 140 / 256 = 0.546875
pruning-in-iteration extra time: 0.0024056434631347656
Time: prepare 0.0063    bound 0.2745    transfer 0.2424    finalize 0.0953    func 0.6185    
Accumulated time: func 129.6805    prepare 1.1915    bound 59.8181    transfer 47.0748    finalize 21.6177    
Current worst splitting domains lb-rhs (depth):
-0.04977 (9), -0.04973 (9), -0.04893 (9), -0.04880 (9), -0.04738 (12), -0.04737 (9), -0.04733 (9), -0.04732 (12), -0.04674 (9), -0.04671 (9), -0.04631 (12), -0.04627 (12), -0.04388 (13), -0.04385 (13), -0.04246 (13), -0.04243 (13), -0.04165 (12), -0.04154 (12), -0.04034 (12), -0.04020 (12), 
Length of domains: 683
Time: pickout 0.0113    decision 0.1507    set_bounds 0.0054    solve 0.6187    add 0.1798    
Accumulated time: pickout 2.2195    decision 29.4568    set_bounds 1.3813    solve 129.8044    add 41.3042    
Current (lb-rhs): tensor([-4.31021404, -2.25409842, -0.04976940, -2.12406445, -1.30388165])
25475 domains visited
Cumulative time: 212.7961573600769

BaB round 199
batch: 128
splitting decisions: 
split level 0: [/input-40, 4636] [/input-40, 3167] [/input-40, 3167] [/input-48, 4661] [/input-48, 4661] [/input-40, 3944] [/input-40, 3167] [/input-48, 4661] [/input-48, 4661] [/input-48, 4661] 
pruning_in_iteration open status: True
ratio of positive domain = 119 / 256 = 0.46484375
pruning-in-iteration extra time: 0.0025110244750976562
Time: prepare 0.0060    bound 0.3069    transfer 0.2469    finalize 0.1094    func 0.6692    
Accumulated time: func 130.3497    prepare 1.1977    bound 60.1250    transfer 47.3217    finalize 21.7270    
Current worst splitting domains lb-rhs (depth):
-0.04977 (9), -0.04973 (9), -0.04893 (9), -0.04880 (9), -0.04738 (12), -0.04737 (9), -0.04733 (9), -0.04732 (12), -0.04674 (9), -0.04671 (9), -0.04631 (12), -0.04627 (12), -0.04388 (13), -0.04385 (13), -0.04246 (13), -0.04243 (13), -0.04165 (12), -0.04154 (12), -0.04034 (12), -0.04020 (12), 
Length of domains: 692
Time: pickout 0.0116    decision 0.1510    set_bounds 0.0050    solve 0.6693    add 0.2164    
Accumulated time: pickout 2.2311    decision 29.6079    set_bounds 1.3863    solve 130.4737    add 41.5206    
Current (lb-rhs): tensor([-4.31021404, -2.25409842, -0.04976940, -2.12406445, -1.30388165])
25612 domains visited
Cumulative time: 213.88568472862244

BaB round 200
batch: 128
splitting decisions: 
split level 0: [/input-40, 5129] [/input-40, 5129] [/input-40, 3816] [/input-40, 4141] [/input-40, 5129] [/input-40, 4988] [/input-40, 4988] [/input-40, 1919] [/89, 10307] [/89, 10307] 
pruning_in_iteration open status: True
ratio of positive domain = 124 / 256 = 0.484375
pruning-in-iteration extra time: 0.0024726390838623047
Time: prepare 0.0059    bound 0.2987    transfer 0.2458    finalize 0.1058    func 0.6563    
Accumulated time: func 131.0060    prepare 1.2038    bound 60.4237    transfer 47.5675    finalize 21.8329    
Current worst splitting domains lb-rhs (depth):
-0.04977 (9), -0.04973 (9), -0.04893 (9), -0.04880 (9), -0.04738 (12), -0.04737 (9), -0.04733 (9), -0.04732 (12), -0.04674 (9), -0.04671 (9), -0.04631 (12), -0.04627 (12), -0.04388 (13), -0.04385 (13), -0.04246 (13), -0.04243 (13), -0.04165 (12), -0.04154 (12), -0.04034 (12), -0.04020 (12), 
Length of domains: 696
Time: pickout 0.0114    decision 0.1504    set_bounds 0.0049    solve 0.6565    add 0.2039    
Accumulated time: pickout 2.2425    decision 29.7582    set_bounds 1.3912    solve 131.1302    add 41.7245    
Current (lb-rhs): tensor([-4.31021404, -2.25409842, -0.04976940, -2.12406445, -1.30388165])
25744 domains visited
Cumulative time: 214.9486563205719

BaB round 201
batch: 128
splitting decisions: 
split level 0: [/input-40, 4141] [/input-40, 4622] [/input-40, 4141] [/input-40, 3816] [/input-40, 3167] [/input-40, 4988] [/input-40, 5129] [/input-48, 4973] [/input-40, 1919] [/input-40, 4974] 
pruning_in_iteration open status: True
ratio of positive domain = 129 / 256 = 0.50390625
pruning-in-iteration extra time: 0.002445220947265625
Time: prepare 0.0084    bound 0.2966    transfer 0.2461    finalize 0.1036    func 0.6547    
Accumulated time: func 131.6607    prepare 1.2123    bound 60.7203    transfer 47.8135    finalize 21.9365    
Current worst splitting domains lb-rhs (depth):
-0.04977 (9), -0.04973 (9), -0.04893 (9), -0.04880 (9), -0.04738 (12), -0.04737 (9), -0.04733 (9), -0.04732 (12), -0.04674 (9), -0.04671 (9), -0.04631 (12), -0.04627 (12), -0.04388 (13), -0.04385 (13), -0.04246 (13), -0.04243 (13), -0.04165 (12), -0.04154 (12), -0.04034 (12), -0.04020 (12), 
Length of domains: 695
Time: pickout 0.0116    decision 0.1509    set_bounds 0.0051    solve 0.6549    add 0.2014    
Accumulated time: pickout 2.2541    decision 29.9091    set_bounds 1.3963    solve 131.7851    add 41.9259    
Current (lb-rhs): tensor([-4.31021404, -2.25409842, -0.04976940, -2.12406445, -1.30388165])
25871 domains visited
Cumulative time: 216.00643157958984

BaB round 202
batch: 128
splitting decisions: 
split level 0: [/input-48, 6170] [/input-40, 4622] [/input-40, 4985] [/input-40, 4985] [/89, 10307] [/input-48, 4973] [/input-40, 580] [/89, 10307] [/input-40, 3167] [/input-48, 6170] 
pruning_in_iteration open status: True
ratio of positive domain = 129 / 256 = 0.50390625
pruning-in-iteration extra time: 0.002445220947265625
Time: prepare 0.0063    bound 0.3033    transfer 0.2469    finalize 0.0926    func 0.6492    
Accumulated time: func 132.3099    prepare 1.2188    bound 61.0236    transfer 48.0605    finalize 22.0291    
Current worst splitting domains lb-rhs (depth):
-0.04977 (9), -0.04973 (9), -0.04893 (9), -0.04880 (9), -0.04738 (12), -0.04737 (9), -0.04733 (9), -0.04732 (12), -0.04674 (9), -0.04671 (9), -0.04631 (12), -0.04627 (12), -0.04388 (13), -0.04385 (13), -0.04246 (13), -0.04243 (13), -0.04165 (12), -0.04154 (12), -0.04034 (12), -0.04020 (12), 
Length of domains: 694
Time: pickout 0.0116    decision 0.1509    set_bounds 0.0051    solve 0.6493    add 0.1993    
Accumulated time: pickout 2.2657    decision 30.0601    set_bounds 1.4014    solve 132.4345    add 42.1252    
Current (lb-rhs): tensor([-4.31021404, -2.25409842, -0.04976940, -2.12406445, -1.30388165])
25998 domains visited
Cumulative time: 217.05908274650574

BaB round 203
batch: 128
splitting decisions: 
split level 0: [/input-40, 3167] [/input-40, 4988] [/input-48, 6170] [/input-40, 4141] [/input-40, 4988] [/input-40, 4141] [/input-48, 6170] [/input-40, 4985] [/input-40, 4988] [/input-40, 1919] 
pruning_in_iteration open status: True
ratio of positive domain = 137 / 256 = 0.53515625
pruning-in-iteration extra time: 0.002695322036743164
Time: prepare 0.0065    bound 0.2887    transfer 0.2458    finalize 0.1042    func 0.6453    
Accumulated time: func 132.9552    prepare 1.2255    bound 61.3124    transfer 48.3062    finalize 22.1333    
Current worst splitting domains lb-rhs (depth):
-0.04977 (9), -0.04973 (9), -0.04893 (9), -0.04880 (9), -0.04738 (12), -0.04737 (9), -0.04733 (9), -0.04732 (12), -0.04674 (9), -0.04671 (9), -0.04631 (12), -0.04627 (12), -0.04388 (13), -0.04385 (13), -0.04246 (13), -0.04243 (13), -0.04165 (12), -0.04154 (12), -0.04034 (12), -0.04020 (12), 
Length of domains: 685
Time: pickout 0.0114    decision 0.1518    set_bounds 0.0056    solve 0.6455    add 0.1968    
Accumulated time: pickout 2.2771    decision 30.2119    set_bounds 1.4070    solve 133.0800    add 42.3220    
Current (lb-rhs): tensor([-4.31021404, -2.25409842, -0.04976940, -2.12406445, -1.30388165])
26117 domains visited
Cumulative time: 218.10432720184326

BaB round 204
batch: 128
splitting decisions: 
split level 0: [/input-48, 8184] [/input-40, 4988] [/input-40, 5129] [/input-40, 5129] [/input-40, 3167] [/input-40, 5129] [/input-48, 4661] [/89, 10307] [/input-40, 4985] [/input-40, 4622] 
pruning_in_iteration open status: True
ratio of positive domain = 132 / 256 = 0.515625
pruning-in-iteration extra time: 0.0025551319122314453
Time: prepare 0.0062    bound 0.2858    transfer 0.2423    finalize 0.0928    func 0.6272    
Accumulated time: func 133.5824    prepare 1.2318    bound 61.5981    transfer 48.5486    finalize 22.2262    
Current worst splitting domains lb-rhs (depth):
-0.04977 (9), -0.04973 (9), -0.04893 (9), -0.04880 (9), -0.04738 (12), -0.04737 (9), -0.04733 (9), -0.04732 (12), -0.04674 (9), -0.04671 (9), -0.04631 (12), -0.04627 (12), -0.04388 (13), -0.04385 (13), -0.04246 (13), -0.04243 (13), -0.04165 (12), -0.04154 (12), -0.04034 (12), -0.04020 (12), 
Length of domains: 681
Time: pickout 0.0119    decision 0.1511    set_bounds 0.0052    solve 0.6274    add 0.1961    
Accumulated time: pickout 2.2890    decision 30.3630    set_bounds 1.4121    solve 133.7074    add 42.5181    
Current (lb-rhs): tensor([-4.31021404, -2.25409842, -0.04976940, -2.12406445, -1.30388165])
26241 domains visited
Cumulative time: 219.13315606117249

BaB round 205
batch: 128
splitting decisions: 
split level 0: [/input-40, 4167] [/input-40, 4636] [/input-48, 8184] [/input-48, 8184] [/89, 10307] [/input-40, 3816] [/input-48, 4661] [/input-40, 2802] [/input-40, 2802] [/input-40, 2802] 
pruning_in_iteration open status: True
ratio of positive domain = 126 / 256 = 0.4921875
pruning-in-iteration extra time: 0.0024683475494384766
Time: prepare 0.0060    bound 0.3019    transfer 0.2461    finalize 0.1070    func 0.6610    
Accumulated time: func 134.2434    prepare 1.2380    bound 61.9000    transfer 48.7946    finalize 22.3331    
Current worst splitting domains lb-rhs (depth):
-0.04977 (9), -0.04973 (9), -0.04893 (9), -0.04880 (9), -0.04738 (12), -0.04737 (9), -0.04733 (9), -0.04732 (12), -0.04674 (9), -0.04671 (9), -0.04631 (12), -0.04627 (12), -0.04388 (13), -0.04385 (13), -0.04246 (13), -0.04243 (13), -0.04165 (12), -0.04154 (12), -0.04034 (12), -0.04020 (12), 
Length of domains: 683
Time: pickout 0.0114    decision 0.1507    set_bounds 0.0049    solve 0.6611    add 0.2073    
Accumulated time: pickout 2.3004    decision 30.5137    set_bounds 1.4170    solve 134.3685    add 42.7254    
Current (lb-rhs): tensor([-4.31021404, -2.25409842, -0.04976940, -2.12406445, -1.30388165])
26371 domains visited
Cumulative time: 220.20700597763062

BaB round 206
batch: 128
splitting decisions: 
split level 0: [/input-48, 4661] [/input-40, 3167] [/input-40, 4985] [/input-40, 4985] [/input-40, 4985] [/input-40, 5129] [/input-40, 4985] [/input-40, 4985] [/input-40, 3167] [/input-40, 2802] 
pruning_in_iteration open status: True
ratio of positive domain = 124 / 256 = 0.484375
pruning-in-iteration extra time: 0.0025184154510498047
Time: prepare 0.0061    bound 0.3005    transfer 0.2457    finalize 0.1081    func 0.6604    
Accumulated time: func 134.9038    prepare 1.2442    bound 62.2005    transfer 49.0404    finalize 22.4412    
Current worst splitting domains lb-rhs (depth):
-0.04977 (9), -0.04973 (9), -0.04893 (9), -0.04880 (9), -0.04738 (12), -0.04737 (9), -0.04733 (9), -0.04732 (12), -0.04674 (9), -0.04671 (9), -0.04631 (12), -0.04627 (12), -0.04388 (13), -0.04385 (13), -0.04246 (13), -0.04243 (13), -0.04165 (12), -0.04154 (12), -0.04034 (12), -0.04020 (12), 
Length of domains: 687
Time: pickout 0.0113    decision 0.1515    set_bounds 0.0047    solve 0.6616    add 0.2081    
Accumulated time: pickout 2.3117    decision 30.6653    set_bounds 1.4217    solve 135.0301    add 42.9335    
Current (lb-rhs): tensor([-4.31021404, -2.25409842, -0.04976940, -2.12406445, -1.30388165])
26503 domains visited
Cumulative time: 221.28242230415344

BaB round 207
batch: 128
splitting decisions: 
split level 0: [/input-40, 4988] [/input-40, 4988] [/input-48, 5141] [/input-40, 4988] [/input-40, 4985] [/input-40, 3167] [/input-40, 4988] [/input-40, 4985] [/input-40, 3167] [/input-48, 6170] 
pruning_in_iteration open status: True
ratio of positive domain = 136 / 256 = 0.53125
pruning-in-iteration extra time: 0.0024068355560302734
Time: prepare 0.0065    bound 0.2797    transfer 0.2478    finalize 0.1102    func 0.6443    
Accumulated time: func 135.5481    prepare 1.2509    bound 62.4803    transfer 49.2881    finalize 22.5514    
Current worst splitting domains lb-rhs (depth):
-0.04977 (9), -0.04973 (9), -0.04893 (9), -0.04880 (9), -0.04738 (12), -0.04737 (9), -0.04733 (9), -0.04732 (12), -0.04674 (9), -0.04671 (9), -0.04631 (12), -0.04627 (12), -0.04388 (13), -0.04385 (13), -0.04246 (13), -0.04243 (13), -0.04165 (12), -0.04154 (12), -0.04034 (12), -0.04020 (12), 
Length of domains: 679
Time: pickout 0.0113    decision 0.1504    set_bounds 0.0051    solve 0.6445    add 0.1911    
Accumulated time: pickout 2.3229    decision 30.8157    set_bounds 1.4268    solve 135.6746    add 43.1246    
Current (lb-rhs): tensor([-4.31021404, -2.25409842, -0.04976940, -2.12406445, -1.30388165])
26623 domains visited
Cumulative time: 222.32276034355164

BaB round 208
batch: 128
splitting decisions: 
split level 0: [/input-48, 918] [/input-48, 918] [/input-40, 4636] [/input-48, 8184] [/input-40, 4988] [/input-40, 4988] [/input-40, 4988] [/input-40, 4985] [/input-48, 4661] [/89, 10307] 
pruning_in_iteration open status: True
ratio of positive domain = 125 / 256 = 0.48828125
pruning-in-iteration extra time: 0.002408266067504883
Time: prepare 0.0060    bound 0.2990    transfer 0.2470    finalize 0.1959    func 0.7480    
Accumulated time: func 136.2961    prepare 1.2571    bound 62.7793    transfer 49.5351    finalize 22.7474    
Current worst splitting domains lb-rhs (depth):
-0.04977 (9), -0.04973 (9), -0.04893 (9), -0.04880 (9), -0.04738 (12), -0.04737 (9), -0.04733 (9), -0.04732 (12), -0.04674 (9), -0.04671 (9), -0.04631 (12), -0.04627 (12), -0.04388 (13), -0.04385 (13), -0.04246 (13), -0.04243 (13), -0.04165 (12), -0.04154 (12), -0.04034 (12), -0.04020 (12), 
Length of domains: 682
Time: pickout 0.0113    decision 0.1508    set_bounds 0.0046    solve 0.7482    add 0.2077    
Accumulated time: pickout 2.3342    decision 30.9665    set_bounds 1.4315    solve 136.4228    add 43.3323    
Current (lb-rhs): tensor([-4.31021404, -2.25409842, -0.04976940, -2.12406445, -1.30388165])
26754 domains visited
Cumulative time: 223.49071168899536

BaB round 209
batch: 128
splitting decisions: 
split level 0: [/input-48, 6170] [/input-48, 6170] [/input-48, 4661] [/input-48, 4661] [/input-40, 4141] [/input-48, 6170] [/input-48, 6170] [/89, 10307] [/input-40, 4141] [/input-40, 4985] 
pruning_in_iteration open status: True
ratio of positive domain = 123 / 256 = 0.48046875
pruning-in-iteration extra time: 0.002438068389892578
Time: prepare 0.0061    bound 0.3066    transfer 0.2606    finalize 0.1062    func 0.6796    
Accumulated time: func 136.9757    prepare 1.2634    bound 63.0859    transfer 49.7957    finalize 22.8536    
Current worst splitting domains lb-rhs (depth):
-0.04977 (9), -0.04973 (9), -0.04893 (9), -0.04880 (9), -0.04738 (12), -0.04737 (9), -0.04733 (9), -0.04732 (12), -0.04674 (9), -0.04671 (9), -0.04631 (12), -0.04627 (12), -0.04388 (13), -0.04385 (13), -0.04246 (13), -0.04243 (13), -0.04165 (12), -0.04154 (12), -0.04034 (12), -0.04020 (12), 
Length of domains: 687
Time: pickout 0.0116    decision 0.1514    set_bounds 0.0048    solve 0.6797    add 0.2075    
Accumulated time: pickout 2.3458    decision 31.1179    set_bounds 1.4362    solve 137.1025    add 43.5399    
Current (lb-rhs): tensor([-4.31021404, -2.25409842, -0.04976940, -2.12406445, -1.30388165])
26887 domains visited
Cumulative time: 224.5823163986206

BaB round 210
batch: 128
splitting decisions: 
split level 0: [/input-48, 4661] [/input-40, 4141] [/input-48, 4661] [/input-48, 6170] [/input-48, 6170] [/input-48, 5141] [/input-48, 4661] [/input-48, 4661] [/input-40, 4987] [/input-40, 580] 
pruning_in_iteration open status: True
ratio of positive domain = 129 / 256 = 0.50390625
pruning-in-iteration extra time: 0.0023844242095947266
Time: prepare 0.0060    bound 0.2976    transfer 0.2518    finalize 0.1053    func 0.6607    
Accumulated time: func 137.6365    prepare 1.2696    bound 63.3835    transfer 50.0475    finalize 22.9589    
Current worst splitting domains lb-rhs (depth):
-0.04977 (9), -0.04973 (9), -0.04893 (9), -0.04880 (9), -0.04738 (12), -0.04737 (9), -0.04733 (9), -0.04732 (12), -0.04674 (9), -0.04671 (9), -0.04631 (12), -0.04627 (12), -0.04388 (13), -0.04385 (13), -0.04246 (13), -0.04243 (13), -0.04165 (12), -0.04154 (12), -0.04034 (12), -0.04020 (12), 
Length of domains: 686
Time: pickout 0.0116    decision 0.1507    set_bounds 0.0051    solve 0.6609    add 0.2071    
Accumulated time: pickout 2.3574    decision 31.2686    set_bounds 1.4414    solve 137.7634    add 43.7469    
Current (lb-rhs): tensor([-4.31021404, -2.25409842, -0.04976940, -2.12406445, -1.30388165])
27014 domains visited
Cumulative time: 225.66632413864136

BaB round 211
batch: 128
splitting decisions: 
split level 0: [/input-40, 4622] [/input-40, 4985] [/input-40, 3167] [/input-40, 4622] [/input-48, 8184] [/input-48, 5141] [/89, 10307] [/input-40, 4985] [/input-40, 4985] [/input-40, 3816] 
pruning_in_iteration open status: True
ratio of positive domain = 112 / 256 = 0.4375
pruning-in-iteration extra time: 0.002473115921020508
Time: prepare 0.0063    bound 0.3235    transfer 0.2580    finalize 0.1058    func 0.6936    
Accumulated time: func 138.3300    prepare 1.2760    bound 63.7069    transfer 50.3055    finalize 23.0647    
Current worst splitting domains lb-rhs (depth):
-0.04977 (9), -0.04973 (9), -0.04893 (9), -0.04880 (9), -0.04738 (12), -0.04737 (9), -0.04733 (9), -0.04732 (12), -0.04674 (9), -0.04671 (9), -0.04631 (12), -0.04627 (12), -0.04388 (13), -0.04385 (13), -0.04246 (13), -0.04243 (13), -0.04165 (12), -0.04154 (12), -0.04034 (12), -0.04020 (12), 
Length of domains: 702
Time: pickout 0.0115    decision 0.1510    set_bounds 0.0056    solve 0.6937    add 0.2293    
Accumulated time: pickout 2.3689    decision 31.4195    set_bounds 1.4469    solve 138.4571    add 43.9762    
Current (lb-rhs): tensor([-4.31021404, -2.25409842, -0.04976940, -2.12406445, -1.30388165])
27158 domains visited
Cumulative time: 226.79387974739075

BaB round 212
batch: 128
splitting decisions: 
split level 0: [/input-40, 3944] [/input-48, 6170] [/input-48, 6170] [/input-40, 3426] [/input-48, 5141] [/input-48, 6170] [/input-40, 4141] [/input-40, 1919] [/input-40, 4985] [/input-40, 3426] 
pruning_in_iteration open status: True
ratio of positive domain = 120 / 256 = 0.46875
pruning-in-iteration extra time: 0.002544403076171875
Time: prepare 0.0059    bound 0.3081    transfer 0.2579    finalize 0.1173    func 0.6892    
Accumulated time: func 139.0192    prepare 1.2821    bound 64.0150    transfer 50.5634    finalize 23.1820    
Current worst splitting domains lb-rhs (depth):
-0.04977 (9), -0.04973 (9), -0.04893 (9), -0.04880 (9), -0.04738 (12), -0.04737 (9), -0.04733 (9), -0.04732 (12), -0.04674 (9), -0.04671 (9), -0.04631 (12), -0.04627 (12), -0.04388 (13), -0.04385 (13), -0.04246 (13), -0.04243 (13), -0.04165 (12), -0.04154 (12), -0.04034 (12), -0.04020 (12), 
Length of domains: 710
Time: pickout 0.0114    decision 0.1504    set_bounds 0.0049    solve 0.6893    add 0.2249    
Accumulated time: pickout 2.3804    decision 31.5700    set_bounds 1.4518    solve 139.1465    add 44.2011    
Current (lb-rhs): tensor([-4.31021404, -2.25409842, -0.04976940, -2.12406445, -1.30388165])
27294 domains visited
Cumulative time: 227.91118907928467

BaB round 213
batch: 128
splitting decisions: 
split level 0: [/input-48, 6170] [/input-40, 580] [/input-40, 4988] [/input-40, 580] [/input-40, 580] [/input-40, 580] [/input-40, 580] [/input-40, 4985] [/input-48, 5141] [/input-40, 3167] 
pruning_in_iteration open status: True
ratio of positive domain = 131 / 256 = 0.51171875
pruning-in-iteration extra time: 0.0024695396423339844
Time: prepare 0.0059    bound 0.2943    transfer 0.2461    finalize 0.1025    func 0.6489    
Accumulated time: func 139.6681    prepare 1.2882    bound 64.3094    transfer 50.8095    finalize 23.2844    
Current worst splitting domains lb-rhs (depth):
-0.04977 (9), -0.04973 (9), -0.04893 (9), -0.04880 (9), -0.04738 (12), -0.04737 (9), -0.04733 (9), -0.04732 (12), -0.04674 (9), -0.04671 (9), -0.04631 (12), -0.04627 (12), -0.04388 (13), -0.04385 (13), -0.04246 (13), -0.04243 (13), -0.04165 (12), -0.04154 (12), -0.04034 (12), -0.04020 (12), 
Length of domains: 707
Time: pickout 0.0112    decision 0.1507    set_bounds 0.0050    solve 0.6490    add 0.1967    
Accumulated time: pickout 2.3915    decision 31.7207    set_bounds 1.4568    solve 139.7955    add 44.3978    
Current (lb-rhs): tensor([-4.31021404, -2.25409842, -0.04976940, -2.12406445, -1.30388165])
27419 domains visited
Cumulative time: 228.95980548858643

BaB round 214
batch: 128
splitting decisions: 
split level 0: [/input-48, 6170] [/input-40, 3167] [/input-40, 580] [/input-48, 4661] [/input-40, 3816] [/input-40, 2802] [/89, 10307] [/input-40, 4622] [/89, 10307] [/input-40, 3167] 
pruning_in_iteration open status: True
ratio of positive domain = 131 / 256 = 0.51171875
pruning-in-iteration extra time: 0.002422332763671875
Time: prepare 0.0060    bound 0.2942    transfer 0.2426    finalize 0.1062    func 0.6490    
Accumulated time: func 140.3171    prepare 1.2943    bound 64.6035    transfer 51.0521    finalize 23.3906    
Current worst splitting domains lb-rhs (depth):
-0.04977 (9), -0.04973 (9), -0.04893 (9), -0.04880 (9), -0.04738 (12), -0.04737 (9), -0.04733 (9), -0.04732 (12), -0.04674 (9), -0.04671 (9), -0.04631 (12), -0.04627 (12), -0.04388 (13), -0.04385 (13), -0.04246 (13), -0.04243 (13), -0.04165 (12), -0.04154 (12), -0.04034 (12), -0.04020 (12), 
Length of domains: 704
Time: pickout 0.0113    decision 0.1516    set_bounds 0.0051    solve 0.6492    add 0.1926    
Accumulated time: pickout 2.4029    decision 31.8723    set_bounds 1.4619    solve 140.4447    add 44.5904    
Current (lb-rhs): tensor([-4.31021404, -2.25409842, -0.04976940, -2.12406445, -1.30388165])
27544 domains visited
Cumulative time: 230.00590062141418

BaB round 215
batch: 128
splitting decisions: 
split level 0: [/input-40, 4622] [/input-40, 4988] [/input-40, 1919] [/89, 10307] [/input-40, 4985] [/input-40, 4141] [/input-40, 2802] [/input-40, 4141] [/input-40, 4622] [/input-40, 2802] 
pruning_in_iteration open status: True
ratio of positive domain = 141 / 256 = 0.55078125
pruning-in-iteration extra time: 0.002404451370239258
Time: prepare 0.0062    bound 0.2796    transfer 0.2453    finalize 0.1037    func 0.6349    
Accumulated time: func 140.9520    prepare 1.3007    bound 64.8831    transfer 51.2974    finalize 23.4943    
Current worst splitting domains lb-rhs (depth):
-0.04977 (9), -0.04973 (9), -0.04893 (9), -0.04880 (9), -0.04738 (12), -0.04737 (9), -0.04733 (9), -0.04732 (12), -0.04674 (9), -0.04671 (9), -0.04631 (12), -0.04627 (12), -0.04388 (13), -0.04385 (13), -0.04246 (13), -0.04243 (13), -0.04165 (12), -0.04154 (12), -0.04034 (12), -0.04020 (12), 
Length of domains: 691
Time: pickout 0.0114    decision 0.1511    set_bounds 0.0054    solve 0.6350    add 0.1803    
Accumulated time: pickout 2.4142    decision 32.0234    set_bounds 1.4673    solve 141.0797    add 44.7707    
Current (lb-rhs): tensor([-4.31021404, -2.25409842, -0.04976940, -2.12406445, -1.30388165])
27659 domains visited
Cumulative time: 231.02503156661987

BaB round 216
batch: 128
splitting decisions: 
split level 0: [/input-40, 3167] [/89, 10307] [/89, 10307] [/input-40, 5129] [/input-40, 4988] [/89, 10307] [/input-48, 6170] [/input-40, 3167] [/input-40, 580] [/input-40, 580] 
pruning_in_iteration open status: True
ratio of positive domain = 136 / 256 = 0.53125
pruning-in-iteration extra time: 0.0023889541625976562
Time: prepare 0.0061    bound 0.2878    transfer 0.2505    finalize 0.1057    func 0.6502    
Accumulated time: func 141.6022    prepare 1.3070    bound 65.1709    transfer 51.5479    finalize 23.6000    
Current worst splitting domains lb-rhs (depth):
-0.04977 (9), -0.04973 (9), -0.04893 (9), -0.04880 (9), -0.04738 (12), -0.04737 (9), -0.04733 (9), -0.04732 (12), -0.04674 (9), -0.04671 (9), -0.04631 (12), -0.04627 (12), -0.04388 (13), -0.04385 (13), -0.04246 (13), -0.04243 (13), -0.04165 (12), -0.04154 (12), -0.04034 (12), -0.04020 (12), 
Length of domains: 683
Time: pickout 0.0117    decision 0.1509    set_bounds 0.0053    solve 0.6503    add 0.1903    
Accumulated time: pickout 2.4259    decision 32.1743    set_bounds 1.4727    solve 141.7300    add 44.9611    
Current (lb-rhs): tensor([-4.31021404, -2.25409842, -0.04976940, -2.12406445, -1.30388165])
27779 domains visited
Cumulative time: 232.06843256950378

BaB round 217
batch: 128
splitting decisions: 
split level 0: [/input-40, 4988] [/input-40, 4622] [/input-48, 6170] [/input-40, 4985] [/input-40, 4988] [/input-48, 4661] [/input-48, 4661] [/input-40, 4141] [/input-40, 4988] [/input-40, 3167] 
pruning_in_iteration open status: True
ratio of positive domain = 140 / 256 = 0.546875
pruning-in-iteration extra time: 0.002410888671875
Time: prepare 0.0059    bound 0.2841    transfer 0.2450    finalize 0.0943    func 0.6292    
Accumulated time: func 142.2314    prepare 1.3131    bound 65.4550    transfer 51.7929    finalize 23.6942    
Current worst splitting domains lb-rhs (depth):
-0.04977 (9), -0.04973 (9), -0.04893 (9), -0.04880 (9), -0.04738 (12), -0.04737 (9), -0.04733 (9), -0.04732 (12), -0.04674 (9), -0.04671 (9), -0.04631 (12), -0.04627 (12), -0.04388 (13), -0.04385 (13), -0.04246 (13), -0.04243 (13), -0.04165 (12), -0.04154 (12), -0.04034 (12), -0.04020 (12), 
Length of domains: 671
Time: pickout 0.0112    decision 0.1513    set_bounds 0.0051    solve 0.6294    add 0.1786    
Accumulated time: pickout 2.4371    decision 32.3256    set_bounds 1.4777    solve 142.3594    add 45.1397    
Current (lb-rhs): tensor([-4.31021404, -2.25409842, -0.04976940, -2.12406445, -1.30388165])
27895 domains visited
Cumulative time: 233.07979035377502

BaB round 218
batch: 128
splitting decisions: 
split level 0: [/input-40, 3944] [/input-40, 3944] [/input-40, 3944] [/input-40, 3944] [/input-48, 918] [/input-40, 3167] [/input-48, 4661] [/input-48, 918] [/input-48, 4661] [/input-48, 4661] 
pruning_in_iteration open status: True
ratio of positive domain = 138 / 256 = 0.5390625
pruning-in-iteration extra time: 0.0024573802947998047
Time: prepare 0.0060    bound 0.2843    transfer 0.2491    finalize 0.1047    func 0.6442    
Accumulated time: func 142.8756    prepare 1.3193    bound 65.7392    transfer 52.0420    finalize 23.7990    
Current worst splitting domains lb-rhs (depth):
-0.04977 (9), -0.04973 (9), -0.04893 (9), -0.04880 (9), -0.04738 (12), -0.04737 (9), -0.04733 (9), -0.04732 (12), -0.04674 (9), -0.04671 (9), -0.04631 (12), -0.04627 (12), -0.04388 (13), -0.04385 (13), -0.04246 (13), -0.04243 (13), -0.04165 (12), -0.04154 (12), -0.04034 (12), -0.04020 (12), 
Length of domains: 661
Time: pickout 0.0114    decision 0.1525    set_bounds 0.0048    solve 0.6452    add 0.1873    
Accumulated time: pickout 2.4485    decision 32.4782    set_bounds 1.4825    solve 143.0046    add 45.3270    
Current (lb-rhs): tensor([-4.31021404, -2.25409842, -0.04976940, -2.12406445, -1.30388165])
28013 domains visited
Cumulative time: 234.11792063713074

BaB round 219
batch: 128
splitting decisions: 
split level 0: [/input-40, 4985] [/input-48, 5141] [/input-48, 5141] [/input-40, 3944] [/input-48, 5141] [/input-40, 4985] [/input-40, 3944] [/input-40, 3944] [/input-40, 3944] [/input-40, 4985] 
pruning_in_iteration open status: True
ratio of positive domain = 130 / 256 = 0.5078125
pruning-in-iteration extra time: 0.0024378299713134766
Time: prepare 0.0060    bound 0.2962    transfer 0.2461    finalize 0.1032    func 0.6515    
Accumulated time: func 143.5270    prepare 1.3255    bound 66.0354    transfer 52.2880    finalize 23.9021    
Current worst splitting domains lb-rhs (depth):
-0.04977 (9), -0.04973 (9), -0.04893 (9), -0.04880 (9), -0.04738 (12), -0.04737 (9), -0.04733 (9), -0.04732 (12), -0.04674 (9), -0.04671 (9), -0.04631 (12), -0.04627 (12), -0.04388 (13), -0.04385 (13), -0.04246 (13), -0.04243 (13), -0.04165 (12), -0.04154 (12), -0.04034 (12), -0.04020 (12), 
Length of domains: 659
Time: pickout 0.0113    decision 0.1512    set_bounds 0.0048    solve 0.6516    add 0.2007    
Accumulated time: pickout 2.4598    decision 32.6294    set_bounds 1.4873    solve 143.6562    add 45.5277    
Current (lb-rhs): tensor([-4.31021404, -2.25409842, -0.04976940, -2.12406445, -1.30388165])
28139 domains visited
Cumulative time: 235.1743302345276

BaB round 220
batch: 128
splitting decisions: 
split level 0: [/input-40, 4985] [/89, 10307] [/input-48, 4661] [/input-40, 3944] [/input-48, 918] [/input-48, 4661] [/input-48, 918] [/input-48, 918] [/input-48, 918] [/89, 10307] 
pruning_in_iteration open status: True
ratio of positive domain = 126 / 256 = 0.4921875
pruning-in-iteration extra time: 0.0024590492248535156
Time: prepare 0.0059    bound 0.2997    transfer 0.2713    finalize 0.1036    func 0.6805    
Accumulated time: func 144.2076    prepare 1.3316    bound 66.3351    transfer 52.5593    finalize 24.0057    
Current worst splitting domains lb-rhs (depth):
-0.04977 (9), -0.04973 (9), -0.04893 (9), -0.04880 (9), -0.04738 (12), -0.04737 (9), -0.04733 (9), -0.04732 (12), -0.04674 (9), -0.04671 (9), -0.04631 (12), -0.04627 (12), -0.04388 (13), -0.04385 (13), -0.04246 (13), -0.04243 (13), -0.04165 (12), -0.04154 (12), -0.04034 (12), -0.04020 (12), 
Length of domains: 661
Time: pickout 0.0117    decision 0.1507    set_bounds 0.0046    solve 0.6807    add 0.2129    
Accumulated time: pickout 2.4715    decision 32.7801    set_bounds 1.4919    solve 144.3369    add 45.7406    
Current (lb-rhs): tensor([-4.31021404, -2.25409842, -0.04976940, -2.12406445, -1.30388165])
28269 domains visited
Cumulative time: 236.2735366821289

BaB round 221
batch: 128
splitting decisions: 
split level 0: [/input-48, 918] [/89, 10307] [/input-40, 4988] [/89, 10307] [/89, 10307] [/89, 10307] [/input-40, 5129] [/input-40, 5129] [/input-40, 5129] [/input-48, 4661] 
pruning_in_iteration open status: True
ratio of positive domain = 119 / 256 = 0.46484375
pruning-in-iteration extra time: 0.0024802684783935547
Time: prepare 0.0058    bound 0.3125    transfer 0.2435    finalize 0.1908    func 0.7526    
Accumulated time: func 144.9602    prepare 1.3376    bound 66.6475    transfer 52.8028    finalize 24.1966    
Current worst splitting domains lb-rhs (depth):
-0.04977 (9), -0.04973 (9), -0.04893 (9), -0.04880 (9), -0.04738 (12), -0.04737 (9), -0.04733 (9), -0.04732 (12), -0.04674 (9), -0.04671 (9), -0.04631 (12), -0.04627 (12), -0.04388 (13), -0.04385 (13), -0.04246 (13), -0.04243 (13), -0.04165 (12), -0.04154 (12), -0.04034 (12), -0.04020 (12), 
Length of domains: 670
Time: pickout 0.0114    decision 0.1511    set_bounds 0.0050    solve 0.7528    add 0.2186    
Accumulated time: pickout 2.4829    decision 32.9312    set_bounds 1.4969    solve 145.0897    add 45.9592    
Current (lb-rhs): tensor([-4.31021404, -2.25409842, -0.04976940, -2.12406445, -1.30388165])
28406 domains visited
Cumulative time: 237.44880414009094

BaB round 222
batch: 128
splitting decisions: 
split level 0: [/input-40, 4141] [/input-40, 3167] [/input-40, 3167] [/input-40, 3167] [/input-40, 4988] [/input-40, 5129] [/input-40, 3816] [/input-48, 4661] [/input-48, 4661] [/input-48, 4661] 
pruning_in_iteration open status: True
ratio of positive domain = 133 / 256 = 0.51953125
pruning-in-iteration extra time: 0.0029616355895996094
Time: prepare 0.0058    bound 0.2979    transfer 0.2564    finalize 0.1124    func 0.6725    
Accumulated time: func 145.6327    prepare 1.3435    bound 66.9455    transfer 53.0592    finalize 24.3090    
Current worst splitting domains lb-rhs (depth):
-0.04977 (9), -0.04973 (9), -0.04893 (9), -0.04880 (9), -0.04738 (12), -0.04737 (9), -0.04733 (9), -0.04732 (12), -0.04674 (9), -0.04671 (9), -0.04631 (12), -0.04627 (12), -0.04388 (13), -0.04385 (13), -0.04246 (13), -0.04243 (13), -0.04165 (12), -0.04154 (12), -0.04034 (12), -0.04020 (12), 
Length of domains: 665
Time: pickout 0.0114    decision 0.1505    set_bounds 0.0051    solve 0.6727    add 0.2006    
Accumulated time: pickout 2.4943    decision 33.0816    set_bounds 1.5020    solve 145.7624    add 46.1598    
Current (lb-rhs): tensor([-4.31021404, -2.25409842, -0.04976940, -2.12406445, -1.30388165])
28529 domains visited
Cumulative time: 238.53180694580078

BaB round 223
batch: 128
splitting decisions: 
split level 0: [/input-40, 5129] [/input-48, 4661] [/input-48, 4661] [/input-48, 4661] [/input-40, 5129] [/input-40, 4622] [/input-40, 4988] [/input-40, 3167] [/input-40, 3167] [/input-40, 3167] 
pruning_in_iteration open status: True
ratio of positive domain = 130 / 256 = 0.5078125
pruning-in-iteration extra time: 0.002401590347290039
Time: prepare 0.0061    bound 0.3018    transfer 0.2594    finalize 0.1072    func 0.6745    
Accumulated time: func 146.3072    prepare 1.3497    bound 67.2473    transfer 53.3185    finalize 24.4162    
Current worst splitting domains lb-rhs (depth):
-0.04977 (9), -0.04973 (9), -0.04893 (9), -0.04880 (9), -0.04738 (12), -0.04737 (9), -0.04733 (9), -0.04732 (12), -0.04674 (9), -0.04671 (9), -0.04631 (12), -0.04627 (12), -0.04388 (13), -0.04385 (13), -0.04246 (13), -0.04243 (13), -0.04165 (12), -0.04154 (12), -0.04034 (12), -0.04020 (12), 
Length of domains: 663
Time: pickout 0.0114    decision 0.1513    set_bounds 0.0052    solve 0.6746    add 0.1952    
Accumulated time: pickout 2.5057    decision 33.2329    set_bounds 1.5072    solve 146.4370    add 46.3550    
Current (lb-rhs): tensor([-4.31021404, -2.25409842, -0.04976940, -2.12406445, -1.30388165])
28655 domains visited
Cumulative time: 239.60563039779663

BaB round 224
batch: 128
splitting decisions: 
split level 0: [/input-40, 5129] [/input-40, 5129] [/input-48, 4661] [/input-40, 3167] [/input-40, 3167] [/input-40, 3167] [/input-40, 3167] [/input-40, 4985] [/input-40, 4988] [/89, 10307] 
pruning_in_iteration open status: True
ratio of positive domain = 133 / 256 = 0.51953125
pruning-in-iteration extra time: 0.0023736953735351562
Time: prepare 0.0057    bound 0.2957    transfer 0.2497    finalize 0.1048    func 0.6560    
Accumulated time: func 146.9632    prepare 1.3556    bound 67.5429    transfer 53.5682    finalize 24.5210    
Current worst splitting domains lb-rhs (depth):
-0.04977 (9), -0.04973 (9), -0.04893 (9), -0.04880 (9), -0.04738 (12), -0.04737 (9), -0.04733 (9), -0.04732 (12), -0.04674 (9), -0.04671 (9), -0.04631 (12), -0.04627 (12), -0.04388 (13), -0.04385 (13), -0.04246 (13), -0.04243 (13), -0.04165 (12), -0.04154 (12), -0.04034 (12), -0.04020 (12), 
Length of domains: 658
Time: pickout 0.0116    decision 0.1509    set_bounds 0.0050    solve 0.6561    add 0.1952    
Accumulated time: pickout 2.5172    decision 33.3838    set_bounds 1.5122    solve 147.0932    add 46.5502    
Current (lb-rhs): tensor([-4.31021404, -2.25409842, -0.04976940, -2.12406445, -1.30388165])
28778 domains visited
Cumulative time: 240.66122007369995

BaB round 225
batch: 128
splitting decisions: 
split level 0: [/input-40, 4622] [/input-40, 4141] [/input-40, 3167] [/89, 10307] [/input-48, 4661] [/input-48, 4661] [/input-48, 4661] [/input-40, 3167] [/input-40, 4988] [/input-40, 4141] 
pruning_in_iteration open status: True
ratio of positive domain = 134 / 256 = 0.5234375
pruning-in-iteration extra time: 0.002374887466430664
Time: prepare 0.0058    bound 0.2871    transfer 0.2561    finalize 0.1071    func 0.6562    
Accumulated time: func 147.6194    prepare 1.3616    bound 67.8300    transfer 53.8244    finalize 24.6281    
Current worst splitting domains lb-rhs (depth):
-0.04977 (9), -0.04973 (9), -0.04893 (9), -0.04880 (9), -0.04738 (12), -0.04737 (9), -0.04733 (9), -0.04732 (12), -0.04674 (9), -0.04671 (9), -0.04631 (12), -0.04627 (12), -0.04388 (13), -0.04385 (13), -0.04246 (13), -0.04243 (13), -0.04165 (12), -0.04154 (12), -0.04034 (12), -0.04020 (12), 
Length of domains: 652
Time: pickout 0.0115    decision 0.1504    set_bounds 0.0050    solve 0.6573    add 0.2026    
Accumulated time: pickout 2.5288    decision 33.5343    set_bounds 1.5172    solve 147.7505    add 46.7528    
Current (lb-rhs): tensor([-4.31021404, -2.25409842, -0.04976940, -2.12406445, -1.30388165])
28900 domains visited
Cumulative time: 241.72429990768433

BaB round 226
batch: 128
splitting decisions: 
split level 0: [/input-48, 8184] [/input-48, 5141] [/input-48, 5141] [/input-48, 5141] [/input-40, 1956] [/input-48, 8184] [/input-40, 4985] [/input-40, 4622] [/input-40, 5129] [/input-40, 5129] 
pruning_in_iteration open status: True
ratio of positive domain = 149 / 256 = 0.58203125
pruning-in-iteration extra time: 0.002360105514526367
Time: prepare 0.0060    bound 0.2773    transfer 0.2473    finalize 0.1093    func 0.6400    
Accumulated time: func 148.2594    prepare 1.3678    bound 68.1073    transfer 54.0717    finalize 24.7374    
Current worst splitting domains lb-rhs (depth):
-0.04977 (9), -0.04973 (9), -0.04893 (9), -0.04880 (9), -0.04738 (12), -0.04737 (9), -0.04733 (9), -0.04732 (12), -0.04674 (9), -0.04671 (9), -0.04631 (12), -0.04627 (12), -0.04388 (13), -0.04385 (13), -0.04246 (13), -0.04243 (13), -0.04165 (12), -0.04154 (12), -0.04034 (12), -0.04020 (12), 
Length of domains: 631
Time: pickout 0.0114    decision 0.1509    set_bounds 0.0049    solve 0.6402    add 0.1684    
Accumulated time: pickout 2.5401    decision 33.6852    set_bounds 1.5221    solve 148.3906    add 46.9212    
Current (lb-rhs): tensor([-4.31021404, -2.25409842, -0.04976940, -2.12406445, -1.30388165])
29007 domains visited
Cumulative time: 242.73541569709778

BaB round 227
batch: 128
splitting decisions: 
split level 0: [/input-40, 4167] [/input-48, 4661] [/input-48, 918] [/input-40, 4987] [/input-48, 918] [/input-48, 918] [/input-40, 4167] [/input-48, 4661] [/input-48, 918] [/input-48, 918] 
pruning_in_iteration open status: True
ratio of positive domain = 133 / 256 = 0.51953125
pruning-in-iteration extra time: 0.0024423599243164062
Time: prepare 0.0061    bound 0.3019    transfer 0.2479    finalize 0.1063    func 0.6623    
Accumulated time: func 148.9217    prepare 1.3741    bound 68.4091    transfer 54.3196    finalize 24.8438    
Current worst splitting domains lb-rhs (depth):
-0.04977 (9), -0.04973 (9), -0.04893 (9), -0.04880 (9), -0.04738 (12), -0.04737 (9), -0.04733 (9), -0.04732 (12), -0.04674 (9), -0.04671 (9), -0.04631 (12), -0.04627 (12), -0.04388 (13), -0.04385 (13), -0.04246 (13), -0.04243 (13), -0.04165 (12), -0.04154 (12), -0.04034 (12), -0.04020 (12), 
Length of domains: 626
Time: pickout 0.0114    decision 0.1504    set_bounds 0.0047    solve 0.6625    add 0.2051    
Accumulated time: pickout 2.5516    decision 33.8356    set_bounds 1.5268    solve 149.0531    add 47.1263    
Current (lb-rhs): tensor([-4.31021404, -2.25409842, -0.04976940, -2.12406445, -1.30388165])
29130 domains visited
Cumulative time: 243.8051836490631

BaB round 228
batch: 128
splitting decisions: 
split level 0: [/input-40, 1256] [/input-40, 5129] [/input-40, 4167] [/input-48, 918] [/input-48, 918] [/input-48, 918] [/input-48, 4661] [/input-40, 4636] [/input-40, 4636] [/input-40, 4636] 
pruning_in_iteration open status: True
ratio of positive domain = 133 / 256 = 0.51953125
pruning-in-iteration extra time: 0.002444744110107422
Time: prepare 0.0061    bound 0.2900    transfer 0.2320    finalize 0.1185    func 0.6466    
Accumulated time: func 149.5683    prepare 1.3803    bound 68.6992    transfer 54.5516    finalize 24.9623    
Current worst splitting domains lb-rhs (depth):
-0.04977 (9), -0.04973 (9), -0.04893 (9), -0.04880 (9), -0.04738 (12), -0.04737 (9), -0.04733 (9), -0.04732 (12), -0.04674 (9), -0.04671 (9), -0.04631 (12), -0.04627 (12), -0.04388 (13), -0.04385 (13), -0.04246 (13), -0.04243 (13), -0.04165 (12), -0.04154 (12), -0.04034 (12), -0.04020 (12), 
Length of domains: 621
Time: pickout 0.0112    decision 0.1503    set_bounds 0.0045    solve 0.6468    add 0.1988    
Accumulated time: pickout 2.5628    decision 33.9859    set_bounds 1.5313    solve 149.6999    add 47.3252    
Current (lb-rhs): tensor([-4.31021404, -2.25409842, -0.04976940, -2.12406445, -1.30388165])
29253 domains visited
Cumulative time: 244.85225677490234

BaB round 229
batch: 128
splitting decisions: 
split level 0: [/input-40, 1256] [/input-40, 1256] [/input-48, 8549] [/input-40, 3167] [/input-40, 1256] [/input-40, 5129] [/input-48, 4661] [/input-48, 4661] [/input-48, 4661] [/input-48, 8184] 
pruning_in_iteration open status: True
ratio of positive domain = 125 / 256 = 0.48828125
pruning-in-iteration extra time: 0.0024814605712890625
Time: prepare 0.0060    bound 0.3057    transfer 0.2299    finalize 0.1215    func 0.6632    
Accumulated time: func 150.2315    prepare 1.3865    bound 69.0048    transfer 54.7815    finalize 25.0838    
Current worst splitting domains lb-rhs (depth):
-0.04977 (9), -0.04973 (9), -0.04893 (9), -0.04880 (9), -0.04738 (12), -0.04737 (9), -0.04733 (9), -0.04732 (12), -0.04674 (9), -0.04671 (9), -0.04631 (12), -0.04627 (12), -0.04388 (13), -0.04385 (13), -0.04246 (13), -0.04243 (13), -0.04165 (12), -0.04154 (12), -0.04034 (12), -0.04020 (12), 
Length of domains: 624
Time: pickout 0.0115    decision 0.1506    set_bounds 0.0049    solve 0.6634    add 0.2109    
Accumulated time: pickout 2.5743    decision 34.1365    set_bounds 1.5362    solve 150.3632    add 47.5361    
Current (lb-rhs): tensor([-4.31021404, -2.25409842, -0.04976940, -2.12406445, -1.30388165])
29384 domains visited
Cumulative time: 245.92957639694214

BaB round 230
batch: 128
splitting decisions: 
split level 0: [/input-48, 4661] [/input-40, 5129] [/input-48, 4661] [/input-40, 5129] [/input-48, 4661] [/input-40, 4985] [/input-48, 5141] [/input-40, 5129] [/input-48, 4661] [/input-40, 4167] 
pruning_in_iteration open status: True
ratio of positive domain = 135 / 256 = 0.52734375
pruning-in-iteration extra time: 0.0024514198303222656
Time: prepare 0.0064    bound 0.2977    transfer 0.2448    finalize 0.1093    func 0.6583    
Accumulated time: func 150.8898    prepare 1.3930    bound 69.3025    transfer 55.0263    finalize 25.1932    
Current worst splitting domains lb-rhs (depth):
-0.04977 (9), -0.04973 (9), -0.04893 (9), -0.04880 (9), -0.04738 (12), -0.04737 (9), -0.04733 (9), -0.04732 (12), -0.04674 (9), -0.04671 (9), -0.04631 (12), -0.04627 (12), -0.04388 (13), -0.04385 (13), -0.04246 (13), -0.04243 (13), -0.04165 (12), -0.04154 (12), -0.04034 (12), -0.04020 (12), 
Length of domains: 617
Time: pickout 0.0114    decision 0.1506    set_bounds 0.0051    solve 0.6585    add 0.1876    
Accumulated time: pickout 2.5857    decision 34.2871    set_bounds 1.5413    solve 151.0217    add 47.7237    
Current (lb-rhs): tensor([-4.31021404, -2.25409842, -0.04976940, -2.12406445, -1.30388165])
29505 domains visited
Cumulative time: 246.97857117652893

BaB round 231
batch: 128
splitting decisions: 
split level 0: [/input-40, 5129] [/input-48, 8549] [/input-40, 1256] [/input-40, 1256] [/input-40, 3167] [/input-48, 918] [/input-40, 4167] [/input-40, 3167] [/input-48, 4661] [/input-40, 3167] 
pruning_in_iteration open status: True
ratio of positive domain = 117 / 256 = 0.45703125
pruning-in-iteration extra time: 0.0024116039276123047
Time: prepare 0.0060    bound 0.3121    transfer 0.2337    finalize 0.1195    func 0.6714    
Accumulated time: func 151.5612    prepare 1.3992    bound 69.6146    transfer 55.2601    finalize 25.3126    
Current worst splitting domains lb-rhs (depth):
-0.04977 (9), -0.04973 (9), -0.04893 (9), -0.04880 (9), -0.04738 (12), -0.04737 (9), -0.04733 (9), -0.04732 (12), -0.04674 (9), -0.04671 (9), -0.04631 (12), -0.04627 (12), -0.04388 (13), -0.04385 (13), -0.04246 (13), -0.04243 (13), -0.04165 (12), -0.04154 (12), -0.04034 (12), -0.04020 (12), 
Length of domains: 628
Time: pickout 0.0115    decision 0.1506    set_bounds 0.0050    solve 0.6716    add 0.2226    
Accumulated time: pickout 2.5973    decision 34.4378    set_bounds 1.5463    solve 151.6933    add 47.9463    
Current (lb-rhs): tensor([-4.31021404, -2.25409842, -0.04976940, -2.12406445, -1.30388165])
29644 domains visited
Cumulative time: 248.07680082321167

BaB round 232
batch: 128
splitting decisions: 
split level 0: [/input-48, 5141] [/input-48, 5141] [/input-48, 5141] [/input-48, 4661] [/input-40, 4987] [/input-48, 8184] [/input-48, 6170] [/input-48, 6170] [/input-48, 6170] [/input-48, 5141] 
pruning_in_iteration open status: True
ratio of positive domain = 129 / 256 = 0.50390625
pruning-in-iteration extra time: 0.002445220947265625
Time: prepare 0.0064    bound 0.3046    transfer 0.2490    finalize 0.1205    func 0.6805    
Accumulated time: func 152.2417    prepare 1.4058    bound 69.9192    transfer 55.5091    finalize 25.4331    
Current worst splitting domains lb-rhs (depth):
-0.04977 (9), -0.04973 (9), -0.04893 (9), -0.04880 (9), -0.04738 (12), -0.04737 (9), -0.04733 (9), -0.04732 (12), -0.04674 (9), -0.04671 (9), -0.04631 (12), -0.04627 (12), -0.04388 (13), -0.04385 (13), -0.04246 (13), -0.04243 (13), -0.04165 (12), -0.04154 (12), -0.04034 (12), -0.04020 (12), 
Length of domains: 627
Time: pickout 0.0124    decision 0.1525    set_bounds 0.0056    solve 0.6807    add 0.2005    
Accumulated time: pickout 2.6096    decision 34.5903    set_bounds 1.5519    solve 152.3740    add 48.1468    
Current (lb-rhs): tensor([-4.31021404, -2.25409842, -0.04976940, -2.12406445, -1.30388165])
29771 domains visited
Cumulative time: 249.16150879859924

BaB round 233
batch: 128
splitting decisions: 
split level 0: [/input-48, 5141] [/input-48, 4661] [/input-48, 4661] [/input-48, 4661] [/input-48, 4661] [/input-48, 4661] [/input-48, 4661] [/input-48, 4661] [/input-48, 6170] [/input-40, 4622] 
pruning_in_iteration open status: True
ratio of positive domain = 120 / 256 = 0.46875
pruning-in-iteration extra time: 0.0023593902587890625
Time: prepare 0.0061    bound 0.3065    transfer 0.2497    finalize 0.1038    func 0.6661    
Accumulated time: func 152.9078    prepare 1.4121    bound 70.2257    transfer 55.7588    finalize 25.5369    
Current worst splitting domains lb-rhs (depth):
-0.04977 (9), -0.04973 (9), -0.04893 (9), -0.04880 (9), -0.04738 (12), -0.04737 (9), -0.04733 (9), -0.04732 (12), -0.04674 (9), -0.04671 (9), -0.04631 (12), -0.04627 (12), -0.04388 (13), -0.04385 (13), -0.04246 (13), -0.04243 (13), -0.04165 (12), -0.04154 (12), -0.04034 (12), -0.04020 (12), 
Length of domains: 635
Time: pickout 0.0113    decision 0.1515    set_bounds 0.0051    solve 0.6663    add 0.2109    
Accumulated time: pickout 2.6209    decision 34.7418    set_bounds 1.5571    solve 153.0402    add 48.3576    
Current (lb-rhs): tensor([-4.31021404, -2.25409842, -0.04976940, -2.12406445, -1.30388165])
29907 domains visited
Cumulative time: 250.24452352523804

BaB round 234
batch: 128
splitting decisions: 
split level 0: [/input-40, 4985] [/input-40, 4985] [/input-40, 4985] [/input-40, 4985] [/input-40, 4985] [/input-40, 4985] [/input-48, 918] [/input-40, 4985] [/input-40, 4985] [/input-40, 4985] 
pruning_in_iteration open status: True
ratio of positive domain = 97 / 256 = 0.37890625
pruning-in-iteration extra time: 0.0019273757934570312
Time: prepare 0.0062    bound 0.3674    transfer 0.2315    finalize 0.1207    func 0.7260    
Accumulated time: func 153.6338    prepare 1.4184    bound 70.5932    transfer 55.9903    finalize 25.6575    
Current worst splitting domains lb-rhs (depth):
-0.04977 (9), -0.04973 (9), -0.04893 (9), -0.04880 (9), -0.04738 (12), -0.04737 (9), -0.04733 (9), -0.04732 (12), -0.04674 (9), -0.04671 (9), -0.04631 (12), -0.04627 (12), -0.04388 (13), -0.04385 (13), -0.04246 (13), -0.04243 (13), -0.04165 (12), -0.04154 (12), -0.04034 (12), -0.04020 (12), 
Length of domains: 666
Time: pickout 0.0115    decision 0.1501    set_bounds 0.0835    solve 0.7261    add 0.2742    
Accumulated time: pickout 2.6324    decision 34.8919    set_bounds 1.6406    solve 153.7663    add 48.6319    
Current (lb-rhs): tensor([-4.31021404, -2.25409842, -0.04976940, -2.12406445, -1.30388165])
30066 domains visited
Cumulative time: 251.52581214904785

BaB round 235
batch: 128
splitting decisions: 
split level 0: [/input-40, 5129] [/input-40, 3944] [/input-40, 3944] [/input-40, 3944] [/input-40, 3944] [/input-40, 3944] [/input-40, 4622] [/input-40, 4988] [/input-40, 4988] [/input-48, 6170] 
pruning_in_iteration open status: True
ratio of positive domain = 82 / 256 = 0.3203125
pruning-in-iteration extra time: 0.001898050308227539
Time: prepare 0.0061    bound 0.3805    transfer 0.2339    finalize 0.1204    func 0.7409    
Accumulated time: func 154.3747    prepare 1.4246    bound 70.9736    transfer 56.2243    finalize 25.7779    
Current worst splitting domains lb-rhs (depth):
-0.04977 (9), -0.04973 (9), -0.04893 (9), -0.04880 (9), -0.04738 (12), -0.04737 (9), -0.04733 (9), -0.04732 (12), -0.04674 (9), -0.04671 (9), -0.04631 (12), -0.04627 (12), -0.04388 (13), -0.04385 (13), -0.04246 (13), -0.04243 (13), -0.04165 (12), -0.04154 (12), -0.04034 (12), -0.04020 (12), 
Length of domains: 712
Time: pickout 0.0113    decision 0.1514    set_bounds 0.0057    solve 0.7411    add 0.3060    
Accumulated time: pickout 2.6436    decision 35.0432    set_bounds 1.6462    solve 154.5074    add 48.9379    
Current (lb-rhs): tensor([-4.31021404, -2.25409842, -0.04976940, -2.12406445, -1.30388165])
30240 domains visited
Cumulative time: 252.77697706222534

BaB round 236
batch: 128
splitting decisions: 
split level 0: [/input-40, 4988] [/input-40, 4987] [/input-48, 6170] [/input-40, 3944] [/input-40, 4987] [/input-48, 6170] [/input-48, 6170] [/input-40, 3167] [/input-40, 3944] [/input-48, 6170] 
pruning_in_iteration open status: True
ratio of positive domain = 111 / 256 = 0.43359375
pruning-in-iteration extra time: 0.002007007598876953
Time: prepare 0.0059    bound 0.3454    transfer 0.2493    finalize 0.1070    func 0.7076    
Accumulated time: func 155.0823    prepare 1.4306    bound 71.3190    transfer 56.4736    finalize 25.8849    
Current worst splitting domains lb-rhs (depth):
-0.04977 (9), -0.04973 (9), -0.04893 (9), -0.04880 (9), -0.04738 (12), -0.04737 (9), -0.04733 (9), -0.04732 (12), -0.04674 (9), -0.04671 (9), -0.04631 (12), -0.04627 (12), -0.04388 (13), -0.04385 (13), -0.04246 (13), -0.04243 (13), -0.04165 (12), -0.04154 (12), -0.04034 (12), -0.04020 (12), 
Length of domains: 729
Time: pickout 0.0114    decision 0.1509    set_bounds 0.0050    solve 0.7088    add 0.2334    
Accumulated time: pickout 2.6551    decision 35.1941    set_bounds 1.6513    solve 155.2162    add 49.1713    
Current (lb-rhs): tensor([-4.31021404, -2.25409842, -0.04976940, -2.12406445, -1.30388165])
30385 domains visited
Cumulative time: 253.92320466041565

BaB round 237
batch: 128
splitting decisions: 
split level 0: [/input-40, 4622] [/input-48, 6170] [/input-48, 6170] [/input-40, 4974] [/input-48, 6170] [/input-48, 6170] [/input-48, 6170] [/input-48, 6170] [/input-48, 4973] [/input-48, 6170] 
pruning_in_iteration open status: True
ratio of positive domain = 113 / 256 = 0.44140625
pruning-in-iteration extra time: 0.002489805221557617
Time: prepare 0.0062    bound 0.3129    transfer 0.2479    finalize 0.1090    func 0.6760    
Accumulated time: func 155.7584    prepare 1.4370    bound 71.6320    transfer 56.7215    finalize 25.9939    
Current worst splitting domains lb-rhs (depth):
-0.04977 (9), -0.04973 (9), -0.04893 (9), -0.04880 (9), -0.04738 (12), -0.04737 (9), -0.04733 (9), -0.04732 (12), -0.04674 (9), -0.04671 (9), -0.04631 (12), -0.04627 (12), -0.04388 (13), -0.04385 (13), -0.04246 (13), -0.04243 (13), -0.04165 (12), -0.04154 (12), -0.04034 (12), -0.04020 (12), 
Length of domains: 744
Time: pickout 0.0115    decision 0.1509    set_bounds 0.0053    solve 0.6762    add 0.2283    
Accumulated time: pickout 2.6666    decision 35.3450    set_bounds 1.6565    solve 155.8924    add 49.3996    
Current (lb-rhs): tensor([-4.31021404, -2.25409842, -0.04976940, -2.12406445, -1.30388165])
30528 domains visited
Cumulative time: 255.03156518936157

BaB round 238
batch: 128
splitting decisions: 
split level 0: [/input-40, 4141] [/input-48, 4973] [/input-48, 6170] [/input-40, 4141] [/input-40, 4141] [/input-40, 3167] [/input-40, 4141] [/input-40, 3167] [/input-48, 4973] [/input-48, 4973] 
pruning_in_iteration open status: True
ratio of positive domain = 146 / 256 = 0.5703125
pruning-in-iteration extra time: 0.0024635791778564453
Time: prepare 0.0061    bound 0.2649    transfer 0.2476    finalize 0.1088    func 0.6274    
Accumulated time: func 156.3858    prepare 1.4432    bound 71.8969    transfer 56.9690    finalize 26.1028    
Current worst splitting domains lb-rhs (depth):
-0.04977 (9), -0.04973 (9), -0.04893 (9), -0.04880 (9), -0.04738 (12), -0.04737 (9), -0.04733 (9), -0.04732 (12), -0.04674 (9), -0.04671 (9), -0.04631 (12), -0.04627 (12), -0.04388 (13), -0.04385 (13), -0.04246 (13), -0.04243 (13), -0.04165 (12), -0.04154 (12), -0.04034 (12), -0.04020 (12), 
Length of domains: 726
Time: pickout 0.0113    decision 0.1508    set_bounds 0.0047    solve 0.6275    add 0.1777    
Accumulated time: pickout 2.6779    decision 35.4958    set_bounds 1.6612    solve 156.5199    add 49.5773    
Current (lb-rhs): tensor([-4.31021404, -2.25409842, -0.04976940, -2.12406445, -1.30388165])
30638 domains visited
Cumulative time: 256.03720331192017

BaB round 239
batch: 128
splitting decisions: 
split level 0: [/input-48, 6170] [/input-48, 6170] [/input-48, 6170] [/input-40, 3944] [/89, 10307] [/input-40, 3816] [/input-40, 3167] [/input-48, 4973] [/input-40, 4985] [/input-40, 4141] 
pruning_in_iteration open status: True
ratio of positive domain = 172 / 256 = 0.671875
pruning-in-iteration extra time: 0.0024728775024414062
Time: prepare 0.0059    bound 0.2469    transfer 0.2455    finalize 0.0951    func 0.5934    
Accumulated time: func 156.9792    prepare 1.4492    bound 72.1438    transfer 57.2146    finalize 26.1978    
Current worst splitting domains lb-rhs (depth):
-0.04977 (9), -0.04973 (9), -0.04893 (9), -0.04880 (9), -0.04738 (12), -0.04737 (9), -0.04733 (9), -0.04732 (12), -0.04674 (9), -0.04671 (9), -0.04631 (12), -0.04627 (12), -0.04388 (13), -0.04385 (13), -0.04246 (13), -0.04243 (13), -0.04165 (12), -0.04154 (12), -0.04034 (12), -0.04020 (12), 
Length of domains: 682
Time: pickout 0.0113    decision 0.1506    set_bounds 0.0046    solve 0.5936    add 0.1351    
Accumulated time: pickout 2.6892    decision 35.6464    set_bounds 1.6658    solve 157.1135    add 49.7124    
Current (lb-rhs): tensor([-4.31021404, -2.25409842, -0.04976940, -2.12406445, -1.30388165])
30722 domains visited
Cumulative time: 256.96786546707153

BaB round 240
batch: 128
splitting decisions: 
split level 0: [/input-40, 3167] [/input-48, 6170] [/input-40, 4988] [/input-40, 3167] [/input-40, 3167] [/input-40, 580] [/input-40, 580] [/input-40, 4988] [/input-40, 4988] [/input-40, 4974] 
pruning_in_iteration open status: True
ratio of positive domain = 145 / 256 = 0.56640625
pruning-in-iteration extra time: 0.002487659454345703
Time: prepare 0.0061    bound 0.2816    transfer 0.2465    finalize 0.1102    func 0.6445    
Accumulated time: func 157.6236    prepare 1.4555    bound 72.4254    transfer 57.4611    finalize 26.3080    
Current worst splitting domains lb-rhs (depth):
-0.04977 (9), -0.04973 (9), -0.04893 (9), -0.04880 (9), -0.04738 (12), -0.04737 (9), -0.04733 (9), -0.04732 (12), -0.04674 (9), -0.04671 (9), -0.04631 (12), -0.04627 (12), -0.04388 (13), -0.04385 (13), -0.04246 (13), -0.04243 (13), -0.04165 (12), -0.04154 (12), -0.04034 (12), -0.04020 (12), 
Length of domains: 665
Time: pickout 0.0113    decision 0.1502    set_bounds 0.0052    solve 0.6446    add 0.1800    
Accumulated time: pickout 2.7005    decision 35.7967    set_bounds 1.6710    solve 157.7581    add 49.8924    
Current (lb-rhs): tensor([-4.31021404, -2.25409842, -0.04976940, -2.12406445, -1.30388165])
30833 domains visited
Cumulative time: 257.9953124523163

BaB round 241
batch: 128
splitting decisions: 
split level 0: [/input-40, 5129] [/89, 10307] [/input-48, 6170] [/input-48, 6170] [/input-48, 6170] [/input-48, 6170] [/input-48, 6170] [/input-40, 4985] [/input-40, 4988] [/input-40, 3167] 
pruning_in_iteration open status: True
ratio of positive domain = 122 / 256 = 0.4765625
pruning-in-iteration extra time: 0.0029604434967041016
Time: prepare 0.0060    bound 0.3070    transfer 0.2673    finalize 0.1064    func 0.6868    
Accumulated time: func 158.3104    prepare 1.4617    bound 72.7324    transfer 57.7284    finalize 26.4144    
Current worst splitting domains lb-rhs (depth):
-0.04977 (9), -0.04973 (9), -0.04893 (9), -0.04880 (9), -0.04738 (12), -0.04737 (9), -0.04733 (9), -0.04732 (12), -0.04674 (9), -0.04671 (9), -0.04631 (12), -0.04627 (12), -0.04388 (13), -0.04385 (13), -0.04246 (13), -0.04243 (13), -0.04165 (12), -0.04154 (12), -0.04034 (12), -0.04020 (12), 
Length of domains: 671
Time: pickout 0.0116    decision 0.1508    set_bounds 0.0050    solve 0.6869    add 0.2048    
Accumulated time: pickout 2.7122    decision 35.9474    set_bounds 1.6760    solve 158.4451    add 50.0972    
Current (lb-rhs): tensor([-4.31021404, -2.25409842, -0.04976940, -2.12406445, -1.30388165])
30967 domains visited
Cumulative time: 259.08642172813416

BaB round 242
batch: 128
splitting decisions: 
split level 0: [/input-40, 4985] [/input-40, 4985] [/input-40, 3816] [/input-40, 4141] [/input-40, 2802] [/input-40, 4985] [/input-40, 4988] [/input-40, 4985] [/input-40, 4141] [/input-40, 4985] 
pruning_in_iteration open status: True
ratio of positive domain = 127 / 256 = 0.49609375
pruning-in-iteration extra time: 0.002416849136352539
Time: prepare 0.0062    bound 0.3002    transfer 0.2332    finalize 0.1205    func 0.6603    
Accumulated time: func 158.9707    prepare 1.4680    bound 73.0326    transfer 57.9616    finalize 26.5350    
Current worst splitting domains lb-rhs (depth):
-0.04977 (9), -0.04973 (9), -0.04893 (9), -0.04880 (9), -0.04738 (12), -0.04737 (9), -0.04733 (9), -0.04732 (12), -0.04674 (9), -0.04671 (9), -0.04631 (12), -0.04627 (12), -0.04388 (13), -0.04385 (13), -0.04246 (13), -0.04243 (13), -0.04165 (12), -0.04154 (12), -0.04034 (12), -0.04020 (12), 
Length of domains: 672
Time: pickout 0.0115    decision 0.1505    set_bounds 0.0052    solve 0.6604    add 0.1972    
Accumulated time: pickout 2.7236    decision 36.0979    set_bounds 1.6811    solve 159.1055    add 50.2944    
Current (lb-rhs): tensor([-4.31021404, -2.25409842, -0.04976940, -2.12406445, -1.30388165])
31096 domains visited
Cumulative time: 260.14387464523315

BaB round 243
batch: 128
splitting decisions: 
split level 0: [/input-40, 4985] [/input-40, 4985] [/input-40, 4622] [/input-40, 4622] [/input-40, 4622] [/input-48, 4973] [/input-48, 4973] [/input-40, 4985] [/input-40, 4141] [/input-40, 4985] 
pruning_in_iteration open status: True
ratio of positive domain = 139 / 256 = 0.54296875
pruning-in-iteration extra time: 0.0024042129516601562
Time: prepare 0.0059    bound 0.2804    transfer 0.2340    finalize 0.1214    func 0.6418    
Accumulated time: func 159.6125    prepare 1.4741    bound 73.3130    transfer 58.1956    finalize 26.6564    
Current worst splitting domains lb-rhs (depth):
-0.04977 (9), -0.04973 (9), -0.04893 (9), -0.04880 (9), -0.04738 (12), -0.04737 (9), -0.04733 (9), -0.04732 (12), -0.04674 (9), -0.04671 (9), -0.04631 (12), -0.04627 (12), -0.04388 (13), -0.04385 (13), -0.04246 (13), -0.04243 (13), -0.04165 (12), -0.04154 (12), -0.04034 (12), -0.04020 (12), 
Length of domains: 661
Time: pickout 0.0113    decision 0.1508    set_bounds 0.0052    solve 0.6420    add 0.1777    
Accumulated time: pickout 2.7350    decision 36.2488    set_bounds 1.6863    solve 159.7475    add 50.4721    
Current (lb-rhs): tensor([-4.31021404, -2.25409842, -0.04976940, -2.12406445, -1.30388165])
31213 domains visited
Cumulative time: 261.16446447372437

BaB round 244
batch: 128
splitting decisions: 
split level 0: [/input-40, 580] [/input-40, 580] [/input-40, 580] [/input-40, 3167] [/89, 10307] [/input-40, 4141] [/input-40, 4988] [/89, 10307] [/89, 10307] [/input-40, 4141] 
pruning_in_iteration open status: True
ratio of positive domain = 137 / 256 = 0.53515625
pruning-in-iteration extra time: 0.0024309158325195312
Time: prepare 0.0060    bound 0.2906    transfer 0.2391    finalize 0.1201    func 0.6558    
Accumulated time: func 160.2683    prepare 1.4802    bound 73.6036    transfer 58.4347    finalize 26.7765    
Current worst splitting domains lb-rhs (depth):
-0.04977 (9), -0.04973 (9), -0.04893 (9), -0.04880 (9), -0.04738 (12), -0.04737 (9), -0.04733 (9), -0.04732 (12), -0.04674 (9), -0.04671 (9), -0.04631 (12), -0.04627 (12), -0.04388 (13), -0.04385 (13), -0.04246 (13), -0.04243 (13), -0.04165 (12), -0.04154 (12), -0.04034 (12), -0.04020 (12), 
Length of domains: 652
Time: pickout 0.0115    decision 0.1510    set_bounds 0.0051    solve 0.6559    add 0.1826    
Accumulated time: pickout 2.7465    decision 36.3997    set_bounds 1.6914    solve 160.4034    add 50.6547    
Current (lb-rhs): tensor([-4.31021404, -2.25409842, -0.04976940, -2.12406445, -1.30388165])
31332 domains visited
Cumulative time: 262.2064354419708

BaB round 245
batch: 128
splitting decisions: 
split level 0: [/input-40, 4985] [/input-48, 4661] [/input-40, 3167] [/input-40, 3167] [/input-40, 3167] [/input-48, 4661] [/input-40, 580] [/input-40, 580] [/input-40, 580] [/input-40, 3816] 
pruning_in_iteration open status: True
ratio of positive domain = 144 / 256 = 0.5625
pruning-in-iteration extra time: 0.002386808395385742
Time: prepare 0.0059    bound 0.2796    transfer 0.2423    finalize 0.1292    func 0.6570    
Accumulated time: func 160.9253    prepare 1.4864    bound 73.8832    transfer 58.6770    finalize 26.9056    
Current worst splitting domains lb-rhs (depth):
-0.04977 (9), -0.04973 (9), -0.04893 (9), -0.04880 (9), -0.04738 (12), -0.04737 (9), -0.04733 (9), -0.04732 (12), -0.04674 (9), -0.04671 (9), -0.04631 (12), -0.04627 (12), -0.04388 (13), -0.04385 (13), -0.04246 (13), -0.04243 (13), -0.04165 (12), -0.04154 (12), -0.04034 (12), -0.04020 (12), 
Length of domains: 636
Time: pickout 0.0113    decision 0.1509    set_bounds 0.0050    solve 0.6572    add 0.1763    
Accumulated time: pickout 2.7578    decision 36.5507    set_bounds 1.6964    solve 161.0606    add 50.8310    
Current (lb-rhs): tensor([-4.31021404, -2.25409842, -0.04976940, -2.12406445, -1.30388165])
31444 domains visited
Cumulative time: 263.2436225414276

BaB round 246
batch: 128
splitting decisions: 
split level 0: [/input-40, 3167] [/input-40, 4988] [/input-40, 3167] [/input-40, 5129] [/input-40, 2802] [/input-40, 4985] [/input-40, 4985] [/input-40, 4985] [/input-40, 3816] [/input-40, 5129] 
pruning_in_iteration open status: True
ratio of positive domain = 142 / 256 = 0.5546875
pruning-in-iteration extra time: 0.0025451183319091797
Time: prepare 0.0059    bound 0.2783    transfer 0.2345    finalize 0.1190    func 0.6377    
Accumulated time: func 161.5630    prepare 1.4924    bound 74.1615    transfer 58.9115    finalize 27.0246    
Current worst splitting domains lb-rhs (depth):
-0.04977 (9), -0.04973 (9), -0.04893 (9), -0.04880 (9), -0.04738 (12), -0.04737 (9), -0.04733 (9), -0.04732 (12), -0.04674 (9), -0.04671 (9), -0.04631 (12), -0.04627 (12), -0.04388 (13), -0.04385 (13), -0.04246 (13), -0.04243 (13), -0.04165 (12), -0.04154 (12), -0.04034 (12), -0.04020 (12), 
Length of domains: 622
Time: pickout 0.0114    decision 0.1511    set_bounds 0.0051    solve 0.6379    add 0.1789    
Accumulated time: pickout 2.7692    decision 36.7018    set_bounds 1.7015    solve 161.6985    add 51.0099    
Current (lb-rhs): tensor([-4.31021404, -2.25409842, -0.04976940, -2.12406445, -1.30388165])
31558 domains visited
Cumulative time: 264.2640931606293

BaB round 247
batch: 128
splitting decisions: 
split level 0: [/input-40, 3944] [/input-40, 5129] [/input-40, 5129] [/89, 10307] [/input-48, 4661] [/input-48, 4661] [/input-40, 3167] [/input-40, 3167] [/input-40, 3167] [/input-40, 3167] 
pruning_in_iteration open status: True
ratio of positive domain = 148 / 256 = 0.578125
pruning-in-iteration extra time: 0.002506256103515625
Time: prepare 0.0062    bound 0.2725    transfer 0.2301    finalize 0.1206    func 0.6303    
Accumulated time: func 162.1933    prepare 1.4988    bound 74.4340    transfer 59.1416    finalize 27.1452    
Current worst splitting domains lb-rhs (depth):
-0.04977 (9), -0.04973 (9), -0.04893 (9), -0.04880 (9), -0.04738 (12), -0.04737 (9), -0.04733 (9), -0.04732 (12), -0.04674 (9), -0.04671 (9), -0.04631 (12), -0.04627 (12), -0.04388 (13), -0.04385 (13), -0.04246 (13), -0.04243 (13), -0.04165 (12), -0.04154 (12), -0.04034 (12), -0.04020 (12), 
Length of domains: 602
Time: pickout 0.0115    decision 0.1506    set_bounds 0.0841    solve 0.6305    add 0.1731    
Accumulated time: pickout 2.7806    decision 36.8523    set_bounds 1.7856    solve 162.3289    add 51.1831    
Current (lb-rhs): tensor([-4.31021404, -2.25409842, -0.04976940, -2.12406445, -1.30388165])
31666 domains visited
Cumulative time: 265.34939789772034

BaB round 248
batch: 128
splitting decisions: 
split level 0: [/input-40, 1256] [/input-40, 1256] [/input-40, 1256] [/input-40, 1956] [/input-40, 1256] [/input-48, 8549] [/input-48, 8549] [/input-40, 1256] [/input-40, 1256] [/input-48, 8549] 
pruning_in_iteration open status: True
ratio of positive domain = 137 / 256 = 0.53515625
pruning-in-iteration extra time: 0.0025107860565185547
Time: prepare 0.0063    bound 0.2801    transfer 0.2323    finalize 0.1237    func 0.6423    
Accumulated time: func 162.8356    prepare 1.5052    bound 74.7141    transfer 59.3738    finalize 27.2689    
Current worst splitting domains lb-rhs (depth):
-0.04977 (9), -0.04973 (9), -0.04893 (9), -0.04880 (9), -0.04738 (12), -0.04737 (9), -0.04733 (9), -0.04732 (12), -0.04674 (9), -0.04671 (9), -0.04631 (12), -0.04627 (12), -0.04388 (13), -0.04385 (13), -0.04246 (13), -0.04243 (13), -0.04165 (12), -0.04154 (12), -0.04034 (12), -0.04020 (12), 
Length of domains: 593
Time: pickout 0.0113    decision 0.1505    set_bounds 0.0049    solve 0.6425    add 0.1857    
Accumulated time: pickout 2.7919    decision 37.0028    set_bounds 1.7905    solve 162.9714    add 51.3688    
Current (lb-rhs): tensor([-4.31021404, -2.25409842, -0.04976940, -2.12406445, -1.30388165])
31785 domains visited
Cumulative time: 266.38029623031616

BaB round 249
batch: 128
splitting decisions: 
split level 0: [/input-40, 945] [/input-48, 8549] [/input-40, 945] [/input-40, 1256] [/input-40, 945] [/input-40, 945] [/input-48, 4661] [/input-40, 1256] [/input-40, 945] [/input-48, 8549] 
pruning_in_iteration open status: True
ratio of positive domain = 130 / 256 = 0.5078125
pruning-in-iteration extra time: 0.002490997314453125
Time: prepare 0.0060    bound 0.2934    transfer 0.2329    finalize 0.1225    func 0.6549    
Accumulated time: func 163.4906    prepare 1.5114    bound 75.0075    transfer 59.6068    finalize 27.3914    
Current worst splitting domains lb-rhs (depth):
-0.04977 (9), -0.04973 (9), -0.04893 (9), -0.04880 (9), -0.04738 (12), -0.04737 (9), -0.04733 (9), -0.04732 (12), -0.04674 (9), -0.04671 (9), -0.04631 (12), -0.04627 (12), -0.04388 (13), -0.04385 (13), -0.04246 (13), -0.04243 (13), -0.04165 (12), -0.04154 (12), -0.04034 (12), -0.04020 (12), 
Length of domains: 591
Time: pickout 0.0113    decision 0.1504    set_bounds 0.0046    solve 0.6551    add 0.1977    
Accumulated time: pickout 2.8032    decision 37.1532    set_bounds 1.7950    solve 163.6266    add 51.5664    
Current (lb-rhs): tensor([-4.31021404, -2.25409842, -0.04976940, -2.12406445, -1.30388165])
31911 domains visited
Cumulative time: 267.4441933631897

BaB round 250
batch: 128
splitting decisions: 
split level 0: [/input-40, 945] [/input-40, 1256] [/input-48, 8549] [/input-40, 3167] [/input-48, 8549] [/input-48, 8549] [/input-48, 8549] [/input-40, 945] [/input-48, 8549] [/input-40, 1256] 
pruning_in_iteration open status: True
ratio of positive domain = 125 / 256 = 0.48828125
pruning-in-iteration extra time: 0.002471446990966797
Time: prepare 0.0059    bound 0.3045    transfer 0.2495    finalize 0.1100    func 0.6700    
Accumulated time: func 164.1606    prepare 1.5175    bound 75.3119    transfer 59.8563    finalize 27.5015    
Current worst splitting domains lb-rhs (depth):
-0.04977 (9), -0.04973 (9), -0.04893 (9), -0.04880 (9), -0.04738 (12), -0.04737 (9), -0.04733 (9), -0.04732 (12), -0.04674 (9), -0.04671 (9), -0.04631 (12), -0.04627 (12), -0.04388 (13), -0.04385 (13), -0.04246 (13), -0.04243 (13), -0.04165 (12), -0.04154 (12), -0.04034 (12), -0.04020 (12), 
Length of domains: 594
Time: pickout 0.0115    decision 0.1504    set_bounds 0.0050    solve 0.6702    add 0.2104    
Accumulated time: pickout 2.8146    decision 37.3036    set_bounds 1.8000    solve 164.2968    add 51.7768    
Current (lb-rhs): tensor([-4.31021404, -2.25409842, -0.04976940, -2.12406445, -1.30388165])
32042 domains visited
Cumulative time: 268.52832221984863

BaB round 251
batch: 128
splitting decisions: 
split level 0: [/input-48, 918] [/input-40, 4987] [/input-40, 1256] [/input-40, 1256] [/input-40, 3167] [/input-40, 3167] [/59, 41470] [/input-40, 4636] [/input-48, 918] [/input-40, 4636] 
pruning_in_iteration open status: True
ratio of positive domain = 110 / 256 = 0.4296875
pruning-in-iteration extra time: 0.0026361942291259766
Time: prepare 0.0061    bound 0.3267    transfer 0.2359    finalize 0.1245    func 0.6933    
Accumulated time: func 164.8539    prepare 1.5238    bound 75.6387    transfer 60.0921    finalize 27.6260    
Current worst splitting domains lb-rhs (depth):
-0.04977 (9), -0.04973 (9), -0.04893 (9), -0.04880 (9), -0.04738 (12), -0.04737 (9), -0.04733 (9), -0.04732 (12), -0.04674 (9), -0.04671 (9), -0.04631 (12), -0.04627 (12), -0.04388 (13), -0.04385 (13), -0.04246 (13), -0.04243 (13), -0.04165 (12), -0.04154 (12), -0.04034 (12), -0.04020 (12), 
Length of domains: 612
Time: pickout 0.0113    decision 0.1517    set_bounds 0.0056    solve 0.6935    add 0.2297    
Accumulated time: pickout 2.8259    decision 37.4553    set_bounds 1.8055    solve 164.9902    add 52.0065    
Current (lb-rhs): tensor([-4.31021404, -2.25409842, -0.04976940, -2.12406445, -1.30388165])
32188 domains visited
Cumulative time: 269.6568920612335

BaB round 252
batch: 128
splitting decisions: 
split level 0: [/input-48, 4661] [/input-40, 4985] [/input-40, 580] [/input-40, 4987] [/input-48, 918] [/input-40, 4987] [/input-40, 5129] [/input-40, 5129] [/input-48, 8549] [/input-48, 918] 
pruning_in_iteration open status: True
ratio of positive domain = 118 / 256 = 0.4609375
pruning-in-iteration extra time: 0.002402782440185547
Time: prepare 0.0060    bound 0.3232    transfer 0.2498    finalize 0.1086    func 0.6876    
Accumulated time: func 165.5415    prepare 1.5299    bound 75.9618    transfer 60.3420    finalize 27.7346    
Current worst splitting domains lb-rhs (depth):
-0.04977 (9), -0.04973 (9), -0.04893 (9), -0.04880 (9), -0.04738 (12), -0.04737 (9), -0.04733 (9), -0.04732 (12), -0.04674 (9), -0.04671 (9), -0.04631 (12), -0.04627 (12), -0.04388 (13), -0.04385 (13), -0.04246 (13), -0.04243 (13), -0.04165 (12), -0.04154 (12), -0.04034 (12), -0.04020 (12), 
Length of domains: 622
Time: pickout 0.0114    decision 0.1508    set_bounds 0.0052    solve 0.6878    add 0.2191    
Accumulated time: pickout 2.8373    decision 37.6061    set_bounds 1.8107    solve 165.6780    add 52.2256    
Current (lb-rhs): tensor([-4.31021404, -2.25409842, -0.04976940, -2.12406445, -1.30388165])
32326 domains visited
Cumulative time: 270.7682526111603

BaB round 253
batch: 128
splitting decisions: 
split level 0: [/input-40, 5129] [/input-48, 918] [/input-40, 3167] [/input-48, 918] [/input-48, 918] [/input-48, 8184] [/input-48, 7183] [/input-40, 4636] [/input-48, 5141] [/input-40, 4636] 
pruning_in_iteration open status: True
ratio of positive domain = 98 / 256 = 0.3828125
pruning-in-iteration extra time: 0.0023674964904785156
Time: prepare 0.0059    bound 0.3328    transfer 0.2362    finalize 0.1228    func 0.6978    
Accumulated time: func 166.2393    prepare 1.5360    bound 76.2947    transfer 60.5782    finalize 27.8575    
Current worst splitting domains lb-rhs (depth):
-0.04977 (9), -0.04973 (9), -0.04893 (9), -0.04880 (9), -0.04738 (12), -0.04737 (9), -0.04733 (9), -0.04732 (12), -0.04674 (9), -0.04671 (9), -0.04631 (12), -0.04627 (12), -0.04388 (13), -0.04385 (13), -0.04246 (13), -0.04243 (13), -0.04165 (12), -0.04154 (12), -0.04034 (12), -0.04020 (12), 
Length of domains: 652
Time: pickout 0.0113    decision 0.1509    set_bounds 0.0050    solve 0.6980    add 0.2954    
Accumulated time: pickout 2.8486    decision 37.7570    set_bounds 1.8157    solve 166.3760    add 52.5210    
Current (lb-rhs): tensor([-4.31021404, -2.25409842, -0.04976940, -2.12406445, -1.30388165])
32484 domains visited
Cumulative time: 271.97716546058655

BaB round 254
batch: 128
splitting decisions: 
split level 0: [/input-48, 4661] [/input-40, 3167] [/input-48, 5141] [/input-40, 4985] [/input-40, 3167] [/input-40, 3167] [/input-48, 5141] [/input-48, 5141] [/input-48, 5141] [/input-40, 580] 
pruning_in_iteration open status: True
ratio of positive domain = 108 / 256 = 0.421875
pruning-in-iteration extra time: 0.0025031566619873047
Time: prepare 0.0060    bound 0.3189    transfer 0.2403    finalize 0.1237    func 0.6890    
Accumulated time: func 166.9283    prepare 1.5421    bound 76.6135    transfer 60.8185    finalize 27.9812    
Current worst splitting domains lb-rhs (depth):
-0.04977 (9), -0.04973 (9), -0.04893 (9), -0.04880 (9), -0.04738 (12), -0.04737 (9), -0.04733 (9), -0.04732 (12), -0.04674 (9), -0.04671 (9), -0.04631 (12), -0.04627 (12), -0.04388 (13), -0.04385 (13), -0.04246 (13), -0.04243 (13), -0.04165 (12), -0.04154 (12), -0.04034 (12), -0.04020 (12), 
Length of domains: 672
Time: pickout 0.0114    decision 0.1504    set_bounds 0.0052    solve 0.6902    add 0.2331    
Accumulated time: pickout 2.8600    decision 37.9074    set_bounds 1.8209    solve 167.0662    add 52.7541    
Current (lb-rhs): tensor([-4.31021404, -2.25409842, -0.04976940, -2.12406445, -1.30388165])
32632 domains visited
Cumulative time: 273.1032998561859

BaB round 255
batch: 128
splitting decisions: 
split level 0: [/input-48, 918] [/input-48, 918] [/input-40, 3167] [/input-40, 4988] [/input-48, 918] [/input-40, 3167] [/input-48, 5141] [/input-48, 5141] [/input-48, 5141] [/input-48, 5141] 
pruning_in_iteration open status: True
ratio of positive domain = 88 / 256 = 0.34375
pruning-in-iteration extra time: 0.002463102340698242
Time: prepare 0.0058    bound 0.3449    transfer 0.2476    finalize 0.1092    func 0.7076    
Accumulated time: func 167.6359    prepare 1.5481    bound 76.9584    transfer 61.0662    finalize 28.0904    
Current worst splitting domains lb-rhs (depth):
-0.04977 (9), -0.04973 (9), -0.04893 (9), -0.04880 (9), -0.04738 (12), -0.04737 (9), -0.04733 (9), -0.04732 (12), -0.04674 (9), -0.04671 (9), -0.04631 (12), -0.04627 (12), -0.04388 (13), -0.04385 (13), -0.04246 (13), -0.04243 (13), -0.04165 (12), -0.04154 (12), -0.04034 (12), -0.04020 (12), 
Length of domains: 712
Time: pickout 0.0114    decision 0.1507    set_bounds 0.0047    solve 0.7077    add 0.2908    
Accumulated time: pickout 2.8714    decision 38.0581    set_bounds 1.8256    solve 167.7740    add 53.0449    
Current (lb-rhs): tensor([-4.31021404, -2.25409842, -0.04976940, -2.12406445, -1.30388165])
32800 domains visited
Cumulative time: 274.3072874546051

BaB round 256
batch: 128
splitting decisions: 
split level 0: [/input-48, 5141] [/input-48, 5141] [/input-48, 5141] [/input-40, 4636] [/input-40, 4636] [/input-40, 4622] [/input-40, 3167] [/input-40, 4167] [/input-40, 4167] [/input-40, 4167] 
pruning_in_iteration open status: True
ratio of positive domain = 56 / 256 = 0.21875
pruning-in-iteration extra time: 0.0008876323699951172
Time: prepare 0.0057    bound 0.4363    transfer 0.2415    finalize 0.1049    func 0.7884    
Accumulated time: func 168.4243    prepare 1.5540    bound 77.3947    transfer 61.3076    finalize 28.1953    
Current worst splitting domains lb-rhs (depth):
-0.04977 (9), -0.04973 (9), -0.04893 (9), -0.04880 (9), -0.04738 (12), -0.04737 (9), -0.04733 (9), -0.04732 (12), -0.04674 (9), -0.04671 (9), -0.04631 (12), -0.04627 (12), -0.04388 (13), -0.04385 (13), -0.04246 (13), -0.04243 (13), -0.04165 (12), -0.04154 (12), -0.04034 (12), -0.04020 (12), 
Length of domains: 784
Time: pickout 0.0115    decision 0.1508    set_bounds 0.0051    solve 0.7885    add 0.4137    
Accumulated time: pickout 2.8829    decision 38.2089    set_bounds 1.8307    solve 168.5625    add 53.4586    
Current (lb-rhs): tensor([-4.31021404, -2.25409842, -0.04976940, -2.12406445, -1.30388165])
33000 domains visited
Cumulative time: 275.71418166160583

BaB round 257
batch: 128
splitting decisions: 
split level 0: [/input-40, 3167] [/input-48, 8184] [/input-40, 5129] [/input-40, 3167] [/input-48, 4661] [/input-48, 8184] [/input-48, 8184] [/input-48, 5141] [/input-48, 5141] [/input-48, 5141] 
pruning_in_iteration open status: True
ratio of positive domain = 60 / 256 = 0.234375
pruning-in-iteration extra time: 0.0011119842529296875
Time: prepare 0.0058    bound 0.4262    transfer 0.2444    finalize 0.1054    func 0.7819    
Accumulated time: func 169.2062    prepare 1.5600    bound 77.8209    transfer 61.5520    finalize 28.3007    
Current worst splitting domains lb-rhs (depth):
-0.04977 (9), -0.04973 (9), -0.04893 (9), -0.04880 (9), -0.04738 (12), -0.04737 (9), -0.04733 (9), -0.04732 (12), -0.04674 (9), -0.04671 (9), -0.04631 (12), -0.04627 (12), -0.04388 (13), -0.04385 (13), -0.04246 (13), -0.04243 (13), -0.04165 (12), -0.04154 (12), -0.04034 (12), -0.04020 (12), 
Length of domains: 852
Time: pickout 0.0114    decision 0.1510    set_bounds 0.0054    solve 0.7820    add 0.4036    
Accumulated time: pickout 2.8943    decision 38.3599    set_bounds 1.8361    solve 169.3445    add 53.8622    
Current (lb-rhs): tensor([-4.31021404, -2.25409842, -0.04976940, -2.12406445, -1.30388165])
33196 domains visited
Cumulative time: 277.10232305526733

BaB round 258
batch: 128
splitting decisions: 
split level 0: [/input-40, 3944] [/input-40, 3944] [/input-40, 3944] [/input-40, 3944] [/input-40, 3167] [/input-40, 3167] [/input-48, 8184] [/input-48, 4661] [/input-40, 4622] [/input-40, 3944] 
pruning_in_iteration open status: True
ratio of positive domain = 65 / 256 = 0.25390625
pruning-in-iteration extra time: 0.0008678436279296875
Time: prepare 0.0060    bound 0.4328    transfer 0.2454    finalize 0.0919    func 0.7762    
Accumulated time: func 169.9824    prepare 1.5662    bound 78.2537    transfer 61.7974    finalize 28.3926    
Current worst splitting domains lb-rhs (depth):
-0.04977 (9), -0.04973 (9), -0.04893 (9), -0.04880 (9), -0.04738 (12), -0.04737 (9), -0.04733 (9), -0.04732 (12), -0.04674 (9), -0.04671 (9), -0.04631 (12), -0.04627 (12), -0.04388 (13), -0.04385 (13), -0.04246 (13), -0.04243 (13), -0.04165 (12), -0.04154 (12), -0.04034 (12), -0.04020 (12), 
Length of domains: 915
Time: pickout 0.0115    decision 0.1506    set_bounds 0.0887    solve 0.7764    add 0.3366    
Accumulated time: pickout 2.9058    decision 38.5105    set_bounds 1.9248    solve 170.1209    add 54.1988    
Current (lb-rhs): tensor([-4.31021404, -2.25409842, -0.04976940, -2.12406445, -1.30388165])
33387 domains visited
Cumulative time: 278.5031063556671

BaB round 259
batch: 128
splitting decisions: 
split level 0: [/input-40, 3944] [/input-48, 6170] [/input-48, 6170] [/input-40, 3944] [/input-40, 3944] [/input-40, 3944] [/input-40, 3167] [/input-40, 3167] [/input-48, 6170] [/input-48, 6170] 
pruning_in_iteration open status: True
ratio of positive domain = 78 / 256 = 0.3046875
pruning-in-iteration extra time: 0.002315521240234375
Time: prepare 0.0055    bound 0.3807    transfer 0.2664    finalize 0.1123    func 0.7650    
Accumulated time: func 170.7475    prepare 1.5719    bound 78.6345    transfer 62.0638    finalize 28.5049    
Current worst splitting domains lb-rhs (depth):
-0.04977 (9), -0.04973 (9), -0.04893 (9), -0.04880 (9), -0.04738 (12), -0.04737 (9), -0.04733 (9), -0.04732 (12), -0.04674 (9), -0.04671 (9), -0.04631 (12), -0.04627 (12), -0.04388 (13), -0.04385 (13), -0.04246 (13), -0.04243 (13), -0.04165 (12), -0.04154 (12), -0.04034 (12), -0.04020 (12), 
Length of domains: 965
Time: pickout 0.0115    decision 0.1503    set_bounds 0.0050    solve 0.7652    add 0.3052    
Accumulated time: pickout 2.9174    decision 38.6608    set_bounds 1.9298    solve 170.8861    add 54.5041    
Current (lb-rhs): tensor([-4.31021404, -2.25409842, -0.04976940, -2.12406445, -1.30388165])
33565 domains visited
Cumulative time: 279.7769920825958

BaB round 260
batch: 128
splitting decisions: 
split level 0: [/input-40, 3167] [/input-40, 3944] [/input-40, 3944] [/input-40, 3944] [/input-48, 4973] [/input-48, 6170] [/input-48, 6170] [/input-48, 6170] [/input-48, 6170] [/input-48, 6170] 
pruning_in_iteration open status: True
ratio of positive domain = 107 / 256 = 0.41796875
pruning-in-iteration extra time: 0.0023925304412841797
Time: prepare 0.0057    bound 0.3224    transfer 0.2468    finalize 0.1066    func 0.6815    
Accumulated time: func 171.4289    prepare 1.5778    bound 78.9569    transfer 62.3106    finalize 28.6115    
Current worst splitting domains lb-rhs (depth):
-0.04977 (9), -0.04973 (9), -0.04893 (9), -0.04880 (9), -0.04738 (12), -0.04737 (9), -0.04733 (9), -0.04732 (12), -0.04674 (9), -0.04671 (9), -0.04631 (12), -0.04627 (12), -0.04388 (13), -0.04385 (13), -0.04246 (13), -0.04243 (13), -0.04165 (12), -0.04154 (12), -0.04034 (12), -0.04020 (12), 
Length of domains: 986
Time: pickout 0.0118    decision 0.1516    set_bounds 0.0048    solve 0.6816    add 0.2397    
Accumulated time: pickout 2.9292    decision 38.8124    set_bounds 1.9346    solve 171.5677    add 54.7437    
Current (lb-rhs): tensor([-4.31021404, -2.25409842, -0.04976940, -2.12406445, -1.30388165])
33714 domains visited
Cumulative time: 280.9031391143799

BaB round 261
batch: 128
splitting decisions: 
split level 0: [/input-40, 4141] [/input-40, 4141] [/input-48, 4973] [/input-48, 6170] [/input-48, 4973] [/input-48, 6170] [/input-40, 4141] [/input-48, 4973] [/input-40, 4141] [/input-48, 6170] 
pruning_in_iteration open status: True
ratio of positive domain = 144 / 256 = 0.5625
pruning-in-iteration extra time: 0.002423524856567383
Time: prepare 0.0057    bound 0.2666    transfer 0.2441    finalize 0.1048    func 0.6212    
Accumulated time: func 172.0502    prepare 1.5836    bound 79.2235    transfer 62.5547    finalize 28.7163    
Current worst splitting domains lb-rhs (depth):
-0.04977 (9), -0.04973 (9), -0.04893 (9), -0.04880 (9), -0.04738 (12), -0.04737 (9), -0.04733 (9), -0.04732 (12), -0.04674 (9), -0.04671 (9), -0.04631 (12), -0.04627 (12), -0.04388 (13), -0.04385 (13), -0.04246 (13), -0.04243 (13), -0.04165 (12), -0.04154 (12), -0.04034 (12), -0.04020 (12), 
Length of domains: 970
Time: pickout 0.0121    decision 0.1505    set_bounds 0.0047    solve 0.6213    add 0.1813    
Accumulated time: pickout 2.9413    decision 38.9629    set_bounds 1.9393    solve 172.1890    add 54.9251    
Current (lb-rhs): tensor([-4.31021404, -2.25409842, -0.04976940, -2.12406445, -1.30388165])
33826 domains visited
Cumulative time: 281.90957903862

BaB round 262
batch: 128
splitting decisions: 
split level 0: [/input-48, 6170] [/input-48, 6170] [/89, 10307] [/input-48, 6170] [/89, 10307] [/89, 10307] [/input-48, 6170] [/89, 10307] [/89, 10307] [/input-48, 6170] 
pruning_in_iteration open status: True
ratio of positive domain = 166 / 256 = 0.6484375
pruning-in-iteration extra time: 0.002347230911254883
Time: prepare 0.0059    bound 0.2429    transfer 0.2443    finalize 0.1068    func 0.5999    
Accumulated time: func 172.6500    prepare 1.5896    bound 79.4664    transfer 62.7990    finalize 28.8230    
Current worst splitting domains lb-rhs (depth):
-0.04977 (9), -0.04973 (9), -0.04893 (9), -0.04880 (9), -0.04738 (12), -0.04737 (9), -0.04733 (9), -0.04732 (12), -0.04674 (9), -0.04671 (9), -0.04631 (12), -0.04627 (12), -0.04388 (13), -0.04385 (13), -0.04246 (13), -0.04243 (13), -0.04165 (12), -0.04154 (12), -0.04034 (12), -0.04020 (12), 
Length of domains: 932
Time: pickout 0.0116    decision 0.1505    set_bounds 0.0048    solve 0.6000    add 0.1427    
Accumulated time: pickout 2.9528    decision 39.1134    set_bounds 1.9441    solve 172.7890    add 55.0678    
Current (lb-rhs): tensor([-4.31021404, -2.25409842, -0.04976940, -2.12406445, -1.30388165])
33916 domains visited
Cumulative time: 282.8558611869812

BaB round 263
batch: 128
splitting decisions: 
split level 0: [/input-40, 3167] [/input-40, 3167] [/input-48, 6170] [/input-40, 3167] [/input-48, 6170] [/input-40, 3167] [/input-40, 3167] [/input-48, 6170] [/input-48, 6170] [/input-40, 3167] 
pruning_in_iteration open status: True
ratio of positive domain = 134 / 256 = 0.5234375
pruning-in-iteration extra time: 0.002572774887084961
Time: prepare 0.0060    bound 0.2961    transfer 0.2594    finalize 0.1130    func 0.6745    
Accumulated time: func 173.3245    prepare 1.5957    bound 79.7625    transfer 63.0584    finalize 28.9360    
Current worst splitting domains lb-rhs (depth):
-0.04977 (9), -0.04973 (9), -0.04893 (9), -0.04880 (9), -0.04738 (12), -0.04737 (9), -0.04733 (9), -0.04732 (12), -0.04674 (9), -0.04671 (9), -0.04631 (12), -0.04627 (12), -0.04388 (13), -0.04385 (13), -0.04246 (13), -0.04243 (13), -0.04165 (12), -0.04154 (12), -0.04034 (12), -0.04020 (12), 
Length of domains: 926
Time: pickout 0.0117    decision 0.1511    set_bounds 0.0050    solve 0.6747    add 0.2084    
Accumulated time: pickout 2.9645    decision 39.2645    set_bounds 1.9491    solve 173.4637    add 55.2762    
Current (lb-rhs): tensor([-4.31021404, -2.25409842, -0.04976940, -2.12406445, -1.30388165])
34038 domains visited
Cumulative time: 283.9415011405945

BaB round 264
batch: 128
splitting decisions: 
split level 0: [/input-40, 3167] [/input-40, 3167] [/input-48, 6170] [/input-48, 6170] [/input-48, 5141] [/input-48, 6170] [/input-48, 6170] [/input-48, 6170] [/89, 10307] [/89, 10307] 
pruning_in_iteration open status: True
ratio of positive domain = 100 / 256 = 0.390625
pruning-in-iteration extra time: 0.0025713443756103516
Time: prepare 0.0060    bound 0.3343    transfer 0.2441    finalize 0.0888    func 0.6733    
Accumulated time: func 173.9978    prepare 1.6019    bound 80.0967    transfer 63.3025    finalize 29.0248    
Current worst splitting domains lb-rhs (depth):
-0.04977 (9), -0.04973 (9), -0.04893 (9), -0.04880 (9), -0.04738 (12), -0.04737 (9), -0.04733 (9), -0.04732 (12), -0.04674 (9), -0.04671 (9), -0.04631 (12), -0.04627 (12), -0.04388 (13), -0.04385 (13), -0.04246 (13), -0.04243 (13), -0.04165 (12), -0.04154 (12), -0.04034 (12), -0.04020 (12), 
Length of domains: 954
Time: pickout 0.0114    decision 0.1508    set_bounds 0.0049    solve 0.6734    add 0.2827    
Accumulated time: pickout 2.9759    decision 39.4153    set_bounds 1.9540    solve 174.1371    add 55.5589    
Current (lb-rhs): tensor([-4.31021404, -2.25409842, -0.04976940, -2.12406445, -1.30388165])
34194 domains visited
Cumulative time: 285.10190415382385

BaB round 265
batch: 128
splitting decisions: 
split level 0: [/input-40, 4974] [/input-40, 3167] [/input-40, 3167] [/input-40, 4141] [/input-40, 4622] [/input-40, 3944] [/input-40, 3944] [/input-40, 3944] [/input-40, 3944] [/input-40, 3944] 
pruning_in_iteration open status: True
ratio of positive domain = 125 / 256 = 0.48828125
pruning-in-iteration extra time: 0.002463102340698242
Time: prepare 0.0060    bound 0.3011    transfer 0.2437    finalize 0.1101    func 0.6610    
Accumulated time: func 174.6588    prepare 1.6081    bound 80.3979    transfer 63.5463    finalize 29.1349    
Current worst splitting domains lb-rhs (depth):
-0.04977 (9), -0.04973 (9), -0.04893 (9), -0.04880 (9), -0.04738 (12), -0.04737 (9), -0.04733 (9), -0.04732 (12), -0.04674 (9), -0.04671 (9), -0.04631 (12), -0.04627 (12), -0.04388 (13), -0.04385 (13), -0.04246 (13), -0.04243 (13), -0.04165 (12), -0.04154 (12), -0.04034 (12), -0.04020 (12), 
Length of domains: 957
Time: pickout 0.0114    decision 0.1507    set_bounds 0.0050    solve 0.6612    add 0.2057    
Accumulated time: pickout 2.9873    decision 39.5660    set_bounds 1.9590    solve 174.7983    add 55.7646    
Current (lb-rhs): tensor([-4.31021404, -2.25409842, -0.04976940, -2.12406445, -1.30388165])
34325 domains visited
Cumulative time: 286.17227959632874

BaB round 266
batch: 128
splitting decisions: 
split level 0: [/input-40, 4987] [/input-48, 6170] [/input-48, 6170] [/input-40, 4987] [/input-40, 4987] [/input-40, 4987] [/input-40, 3167] [/input-40, 3167] [/input-40, 4985] [/input-40, 2802] 
pruning_in_iteration open status: True
ratio of positive domain = 135 / 256 = 0.52734375
pruning-in-iteration extra time: 0.0024662017822265625
Time: prepare 0.0059    bound 0.2986    transfer 0.2296    finalize 0.1054    func 0.6397    
Accumulated time: func 175.2985    prepare 1.6142    bound 80.6965    transfer 63.7759    finalize 29.2403    
Current worst splitting domains lb-rhs (depth):
-0.04977 (9), -0.04973 (9), -0.04893 (9), -0.04880 (9), -0.04738 (12), -0.04737 (9), -0.04733 (9), -0.04732 (12), -0.04674 (9), -0.04671 (9), -0.04631 (12), -0.04627 (12), -0.04388 (13), -0.04385 (13), -0.04246 (13), -0.04243 (13), -0.04165 (12), -0.04154 (12), -0.04034 (12), -0.04020 (12), 
Length of domains: 950
Time: pickout 0.0115    decision 0.1505    set_bounds 0.0051    solve 0.6398    add 0.1915    
Accumulated time: pickout 2.9988    decision 39.7164    set_bounds 1.9641    solve 175.4381    add 55.9561    
Current (lb-rhs): tensor([-4.31021404, -2.25409842, -0.04976940, -2.12406445, -1.30388165])
34446 domains visited
Cumulative time: 287.2093195915222

BaB round 267
batch: 128
splitting decisions: 
split level 0: [/input-40, 4988] [/input-40, 4985] [/input-40, 2802] [/input-48, 4973] [/input-48, 4973] [/input-48, 4973] [/input-40, 4988] [/89, 10307] [/input-48, 4973] [/input-40, 4988] 
pruning_in_iteration open status: True
ratio of positive domain = 134 / 256 = 0.5234375
pruning-in-iteration extra time: 0.0024695396423339844
Time: prepare 0.0060    bound 0.2920    transfer 0.2451    finalize 0.1056    func 0.6488    
Accumulated time: func 175.9473    prepare 1.6204    bound 80.9886    transfer 64.0209    finalize 29.3460    
Current worst splitting domains lb-rhs (depth):
-0.04977 (9), -0.04973 (9), -0.04893 (9), -0.04880 (9), -0.04738 (12), -0.04737 (9), -0.04733 (9), -0.04732 (12), -0.04674 (9), -0.04671 (9), -0.04631 (12), -0.04627 (12), -0.04388 (13), -0.04385 (13), -0.04246 (13), -0.04243 (13), -0.04165 (12), -0.04154 (12), -0.04034 (12), -0.04020 (12), 
Length of domains: 944
Time: pickout 0.0114    decision 0.1511    set_bounds 0.0052    solve 0.6489    add 0.1928    
Accumulated time: pickout 3.0103    decision 39.8675    set_bounds 1.9692    solve 176.0870    add 56.1489    
Current (lb-rhs): tensor([-4.31021404, -2.25409842, -0.04976940, -2.12406445, -1.30388165])
34568 domains visited
Cumulative time: 288.25469946861267

BaB round 268
batch: 128
splitting decisions: 
split level 0: [/input-40, 4988] [/input-40, 4988] [/input-40, 4988] [/input-40, 4988] [/input-40, 4988] [/input-40, 4985] [/input-48, 4973] [/input-40, 4141] [/input-40, 4141] [/input-40, 1919] 
pruning_in_iteration open status: True
ratio of positive domain = 141 / 256 = 0.55078125
pruning-in-iteration extra time: 0.002434968948364258
Time: prepare 0.0061    bound 0.2780    transfer 0.2421    finalize 0.0928    func 0.6191    
Accumulated time: func 176.5663    prepare 1.6266    bound 81.2666    transfer 64.2631    finalize 29.4387    
Current worst splitting domains lb-rhs (depth):
-0.04977 (9), -0.04973 (9), -0.04893 (9), -0.04880 (9), -0.04738 (12), -0.04737 (9), -0.04733 (9), -0.04732 (12), -0.04674 (9), -0.04671 (9), -0.04631 (12), -0.04627 (12), -0.04388 (13), -0.04385 (13), -0.04246 (13), -0.04243 (13), -0.04165 (12), -0.04154 (12), -0.04034 (12), -0.04020 (12), 
Length of domains: 931
Time: pickout 0.0115    decision 0.1511    set_bounds 0.0055    solve 0.6192    add 0.1882    
Accumulated time: pickout 3.0218    decision 40.0186    set_bounds 1.9748    solve 176.7062    add 56.3371    
Current (lb-rhs): tensor([-4.31021404, -2.25409842, -0.04976940, -2.12406445, -1.30388165])
34683 domains visited
Cumulative time: 289.26957392692566

BaB round 269
batch: 128
splitting decisions: 
split level 0: [/input-48, 6170] [/input-48, 6170] [/input-40, 4141] [/input-40, 4141] [/input-40, 4141] [/input-40, 3944] [/input-40, 3944] [/input-40, 3944] [/input-40, 4987] [/input-40, 4987] 
pruning_in_iteration open status: True
ratio of positive domain = 139 / 256 = 0.54296875
pruning-in-iteration extra time: 0.0024666786193847656
Time: prepare 0.0065    bound 0.2830    transfer 0.2453    finalize 0.1077    func 0.6426    
Accumulated time: func 177.2089    prepare 1.6333    bound 81.5496    transfer 64.5084    finalize 29.5465    
Current worst splitting domains lb-rhs (depth):
-0.04977 (9), -0.04973 (9), -0.04893 (9), -0.04880 (9), -0.04738 (12), -0.04737 (9), -0.04733 (9), -0.04732 (12), -0.04674 (9), -0.04671 (9), -0.04631 (12), -0.04627 (12), -0.04388 (13), -0.04385 (13), -0.04246 (13), -0.04243 (13), -0.04165 (12), -0.04154 (12), -0.04034 (12), -0.04020 (12), 
Length of domains: 920
Time: pickout 0.0128    decision 0.1531    set_bounds 0.0052    solve 0.6436    add 0.1799    
Accumulated time: pickout 3.0345    decision 40.1717    set_bounds 1.9800    solve 177.3499    add 56.5170    
Current (lb-rhs): tensor([-4.31021404, -2.25409842, -0.04976940, -2.12406445, -1.30388165])
34800 domains visited
Time out!!!!!!!!
Result: timeout
Time: 300.3091688156128

------------------------- COMMAND ------------------------------
/data1/Kane/miniconda3/envs/GenBaB/bin/python /data1/Kane/GenBaB/alpha-beta-CROWN/complete_verifier/abcrown.py --config /data1/Kane/GenBaB/alpha-beta-CROWN/complete_verifier/exp_configs/vnncomp24/yolo-xiangruzh.yaml --precompile_jit --onnx_path /data1/Kane/data/vnncomp2025_benchmarks/benchmarks/yolo_2023/onnx/TinyYOLO.onnx --vnnlib_path /data1/Kane/data/vnncomp2025_benchmarks/benchmarks/yolo_2023/vnnlib/TinyYOLO_prop_000395_eps_1_255.vnnlib --results_file /data1/Kane/ACT/audit_results/abcrown_nopgd_20260525/yolo_2023/0038__TinyYOLO__TinyYOLO_prop_000395_eps_1_255.result --timeout 300.0 --save_adv_example --pgd_order=skip
----------------------------------------------------------------

