idx,onnx,vnnlib,csv_timeout,used_timeout,wall_sec,verdict,exit_code,result_file,log_file
1,"onnx/pensieve_small_simple.onnx","vnnlib/pensieve_simple_0.vnnlib",30,30,4.01,missing_result,2,"/data1/Kane/ACT/audit_results/abcrown_nopgd_20260525/nn4sys/0001__pensieve_small_simple__pensieve_simple_0.result","/data1/Kane/ACT/audit_results/abcrown_nopgd_20260525/nn4sys/0001__pensieve_small_simple__pensieve_simple_0.log"
2,"onnx/pensieve_big_parallel.onnx","vnnlib/pensieve_parallel_1.vnnlib",30,30,5.01,missing_result,2,"/data1/Kane/ACT/audit_results/abcrown_nopgd_20260525/nn4sys/0002__pensieve_big_parallel__pensieve_parallel_1.result","/data1/Kane/ACT/audit_results/abcrown_nopgd_20260525/nn4sys/0002__pensieve_big_parallel__pensieve_parallel_1.log"
3,"onnx/pensieve_small_simple.onnx","vnnlib/pensieve_simple_2.vnnlib",30,30,4.39,missing_result,2,"/data1/Kane/ACT/audit_results/abcrown_nopgd_20260525/nn4sys/0003__pensieve_small_simple__pensieve_simple_2.result","/data1/Kane/ACT/audit_results/abcrown_nopgd_20260525/nn4sys/0003__pensieve_small_simple__pensieve_simple_2.log"
4,"onnx/pensieve_small_simple.onnx","vnnlib/pensieve_simple_3.vnnlib",30,30,4.61,missing_result,2,"/data1/Kane/ACT/audit_results/abcrown_nopgd_20260525/nn4sys/0004__pensieve_small_simple__pensieve_simple_3.result","/data1/Kane/ACT/audit_results/abcrown_nopgd_20260525/nn4sys/0004__pensieve_small_simple__pensieve_simple_3.log"
5,"onnx/pensieve_small_parallel.onnx","vnnlib/pensieve_parallel_4.vnnlib",30,30,4.99,missing_result,2,"/data1/Kane/ACT/audit_results/abcrown_nopgd_20260525/nn4sys/0005__pensieve_small_parallel__pensieve_parallel_4.result","/data1/Kane/ACT/audit_results/abcrown_nopgd_20260525/nn4sys/0005__pensieve_small_parallel__pensieve_parallel_4.log"
6,"onnx/pensieve_small_simple.onnx","vnnlib/pensieve_simple_5.vnnlib",30,30,4.20,missing_result,2,"/data1/Kane/ACT/audit_results/abcrown_nopgd_20260525/nn4sys/0006__pensieve_small_simple__pensieve_simple_5.result","/data1/Kane/ACT/audit_results/abcrown_nopgd_20260525/nn4sys/0006__pensieve_small_simple__pensieve_simple_5.log"
7,"onnx/pensieve_mid_simple.onnx","vnnlib/pensieve_simple_6.vnnlib",30,30,4.63,missing_result,2,"/data1/Kane/ACT/audit_results/abcrown_nopgd_20260525/nn4sys/0007__pensieve_mid_simple__pensieve_simple_6.result","/data1/Kane/ACT/audit_results/abcrown_nopgd_20260525/nn4sys/0007__pensieve_mid_simple__pensieve_simple_6.log"
8,"onnx/pensieve_big_simple.onnx","vnnlib/pensieve_simple_7.vnnlib",30,30,4.48,missing_result,2,"/data1/Kane/ACT/audit_results/abcrown_nopgd_20260525/nn4sys/0008__pensieve_big_simple__pensieve_simple_7.result","/data1/Kane/ACT/audit_results/abcrown_nopgd_20260525/nn4sys/0008__pensieve_big_simple__pensieve_simple_7.log"
9,"onnx/pensieve_big_parallel.onnx","vnnlib/pensieve_parallel_8.vnnlib",30,30,4.63,missing_result,2,"/data1/Kane/ACT/audit_results/abcrown_nopgd_20260525/nn4sys/0009__pensieve_big_parallel__pensieve_parallel_8.result","/data1/Kane/ACT/audit_results/abcrown_nopgd_20260525/nn4sys/0009__pensieve_big_parallel__pensieve_parallel_8.log"
10,"onnx/pensieve_small_parallel.onnx","vnnlib/pensieve_parallel_9.vnnlib",30,30,4.33,missing_result,2,"/data1/Kane/ACT/audit_results/abcrown_nopgd_20260525/nn4sys/0010__pensieve_small_parallel__pensieve_parallel_9.result","/data1/Kane/ACT/audit_results/abcrown_nopgd_20260525/nn4sys/0010__pensieve_small_parallel__pensieve_parallel_9.log"
11,"onnx/pensieve_big_simple.onnx","vnnlib/pensieve_simple_10.vnnlib",30,30,4.56,missing_result,2,"/data1/Kane/ACT/audit_results/abcrown_nopgd_20260525/nn4sys/0011__pensieve_big_simple__pensieve_simple_10.result","/data1/Kane/ACT/audit_results/abcrown_nopgd_20260525/nn4sys/0011__pensieve_big_simple__pensieve_simple_10.log"
12,"onnx/pensieve_mid_simple.onnx","vnnlib/pensieve_simple_11.vnnlib",30,30,3.69,missing_result,2,"/data1/Kane/ACT/audit_results/abcrown_nopgd_20260525/nn4sys/0012__pensieve_mid_simple__pensieve_simple_11.result","/data1/Kane/ACT/audit_results/abcrown_nopgd_20260525/nn4sys/0012__pensieve_mid_simple__pensieve_simple_11.log"
13,"onnx/pensieve_big_simple.onnx","vnnlib/pensieve_simple_12.vnnlib",30,30,3.83,missing_result,2,"/data1/Kane/ACT/audit_results/abcrown_nopgd_20260525/nn4sys/0013__pensieve_big_simple__pensieve_simple_12.result","/data1/Kane/ACT/audit_results/abcrown_nopgd_20260525/nn4sys/0013__pensieve_big_simple__pensieve_simple_12.log"
14,"onnx/pensieve_small_simple.onnx","vnnlib/pensieve_simple_13.vnnlib",30,30,3.89,missing_result,2,"/data1/Kane/ACT/audit_results/abcrown_nopgd_20260525/nn4sys/0014__pensieve_small_simple__pensieve_simple_13.result","/data1/Kane/ACT/audit_results/abcrown_nopgd_20260525/nn4sys/0014__pensieve_small_simple__pensieve_simple_13.log"
15,"onnx/pensieve_big_simple.onnx","vnnlib/pensieve_simple_14.vnnlib",30,30,4.17,missing_result,2,"/data1/Kane/ACT/audit_results/abcrown_nopgd_20260525/nn4sys/0015__pensieve_big_simple__pensieve_simple_14.result","/data1/Kane/ACT/audit_results/abcrown_nopgd_20260525/nn4sys/0015__pensieve_big_simple__pensieve_simple_14.log"
16,"onnx/pensieve_small_simple.onnx","vnnlib/pensieve_simple_15.vnnlib",30,30,4.07,missing_result,2,"/data1/Kane/ACT/audit_results/abcrown_nopgd_20260525/nn4sys/0016__pensieve_small_simple__pensieve_simple_15.result","/data1/Kane/ACT/audit_results/abcrown_nopgd_20260525/nn4sys/0016__pensieve_small_simple__pensieve_simple_15.log"
17,"onnx/pensieve_small_simple.onnx","vnnlib/pensieve_simple_16.vnnlib",30,30,4.46,missing_result,2,"/data1/Kane/ACT/audit_results/abcrown_nopgd_20260525/nn4sys/0017__pensieve_small_simple__pensieve_simple_16.result","/data1/Kane/ACT/audit_results/abcrown_nopgd_20260525/nn4sys/0017__pensieve_small_simple__pensieve_simple_16.log"
18,"onnx/pensieve_small_parallel.onnx","vnnlib/pensieve_parallel_17.vnnlib",30,30,4.50,missing_result,2,"/data1/Kane/ACT/audit_results/abcrown_nopgd_20260525/nn4sys/0018__pensieve_small_parallel__pensieve_parallel_17.result","/data1/Kane/ACT/audit_results/abcrown_nopgd_20260525/nn4sys/0018__pensieve_small_parallel__pensieve_parallel_17.log"
19,"onnx/pensieve_small_simple.onnx","vnnlib/pensieve_simple_18.vnnlib",30,30,4.04,missing_result,2,"/data1/Kane/ACT/audit_results/abcrown_nopgd_20260525/nn4sys/0019__pensieve_small_simple__pensieve_simple_18.result","/data1/Kane/ACT/audit_results/abcrown_nopgd_20260525/nn4sys/0019__pensieve_small_simple__pensieve_simple_18.log"
20,"onnx/pensieve_small_parallel.onnx","vnnlib/pensieve_parallel_19.vnnlib",30,30,5.06,missing_result,2,"/data1/Kane/ACT/audit_results/abcrown_nopgd_20260525/nn4sys/0020__pensieve_small_parallel__pensieve_parallel_19.result","/data1/Kane/ACT/audit_results/abcrown_nopgd_20260525/nn4sys/0020__pensieve_small_parallel__pensieve_parallel_19.log"
21,"onnx/pensieve_small_parallel.onnx","vnnlib/pensieve_parallel_20.vnnlib",30,30,3.66,missing_result,2,"/data1/Kane/ACT/audit_results/abcrown_nopgd_20260525/nn4sys/0021__pensieve_small_parallel__pensieve_parallel_20.result","/data1/Kane/ACT/audit_results/abcrown_nopgd_20260525/nn4sys/0021__pensieve_small_parallel__pensieve_parallel_20.log"
22,"onnx/pensieve_mid_simple.onnx","vnnlib/pensieve_simple_21.vnnlib",30,30,4.61,missing_result,2,"/data1/Kane/ACT/audit_results/abcrown_nopgd_20260525/nn4sys/0022__pensieve_mid_simple__pensieve_simple_21.result","/data1/Kane/ACT/audit_results/abcrown_nopgd_20260525/nn4sys/0022__pensieve_mid_simple__pensieve_simple_21.log"
23,"onnx/pensieve_big_simple.onnx","vnnlib/pensieve_simple_22.vnnlib",30,30,3.86,missing_result,2,"/data1/Kane/ACT/audit_results/abcrown_nopgd_20260525/nn4sys/0023__pensieve_big_simple__pensieve_simple_22.result","/data1/Kane/ACT/audit_results/abcrown_nopgd_20260525/nn4sys/0023__pensieve_big_simple__pensieve_simple_22.log"
24,"onnx/pensieve_big_parallel.onnx","vnnlib/pensieve_parallel_23.vnnlib",30,30,5.14,missing_result,2,"/data1/Kane/ACT/audit_results/abcrown_nopgd_20260525/nn4sys/0024__pensieve_big_parallel__pensieve_parallel_23.result","/data1/Kane/ACT/audit_results/abcrown_nopgd_20260525/nn4sys/0024__pensieve_big_parallel__pensieve_parallel_23.log"
25,"onnx/pensieve_big_parallel.onnx","vnnlib/pensieve_parallel_24.vnnlib",30,30,3.78,missing_result,2,"/data1/Kane/ACT/audit_results/abcrown_nopgd_20260525/nn4sys/0025__pensieve_big_parallel__pensieve_parallel_24.result","/data1/Kane/ACT/audit_results/abcrown_nopgd_20260525/nn4sys/0025__pensieve_big_parallel__pensieve_parallel_24.log"
26,"onnx/pensieve_big_simple.onnx","vnnlib/pensieve_simple_25.vnnlib",30,30,4.74,missing_result,2,"/data1/Kane/ACT/audit_results/abcrown_nopgd_20260525/nn4sys/0026__pensieve_big_simple__pensieve_simple_25.result","/data1/Kane/ACT/audit_results/abcrown_nopgd_20260525/nn4sys/0026__pensieve_big_simple__pensieve_simple_25.log"
27,"onnx/pensieve_big_simple.onnx","vnnlib/pensieve_simple_26.vnnlib",30,30,3.79,missing_result,2,"/data1/Kane/ACT/audit_results/abcrown_nopgd_20260525/nn4sys/0027__pensieve_big_simple__pensieve_simple_26.result","/data1/Kane/ACT/audit_results/abcrown_nopgd_20260525/nn4sys/0027__pensieve_big_simple__pensieve_simple_26.log"
28,"onnx/pensieve_small_parallel.onnx","vnnlib/pensieve_parallel_27.vnnlib",30,30,4.86,missing_result,2,"/data1/Kane/ACT/audit_results/abcrown_nopgd_20260525/nn4sys/0028__pensieve_small_parallel__pensieve_parallel_27.result","/data1/Kane/ACT/audit_results/abcrown_nopgd_20260525/nn4sys/0028__pensieve_small_parallel__pensieve_parallel_27.log"
29,"onnx/pensieve_small_simple.onnx","vnnlib/pensieve_simple_28.vnnlib",30,30,4.16,missing_result,2,"/data1/Kane/ACT/audit_results/abcrown_nopgd_20260525/nn4sys/0029__pensieve_small_simple__pensieve_simple_28.result","/data1/Kane/ACT/audit_results/abcrown_nopgd_20260525/nn4sys/0029__pensieve_small_simple__pensieve_simple_28.log"
30,"onnx/pensieve_big_simple.onnx","vnnlib/pensieve_simple_29.vnnlib",30,30,4.91,missing_result,2,"/data1/Kane/ACT/audit_results/abcrown_nopgd_20260525/nn4sys/0030__pensieve_big_simple__pensieve_simple_29.result","/data1/Kane/ACT/audit_results/abcrown_nopgd_20260525/nn4sys/0030__pensieve_big_simple__pensieve_simple_29.log"
31,"onnx/pensieve_big_parallel.onnx","vnnlib/pensieve_parallel_30.vnnlib",30,30,3.83,missing_result,2,"/data1/Kane/ACT/audit_results/abcrown_nopgd_20260525/nn4sys/0031__pensieve_big_parallel__pensieve_parallel_30.result","/data1/Kane/ACT/audit_results/abcrown_nopgd_20260525/nn4sys/0031__pensieve_big_parallel__pensieve_parallel_30.log"
32,"onnx/pensieve_big_simple.onnx","vnnlib/pensieve_simple_31.vnnlib",30,30,4.74,missing_result,2,"/data1/Kane/ACT/audit_results/abcrown_nopgd_20260525/nn4sys/0032__pensieve_big_simple__pensieve_simple_31.result","/data1/Kane/ACT/audit_results/abcrown_nopgd_20260525/nn4sys/0032__pensieve_big_simple__pensieve_simple_31.log"
33,"onnx/pensieve_small_parallel.onnx","vnnlib/pensieve_parallel_32.vnnlib",30,30,3.63,missing_result,2,"/data1/Kane/ACT/audit_results/abcrown_nopgd_20260525/nn4sys/0033__pensieve_small_parallel__pensieve_parallel_32.result","/data1/Kane/ACT/audit_results/abcrown_nopgd_20260525/nn4sys/0033__pensieve_small_parallel__pensieve_parallel_32.log"
34,"onnx/pensieve_small_parallel.onnx","vnnlib/pensieve_parallel_33.vnnlib",30,30,4.93,missing_result,2,"/data1/Kane/ACT/audit_results/abcrown_nopgd_20260525/nn4sys/0034__pensieve_small_parallel__pensieve_parallel_33.result","/data1/Kane/ACT/audit_results/abcrown_nopgd_20260525/nn4sys/0034__pensieve_small_parallel__pensieve_parallel_33.log"
35,"onnx/pensieve_small_simple.onnx","vnnlib/pensieve_simple_34.vnnlib",30,30,3.85,missing_result,2,"/data1/Kane/ACT/audit_results/abcrown_nopgd_20260525/nn4sys/0035__pensieve_small_simple__pensieve_simple_34.result","/data1/Kane/ACT/audit_results/abcrown_nopgd_20260525/nn4sys/0035__pensieve_small_simple__pensieve_simple_34.log"
36,"onnx/pensieve_big_parallel.onnx","vnnlib/pensieve_parallel_35.vnnlib",60,60,4.98,missing_result,2,"/data1/Kane/ACT/audit_results/abcrown_nopgd_20260525/nn4sys/0036__pensieve_big_parallel__pensieve_parallel_35.result","/data1/Kane/ACT/audit_results/abcrown_nopgd_20260525/nn4sys/0036__pensieve_big_parallel__pensieve_parallel_35.log"
37,"onnx/pensieve_big_parallel.onnx","vnnlib/pensieve_parallel_36.vnnlib",60,60,3.80,missing_result,2,"/data1/Kane/ACT/audit_results/abcrown_nopgd_20260525/nn4sys/0037__pensieve_big_parallel__pensieve_parallel_36.result","/data1/Kane/ACT/audit_results/abcrown_nopgd_20260525/nn4sys/0037__pensieve_big_parallel__pensieve_parallel_36.log"
38,"onnx/pensieve_big_parallel.onnx","vnnlib/pensieve_parallel_37.vnnlib",60,60,3.66,missing_result,2,"/data1/Kane/ACT/audit_results/abcrown_nopgd_20260525/nn4sys/0038__pensieve_big_parallel__pensieve_parallel_37.result","/data1/Kane/ACT/audit_results/abcrown_nopgd_20260525/nn4sys/0038__pensieve_big_parallel__pensieve_parallel_37.log"
39,"onnx/pensieve_big_parallel.onnx","vnnlib/pensieve_parallel_38.vnnlib",60,60,3.92,missing_result,2,"/data1/Kane/ACT/audit_results/abcrown_nopgd_20260525/nn4sys/0039__pensieve_big_parallel__pensieve_parallel_38.result","/data1/Kane/ACT/audit_results/abcrown_nopgd_20260525/nn4sys/0039__pensieve_big_parallel__pensieve_parallel_38.log"
40,"onnx/pensieve_big_parallel.onnx","vnnlib/pensieve_parallel_39.vnnlib",60,60,3.84,missing_result,2,"/data1/Kane/ACT/audit_results/abcrown_nopgd_20260525/nn4sys/0040__pensieve_big_parallel__pensieve_parallel_39.result","/data1/Kane/ACT/audit_results/abcrown_nopgd_20260525/nn4sys/0040__pensieve_big_parallel__pensieve_parallel_39.log"
41,"onnx/pensieve_big_parallel.onnx","vnnlib/pensieve_parallel_40.vnnlib",60,60,4.33,missing_result,2,"/data1/Kane/ACT/audit_results/abcrown_nopgd_20260525/nn4sys/0041__pensieve_big_parallel__pensieve_parallel_40.result","/data1/Kane/ACT/audit_results/abcrown_nopgd_20260525/nn4sys/0041__pensieve_big_parallel__pensieve_parallel_40.log"
42,"onnx/pensieve_big_parallel.onnx","vnnlib/pensieve_parallel_41.vnnlib",60,60,3.94,missing_result,2,"/data1/Kane/ACT/audit_results/abcrown_nopgd_20260525/nn4sys/0042__pensieve_big_parallel__pensieve_parallel_41.result","/data1/Kane/ACT/audit_results/abcrown_nopgd_20260525/nn4sys/0042__pensieve_big_parallel__pensieve_parallel_41.log"
43,"onnx/pensieve_big_parallel.onnx","vnnlib/pensieve_parallel_42.vnnlib",60,60,4.42,missing_result,2,"/data1/Kane/ACT/audit_results/abcrown_nopgd_20260525/nn4sys/0043__pensieve_big_parallel__pensieve_parallel_42.result","/data1/Kane/ACT/audit_results/abcrown_nopgd_20260525/nn4sys/0043__pensieve_big_parallel__pensieve_parallel_42.log"
44,"onnx/pensieve_big_parallel.onnx","vnnlib/pensieve_parallel_43.vnnlib",60,60,4.71,missing_result,2,"/data1/Kane/ACT/audit_results/abcrown_nopgd_20260525/nn4sys/0044__pensieve_big_parallel__pensieve_parallel_43.result","/data1/Kane/ACT/audit_results/abcrown_nopgd_20260525/nn4sys/0044__pensieve_big_parallel__pensieve_parallel_43.log"
45,"onnx/pensieve_big_parallel.onnx","vnnlib/pensieve_parallel_44.vnnlib",60,60,4.71,missing_result,2,"/data1/Kane/ACT/audit_results/abcrown_nopgd_20260525/nn4sys/0045__pensieve_big_parallel__pensieve_parallel_44.result","/data1/Kane/ACT/audit_results/abcrown_nopgd_20260525/nn4sys/0045__pensieve_big_parallel__pensieve_parallel_44.log"
46,"onnx/pensieve_big_parallel.onnx","vnnlib/pensieve_parallel_45.vnnlib",60,60,3.99,missing_result,2,"/data1/Kane/ACT/audit_results/abcrown_nopgd_20260525/nn4sys/0046__pensieve_big_parallel__pensieve_parallel_45.result","/data1/Kane/ACT/audit_results/abcrown_nopgd_20260525/nn4sys/0046__pensieve_big_parallel__pensieve_parallel_45.log"
47,"onnx/pensieve_big_parallel.onnx","vnnlib/pensieve_parallel_46.vnnlib",60,60,4.74,missing_result,2,"/data1/Kane/ACT/audit_results/abcrown_nopgd_20260525/nn4sys/0047__pensieve_big_parallel__pensieve_parallel_46.result","/data1/Kane/ACT/audit_results/abcrown_nopgd_20260525/nn4sys/0047__pensieve_big_parallel__pensieve_parallel_46.log"
48,"onnx/pensieve_big_parallel.onnx","vnnlib/pensieve_parallel_47.vnnlib",60,60,4.29,missing_result,2,"/data1/Kane/ACT/audit_results/abcrown_nopgd_20260525/nn4sys/0048__pensieve_big_parallel__pensieve_parallel_47.result","/data1/Kane/ACT/audit_results/abcrown_nopgd_20260525/nn4sys/0048__pensieve_big_parallel__pensieve_parallel_47.log"
49,"onnx/pensieve_big_parallel.onnx","vnnlib/pensieve_parallel_48.vnnlib",60,60,4.16,missing_result,2,"/data1/Kane/ACT/audit_results/abcrown_nopgd_20260525/nn4sys/0049__pensieve_big_parallel__pensieve_parallel_48.result","/data1/Kane/ACT/audit_results/abcrown_nopgd_20260525/nn4sys/0049__pensieve_big_parallel__pensieve_parallel_48.log"
50,"onnx/pensieve_big_parallel.onnx","vnnlib/pensieve_parallel_49.vnnlib",60,60,5.00,missing_result,2,"/data1/Kane/ACT/audit_results/abcrown_nopgd_20260525/nn4sys/0050__pensieve_big_parallel__pensieve_parallel_49.result","/data1/Kane/ACT/audit_results/abcrown_nopgd_20260525/nn4sys/0050__pensieve_big_parallel__pensieve_parallel_49.log"
51,"onnx/pensieve_big_parallel.onnx","vnnlib/pensieve_parallel_50.vnnlib",60,60,4.31,missing_result,2,"/data1/Kane/ACT/audit_results/abcrown_nopgd_20260525/nn4sys/0051__pensieve_big_parallel__pensieve_parallel_50.result","/data1/Kane/ACT/audit_results/abcrown_nopgd_20260525/nn4sys/0051__pensieve_big_parallel__pensieve_parallel_50.log"
52,"onnx/pensieve_big_parallel.onnx","vnnlib/pensieve_parallel_51.vnnlib",60,60,4.71,missing_result,2,"/data1/Kane/ACT/audit_results/abcrown_nopgd_20260525/nn4sys/0052__pensieve_big_parallel__pensieve_parallel_51.result","/data1/Kane/ACT/audit_results/abcrown_nopgd_20260525/nn4sys/0052__pensieve_big_parallel__pensieve_parallel_51.log"
53,"onnx/pensieve_big_parallel.onnx","vnnlib/pensieve_parallel_52.vnnlib",60,60,5.20,missing_result,2,"/data1/Kane/ACT/audit_results/abcrown_nopgd_20260525/nn4sys/0053__pensieve_big_parallel__pensieve_parallel_52.result","/data1/Kane/ACT/audit_results/abcrown_nopgd_20260525/nn4sys/0053__pensieve_big_parallel__pensieve_parallel_52.log"
54,"onnx/pensieve_big_parallel.onnx","vnnlib/pensieve_parallel_53.vnnlib",60,60,4.04,missing_result,2,"/data1/Kane/ACT/audit_results/abcrown_nopgd_20260525/nn4sys/0054__pensieve_big_parallel__pensieve_parallel_53.result","/data1/Kane/ACT/audit_results/abcrown_nopgd_20260525/nn4sys/0054__pensieve_big_parallel__pensieve_parallel_53.log"
55,"onnx/pensieve_big_parallel.onnx","vnnlib/pensieve_parallel_54.vnnlib",60,60,5.11,missing_result,2,"/data1/Kane/ACT/audit_results/abcrown_nopgd_20260525/nn4sys/0055__pensieve_big_parallel__pensieve_parallel_54.result","/data1/Kane/ACT/audit_results/abcrown_nopgd_20260525/nn4sys/0055__pensieve_big_parallel__pensieve_parallel_54.log"
56,"onnx/pensieve_big_parallel.onnx","vnnlib/pensieve_parallel_55.vnnlib",60,60,4.67,missing_result,2,"/data1/Kane/ACT/audit_results/abcrown_nopgd_20260525/nn4sys/0056__pensieve_big_parallel__pensieve_parallel_55.result","/data1/Kane/ACT/audit_results/abcrown_nopgd_20260525/nn4sys/0056__pensieve_big_parallel__pensieve_parallel_55.log"
57,"onnx/pensieve_big_parallel.onnx","vnnlib/pensieve_parallel_56.vnnlib",60,60,4.85,missing_result,2,"/data1/Kane/ACT/audit_results/abcrown_nopgd_20260525/nn4sys/0057__pensieve_big_parallel__pensieve_parallel_56.result","/data1/Kane/ACT/audit_results/abcrown_nopgd_20260525/nn4sys/0057__pensieve_big_parallel__pensieve_parallel_56.log"
58,"onnx/pensieve_big_parallel.onnx","vnnlib/pensieve_parallel_57.vnnlib",60,60,5.04,missing_result,2,"/data1/Kane/ACT/audit_results/abcrown_nopgd_20260525/nn4sys/0058__pensieve_big_parallel__pensieve_parallel_57.result","/data1/Kane/ACT/audit_results/abcrown_nopgd_20260525/nn4sys/0058__pensieve_big_parallel__pensieve_parallel_57.log"
59,"onnx/pensieve_big_parallel.onnx","vnnlib/pensieve_parallel_58.vnnlib",60,60,3.59,missing_result,2,"/data1/Kane/ACT/audit_results/abcrown_nopgd_20260525/nn4sys/0059__pensieve_big_parallel__pensieve_parallel_58.result","/data1/Kane/ACT/audit_results/abcrown_nopgd_20260525/nn4sys/0059__pensieve_big_parallel__pensieve_parallel_58.log"
60,"onnx/pensieve_big_parallel.onnx","vnnlib/pensieve_parallel_59.vnnlib",60,60,5.03,missing_result,2,"/data1/Kane/ACT/audit_results/abcrown_nopgd_20260525/nn4sys/0060__pensieve_big_parallel__pensieve_parallel_59.result","/data1/Kane/ACT/audit_results/abcrown_nopgd_20260525/nn4sys/0060__pensieve_big_parallel__pensieve_parallel_59.log"
61,"onnx/pensieve_big_parallel.onnx","vnnlib/pensieve_parallel_60.vnnlib",60,60,4.16,missing_result,2,"/data1/Kane/ACT/audit_results/abcrown_nopgd_20260525/nn4sys/0061__pensieve_big_parallel__pensieve_parallel_60.result","/data1/Kane/ACT/audit_results/abcrown_nopgd_20260525/nn4sys/0061__pensieve_big_parallel__pensieve_parallel_60.log"
62,"onnx/pensieve_big_parallel.onnx","vnnlib/pensieve_parallel_61.vnnlib",60,60,4.26,missing_result,2,"/data1/Kane/ACT/audit_results/abcrown_nopgd_20260525/nn4sys/0062__pensieve_big_parallel__pensieve_parallel_61.result","/data1/Kane/ACT/audit_results/abcrown_nopgd_20260525/nn4sys/0062__pensieve_big_parallel__pensieve_parallel_61.log"
63,"onnx/pensieve_big_parallel.onnx","vnnlib/pensieve_parallel_62.vnnlib",60,60,3.65,missing_result,2,"/data1/Kane/ACT/audit_results/abcrown_nopgd_20260525/nn4sys/0063__pensieve_big_parallel__pensieve_parallel_62.result","/data1/Kane/ACT/audit_results/abcrown_nopgd_20260525/nn4sys/0063__pensieve_big_parallel__pensieve_parallel_62.log"
64,"onnx/pensieve_big_parallel.onnx","vnnlib/pensieve_parallel_63.vnnlib",60,60,3.75,missing_result,2,"/data1/Kane/ACT/audit_results/abcrown_nopgd_20260525/nn4sys/0064__pensieve_big_parallel__pensieve_parallel_63.result","/data1/Kane/ACT/audit_results/abcrown_nopgd_20260525/nn4sys/0064__pensieve_big_parallel__pensieve_parallel_63.log"
65,"onnx/pensieve_big_parallel.onnx","vnnlib/pensieve_parallel_64.vnnlib",60,60,4.08,missing_result,2,"/data1/Kane/ACT/audit_results/abcrown_nopgd_20260525/nn4sys/0065__pensieve_big_parallel__pensieve_parallel_64.result","/data1/Kane/ACT/audit_results/abcrown_nopgd_20260525/nn4sys/0065__pensieve_big_parallel__pensieve_parallel_64.log"
66,"onnx/pensieve_big_parallel.onnx","vnnlib/pensieve_parallel_65.vnnlib",60,60,4.00,missing_result,2,"/data1/Kane/ACT/audit_results/abcrown_nopgd_20260525/nn4sys/0066__pensieve_big_parallel__pensieve_parallel_65.result","/data1/Kane/ACT/audit_results/abcrown_nopgd_20260525/nn4sys/0066__pensieve_big_parallel__pensieve_parallel_65.log"
67,"onnx/pensieve_big_parallel.onnx","vnnlib/pensieve_parallel_66.vnnlib",60,60,4.97,missing_result,2,"/data1/Kane/ACT/audit_results/abcrown_nopgd_20260525/nn4sys/0067__pensieve_big_parallel__pensieve_parallel_66.result","/data1/Kane/ACT/audit_results/abcrown_nopgd_20260525/nn4sys/0067__pensieve_big_parallel__pensieve_parallel_66.log"
68,"onnx/pensieve_big_parallel.onnx","vnnlib/pensieve_parallel_67.vnnlib",60,60,4.42,missing_result,2,"/data1/Kane/ACT/audit_results/abcrown_nopgd_20260525/nn4sys/0068__pensieve_big_parallel__pensieve_parallel_67.result","/data1/Kane/ACT/audit_results/abcrown_nopgd_20260525/nn4sys/0068__pensieve_big_parallel__pensieve_parallel_67.log"
69,"onnx/pensieve_big_parallel.onnx","vnnlib/pensieve_parallel_68.vnnlib",60,60,4.46,missing_result,2,"/data1/Kane/ACT/audit_results/abcrown_nopgd_20260525/nn4sys/0069__pensieve_big_parallel__pensieve_parallel_68.result","/data1/Kane/ACT/audit_results/abcrown_nopgd_20260525/nn4sys/0069__pensieve_big_parallel__pensieve_parallel_68.log"
70,"onnx/pensieve_big_parallel.onnx","vnnlib/pensieve_parallel_69.vnnlib",60,60,5.31,missing_result,2,"/data1/Kane/ACT/audit_results/abcrown_nopgd_20260525/nn4sys/0070__pensieve_big_parallel__pensieve_parallel_69.result","/data1/Kane/ACT/audit_results/abcrown_nopgd_20260525/nn4sys/0070__pensieve_big_parallel__pensieve_parallel_69.log"
71,"onnx/pensieve_big_parallel.onnx","vnnlib/pensieve_parallel_70.vnnlib",140,140,5.09,missing_result,2,"/data1/Kane/ACT/audit_results/abcrown_nopgd_20260525/nn4sys/0071__pensieve_big_parallel__pensieve_parallel_70.result","/data1/Kane/ACT/audit_results/abcrown_nopgd_20260525/nn4sys/0071__pensieve_big_parallel__pensieve_parallel_70.log"
72,"onnx/pensieve_big_parallel.onnx","vnnlib/pensieve_parallel_71.vnnlib",140,140,3.71,missing_result,2,"/data1/Kane/ACT/audit_results/abcrown_nopgd_20260525/nn4sys/0072__pensieve_big_parallel__pensieve_parallel_71.result","/data1/Kane/ACT/audit_results/abcrown_nopgd_20260525/nn4sys/0072__pensieve_big_parallel__pensieve_parallel_71.log"
73,"onnx/pensieve_big_parallel.onnx","vnnlib/pensieve_parallel_72.vnnlib",140,140,5.14,missing_result,2,"/data1/Kane/ACT/audit_results/abcrown_nopgd_20260525/nn4sys/0073__pensieve_big_parallel__pensieve_parallel_72.result","/data1/Kane/ACT/audit_results/abcrown_nopgd_20260525/nn4sys/0073__pensieve_big_parallel__pensieve_parallel_72.log"
74,"onnx/pensieve_big_parallel.onnx","vnnlib/pensieve_parallel_73.vnnlib",140,140,5.09,missing_result,2,"/data1/Kane/ACT/audit_results/abcrown_nopgd_20260525/nn4sys/0074__pensieve_big_parallel__pensieve_parallel_73.result","/data1/Kane/ACT/audit_results/abcrown_nopgd_20260525/nn4sys/0074__pensieve_big_parallel__pensieve_parallel_73.log"
75,"onnx/pensieve_big_parallel.onnx","vnnlib/pensieve_parallel_74.vnnlib",140,140,3.71,missing_result,2,"/data1/Kane/ACT/audit_results/abcrown_nopgd_20260525/nn4sys/0075__pensieve_big_parallel__pensieve_parallel_74.result","/data1/Kane/ACT/audit_results/abcrown_nopgd_20260525/nn4sys/0075__pensieve_big_parallel__pensieve_parallel_74.log"
76,"onnx/pensieve_big_parallel.onnx","vnnlib/pensieve_parallel_75.vnnlib",140,140,4.88,missing_result,2,"/data1/Kane/ACT/audit_results/abcrown_nopgd_20260525/nn4sys/0076__pensieve_big_parallel__pensieve_parallel_75.result","/data1/Kane/ACT/audit_results/abcrown_nopgd_20260525/nn4sys/0076__pensieve_big_parallel__pensieve_parallel_75.log"
77,"onnx/pensieve_big_parallel.onnx","vnnlib/pensieve_parallel_76.vnnlib",140,140,3.94,missing_result,2,"/data1/Kane/ACT/audit_results/abcrown_nopgd_20260525/nn4sys/0077__pensieve_big_parallel__pensieve_parallel_76.result","/data1/Kane/ACT/audit_results/abcrown_nopgd_20260525/nn4sys/0077__pensieve_big_parallel__pensieve_parallel_76.log"
78,"onnx/pensieve_big_parallel.onnx","vnnlib/pensieve_parallel_77.vnnlib",140,140,4.83,missing_result,2,"/data1/Kane/ACT/audit_results/abcrown_nopgd_20260525/nn4sys/0078__pensieve_big_parallel__pensieve_parallel_77.result","/data1/Kane/ACT/audit_results/abcrown_nopgd_20260525/nn4sys/0078__pensieve_big_parallel__pensieve_parallel_77.log"
79,"onnx/pensieve_big_parallel.onnx","vnnlib/pensieve_parallel_78.vnnlib",140,140,5.13,missing_result,2,"/data1/Kane/ACT/audit_results/abcrown_nopgd_20260525/nn4sys/0079__pensieve_big_parallel__pensieve_parallel_78.result","/data1/Kane/ACT/audit_results/abcrown_nopgd_20260525/nn4sys/0079__pensieve_big_parallel__pensieve_parallel_78.log"
80,"onnx/pensieve_big_parallel.onnx","vnnlib/pensieve_parallel_79.vnnlib",140,140,4.01,missing_result,2,"/data1/Kane/ACT/audit_results/abcrown_nopgd_20260525/nn4sys/0080__pensieve_big_parallel__pensieve_parallel_79.result","/data1/Kane/ACT/audit_results/abcrown_nopgd_20260525/nn4sys/0080__pensieve_big_parallel__pensieve_parallel_79.log"
81,"onnx/pensieve_big_parallel.onnx","vnnlib/pensieve_parallel_80.vnnlib",140,140,4.80,missing_result,2,"/data1/Kane/ACT/audit_results/abcrown_nopgd_20260525/nn4sys/0081__pensieve_big_parallel__pensieve_parallel_80.result","/data1/Kane/ACT/audit_results/abcrown_nopgd_20260525/nn4sys/0081__pensieve_big_parallel__pensieve_parallel_80.log"
82,"onnx/pensieve_big_parallel.onnx","vnnlib/pensieve_parallel_81.vnnlib",140,140,4.12,missing_result,2,"/data1/Kane/ACT/audit_results/abcrown_nopgd_20260525/nn4sys/0082__pensieve_big_parallel__pensieve_parallel_81.result","/data1/Kane/ACT/audit_results/abcrown_nopgd_20260525/nn4sys/0082__pensieve_big_parallel__pensieve_parallel_81.log"
83,"onnx/pensieve_big_parallel.onnx","vnnlib/pensieve_parallel_82.vnnlib",140,140,4.98,missing_result,2,"/data1/Kane/ACT/audit_results/abcrown_nopgd_20260525/nn4sys/0083__pensieve_big_parallel__pensieve_parallel_82.result","/data1/Kane/ACT/audit_results/abcrown_nopgd_20260525/nn4sys/0083__pensieve_big_parallel__pensieve_parallel_82.log"
84,"onnx/pensieve_big_parallel.onnx","vnnlib/pensieve_parallel_83.vnnlib",140,140,4.78,missing_result,2,"/data1/Kane/ACT/audit_results/abcrown_nopgd_20260525/nn4sys/0084__pensieve_big_parallel__pensieve_parallel_83.result","/data1/Kane/ACT/audit_results/abcrown_nopgd_20260525/nn4sys/0084__pensieve_big_parallel__pensieve_parallel_83.log"
85,"onnx/pensieve_big_parallel.onnx","vnnlib/pensieve_parallel_84.vnnlib",140,140,4.44,missing_result,2,"/data1/Kane/ACT/audit_results/abcrown_nopgd_20260525/nn4sys/0085__pensieve_big_parallel__pensieve_parallel_84.result","/data1/Kane/ACT/audit_results/abcrown_nopgd_20260525/nn4sys/0085__pensieve_big_parallel__pensieve_parallel_84.log"
86,"onnx/pensieve_big_parallel.onnx","vnnlib/pensieve_parallel_85.vnnlib",140,140,4.61,missing_result,2,"/data1/Kane/ACT/audit_results/abcrown_nopgd_20260525/nn4sys/0086__pensieve_big_parallel__pensieve_parallel_85.result","/data1/Kane/ACT/audit_results/abcrown_nopgd_20260525/nn4sys/0086__pensieve_big_parallel__pensieve_parallel_85.log"
87,"onnx/pensieve_big_parallel.onnx","vnnlib/pensieve_parallel_86.vnnlib",140,140,4.76,missing_result,2,"/data1/Kane/ACT/audit_results/abcrown_nopgd_20260525/nn4sys/0087__pensieve_big_parallel__pensieve_parallel_86.result","/data1/Kane/ACT/audit_results/abcrown_nopgd_20260525/nn4sys/0087__pensieve_big_parallel__pensieve_parallel_86.log"
88,"onnx/pensieve_big_parallel.onnx","vnnlib/pensieve_parallel_87.vnnlib",140,140,3.51,missing_result,2,"/data1/Kane/ACT/audit_results/abcrown_nopgd_20260525/nn4sys/0088__pensieve_big_parallel__pensieve_parallel_87.result","/data1/Kane/ACT/audit_results/abcrown_nopgd_20260525/nn4sys/0088__pensieve_big_parallel__pensieve_parallel_87.log"
89,"onnx/pensieve_big_parallel.onnx","vnnlib/pensieve_parallel_88.vnnlib",140,140,3.52,missing_result,2,"/data1/Kane/ACT/audit_results/abcrown_nopgd_20260525/nn4sys/0089__pensieve_big_parallel__pensieve_parallel_88.result","/data1/Kane/ACT/audit_results/abcrown_nopgd_20260525/nn4sys/0089__pensieve_big_parallel__pensieve_parallel_88.log"
90,"onnx/pensieve_big_parallel.onnx","vnnlib/pensieve_parallel_89.vnnlib",140,140,3.60,missing_result,2,"/data1/Kane/ACT/audit_results/abcrown_nopgd_20260525/nn4sys/0090__pensieve_big_parallel__pensieve_parallel_89.result","/data1/Kane/ACT/audit_results/abcrown_nopgd_20260525/nn4sys/0090__pensieve_big_parallel__pensieve_parallel_89.log"
91,"onnx/pensieve_big_parallel.onnx","vnnlib/pensieve_parallel_90.vnnlib",140,140,3.72,missing_result,2,"/data1/Kane/ACT/audit_results/abcrown_nopgd_20260525/nn4sys/0091__pensieve_big_parallel__pensieve_parallel_90.result","/data1/Kane/ACT/audit_results/abcrown_nopgd_20260525/nn4sys/0091__pensieve_big_parallel__pensieve_parallel_90.log"
92,"onnx/pensieve_big_parallel.onnx","vnnlib/pensieve_parallel_91.vnnlib",140,140,3.94,missing_result,2,"/data1/Kane/ACT/audit_results/abcrown_nopgd_20260525/nn4sys/0092__pensieve_big_parallel__pensieve_parallel_91.result","/data1/Kane/ACT/audit_results/abcrown_nopgd_20260525/nn4sys/0092__pensieve_big_parallel__pensieve_parallel_91.log"
93,"onnx/pensieve_big_parallel.onnx","vnnlib/pensieve_parallel_92.vnnlib",140,140,4.25,missing_result,2,"/data1/Kane/ACT/audit_results/abcrown_nopgd_20260525/nn4sys/0093__pensieve_big_parallel__pensieve_parallel_92.result","/data1/Kane/ACT/audit_results/abcrown_nopgd_20260525/nn4sys/0093__pensieve_big_parallel__pensieve_parallel_92.log"
94,"onnx/pensieve_big_parallel.onnx","vnnlib/pensieve_parallel_93.vnnlib",140,140,4.30,missing_result,2,"/data1/Kane/ACT/audit_results/abcrown_nopgd_20260525/nn4sys/0094__pensieve_big_parallel__pensieve_parallel_93.result","/data1/Kane/ACT/audit_results/abcrown_nopgd_20260525/nn4sys/0094__pensieve_big_parallel__pensieve_parallel_93.log"
95,"onnx/pensieve_big_parallel.onnx","vnnlib/pensieve_parallel_94.vnnlib",140,140,4.44,missing_result,2,"/data1/Kane/ACT/audit_results/abcrown_nopgd_20260525/nn4sys/0095__pensieve_big_parallel__pensieve_parallel_94.result","/data1/Kane/ACT/audit_results/abcrown_nopgd_20260525/nn4sys/0095__pensieve_big_parallel__pensieve_parallel_94.log"
96,"onnx/pensieve_big_parallel.onnx","vnnlib/pensieve_parallel_95.vnnlib",140,140,4.28,missing_result,2,"/data1/Kane/ACT/audit_results/abcrown_nopgd_20260525/nn4sys/0096__pensieve_big_parallel__pensieve_parallel_95.result","/data1/Kane/ACT/audit_results/abcrown_nopgd_20260525/nn4sys/0096__pensieve_big_parallel__pensieve_parallel_95.log"
97,"onnx/pensieve_big_parallel.onnx","vnnlib/pensieve_parallel_96.vnnlib",140,140,3.94,missing_result,2,"/data1/Kane/ACT/audit_results/abcrown_nopgd_20260525/nn4sys/0097__pensieve_big_parallel__pensieve_parallel_96.result","/data1/Kane/ACT/audit_results/abcrown_nopgd_20260525/nn4sys/0097__pensieve_big_parallel__pensieve_parallel_96.log"
98,"onnx/pensieve_big_parallel.onnx","vnnlib/pensieve_parallel_97.vnnlib",140,140,4.17,missing_result,2,"/data1/Kane/ACT/audit_results/abcrown_nopgd_20260525/nn4sys/0098__pensieve_big_parallel__pensieve_parallel_97.result","/data1/Kane/ACT/audit_results/abcrown_nopgd_20260525/nn4sys/0098__pensieve_big_parallel__pensieve_parallel_97.log"
99,"onnx/pensieve_big_parallel.onnx","vnnlib/pensieve_parallel_98.vnnlib",140,140,4.03,missing_result,2,"/data1/Kane/ACT/audit_results/abcrown_nopgd_20260525/nn4sys/0099__pensieve_big_parallel__pensieve_parallel_98.result","/data1/Kane/ACT/audit_results/abcrown_nopgd_20260525/nn4sys/0099__pensieve_big_parallel__pensieve_parallel_98.log"
100,"onnx/pensieve_big_parallel.onnx","vnnlib/pensieve_parallel_99.vnnlib",140,140,4.23,missing_result,2,"/data1/Kane/ACT/audit_results/abcrown_nopgd_20260525/nn4sys/0100__pensieve_big_parallel__pensieve_parallel_99.result","/data1/Kane/ACT/audit_results/abcrown_nopgd_20260525/nn4sys/0100__pensieve_big_parallel__pensieve_parallel_99.log"
101,"onnx/pensieve_big_parallel.onnx","vnnlib/pensieve_parallel_100.vnnlib",140,140,4.05,missing_result,2,"/data1/Kane/ACT/audit_results/abcrown_nopgd_20260525/nn4sys/0101__pensieve_big_parallel__pensieve_parallel_100.result","/data1/Kane/ACT/audit_results/abcrown_nopgd_20260525/nn4sys/0101__pensieve_big_parallel__pensieve_parallel_100.log"
102,"onnx/pensieve_big_parallel.onnx","vnnlib/pensieve_parallel_101.vnnlib",140,140,4.77,missing_result,2,"/data1/Kane/ACT/audit_results/abcrown_nopgd_20260525/nn4sys/0102__pensieve_big_parallel__pensieve_parallel_101.result","/data1/Kane/ACT/audit_results/abcrown_nopgd_20260525/nn4sys/0102__pensieve_big_parallel__pensieve_parallel_101.log"
103,"onnx/pensieve_big_parallel.onnx","vnnlib/pensieve_parallel_102.vnnlib",140,140,4.71,missing_result,2,"/data1/Kane/ACT/audit_results/abcrown_nopgd_20260525/nn4sys/0103__pensieve_big_parallel__pensieve_parallel_102.result","/data1/Kane/ACT/audit_results/abcrown_nopgd_20260525/nn4sys/0103__pensieve_big_parallel__pensieve_parallel_102.log"
104,"onnx/pensieve_big_parallel.onnx","vnnlib/pensieve_parallel_103.vnnlib",140,140,3.85,missing_result,2,"/data1/Kane/ACT/audit_results/abcrown_nopgd_20260525/nn4sys/0104__pensieve_big_parallel__pensieve_parallel_103.result","/data1/Kane/ACT/audit_results/abcrown_nopgd_20260525/nn4sys/0104__pensieve_big_parallel__pensieve_parallel_103.log"
105,"onnx/pensieve_big_parallel.onnx","vnnlib/pensieve_parallel_104.vnnlib",140,140,4.27,missing_result,2,"/data1/Kane/ACT/audit_results/abcrown_nopgd_20260525/nn4sys/0105__pensieve_big_parallel__pensieve_parallel_104.result","/data1/Kane/ACT/audit_results/abcrown_nopgd_20260525/nn4sys/0105__pensieve_big_parallel__pensieve_parallel_104.log"
106,"onnx/lindex.onnx","vnnlib/lindex_1.vnnlib",30,30,3.97,unsat,0,"/data1/Kane/ACT/audit_results/abcrown_nopgd_20260525/nn4sys/0106__lindex__lindex_1.result","/data1/Kane/ACT/audit_results/abcrown_nopgd_20260525/nn4sys/0106__lindex__lindex_1.log"
107,"onnx/lindex_deep.onnx","vnnlib/lindex_1.vnnlib",30,30,4.06,unsat,0,"/data1/Kane/ACT/audit_results/abcrown_nopgd_20260525/nn4sys/0107__lindex_deep__lindex_1.result","/data1/Kane/ACT/audit_results/abcrown_nopgd_20260525/nn4sys/0107__lindex_deep__lindex_1.log"
108,"onnx/lindex.onnx","vnnlib/lindex_200.vnnlib",30,30,4.04,unsat,0,"/data1/Kane/ACT/audit_results/abcrown_nopgd_20260525/nn4sys/0108__lindex__lindex_200.result","/data1/Kane/ACT/audit_results/abcrown_nopgd_20260525/nn4sys/0108__lindex__lindex_200.log"
109,"onnx/lindex_deep.onnx","vnnlib/lindex_200.vnnlib",30,30,3.94,unsat,0,"/data1/Kane/ACT/audit_results/abcrown_nopgd_20260525/nn4sys/0109__lindex_deep__lindex_200.result","/data1/Kane/ACT/audit_results/abcrown_nopgd_20260525/nn4sys/0109__lindex_deep__lindex_200.log"
110,"onnx/lindex.onnx","vnnlib/lindex_400.vnnlib",30,30,3.75,unsat,0,"/data1/Kane/ACT/audit_results/abcrown_nopgd_20260525/nn4sys/0110__lindex__lindex_400.result","/data1/Kane/ACT/audit_results/abcrown_nopgd_20260525/nn4sys/0110__lindex__lindex_400.log"
111,"onnx/lindex_deep.onnx","vnnlib/lindex_400.vnnlib",30,30,3.99,unsat,0,"/data1/Kane/ACT/audit_results/abcrown_nopgd_20260525/nn4sys/0111__lindex_deep__lindex_400.result","/data1/Kane/ACT/audit_results/abcrown_nopgd_20260525/nn4sys/0111__lindex_deep__lindex_400.log"
112,"onnx/lindex.onnx","vnnlib/lindex_600.vnnlib",30,30,3.92,unsat,0,"/data1/Kane/ACT/audit_results/abcrown_nopgd_20260525/nn4sys/0112__lindex__lindex_600.result","/data1/Kane/ACT/audit_results/abcrown_nopgd_20260525/nn4sys/0112__lindex__lindex_600.log"
113,"onnx/lindex_deep.onnx","vnnlib/lindex_600.vnnlib",30,30,4.26,unsat,0,"/data1/Kane/ACT/audit_results/abcrown_nopgd_20260525/nn4sys/0113__lindex_deep__lindex_600.result","/data1/Kane/ACT/audit_results/abcrown_nopgd_20260525/nn4sys/0113__lindex_deep__lindex_600.log"
114,"onnx/lindex.onnx","vnnlib/lindex_800.vnnlib",30,30,3.74,unsat,0,"/data1/Kane/ACT/audit_results/abcrown_nopgd_20260525/nn4sys/0114__lindex__lindex_800.result","/data1/Kane/ACT/audit_results/abcrown_nopgd_20260525/nn4sys/0114__lindex__lindex_800.log"
115,"onnx/lindex_deep.onnx","vnnlib/lindex_800.vnnlib",30,30,3.36,unsat,0,"/data1/Kane/ACT/audit_results/abcrown_nopgd_20260525/nn4sys/0115__lindex_deep__lindex_800.result","/data1/Kane/ACT/audit_results/abcrown_nopgd_20260525/nn4sys/0115__lindex_deep__lindex_800.log"
116,"onnx/lindex.onnx","vnnlib/lindex_1000.vnnlib",30,30,3.51,unsat,0,"/data1/Kane/ACT/audit_results/abcrown_nopgd_20260525/nn4sys/0116__lindex__lindex_1000.result","/data1/Kane/ACT/audit_results/abcrown_nopgd_20260525/nn4sys/0116__lindex__lindex_1000.log"
117,"onnx/lindex_deep.onnx","vnnlib/lindex_1000.vnnlib",30,30,3.75,unsat,0,"/data1/Kane/ACT/audit_results/abcrown_nopgd_20260525/nn4sys/0117__lindex_deep__lindex_1000.result","/data1/Kane/ACT/audit_results/abcrown_nopgd_20260525/nn4sys/0117__lindex_deep__lindex_1000.log"
118,"onnx/lindex.onnx","vnnlib/lindex_3000.vnnlib",30,30,3.91,unsat,0,"/data1/Kane/ACT/audit_results/abcrown_nopgd_20260525/nn4sys/0118__lindex__lindex_3000.result","/data1/Kane/ACT/audit_results/abcrown_nopgd_20260525/nn4sys/0118__lindex__lindex_3000.log"
119,"onnx/lindex_deep.onnx","vnnlib/lindex_3000.vnnlib",30,30,3.87,unsat,0,"/data1/Kane/ACT/audit_results/abcrown_nopgd_20260525/nn4sys/0119__lindex_deep__lindex_3000.result","/data1/Kane/ACT/audit_results/abcrown_nopgd_20260525/nn4sys/0119__lindex_deep__lindex_3000.log"
120,"onnx/lindex.onnx","vnnlib/lindex_5000.vnnlib",30,30,4.26,unsat,0,"/data1/Kane/ACT/audit_results/abcrown_nopgd_20260525/nn4sys/0120__lindex__lindex_5000.result","/data1/Kane/ACT/audit_results/abcrown_nopgd_20260525/nn4sys/0120__lindex__lindex_5000.log"
121,"onnx/lindex_deep.onnx","vnnlib/lindex_5000.vnnlib",30,30,4.57,unsat,0,"/data1/Kane/ACT/audit_results/abcrown_nopgd_20260525/nn4sys/0121__lindex_deep__lindex_5000.result","/data1/Kane/ACT/audit_results/abcrown_nopgd_20260525/nn4sys/0121__lindex_deep__lindex_5000.log"
122,"onnx/lindex.onnx","vnnlib/lindex_7000.vnnlib",30,30,4.89,unsat,0,"/data1/Kane/ACT/audit_results/abcrown_nopgd_20260525/nn4sys/0122__lindex__lindex_7000.result","/data1/Kane/ACT/audit_results/abcrown_nopgd_20260525/nn4sys/0122__lindex__lindex_7000.log"
123,"onnx/lindex_deep.onnx","vnnlib/lindex_7000.vnnlib",30,30,3.42,unsat,0,"/data1/Kane/ACT/audit_results/abcrown_nopgd_20260525/nn4sys/0123__lindex_deep__lindex_7000.result","/data1/Kane/ACT/audit_results/abcrown_nopgd_20260525/nn4sys/0123__lindex_deep__lindex_7000.log"
124,"onnx/lindex.onnx","vnnlib/lindex_9000.vnnlib",30,30,4.55,unsat,0,"/data1/Kane/ACT/audit_results/abcrown_nopgd_20260525/nn4sys/0124__lindex__lindex_9000.result","/data1/Kane/ACT/audit_results/abcrown_nopgd_20260525/nn4sys/0124__lindex__lindex_9000.log"
125,"onnx/lindex_deep.onnx","vnnlib/lindex_9000.vnnlib",30,30,3.95,unsat,0,"/data1/Kane/ACT/audit_results/abcrown_nopgd_20260525/nn4sys/0125__lindex_deep__lindex_9000.result","/data1/Kane/ACT/audit_results/abcrown_nopgd_20260525/nn4sys/0125__lindex_deep__lindex_9000.log"
126,"onnx/lindex.onnx","vnnlib/lindex_10000.vnnlib",30,30,4.85,unsat,0,"/data1/Kane/ACT/audit_results/abcrown_nopgd_20260525/nn4sys/0126__lindex__lindex_10000.result","/data1/Kane/ACT/audit_results/abcrown_nopgd_20260525/nn4sys/0126__lindex__lindex_10000.log"
127,"onnx/lindex_deep.onnx","vnnlib/lindex_10000.vnnlib",30,30,3.49,unsat,0,"/data1/Kane/ACT/audit_results/abcrown_nopgd_20260525/nn4sys/0127__lindex_deep__lindex_10000.result","/data1/Kane/ACT/audit_results/abcrown_nopgd_20260525/nn4sys/0127__lindex_deep__lindex_10000.log"
128,"onnx/lindex.onnx","vnnlib/lindex_60000.vnnlib",40,40,6.32,unsat,0,"/data1/Kane/ACT/audit_results/abcrown_nopgd_20260525/nn4sys/0128__lindex__lindex_60000.result","/data1/Kane/ACT/audit_results/abcrown_nopgd_20260525/nn4sys/0128__lindex__lindex_60000.log"
129,"onnx/lindex_deep.onnx","vnnlib/lindex_60000.vnnlib",40,40,6.20,missing_result,2,"/data1/Kane/ACT/audit_results/abcrown_nopgd_20260525/nn4sys/0129__lindex_deep__lindex_60000.result","/data1/Kane/ACT/audit_results/abcrown_nopgd_20260525/nn4sys/0129__lindex_deep__lindex_60000.log"
130,"onnx/mscn_128d.onnx","vnnlib/cardinality_0_1_128.vnnlib",20,20,5.76,unsat,0,"/data1/Kane/ACT/audit_results/abcrown_nopgd_20260525/nn4sys/0130__mscn_128d__cardinality_0_1_128.result","/data1/Kane/ACT/audit_results/abcrown_nopgd_20260525/nn4sys/0130__mscn_128d__cardinality_0_1_128.log"
131,"onnx/mscn_128d.onnx","vnnlib/cardinality_0_500_128.vnnlib",20,20,7.17,unsat,0,"/data1/Kane/ACT/audit_results/abcrown_nopgd_20260525/nn4sys/0131__mscn_128d__cardinality_0_500_128.result","/data1/Kane/ACT/audit_results/abcrown_nopgd_20260525/nn4sys/0131__mscn_128d__cardinality_0_500_128.log"
132,"onnx/mscn_128d.onnx","vnnlib/cardinality_0_750_128.vnnlib",20,20,5.16,unsat,0,"/data1/Kane/ACT/audit_results/abcrown_nopgd_20260525/nn4sys/0132__mscn_128d__cardinality_0_750_128.result","/data1/Kane/ACT/audit_results/abcrown_nopgd_20260525/nn4sys/0132__mscn_128d__cardinality_0_750_128.log"
133,"onnx/mscn_128d.onnx","vnnlib/cardinality_0_1000_128.vnnlib",20,20,7.59,unsat,0,"/data1/Kane/ACT/audit_results/abcrown_nopgd_20260525/nn4sys/0133__mscn_128d__cardinality_0_1000_128.result","/data1/Kane/ACT/audit_results/abcrown_nopgd_20260525/nn4sys/0133__mscn_128d__cardinality_0_1000_128.log"
134,"onnx/mscn_128d.onnx","vnnlib/cardinality_0_2120_128.vnnlib",30,30,7.44,unsat,0,"/data1/Kane/ACT/audit_results/abcrown_nopgd_20260525/nn4sys/0134__mscn_128d__cardinality_0_2120_128.result","/data1/Kane/ACT/audit_results/abcrown_nopgd_20260525/nn4sys/0134__mscn_128d__cardinality_0_2120_128.log"
135,"onnx/mscn_128d.onnx","vnnlib/cardinality_0_2680_128.vnnlib",40,40,8.18,unsat,0,"/data1/Kane/ACT/audit_results/abcrown_nopgd_20260525/nn4sys/0135__mscn_128d__cardinality_0_2680_128.result","/data1/Kane/ACT/audit_results/abcrown_nopgd_20260525/nn4sys/0135__mscn_128d__cardinality_0_2680_128.log"
136,"onnx/mscn_128d.onnx","vnnlib/cardinality_0_3240_128.vnnlib",50,50,8.59,unsat,0,"/data1/Kane/ACT/audit_results/abcrown_nopgd_20260525/nn4sys/0136__mscn_128d__cardinality_0_3240_128.result","/data1/Kane/ACT/audit_results/abcrown_nopgd_20260525/nn4sys/0136__mscn_128d__cardinality_0_3240_128.log"
137,"onnx/mscn_128d.onnx","vnnlib/cardinality_0_3800_128.vnnlib",50,50,10.15,unsat,0,"/data1/Kane/ACT/audit_results/abcrown_nopgd_20260525/nn4sys/0137__mscn_128d__cardinality_0_3800_128.result","/data1/Kane/ACT/audit_results/abcrown_nopgd_20260525/nn4sys/0137__mscn_128d__cardinality_0_3800_128.log"
138,"onnx/mscn_128d_dual.onnx","vnnlib/cardinality_1_1_128_dual.vnnlib",20,20,5.98,unsat,0,"/data1/Kane/ACT/audit_results/abcrown_nopgd_20260525/nn4sys/0138__mscn_128d_dual__cardinality_1_1_128_dual.result","/data1/Kane/ACT/audit_results/abcrown_nopgd_20260525/nn4sys/0138__mscn_128d_dual__cardinality_1_1_128_dual.log"
139,"onnx/mscn_128d_dual.onnx","vnnlib/cardinality_1_240_128_dual.vnnlib",20,20,6.90,unsat,0,"/data1/Kane/ACT/audit_results/abcrown_nopgd_20260525/nn4sys/0139__mscn_128d_dual__cardinality_1_240_128_dual.result","/data1/Kane/ACT/audit_results/abcrown_nopgd_20260525/nn4sys/0139__mscn_128d_dual__cardinality_1_240_128_dual.log"
140,"onnx/mscn_128d_dual.onnx","vnnlib/cardinality_1_360_128_dual.vnnlib",40,40,11.36,unsat,0,"/data1/Kane/ACT/audit_results/abcrown_nopgd_20260525/nn4sys/0140__mscn_128d_dual__cardinality_1_360_128_dual.result","/data1/Kane/ACT/audit_results/abcrown_nopgd_20260525/nn4sys/0140__mscn_128d_dual__cardinality_1_360_128_dual.log"
141,"onnx/mscn_128d_dual.onnx","vnnlib/cardinality_1_480_128_dual.vnnlib",40,40,9.30,unsat,0,"/data1/Kane/ACT/audit_results/abcrown_nopgd_20260525/nn4sys/0141__mscn_128d_dual__cardinality_1_480_128_dual.result","/data1/Kane/ACT/audit_results/abcrown_nopgd_20260525/nn4sys/0141__mscn_128d_dual__cardinality_1_480_128_dual.log"
142,"onnx/mscn_128d_dual.onnx","vnnlib/cardinality_1_600_128_dual.vnnlib",40,40,7.51,unsat,0,"/data1/Kane/ACT/audit_results/abcrown_nopgd_20260525/nn4sys/0142__mscn_128d_dual__cardinality_1_600_128_dual.result","/data1/Kane/ACT/audit_results/abcrown_nopgd_20260525/nn4sys/0142__mscn_128d_dual__cardinality_1_600_128_dual.log"
143,"onnx/mscn_128d_dual.onnx","vnnlib/cardinality_1_720_128_dual.vnnlib",60,60,12.66,unsat,0,"/data1/Kane/ACT/audit_results/abcrown_nopgd_20260525/nn4sys/0143__mscn_128d_dual__cardinality_1_720_128_dual.result","/data1/Kane/ACT/audit_results/abcrown_nopgd_20260525/nn4sys/0143__mscn_128d_dual__cardinality_1_720_128_dual.log"
144,"onnx/mscn_128d_dual.onnx","vnnlib/cardinality_1_840_128_dual.vnnlib",60,60,10.87,unsat,0,"/data1/Kane/ACT/audit_results/abcrown_nopgd_20260525/nn4sys/0144__mscn_128d_dual__cardinality_1_840_128_dual.result","/data1/Kane/ACT/audit_results/abcrown_nopgd_20260525/nn4sys/0144__mscn_128d_dual__cardinality_1_840_128_dual.log"
145,"onnx/mscn_128d_dual.onnx","vnnlib/cardinality_1_960_128_dual.vnnlib",60,60,7.68,unsat,0,"/data1/Kane/ACT/audit_results/abcrown_nopgd_20260525/nn4sys/0145__mscn_128d_dual__cardinality_1_960_128_dual.result","/data1/Kane/ACT/audit_results/abcrown_nopgd_20260525/nn4sys/0145__mscn_128d_dual__cardinality_1_960_128_dual.log"
146,"onnx/mscn_128d_dual.onnx","vnnlib/cardinality_1_2260_128_dual.vnnlib",100,100,12.41,unsat,0,"/data1/Kane/ACT/audit_results/abcrown_nopgd_20260525/nn4sys/0146__mscn_128d_dual__cardinality_1_2260_128_dual.result","/data1/Kane/ACT/audit_results/abcrown_nopgd_20260525/nn4sys/0146__mscn_128d_dual__cardinality_1_2260_128_dual.log"
147,"onnx/mscn_128d_dual.onnx","vnnlib/cardinality_1_2890_128_dual.vnnlib",100,100,11.17,unsat,0,"/data1/Kane/ACT/audit_results/abcrown_nopgd_20260525/nn4sys/0147__mscn_128d_dual__cardinality_1_2890_128_dual.result","/data1/Kane/ACT/audit_results/abcrown_nopgd_20260525/nn4sys/0147__mscn_128d_dual__cardinality_1_2890_128_dual.log"
148,"onnx/mscn_128d_dual.onnx","vnnlib/cardinality_1_3520_128_dual.vnnlib",120,120,9.94,unsat,0,"/data1/Kane/ACT/audit_results/abcrown_nopgd_20260525/nn4sys/0148__mscn_128d_dual__cardinality_1_3520_128_dual.result","/data1/Kane/ACT/audit_results/abcrown_nopgd_20260525/nn4sys/0148__mscn_128d_dual__cardinality_1_3520_128_dual.log"
149,"onnx/mscn_128d_dual.onnx","vnnlib/cardinality_1_4150_128_dual.vnnlib",140,140,12.45,unsat,0,"/data1/Kane/ACT/audit_results/abcrown_nopgd_20260525/nn4sys/0149__mscn_128d_dual__cardinality_1_4150_128_dual.result","/data1/Kane/ACT/audit_results/abcrown_nopgd_20260525/nn4sys/0149__mscn_128d_dual__cardinality_1_4150_128_dual.log"
150,"onnx/mscn_128d_dual.onnx","vnnlib/cardinality_1_4780_128_dual.vnnlib",140,140,16.34,unsat,0,"/data1/Kane/ACT/audit_results/abcrown_nopgd_20260525/nn4sys/0150__mscn_128d_dual__cardinality_1_4780_128_dual.result","/data1/Kane/ACT/audit_results/abcrown_nopgd_20260525/nn4sys/0150__mscn_128d_dual__cardinality_1_4780_128_dual.log"
151,"onnx/mscn_128d_dual.onnx","vnnlib/cardinality_1_5410_128_dual.vnnlib",140,140,19.60,unsat,0,"/data1/Kane/ACT/audit_results/abcrown_nopgd_20260525/nn4sys/0151__mscn_128d_dual__cardinality_1_5410_128_dual.result","/data1/Kane/ACT/audit_results/abcrown_nopgd_20260525/nn4sys/0151__mscn_128d_dual__cardinality_1_5410_128_dual.log"
152,"onnx/mscn_128d_dual.onnx","vnnlib/cardinality_1_6040_128_dual.vnnlib",160,160,16.44,unsat,0,"/data1/Kane/ACT/audit_results/abcrown_nopgd_20260525/nn4sys/0152__mscn_128d_dual__cardinality_1_6040_128_dual.result","/data1/Kane/ACT/audit_results/abcrown_nopgd_20260525/nn4sys/0152__mscn_128d_dual__cardinality_1_6040_128_dual.log"
153,"onnx/mscn_128d_dual.onnx","vnnlib/cardinality_1_6670_128_dual.vnnlib",160,160,20.49,unsat,0,"/data1/Kane/ACT/audit_results/abcrown_nopgd_20260525/nn4sys/0153__mscn_128d_dual__cardinality_1_6670_128_dual.result","/data1/Kane/ACT/audit_results/abcrown_nopgd_20260525/nn4sys/0153__mscn_128d_dual__cardinality_1_6670_128_dual.log"
154,"onnx/mscn_128d_dual.onnx","vnnlib/cardinality_1_7300_128_dual.vnnlib",160,160,24.00,unsat,0,"/data1/Kane/ACT/audit_results/abcrown_nopgd_20260525/nn4sys/0154__mscn_128d_dual__cardinality_1_7300_128_dual.result","/data1/Kane/ACT/audit_results/abcrown_nopgd_20260525/nn4sys/0154__mscn_128d_dual__cardinality_1_7300_128_dual.log"
155,"onnx/mscn_128d_dual.onnx","vnnlib/cardinality_1_7930_128_dual.vnnlib",180,180,20.63,unsat,0,"/data1/Kane/ACT/audit_results/abcrown_nopgd_20260525/nn4sys/0155__mscn_128d_dual__cardinality_1_7930_128_dual.result","/data1/Kane/ACT/audit_results/abcrown_nopgd_20260525/nn4sys/0155__mscn_128d_dual__cardinality_1_7930_128_dual.log"
156,"onnx/mscn_128d_dual.onnx","vnnlib/cardinality_1_8560_128_dual.vnnlib",180,180,18.85,unsat,0,"/data1/Kane/ACT/audit_results/abcrown_nopgd_20260525/nn4sys/0156__mscn_128d_dual__cardinality_1_8560_128_dual.result","/data1/Kane/ACT/audit_results/abcrown_nopgd_20260525/nn4sys/0156__mscn_128d_dual__cardinality_1_8560_128_dual.log"
157,"onnx/mscn_128d_dual.onnx","vnnlib/cardinality_1_9190_128_dual.vnnlib",180,180,26.47,unsat,0,"/data1/Kane/ACT/audit_results/abcrown_nopgd_20260525/nn4sys/0157__mscn_128d_dual__cardinality_1_9190_128_dual.result","/data1/Kane/ACT/audit_results/abcrown_nopgd_20260525/nn4sys/0157__mscn_128d_dual__cardinality_1_9190_128_dual.log"
158,"onnx/mscn_128d_dual.onnx","vnnlib/cardinality_1_9820_128_dual.vnnlib",200,200,27.66,unsat,0,"/data1/Kane/ACT/audit_results/abcrown_nopgd_20260525/nn4sys/0158__mscn_128d_dual__cardinality_1_9820_128_dual.result","/data1/Kane/ACT/audit_results/abcrown_nopgd_20260525/nn4sys/0158__mscn_128d_dual__cardinality_1_9820_128_dual.log"
159,"onnx/mscn_128d_dual.onnx","vnnlib/cardinality_1_10450_128_dual.vnnlib",200,200,20.54,unsat,0,"/data1/Kane/ACT/audit_results/abcrown_nopgd_20260525/nn4sys/0159__mscn_128d_dual__cardinality_1_10450_128_dual.result","/data1/Kane/ACT/audit_results/abcrown_nopgd_20260525/nn4sys/0159__mscn_128d_dual__cardinality_1_10450_128_dual.log"
160,"onnx/mscn_128d_dual.onnx","vnnlib/cardinality_1_11080_128_dual.vnnlib",400,400,26.31,unsat,0,"/data1/Kane/ACT/audit_results/abcrown_nopgd_20260525/nn4sys/0160__mscn_128d_dual__cardinality_1_11080_128_dual.result","/data1/Kane/ACT/audit_results/abcrown_nopgd_20260525/nn4sys/0160__mscn_128d_dual__cardinality_1_11080_128_dual.log"
161,"onnx/mscn_2048d.onnx","vnnlib/cardinality_0_1_2048.vnnlib",20,20,5.54,missing_result,2,"/data1/Kane/ACT/audit_results/abcrown_nopgd_20260525/nn4sys/0161__mscn_2048d__cardinality_0_1_2048.result","/data1/Kane/ACT/audit_results/abcrown_nopgd_20260525/nn4sys/0161__mscn_2048d__cardinality_0_1_2048.log"
162,"onnx/mscn_2048d.onnx","vnnlib/cardinality_0_500_2048.vnnlib",20,20,6.91,missing_result,2,"/data1/Kane/ACT/audit_results/abcrown_nopgd_20260525/nn4sys/0162__mscn_2048d__cardinality_0_500_2048.result","/data1/Kane/ACT/audit_results/abcrown_nopgd_20260525/nn4sys/0162__mscn_2048d__cardinality_0_500_2048.log"
163,"onnx/mscn_2048d.onnx","vnnlib/cardinality_0_750_2048.vnnlib",40,40,7.80,missing_result,2,"/data1/Kane/ACT/audit_results/abcrown_nopgd_20260525/nn4sys/0163__mscn_2048d__cardinality_0_750_2048.result","/data1/Kane/ACT/audit_results/abcrown_nopgd_20260525/nn4sys/0163__mscn_2048d__cardinality_0_750_2048.log"
164,"onnx/mscn_2048d.onnx","vnnlib/cardinality_0_1000_2048.vnnlib",40,40,8.06,missing_result,2,"/data1/Kane/ACT/audit_results/abcrown_nopgd_20260525/nn4sys/0164__mscn_2048d__cardinality_0_1000_2048.result","/data1/Kane/ACT/audit_results/abcrown_nopgd_20260525/nn4sys/0164__mscn_2048d__cardinality_0_1000_2048.log"
165,"onnx/mscn_2048d.onnx","vnnlib/cardinality_0_2120_2048.vnnlib",60,60,10.52,missing_result,2,"/data1/Kane/ACT/audit_results/abcrown_nopgd_20260525/nn4sys/0165__mscn_2048d__cardinality_0_2120_2048.result","/data1/Kane/ACT/audit_results/abcrown_nopgd_20260525/nn4sys/0165__mscn_2048d__cardinality_0_2120_2048.log"
166,"onnx/mscn_2048d.onnx","vnnlib/cardinality_0_2680_2048.vnnlib",80,80,11.59,missing_result,2,"/data1/Kane/ACT/audit_results/abcrown_nopgd_20260525/nn4sys/0166__mscn_2048d__cardinality_0_2680_2048.result","/data1/Kane/ACT/audit_results/abcrown_nopgd_20260525/nn4sys/0166__mscn_2048d__cardinality_0_2680_2048.log"
167,"onnx/mscn_2048d.onnx","vnnlib/cardinality_0_3240_2048.vnnlib",100,100,11.26,missing_result,2,"/data1/Kane/ACT/audit_results/abcrown_nopgd_20260525/nn4sys/0167__mscn_2048d__cardinality_0_3240_2048.result","/data1/Kane/ACT/audit_results/abcrown_nopgd_20260525/nn4sys/0167__mscn_2048d__cardinality_0_3240_2048.log"
168,"onnx/mscn_2048d.onnx","vnnlib/cardinality_0_3800_2048.vnnlib",100,100,13.35,missing_result,2,"/data1/Kane/ACT/audit_results/abcrown_nopgd_20260525/nn4sys/0168__mscn_2048d__cardinality_0_3800_2048.result","/data1/Kane/ACT/audit_results/abcrown_nopgd_20260525/nn4sys/0168__mscn_2048d__cardinality_0_3800_2048.log"
169,"onnx/mscn_2048d.onnx","vnnlib/cardinality_0_4360_2048.vnnlib",120,120,13.49,missing_result,2,"/data1/Kane/ACT/audit_results/abcrown_nopgd_20260525/nn4sys/0169__mscn_2048d__cardinality_0_4360_2048.result","/data1/Kane/ACT/audit_results/abcrown_nopgd_20260525/nn4sys/0169__mscn_2048d__cardinality_0_4360_2048.log"
170,"onnx/mscn_2048d.onnx","vnnlib/cardinality_0_4920_2048.vnnlib",120,120,14.15,missing_result,2,"/data1/Kane/ACT/audit_results/abcrown_nopgd_20260525/nn4sys/0170__mscn_2048d__cardinality_0_4920_2048.result","/data1/Kane/ACT/audit_results/abcrown_nopgd_20260525/nn4sys/0170__mscn_2048d__cardinality_0_4920_2048.log"
171,"onnx/mscn_2048d.onnx","vnnlib/cardinality_0_5480_2048.vnnlib",140,140,22.28,missing_result,2,"/data1/Kane/ACT/audit_results/abcrown_nopgd_20260525/nn4sys/0171__mscn_2048d__cardinality_0_5480_2048.result","/data1/Kane/ACT/audit_results/abcrown_nopgd_20260525/nn4sys/0171__mscn_2048d__cardinality_0_5480_2048.log"
172,"onnx/mscn_2048d_dual.onnx","vnnlib/cardinality_1_1_2048_dual.vnnlib",20,20,5.18,missing_result,2,"/data1/Kane/ACT/audit_results/abcrown_nopgd_20260525/nn4sys/0172__mscn_2048d_dual__cardinality_1_1_2048_dual.result","/data1/Kane/ACT/audit_results/abcrown_nopgd_20260525/nn4sys/0172__mscn_2048d_dual__cardinality_1_1_2048_dual.log"
173,"onnx/mscn_2048d_dual.onnx","vnnlib/cardinality_1_240_2048_dual.vnnlib",140,140,5.14,missing_result,2,"/data1/Kane/ACT/audit_results/abcrown_nopgd_20260525/nn4sys/0173__mscn_2048d_dual__cardinality_1_240_2048_dual.result","/data1/Kane/ACT/audit_results/abcrown_nopgd_20260525/nn4sys/0173__mscn_2048d_dual__cardinality_1_240_2048_dual.log"
174,"onnx/mscn_2048d_dual.onnx","vnnlib/cardinality_1_360_2048_dual.vnnlib",160,160,5.54,missing_result,2,"/data1/Kane/ACT/audit_results/abcrown_nopgd_20260525/nn4sys/0174__mscn_2048d_dual__cardinality_1_360_2048_dual.result","/data1/Kane/ACT/audit_results/abcrown_nopgd_20260525/nn4sys/0174__mscn_2048d_dual__cardinality_1_360_2048_dual.log"
175,"onnx/mscn_2048d_dual.onnx","vnnlib/cardinality_1_480_2048_dual.vnnlib",180,180,5.26,missing_result,2,"/data1/Kane/ACT/audit_results/abcrown_nopgd_20260525/nn4sys/0175__mscn_2048d_dual__cardinality_1_480_2048_dual.result","/data1/Kane/ACT/audit_results/abcrown_nopgd_20260525/nn4sys/0175__mscn_2048d_dual__cardinality_1_480_2048_dual.log"
176,"onnx/mscn_2048d_dual.onnx","vnnlib/cardinality_1_600_2048_dual.vnnlib",180,180,6.12,missing_result,2,"/data1/Kane/ACT/audit_results/abcrown_nopgd_20260525/nn4sys/0176__mscn_2048d_dual__cardinality_1_600_2048_dual.result","/data1/Kane/ACT/audit_results/abcrown_nopgd_20260525/nn4sys/0176__mscn_2048d_dual__cardinality_1_600_2048_dual.log"
177,"onnx/mscn_2048d_dual.onnx","vnnlib/cardinality_1_720_2048_dual.vnnlib",200,200,6.08,missing_result,2,"/data1/Kane/ACT/audit_results/abcrown_nopgd_20260525/nn4sys/0177__mscn_2048d_dual__cardinality_1_720_2048_dual.result","/data1/Kane/ACT/audit_results/abcrown_nopgd_20260525/nn4sys/0177__mscn_2048d_dual__cardinality_1_720_2048_dual.log"
178,"onnx/mscn_2048d_dual.onnx","vnnlib/cardinality_1_840_2048_dual.vnnlib",200,200,6.29,missing_result,2,"/data1/Kane/ACT/audit_results/abcrown_nopgd_20260525/nn4sys/0178__mscn_2048d_dual__cardinality_1_840_2048_dual.result","/data1/Kane/ACT/audit_results/abcrown_nopgd_20260525/nn4sys/0178__mscn_2048d_dual__cardinality_1_840_2048_dual.log"
179,"onnx/mscn_2048d_dual.onnx","vnnlib/cardinality_1_960_2048_dual.vnnlib",200,200,6.46,missing_result,2,"/data1/Kane/ACT/audit_results/abcrown_nopgd_20260525/nn4sys/0179__mscn_2048d_dual__cardinality_1_960_2048_dual.result","/data1/Kane/ACT/audit_results/abcrown_nopgd_20260525/nn4sys/0179__mscn_2048d_dual__cardinality_1_960_2048_dual.log"
180,"onnx/mscn_2048d_dual.onnx","vnnlib/cardinality_1_2260_2048_dual.vnnlib",300,300,8.87,missing_result,2,"/data1/Kane/ACT/audit_results/abcrown_nopgd_20260525/nn4sys/0180__mscn_2048d_dual__cardinality_1_2260_2048_dual.result","/data1/Kane/ACT/audit_results/abcrown_nopgd_20260525/nn4sys/0180__mscn_2048d_dual__cardinality_1_2260_2048_dual.log"
181,"onnx/mscn_2048d_dual.onnx","vnnlib/cardinality_1_2890_2048_dual.vnnlib",340,340,9.38,missing_result,2,"/data1/Kane/ACT/audit_results/abcrown_nopgd_20260525/nn4sys/0181__mscn_2048d_dual__cardinality_1_2890_2048_dual.result","/data1/Kane/ACT/audit_results/abcrown_nopgd_20260525/nn4sys/0181__mscn_2048d_dual__cardinality_1_2890_2048_dual.log"
182,"onnx/mscn_2048d_dual.onnx","vnnlib/cardinality_1_3520_2048_dual.vnnlib",380,380,10.32,missing_result,2,"/data1/Kane/ACT/audit_results/abcrown_nopgd_20260525/nn4sys/0182__mscn_2048d_dual__cardinality_1_3520_2048_dual.result","/data1/Kane/ACT/audit_results/abcrown_nopgd_20260525/nn4sys/0182__mscn_2048d_dual__cardinality_1_3520_2048_dual.log"
183,"onnx/mscn_2048d_dual.onnx","vnnlib/cardinality_1_4150_2048_dual.vnnlib",420,420,10.93,missing_result,2,"/data1/Kane/ACT/audit_results/abcrown_nopgd_20260525/nn4sys/0183__mscn_2048d_dual__cardinality_1_4150_2048_dual.result","/data1/Kane/ACT/audit_results/abcrown_nopgd_20260525/nn4sys/0183__mscn_2048d_dual__cardinality_1_4150_2048_dual.log"
184,"onnx/mscn_2048d_dual.onnx","vnnlib/cardinality_1_4780_2048_dual.vnnlib",440,440,10.85,missing_result,2,"/data1/Kane/ACT/audit_results/abcrown_nopgd_20260525/nn4sys/0184__mscn_2048d_dual__cardinality_1_4780_2048_dual.result","/data1/Kane/ACT/audit_results/abcrown_nopgd_20260525/nn4sys/0184__mscn_2048d_dual__cardinality_1_4780_2048_dual.log"
185,"onnx/mscn_2048d_dual.onnx","vnnlib/cardinality_1_5410_2048_dual.vnnlib",460,460,12.76,missing_result,2,"/data1/Kane/ACT/audit_results/abcrown_nopgd_20260525/nn4sys/0185__mscn_2048d_dual__cardinality_1_5410_2048_dual.result","/data1/Kane/ACT/audit_results/abcrown_nopgd_20260525/nn4sys/0185__mscn_2048d_dual__cardinality_1_5410_2048_dual.log"
186,"onnx/mscn_2048d_dual.onnx","vnnlib/cardinality_1_6040_2048_dual.vnnlib",500,500,14.03,missing_result,2,"/data1/Kane/ACT/audit_results/abcrown_nopgd_20260525/nn4sys/0186__mscn_2048d_dual__cardinality_1_6040_2048_dual.result","/data1/Kane/ACT/audit_results/abcrown_nopgd_20260525/nn4sys/0186__mscn_2048d_dual__cardinality_1_6040_2048_dual.log"
187,"onnx/mscn_2048d_dual.onnx","vnnlib/cardinality_1_6670_2048_dual.vnnlib",520,520,21.33,missing_result,2,"/data1/Kane/ACT/audit_results/abcrown_nopgd_20260525/nn4sys/0187__mscn_2048d_dual__cardinality_1_6670_2048_dual.result","/data1/Kane/ACT/audit_results/abcrown_nopgd_20260525/nn4sys/0187__mscn_2048d_dual__cardinality_1_6670_2048_dual.log"
188,"onnx/mscn_2048d_dual.onnx","vnnlib/cardinality_1_7300_2048_dual.vnnlib",520,520,24.93,missing_result,2,"/data1/Kane/ACT/audit_results/abcrown_nopgd_20260525/nn4sys/0188__mscn_2048d_dual__cardinality_1_7300_2048_dual.result","/data1/Kane/ACT/audit_results/abcrown_nopgd_20260525/nn4sys/0188__mscn_2048d_dual__cardinality_1_7300_2048_dual.log"
189,"onnx/mscn_2048d_dual.onnx","vnnlib/cardinality_1_7930_2048_dual.vnnlib",540,540,26.54,missing_result,2,"/data1/Kane/ACT/audit_results/abcrown_nopgd_20260525/nn4sys/0189__mscn_2048d_dual__cardinality_1_7930_2048_dual.result","/data1/Kane/ACT/audit_results/abcrown_nopgd_20260525/nn4sys/0189__mscn_2048d_dual__cardinality_1_7930_2048_dual.log"
190,"onnx/mscn_2048d_dual.onnx","vnnlib/cardinality_1_8560_2048_dual.vnnlib",560,560,23.82,missing_result,2,"/data1/Kane/ACT/audit_results/abcrown_nopgd_20260525/nn4sys/0190__mscn_2048d_dual__cardinality_1_8560_2048_dual.result","/data1/Kane/ACT/audit_results/abcrown_nopgd_20260525/nn4sys/0190__mscn_2048d_dual__cardinality_1_8560_2048_dual.log"
191,"onnx/mscn_2048d_dual.onnx","vnnlib/cardinality_1_9190_2048_dual.vnnlib",580,580,22.81,missing_result,2,"/data1/Kane/ACT/audit_results/abcrown_nopgd_20260525/nn4sys/0191__mscn_2048d_dual__cardinality_1_9190_2048_dual.result","/data1/Kane/ACT/audit_results/abcrown_nopgd_20260525/nn4sys/0191__mscn_2048d_dual__cardinality_1_9190_2048_dual.log"
192,"onnx/mscn_2048d_dual.onnx","vnnlib/cardinality_1_9820_2048_dual.vnnlib",580,580,23.11,missing_result,2,"/data1/Kane/ACT/audit_results/abcrown_nopgd_20260525/nn4sys/0192__mscn_2048d_dual__cardinality_1_9820_2048_dual.result","/data1/Kane/ACT/audit_results/abcrown_nopgd_20260525/nn4sys/0192__mscn_2048d_dual__cardinality_1_9820_2048_dual.log"
193,"onnx/mscn_2048d_dual.onnx","vnnlib/cardinality_1_10450_2048_dual.vnnlib",600,600,28.67,missing_result,2,"/data1/Kane/ACT/audit_results/abcrown_nopgd_20260525/nn4sys/0193__mscn_2048d_dual__cardinality_1_10450_2048_dual.result","/data1/Kane/ACT/audit_results/abcrown_nopgd_20260525/nn4sys/0193__mscn_2048d_dual__cardinality_1_10450_2048_dual.log"
194,"onnx/mscn_2048d_dual.onnx","vnnlib/cardinality_1_11080_2048_dual.vnnlib",800,800,31.67,missing_result,2,"/data1/Kane/ACT/audit_results/abcrown_nopgd_20260525/nn4sys/0194__mscn_2048d_dual__cardinality_1_11080_2048_dual.result","/data1/Kane/ACT/audit_results/abcrown_nopgd_20260525/nn4sys/0194__mscn_2048d_dual__cardinality_1_11080_2048_dual.log"
1,"onnx/pensieve_small_simple.onnx","vnnlib/pensieve_simple_0.vnnlib",30,30,5.29,missing_result,2,"/data1/Kane/ACT/audit_results/abcrown_nopgd_20260525/nn4sys/0001__pensieve_small_simple__pensieve_simple_0.result","/data1/Kane/ACT/audit_results/abcrown_nopgd_20260525/nn4sys/0001__pensieve_small_simple__pensieve_simple_0.log"
2,"onnx/pensieve_big_parallel.onnx","vnnlib/pensieve_parallel_1.vnnlib",30,30,6.32,missing_result,2,"/data1/Kane/ACT/audit_results/abcrown_nopgd_20260525/nn4sys/0002__pensieve_big_parallel__pensieve_parallel_1.result","/data1/Kane/ACT/audit_results/abcrown_nopgd_20260525/nn4sys/0002__pensieve_big_parallel__pensieve_parallel_1.log"
3,"onnx/pensieve_small_simple.onnx","vnnlib/pensieve_simple_2.vnnlib",30,30,4.88,missing_result,2,"/data1/Kane/ACT/audit_results/abcrown_nopgd_20260525/nn4sys/0003__pensieve_small_simple__pensieve_simple_2.result","/data1/Kane/ACT/audit_results/abcrown_nopgd_20260525/nn4sys/0003__pensieve_small_simple__pensieve_simple_2.log"
4,"onnx/pensieve_small_simple.onnx","vnnlib/pensieve_simple_3.vnnlib",30,30,4.60,missing_result,2,"/data1/Kane/ACT/audit_results/abcrown_nopgd_20260525/nn4sys/0004__pensieve_small_simple__pensieve_simple_3.result","/data1/Kane/ACT/audit_results/abcrown_nopgd_20260525/nn4sys/0004__pensieve_small_simple__pensieve_simple_3.log"
5,"onnx/pensieve_small_parallel.onnx","vnnlib/pensieve_parallel_4.vnnlib",30,30,4.52,missing_result,2,"/data1/Kane/ACT/audit_results/abcrown_nopgd_20260525/nn4sys/0005__pensieve_small_parallel__pensieve_parallel_4.result","/data1/Kane/ACT/audit_results/abcrown_nopgd_20260525/nn4sys/0005__pensieve_small_parallel__pensieve_parallel_4.log"
6,"onnx/pensieve_small_simple.onnx","vnnlib/pensieve_simple_5.vnnlib",30,30,4.81,missing_result,2,"/data1/Kane/ACT/audit_results/abcrown_nopgd_20260525/nn4sys/0006__pensieve_small_simple__pensieve_simple_5.result","/data1/Kane/ACT/audit_results/abcrown_nopgd_20260525/nn4sys/0006__pensieve_small_simple__pensieve_simple_5.log"
7,"onnx/pensieve_mid_simple.onnx","vnnlib/pensieve_simple_6.vnnlib",30,30,4.33,missing_result,2,"/data1/Kane/ACT/audit_results/abcrown_nopgd_20260525/nn4sys/0007__pensieve_mid_simple__pensieve_simple_6.result","/data1/Kane/ACT/audit_results/abcrown_nopgd_20260525/nn4sys/0007__pensieve_mid_simple__pensieve_simple_6.log"
8,"onnx/pensieve_big_simple.onnx","vnnlib/pensieve_simple_7.vnnlib",30,30,4.46,missing_result,2,"/data1/Kane/ACT/audit_results/abcrown_nopgd_20260525/nn4sys/0008__pensieve_big_simple__pensieve_simple_7.result","/data1/Kane/ACT/audit_results/abcrown_nopgd_20260525/nn4sys/0008__pensieve_big_simple__pensieve_simple_7.log"
9,"onnx/pensieve_big_parallel.onnx","vnnlib/pensieve_parallel_8.vnnlib",30,30,4.63,missing_result,2,"/data1/Kane/ACT/audit_results/abcrown_nopgd_20260525/nn4sys/0009__pensieve_big_parallel__pensieve_parallel_8.result","/data1/Kane/ACT/audit_results/abcrown_nopgd_20260525/nn4sys/0009__pensieve_big_parallel__pensieve_parallel_8.log"
10,"onnx/pensieve_small_parallel.onnx","vnnlib/pensieve_parallel_9.vnnlib",30,30,5.05,missing_result,2,"/data1/Kane/ACT/audit_results/abcrown_nopgd_20260525/nn4sys/0010__pensieve_small_parallel__pensieve_parallel_9.result","/data1/Kane/ACT/audit_results/abcrown_nopgd_20260525/nn4sys/0010__pensieve_small_parallel__pensieve_parallel_9.log"
11,"onnx/pensieve_big_simple.onnx","vnnlib/pensieve_simple_10.vnnlib",30,30,4.59,missing_result,2,"/data1/Kane/ACT/audit_results/abcrown_nopgd_20260525/nn4sys/0011__pensieve_big_simple__pensieve_simple_10.result","/data1/Kane/ACT/audit_results/abcrown_nopgd_20260525/nn4sys/0011__pensieve_big_simple__pensieve_simple_10.log"
12,"onnx/pensieve_mid_simple.onnx","vnnlib/pensieve_simple_11.vnnlib",30,30,5.06,missing_result,2,"/data1/Kane/ACT/audit_results/abcrown_nopgd_20260525/nn4sys/0012__pensieve_mid_simple__pensieve_simple_11.result","/data1/Kane/ACT/audit_results/abcrown_nopgd_20260525/nn4sys/0012__pensieve_mid_simple__pensieve_simple_11.log"
13,"onnx/pensieve_big_simple.onnx","vnnlib/pensieve_simple_12.vnnlib",30,30,5.62,missing_result,2,"/data1/Kane/ACT/audit_results/abcrown_nopgd_20260525/nn4sys/0013__pensieve_big_simple__pensieve_simple_12.result","/data1/Kane/ACT/audit_results/abcrown_nopgd_20260525/nn4sys/0013__pensieve_big_simple__pensieve_simple_12.log"
14,"onnx/pensieve_small_simple.onnx","vnnlib/pensieve_simple_13.vnnlib",30,30,4.40,missing_result,2,"/data1/Kane/ACT/audit_results/abcrown_nopgd_20260525/nn4sys/0014__pensieve_small_simple__pensieve_simple_13.result","/data1/Kane/ACT/audit_results/abcrown_nopgd_20260525/nn4sys/0014__pensieve_small_simple__pensieve_simple_13.log"
15,"onnx/pensieve_big_simple.onnx","vnnlib/pensieve_simple_14.vnnlib",30,30,5.04,missing_result,2,"/data1/Kane/ACT/audit_results/abcrown_nopgd_20260525/nn4sys/0015__pensieve_big_simple__pensieve_simple_14.result","/data1/Kane/ACT/audit_results/abcrown_nopgd_20260525/nn4sys/0015__pensieve_big_simple__pensieve_simple_14.log"
16,"onnx/pensieve_small_simple.onnx","vnnlib/pensieve_simple_15.vnnlib",30,30,4.54,missing_result,2,"/data1/Kane/ACT/audit_results/abcrown_nopgd_20260525/nn4sys/0016__pensieve_small_simple__pensieve_simple_15.result","/data1/Kane/ACT/audit_results/abcrown_nopgd_20260525/nn4sys/0016__pensieve_small_simple__pensieve_simple_15.log"
17,"onnx/pensieve_small_simple.onnx","vnnlib/pensieve_simple_16.vnnlib",30,30,4.52,missing_result,2,"/data1/Kane/ACT/audit_results/abcrown_nopgd_20260525/nn4sys/0017__pensieve_small_simple__pensieve_simple_16.result","/data1/Kane/ACT/audit_results/abcrown_nopgd_20260525/nn4sys/0017__pensieve_small_simple__pensieve_simple_16.log"
18,"onnx/pensieve_small_parallel.onnx","vnnlib/pensieve_parallel_17.vnnlib",30,30,5.43,missing_result,2,"/data1/Kane/ACT/audit_results/abcrown_nopgd_20260525/nn4sys/0018__pensieve_small_parallel__pensieve_parallel_17.result","/data1/Kane/ACT/audit_results/abcrown_nopgd_20260525/nn4sys/0018__pensieve_small_parallel__pensieve_parallel_17.log"
19,"onnx/pensieve_small_simple.onnx","vnnlib/pensieve_simple_18.vnnlib",30,30,5.24,missing_result,2,"/data1/Kane/ACT/audit_results/abcrown_nopgd_20260525/nn4sys/0019__pensieve_small_simple__pensieve_simple_18.result","/data1/Kane/ACT/audit_results/abcrown_nopgd_20260525/nn4sys/0019__pensieve_small_simple__pensieve_simple_18.log"
20,"onnx/pensieve_small_parallel.onnx","vnnlib/pensieve_parallel_19.vnnlib",30,30,5.44,missing_result,2,"/data1/Kane/ACT/audit_results/abcrown_nopgd_20260525/nn4sys/0020__pensieve_small_parallel__pensieve_parallel_19.result","/data1/Kane/ACT/audit_results/abcrown_nopgd_20260525/nn4sys/0020__pensieve_small_parallel__pensieve_parallel_19.log"
21,"onnx/pensieve_small_parallel.onnx","vnnlib/pensieve_parallel_20.vnnlib",30,30,5.14,missing_result,2,"/data1/Kane/ACT/audit_results/abcrown_nopgd_20260525/nn4sys/0021__pensieve_small_parallel__pensieve_parallel_20.result","/data1/Kane/ACT/audit_results/abcrown_nopgd_20260525/nn4sys/0021__pensieve_small_parallel__pensieve_parallel_20.log"
22,"onnx/pensieve_mid_simple.onnx","vnnlib/pensieve_simple_21.vnnlib",30,30,6.00,missing_result,2,"/data1/Kane/ACT/audit_results/abcrown_nopgd_20260525/nn4sys/0022__pensieve_mid_simple__pensieve_simple_21.result","/data1/Kane/ACT/audit_results/abcrown_nopgd_20260525/nn4sys/0022__pensieve_mid_simple__pensieve_simple_21.log"
23,"onnx/pensieve_big_simple.onnx","vnnlib/pensieve_simple_22.vnnlib",30,30,6.59,missing_result,2,"/data1/Kane/ACT/audit_results/abcrown_nopgd_20260525/nn4sys/0023__pensieve_big_simple__pensieve_simple_22.result","/data1/Kane/ACT/audit_results/abcrown_nopgd_20260525/nn4sys/0023__pensieve_big_simple__pensieve_simple_22.log"
24,"onnx/pensieve_big_parallel.onnx","vnnlib/pensieve_parallel_23.vnnlib",30,30,6.79,missing_result,2,"/data1/Kane/ACT/audit_results/abcrown_nopgd_20260525/nn4sys/0024__pensieve_big_parallel__pensieve_parallel_23.result","/data1/Kane/ACT/audit_results/abcrown_nopgd_20260525/nn4sys/0024__pensieve_big_parallel__pensieve_parallel_23.log"
25,"onnx/pensieve_big_parallel.onnx","vnnlib/pensieve_parallel_24.vnnlib",30,30,6.88,missing_result,2,"/data1/Kane/ACT/audit_results/abcrown_nopgd_20260525/nn4sys/0025__pensieve_big_parallel__pensieve_parallel_24.result","/data1/Kane/ACT/audit_results/abcrown_nopgd_20260525/nn4sys/0025__pensieve_big_parallel__pensieve_parallel_24.log"
26,"onnx/pensieve_big_simple.onnx","vnnlib/pensieve_simple_25.vnnlib",30,30,7.39,missing_result,2,"/data1/Kane/ACT/audit_results/abcrown_nopgd_20260525/nn4sys/0026__pensieve_big_simple__pensieve_simple_25.result","/data1/Kane/ACT/audit_results/abcrown_nopgd_20260525/nn4sys/0026__pensieve_big_simple__pensieve_simple_25.log"
27,"onnx/pensieve_big_simple.onnx","vnnlib/pensieve_simple_26.vnnlib",30,30,6.30,missing_result,2,"/data1/Kane/ACT/audit_results/abcrown_nopgd_20260525/nn4sys/0027__pensieve_big_simple__pensieve_simple_26.result","/data1/Kane/ACT/audit_results/abcrown_nopgd_20260525/nn4sys/0027__pensieve_big_simple__pensieve_simple_26.log"
28,"onnx/pensieve_small_parallel.onnx","vnnlib/pensieve_parallel_27.vnnlib",30,30,6.37,missing_result,2,"/data1/Kane/ACT/audit_results/abcrown_nopgd_20260525/nn4sys/0028__pensieve_small_parallel__pensieve_parallel_27.result","/data1/Kane/ACT/audit_results/abcrown_nopgd_20260525/nn4sys/0028__pensieve_small_parallel__pensieve_parallel_27.log"
29,"onnx/pensieve_small_simple.onnx","vnnlib/pensieve_simple_28.vnnlib",30,30,6.82,missing_result,2,"/data1/Kane/ACT/audit_results/abcrown_nopgd_20260525/nn4sys/0029__pensieve_small_simple__pensieve_simple_28.result","/data1/Kane/ACT/audit_results/abcrown_nopgd_20260525/nn4sys/0029__pensieve_small_simple__pensieve_simple_28.log"
30,"onnx/pensieve_big_simple.onnx","vnnlib/pensieve_simple_29.vnnlib",30,30,6.78,missing_result,2,"/data1/Kane/ACT/audit_results/abcrown_nopgd_20260525/nn4sys/0030__pensieve_big_simple__pensieve_simple_29.result","/data1/Kane/ACT/audit_results/abcrown_nopgd_20260525/nn4sys/0030__pensieve_big_simple__pensieve_simple_29.log"
31,"onnx/pensieve_big_parallel.onnx","vnnlib/pensieve_parallel_30.vnnlib",30,30,7.03,missing_result,2,"/data1/Kane/ACT/audit_results/abcrown_nopgd_20260525/nn4sys/0031__pensieve_big_parallel__pensieve_parallel_30.result","/data1/Kane/ACT/audit_results/abcrown_nopgd_20260525/nn4sys/0031__pensieve_big_parallel__pensieve_parallel_30.log"
32,"onnx/pensieve_big_simple.onnx","vnnlib/pensieve_simple_31.vnnlib",30,30,7.33,missing_result,2,"/data1/Kane/ACT/audit_results/abcrown_nopgd_20260525/nn4sys/0032__pensieve_big_simple__pensieve_simple_31.result","/data1/Kane/ACT/audit_results/abcrown_nopgd_20260525/nn4sys/0032__pensieve_big_simple__pensieve_simple_31.log"
33,"onnx/pensieve_small_parallel.onnx","vnnlib/pensieve_parallel_32.vnnlib",30,30,7.16,missing_result,2,"/data1/Kane/ACT/audit_results/abcrown_nopgd_20260525/nn4sys/0033__pensieve_small_parallel__pensieve_parallel_32.result","/data1/Kane/ACT/audit_results/abcrown_nopgd_20260525/nn4sys/0033__pensieve_small_parallel__pensieve_parallel_32.log"
34,"onnx/pensieve_small_parallel.onnx","vnnlib/pensieve_parallel_33.vnnlib",30,30,6.86,missing_result,2,"/data1/Kane/ACT/audit_results/abcrown_nopgd_20260525/nn4sys/0034__pensieve_small_parallel__pensieve_parallel_33.result","/data1/Kane/ACT/audit_results/abcrown_nopgd_20260525/nn4sys/0034__pensieve_small_parallel__pensieve_parallel_33.log"
35,"onnx/pensieve_small_simple.onnx","vnnlib/pensieve_simple_34.vnnlib",30,30,6.45,missing_result,2,"/data1/Kane/ACT/audit_results/abcrown_nopgd_20260525/nn4sys/0035__pensieve_small_simple__pensieve_simple_34.result","/data1/Kane/ACT/audit_results/abcrown_nopgd_20260525/nn4sys/0035__pensieve_small_simple__pensieve_simple_34.log"
36,"onnx/pensieve_big_parallel.onnx","vnnlib/pensieve_parallel_35.vnnlib",60,60,6.28,missing_result,2,"/data1/Kane/ACT/audit_results/abcrown_nopgd_20260525/nn4sys/0036__pensieve_big_parallel__pensieve_parallel_35.result","/data1/Kane/ACT/audit_results/abcrown_nopgd_20260525/nn4sys/0036__pensieve_big_parallel__pensieve_parallel_35.log"
37,"onnx/pensieve_big_parallel.onnx","vnnlib/pensieve_parallel_36.vnnlib",60,60,6.03,missing_result,2,"/data1/Kane/ACT/audit_results/abcrown_nopgd_20260525/nn4sys/0037__pensieve_big_parallel__pensieve_parallel_36.result","/data1/Kane/ACT/audit_results/abcrown_nopgd_20260525/nn4sys/0037__pensieve_big_parallel__pensieve_parallel_36.log"
38,"onnx/pensieve_big_parallel.onnx","vnnlib/pensieve_parallel_37.vnnlib",60,60,6.34,missing_result,2,"/data1/Kane/ACT/audit_results/abcrown_nopgd_20260525/nn4sys/0038__pensieve_big_parallel__pensieve_parallel_37.result","/data1/Kane/ACT/audit_results/abcrown_nopgd_20260525/nn4sys/0038__pensieve_big_parallel__pensieve_parallel_37.log"
39,"onnx/pensieve_big_parallel.onnx","vnnlib/pensieve_parallel_38.vnnlib",60,60,6.88,missing_result,2,"/data1/Kane/ACT/audit_results/abcrown_nopgd_20260525/nn4sys/0039__pensieve_big_parallel__pensieve_parallel_38.result","/data1/Kane/ACT/audit_results/abcrown_nopgd_20260525/nn4sys/0039__pensieve_big_parallel__pensieve_parallel_38.log"
40,"onnx/pensieve_big_parallel.onnx","vnnlib/pensieve_parallel_39.vnnlib",60,60,5.84,missing_result,2,"/data1/Kane/ACT/audit_results/abcrown_nopgd_20260525/nn4sys/0040__pensieve_big_parallel__pensieve_parallel_39.result","/data1/Kane/ACT/audit_results/abcrown_nopgd_20260525/nn4sys/0040__pensieve_big_parallel__pensieve_parallel_39.log"
41,"onnx/pensieve_big_parallel.onnx","vnnlib/pensieve_parallel_40.vnnlib",60,60,7.02,missing_result,2,"/data1/Kane/ACT/audit_results/abcrown_nopgd_20260525/nn4sys/0041__pensieve_big_parallel__pensieve_parallel_40.result","/data1/Kane/ACT/audit_results/abcrown_nopgd_20260525/nn4sys/0041__pensieve_big_parallel__pensieve_parallel_40.log"
42,"onnx/pensieve_big_parallel.onnx","vnnlib/pensieve_parallel_41.vnnlib",60,60,6.19,missing_result,2,"/data1/Kane/ACT/audit_results/abcrown_nopgd_20260525/nn4sys/0042__pensieve_big_parallel__pensieve_parallel_41.result","/data1/Kane/ACT/audit_results/abcrown_nopgd_20260525/nn4sys/0042__pensieve_big_parallel__pensieve_parallel_41.log"
43,"onnx/pensieve_big_parallel.onnx","vnnlib/pensieve_parallel_42.vnnlib",60,60,6.71,missing_result,2,"/data1/Kane/ACT/audit_results/abcrown_nopgd_20260525/nn4sys/0043__pensieve_big_parallel__pensieve_parallel_42.result","/data1/Kane/ACT/audit_results/abcrown_nopgd_20260525/nn4sys/0043__pensieve_big_parallel__pensieve_parallel_42.log"
44,"onnx/pensieve_big_parallel.onnx","vnnlib/pensieve_parallel_43.vnnlib",60,60,6.57,missing_result,2,"/data1/Kane/ACT/audit_results/abcrown_nopgd_20260525/nn4sys/0044__pensieve_big_parallel__pensieve_parallel_43.result","/data1/Kane/ACT/audit_results/abcrown_nopgd_20260525/nn4sys/0044__pensieve_big_parallel__pensieve_parallel_43.log"
45,"onnx/pensieve_big_parallel.onnx","vnnlib/pensieve_parallel_44.vnnlib",60,60,5.45,missing_result,2,"/data1/Kane/ACT/audit_results/abcrown_nopgd_20260525/nn4sys/0045__pensieve_big_parallel__pensieve_parallel_44.result","/data1/Kane/ACT/audit_results/abcrown_nopgd_20260525/nn4sys/0045__pensieve_big_parallel__pensieve_parallel_44.log"
46,"onnx/pensieve_big_parallel.onnx","vnnlib/pensieve_parallel_45.vnnlib",60,60,5.67,missing_result,2,"/data1/Kane/ACT/audit_results/abcrown_nopgd_20260525/nn4sys/0046__pensieve_big_parallel__pensieve_parallel_45.result","/data1/Kane/ACT/audit_results/abcrown_nopgd_20260525/nn4sys/0046__pensieve_big_parallel__pensieve_parallel_45.log"
47,"onnx/pensieve_big_parallel.onnx","vnnlib/pensieve_parallel_46.vnnlib",60,60,5.73,missing_result,2,"/data1/Kane/ACT/audit_results/abcrown_nopgd_20260525/nn4sys/0047__pensieve_big_parallel__pensieve_parallel_46.result","/data1/Kane/ACT/audit_results/abcrown_nopgd_20260525/nn4sys/0047__pensieve_big_parallel__pensieve_parallel_46.log"
48,"onnx/pensieve_big_parallel.onnx","vnnlib/pensieve_parallel_47.vnnlib",60,60,6.00,missing_result,2,"/data1/Kane/ACT/audit_results/abcrown_nopgd_20260525/nn4sys/0048__pensieve_big_parallel__pensieve_parallel_47.result","/data1/Kane/ACT/audit_results/abcrown_nopgd_20260525/nn4sys/0048__pensieve_big_parallel__pensieve_parallel_47.log"
49,"onnx/pensieve_big_parallel.onnx","vnnlib/pensieve_parallel_48.vnnlib",60,60,6.82,missing_result,2,"/data1/Kane/ACT/audit_results/abcrown_nopgd_20260525/nn4sys/0049__pensieve_big_parallel__pensieve_parallel_48.result","/data1/Kane/ACT/audit_results/abcrown_nopgd_20260525/nn4sys/0049__pensieve_big_parallel__pensieve_parallel_48.log"
50,"onnx/pensieve_big_parallel.onnx","vnnlib/pensieve_parallel_49.vnnlib",60,60,7.21,missing_result,2,"/data1/Kane/ACT/audit_results/abcrown_nopgd_20260525/nn4sys/0050__pensieve_big_parallel__pensieve_parallel_49.result","/data1/Kane/ACT/audit_results/abcrown_nopgd_20260525/nn4sys/0050__pensieve_big_parallel__pensieve_parallel_49.log"
51,"onnx/pensieve_big_parallel.onnx","vnnlib/pensieve_parallel_50.vnnlib",60,60,7.31,missing_result,2,"/data1/Kane/ACT/audit_results/abcrown_nopgd_20260525/nn4sys/0051__pensieve_big_parallel__pensieve_parallel_50.result","/data1/Kane/ACT/audit_results/abcrown_nopgd_20260525/nn4sys/0051__pensieve_big_parallel__pensieve_parallel_50.log"
52,"onnx/pensieve_big_parallel.onnx","vnnlib/pensieve_parallel_51.vnnlib",60,60,6.24,missing_result,2,"/data1/Kane/ACT/audit_results/abcrown_nopgd_20260525/nn4sys/0052__pensieve_big_parallel__pensieve_parallel_51.result","/data1/Kane/ACT/audit_results/abcrown_nopgd_20260525/nn4sys/0052__pensieve_big_parallel__pensieve_parallel_51.log"
53,"onnx/pensieve_big_parallel.onnx","vnnlib/pensieve_parallel_52.vnnlib",60,60,7.03,missing_result,2,"/data1/Kane/ACT/audit_results/abcrown_nopgd_20260525/nn4sys/0053__pensieve_big_parallel__pensieve_parallel_52.result","/data1/Kane/ACT/audit_results/abcrown_nopgd_20260525/nn4sys/0053__pensieve_big_parallel__pensieve_parallel_52.log"
54,"onnx/pensieve_big_parallel.onnx","vnnlib/pensieve_parallel_53.vnnlib",60,60,6.78,missing_result,2,"/data1/Kane/ACT/audit_results/abcrown_nopgd_20260525/nn4sys/0054__pensieve_big_parallel__pensieve_parallel_53.result","/data1/Kane/ACT/audit_results/abcrown_nopgd_20260525/nn4sys/0054__pensieve_big_parallel__pensieve_parallel_53.log"
55,"onnx/pensieve_big_parallel.onnx","vnnlib/pensieve_parallel_54.vnnlib",60,60,6.79,missing_result,2,"/data1/Kane/ACT/audit_results/abcrown_nopgd_20260525/nn4sys/0055__pensieve_big_parallel__pensieve_parallel_54.result","/data1/Kane/ACT/audit_results/abcrown_nopgd_20260525/nn4sys/0055__pensieve_big_parallel__pensieve_parallel_54.log"
56,"onnx/pensieve_big_parallel.onnx","vnnlib/pensieve_parallel_55.vnnlib",60,60,5.48,missing_result,2,"/data1/Kane/ACT/audit_results/abcrown_nopgd_20260525/nn4sys/0056__pensieve_big_parallel__pensieve_parallel_55.result","/data1/Kane/ACT/audit_results/abcrown_nopgd_20260525/nn4sys/0056__pensieve_big_parallel__pensieve_parallel_55.log"
57,"onnx/pensieve_big_parallel.onnx","vnnlib/pensieve_parallel_56.vnnlib",60,60,4.58,missing_result,2,"/data1/Kane/ACT/audit_results/abcrown_nopgd_20260525/nn4sys/0057__pensieve_big_parallel__pensieve_parallel_56.result","/data1/Kane/ACT/audit_results/abcrown_nopgd_20260525/nn4sys/0057__pensieve_big_parallel__pensieve_parallel_56.log"
58,"onnx/pensieve_big_parallel.onnx","vnnlib/pensieve_parallel_57.vnnlib",60,60,5.82,missing_result,2,"/data1/Kane/ACT/audit_results/abcrown_nopgd_20260525/nn4sys/0058__pensieve_big_parallel__pensieve_parallel_57.result","/data1/Kane/ACT/audit_results/abcrown_nopgd_20260525/nn4sys/0058__pensieve_big_parallel__pensieve_parallel_57.log"
59,"onnx/pensieve_big_parallel.onnx","vnnlib/pensieve_parallel_58.vnnlib",60,60,5.90,missing_result,2,"/data1/Kane/ACT/audit_results/abcrown_nopgd_20260525/nn4sys/0059__pensieve_big_parallel__pensieve_parallel_58.result","/data1/Kane/ACT/audit_results/abcrown_nopgd_20260525/nn4sys/0059__pensieve_big_parallel__pensieve_parallel_58.log"
60,"onnx/pensieve_big_parallel.onnx","vnnlib/pensieve_parallel_59.vnnlib",60,60,4.58,missing_result,2,"/data1/Kane/ACT/audit_results/abcrown_nopgd_20260525/nn4sys/0060__pensieve_big_parallel__pensieve_parallel_59.result","/data1/Kane/ACT/audit_results/abcrown_nopgd_20260525/nn4sys/0060__pensieve_big_parallel__pensieve_parallel_59.log"
61,"onnx/pensieve_big_parallel.onnx","vnnlib/pensieve_parallel_60.vnnlib",60,60,5.94,missing_result,2,"/data1/Kane/ACT/audit_results/abcrown_nopgd_20260525/nn4sys/0061__pensieve_big_parallel__pensieve_parallel_60.result","/data1/Kane/ACT/audit_results/abcrown_nopgd_20260525/nn4sys/0061__pensieve_big_parallel__pensieve_parallel_60.log"
62,"onnx/pensieve_big_parallel.onnx","vnnlib/pensieve_parallel_61.vnnlib",60,60,6.10,missing_result,2,"/data1/Kane/ACT/audit_results/abcrown_nopgd_20260525/nn4sys/0062__pensieve_big_parallel__pensieve_parallel_61.result","/data1/Kane/ACT/audit_results/abcrown_nopgd_20260525/nn4sys/0062__pensieve_big_parallel__pensieve_parallel_61.log"
63,"onnx/pensieve_big_parallel.onnx","vnnlib/pensieve_parallel_62.vnnlib",60,60,4.85,missing_result,2,"/data1/Kane/ACT/audit_results/abcrown_nopgd_20260525/nn4sys/0063__pensieve_big_parallel__pensieve_parallel_62.result","/data1/Kane/ACT/audit_results/abcrown_nopgd_20260525/nn4sys/0063__pensieve_big_parallel__pensieve_parallel_62.log"
64,"onnx/pensieve_big_parallel.onnx","vnnlib/pensieve_parallel_63.vnnlib",60,60,4.66,missing_result,2,"/data1/Kane/ACT/audit_results/abcrown_nopgd_20260525/nn4sys/0064__pensieve_big_parallel__pensieve_parallel_63.result","/data1/Kane/ACT/audit_results/abcrown_nopgd_20260525/nn4sys/0064__pensieve_big_parallel__pensieve_parallel_63.log"
65,"onnx/pensieve_big_parallel.onnx","vnnlib/pensieve_parallel_64.vnnlib",60,60,4.62,missing_result,2,"/data1/Kane/ACT/audit_results/abcrown_nopgd_20260525/nn4sys/0065__pensieve_big_parallel__pensieve_parallel_64.result","/data1/Kane/ACT/audit_results/abcrown_nopgd_20260525/nn4sys/0065__pensieve_big_parallel__pensieve_parallel_64.log"
66,"onnx/pensieve_big_parallel.onnx","vnnlib/pensieve_parallel_65.vnnlib",60,60,4.99,missing_result,2,"/data1/Kane/ACT/audit_results/abcrown_nopgd_20260525/nn4sys/0066__pensieve_big_parallel__pensieve_parallel_65.result","/data1/Kane/ACT/audit_results/abcrown_nopgd_20260525/nn4sys/0066__pensieve_big_parallel__pensieve_parallel_65.log"
67,"onnx/pensieve_big_parallel.onnx","vnnlib/pensieve_parallel_66.vnnlib",60,60,5.52,missing_result,2,"/data1/Kane/ACT/audit_results/abcrown_nopgd_20260525/nn4sys/0067__pensieve_big_parallel__pensieve_parallel_66.result","/data1/Kane/ACT/audit_results/abcrown_nopgd_20260525/nn4sys/0067__pensieve_big_parallel__pensieve_parallel_66.log"
68,"onnx/pensieve_big_parallel.onnx","vnnlib/pensieve_parallel_67.vnnlib",60,60,4.61,missing_result,2,"/data1/Kane/ACT/audit_results/abcrown_nopgd_20260525/nn4sys/0068__pensieve_big_parallel__pensieve_parallel_67.result","/data1/Kane/ACT/audit_results/abcrown_nopgd_20260525/nn4sys/0068__pensieve_big_parallel__pensieve_parallel_67.log"
69,"onnx/pensieve_big_parallel.onnx","vnnlib/pensieve_parallel_68.vnnlib",60,60,6.07,missing_result,2,"/data1/Kane/ACT/audit_results/abcrown_nopgd_20260525/nn4sys/0069__pensieve_big_parallel__pensieve_parallel_68.result","/data1/Kane/ACT/audit_results/abcrown_nopgd_20260525/nn4sys/0069__pensieve_big_parallel__pensieve_parallel_68.log"
70,"onnx/pensieve_big_parallel.onnx","vnnlib/pensieve_parallel_69.vnnlib",60,60,4.70,missing_result,2,"/data1/Kane/ACT/audit_results/abcrown_nopgd_20260525/nn4sys/0070__pensieve_big_parallel__pensieve_parallel_69.result","/data1/Kane/ACT/audit_results/abcrown_nopgd_20260525/nn4sys/0070__pensieve_big_parallel__pensieve_parallel_69.log"
71,"onnx/pensieve_big_parallel.onnx","vnnlib/pensieve_parallel_70.vnnlib",140,140,5.39,missing_result,2,"/data1/Kane/ACT/audit_results/abcrown_nopgd_20260525/nn4sys/0071__pensieve_big_parallel__pensieve_parallel_70.result","/data1/Kane/ACT/audit_results/abcrown_nopgd_20260525/nn4sys/0071__pensieve_big_parallel__pensieve_parallel_70.log"
72,"onnx/pensieve_big_parallel.onnx","vnnlib/pensieve_parallel_71.vnnlib",140,140,5.47,missing_result,2,"/data1/Kane/ACT/audit_results/abcrown_nopgd_20260525/nn4sys/0072__pensieve_big_parallel__pensieve_parallel_71.result","/data1/Kane/ACT/audit_results/abcrown_nopgd_20260525/nn4sys/0072__pensieve_big_parallel__pensieve_parallel_71.log"
73,"onnx/pensieve_big_parallel.onnx","vnnlib/pensieve_parallel_72.vnnlib",140,140,4.61,missing_result,2,"/data1/Kane/ACT/audit_results/abcrown_nopgd_20260525/nn4sys/0073__pensieve_big_parallel__pensieve_parallel_72.result","/data1/Kane/ACT/audit_results/abcrown_nopgd_20260525/nn4sys/0073__pensieve_big_parallel__pensieve_parallel_72.log"
74,"onnx/pensieve_big_parallel.onnx","vnnlib/pensieve_parallel_73.vnnlib",140,140,5.76,missing_result,2,"/data1/Kane/ACT/audit_results/abcrown_nopgd_20260525/nn4sys/0074__pensieve_big_parallel__pensieve_parallel_73.result","/data1/Kane/ACT/audit_results/abcrown_nopgd_20260525/nn4sys/0074__pensieve_big_parallel__pensieve_parallel_73.log"
75,"onnx/pensieve_big_parallel.onnx","vnnlib/pensieve_parallel_74.vnnlib",140,140,5.12,missing_result,2,"/data1/Kane/ACT/audit_results/abcrown_nopgd_20260525/nn4sys/0075__pensieve_big_parallel__pensieve_parallel_74.result","/data1/Kane/ACT/audit_results/abcrown_nopgd_20260525/nn4sys/0075__pensieve_big_parallel__pensieve_parallel_74.log"
76,"onnx/pensieve_big_parallel.onnx","vnnlib/pensieve_parallel_75.vnnlib",140,140,4.88,missing_result,2,"/data1/Kane/ACT/audit_results/abcrown_nopgd_20260525/nn4sys/0076__pensieve_big_parallel__pensieve_parallel_75.result","/data1/Kane/ACT/audit_results/abcrown_nopgd_20260525/nn4sys/0076__pensieve_big_parallel__pensieve_parallel_75.log"
77,"onnx/pensieve_big_parallel.onnx","vnnlib/pensieve_parallel_76.vnnlib",140,140,5.56,missing_result,2,"/data1/Kane/ACT/audit_results/abcrown_nopgd_20260525/nn4sys/0077__pensieve_big_parallel__pensieve_parallel_76.result","/data1/Kane/ACT/audit_results/abcrown_nopgd_20260525/nn4sys/0077__pensieve_big_parallel__pensieve_parallel_76.log"
78,"onnx/pensieve_big_parallel.onnx","vnnlib/pensieve_parallel_77.vnnlib",140,140,4.42,missing_result,2,"/data1/Kane/ACT/audit_results/abcrown_nopgd_20260525/nn4sys/0078__pensieve_big_parallel__pensieve_parallel_77.result","/data1/Kane/ACT/audit_results/abcrown_nopgd_20260525/nn4sys/0078__pensieve_big_parallel__pensieve_parallel_77.log"
79,"onnx/pensieve_big_parallel.onnx","vnnlib/pensieve_parallel_78.vnnlib",140,140,5.36,missing_result,2,"/data1/Kane/ACT/audit_results/abcrown_nopgd_20260525/nn4sys/0079__pensieve_big_parallel__pensieve_parallel_78.result","/data1/Kane/ACT/audit_results/abcrown_nopgd_20260525/nn4sys/0079__pensieve_big_parallel__pensieve_parallel_78.log"
80,"onnx/pensieve_big_parallel.onnx","vnnlib/pensieve_parallel_79.vnnlib",140,140,5.26,missing_result,2,"/data1/Kane/ACT/audit_results/abcrown_nopgd_20260525/nn4sys/0080__pensieve_big_parallel__pensieve_parallel_79.result","/data1/Kane/ACT/audit_results/abcrown_nopgd_20260525/nn4sys/0080__pensieve_big_parallel__pensieve_parallel_79.log"
81,"onnx/pensieve_big_parallel.onnx","vnnlib/pensieve_parallel_80.vnnlib",140,140,4.53,missing_result,2,"/data1/Kane/ACT/audit_results/abcrown_nopgd_20260525/nn4sys/0081__pensieve_big_parallel__pensieve_parallel_80.result","/data1/Kane/ACT/audit_results/abcrown_nopgd_20260525/nn4sys/0081__pensieve_big_parallel__pensieve_parallel_80.log"
82,"onnx/pensieve_big_parallel.onnx","vnnlib/pensieve_parallel_81.vnnlib",140,140,5.28,missing_result,2,"/data1/Kane/ACT/audit_results/abcrown_nopgd_20260525/nn4sys/0082__pensieve_big_parallel__pensieve_parallel_81.result","/data1/Kane/ACT/audit_results/abcrown_nopgd_20260525/nn4sys/0082__pensieve_big_parallel__pensieve_parallel_81.log"
83,"onnx/pensieve_big_parallel.onnx","vnnlib/pensieve_parallel_82.vnnlib",140,140,5.20,missing_result,2,"/data1/Kane/ACT/audit_results/abcrown_nopgd_20260525/nn4sys/0083__pensieve_big_parallel__pensieve_parallel_82.result","/data1/Kane/ACT/audit_results/abcrown_nopgd_20260525/nn4sys/0083__pensieve_big_parallel__pensieve_parallel_82.log"
84,"onnx/pensieve_big_parallel.onnx","vnnlib/pensieve_parallel_83.vnnlib",140,140,4.46,missing_result,2,"/data1/Kane/ACT/audit_results/abcrown_nopgd_20260525/nn4sys/0084__pensieve_big_parallel__pensieve_parallel_83.result","/data1/Kane/ACT/audit_results/abcrown_nopgd_20260525/nn4sys/0084__pensieve_big_parallel__pensieve_parallel_83.log"
85,"onnx/pensieve_big_parallel.onnx","vnnlib/pensieve_parallel_84.vnnlib",140,140,4.55,missing_result,2,"/data1/Kane/ACT/audit_results/abcrown_nopgd_20260525/nn4sys/0085__pensieve_big_parallel__pensieve_parallel_84.result","/data1/Kane/ACT/audit_results/abcrown_nopgd_20260525/nn4sys/0085__pensieve_big_parallel__pensieve_parallel_84.log"
86,"onnx/pensieve_big_parallel.onnx","vnnlib/pensieve_parallel_85.vnnlib",140,140,4.67,missing_result,2,"/data1/Kane/ACT/audit_results/abcrown_nopgd_20260525/nn4sys/0086__pensieve_big_parallel__pensieve_parallel_85.result","/data1/Kane/ACT/audit_results/abcrown_nopgd_20260525/nn4sys/0086__pensieve_big_parallel__pensieve_parallel_85.log"
87,"onnx/pensieve_big_parallel.onnx","vnnlib/pensieve_parallel_86.vnnlib",140,140,4.71,missing_result,2,"/data1/Kane/ACT/audit_results/abcrown_nopgd_20260525/nn4sys/0087__pensieve_big_parallel__pensieve_parallel_86.result","/data1/Kane/ACT/audit_results/abcrown_nopgd_20260525/nn4sys/0087__pensieve_big_parallel__pensieve_parallel_86.log"
88,"onnx/pensieve_big_parallel.onnx","vnnlib/pensieve_parallel_87.vnnlib",140,140,4.91,missing_result,2,"/data1/Kane/ACT/audit_results/abcrown_nopgd_20260525/nn4sys/0088__pensieve_big_parallel__pensieve_parallel_87.result","/data1/Kane/ACT/audit_results/abcrown_nopgd_20260525/nn4sys/0088__pensieve_big_parallel__pensieve_parallel_87.log"
89,"onnx/pensieve_big_parallel.onnx","vnnlib/pensieve_parallel_88.vnnlib",140,140,4.79,missing_result,2,"/data1/Kane/ACT/audit_results/abcrown_nopgd_20260525/nn4sys/0089__pensieve_big_parallel__pensieve_parallel_88.result","/data1/Kane/ACT/audit_results/abcrown_nopgd_20260525/nn4sys/0089__pensieve_big_parallel__pensieve_parallel_88.log"
90,"onnx/pensieve_big_parallel.onnx","vnnlib/pensieve_parallel_89.vnnlib",140,140,4.31,missing_result,2,"/data1/Kane/ACT/audit_results/abcrown_nopgd_20260525/nn4sys/0090__pensieve_big_parallel__pensieve_parallel_89.result","/data1/Kane/ACT/audit_results/abcrown_nopgd_20260525/nn4sys/0090__pensieve_big_parallel__pensieve_parallel_89.log"
91,"onnx/pensieve_big_parallel.onnx","vnnlib/pensieve_parallel_90.vnnlib",140,140,5.51,missing_result,2,"/data1/Kane/ACT/audit_results/abcrown_nopgd_20260525/nn4sys/0091__pensieve_big_parallel__pensieve_parallel_90.result","/data1/Kane/ACT/audit_results/abcrown_nopgd_20260525/nn4sys/0091__pensieve_big_parallel__pensieve_parallel_90.log"
92,"onnx/pensieve_big_parallel.onnx","vnnlib/pensieve_parallel_91.vnnlib",140,140,5.22,missing_result,2,"/data1/Kane/ACT/audit_results/abcrown_nopgd_20260525/nn4sys/0092__pensieve_big_parallel__pensieve_parallel_91.result","/data1/Kane/ACT/audit_results/abcrown_nopgd_20260525/nn4sys/0092__pensieve_big_parallel__pensieve_parallel_91.log"
93,"onnx/pensieve_big_parallel.onnx","vnnlib/pensieve_parallel_92.vnnlib",140,140,4.28,missing_result,2,"/data1/Kane/ACT/audit_results/abcrown_nopgd_20260525/nn4sys/0093__pensieve_big_parallel__pensieve_parallel_92.result","/data1/Kane/ACT/audit_results/abcrown_nopgd_20260525/nn4sys/0093__pensieve_big_parallel__pensieve_parallel_92.log"
94,"onnx/pensieve_big_parallel.onnx","vnnlib/pensieve_parallel_93.vnnlib",140,140,5.68,missing_result,2,"/data1/Kane/ACT/audit_results/abcrown_nopgd_20260525/nn4sys/0094__pensieve_big_parallel__pensieve_parallel_93.result","/data1/Kane/ACT/audit_results/abcrown_nopgd_20260525/nn4sys/0094__pensieve_big_parallel__pensieve_parallel_93.log"
95,"onnx/pensieve_big_parallel.onnx","vnnlib/pensieve_parallel_94.vnnlib",140,140,4.97,missing_result,2,"/data1/Kane/ACT/audit_results/abcrown_nopgd_20260525/nn4sys/0095__pensieve_big_parallel__pensieve_parallel_94.result","/data1/Kane/ACT/audit_results/abcrown_nopgd_20260525/nn4sys/0095__pensieve_big_parallel__pensieve_parallel_94.log"
96,"onnx/pensieve_big_parallel.onnx","vnnlib/pensieve_parallel_95.vnnlib",140,140,4.89,missing_result,2,"/data1/Kane/ACT/audit_results/abcrown_nopgd_20260525/nn4sys/0096__pensieve_big_parallel__pensieve_parallel_95.result","/data1/Kane/ACT/audit_results/abcrown_nopgd_20260525/nn4sys/0096__pensieve_big_parallel__pensieve_parallel_95.log"
97,"onnx/pensieve_big_parallel.onnx","vnnlib/pensieve_parallel_96.vnnlib",140,140,5.26,missing_result,2,"/data1/Kane/ACT/audit_results/abcrown_nopgd_20260525/nn4sys/0097__pensieve_big_parallel__pensieve_parallel_96.result","/data1/Kane/ACT/audit_results/abcrown_nopgd_20260525/nn4sys/0097__pensieve_big_parallel__pensieve_parallel_96.log"
98,"onnx/pensieve_big_parallel.onnx","vnnlib/pensieve_parallel_97.vnnlib",140,140,4.47,missing_result,2,"/data1/Kane/ACT/audit_results/abcrown_nopgd_20260525/nn4sys/0098__pensieve_big_parallel__pensieve_parallel_97.result","/data1/Kane/ACT/audit_results/abcrown_nopgd_20260525/nn4sys/0098__pensieve_big_parallel__pensieve_parallel_97.log"
99,"onnx/pensieve_big_parallel.onnx","vnnlib/pensieve_parallel_98.vnnlib",140,140,5.08,missing_result,2,"/data1/Kane/ACT/audit_results/abcrown_nopgd_20260525/nn4sys/0099__pensieve_big_parallel__pensieve_parallel_98.result","/data1/Kane/ACT/audit_results/abcrown_nopgd_20260525/nn4sys/0099__pensieve_big_parallel__pensieve_parallel_98.log"
100,"onnx/pensieve_big_parallel.onnx","vnnlib/pensieve_parallel_99.vnnlib",140,140,4.57,missing_result,2,"/data1/Kane/ACT/audit_results/abcrown_nopgd_20260525/nn4sys/0100__pensieve_big_parallel__pensieve_parallel_99.result","/data1/Kane/ACT/audit_results/abcrown_nopgd_20260525/nn4sys/0100__pensieve_big_parallel__pensieve_parallel_99.log"
101,"onnx/pensieve_big_parallel.onnx","vnnlib/pensieve_parallel_100.vnnlib",140,140,5.49,missing_result,2,"/data1/Kane/ACT/audit_results/abcrown_nopgd_20260525/nn4sys/0101__pensieve_big_parallel__pensieve_parallel_100.result","/data1/Kane/ACT/audit_results/abcrown_nopgd_20260525/nn4sys/0101__pensieve_big_parallel__pensieve_parallel_100.log"
102,"onnx/pensieve_big_parallel.onnx","vnnlib/pensieve_parallel_101.vnnlib",140,140,5.17,missing_result,2,"/data1/Kane/ACT/audit_results/abcrown_nopgd_20260525/nn4sys/0102__pensieve_big_parallel__pensieve_parallel_101.result","/data1/Kane/ACT/audit_results/abcrown_nopgd_20260525/nn4sys/0102__pensieve_big_parallel__pensieve_parallel_101.log"
103,"onnx/pensieve_big_parallel.onnx","vnnlib/pensieve_parallel_102.vnnlib",140,140,4.47,missing_result,2,"/data1/Kane/ACT/audit_results/abcrown_nopgd_20260525/nn4sys/0103__pensieve_big_parallel__pensieve_parallel_102.result","/data1/Kane/ACT/audit_results/abcrown_nopgd_20260525/nn4sys/0103__pensieve_big_parallel__pensieve_parallel_102.log"
104,"onnx/pensieve_big_parallel.onnx","vnnlib/pensieve_parallel_103.vnnlib",140,140,5.51,missing_result,2,"/data1/Kane/ACT/audit_results/abcrown_nopgd_20260525/nn4sys/0104__pensieve_big_parallel__pensieve_parallel_103.result","/data1/Kane/ACT/audit_results/abcrown_nopgd_20260525/nn4sys/0104__pensieve_big_parallel__pensieve_parallel_103.log"
105,"onnx/pensieve_big_parallel.onnx","vnnlib/pensieve_parallel_104.vnnlib",140,140,4.92,missing_result,2,"/data1/Kane/ACT/audit_results/abcrown_nopgd_20260525/nn4sys/0105__pensieve_big_parallel__pensieve_parallel_104.result","/data1/Kane/ACT/audit_results/abcrown_nopgd_20260525/nn4sys/0105__pensieve_big_parallel__pensieve_parallel_104.log"
129,"onnx/lindex_deep.onnx","vnnlib/lindex_60000.vnnlib",40,40,5.83,unsat,0,"/data1/Kane/ACT/audit_results/abcrown_nopgd_20260525/nn4sys/0129__lindex_deep__lindex_60000.result","/data1/Kane/ACT/audit_results/abcrown_nopgd_20260525/nn4sys/0129__lindex_deep__lindex_60000.log"
161,"onnx/mscn_2048d.onnx","vnnlib/cardinality_0_1_2048.vnnlib",20,20,6.11,unsat,0,"/data1/Kane/ACT/audit_results/abcrown_nopgd_20260525/nn4sys/0161__mscn_2048d__cardinality_0_1_2048.result","/data1/Kane/ACT/audit_results/abcrown_nopgd_20260525/nn4sys/0161__mscn_2048d__cardinality_0_1_2048.log"
162,"onnx/mscn_2048d.onnx","vnnlib/cardinality_0_500_2048.vnnlib",20,20,7.09,unsat,0,"/data1/Kane/ACT/audit_results/abcrown_nopgd_20260525/nn4sys/0162__mscn_2048d__cardinality_0_500_2048.result","/data1/Kane/ACT/audit_results/abcrown_nopgd_20260525/nn4sys/0162__mscn_2048d__cardinality_0_500_2048.log"
163,"onnx/mscn_2048d.onnx","vnnlib/cardinality_0_750_2048.vnnlib",40,40,7.78,unsat,0,"/data1/Kane/ACT/audit_results/abcrown_nopgd_20260525/nn4sys/0163__mscn_2048d__cardinality_0_750_2048.result","/data1/Kane/ACT/audit_results/abcrown_nopgd_20260525/nn4sys/0163__mscn_2048d__cardinality_0_750_2048.log"
164,"onnx/mscn_2048d.onnx","vnnlib/cardinality_0_1000_2048.vnnlib",40,40,7.73,unsat,0,"/data1/Kane/ACT/audit_results/abcrown_nopgd_20260525/nn4sys/0164__mscn_2048d__cardinality_0_1000_2048.result","/data1/Kane/ACT/audit_results/abcrown_nopgd_20260525/nn4sys/0164__mscn_2048d__cardinality_0_1000_2048.log"
165,"onnx/mscn_2048d.onnx","vnnlib/cardinality_0_2120_2048.vnnlib",60,60,8.88,missing_result,2,"/data1/Kane/ACT/audit_results/abcrown_nopgd_20260525/nn4sys/0165__mscn_2048d__cardinality_0_2120_2048.result","/data1/Kane/ACT/audit_results/abcrown_nopgd_20260525/nn4sys/0165__mscn_2048d__cardinality_0_2120_2048.log"
166,"onnx/mscn_2048d.onnx","vnnlib/cardinality_0_2680_2048.vnnlib",80,80,8.69,missing_result,2,"/data1/Kane/ACT/audit_results/abcrown_nopgd_20260525/nn4sys/0166__mscn_2048d__cardinality_0_2680_2048.result","/data1/Kane/ACT/audit_results/abcrown_nopgd_20260525/nn4sys/0166__mscn_2048d__cardinality_0_2680_2048.log"
167,"onnx/mscn_2048d.onnx","vnnlib/cardinality_0_3240_2048.vnnlib",100,100,9.66,missing_result,2,"/data1/Kane/ACT/audit_results/abcrown_nopgd_20260525/nn4sys/0167__mscn_2048d__cardinality_0_3240_2048.result","/data1/Kane/ACT/audit_results/abcrown_nopgd_20260525/nn4sys/0167__mscn_2048d__cardinality_0_3240_2048.log"
168,"onnx/mscn_2048d.onnx","vnnlib/cardinality_0_3800_2048.vnnlib",100,100,8.75,missing_result,2,"/data1/Kane/ACT/audit_results/abcrown_nopgd_20260525/nn4sys/0168__mscn_2048d__cardinality_0_3800_2048.result","/data1/Kane/ACT/audit_results/abcrown_nopgd_20260525/nn4sys/0168__mscn_2048d__cardinality_0_3800_2048.log"
169,"onnx/mscn_2048d.onnx","vnnlib/cardinality_0_4360_2048.vnnlib",120,120,8.28,missing_result,2,"/data1/Kane/ACT/audit_results/abcrown_nopgd_20260525/nn4sys/0169__mscn_2048d__cardinality_0_4360_2048.result","/data1/Kane/ACT/audit_results/abcrown_nopgd_20260525/nn4sys/0169__mscn_2048d__cardinality_0_4360_2048.log"
170,"onnx/mscn_2048d.onnx","vnnlib/cardinality_0_4920_2048.vnnlib",120,120,8.12,missing_result,2,"/data1/Kane/ACT/audit_results/abcrown_nopgd_20260525/nn4sys/0170__mscn_2048d__cardinality_0_4920_2048.result","/data1/Kane/ACT/audit_results/abcrown_nopgd_20260525/nn4sys/0170__mscn_2048d__cardinality_0_4920_2048.log"
171,"onnx/mscn_2048d.onnx","vnnlib/cardinality_0_5480_2048.vnnlib",140,140,8.19,missing_result,2,"/data1/Kane/ACT/audit_results/abcrown_nopgd_20260525/nn4sys/0171__mscn_2048d__cardinality_0_5480_2048.result","/data1/Kane/ACT/audit_results/abcrown_nopgd_20260525/nn4sys/0171__mscn_2048d__cardinality_0_5480_2048.log"
172,"onnx/mscn_2048d_dual.onnx","vnnlib/cardinality_1_1_2048_dual.vnnlib",20,20,10.29,unsat,0,"/data1/Kane/ACT/audit_results/abcrown_nopgd_20260525/nn4sys/0172__mscn_2048d_dual__cardinality_1_1_2048_dual.result","/data1/Kane/ACT/audit_results/abcrown_nopgd_20260525/nn4sys/0172__mscn_2048d_dual__cardinality_1_1_2048_dual.log"
173,"onnx/mscn_2048d_dual.onnx","vnnlib/cardinality_1_240_2048_dual.vnnlib",140,140,9.95,unsat,0,"/data1/Kane/ACT/audit_results/abcrown_nopgd_20260525/nn4sys/0173__mscn_2048d_dual__cardinality_1_240_2048_dual.result","/data1/Kane/ACT/audit_results/abcrown_nopgd_20260525/nn4sys/0173__mscn_2048d_dual__cardinality_1_240_2048_dual.log"
174,"onnx/mscn_2048d_dual.onnx","vnnlib/cardinality_1_360_2048_dual.vnnlib",160,160,9.09,unsat,0,"/data1/Kane/ACT/audit_results/abcrown_nopgd_20260525/nn4sys/0174__mscn_2048d_dual__cardinality_1_360_2048_dual.result","/data1/Kane/ACT/audit_results/abcrown_nopgd_20260525/nn4sys/0174__mscn_2048d_dual__cardinality_1_360_2048_dual.log"
175,"onnx/mscn_2048d_dual.onnx","vnnlib/cardinality_1_480_2048_dual.vnnlib",180,180,11.09,unsat,0,"/data1/Kane/ACT/audit_results/abcrown_nopgd_20260525/nn4sys/0175__mscn_2048d_dual__cardinality_1_480_2048_dual.result","/data1/Kane/ACT/audit_results/abcrown_nopgd_20260525/nn4sys/0175__mscn_2048d_dual__cardinality_1_480_2048_dual.log"
176,"onnx/mscn_2048d_dual.onnx","vnnlib/cardinality_1_600_2048_dual.vnnlib",180,180,13.21,unsat,0,"/data1/Kane/ACT/audit_results/abcrown_nopgd_20260525/nn4sys/0176__mscn_2048d_dual__cardinality_1_600_2048_dual.result","/data1/Kane/ACT/audit_results/abcrown_nopgd_20260525/nn4sys/0176__mscn_2048d_dual__cardinality_1_600_2048_dual.log"
177,"onnx/mscn_2048d_dual.onnx","vnnlib/cardinality_1_720_2048_dual.vnnlib",200,200,11.33,missing_result,2,"/data1/Kane/ACT/audit_results/abcrown_nopgd_20260525/nn4sys/0177__mscn_2048d_dual__cardinality_1_720_2048_dual.result","/data1/Kane/ACT/audit_results/abcrown_nopgd_20260525/nn4sys/0177__mscn_2048d_dual__cardinality_1_720_2048_dual.log"
178,"onnx/mscn_2048d_dual.onnx","vnnlib/cardinality_1_840_2048_dual.vnnlib",200,200,12.32,missing_result,2,"/data1/Kane/ACT/audit_results/abcrown_nopgd_20260525/nn4sys/0178__mscn_2048d_dual__cardinality_1_840_2048_dual.result","/data1/Kane/ACT/audit_results/abcrown_nopgd_20260525/nn4sys/0178__mscn_2048d_dual__cardinality_1_840_2048_dual.log"
179,"onnx/mscn_2048d_dual.onnx","vnnlib/cardinality_1_960_2048_dual.vnnlib",200,200,13.16,missing_result,2,"/data1/Kane/ACT/audit_results/abcrown_nopgd_20260525/nn4sys/0179__mscn_2048d_dual__cardinality_1_960_2048_dual.result","/data1/Kane/ACT/audit_results/abcrown_nopgd_20260525/nn4sys/0179__mscn_2048d_dual__cardinality_1_960_2048_dual.log"
180,"onnx/mscn_2048d_dual.onnx","vnnlib/cardinality_1_2260_2048_dual.vnnlib",300,300,11.27,missing_result,2,"/data1/Kane/ACT/audit_results/abcrown_nopgd_20260525/nn4sys/0180__mscn_2048d_dual__cardinality_1_2260_2048_dual.result","/data1/Kane/ACT/audit_results/abcrown_nopgd_20260525/nn4sys/0180__mscn_2048d_dual__cardinality_1_2260_2048_dual.log"
181,"onnx/mscn_2048d_dual.onnx","vnnlib/cardinality_1_2890_2048_dual.vnnlib",340,340,12.38,missing_result,2,"/data1/Kane/ACT/audit_results/abcrown_nopgd_20260525/nn4sys/0181__mscn_2048d_dual__cardinality_1_2890_2048_dual.result","/data1/Kane/ACT/audit_results/abcrown_nopgd_20260525/nn4sys/0181__mscn_2048d_dual__cardinality_1_2890_2048_dual.log"
182,"onnx/mscn_2048d_dual.onnx","vnnlib/cardinality_1_3520_2048_dual.vnnlib",380,380,14.55,missing_result,2,"/data1/Kane/ACT/audit_results/abcrown_nopgd_20260525/nn4sys/0182__mscn_2048d_dual__cardinality_1_3520_2048_dual.result","/data1/Kane/ACT/audit_results/abcrown_nopgd_20260525/nn4sys/0182__mscn_2048d_dual__cardinality_1_3520_2048_dual.log"
183,"onnx/mscn_2048d_dual.onnx","vnnlib/cardinality_1_4150_2048_dual.vnnlib",420,420,24.48,unsat,0,"/data1/Kane/ACT/audit_results/abcrown_nopgd_20260525/nn4sys/0183__mscn_2048d_dual__cardinality_1_4150_2048_dual.result","/data1/Kane/ACT/audit_results/abcrown_nopgd_20260525/nn4sys/0183__mscn_2048d_dual__cardinality_1_4150_2048_dual.log"
184,"onnx/mscn_2048d_dual.onnx","vnnlib/cardinality_1_4780_2048_dual.vnnlib",440,440,13.62,missing_result,2,"/data1/Kane/ACT/audit_results/abcrown_nopgd_20260525/nn4sys/0184__mscn_2048d_dual__cardinality_1_4780_2048_dual.result","/data1/Kane/ACT/audit_results/abcrown_nopgd_20260525/nn4sys/0184__mscn_2048d_dual__cardinality_1_4780_2048_dual.log"
185,"onnx/mscn_2048d_dual.onnx","vnnlib/cardinality_1_5410_2048_dual.vnnlib",460,460,15.98,missing_result,2,"/data1/Kane/ACT/audit_results/abcrown_nopgd_20260525/nn4sys/0185__mscn_2048d_dual__cardinality_1_5410_2048_dual.result","/data1/Kane/ACT/audit_results/abcrown_nopgd_20260525/nn4sys/0185__mscn_2048d_dual__cardinality_1_5410_2048_dual.log"
186,"onnx/mscn_2048d_dual.onnx","vnnlib/cardinality_1_6040_2048_dual.vnnlib",500,500,12.18,missing_result,2,"/data1/Kane/ACT/audit_results/abcrown_nopgd_20260525/nn4sys/0186__mscn_2048d_dual__cardinality_1_6040_2048_dual.result","/data1/Kane/ACT/audit_results/abcrown_nopgd_20260525/nn4sys/0186__mscn_2048d_dual__cardinality_1_6040_2048_dual.log"
187,"onnx/mscn_2048d_dual.onnx","vnnlib/cardinality_1_6670_2048_dual.vnnlib",520,520,14.10,missing_result,2,"/data1/Kane/ACT/audit_results/abcrown_nopgd_20260525/nn4sys/0187__mscn_2048d_dual__cardinality_1_6670_2048_dual.result","/data1/Kane/ACT/audit_results/abcrown_nopgd_20260525/nn4sys/0187__mscn_2048d_dual__cardinality_1_6670_2048_dual.log"
188,"onnx/mscn_2048d_dual.onnx","vnnlib/cardinality_1_7300_2048_dual.vnnlib",520,520,14.03,missing_result,2,"/data1/Kane/ACT/audit_results/abcrown_nopgd_20260525/nn4sys/0188__mscn_2048d_dual__cardinality_1_7300_2048_dual.result","/data1/Kane/ACT/audit_results/abcrown_nopgd_20260525/nn4sys/0188__mscn_2048d_dual__cardinality_1_7300_2048_dual.log"
189,"onnx/mscn_2048d_dual.onnx","vnnlib/cardinality_1_7930_2048_dual.vnnlib",540,540,16.23,missing_result,2,"/data1/Kane/ACT/audit_results/abcrown_nopgd_20260525/nn4sys/0189__mscn_2048d_dual__cardinality_1_7930_2048_dual.result","/data1/Kane/ACT/audit_results/abcrown_nopgd_20260525/nn4sys/0189__mscn_2048d_dual__cardinality_1_7930_2048_dual.log"
190,"onnx/mscn_2048d_dual.onnx","vnnlib/cardinality_1_8560_2048_dual.vnnlib",560,560,37.23,unsat,0,"/data1/Kane/ACT/audit_results/abcrown_nopgd_20260525/nn4sys/0190__mscn_2048d_dual__cardinality_1_8560_2048_dual.result","/data1/Kane/ACT/audit_results/abcrown_nopgd_20260525/nn4sys/0190__mscn_2048d_dual__cardinality_1_8560_2048_dual.log"
191,"onnx/mscn_2048d_dual.onnx","vnnlib/cardinality_1_9190_2048_dual.vnnlib",580,580,39.65,unsat,0,"/data1/Kane/ACT/audit_results/abcrown_nopgd_20260525/nn4sys/0191__mscn_2048d_dual__cardinality_1_9190_2048_dual.result","/data1/Kane/ACT/audit_results/abcrown_nopgd_20260525/nn4sys/0191__mscn_2048d_dual__cardinality_1_9190_2048_dual.log"
192,"onnx/mscn_2048d_dual.onnx","vnnlib/cardinality_1_9820_2048_dual.vnnlib",580,580,41.31,unsat,0,"/data1/Kane/ACT/audit_results/abcrown_nopgd_20260525/nn4sys/0192__mscn_2048d_dual__cardinality_1_9820_2048_dual.result","/data1/Kane/ACT/audit_results/abcrown_nopgd_20260525/nn4sys/0192__mscn_2048d_dual__cardinality_1_9820_2048_dual.log"
193,"onnx/mscn_2048d_dual.onnx","vnnlib/cardinality_1_10450_2048_dual.vnnlib",600,600,14.31,missing_result,2,"/data1/Kane/ACT/audit_results/abcrown_nopgd_20260525/nn4sys/0193__mscn_2048d_dual__cardinality_1_10450_2048_dual.result","/data1/Kane/ACT/audit_results/abcrown_nopgd_20260525/nn4sys/0193__mscn_2048d_dual__cardinality_1_10450_2048_dual.log"
194,"onnx/mscn_2048d_dual.onnx","vnnlib/cardinality_1_11080_2048_dual.vnnlib",800,800,41.61,unsat,0,"/data1/Kane/ACT/audit_results/abcrown_nopgd_20260525/nn4sys/0194__mscn_2048d_dual__cardinality_1_11080_2048_dual.result","/data1/Kane/ACT/audit_results/abcrown_nopgd_20260525/nn4sys/0194__mscn_2048d_dual__cardinality_1_11080_2048_dual.log"
