[0;93m2026-05-26 10:14:15.454523127 [W:onnxruntime:Default, device_discovery.cc:325 DiscoverDevicesForPlatform] GPU device discovery failed: device_discovery.cc:92 ReadFileContents Failed to open file: "/sys/class/drm/card0/device/vendor"[m
Configurations:

general:
  device: cuda
  seed: 100
  conv_mode: patches
  deterministic: false
  double_fp: false
  loss_reduction_func: sum
  sparse_alpha: true
  sparse_interm: true
  save_adv_example: true
  verify_onnxruntime_output: false
  eval_adv_example: false
  show_adv_example: false
  precompile_jit: true
  prepare_only: false
  complete_verifier: bab
  enable_incomplete_verification: false
  csv_name: instances.csv
  results_file: /data1/Kane/ACT/audit_results/abcrown_nopgd_20260525/acasxu_2023/0077__ACASXU_run2a_4_5_batch_2000__prop_2.result
  root_path: ../../vnncomp2023_benchmarks/benchmarks/acasxu
  deterministic_opt: false
  graph_optimizer: 'Customized("custom_graph_optimizer", "default_optimizer")'
  buffer_has_batchdim: false
  save_output: false
  output_file: out.pkl
  return_optimized_model: false
model:
  name: null
  path: null
  onnx_path: /data1/Kane/data/vnncomp2025_benchmarks/benchmarks/acasxu_2023/onnx/ACASXU_run2a_4_5_batch_2000.onnx
  onnx_path_prefix: ''
  cache_onnx_conversion: false
  debug_onnx: false
  onnx_quirks: null
  input_shape: null
  onnx_loader: default_onnx_and_vnnlib_loader
  onnx_optimization_flags: []
  onnx_vnnlib_joint_optimization_flags: none
  check_optimized: false
  flatten_final_output: false
  optimize_graph: null
  with_jacobian: false
data:
  start: 0
  end: 10000
  select_instance: null
  num_outputs: 10
  mean: 0.0
  std: 1.0
  pkl_path: null
  dataset: null
  data_filter_path: null
  data_idx_file: null
specification:
  type: lp
  robustness_type: verified-acc
  norm: .inf
  epsilon: null
  epsilon_min: 0.0
  vnnlib_path: /data1/Kane/data/vnncomp2025_benchmarks/benchmarks/acasxu_2023/vnnlib/prop_2.vnnlib
  vnnlib_path_prefix: ''
  rhs_offset: null
solver:
  batch_size: 16384
  auto_enlarge_batch_size: false
  min_batch_size_ratio: 0.1
  use_float64_in_last_iteration: false
  early_stop_patience: 10
  start_save_best: 0.5
  bound_prop_method: crown
  init_bound_prop_method: same
  prune_after_crown: false
  optimize_disjuncts_separately: false
  crown:
    batch_size: 1000000000
    max_crown_size: 1000000000
    activation_bound_option: adaptive
    compare_crown_with_ibp: false
  alpha-crown:
    alpha: true
    lr_alpha: 0.1
    iteration: 100
    share_alphas: false
    lr_decay: 0.98
    full_conv_alpha: true
    max_coeff_mul: .inf
    matmul_share_alphas: false
    disable_optimization: []
    max_time: 1.0
  invprop:
    apply_output_constraints_to: []
    tighten_input_bounds: false
    best_of_oc_and_no_oc: false
    directly_optimize: []
    oc_lr: 0.1
    share_gammas: false
  beta-crown:
    lr_alpha: 0.01
    lr_beta: 0.05
    lr_decay: 0.98
    optimizer: adam
    iteration: 50
    beta: true
    beta_warmup: true
    enable_opt_interm_bounds: false
    all_node_split_LP: false
  forward:
    refine: false
    max_dim: 10000
    reset_threshold: 1.0
  multi_class:
    label_batch_size: 32
    skip_with_refined_bound: true
  mip:
    unstable_neuron_threshold: 0
    parallel_solvers: null
    solver_threads: 1
    refine_neuron_timeout: 15
    refine_neuron_time_percentage: 0.8
    early_stop: true
    adv_warmup: true
    mip_solver: gurobi
    skip_unsafe: false
    topk_filter: 1.0
    sliding_window: -1
    extra_constraint: false
    refine_neuron_timeout_increasement: 0
    timeout_neuron_percentage: 0.3
    remaining_timeout_threshold: 1
    remove_unstable_neurons: false
    lp_solver: false
bab:
  initial_max_domains: 1
  backing_up_max_domain: null
  max_domains: .inf
  decision_thresh: 0
  timeout: 116.0
  timeout_scale: 1
  max_iterations: -1
  override_timeout: null
  get_upper_bound: false
  pruning_in_iteration: true
  pruning_in_iteration_ratio: 0.2
  sort_targets: false
  batched_domain_list: true
  optimized_interm: ''
  interm_transfer: true
  recompute_interm: false
  sort_domain_interval: -1
  vanilla_crown: false
  tree_traversal: depth_first
  cut:
    enabled: false
    cuts_path: /tmp/abcrown_cuts
    implication: false
    bab_cut: false
    lp_cut: false
    method: null
    lr: 0.01
    lr_decay: 1.0
    iteration: 100
    bab_iteration: -1
    early_stop_patience: -1
    lr_beta: 0.02
    number_cuts: 50
    topk_cuts_in_filter: 1000
    batch_size_primal: 100
    max_num: 1000000000
    patches_cut: false
    cplex_cuts: false
    cplex_cuts_wait: 0
    cplex_cuts_revpickup: true
    cut_reference_bounds: true
    fix_intermediate_bounds: false
    biccos:
      enabled: false
      constraint_strengthening: true
      recursively_strengthening: false
      drop_ratio: 0.5
      verified_bonus: 0.3
      max_infer_iter: 20
      heuristic: neuron_influence_score
      save_biccos_cuts: false
      multi_tree_branching:
        enabled: false
        restore_best_tree: false
        keep_n_best_domains: 1
        k_splits: 1
        iterations: 1
  branching:
    method: naive
    candidates: 3
    reduceop: min
    enable_intermediate_bound_opt: false
    branching_input_and_activation: false
    branching_input_and_activation_order: [input, relu]
    branching_input_iterations: 30
    branching_relu_iterations: 50
    nonlinear_split:
      method: bbps
      disable: false
      branching_point_method: uniform
      num_branches: 2
      filter: false
      filter_beta: false
      filter_clamp: false
      filter_batch_size: 10000
      filter_iterations: 25
      relu_only: false
      loose_tanh_threshold: null
      branching_point:
        db_path: branching_points.pt
        num_iterations: 1000
        batch_size: 1000000
        range_l: -5.0
        range_u: 5.0
        log_interval: 100
        step_size_1d: 0.01
        step_size: 0.2
    input_split:
      enable_clip_domains: true
      split_hint: null
      reorder_bab: true
      enable: true
      enhanced_bound_prop_method: alpha-crown
      enhanced_branching_method: naive
      enhanced_bound_patience: 100000000.0
      attack_patience: 100000000.0
      adv_check: 0
      split_partitions: 2
      sb_margin_weight: 1.0
      sb_sum: false
      sb_primary_spec: null
      bf_backup_thresh: -1
      bf_rhs_offset: 0
      bf_iters: 1000000000.0
      bf_batch_size: 100000
      bf_zero_crossing_score: false
      touch_zero_score: 0
      ibp_enhancement: false
      compare_with_old_bounds: false
      update_rhs_with_attack: false
      sb_coeff_thresh: 0.001
      sort_index: null
      sort_descending: true
      show_progress: false
      presplit_domains: null
      skip_getting_worst_domain: false
  attack:
    enabled: false
    beam_candidates: 8
    beam_depth: 7
    max_dive_fix_ratio: 0.8
    min_local_free_ratio: 0.2
    mip_start_iteration: 5
    mip_timeout: 30.0
    adv_pool_threshold: null
    refined_mip_attacker: false
    refined_batch_size: null
attack:
  pgd_order: skip
  pgd_steps: 100
  pgd_restarts: 10000
  pgd_batch_size: 100000000
  pgd_early_stop: true
  pgd_lr_decay: 0.99
  pgd_alpha: auto
  pgd_alpha_scale: false
  pgd_loss_mode: null
  pgd_restart_when_stuck: true
  enable_mip_attack: false
  adv_saver: default_adv_saver
  adv_verifier: default_adv_verifier
  early_stop_condition: default_early_stop_condition
  adv_example_finalizer: default_adv_example_finalizer
  pgd_loss: default_pgd_loss
  cex_path: ./test_cex.txt
  attack_mode: PGD
  attack_tolerance: 0.0
  attack_func: attack_with_general_specs
  gama_lambda: 10.0
  gama_decay: 0.9
  check_clean: false
  input_split:
    pgd_steps: 100
    pgd_restarts: 30
    pgd_alpha: auto
  input_split_enhanced:
    pgd_steps: 200
    pgd_restarts: 500000
    pgd_alpha: auto
  input_split_check_adv:
    enabled: auto
    pgd_steps: 5
    pgd_restarts: 5
    pgd_alpha: auto
    max_num_domains: 10
debug:
  view_model: false
  lp_test: null
  rescale_vnnlib_ptb: null
  test_optimized_bounds: false
  test_optimized_bounds_after_n_iterations: 0
  print_verbose_decisions: false
  sanity_check: null
  save_minimal_config: null
  save_minimal_config_omit_keys: []

Experiments at Tue May 26 10:14:16 2026 on dell-pro-max-tower-t2
Pre-compile jit kernels on a toy network...
JIT kernels compiled in 1.0454s.
Internal results will be saved to /data1/Kane/ACT/audit_results/abcrown_nopgd_20260525/acasxu_2023/0077__ACASXU_run2a_4_5_batch_2000__prop_2.result./data1/Kane/miniconda3/envs/GenBaB/lib/python3.11/site-packages/onnx2pytorch/convert/operations.py:154: UserWarning: The given NumPy array is not writable, and PyTorch does not support non-writable tensors. This means writing to this tensor will result in undefined behavior. You may want to copy the array to protect its data or make it writable before converting it to a tensor. This type of warning will be suppressed for the rest of this program. (Triggered internally at /pytorch/torch/csrc/utils/tensor_numpy.cpp:206.)
  weight = torch.from_numpy(numpy_helper.to_array(params[0]))
/data1/Kane/miniconda3/envs/GenBaB/lib/python3.11/site-packages/onnx2pytorch/convert/model.py:151: UserWarning: Using experimental implementation that allows 'batch_size > 1'.Batchnorm layers could potentially produce false outputs.
  warnings.warn(
/data1/Kane/GenBaB/alpha-beta-CROWN/complete_verifier/auto_LiRPA/operators/leaf.py:91: UserWarning: The "has_batchdim" option for BoundBuffers is deprecated. It may be removed from the next release.
  warnings.warn('The "has_batchdim" option for BoundBuffers is deprecated.'


 %%%%%%%%%%%%%%%%%%%%%%%%%%%%%%%%%%% idx: 0, vnnlib ID: 0 %%%%%%%%%%%%%%%%%%%%%%%%%%%%%%%%%%%
Using onnx /data1/Kane/data/vnncomp2025_benchmarks/benchmarks/acasxu_2023/onnx/ACASXU_run2a_4_5_batch_2000.onnx
Using vnnlib /data1/Kane/data/vnncomp2025_benchmarks/benchmarks/acasxu_2023/vnnlib/prop_2.vnnlib
Precompiled vnnlib file found at /data1/Kane/data/vnncomp2025_benchmarks/benchmarks/acasxu_2023/vnnlib/prop_2.vnnlib.compiled
Loading onnx /data1/Kane/data/vnncomp2025_benchmarks/benchmarks/acasxu_2023/onnx/ACASXU_run2a_4_5_batch_2000.onnx with quirks {}
Finished onnx model loading in 0.0043 seconds
Total VNNLIB file length: 1, max property batch size: 1, total number of batches: 1

Properties batch 0, size 1
Remaining timeout: 115.99287056922913
Verifying property 0 with 1 instances.
##### Instance 0 first 10 spec matrices: 
tensor([[[-1.,  1.,  0.,  0.,  0.],
         [-1.,  0.,  1.,  0.,  0.],
         [-1.,  0.,  0.,  1.,  0.],
         [-1.,  0.,  0.,  0.,  1.]]], dtype=torch.float64)
thresholds: tensor([0., 0., 0., 0.], device='cuda:0') ######
Model: BoundedModule(
  (/0): BoundInput(name=/0, inputs=[], perturbed=True)
  (/1): BoundBuffers(name=/1, inputs=[], perturbed=False)
  (/16): BoundParams(name=/16, inputs=[], perturbed=False)
  (/17): BoundParams(name=/17, inputs=[], perturbed=False)
  (/18): BoundParams(name=/18, inputs=[], perturbed=False)
  (/19): BoundParams(name=/19, inputs=[], perturbed=False)
  (/20): BoundParams(name=/20, inputs=[], perturbed=False)
  (/21): BoundParams(name=/21, inputs=[], perturbed=False)
  (/22): BoundParams(name=/22, inputs=[], perturbed=False)
  (/23): BoundParams(name=/23, inputs=[], perturbed=False)
  (/24): BoundParams(name=/24, inputs=[], perturbed=False)
  (/25): BoundParams(name=/25, inputs=[], perturbed=False)
  (/26): BoundParams(name=/26, inputs=[], perturbed=False)
  (/27): BoundParams(name=/27, inputs=[], perturbed=False)
  (/28): BoundParams(name=/28, inputs=[], perturbed=False)
  (/29): BoundParams(name=/29, inputs=[], perturbed=False)
  (/30): BoundSub(name=/30, inputs=[/0, /1], perturbed=True)
  (/31): BoundFlatten(name=/31, inputs=[/30], perturbed=True)
  (/input): BoundLinear(name=/input, inputs=[/31, /16, /17], perturbed=True)
  (/33): BoundRelu(name=/33, inputs=[/input], perturbed=True)
  (/input-3): BoundLinear(name=/input-3, inputs=[/33, /18, /19], perturbed=True)
  (/35): BoundRelu(name=/35, inputs=[/input-3], perturbed=True)
  (/input-7): BoundLinear(name=/input-7, inputs=[/35, /20, /21], perturbed=True)
  (/37): BoundRelu(name=/37, inputs=[/input-7], perturbed=True)
  (/input-11): BoundLinear(name=/input-11, inputs=[/37, /22, /23], perturbed=True)
  (/39): BoundRelu(name=/39, inputs=[/input-11], perturbed=True)
  (/input-15): BoundLinear(name=/input-15, inputs=[/39, /24, /25], perturbed=True)
  (/41): BoundRelu(name=/41, inputs=[/input-15], perturbed=True)
  (/input-19): BoundLinear(name=/input-19, inputs=[/41, /26, /27], perturbed=True)
  (/43): BoundRelu(name=/43, inputs=[/input-19], perturbed=True)
  (/44): BoundLinear(name=/44, inputs=[/43, /28, /29], perturbed=True)
)
Model prediction is: tensor([ 0.04224041, -0.01470518,  0.02087049, -0.02078393,  0.02454915],
       device='cuda:0')
Split layers:
Nonlinear functions:
   BoundRelu(name=/33, inputs=[/input], perturbed=True)
   BoundRelu(name=/35, inputs=[/input-3], perturbed=True)
   BoundRelu(name=/37, inputs=[/input-7], perturbed=True)
   BoundRelu(name=/39, inputs=[/input-11], perturbed=True)
   BoundRelu(name=/41, inputs=[/input-15], perturbed=True)
   BoundRelu(name=/43, inputs=[/input-19], perturbed=True)
initial crown bounds: tensor([[-3158.62963867, -2778.89184570, -3607.57861328, -2678.15283203]],
       device='cuda:0')
Number of class (without rhs): 4 ; Worst class: (+ rhs) -3607.57861328125
Domain clipping: area new/prev 0.0002/0.0002 (0.00%), domains verified after shrinking 0, shrunken 0 (0.00%)
Iteration 1
Batch size: 32768
Worst bound: tensor([ -925.97546387,  -814.22143555, -1059.52722168,  -784.46124268],
       device='cuda:0')
Current pickout batch: 32, total pickout batch: 32
Domain clipping: area new/prev 0.0002/0.0002 (0.00%), domains verified after shrinking 0, shrunken 0 (0.00%)
Current (lb-rhs): tensor([ -925.97546387,  -814.22143555, -1059.52722168,  -784.46124268])
Total time: 0.0847  pickout: 0.0002 split: 0.0099  decision: 0.0001  bounding: 0.0697  filtering: 0.0003  clipping: 0.0020  add_domain: 0.0020  rest: 0.0003
Length of domains: 1024
32 branch and bound domains visited
Cumulative time: 0.18352890014648438

Iteration 2
Batch size: 32768
Worst bound: tensor([-373.52835083, -328.69140625, -427.72601318, -315.61575317],
       device='cuda:0')
Current pickout batch: 1024, total pickout batch: 1056
Domain clipping: area new/prev 0.0002/0.0002 (0.00%), domains verified after shrinking 0, shrunken 0 (0.00%)
Current (lb-rhs): tensor([-373.52835083, -328.69140625, -427.72601318, -315.61575317])
Total time: 0.0246  pickout: 0.0003 split: 0.0023  decision: 0.0000  bounding: 0.0176  filtering: 0.0002  clipping: 0.0018  add_domain: 0.0021  rest: 0.0003
Length of domains: 2048
1056 branch and bound domains visited
Cumulative time: 0.2082350254058838

Iteration 3
Batch size: 32768
Worst bound: tensor([ -91.87983704,  -80.36246490, -104.06868744,  -78.48146820],
       device='cuda:0')
Current pickout batch: 2048, total pickout batch: 3104
Domain clipping: area new/prev 0.0002/0.0002 (0.00%), domains verified after shrinking 0, shrunken 0 (0.00%)
Current (lb-rhs): tensor([ -91.87983704,  -80.36246490, -104.06868744,  -78.48146820])
Total time: 0.0225  pickout: 0.0002 split: 0.0033  decision: 0.0000  bounding: 0.0150  filtering: 0.0002  clipping: 0.0026  add_domain: 0.0009  rest: 0.0002
Length of domains: 3866
3104 branch and bound domains visited
Cumulative time: 0.23078417778015137

Iteration 4
Batch size: 32768
Worst bound: tensor([-76.62754822, -66.55875397, -87.76639557, -64.98136902],
       device='cuda:0')
Current pickout batch: 3866, total pickout batch: 6970
Domain clipping: area new/prev 0.0001/0.0001 (1.27%), domains verified after shrinking 0, shrunken 142 (2.42%)
Current (lb-rhs): tensor([-76.62754822, -66.55875397, -87.76639557, -64.98136902])
Total time: 0.0287  pickout: 0.0003 split: 0.0023  decision: 0.0000  bounding: 0.0200  filtering: 0.0004  clipping: 0.0022  add_domain: 0.0030  rest: 0.0004
Length of domains: 5844
6970 branch and bound domains visited
Cumulative time: 0.2595551013946533

Iteration 5
Batch size: 32768
Worst bound: tensor([-13.43009949, -11.37112045, -15.48123550, -10.20652962],
       device='cuda:0')
Current pickout batch: 5844, total pickout batch: 12814
Domain clipping: area new/prev 0.0001/0.0001 (3.18%), domains verified after shrinking 0, shrunken 406 (6.78%)
Current (lb-rhs): tensor([-13.43009949, -11.37112045, -15.48123550, -10.20652962])
Total time: 0.0346  pickout: 0.0002 split: 0.0025  decision: 0.0001  bounding: 0.0271  filtering: 0.0001  clipping: 0.0020  add_domain: 0.0021  rest: 0.0003
Length of domains: 5948
12814 branch and bound domains visited
Cumulative time: 0.29427480697631836

Iteration 6
Batch size: 32768
Worst bound: tensor([ -9.39803314,  -7.97301865, -10.90398407,  -7.06943512],
       device='cuda:0')
Current pickout batch: 5948, total pickout batch: 18762
Domain clipping: area new/prev 0.0000/0.0000 (1.80%), domains verified after shrinking 0, shrunken 277 (3.74%)
Current (lb-rhs): tensor([ -9.39803314,  -7.97301865, -10.90398407,  -7.06943512])
Total time: 0.0352  pickout: 0.0002 split: 0.0024  decision: 0.0000  bounding: 0.0280  filtering: 0.0002  clipping: 0.0019  add_domain: 0.0021  rest: 0.0003
Length of domains: 7344
18762 branch and bound domains visited
Cumulative time: 0.3295774459838867

Iteration 7
Batch size: 32768
Worst bound: tensor([-2.15460110, -1.81134653, -2.54950333, -1.58435535], device='cuda:0')
Current pickout batch: 7344, total pickout batch: 26106
Domain clipping: area new/prev 0.0000/0.0000 (3.99%), domains verified after shrinking 0, shrunken 601 (9.05%)
Current (lb-rhs): tensor([-2.15460110, -1.81134653, -2.54950333, -1.58435535])
Total time: 0.0371  pickout: 0.0002 split: 0.0033  decision: 0.0000  bounding: 0.0311  filtering: 0.0002  clipping: 0.0010  add_domain: 0.0009  rest: 0.0003
Length of domains: 6586
26106 branch and bound domains visited
Cumulative time: 0.3667640686035156

Iteration 8
Batch size: 32768
Worst bound: tensor([-1.22378016, -1.00777912, -1.49979401, -0.85897589], device='cuda:0')
Current pickout batch: 6586, total pickout batch: 32692
Domain clipping: area new/prev 0.0000/0.0000 (2.22%), domains verified after shrinking 0, shrunken 620 (6.35%)
Current (lb-rhs): tensor([-1.22378016, -1.00777912, -1.49979401, -0.85897589])
Total time: 0.0336  pickout: 0.0002 split: 0.0023  decision: 0.0000  bounding: 0.0260  filtering: 0.0003  clipping: 0.0019  add_domain: 0.0024  rest: 0.0003
Length of domains: 9643
32692 branch and bound domains visited
Cumulative time: 0.40047359466552734

Iteration 9
Batch size: 32768
Worst bound: tensor([-0.27311814, -0.23942322, -0.28468692, -0.22459173], device='cuda:0')
Current pickout batch: 9643, total pickout batch: 42335
Domain clipping: area new/prev 0.0000/0.0000 (15.29%), domains verified after shrinking 0, shrunken 4776 (37.59%)
Current (lb-rhs): tensor([-0.27311814, -0.23942322, -0.28468692, -0.22459173])
Total time: 0.0385  pickout: 0.0002 split: 0.0024  decision: 0.0000  bounding: 0.0319  filtering: 0.0001  clipping: 0.0018  add_domain: 0.0017  rest: 0.0003
Length of domains: 12658
42335 branch and bound domains visited
Cumulative time: 0.43903613090515137

Iteration 10
Batch size: 32768
Worst bound: tensor([-0.24902070, -0.20737439, -0.26235592, -0.18865818], device='cuda:0')
Current pickout batch: 12658, total pickout batch: 54993
Domain clipping: area new/prev 0.0000/0.0000 (8.76%), domains verified after shrinking 0, shrunken 7528 (35.43%)
Current (lb-rhs): tensor([-0.24902070, -0.20737439, -0.26235592, -0.18865818])
Total time: 0.0849  pickout: 0.0002 split: 0.0017  decision: 0.0000  bounding: 0.0740  filtering: 0.0003  clipping: 0.0023  add_domain: 0.0059  rest: 0.0004
Length of domains: 21133
54993 branch and bound domains visited
Cumulative time: 0.5240268707275391

Iteration 11
Batch size: 32768
Worst bound: tensor([-0.24078381, -0.19818389, -0.25406522, -0.18068135], device='cuda:0')
Current pickout batch: 21133, total pickout batch: 76126
Domain clipping: area new/prev 0.0000/0.0000 (6.42%), domains verified after shrinking 0, shrunken 14864 (37.59%)
Current (lb-rhs): tensor([-0.24078381, -0.19818389, -0.25406522, -0.18068135])
Total time: 0.0662  pickout: 0.0002 split: 0.0020  decision: 0.0000  bounding: 0.0544  filtering: 0.0001  clipping: 0.0017  add_domain: 0.0071  rest: 0.0005
Length of domains: 39404
76126 branch and bound domains visited
Cumulative time: 0.5903780460357666

Iteration 12
Batch size: 32768
Worst bound: tensor([-0.22708446, -0.18415737, -0.23934233, -0.16758603], device='cuda:0')
Current pickout batch: 32768, total pickout batch: 108894
Domain clipping: area new/prev 0.0000/0.0000 (4.82%), domains verified after shrinking 0, shrunken 19280 (30.29%)
Current (lb-rhs): tensor([-0.22708446, -0.18415737, -0.23934233, -0.16758603])
Total time: 0.2138  pickout: 0.0006 split: 0.0011  decision: 0.0000  bounding: 0.0740  filtering: 0.0001  clipping: 0.0016  add_domain: 0.1356  rest: 0.0007
Length of domains: 69926
108894 branch and bound domains visited
Cumulative time: 0.8043150901794434

Iteration 13
Batch size: 32768
Worst bound: tensor([-0.16156304, -0.11937535, -0.17113292, -0.10897005], device='cuda:0')
Current pickout batch: 32768, total pickout batch: 141662
Domain clipping: area new/prev 0.0000/0.0000 (12.13%), domains verified after shrinking 0, shrunken 27516 (45.12%)
Current (lb-rhs): tensor([-0.22708446, -0.18415737, -0.23934233, -0.16758603])
Total time: 0.0697  pickout: 0.0003 split: 0.0013  decision: 0.0000  bounding: 0.0619  filtering: 0.0001  clipping: 0.0017  add_domain: 0.0035  rest: 0.0007
Length of domains: 97718
141662 branch and bound domains visited
Cumulative time: 0.8741292953491211

Iteration 14
Batch size: 32768
Worst bound: tensor([-0.14780331, -0.10552871, -0.15642631, -0.09589994], device='cuda:0')
Current pickout batch: 32768, total pickout batch: 174430
Domain clipping: area new/prev 0.0000/0.0000 (8.04%), domains verified after shrinking 0, shrunken 28375 (44.80%)
Current (lb-rhs): tensor([-0.22708446, -0.18415737, -0.23934233, -0.16758603])
Total time: 0.0705  pickout: 0.0004 split: 0.0023  decision: 0.0000  bounding: 0.0612  filtering: 0.0002  clipping: 0.0021  add_domain: 0.0033  rest: 0.0009
Length of domains: 127722
174430 branch and bound domains visited
Cumulative time: 0.9447360038757324

Iteration 15
Batch size: 32768
Worst bound: tensor([-0.14369595, -0.10401058, -0.15235567, -0.09534919], device='cuda:0')
Current pickout batch: 32768, total pickout batch: 207198
Domain clipping: area new/prev 0.0000/0.0000 (4.99%), domains verified after shrinking 0, shrunken 27305 (42.55%)
Current (lb-rhs): tensor([-0.22708446, -0.18415737, -0.23934233, -0.16758603])
Total time: 0.0698  pickout: 0.0004 split: 0.0023  decision: 0.0000  bounding: 0.0600  filtering: 0.0002  clipping: 0.0022  add_domain: 0.0036  rest: 0.0010
Length of domains: 158856
207198 branch and bound domains visited
Cumulative time: 1.014631986618042

Iteration 16
Batch size: 32768
Worst bound: tensor([-0.14089012, -0.09888327, -0.14892209, -0.08951187], device='cuda:0')
Current pickout batch: 32768, total pickout batch: 239966
Domain clipping: area new/prev 0.0000/0.0000 (1.90%), domains verified after shrinking 0, shrunken 25271 (38.82%)
Current (lb-rhs): tensor([-0.22708446, -0.18415737, -0.23934233, -0.16758603])
Total time: 0.0707  pickout: 0.0002 split: 0.0022  decision: 0.0000  bounding: 0.0595  filtering: 0.0002  clipping: 0.0020  add_domain: 0.0051  rest: 0.0013
Length of domains: 191095
239966 branch and bound domains visited
Cumulative time: 1.0854454040527344

Iteration 17
Batch size: 32768
Worst bound: tensor([-0.14055014, -0.09856617, -0.14857864, -0.08923900], device='cuda:0')
Current pickout batch: 32768, total pickout batch: 272734
Domain clipping: area new/prev 0.0000/0.0000 (1.61%), domains verified after shrinking 0, shrunken 22691 (34.74%)
Current (lb-rhs): tensor([-0.22708446, -0.18415737, -0.23934233, -0.16758603])
Total time: 0.0703  pickout: 0.0004 split: 0.0025  decision: 0.0000  bounding: 0.0581  filtering: 0.0001  clipping: 0.0019  add_domain: 0.0053  rest: 0.0018
Length of domains: 223560
272734 branch and bound domains visited
Cumulative time: 1.1558842658996582

Iteration 18
Batch size: 32768
Worst bound: tensor([-0.10862815, -0.06753957, -0.11517012, -0.06093454], device='cuda:0')
Current pickout batch: 32768, total pickout batch: 305502
Domain clipping: area new/prev 0.0000/0.0000 (3.79%), domains verified after shrinking 0, shrunken 24366 (37.33%)
Current (lb-rhs): tensor([-0.22708446, -0.18415737, -0.23934233, -0.16758603])
Total time: 0.0618  pickout: 0.0003 split: 0.0023  decision: 0.0000  bounding: 0.0517  filtering: 0.0002  clipping: 0.0021  add_domain: 0.0033  rest: 0.0019
Length of domains: 255996
305502 branch and bound domains visited
Cumulative time: 1.217818260192871

Iteration 19
Batch size: 32768
Worst bound: tensor([-0.10579193, -0.06457222, -0.11205900, -0.05803919], device='cuda:0')
Current pickout batch: 32768, total pickout batch: 338270
Domain clipping: area new/prev 0.0000/0.0000 (1.84%), domains verified after shrinking 0, shrunken 21563 (33.06%)
Current (lb-rhs): tensor([-0.22708446, -0.18415737, -0.23934233, -0.16758603])
Total time: 0.0620  pickout: 0.0003 split: 0.0023  decision: 0.0000  bounding: 0.0518  filtering: 0.0001  clipping: 0.0021  add_domain: 0.0033  rest: 0.0021
Length of domains: 288339
338270 branch and bound domains visited
Cumulative time: 1.279961347579956

Iteration 20
Batch size: 32768
Worst bound: tensor([-0.09305650, -0.05278105, -0.09888065, -0.04738539], device='cuda:0')
Current pickout batch: 32768, total pickout batch: 371038
Domain clipping: area new/prev 0.0000/0.0000 (1.62%), domains verified after shrinking 0, shrunken 20423 (31.25%)
Current (lb-rhs): tensor([-0.22708446, -0.18415737, -0.23934233, -0.16758603])
Total time: 0.0624  pickout: 0.0003 split: 0.0025  decision: 0.0000  bounding: 0.0518  filtering: 0.0002  clipping: 0.0018  add_domain: 0.0035  rest: 0.0023
Length of domains: 320868
371038 branch and bound domains visited
Cumulative time: 1.342437744140625

Iteration 21
Batch size: 32768
Worst bound: tensor([-0.09124553, -0.05032575, -0.09663153, -0.04468799], device='cuda:0')
Current pickout batch: 32768, total pickout batch: 403806
Domain clipping: area new/prev 0.0000/0.0000 (0.88%), domains verified after shrinking 0, shrunken 19279 (29.47%)
Current (lb-rhs): tensor([-0.22708446, -0.18415737, -0.23934233, -0.16758603])
Total time: 0.0635  pickout: 0.0004 split: 0.0025  decision: 0.0000  bounding: 0.0509  filtering: 0.0002  clipping: 0.0018  add_domain: 0.0042  rest: 0.0034
Length of domains: 353484
403806 branch and bound domains visited
Cumulative time: 1.4060966968536377

Iteration 22
Batch size: 32768
Worst bound: tensor([-0.08788776, -0.04720509, -0.09312963, -0.04195249], device='cuda:0')
Current pickout batch: 32768, total pickout batch: 436574
Domain clipping: area new/prev 0.0000/0.0000 (1.01%), domains verified after shrinking 1, shrunken 18719 (28.59%)
Current (lb-rhs): tensor([-0.22708446, -0.18415737, -0.23934233, -0.16758603])
Total time: 0.0632  pickout: 0.0005 split: 0.0025  decision: 0.0000  bounding: 0.0513  filtering: 0.0002  clipping: 0.0018  add_domain: 0.0033  rest: 0.0035
Length of domains: 386166
436574 branch and bound domains visited
Cumulative time: 1.469379186630249

Iteration 23
Batch size: 32768
Worst bound: tensor([-0.08585608, -0.04500711, -0.09091866, -0.03970206], device='cuda:0')
Current pickout batch: 32768, total pickout batch: 469342
Domain clipping: area new/prev 0.0000/0.0000 (1.45%), domains verified after shrinking 3, shrunken 19105 (29.18%)
Current (lb-rhs): tensor([-0.22708446, -0.18415737, -0.23934233, -0.16758603])
Total time: 0.0684  pickout: 0.0004 split: 0.0025  decision: 0.0000  bounding: 0.0510  filtering: 0.0002  clipping: 0.0019  add_domain: 0.0058  rest: 0.0066
Length of domains: 418839
469342 branch and bound domains visited
Cumulative time: 1.5379219055175781

Iteration 24
Batch size: 32768
Worst bound: tensor([-0.08114314, -0.04035938, -0.08587515, -0.03529143], device='cuda:0')
Current pickout batch: 32768, total pickout batch: 502110
Domain clipping: area new/prev 0.0000/0.0000 (0.87%), domains verified after shrinking 2, shrunken 17919 (27.37%)
Current (lb-rhs): tensor([-0.22708446, -0.18415737, -0.23934233, -0.16758603])
Total time: 0.0603  pickout: 0.0003 split: 0.0024  decision: 0.0000  bounding: 0.0475  filtering: 0.0002  clipping: 0.0022  add_domain: 0.0032  rest: 0.0044
Length of domains: 451522
502110 branch and bound domains visited
Cumulative time: 1.5985393524169922

Iteration 25
Batch size: 32768
Worst bound: tensor([-0.07676768, -0.03556895, -0.08091068, -0.03058994], device='cuda:0')
Current pickout batch: 32768, total pickout batch: 534878
Domain clipping: area new/prev 0.0000/0.0000 (0.65%), domains verified after shrinking 5, shrunken 17420 (26.60%)
Current (lb-rhs): tensor([-0.22708446, -0.18415737, -0.23934233, -0.16758603])
Total time: 0.0570  pickout: 0.0004 split: 0.0026  decision: 0.0000  bounding: 0.0439  filtering: 0.0002  clipping: 0.0021  add_domain: 0.0036  rest: 0.0042
Length of domains: 484217
534878 branch and bound domains visited
Cumulative time: 1.6556622982025146

Iteration 26
Batch size: 32768
Worst bound: tensor([-0.07047856, -0.03392631, -0.07646215, -0.03029597], device='cuda:0')
Current pickout batch: 32768, total pickout batch: 567646
Domain clipping: area new/prev 0.0000/0.0000 (0.51%), domains verified after shrinking 5, shrunken 17558 (26.80%)
Current (lb-rhs): tensor([-0.22708446, -0.18415737, -0.23934233, -0.16758603])
Total time: 0.0619  pickout: 0.0005 split: 0.0027  decision: 0.0000  bounding: 0.0437  filtering: 0.0001  clipping: 0.0018  add_domain: 0.0057  rest: 0.0071
Length of domains: 516942
567646 branch and bound domains visited
Cumulative time: 1.7176275253295898

Iteration 27
Batch size: 32768
Worst bound: tensor([-0.07035744, -0.03377074, -0.07631427, -0.03014952], device='cuda:0')
Current pickout batch: 32768, total pickout batch: 600414
Domain clipping: area new/prev 0.0000/0.0000 (0.62%), domains verified after shrinking 4, shrunken 17405 (26.57%)
Current (lb-rhs): tensor([-0.22708446, -0.18415737, -0.23934233, -0.16758603])
Total time: 0.0561  pickout: 0.0003 split: 0.0024  decision: 0.0000  bounding: 0.0420  filtering: 0.0001  clipping: 0.0023  add_domain: 0.0033  rest: 0.0055
Length of domains: 549671
600414 branch and bound domains visited
Cumulative time: 1.773871898651123

Iteration 28
Batch size: 32768
Worst bound: tensor([-0.06944746, -0.03247350, -0.07507038, -0.02899587], device='cuda:0')
Current pickout batch: 32768, total pickout batch: 633182
Domain clipping: area new/prev 0.0000/0.0000 (0.75%), domains verified after shrinking 9, shrunken 17379 (26.52%)
Current (lb-rhs): tensor([-0.22708446, -0.18415737, -0.23934233, -0.16758603])
Total time: 0.0553  pickout: 0.0003 split: 0.0025  decision: 0.0000  bounding: 0.0417  filtering: 0.0002  clipping: 0.0018  add_domain: 0.0035  rest: 0.0052
Length of domains: 582401
633182 branch and bound domains visited
Cumulative time: 1.829287052154541

Iteration 29
Batch size: 32768
Worst bound: tensor([-0.06944740, -0.03247350, -0.07507038, -0.02899587], device='cuda:0')
Current pickout batch: 32768, total pickout batch: 665950
Domain clipping: area new/prev 0.0000/0.0000 (0.49%), domains verified after shrinking 8, shrunken 16612 (25.35%)
Current (lb-rhs): tensor([-0.22708446, -0.18415737, -0.23934233, -0.16758603])
Total time: 0.0545  pickout: 0.0004 split: 0.0024  decision: 0.0000  bounding: 0.0402  filtering: 0.0002  clipping: 0.0020  add_domain: 0.0037  rest: 0.0055
Length of domains: 615140
665950 branch and bound domains visited
Cumulative time: 1.8839325904846191

Iteration 30
Batch size: 32768
Worst bound: tensor([-0.06749326, -0.03094673, -0.07318342, -0.02744639], device='cuda:0')
Current pickout batch: 32768, total pickout batch: 698718
Domain clipping: area new/prev 0.0000/0.0000 (0.38%), domains verified after shrinking 14, shrunken 16113 (24.59%)
Current (lb-rhs): tensor([-0.22708446, -0.18415737, -0.23934233, -0.16758603])
Total time: 0.0514  pickout: 0.0003 split: 0.0006  decision: 0.0000  bounding: 0.0352  filtering: 0.0001  clipping: 0.0006  add_domain: 0.0047  rest: 0.0098
Length of domains: 647872
698718 branch and bound domains visited
Cumulative time: 1.9354095458984375

Iteration 31
Batch size: 32768
Worst bound: tensor([-0.06740367, -0.03085846, -0.07308555, -0.02736175], device='cuda:0')
Current pickout batch: 32768, total pickout batch: 731486
Domain clipping: area new/prev 0.0000/0.0000 (0.37%), domains verified after shrinking 18, shrunken 16522 (25.21%)
Current (lb-rhs): tensor([-0.22708446, -0.18415737, -0.23934233, -0.16758603])
Total time: 0.0490  pickout: 0.0003 split: 0.0005  decision: 0.0000  bounding: 0.0354  filtering: 0.0001  clipping: 0.0006  add_domain: 0.0025  rest: 0.0095
Length of domains: 680611
731486 branch and bound domains visited
Cumulative time: 1.9845075607299805

Iteration 32
Batch size: 32768
Worst bound: tensor([-0.06734306, -0.03078073, -0.07301164, -0.02728873], device='cuda:0')
Current pickout batch: 32768, total pickout batch: 764254
Domain clipping: area new/prev 0.0000/0.0000 (0.44%), domains verified after shrinking 29, shrunken 16292 (24.86%)
Current (lb-rhs): tensor([-0.22708446, -0.18415737, -0.23934233, -0.16758603])
Total time: 0.0393  pickout: 0.0003 split: 0.0005  decision: 0.0000  bounding: 0.0295  filtering: 0.0001  clipping: 0.0006  add_domain: 0.0026  rest: 0.0055
Length of domains: 713340
764254 branch and bound domains visited
Cumulative time: 2.023951530456543

Iteration 33
Batch size: 32768
Worst bound: tensor([-0.06334747, -0.03044030, -0.06978226, -0.02649137], device='cuda:0')
Current pickout batch: 32768, total pickout batch: 797022
Domain clipping: area new/prev 0.0000/0.0000 (0.47%), domains verified after shrinking 32, shrunken 15979 (24.38%)
Current (lb-rhs): tensor([-0.22708446, -0.18415737, -0.23934233, -0.16758603])
Total time: 0.0383  pickout: 0.0003 split: 0.0005  decision: 0.0000  bounding: 0.0278  filtering: 0.0001  clipping: 0.0006  add_domain: 0.0025  rest: 0.0063
Length of domains: 746058
797022 branch and bound domains visited
Cumulative time: 2.062314748764038

Iteration 34
Batch size: 32768
Worst bound: tensor([-0.06327119, -0.03035410, -0.06969714, -0.02641294], device='cuda:0')
Current pickout batch: 32768, total pickout batch: 829790
Domain clipping: area new/prev 0.0000/0.0000 (0.30%), domains verified after shrinking 26, shrunken 15375 (23.46%)
Current (lb-rhs): tensor([-0.22708446, -0.18415737, -0.23934233, -0.16758603])
Total time: 0.0454  pickout: 0.0003 split: 0.0006  decision: 0.0000  bounding: 0.0277  filtering: 0.0001  clipping: 0.0006  add_domain: 0.0043  rest: 0.0117
Length of domains: 778789
829790 branch and bound domains visited
Cumulative time: 2.1078059673309326

Iteration 35
Batch size: 32768
Worst bound: tensor([-0.06327119, -0.03035410, -0.06969713, -0.02641295], device='cuda:0')
Current pickout batch: 32768, total pickout batch: 862558
Domain clipping: area new/prev 0.0000/0.0000 (0.23%), domains verified after shrinking 31, shrunken 15178 (23.16%)
Current (lb-rhs): tensor([-0.22708446, -0.18415737, -0.23934233, -0.16758603])
Total time: 0.0399  pickout: 0.0003 split: 0.0005  decision: 0.0000  bounding: 0.0271  filtering: 0.0001  clipping: 0.0006  add_domain: 0.0031  rest: 0.0080
Length of domains: 811512
862558 branch and bound domains visited
Cumulative time: 2.147806406021118

Iteration 36
Batch size: 32768
Worst bound: tensor([-0.06327119, -0.03035410, -0.06969713, -0.02641295], device='cuda:0')
Current pickout batch: 32768, total pickout batch: 895326
Domain clipping: area new/prev 0.0000/0.0000 (0.27%), domains verified after shrinking 25, shrunken 15567 (23.75%)
Current (lb-rhs): tensor([-0.22708446, -0.18415737, -0.23934233, -0.16758603])
Total time: 0.0388  pickout: 0.0003 split: 0.0005  decision: 0.0000  bounding: 0.0275  filtering: 0.0001  clipping: 0.0006  add_domain: 0.0028  rest: 0.0069
Length of domains: 844239
895326 branch and bound domains visited
Cumulative time: 2.186732053756714

Iteration 37
Batch size: 32768
Worst bound: tensor([-0.06325800, -0.03033636, -0.06967989, -0.02639613], device='cuda:0')
Current pickout batch: 32768, total pickout batch: 928094
Domain clipping: area new/prev 0.0000/0.0000 (0.32%), domains verified after shrinking 28, shrunken 15497 (23.65%)
Current (lb-rhs): tensor([-0.22708446, -0.18415737, -0.23934233, -0.16758603])
Total time: 0.0374  pickout: 0.0003 split: 0.0005  decision: 0.0000  bounding: 0.0265  filtering: 0.0001  clipping: 0.0006  add_domain: 0.0026  rest: 0.0066
Length of domains: 876970
928094 branch and bound domains visited
Cumulative time: 2.2242655754089355

Iteration 38
Batch size: 32768
Worst bound: tensor([-0.06712871, -0.02951349, -0.07242220, -0.02619757], device='cuda:0')
Current pickout batch: 32768, total pickout batch: 960862
Domain clipping: area new/prev 0.0000/0.0000 (0.36%), domains verified after shrinking 24, shrunken 14843 (22.65%)
Current (lb-rhs): tensor([-0.22708446, -0.18415737, -0.23934233, -0.16758603])
Total time: 0.0384  pickout: 0.0003 split: 0.0006  decision: 0.0000  bounding: 0.0261  filtering: 0.0001  clipping: 0.0008  add_domain: 0.0026  rest: 0.0078
Length of domains: 909702
960862 branch and bound domains visited
Cumulative time: 2.262793779373169

Iteration 39
Batch size: 32768
Worst bound: tensor([-0.06307009, -0.03009675, -0.06947231, -0.02614940], device='cuda:0')
Current pickout batch: 32768, total pickout batch: 993630
Domain clipping: area new/prev 0.0000/0.0000 (0.21%), domains verified after shrinking 30, shrunken 14243 (21.74%)
Current (lb-rhs): tensor([-0.22708446, -0.18415737, -0.23934233, -0.16758603])
Total time: 0.0492  pickout: 0.0003 split: 0.0007  decision: 0.0000  bounding: 0.0262  filtering: 0.0001  clipping: 0.0006  add_domain: 0.0052  rest: 0.0159
Length of domains: 942424
993630 branch and bound domains visited
Cumulative time: 2.312074661254883

Iteration 40
Batch size: 32768
Worst bound: tensor([-0.06307009, -0.03009675, -0.06947230, -0.02614940], device='cuda:0')
Current pickout batch: 32768, total pickout batch: 1026398
Domain clipping: area new/prev 0.0000/0.0000 (0.18%), domains verified after shrinking 25, shrunken 14410 (21.99%)
Current (lb-rhs): tensor([-0.22708446, -0.18415737, -0.23934233, -0.16758603])
Total time: 0.0408  pickout: 0.0003 split: 0.0006  decision: 0.0000  bounding: 0.0260  filtering: 0.0001  clipping: 0.0006  add_domain: 0.0027  rest: 0.0104
Length of domains: 975158
1026398 branch and bound domains visited
Cumulative time: 2.3530256748199463

Iteration 41
Batch size: 32768
Worst bound: tensor([-0.06307009, -0.03009676, -0.06947230, -0.02614940], device='cuda:0')
Current pickout batch: 32768, total pickout batch: 1059166
Domain clipping: area new/prev 0.0000/0.0000 (0.22%), domains verified after shrinking 38, shrunken 14794 (22.57%)
Current (lb-rhs): tensor([-0.22708446, -0.18415737, -0.23934233, -0.16758603])
Total time: 0.0382  pickout: 0.0003 split: 0.0005  decision: 0.0000  bounding: 0.0258  filtering: 0.0001  clipping: 0.0006  add_domain: 0.0027  rest: 0.0080
Length of domains: 1007886
1059166 branch and bound domains visited
Cumulative time: 2.3913469314575195

Iteration 42
Batch size: 32768
Worst bound: tensor([-0.06306349, -0.03008788, -0.06946369, -0.02614100], device='cuda:0')
Current pickout batch: 32768, total pickout batch: 1091934
Domain clipping: area new/prev 0.0000/0.0000 (0.25%), domains verified after shrinking 33, shrunken 14946 (22.81%)
Current (lb-rhs): tensor([-0.22708446, -0.18415737, -0.23934233, -0.16758603])
Total time: 0.0386  pickout: 0.0003 split: 0.0005  decision: 0.0000  bounding: 0.0255  filtering: 0.0001  clipping: 0.0006  add_domain: 0.0027  rest: 0.0087
Length of domains: 1040603
1091934 branch and bound domains visited
Cumulative time: 2.430102825164795

Iteration 43
Batch size: 32768
Worst bound: tensor([-0.06638223, -0.02944827, -0.07141942, -0.02610731], device='cuda:0')
Current pickout batch: 32768, total pickout batch: 1124702
Domain clipping: area new/prev 0.0000/0.0000 (0.25%), domains verified after shrinking 24, shrunken 14334 (21.87%)
Current (lb-rhs): tensor([-0.22708446, -0.18415737, -0.23934233, -0.16758603])
Total time: 0.0402  pickout: 0.0004 split: 0.0005  decision: 0.0000  bounding: 0.0253  filtering: 0.0001  clipping: 0.0006  add_domain: 0.0027  rest: 0.0105
Length of domains: 1073339
1124702 branch and bound domains visited
Cumulative time: 2.470442295074463

Iteration 44
Batch size: 32768
Worst bound: tensor([-0.06638223, -0.02944821, -0.07141936, -0.02610731], device='cuda:0')
Current pickout batch: 32768, total pickout batch: 1157470
Domain clipping: area new/prev 0.0000/0.0000 (0.15%), domains verified after shrinking 46, shrunken 14099 (21.51%)
Current (lb-rhs): tensor([-0.22708446, -0.18415737, -0.23934233, -0.16758603])
Total time: 0.0506  pickout: 0.0003 split: 0.0006  decision: 0.0000  bounding: 0.0253  filtering: 0.0001  clipping: 0.0006  add_domain: 0.0048  rest: 0.0188
Length of domains: 1106046
1157470 branch and bound domains visited
Cumulative time: 2.5211925506591797

Iteration 45
Batch size: 32768
Worst bound: tensor([-0.06638223, -0.02944827, -0.07141936, -0.02610725], device='cuda:0')
Current pickout batch: 32768, total pickout batch: 1190238
Domain clipping: area new/prev 0.0000/0.0000 (0.15%), domains verified after shrinking 29, shrunken 14115 (21.54%)
Current (lb-rhs): tensor([-0.22708446, -0.18415737, -0.23934233, -0.16758603])
Total time: 0.0426  pickout: 0.0003 split: 0.0006  decision: 0.0000  bounding: 0.0244  filtering: 0.0001  clipping: 0.0006  add_domain: 0.0029  rest: 0.0135
Length of domains: 1138764
1190238 branch and bound domains visited
Cumulative time: 2.563964366912842

Iteration 46
Batch size: 32768
Worst bound: tensor([-0.06637263, -0.02943850, -0.07140851, -0.02609795], device='cuda:0')
Current pickout batch: 32768, total pickout batch: 1223006
Domain clipping: area new/prev 0.0000/0.0000 (0.17%), domains verified after shrinking 47, shrunken 13919 (21.24%)
Current (lb-rhs): tensor([-0.22708446, -0.18415737, -0.23934233, -0.16758603])
Total time: 0.0391  pickout: 0.0004 split: 0.0006  decision: 0.0000  bounding: 0.0249  filtering: 0.0001  clipping: 0.0006  add_domain: 0.0028  rest: 0.0096
Length of domains: 1171469
1223006 branch and bound domains visited
Cumulative time: 2.60320782661438

Iteration 47
Batch size: 32768
Worst bound: tensor([-0.06636065, -0.02942693, -0.07139671, -0.02608675], device='cuda:0')
Current pickout batch: 32768, total pickout batch: 1255774
Domain clipping: area new/prev 0.0000/0.0000 (0.20%), domains verified after shrinking 42, shrunken 13966 (21.31%)
Current (lb-rhs): tensor([-0.22708446, -0.18415737, -0.23934233, -0.16758603])
Total time: 0.0392  pickout: 0.0003 split: 0.0005  decision: 0.0000  bounding: 0.0242  filtering: 0.0001  clipping: 0.0006  add_domain: 0.0028  rest: 0.0105
Length of domains: 1204183
1255774 branch and bound domains visited
Cumulative time: 2.6424973011016846

Iteration 48
Batch size: 32768
Worst bound: tensor([-0.06636071, -0.02942693, -0.07139677, -0.02608693], device='cuda:0')
Current pickout batch: 32768, total pickout batch: 1288542
Domain clipping: area new/prev 0.0000/0.0000 (0.20%), domains verified after shrinking 59, shrunken 13352 (20.38%)
Current (lb-rhs): tensor([-0.22708446, -0.18415737, -0.23934233, -0.16758603])
Total time: 0.0401  pickout: 0.0003 split: 0.0005  decision: 0.0000  bounding: 0.0244  filtering: 0.0001  clipping: 0.0006  add_domain: 0.0029  rest: 0.0110
Length of domains: 1236870
1288542 branch and bound domains visited
Cumulative time: 2.6826796531677246

Iteration 49
Batch size: 32768
Worst bound: tensor([-0.06636071, -0.02942693, -0.07139677, -0.02608687], device='cuda:0')
Current pickout batch: 32768, total pickout batch: 1321310
Domain clipping: area new/prev 0.0000/0.0000 (0.13%), domains verified after shrinking 50, shrunken 13628 (20.80%)
Current (lb-rhs): tensor([-0.22708446, -0.18415737, -0.23934233, -0.16758603])
Total time: 0.0410  pickout: 0.0003 split: 0.0006  decision: 0.0000  bounding: 0.0238  filtering: 0.0001  clipping: 0.0007  add_domain: 0.0029  rest: 0.0125
Length of domains: 1269564
1321310 branch and bound domains visited
Cumulative time: 2.723747491836548

Iteration 50
Batch size: 32768
Worst bound: tensor([-0.06636071, -0.02942693, -0.07139683, -0.02608693], device='cuda:0')
Current pickout batch: 32768, total pickout batch: 1354078
Domain clipping: area new/prev 0.0000/0.0000 (0.13%), domains verified after shrinking 49, shrunken 14249 (21.74%)
Current (lb-rhs): tensor([-0.22708446, -0.18415737, -0.23934233, -0.16758603])
Total time: 0.0522  pickout: 0.0003 split: 0.0006  decision: 0.0000  bounding: 0.0242  filtering: 0.0001  clipping: 0.0006  add_domain: 0.0043  rest: 0.0219
Length of domains: 1302272
1354078 branch and bound domains visited
Cumulative time: 2.776083469390869

Iteration 51
Batch size: 32768
Worst bound: tensor([-0.06635588, -0.02942210, -0.07139134, -0.02608228], device='cuda:0')
Current pickout batch: 32768, total pickout batch: 1386846
Domain clipping: area new/prev 0.0000/0.0000 (0.15%), domains verified after shrinking 43, shrunken 14241 (21.73%)
Current (lb-rhs): tensor([-0.22708446, -0.18415737, -0.23934233, -0.16758603])
Total time: 0.0425  pickout: 0.0003 split: 0.0005  decision: 0.0000  bounding: 0.0236  filtering: 0.0001  clipping: 0.0006  add_domain: 0.0027  rest: 0.0146
Length of domains: 1334978
1386846 branch and bound domains visited
Cumulative time: 2.818687915802002

Iteration 52
Batch size: 32768
Worst bound: tensor([-0.06635582, -0.02942210, -0.07139134, -0.02608228], device='cuda:0')
Current pickout batch: 32768, total pickout batch: 1419614
Domain clipping: area new/prev 0.0000/0.0000 (0.18%), domains verified after shrinking 33, shrunken 14116 (21.54%)
Current (lb-rhs): tensor([-0.22708446, -0.18415737, -0.23934233, -0.16758603])
Total time: 0.0415  pickout: 0.0003 split: 0.0006  decision: 0.0000  bounding: 0.0237  filtering: 0.0001  clipping: 0.0006  add_domain: 0.0030  rest: 0.0131
Length of domains: 1367706
1419614 branch and bound domains visited
Cumulative time: 2.8602852821350098

Iteration 53
Batch size: 32768
Worst bound: tensor([-0.06634986, -0.02941632, -0.07138544, -0.02607667], device='cuda:0')
Current pickout batch: 32768, total pickout batch: 1452382
Domain clipping: area new/prev 0.0000/0.0000 (0.15%), domains verified after shrinking 48, shrunken 13744 (20.97%)
Current (lb-rhs): tensor([-0.22708446, -0.18415737, -0.23934233, -0.16758603])
Total time: 0.0427  pickout: 0.0004 split: 0.0006  decision: 0.0000  bounding: 0.0243  filtering: 0.0001  clipping: 0.0006  add_domain: 0.0036  rest: 0.0129
Length of domains: 1400407
1452382 branch and bound domains visited
Cumulative time: 2.903059482574463

Iteration 54
Batch size: 32768
Worst bound: tensor([-0.06634986, -0.02941632, -0.07138544, -0.02607661], device='cuda:0')
Current pickout batch: 32768, total pickout batch: 1485150
Domain clipping: area new/prev 0.0000/0.0000 (0.10%), domains verified after shrinking 47, shrunken 13359 (20.39%)
Current (lb-rhs): tensor([-0.22708446, -0.18415737, -0.23934233, -0.16758603])
Total time: 0.0399  pickout: 0.0003 split: 0.0005  decision: 0.0000  bounding: 0.0235  filtering: 0.0001  clipping: 0.0006  add_domain: 0.0033  rest: 0.0115
Length of domains: 1433118
1485150 branch and bound domains visited
Cumulative time: 2.9430317878723145

Iteration 55
Batch size: 32768
Worst bound: tensor([-0.06634986, -0.02941638, -0.07138544, -0.02607667], device='cuda:0')
Current pickout batch: 32768, total pickout batch: 1517918
Domain clipping: area new/prev 0.0000/0.0000 (0.11%), domains verified after shrinking 48, shrunken 13488 (20.58%)
Current (lb-rhs): tensor([-0.22708446, -0.18415737, -0.23934233, -0.16758603])
Total time: 0.0399  pickout: 0.0003 split: 0.0005  decision: 0.0000  bounding: 0.0237  filtering: 0.0001  clipping: 0.0006  add_domain: 0.0026  rest: 0.0120
Length of domains: 1465825
1517918 branch and bound domains visited
Cumulative time: 2.9830477237701416

Iteration 56
Batch size: 32768
Worst bound: tensor([-0.06634748, -0.02941388, -0.07138270, -0.02607435], device='cuda:0')
Current pickout batch: 32768, total pickout batch: 1550686
Domain clipping: area new/prev 0.0000/0.0000 (0.12%), domains verified after shrinking 47, shrunken 13264 (20.24%)
Current (lb-rhs): tensor([-0.22708446, -0.18415737, -0.23934233, -0.16758603])
Total time: 0.0432  pickout: 0.0003 split: 0.0005  decision: 0.0000  bounding: 0.0235  filtering: 0.0001  clipping: 0.0006  add_domain: 0.0026  rest: 0.0154
Length of domains: 1498534
1550686 branch and bound domains visited
Cumulative time: 3.0263283252716064

Iteration 57
Batch size: 32768
Worst bound: tensor([-0.06634450, -0.02941096, -0.07137984, -0.02607161], device='cuda:0')
Current pickout batch: 32768, total pickout batch: 1583454
Domain clipping: area new/prev 0.0000/0.0000 (0.16%), domains verified after shrinking 50, shrunken 12913 (19.70%)
Current (lb-rhs): tensor([-0.22708446, -0.18415737, -0.23934233, -0.16758603])
Total time: 0.0565  pickout: 0.0003 split: 0.0006  decision: 0.0000  bounding: 0.0243  filtering: 0.0001  clipping: 0.0006  add_domain: 0.0046  rest: 0.0259
Length of domains: 1531236
1583454 branch and bound domains visited
Cumulative time: 3.0829849243164062

Iteration 58
Batch size: 32768
Worst bound: tensor([-0.06634444, -0.02941096, -0.07137978, -0.02607155], device='cuda:0')
Current pickout batch: 32768, total pickout batch: 1616222
Domain clipping: area new/prev 0.0000/0.0000 (0.12%), domains verified after shrinking 74, shrunken 12213 (18.64%)
Current (lb-rhs): tensor([-0.22708446, -0.18415737, -0.23934233, -0.16758603])
Total time: 0.0449  pickout: 0.0003 split: 0.0005  decision: 0.0000  bounding: 0.0234  filtering: 0.0001  clipping: 0.0006  add_domain: 0.0028  rest: 0.0170
Length of domains: 1563914
1616222 branch and bound domains visited
Cumulative time: 3.1280267238616943

Iteration 59
Batch size: 32768
Worst bound: tensor([-0.06634444, -0.02941096, -0.07137972, -0.02607155], device='cuda:0')
Current pickout batch: 32768, total pickout batch: 1648990
Domain clipping: area new/prev 0.0000/0.0000 (0.08%), domains verified after shrinking 67, shrunken 12031 (18.36%)
Current (lb-rhs): tensor([-0.22708446, -0.18415737, -0.23934233, -0.16758603])
Total time: 0.0424  pickout: 0.0003 split: 0.0005  decision: 0.0000  bounding: 0.0235  filtering: 0.0001  clipping: 0.0006  add_domain: 0.0028  rest: 0.0145
Length of domains: 1596596
1648990 branch and bound domains visited
Cumulative time: 3.1705682277679443

Iteration 60
Batch size: 32768
Worst bound: tensor([-0.06634450, -0.02941096, -0.07137972, -0.02607149], device='cuda:0')
Current pickout batch: 32768, total pickout batch: 1681758
Domain clipping: area new/prev 0.0000/0.0000 (0.09%), domains verified after shrinking 70, shrunken 12175 (18.58%)
Current (lb-rhs): tensor([-0.22708446, -0.18415737, -0.23934233, -0.16758603])
Total time: 0.0427  pickout: 0.0003 split: 0.0009  decision: 0.0000  bounding: 0.0243  filtering: 0.0001  clipping: 0.0006  add_domain: 0.0026  rest: 0.0137
Length of domains: 1629269
1681758 branch and bound domains visited
Cumulative time: 3.2133898735046387

Iteration 61
Batch size: 32768
Worst bound: tensor([-0.06634331, -0.02940977, -0.07137841, -0.02607036], device='cuda:0')
Current pickout batch: 32768, total pickout batch: 1714526
Domain clipping: area new/prev 0.0000/0.0000 (0.11%), domains verified after shrinking 89, shrunken 12023 (18.35%)
Current (lb-rhs): tensor([-0.22708446, -0.18415737, -0.23934233, -0.16758603])
Total time: 0.0412  pickout: 0.0003 split: 0.0006  decision: 0.0000  bounding: 0.0234  filtering: 0.0001  clipping: 0.0006  add_domain: 0.0027  rest: 0.0134
Length of domains: 1661925
1714526 branch and bound domains visited
Cumulative time: 3.2546584606170654

Iteration 62
Batch size: 32768
Worst bound: tensor([-0.06634170, -0.02940834, -0.07137692, -0.02606899], device='cuda:0')
Current pickout batch: 32768, total pickout batch: 1747294
Domain clipping: area new/prev 0.0000/0.0000 (0.13%), domains verified after shrinking 99, shrunken 11583 (17.68%)
Current (lb-rhs): tensor([-0.22708446, -0.18415737, -0.23934233, -0.16758603])
Total time: 0.0416  pickout: 0.0003 split: 0.0005  decision: 0.0000  bounding: 0.0237  filtering: 0.0001  clipping: 0.0006  add_domain: 0.0026  rest: 0.0137
Length of domains: 1694553
1747294 branch and bound domains visited
Cumulative time: 3.2964181900024414

Iteration 63
Batch size: 32768
Worst bound: tensor([-0.06634176, -0.02940834, -0.07137692, -0.02606899], device='cuda:0')
Current pickout batch: 32768, total pickout batch: 1780062
Domain clipping: area new/prev 0.0000/0.0000 (0.09%), domains verified after shrinking 103, shrunken 11234 (17.14%)
Current (lb-rhs): tensor([-0.22708446, -0.18415737, -0.23934233, -0.16758603])
Total time: 0.0424  pickout: 0.0003 split: 0.0006  decision: 0.0000  bounding: 0.0229  filtering: 0.0001  clipping: 0.0007  add_domain: 0.0033  rest: 0.0144
Length of domains: 1727191
1780062 branch and bound domains visited
Cumulative time: 3.3389718532562256

Iteration 64
Batch size: 32768
Worst bound: tensor([-0.06634176, -0.02940828, -0.07137686, -0.02606893], device='cuda:0')
Current pickout batch: 32768, total pickout batch: 1812830
Domain clipping: area new/prev 0.0000/0.0000 (0.07%), domains verified after shrinking 145, shrunken 10855 (16.57%)
Current (lb-rhs): tensor([-0.22708446, -0.18415737, -0.23934233, -0.16758603])
Total time: 0.0424  pickout: 0.0003 split: 0.0005  decision: 0.0000  bounding: 0.0225  filtering: 0.0001  clipping: 0.0006  add_domain: 0.0026  rest: 0.0157
Length of domains: 1759776
1812830 branch and bound domains visited
Cumulative time: 3.381476402282715

Iteration 65
Batch size: 32768
Worst bound: tensor([-0.06634176, -0.02940828, -0.07137686, -0.02606893], device='cuda:0')
Current pickout batch: 32768, total pickout batch: 1845598
Domain clipping: area new/prev 0.0000/0.0000 (0.08%), domains verified after shrinking 145, shrunken 10733 (16.38%)
Current (lb-rhs): tensor([-0.22708446, -0.18415737, -0.23934233, -0.16758603])
Total time: 0.0604  pickout: 0.0003 split: 0.0006  decision: 0.0000  bounding: 0.0228  filtering: 0.0001  clipping: 0.0006  add_domain: 0.0042  rest: 0.0317
Length of domains: 1792344
1845598 branch and bound domains visited
Cumulative time: 3.4420251846313477

Iteration 66
Batch size: 32768
Worst bound: tensor([-0.06634116, -0.02940768, -0.07137620, -0.02606833], device='cuda:0')
Current pickout batch: 32768, total pickout batch: 1878366
Domain clipping: area new/prev 0.0000/0.0000 (0.09%), domains verified after shrinking 131, shrunken 10621 (16.21%)
Current (lb-rhs): tensor([-0.22708446, -0.18415737, -0.23934233, -0.16758603])
Total time: 0.0493  pickout: 0.0003 split: 0.0006  decision: 0.0000  bounding: 0.0227  filtering: 0.0001  clipping: 0.0006  add_domain: 0.0036  rest: 0.0212
Length of domains: 1824932
1878366 branch and bound domains visited
Cumulative time: 3.4914395809173584

Iteration 67
Batch size: 32768
Worst bound: tensor([-0.06634039, -0.02940696, -0.07137549, -0.02606773], device='cuda:0')
Current pickout batch: 32768, total pickout batch: 1911134
Domain clipping: area new/prev 0.0000/0.0000 (0.11%), domains verified after shrinking 154, shrunken 10177 (15.53%)
Current (lb-rhs): tensor([-0.22708446, -0.18415737, -0.23934233, -0.16758603])
Total time: 0.0419  pickout: 0.0003 split: 0.0005  decision: 0.0000  bounding: 0.0227  filtering: 0.0001  clipping: 0.0006  add_domain: 0.0025  rest: 0.0150
Length of domains: 1857509
1911134 branch and bound domains visited
Cumulative time: 3.5334153175354004

Iteration 68
Batch size: 32768
Worst bound: tensor([-0.06634045, -0.02940696, -0.07137549, -0.02606773], device='cuda:0')
Current pickout batch: 32768, total pickout batch: 1943902
Domain clipping: area new/prev 0.0000/0.0000 (0.08%), domains verified after shrinking 132, shrunken 10163 (15.52%)
Current (lb-rhs): tensor([-0.22708446, -0.18415737, -0.23934233, -0.16758603])
Total time: 0.0413  pickout: 0.0003 split: 0.0005  decision: 0.0000  bounding: 0.0224  filtering: 0.0001  clipping: 0.0006  add_domain: 0.0026  rest: 0.0146
Length of domains: 1890087
1943902 branch and bound domains visited
Cumulative time: 3.574789047241211

Iteration 69
Batch size: 32768
Worst bound: tensor([-0.06634051, -0.02940702, -0.07137555, -0.02606773], device='cuda:0')
Current pickout batch: 32768, total pickout batch: 1976670
Domain clipping: area new/prev 0.0000/0.0000 (0.06%), domains verified after shrinking 114, shrunken 10290 (15.70%)
Current (lb-rhs): tensor([-0.22708446, -0.18415737, -0.23934233, -0.16758603])
Total time: 0.0428  pickout: 0.0003 split: 0.0006  decision: 0.0000  bounding: 0.0226  filtering: 0.0001  clipping: 0.0009  add_domain: 0.0028  rest: 0.0154
Length of domains: 1922716
1976670 branch and bound domains visited
Cumulative time: 3.6177237033843994

Iteration 70
Batch size: 32768
Worst bound: tensor([-0.06634051, -0.02940696, -0.07137555, -0.02606773], device='cuda:0')
Current pickout batch: 32768, total pickout batch: 2009438
Domain clipping: area new/prev 0.0000/0.0000 (0.06%), domains verified after shrinking 111, shrunken 10432 (15.92%)
Current (lb-rhs): tensor([-0.22708446, -0.18415737, -0.23934233, -0.16758603])
Total time: 0.0418  pickout: 0.0003 split: 0.0005  decision: 0.0000  bounding: 0.0222  filtering: 0.0001  clipping: 0.0006  add_domain: 0.0026  rest: 0.0153
Length of domains: 1955344
2009438 branch and bound domains visited
Cumulative time: 3.659680128097534

Iteration 71
Batch size: 32768
Worst bound: tensor([-0.06634015, -0.02940661, -0.07137519, -0.02606744], device='cuda:0')
Current pickout batch: 32768, total pickout batch: 2042206
Domain clipping: area new/prev 0.0000/0.0000 (0.08%), domains verified after shrinking 127, shrunken 10346 (15.79%)
Current (lb-rhs): tensor([-0.22708446, -0.18415737, -0.23934233, -0.16758603])
Total time: 0.0426  pickout: 0.0003 split: 0.0005  decision: 0.0000  bounding: 0.0220  filtering: 0.0001  clipping: 0.0006  add_domain: 0.0028  rest: 0.0162
Length of domains: 1987951
2042206 branch and bound domains visited
Cumulative time: 3.702407121658325

Iteration 72
Batch size: 32768
Worst bound: tensor([-0.06634015, -0.02940673, -0.07137519, -0.02606744], device='cuda:0')
Current pickout batch: 32768, total pickout batch: 2074974
Domain clipping: area new/prev 0.0000/0.0000 (0.09%), domains verified after shrinking 117, shrunken 10035 (15.32%)
Current (lb-rhs): tensor([-0.22708446, -0.18415737, -0.23934233, -0.16758603])
Total time: 0.0428  pickout: 0.0003 split: 0.0005  decision: 0.0000  bounding: 0.0220  filtering: 0.0001  clipping: 0.0006  add_domain: 0.0026  rest: 0.0165
Length of domains: 2020564
2074974 branch and bound domains visited
Cumulative time: 3.745313882827759

Iteration 73
Batch size: 32768
Worst bound: tensor([-0.06633973, -0.02940631, -0.07137483, -0.02606708], device='cuda:0')
Current pickout batch: 32768, total pickout batch: 2107742
Domain clipping: area new/prev 0.0000/0.0000 (0.06%), domains verified after shrinking 107, shrunken 9768 (14.91%)
Current (lb-rhs): tensor([-0.22708446, -0.18415737, -0.23934233, -0.16758603])
Total time: 0.0462  pickout: 0.0003 split: 0.0006  decision: 0.0000  bounding: 0.0222  filtering: 0.0001  clipping: 0.0006  add_domain: 0.0026  rest: 0.0197
Length of domains: 2053206
2107742 branch and bound domains visited
Cumulative time: 3.791574716567993

Iteration 74
Batch size: 32768
Worst bound: tensor([-0.06633979, -0.02940637, -0.07137483, -0.02606708], device='cuda:0')
Current pickout batch: 32768, total pickout batch: 2140510
Domain clipping: area new/prev 0.0000/0.0000 (0.05%), domains verified after shrinking 108, shrunken 9483 (14.47%)
Current (lb-rhs): tensor([-0.22708446, -0.18415737, -0.23934233, -0.16758603])
Total time: 0.0634  pickout: 0.0003 split: 0.0006  decision: 0.0000  bounding: 0.0212  filtering: 0.0001  clipping: 0.0006  add_domain: 0.0042  rest: 0.0362
Length of domains: 2085847
2140510 branch and bound domains visited
Cumulative time: 3.855126142501831

Iteration 75
Batch size: 32768
Worst bound: tensor([-0.06633973, -0.02940637, -0.07137483, -0.02606708], device='cuda:0')
Current pickout batch: 32768, total pickout batch: 2173278
Domain clipping: area new/prev 0.0000/0.0000 (0.06%), domains verified after shrinking 104, shrunken 9378 (14.31%)
Current (lb-rhs): tensor([-0.22708446, -0.18415737, -0.23934233, -0.16758603])
Total time: 0.2966  pickout: 0.0003 split: 0.0005  decision: 0.0000  bounding: 0.0209  filtering: 0.0001  clipping: 0.0006  add_domain: 0.2507  rest: 0.0233
Length of domains: 2118490
2173278 branch and bound domains visited
Cumulative time: 4.151848793029785

Iteration 76
Batch size: 32768
Worst bound: tensor([-0.06633961, -0.02940619, -0.07137471, -0.02606696], device='cuda:0')
Current pickout batch: 32768, total pickout batch: 2206046
Domain clipping: area new/prev 0.0000/0.0000 (0.07%), domains verified after shrinking 83, shrunken 9063 (13.83%)
Current (lb-rhs): tensor([-0.22708446, -0.18415737, -0.23934233, -0.16758603])
Total time: 0.0487  pickout: 0.0003 split: 0.0006  decision: 0.0000  bounding: 0.0220  filtering: 0.0001  clipping: 0.0006  add_domain: 0.0032  rest: 0.0217
Length of domains: 2151156
2206046 branch and bound domains visited
Cumulative time: 4.200644254684448

Iteration 77
Batch size: 32768
Worst bound: tensor([-0.06633937, -0.02940601, -0.07137448, -0.02606678], device='cuda:0')
Current pickout batch: 32768, total pickout batch: 2238814
Domain clipping: area new/prev 0.0000/0.0000 (0.08%), domains verified after shrinking 101, shrunken 8491 (12.96%)
Current (lb-rhs): tensor([-0.22708446, -0.18415737, -0.23934233, -0.16758603])
Total time: 0.0421  pickout: 0.0003 split: 0.0005  decision: 0.0000  bounding: 0.0209  filtering: 0.0001  clipping: 0.0006  add_domain: 0.0028  rest: 0.0167
Length of domains: 2183801
2238814 branch and bound domains visited
Cumulative time: 4.24283504486084

Iteration 78
Batch size: 32768
Worst bound: tensor([-0.06633943, -0.02940595, -0.07137448, -0.02606678], device='cuda:0')
Current pickout batch: 32768, total pickout batch: 2271582
Domain clipping: area new/prev 0.0000/0.0000 (0.05%), domains verified after shrinking 118, shrunken 8169 (12.47%)
Current (lb-rhs): tensor([-0.22708446, -0.18415737, -0.23934233, -0.16758603])
Total time: 0.0406  pickout: 0.0003 split: 0.0005  decision: 0.0000  bounding: 0.0197  filtering: 0.0001  clipping: 0.0006  add_domain: 0.0026  rest: 0.0167
Length of domains: 2216431
2271582 branch and bound domains visited
Cumulative time: 4.283523321151733

Iteration 79
Batch size: 32768
Worst bound: tensor([-0.06633937, -0.02940589, -0.07137448, -0.02606672], device='cuda:0')
Current pickout batch: 32768, total pickout batch: 2304350
Domain clipping: area new/prev 0.0000/0.0000 (0.05%), domains verified after shrinking 100, shrunken 7933 (12.11%)
Current (lb-rhs): tensor([-0.22708446, -0.18415737, -0.23934233, -0.16758603])
Total time: 0.0413  pickout: 0.0003 split: 0.0005  decision: 0.0000  bounding: 0.0197  filtering: 0.0001  clipping: 0.0006  add_domain: 0.0026  rest: 0.0174
Length of domains: 2249080
2304350 branch and bound domains visited
Cumulative time: 4.324959754943848

Iteration 80
Batch size: 32768
Worst bound: tensor([-0.06633943, -0.02940595, -0.07137448, -0.02606678], device='cuda:0')
Current pickout batch: 32768, total pickout batch: 2337118
Domain clipping: area new/prev 0.0000/0.0000 (0.05%), domains verified after shrinking 105, shrunken 7853 (11.98%)
Current (lb-rhs): tensor([-0.22708446, -0.18415737, -0.23934233, -0.16758603])
Total time: 0.0495  pickout: 0.0003 split: 0.0006  decision: 0.0000  bounding: 0.0196  filtering: 0.0001  clipping: 0.0006  add_domain: 0.0037  rest: 0.0244
Length of domains: 2281720
2337118 branch and bound domains visited
Cumulative time: 4.374588251113892

Iteration 81
Batch size: 32768
Worst bound: tensor([-0.06633931, -0.02940583, -0.07137436, -0.02606666], device='cuda:0')
Current pickout batch: 32768, total pickout batch: 2369886
Domain clipping: area new/prev 0.0000/0.0000 (0.07%), domains verified after shrinking 102, shrunken 7716 (11.77%)
Current (lb-rhs): tensor([-0.22708446, -0.18415737, -0.23934233, -0.16758603])
Total time: 0.0420  pickout: 0.0003 split: 0.0005  decision: 0.0000  bounding: 0.0192  filtering: 0.0001  clipping: 0.0006  add_domain: 0.0026  rest: 0.0185
Length of domains: 2314371
2369886 branch and bound domains visited
Cumulative time: 4.41668176651001

Iteration 82
Batch size: 32768
Worst bound: tensor([-0.06633919, -0.02940583, -0.07137424, -0.02606660], device='cuda:0')
Current pickout batch: 32768, total pickout batch: 2402654
Domain clipping: area new/prev 0.0000/0.0000 (0.06%), domains verified after shrinking 92, shrunken 7579 (11.57%)
Current (lb-rhs): tensor([-0.22708446, -0.18415737, -0.23934233, -0.16758603])
Total time: 0.0420  pickout: 0.0003 split: 0.0005  decision: 0.0000  bounding: 0.0193  filtering: 0.0001  clipping: 0.0006  add_domain: 0.0026  rest: 0.0184
Length of domains: 2347029
2402654 branch and bound domains visited
Cumulative time: 4.458804368972778

Iteration 83
Batch size: 32768
Worst bound: tensor([-0.06633919, -0.02940577, -0.07137424, -0.02606654], device='cuda:0')
Current pickout batch: 32768, total pickout batch: 2435422
Domain clipping: area new/prev 0.0000/0.0000 (0.04%), domains verified after shrinking 98, shrunken 7420 (11.32%)
Current (lb-rhs): tensor([-0.22708446, -0.18415737, -0.23934233, -0.16758603])
Total time: 0.0451  pickout: 0.0003 split: 0.0005  decision: 0.0000  bounding: 0.0191  filtering: 0.0001  clipping: 0.0006  add_domain: 0.0026  rest: 0.0216
Length of domains: 2379683
2435422 branch and bound domains visited
Cumulative time: 4.50396728515625

Iteration 84
Batch size: 32768
Worst bound: tensor([-0.06633919, -0.02940577, -0.07137430, -0.02606660], device='cuda:0')
Current pickout batch: 32768, total pickout batch: 2468190
Domain clipping: area new/prev 0.0000/0.0000 (0.04%), domains verified after shrinking 93, shrunken 7317 (11.17%)
Current (lb-rhs): tensor([-0.22708446, -0.18415737, -0.23934233, -0.16758603])
Total time: 0.0744  pickout: 0.0003 split: 0.0006  decision: 0.0000  bounding: 0.0182  filtering: 0.0001  clipping: 0.0006  add_domain: 0.0046  rest: 0.0499
Length of domains: 2412343
2468190 branch and bound domains visited
Cumulative time: 4.5784666538238525

Iteration 85
Batch size: 32768
Worst bound: tensor([-0.06633919, -0.02940577, -0.07137430, -0.02606660], device='cuda:0')
Current pickout batch: 32768, total pickout batch: 2500958
Domain clipping: area new/prev 0.0000/0.0000 (0.05%), domains verified after shrinking 95, shrunken 7194 (10.98%)
Current (lb-rhs): tensor([-0.22708446, -0.18415737, -0.23934233, -0.16758603])
Total time: 0.0660  pickout: 0.0003 split: 0.0005  decision: 0.0000  bounding: 0.0180  filtering: 0.0001  clipping: 0.0006  add_domain: 0.0027  rest: 0.0436
Length of domains: 2445006
2500958 branch and bound domains visited
Cumulative time: 4.644559860229492

Iteration 86
Batch size: 32768
Worst bound: tensor([-0.06633914, -0.02940571, -0.07137424, -0.02606648], device='cuda:0')
Current pickout batch: 32768, total pickout batch: 2533726
Domain clipping: area new/prev 0.0000/0.0000 (0.06%), domains verified after shrinking 93, shrunken 7301 (11.14%)
Current (lb-rhs): tensor([-0.22708446, -0.18415737, -0.23934233, -0.16758603])
Total time: 0.0674  pickout: 0.0003 split: 0.0006  decision: 0.0000  bounding: 0.0186  filtering: 0.0001  clipping: 0.0008  add_domain: 0.0032  rest: 0.0435
Length of domains: 2477670
2533726 branch and bound domains visited
Cumulative time: 4.71209716796875

Iteration 87
Batch size: 32768
Worst bound: tensor([-0.06633914, -0.02940571, -0.07137412, -0.02606648], device='cuda:0')
Current pickout batch: 32768, total pickout batch: 2566494
Domain clipping: area new/prev 0.0000/0.0000 (0.05%), domains verified after shrinking 89, shrunken 6971 (10.64%)
Current (lb-rhs): tensor([-0.22708446, -0.18415737, -0.23934233, -0.16758603])
Total time: 0.0925  pickout: 0.0003 split: 0.0005  decision: 0.0000  bounding: 0.0431  filtering: 0.0001  clipping: 0.0006  add_domain: 0.0027  rest: 0.0450
Length of domains: 2510331
2566494 branch and bound domains visited
Cumulative time: 4.804720640182495

Iteration 88
Batch size: 32768
Worst bound: tensor([-0.06633919, -0.02940577, -0.07137418, -0.02606654], device='cuda:0')
Current pickout batch: 32768, total pickout batch: 2599262
Domain clipping: area new/prev 0.0000/0.0000 (0.03%), domains verified after shrinking 95, shrunken 6524 (9.95%)
Current (lb-rhs): tensor([-0.22708446, -0.18415737, -0.23934233, -0.16758603])
Total time: 0.0681  pickout: 0.0004 split: 0.0005  decision: 0.0000  bounding: 0.0190  filtering: 0.0001  clipping: 0.0006  add_domain: 0.0032  rest: 0.0442
Length of domains: 2542990
2599262 branch and bound domains visited
Cumulative time: 4.872971296310425

Iteration 89
Batch size: 32768
Worst bound: tensor([-0.06633919, -0.02940571, -0.07137424, -0.02606648], device='cuda:0')
Current pickout batch: 32768, total pickout batch: 2632030
Domain clipping: area new/prev 0.0000/0.0000 (0.03%), domains verified after shrinking 87, shrunken 5935 (9.06%)
Current (lb-rhs): tensor([-0.22708446, -0.18415737, -0.23934233, -0.16758603])
Total time: 0.0677  pickout: 0.0003 split: 0.0005  decision: 0.0000  bounding: 0.0180  filtering: 0.0001  clipping: 0.0006  add_domain: 0.0026  rest: 0.0455
Length of domains: 2575661
2632030 branch and bound domains visited
Cumulative time: 4.940830945968628

Iteration 90
Batch size: 32768
Worst bound: tensor([-0.06633914, -0.02940571, -0.07137418, -0.02606654], device='cuda:0')
Current pickout batch: 32768, total pickout batch: 2664798
Domain clipping: area new/prev 0.0000/0.0000 (0.04%), domains verified after shrinking 88, shrunken 5677 (8.66%)
Current (lb-rhs): tensor([-0.22708446, -0.18415737, -0.23934233, -0.16758603])
Total time: 0.0694  pickout: 0.0007 split: 0.0006  decision: 0.0000  bounding: 0.0189  filtering: 0.0002  clipping: 0.0006  add_domain: 0.0028  rest: 0.0455
Length of domains: 2608332
2664798 branch and bound domains visited
Cumulative time: 5.0103654861450195

Iteration 91
Batch size: 32768
Worst bound: tensor([-0.06633914, -0.02940571, -0.07137418, -0.02606654], device='cuda:0')
Current pickout batch: 32768, total pickout batch: 2697566
Domain clipping: area new/prev 0.0000/0.0000 (0.05%), domains verified after shrinking 90, shrunken 5431 (8.29%)
Current (lb-rhs): tensor([-0.22708446, -0.18415737, -0.23934233, -0.16758603])
Total time: 0.0702  pickout: 0.0003 split: 0.0005  decision: 0.0000  bounding: 0.0180  filtering: 0.0001  clipping: 0.0006  add_domain: 0.0031  rest: 0.0475
Length of domains: 2641000
2697566 branch and bound domains visited
Cumulative time: 5.080708742141724

Iteration 92
Batch size: 32768
Worst bound: tensor([-0.06633914, -0.02940571, -0.07137418, -0.02606648], device='cuda:0')
Current pickout batch: 32768, total pickout batch: 2730334
Domain clipping: area new/prev 0.0000/0.0000 (0.04%), domains verified after shrinking 99, shrunken 4952 (7.56%)
Current (lb-rhs): tensor([-0.22708446, -0.18415737, -0.23934233, -0.16758603])
Total time: 0.0673  pickout: 0.0003 split: 0.0006  decision: 0.0000  bounding: 0.0163  filtering: 0.0001  clipping: 0.0006  add_domain: 0.0033  rest: 0.0460
Length of domains: 2673658
2730334 branch and bound domains visited
Cumulative time: 5.1481640338897705

Iteration 93
Batch size: 32768
Worst bound: tensor([-0.06633914, -0.02940571, -0.07137412, -0.02606648], device='cuda:0')
Current pickout batch: 32768, total pickout batch: 2763102
Domain clipping: area new/prev 0.0000/0.0000 (0.04%), domains verified after shrinking 103, shrunken 4314 (6.58%)
Current (lb-rhs): tensor([-0.22708446, -0.18415737, -0.23934233, -0.16758603])
Total time: 0.0693  pickout: 0.0003 split: 0.0005  decision: 0.0000  bounding: 0.0167  filtering: 0.0001  clipping: 0.0007  add_domain: 0.0030  rest: 0.0479
Length of domains: 2706313
2763102 branch and bound domains visited
Cumulative time: 5.217572450637817

Iteration 94
Batch size: 32768
Worst bound: tensor([-0.06633908, -0.02940565, -0.07137418, -0.02606648], device='cuda:0')
Current pickout batch: 32768, total pickout batch: 2795870
Domain clipping: area new/prev 0.0000/0.0000 (0.04%), domains verified after shrinking 114, shrunken 4018 (6.13%)
Current (lb-rhs): tensor([-0.22708446, -0.18415737, -0.23934233, -0.16758603])
Total time: 0.0713  pickout: 0.0006 split: 0.0006  decision: 0.0000  bounding: 0.0166  filtering: 0.0001  clipping: 0.0006  add_domain: 0.0037  rest: 0.0489
Length of domains: 2738955
2795870 branch and bound domains visited
Cumulative time: 5.288960933685303

Iteration 95
Batch size: 32768
Worst bound: tensor([-0.06633908, -0.02940565, -0.07137418, -0.02606648], device='cuda:0')
Current pickout batch: 32768, total pickout batch: 2828638
Domain clipping: area new/prev 0.0000/0.0000 (0.05%), domains verified after shrinking 109, shrunken 3441 (5.25%)
Current (lb-rhs): tensor([-0.22708446, -0.18415737, -0.23934233, -0.16758603])
Total time: 0.0681  pickout: 0.0003 split: 0.0005  decision: 0.0000  bounding: 0.0149  filtering: 0.0001  clipping: 0.0006  add_domain: 0.0030  rest: 0.0485
Length of domains: 2771605
2828638 branch and bound domains visited
Cumulative time: 5.357179880142212

Iteration 96
Batch size: 32768
Worst bound: tensor([-0.06633914, -0.02940571, -0.07137412, -0.02606648], device='cuda:0')
Current pickout batch: 32768, total pickout batch: 2861406
Domain clipping: area new/prev 0.0000/0.0000 (0.07%), domains verified after shrinking 146, shrunken 3018 (4.61%)
Current (lb-rhs): tensor([-0.22708446, -0.18415737, -0.23934233, -0.16758603])
Total time: 0.0733  pickout: 0.0003 split: 0.0020  decision: 0.0000  bounding: 0.0176  filtering: 0.0002  clipping: 0.0014  add_domain: 0.0027  rest: 0.0490
Length of domains: 2804210
2861406 branch and bound domains visited
Cumulative time: 5.43056583404541

Iteration 97
Batch size: 32768
Worst bound: tensor([-0.06633914, -0.02940571, -0.07137412, -0.02606648], device='cuda:0')
Current pickout batch: 32768, total pickout batch: 2894174
Domain clipping: area new/prev 0.0000/0.0000 (0.06%), domains verified after shrinking 149, shrunken 2007 (3.06%)
Current (lb-rhs): tensor([-0.22708446, -0.18415737, -0.23934233, -0.16758603])
Total time: 0.0692  pickout: 0.0003 split: 0.0005  decision: 0.0000  bounding: 0.0155  filtering: 0.0001  clipping: 0.0006  add_domain: 0.0028  rest: 0.0493
Length of domains: 2836815
2894174 branch and bound domains visited
Cumulative time: 5.4999308586120605

Iteration 98
Batch size: 32768
Worst bound: tensor([-0.06633908, -0.02940565, -0.07137412, -0.02606642], device='cuda:0')
Current pickout batch: 32768, total pickout batch: 2926942
Domain clipping: area new/prev 0.0000/0.0000 (0.04%), domains verified after shrinking 154, shrunken 1063 (1.62%)
Current (lb-rhs): tensor([-0.22708446, -0.18415737, -0.23934233, -0.16758603])
Total time: 0.0734  pickout: 0.0003 split: 0.0007  decision: 0.0000  bounding: 0.0134  filtering: 0.0001  clipping: 0.0006  add_domain: 0.0029  rest: 0.0551
Length of domains: 2869413
2926942 branch and bound domains visited
Cumulative time: 5.573410749435425

Iteration 99
Batch size: 32768
Worst bound: tensor([-0.06633902, -0.02940559, -0.07137412, -0.02606642], device='cuda:0')
Current pickout batch: 32768, total pickout batch: 2959710
Domain clipping: area new/prev 0.0000/0.0000 (0.03%), domains verified after shrinking 157, shrunken 550 (0.84%)
Current (lb-rhs): tensor([-0.22708446, -0.18415737, -0.23934233, -0.16758603])
Total time: 0.0707  pickout: 0.0007 split: 0.0005  decision: 0.0000  bounding: 0.0138  filtering: 0.0001  clipping: 0.0006  add_domain: 0.0032  rest: 0.0518
Length of domains: 2902011
2959710 branch and bound domains visited
Cumulative time: 5.644258499145508

Iteration 100
Batch size: 32768
Worst bound: tensor([-0.06633902, -0.02940559, -0.07137412, -0.02606642], device='cuda:0')
Current pickout batch: 32768, total pickout batch: 2992478
Domain clipping: area new/prev 0.0000/0.0000 (0.01%), domains verified after shrinking 171, shrunken 124 (0.19%)
Current (lb-rhs): tensor([-0.22708446, -0.18415737, -0.23934233, -0.16758603])
Total time: 0.0692  pickout: 0.0003 split: 0.0005  decision: 0.0000  bounding: 0.0131  filtering: 0.0001  clipping: 0.0006  add_domain: 0.0028  rest: 0.0517
Length of domains: 2934594
2992478 branch and bound domains visited
Cumulative time: 5.713606595993042

Iteration 101
Batch size: 32768
Worst bound: tensor([-0.06633902, -0.02940559, -0.07137406, -0.02606642], device='cuda:0')
Current pickout batch: 32768, total pickout batch: 3025246
Domain clipping: area new/prev 0.0000/0.0000 (0.00%), domains verified after shrinking 176, shrunken 11 (0.02%)
Current (lb-rhs): tensor([-0.22708446, -0.18415737, -0.23934233, -0.16758603])
Total time: 0.0697  pickout: 0.0003 split: 0.0005  decision: 0.0000  bounding: 0.0133  filtering: 0.0001  clipping: 0.0006  add_domain: 0.0026  rest: 0.0521
Length of domains: 2967171
3025246 branch and bound domains visited
Cumulative time: 5.783405780792236

Iteration 102
Batch size: 32768
Worst bound: tensor([-0.06633902, -0.02940559, -0.07137406, -0.02606642], device='cuda:0')
Current pickout batch: 32768, total pickout batch: 3058014
Domain clipping: area new/prev 0.0000/0.0000 (0.00%), domains verified after shrinking 218, shrunken 1 (0.00%)
Current (lb-rhs): tensor([-0.22708446, -0.18415737, -0.23934233, -0.16758603])
Total time: 0.0744  pickout: 0.0003 split: 0.0005  decision: 0.0000  bounding: 0.0128  filtering: 0.0001  clipping: 0.0006  add_domain: 0.0027  rest: 0.0572
Length of domains: 2999706
3058014 branch and bound domains visited
Cumulative time: 5.85791540145874

Iteration 103
Batch size: 32768
Worst bound: tensor([-0.06633908, -0.02940559, -0.07137406, -0.02606642], device='cuda:0')
Current pickout batch: 32768, total pickout batch: 3090782
Domain clipping: area new/prev 0.0000/0.0000 (0.00%), domains verified after shrinking 210, shrunken 0 (0.00%)
Current (lb-rhs): tensor([-0.22708446, -0.18415737, -0.23934233, -0.16758603])
Total time: 0.0748  pickout: 0.0003 split: 0.0011  decision: 0.0000  bounding: 0.0150  filtering: 0.0001  clipping: 0.0006  add_domain: 0.0032  rest: 0.0544
Length of domains: 3032243
3090782 branch and bound domains visited
Cumulative time: 5.932858467102051

Iteration 104
Batch size: 32768
Worst bound: tensor([-0.06633908, -0.02940559, -0.07137406, -0.02606642], device='cuda:0')
Current pickout batch: 32768, total pickout batch: 3123550
Domain clipping: area new/prev 0.0000/0.0000 (0.00%), domains verified after shrinking 215, shrunken 0 (0.00%)
Current (lb-rhs): tensor([-0.22708446, -0.18415737, -0.23934233, -0.16758603])
Total time: 0.0725  pickout: 0.0003 split: 0.0005  decision: 0.0000  bounding: 0.0144  filtering: 0.0001  clipping: 0.0006  add_domain: 0.0030  rest: 0.0534
Length of domains: 3064777
3123550 branch and bound domains visited
Cumulative time: 6.005455017089844

Iteration 105
Batch size: 32768
Worst bound: tensor([-0.06633908, -0.02940559, -0.07137406, -0.02606642], device='cuda:0')
Current pickout batch: 32768, total pickout batch: 3156318
Domain clipping: area new/prev 0.0000/0.0000 (0.00%), domains verified after shrinking 232, shrunken 0 (0.00%)
Current (lb-rhs): tensor([-0.22708446, -0.18415737, -0.23934233, -0.16758603])
Total time: 0.0781  pickout: 0.0003 split: 0.0024  decision: 0.0000  bounding: 0.0157  filtering: 0.0001  clipping: 0.0019  add_domain: 0.0033  rest: 0.0543
Length of domains: 3097293
3156318 branch and bound domains visited
Cumulative time: 6.083711385726929

Iteration 106
Batch size: 32768
Worst bound: tensor([-0.06633908, -0.02940559, -0.07137406, -0.02606642], device='cuda:0')
Current pickout batch: 32768, total pickout batch: 3189086
Domain clipping: area new/prev 0.0000/0.0000 (0.00%), domains verified after shrinking 229, shrunken 0 (0.00%)
Current (lb-rhs): tensor([-0.22708446, -0.18415737, -0.23934233, -0.16758603])
Total time: 0.0812  pickout: 0.0005 split: 0.0025  decision: 0.0000  bounding: 0.0152  filtering: 0.0001  clipping: 0.0018  add_domain: 0.0029  rest: 0.0580
Length of domains: 3129815
3189086 branch and bound domains visited
Cumulative time: 6.164997339248657

Iteration 107
Batch size: 32768
Worst bound: tensor([-0.06633908, -0.02940559, -0.07137406, -0.02606642], device='cuda:0')
Current pickout batch: 32768, total pickout batch: 3221854
Domain clipping: area new/prev 0.0000/0.0000 (0.00%), domains verified after shrinking 233, shrunken 0 (0.00%)
Current (lb-rhs): tensor([-0.22708446, -0.18415737, -0.23934233, -0.16758603])
Total time: 0.0809  pickout: 0.0003 split: 0.0029  decision: 0.0000  bounding: 0.0154  filtering: 0.0002  clipping: 0.0027  add_domain: 0.0034  rest: 0.0557
Length of domains: 3162335
3221854 branch and bound domains visited
Cumulative time: 6.245986461639404

Iteration 108
Batch size: 32768
Worst bound: tensor([-0.06633908, -0.02940559, -0.07137406, -0.02606642], device='cuda:0')
Current pickout batch: 32768, total pickout batch: 3254622
Domain clipping: area new/prev 0.0000/0.0000 (0.00%), domains verified after shrinking 167, shrunken 0 (0.00%)
Current (lb-rhs): tensor([-0.22708446, -0.18415737, -0.23934233, -0.16758603])
Total time: 0.0813  pickout: 0.0004 split: 0.0023  decision: 0.0000  bounding: 0.0172  filtering: 0.0001  clipping: 0.0019  add_domain: 0.0033  rest: 0.0559
Length of domains: 3194920
3254622 branch and bound domains visited
Cumulative time: 6.327418327331543

Iteration 109
Batch size: 32768
Worst bound: tensor([-0.06633908, -0.02940559, -0.07137406, -0.02606642], device='cuda:0')
Current pickout batch: 32768, total pickout batch: 3287390
Domain clipping: area new/prev 0.0000/0.0000 (0.00%), domains verified after shrinking 154, shrunken 0 (0.00%)
Current (lb-rhs): tensor([-0.22708446, -0.18415737, -0.23934233, -0.16758603])
Total time: 0.0791  pickout: 0.0003 split: 0.0026  decision: 0.0000  bounding: 0.0152  filtering: 0.0002  clipping: 0.0021  add_domain: 0.0034  rest: 0.0553
Length of domains: 3227518
3287390 branch and bound domains visited
Cumulative time: 6.406657934188843

Iteration 110
Batch size: 32768
Worst bound: tensor([-0.06633908, -0.02940559, -0.07137406, -0.02606642], device='cuda:0')
Current pickout batch: 32768, total pickout batch: 3320158
Domain clipping: area new/prev 0.0000/0.0000 (0.00%), domains verified after shrinking 133, shrunken 0 (0.00%)
Current (lb-rhs): tensor([-0.22708446, -0.18415737, -0.23934233, -0.16758603])
Total time: 0.0825  pickout: 0.0009 split: 0.0023  decision: 0.0000  bounding: 0.0160  filtering: 0.0001  clipping: 0.0022  add_domain: 0.0036  rest: 0.0573
Length of domains: 3260143
3320158 branch and bound domains visited
Cumulative time: 6.489267110824585

Iteration 111
Batch size: 32768
Worst bound: tensor([-0.06633908, -0.02940559, -0.07137406, -0.02606642], device='cuda:0')
Current pickout batch: 32768, total pickout batch: 3352926
Domain clipping: area new/prev 0.0000/0.0000 (0.00%), domains verified after shrinking 123, shrunken 0 (0.00%)
Current (lb-rhs): tensor([-0.22708446, -0.18415737, -0.23934233, -0.16758603])
Total time: 0.0818  pickout: 0.0005 split: 0.0018  decision: 0.0000  bounding: 0.0154  filtering: 0.0001  clipping: 0.0018  add_domain: 0.0032  rest: 0.0589
Length of domains: 3292779
3352926 branch and bound domains visited
Cumulative time: 6.571380138397217

Iteration 112
Batch size: 32768
Worst bound: tensor([-0.06633908, -0.02940559, -0.07137406, -0.02606642], device='cuda:0')
Current pickout batch: 32768, total pickout batch: 3385694
Domain clipping: area new/prev 0.0000/0.0000 (0.00%), domains verified after shrinking 112, shrunken 0 (0.00%)
Current (lb-rhs): tensor([-0.22708446, -0.18415737, -0.23934233, -0.16758603])
Total time: 0.0835  pickout: 0.0003 split: 0.0024  decision: 0.0000  bounding: 0.0176  filtering: 0.0001  clipping: 0.0019  add_domain: 0.0034  rest: 0.0577
Length of domains: 3325424
3385694 branch and bound domains visited
Cumulative time: 6.654959678649902

Iteration 113
Batch size: 32768
Worst bound: tensor([-0.06633908, -0.02940559, -0.07137406, -0.02606642], device='cuda:0')
Current pickout batch: 32768, total pickout batch: 3418462
Domain clipping: area new/prev 0.0000/0.0000 (0.00%), domains verified after shrinking 108, shrunken 0 (0.00%)
Current (lb-rhs): tensor([-0.22708446, -0.18415737, -0.23934233, -0.16758603])
Total time: 0.0869  pickout: 0.0003 split: 0.0026  decision: 0.0000  bounding: 0.0152  filtering: 0.0001  clipping: 0.0021  add_domain: 0.0037  rest: 0.0627
Length of domains: 3358073
3418462 branch and bound domains visited
Cumulative time: 6.741982698440552

Iteration 114
Batch size: 32768
Worst bound: tensor([-0.06633908, -0.02940559, -0.07137406, -0.02606642], device='cuda:0')
Current pickout batch: 32768, total pickout batch: 3451230
Domain clipping: area new/prev 0.0000/0.0000 (0.00%), domains verified after shrinking 108, shrunken 0 (0.00%)
Current (lb-rhs): tensor([-0.22708446, -0.18415737, -0.23934233, -0.16758603])
Total time: 0.0856  pickout: 0.0004 split: 0.0023  decision: 0.0000  bounding: 0.0175  filtering: 0.0002  clipping: 0.0020  add_domain: 0.0035  rest: 0.0596
Length of domains: 3390724
3451230 branch and bound domains visited
Cumulative time: 6.827653884887695

Iteration 115
Batch size: 32768
Worst bound: tensor([-0.06633908, -0.02940559, -0.07137406, -0.02606642], device='cuda:0')
Current pickout batch: 32768, total pickout batch: 3483998
Domain clipping: area new/prev 0.0000/0.0000 (0.00%), domains verified after shrinking 108, shrunken 0 (0.00%)
Current (lb-rhs): tensor([-0.22708446, -0.18415737, -0.23934233, -0.16758603])
Total time: 0.0835  pickout: 0.0003 split: 0.0023  decision: 0.0000  bounding: 0.0150  filtering: 0.0001  clipping: 0.0021  add_domain: 0.0033  rest: 0.0602
Length of domains: 3423375
3483998 branch and bound domains visited
Cumulative time: 6.911303997039795

Iteration 116
Batch size: 32768
Worst bound: tensor([-0.06633908, -0.02940559, -0.07137406, -0.02606642], device='cuda:0')
Current pickout batch: 32768, total pickout batch: 3516766
Domain clipping: area new/prev 0.0000/0.0000 (0.00%), domains verified after shrinking 108, shrunken 0 (0.00%)
Current (lb-rhs): tensor([-0.22708446, -0.18415737, -0.23934233, -0.16758603])
Total time: 0.0895  pickout: 0.0004 split: 0.0017  decision: 0.0000  bounding: 0.0156  filtering: 0.0001  clipping: 0.0025  add_domain: 0.0037  rest: 0.0654
Length of domains: 3456026
3516766 branch and bound domains visited
Cumulative time: 7.000943422317505

Iteration 117
Batch size: 32768
Worst bound: tensor([-0.06633908, -0.02940559, -0.07137406, -0.02606642], device='cuda:0')
Current pickout batch: 32768, total pickout batch: 3549534
Domain clipping: area new/prev 0.0000/0.0000 (0.00%), domains verified after shrinking 108, shrunken 0 (0.00%)
Current (lb-rhs): tensor([-0.22708446, -0.18415737, -0.23934233, -0.16758603])
Total time: 0.0857  pickout: 0.0005 split: 0.0025  decision: 0.0000  bounding: 0.0153  filtering: 0.0001  clipping: 0.0019  add_domain: 0.0035  rest: 0.0618
Length of domains: 3488677
3549534 branch and bound domains visited
Cumulative time: 7.086803674697876

Iteration 118
Batch size: 32768
Worst bound: tensor([-0.06633908, -0.02940559, -0.07137406, -0.02606642], device='cuda:0')
Current pickout batch: 32768, total pickout batch: 3582302
Domain clipping: area new/prev 0.0000/0.0000 (0.00%), domains verified after shrinking 108, shrunken 0 (0.00%)
Current (lb-rhs): tensor([-0.22708446, -0.18415737, -0.23934233, -0.16758603])
Total time: 0.0845  pickout: 0.0003 split: 0.0013  decision: 0.0000  bounding: 0.0156  filtering: 0.0001  clipping: 0.0014  add_domain: 0.0035  rest: 0.0621
Length of domains: 3521328
3582302 branch and bound domains visited
Cumulative time: 7.1714067459106445

Iteration 119
Batch size: 32768
Worst bound: tensor([-0.06633908, -0.02940559, -0.07137406, -0.02606642], device='cuda:0')
Current pickout batch: 32768, total pickout batch: 3615070
Domain clipping: area new/prev 0.0000/0.0000 (0.00%), domains verified after shrinking 108, shrunken 0 (0.00%)
Current (lb-rhs): tensor([-0.22708446, -0.18415737, -0.23934233, -0.16758603])
Total time: 0.0871  pickout: 0.0003 split: 0.0024  decision: 0.0000  bounding: 0.0169  filtering: 0.0002  clipping: 0.0019  add_domain: 0.0034  rest: 0.0619
Length of domains: 3553979
3615070 branch and bound domains visited
Cumulative time: 7.25858998298645

Iteration 120
Batch size: 32768
Worst bound: tensor([-0.06633908, -0.02940559, -0.07137406, -0.02606642], device='cuda:0')
Current pickout batch: 32768, total pickout batch: 3647838
Domain clipping: area new/prev 0.0000/0.0000 (0.00%), domains verified after shrinking 108, shrunken 0 (0.00%)
Current (lb-rhs): tensor([-0.22708446, -0.18415737, -0.23934233, -0.16758603])
Total time: 0.0880  pickout: 0.0003 split: 0.0019  decision: 0.0000  bounding: 0.0153  filtering: 0.0001  clipping: 0.0018  add_domain: 0.0042  rest: 0.0643
Length of domains: 3586630
3647838 branch and bound domains visited
Cumulative time: 7.3466973304748535

Iteration 121
Batch size: 32768
Worst bound: tensor([-0.06633908, -0.02940559, -0.07137406, -0.02606642], device='cuda:0')
Current pickout batch: 32768, total pickout batch: 3680606
Domain clipping: area new/prev 0.0000/0.0000 (0.00%), domains verified after shrinking 108, shrunken 0 (0.00%)
Current (lb-rhs): tensor([-0.22708446, -0.18415737, -0.23934233, -0.16758603])
Total time: 0.0878  pickout: 0.0004 split: 0.0024  decision: 0.0000  bounding: 0.0155  filtering: 0.0001  clipping: 0.0021  add_domain: 0.0033  rest: 0.0638
Length of domains: 3619281
3680606 branch and bound domains visited
Cumulative time: 7.434607744216919

Iteration 122
Batch size: 32768
Worst bound: tensor([-0.06633908, -0.02940559, -0.07137406, -0.02606642], device='cuda:0')
Current pickout batch: 32768, total pickout batch: 3713374
Domain clipping: area new/prev 0.0000/0.0000 (0.00%), domains verified after shrinking 108, shrunken 0 (0.00%)
Current (lb-rhs): tensor([-0.22708446, -0.18415737, -0.23934233, -0.16758603])
Total time: 0.0872  pickout: 0.0003 split: 0.0024  decision: 0.0000  bounding: 0.0150  filtering: 0.0001  clipping: 0.0025  add_domain: 0.0037  rest: 0.0630
Length of domains: 3651932
3713374 branch and bound domains visited
Cumulative time: 7.521924734115601

Iteration 123
Batch size: 32768
Worst bound: tensor([-0.06633908, -0.02940559, -0.07137406, -0.02606642], device='cuda:0')
Current pickout batch: 32768, total pickout batch: 3746142
Domain clipping: area new/prev 0.0000/0.0000 (0.00%), domains verified after shrinking 108, shrunken 0 (0.00%)
Current (lb-rhs): tensor([-0.22708446, -0.18415737, -0.23934233, -0.16758603])
Total time: 0.0908  pickout: 0.0004 split: 0.0023  decision: 0.0000  bounding: 0.0146  filtering: 0.0002  clipping: 0.0021  add_domain: 0.0033  rest: 0.0678
Length of domains: 3684583
3746142 branch and bound domains visited
Cumulative time: 7.612833023071289

Iteration 124
Batch size: 32768
Worst bound: tensor([-0.06633908, -0.02940559, -0.07137406, -0.02606642], device='cuda:0')
Current pickout batch: 32768, total pickout batch: 3778910
Domain clipping: area new/prev 0.0000/0.0000 (0.00%), domains verified after shrinking 108, shrunken 0 (0.00%)
Current (lb-rhs): tensor([-0.22708446, -0.18415737, -0.23934233, -0.16758603])
Total time: 0.0918  pickout: 0.0003 split: 0.0024  decision: 0.0000  bounding: 0.0179  filtering: 0.0001  clipping: 0.0019  add_domain: 0.0034  rest: 0.0656
Length of domains: 3717234
3778910 branch and bound domains visited
Cumulative time: 7.704744338989258

Iteration 125
Batch size: 32768
Worst bound: tensor([-0.06633908, -0.02940559, -0.07137406, -0.02606642], device='cuda:0')
Current pickout batch: 32768, total pickout batch: 3811678
Domain clipping: area new/prev 0.0000/0.0000 (0.00%), domains verified after shrinking 108, shrunken 0 (0.00%)
Current (lb-rhs): tensor([-0.22708446, -0.18415737, -0.23934233, -0.16758603])
Total time: 0.0921  pickout: 0.0003 split: 0.0032  decision: 0.0000  bounding: 0.0156  filtering: 0.0002  clipping: 0.0028  add_domain: 0.0044  rest: 0.0654
Length of domains: 3749885
3811678 branch and bound domains visited
Cumulative time: 7.797044992446899

Iteration 126
Batch size: 32768
Worst bound: tensor([-0.06633908, -0.02940559, -0.07137406, -0.02606642], device='cuda:0')
Current pickout batch: 32768, total pickout batch: 3844446
Domain clipping: area new/prev 0.0000/0.0000 (0.00%), domains verified after shrinking 108, shrunken 0 (0.00%)
Current (lb-rhs): tensor([-0.22708446, -0.18415737, -0.23934233, -0.16758603])
Total time: 0.0915  pickout: 0.0003 split: 0.0024  decision: 0.0000  bounding: 0.0153  filtering: 0.0001  clipping: 0.0018  add_domain: 0.0035  rest: 0.0680
Length of domains: 3782536
3844446 branch and bound domains visited
Cumulative time: 7.888717174530029

Iteration 127
Batch size: 32768
Worst bound: tensor([-0.06633908, -0.02940559, -0.07137406, -0.02606642], device='cuda:0')
Current pickout batch: 32768, total pickout batch: 3877214
Domain clipping: area new/prev 0.0000/0.0000 (0.00%), domains verified after shrinking 108, shrunken 0 (0.00%)
Current (lb-rhs): tensor([-0.22708446, -0.18415737, -0.23934233, -0.16758603])
Total time: 0.0917  pickout: 0.0004 split: 0.0024  decision: 0.0000  bounding: 0.0152  filtering: 0.0001  clipping: 0.0021  add_domain: 0.0033  rest: 0.0681
Length of domains: 3815187
3877214 branch and bound domains visited
Cumulative time: 7.980548143386841

Iteration 128
Batch size: 32768
Worst bound: tensor([-0.06633908, -0.02940559, -0.07137406, -0.02606642], device='cuda:0')
Current pickout batch: 32768, total pickout batch: 3909982
Domain clipping: area new/prev 0.0000/0.0000 (0.00%), domains verified after shrinking 108, shrunken 0 (0.00%)
Current (lb-rhs): tensor([-0.22708446, -0.18415737, -0.23934233, -0.16758603])
Total time: 0.0942  pickout: 0.0003 split: 0.0023  decision: 0.0000  bounding: 0.0176  filtering: 0.0001  clipping: 0.0020  add_domain: 0.0040  rest: 0.0678
Length of domains: 3847838
3909982 branch and bound domains visited
Cumulative time: 8.074872016906738

Iteration 129
Batch size: 32768
Worst bound: tensor([-0.06633908, -0.02940559, -0.07137406, -0.02606642], device='cuda:0')
Current pickout batch: 32768, total pickout batch: 3942750
Domain clipping: area new/prev 0.0000/0.0000 (0.00%), domains verified after shrinking 108, shrunken 0 (0.00%)
Current (lb-rhs): tensor([-0.22708446, -0.18415737, -0.23934233, -0.16758603])
Total time: 0.0991  pickout: 0.0003 split: 0.0025  decision: 0.0000  bounding: 0.0175  filtering: 0.0001  clipping: 0.0019  add_domain: 0.0034  rest: 0.0732
Length of domains: 3880489
3942750 branch and bound domains visited
Cumulative time: 8.17410945892334

Iteration 130
Batch size: 32768
Worst bound: tensor([-0.06633908, -0.02940559, -0.07137406, -0.02606642], device='cuda:0')
Current pickout batch: 32768, total pickout batch: 3975518
Domain clipping: area new/prev 0.0000/0.0000 (0.00%), domains verified after shrinking 108, shrunken 0 (0.00%)
Current (lb-rhs): tensor([-0.22708446, -0.18415737, -0.23934233, -0.16758603])
Total time: 0.0929  pickout: 0.0006 split: 0.0024  decision: 0.0000  bounding: 0.0168  filtering: 0.0002  clipping: 0.0019  add_domain: 0.0035  rest: 0.0675
Length of domains: 3913140
3975518 branch and bound domains visited
Cumulative time: 8.26710033416748

Iteration 131
Batch size: 32768
Worst bound: tensor([-0.06633908, -0.02940559, -0.07137406, -0.02606642], device='cuda:0')
Current pickout batch: 32768, total pickout batch: 4008286
Domain clipping: area new/prev 0.0000/0.0000 (0.00%), domains verified after shrinking 108, shrunken 0 (0.00%)
Current (lb-rhs): tensor([-0.22708446, -0.18415737, -0.23934233, -0.16758603])
Total time: 0.0959  pickout: 0.0003 split: 0.0021  decision: 0.0000  bounding: 0.0168  filtering: 0.0001  clipping: 0.0019  add_domain: 0.0037  rest: 0.0710
Length of domains: 3945791
4008286 branch and bound domains visited
Cumulative time: 8.363169431686401

Iteration 132
Batch size: 32768
Worst bound: tensor([-0.06633908, -0.02940559, -0.07137406, -0.02606642], device='cuda:0')
Current pickout batch: 32768, total pickout batch: 4041054
Domain clipping: area new/prev 0.0000/0.0000 (0.00%), domains verified after shrinking 108, shrunken 0 (0.00%)
Current (lb-rhs): tensor([-0.22708446, -0.18415737, -0.23934233, -0.16758603])
Total time: 0.0961  pickout: 0.0003 split: 0.0023  decision: 0.0000  bounding: 0.0170  filtering: 0.0002  clipping: 0.0018  add_domain: 0.0038  rest: 0.0706
Length of domains: 3978442
4041054 branch and bound domains visited
Cumulative time: 8.459410667419434

Iteration 133
Batch size: 32768
Worst bound: tensor([-0.06633908, -0.02940559, -0.07137406, -0.02606642], device='cuda:0')
Current pickout batch: 32768, total pickout batch: 4073822
Domain clipping: area new/prev 0.0000/0.0000 (0.00%), domains verified after shrinking 108, shrunken 0 (0.00%)
Current (lb-rhs): tensor([-0.22708446, -0.18415737, -0.23934233, -0.16758603])
Total time: 0.0955  pickout: 0.0003 split: 0.0023  decision: 0.0000  bounding: 0.0168  filtering: 0.0001  clipping: 0.0019  add_domain: 0.0040  rest: 0.0699
Length of domains: 4011093
4073822 branch and bound domains visited
Cumulative time: 8.554980993270874

Iteration 134
Batch size: 32768
Worst bound: tensor([-0.06633908, -0.02940559, -0.07137406, -0.02606642], device='cuda:0')
Current pickout batch: 32768, total pickout batch: 4106590
Domain clipping: area new/prev 0.0000/0.0000 (0.00%), domains verified after shrinking 108, shrunken 0 (0.00%)
Current (lb-rhs): tensor([-0.22708446, -0.18415737, -0.23934233, -0.16758603])
Total time: 0.0889  pickout: 0.0003 split: 0.0005  decision: 0.0000  bounding: 0.0125  filtering: 0.0001  clipping: 0.0006  add_domain: 0.0032  rest: 0.0715
Length of domains: 4043744
4106590 branch and bound domains visited
Cumulative time: 8.644029378890991

Iteration 135
Batch size: 32768
Worst bound: tensor([-0.06633908, -0.02940559, -0.07137406, -0.02606642], device='cuda:0')
Current pickout batch: 32768, total pickout batch: 4139358
Domain clipping: area new/prev 0.0000/0.0000 (0.00%), domains verified after shrinking 108, shrunken 0 (0.00%)
Current (lb-rhs): tensor([-0.22708446, -0.18415737, -0.23934233, -0.16758603])
Total time: 0.0848  pickout: 0.0003 split: 0.0005  decision: 0.0000  bounding: 0.0117  filtering: 0.0001  clipping: 0.0006  add_domain: 0.0029  rest: 0.0686
Length of domains: 4076395
4139358 branch and bound domains visited
Cumulative time: 8.728958129882812

Iteration 136
Batch size: 32768
Worst bound: tensor([-0.06633908, -0.02940559, -0.07137406, -0.02606642], device='cuda:0')
Current pickout batch: 32768, total pickout batch: 4172126
Domain clipping: area new/prev 0.0000/0.0000 (0.00%), domains verified after shrinking 108, shrunken 0 (0.00%)
Current (lb-rhs): tensor([-0.22708446, -0.18415737, -0.23934233, -0.16758603])
Total time: 0.0899  pickout: 0.0003 split: 0.0006  decision: 0.0000  bounding: 0.0117  filtering: 0.0001  clipping: 0.0006  add_domain: 0.0036  rest: 0.0729
Length of domains: 4109046
4172126 branch and bound domains visited
Cumulative time: 8.818956136703491

Iteration 137
Batch size: 32768
Worst bound: tensor([-0.06633908, -0.02940559, -0.07137406, -0.02606642], device='cuda:0')
Current pickout batch: 32768, total pickout batch: 4204894
Domain clipping: area new/prev 0.0000/0.0000 (0.00%), domains verified after shrinking 108, shrunken 0 (0.00%)
Current (lb-rhs): tensor([-0.22708446, -0.18415737, -0.23934233, -0.16758603])
Total time: 0.0872  pickout: 0.0003 split: 0.0005  decision: 0.0000  bounding: 0.0118  filtering: 0.0001  clipping: 0.0006  add_domain: 0.0026  rest: 0.0711
Length of domains: 4141697
4204894 branch and bound domains visited
Cumulative time: 8.906241416931152

Iteration 138
Batch size: 32768
Worst bound: tensor([-0.06633908, -0.02940559, -0.07137406, -0.02606642], device='cuda:0')
Current pickout batch: 32768, total pickout batch: 4237662
Domain clipping: area new/prev 0.0000/0.0000 (0.00%), domains verified after shrinking 108, shrunken 0 (0.00%)
Current (lb-rhs): tensor([-0.22708446, -0.18415737, -0.23934233, -0.16758603])
Total time: 0.1016  pickout: 0.0003 split: 0.0005  decision: 0.0000  bounding: 0.0124  filtering: 0.0001  clipping: 0.0006  add_domain: 0.0026  rest: 0.0849
Length of domains: 4174348
4237662 branch and bound domains visited
Cumulative time: 9.007981538772583

Iteration 139
Batch size: 32768
Worst bound: tensor([-0.06633908, -0.02940559, -0.07137406, -0.02606642], device='cuda:0')
Current pickout batch: 32768, total pickout batch: 4270430
Domain clipping: area new/prev 0.0000/0.0000 (0.00%), domains verified after shrinking 108, shrunken 0 (0.00%)
Current (lb-rhs): tensor([-0.22708446, -0.18415737, -0.23934233, -0.16758603])
Total time: 0.3509  pickout: 0.0003 split: 0.0005  decision: 0.0000  bounding: 0.0122  filtering: 0.0001  clipping: 0.0007  add_domain: 0.2492  rest: 0.0877
Length of domains: 4206999
4270430 branch and bound domains visited
Cumulative time: 9.358968734741211

Iteration 140
Batch size: 32768
Worst bound: tensor([-0.06633908, -0.02940559, -0.07137406, -0.02606642], device='cuda:0')
Current pickout batch: 32768, total pickout batch: 4303198
Domain clipping: area new/prev 0.0000/0.0000 (0.00%), domains verified after shrinking 108, shrunken 0 (0.00%)
Current (lb-rhs): tensor([-0.22708446, -0.18415737, -0.23934233, -0.16758603])
Total time: 0.1010  pickout: 0.0003 split: 0.0006  decision: 0.0000  bounding: 0.0119  filtering: 0.0001  clipping: 0.0006  add_domain: 0.0029  rest: 0.0844
Length of domains: 4239650
4303198 branch and bound domains visited
Cumulative time: 9.460060119628906

Iteration 141
Batch size: 32768
Worst bound: tensor([-0.06633908, -0.02940559, -0.07137406, -0.02606642], device='cuda:0')
Current pickout batch: 32768, total pickout batch: 4335966
Domain clipping: area new/prev 0.0000/0.0000 (0.00%), domains verified after shrinking 108, shrunken 0 (0.00%)
Current (lb-rhs): tensor([-0.22708446, -0.18415737, -0.23934233, -0.16758603])
Total time: 0.1006  pickout: 0.0003 split: 0.0005  decision: 0.0000  bounding: 0.0119  filtering: 0.0001  clipping: 0.0006  add_domain: 0.0032  rest: 0.0839
Length of domains: 4272301
4335966 branch and bound domains visited
Cumulative time: 9.560827493667603

Iteration 142
Batch size: 32768
Worst bound: tensor([-0.06633908, -0.02940559, -0.07137406, -0.02606642], device='cuda:0')
Current pickout batch: 32768, total pickout batch: 4368734
Domain clipping: area new/prev 0.0000/0.0000 (0.00%), domains verified after shrinking 108, shrunken 0 (0.00%)
Current (lb-rhs): tensor([-0.22708446, -0.18415737, -0.23934233, -0.16758603])
Total time: 0.1041  pickout: 0.0003 split: 0.0005  decision: 0.0000  bounding: 0.0117  filtering: 0.0001  clipping: 0.0006  add_domain: 0.0026  rest: 0.0883
Length of domains: 4304952
4368734 branch and bound domains visited
Cumulative time: 9.66508674621582

Iteration 143
Batch size: 32768
Worst bound: tensor([-0.06633908, -0.02940559, -0.07137406, -0.02606642], device='cuda:0')
Current pickout batch: 32768, total pickout batch: 4401502
Domain clipping: area new/prev 0.0000/0.0000 (0.00%), domains verified after shrinking 108, shrunken 0 (0.00%)
Current (lb-rhs): tensor([-0.22708446, -0.18415737, -0.23934233, -0.16758603])
Total time: 0.0991  pickout: 0.0003 split: 0.0005  decision: 0.0000  bounding: 0.0117  filtering: 0.0001  clipping: 0.0006  add_domain: 0.0026  rest: 0.0833
Length of domains: 4337603
4401502 branch and bound domains visited
Cumulative time: 9.764336585998535

Iteration 144
Batch size: 32768
Worst bound: tensor([-0.06633908, -0.02940559, -0.07137406, -0.02606642], device='cuda:0')
Current pickout batch: 32768, total pickout batch: 4434270
Domain clipping: area new/prev 0.0000/0.0000 (0.00%), domains verified after shrinking 108, shrunken 0 (0.00%)
Current (lb-rhs): tensor([-0.22708446, -0.18415737, -0.23934233, -0.16758603])
Total time: 0.1009  pickout: 0.0003 split: 0.0005  decision: 0.0000  bounding: 0.0121  filtering: 0.0001  clipping: 0.0006  add_domain: 0.0027  rest: 0.0844
Length of domains: 4370254
4434270 branch and bound domains visited
Cumulative time: 9.865374326705933

Iteration 145
Batch size: 32768
Worst bound: tensor([-0.06633908, -0.02940559, -0.07137406, -0.02606642], device='cuda:0')
Current pickout batch: 32768, total pickout batch: 4467038
Domain clipping: area new/prev 0.0000/0.0000 (0.00%), domains verified after shrinking 108, shrunken 0 (0.00%)
Current (lb-rhs): tensor([-0.22708446, -0.18415737, -0.23934233, -0.16758603])
Total time: 0.1019  pickout: 0.0003 split: 0.0005  decision: 0.0000  bounding: 0.0117  filtering: 0.0001  clipping: 0.0006  add_domain: 0.0027  rest: 0.0859
Length of domains: 4402905
4467038 branch and bound domains visited
Cumulative time: 9.967437505722046

Iteration 146
Batch size: 32768
Worst bound: tensor([-0.06633908, -0.02940559, -0.07137406, -0.02606642], device='cuda:0')
Current pickout batch: 32768, total pickout batch: 4499806
Domain clipping: area new/prev 0.0000/0.0000 (0.00%), domains verified after shrinking 108, shrunken 0 (0.00%)
Current (lb-rhs): tensor([-0.22708446, -0.18415737, -0.23934233, -0.16758603])
Total time: 0.1042  pickout: 0.0003 split: 0.0005  decision: 0.0000  bounding: 0.0119  filtering: 0.0001  clipping: 0.0006  add_domain: 0.0028  rest: 0.0878
Length of domains: 4435556
4499806 branch and bound domains visited
Cumulative time: 10.07171082496643

Iteration 147
Batch size: 32768
Worst bound: tensor([-0.06633908, -0.02940559, -0.07137406, -0.02606642], device='cuda:0')
Current pickout batch: 32768, total pickout batch: 4532574
Domain clipping: area new/prev 0.0000/0.0000 (0.00%), domains verified after shrinking 108, shrunken 0 (0.00%)
Current (lb-rhs): tensor([-0.22708446, -0.18415737, -0.23934233, -0.16758603])
Total time: 0.1028  pickout: 0.0003 split: 0.0006  decision: 0.0000  bounding: 0.0119  filtering: 0.0001  clipping: 0.0006  add_domain: 0.0027  rest: 0.0865
Length of domains: 4468207
4532574 branch and bound domains visited
Cumulative time: 10.174619674682617

Iteration 148
Batch size: 32768
Worst bound: tensor([-0.06633908, -0.02940559, -0.07137406, -0.02606642], device='cuda:0')
Current pickout batch: 32768, total pickout batch: 4565342
Domain clipping: area new/prev 0.0000/0.0000 (0.00%), domains verified after shrinking 108, shrunken 0 (0.00%)
Current (lb-rhs): tensor([-0.22708446, -0.18415737, -0.23934233, -0.16758603])
Total time: 0.1050  pickout: 0.0003 split: 0.0005  decision: 0.0000  bounding: 0.0121  filtering: 0.0001  clipping: 0.0006  add_domain: 0.0026  rest: 0.0887
Length of domains: 4500858
4565342 branch and bound domains visited
Cumulative time: 10.279764652252197

Iteration 149
Batch size: 32768
Worst bound: tensor([-0.06633908, -0.02940559, -0.07137406, -0.02606642], device='cuda:0')
Current pickout batch: 32768, total pickout batch: 4598110
Domain clipping: area new/prev 0.0000/0.0000 (0.00%), domains verified after shrinking 108, shrunken 0 (0.00%)
Current (lb-rhs): tensor([-0.22708446, -0.18415737, -0.23934233, -0.16758603])
Total time: 0.1056  pickout: 0.0003 split: 0.0005  decision: 0.0000  bounding: 0.0117  filtering: 0.0001  clipping: 0.0006  add_domain: 0.0030  rest: 0.0892
Length of domains: 4533509
4598110 branch and bound domains visited
Cumulative time: 10.385494709014893

Iteration 150
Batch size: 32768
Worst bound: tensor([-0.06633908, -0.02940559, -0.07137406, -0.02606642], device='cuda:0')
Current pickout batch: 32768, total pickout batch: 4630878
Domain clipping: area new/prev 0.0000/0.0000 (0.00%), domains verified after shrinking 108, shrunken 0 (0.00%)
Current (lb-rhs): tensor([-0.22708446, -0.18415737, -0.23934233, -0.16758603])
Total time: 0.1046  pickout: 0.0003 split: 0.0006  decision: 0.0000  bounding: 0.0118  filtering: 0.0001  clipping: 0.0006  add_domain: 0.0028  rest: 0.0883
Length of domains: 4566160
4630878 branch and bound domains visited
Cumulative time: 10.490247011184692

Iteration 151
Batch size: 32768
Worst bound: tensor([-0.06633908, -0.02940559, -0.07137406, -0.02606642], device='cuda:0')
Current pickout batch: 32768, total pickout batch: 4663646
Domain clipping: area new/prev 0.0000/0.0000 (0.00%), domains verified after shrinking 108, shrunken 0 (0.00%)
Current (lb-rhs): tensor([-0.22708446, -0.18415737, -0.23934233, -0.16758603])
Total time: 0.1078  pickout: 0.0003 split: 0.0005  decision: 0.0000  bounding: 0.0117  filtering: 0.0001  clipping: 0.0006  add_domain: 0.0026  rest: 0.0919
Length of domains: 4598811
4663646 branch and bound domains visited
Cumulative time: 10.598153591156006

Iteration 152
Batch size: 32768
Worst bound: tensor([-0.06633908, -0.02940559, -0.07137406, -0.02606642], device='cuda:0')
Current pickout batch: 32768, total pickout batch: 4696414
Domain clipping: area new/prev 0.0000/0.0000 (0.00%), domains verified after shrinking 108, shrunken 0 (0.00%)
Current (lb-rhs): tensor([-0.22708446, -0.18415737, -0.23934233, -0.16758603])
Total time: 0.1079  pickout: 0.0003 split: 0.0005  decision: 0.0000  bounding: 0.0117  filtering: 0.0001  clipping: 0.0006  add_domain: 0.0027  rest: 0.0918
Length of domains: 4631462
4696414 branch and bound domains visited
Cumulative time: 10.70619249343872

Iteration 153
Batch size: 32768
Worst bound: tensor([-0.06633908, -0.02940559, -0.07137406, -0.02606642], device='cuda:0')
Current pickout batch: 32768, total pickout batch: 4729182
Domain clipping: area new/prev 0.0000/0.0000 (0.00%), domains verified after shrinking 108, shrunken 0 (0.00%)
Current (lb-rhs): tensor([-0.22708446, -0.18415737, -0.23934233, -0.16758603])
Total time: 0.1072  pickout: 0.0003 split: 0.0005  decision: 0.0000  bounding: 0.0120  filtering: 0.0001  clipping: 0.0006  add_domain: 0.0027  rest: 0.0908
Length of domains: 4664113
4729182 branch and bound domains visited
Cumulative time: 10.81347131729126

Iteration 154
Batch size: 32768
Worst bound: tensor([-0.06633908, -0.02940559, -0.07137406, -0.02606642], device='cuda:0')
Current pickout batch: 32768, total pickout batch: 4761950
Domain clipping: area new/prev 0.0000/0.0000 (0.00%), domains verified after shrinking 108, shrunken 0 (0.00%)
Current (lb-rhs): tensor([-0.22708446, -0.18415737, -0.23934233, -0.16758603])
Total time: 0.1099  pickout: 0.0003 split: 0.0006  decision: 0.0000  bounding: 0.0117  filtering: 0.0001  clipping: 0.0006  add_domain: 0.0036  rest: 0.0929
Length of domains: 4696764
4761950 branch and bound domains visited
Cumulative time: 10.923478841781616

Iteration 155
Batch size: 32768
Worst bound: tensor([-0.06633908, -0.02940559, -0.07137406, -0.02606642], device='cuda:0')
Current pickout batch: 32768, total pickout batch: 4794718
Domain clipping: area new/prev 0.0000/0.0000 (0.00%), domains verified after shrinking 108, shrunken 0 (0.00%)
Current (lb-rhs): tensor([-0.22708446, -0.18415737, -0.23934233, -0.16758603])
Total time: 0.1082  pickout: 0.0003 split: 0.0005  decision: 0.0000  bounding: 0.0117  filtering: 0.0001  clipping: 0.0006  add_domain: 0.0026  rest: 0.0921
Length of domains: 4729415
4794718 branch and bound domains visited
Cumulative time: 11.031745433807373

Iteration 156
Batch size: 32768
Worst bound: tensor([-0.06633908, -0.02940559, -0.07137406, -0.02606642], device='cuda:0')
Current pickout batch: 32768, total pickout batch: 4827486
Domain clipping: area new/prev 0.0000/0.0000 (0.00%), domains verified after shrinking 108, shrunken 0 (0.00%)
Current (lb-rhs): tensor([-0.22708446, -0.18415737, -0.23934233, -0.16758603])
Total time: 0.1138  pickout: 0.0003 split: 0.0005  decision: 0.0000  bounding: 0.0116  filtering: 0.0001  clipping: 0.0006  add_domain: 0.0027  rest: 0.0978
Length of domains: 4762066
4827486 branch and bound domains visited
Cumulative time: 11.145658016204834

Iteration 157
Batch size: 32768
Worst bound: tensor([-0.06633908, -0.02940559, -0.07137406, -0.02606642], device='cuda:0')
Current pickout batch: 32768, total pickout batch: 4860254
Domain clipping: area new/prev 0.0000/0.0000 (0.00%), domains verified after shrinking 108, shrunken 0 (0.00%)
Current (lb-rhs): tensor([-0.22708446, -0.18415737, -0.23934233, -0.16758603])
Total time: 0.1092  pickout: 0.0004 split: 0.0005  decision: 0.0000  bounding: 0.0118  filtering: 0.0001  clipping: 0.0006  add_domain: 0.0029  rest: 0.0928
Length of domains: 4794717
4860254 branch and bound domains visited
Cumulative time: 11.255004644393921

Iteration 158
Batch size: 32768
Worst bound: tensor([-0.06633908, -0.02940559, -0.07137406, -0.02606642], device='cuda:0')
Current pickout batch: 32768, total pickout batch: 4893022
Domain clipping: area new/prev 0.0000/0.0000 (0.00%), domains verified after shrinking 108, shrunken 0 (0.00%)
Current (lb-rhs): tensor([-0.22708446, -0.18415737, -0.23934233, -0.16758603])
Total time: 0.1110  pickout: 0.0003 split: 0.0005  decision: 0.0000  bounding: 0.0118  filtering: 0.0001  clipping: 0.0006  add_domain: 0.0026  rest: 0.0949
Length of domains: 4827368
4893022 branch and bound domains visited
Cumulative time: 11.366132020950317

Iteration 159
Batch size: 32768
Worst bound: tensor([-0.06633908, -0.02940559, -0.07137406, -0.02606642], device='cuda:0')
Current pickout batch: 32768, total pickout batch: 4925790
Domain clipping: area new/prev 0.0000/0.0000 (0.00%), domains verified after shrinking 108, shrunken 0 (0.00%)
Current (lb-rhs): tensor([-0.22708446, -0.18415737, -0.23934233, -0.16758603])
Total time: 0.1125  pickout: 0.0003 split: 0.0005  decision: 0.0000  bounding: 0.0117  filtering: 0.0001  clipping: 0.0006  add_domain: 0.0026  rest: 0.0965
Length of domains: 4860019
4925790 branch and bound domains visited
Cumulative time: 11.478713750839233

Iteration 160
Batch size: 32768
Worst bound: tensor([-0.06633908, -0.02940559, -0.07137406, -0.02606642], device='cuda:0')
Current pickout batch: 32768, total pickout batch: 4958558
Domain clipping: area new/prev 0.0000/0.0000 (0.00%), domains verified after shrinking 108, shrunken 0 (0.00%)
Current (lb-rhs): tensor([-0.22708446, -0.18415737, -0.23934233, -0.16758603])
Total time: 0.1101  pickout: 0.0003 split: 0.0005  decision: 0.0000  bounding: 0.0119  filtering: 0.0001  clipping: 0.0006  add_domain: 0.0029  rest: 0.0936
Length of domains: 4892670
4958558 branch and bound domains visited
Cumulative time: 11.58897852897644

Iteration 161
Batch size: 32768
Worst bound: tensor([-0.06633908, -0.02940559, -0.07137406, -0.02606642], device='cuda:0')
Current pickout batch: 32768, total pickout batch: 4991326
Domain clipping: area new/prev 0.0000/0.0000 (0.00%), domains verified after shrinking 108, shrunken 0 (0.00%)
Current (lb-rhs): tensor([-0.22708446, -0.18415737, -0.23934233, -0.16758603])
Total time: 0.1124  pickout: 0.0003 split: 0.0005  decision: 0.0000  bounding: 0.0120  filtering: 0.0001  clipping: 0.0006  add_domain: 0.0026  rest: 0.0962
Length of domains: 4925321
4991326 branch and bound domains visited
Cumulative time: 11.701472759246826

Iteration 162
Batch size: 32768
Worst bound: tensor([-0.06633908, -0.02940559, -0.07137406, -0.02606642], device='cuda:0')
Current pickout batch: 32768, total pickout batch: 5024094
Domain clipping: area new/prev 0.0000/0.0000 (0.00%), domains verified after shrinking 108, shrunken 0 (0.00%)
Current (lb-rhs): tensor([-0.22708446, -0.18415737, -0.23934233, -0.16758603])
Total time: 0.1157  pickout: 0.0003 split: 0.0006  decision: 0.0000  bounding: 0.0121  filtering: 0.0001  clipping: 0.0006  add_domain: 0.0038  rest: 0.0980
Length of domains: 4957972
5024094 branch and bound domains visited
Cumulative time: 11.817317247390747

Iteration 163
Batch size: 32768
Worst bound: tensor([-0.06633908, -0.02940559, -0.07137406, -0.02606642], device='cuda:0')
Current pickout batch: 32768, total pickout batch: 5056862
Domain clipping: area new/prev 0.0000/0.0000 (0.00%), domains verified after shrinking 108, shrunken 0 (0.00%)
Current (lb-rhs): tensor([-0.22708446, -0.18415737, -0.23934233, -0.16758603])
Total time: 0.1141  pickout: 0.0003 split: 0.0005  decision: 0.0000  bounding: 0.0122  filtering: 0.0003  clipping: 0.0006  add_domain: 0.0028  rest: 0.0972
Length of domains: 4990623
5056862 branch and bound domains visited
Cumulative time: 11.931524991989136

Iteration 164
Batch size: 32768
Worst bound: tensor([-0.06633908, -0.02940559, -0.07137406, -0.02606642], device='cuda:0')
Current pickout batch: 32768, total pickout batch: 5089630
Domain clipping: area new/prev 0.0000/0.0000 (0.00%), domains verified after shrinking 108, shrunken 0 (0.00%)
Current (lb-rhs): tensor([-0.22708446, -0.18415737, -0.23934233, -0.16758603])
Total time: 0.1146  pickout: 0.0007 split: 0.0005  decision: 0.0000  bounding: 0.0117  filtering: 0.0001  clipping: 0.0006  add_domain: 0.0032  rest: 0.0976
Length of domains: 5023274
5089630 branch and bound domains visited
Cumulative time: 12.046212196350098

Iteration 165
Batch size: 32768
Worst bound: tensor([-0.06633908, -0.02940559, -0.07137406, -0.02606642], device='cuda:0')
Current pickout batch: 32768, total pickout batch: 5122398
Domain clipping: area new/prev 0.0000/0.0000 (0.00%), domains verified after shrinking 108, shrunken 0 (0.00%)
Current (lb-rhs): tensor([-0.22708446, -0.18415737, -0.23934233, -0.16758603])
Total time: 0.1169  pickout: 0.0003 split: 0.0005  decision: 0.0000  bounding: 0.0127  filtering: 0.0002  clipping: 0.0008  add_domain: 0.0026  rest: 0.0996
Length of domains: 5055925
5122398 branch and bound domains visited
Cumulative time: 12.163223028182983

Iteration 166
Batch size: 32768
Worst bound: tensor([-0.06633908, -0.02940559, -0.07137406, -0.02606642], device='cuda:0')
Current pickout batch: 32768, total pickout batch: 5155166
Domain clipping: area new/prev 0.0000/0.0000 (0.00%), domains verified after shrinking 108, shrunken 0 (0.00%)
Current (lb-rhs): tensor([-0.22708446, -0.18415737, -0.23934233, -0.16758603])
Total time: 0.1143  pickout: 0.0004 split: 0.0005  decision: 0.0000  bounding: 0.0120  filtering: 0.0001  clipping: 0.0006  add_domain: 0.0027  rest: 0.0979
Length of domains: 5088576
5155166 branch and bound domains visited
Cumulative time: 12.277653932571411

Iteration 167
Batch size: 32768
Worst bound: tensor([-0.06633908, -0.02940559, -0.07137406, -0.02606642], device='cuda:0')
Current pickout batch: 32768, total pickout batch: 5187934
Domain clipping: area new/prev 0.0000/0.0000 (0.00%), domains verified after shrinking 108, shrunken 0 (0.00%)
Current (lb-rhs): tensor([-0.22708446, -0.18415737, -0.23934233, -0.16758603])
Total time: 0.1176  pickout: 0.0003 split: 0.0005  decision: 0.0000  bounding: 0.0121  filtering: 0.0001  clipping: 0.0006  add_domain: 0.0033  rest: 0.1004
Length of domains: 5121227
5187934 branch and bound domains visited
Cumulative time: 12.39533519744873

Iteration 168
Batch size: 32768
Worst bound: tensor([-0.06633908, -0.02940559, -0.07137406, -0.02606642], device='cuda:0')
Current pickout batch: 32768, total pickout batch: 5220702
Domain clipping: area new/prev 0.0000/0.0000 (0.00%), domains verified after shrinking 108, shrunken 0 (0.00%)
Current (lb-rhs): tensor([-0.22708446, -0.18415737, -0.23934233, -0.16758603])
Total time: 0.1157  pickout: 0.0003 split: 0.0005  decision: 0.0000  bounding: 0.0119  filtering: 0.0001  clipping: 0.0006  add_domain: 0.0029  rest: 0.0992
Length of domains: 5153878
5220702 branch and bound domains visited
Cumulative time: 12.51112699508667

Iteration 169
Batch size: 32768
Worst bound: tensor([-0.06633908, -0.02940559, -0.07137406, -0.02606642], device='cuda:0')
Current pickout batch: 32768, total pickout batch: 5253470
Domain clipping: area new/prev 0.0000/0.0000 (0.00%), domains verified after shrinking 108, shrunken 0 (0.00%)
Current (lb-rhs): tensor([-0.22708446, -0.18415737, -0.23934233, -0.16758603])
Total time: 0.1174  pickout: 0.0003 split: 0.0005  decision: 0.0000  bounding: 0.0117  filtering: 0.0001  clipping: 0.0008  add_domain: 0.0026  rest: 0.1013
Length of domains: 5186529
5253470 branch and bound domains visited
Cumulative time: 12.628673553466797

Iteration 170
Batch size: 32768
Worst bound: tensor([-0.06633908, -0.02940559, -0.07137406, -0.02606642], device='cuda:0')
Current pickout batch: 32768, total pickout batch: 5286238
Domain clipping: area new/prev 0.0000/0.0000 (0.00%), domains verified after shrinking 108, shrunken 0 (0.00%)
Current (lb-rhs): tensor([-0.22708446, -0.18415737, -0.23934233, -0.16758603])
Total time: 0.1252  pickout: 0.0004 split: 0.0023  decision: 0.0000  bounding: 0.0158  filtering: 0.0002  clipping: 0.0019  add_domain: 0.0034  rest: 0.1011
Length of domains: 5219180
5286238 branch and bound domains visited
Cumulative time: 12.753947734832764

Iteration 171
Batch size: 32768
Worst bound: tensor([-0.06633908, -0.02940559, -0.07137406, -0.02606642], device='cuda:0')
Current pickout batch: 32768, total pickout batch: 5319006
Domain clipping: area new/prev 0.0000/0.0000 (0.00%), domains verified after shrinking 108, shrunken 0 (0.00%)
Current (lb-rhs): tensor([-0.22708446, -0.18415737, -0.23934233, -0.16758603])
Total time: 0.1264  pickout: 0.0003 split: 0.0024  decision: 0.0000  bounding: 0.0174  filtering: 0.0002  clipping: 0.0019  add_domain: 0.0036  rest: 0.1005
Length of domains: 5251831
5319006 branch and bound domains visited
Cumulative time: 12.88050127029419

Iteration 172
Batch size: 32768
Worst bound: tensor([-0.06633908, -0.02940559, -0.07137406, -0.02606642], device='cuda:0')
Current pickout batch: 32768, total pickout batch: 5351774
Domain clipping: area new/prev 0.0000/0.0000 (0.00%), domains verified after shrinking 108, shrunken 0 (0.00%)
Current (lb-rhs): tensor([-0.22708446, -0.18415737, -0.23934233, -0.16758603])
Total time: 0.1306  pickout: 0.0003 split: 0.0023  decision: 0.0000  bounding: 0.0147  filtering: 0.0002  clipping: 0.0021  add_domain: 0.0046  rest: 0.1063
Length of domains: 5284482
5351774 branch and bound domains visited
Cumulative time: 13.011200189590454

Iteration 173
Batch size: 32768
Worst bound: tensor([-0.06633908, -0.02940559, -0.07137406, -0.02606642], device='cuda:0')
Current pickout batch: 32768, total pickout batch: 5384542
Domain clipping: area new/prev 0.0000/0.0000 (0.00%), domains verified after shrinking 108, shrunken 0 (0.00%)
Current (lb-rhs): tensor([-0.22708446, -0.18415737, -0.23934233, -0.16758603])
Total time: 0.1370  pickout: 0.0022 split: 0.0031  decision: 0.0000  bounding: 0.0227  filtering: 0.0001  clipping: 0.0026  add_domain: 0.0037  rest: 0.1023
Length of domains: 5317133
5384542 branch and bound domains visited
Cumulative time: 13.148316144943237

Iteration 174
Batch size: 32768
Worst bound: tensor([-0.06633908, -0.02940559, -0.07137406, -0.02606642], device='cuda:0')
Current pickout batch: 32768, total pickout batch: 5417310
Domain clipping: area new/prev 0.0000/0.0000 (0.00%), domains verified after shrinking 108, shrunken 0 (0.00%)
Current (lb-rhs): tensor([-0.22708446, -0.18415737, -0.23934233, -0.16758603])
Total time: 0.1527  pickout: 0.0014 split: 0.0065  decision: 0.0000  bounding: 0.0251  filtering: 0.0002  clipping: 0.0059  add_domain: 0.0068  rest: 0.1067
Length of domains: 5349784
5417310 branch and bound domains visited
Cumulative time: 13.301188945770264

Iteration 175
Batch size: 32768
Worst bound: tensor([-0.06633908, -0.02940559, -0.07137406, -0.02606642], device='cuda:0')
Current pickout batch: 32768, total pickout batch: 5450078
Domain clipping: area new/prev 0.0000/0.0000 (0.00%), domains verified after shrinking 108, shrunken 0 (0.00%)
Current (lb-rhs): tensor([-0.22708446, -0.18415737, -0.23934233, -0.16758603])
Total time: 0.1279  pickout: 0.0003 split: 0.0025  decision: 0.0000  bounding: 0.0157  filtering: 0.0001  clipping: 0.0022  add_domain: 0.0042  rest: 0.1027
Length of domains: 5382435
5450078 branch and bound domains visited
Cumulative time: 13.42918872833252

Iteration 176
Batch size: 32768
Worst bound: tensor([-0.06633908, -0.02940559, -0.07137406, -0.02606642], device='cuda:0')
Current pickout batch: 32768, total pickout batch: 5482846
Domain clipping: area new/prev 0.0000/0.0000 (0.00%), domains verified after shrinking 108, shrunken 0 (0.00%)
Current (lb-rhs): tensor([-0.22708446, -0.18415737, -0.23934233, -0.16758603])
Total time: 0.1356  pickout: 0.0003 split: 0.0034  decision: 0.0000  bounding: 0.0181  filtering: 0.0002  clipping: 0.0028  add_domain: 0.0037  rest: 0.1068
Length of domains: 5415086
5482846 branch and bound domains visited
Cumulative time: 13.564852237701416

Iteration 177
Batch size: 32768
Worst bound: tensor([-0.06633908, -0.02940559, -0.07137406, -0.02606642], device='cuda:0')
Current pickout batch: 32768, total pickout batch: 5515614
Domain clipping: area new/prev 0.0000/0.0000 (0.00%), domains verified after shrinking 108, shrunken 0 (0.00%)
Current (lb-rhs): tensor([-0.22708446, -0.18415737, -0.23934233, -0.16758603])
Total time: 0.1520  pickout: 0.0012 split: 0.0062  decision: 0.0000  bounding: 0.0246  filtering: 0.0008  clipping: 0.0061  add_domain: 0.0061  rest: 0.1070
Length of domains: 5447737
5515614 branch and bound domains visited
Cumulative time: 13.716941833496094

Iteration 178
Batch size: 32768
Worst bound: tensor([-0.06633908, -0.02940559, -0.07137406, -0.02606642], device='cuda:0')
Current pickout batch: 32768, total pickout batch: 5548382
Domain clipping: area new/prev 0.0000/0.0000 (0.00%), domains verified after shrinking 108, shrunken 0 (0.00%)
Current (lb-rhs): tensor([-0.22708446, -0.18415737, -0.23934233, -0.16758603])
Total time: 0.1337  pickout: 0.0004 split: 0.0025  decision: 0.0000  bounding: 0.0160  filtering: 0.0002  clipping: 0.0019  add_domain: 0.0036  rest: 0.1090
Length of domains: 5480388
5548382 branch and bound domains visited
Cumulative time: 13.850812911987305

Iteration 179
Batch size: 32768
Worst bound: tensor([-0.06633908, -0.02940559, -0.07137406, -0.02606642], device='cuda:0')
Current pickout batch: 32768, total pickout batch: 5581150
Domain clipping: area new/prev 0.0000/0.0000 (0.00%), domains verified after shrinking 108, shrunken 0 (0.00%)
Current (lb-rhs): tensor([-0.22708446, -0.18415737, -0.23934233, -0.16758603])
Total time: 0.1333  pickout: 0.0005 split: 0.0035  decision: 0.0000  bounding: 0.0171  filtering: 0.0003  clipping: 0.0027  add_domain: 0.0038  rest: 0.1053
Length of domains: 5513039
5581150 branch and bound domains visited
Cumulative time: 13.984275579452515

Iteration 180
Batch size: 32768
Worst bound: tensor([-0.06633908, -0.02940559, -0.07137406, -0.02606642], device='cuda:0')
Current pickout batch: 32768, total pickout batch: 5613918
Domain clipping: area new/prev 0.0000/0.0000 (0.00%), domains verified after shrinking 108, shrunken 0 (0.00%)
Current (lb-rhs): tensor([-0.22708446, -0.18415737, -0.23934233, -0.16758603])
Total time: 0.1592  pickout: 0.0004 split: 0.0069  decision: 0.0000  bounding: 0.0275  filtering: 0.0003  clipping: 0.0047  add_domain: 0.0084  rest: 0.1109
Length of domains: 5545690
5613918 branch and bound domains visited
Cumulative time: 14.143640279769897

Iteration 181
Batch size: 32768
Worst bound: tensor([-0.06633908, -0.02940559, -0.07137406, -0.02606642], device='cuda:0')
Current pickout batch: 32768, total pickout batch: 5646686
Domain clipping: area new/prev 0.0000/0.0000 (0.00%), domains verified after shrinking 108, shrunken 0 (0.00%)
Current (lb-rhs): tensor([-0.22708446, -0.18415737, -0.23934233, -0.16758603])
Total time: 0.1305  pickout: 0.0005 split: 0.0023  decision: 0.0000  bounding: 0.0146  filtering: 0.0002  clipping: 0.0021  add_domain: 0.0032  rest: 0.1075
Length of domains: 5578341
5646686 branch and bound domains visited
Cumulative time: 14.27426552772522

Iteration 182
Batch size: 32768
Worst bound: tensor([-0.06633908, -0.02940559, -0.07137406, -0.02606642], device='cuda:0')
Current pickout batch: 32768, total pickout batch: 5679454
Domain clipping: area new/prev 0.0000/0.0000 (0.00%), domains verified after shrinking 108, shrunken 0 (0.00%)
Current (lb-rhs): tensor([-0.22708446, -0.18415737, -0.23934233, -0.16758603])
Total time: 0.1376  pickout: 0.0003 split: 0.0026  decision: 0.0000  bounding: 0.0198  filtering: 0.0003  clipping: 0.0023  add_domain: 0.0039  rest: 0.1082
Length of domains: 5610992
5679454 branch and bound domains visited
Cumulative time: 14.411953210830688

Iteration 183
Batch size: 32768
Worst bound: tensor([-0.06633908, -0.02940559, -0.07137406, -0.02606642], device='cuda:0')
Current pickout batch: 32768, total pickout batch: 5712222
Domain clipping: area new/prev 0.0000/0.0000 (0.00%), domains verified after shrinking 108, shrunken 0 (0.00%)
Current (lb-rhs): tensor([-0.22708446, -0.18415737, -0.23934233, -0.16758603])
Total time: 0.1457  pickout: 0.0004 split: 0.0026  decision: 0.0000  bounding: 0.0263  filtering: 0.0002  clipping: 0.0021  add_domain: 0.0036  rest: 0.1105
Length of domains: 5643643
5712222 branch and bound domains visited
Cumulative time: 14.557806015014648

Iteration 184
Batch size: 32768
Worst bound: tensor([-0.06633908, -0.02940559, -0.07137406, -0.02606642], device='cuda:0')
Current pickout batch: 32768, total pickout batch: 5744990
Domain clipping: area new/prev 0.0000/0.0000 (0.00%), domains verified after shrinking 108, shrunken 0 (0.00%)
Current (lb-rhs): tensor([-0.22708446, -0.18415737, -0.23934233, -0.16758603])
Total time: 0.1427  pickout: 0.0004 split: 0.0055  decision: 0.0000  bounding: 0.0179  filtering: 0.0002  clipping: 0.0032  add_domain: 0.0058  rest: 0.1096
Length of domains: 5676294
5744990 branch and bound domains visited
Cumulative time: 14.700579643249512

Iteration 185
Batch size: 32768
Worst bound: tensor([-0.06633908, -0.02940559, -0.07137406, -0.02606642], device='cuda:0')
Current pickout batch: 32768, total pickout batch: 5777758
Domain clipping: area new/prev 0.0000/0.0000 (0.00%), domains verified after shrinking 108, shrunken 0 (0.00%)
Current (lb-rhs): tensor([-0.22708446, -0.18415737, -0.23934233, -0.16758603])
Total time: 0.1607  pickout: 0.0007 split: 0.0066  decision: 0.0000  bounding: 0.0287  filtering: 0.0003  clipping: 0.0059  add_domain: 0.0065  rest: 0.1119
Length of domains: 5708945
5777758 branch and bound domains visited
Cumulative time: 14.86140513420105

Iteration 186
Batch size: 32768
Worst bound: tensor([-0.06633908, -0.02940559, -0.07137406, -0.02606642], device='cuda:0')
Current pickout batch: 32768, total pickout batch: 5810526
Domain clipping: area new/prev 0.0000/0.0000 (0.00%), domains verified after shrinking 108, shrunken 0 (0.00%)
Current (lb-rhs): tensor([-0.22708446, -0.18415737, -0.23934233, -0.16758603])
Total time: 0.1336  pickout: 0.0003 split: 0.0016  decision: 0.0000  bounding: 0.0159  filtering: 0.0001  clipping: 0.0018  add_domain: 0.0032  rest: 0.1105
Length of domains: 5741596
5810526 branch and bound domains visited
Cumulative time: 14.995124101638794

Iteration 187
Batch size: 32768
Worst bound: tensor([-0.06633908, -0.02940559, -0.07137406, -0.02606642], device='cuda:0')
Current pickout batch: 32768, total pickout batch: 5843294
Domain clipping: area new/prev 0.0000/0.0000 (0.00%), domains verified after shrinking 108, shrunken 0 (0.00%)
Current (lb-rhs): tensor([-0.22708446, -0.18415737, -0.23934233, -0.16758603])
Total time: 0.1415  pickout: 0.0005 split: 0.0034  decision: 0.0000  bounding: 0.0178  filtering: 0.0002  clipping: 0.0033  add_domain: 0.0040  rest: 0.1122
Length of domains: 5774247
5843294 branch and bound domains visited
Cumulative time: 15.136780738830566

Iteration 188
Batch size: 32768
Worst bound: tensor([-0.06633908, -0.02940559, -0.07137406, -0.02606642], device='cuda:0')
Current pickout batch: 32768, total pickout batch: 5876062
Domain clipping: area new/prev 0.0000/0.0000 (0.00%), domains verified after shrinking 108, shrunken 0 (0.00%)
Current (lb-rhs): tensor([-0.22708446, -0.18415737, -0.23934233, -0.16758603])
Total time: 0.1666  pickout: 0.0025 split: 0.0067  decision: 0.0000  bounding: 0.0250  filtering: 0.0003  clipping: 0.0060  add_domain: 0.0067  rest: 0.1192
Length of domains: 5806898
5876062 branch and bound domains visited
Cumulative time: 15.303452730178833

Iteration 189
Batch size: 32768
Worst bound: tensor([-0.06633908, -0.02940559, -0.07137406, -0.02606642], device='cuda:0')
Current pickout batch: 32768, total pickout batch: 5908830
Domain clipping: area new/prev 0.0000/0.0000 (0.00%), domains verified after shrinking 108, shrunken 0 (0.00%)
Current (lb-rhs): tensor([-0.22708446, -0.18415737, -0.23934233, -0.16758603])
Total time: 0.1380  pickout: 0.0003 split: 0.0023  decision: 0.0000  bounding: 0.0166  filtering: 0.0002  clipping: 0.0023  add_domain: 0.0033  rest: 0.1130
Length of domains: 5839549
5908830 branch and bound domains visited
Cumulative time: 15.441539287567139

Iteration 190
Batch size: 32768
Worst bound: tensor([-0.06633908, -0.02940559, -0.07137406, -0.02606642], device='cuda:0')
Current pickout batch: 32768, total pickout batch: 5941598
Domain clipping: area new/prev 0.0000/0.0000 (0.00%), domains verified after shrinking 108, shrunken 0 (0.00%)
Current (lb-rhs): tensor([-0.22708446, -0.18415737, -0.23934233, -0.16758603])
Total time: 0.1426  pickout: 0.0005 split: 0.0034  decision: 0.0000  bounding: 0.0185  filtering: 0.0003  clipping: 0.0025  add_domain: 0.0040  rest: 0.1134
Length of domains: 5872200
5941598 branch and bound domains visited
Cumulative time: 15.584274053573608

Iteration 191
Batch size: 32768
Worst bound: tensor([-0.06633908, -0.02940559, -0.07137406, -0.02606642], device='cuda:0')
Current pickout batch: 32768, total pickout batch: 5974366
Domain clipping: area new/prev 0.0000/0.0000 (0.00%), domains verified after shrinking 108, shrunken 0 (0.00%)
Current (lb-rhs): tensor([-0.22708446, -0.18415737, -0.23934233, -0.16758603])
Total time: 0.1530  pickout: 0.0010 split: 0.0030  decision: 0.0000  bounding: 0.0268  filtering: 0.0003  clipping: 0.0021  add_domain: 0.0039  rest: 0.1157
Length of domains: 5904851
5974366 branch and bound domains visited
Cumulative time: 15.737404823303223

Iteration 192
Batch size: 32768
Worst bound: tensor([-0.06633908, -0.02940559, -0.07137406, -0.02606642], device='cuda:0')
Current pickout batch: 32768, total pickout batch: 6007134
Domain clipping: area new/prev 0.0000/0.0000 (0.00%), domains verified after shrinking 108, shrunken 0 (0.00%)
Current (lb-rhs): tensor([-0.22708446, -0.18415737, -0.23934233, -0.16758603])
Total time: 0.1500  pickout: 0.0004 split: 0.0060  decision: 0.0000  bounding: 0.0211  filtering: 0.0002  clipping: 0.0021  add_domain: 0.0035  rest: 0.1166
Length of domains: 5937502
6007134 branch and bound domains visited
Cumulative time: 15.887555599212646

Iteration 193
Batch size: 32768
Worst bound: tensor([-0.06633908, -0.02940559, -0.07137406, -0.02606642], device='cuda:0')
Current pickout batch: 32768, total pickout batch: 6039902
Domain clipping: area new/prev 0.0000/0.0000 (0.00%), domains verified after shrinking 108, shrunken 0 (0.00%)
Current (lb-rhs): tensor([-0.22708446, -0.18415737, -0.23934233, -0.16758603])
Total time: 0.1658  pickout: 0.0005 split: 0.0068  decision: 0.0000  bounding: 0.0269  filtering: 0.0002  clipping: 0.0061  add_domain: 0.0067  rest: 0.1184
Length of domains: 5970153
6039902 branch and bound domains visited
Cumulative time: 16.05342721939087

Iteration 194
Batch size: 32768
Worst bound: tensor([-0.06633908, -0.02940559, -0.07137406, -0.02606642], device='cuda:0')
Current pickout batch: 32768, total pickout batch: 6072670
Domain clipping: area new/prev 0.0000/0.0000 (0.00%), domains verified after shrinking 108, shrunken 0 (0.00%)
Current (lb-rhs): tensor([-0.22708446, -0.18415737, -0.23934233, -0.16758603])
Total time: 0.1386  pickout: 0.0005 split: 0.0023  decision: 0.0000  bounding: 0.0155  filtering: 0.0002  clipping: 0.0020  add_domain: 0.0037  rest: 0.1142
Length of domains: 6002804
6072670 branch and bound domains visited
Cumulative time: 16.192134380340576

Iteration 195
Batch size: 32768
Worst bound: tensor([-0.06633908, -0.02940559, -0.07137406, -0.02606642], device='cuda:0')
Current pickout batch: 32768, total pickout batch: 6105438
Domain clipping: area new/prev 0.0000/0.0000 (0.00%), domains verified after shrinking 108, shrunken 0 (0.00%)
Current (lb-rhs): tensor([-0.22708446, -0.18415737, -0.23934233, -0.16758603])
Total time: 0.1468  pickout: 0.0004 split: 0.0035  decision: 0.0000  bounding: 0.0175  filtering: 0.0003  clipping: 0.0027  add_domain: 0.0039  rest: 0.1184
Length of domains: 6035455
6105438 branch and bound domains visited
Cumulative time: 16.339082717895508

Iteration 196
Batch size: 32768
Worst bound: tensor([-0.06633908, -0.02940559, -0.07137406, -0.02606642], device='cuda:0')
Current pickout batch: 32768, total pickout batch: 6138206
Domain clipping: area new/prev 0.0000/0.0000 (0.00%), domains verified after shrinking 108, shrunken 0 (0.00%)
Current (lb-rhs): tensor([-0.22708446, -0.18415737, -0.23934233, -0.16758603])
Total time: 0.1497  pickout: 0.0018 split: 0.0053  decision: 0.0000  bounding: 0.0212  filtering: 0.0002  clipping: 0.0012  add_domain: 0.0037  rest: 0.1161
Length of domains: 6068106
6138206 branch and bound domains visited
Cumulative time: 16.488905906677246

Iteration 197
Batch size: 32768
Worst bound: tensor([-0.06633908, -0.02940559, -0.07137406, -0.02606642], device='cuda:0')
Current pickout batch: 32768, total pickout batch: 6170974
Domain clipping: area new/prev 0.0000/0.0000 (0.00%), domains verified after shrinking 108, shrunken 0 (0.00%)
Current (lb-rhs): tensor([-0.22708446, -0.18415737, -0.23934233, -0.16758603])
Total time: 0.1439  pickout: 0.0003 split: 0.0015  decision: 0.0000  bounding: 0.0173  filtering: 0.0003  clipping: 0.0045  add_domain: 0.0029  rest: 0.1170
Length of domains: 6100757
6170974 branch and bound domains visited
Cumulative time: 16.632923126220703

Iteration 198
Batch size: 32768
Worst bound: tensor([-0.06633908, -0.02940559, -0.07137406, -0.02606642], device='cuda:0')
Current pickout batch: 32768, total pickout batch: 6203742
Domain clipping: area new/prev 0.0000/0.0000 (0.00%), domains verified after shrinking 108, shrunken 0 (0.00%)
Current (lb-rhs): tensor([-0.22708446, -0.18415737, -0.23934233, -0.16758603])
Total time: 0.1409  pickout: 0.0005 split: 0.0005  decision: 0.0000  bounding: 0.0126  filtering: 0.0001  clipping: 0.0006  add_domain: 0.0029  rest: 0.1236
Length of domains: 6133408
6203742 branch and bound domains visited
Cumulative time: 16.773942947387695

Iteration 199
Batch size: 32768
Worst bound: tensor([-0.06633908, -0.02940559, -0.07137406, -0.02606642], device='cuda:0')
Current pickout batch: 32768, total pickout batch: 6236510
Domain clipping: area new/prev 0.0000/0.0000 (0.00%), domains verified after shrinking 108, shrunken 0 (0.00%)
Current (lb-rhs): tensor([-0.22708446, -0.18415737, -0.23934233, -0.16758603])
Total time: 0.1526  pickout: 0.0003 split: 0.0015  decision: 0.0000  bounding: 0.0195  filtering: 0.0003  clipping: 0.0045  add_domain: 0.0033  rest: 0.1231
Length of domains: 6166059
6236510 branch and bound domains visited
Cumulative time: 16.92668604850769

Iteration 200
Batch size: 32768
Worst bound: tensor([-0.06633908, -0.02940559, -0.07137406, -0.02606642], device='cuda:0')
Current pickout batch: 32768, total pickout batch: 6269278
Domain clipping: area new/prev 0.0000/0.0000 (0.00%), domains verified after shrinking 108, shrunken 0 (0.00%)
Current (lb-rhs): tensor([-0.22708446, -0.18415737, -0.23934233, -0.16758603])
Total time: 0.1397  pickout: 0.0003 split: 0.0005  decision: 0.0000  bounding: 0.0121  filtering: 0.0001  clipping: 0.0006  add_domain: 0.0030  rest: 0.1228
Length of domains: 6198710
6269278 branch and bound domains visited
Cumulative time: 17.066537618637085

Iteration 201
Batch size: 32768
Worst bound: tensor([-0.06633908, -0.02940559, -0.07137406, -0.02606642], device='cuda:0')
Current pickout batch: 32768, total pickout batch: 6302046
Domain clipping: area new/prev 0.0000/0.0000 (0.00%), domains verified after shrinking 108, shrunken 0 (0.00%)
Current (lb-rhs): tensor([-0.22708446, -0.18415737, -0.23934233, -0.16758603])
Total time: 0.1525  pickout: 0.0004 split: 0.0021  decision: 0.0000  bounding: 0.0188  filtering: 0.0002  clipping: 0.0017  add_domain: 0.0033  rest: 0.1258
Length of domains: 6231361
6302046 branch and bound domains visited
Cumulative time: 17.219158172607422

Iteration 202
Batch size: 32768
Worst bound: tensor([-0.06633908, -0.02940559, -0.07137406, -0.02606642], device='cuda:0')
Current pickout batch: 32768, total pickout batch: 6334814
Domain clipping: area new/prev 0.0000/0.0000 (0.00%), domains verified after shrinking 108, shrunken 0 (0.00%)
Current (lb-rhs): tensor([-0.22708446, -0.18415737, -0.23934233, -0.16758603])
Total time: 0.1409  pickout: 0.0003 split: 0.0005  decision: 0.0000  bounding: 0.0120  filtering: 0.0001  clipping: 0.0006  add_domain: 0.0033  rest: 0.1239
Length of domains: 6264012
6334814 branch and bound domains visited
Cumulative time: 17.360207557678223

Iteration 203
Batch size: 32768
Worst bound: tensor([-0.06633908, -0.02940559, -0.07137406, -0.02606642], device='cuda:0')
Current pickout batch: 32768, total pickout batch: 6367582
Domain clipping: area new/prev 0.0000/0.0000 (0.00%), domains verified after shrinking 108, shrunken 0 (0.00%)
Current (lb-rhs): tensor([-0.22708446, -0.18415737, -0.23934233, -0.16758603])
Total time: 0.6174  pickout: 0.0003 split: 0.0046  decision: 0.0000  bounding: 0.0204  filtering: 0.0002  clipping: 0.0047  add_domain: 0.4601  rest: 0.1270
Length of domains: 6296663
6367582 branch and bound domains visited
Cumulative time: 17.97773551940918

Iteration 204
Batch size: 32768
Worst bound: tensor([-0.06633908, -0.02940559, -0.07137406, -0.02606642], device='cuda:0')
Current pickout batch: 32768, total pickout batch: 6400350
Domain clipping: area new/prev 0.0000/0.0000 (0.00%), domains verified after shrinking 108, shrunken 0 (0.00%)
Current (lb-rhs): tensor([-0.22708446, -0.18415737, -0.23934233, -0.16758603])
Total time: 0.1655  pickout: 0.0017 split: 0.0032  decision: 0.0000  bounding: 0.0217  filtering: 0.0002  clipping: 0.0030  add_domain: 0.0059  rest: 0.1295
Length of domains: 6329314
6400350 branch and bound domains visited
Cumulative time: 18.143303394317627

Iteration 205
Batch size: 32768
Worst bound: tensor([-0.06633908, -0.02940559, -0.07137406, -0.02606642], device='cuda:0')
Current pickout batch: 32768, total pickout batch: 6433118
Domain clipping: area new/prev 0.0000/0.0000 (0.00%), domains verified after shrinking 108, shrunken 0 (0.00%)
Current (lb-rhs): tensor([-0.22708446, -0.18415737, -0.23934233, -0.16758603])
Total time: 0.1439  pickout: 0.0003 split: 0.0006  decision: 0.0000  bounding: 0.0118  filtering: 0.0001  clipping: 0.0006  add_domain: 0.0031  rest: 0.1272
Length of domains: 6361965
6433118 branch and bound domains visited
Cumulative time: 18.28733801841736

Iteration 206
Batch size: 32768
Worst bound: tensor([-0.06633908, -0.02940559, -0.07137406, -0.02606642], device='cuda:0')
Current pickout batch: 32768, total pickout batch: 6465886
Domain clipping: area new/prev 0.0000/0.0000 (0.00%), domains verified after shrinking 108, shrunken 0 (0.00%)
Current (lb-rhs): tensor([-0.22708446, -0.18415737, -0.23934233, -0.16758603])
Total time: 0.1686  pickout: 0.0008 split: 0.0031  decision: 0.0000  bounding: 0.0240  filtering: 0.0002  clipping: 0.0035  add_domain: 0.0063  rest: 0.1305
Length of domains: 6394616
6465886 branch and bound domains visited
Cumulative time: 18.456085205078125

Iteration 207
Batch size: 32768
Worst bound: tensor([-0.06633908, -0.02940559, -0.07137406, -0.02606642], device='cuda:0')
Current pickout batch: 32768, total pickout batch: 6498654
Domain clipping: area new/prev 0.0000/0.0000 (0.00%), domains verified after shrinking 108, shrunken 0 (0.00%)
Current (lb-rhs): tensor([-0.22708446, -0.18415737, -0.23934233, -0.16758603])
Total time: 0.1450  pickout: 0.0003 split: 0.0006  decision: 0.0000  bounding: 0.0121  filtering: 0.0001  clipping: 0.0006  add_domain: 0.0039  rest: 0.1272
Length of domains: 6427267
6498654 branch and bound domains visited
Cumulative time: 18.601155042648315

Iteration 208
Batch size: 32768
Worst bound: tensor([-0.06633908, -0.02940559, -0.07137406, -0.02606642], device='cuda:0')
Current pickout batch: 32768, total pickout batch: 6531422
Domain clipping: area new/prev 0.0000/0.0000 (0.00%), domains verified after shrinking 108, shrunken 0 (0.00%)
Current (lb-rhs): tensor([-0.22708446, -0.18415737, -0.23934233, -0.16758603])
Total time: 0.1573  pickout: 0.0009 split: 0.0008  decision: 0.0001  bounding: 0.0207  filtering: 0.0001  clipping: 0.0009  add_domain: 0.0044  rest: 0.1293
Length of domains: 6459918
6531422 branch and bound domains visited
Cumulative time: 18.758562564849854

Iteration 209
Batch size: 32768
Worst bound: tensor([-0.06633908, -0.02940559, -0.07137406, -0.02606642], device='cuda:0')
Current pickout batch: 32768, total pickout batch: 6564190
Domain clipping: area new/prev 0.0000/0.0000 (0.00%), domains verified after shrinking 108, shrunken 0 (0.00%)
Current (lb-rhs): tensor([-0.22708446, -0.18415737, -0.23934233, -0.16758603])
Total time: 0.1507  pickout: 0.0003 split: 0.0018  decision: 0.0000  bounding: 0.0124  filtering: 0.0001  clipping: 0.0018  add_domain: 0.0054  rest: 0.1287
Length of domains: 6492569
6564190 branch and bound domains visited
Cumulative time: 18.909361839294434

Iteration 210
Batch size: 32768
Worst bound: tensor([-0.06633908, -0.02940559, -0.07137406, -0.02606642], device='cuda:0')
Current pickout batch: 32768, total pickout batch: 6596958
Domain clipping: area new/prev 0.0000/0.0000 (0.00%), domains verified after shrinking 108, shrunken 0 (0.00%)
Current (lb-rhs): tensor([-0.22708446, -0.18415737, -0.23934233, -0.16758603])
Total time: 0.1465  pickout: 0.0007 split: 0.0006  decision: 0.0000  bounding: 0.0132  filtering: 0.0001  clipping: 0.0006  add_domain: 0.0034  rest: 0.1277
Length of domains: 6525220
6596958 branch and bound domains visited
Cumulative time: 19.055999279022217

Iteration 211
Batch size: 32768
Worst bound: tensor([-0.06633908, -0.02940559, -0.07137406, -0.02606642], device='cuda:0')
Current pickout batch: 32768, total pickout batch: 6629726
Domain clipping: area new/prev 0.0000/0.0000 (0.00%), domains verified after shrinking 108, shrunken 0 (0.00%)
Current (lb-rhs): tensor([-0.22708446, -0.18415737, -0.23934233, -0.16758603])
Total time: 0.1516  pickout: 0.0004 split: 0.0021  decision: 0.0000  bounding: 0.0195  filtering: 0.0002  clipping: 0.0017  add_domain: 0.0032  rest: 0.1244
Length of domains: 6557871
6629726 branch and bound domains visited
Cumulative time: 19.20768713951111

Iteration 212
Batch size: 32768
Worst bound: tensor([-0.06633908, -0.02940559, -0.07137406, -0.02606642], device='cuda:0')
Current pickout batch: 32768, total pickout batch: 6662494
Domain clipping: area new/prev 0.0000/0.0000 (0.00%), domains verified after shrinking 108, shrunken 0 (0.00%)
Current (lb-rhs): tensor([-0.22708446, -0.18415737, -0.23934233, -0.16758603])
Total time: 0.1396  pickout: 0.0003 split: 0.0005  decision: 0.0000  bounding: 0.0117  filtering: 0.0001  clipping: 0.0006  add_domain: 0.0027  rest: 0.1236
Length of domains: 6590522
6662494 branch and bound domains visited
Cumulative time: 19.347365617752075

Iteration 213
Batch size: 32768
Worst bound: tensor([-0.06633908, -0.02940559, -0.07137406, -0.02606642], device='cuda:0')
Current pickout batch: 32768, total pickout batch: 6695262
Domain clipping: area new/prev 0.0000/0.0000 (0.00%), domains verified after shrinking 108, shrunken 0 (0.00%)
Current (lb-rhs): tensor([-0.22708446, -0.18415737, -0.23934233, -0.16758603])
Total time: 0.1499  pickout: 0.0004 split: 0.0021  decision: 0.0000  bounding: 0.0173  filtering: 0.0001  clipping: 0.0017  add_domain: 0.0032  rest: 0.1249
Length of domains: 6623173
6695262 branch and bound domains visited
Cumulative time: 19.497352361679077

Iteration 214
Batch size: 32768
Worst bound: tensor([-0.06633908, -0.02940559, -0.07137406, -0.02606642], device='cuda:0')
Current pickout batch: 32768, total pickout batch: 6728030
Domain clipping: area new/prev 0.0000/0.0000 (0.00%), domains verified after shrinking 108, shrunken 0 (0.00%)
Current (lb-rhs): tensor([-0.22708446, -0.18415737, -0.23934233, -0.16758603])
Total time: 0.1421  pickout: 0.0003 split: 0.0005  decision: 0.0000  bounding: 0.0117  filtering: 0.0001  clipping: 0.0006  add_domain: 0.0034  rest: 0.1254
Length of domains: 6655824
6728030 branch and bound domains visited
Cumulative time: 19.639611959457397

Iteration 215
Batch size: 32768
Worst bound: tensor([-0.06633908, -0.02940559, -0.07137406, -0.02606642], device='cuda:0')
Current pickout batch: 32768, total pickout batch: 6760798
Domain clipping: area new/prev 0.0000/0.0000 (0.00%), domains verified after shrinking 108, shrunken 0 (0.00%)
Current (lb-rhs): tensor([-0.22708446, -0.18415737, -0.23934233, -0.16758603])
Total time: 0.1549  pickout: 0.0003 split: 0.0050  decision: 0.0000  bounding: 0.0152  filtering: 0.0002  clipping: 0.0020  add_domain: 0.0065  rest: 0.1256
Length of domains: 6688475
6760798 branch and bound domains visited
Cumulative time: 19.794647216796875

Iteration 216
Batch size: 32768
Worst bound: tensor([-0.06633908, -0.02940559, -0.07137406, -0.02606642], device='cuda:0')
Current pickout batch: 32768, total pickout batch: 6793566
Domain clipping: area new/prev 0.0000/0.0000 (0.00%), domains verified after shrinking 108, shrunken 0 (0.00%)
Current (lb-rhs): tensor([-0.22708446, -0.18415737, -0.23934233, -0.16758603])
Total time: 0.1429  pickout: 0.0003 split: 0.0006  decision: 0.0000  bounding: 0.0122  filtering: 0.0001  clipping: 0.0006  add_domain: 0.0030  rest: 0.1260
Length of domains: 6721126
6793566 branch and bound domains visited
Cumulative time: 19.9376859664917

Iteration 217
Batch size: 32768
Worst bound: tensor([-0.06633908, -0.02940559, -0.07137406, -0.02606642], device='cuda:0')
Current pickout batch: 32768, total pickout batch: 6826334
Domain clipping: area new/prev 0.0000/0.0000 (0.00%), domains verified after shrinking 108, shrunken 0 (0.00%)
Current (lb-rhs): tensor([-0.22708446, -0.18415737, -0.23934233, -0.16758603])
Total time: 0.1742  pickout: 0.0011 split: 0.0052  decision: 0.0000  bounding: 0.0258  filtering: 0.0003  clipping: 0.0048  add_domain: 0.0073  rest: 0.1296
Length of domains: 6753777
6826334 branch and bound domains visited
Cumulative time: 20.112008094787598

Iteration 218
Batch size: 32768
Worst bound: tensor([-0.06633908, -0.02940559, -0.07137406, -0.02606642], device='cuda:0')
Current pickout batch: 32768, total pickout batch: 6859102
Domain clipping: area new/prev 0.0000/0.0000 (0.00%), domains verified after shrinking 108, shrunken 0 (0.00%)
Current (lb-rhs): tensor([-0.22708446, -0.18415737, -0.23934233, -0.16758603])
Total time: 0.1433  pickout: 0.0003 split: 0.0005  decision: 0.0000  bounding: 0.0122  filtering: 0.0002  clipping: 0.0008  add_domain: 0.0029  rest: 0.1264
Length of domains: 6786428
6859102 branch and bound domains visited
Cumulative time: 20.25544810295105

Iteration 219
Batch size: 32768
Worst bound: tensor([-0.06633908, -0.02940559, -0.07137406, -0.02606642], device='cuda:0')
Current pickout batch: 32768, total pickout batch: 6891870
Domain clipping: area new/prev 0.0000/0.0000 (0.00%), domains verified after shrinking 108, shrunken 0 (0.00%)
Current (lb-rhs): tensor([-0.22708446, -0.18415737, -0.23934233, -0.16758603])
Total time: 0.1659  pickout: 0.0004 split: 0.0051  decision: 0.0000  bounding: 0.0231  filtering: 0.0002  clipping: 0.0019  add_domain: 0.0065  rest: 0.1285
Length of domains: 6819079
6891870 branch and bound domains visited
Cumulative time: 20.421442985534668

Iteration 220
Batch size: 32768
Worst bound: tensor([-0.06633908, -0.02940559, -0.07137406, -0.02606642], device='cuda:0')
Current pickout batch: 32768, total pickout batch: 6924638
Domain clipping: area new/prev 0.0000/0.0000 (0.00%), domains verified after shrinking 108, shrunken 0 (0.00%)
Current (lb-rhs): tensor([-0.22708446, -0.18415737, -0.23934233, -0.16758603])
Total time: 0.1440  pickout: 0.0003 split: 0.0005  decision: 0.0000  bounding: 0.0122  filtering: 0.0001  clipping: 0.0006  add_domain: 0.0026  rest: 0.1275
Length of domains: 6851730
6924638 branch and bound domains visited
Cumulative time: 20.565523624420166

Iteration 221
Batch size: 32768
Worst bound: tensor([-0.06633908, -0.02940559, -0.07137406, -0.02606642], device='cuda:0')
Current pickout batch: 32768, total pickout batch: 6957406
Domain clipping: area new/prev 0.0000/0.0000 (0.00%), domains verified after shrinking 108, shrunken 0 (0.00%)
Current (lb-rhs): tensor([-0.22708446, -0.18415737, -0.23934233, -0.16758603])
Total time: 0.1730  pickout: 0.0011 split: 0.0066  decision: 0.0000  bounding: 0.0244  filtering: 0.0003  clipping: 0.0058  add_domain: 0.0048  rest: 0.1297
Length of domains: 6884381
6957406 branch and bound domains visited
Cumulative time: 20.73860740661621

Iteration 222
Batch size: 32768
Worst bound: tensor([-0.06633908, -0.02940559, -0.07137406, -0.02606642], device='cuda:0')
Current pickout batch: 32768, total pickout batch: 6990174
Domain clipping: area new/prev 0.0000/0.0000 (0.00%), domains verified after shrinking 108, shrunken 0 (0.00%)
Current (lb-rhs): tensor([-0.22708446, -0.18415737, -0.23934233, -0.16758603])
Total time: 0.1650  pickout: 0.0004 split: 0.0035  decision: 0.0000  bounding: 0.0221  filtering: 0.0001  clipping: 0.0055  add_domain: 0.0055  rest: 0.1278
Length of domains: 6917032
6990174 branch and bound domains visited
Cumulative time: 20.903708934783936

Iteration 223
Batch size: 32768
Worst bound: tensor([-0.06633908, -0.02940559, -0.07137406, -0.02606642], device='cuda:0')
Current pickout batch: 32768, total pickout batch: 7022942
Domain clipping: area new/prev 0.0000/0.0000 (0.00%), domains verified after shrinking 108, shrunken 0 (0.00%)
Current (lb-rhs): tensor([-0.22708446, -0.18415737, -0.23934233, -0.16758603])
Total time: 0.1775  pickout: 0.0004 split: 0.0068  decision: 0.0000  bounding: 0.0263  filtering: 0.0003  clipping: 0.0060  add_domain: 0.0062  rest: 0.1312
Length of domains: 6949683
7022942 branch and bound domains visited
Cumulative time: 21.08131432533264

Iteration 224
Batch size: 32768
Worst bound: tensor([-0.06633908, -0.02940559, -0.07137406, -0.02606642], device='cuda:0')
Current pickout batch: 32768, total pickout batch: 7055710
Domain clipping: area new/prev 0.0000/0.0000 (0.00%), domains verified after shrinking 108, shrunken 0 (0.00%)
Current (lb-rhs): tensor([-0.22708446, -0.18415737, -0.23934233, -0.16758603])
Total time: 0.1544  pickout: 0.0003 split: 0.0023  decision: 0.0000  bounding: 0.0166  filtering: 0.0001  clipping: 0.0022  add_domain: 0.0032  rest: 0.1295
Length of domains: 6982334
7055710 branch and bound domains visited
Cumulative time: 21.235771417617798

Iteration 225
Batch size: 32768
Worst bound: tensor([-0.06633908, -0.02940559, -0.07137406, -0.02606642], device='cuda:0')
Current pickout batch: 32768, total pickout batch: 7088478
Domain clipping: area new/prev 0.0000/0.0000 (0.00%), domains verified after shrinking 108, shrunken 0 (0.00%)
Current (lb-rhs): tensor([-0.22708446, -0.18415737, -0.23934233, -0.16758603])
Total time: 0.1676  pickout: 0.0005 split: 0.0045  decision: 0.0000  bounding: 0.0177  filtering: 0.0002  clipping: 0.0058  add_domain: 0.0061  rest: 0.1326
Length of domains: 7014985
7088478 branch and bound domains visited
Cumulative time: 21.403494834899902

Iteration 226
Batch size: 32768
Worst bound: tensor([-0.06633908, -0.02940559, -0.07137406, -0.02606642], device='cuda:0')
Current pickout batch: 32768, total pickout batch: 7121246
Domain clipping: area new/prev 0.0000/0.0000 (0.00%), domains verified after shrinking 108, shrunken 0 (0.00%)
Current (lb-rhs): tensor([-0.22708446, -0.18415737, -0.23934233, -0.16758603])
Total time: 0.1562  pickout: 0.0004 split: 0.0023  decision: 0.0000  bounding: 0.0159  filtering: 0.0001  clipping: 0.0021  add_domain: 0.0033  rest: 0.1320
Length of domains: 7047636
7121246 branch and bound domains visited
Cumulative time: 21.559759855270386

Iteration 227
Batch size: 32768
Worst bound: tensor([-0.06633908, -0.02940559, -0.07137406, -0.02606642], device='cuda:0')
Current pickout batch: 32768, total pickout batch: 7154014
Domain clipping: area new/prev 0.0000/0.0000 (0.00%), domains verified after shrinking 108, shrunken 0 (0.00%)
Current (lb-rhs): tensor([-0.22708446, -0.18415737, -0.23934233, -0.16758603])
Total time: 0.1605  pickout: 0.0004 split: 0.0034  decision: 0.0000  bounding: 0.0179  filtering: 0.0003  clipping: 0.0027  add_domain: 0.0038  rest: 0.1318
Length of domains: 7080287
7154014 branch and bound domains visited
Cumulative time: 21.720393896102905

Iteration 228
Batch size: 32768
Worst bound: tensor([-0.06633908, -0.02940559, -0.07137406, -0.02606642], device='cuda:0')
Current pickout batch: 32768, total pickout batch: 7186782
Domain clipping: area new/prev 0.0000/0.0000 (0.00%), domains verified after shrinking 108, shrunken 0 (0.00%)
Current (lb-rhs): tensor([-0.22708446, -0.18415737, -0.23934233, -0.16758603])
Total time: 0.1703  pickout: 0.0024 split: 0.0034  decision: 0.0000  bounding: 0.0248  filtering: 0.0003  clipping: 0.0026  add_domain: 0.0035  rest: 0.1331
Length of domains: 7112938
7186782 branch and bound domains visited
Cumulative time: 21.89077353477478

Iteration 229
Batch size: 32768
Worst bound: tensor([-0.06633908, -0.02940559, -0.07137406, -0.02606642], device='cuda:0')
Current pickout batch: 32768, total pickout batch: 7219550
Domain clipping: area new/prev 0.0000/0.0000 (0.00%), domains verified after shrinking 108, shrunken 0 (0.00%)
Current (lb-rhs): tensor([-0.22708446, -0.18415737, -0.23934233, -0.16758603])
Total time: 0.1677  pickout: 0.0005 split: 0.0031  decision: 0.0000  bounding: 0.0228  filtering: 0.0002  clipping: 0.0030  add_domain: 0.0051  rest: 0.1329
Length of domains: 7145589
7219550 branch and bound domains visited
Cumulative time: 22.058537244796753

Iteration 230
Batch size: 32768
Worst bound: tensor([-0.06633908, -0.02940559, -0.07137406, -0.02606642], device='cuda:0')
Current pickout batch: 32768, total pickout batch: 7252318
Domain clipping: area new/prev 0.0000/0.0000 (0.00%), domains verified after shrinking 108, shrunken 0 (0.00%)
Current (lb-rhs): tensor([-0.22708446, -0.18415737, -0.23934233, -0.16758603])
Total time: 0.1849  pickout: 0.0015 split: 0.0065  decision: 0.0000  bounding: 0.0280  filtering: 0.0002  clipping: 0.0048  add_domain: 0.0062  rest: 0.1376
Length of domains: 7178240
7252318 branch and bound domains visited
Cumulative time: 22.243520736694336

Iteration 231
Batch size: 32768
Worst bound: tensor([-0.06633908, -0.02940559, -0.07137406, -0.02606642], device='cuda:0')
Current pickout batch: 32768, total pickout batch: 7285086
Domain clipping: area new/prev 0.0000/0.0000 (0.00%), domains verified after shrinking 108, shrunken 0 (0.00%)
Current (lb-rhs): tensor([-0.22708446, -0.18415737, -0.23934233, -0.16758603])
Total time: 0.1574  pickout: 0.0003 split: 0.0014  decision: 0.0000  bounding: 0.0167  filtering: 0.0001  clipping: 0.0020  add_domain: 0.0034  rest: 0.1333
Length of domains: 7210891
7285086 branch and bound domains visited
Cumulative time: 22.4010648727417

Iteration 232
Batch size: 32768
Worst bound: tensor([-0.06633908, -0.02940559, -0.07137406, -0.02606642], device='cuda:0')
Current pickout batch: 32768, total pickout batch: 7317854
Domain clipping: area new/prev 0.0000/0.0000 (0.00%), domains verified after shrinking 108, shrunken 0 (0.00%)
Current (lb-rhs): tensor([-0.22708446, -0.18415737, -0.23934233, -0.16758603])
Total time: 0.1844  pickout: 0.0005 split: 0.0067  decision: 0.0000  bounding: 0.0262  filtering: 0.0003  clipping: 0.0059  add_domain: 0.0071  rest: 0.1375
Length of domains: 7243542
7317854 branch and bound domains visited
Cumulative time: 22.585588216781616

Iteration 233
Batch size: 32768
Worst bound: tensor([-0.06633908, -0.02940559, -0.07137406, -0.02606642], device='cuda:0')
Current pickout batch: 32768, total pickout batch: 7350622
Domain clipping: area new/prev 0.0000/0.0000 (0.00%), domains verified after shrinking 108, shrunken 0 (0.00%)
Current (lb-rhs): tensor([-0.22708446, -0.18415737, -0.23934233, -0.16758603])
Total time: 0.1594  pickout: 0.0004 split: 0.0025  decision: 0.0000  bounding: 0.0149  filtering: 0.0001  clipping: 0.0020  add_domain: 0.0032  rest: 0.1362
Length of domains: 7276193
7350622 branch and bound domains visited
Cumulative time: 22.745128631591797

Iteration 234
Batch size: 32768
Worst bound: tensor([-0.06633908, -0.02940559, -0.07137406, -0.02606642], device='cuda:0')
Current pickout batch: 32768, total pickout batch: 7383390
Domain clipping: area new/prev 0.0000/0.0000 (0.00%), domains verified after shrinking 108, shrunken 0 (0.00%)
Current (lb-rhs): tensor([-0.22708446, -0.18415737, -0.23934233, -0.16758603])
Total time: 0.1672  pickout: 0.0005 split: 0.0049  decision: 0.0000  bounding: 0.0179  filtering: 0.0002  clipping: 0.0026  add_domain: 0.0037  rest: 0.1374
Length of domains: 7308844
7383390 branch and bound domains visited
Cumulative time: 22.9124116897583

Iteration 235
Batch size: 32768
Worst bound: tensor([-0.06633908, -0.02940559, -0.07137406, -0.02606642], device='cuda:0')
Current pickout batch: 32768, total pickout batch: 7416158
Domain clipping: area new/prev 0.0000/0.0000 (0.00%), domains verified after shrinking 108, shrunken 0 (0.00%)
Current (lb-rhs): tensor([-0.22708446, -0.18415737, -0.23934233, -0.16758603])
Total time: 0.1691  pickout: 0.0005 split: 0.0022  decision: 0.0000  bounding: 0.0191  filtering: 0.0002  clipping: 0.0019  add_domain: 0.0033  rest: 0.1418
Length of domains: 7341495
7416158 branch and bound domains visited
Cumulative time: 23.08158540725708

Iteration 236
Batch size: 32768
Worst bound: tensor([-0.06633908, -0.02940559, -0.07137406, -0.02606642], device='cuda:0')
Current pickout batch: 32768, total pickout batch: 7448926
Domain clipping: area new/prev 0.0000/0.0000 (0.00%), domains verified after shrinking 108, shrunken 0 (0.00%)
Current (lb-rhs): tensor([-0.22708446, -0.18415737, -0.23934233, -0.16758603])
Total time: 0.1758  pickout: 0.0018 split: 0.0034  decision: 0.0000  bounding: 0.0190  filtering: 0.0002  clipping: 0.0053  add_domain: 0.0059  rest: 0.1401
Length of domains: 7374146
7448926 branch and bound domains visited
Cumulative time: 23.257450580596924

Iteration 237
Batch size: 32768
Worst bound: tensor([-0.06633908, -0.02940559, -0.07137406, -0.02606642], device='cuda:0')
Current pickout batch: 32768, total pickout batch: 7481694
Domain clipping: area new/prev 0.0000/0.0000 (0.00%), domains verified after shrinking 108, shrunken 0 (0.00%)
Current (lb-rhs): tensor([-0.22708446, -0.18415737, -0.23934233, -0.16758603])
Total time: 0.1903  pickout: 0.0017 split: 0.0068  decision: 0.0000  bounding: 0.0257  filtering: 0.0015  clipping: 0.0039  add_domain: 0.0068  rest: 0.1438
Length of domains: 7406797
7481694 branch and bound domains visited
Cumulative time: 23.447848796844482

Iteration 238
Batch size: 32768
Worst bound: tensor([-0.06633908, -0.02940559, -0.07137406, -0.02606642], device='cuda:0')
Current pickout batch: 32768, total pickout batch: 7514462
Domain clipping: area new/prev 0.0000/0.0000 (0.00%), domains verified after shrinking 108, shrunken 0 (0.00%)
Current (lb-rhs): tensor([-0.22708446, -0.18415737, -0.23934233, -0.16758603])
Total time: 0.1638  pickout: 0.0003 split: 0.0025  decision: 0.0000  bounding: 0.0154  filtering: 0.0001  clipping: 0.0019  add_domain: 0.0034  rest: 0.1401
Length of domains: 7439448
7514462 branch and bound domains visited
Cumulative time: 23.611811637878418

Iteration 239
Batch size: 32768
Worst bound: tensor([-0.06633908, -0.02940559, -0.07137406, -0.02606642], device='cuda:0')
Current pickout batch: 32768, total pickout batch: 7547230
Domain clipping: area new/prev 0.0000/0.0000 (0.00%), domains verified after shrinking 108, shrunken 0 (0.00%)
Current (lb-rhs): tensor([-0.22708446, -0.18415737, -0.23934233, -0.16758603])
Total time: 0.1898  pickout: 0.0013 split: 0.0069  decision: 0.0000  bounding: 0.0265  filtering: 0.0002  clipping: 0.0058  add_domain: 0.0062  rest: 0.1427
Length of domains: 7472099
7547230 branch and bound domains visited
Cumulative time: 23.801751136779785

Iteration 240
Batch size: 32768
Worst bound: tensor([-0.06633908, -0.02940559, -0.07137406, -0.02606642], device='cuda:0')
Current pickout batch: 32768, total pickout batch: 7579998
Domain clipping: area new/prev 0.0000/0.0000 (0.00%), domains verified after shrinking 108, shrunken 0 (0.00%)
Current (lb-rhs): tensor([-0.22708446, -0.18415737, -0.23934233, -0.16758603])
Total time: 0.1660  pickout: 0.0004 split: 0.0024  decision: 0.0000  bounding: 0.0176  filtering: 0.0002  clipping: 0.0018  add_domain: 0.0037  rest: 0.1398
Length of domains: 7504750
7579998 branch and bound domains visited
Cumulative time: 23.967833042144775

Iteration 241
Batch size: 32768
Worst bound: tensor([-0.06633908, -0.02940559, -0.07137406, -0.02606642], device='cuda:0')
Current pickout batch: 32768, total pickout batch: 7612766
Domain clipping: area new/prev 0.0000/0.0000 (0.00%), domains verified after shrinking 108, shrunken 0 (0.00%)
Current (lb-rhs): tensor([-0.22708446, -0.18415737, -0.23934233, -0.16758603])
Total time: 0.1749  pickout: 0.0004 split: 0.0034  decision: 0.0000  bounding: 0.0190  filtering: 0.0003  clipping: 0.0027  add_domain: 0.0039  rest: 0.1452
Length of domains: 7537401
7612766 branch and bound domains visited
Cumulative time: 24.142815351486206

Iteration 242
Batch size: 32768
Worst bound: tensor([-0.06633908, -0.02940559, -0.07137406, -0.02606642], device='cuda:0')
Current pickout batch: 32768, total pickout batch: 7645534
Domain clipping: area new/prev 0.0000/0.0000 (0.00%), domains verified after shrinking 108, shrunken 0 (0.00%)
Current (lb-rhs): tensor([-0.22708446, -0.18415737, -0.23934233, -0.16758603])
Total time: 0.1610  pickout: 0.0003 split: 0.0005  decision: 0.0001  bounding: 0.0117  filtering: 0.0001  clipping: 0.0006  add_domain: 0.0027  rest: 0.1449
Length of domains: 7570052
7645534 branch and bound domains visited
Cumulative time: 24.303929328918457

Iteration 243
Batch size: 32768
Worst bound: tensor([-0.06633908, -0.02940559, -0.07137406, -0.02606642], device='cuda:0')
Current pickout batch: 32768, total pickout batch: 7678302
Domain clipping: area new/prev 0.0000/0.0000 (0.00%), domains verified after shrinking 108, shrunken 0 (0.00%)
Current (lb-rhs): tensor([-0.22708446, -0.18415737, -0.23934233, -0.16758603])
Total time: 0.1756  pickout: 0.0003 split: 0.0034  decision: 0.0000  bounding: 0.0149  filtering: 0.0002  clipping: 0.0030  add_domain: 0.0071  rest: 0.1465
Length of domains: 7602703
7678302 branch and bound domains visited
Cumulative time: 24.47962713241577

Iteration 244
Batch size: 32768
Worst bound: tensor([-0.06633908, -0.02940559, -0.07137406, -0.02606642], device='cuda:0')
Current pickout batch: 32768, total pickout batch: 7711070
Domain clipping: area new/prev 0.0000/0.0000 (0.00%), domains verified after shrinking 108, shrunken 0 (0.00%)
Current (lb-rhs): tensor([-0.22708446, -0.18415737, -0.23934233, -0.16758603])
Total time: 0.1636  pickout: 0.0003 split: 0.0005  decision: 0.0000  bounding: 0.0120  filtering: 0.0001  clipping: 0.0006  add_domain: 0.0027  rest: 0.1472
Length of domains: 7635354
7711070 branch and bound domains visited
Cumulative time: 24.643314599990845

Iteration 245
Batch size: 32768
Worst bound: tensor([-0.06633908, -0.02940559, -0.07137406, -0.02606642], device='cuda:0')
Current pickout batch: 32768, total pickout batch: 7743838
Domain clipping: area new/prev 0.0000/0.0000 (0.00%), domains verified after shrinking 108, shrunken 0 (0.00%)
Current (lb-rhs): tensor([-0.22708446, -0.18415737, -0.23934233, -0.16758603])
Total time: 0.1863  pickout: 0.0005 split: 0.0052  decision: 0.0000  bounding: 0.0236  filtering: 0.0002  clipping: 0.0016  add_domain: 0.0072  rest: 0.1479
Length of domains: 7668005
7743838 branch and bound domains visited
Cumulative time: 24.82975196838379

Iteration 246
Batch size: 32768
Worst bound: tensor([-0.06633908, -0.02940559, -0.07137406, -0.02606642], device='cuda:0')
Current pickout batch: 32768, total pickout batch: 7776606
Domain clipping: area new/prev 0.0000/0.0000 (0.00%), domains verified after shrinking 108, shrunken 0 (0.00%)
Current (lb-rhs): tensor([-0.22708446, -0.18415737, -0.23934233, -0.16758603])
Total time: 0.1652  pickout: 0.0003 split: 0.0005  decision: 0.0000  bounding: 0.0120  filtering: 0.0001  clipping: 0.0006  add_domain: 0.0030  rest: 0.1486
Length of domains: 7700656
7776606 branch and bound domains visited
Cumulative time: 24.99506640434265

Iteration 247
Batch size: 32768
Worst bound: tensor([-0.06633908, -0.02940559, -0.07137406, -0.02606642], device='cuda:0')
Current pickout batch: 32768, total pickout batch: 7809374
Domain clipping: area new/prev 0.0000/0.0000 (0.00%), domains verified after shrinking 108, shrunken 0 (0.00%)
Current (lb-rhs): tensor([-0.22708446, -0.18415737, -0.23934233, -0.16758603])
Total time: 0.1668  pickout: 0.0003 split: 0.0005  decision: 0.0000  bounding: 0.0120  filtering: 0.0001  clipping: 0.0006  add_domain: 0.0028  rest: 0.1503
Length of domains: 7733307
7809374 branch and bound domains visited
Cumulative time: 25.16198968887329

Iteration 248
Batch size: 32768
Worst bound: tensor([-0.06633908, -0.02940559, -0.07137406, -0.02606642], device='cuda:0')
Current pickout batch: 32768, total pickout batch: 7842142
Domain clipping: area new/prev 0.0000/0.0000 (0.00%), domains verified after shrinking 108, shrunken 0 (0.00%)
Current (lb-rhs): tensor([-0.22708446, -0.18415737, -0.23934233, -0.16758603])
Total time: 0.1782  pickout: 0.0003 split: 0.0015  decision: 0.0000  bounding: 0.0193  filtering: 0.0003  clipping: 0.0045  add_domain: 0.0033  rest: 0.1489
Length of domains: 7765958
7842142 branch and bound domains visited
Cumulative time: 25.34033513069153

Iteration 249
Batch size: 32768
Worst bound: tensor([-0.06633908, -0.02940559, -0.07137406, -0.02606642], device='cuda:0')
Current pickout batch: 32768, total pickout batch: 7874910
Domain clipping: area new/prev 0.0000/0.0000 (0.00%), domains verified after shrinking 108, shrunken 0 (0.00%)
Current (lb-rhs): tensor([-0.22708446, -0.18415737, -0.23934233, -0.16758603])
Total time: 0.1657  pickout: 0.0003 split: 0.0005  decision: 0.0000  bounding: 0.0119  filtering: 0.0001  clipping: 0.0006  add_domain: 0.0030  rest: 0.1491
Length of domains: 7798609
7874910 branch and bound domains visited
Cumulative time: 25.506142139434814

Iteration 250
Batch size: 32768
Worst bound: tensor([-0.06633908, -0.02940559, -0.07137406, -0.02606642], device='cuda:0')
Current pickout batch: 32768, total pickout batch: 7907678
Domain clipping: area new/prev 0.0000/0.0000 (0.00%), domains verified after shrinking 108, shrunken 0 (0.00%)
Current (lb-rhs): tensor([-0.22708446, -0.18415737, -0.23934233, -0.16758603])
Total time: 0.1889  pickout: 0.0007 split: 0.0052  decision: 0.0000  bounding: 0.0235  filtering: 0.0002  clipping: 0.0048  add_domain: 0.0056  rest: 0.1488
Length of domains: 7831260
7907678 branch and bound domains visited
Cumulative time: 25.695140838623047

Iteration 251
Batch size: 32768
Worst bound: tensor([-0.06633908, -0.02940559, -0.07137406, -0.02606642], device='cuda:0')
Current pickout batch: 32768, total pickout batch: 7940446
Domain clipping: area new/prev 0.0000/0.0000 (0.00%), domains verified after shrinking 108, shrunken 0 (0.00%)
Current (lb-rhs): tensor([-0.22708446, -0.18415737, -0.23934233, -0.16758603])
Total time: 0.1648  pickout: 0.0003 split: 0.0005  decision: 0.0000  bounding: 0.0125  filtering: 0.0001  clipping: 0.0006  add_domain: 0.0025  rest: 0.1482
Length of domains: 7863911
7940446 branch and bound domains visited
Cumulative time: 25.860090255737305

Iteration 252
Batch size: 32768
Worst bound: tensor([-0.06633908, -0.02940559, -0.07137406, -0.02606642], device='cuda:0')
Current pickout batch: 32768, total pickout batch: 7973214
Domain clipping: area new/prev 0.0000/0.0000 (0.00%), domains verified after shrinking 108, shrunken 0 (0.00%)
Current (lb-rhs): tensor([-0.22708446, -0.18415737, -0.23934233, -0.16758603])
Total time: 0.1869  pickout: 0.0006 split: 0.0052  decision: 0.0000  bounding: 0.0209  filtering: 0.0002  clipping: 0.0048  add_domain: 0.0039  rest: 0.1510
Length of domains: 7896562
7973214 branch and bound domains visited
Cumulative time: 26.047088623046875

Iteration 253
Batch size: 32768
Worst bound: tensor([-0.06633908, -0.02940559, -0.07137406, -0.02606642], device='cuda:0')
Current pickout batch: 32768, total pickout batch: 8005982
Domain clipping: area new/prev 0.0000/0.0000 (0.00%), domains verified after shrinking 108, shrunken 0 (0.00%)
Current (lb-rhs): tensor([-0.22708446, -0.18415737, -0.23934233, -0.16758603])
Total time: 0.1770  pickout: 0.0008 split: 0.0005  decision: 0.0000  bounding: 0.0199  filtering: 0.0002  clipping: 0.0006  add_domain: 0.0028  rest: 0.1520
Length of domains: 7929213
8005982 branch and bound domains visited
Cumulative time: 26.224211931228638

Iteration 254
Batch size: 32768
Worst bound: tensor([-0.06633908, -0.02940559, -0.07137406, -0.02606642], device='cuda:0')
Current pickout batch: 32768, total pickout batch: 8038750
Domain clipping: area new/prev 0.0000/0.0000 (0.00%), domains verified after shrinking 108, shrunken 0 (0.00%)
Current (lb-rhs): tensor([-0.22708446, -0.18415737, -0.23934233, -0.16758603])
Total time: 0.1681  pickout: 0.0003 split: 0.0005  decision: 0.0000  bounding: 0.0119  filtering: 0.0001  clipping: 0.0006  add_domain: 0.0028  rest: 0.1517
Length of domains: 7961864
8038750 branch and bound domains visited
Cumulative time: 26.392409086227417

Iteration 255
Batch size: 32768
Worst bound: tensor([-0.06633908, -0.02940559, -0.07137406, -0.02606642], device='cuda:0')
Current pickout batch: 32768, total pickout batch: 8071518
Domain clipping: area new/prev 0.0000/0.0000 (0.00%), domains verified after shrinking 108, shrunken 0 (0.00%)
Current (lb-rhs): tensor([-0.22708446, -0.18415737, -0.23934233, -0.16758603])
Total time: 0.1862  pickout: 0.0003 split: 0.0048  decision: 0.0000  bounding: 0.0185  filtering: 0.0001  clipping: 0.0048  add_domain: 0.0057  rest: 0.1518
Length of domains: 7994515
8071518 branch and bound domains visited
Cumulative time: 26.57869577407837

Iteration 256
Batch size: 32768
Worst bound: tensor([-0.06633908, -0.02940559, -0.07137406, -0.02606642], device='cuda:0')
Current pickout batch: 32768, total pickout batch: 8104286
Domain clipping: area new/prev 0.0000/0.0000 (0.00%), domains verified after shrinking 108, shrunken 0 (0.00%)
Current (lb-rhs): tensor([-0.22708446, -0.18415737, -0.23934233, -0.16758603])
Total time: 0.1691  pickout: 0.0003 split: 0.0005  decision: 0.0000  bounding: 0.0120  filtering: 0.0001  clipping: 0.0006  add_domain: 0.0027  rest: 0.1527
Length of domains: 8027166
8104286 branch and bound domains visited
Cumulative time: 26.747960567474365

Iteration 257
Batch size: 32768
Worst bound: tensor([-0.06633908, -0.02940559, -0.07137406, -0.02606642], device='cuda:0')
Current pickout batch: 32768, total pickout batch: 8137054
Domain clipping: area new/prev 0.0000/0.0000 (0.00%), domains verified after shrinking 108, shrunken 0 (0.00%)
Current (lb-rhs): tensor([-0.22708446, -0.18415737, -0.23934233, -0.16758603])
Total time: 0.1937  pickout: 0.0019 split: 0.0052  decision: 0.0000  bounding: 0.0210  filtering: 0.0002  clipping: 0.0048  add_domain: 0.0038  rest: 0.1566
Length of domains: 8059817
8137054 branch and bound domains visited
Cumulative time: 26.941772937774658

Iteration 258
Batch size: 32768
Worst bound: tensor([-0.06633908, -0.02940559, -0.07137406, -0.02606642], device='cuda:0')
Current pickout batch: 32768, total pickout batch: 8169822
Domain clipping: area new/prev 0.0000/0.0000 (0.00%), domains verified after shrinking 108, shrunken 0 (0.00%)
Current (lb-rhs): tensor([-0.22708446, -0.18415737, -0.23934233, -0.16758603])
Total time: 0.1855  pickout: 0.0009 split: 0.0025  decision: 0.0000  bounding: 0.0162  filtering: 0.0005  clipping: 0.0046  add_domain: 0.0051  rest: 0.1556
Length of domains: 8092468
8169822 branch and bound domains visited
Cumulative time: 27.127377033233643

Iteration 259
Batch size: 32768
Worst bound: tensor([-0.06633908, -0.02940559, -0.07137406, -0.02606642], device='cuda:0')
Current pickout batch: 32768, total pickout batch: 8202590
Domain clipping: area new/prev 0.0000/0.0000 (0.00%), domains verified after shrinking 108, shrunken 0 (0.00%)
Current (lb-rhs): tensor([-0.22708446, -0.18415737, -0.23934233, -0.16758603])
Total time: 0.1776  pickout: 0.0003 split: 0.0024  decision: 0.0000  bounding: 0.0129  filtering: 0.0001  clipping: 0.0019  add_domain: 0.0033  rest: 0.1565
Length of domains: 8125119
8202590 branch and bound domains visited
Cumulative time: 27.305097818374634

Iteration 260
Batch size: 32768
Worst bound: tensor([-0.06633908, -0.02940559, -0.07137406, -0.02606642], device='cuda:0')
Current pickout batch: 32768, total pickout batch: 8235358
Domain clipping: area new/prev 0.0000/0.0000 (0.00%), domains verified after shrinking 108, shrunken 0 (0.00%)
Current (lb-rhs): tensor([-0.22708446, -0.18415737, -0.23934233, -0.16758603])
Total time: 0.1998  pickout: 0.0003 split: 0.0076  decision: 0.0000  bounding: 0.0238  filtering: 0.0002  clipping: 0.0044  add_domain: 0.0069  rest: 0.1564
Length of domains: 8157770
8235358 branch and bound domains visited
Cumulative time: 27.504980325698853

Iteration 261
Batch size: 32768
Worst bound: tensor([-0.06633908, -0.02940559, -0.07137406, -0.02606642], device='cuda:0')
Current pickout batch: 32768, total pickout batch: 8268126
Domain clipping: area new/prev 0.0000/0.0000 (0.00%), domains verified after shrinking 108, shrunken 0 (0.00%)
Current (lb-rhs): tensor([-0.22708446, -0.18415737, -0.23934233, -0.16758603])
Total time: 0.1843  pickout: 0.0003 split: 0.0042  decision: 0.0000  bounding: 0.0141  filtering: 0.0003  clipping: 0.0018  add_domain: 0.0046  rest: 0.1589
Length of domains: 8190421
8268126 branch and bound domains visited
Cumulative time: 27.689377069473267

Iteration 262
Batch size: 32768
Worst bound: tensor([-0.06633908, -0.02940559, -0.07137406, -0.02606642], device='cuda:0')
Current pickout batch: 32768, total pickout batch: 8300894
Domain clipping: area new/prev 0.0000/0.0000 (0.00%), domains verified after shrinking 108, shrunken 0 (0.00%)
Current (lb-rhs): tensor([-0.22708446, -0.18415737, -0.23934233, -0.16758603])
Total time: 0.1732  pickout: 0.0003 split: 0.0006  decision: 0.0000  bounding: 0.0118  filtering: 0.0001  clipping: 0.0006  add_domain: 0.0029  rest: 0.1567
Length of domains: 8223072
8300894 branch and bound domains visited
Cumulative time: 27.862664699554443

Iteration 263
Batch size: 32768
Worst bound: tensor([-0.06633908, -0.02940559, -0.07137406, -0.02606642], device='cuda:0')
Current pickout batch: 32768, total pickout batch: 8333662
Domain clipping: area new/prev 0.0000/0.0000 (0.00%), domains verified after shrinking 108, shrunken 0 (0.00%)
Current (lb-rhs): tensor([-0.22708446, -0.18415737, -0.23934233, -0.16758603])
Total time: 0.2014  pickout: 0.0003 split: 0.0062  decision: 0.0000  bounding: 0.0249  filtering: 0.0003  clipping: 0.0055  add_domain: 0.0063  rest: 0.1577
Length of domains: 8255723
8333662 branch and bound domains visited
Cumulative time: 28.064203023910522

Iteration 264
Batch size: 32768
Worst bound: tensor([-0.06633908, -0.02940559, -0.07137406, -0.02606642], device='cuda:0')
Current pickout batch: 32768, total pickout batch: 8366430
Domain clipping: area new/prev 0.0000/0.0000 (0.00%), domains verified after shrinking 108, shrunken 0 (0.00%)
Current (lb-rhs): tensor([-0.22708446, -0.18415737, -0.23934233, -0.16758603])
Total time: 0.1887  pickout: 0.0003 split: 0.0062  decision: 0.0000  bounding: 0.0171  filtering: 0.0002  clipping: 0.0054  add_domain: 0.0038  rest: 0.1556
Length of domains: 8288374
8366430 branch and bound domains visited
Cumulative time: 28.25305151939392

Iteration 265
Batch size: 32768
Worst bound: tensor([-0.06633908, -0.02940559, -0.07137406, -0.02606642], device='cuda:0')
Current pickout batch: 32768, total pickout batch: 8399198
Domain clipping: area new/prev 0.0000/0.0000 (0.00%), domains verified after shrinking 108, shrunken 0 (0.00%)
Current (lb-rhs): tensor([-0.22708446, -0.18415737, -0.23934233, -0.16758603])
Total time: 0.2061  pickout: 0.0016 split: 0.0067  decision: 0.0000  bounding: 0.0241  filtering: 0.0018  clipping: 0.0042  add_domain: 0.0067  rest: 0.1609
Length of domains: 8321025
8399198 branch and bound domains visited
Cumulative time: 28.45926547050476

Iteration 266
Batch size: 32768
Worst bound: tensor([-0.06633908, -0.02940559, -0.07137406, -0.02606642], device='cuda:0')
Current pickout batch: 32768, total pickout batch: 8431966
Domain clipping: area new/prev 0.0000/0.0000 (0.00%), domains verified after shrinking 108, shrunken 0 (0.00%)
Current (lb-rhs): tensor([-0.22708446, -0.18415737, -0.23934233, -0.16758603])
Total time: 0.2001  pickout: 0.0005 split: 0.0033  decision: 0.0000  bounding: 0.0207  filtering: 0.0002  clipping: 0.0052  add_domain: 0.0044  rest: 0.1657
Length of domains: 8353676
8431966 branch and bound domains visited
Cumulative time: 28.659499406814575

Iteration 267
Batch size: 32768
Worst bound: tensor([-0.06633908, -0.02940559, -0.07137406, -0.02606642], device='cuda:0')
Current pickout batch: 32768, total pickout batch: 8464734
Domain clipping: area new/prev 0.0000/0.0000 (0.00%), domains verified after shrinking 108, shrunken 0 (0.00%)
Current (lb-rhs): tensor([-0.22708446, -0.18415737, -0.23934233, -0.16758603])
Total time: 0.7095  pickout: 0.0004 split: 0.0065  decision: 0.0000  bounding: 0.0250  filtering: 0.0002  clipping: 0.0030  add_domain: 0.4933  rest: 0.1809
Length of domains: 8386327
8464734 branch and bound domains visited
Cumulative time: 29.369136571884155

Iteration 268
Batch size: 32768
Worst bound: tensor([-0.06633908, -0.02940559, -0.07137406, -0.02606642], device='cuda:0')
Current pickout batch: 32768, total pickout batch: 8497502
Domain clipping: area new/prev 0.0000/0.0000 (0.00%), domains verified after shrinking 108, shrunken 0 (0.00%)
Current (lb-rhs): tensor([-0.22708446, -0.18415737, -0.23934233, -0.16758603])
Total time: 0.2153  pickout: 0.0005 split: 0.0047  decision: 0.0000  bounding: 0.0191  filtering: 0.0003  clipping: 0.0057  add_domain: 0.0056  rest: 0.1794
Length of domains: 8418978
8497502 branch and bound domains visited
Cumulative time: 29.584575653076172

Iteration 269
Batch size: 32768
Worst bound: tensor([-0.06633908, -0.02940559, -0.07137406, -0.02606642], device='cuda:0')
Current pickout batch: 32768, total pickout batch: 8530270
Domain clipping: area new/prev 0.0000/0.0000 (0.00%), domains verified after shrinking 108, shrunken 0 (0.00%)
Current (lb-rhs): tensor([-0.22708446, -0.18415737, -0.23934233, -0.16758603])
Total time: 0.2016  pickout: 0.0005 split: 0.0022  decision: 0.0000  bounding: 0.0159  filtering: 0.0001  clipping: 0.0023  add_domain: 0.0037  rest: 0.1768
Length of domains: 8451629
8530270 branch and bound domains visited
Cumulative time: 29.786323070526123

Iteration 270
Batch size: 32768
Worst bound: tensor([-0.06633908, -0.02940559, -0.07137406, -0.02606642], device='cuda:0')
Current pickout batch: 32768, total pickout batch: 8563038
Domain clipping: area new/prev 0.0000/0.0000 (0.00%), domains verified after shrinking 108, shrunken 0 (0.00%)
Current (lb-rhs): tensor([-0.22708446, -0.18415737, -0.23934233, -0.16758603])
Total time: 0.2313  pickout: 0.0023 split: 0.0066  decision: 0.0000  bounding: 0.0247  filtering: 0.0002  clipping: 0.0059  add_domain: 0.0061  rest: 0.1854
Length of domains: 8484280
8563038 branch and bound domains visited
Cumulative time: 30.017778158187866

Iteration 271
Batch size: 32768
Worst bound: tensor([-0.06633908, -0.02940559, -0.07137406, -0.02606642], device='cuda:0')
Current pickout batch: 32768, total pickout batch: 8595806
Domain clipping: area new/prev 0.0000/0.0000 (0.00%), domains verified after shrinking 108, shrunken 0 (0.00%)
Current (lb-rhs): tensor([-0.22708446, -0.18415737, -0.23934233, -0.16758603])
Total time: 0.2073  pickout: 0.0005 split: 0.0026  decision: 0.0000  bounding: 0.0157  filtering: 0.0001  clipping: 0.0020  add_domain: 0.0035  rest: 0.1828
Length of domains: 8516931
8595806 branch and bound domains visited
Cumulative time: 30.22516107559204

Iteration 272
Batch size: 32768
Worst bound: tensor([-0.06633908, -0.02940559, -0.07137406, -0.02606642], device='cuda:0')
Current pickout batch: 32768, total pickout batch: 8628574
Domain clipping: area new/prev 0.0000/0.0000 (0.00%), domains verified after shrinking 108, shrunken 0 (0.00%)
Current (lb-rhs): tensor([-0.22708446, -0.18415737, -0.23934233, -0.16758603])
Total time: 0.2271  pickout: 0.0005 split: 0.0048  decision: 0.0000  bounding: 0.0239  filtering: 0.0015  clipping: 0.0057  add_domain: 0.0055  rest: 0.1850
Length of domains: 8549582
8628574 branch and bound domains visited
Cumulative time: 30.452392101287842

Iteration 273
Batch size: 32768
Worst bound: tensor([-0.06633908, -0.02940559, -0.07137406, -0.02606642], device='cuda:0')
Current pickout batch: 32768, total pickout batch: 8661342
Domain clipping: area new/prev 0.0000/0.0000 (0.00%), domains verified after shrinking 108, shrunken 0 (0.00%)
Current (lb-rhs): tensor([-0.22708446, -0.18415737, -0.23934233, -0.16758603])
Total time: 0.2167  pickout: 0.0004 split: 0.0017  decision: 0.0000  bounding: 0.0228  filtering: 0.0002  clipping: 0.0050  add_domain: 0.0044  rest: 0.1820
Length of domains: 8582233
8661342 branch and bound domains visited
Cumulative time: 30.66924238204956

Iteration 274
Batch size: 32768
Worst bound: tensor([-0.06633908, -0.02940559, -0.07137406, -0.02606642], device='cuda:0')
Current pickout batch: 32768, total pickout batch: 8694110
Domain clipping: area new/prev 0.0000/0.0000 (0.00%), domains verified after shrinking 108, shrunken 0 (0.00%)
Current (lb-rhs): tensor([-0.22708446, -0.18415737, -0.23934233, -0.16758603])
Total time: 0.2312  pickout: 0.0004 split: 0.0063  decision: 0.0000  bounding: 0.0257  filtering: 0.0003  clipping: 0.0045  add_domain: 0.0063  rest: 0.1875
Length of domains: 8614884
8694110 branch and bound domains visited
Cumulative time: 30.90060067176819

Iteration 275
Batch size: 32768
Worst bound: tensor([-0.06633908, -0.02940559, -0.07137406, -0.02606642], device='cuda:0')
Current pickout batch: 32768, total pickout batch: 8726878
Domain clipping: area new/prev 0.0000/0.0000 (0.00%), domains verified after shrinking 108, shrunken 0 (0.00%)
Current (lb-rhs): tensor([-0.22708446, -0.18415737, -0.23934233, -0.16758603])
Total time: 0.2159  pickout: 0.0005 split: 0.0035  decision: 0.0000  bounding: 0.0230  filtering: 0.0002  clipping: 0.0027  add_domain: 0.0040  rest: 0.1819
Length of domains: 8647535
8726878 branch and bound domains visited
Cumulative time: 31.116604328155518

Iteration 276
Batch size: 32768
Worst bound: tensor([-0.06633908, -0.02940559, -0.07137406, -0.02606642], device='cuda:0')
Current pickout batch: 32768, total pickout batch: 8759646
Domain clipping: area new/prev 0.0000/0.0000 (0.00%), domains verified after shrinking 108, shrunken 0 (0.00%)
Current (lb-rhs): tensor([-0.22708446, -0.18415737, -0.23934233, -0.16758603])
Total time: 0.2221  pickout: 0.0004 split: 0.0035  decision: 0.0000  bounding: 0.0264  filtering: 0.0002  clipping: 0.0021  add_domain: 0.0048  rest: 0.1847
Length of domains: 8680186
8759646 branch and bound domains visited
Cumulative time: 31.338855266571045

Iteration 277
Batch size: 32768
Worst bound: tensor([-0.06633908, -0.02940559, -0.07137406, -0.02606642], device='cuda:0')
Current pickout batch: 32768, total pickout batch: 8792414
Domain clipping: area new/prev 0.0000/0.0000 (0.00%), domains verified after shrinking 108, shrunken 0 (0.00%)
Current (lb-rhs): tensor([-0.22708446, -0.18415737, -0.23934233, -0.16758603])
Total time: 0.2100  pickout: 0.0003 split: 0.0034  decision: 0.0000  bounding: 0.0177  filtering: 0.0003  clipping: 0.0029  add_domain: 0.0041  rest: 0.1811
Length of domains: 8712837
8792414 branch and bound domains visited
Cumulative time: 31.548979997634888

Iteration 278
Batch size: 32768
Worst bound: tensor([-0.06633908, -0.02940559, -0.07137406, -0.02606642], device='cuda:0')
Current pickout batch: 32768, total pickout batch: 8825182
Domain clipping: area new/prev 0.0000/0.0000 (0.00%), domains verified after shrinking 108, shrunken 0 (0.00%)
Current (lb-rhs): tensor([-0.22708446, -0.18415737, -0.23934233, -0.16758603])
Total time: 0.2034  pickout: 0.0004 split: 0.0024  decision: 0.0000  bounding: 0.0178  filtering: 0.0002  clipping: 0.0019  add_domain: 0.0035  rest: 0.1771
Length of domains: 8745488
8825182 branch and bound domains visited
Cumulative time: 31.752490997314453

Iteration 279
Batch size: 32768
Worst bound: tensor([-0.06633908, -0.02940559, -0.07137406, -0.02606642], device='cuda:0')
Current pickout batch: 32768, total pickout batch: 8857950
Domain clipping: area new/prev 0.0000/0.0000 (0.00%), domains verified after shrinking 108, shrunken 0 (0.00%)
Current (lb-rhs): tensor([-0.22708446, -0.18415737, -0.23934233, -0.16758603])
Total time: 0.2234  pickout: 0.0005 split: 0.0064  decision: 0.0000  bounding: 0.0238  filtering: 0.0003  clipping: 0.0058  add_domain: 0.0084  rest: 0.1781
Length of domains: 8778139
8857950 branch and bound domains visited
Cumulative time: 31.9760422706604

Iteration 280
Batch size: 32768
Worst bound: tensor([-0.06633908, -0.02940559, -0.07137406, -0.02606642], device='cuda:0')
Current pickout batch: 32768, total pickout batch: 8890718
Domain clipping: area new/prev 0.0000/0.0000 (0.00%), domains verified after shrinking 108, shrunken 0 (0.00%)
Current (lb-rhs): tensor([-0.22708446, -0.18415737, -0.23934233, -0.16758603])
Total time: 0.2005  pickout: 0.0003 split: 0.0005  decision: 0.0000  bounding: 0.0122  filtering: 0.0001  clipping: 0.0006  add_domain: 0.0026  rest: 0.1841
Length of domains: 8810790
8890718 branch and bound domains visited
Cumulative time: 32.17664909362793

Iteration 281
Batch size: 32768
Worst bound: tensor([-0.06633908, -0.02940559, -0.07137406, -0.02606642], device='cuda:0')
Current pickout batch: 32768, total pickout batch: 8923486
Domain clipping: area new/prev 0.0000/0.0000 (0.00%), domains verified after shrinking 108, shrunken 0 (0.00%)
Current (lb-rhs): tensor([-0.22708446, -0.18415737, -0.23934233, -0.16758603])
Total time: 0.1978  pickout: 0.0003 split: 0.0005  decision: 0.0000  bounding: 0.0118  filtering: 0.0001  clipping: 0.0006  add_domain: 0.0027  rest: 0.1815
Length of domains: 8843441
8923486 branch and bound domains visited
Cumulative time: 32.37456011772156

Iteration 282
Batch size: 32768
Worst bound: tensor([-0.06633908, -0.02940559, -0.07137406, -0.02606642], device='cuda:0')
Current pickout batch: 32768, total pickout batch: 8956254
Domain clipping: area new/prev 0.0000/0.0000 (0.00%), domains verified after shrinking 108, shrunken 0 (0.00%)
Current (lb-rhs): tensor([-0.22708446, -0.18415737, -0.23934233, -0.16758603])
Total time: 0.2164  pickout: 0.0003 split: 0.0033  decision: 0.0000  bounding: 0.0235  filtering: 0.0002  clipping: 0.0029  add_domain: 0.0050  rest: 0.1811
Length of domains: 8876092
8956254 branch and bound domains visited
Cumulative time: 32.59104943275452

Iteration 283
Batch size: 32768
Worst bound: tensor([-0.06633908, -0.02940559, -0.07137406, -0.02606642], device='cuda:0')
Current pickout batch: 32768, total pickout batch: 8989022
Domain clipping: area new/prev 0.0000/0.0000 (0.00%), domains verified after shrinking 108, shrunken 0 (0.00%)
Current (lb-rhs): tensor([-0.22708446, -0.18415737, -0.23934233, -0.16758603])
Total time: 0.2044  pickout: 0.0003 split: 0.0043  decision: 0.0000  bounding: 0.0139  filtering: 0.0002  clipping: 0.0016  add_domain: 0.0049  rest: 0.1791
Length of domains: 8908743
8989022 branch and bound domains visited
Cumulative time: 32.795578718185425

Iteration 284
Batch size: 32768
Worst bound: tensor([-0.06633908, -0.02940559, -0.07137406, -0.02606642], device='cuda:0')
Current pickout batch: 32768, total pickout batch: 9021790
Domain clipping: area new/prev 0.0000/0.0000 (0.00%), domains verified after shrinking 108, shrunken 0 (0.00%)
Current (lb-rhs): tensor([-0.22708446, -0.18415737, -0.23934233, -0.16758603])
Total time: 0.1949  pickout: 0.0003 split: 0.0005  decision: 0.0000  bounding: 0.0118  filtering: 0.0001  clipping: 0.0006  add_domain: 0.0029  rest: 0.1785
Length of domains: 8941394
9021790 branch and bound domains visited
Cumulative time: 32.99060916900635

Iteration 285
Batch size: 32768
Worst bound: tensor([-0.06633908, -0.02940559, -0.07137406, -0.02606642], device='cuda:0')
Current pickout batch: 32768, total pickout batch: 9054558
Domain clipping: area new/prev 0.0000/0.0000 (0.00%), domains verified after shrinking 108, shrunken 0 (0.00%)
Current (lb-rhs): tensor([-0.22708446, -0.18415737, -0.23934233, -0.16758603])
Total time: 0.2186  pickout: 0.0008 split: 0.0052  decision: 0.0000  bounding: 0.0209  filtering: 0.0002  clipping: 0.0037  add_domain: 0.0054  rest: 0.1824
Length of domains: 8974045
9054558 branch and bound domains visited
Cumulative time: 33.20935845375061

Iteration 286
Batch size: 32768
Worst bound: tensor([-0.06633908, -0.02940559, -0.07137406, -0.02606642], device='cuda:0')
Current pickout batch: 32768, total pickout batch: 9087326
Domain clipping: area new/prev 0.0000/0.0000 (0.00%), domains verified after shrinking 108, shrunken 0 (0.00%)
Current (lb-rhs): tensor([-0.22708446, -0.18415737, -0.23934233, -0.16758603])
Total time: 0.2098  pickout: 0.0003 split: 0.0042  decision: 0.0000  bounding: 0.0147  filtering: 0.0003  clipping: 0.0019  add_domain: 0.0048  rest: 0.1835
Length of domains: 9006696
9087326 branch and bound domains visited
Cumulative time: 33.41927409172058

Iteration 287
Batch size: 32768
Worst bound: tensor([-0.06633908, -0.02940559, -0.07137406, -0.02606642], device='cuda:0')
Current pickout batch: 32768, total pickout batch: 9120094
Domain clipping: area new/prev 0.0000/0.0000 (0.00%), domains verified after shrinking 108, shrunken 0 (0.00%)
Current (lb-rhs): tensor([-0.22708446, -0.18415737, -0.23934233, -0.16758603])
Total time: 0.2020  pickout: 0.0003 split: 0.0007  decision: 0.0000  bounding: 0.0118  filtering: 0.0001  clipping: 0.0008  add_domain: 0.0029  rest: 0.1853
Length of domains: 9039347
9120094 branch and bound domains visited
Cumulative time: 33.62139534950256

Iteration 288
Batch size: 32768
Worst bound: tensor([-0.06633908, -0.02940559, -0.07137406, -0.02606642], device='cuda:0')
Current pickout batch: 32768, total pickout batch: 9152862
Domain clipping: area new/prev 0.0000/0.0000 (0.00%), domains verified after shrinking 108, shrunken 0 (0.00%)
Current (lb-rhs): tensor([-0.22708446, -0.18415737, -0.23934233, -0.16758603])
Total time: 0.2183  pickout: 0.0012 split: 0.0018  decision: 0.0000  bounding: 0.0239  filtering: 0.0002  clipping: 0.0009  add_domain: 0.0039  rest: 0.1865
Length of domains: 9071998
9152862 branch and bound domains visited
Cumulative time: 33.839831829071045

Iteration 289
Batch size: 32768
Worst bound: tensor([-0.06633908, -0.02940559, -0.07137406, -0.02606642], device='cuda:0')
Current pickout batch: 32768, total pickout batch: 9185630
Domain clipping: area new/prev 0.0000/0.0000 (0.00%), domains verified after shrinking 108, shrunken 0 (0.00%)
Current (lb-rhs): tensor([-0.22708446, -0.18415737, -0.23934233, -0.16758603])
Total time: 0.2237  pickout: 0.0003 split: 0.0051  decision: 0.0000  bounding: 0.0185  filtering: 0.0002  clipping: 0.0048  add_domain: 0.0058  rest: 0.1890
Length of domains: 9104649
9185630 branch and bound domains visited
Cumulative time: 34.06368446350098

Iteration 290
Batch size: 32768
Worst bound: tensor([-0.06633908, -0.02940559, -0.07137406, -0.02606642], device='cuda:0')
Current pickout batch: 32768, total pickout batch: 9218398
Domain clipping: area new/prev 0.0000/0.0000 (0.00%), domains verified after shrinking 108, shrunken 0 (0.00%)
Current (lb-rhs): tensor([-0.22708446, -0.18415737, -0.23934233, -0.16758603])
Total time: 0.2015  pickout: 0.0003 split: 0.0005  decision: 0.0000  bounding: 0.0121  filtering: 0.0001  clipping: 0.0006  add_domain: 0.0026  rest: 0.1852
Length of domains: 9137300
9218398 branch and bound domains visited
Cumulative time: 34.26529097557068

Iteration 291
Batch size: 32768
Worst bound: tensor([-0.06633908, -0.02940559, -0.07137406, -0.02606642], device='cuda:0')
Current pickout batch: 32768, total pickout batch: 9251166
Domain clipping: area new/prev 0.0000/0.0000 (0.00%), domains verified after shrinking 108, shrunken 0 (0.00%)
Current (lb-rhs): tensor([-0.22708446, -0.18415737, -0.23934233, -0.16758603])
Total time: 0.2032  pickout: 0.0003 split: 0.0005  decision: 0.0000  bounding: 0.0116  filtering: 0.0001  clipping: 0.0006  add_domain: 0.0029  rest: 0.1870
Length of domains: 9169951
9251166 branch and bound domains visited
Cumulative time: 34.46857762336731

Iteration 292
Batch size: 32768
Worst bound: tensor([-0.06633908, -0.02940559, -0.07137406, -0.02606642], device='cuda:0')
Current pickout batch: 32768, total pickout batch: 9283934
Domain clipping: area new/prev 0.0000/0.0000 (0.00%), domains verified after shrinking 108, shrunken 0 (0.00%)
Current (lb-rhs): tensor([-0.22708446, -0.18415737, -0.23934233, -0.16758603])
Total time: 0.2017  pickout: 0.0003 split: 0.0005  decision: 0.0000  bounding: 0.0117  filtering: 0.0001  clipping: 0.0006  add_domain: 0.0027  rest: 0.1856
Length of domains: 9202602
9283934 branch and bound domains visited
Cumulative time: 34.670342683792114

Iteration 293
Batch size: 32768
Worst bound: tensor([-0.06633908, -0.02940559, -0.07137406, -0.02606642], device='cuda:0')
Current pickout batch: 32768, total pickout batch: 9316702
Domain clipping: area new/prev 0.0000/0.0000 (0.00%), domains verified after shrinking 108, shrunken 0 (0.00%)
Current (lb-rhs): tensor([-0.22708446, -0.18415737, -0.23934233, -0.16758603])
Total time: 0.2055  pickout: 0.0003 split: 0.0005  decision: 0.0000  bounding: 0.0130  filtering: 0.0001  clipping: 0.0006  add_domain: 0.0027  rest: 0.1882
Length of domains: 9235253
9316702 branch and bound domains visited
Cumulative time: 34.8760039806366

Iteration 294
Batch size: 32768
Worst bound: tensor([-0.06633908, -0.02940559, -0.07137406, -0.02606642], device='cuda:0')
Current pickout batch: 32768, total pickout batch: 9349470
Domain clipping: area new/prev 0.0000/0.0000 (0.00%), domains verified after shrinking 108, shrunken 0 (0.00%)
Current (lb-rhs): tensor([-0.22708446, -0.18415737, -0.23934233, -0.16758603])
Total time: 0.2056  pickout: 0.0003 split: 0.0009  decision: 0.0000  bounding: 0.0116  filtering: 0.0001  clipping: 0.0006  add_domain: 0.0030  rest: 0.1889
Length of domains: 9267904
9349470 branch and bound domains visited
Cumulative time: 35.081703662872314

Iteration 295
Batch size: 32768
Worst bound: tensor([-0.06633908, -0.02940559, -0.07137406, -0.02606642], device='cuda:0')
Current pickout batch: 32768, total pickout batch: 9382238
Domain clipping: area new/prev 0.0000/0.0000 (0.00%), domains verified after shrinking 108, shrunken 0 (0.00%)
Current (lb-rhs): tensor([-0.22708446, -0.18415737, -0.23934233, -0.16758603])
Total time: 0.2055  pickout: 0.0003 split: 0.0005  decision: 0.0000  bounding: 0.0118  filtering: 0.0001  clipping: 0.0006  add_domain: 0.0027  rest: 0.1893
Length of domains: 9300555
9382238 branch and bound domains visited
Cumulative time: 35.287296295166016

Iteration 296
Batch size: 32768
Worst bound: tensor([-0.06633908, -0.02940559, -0.07137406, -0.02606642], device='cuda:0')
Current pickout batch: 32768, total pickout batch: 9415006
Domain clipping: area new/prev 0.0000/0.0000 (0.00%), domains verified after shrinking 108, shrunken 0 (0.00%)
Current (lb-rhs): tensor([-0.22708446, -0.18415737, -0.23934233, -0.16758603])
Total time: 0.2133  pickout: 0.0003 split: 0.0005  decision: 0.0000  bounding: 0.0120  filtering: 0.0001  clipping: 0.0006  add_domain: 0.0028  rest: 0.1968
Length of domains: 9333206
9415006 branch and bound domains visited
Cumulative time: 35.50068712234497

Iteration 297
Batch size: 32768
Worst bound: tensor([-0.06633908, -0.02940559, -0.07137406, -0.02606642], device='cuda:0')
Current pickout batch: 32768, total pickout batch: 9447774
Domain clipping: area new/prev 0.0000/0.0000 (0.00%), domains verified after shrinking 108, shrunken 0 (0.00%)
Current (lb-rhs): tensor([-0.22708446, -0.18415737, -0.23934233, -0.16758603])
Total time: 0.2050  pickout: 0.0003 split: 0.0005  decision: 0.0000  bounding: 0.0127  filtering: 0.0001  clipping: 0.0006  add_domain: 0.0029  rest: 0.1878
Length of domains: 9365857
9447774 branch and bound domains visited
Cumulative time: 35.705848932266235

Iteration 298
Batch size: 32768
Worst bound: tensor([-0.06633908, -0.02940559, -0.07137406, -0.02606642], device='cuda:0')
Current pickout batch: 32768, total pickout batch: 9480542
Domain clipping: area new/prev 0.0000/0.0000 (0.00%), domains verified after shrinking 108, shrunken 0 (0.00%)
Current (lb-rhs): tensor([-0.22708446, -0.18415737, -0.23934233, -0.16758603])
Total time: 0.2081  pickout: 0.0003 split: 0.0005  decision: 0.0000  bounding: 0.0117  filtering: 0.0001  clipping: 0.0006  add_domain: 0.0029  rest: 0.1918
Length of domains: 9398508
9480542 branch and bound domains visited
Cumulative time: 35.91409206390381

Iteration 299
Batch size: 32768
Worst bound: tensor([-0.06633908, -0.02940559, -0.07137406, -0.02606642], device='cuda:0')
Current pickout batch: 32768, total pickout batch: 9513310
Domain clipping: area new/prev 0.0000/0.0000 (0.00%), domains verified after shrinking 108, shrunken 0 (0.00%)
Current (lb-rhs): tensor([-0.22708446, -0.18415737, -0.23934233, -0.16758603])
Total time: 0.2089  pickout: 0.0003 split: 0.0005  decision: 0.0000  bounding: 0.0118  filtering: 0.0001  clipping: 0.0006  add_domain: 0.0029  rest: 0.1925
Length of domains: 9431159
9513310 branch and bound domains visited
Cumulative time: 36.12311387062073

Iteration 300
Batch size: 32768
Worst bound: tensor([-0.06633908, -0.02940559, -0.07137406, -0.02606642], device='cuda:0')
Current pickout batch: 32768, total pickout batch: 9546078
Domain clipping: area new/prev 0.0000/0.0000 (0.00%), domains verified after shrinking 108, shrunken 0 (0.00%)
Current (lb-rhs): tensor([-0.22708446, -0.18415737, -0.23934233, -0.16758603])
Total time: 0.2068  pickout: 0.0003 split: 0.0005  decision: 0.0000  bounding: 0.0117  filtering: 0.0001  clipping: 0.0006  add_domain: 0.0027  rest: 0.1908
Length of domains: 9463810
9546078 branch and bound domains visited
Cumulative time: 36.3300666809082

Iteration 301
Batch size: 32768
Worst bound: tensor([-0.06633908, -0.02940559, -0.07137406, -0.02606642], device='cuda:0')
Current pickout batch: 32768, total pickout batch: 9578846
Domain clipping: area new/prev 0.0000/0.0000 (0.00%), domains verified after shrinking 108, shrunken 0 (0.00%)
Current (lb-rhs): tensor([-0.22708446, -0.18415737, -0.23934233, -0.16758603])
Total time: 0.2022  pickout: 0.0003 split: 0.0005  decision: 0.0000  bounding: 0.0118  filtering: 0.0001  clipping: 0.0006  add_domain: 0.0028  rest: 0.1860
Length of domains: 9496461
9578846 branch and bound domains visited
Cumulative time: 36.5323543548584

Iteration 302
Batch size: 32768
Worst bound: tensor([-0.06633908, -0.02940559, -0.07137406, -0.02606642], device='cuda:0')
Current pickout batch: 32768, total pickout batch: 9611614
Domain clipping: area new/prev 0.0000/0.0000 (0.00%), domains verified after shrinking 108, shrunken 0 (0.00%)
Current (lb-rhs): tensor([-0.22708446, -0.18415737, -0.23934233, -0.16758603])
Total time: 0.2073  pickout: 0.0003 split: 0.0005  decision: 0.0000  bounding: 0.0117  filtering: 0.0001  clipping: 0.0006  add_domain: 0.0026  rest: 0.1913
Length of domains: 9529112
9611614 branch and bound domains visited
Cumulative time: 36.73974943161011

Iteration 303
Batch size: 32768
Worst bound: tensor([-0.06633908, -0.02940559, -0.07137406, -0.02606642], device='cuda:0')
Current pickout batch: 32768, total pickout batch: 9644382
Domain clipping: area new/prev 0.0000/0.0000 (0.00%), domains verified after shrinking 108, shrunken 0 (0.00%)
Current (lb-rhs): tensor([-0.22708446, -0.18415737, -0.23934233, -0.16758603])
Total time: 0.2058  pickout: 0.0003 split: 0.0005  decision: 0.0000  bounding: 0.0117  filtering: 0.0001  clipping: 0.0006  add_domain: 0.0027  rest: 0.1899
Length of domains: 9561763
9644382 branch and bound domains visited
Cumulative time: 36.94567036628723

Iteration 304
Batch size: 32768
Worst bound: tensor([-0.06633908, -0.02940559, -0.07137406, -0.02606642], device='cuda:0')
Current pickout batch: 32768, total pickout batch: 9677150
Domain clipping: area new/prev 0.0000/0.0000 (0.00%), domains verified after shrinking 108, shrunken 0 (0.00%)
Current (lb-rhs): tensor([-0.22708446, -0.18415737, -0.23934233, -0.16758603])
Total time: 0.2087  pickout: 0.0003 split: 0.0005  decision: 0.0000  bounding: 0.0117  filtering: 0.0001  clipping: 0.0006  add_domain: 0.0027  rest: 0.1926
Length of domains: 9594414
9677150 branch and bound domains visited
Cumulative time: 37.15443396568298

Iteration 305
Batch size: 32768
Worst bound: tensor([-0.06633908, -0.02940559, -0.07137406, -0.02606642], device='cuda:0')
Current pickout batch: 32768, total pickout batch: 9709918
Domain clipping: area new/prev 0.0000/0.0000 (0.00%), domains verified after shrinking 108, shrunken 0 (0.00%)
Current (lb-rhs): tensor([-0.22708446, -0.18415737, -0.23934233, -0.16758603])
Total time: 0.2099  pickout: 0.0003 split: 0.0005  decision: 0.0000  bounding: 0.0117  filtering: 0.0001  clipping: 0.0006  add_domain: 0.0027  rest: 0.1939
Length of domains: 9627065
9709918 branch and bound domains visited
Cumulative time: 37.364429235458374

Iteration 306
Batch size: 32768
Worst bound: tensor([-0.06633908, -0.02940559, -0.07137406, -0.02606642], device='cuda:0')
Current pickout batch: 32768, total pickout batch: 9742686
Domain clipping: area new/prev 0.0000/0.0000 (0.00%), domains verified after shrinking 108, shrunken 0 (0.00%)
Current (lb-rhs): tensor([-0.22708446, -0.18415737, -0.23934233, -0.16758603])
Total time: 0.2095  pickout: 0.0003 split: 0.0005  decision: 0.0000  bounding: 0.0116  filtering: 0.0001  clipping: 0.0006  add_domain: 0.0026  rest: 0.1937
Length of domains: 9659716
9742686 branch and bound domains visited
Cumulative time: 37.57406210899353

Iteration 307
Batch size: 32768
Worst bound: tensor([-0.06633908, -0.02940559, -0.07137406, -0.02606642], device='cuda:0')
Current pickout batch: 32768, total pickout batch: 9775454
Domain clipping: area new/prev 0.0000/0.0000 (0.00%), domains verified after shrinking 108, shrunken 0 (0.00%)
Current (lb-rhs): tensor([-0.22708446, -0.18415737, -0.23934233, -0.16758603])
Total time: 0.2122  pickout: 0.0003 split: 0.0005  decision: 0.0000  bounding: 0.0117  filtering: 0.0001  clipping: 0.0006  add_domain: 0.0027  rest: 0.1961
Length of domains: 9692367
9775454 branch and bound domains visited
Cumulative time: 37.78634524345398

Iteration 308
Batch size: 32768
Worst bound: tensor([-0.06633908, -0.02940559, -0.07137406, -0.02606642], device='cuda:0')
Current pickout batch: 32768, total pickout batch: 9808222
Domain clipping: area new/prev 0.0000/0.0000 (0.00%), domains verified after shrinking 108, shrunken 0 (0.00%)
Current (lb-rhs): tensor([-0.22708446, -0.18415737, -0.23934233, -0.16758603])
Total time: 0.2138  pickout: 0.0003 split: 0.0005  decision: 0.0000  bounding: 0.0117  filtering: 0.0001  clipping: 0.0006  add_domain: 0.0028  rest: 0.1976
Length of domains: 9725018
9808222 branch and bound domains visited
Cumulative time: 38.000211000442505

Iteration 309
Batch size: 32768
Worst bound: tensor([-0.06633908, -0.02940559, -0.07137406, -0.02606642], device='cuda:0')
Current pickout batch: 32768, total pickout batch: 9840990
Domain clipping: area new/prev 0.0000/0.0000 (0.00%), domains verified after shrinking 108, shrunken 0 (0.00%)
Current (lb-rhs): tensor([-0.22708446, -0.18415737, -0.23934233, -0.16758603])
Total time: 0.2133  pickout: 0.0003 split: 0.0005  decision: 0.0000  bounding: 0.0116  filtering: 0.0001  clipping: 0.0006  add_domain: 0.0026  rest: 0.1974
Length of domains: 9757669
9840990 branch and bound domains visited
Cumulative time: 38.213605642318726

Iteration 310
Batch size: 32768
Worst bound: tensor([-0.06633908, -0.02940559, -0.07137406, -0.02606642], device='cuda:0')
Current pickout batch: 32768, total pickout batch: 9873758
Domain clipping: area new/prev 0.0000/0.0000 (0.00%), domains verified after shrinking 108, shrunken 0 (0.00%)
Current (lb-rhs): tensor([-0.22708446, -0.18415737, -0.23934233, -0.16758603])
Total time: 0.2151  pickout: 0.0003 split: 0.0007  decision: 0.0000  bounding: 0.0128  filtering: 0.0001  clipping: 0.0006  add_domain: 0.0028  rest: 0.1978
Length of domains: 9790320
9873758 branch and bound domains visited
Cumulative time: 38.42885971069336

Iteration 311
Batch size: 32768
Worst bound: tensor([-0.06633908, -0.02940559, -0.07137406, -0.02606642], device='cuda:0')
Current pickout batch: 32768, total pickout batch: 9906526
Domain clipping: area new/prev 0.0000/0.0000 (0.00%), domains verified after shrinking 108, shrunken 0 (0.00%)
Current (lb-rhs): tensor([-0.22708446, -0.18415737, -0.23934233, -0.16758603])
Total time: 0.2130  pickout: 0.0003 split: 0.0005  decision: 0.0000  bounding: 0.0119  filtering: 0.0001  clipping: 0.0006  add_domain: 0.0027  rest: 0.1969
Length of domains: 9822971
9906526 branch and bound domains visited
Cumulative time: 38.642014503479004

Iteration 312
Batch size: 32768
Worst bound: tensor([-0.06633908, -0.02940559, -0.07137406, -0.02606642], device='cuda:0')
Current pickout batch: 32768, total pickout batch: 9939294
Domain clipping: area new/prev 0.0000/0.0000 (0.00%), domains verified after shrinking 108, shrunken 0 (0.00%)
Current (lb-rhs): tensor([-0.22708446, -0.18415737, -0.23934233, -0.16758603])
Total time: 0.2127  pickout: 0.0003 split: 0.0005  decision: 0.0000  bounding: 0.0117  filtering: 0.0001  clipping: 0.0006  add_domain: 0.0027  rest: 0.1967
Length of domains: 9855622
9939294 branch and bound domains visited
Cumulative time: 38.85486888885498

Iteration 313
Batch size: 32768
Worst bound: tensor([-0.06633908, -0.02940559, -0.07137406, -0.02606642], device='cuda:0')
Current pickout batch: 32768, total pickout batch: 9972062
Domain clipping: area new/prev 0.0000/0.0000 (0.00%), domains verified after shrinking 108, shrunken 0 (0.00%)
Current (lb-rhs): tensor([-0.22708446, -0.18415737, -0.23934233, -0.16758603])
Total time: 0.2162  pickout: 0.0003 split: 0.0005  decision: 0.0000  bounding: 0.0117  filtering: 0.0001  clipping: 0.0006  add_domain: 0.0026  rest: 0.2002
Length of domains: 9888273
9972062 branch and bound domains visited
Cumulative time: 39.071141719818115

Iteration 314
Batch size: 32768
Worst bound: tensor([-0.06633908, -0.02940559, -0.07137406, -0.02606642], device='cuda:0')
Current pickout batch: 32768, total pickout batch: 10004830
Domain clipping: area new/prev 0.0000/0.0000 (0.00%), domains verified after shrinking 108, shrunken 0 (0.00%)
Current (lb-rhs): tensor([-0.22708446, -0.18415737, -0.23934233, -0.16758603])
Total time: 0.2134  pickout: 0.0003 split: 0.0005  decision: 0.0000  bounding: 0.0117  filtering: 0.0001  clipping: 0.0006  add_domain: 0.0028  rest: 0.1973
Length of domains: 9920924
10004830 branch and bound domains visited
Cumulative time: 39.28463125228882

Iteration 315
Batch size: 32768
Worst bound: tensor([-0.06633908, -0.02940559, -0.07137406, -0.02606642], device='cuda:0')
Current pickout batch: 32768, total pickout batch: 10037598
Domain clipping: area new/prev 0.0000/0.0000 (0.00%), domains verified after shrinking 108, shrunken 0 (0.00%)
Current (lb-rhs): tensor([-0.22708446, -0.18415737, -0.23934233, -0.16758603])
Total time: 0.2166  pickout: 0.0003 split: 0.0005  decision: 0.0000  bounding: 0.0117  filtering: 0.0001  clipping: 0.0006  add_domain: 0.0028  rest: 0.2004
Length of domains: 9953575
10037598 branch and bound domains visited
Cumulative time: 39.50136375427246

Iteration 316
Batch size: 32768
Worst bound: tensor([-0.06633908, -0.02940559, -0.07137406, -0.02606642], device='cuda:0')
Current pickout batch: 32768, total pickout batch: 10070366
Domain clipping: area new/prev 0.0000/0.0000 (0.00%), domains verified after shrinking 108, shrunken 0 (0.00%)
Current (lb-rhs): tensor([-0.22708446, -0.18415737, -0.23934233, -0.16758603])
Total time: 0.2177  pickout: 0.0003 split: 0.0005  decision: 0.0000  bounding: 0.0117  filtering: 0.0001  clipping: 0.0006  add_domain: 0.0027  rest: 0.2016
Length of domains: 9986226
10070366 branch and bound domains visited
Cumulative time: 39.71916484832764

Iteration 317
Batch size: 32768
Worst bound: tensor([-0.06633908, -0.02940559, -0.07137406, -0.02606642], device='cuda:0')
Current pickout batch: 32768, total pickout batch: 10103134
Domain clipping: area new/prev 0.0000/0.0000 (0.00%), domains verified after shrinking 108, shrunken 0 (0.00%)
Current (lb-rhs): tensor([-0.22708446, -0.18415737, -0.23934233, -0.16758603])
Total time: 0.2147  pickout: 0.0003 split: 0.0005  decision: 0.0000  bounding: 0.0118  filtering: 0.0001  clipping: 0.0006  add_domain: 0.0027  rest: 0.1985
Length of domains: 10018877
10103134 branch and bound domains visited
Cumulative time: 39.93400955200195

Iteration 318
Batch size: 32768
Worst bound: tensor([-0.06633908, -0.02940559, -0.07137406, -0.02606642], device='cuda:0')
Current pickout batch: 32768, total pickout batch: 10135902
Domain clipping: area new/prev 0.0000/0.0000 (0.00%), domains verified after shrinking 108, shrunken 0 (0.00%)
Current (lb-rhs): tensor([-0.22708446, -0.18415737, -0.23934233, -0.16758603])
Total time: 0.2186  pickout: 0.0003 split: 0.0005  decision: 0.0000  bounding: 0.0118  filtering: 0.0001  clipping: 0.0006  add_domain: 0.0028  rest: 0.2024
Length of domains: 10051528
10135902 branch and bound domains visited
Cumulative time: 40.15276026725769

Iteration 319
Batch size: 32768
Worst bound: tensor([-0.06633908, -0.02940559, -0.07137406, -0.02606642], device='cuda:0')
Current pickout batch: 32768, total pickout batch: 10168670
Domain clipping: area new/prev 0.0000/0.0000 (0.00%), domains verified after shrinking 108, shrunken 0 (0.00%)
Current (lb-rhs): tensor([-0.22708446, -0.18415737, -0.23934233, -0.16758603])
Total time: 0.2297  pickout: 0.0003 split: 0.0005  decision: 0.0000  bounding: 0.0118  filtering: 0.0001  clipping: 0.0006  add_domain: 0.0029  rest: 0.2133
Length of domains: 10084179
10168670 branch and bound domains visited
Cumulative time: 40.38254165649414

Iteration 320
Batch size: 32768
Worst bound: tensor([-0.06633908, -0.02940559, -0.07137406, -0.02606642], device='cuda:0')
Current pickout batch: 32768, total pickout batch: 10201438
Domain clipping: area new/prev 0.0000/0.0000 (0.00%), domains verified after shrinking 108, shrunken 0 (0.00%)
Current (lb-rhs): tensor([-0.22708446, -0.18415737, -0.23934233, -0.16758603])
Total time: 0.2205  pickout: 0.0003 split: 0.0005  decision: 0.0000  bounding: 0.0117  filtering: 0.0001  clipping: 0.0006  add_domain: 0.0029  rest: 0.2043
Length of domains: 10116830
10201438 branch and bound domains visited
Cumulative time: 40.603185176849365

Iteration 321
Batch size: 32768
Worst bound: tensor([-0.06633908, -0.02940559, -0.07137406, -0.02606642], device='cuda:0')
Current pickout batch: 32768, total pickout batch: 10234206
Domain clipping: area new/prev 0.0000/0.0000 (0.00%), domains verified after shrinking 108, shrunken 0 (0.00%)
Current (lb-rhs): tensor([-0.22708446, -0.18415737, -0.23934233, -0.16758603])
Total time: 0.2233  pickout: 0.0003 split: 0.0005  decision: 0.0000  bounding: 0.0117  filtering: 0.0001  clipping: 0.0006  add_domain: 0.0027  rest: 0.2072
Length of domains: 10149481
10234206 branch and bound domains visited
Cumulative time: 40.82664155960083

Iteration 322
Batch size: 32768
Worst bound: tensor([-0.06633908, -0.02940559, -0.07137406, -0.02606642], device='cuda:0')
Current pickout batch: 32768, total pickout batch: 10266974
Domain clipping: area new/prev 0.0000/0.0000 (0.00%), domains verified after shrinking 108, shrunken 0 (0.00%)
Current (lb-rhs): tensor([-0.22708446, -0.18415737, -0.23934233, -0.16758603])
Total time: 0.2240  pickout: 0.0003 split: 0.0005  decision: 0.0000  bounding: 0.0117  filtering: 0.0001  clipping: 0.0006  add_domain: 0.0027  rest: 0.2079
Length of domains: 10182132
10266974 branch and bound domains visited
Cumulative time: 41.05081081390381

Iteration 323
Batch size: 32768
Worst bound: tensor([-0.06633908, -0.02940559, -0.07137406, -0.02606642], device='cuda:0')
Current pickout batch: 32768, total pickout batch: 10299742
Domain clipping: area new/prev 0.0000/0.0000 (0.00%), domains verified after shrinking 108, shrunken 0 (0.00%)
Current (lb-rhs): tensor([-0.22708446, -0.18415737, -0.23934233, -0.16758603])
Total time: 0.2265  pickout: 0.0003 split: 0.0005  decision: 0.0000  bounding: 0.0118  filtering: 0.0001  clipping: 0.0006  add_domain: 0.0026  rest: 0.2104
Length of domains: 10214783
10299742 branch and bound domains visited
Cumulative time: 41.27738380432129

Iteration 324
Batch size: 32768
Worst bound: tensor([-0.06633908, -0.02940559, -0.07137406, -0.02606642], device='cuda:0')
Current pickout batch: 32768, total pickout batch: 10332510
Domain clipping: area new/prev 0.0000/0.0000 (0.00%), domains verified after shrinking 108, shrunken 0 (0.00%)
Current (lb-rhs): tensor([-0.22708446, -0.18415737, -0.23934233, -0.16758603])
Total time: 0.2262  pickout: 0.0003 split: 0.0005  decision: 0.0000  bounding: 0.0118  filtering: 0.0001  clipping: 0.0006  add_domain: 0.0027  rest: 0.2101
Length of domains: 10247434
10332510 branch and bound domains visited
Cumulative time: 41.503698110580444

Iteration 325
Batch size: 32768
Worst bound: tensor([-0.06633908, -0.02940559, -0.07137406, -0.02606642], device='cuda:0')
Current pickout batch: 32768, total pickout batch: 10365278
Domain clipping: area new/prev 0.0000/0.0000 (0.00%), domains verified after shrinking 108, shrunken 0 (0.00%)
Current (lb-rhs): tensor([-0.22708446, -0.18415737, -0.23934233, -0.16758603])
Total time: 0.2255  pickout: 0.0003 split: 0.0005  decision: 0.0000  bounding: 0.0117  filtering: 0.0001  clipping: 0.0006  add_domain: 0.0027  rest: 0.2094
Length of domains: 10280085
10365278 branch and bound domains visited
Cumulative time: 41.72931528091431

Iteration 326
Batch size: 32768
Worst bound: tensor([-0.06633908, -0.02940559, -0.07137406, -0.02606642], device='cuda:0')
Current pickout batch: 32768, total pickout batch: 10398046
Domain clipping: area new/prev 0.0000/0.0000 (0.00%), domains verified after shrinking 108, shrunken 0 (0.00%)
Current (lb-rhs): tensor([-0.22708446, -0.18415737, -0.23934233, -0.16758603])
Total time: 0.2266  pickout: 0.0003 split: 0.0005  decision: 0.0000  bounding: 0.0122  filtering: 0.0001  clipping: 0.0006  add_domain: 0.0026  rest: 0.2103
Length of domains: 10312736
10398046 branch and bound domains visited
Cumulative time: 41.95607542991638

Iteration 327
Batch size: 32768
Worst bound: tensor([-0.06633908, -0.02940559, -0.07137406, -0.02606642], device='cuda:0')
Current pickout batch: 32768, total pickout batch: 10430814
Domain clipping: area new/prev 0.0000/0.0000 (0.00%), domains verified after shrinking 108, shrunken 0 (0.00%)
Current (lb-rhs): tensor([-0.22708446, -0.18415737, -0.23934233, -0.16758603])
Total time: 0.2309  pickout: 0.0003 split: 0.0005  decision: 0.0000  bounding: 0.0123  filtering: 0.0001  clipping: 0.0006  add_domain: 0.0028  rest: 0.2141
Length of domains: 10345387
10430814 branch and bound domains visited
Cumulative time: 42.18706512451172

Iteration 328
Batch size: 32768
Worst bound: tensor([-0.06633908, -0.02940559, -0.07137406, -0.02606642], device='cuda:0')
Current pickout batch: 32768, total pickout batch: 10463582
Domain clipping: area new/prev 0.0000/0.0000 (0.00%), domains verified after shrinking 108, shrunken 0 (0.00%)
Current (lb-rhs): tensor([-0.22708446, -0.18415737, -0.23934233, -0.16758603])
Total time: 0.2289  pickout: 0.0003 split: 0.0005  decision: 0.0000  bounding: 0.0117  filtering: 0.0001  clipping: 0.0006  add_domain: 0.0027  rest: 0.2129
Length of domains: 10378038
10463582 branch and bound domains visited
Cumulative time: 42.41613459587097

Iteration 329
Batch size: 32768
Worst bound: tensor([-0.06633908, -0.02940559, -0.07137406, -0.02606642], device='cuda:0')
Current pickout batch: 32768, total pickout batch: 10496350
Domain clipping: area new/prev 0.0000/0.0000 (0.00%), domains verified after shrinking 108, shrunken 0 (0.00%)
Current (lb-rhs): tensor([-0.22708446, -0.18415737, -0.23934233, -0.16758603])
Total time: 0.2289  pickout: 0.0003 split: 0.0005  decision: 0.0000  bounding: 0.0118  filtering: 0.0001  clipping: 0.0006  add_domain: 0.0027  rest: 0.2128
Length of domains: 10410689
10496350 branch and bound domains visited
Cumulative time: 42.64517021179199

Iteration 330
Batch size: 32768
Worst bound: tensor([-0.06633908, -0.02940559, -0.07137406, -0.02606642], device='cuda:0')
Current pickout batch: 32768, total pickout batch: 10529118
Domain clipping: area new/prev 0.0000/0.0000 (0.00%), domains verified after shrinking 108, shrunken 0 (0.00%)
Current (lb-rhs): tensor([-0.22708446, -0.18415737, -0.23934233, -0.16758603])
Total time: 0.2311  pickout: 0.0003 split: 0.0011  decision: 0.0000  bounding: 0.0123  filtering: 0.0002  clipping: 0.0006  add_domain: 0.0028  rest: 0.2137
Length of domains: 10443340
10529118 branch and bound domains visited
Cumulative time: 42.87640023231506

Iteration 331
Batch size: 32768
Worst bound: tensor([-0.06633908, -0.02940559, -0.07137406, -0.02606642], device='cuda:0')
Current pickout batch: 32768, total pickout batch: 10561886
Domain clipping: area new/prev 0.0000/0.0000 (0.00%), domains verified after shrinking 108, shrunken 0 (0.00%)
Current (lb-rhs): tensor([-0.22708446, -0.18415737, -0.23934233, -0.16758603])
Total time: 0.4437  pickout: 0.0003 split: 0.0005  decision: 0.0000  bounding: 0.0118  filtering: 0.0001  clipping: 0.0006  add_domain: 0.2152  rest: 0.2151
Length of domains: 10475991
10561886 branch and bound domains visited
Cumulative time: 43.320229053497314

Iteration 332
Batch size: 32768
Worst bound: tensor([-0.06633908, -0.02940559, -0.07137406, -0.02606642], device='cuda:0')
Current pickout batch: 32768, total pickout batch: 10594654
Domain clipping: area new/prev 0.0000/0.0000 (0.00%), domains verified after shrinking 108, shrunken 0 (0.00%)
Current (lb-rhs): tensor([-0.22708446, -0.18415737, -0.23934233, -0.16758603])
Total time: 0.2280  pickout: 0.0003 split: 0.0005  decision: 0.0000  bounding: 0.0117  filtering: 0.0001  clipping: 0.0006  add_domain: 0.0028  rest: 0.2118
Length of domains: 10508642
10594654 branch and bound domains visited
Cumulative time: 43.54835557937622

Iteration 333
Batch size: 32768
Worst bound: tensor([-0.06633908, -0.02940559, -0.07137406, -0.02606642], device='cuda:0')
Current pickout batch: 32768, total pickout batch: 10627422
Domain clipping: area new/prev 0.0000/0.0000 (0.00%), domains verified after shrinking 108, shrunken 0 (0.00%)
Current (lb-rhs): tensor([-0.22708446, -0.18415737, -0.23934233, -0.16758603])
Total time: 0.2286  pickout: 0.0003 split: 0.0005  decision: 0.0000  bounding: 0.0117  filtering: 0.0001  clipping: 0.0006  add_domain: 0.0026  rest: 0.2127
Length of domains: 10541293
10627422 branch and bound domains visited
Cumulative time: 43.77702474594116

Iteration 334
Batch size: 32768
Worst bound: tensor([-0.06633908, -0.02940559, -0.07137406, -0.02606642], device='cuda:0')
Current pickout batch: 32768, total pickout batch: 10660190
Domain clipping: area new/prev 0.0000/0.0000 (0.00%), domains verified after shrinking 108, shrunken 0 (0.00%)
Current (lb-rhs): tensor([-0.22708446, -0.18415737, -0.23934233, -0.16758603])
Total time: 0.2313  pickout: 0.0003 split: 0.0005  decision: 0.0000  bounding: 0.0117  filtering: 0.0001  clipping: 0.0006  add_domain: 0.0026  rest: 0.2153
Length of domains: 10573944
10660190 branch and bound domains visited
Cumulative time: 44.00843620300293

Iteration 335
Batch size: 32768
Worst bound: tensor([-0.06633908, -0.02940559, -0.07137406, -0.02606642], device='cuda:0')
Current pickout batch: 32768, total pickout batch: 10692958
Domain clipping: area new/prev 0.0000/0.0000 (0.00%), domains verified after shrinking 108, shrunken 0 (0.00%)
Current (lb-rhs): tensor([-0.22708446, -0.18415737, -0.23934233, -0.16758603])
Total time: 0.2314  pickout: 0.0003 split: 0.0005  decision: 0.0000  bounding: 0.0118  filtering: 0.0001  clipping: 0.0006  add_domain: 0.0026  rest: 0.2153
Length of domains: 10606595
10692958 branch and bound domains visited
Cumulative time: 44.23996543884277

Iteration 336
Batch size: 32768
Worst bound: tensor([-0.06633908, -0.02940559, -0.07137406, -0.02606642], device='cuda:0')
Current pickout batch: 32768, total pickout batch: 10725726
Domain clipping: area new/prev 0.0000/0.0000 (0.00%), domains verified after shrinking 108, shrunken 0 (0.00%)
Current (lb-rhs): tensor([-0.22708446, -0.18415737, -0.23934233, -0.16758603])
Total time: 0.2299  pickout: 0.0003 split: 0.0005  decision: 0.0000  bounding: 0.0118  filtering: 0.0001  clipping: 0.0006  add_domain: 0.0027  rest: 0.2138
Length of domains: 10639246
10725726 branch and bound domains visited
Cumulative time: 44.469966650009155

Iteration 337
Batch size: 32768
Worst bound: tensor([-0.06633908, -0.02940559, -0.07137406, -0.02606642], device='cuda:0')
Current pickout batch: 32768, total pickout batch: 10758494
Domain clipping: area new/prev 0.0000/0.0000 (0.00%), domains verified after shrinking 108, shrunken 0 (0.00%)
Current (lb-rhs): tensor([-0.22708446, -0.18415737, -0.23934233, -0.16758603])
Total time: 0.2327  pickout: 0.0003 split: 0.0005  decision: 0.0000  bounding: 0.0116  filtering: 0.0001  clipping: 0.0006  add_domain: 0.0027  rest: 0.2168
Length of domains: 10671897
10758494 branch and bound domains visited
Cumulative time: 44.702789545059204

Iteration 338
Batch size: 32768
Worst bound: tensor([-0.06633908, -0.02940559, -0.07137406, -0.02606642], device='cuda:0')
Current pickout batch: 32768, total pickout batch: 10791262
Domain clipping: area new/prev 0.0000/0.0000 (0.00%), domains verified after shrinking 108, shrunken 0 (0.00%)
Current (lb-rhs): tensor([-0.22708446, -0.18415737, -0.23934233, -0.16758603])
Total time: 0.2325  pickout: 0.0003 split: 0.0005  decision: 0.0000  bounding: 0.0117  filtering: 0.0001  clipping: 0.0006  add_domain: 0.0027  rest: 0.2164
Length of domains: 10704548
10791262 branch and bound domains visited
Cumulative time: 44.935391426086426

Iteration 339
Batch size: 32768
Worst bound: tensor([-0.06633908, -0.02940559, -0.07137406, -0.02606642], device='cuda:0')
Current pickout batch: 32768, total pickout batch: 10824030
Domain clipping: area new/prev 0.0000/0.0000 (0.00%), domains verified after shrinking 108, shrunken 0 (0.00%)
Current (lb-rhs): tensor([-0.22708446, -0.18415737, -0.23934233, -0.16758603])
Total time: 0.2338  pickout: 0.0003 split: 0.0005  decision: 0.0000  bounding: 0.0118  filtering: 0.0001  clipping: 0.0006  add_domain: 0.0026  rest: 0.2177
Length of domains: 10737199
10824030 branch and bound domains visited
Cumulative time: 45.16930794715881

Iteration 340
Batch size: 32768
Worst bound: tensor([-0.06633908, -0.02940559, -0.07137406, -0.02606642], device='cuda:0')
Current pickout batch: 32768, total pickout batch: 10856798
Domain clipping: area new/prev 0.0000/0.0000 (0.00%), domains verified after shrinking 108, shrunken 0 (0.00%)
Current (lb-rhs): tensor([-0.22708446, -0.18415737, -0.23934233, -0.16758603])
Total time: 0.2341  pickout: 0.0003 split: 0.0005  decision: 0.0000  bounding: 0.0117  filtering: 0.0001  clipping: 0.0006  add_domain: 0.0026  rest: 0.2181
Length of domains: 10769850
10856798 branch and bound domains visited
Cumulative time: 45.40347504615784

Iteration 341
Batch size: 32768
Worst bound: tensor([-0.06633908, -0.02940559, -0.07137406, -0.02606642], device='cuda:0')
Current pickout batch: 32768, total pickout batch: 10889566
Domain clipping: area new/prev 0.0000/0.0000 (0.00%), domains verified after shrinking 108, shrunken 0 (0.00%)
Current (lb-rhs): tensor([-0.22708446, -0.18415737, -0.23934233, -0.16758603])
Total time: 0.2362  pickout: 0.0003 split: 0.0005  decision: 0.0000  bounding: 0.0117  filtering: 0.0001  clipping: 0.0006  add_domain: 0.0028  rest: 0.2200
Length of domains: 10802501
10889566 branch and bound domains visited
Cumulative time: 45.63979244232178

Iteration 342
Batch size: 32768
Worst bound: tensor([-0.06633908, -0.02940559, -0.07137406, -0.02606642], device='cuda:0')
Current pickout batch: 32768, total pickout batch: 10922334
Domain clipping: area new/prev 0.0000/0.0000 (0.00%), domains verified after shrinking 108, shrunken 0 (0.00%)
Current (lb-rhs): tensor([-0.22708446, -0.18415737, -0.23934233, -0.16758603])
Total time: 0.2363  pickout: 0.0003 split: 0.0005  decision: 0.0000  bounding: 0.0117  filtering: 0.0001  clipping: 0.0006  add_domain: 0.0028  rest: 0.2201
Length of domains: 10835152
10922334 branch and bound domains visited
Cumulative time: 45.87617063522339

Iteration 343
Batch size: 32768
Worst bound: tensor([-0.06633908, -0.02940559, -0.07137406, -0.02606642], device='cuda:0')
Current pickout batch: 32768, total pickout batch: 10955102
Domain clipping: area new/prev 0.0000/0.0000 (0.00%), domains verified after shrinking 108, shrunken 0 (0.00%)
Current (lb-rhs): tensor([-0.22708446, -0.18415737, -0.23934233, -0.16758603])
Total time: 0.2363  pickout: 0.0003 split: 0.0005  decision: 0.0000  bounding: 0.0117  filtering: 0.0001  clipping: 0.0006  add_domain: 0.0026  rest: 0.2203
Length of domains: 10867803
10955102 branch and bound domains visited
Cumulative time: 46.11263847351074

Iteration 344
Batch size: 32768
Worst bound: tensor([-0.06633908, -0.02940559, -0.07137406, -0.02606642], device='cuda:0')
Current pickout batch: 32768, total pickout batch: 10987870
Domain clipping: area new/prev 0.0000/0.0000 (0.00%), domains verified after shrinking 108, shrunken 0 (0.00%)
Current (lb-rhs): tensor([-0.22708446, -0.18415737, -0.23934233, -0.16758603])
Total time: 0.2366  pickout: 0.0003 split: 0.0005  decision: 0.0000  bounding: 0.0117  filtering: 0.0001  clipping: 0.0006  add_domain: 0.0028  rest: 0.2205
Length of domains: 10900454
10987870 branch and bound domains visited
Cumulative time: 46.3493857383728

Iteration 345
Batch size: 32768
Worst bound: tensor([-0.06633908, -0.02940559, -0.07137406, -0.02606642], device='cuda:0')
Current pickout batch: 32768, total pickout batch: 11020638
Domain clipping: area new/prev 0.0000/0.0000 (0.00%), domains verified after shrinking 108, shrunken 0 (0.00%)
Current (lb-rhs): tensor([-0.22708446, -0.18415737, -0.23934233, -0.16758603])
Total time: 0.2395  pickout: 0.0003 split: 0.0005  decision: 0.0000  bounding: 0.0129  filtering: 0.0001  clipping: 0.0006  add_domain: 0.0028  rest: 0.2222
Length of domains: 10933105
11020638 branch and bound domains visited
Cumulative time: 46.589030265808105

Iteration 346
Batch size: 32768
Worst bound: tensor([-0.06633908, -0.02940559, -0.07137406, -0.02606642], device='cuda:0')
Current pickout batch: 32768, total pickout batch: 11053406
Domain clipping: area new/prev 0.0000/0.0000 (0.00%), domains verified after shrinking 108, shrunken 0 (0.00%)
Current (lb-rhs): tensor([-0.22708446, -0.18415737, -0.23934233, -0.16758603])
Total time: 0.2399  pickout: 0.0003 split: 0.0005  decision: 0.0000  bounding: 0.0117  filtering: 0.0001  clipping: 0.0006  add_domain: 0.0028  rest: 0.2238
Length of domains: 10965756
11053406 branch and bound domains visited
Cumulative time: 46.82907223701477

Iteration 347
Batch size: 32768
Worst bound: tensor([-0.06633908, -0.02940559, -0.07137406, -0.02606642], device='cuda:0')
Current pickout batch: 32768, total pickout batch: 11086174
Domain clipping: area new/prev 0.0000/0.0000 (0.00%), domains verified after shrinking 108, shrunken 0 (0.00%)
Current (lb-rhs): tensor([-0.22708446, -0.18415737, -0.23934233, -0.16758603])
Total time: 0.2371  pickout: 0.0003 split: 0.0005  decision: 0.0000  bounding: 0.0117  filtering: 0.0001  clipping: 0.0006  add_domain: 0.0027  rest: 0.2211
Length of domains: 10998407
11086174 branch and bound domains visited
Cumulative time: 47.066303730010986

Iteration 348
Batch size: 32768
Worst bound: tensor([-0.06633908, -0.02940559, -0.07137406, -0.02606642], device='cuda:0')
Current pickout batch: 32768, total pickout batch: 11118942
Domain clipping: area new/prev 0.0000/0.0000 (0.00%), domains verified after shrinking 108, shrunken 0 (0.00%)
Current (lb-rhs): tensor([-0.22708446, -0.18415737, -0.23934233, -0.16758603])
Total time: 0.2408  pickout: 0.0003 split: 0.0005  decision: 0.0000  bounding: 0.0117  filtering: 0.0001  clipping: 0.0006  add_domain: 0.0029  rest: 0.2245
Length of domains: 11031058
11118942 branch and bound domains visited
Cumulative time: 47.30721879005432

Iteration 349
Batch size: 32768
Worst bound: tensor([-0.06633908, -0.02940559, -0.07137406, -0.02606642], device='cuda:0')
Current pickout batch: 32768, total pickout batch: 11151710
Domain clipping: area new/prev 0.0000/0.0000 (0.00%), domains verified after shrinking 108, shrunken 0 (0.00%)
Current (lb-rhs): tensor([-0.22708446, -0.18415737, -0.23934233, -0.16758603])
Total time: 0.2379  pickout: 0.0003 split: 0.0005  decision: 0.0000  bounding: 0.0117  filtering: 0.0001  clipping: 0.0006  add_domain: 0.0026  rest: 0.2219
Length of domains: 11063709
11151710 branch and bound domains visited
Cumulative time: 47.54519319534302

Iteration 350
Batch size: 32768
Worst bound: tensor([-0.06633908, -0.02940559, -0.07137406, -0.02606642], device='cuda:0')
Current pickout batch: 32768, total pickout batch: 11184478
Domain clipping: area new/prev 0.0000/0.0000 (0.00%), domains verified after shrinking 108, shrunken 0 (0.00%)
Current (lb-rhs): tensor([-0.22708446, -0.18415737, -0.23934233, -0.16758603])
Total time: 0.2385  pickout: 0.0003 split: 0.0005  decision: 0.0000  bounding: 0.0117  filtering: 0.0001  clipping: 0.0006  add_domain: 0.0026  rest: 0.2226
Length of domains: 11096360
11184478 branch and bound domains visited
Cumulative time: 47.783841133117676

Iteration 351
Batch size: 32768
Worst bound: tensor([-0.06633908, -0.02940559, -0.07137406, -0.02606642], device='cuda:0')
Current pickout batch: 32768, total pickout batch: 11217246
Domain clipping: area new/prev 0.0000/0.0000 (0.00%), domains verified after shrinking 108, shrunken 0 (0.00%)
Current (lb-rhs): tensor([-0.22708446, -0.18415737, -0.23934233, -0.16758603])
Total time: 0.2402  pickout: 0.0003 split: 0.0005  decision: 0.0000  bounding: 0.0117  filtering: 0.0001  clipping: 0.0006  add_domain: 0.0026  rest: 0.2242
Length of domains: 11129011
11217246 branch and bound domains visited
Cumulative time: 48.02413725852966

Iteration 352
Batch size: 32768
Worst bound: tensor([-0.06633908, -0.02940559, -0.07137406, -0.02606642], device='cuda:0')
Current pickout batch: 32768, total pickout batch: 11250014
Domain clipping: area new/prev 0.0000/0.0000 (0.00%), domains verified after shrinking 108, shrunken 0 (0.00%)
Current (lb-rhs): tensor([-0.22708446, -0.18415737, -0.23934233, -0.16758603])
Total time: 0.2407  pickout: 0.0003 split: 0.0005  decision: 0.0000  bounding: 0.0117  filtering: 0.0001  clipping: 0.0006  add_domain: 0.0029  rest: 0.2244
Length of domains: 11161662
11250014 branch and bound domains visited
Cumulative time: 48.264907121658325

Iteration 353
Batch size: 32768
Worst bound: tensor([-0.06633908, -0.02940559, -0.07137406, -0.02606642], device='cuda:0')
Current pickout batch: 32768, total pickout batch: 11282782
Domain clipping: area new/prev 0.0000/0.0000 (0.00%), domains verified after shrinking 108, shrunken 0 (0.00%)
Current (lb-rhs): tensor([-0.22708446, -0.18415737, -0.23934233, -0.16758603])
Total time: 0.2415  pickout: 0.0003 split: 0.0005  decision: 0.0000  bounding: 0.0117  filtering: 0.0001  clipping: 0.0006  add_domain: 0.0032  rest: 0.2249
Length of domains: 11194313
11282782 branch and bound domains visited
Cumulative time: 48.5065336227417

Iteration 354
Batch size: 32768
Worst bound: tensor([-0.06633908, -0.02940559, -0.07137406, -0.02606642], device='cuda:0')
Current pickout batch: 32768, total pickout batch: 11315550
Domain clipping: area new/prev 0.0000/0.0000 (0.00%), domains verified after shrinking 108, shrunken 0 (0.00%)
Current (lb-rhs): tensor([-0.22708446, -0.18415737, -0.23934233, -0.16758603])
Total time: 0.2401  pickout: 0.0003 split: 0.0005  decision: 0.0000  bounding: 0.0118  filtering: 0.0001  clipping: 0.0006  add_domain: 0.0027  rest: 0.2240
Length of domains: 11226964
11315550 branch and bound domains visited
Cumulative time: 48.74675512313843

Iteration 355
Batch size: 32768
Worst bound: tensor([-0.06633908, -0.02940559, -0.07137406, -0.02606642], device='cuda:0')
Current pickout batch: 32768, total pickout batch: 11348318
Domain clipping: area new/prev 0.0000/0.0000 (0.00%), domains verified after shrinking 108, shrunken 0 (0.00%)
Current (lb-rhs): tensor([-0.22708446, -0.18415737, -0.23934233, -0.16758603])
Total time: 0.2482  pickout: 0.0003 split: 0.0005  decision: 0.0000  bounding: 0.0186  filtering: 0.0001  clipping: 0.0006  add_domain: 0.0026  rest: 0.2253
Length of domains: 11259615
11348318 branch and bound domains visited
Cumulative time: 48.99509906768799

Iteration 356
Batch size: 32768
Worst bound: tensor([-0.06633908, -0.02940559, -0.07137406, -0.02606642], device='cuda:0')
Current pickout batch: 32768, total pickout batch: 11381086
Domain clipping: area new/prev 0.0000/0.0000 (0.00%), domains verified after shrinking 108, shrunken 0 (0.00%)
Current (lb-rhs): tensor([-0.22708446, -0.18415737, -0.23934233, -0.16758603])
Total time: 0.2454  pickout: 0.0003 split: 0.0005  decision: 0.0000  bounding: 0.0122  filtering: 0.0001  clipping: 0.0006  add_domain: 0.0026  rest: 0.2290
Length of domains: 11292266
11381086 branch and bound domains visited
Cumulative time: 49.24067687988281

Iteration 357
Batch size: 32768
Worst bound: tensor([-0.06633908, -0.02940559, -0.07137406, -0.02606642], device='cuda:0')
Current pickout batch: 32768, total pickout batch: 11413854
Domain clipping: area new/prev 0.0000/0.0000 (0.00%), domains verified after shrinking 108, shrunken 0 (0.00%)
Current (lb-rhs): tensor([-0.22708446, -0.18415737, -0.23934233, -0.16758603])
Total time: 0.2510  pickout: 0.0004 split: 0.0005  decision: 0.0000  bounding: 0.0128  filtering: 0.0001  clipping: 0.0006  add_domain: 0.0025  rest: 0.2340
Length of domains: 11324917
11413854 branch and bound domains visited
Cumulative time: 49.49180507659912

Iteration 358
Batch size: 32768
Worst bound: tensor([-0.06633908, -0.02940559, -0.07137406, -0.02606642], device='cuda:0')
Current pickout batch: 32768, total pickout batch: 11446622
Domain clipping: area new/prev 0.0000/0.0000 (0.00%), domains verified after shrinking 108, shrunken 0 (0.00%)
Current (lb-rhs): tensor([-0.22708446, -0.18415737, -0.23934233, -0.16758603])
Total time: 0.2472  pickout: 0.0003 split: 0.0005  decision: 0.0000  bounding: 0.0119  filtering: 0.0001  clipping: 0.0006  add_domain: 0.0028  rest: 0.2309
Length of domains: 11357568
11446622 branch and bound domains visited
Cumulative time: 49.73908519744873

Iteration 359
Batch size: 32768
Worst bound: tensor([-0.06633908, -0.02940559, -0.07137406, -0.02606642], device='cuda:0')
Current pickout batch: 32768, total pickout batch: 11479390
Domain clipping: area new/prev 0.0000/0.0000 (0.00%), domains verified after shrinking 108, shrunken 0 (0.00%)
Current (lb-rhs): tensor([-0.22708446, -0.18415737, -0.23934233, -0.16758603])
Total time: 0.2430  pickout: 0.0003 split: 0.0005  decision: 0.0000  bounding: 0.0119  filtering: 0.0001  clipping: 0.0006  add_domain: 0.0027  rest: 0.2267
Length of domains: 11390219
11479390 branch and bound domains visited
Cumulative time: 49.982205867767334

Iteration 360
Batch size: 32768
Worst bound: tensor([-0.06633908, -0.02940559, -0.07137406, -0.02606642], device='cuda:0')
Current pickout batch: 32768, total pickout batch: 11512158
Domain clipping: area new/prev 0.0000/0.0000 (0.00%), domains verified after shrinking 108, shrunken 0 (0.00%)
Current (lb-rhs): tensor([-0.22708446, -0.18415737, -0.23934233, -0.16758603])
Total time: 0.2712  pickout: 0.0013 split: 0.0066  decision: 0.0000  bounding: 0.0242  filtering: 0.0004  clipping: 0.0057  add_domain: 0.0046  rest: 0.2284
Length of domains: 11422870
11512158 branch and bound domains visited
Cumulative time: 50.253581285476685

Iteration 361
Batch size: 32768
Worst bound: tensor([-0.06633908, -0.02940559, -0.07137406, -0.02606642], device='cuda:0')
Current pickout batch: 32768, total pickout batch: 11544926
Domain clipping: area new/prev 0.0000/0.0000 (0.00%), domains verified after shrinking 108, shrunken 0 (0.00%)
Current (lb-rhs): tensor([-0.22708446, -0.18415737, -0.23934233, -0.16758603])
Total time: 0.2589  pickout: 0.0005 split: 0.0024  decision: 0.0000  bounding: 0.0173  filtering: 0.0001  clipping: 0.0020  add_domain: 0.0040  rest: 0.2325
Length of domains: 11455521
11544926 branch and bound domains visited
Cumulative time: 50.512606382369995

Iteration 362
Batch size: 32768
Worst bound: tensor([-0.06633908, -0.02940559, -0.07137406, -0.02606642], device='cuda:0')
Current pickout batch: 32768, total pickout batch: 11577694
Domain clipping: area new/prev 0.0000/0.0000 (0.00%), domains verified after shrinking 108, shrunken 0 (0.00%)
Current (lb-rhs): tensor([-0.22708446, -0.18415737, -0.23934233, -0.16758603])
Total time: 0.2602  pickout: 0.0003 split: 0.0015  decision: 0.0000  bounding: 0.0166  filtering: 0.0003  clipping: 0.0043  add_domain: 0.0042  rest: 0.2329
Length of domains: 11488172
11577694 branch and bound domains visited
Cumulative time: 50.77292251586914

Iteration 363
Batch size: 32768
Worst bound: tensor([-0.06633908, -0.02940559, -0.07137406, -0.02606642], device='cuda:0')
Current pickout batch: 32768, total pickout batch: 11610462
Domain clipping: area new/prev 0.0000/0.0000 (0.00%), domains verified after shrinking 108, shrunken 0 (0.00%)
Current (lb-rhs): tensor([-0.22708446, -0.18415737, -0.23934233, -0.16758603])
Total time: 0.2547  pickout: 0.0003 split: 0.0044  decision: 0.0000  bounding: 0.0140  filtering: 0.0001  clipping: 0.0019  add_domain: 0.0049  rest: 0.2290
Length of domains: 11520823
11610462 branch and bound domains visited
Cumulative time: 51.02769470214844

Iteration 364
Batch size: 32768
Worst bound: tensor([-0.06633908, -0.02940559, -0.07137406, -0.02606642], device='cuda:0')
Current pickout batch: 32768, total pickout batch: 11643230
Domain clipping: area new/prev 0.0000/0.0000 (0.00%), domains verified after shrinking 108, shrunken 0 (0.00%)
Current (lb-rhs): tensor([-0.22708446, -0.18415737, -0.23934233, -0.16758603])
Total time: 0.2487  pickout: 0.0003 split: 0.0005  decision: 0.0000  bounding: 0.0118  filtering: 0.0001  clipping: 0.0008  add_domain: 0.0033  rest: 0.2318
Length of domains: 11553474
11643230 branch and bound domains visited
Cumulative time: 51.27655363082886

Iteration 365
Batch size: 32768
Worst bound: tensor([-0.06633908, -0.02940559, -0.07137406, -0.02606642], device='cuda:0')
Current pickout batch: 32768, total pickout batch: 11675998
Domain clipping: area new/prev 0.0000/0.0000 (0.00%), domains verified after shrinking 108, shrunken 0 (0.00%)
Current (lb-rhs): tensor([-0.22708446, -0.18415737, -0.23934233, -0.16758603])
Total time: 0.2507  pickout: 0.0003 split: 0.0005  decision: 0.0000  bounding: 0.0122  filtering: 0.0001  clipping: 0.0006  add_domain: 0.0025  rest: 0.2343
Length of domains: 11586125
11675998 branch and bound domains visited
Cumulative time: 51.52733588218689

Iteration 366
Batch size: 32768
Worst bound: tensor([-0.06633908, -0.02940559, -0.07137406, -0.02606642], device='cuda:0')
Current pickout batch: 32768, total pickout batch: 11708766
Domain clipping: area new/prev 0.0000/0.0000 (0.00%), domains verified after shrinking 108, shrunken 0 (0.00%)
Current (lb-rhs): tensor([-0.22708446, -0.18415737, -0.23934233, -0.16758603])
Total time: 0.2531  pickout: 0.0003 split: 0.0005  decision: 0.0000  bounding: 0.0118  filtering: 0.0001  clipping: 0.0006  add_domain: 0.0025  rest: 0.2372
Length of domains: 11618776
11708766 branch and bound domains visited
Cumulative time: 51.78056049346924

Iteration 367
Batch size: 32768
Worst bound: tensor([-0.06633908, -0.02940559, -0.07137406, -0.02606642], device='cuda:0')
Current pickout batch: 32768, total pickout batch: 11741534
Domain clipping: area new/prev 0.0000/0.0000 (0.00%), domains verified after shrinking 108, shrunken 0 (0.00%)
Current (lb-rhs): tensor([-0.22708446, -0.18415737, -0.23934233, -0.16758603])
Total time: 0.2513  pickout: 0.0003 split: 0.0005  decision: 0.0000  bounding: 0.0123  filtering: 0.0001  clipping: 0.0006  add_domain: 0.0025  rest: 0.2348
Length of domains: 11651427
11741534 branch and bound domains visited
Cumulative time: 52.03193163871765

Iteration 368
Batch size: 32768
Worst bound: tensor([-0.06633908, -0.02940559, -0.07137406, -0.02606642], device='cuda:0')
Current pickout batch: 32768, total pickout batch: 11774302
Domain clipping: area new/prev 0.0000/0.0000 (0.00%), domains verified after shrinking 108, shrunken 0 (0.00%)
Current (lb-rhs): tensor([-0.22708446, -0.18415737, -0.23934233, -0.16758603])
Total time: 0.2528  pickout: 0.0003 split: 0.0005  decision: 0.0000  bounding: 0.0121  filtering: 0.0001  clipping: 0.0006  add_domain: 0.0025  rest: 0.2365
Length of domains: 11684078
11774302 branch and bound domains visited
Cumulative time: 52.28486466407776

Iteration 369
Batch size: 32768
Worst bound: tensor([-0.06633908, -0.02940559, -0.07137406, -0.02606642], device='cuda:0')
Current pickout batch: 32768, total pickout batch: 11807070
Domain clipping: area new/prev 0.0000/0.0000 (0.00%), domains verified after shrinking 108, shrunken 0 (0.00%)
Current (lb-rhs): tensor([-0.22708446, -0.18415737, -0.23934233, -0.16758603])
Total time: 0.2527  pickout: 0.0003 split: 0.0005  decision: 0.0000  bounding: 0.0118  filtering: 0.0001  clipping: 0.0006  add_domain: 0.0027  rest: 0.2365
Length of domains: 11716729
11807070 branch and bound domains visited
Cumulative time: 52.537649154663086

Iteration 370
Batch size: 32768
Worst bound: tensor([-0.06633908, -0.02940559, -0.07137406, -0.02606642], device='cuda:0')
Current pickout batch: 32768, total pickout batch: 11839838
Domain clipping: area new/prev 0.0000/0.0000 (0.00%), domains verified after shrinking 108, shrunken 0 (0.00%)
Current (lb-rhs): tensor([-0.22708446, -0.18415737, -0.23934233, -0.16758603])
Total time: 0.2541  pickout: 0.0003 split: 0.0005  decision: 0.0000  bounding: 0.0118  filtering: 0.0001  clipping: 0.0006  add_domain: 0.0026  rest: 0.2380
Length of domains: 11749380
11839838 branch and bound domains visited
Cumulative time: 52.79192113876343

Iteration 371
Batch size: 32768
Worst bound: tensor([-0.06633908, -0.02940559, -0.07137406, -0.02606642], device='cuda:0')
Current pickout batch: 32768, total pickout batch: 11872606
Domain clipping: area new/prev 0.0000/0.0000 (0.00%), domains verified after shrinking 108, shrunken 0 (0.00%)
Current (lb-rhs): tensor([-0.22708446, -0.18415737, -0.23934233, -0.16758603])
Total time: 0.2541  pickout: 0.0003 split: 0.0005  decision: 0.0000  bounding: 0.0117  filtering: 0.0001  clipping: 0.0006  add_domain: 0.0027  rest: 0.2379
Length of domains: 11782031
11872606 branch and bound domains visited
Cumulative time: 53.04611611366272

Iteration 372
Batch size: 32768
Worst bound: tensor([-0.06633908, -0.02940559, -0.07137406, -0.02606642], device='cuda:0')
Current pickout batch: 32768, total pickout batch: 11905374
Domain clipping: area new/prev 0.0000/0.0000 (0.00%), domains verified after shrinking 108, shrunken 0 (0.00%)
Current (lb-rhs): tensor([-0.22708446, -0.18415737, -0.23934233, -0.16758603])
Total time: 0.2523  pickout: 0.0003 split: 0.0005  decision: 0.0000  bounding: 0.0118  filtering: 0.0001  clipping: 0.0006  add_domain: 0.0027  rest: 0.2362
Length of domains: 11814682
11905374 branch and bound domains visited
Cumulative time: 53.29857420921326

Iteration 373
Batch size: 32768
Worst bound: tensor([-0.06633908, -0.02940559, -0.07137406, -0.02606642], device='cuda:0')
Current pickout batch: 32768, total pickout batch: 11938142
Domain clipping: area new/prev 0.0000/0.0000 (0.00%), domains verified after shrinking 108, shrunken 0 (0.00%)
Current (lb-rhs): tensor([-0.22708446, -0.18415737, -0.23934233, -0.16758603])
Total time: 0.2657  pickout: 0.0003 split: 0.0018  decision: 0.0000  bounding: 0.0229  filtering: 0.0002  clipping: 0.0009  add_domain: 0.0036  rest: 0.2359
Length of domains: 11847333
11938142 branch and bound domains visited
Cumulative time: 53.564391136169434

Iteration 374
Batch size: 32768
Worst bound: tensor([-0.06633908, -0.02940559, -0.07137406, -0.02606642], device='cuda:0')
Current pickout batch: 32768, total pickout batch: 11970910
Domain clipping: area new/prev 0.0000/0.0000 (0.00%), domains verified after shrinking 108, shrunken 0 (0.00%)
Current (lb-rhs): tensor([-0.22708446, -0.18415737, -0.23934233, -0.16758603])
Total time: 0.2766  pickout: 0.0008 split: 0.0052  decision: 0.0000  bounding: 0.0212  filtering: 0.0002  clipping: 0.0048  add_domain: 0.0041  rest: 0.2402
Length of domains: 11879984
11970910 branch and bound domains visited
Cumulative time: 53.841076135635376

Iteration 375
Batch size: 32768
Worst bound: tensor([-0.06633908, -0.02940559, -0.07137406, -0.02606642], device='cuda:0')
Current pickout batch: 32768, total pickout batch: 12003678
Domain clipping: area new/prev 0.0000/0.0000 (0.00%), domains verified after shrinking 108, shrunken 0 (0.00%)
Current (lb-rhs): tensor([-0.22708446, -0.18415737, -0.23934233, -0.16758603])
Total time: 0.2753  pickout: 0.0003 split: 0.0051  decision: 0.0000  bounding: 0.0201  filtering: 0.0002  clipping: 0.0038  add_domain: 0.0054  rest: 0.2402
Length of domains: 11912635
12003678 branch and bound domains visited
Cumulative time: 54.116467237472534

Iteration 376
Batch size: 32768
Worst bound: tensor([-0.06633908, -0.02940559, -0.07137406, -0.02606642], device='cuda:0')
Current pickout batch: 32768, total pickout batch: 12036446
Domain clipping: area new/prev 0.0000/0.0000 (0.00%), domains verified after shrinking 108, shrunken 0 (0.00%)
Current (lb-rhs): tensor([-0.22708446, -0.18415737, -0.23934233, -0.16758603])
Total time: 0.2904  pickout: 0.0003 split: 0.0075  decision: 0.0000  bounding: 0.0266  filtering: 0.0003  clipping: 0.0044  add_domain: 0.0067  rest: 0.2445
Length of domains: 11945286
12036446 branch and bound domains visited
Cumulative time: 54.40696835517883

Iteration 377
Batch size: 32768
Worst bound: tensor([-0.06633908, -0.02940559, -0.07137406, -0.02606642], device='cuda:0')
Current pickout batch: 32768, total pickout batch: 12069214
Domain clipping: area new/prev 0.0000/0.0000 (0.00%), domains verified after shrinking 108, shrunken 0 (0.00%)
Current (lb-rhs): tensor([-0.22708446, -0.18415737, -0.23934233, -0.16758603])
Total time: 0.2819  pickout: 0.0008 split: 0.0051  decision: 0.0000  bounding: 0.0209  filtering: 0.0002  clipping: 0.0047  add_domain: 0.0067  rest: 0.2433
Length of domains: 11977937
12069214 branch and bound domains visited
Cumulative time: 54.68895363807678

Iteration 378
Batch size: 32768
Worst bound: tensor([-0.06633908, -0.02940559, -0.07137406, -0.02606642], device='cuda:0')
Current pickout batch: 32768, total pickout batch: 12101982
Domain clipping: area new/prev 0.0000/0.0000 (0.00%), domains verified after shrinking 108, shrunken 0 (0.00%)
Current (lb-rhs): tensor([-0.22708446, -0.18415737, -0.23934233, -0.16758603])
Total time: 0.2775  pickout: 0.0007 split: 0.0052  decision: 0.0000  bounding: 0.0178  filtering: 0.0002  clipping: 0.0047  add_domain: 0.0056  rest: 0.2432
Length of domains: 12010588
12101982 branch and bound domains visited
Cumulative time: 54.96661615371704

Iteration 379
Batch size: 32768
Worst bound: tensor([-0.06633908, -0.02940559, -0.07137406, -0.02606642], device='cuda:0')
Current pickout batch: 32768, total pickout batch: 12134750
Domain clipping: area new/prev 0.0000/0.0000 (0.00%), domains verified after shrinking 108, shrunken 0 (0.00%)
Current (lb-rhs): tensor([-0.22708446, -0.18415737, -0.23934233, -0.16758603])
Total time: 0.2822  pickout: 0.0003 split: 0.0050  decision: 0.0000  bounding: 0.0225  filtering: 0.0013  clipping: 0.0035  add_domain: 0.0063  rest: 0.2432
Length of domains: 12043239
12134750 branch and bound domains visited
Cumulative time: 55.24896550178528

Iteration 380
Batch size: 32768
Worst bound: tensor([-0.06633908, -0.02940559, -0.07137406, -0.02606642], device='cuda:0')
Current pickout batch: 32768, total pickout batch: 12167518
Domain clipping: area new/prev 0.0000/0.0000 (0.00%), domains verified after shrinking 108, shrunken 0 (0.00%)
Current (lb-rhs): tensor([-0.22708446, -0.18415737, -0.23934233, -0.16758603])
Total time: 0.2779  pickout: 0.0003 split: 0.0052  decision: 0.0000  bounding: 0.0206  filtering: 0.0002  clipping: 0.0047  add_domain: 0.0056  rest: 0.2413
Length of domains: 12075890
12167518 branch and bound domains visited
Cumulative time: 55.52698254585266

Iteration 381
Batch size: 32768
Worst bound: tensor([-0.06633908, -0.02940559, -0.07137406, -0.02606642], device='cuda:0')
Current pickout batch: 32768, total pickout batch: 12200286
Domain clipping: area new/prev 0.0000/0.0000 (0.00%), domains verified after shrinking 108, shrunken 0 (0.00%)
Current (lb-rhs): tensor([-0.22708446, -0.18415737, -0.23934233, -0.16758603])
Total time: 0.2740  pickout: 0.0003 split: 0.0034  decision: 0.0000  bounding: 0.0224  filtering: 0.0002  clipping: 0.0030  add_domain: 0.0050  rest: 0.2396
Length of domains: 12108541
12200286 branch and bound domains visited
Cumulative time: 55.801090478897095

Iteration 382
Batch size: 32768
Worst bound: tensor([-0.06633908, -0.02940559, -0.07137406, -0.02606642], device='cuda:0')
Current pickout batch: 32768, total pickout batch: 12233054
Domain clipping: area new/prev 0.0000/0.0000 (0.00%), domains verified after shrinking 108, shrunken 0 (0.00%)
Current (lb-rhs): tensor([-0.22708446, -0.18415737, -0.23934233, -0.16758603])
Total time: 0.2711  pickout: 0.0003 split: 0.0034  decision: 0.0000  bounding: 0.0135  filtering: 0.0011  clipping: 0.0034  add_domain: 0.0071  rest: 0.2422
Length of domains: 12141192
12233054 branch and bound domains visited
Cumulative time: 56.07226061820984

Iteration 383
Batch size: 32768
Worst bound: tensor([-0.06633908, -0.02940559, -0.07137406, -0.02606642], device='cuda:0')
Current pickout batch: 32768, total pickout batch: 12265822
Domain clipping: area new/prev 0.0000/0.0000 (0.00%), domains verified after shrinking 108, shrunken 0 (0.00%)
Current (lb-rhs): tensor([-0.22708446, -0.18415737, -0.23934233, -0.16758603])
Total time: 0.2692  pickout: 0.0006 split: 0.0021  decision: 0.0000  bounding: 0.0194  filtering: 0.0002  clipping: 0.0017  add_domain: 0.0031  rest: 0.2421
Length of domains: 12173843
12265822 branch and bound domains visited
Cumulative time: 56.34160876274109

Iteration 384
Batch size: 32768
Worst bound: tensor([-0.06633908, -0.02940559, -0.07137406, -0.02606642], device='cuda:0')
Current pickout batch: 32768, total pickout batch: 12298590
Domain clipping: area new/prev 0.0000/0.0000 (0.00%), domains verified after shrinking 108, shrunken 0 (0.00%)
Current (lb-rhs): tensor([-0.22708446, -0.18415737, -0.23934233, -0.16758603])
Total time: 0.2616  pickout: 0.0003 split: 0.0005  decision: 0.0000  bounding: 0.0119  filtering: 0.0001  clipping: 0.0006  add_domain: 0.0031  rest: 0.2449
Length of domains: 12206494
12298590 branch and bound domains visited
Cumulative time: 56.603336811065674

Iteration 385
Batch size: 32768
Worst bound: tensor([-0.06633908, -0.02940559, -0.07137406, -0.02606642], device='cuda:0')
Current pickout batch: 32768, total pickout batch: 12331358
Domain clipping: area new/prev 0.0000/0.0000 (0.00%), domains verified after shrinking 108, shrunken 0 (0.00%)
Current (lb-rhs): tensor([-0.22708446, -0.18415737, -0.23934233, -0.16758603])
Total time: 0.2605  pickout: 0.0003 split: 0.0005  decision: 0.0000  bounding: 0.0117  filtering: 0.0001  clipping: 0.0006  add_domain: 0.0028  rest: 0.2443
Length of domains: 12239145
12331358 branch and bound domains visited
Cumulative time: 56.86393451690674

Iteration 386
Batch size: 32768
Worst bound: tensor([-0.06633908, -0.02940559, -0.07137406, -0.02606642], device='cuda:0')
Current pickout batch: 32768, total pickout batch: 12364126
Domain clipping: area new/prev 0.0000/0.0000 (0.00%), domains verified after shrinking 108, shrunken 0 (0.00%)
Current (lb-rhs): tensor([-0.22708446, -0.18415737, -0.23934233, -0.16758603])
Total time: 0.2625  pickout: 0.0003 split: 0.0005  decision: 0.0000  bounding: 0.0119  filtering: 0.0001  clipping: 0.0006  add_domain: 0.0026  rest: 0.2464
Length of domains: 12271796
12364126 branch and bound domains visited
Cumulative time: 57.12658929824829

Iteration 387
Batch size: 32768
Worst bound: tensor([-0.06633908, -0.02940559, -0.07137406, -0.02606642], device='cuda:0')
Current pickout batch: 32768, total pickout batch: 12396894
Domain clipping: area new/prev 0.0000/0.0000 (0.00%), domains verified after shrinking 108, shrunken 0 (0.00%)
Current (lb-rhs): tensor([-0.22708446, -0.18415737, -0.23934233, -0.16758603])
Total time: 0.2599  pickout: 0.0003 split: 0.0005  decision: 0.0000  bounding: 0.0123  filtering: 0.0001  clipping: 0.0006  add_domain: 0.0029  rest: 0.2430
Length of domains: 12304447
12396894 branch and bound domains visited
Cumulative time: 57.38662075996399

Iteration 388
Batch size: 32768
Worst bound: tensor([-0.06633908, -0.02940559, -0.07137406, -0.02606642], device='cuda:0')
Current pickout batch: 32768, total pickout batch: 12429662
Domain clipping: area new/prev 0.0000/0.0000 (0.00%), domains verified after shrinking 108, shrunken 0 (0.00%)
Current (lb-rhs): tensor([-0.22708446, -0.18415737, -0.23934233, -0.16758603])
Total time: 0.2630  pickout: 0.0004 split: 0.0005  decision: 0.0000  bounding: 0.0122  filtering: 0.0001  clipping: 0.0006  add_domain: 0.0028  rest: 0.2463
Length of domains: 12337098
12429662 branch and bound domains visited
Cumulative time: 57.64976096153259

Iteration 389
Batch size: 32768
Worst bound: tensor([-0.06633908, -0.02940559, -0.07137406, -0.02606642], device='cuda:0')
Current pickout batch: 32768, total pickout batch: 12462430
Domain clipping: area new/prev 0.0000/0.0000 (0.00%), domains verified after shrinking 108, shrunken 0 (0.00%)
Current (lb-rhs): tensor([-0.22708446, -0.18415737, -0.23934233, -0.16758603])
Total time: 0.2811  pickout: 0.0005 split: 0.0037  decision: 0.0000  bounding: 0.0227  filtering: 0.0002  clipping: 0.0030  add_domain: 0.0058  rest: 0.2451
Length of domains: 12369749
12462430 branch and bound domains visited
Cumulative time: 57.93094038963318

Iteration 390
Batch size: 32768
Worst bound: tensor([-0.06633908, -0.02940559, -0.07137406, -0.02606642], device='cuda:0')
Current pickout batch: 32768, total pickout batch: 12495198
Domain clipping: area new/prev 0.0000/0.0000 (0.00%), domains verified after shrinking 108, shrunken 0 (0.00%)
Current (lb-rhs): tensor([-0.22708446, -0.18415737, -0.23934233, -0.16758603])
Total time: 0.2882  pickout: 0.0012 split: 0.0065  decision: 0.0000  bounding: 0.0241  filtering: 0.0014  clipping: 0.0058  add_domain: 0.0061  rest: 0.2430
Length of domains: 12402400
12495198 branch and bound domains visited
Cumulative time: 58.21925187110901

Iteration 391
Batch size: 32768
Worst bound: tensor([-0.06633908, -0.02940559, -0.07137406, -0.02606642], device='cuda:0')
Current pickout batch: 32768, total pickout batch: 12527966
Domain clipping: area new/prev 0.0000/0.0000 (0.00%), domains verified after shrinking 108, shrunken 0 (0.00%)
Current (lb-rhs): tensor([-0.22708446, -0.18415737, -0.23934233, -0.16758603])
Total time: 0.2782  pickout: 0.0013 split: 0.0034  decision: 0.0000  bounding: 0.0217  filtering: 0.0002  clipping: 0.0028  add_domain: 0.0037  rest: 0.2451
Length of domains: 12435051
12527966 branch and bound domains visited
Cumulative time: 58.49758243560791

Iteration 392
Batch size: 32768
Worst bound: tensor([-0.06633908, -0.02940559, -0.07137406, -0.02606642], device='cuda:0')
Current pickout batch: 32768, total pickout batch: 12560734
Domain clipping: area new/prev 0.0000/0.0000 (0.00%), domains verified after shrinking 108, shrunken 0 (0.00%)
Current (lb-rhs): tensor([-0.22708446, -0.18415737, -0.23934233, -0.16758603])
Total time: 0.2837  pickout: 0.0003 split: 0.0027  decision: 0.0000  bounding: 0.0152  filtering: 0.0002  clipping: 0.0019  add_domain: 0.0033  rest: 0.2600
Length of domains: 12467702
12560734 branch and bound domains visited
Cumulative time: 58.78136849403381

Iteration 393
Batch size: 32768
Worst bound: tensor([-0.06633908, -0.02940559, -0.07137406, -0.02606642], device='cuda:0')
Current pickout batch: 32768, total pickout batch: 12593502
Domain clipping: area new/prev 0.0000/0.0000 (0.00%), domains verified after shrinking 108, shrunken 0 (0.00%)
Current (lb-rhs): tensor([-0.22708446, -0.18415737, -0.23934233, -0.16758603])
Total time: 0.3043  pickout: 0.0016 split: 0.0068  decision: 0.0000  bounding: 0.0245  filtering: 0.0002  clipping: 0.0047  add_domain: 0.0058  rest: 0.2607
Length of domains: 12500353
12593502 branch and bound domains visited
Cumulative time: 59.08578658103943

Iteration 394
Batch size: 32768
Worst bound: tensor([-0.06633908, -0.02940559, -0.07137406, -0.02606642], device='cuda:0')
Current pickout batch: 32768, total pickout batch: 12626270
Domain clipping: area new/prev 0.0000/0.0000 (0.00%), domains verified after shrinking 108, shrunken 0 (0.00%)
Current (lb-rhs): tensor([-0.22708446, -0.18415737, -0.23934233, -0.16758603])
Total time: 0.2946  pickout: 0.0005 split: 0.0035  decision: 0.0000  bounding: 0.0187  filtering: 0.0002  clipping: 0.0028  add_domain: 0.0038  rest: 0.2650
Length of domains: 12533004
12626270 branch and bound domains visited
Cumulative time: 59.38050031661987

Iteration 395
Batch size: 32768
Worst bound: tensor([-0.06633908, -0.02940559, -0.07137406, -0.02606642], device='cuda:0')
Current pickout batch: 32768, total pickout batch: 12659038
Domain clipping: area new/prev 0.0000/0.0000 (0.00%), domains verified after shrinking 108, shrunken 0 (0.00%)
Current (lb-rhs): tensor([-0.22708446, -0.18415737, -0.23934233, -0.16758603])
Total time: 0.9119  pickout: 0.0003 split: 0.0023  decision: 0.0000  bounding: 0.0173  filtering: 0.0001  clipping: 0.0019  add_domain: 0.6159  rest: 0.2739
Length of domains: 12565655
12659038 branch and bound domains visited
Cumulative time: 60.29253959655762

Iteration 396
Batch size: 32768
Worst bound: tensor([-0.06633908, -0.02940559, -0.07137406, -0.02606642], device='cuda:0')
Current pickout batch: 32768, total pickout batch: 12691806
Domain clipping: area new/prev 0.0000/0.0000 (0.00%), domains verified after shrinking 108, shrunken 0 (0.00%)
Current (lb-rhs): tensor([-0.22708446, -0.18415737, -0.23934233, -0.16758603])
Total time: 0.3007  pickout: 0.0005 split: 0.0035  decision: 0.0000  bounding: 0.0167  filtering: 0.0003  clipping: 0.0027  add_domain: 0.0039  rest: 0.2730
Length of domains: 12598306
12691806 branch and bound domains visited
Cumulative time: 60.59334135055542

Iteration 397
Batch size: 32768
Worst bound: tensor([-0.06633908, -0.02940559, -0.07137406, -0.02606642], device='cuda:0')
Current pickout batch: 32768, total pickout batch: 12724574
Domain clipping: area new/prev 0.0000/0.0000 (0.00%), domains verified after shrinking 108, shrunken 0 (0.00%)
Current (lb-rhs): tensor([-0.22708446, -0.18415737, -0.23934233, -0.16758603])
Total time: 0.2972  pickout: 0.0003 split: 0.0023  decision: 0.0000  bounding: 0.0180  filtering: 0.0001  clipping: 0.0019  add_domain: 0.0034  rest: 0.2710
Length of domains: 12630957
12724574 branch and bound domains visited
Cumulative time: 60.890666246414185

Iteration 398
Batch size: 32768
Worst bound: tensor([-0.06633908, -0.02940559, -0.07137406, -0.02606642], device='cuda:0')
Current pickout batch: 32768, total pickout batch: 12757342
Domain clipping: area new/prev 0.0000/0.0000 (0.00%), domains verified after shrinking 108, shrunken 0 (0.00%)
Current (lb-rhs): tensor([-0.22708446, -0.18415737, -0.23934233, -0.16758603])
Total time: 0.2940  pickout: 0.0003 split: 0.0034  decision: 0.0000  bounding: 0.0152  filtering: 0.0001  clipping: 0.0027  add_domain: 0.0030  rest: 0.2691
Length of domains: 12663608
12757342 branch and bound domains visited
Cumulative time: 61.18477988243103

Iteration 399
Batch size: 32768
Worst bound: tensor([-0.06633908, -0.02940559, -0.07137406, -0.02606642], device='cuda:0')
Current pickout batch: 32768, total pickout batch: 12790110
Domain clipping: area new/prev 0.0000/0.0000 (0.00%), domains verified after shrinking 108, shrunken 0 (0.00%)
Current (lb-rhs): tensor([-0.22708446, -0.18415737, -0.23934233, -0.16758603])
Total time: 0.3065  pickout: 0.0008 split: 0.0037  decision: 0.0000  bounding: 0.0210  filtering: 0.0002  clipping: 0.0030  add_domain: 0.0058  rest: 0.2719
Length of domains: 12696259
12790110 branch and bound domains visited
Cumulative time: 61.49140405654907

Iteration 400
Batch size: 32768
Worst bound: tensor([-0.06633908, -0.02940559, -0.07137406, -0.02606642], device='cuda:0')
Current pickout batch: 32768, total pickout batch: 12822878
Domain clipping: area new/prev 0.0000/0.0000 (0.00%), domains verified after shrinking 108, shrunken 0 (0.00%)
Current (lb-rhs): tensor([-0.22708446, -0.18415737, -0.23934233, -0.16758603])
Total time: 0.3110  pickout: 0.0005 split: 0.0051  decision: 0.0000  bounding: 0.0201  filtering: 0.0003  clipping: 0.0047  add_domain: 0.0039  rest: 0.2763
Length of domains: 12728910
12822878 branch and bound domains visited
Cumulative time: 61.80250096321106

Iteration 401
Batch size: 32768
Worst bound: tensor([-0.06633908, -0.02940559, -0.07137406, -0.02606642], device='cuda:0')
Current pickout batch: 32768, total pickout batch: 12855646
Domain clipping: area new/prev 0.0000/0.0000 (0.00%), domains verified after shrinking 108, shrunken 0 (0.00%)
Current (lb-rhs): tensor([-0.22708446, -0.18415737, -0.23934233, -0.16758603])
Total time: 0.3227  pickout: 0.0006 split: 0.0049  decision: 0.0000  bounding: 0.0204  filtering: 0.0002  clipping: 0.0036  add_domain: 0.0048  rest: 0.2882
Length of domains: 12761561
12855646 branch and bound domains visited
Cumulative time: 62.125312089920044

Iteration 402
Batch size: 32768
Worst bound: tensor([-0.06633908, -0.02940559, -0.07137406, -0.02606642], device='cuda:0')
Current pickout batch: 32768, total pickout batch: 12888414
Domain clipping: area new/prev 0.0000/0.0000 (0.00%), domains verified after shrinking 108, shrunken 0 (0.00%)
Current (lb-rhs): tensor([-0.22708446, -0.18415737, -0.23934233, -0.16758603])
Total time: 0.3177  pickout: 0.0004 split: 0.0031  decision: 0.0000  bounding: 0.0216  filtering: 0.0001  clipping: 0.0029  add_domain: 0.0044  rest: 0.2850
Length of domains: 12794212
12888414 branch and bound domains visited
Cumulative time: 62.44309139251709

Iteration 403
Batch size: 32768
Worst bound: tensor([-0.06633908, -0.02940559, -0.07137406, -0.02606642], device='cuda:0')
Current pickout batch: 32768, total pickout batch: 12921182
Domain clipping: area new/prev 0.0000/0.0000 (0.00%), domains verified after shrinking 108, shrunken 0 (0.00%)
Current (lb-rhs): tensor([-0.22708446, -0.18415737, -0.23934233, -0.16758603])
Total time: 0.3066  pickout: 0.0003 split: 0.0018  decision: 0.0000  bounding: 0.0225  filtering: 0.0002  clipping: 0.0047  add_domain: 0.0041  rest: 0.2729
Length of domains: 12826863
12921182 branch and bound domains visited
Cumulative time: 62.749837160110474

Iteration 404
Batch size: 32768
Worst bound: tensor([-0.06633908, -0.02940559, -0.07137406, -0.02606642], device='cuda:0')
Current pickout batch: 32768, total pickout batch: 12953950
Domain clipping: area new/prev 0.0000/0.0000 (0.00%), domains verified after shrinking 108, shrunken 0 (0.00%)
Current (lb-rhs): tensor([-0.22708446, -0.18415737, -0.23934233, -0.16758603])
Total time: 0.3113  pickout: 0.0003 split: 0.0036  decision: 0.0000  bounding: 0.0209  filtering: 0.0002  clipping: 0.0030  add_domain: 0.0059  rest: 0.2774
Length of domains: 12859514
12953950 branch and bound domains visited
Cumulative time: 63.0612428188324

Iteration 405
Batch size: 32768
Worst bound: tensor([-0.06633908, -0.02940559, -0.07137406, -0.02606642], device='cuda:0')
Current pickout batch: 32768, total pickout batch: 12986718
Domain clipping: area new/prev 0.0000/0.0000 (0.00%), domains verified after shrinking 108, shrunken 0 (0.00%)
Current (lb-rhs): tensor([-0.22708446, -0.18415737, -0.23934233, -0.16758603])
Total time: 0.3054  pickout: 0.0012 split: 0.0007  decision: 0.0000  bounding: 0.0180  filtering: 0.0001  clipping: 0.0009  add_domain: 0.0033  rest: 0.2810
Length of domains: 12892165
12986718 branch and bound domains visited
Cumulative time: 63.366788148880005

Iteration 406
Batch size: 32768
Worst bound: tensor([-0.06633908, -0.02940559, -0.07137406, -0.02606642], device='cuda:0')
Current pickout batch: 32768, total pickout batch: 13019486
Domain clipping: area new/prev 0.0000/0.0000 (0.00%), domains verified after shrinking 108, shrunken 0 (0.00%)
Current (lb-rhs): tensor([-0.22708446, -0.18415737, -0.23934233, -0.16758603])
Total time: 0.2951  pickout: 0.0003 split: 0.0005  decision: 0.0000  bounding: 0.0119  filtering: 0.0001  clipping: 0.0006  add_domain: 0.0028  rest: 0.2787
Length of domains: 12924816
13019486 branch and bound domains visited
Cumulative time: 63.66195344924927

Iteration 407
Batch size: 32768
Worst bound: tensor([-0.06633908, -0.02940559, -0.07137406, -0.02606642], device='cuda:0')
Current pickout batch: 32768, total pickout batch: 13052254
Domain clipping: area new/prev 0.0000/0.0000 (0.00%), domains verified after shrinking 108, shrunken 0 (0.00%)
Current (lb-rhs): tensor([-0.22708446, -0.18415737, -0.23934233, -0.16758603])
Total time: 0.2958  pickout: 0.0003 split: 0.0005  decision: 0.0000  bounding: 0.0117  filtering: 0.0001  clipping: 0.0006  add_domain: 0.0026  rest: 0.2798
Length of domains: 12957467
13052254 branch and bound domains visited
Cumulative time: 63.95782947540283

Iteration 408
Batch size: 32768
Worst bound: tensor([-0.06633908, -0.02940559, -0.07137406, -0.02606642], device='cuda:0')
Current pickout batch: 32768, total pickout batch: 13085022
Domain clipping: area new/prev 0.0000/0.0000 (0.00%), domains verified after shrinking 108, shrunken 0 (0.00%)
Current (lb-rhs): tensor([-0.22708446, -0.18415737, -0.23934233, -0.16758603])
Total time: 0.2982  pickout: 0.0003 split: 0.0005  decision: 0.0000  bounding: 0.0118  filtering: 0.0001  clipping: 0.0006  add_domain: 0.0026  rest: 0.2823
Length of domains: 12990118
13085022 branch and bound domains visited
Cumulative time: 64.25619697570801

Iteration 409
Batch size: 32768
Worst bound: tensor([-0.06633908, -0.02940559, -0.07137406, -0.02606642], device='cuda:0')
Current pickout batch: 32768, total pickout batch: 13117790
Domain clipping: area new/prev 0.0000/0.0000 (0.00%), domains verified after shrinking 108, shrunken 0 (0.00%)
Current (lb-rhs): tensor([-0.22708446, -0.18415737, -0.23934233, -0.16758603])
Total time: 0.3043  pickout: 0.0003 split: 0.0005  decision: 0.0000  bounding: 0.0126  filtering: 0.0001  clipping: 0.0006  add_domain: 0.0030  rest: 0.2870
Length of domains: 13022769
13117790 branch and bound domains visited
Cumulative time: 64.56062483787537

Iteration 410
Batch size: 32768
Worst bound: tensor([-0.06633908, -0.02940559, -0.07137406, -0.02606642], device='cuda:0')
Current pickout batch: 32768, total pickout batch: 13150558
Domain clipping: area new/prev 0.0000/0.0000 (0.00%), domains verified after shrinking 108, shrunken 0 (0.00%)
Current (lb-rhs): tensor([-0.22708446, -0.18415737, -0.23934233, -0.16758603])
Total time: 0.3068  pickout: 0.0003 split: 0.0005  decision: 0.0000  bounding: 0.0119  filtering: 0.0001  clipping: 0.0006  add_domain: 0.0030  rest: 0.2902
Length of domains: 13055420
13150558 branch and bound domains visited
Cumulative time: 64.86755132675171

Iteration 411
Batch size: 32768
Worst bound: tensor([-0.06633908, -0.02940559, -0.07137406, -0.02606642], device='cuda:0')
Current pickout batch: 32768, total pickout batch: 13183326
Domain clipping: area new/prev 0.0000/0.0000 (0.00%), domains verified after shrinking 108, shrunken 0 (0.00%)
Current (lb-rhs): tensor([-0.22708446, -0.18415737, -0.23934233, -0.16758603])
Total time: 0.3033  pickout: 0.0003 split: 0.0005  decision: 0.0000  bounding: 0.0120  filtering: 0.0001  clipping: 0.0006  add_domain: 0.0031  rest: 0.2865
Length of domains: 13088071
13183326 branch and bound domains visited
Cumulative time: 65.17101573944092

Iteration 412
Batch size: 32768
Worst bound: tensor([-0.06633908, -0.02940559, -0.07137406, -0.02606642], device='cuda:0')
Current pickout batch: 32768, total pickout batch: 13216094
Domain clipping: area new/prev 0.0000/0.0000 (0.00%), domains verified after shrinking 108, shrunken 0 (0.00%)
Current (lb-rhs): tensor([-0.22708446, -0.18415737, -0.23934233, -0.16758603])
Total time: 0.3049  pickout: 0.0004 split: 0.0024  decision: 0.0000  bounding: 0.0149  filtering: 0.0002  clipping: 0.0019  add_domain: 0.0034  rest: 0.2817
Length of domains: 13120722
13216094 branch and bound domains visited
Cumulative time: 65.47606873512268

Iteration 413
Batch size: 32768
Worst bound: tensor([-0.06633908, -0.02940559, -0.07137406, -0.02606642], device='cuda:0')
Current pickout batch: 32768, total pickout batch: 13248862
Domain clipping: area new/prev 0.0000/0.0000 (0.00%), domains verified after shrinking 108, shrunken 0 (0.00%)
Current (lb-rhs): tensor([-0.22708446, -0.18415737, -0.23934233, -0.16758603])
Total time: 0.3336  pickout: 0.0010 split: 0.0076  decision: 0.0000  bounding: 0.0249  filtering: 0.0003  clipping: 0.0072  add_domain: 0.0042  rest: 0.2883
Length of domains: 13153373
13248862 branch and bound domains visited
Cumulative time: 65.80974626541138

Iteration 414
Batch size: 32768
Worst bound: tensor([-0.06633908, -0.02940559, -0.07137406, -0.02606642], device='cuda:0')
Current pickout batch: 32768, total pickout batch: 13281630
Domain clipping: area new/prev 0.0000/0.0000 (0.00%), domains verified after shrinking 108, shrunken 0 (0.00%)
Current (lb-rhs): tensor([-0.22708446, -0.18415737, -0.23934233, -0.16758603])
Total time: 0.3332  pickout: 0.0005 split: 0.0085  decision: 0.0000  bounding: 0.0257  filtering: 0.0002  clipping: 0.0038  add_domain: 0.0088  rest: 0.2854
Length of domains: 13186024
13281630 branch and bound domains visited
Cumulative time: 66.14303779602051

Iteration 415
Batch size: 32768
Worst bound: tensor([-0.06633908, -0.02940559, -0.07137406, -0.02606642], device='cuda:0')
Current pickout batch: 32768, total pickout batch: 13314398
Domain clipping: area new/prev 0.0000/0.0000 (0.00%), domains verified after shrinking 108, shrunken 0 (0.00%)
Current (lb-rhs): tensor([-0.22708446, -0.18415737, -0.23934233, -0.16758603])
Total time: 0.3139  pickout: 0.0004 split: 0.0040  decision: 0.0000  bounding: 0.0174  filtering: 0.0003  clipping: 0.0034  add_domain: 0.0038  rest: 0.2845
Length of domains: 13218675
13314398 branch and bound domains visited
Cumulative time: 66.45709300041199

Iteration 416
Batch size: 32768
Worst bound: tensor([-0.06633908, -0.02940559, -0.07137406, -0.02606642], device='cuda:0')
Current pickout batch: 32768, total pickout batch: 13347166
Domain clipping: area new/prev 0.0000/0.0000 (0.00%), domains verified after shrinking 108, shrunken 0 (0.00%)
Current (lb-rhs): tensor([-0.22708446, -0.18415737, -0.23934233, -0.16758603])
Total time: 0.3193  pickout: 0.0004 split: 0.0070  decision: 0.0000  bounding: 0.0197  filtering: 0.0002  clipping: 0.0023  add_domain: 0.0035  rest: 0.2860
Length of domains: 13251326
13347166 branch and bound domains visited
Cumulative time: 66.77650499343872

Iteration 417
Batch size: 32768
Worst bound: tensor([-0.06633908, -0.02940559, -0.07137406, -0.02606642], device='cuda:0')
Current pickout batch: 32768, total pickout batch: 13379934
Domain clipping: area new/prev 0.0000/0.0000 (0.00%), domains verified after shrinking 108, shrunken 0 (0.00%)
Current (lb-rhs): tensor([-0.22708446, -0.18415737, -0.23934233, -0.16758603])
Total time: 0.3177  pickout: 0.0003 split: 0.0023  decision: 0.0000  bounding: 0.0155  filtering: 0.0001  clipping: 0.0021  add_domain: 0.0033  rest: 0.2940
Length of domains: 13283977
13379934 branch and bound domains visited
Cumulative time: 67.09436011314392

Iteration 418
Batch size: 32768
Worst bound: tensor([-0.06633908, -0.02940559, -0.07137406, -0.02606642], device='cuda:0')
Current pickout batch: 32768, total pickout batch: 13412702
Domain clipping: area new/prev 0.0000/0.0000 (0.00%), domains verified after shrinking 108, shrunken 0 (0.00%)
Current (lb-rhs): tensor([-0.22708446, -0.18415737, -0.23934233, -0.16758603])
Total time: 0.3119  pickout: 0.0007 split: 0.0024  decision: 0.0000  bounding: 0.0168  filtering: 0.0002  clipping: 0.0020  add_domain: 0.0035  rest: 0.2863
Length of domains: 13316628
13412702 branch and bound domains visited
Cumulative time: 67.40642309188843

Iteration 419
Batch size: 32768
Worst bound: tensor([-0.06633908, -0.02940559, -0.07137406, -0.02606642], device='cuda:0')
Current pickout batch: 32768, total pickout batch: 13445470
Domain clipping: area new/prev 0.0000/0.0000 (0.00%), domains verified after shrinking 108, shrunken 0 (0.00%)
Current (lb-rhs): tensor([-0.22708446, -0.18415737, -0.23934233, -0.16758603])
Total time: 0.3155  pickout: 0.0004 split: 0.0028  decision: 0.0000  bounding: 0.0200  filtering: 0.0002  clipping: 0.0025  add_domain: 0.0035  rest: 0.2858
Length of domains: 13349279
13445470 branch and bound domains visited
Cumulative time: 67.72200560569763

Iteration 420
Batch size: 32768
Worst bound: tensor([-0.06633908, -0.02940559, -0.07137406, -0.02606642], device='cuda:0')
Current pickout batch: 32768, total pickout batch: 13478238
Domain clipping: area new/prev 0.0000/0.0000 (0.00%), domains verified after shrinking 108, shrunken 0 (0.00%)
Current (lb-rhs): tensor([-0.22708446, -0.18415737, -0.23934233, -0.16758603])
Total time: 0.3384  pickout: 0.0020 split: 0.0074  decision: 0.0000  bounding: 0.0265  filtering: 0.0013  clipping: 0.0060  add_domain: 0.0062  rest: 0.2889
Length of domains: 13381930
13478238 branch and bound domains visited
Cumulative time: 68.06052708625793

Iteration 421
Batch size: 32768
Worst bound: tensor([-0.06633908, -0.02940559, -0.07137406, -0.02606642], device='cuda:0')
Current pickout batch: 32768, total pickout batch: 13511006
Domain clipping: area new/prev 0.0000/0.0000 (0.00%), domains verified after shrinking 108, shrunken 0 (0.00%)
Current (lb-rhs): tensor([-0.22708446, -0.18415737, -0.23934233, -0.16758603])
Total time: 0.3387  pickout: 0.0004 split: 0.0084  decision: 0.0000  bounding: 0.0269  filtering: 0.0003  clipping: 0.0061  add_domain: 0.0065  rest: 0.2899
Length of domains: 13414581
13511006 branch and bound domains visited
Cumulative time: 68.39930629730225

Iteration 422
Batch size: 32768
Worst bound: tensor([-0.06633908, -0.02940559, -0.07137406, -0.02606642], device='cuda:0')
Current pickout batch: 32768, total pickout batch: 13543774
Domain clipping: area new/prev 0.0000/0.0000 (0.00%), domains verified after shrinking 108, shrunken 0 (0.00%)
Current (lb-rhs): tensor([-0.22708446, -0.18415737, -0.23934233, -0.16758603])
Total time: 0.3131  pickout: 0.0005 split: 0.0035  decision: 0.0000  bounding: 0.0171  filtering: 0.0002  clipping: 0.0028  add_domain: 0.0038  rest: 0.2851
Length of domains: 13447232
13543774 branch and bound domains visited
Cumulative time: 68.71251440048218

Iteration 423
Batch size: 32768
Worst bound: tensor([-0.06633908, -0.02940559, -0.07137406, -0.02606642], device='cuda:0')
Current pickout batch: 32768, total pickout batch: 13576542
Domain clipping: area new/prev 0.0000/0.0000 (0.00%), domains verified after shrinking 108, shrunken 0 (0.00%)
Current (lb-rhs): tensor([-0.22708446, -0.18415737, -0.23934233, -0.16758603])
Total time: 0.3117  pickout: 0.0003 split: 0.0006  decision: 0.0000  bounding: 0.0142  filtering: 0.0001  clipping: 0.0006  add_domain: 0.0034  rest: 0.2922
Length of domains: 13479883
13576542 branch and bound domains visited
Cumulative time: 69.02432227134705

Iteration 424
Batch size: 32768
Worst bound: tensor([-0.06633908, -0.02940559, -0.07137406, -0.02606642], device='cuda:0')
Current pickout batch: 32768, total pickout batch: 13609310
Domain clipping: area new/prev 0.0000/0.0000 (0.00%), domains verified after shrinking 108, shrunken 0 (0.00%)
Current (lb-rhs): tensor([-0.22708446, -0.18415737, -0.23934233, -0.16758603])
Total time: 0.3160  pickout: 0.0003 split: 0.0006  decision: 0.0000  bounding: 0.0118  filtering: 0.0001  clipping: 0.0006  add_domain: 0.0028  rest: 0.2996
Length of domains: 13512534
13609310 branch and bound domains visited
Cumulative time: 69.34039735794067

Iteration 425
Batch size: 32768
Worst bound: tensor([-0.06633908, -0.02940559, -0.07137406, -0.02606642], device='cuda:0')
Current pickout batch: 32768, total pickout batch: 13642078
Domain clipping: area new/prev 0.0000/0.0000 (0.00%), domains verified after shrinking 108, shrunken 0 (0.00%)
Current (lb-rhs): tensor([-0.22708446, -0.18415737, -0.23934233, -0.16758603])
Total time: 0.3102  pickout: 0.0003 split: 0.0005  decision: 0.0000  bounding: 0.0118  filtering: 0.0001  clipping: 0.0006  add_domain: 0.0027  rest: 0.2940
Length of domains: 13545185
13642078 branch and bound domains visited
Cumulative time: 69.65069532394409

Iteration 426
Batch size: 32768
Worst bound: tensor([-0.06633908, -0.02940559, -0.07137406, -0.02606642], device='cuda:0')
Current pickout batch: 32768, total pickout batch: 13674846
Domain clipping: area new/prev 0.0000/0.0000 (0.00%), domains verified after shrinking 108, shrunken 0 (0.00%)
Current (lb-rhs): tensor([-0.22708446, -0.18415737, -0.23934233, -0.16758603])
Total time: 0.3076  pickout: 0.0003 split: 0.0005  decision: 0.0000  bounding: 0.0118  filtering: 0.0001  clipping: 0.0006  add_domain: 0.0027  rest: 0.2914
Length of domains: 13577836
13674846 branch and bound domains visited
Cumulative time: 69.9584231376648

Iteration 427
Batch size: 32768
Worst bound: tensor([-0.06633908, -0.02940559, -0.07137406, -0.02606642], device='cuda:0')
Current pickout batch: 32768, total pickout batch: 13707614
Domain clipping: area new/prev 0.0000/0.0000 (0.00%), domains verified after shrinking 108, shrunken 0 (0.00%)
Current (lb-rhs): tensor([-0.22708446, -0.18415737, -0.23934233, -0.16758603])
Total time: 0.3113  pickout: 0.0003 split: 0.0005  decision: 0.0000  bounding: 0.0118  filtering: 0.0001  clipping: 0.0006  add_domain: 0.0026  rest: 0.2953
Length of domains: 13610487
13707614 branch and bound domains visited
Cumulative time: 70.26988172531128

Iteration 428
Batch size: 32768
Worst bound: tensor([-0.06633908, -0.02940559, -0.07137406, -0.02606642], device='cuda:0')
Current pickout batch: 32768, total pickout batch: 13740382
Domain clipping: area new/prev 0.0000/0.0000 (0.00%), domains verified after shrinking 108, shrunken 0 (0.00%)
Current (lb-rhs): tensor([-0.22708446, -0.18415737, -0.23934233, -0.16758603])
Total time: 0.3078  pickout: 0.0003 split: 0.0005  decision: 0.0000  bounding: 0.0123  filtering: 0.0001  clipping: 0.0006  add_domain: 0.0027  rest: 0.2910
Length of domains: 13643138
13740382 branch and bound domains visited
Cumulative time: 70.57779884338379

Iteration 429
Batch size: 32768
Worst bound: tensor([-0.06633908, -0.02940559, -0.07137406, -0.02606642], device='cuda:0')
Current pickout batch: 32768, total pickout batch: 13773150
Domain clipping: area new/prev 0.0000/0.0000 (0.00%), domains verified after shrinking 108, shrunken 0 (0.00%)
Current (lb-rhs): tensor([-0.22708446, -0.18415737, -0.23934233, -0.16758603])
Total time: 0.3085  pickout: 0.0003 split: 0.0005  decision: 0.0000  bounding: 0.0117  filtering: 0.0001  clipping: 0.0006  add_domain: 0.0027  rest: 0.2924
Length of domains: 13675789
13773150 branch and bound domains visited
Cumulative time: 70.88638949394226

Iteration 430
Batch size: 32768
Worst bound: tensor([-0.06633908, -0.02940559, -0.07137406, -0.02606642], device='cuda:0')
Current pickout batch: 32768, total pickout batch: 13805918
Domain clipping: area new/prev 0.0000/0.0000 (0.00%), domains verified after shrinking 108, shrunken 0 (0.00%)
Current (lb-rhs): tensor([-0.22708446, -0.18415737, -0.23934233, -0.16758603])
Total time: 0.3105  pickout: 0.0003 split: 0.0005  decision: 0.0000  bounding: 0.0117  filtering: 0.0001  clipping: 0.0006  add_domain: 0.0026  rest: 0.2946
Length of domains: 13708440
13805918 branch and bound domains visited
Cumulative time: 71.19703245162964

Iteration 431
Batch size: 32768
Worst bound: tensor([-0.06633908, -0.02940559, -0.07137406, -0.02606642], device='cuda:0')
Current pickout batch: 32768, total pickout batch: 13838686
Domain clipping: area new/prev 0.0000/0.0000 (0.00%), domains verified after shrinking 108, shrunken 0 (0.00%)
Current (lb-rhs): tensor([-0.22708446, -0.18415737, -0.23934233, -0.16758603])
Total time: 0.3112  pickout: 0.0003 split: 0.0006  decision: 0.0000  bounding: 0.0118  filtering: 0.0001  clipping: 0.0006  add_domain: 0.0034  rest: 0.2943
Length of domains: 13741091
13838686 branch and bound domains visited
Cumulative time: 71.50833034515381

Iteration 432
Batch size: 32768
Worst bound: tensor([-0.06633908, -0.02940559, -0.07137406, -0.02606642], device='cuda:0')
Current pickout batch: 32768, total pickout batch: 13871454
Domain clipping: area new/prev 0.0000/0.0000 (0.00%), domains verified after shrinking 108, shrunken 0 (0.00%)
Current (lb-rhs): tensor([-0.22708446, -0.18415737, -0.23934233, -0.16758603])
Total time: 0.3158  pickout: 0.0003 split: 0.0005  decision: 0.0000  bounding: 0.0122  filtering: 0.0001  clipping: 0.0006  add_domain: 0.0027  rest: 0.2993
Length of domains: 13773742
13871454 branch and bound domains visited
Cumulative time: 71.82425212860107

Iteration 433
Batch size: 32768
Worst bound: tensor([-0.06633908, -0.02940559, -0.07137406, -0.02606642], device='cuda:0')
Current pickout batch: 32768, total pickout batch: 13904222
Domain clipping: area new/prev 0.0000/0.0000 (0.00%), domains verified after shrinking 108, shrunken 0 (0.00%)
Current (lb-rhs): tensor([-0.22708446, -0.18415737, -0.23934233, -0.16758603])
Total time: 0.3144  pickout: 0.0003 split: 0.0005  decision: 0.0000  bounding: 0.0118  filtering: 0.0001  clipping: 0.0006  add_domain: 0.0028  rest: 0.2982
Length of domains: 13806393
13904222 branch and bound domains visited
Cumulative time: 72.13879179954529

Iteration 434
Batch size: 32768
Worst bound: tensor([-0.06633908, -0.02940559, -0.07137406, -0.02606642], device='cuda:0')
Current pickout batch: 32768, total pickout batch: 13936990
Domain clipping: area new/prev 0.0000/0.0000 (0.00%), domains verified after shrinking 108, shrunken 0 (0.00%)
Current (lb-rhs): tensor([-0.22708446, -0.18415737, -0.23934233, -0.16758603])
Total time: 0.3191  pickout: 0.0004 split: 0.0006  decision: 0.0000  bounding: 0.0124  filtering: 0.0001  clipping: 0.0006  add_domain: 0.0036  rest: 0.3013
Length of domains: 13839044
13936990 branch and bound domains visited
Cumulative time: 72.45806431770325

Iteration 435
Batch size: 32768
Worst bound: tensor([-0.06633908, -0.02940559, -0.07137406, -0.02606642], device='cuda:0')
Current pickout batch: 32768, total pickout batch: 13969758
Domain clipping: area new/prev 0.0000/0.0000 (0.00%), domains verified after shrinking 108, shrunken 0 (0.00%)
Current (lb-rhs): tensor([-0.22708446, -0.18415737, -0.23934233, -0.16758603])
Total time: 0.3220  pickout: 0.0003 split: 0.0021  decision: 0.0000  bounding: 0.0141  filtering: 0.0001  clipping: 0.0009  add_domain: 0.0027  rest: 0.3016
Length of domains: 13871695
13969758 branch and bound domains visited
Cumulative time: 72.78014850616455

Iteration 436
Batch size: 32768
Worst bound: tensor([-0.06633908, -0.02940559, -0.07137406, -0.02606642], device='cuda:0')
Current pickout batch: 32768, total pickout batch: 14002526
Domain clipping: area new/prev 0.0000/0.0000 (0.00%), domains verified after shrinking 108, shrunken 0 (0.00%)
Current (lb-rhs): tensor([-0.22708446, -0.18415737, -0.23934233, -0.16758603])
Total time: 0.3324  pickout: 0.0003 split: 0.0024  decision: 0.0000  bounding: 0.0172  filtering: 0.0001  clipping: 0.0019  add_domain: 0.0034  rest: 0.3069
Length of domains: 13904346
14002526 branch and bound domains visited
Cumulative time: 73.11263680458069

Iteration 437
Batch size: 32768
Worst bound: tensor([-0.06633908, -0.02940559, -0.07137406, -0.02606642], device='cuda:0')
Current pickout batch: 32768, total pickout batch: 14035294
Domain clipping: area new/prev 0.0000/0.0000 (0.00%), domains verified after shrinking 108, shrunken 0 (0.00%)
Current (lb-rhs): tensor([-0.22708446, -0.18415737, -0.23934233, -0.16758603])
Total time: 0.3285  pickout: 0.0005 split: 0.0023  decision: 0.0000  bounding: 0.0170  filtering: 0.0001  clipping: 0.0018  add_domain: 0.0035  rest: 0.3031
Length of domains: 13936997
14035294 branch and bound domains visited
Cumulative time: 73.44128346443176

Iteration 438
Batch size: 32768
Worst bound: tensor([-0.06633908, -0.02940559, -0.07137406, -0.02606642], device='cuda:0')
Current pickout batch: 32768, total pickout batch: 14068062
Domain clipping: area new/prev 0.0000/0.0000 (0.00%), domains verified after shrinking 108, shrunken 0 (0.00%)
Current (lb-rhs): tensor([-0.22708446, -0.18415737, -0.23934233, -0.16758603])
Total time: 0.3278  pickout: 0.0003 split: 0.0032  decision: 0.0000  bounding: 0.0147  filtering: 0.0002  clipping: 0.0028  add_domain: 0.0033  rest: 0.3031
Length of domains: 13969648
14068062 branch and bound domains visited
Cumulative time: 73.76916909217834

Iteration 439
Batch size: 32768
Worst bound: tensor([-0.06633908, -0.02940559, -0.07137406, -0.02606642], device='cuda:0')
Current pickout batch: 32768, total pickout batch: 14100830
Domain clipping: area new/prev 0.0000/0.0000 (0.00%), domains verified after shrinking 108, shrunken 0 (0.00%)
Current (lb-rhs): tensor([-0.22708446, -0.18415737, -0.23934233, -0.16758603])
Total time: 0.3316  pickout: 0.0003 split: 0.0023  decision: 0.0000  bounding: 0.0152  filtering: 0.0002  clipping: 0.0021  add_domain: 0.0033  rest: 0.3081
Length of domains: 14002299
14100830 branch and bound domains visited
Cumulative time: 74.10086345672607

Iteration 440
Batch size: 32768
Worst bound: tensor([-0.06633908, -0.02940559, -0.07137406, -0.02606642], device='cuda:0')
Current pickout batch: 32768, total pickout batch: 14133598
Domain clipping: area new/prev 0.0000/0.0000 (0.00%), domains verified after shrinking 108, shrunken 0 (0.00%)
Current (lb-rhs): tensor([-0.22708446, -0.18415737, -0.23934233, -0.16758603])
Total time: 0.3311  pickout: 0.0004 split: 0.0024  decision: 0.0000  bounding: 0.0153  filtering: 0.0001  clipping: 0.0021  add_domain: 0.0034  rest: 0.3072
Length of domains: 14034950
14133598 branch and bound domains visited
Cumulative time: 74.43208360671997

Iteration 441
Batch size: 32768
Worst bound: tensor([-0.06633908, -0.02940559, -0.07137406, -0.02606642], device='cuda:0')
Current pickout batch: 32768, total pickout batch: 14166366
Domain clipping: area new/prev 0.0000/0.0000 (0.00%), domains verified after shrinking 108, shrunken 0 (0.00%)
Current (lb-rhs): tensor([-0.22708446, -0.18415737, -0.23934233, -0.16758603])
Total time: 0.3328  pickout: 0.0004 split: 0.0024  decision: 0.0000  bounding: 0.0175  filtering: 0.0001  clipping: 0.0019  add_domain: 0.0034  rest: 0.3070
Length of domains: 14067601
14166366 branch and bound domains visited
Cumulative time: 74.7650556564331

Iteration 442
Batch size: 32768
Worst bound: tensor([-0.06633908, -0.02940559, -0.07137406, -0.02606642], device='cuda:0')
Current pickout batch: 32768, total pickout batch: 14199134
Domain clipping: area new/prev 0.0000/0.0000 (0.00%), domains verified after shrinking 108, shrunken 0 (0.00%)
Current (lb-rhs): tensor([-0.22708446, -0.18415737, -0.23934233, -0.16758603])
Total time: 0.3334  pickout: 0.0004 split: 0.0032  decision: 0.0000  bounding: 0.0148  filtering: 0.0003  clipping: 0.0028  add_domain: 0.0034  rest: 0.3084
Length of domains: 14100252
14199134 branch and bound domains visited
Cumulative time: 75.0985414981842

Iteration 443
Batch size: 32768
Worst bound: tensor([-0.06633908, -0.02940559, -0.07137406, -0.02606642], device='cuda:0')
Current pickout batch: 32768, total pickout batch: 14231902
Domain clipping: area new/prev 0.0000/0.0000 (0.00%), domains verified after shrinking 108, shrunken 0 (0.00%)
Current (lb-rhs): tensor([-0.22708446, -0.18415737, -0.23934233, -0.16758603])
Total time: 0.3218  pickout: 0.0003 split: 0.0005  decision: 0.0000  bounding: 0.0117  filtering: 0.0001  clipping: 0.0006  add_domain: 0.0026  rest: 0.3058
Length of domains: 14132903
14231902 branch and bound domains visited
Cumulative time: 75.42041158676147

Iteration 444
Batch size: 32768
Worst bound: tensor([-0.06633908, -0.02940559, -0.07137406, -0.02606642], device='cuda:0')
Current pickout batch: 32768, total pickout batch: 14264670
Domain clipping: area new/prev 0.0000/0.0000 (0.00%), domains verified after shrinking 108, shrunken 0 (0.00%)
Current (lb-rhs): tensor([-0.22708446, -0.18415737, -0.23934233, -0.16758603])
Total time: 0.3240  pickout: 0.0003 split: 0.0005  decision: 0.0000  bounding: 0.0118  filtering: 0.0001  clipping: 0.0006  add_domain: 0.0026  rest: 0.3080
Length of domains: 14165554
14264670 branch and bound domains visited
Cumulative time: 75.74456191062927

Iteration 445
Batch size: 32768
Worst bound: tensor([-0.06633908, -0.02940559, -0.07137406, -0.02606642], device='cuda:0')
Current pickout batch: 32768, total pickout batch: 14297438
Domain clipping: area new/prev 0.0000/0.0000 (0.00%), domains verified after shrinking 108, shrunken 0 (0.00%)
Current (lb-rhs): tensor([-0.22708446, -0.18415737, -0.23934233, -0.16758603])
Total time: 0.3286  pickout: 0.0003 split: 0.0005  decision: 0.0000  bounding: 0.0118  filtering: 0.0001  clipping: 0.0006  add_domain: 0.0028  rest: 0.3124
Length of domains: 14198205
14297438 branch and bound domains visited
Cumulative time: 76.07329750061035

Iteration 446
Batch size: 32768
Worst bound: tensor([-0.06633908, -0.02940559, -0.07137406, -0.02606642], device='cuda:0')
Current pickout batch: 32768, total pickout batch: 14330206
Domain clipping: area new/prev 0.0000/0.0000 (0.00%), domains verified after shrinking 108, shrunken 0 (0.00%)
Current (lb-rhs): tensor([-0.22708446, -0.18415737, -0.23934233, -0.16758603])
Total time: 0.3332  pickout: 0.0003 split: 0.0005  decision: 0.0000  bounding: 0.0119  filtering: 0.0001  clipping: 0.0006  add_domain: 0.0027  rest: 0.3169
Length of domains: 14230856
14330206 branch and bound domains visited
Cumulative time: 76.4066264629364

Iteration 447
Batch size: 32768
Worst bound: tensor([-0.06633908, -0.02940559, -0.07137406, -0.02606642], device='cuda:0')
Current pickout batch: 32768, total pickout batch: 14362974
Domain clipping: area new/prev 0.0000/0.0000 (0.00%), domains verified after shrinking 108, shrunken 0 (0.00%)
Current (lb-rhs): tensor([-0.22708446, -0.18415737, -0.23934233, -0.16758603])
Total time: 0.3309  pickout: 0.0003 split: 0.0005  decision: 0.0000  bounding: 0.0117  filtering: 0.0001  clipping: 0.0006  add_domain: 0.0026  rest: 0.3150
Length of domains: 14263507
14362974 branch and bound domains visited
Cumulative time: 76.73760437965393

Iteration 448
Batch size: 32768
Worst bound: tensor([-0.06633908, -0.02940559, -0.07137406, -0.02606642], device='cuda:0')
Current pickout batch: 32768, total pickout batch: 14395742
Domain clipping: area new/prev 0.0000/0.0000 (0.00%), domains verified after shrinking 108, shrunken 0 (0.00%)
Current (lb-rhs): tensor([-0.22708446, -0.18415737, -0.23934233, -0.16758603])
Total time: 0.3243  pickout: 0.0003 split: 0.0005  decision: 0.0000  bounding: 0.0117  filtering: 0.0001  clipping: 0.0006  add_domain: 0.0027  rest: 0.3081
Length of domains: 14296158
14395742 branch and bound domains visited
Cumulative time: 77.0619888305664

Iteration 449
Batch size: 32768
Worst bound: tensor([-0.06633908, -0.02940559, -0.07137406, -0.02606642], device='cuda:0')
Current pickout batch: 32768, total pickout batch: 14428510
Domain clipping: area new/prev 0.0000/0.0000 (0.00%), domains verified after shrinking 108, shrunken 0 (0.00%)
Current (lb-rhs): tensor([-0.22708446, -0.18415737, -0.23934233, -0.16758603])
Total time: 0.3312  pickout: 0.0003 split: 0.0005  decision: 0.0000  bounding: 0.0118  filtering: 0.0001  clipping: 0.0006  add_domain: 0.0026  rest: 0.3150
Length of domains: 14328809
14428510 branch and bound domains visited
Cumulative time: 77.39329123497009

Iteration 450
Batch size: 32768
Worst bound: tensor([-0.06633908, -0.02940559, -0.07137406, -0.02606642], device='cuda:0')
Current pickout batch: 32768, total pickout batch: 14461278
Domain clipping: area new/prev 0.0000/0.0000 (0.00%), domains verified after shrinking 108, shrunken 0 (0.00%)
Current (lb-rhs): tensor([-0.22708446, -0.18415737, -0.23934233, -0.16758603])
Total time: 0.3285  pickout: 0.0003 split: 0.0005  decision: 0.0000  bounding: 0.0117  filtering: 0.0001  clipping: 0.0006  add_domain: 0.0027  rest: 0.3125
Length of domains: 14361460
14461278 branch and bound domains visited
Cumulative time: 77.72196006774902

Iteration 451
Batch size: 32768
Worst bound: tensor([-0.06633908, -0.02940559, -0.07137406, -0.02606642], device='cuda:0')
Current pickout batch: 32768, total pickout batch: 14494046
Domain clipping: area new/prev 0.0000/0.0000 (0.00%), domains verified after shrinking 108, shrunken 0 (0.00%)
Current (lb-rhs): tensor([-0.22708446, -0.18415737, -0.23934233, -0.16758603])
Total time: 0.3321  pickout: 0.0003 split: 0.0005  decision: 0.0000  bounding: 0.0118  filtering: 0.0001  clipping: 0.0006  add_domain: 0.0027  rest: 0.3160
Length of domains: 14394111
14494046 branch and bound domains visited
Cumulative time: 78.05421757698059

Iteration 452
Batch size: 32768
Worst bound: tensor([-0.06633908, -0.02940559, -0.07137406, -0.02606642], device='cuda:0')
Current pickout batch: 32768, total pickout batch: 14526814
Domain clipping: area new/prev 0.0000/0.0000 (0.00%), domains verified after shrinking 108, shrunken 0 (0.00%)
Current (lb-rhs): tensor([-0.22708446, -0.18415737, -0.23934233, -0.16758603])
Total time: 0.3339  pickout: 0.0003 split: 0.0006  decision: 0.0000  bounding: 0.0119  filtering: 0.0001  clipping: 0.0006  add_domain: 0.0029  rest: 0.3174
Length of domains: 14426762
14526814 branch and bound domains visited
Cumulative time: 78.38822746276855

Iteration 453
Batch size: 32768
Worst bound: tensor([-0.06633908, -0.02940559, -0.07137406, -0.02606642], device='cuda:0')
Current pickout batch: 32768, total pickout batch: 14559582
Domain clipping: area new/prev 0.0000/0.0000 (0.00%), domains verified after shrinking 108, shrunken 0 (0.00%)
Current (lb-rhs): tensor([-0.22708446, -0.18415737, -0.23934233, -0.16758603])
Total time: 0.3328  pickout: 0.0003 split: 0.0006  decision: 0.0000  bounding: 0.0122  filtering: 0.0002  clipping: 0.0006  add_domain: 0.0030  rest: 0.3158
Length of domains: 14459413
14559582 branch and bound domains visited
Cumulative time: 78.72119283676147

Iteration 454
Batch size: 32768
Worst bound: tensor([-0.06633908, -0.02940559, -0.07137406, -0.02606642], device='cuda:0')
Current pickout batch: 32768, total pickout batch: 14592350
Domain clipping: area new/prev 0.0000/0.0000 (0.00%), domains verified after shrinking 108, shrunken 0 (0.00%)
Current (lb-rhs): tensor([-0.22708446, -0.18415737, -0.23934233, -0.16758603])
Total time: 0.3350  pickout: 0.0003 split: 0.0005  decision: 0.0000  bounding: 0.0126  filtering: 0.0001  clipping: 0.0006  add_domain: 0.0029  rest: 0.3178
Length of domains: 14492064
14592350 branch and bound domains visited
Cumulative time: 79.0563325881958

Iteration 455
Batch size: 32768
Worst bound: tensor([-0.06633908, -0.02940559, -0.07137406, -0.02606642], device='cuda:0')
Current pickout batch: 32768, total pickout batch: 14625118
Domain clipping: area new/prev 0.0000/0.0000 (0.00%), domains verified after shrinking 108, shrunken 0 (0.00%)
Current (lb-rhs): tensor([-0.22708446, -0.18415737, -0.23934233, -0.16758603])
Total time: 0.3433  pickout: 0.0003 split: 0.0005  decision: 0.0000  bounding: 0.0118  filtering: 0.0001  clipping: 0.0006  add_domain: 0.0026  rest: 0.3273
Length of domains: 14524715
14625118 branch and bound domains visited
Cumulative time: 79.39979243278503

Iteration 456
Batch size: 32768
Worst bound: tensor([-0.06633908, -0.02940559, -0.07137406, -0.02606642], device='cuda:0')
Current pickout batch: 32768, total pickout batch: 14657886
Domain clipping: area new/prev 0.0000/0.0000 (0.00%), domains verified after shrinking 108, shrunken 0 (0.00%)
Current (lb-rhs): tensor([-0.22708446, -0.18415737, -0.23934233, -0.16758603])
Total time: 0.3353  pickout: 0.0003 split: 0.0023  decision: 0.0000  bounding: 0.0125  filtering: 0.0001  clipping: 0.0018  add_domain: 0.0033  rest: 0.3148
Length of domains: 14557366
14657886 branch and bound domains visited
Cumulative time: 79.73527121543884

Iteration 457
Batch size: 32768
Worst bound: tensor([-0.06633908, -0.02940559, -0.07137406, -0.02606642], device='cuda:0')
Current pickout batch: 32768, total pickout batch: 14690654
Domain clipping: area new/prev 0.0000/0.0000 (0.00%), domains verified after shrinking 108, shrunken 0 (0.00%)
Current (lb-rhs): tensor([-0.22708446, -0.18415737, -0.23934233, -0.16758603])
Total time: 0.3413  pickout: 0.0003 split: 0.0025  decision: 0.0000  bounding: 0.0150  filtering: 0.0002  clipping: 0.0018  add_domain: 0.0041  rest: 0.3173
Length of domains: 14590017
14690654 branch and bound domains visited
Cumulative time: 80.07665944099426

Iteration 458
Batch size: 32768
Worst bound: tensor([-0.06633908, -0.02940559, -0.07137406, -0.02606642], device='cuda:0')
Current pickout batch: 32768, total pickout batch: 14723422
Domain clipping: area new/prev 0.0000/0.0000 (0.00%), domains verified after shrinking 108, shrunken 0 (0.00%)
Current (lb-rhs): tensor([-0.22708446, -0.18415737, -0.23934233, -0.16758603])
Total time: 0.3502  pickout: 0.0003 split: 0.0024  decision: 0.0000  bounding: 0.0155  filtering: 0.0001  clipping: 0.0018  add_domain: 0.0036  rest: 0.3264
Length of domains: 14622668
14723422 branch and bound domains visited
Cumulative time: 80.42700862884521

Iteration 459
Batch size: 32768
Worst bound: tensor([-0.06633908, -0.02940559, -0.07137406, -0.02606642], device='cuda:0')
Current pickout batch: 32768, total pickout batch: 14756190
Domain clipping: area new/prev 0.0000/0.0000 (0.00%), domains verified after shrinking 108, shrunken 0 (0.00%)
Current (lb-rhs): tensor([-0.22708446, -0.18415737, -0.23934233, -0.16758603])
Total time: 1.6721  pickout: 0.0003 split: 0.0023  decision: 0.0000  bounding: 0.0154  filtering: 0.0001  clipping: 0.0019  add_domain: 1.3696  rest: 0.2823
Length of domains: 14655319
14756190 branch and bound domains visited
Cumulative time: 82.09917855262756

Iteration 460
Batch size: 32768
Worst bound: tensor([-0.06633908, -0.02940559, -0.07137406, -0.02606642], device='cuda:0')
Current pickout batch: 32768, total pickout batch: 14788958
Domain clipping: area new/prev 0.0000/0.0000 (0.00%), domains verified after shrinking 108, shrunken 0 (0.00%)
Current (lb-rhs): tensor([-0.22708446, -0.18415737, -0.23934233, -0.16758603])
Total time: 0.3110  pickout: 0.0003 split: 0.0005  decision: 0.0000  bounding: 0.0118  filtering: 0.0001  clipping: 0.0006  add_domain: 0.0028  rest: 0.2946
Length of domains: 14687970
14788958 branch and bound domains visited
Cumulative time: 82.4102680683136

Iteration 461
Batch size: 32768
Worst bound: tensor([-0.06633908, -0.02940559, -0.07137406, -0.02606642], device='cuda:0')
Current pickout batch: 32768, total pickout batch: 14821726
Domain clipping: area new/prev 0.0000/0.0000 (0.00%), domains verified after shrinking 108, shrunken 0 (0.00%)
Current (lb-rhs): tensor([-0.22708446, -0.18415737, -0.23934233, -0.16758603])
Total time: 0.3043  pickout: 0.0003 split: 0.0005  decision: 0.0000  bounding: 0.0119  filtering: 0.0001  clipping: 0.0006  add_domain: 0.0027  rest: 0.2880
Length of domains: 14720621
14821726 branch and bound domains visited
Cumulative time: 82.7147068977356

Iteration 462
Batch size: 32768
Worst bound: tensor([-0.06633908, -0.02940559, -0.07137406, -0.02606642], device='cuda:0')
Current pickout batch: 32768, total pickout batch: 14854494
Domain clipping: area new/prev 0.0000/0.0000 (0.00%), domains verified after shrinking 108, shrunken 0 (0.00%)
Current (lb-rhs): tensor([-0.22708446, -0.18415737, -0.23934233, -0.16758603])
Total time: 0.3047  pickout: 0.0003 split: 0.0005  decision: 0.0000  bounding: 0.0118  filtering: 0.0001  clipping: 0.0006  add_domain: 0.0032  rest: 0.2881
Length of domains: 14753272
14854494 branch and bound domains visited
Cumulative time: 83.01953673362732

Iteration 463
Batch size: 32768
Worst bound: tensor([-0.06633908, -0.02940559, -0.07137406, -0.02606642], device='cuda:0')
Current pickout batch: 32768, total pickout batch: 14887262
Domain clipping: area new/prev 0.0000/0.0000 (0.00%), domains verified after shrinking 108, shrunken 0 (0.00%)
Current (lb-rhs): tensor([-0.22708446, -0.18415737, -0.23934233, -0.16758603])
Total time: 0.3079  pickout: 0.0003 split: 0.0005  decision: 0.0000  bounding: 0.0118  filtering: 0.0001  clipping: 0.0006  add_domain: 0.0026  rest: 0.2919
Length of domains: 14785923
14887262 branch and bound domains visited
Cumulative time: 83.32758116722107

Iteration 464
Batch size: 32768
Worst bound: tensor([-0.06633908, -0.02940559, -0.07137406, -0.02606642], device='cuda:0')
Current pickout batch: 32768, total pickout batch: 14920030
Domain clipping: area new/prev 0.0000/0.0000 (0.00%), domains verified after shrinking 108, shrunken 0 (0.00%)
Current (lb-rhs): tensor([-0.22708446, -0.18415737, -0.23934233, -0.16758603])
Total time: 0.3061  pickout: 0.0003 split: 0.0005  decision: 0.0000  bounding: 0.0119  filtering: 0.0001  clipping: 0.0006  add_domain: 0.0027  rest: 0.2898
Length of domains: 14818574
14920030 branch and bound domains visited
Cumulative time: 83.63379096984863

Iteration 465
Batch size: 32768
Worst bound: tensor([-0.06633908, -0.02940559, -0.07137406, -0.02606642], device='cuda:0')
Current pickout batch: 32768, total pickout batch: 14952798
Domain clipping: area new/prev 0.0000/0.0000 (0.00%), domains verified after shrinking 108, shrunken 0 (0.00%)
Current (lb-rhs): tensor([-0.22708446, -0.18415737, -0.23934233, -0.16758603])
Total time: 0.3157  pickout: 0.0003 split: 0.0005  decision: 0.0000  bounding: 0.0117  filtering: 0.0001  clipping: 0.0006  add_domain: 0.0027  rest: 0.2996
Length of domains: 14851225
14952798 branch and bound domains visited
Cumulative time: 83.94957566261292

Iteration 466
Batch size: 32768
Worst bound: tensor([-0.06633908, -0.02940559, -0.07137406, -0.02606642], device='cuda:0')
Current pickout batch: 32768, total pickout batch: 14985566
Domain clipping: area new/prev 0.0000/0.0000 (0.00%), domains verified after shrinking 108, shrunken 0 (0.00%)
Current (lb-rhs): tensor([-0.22708446, -0.18415737, -0.23934233, -0.16758603])
Total time: 0.3115  pickout: 0.0003 split: 0.0005  decision: 0.0000  bounding: 0.0118  filtering: 0.0001  clipping: 0.0006  add_domain: 0.0027  rest: 0.2954
Length of domains: 14883876
14985566 branch and bound domains visited
Cumulative time: 84.26124000549316

Iteration 467
Batch size: 32768
Worst bound: tensor([-0.06633908, -0.02940559, -0.07137406, -0.02606642], device='cuda:0')
Current pickout batch: 32768, total pickout batch: 15018334
Domain clipping: area new/prev 0.0000/0.0000 (0.00%), domains verified after shrinking 108, shrunken 0 (0.00%)
Current (lb-rhs): tensor([-0.22708446, -0.18415737, -0.23934233, -0.16758603])
Total time: 0.3202  pickout: 0.0003 split: 0.0006  decision: 0.0000  bounding: 0.0119  filtering: 0.0001  clipping: 0.0006  add_domain: 0.0034  rest: 0.3032
Length of domains: 14916527
15018334 branch and bound domains visited
Cumulative time: 84.5815920829773

Iteration 468
Batch size: 32768
Worst bound: tensor([-0.06633908, -0.02940559, -0.07137406, -0.02606642], device='cuda:0')
Current pickout batch: 32768, total pickout batch: 15051102
Domain clipping: area new/prev 0.0000/0.0000 (0.00%), domains verified after shrinking 108, shrunken 0 (0.00%)
Current (lb-rhs): tensor([-0.22708446, -0.18415737, -0.23934233, -0.16758603])
Total time: 0.3212  pickout: 0.0003 split: 0.0005  decision: 0.0000  bounding: 0.0117  filtering: 0.0001  clipping: 0.0006  add_domain: 0.0026  rest: 0.3053
Length of domains: 14949178
15051102 branch and bound domains visited
Cumulative time: 84.90296792984009

Iteration 469
Batch size: 32768
Worst bound: tensor([-0.06633908, -0.02940559, -0.07137406, -0.02606642], device='cuda:0')
Current pickout batch: 32768, total pickout batch: 15083870
Domain clipping: area new/prev 0.0000/0.0000 (0.00%), domains verified after shrinking 108, shrunken 0 (0.00%)
Current (lb-rhs): tensor([-0.22708446, -0.18415737, -0.23934233, -0.16758603])
Total time: 0.3531  pickout: 0.0012 split: 0.0039  decision: 0.0000  bounding: 0.0238  filtering: 0.0002  clipping: 0.0032  add_domain: 0.0056  rest: 0.3151
Length of domains: 14981829
15083870 branch and bound domains visited
Cumulative time: 85.25623369216919

Iteration 470
Batch size: 32768
Worst bound: tensor([-0.06633908, -0.02940559, -0.07137406, -0.02606642], device='cuda:0')
Current pickout batch: 32768, total pickout batch: 15116638
Domain clipping: area new/prev 0.0000/0.0000 (0.00%), domains verified after shrinking 108, shrunken 0 (0.00%)
Current (lb-rhs): tensor([-0.22708446, -0.18415737, -0.23934233, -0.16758603])
Total time: 0.3340  pickout: 0.0003 split: 0.0006  decision: 0.0000  bounding: 0.0120  filtering: 0.0001  clipping: 0.0006  add_domain: 0.0028  rest: 0.3175
Length of domains: 15014480
15116638 branch and bound domains visited
Cumulative time: 85.59033846855164

Iteration 471
Batch size: 32768
Worst bound: tensor([-0.06633908, -0.02940559, -0.07137406, -0.02606642], device='cuda:0')
Current pickout batch: 32768, total pickout batch: 15149406
Domain clipping: area new/prev 0.0000/0.0000 (0.00%), domains verified after shrinking 108, shrunken 0 (0.00%)
Current (lb-rhs): tensor([-0.22708446, -0.18415737, -0.23934233, -0.16758603])
Total time: 0.3386  pickout: 0.0003 split: 0.0016  decision: 0.0000  bounding: 0.0122  filtering: 0.0001  clipping: 0.0020  add_domain: 0.0048  rest: 0.3175
Length of domains: 15047131
15149406 branch and bound domains visited
Cumulative time: 85.92905282974243

Iteration 472
Batch size: 32768
Worst bound: tensor([-0.06633908, -0.02940559, -0.07137406, -0.02606642], device='cuda:0')
Current pickout batch: 32768, total pickout batch: 15182174
Domain clipping: area new/prev 0.0000/0.0000 (0.00%), domains verified after shrinking 108, shrunken 0 (0.00%)
Current (lb-rhs): tensor([-0.22708446, -0.18415737, -0.23934233, -0.16758603])
Total time: 0.3446  pickout: 0.0003 split: 0.0035  decision: 0.0000  bounding: 0.0171  filtering: 0.0002  clipping: 0.0029  add_domain: 0.0039  rest: 0.3165
Length of domains: 15079782
15182174 branch and bound domains visited
Cumulative time: 86.27374792098999

Iteration 473
Batch size: 32768
Worst bound: tensor([-0.06633908, -0.02940559, -0.07137406, -0.02606642], device='cuda:0')
Current pickout batch: 32768, total pickout batch: 15214942
Domain clipping: area new/prev 0.0000/0.0000 (0.00%), domains verified after shrinking 108, shrunken 0 (0.00%)
Current (lb-rhs): tensor([-0.22708446, -0.18415737, -0.23934233, -0.16758603])
Total time: 0.3594  pickout: 0.0006 split: 0.0061  decision: 0.0000  bounding: 0.0198  filtering: 0.0002  clipping: 0.0056  add_domain: 0.0059  rest: 0.3210
Length of domains: 15112433
15214942 branch and bound domains visited
Cumulative time: 86.63328075408936

Iteration 474
Batch size: 32768
Worst bound: tensor([-0.06633908, -0.02940559, -0.07137406, -0.02606642], device='cuda:0')
Current pickout batch: 32768, total pickout batch: 15247710
Domain clipping: area new/prev 0.0000/0.0000 (0.00%), domains verified after shrinking 108, shrunken 0 (0.00%)
Current (lb-rhs): tensor([-0.22708446, -0.18415737, -0.23934233, -0.16758603])
Total time: 0.3569  pickout: 0.0004 split: 0.0033  decision: 0.0000  bounding: 0.0157  filtering: 0.0001  clipping: 0.0031  add_domain: 0.0064  rest: 0.3278
Length of domains: 15145084
15247710 branch and bound domains visited
Cumulative time: 86.99029302597046

Iteration 475
Batch size: 32768
Worst bound: tensor([-0.06633908, -0.02940559, -0.07137406, -0.02606642], device='cuda:0')
Current pickout batch: 32768, total pickout batch: 15280478
Domain clipping: area new/prev 0.0000/0.0000 (0.00%), domains verified after shrinking 108, shrunken 0 (0.00%)
Current (lb-rhs): tensor([-0.22708446, -0.18415737, -0.23934233, -0.16758603])
Total time: 0.3572  pickout: 0.0003 split: 0.0023  decision: 0.0000  bounding: 0.0144  filtering: 0.0001  clipping: 0.0023  add_domain: 0.0033  rest: 0.3344
Length of domains: 15177735
15280478 branch and bound domains visited
Cumulative time: 87.34765243530273

Iteration 476
Batch size: 32768
Worst bound: tensor([-0.06633908, -0.02940559, -0.07137406, -0.02606642], device='cuda:0')
Current pickout batch: 32768, total pickout batch: 15313246
Domain clipping: area new/prev 0.0000/0.0000 (0.00%), domains verified after shrinking 108, shrunken 0 (0.00%)
Current (lb-rhs): tensor([-0.22708446, -0.18415737, -0.23934233, -0.16758603])
Total time: 0.3532  pickout: 0.0003 split: 0.0023  decision: 0.0000  bounding: 0.0159  filtering: 0.0001  clipping: 0.0021  add_domain: 0.0032  rest: 0.3290
Length of domains: 15210386
15313246 branch and bound domains visited
Cumulative time: 87.70100378990173

Iteration 477
Batch size: 32768
Worst bound: tensor([-0.06633908, -0.02940559, -0.07137406, -0.02606642], device='cuda:0')
Current pickout batch: 32768, total pickout batch: 15346014
Domain clipping: area new/prev 0.0000/0.0000 (0.00%), domains verified after shrinking 108, shrunken 0 (0.00%)
Current (lb-rhs): tensor([-0.22708446, -0.18415737, -0.23934233, -0.16758603])
Total time: 0.3554  pickout: 0.0004 split: 0.0023  decision: 0.0000  bounding: 0.0155  filtering: 0.0001  clipping: 0.0022  add_domain: 0.0036  rest: 0.3310
Length of domains: 15243037
15346014 branch and bound domains visited
Cumulative time: 88.0565071105957

Iteration 478
Batch size: 32768
Worst bound: tensor([-0.06633908, -0.02940559, -0.07137406, -0.02606642], device='cuda:0')
Current pickout batch: 32768, total pickout batch: 15378782
Domain clipping: area new/prev 0.0000/0.0000 (0.00%), domains verified after shrinking 108, shrunken 0 (0.00%)
Current (lb-rhs): tensor([-0.22708446, -0.18415737, -0.23934233, -0.16758603])
Total time: 0.3542  pickout: 0.0005 split: 0.0025  decision: 0.0000  bounding: 0.0156  filtering: 0.0001  clipping: 0.0019  add_domain: 0.0044  rest: 0.3291
Length of domains: 15275688
15378782 branch and bound domains visited
Cumulative time: 88.41082000732422

Iteration 479
Batch size: 32768
Worst bound: tensor([-0.06633908, -0.02940559, -0.07137406, -0.02606642], device='cuda:0')
Current pickout batch: 32768, total pickout batch: 15411550
Domain clipping: area new/prev 0.0000/0.0000 (0.00%), domains verified after shrinking 108, shrunken 0 (0.00%)
Current (lb-rhs): tensor([-0.22708446, -0.18415737, -0.23934233, -0.16758603])
Total time: 0.3542  pickout: 0.0003 split: 0.0025  decision: 0.0000  bounding: 0.0149  filtering: 0.0001  clipping: 0.0020  add_domain: 0.0037  rest: 0.3304
Length of domains: 15308339
15411550 branch and bound domains visited
Cumulative time: 88.76510620117188

Iteration 480
Batch size: 32768
Worst bound: tensor([-0.06633908, -0.02940559, -0.07137406, -0.02606642], device='cuda:0')
Current pickout batch: 32768, total pickout batch: 15444318
Domain clipping: area new/prev 0.0000/0.0000 (0.00%), domains verified after shrinking 108, shrunken 0 (0.00%)
Current (lb-rhs): tensor([-0.22708446, -0.18415737, -0.23934233, -0.16758603])
Total time: 0.3679  pickout: 0.0004 split: 0.0028  decision: 0.0000  bounding: 0.0236  filtering: 0.0002  clipping: 0.0023  add_domain: 0.0039  rest: 0.3346
Length of domains: 15340990
15444318 branch and bound domains visited
Cumulative time: 89.13315892219543

Iteration 481
Batch size: 32768
Worst bound: tensor([-0.06633908, -0.02940559, -0.07137406, -0.02606642], device='cuda:0')
Current pickout batch: 32768, total pickout batch: 15477086
Domain clipping: area new/prev 0.0000/0.0000 (0.00%), domains verified after shrinking 108, shrunken 0 (0.00%)
Current (lb-rhs): tensor([-0.22708446, -0.18415737, -0.23934233, -0.16758603])
Total time: 0.3511  pickout: 0.0003 split: 0.0005  decision: 0.0000  bounding: 0.0119  filtering: 0.0001  clipping: 0.0006  add_domain: 0.0027  rest: 0.3348
Length of domains: 15373641
15477086 branch and bound domains visited
Cumulative time: 89.48433375358582

Iteration 482
Batch size: 32768
Worst bound: tensor([-0.06633908, -0.02940559, -0.07137406, -0.02606642], device='cuda:0')
Current pickout batch: 32768, total pickout batch: 15509854
Domain clipping: area new/prev 0.0000/0.0000 (0.00%), domains verified after shrinking 108, shrunken 0 (0.00%)
Current (lb-rhs): tensor([-0.22708446, -0.18415737, -0.23934233, -0.16758603])
Total time: 0.3497  pickout: 0.0003 split: 0.0010  decision: 0.0000  bounding: 0.0119  filtering: 0.0001  clipping: 0.0006  add_domain: 0.0025  rest: 0.3332
Length of domains: 15406292
15509854 branch and bound domains visited
Cumulative time: 89.83417224884033

Iteration 483
Batch size: 32768
Worst bound: tensor([-0.06633908, -0.02940559, -0.07137406, -0.02606642], device='cuda:0')
Current pickout batch: 32768, total pickout batch: 15542622
Domain clipping: area new/prev 0.0000/0.0000 (0.00%), domains verified after shrinking 108, shrunken 0 (0.00%)
Current (lb-rhs): tensor([-0.22708446, -0.18415737, -0.23934233, -0.16758603])
Total time: 0.3719  pickout: 0.0014 split: 0.0021  decision: 0.0000  bounding: 0.0172  filtering: 0.0002  clipping: 0.0017  add_domain: 0.0032  rest: 0.3459
Length of domains: 15438943
15542622 branch and bound domains visited
Cumulative time: 90.20615339279175

Iteration 484
Batch size: 32768
Worst bound: tensor([-0.06633908, -0.02940559, -0.07137406, -0.02606642], device='cuda:0')
Current pickout batch: 32768, total pickout batch: 15575390
Domain clipping: area new/prev 0.0000/0.0000 (0.00%), domains verified after shrinking 108, shrunken 0 (0.00%)
Current (lb-rhs): tensor([-0.22708446, -0.18415737, -0.23934233, -0.16758603])
Total time: 0.3807  pickout: 0.0013 split: 0.0035  decision: 0.0000  bounding: 0.0212  filtering: 0.0002  clipping: 0.0030  add_domain: 0.0050  rest: 0.3464
Length of domains: 15471594
15575390 branch and bound domains visited
Cumulative time: 90.58697485923767

Iteration 485
Batch size: 32768
Worst bound: tensor([-0.06633908, -0.02940559, -0.07137406, -0.02606642], device='cuda:0')
Current pickout batch: 32768, total pickout batch: 15608158
Domain clipping: area new/prev 0.0000/0.0000 (0.00%), domains verified after shrinking 108, shrunken 0 (0.00%)
Current (lb-rhs): tensor([-0.22708446, -0.18415737, -0.23934233, -0.16758603])
Total time: 0.3545  pickout: 0.0003 split: 0.0005  decision: 0.0000  bounding: 0.0118  filtering: 0.0001  clipping: 0.0006  add_domain: 0.0026  rest: 0.3384
Length of domains: 15504245
15608158 branch and bound domains visited
Cumulative time: 90.94156289100647

Iteration 486
Batch size: 32768
Worst bound: tensor([-0.06633908, -0.02940559, -0.07137406, -0.02606642], device='cuda:0')
Current pickout batch: 32768, total pickout batch: 15640926
Domain clipping: area new/prev 0.0000/0.0000 (0.00%), domains verified after shrinking 108, shrunken 0 (0.00%)
Current (lb-rhs): tensor([-0.22708446, -0.18415737, -0.23934233, -0.16758603])
Total time: 0.3671  pickout: 0.0003 split: 0.0040  decision: 0.0000  bounding: 0.0174  filtering: 0.0003  clipping: 0.0007  add_domain: 0.0031  rest: 0.3412
Length of domains: 15536896
15640926 branch and bound domains visited
Cumulative time: 91.30880522727966

Iteration 487
Batch size: 32768
Worst bound: tensor([-0.06633908, -0.02940559, -0.07137406, -0.02606642], device='cuda:0')
Current pickout batch: 32768, total pickout batch: 15673694
Domain clipping: area new/prev 0.0000/0.0000 (0.00%), domains verified after shrinking 108, shrunken 0 (0.00%)
Current (lb-rhs): tensor([-0.22708446, -0.18415737, -0.23934233, -0.16758603])
Total time: 0.3877  pickout: 0.0010 split: 0.0052  decision: 0.0000  bounding: 0.0234  filtering: 0.0002  clipping: 0.0049  add_domain: 0.0058  rest: 0.3471
Length of domains: 15569547
15673694 branch and bound domains visited
Cumulative time: 91.69662499427795

Iteration 488
Batch size: 32768
Worst bound: tensor([-0.06633908, -0.02940559, -0.07137406, -0.02606642], device='cuda:0')
Current pickout batch: 32768, total pickout batch: 15706462
Domain clipping: area new/prev 0.0000/0.0000 (0.00%), domains verified after shrinking 108, shrunken 0 (0.00%)
Current (lb-rhs): tensor([-0.22708446, -0.18415737, -0.23934233, -0.16758603])
Total time: 0.3586  pickout: 0.0003 split: 0.0005  decision: 0.0000  bounding: 0.0121  filtering: 0.0001  clipping: 0.0006  add_domain: 0.0027  rest: 0.3421
Length of domains: 15602198
15706462 branch and bound domains visited
Cumulative time: 92.05537271499634

Iteration 489
Batch size: 32768
Worst bound: tensor([-0.06633908, -0.02940559, -0.07137406, -0.02606642], device='cuda:0')
Current pickout batch: 32768, total pickout batch: 15739230
Domain clipping: area new/prev 0.0000/0.0000 (0.00%), domains verified after shrinking 108, shrunken 0 (0.00%)
Current (lb-rhs): tensor([-0.22708446, -0.18415737, -0.23934233, -0.16758603])
Total time: 0.3571  pickout: 0.0003 split: 0.0005  decision: 0.0000  bounding: 0.0119  filtering: 0.0001  clipping: 0.0006  add_domain: 0.0026  rest: 0.3410
Length of domains: 15634849
15739230 branch and bound domains visited
Cumulative time: 92.41258549690247

Iteration 490
Batch size: 32768
Worst bound: tensor([-0.06633908, -0.02940559, -0.07137406, -0.02606642], device='cuda:0')
Current pickout batch: 32768, total pickout batch: 15771998
Domain clipping: area new/prev 0.0000/0.0000 (0.00%), domains verified after shrinking 108, shrunken 0 (0.00%)
Current (lb-rhs): tensor([-0.22708446, -0.18415737, -0.23934233, -0.16758603])
Total time: 0.3703  pickout: 0.0003 split: 0.0041  decision: 0.0000  bounding: 0.0140  filtering: 0.0003  clipping: 0.0018  add_domain: 0.0050  rest: 0.3447
Length of domains: 15667500
15771998 branch and bound domains visited
Cumulative time: 92.7829704284668

Iteration 491
Batch size: 32768
Worst bound: tensor([-0.06633908, -0.02940559, -0.07137406, -0.02606642], device='cuda:0')
Current pickout batch: 32768, total pickout batch: 15804766
Domain clipping: area new/prev 0.0000/0.0000 (0.00%), domains verified after shrinking 108, shrunken 0 (0.00%)
Current (lb-rhs): tensor([-0.22708446, -0.18415737, -0.23934233, -0.16758603])
Total time: 0.3848  pickout: 0.0003 split: 0.0055  decision: 0.0000  bounding: 0.0219  filtering: 0.0003  clipping: 0.0048  add_domain: 0.0060  rest: 0.3459
Length of domains: 15700151
15804766 branch and bound domains visited
Cumulative time: 93.1678900718689

Iteration 492
Batch size: 32768
Worst bound: tensor([-0.06633908, -0.02940559, -0.07137406, -0.02606642], device='cuda:0')
Current pickout batch: 32768, total pickout batch: 15837534
Domain clipping: area new/prev 0.0000/0.0000 (0.00%), domains verified after shrinking 108, shrunken 0 (0.00%)
Current (lb-rhs): tensor([-0.22708446, -0.18415737, -0.23934233, -0.16758603])
Total time: 0.3861  pickout: 0.0008 split: 0.0057  decision: 0.0000  bounding: 0.0214  filtering: 0.0002  clipping: 0.0036  add_domain: 0.0056  rest: 0.3488
Length of domains: 15732802
15837534 branch and bound domains visited
Cumulative time: 93.55406451225281

Iteration 493
Batch size: 32768
Worst bound: tensor([-0.06633908, -0.02940559, -0.07137406, -0.02606642], device='cuda:0')
Current pickout batch: 32768, total pickout batch: 15870302
Domain clipping: area new/prev 0.0000/0.0000 (0.00%), domains verified after shrinking 108, shrunken 0 (0.00%)
Current (lb-rhs): tensor([-0.22708446, -0.18415737, -0.23934233, -0.16758603])
Total time: 0.3611  pickout: 0.0003 split: 0.0005  decision: 0.0000  bounding: 0.0129  filtering: 0.0001  clipping: 0.0006  add_domain: 0.0027  rest: 0.3437
Length of domains: 15765453
15870302 branch and bound domains visited
Cumulative time: 93.9152820110321

Iteration 494
Batch size: 32768
Worst bound: tensor([-0.06633908, -0.02940559, -0.07137406, -0.02606642], device='cuda:0')
Current pickout batch: 32768, total pickout batch: 15903070
Domain clipping: area new/prev 0.0000/0.0000 (0.00%), domains verified after shrinking 108, shrunken 0 (0.00%)
Current (lb-rhs): tensor([-0.22708446, -0.18415737, -0.23934233, -0.16758603])
Total time: 0.3701  pickout: 0.0004 split: 0.0023  decision: 0.0000  bounding: 0.0162  filtering: 0.0001  clipping: 0.0019  add_domain: 0.0036  rest: 0.3453
Length of domains: 15798104
15903070 branch and bound domains visited
Cumulative time: 94.28548097610474

Iteration 495
Batch size: 32768
Worst bound: tensor([-0.06633908, -0.02940559, -0.07137406, -0.02606642], device='cuda:0')
Current pickout batch: 32768, total pickout batch: 15935838
Domain clipping: area new/prev 0.0000/0.0000 (0.00%), domains verified after shrinking 108, shrunken 0 (0.00%)
Current (lb-rhs): tensor([-0.22708446, -0.18415737, -0.23934233, -0.16758603])
Total time: 0.3685  pickout: 0.0005 split: 0.0032  decision: 0.0000  bounding: 0.0156  filtering: 0.0002  clipping: 0.0027  add_domain: 0.0035  rest: 0.3426
Length of domains: 15830755
15935838 branch and bound domains visited
Cumulative time: 94.65412402153015

Iteration 496
Batch size: 32768
Worst bound: tensor([-0.06633908, -0.02940559, -0.07137406, -0.02606642], device='cuda:0')
Current pickout batch: 32768, total pickout batch: 15968606
Domain clipping: area new/prev 0.0000/0.0000 (0.00%), domains verified after shrinking 108, shrunken 0 (0.00%)
Current (lb-rhs): tensor([-0.22708446, -0.18415737, -0.23934233, -0.16758603])
Total time: 0.3698  pickout: 0.0011 split: 0.0025  decision: 0.0000  bounding: 0.0182  filtering: 0.0002  clipping: 0.0022  add_domain: 0.0033  rest: 0.3423
Length of domains: 15863406
15968606 branch and bound domains visited
Cumulative time: 95.02405071258545

Iteration 497
Batch size: 32768
Worst bound: tensor([-0.06633908, -0.02940559, -0.07137406, -0.02606642], device='cuda:0')
Current pickout batch: 32768, total pickout batch: 16001374
Domain clipping: area new/prev 0.0000/0.0000 (0.00%), domains verified after shrinking 108, shrunken 0 (0.00%)
Current (lb-rhs): tensor([-0.22708446, -0.18415737, -0.23934233, -0.16758603])
Total time: 0.3961  pickout: 0.0015 split: 0.0047  decision: 0.0000  bounding: 0.0268  filtering: 0.0017  clipping: 0.0058  add_domain: 0.0067  rest: 0.3488
Length of domains: 15896057
16001374 branch and bound domains visited
Cumulative time: 95.42032074928284

Iteration 498
Batch size: 32768
Worst bound: tensor([-0.06633908, -0.02940559, -0.07137406, -0.02606642], device='cuda:0')
Current pickout batch: 32768, total pickout batch: 16034142
Domain clipping: area new/prev 0.0000/0.0000 (0.00%), domains verified after shrinking 108, shrunken 0 (0.00%)
Current (lb-rhs): tensor([-0.22708446, -0.18415737, -0.23934233, -0.16758603])
Total time: 0.3945  pickout: 0.0005 split: 0.0064  decision: 0.0000  bounding: 0.0291  filtering: 0.0002  clipping: 0.0047  add_domain: 0.0060  rest: 0.3474
Length of domains: 15928708
16034142 branch and bound domains visited
Cumulative time: 95.81494665145874

Iteration 499
Batch size: 32768
Worst bound: tensor([-0.06633908, -0.02940559, -0.07137406, -0.02606642], device='cuda:0')
Current pickout batch: 32768, total pickout batch: 16066910
Domain clipping: area new/prev 0.0000/0.0000 (0.00%), domains verified after shrinking 108, shrunken 0 (0.00%)
Current (lb-rhs): tensor([-0.22708446, -0.18415737, -0.23934233, -0.16758603])
Total time: 0.3913  pickout: 0.0011 split: 0.0063  decision: 0.0000  bounding: 0.0269  filtering: 0.0006  clipping: 0.0058  add_domain: 0.0068  rest: 0.3437
Length of domains: 15961359
16066910 branch and bound domains visited
Cumulative time: 96.20632433891296

Iteration 500
Batch size: 32768
Worst bound: tensor([-0.06633908, -0.02940559, -0.07137406, -0.02606642], device='cuda:0')
Current pickout batch: 32768, total pickout batch: 16099678
Domain clipping: area new/prev 0.0000/0.0000 (0.00%), domains verified after shrinking 108, shrunken 0 (0.00%)
Current (lb-rhs): tensor([-0.22708446, -0.18415737, -0.23934233, -0.16758603])
Total time: 0.3935  pickout: 0.0015 split: 0.0066  decision: 0.0000  bounding: 0.0282  filtering: 0.0003  clipping: 0.0059  add_domain: 0.0069  rest: 0.3440
Length of domains: 15994010
16099678 branch and bound domains visited
Cumulative time: 96.59992384910583

Iteration 501
Batch size: 32768
Worst bound: tensor([-0.06633908, -0.02940559, -0.07137406, -0.02606642], device='cuda:0')
Current pickout batch: 32768, total pickout batch: 16132446
Domain clipping: area new/prev 0.0000/0.0000 (0.00%), domains verified after shrinking 108, shrunken 0 (0.00%)
Current (lb-rhs): tensor([-0.22708446, -0.18415737, -0.23934233, -0.16758603])
Total time: 0.3917  pickout: 0.0013 split: 0.0068  decision: 0.0000  bounding: 0.0257  filtering: 0.0014  clipping: 0.0060  add_domain: 0.0062  rest: 0.3443
Length of domains: 16026661
16132446 branch and bound domains visited
Cumulative time: 96.99178051948547

Iteration 502
Batch size: 32768
Worst bound: tensor([-0.06633908, -0.02940559, -0.07137406, -0.02606642], device='cuda:0')
Current pickout batch: 32768, total pickout batch: 16165214
Domain clipping: area new/prev 0.0000/0.0000 (0.00%), domains verified after shrinking 108, shrunken 0 (0.00%)
Current (lb-rhs): tensor([-0.22708446, -0.18415737, -0.23934233, -0.16758603])
Total time: 0.3867  pickout: 0.0011 split: 0.0039  decision: 0.0000  bounding: 0.0208  filtering: 0.0002  clipping: 0.0030  add_domain: 0.0067  rest: 0.3507
Length of domains: 16059312
16165214 branch and bound domains visited
Cumulative time: 97.37858605384827

Iteration 503
Batch size: 32768
Worst bound: tensor([-0.06633908, -0.02940559, -0.07137406, -0.02606642], device='cuda:0')
Current pickout batch: 32768, total pickout batch: 16197982
Domain clipping: area new/prev 0.0000/0.0000 (0.00%), domains verified after shrinking 108, shrunken 0 (0.00%)
Current (lb-rhs): tensor([-0.22708446, -0.18415737, -0.23934233, -0.16758603])
Total time: 0.3703  pickout: 0.0003 split: 0.0005  decision: 0.0000  bounding: 0.0118  filtering: 0.0001  clipping: 0.0006  add_domain: 0.0026  rest: 0.3543
Length of domains: 16091963
16197982 branch and bound domains visited
Cumulative time: 97.74903464317322

Iteration 504
Batch size: 32768
Worst bound: tensor([-0.06633908, -0.02940559, -0.07137406, -0.02606642], device='cuda:0')
Current pickout batch: 32768, total pickout batch: 16230750
Domain clipping: area new/prev 0.0000/0.0000 (0.00%), domains verified after shrinking 108, shrunken 0 (0.00%)
Current (lb-rhs): tensor([-0.22708446, -0.18415737, -0.23934233, -0.16758603])
Total time: 0.3676  pickout: 0.0003 split: 0.0006  decision: 0.0000  bounding: 0.0123  filtering: 0.0001  clipping: 0.0006  add_domain: 0.0026  rest: 0.3510
Length of domains: 16124614
16230750 branch and bound domains visited
Cumulative time: 98.11677074432373

Iteration 505
Batch size: 32768
Worst bound: tensor([-0.06633908, -0.02940559, -0.07137406, -0.02606642], device='cuda:0')
Current pickout batch: 32768, total pickout batch: 16263518
Domain clipping: area new/prev 0.0000/0.0000 (0.00%), domains verified after shrinking 108, shrunken 0 (0.00%)
Current (lb-rhs): tensor([-0.22708446, -0.18415737, -0.23934233, -0.16758603])
Total time: 0.3771  pickout: 0.0003 split: 0.0040  decision: 0.0000  bounding: 0.0141  filtering: 0.0003  clipping: 0.0019  add_domain: 0.0048  rest: 0.3516
Length of domains: 16157265
16263518 branch and bound domains visited
Cumulative time: 98.49394822120667

Iteration 506
Batch size: 32768
Worst bound: tensor([-0.06633908, -0.02940559, -0.07137406, -0.02606642], device='cuda:0')
Current pickout batch: 32768, total pickout batch: 16296286
Domain clipping: area new/prev 0.0000/0.0000 (0.00%), domains verified after shrinking 108, shrunken 0 (0.00%)
Current (lb-rhs): tensor([-0.22708446, -0.18415737, -0.23934233, -0.16758603])
Total time: 0.3929  pickout: 0.0015 split: 0.0052  decision: 0.0000  bounding: 0.0236  filtering: 0.0002  clipping: 0.0048  add_domain: 0.0050  rest: 0.3524
Length of domains: 16189916
16296286 branch and bound domains visited
Cumulative time: 98.88691902160645

Iteration 507
Batch size: 32768
Worst bound: tensor([-0.06633908, -0.02940559, -0.07137406, -0.02606642], device='cuda:0')
Current pickout batch: 32768, total pickout batch: 16329054
Domain clipping: area new/prev 0.0000/0.0000 (0.00%), domains verified after shrinking 108, shrunken 0 (0.00%)
Current (lb-rhs): tensor([-0.22708446, -0.18415737, -0.23934233, -0.16758603])
Total time: 0.3708  pickout: 0.0003 split: 0.0005  decision: 0.0000  bounding: 0.0118  filtering: 0.0001  clipping: 0.0006  add_domain: 0.0026  rest: 0.3547
Length of domains: 16222567
16329054 branch and bound domains visited
Cumulative time: 99.2577977180481

Iteration 508
Batch size: 32768
Worst bound: tensor([-0.06633908, -0.02940559, -0.07137406, -0.02606642], device='cuda:0')
Current pickout batch: 32768, total pickout batch: 16361822
Domain clipping: area new/prev 0.0000/0.0000 (0.00%), domains verified after shrinking 108, shrunken 0 (0.00%)
Current (lb-rhs): tensor([-0.22708446, -0.18415737, -0.23934233, -0.16758603])
Total time: 0.3717  pickout: 0.0003 split: 0.0005  decision: 0.0000  bounding: 0.0120  filtering: 0.0001  clipping: 0.0006  add_domain: 0.0026  rest: 0.3555
Length of domains: 16255218
16361822 branch and bound domains visited
Cumulative time: 99.62963271141052

Iteration 509
Batch size: 32768
Worst bound: tensor([-0.06633908, -0.02940559, -0.07137406, -0.02606642], device='cuda:0')
Current pickout batch: 32768, total pickout batch: 16394590
Domain clipping: area new/prev 0.0000/0.0000 (0.00%), domains verified after shrinking 108, shrunken 0 (0.00%)
Current (lb-rhs): tensor([-0.22708446, -0.18415737, -0.23934233, -0.16758603])
Total time: 0.3992  pickout: 0.0003 split: 0.0050  decision: 0.0000  bounding: 0.0204  filtering: 0.0018  clipping: 0.0029  add_domain: 0.0049  rest: 0.3639
Length of domains: 16287869
16394590 branch and bound domains visited
Cumulative time: 100.02897453308105

Iteration 510
Batch size: 32768
Worst bound: tensor([-0.06633908, -0.02940559, -0.07137406, -0.02606642], device='cuda:0')
Current pickout batch: 32768, total pickout batch: 16427358
Domain clipping: area new/prev 0.0000/0.0000 (0.00%), domains verified after shrinking 108, shrunken 0 (0.00%)
Current (lb-rhs): tensor([-0.22708446, -0.18415737, -0.23934233, -0.16758603])
Total time: 0.3757  pickout: 0.0003 split: 0.0005  decision: 0.0000  bounding: 0.0119  filtering: 0.0001  clipping: 0.0006  add_domain: 0.0028  rest: 0.3593
Length of domains: 16320520
16427358 branch and bound domains visited
Cumulative time: 100.4048285484314

Iteration 511
Batch size: 32768
Worst bound: tensor([-0.06633908, -0.02940559, -0.07137406, -0.02606642], device='cuda:0')
Current pickout batch: 32768, total pickout batch: 16460126
Domain clipping: area new/prev 0.0000/0.0000 (0.00%), domains verified after shrinking 108, shrunken 0 (0.00%)
Current (lb-rhs): tensor([-0.22708446, -0.18415737, -0.23934233, -0.16758603])
Total time: 0.3835  pickout: 0.0003 split: 0.0015  decision: 0.0000  bounding: 0.0154  filtering: 0.0002  clipping: 0.0044  add_domain: 0.0045  rest: 0.3572
Length of domains: 16353171
16460126 branch and bound domains visited
Cumulative time: 100.78847098350525

Iteration 512
Batch size: 32768
Worst bound: tensor([-0.06633908, -0.02940559, -0.07137406, -0.02606642], device='cuda:0')
Current pickout batch: 32768, total pickout batch: 16492894
Domain clipping: area new/prev 0.0000/0.0000 (0.00%), domains verified after shrinking 108, shrunken 0 (0.00%)
Current (lb-rhs): tensor([-0.22708446, -0.18415737, -0.23934233, -0.16758603])
Total time: 0.3824  pickout: 0.0005 split: 0.0033  decision: 0.0000  bounding: 0.0172  filtering: 0.0003  clipping: 0.0027  add_domain: 0.0039  rest: 0.3544
Length of domains: 16385822
16492894 branch and bound domains visited
Cumulative time: 101.17101979255676

Iteration 513
Batch size: 32768
Worst bound: tensor([-0.06633908, -0.02940559, -0.07137406, -0.02606642], device='cuda:0')
Current pickout batch: 32768, total pickout batch: 16525662
Domain clipping: area new/prev 0.0000/0.0000 (0.00%), domains verified after shrinking 108, shrunken 0 (0.00%)
Current (lb-rhs): tensor([-0.22708446, -0.18415737, -0.23934233, -0.16758603])
Total time: 0.3813  pickout: 0.0005 split: 0.0034  decision: 0.0000  bounding: 0.0195  filtering: 0.0003  clipping: 0.0027  add_domain: 0.0038  rest: 0.3510
Length of domains: 16418473
16525662 branch and bound domains visited
Cumulative time: 101.5524833202362

Iteration 514
Batch size: 32768
Worst bound: tensor([-0.06633908, -0.02940559, -0.07137406, -0.02606642], device='cuda:0')
Current pickout batch: 32768, total pickout batch: 16558430
Domain clipping: area new/prev 0.0000/0.0000 (0.00%), domains verified after shrinking 108, shrunken 0 (0.00%)
Current (lb-rhs): tensor([-0.22708446, -0.18415737, -0.23934233, -0.16758603])
Total time: 0.3878  pickout: 0.0022 split: 0.0034  decision: 0.0000  bounding: 0.0205  filtering: 0.0003  clipping: 0.0026  add_domain: 0.0040  rest: 0.3546
Length of domains: 16451124
16558430 branch and bound domains visited
Cumulative time: 101.94039797782898

Iteration 515
Batch size: 32768
Worst bound: tensor([-0.06633908, -0.02940559, -0.07137406, -0.02606642], device='cuda:0')
Current pickout batch: 32768, total pickout batch: 16591198
Domain clipping: area new/prev 0.0000/0.0000 (0.00%), domains verified after shrinking 108, shrunken 0 (0.00%)
Current (lb-rhs): tensor([-0.22708446, -0.18415737, -0.23934233, -0.16758603])
Total time: 0.3943  pickout: 0.0003 split: 0.0057  decision: 0.0000  bounding: 0.0189  filtering: 0.0002  clipping: 0.0036  add_domain: 0.0053  rest: 0.3601
Length of domains: 16483775
16591198 branch and bound domains visited
Cumulative time: 102.33483362197876

Iteration 516
Batch size: 32768
Worst bound: tensor([-0.06633908, -0.02940559, -0.07137406, -0.02606642], device='cuda:0')
Current pickout batch: 32768, total pickout batch: 16623966
Domain clipping: area new/prev 0.0000/0.0000 (0.00%), domains verified after shrinking 108, shrunken 0 (0.00%)
Current (lb-rhs): tensor([-0.22708446, -0.18415737, -0.23934233, -0.16758603])
Total time: 0.3937  pickout: 0.0009 split: 0.0059  decision: 0.0000  bounding: 0.0192  filtering: 0.0002  clipping: 0.0034  add_domain: 0.0057  rest: 0.3583
Length of domains: 16516426
16623966 branch and bound domains visited
Cumulative time: 102.72863411903381

Iteration 517
Batch size: 32768
Worst bound: tensor([-0.06633908, -0.02940559, -0.07137406, -0.02606642], device='cuda:0')
Current pickout batch: 32768, total pickout batch: 16656734
Domain clipping: area new/prev 0.0000/0.0000 (0.00%), domains verified after shrinking 108, shrunken 0 (0.00%)
Current (lb-rhs): tensor([-0.22708446, -0.18415737, -0.23934233, -0.16758603])
Total time: 0.3928  pickout: 0.0005 split: 0.0056  decision: 0.0000  bounding: 0.0228  filtering: 0.0002  clipping: 0.0020  add_domain: 0.0035  rest: 0.3581
Length of domains: 16549077
16656734 branch and bound domains visited
Cumulative time: 103.12150979042053

Iteration 518
Batch size: 32768
Worst bound: tensor([-0.06633908, -0.02940559, -0.07137406, -0.02606642], device='cuda:0')
Current pickout batch: 32768, total pickout batch: 16689502
Domain clipping: area new/prev 0.0000/0.0000 (0.00%), domains verified after shrinking 108, shrunken 0 (0.00%)
Current (lb-rhs): tensor([-0.22708446, -0.18415737, -0.23934233, -0.16758603])
Total time: 0.3926  pickout: 0.0004 split: 0.0061  decision: 0.0000  bounding: 0.0170  filtering: 0.0002  clipping: 0.0032  add_domain: 0.0068  rest: 0.3588
Length of domains: 16581728
16689502 branch and bound domains visited
Cumulative time: 103.51421546936035

Iteration 519
Batch size: 32768
Worst bound: tensor([-0.06633908, -0.02940559, -0.07137406, -0.02606642], device='cuda:0')
Current pickout batch: 32768, total pickout batch: 16722270
Domain clipping: area new/prev 0.0000/0.0000 (0.00%), domains verified after shrinking 108, shrunken 0 (0.00%)
Current (lb-rhs): tensor([-0.22708446, -0.18415737, -0.23934233, -0.16758603])
Total time: 0.3833  pickout: 0.0003 split: 0.0024  decision: 0.0000  bounding: 0.0173  filtering: 0.0001  clipping: 0.0019  add_domain: 0.0034  rest: 0.3577
Length of domains: 16614379
16722270 branch and bound domains visited
Cumulative time: 103.89758729934692

Iteration 520
Batch size: 32768
Worst bound: tensor([-0.06633908, -0.02940559, -0.07137406, -0.02606642], device='cuda:0')
Current pickout batch: 32768, total pickout batch: 16755038
Domain clipping: area new/prev 0.0000/0.0000 (0.00%), domains verified after shrinking 108, shrunken 0 (0.00%)
Current (lb-rhs): tensor([-0.22708446, -0.18415737, -0.23934233, -0.16758603])
Total time: 0.3830  pickout: 0.0003 split: 0.0025  decision: 0.0000  bounding: 0.0151  filtering: 0.0002  clipping: 0.0021  add_domain: 0.0033  rest: 0.3593
Length of domains: 16647030
16755038 branch and bound domains visited
Cumulative time: 104.28067708015442

Iteration 521
Batch size: 32768
Worst bound: tensor([-0.06633908, -0.02940559, -0.07137406, -0.02606642], device='cuda:0')
Current pickout batch: 32768, total pickout batch: 16787806
Domain clipping: area new/prev 0.0000/0.0000 (0.00%), domains verified after shrinking 108, shrunken 0 (0.00%)
Current (lb-rhs): tensor([-0.22708446, -0.18415737, -0.23934233, -0.16758603])
Total time: 0.3720  pickout: 0.0003 split: 0.0005  decision: 0.0000  bounding: 0.0119  filtering: 0.0001  clipping: 0.0006  add_domain: 0.0025  rest: 0.3560
Length of domains: 16679681
16787806 branch and bound domains visited
Cumulative time: 104.65281629562378

Iteration 522
Batch size: 32768
Worst bound: tensor([-0.06633908, -0.02940559, -0.07137406, -0.02606642], device='cuda:0')
Current pickout batch: 32768, total pickout batch: 16820574
Domain clipping: area new/prev 0.0000/0.0000 (0.00%), domains verified after shrinking 108, shrunken 0 (0.00%)
Current (lb-rhs): tensor([-0.22708446, -0.18415737, -0.23934233, -0.16758603])
Total time: 0.3924  pickout: 0.0014 split: 0.0021  decision: 0.0000  bounding: 0.0200  filtering: 0.0002  clipping: 0.0017  add_domain: 0.0031  rest: 0.3637
Length of domains: 16712332
16820574 branch and bound domains visited
Cumulative time: 105.04529666900635

Iteration 523
Batch size: 32768
Worst bound: tensor([-0.06633908, -0.02940559, -0.07137406, -0.02606642], device='cuda:0')
Current pickout batch: 32768, total pickout batch: 16853342
Domain clipping: area new/prev 0.0000/0.0000 (0.00%), domains verified after shrinking 108, shrunken 0 (0.00%)
Current (lb-rhs): tensor([-0.22708446, -0.18415737, -0.23934233, -0.16758603])
Total time: 0.7680  pickout: 0.0011 split: 0.0038  decision: 0.0000  bounding: 0.0237  filtering: 0.0002  clipping: 0.0030  add_domain: 0.3573  rest: 0.3789
Length of domains: 16744983
16853342 branch and bound domains visited
Cumulative time: 105.8134412765503

Iteration 524
Batch size: 32768
Worst bound: tensor([-0.06633908, -0.02940559, -0.07137406, -0.02606642], device='cuda:0')
Current pickout batch: 32768, total pickout batch: 16886110
Domain clipping: area new/prev 0.0000/0.0000 (0.00%), domains verified after shrinking 108, shrunken 0 (0.00%)
Current (lb-rhs): tensor([-0.22708446, -0.18415737, -0.23934233, -0.16758603])
Total time: 0.3848  pickout: 0.0003 split: 0.0005  decision: 0.0000  bounding: 0.0121  filtering: 0.0001  clipping: 0.0006  add_domain: 0.0031  rest: 0.3679
Length of domains: 16777634
16886110 branch and bound domains visited
Cumulative time: 106.19833111763

Iteration 525
Batch size: 32768
Worst bound: tensor([-0.06633908, -0.02940559, -0.07137406, -0.02606642], device='cuda:0')
Current pickout batch: 32768, total pickout batch: 16918878
Domain clipping: area new/prev 0.0000/0.0000 (0.00%), domains verified after shrinking 108, shrunken 0 (0.00%)
Current (lb-rhs): tensor([-0.22708446, -0.18415737, -0.23934233, -0.16758603])
Total time: 0.3894  pickout: 0.0011 split: 0.0020  decision: 0.0000  bounding: 0.0172  filtering: 0.0002  clipping: 0.0016  add_domain: 0.0031  rest: 0.3641
Length of domains: 16810285
16918878 branch and bound domains visited
Cumulative time: 106.58782768249512

Iteration 526
Batch size: 32768
Worst bound: tensor([-0.06633908, -0.02940559, -0.07137406, -0.02606642], device='cuda:0')
Current pickout batch: 32768, total pickout batch: 16951646
Domain clipping: area new/prev 0.0000/0.0000 (0.00%), domains verified after shrinking 108, shrunken 0 (0.00%)
Current (lb-rhs): tensor([-0.22708446, -0.18415737, -0.23934233, -0.16758603])
Total time: 0.4025  pickout: 0.0005 split: 0.0050  decision: 0.0000  bounding: 0.0208  filtering: 0.0002  clipping: 0.0035  add_domain: 0.0054  rest: 0.3671
Length of domains: 16842936
16951646 branch and bound domains visited
Cumulative time: 106.9904534816742

Iteration 527
Batch size: 32768
Worst bound: tensor([-0.06633908, -0.02940559, -0.07137406, -0.02606642], device='cuda:0')
Current pickout batch: 32768, total pickout batch: 16984414
Domain clipping: area new/prev 0.0000/0.0000 (0.00%), domains verified after shrinking 108, shrunken 0 (0.00%)
Current (lb-rhs): tensor([-0.22708446, -0.18415737, -0.23934233, -0.16758603])
Total time: 0.3883  pickout: 0.0003 split: 0.0005  decision: 0.0000  bounding: 0.0117  filtering: 0.0001  clipping: 0.0006  add_domain: 0.0027  rest: 0.3722
Length of domains: 16875587
16984414 branch and bound domains visited
Cumulative time: 107.3788731098175

Iteration 528
Batch size: 32768
Worst bound: tensor([-0.06633908, -0.02940559, -0.07137406, -0.02606642], device='cuda:0')
Current pickout batch: 32768, total pickout batch: 17017182
Domain clipping: area new/prev 0.0000/0.0000 (0.00%), domains verified after shrinking 108, shrunken 0 (0.00%)
Current (lb-rhs): tensor([-0.22708446, -0.18415737, -0.23934233, -0.16758603])
Total time: 0.3886  pickout: 0.0003 split: 0.0005  decision: 0.0000  bounding: 0.0124  filtering: 0.0001  clipping: 0.0006  add_domain: 0.0028  rest: 0.3717
Length of domains: 16908238
17017182 branch and bound domains visited
Cumulative time: 107.76754879951477

Iteration 529
Batch size: 32768
Worst bound: tensor([-0.06633908, -0.02940559, -0.07137406, -0.02606642], device='cuda:0')
Current pickout batch: 32768, total pickout batch: 17049950
Domain clipping: area new/prev 0.0000/0.0000 (0.00%), domains verified after shrinking 108, shrunken 0 (0.00%)
Current (lb-rhs): tensor([-0.22708446, -0.18415737, -0.23934233, -0.16758603])
Total time: 0.3904  pickout: 0.0003 split: 0.0006  decision: 0.0000  bounding: 0.0118  filtering: 0.0001  clipping: 0.0017  add_domain: 0.0032  rest: 0.3726
Length of domains: 16940889
17049950 branch and bound domains visited
Cumulative time: 108.15812230110168

Iteration 530
Batch size: 32768
Worst bound: tensor([-0.06633908, -0.02940559, -0.07137406, -0.02606642], device='cuda:0')
Current pickout batch: 32768, total pickout batch: 17082718
Domain clipping: area new/prev 0.0000/0.0000 (0.00%), domains verified after shrinking 108, shrunken 0 (0.00%)
Current (lb-rhs): tensor([-0.22708446, -0.18415737, -0.23934233, -0.16758603])
Total time: 0.4027  pickout: 0.0003 split: 0.0005  decision: 0.0000  bounding: 0.0124  filtering: 0.0001  clipping: 0.0006  add_domain: 0.0029  rest: 0.3858
Length of domains: 16973540
17082718 branch and bound domains visited
Cumulative time: 108.56096363067627

Iteration 531
Batch size: 32768
Worst bound: tensor([-0.06633908, -0.02940559, -0.07137406, -0.02606642], device='cuda:0')
Current pickout batch: 32768, total pickout batch: 17115486
Domain clipping: area new/prev 0.0000/0.0000 (0.00%), domains verified after shrinking 108, shrunken 0 (0.00%)
Current (lb-rhs): tensor([-0.22708446, -0.18415737, -0.23934233, -0.16758603])
Total time: 0.4143  pickout: 0.0004 split: 0.0012  decision: 0.0000  bounding: 0.0177  filtering: 0.0001  clipping: 0.0011  add_domain: 0.0035  rest: 0.3902
Length of domains: 17006191
17115486 branch and bound domains visited
Cumulative time: 108.97535824775696

Iteration 532
Batch size: 32768
Worst bound: tensor([-0.06633908, -0.02940559, -0.07137406, -0.02606642], device='cuda:0')
Current pickout batch: 32768, total pickout batch: 17148254
Domain clipping: area new/prev 0.0000/0.0000 (0.00%), domains verified after shrinking 108, shrunken 0 (0.00%)
Current (lb-rhs): tensor([-0.22708446, -0.18415737, -0.23934233, -0.16758603])
Total time: 0.3981  pickout: 0.0003 split: 0.0024  decision: 0.0000  bounding: 0.0154  filtering: 0.0001  clipping: 0.0021  add_domain: 0.0035  rest: 0.3741
Length of domains: 17038842
17148254 branch and bound domains visited
Cumulative time: 109.37354302406311

Iteration 533
Batch size: 32768
Worst bound: tensor([-0.06633908, -0.02940559, -0.07137406, -0.02606642], device='cuda:0')
Current pickout batch: 32768, total pickout batch: 17181022
Domain clipping: area new/prev 0.0000/0.0000 (0.00%), domains verified after shrinking 108, shrunken 0 (0.00%)
Current (lb-rhs): tensor([-0.22708446, -0.18415737, -0.23934233, -0.16758603])
Total time: 0.3971  pickout: 0.0003 split: 0.0018  decision: 0.0000  bounding: 0.0154  filtering: 0.0001  clipping: 0.0018  add_domain: 0.0031  rest: 0.3744
Length of domains: 17071493
17181022 branch and bound domains visited
Cumulative time: 109.77078223228455

Iteration 534
Batch size: 32768
Worst bound: tensor([-0.06633908, -0.02940559, -0.07137406, -0.02606642], device='cuda:0')
Current pickout batch: 32768, total pickout batch: 17213790
Domain clipping: area new/prev 0.0000/0.0000 (0.00%), domains verified after shrinking 108, shrunken 0 (0.00%)
Current (lb-rhs): tensor([-0.22708446, -0.18415737, -0.23934233, -0.16758603])
Total time: 0.4034  pickout: 0.0004 split: 0.0024  decision: 0.0000  bounding: 0.0154  filtering: 0.0001  clipping: 0.0021  add_domain: 0.0032  rest: 0.3796
Length of domains: 17104144
17213790 branch and bound domains visited
Cumulative time: 110.17428016662598

Iteration 535
Batch size: 32768
Worst bound: tensor([-0.06633908, -0.02940559, -0.07137406, -0.02606642], device='cuda:0')
Current pickout batch: 32768, total pickout batch: 17246558
Domain clipping: area new/prev 0.0000/0.0000 (0.00%), domains verified after shrinking 108, shrunken 0 (0.00%)
Current (lb-rhs): tensor([-0.22708446, -0.18415737, -0.23934233, -0.16758603])
Total time: 0.3958  pickout: 0.0003 split: 0.0024  decision: 0.0000  bounding: 0.0156  filtering: 0.0002  clipping: 0.0019  add_domain: 0.0035  rest: 0.3718
Length of domains: 17136795
17246558 branch and bound domains visited
Cumulative time: 110.57015013694763

Iteration 536
Batch size: 32768
Worst bound: tensor([-0.06633908, -0.02940559, -0.07137406, -0.02606642], device='cuda:0')
Current pickout batch: 32768, total pickout batch: 17279326
Domain clipping: area new/prev 0.0000/0.0000 (0.00%), domains verified after shrinking 108, shrunken 0 (0.00%)
Current (lb-rhs): tensor([-0.22708446, -0.18415737, -0.23934233, -0.16758603])
Total time: 0.4039  pickout: 0.0003 split: 0.0023  decision: 0.0000  bounding: 0.0152  filtering: 0.0001  clipping: 0.0021  add_domain: 0.0034  rest: 0.3803
Length of domains: 17169446
17279326 branch and bound domains visited
Cumulative time: 110.97419166564941

Iteration 537
Batch size: 32768
Worst bound: tensor([-0.06633908, -0.02940559, -0.07137406, -0.02606642], device='cuda:0')
Current pickout batch: 32768, total pickout batch: 17312094
Domain clipping: area new/prev 0.0000/0.0000 (0.00%), domains verified after shrinking 108, shrunken 0 (0.00%)
Current (lb-rhs): tensor([-0.22708446, -0.18415737, -0.23934233, -0.16758603])
Total time: 0.3997  pickout: 0.0003 split: 0.0005  decision: 0.0000  bounding: 0.0118  filtering: 0.0001  clipping: 0.0006  add_domain: 0.0027  rest: 0.3835
Length of domains: 17202097
17312094 branch and bound domains visited
Cumulative time: 111.37400150299072

Iteration 538
Batch size: 32768
Worst bound: tensor([-0.06633908, -0.02940559, -0.07137406, -0.02606642], device='cuda:0')
Current pickout batch: 32768, total pickout batch: 17344862
Domain clipping: area new/prev 0.0000/0.0000 (0.00%), domains verified after shrinking 108, shrunken 0 (0.00%)
Current (lb-rhs): tensor([-0.22708446, -0.18415737, -0.23934233, -0.16758603])
Total time: 0.3959  pickout: 0.0003 split: 0.0005  decision: 0.0000  bounding: 0.0118  filtering: 0.0001  clipping: 0.0006  add_domain: 0.0027  rest: 0.3798
Length of domains: 17234748
17344862 branch and bound domains visited
Cumulative time: 111.77007222175598

Iteration 539
Batch size: 32768
Worst bound: tensor([-0.06633908, -0.02940559, -0.07137406, -0.02606642], device='cuda:0')
Current pickout batch: 32768, total pickout batch: 17377630
Domain clipping: area new/prev 0.0000/0.0000 (0.00%), domains verified after shrinking 108, shrunken 0 (0.00%)
Current (lb-rhs): tensor([-0.22708446, -0.18415737, -0.23934233, -0.16758603])
Total time: 0.4081  pickout: 0.0003 split: 0.0005  decision: 0.0000  bounding: 0.0118  filtering: 0.0001  clipping: 0.0006  add_domain: 0.0026  rest: 0.3920
Length of domains: 17267399
17377630 branch and bound domains visited
Cumulative time: 112.1782968044281

Iteration 540
Batch size: 32768
Worst bound: tensor([-0.06633908, -0.02940559, -0.07137406, -0.02606642], device='cuda:0')
Current pickout batch: 32768, total pickout batch: 17410398
Domain clipping: area new/prev 0.0000/0.0000 (0.00%), domains verified after shrinking 108, shrunken 0 (0.00%)
Current (lb-rhs): tensor([-0.22708446, -0.18415737, -0.23934233, -0.16758603])
Total time: 0.3718  pickout: 0.0003 split: 0.0005  decision: 0.0000  bounding: 0.0117  filtering: 0.0001  clipping: 0.0006  add_domain: 0.0026  rest: 0.3560
Length of domains: 17300050
17410398 branch and bound domains visited
Cumulative time: 112.55026531219482

Iteration 541
Batch size: 32768
Worst bound: tensor([-0.06633908, -0.02940559, -0.07137406, -0.02606642], device='cuda:0')
Current pickout batch: 32768, total pickout batch: 17443166
Domain clipping: area new/prev 0.0000/0.0000 (0.00%), domains verified after shrinking 108, shrunken 0 (0.00%)
Current (lb-rhs): tensor([-0.22708446, -0.18415737, -0.23934233, -0.16758603])
Total time: 0.3785  pickout: 0.0003 split: 0.0005  decision: 0.0000  bounding: 0.0119  filtering: 0.0001  clipping: 0.0006  add_domain: 0.0027  rest: 0.3622
Length of domains: 17332701
17443166 branch and bound domains visited
Cumulative time: 112.92890691757202

Iteration 542
Batch size: 32768
Worst bound: tensor([-0.06633908, -0.02940559, -0.07137406, -0.02606642], device='cuda:0')
Current pickout batch: 32768, total pickout batch: 17475934
Domain clipping: area new/prev 0.0000/0.0000 (0.00%), domains verified after shrinking 108, shrunken 0 (0.00%)
Current (lb-rhs): tensor([-0.22708446, -0.18415737, -0.23934233, -0.16758603])
Total time: 0.3743  pickout: 0.0003 split: 0.0005  decision: 0.0000  bounding: 0.0118  filtering: 0.0001  clipping: 0.0006  add_domain: 0.0027  rest: 0.3580
Length of domains: 17365352
17475934 branch and bound domains visited
Cumulative time: 113.30331087112427

Iteration 543
Batch size: 32768
Worst bound: tensor([-0.06633908, -0.02940559, -0.07137406, -0.02606642], device='cuda:0')
Current pickout batch: 32768, total pickout batch: 17508702
Domain clipping: area new/prev 0.0000/0.0000 (0.00%), domains verified after shrinking 108, shrunken 0 (0.00%)
Current (lb-rhs): tensor([-0.22708446, -0.18415737, -0.23934233, -0.16758603])
Total time: 0.3829  pickout: 0.0003 split: 0.0006  decision: 0.0000  bounding: 0.0119  filtering: 0.0001  clipping: 0.0006  add_domain: 0.0028  rest: 0.3664
Length of domains: 17398003
17508702 branch and bound domains visited
Cumulative time: 113.68627429008484

Iteration 544
Batch size: 32768
Worst bound: tensor([-0.06633908, -0.02940559, -0.07137406, -0.02606642], device='cuda:0')
Current pickout batch: 32768, total pickout batch: 17541470
Domain clipping: area new/prev 0.0000/0.0000 (0.00%), domains verified after shrinking 108, shrunken 0 (0.00%)
Current (lb-rhs): tensor([-0.22708446, -0.18415737, -0.23934233, -0.16758603])
Total time: 0.3895  pickout: 0.0003 split: 0.0005  decision: 0.0000  bounding: 0.0120  filtering: 0.0001  clipping: 0.0006  add_domain: 0.0029  rest: 0.3729
Length of domains: 17430654
17541470 branch and bound domains visited
Cumulative time: 114.0759220123291

Iteration 545
Batch size: 32768
Worst bound: tensor([-0.06633908, -0.02940559, -0.07137406, -0.02606642], device='cuda:0')
Current pickout batch: 32768, total pickout batch: 17574238
Domain clipping: area new/prev 0.0000/0.0000 (0.00%), domains verified after shrinking 108, shrunken 0 (0.00%)
Current (lb-rhs): tensor([-0.22708446, -0.18415737, -0.23934233, -0.16758603])
Total time: 0.3935  pickout: 0.0004 split: 0.0006  decision: 0.0000  bounding: 0.0129  filtering: 0.0001  clipping: 0.0006  add_domain: 0.0032  rest: 0.3757
Length of domains: 17463305
17574238 branch and bound domains visited
Cumulative time: 114.46952438354492

Iteration 546
Batch size: 32768
Worst bound: tensor([-0.06633908, -0.02940559, -0.07137406, -0.02606642], device='cuda:0')
Current pickout batch: 32768, total pickout batch: 17607006
Domain clipping: area new/prev 0.0000/0.0000 (0.00%), domains verified after shrinking 108, shrunken 0 (0.00%)
Current (lb-rhs): tensor([-0.22708446, -0.18415737, -0.23934233, -0.16758603])
Total time: 0.3927  pickout: 0.0003 split: 0.0005  decision: 0.0000  bounding: 0.0119  filtering: 0.0001  clipping: 0.0006  add_domain: 0.0029  rest: 0.3762
Length of domains: 17495956
17607006 branch and bound domains visited
Cumulative time: 114.86233234405518

Iteration 547
Batch size: 32768
Worst bound: tensor([-0.06633908, -0.02940559, -0.07137406, -0.02606642], device='cuda:0')
Current pickout batch: 32768, total pickout batch: 17639774
Domain clipping: area new/prev 0.0000/0.0000 (0.00%), domains verified after shrinking 108, shrunken 0 (0.00%)
Current (lb-rhs): tensor([-0.22708446, -0.18415737, -0.23934233, -0.16758603])
Total time: 0.4111  pickout: 0.0004 split: 0.0025  decision: 0.0000  bounding: 0.0149  filtering: 0.0001  clipping: 0.0018  add_domain: 0.0035  rest: 0.3877
Length of domains: 17528607
17639774 branch and bound domains visited
Cumulative time: 115.27359795570374

Iteration 548
Batch size: 32768
Worst bound: tensor([-0.06633908, -0.02940559, -0.07137406, -0.02606642], device='cuda:0')
Current pickout batch: 32768, total pickout batch: 17672542
Domain clipping: area new/prev 0.0000/0.0000 (0.00%), domains verified after shrinking 108, shrunken 0 (0.00%)
Current (lb-rhs): tensor([-0.22708446, -0.18415737, -0.23934233, -0.16758603])
Total time: 0.4084  pickout: 0.0003 split: 0.0023  decision: 0.0000  bounding: 0.0150  filtering: 0.0002  clipping: 0.0021  add_domain: 0.0036  rest: 0.3849
Length of domains: 17561258
17672542 branch and bound domains visited
Cumulative time: 115.68216562271118

Iteration 549
Batch size: 32768
Worst bound: tensor([-0.06633908, -0.02940559, -0.07137406, -0.02606642], device='cuda:0')
Current pickout batch: 32768, total pickout batch: 17705310
Domain clipping: area new/prev 0.0000/0.0000 (0.00%), domains verified after shrinking 108, shrunken 0 (0.00%)
Current (lb-rhs): tensor([-0.22708446, -0.18415737, -0.23934233, -0.16758603])
Total time: 0.4127  pickout: 0.0004 split: 0.0024  decision: 0.0000  bounding: 0.0154  filtering: 0.0001  clipping: 0.0019  add_domain: 0.0046  rest: 0.3877
Length of domains: 17593909
17705310 branch and bound domains visited
Time out!
Result: timeout
Time: 116.26585125923157

------------------------- COMMAND ------------------------------
/data1/Kane/miniconda3/envs/GenBaB/bin/python /data1/Kane/GenBaB/alpha-beta-CROWN/complete_verifier/abcrown.py --config /data1/Kane/GenBaB/alpha-beta-CROWN/complete_verifier/exp_configs/vnncomp23/acasxu.yaml --precompile_jit --onnx_path /data1/Kane/data/vnncomp2025_benchmarks/benchmarks/acasxu_2023/onnx/ACASXU_run2a_4_5_batch_2000.onnx --vnnlib_path /data1/Kane/data/vnncomp2025_benchmarks/benchmarks/acasxu_2023/vnnlib/prop_2.vnnlib --results_file /data1/Kane/ACT/audit_results/abcrown_nopgd_20260525/acasxu_2023/0077__ACASXU_run2a_4_5_batch_2000__prop_2.result --timeout 116.0 --save_adv_example --pgd_order=skip
----------------------------------------------------------------

