source,iid,verdict,internal_status,reportable_status,count_bucket,wall_s,watchdog_status,watchdog_synthetic,strict_bounded_failure,run_status,peak_rss_mb,onnx_model,vnnlib_spec,q_statuses,q_reportables,q_receipts,error,json_path
cpu_smoke,0,UNKNOWN_RESOURCE_LIMIT,UNKNOWN,UNKNOWN,,16.509,UNKNOWN_RESOURCE_LIMIT,True,True,FAILED,17565.3359375,./onnx/6cnn_tz_35_5_no_custom_OP.onnx,./vnnlib/spec_idx_176_eps_0.00001000.vnnlib,[],[],[],"watchdog killed instance after 16.5s (status=UNKNOWN_RESOURCE_LIMIT, peak_rss=17565.3 MiB)",/data1/Kane/ACT/audit_results/r93_rerun_20260525T083118Z/overnight_cpu_round2_20260525T225241Z/metaroom_2023/per_instance_metaroom_2023_watchdog_iid0_20260526T011853774059Z.json
cpu_smoke,1,CERTIFIED,UNSAT,CERTIFIED,CERTIFIED,33.128,,False,,PASSED,,./onnx/4cnn_tz_65_10_no_custom_OP.onnx,./vnnlib/spec_idx_79_eps_0.00001000.vnnlib,"[""UNSAT"",""UNSAT"",""UNSAT"",""UNSAT"",""UNSAT"",""UNSAT"",""UNSAT"",""UNSAT"",""UNSAT"",""UNSAT"",""UNSAT"",""UNSAT"",""UNSAT"",""UNSAT"",""UNSAT"",""UNSAT"",""UNSAT"",""UNSAT"",""UNSAT""]","[""CERTIFIED"",""CERTIFIED"",""CERTIFIED"",""CERTIFIED"",""CERTIFIED"",""CERTIFIED"",""CERTIFIED"",""CERTIFIED"",""CERTIFIED"",""CERTIFIED"",""CERTIFIED"",""CERTIFIED"",""CERTIFIED"",""CERTIFIED"",""CERTIFIED"",""CERTIFIED"",""CERTIFIED"",""CERTIFIED"",""CERTIFIED""]","[null,null,null,null,null,null,null,null,null,null,null,null,null,null,null,null,null,null,null]",,/data1/Kane/ACT/audit_results/r93_rerun_20260525T083118Z/overnight_cpu_round2_20260525T225241Z/metaroom_2023/per_instance_metaroom_2023_20260526T011928929831Z.json
cpu_smoke,2,UNKNOWN_RESOURCE_LIMIT,UNKNOWN,UNKNOWN,,15.511,UNKNOWN_RESOURCE_LIMIT,True,True,FAILED,16839.20703125,./onnx/6cnn_tz_65_10_no_custom_OP.onnx,./vnnlib/spec_idx_196_eps_0.00001000.vnnlib,[],[],[],"watchdog killed instance after 15.5s (status=UNKNOWN_RESOURCE_LIMIT, peak_rss=16839.2 MiB)",/data1/Kane/ACT/audit_results/r93_rerun_20260525T083118Z/overnight_cpu_round2_20260525T225241Z/metaroom_2023/per_instance_metaroom_2023_watchdog_iid2_20260526T011945306309Z.json
cpu_smoke,3,UNKNOWN_RESOURCE_LIMIT,UNKNOWN,UNKNOWN,,15.812,UNKNOWN_RESOURCE_LIMIT,True,True,FAILED,17550.34765625,./onnx/6cnn_ry_30_5_no_custom_OP.onnx,./vnnlib/spec_idx_114_eps_0.00000436.vnnlib,[],[],[],"watchdog killed instance after 15.8s (status=UNKNOWN_RESOURCE_LIMIT, peak_rss=17550.3 MiB)",/data1/Kane/ACT/audit_results/r93_rerun_20260525T083118Z/overnight_cpu_round2_20260525T225241Z/metaroom_2023/per_instance_metaroom_2023_watchdog_iid3_20260526T012001119643Z.json
cpu_smoke,4,CERTIFIED,UNSAT,CERTIFIED,CERTIFIED,32.164,,False,,PASSED,,./onnx/4cnn_ry_47_7_no_custom_OP.onnx,./vnnlib/spec_idx_23_eps_0.00000436.vnnlib,"[""UNSAT"",""UNSAT"",""UNSAT"",""UNSAT"",""UNSAT"",""UNSAT"",""UNSAT"",""UNSAT"",""UNSAT"",""UNSAT"",""UNSAT"",""UNSAT"",""UNSAT"",""UNSAT"",""UNSAT"",""UNSAT"",""UNSAT"",""UNSAT"",""UNSAT""]","[""CERTIFIED"",""CERTIFIED"",""CERTIFIED"",""CERTIFIED"",""CERTIFIED"",""CERTIFIED"",""CERTIFIED"",""CERTIFIED"",""CERTIFIED"",""CERTIFIED"",""CERTIFIED"",""CERTIFIED"",""CERTIFIED"",""CERTIFIED"",""CERTIFIED"",""CERTIFIED"",""CERTIFIED"",""CERTIFIED"",""CERTIFIED""]","[null,null,null,null,null,null,null,null,null,null,null,null,null,null,null,null,null,null,null]",,/data1/Kane/ACT/audit_results/r93_rerun_20260525T083118Z/overnight_cpu_round2_20260525T225241Z/metaroom_2023/per_instance_metaroom_2023_20260526T012035358344Z.json
full_r3,10,CERTIFIED,UNSAT,CERTIFIED,CERTIFIED,39.376,,False,,PASSED,,./onnx/4cnn_ry_34_5_no_custom_OP.onnx,./vnnlib/spec_idx_12_eps_0.00000436.vnnlib,"[""UNSAT"",""UNSAT"",""UNSAT"",""UNSAT"",""UNSAT"",""UNSAT"",""UNSAT"",""UNSAT"",""UNSAT"",""UNSAT"",""UNSAT"",""UNSAT"",""UNSAT"",""UNSAT"",""UNSAT"",""UNSAT"",""UNSAT"",""UNSAT"",""UNSAT""]","[""CERTIFIED"",""CERTIFIED"",""CERTIFIED"",""CERTIFIED"",""CERTIFIED"",""CERTIFIED"",""CERTIFIED"",""CERTIFIED"",""CERTIFIED"",""CERTIFIED"",""CERTIFIED"",""CERTIFIED"",""CERTIFIED"",""CERTIFIED"",""CERTIFIED"",""CERTIFIED"",""CERTIFIED"",""CERTIFIED"",""CERTIFIED""]","[null,null,null,null,null,null,null,null,null,null,null,null,null,null,null,null,null,null,null]",,/data1/Kane/ACT/audit_results/r93_rerun_20260525T083118Z/overnight_cpu_full_stream2_20260526T025908Z/metaroom_2023/per_instance_metaroom_2023_20260526T030203839282Z.json
full_r3,11,CERTIFIED,UNSAT,CERTIFIED,CERTIFIED,33.598,,False,,PASSED,,./onnx/4cnn_tz_37_6_no_custom_OP.onnx,./vnnlib/spec_idx_61_eps_0.00001000.vnnlib,"[""UNSAT"",""UNSAT"",""UNSAT"",""UNSAT"",""UNSAT"",""UNSAT"",""UNSAT"",""UNSAT"",""UNSAT"",""UNSAT"",""UNSAT"",""UNSAT"",""UNSAT"",""UNSAT"",""UNSAT"",""UNSAT"",""UNSAT"",""UNSAT"",""UNSAT""]","[""CERTIFIED"",""CERTIFIED"",""CERTIFIED"",""CERTIFIED"",""CERTIFIED"",""CERTIFIED"",""CERTIFIED"",""CERTIFIED"",""CERTIFIED"",""CERTIFIED"",""CERTIFIED"",""CERTIFIED"",""CERTIFIED"",""CERTIFIED"",""CERTIFIED"",""CERTIFIED"",""CERTIFIED"",""CERTIFIED"",""CERTIFIED""]","[null,null,null,null,null,null,null,null,null,null,null,null,null,null,null,null,null,null,null]",,/data1/Kane/ACT/audit_results/r93_rerun_20260525T083118Z/overnight_cpu_full_stream2_20260526T025908Z/metaroom_2023/per_instance_metaroom_2023_20260526T030240563877Z.json
full_r3,12,UNKNOWN_RESOURCE_LIMIT,UNKNOWN,UNKNOWN,,19.314,UNKNOWN_RESOURCE_LIMIT,True,True,FAILED,26132.54296875,./onnx/6cnn_tz_114_19_no_custom_OP.onnx,./vnnlib/spec_idx_160_eps_0.00001000.vnnlib,[],[],[],"watchdog killed instance after 19.3s (status=UNKNOWN_RESOURCE_LIMIT, peak_rss=26132.5 MiB)",/data1/Kane/ACT/audit_results/r93_rerun_20260525T083118Z/overnight_cpu_full_stream2_20260526T025908Z/metaroom_2023/per_instance_metaroom_2023_watchdog_iid12_20260526T030300665520Z.json
full_r3,13,CERTIFIED,UNSAT,CERTIFIED,CERTIFIED,34.317,,False,,PASSED,,./onnx/4cnn_tz_31_5_no_custom_OP.onnx,./vnnlib/spec_idx_57_eps_0.00001000.vnnlib,"[""UNSAT"",""UNSAT"",""UNSAT"",""UNSAT"",""UNSAT"",""UNSAT"",""UNSAT"",""UNSAT"",""UNSAT"",""UNSAT"",""UNSAT"",""UNSAT"",""UNSAT"",""UNSAT"",""UNSAT"",""UNSAT"",""UNSAT"",""UNSAT"",""UNSAT""]","[""CERTIFIED"",""CERTIFIED"",""CERTIFIED"",""CERTIFIED"",""CERTIFIED"",""CERTIFIED"",""CERTIFIED"",""CERTIFIED"",""CERTIFIED"",""CERTIFIED"",""CERTIFIED"",""CERTIFIED"",""CERTIFIED"",""CERTIFIED"",""CERTIFIED"",""CERTIFIED"",""CERTIFIED"",""CERTIFIED"",""CERTIFIED""]","[null,null,null,null,null,null,null,null,null,null,null,null,null,null,null,null,null,null,null]",,/data1/Kane/ACT/audit_results/r93_rerun_20260525T083118Z/overnight_cpu_full_stream2_20260526T025908Z/metaroom_2023/per_instance_metaroom_2023_20260526T030337164943Z.json
full_r3,14,UNKNOWN_RESOURCE_LIMIT,UNKNOWN,UNKNOWN,,19.314,UNKNOWN_RESOURCE_LIMIT,True,True,FAILED,25382.59765625,./onnx/6cnn_ry_93_15_no_custom_OP.onnx,./vnnlib/spec_idx_148_eps_0.00000436.vnnlib,[],[],[],"watchdog killed instance after 19.3s (status=UNKNOWN_RESOURCE_LIMIT, peak_rss=25382.6 MiB)",/data1/Kane/ACT/audit_results/r93_rerun_20260525T083118Z/overnight_cpu_full_stream2_20260526T025908Z/metaroom_2023/per_instance_metaroom_2023_watchdog_iid14_20260526T030357506456Z.json
full_r3,15,CERTIFIED,UNSAT,CERTIFIED,CERTIFIED,33.617,,False,,PASSED,,./onnx/4cnn_ry_56_9_no_custom_OP.onnx,./vnnlib/spec_idx_27_eps_0.00000436.vnnlib,"[""UNSAT"",""UNSAT"",""UNSAT"",""UNSAT"",""UNSAT"",""UNSAT"",""UNSAT"",""UNSAT"",""UNSAT"",""UNSAT"",""UNSAT"",""UNSAT"",""UNSAT"",""UNSAT"",""UNSAT"",""UNSAT"",""UNSAT"",""UNSAT"",""UNSAT""]","[""CERTIFIED"",""CERTIFIED"",""CERTIFIED"",""CERTIFIED"",""CERTIFIED"",""CERTIFIED"",""CERTIFIED"",""CERTIFIED"",""CERTIFIED"",""CERTIFIED"",""CERTIFIED"",""CERTIFIED"",""CERTIFIED"",""CERTIFIED"",""CERTIFIED"",""CERTIFIED"",""CERTIFIED"",""CERTIFIED"",""CERTIFIED""]","[null,null,null,null,null,null,null,null,null,null,null,null,null,null,null,null,null,null,null]",,/data1/Kane/ACT/audit_results/r93_rerun_20260525T083118Z/overnight_cpu_full_stream2_20260526T025908Z/metaroom_2023/per_instance_metaroom_2023_20260526T030433278286Z.json
full_r3,16,UNKNOWN_RESOURCE_LIMIT,UNKNOWN,UNKNOWN,,18.715,UNKNOWN_RESOURCE_LIMIT,True,True,FAILED,25388.08984375,./onnx/6cnn_tz_91_15_no_custom_OP.onnx,./vnnlib/spec_idx_207_eps_0.00001000.vnnlib,[],[],[],"watchdog killed instance after 18.7s (status=UNKNOWN_RESOURCE_LIMIT, peak_rss=25388.1 MiB)",/data1/Kane/ACT/audit_results/r93_rerun_20260525T083118Z/overnight_cpu_full_stream2_20260526T025908Z/metaroom_2023/per_instance_metaroom_2023_watchdog_iid16_20260526T030452751388Z.json
full_r3,17,UNKNOWN_RESOURCE_LIMIT,UNKNOWN,UNKNOWN,,19.214,UNKNOWN_RESOURCE_LIMIT,True,True,FAILED,24816.17578125,./onnx/6cnn_ry_48_8_no_custom_OP.onnx,./vnnlib/spec_idx_123_eps_0.00000436.vnnlib,[],[],[],"watchdog killed instance after 19.2s (status=UNKNOWN_RESOURCE_LIMIT, peak_rss=24816.2 MiB)",/data1/Kane/ACT/audit_results/r93_rerun_20260525T083118Z/overnight_cpu_full_stream2_20260526T025908Z/metaroom_2023/per_instance_metaroom_2023_watchdog_iid17_20260526T030511966542Z.json
full_r3,18,UNKNOWN_RESOURCE_LIMIT,UNKNOWN,UNKNOWN,,18.715,UNKNOWN_RESOURCE_LIMIT,True,True,FAILED,26146.703125,./onnx/6cnn_tz_62_10_no_custom_OP.onnx,./vnnlib/spec_idx_193_eps_0.00001000.vnnlib,[],[],[],"watchdog killed instance after 18.7s (status=UNKNOWN_RESOURCE_LIMIT, peak_rss=26146.7 MiB)",/data1/Kane/ACT/audit_results/r93_rerun_20260525T083118Z/overnight_cpu_full_stream2_20260526T025908Z/metaroom_2023/per_instance_metaroom_2023_watchdog_iid18_20260526T030530682201Z.json
full_r3,19,UNKNOWN_RESOURCE_LIMIT,UNKNOWN,UNKNOWN,,18.815,UNKNOWN_RESOURCE_LIMIT,True,True,FAILED,25009.375,./onnx/6cnn_tz_75_12_no_custom_OP.onnx,./vnnlib/spec_idx_203_eps_0.00001000.vnnlib,[],[],[],"watchdog killed instance after 18.8s (status=UNKNOWN_RESOURCE_LIMIT, peak_rss=25009.4 MiB)",/data1/Kane/ACT/audit_results/r93_rerun_20260525T083118Z/overnight_cpu_full_stream2_20260526T025908Z/metaroom_2023/per_instance_metaroom_2023_watchdog_iid19_20260526T030549498742Z.json
full_r3,20,CERTIFIED,UNSAT,CERTIFIED,CERTIFIED,66.894,,False,,PASSED,,./onnx/4cnn_ry_6_1_no_custom_OP.onnx,./vnnlib/spec_idx_35_eps_0.00000436.vnnlib,"[""UNSAT"",""UNSAT"",""UNSAT"",""UNSAT"",""UNSAT"",""UNSAT"",""UNSAT"",""UNSAT"",""UNSAT"",""UNSAT"",""UNSAT"",""UNSAT"",""UNSAT"",""UNSAT"",""UNSAT"",""UNSAT"",""UNSAT"",""UNSAT"",""UNSAT""]","[""CERTIFIED"",""CERTIFIED"",""CERTIFIED"",""CERTIFIED"",""CERTIFIED"",""CERTIFIED"",""CERTIFIED"",""CERTIFIED"",""CERTIFIED"",""CERTIFIED"",""CERTIFIED"",""CERTIFIED"",""CERTIFIED"",""CERTIFIED"",""CERTIFIED"",""CERTIFIED"",""CERTIFIED"",""CERTIFIED"",""CERTIFIED""]","[null,null,null,null,null,null,null,null,null,null,null,null,null,null,null,null,null,null,null]",,/data1/Kane/ACT/audit_results/r93_rerun_20260525T083118Z/overnight_cpu_full_stream2_20260526T025908Z/metaroom_2023/per_instance_metaroom_2023_20260526T030658594024Z.json
full_r3,21,CERTIFIED,UNSAT,CERTIFIED,CERTIFIED,34.009,,False,,PASSED,,./onnx/4cnn_tz_70_11_no_custom_OP.onnx,./vnnlib/spec_idx_82_eps_0.00001000.vnnlib,"[""UNSAT"",""UNSAT"",""UNSAT"",""UNSAT"",""UNSAT"",""UNSAT"",""UNSAT"",""UNSAT"",""UNSAT"",""UNSAT"",""UNSAT"",""UNSAT"",""UNSAT"",""UNSAT"",""UNSAT"",""UNSAT"",""UNSAT"",""UNSAT"",""UNSAT""]","[""CERTIFIED"",""CERTIFIED"",""CERTIFIED"",""CERTIFIED"",""CERTIFIED"",""CERTIFIED"",""CERTIFIED"",""CERTIFIED"",""CERTIFIED"",""CERTIFIED"",""CERTIFIED"",""CERTIFIED"",""CERTIFIED"",""CERTIFIED"",""CERTIFIED"",""CERTIFIED"",""CERTIFIED"",""CERTIFIED"",""CERTIFIED""]","[null,null,null,null,null,null,null,null,null,null,null,null,null,null,null,null,null,null,null]",,/data1/Kane/ACT/audit_results/r93_rerun_20260525T083118Z/overnight_cpu_full_stream2_20260526T025908Z/metaroom_2023/per_instance_metaroom_2023_20260526T030735715073Z.json
full_r3,22,UNKNOWN_TIMEOUT,UNKNOWN,UNKNOWN,,98.259,UNKNOWN_TIMEOUT,True,True,FAILED,3066.96484375,./onnx/4cnn_ry_117_19_no_custom_OP.onnx,./vnnlib/spec_idx_3_eps_0.00000436.vnnlib,[],[],[],"watchdog killed instance after 98.3s (status=UNKNOWN_TIMEOUT, peak_rss=3067.0 MiB)",/data1/Kane/ACT/audit_results/r93_rerun_20260525T083118Z/overnight_cpu_full_stream2_20260526T025908Z/metaroom_2023/per_instance_metaroom_2023_watchdog_iid22_20260526T030914830344Z.json
full_r3,23,CERTIFIED,UNSAT,CERTIFIED,CERTIFIED,34.243,,False,,PASSED,,./onnx/4cnn_tz_117_19_no_custom_OP.onnx,./vnnlib/spec_idx_49_eps_0.00001000.vnnlib,"[""UNSAT"",""UNSAT"",""UNSAT"",""UNSAT"",""UNSAT"",""UNSAT"",""UNSAT"",""UNSAT"",""UNSAT"",""UNSAT"",""UNSAT"",""UNSAT"",""UNSAT"",""UNSAT"",""UNSAT"",""UNSAT"",""UNSAT"",""UNSAT"",""UNSAT""]","[""CERTIFIED"",""CERTIFIED"",""CERTIFIED"",""CERTIFIED"",""CERTIFIED"",""CERTIFIED"",""CERTIFIED"",""CERTIFIED"",""CERTIFIED"",""CERTIFIED"",""CERTIFIED"",""CERTIFIED"",""CERTIFIED"",""CERTIFIED"",""CERTIFIED"",""CERTIFIED"",""CERTIFIED"",""CERTIFIED"",""CERTIFIED""]","[null,null,null,null,null,null,null,null,null,null,null,null,null,null,null,null,null,null,null]",,/data1/Kane/ACT/audit_results/r93_rerun_20260525T083118Z/overnight_cpu_full_stream2_20260526T025908Z/metaroom_2023/per_instance_metaroom_2023_20260526T030951250931Z.json
full_r3,24,CERTIFIED,UNSAT,CERTIFIED,CERTIFIED,33.917,,False,,PASSED,,./onnx/4cnn_ry_68_11_no_custom_OP.onnx,./vnnlib/spec_idx_34_eps_0.00000436.vnnlib,"[""UNSAT"",""UNSAT"",""UNSAT"",""UNSAT"",""UNSAT"",""UNSAT"",""UNSAT"",""UNSAT"",""UNSAT"",""UNSAT"",""UNSAT"",""UNSAT"",""UNSAT"",""UNSAT"",""UNSAT"",""UNSAT"",""UNSAT"",""UNSAT"",""UNSAT""]","[""CERTIFIED"",""CERTIFIED"",""CERTIFIED"",""CERTIFIED"",""CERTIFIED"",""CERTIFIED"",""CERTIFIED"",""CERTIFIED"",""CERTIFIED"",""CERTIFIED"",""CERTIFIED"",""CERTIFIED"",""CERTIFIED"",""CERTIFIED"",""CERTIFIED"",""CERTIFIED"",""CERTIFIED"",""CERTIFIED"",""CERTIFIED""]","[null,null,null,null,null,null,null,null,null,null,null,null,null,null,null,null,null,null,null]",,/data1/Kane/ACT/audit_results/r93_rerun_20260525T083118Z/overnight_cpu_full_stream2_20260526T025908Z/metaroom_2023/per_instance_metaroom_2023_20260526T031028419405Z.json
full_r3,25,CERTIFIED,UNSAT,CERTIFIED,CERTIFIED,33.926,,False,,PASSED,,./onnx/4cnn_tz_33_5_no_custom_OP.onnx,./vnnlib/spec_idx_58_eps_0.00001000.vnnlib,"[""UNSAT"",""UNSAT"",""UNSAT"",""UNSAT"",""UNSAT"",""UNSAT"",""UNSAT"",""UNSAT"",""UNSAT"",""UNSAT"",""UNSAT"",""UNSAT"",""UNSAT"",""UNSAT"",""UNSAT"",""UNSAT"",""UNSAT"",""UNSAT"",""UNSAT""]","[""CERTIFIED"",""CERTIFIED"",""CERTIFIED"",""CERTIFIED"",""CERTIFIED"",""CERTIFIED"",""CERTIFIED"",""CERTIFIED"",""CERTIFIED"",""CERTIFIED"",""CERTIFIED"",""CERTIFIED"",""CERTIFIED"",""CERTIFIED"",""CERTIFIED"",""CERTIFIED"",""CERTIFIED"",""CERTIFIED"",""CERTIFIED""]","[null,null,null,null,null,null,null,null,null,null,null,null,null,null,null,null,null,null,null]",,/data1/Kane/ACT/audit_results/r93_rerun_20260525T083118Z/overnight_cpu_full_stream2_20260526T025908Z/metaroom_2023/per_instance_metaroom_2023_20260526T031105458025Z.json
full_r3,26,UNKNOWN_RESOURCE_LIMIT,UNKNOWN,UNKNOWN,,20.014,UNKNOWN_RESOURCE_LIMIT,True,True,FAILED,25585.453125,./onnx/6cnn_ry_57_9_no_custom_OP.onnx,./vnnlib/spec_idx_129_eps_0.00000436.vnnlib,[],[],[],"watchdog killed instance after 20.0s (status=UNKNOWN_RESOURCE_LIMIT, peak_rss=25585.5 MiB)",/data1/Kane/ACT/audit_results/r93_rerun_20260525T083118Z/overnight_cpu_full_stream2_20260526T025908Z/metaroom_2023/per_instance_metaroom_2023_watchdog_iid26_20260526T031126411046Z.json
full_r3,27,UNKNOWN_RESOURCE_LIMIT,UNKNOWN,UNKNOWN,,18.914,UNKNOWN_RESOURCE_LIMIT,True,True,FAILED,25334.32421875,./onnx/6cnn_ry_1_0_no_custom_OP.onnx,./vnnlib/spec_idx_108_eps_0.00000436.vnnlib,[],[],[],"watchdog killed instance after 18.9s (status=UNKNOWN_RESOURCE_LIMIT, peak_rss=25334.3 MiB)",/data1/Kane/ACT/audit_results/r93_rerun_20260525T083118Z/overnight_cpu_full_stream2_20260526T025908Z/metaroom_2023/per_instance_metaroom_2023_watchdog_iid27_20260526T031145327075Z.json
full_r3,28,UNKNOWN_RESOURCE_LIMIT,UNKNOWN,UNKNOWN,,19.413,UNKNOWN_RESOURCE_LIMIT,True,True,FAILED,25883.89453125,./onnx/6cnn_tz_52_8_no_custom_OP.onnx,./vnnlib/spec_idx_187_eps_0.00001000.vnnlib,[],[],[],"watchdog killed instance after 19.4s (status=UNKNOWN_RESOURCE_LIMIT, peak_rss=25883.9 MiB)",/data1/Kane/ACT/audit_results/r93_rerun_20260525T083118Z/overnight_cpu_full_stream2_20260526T025908Z/metaroom_2023/per_instance_metaroom_2023_watchdog_iid28_20260526T031204741002Z.json
full_r3,29,UNKNOWN_RESOURCE_LIMIT,UNKNOWN,UNKNOWN,,19.214,UNKNOWN_RESOURCE_LIMIT,True,True,FAILED,25372.73046875,./onnx/6cnn_ry_64_10_no_custom_OP.onnx,./vnnlib/spec_idx_132_eps_0.00000436.vnnlib,[],[],[],"watchdog killed instance after 19.2s (status=UNKNOWN_RESOURCE_LIMIT, peak_rss=25372.7 MiB)",/data1/Kane/ACT/audit_results/r93_rerun_20260525T083118Z/overnight_cpu_full_stream2_20260526T025908Z/metaroom_2023/per_instance_metaroom_2023_watchdog_iid29_20260526T031223955814Z.json
full_r3,30,UNKNOWN_RESOURCE_LIMIT,UNKNOWN,UNKNOWN,,18.815,UNKNOWN_RESOURCE_LIMIT,True,True,FAILED,25330.44921875,./onnx/6cnn_tz_49_8_no_custom_OP.onnx,./vnnlib/spec_idx_185_eps_0.00001000.vnnlib,[],[],[],"watchdog killed instance after 18.8s (status=UNKNOWN_RESOURCE_LIMIT, peak_rss=25330.4 MiB)",/data1/Kane/ACT/audit_results/r93_rerun_20260525T083118Z/overnight_cpu_full_stream2_20260526T025908Z/metaroom_2023/per_instance_metaroom_2023_watchdog_iid30_20260526T031242771453Z.json
full_r3,31,UNKNOWN_RESOURCE_LIMIT,UNKNOWN,UNKNOWN,,19.315,UNKNOWN_RESOURCE_LIMIT,True,True,FAILED,25918.80859375,./onnx/6cnn_ry_66_11_no_custom_OP.onnx,./vnnlib/spec_idx_134_eps_0.00000436.vnnlib,[],[],[],"watchdog killed instance after 19.3s (status=UNKNOWN_RESOURCE_LIMIT, peak_rss=25918.8 MiB)",/data1/Kane/ACT/audit_results/r93_rerun_20260525T083118Z/overnight_cpu_full_stream2_20260526T025908Z/metaroom_2023/per_instance_metaroom_2023_watchdog_iid31_20260526T031302086830Z.json
full_r3,32,CERTIFIED,UNSAT,CERTIFIED,CERTIFIED,33.272,,False,,PASSED,,./onnx/4cnn_ry_20_3_no_custom_OP.onnx,./vnnlib/spec_idx_7_eps_0.00000436.vnnlib,"[""UNSAT"",""UNSAT"",""UNSAT"",""UNSAT"",""UNSAT"",""UNSAT"",""UNSAT"",""UNSAT"",""UNSAT"",""UNSAT"",""UNSAT"",""UNSAT"",""UNSAT"",""UNSAT"",""UNSAT"",""UNSAT"",""UNSAT"",""UNSAT"",""UNSAT""]","[""CERTIFIED"",""CERTIFIED"",""CERTIFIED"",""CERTIFIED"",""CERTIFIED"",""CERTIFIED"",""CERTIFIED"",""CERTIFIED"",""CERTIFIED"",""CERTIFIED"",""CERTIFIED"",""CERTIFIED"",""CERTIFIED"",""CERTIFIED"",""CERTIFIED"",""CERTIFIED"",""CERTIFIED"",""CERTIFIED"",""CERTIFIED""]","[null,null,null,null,null,null,null,null,null,null,null,null,null,null,null,null,null,null,null]",,/data1/Kane/ACT/audit_results/r93_rerun_20260525T083118Z/overnight_cpu_full_stream2_20260526T025908Z/metaroom_2023/per_instance_metaroom_2023_20260526T031337498333Z.json
full_r3,33,UNKNOWN_RESOURCE_LIMIT,UNKNOWN,UNKNOWN,,19.214,UNKNOWN_RESOURCE_LIMIT,True,True,FAILED,25303.95703125,./onnx/6cnn_tz_103_17_no_custom_OP.onnx,./vnnlib/spec_idx_154_eps_0.00001000.vnnlib,[],[],[],"watchdog killed instance after 19.2s (status=UNKNOWN_RESOURCE_LIMIT, peak_rss=25304.0 MiB)",/data1/Kane/ACT/audit_results/r93_rerun_20260525T083118Z/overnight_cpu_full_stream2_20260526T025908Z/metaroom_2023/per_instance_metaroom_2023_watchdog_iid33_20260526T031357827806Z.json
full_r3,34,CERTIFIED,UNSAT,CERTIFIED,CERTIFIED,33.663,,False,,PASSED,,./onnx/4cnn_ry_44_7_no_custom_OP.onnx,./vnnlib/spec_idx_21_eps_0.00000436.vnnlib,"[""UNSAT"",""UNSAT"",""UNSAT"",""UNSAT"",""UNSAT"",""UNSAT"",""UNSAT"",""UNSAT"",""UNSAT"",""UNSAT"",""UNSAT"",""UNSAT"",""UNSAT"",""UNSAT"",""UNSAT"",""UNSAT"",""UNSAT"",""UNSAT"",""UNSAT""]","[""CERTIFIED"",""CERTIFIED"",""CERTIFIED"",""CERTIFIED"",""CERTIFIED"",""CERTIFIED"",""CERTIFIED"",""CERTIFIED"",""CERTIFIED"",""CERTIFIED"",""CERTIFIED"",""CERTIFIED"",""CERTIFIED"",""CERTIFIED"",""CERTIFIED"",""CERTIFIED"",""CERTIFIED"",""CERTIFIED"",""CERTIFIED""]","[null,null,null,null,null,null,null,null,null,null,null,null,null,null,null,null,null,null,null]",,/data1/Kane/ACT/audit_results/r93_rerun_20260525T083118Z/overnight_cpu_full_stream2_20260526T025908Z/metaroom_2023/per_instance_metaroom_2023_20260526T031433609098Z.json
full_r3,35,UNKNOWN,UNKNOWN,UNKNOWN,UNKNOWN,93.397,,False,,PASSED,,./onnx/4cnn_ry_99_16_no_custom_OP.onnx,./vnnlib/spec_idx_43_eps_0.00000436.vnnlib,"[""UNSAT"",""UNSAT"",""UNKNOWN"",""UNSAT"",""UNKNOWN"",""UNSAT"",""UNSAT"",""UNSAT"",""UNSAT"",""UNKNOWN"",""UNSAT"",""UNKNOWN""]","[""CERTIFIED"",""CERTIFIED"",""UNKNOWN"",""CERTIFIED"",""UNKNOWN"",""CERTIFIED"",""CERTIFIED"",""CERTIFIED"",""CERTIFIED"",""UNKNOWN"",""CERTIFIED"",""UNKNOWN""]","[null,null,null,null,null,null,null,null,null,null,null,null]",,/data1/Kane/ACT/audit_results/r93_rerun_20260525T083118Z/overnight_cpu_full_stream2_20260526T025908Z/metaroom_2023/per_instance_metaroom_2023_20260526T031609917831Z.json
full_r3,36,CERTIFIED,UNSAT,CERTIFIED,CERTIFIED,33.65,,False,,PASSED,,./onnx/4cnn_tz_19_3_no_custom_OP.onnx,./vnnlib/spec_idx_51_eps_0.00001000.vnnlib,"[""UNSAT"",""UNSAT"",""UNSAT"",""UNSAT"",""UNSAT"",""UNSAT"",""UNSAT"",""UNSAT"",""UNSAT"",""UNSAT"",""UNSAT"",""UNSAT"",""UNSAT"",""UNSAT"",""UNSAT"",""UNSAT"",""UNSAT"",""UNSAT"",""UNSAT""]","[""CERTIFIED"",""CERTIFIED"",""CERTIFIED"",""CERTIFIED"",""CERTIFIED"",""CERTIFIED"",""CERTIFIED"",""CERTIFIED"",""CERTIFIED"",""CERTIFIED"",""CERTIFIED"",""CERTIFIED"",""CERTIFIED"",""CERTIFIED"",""CERTIFIED"",""CERTIFIED"",""CERTIFIED"",""CERTIFIED"",""CERTIFIED""]","[null,null,null,null,null,null,null,null,null,null,null,null,null,null,null,null,null,null,null]",,/data1/Kane/ACT/audit_results/r93_rerun_20260525T083118Z/overnight_cpu_full_stream2_20260526T025908Z/metaroom_2023/per_instance_metaroom_2023_20260526T031646739693Z.json
full_r3,37,UNKNOWN_RESOURCE_LIMIT,UNKNOWN,UNKNOWN,,18.216,UNKNOWN_RESOURCE_LIMIT,True,True,FAILED,24725.54296875,./onnx/6cnn_tz_66_11_no_custom_OP.onnx,./vnnlib/spec_idx_197_eps_0.00001000.vnnlib,[],[],[],"watchdog killed instance after 18.2s (status=UNKNOWN_RESOURCE_LIMIT, peak_rss=24725.5 MiB)",/data1/Kane/ACT/audit_results/r93_rerun_20260525T083118Z/overnight_cpu_full_stream2_20260526T025908Z/metaroom_2023/per_instance_metaroom_2023_watchdog_iid37_20260526T031705658857Z.json
full_r3,38,UNKNOWN_RESOURCE_LIMIT,UNKNOWN,UNKNOWN,,18.514,UNKNOWN_RESOURCE_LIMIT,True,True,FAILED,24843.18359375,./onnx/6cnn_tz_0_0_no_custom_OP.onnx,./vnnlib/spec_idx_152_eps_0.00001000.vnnlib,[],[],[],"watchdog killed instance after 18.5s (status=UNKNOWN_RESOURCE_LIMIT, peak_rss=24843.2 MiB)",/data1/Kane/ACT/audit_results/r93_rerun_20260525T083118Z/overnight_cpu_full_stream2_20260526T025908Z/metaroom_2023/per_instance_metaroom_2023_watchdog_iid38_20260526T031724174071Z.json
full_r3,39,UNKNOWN_RESOURCE_LIMIT,UNKNOWN,UNKNOWN,,19.015,UNKNOWN_RESOURCE_LIMIT,True,True,FAILED,25418.09765625,./onnx/6cnn_tz_118_19_no_custom_OP.onnx,./vnnlib/spec_idx_162_eps_0.00001000.vnnlib,[],[],[],"watchdog killed instance after 19.0s (status=UNKNOWN_RESOURCE_LIMIT, peak_rss=25418.1 MiB)",/data1/Kane/ACT/audit_results/r93_rerun_20260525T083118Z/overnight_cpu_full_stream2_20260526T025908Z/metaroom_2023/per_instance_metaroom_2023_watchdog_iid39_20260526T031743190595Z.json
full_r3,40,UNKNOWN_RESOURCE_LIMIT,UNKNOWN,UNKNOWN,,18.914,UNKNOWN_RESOURCE_LIMIT,True,True,FAILED,25137.57421875,./onnx/6cnn_tz_67_11_no_custom_OP.onnx,./vnnlib/spec_idx_198_eps_0.00001000.vnnlib,[],[],[],"watchdog killed instance after 18.9s (status=UNKNOWN_RESOURCE_LIMIT, peak_rss=25137.6 MiB)",/data1/Kane/ACT/audit_results/r93_rerun_20260525T083118Z/overnight_cpu_full_stream2_20260526T025908Z/metaroom_2023/per_instance_metaroom_2023_watchdog_iid40_20260526T031802105996Z.json
full_r3,41,UNKNOWN_RESOURCE_LIMIT,UNKNOWN,UNKNOWN,,19.414,UNKNOWN_RESOURCE_LIMIT,True,True,FAILED,25787.77734375,./onnx/6cnn_tz_21_3_no_custom_OP.onnx,./vnnlib/spec_idx_170_eps_0.00001000.vnnlib,[],[],[],"watchdog killed instance after 19.4s (status=UNKNOWN_RESOURCE_LIMIT, peak_rss=25787.8 MiB)",/data1/Kane/ACT/audit_results/r93_rerun_20260525T083118Z/overnight_cpu_full_stream2_20260526T025908Z/metaroom_2023/per_instance_metaroom_2023_watchdog_iid41_20260526T031821520778Z.json
full_r3,42,CERTIFIED,UNSAT,CERTIFIED,CERTIFIED,34.16,,False,,PASSED,,./onnx/4cnn_tz_1_0_no_custom_OP.onnx,./vnnlib/spec_idx_52_eps_0.00001000.vnnlib,"[""UNSAT"",""UNSAT"",""UNSAT"",""UNSAT"",""UNSAT"",""UNSAT"",""UNSAT"",""UNSAT"",""UNSAT"",""UNSAT"",""UNSAT"",""UNSAT"",""UNSAT"",""UNSAT"",""UNSAT"",""UNSAT"",""UNSAT"",""UNSAT"",""UNSAT""]","[""CERTIFIED"",""CERTIFIED"",""CERTIFIED"",""CERTIFIED"",""CERTIFIED"",""CERTIFIED"",""CERTIFIED"",""CERTIFIED"",""CERTIFIED"",""CERTIFIED"",""CERTIFIED"",""CERTIFIED"",""CERTIFIED"",""CERTIFIED"",""CERTIFIED"",""CERTIFIED"",""CERTIFIED"",""CERTIFIED"",""CERTIFIED""]","[null,null,null,null,null,null,null,null,null,null,null,null,null,null,null,null,null,null,null]",,/data1/Kane/ACT/audit_results/r93_rerun_20260525T083118Z/overnight_cpu_full_stream2_20260526T025908Z/metaroom_2023/per_instance_metaroom_2023_20260526T031857846516Z.json
full_r3,43,CERTIFIED,UNSAT,CERTIFIED,CERTIFIED,66.024,,False,,PASSED,,./onnx/4cnn_ry_48_8_no_custom_OP.onnx,./vnnlib/spec_idx_24_eps_0.00000436.vnnlib,"[""UNSAT"",""UNSAT"",""UNSAT"",""UNSAT"",""UNSAT"",""UNSAT"",""UNSAT"",""UNSAT"",""UNSAT"",""UNSAT"",""UNSAT"",""UNSAT"",""UNSAT"",""UNSAT"",""UNSAT"",""UNSAT"",""UNSAT"",""UNSAT"",""UNSAT""]","[""CERTIFIED"",""CERTIFIED"",""CERTIFIED"",""CERTIFIED"",""CERTIFIED"",""CERTIFIED"",""CERTIFIED"",""CERTIFIED"",""CERTIFIED"",""CERTIFIED"",""CERTIFIED"",""CERTIFIED"",""CERTIFIED"",""CERTIFIED"",""CERTIFIED"",""CERTIFIED"",""CERTIFIED"",""CERTIFIED"",""CERTIFIED""]","[null,null,null,null,null,null,null,null,null,null,null,null,null,null,null,null,null,null,null]",,/data1/Kane/ACT/audit_results/r93_rerun_20260525T083118Z/overnight_cpu_full_stream2_20260526T025908Z/metaroom_2023/per_instance_metaroom_2023_20260526T032006699984Z.json
full_r3,44,CERTIFIED,UNSAT,CERTIFIED,CERTIFIED,37.721,,False,,PASSED,,./onnx/4cnn_ry_61_10_no_custom_OP.onnx,./vnnlib/spec_idx_31_eps_0.00000436.vnnlib,"[""UNSAT"",""UNSAT"",""UNSAT"",""UNSAT"",""UNSAT"",""UNSAT"",""UNSAT"",""UNSAT"",""UNSAT"",""UNSAT"",""UNSAT"",""UNSAT"",""UNSAT"",""UNSAT"",""UNSAT"",""UNSAT"",""UNSAT"",""UNSAT"",""UNSAT""]","[""CERTIFIED"",""CERTIFIED"",""CERTIFIED"",""CERTIFIED"",""CERTIFIED"",""CERTIFIED"",""CERTIFIED"",""CERTIFIED"",""CERTIFIED"",""CERTIFIED"",""CERTIFIED"",""CERTIFIED"",""CERTIFIED"",""CERTIFIED"",""CERTIFIED"",""CERTIFIED"",""CERTIFIED"",""CERTIFIED"",""CERTIFIED""]","[null,null,null,null,null,null,null,null,null,null,null,null,null,null,null,null,null,null,null]",,/data1/Kane/ACT/audit_results/r93_rerun_20260525T083118Z/overnight_cpu_full_stream2_20260526T025908Z/metaroom_2023/per_instance_metaroom_2023_20260526T032047479227Z.json
full_r3,45,UNKNOWN_RESOURCE_LIMIT,UNKNOWN,UNKNOWN,,19.613,UNKNOWN_RESOURCE_LIMIT,True,True,FAILED,25995.80078125,./onnx/6cnn_ry_81_13_no_custom_OP.onnx,./vnnlib/spec_idx_144_eps_0.00000436.vnnlib,[],[],[],"watchdog killed instance after 19.6s (status=UNKNOWN_RESOURCE_LIMIT, peak_rss=25995.8 MiB)",/data1/Kane/ACT/audit_results/r93_rerun_20260525T083118Z/overnight_cpu_full_stream2_20260526T025908Z/metaroom_2023/per_instance_metaroom_2023_watchdog_iid45_20260526T032108237706Z.json
full_r3,46,UNKNOWN_RESOURCE_LIMIT,UNKNOWN,UNKNOWN,,19.713,UNKNOWN_RESOURCE_LIMIT,True,True,FAILED,25978.359375,./onnx/6cnn_tz_38_6_no_custom_OP.onnx,./vnnlib/spec_idx_179_eps_0.00001000.vnnlib,[],[],[],"watchdog killed instance after 19.7s (status=UNKNOWN_RESOURCE_LIMIT, peak_rss=25978.4 MiB)",/data1/Kane/ACT/audit_results/r93_rerun_20260525T083118Z/overnight_cpu_full_stream2_20260526T025908Z/metaroom_2023/per_instance_metaroom_2023_watchdog_iid46_20260526T032127951425Z.json
full_r3,47,UNKNOWN_RESOURCE_LIMIT,UNKNOWN,UNKNOWN,,18.712,UNKNOWN_RESOURCE_LIMIT,True,True,FAILED,24812.31640625,./onnx/6cnn_ry_53_8_no_custom_OP.onnx,./vnnlib/spec_idx_127_eps_0.00000436.vnnlib,[],[],[],"watchdog killed instance after 18.7s (status=UNKNOWN_RESOURCE_LIMIT, peak_rss=24812.3 MiB)",/data1/Kane/ACT/audit_results/r93_rerun_20260525T083118Z/overnight_cpu_full_stream2_20260526T025908Z/metaroom_2023/per_instance_metaroom_2023_watchdog_iid47_20260526T032146664686Z.json
full_r3,48,UNKNOWN_RESOURCE_LIMIT,UNKNOWN,UNKNOWN,,18.814,UNKNOWN_RESOURCE_LIMIT,True,True,FAILED,25970.61328125,./onnx/6cnn_tz_94_15_no_custom_OP.onnx,./vnnlib/spec_idx_209_eps_0.00001000.vnnlib,[],[],[],"watchdog killed instance after 18.8s (status=UNKNOWN_RESOURCE_LIMIT, peak_rss=25970.6 MiB)",/data1/Kane/ACT/audit_results/r93_rerun_20260525T083118Z/overnight_cpu_full_stream2_20260526T025908Z/metaroom_2023/per_instance_metaroom_2023_watchdog_iid48_20260526T032205479683Z.json
full_r3,49,UNKNOWN_RESOURCE_LIMIT,UNKNOWN,UNKNOWN,,19.114,UNKNOWN_RESOURCE_LIMIT,True,True,FAILED,26174.74609375,./onnx/6cnn_ry_68_11_no_custom_OP.onnx,./vnnlib/spec_idx_136_eps_0.00000436.vnnlib,[],[],[],"watchdog killed instance after 19.1s (status=UNKNOWN_RESOURCE_LIMIT, peak_rss=26174.7 MiB)",/data1/Kane/ACT/audit_results/r93_rerun_20260525T083118Z/overnight_cpu_full_stream2_20260526T025908Z/metaroom_2023/per_instance_metaroom_2023_watchdog_iid49_20260526T032224595200Z.json
full_r3,5,UNKNOWN_RESOURCE_LIMIT,UNKNOWN,UNKNOWN,,19.211,UNKNOWN_RESOURCE_LIMIT,True,True,FAILED,24633.75390625,./onnx/6cnn_ry_5_0_no_custom_OP.onnx,./vnnlib/spec_idx_130_eps_0.00000436.vnnlib,[],[],[],"watchdog killed instance after 19.2s (status=UNKNOWN_RESOURCE_LIMIT, peak_rss=24633.8 MiB)",/data1/Kane/ACT/audit_results/r93_rerun_20260525T083118Z/overnight_cpu_full_stream2_20260526T025908Z/metaroom_2023/per_instance_metaroom_2023_watchdog_iid5_20260526T025929631196Z.json
full_r3,50,UNKNOWN_RESOURCE_LIMIT,UNKNOWN,UNKNOWN,,20.314,UNKNOWN_RESOURCE_LIMIT,True,True,FAILED,25040.27734375,./onnx/6cnn_ry_54_9_no_custom_OP.onnx,./vnnlib/spec_idx_128_eps_0.00000436.vnnlib,[],[],[],"watchdog killed instance after 20.3s (status=UNKNOWN_RESOURCE_LIMIT, peak_rss=25040.3 MiB)",/data1/Kane/ACT/audit_results/r93_rerun_20260525T083118Z/overnight_cpu_full_stream2_20260526T025908Z/metaroom_2023/per_instance_metaroom_2023_watchdog_iid50_20260526T032244910367Z.json
full_r3,51,CERTIFIED,UNSAT,CERTIFIED,CERTIFIED,65.807,,False,,PASSED,,./onnx/4cnn_ry_30_5_no_custom_OP.onnx,./vnnlib/spec_idx_9_eps_0.00000436.vnnlib,"[""UNSAT"",""UNSAT"",""UNSAT"",""UNSAT"",""UNSAT"",""UNSAT"",""UNSAT"",""UNSAT"",""UNSAT"",""UNSAT"",""UNSAT"",""UNSAT"",""UNSAT"",""UNSAT"",""UNSAT"",""UNSAT"",""UNSAT"",""UNSAT"",""UNSAT""]","[""CERTIFIED"",""CERTIFIED"",""CERTIFIED"",""CERTIFIED"",""CERTIFIED"",""CERTIFIED"",""CERTIFIED"",""CERTIFIED"",""CERTIFIED"",""CERTIFIED"",""CERTIFIED"",""CERTIFIED"",""CERTIFIED"",""CERTIFIED"",""CERTIFIED"",""CERTIFIED"",""CERTIFIED"",""CERTIFIED"",""CERTIFIED""]","[null,null,null,null,null,null,null,null,null,null,null,null,null,null,null,null,null,null,null]",,/data1/Kane/ACT/audit_results/r93_rerun_20260525T083118Z/overnight_cpu_full_stream2_20260526T025908Z/metaroom_2023/per_instance_metaroom_2023_20260526T032352889351Z.json
full_r3,52,UNKNOWN_RESOURCE_LIMIT,UNKNOWN,UNKNOWN,,19.714,UNKNOWN_RESOURCE_LIMIT,True,True,FAILED,25070.6640625,./onnx/6cnn_ry_18_3_no_custom_OP.onnx,./vnnlib/spec_idx_107_eps_0.00000436.vnnlib,[],[],[],"watchdog killed instance after 19.7s (status=UNKNOWN_RESOURCE_LIMIT, peak_rss=25070.7 MiB)",/data1/Kane/ACT/audit_results/r93_rerun_20260525T083118Z/overnight_cpu_full_stream2_20260526T025908Z/metaroom_2023/per_instance_metaroom_2023_watchdog_iid52_20260526T032413671112Z.json
full_r3,53,UNKNOWN_RESOURCE_LIMIT,UNKNOWN,UNKNOWN,,19.314,UNKNOWN_RESOURCE_LIMIT,True,True,FAILED,24912.8671875,./onnx/6cnn_tz_54_9_no_custom_OP.onnx,./vnnlib/spec_idx_189_eps_0.00001000.vnnlib,[],[],[],"watchdog killed instance after 19.3s (status=UNKNOWN_RESOURCE_LIMIT, peak_rss=24912.9 MiB)",/data1/Kane/ACT/audit_results/r93_rerun_20260525T083118Z/overnight_cpu_full_stream2_20260526T025908Z/metaroom_2023/per_instance_metaroom_2023_watchdog_iid53_20260526T032432985705Z.json
full_r3,54,UNKNOWN_RESOURCE_LIMIT,UNKNOWN,UNKNOWN,,18.714,UNKNOWN_RESOURCE_LIMIT,True,True,FAILED,25981.44140625,./onnx/6cnn_tz_113_18_no_custom_OP.onnx,./vnnlib/spec_idx_159_eps_0.00001000.vnnlib,[],[],[],"watchdog killed instance after 18.7s (status=UNKNOWN_RESOURCE_LIMIT, peak_rss=25981.4 MiB)",/data1/Kane/ACT/audit_results/r93_rerun_20260525T083118Z/overnight_cpu_full_stream2_20260526T025908Z/metaroom_2023/per_instance_metaroom_2023_watchdog_iid54_20260526T032451700847Z.json
full_r3,55,CERTIFIED,UNSAT,CERTIFIED,CERTIFIED,33.996,,False,,PASSED,,./onnx/4cnn_ry_79_13_no_custom_OP.onnx,./vnnlib/spec_idx_38_eps_0.00000436.vnnlib,"[""UNSAT"",""UNSAT"",""UNSAT"",""UNSAT"",""UNSAT"",""UNSAT"",""UNSAT"",""UNSAT"",""UNSAT"",""UNSAT"",""UNSAT"",""UNSAT"",""UNSAT"",""UNSAT"",""UNSAT"",""UNSAT"",""UNSAT"",""UNSAT"",""UNSAT""]","[""CERTIFIED"",""CERTIFIED"",""CERTIFIED"",""CERTIFIED"",""CERTIFIED"",""CERTIFIED"",""CERTIFIED"",""CERTIFIED"",""CERTIFIED"",""CERTIFIED"",""CERTIFIED"",""CERTIFIED"",""CERTIFIED"",""CERTIFIED"",""CERTIFIED"",""CERTIFIED"",""CERTIFIED"",""CERTIFIED"",""CERTIFIED""]","[null,null,null,null,null,null,null,null,null,null,null,null,null,null,null,null,null,null,null]",,/data1/Kane/ACT/audit_results/r93_rerun_20260525T083118Z/overnight_cpu_full_stream2_20260526T025908Z/metaroom_2023/per_instance_metaroom_2023_20260526T032527850076Z.json
full_r3,56,UNKNOWN_RESOURCE_LIMIT,UNKNOWN,UNKNOWN,,18.414,UNKNOWN_RESOURCE_LIMIT,True,True,FAILED,24852.40625,./onnx/6cnn_tz_22_3_no_custom_OP.onnx,./vnnlib/spec_idx_171_eps_0.00001000.vnnlib,[],[],[],"watchdog killed instance after 18.4s (status=UNKNOWN_RESOURCE_LIMIT, peak_rss=24852.4 MiB)",/data1/Kane/ACT/audit_results/r93_rerun_20260525T083118Z/overnight_cpu_full_stream2_20260526T025908Z/metaroom_2023/per_instance_metaroom_2023_watchdog_iid56_20260526T032547142135Z.json
full_r3,57,CERTIFIED,UNSAT,CERTIFIED,CERTIFIED,34.483,,False,,PASSED,,./onnx/4cnn_ry_19_3_no_custom_OP.onnx,./vnnlib/spec_idx_5_eps_0.00000436.vnnlib,"[""UNSAT"",""UNSAT"",""UNSAT"",""UNSAT"",""UNSAT"",""UNSAT"",""UNSAT"",""UNSAT"",""UNSAT"",""UNSAT"",""UNSAT"",""UNSAT"",""UNSAT"",""UNSAT"",""UNSAT"",""UNSAT"",""UNSAT"",""UNSAT"",""UNSAT""]","[""CERTIFIED"",""CERTIFIED"",""CERTIFIED"",""CERTIFIED"",""CERTIFIED"",""CERTIFIED"",""CERTIFIED"",""CERTIFIED"",""CERTIFIED"",""CERTIFIED"",""CERTIFIED"",""CERTIFIED"",""CERTIFIED"",""CERTIFIED"",""CERTIFIED"",""CERTIFIED"",""CERTIFIED"",""CERTIFIED"",""CERTIFIED""]","[null,null,null,null,null,null,null,null,null,null,null,null,null,null,null,null,null,null,null]",,/data1/Kane/ACT/audit_results/r93_rerun_20260525T083118Z/overnight_cpu_full_stream2_20260526T025908Z/metaroom_2023/per_instance_metaroom_2023_20260526T032623816919Z.json
full_r3,58,CERTIFIED,UNSAT,CERTIFIED,CERTIFIED,33.978,,False,,PASSED,,./onnx/4cnn_tz_94_15_no_custom_OP.onnx,./vnnlib/spec_idx_90_eps_0.00001000.vnnlib,"[""UNSAT"",""UNSAT"",""UNSAT"",""UNSAT"",""UNSAT"",""UNSAT"",""UNSAT"",""UNSAT"",""UNSAT"",""UNSAT"",""UNSAT"",""UNSAT"",""UNSAT"",""UNSAT"",""UNSAT"",""UNSAT"",""UNSAT"",""UNSAT"",""UNSAT""]","[""CERTIFIED"",""CERTIFIED"",""CERTIFIED"",""CERTIFIED"",""CERTIFIED"",""CERTIFIED"",""CERTIFIED"",""CERTIFIED"",""CERTIFIED"",""CERTIFIED"",""CERTIFIED"",""CERTIFIED"",""CERTIFIED"",""CERTIFIED"",""CERTIFIED"",""CERTIFIED"",""CERTIFIED"",""CERTIFIED"",""CERTIFIED""]","[null,null,null,null,null,null,null,null,null,null,null,null,null,null,null,null,null,null,null]",,/data1/Kane/ACT/audit_results/r93_rerun_20260525T083118Z/overnight_cpu_full_stream2_20260526T025908Z/metaroom_2023/per_instance_metaroom_2023_20260526T032700813940Z.json
full_r3,59,UNKNOWN_RESOURCE_LIMIT,UNKNOWN,UNKNOWN,,19.415,UNKNOWN_RESOURCE_LIMIT,True,True,FAILED,25052.5859375,./onnx/6cnn_tz_10_1_no_custom_OP.onnx,./vnnlib/spec_idx_158_eps_0.00001000.vnnlib,[],[],[],"watchdog killed instance after 19.4s (status=UNKNOWN_RESOURCE_LIMIT, peak_rss=25052.6 MiB)",/data1/Kane/ACT/audit_results/r93_rerun_20260525T083118Z/overnight_cpu_full_stream2_20260526T025908Z/metaroom_2023/per_instance_metaroom_2023_watchdog_iid59_20260526T032721111324Z.json
full_r3,6,CERTIFIED,UNSAT,CERTIFIED,CERTIFIED,33.72,,False,,PASSED,,./onnx/4cnn_ry_65_10_no_custom_OP.onnx,./vnnlib/spec_idx_33_eps_0.00000436.vnnlib,"[""UNSAT"",""UNSAT"",""UNSAT"",""UNSAT"",""UNSAT"",""UNSAT"",""UNSAT"",""UNSAT"",""UNSAT"",""UNSAT"",""UNSAT"",""UNSAT"",""UNSAT"",""UNSAT"",""UNSAT"",""UNSAT"",""UNSAT"",""UNSAT"",""UNSAT""]","[""CERTIFIED"",""CERTIFIED"",""CERTIFIED"",""CERTIFIED"",""CERTIFIED"",""CERTIFIED"",""CERTIFIED"",""CERTIFIED"",""CERTIFIED"",""CERTIFIED"",""CERTIFIED"",""CERTIFIED"",""CERTIFIED"",""CERTIFIED"",""CERTIFIED"",""CERTIFIED"",""CERTIFIED"",""CERTIFIED"",""CERTIFIED""]","[null,null,null,null,null,null,null,null,null,null,null,null,null,null,null,null,null,null,null]",,/data1/Kane/ACT/audit_results/r93_rerun_20260525T083118Z/overnight_cpu_full_stream2_20260526T025908Z/metaroom_2023/per_instance_metaroom_2023_20260526T030005542379Z.json
full_r3,60,UNKNOWN_RESOURCE_LIMIT,UNKNOWN,UNKNOWN,,18.914,UNKNOWN_RESOURCE_LIMIT,True,True,FAILED,25279.734375,./onnx/6cnn_ry_35_5_no_custom_OP.onnx,./vnnlib/spec_idx_115_eps_0.00000436.vnnlib,[],[],[],"watchdog killed instance after 18.9s (status=UNKNOWN_RESOURCE_LIMIT, peak_rss=25279.7 MiB)",/data1/Kane/ACT/audit_results/r93_rerun_20260525T083118Z/overnight_cpu_full_stream2_20260526T025908Z/metaroom_2023/per_instance_metaroom_2023_watchdog_iid60_20260526T032740026000Z.json
full_r3,61,CERTIFIED,UNSAT,CERTIFIED,CERTIFIED,38.694,,False,,PASSED,,./onnx/4cnn_ry_58_9_no_custom_OP.onnx,./vnnlib/spec_idx_29_eps_0.00000436.vnnlib,"[""UNSAT"",""UNSAT"",""UNSAT"",""UNSAT"",""UNSAT"",""UNSAT"",""UNSAT"",""UNSAT"",""UNSAT"",""UNSAT"",""UNSAT"",""UNSAT"",""UNSAT"",""UNSAT"",""UNSAT"",""UNSAT"",""UNSAT"",""UNSAT"",""UNSAT""]","[""CERTIFIED"",""CERTIFIED"",""CERTIFIED"",""CERTIFIED"",""CERTIFIED"",""CERTIFIED"",""CERTIFIED"",""CERTIFIED"",""CERTIFIED"",""CERTIFIED"",""CERTIFIED"",""CERTIFIED"",""CERTIFIED"",""CERTIFIED"",""CERTIFIED"",""CERTIFIED"",""CERTIFIED"",""CERTIFIED"",""CERTIFIED""]","[null,null,null,null,null,null,null,null,null,null,null,null,null,null,null,null,null,null,null]",,/data1/Kane/ACT/audit_results/r93_rerun_20260525T083118Z/overnight_cpu_full_stream2_20260526T025908Z/metaroom_2023/per_instance_metaroom_2023_20260526T032820898821Z.json
full_r3,62,CERTIFIED,UNSAT,CERTIFIED,CERTIFIED,32.994,,False,,PASSED,,./onnx/4cnn_tz_103_17_no_custom_OP.onnx,./vnnlib/spec_idx_47_eps_0.00001000.vnnlib,"[""UNSAT"",""UNSAT"",""UNSAT"",""UNSAT"",""UNSAT"",""UNSAT"",""UNSAT"",""UNSAT"",""UNSAT"",""UNSAT"",""UNSAT"",""UNSAT"",""UNSAT"",""UNSAT"",""UNSAT"",""UNSAT"",""UNSAT"",""UNSAT"",""UNSAT""]","[""CERTIFIED"",""CERTIFIED"",""CERTIFIED"",""CERTIFIED"",""CERTIFIED"",""CERTIFIED"",""CERTIFIED"",""CERTIFIED"",""CERTIFIED"",""CERTIFIED"",""CERTIFIED"",""CERTIFIED"",""CERTIFIED"",""CERTIFIED"",""CERTIFIED"",""CERTIFIED"",""CERTIFIED"",""CERTIFIED"",""CERTIFIED""]","[null,null,null,null,null,null,null,null,null,null,null,null,null,null,null,null,null,null,null]",,/data1/Kane/ACT/audit_results/r93_rerun_20260525T083118Z/overnight_cpu_full_stream2_20260526T025908Z/metaroom_2023/per_instance_metaroom_2023_20260526T032857215321Z.json
full_r3,63,UNKNOWN_RESOURCE_LIMIT,UNKNOWN,UNKNOWN,,19.714,UNKNOWN_RESOURCE_LIMIT,True,True,FAILED,25507.0078125,./onnx/6cnn_tz_78_13_no_custom_OP.onnx,./vnnlib/spec_idx_204_eps_0.00001000.vnnlib,[],[],[],"watchdog killed instance after 19.7s (status=UNKNOWN_RESOURCE_LIMIT, peak_rss=25507.0 MiB)",/data1/Kane/ACT/audit_results/r93_rerun_20260525T083118Z/overnight_cpu_full_stream2_20260526T025908Z/metaroom_2023/per_instance_metaroom_2023_watchdog_iid63_20260526T032917795724Z.json
full_r3,64,UNKNOWN_RESOURCE_LIMIT,UNKNOWN,UNKNOWN,,18.713,UNKNOWN_RESOURCE_LIMIT,True,True,FAILED,25368.33984375,./onnx/6cnn_tz_6_1_no_custom_OP.onnx,./vnnlib/spec_idx_200_eps_0.00001000.vnnlib,[],[],[],"watchdog killed instance after 18.7s (status=UNKNOWN_RESOURCE_LIMIT, peak_rss=25368.3 MiB)",/data1/Kane/ACT/audit_results/r93_rerun_20260525T083118Z/overnight_cpu_full_stream2_20260526T025908Z/metaroom_2023/per_instance_metaroom_2023_watchdog_iid64_20260526T032936509852Z.json
full_r3,65,UNKNOWN_RESOURCE_LIMIT,UNKNOWN,UNKNOWN,,19.714,UNKNOWN_RESOURCE_LIMIT,True,True,FAILED,25404.67578125,./onnx/6cnn_tz_3_0_no_custom_OP.onnx,./vnnlib/spec_idx_181_eps_0.00001000.vnnlib,[],[],[],"watchdog killed instance after 19.7s (status=UNKNOWN_RESOURCE_LIMIT, peak_rss=25404.7 MiB)",/data1/Kane/ACT/audit_results/r93_rerun_20260525T083118Z/overnight_cpu_full_stream2_20260526T025908Z/metaroom_2023/per_instance_metaroom_2023_watchdog_iid65_20260526T032956224780Z.json
full_r3,66,UNKNOWN_RESOURCE_LIMIT,UNKNOWN,UNKNOWN,,18.713,UNKNOWN_RESOURCE_LIMIT,True,True,FAILED,25906.6953125,./onnx/6cnn_ry_4_0_no_custom_OP.onnx,./vnnlib/spec_idx_125_eps_0.00000436.vnnlib,[],[],[],"watchdog killed instance after 18.7s (status=UNKNOWN_RESOURCE_LIMIT, peak_rss=25906.7 MiB)",/data1/Kane/ACT/audit_results/r93_rerun_20260525T083118Z/overnight_cpu_full_stream2_20260526T025908Z/metaroom_2023/per_instance_metaroom_2023_watchdog_iid66_20260526T033014938482Z.json
full_r3,67,UNKNOWN_RESOURCE_LIMIT,UNKNOWN,UNKNOWN,,19.214,UNKNOWN_RESOURCE_LIMIT,True,True,FAILED,25477.5234375,./onnx/6cnn_ry_95_15_no_custom_OP.onnx,./vnnlib/spec_idx_150_eps_0.00000436.vnnlib,[],[],[],"watchdog killed instance after 19.2s (status=UNKNOWN_RESOURCE_LIMIT, peak_rss=25477.5 MiB)",/data1/Kane/ACT/audit_results/r93_rerun_20260525T083118Z/overnight_cpu_full_stream2_20260526T025908Z/metaroom_2023/per_instance_metaroom_2023_watchdog_iid67_20260526T033034153388Z.json
full_r3,68,UNKNOWN_RESOURCE_LIMIT,UNKNOWN,UNKNOWN,,20.313,UNKNOWN_RESOURCE_LIMIT,True,True,FAILED,26198.9453125,./onnx/6cnn_tz_37_6_no_custom_OP.onnx,./vnnlib/spec_idx_178_eps_0.00001000.vnnlib,[],[],[],"watchdog killed instance after 20.3s (status=UNKNOWN_RESOURCE_LIMIT, peak_rss=26198.9 MiB)",/data1/Kane/ACT/audit_results/r93_rerun_20260525T083118Z/overnight_cpu_full_stream2_20260526T025908Z/metaroom_2023/per_instance_metaroom_2023_watchdog_iid68_20260526T033054467568Z.json
full_r3,69,CERTIFIED,UNSAT,CERTIFIED,CERTIFIED,32.927,,False,,PASSED,,./onnx/4cnn_ry_71_11_no_custom_OP.onnx,./vnnlib/spec_idx_37_eps_0.00000436.vnnlib,"[""UNSAT"",""UNSAT"",""UNSAT"",""UNSAT"",""UNSAT"",""UNSAT"",""UNSAT"",""UNSAT"",""UNSAT"",""UNSAT"",""UNSAT"",""UNSAT"",""UNSAT"",""UNSAT"",""UNSAT"",""UNSAT"",""UNSAT"",""UNSAT"",""UNSAT""]","[""CERTIFIED"",""CERTIFIED"",""CERTIFIED"",""CERTIFIED"",""CERTIFIED"",""CERTIFIED"",""CERTIFIED"",""CERTIFIED"",""CERTIFIED"",""CERTIFIED"",""CERTIFIED"",""CERTIFIED"",""CERTIFIED"",""CERTIFIED"",""CERTIFIED"",""CERTIFIED"",""CERTIFIED"",""CERTIFIED"",""CERTIFIED""]","[null,null,null,null,null,null,null,null,null,null,null,null,null,null,null,null,null,null,null]",,/data1/Kane/ACT/audit_results/r93_rerun_20260525T083118Z/overnight_cpu_full_stream2_20260526T025908Z/metaroom_2023/per_instance_metaroom_2023_20260526T033129578471Z.json
full_r3,7,CERTIFIED,UNSAT,CERTIFIED,CERTIFIED,33.775,,False,,PASSED,,./onnx/4cnn_tz_8_1_no_custom_OP.onnx,./vnnlib/spec_idx_88_eps_0.00001000.vnnlib,"[""UNSAT"",""UNSAT"",""UNSAT"",""UNSAT"",""UNSAT"",""UNSAT"",""UNSAT"",""UNSAT"",""UNSAT"",""UNSAT"",""UNSAT"",""UNSAT"",""UNSAT"",""UNSAT"",""UNSAT"",""UNSAT"",""UNSAT"",""UNSAT"",""UNSAT""]","[""CERTIFIED"",""CERTIFIED"",""CERTIFIED"",""CERTIFIED"",""CERTIFIED"",""CERTIFIED"",""CERTIFIED"",""CERTIFIED"",""CERTIFIED"",""CERTIFIED"",""CERTIFIED"",""CERTIFIED"",""CERTIFIED"",""CERTIFIED"",""CERTIFIED"",""CERTIFIED"",""CERTIFIED"",""CERTIFIED"",""CERTIFIED""]","[null,null,null,null,null,null,null,null,null,null,null,null,null,null,null,null,null,null,null]",,/data1/Kane/ACT/audit_results/r93_rerun_20260525T083118Z/overnight_cpu_full_stream2_20260526T025908Z/metaroom_2023/per_instance_metaroom_2023_20260526T030042551046Z.json
full_r3,70,UNKNOWN_RESOURCE_LIMIT,UNKNOWN,UNKNOWN,,18.913,UNKNOWN_RESOURCE_LIMIT,True,True,FAILED,24615.18359375,./onnx/6cnn_ry_114_19_no_custom_OP.onnx,./vnnlib/spec_idx_100_eps_0.00000436.vnnlib,[],[],[],"watchdog killed instance after 18.9s (status=UNKNOWN_RESOURCE_LIMIT, peak_rss=24615.2 MiB)",/data1/Kane/ACT/audit_results/r93_rerun_20260525T083118Z/overnight_cpu_full_stream2_20260526T025908Z/metaroom_2023/per_instance_metaroom_2023_watchdog_iid70_20260526T033149406184Z.json
full_r3,71,CERTIFIED,UNSAT,CERTIFIED,CERTIFIED,37.875,,False,,PASSED,,./onnx/4cnn_ry_70_11_no_custom_OP.onnx,./vnnlib/spec_idx_36_eps_0.00000436.vnnlib,"[""UNSAT"",""UNSAT"",""UNSAT"",""UNSAT"",""UNSAT"",""UNSAT"",""UNSAT"",""UNSAT"",""UNSAT"",""UNSAT"",""UNSAT"",""UNSAT"",""UNSAT"",""UNSAT"",""UNSAT"",""UNSAT"",""UNSAT"",""UNSAT"",""UNSAT""]","[""CERTIFIED"",""CERTIFIED"",""CERTIFIED"",""CERTIFIED"",""CERTIFIED"",""CERTIFIED"",""CERTIFIED"",""CERTIFIED"",""CERTIFIED"",""CERTIFIED"",""CERTIFIED"",""CERTIFIED"",""CERTIFIED"",""CERTIFIED"",""CERTIFIED"",""CERTIFIED"",""CERTIFIED"",""CERTIFIED"",""CERTIFIED""]","[null,null,null,null,null,null,null,null,null,null,null,null,null,null,null,null,null,null,null]",,/data1/Kane/ACT/audit_results/r93_rerun_20260525T083118Z/overnight_cpu_full_stream2_20260526T025908Z/metaroom_2023/per_instance_metaroom_2023_20260526T033229443223Z.json
full_r3,72,CERTIFIED,UNSAT,CERTIFIED,CERTIFIED,33.22,,False,,PASSED,,./onnx/4cnn_tz_20_3_no_custom_OP.onnx,./vnnlib/spec_idx_53_eps_0.00001000.vnnlib,"[""UNSAT"",""UNSAT"",""UNSAT"",""UNSAT"",""UNSAT"",""UNSAT"",""UNSAT"",""UNSAT"",""UNSAT"",""UNSAT"",""UNSAT"",""UNSAT"",""UNSAT"",""UNSAT"",""UNSAT"",""UNSAT"",""UNSAT"",""UNSAT"",""UNSAT""]","[""CERTIFIED"",""CERTIFIED"",""CERTIFIED"",""CERTIFIED"",""CERTIFIED"",""CERTIFIED"",""CERTIFIED"",""CERTIFIED"",""CERTIFIED"",""CERTIFIED"",""CERTIFIED"",""CERTIFIED"",""CERTIFIED"",""CERTIFIED"",""CERTIFIED"",""CERTIFIED"",""CERTIFIED"",""CERTIFIED"",""CERTIFIED""]","[null,null,null,null,null,null,null,null,null,null,null,null,null,null,null,null,null,null,null]",,/data1/Kane/ACT/audit_results/r93_rerun_20260525T083118Z/overnight_cpu_full_stream2_20260526T025908Z/metaroom_2023/per_instance_metaroom_2023_20260526T033305799494Z.json
full_r3,73,CERTIFIED,UNSAT,CERTIFIED,CERTIFIED,39.207,,False,,PASSED,,./onnx/4cnn_ry_52_8_no_custom_OP.onnx,./vnnlib/spec_idx_25_eps_0.00000436.vnnlib,"[""UNSAT"",""UNSAT"",""UNSAT"",""UNSAT"",""UNSAT"",""UNSAT"",""UNSAT"",""UNSAT"",""UNSAT"",""UNSAT"",""UNSAT"",""UNSAT"",""UNSAT"",""UNSAT"",""UNSAT"",""UNSAT"",""UNSAT"",""UNSAT"",""UNSAT""]","[""CERTIFIED"",""CERTIFIED"",""CERTIFIED"",""CERTIFIED"",""CERTIFIED"",""CERTIFIED"",""CERTIFIED"",""CERTIFIED"",""CERTIFIED"",""CERTIFIED"",""CERTIFIED"",""CERTIFIED"",""CERTIFIED"",""CERTIFIED"",""CERTIFIED"",""CERTIFIED"",""CERTIFIED"",""CERTIFIED"",""CERTIFIED""]","[null,null,null,null,null,null,null,null,null,null,null,null,null,null,null,null,null,null,null]",,/data1/Kane/ACT/audit_results/r93_rerun_20260525T083118Z/overnight_cpu_full_stream2_20260526T025908Z/metaroom_2023/per_instance_metaroom_2023_20260526T033348333465Z.json
full_r3,74,UNKNOWN_RESOURCE_LIMIT,UNKNOWN,UNKNOWN,,18.515,UNKNOWN_RESOURCE_LIMIT,True,True,FAILED,24703.5703125,./onnx/6cnn_tz_4_0_no_custom_OP.onnx,./vnnlib/spec_idx_186_eps_0.00001000.vnnlib,[],[],[],"watchdog killed instance after 18.5s (status=UNKNOWN_RESOURCE_LIMIT, peak_rss=24703.6 MiB)",/data1/Kane/ACT/audit_results/r93_rerun_20260525T083118Z/overnight_cpu_full_stream2_20260526T025908Z/metaroom_2023/per_instance_metaroom_2023_watchdog_iid74_20260526T033407997744Z.json
full_r3,75,UNKNOWN_RESOURCE_LIMIT,UNKNOWN,UNKNOWN,,18.912,UNKNOWN_RESOURCE_LIMIT,True,True,FAILED,25303.4140625,./onnx/6cnn_ry_91_15_no_custom_OP.onnx,./vnnlib/spec_idx_146_eps_0.00000436.vnnlib,[],[],[],"watchdog killed instance after 18.9s (status=UNKNOWN_RESOURCE_LIMIT, peak_rss=25303.4 MiB)",/data1/Kane/ACT/audit_results/r93_rerun_20260525T083118Z/overnight_cpu_full_stream2_20260526T025908Z/metaroom_2023/per_instance_metaroom_2023_watchdog_iid75_20260526T033426910590Z.json
full_r3,76,CERTIFIED,UNSAT,CERTIFIED,CERTIFIED,34.096,,False,,PASSED,,./onnx/4cnn_tz_4_0_no_custom_OP.onnx,./vnnlib/spec_idx_71_eps_0.00001000.vnnlib,"[""UNSAT"",""UNSAT"",""UNSAT"",""UNSAT"",""UNSAT"",""UNSAT"",""UNSAT"",""UNSAT"",""UNSAT"",""UNSAT"",""UNSAT"",""UNSAT"",""UNSAT"",""UNSAT"",""UNSAT"",""UNSAT"",""UNSAT"",""UNSAT"",""UNSAT""]","[""CERTIFIED"",""CERTIFIED"",""CERTIFIED"",""CERTIFIED"",""CERTIFIED"",""CERTIFIED"",""CERTIFIED"",""CERTIFIED"",""CERTIFIED"",""CERTIFIED"",""CERTIFIED"",""CERTIFIED"",""CERTIFIED"",""CERTIFIED"",""CERTIFIED"",""CERTIFIED"",""CERTIFIED"",""CERTIFIED"",""CERTIFIED""]","[null,null,null,null,null,null,null,null,null,null,null,null,null,null,null,null,null,null,null]",,/data1/Kane/ACT/audit_results/r93_rerun_20260525T083118Z/overnight_cpu_full_stream2_20260526T025908Z/metaroom_2023/per_instance_metaroom_2023_20260526T033503243171Z.json
full_r3,77,CERTIFIED,UNSAT,CERTIFIED,CERTIFIED,34.094,,False,,PASSED,,./onnx/4cnn_tz_47_7_no_custom_OP.onnx,./vnnlib/spec_idx_69_eps_0.00001000.vnnlib,"[""UNSAT"",""UNSAT"",""UNSAT"",""UNSAT"",""UNSAT"",""UNSAT"",""UNSAT"",""UNSAT"",""UNSAT"",""UNSAT"",""UNSAT"",""UNSAT"",""UNSAT"",""UNSAT"",""UNSAT"",""UNSAT"",""UNSAT"",""UNSAT"",""UNSAT""]","[""CERTIFIED"",""CERTIFIED"",""CERTIFIED"",""CERTIFIED"",""CERTIFIED"",""CERTIFIED"",""CERTIFIED"",""CERTIFIED"",""CERTIFIED"",""CERTIFIED"",""CERTIFIED"",""CERTIFIED"",""CERTIFIED"",""CERTIFIED"",""CERTIFIED"",""CERTIFIED"",""CERTIFIED"",""CERTIFIED"",""CERTIFIED""]","[null,null,null,null,null,null,null,null,null,null,null,null,null,null,null,null,null,null,null]",,/data1/Kane/ACT/audit_results/r93_rerun_20260525T083118Z/overnight_cpu_full_stream2_20260526T025908Z/metaroom_2023/per_instance_metaroom_2023_20260526T033540185203Z.json
full_r3,78,UNKNOWN_TIMEOUT,UNKNOWN,UNKNOWN,,98.266,UNKNOWN_TIMEOUT,True,True,FAILED,3068.6171875,./onnx/4cnn_ry_57_9_no_custom_OP.onnx,./vnnlib/spec_idx_28_eps_0.00000436.vnnlib,[],[],[],"watchdog killed instance after 98.3s (status=UNKNOWN_TIMEOUT, peak_rss=3068.6 MiB)",/data1/Kane/ACT/audit_results/r93_rerun_20260525T083118Z/overnight_cpu_full_stream2_20260526T025908Z/metaroom_2023/per_instance_metaroom_2023_watchdog_iid78_20260526T033719229632Z.json
full_r3,79,UNKNOWN_RESOURCE_LIMIT,UNKNOWN,UNKNOWN,,19.214,UNKNOWN_RESOURCE_LIMIT,True,True,FAILED,25666.67578125,./onnx/6cnn_ry_67_11_no_custom_OP.onnx,./vnnlib/spec_idx_135_eps_0.00000436.vnnlib,[],[],[],"watchdog killed instance after 19.2s (status=UNKNOWN_RESOURCE_LIMIT, peak_rss=25666.7 MiB)",/data1/Kane/ACT/audit_results/r93_rerun_20260525T083118Z/overnight_cpu_full_stream2_20260526T025908Z/metaroom_2023/per_instance_metaroom_2023_watchdog_iid79_20260526T033738444560Z.json
full_r3,8,UNKNOWN_RESOURCE_LIMIT,UNKNOWN,UNKNOWN,,19.014,UNKNOWN_RESOURCE_LIMIT,True,True,FAILED,26086.890625,./onnx/6cnn_ry_38_6_no_custom_OP.onnx,./vnnlib/spec_idx_118_eps_0.00000436.vnnlib,[],[],[],"watchdog killed instance after 19.0s (status=UNKNOWN_RESOURCE_LIMIT, peak_rss=26086.9 MiB)",/data1/Kane/ACT/audit_results/r93_rerun_20260525T083118Z/overnight_cpu_full_stream2_20260526T025908Z/metaroom_2023/per_instance_metaroom_2023_watchdog_iid8_20260526T030102691634Z.json
full_r3,80,CERTIFIED,UNSAT,CERTIFIED,CERTIFIED,33.136,,False,,PASSED,,./onnx/4cnn_tz_34_5_no_custom_OP.onnx,./vnnlib/spec_idx_59_eps_0.00001000.vnnlib,"[""UNSAT"",""UNSAT"",""UNSAT"",""UNSAT"",""UNSAT"",""UNSAT"",""UNSAT"",""UNSAT"",""UNSAT"",""UNSAT"",""UNSAT"",""UNSAT"",""UNSAT"",""UNSAT"",""UNSAT"",""UNSAT"",""UNSAT"",""UNSAT"",""UNSAT""]","[""CERTIFIED"",""CERTIFIED"",""CERTIFIED"",""CERTIFIED"",""CERTIFIED"",""CERTIFIED"",""CERTIFIED"",""CERTIFIED"",""CERTIFIED"",""CERTIFIED"",""CERTIFIED"",""CERTIFIED"",""CERTIFIED"",""CERTIFIED"",""CERTIFIED"",""CERTIFIED"",""CERTIFIED"",""CERTIFIED"",""CERTIFIED""]","[null,null,null,null,null,null,null,null,null,null,null,null,null,null,null,null,null,null,null]",,/data1/Kane/ACT/audit_results/r93_rerun_20260525T083118Z/overnight_cpu_full_stream2_20260526T025908Z/metaroom_2023/per_instance_metaroom_2023_20260526T033813722497Z.json
full_r3,81,CERTIFIED,UNSAT,CERTIFIED,CERTIFIED,33.268,,False,,PASSED,,./onnx/4cnn_tz_41_6_no_custom_OP.onnx,./vnnlib/spec_idx_66_eps_0.00001000.vnnlib,"[""UNSAT"",""UNSAT"",""UNSAT"",""UNSAT"",""UNSAT"",""UNSAT"",""UNSAT"",""UNSAT"",""UNSAT"",""UNSAT"",""UNSAT"",""UNSAT"",""UNSAT"",""UNSAT"",""UNSAT"",""UNSAT"",""UNSAT"",""UNSAT"",""UNSAT""]","[""CERTIFIED"",""CERTIFIED"",""CERTIFIED"",""CERTIFIED"",""CERTIFIED"",""CERTIFIED"",""CERTIFIED"",""CERTIFIED"",""CERTIFIED"",""CERTIFIED"",""CERTIFIED"",""CERTIFIED"",""CERTIFIED"",""CERTIFIED"",""CERTIFIED"",""CERTIFIED"",""CERTIFIED"",""CERTIFIED"",""CERTIFIED""]","[null,null,null,null,null,null,null,null,null,null,null,null,null,null,null,null,null,null,null]",,/data1/Kane/ACT/audit_results/r93_rerun_20260525T083118Z/overnight_cpu_full_stream2_20260526T025908Z/metaroom_2023/per_instance_metaroom_2023_20260526T033849927456Z.json
full_r3,82,CERTIFIED,UNSAT,CERTIFIED,CERTIFIED,37.473,,False,,PASSED,,./onnx/4cnn_tz_99_16_no_custom_OP.onnx,./vnnlib/spec_idx_91_eps_0.00001000.vnnlib,"[""UNSAT"",""UNSAT"",""UNSAT"",""UNSAT"",""UNSAT"",""UNSAT"",""UNSAT"",""UNSAT"",""UNSAT"",""UNSAT"",""UNSAT"",""UNSAT"",""UNSAT"",""UNSAT"",""UNSAT"",""UNSAT"",""UNSAT"",""UNSAT"",""UNSAT""]","[""CERTIFIED"",""CERTIFIED"",""CERTIFIED"",""CERTIFIED"",""CERTIFIED"",""CERTIFIED"",""CERTIFIED"",""CERTIFIED"",""CERTIFIED"",""CERTIFIED"",""CERTIFIED"",""CERTIFIED"",""CERTIFIED"",""CERTIFIED"",""CERTIFIED"",""CERTIFIED"",""CERTIFIED"",""CERTIFIED"",""CERTIFIED""]","[null,null,null,null,null,null,null,null,null,null,null,null,null,null,null,null,null,null,null]",,/data1/Kane/ACT/audit_results/r93_rerun_20260525T083118Z/overnight_cpu_full_stream2_20260526T025908Z/metaroom_2023/per_instance_metaroom_2023_20260526T033930597085Z.json
full_r3,83,UNKNOWN_RESOURCE_LIMIT,UNKNOWN,UNKNOWN,,19.815,UNKNOWN_RESOURCE_LIMIT,True,True,FAILED,25322.4140625,./onnx/6cnn_ry_12_2_no_custom_OP.onnx,./vnnlib/spec_idx_105_eps_0.00000436.vnnlib,[],[],[],"watchdog killed instance after 19.8s (status=UNKNOWN_RESOURCE_LIMIT, peak_rss=25322.4 MiB)",/data1/Kane/ACT/audit_results/r93_rerun_20260525T083118Z/overnight_cpu_full_stream2_20260526T025908Z/metaroom_2023/per_instance_metaroom_2023_watchdog_iid83_20260526T033951337353Z.json
full_r3,84,UNKNOWN_RESOURCE_LIMIT,UNKNOWN,UNKNOWN,,20.816,UNKNOWN_RESOURCE_LIMIT,True,True,FAILED,25077.375,./onnx/6cnn_tz_93_15_no_custom_OP.onnx,./vnnlib/spec_idx_208_eps_0.00001000.vnnlib,[],[],[],"watchdog killed instance after 20.8s (status=UNKNOWN_RESOURCE_LIMIT, peak_rss=25077.4 MiB)",/data1/Kane/ACT/audit_results/r93_rerun_20260525T083118Z/overnight_cpu_full_stream2_20260526T025908Z/metaroom_2023/per_instance_metaroom_2023_watchdog_iid84_20260526T034012154674Z.json
full_r3,85,CERTIFIED,UNSAT,CERTIFIED,CERTIFIED,34.638,,False,,PASSED,,./onnx/4cnn_tz_44_7_no_custom_OP.onnx,./vnnlib/spec_idx_68_eps_0.00001000.vnnlib,"[""UNSAT"",""UNSAT"",""UNSAT"",""UNSAT"",""UNSAT"",""UNSAT"",""UNSAT"",""UNSAT"",""UNSAT"",""UNSAT"",""UNSAT"",""UNSAT"",""UNSAT"",""UNSAT"",""UNSAT"",""UNSAT"",""UNSAT"",""UNSAT"",""UNSAT""]","[""CERTIFIED"",""CERTIFIED"",""CERTIFIED"",""CERTIFIED"",""CERTIFIED"",""CERTIFIED"",""CERTIFIED"",""CERTIFIED"",""CERTIFIED"",""CERTIFIED"",""CERTIFIED"",""CERTIFIED"",""CERTIFIED"",""CERTIFIED"",""CERTIFIED"",""CERTIFIED"",""CERTIFIED"",""CERTIFIED"",""CERTIFIED""]","[null,null,null,null,null,null,null,null,null,null,null,null,null,null,null,null,null,null,null]",,/data1/Kane/ACT/audit_results/r93_rerun_20260525T083118Z/overnight_cpu_full_stream2_20260526T025908Z/metaroom_2023/per_instance_metaroom_2023_20260526T034049176339Z.json
full_r3,86,UNKNOWN_RESOURCE_LIMIT,UNKNOWN,UNKNOWN,,18.415,UNKNOWN_RESOURCE_LIMIT,True,True,FAILED,25652.47265625,./onnx/6cnn_tz_79_13_no_custom_OP.onnx,./vnnlib/spec_idx_205_eps_0.00001000.vnnlib,[],[],[],"watchdog killed instance after 18.4s (status=UNKNOWN_RESOURCE_LIMIT, peak_rss=25652.5 MiB)",/data1/Kane/ACT/audit_results/r93_rerun_20260525T083118Z/overnight_cpu_full_stream2_20260526T025908Z/metaroom_2023/per_instance_metaroom_2023_watchdog_iid86_20260526T034108600324Z.json
full_r3,87,UNKNOWN_RESOURCE_LIMIT,UNKNOWN,UNKNOWN,,17.813,UNKNOWN_RESOURCE_LIMIT,True,True,FAILED,24696.2265625,./onnx/6cnn_ry_6_1_no_custom_OP.onnx,./vnnlib/spec_idx_137_eps_0.00000436.vnnlib,[],[],[],"watchdog killed instance after 17.8s (status=UNKNOWN_RESOURCE_LIMIT, peak_rss=24696.2 MiB)",/data1/Kane/ACT/audit_results/r93_rerun_20260525T083118Z/overnight_cpu_full_stream2_20260526T025908Z/metaroom_2023/per_instance_metaroom_2023_watchdog_iid87_20260526T034126414448Z.json
full_r3,88,UNKNOWN_RESOURCE_LIMIT,UNKNOWN,UNKNOWN,,21.217,UNKNOWN_RESOURCE_LIMIT,True,True,FAILED,25073.86328125,./onnx/6cnn_ry_52_8_no_custom_OP.onnx,./vnnlib/spec_idx_126_eps_0.00000436.vnnlib,[],[],[],"watchdog killed instance after 21.2s (status=UNKNOWN_RESOURCE_LIMIT, peak_rss=25073.9 MiB)",/data1/Kane/ACT/audit_results/r93_rerun_20260525T083118Z/overnight_cpu_full_stream2_20260526T025908Z/metaroom_2023/per_instance_metaroom_2023_watchdog_iid88_20260526T034147632385Z.json
full_r3,89,CERTIFIED,UNSAT,CERTIFIED,CERTIFIED,34.339,,False,,PASSED,,./onnx/4cnn_tz_82_13_no_custom_OP.onnx,./vnnlib/spec_idx_87_eps_0.00001000.vnnlib,"[""UNSAT"",""UNSAT"",""UNSAT"",""UNSAT"",""UNSAT"",""UNSAT"",""UNSAT"",""UNSAT"",""UNSAT"",""UNSAT"",""UNSAT"",""UNSAT"",""UNSAT"",""UNSAT"",""UNSAT"",""UNSAT"",""UNSAT"",""UNSAT"",""UNSAT""]","[""CERTIFIED"",""CERTIFIED"",""CERTIFIED"",""CERTIFIED"",""CERTIFIED"",""CERTIFIED"",""CERTIFIED"",""CERTIFIED"",""CERTIFIED"",""CERTIFIED"",""CERTIFIED"",""CERTIFIED"",""CERTIFIED"",""CERTIFIED"",""CERTIFIED"",""CERTIFIED"",""CERTIFIED"",""CERTIFIED"",""CERTIFIED""]","[null,null,null,null,null,null,null,null,null,null,null,null,null,null,null,null,null,null,null]",,/data1/Kane/ACT/audit_results/r93_rerun_20260525T083118Z/overnight_cpu_full_stream2_20260526T025908Z/metaroom_2023/per_instance_metaroom_2023_20260526T034224207105Z.json
full_r3,9,UNKNOWN_RESOURCE_LIMIT,UNKNOWN,UNKNOWN,,19.613,UNKNOWN_RESOURCE_LIMIT,True,True,FAILED,25091.29296875,./onnx/6cnn_ry_49_8_no_custom_OP.onnx,./vnnlib/spec_idx_124_eps_0.00000436.vnnlib,[],[],[],"watchdog killed instance after 19.6s (status=UNKNOWN_RESOURCE_LIMIT, peak_rss=25091.3 MiB)",/data1/Kane/ACT/audit_results/r93_rerun_20260525T083118Z/overnight_cpu_full_stream2_20260526T025908Z/metaroom_2023/per_instance_metaroom_2023_watchdog_iid9_20260526T030122304920Z.json
full_r3,90,UNKNOWN_RESOURCE_LIMIT,UNKNOWN,UNKNOWN,,18.613,UNKNOWN_RESOURCE_LIMIT,True,True,FAILED,25231.58984375,./onnx/6cnn_ry_28_4_no_custom_OP.onnx,./vnnlib/spec_idx_113_eps_0.00000436.vnnlib,[],[],[],"watchdog killed instance after 18.6s (status=UNKNOWN_RESOURCE_LIMIT, peak_rss=25231.6 MiB)",/data1/Kane/ACT/audit_results/r93_rerun_20260525T083118Z/overnight_cpu_full_stream2_20260526T025908Z/metaroom_2023/per_instance_metaroom_2023_watchdog_iid90_20260526T034243773170Z.json
full_r3,91,UNKNOWN_RESOURCE_LIMIT,UNKNOWN,UNKNOWN,,17.814,UNKNOWN_RESOURCE_LIMIT,True,True,FAILED,24595.76171875,./onnx/6cnn_tz_28_4_no_custom_OP.onnx,./vnnlib/spec_idx_173_eps_0.00001000.vnnlib,[],[],[],"watchdog killed instance after 17.8s (status=UNKNOWN_RESOURCE_LIMIT, peak_rss=24595.8 MiB)",/data1/Kane/ACT/audit_results/r93_rerun_20260525T083118Z/overnight_cpu_full_stream2_20260526T025908Z/metaroom_2023/per_instance_metaroom_2023_watchdog_iid91_20260526T034301588247Z.json
full_r3,92,UNKNOWN_RESOURCE_LIMIT,UNKNOWN,UNKNOWN,,18.914,UNKNOWN_RESOURCE_LIMIT,True,True,FAILED,25534.515625,./onnx/6cnn_tz_104_17_no_custom_OP.onnx,./vnnlib/spec_idx_155_eps_0.00001000.vnnlib,[],[],[],"watchdog killed instance after 18.9s (status=UNKNOWN_RESOURCE_LIMIT, peak_rss=25534.5 MiB)",/data1/Kane/ACT/audit_results/r93_rerun_20260525T083118Z/overnight_cpu_full_stream2_20260526T025908Z/metaroom_2023/per_instance_metaroom_2023_watchdog_iid92_20260526T034320503494Z.json
full_r3,93,UNKNOWN_RESOURCE_LIMIT,UNKNOWN,UNKNOWN,,19.515,UNKNOWN_RESOURCE_LIMIT,True,True,FAILED,25166.82421875,./onnx/6cnn_tz_18_3_no_custom_OP.onnx,./vnnlib/spec_idx_166_eps_0.00001000.vnnlib,[],[],[],"watchdog killed instance after 19.5s (status=UNKNOWN_RESOURCE_LIMIT, peak_rss=25166.8 MiB)",/data1/Kane/ACT/audit_results/r93_rerun_20260525T083118Z/overnight_cpu_full_stream2_20260526T025908Z/metaroom_2023/per_instance_metaroom_2023_watchdog_iid93_20260526T034340019192Z.json
full_r3,94,UNKNOWN_RESOURCE_LIMIT,UNKNOWN,UNKNOWN,,18.914,UNKNOWN_RESOURCE_LIMIT,True,True,FAILED,25923.63671875,./onnx/6cnn_ry_36_6_no_custom_OP.onnx,./vnnlib/spec_idx_116_eps_0.00000436.vnnlib,[],[],[],"watchdog killed instance after 18.9s (status=UNKNOWN_RESOURCE_LIMIT, peak_rss=25923.6 MiB)",/data1/Kane/ACT/audit_results/r93_rerun_20260525T083118Z/overnight_cpu_full_stream2_20260526T025908Z/metaroom_2023/per_instance_metaroom_2023_watchdog_iid94_20260526T034358963547Z.json
full_r3,95,UNKNOWN_RESOURCE_LIMIT,UNKNOWN,UNKNOWN,,19.916,UNKNOWN_RESOURCE_LIMIT,True,True,FAILED,26017.6015625,./onnx/6cnn_ry_117_19_no_custom_OP.onnx,./vnnlib/spec_idx_101_eps_0.00000436.vnnlib,[],[],[],"watchdog killed instance after 19.9s (status=UNKNOWN_RESOURCE_LIMIT, peak_rss=26017.6 MiB)",/data1/Kane/ACT/audit_results/r93_rerun_20260525T083118Z/overnight_cpu_full_stream2_20260526T025908Z/metaroom_2023/per_instance_metaroom_2023_watchdog_iid95_20260526T034418880831Z.json
full_r3,96,UNKNOWN_RESOURCE_LIMIT,UNKNOWN,UNKNOWN,,19.413,UNKNOWN_RESOURCE_LIMIT,True,True,FAILED,24900.29296875,./onnx/6cnn_ry_92_15_no_custom_OP.onnx,./vnnlib/spec_idx_147_eps_0.00000436.vnnlib,[],[],[],"watchdog killed instance after 19.4s (status=UNKNOWN_RESOURCE_LIMIT, peak_rss=24900.3 MiB)",/data1/Kane/ACT/audit_results/r93_rerun_20260525T083118Z/overnight_cpu_full_stream2_20260526T025908Z/metaroom_2023/per_instance_metaroom_2023_watchdog_iid96_20260526T034438294658Z.json
full_r3,97,UNKNOWN_RESOURCE_LIMIT,UNKNOWN,UNKNOWN,,18.914,UNKNOWN_RESOURCE_LIMIT,True,True,FAILED,25157.59375,./onnx/6cnn_ry_39_6_no_custom_OP.onnx,./vnnlib/spec_idx_119_eps_0.00000436.vnnlib,[],[],[],"watchdog killed instance after 18.9s (status=UNKNOWN_RESOURCE_LIMIT, peak_rss=25157.6 MiB)",/data1/Kane/ACT/audit_results/r93_rerun_20260525T083118Z/overnight_cpu_full_stream2_20260526T025908Z/metaroom_2023/per_instance_metaroom_2023_watchdog_iid97_20260526T034457209858Z.json
full_r3,98,CERTIFIED,UNSAT,CERTIFIED,CERTIFIED,33.53,,False,,PASSED,,./onnx/4cnn_tz_39_6_no_custom_OP.onnx,./vnnlib/spec_idx_63_eps_0.00001000.vnnlib,"[""UNSAT"",""UNSAT"",""UNSAT"",""UNSAT"",""UNSAT"",""UNSAT"",""UNSAT"",""UNSAT"",""UNSAT"",""UNSAT"",""UNSAT"",""UNSAT"",""UNSAT"",""UNSAT"",""UNSAT"",""UNSAT"",""UNSAT"",""UNSAT"",""UNSAT""]","[""CERTIFIED"",""CERTIFIED"",""CERTIFIED"",""CERTIFIED"",""CERTIFIED"",""CERTIFIED"",""CERTIFIED"",""CERTIFIED"",""CERTIFIED"",""CERTIFIED"",""CERTIFIED"",""CERTIFIED"",""CERTIFIED"",""CERTIFIED"",""CERTIFIED"",""CERTIFIED"",""CERTIFIED"",""CERTIFIED"",""CERTIFIED""]","[null,null,null,null,null,null,null,null,null,null,null,null,null,null,null,null,null,null,null]",,/data1/Kane/ACT/audit_results/r93_rerun_20260525T083118Z/overnight_cpu_full_stream2_20260526T025908Z/metaroom_2023/per_instance_metaroom_2023_20260526T034532925211Z.json
full_r3,99,UNKNOWN_RESOURCE_LIMIT,UNKNOWN,UNKNOWN,,19.512,UNKNOWN_RESOURCE_LIMIT,True,True,FAILED,25419.375,./onnx/6cnn_tz_23_3_no_custom_OP.onnx,./vnnlib/spec_idx_172_eps_0.00001000.vnnlib,[],[],[],"watchdog killed instance after 19.5s (status=UNKNOWN_RESOURCE_LIMIT, peak_rss=25419.4 MiB)",/data1/Kane/ACT/audit_results/r93_rerun_20260525T083118Z/overnight_cpu_full_stream2_20260526T025908Z/metaroom_2023/per_instance_metaroom_2023_watchdog_iid99_20260526T034553248010Z.json
gpu_full,0,CERTIFIED,UNSAT,CERTIFIED,CERTIFIED,74.629,,False,,PASSED,,./onnx/6cnn_tz_35_5_no_custom_OP.onnx,./vnnlib/spec_idx_176_eps_0.00001000.vnnlib,"[""UNSAT"",""UNSAT"",""UNSAT"",""UNSAT"",""UNSAT"",""UNSAT"",""UNSAT"",""UNSAT"",""UNSAT"",""UNSAT"",""UNSAT"",""UNSAT"",""UNSAT"",""UNSAT"",""UNSAT"",""UNSAT"",""UNSAT"",""UNSAT"",""UNSAT""]","[""CERTIFIED"",""CERTIFIED"",""CERTIFIED"",""CERTIFIED"",""CERTIFIED"",""CERTIFIED"",""CERTIFIED"",""CERTIFIED"",""CERTIFIED"",""CERTIFIED"",""CERTIFIED"",""CERTIFIED"",""CERTIFIED"",""CERTIFIED"",""CERTIFIED"",""CERTIFIED"",""CERTIFIED"",""CERTIFIED"",""CERTIFIED""]","[null,null,null,null,null,null,null,null,null,null,null,null,null,null,null,null,null,null,null]",,/data1/Kane/ACT/audit_results/r93_rerun_20260525T083118Z/gpu_stream1_20260526T132419Z/metaroom_2023/per_instance_metaroom_2023_20260526T145640222360Z.json
gpu_full,1,CERTIFIED,UNSAT,CERTIFIED,CERTIFIED,6.678,,False,,PASSED,,./onnx/4cnn_tz_65_10_no_custom_OP.onnx,./vnnlib/spec_idx_79_eps_0.00001000.vnnlib,"[""UNSAT"",""UNSAT"",""UNSAT"",""UNSAT"",""UNSAT"",""UNSAT"",""UNSAT"",""UNSAT"",""UNSAT"",""UNSAT"",""UNSAT"",""UNSAT"",""UNSAT"",""UNSAT"",""UNSAT"",""UNSAT"",""UNSAT"",""UNSAT"",""UNSAT""]","[""CERTIFIED"",""CERTIFIED"",""CERTIFIED"",""CERTIFIED"",""CERTIFIED"",""CERTIFIED"",""CERTIFIED"",""CERTIFIED"",""CERTIFIED"",""CERTIFIED"",""CERTIFIED"",""CERTIFIED"",""CERTIFIED"",""CERTIFIED"",""CERTIFIED"",""CERTIFIED"",""CERTIFIED"",""CERTIFIED"",""CERTIFIED""]","[null,null,null,null,null,null,null,null,null,null,null,null,null,null,null,null,null,null,null]",,/data1/Kane/ACT/audit_results/r93_rerun_20260525T083118Z/gpu_stream1_20260526T132419Z/metaroom_2023/per_instance_metaroom_2023_20260526T145651280948Z.json
gpu_full,10,CERTIFIED,UNSAT,CERTIFIED,CERTIFIED,11.32,,False,,PASSED,,./onnx/4cnn_ry_34_5_no_custom_OP.onnx,./vnnlib/spec_idx_12_eps_0.00000436.vnnlib,"[""UNSAT"",""UNSAT"",""UNSAT"",""UNSAT"",""UNSAT"",""UNSAT"",""UNSAT"",""UNSAT"",""UNSAT"",""UNSAT"",""UNSAT"",""UNSAT"",""UNSAT"",""UNSAT"",""UNSAT"",""UNSAT"",""UNSAT"",""UNSAT"",""UNSAT""]","[""CERTIFIED"",""CERTIFIED"",""CERTIFIED"",""CERTIFIED"",""CERTIFIED"",""CERTIFIED"",""CERTIFIED"",""CERTIFIED"",""CERTIFIED"",""CERTIFIED"",""CERTIFIED"",""CERTIFIED"",""CERTIFIED"",""CERTIFIED"",""CERTIFIED"",""CERTIFIED"",""CERTIFIED"",""CERTIFIED"",""CERTIFIED""]","[null,null,null,null,null,null,null,null,null,null,null,null,null,null,null,null,null,null,null]",,/data1/Kane/ACT/audit_results/r93_rerun_20260525T083118Z/gpu_stream1_20260526T132419Z/metaroom_2023/per_instance_metaroom_2023_20260526T150454850265Z.json
gpu_full,11,CERTIFIED,UNSAT,CERTIFIED,CERTIFIED,5.355,,False,,PASSED,,./onnx/4cnn_tz_37_6_no_custom_OP.onnx,./vnnlib/spec_idx_61_eps_0.00001000.vnnlib,"[""UNSAT"",""UNSAT"",""UNSAT"",""UNSAT"",""UNSAT"",""UNSAT"",""UNSAT"",""UNSAT"",""UNSAT"",""UNSAT"",""UNSAT"",""UNSAT"",""UNSAT"",""UNSAT"",""UNSAT"",""UNSAT"",""UNSAT"",""UNSAT"",""UNSAT""]","[""CERTIFIED"",""CERTIFIED"",""CERTIFIED"",""CERTIFIED"",""CERTIFIED"",""CERTIFIED"",""CERTIFIED"",""CERTIFIED"",""CERTIFIED"",""CERTIFIED"",""CERTIFIED"",""CERTIFIED"",""CERTIFIED"",""CERTIFIED"",""CERTIFIED"",""CERTIFIED"",""CERTIFIED"",""CERTIFIED"",""CERTIFIED""]","[null,null,null,null,null,null,null,null,null,null,null,null,null,null,null,null,null,null,null]",,/data1/Kane/ACT/audit_results/r93_rerun_20260525T083118Z/gpu_stream1_20260526T132419Z/metaroom_2023/per_instance_metaroom_2023_20260526T150504331614Z.json
gpu_full,12,CERTIFIED,UNSAT,CERTIFIED,CERTIFIED,70.479,,False,,PASSED,,./onnx/6cnn_tz_114_19_no_custom_OP.onnx,./vnnlib/spec_idx_160_eps_0.00001000.vnnlib,"[""UNSAT"",""UNSAT"",""UNSAT"",""UNSAT"",""UNSAT"",""UNSAT"",""UNSAT"",""UNSAT"",""UNSAT"",""UNSAT"",""UNSAT"",""UNSAT"",""UNSAT"",""UNSAT"",""UNSAT"",""UNSAT"",""UNSAT"",""UNSAT"",""UNSAT""]","[""CERTIFIED"",""CERTIFIED"",""CERTIFIED"",""CERTIFIED"",""CERTIFIED"",""CERTIFIED"",""CERTIFIED"",""CERTIFIED"",""CERTIFIED"",""CERTIFIED"",""CERTIFIED"",""CERTIFIED"",""CERTIFIED"",""CERTIFIED"",""CERTIFIED"",""CERTIFIED"",""CERTIFIED"",""CERTIFIED"",""CERTIFIED""]","[null,null,null,null,null,null,null,null,null,null,null,null,null,null,null,null,null,null,null]",,/data1/Kane/ACT/audit_results/r93_rerun_20260525T083118Z/gpu_stream1_20260526T132419Z/metaroom_2023/per_instance_metaroom_2023_20260526T150619040493Z.json
gpu_full,13,CERTIFIED,UNSAT,CERTIFIED,CERTIFIED,4.936,,False,,PASSED,,./onnx/4cnn_tz_31_5_no_custom_OP.onnx,./vnnlib/spec_idx_57_eps_0.00001000.vnnlib,"[""UNSAT"",""UNSAT"",""UNSAT"",""UNSAT"",""UNSAT"",""UNSAT"",""UNSAT"",""UNSAT"",""UNSAT"",""UNSAT"",""UNSAT"",""UNSAT"",""UNSAT"",""UNSAT"",""UNSAT"",""UNSAT"",""UNSAT"",""UNSAT"",""UNSAT""]","[""CERTIFIED"",""CERTIFIED"",""CERTIFIED"",""CERTIFIED"",""CERTIFIED"",""CERTIFIED"",""CERTIFIED"",""CERTIFIED"",""CERTIFIED"",""CERTIFIED"",""CERTIFIED"",""CERTIFIED"",""CERTIFIED"",""CERTIFIED"",""CERTIFIED"",""CERTIFIED"",""CERTIFIED"",""CERTIFIED"",""CERTIFIED""]","[null,null,null,null,null,null,null,null,null,null,null,null,null,null,null,null,null,null,null]",,/data1/Kane/ACT/audit_results/r93_rerun_20260525T083118Z/gpu_stream1_20260526T132419Z/metaroom_2023/per_instance_metaroom_2023_20260526T150627939911Z.json
gpu_full,14,UNKNOWN,UNKNOWN,UNKNOWN,UNKNOWN,95.696,,False,,PASSED,,./onnx/6cnn_ry_93_15_no_custom_OP.onnx,./vnnlib/spec_idx_148_eps_0.00000436.vnnlib,"[""UNKNOWN"",""UNKNOWN"",""UNKNOWN"",""UNKNOWN"",""UNKNOWN"",""UNKNOWN"",""UNKNOWN"",""UNKNOWN""]","[""UNKNOWN"",""UNKNOWN"",""UNKNOWN"",""UNKNOWN"",""UNKNOWN"",""UNKNOWN"",""UNKNOWN"",""UNKNOWN""]","[null,null,null,null,null,null,null,null]",,/data1/Kane/ACT/audit_results/r93_rerun_20260525T083118Z/gpu_stream1_20260526T132419Z/metaroom_2023/per_instance_metaroom_2023_20260526T150807269741Z.json
gpu_full,15,CERTIFIED,UNSAT,CERTIFIED,CERTIFIED,6.024,,False,,PASSED,,./onnx/4cnn_ry_56_9_no_custom_OP.onnx,./vnnlib/spec_idx_27_eps_0.00000436.vnnlib,"[""UNSAT"",""UNSAT"",""UNSAT"",""UNSAT"",""UNSAT"",""UNSAT"",""UNSAT"",""UNSAT"",""UNSAT"",""UNSAT"",""UNSAT"",""UNSAT"",""UNSAT"",""UNSAT"",""UNSAT"",""UNSAT"",""UNSAT"",""UNSAT"",""UNSAT""]","[""CERTIFIED"",""CERTIFIED"",""CERTIFIED"",""CERTIFIED"",""CERTIFIED"",""CERTIFIED"",""CERTIFIED"",""CERTIFIED"",""CERTIFIED"",""CERTIFIED"",""CERTIFIED"",""CERTIFIED"",""CERTIFIED"",""CERTIFIED"",""CERTIFIED"",""CERTIFIED"",""CERTIFIED"",""CERTIFIED"",""CERTIFIED""]","[null,null,null,null,null,null,null,null,null,null,null,null,null,null,null,null,null,null,null]",,/data1/Kane/ACT/audit_results/r93_rerun_20260525T083118Z/gpu_stream1_20260526T132419Z/metaroom_2023/per_instance_metaroom_2023_20260526T150818674882Z.json
gpu_full,16,CERTIFIED,UNSAT,CERTIFIED,CERTIFIED,83.085,,False,,PASSED,,./onnx/6cnn_tz_91_15_no_custom_OP.onnx,./vnnlib/spec_idx_207_eps_0.00001000.vnnlib,"[""UNSAT"",""UNSAT"",""UNSAT"",""UNSAT"",""UNSAT"",""UNSAT"",""UNSAT"",""UNSAT"",""UNSAT"",""UNSAT"",""UNSAT"",""UNSAT"",""UNSAT"",""UNSAT"",""UNSAT"",""UNSAT"",""UNSAT"",""UNSAT"",""UNSAT""]","[""CERTIFIED"",""CERTIFIED"",""CERTIFIED"",""CERTIFIED"",""CERTIFIED"",""CERTIFIED"",""CERTIFIED"",""CERTIFIED"",""CERTIFIED"",""CERTIFIED"",""CERTIFIED"",""CERTIFIED"",""CERTIFIED"",""CERTIFIED"",""CERTIFIED"",""CERTIFIED"",""CERTIFIED"",""CERTIFIED"",""CERTIFIED""]","[null,null,null,null,null,null,null,null,null,null,null,null,null,null,null,null,null,null,null]",,/data1/Kane/ACT/audit_results/r93_rerun_20260525T083118Z/gpu_stream1_20260526T132419Z/metaroom_2023/per_instance_metaroom_2023_20260526T150946127734Z.json
gpu_full,17,CERTIFIED,UNSAT,CERTIFIED,CERTIFIED,86.064,,False,,PASSED,,./onnx/6cnn_ry_48_8_no_custom_OP.onnx,./vnnlib/spec_idx_123_eps_0.00000436.vnnlib,"[""UNSAT"",""UNSAT"",""UNSAT"",""UNSAT"",""UNSAT"",""UNSAT"",""UNSAT"",""UNSAT"",""UNSAT"",""UNSAT"",""UNSAT"",""UNSAT"",""UNSAT"",""UNSAT"",""UNSAT"",""UNSAT"",""UNSAT"",""UNSAT"",""UNSAT""]","[""CERTIFIED"",""CERTIFIED"",""CERTIFIED"",""CERTIFIED"",""CERTIFIED"",""CERTIFIED"",""CERTIFIED"",""CERTIFIED"",""CERTIFIED"",""CERTIFIED"",""CERTIFIED"",""CERTIFIED"",""CERTIFIED"",""CERTIFIED"",""CERTIFIED"",""CERTIFIED"",""CERTIFIED"",""CERTIFIED"",""CERTIFIED""]","[null,null,null,null,null,null,null,null,null,null,null,null,null,null,null,null,null,null,null]",,/data1/Kane/ACT/audit_results/r93_rerun_20260525T083118Z/gpu_stream1_20260526T132419Z/metaroom_2023/per_instance_metaroom_2023_20260526T151117089898Z.json
gpu_full,18,CERTIFIED,UNSAT,CERTIFIED,CERTIFIED,92.284,,False,,PASSED,,./onnx/6cnn_tz_62_10_no_custom_OP.onnx,./vnnlib/spec_idx_193_eps_0.00001000.vnnlib,"[""UNSAT"",""UNSAT"",""UNSAT"",""UNSAT"",""UNSAT"",""UNSAT"",""UNSAT"",""UNSAT"",""UNSAT"",""UNSAT"",""UNSAT"",""UNSAT"",""UNSAT"",""UNSAT"",""UNSAT"",""UNSAT"",""UNSAT"",""UNSAT"",""UNSAT""]","[""CERTIFIED"",""CERTIFIED"",""CERTIFIED"",""CERTIFIED"",""CERTIFIED"",""CERTIFIED"",""CERTIFIED"",""CERTIFIED"",""CERTIFIED"",""CERTIFIED"",""CERTIFIED"",""CERTIFIED"",""CERTIFIED"",""CERTIFIED"",""CERTIFIED"",""CERTIFIED"",""CERTIFIED"",""CERTIFIED"",""CERTIFIED""]","[null,null,null,null,null,null,null,null,null,null,null,null,null,null,null,null,null,null,null]",,/data1/Kane/ACT/audit_results/r93_rerun_20260525T083118Z/gpu_stream1_20260526T132419Z/metaroom_2023/per_instance_metaroom_2023_20260526T151254784356Z.json
gpu_full,19,CERTIFIED,UNSAT,CERTIFIED,CERTIFIED,82.919,,False,,PASSED,,./onnx/6cnn_tz_75_12_no_custom_OP.onnx,./vnnlib/spec_idx_203_eps_0.00001000.vnnlib,"[""UNSAT"",""UNSAT"",""UNSAT"",""UNSAT"",""UNSAT"",""UNSAT"",""UNSAT"",""UNSAT"",""UNSAT"",""UNSAT"",""UNSAT"",""UNSAT"",""UNSAT"",""UNSAT"",""UNSAT"",""UNSAT"",""UNSAT"",""UNSAT"",""UNSAT""]","[""CERTIFIED"",""CERTIFIED"",""CERTIFIED"",""CERTIFIED"",""CERTIFIED"",""CERTIFIED"",""CERTIFIED"",""CERTIFIED"",""CERTIFIED"",""CERTIFIED"",""CERTIFIED"",""CERTIFIED"",""CERTIFIED"",""CERTIFIED"",""CERTIFIED"",""CERTIFIED"",""CERTIFIED"",""CERTIFIED"",""CERTIFIED""]","[null,null,null,null,null,null,null,null,null,null,null,null,null,null,null,null,null,null,null]",,/data1/Kane/ACT/audit_results/r93_rerun_20260525T083118Z/gpu_stream1_20260526T132419Z/metaroom_2023/per_instance_metaroom_2023_20260526T151424740552Z.json
gpu_full,2,CERTIFIED,UNSAT,CERTIFIED,CERTIFIED,80.914,,False,,PASSED,,./onnx/6cnn_tz_65_10_no_custom_OP.onnx,./vnnlib/spec_idx_196_eps_0.00001000.vnnlib,"[""UNSAT"",""UNSAT"",""UNSAT"",""UNSAT"",""UNSAT"",""UNSAT"",""UNSAT"",""UNSAT"",""UNSAT"",""UNSAT"",""UNSAT"",""UNSAT"",""UNSAT"",""UNSAT"",""UNSAT"",""UNSAT"",""UNSAT"",""UNSAT"",""UNSAT""]","[""CERTIFIED"",""CERTIFIED"",""CERTIFIED"",""CERTIFIED"",""CERTIFIED"",""CERTIFIED"",""CERTIFIED"",""CERTIFIED"",""CERTIFIED"",""CERTIFIED"",""CERTIFIED"",""CERTIFIED"",""CERTIFIED"",""CERTIFIED"",""CERTIFIED"",""CERTIFIED"",""CERTIFIED"",""CERTIFIED"",""CERTIFIED""]","[null,null,null,null,null,null,null,null,null,null,null,null,null,null,null,null,null,null,null]",,/data1/Kane/ACT/audit_results/r93_rerun_20260525T083118Z/gpu_stream1_20260526T132419Z/metaroom_2023/per_instance_metaroom_2023_20260526T145817236751Z.json
gpu_full,20,CERTIFIED,UNSAT,CERTIFIED,CERTIFIED,28.319,,False,,PASSED,,./onnx/4cnn_ry_6_1_no_custom_OP.onnx,./vnnlib/spec_idx_35_eps_0.00000436.vnnlib,"[""UNSAT"",""UNSAT"",""UNSAT"",""UNSAT"",""UNSAT"",""UNSAT"",""UNSAT"",""UNSAT"",""UNSAT"",""UNSAT"",""UNSAT"",""UNSAT"",""UNSAT"",""UNSAT"",""UNSAT"",""UNSAT"",""UNSAT"",""UNSAT"",""UNSAT""]","[""CERTIFIED"",""CERTIFIED"",""CERTIFIED"",""CERTIFIED"",""CERTIFIED"",""CERTIFIED"",""CERTIFIED"",""CERTIFIED"",""CERTIFIED"",""CERTIFIED"",""CERTIFIED"",""CERTIFIED"",""CERTIFIED"",""CERTIFIED"",""CERTIFIED"",""CERTIFIED"",""CERTIFIED"",""CERTIFIED"",""CERTIFIED""]","[null,null,null,null,null,null,null,null,null,null,null,null,null,null,null,null,null,null,null]",,/data1/Kane/ACT/audit_results/r93_rerun_20260525T083118Z/gpu_stream1_20260526T132419Z/metaroom_2023/per_instance_metaroom_2023_20260526T151457671298Z.json
gpu_full,21,CERTIFIED,UNSAT,CERTIFIED,CERTIFIED,6.25,,False,,PASSED,,./onnx/4cnn_tz_70_11_no_custom_OP.onnx,./vnnlib/spec_idx_82_eps_0.00001000.vnnlib,"[""UNSAT"",""UNSAT"",""UNSAT"",""UNSAT"",""UNSAT"",""UNSAT"",""UNSAT"",""UNSAT"",""UNSAT"",""UNSAT"",""UNSAT"",""UNSAT"",""UNSAT"",""UNSAT"",""UNSAT"",""UNSAT"",""UNSAT"",""UNSAT"",""UNSAT""]","[""CERTIFIED"",""CERTIFIED"",""CERTIFIED"",""CERTIFIED"",""CERTIFIED"",""CERTIFIED"",""CERTIFIED"",""CERTIFIED"",""CERTIFIED"",""CERTIFIED"",""CERTIFIED"",""CERTIFIED"",""CERTIFIED"",""CERTIFIED"",""CERTIFIED"",""CERTIFIED"",""CERTIFIED"",""CERTIFIED"",""CERTIFIED""]","[null,null,null,null,null,null,null,null,null,null,null,null,null,null,null,null,null,null,null]",,/data1/Kane/ACT/audit_results/r93_rerun_20260525T083118Z/gpu_stream1_20260526T132419Z/metaroom_2023/per_instance_metaroom_2023_20260526T151508821442Z.json
gpu_full,22,UNKNOWN,UNKNOWN,UNKNOWN,UNKNOWN,68.172,,False,,PASSED,,./onnx/4cnn_ry_117_19_no_custom_OP.onnx,./vnnlib/spec_idx_3_eps_0.00000436.vnnlib,"[""UNSAT"",""UNSAT"",""UNSAT"",""UNSAT"",""UNSAT"",""UNSAT"",""UNSAT"",""UNSAT"",""UNSAT"",""UNSAT"",""UNSAT"",""UNSAT"",""UNSAT"",""UNSAT"",""UNSAT"",""UNSAT"",""UNSAT"",""UNSAT"",""UNKNOWN""]","[""CERTIFIED"",""CERTIFIED"",""CERTIFIED"",""CERTIFIED"",""CERTIFIED"",""CERTIFIED"",""CERTIFIED"",""CERTIFIED"",""CERTIFIED"",""CERTIFIED"",""CERTIFIED"",""CERTIFIED"",""CERTIFIED"",""CERTIFIED"",""CERTIFIED"",""CERTIFIED"",""CERTIFIED"",""CERTIFIED"",""UNKNOWN""]","[null,null,null,null,null,null,null,null,null,null,null,null,null,null,null,null,null,null,null]",,/data1/Kane/ACT/audit_results/r93_rerun_20260525T083118Z/gpu_stream1_20260526T132419Z/metaroom_2023/per_instance_metaroom_2023_20260526T151621953783Z.json
gpu_full,23,CERTIFIED,UNSAT,CERTIFIED,CERTIFIED,6.05,,False,,PASSED,,./onnx/4cnn_tz_117_19_no_custom_OP.onnx,./vnnlib/spec_idx_49_eps_0.00001000.vnnlib,"[""UNSAT"",""UNSAT"",""UNSAT"",""UNSAT"",""UNSAT"",""UNSAT"",""UNSAT"",""UNSAT"",""UNSAT"",""UNSAT"",""UNSAT"",""UNSAT"",""UNSAT"",""UNSAT"",""UNSAT"",""UNSAT"",""UNSAT"",""UNSAT"",""UNSAT""]","[""CERTIFIED"",""CERTIFIED"",""CERTIFIED"",""CERTIFIED"",""CERTIFIED"",""CERTIFIED"",""CERTIFIED"",""CERTIFIED"",""CERTIFIED"",""CERTIFIED"",""CERTIFIED"",""CERTIFIED"",""CERTIFIED"",""CERTIFIED"",""CERTIFIED"",""CERTIFIED"",""CERTIFIED"",""CERTIFIED"",""CERTIFIED""]","[null,null,null,null,null,null,null,null,null,null,null,null,null,null,null,null,null,null,null]",,/data1/Kane/ACT/audit_results/r93_rerun_20260525T083118Z/gpu_stream1_20260526T132419Z/metaroom_2023/per_instance_metaroom_2023_20260526T151632692951Z.json
gpu_full,24,CERTIFIED,UNSAT,CERTIFIED,CERTIFIED,8.649,,False,,PASSED,,./onnx/4cnn_ry_68_11_no_custom_OP.onnx,./vnnlib/spec_idx_34_eps_0.00000436.vnnlib,"[""UNSAT"",""UNSAT"",""UNSAT"",""UNSAT"",""UNSAT"",""UNSAT"",""UNSAT"",""UNSAT"",""UNSAT"",""UNSAT"",""UNSAT"",""UNSAT"",""UNSAT"",""UNSAT"",""UNSAT"",""UNSAT"",""UNSAT"",""UNSAT"",""UNSAT""]","[""CERTIFIED"",""CERTIFIED"",""CERTIFIED"",""CERTIFIED"",""CERTIFIED"",""CERTIFIED"",""CERTIFIED"",""CERTIFIED"",""CERTIFIED"",""CERTIFIED"",""CERTIFIED"",""CERTIFIED"",""CERTIFIED"",""CERTIFIED"",""CERTIFIED"",""CERTIFIED"",""CERTIFIED"",""CERTIFIED"",""CERTIFIED""]","[null,null,null,null,null,null,null,null,null,null,null,null,null,null,null,null,null,null,null]",,/data1/Kane/ACT/audit_results/r93_rerun_20260525T083118Z/gpu_stream1_20260526T132419Z/metaroom_2023/per_instance_metaroom_2023_20260526T151645605064Z.json
gpu_full,25,CERTIFIED,UNSAT,CERTIFIED,CERTIFIED,6.342,,False,,PASSED,,./onnx/4cnn_tz_33_5_no_custom_OP.onnx,./vnnlib/spec_idx_58_eps_0.00001000.vnnlib,"[""UNSAT"",""UNSAT"",""UNSAT"",""UNSAT"",""UNSAT"",""UNSAT"",""UNSAT"",""UNSAT"",""UNSAT"",""UNSAT"",""UNSAT"",""UNSAT"",""UNSAT"",""UNSAT"",""UNSAT"",""UNSAT"",""UNSAT"",""UNSAT"",""UNSAT""]","[""CERTIFIED"",""CERTIFIED"",""CERTIFIED"",""CERTIFIED"",""CERTIFIED"",""CERTIFIED"",""CERTIFIED"",""CERTIFIED"",""CERTIFIED"",""CERTIFIED"",""CERTIFIED"",""CERTIFIED"",""CERTIFIED"",""CERTIFIED"",""CERTIFIED"",""CERTIFIED"",""CERTIFIED"",""CERTIFIED"",""CERTIFIED""]","[null,null,null,null,null,null,null,null,null,null,null,null,null,null,null,null,null,null,null]",,/data1/Kane/ACT/audit_results/r93_rerun_20260525T083118Z/gpu_stream1_20260526T132419Z/metaroom_2023/per_instance_metaroom_2023_20260526T151657049346Z.json
gpu_full,26,UNKNOWN,UNKNOWN,UNKNOWN,UNKNOWN,95.048,,False,,PASSED,,./onnx/6cnn_ry_57_9_no_custom_OP.onnx,./vnnlib/spec_idx_129_eps_0.00000436.vnnlib,"[""UNKNOWN"",""UNKNOWN"",""UNKNOWN"",""UNKNOWN"",""UNKNOWN"",""UNKNOWN"",""UNKNOWN"",""UNKNOWN"",""UNKNOWN"",""UNKNOWN""]","[""UNKNOWN"",""UNKNOWN"",""UNKNOWN"",""UNKNOWN"",""UNKNOWN"",""UNKNOWN"",""UNKNOWN"",""UNKNOWN"",""UNKNOWN"",""UNKNOWN""]","[null,null,null,null,null,null,null,null,null,null]",,/data1/Kane/ACT/audit_results/r93_rerun_20260525T083118Z/gpu_stream1_20260526T132419Z/metaroom_2023/per_instance_metaroom_2023_20260526T151836595506Z.json
gpu_full,27,UNKNOWN,UNKNOWN,UNKNOWN,UNKNOWN,94.492,,False,,PASSED,,./onnx/6cnn_ry_1_0_no_custom_OP.onnx,./vnnlib/spec_idx_108_eps_0.00000436.vnnlib,"[""UNSAT"",""UNSAT"",""UNSAT"",""UNSAT"",""UNSAT"",""UNSAT"",""UNSAT"",""UNSAT"",""UNSAT"",""UNSAT"",""UNSAT"",""UNSAT"",""UNSAT"",""UNSAT"",""UNSAT"",""UNSAT"",""UNSAT"",""UNSAT"",""UNKNOWN""]","[""CERTIFIED"",""CERTIFIED"",""CERTIFIED"",""CERTIFIED"",""CERTIFIED"",""CERTIFIED"",""CERTIFIED"",""CERTIFIED"",""CERTIFIED"",""CERTIFIED"",""CERTIFIED"",""CERTIFIED"",""CERTIFIED"",""CERTIFIED"",""CERTIFIED"",""CERTIFIED"",""CERTIFIED"",""CERTIFIED"",""UNKNOWN""]","[null,null,null,null,null,null,null,null,null,null,null,null,null,null,null,null,null,null,null]",,/data1/Kane/ACT/audit_results/r93_rerun_20260525T083118Z/gpu_stream1_20260526T132419Z/metaroom_2023/per_instance_metaroom_2023_20260526T152016033557Z.json
gpu_full,28,UNKNOWN,UNKNOWN,UNKNOWN,UNKNOWN,92.142,,False,,PASSED,,./onnx/6cnn_tz_52_8_no_custom_OP.onnx,./vnnlib/spec_idx_187_eps_0.00001000.vnnlib,"[""UNKNOWN"",""UNSAT"",""UNSAT"",""UNSAT"",""UNSAT"",""UNSAT"",""UNSAT"",""UNSAT"",""UNSAT"",""UNSAT"",""UNSAT"",""UNSAT"",""UNSAT"",""UNSAT"",""UNSAT"",""UNSAT"",""UNSAT"",""UNSAT"",""UNSAT""]","[""UNKNOWN"",""CERTIFIED"",""CERTIFIED"",""CERTIFIED"",""CERTIFIED"",""CERTIFIED"",""CERTIFIED"",""CERTIFIED"",""CERTIFIED"",""CERTIFIED"",""CERTIFIED"",""CERTIFIED"",""CERTIFIED"",""CERTIFIED"",""CERTIFIED"",""CERTIFIED"",""CERTIFIED"",""CERTIFIED"",""CERTIFIED""]","[null,null,null,null,null,null,null,null,null,null,null,null,null,null,null,null,null,null,null]",,/data1/Kane/ACT/audit_results/r93_rerun_20260525T083118Z/gpu_stream1_20260526T132419Z/metaroom_2023/per_instance_metaroom_2023_20260526T152152661839Z.json
gpu_full,29,CERTIFIED,UNSAT,CERTIFIED,CERTIFIED,92.023,,False,,PASSED,,./onnx/6cnn_ry_64_10_no_custom_OP.onnx,./vnnlib/spec_idx_132_eps_0.00000436.vnnlib,"[""UNSAT"",""UNSAT"",""UNSAT"",""UNSAT"",""UNSAT"",""UNSAT"",""UNSAT"",""UNSAT"",""UNSAT"",""UNSAT"",""UNSAT"",""UNSAT"",""UNSAT"",""UNSAT"",""UNSAT"",""UNSAT"",""UNSAT"",""UNSAT"",""UNSAT""]","[""CERTIFIED"",""CERTIFIED"",""CERTIFIED"",""CERTIFIED"",""CERTIFIED"",""CERTIFIED"",""CERTIFIED"",""CERTIFIED"",""CERTIFIED"",""CERTIFIED"",""CERTIFIED"",""CERTIFIED"",""CERTIFIED"",""CERTIFIED"",""CERTIFIED"",""CERTIFIED"",""CERTIFIED"",""CERTIFIED"",""CERTIFIED""]","[null,null,null,null,null,null,null,null,null,null,null,null,null,null,null,null,null,null,null]",,/data1/Kane/ACT/audit_results/r93_rerun_20260525T083118Z/gpu_stream1_20260526T132419Z/metaroom_2023/per_instance_metaroom_2023_20260526T152328097725Z.json
gpu_full,3,CERTIFIED,UNSAT,CERTIFIED,CERTIFIED,92.487,,False,,PASSED,,./onnx/6cnn_ry_30_5_no_custom_OP.onnx,./vnnlib/spec_idx_114_eps_0.00000436.vnnlib,"[""UNSAT"",""UNSAT"",""UNSAT"",""UNSAT"",""UNSAT"",""UNSAT"",""UNSAT"",""UNSAT"",""UNSAT"",""UNSAT"",""UNSAT"",""UNSAT"",""UNSAT"",""UNSAT"",""UNSAT"",""UNSAT"",""UNSAT"",""UNSAT"",""UNSAT""]","[""CERTIFIED"",""CERTIFIED"",""CERTIFIED"",""CERTIFIED"",""CERTIFIED"",""CERTIFIED"",""CERTIFIED"",""CERTIFIED"",""CERTIFIED"",""CERTIFIED"",""CERTIFIED"",""CERTIFIED"",""CERTIFIED"",""CERTIFIED"",""CERTIFIED"",""CERTIFIED"",""CERTIFIED"",""CERTIFIED"",""CERTIFIED""]","[null,null,null,null,null,null,null,null,null,null,null,null,null,null,null,null,null,null,null]",,/data1/Kane/ACT/audit_results/r93_rerun_20260525T083118Z/gpu_stream1_20260526T132419Z/metaroom_2023/per_instance_metaroom_2023_20260526T145954503493Z.json
gpu_full,30,ERROR_WATCHDOG_EXIT_NONZERO,ERROR,ERROR,,7.504,EXIT_NONZERO,True,True,FAILED,1862.5078125,./onnx/6cnn_tz_49_8_no_custom_OP.onnx,./vnnlib/spec_idx_185_eps_0.00001000.vnnlib,[],[],[],"watchdog killed instance after 7.5s (status=EXIT_NONZERO, peak_rss=1862.5 MiB)",/data1/Kane/ACT/audit_results/r93_rerun_20260525T083118Z/gpu_stream1_20260526T132419Z/metaroom_2023/per_instance_metaroom_2023_watchdog_iid30_20260526T152336821390Z.json
gpu_full,31,CERTIFIED,UNSAT,CERTIFIED,CERTIFIED,91.192,,False,,PASSED,,./onnx/6cnn_ry_66_11_no_custom_OP.onnx,./vnnlib/spec_idx_134_eps_0.00000436.vnnlib,"[""UNSAT"",""UNSAT"",""UNSAT"",""UNSAT"",""UNSAT"",""UNSAT"",""UNSAT"",""UNSAT"",""UNSAT"",""UNSAT"",""UNSAT"",""UNSAT"",""UNSAT"",""UNSAT"",""UNSAT"",""UNSAT"",""UNSAT"",""UNSAT"",""UNSAT""]","[""CERTIFIED"",""CERTIFIED"",""CERTIFIED"",""CERTIFIED"",""CERTIFIED"",""CERTIFIED"",""CERTIFIED"",""CERTIFIED"",""CERTIFIED"",""CERTIFIED"",""CERTIFIED"",""CERTIFIED"",""CERTIFIED"",""CERTIFIED"",""CERTIFIED"",""CERTIFIED"",""CERTIFIED"",""CERTIFIED"",""CERTIFIED""]","[null,null,null,null,null,null,null,null,null,null,null,null,null,null,null,null,null,null,null]",,/data1/Kane/ACT/audit_results/r93_rerun_20260525T083118Z/gpu_stream1_20260526T132419Z/metaroom_2023/per_instance_metaroom_2023_20260526T152510359653Z.json
gpu_full,32,CERTIFIED,UNSAT,CERTIFIED,CERTIFIED,11.589,,False,,PASSED,,./onnx/4cnn_ry_20_3_no_custom_OP.onnx,./vnnlib/spec_idx_7_eps_0.00000436.vnnlib,"[""UNSAT"",""UNSAT"",""UNSAT"",""UNSAT"",""UNSAT"",""UNSAT"",""UNSAT"",""UNSAT"",""UNSAT"",""UNSAT"",""UNSAT"",""UNSAT"",""UNSAT"",""UNSAT"",""UNSAT"",""UNSAT"",""UNSAT"",""UNSAT"",""UNSAT""]","[""CERTIFIED"",""CERTIFIED"",""CERTIFIED"",""CERTIFIED"",""CERTIFIED"",""CERTIFIED"",""CERTIFIED"",""CERTIFIED"",""CERTIFIED"",""CERTIFIED"",""CERTIFIED"",""CERTIFIED"",""CERTIFIED"",""CERTIFIED"",""CERTIFIED"",""CERTIFIED"",""CERTIFIED"",""CERTIFIED"",""CERTIFIED""]","[null,null,null,null,null,null,null,null,null,null,null,null,null,null,null,null,null,null,null]",,/data1/Kane/ACT/audit_results/r93_rerun_20260525T083118Z/gpu_stream1_20260526T132419Z/metaroom_2023/per_instance_metaroom_2023_20260526T152525281761Z.json
gpu_full,33,ERROR_WATCHDOG_EXIT_NONZERO,ERROR,ERROR,,5.003,EXIT_NONZERO,True,True,FAILED,1311.90234375,./onnx/6cnn_tz_103_17_no_custom_OP.onnx,./vnnlib/spec_idx_154_eps_0.00001000.vnnlib,[],[],[],"watchdog killed instance after 5.0s (status=EXIT_NONZERO, peak_rss=1311.9 MiB)",/data1/Kane/ACT/audit_results/r93_rerun_20260525T083118Z/gpu_stream1_20260526T132419Z/metaroom_2023/per_instance_metaroom_2023_watchdog_iid33_20260526T152531388261Z.json
gpu_full,34,CERTIFIED,UNSAT,CERTIFIED,CERTIFIED,11.901,,False,,PASSED,,./onnx/4cnn_ry_44_7_no_custom_OP.onnx,./vnnlib/spec_idx_21_eps_0.00000436.vnnlib,"[""UNSAT"",""UNSAT"",""UNSAT"",""UNSAT"",""UNSAT"",""UNSAT"",""UNSAT"",""UNSAT"",""UNSAT"",""UNSAT"",""UNSAT"",""UNSAT"",""UNSAT"",""UNSAT"",""UNSAT"",""UNSAT"",""UNSAT"",""UNSAT"",""UNSAT""]","[""CERTIFIED"",""CERTIFIED"",""CERTIFIED"",""CERTIFIED"",""CERTIFIED"",""CERTIFIED"",""CERTIFIED"",""CERTIFIED"",""CERTIFIED"",""CERTIFIED"",""CERTIFIED"",""CERTIFIED"",""CERTIFIED"",""CERTIFIED"",""CERTIFIED"",""CERTIFIED"",""CERTIFIED"",""CERTIFIED"",""CERTIFIED""]","[null,null,null,null,null,null,null,null,null,null,null,null,null,null,null,null,null,null,null]",,/data1/Kane/ACT/audit_results/r93_rerun_20260525T083118Z/gpu_stream1_20260526T132419Z/metaroom_2023/per_instance_metaroom_2023_20260526T152545682496Z.json
gpu_full,35,UNKNOWN,UNKNOWN,UNKNOWN,UNKNOWN,72.818,,False,,PASSED,,./onnx/4cnn_ry_99_16_no_custom_OP.onnx,./vnnlib/spec_idx_43_eps_0.00000436.vnnlib,"[""UNSAT"",""UNSAT"",""UNKNOWN"",""UNSAT"",""UNKNOWN"",""UNSAT"",""UNKNOWN"",""UNSAT"",""UNSAT"",""UNKNOWN"",""UNSAT"",""UNSAT"",""UNSAT"",""UNSAT"",""UNSAT"",""UNSAT"",""UNSAT"",""UNSAT"",""UNSAT""]","[""CERTIFIED"",""CERTIFIED"",""UNKNOWN"",""CERTIFIED"",""UNKNOWN"",""CERTIFIED"",""UNKNOWN"",""CERTIFIED"",""CERTIFIED"",""UNKNOWN"",""CERTIFIED"",""CERTIFIED"",""CERTIFIED"",""CERTIFIED"",""CERTIFIED"",""CERTIFIED"",""CERTIFIED"",""CERTIFIED"",""CERTIFIED""]","[null,null,null,null,null,null,null,null,null,null,null,null,null,null,null,null,null,null,null]",,/data1/Kane/ACT/audit_results/r93_rerun_20260525T083118Z/gpu_stream1_20260526T132419Z/metaroom_2023/per_instance_metaroom_2023_20260526T152702068889Z.json
gpu_full,36,CERTIFIED,UNSAT,CERTIFIED,CERTIFIED,4.558,,False,,PASSED,,./onnx/4cnn_tz_19_3_no_custom_OP.onnx,./vnnlib/spec_idx_51_eps_0.00001000.vnnlib,"[""UNSAT"",""UNSAT"",""UNSAT"",""UNSAT"",""UNSAT"",""UNSAT"",""UNSAT"",""UNSAT"",""UNSAT"",""UNSAT"",""UNSAT"",""UNSAT"",""UNSAT"",""UNSAT"",""UNSAT"",""UNSAT"",""UNSAT"",""UNSAT"",""UNSAT""]","[""CERTIFIED"",""CERTIFIED"",""CERTIFIED"",""CERTIFIED"",""CERTIFIED"",""CERTIFIED"",""CERTIFIED"",""CERTIFIED"",""CERTIFIED"",""CERTIFIED"",""CERTIFIED"",""CERTIFIED"",""CERTIFIED"",""CERTIFIED"",""CERTIFIED"",""CERTIFIED"",""CERTIFIED"",""CERTIFIED"",""CERTIFIED""]","[null,null,null,null,null,null,null,null,null,null,null,null,null,null,null,null,null,null,null]",,/data1/Kane/ACT/audit_results/r93_rerun_20260525T083118Z/gpu_stream1_20260526T132419Z/metaroom_2023/per_instance_metaroom_2023_20260526T152709811598Z.json
gpu_full,37,CERTIFIED,UNSAT,CERTIFIED,CERTIFIED,67.468,,False,,PASSED,,./onnx/6cnn_tz_66_11_no_custom_OP.onnx,./vnnlib/spec_idx_197_eps_0.00001000.vnnlib,"[""UNSAT"",""UNSAT"",""UNSAT"",""UNSAT"",""UNSAT"",""UNSAT"",""UNSAT"",""UNSAT"",""UNSAT"",""UNSAT"",""UNSAT"",""UNSAT"",""UNSAT"",""UNSAT"",""UNSAT"",""UNSAT"",""UNSAT"",""UNSAT"",""UNSAT""]","[""CERTIFIED"",""CERTIFIED"",""CERTIFIED"",""CERTIFIED"",""CERTIFIED"",""CERTIFIED"",""CERTIFIED"",""CERTIFIED"",""CERTIFIED"",""CERTIFIED"",""CERTIFIED"",""CERTIFIED"",""CERTIFIED"",""CERTIFIED"",""CERTIFIED"",""CERTIFIED"",""CERTIFIED"",""CERTIFIED"",""CERTIFIED""]","[null,null,null,null,null,null,null,null,null,null,null,null,null,null,null,null,null,null,null]",,/data1/Kane/ACT/audit_results/r93_rerun_20260525T083118Z/gpu_stream1_20260526T132419Z/metaroom_2023/per_instance_metaroom_2023_20260526T152820605037Z.json
gpu_full,38,CERTIFIED,UNSAT,CERTIFIED,CERTIFIED,78.559,,False,,PASSED,,./onnx/6cnn_tz_0_0_no_custom_OP.onnx,./vnnlib/spec_idx_152_eps_0.00001000.vnnlib,"[""UNSAT"",""UNSAT"",""UNSAT"",""UNSAT"",""UNSAT"",""UNSAT"",""UNSAT"",""UNSAT"",""UNSAT"",""UNSAT"",""UNSAT"",""UNSAT"",""UNSAT"",""UNSAT"",""UNSAT"",""UNSAT"",""UNSAT"",""UNSAT"",""UNSAT""]","[""CERTIFIED"",""CERTIFIED"",""CERTIFIED"",""CERTIFIED"",""CERTIFIED"",""CERTIFIED"",""CERTIFIED"",""CERTIFIED"",""CERTIFIED"",""CERTIFIED"",""CERTIFIED"",""CERTIFIED"",""CERTIFIED"",""CERTIFIED"",""CERTIFIED"",""CERTIFIED"",""CERTIFIED"",""CERTIFIED"",""CERTIFIED""]","[null,null,null,null,null,null,null,null,null,null,null,null,null,null,null,null,null,null,null]",,/data1/Kane/ACT/audit_results/r93_rerun_20260525T083118Z/gpu_stream1_20260526T132419Z/metaroom_2023/per_instance_metaroom_2023_20260526T152942212458Z.json
gpu_full,39,CERTIFIED,UNSAT,CERTIFIED,CERTIFIED,67.46,,False,,PASSED,,./onnx/6cnn_tz_118_19_no_custom_OP.onnx,./vnnlib/spec_idx_162_eps_0.00001000.vnnlib,"[""UNSAT"",""UNSAT"",""UNSAT"",""UNSAT"",""UNSAT"",""UNSAT"",""UNSAT"",""UNSAT"",""UNSAT"",""UNSAT"",""UNSAT"",""UNSAT"",""UNSAT"",""UNSAT"",""UNSAT"",""UNSAT"",""UNSAT"",""UNSAT"",""UNSAT""]","[""CERTIFIED"",""CERTIFIED"",""CERTIFIED"",""CERTIFIED"",""CERTIFIED"",""CERTIFIED"",""CERTIFIED"",""CERTIFIED"",""CERTIFIED"",""CERTIFIED"",""CERTIFIED"",""CERTIFIED"",""CERTIFIED"",""CERTIFIED"",""CERTIFIED"",""CERTIFIED"",""CERTIFIED"",""CERTIFIED"",""CERTIFIED""]","[null,null,null,null,null,null,null,null,null,null,null,null,null,null,null,null,null,null,null]",,/data1/Kane/ACT/audit_results/r93_rerun_20260525T083118Z/gpu_stream1_20260526T132419Z/metaroom_2023/per_instance_metaroom_2023_20260526T153053189835Z.json
gpu_full,4,CERTIFIED,UNSAT,CERTIFIED,CERTIFIED,6.748,,False,,PASSED,,./onnx/4cnn_ry_47_7_no_custom_OP.onnx,./vnnlib/spec_idx_23_eps_0.00000436.vnnlib,"[""UNSAT"",""UNSAT"",""UNSAT"",""UNSAT"",""UNSAT"",""UNSAT"",""UNSAT"",""UNSAT"",""UNSAT"",""UNSAT"",""UNSAT"",""UNSAT"",""UNSAT"",""UNSAT"",""UNSAT"",""UNSAT"",""UNSAT"",""UNSAT"",""UNSAT""]","[""CERTIFIED"",""CERTIFIED"",""CERTIFIED"",""CERTIFIED"",""CERTIFIED"",""CERTIFIED"",""CERTIFIED"",""CERTIFIED"",""CERTIFIED"",""CERTIFIED"",""CERTIFIED"",""CERTIFIED"",""CERTIFIED"",""CERTIFIED"",""CERTIFIED"",""CERTIFIED"",""CERTIFIED"",""CERTIFIED"",""CERTIFIED""]","[null,null,null,null,null,null,null,null,null,null,null,null,null,null,null,null,null,null,null]",,/data1/Kane/ACT/audit_results/r93_rerun_20260525T083118Z/gpu_stream1_20260526T132419Z/metaroom_2023/per_instance_metaroom_2023_20260526T150006375356Z.json
gpu_full,40,CERTIFIED,UNSAT,CERTIFIED,CERTIFIED,65.526,,False,,PASSED,,./onnx/6cnn_tz_67_11_no_custom_OP.onnx,./vnnlib/spec_idx_198_eps_0.00001000.vnnlib,"[""UNSAT"",""UNSAT"",""UNSAT"",""UNSAT"",""UNSAT"",""UNSAT"",""UNSAT"",""UNSAT"",""UNSAT"",""UNSAT"",""UNSAT"",""UNSAT"",""UNSAT"",""UNSAT"",""UNSAT"",""UNSAT"",""UNSAT"",""UNSAT"",""UNSAT""]","[""CERTIFIED"",""CERTIFIED"",""CERTIFIED"",""CERTIFIED"",""CERTIFIED"",""CERTIFIED"",""CERTIFIED"",""CERTIFIED"",""CERTIFIED"",""CERTIFIED"",""CERTIFIED"",""CERTIFIED"",""CERTIFIED"",""CERTIFIED"",""CERTIFIED"",""CERTIFIED"",""CERTIFIED"",""CERTIFIED"",""CERTIFIED""]","[null,null,null,null,null,null,null,null,null,null,null,null,null,null,null,null,null,null,null]",,/data1/Kane/ACT/audit_results/r93_rerun_20260525T083118Z/gpu_stream1_20260526T132419Z/metaroom_2023/per_instance_metaroom_2023_20260526T153201739811Z.json
gpu_full,41,CERTIFIED,UNSAT,CERTIFIED,CERTIFIED,65.439,,False,,PASSED,,./onnx/6cnn_tz_21_3_no_custom_OP.onnx,./vnnlib/spec_idx_170_eps_0.00001000.vnnlib,"[""UNSAT"",""UNSAT"",""UNSAT"",""UNSAT"",""UNSAT"",""UNSAT"",""UNSAT"",""UNSAT"",""UNSAT"",""UNSAT"",""UNSAT"",""UNSAT"",""UNSAT"",""UNSAT"",""UNSAT"",""UNSAT"",""UNSAT"",""UNSAT"",""UNSAT""]","[""CERTIFIED"",""CERTIFIED"",""CERTIFIED"",""CERTIFIED"",""CERTIFIED"",""CERTIFIED"",""CERTIFIED"",""CERTIFIED"",""CERTIFIED"",""CERTIFIED"",""CERTIFIED"",""CERTIFIED"",""CERTIFIED"",""CERTIFIED"",""CERTIFIED"",""CERTIFIED"",""CERTIFIED"",""CERTIFIED"",""CERTIFIED""]","[null,null,null,null,null,null,null,null,null,null,null,null,null,null,null,null,null,null,null]",,/data1/Kane/ACT/audit_results/r93_rerun_20260525T083118Z/gpu_stream1_20260526T132419Z/metaroom_2023/per_instance_metaroom_2023_20260526T153310241435Z.json
gpu_full,42,CERTIFIED,UNSAT,CERTIFIED,CERTIFIED,6.507,,False,,PASSED,,./onnx/4cnn_tz_1_0_no_custom_OP.onnx,./vnnlib/spec_idx_52_eps_0.00001000.vnnlib,"[""UNSAT"",""UNSAT"",""UNSAT"",""UNSAT"",""UNSAT"",""UNSAT"",""UNSAT"",""UNSAT"",""UNSAT"",""UNSAT"",""UNSAT"",""UNSAT"",""UNSAT"",""UNSAT"",""UNSAT"",""UNSAT"",""UNSAT"",""UNSAT"",""UNSAT""]","[""CERTIFIED"",""CERTIFIED"",""CERTIFIED"",""CERTIFIED"",""CERTIFIED"",""CERTIFIED"",""CERTIFIED"",""CERTIFIED"",""CERTIFIED"",""CERTIFIED"",""CERTIFIED"",""CERTIFIED"",""CERTIFIED"",""CERTIFIED"",""CERTIFIED"",""CERTIFIED"",""CERTIFIED"",""CERTIFIED"",""CERTIFIED""]","[null,null,null,null,null,null,null,null,null,null,null,null,null,null,null,null,null,null,null]",,/data1/Kane/ACT/audit_results/r93_rerun_20260525T083118Z/gpu_stream1_20260526T132419Z/metaroom_2023/per_instance_metaroom_2023_20260526T153319830683Z.json
gpu_full,43,CERTIFIED,UNSAT,CERTIFIED,CERTIFIED,24.363,,False,,PASSED,,./onnx/4cnn_ry_48_8_no_custom_OP.onnx,./vnnlib/spec_idx_24_eps_0.00000436.vnnlib,"[""UNSAT"",""UNSAT"",""UNSAT"",""UNSAT"",""UNSAT"",""UNSAT"",""UNSAT"",""UNSAT"",""UNSAT"",""UNSAT"",""UNSAT"",""UNSAT"",""UNSAT"",""UNSAT"",""UNSAT"",""UNSAT"",""UNSAT"",""UNSAT"",""UNSAT""]","[""CERTIFIED"",""CERTIFIED"",""CERTIFIED"",""CERTIFIED"",""CERTIFIED"",""CERTIFIED"",""CERTIFIED"",""CERTIFIED"",""CERTIFIED"",""CERTIFIED"",""CERTIFIED"",""CERTIFIED"",""CERTIFIED"",""CERTIFIED"",""CERTIFIED"",""CERTIFIED"",""CERTIFIED"",""CERTIFIED"",""CERTIFIED""]","[null,null,null,null,null,null,null,null,null,null,null,null,null,null,null,null,null,null,null]",,/data1/Kane/ACT/audit_results/r93_rerun_20260525T083118Z/gpu_stream1_20260526T132419Z/metaroom_2023/per_instance_metaroom_2023_20260526T153347238897Z.json
gpu_full,44,CERTIFIED,UNSAT,CERTIFIED,CERTIFIED,9.808,,False,,PASSED,,./onnx/4cnn_ry_61_10_no_custom_OP.onnx,./vnnlib/spec_idx_31_eps_0.00000436.vnnlib,"[""UNSAT"",""UNSAT"",""UNSAT"",""UNSAT"",""UNSAT"",""UNSAT"",""UNSAT"",""UNSAT"",""UNSAT"",""UNSAT"",""UNSAT"",""UNSAT"",""UNSAT"",""UNSAT"",""UNSAT"",""UNSAT"",""UNSAT"",""UNSAT"",""UNSAT""]","[""CERTIFIED"",""CERTIFIED"",""CERTIFIED"",""CERTIFIED"",""CERTIFIED"",""CERTIFIED"",""CERTIFIED"",""CERTIFIED"",""CERTIFIED"",""CERTIFIED"",""CERTIFIED"",""CERTIFIED"",""CERTIFIED"",""CERTIFIED"",""CERTIFIED"",""CERTIFIED"",""CERTIFIED"",""CERTIFIED"",""CERTIFIED""]","[null,null,null,null,null,null,null,null,null,null,null,null,null,null,null,null,null,null,null]",,/data1/Kane/ACT/audit_results/r93_rerun_20260525T083118Z/gpu_stream1_20260526T132419Z/metaroom_2023/per_instance_metaroom_2023_20260526T153400174976Z.json
gpu_full,45,UNKNOWN,UNKNOWN,UNKNOWN,UNKNOWN,92.766,,False,,PASSED,,./onnx/6cnn_ry_81_13_no_custom_OP.onnx,./vnnlib/spec_idx_144_eps_0.00000436.vnnlib,"[""UNKNOWN"",""UNKNOWN"",""UNKNOWN"",""UNKNOWN"",""UNKNOWN"",""UNKNOWN"",""UNKNOWN"",""UNKNOWN"",""UNKNOWN"",""UNKNOWN"",""UNKNOWN"",""UNKNOWN"",""UNKNOWN"",""UNKNOWN""]","[""UNKNOWN"",""UNKNOWN"",""UNKNOWN"",""UNKNOWN"",""UNKNOWN"",""UNKNOWN"",""UNKNOWN"",""UNKNOWN"",""UNKNOWN"",""UNKNOWN"",""UNKNOWN"",""UNKNOWN"",""UNKNOWN"",""UNKNOWN""]","[null,null,null,null,null,null,null,null,null,null,null,null,null,null]",,/data1/Kane/ACT/audit_results/r93_rerun_20260525T083118Z/gpu_stream1_20260526T132419Z/metaroom_2023/per_instance_metaroom_2023_20260526T153536156518Z.json
gpu_full,46,CERTIFIED,UNSAT,CERTIFIED,CERTIFIED,63.119,,False,,PASSED,,./onnx/6cnn_tz_38_6_no_custom_OP.onnx,./vnnlib/spec_idx_179_eps_0.00001000.vnnlib,"[""UNSAT"",""UNSAT"",""UNSAT"",""UNSAT"",""UNSAT"",""UNSAT"",""UNSAT"",""UNSAT"",""UNSAT"",""UNSAT"",""UNSAT"",""UNSAT"",""UNSAT"",""UNSAT"",""UNSAT"",""UNSAT"",""UNSAT"",""UNSAT"",""UNSAT""]","[""CERTIFIED"",""CERTIFIED"",""CERTIFIED"",""CERTIFIED"",""CERTIFIED"",""CERTIFIED"",""CERTIFIED"",""CERTIFIED"",""CERTIFIED"",""CERTIFIED"",""CERTIFIED"",""CERTIFIED"",""CERTIFIED"",""CERTIFIED"",""CERTIFIED"",""CERTIFIED"",""CERTIFIED"",""CERTIFIED"",""CERTIFIED""]","[null,null,null,null,null,null,null,null,null,null,null,null,null,null,null,null,null,null,null]",,/data1/Kane/ACT/audit_results/r93_rerun_20260525T083118Z/gpu_stream1_20260526T132419Z/metaroom_2023/per_instance_metaroom_2023_20260526T153642555834Z.json
gpu_full,47,CERTIFIED,UNSAT,CERTIFIED,CERTIFIED,67.257,,False,,PASSED,,./onnx/6cnn_ry_53_8_no_custom_OP.onnx,./vnnlib/spec_idx_127_eps_0.00000436.vnnlib,"[""UNSAT"",""UNSAT"",""UNSAT"",""UNSAT"",""UNSAT"",""UNSAT"",""UNSAT"",""UNSAT"",""UNSAT"",""UNSAT"",""UNSAT"",""UNSAT"",""UNSAT"",""UNSAT"",""UNSAT"",""UNSAT"",""UNSAT"",""UNSAT"",""UNSAT""]","[""CERTIFIED"",""CERTIFIED"",""CERTIFIED"",""CERTIFIED"",""CERTIFIED"",""CERTIFIED"",""CERTIFIED"",""CERTIFIED"",""CERTIFIED"",""CERTIFIED"",""CERTIFIED"",""CERTIFIED"",""CERTIFIED"",""CERTIFIED"",""CERTIFIED"",""CERTIFIED"",""CERTIFIED"",""CERTIFIED"",""CERTIFIED""]","[null,null,null,null,null,null,null,null,null,null,null,null,null,null,null,null,null,null,null]",,/data1/Kane/ACT/audit_results/r93_rerun_20260525T083118Z/gpu_stream1_20260526T132419Z/metaroom_2023/per_instance_metaroom_2023_20260526T153753248952Z.json
gpu_full,48,CERTIFIED,UNSAT,CERTIFIED,CERTIFIED,65.96,,False,,PASSED,,./onnx/6cnn_tz_94_15_no_custom_OP.onnx,./vnnlib/spec_idx_209_eps_0.00001000.vnnlib,"[""UNSAT"",""UNSAT"",""UNSAT"",""UNSAT"",""UNSAT"",""UNSAT"",""UNSAT"",""UNSAT"",""UNSAT"",""UNSAT"",""UNSAT"",""UNSAT"",""UNSAT"",""UNSAT"",""UNSAT"",""UNSAT"",""UNSAT"",""UNSAT"",""UNSAT""]","[""CERTIFIED"",""CERTIFIED"",""CERTIFIED"",""CERTIFIED"",""CERTIFIED"",""CERTIFIED"",""CERTIFIED"",""CERTIFIED"",""CERTIFIED"",""CERTIFIED"",""CERTIFIED"",""CERTIFIED"",""CERTIFIED"",""CERTIFIED"",""CERTIFIED"",""CERTIFIED"",""CERTIFIED"",""CERTIFIED"",""CERTIFIED""]","[null,null,null,null,null,null,null,null,null,null,null,null,null,null,null,null,null,null,null]",,/data1/Kane/ACT/audit_results/r93_rerun_20260525T083118Z/gpu_stream1_20260526T132419Z/metaroom_2023/per_instance_metaroom_2023_20260526T153902516106Z.json
gpu_full,49,ERROR_WATCHDOG_EXIT_NONZERO,ERROR,ERROR,,4.003,EXIT_NONZERO,True,True,FAILED,1143.046875,./onnx/6cnn_ry_68_11_no_custom_OP.onnx,./vnnlib/spec_idx_136_eps_0.00000436.vnnlib,[],[],[],"watchdog killed instance after 4.0s (status=EXIT_NONZERO, peak_rss=1143.0 MiB)",/data1/Kane/ACT/audit_results/r93_rerun_20260525T083118Z/gpu_stream1_20260526T132419Z/metaroom_2023/per_instance_metaroom_2023_watchdog_iid49_20260526T153907367827Z.json
gpu_full,5,CERTIFIED,UNSAT,CERTIFIED,CERTIFIED,86.725,,False,,PASSED,,./onnx/6cnn_ry_5_0_no_custom_OP.onnx,./vnnlib/spec_idx_130_eps_0.00000436.vnnlib,"[""UNSAT"",""UNSAT"",""UNSAT"",""UNSAT"",""UNSAT"",""UNSAT"",""UNSAT"",""UNSAT"",""UNSAT"",""UNSAT"",""UNSAT"",""UNSAT"",""UNSAT"",""UNSAT"",""UNSAT"",""UNSAT"",""UNSAT"",""UNSAT"",""UNSAT""]","[""CERTIFIED"",""CERTIFIED"",""CERTIFIED"",""CERTIFIED"",""CERTIFIED"",""CERTIFIED"",""CERTIFIED"",""CERTIFIED"",""CERTIFIED"",""CERTIFIED"",""CERTIFIED"",""CERTIFIED"",""CERTIFIED"",""CERTIFIED"",""CERTIFIED"",""CERTIFIED"",""CERTIFIED"",""CERTIFIED"",""CERTIFIED""]","[null,null,null,null,null,null,null,null,null,null,null,null,null,null,null,null,null,null,null]",,/data1/Kane/ACT/audit_results/r93_rerun_20260525T083118Z/gpu_stream1_20260526T132419Z/metaroom_2023/per_instance_metaroom_2023_20260526T150138199544Z.json
gpu_full,50,CERTIFIED,UNSAT,CERTIFIED,CERTIFIED,66.273,,False,,PASSED,,./onnx/6cnn_ry_54_9_no_custom_OP.onnx,./vnnlib/spec_idx_128_eps_0.00000436.vnnlib,"[""UNSAT"",""UNSAT"",""UNSAT"",""UNSAT"",""UNSAT"",""UNSAT"",""UNSAT"",""UNSAT"",""UNSAT"",""UNSAT"",""UNSAT"",""UNSAT"",""UNSAT"",""UNSAT"",""UNSAT"",""UNSAT"",""UNSAT"",""UNSAT"",""UNSAT""]","[""CERTIFIED"",""CERTIFIED"",""CERTIFIED"",""CERTIFIED"",""CERTIFIED"",""CERTIFIED"",""CERTIFIED"",""CERTIFIED"",""CERTIFIED"",""CERTIFIED"",""CERTIFIED"",""CERTIFIED"",""CERTIFIED"",""CERTIFIED"",""CERTIFIED"",""CERTIFIED"",""CERTIFIED"",""CERTIFIED"",""CERTIFIED""]","[null,null,null,null,null,null,null,null,null,null,null,null,null,null,null,null,null,null,null]",,/data1/Kane/ACT/audit_results/r93_rerun_20260525T083118Z/gpu_stream1_20260526T132419Z/metaroom_2023/per_instance_metaroom_2023_20260526T154015876254Z.json
gpu_full,51,CERTIFIED,UNSAT,CERTIFIED,CERTIFIED,21.844,,False,,PASSED,,./onnx/4cnn_ry_30_5_no_custom_OP.onnx,./vnnlib/spec_idx_9_eps_0.00000436.vnnlib,"[""UNSAT"",""UNSAT"",""UNSAT"",""UNSAT"",""UNSAT"",""UNSAT"",""UNSAT"",""UNSAT"",""UNSAT"",""UNSAT"",""UNSAT"",""UNSAT"",""UNSAT"",""UNSAT"",""UNSAT"",""UNSAT"",""UNSAT"",""UNSAT"",""UNSAT""]","[""CERTIFIED"",""CERTIFIED"",""CERTIFIED"",""CERTIFIED"",""CERTIFIED"",""CERTIFIED"",""CERTIFIED"",""CERTIFIED"",""CERTIFIED"",""CERTIFIED"",""CERTIFIED"",""CERTIFIED"",""CERTIFIED"",""CERTIFIED"",""CERTIFIED"",""CERTIFIED"",""CERTIFIED"",""CERTIFIED"",""CERTIFIED""]","[null,null,null,null,null,null,null,null,null,null,null,null,null,null,null,null,null,null,null]",,/data1/Kane/ACT/audit_results/r93_rerun_20260525T083118Z/gpu_stream1_20260526T132419Z/metaroom_2023/per_instance_metaroom_2023_20260526T154040979042Z.json
gpu_full,52,CERTIFIED,UNSAT,CERTIFIED,CERTIFIED,65.29,,False,,PASSED,,./onnx/6cnn_ry_18_3_no_custom_OP.onnx,./vnnlib/spec_idx_107_eps_0.00000436.vnnlib,"[""UNSAT"",""UNSAT"",""UNSAT"",""UNSAT"",""UNSAT"",""UNSAT"",""UNSAT"",""UNSAT"",""UNSAT"",""UNSAT"",""UNSAT"",""UNSAT"",""UNSAT"",""UNSAT"",""UNSAT"",""UNSAT"",""UNSAT"",""UNSAT"",""UNSAT""]","[""CERTIFIED"",""CERTIFIED"",""CERTIFIED"",""CERTIFIED"",""CERTIFIED"",""CERTIFIED"",""CERTIFIED"",""CERTIFIED"",""CERTIFIED"",""CERTIFIED"",""CERTIFIED"",""CERTIFIED"",""CERTIFIED"",""CERTIFIED"",""CERTIFIED"",""CERTIFIED"",""CERTIFIED"",""CERTIFIED"",""CERTIFIED""]","[null,null,null,null,null,null,null,null,null,null,null,null,null,null,null,null,null,null,null]",,/data1/Kane/ACT/audit_results/r93_rerun_20260525T083118Z/gpu_stream1_20260526T132419Z/metaroom_2023/per_instance_metaroom_2023_20260526T154149438455Z.json
gpu_full,53,CERTIFIED,UNSAT,CERTIFIED,CERTIFIED,67.895,,False,,PASSED,,./onnx/6cnn_tz_54_9_no_custom_OP.onnx,./vnnlib/spec_idx_189_eps_0.00001000.vnnlib,"[""UNSAT"",""UNSAT"",""UNSAT"",""UNSAT"",""UNSAT"",""UNSAT"",""UNSAT"",""UNSAT"",""UNSAT"",""UNSAT"",""UNSAT"",""UNSAT"",""UNSAT"",""UNSAT"",""UNSAT"",""UNSAT"",""UNSAT"",""UNSAT"",""UNSAT""]","[""CERTIFIED"",""CERTIFIED"",""CERTIFIED"",""CERTIFIED"",""CERTIFIED"",""CERTIFIED"",""CERTIFIED"",""CERTIFIED"",""CERTIFIED"",""CERTIFIED"",""CERTIFIED"",""CERTIFIED"",""CERTIFIED"",""CERTIFIED"",""CERTIFIED"",""CERTIFIED"",""CERTIFIED"",""CERTIFIED"",""CERTIFIED""]","[null,null,null,null,null,null,null,null,null,null,null,null,null,null,null,null,null,null,null]",,/data1/Kane/ACT/audit_results/r93_rerun_20260525T083118Z/gpu_stream1_20260526T132419Z/metaroom_2023/per_instance_metaroom_2023_20260526T154300700491Z.json
gpu_full,54,CERTIFIED,UNSAT,CERTIFIED,CERTIFIED,69.924,,False,,PASSED,,./onnx/6cnn_tz_113_18_no_custom_OP.onnx,./vnnlib/spec_idx_159_eps_0.00001000.vnnlib,"[""UNSAT"",""UNSAT"",""UNSAT"",""UNSAT"",""UNSAT"",""UNSAT"",""UNSAT"",""UNSAT"",""UNSAT"",""UNSAT"",""UNSAT"",""UNSAT"",""UNSAT"",""UNSAT"",""UNSAT"",""UNSAT"",""UNSAT"",""UNSAT"",""UNSAT""]","[""CERTIFIED"",""CERTIFIED"",""CERTIFIED"",""CERTIFIED"",""CERTIFIED"",""CERTIFIED"",""CERTIFIED"",""CERTIFIED"",""CERTIFIED"",""CERTIFIED"",""CERTIFIED"",""CERTIFIED"",""CERTIFIED"",""CERTIFIED"",""CERTIFIED"",""CERTIFIED"",""CERTIFIED"",""CERTIFIED"",""CERTIFIED""]","[null,null,null,null,null,null,null,null,null,null,null,null,null,null,null,null,null,null,null]",,/data1/Kane/ACT/audit_results/r93_rerun_20260525T083118Z/gpu_stream1_20260526T132419Z/metaroom_2023/per_instance_metaroom_2023_20260526T154414309870Z.json
gpu_full,55,CERTIFIED,UNSAT,CERTIFIED,CERTIFIED,5.571,,False,,PASSED,,./onnx/4cnn_ry_79_13_no_custom_OP.onnx,./vnnlib/spec_idx_38_eps_0.00000436.vnnlib,"[""UNSAT"",""UNSAT"",""UNSAT"",""UNSAT"",""UNSAT"",""UNSAT"",""UNSAT"",""UNSAT"",""UNSAT"",""UNSAT"",""UNSAT"",""UNSAT"",""UNSAT"",""UNSAT"",""UNSAT"",""UNSAT"",""UNSAT"",""UNSAT"",""UNSAT""]","[""CERTIFIED"",""CERTIFIED"",""CERTIFIED"",""CERTIFIED"",""CERTIFIED"",""CERTIFIED"",""CERTIFIED"",""CERTIFIED"",""CERTIFIED"",""CERTIFIED"",""CERTIFIED"",""CERTIFIED"",""CERTIFIED"",""CERTIFIED"",""CERTIFIED"",""CERTIFIED"",""CERTIFIED"",""CERTIFIED"",""CERTIFIED""]","[null,null,null,null,null,null,null,null,null,null,null,null,null,null,null,null,null,null,null]",,/data1/Kane/ACT/audit_results/r93_rerun_20260525T083118Z/gpu_stream1_20260526T132419Z/metaroom_2023/per_instance_metaroom_2023_20260526T154423480585Z.json
gpu_full,56,CERTIFIED,UNSAT,CERTIFIED,CERTIFIED,66.848,,False,,PASSED,,./onnx/6cnn_tz_22_3_no_custom_OP.onnx,./vnnlib/spec_idx_171_eps_0.00001000.vnnlib,"[""UNSAT"",""UNSAT"",""UNSAT"",""UNSAT"",""UNSAT"",""UNSAT"",""UNSAT"",""UNSAT"",""UNSAT"",""UNSAT"",""UNSAT"",""UNSAT"",""UNSAT"",""UNSAT"",""UNSAT"",""UNSAT"",""UNSAT"",""UNSAT"",""UNSAT""]","[""CERTIFIED"",""CERTIFIED"",""CERTIFIED"",""CERTIFIED"",""CERTIFIED"",""CERTIFIED"",""CERTIFIED"",""CERTIFIED"",""CERTIFIED"",""CERTIFIED"",""CERTIFIED"",""CERTIFIED"",""CERTIFIED"",""CERTIFIED"",""CERTIFIED"",""CERTIFIED"",""CERTIFIED"",""CERTIFIED"",""CERTIFIED""]","[null,null,null,null,null,null,null,null,null,null,null,null,null,null,null,null,null,null,null]",,/data1/Kane/ACT/audit_results/r93_rerun_20260525T083118Z/gpu_stream1_20260526T132419Z/metaroom_2023/per_instance_metaroom_2023_20260526T154533793253Z.json
gpu_full,57,CERTIFIED,UNSAT,CERTIFIED,CERTIFIED,5.468,,False,,PASSED,,./onnx/4cnn_ry_19_3_no_custom_OP.onnx,./vnnlib/spec_idx_5_eps_0.00000436.vnnlib,"[""UNSAT"",""UNSAT"",""UNSAT"",""UNSAT"",""UNSAT"",""UNSAT"",""UNSAT"",""UNSAT"",""UNSAT"",""UNSAT"",""UNSAT"",""UNSAT"",""UNSAT"",""UNSAT"",""UNSAT"",""UNSAT"",""UNSAT"",""UNSAT"",""UNSAT""]","[""CERTIFIED"",""CERTIFIED"",""CERTIFIED"",""CERTIFIED"",""CERTIFIED"",""CERTIFIED"",""CERTIFIED"",""CERTIFIED"",""CERTIFIED"",""CERTIFIED"",""CERTIFIED"",""CERTIFIED"",""CERTIFIED"",""CERTIFIED"",""CERTIFIED"",""CERTIFIED"",""CERTIFIED"",""CERTIFIED"",""CERTIFIED""]","[null,null,null,null,null,null,null,null,null,null,null,null,null,null,null,null,null,null,null]",,/data1/Kane/ACT/audit_results/r93_rerun_20260525T083118Z/gpu_stream1_20260526T132419Z/metaroom_2023/per_instance_metaroom_2023_20260526T154542931383Z.json
gpu_full,58,CERTIFIED,UNSAT,CERTIFIED,CERTIFIED,7.182,,False,,PASSED,,./onnx/4cnn_tz_94_15_no_custom_OP.onnx,./vnnlib/spec_idx_90_eps_0.00001000.vnnlib,"[""UNSAT"",""UNSAT"",""UNSAT"",""UNSAT"",""UNSAT"",""UNSAT"",""UNSAT"",""UNSAT"",""UNSAT"",""UNSAT"",""UNSAT"",""UNSAT"",""UNSAT"",""UNSAT"",""UNSAT"",""UNSAT"",""UNSAT"",""UNSAT"",""UNSAT""]","[""CERTIFIED"",""CERTIFIED"",""CERTIFIED"",""CERTIFIED"",""CERTIFIED"",""CERTIFIED"",""CERTIFIED"",""CERTIFIED"",""CERTIFIED"",""CERTIFIED"",""CERTIFIED"",""CERTIFIED"",""CERTIFIED"",""CERTIFIED"",""CERTIFIED"",""CERTIFIED"",""CERTIFIED"",""CERTIFIED"",""CERTIFIED""]","[null,null,null,null,null,null,null,null,null,null,null,null,null,null,null,null,null,null,null]",,/data1/Kane/ACT/audit_results/r93_rerun_20260525T083118Z/gpu_stream1_20260526T132419Z/metaroom_2023/per_instance_metaroom_2023_20260526T154553664153Z.json
gpu_full,59,CERTIFIED,UNSAT,CERTIFIED,CERTIFIED,71.306,,False,,PASSED,,./onnx/6cnn_tz_10_1_no_custom_OP.onnx,./vnnlib/spec_idx_158_eps_0.00001000.vnnlib,"[""UNSAT"",""UNSAT"",""UNSAT"",""UNSAT"",""UNSAT"",""UNSAT"",""UNSAT"",""UNSAT"",""UNSAT"",""UNSAT"",""UNSAT"",""UNSAT"",""UNSAT"",""UNSAT"",""UNSAT"",""UNSAT"",""UNSAT"",""UNSAT"",""UNSAT""]","[""CERTIFIED"",""CERTIFIED"",""CERTIFIED"",""CERTIFIED"",""CERTIFIED"",""CERTIFIED"",""CERTIFIED"",""CERTIFIED"",""CERTIFIED"",""CERTIFIED"",""CERTIFIED"",""CERTIFIED"",""CERTIFIED"",""CERTIFIED"",""CERTIFIED"",""CERTIFIED"",""CERTIFIED"",""CERTIFIED"",""CERTIFIED""]","[null,null,null,null,null,null,null,null,null,null,null,null,null,null,null,null,null,null,null]",,/data1/Kane/ACT/audit_results/r93_rerun_20260525T083118Z/gpu_stream1_20260526T132419Z/metaroom_2023/per_instance_metaroom_2023_20260526T154708328067Z.json
gpu_full,6,CERTIFIED,UNSAT,CERTIFIED,CERTIFIED,7.086,,False,,PASSED,,./onnx/4cnn_ry_65_10_no_custom_OP.onnx,./vnnlib/spec_idx_33_eps_0.00000436.vnnlib,"[""UNSAT"",""UNSAT"",""UNSAT"",""UNSAT"",""UNSAT"",""UNSAT"",""UNSAT"",""UNSAT"",""UNSAT"",""UNSAT"",""UNSAT"",""UNSAT"",""UNSAT"",""UNSAT"",""UNSAT"",""UNSAT"",""UNSAT"",""UNSAT"",""UNSAT""]","[""CERTIFIED"",""CERTIFIED"",""CERTIFIED"",""CERTIFIED"",""CERTIFIED"",""CERTIFIED"",""CERTIFIED"",""CERTIFIED"",""CERTIFIED"",""CERTIFIED"",""CERTIFIED"",""CERTIFIED"",""CERTIFIED"",""CERTIFIED"",""CERTIFIED"",""CERTIFIED"",""CERTIFIED"",""CERTIFIED"",""CERTIFIED""]","[null,null,null,null,null,null,null,null,null,null,null,null,null,null,null,null,null,null,null]",,/data1/Kane/ACT/audit_results/r93_rerun_20260525T083118Z/gpu_stream1_20260526T132419Z/metaroom_2023/per_instance_metaroom_2023_20260526T150150300160Z.json
gpu_full,60,CERTIFIED,UNSAT,CERTIFIED,CERTIFIED,67.649,,False,,PASSED,,./onnx/6cnn_ry_35_5_no_custom_OP.onnx,./vnnlib/spec_idx_115_eps_0.00000436.vnnlib,"[""UNSAT"",""UNSAT"",""UNSAT"",""UNSAT"",""UNSAT"",""UNSAT"",""UNSAT"",""UNSAT"",""UNSAT"",""UNSAT"",""UNSAT"",""UNSAT"",""UNSAT"",""UNSAT"",""UNSAT"",""UNSAT"",""UNSAT"",""UNSAT"",""UNSAT""]","[""CERTIFIED"",""CERTIFIED"",""CERTIFIED"",""CERTIFIED"",""CERTIFIED"",""CERTIFIED"",""CERTIFIED"",""CERTIFIED"",""CERTIFIED"",""CERTIFIED"",""CERTIFIED"",""CERTIFIED"",""CERTIFIED"",""CERTIFIED"",""CERTIFIED"",""CERTIFIED"",""CERTIFIED"",""CERTIFIED"",""CERTIFIED""]","[null,null,null,null,null,null,null,null,null,null,null,null,null,null,null,null,null,null,null]",,/data1/Kane/ACT/audit_results/r93_rerun_20260525T083118Z/gpu_stream1_20260526T132419Z/metaroom_2023/per_instance_metaroom_2023_20260526T154819701382Z.json
gpu_full,61,CERTIFIED,UNSAT,CERTIFIED,CERTIFIED,11.314,,False,,PASSED,,./onnx/4cnn_ry_58_9_no_custom_OP.onnx,./vnnlib/spec_idx_29_eps_0.00000436.vnnlib,"[""UNSAT"",""UNSAT"",""UNSAT"",""UNSAT"",""UNSAT"",""UNSAT"",""UNSAT"",""UNSAT"",""UNSAT"",""UNSAT"",""UNSAT"",""UNSAT"",""UNSAT"",""UNSAT"",""UNSAT"",""UNSAT"",""UNSAT"",""UNSAT"",""UNSAT""]","[""CERTIFIED"",""CERTIFIED"",""CERTIFIED"",""CERTIFIED"",""CERTIFIED"",""CERTIFIED"",""CERTIFIED"",""CERTIFIED"",""CERTIFIED"",""CERTIFIED"",""CERTIFIED"",""CERTIFIED"",""CERTIFIED"",""CERTIFIED"",""CERTIFIED"",""CERTIFIED"",""CERTIFIED"",""CERTIFIED"",""CERTIFIED""]","[null,null,null,null,null,null,null,null,null,null,null,null,null,null,null,null,null,null,null]",,/data1/Kane/ACT/audit_results/r93_rerun_20260525T083118Z/gpu_stream1_20260526T132419Z/metaroom_2023/per_instance_metaroom_2023_20260526T154834397641Z.json
gpu_full,62,CERTIFIED,UNSAT,CERTIFIED,CERTIFIED,4.479,,False,,PASSED,,./onnx/4cnn_tz_103_17_no_custom_OP.onnx,./vnnlib/spec_idx_47_eps_0.00001000.vnnlib,"[""UNSAT"",""UNSAT"",""UNSAT"",""UNSAT"",""UNSAT"",""UNSAT"",""UNSAT"",""UNSAT"",""UNSAT"",""UNSAT"",""UNSAT"",""UNSAT"",""UNSAT"",""UNSAT"",""UNSAT"",""UNSAT"",""UNSAT"",""UNSAT"",""UNSAT""]","[""CERTIFIED"",""CERTIFIED"",""CERTIFIED"",""CERTIFIED"",""CERTIFIED"",""CERTIFIED"",""CERTIFIED"",""CERTIFIED"",""CERTIFIED"",""CERTIFIED"",""CERTIFIED"",""CERTIFIED"",""CERTIFIED"",""CERTIFIED"",""CERTIFIED"",""CERTIFIED"",""CERTIFIED"",""CERTIFIED"",""CERTIFIED""]","[null,null,null,null,null,null,null,null,null,null,null,null,null,null,null,null,null,null,null]",,/data1/Kane/ACT/audit_results/r93_rerun_20260525T083118Z/gpu_stream1_20260526T132419Z/metaroom_2023/per_instance_metaroom_2023_20260526T154842612600Z.json
gpu_full,63,CERTIFIED,UNSAT,CERTIFIED,CERTIFIED,68.791,,False,,PASSED,,./onnx/6cnn_tz_78_13_no_custom_OP.onnx,./vnnlib/spec_idx_204_eps_0.00001000.vnnlib,"[""UNSAT"",""UNSAT"",""UNSAT"",""UNSAT"",""UNSAT"",""UNSAT"",""UNSAT"",""UNSAT"",""UNSAT"",""UNSAT"",""UNSAT"",""UNSAT"",""UNSAT"",""UNSAT"",""UNSAT"",""UNSAT"",""UNSAT"",""UNSAT"",""UNSAT""]","[""CERTIFIED"",""CERTIFIED"",""CERTIFIED"",""CERTIFIED"",""CERTIFIED"",""CERTIFIED"",""CERTIFIED"",""CERTIFIED"",""CERTIFIED"",""CERTIFIED"",""CERTIFIED"",""CERTIFIED"",""CERTIFIED"",""CERTIFIED"",""CERTIFIED"",""CERTIFIED"",""CERTIFIED"",""CERTIFIED"",""CERTIFIED""]","[null,null,null,null,null,null,null,null,null,null,null,null,null,null,null,null,null,null,null]",,/data1/Kane/ACT/audit_results/r93_rerun_20260525T083118Z/gpu_stream1_20260526T132419Z/metaroom_2023/per_instance_metaroom_2023_20260526T154954954380Z.json
gpu_full,64,CERTIFIED,UNSAT,CERTIFIED,CERTIFIED,66.999,,False,,PASSED,,./onnx/6cnn_tz_6_1_no_custom_OP.onnx,./vnnlib/spec_idx_200_eps_0.00001000.vnnlib,"[""UNSAT"",""UNSAT"",""UNSAT"",""UNSAT"",""UNSAT"",""UNSAT"",""UNSAT"",""UNSAT"",""UNSAT"",""UNSAT"",""UNSAT"",""UNSAT"",""UNSAT"",""UNSAT"",""UNSAT"",""UNSAT"",""UNSAT"",""UNSAT"",""UNSAT""]","[""CERTIFIED"",""CERTIFIED"",""CERTIFIED"",""CERTIFIED"",""CERTIFIED"",""CERTIFIED"",""CERTIFIED"",""CERTIFIED"",""CERTIFIED"",""CERTIFIED"",""CERTIFIED"",""CERTIFIED"",""CERTIFIED"",""CERTIFIED"",""CERTIFIED"",""CERTIFIED"",""CERTIFIED"",""CERTIFIED"",""CERTIFIED""]","[null,null,null,null,null,null,null,null,null,null,null,null,null,null,null,null,null,null,null]",,/data1/Kane/ACT/audit_results/r93_rerun_20260525T083118Z/gpu_stream1_20260526T132419Z/metaroom_2023/per_instance_metaroom_2023_20260526T155105674500Z.json
gpu_full,65,CERTIFIED,UNSAT,CERTIFIED,CERTIFIED,69.072,,False,,PASSED,,./onnx/6cnn_tz_3_0_no_custom_OP.onnx,./vnnlib/spec_idx_181_eps_0.00001000.vnnlib,"[""UNSAT"",""UNSAT"",""UNSAT"",""UNSAT"",""UNSAT"",""UNSAT"",""UNSAT"",""UNSAT"",""UNSAT"",""UNSAT"",""UNSAT"",""UNSAT"",""UNSAT"",""UNSAT"",""UNSAT"",""UNSAT"",""UNSAT"",""UNSAT"",""UNSAT""]","[""CERTIFIED"",""CERTIFIED"",""CERTIFIED"",""CERTIFIED"",""CERTIFIED"",""CERTIFIED"",""CERTIFIED"",""CERTIFIED"",""CERTIFIED"",""CERTIFIED"",""CERTIFIED"",""CERTIFIED"",""CERTIFIED"",""CERTIFIED"",""CERTIFIED"",""CERTIFIED"",""CERTIFIED"",""CERTIFIED"",""CERTIFIED""]","[null,null,null,null,null,null,null,null,null,null,null,null,null,null,null,null,null,null,null]",,/data1/Kane/ACT/audit_results/r93_rerun_20260525T083118Z/gpu_stream1_20260526T132419Z/metaroom_2023/per_instance_metaroom_2023_20260526T155218340748Z.json
gpu_full,66,CERTIFIED,UNSAT,CERTIFIED,CERTIFIED,65.695,,False,,PASSED,,./onnx/6cnn_ry_4_0_no_custom_OP.onnx,./vnnlib/spec_idx_125_eps_0.00000436.vnnlib,"[""UNSAT"",""UNSAT"",""UNSAT"",""UNSAT"",""UNSAT"",""UNSAT"",""UNSAT"",""UNSAT"",""UNSAT"",""UNSAT"",""UNSAT"",""UNSAT"",""UNSAT"",""UNSAT"",""UNSAT"",""UNSAT"",""UNSAT"",""UNSAT"",""UNSAT""]","[""CERTIFIED"",""CERTIFIED"",""CERTIFIED"",""CERTIFIED"",""CERTIFIED"",""CERTIFIED"",""CERTIFIED"",""CERTIFIED"",""CERTIFIED"",""CERTIFIED"",""CERTIFIED"",""CERTIFIED"",""CERTIFIED"",""CERTIFIED"",""CERTIFIED"",""CERTIFIED"",""CERTIFIED"",""CERTIFIED"",""CERTIFIED""]","[null,null,null,null,null,null,null,null,null,null,null,null,null,null,null,null,null,null,null]",,/data1/Kane/ACT/audit_results/r93_rerun_20260525T083118Z/gpu_stream1_20260526T132419Z/metaroom_2023/per_instance_metaroom_2023_20260526T155328005328Z.json
gpu_full,67,CERTIFIED,UNSAT,CERTIFIED,CERTIFIED,67.622,,False,,PASSED,,./onnx/6cnn_ry_95_15_no_custom_OP.onnx,./vnnlib/spec_idx_150_eps_0.00000436.vnnlib,"[""UNSAT"",""UNSAT"",""UNSAT"",""UNSAT"",""UNSAT"",""UNSAT"",""UNSAT"",""UNSAT"",""UNSAT"",""UNSAT"",""UNSAT"",""UNSAT"",""UNSAT"",""UNSAT"",""UNSAT"",""UNSAT"",""UNSAT"",""UNSAT"",""UNSAT""]","[""CERTIFIED"",""CERTIFIED"",""CERTIFIED"",""CERTIFIED"",""CERTIFIED"",""CERTIFIED"",""CERTIFIED"",""CERTIFIED"",""CERTIFIED"",""CERTIFIED"",""CERTIFIED"",""CERTIFIED"",""CERTIFIED"",""CERTIFIED"",""CERTIFIED"",""CERTIFIED"",""CERTIFIED"",""CERTIFIED"",""CERTIFIED""]","[null,null,null,null,null,null,null,null,null,null,null,null,null,null,null,null,null,null,null]",,/data1/Kane/ACT/audit_results/r93_rerun_20260525T083118Z/gpu_stream1_20260526T132419Z/metaroom_2023/per_instance_metaroom_2023_20260526T155439430631Z.json
gpu_full,68,CERTIFIED,UNSAT,CERTIFIED,CERTIFIED,64.814,,False,,PASSED,,./onnx/6cnn_tz_37_6_no_custom_OP.onnx,./vnnlib/spec_idx_178_eps_0.00001000.vnnlib,"[""UNSAT"",""UNSAT"",""UNSAT"",""UNSAT"",""UNSAT"",""UNSAT"",""UNSAT"",""UNSAT"",""UNSAT"",""UNSAT"",""UNSAT"",""UNSAT"",""UNSAT"",""UNSAT"",""UNSAT"",""UNSAT"",""UNSAT"",""UNSAT"",""UNSAT""]","[""CERTIFIED"",""CERTIFIED"",""CERTIFIED"",""CERTIFIED"",""CERTIFIED"",""CERTIFIED"",""CERTIFIED"",""CERTIFIED"",""CERTIFIED"",""CERTIFIED"",""CERTIFIED"",""CERTIFIED"",""CERTIFIED"",""CERTIFIED"",""CERTIFIED"",""CERTIFIED"",""CERTIFIED"",""CERTIFIED"",""CERTIFIED""]","[null,null,null,null,null,null,null,null,null,null,null,null,null,null,null,null,null,null,null]",,/data1/Kane/ACT/audit_results/r93_rerun_20260525T083118Z/gpu_stream1_20260526T132419Z/metaroom_2023/per_instance_metaroom_2023_20260526T155547716909Z.json
gpu_full,69,CERTIFIED,UNSAT,CERTIFIED,CERTIFIED,5.338,,False,,PASSED,,./onnx/4cnn_ry_71_11_no_custom_OP.onnx,./vnnlib/spec_idx_37_eps_0.00000436.vnnlib,"[""UNSAT"",""UNSAT"",""UNSAT"",""UNSAT"",""UNSAT"",""UNSAT"",""UNSAT"",""UNSAT"",""UNSAT"",""UNSAT"",""UNSAT"",""UNSAT"",""UNSAT"",""UNSAT"",""UNSAT"",""UNSAT"",""UNSAT"",""UNSAT"",""UNSAT""]","[""CERTIFIED"",""CERTIFIED"",""CERTIFIED"",""CERTIFIED"",""CERTIFIED"",""CERTIFIED"",""CERTIFIED"",""CERTIFIED"",""CERTIFIED"",""CERTIFIED"",""CERTIFIED"",""CERTIFIED"",""CERTIFIED"",""CERTIFIED"",""CERTIFIED"",""CERTIFIED"",""CERTIFIED"",""CERTIFIED"",""CERTIFIED""]","[null,null,null,null,null,null,null,null,null,null,null,null,null,null,null,null,null,null,null]",,/data1/Kane/ACT/audit_results/r93_rerun_20260525T083118Z/gpu_stream1_20260526T132419Z/metaroom_2023/per_instance_metaroom_2023_20260526T155556739531Z.json
gpu_full,7,CERTIFIED,UNSAT,CERTIFIED,CERTIFIED,6.593,,False,,PASSED,,./onnx/4cnn_tz_8_1_no_custom_OP.onnx,./vnnlib/spec_idx_88_eps_0.00001000.vnnlib,"[""UNSAT"",""UNSAT"",""UNSAT"",""UNSAT"",""UNSAT"",""UNSAT"",""UNSAT"",""UNSAT"",""UNSAT"",""UNSAT"",""UNSAT"",""UNSAT"",""UNSAT"",""UNSAT"",""UNSAT"",""UNSAT"",""UNSAT"",""UNSAT"",""UNSAT""]","[""CERTIFIED"",""CERTIFIED"",""CERTIFIED"",""CERTIFIED"",""CERTIFIED"",""CERTIFIED"",""CERTIFIED"",""CERTIFIED"",""CERTIFIED"",""CERTIFIED"",""CERTIFIED"",""CERTIFIED"",""CERTIFIED"",""CERTIFIED"",""CERTIFIED"",""CERTIFIED"",""CERTIFIED"",""CERTIFIED"",""CERTIFIED""]","[null,null,null,null,null,null,null,null,null,null,null,null,null,null,null,null,null,null,null]",,/data1/Kane/ACT/audit_results/r93_rerun_20260525T083118Z/gpu_stream1_20260526T132419Z/metaroom_2023/per_instance_metaroom_2023_20260526T150201531220Z.json
gpu_full,70,CERTIFIED,UNSAT,CERTIFIED,CERTIFIED,72.413,,False,,PASSED,,./onnx/6cnn_ry_114_19_no_custom_OP.onnx,./vnnlib/spec_idx_100_eps_0.00000436.vnnlib,"[""UNSAT"",""UNSAT"",""UNSAT"",""UNSAT"",""UNSAT"",""UNSAT"",""UNSAT"",""UNSAT"",""UNSAT"",""UNSAT"",""UNSAT"",""UNSAT"",""UNSAT"",""UNSAT"",""UNSAT"",""UNSAT"",""UNSAT"",""UNSAT"",""UNSAT""]","[""CERTIFIED"",""CERTIFIED"",""CERTIFIED"",""CERTIFIED"",""CERTIFIED"",""CERTIFIED"",""CERTIFIED"",""CERTIFIED"",""CERTIFIED"",""CERTIFIED"",""CERTIFIED"",""CERTIFIED"",""CERTIFIED"",""CERTIFIED"",""CERTIFIED"",""CERTIFIED"",""CERTIFIED"",""CERTIFIED"",""CERTIFIED""]","[null,null,null,null,null,null,null,null,null,null,null,null,null,null,null,null,null,null,null]",,/data1/Kane/ACT/audit_results/r93_rerun_20260525T083118Z/gpu_stream1_20260526T132419Z/metaroom_2023/per_instance_metaroom_2023_20260526T155712917107Z.json
gpu_full,71,CERTIFIED,UNSAT,CERTIFIED,CERTIFIED,9.615,,False,,PASSED,,./onnx/4cnn_ry_70_11_no_custom_OP.onnx,./vnnlib/spec_idx_36_eps_0.00000436.vnnlib,"[""UNSAT"",""UNSAT"",""UNSAT"",""UNSAT"",""UNSAT"",""UNSAT"",""UNSAT"",""UNSAT"",""UNSAT"",""UNSAT"",""UNSAT"",""UNSAT"",""UNSAT"",""UNSAT"",""UNSAT"",""UNSAT"",""UNSAT"",""UNSAT"",""UNSAT""]","[""CERTIFIED"",""CERTIFIED"",""CERTIFIED"",""CERTIFIED"",""CERTIFIED"",""CERTIFIED"",""CERTIFIED"",""CERTIFIED"",""CERTIFIED"",""CERTIFIED"",""CERTIFIED"",""CERTIFIED"",""CERTIFIED"",""CERTIFIED"",""CERTIFIED"",""CERTIFIED"",""CERTIFIED"",""CERTIFIED"",""CERTIFIED""]","[null,null,null,null,null,null,null,null,null,null,null,null,null,null,null,null,null,null,null]",,/data1/Kane/ACT/audit_results/r93_rerun_20260525T083118Z/gpu_stream1_20260526T132419Z/metaroom_2023/per_instance_metaroom_2023_20260526T155725922031Z.json
gpu_full,72,CERTIFIED,UNSAT,CERTIFIED,CERTIFIED,4.214,,False,,PASSED,,./onnx/4cnn_tz_20_3_no_custom_OP.onnx,./vnnlib/spec_idx_53_eps_0.00001000.vnnlib,"[""UNSAT"",""UNSAT"",""UNSAT"",""UNSAT"",""UNSAT"",""UNSAT"",""UNSAT"",""UNSAT"",""UNSAT"",""UNSAT"",""UNSAT"",""UNSAT"",""UNSAT"",""UNSAT"",""UNSAT"",""UNSAT"",""UNSAT"",""UNSAT"",""UNSAT""]","[""CERTIFIED"",""CERTIFIED"",""CERTIFIED"",""CERTIFIED"",""CERTIFIED"",""CERTIFIED"",""CERTIFIED"",""CERTIFIED"",""CERTIFIED"",""CERTIFIED"",""CERTIFIED"",""CERTIFIED"",""CERTIFIED"",""CERTIFIED"",""CERTIFIED"",""CERTIFIED"",""CERTIFIED"",""CERTIFIED"",""CERTIFIED""]","[null,null,null,null,null,null,null,null,null,null,null,null,null,null,null,null,null,null,null]",,/data1/Kane/ACT/audit_results/r93_rerun_20260525T083118Z/gpu_stream1_20260526T132419Z/metaroom_2023/per_instance_metaroom_2023_20260526T155733554333Z.json
gpu_full,73,CERTIFIED,UNSAT,CERTIFIED,CERTIFIED,10.729,,False,,PASSED,,./onnx/4cnn_ry_52_8_no_custom_OP.onnx,./vnnlib/spec_idx_25_eps_0.00000436.vnnlib,"[""UNSAT"",""UNSAT"",""UNSAT"",""UNSAT"",""UNSAT"",""UNSAT"",""UNSAT"",""UNSAT"",""UNSAT"",""UNSAT"",""UNSAT"",""UNSAT"",""UNSAT"",""UNSAT"",""UNSAT"",""UNSAT"",""UNSAT"",""UNSAT"",""UNSAT""]","[""CERTIFIED"",""CERTIFIED"",""CERTIFIED"",""CERTIFIED"",""CERTIFIED"",""CERTIFIED"",""CERTIFIED"",""CERTIFIED"",""CERTIFIED"",""CERTIFIED"",""CERTIFIED"",""CERTIFIED"",""CERTIFIED"",""CERTIFIED"",""CERTIFIED"",""CERTIFIED"",""CERTIFIED"",""CERTIFIED"",""CERTIFIED""]","[null,null,null,null,null,null,null,null,null,null,null,null,null,null,null,null,null,null,null]",,/data1/Kane/ACT/audit_results/r93_rerun_20260525T083118Z/gpu_stream1_20260526T132419Z/metaroom_2023/per_instance_metaroom_2023_20260526T155747566384Z.json
gpu_full,74,CERTIFIED,UNSAT,CERTIFIED,CERTIFIED,66.72,,False,,PASSED,,./onnx/6cnn_tz_4_0_no_custom_OP.onnx,./vnnlib/spec_idx_186_eps_0.00001000.vnnlib,"[""UNSAT"",""UNSAT"",""UNSAT"",""UNSAT"",""UNSAT"",""UNSAT"",""UNSAT"",""UNSAT"",""UNSAT"",""UNSAT"",""UNSAT"",""UNSAT"",""UNSAT"",""UNSAT"",""UNSAT"",""UNSAT"",""UNSAT"",""UNSAT"",""UNSAT""]","[""CERTIFIED"",""CERTIFIED"",""CERTIFIED"",""CERTIFIED"",""CERTIFIED"",""CERTIFIED"",""CERTIFIED"",""CERTIFIED"",""CERTIFIED"",""CERTIFIED"",""CERTIFIED"",""CERTIFIED"",""CERTIFIED"",""CERTIFIED"",""CERTIFIED"",""CERTIFIED"",""CERTIFIED"",""CERTIFIED"",""CERTIFIED""]","[null,null,null,null,null,null,null,null,null,null,null,null,null,null,null,null,null,null,null]",,/data1/Kane/ACT/audit_results/r93_rerun_20260525T083118Z/gpu_stream1_20260526T132419Z/metaroom_2023/per_instance_metaroom_2023_20260526T155857460848Z.json
gpu_full,75,CERTIFIED,UNSAT,CERTIFIED,CERTIFIED,68.245,,False,,PASSED,,./onnx/6cnn_ry_91_15_no_custom_OP.onnx,./vnnlib/spec_idx_146_eps_0.00000436.vnnlib,"[""UNSAT"",""UNSAT"",""UNSAT"",""UNSAT"",""UNSAT"",""UNSAT"",""UNSAT"",""UNSAT"",""UNSAT"",""UNSAT"",""UNSAT"",""UNSAT"",""UNSAT"",""UNSAT"",""UNSAT"",""UNSAT"",""UNSAT"",""UNSAT"",""UNSAT""]","[""CERTIFIED"",""CERTIFIED"",""CERTIFIED"",""CERTIFIED"",""CERTIFIED"",""CERTIFIED"",""CERTIFIED"",""CERTIFIED"",""CERTIFIED"",""CERTIFIED"",""CERTIFIED"",""CERTIFIED"",""CERTIFIED"",""CERTIFIED"",""CERTIFIED"",""CERTIFIED"",""CERTIFIED"",""CERTIFIED"",""CERTIFIED""]","[null,null,null,null,null,null,null,null,null,null,null,null,null,null,null,null,null,null,null]",,/data1/Kane/ACT/audit_results/r93_rerun_20260525T083118Z/gpu_stream1_20260526T132419Z/metaroom_2023/per_instance_metaroom_2023_20260526T160009210020Z.json
gpu_full,76,CERTIFIED,UNSAT,CERTIFIED,CERTIFIED,4.712,,False,,PASSED,,./onnx/4cnn_tz_4_0_no_custom_OP.onnx,./vnnlib/spec_idx_71_eps_0.00001000.vnnlib,"[""UNSAT"",""UNSAT"",""UNSAT"",""UNSAT"",""UNSAT"",""UNSAT"",""UNSAT"",""UNSAT"",""UNSAT"",""UNSAT"",""UNSAT"",""UNSAT"",""UNSAT"",""UNSAT"",""UNSAT"",""UNSAT"",""UNSAT"",""UNSAT"",""UNSAT""]","[""CERTIFIED"",""CERTIFIED"",""CERTIFIED"",""CERTIFIED"",""CERTIFIED"",""CERTIFIED"",""CERTIFIED"",""CERTIFIED"",""CERTIFIED"",""CERTIFIED"",""CERTIFIED"",""CERTIFIED"",""CERTIFIED"",""CERTIFIED"",""CERTIFIED"",""CERTIFIED"",""CERTIFIED"",""CERTIFIED"",""CERTIFIED""]","[null,null,null,null,null,null,null,null,null,null,null,null,null,null,null,null,null,null,null]",,/data1/Kane/ACT/audit_results/r93_rerun_20260525T083118Z/gpu_stream1_20260526T132419Z/metaroom_2023/per_instance_metaroom_2023_20260526T160017860307Z.json
gpu_full,77,CERTIFIED,UNSAT,CERTIFIED,CERTIFIED,4.69,,False,,PASSED,,./onnx/4cnn_tz_47_7_no_custom_OP.onnx,./vnnlib/spec_idx_69_eps_0.00001000.vnnlib,"[""UNSAT"",""UNSAT"",""UNSAT"",""UNSAT"",""UNSAT"",""UNSAT"",""UNSAT"",""UNSAT"",""UNSAT"",""UNSAT"",""UNSAT"",""UNSAT"",""UNSAT"",""UNSAT"",""UNSAT"",""UNSAT"",""UNSAT"",""UNSAT"",""UNSAT""]","[""CERTIFIED"",""CERTIFIED"",""CERTIFIED"",""CERTIFIED"",""CERTIFIED"",""CERTIFIED"",""CERTIFIED"",""CERTIFIED"",""CERTIFIED"",""CERTIFIED"",""CERTIFIED"",""CERTIFIED"",""CERTIFIED"",""CERTIFIED"",""CERTIFIED"",""CERTIFIED"",""CERTIFIED"",""CERTIFIED"",""CERTIFIED""]","[null,null,null,null,null,null,null,null,null,null,null,null,null,null,null,null,null,null,null]",,/data1/Kane/ACT/audit_results/r93_rerun_20260525T083118Z/gpu_stream1_20260526T132419Z/metaroom_2023/per_instance_metaroom_2023_20260526T160026227515Z.json
gpu_full,78,UNKNOWN,UNKNOWN,UNKNOWN,UNKNOWN,63.508,,False,,PASSED,,./onnx/4cnn_ry_57_9_no_custom_OP.onnx,./vnnlib/spec_idx_28_eps_0.00000436.vnnlib,"[""UNSAT"",""UNSAT"",""UNSAT"",""UNSAT"",""UNKNOWN"",""UNSAT"",""UNSAT"",""UNSAT"",""UNSAT"",""UNSAT"",""UNSAT"",""UNSAT"",""UNSAT"",""UNSAT"",""UNSAT"",""UNSAT"",""UNSAT"",""UNSAT"",""UNSAT""]","[""CERTIFIED"",""CERTIFIED"",""CERTIFIED"",""CERTIFIED"",""UNKNOWN"",""CERTIFIED"",""CERTIFIED"",""CERTIFIED"",""CERTIFIED"",""CERTIFIED"",""CERTIFIED"",""CERTIFIED"",""CERTIFIED"",""CERTIFIED"",""CERTIFIED"",""CERTIFIED"",""CERTIFIED"",""CERTIFIED"",""CERTIFIED""]","[null,null,null,null,null,null,null,null,null,null,null,null,null,null,null,null,null,null,null]",,/data1/Kane/ACT/audit_results/r93_rerun_20260525T083118Z/gpu_stream1_20260526T132419Z/metaroom_2023/per_instance_metaroom_2023_20260526T160133068256Z.json
gpu_full,79,CERTIFIED,UNSAT,CERTIFIED,CERTIFIED,85.428,,False,,PASSED,,./onnx/6cnn_ry_67_11_no_custom_OP.onnx,./vnnlib/spec_idx_135_eps_0.00000436.vnnlib,"[""UNSAT"",""UNSAT"",""UNSAT"",""UNSAT"",""UNSAT"",""UNSAT"",""UNSAT"",""UNSAT"",""UNSAT"",""UNSAT"",""UNSAT"",""UNSAT"",""UNSAT"",""UNSAT"",""UNSAT"",""UNSAT"",""UNSAT"",""UNSAT"",""UNSAT""]","[""CERTIFIED"",""CERTIFIED"",""CERTIFIED"",""CERTIFIED"",""CERTIFIED"",""CERTIFIED"",""CERTIFIED"",""CERTIFIED"",""CERTIFIED"",""CERTIFIED"",""CERTIFIED"",""CERTIFIED"",""CERTIFIED"",""CERTIFIED"",""CERTIFIED"",""CERTIFIED"",""CERTIFIED"",""CERTIFIED"",""CERTIFIED""]","[null,null,null,null,null,null,null,null,null,null,null,null,null,null,null,null,null,null,null]",,/data1/Kane/ACT/audit_results/r93_rerun_20260525T083118Z/gpu_stream1_20260526T132419Z/metaroom_2023/per_instance_metaroom_2023_20260526T160302212117Z.json
gpu_full,8,CERTIFIED,UNSAT,CERTIFIED,CERTIFIED,76.324,,False,,PASSED,,./onnx/6cnn_ry_38_6_no_custom_OP.onnx,./vnnlib/spec_idx_118_eps_0.00000436.vnnlib,"[""UNSAT"",""UNSAT"",""UNSAT"",""UNSAT"",""UNSAT"",""UNSAT"",""UNSAT"",""UNSAT"",""UNSAT"",""UNSAT"",""UNSAT"",""UNSAT"",""UNSAT"",""UNSAT"",""UNSAT"",""UNSAT"",""UNSAT"",""UNSAT"",""UNSAT""]","[""CERTIFIED"",""CERTIFIED"",""CERTIFIED"",""CERTIFIED"",""CERTIFIED"",""CERTIFIED"",""CERTIFIED"",""CERTIFIED"",""CERTIFIED"",""CERTIFIED"",""CERTIFIED"",""CERTIFIED"",""CERTIFIED"",""CERTIFIED"",""CERTIFIED"",""CERTIFIED"",""CERTIFIED"",""CERTIFIED"",""CERTIFIED""]","[null,null,null,null,null,null,null,null,null,null,null,null,null,null,null,null,null,null,null]",,/data1/Kane/ACT/audit_results/r93_rerun_20260525T083118Z/gpu_stream1_20260526T132419Z/metaroom_2023/per_instance_metaroom_2023_20260526T150322184903Z.json
gpu_full,80,CERTIFIED,UNSAT,CERTIFIED,CERTIFIED,4.703,,False,,PASSED,,./onnx/4cnn_tz_34_5_no_custom_OP.onnx,./vnnlib/spec_idx_59_eps_0.00001000.vnnlib,"[""UNSAT"",""UNSAT"",""UNSAT"",""UNSAT"",""UNSAT"",""UNSAT"",""UNSAT"",""UNSAT"",""UNSAT"",""UNSAT"",""UNSAT"",""UNSAT"",""UNSAT"",""UNSAT"",""UNSAT"",""UNSAT"",""UNSAT"",""UNSAT"",""UNSAT""]","[""CERTIFIED"",""CERTIFIED"",""CERTIFIED"",""CERTIFIED"",""CERTIFIED"",""CERTIFIED"",""CERTIFIED"",""CERTIFIED"",""CERTIFIED"",""CERTIFIED"",""CERTIFIED"",""CERTIFIED"",""CERTIFIED"",""CERTIFIED"",""CERTIFIED"",""CERTIFIED"",""CERTIFIED"",""CERTIFIED"",""CERTIFIED""]","[null,null,null,null,null,null,null,null,null,null,null,null,null,null,null,null,null,null,null]",,/data1/Kane/ACT/audit_results/r93_rerun_20260525T083118Z/gpu_stream1_20260526T132419Z/metaroom_2023/per_instance_metaroom_2023_20260526T160310341134Z.json
gpu_full,81,CERTIFIED,UNSAT,CERTIFIED,CERTIFIED,5.012,,False,,PASSED,,./onnx/4cnn_tz_41_6_no_custom_OP.onnx,./vnnlib/spec_idx_66_eps_0.00001000.vnnlib,"[""UNSAT"",""UNSAT"",""UNSAT"",""UNSAT"",""UNSAT"",""UNSAT"",""UNSAT"",""UNSAT"",""UNSAT"",""UNSAT"",""UNSAT"",""UNSAT"",""UNSAT"",""UNSAT"",""UNSAT"",""UNSAT"",""UNSAT"",""UNSAT"",""UNSAT""]","[""CERTIFIED"",""CERTIFIED"",""CERTIFIED"",""CERTIFIED"",""CERTIFIED"",""CERTIFIED"",""CERTIFIED"",""CERTIFIED"",""CERTIFIED"",""CERTIFIED"",""CERTIFIED"",""CERTIFIED"",""CERTIFIED"",""CERTIFIED"",""CERTIFIED"",""CERTIFIED"",""CERTIFIED"",""CERTIFIED"",""CERTIFIED""]","[null,null,null,null,null,null,null,null,null,null,null,null,null,null,null,null,null,null,null]",,/data1/Kane/ACT/audit_results/r93_rerun_20260525T083118Z/gpu_stream1_20260526T132419Z/metaroom_2023/per_instance_metaroom_2023_20260526T160318667964Z.json
gpu_full,82,CERTIFIED,UNSAT,CERTIFIED,CERTIFIED,10.223,,False,,PASSED,,./onnx/4cnn_tz_99_16_no_custom_OP.onnx,./vnnlib/spec_idx_91_eps_0.00001000.vnnlib,"[""UNSAT"",""UNSAT"",""UNSAT"",""UNSAT"",""UNSAT"",""UNSAT"",""UNSAT"",""UNSAT"",""UNSAT"",""UNSAT"",""UNSAT"",""UNSAT"",""UNSAT"",""UNSAT"",""UNSAT"",""UNSAT"",""UNSAT"",""UNSAT"",""UNSAT""]","[""CERTIFIED"",""CERTIFIED"",""CERTIFIED"",""CERTIFIED"",""CERTIFIED"",""CERTIFIED"",""CERTIFIED"",""CERTIFIED"",""CERTIFIED"",""CERTIFIED"",""CERTIFIED"",""CERTIFIED"",""CERTIFIED"",""CERTIFIED"",""CERTIFIED"",""CERTIFIED"",""CERTIFIED"",""CERTIFIED"",""CERTIFIED""]","[null,null,null,null,null,null,null,null,null,null,null,null,null,null,null,null,null,null,null]",,/data1/Kane/ACT/audit_results/r93_rerun_20260525T083118Z/gpu_stream1_20260526T132419Z/metaroom_2023/per_instance_metaroom_2023_20260526T160332407459Z.json
gpu_full,83,CERTIFIED,UNSAT,CERTIFIED,CERTIFIED,67.452,,False,,PASSED,,./onnx/6cnn_ry_12_2_no_custom_OP.onnx,./vnnlib/spec_idx_105_eps_0.00000436.vnnlib,"[""UNSAT"",""UNSAT"",""UNSAT"",""UNSAT"",""UNSAT"",""UNSAT"",""UNSAT"",""UNSAT"",""UNSAT"",""UNSAT"",""UNSAT"",""UNSAT"",""UNSAT"",""UNSAT"",""UNSAT"",""UNSAT"",""UNSAT"",""UNSAT"",""UNSAT""]","[""CERTIFIED"",""CERTIFIED"",""CERTIFIED"",""CERTIFIED"",""CERTIFIED"",""CERTIFIED"",""CERTIFIED"",""CERTIFIED"",""CERTIFIED"",""CERTIFIED"",""CERTIFIED"",""CERTIFIED"",""CERTIFIED"",""CERTIFIED"",""CERTIFIED"",""CERTIFIED"",""CERTIFIED"",""CERTIFIED"",""CERTIFIED""]","[null,null,null,null,null,null,null,null,null,null,null,null,null,null,null,null,null,null,null]",,/data1/Kane/ACT/audit_results/r93_rerun_20260525T083118Z/gpu_stream1_20260526T132419Z/metaroom_2023/per_instance_metaroom_2023_20260526T160443614452Z.json
gpu_full,84,CERTIFIED,UNSAT,CERTIFIED,CERTIFIED,67.554,,False,,PASSED,,./onnx/6cnn_tz_93_15_no_custom_OP.onnx,./vnnlib/spec_idx_208_eps_0.00001000.vnnlib,"[""UNSAT"",""UNSAT"",""UNSAT"",""UNSAT"",""UNSAT"",""UNSAT"",""UNSAT"",""UNSAT"",""UNSAT"",""UNSAT"",""UNSAT"",""UNSAT"",""UNSAT"",""UNSAT"",""UNSAT"",""UNSAT"",""UNSAT"",""UNSAT"",""UNSAT""]","[""CERTIFIED"",""CERTIFIED"",""CERTIFIED"",""CERTIFIED"",""CERTIFIED"",""CERTIFIED"",""CERTIFIED"",""CERTIFIED"",""CERTIFIED"",""CERTIFIED"",""CERTIFIED"",""CERTIFIED"",""CERTIFIED"",""CERTIFIED"",""CERTIFIED"",""CERTIFIED"",""CERTIFIED"",""CERTIFIED"",""CERTIFIED""]","[null,null,null,null,null,null,null,null,null,null,null,null,null,null,null,null,null,null,null]",,/data1/Kane/ACT/audit_results/r93_rerun_20260525T083118Z/gpu_stream1_20260526T132419Z/metaroom_2023/per_instance_metaroom_2023_20260526T160554777124Z.json
gpu_full,85,CERTIFIED,UNSAT,CERTIFIED,CERTIFIED,6.712,,False,,PASSED,,./onnx/4cnn_tz_44_7_no_custom_OP.onnx,./vnnlib/spec_idx_68_eps_0.00001000.vnnlib,"[""UNSAT"",""UNSAT"",""UNSAT"",""UNSAT"",""UNSAT"",""UNSAT"",""UNSAT"",""UNSAT"",""UNSAT"",""UNSAT"",""UNSAT"",""UNSAT"",""UNSAT"",""UNSAT"",""UNSAT"",""UNSAT"",""UNSAT"",""UNSAT"",""UNSAT""]","[""CERTIFIED"",""CERTIFIED"",""CERTIFIED"",""CERTIFIED"",""CERTIFIED"",""CERTIFIED"",""CERTIFIED"",""CERTIFIED"",""CERTIFIED"",""CERTIFIED"",""CERTIFIED"",""CERTIFIED"",""CERTIFIED"",""CERTIFIED"",""CERTIFIED"",""CERTIFIED"",""CERTIFIED"",""CERTIFIED"",""CERTIFIED""]","[null,null,null,null,null,null,null,null,null,null,null,null,null,null,null,null,null,null,null]",,/data1/Kane/ACT/audit_results/r93_rerun_20260525T083118Z/gpu_stream1_20260526T132419Z/metaroom_2023/per_instance_metaroom_2023_20260526T160604929749Z.json
gpu_full,86,CERTIFIED,UNSAT,CERTIFIED,CERTIFIED,69.611,,False,,PASSED,,./onnx/6cnn_tz_79_13_no_custom_OP.onnx,./vnnlib/spec_idx_205_eps_0.00001000.vnnlib,"[""UNSAT"",""UNSAT"",""UNSAT"",""UNSAT"",""UNSAT"",""UNSAT"",""UNSAT"",""UNSAT"",""UNSAT"",""UNSAT"",""UNSAT"",""UNSAT"",""UNSAT"",""UNSAT"",""UNSAT"",""UNSAT"",""UNSAT"",""UNSAT"",""UNSAT""]","[""CERTIFIED"",""CERTIFIED"",""CERTIFIED"",""CERTIFIED"",""CERTIFIED"",""CERTIFIED"",""CERTIFIED"",""CERTIFIED"",""CERTIFIED"",""CERTIFIED"",""CERTIFIED"",""CERTIFIED"",""CERTIFIED"",""CERTIFIED"",""CERTIFIED"",""CERTIFIED"",""CERTIFIED"",""CERTIFIED"",""CERTIFIED""]","[null,null,null,null,null,null,null,null,null,null,null,null,null,null,null,null,null,null,null]",,/data1/Kane/ACT/audit_results/r93_rerun_20260525T083118Z/gpu_stream1_20260526T132419Z/metaroom_2023/per_instance_metaroom_2023_20260526T160717867925Z.json
gpu_full,87,CERTIFIED,UNSAT,CERTIFIED,CERTIFIED,71.477,,False,,PASSED,,./onnx/6cnn_ry_6_1_no_custom_OP.onnx,./vnnlib/spec_idx_137_eps_0.00000436.vnnlib,"[""UNSAT"",""UNSAT"",""UNSAT"",""UNSAT"",""UNSAT"",""UNSAT"",""UNSAT"",""UNSAT"",""UNSAT"",""UNSAT"",""UNSAT"",""UNSAT"",""UNSAT"",""UNSAT"",""UNSAT"",""UNSAT"",""UNSAT"",""UNSAT"",""UNSAT""]","[""CERTIFIED"",""CERTIFIED"",""CERTIFIED"",""CERTIFIED"",""CERTIFIED"",""CERTIFIED"",""CERTIFIED"",""CERTIFIED"",""CERTIFIED"",""CERTIFIED"",""CERTIFIED"",""CERTIFIED"",""CERTIFIED"",""CERTIFIED"",""CERTIFIED"",""CERTIFIED"",""CERTIFIED"",""CERTIFIED"",""CERTIFIED""]","[null,null,null,null,null,null,null,null,null,null,null,null,null,null,null,null,null,null,null]",,/data1/Kane/ACT/audit_results/r93_rerun_20260525T083118Z/gpu_stream1_20260526T132419Z/metaroom_2023/per_instance_metaroom_2023_20260526T160832751041Z.json
gpu_full,88,CERTIFIED,UNSAT,CERTIFIED,CERTIFIED,72.8,,False,,PASSED,,./onnx/6cnn_ry_52_8_no_custom_OP.onnx,./vnnlib/spec_idx_126_eps_0.00000436.vnnlib,"[""UNSAT"",""UNSAT"",""UNSAT"",""UNSAT"",""UNSAT"",""UNSAT"",""UNSAT"",""UNSAT"",""UNSAT"",""UNSAT"",""UNSAT"",""UNSAT"",""UNSAT"",""UNSAT"",""UNSAT"",""UNSAT"",""UNSAT"",""UNSAT"",""UNSAT""]","[""CERTIFIED"",""CERTIFIED"",""CERTIFIED"",""CERTIFIED"",""CERTIFIED"",""CERTIFIED"",""CERTIFIED"",""CERTIFIED"",""CERTIFIED"",""CERTIFIED"",""CERTIFIED"",""CERTIFIED"",""CERTIFIED"",""CERTIFIED"",""CERTIFIED"",""CERTIFIED"",""CERTIFIED"",""CERTIFIED"",""CERTIFIED""]","[null,null,null,null,null,null,null,null,null,null,null,null,null,null,null,null,null,null,null]",,/data1/Kane/ACT/audit_results/r93_rerun_20260525T083118Z/gpu_stream1_20260526T132419Z/metaroom_2023/per_instance_metaroom_2023_20260526T160949121347Z.json
gpu_full,89,CERTIFIED,UNSAT,CERTIFIED,CERTIFIED,4.7,,False,,PASSED,,./onnx/4cnn_tz_82_13_no_custom_OP.onnx,./vnnlib/spec_idx_87_eps_0.00001000.vnnlib,"[""UNSAT"",""UNSAT"",""UNSAT"",""UNSAT"",""UNSAT"",""UNSAT"",""UNSAT"",""UNSAT"",""UNSAT"",""UNSAT"",""UNSAT"",""UNSAT"",""UNSAT"",""UNSAT"",""UNSAT"",""UNSAT"",""UNSAT"",""UNSAT"",""UNSAT""]","[""CERTIFIED"",""CERTIFIED"",""CERTIFIED"",""CERTIFIED"",""CERTIFIED"",""CERTIFIED"",""CERTIFIED"",""CERTIFIED"",""CERTIFIED"",""CERTIFIED"",""CERTIFIED"",""CERTIFIED"",""CERTIFIED"",""CERTIFIED"",""CERTIFIED"",""CERTIFIED"",""CERTIFIED"",""CERTIFIED"",""CERTIFIED""]","[null,null,null,null,null,null,null,null,null,null,null,null,null,null,null,null,null,null,null]",,/data1/Kane/ACT/audit_results/r93_rerun_20260525T083118Z/gpu_stream1_20260526T132419Z/metaroom_2023/per_instance_metaroom_2023_20260526T160957798977Z.json
gpu_full,9,CERTIFIED,UNSAT,CERTIFIED,CERTIFIED,73.169,,False,,PASSED,,./onnx/6cnn_ry_49_8_no_custom_OP.onnx,./vnnlib/spec_idx_124_eps_0.00000436.vnnlib,"[""UNSAT"",""UNSAT"",""UNSAT"",""UNSAT"",""UNSAT"",""UNSAT"",""UNSAT"",""UNSAT"",""UNSAT"",""UNSAT"",""UNSAT"",""UNSAT"",""UNSAT"",""UNSAT"",""UNSAT"",""UNSAT"",""UNSAT"",""UNSAT"",""UNSAT""]","[""CERTIFIED"",""CERTIFIED"",""CERTIFIED"",""CERTIFIED"",""CERTIFIED"",""CERTIFIED"",""CERTIFIED"",""CERTIFIED"",""CERTIFIED"",""CERTIFIED"",""CERTIFIED"",""CERTIFIED"",""CERTIFIED"",""CERTIFIED"",""CERTIFIED"",""CERTIFIED"",""CERTIFIED"",""CERTIFIED"",""CERTIFIED""]","[null,null,null,null,null,null,null,null,null,null,null,null,null,null,null,null,null,null,null]",,/data1/Kane/ACT/audit_results/r93_rerun_20260525T083118Z/gpu_stream1_20260526T132419Z/metaroom_2023/per_instance_metaroom_2023_20260526T150439660153Z.json
gpu_full,90,CERTIFIED,UNSAT,CERTIFIED,CERTIFIED,74.085,,False,,PASSED,,./onnx/6cnn_ry_28_4_no_custom_OP.onnx,./vnnlib/spec_idx_113_eps_0.00000436.vnnlib,"[""UNSAT"",""UNSAT"",""UNSAT"",""UNSAT"",""UNSAT"",""UNSAT"",""UNSAT"",""UNSAT"",""UNSAT"",""UNSAT"",""UNSAT"",""UNSAT"",""UNSAT"",""UNSAT"",""UNSAT"",""UNSAT"",""UNSAT"",""UNSAT"",""UNSAT""]","[""CERTIFIED"",""CERTIFIED"",""CERTIFIED"",""CERTIFIED"",""CERTIFIED"",""CERTIFIED"",""CERTIFIED"",""CERTIFIED"",""CERTIFIED"",""CERTIFIED"",""CERTIFIED"",""CERTIFIED"",""CERTIFIED"",""CERTIFIED"",""CERTIFIED"",""CERTIFIED"",""CERTIFIED"",""CERTIFIED"",""CERTIFIED""]","[null,null,null,null,null,null,null,null,null,null,null,null,null,null,null,null,null,null,null]",,/data1/Kane/ACT/audit_results/r93_rerun_20260525T083118Z/gpu_stream1_20260526T132419Z/metaroom_2023/per_instance_metaroom_2023_20260526T161115508395Z.json
gpu_full,91,CERTIFIED,UNSAT,CERTIFIED,CERTIFIED,79.019,,False,,PASSED,,./onnx/6cnn_tz_28_4_no_custom_OP.onnx,./vnnlib/spec_idx_173_eps_0.00001000.vnnlib,"[""UNSAT"",""UNSAT"",""UNSAT"",""UNSAT"",""UNSAT"",""UNSAT"",""UNSAT"",""UNSAT"",""UNSAT"",""UNSAT"",""UNSAT"",""UNSAT"",""UNSAT"",""UNSAT"",""UNSAT"",""UNSAT"",""UNSAT"",""UNSAT"",""UNSAT""]","[""CERTIFIED"",""CERTIFIED"",""CERTIFIED"",""CERTIFIED"",""CERTIFIED"",""CERTIFIED"",""CERTIFIED"",""CERTIFIED"",""CERTIFIED"",""CERTIFIED"",""CERTIFIED"",""CERTIFIED"",""CERTIFIED"",""CERTIFIED"",""CERTIFIED"",""CERTIFIED"",""CERTIFIED"",""CERTIFIED"",""CERTIFIED""]","[null,null,null,null,null,null,null,null,null,null,null,null,null,null,null,null,null,null,null]",,/data1/Kane/ACT/audit_results/r93_rerun_20260525T083118Z/gpu_stream1_20260526T132419Z/metaroom_2023/per_instance_metaroom_2023_20260526T161238744753Z.json
gpu_full,92,CERTIFIED,UNSAT,CERTIFIED,CERTIFIED,78.455,,False,,PASSED,,./onnx/6cnn_tz_104_17_no_custom_OP.onnx,./vnnlib/spec_idx_155_eps_0.00001000.vnnlib,"[""UNSAT"",""UNSAT"",""UNSAT"",""UNSAT"",""UNSAT"",""UNSAT"",""UNSAT"",""UNSAT"",""UNSAT"",""UNSAT"",""UNSAT"",""UNSAT"",""UNSAT"",""UNSAT"",""UNSAT"",""UNSAT"",""UNSAT"",""UNSAT"",""UNSAT""]","[""CERTIFIED"",""CERTIFIED"",""CERTIFIED"",""CERTIFIED"",""CERTIFIED"",""CERTIFIED"",""CERTIFIED"",""CERTIFIED"",""CERTIFIED"",""CERTIFIED"",""CERTIFIED"",""CERTIFIED"",""CERTIFIED"",""CERTIFIED"",""CERTIFIED"",""CERTIFIED"",""CERTIFIED"",""CERTIFIED"",""CERTIFIED""]","[null,null,null,null,null,null,null,null,null,null,null,null,null,null,null,null,null,null,null]",,/data1/Kane/ACT/audit_results/r93_rerun_20260525T083118Z/gpu_stream1_20260526T132419Z/metaroom_2023/per_instance_metaroom_2023_20260526T161401232877Z.json
gpu_full,93,CERTIFIED,UNSAT,CERTIFIED,CERTIFIED,73.749,,False,,PASSED,,./onnx/6cnn_tz_18_3_no_custom_OP.onnx,./vnnlib/spec_idx_166_eps_0.00001000.vnnlib,"[""UNSAT"",""UNSAT"",""UNSAT"",""UNSAT"",""UNSAT"",""UNSAT"",""UNSAT"",""UNSAT"",""UNSAT"",""UNSAT"",""UNSAT"",""UNSAT"",""UNSAT"",""UNSAT"",""UNSAT"",""UNSAT"",""UNSAT"",""UNSAT"",""UNSAT""]","[""CERTIFIED"",""CERTIFIED"",""CERTIFIED"",""CERTIFIED"",""CERTIFIED"",""CERTIFIED"",""CERTIFIED"",""CERTIFIED"",""CERTIFIED"",""CERTIFIED"",""CERTIFIED"",""CERTIFIED"",""CERTIFIED"",""CERTIFIED"",""CERTIFIED"",""CERTIFIED"",""CERTIFIED"",""CERTIFIED"",""CERTIFIED""]","[null,null,null,null,null,null,null,null,null,null,null,null,null,null,null,null,null,null,null]",,/data1/Kane/ACT/audit_results/r93_rerun_20260525T083118Z/gpu_stream1_20260526T132419Z/metaroom_2023/per_instance_metaroom_2023_20260526T161519463609Z.json
gpu_full,94,CERTIFIED,UNSAT,CERTIFIED,CERTIFIED,68.856,,False,,PASSED,,./onnx/6cnn_ry_36_6_no_custom_OP.onnx,./vnnlib/spec_idx_116_eps_0.00000436.vnnlib,"[""UNSAT"",""UNSAT"",""UNSAT"",""UNSAT"",""UNSAT"",""UNSAT"",""UNSAT"",""UNSAT"",""UNSAT"",""UNSAT"",""UNSAT"",""UNSAT"",""UNSAT"",""UNSAT"",""UNSAT"",""UNSAT"",""UNSAT"",""UNSAT"",""UNSAT""]","[""CERTIFIED"",""CERTIFIED"",""CERTIFIED"",""CERTIFIED"",""CERTIFIED"",""CERTIFIED"",""CERTIFIED"",""CERTIFIED"",""CERTIFIED"",""CERTIFIED"",""CERTIFIED"",""CERTIFIED"",""CERTIFIED"",""CERTIFIED"",""CERTIFIED"",""CERTIFIED"",""CERTIFIED"",""CERTIFIED"",""CERTIFIED""]","[null,null,null,null,null,null,null,null,null,null,null,null,null,null,null,null,null,null,null]",,/data1/Kane/ACT/audit_results/r93_rerun_20260525T083118Z/gpu_stream1_20260526T132419Z/metaroom_2023/per_instance_metaroom_2023_20260526T161631990676Z.json
gpu_full,95,UNKNOWN,UNKNOWN,UNKNOWN,UNKNOWN,94.174,,False,,PASSED,,./onnx/6cnn_ry_117_19_no_custom_OP.onnx,./vnnlib/spec_idx_101_eps_0.00000436.vnnlib,"[""UNKNOWN"",""UNKNOWN"",""UNKNOWN"",""UNKNOWN"",""UNKNOWN"",""UNKNOWN""]","[""UNKNOWN"",""UNKNOWN"",""UNKNOWN"",""UNKNOWN"",""UNKNOWN"",""UNKNOWN""]","[null,null,null,null,null,null]",,/data1/Kane/ACT/audit_results/r93_rerun_20260525T083118Z/gpu_stream1_20260526T132419Z/metaroom_2023/per_instance_metaroom_2023_20260526T161809878481Z.json
gpu_full,96,CERTIFIED,UNSAT,CERTIFIED,CERTIFIED,72.355,,False,,PASSED,,./onnx/6cnn_ry_92_15_no_custom_OP.onnx,./vnnlib/spec_idx_147_eps_0.00000436.vnnlib,"[""UNSAT"",""UNSAT"",""UNSAT"",""UNSAT"",""UNSAT"",""UNSAT"",""UNSAT"",""UNSAT"",""UNSAT"",""UNSAT"",""UNSAT"",""UNSAT"",""UNSAT"",""UNSAT"",""UNSAT"",""UNSAT"",""UNSAT"",""UNSAT"",""UNSAT""]","[""CERTIFIED"",""CERTIFIED"",""CERTIFIED"",""CERTIFIED"",""CERTIFIED"",""CERTIFIED"",""CERTIFIED"",""CERTIFIED"",""CERTIFIED"",""CERTIFIED"",""CERTIFIED"",""CERTIFIED"",""CERTIFIED"",""CERTIFIED"",""CERTIFIED"",""CERTIFIED"",""CERTIFIED"",""CERTIFIED"",""CERTIFIED""]","[null,null,null,null,null,null,null,null,null,null,null,null,null,null,null,null,null,null,null]",,/data1/Kane/ACT/audit_results/r93_rerun_20260525T083118Z/gpu_stream1_20260526T132419Z/metaroom_2023/per_instance_metaroom_2023_20260526T161925625313Z.json
gpu_full,97,UNKNOWN,UNKNOWN,UNKNOWN,UNKNOWN,95.06,,False,,PASSED,,./onnx/6cnn_ry_39_6_no_custom_OP.onnx,./vnnlib/spec_idx_119_eps_0.00000436.vnnlib,"[""UNKNOWN"",""UNKNOWN""]","[""UNKNOWN"",""UNKNOWN""]","[null,null]",,/data1/Kane/ACT/audit_results/r93_rerun_20260525T083118Z/gpu_stream1_20260526T132419Z/metaroom_2023/per_instance_metaroom_2023_20260526T162104333432Z.json
gpu_full,98,CERTIFIED,UNSAT,CERTIFIED,CERTIFIED,4.892,,False,,PASSED,,./onnx/4cnn_tz_39_6_no_custom_OP.onnx,./vnnlib/spec_idx_63_eps_0.00001000.vnnlib,"[""UNSAT"",""UNSAT"",""UNSAT"",""UNSAT"",""UNSAT"",""UNSAT"",""UNSAT"",""UNSAT"",""UNSAT"",""UNSAT"",""UNSAT"",""UNSAT"",""UNSAT"",""UNSAT"",""UNSAT"",""UNSAT"",""UNSAT"",""UNSAT"",""UNSAT""]","[""CERTIFIED"",""CERTIFIED"",""CERTIFIED"",""CERTIFIED"",""CERTIFIED"",""CERTIFIED"",""CERTIFIED"",""CERTIFIED"",""CERTIFIED"",""CERTIFIED"",""CERTIFIED"",""CERTIFIED"",""CERTIFIED"",""CERTIFIED"",""CERTIFIED"",""CERTIFIED"",""CERTIFIED"",""CERTIFIED"",""CERTIFIED""]","[null,null,null,null,null,null,null,null,null,null,null,null,null,null,null,null,null,null,null]",,/data1/Kane/ACT/audit_results/r93_rerun_20260525T083118Z/gpu_stream1_20260526T132419Z/metaroom_2023/per_instance_metaroom_2023_20260526T162112793498Z.json
gpu_full,99,CERTIFIED,UNSAT,CERTIFIED,CERTIFIED,67.153,,False,,PASSED,,./onnx/6cnn_tz_23_3_no_custom_OP.onnx,./vnnlib/spec_idx_172_eps_0.00001000.vnnlib,"[""UNSAT"",""UNSAT"",""UNSAT"",""UNSAT"",""UNSAT"",""UNSAT"",""UNSAT"",""UNSAT"",""UNSAT"",""UNSAT"",""UNSAT"",""UNSAT"",""UNSAT"",""UNSAT"",""UNSAT"",""UNSAT"",""UNSAT"",""UNSAT"",""UNSAT""]","[""CERTIFIED"",""CERTIFIED"",""CERTIFIED"",""CERTIFIED"",""CERTIFIED"",""CERTIFIED"",""CERTIFIED"",""CERTIFIED"",""CERTIFIED"",""CERTIFIED"",""CERTIFIED"",""CERTIFIED"",""CERTIFIED"",""CERTIFIED"",""CERTIFIED"",""CERTIFIED"",""CERTIFIED"",""CERTIFIED"",""CERTIFIED""]","[null,null,null,null,null,null,null,null,null,null,null,null,null,null,null,null,null,null,null]",,/data1/Kane/ACT/audit_results/r93_rerun_20260525T083118Z/gpu_stream1_20260526T132419Z/metaroom_2023/per_instance_metaroom_2023_20260526T162223548579Z.json
oom_rerun,30,CERTIFIED,UNSAT,CERTIFIED,CERTIFIED,69.682,,False,,PASSED,,./onnx/6cnn_tz_49_8_no_custom_OP.onnx,./vnnlib/spec_idx_185_eps_0.00001000.vnnlib,"[""UNSAT"",""UNSAT"",""UNSAT"",""UNSAT"",""UNSAT"",""UNSAT"",""UNSAT"",""UNSAT"",""UNSAT"",""UNSAT"",""UNSAT"",""UNSAT"",""UNSAT"",""UNSAT"",""UNSAT"",""UNSAT"",""UNSAT"",""UNSAT"",""UNSAT""]","[""CERTIFIED"",""CERTIFIED"",""CERTIFIED"",""CERTIFIED"",""CERTIFIED"",""CERTIFIED"",""CERTIFIED"",""CERTIFIED"",""CERTIFIED"",""CERTIFIED"",""CERTIFIED"",""CERTIFIED"",""CERTIFIED"",""CERTIFIED"",""CERTIFIED"",""CERTIFIED"",""CERTIFIED"",""CERTIFIED"",""CERTIFIED""]","[null,null,null,null,null,null,null,null,null,null,null,null,null,null,null,null,null,null,null]",,/data1/Kane/ACT/audit_results/r93_rerun_20260525T083118Z/oom_rerun_20260527T012601Z/metaroom_2023/per_instance_metaroom_2023_20260527T013225743565Z.json
oom_rerun,33,CERTIFIED,UNSAT,CERTIFIED,CERTIFIED,66.662,,False,,PASSED,,./onnx/6cnn_tz_103_17_no_custom_OP.onnx,./vnnlib/spec_idx_154_eps_0.00001000.vnnlib,"[""UNSAT"",""UNSAT"",""UNSAT"",""UNSAT"",""UNSAT"",""UNSAT"",""UNSAT"",""UNSAT"",""UNSAT"",""UNSAT"",""UNSAT"",""UNSAT"",""UNSAT"",""UNSAT"",""UNSAT"",""UNSAT"",""UNSAT"",""UNSAT"",""UNSAT""]","[""CERTIFIED"",""CERTIFIED"",""CERTIFIED"",""CERTIFIED"",""CERTIFIED"",""CERTIFIED"",""CERTIFIED"",""CERTIFIED"",""CERTIFIED"",""CERTIFIED"",""CERTIFIED"",""CERTIFIED"",""CERTIFIED"",""CERTIFIED"",""CERTIFIED"",""CERTIFIED"",""CERTIFIED"",""CERTIFIED"",""CERTIFIED""]","[null,null,null,null,null,null,null,null,null,null,null,null,null,null,null,null,null,null,null]",,/data1/Kane/ACT/audit_results/r93_rerun_20260525T083118Z/oom_rerun_20260527T012601Z/metaroom_2023/per_instance_metaroom_2023_20260527T013336425499Z.json
