[ACT] Auto-detecting project root: ../ACT
[ACT] Gurobi license found: ../ACT/modules/gurobi/gurobi.lic
{
  "benchmark": "tinyimagenet_2024",
  "instance_id": 100,
  "status": "OK",
  "cli_normalized": "OK",
  "wall_s": 15.00695084396284,
  "peak_rss_mb": 2488.5078125,
  "returncode": 0,
  "per_instance_json": "/data1/Kane/ACT/audit_results/full_vnncomp_20260530T092003Z/tinyimagenet_2024_w1/per_instance_tinyimagenet_2024_20260530T120146828945Z.json",
  "out_dir": "/data1/Kane/ACT/audit_results/full_vnncomp_20260530T092003Z/tinyimagenet_2024_w1",
  "stdout_tail": "st 1)\nWARNING:act.back_end.solver.solver_hz:L9 FALLBACK (RuntimeError): CUDA error: insufficient resources when calling `cusparseSpGEMM_workEstimation( handle, opA, opB, &alpha, matA, matB, &beta, matC, computeType, CUSPARSE_SPGEMM_DEFAULT, spgemmDesc, &bufferSize1, dBuffer1)`\nWARNING:act.back_end.solver.solver_hz:L12 FALLBACK (AttributeError): 'SparseGcZ' object has no attribute 'Gc'\nWARNING:act.back_end.solver.solver_hz:L25 FALLBACK (AttributeError): 'SparseGcZ' object has no attribute 'Gc'\n[ACT] Using existing Gurobi license: ../ACT/modules/gurobi/gurobi.lic\n\u2705 Device Manager Initialized: device=cuda:0, dtype=torch.float64\n\n================================================================================\nACT: Abstract Constraint Transformer\nInference-based whitebox fuzzing for neural network verification\n================================================================================\n\n\n================================================================================\nVERIFICATION TEST: VNNLIB \u2192 VerifiableModel \u2192 verify_once\n================================================================================\n\n[vnnlib] category=tinyimagenet_2024 max_instances=1 mode=hybridz (full TOP1_ROBUST via labeled_tensor collapse; device=cuda, timeout=180.0s)\n  [  1/1] tinyimagenet_2024/onnx/TinyImageNet_resnet_medium.onnx@vnnlib/TinyImageNet_resnet_medium_prop_idx_4686_sidx_8792_eps_0.0039.vnnlib: UNKNOWN (11.0s)  V=0 A=0 U=1 E=0  R=0\n\n[vnnlib/hybridz] FINAL \u2014 total=1 wall=0.2 min\n  UNKNOWN      1\n  [structured] per-instance log \u2192 /data1/Kane/ACT/audit_results/full_vnncomp_20260530T092003Z/tinyimagenet_2024_w1/per_instance_tinyimagenet_2024_20260530T120146828945Z.json\n\n================================================================================\nVERIFICATION TEST SUMMARY\n================================================================================\n  \u2705 vnnlib                    PASSED\n================================================================================\n\n"
}
{
  "benchmark": "tinyimagenet_2024",
  "instance_id": 101,
  "status": "OK",
  "cli_normalized": "OK",
  "wall_s": 15.006504453951493,
  "peak_rss_mb": 2504.6328125,
  "returncode": 0,
  "per_instance_json": "/data1/Kane/ACT/audit_results/full_vnncomp_20260530T092003Z/tinyimagenet_2024_w1/per_instance_tinyimagenet_2024_20260530T120201742596Z.json",
  "out_dir": "/data1/Kane/ACT/audit_results/full_vnncomp_20260530T092003Z/tinyimagenet_2024_w1",
  "stdout_tail": "st 1)\nWARNING:act.back_end.solver.solver_hz:L9 FALLBACK (RuntimeError): CUDA error: insufficient resources when calling `cusparseSpGEMM_workEstimation( handle, opA, opB, &alpha, matA, matB, &beta, matC, computeType, CUSPARSE_SPGEMM_DEFAULT, spgemmDesc, &bufferSize1, dBuffer1)`\nWARNING:act.back_end.solver.solver_hz:L12 FALLBACK (AttributeError): 'SparseGcZ' object has no attribute 'Gc'\nWARNING:act.back_end.solver.solver_hz:L25 FALLBACK (AttributeError): 'SparseGcZ' object has no attribute 'Gc'\n[ACT] Using existing Gurobi license: ../ACT/modules/gurobi/gurobi.lic\n\u2705 Device Manager Initialized: device=cuda:0, dtype=torch.float64\n\n================================================================================\nACT: Abstract Constraint Transformer\nInference-based whitebox fuzzing for neural network verification\n================================================================================\n\n\n================================================================================\nVERIFICATION TEST: VNNLIB \u2192 VerifiableModel \u2192 verify_once\n================================================================================\n\n[vnnlib] category=tinyimagenet_2024 max_instances=1 mode=hybridz (full TOP1_ROBUST via labeled_tensor collapse; device=cuda, timeout=180.0s)\n  [  1/1] tinyimagenet_2024/onnx/TinyImageNet_resnet_medium.onnx@vnnlib/TinyImageNet_resnet_medium_prop_idx_4869_sidx_6523_eps_0.0039.vnnlib: UNKNOWN (11.3s)  V=0 A=0 U=1 E=0  R=0\n\n[vnnlib/hybridz] FINAL \u2014 total=1 wall=0.2 min\n  UNKNOWN      1\n  [structured] per-instance log \u2192 /data1/Kane/ACT/audit_results/full_vnncomp_20260530T092003Z/tinyimagenet_2024_w1/per_instance_tinyimagenet_2024_20260530T120201742596Z.json\n\n================================================================================\nVERIFICATION TEST SUMMARY\n================================================================================\n  \u2705 vnnlib                    PASSED\n================================================================================\n\n"
}
{
  "benchmark": "tinyimagenet_2024",
  "instance_id": 102,
  "status": "OK",
  "cli_normalized": "OK",
  "wall_s": 15.007493498036638,
  "peak_rss_mb": 2506.5078125,
  "returncode": 0,
  "per_instance_json": "/data1/Kane/ACT/audit_results/full_vnncomp_20260530T092003Z/tinyimagenet_2024_w1/per_instance_tinyimagenet_2024_20260530T120216629016Z.json",
  "out_dir": "/data1/Kane/ACT/audit_results/full_vnncomp_20260530T092003Z/tinyimagenet_2024_w1",
  "stdout_tail": "st 1)\nWARNING:act.back_end.solver.solver_hz:L9 FALLBACK (RuntimeError): CUDA error: insufficient resources when calling `cusparseSpGEMM_workEstimation( handle, opA, opB, &alpha, matA, matB, &beta, matC, computeType, CUSPARSE_SPGEMM_DEFAULT, spgemmDesc, &bufferSize1, dBuffer1)`\nWARNING:act.back_end.solver.solver_hz:L12 FALLBACK (AttributeError): 'SparseGcZ' object has no attribute 'Gc'\nWARNING:act.back_end.solver.solver_hz:L25 FALLBACK (AttributeError): 'SparseGcZ' object has no attribute 'Gc'\n[ACT] Using existing Gurobi license: ../ACT/modules/gurobi/gurobi.lic\n\u2705 Device Manager Initialized: device=cuda:0, dtype=torch.float64\n\n================================================================================\nACT: Abstract Constraint Transformer\nInference-based whitebox fuzzing for neural network verification\n================================================================================\n\n\n================================================================================\nVERIFICATION TEST: VNNLIB \u2192 VerifiableModel \u2192 verify_once\n================================================================================\n\n[vnnlib] category=tinyimagenet_2024 max_instances=1 mode=hybridz (full TOP1_ROBUST via labeled_tensor collapse; device=cuda, timeout=180.0s)\n  [  1/1] tinyimagenet_2024/onnx/TinyImageNet_resnet_medium.onnx@vnnlib/TinyImageNet_resnet_medium_prop_idx_8651_sidx_6574_eps_0.0039.vnnlib: UNKNOWN (11.1s)  V=0 A=0 U=1 E=0  R=0\n\n[vnnlib/hybridz] FINAL \u2014 total=1 wall=0.2 min\n  UNKNOWN      1\n  [structured] per-instance log \u2192 /data1/Kane/ACT/audit_results/full_vnncomp_20260530T092003Z/tinyimagenet_2024_w1/per_instance_tinyimagenet_2024_20260530T120216629016Z.json\n\n================================================================================\nVERIFICATION TEST SUMMARY\n================================================================================\n  \u2705 vnnlib                    PASSED\n================================================================================\n\n"
}
{
  "benchmark": "tinyimagenet_2024",
  "instance_id": 103,
  "status": "OK",
  "cli_normalized": "OK",
  "wall_s": 14.506956501980312,
  "peak_rss_mb": 2493.49609375,
  "returncode": 0,
  "per_instance_json": "/data1/Kane/ACT/audit_results/full_vnncomp_20260530T092003Z/tinyimagenet_2024_w1/per_instance_tinyimagenet_2024_20260530T120231002539Z.json",
  "out_dir": "/data1/Kane/ACT/audit_results/full_vnncomp_20260530T092003Z/tinyimagenet_2024_w1",
  "stdout_tail": "st 1)\nWARNING:act.back_end.solver.solver_hz:L9 FALLBACK (RuntimeError): CUDA error: insufficient resources when calling `cusparseSpGEMM_workEstimation( handle, opA, opB, &alpha, matA, matB, &beta, matC, computeType, CUSPARSE_SPGEMM_DEFAULT, spgemmDesc, &bufferSize1, dBuffer1)`\nWARNING:act.back_end.solver.solver_hz:L12 FALLBACK (AttributeError): 'SparseGcZ' object has no attribute 'Gc'\nWARNING:act.back_end.solver.solver_hz:L25 FALLBACK (AttributeError): 'SparseGcZ' object has no attribute 'Gc'\n[ACT] Using existing Gurobi license: ../ACT/modules/gurobi/gurobi.lic\n\u2705 Device Manager Initialized: device=cuda:0, dtype=torch.float64\n\n================================================================================\nACT: Abstract Constraint Transformer\nInference-based whitebox fuzzing for neural network verification\n================================================================================\n\n\n================================================================================\nVERIFICATION TEST: VNNLIB \u2192 VerifiableModel \u2192 verify_once\n================================================================================\n\n[vnnlib] category=tinyimagenet_2024 max_instances=1 mode=hybridz (full TOP1_ROBUST via labeled_tensor collapse; device=cuda, timeout=180.0s)\n  [  1/1] tinyimagenet_2024/onnx/TinyImageNet_resnet_medium.onnx@vnnlib/TinyImageNet_resnet_medium_prop_idx_4225_sidx_3038_eps_0.0039.vnnlib: UNKNOWN (10.1s)  V=0 A=0 U=1 E=0  R=0\n\n[vnnlib/hybridz] FINAL \u2014 total=1 wall=0.2 min\n  UNKNOWN      1\n  [structured] per-instance log \u2192 /data1/Kane/ACT/audit_results/full_vnncomp_20260530T092003Z/tinyimagenet_2024_w1/per_instance_tinyimagenet_2024_20260530T120231002539Z.json\n\n================================================================================\nVERIFICATION TEST SUMMARY\n================================================================================\n  \u2705 vnnlib                    PASSED\n================================================================================\n\n"
}
{
  "benchmark": "tinyimagenet_2024",
  "instance_id": 104,
  "status": "OK",
  "cli_normalized": "OK",
  "wall_s": 15.006689429981634,
  "peak_rss_mb": 2488.22265625,
  "returncode": 0,
  "per_instance_json": "/data1/Kane/ACT/audit_results/full_vnncomp_20260530T092003Z/tinyimagenet_2024_w1/per_instance_tinyimagenet_2024_20260530T120246258417Z.json",
  "out_dir": "/data1/Kane/ACT/audit_results/full_vnncomp_20260530T092003Z/tinyimagenet_2024_w1",
  "stdout_tail": "st 1)\nWARNING:act.back_end.solver.solver_hz:L9 FALLBACK (RuntimeError): CUDA error: insufficient resources when calling `cusparseSpGEMM_workEstimation( handle, opA, opB, &alpha, matA, matB, &beta, matC, computeType, CUSPARSE_SPGEMM_DEFAULT, spgemmDesc, &bufferSize1, dBuffer1)`\nWARNING:act.back_end.solver.solver_hz:L12 FALLBACK (AttributeError): 'SparseGcZ' object has no attribute 'Gc'\nWARNING:act.back_end.solver.solver_hz:L25 FALLBACK (AttributeError): 'SparseGcZ' object has no attribute 'Gc'\n[ACT] Using existing Gurobi license: ../ACT/modules/gurobi/gurobi.lic\n\u2705 Device Manager Initialized: device=cuda:0, dtype=torch.float64\n\n================================================================================\nACT: Abstract Constraint Transformer\nInference-based whitebox fuzzing for neural network verification\n================================================================================\n\n\n================================================================================\nVERIFICATION TEST: VNNLIB \u2192 VerifiableModel \u2192 verify_once\n================================================================================\n\n[vnnlib] category=tinyimagenet_2024 max_instances=1 mode=hybridz (full TOP1_ROBUST via labeled_tensor collapse; device=cuda, timeout=180.0s)\n  [  1/1] tinyimagenet_2024/onnx/TinyImageNet_resnet_medium.onnx@vnnlib/TinyImageNet_resnet_medium_prop_idx_1718_sidx_4924_eps_0.0039.vnnlib: UNKNOWN (11.0s)  V=0 A=0 U=1 E=0  R=0\n\n[vnnlib/hybridz] FINAL \u2014 total=1 wall=0.2 min\n  UNKNOWN      1\n  [structured] per-instance log \u2192 /data1/Kane/ACT/audit_results/full_vnncomp_20260530T092003Z/tinyimagenet_2024_w1/per_instance_tinyimagenet_2024_20260530T120246258417Z.json\n\n================================================================================\nVERIFICATION TEST SUMMARY\n================================================================================\n  \u2705 vnnlib                    PASSED\n================================================================================\n\n"
}
{
  "benchmark": "tinyimagenet_2024",
  "instance_id": 105,
  "status": "OK",
  "cli_normalized": "OK",
  "wall_s": 18.508750587934628,
  "peak_rss_mb": 2495.390625,
  "returncode": 0,
  "per_instance_json": "/data1/Kane/ACT/audit_results/full_vnncomp_20260530T092003Z/tinyimagenet_2024_w1/per_instance_tinyimagenet_2024_20260530T120304392713Z.json",
  "out_dir": "/data1/Kane/ACT/audit_results/full_vnncomp_20260530T092003Z/tinyimagenet_2024_w1",
  "stdout_tail": "st 1)\nWARNING:act.back_end.solver.solver_hz:L9 FALLBACK (RuntimeError): CUDA error: insufficient resources when calling `cusparseSpGEMM_workEstimation( handle, opA, opB, &alpha, matA, matB, &beta, matC, computeType, CUSPARSE_SPGEMM_DEFAULT, spgemmDesc, &bufferSize1, dBuffer1)`\nWARNING:act.back_end.solver.solver_hz:L12 FALLBACK (AttributeError): 'SparseGcZ' object has no attribute 'Gc'\nWARNING:act.back_end.solver.solver_hz:L25 FALLBACK (AttributeError): 'SparseGcZ' object has no attribute 'Gc'\n[ACT] Using existing Gurobi license: ../ACT/modules/gurobi/gurobi.lic\n\u2705 Device Manager Initialized: device=cuda:0, dtype=torch.float64\n\n================================================================================\nACT: Abstract Constraint Transformer\nInference-based whitebox fuzzing for neural network verification\n================================================================================\n\n\n================================================================================\nVERIFICATION TEST: VNNLIB \u2192 VerifiableModel \u2192 verify_once\n================================================================================\n\n[vnnlib] category=tinyimagenet_2024 max_instances=1 mode=hybridz (full TOP1_ROBUST via labeled_tensor collapse; device=cuda, timeout=180.0s)\n  [  1/1] tinyimagenet_2024/onnx/TinyImageNet_resnet_medium.onnx@vnnlib/TinyImageNet_resnet_medium_prop_idx_6957_sidx_1178_eps_0.0039.vnnlib: UNKNOWN (14.3s)  V=0 A=0 U=1 E=0  R=0\n\n[vnnlib/hybridz] FINAL \u2014 total=1 wall=0.2 min\n  UNKNOWN      1\n  [structured] per-instance log \u2192 /data1/Kane/ACT/audit_results/full_vnncomp_20260530T092003Z/tinyimagenet_2024_w1/per_instance_tinyimagenet_2024_20260530T120304392713Z.json\n\n================================================================================\nVERIFICATION TEST SUMMARY\n================================================================================\n  \u2705 vnnlib                    PASSED\n================================================================================\n\n"
}
{
  "benchmark": "tinyimagenet_2024",
  "instance_id": 106,
  "status": "OK",
  "cli_normalized": "OK",
  "wall_s": 19.508624522946775,
  "peak_rss_mb": 2513.05078125,
  "returncode": 0,
  "per_instance_json": "/data1/Kane/ACT/audit_results/full_vnncomp_20260530T092003Z/tinyimagenet_2024_w1/per_instance_tinyimagenet_2024_20260530T120324320107Z.json",
  "out_dir": "/data1/Kane/ACT/audit_results/full_vnncomp_20260530T092003Z/tinyimagenet_2024_w1",
  "stdout_tail": "st 1)\nWARNING:act.back_end.solver.solver_hz:L9 FALLBACK (RuntimeError): CUDA error: insufficient resources when calling `cusparseSpGEMM_workEstimation( handle, opA, opB, &alpha, matA, matB, &beta, matC, computeType, CUSPARSE_SPGEMM_DEFAULT, spgemmDesc, &bufferSize1, dBuffer1)`\nWARNING:act.back_end.solver.solver_hz:L12 FALLBACK (AttributeError): 'SparseGcZ' object has no attribute 'Gc'\nWARNING:act.back_end.solver.solver_hz:L25 FALLBACK (AttributeError): 'SparseGcZ' object has no attribute 'Gc'\n[ACT] Using existing Gurobi license: ../ACT/modules/gurobi/gurobi.lic\n\u2705 Device Manager Initialized: device=cuda:0, dtype=torch.float64\n\n================================================================================\nACT: Abstract Constraint Transformer\nInference-based whitebox fuzzing for neural network verification\n================================================================================\n\n\n================================================================================\nVERIFICATION TEST: VNNLIB \u2192 VerifiableModel \u2192 verify_once\n================================================================================\n\n[vnnlib] category=tinyimagenet_2024 max_instances=1 mode=hybridz (full TOP1_ROBUST via labeled_tensor collapse; device=cuda, timeout=180.0s)\n  [  1/1] tinyimagenet_2024/onnx/TinyImageNet_resnet_medium.onnx@vnnlib/TinyImageNet_resnet_medium_prop_idx_7209_sidx_9753_eps_0.0039.vnnlib: UNKNOWN (15.9s)  V=0 A=0 U=1 E=0  R=0\n\n[vnnlib/hybridz] FINAL \u2014 total=1 wall=0.3 min\n  UNKNOWN      1\n  [structured] per-instance log \u2192 /data1/Kane/ACT/audit_results/full_vnncomp_20260530T092003Z/tinyimagenet_2024_w1/per_instance_tinyimagenet_2024_20260530T120324320107Z.json\n\n================================================================================\nVERIFICATION TEST SUMMARY\n================================================================================\n  \u2705 vnnlib                    PASSED\n================================================================================\n\n"
}
{
  "benchmark": "tinyimagenet_2024",
  "instance_id": 107,
  "status": "OK",
  "cli_normalized": "OK",
  "wall_s": 18.009068989078514,
  "peak_rss_mb": 2488.44921875,
  "returncode": 0,
  "per_instance_json": "/data1/Kane/ACT/audit_results/full_vnncomp_20260530T092003Z/tinyimagenet_2024_w1/per_instance_tinyimagenet_2024_20260530T120342585772Z.json",
  "out_dir": "/data1/Kane/ACT/audit_results/full_vnncomp_20260530T092003Z/tinyimagenet_2024_w1",
  "stdout_tail": "st 1)\nWARNING:act.back_end.solver.solver_hz:L9 FALLBACK (RuntimeError): CUDA error: insufficient resources when calling `cusparseSpGEMM_workEstimation( handle, opA, opB, &alpha, matA, matB, &beta, matC, computeType, CUSPARSE_SPGEMM_DEFAULT, spgemmDesc, &bufferSize1, dBuffer1)`\nWARNING:act.back_end.solver.solver_hz:L12 FALLBACK (AttributeError): 'SparseGcZ' object has no attribute 'Gc'\nWARNING:act.back_end.solver.solver_hz:L25 FALLBACK (AttributeError): 'SparseGcZ' object has no attribute 'Gc'\n[ACT] Using existing Gurobi license: ../ACT/modules/gurobi/gurobi.lic\n\u2705 Device Manager Initialized: device=cuda:0, dtype=torch.float64\n\n================================================================================\nACT: Abstract Constraint Transformer\nInference-based whitebox fuzzing for neural network verification\n================================================================================\n\n\n================================================================================\nVERIFICATION TEST: VNNLIB \u2192 VerifiableModel \u2192 verify_once\n================================================================================\n\n[vnnlib] category=tinyimagenet_2024 max_instances=1 mode=hybridz (full TOP1_ROBUST via labeled_tensor collapse; device=cuda, timeout=180.0s)\n  [  1/1] tinyimagenet_2024/onnx/TinyImageNet_resnet_medium.onnx@vnnlib/TinyImageNet_resnet_medium_prop_idx_4867_sidx_5259_eps_0.0039.vnnlib: UNKNOWN (14.4s)  V=0 A=0 U=1 E=0  R=0\n\n[vnnlib/hybridz] FINAL \u2014 total=1 wall=0.2 min\n  UNKNOWN      1\n  [structured] per-instance log \u2192 /data1/Kane/ACT/audit_results/full_vnncomp_20260530T092003Z/tinyimagenet_2024_w1/per_instance_tinyimagenet_2024_20260530T120342585772Z.json\n\n================================================================================\nVERIFICATION TEST SUMMARY\n================================================================================\n  \u2705 vnnlib                    PASSED\n================================================================================\n\n"
}
{
  "benchmark": "tinyimagenet_2024",
  "instance_id": 108,
  "status": "OK",
  "cli_normalized": "OK",
  "wall_s": 18.508423784049228,
  "peak_rss_mb": 2488.7578125,
  "returncode": 0,
  "per_instance_json": "/data1/Kane/ACT/audit_results/full_vnncomp_20260530T092003Z/tinyimagenet_2024_w1/per_instance_tinyimagenet_2024_20260530T120400945890Z.json",
  "out_dir": "/data1/Kane/ACT/audit_results/full_vnncomp_20260530T092003Z/tinyimagenet_2024_w1",
  "stdout_tail": "ast 1)\nWARNING:act.back_end.solver.solver_hz:L9 FALLBACK (RuntimeError): CUDA error: insufficient resources when calling `cusparseSpGEMM_workEstimation( handle, opA, opB, &alpha, matA, matB, &beta, matC, computeType, CUSPARSE_SPGEMM_DEFAULT, spgemmDesc, &bufferSize1, dBuffer1)`\nWARNING:act.back_end.solver.solver_hz:L12 FALLBACK (AttributeError): 'SparseGcZ' object has no attribute 'Gc'\nWARNING:act.back_end.solver.solver_hz:L25 FALLBACK (AttributeError): 'SparseGcZ' object has no attribute 'Gc'\n[ACT] Using existing Gurobi license: ../ACT/modules/gurobi/gurobi.lic\n\u2705 Device Manager Initialized: device=cuda:0, dtype=torch.float64\n\n================================================================================\nACT: Abstract Constraint Transformer\nInference-based whitebox fuzzing for neural network verification\n================================================================================\n\n\n================================================================================\nVERIFICATION TEST: VNNLIB \u2192 VerifiableModel \u2192 verify_once\n================================================================================\n\n[vnnlib] category=tinyimagenet_2024 max_instances=1 mode=hybridz (full TOP1_ROBUST via labeled_tensor collapse; device=cuda, timeout=180.0s)\n  [  1/1] tinyimagenet_2024/onnx/TinyImageNet_resnet_medium.onnx@vnnlib/TinyImageNet_resnet_medium_prop_idx_140_sidx_7259_eps_0.0039.vnnlib: UNKNOWN (14.5s)  V=0 A=0 U=1 E=0  R=0\n\n[vnnlib/hybridz] FINAL \u2014 total=1 wall=0.2 min\n  UNKNOWN      1\n  [structured] per-instance log \u2192 /data1/Kane/ACT/audit_results/full_vnncomp_20260530T092003Z/tinyimagenet_2024_w1/per_instance_tinyimagenet_2024_20260530T120400945890Z.json\n\n================================================================================\nVERIFICATION TEST SUMMARY\n================================================================================\n  \u2705 vnnlib                    PASSED\n================================================================================\n\n"
}
{
  "benchmark": "tinyimagenet_2024",
  "instance_id": 109,
  "status": "OK",
  "cli_normalized": "OK",
  "wall_s": 20.509871229995042,
  "peak_rss_mb": 2491.078125,
  "returncode": 0,
  "per_instance_json": "/data1/Kane/ACT/audit_results/full_vnncomp_20260530T092003Z/tinyimagenet_2024_w1/per_instance_tinyimagenet_2024_20260530T120420746245Z.json",
  "out_dir": "/data1/Kane/ACT/audit_results/full_vnncomp_20260530T092003Z/tinyimagenet_2024_w1",
  "stdout_tail": "st 1)\nWARNING:act.back_end.solver.solver_hz:L9 FALLBACK (RuntimeError): CUDA error: insufficient resources when calling `cusparseSpGEMM_workEstimation( handle, opA, opB, &alpha, matA, matB, &beta, matC, computeType, CUSPARSE_SPGEMM_DEFAULT, spgemmDesc, &bufferSize1, dBuffer1)`\nWARNING:act.back_end.solver.solver_hz:L12 FALLBACK (AttributeError): 'SparseGcZ' object has no attribute 'Gc'\nWARNING:act.back_end.solver.solver_hz:L25 FALLBACK (AttributeError): 'SparseGcZ' object has no attribute 'Gc'\n[ACT] Using existing Gurobi license: ../ACT/modules/gurobi/gurobi.lic\n\u2705 Device Manager Initialized: device=cuda:0, dtype=torch.float64\n\n================================================================================\nACT: Abstract Constraint Transformer\nInference-based whitebox fuzzing for neural network verification\n================================================================================\n\n\n================================================================================\nVERIFICATION TEST: VNNLIB \u2192 VerifiableModel \u2192 verify_once\n================================================================================\n\n[vnnlib] category=tinyimagenet_2024 max_instances=1 mode=hybridz (full TOP1_ROBUST via labeled_tensor collapse; device=cuda, timeout=180.0s)\n  [  1/1] tinyimagenet_2024/onnx/TinyImageNet_resnet_medium.onnx@vnnlib/TinyImageNet_resnet_medium_prop_idx_8042_sidx_9227_eps_0.0039.vnnlib: UNKNOWN (16.3s)  V=0 A=0 U=1 E=0  R=0\n\n[vnnlib/hybridz] FINAL \u2014 total=1 wall=0.3 min\n  UNKNOWN      1\n  [structured] per-instance log \u2192 /data1/Kane/ACT/audit_results/full_vnncomp_20260530T092003Z/tinyimagenet_2024_w1/per_instance_tinyimagenet_2024_20260530T120420746245Z.json\n\n================================================================================\nVERIFICATION TEST SUMMARY\n================================================================================\n  \u2705 vnnlib                    PASSED\n================================================================================\n\n"
}
{
  "benchmark": "tinyimagenet_2024",
  "instance_id": 110,
  "status": "OK",
  "cli_normalized": "OK",
  "wall_s": 21.010613661957905,
  "peak_rss_mb": 2487.52734375,
  "returncode": 0,
  "per_instance_json": "/data1/Kane/ACT/audit_results/full_vnncomp_20260530T092003Z/tinyimagenet_2024_w1/per_instance_tinyimagenet_2024_20260530T120442101269Z.json",
  "out_dir": "/data1/Kane/ACT/audit_results/full_vnncomp_20260530T092003Z/tinyimagenet_2024_w1",
  "stdout_tail": "ast 1)\nWARNING:act.back_end.solver.solver_hz:L9 FALLBACK (RuntimeError): CUDA error: insufficient resources when calling `cusparseSpGEMM_workEstimation( handle, opA, opB, &alpha, matA, matB, &beta, matC, computeType, CUSPARSE_SPGEMM_DEFAULT, spgemmDesc, &bufferSize1, dBuffer1)`\nWARNING:act.back_end.solver.solver_hz:L12 FALLBACK (AttributeError): 'SparseGcZ' object has no attribute 'Gc'\nWARNING:act.back_end.solver.solver_hz:L25 FALLBACK (AttributeError): 'SparseGcZ' object has no attribute 'Gc'\n[ACT] Using existing Gurobi license: ../ACT/modules/gurobi/gurobi.lic\n\u2705 Device Manager Initialized: device=cuda:0, dtype=torch.float64\n\n================================================================================\nACT: Abstract Constraint Transformer\nInference-based whitebox fuzzing for neural network verification\n================================================================================\n\n\n================================================================================\nVERIFICATION TEST: VNNLIB \u2192 VerifiableModel \u2192 verify_once\n================================================================================\n\n[vnnlib] category=tinyimagenet_2024 max_instances=1 mode=hybridz (full TOP1_ROBUST via labeled_tensor collapse; device=cuda, timeout=180.0s)\n  [  1/1] tinyimagenet_2024/onnx/TinyImageNet_resnet_medium.onnx@vnnlib/TinyImageNet_resnet_medium_prop_idx_216_sidx_6006_eps_0.0039.vnnlib: UNKNOWN (16.6s)  V=0 A=0 U=1 E=0  R=0\n\n[vnnlib/hybridz] FINAL \u2014 total=1 wall=0.3 min\n  UNKNOWN      1\n  [structured] per-instance log \u2192 /data1/Kane/ACT/audit_results/full_vnncomp_20260530T092003Z/tinyimagenet_2024_w1/per_instance_tinyimagenet_2024_20260530T120442101269Z.json\n\n================================================================================\nVERIFICATION TEST SUMMARY\n================================================================================\n  \u2705 vnnlib                    PASSED\n================================================================================\n\n"
}
{
  "benchmark": "tinyimagenet_2024",
  "instance_id": 111,
  "status": "OK",
  "cli_normalized": "OK",
  "wall_s": 18.00897184002679,
  "peak_rss_mb": 2502.81640625,
  "returncode": 0,
  "per_instance_json": "/data1/Kane/ACT/audit_results/full_vnncomp_20260530T092003Z/tinyimagenet_2024_w1/per_instance_tinyimagenet_2024_20260530T120500348479Z.json",
  "out_dir": "/data1/Kane/ACT/audit_results/full_vnncomp_20260530T092003Z/tinyimagenet_2024_w1",
  "stdout_tail": "ast 1)\nWARNING:act.back_end.solver.solver_hz:L9 FALLBACK (RuntimeError): CUDA error: insufficient resources when calling `cusparseSpGEMM_workEstimation( handle, opA, opB, &alpha, matA, matB, &beta, matC, computeType, CUSPARSE_SPGEMM_DEFAULT, spgemmDesc, &bufferSize1, dBuffer1)`\nWARNING:act.back_end.solver.solver_hz:L12 FALLBACK (AttributeError): 'SparseGcZ' object has no attribute 'Gc'\nWARNING:act.back_end.solver.solver_hz:L25 FALLBACK (AttributeError): 'SparseGcZ' object has no attribute 'Gc'\n[ACT] Using existing Gurobi license: ../ACT/modules/gurobi/gurobi.lic\n\u2705 Device Manager Initialized: device=cuda:0, dtype=torch.float64\n\n================================================================================\nACT: Abstract Constraint Transformer\nInference-based whitebox fuzzing for neural network verification\n================================================================================\n\n\n================================================================================\nVERIFICATION TEST: VNNLIB \u2192 VerifiableModel \u2192 verify_once\n================================================================================\n\n[vnnlib] category=tinyimagenet_2024 max_instances=1 mode=hybridz (full TOP1_ROBUST via labeled_tensor collapse; device=cuda, timeout=180.0s)\n  [  1/1] tinyimagenet_2024/onnx/TinyImageNet_resnet_medium.onnx@vnnlib/TinyImageNet_resnet_medium_prop_idx_580_sidx_8894_eps_0.0039.vnnlib: UNKNOWN (13.9s)  V=0 A=0 U=1 E=0  R=0\n\n[vnnlib/hybridz] FINAL \u2014 total=1 wall=0.2 min\n  UNKNOWN      1\n  [structured] per-instance log \u2192 /data1/Kane/ACT/audit_results/full_vnncomp_20260530T092003Z/tinyimagenet_2024_w1/per_instance_tinyimagenet_2024_20260530T120500348479Z.json\n\n================================================================================\nVERIFICATION TEST SUMMARY\n================================================================================\n  \u2705 vnnlib                    PASSED\n================================================================================\n\n"
}
{
  "benchmark": "tinyimagenet_2024",
  "instance_id": 112,
  "status": "OK",
  "cli_normalized": "OK",
  "wall_s": 22.010868404060602,
  "peak_rss_mb": 2515.578125,
  "returncode": 0,
  "per_instance_json": "/data1/Kane/ACT/audit_results/full_vnncomp_20260530T092003Z/tinyimagenet_2024_w1/per_instance_tinyimagenet_2024_20260530T120522494980Z.json",
  "out_dir": "/data1/Kane/ACT/audit_results/full_vnncomp_20260530T092003Z/tinyimagenet_2024_w1",
  "stdout_tail": "st 1)\nWARNING:act.back_end.solver.solver_hz:L9 FALLBACK (RuntimeError): CUDA error: insufficient resources when calling `cusparseSpGEMM_workEstimation( handle, opA, opB, &alpha, matA, matB, &beta, matC, computeType, CUSPARSE_SPGEMM_DEFAULT, spgemmDesc, &bufferSize1, dBuffer1)`\nWARNING:act.back_end.solver.solver_hz:L12 FALLBACK (AttributeError): 'SparseGcZ' object has no attribute 'Gc'\nWARNING:act.back_end.solver.solver_hz:L25 FALLBACK (AttributeError): 'SparseGcZ' object has no attribute 'Gc'\n[ACT] Using existing Gurobi license: ../ACT/modules/gurobi/gurobi.lic\n\u2705 Device Manager Initialized: device=cuda:0, dtype=torch.float64\n\n================================================================================\nACT: Abstract Constraint Transformer\nInference-based whitebox fuzzing for neural network verification\n================================================================================\n\n\n================================================================================\nVERIFICATION TEST: VNNLIB \u2192 VerifiableModel \u2192 verify_once\n================================================================================\n\n[vnnlib] category=tinyimagenet_2024 max_instances=1 mode=hybridz (full TOP1_ROBUST via labeled_tensor collapse; device=cuda, timeout=180.0s)\n  [  1/1] tinyimagenet_2024/onnx/TinyImageNet_resnet_medium.onnx@vnnlib/TinyImageNet_resnet_medium_prop_idx_6458_sidx_4978_eps_0.0039.vnnlib: UNKNOWN (18.5s)  V=0 A=0 U=1 E=0  R=0\n\n[vnnlib/hybridz] FINAL \u2014 total=1 wall=0.3 min\n  UNKNOWN      1\n  [structured] per-instance log \u2192 /data1/Kane/ACT/audit_results/full_vnncomp_20260530T092003Z/tinyimagenet_2024_w1/per_instance_tinyimagenet_2024_20260530T120522494980Z.json\n\n================================================================================\nVERIFICATION TEST SUMMARY\n================================================================================\n  \u2705 vnnlib                    PASSED\n================================================================================\n\n"
}
{
  "benchmark": "tinyimagenet_2024",
  "instance_id": 113,
  "status": "OK",
  "cli_normalized": "OK",
  "wall_s": 19.01218554994557,
  "peak_rss_mb": 2521.91796875,
  "returncode": 0,
  "per_instance_json": "/data1/Kane/ACT/audit_results/full_vnncomp_20260530T092003Z/tinyimagenet_2024_w1/per_instance_tinyimagenet_2024_20260530T120541308168Z.json",
  "out_dir": "/data1/Kane/ACT/audit_results/full_vnncomp_20260530T092003Z/tinyimagenet_2024_w1",
  "stdout_tail": "18079 has 14.00 MiB memory in use. Of the allocated memory 6.23 GiB is allocated by PyTorch, and 5.67 GiB is reserved by PyTorch but unallocated. If reserved but unallocated memory is large try setting PYTORCH_CUDA_ALLOC_CONF=expandable_segments:True to avoid fragmentation.  See documentation for Memory Management  (https://pytorch.org/docs/stable/notes/cuda.html#environment-variables)\nWARNING:act.back_end.solver.solver_hz:L25 FALLBACK (AttributeError): 'SparseGcZ' object has no attribute 'Gc'\n[ACT] Using existing Gurobi license: ../ACT/modules/gurobi/gurobi.lic\n\u2705 Device Manager Initialized: device=cuda:0, dtype=torch.float64\n\n================================================================================\nACT: Abstract Constraint Transformer\nInference-based whitebox fuzzing for neural network verification\n================================================================================\n\n\n================================================================================\nVERIFICATION TEST: VNNLIB \u2192 VerifiableModel \u2192 verify_once\n================================================================================\n\n[vnnlib] category=tinyimagenet_2024 max_instances=1 mode=hybridz (full TOP1_ROBUST via labeled_tensor collapse; device=cuda, timeout=180.0s)\n  [  1/1] tinyimagenet_2024/onnx/TinyImageNet_resnet_medium.onnx@vnnlib/TinyImageNet_resnet_medium_prop_idx_291_sidx_2370_eps_0.0039.vnnlib: UNKNOWN (15.1s)  V=0 A=0 U=1 E=0  R=0\n\n[vnnlib/hybridz] FINAL \u2014 total=1 wall=0.3 min\n  UNKNOWN      1\n  [structured] per-instance log \u2192 /data1/Kane/ACT/audit_results/full_vnncomp_20260530T092003Z/tinyimagenet_2024_w1/per_instance_tinyimagenet_2024_20260530T120541308168Z.json\n\n================================================================================\nVERIFICATION TEST SUMMARY\n================================================================================\n  \u2705 vnnlib                    PASSED\n================================================================================\n\n"
}
{
  "benchmark": "tinyimagenet_2024",
  "instance_id": 114,
  "status": "OK",
  "cli_normalized": "OK",
  "wall_s": 16.507925756974146,
  "peak_rss_mb": 2488.21875,
  "returncode": 0,
  "per_instance_json": "/data1/Kane/ACT/audit_results/full_vnncomp_20260530T092003Z/tinyimagenet_2024_w1/per_instance_tinyimagenet_2024_20260530T120557344261Z.json",
  "out_dir": "/data1/Kane/ACT/audit_results/full_vnncomp_20260530T092003Z/tinyimagenet_2024_w1",
  "stdout_tail": "321798 has 676.00 MiB memory in use. Of the allocated memory 6.07 GiB is allocated by PyTorch, and 5.74 GiB is reserved by PyTorch but unallocated. If reserved but unallocated memory is large try setting PYTORCH_CUDA_ALLOC_CONF=expandable_segments:True to avoid fragmentation.  See documentation for Memory Management  (https://pytorch.org/docs/stable/notes/cuda.html#environment-variables)\nWARNING:act.back_end.solver.solver_hz:L25 FALLBACK (AttributeError): 'SparseGcZ' object has no attribute 'Gc'\n[ACT] Using existing Gurobi license: ../ACT/modules/gurobi/gurobi.lic\n\u2705 Device Manager Initialized: device=cuda:0, dtype=torch.float64\n\n================================================================================\nACT: Abstract Constraint Transformer\nInference-based whitebox fuzzing for neural network verification\n================================================================================\n\n\n================================================================================\nVERIFICATION TEST: VNNLIB \u2192 VerifiableModel \u2192 verify_once\n================================================================================\n\n[vnnlib] category=tinyimagenet_2024 max_instances=1 mode=hybridz (full TOP1_ROBUST via labeled_tensor collapse; device=cuda, timeout=180.0s)\n  [  1/1] tinyimagenet_2024/onnx/TinyImageNet_resnet_medium.onnx@vnnlib/TinyImageNet_resnet_medium_prop_idx_62_sidx_313_eps_0.0039.vnnlib: UNKNOWN (12.1s)  V=0 A=0 U=1 E=0  R=0\n\n[vnnlib/hybridz] FINAL \u2014 total=1 wall=0.2 min\n  UNKNOWN      1\n  [structured] per-instance log \u2192 /data1/Kane/ACT/audit_results/full_vnncomp_20260530T092003Z/tinyimagenet_2024_w1/per_instance_tinyimagenet_2024_20260530T120557344261Z.json\n\n================================================================================\nVERIFICATION TEST SUMMARY\n================================================================================\n  \u2705 vnnlib                    PASSED\n================================================================================\n\n"
}
{
  "benchmark": "tinyimagenet_2024",
  "instance_id": 115,
  "status": "OK",
  "cli_normalized": "OK",
  "wall_s": 18.00967911898624,
  "peak_rss_mb": 2488.48828125,
  "returncode": 0,
  "per_instance_json": "/data1/Kane/ACT/audit_results/full_vnncomp_20260530T092003Z/tinyimagenet_2024_w1/per_instance_tinyimagenet_2024_20260530T120615797340Z.json",
  "out_dir": "/data1/Kane/ACT/audit_results/full_vnncomp_20260530T092003Z/tinyimagenet_2024_w1",
  "stdout_tail": "st 1)\nWARNING:act.back_end.solver.solver_hz:L9 FALLBACK (RuntimeError): CUDA error: insufficient resources when calling `cusparseSpGEMM_workEstimation( handle, opA, opB, &alpha, matA, matB, &beta, matC, computeType, CUSPARSE_SPGEMM_DEFAULT, spgemmDesc, &bufferSize1, dBuffer1)`\nWARNING:act.back_end.solver.solver_hz:L12 FALLBACK (AttributeError): 'SparseGcZ' object has no attribute 'Gc'\nWARNING:act.back_end.solver.solver_hz:L25 FALLBACK (AttributeError): 'SparseGcZ' object has no attribute 'Gc'\n[ACT] Using existing Gurobi license: ../ACT/modules/gurobi/gurobi.lic\n\u2705 Device Manager Initialized: device=cuda:0, dtype=torch.float64\n\n================================================================================\nACT: Abstract Constraint Transformer\nInference-based whitebox fuzzing for neural network verification\n================================================================================\n\n\n================================================================================\nVERIFICATION TEST: VNNLIB \u2192 VerifiableModel \u2192 verify_once\n================================================================================\n\n[vnnlib] category=tinyimagenet_2024 max_instances=1 mode=hybridz (full TOP1_ROBUST via labeled_tensor collapse; device=cuda, timeout=180.0s)\n  [  1/1] tinyimagenet_2024/onnx/TinyImageNet_resnet_medium.onnx@vnnlib/TinyImageNet_resnet_medium_prop_idx_9875_sidx_1510_eps_0.0039.vnnlib: UNKNOWN (13.9s)  V=0 A=0 U=1 E=0  R=0\n\n[vnnlib/hybridz] FINAL \u2014 total=1 wall=0.2 min\n  UNKNOWN      1\n  [structured] per-instance log \u2192 /data1/Kane/ACT/audit_results/full_vnncomp_20260530T092003Z/tinyimagenet_2024_w1/per_instance_tinyimagenet_2024_20260530T120615797340Z.json\n\n================================================================================\nVERIFICATION TEST SUMMARY\n================================================================================\n  \u2705 vnnlib                    PASSED\n================================================================================\n\n"
}
{
  "benchmark": "tinyimagenet_2024",
  "instance_id": 116,
  "status": "OK",
  "cli_normalized": "OK",
  "wall_s": 16.009445130941458,
  "peak_rss_mb": 2510.85546875,
  "returncode": 0,
  "per_instance_json": "/data1/Kane/ACT/audit_results/full_vnncomp_20260530T092003Z/tinyimagenet_2024_w1/per_instance_tinyimagenet_2024_20260530T120631834128Z.json",
  "out_dir": "/data1/Kane/ACT/audit_results/full_vnncomp_20260530T092003Z/tinyimagenet_2024_w1",
  "stdout_tail": "5578 has 108.00 MiB memory in use. Of the allocated memory 6.16 GiB is allocated by PyTorch, and 3.74 GiB is reserved by PyTorch but unallocated. If reserved but unallocated memory is large try setting PYTORCH_CUDA_ALLOC_CONF=expandable_segments:True to avoid fragmentation.  See documentation for Memory Management  (https://pytorch.org/docs/stable/notes/cuda.html#environment-variables)\nWARNING:act.back_end.solver.solver_hz:L25 FALLBACK (AttributeError): 'SparseGcZ' object has no attribute 'Gc'\n[ACT] Using existing Gurobi license: ../ACT/modules/gurobi/gurobi.lic\n\u2705 Device Manager Initialized: device=cuda:0, dtype=torch.float64\n\n================================================================================\nACT: Abstract Constraint Transformer\nInference-based whitebox fuzzing for neural network verification\n================================================================================\n\n\n================================================================================\nVERIFICATION TEST: VNNLIB \u2192 VerifiableModel \u2192 verify_once\n================================================================================\n\n[vnnlib] category=tinyimagenet_2024 max_instances=1 mode=hybridz (full TOP1_ROBUST via labeled_tensor collapse; device=cuda, timeout=180.0s)\n  [  1/1] tinyimagenet_2024/onnx/TinyImageNet_resnet_medium.onnx@vnnlib/TinyImageNet_resnet_medium_prop_idx_4944_sidx_932_eps_0.0039.vnnlib: UNKNOWN (12.0s)  V=0 A=0 U=1 E=0  R=0\n\n[vnnlib/hybridz] FINAL \u2014 total=1 wall=0.2 min\n  UNKNOWN      1\n  [structured] per-instance log \u2192 /data1/Kane/ACT/audit_results/full_vnncomp_20260530T092003Z/tinyimagenet_2024_w1/per_instance_tinyimagenet_2024_20260530T120631834128Z.json\n\n================================================================================\nVERIFICATION TEST SUMMARY\n================================================================================\n  \u2705 vnnlib                    PASSED\n================================================================================\n\n"
}
{
  "benchmark": "tinyimagenet_2024",
  "instance_id": 117,
  "status": "OK",
  "cli_normalized": "OK",
  "wall_s": 16.011468950891867,
  "peak_rss_mb": 2502.25390625,
  "returncode": 0,
  "per_instance_json": "/data1/Kane/ACT/audit_results/full_vnncomp_20260530T092003Z/tinyimagenet_2024_w1/per_instance_tinyimagenet_2024_20260530T120647806290Z.json",
  "out_dir": "/data1/Kane/ACT/audit_results/full_vnncomp_20260530T092003Z/tinyimagenet_2024_w1",
  "stdout_tail": "42284 has 14.00 MiB memory in use. Of the allocated memory 1.25 GiB is allocated by PyTorch, and 5.83 GiB is reserved by PyTorch but unallocated. If reserved but unallocated memory is large try setting PYTORCH_CUDA_ALLOC_CONF=expandable_segments:True to avoid fragmentation.  See documentation for Memory Management  (https://pytorch.org/docs/stable/notes/cuda.html#environment-variables)\nWARNING:act.back_end.solver.solver_hz:L25 FALLBACK (AttributeError): 'SparseGcZ' object has no attribute 'Gc'\n[ACT] Using existing Gurobi license: ../ACT/modules/gurobi/gurobi.lic\n\u2705 Device Manager Initialized: device=cuda:0, dtype=torch.float64\n\n================================================================================\nACT: Abstract Constraint Transformer\nInference-based whitebox fuzzing for neural network verification\n================================================================================\n\n\n================================================================================\nVERIFICATION TEST: VNNLIB \u2192 VerifiableModel \u2192 verify_once\n================================================================================\n\n[vnnlib] category=tinyimagenet_2024 max_instances=1 mode=hybridz (full TOP1_ROBUST via labeled_tensor collapse; device=cuda, timeout=180.0s)\n  [  1/1] tinyimagenet_2024/onnx/TinyImageNet_resnet_medium.onnx@vnnlib/TinyImageNet_resnet_medium_prop_idx_4528_sidx_911_eps_0.0039.vnnlib: UNKNOWN (11.9s)  V=0 A=0 U=1 E=0  R=0\n\n[vnnlib/hybridz] FINAL \u2014 total=1 wall=0.2 min\n  UNKNOWN      1\n  [structured] per-instance log \u2192 /data1/Kane/ACT/audit_results/full_vnncomp_20260530T092003Z/tinyimagenet_2024_w1/per_instance_tinyimagenet_2024_20260530T120647806290Z.json\n\n================================================================================\nVERIFICATION TEST SUMMARY\n================================================================================\n  \u2705 vnnlib                    PASSED\n================================================================================\n\n"
}
{
  "benchmark": "tinyimagenet_2024",
  "instance_id": 118,
  "status": "OK",
  "cli_normalized": "OK",
  "wall_s": 17.51085070508998,
  "peak_rss_mb": 2487.359375,
  "returncode": 0,
  "per_instance_json": "/data1/Kane/ACT/audit_results/full_vnncomp_20260530T092003Z/tinyimagenet_2024_w1/per_instance_tinyimagenet_2024_20260530T120705171538Z.json",
  "out_dir": "/data1/Kane/ACT/audit_results/full_vnncomp_20260530T092003Z/tinyimagenet_2024_w1",
  "stdout_tail": "092 has 802.00 MiB memory in use. Of the allocated memory 6.49 GiB is allocated by PyTorch, and 3.07 GiB is reserved by PyTorch but unallocated. If reserved but unallocated memory is large try setting PYTORCH_CUDA_ALLOC_CONF=expandable_segments:True to avoid fragmentation.  See documentation for Memory Management  (https://pytorch.org/docs/stable/notes/cuda.html#environment-variables)\nWARNING:act.back_end.solver.solver_hz:L25 FALLBACK (AttributeError): 'SparseGcZ' object has no attribute 'Gc'\n[ACT] Using existing Gurobi license: ../ACT/modules/gurobi/gurobi.lic\n\u2705 Device Manager Initialized: device=cuda:0, dtype=torch.float64\n\n================================================================================\nACT: Abstract Constraint Transformer\nInference-based whitebox fuzzing for neural network verification\n================================================================================\n\n\n================================================================================\nVERIFICATION TEST: VNNLIB \u2192 VerifiableModel \u2192 verify_once\n================================================================================\n\n[vnnlib] category=tinyimagenet_2024 max_instances=1 mode=hybridz (full TOP1_ROBUST via labeled_tensor collapse; device=cuda, timeout=180.0s)\n  [  1/1] tinyimagenet_2024/onnx/TinyImageNet_resnet_medium.onnx@vnnlib/TinyImageNet_resnet_medium_prop_idx_7689_sidx_3205_eps_0.0039.vnnlib: UNKNOWN (13.3s)  V=0 A=0 U=1 E=0  R=0\n\n[vnnlib/hybridz] FINAL \u2014 total=1 wall=0.2 min\n  UNKNOWN      1\n  [structured] per-instance log \u2192 /data1/Kane/ACT/audit_results/full_vnncomp_20260530T092003Z/tinyimagenet_2024_w1/per_instance_tinyimagenet_2024_20260530T120705171538Z.json\n\n================================================================================\nVERIFICATION TEST SUMMARY\n================================================================================\n  \u2705 vnnlib                    PASSED\n================================================================================\n\n"
}
{
  "benchmark": "tinyimagenet_2024",
  "instance_id": 119,
  "status": "OK",
  "cli_normalized": "OK",
  "wall_s": 19.510875858948566,
  "peak_rss_mb": 2486.62890625,
  "returncode": 0,
  "per_instance_json": "/data1/Kane/ACT/audit_results/full_vnncomp_20260530T092003Z/tinyimagenet_2024_w1/per_instance_tinyimagenet_2024_20260530T120724203607Z.json",
  "out_dir": "/data1/Kane/ACT/audit_results/full_vnncomp_20260530T092003Z/tinyimagenet_2024_w1",
  "stdout_tail": "941 has 642.00 MiB memory in use. Of the allocated memory 5.98 GiB is allocated by PyTorch, and 5.77 GiB is reserved by PyTorch but unallocated. If reserved but unallocated memory is large try setting PYTORCH_CUDA_ALLOC_CONF=expandable_segments:True to avoid fragmentation.  See documentation for Memory Management  (https://pytorch.org/docs/stable/notes/cuda.html#environment-variables)\nWARNING:act.back_end.solver.solver_hz:L25 FALLBACK (AttributeError): 'SparseGcZ' object has no attribute 'Gc'\n[ACT] Using existing Gurobi license: ../ACT/modules/gurobi/gurobi.lic\n\u2705 Device Manager Initialized: device=cuda:0, dtype=torch.float64\n\n================================================================================\nACT: Abstract Constraint Transformer\nInference-based whitebox fuzzing for neural network verification\n================================================================================\n\n\n================================================================================\nVERIFICATION TEST: VNNLIB \u2192 VerifiableModel \u2192 verify_once\n================================================================================\n\n[vnnlib] category=tinyimagenet_2024 max_instances=1 mode=hybridz (full TOP1_ROBUST via labeled_tensor collapse; device=cuda, timeout=180.0s)\n  [  1/1] tinyimagenet_2024/onnx/TinyImageNet_resnet_medium.onnx@vnnlib/TinyImageNet_resnet_medium_prop_idx_3558_sidx_7280_eps_0.0039.vnnlib: UNKNOWN (14.6s)  V=0 A=0 U=1 E=0  R=0\n\n[vnnlib/hybridz] FINAL \u2014 total=1 wall=0.2 min\n  UNKNOWN      1\n  [structured] per-instance log \u2192 /data1/Kane/ACT/audit_results/full_vnncomp_20260530T092003Z/tinyimagenet_2024_w1/per_instance_tinyimagenet_2024_20260530T120724203607Z.json\n\n================================================================================\nVERIFICATION TEST SUMMARY\n================================================================================\n  \u2705 vnnlib                    PASSED\n================================================================================\n\n"
}
{
  "benchmark": "tinyimagenet_2024",
  "instance_id": 120,
  "status": "OK",
  "cli_normalized": "OK",
  "wall_s": 20.512559643946588,
  "peak_rss_mb": 2488.44921875,
  "returncode": 0,
  "per_instance_json": "/data1/Kane/ACT/audit_results/full_vnncomp_20260530T092003Z/tinyimagenet_2024_w1/per_instance_tinyimagenet_2024_20260530T120744833847Z.json",
  "out_dir": "/data1/Kane/ACT/audit_results/full_vnncomp_20260530T092003Z/tinyimagenet_2024_w1",
  "stdout_tail": "844 has 554.00 MiB memory in use. Of the allocated memory 6.29 GiB is allocated by PyTorch, and 3.17 GiB is reserved by PyTorch but unallocated. If reserved but unallocated memory is large try setting PYTORCH_CUDA_ALLOC_CONF=expandable_segments:True to avoid fragmentation.  See documentation for Memory Management  (https://pytorch.org/docs/stable/notes/cuda.html#environment-variables)\nWARNING:act.back_end.solver.solver_hz:L25 FALLBACK (AttributeError): 'SparseGcZ' object has no attribute 'Gc'\n[ACT] Using existing Gurobi license: ../ACT/modules/gurobi/gurobi.lic\n\u2705 Device Manager Initialized: device=cuda:0, dtype=torch.float64\n\n================================================================================\nACT: Abstract Constraint Transformer\nInference-based whitebox fuzzing for neural network verification\n================================================================================\n\n\n================================================================================\nVERIFICATION TEST: VNNLIB \u2192 VerifiableModel \u2192 verify_once\n================================================================================\n\n[vnnlib] category=tinyimagenet_2024 max_instances=1 mode=hybridz (full TOP1_ROBUST via labeled_tensor collapse; device=cuda, timeout=180.0s)\n  [  1/1] tinyimagenet_2024/onnx/TinyImageNet_resnet_medium.onnx@vnnlib/TinyImageNet_resnet_medium_prop_idx_7277_sidx_8835_eps_0.0039.vnnlib: UNKNOWN (15.4s)  V=0 A=0 U=1 E=0  R=0\n\n[vnnlib/hybridz] FINAL \u2014 total=1 wall=0.3 min\n  UNKNOWN      1\n  [structured] per-instance log \u2192 /data1/Kane/ACT/audit_results/full_vnncomp_20260530T092003Z/tinyimagenet_2024_w1/per_instance_tinyimagenet_2024_20260530T120744833847Z.json\n\n================================================================================\nVERIFICATION TEST SUMMARY\n================================================================================\n  \u2705 vnnlib                    PASSED\n================================================================================\n\n"
}
{
  "benchmark": "tinyimagenet_2024",
  "instance_id": 121,
  "status": "OK",
  "cli_normalized": "OK",
  "wall_s": 21.512759577017277,
  "peak_rss_mb": 2497.4609375,
  "returncode": 0,
  "per_instance_json": "/data1/Kane/ACT/audit_results/full_vnncomp_20260530T092003Z/tinyimagenet_2024_w1/per_instance_tinyimagenet_2024_20260530T120806617615Z.json",
  "out_dir": "/data1/Kane/ACT/audit_results/full_vnncomp_20260530T092003Z/tinyimagenet_2024_w1",
  "stdout_tail": "725 has 802.00 MiB memory in use. Of the allocated memory 6.52 GiB is allocated by PyTorch, and 5.44 GiB is reserved by PyTorch but unallocated. If reserved but unallocated memory is large try setting PYTORCH_CUDA_ALLOC_CONF=expandable_segments:True to avoid fragmentation.  See documentation for Memory Management  (https://pytorch.org/docs/stable/notes/cuda.html#environment-variables)\nWARNING:act.back_end.solver.solver_hz:L25 FALLBACK (AttributeError): 'SparseGcZ' object has no attribute 'Gc'\n[ACT] Using existing Gurobi license: ../ACT/modules/gurobi/gurobi.lic\n\u2705 Device Manager Initialized: device=cuda:0, dtype=torch.float64\n\n================================================================================\nACT: Abstract Constraint Transformer\nInference-based whitebox fuzzing for neural network verification\n================================================================================\n\n\n================================================================================\nVERIFICATION TEST: VNNLIB \u2192 VerifiableModel \u2192 verify_once\n================================================================================\n\n[vnnlib] category=tinyimagenet_2024 max_instances=1 mode=hybridz (full TOP1_ROBUST via labeled_tensor collapse; device=cuda, timeout=180.0s)\n  [  1/1] tinyimagenet_2024/onnx/TinyImageNet_resnet_medium.onnx@vnnlib/TinyImageNet_resnet_medium_prop_idx_7946_sidx_1068_eps_0.0039.vnnlib: UNKNOWN (16.8s)  V=0 A=0 U=1 E=0  R=0\n\n[vnnlib/hybridz] FINAL \u2014 total=1 wall=0.3 min\n  UNKNOWN      1\n  [structured] per-instance log \u2192 /data1/Kane/ACT/audit_results/full_vnncomp_20260530T092003Z/tinyimagenet_2024_w1/per_instance_tinyimagenet_2024_20260530T120806617615Z.json\n\n================================================================================\nVERIFICATION TEST SUMMARY\n================================================================================\n  \u2705 vnnlib                    PASSED\n================================================================================\n\n"
}
{
  "benchmark": "tinyimagenet_2024",
  "instance_id": 122,
  "status": "OK",
  "cli_normalized": "OK",
  "wall_s": 21.513555133948103,
  "peak_rss_mb": 2530.0546875,
  "returncode": 0,
  "per_instance_json": "/data1/Kane/ACT/audit_results/full_vnncomp_20260530T092003Z/tinyimagenet_2024_w1/per_instance_tinyimagenet_2024_20260530T120828016433Z.json",
  "out_dir": "/data1/Kane/ACT/audit_results/full_vnncomp_20260530T092003Z/tinyimagenet_2024_w1",
  "stdout_tail": "941 has 642.00 MiB memory in use. Of the allocated memory 6.51 GiB is allocated by PyTorch, and 5.28 GiB is reserved by PyTorch but unallocated. If reserved but unallocated memory is large try setting PYTORCH_CUDA_ALLOC_CONF=expandable_segments:True to avoid fragmentation.  See documentation for Memory Management  (https://pytorch.org/docs/stable/notes/cuda.html#environment-variables)\nWARNING:act.back_end.solver.solver_hz:L25 FALLBACK (AttributeError): 'SparseGcZ' object has no attribute 'Gc'\n[ACT] Using existing Gurobi license: ../ACT/modules/gurobi/gurobi.lic\n\u2705 Device Manager Initialized: device=cuda:0, dtype=torch.float64\n\n================================================================================\nACT: Abstract Constraint Transformer\nInference-based whitebox fuzzing for neural network verification\n================================================================================\n\n\n================================================================================\nVERIFICATION TEST: VNNLIB \u2192 VerifiableModel \u2192 verify_once\n================================================================================\n\n[vnnlib] category=tinyimagenet_2024 max_instances=1 mode=hybridz (full TOP1_ROBUST via labeled_tensor collapse; device=cuda, timeout=180.0s)\n  [  1/1] tinyimagenet_2024/onnx/TinyImageNet_resnet_medium.onnx@vnnlib/TinyImageNet_resnet_medium_prop_idx_7889_sidx_4249_eps_0.0039.vnnlib: UNKNOWN (16.8s)  V=0 A=0 U=1 E=0  R=0\n\n[vnnlib/hybridz] FINAL \u2014 total=1 wall=0.3 min\n  UNKNOWN      1\n  [structured] per-instance log \u2192 /data1/Kane/ACT/audit_results/full_vnncomp_20260530T092003Z/tinyimagenet_2024_w1/per_instance_tinyimagenet_2024_20260530T120828016433Z.json\n\n================================================================================\nVERIFICATION TEST SUMMARY\n================================================================================\n  \u2705 vnnlib                    PASSED\n================================================================================\n\n"
}
{
  "benchmark": "tinyimagenet_2024",
  "instance_id": 123,
  "status": "OK",
  "cli_normalized": "OK",
  "wall_s": 19.51169558695983,
  "peak_rss_mb": 2490.99609375,
  "returncode": 0,
  "per_instance_json": "/data1/Kane/ACT/audit_results/full_vnncomp_20260530T092003Z/tinyimagenet_2024_w1/per_instance_tinyimagenet_2024_20260530T120847942346Z.json",
  "out_dir": "/data1/Kane/ACT/audit_results/full_vnncomp_20260530T092003Z/tinyimagenet_2024_w1",
  "stdout_tail": "209 has 642.00 MiB memory in use. Of the allocated memory 6.48 GiB is allocated by PyTorch, and 5.37 GiB is reserved by PyTorch but unallocated. If reserved but unallocated memory is large try setting PYTORCH_CUDA_ALLOC_CONF=expandable_segments:True to avoid fragmentation.  See documentation for Memory Management  (https://pytorch.org/docs/stable/notes/cuda.html#environment-variables)\nWARNING:act.back_end.solver.solver_hz:L25 FALLBACK (AttributeError): 'SparseGcZ' object has no attribute 'Gc'\n[ACT] Using existing Gurobi license: ../ACT/modules/gurobi/gurobi.lic\n\u2705 Device Manager Initialized: device=cuda:0, dtype=torch.float64\n\n================================================================================\nACT: Abstract Constraint Transformer\nInference-based whitebox fuzzing for neural network verification\n================================================================================\n\n\n================================================================================\nVERIFICATION TEST: VNNLIB \u2192 VerifiableModel \u2192 verify_once\n================================================================================\n\n[vnnlib] category=tinyimagenet_2024 max_instances=1 mode=hybridz (full TOP1_ROBUST via labeled_tensor collapse; device=cuda, timeout=180.0s)\n  [  1/1] tinyimagenet_2024/onnx/TinyImageNet_resnet_medium.onnx@vnnlib/TinyImageNet_resnet_medium_prop_idx_7600_sidx_1132_eps_0.0039.vnnlib: UNKNOWN (15.2s)  V=0 A=0 U=1 E=0  R=0\n\n[vnnlib/hybridz] FINAL \u2014 total=1 wall=0.3 min\n  UNKNOWN      1\n  [structured] per-instance log \u2192 /data1/Kane/ACT/audit_results/full_vnncomp_20260530T092003Z/tinyimagenet_2024_w1/per_instance_tinyimagenet_2024_20260530T120847942346Z.json\n\n================================================================================\nVERIFICATION TEST SUMMARY\n================================================================================\n  \u2705 vnnlib                    PASSED\n================================================================================\n\n"
}
{
  "benchmark": "tinyimagenet_2024",
  "instance_id": 124,
  "status": "OK",
  "cli_normalized": "OK",
  "wall_s": 16.51064699597191,
  "peak_rss_mb": 2493.41796875,
  "returncode": 0,
  "per_instance_json": "/data1/Kane/ACT/audit_results/full_vnncomp_20260530T092003Z/tinyimagenet_2024_w1/per_instance_tinyimagenet_2024_20260530T120904077742Z.json",
  "out_dir": "/data1/Kane/ACT/audit_results/full_vnncomp_20260530T092003Z/tinyimagenet_2024_w1",
  "stdout_tail": "ast 1)\nWARNING:act.back_end.solver.solver_hz:L9 FALLBACK (RuntimeError): CUDA error: insufficient resources when calling `cusparseSpGEMM_workEstimation( handle, opA, opB, &alpha, matA, matB, &beta, matC, computeType, CUSPARSE_SPGEMM_DEFAULT, spgemmDesc, &bufferSize1, dBuffer1)`\nWARNING:act.back_end.solver.solver_hz:L12 FALLBACK (AttributeError): 'SparseGcZ' object has no attribute 'Gc'\nWARNING:act.back_end.solver.solver_hz:L25 FALLBACK (AttributeError): 'SparseGcZ' object has no attribute 'Gc'\n[ACT] Using existing Gurobi license: ../ACT/modules/gurobi/gurobi.lic\n\u2705 Device Manager Initialized: device=cuda:0, dtype=torch.float64\n\n================================================================================\nACT: Abstract Constraint Transformer\nInference-based whitebox fuzzing for neural network verification\n================================================================================\n\n\n================================================================================\nVERIFICATION TEST: VNNLIB \u2192 VerifiableModel \u2192 verify_once\n================================================================================\n\n[vnnlib] category=tinyimagenet_2024 max_instances=1 mode=hybridz (full TOP1_ROBUST via labeled_tensor collapse; device=cuda, timeout=180.0s)\n  [  1/1] tinyimagenet_2024/onnx/TinyImageNet_resnet_medium.onnx@vnnlib/TinyImageNet_resnet_medium_prop_idx_259_sidx_1412_eps_0.0039.vnnlib: UNKNOWN (11.9s)  V=0 A=0 U=1 E=0  R=0\n\n[vnnlib/hybridz] FINAL \u2014 total=1 wall=0.2 min\n  UNKNOWN      1\n  [structured] per-instance log \u2192 /data1/Kane/ACT/audit_results/full_vnncomp_20260530T092003Z/tinyimagenet_2024_w1/per_instance_tinyimagenet_2024_20260530T120904077742Z.json\n\n================================================================================\nVERIFICATION TEST SUMMARY\n================================================================================\n  \u2705 vnnlib                    PASSED\n================================================================================\n\n"
}
{
  "benchmark": "tinyimagenet_2024",
  "instance_id": 125,
  "status": "OK",
  "cli_normalized": "OK",
  "wall_s": 21.512356364983134,
  "peak_rss_mb": 2488.1328125,
  "returncode": 0,
  "per_instance_json": "/data1/Kane/ACT/audit_results/full_vnncomp_20260530T092003Z/tinyimagenet_2024_w1/per_instance_tinyimagenet_2024_20260530T120925720453Z.json",
  "out_dir": "/data1/Kane/ACT/audit_results/full_vnncomp_20260530T092003Z/tinyimagenet_2024_w1",
  "stdout_tail": "400461 has 5.77 GiB memory in use. Of the allocated memory 2.07 GiB is allocated by PyTorch, and 5.04 GiB is reserved by PyTorch but unallocated. If reserved but unallocated memory is large try setting PYTORCH_CUDA_ALLOC_CONF=expandable_segments:True to avoid fragmentation.  See documentation for Memory Management  (https://pytorch.org/docs/stable/notes/cuda.html#environment-variables)\nWARNING:act.back_end.solver.solver_hz:L25 FALLBACK (AttributeError): 'SparseGcZ' object has no attribute 'Gc'\n[ACT] Using existing Gurobi license: ../ACT/modules/gurobi/gurobi.lic\n\u2705 Device Manager Initialized: device=cuda:0, dtype=torch.float64\n\n================================================================================\nACT: Abstract Constraint Transformer\nInference-based whitebox fuzzing for neural network verification\n================================================================================\n\n\n================================================================================\nVERIFICATION TEST: VNNLIB \u2192 VerifiableModel \u2192 verify_once\n================================================================================\n\n[vnnlib] category=tinyimagenet_2024 max_instances=1 mode=hybridz (full TOP1_ROBUST via labeled_tensor collapse; device=cuda, timeout=180.0s)\n  [  1/1] tinyimagenet_2024/onnx/TinyImageNet_resnet_medium.onnx@vnnlib/TinyImageNet_resnet_medium_prop_idx_683_sidx_2348_eps_0.0039.vnnlib: UNKNOWN (17.2s)  V=0 A=0 U=1 E=0  R=0\n\n[vnnlib/hybridz] FINAL \u2014 total=1 wall=0.3 min\n  UNKNOWN      1\n  [structured] per-instance log \u2192 /data1/Kane/ACT/audit_results/full_vnncomp_20260530T092003Z/tinyimagenet_2024_w1/per_instance_tinyimagenet_2024_20260530T120925720453Z.json\n\n================================================================================\nVERIFICATION TEST SUMMARY\n================================================================================\n  \u2705 vnnlib                    PASSED\n================================================================================\n\n"
}
{
  "benchmark": "tinyimagenet_2024",
  "instance_id": 126,
  "status": "OK",
  "cli_normalized": "OK",
  "wall_s": 18.51054434105754,
  "peak_rss_mb": 2487.78125,
  "returncode": 0,
  "per_instance_json": "/data1/Kane/ACT/audit_results/full_vnncomp_20260530T092003Z/tinyimagenet_2024_w1/per_instance_tinyimagenet_2024_20260530T120944312671Z.json",
  "out_dir": "/data1/Kane/ACT/audit_results/full_vnncomp_20260530T092003Z/tinyimagenet_2024_w1",
  "stdout_tail": "230 has 678.00 MiB memory in use. Of the allocated memory 6.01 GiB is allocated by PyTorch, and 4.93 GiB is reserved by PyTorch but unallocated. If reserved but unallocated memory is large try setting PYTORCH_CUDA_ALLOC_CONF=expandable_segments:True to avoid fragmentation.  See documentation for Memory Management  (https://pytorch.org/docs/stable/notes/cuda.html#environment-variables)\nWARNING:act.back_end.solver.solver_hz:L25 FALLBACK (AttributeError): 'SparseGcZ' object has no attribute 'Gc'\n[ACT] Using existing Gurobi license: ../ACT/modules/gurobi/gurobi.lic\n\u2705 Device Manager Initialized: device=cuda:0, dtype=torch.float64\n\n================================================================================\nACT: Abstract Constraint Transformer\nInference-based whitebox fuzzing for neural network verification\n================================================================================\n\n\n================================================================================\nVERIFICATION TEST: VNNLIB \u2192 VerifiableModel \u2192 verify_once\n================================================================================\n\n[vnnlib] category=tinyimagenet_2024 max_instances=1 mode=hybridz (full TOP1_ROBUST via labeled_tensor collapse; device=cuda, timeout=180.0s)\n  [  1/1] tinyimagenet_2024/onnx/TinyImageNet_resnet_medium.onnx@vnnlib/TinyImageNet_resnet_medium_prop_idx_9940_sidx_5174_eps_0.0039.vnnlib: UNKNOWN (14.2s)  V=0 A=0 U=1 E=0  R=0\n\n[vnnlib/hybridz] FINAL \u2014 total=1 wall=0.2 min\n  UNKNOWN      1\n  [structured] per-instance log \u2192 /data1/Kane/ACT/audit_results/full_vnncomp_20260530T092003Z/tinyimagenet_2024_w1/per_instance_tinyimagenet_2024_20260530T120944312671Z.json\n\n================================================================================\nVERIFICATION TEST SUMMARY\n================================================================================\n  \u2705 vnnlib                    PASSED\n================================================================================\n\n"
}
{
  "benchmark": "tinyimagenet_2024",
  "instance_id": 127,
  "status": "OK",
  "cli_normalized": "OK",
  "wall_s": 20.013728572055697,
  "peak_rss_mb": 2486.65625,
  "returncode": 0,
  "per_instance_json": "/data1/Kane/ACT/audit_results/full_vnncomp_20260530T092003Z/tinyimagenet_2024_w1/per_instance_tinyimagenet_2024_20260530T121004294959Z.json",
  "out_dir": "/data1/Kane/ACT/audit_results/full_vnncomp_20260530T092003Z/tinyimagenet_2024_w1",
  "stdout_tail": "4164 has 678.00 MiB memory in use. Of the allocated memory 2.02 GiB is allocated by PyTorch, and 5.04 GiB is reserved by PyTorch but unallocated. If reserved but unallocated memory is large try setting PYTORCH_CUDA_ALLOC_CONF=expandable_segments:True to avoid fragmentation.  See documentation for Memory Management  (https://pytorch.org/docs/stable/notes/cuda.html#environment-variables)\nWARNING:act.back_end.solver.solver_hz:L25 FALLBACK (AttributeError): 'SparseGcZ' object has no attribute 'Gc'\n[ACT] Using existing Gurobi license: ../ACT/modules/gurobi/gurobi.lic\n\u2705 Device Manager Initialized: device=cuda:0, dtype=torch.float64\n\n================================================================================\nACT: Abstract Constraint Transformer\nInference-based whitebox fuzzing for neural network verification\n================================================================================\n\n\n================================================================================\nVERIFICATION TEST: VNNLIB \u2192 VerifiableModel \u2192 verify_once\n================================================================================\n\n[vnnlib] category=tinyimagenet_2024 max_instances=1 mode=hybridz (full TOP1_ROBUST via labeled_tensor collapse; device=cuda, timeout=180.0s)\n  [  1/1] tinyimagenet_2024/onnx/TinyImageNet_resnet_medium.onnx@vnnlib/TinyImageNet_resnet_medium_prop_idx_164_sidx_1090_eps_0.0039.vnnlib: UNKNOWN (15.5s)  V=0 A=0 U=1 E=0  R=0\n\n[vnnlib/hybridz] FINAL \u2014 total=1 wall=0.3 min\n  UNKNOWN      1\n  [structured] per-instance log \u2192 /data1/Kane/ACT/audit_results/full_vnncomp_20260530T092003Z/tinyimagenet_2024_w1/per_instance_tinyimagenet_2024_20260530T121004294959Z.json\n\n================================================================================\nVERIFICATION TEST SUMMARY\n================================================================================\n  \u2705 vnnlib                    PASSED\n================================================================================\n\n"
}
{
  "benchmark": "tinyimagenet_2024",
  "instance_id": 128,
  "status": "OK",
  "cli_normalized": "OK",
  "wall_s": 16.012035767082125,
  "peak_rss_mb": 2489.39453125,
  "returncode": 0,
  "per_instance_json": "/data1/Kane/ACT/audit_results/full_vnncomp_20260530T092003Z/tinyimagenet_2024_w1/per_instance_tinyimagenet_2024_20260530T121020415706Z.json",
  "out_dir": "/data1/Kane/ACT/audit_results/full_vnncomp_20260530T092003Z/tinyimagenet_2024_w1",
  "stdout_tail": "20945 has 3.29 GiB memory in use. Of the allocated memory 6.65 GiB is allocated by PyTorch, and 5.02 GiB is reserved by PyTorch but unallocated. If reserved but unallocated memory is large try setting PYTORCH_CUDA_ALLOC_CONF=expandable_segments:True to avoid fragmentation.  See documentation for Memory Management  (https://pytorch.org/docs/stable/notes/cuda.html#environment-variables)\nWARNING:act.back_end.solver.solver_hz:L25 FALLBACK (AttributeError): 'SparseGcZ' object has no attribute 'Gc'\n[ACT] Using existing Gurobi license: ../ACT/modules/gurobi/gurobi.lic\n\u2705 Device Manager Initialized: device=cuda:0, dtype=torch.float64\n\n================================================================================\nACT: Abstract Constraint Transformer\nInference-based whitebox fuzzing for neural network verification\n================================================================================\n\n\n================================================================================\nVERIFICATION TEST: VNNLIB \u2192 VerifiableModel \u2192 verify_once\n================================================================================\n\n[vnnlib] category=tinyimagenet_2024 max_instances=1 mode=hybridz (full TOP1_ROBUST via labeled_tensor collapse; device=cuda, timeout=180.0s)\n  [  1/1] tinyimagenet_2024/onnx/TinyImageNet_resnet_medium.onnx@vnnlib/TinyImageNet_resnet_medium_prop_idx_8372_sidx_8419_eps_0.0039.vnnlib: UNKNOWN (12.0s)  V=0 A=0 U=1 E=0  R=0\n\n[vnnlib/hybridz] FINAL \u2014 total=1 wall=0.2 min\n  UNKNOWN      1\n  [structured] per-instance log \u2192 /data1/Kane/ACT/audit_results/full_vnncomp_20260530T092003Z/tinyimagenet_2024_w1/per_instance_tinyimagenet_2024_20260530T121020415706Z.json\n\n================================================================================\nVERIFICATION TEST SUMMARY\n================================================================================\n  \u2705 vnnlib                    PASSED\n================================================================================\n\n"
}
{
  "benchmark": "tinyimagenet_2024",
  "instance_id": 129,
  "status": "OK",
  "cli_normalized": "OK",
  "wall_s": 16.010302077047527,
  "peak_rss_mb": 2488.27734375,
  "returncode": 0,
  "per_instance_json": "/data1/Kane/ACT/audit_results/full_vnncomp_20260530T092003Z/tinyimagenet_2024_w1/per_instance_tinyimagenet_2024_20260530T121036407986Z.json",
  "out_dir": "/data1/Kane/ACT/audit_results/full_vnncomp_20260530T092003Z/tinyimagenet_2024_w1",
  "stdout_tail": "348 has 702.00 MiB memory in use. Of the allocated memory 6.77 GiB is allocated by PyTorch, and 6.37 GiB is reserved by PyTorch but unallocated. If reserved but unallocated memory is large try setting PYTORCH_CUDA_ALLOC_CONF=expandable_segments:True to avoid fragmentation.  See documentation for Memory Management  (https://pytorch.org/docs/stable/notes/cuda.html#environment-variables)\nWARNING:act.back_end.solver.solver_hz:L25 FALLBACK (AttributeError): 'SparseGcZ' object has no attribute 'Gc'\n[ACT] Using existing Gurobi license: ../ACT/modules/gurobi/gurobi.lic\n\u2705 Device Manager Initialized: device=cuda:0, dtype=torch.float64\n\n================================================================================\nACT: Abstract Constraint Transformer\nInference-based whitebox fuzzing for neural network verification\n================================================================================\n\n\n================================================================================\nVERIFICATION TEST: VNNLIB \u2192 VerifiableModel \u2192 verify_once\n================================================================================\n\n[vnnlib] category=tinyimagenet_2024 max_instances=1 mode=hybridz (full TOP1_ROBUST via labeled_tensor collapse; device=cuda, timeout=180.0s)\n  [  1/1] tinyimagenet_2024/onnx/TinyImageNet_resnet_medium.onnx@vnnlib/TinyImageNet_resnet_medium_prop_idx_7403_sidx_8686_eps_0.0039.vnnlib: UNKNOWN (11.8s)  V=0 A=0 U=1 E=0  R=0\n\n[vnnlib/hybridz] FINAL \u2014 total=1 wall=0.2 min\n  UNKNOWN      1\n  [structured] per-instance log \u2192 /data1/Kane/ACT/audit_results/full_vnncomp_20260530T092003Z/tinyimagenet_2024_w1/per_instance_tinyimagenet_2024_20260530T121036407986Z.json\n\n================================================================================\nVERIFICATION TEST SUMMARY\n================================================================================\n  \u2705 vnnlib                    PASSED\n================================================================================\n\n"
}
{
  "benchmark": "tinyimagenet_2024",
  "instance_id": 130,
  "status": "OK",
  "cli_normalized": "OK",
  "wall_s": 14.51034925004933,
  "peak_rss_mb": 2487.40625,
  "returncode": 0,
  "per_instance_json": "/data1/Kane/ACT/audit_results/full_vnncomp_20260530T092003Z/tinyimagenet_2024_w1/per_instance_tinyimagenet_2024_20260530T121051071463Z.json",
  "out_dir": "/data1/Kane/ACT/audit_results/full_vnncomp_20260530T092003Z/tinyimagenet_2024_w1",
  "stdout_tail": "588 has 676.00 MiB memory in use. Of the allocated memory 1.66 GiB is allocated by PyTorch, and 5.55 GiB is reserved by PyTorch but unallocated. If reserved but unallocated memory is large try setting PYTORCH_CUDA_ALLOC_CONF=expandable_segments:True to avoid fragmentation.  See documentation for Memory Management  (https://pytorch.org/docs/stable/notes/cuda.html#environment-variables)\nWARNING:act.back_end.solver.solver_hz:L25 FALLBACK (AttributeError): 'SparseGcZ' object has no attribute 'Gc'\n[ACT] Using existing Gurobi license: ../ACT/modules/gurobi/gurobi.lic\n\u2705 Device Manager Initialized: device=cuda:0, dtype=torch.float64\n\n================================================================================\nACT: Abstract Constraint Transformer\nInference-based whitebox fuzzing for neural network verification\n================================================================================\n\n\n================================================================================\nVERIFICATION TEST: VNNLIB \u2192 VerifiableModel \u2192 verify_once\n================================================================================\n\n[vnnlib] category=tinyimagenet_2024 max_instances=1 mode=hybridz (full TOP1_ROBUST via labeled_tensor collapse; device=cuda, timeout=180.0s)\n  [  1/1] tinyimagenet_2024/onnx/TinyImageNet_resnet_medium.onnx@vnnlib/TinyImageNet_resnet_medium_prop_idx_9600_sidx_3536_eps_0.0039.vnnlib: UNKNOWN (10.6s)  V=0 A=0 U=1 E=0  R=0\n\n[vnnlib/hybridz] FINAL \u2014 total=1 wall=0.2 min\n  UNKNOWN      1\n  [structured] per-instance log \u2192 /data1/Kane/ACT/audit_results/full_vnncomp_20260530T092003Z/tinyimagenet_2024_w1/per_instance_tinyimagenet_2024_20260530T121051071463Z.json\n\n================================================================================\nVERIFICATION TEST SUMMARY\n================================================================================\n  \u2705 vnnlib                    PASSED\n================================================================================\n\n"
}
{
  "benchmark": "tinyimagenet_2024",
  "instance_id": 131,
  "status": "OK",
  "cli_normalized": "OK",
  "wall_s": 14.510630794917233,
  "peak_rss_mb": 2488.71484375,
  "returncode": 0,
  "per_instance_json": "/data1/Kane/ACT/audit_results/full_vnncomp_20260530T092003Z/tinyimagenet_2024_w1/per_instance_tinyimagenet_2024_20260530T121105551297Z.json",
  "out_dir": "/data1/Kane/ACT/audit_results/full_vnncomp_20260530T092003Z/tinyimagenet_2024_w1",
  "stdout_tail": "358 has 676.00 MiB memory in use. Of the allocated memory 5.88 GiB is allocated by PyTorch, and 5.30 GiB is reserved by PyTorch but unallocated. If reserved but unallocated memory is large try setting PYTORCH_CUDA_ALLOC_CONF=expandable_segments:True to avoid fragmentation.  See documentation for Memory Management  (https://pytorch.org/docs/stable/notes/cuda.html#environment-variables)\nWARNING:act.back_end.solver.solver_hz:L25 FALLBACK (AttributeError): 'SparseGcZ' object has no attribute 'Gc'\n[ACT] Using existing Gurobi license: ../ACT/modules/gurobi/gurobi.lic\n\u2705 Device Manager Initialized: device=cuda:0, dtype=torch.float64\n\n================================================================================\nACT: Abstract Constraint Transformer\nInference-based whitebox fuzzing for neural network verification\n================================================================================\n\n\n================================================================================\nVERIFICATION TEST: VNNLIB \u2192 VerifiableModel \u2192 verify_once\n================================================================================\n\n[vnnlib] category=tinyimagenet_2024 max_instances=1 mode=hybridz (full TOP1_ROBUST via labeled_tensor collapse; device=cuda, timeout=180.0s)\n  [  1/1] tinyimagenet_2024/onnx/TinyImageNet_resnet_medium.onnx@vnnlib/TinyImageNet_resnet_medium_prop_idx_7390_sidx_2694_eps_0.0039.vnnlib: UNKNOWN (10.6s)  V=0 A=0 U=1 E=0  R=0\n\n[vnnlib/hybridz] FINAL \u2014 total=1 wall=0.2 min\n  UNKNOWN      1\n  [structured] per-instance log \u2192 /data1/Kane/ACT/audit_results/full_vnncomp_20260530T092003Z/tinyimagenet_2024_w1/per_instance_tinyimagenet_2024_20260530T121105551297Z.json\n\n================================================================================\nVERIFICATION TEST SUMMARY\n================================================================================\n  \u2705 vnnlib                    PASSED\n================================================================================\n\n"
}
{
  "benchmark": "tinyimagenet_2024",
  "instance_id": 132,
  "status": "OK",
  "cli_normalized": "OK",
  "wall_s": 15.010493675014004,
  "peak_rss_mb": 2488.2421875,
  "returncode": 0,
  "per_instance_json": "/data1/Kane/ACT/audit_results/full_vnncomp_20260530T092003Z/tinyimagenet_2024_w1/per_instance_tinyimagenet_2024_20260530T121120416606Z.json",
  "out_dir": "/data1/Kane/ACT/audit_results/full_vnncomp_20260530T092003Z/tinyimagenet_2024_w1",
  "stdout_tail": "9962 has 676.00 MiB memory in use. Of the allocated memory 6.72 GiB is allocated by PyTorch, and 2.72 GiB is reserved by PyTorch but unallocated. If reserved but unallocated memory is large try setting PYTORCH_CUDA_ALLOC_CONF=expandable_segments:True to avoid fragmentation.  See documentation for Memory Management  (https://pytorch.org/docs/stable/notes/cuda.html#environment-variables)\nWARNING:act.back_end.solver.solver_hz:L25 FALLBACK (AttributeError): 'SparseGcZ' object has no attribute 'Gc'\n[ACT] Using existing Gurobi license: ../ACT/modules/gurobi/gurobi.lic\n\u2705 Device Manager Initialized: device=cuda:0, dtype=torch.float64\n\n================================================================================\nACT: Abstract Constraint Transformer\nInference-based whitebox fuzzing for neural network verification\n================================================================================\n\n\n================================================================================\nVERIFICATION TEST: VNNLIB \u2192 VerifiableModel \u2192 verify_once\n================================================================================\n\n[vnnlib] category=tinyimagenet_2024 max_instances=1 mode=hybridz (full TOP1_ROBUST via labeled_tensor collapse; device=cuda, timeout=180.0s)\n  [  1/1] tinyimagenet_2024/onnx/TinyImageNet_resnet_medium.onnx@vnnlib/TinyImageNet_resnet_medium_prop_idx_3115_sidx_671_eps_0.0039.vnnlib: UNKNOWN (11.0s)  V=0 A=0 U=1 E=0  R=0\n\n[vnnlib/hybridz] FINAL \u2014 total=1 wall=0.2 min\n  UNKNOWN      1\n  [structured] per-instance log \u2192 /data1/Kane/ACT/audit_results/full_vnncomp_20260530T092003Z/tinyimagenet_2024_w1/per_instance_tinyimagenet_2024_20260530T121120416606Z.json\n\n================================================================================\nVERIFICATION TEST SUMMARY\n================================================================================\n  \u2705 vnnlib                    PASSED\n================================================================================\n\n"
}
{
  "benchmark": "tinyimagenet_2024",
  "instance_id": 133,
  "status": "OK",
  "cli_normalized": "OK",
  "wall_s": 16.511160186026245,
  "peak_rss_mb": 2490.4765625,
  "returncode": 0,
  "per_instance_json": "/data1/Kane/ACT/audit_results/full_vnncomp_20260530T092003Z/tinyimagenet_2024_w1/per_instance_tinyimagenet_2024_20260530T121137155396Z.json",
  "out_dir": "/data1/Kane/ACT/audit_results/full_vnncomp_20260530T092003Z/tinyimagenet_2024_w1",
  "stdout_tail": "49 has 674.00 MiB memory in use. Of the allocated memory 16.34 GiB is allocated by PyTorch, and 2.42 GiB is reserved by PyTorch but unallocated. If reserved but unallocated memory is large try setting PYTORCH_CUDA_ALLOC_CONF=expandable_segments:True to avoid fragmentation.  See documentation for Memory Management  (https://pytorch.org/docs/stable/notes/cuda.html#environment-variables)\nWARNING:act.back_end.solver.solver_hz:L25 FALLBACK (AttributeError): 'SparseGcZ' object has no attribute 'Gc'\n[ACT] Using existing Gurobi license: ../ACT/modules/gurobi/gurobi.lic\n\u2705 Device Manager Initialized: device=cuda:0, dtype=torch.float64\n\n================================================================================\nACT: Abstract Constraint Transformer\nInference-based whitebox fuzzing for neural network verification\n================================================================================\n\n\n================================================================================\nVERIFICATION TEST: VNNLIB \u2192 VerifiableModel \u2192 verify_once\n================================================================================\n\n[vnnlib] category=tinyimagenet_2024 max_instances=1 mode=hybridz (full TOP1_ROBUST via labeled_tensor collapse; device=cuda, timeout=180.0s)\n  [  1/1] tinyimagenet_2024/onnx/TinyImageNet_resnet_medium.onnx@vnnlib/TinyImageNet_resnet_medium_prop_idx_4472_sidx_9477_eps_0.0039.vnnlib: UNKNOWN (12.8s)  V=0 A=0 U=1 E=0  R=0\n\n[vnnlib/hybridz] FINAL \u2014 total=1 wall=0.2 min\n  UNKNOWN      1\n  [structured] per-instance log \u2192 /data1/Kane/ACT/audit_results/full_vnncomp_20260530T092003Z/tinyimagenet_2024_w1/per_instance_tinyimagenet_2024_20260530T121137155396Z.json\n\n================================================================================\nVERIFICATION TEST SUMMARY\n================================================================================\n  \u2705 vnnlib                    PASSED\n================================================================================\n\n"
}
{
  "benchmark": "tinyimagenet_2024",
  "instance_id": 134,
  "status": "OK",
  "cli_normalized": "OK",
  "wall_s": 15.009859424084425,
  "peak_rss_mb": 2542.1875,
  "returncode": 0,
  "per_instance_json": "/data1/Kane/ACT/audit_results/full_vnncomp_20260530T092003Z/tinyimagenet_2024_w1/per_instance_tinyimagenet_2024_20260530T121152114081Z.json",
  "out_dir": "/data1/Kane/ACT/audit_results/full_vnncomp_20260530T092003Z/tinyimagenet_2024_w1",
  "stdout_tail": "6 has 684.00 MiB memory in use. Of the allocated memory 4.97 GiB is allocated by PyTorch, and 561.95 MiB is reserved by PyTorch but unallocated. If reserved but unallocated memory is large try setting PYTORCH_CUDA_ALLOC_CONF=expandable_segments:True to avoid fragmentation.  See documentation for Memory Management  (https://pytorch.org/docs/stable/notes/cuda.html#environment-variables)\nWARNING:act.back_end.solver.solver_hz:L25 FALLBACK (AttributeError): 'SparseGcZ' object has no attribute 'Gc'\n[ACT] Using existing Gurobi license: ../ACT/modules/gurobi/gurobi.lic\n\u2705 Device Manager Initialized: device=cuda:0, dtype=torch.float64\n\n================================================================================\nACT: Abstract Constraint Transformer\nInference-based whitebox fuzzing for neural network verification\n================================================================================\n\n\n================================================================================\nVERIFICATION TEST: VNNLIB \u2192 VerifiableModel \u2192 verify_once\n================================================================================\n\n[vnnlib] category=tinyimagenet_2024 max_instances=1 mode=hybridz (full TOP1_ROBUST via labeled_tensor collapse; device=cuda, timeout=180.0s)\n  [  1/1] tinyimagenet_2024/onnx/TinyImageNet_resnet_medium.onnx@vnnlib/TinyImageNet_resnet_medium_prop_idx_7575_sidx_6502_eps_0.0039.vnnlib: UNKNOWN (11.3s)  V=0 A=0 U=1 E=0  R=0\n\n[vnnlib/hybridz] FINAL \u2014 total=1 wall=0.2 min\n  UNKNOWN      1\n  [structured] per-instance log \u2192 /data1/Kane/ACT/audit_results/full_vnncomp_20260530T092003Z/tinyimagenet_2024_w1/per_instance_tinyimagenet_2024_20260530T121152114081Z.json\n\n================================================================================\nVERIFICATION TEST SUMMARY\n================================================================================\n  \u2705 vnnlib                    PASSED\n================================================================================\n\n"
}
{
  "benchmark": "tinyimagenet_2024",
  "instance_id": 135,
  "status": "OK",
  "cli_normalized": "OK",
  "wall_s": 16.011954190908,
  "peak_rss_mb": 2487.1953125,
  "returncode": 0,
  "per_instance_json": "/data1/Kane/ACT/audit_results/full_vnncomp_20260530T092003Z/tinyimagenet_2024_w1/per_instance_tinyimagenet_2024_20260530T121207810891Z.json",
  "out_dir": "/data1/Kane/ACT/audit_results/full_vnncomp_20260530T092003Z/tinyimagenet_2024_w1",
  "stdout_tail": "8 has 676.00 MiB memory in use. Of the allocated memory 586.77 MiB is allocated by PyTorch, and 6.32 GiB is reserved by PyTorch but unallocated. If reserved but unallocated memory is large try setting PYTORCH_CUDA_ALLOC_CONF=expandable_segments:True to avoid fragmentation.  See documentation for Memory Management  (https://pytorch.org/docs/stable/notes/cuda.html#environment-variables)\nWARNING:act.back_end.solver.solver_hz:L25 FALLBACK (AttributeError): 'SparseGcZ' object has no attribute 'Gc'\n[ACT] Using existing Gurobi license: ../ACT/modules/gurobi/gurobi.lic\n\u2705 Device Manager Initialized: device=cuda:0, dtype=torch.float64\n\n================================================================================\nACT: Abstract Constraint Transformer\nInference-based whitebox fuzzing for neural network verification\n================================================================================\n\n\n================================================================================\nVERIFICATION TEST: VNNLIB \u2192 VerifiableModel \u2192 verify_once\n================================================================================\n\n[vnnlib] category=tinyimagenet_2024 max_instances=1 mode=hybridz (full TOP1_ROBUST via labeled_tensor collapse; device=cuda, timeout=180.0s)\n  [  1/1] tinyimagenet_2024/onnx/TinyImageNet_resnet_medium.onnx@vnnlib/TinyImageNet_resnet_medium_prop_idx_8472_sidx_7499_eps_0.0039.vnnlib: UNKNOWN (12.0s)  V=0 A=0 U=1 E=0  R=0\n\n[vnnlib/hybridz] FINAL \u2014 total=1 wall=0.2 min\n  UNKNOWN      1\n  [structured] per-instance log \u2192 /data1/Kane/ACT/audit_results/full_vnncomp_20260530T092003Z/tinyimagenet_2024_w1/per_instance_tinyimagenet_2024_20260530T121207810891Z.json\n\n================================================================================\nVERIFICATION TEST SUMMARY\n================================================================================\n  \u2705 vnnlib                    PASSED\n================================================================================\n\n"
}
{
  "benchmark": "tinyimagenet_2024",
  "instance_id": 136,
  "status": "OK",
  "cli_normalized": "OK",
  "wall_s": 13.009954189066775,
  "peak_rss_mb": 2487.74609375,
  "returncode": 0,
  "per_instance_json": "/data1/Kane/ACT/audit_results/full_vnncomp_20260530T092003Z/tinyimagenet_2024_w1/per_instance_tinyimagenet_2024_20260530T121220807203Z.json",
  "out_dir": "/data1/Kane/ACT/audit_results/full_vnncomp_20260530T092003Z/tinyimagenet_2024_w1",
  "stdout_tail": "s 9.22 GiB memory in use. Including non-PyTorch memory, this process has 2.37 GiB memory in use. Process 2479336 has 676.00 MiB memory in use. Of the allocated memory 1.30 GiB is allocated by PyTorch, and 436.48 MiB is reserved by PyTorch but unallocated. If reserved but unallocated memory is large try setting PYTORCH_CUDA_ALLOC_CONF=expandable_segments:True to avoid fragmentation.  See documentation for Memory Management  (https://pytorch.org/docs/stable/notes/cuda.html#environment-variables)\n[ACT] Using existing Gurobi license: ../ACT/modules/gurobi/gurobi.lic\n\u2705 Device Manager Initialized: device=cuda:0, dtype=torch.float64\n\n================================================================================\nACT: Abstract Constraint Transformer\nInference-based whitebox fuzzing for neural network verification\n================================================================================\n\n\n================================================================================\nVERIFICATION TEST: VNNLIB \u2192 VerifiableModel \u2192 verify_once\n================================================================================\n\n[vnnlib] category=tinyimagenet_2024 max_instances=1 mode=hybridz (full TOP1_ROBUST via labeled_tensor collapse; device=cuda, timeout=180.0s)\n  [  1/1] tinyimagenet_2024/onnx/TinyImageNet_resnet_medium.onnx@vnnlib/TinyImageNet_resnet_medium_prop_idx_7883_sidx_4184_eps_0.0039.vnnlib: UNKNOWN (8.9s)  V=0 A=0 U=1 E=0  R=0\n\n[vnnlib/hybridz] FINAL \u2014 total=1 wall=0.1 min\n  UNKNOWN      1\n  [structured] per-instance log \u2192 /data1/Kane/ACT/audit_results/full_vnncomp_20260530T092003Z/tinyimagenet_2024_w1/per_instance_tinyimagenet_2024_20260530T121220807203Z.json\n\n================================================================================\nVERIFICATION TEST SUMMARY\n================================================================================\n  \u2705 vnnlib                    PASSED\n================================================================================\n\n"
}
{
  "benchmark": "tinyimagenet_2024",
  "instance_id": 137,
  "status": "OK",
  "cli_normalized": "OK",
  "wall_s": 16.010471520014107,
  "peak_rss_mb": 2504.74609375,
  "returncode": 0,
  "per_instance_json": "/data1/Kane/ACT/audit_results/full_vnncomp_20260530T092003Z/tinyimagenet_2024_w1/per_instance_tinyimagenet_2024_20260530T121236987706Z.json",
  "out_dir": "/data1/Kane/ACT/audit_results/full_vnncomp_20260530T092003Z/tinyimagenet_2024_w1",
  "stdout_tail": "942 has 676.00 MiB memory in use. Of the allocated memory 6.02 GiB is allocated by PyTorch, and 1.01 GiB is reserved by PyTorch but unallocated. If reserved but unallocated memory is large try setting PYTORCH_CUDA_ALLOC_CONF=expandable_segments:True to avoid fragmentation.  See documentation for Memory Management  (https://pytorch.org/docs/stable/notes/cuda.html#environment-variables)\nWARNING:act.back_end.solver.solver_hz:L25 FALLBACK (AttributeError): 'SparseGcZ' object has no attribute 'Gc'\n[ACT] Using existing Gurobi license: ../ACT/modules/gurobi/gurobi.lic\n\u2705 Device Manager Initialized: device=cuda:0, dtype=torch.float64\n\n================================================================================\nACT: Abstract Constraint Transformer\nInference-based whitebox fuzzing for neural network verification\n================================================================================\n\n\n================================================================================\nVERIFICATION TEST: VNNLIB \u2192 VerifiableModel \u2192 verify_once\n================================================================================\n\n[vnnlib] category=tinyimagenet_2024 max_instances=1 mode=hybridz (full TOP1_ROBUST via labeled_tensor collapse; device=cuda, timeout=180.0s)\n  [  1/1] tinyimagenet_2024/onnx/TinyImageNet_resnet_medium.onnx@vnnlib/TinyImageNet_resnet_medium_prop_idx_6679_sidx_8279_eps_0.0039.vnnlib: UNKNOWN (12.1s)  V=0 A=0 U=1 E=0  R=0\n\n[vnnlib/hybridz] FINAL \u2014 total=1 wall=0.2 min\n  UNKNOWN      1\n  [structured] per-instance log \u2192 /data1/Kane/ACT/audit_results/full_vnncomp_20260530T092003Z/tinyimagenet_2024_w1/per_instance_tinyimagenet_2024_20260530T121236987706Z.json\n\n================================================================================\nVERIFICATION TEST SUMMARY\n================================================================================\n  \u2705 vnnlib                    PASSED\n================================================================================\n\n"
}
{
  "benchmark": "tinyimagenet_2024",
  "instance_id": 138,
  "status": "OK",
  "cli_normalized": "OK",
  "wall_s": 16.008829012978822,
  "peak_rss_mb": 2488.453125,
  "returncode": 0,
  "per_instance_json": "/data1/Kane/ACT/audit_results/full_vnncomp_20260530T092003Z/tinyimagenet_2024_w1/per_instance_tinyimagenet_2024_20260530T121253333165Z.json",
  "out_dir": "/data1/Kane/ACT/audit_results/full_vnncomp_20260530T092003Z/tinyimagenet_2024_w1",
  "stdout_tail": "2 has 676.00 MiB memory in use. Of the allocated memory 4.07 GiB is allocated by PyTorch, and 325.50 MiB is reserved by PyTorch but unallocated. If reserved but unallocated memory is large try setting PYTORCH_CUDA_ALLOC_CONF=expandable_segments:True to avoid fragmentation.  See documentation for Memory Management  (https://pytorch.org/docs/stable/notes/cuda.html#environment-variables)\nWARNING:act.back_end.solver.solver_hz:L25 FALLBACK (AttributeError): 'SparseGcZ' object has no attribute 'Gc'\n[ACT] Using existing Gurobi license: ../ACT/modules/gurobi/gurobi.lic\n\u2705 Device Manager Initialized: device=cuda:0, dtype=torch.float64\n\n================================================================================\nACT: Abstract Constraint Transformer\nInference-based whitebox fuzzing for neural network verification\n================================================================================\n\n\n================================================================================\nVERIFICATION TEST: VNNLIB \u2192 VerifiableModel \u2192 verify_once\n================================================================================\n\n[vnnlib] category=tinyimagenet_2024 max_instances=1 mode=hybridz (full TOP1_ROBUST via labeled_tensor collapse; device=cuda, timeout=180.0s)\n  [  1/1] tinyimagenet_2024/onnx/TinyImageNet_resnet_medium.onnx@vnnlib/TinyImageNet_resnet_medium_prop_idx_7762_sidx_3616_eps_0.0039.vnnlib: UNKNOWN (12.5s)  V=0 A=0 U=1 E=0  R=0\n\n[vnnlib/hybridz] FINAL \u2014 total=1 wall=0.2 min\n  UNKNOWN      1\n  [structured] per-instance log \u2192 /data1/Kane/ACT/audit_results/full_vnncomp_20260530T092003Z/tinyimagenet_2024_w1/per_instance_tinyimagenet_2024_20260530T121253333165Z.json\n\n================================================================================\nVERIFICATION TEST SUMMARY\n================================================================================\n  \u2705 vnnlib                    PASSED\n================================================================================\n\n"
}
{
  "benchmark": "tinyimagenet_2024",
  "instance_id": 139,
  "status": "OK",
  "cli_normalized": "OK",
  "wall_s": 16.010095583973452,
  "peak_rss_mb": 2488.1171875,
  "returncode": 0,
  "per_instance_json": "/data1/Kane/ACT/audit_results/full_vnncomp_20260530T092003Z/tinyimagenet_2024_w1/per_instance_tinyimagenet_2024_20260530T121308915752Z.json",
  "out_dir": "/data1/Kane/ACT/audit_results/full_vnncomp_20260530T092003Z/tinyimagenet_2024_w1",
  "stdout_tail": "254 has 554.00 MiB memory in use. Of the allocated memory 5.60 GiB is allocated by PyTorch, and 1.57 GiB is reserved by PyTorch but unallocated. If reserved but unallocated memory is large try setting PYTORCH_CUDA_ALLOC_CONF=expandable_segments:True to avoid fragmentation.  See documentation for Memory Management  (https://pytorch.org/docs/stable/notes/cuda.html#environment-variables)\nWARNING:act.back_end.solver.solver_hz:L25 FALLBACK (AttributeError): 'SparseGcZ' object has no attribute 'Gc'\n[ACT] Using existing Gurobi license: ../ACT/modules/gurobi/gurobi.lic\n\u2705 Device Manager Initialized: device=cuda:0, dtype=torch.float64\n\n================================================================================\nACT: Abstract Constraint Transformer\nInference-based whitebox fuzzing for neural network verification\n================================================================================\n\n\n================================================================================\nVERIFICATION TEST: VNNLIB \u2192 VerifiableModel \u2192 verify_once\n================================================================================\n\n[vnnlib] category=tinyimagenet_2024 max_instances=1 mode=hybridz (full TOP1_ROBUST via labeled_tensor collapse; device=cuda, timeout=180.0s)\n  [  1/1] tinyimagenet_2024/onnx/TinyImageNet_resnet_medium.onnx@vnnlib/TinyImageNet_resnet_medium_prop_idx_7538_sidx_5076_eps_0.0039.vnnlib: UNKNOWN (12.0s)  V=0 A=0 U=1 E=0  R=0\n\n[vnnlib/hybridz] FINAL \u2014 total=1 wall=0.2 min\n  UNKNOWN      1\n  [structured] per-instance log \u2192 /data1/Kane/ACT/audit_results/full_vnncomp_20260530T092003Z/tinyimagenet_2024_w1/per_instance_tinyimagenet_2024_20260530T121308915752Z.json\n\n================================================================================\nVERIFICATION TEST SUMMARY\n================================================================================\n  \u2705 vnnlib                    PASSED\n================================================================================\n\n"
}
{
  "benchmark": "tinyimagenet_2024",
  "instance_id": 140,
  "status": "OK",
  "cli_normalized": "OK",
  "wall_s": 17.010309564997442,
  "peak_rss_mb": 2479.03515625,
  "returncode": 0,
  "per_instance_json": "/data1/Kane/ACT/audit_results/full_vnncomp_20260530T092003Z/tinyimagenet_2024_w1/per_instance_tinyimagenet_2024_20260530T121325974871Z.json",
  "out_dir": "/data1/Kane/ACT/audit_results/full_vnncomp_20260530T092003Z/tinyimagenet_2024_w1",
  "stdout_tail": "801 has 676.00 MiB memory in use. Of the allocated memory 1.70 GiB is allocated by PyTorch, and 5.49 GiB is reserved by PyTorch but unallocated. If reserved but unallocated memory is large try setting PYTORCH_CUDA_ALLOC_CONF=expandable_segments:True to avoid fragmentation.  See documentation for Memory Management  (https://pytorch.org/docs/stable/notes/cuda.html#environment-variables)\nWARNING:act.back_end.solver.solver_hz:L25 FALLBACK (AttributeError): 'SparseGcZ' object has no attribute 'Gc'\n[ACT] Using existing Gurobi license: ../ACT/modules/gurobi/gurobi.lic\n\u2705 Device Manager Initialized: device=cuda:0, dtype=torch.float64\n\n================================================================================\nACT: Abstract Constraint Transformer\nInference-based whitebox fuzzing for neural network verification\n================================================================================\n\n\n================================================================================\nVERIFICATION TEST: VNNLIB \u2192 VerifiableModel \u2192 verify_once\n================================================================================\n\n[vnnlib] category=tinyimagenet_2024 max_instances=1 mode=hybridz (full TOP1_ROBUST via labeled_tensor collapse; device=cuda, timeout=180.0s)\n  [  1/1] tinyimagenet_2024/onnx/TinyImageNet_resnet_medium.onnx@vnnlib/TinyImageNet_resnet_medium_prop_idx_4513_sidx_5588_eps_0.0039.vnnlib: UNKNOWN (13.1s)  V=0 A=0 U=1 E=0  R=0\n\n[vnnlib/hybridz] FINAL \u2014 total=1 wall=0.2 min\n  UNKNOWN      1\n  [structured] per-instance log \u2192 /data1/Kane/ACT/audit_results/full_vnncomp_20260530T092003Z/tinyimagenet_2024_w1/per_instance_tinyimagenet_2024_20260530T121325974871Z.json\n\n================================================================================\nVERIFICATION TEST SUMMARY\n================================================================================\n  \u2705 vnnlib                    PASSED\n================================================================================\n\n"
}
{
  "benchmark": "tinyimagenet_2024",
  "instance_id": 141,
  "status": "OK",
  "cli_normalized": "OK",
  "wall_s": 14.50938430603128,
  "peak_rss_mb": 2521.84375,
  "returncode": 0,
  "per_instance_json": "/data1/Kane/ACT/audit_results/full_vnncomp_20260530T092003Z/tinyimagenet_2024_w1/per_instance_tinyimagenet_2024_20260530T121340710670Z.json",
  "out_dir": "/data1/Kane/ACT/audit_results/full_vnncomp_20260530T092003Z/tinyimagenet_2024_w1",
  "stdout_tail": "as 8.66 GiB memory in use. Process 2506157 has 8.03 GiB memory in use. Including non-PyTorch memory, this process has 4.81 GiB memory in use. Of the allocated memory 3.52 GiB is allocated by PyTorch, and 655.62 MiB is reserved by PyTorch but unallocated. If reserved but unallocated memory is large try setting PYTORCH_CUDA_ALLOC_CONF=expandable_segments:True to avoid fragmentation.  See documentation for Memory Management  (https://pytorch.org/docs/stable/notes/cuda.html#environment-variables)\n[ACT] Using existing Gurobi license: ../ACT/modules/gurobi/gurobi.lic\n\u2705 Device Manager Initialized: device=cuda:0, dtype=torch.float64\n\n================================================================================\nACT: Abstract Constraint Transformer\nInference-based whitebox fuzzing for neural network verification\n================================================================================\n\n\n================================================================================\nVERIFICATION TEST: VNNLIB \u2192 VerifiableModel \u2192 verify_once\n================================================================================\n\n[vnnlib] category=tinyimagenet_2024 max_instances=1 mode=hybridz (full TOP1_ROBUST via labeled_tensor collapse; device=cuda, timeout=180.0s)\n  [  1/1] tinyimagenet_2024/onnx/TinyImageNet_resnet_medium.onnx@vnnlib/TinyImageNet_resnet_medium_prop_idx_3110_sidx_1017_eps_0.0039.vnnlib: UNKNOWN (10.9s)  V=0 A=0 U=1 E=0  R=0\n\n[vnnlib/hybridz] FINAL \u2014 total=1 wall=0.2 min\n  UNKNOWN      1\n  [structured] per-instance log \u2192 /data1/Kane/ACT/audit_results/full_vnncomp_20260530T092003Z/tinyimagenet_2024_w1/per_instance_tinyimagenet_2024_20260530T121340710670Z.json\n\n================================================================================\nVERIFICATION TEST SUMMARY\n================================================================================\n  \u2705 vnnlib                    PASSED\n================================================================================\n\n"
}
{
  "benchmark": "tinyimagenet_2024",
  "instance_id": 142,
  "status": "OK",
  "cli_normalized": "OK",
  "wall_s": 17.009789295028895,
  "peak_rss_mb": 2488.5390625,
  "returncode": 0,
  "per_instance_json": "/data1/Kane/ACT/audit_results/full_vnncomp_20260530T092003Z/tinyimagenet_2024_w1/per_instance_tinyimagenet_2024_20260530T121357760611Z.json",
  "out_dir": "/data1/Kane/ACT/audit_results/full_vnncomp_20260530T092003Z/tinyimagenet_2024_w1",
  "stdout_tail": "12677 has 5.77 GiB memory in use. Of the allocated memory 6.07 GiB is allocated by PyTorch, and 1.21 GiB is reserved by PyTorch but unallocated. If reserved but unallocated memory is large try setting PYTORCH_CUDA_ALLOC_CONF=expandable_segments:True to avoid fragmentation.  See documentation for Memory Management  (https://pytorch.org/docs/stable/notes/cuda.html#environment-variables)\nWARNING:act.back_end.solver.solver_hz:L25 FALLBACK (AttributeError): 'SparseGcZ' object has no attribute 'Gc'\n[ACT] Using existing Gurobi license: ../ACT/modules/gurobi/gurobi.lic\n\u2705 Device Manager Initialized: device=cuda:0, dtype=torch.float64\n\n================================================================================\nACT: Abstract Constraint Transformer\nInference-based whitebox fuzzing for neural network verification\n================================================================================\n\n\n================================================================================\nVERIFICATION TEST: VNNLIB \u2192 VerifiableModel \u2192 verify_once\n================================================================================\n\n[vnnlib] category=tinyimagenet_2024 max_instances=1 mode=hybridz (full TOP1_ROBUST via labeled_tensor collapse; device=cuda, timeout=180.0s)\n  [  1/1] tinyimagenet_2024/onnx/TinyImageNet_resnet_medium.onnx@vnnlib/TinyImageNet_resnet_medium_prop_idx_6863_sidx_8059_eps_0.0039.vnnlib: UNKNOWN (13.4s)  V=0 A=0 U=1 E=0  R=0\n\n[vnnlib/hybridz] FINAL \u2014 total=1 wall=0.2 min\n  UNKNOWN      1\n  [structured] per-instance log \u2192 /data1/Kane/ACT/audit_results/full_vnncomp_20260530T092003Z/tinyimagenet_2024_w1/per_instance_tinyimagenet_2024_20260530T121357760611Z.json\n\n================================================================================\nVERIFICATION TEST SUMMARY\n================================================================================\n  \u2705 vnnlib                    PASSED\n================================================================================\n\n"
}
{
  "benchmark": "tinyimagenet_2024",
  "instance_id": 143,
  "status": "OK",
  "cli_normalized": "OK",
  "wall_s": 14.509934362955391,
  "peak_rss_mb": 2515.62890625,
  "returncode": 0,
  "per_instance_json": "/data1/Kane/ACT/audit_results/full_vnncomp_20260530T092003Z/tinyimagenet_2024_w1/per_instance_tinyimagenet_2024_20260530T121412506542Z.json",
  "out_dir": "/data1/Kane/ACT/audit_results/full_vnncomp_20260530T092003Z/tinyimagenet_2024_w1",
  "stdout_tail": "st 1)\nWARNING:act.back_end.solver.solver_hz:L9 FALLBACK (RuntimeError): CUDA error: insufficient resources when calling `cusparseSpGEMM_workEstimation( handle, opA, opB, &alpha, matA, matB, &beta, matC, computeType, CUSPARSE_SPGEMM_DEFAULT, spgemmDesc, &bufferSize1, dBuffer1)`\nWARNING:act.back_end.solver.solver_hz:L12 FALLBACK (AttributeError): 'SparseGcZ' object has no attribute 'Gc'\nWARNING:act.back_end.solver.solver_hz:L25 FALLBACK (AttributeError): 'SparseGcZ' object has no attribute 'Gc'\n[ACT] Using existing Gurobi license: ../ACT/modules/gurobi/gurobi.lic\n\u2705 Device Manager Initialized: device=cuda:0, dtype=torch.float64\n\n================================================================================\nACT: Abstract Constraint Transformer\nInference-based whitebox fuzzing for neural network verification\n================================================================================\n\n\n================================================================================\nVERIFICATION TEST: VNNLIB \u2192 VerifiableModel \u2192 verify_once\n================================================================================\n\n[vnnlib] category=tinyimagenet_2024 max_instances=1 mode=hybridz (full TOP1_ROBUST via labeled_tensor collapse; device=cuda, timeout=180.0s)\n  [  1/1] tinyimagenet_2024/onnx/TinyImageNet_resnet_medium.onnx@vnnlib/TinyImageNet_resnet_medium_prop_idx_3553_sidx_3392_eps_0.0039.vnnlib: UNKNOWN (11.3s)  V=0 A=0 U=1 E=0  R=0\n\n[vnnlib/hybridz] FINAL \u2014 total=1 wall=0.2 min\n  UNKNOWN      1\n  [structured] per-instance log \u2192 /data1/Kane/ACT/audit_results/full_vnncomp_20260530T092003Z/tinyimagenet_2024_w1/per_instance_tinyimagenet_2024_20260530T121412506542Z.json\n\n================================================================================\nVERIFICATION TEST SUMMARY\n================================================================================\n  \u2705 vnnlib                    PASSED\n================================================================================\n\n"
}
{
  "benchmark": "tinyimagenet_2024",
  "instance_id": 144,
  "status": "OK",
  "cli_normalized": "OK",
  "wall_s": 13.50760582392104,
  "peak_rss_mb": 2488.3515625,
  "returncode": 0,
  "per_instance_json": "/data1/Kane/ACT/audit_results/full_vnncomp_20260530T092003Z/tinyimagenet_2024_w1/per_instance_tinyimagenet_2024_20260530T121425933475Z.json",
  "out_dir": "/data1/Kane/ACT/audit_results/full_vnncomp_20260530T092003Z/tinyimagenet_2024_w1",
  "stdout_tail": "st 1)\nWARNING:act.back_end.solver.solver_hz:L9 FALLBACK (RuntimeError): CUDA error: insufficient resources when calling `cusparseSpGEMM_workEstimation( handle, opA, opB, &alpha, matA, matB, &beta, matC, computeType, CUSPARSE_SPGEMM_DEFAULT, spgemmDesc, &bufferSize1, dBuffer1)`\nWARNING:act.back_end.solver.solver_hz:L12 FALLBACK (AttributeError): 'SparseGcZ' object has no attribute 'Gc'\nWARNING:act.back_end.solver.solver_hz:L25 FALLBACK (AttributeError): 'SparseGcZ' object has no attribute 'Gc'\n[ACT] Using existing Gurobi license: ../ACT/modules/gurobi/gurobi.lic\n\u2705 Device Manager Initialized: device=cuda:0, dtype=torch.float64\n\n================================================================================\nACT: Abstract Constraint Transformer\nInference-based whitebox fuzzing for neural network verification\n================================================================================\n\n\n================================================================================\nVERIFICATION TEST: VNNLIB \u2192 VerifiableModel \u2192 verify_once\n================================================================================\n\n[vnnlib] category=tinyimagenet_2024 max_instances=1 mode=hybridz (full TOP1_ROBUST via labeled_tensor collapse; device=cuda, timeout=180.0s)\n  [  1/1] tinyimagenet_2024/onnx/TinyImageNet_resnet_medium.onnx@vnnlib/TinyImageNet_resnet_medium_prop_idx_5232_sidx_8001_eps_0.0039.vnnlib: UNKNOWN (10.3s)  V=0 A=0 U=1 E=0  R=0\n\n[vnnlib/hybridz] FINAL \u2014 total=1 wall=0.2 min\n  UNKNOWN      1\n  [structured] per-instance log \u2192 /data1/Kane/ACT/audit_results/full_vnncomp_20260530T092003Z/tinyimagenet_2024_w1/per_instance_tinyimagenet_2024_20260530T121425933475Z.json\n\n================================================================================\nVERIFICATION TEST SUMMARY\n================================================================================\n  \u2705 vnnlib                    PASSED\n================================================================================\n\n"
}
{
  "benchmark": "tinyimagenet_2024",
  "instance_id": 145,
  "status": "OK",
  "cli_normalized": "OK",
  "wall_s": 14.009355248999782,
  "peak_rss_mb": 2487.58203125,
  "returncode": 0,
  "per_instance_json": "/data1/Kane/ACT/audit_results/full_vnncomp_20260530T092003Z/tinyimagenet_2024_w1/per_instance_tinyimagenet_2024_20260530T121439774487Z.json",
  "out_dir": "/data1/Kane/ACT/audit_results/full_vnncomp_20260530T092003Z/tinyimagenet_2024_w1",
  "stdout_tail": "st 1)\nWARNING:act.back_end.solver.solver_hz:L9 FALLBACK (RuntimeError): CUDA error: insufficient resources when calling `cusparseSpGEMM_workEstimation( handle, opA, opB, &alpha, matA, matB, &beta, matC, computeType, CUSPARSE_SPGEMM_DEFAULT, spgemmDesc, &bufferSize1, dBuffer1)`\nWARNING:act.back_end.solver.solver_hz:L12 FALLBACK (AttributeError): 'SparseGcZ' object has no attribute 'Gc'\nWARNING:act.back_end.solver.solver_hz:L25 FALLBACK (AttributeError): 'SparseGcZ' object has no attribute 'Gc'\n[ACT] Using existing Gurobi license: ../ACT/modules/gurobi/gurobi.lic\n\u2705 Device Manager Initialized: device=cuda:0, dtype=torch.float64\n\n================================================================================\nACT: Abstract Constraint Transformer\nInference-based whitebox fuzzing for neural network verification\n================================================================================\n\n\n================================================================================\nVERIFICATION TEST: VNNLIB \u2192 VerifiableModel \u2192 verify_once\n================================================================================\n\n[vnnlib] category=tinyimagenet_2024 max_instances=1 mode=hybridz (full TOP1_ROBUST via labeled_tensor collapse; device=cuda, timeout=180.0s)\n  [  1/1] tinyimagenet_2024/onnx/TinyImageNet_resnet_medium.onnx@vnnlib/TinyImageNet_resnet_medium_prop_idx_9840_sidx_3444_eps_0.0039.vnnlib: UNKNOWN (10.6s)  V=0 A=0 U=1 E=0  R=0\n\n[vnnlib/hybridz] FINAL \u2014 total=1 wall=0.2 min\n  UNKNOWN      1\n  [structured] per-instance log \u2192 /data1/Kane/ACT/audit_results/full_vnncomp_20260530T092003Z/tinyimagenet_2024_w1/per_instance_tinyimagenet_2024_20260530T121439774487Z.json\n\n================================================================================\nVERIFICATION TEST SUMMARY\n================================================================================\n  \u2705 vnnlib                    PASSED\n================================================================================\n\n"
}
{
  "benchmark": "tinyimagenet_2024",
  "instance_id": 146,
  "status": "OK",
  "cli_normalized": "OK",
  "wall_s": 14.008620403008536,
  "peak_rss_mb": 2489.61328125,
  "returncode": 0,
  "per_instance_json": "/data1/Kane/ACT/audit_results/full_vnncomp_20260530T092003Z/tinyimagenet_2024_w1/per_instance_tinyimagenet_2024_20260530T121453922823Z.json",
  "out_dir": "/data1/Kane/ACT/audit_results/full_vnncomp_20260530T092003Z/tinyimagenet_2024_w1",
  "stdout_tail": "st 1)\nWARNING:act.back_end.solver.solver_hz:L9 FALLBACK (RuntimeError): CUDA error: insufficient resources when calling `cusparseSpGEMM_workEstimation( handle, opA, opB, &alpha, matA, matB, &beta, matC, computeType, CUSPARSE_SPGEMM_DEFAULT, spgemmDesc, &bufferSize1, dBuffer1)`\nWARNING:act.back_end.solver.solver_hz:L12 FALLBACK (AttributeError): 'SparseGcZ' object has no attribute 'Gc'\nWARNING:act.back_end.solver.solver_hz:L25 FALLBACK (AttributeError): 'SparseGcZ' object has no attribute 'Gc'\n[ACT] Using existing Gurobi license: ../ACT/modules/gurobi/gurobi.lic\n\u2705 Device Manager Initialized: device=cuda:0, dtype=torch.float64\n\n================================================================================\nACT: Abstract Constraint Transformer\nInference-based whitebox fuzzing for neural network verification\n================================================================================\n\n\n================================================================================\nVERIFICATION TEST: VNNLIB \u2192 VerifiableModel \u2192 verify_once\n================================================================================\n\n[vnnlib] category=tinyimagenet_2024 max_instances=1 mode=hybridz (full TOP1_ROBUST via labeled_tensor collapse; device=cuda, timeout=180.0s)\n  [  1/1] tinyimagenet_2024/onnx/TinyImageNet_resnet_medium.onnx@vnnlib/TinyImageNet_resnet_medium_prop_idx_8887_sidx_8800_eps_0.0039.vnnlib: UNKNOWN (10.8s)  V=0 A=0 U=1 E=0  R=0\n\n[vnnlib/hybridz] FINAL \u2014 total=1 wall=0.2 min\n  UNKNOWN      1\n  [structured] per-instance log \u2192 /data1/Kane/ACT/audit_results/full_vnncomp_20260530T092003Z/tinyimagenet_2024_w1/per_instance_tinyimagenet_2024_20260530T121453922823Z.json\n\n================================================================================\nVERIFICATION TEST SUMMARY\n================================================================================\n  \u2705 vnnlib                    PASSED\n================================================================================\n\n"
}
{
  "benchmark": "tinyimagenet_2024",
  "instance_id": 147,
  "status": "OK",
  "cli_normalized": "OK",
  "wall_s": 15.010784187004901,
  "peak_rss_mb": 2522.3359375,
  "returncode": 0,
  "per_instance_json": "/data1/Kane/ACT/audit_results/full_vnncomp_20260530T092003Z/tinyimagenet_2024_w1/per_instance_tinyimagenet_2024_20260530T121508963080Z.json",
  "out_dir": "/data1/Kane/ACT/audit_results/full_vnncomp_20260530T092003Z/tinyimagenet_2024_w1",
  "stdout_tail": "st 1)\nWARNING:act.back_end.solver.solver_hz:L9 FALLBACK (RuntimeError): CUDA error: insufficient resources when calling `cusparseSpGEMM_workEstimation( handle, opA, opB, &alpha, matA, matB, &beta, matC, computeType, CUSPARSE_SPGEMM_DEFAULT, spgemmDesc, &bufferSize1, dBuffer1)`\nWARNING:act.back_end.solver.solver_hz:L12 FALLBACK (AttributeError): 'SparseGcZ' object has no attribute 'Gc'\nWARNING:act.back_end.solver.solver_hz:L25 FALLBACK (AttributeError): 'SparseGcZ' object has no attribute 'Gc'\n[ACT] Using existing Gurobi license: ../ACT/modules/gurobi/gurobi.lic\n\u2705 Device Manager Initialized: device=cuda:0, dtype=torch.float64\n\n================================================================================\nACT: Abstract Constraint Transformer\nInference-based whitebox fuzzing for neural network verification\n================================================================================\n\n\n================================================================================\nVERIFICATION TEST: VNNLIB \u2192 VerifiableModel \u2192 verify_once\n================================================================================\n\n[vnnlib] category=tinyimagenet_2024 max_instances=1 mode=hybridz (full TOP1_ROBUST via labeled_tensor collapse; device=cuda, timeout=180.0s)\n  [  1/1] tinyimagenet_2024/onnx/TinyImageNet_resnet_medium.onnx@vnnlib/TinyImageNet_resnet_medium_prop_idx_4260_sidx_5004_eps_0.0039.vnnlib: UNKNOWN (11.7s)  V=0 A=0 U=1 E=0  R=0\n\n[vnnlib/hybridz] FINAL \u2014 total=1 wall=0.2 min\n  UNKNOWN      1\n  [structured] per-instance log \u2192 /data1/Kane/ACT/audit_results/full_vnncomp_20260530T092003Z/tinyimagenet_2024_w1/per_instance_tinyimagenet_2024_20260530T121508963080Z.json\n\n================================================================================\nVERIFICATION TEST SUMMARY\n================================================================================\n  \u2705 vnnlib                    PASSED\n================================================================================\n\n"
}
{
  "benchmark": "tinyimagenet_2024",
  "instance_id": 148,
  "status": "OK",
  "cli_normalized": "OK",
  "wall_s": 14.508864463074133,
  "peak_rss_mb": 2490.79296875,
  "returncode": 0,
  "per_instance_json": "/data1/Kane/ACT/audit_results/full_vnncomp_20260530T092003Z/tinyimagenet_2024_w1/per_instance_tinyimagenet_2024_20260530T121523442373Z.json",
  "out_dir": "/data1/Kane/ACT/audit_results/full_vnncomp_20260530T092003Z/tinyimagenet_2024_w1",
  "stdout_tail": "st 1)\nWARNING:act.back_end.solver.solver_hz:L9 FALLBACK (RuntimeError): CUDA error: insufficient resources when calling `cusparseSpGEMM_workEstimation( handle, opA, opB, &alpha, matA, matB, &beta, matC, computeType, CUSPARSE_SPGEMM_DEFAULT, spgemmDesc, &bufferSize1, dBuffer1)`\nWARNING:act.back_end.solver.solver_hz:L12 FALLBACK (AttributeError): 'SparseGcZ' object has no attribute 'Gc'\nWARNING:act.back_end.solver.solver_hz:L25 FALLBACK (AttributeError): 'SparseGcZ' object has no attribute 'Gc'\n[ACT] Using existing Gurobi license: ../ACT/modules/gurobi/gurobi.lic\n\u2705 Device Manager Initialized: device=cuda:0, dtype=torch.float64\n\n================================================================================\nACT: Abstract Constraint Transformer\nInference-based whitebox fuzzing for neural network verification\n================================================================================\n\n\n================================================================================\nVERIFICATION TEST: VNNLIB \u2192 VerifiableModel \u2192 verify_once\n================================================================================\n\n[vnnlib] category=tinyimagenet_2024 max_instances=1 mode=hybridz (full TOP1_ROBUST via labeled_tensor collapse; device=cuda, timeout=180.0s)\n  [  1/1] tinyimagenet_2024/onnx/TinyImageNet_resnet_medium.onnx@vnnlib/TinyImageNet_resnet_medium_prop_idx_3416_sidx_7951_eps_0.0039.vnnlib: UNKNOWN (11.2s)  V=0 A=0 U=1 E=0  R=0\n\n[vnnlib/hybridz] FINAL \u2014 total=1 wall=0.2 min\n  UNKNOWN      1\n  [structured] per-instance log \u2192 /data1/Kane/ACT/audit_results/full_vnncomp_20260530T092003Z/tinyimagenet_2024_w1/per_instance_tinyimagenet_2024_20260530T121523442373Z.json\n\n================================================================================\nVERIFICATION TEST SUMMARY\n================================================================================\n  \u2705 vnnlib                    PASSED\n================================================================================\n\n"
}
{
  "benchmark": "tinyimagenet_2024",
  "instance_id": 149,
  "status": "OK",
  "cli_normalized": "OK",
  "wall_s": 13.507363895070739,
  "peak_rss_mb": 2491.62890625,
  "returncode": 0,
  "per_instance_json": "/data1/Kane/ACT/audit_results/full_vnncomp_20260530T092003Z/tinyimagenet_2024_w1/per_instance_tinyimagenet_2024_20260530T121536877891Z.json",
  "out_dir": "/data1/Kane/ACT/audit_results/full_vnncomp_20260530T092003Z/tinyimagenet_2024_w1",
  "stdout_tail": "st 1)\nWARNING:act.back_end.solver.solver_hz:L9 FALLBACK (RuntimeError): CUDA error: insufficient resources when calling `cusparseSpGEMM_workEstimation( handle, opA, opB, &alpha, matA, matB, &beta, matC, computeType, CUSPARSE_SPGEMM_DEFAULT, spgemmDesc, &bufferSize1, dBuffer1)`\nWARNING:act.back_end.solver.solver_hz:L12 FALLBACK (AttributeError): 'SparseGcZ' object has no attribute 'Gc'\nWARNING:act.back_end.solver.solver_hz:L25 FALLBACK (AttributeError): 'SparseGcZ' object has no attribute 'Gc'\n[ACT] Using existing Gurobi license: ../ACT/modules/gurobi/gurobi.lic\n\u2705 Device Manager Initialized: device=cuda:0, dtype=torch.float64\n\n================================================================================\nACT: Abstract Constraint Transformer\nInference-based whitebox fuzzing for neural network verification\n================================================================================\n\n\n================================================================================\nVERIFICATION TEST: VNNLIB \u2192 VerifiableModel \u2192 verify_once\n================================================================================\n\n[vnnlib] category=tinyimagenet_2024 max_instances=1 mode=hybridz (full TOP1_ROBUST via labeled_tensor collapse; device=cuda, timeout=180.0s)\n  [  1/1] tinyimagenet_2024/onnx/TinyImageNet_resnet_medium.onnx@vnnlib/TinyImageNet_resnet_medium_prop_idx_3098_sidx_9528_eps_0.0039.vnnlib: UNKNOWN (10.2s)  V=0 A=0 U=1 E=0  R=0\n\n[vnnlib/hybridz] FINAL \u2014 total=1 wall=0.2 min\n  UNKNOWN      1\n  [structured] per-instance log \u2192 /data1/Kane/ACT/audit_results/full_vnncomp_20260530T092003Z/tinyimagenet_2024_w1/per_instance_tinyimagenet_2024_20260530T121536877891Z.json\n\n================================================================================\nVERIFICATION TEST SUMMARY\n================================================================================\n  \u2705 vnnlib                    PASSED\n================================================================================\n\n"
}
{
  "benchmark": "tinyimagenet_2024",
  "instance_id": 150,
  "status": "OK",
  "cli_normalized": "OK",
  "wall_s": 14.009860222926363,
  "peak_rss_mb": 2489.14453125,
  "returncode": 0,
  "per_instance_json": "/data1/Kane/ACT/audit_results/full_vnncomp_20260530T092003Z/tinyimagenet_2024_w1/per_instance_tinyimagenet_2024_20260530T121550995245Z.json",
  "out_dir": "/data1/Kane/ACT/audit_results/full_vnncomp_20260530T092003Z/tinyimagenet_2024_w1",
  "stdout_tail": "ast 1)\nWARNING:act.back_end.solver.solver_hz:L9 FALLBACK (RuntimeError): CUDA error: insufficient resources when calling `cusparseSpGEMM_workEstimation( handle, opA, opB, &alpha, matA, matB, &beta, matC, computeType, CUSPARSE_SPGEMM_DEFAULT, spgemmDesc, &bufferSize1, dBuffer1)`\nWARNING:act.back_end.solver.solver_hz:L12 FALLBACK (AttributeError): 'SparseGcZ' object has no attribute 'Gc'\nWARNING:act.back_end.solver.solver_hz:L25 FALLBACK (AttributeError): 'SparseGcZ' object has no attribute 'Gc'\n[ACT] Using existing Gurobi license: ../ACT/modules/gurobi/gurobi.lic\n\u2705 Device Manager Initialized: device=cuda:0, dtype=torch.float64\n\n================================================================================\nACT: Abstract Constraint Transformer\nInference-based whitebox fuzzing for neural network verification\n================================================================================\n\n\n================================================================================\nVERIFICATION TEST: VNNLIB \u2192 VerifiableModel \u2192 verify_once\n================================================================================\n\n[vnnlib] category=tinyimagenet_2024 max_instances=1 mode=hybridz (full TOP1_ROBUST via labeled_tensor collapse; device=cuda, timeout=180.0s)\n  [  1/1] tinyimagenet_2024/onnx/TinyImageNet_resnet_medium.onnx@vnnlib/TinyImageNet_resnet_medium_prop_idx_9271_sidx_575_eps_0.0039.vnnlib: UNKNOWN (10.8s)  V=0 A=0 U=1 E=0  R=0\n\n[vnnlib/hybridz] FINAL \u2014 total=1 wall=0.2 min\n  UNKNOWN      1\n  [structured] per-instance log \u2192 /data1/Kane/ACT/audit_results/full_vnncomp_20260530T092003Z/tinyimagenet_2024_w1/per_instance_tinyimagenet_2024_20260530T121550995245Z.json\n\n================================================================================\nVERIFICATION TEST SUMMARY\n================================================================================\n  \u2705 vnnlib                    PASSED\n================================================================================\n\n"
}
{
  "benchmark": "tinyimagenet_2024",
  "instance_id": 151,
  "status": "OK",
  "cli_normalized": "OK",
  "wall_s": 12.50797372602392,
  "peak_rss_mb": 2514.54296875,
  "returncode": 0,
  "per_instance_json": "/data1/Kane/ACT/audit_results/full_vnncomp_20260530T092003Z/tinyimagenet_2024_w1/per_instance_tinyimagenet_2024_20260530T121603653318Z.json",
  "out_dir": "/data1/Kane/ACT/audit_results/full_vnncomp_20260530T092003Z/tinyimagenet_2024_w1",
  "stdout_tail": "ast 1)\nWARNING:act.back_end.solver.solver_hz:L9 FALLBACK (RuntimeError): CUDA error: insufficient resources when calling `cusparseSpGEMM_workEstimation( handle, opA, opB, &alpha, matA, matB, &beta, matC, computeType, CUSPARSE_SPGEMM_DEFAULT, spgemmDesc, &bufferSize1, dBuffer1)`\nWARNING:act.back_end.solver.solver_hz:L12 FALLBACK (AttributeError): 'SparseGcZ' object has no attribute 'Gc'\nWARNING:act.back_end.solver.solver_hz:L25 FALLBACK (AttributeError): 'SparseGcZ' object has no attribute 'Gc'\n[ACT] Using existing Gurobi license: ../ACT/modules/gurobi/gurobi.lic\n\u2705 Device Manager Initialized: device=cuda:0, dtype=torch.float64\n\n================================================================================\nACT: Abstract Constraint Transformer\nInference-based whitebox fuzzing for neural network verification\n================================================================================\n\n\n================================================================================\nVERIFICATION TEST: VNNLIB \u2192 VerifiableModel \u2192 verify_once\n================================================================================\n\n[vnnlib] category=tinyimagenet_2024 max_instances=1 mode=hybridz (full TOP1_ROBUST via labeled_tensor collapse; device=cuda, timeout=180.0s)\n  [  1/1] tinyimagenet_2024/onnx/TinyImageNet_resnet_medium.onnx@vnnlib/TinyImageNet_resnet_medium_prop_idx_4330_sidx_3504_eps_0.0039.vnnlib: UNKNOWN (9.4s)  V=0 A=0 U=1 E=0  R=0\n\n[vnnlib/hybridz] FINAL \u2014 total=1 wall=0.2 min\n  UNKNOWN      1\n  [structured] per-instance log \u2192 /data1/Kane/ACT/audit_results/full_vnncomp_20260530T092003Z/tinyimagenet_2024_w1/per_instance_tinyimagenet_2024_20260530T121603653318Z.json\n\n================================================================================\nVERIFICATION TEST SUMMARY\n================================================================================\n  \u2705 vnnlib                    PASSED\n================================================================================\n\n"
}
{
  "benchmark": "tinyimagenet_2024",
  "instance_id": 152,
  "status": "OK",
  "cli_normalized": "OK",
  "wall_s": 14.5096069870051,
  "peak_rss_mb": 2490.859375,
  "returncode": 0,
  "per_instance_json": "/data1/Kane/ACT/audit_results/full_vnncomp_20260530T092003Z/tinyimagenet_2024_w1/per_instance_tinyimagenet_2024_20260530T121617890404Z.json",
  "out_dir": "/data1/Kane/ACT/audit_results/full_vnncomp_20260530T092003Z/tinyimagenet_2024_w1",
  "stdout_tail": "st 1)\nWARNING:act.back_end.solver.solver_hz:L9 FALLBACK (RuntimeError): CUDA error: insufficient resources when calling `cusparseSpGEMM_workEstimation( handle, opA, opB, &alpha, matA, matB, &beta, matC, computeType, CUSPARSE_SPGEMM_DEFAULT, spgemmDesc, &bufferSize1, dBuffer1)`\nWARNING:act.back_end.solver.solver_hz:L12 FALLBACK (AttributeError): 'SparseGcZ' object has no attribute 'Gc'\nWARNING:act.back_end.solver.solver_hz:L25 FALLBACK (AttributeError): 'SparseGcZ' object has no attribute 'Gc'\n[ACT] Using existing Gurobi license: ../ACT/modules/gurobi/gurobi.lic\n\u2705 Device Manager Initialized: device=cuda:0, dtype=torch.float64\n\n================================================================================\nACT: Abstract Constraint Transformer\nInference-based whitebox fuzzing for neural network verification\n================================================================================\n\n\n================================================================================\nVERIFICATION TEST: VNNLIB \u2192 VerifiableModel \u2192 verify_once\n================================================================================\n\n[vnnlib] category=tinyimagenet_2024 max_instances=1 mode=hybridz (full TOP1_ROBUST via labeled_tensor collapse; device=cuda, timeout=180.0s)\n  [  1/1] tinyimagenet_2024/onnx/TinyImageNet_resnet_medium.onnx@vnnlib/TinyImageNet_resnet_medium_prop_idx_9215_sidx_4878_eps_0.0039.vnnlib: UNKNOWN (11.1s)  V=0 A=0 U=1 E=0  R=0\n\n[vnnlib/hybridz] FINAL \u2014 total=1 wall=0.2 min\n  UNKNOWN      1\n  [structured] per-instance log \u2192 /data1/Kane/ACT/audit_results/full_vnncomp_20260530T092003Z/tinyimagenet_2024_w1/per_instance_tinyimagenet_2024_20260530T121617890404Z.json\n\n================================================================================\nVERIFICATION TEST SUMMARY\n================================================================================\n  \u2705 vnnlib                    PASSED\n================================================================================\n\n"
}
{
  "benchmark": "tinyimagenet_2024",
  "instance_id": 153,
  "status": "OK",
  "cli_normalized": "OK",
  "wall_s": 13.508957685902715,
  "peak_rss_mb": 2487.82421875,
  "returncode": 0,
  "per_instance_json": "/data1/Kane/ACT/audit_results/full_vnncomp_20260530T092003Z/tinyimagenet_2024_w1/per_instance_tinyimagenet_2024_20260530T121631216753Z.json",
  "out_dir": "/data1/Kane/ACT/audit_results/full_vnncomp_20260530T092003Z/tinyimagenet_2024_w1",
  "stdout_tail": "ast 1)\nWARNING:act.back_end.solver.solver_hz:L9 FALLBACK (RuntimeError): CUDA error: insufficient resources when calling `cusparseSpGEMM_workEstimation( handle, opA, opB, &alpha, matA, matB, &beta, matC, computeType, CUSPARSE_SPGEMM_DEFAULT, spgemmDesc, &bufferSize1, dBuffer1)`\nWARNING:act.back_end.solver.solver_hz:L12 FALLBACK (AttributeError): 'SparseGcZ' object has no attribute 'Gc'\nWARNING:act.back_end.solver.solver_hz:L25 FALLBACK (AttributeError): 'SparseGcZ' object has no attribute 'Gc'\n[ACT] Using existing Gurobi license: ../ACT/modules/gurobi/gurobi.lic\n\u2705 Device Manager Initialized: device=cuda:0, dtype=torch.float64\n\n================================================================================\nACT: Abstract Constraint Transformer\nInference-based whitebox fuzzing for neural network verification\n================================================================================\n\n\n================================================================================\nVERIFICATION TEST: VNNLIB \u2192 VerifiableModel \u2192 verify_once\n================================================================================\n\n[vnnlib] category=tinyimagenet_2024 max_instances=1 mode=hybridz (full TOP1_ROBUST via labeled_tensor collapse; device=cuda, timeout=180.0s)\n  [  1/1] tinyimagenet_2024/onnx/TinyImageNet_resnet_medium.onnx@vnnlib/TinyImageNet_resnet_medium_prop_idx_2493_sidx_4209_eps_0.0039.vnnlib: UNKNOWN (9.9s)  V=0 A=0 U=1 E=0  R=0\n\n[vnnlib/hybridz] FINAL \u2014 total=1 wall=0.2 min\n  UNKNOWN      1\n  [structured] per-instance log \u2192 /data1/Kane/ACT/audit_results/full_vnncomp_20260530T092003Z/tinyimagenet_2024_w1/per_instance_tinyimagenet_2024_20260530T121631216753Z.json\n\n================================================================================\nVERIFICATION TEST SUMMARY\n================================================================================\n  \u2705 vnnlib                    PASSED\n================================================================================\n\n"
}
{
  "benchmark": "tinyimagenet_2024",
  "instance_id": 154,
  "status": "OK",
  "cli_normalized": "OK",
  "wall_s": 11.007023519021459,
  "peak_rss_mb": 2452.48046875,
  "returncode": 0,
  "per_instance_json": "/data1/Kane/ACT/audit_results/full_vnncomp_20260530T092003Z/tinyimagenet_2024_w1/per_instance_tinyimagenet_2024_20260530T121642652350Z.json",
  "out_dir": "/data1/Kane/ACT/audit_results/full_vnncomp_20260530T092003Z/tinyimagenet_2024_w1",
  "stdout_tail": "ast 1)\nWARNING:act.back_end.solver.solver_hz:L9 FALLBACK (RuntimeError): CUDA error: insufficient resources when calling `cusparseSpGEMM_workEstimation( handle, opA, opB, &alpha, matA, matB, &beta, matC, computeType, CUSPARSE_SPGEMM_DEFAULT, spgemmDesc, &bufferSize1, dBuffer1)`\nWARNING:act.back_end.solver.solver_hz:L12 FALLBACK (AttributeError): 'SparseGcZ' object has no attribute 'Gc'\nWARNING:act.back_end.solver.solver_hz:L25 FALLBACK (AttributeError): 'SparseGcZ' object has no attribute 'Gc'\n[ACT] Using existing Gurobi license: ../ACT/modules/gurobi/gurobi.lic\n\u2705 Device Manager Initialized: device=cuda:0, dtype=torch.float64\n\n================================================================================\nACT: Abstract Constraint Transformer\nInference-based whitebox fuzzing for neural network verification\n================================================================================\n\n\n================================================================================\nVERIFICATION TEST: VNNLIB \u2192 VerifiableModel \u2192 verify_once\n================================================================================\n\n[vnnlib] category=tinyimagenet_2024 max_instances=1 mode=hybridz (full TOP1_ROBUST via labeled_tensor collapse; device=cuda, timeout=180.0s)\n  [  1/1] tinyimagenet_2024/onnx/TinyImageNet_resnet_medium.onnx@vnnlib/TinyImageNet_resnet_medium_prop_idx_5701_sidx_7560_eps_0.0039.vnnlib: UNKNOWN (8.0s)  V=0 A=0 U=1 E=0  R=0\n\n[vnnlib/hybridz] FINAL \u2014 total=1 wall=0.1 min\n  UNKNOWN      1\n  [structured] per-instance log \u2192 /data1/Kane/ACT/audit_results/full_vnncomp_20260530T092003Z/tinyimagenet_2024_w1/per_instance_tinyimagenet_2024_20260530T121642652350Z.json\n\n================================================================================\nVERIFICATION TEST SUMMARY\n================================================================================\n  \u2705 vnnlib                    PASSED\n================================================================================\n\n"
}
{
  "benchmark": "tinyimagenet_2024",
  "instance_id": 155,
  "status": "OK",
  "cli_normalized": "OK",
  "wall_s": 13.007676215958782,
  "peak_rss_mb": 2489.07421875,
  "returncode": 0,
  "per_instance_json": "/data1/Kane/ACT/audit_results/full_vnncomp_20260530T092003Z/tinyimagenet_2024_w1/per_instance_tinyimagenet_2024_20260530T121655441068Z.json",
  "out_dir": "/data1/Kane/ACT/audit_results/full_vnncomp_20260530T092003Z/tinyimagenet_2024_w1",
  "stdout_tail": "ast 1)\nWARNING:act.back_end.solver.solver_hz:L9 FALLBACK (RuntimeError): CUDA error: insufficient resources when calling `cusparseSpGEMM_workEstimation( handle, opA, opB, &alpha, matA, matB, &beta, matC, computeType, CUSPARSE_SPGEMM_DEFAULT, spgemmDesc, &bufferSize1, dBuffer1)`\nWARNING:act.back_end.solver.solver_hz:L12 FALLBACK (AttributeError): 'SparseGcZ' object has no attribute 'Gc'\nWARNING:act.back_end.solver.solver_hz:L25 FALLBACK (AttributeError): 'SparseGcZ' object has no attribute 'Gc'\n[ACT] Using existing Gurobi license: ../ACT/modules/gurobi/gurobi.lic\n\u2705 Device Manager Initialized: device=cuda:0, dtype=torch.float64\n\n================================================================================\nACT: Abstract Constraint Transformer\nInference-based whitebox fuzzing for neural network verification\n================================================================================\n\n\n================================================================================\nVERIFICATION TEST: VNNLIB \u2192 VerifiableModel \u2192 verify_once\n================================================================================\n\n[vnnlib] category=tinyimagenet_2024 max_instances=1 mode=hybridz (full TOP1_ROBUST via labeled_tensor collapse; device=cuda, timeout=180.0s)\n  [  1/1] tinyimagenet_2024/onnx/TinyImageNet_resnet_medium.onnx@vnnlib/TinyImageNet_resnet_medium_prop_idx_6773_sidx_7001_eps_0.0039.vnnlib: UNKNOWN (9.7s)  V=0 A=0 U=1 E=0  R=0\n\n[vnnlib/hybridz] FINAL \u2014 total=1 wall=0.2 min\n  UNKNOWN      1\n  [structured] per-instance log \u2192 /data1/Kane/ACT/audit_results/full_vnncomp_20260530T092003Z/tinyimagenet_2024_w1/per_instance_tinyimagenet_2024_20260530T121655441068Z.json\n\n================================================================================\nVERIFICATION TEST SUMMARY\n================================================================================\n  \u2705 vnnlib                    PASSED\n================================================================================\n\n"
}
{
  "benchmark": "tinyimagenet_2024",
  "instance_id": 156,
  "status": "OK",
  "cli_normalized": "OK",
  "wall_s": 13.508596742991358,
  "peak_rss_mb": 2494.8515625,
  "returncode": 0,
  "per_instance_json": "/data1/Kane/ACT/audit_results/full_vnncomp_20260530T092003Z/tinyimagenet_2024_w1/per_instance_tinyimagenet_2024_20260530T121708953834Z.json",
  "out_dir": "/data1/Kane/ACT/audit_results/full_vnncomp_20260530T092003Z/tinyimagenet_2024_w1",
  "stdout_tail": "ast 1)\nWARNING:act.back_end.solver.solver_hz:L9 FALLBACK (RuntimeError): CUDA error: insufficient resources when calling `cusparseSpGEMM_workEstimation( handle, opA, opB, &alpha, matA, matB, &beta, matC, computeType, CUSPARSE_SPGEMM_DEFAULT, spgemmDesc, &bufferSize1, dBuffer1)`\nWARNING:act.back_end.solver.solver_hz:L12 FALLBACK (AttributeError): 'SparseGcZ' object has no attribute 'Gc'\nWARNING:act.back_end.solver.solver_hz:L25 FALLBACK (AttributeError): 'SparseGcZ' object has no attribute 'Gc'\n[ACT] Using existing Gurobi license: ../ACT/modules/gurobi/gurobi.lic\n\u2705 Device Manager Initialized: device=cuda:0, dtype=torch.float64\n\n================================================================================\nACT: Abstract Constraint Transformer\nInference-based whitebox fuzzing for neural network verification\n================================================================================\n\n\n================================================================================\nVERIFICATION TEST: VNNLIB \u2192 VerifiableModel \u2192 verify_once\n================================================================================\n\n[vnnlib] category=tinyimagenet_2024 max_instances=1 mode=hybridz (full TOP1_ROBUST via labeled_tensor collapse; device=cuda, timeout=180.0s)\n  [  1/1] tinyimagenet_2024/onnx/TinyImageNet_resnet_medium.onnx@vnnlib/TinyImageNet_resnet_medium_prop_idx_670_sidx_7171_eps_0.0039.vnnlib: UNKNOWN (10.2s)  V=0 A=0 U=1 E=0  R=0\n\n[vnnlib/hybridz] FINAL \u2014 total=1 wall=0.2 min\n  UNKNOWN      1\n  [structured] per-instance log \u2192 /data1/Kane/ACT/audit_results/full_vnncomp_20260530T092003Z/tinyimagenet_2024_w1/per_instance_tinyimagenet_2024_20260530T121708953834Z.json\n\n================================================================================\nVERIFICATION TEST SUMMARY\n================================================================================\n  \u2705 vnnlib                    PASSED\n================================================================================\n\n"
}
{
  "benchmark": "tinyimagenet_2024",
  "instance_id": 157,
  "status": "OK",
  "cli_normalized": "OK",
  "wall_s": 14.508939657942392,
  "peak_rss_mb": 2521.6484375,
  "returncode": 0,
  "per_instance_json": "/data1/Kane/ACT/audit_results/full_vnncomp_20260530T092003Z/tinyimagenet_2024_w1/per_instance_tinyimagenet_2024_20260530T121723472794Z.json",
  "out_dir": "/data1/Kane/ACT/audit_results/full_vnncomp_20260530T092003Z/tinyimagenet_2024_w1",
  "stdout_tail": "st 1)\nWARNING:act.back_end.solver.solver_hz:L9 FALLBACK (RuntimeError): CUDA error: insufficient resources when calling `cusparseSpGEMM_workEstimation( handle, opA, opB, &alpha, matA, matB, &beta, matC, computeType, CUSPARSE_SPGEMM_DEFAULT, spgemmDesc, &bufferSize1, dBuffer1)`\nWARNING:act.back_end.solver.solver_hz:L12 FALLBACK (AttributeError): 'SparseGcZ' object has no attribute 'Gc'\nWARNING:act.back_end.solver.solver_hz:L25 FALLBACK (AttributeError): 'SparseGcZ' object has no attribute 'Gc'\n[ACT] Using existing Gurobi license: ../ACT/modules/gurobi/gurobi.lic\n\u2705 Device Manager Initialized: device=cuda:0, dtype=torch.float64\n\n================================================================================\nACT: Abstract Constraint Transformer\nInference-based whitebox fuzzing for neural network verification\n================================================================================\n\n\n================================================================================\nVERIFICATION TEST: VNNLIB \u2192 VerifiableModel \u2192 verify_once\n================================================================================\n\n[vnnlib] category=tinyimagenet_2024 max_instances=1 mode=hybridz (full TOP1_ROBUST via labeled_tensor collapse; device=cuda, timeout=180.0s)\n  [  1/1] tinyimagenet_2024/onnx/TinyImageNet_resnet_medium.onnx@vnnlib/TinyImageNet_resnet_medium_prop_idx_9419_sidx_9984_eps_0.0039.vnnlib: UNKNOWN (11.2s)  V=0 A=0 U=1 E=0  R=0\n\n[vnnlib/hybridz] FINAL \u2014 total=1 wall=0.2 min\n  UNKNOWN      1\n  [structured] per-instance log \u2192 /data1/Kane/ACT/audit_results/full_vnncomp_20260530T092003Z/tinyimagenet_2024_w1/per_instance_tinyimagenet_2024_20260530T121723472794Z.json\n\n================================================================================\nVERIFICATION TEST SUMMARY\n================================================================================\n  \u2705 vnnlib                    PASSED\n================================================================================\n\n"
}
{
  "benchmark": "tinyimagenet_2024",
  "instance_id": 158,
  "status": "OK",
  "cli_normalized": "OK",
  "wall_s": 15.009263567975722,
  "peak_rss_mb": 2488.48046875,
  "returncode": 0,
  "per_instance_json": "/data1/Kane/ACT/audit_results/full_vnncomp_20260530T092003Z/tinyimagenet_2024_w1/per_instance_tinyimagenet_2024_20260530T121738199637Z.json",
  "out_dir": "/data1/Kane/ACT/audit_results/full_vnncomp_20260530T092003Z/tinyimagenet_2024_w1",
  "stdout_tail": "st 1)\nWARNING:act.back_end.solver.solver_hz:L9 FALLBACK (RuntimeError): CUDA error: insufficient resources when calling `cusparseSpGEMM_workEstimation( handle, opA, opB, &alpha, matA, matB, &beta, matC, computeType, CUSPARSE_SPGEMM_DEFAULT, spgemmDesc, &bufferSize1, dBuffer1)`\nWARNING:act.back_end.solver.solver_hz:L12 FALLBACK (AttributeError): 'SparseGcZ' object has no attribute 'Gc'\nWARNING:act.back_end.solver.solver_hz:L25 FALLBACK (AttributeError): 'SparseGcZ' object has no attribute 'Gc'\n[ACT] Using existing Gurobi license: ../ACT/modules/gurobi/gurobi.lic\n\u2705 Device Manager Initialized: device=cuda:0, dtype=torch.float64\n\n================================================================================\nACT: Abstract Constraint Transformer\nInference-based whitebox fuzzing for neural network verification\n================================================================================\n\n\n================================================================================\nVERIFICATION TEST: VNNLIB \u2192 VerifiableModel \u2192 verify_once\n================================================================================\n\n[vnnlib] category=tinyimagenet_2024 max_instances=1 mode=hybridz (full TOP1_ROBUST via labeled_tensor collapse; device=cuda, timeout=180.0s)\n  [  1/1] tinyimagenet_2024/onnx/TinyImageNet_resnet_medium.onnx@vnnlib/TinyImageNet_resnet_medium_prop_idx_5442_sidx_6087_eps_0.0039.vnnlib: UNKNOWN (11.3s)  V=0 A=0 U=1 E=0  R=0\n\n[vnnlib/hybridz] FINAL \u2014 total=1 wall=0.2 min\n  UNKNOWN      1\n  [structured] per-instance log \u2192 /data1/Kane/ACT/audit_results/full_vnncomp_20260530T092003Z/tinyimagenet_2024_w1/per_instance_tinyimagenet_2024_20260530T121738199637Z.json\n\n================================================================================\nVERIFICATION TEST SUMMARY\n================================================================================\n  \u2705 vnnlib                    PASSED\n================================================================================\n\n"
}
{
  "benchmark": "tinyimagenet_2024",
  "instance_id": 159,
  "status": "OK",
  "cli_normalized": "OK",
  "wall_s": 14.008949959999882,
  "peak_rss_mb": 2490.03125,
  "returncode": 0,
  "per_instance_json": "/data1/Kane/ACT/audit_results/full_vnncomp_20260530T092003Z/tinyimagenet_2024_w1/per_instance_tinyimagenet_2024_20260530T121752691200Z.json",
  "out_dir": "/data1/Kane/ACT/audit_results/full_vnncomp_20260530T092003Z/tinyimagenet_2024_w1",
  "stdout_tail": "st 1)\nWARNING:act.back_end.solver.solver_hz:L9 FALLBACK (RuntimeError): CUDA error: insufficient resources when calling `cusparseSpGEMM_workEstimation( handle, opA, opB, &alpha, matA, matB, &beta, matC, computeType, CUSPARSE_SPGEMM_DEFAULT, spgemmDesc, &bufferSize1, dBuffer1)`\nWARNING:act.back_end.solver.solver_hz:L12 FALLBACK (AttributeError): 'SparseGcZ' object has no attribute 'Gc'\nWARNING:act.back_end.solver.solver_hz:L25 FALLBACK (AttributeError): 'SparseGcZ' object has no attribute 'Gc'\n[ACT] Using existing Gurobi license: ../ACT/modules/gurobi/gurobi.lic\n\u2705 Device Manager Initialized: device=cuda:0, dtype=torch.float64\n\n================================================================================\nACT: Abstract Constraint Transformer\nInference-based whitebox fuzzing for neural network verification\n================================================================================\n\n\n================================================================================\nVERIFICATION TEST: VNNLIB \u2192 VerifiableModel \u2192 verify_once\n================================================================================\n\n[vnnlib] category=tinyimagenet_2024 max_instances=1 mode=hybridz (full TOP1_ROBUST via labeled_tensor collapse; device=cuda, timeout=180.0s)\n  [  1/1] tinyimagenet_2024/onnx/TinyImageNet_resnet_medium.onnx@vnnlib/TinyImageNet_resnet_medium_prop_idx_9825_sidx_6883_eps_0.0039.vnnlib: UNKNOWN (10.8s)  V=0 A=0 U=1 E=0  R=0\n\n[vnnlib/hybridz] FINAL \u2014 total=1 wall=0.2 min\n  UNKNOWN      1\n  [structured] per-instance log \u2192 /data1/Kane/ACT/audit_results/full_vnncomp_20260530T092003Z/tinyimagenet_2024_w1/per_instance_tinyimagenet_2024_20260530T121752691200Z.json\n\n================================================================================\nVERIFICATION TEST SUMMARY\n================================================================================\n  \u2705 vnnlib                    PASSED\n================================================================================\n\n"
}
{
  "benchmark": "tinyimagenet_2024",
  "instance_id": 160,
  "status": "OK",
  "cli_normalized": "OK",
  "wall_s": 13.508712749928236,
  "peak_rss_mb": 2486.1328125,
  "returncode": 0,
  "per_instance_json": "/data1/Kane/ACT/audit_results/full_vnncomp_20260530T092003Z/tinyimagenet_2024_w1/per_instance_tinyimagenet_2024_20260530T121806023000Z.json",
  "out_dir": "/data1/Kane/ACT/audit_results/full_vnncomp_20260530T092003Z/tinyimagenet_2024_w1",
  "stdout_tail": "st 1)\nWARNING:act.back_end.solver.solver_hz:L9 FALLBACK (RuntimeError): CUDA error: insufficient resources when calling `cusparseSpGEMM_workEstimation( handle, opA, opB, &alpha, matA, matB, &beta, matC, computeType, CUSPARSE_SPGEMM_DEFAULT, spgemmDesc, &bufferSize1, dBuffer1)`\nWARNING:act.back_end.solver.solver_hz:L12 FALLBACK (AttributeError): 'SparseGcZ' object has no attribute 'Gc'\nWARNING:act.back_end.solver.solver_hz:L25 FALLBACK (AttributeError): 'SparseGcZ' object has no attribute 'Gc'\n[ACT] Using existing Gurobi license: ../ACT/modules/gurobi/gurobi.lic\n\u2705 Device Manager Initialized: device=cuda:0, dtype=torch.float64\n\n================================================================================\nACT: Abstract Constraint Transformer\nInference-based whitebox fuzzing for neural network verification\n================================================================================\n\n\n================================================================================\nVERIFICATION TEST: VNNLIB \u2192 VerifiableModel \u2192 verify_once\n================================================================================\n\n[vnnlib] category=tinyimagenet_2024 max_instances=1 mode=hybridz (full TOP1_ROBUST via labeled_tensor collapse; device=cuda, timeout=180.0s)\n  [  1/1] tinyimagenet_2024/onnx/TinyImageNet_resnet_medium.onnx@vnnlib/TinyImageNet_resnet_medium_prop_idx_5676_sidx_9851_eps_0.0039.vnnlib: UNKNOWN (10.1s)  V=0 A=0 U=1 E=0  R=0\n\n[vnnlib/hybridz] FINAL \u2014 total=1 wall=0.2 min\n  UNKNOWN      1\n  [structured] per-instance log \u2192 /data1/Kane/ACT/audit_results/full_vnncomp_20260530T092003Z/tinyimagenet_2024_w1/per_instance_tinyimagenet_2024_20260530T121806023000Z.json\n\n================================================================================\nVERIFICATION TEST SUMMARY\n================================================================================\n  \u2705 vnnlib                    PASSED\n================================================================================\n\n"
}
{
  "benchmark": "tinyimagenet_2024",
  "instance_id": 161,
  "status": "OK",
  "cli_normalized": "OK",
  "wall_s": 14.009641060023569,
  "peak_rss_mb": 2532.8828125,
  "returncode": 0,
  "per_instance_json": "/data1/Kane/ACT/audit_results/full_vnncomp_20260530T092003Z/tinyimagenet_2024_w1/per_instance_tinyimagenet_2024_20260530T121819773489Z.json",
  "out_dir": "/data1/Kane/ACT/audit_results/full_vnncomp_20260530T092003Z/tinyimagenet_2024_w1",
  "stdout_tail": "ast 1)\nWARNING:act.back_end.solver.solver_hz:L9 FALLBACK (RuntimeError): CUDA error: insufficient resources when calling `cusparseSpGEMM_workEstimation( handle, opA, opB, &alpha, matA, matB, &beta, matC, computeType, CUSPARSE_SPGEMM_DEFAULT, spgemmDesc, &bufferSize1, dBuffer1)`\nWARNING:act.back_end.solver.solver_hz:L12 FALLBACK (AttributeError): 'SparseGcZ' object has no attribute 'Gc'\nWARNING:act.back_end.solver.solver_hz:L25 FALLBACK (AttributeError): 'SparseGcZ' object has no attribute 'Gc'\n[ACT] Using existing Gurobi license: ../ACT/modules/gurobi/gurobi.lic\n\u2705 Device Manager Initialized: device=cuda:0, dtype=torch.float64\n\n================================================================================\nACT: Abstract Constraint Transformer\nInference-based whitebox fuzzing for neural network verification\n================================================================================\n\n\n================================================================================\nVERIFICATION TEST: VNNLIB \u2192 VerifiableModel \u2192 verify_once\n================================================================================\n\n[vnnlib] category=tinyimagenet_2024 max_instances=1 mode=hybridz (full TOP1_ROBUST via labeled_tensor collapse; device=cuda, timeout=180.0s)\n  [  1/1] tinyimagenet_2024/onnx/TinyImageNet_resnet_medium.onnx@vnnlib/TinyImageNet_resnet_medium_prop_idx_3452_sidx_862_eps_0.0039.vnnlib: UNKNOWN (10.4s)  V=0 A=0 U=1 E=0  R=0\n\n[vnnlib/hybridz] FINAL \u2014 total=1 wall=0.2 min\n  UNKNOWN      1\n  [structured] per-instance log \u2192 /data1/Kane/ACT/audit_results/full_vnncomp_20260530T092003Z/tinyimagenet_2024_w1/per_instance_tinyimagenet_2024_20260530T121819773489Z.json\n\n================================================================================\nVERIFICATION TEST SUMMARY\n================================================================================\n  \u2705 vnnlib                    PASSED\n================================================================================\n\n"
}
{
  "benchmark": "tinyimagenet_2024",
  "instance_id": 162,
  "status": "OK",
  "cli_normalized": "OK",
  "wall_s": 13.007666460005566,
  "peak_rss_mb": 2488.6171875,
  "returncode": 0,
  "per_instance_json": "/data1/Kane/ACT/audit_results/full_vnncomp_20260530T092003Z/tinyimagenet_2024_w1/per_instance_tinyimagenet_2024_20260530T121832888894Z.json",
  "out_dir": "/data1/Kane/ACT/audit_results/full_vnncomp_20260530T092003Z/tinyimagenet_2024_w1",
  "stdout_tail": "ast 1)\nWARNING:act.back_end.solver.solver_hz:L9 FALLBACK (RuntimeError): CUDA error: insufficient resources when calling `cusparseSpGEMM_workEstimation( handle, opA, opB, &alpha, matA, matB, &beta, matC, computeType, CUSPARSE_SPGEMM_DEFAULT, spgemmDesc, &bufferSize1, dBuffer1)`\nWARNING:act.back_end.solver.solver_hz:L12 FALLBACK (AttributeError): 'SparseGcZ' object has no attribute 'Gc'\nWARNING:act.back_end.solver.solver_hz:L25 FALLBACK (AttributeError): 'SparseGcZ' object has no attribute 'Gc'\n[ACT] Using existing Gurobi license: ../ACT/modules/gurobi/gurobi.lic\n\u2705 Device Manager Initialized: device=cuda:0, dtype=torch.float64\n\n================================================================================\nACT: Abstract Constraint Transformer\nInference-based whitebox fuzzing for neural network verification\n================================================================================\n\n\n================================================================================\nVERIFICATION TEST: VNNLIB \u2192 VerifiableModel \u2192 verify_once\n================================================================================\n\n[vnnlib] category=tinyimagenet_2024 max_instances=1 mode=hybridz (full TOP1_ROBUST via labeled_tensor collapse; device=cuda, timeout=180.0s)\n  [  1/1] tinyimagenet_2024/onnx/TinyImageNet_resnet_medium.onnx@vnnlib/TinyImageNet_resnet_medium_prop_idx_1142_sidx_9106_eps_0.0039.vnnlib: UNKNOWN (9.4s)  V=0 A=0 U=1 E=0  R=0\n\n[vnnlib/hybridz] FINAL \u2014 total=1 wall=0.2 min\n  UNKNOWN      1\n  [structured] per-instance log \u2192 /data1/Kane/ACT/audit_results/full_vnncomp_20260530T092003Z/tinyimagenet_2024_w1/per_instance_tinyimagenet_2024_20260530T121832888894Z.json\n\n================================================================================\nVERIFICATION TEST SUMMARY\n================================================================================\n  \u2705 vnnlib                    PASSED\n================================================================================\n\n"
}
{
  "benchmark": "tinyimagenet_2024",
  "instance_id": 163,
  "status": "OK",
  "cli_normalized": "OK",
  "wall_s": 15.008637850056402,
  "peak_rss_mb": 2460.5546875,
  "returncode": 0,
  "per_instance_json": "/data1/Kane/ACT/audit_results/full_vnncomp_20260530T092003Z/tinyimagenet_2024_w1/per_instance_tinyimagenet_2024_20260530T121848052836Z.json",
  "out_dir": "/data1/Kane/ACT/audit_results/full_vnncomp_20260530T092003Z/tinyimagenet_2024_w1",
  "stdout_tail": "ast 1)\nWARNING:act.back_end.solver.solver_hz:L9 FALLBACK (RuntimeError): CUDA error: insufficient resources when calling `cusparseSpGEMM_workEstimation( handle, opA, opB, &alpha, matA, matB, &beta, matC, computeType, CUSPARSE_SPGEMM_DEFAULT, spgemmDesc, &bufferSize1, dBuffer1)`\nWARNING:act.back_end.solver.solver_hz:L12 FALLBACK (AttributeError): 'SparseGcZ' object has no attribute 'Gc'\nWARNING:act.back_end.solver.solver_hz:L25 FALLBACK (AttributeError): 'SparseGcZ' object has no attribute 'Gc'\n[ACT] Using existing Gurobi license: ../ACT/modules/gurobi/gurobi.lic\n\u2705 Device Manager Initialized: device=cuda:0, dtype=torch.float64\n\n================================================================================\nACT: Abstract Constraint Transformer\nInference-based whitebox fuzzing for neural network verification\n================================================================================\n\n\n================================================================================\nVERIFICATION TEST: VNNLIB \u2192 VerifiableModel \u2192 verify_once\n================================================================================\n\n[vnnlib] category=tinyimagenet_2024 max_instances=1 mode=hybridz (full TOP1_ROBUST via labeled_tensor collapse; device=cuda, timeout=180.0s)\n  [  1/1] tinyimagenet_2024/onnx/TinyImageNet_resnet_medium.onnx@vnnlib/TinyImageNet_resnet_medium_prop_idx_526_sidx_7843_eps_0.0039.vnnlib: UNKNOWN (11.7s)  V=0 A=0 U=1 E=0  R=0\n\n[vnnlib/hybridz] FINAL \u2014 total=1 wall=0.2 min\n  UNKNOWN      1\n  [structured] per-instance log \u2192 /data1/Kane/ACT/audit_results/full_vnncomp_20260530T092003Z/tinyimagenet_2024_w1/per_instance_tinyimagenet_2024_20260530T121848052836Z.json\n\n================================================================================\nVERIFICATION TEST SUMMARY\n================================================================================\n  \u2705 vnnlib                    PASSED\n================================================================================\n\n"
}
{
  "benchmark": "tinyimagenet_2024",
  "instance_id": 164,
  "status": "OK",
  "cli_normalized": "OK",
  "wall_s": 16.010640988009982,
  "peak_rss_mb": 2490.03515625,
  "returncode": 0,
  "per_instance_json": "/data1/Kane/ACT/audit_results/full_vnncomp_20260530T092003Z/tinyimagenet_2024_w1/per_instance_tinyimagenet_2024_20260530T121904070813Z.json",
  "out_dir": "/data1/Kane/ACT/audit_results/full_vnncomp_20260530T092003Z/tinyimagenet_2024_w1",
  "stdout_tail": "st 1)\nWARNING:act.back_end.solver.solver_hz:L9 FALLBACK (RuntimeError): CUDA error: insufficient resources when calling `cusparseSpGEMM_workEstimation( handle, opA, opB, &alpha, matA, matB, &beta, matC, computeType, CUSPARSE_SPGEMM_DEFAULT, spgemmDesc, &bufferSize1, dBuffer1)`\nWARNING:act.back_end.solver.solver_hz:L12 FALLBACK (AttributeError): 'SparseGcZ' object has no attribute 'Gc'\nWARNING:act.back_end.solver.solver_hz:L25 FALLBACK (AttributeError): 'SparseGcZ' object has no attribute 'Gc'\n[ACT] Using existing Gurobi license: ../ACT/modules/gurobi/gurobi.lic\n\u2705 Device Manager Initialized: device=cuda:0, dtype=torch.float64\n\n================================================================================\nACT: Abstract Constraint Transformer\nInference-based whitebox fuzzing for neural network verification\n================================================================================\n\n\n================================================================================\nVERIFICATION TEST: VNNLIB \u2192 VerifiableModel \u2192 verify_once\n================================================================================\n\n[vnnlib] category=tinyimagenet_2024 max_instances=1 mode=hybridz (full TOP1_ROBUST via labeled_tensor collapse; device=cuda, timeout=180.0s)\n  [  1/1] tinyimagenet_2024/onnx/TinyImageNet_resnet_medium.onnx@vnnlib/TinyImageNet_resnet_medium_prop_idx_2310_sidx_1923_eps_0.0039.vnnlib: UNKNOWN (12.7s)  V=0 A=0 U=1 E=0  R=0\n\n[vnnlib/hybridz] FINAL \u2014 total=1 wall=0.2 min\n  UNKNOWN      1\n  [structured] per-instance log \u2192 /data1/Kane/ACT/audit_results/full_vnncomp_20260530T092003Z/tinyimagenet_2024_w1/per_instance_tinyimagenet_2024_20260530T121904070813Z.json\n\n================================================================================\nVERIFICATION TEST SUMMARY\n================================================================================\n  \u2705 vnnlib                    PASSED\n================================================================================\n\n"
}
{
  "benchmark": "tinyimagenet_2024",
  "instance_id": 165,
  "status": "OK",
  "cli_normalized": "OK",
  "wall_s": 17.010415152995847,
  "peak_rss_mb": 2488.140625,
  "returncode": 0,
  "per_instance_json": "/data1/Kane/ACT/audit_results/full_vnncomp_20260530T092003Z/tinyimagenet_2024_w1/per_instance_tinyimagenet_2024_20260530T121920845825Z.json",
  "out_dir": "/data1/Kane/ACT/audit_results/full_vnncomp_20260530T092003Z/tinyimagenet_2024_w1",
  "stdout_tail": "st 1)\nWARNING:act.back_end.solver.solver_hz:L9 FALLBACK (RuntimeError): CUDA error: insufficient resources when calling `cusparseSpGEMM_workEstimation( handle, opA, opB, &alpha, matA, matB, &beta, matC, computeType, CUSPARSE_SPGEMM_DEFAULT, spgemmDesc, &bufferSize1, dBuffer1)`\nWARNING:act.back_end.solver.solver_hz:L12 FALLBACK (AttributeError): 'SparseGcZ' object has no attribute 'Gc'\nWARNING:act.back_end.solver.solver_hz:L25 FALLBACK (AttributeError): 'SparseGcZ' object has no attribute 'Gc'\n[ACT] Using existing Gurobi license: ../ACT/modules/gurobi/gurobi.lic\n\u2705 Device Manager Initialized: device=cuda:0, dtype=torch.float64\n\n================================================================================\nACT: Abstract Constraint Transformer\nInference-based whitebox fuzzing for neural network verification\n================================================================================\n\n\n================================================================================\nVERIFICATION TEST: VNNLIB \u2192 VerifiableModel \u2192 verify_once\n================================================================================\n\n[vnnlib] category=tinyimagenet_2024 max_instances=1 mode=hybridz (full TOP1_ROBUST via labeled_tensor collapse; device=cuda, timeout=180.0s)\n  [  1/1] tinyimagenet_2024/onnx/TinyImageNet_resnet_medium.onnx@vnnlib/TinyImageNet_resnet_medium_prop_idx_9586_sidx_1970_eps_0.0039.vnnlib: UNKNOWN (13.5s)  V=0 A=0 U=1 E=0  R=0\n\n[vnnlib/hybridz] FINAL \u2014 total=1 wall=0.2 min\n  UNKNOWN      1\n  [structured] per-instance log \u2192 /data1/Kane/ACT/audit_results/full_vnncomp_20260530T092003Z/tinyimagenet_2024_w1/per_instance_tinyimagenet_2024_20260530T121920845825Z.json\n\n================================================================================\nVERIFICATION TEST SUMMARY\n================================================================================\n  \u2705 vnnlib                    PASSED\n================================================================================\n\n"
}
{
  "benchmark": "tinyimagenet_2024",
  "instance_id": 166,
  "status": "OK",
  "cli_normalized": "OK",
  "wall_s": 13.508326587965712,
  "peak_rss_mb": 2477.0078125,
  "returncode": 0,
  "per_instance_json": "/data1/Kane/ACT/audit_results/full_vnncomp_20260530T092003Z/tinyimagenet_2024_w1/per_instance_tinyimagenet_2024_20260530T121934329442Z.json",
  "out_dir": "/data1/Kane/ACT/audit_results/full_vnncomp_20260530T092003Z/tinyimagenet_2024_w1",
  "stdout_tail": "ast 1)\nWARNING:act.back_end.solver.solver_hz:L9 FALLBACK (RuntimeError): CUDA error: insufficient resources when calling `cusparseSpGEMM_workEstimation( handle, opA, opB, &alpha, matA, matB, &beta, matC, computeType, CUSPARSE_SPGEMM_DEFAULT, spgemmDesc, &bufferSize1, dBuffer1)`\nWARNING:act.back_end.solver.solver_hz:L12 FALLBACK (AttributeError): 'SparseGcZ' object has no attribute 'Gc'\nWARNING:act.back_end.solver.solver_hz:L25 FALLBACK (AttributeError): 'SparseGcZ' object has no attribute 'Gc'\n[ACT] Using existing Gurobi license: ../ACT/modules/gurobi/gurobi.lic\n\u2705 Device Manager Initialized: device=cuda:0, dtype=torch.float64\n\n================================================================================\nACT: Abstract Constraint Transformer\nInference-based whitebox fuzzing for neural network verification\n================================================================================\n\n\n================================================================================\nVERIFICATION TEST: VNNLIB \u2192 VerifiableModel \u2192 verify_once\n================================================================================\n\n[vnnlib] category=tinyimagenet_2024 max_instances=1 mode=hybridz (full TOP1_ROBUST via labeled_tensor collapse; device=cuda, timeout=180.0s)\n  [  1/1] tinyimagenet_2024/onnx/TinyImageNet_resnet_medium.onnx@vnnlib/TinyImageNet_resnet_medium_prop_idx_1759_sidx_3135_eps_0.0039.vnnlib: UNKNOWN (9.9s)  V=0 A=0 U=1 E=0  R=0\n\n[vnnlib/hybridz] FINAL \u2014 total=1 wall=0.2 min\n  UNKNOWN      1\n  [structured] per-instance log \u2192 /data1/Kane/ACT/audit_results/full_vnncomp_20260530T092003Z/tinyimagenet_2024_w1/per_instance_tinyimagenet_2024_20260530T121934329442Z.json\n\n================================================================================\nVERIFICATION TEST SUMMARY\n================================================================================\n  \u2705 vnnlib                    PASSED\n================================================================================\n\n"
}
{
  "benchmark": "tinyimagenet_2024",
  "instance_id": 167,
  "status": "OK",
  "cli_normalized": "OK",
  "wall_s": 12.507887676008977,
  "peak_rss_mb": 2486.9609375,
  "returncode": 0,
  "per_instance_json": "/data1/Kane/ACT/audit_results/full_vnncomp_20260530T092003Z/tinyimagenet_2024_w1/per_instance_tinyimagenet_2024_20260530T121947134014Z.json",
  "out_dir": "/data1/Kane/ACT/audit_results/full_vnncomp_20260530T092003Z/tinyimagenet_2024_w1",
  "stdout_tail": "last 1)\nWARNING:act.back_end.solver.solver_hz:L9 FALLBACK (RuntimeError): CUDA error: insufficient resources when calling `cusparseSpGEMM_workEstimation( handle, opA, opB, &alpha, matA, matB, &beta, matC, computeType, CUSPARSE_SPGEMM_DEFAULT, spgemmDesc, &bufferSize1, dBuffer1)`\nWARNING:act.back_end.solver.solver_hz:L12 FALLBACK (AttributeError): 'SparseGcZ' object has no attribute 'Gc'\nWARNING:act.back_end.solver.solver_hz:L25 FALLBACK (AttributeError): 'SparseGcZ' object has no attribute 'Gc'\n[ACT] Using existing Gurobi license: ../ACT/modules/gurobi/gurobi.lic\n\u2705 Device Manager Initialized: device=cuda:0, dtype=torch.float64\n\n================================================================================\nACT: Abstract Constraint Transformer\nInference-based whitebox fuzzing for neural network verification\n================================================================================\n\n\n================================================================================\nVERIFICATION TEST: VNNLIB \u2192 VerifiableModel \u2192 verify_once\n================================================================================\n\n[vnnlib] category=tinyimagenet_2024 max_instances=1 mode=hybridz (full TOP1_ROBUST via labeled_tensor collapse; device=cuda, timeout=180.0s)\n  [  1/1] tinyimagenet_2024/onnx/TinyImageNet_resnet_medium.onnx@vnnlib/TinyImageNet_resnet_medium_prop_idx_974_sidx_2976_eps_0.0039.vnnlib: UNKNOWN (9.3s)  V=0 A=0 U=1 E=0  R=0\n\n[vnnlib/hybridz] FINAL \u2014 total=1 wall=0.2 min\n  UNKNOWN      1\n  [structured] per-instance log \u2192 /data1/Kane/ACT/audit_results/full_vnncomp_20260530T092003Z/tinyimagenet_2024_w1/per_instance_tinyimagenet_2024_20260530T121947134014Z.json\n\n================================================================================\nVERIFICATION TEST SUMMARY\n================================================================================\n  \u2705 vnnlib                    PASSED\n================================================================================\n\n"
}
{
  "benchmark": "tinyimagenet_2024",
  "instance_id": 168,
  "status": "OK",
  "cli_normalized": "OK",
  "wall_s": 11.006794201908633,
  "peak_rss_mb": 2491.12109375,
  "returncode": 0,
  "per_instance_json": "/data1/Kane/ACT/audit_results/full_vnncomp_20260530T092003Z/tinyimagenet_2024_w1/per_instance_tinyimagenet_2024_20260530T121958312509Z.json",
  "out_dir": "/data1/Kane/ACT/audit_results/full_vnncomp_20260530T092003Z/tinyimagenet_2024_w1",
  "stdout_tail": " last 1)\nWARNING:act.back_end.solver.solver_hz:L9 FALLBACK (RuntimeError): CUDA error: insufficient resources when calling `cusparseSpGEMM_workEstimation( handle, opA, opB, &alpha, matA, matB, &beta, matC, computeType, CUSPARSE_SPGEMM_DEFAULT, spgemmDesc, &bufferSize1, dBuffer1)`\nWARNING:act.back_end.solver.solver_hz:L12 FALLBACK (AttributeError): 'SparseGcZ' object has no attribute 'Gc'\nWARNING:act.back_end.solver.solver_hz:L25 FALLBACK (AttributeError): 'SparseGcZ' object has no attribute 'Gc'\n[ACT] Using existing Gurobi license: ../ACT/modules/gurobi/gurobi.lic\n\u2705 Device Manager Initialized: device=cuda:0, dtype=torch.float64\n\n================================================================================\nACT: Abstract Constraint Transformer\nInference-based whitebox fuzzing for neural network verification\n================================================================================\n\n\n================================================================================\nVERIFICATION TEST: VNNLIB \u2192 VerifiableModel \u2192 verify_once\n================================================================================\n\n[vnnlib] category=tinyimagenet_2024 max_instances=1 mode=hybridz (full TOP1_ROBUST via labeled_tensor collapse; device=cuda, timeout=180.0s)\n  [  1/1] tinyimagenet_2024/onnx/TinyImageNet_resnet_medium.onnx@vnnlib/TinyImageNet_resnet_medium_prop_idx_3891_sidx_62_eps_0.0039.vnnlib: UNKNOWN (8.0s)  V=0 A=0 U=1 E=0  R=0\n\n[vnnlib/hybridz] FINAL \u2014 total=1 wall=0.1 min\n  UNKNOWN      1\n  [structured] per-instance log \u2192 /data1/Kane/ACT/audit_results/full_vnncomp_20260530T092003Z/tinyimagenet_2024_w1/per_instance_tinyimagenet_2024_20260530T121958312509Z.json\n\n================================================================================\nVERIFICATION TEST SUMMARY\n================================================================================\n  \u2705 vnnlib                    PASSED\n================================================================================\n\n"
}
{
  "benchmark": "tinyimagenet_2024",
  "instance_id": 169,
  "status": "OK",
  "cli_normalized": "OK",
  "wall_s": 14.008617901010439,
  "peak_rss_mb": 2486.71484375,
  "returncode": 0,
  "per_instance_json": "/data1/Kane/ACT/audit_results/full_vnncomp_20260530T092003Z/tinyimagenet_2024_w1/per_instance_tinyimagenet_2024_20260530T122012329376Z.json",
  "out_dir": "/data1/Kane/ACT/audit_results/full_vnncomp_20260530T092003Z/tinyimagenet_2024_w1",
  "stdout_tail": "ast 1)\nWARNING:act.back_end.solver.solver_hz:L9 FALLBACK (RuntimeError): CUDA error: insufficient resources when calling `cusparseSpGEMM_workEstimation( handle, opA, opB, &alpha, matA, matB, &beta, matC, computeType, CUSPARSE_SPGEMM_DEFAULT, spgemmDesc, &bufferSize1, dBuffer1)`\nWARNING:act.back_end.solver.solver_hz:L12 FALLBACK (AttributeError): 'SparseGcZ' object has no attribute 'Gc'\nWARNING:act.back_end.solver.solver_hz:L25 FALLBACK (AttributeError): 'SparseGcZ' object has no attribute 'Gc'\n[ACT] Using existing Gurobi license: ../ACT/modules/gurobi/gurobi.lic\n\u2705 Device Manager Initialized: device=cuda:0, dtype=torch.float64\n\n================================================================================\nACT: Abstract Constraint Transformer\nInference-based whitebox fuzzing for neural network verification\n================================================================================\n\n\n================================================================================\nVERIFICATION TEST: VNNLIB \u2192 VerifiableModel \u2192 verify_once\n================================================================================\n\n[vnnlib] category=tinyimagenet_2024 max_instances=1 mode=hybridz (full TOP1_ROBUST via labeled_tensor collapse; device=cuda, timeout=180.0s)\n  [  1/1] tinyimagenet_2024/onnx/TinyImageNet_resnet_medium.onnx@vnnlib/TinyImageNet_resnet_medium_prop_idx_5185_sidx_142_eps_0.0039.vnnlib: UNKNOWN (10.9s)  V=0 A=0 U=1 E=0  R=0\n\n[vnnlib/hybridz] FINAL \u2014 total=1 wall=0.2 min\n  UNKNOWN      1\n  [structured] per-instance log \u2192 /data1/Kane/ACT/audit_results/full_vnncomp_20260530T092003Z/tinyimagenet_2024_w1/per_instance_tinyimagenet_2024_20260530T122012329376Z.json\n\n================================================================================\nVERIFICATION TEST SUMMARY\n================================================================================\n  \u2705 vnnlib                    PASSED\n================================================================================\n\n"
}
{
  "benchmark": "tinyimagenet_2024",
  "instance_id": 170,
  "status": "OK",
  "cli_normalized": "OK",
  "wall_s": 11.50709496496711,
  "peak_rss_mb": 2489.0078125,
  "returncode": 0,
  "per_instance_json": "/data1/Kane/ACT/audit_results/full_vnncomp_20260530T092003Z/tinyimagenet_2024_w1/per_instance_tinyimagenet_2024_20260530T122023470953Z.json",
  "out_dir": "/data1/Kane/ACT/audit_results/full_vnncomp_20260530T092003Z/tinyimagenet_2024_w1",
  "stdout_tail": "ast 1)\nWARNING:act.back_end.solver.solver_hz:L9 FALLBACK (RuntimeError): CUDA error: insufficient resources when calling `cusparseSpGEMM_workEstimation( handle, opA, opB, &alpha, matA, matB, &beta, matC, computeType, CUSPARSE_SPGEMM_DEFAULT, spgemmDesc, &bufferSize1, dBuffer1)`\nWARNING:act.back_end.solver.solver_hz:L12 FALLBACK (AttributeError): 'SparseGcZ' object has no attribute 'Gc'\nWARNING:act.back_end.solver.solver_hz:L25 FALLBACK (AttributeError): 'SparseGcZ' object has no attribute 'Gc'\n[ACT] Using existing Gurobi license: ../ACT/modules/gurobi/gurobi.lic\n\u2705 Device Manager Initialized: device=cuda:0, dtype=torch.float64\n\n================================================================================\nACT: Abstract Constraint Transformer\nInference-based whitebox fuzzing for neural network verification\n================================================================================\n\n\n================================================================================\nVERIFICATION TEST: VNNLIB \u2192 VerifiableModel \u2192 verify_once\n================================================================================\n\n[vnnlib] category=tinyimagenet_2024 max_instances=1 mode=hybridz (full TOP1_ROBUST via labeled_tensor collapse; device=cuda, timeout=180.0s)\n  [  1/1] tinyimagenet_2024/onnx/TinyImageNet_resnet_medium.onnx@vnnlib/TinyImageNet_resnet_medium_prop_idx_6996_sidx_1363_eps_0.0039.vnnlib: UNKNOWN (8.1s)  V=0 A=0 U=1 E=0  R=0\n\n[vnnlib/hybridz] FINAL \u2014 total=1 wall=0.1 min\n  UNKNOWN      1\n  [structured] per-instance log \u2192 /data1/Kane/ACT/audit_results/full_vnncomp_20260530T092003Z/tinyimagenet_2024_w1/per_instance_tinyimagenet_2024_20260530T122023470953Z.json\n\n================================================================================\nVERIFICATION TEST SUMMARY\n================================================================================\n  \u2705 vnnlib                    PASSED\n================================================================================\n\n"
}
{
  "benchmark": "tinyimagenet_2024",
  "instance_id": 171,
  "status": "OK",
  "cli_normalized": "OK",
  "wall_s": 14.008126397035085,
  "peak_rss_mb": 2489.09765625,
  "returncode": 0,
  "per_instance_json": "/data1/Kane/ACT/audit_results/full_vnncomp_20260530T092003Z/tinyimagenet_2024_w1/per_instance_tinyimagenet_2024_20260530T122037466986Z.json",
  "out_dir": "/data1/Kane/ACT/audit_results/full_vnncomp_20260530T092003Z/tinyimagenet_2024_w1",
  "stdout_tail": "st 1)\nWARNING:act.back_end.solver.solver_hz:L9 FALLBACK (RuntimeError): CUDA error: insufficient resources when calling `cusparseSpGEMM_workEstimation( handle, opA, opB, &alpha, matA, matB, &beta, matC, computeType, CUSPARSE_SPGEMM_DEFAULT, spgemmDesc, &bufferSize1, dBuffer1)`\nWARNING:act.back_end.solver.solver_hz:L12 FALLBACK (AttributeError): 'SparseGcZ' object has no attribute 'Gc'\nWARNING:act.back_end.solver.solver_hz:L25 FALLBACK (AttributeError): 'SparseGcZ' object has no attribute 'Gc'\n[ACT] Using existing Gurobi license: ../ACT/modules/gurobi/gurobi.lic\n\u2705 Device Manager Initialized: device=cuda:0, dtype=torch.float64\n\n================================================================================\nACT: Abstract Constraint Transformer\nInference-based whitebox fuzzing for neural network verification\n================================================================================\n\n\n================================================================================\nVERIFICATION TEST: VNNLIB \u2192 VerifiableModel \u2192 verify_once\n================================================================================\n\n[vnnlib] category=tinyimagenet_2024 max_instances=1 mode=hybridz (full TOP1_ROBUST via labeled_tensor collapse; device=cuda, timeout=180.0s)\n  [  1/1] tinyimagenet_2024/onnx/TinyImageNet_resnet_medium.onnx@vnnlib/TinyImageNet_resnet_medium_prop_idx_1821_sidx_9700_eps_0.0039.vnnlib: UNKNOWN (10.6s)  V=0 A=0 U=1 E=0  R=0\n\n[vnnlib/hybridz] FINAL \u2014 total=1 wall=0.2 min\n  UNKNOWN      1\n  [structured] per-instance log \u2192 /data1/Kane/ACT/audit_results/full_vnncomp_20260530T092003Z/tinyimagenet_2024_w1/per_instance_tinyimagenet_2024_20260530T122037466986Z.json\n\n================================================================================\nVERIFICATION TEST SUMMARY\n================================================================================\n  \u2705 vnnlib                    PASSED\n================================================================================\n\n"
}
{
  "benchmark": "tinyimagenet_2024",
  "instance_id": 172,
  "status": "OK",
  "cli_normalized": "OK",
  "wall_s": 14.009124612086453,
  "peak_rss_mb": 2486.19140625,
  "returncode": 0,
  "per_instance_json": "/data1/Kane/ACT/audit_results/full_vnncomp_20260530T092003Z/tinyimagenet_2024_w1/per_instance_tinyimagenet_2024_20260530T122051639673Z.json",
  "out_dir": "/data1/Kane/ACT/audit_results/full_vnncomp_20260530T092003Z/tinyimagenet_2024_w1",
  "stdout_tail": "st 1)\nWARNING:act.back_end.solver.solver_hz:L9 FALLBACK (RuntimeError): CUDA error: insufficient resources when calling `cusparseSpGEMM_workEstimation( handle, opA, opB, &alpha, matA, matB, &beta, matC, computeType, CUSPARSE_SPGEMM_DEFAULT, spgemmDesc, &bufferSize1, dBuffer1)`\nWARNING:act.back_end.solver.solver_hz:L12 FALLBACK (AttributeError): 'SparseGcZ' object has no attribute 'Gc'\nWARNING:act.back_end.solver.solver_hz:L25 FALLBACK (AttributeError): 'SparseGcZ' object has no attribute 'Gc'\n[ACT] Using existing Gurobi license: ../ACT/modules/gurobi/gurobi.lic\n\u2705 Device Manager Initialized: device=cuda:0, dtype=torch.float64\n\n================================================================================\nACT: Abstract Constraint Transformer\nInference-based whitebox fuzzing for neural network verification\n================================================================================\n\n\n================================================================================\nVERIFICATION TEST: VNNLIB \u2192 VerifiableModel \u2192 verify_once\n================================================================================\n\n[vnnlib] category=tinyimagenet_2024 max_instances=1 mode=hybridz (full TOP1_ROBUST via labeled_tensor collapse; device=cuda, timeout=180.0s)\n  [  1/1] tinyimagenet_2024/onnx/TinyImageNet_resnet_medium.onnx@vnnlib/TinyImageNet_resnet_medium_prop_idx_4709_sidx_8110_eps_0.0039.vnnlib: UNKNOWN (10.6s)  V=0 A=0 U=1 E=0  R=0\n\n[vnnlib/hybridz] FINAL \u2014 total=1 wall=0.2 min\n  UNKNOWN      1\n  [structured] per-instance log \u2192 /data1/Kane/ACT/audit_results/full_vnncomp_20260530T092003Z/tinyimagenet_2024_w1/per_instance_tinyimagenet_2024_20260530T122051639673Z.json\n\n================================================================================\nVERIFICATION TEST SUMMARY\n================================================================================\n  \u2705 vnnlib                    PASSED\n================================================================================\n\n"
}
{
  "benchmark": "tinyimagenet_2024",
  "instance_id": 173,
  "status": "OK",
  "cli_normalized": "OK",
  "wall_s": 14.007664344040677,
  "peak_rss_mb": 2469.5703125,
  "returncode": 0,
  "per_instance_json": "/data1/Kane/ACT/audit_results/full_vnncomp_20260530T092003Z/tinyimagenet_2024_w1/per_instance_tinyimagenet_2024_20260530T122105931532Z.json",
  "out_dir": "/data1/Kane/ACT/audit_results/full_vnncomp_20260530T092003Z/tinyimagenet_2024_w1",
  "stdout_tail": "st 1)\nWARNING:act.back_end.solver.solver_hz:L9 FALLBACK (RuntimeError): CUDA error: insufficient resources when calling `cusparseSpGEMM_workEstimation( handle, opA, opB, &alpha, matA, matB, &beta, matC, computeType, CUSPARSE_SPGEMM_DEFAULT, spgemmDesc, &bufferSize1, dBuffer1)`\nWARNING:act.back_end.solver.solver_hz:L12 FALLBACK (AttributeError): 'SparseGcZ' object has no attribute 'Gc'\nWARNING:act.back_end.solver.solver_hz:L25 FALLBACK (AttributeError): 'SparseGcZ' object has no attribute 'Gc'\n[ACT] Using existing Gurobi license: ../ACT/modules/gurobi/gurobi.lic\n\u2705 Device Manager Initialized: device=cuda:0, dtype=torch.float64\n\n================================================================================\nACT: Abstract Constraint Transformer\nInference-based whitebox fuzzing for neural network verification\n================================================================================\n\n\n================================================================================\nVERIFICATION TEST: VNNLIB \u2192 VerifiableModel \u2192 verify_once\n================================================================================\n\n[vnnlib] category=tinyimagenet_2024 max_instances=1 mode=hybridz (full TOP1_ROBUST via labeled_tensor collapse; device=cuda, timeout=180.0s)\n  [  1/1] tinyimagenet_2024/onnx/TinyImageNet_resnet_medium.onnx@vnnlib/TinyImageNet_resnet_medium_prop_idx_8444_sidx_2478_eps_0.0039.vnnlib: UNKNOWN (11.0s)  V=0 A=0 U=1 E=0  R=0\n\n[vnnlib/hybridz] FINAL \u2014 total=1 wall=0.2 min\n  UNKNOWN      1\n  [structured] per-instance log \u2192 /data1/Kane/ACT/audit_results/full_vnncomp_20260530T092003Z/tinyimagenet_2024_w1/per_instance_tinyimagenet_2024_20260530T122105931532Z.json\n\n================================================================================\nVERIFICATION TEST SUMMARY\n================================================================================\n  \u2705 vnnlib                    PASSED\n================================================================================\n\n"
}
{
  "benchmark": "tinyimagenet_2024",
  "instance_id": 174,
  "status": "OK",
  "cli_normalized": "OK",
  "wall_s": 14.510000322014093,
  "peak_rss_mb": 2472.36328125,
  "returncode": 0,
  "per_instance_json": "/data1/Kane/ACT/audit_results/full_vnncomp_20260530T092003Z/tinyimagenet_2024_w1/per_instance_tinyimagenet_2024_20260530T122120020334Z.json",
  "out_dir": "/data1/Kane/ACT/audit_results/full_vnncomp_20260530T092003Z/tinyimagenet_2024_w1",
  "stdout_tail": "st 1)\nWARNING:act.back_end.solver.solver_hz:L9 FALLBACK (RuntimeError): CUDA error: insufficient resources when calling `cusparseSpGEMM_workEstimation( handle, opA, opB, &alpha, matA, matB, &beta, matC, computeType, CUSPARSE_SPGEMM_DEFAULT, spgemmDesc, &bufferSize1, dBuffer1)`\nWARNING:act.back_end.solver.solver_hz:L12 FALLBACK (AttributeError): 'SparseGcZ' object has no attribute 'Gc'\nWARNING:act.back_end.solver.solver_hz:L25 FALLBACK (AttributeError): 'SparseGcZ' object has no attribute 'Gc'\n[ACT] Using existing Gurobi license: ../ACT/modules/gurobi/gurobi.lic\n\u2705 Device Manager Initialized: device=cuda:0, dtype=torch.float64\n\n================================================================================\nACT: Abstract Constraint Transformer\nInference-based whitebox fuzzing for neural network verification\n================================================================================\n\n\n================================================================================\nVERIFICATION TEST: VNNLIB \u2192 VerifiableModel \u2192 verify_once\n================================================================================\n\n[vnnlib] category=tinyimagenet_2024 max_instances=1 mode=hybridz (full TOP1_ROBUST via labeled_tensor collapse; device=cuda, timeout=180.0s)\n  [  1/1] tinyimagenet_2024/onnx/TinyImageNet_resnet_medium.onnx@vnnlib/TinyImageNet_resnet_medium_prop_idx_5451_sidx_5891_eps_0.0039.vnnlib: UNKNOWN (11.1s)  V=0 A=0 U=1 E=0  R=0\n\n[vnnlib/hybridz] FINAL \u2014 total=1 wall=0.2 min\n  UNKNOWN      1\n  [structured] per-instance log \u2192 /data1/Kane/ACT/audit_results/full_vnncomp_20260530T092003Z/tinyimagenet_2024_w1/per_instance_tinyimagenet_2024_20260530T122120020334Z.json\n\n================================================================================\nVERIFICATION TEST SUMMARY\n================================================================================\n  \u2705 vnnlib                    PASSED\n================================================================================\n\n"
}
{
  "benchmark": "tinyimagenet_2024",
  "instance_id": 175,
  "status": "OK",
  "cli_normalized": "OK",
  "wall_s": 13.508620261913165,
  "peak_rss_mb": 2487.81640625,
  "returncode": 0,
  "per_instance_json": "/data1/Kane/ACT/audit_results/full_vnncomp_20260530T092003Z/tinyimagenet_2024_w1/per_instance_tinyimagenet_2024_20260530T122133810124Z.json",
  "out_dir": "/data1/Kane/ACT/audit_results/full_vnncomp_20260530T092003Z/tinyimagenet_2024_w1",
  "stdout_tail": "st 1)\nWARNING:act.back_end.solver.solver_hz:L9 FALLBACK (RuntimeError): CUDA error: insufficient resources when calling `cusparseSpGEMM_workEstimation( handle, opA, opB, &alpha, matA, matB, &beta, matC, computeType, CUSPARSE_SPGEMM_DEFAULT, spgemmDesc, &bufferSize1, dBuffer1)`\nWARNING:act.back_end.solver.solver_hz:L12 FALLBACK (AttributeError): 'SparseGcZ' object has no attribute 'Gc'\nWARNING:act.back_end.solver.solver_hz:L25 FALLBACK (AttributeError): 'SparseGcZ' object has no attribute 'Gc'\n[ACT] Using existing Gurobi license: ../ACT/modules/gurobi/gurobi.lic\n\u2705 Device Manager Initialized: device=cuda:0, dtype=torch.float64\n\n================================================================================\nACT: Abstract Constraint Transformer\nInference-based whitebox fuzzing for neural network verification\n================================================================================\n\n\n================================================================================\nVERIFICATION TEST: VNNLIB \u2192 VerifiableModel \u2192 verify_once\n================================================================================\n\n[vnnlib] category=tinyimagenet_2024 max_instances=1 mode=hybridz (full TOP1_ROBUST via labeled_tensor collapse; device=cuda, timeout=180.0s)\n  [  1/1] tinyimagenet_2024/onnx/TinyImageNet_resnet_medium.onnx@vnnlib/TinyImageNet_resnet_medium_prop_idx_5382_sidx_4518_eps_0.0039.vnnlib: UNKNOWN (10.4s)  V=0 A=0 U=1 E=0  R=0\n\n[vnnlib/hybridz] FINAL \u2014 total=1 wall=0.2 min\n  UNKNOWN      1\n  [structured] per-instance log \u2192 /data1/Kane/ACT/audit_results/full_vnncomp_20260530T092003Z/tinyimagenet_2024_w1/per_instance_tinyimagenet_2024_20260530T122133810124Z.json\n\n================================================================================\nVERIFICATION TEST SUMMARY\n================================================================================\n  \u2705 vnnlib                    PASSED\n================================================================================\n\n"
}
{
  "benchmark": "tinyimagenet_2024",
  "instance_id": 176,
  "status": "OK",
  "cli_normalized": "OK",
  "wall_s": 13.009447177988477,
  "peak_rss_mb": 2519.63671875,
  "returncode": 0,
  "per_instance_json": "/data1/Kane/ACT/audit_results/full_vnncomp_20260530T092003Z/tinyimagenet_2024_w1/per_instance_tinyimagenet_2024_20260530T122146374975Z.json",
  "out_dir": "/data1/Kane/ACT/audit_results/full_vnncomp_20260530T092003Z/tinyimagenet_2024_w1",
  "stdout_tail": "ast 1)\nWARNING:act.back_end.solver.solver_hz:L9 FALLBACK (RuntimeError): CUDA error: insufficient resources when calling `cusparseSpGEMM_workEstimation( handle, opA, opB, &alpha, matA, matB, &beta, matC, computeType, CUSPARSE_SPGEMM_DEFAULT, spgemmDesc, &bufferSize1, dBuffer1)`\nWARNING:act.back_end.solver.solver_hz:L12 FALLBACK (AttributeError): 'SparseGcZ' object has no attribute 'Gc'\nWARNING:act.back_end.solver.solver_hz:L25 FALLBACK (AttributeError): 'SparseGcZ' object has no attribute 'Gc'\n[ACT] Using existing Gurobi license: ../ACT/modules/gurobi/gurobi.lic\n\u2705 Device Manager Initialized: device=cuda:0, dtype=torch.float64\n\n================================================================================\nACT: Abstract Constraint Transformer\nInference-based whitebox fuzzing for neural network verification\n================================================================================\n\n\n================================================================================\nVERIFICATION TEST: VNNLIB \u2192 VerifiableModel \u2192 verify_once\n================================================================================\n\n[vnnlib] category=tinyimagenet_2024 max_instances=1 mode=hybridz (full TOP1_ROBUST via labeled_tensor collapse; device=cuda, timeout=180.0s)\n  [  1/1] tinyimagenet_2024/onnx/TinyImageNet_resnet_medium.onnx@vnnlib/TinyImageNet_resnet_medium_prop_idx_3139_sidx_2973_eps_0.0039.vnnlib: UNKNOWN (9.4s)  V=0 A=0 U=1 E=0  R=0\n\n[vnnlib/hybridz] FINAL \u2014 total=1 wall=0.2 min\n  UNKNOWN      1\n  [structured] per-instance log \u2192 /data1/Kane/ACT/audit_results/full_vnncomp_20260530T092003Z/tinyimagenet_2024_w1/per_instance_tinyimagenet_2024_20260530T122146374975Z.json\n\n================================================================================\nVERIFICATION TEST SUMMARY\n================================================================================\n  \u2705 vnnlib                    PASSED\n================================================================================\n\n"
}
{
  "benchmark": "tinyimagenet_2024",
  "instance_id": 177,
  "status": "OK",
  "cli_normalized": "OK",
  "wall_s": 15.010196477989666,
  "peak_rss_mb": 2487.5,
  "returncode": 0,
  "per_instance_json": "/data1/Kane/ACT/audit_results/full_vnncomp_20260530T092003Z/tinyimagenet_2024_w1/per_instance_tinyimagenet_2024_20260530T122201740636Z.json",
  "out_dir": "/data1/Kane/ACT/audit_results/full_vnncomp_20260530T092003Z/tinyimagenet_2024_w1",
  "stdout_tail": "st 1)\nWARNING:act.back_end.solver.solver_hz:L9 FALLBACK (RuntimeError): CUDA error: insufficient resources when calling `cusparseSpGEMM_workEstimation( handle, opA, opB, &alpha, matA, matB, &beta, matC, computeType, CUSPARSE_SPGEMM_DEFAULT, spgemmDesc, &bufferSize1, dBuffer1)`\nWARNING:act.back_end.solver.solver_hz:L12 FALLBACK (AttributeError): 'SparseGcZ' object has no attribute 'Gc'\nWARNING:act.back_end.solver.solver_hz:L25 FALLBACK (AttributeError): 'SparseGcZ' object has no attribute 'Gc'\n[ACT] Using existing Gurobi license: ../ACT/modules/gurobi/gurobi.lic\n\u2705 Device Manager Initialized: device=cuda:0, dtype=torch.float64\n\n================================================================================\nACT: Abstract Constraint Transformer\nInference-based whitebox fuzzing for neural network verification\n================================================================================\n\n\n================================================================================\nVERIFICATION TEST: VNNLIB \u2192 VerifiableModel \u2192 verify_once\n================================================================================\n\n[vnnlib] category=tinyimagenet_2024 max_instances=1 mode=hybridz (full TOP1_ROBUST via labeled_tensor collapse; device=cuda, timeout=180.0s)\n  [  1/1] tinyimagenet_2024/onnx/TinyImageNet_resnet_medium.onnx@vnnlib/TinyImageNet_resnet_medium_prop_idx_8101_sidx_2821_eps_0.0039.vnnlib: UNKNOWN (11.8s)  V=0 A=0 U=1 E=0  R=0\n\n[vnnlib/hybridz] FINAL \u2014 total=1 wall=0.2 min\n  UNKNOWN      1\n  [structured] per-instance log \u2192 /data1/Kane/ACT/audit_results/full_vnncomp_20260530T092003Z/tinyimagenet_2024_w1/per_instance_tinyimagenet_2024_20260530T122201740636Z.json\n\n================================================================================\nVERIFICATION TEST SUMMARY\n================================================================================\n  \u2705 vnnlib                    PASSED\n================================================================================\n\n"
}
{
  "benchmark": "tinyimagenet_2024",
  "instance_id": 178,
  "status": "OK",
  "cli_normalized": "OK",
  "wall_s": 14.00880601501558,
  "peak_rss_mb": 2490.890625,
  "returncode": 0,
  "per_instance_json": "/data1/Kane/ACT/audit_results/full_vnncomp_20260530T092003Z/tinyimagenet_2024_w1/per_instance_tinyimagenet_2024_20260530T122215718303Z.json",
  "out_dir": "/data1/Kane/ACT/audit_results/full_vnncomp_20260530T092003Z/tinyimagenet_2024_w1",
  "stdout_tail": "st 1)\nWARNING:act.back_end.solver.solver_hz:L9 FALLBACK (RuntimeError): CUDA error: insufficient resources when calling `cusparseSpGEMM_workEstimation( handle, opA, opB, &alpha, matA, matB, &beta, matC, computeType, CUSPARSE_SPGEMM_DEFAULT, spgemmDesc, &bufferSize1, dBuffer1)`\nWARNING:act.back_end.solver.solver_hz:L12 FALLBACK (AttributeError): 'SparseGcZ' object has no attribute 'Gc'\nWARNING:act.back_end.solver.solver_hz:L25 FALLBACK (AttributeError): 'SparseGcZ' object has no attribute 'Gc'\n[ACT] Using existing Gurobi license: ../ACT/modules/gurobi/gurobi.lic\n\u2705 Device Manager Initialized: device=cuda:0, dtype=torch.float64\n\n================================================================================\nACT: Abstract Constraint Transformer\nInference-based whitebox fuzzing for neural network verification\n================================================================================\n\n\n================================================================================\nVERIFICATION TEST: VNNLIB \u2192 VerifiableModel \u2192 verify_once\n================================================================================\n\n[vnnlib] category=tinyimagenet_2024 max_instances=1 mode=hybridz (full TOP1_ROBUST via labeled_tensor collapse; device=cuda, timeout=180.0s)\n  [  1/1] tinyimagenet_2024/onnx/TinyImageNet_resnet_medium.onnx@vnnlib/TinyImageNet_resnet_medium_prop_idx_1806_sidx_3542_eps_0.0039.vnnlib: UNKNOWN (10.8s)  V=0 A=0 U=1 E=0  R=0\n\n[vnnlib/hybridz] FINAL \u2014 total=1 wall=0.2 min\n  UNKNOWN      1\n  [structured] per-instance log \u2192 /data1/Kane/ACT/audit_results/full_vnncomp_20260530T092003Z/tinyimagenet_2024_w1/per_instance_tinyimagenet_2024_20260530T122215718303Z.json\n\n================================================================================\nVERIFICATION TEST SUMMARY\n================================================================================\n  \u2705 vnnlib                    PASSED\n================================================================================\n\n"
}
{
  "benchmark": "tinyimagenet_2024",
  "instance_id": 179,
  "status": "OK",
  "cli_normalized": "OK",
  "wall_s": 12.008535020053387,
  "peak_rss_mb": 2486.8515625,
  "returncode": 0,
  "per_instance_json": "/data1/Kane/ACT/audit_results/full_vnncomp_20260530T092003Z/tinyimagenet_2024_w1/per_instance_tinyimagenet_2024_20260530T122227662385Z.json",
  "out_dir": "/data1/Kane/ACT/audit_results/full_vnncomp_20260530T092003Z/tinyimagenet_2024_w1",
  "stdout_tail": " last 1)\nWARNING:act.back_end.solver.solver_hz:L9 FALLBACK (RuntimeError): CUDA error: insufficient resources when calling `cusparseSpGEMM_workEstimation( handle, opA, opB, &alpha, matA, matB, &beta, matC, computeType, CUSPARSE_SPGEMM_DEFAULT, spgemmDesc, &bufferSize1, dBuffer1)`\nWARNING:act.back_end.solver.solver_hz:L12 FALLBACK (AttributeError): 'SparseGcZ' object has no attribute 'Gc'\nWARNING:act.back_end.solver.solver_hz:L25 FALLBACK (AttributeError): 'SparseGcZ' object has no attribute 'Gc'\n[ACT] Using existing Gurobi license: ../ACT/modules/gurobi/gurobi.lic\n\u2705 Device Manager Initialized: device=cuda:0, dtype=torch.float64\n\n================================================================================\nACT: Abstract Constraint Transformer\nInference-based whitebox fuzzing for neural network verification\n================================================================================\n\n\n================================================================================\nVERIFICATION TEST: VNNLIB \u2192 VerifiableModel \u2192 verify_once\n================================================================================\n\n[vnnlib] category=tinyimagenet_2024 max_instances=1 mode=hybridz (full TOP1_ROBUST via labeled_tensor collapse; device=cuda, timeout=180.0s)\n  [  1/1] tinyimagenet_2024/onnx/TinyImageNet_resnet_medium.onnx@vnnlib/TinyImageNet_resnet_medium_prop_idx_233_sidx_127_eps_0.0039.vnnlib: UNKNOWN (8.7s)  V=0 A=0 U=1 E=0  R=0\n\n[vnnlib/hybridz] FINAL \u2014 total=1 wall=0.1 min\n  UNKNOWN      1\n  [structured] per-instance log \u2192 /data1/Kane/ACT/audit_results/full_vnncomp_20260530T092003Z/tinyimagenet_2024_w1/per_instance_tinyimagenet_2024_20260530T122227662385Z.json\n\n================================================================================\nVERIFICATION TEST SUMMARY\n================================================================================\n  \u2705 vnnlib                    PASSED\n================================================================================\n\n"
}
{
  "benchmark": "tinyimagenet_2024",
  "instance_id": 180,
  "status": "OK",
  "cli_normalized": "OK",
  "wall_s": 13.009776571998373,
  "peak_rss_mb": 2486.234375,
  "returncode": 0,
  "per_instance_json": "/data1/Kane/ACT/audit_results/full_vnncomp_20260530T092003Z/tinyimagenet_2024_w1/per_instance_tinyimagenet_2024_20260530T122240350561Z.json",
  "out_dir": "/data1/Kane/ACT/audit_results/full_vnncomp_20260530T092003Z/tinyimagenet_2024_w1",
  "stdout_tail": "ast 1)\nWARNING:act.back_end.solver.solver_hz:L9 FALLBACK (RuntimeError): CUDA error: insufficient resources when calling `cusparseSpGEMM_workEstimation( handle, opA, opB, &alpha, matA, matB, &beta, matC, computeType, CUSPARSE_SPGEMM_DEFAULT, spgemmDesc, &bufferSize1, dBuffer1)`\nWARNING:act.back_end.solver.solver_hz:L12 FALLBACK (AttributeError): 'SparseGcZ' object has no attribute 'Gc'\nWARNING:act.back_end.solver.solver_hz:L25 FALLBACK (AttributeError): 'SparseGcZ' object has no attribute 'Gc'\n[ACT] Using existing Gurobi license: ../ACT/modules/gurobi/gurobi.lic\n\u2705 Device Manager Initialized: device=cuda:0, dtype=torch.float64\n\n================================================================================\nACT: Abstract Constraint Transformer\nInference-based whitebox fuzzing for neural network verification\n================================================================================\n\n\n================================================================================\nVERIFICATION TEST: VNNLIB \u2192 VerifiableModel \u2192 verify_once\n================================================================================\n\n[vnnlib] category=tinyimagenet_2024 max_instances=1 mode=hybridz (full TOP1_ROBUST via labeled_tensor collapse; device=cuda, timeout=180.0s)\n  [  1/1] tinyimagenet_2024/onnx/TinyImageNet_resnet_medium.onnx@vnnlib/TinyImageNet_resnet_medium_prop_idx_8176_sidx_2705_eps_0.0039.vnnlib: UNKNOWN (9.3s)  V=0 A=0 U=1 E=0  R=0\n\n[vnnlib/hybridz] FINAL \u2014 total=1 wall=0.2 min\n  UNKNOWN      1\n  [structured] per-instance log \u2192 /data1/Kane/ACT/audit_results/full_vnncomp_20260530T092003Z/tinyimagenet_2024_w1/per_instance_tinyimagenet_2024_20260530T122240350561Z.json\n\n================================================================================\nVERIFICATION TEST SUMMARY\n================================================================================\n  \u2705 vnnlib                    PASSED\n================================================================================\n\n"
}
{
  "benchmark": "tinyimagenet_2024",
  "instance_id": 181,
  "status": "OK",
  "cli_normalized": "OK",
  "wall_s": 13.00896335102152,
  "peak_rss_mb": 2487.3828125,
  "returncode": 0,
  "per_instance_json": "/data1/Kane/ACT/audit_results/full_vnncomp_20260530T092003Z/tinyimagenet_2024_w1/per_instance_tinyimagenet_2024_20260530T122253613058Z.json",
  "out_dir": "/data1/Kane/ACT/audit_results/full_vnncomp_20260530T092003Z/tinyimagenet_2024_w1",
  "stdout_tail": "ast 1)\nWARNING:act.back_end.solver.solver_hz:L9 FALLBACK (RuntimeError): CUDA error: insufficient resources when calling `cusparseSpGEMM_workEstimation( handle, opA, opB, &alpha, matA, matB, &beta, matC, computeType, CUSPARSE_SPGEMM_DEFAULT, spgemmDesc, &bufferSize1, dBuffer1)`\nWARNING:act.back_end.solver.solver_hz:L12 FALLBACK (AttributeError): 'SparseGcZ' object has no attribute 'Gc'\nWARNING:act.back_end.solver.solver_hz:L25 FALLBACK (AttributeError): 'SparseGcZ' object has no attribute 'Gc'\n[ACT] Using existing Gurobi license: ../ACT/modules/gurobi/gurobi.lic\n\u2705 Device Manager Initialized: device=cuda:0, dtype=torch.float64\n\n================================================================================\nACT: Abstract Constraint Transformer\nInference-based whitebox fuzzing for neural network verification\n================================================================================\n\n\n================================================================================\nVERIFICATION TEST: VNNLIB \u2192 VerifiableModel \u2192 verify_once\n================================================================================\n\n[vnnlib] category=tinyimagenet_2024 max_instances=1 mode=hybridz (full TOP1_ROBUST via labeled_tensor collapse; device=cuda, timeout=180.0s)\n  [  1/1] tinyimagenet_2024/onnx/TinyImageNet_resnet_medium.onnx@vnnlib/TinyImageNet_resnet_medium_prop_idx_6311_sidx_8892_eps_0.0039.vnnlib: UNKNOWN (9.6s)  V=0 A=0 U=1 E=0  R=0\n\n[vnnlib/hybridz] FINAL \u2014 total=1 wall=0.2 min\n  UNKNOWN      1\n  [structured] per-instance log \u2192 /data1/Kane/ACT/audit_results/full_vnncomp_20260530T092003Z/tinyimagenet_2024_w1/per_instance_tinyimagenet_2024_20260530T122253613058Z.json\n\n================================================================================\nVERIFICATION TEST SUMMARY\n================================================================================\n  \u2705 vnnlib                    PASSED\n================================================================================\n\n"
}
{
  "benchmark": "tinyimagenet_2024",
  "instance_id": 182,
  "status": "OK",
  "cli_normalized": "OK",
  "wall_s": 13.009425755008124,
  "peak_rss_mb": 2487.65625,
  "returncode": 0,
  "per_instance_json": "/data1/Kane/ACT/audit_results/full_vnncomp_20260530T092003Z/tinyimagenet_2024_w1/per_instance_tinyimagenet_2024_20260530T122306372505Z.json",
  "out_dir": "/data1/Kane/ACT/audit_results/full_vnncomp_20260530T092003Z/tinyimagenet_2024_w1",
  "stdout_tail": "ast 1)\nWARNING:act.back_end.solver.solver_hz:L9 FALLBACK (RuntimeError): CUDA error: insufficient resources when calling `cusparseSpGEMM_workEstimation( handle, opA, opB, &alpha, matA, matB, &beta, matC, computeType, CUSPARSE_SPGEMM_DEFAULT, spgemmDesc, &bufferSize1, dBuffer1)`\nWARNING:act.back_end.solver.solver_hz:L12 FALLBACK (AttributeError): 'SparseGcZ' object has no attribute 'Gc'\nWARNING:act.back_end.solver.solver_hz:L25 FALLBACK (AttributeError): 'SparseGcZ' object has no attribute 'Gc'\n[ACT] Using existing Gurobi license: ../ACT/modules/gurobi/gurobi.lic\n\u2705 Device Manager Initialized: device=cuda:0, dtype=torch.float64\n\n================================================================================\nACT: Abstract Constraint Transformer\nInference-based whitebox fuzzing for neural network verification\n================================================================================\n\n\n================================================================================\nVERIFICATION TEST: VNNLIB \u2192 VerifiableModel \u2192 verify_once\n================================================================================\n\n[vnnlib] category=tinyimagenet_2024 max_instances=1 mode=hybridz (full TOP1_ROBUST via labeled_tensor collapse; device=cuda, timeout=180.0s)\n  [  1/1] tinyimagenet_2024/onnx/TinyImageNet_resnet_medium.onnx@vnnlib/TinyImageNet_resnet_medium_prop_idx_5443_sidx_7316_eps_0.0039.vnnlib: UNKNOWN (9.4s)  V=0 A=0 U=1 E=0  R=0\n\n[vnnlib/hybridz] FINAL \u2014 total=1 wall=0.2 min\n  UNKNOWN      1\n  [structured] per-instance log \u2192 /data1/Kane/ACT/audit_results/full_vnncomp_20260530T092003Z/tinyimagenet_2024_w1/per_instance_tinyimagenet_2024_20260530T122306372505Z.json\n\n================================================================================\nVERIFICATION TEST SUMMARY\n================================================================================\n  \u2705 vnnlib                    PASSED\n================================================================================\n\n"
}
{
  "benchmark": "tinyimagenet_2024",
  "instance_id": 183,
  "status": "OK",
  "cli_normalized": "OK",
  "wall_s": 13.508922889013775,
  "peak_rss_mb": 2487.3671875,
  "returncode": 0,
  "per_instance_json": "/data1/Kane/ACT/audit_results/full_vnncomp_20260530T092003Z/tinyimagenet_2024_w1/per_instance_tinyimagenet_2024_20260530T122320142840Z.json",
  "out_dir": "/data1/Kane/ACT/audit_results/full_vnncomp_20260530T092003Z/tinyimagenet_2024_w1",
  "stdout_tail": "st 1)\nWARNING:act.back_end.solver.solver_hz:L9 FALLBACK (RuntimeError): CUDA error: insufficient resources when calling `cusparseSpGEMM_workEstimation( handle, opA, opB, &alpha, matA, matB, &beta, matC, computeType, CUSPARSE_SPGEMM_DEFAULT, spgemmDesc, &bufferSize1, dBuffer1)`\nWARNING:act.back_end.solver.solver_hz:L12 FALLBACK (AttributeError): 'SparseGcZ' object has no attribute 'Gc'\nWARNING:act.back_end.solver.solver_hz:L25 FALLBACK (AttributeError): 'SparseGcZ' object has no attribute 'Gc'\n[ACT] Using existing Gurobi license: ../ACT/modules/gurobi/gurobi.lic\n\u2705 Device Manager Initialized: device=cuda:0, dtype=torch.float64\n\n================================================================================\nACT: Abstract Constraint Transformer\nInference-based whitebox fuzzing for neural network verification\n================================================================================\n\n\n================================================================================\nVERIFICATION TEST: VNNLIB \u2192 VerifiableModel \u2192 verify_once\n================================================================================\n\n[vnnlib] category=tinyimagenet_2024 max_instances=1 mode=hybridz (full TOP1_ROBUST via labeled_tensor collapse; device=cuda, timeout=180.0s)\n  [  1/1] tinyimagenet_2024/onnx/TinyImageNet_resnet_medium.onnx@vnnlib/TinyImageNet_resnet_medium_prop_idx_8173_sidx_1641_eps_0.0039.vnnlib: UNKNOWN (10.1s)  V=0 A=0 U=1 E=0  R=0\n\n[vnnlib/hybridz] FINAL \u2014 total=1 wall=0.2 min\n  UNKNOWN      1\n  [structured] per-instance log \u2192 /data1/Kane/ACT/audit_results/full_vnncomp_20260530T092003Z/tinyimagenet_2024_w1/per_instance_tinyimagenet_2024_20260530T122320142840Z.json\n\n================================================================================\nVERIFICATION TEST SUMMARY\n================================================================================\n  \u2705 vnnlib                    PASSED\n================================================================================\n\n"
}
{
  "benchmark": "tinyimagenet_2024",
  "instance_id": 184,
  "status": "OK",
  "cli_normalized": "OK",
  "wall_s": 13.508535711909644,
  "peak_rss_mb": 2493.52734375,
  "returncode": 0,
  "per_instance_json": "/data1/Kane/ACT/audit_results/full_vnncomp_20260530T092003Z/tinyimagenet_2024_w1/per_instance_tinyimagenet_2024_20260530T122333646557Z.json",
  "out_dir": "/data1/Kane/ACT/audit_results/full_vnncomp_20260530T092003Z/tinyimagenet_2024_w1",
  "stdout_tail": "st 1)\nWARNING:act.back_end.solver.solver_hz:L9 FALLBACK (RuntimeError): CUDA error: insufficient resources when calling `cusparseSpGEMM_workEstimation( handle, opA, opB, &alpha, matA, matB, &beta, matC, computeType, CUSPARSE_SPGEMM_DEFAULT, spgemmDesc, &bufferSize1, dBuffer1)`\nWARNING:act.back_end.solver.solver_hz:L12 FALLBACK (AttributeError): 'SparseGcZ' object has no attribute 'Gc'\nWARNING:act.back_end.solver.solver_hz:L25 FALLBACK (AttributeError): 'SparseGcZ' object has no attribute 'Gc'\n[ACT] Using existing Gurobi license: ../ACT/modules/gurobi/gurobi.lic\n\u2705 Device Manager Initialized: device=cuda:0, dtype=torch.float64\n\n================================================================================\nACT: Abstract Constraint Transformer\nInference-based whitebox fuzzing for neural network verification\n================================================================================\n\n\n================================================================================\nVERIFICATION TEST: VNNLIB \u2192 VerifiableModel \u2192 verify_once\n================================================================================\n\n[vnnlib] category=tinyimagenet_2024 max_instances=1 mode=hybridz (full TOP1_ROBUST via labeled_tensor collapse; device=cuda, timeout=180.0s)\n  [  1/1] tinyimagenet_2024/onnx/TinyImageNet_resnet_medium.onnx@vnnlib/TinyImageNet_resnet_medium_prop_idx_2594_sidx_7029_eps_0.0039.vnnlib: UNKNOWN (10.0s)  V=0 A=0 U=1 E=0  R=0\n\n[vnnlib/hybridz] FINAL \u2014 total=1 wall=0.2 min\n  UNKNOWN      1\n  [structured] per-instance log \u2192 /data1/Kane/ACT/audit_results/full_vnncomp_20260530T092003Z/tinyimagenet_2024_w1/per_instance_tinyimagenet_2024_20260530T122333646557Z.json\n\n================================================================================\nVERIFICATION TEST SUMMARY\n================================================================================\n  \u2705 vnnlib                    PASSED\n================================================================================\n\n"
}
{
  "benchmark": "tinyimagenet_2024",
  "instance_id": 185,
  "status": "OK",
  "cli_normalized": "OK",
  "wall_s": 12.508886313065886,
  "peak_rss_mb": 2485.60546875,
  "returncode": 0,
  "per_instance_json": "/data1/Kane/ACT/audit_results/full_vnncomp_20260530T092003Z/tinyimagenet_2024_w1/per_instance_tinyimagenet_2024_20260530T122346037640Z.json",
  "out_dir": "/data1/Kane/ACT/audit_results/full_vnncomp_20260530T092003Z/tinyimagenet_2024_w1",
  "stdout_tail": "last 1)\nWARNING:act.back_end.solver.solver_hz:L9 FALLBACK (RuntimeError): CUDA error: insufficient resources when calling `cusparseSpGEMM_workEstimation( handle, opA, opB, &alpha, matA, matB, &beta, matC, computeType, CUSPARSE_SPGEMM_DEFAULT, spgemmDesc, &bufferSize1, dBuffer1)`\nWARNING:act.back_end.solver.solver_hz:L12 FALLBACK (AttributeError): 'SparseGcZ' object has no attribute 'Gc'\nWARNING:act.back_end.solver.solver_hz:L25 FALLBACK (AttributeError): 'SparseGcZ' object has no attribute 'Gc'\n[ACT] Using existing Gurobi license: ../ACT/modules/gurobi/gurobi.lic\n\u2705 Device Manager Initialized: device=cuda:0, dtype=torch.float64\n\n================================================================================\nACT: Abstract Constraint Transformer\nInference-based whitebox fuzzing for neural network verification\n================================================================================\n\n\n================================================================================\nVERIFICATION TEST: VNNLIB \u2192 VerifiableModel \u2192 verify_once\n================================================================================\n\n[vnnlib] category=tinyimagenet_2024 max_instances=1 mode=hybridz (full TOP1_ROBUST via labeled_tensor collapse; device=cuda, timeout=180.0s)\n  [  1/1] tinyimagenet_2024/onnx/TinyImageNet_resnet_medium.onnx@vnnlib/TinyImageNet_resnet_medium_prop_idx_7231_sidx_415_eps_0.0039.vnnlib: UNKNOWN (8.8s)  V=0 A=0 U=1 E=0  R=0\n\n[vnnlib/hybridz] FINAL \u2014 total=1 wall=0.1 min\n  UNKNOWN      1\n  [structured] per-instance log \u2192 /data1/Kane/ACT/audit_results/full_vnncomp_20260530T092003Z/tinyimagenet_2024_w1/per_instance_tinyimagenet_2024_20260530T122346037640Z.json\n\n================================================================================\nVERIFICATION TEST SUMMARY\n================================================================================\n  \u2705 vnnlib                    PASSED\n================================================================================\n\n"
}
{
  "benchmark": "tinyimagenet_2024",
  "instance_id": 186,
  "status": "OK",
  "cli_normalized": "OK",
  "wall_s": 12.010130723007023,
  "peak_rss_mb": 2505.05078125,
  "returncode": 0,
  "per_instance_json": "/data1/Kane/ACT/audit_results/full_vnncomp_20260530T092003Z/tinyimagenet_2024_w1/per_instance_tinyimagenet_2024_20260530T122358290312Z.json",
  "out_dir": "/data1/Kane/ACT/audit_results/full_vnncomp_20260530T092003Z/tinyimagenet_2024_w1",
  "stdout_tail": "last 1)\nWARNING:act.back_end.solver.solver_hz:L9 FALLBACK (RuntimeError): CUDA error: insufficient resources when calling `cusparseSpGEMM_workEstimation( handle, opA, opB, &alpha, matA, matB, &beta, matC, computeType, CUSPARSE_SPGEMM_DEFAULT, spgemmDesc, &bufferSize1, dBuffer1)`\nWARNING:act.back_end.solver.solver_hz:L12 FALLBACK (AttributeError): 'SparseGcZ' object has no attribute 'Gc'\nWARNING:act.back_end.solver.solver_hz:L25 FALLBACK (AttributeError): 'SparseGcZ' object has no attribute 'Gc'\n[ACT] Using existing Gurobi license: ../ACT/modules/gurobi/gurobi.lic\n\u2705 Device Manager Initialized: device=cuda:0, dtype=torch.float64\n\n================================================================================\nACT: Abstract Constraint Transformer\nInference-based whitebox fuzzing for neural network verification\n================================================================================\n\n\n================================================================================\nVERIFICATION TEST: VNNLIB \u2192 VerifiableModel \u2192 verify_once\n================================================================================\n\n[vnnlib] category=tinyimagenet_2024 max_instances=1 mode=hybridz (full TOP1_ROBUST via labeled_tensor collapse; device=cuda, timeout=180.0s)\n  [  1/1] tinyimagenet_2024/onnx/TinyImageNet_resnet_medium.onnx@vnnlib/TinyImageNet_resnet_medium_prop_idx_1435_sidx_655_eps_0.0039.vnnlib: UNKNOWN (8.7s)  V=0 A=0 U=1 E=0  R=0\n\n[vnnlib/hybridz] FINAL \u2014 total=1 wall=0.1 min\n  UNKNOWN      1\n  [structured] per-instance log \u2192 /data1/Kane/ACT/audit_results/full_vnncomp_20260530T092003Z/tinyimagenet_2024_w1/per_instance_tinyimagenet_2024_20260530T122358290312Z.json\n\n================================================================================\nVERIFICATION TEST SUMMARY\n================================================================================\n  \u2705 vnnlib                    PASSED\n================================================================================\n\n"
}
{
  "benchmark": "tinyimagenet_2024",
  "instance_id": 187,
  "status": "OK",
  "cli_normalized": "OK",
  "wall_s": 12.507526692003012,
  "peak_rss_mb": 2493.0234375,
  "returncode": 0,
  "per_instance_json": "/data1/Kane/ACT/audit_results/full_vnncomp_20260530T092003Z/tinyimagenet_2024_w1/per_instance_tinyimagenet_2024_20260530T122410702732Z.json",
  "out_dir": "/data1/Kane/ACT/audit_results/full_vnncomp_20260530T092003Z/tinyimagenet_2024_w1",
  "stdout_tail": "ast 1)\nWARNING:act.back_end.solver.solver_hz:L9 FALLBACK (RuntimeError): CUDA error: insufficient resources when calling `cusparseSpGEMM_workEstimation( handle, opA, opB, &alpha, matA, matB, &beta, matC, computeType, CUSPARSE_SPGEMM_DEFAULT, spgemmDesc, &bufferSize1, dBuffer1)`\nWARNING:act.back_end.solver.solver_hz:L12 FALLBACK (AttributeError): 'SparseGcZ' object has no attribute 'Gc'\nWARNING:act.back_end.solver.solver_hz:L25 FALLBACK (AttributeError): 'SparseGcZ' object has no attribute 'Gc'\n[ACT] Using existing Gurobi license: ../ACT/modules/gurobi/gurobi.lic\n\u2705 Device Manager Initialized: device=cuda:0, dtype=torch.float64\n\n================================================================================\nACT: Abstract Constraint Transformer\nInference-based whitebox fuzzing for neural network verification\n================================================================================\n\n\n================================================================================\nVERIFICATION TEST: VNNLIB \u2192 VerifiableModel \u2192 verify_once\n================================================================================\n\n[vnnlib] category=tinyimagenet_2024 max_instances=1 mode=hybridz (full TOP1_ROBUST via labeled_tensor collapse; device=cuda, timeout=180.0s)\n  [  1/1] tinyimagenet_2024/onnx/TinyImageNet_resnet_medium.onnx@vnnlib/TinyImageNet_resnet_medium_prop_idx_8005_sidx_2582_eps_0.0039.vnnlib: UNKNOWN (9.2s)  V=0 A=0 U=1 E=0  R=0\n\n[vnnlib/hybridz] FINAL \u2014 total=1 wall=0.2 min\n  UNKNOWN      1\n  [structured] per-instance log \u2192 /data1/Kane/ACT/audit_results/full_vnncomp_20260530T092003Z/tinyimagenet_2024_w1/per_instance_tinyimagenet_2024_20260530T122410702732Z.json\n\n================================================================================\nVERIFICATION TEST SUMMARY\n================================================================================\n  \u2705 vnnlib                    PASSED\n================================================================================\n\n"
}
{
  "benchmark": "tinyimagenet_2024",
  "instance_id": 188,
  "status": "OK",
  "cli_normalized": "OK",
  "wall_s": 14.01016664004419,
  "peak_rss_mb": 2530.4140625,
  "returncode": 0,
  "per_instance_json": "/data1/Kane/ACT/audit_results/full_vnncomp_20260530T092003Z/tinyimagenet_2024_w1/per_instance_tinyimagenet_2024_20260530T122424955435Z.json",
  "out_dir": "/data1/Kane/ACT/audit_results/full_vnncomp_20260530T092003Z/tinyimagenet_2024_w1",
  "stdout_tail": "st 1)\nWARNING:act.back_end.solver.solver_hz:L9 FALLBACK (RuntimeError): CUDA error: insufficient resources when calling `cusparseSpGEMM_workEstimation( handle, opA, opB, &alpha, matA, matB, &beta, matC, computeType, CUSPARSE_SPGEMM_DEFAULT, spgemmDesc, &bufferSize1, dBuffer1)`\nWARNING:act.back_end.solver.solver_hz:L12 FALLBACK (AttributeError): 'SparseGcZ' object has no attribute 'Gc'\nWARNING:act.back_end.solver.solver_hz:L25 FALLBACK (AttributeError): 'SparseGcZ' object has no attribute 'Gc'\n[ACT] Using existing Gurobi license: ../ACT/modules/gurobi/gurobi.lic\n\u2705 Device Manager Initialized: device=cuda:0, dtype=torch.float64\n\n================================================================================\nACT: Abstract Constraint Transformer\nInference-based whitebox fuzzing for neural network verification\n================================================================================\n\n\n================================================================================\nVERIFICATION TEST: VNNLIB \u2192 VerifiableModel \u2192 verify_once\n================================================================================\n\n[vnnlib] category=tinyimagenet_2024 max_instances=1 mode=hybridz (full TOP1_ROBUST via labeled_tensor collapse; device=cuda, timeout=180.0s)\n  [  1/1] tinyimagenet_2024/onnx/TinyImageNet_resnet_medium.onnx@vnnlib/TinyImageNet_resnet_medium_prop_idx_4057_sidx_8514_eps_0.0039.vnnlib: UNKNOWN (10.9s)  V=0 A=0 U=1 E=0  R=0\n\n[vnnlib/hybridz] FINAL \u2014 total=1 wall=0.2 min\n  UNKNOWN      1\n  [structured] per-instance log \u2192 /data1/Kane/ACT/audit_results/full_vnncomp_20260530T092003Z/tinyimagenet_2024_w1/per_instance_tinyimagenet_2024_20260530T122424955435Z.json\n\n================================================================================\nVERIFICATION TEST SUMMARY\n================================================================================\n  \u2705 vnnlib                    PASSED\n================================================================================\n\n"
}
{
  "benchmark": "tinyimagenet_2024",
  "instance_id": 189,
  "status": "OK",
  "cli_normalized": "OK",
  "wall_s": 12.008217392954975,
  "peak_rss_mb": 2488.54296875,
  "returncode": 0,
  "per_instance_json": "/data1/Kane/ACT/audit_results/full_vnncomp_20260530T092003Z/tinyimagenet_2024_w1/per_instance_tinyimagenet_2024_20260530T122436851305Z.json",
  "out_dir": "/data1/Kane/ACT/audit_results/full_vnncomp_20260530T092003Z/tinyimagenet_2024_w1",
  "stdout_tail": "last 1)\nWARNING:act.back_end.solver.solver_hz:L9 FALLBACK (RuntimeError): CUDA error: insufficient resources when calling `cusparseSpGEMM_workEstimation( handle, opA, opB, &alpha, matA, matB, &beta, matC, computeType, CUSPARSE_SPGEMM_DEFAULT, spgemmDesc, &bufferSize1, dBuffer1)`\nWARNING:act.back_end.solver.solver_hz:L12 FALLBACK (AttributeError): 'SparseGcZ' object has no attribute 'Gc'\nWARNING:act.back_end.solver.solver_hz:L25 FALLBACK (AttributeError): 'SparseGcZ' object has no attribute 'Gc'\n[ACT] Using existing Gurobi license: ../ACT/modules/gurobi/gurobi.lic\n\u2705 Device Manager Initialized: device=cuda:0, dtype=torch.float64\n\n================================================================================\nACT: Abstract Constraint Transformer\nInference-based whitebox fuzzing for neural network verification\n================================================================================\n\n\n================================================================================\nVERIFICATION TEST: VNNLIB \u2192 VerifiableModel \u2192 verify_once\n================================================================================\n\n[vnnlib] category=tinyimagenet_2024 max_instances=1 mode=hybridz (full TOP1_ROBUST via labeled_tensor collapse; device=cuda, timeout=180.0s)\n  [  1/1] tinyimagenet_2024/onnx/TinyImageNet_resnet_medium.onnx@vnnlib/TinyImageNet_resnet_medium_prop_idx_8288_sidx_307_eps_0.0039.vnnlib: UNKNOWN (8.8s)  V=0 A=0 U=1 E=0  R=0\n\n[vnnlib/hybridz] FINAL \u2014 total=1 wall=0.1 min\n  UNKNOWN      1\n  [structured] per-instance log \u2192 /data1/Kane/ACT/audit_results/full_vnncomp_20260530T092003Z/tinyimagenet_2024_w1/per_instance_tinyimagenet_2024_20260530T122436851305Z.json\n\n================================================================================\nVERIFICATION TEST SUMMARY\n================================================================================\n  \u2705 vnnlib                    PASSED\n================================================================================\n\n"
}
{
  "benchmark": "tinyimagenet_2024",
  "instance_id": 190,
  "status": "OK",
  "cli_normalized": "OK",
  "wall_s": 13.00894792797044,
  "peak_rss_mb": 2473.90625,
  "returncode": 0,
  "per_instance_json": "/data1/Kane/ACT/audit_results/full_vnncomp_20260530T092003Z/tinyimagenet_2024_w1/per_instance_tinyimagenet_2024_20260530T122449770745Z.json",
  "out_dir": "/data1/Kane/ACT/audit_results/full_vnncomp_20260530T092003Z/tinyimagenet_2024_w1",
  "stdout_tail": "ast 1)\nWARNING:act.back_end.solver.solver_hz:L9 FALLBACK (RuntimeError): CUDA error: insufficient resources when calling `cusparseSpGEMM_workEstimation( handle, opA, opB, &alpha, matA, matB, &beta, matC, computeType, CUSPARSE_SPGEMM_DEFAULT, spgemmDesc, &bufferSize1, dBuffer1)`\nWARNING:act.back_end.solver.solver_hz:L12 FALLBACK (AttributeError): 'SparseGcZ' object has no attribute 'Gc'\nWARNING:act.back_end.solver.solver_hz:L25 FALLBACK (AttributeError): 'SparseGcZ' object has no attribute 'Gc'\n[ACT] Using existing Gurobi license: ../ACT/modules/gurobi/gurobi.lic\n\u2705 Device Manager Initialized: device=cuda:0, dtype=torch.float64\n\n================================================================================\nACT: Abstract Constraint Transformer\nInference-based whitebox fuzzing for neural network verification\n================================================================================\n\n\n================================================================================\nVERIFICATION TEST: VNNLIB \u2192 VerifiableModel \u2192 verify_once\n================================================================================\n\n[vnnlib] category=tinyimagenet_2024 max_instances=1 mode=hybridz (full TOP1_ROBUST via labeled_tensor collapse; device=cuda, timeout=180.0s)\n  [  1/1] tinyimagenet_2024/onnx/TinyImageNet_resnet_medium.onnx@vnnlib/TinyImageNet_resnet_medium_prop_idx_6362_sidx_7345_eps_0.0039.vnnlib: UNKNOWN (9.7s)  V=0 A=0 U=1 E=0  R=0\n\n[vnnlib/hybridz] FINAL \u2014 total=1 wall=0.2 min\n  UNKNOWN      1\n  [structured] per-instance log \u2192 /data1/Kane/ACT/audit_results/full_vnncomp_20260530T092003Z/tinyimagenet_2024_w1/per_instance_tinyimagenet_2024_20260530T122449770745Z.json\n\n================================================================================\nVERIFICATION TEST SUMMARY\n================================================================================\n  \u2705 vnnlib                    PASSED\n================================================================================\n\n"
}
{
  "benchmark": "tinyimagenet_2024",
  "instance_id": 191,
  "status": "OK",
  "cli_normalized": "OK",
  "wall_s": 13.009224236011505,
  "peak_rss_mb": 2504.77734375,
  "returncode": 0,
  "per_instance_json": "/data1/Kane/ACT/audit_results/full_vnncomp_20260530T092003Z/tinyimagenet_2024_w1/per_instance_tinyimagenet_2024_20260530T122502622127Z.json",
  "out_dir": "/data1/Kane/ACT/audit_results/full_vnncomp_20260530T092003Z/tinyimagenet_2024_w1",
  "stdout_tail": "ast 1)\nWARNING:act.back_end.solver.solver_hz:L9 FALLBACK (RuntimeError): CUDA error: insufficient resources when calling `cusparseSpGEMM_workEstimation( handle, opA, opB, &alpha, matA, matB, &beta, matC, computeType, CUSPARSE_SPGEMM_DEFAULT, spgemmDesc, &bufferSize1, dBuffer1)`\nWARNING:act.back_end.solver.solver_hz:L12 FALLBACK (AttributeError): 'SparseGcZ' object has no attribute 'Gc'\nWARNING:act.back_end.solver.solver_hz:L25 FALLBACK (AttributeError): 'SparseGcZ' object has no attribute 'Gc'\n[ACT] Using existing Gurobi license: ../ACT/modules/gurobi/gurobi.lic\n\u2705 Device Manager Initialized: device=cuda:0, dtype=torch.float64\n\n================================================================================\nACT: Abstract Constraint Transformer\nInference-based whitebox fuzzing for neural network verification\n================================================================================\n\n\n================================================================================\nVERIFICATION TEST: VNNLIB \u2192 VerifiableModel \u2192 verify_once\n================================================================================\n\n[vnnlib] category=tinyimagenet_2024 max_instances=1 mode=hybridz (full TOP1_ROBUST via labeled_tensor collapse; device=cuda, timeout=180.0s)\n  [  1/1] tinyimagenet_2024/onnx/TinyImageNet_resnet_medium.onnx@vnnlib/TinyImageNet_resnet_medium_prop_idx_6700_sidx_2455_eps_0.0039.vnnlib: UNKNOWN (9.5s)  V=0 A=0 U=1 E=0  R=0\n\n[vnnlib/hybridz] FINAL \u2014 total=1 wall=0.2 min\n  UNKNOWN      1\n  [structured] per-instance log \u2192 /data1/Kane/ACT/audit_results/full_vnncomp_20260530T092003Z/tinyimagenet_2024_w1/per_instance_tinyimagenet_2024_20260530T122502622127Z.json\n\n================================================================================\nVERIFICATION TEST SUMMARY\n================================================================================\n  \u2705 vnnlib                    PASSED\n================================================================================\n\n"
}
{
  "benchmark": "tinyimagenet_2024",
  "instance_id": 192,
  "status": "OK",
  "cli_normalized": "OK",
  "wall_s": 14.508513286942616,
  "peak_rss_mb": 2490.95703125,
  "returncode": 0,
  "per_instance_json": "/data1/Kane/ACT/audit_results/full_vnncomp_20260530T092003Z/tinyimagenet_2024_w1/per_instance_tinyimagenet_2024_20260530T122517434502Z.json",
  "out_dir": "/data1/Kane/ACT/audit_results/full_vnncomp_20260530T092003Z/tinyimagenet_2024_w1",
  "stdout_tail": "st 1)\nWARNING:act.back_end.solver.solver_hz:L9 FALLBACK (RuntimeError): CUDA error: insufficient resources when calling `cusparseSpGEMM_workEstimation( handle, opA, opB, &alpha, matA, matB, &beta, matC, computeType, CUSPARSE_SPGEMM_DEFAULT, spgemmDesc, &bufferSize1, dBuffer1)`\nWARNING:act.back_end.solver.solver_hz:L12 FALLBACK (AttributeError): 'SparseGcZ' object has no attribute 'Gc'\nWARNING:act.back_end.solver.solver_hz:L25 FALLBACK (AttributeError): 'SparseGcZ' object has no attribute 'Gc'\n[ACT] Using existing Gurobi license: ../ACT/modules/gurobi/gurobi.lic\n\u2705 Device Manager Initialized: device=cuda:0, dtype=torch.float64\n\n================================================================================\nACT: Abstract Constraint Transformer\nInference-based whitebox fuzzing for neural network verification\n================================================================================\n\n\n================================================================================\nVERIFICATION TEST: VNNLIB \u2192 VerifiableModel \u2192 verify_once\n================================================================================\n\n[vnnlib] category=tinyimagenet_2024 max_instances=1 mode=hybridz (full TOP1_ROBUST via labeled_tensor collapse; device=cuda, timeout=180.0s)\n  [  1/1] tinyimagenet_2024/onnx/TinyImageNet_resnet_medium.onnx@vnnlib/TinyImageNet_resnet_medium_prop_idx_3054_sidx_7502_eps_0.0039.vnnlib: UNKNOWN (11.3s)  V=0 A=0 U=1 E=0  R=0\n\n[vnnlib/hybridz] FINAL \u2014 total=1 wall=0.2 min\n  UNKNOWN      1\n  [structured] per-instance log \u2192 /data1/Kane/ACT/audit_results/full_vnncomp_20260530T092003Z/tinyimagenet_2024_w1/per_instance_tinyimagenet_2024_20260530T122517434502Z.json\n\n================================================================================\nVERIFICATION TEST SUMMARY\n================================================================================\n  \u2705 vnnlib                    PASSED\n================================================================================\n\n"
}
{
  "benchmark": "tinyimagenet_2024",
  "instance_id": 193,
  "status": "OK",
  "cli_normalized": "OK",
  "wall_s": 11.508927979040891,
  "peak_rss_mb": 2511.27734375,
  "returncode": 0,
  "per_instance_json": "/data1/Kane/ACT/audit_results/full_vnncomp_20260530T092003Z/tinyimagenet_2024_w1/per_instance_tinyimagenet_2024_20260530T122528854488Z.json",
  "out_dir": "/data1/Kane/ACT/audit_results/full_vnncomp_20260530T092003Z/tinyimagenet_2024_w1",
  "stdout_tail": "ast 1)\nWARNING:act.back_end.solver.solver_hz:L9 FALLBACK (RuntimeError): CUDA error: insufficient resources when calling `cusparseSpGEMM_workEstimation( handle, opA, opB, &alpha, matA, matB, &beta, matC, computeType, CUSPARSE_SPGEMM_DEFAULT, spgemmDesc, &bufferSize1, dBuffer1)`\nWARNING:act.back_end.solver.solver_hz:L12 FALLBACK (AttributeError): 'SparseGcZ' object has no attribute 'Gc'\nWARNING:act.back_end.solver.solver_hz:L25 FALLBACK (AttributeError): 'SparseGcZ' object has no attribute 'Gc'\n[ACT] Using existing Gurobi license: ../ACT/modules/gurobi/gurobi.lic\n\u2705 Device Manager Initialized: device=cuda:0, dtype=torch.float64\n\n================================================================================\nACT: Abstract Constraint Transformer\nInference-based whitebox fuzzing for neural network verification\n================================================================================\n\n\n================================================================================\nVERIFICATION TEST: VNNLIB \u2192 VerifiableModel \u2192 verify_once\n================================================================================\n\n[vnnlib] category=tinyimagenet_2024 max_instances=1 mode=hybridz (full TOP1_ROBUST via labeled_tensor collapse; device=cuda, timeout=180.0s)\n  [  1/1] tinyimagenet_2024/onnx/TinyImageNet_resnet_medium.onnx@vnnlib/TinyImageNet_resnet_medium_prop_idx_5922_sidx_1989_eps_0.0039.vnnlib: UNKNOWN (8.2s)  V=0 A=0 U=1 E=0  R=0\n\n[vnnlib/hybridz] FINAL \u2014 total=1 wall=0.1 min\n  UNKNOWN      1\n  [structured] per-instance log \u2192 /data1/Kane/ACT/audit_results/full_vnncomp_20260530T092003Z/tinyimagenet_2024_w1/per_instance_tinyimagenet_2024_20260530T122528854488Z.json\n\n================================================================================\nVERIFICATION TEST SUMMARY\n================================================================================\n  \u2705 vnnlib                    PASSED\n================================================================================\n\n"
}
{
  "benchmark": "tinyimagenet_2024",
  "instance_id": 194,
  "status": "OK",
  "cli_normalized": "OK",
  "wall_s": 12.009038838907145,
  "peak_rss_mb": 2477.8046875,
  "returncode": 0,
  "per_instance_json": "/data1/Kane/ACT/audit_results/full_vnncomp_20260530T092003Z/tinyimagenet_2024_w1/per_instance_tinyimagenet_2024_20260530T122540799718Z.json",
  "out_dir": "/data1/Kane/ACT/audit_results/full_vnncomp_20260530T092003Z/tinyimagenet_2024_w1",
  "stdout_tail": "ast 1)\nWARNING:act.back_end.solver.solver_hz:L9 FALLBACK (RuntimeError): CUDA error: insufficient resources when calling `cusparseSpGEMM_workEstimation( handle, opA, opB, &alpha, matA, matB, &beta, matC, computeType, CUSPARSE_SPGEMM_DEFAULT, spgemmDesc, &bufferSize1, dBuffer1)`\nWARNING:act.back_end.solver.solver_hz:L12 FALLBACK (AttributeError): 'SparseGcZ' object has no attribute 'Gc'\nWARNING:act.back_end.solver.solver_hz:L25 FALLBACK (AttributeError): 'SparseGcZ' object has no attribute 'Gc'\n[ACT] Using existing Gurobi license: ../ACT/modules/gurobi/gurobi.lic\n\u2705 Device Manager Initialized: device=cuda:0, dtype=torch.float64\n\n================================================================================\nACT: Abstract Constraint Transformer\nInference-based whitebox fuzzing for neural network verification\n================================================================================\n\n\n================================================================================\nVERIFICATION TEST: VNNLIB \u2192 VerifiableModel \u2192 verify_once\n================================================================================\n\n[vnnlib] category=tinyimagenet_2024 max_instances=1 mode=hybridz (full TOP1_ROBUST via labeled_tensor collapse; device=cuda, timeout=180.0s)\n  [  1/1] tinyimagenet_2024/onnx/TinyImageNet_resnet_medium.onnx@vnnlib/TinyImageNet_resnet_medium_prop_idx_9330_sidx_2275_eps_0.0039.vnnlib: UNKNOWN (8.6s)  V=0 A=0 U=1 E=0  R=0\n\n[vnnlib/hybridz] FINAL \u2014 total=1 wall=0.1 min\n  UNKNOWN      1\n  [structured] per-instance log \u2192 /data1/Kane/ACT/audit_results/full_vnncomp_20260530T092003Z/tinyimagenet_2024_w1/per_instance_tinyimagenet_2024_20260530T122540799718Z.json\n\n================================================================================\nVERIFICATION TEST SUMMARY\n================================================================================\n  \u2705 vnnlib                    PASSED\n================================================================================\n\n"
}
{
  "benchmark": "tinyimagenet_2024",
  "instance_id": 195,
  "status": "OK",
  "cli_normalized": "OK",
  "wall_s": 12.008675210992806,
  "peak_rss_mb": 2497.52734375,
  "returncode": 0,
  "per_instance_json": "/data1/Kane/ACT/audit_results/full_vnncomp_20260530T092003Z/tinyimagenet_2024_w1/per_instance_tinyimagenet_2024_20260530T122552810625Z.json",
  "out_dir": "/data1/Kane/ACT/audit_results/full_vnncomp_20260530T092003Z/tinyimagenet_2024_w1",
  "stdout_tail": "last 1)\nWARNING:act.back_end.solver.solver_hz:L9 FALLBACK (RuntimeError): CUDA error: insufficient resources when calling `cusparseSpGEMM_workEstimation( handle, opA, opB, &alpha, matA, matB, &beta, matC, computeType, CUSPARSE_SPGEMM_DEFAULT, spgemmDesc, &bufferSize1, dBuffer1)`\nWARNING:act.back_end.solver.solver_hz:L12 FALLBACK (AttributeError): 'SparseGcZ' object has no attribute 'Gc'\nWARNING:act.back_end.solver.solver_hz:L25 FALLBACK (AttributeError): 'SparseGcZ' object has no attribute 'Gc'\n[ACT] Using existing Gurobi license: ../ACT/modules/gurobi/gurobi.lic\n\u2705 Device Manager Initialized: device=cuda:0, dtype=torch.float64\n\n================================================================================\nACT: Abstract Constraint Transformer\nInference-based whitebox fuzzing for neural network verification\n================================================================================\n\n\n================================================================================\nVERIFICATION TEST: VNNLIB \u2192 VerifiableModel \u2192 verify_once\n================================================================================\n\n[vnnlib] category=tinyimagenet_2024 max_instances=1 mode=hybridz (full TOP1_ROBUST via labeled_tensor collapse; device=cuda, timeout=180.0s)\n  [  1/1] tinyimagenet_2024/onnx/TinyImageNet_resnet_medium.onnx@vnnlib/TinyImageNet_resnet_medium_prop_idx_723_sidx_7730_eps_0.0039.vnnlib: UNKNOWN (8.7s)  V=0 A=0 U=1 E=0  R=0\n\n[vnnlib/hybridz] FINAL \u2014 total=1 wall=0.1 min\n  UNKNOWN      1\n  [structured] per-instance log \u2192 /data1/Kane/ACT/audit_results/full_vnncomp_20260530T092003Z/tinyimagenet_2024_w1/per_instance_tinyimagenet_2024_20260530T122552810625Z.json\n\n================================================================================\nVERIFICATION TEST SUMMARY\n================================================================================\n  \u2705 vnnlib                    PASSED\n================================================================================\n\n"
}
{
  "benchmark": "tinyimagenet_2024",
  "instance_id": 196,
  "status": "OK",
  "cli_normalized": "OK",
  "wall_s": 11.508284235023893,
  "peak_rss_mb": 2491.828125,
  "returncode": 0,
  "per_instance_json": "/data1/Kane/ACT/audit_results/full_vnncomp_20260530T092003Z/tinyimagenet_2024_w1/per_instance_tinyimagenet_2024_20260530T122604638207Z.json",
  "out_dir": "/data1/Kane/ACT/audit_results/full_vnncomp_20260530T092003Z/tinyimagenet_2024_w1",
  "stdout_tail": "ast 1)\nWARNING:act.back_end.solver.solver_hz:L9 FALLBACK (RuntimeError): CUDA error: insufficient resources when calling `cusparseSpGEMM_workEstimation( handle, opA, opB, &alpha, matA, matB, &beta, matC, computeType, CUSPARSE_SPGEMM_DEFAULT, spgemmDesc, &bufferSize1, dBuffer1)`\nWARNING:act.back_end.solver.solver_hz:L12 FALLBACK (AttributeError): 'SparseGcZ' object has no attribute 'Gc'\nWARNING:act.back_end.solver.solver_hz:L25 FALLBACK (AttributeError): 'SparseGcZ' object has no attribute 'Gc'\n[ACT] Using existing Gurobi license: ../ACT/modules/gurobi/gurobi.lic\n\u2705 Device Manager Initialized: device=cuda:0, dtype=torch.float64\n\n================================================================================\nACT: Abstract Constraint Transformer\nInference-based whitebox fuzzing for neural network verification\n================================================================================\n\n\n================================================================================\nVERIFICATION TEST: VNNLIB \u2192 VerifiableModel \u2192 verify_once\n================================================================================\n\n[vnnlib] category=tinyimagenet_2024 max_instances=1 mode=hybridz (full TOP1_ROBUST via labeled_tensor collapse; device=cuda, timeout=180.0s)\n  [  1/1] tinyimagenet_2024/onnx/TinyImageNet_resnet_medium.onnx@vnnlib/TinyImageNet_resnet_medium_prop_idx_2647_sidx_2518_eps_0.0039.vnnlib: UNKNOWN (8.5s)  V=0 A=0 U=1 E=0  R=0\n\n[vnnlib/hybridz] FINAL \u2014 total=1 wall=0.1 min\n  UNKNOWN      1\n  [structured] per-instance log \u2192 /data1/Kane/ACT/audit_results/full_vnncomp_20260530T092003Z/tinyimagenet_2024_w1/per_instance_tinyimagenet_2024_20260530T122604638207Z.json\n\n================================================================================\nVERIFICATION TEST SUMMARY\n================================================================================\n  \u2705 vnnlib                    PASSED\n================================================================================\n\n"
}
{
  "benchmark": "tinyimagenet_2024",
  "instance_id": 197,
  "status": "OK",
  "cli_normalized": "OK",
  "wall_s": 11.507867995998822,
  "peak_rss_mb": 2491.9140625,
  "returncode": 0,
  "per_instance_json": "/data1/Kane/ACT/audit_results/full_vnncomp_20260530T092003Z/tinyimagenet_2024_w1/per_instance_tinyimagenet_2024_20260530T122615725992Z.json",
  "out_dir": "/data1/Kane/ACT/audit_results/full_vnncomp_20260530T092003Z/tinyimagenet_2024_w1",
  "stdout_tail": "ast 1)\nWARNING:act.back_end.solver.solver_hz:L9 FALLBACK (RuntimeError): CUDA error: insufficient resources when calling `cusparseSpGEMM_workEstimation( handle, opA, opB, &alpha, matA, matB, &beta, matC, computeType, CUSPARSE_SPGEMM_DEFAULT, spgemmDesc, &bufferSize1, dBuffer1)`\nWARNING:act.back_end.solver.solver_hz:L12 FALLBACK (AttributeError): 'SparseGcZ' object has no attribute 'Gc'\nWARNING:act.back_end.solver.solver_hz:L25 FALLBACK (AttributeError): 'SparseGcZ' object has no attribute 'Gc'\n[ACT] Using existing Gurobi license: ../ACT/modules/gurobi/gurobi.lic\n\u2705 Device Manager Initialized: device=cuda:0, dtype=torch.float64\n\n================================================================================\nACT: Abstract Constraint Transformer\nInference-based whitebox fuzzing for neural network verification\n================================================================================\n\n\n================================================================================\nVERIFICATION TEST: VNNLIB \u2192 VerifiableModel \u2192 verify_once\n================================================================================\n\n[vnnlib] category=tinyimagenet_2024 max_instances=1 mode=hybridz (full TOP1_ROBUST via labeled_tensor collapse; device=cuda, timeout=180.0s)\n  [  1/1] tinyimagenet_2024/onnx/TinyImageNet_resnet_medium.onnx@vnnlib/TinyImageNet_resnet_medium_prop_idx_3015_sidx_2719_eps_0.0039.vnnlib: UNKNOWN (8.1s)  V=0 A=0 U=1 E=0  R=0\n\n[vnnlib/hybridz] FINAL \u2014 total=1 wall=0.1 min\n  UNKNOWN      1\n  [structured] per-instance log \u2192 /data1/Kane/ACT/audit_results/full_vnncomp_20260530T092003Z/tinyimagenet_2024_w1/per_instance_tinyimagenet_2024_20260530T122615725992Z.json\n\n================================================================================\nVERIFICATION TEST SUMMARY\n================================================================================\n  \u2705 vnnlib                    PASSED\n================================================================================\n\n"
}
{
  "benchmark": "tinyimagenet_2024",
  "instance_id": 198,
  "status": "OK",
  "cli_normalized": "OK",
  "wall_s": 12.007289315923117,
  "peak_rss_mb": 2488.76953125,
  "returncode": 0,
  "per_instance_json": "/data1/Kane/ACT/audit_results/full_vnncomp_20260530T092003Z/tinyimagenet_2024_w1/per_instance_tinyimagenet_2024_20260530T122628108020Z.json",
  "out_dir": "/data1/Kane/ACT/audit_results/full_vnncomp_20260530T092003Z/tinyimagenet_2024_w1",
  "stdout_tail": "ast 1)\nWARNING:act.back_end.solver.solver_hz:L9 FALLBACK (RuntimeError): CUDA error: insufficient resources when calling `cusparseSpGEMM_workEstimation( handle, opA, opB, &alpha, matA, matB, &beta, matC, computeType, CUSPARSE_SPGEMM_DEFAULT, spgemmDesc, &bufferSize1, dBuffer1)`\nWARNING:act.back_end.solver.solver_hz:L12 FALLBACK (AttributeError): 'SparseGcZ' object has no attribute 'Gc'\nWARNING:act.back_end.solver.solver_hz:L25 FALLBACK (AttributeError): 'SparseGcZ' object has no attribute 'Gc'\n[ACT] Using existing Gurobi license: ../ACT/modules/gurobi/gurobi.lic\n\u2705 Device Manager Initialized: device=cuda:0, dtype=torch.float64\n\n================================================================================\nACT: Abstract Constraint Transformer\nInference-based whitebox fuzzing for neural network verification\n================================================================================\n\n\n================================================================================\nVERIFICATION TEST: VNNLIB \u2192 VerifiableModel \u2192 verify_once\n================================================================================\n\n[vnnlib] category=tinyimagenet_2024 max_instances=1 mode=hybridz (full TOP1_ROBUST via labeled_tensor collapse; device=cuda, timeout=180.0s)\n  [  1/1] tinyimagenet_2024/onnx/TinyImageNet_resnet_medium.onnx@vnnlib/TinyImageNet_resnet_medium_prop_idx_6564_sidx_5832_eps_0.0039.vnnlib: UNKNOWN (9.0s)  V=0 A=0 U=1 E=0  R=0\n\n[vnnlib/hybridz] FINAL \u2014 total=1 wall=0.2 min\n  UNKNOWN      1\n  [structured] per-instance log \u2192 /data1/Kane/ACT/audit_results/full_vnncomp_20260530T092003Z/tinyimagenet_2024_w1/per_instance_tinyimagenet_2024_20260530T122628108020Z.json\n\n================================================================================\nVERIFICATION TEST SUMMARY\n================================================================================\n  \u2705 vnnlib                    PASSED\n================================================================================\n\n"
}
{
  "benchmark": "tinyimagenet_2024",
  "instance_id": 199,
  "status": "OK",
  "cli_normalized": "OK",
  "wall_s": 11.50701923307497,
  "peak_rss_mb": 2487.22265625,
  "returncode": 0,
  "per_instance_json": "/data1/Kane/ACT/audit_results/full_vnncomp_20260530T092003Z/tinyimagenet_2024_w1/per_instance_tinyimagenet_2024_20260530T122639354180Z.json",
  "out_dir": "/data1/Kane/ACT/audit_results/full_vnncomp_20260530T092003Z/tinyimagenet_2024_w1",
  "stdout_tail": "ast 1)\nWARNING:act.back_end.solver.solver_hz:L9 FALLBACK (RuntimeError): CUDA error: insufficient resources when calling `cusparseSpGEMM_workEstimation( handle, opA, opB, &alpha, matA, matB, &beta, matC, computeType, CUSPARSE_SPGEMM_DEFAULT, spgemmDesc, &bufferSize1, dBuffer1)`\nWARNING:act.back_end.solver.solver_hz:L12 FALLBACK (AttributeError): 'SparseGcZ' object has no attribute 'Gc'\nWARNING:act.back_end.solver.solver_hz:L25 FALLBACK (AttributeError): 'SparseGcZ' object has no attribute 'Gc'\n[ACT] Using existing Gurobi license: ../ACT/modules/gurobi/gurobi.lic\n\u2705 Device Manager Initialized: device=cuda:0, dtype=torch.float64\n\n================================================================================\nACT: Abstract Constraint Transformer\nInference-based whitebox fuzzing for neural network verification\n================================================================================\n\n\n================================================================================\nVERIFICATION TEST: VNNLIB \u2192 VerifiableModel \u2192 verify_once\n================================================================================\n\n[vnnlib] category=tinyimagenet_2024 max_instances=1 mode=hybridz (full TOP1_ROBUST via labeled_tensor collapse; device=cuda, timeout=180.0s)\n  [  1/1] tinyimagenet_2024/onnx/TinyImageNet_resnet_medium.onnx@vnnlib/TinyImageNet_resnet_medium_prop_idx_9458_sidx_2592_eps_0.0039.vnnlib: UNKNOWN (8.3s)  V=0 A=0 U=1 E=0  R=0\n\n[vnnlib/hybridz] FINAL \u2014 total=1 wall=0.1 min\n  UNKNOWN      1\n  [structured] per-instance log \u2192 /data1/Kane/ACT/audit_results/full_vnncomp_20260530T092003Z/tinyimagenet_2024_w1/per_instance_tinyimagenet_2024_20260530T122639354180Z.json\n\n================================================================================\nVERIFICATION TEST SUMMARY\n================================================================================\n  \u2705 vnnlib                    PASSED\n================================================================================\n\n"
}
[watchdog] summary written: /data1/Kane/ACT/audit_results/full_vnncomp_20260530T092003Z/tinyimagenet_2024_w1/watchdog_summary.json
