source,iid,verdict,internal_status,reportable_status,count_bucket,wall_s,watchdog_status,watchdog_synthetic,strict_bounded_failure,run_status,peak_rss_mb,onnx_model,vnnlib_spec,q_statuses,q_reportables,q_receipts,error,json_path
cpu,0,UNKNOWN,UNKNOWN,UNKNOWN,UNKNOWN,23.657,,False,,PASSED,,onnx/mnist_fc_vnncomp2022_mnist-net_256x4.onnx,vnnlib/mnist_fc_vnncomp2022_prop_5_0.05.vnnlib,"[""UNKNOWN""]","[""UNKNOWN""]",[null],,/data1/Kane/ACT/audit_results/r93_rerun_20260525T083118Z/overnight_cpu_20260525T144203Z/relusplitter/per_instance_relusplitter_20260525T152209058133Z.json
cpu,1,UNKNOWN,UNKNOWN,UNKNOWN,UNKNOWN,31.123,,False,,PASSED,,onnx/mnist_fc_vnncomp2022_mnist-net_256x4_RSPLITTER_mnist_fc_vnncomp2022_prop_5_0.05.onnx,vnnlib/mnist_fc_vnncomp2022_prop_5_0.05.vnnlib,"[""UNKNOWN""]","[""UNKNOWN""]",[null],,/data1/Kane/ACT/audit_results/r93_rerun_20260525T083118Z/overnight_cpu_20260525T144203Z/relusplitter/per_instance_relusplitter_20260525T152242963857Z.json
cpu,10,UNKNOWN,UNKNOWN,UNKNOWN,UNKNOWN,24.452,,False,,PASSED,,onnx/mnist_fc_vnncomp2022_mnist-net_256x4.onnx,vnnlib/mnist_fc_vnncomp2022_prop_0_0.05.vnnlib,"[""UNKNOWN""]","[""UNKNOWN""]",[null],,/data1/Kane/ACT/audit_results/r93_rerun_20260525T083118Z/overnight_cpu_20260525T144203Z/relusplitter/per_instance_relusplitter_20260525T152611486237Z.json
cpu,11,UNKNOWN,UNKNOWN,UNKNOWN,UNKNOWN,32.305,,False,,PASSED,,onnx/mnist_fc_vnncomp2022_mnist-net_256x4_RSPLITTER_mnist_fc_vnncomp2022_prop_0_0.05.onnx,vnnlib/mnist_fc_vnncomp2022_prop_0_0.05.vnnlib,"[""UNKNOWN""]","[""UNKNOWN""]",[null],,/data1/Kane/ACT/audit_results/r93_rerun_20260525T083118Z/overnight_cpu_20260525T144203Z/relusplitter/per_instance_relusplitter_20260525T152646914843Z.json
cpu,12,CERTIFIED,UNSAT,CERTIFIED,CERTIFIED,2.091,,False,,PASSED,,onnx/mnist_fc_vnncomp2022_mnist-net_256x4.onnx,vnnlib/mnist_fc_vnncomp2022_prop_12_0.03.vnnlib,"[""UNSAT""]","[""CERTIFIED""]",[null],,/data1/Kane/ACT/audit_results/r93_rerun_20260525T083118Z/overnight_cpu_20260525T144203Z/relusplitter/per_instance_relusplitter_20260525T152651710909Z.json
cpu,13,UNKNOWN,UNKNOWN,UNKNOWN,UNKNOWN,12.806,,False,,PASSED,,onnx/mnist_fc_vnncomp2022_mnist-net_256x4_RSPLITTER_mnist_fc_vnncomp2022_prop_12_0.03.onnx,vnnlib/mnist_fc_vnncomp2022_prop_12_0.03.vnnlib,"[""UNKNOWN""]","[""UNKNOWN""]",[null],,/data1/Kane/ACT/audit_results/r93_rerun_20260525T083118Z/overnight_cpu_20260525T144203Z/relusplitter/per_instance_relusplitter_20260525T152707436119Z.json
cpu,14,UNKNOWN,UNKNOWN,UNKNOWN,UNKNOWN,25.338,,False,,PASSED,,onnx/mnist_fc_vnncomp2022_mnist-net_256x4.onnx,vnnlib/mnist_fc_vnncomp2022_prop_7_0.03.vnnlib,"[""UNKNOWN""]","[""UNKNOWN""]",[null],,/data1/Kane/ACT/audit_results/r93_rerun_20260525T083118Z/overnight_cpu_20260525T144203Z/relusplitter/per_instance_relusplitter_20260525T152735980928Z.json
cpu,15,UNKNOWN,UNKNOWN,UNKNOWN,UNKNOWN,34.009,,False,,PASSED,,onnx/mnist_fc_vnncomp2022_mnist-net_256x4_RSPLITTER_mnist_fc_vnncomp2022_prop_7_0.03.onnx,vnnlib/mnist_fc_vnncomp2022_prop_7_0.03.vnnlib,"[""UNKNOWN""]","[""UNKNOWN""]",[null],,/data1/Kane/ACT/audit_results/r93_rerun_20260525T083118Z/overnight_cpu_20260525T144203Z/relusplitter/per_instance_relusplitter_20260525T152812555289Z.json
cpu,16,UNKNOWN_TIMEOUT,UNKNOWN,UNKNOWN,,38.126,UNKNOWN_TIMEOUT,True,True,FAILED,1879.578125,onnx/mnist_fc_vnncomp2022_mnist-net_256x4.onnx,vnnlib/mnist_fc_vnncomp2022_prop_1_0.05.vnnlib,[],[],[],"watchdog killed instance after 38.1s (status=UNKNOWN_TIMEOUT, peak_rss=1879.6 MiB)",/data1/Kane/ACT/audit_results/r93_rerun_20260525T083118Z/overnight_cpu_20260525T144203Z/relusplitter/per_instance_relusplitter_watchdog_iid16_20260525T152851735947Z.json
cpu,17,UNKNOWN_TIMEOUT,UNKNOWN,UNKNOWN,,38.129,UNKNOWN_TIMEOUT,True,True,FAILED,1627.91796875,onnx/mnist_fc_vnncomp2022_mnist-net_256x4_RSPLITTER_mnist_fc_vnncomp2022_prop_1_0.05.onnx,vnnlib/mnist_fc_vnncomp2022_prop_1_0.05.vnnlib,[],[],[],"watchdog killed instance after 38.1s (status=UNKNOWN_TIMEOUT, peak_rss=1627.9 MiB)",/data1/Kane/ACT/audit_results/r93_rerun_20260525T083118Z/overnight_cpu_20260525T144203Z/relusplitter/per_instance_relusplitter_watchdog_iid17_20260525T152929865717Z.json
cpu,18,UNKNOWN_TIMEOUT,UNKNOWN,UNKNOWN,,38.129,UNKNOWN_TIMEOUT,True,True,FAILED,1811.296875,onnx/mnist_fc_vnncomp2022_mnist-net_256x4.onnx,vnnlib/mnist_fc_vnncomp2022_prop_7_0.05.vnnlib,[],[],[],"watchdog killed instance after 38.1s (status=UNKNOWN_TIMEOUT, peak_rss=1811.3 MiB)",/data1/Kane/ACT/audit_results/r93_rerun_20260525T083118Z/overnight_cpu_20260525T144203Z/relusplitter/per_instance_relusplitter_watchdog_iid18_20260525T153007996055Z.json
cpu,19,UNKNOWN_TIMEOUT,UNKNOWN,UNKNOWN,,38.133,UNKNOWN_TIMEOUT,True,True,FAILED,1895.05078125,onnx/mnist_fc_vnncomp2022_mnist-net_256x4_RSPLITTER_mnist_fc_vnncomp2022_prop_7_0.05.onnx,vnnlib/mnist_fc_vnncomp2022_prop_7_0.05.vnnlib,[],[],[],"watchdog killed instance after 38.1s (status=UNKNOWN_TIMEOUT, peak_rss=1895.1 MiB)",/data1/Kane/ACT/audit_results/r93_rerun_20260525T083118Z/overnight_cpu_20260525T144203Z/relusplitter/per_instance_relusplitter_watchdog_iid19_20260525T153046130564Z.json
cpu,2,UNKNOWN,UNKNOWN,UNKNOWN,UNKNOWN,5.433,,False,,PASSED,,onnx/mnist_fc_vnncomp2022_mnist-net_256x4.onnx,vnnlib/mnist_fc_vnncomp2022_prop_3_0.05.vnnlib,"[""UNKNOWN""]","[""UNKNOWN""]",[null],,/data1/Kane/ACT/audit_results/r93_rerun_20260525T083118Z/overnight_cpu_20260525T144203Z/relusplitter/per_instance_relusplitter_20260525T152251350451Z.json
cpu,20,UNKNOWN,UNKNOWN,UNKNOWN,UNKNOWN,11.316,,False,,PASSED,,onnx/mnist_fc_vnncomp2022_mnist-net_256x4.onnx,vnnlib/mnist_fc_vnncomp2022_prop_8_0.05.vnnlib,"[""UNKNOWN""]","[""UNKNOWN""]",[null],,/data1/Kane/ACT/audit_results/r93_rerun_20260525T083118Z/overnight_cpu_20260525T144203Z/relusplitter/per_instance_relusplitter_20260525T153059547791Z.json
cpu,21,UNKNOWN_TIMEOUT,UNKNOWN,UNKNOWN,,38.13,UNKNOWN_TIMEOUT,True,True,FAILED,1832.94921875,onnx/mnist_fc_vnncomp2022_mnist-net_256x4_RSPLITTER_mnist_fc_vnncomp2022_prop_8_0.05.onnx,vnnlib/mnist_fc_vnncomp2022_prop_8_0.05.vnnlib,[],[],[],"watchdog killed instance after 38.1s (status=UNKNOWN_TIMEOUT, peak_rss=1832.9 MiB)",/data1/Kane/ACT/audit_results/r93_rerun_20260525T083118Z/overnight_cpu_20260525T144203Z/relusplitter/per_instance_relusplitter_watchdog_iid21_20260525T153138775243Z.json
cpu,22,CERTIFIED,UNSAT,CERTIFIED,CERTIFIED,5.226,,False,,PASSED,,onnx/mnist_fc_vnncomp2022_mnist-net_256x4.onnx,vnnlib/mnist_fc_vnncomp2022_prop_14_0.03.vnnlib,"[""UNSAT""]","[""CERTIFIED""]",[null],,/data1/Kane/ACT/audit_results/r93_rerun_20260525T083118Z/overnight_cpu_20260525T144203Z/relusplitter/per_instance_relusplitter_20260525T153146143985Z.json
cpu,23,UNKNOWN,UNKNOWN,UNKNOWN,UNKNOWN,14.292,,False,,PASSED,,onnx/mnist_fc_vnncomp2022_mnist-net_256x4_RSPLITTER_mnist_fc_vnncomp2022_prop_14_0.03.onnx,vnnlib/mnist_fc_vnncomp2022_prop_14_0.03.vnnlib,"[""UNKNOWN""]","[""UNKNOWN""]",[null],,/data1/Kane/ACT/audit_results/r93_rerun_20260525T083118Z/overnight_cpu_20260525T144203Z/relusplitter/per_instance_relusplitter_20260525T153203225811Z.json
cpu,24,UNKNOWN,UNKNOWN,UNKNOWN,UNKNOWN,15.007,,False,,PASSED,,onnx/mnist_fc_vnncomp2022_mnist-net_256x4.onnx,vnnlib/mnist_fc_vnncomp2022_prop_13_0.03.vnnlib,"[""UNKNOWN""]","[""UNKNOWN""]",[null],,/data1/Kane/ACT/audit_results/r93_rerun_20260525T083118Z/overnight_cpu_20260525T144203Z/relusplitter/per_instance_relusplitter_20260525T153221443099Z.json
cpu,25,UNKNOWN,UNKNOWN,UNKNOWN,UNKNOWN,29.637,,False,,PASSED,,onnx/mnist_fc_vnncomp2022_mnist-net_256x4_RSPLITTER_mnist_fc_vnncomp2022_prop_13_0.03.onnx,vnnlib/mnist_fc_vnncomp2022_prop_13_0.03.vnnlib,"[""UNKNOWN""]","[""UNKNOWN""]",[null],,/data1/Kane/ACT/audit_results/r93_rerun_20260525T083118Z/overnight_cpu_20260525T144203Z/relusplitter/per_instance_relusplitter_20260525T153254084565Z.json
cpu,26,UNKNOWN,UNKNOWN,UNKNOWN,UNKNOWN,35.301,,False,,PASSED,,onnx/mnist_fc_vnncomp2022_mnist-net_256x4.onnx,vnnlib/mnist_fc_vnncomp2022_prop_2_0.05.vnnlib,"[""UNKNOWN""]","[""UNKNOWN""]",[null],,/data1/Kane/ACT/audit_results/r93_rerun_20260525T083118Z/overnight_cpu_20260525T144203Z/relusplitter/per_instance_relusplitter_20260525T153332223607Z.json
cpu,27,UNKNOWN_TIMEOUT,UNKNOWN,UNKNOWN,,38.132,UNKNOWN_TIMEOUT,True,True,FAILED,2023.87109375,onnx/mnist_fc_vnncomp2022_mnist-net_256x4_RSPLITTER_mnist_fc_vnncomp2022_prop_2_0.05.onnx,vnnlib/mnist_fc_vnncomp2022_prop_2_0.05.vnnlib,[],[],[],"watchdog killed instance after 38.1s (status=UNKNOWN_TIMEOUT, peak_rss=2023.9 MiB)",/data1/Kane/ACT/audit_results/r93_rerun_20260525T083118Z/overnight_cpu_20260525T144203Z/relusplitter/per_instance_relusplitter_watchdog_iid27_20260525T153411048264Z.json
cpu,28,CERTIFIED,UNSAT,CERTIFIED,CERTIFIED,2.027,,False,,PASSED,,onnx/mnist_fc_vnncomp2022_mnist-net_256x4.onnx,vnnlib/mnist_fc_vnncomp2022_prop_11_0.03.vnnlib,"[""UNSAT""]","[""CERTIFIED""]",[null],,/data1/Kane/ACT/audit_results/r93_rerun_20260525T083118Z/overnight_cpu_20260525T144203Z/relusplitter/per_instance_relusplitter_20260525T153415180557Z.json
cpu,29,UNKNOWN,UNKNOWN,UNKNOWN,UNKNOWN,22.241,,False,,PASSED,,onnx/mnist_fc_vnncomp2022_mnist-net_256x4_RSPLITTER_mnist_fc_vnncomp2022_prop_11_0.03.onnx,vnnlib/mnist_fc_vnncomp2022_prop_11_0.03.vnnlib,"[""UNKNOWN""]","[""UNKNOWN""]",[null],,/data1/Kane/ACT/audit_results/r93_rerun_20260525T083118Z/overnight_cpu_20260525T144203Z/relusplitter/per_instance_relusplitter_20260525T153440376696Z.json
cpu,3,UNKNOWN,UNKNOWN,UNKNOWN,UNKNOWN,18.396,,False,,PASSED,,onnx/mnist_fc_vnncomp2022_mnist-net_256x4_RSPLITTER_mnist_fc_vnncomp2022_prop_3_0.05.onnx,vnnlib/mnist_fc_vnncomp2022_prop_3_0.05.vnnlib,"[""UNKNOWN""]","[""UNKNOWN""]",[null],,/data1/Kane/ACT/audit_results/r93_rerun_20260525T083118Z/overnight_cpu_20260525T144203Z/relusplitter/per_instance_relusplitter_20260525T152312818431Z.json
cpu,4,UNKNOWN,UNKNOWN,UNKNOWN,UNKNOWN,21.507,,False,,PASSED,,onnx/mnist_fc_vnncomp2022_mnist-net_256x4.onnx,vnnlib/mnist_fc_vnncomp2022_prop_6_0.05.vnnlib,"[""UNKNOWN""]","[""UNKNOWN""]",[null],,/data1/Kane/ACT/audit_results/r93_rerun_20260525T083118Z/overnight_cpu_20260525T144203Z/relusplitter/per_instance_relusplitter_20260525T152337373880Z.json
cpu,5,UNKNOWN,UNKNOWN,UNKNOWN,UNKNOWN,28.17,,False,,PASSED,,onnx/mnist_fc_vnncomp2022_mnist-net_256x4_RSPLITTER_mnist_fc_vnncomp2022_prop_6_0.05.onnx,vnnlib/mnist_fc_vnncomp2022_prop_6_0.05.vnnlib,"[""UNKNOWN""]","[""UNKNOWN""]",[null],,/data1/Kane/ACT/audit_results/r93_rerun_20260525T083118Z/overnight_cpu_20260525T144203Z/relusplitter/per_instance_relusplitter_20260525T152408652858Z.json
cpu,6,UNKNOWN,UNKNOWN,UNKNOWN,UNKNOWN,11.371,,False,,PASSED,,onnx/mnist_fc_vnncomp2022_mnist-net_256x4.onnx,vnnlib/mnist_fc_vnncomp2022_prop_0_0.03.vnnlib,"[""UNKNOWN""]","[""UNKNOWN""]",[null],,/data1/Kane/ACT/audit_results/r93_rerun_20260525T083118Z/overnight_cpu_20260525T144203Z/relusplitter/per_instance_relusplitter_20260525T152422869885Z.json
cpu,7,UNKNOWN,UNKNOWN,UNKNOWN,UNKNOWN,21.531,,False,,PASSED,,onnx/mnist_fc_vnncomp2022_mnist-net_256x4_RSPLITTER_mnist_fc_vnncomp2022_prop_0_0.03.onnx,vnnlib/mnist_fc_vnncomp2022_prop_0_0.03.vnnlib,"[""UNKNOWN""]","[""UNKNOWN""]",[null],,/data1/Kane/ACT/audit_results/r93_rerun_20260525T083118Z/overnight_cpu_20260525T144203Z/relusplitter/per_instance_relusplitter_20260525T152447529763Z.json
cpu,8,UNKNOWN,UNKNOWN,UNKNOWN,UNKNOWN,21.455,,False,,PASSED,,onnx/mnist_fc_vnncomp2022_mnist-net_256x4.onnx,vnnlib/mnist_fc_vnncomp2022_prop_4_0.05.vnnlib,"[""UNKNOWN""]","[""UNKNOWN""]",[null],,/data1/Kane/ACT/audit_results/r93_rerun_20260525T083118Z/overnight_cpu_20260525T144203Z/relusplitter/per_instance_relusplitter_20260525T152511997248Z.json
cpu,9,UNKNOWN,UNKNOWN,UNKNOWN,UNKNOWN,29.149,,False,,PASSED,,onnx/mnist_fc_vnncomp2022_mnist-net_256x4_RSPLITTER_mnist_fc_vnncomp2022_prop_4_0.05.onnx,vnnlib/mnist_fc_vnncomp2022_prop_4_0.05.vnnlib,"[""UNKNOWN""]","[""UNKNOWN""]",[null],,/data1/Kane/ACT/audit_results/r93_rerun_20260525T083118Z/overnight_cpu_20260525T144203Z/relusplitter/per_instance_relusplitter_20260525T152544081801Z.json
cpu2,100,UNKNOWN_TIMEOUT,UNKNOWN,UNKNOWN,,38.122,UNKNOWN_TIMEOUT,True,True,FAILED,1666.80078125,onnx/oval21-benchmark_cifar_deep_kw.onnx,vnnlib/oval21-benchmark_cifar_deep_kw-img3039-eps0.035686274509803925.vnnlib,[],[],[],"watchdog killed instance after 38.1s (status=UNKNOWN_TIMEOUT, peak_rss=1666.8 MiB)",/data1/Kane/ACT/audit_results/r93_rerun_20260525T083118Z/overnight_cpu_round2_20260525T225241Z/relusplitter/per_instance_relusplitter_watchdog_iid100_20260525T234630206386Z.json
cpu2,101,UNKNOWN_TIMEOUT,UNKNOWN,UNKNOWN,,38.119,UNKNOWN_TIMEOUT,True,True,FAILED,1915.01953125,onnx/oval21-benchmark_cifar_deep_kw_RSPLITTER_oval21-benchmark_cifar_deep_kw-img3039-eps0.035686274509803925.onnx,vnnlib/oval21-benchmark_cifar_deep_kw-img3039-eps0.035686274509803925.vnnlib,[],[],[],"watchdog killed instance after 38.1s (status=UNKNOWN_TIMEOUT, peak_rss=1915.0 MiB)",/data1/Kane/ACT/audit_results/r93_rerun_20260525T083118Z/overnight_cpu_round2_20260525T225241Z/relusplitter/per_instance_relusplitter_watchdog_iid101_20260525T234708326336Z.json
cpu2,102,UNKNOWN_TIMEOUT,UNKNOWN,UNKNOWN,,38.221,UNKNOWN_TIMEOUT,True,True,FAILED,3980.99609375,onnx/oval21-benchmark_cifar_deep_kw.onnx,vnnlib/oval21-benchmark_cifar_deep_kw-img6995-eps0.00954248366013072.vnnlib,[],[],[],"watchdog killed instance after 38.2s (status=UNKNOWN_TIMEOUT, peak_rss=3981.0 MiB)",/data1/Kane/ACT/audit_results/r93_rerun_20260525T083118Z/overnight_cpu_round2_20260525T225241Z/relusplitter/per_instance_relusplitter_watchdog_iid102_20260525T234746548429Z.json
cpu2,103,UNKNOWN_TIMEOUT,UNKNOWN,UNKNOWN,,38.224,UNKNOWN_TIMEOUT,True,True,FAILED,3780.99609375,onnx/oval21-benchmark_cifar_deep_kw_RSPLITTER_oval21-benchmark_cifar_deep_kw-img6995-eps0.00954248366013072.onnx,vnnlib/oval21-benchmark_cifar_deep_kw-img6995-eps0.00954248366013072.vnnlib,[],[],[],"watchdog killed instance after 38.2s (status=UNKNOWN_TIMEOUT, peak_rss=3781.0 MiB)",/data1/Kane/ACT/audit_results/r93_rerun_20260525T083118Z/overnight_cpu_round2_20260525T225241Z/relusplitter/per_instance_relusplitter_watchdog_iid103_20260525T234824773759Z.json
cpu2,104,UNKNOWN_TIMEOUT,UNKNOWN,UNKNOWN,,38.126,UNKNOWN_TIMEOUT,True,True,FAILED,1697.90234375,onnx/oval21-benchmark_cifar_deep_kw.onnx,vnnlib/oval21-benchmark_cifar_deep_kw-img7358-eps0.03869281045751634.vnnlib,[],[],[],"watchdog killed instance after 38.1s (status=UNKNOWN_TIMEOUT, peak_rss=1697.9 MiB)",/data1/Kane/ACT/audit_results/r93_rerun_20260525T083118Z/overnight_cpu_round2_20260525T225241Z/relusplitter/per_instance_relusplitter_watchdog_iid104_20260525T234902900639Z.json
cpu2,105,UNKNOWN_TIMEOUT,UNKNOWN,UNKNOWN,,38.226,UNKNOWN_TIMEOUT,True,True,FAILED,2040.25390625,onnx/oval21-benchmark_cifar_deep_kw_RSPLITTER_oval21-benchmark_cifar_deep_kw-img7358-eps0.03869281045751634.onnx,vnnlib/oval21-benchmark_cifar_deep_kw-img7358-eps0.03869281045751634.vnnlib,[],[],[],"watchdog killed instance after 38.2s (status=UNKNOWN_TIMEOUT, peak_rss=2040.3 MiB)",/data1/Kane/ACT/audit_results/r93_rerun_20260525T083118Z/overnight_cpu_round2_20260525T225241Z/relusplitter/per_instance_relusplitter_watchdog_iid105_20260525T234941127237Z.json
cpu2,106,UNKNOWN_TIMEOUT,UNKNOWN,UNKNOWN,,38.127,UNKNOWN_TIMEOUT,True,True,FAILED,1743.1796875,onnx/oval21-benchmark_cifar_deep_kw.onnx,vnnlib/oval21-benchmark_cifar_deep_kw-img4387-eps0.04705882352941177.vnnlib,[],[],[],"watchdog killed instance after 38.1s (status=UNKNOWN_TIMEOUT, peak_rss=1743.2 MiB)",/data1/Kane/ACT/audit_results/r93_rerun_20260525T083118Z/overnight_cpu_round2_20260525T225241Z/relusplitter/per_instance_relusplitter_watchdog_iid106_20260525T235019254988Z.json
cpu2,107,UNKNOWN_TIMEOUT,UNKNOWN,UNKNOWN,,38.228,UNKNOWN_TIMEOUT,True,True,FAILED,3312.7421875,onnx/oval21-benchmark_cifar_deep_kw_RSPLITTER_oval21-benchmark_cifar_deep_kw-img4387-eps0.04705882352941177.onnx,vnnlib/oval21-benchmark_cifar_deep_kw-img4387-eps0.04705882352941177.vnnlib,[],[],[],"watchdog killed instance after 38.2s (status=UNKNOWN_TIMEOUT, peak_rss=3312.7 MiB)",/data1/Kane/ACT/audit_results/r93_rerun_20260525T083118Z/overnight_cpu_round2_20260525T225241Z/relusplitter/per_instance_relusplitter_watchdog_iid107_20260525T235057483361Z.json
cpu2,108,UNKNOWN_TIMEOUT,UNKNOWN,UNKNOWN,,38.225,UNKNOWN_TIMEOUT,True,True,FAILED,3354.1953125,onnx/oval21-benchmark_cifar_deep_kw.onnx,vnnlib/oval21-benchmark_cifar_deep_kw-img2920-eps0.014248366013071896.vnnlib,[],[],[],"watchdog killed instance after 38.2s (status=UNKNOWN_TIMEOUT, peak_rss=3354.2 MiB)",/data1/Kane/ACT/audit_results/r93_rerun_20260525T083118Z/overnight_cpu_round2_20260525T225241Z/relusplitter/per_instance_relusplitter_watchdog_iid108_20260525T235135709245Z.json
cpu2,109,UNKNOWN_TIMEOUT,UNKNOWN,UNKNOWN,,38.226,UNKNOWN_TIMEOUT,True,True,FAILED,3021.15234375,onnx/oval21-benchmark_cifar_deep_kw_RSPLITTER_oval21-benchmark_cifar_deep_kw-img2920-eps0.014248366013071896.onnx,vnnlib/oval21-benchmark_cifar_deep_kw-img2920-eps0.014248366013071896.vnnlib,[],[],[],"watchdog killed instance after 38.2s (status=UNKNOWN_TIMEOUT, peak_rss=3021.2 MiB)",/data1/Kane/ACT/audit_results/r93_rerun_20260525T083118Z/overnight_cpu_round2_20260525T225241Z/relusplitter/per_instance_relusplitter_watchdog_iid109_20260525T235213936972Z.json
cpu2,110,UNKNOWN_TIMEOUT,UNKNOWN,UNKNOWN,,38.227,UNKNOWN_TIMEOUT,True,True,FAILED,2397.39453125,onnx/oval21-benchmark_cifar_deep_kw.onnx,vnnlib/oval21-benchmark_cifar_deep_kw-img4740-eps0.01647058823529412.vnnlib,[],[],[],"watchdog killed instance after 38.2s (status=UNKNOWN_TIMEOUT, peak_rss=2397.4 MiB)",/data1/Kane/ACT/audit_results/r93_rerun_20260525T083118Z/overnight_cpu_round2_20260525T225241Z/relusplitter/per_instance_relusplitter_watchdog_iid110_20260525T235252164694Z.json
cpu2,111,UNKNOWN_TIMEOUT,UNKNOWN,UNKNOWN,,38.227,UNKNOWN_TIMEOUT,True,True,FAILED,2631.39453125,onnx/oval21-benchmark_cifar_deep_kw_RSPLITTER_oval21-benchmark_cifar_deep_kw-img4740-eps0.01647058823529412.onnx,vnnlib/oval21-benchmark_cifar_deep_kw-img4740-eps0.01647058823529412.vnnlib,[],[],[],"watchdog killed instance after 38.2s (status=UNKNOWN_TIMEOUT, peak_rss=2631.4 MiB)",/data1/Kane/ACT/audit_results/r93_rerun_20260525T083118Z/overnight_cpu_round2_20260525T225241Z/relusplitter/per_instance_relusplitter_watchdog_iid111_20260525T235330392696Z.json
cpu2,112,UNKNOWN_TIMEOUT,UNKNOWN,UNKNOWN,,38.227,UNKNOWN_TIMEOUT,True,True,FAILED,3125.484375,onnx/oval21-benchmark_cifar_deep_kw.onnx,vnnlib/oval21-benchmark_cifar_deep_kw-img917-eps0.04235294117647059.vnnlib,[],[],[],"watchdog killed instance after 38.2s (status=UNKNOWN_TIMEOUT, peak_rss=3125.5 MiB)",/data1/Kane/ACT/audit_results/r93_rerun_20260525T083118Z/overnight_cpu_round2_20260525T225241Z/relusplitter/per_instance_relusplitter_watchdog_iid112_20260525T235408620112Z.json
cpu2,113,UNKNOWN_TIMEOUT,UNKNOWN,UNKNOWN,,38.225,UNKNOWN_TIMEOUT,True,True,FAILED,3444.43359375,onnx/oval21-benchmark_cifar_deep_kw_RSPLITTER_oval21-benchmark_cifar_deep_kw-img917-eps0.04235294117647059.onnx,vnnlib/oval21-benchmark_cifar_deep_kw-img917-eps0.04235294117647059.vnnlib,[],[],[],"watchdog killed instance after 38.2s (status=UNKNOWN_TIMEOUT, peak_rss=3444.4 MiB)",/data1/Kane/ACT/audit_results/r93_rerun_20260525T083118Z/overnight_cpu_round2_20260525T225241Z/relusplitter/per_instance_relusplitter_watchdog_iid113_20260525T235446845788Z.json
cpu2,114,UNKNOWN_TIMEOUT,UNKNOWN,UNKNOWN,,38.226,UNKNOWN_TIMEOUT,True,True,FAILED,3434.390625,onnx/oval21-benchmark_cifar_deep_kw.onnx,vnnlib/oval21-benchmark_cifar_deep_kw-img5988-eps0.037516339869281046.vnnlib,[],[],[],"watchdog killed instance after 38.2s (status=UNKNOWN_TIMEOUT, peak_rss=3434.4 MiB)",/data1/Kane/ACT/audit_results/r93_rerun_20260525T083118Z/overnight_cpu_round2_20260525T225241Z/relusplitter/per_instance_relusplitter_watchdog_iid114_20260525T235525072568Z.json
cpu2,115,UNKNOWN_TIMEOUT,UNKNOWN,UNKNOWN,,38.123,UNKNOWN_TIMEOUT,True,True,FAILED,1880.40234375,onnx/oval21-benchmark_cifar_deep_kw_RSPLITTER_oval21-benchmark_cifar_deep_kw-img5988-eps0.037516339869281046.onnx,vnnlib/oval21-benchmark_cifar_deep_kw-img5988-eps0.037516339869281046.vnnlib,[],[],[],"watchdog killed instance after 38.1s (status=UNKNOWN_TIMEOUT, peak_rss=1880.4 MiB)",/data1/Kane/ACT/audit_results/r93_rerun_20260525T083118Z/overnight_cpu_round2_20260525T225241Z/relusplitter/per_instance_relusplitter_watchdog_iid115_20260525T235603196854Z.json
cpu2,116,UNKNOWN_TIMEOUT,UNKNOWN,UNKNOWN,,38.224,UNKNOWN_TIMEOUT,True,True,FAILED,2515.4453125,onnx/oval21-benchmark_cifar_deep_kw.onnx,vnnlib/oval21-benchmark_cifar_deep_kw-img6254-eps0.013594771241830067.vnnlib,[],[],[],"watchdog killed instance after 38.2s (status=UNKNOWN_TIMEOUT, peak_rss=2515.4 MiB)",/data1/Kane/ACT/audit_results/r93_rerun_20260525T083118Z/overnight_cpu_round2_20260525T225241Z/relusplitter/per_instance_relusplitter_watchdog_iid116_20260525T235641421170Z.json
cpu2,117,UNKNOWN_TIMEOUT,UNKNOWN,UNKNOWN,,38.225,UNKNOWN_TIMEOUT,True,True,FAILED,2833.44140625,onnx/oval21-benchmark_cifar_deep_kw_RSPLITTER_oval21-benchmark_cifar_deep_kw-img6254-eps0.013594771241830067.onnx,vnnlib/oval21-benchmark_cifar_deep_kw-img6254-eps0.013594771241830067.vnnlib,[],[],[],"watchdog killed instance after 38.2s (status=UNKNOWN_TIMEOUT, peak_rss=2833.4 MiB)",/data1/Kane/ACT/audit_results/r93_rerun_20260525T083118Z/overnight_cpu_round2_20260525T225241Z/relusplitter/per_instance_relusplitter_watchdog_iid117_20260525T235719646950Z.json
cpu2,118,UNKNOWN_TIMEOUT,UNKNOWN,UNKNOWN,,38.125,UNKNOWN_TIMEOUT,True,True,FAILED,1676.11328125,onnx/oval21-benchmark_cifar_deep_kw.onnx,vnnlib/oval21-benchmark_cifar_deep_kw-img3782-eps0.053202614379084974.vnnlib,[],[],[],"watchdog killed instance after 38.1s (status=UNKNOWN_TIMEOUT, peak_rss=1676.1 MiB)",/data1/Kane/ACT/audit_results/r93_rerun_20260525T083118Z/overnight_cpu_round2_20260525T225241Z/relusplitter/per_instance_relusplitter_watchdog_iid118_20260525T235757772257Z.json
cpu2,119,UNKNOWN_TIMEOUT,UNKNOWN,UNKNOWN,,38.226,UNKNOWN_TIMEOUT,True,True,FAILED,2714.7734375,onnx/oval21-benchmark_cifar_deep_kw_RSPLITTER_oval21-benchmark_cifar_deep_kw-img3782-eps0.053202614379084974.onnx,vnnlib/oval21-benchmark_cifar_deep_kw-img3782-eps0.053202614379084974.vnnlib,[],[],[],"watchdog killed instance after 38.2s (status=UNKNOWN_TIMEOUT, peak_rss=2714.8 MiB)",/data1/Kane/ACT/audit_results/r93_rerun_20260525T083118Z/overnight_cpu_round2_20260525T225241Z/relusplitter/per_instance_relusplitter_watchdog_iid119_20260525T235835998940Z.json
cpu2,120,UNKNOWN_TIMEOUT,UNKNOWN,UNKNOWN,,38.225,UNKNOWN_TIMEOUT,True,True,FAILED,3571.28515625,onnx/oval21-benchmark_cifar_wide_kw.onnx,vnnlib/oval21-benchmark_cifar_wide_kw-img4351-eps0.03633986928104575.vnnlib,[],[],[],"watchdog killed instance after 38.2s (status=UNKNOWN_TIMEOUT, peak_rss=3571.3 MiB)",/data1/Kane/ACT/audit_results/r93_rerun_20260525T083118Z/overnight_cpu_round2_20260525T225241Z/relusplitter/per_instance_relusplitter_watchdog_iid120_20260525T235914225982Z.json
cpu2,121,UNKNOWN_TIMEOUT,UNKNOWN,UNKNOWN,,38.329,UNKNOWN_TIMEOUT,True,True,FAILED,4739.2265625,onnx/oval21-benchmark_cifar_wide_kw_RSPLITTER_oval21-benchmark_cifar_wide_kw-img4351-eps0.03633986928104575.onnx,vnnlib/oval21-benchmark_cifar_wide_kw-img4351-eps0.03633986928104575.vnnlib,[],[],[],"watchdog killed instance after 38.3s (status=UNKNOWN_TIMEOUT, peak_rss=4739.2 MiB)",/data1/Kane/ACT/audit_results/r93_rerun_20260525T083118Z/overnight_cpu_round2_20260525T225241Z/relusplitter/per_instance_relusplitter_watchdog_iid121_20260525T235952556128Z.json
cpu2,122,UNKNOWN_TIMEOUT,UNKNOWN,UNKNOWN,,38.227,UNKNOWN_TIMEOUT,True,True,FAILED,2140.77734375,onnx/oval21-benchmark_cifar_wide_kw.onnx,vnnlib/oval21-benchmark_cifar_wide_kw-img7814-eps0.01738562091503268.vnnlib,[],[],[],"watchdog killed instance after 38.2s (status=UNKNOWN_TIMEOUT, peak_rss=2140.8 MiB)",/data1/Kane/ACT/audit_results/r93_rerun_20260525T083118Z/overnight_cpu_round2_20260525T225241Z/relusplitter/per_instance_relusplitter_watchdog_iid122_20260526T000030784058Z.json
cpu2,123,UNKNOWN_TIMEOUT,UNKNOWN,UNKNOWN,,38.227,UNKNOWN_TIMEOUT,True,True,FAILED,2845.8828125,onnx/oval21-benchmark_cifar_wide_kw_RSPLITTER_oval21-benchmark_cifar_wide_kw-img7814-eps0.01738562091503268.onnx,vnnlib/oval21-benchmark_cifar_wide_kw-img7814-eps0.01738562091503268.vnnlib,[],[],[],"watchdog killed instance after 38.2s (status=UNKNOWN_TIMEOUT, peak_rss=2845.9 MiB)",/data1/Kane/ACT/audit_results/r93_rerun_20260525T083118Z/overnight_cpu_round2_20260525T225241Z/relusplitter/per_instance_relusplitter_watchdog_iid123_20260526T000109011481Z.json
cpu2,124,UNKNOWN_TIMEOUT,UNKNOWN,UNKNOWN,,38.227,UNKNOWN_TIMEOUT,True,True,FAILED,3701.80859375,onnx/oval21-benchmark_cifar_wide_kw.onnx,vnnlib/oval21-benchmark_cifar_wide_kw-img2440-eps0.010588235294117648.vnnlib,[],[],[],"watchdog killed instance after 38.2s (status=UNKNOWN_TIMEOUT, peak_rss=3701.8 MiB)",/data1/Kane/ACT/audit_results/r93_rerun_20260525T083118Z/overnight_cpu_round2_20260525T225241Z/relusplitter/per_instance_relusplitter_watchdog_iid124_20260526T000147239775Z.json
cpu2,125,UNKNOWN_TIMEOUT,UNKNOWN,UNKNOWN,,38.226,UNKNOWN_TIMEOUT,True,True,FAILED,4602.60546875,onnx/oval21-benchmark_cifar_wide_kw_RSPLITTER_oval21-benchmark_cifar_wide_kw-img2440-eps0.010588235294117648.onnx,vnnlib/oval21-benchmark_cifar_wide_kw-img2440-eps0.010588235294117648.vnnlib,[],[],[],"watchdog killed instance after 38.2s (status=UNKNOWN_TIMEOUT, peak_rss=4602.6 MiB)",/data1/Kane/ACT/audit_results/r93_rerun_20260525T083118Z/overnight_cpu_round2_20260525T225241Z/relusplitter/per_instance_relusplitter_watchdog_iid125_20260526T000225466655Z.json
cpu2,126,UNKNOWN_TIMEOUT,UNKNOWN,UNKNOWN,,38.227,UNKNOWN_TIMEOUT,True,True,FAILED,2089.875,onnx/oval21-benchmark_cifar_wide_kw.onnx,vnnlib/oval21-benchmark_cifar_wide_kw-img6947-eps0.019084967320261437.vnnlib,[],[],[],"watchdog killed instance after 38.2s (status=UNKNOWN_TIMEOUT, peak_rss=2089.9 MiB)",/data1/Kane/ACT/audit_results/r93_rerun_20260525T083118Z/overnight_cpu_round2_20260525T225241Z/relusplitter/per_instance_relusplitter_watchdog_iid126_20260526T000303694602Z.json
cpu2,127,UNKNOWN_TIMEOUT,UNKNOWN,UNKNOWN,,38.228,UNKNOWN_TIMEOUT,True,True,FAILED,2863.48046875,onnx/oval21-benchmark_cifar_wide_kw_RSPLITTER_oval21-benchmark_cifar_wide_kw-img6947-eps0.019084967320261437.onnx,vnnlib/oval21-benchmark_cifar_wide_kw-img6947-eps0.019084967320261437.vnnlib,[],[],[],"watchdog killed instance after 38.2s (status=UNKNOWN_TIMEOUT, peak_rss=2863.5 MiB)",/data1/Kane/ACT/audit_results/r93_rerun_20260525T083118Z/overnight_cpu_round2_20260525T225241Z/relusplitter/per_instance_relusplitter_watchdog_iid127_20260526T000341923461Z.json
cpu2,128,UNKNOWN_TIMEOUT,UNKNOWN,UNKNOWN,,38.227,UNKNOWN_TIMEOUT,True,True,FAILED,3231.18359375,onnx/oval21-benchmark_cifar_wide_kw.onnx,vnnlib/oval21-benchmark_cifar_wide_kw-img4760-eps0.0134640522875817.vnnlib,[],[],[],"watchdog killed instance after 38.2s (status=UNKNOWN_TIMEOUT, peak_rss=3231.2 MiB)",/data1/Kane/ACT/audit_results/r93_rerun_20260525T083118Z/overnight_cpu_round2_20260525T225241Z/relusplitter/per_instance_relusplitter_watchdog_iid128_20260526T000420242333Z.json
cpu2,129,UNKNOWN_TIMEOUT,UNKNOWN,UNKNOWN,,38.226,UNKNOWN_TIMEOUT,True,True,FAILED,2478.97265625,onnx/oval21-benchmark_cifar_wide_kw_RSPLITTER_oval21-benchmark_cifar_wide_kw-img4760-eps0.0134640522875817.onnx,vnnlib/oval21-benchmark_cifar_wide_kw-img4760-eps0.0134640522875817.vnnlib,[],[],[],"watchdog killed instance after 38.2s (status=UNKNOWN_TIMEOUT, peak_rss=2479.0 MiB)",/data1/Kane/ACT/audit_results/r93_rerun_20260525T083118Z/overnight_cpu_round2_20260525T225241Z/relusplitter/per_instance_relusplitter_watchdog_iid129_20260526T000458469737Z.json
cpu2,130,UNKNOWN_TIMEOUT,UNKNOWN,UNKNOWN,,38.226,UNKNOWN_TIMEOUT,True,True,FAILED,2246.01953125,onnx/oval21-benchmark_cifar_wide_kw.onnx,vnnlib/oval21-benchmark_cifar_wide_kw-img4409-eps0.021307189542483663.vnnlib,[],[],[],"watchdog killed instance after 38.2s (status=UNKNOWN_TIMEOUT, peak_rss=2246.0 MiB)",/data1/Kane/ACT/audit_results/r93_rerun_20260525T083118Z/overnight_cpu_round2_20260525T225241Z/relusplitter/per_instance_relusplitter_watchdog_iid130_20260526T000536696752Z.json
cpu2,131,UNKNOWN_TIMEOUT,UNKNOWN,UNKNOWN,,38.226,UNKNOWN_TIMEOUT,True,True,FAILED,2940.36328125,onnx/oval21-benchmark_cifar_wide_kw_RSPLITTER_oval21-benchmark_cifar_wide_kw-img4409-eps0.021307189542483663.onnx,vnnlib/oval21-benchmark_cifar_wide_kw-img4409-eps0.021307189542483663.vnnlib,[],[],[],"watchdog killed instance after 38.2s (status=UNKNOWN_TIMEOUT, peak_rss=2940.4 MiB)",/data1/Kane/ACT/audit_results/r93_rerun_20260525T083118Z/overnight_cpu_round2_20260525T225241Z/relusplitter/per_instance_relusplitter_watchdog_iid131_20260526T000614924261Z.json
cpu2,132,UNKNOWN,UNKNOWN,UNKNOWN,UNKNOWN,35.03,,False,,PASSED,,onnx/oval21-benchmark_cifar_wide_kw.onnx,vnnlib/oval21-benchmark_cifar_wide_kw-img773-eps0.0026143790849673205.vnnlib,"[""UNSAT"",""UNSAT"",""UNSAT"",""UNSAT"",""UNKNOWN""]","[""CERTIFIED"",""CERTIFIED"",""CERTIFIED"",""CERTIFIED"",""UNKNOWN""]","[null,null,null,null,null]",,/data1/Kane/ACT/audit_results/r93_rerun_20260525T083118Z/overnight_cpu_round2_20260525T225241Z/relusplitter/per_instance_relusplitter_20260526T000651985459Z.json
cpu2,133,UNKNOWN,UNKNOWN,UNKNOWN,UNKNOWN,34.392,,False,,PASSED,,onnx/oval21-benchmark_cifar_wide_kw_RSPLITTER_oval21-benchmark_cifar_wide_kw-img773-eps0.0026143790849673205.onnx,vnnlib/oval21-benchmark_cifar_wide_kw-img773-eps0.0026143790849673205.vnnlib,"[""UNSAT"",""UNSAT"",""UNSAT"",""UNKNOWN""]","[""CERTIFIED"",""CERTIFIED"",""CERTIFIED"",""UNKNOWN""]","[null,null,null,null]",,/data1/Kane/ACT/audit_results/r93_rerun_20260525T083118Z/overnight_cpu_round2_20260525T225241Z/relusplitter/per_instance_relusplitter_20260526T000729418404Z.json
cpu2,134,UNKNOWN,UNKNOWN,UNKNOWN,UNKNOWN,33.527,,False,,PASSED,,onnx/oval21-benchmark_cifar_wide_kw.onnx,vnnlib/oval21-benchmark_cifar_wide_kw-img7176-eps0.004183006535947713.vnnlib,"[""UNSAT"",""UNSAT"",""UNSAT"",""UNSAT"",""UNKNOWN""]","[""CERTIFIED"",""CERTIFIED"",""CERTIFIED"",""CERTIFIED"",""UNKNOWN""]","[null,null,null,null,null]",,/data1/Kane/ACT/audit_results/r93_rerun_20260525T083118Z/overnight_cpu_round2_20260525T225241Z/relusplitter/per_instance_relusplitter_20260526T000806040840Z.json
cpu2,135,UNKNOWN,UNKNOWN,UNKNOWN,UNKNOWN,31.103,,False,,PASSED,,onnx/oval21-benchmark_cifar_wide_kw_RSPLITTER_oval21-benchmark_cifar_wide_kw-img7176-eps0.004183006535947713.onnx,vnnlib/oval21-benchmark_cifar_wide_kw-img7176-eps0.004183006535947713.vnnlib,"[""UNSAT"",""UNSAT"",""UNSAT"",""UNKNOWN""]","[""CERTIFIED"",""CERTIFIED"",""CERTIFIED"",""UNKNOWN""]","[null,null,null,null]",,/data1/Kane/ACT/audit_results/r93_rerun_20260525T083118Z/overnight_cpu_round2_20260525T225241Z/relusplitter/per_instance_relusplitter_20260526T000840141577Z.json
cpu2,136,UNKNOWN_TIMEOUT,UNKNOWN,UNKNOWN,,38.224,UNKNOWN_TIMEOUT,True,True,FAILED,3285.83984375,onnx/oval21-benchmark_cifar_wide_kw.onnx,vnnlib/oval21-benchmark_cifar_wide_kw-img4279-eps0.02143790849673203.vnnlib,[],[],[],"watchdog killed instance after 38.2s (status=UNKNOWN_TIMEOUT, peak_rss=3285.8 MiB)",/data1/Kane/ACT/audit_results/r93_rerun_20260525T083118Z/overnight_cpu_round2_20260525T225241Z/relusplitter/per_instance_relusplitter_watchdog_iid136_20260526T000919246707Z.json
cpu2,137,UNKNOWN_TIMEOUT,UNKNOWN,UNKNOWN,,38.226,UNKNOWN_TIMEOUT,True,True,FAILED,2540.29296875,onnx/oval21-benchmark_cifar_wide_kw_RSPLITTER_oval21-benchmark_cifar_wide_kw-img4279-eps0.02143790849673203.onnx,vnnlib/oval21-benchmark_cifar_wide_kw-img4279-eps0.02143790849673203.vnnlib,[],[],[],"watchdog killed instance after 38.2s (status=UNKNOWN_TIMEOUT, peak_rss=2540.3 MiB)",/data1/Kane/ACT/audit_results/r93_rerun_20260525T083118Z/overnight_cpu_round2_20260525T225241Z/relusplitter/per_instance_relusplitter_watchdog_iid137_20260526T000957473930Z.json
cpu2,138,UNKNOWN,UNKNOWN,UNKNOWN,UNKNOWN,31.19,,False,,PASSED,,onnx/oval21-benchmark_cifar_wide_kw.onnx,vnnlib/oval21-benchmark_cifar_wide_kw-img7442-eps0.006666666666666667.vnnlib,"[""UNSAT"",""UNSAT"",""UNKNOWN""]","[""CERTIFIED"",""CERTIFIED"",""UNKNOWN""]","[null,null,null]",,/data1/Kane/ACT/audit_results/r93_rerun_20260525T083118Z/overnight_cpu_round2_20260525T225241Z/relusplitter/per_instance_relusplitter_20260526T001030782825Z.json
cpu2,139,UNKNOWN_TIMEOUT,UNKNOWN,UNKNOWN,,38.228,UNKNOWN_TIMEOUT,True,True,FAILED,4198.4453125,onnx/oval21-benchmark_cifar_wide_kw_RSPLITTER_oval21-benchmark_cifar_wide_kw-img7442-eps0.006666666666666667.onnx,vnnlib/oval21-benchmark_cifar_wide_kw-img7442-eps0.006666666666666667.vnnlib,[],[],[],"watchdog killed instance after 38.2s (status=UNKNOWN_TIMEOUT, peak_rss=4198.4 MiB)",/data1/Kane/ACT/audit_results/r93_rerun_20260525T083118Z/overnight_cpu_round2_20260525T225241Z/relusplitter/per_instance_relusplitter_watchdog_iid139_20260526T001109728653Z.json
cpu2,140,UNKNOWN_TIMEOUT,UNKNOWN,UNKNOWN,,38.229,UNKNOWN_TIMEOUT,True,True,FAILED,4512.51953125,onnx/cifar_biasfield_vnncomp2022_cifar_bias_field_28.onnx,vnnlib/cifar_biasfield_vnncomp2022_prop_28.vnnlib,[],[],[],"watchdog killed instance after 38.2s (status=UNKNOWN_TIMEOUT, peak_rss=4512.5 MiB)",/data1/Kane/ACT/audit_results/r93_rerun_20260525T083118Z/overnight_cpu_round2_20260525T225241Z/relusplitter/per_instance_relusplitter_watchdog_iid140_20260526T001147959819Z.json
cpu2,141,UNKNOWN_RESOURCE_LIMIT,UNKNOWN,UNKNOWN,,8.807,UNKNOWN_RESOURCE_LIMIT,True,True,FAILED,7465.16015625,onnx/cifar_biasfield_vnncomp2022_cifar_bias_field_28_RSPLITTER_cifar_biasfield_vnncomp2022_prop_28.onnx,vnnlib/cifar_biasfield_vnncomp2022_prop_28.vnnlib,[],[],[],"watchdog killed instance after 8.8s (status=UNKNOWN_RESOURCE_LIMIT, peak_rss=7465.2 MiB)",/data1/Kane/ACT/audit_results/r93_rerun_20260525T083118Z/overnight_cpu_round2_20260525T225241Z/relusplitter/per_instance_relusplitter_watchdog_iid141_20260526T001156768069Z.json
cpu2,142,UNKNOWN_TIMEOUT,UNKNOWN,UNKNOWN,,38.227,UNKNOWN_TIMEOUT,True,True,FAILED,3134.90625,onnx/cifar_biasfield_vnncomp2022_cifar_bias_field_8.onnx,vnnlib/cifar_biasfield_vnncomp2022_prop_8.vnnlib,[],[],[],"watchdog killed instance after 38.2s (status=UNKNOWN_TIMEOUT, peak_rss=3134.9 MiB)",/data1/Kane/ACT/audit_results/r93_rerun_20260525T083118Z/overnight_cpu_round2_20260525T225241Z/relusplitter/per_instance_relusplitter_watchdog_iid142_20260526T001234996384Z.json
cpu2,143,UNKNOWN_RESOURCE_LIMIT,UNKNOWN,UNKNOWN,,7.206,UNKNOWN_RESOURCE_LIMIT,True,True,FAILED,6335.21484375,onnx/cifar_biasfield_vnncomp2022_cifar_bias_field_8_RSPLITTER_cifar_biasfield_vnncomp2022_prop_8.onnx,vnnlib/cifar_biasfield_vnncomp2022_prop_8.vnnlib,[],[],[],"watchdog killed instance after 7.2s (status=UNKNOWN_RESOURCE_LIMIT, peak_rss=6335.2 MiB)",/data1/Kane/ACT/audit_results/r93_rerun_20260525T083118Z/overnight_cpu_round2_20260525T225241Z/relusplitter/per_instance_relusplitter_watchdog_iid143_20260526T001242204311Z.json
cpu2,144,UNKNOWN_TIMEOUT,UNKNOWN,UNKNOWN,,38.227,UNKNOWN_TIMEOUT,True,True,FAILED,3683.8125,onnx/cifar_biasfield_vnncomp2022_cifar_bias_field_19.onnx,vnnlib/cifar_biasfield_vnncomp2022_prop_19.vnnlib,[],[],[],"watchdog killed instance after 38.2s (status=UNKNOWN_TIMEOUT, peak_rss=3683.8 MiB)",/data1/Kane/ACT/audit_results/r93_rerun_20260525T083118Z/overnight_cpu_round2_20260525T225241Z/relusplitter/per_instance_relusplitter_watchdog_iid144_20260526T001320433231Z.json
cpu2,145,UNKNOWN_TIMEOUT,UNKNOWN,UNKNOWN,,38.229,UNKNOWN_TIMEOUT,True,True,FAILED,4713.85546875,onnx/cifar_biasfield_vnncomp2022_cifar_bias_field_19_RSPLITTER_cifar_biasfield_vnncomp2022_prop_19.onnx,vnnlib/cifar_biasfield_vnncomp2022_prop_19.vnnlib,[],[],[],"watchdog killed instance after 38.2s (status=UNKNOWN_TIMEOUT, peak_rss=4713.9 MiB)",/data1/Kane/ACT/audit_results/r93_rerun_20260525T083118Z/overnight_cpu_round2_20260525T225241Z/relusplitter/per_instance_relusplitter_watchdog_iid145_20260526T001358663973Z.json
cpu2,146,UNKNOWN_TIMEOUT,UNKNOWN,UNKNOWN,,38.327,UNKNOWN_TIMEOUT,True,True,FAILED,4122.46875,onnx/cifar_biasfield_vnncomp2022_cifar_bias_field_45.onnx,vnnlib/cifar_biasfield_vnncomp2022_prop_45.vnnlib,[],[],[],"watchdog killed instance after 38.3s (status=UNKNOWN_TIMEOUT, peak_rss=4122.5 MiB)",/data1/Kane/ACT/audit_results/r93_rerun_20260525T083118Z/overnight_cpu_round2_20260525T225241Z/relusplitter/per_instance_relusplitter_watchdog_iid146_20260526T001436993659Z.json
cpu2,147,UNKNOWN_TIMEOUT,UNKNOWN,UNKNOWN,,38.226,UNKNOWN_TIMEOUT,True,True,FAILED,5853.9453125,onnx/cifar_biasfield_vnncomp2022_cifar_bias_field_45_RSPLITTER_cifar_biasfield_vnncomp2022_prop_45.onnx,vnnlib/cifar_biasfield_vnncomp2022_prop_45.vnnlib,[],[],[],"watchdog killed instance after 38.2s (status=UNKNOWN_TIMEOUT, peak_rss=5853.9 MiB)",/data1/Kane/ACT/audit_results/r93_rerun_20260525T083118Z/overnight_cpu_round2_20260525T225241Z/relusplitter/per_instance_relusplitter_watchdog_iid147_20260526T001515221019Z.json
cpu2,148,UNKNOWN_TIMEOUT,UNKNOWN,UNKNOWN,,38.227,UNKNOWN_TIMEOUT,True,True,FAILED,2242.2890625,onnx/cifar_biasfield_vnncomp2022_cifar_bias_field_24.onnx,vnnlib/cifar_biasfield_vnncomp2022_prop_24.vnnlib,[],[],[],"watchdog killed instance after 38.2s (status=UNKNOWN_TIMEOUT, peak_rss=2242.3 MiB)",/data1/Kane/ACT/audit_results/r93_rerun_20260525T083118Z/overnight_cpu_round2_20260525T225241Z/relusplitter/per_instance_relusplitter_watchdog_iid148_20260526T001553449668Z.json
cpu2,149,UNKNOWN_RESOURCE_LIMIT,UNKNOWN,UNKNOWN,,8.307,UNKNOWN_RESOURCE_LIMIT,True,True,FAILED,7203.953125,onnx/cifar_biasfield_vnncomp2022_cifar_bias_field_24_RSPLITTER_cifar_biasfield_vnncomp2022_prop_24.onnx,vnnlib/cifar_biasfield_vnncomp2022_prop_24.vnnlib,[],[],[],"watchdog killed instance after 8.3s (status=UNKNOWN_RESOURCE_LIMIT, peak_rss=7204.0 MiB)",/data1/Kane/ACT/audit_results/r93_rerun_20260525T083118Z/overnight_cpu_round2_20260525T225241Z/relusplitter/per_instance_relusplitter_watchdog_iid149_20260526T001601757707Z.json
cpu2,150,UNKNOWN_TIMEOUT,UNKNOWN,UNKNOWN,,38.126,UNKNOWN_TIMEOUT,True,True,FAILED,2547.73046875,onnx/cifar_biasfield_vnncomp2022_cifar_bias_field_1.onnx,vnnlib/cifar_biasfield_vnncomp2022_prop_1.vnnlib,[],[],[],"watchdog killed instance after 38.1s (status=UNKNOWN_TIMEOUT, peak_rss=2547.7 MiB)",/data1/Kane/ACT/audit_results/r93_rerun_20260525T083118Z/overnight_cpu_round2_20260525T225241Z/relusplitter/per_instance_relusplitter_watchdog_iid150_20260526T001639884204Z.json
cpu2,151,UNKNOWN_TIMEOUT,UNKNOWN,UNKNOWN,,38.328,UNKNOWN_TIMEOUT,True,True,FAILED,5622.0234375,onnx/cifar_biasfield_vnncomp2022_cifar_bias_field_1_RSPLITTER_cifar_biasfield_vnncomp2022_prop_1.onnx,vnnlib/cifar_biasfield_vnncomp2022_prop_1.vnnlib,[],[],[],"watchdog killed instance after 38.3s (status=UNKNOWN_TIMEOUT, peak_rss=5622.0 MiB)",/data1/Kane/ACT/audit_results/r93_rerun_20260525T083118Z/overnight_cpu_round2_20260525T225241Z/relusplitter/per_instance_relusplitter_watchdog_iid151_20260526T001718214029Z.json
cpu2,152,UNKNOWN_TIMEOUT,UNKNOWN,UNKNOWN,,38.226,UNKNOWN_TIMEOUT,True,True,FAILED,3465.92578125,onnx/cifar_biasfield_vnncomp2022_cifar_bias_field_15.onnx,vnnlib/cifar_biasfield_vnncomp2022_prop_15.vnnlib,[],[],[],"watchdog killed instance after 38.2s (status=UNKNOWN_TIMEOUT, peak_rss=3465.9 MiB)",/data1/Kane/ACT/audit_results/r93_rerun_20260525T083118Z/overnight_cpu_round2_20260525T225241Z/relusplitter/per_instance_relusplitter_watchdog_iid152_20260526T001756441793Z.json
cpu2,153,UNKNOWN_RESOURCE_LIMIT,UNKNOWN,UNKNOWN,,7.807,UNKNOWN_RESOURCE_LIMIT,True,True,FAILED,6562.62109375,onnx/cifar_biasfield_vnncomp2022_cifar_bias_field_15_RSPLITTER_cifar_biasfield_vnncomp2022_prop_15.onnx,vnnlib/cifar_biasfield_vnncomp2022_prop_15.vnnlib,[],[],[],"watchdog killed instance after 7.8s (status=UNKNOWN_RESOURCE_LIMIT, peak_rss=6562.6 MiB)",/data1/Kane/ACT/audit_results/r93_rerun_20260525T083118Z/overnight_cpu_round2_20260525T225241Z/relusplitter/per_instance_relusplitter_watchdog_iid153_20260526T001804249702Z.json
cpu2,154,UNKNOWN_TIMEOUT,UNKNOWN,UNKNOWN,,38.127,UNKNOWN_TIMEOUT,True,True,FAILED,2427.90625,onnx/cifar_biasfield_vnncomp2022_cifar_bias_field_46.onnx,vnnlib/cifar_biasfield_vnncomp2022_prop_46.vnnlib,[],[],[],"watchdog killed instance after 38.1s (status=UNKNOWN_TIMEOUT, peak_rss=2427.9 MiB)",/data1/Kane/ACT/audit_results/r93_rerun_20260525T083118Z/overnight_cpu_round2_20260525T225241Z/relusplitter/per_instance_relusplitter_watchdog_iid154_20260526T001842379595Z.json
cpu2,155,UNKNOWN_TIMEOUT,UNKNOWN,UNKNOWN,,38.325,UNKNOWN_TIMEOUT,True,True,FAILED,5467.02734375,onnx/cifar_biasfield_vnncomp2022_cifar_bias_field_46_RSPLITTER_cifar_biasfield_vnncomp2022_prop_46.onnx,vnnlib/cifar_biasfield_vnncomp2022_prop_46.vnnlib,[],[],[],"watchdog killed instance after 38.3s (status=UNKNOWN_TIMEOUT, peak_rss=5467.0 MiB)",/data1/Kane/ACT/audit_results/r93_rerun_20260525T083118Z/overnight_cpu_round2_20260525T225241Z/relusplitter/per_instance_relusplitter_watchdog_iid155_20260526T001920705908Z.json
cpu2,156,UNKNOWN_TIMEOUT,UNKNOWN,UNKNOWN,,38.224,UNKNOWN_TIMEOUT,True,True,FAILED,2974.41015625,onnx/cifar_biasfield_vnncomp2022_cifar_bias_field_22.onnx,vnnlib/cifar_biasfield_vnncomp2022_prop_22.vnnlib,[],[],[],"watchdog killed instance after 38.2s (status=UNKNOWN_TIMEOUT, peak_rss=2974.4 MiB)",/data1/Kane/ACT/audit_results/r93_rerun_20260525T083118Z/overnight_cpu_round2_20260525T225241Z/relusplitter/per_instance_relusplitter_watchdog_iid156_20260526T001958931840Z.json
cpu2,157,UNKNOWN_RESOURCE_LIMIT,UNKNOWN,UNKNOWN,,7.807,UNKNOWN_RESOURCE_LIMIT,True,True,FAILED,6824.21875,onnx/cifar_biasfield_vnncomp2022_cifar_bias_field_22_RSPLITTER_cifar_biasfield_vnncomp2022_prop_22.onnx,vnnlib/cifar_biasfield_vnncomp2022_prop_22.vnnlib,[],[],[],"watchdog killed instance after 7.8s (status=UNKNOWN_RESOURCE_LIMIT, peak_rss=6824.2 MiB)",/data1/Kane/ACT/audit_results/r93_rerun_20260525T083118Z/overnight_cpu_round2_20260525T225241Z/relusplitter/per_instance_relusplitter_watchdog_iid157_20260526T002006740840Z.json
cpu2,158,UNKNOWN_TIMEOUT,UNKNOWN,UNKNOWN,,38.227,UNKNOWN_TIMEOUT,True,True,FAILED,3732.76953125,onnx/cifar_biasfield_vnncomp2022_cifar_bias_field_26.onnx,vnnlib/cifar_biasfield_vnncomp2022_prop_26.vnnlib,[],[],[],"watchdog killed instance after 38.2s (status=UNKNOWN_TIMEOUT, peak_rss=3732.8 MiB)",/data1/Kane/ACT/audit_results/r93_rerun_20260525T083118Z/overnight_cpu_round2_20260525T225241Z/relusplitter/per_instance_relusplitter_watchdog_iid158_20260526T002044970329Z.json
cpu2,159,UNKNOWN_TIMEOUT,UNKNOWN,UNKNOWN,,38.228,UNKNOWN_TIMEOUT,True,True,FAILED,5315.35546875,onnx/cifar_biasfield_vnncomp2022_cifar_bias_field_26_RSPLITTER_cifar_biasfield_vnncomp2022_prop_26.onnx,vnnlib/cifar_biasfield_vnncomp2022_prop_26.vnnlib,[],[],[],"watchdog killed instance after 38.2s (status=UNKNOWN_TIMEOUT, peak_rss=5315.4 MiB)",/data1/Kane/ACT/audit_results/r93_rerun_20260525T083118Z/overnight_cpu_round2_20260525T225241Z/relusplitter/per_instance_relusplitter_watchdog_iid159_20260526T002123199801Z.json
cpu2,160,UNKNOWN_TIMEOUT,UNKNOWN,UNKNOWN,,38.226,UNKNOWN_TIMEOUT,True,True,FAILED,4070.39453125,onnx/cifar_biasfield_vnncomp2022_cifar_bias_field_40.onnx,vnnlib/cifar_biasfield_vnncomp2022_prop_40.vnnlib,[],[],[],"watchdog killed instance after 38.2s (status=UNKNOWN_TIMEOUT, peak_rss=4070.4 MiB)",/data1/Kane/ACT/audit_results/r93_rerun_20260525T083118Z/overnight_cpu_round2_20260525T225241Z/relusplitter/per_instance_relusplitter_watchdog_iid160_20260526T002201427964Z.json
cpu2,161,UNKNOWN_RESOURCE_LIMIT,UNKNOWN,UNKNOWN,,8.207,UNKNOWN_RESOURCE_LIMIT,True,True,FAILED,6625.8046875,onnx/cifar_biasfield_vnncomp2022_cifar_bias_field_40_RSPLITTER_cifar_biasfield_vnncomp2022_prop_40.onnx,vnnlib/cifar_biasfield_vnncomp2022_prop_40.vnnlib,[],[],[],"watchdog killed instance after 8.2s (status=UNKNOWN_RESOURCE_LIMIT, peak_rss=6625.8 MiB)",/data1/Kane/ACT/audit_results/r93_rerun_20260525T083118Z/overnight_cpu_round2_20260525T225241Z/relusplitter/per_instance_relusplitter_watchdog_iid161_20260526T002209636709Z.json
cpu2,162,UNKNOWN_TIMEOUT,UNKNOWN,UNKNOWN,,38.226,UNKNOWN_TIMEOUT,True,True,FAILED,4392.6328125,onnx/cifar_biasfield_vnncomp2022_cifar_bias_field_64.onnx,vnnlib/cifar_biasfield_vnncomp2022_prop_64.vnnlib,[],[],[],"watchdog killed instance after 38.2s (status=UNKNOWN_TIMEOUT, peak_rss=4392.6 MiB)",/data1/Kane/ACT/audit_results/r93_rerun_20260525T083118Z/overnight_cpu_round2_20260525T225241Z/relusplitter/per_instance_relusplitter_watchdog_iid162_20260526T002247864524Z.json
cpu2,163,UNKNOWN_TIMEOUT,UNKNOWN,UNKNOWN,,38.225,UNKNOWN_TIMEOUT,True,True,FAILED,4569.9453125,onnx/cifar_biasfield_vnncomp2022_cifar_bias_field_64_RSPLITTER_cifar_biasfield_vnncomp2022_prop_64.onnx,vnnlib/cifar_biasfield_vnncomp2022_prop_64.vnnlib,[],[],[],"watchdog killed instance after 38.2s (status=UNKNOWN_TIMEOUT, peak_rss=4569.9 MiB)",/data1/Kane/ACT/audit_results/r93_rerun_20260525T083118Z/overnight_cpu_round2_20260525T225241Z/relusplitter/per_instance_relusplitter_watchdog_iid163_20260526T002326090934Z.json
cpu2,164,UNKNOWN_TIMEOUT,UNKNOWN,UNKNOWN,,38.23,UNKNOWN_TIMEOUT,True,True,FAILED,3295.3828125,onnx/cifar_biasfield_vnncomp2022_cifar_bias_field_66.onnx,vnnlib/cifar_biasfield_vnncomp2022_prop_66.vnnlib,[],[],[],"watchdog killed instance after 38.2s (status=UNKNOWN_TIMEOUT, peak_rss=3295.4 MiB)",/data1/Kane/ACT/audit_results/r93_rerun_20260525T083118Z/overnight_cpu_round2_20260525T225241Z/relusplitter/per_instance_relusplitter_watchdog_iid164_20260526T002404322265Z.json
cpu2,165,UNKNOWN_RESOURCE_LIMIT,UNKNOWN,UNKNOWN,,8.307,UNKNOWN_RESOURCE_LIMIT,True,True,FAILED,6821.01953125,onnx/cifar_biasfield_vnncomp2022_cifar_bias_field_66_RSPLITTER_cifar_biasfield_vnncomp2022_prop_66.onnx,vnnlib/cifar_biasfield_vnncomp2022_prop_66.vnnlib,[],[],[],"watchdog killed instance after 8.3s (status=UNKNOWN_RESOURCE_LIMIT, peak_rss=6821.0 MiB)",/data1/Kane/ACT/audit_results/r93_rerun_20260525T083118Z/overnight_cpu_round2_20260525T225241Z/relusplitter/per_instance_relusplitter_watchdog_iid165_20260526T002412631013Z.json
cpu2,166,UNKNOWN_TIMEOUT,UNKNOWN,UNKNOWN,,38.227,UNKNOWN_TIMEOUT,True,True,FAILED,2378.20703125,onnx/cifar_biasfield_vnncomp2022_cifar_bias_field_11.onnx,vnnlib/cifar_biasfield_vnncomp2022_prop_11.vnnlib,[],[],[],"watchdog killed instance after 38.2s (status=UNKNOWN_TIMEOUT, peak_rss=2378.2 MiB)",/data1/Kane/ACT/audit_results/r93_rerun_20260525T083118Z/overnight_cpu_round2_20260525T225241Z/relusplitter/per_instance_relusplitter_watchdog_iid166_20260526T002450859013Z.json
cpu2,167,UNKNOWN_RESOURCE_LIMIT,UNKNOWN,UNKNOWN,,8.807,UNKNOWN_RESOURCE_LIMIT,True,True,FAILED,7699.6015625,onnx/cifar_biasfield_vnncomp2022_cifar_bias_field_11_RSPLITTER_cifar_biasfield_vnncomp2022_prop_11.onnx,vnnlib/cifar_biasfield_vnncomp2022_prop_11.vnnlib,[],[],[],"watchdog killed instance after 8.8s (status=UNKNOWN_RESOURCE_LIMIT, peak_rss=7699.6 MiB)",/data1/Kane/ACT/audit_results/r93_rerun_20260525T083118Z/overnight_cpu_round2_20260525T225241Z/relusplitter/per_instance_relusplitter_watchdog_iid167_20260526T002459667797Z.json
cpu2,168,UNKNOWN_TIMEOUT,UNKNOWN,UNKNOWN,,38.327,UNKNOWN_TIMEOUT,True,True,FAILED,4439.3984375,onnx/cifar_biasfield_vnncomp2022_cifar_bias_field_50.onnx,vnnlib/cifar_biasfield_vnncomp2022_prop_50.vnnlib,[],[],[],"watchdog killed instance after 38.3s (status=UNKNOWN_TIMEOUT, peak_rss=4439.4 MiB)",/data1/Kane/ACT/audit_results/r93_rerun_20260525T083118Z/overnight_cpu_round2_20260525T225241Z/relusplitter/per_instance_relusplitter_watchdog_iid168_20260526T002537996424Z.json
cpu2,169,UNKNOWN_TIMEOUT,UNKNOWN,UNKNOWN,,38.228,UNKNOWN_TIMEOUT,True,True,FAILED,4321.3046875,onnx/cifar_biasfield_vnncomp2022_cifar_bias_field_50_RSPLITTER_cifar_biasfield_vnncomp2022_prop_50.onnx,vnnlib/cifar_biasfield_vnncomp2022_prop_50.vnnlib,[],[],[],"watchdog killed instance after 38.2s (status=UNKNOWN_TIMEOUT, peak_rss=4321.3 MiB)",/data1/Kane/ACT/audit_results/r93_rerun_20260525T083118Z/overnight_cpu_round2_20260525T225241Z/relusplitter/per_instance_relusplitter_watchdog_iid169_20260526T002616225802Z.json
cpu2,170,UNKNOWN_TIMEOUT,UNKNOWN,UNKNOWN,,38.228,UNKNOWN_TIMEOUT,True,True,FAILED,2569.37890625,onnx/cifar_biasfield_vnncomp2022_cifar_bias_field_14.onnx,vnnlib/cifar_biasfield_vnncomp2022_prop_14.vnnlib,[],[],[],"watchdog killed instance after 38.2s (status=UNKNOWN_TIMEOUT, peak_rss=2569.4 MiB)",/data1/Kane/ACT/audit_results/r93_rerun_20260525T083118Z/overnight_cpu_round2_20260525T225241Z/relusplitter/per_instance_relusplitter_watchdog_iid170_20260526T002654455404Z.json
cpu2,171,UNKNOWN_RESOURCE_LIMIT,UNKNOWN,UNKNOWN,,28.421,UNKNOWN_RESOURCE_LIMIT,True,True,FAILED,6422.28515625,onnx/cifar_biasfield_vnncomp2022_cifar_bias_field_14_RSPLITTER_cifar_biasfield_vnncomp2022_prop_14.onnx,vnnlib/cifar_biasfield_vnncomp2022_prop_14.vnnlib,[],[],[],"watchdog killed instance after 28.4s (status=UNKNOWN_RESOURCE_LIMIT, peak_rss=6422.3 MiB)",/data1/Kane/ACT/audit_results/r93_rerun_20260525T083118Z/overnight_cpu_round2_20260525T225241Z/relusplitter/per_instance_relusplitter_watchdog_iid171_20260526T002722877266Z.json
cpu2,172,UNKNOWN_TIMEOUT,UNKNOWN,UNKNOWN,,38.324,UNKNOWN_TIMEOUT,True,True,FAILED,4486.21484375,onnx/cifar_biasfield_vnncomp2022_cifar_bias_field_20.onnx,vnnlib/cifar_biasfield_vnncomp2022_prop_20.vnnlib,[],[],[],"watchdog killed instance after 38.3s (status=UNKNOWN_TIMEOUT, peak_rss=4486.2 MiB)",/data1/Kane/ACT/audit_results/r93_rerun_20260525T083118Z/overnight_cpu_round2_20260525T225241Z/relusplitter/per_instance_relusplitter_watchdog_iid172_20260526T002801202532Z.json
cpu2,173,UNKNOWN_TIMEOUT,UNKNOWN,UNKNOWN,,38.225,UNKNOWN_TIMEOUT,True,True,FAILED,4844.23828125,onnx/cifar_biasfield_vnncomp2022_cifar_bias_field_20_RSPLITTER_cifar_biasfield_vnncomp2022_prop_20.onnx,vnnlib/cifar_biasfield_vnncomp2022_prop_20.vnnlib,[],[],[],"watchdog killed instance after 38.2s (status=UNKNOWN_TIMEOUT, peak_rss=4844.2 MiB)",/data1/Kane/ACT/audit_results/r93_rerun_20260525T083118Z/overnight_cpu_round2_20260525T225241Z/relusplitter/per_instance_relusplitter_watchdog_iid173_20260526T002839429181Z.json
cpu2,174,UNKNOWN_TIMEOUT,UNKNOWN,UNKNOWN,,38.225,UNKNOWN_TIMEOUT,True,True,FAILED,3138.23828125,onnx/cifar_biasfield_vnncomp2022_cifar_bias_field_16.onnx,vnnlib/cifar_biasfield_vnncomp2022_prop_16.vnnlib,[],[],[],"watchdog killed instance after 38.2s (status=UNKNOWN_TIMEOUT, peak_rss=3138.2 MiB)",/data1/Kane/ACT/audit_results/r93_rerun_20260525T083118Z/overnight_cpu_round2_20260525T225241Z/relusplitter/per_instance_relusplitter_watchdog_iid174_20260526T002917655621Z.json
cpu2,175,UNKNOWN_TIMEOUT,UNKNOWN,UNKNOWN,,38.326,UNKNOWN_TIMEOUT,True,True,FAILED,6035.9609375,onnx/cifar_biasfield_vnncomp2022_cifar_bias_field_16_RSPLITTER_cifar_biasfield_vnncomp2022_prop_16.onnx,vnnlib/cifar_biasfield_vnncomp2022_prop_16.vnnlib,[],[],[],"watchdog killed instance after 38.3s (status=UNKNOWN_TIMEOUT, peak_rss=6036.0 MiB)",/data1/Kane/ACT/audit_results/r93_rerun_20260525T083118Z/overnight_cpu_round2_20260525T225241Z/relusplitter/per_instance_relusplitter_watchdog_iid175_20260526T002955982989Z.json
cpu2,176,UNKNOWN_TIMEOUT,UNKNOWN,UNKNOWN,,38.225,UNKNOWN_TIMEOUT,True,True,FAILED,4036.515625,onnx/cifar_biasfield_vnncomp2022_cifar_bias_field_29.onnx,vnnlib/cifar_biasfield_vnncomp2022_prop_29.vnnlib,[],[],[],"watchdog killed instance after 38.2s (status=UNKNOWN_TIMEOUT, peak_rss=4036.5 MiB)",/data1/Kane/ACT/audit_results/r93_rerun_20260525T083118Z/overnight_cpu_round2_20260525T225241Z/relusplitter/per_instance_relusplitter_watchdog_iid176_20260526T003034209542Z.json
cpu2,177,UNKNOWN_RESOURCE_LIMIT,UNKNOWN,UNKNOWN,,7.805,UNKNOWN_RESOURCE_LIMIT,True,True,FAILED,7144.3203125,onnx/cifar_biasfield_vnncomp2022_cifar_bias_field_29_RSPLITTER_cifar_biasfield_vnncomp2022_prop_29.onnx,vnnlib/cifar_biasfield_vnncomp2022_prop_29.vnnlib,[],[],[],"watchdog killed instance after 7.8s (status=UNKNOWN_RESOURCE_LIMIT, peak_rss=7144.3 MiB)",/data1/Kane/ACT/audit_results/r93_rerun_20260525T083118Z/overnight_cpu_round2_20260525T225241Z/relusplitter/per_instance_relusplitter_watchdog_iid177_20260526T003042016061Z.json
cpu2,178,UNKNOWN_TIMEOUT,UNKNOWN,UNKNOWN,,38.226,UNKNOWN_TIMEOUT,True,True,FAILED,3835.953125,onnx/cifar_biasfield_vnncomp2022_cifar_bias_field_70.onnx,vnnlib/cifar_biasfield_vnncomp2022_prop_70.vnnlib,[],[],[],"watchdog killed instance after 38.2s (status=UNKNOWN_TIMEOUT, peak_rss=3836.0 MiB)",/data1/Kane/ACT/audit_results/r93_rerun_20260525T083118Z/overnight_cpu_round2_20260525T225241Z/relusplitter/per_instance_relusplitter_watchdog_iid178_20260526T003120243371Z.json
cpu2,179,UNKNOWN_TIMEOUT,UNKNOWN,UNKNOWN,,38.227,UNKNOWN_TIMEOUT,True,True,FAILED,5318.2734375,onnx/cifar_biasfield_vnncomp2022_cifar_bias_field_70_RSPLITTER_cifar_biasfield_vnncomp2022_prop_70.onnx,vnnlib/cifar_biasfield_vnncomp2022_prop_70.vnnlib,[],[],[],"watchdog killed instance after 38.2s (status=UNKNOWN_TIMEOUT, peak_rss=5318.3 MiB)",/data1/Kane/ACT/audit_results/r93_rerun_20260525T083118Z/overnight_cpu_round2_20260525T225241Z/relusplitter/per_instance_relusplitter_watchdog_iid179_20260526T003158471537Z.json
cpu2,180,UNKNOWN_TIMEOUT,UNKNOWN,UNKNOWN,,38.226,UNKNOWN_TIMEOUT,True,True,FAILED,3567.375,onnx/cifar_biasfield_vnncomp2022_cifar_bias_field_2.onnx,vnnlib/cifar_biasfield_vnncomp2022_prop_2.vnnlib,[],[],[],"watchdog killed instance after 38.2s (status=UNKNOWN_TIMEOUT, peak_rss=3567.4 MiB)",/data1/Kane/ACT/audit_results/r93_rerun_20260525T083118Z/overnight_cpu_round2_20260525T225241Z/relusplitter/per_instance_relusplitter_watchdog_iid180_20260526T003236699243Z.json
cpu2,181,UNKNOWN_TIMEOUT,UNKNOWN,UNKNOWN,,38.225,UNKNOWN_TIMEOUT,True,True,FAILED,3816.1171875,onnx/cifar_biasfield_vnncomp2022_cifar_bias_field_2_RSPLITTER_cifar_biasfield_vnncomp2022_prop_2.onnx,vnnlib/cifar_biasfield_vnncomp2022_prop_2.vnnlib,[],[],[],"watchdog killed instance after 38.2s (status=UNKNOWN_TIMEOUT, peak_rss=3816.1 MiB)",/data1/Kane/ACT/audit_results/r93_rerun_20260525T083118Z/overnight_cpu_round2_20260525T225241Z/relusplitter/per_instance_relusplitter_watchdog_iid181_20260526T003314926591Z.json
cpu2,182,UNKNOWN_TIMEOUT,UNKNOWN,UNKNOWN,,38.226,UNKNOWN_TIMEOUT,True,True,FAILED,4345.203125,onnx/cifar_biasfield_vnncomp2022_cifar_bias_field_49.onnx,vnnlib/cifar_biasfield_vnncomp2022_prop_49.vnnlib,[],[],[],"watchdog killed instance after 38.2s (status=UNKNOWN_TIMEOUT, peak_rss=4345.2 MiB)",/data1/Kane/ACT/audit_results/r93_rerun_20260525T083118Z/overnight_cpu_round2_20260525T225241Z/relusplitter/per_instance_relusplitter_watchdog_iid182_20260526T003353155044Z.json
cpu2,183,UNKNOWN_TIMEOUT,UNKNOWN,UNKNOWN,,38.225,UNKNOWN_TIMEOUT,True,True,FAILED,4976.83203125,onnx/cifar_biasfield_vnncomp2022_cifar_bias_field_49_RSPLITTER_cifar_biasfield_vnncomp2022_prop_49.onnx,vnnlib/cifar_biasfield_vnncomp2022_prop_49.vnnlib,[],[],[],"watchdog killed instance after 38.2s (status=UNKNOWN_TIMEOUT, peak_rss=4976.8 MiB)",/data1/Kane/ACT/audit_results/r93_rerun_20260525T083118Z/overnight_cpu_round2_20260525T225241Z/relusplitter/per_instance_relusplitter_watchdog_iid183_20260526T003431381920Z.json
cpu2,184,UNKNOWN_TIMEOUT,UNKNOWN,UNKNOWN,,38.226,UNKNOWN_TIMEOUT,True,True,FAILED,2881.6640625,onnx/cifar_biasfield_vnncomp2022_cifar_bias_field_37.onnx,vnnlib/cifar_biasfield_vnncomp2022_prop_37.vnnlib,[],[],[],"watchdog killed instance after 38.2s (status=UNKNOWN_TIMEOUT, peak_rss=2881.7 MiB)",/data1/Kane/ACT/audit_results/r93_rerun_20260525T083118Z/overnight_cpu_round2_20260525T225241Z/relusplitter/per_instance_relusplitter_watchdog_iid184_20260526T003509609746Z.json
cpu2,185,UNKNOWN_TIMEOUT,UNKNOWN,UNKNOWN,,38.325,UNKNOWN_TIMEOUT,True,True,FAILED,6140.3984375,onnx/cifar_biasfield_vnncomp2022_cifar_bias_field_37_RSPLITTER_cifar_biasfield_vnncomp2022_prop_37.onnx,vnnlib/cifar_biasfield_vnncomp2022_prop_37.vnnlib,[],[],[],"watchdog killed instance after 38.3s (status=UNKNOWN_TIMEOUT, peak_rss=6140.4 MiB)",/data1/Kane/ACT/audit_results/r93_rerun_20260525T083118Z/overnight_cpu_round2_20260525T225241Z/relusplitter/per_instance_relusplitter_watchdog_iid185_20260526T003547936714Z.json
cpu2,186,UNKNOWN_TIMEOUT,UNKNOWN,UNKNOWN,,38.326,UNKNOWN_TIMEOUT,True,True,FAILED,4318.140625,onnx/cifar_biasfield_vnncomp2022_cifar_bias_field_69.onnx,vnnlib/cifar_biasfield_vnncomp2022_prop_69.vnnlib,[],[],[],"watchdog killed instance after 38.3s (status=UNKNOWN_TIMEOUT, peak_rss=4318.1 MiB)",/data1/Kane/ACT/audit_results/r93_rerun_20260525T083118Z/overnight_cpu_round2_20260525T225241Z/relusplitter/per_instance_relusplitter_watchdog_iid186_20260526T003626263988Z.json
cpu2,187,UNKNOWN_TIMEOUT,UNKNOWN,UNKNOWN,,38.227,UNKNOWN_TIMEOUT,True,True,FAILED,3804.671875,onnx/cifar_biasfield_vnncomp2022_cifar_bias_field_69_RSPLITTER_cifar_biasfield_vnncomp2022_prop_69.onnx,vnnlib/cifar_biasfield_vnncomp2022_prop_69.vnnlib,[],[],[],"watchdog killed instance after 38.2s (status=UNKNOWN_TIMEOUT, peak_rss=3804.7 MiB)",/data1/Kane/ACT/audit_results/r93_rerun_20260525T083118Z/overnight_cpu_round2_20260525T225241Z/relusplitter/per_instance_relusplitter_watchdog_iid187_20260526T003704493385Z.json
cpu2,188,UNKNOWN_TIMEOUT,UNKNOWN,UNKNOWN,,38.227,UNKNOWN_TIMEOUT,True,True,FAILED,3011.3984375,onnx/cifar_biasfield_vnncomp2022_cifar_bias_field_43.onnx,vnnlib/cifar_biasfield_vnncomp2022_prop_43.vnnlib,[],[],[],"watchdog killed instance after 38.2s (status=UNKNOWN_TIMEOUT, peak_rss=3011.4 MiB)",/data1/Kane/ACT/audit_results/r93_rerun_20260525T083118Z/overnight_cpu_round2_20260525T225241Z/relusplitter/per_instance_relusplitter_watchdog_iid188_20260526T003742721867Z.json
cpu2,189,UNKNOWN_RESOURCE_LIMIT,UNKNOWN,UNKNOWN,,7.306,UNKNOWN_RESOURCE_LIMIT,True,True,FAILED,6222.0,onnx/cifar_biasfield_vnncomp2022_cifar_bias_field_43_RSPLITTER_cifar_biasfield_vnncomp2022_prop_43.onnx,vnnlib/cifar_biasfield_vnncomp2022_prop_43.vnnlib,[],[],[],"watchdog killed instance after 7.3s (status=UNKNOWN_RESOURCE_LIMIT, peak_rss=6222.0 MiB)",/data1/Kane/ACT/audit_results/r93_rerun_20260525T083118Z/overnight_cpu_round2_20260525T225241Z/relusplitter/per_instance_relusplitter_watchdog_iid189_20260526T003750029824Z.json
cpu2,190,UNKNOWN_TIMEOUT,UNKNOWN,UNKNOWN,,38.229,UNKNOWN_TIMEOUT,True,True,FAILED,2670.01953125,onnx/cifar_biasfield_vnncomp2022_cifar_bias_field_41.onnx,vnnlib/cifar_biasfield_vnncomp2022_prop_41.vnnlib,[],[],[],"watchdog killed instance after 38.2s (status=UNKNOWN_TIMEOUT, peak_rss=2670.0 MiB)",/data1/Kane/ACT/audit_results/r93_rerun_20260525T083118Z/overnight_cpu_round2_20260525T225241Z/relusplitter/per_instance_relusplitter_watchdog_iid190_20260526T003828260580Z.json
cpu2,191,UNKNOWN_TIMEOUT,UNKNOWN,UNKNOWN,,38.326,UNKNOWN_TIMEOUT,True,True,FAILED,6023.3828125,onnx/cifar_biasfield_vnncomp2022_cifar_bias_field_41_RSPLITTER_cifar_biasfield_vnncomp2022_prop_41.onnx,vnnlib/cifar_biasfield_vnncomp2022_prop_41.vnnlib,[],[],[],"watchdog killed instance after 38.3s (status=UNKNOWN_TIMEOUT, peak_rss=6023.4 MiB)",/data1/Kane/ACT/audit_results/r93_rerun_20260525T083118Z/overnight_cpu_round2_20260525T225241Z/relusplitter/per_instance_relusplitter_watchdog_iid191_20260526T003906587437Z.json
cpu2,192,UNKNOWN_TIMEOUT,UNKNOWN,UNKNOWN,,38.225,UNKNOWN_TIMEOUT,True,True,FAILED,2382.203125,onnx/cifar_biasfield_vnncomp2022_cifar_bias_field_21.onnx,vnnlib/cifar_biasfield_vnncomp2022_prop_21.vnnlib,[],[],[],"watchdog killed instance after 38.2s (status=UNKNOWN_TIMEOUT, peak_rss=2382.2 MiB)",/data1/Kane/ACT/audit_results/r93_rerun_20260525T083118Z/overnight_cpu_round2_20260525T225241Z/relusplitter/per_instance_relusplitter_watchdog_iid192_20260526T003944813463Z.json
cpu2,193,UNKNOWN_TIMEOUT,UNKNOWN,UNKNOWN,,38.226,UNKNOWN_TIMEOUT,True,True,FAILED,4713.078125,onnx/cifar_biasfield_vnncomp2022_cifar_bias_field_21_RSPLITTER_cifar_biasfield_vnncomp2022_prop_21.onnx,vnnlib/cifar_biasfield_vnncomp2022_prop_21.vnnlib,[],[],[],"watchdog killed instance after 38.2s (status=UNKNOWN_TIMEOUT, peak_rss=4713.1 MiB)",/data1/Kane/ACT/audit_results/r93_rerun_20260525T083118Z/overnight_cpu_round2_20260525T225241Z/relusplitter/per_instance_relusplitter_watchdog_iid193_20260526T004023040603Z.json
cpu2,194,UNKNOWN_TIMEOUT,UNKNOWN,UNKNOWN,,38.227,UNKNOWN_TIMEOUT,True,True,FAILED,2863.50390625,onnx/cifar_biasfield_vnncomp2022_cifar_bias_field_63.onnx,vnnlib/cifar_biasfield_vnncomp2022_prop_63.vnnlib,[],[],[],"watchdog killed instance after 38.2s (status=UNKNOWN_TIMEOUT, peak_rss=2863.5 MiB)",/data1/Kane/ACT/audit_results/r93_rerun_20260525T083118Z/overnight_cpu_round2_20260525T225241Z/relusplitter/per_instance_relusplitter_watchdog_iid194_20260526T004101269036Z.json
cpu2,195,UNKNOWN_TIMEOUT,UNKNOWN,UNKNOWN,,38.326,UNKNOWN_TIMEOUT,True,True,FAILED,5928.87109375,onnx/cifar_biasfield_vnncomp2022_cifar_bias_field_63_RSPLITTER_cifar_biasfield_vnncomp2022_prop_63.onnx,vnnlib/cifar_biasfield_vnncomp2022_prop_63.vnnlib,[],[],[],"watchdog killed instance after 38.3s (status=UNKNOWN_TIMEOUT, peak_rss=5928.9 MiB)",/data1/Kane/ACT/audit_results/r93_rerun_20260525T083118Z/overnight_cpu_round2_20260525T225241Z/relusplitter/per_instance_relusplitter_watchdog_iid195_20260526T004139595923Z.json
cpu2,196,UNKNOWN_TIMEOUT,UNKNOWN,UNKNOWN,,38.127,UNKNOWN_TIMEOUT,True,True,FAILED,2550.3359375,onnx/cifar_biasfield_vnncomp2022_cifar_bias_field_36.onnx,vnnlib/cifar_biasfield_vnncomp2022_prop_36.vnnlib,[],[],[],"watchdog killed instance after 38.1s (status=UNKNOWN_TIMEOUT, peak_rss=2550.3 MiB)",/data1/Kane/ACT/audit_results/r93_rerun_20260525T083118Z/overnight_cpu_round2_20260525T225241Z/relusplitter/per_instance_relusplitter_watchdog_iid196_20260526T004217724019Z.json
cpu2,197,UNKNOWN_RESOURCE_LIMIT,UNKNOWN,UNKNOWN,,7.305,UNKNOWN_RESOURCE_LIMIT,True,True,FAILED,6496.0859375,onnx/cifar_biasfield_vnncomp2022_cifar_bias_field_36_RSPLITTER_cifar_biasfield_vnncomp2022_prop_36.onnx,vnnlib/cifar_biasfield_vnncomp2022_prop_36.vnnlib,[],[],[],"watchdog killed instance after 7.3s (status=UNKNOWN_RESOURCE_LIMIT, peak_rss=6496.1 MiB)",/data1/Kane/ACT/audit_results/r93_rerun_20260525T083118Z/overnight_cpu_round2_20260525T225241Z/relusplitter/per_instance_relusplitter_watchdog_iid197_20260526T004225029820Z.json
cpu2,198,UNKNOWN_TIMEOUT,UNKNOWN,UNKNOWN,,38.228,UNKNOWN_TIMEOUT,True,True,FAILED,2578.93359375,onnx/cifar_biasfield_vnncomp2022_cifar_bias_field_18.onnx,vnnlib/cifar_biasfield_vnncomp2022_prop_18.vnnlib,[],[],[],"watchdog killed instance after 38.2s (status=UNKNOWN_TIMEOUT, peak_rss=2578.9 MiB)",/data1/Kane/ACT/audit_results/r93_rerun_20260525T083118Z/overnight_cpu_round2_20260525T225241Z/relusplitter/per_instance_relusplitter_watchdog_iid198_20260526T004303258531Z.json
cpu2,199,UNKNOWN_TIMEOUT,UNKNOWN,UNKNOWN,,38.326,UNKNOWN_TIMEOUT,True,True,FAILED,5791.19140625,onnx/cifar_biasfield_vnncomp2022_cifar_bias_field_18_RSPLITTER_cifar_biasfield_vnncomp2022_prop_18.onnx,vnnlib/cifar_biasfield_vnncomp2022_prop_18.vnnlib,[],[],[],"watchdog killed instance after 38.3s (status=UNKNOWN_TIMEOUT, peak_rss=5791.2 MiB)",/data1/Kane/ACT/audit_results/r93_rerun_20260525T083118Z/overnight_cpu_round2_20260525T225241Z/relusplitter/per_instance_relusplitter_watchdog_iid199_20260526T004341586931Z.json
cpu2,200,UNKNOWN_TIMEOUT,UNKNOWN,UNKNOWN,,38.227,UNKNOWN_TIMEOUT,True,True,FAILED,2727.4296875,onnx/cifar_biasfield_vnncomp2022_cifar_bias_field_4.onnx,vnnlib/cifar_biasfield_vnncomp2022_prop_4.vnnlib,[],[],[],"watchdog killed instance after 38.2s (status=UNKNOWN_TIMEOUT, peak_rss=2727.4 MiB)",/data1/Kane/ACT/audit_results/r93_rerun_20260525T083118Z/overnight_cpu_round2_20260525T225241Z/relusplitter/per_instance_relusplitter_watchdog_iid200_20260526T004419816243Z.json
cpu2,201,UNKNOWN_TIMEOUT,UNKNOWN,UNKNOWN,,38.328,UNKNOWN_TIMEOUT,True,True,FAILED,5989.9453125,onnx/cifar_biasfield_vnncomp2022_cifar_bias_field_4_RSPLITTER_cifar_biasfield_vnncomp2022_prop_4.onnx,vnnlib/cifar_biasfield_vnncomp2022_prop_4.vnnlib,[],[],[],"watchdog killed instance after 38.3s (status=UNKNOWN_TIMEOUT, peak_rss=5989.9 MiB)",/data1/Kane/ACT/audit_results/r93_rerun_20260525T083118Z/overnight_cpu_round2_20260525T225241Z/relusplitter/per_instance_relusplitter_watchdog_iid201_20260526T004458146481Z.json
cpu2,202,UNKNOWN_TIMEOUT,UNKNOWN,UNKNOWN,,38.226,UNKNOWN_TIMEOUT,True,True,FAILED,3753.7109375,onnx/cifar_biasfield_vnncomp2022_cifar_bias_field_34.onnx,vnnlib/cifar_biasfield_vnncomp2022_prop_34.vnnlib,[],[],[],"watchdog killed instance after 38.2s (status=UNKNOWN_TIMEOUT, peak_rss=3753.7 MiB)",/data1/Kane/ACT/audit_results/r93_rerun_20260525T083118Z/overnight_cpu_round2_20260525T225241Z/relusplitter/per_instance_relusplitter_watchdog_iid202_20260526T004536373592Z.json
cpu2,203,UNKNOWN_RESOURCE_LIMIT,UNKNOWN,UNKNOWN,,9.807,UNKNOWN_RESOURCE_LIMIT,True,True,FAILED,6421.78515625,onnx/cifar_biasfield_vnncomp2022_cifar_bias_field_34_RSPLITTER_cifar_biasfield_vnncomp2022_prop_34.onnx,vnnlib/cifar_biasfield_vnncomp2022_prop_34.vnnlib,[],[],[],"watchdog killed instance after 9.8s (status=UNKNOWN_RESOURCE_LIMIT, peak_rss=6421.8 MiB)",/data1/Kane/ACT/audit_results/r93_rerun_20260525T083118Z/overnight_cpu_round2_20260525T225241Z/relusplitter/per_instance_relusplitter_watchdog_iid203_20260526T004546183060Z.json
cpu2,204,UNKNOWN_TIMEOUT,UNKNOWN,UNKNOWN,,38.225,UNKNOWN_TIMEOUT,True,True,FAILED,2899.03125,onnx/cifar_biasfield_vnncomp2022_cifar_bias_field_25.onnx,vnnlib/cifar_biasfield_vnncomp2022_prop_25.vnnlib,[],[],[],"watchdog killed instance after 38.2s (status=UNKNOWN_TIMEOUT, peak_rss=2899.0 MiB)",/data1/Kane/ACT/audit_results/r93_rerun_20260525T083118Z/overnight_cpu_round2_20260525T225241Z/relusplitter/per_instance_relusplitter_watchdog_iid204_20260526T004624410505Z.json
cpu2,205,UNKNOWN_RESOURCE_LIMIT,UNKNOWN,UNKNOWN,,36.825,UNKNOWN_RESOURCE_LIMIT,True,True,FAILED,6352.8984375,onnx/cifar_biasfield_vnncomp2022_cifar_bias_field_25_RSPLITTER_cifar_biasfield_vnncomp2022_prop_25.onnx,vnnlib/cifar_biasfield_vnncomp2022_prop_25.vnnlib,[],[],[],"watchdog killed instance after 36.8s (status=UNKNOWN_RESOURCE_LIMIT, peak_rss=6352.9 MiB)",/data1/Kane/ACT/audit_results/r93_rerun_20260525T083118Z/overnight_cpu_round2_20260525T225241Z/relusplitter/per_instance_relusplitter_watchdog_iid205_20260526T004701237254Z.json
cpu2,206,UNKNOWN_TIMEOUT,UNKNOWN,UNKNOWN,,38.226,UNKNOWN_TIMEOUT,True,True,FAILED,3673.0859375,onnx/cifar_biasfield_vnncomp2022_cifar_bias_field_31.onnx,vnnlib/cifar_biasfield_vnncomp2022_prop_31.vnnlib,[],[],[],"watchdog killed instance after 38.2s (status=UNKNOWN_TIMEOUT, peak_rss=3673.1 MiB)",/data1/Kane/ACT/audit_results/r93_rerun_20260525T083118Z/overnight_cpu_round2_20260525T225241Z/relusplitter/per_instance_relusplitter_watchdog_iid206_20260526T004739465614Z.json
cpu2,207,UNKNOWN_TIMEOUT,UNKNOWN,UNKNOWN,,38.329,UNKNOWN_TIMEOUT,True,True,FAILED,5921.328125,onnx/cifar_biasfield_vnncomp2022_cifar_bias_field_31_RSPLITTER_cifar_biasfield_vnncomp2022_prop_31.onnx,vnnlib/cifar_biasfield_vnncomp2022_prop_31.vnnlib,[],[],[],"watchdog killed instance after 38.3s (status=UNKNOWN_TIMEOUT, peak_rss=5921.3 MiB)",/data1/Kane/ACT/audit_results/r93_rerun_20260525T083118Z/overnight_cpu_round2_20260525T225241Z/relusplitter/per_instance_relusplitter_watchdog_iid207_20260526T004817796890Z.json
cpu2,208,UNKNOWN_TIMEOUT,UNKNOWN,UNKNOWN,,38.128,UNKNOWN_TIMEOUT,True,True,FAILED,4597.2734375,onnx/cifar_biasfield_vnncomp2022_cifar_bias_field_65.onnx,vnnlib/cifar_biasfield_vnncomp2022_prop_65.vnnlib,[],[],[],"watchdog killed instance after 38.1s (status=UNKNOWN_TIMEOUT, peak_rss=4597.3 MiB)",/data1/Kane/ACT/audit_results/r93_rerun_20260525T083118Z/overnight_cpu_round2_20260525T225241Z/relusplitter/per_instance_relusplitter_watchdog_iid208_20260526T004855926222Z.json
cpu2,209,UNKNOWN_TIMEOUT,UNKNOWN,UNKNOWN,,38.227,UNKNOWN_TIMEOUT,True,True,FAILED,4474.88671875,onnx/cifar_biasfield_vnncomp2022_cifar_bias_field_65_RSPLITTER_cifar_biasfield_vnncomp2022_prop_65.onnx,vnnlib/cifar_biasfield_vnncomp2022_prop_65.vnnlib,[],[],[],"watchdog killed instance after 38.2s (status=UNKNOWN_TIMEOUT, peak_rss=4474.9 MiB)",/data1/Kane/ACT/audit_results/r93_rerun_20260525T083118Z/overnight_cpu_round2_20260525T225241Z/relusplitter/per_instance_relusplitter_watchdog_iid209_20260526T004934155049Z.json
cpu2,210,UNKNOWN_TIMEOUT,UNKNOWN,UNKNOWN,,38.223,UNKNOWN_TIMEOUT,True,True,FAILED,2803.5625,onnx/cifar_biasfield_vnncomp2022_cifar_bias_field_52.onnx,vnnlib/cifar_biasfield_vnncomp2022_prop_52.vnnlib,[],[],[],"watchdog killed instance after 38.2s (status=UNKNOWN_TIMEOUT, peak_rss=2803.6 MiB)",/data1/Kane/ACT/audit_results/r93_rerun_20260525T083118Z/overnight_cpu_round2_20260525T225241Z/relusplitter/per_instance_relusplitter_watchdog_iid210_20260526T005012380049Z.json
cpu2,211,UNKNOWN_TIMEOUT,UNKNOWN,UNKNOWN,,38.225,UNKNOWN_TIMEOUT,True,True,FAILED,6136.43359375,onnx/cifar_biasfield_vnncomp2022_cifar_bias_field_52_RSPLITTER_cifar_biasfield_vnncomp2022_prop_52.onnx,vnnlib/cifar_biasfield_vnncomp2022_prop_52.vnnlib,[],[],[],"watchdog killed instance after 38.2s (status=UNKNOWN_TIMEOUT, peak_rss=6136.4 MiB)",/data1/Kane/ACT/audit_results/r93_rerun_20260525T083118Z/overnight_cpu_round2_20260525T225241Z/relusplitter/per_instance_relusplitter_watchdog_iid211_20260526T005050606750Z.json
cpu2,212,UNKNOWN_TIMEOUT,UNKNOWN,UNKNOWN,,38.228,UNKNOWN_TIMEOUT,True,True,FAILED,4397.921875,onnx/cifar_biasfield_vnncomp2022_cifar_bias_field_60.onnx,vnnlib/cifar_biasfield_vnncomp2022_prop_60.vnnlib,[],[],[],"watchdog killed instance after 38.2s (status=UNKNOWN_TIMEOUT, peak_rss=4397.9 MiB)",/data1/Kane/ACT/audit_results/r93_rerun_20260525T083118Z/overnight_cpu_round2_20260525T225241Z/relusplitter/per_instance_relusplitter_watchdog_iid212_20260526T005128836636Z.json
cpu2,213,UNKNOWN_TIMEOUT,UNKNOWN,UNKNOWN,,38.328,UNKNOWN_TIMEOUT,True,True,FAILED,4668.46484375,onnx/cifar_biasfield_vnncomp2022_cifar_bias_field_60_RSPLITTER_cifar_biasfield_vnncomp2022_prop_60.onnx,vnnlib/cifar_biasfield_vnncomp2022_prop_60.vnnlib,[],[],[],"watchdog killed instance after 38.3s (status=UNKNOWN_TIMEOUT, peak_rss=4668.5 MiB)",/data1/Kane/ACT/audit_results/r93_rerun_20260525T083118Z/overnight_cpu_round2_20260525T225241Z/relusplitter/per_instance_relusplitter_watchdog_iid213_20260526T005207165800Z.json
cpu2,214,UNKNOWN_TIMEOUT,UNKNOWN,UNKNOWN,,38.227,UNKNOWN_TIMEOUT,True,True,FAILED,2488.12890625,onnx/cifar_biasfield_vnncomp2022_cifar_bias_field_12.onnx,vnnlib/cifar_biasfield_vnncomp2022_prop_12.vnnlib,[],[],[],"watchdog killed instance after 38.2s (status=UNKNOWN_TIMEOUT, peak_rss=2488.1 MiB)",/data1/Kane/ACT/audit_results/r93_rerun_20260525T083118Z/overnight_cpu_round2_20260525T225241Z/relusplitter/per_instance_relusplitter_watchdog_iid214_20260526T005245394945Z.json
cpu2,215,UNKNOWN_RESOURCE_LIMIT,UNKNOWN,UNKNOWN,,32.323,UNKNOWN_RESOURCE_LIMIT,True,True,FAILED,6382.28125,onnx/cifar_biasfield_vnncomp2022_cifar_bias_field_12_RSPLITTER_cifar_biasfield_vnncomp2022_prop_12.onnx,vnnlib/cifar_biasfield_vnncomp2022_prop_12.vnnlib,[],[],[],"watchdog killed instance after 32.3s (status=UNKNOWN_RESOURCE_LIMIT, peak_rss=6382.3 MiB)",/data1/Kane/ACT/audit_results/r93_rerun_20260525T083118Z/overnight_cpu_round2_20260525T225241Z/relusplitter/per_instance_relusplitter_watchdog_iid215_20260526T005317719870Z.json
cpu2,216,UNKNOWN_TIMEOUT,UNKNOWN,UNKNOWN,,38.226,UNKNOWN_TIMEOUT,True,True,FAILED,4209.23828125,onnx/cifar_biasfield_vnncomp2022_cifar_bias_field_17.onnx,vnnlib/cifar_biasfield_vnncomp2022_prop_17.vnnlib,[],[],[],"watchdog killed instance after 38.2s (status=UNKNOWN_TIMEOUT, peak_rss=4209.2 MiB)",/data1/Kane/ACT/audit_results/r93_rerun_20260525T083118Z/overnight_cpu_round2_20260525T225241Z/relusplitter/per_instance_relusplitter_watchdog_iid216_20260526T005355947596Z.json
cpu2,217,UNKNOWN_TIMEOUT,UNKNOWN,UNKNOWN,,38.227,UNKNOWN_TIMEOUT,True,True,FAILED,5066.9765625,onnx/cifar_biasfield_vnncomp2022_cifar_bias_field_17_RSPLITTER_cifar_biasfield_vnncomp2022_prop_17.onnx,vnnlib/cifar_biasfield_vnncomp2022_prop_17.vnnlib,[],[],[],"watchdog killed instance after 38.2s (status=UNKNOWN_TIMEOUT, peak_rss=5067.0 MiB)",/data1/Kane/ACT/audit_results/r93_rerun_20260525T083118Z/overnight_cpu_round2_20260525T225241Z/relusplitter/per_instance_relusplitter_watchdog_iid217_20260526T005434175508Z.json
cpu2,218,UNKNOWN_TIMEOUT,UNKNOWN,UNKNOWN,,38.227,UNKNOWN_TIMEOUT,True,True,FAILED,2516.140625,onnx/cifar_biasfield_vnncomp2022_cifar_bias_field_0.onnx,vnnlib/cifar_biasfield_vnncomp2022_prop_0.vnnlib,[],[],[],"watchdog killed instance after 38.2s (status=UNKNOWN_TIMEOUT, peak_rss=2516.1 MiB)",/data1/Kane/ACT/audit_results/r93_rerun_20260525T083118Z/overnight_cpu_round2_20260525T225241Z/relusplitter/per_instance_relusplitter_watchdog_iid218_20260526T005512403944Z.json
cpu2,219,UNKNOWN_TIMEOUT,UNKNOWN,UNKNOWN,,38.226,UNKNOWN_TIMEOUT,True,True,FAILED,5353.46875,onnx/cifar_biasfield_vnncomp2022_cifar_bias_field_0_RSPLITTER_cifar_biasfield_vnncomp2022_prop_0.onnx,vnnlib/cifar_biasfield_vnncomp2022_prop_0.vnnlib,[],[],[],"watchdog killed instance after 38.2s (status=UNKNOWN_TIMEOUT, peak_rss=5353.5 MiB)",/data1/Kane/ACT/audit_results/r93_rerun_20260525T083118Z/overnight_cpu_round2_20260525T225241Z/relusplitter/per_instance_relusplitter_watchdog_iid219_20260526T005550631685Z.json
cpu2,30,UNKNOWN,UNKNOWN,UNKNOWN,UNKNOWN,12.603,,False,,PASSED,,onnx/mnist_fc_vnncomp2022_mnist-net_256x4.onnx,vnnlib/mnist_fc_vnncomp2022_prop_11_0.05.vnnlib,"[""UNKNOWN""]","[""UNKNOWN""]",[null],,/data1/Kane/ACT/audit_results/r93_rerun_20260525T083118Z/overnight_cpu_round2_20260525T225241Z/relusplitter/per_instance_relusplitter_20260525T230726790777Z.json
cpu2,31,UNKNOWN_TIMEOUT,UNKNOWN,UNKNOWN,,38.125,UNKNOWN_TIMEOUT,True,True,FAILED,1878.58203125,onnx/mnist_fc_vnncomp2022_mnist-net_256x4_RSPLITTER_mnist_fc_vnncomp2022_prop_11_0.05.onnx,vnnlib/mnist_fc_vnncomp2022_prop_11_0.05.vnnlib,[],[],[],"watchdog killed instance after 38.1s (status=UNKNOWN_TIMEOUT, peak_rss=1878.6 MiB)",/data1/Kane/ACT/audit_results/r93_rerun_20260525T083118Z/overnight_cpu_round2_20260525T225241Z/relusplitter/per_instance_relusplitter_watchdog_iid31_20260525T230805893799Z.json
cpu2,32,CERTIFIED,UNSAT,CERTIFIED,CERTIFIED,8.993,,False,,PASSED,,onnx/mnist_fc_vnncomp2022_mnist-net_256x4.onnx,vnnlib/mnist_fc_vnncomp2022_prop_10_0.03.vnnlib,"[""UNSAT""]","[""CERTIFIED""]",[null],,/data1/Kane/ACT/audit_results/r93_rerun_20260525T083118Z/overnight_cpu_round2_20260525T225241Z/relusplitter/per_instance_relusplitter_20260525T230816891579Z.json
cpu2,33,UNKNOWN,UNKNOWN,UNKNOWN,UNKNOWN,11.929,,False,,PASSED,,onnx/mnist_fc_vnncomp2022_mnist-net_256x4_RSPLITTER_mnist_fc_vnncomp2022_prop_10_0.03.onnx,vnnlib/mnist_fc_vnncomp2022_prop_10_0.03.vnnlib,"[""UNKNOWN""]","[""UNKNOWN""]",[null],,/data1/Kane/ACT/audit_results/r93_rerun_20260525T083118Z/overnight_cpu_round2_20260525T225241Z/relusplitter/per_instance_relusplitter_20260525T230831758666Z.json
cpu2,34,UNKNOWN,UNKNOWN,UNKNOWN,UNKNOWN,5.888,,False,,PASSED,,onnx/mnist_fc_vnncomp2022_mnist-net_256x4.onnx,vnnlib/mnist_fc_vnncomp2022_prop_9_0.03.vnnlib,"[""UNKNOWN""]","[""UNKNOWN""]",[null],,/data1/Kane/ACT/audit_results/r93_rerun_20260525T083118Z/overnight_cpu_round2_20260525T225241Z/relusplitter/per_instance_relusplitter_20260525T230840243964Z.json
cpu2,35,UNKNOWN,UNKNOWN,UNKNOWN,UNKNOWN,19.123,,False,,PASSED,,onnx/mnist_fc_vnncomp2022_mnist-net_256x4_RSPLITTER_mnist_fc_vnncomp2022_prop_9_0.03.onnx,vnnlib/mnist_fc_vnncomp2022_prop_9_0.03.vnnlib,"[""UNKNOWN""]","[""UNKNOWN""]",[null],,/data1/Kane/ACT/audit_results/r93_rerun_20260525T083118Z/overnight_cpu_round2_20260525T225241Z/relusplitter/per_instance_relusplitter_20260525T230902000302Z.json
cpu2,36,UNKNOWN,UNKNOWN,UNKNOWN,UNKNOWN,19.874,,False,,PASSED,,onnx/mnist_fc_vnncomp2022_mnist-net_256x4.onnx,vnnlib/mnist_fc_vnncomp2022_prop_10_0.05.vnnlib,"[""UNKNOWN""]","[""UNKNOWN""]",[null],,/data1/Kane/ACT/audit_results/r93_rerun_20260525T083118Z/overnight_cpu_round2_20260525T225241Z/relusplitter/per_instance_relusplitter_20260525T230924758536Z.json
cpu2,37,UNKNOWN,UNKNOWN,UNKNOWN,UNKNOWN,27.862,,False,,PASSED,,onnx/mnist_fc_vnncomp2022_mnist-net_256x4_RSPLITTER_mnist_fc_vnncomp2022_prop_10_0.05.onnx,vnnlib/mnist_fc_vnncomp2022_prop_10_0.05.vnnlib,"[""UNKNOWN""]","[""UNKNOWN""]",[null],,/data1/Kane/ACT/audit_results/r93_rerun_20260525T083118Z/overnight_cpu_round2_20260525T225241Z/relusplitter/per_instance_relusplitter_20260525T230955227245Z.json
cpu2,38,UNKNOWN,UNKNOWN,UNKNOWN,UNKNOWN,7.08,,False,,PASSED,,onnx/mnist_fc_vnncomp2022_mnist-net_256x4.onnx,vnnlib/mnist_fc_vnncomp2022_prop_4_0.03.vnnlib,"[""UNKNOWN""]","[""UNKNOWN""]",[null],,/data1/Kane/ACT/audit_results/r93_rerun_20260525T083118Z/overnight_cpu_round2_20260525T225241Z/relusplitter/per_instance_relusplitter_20260525T231005028906Z.json
cpu2,39,UNKNOWN,UNKNOWN,UNKNOWN,UNKNOWN,15.451,,False,,PASSED,,onnx/mnist_fc_vnncomp2022_mnist-net_256x4_RSPLITTER_mnist_fc_vnncomp2022_prop_4_0.03.onnx,vnnlib/mnist_fc_vnncomp2022_prop_4_0.03.vnnlib,"[""UNKNOWN""]","[""UNKNOWN""]",[null],,/data1/Kane/ACT/audit_results/r93_rerun_20260525T083118Z/overnight_cpu_round2_20260525T225241Z/relusplitter/per_instance_relusplitter_20260525T231023364577Z.json
cpu2,40,UNKNOWN_TIMEOUT,UNKNOWN,UNKNOWN,,38.125,UNKNOWN_TIMEOUT,True,True,FAILED,1630.73046875,onnx/mnist_fc_vnncomp2022_mnist-net_256x6.onnx,vnnlib/mnist_fc_vnncomp2022_prop_7_0.05.vnnlib,[],[],[],"watchdog killed instance after 38.1s (status=UNKNOWN_TIMEOUT, peak_rss=1630.7 MiB)",/data1/Kane/ACT/audit_results/r93_rerun_20260525T083118Z/overnight_cpu_round2_20260525T225241Z/relusplitter/per_instance_relusplitter_watchdog_iid40_20260525T231102119453Z.json
cpu2,41,UNKNOWN_TIMEOUT,UNKNOWN,UNKNOWN,,38.125,UNKNOWN_TIMEOUT,True,True,FAILED,2001.46875,onnx/mnist_fc_vnncomp2022_mnist-net_256x6_RSPLITTER_mnist_fc_vnncomp2022_prop_7_0.05.onnx,vnnlib/mnist_fc_vnncomp2022_prop_7_0.05.vnnlib,[],[],[],"watchdog killed instance after 38.1s (status=UNKNOWN_TIMEOUT, peak_rss=2001.5 MiB)",/data1/Kane/ACT/audit_results/r93_rerun_20260525T083118Z/overnight_cpu_round2_20260525T225241Z/relusplitter/per_instance_relusplitter_watchdog_iid41_20260525T231140245295Z.json
cpu2,42,UNKNOWN_TIMEOUT,UNKNOWN,UNKNOWN,,38.127,UNKNOWN_TIMEOUT,True,True,FAILED,1879.6484375,onnx/mnist_fc_vnncomp2022_mnist-net_256x6.onnx,vnnlib/mnist_fc_vnncomp2022_prop_4_0.05.vnnlib,[],[],[],"watchdog killed instance after 38.1s (status=UNKNOWN_TIMEOUT, peak_rss=1879.6 MiB)",/data1/Kane/ACT/audit_results/r93_rerun_20260525T083118Z/overnight_cpu_round2_20260525T225241Z/relusplitter/per_instance_relusplitter_watchdog_iid42_20260525T231218372837Z.json
cpu2,43,UNKNOWN_TIMEOUT,UNKNOWN,UNKNOWN,,39.025,UNKNOWN_TIMEOUT,True,True,FAILED,1655.39453125,onnx/mnist_fc_vnncomp2022_mnist-net_256x6_RSPLITTER_mnist_fc_vnncomp2022_prop_4_0.05.onnx,vnnlib/mnist_fc_vnncomp2022_prop_4_0.05.vnnlib,[],[],[],"watchdog killed instance after 39.0s (status=UNKNOWN_TIMEOUT, peak_rss=1655.4 MiB)",/data1/Kane/ACT/audit_results/r93_rerun_20260525T083118Z/overnight_cpu_round2_20260525T225241Z/relusplitter/per_instance_relusplitter_watchdog_iid43_20260525T231257398069Z.json
cpu2,44,UNKNOWN,UNKNOWN,UNKNOWN,UNKNOWN,16.244,,False,,PASSED,,onnx/mnist_fc_vnncomp2022_mnist-net_256x6.onnx,vnnlib/mnist_fc_vnncomp2022_prop_3_0.05.vnnlib,"[""UNKNOWN""]","[""UNKNOWN""]",[null],,/data1/Kane/ACT/audit_results/r93_rerun_20260525T083118Z/overnight_cpu_round2_20260525T225241Z/relusplitter/per_instance_relusplitter_20260525T231315644269Z.json
cpu2,45,UNKNOWN_TIMEOUT,UNKNOWN,UNKNOWN,,38.121,UNKNOWN_TIMEOUT,True,True,FAILED,1679.015625,onnx/mnist_fc_vnncomp2022_mnist-net_256x6_RSPLITTER_mnist_fc_vnncomp2022_prop_3_0.05.onnx,vnnlib/mnist_fc_vnncomp2022_prop_3_0.05.vnnlib,[],[],[],"watchdog killed instance after 38.1s (status=UNKNOWN_TIMEOUT, peak_rss=1679.0 MiB)",/data1/Kane/ACT/audit_results/r93_rerun_20260525T083118Z/overnight_cpu_round2_20260525T225241Z/relusplitter/per_instance_relusplitter_watchdog_iid45_20260525T231354531709Z.json
cpu2,46,CERTIFIED,UNSAT,CERTIFIED,CERTIFIED,0.801,,False,,PASSED,,onnx/mnist_fc_vnncomp2022_mnist-net_256x6.onnx,vnnlib/mnist_fc_vnncomp2022_prop_3_0.03.vnnlib,"[""UNSAT""]","[""CERTIFIED""]",[null],,/data1/Kane/ACT/audit_results/r93_rerun_20260525T083118Z/overnight_cpu_round2_20260525T225241Z/relusplitter/per_instance_relusplitter_20260525T231357330133Z.json
cpu2,47,CERTIFIED,UNSAT,CERTIFIED,CERTIFIED,3.201,,False,,PASSED,,onnx/mnist_fc_vnncomp2022_mnist-net_256x6_RSPLITTER_mnist_fc_vnncomp2022_prop_3_0.03.onnx,vnnlib/mnist_fc_vnncomp2022_prop_3_0.03.vnnlib,"[""UNSAT""]","[""CERTIFIED""]",[null],,/data1/Kane/ACT/audit_results/r93_rerun_20260525T083118Z/overnight_cpu_round2_20260525T225241Z/relusplitter/per_instance_relusplitter_20260525T231403226195Z.json
cpu2,48,UNKNOWN_TIMEOUT,UNKNOWN,UNKNOWN,,38.122,UNKNOWN_TIMEOUT,True,True,FAILED,1743.73828125,onnx/mnist_fc_vnncomp2022_mnist-net_256x6.onnx,vnnlib/mnist_fc_vnncomp2022_prop_14_0.05.vnnlib,[],[],[],"watchdog killed instance after 38.1s (status=UNKNOWN_TIMEOUT, peak_rss=1743.7 MiB)",/data1/Kane/ACT/audit_results/r93_rerun_20260525T083118Z/overnight_cpu_round2_20260525T225241Z/relusplitter/per_instance_relusplitter_watchdog_iid48_20260525T231442160718Z.json
cpu2,49,UNKNOWN_TIMEOUT,UNKNOWN,UNKNOWN,,38.122,UNKNOWN_TIMEOUT,True,True,FAILED,1619.75,onnx/mnist_fc_vnncomp2022_mnist-net_256x6_RSPLITTER_mnist_fc_vnncomp2022_prop_14_0.05.onnx,vnnlib/mnist_fc_vnncomp2022_prop_14_0.05.vnnlib,[],[],[],"watchdog killed instance after 38.1s (status=UNKNOWN_TIMEOUT, peak_rss=1619.8 MiB)",/data1/Kane/ACT/audit_results/r93_rerun_20260525T083118Z/overnight_cpu_round2_20260525T225241Z/relusplitter/per_instance_relusplitter_watchdog_iid49_20260525T231520283185Z.json
cpu2,50,UNKNOWN_TIMEOUT,UNKNOWN,UNKNOWN,,38.124,UNKNOWN_TIMEOUT,True,True,FAILED,1894.2890625,onnx/mnist_fc_vnncomp2022_mnist-net_256x6.onnx,vnnlib/mnist_fc_vnncomp2022_prop_0_0.05.vnnlib,[],[],[],"watchdog killed instance after 38.1s (status=UNKNOWN_TIMEOUT, peak_rss=1894.3 MiB)",/data1/Kane/ACT/audit_results/r93_rerun_20260525T083118Z/overnight_cpu_round2_20260525T225241Z/relusplitter/per_instance_relusplitter_watchdog_iid50_20260525T231558407493Z.json
cpu2,51,UNKNOWN_TIMEOUT,UNKNOWN,UNKNOWN,,38.127,UNKNOWN_TIMEOUT,True,True,FAILED,1727.85546875,onnx/mnist_fc_vnncomp2022_mnist-net_256x6_RSPLITTER_mnist_fc_vnncomp2022_prop_0_0.05.onnx,vnnlib/mnist_fc_vnncomp2022_prop_0_0.05.vnnlib,[],[],[],"watchdog killed instance after 38.1s (status=UNKNOWN_TIMEOUT, peak_rss=1727.9 MiB)",/data1/Kane/ACT/audit_results/r93_rerun_20260525T083118Z/overnight_cpu_round2_20260525T225241Z/relusplitter/per_instance_relusplitter_watchdog_iid51_20260525T231636534691Z.json
cpu2,52,UNKNOWN,UNKNOWN,UNKNOWN,UNKNOWN,29.372,,False,,PASSED,,onnx/mnist_fc_vnncomp2022_mnist-net_256x6.onnx,vnnlib/mnist_fc_vnncomp2022_prop_9_0.03.vnnlib,"[""UNKNOWN""]","[""UNKNOWN""]",[null],,/data1/Kane/ACT/audit_results/r93_rerun_20260525T083118Z/overnight_cpu_round2_20260525T225241Z/relusplitter/per_instance_relusplitter_20260525T231707910068Z.json
cpu2,53,UNKNOWN_TIMEOUT,UNKNOWN,UNKNOWN,,38.124,UNKNOWN_TIMEOUT,True,True,FAILED,1881.234375,onnx/mnist_fc_vnncomp2022_mnist-net_256x6_RSPLITTER_mnist_fc_vnncomp2022_prop_9_0.03.onnx,vnnlib/mnist_fc_vnncomp2022_prop_9_0.03.vnnlib,[],[],[],"watchdog killed instance after 38.1s (status=UNKNOWN_TIMEOUT, peak_rss=1881.2 MiB)",/data1/Kane/ACT/audit_results/r93_rerun_20260525T083118Z/overnight_cpu_round2_20260525T225241Z/relusplitter/per_instance_relusplitter_watchdog_iid53_20260525T231746678911Z.json
cpu2,54,UNKNOWN_TIMEOUT,UNKNOWN,UNKNOWN,,38.127,UNKNOWN_TIMEOUT,True,True,FAILED,1931.73046875,onnx/mnist_fc_vnncomp2022_mnist-net_256x6.onnx,vnnlib/mnist_fc_vnncomp2022_prop_12_0.03.vnnlib,[],[],[],"watchdog killed instance after 38.1s (status=UNKNOWN_TIMEOUT, peak_rss=1931.7 MiB)",/data1/Kane/ACT/audit_results/r93_rerun_20260525T083118Z/overnight_cpu_round2_20260525T225241Z/relusplitter/per_instance_relusplitter_watchdog_iid54_20260525T231824807009Z.json
cpu2,55,UNKNOWN_TIMEOUT,UNKNOWN,UNKNOWN,,38.127,UNKNOWN_TIMEOUT,True,True,FAILED,1807.56640625,onnx/mnist_fc_vnncomp2022_mnist-net_256x6_RSPLITTER_mnist_fc_vnncomp2022_prop_12_0.03.onnx,vnnlib/mnist_fc_vnncomp2022_prop_12_0.03.vnnlib,[],[],[],"watchdog killed instance after 38.1s (status=UNKNOWN_TIMEOUT, peak_rss=1807.6 MiB)",/data1/Kane/ACT/audit_results/r93_rerun_20260525T083118Z/overnight_cpu_round2_20260525T225241Z/relusplitter/per_instance_relusplitter_watchdog_iid55_20260525T231902934810Z.json
cpu2,56,UNKNOWN_TIMEOUT,UNKNOWN,UNKNOWN,,38.13,UNKNOWN_TIMEOUT,True,True,FAILED,1681.953125,onnx/mnist_fc_vnncomp2022_mnist-net_256x6.onnx,vnnlib/mnist_fc_vnncomp2022_prop_1_0.03.vnnlib,[],[],[],"watchdog killed instance after 38.1s (status=UNKNOWN_TIMEOUT, peak_rss=1682.0 MiB)",/data1/Kane/ACT/audit_results/r93_rerun_20260525T083118Z/overnight_cpu_round2_20260525T225241Z/relusplitter/per_instance_relusplitter_watchdog_iid56_20260525T231941065958Z.json
cpu2,57,UNKNOWN_TIMEOUT,UNKNOWN,UNKNOWN,,38.124,UNKNOWN_TIMEOUT,True,True,FAILED,1950.96875,onnx/mnist_fc_vnncomp2022_mnist-net_256x6_RSPLITTER_mnist_fc_vnncomp2022_prop_1_0.03.onnx,vnnlib/mnist_fc_vnncomp2022_prop_1_0.03.vnnlib,[],[],[],"watchdog killed instance after 38.1s (status=UNKNOWN_TIMEOUT, peak_rss=1951.0 MiB)",/data1/Kane/ACT/audit_results/r93_rerun_20260525T083118Z/overnight_cpu_round2_20260525T225241Z/relusplitter/per_instance_relusplitter_watchdog_iid57_20260525T232019190995Z.json
cpu2,58,UNKNOWN_TIMEOUT,UNKNOWN,UNKNOWN,,38.127,UNKNOWN_TIMEOUT,True,True,FAILED,1925.8125,onnx/mnist_fc_vnncomp2022_mnist-net_256x6.onnx,vnnlib/mnist_fc_vnncomp2022_prop_5_0.05.vnnlib,[],[],[],"watchdog killed instance after 38.1s (status=UNKNOWN_TIMEOUT, peak_rss=1925.8 MiB)",/data1/Kane/ACT/audit_results/r93_rerun_20260525T083118Z/overnight_cpu_round2_20260525T225241Z/relusplitter/per_instance_relusplitter_watchdog_iid58_20260525T232057318847Z.json
cpu2,59,UNKNOWN_TIMEOUT,UNKNOWN,UNKNOWN,,38.223,UNKNOWN_TIMEOUT,True,True,FAILED,1749.94921875,onnx/mnist_fc_vnncomp2022_mnist-net_256x6_RSPLITTER_mnist_fc_vnncomp2022_prop_5_0.05.onnx,vnnlib/mnist_fc_vnncomp2022_prop_5_0.05.vnnlib,[],[],[],"watchdog killed instance after 38.2s (status=UNKNOWN_TIMEOUT, peak_rss=1749.9 MiB)",/data1/Kane/ACT/audit_results/r93_rerun_20260525T083118Z/overnight_cpu_round2_20260525T225241Z/relusplitter/per_instance_relusplitter_watchdog_iid59_20260525T232135542763Z.json
cpu2,60,UNKNOWN_TIMEOUT,UNKNOWN,UNKNOWN,,38.123,UNKNOWN_TIMEOUT,True,True,FAILED,1995.90625,onnx/mnist_fc_vnncomp2022_mnist-net_256x6.onnx,vnnlib/mnist_fc_vnncomp2022_prop_10_0.05.vnnlib,[],[],[],"watchdog killed instance after 38.1s (status=UNKNOWN_TIMEOUT, peak_rss=1995.9 MiB)",/data1/Kane/ACT/audit_results/r93_rerun_20260525T083118Z/overnight_cpu_round2_20260525T225241Z/relusplitter/per_instance_relusplitter_watchdog_iid60_20260525T232213666803Z.json
cpu2,61,UNKNOWN_TIMEOUT,UNKNOWN,UNKNOWN,,38.123,UNKNOWN_TIMEOUT,True,True,FAILED,1661.7109375,onnx/mnist_fc_vnncomp2022_mnist-net_256x6_RSPLITTER_mnist_fc_vnncomp2022_prop_10_0.05.onnx,vnnlib/mnist_fc_vnncomp2022_prop_10_0.05.vnnlib,[],[],[],"watchdog killed instance after 38.1s (status=UNKNOWN_TIMEOUT, peak_rss=1661.7 MiB)",/data1/Kane/ACT/audit_results/r93_rerun_20260525T083118Z/overnight_cpu_round2_20260525T225241Z/relusplitter/per_instance_relusplitter_watchdog_iid61_20260525T232251790824Z.json
cpu2,62,UNKNOWN,UNKNOWN,UNKNOWN,UNKNOWN,20.26,,False,,PASSED,,onnx/mnist_fc_vnncomp2022_mnist-net_256x6.onnx,vnnlib/mnist_fc_vnncomp2022_prop_11_0.03.vnnlib,"[""UNKNOWN""]","[""UNKNOWN""]",[null],,/data1/Kane/ACT/audit_results/r93_rerun_20260525T083118Z/overnight_cpu_round2_20260525T225241Z/relusplitter/per_instance_relusplitter_20260525T232314063151Z.json
cpu2,63,UNKNOWN_TIMEOUT,UNKNOWN,UNKNOWN,,38.123,UNKNOWN_TIMEOUT,True,True,FAILED,2095.05859375,onnx/mnist_fc_vnncomp2022_mnist-net_256x6_RSPLITTER_mnist_fc_vnncomp2022_prop_11_0.03.onnx,vnnlib/mnist_fc_vnncomp2022_prop_11_0.03.vnnlib,[],[],[],"watchdog killed instance after 38.1s (status=UNKNOWN_TIMEOUT, peak_rss=2095.1 MiB)",/data1/Kane/ACT/audit_results/r93_rerun_20260525T083118Z/overnight_cpu_round2_20260525T225241Z/relusplitter/per_instance_relusplitter_watchdog_iid63_20260525T232352928460Z.json
cpu2,64,CERTIFIED,UNSAT,CERTIFIED,CERTIFIED,2.219,,False,,PASSED,,onnx/mnist_fc_vnncomp2022_mnist-net_256x6.onnx,vnnlib/mnist_fc_vnncomp2022_prop_6_0.03.vnnlib,"[""UNSAT""]","[""CERTIFIED""]",[null],,/data1/Kane/ACT/audit_results/r93_rerun_20260525T083118Z/overnight_cpu_round2_20260525T225241Z/relusplitter/per_instance_relusplitter_20260525T232357146631Z.json
cpu2,65,UNKNOWN_TIMEOUT,UNKNOWN,UNKNOWN,,38.125,UNKNOWN_TIMEOUT,True,True,FAILED,1682.3671875,onnx/mnist_fc_vnncomp2022_mnist-net_256x6_RSPLITTER_mnist_fc_vnncomp2022_prop_6_0.03.onnx,vnnlib/mnist_fc_vnncomp2022_prop_6_0.03.vnnlib,[],[],[],"watchdog killed instance after 38.1s (status=UNKNOWN_TIMEOUT, peak_rss=1682.4 MiB)",/data1/Kane/ACT/audit_results/r93_rerun_20260525T083118Z/overnight_cpu_round2_20260525T225241Z/relusplitter/per_instance_relusplitter_watchdog_iid65_20260525T232436058711Z.json
cpu2,66,UNKNOWN_TIMEOUT,UNKNOWN,UNKNOWN,,38.123,UNKNOWN_TIMEOUT,True,True,FAILED,1930.08984375,onnx/mnist_fc_vnncomp2022_mnist-net_256x6.onnx,vnnlib/mnist_fc_vnncomp2022_prop_14_0.03.vnnlib,[],[],[],"watchdog killed instance after 38.1s (status=UNKNOWN_TIMEOUT, peak_rss=1930.1 MiB)",/data1/Kane/ACT/audit_results/r93_rerun_20260525T083118Z/overnight_cpu_round2_20260525T225241Z/relusplitter/per_instance_relusplitter_watchdog_iid66_20260525T232514182544Z.json
cpu2,67,UNKNOWN_TIMEOUT,UNKNOWN,UNKNOWN,,38.123,UNKNOWN_TIMEOUT,True,True,FAILED,1797.61328125,onnx/mnist_fc_vnncomp2022_mnist-net_256x6_RSPLITTER_mnist_fc_vnncomp2022_prop_14_0.03.onnx,vnnlib/mnist_fc_vnncomp2022_prop_14_0.03.vnnlib,[],[],[],"watchdog killed instance after 38.1s (status=UNKNOWN_TIMEOUT, peak_rss=1797.6 MiB)",/data1/Kane/ACT/audit_results/r93_rerun_20260525T083118Z/overnight_cpu_round2_20260525T225241Z/relusplitter/per_instance_relusplitter_watchdog_iid67_20260525T232552306687Z.json
cpu2,68,UNKNOWN_TIMEOUT,UNKNOWN,UNKNOWN,,38.123,UNKNOWN_TIMEOUT,True,True,FAILED,1749.8984375,onnx/mnist_fc_vnncomp2022_mnist-net_256x6.onnx,vnnlib/mnist_fc_vnncomp2022_prop_7_0.03.vnnlib,[],[],[],"watchdog killed instance after 38.1s (status=UNKNOWN_TIMEOUT, peak_rss=1749.9 MiB)",/data1/Kane/ACT/audit_results/r93_rerun_20260525T083118Z/overnight_cpu_round2_20260525T225241Z/relusplitter/per_instance_relusplitter_watchdog_iid68_20260525T232630429912Z.json
cpu2,69,UNKNOWN_TIMEOUT,UNKNOWN,UNKNOWN,,38.122,UNKNOWN_TIMEOUT,True,True,FAILED,1942.44921875,onnx/mnist_fc_vnncomp2022_mnist-net_256x6_RSPLITTER_mnist_fc_vnncomp2022_prop_7_0.03.onnx,vnnlib/mnist_fc_vnncomp2022_prop_7_0.03.vnnlib,[],[],[],"watchdog killed instance after 38.1s (status=UNKNOWN_TIMEOUT, peak_rss=1942.4 MiB)",/data1/Kane/ACT/audit_results/r93_rerun_20260525T083118Z/overnight_cpu_round2_20260525T225241Z/relusplitter/per_instance_relusplitter_watchdog_iid69_20260525T232708552462Z.json
cpu2,70,UNKNOWN_TIMEOUT,UNKNOWN,UNKNOWN,,38.12,UNKNOWN_TIMEOUT,True,True,FAILED,1751.2578125,onnx/mnist_fc_vnncomp2022_mnist-net_256x6.onnx,vnnlib/mnist_fc_vnncomp2022_prop_8_0.05.vnnlib,[],[],[],"watchdog killed instance after 38.1s (status=UNKNOWN_TIMEOUT, peak_rss=1751.3 MiB)",/data1/Kane/ACT/audit_results/r93_rerun_20260525T083118Z/overnight_cpu_round2_20260525T225241Z/relusplitter/per_instance_relusplitter_watchdog_iid70_20260525T232746672637Z.json
cpu2,71,UNKNOWN_TIMEOUT,UNKNOWN,UNKNOWN,,38.122,UNKNOWN_TIMEOUT,True,True,FAILED,1740.671875,onnx/mnist_fc_vnncomp2022_mnist-net_256x6_RSPLITTER_mnist_fc_vnncomp2022_prop_8_0.05.onnx,vnnlib/mnist_fc_vnncomp2022_prop_8_0.05.vnnlib,[],[],[],"watchdog killed instance after 38.1s (status=UNKNOWN_TIMEOUT, peak_rss=1740.7 MiB)",/data1/Kane/ACT/audit_results/r93_rerun_20260525T083118Z/overnight_cpu_round2_20260525T225241Z/relusplitter/per_instance_relusplitter_watchdog_iid71_20260525T232824794913Z.json
cpu2,72,UNKNOWN_TIMEOUT,UNKNOWN,UNKNOWN,,38.122,UNKNOWN_TIMEOUT,True,True,FAILED,1650.453125,onnx/mnist_fc_vnncomp2022_mnist-net_256x6.onnx,vnnlib/mnist_fc_vnncomp2022_prop_4_0.03.vnnlib,[],[],[],"watchdog killed instance after 38.1s (status=UNKNOWN_TIMEOUT, peak_rss=1650.5 MiB)",/data1/Kane/ACT/audit_results/r93_rerun_20260525T083118Z/overnight_cpu_round2_20260525T225241Z/relusplitter/per_instance_relusplitter_watchdog_iid72_20260525T232902917650Z.json
cpu2,73,UNKNOWN_TIMEOUT,UNKNOWN,UNKNOWN,,38.126,UNKNOWN_TIMEOUT,True,True,FAILED,1899.57421875,onnx/mnist_fc_vnncomp2022_mnist-net_256x6_RSPLITTER_mnist_fc_vnncomp2022_prop_4_0.03.onnx,vnnlib/mnist_fc_vnncomp2022_prop_4_0.03.vnnlib,[],[],[],"watchdog killed instance after 38.1s (status=UNKNOWN_TIMEOUT, peak_rss=1899.6 MiB)",/data1/Kane/ACT/audit_results/r93_rerun_20260525T083118Z/overnight_cpu_round2_20260525T225241Z/relusplitter/per_instance_relusplitter_watchdog_iid73_20260525T232941044115Z.json
cpu2,74,UNKNOWN_TIMEOUT,UNKNOWN,UNKNOWN,,38.125,UNKNOWN_TIMEOUT,True,True,FAILED,1708.15234375,onnx/mnist_fc_vnncomp2022_mnist-net_256x6.onnx,vnnlib/mnist_fc_vnncomp2022_prop_6_0.05.vnnlib,[],[],[],"watchdog killed instance after 38.1s (status=UNKNOWN_TIMEOUT, peak_rss=1708.2 MiB)",/data1/Kane/ACT/audit_results/r93_rerun_20260525T083118Z/overnight_cpu_round2_20260525T225241Z/relusplitter/per_instance_relusplitter_watchdog_iid74_20260525T233019170280Z.json
cpu2,75,UNKNOWN_TIMEOUT,UNKNOWN,UNKNOWN,,38.126,UNKNOWN_TIMEOUT,True,True,FAILED,1752.36328125,onnx/mnist_fc_vnncomp2022_mnist-net_256x6_RSPLITTER_mnist_fc_vnncomp2022_prop_6_0.05.onnx,vnnlib/mnist_fc_vnncomp2022_prop_6_0.05.vnnlib,[],[],[],"watchdog killed instance after 38.1s (status=UNKNOWN_TIMEOUT, peak_rss=1752.4 MiB)",/data1/Kane/ACT/audit_results/r93_rerun_20260525T083118Z/overnight_cpu_round2_20260525T225241Z/relusplitter/per_instance_relusplitter_watchdog_iid75_20260525T233057297783Z.json
cpu2,76,UNKNOWN_TIMEOUT,UNKNOWN,UNKNOWN,,38.124,UNKNOWN_TIMEOUT,True,True,FAILED,1859.7265625,onnx/mnist_fc_vnncomp2022_mnist-net_256x6.onnx,vnnlib/mnist_fc_vnncomp2022_prop_9_0.05.vnnlib,[],[],[],"watchdog killed instance after 38.1s (status=UNKNOWN_TIMEOUT, peak_rss=1859.7 MiB)",/data1/Kane/ACT/audit_results/r93_rerun_20260525T083118Z/overnight_cpu_round2_20260525T225241Z/relusplitter/per_instance_relusplitter_watchdog_iid76_20260525T233135422739Z.json
cpu2,77,UNKNOWN_TIMEOUT,UNKNOWN,UNKNOWN,,38.124,UNKNOWN_TIMEOUT,True,True,FAILED,1779.2734375,onnx/mnist_fc_vnncomp2022_mnist-net_256x6_RSPLITTER_mnist_fc_vnncomp2022_prop_9_0.05.onnx,vnnlib/mnist_fc_vnncomp2022_prop_9_0.05.vnnlib,[],[],[],"watchdog killed instance after 38.1s (status=UNKNOWN_TIMEOUT, peak_rss=1779.3 MiB)",/data1/Kane/ACT/audit_results/r93_rerun_20260525T083118Z/overnight_cpu_round2_20260525T225241Z/relusplitter/per_instance_relusplitter_watchdog_iid77_20260525T233213547707Z.json
cpu2,78,UNKNOWN_TIMEOUT,UNKNOWN,UNKNOWN,,38.127,UNKNOWN_TIMEOUT,True,True,FAILED,1686.0234375,onnx/mnist_fc_vnncomp2022_mnist-net_256x6.onnx,vnnlib/mnist_fc_vnncomp2022_prop_13_0.03.vnnlib,[],[],[],"watchdog killed instance after 38.1s (status=UNKNOWN_TIMEOUT, peak_rss=1686.0 MiB)",/data1/Kane/ACT/audit_results/r93_rerun_20260525T083118Z/overnight_cpu_round2_20260525T225241Z/relusplitter/per_instance_relusplitter_watchdog_iid78_20260525T233251675876Z.json
cpu2,79,UNKNOWN_TIMEOUT,UNKNOWN,UNKNOWN,,38.127,UNKNOWN_TIMEOUT,True,True,FAILED,1761.625,onnx/mnist_fc_vnncomp2022_mnist-net_256x6_RSPLITTER_mnist_fc_vnncomp2022_prop_13_0.03.onnx,vnnlib/mnist_fc_vnncomp2022_prop_13_0.03.vnnlib,[],[],[],"watchdog killed instance after 38.1s (status=UNKNOWN_TIMEOUT, peak_rss=1761.6 MiB)",/data1/Kane/ACT/audit_results/r93_rerun_20260525T083118Z/overnight_cpu_round2_20260525T225241Z/relusplitter/per_instance_relusplitter_watchdog_iid79_20260525T233329804323Z.json
cpu2,80,UNKNOWN_TIMEOUT,UNKNOWN,UNKNOWN,,38.128,UNKNOWN_TIMEOUT,True,True,FAILED,1738.17578125,onnx/oval21-benchmark_cifar_base_kw.onnx,vnnlib/oval21-benchmark_cifar_base_kw-img3365-eps0.0407843137254902.vnnlib,[],[],[],"watchdog killed instance after 38.1s (status=UNKNOWN_TIMEOUT, peak_rss=1738.2 MiB)",/data1/Kane/ACT/audit_results/r93_rerun_20260525T083118Z/overnight_cpu_round2_20260525T225241Z/relusplitter/per_instance_relusplitter_watchdog_iid80_20260525T233407932905Z.json
cpu2,81,UNKNOWN_TIMEOUT,UNKNOWN,UNKNOWN,,38.129,UNKNOWN_TIMEOUT,True,True,FAILED,2063.703125,onnx/oval21-benchmark_cifar_base_kw_RSPLITTER_oval21-benchmark_cifar_base_kw-img3365-eps0.0407843137254902.onnx,vnnlib/oval21-benchmark_cifar_base_kw-img3365-eps0.0407843137254902.vnnlib,[],[],[],"watchdog killed instance after 38.1s (status=UNKNOWN_TIMEOUT, peak_rss=2063.7 MiB)",/data1/Kane/ACT/audit_results/r93_rerun_20260525T083118Z/overnight_cpu_round2_20260525T225241Z/relusplitter/per_instance_relusplitter_watchdog_iid81_20260525T233446063129Z.json
cpu2,82,UNKNOWN,UNKNOWN,UNKNOWN,UNKNOWN,32.523,,False,,PASSED,,onnx/oval21-benchmark_cifar_base_kw.onnx,vnnlib/oval21-benchmark_cifar_base_kw-img2537-eps0.006666666666666667.vnnlib,"[""UNSAT"",""UNSAT"",""UNSAT"",""UNSAT"",""UNSAT"",""UNSAT"",""UNSAT"",""UNKNOWN"",""UNKNOWN""]","[""CERTIFIED"",""CERTIFIED"",""CERTIFIED"",""CERTIFIED"",""CERTIFIED"",""CERTIFIED"",""CERTIFIED"",""UNKNOWN"",""UNKNOWN""]","[null,null,null,null,null,null,null,null,null]",,/data1/Kane/ACT/audit_results/r93_rerun_20260525T083118Z/overnight_cpu_round2_20260525T225241Z/relusplitter/per_instance_relusplitter_20260525T233520556779Z.json
cpu2,83,UNKNOWN_TIMEOUT,UNKNOWN,UNKNOWN,,38.227,UNKNOWN_TIMEOUT,True,True,FAILED,3846.22265625,onnx/oval21-benchmark_cifar_base_kw_RSPLITTER_oval21-benchmark_cifar_base_kw-img2537-eps0.006666666666666667.onnx,vnnlib/oval21-benchmark_cifar_base_kw-img2537-eps0.006666666666666667.vnnlib,[],[],[],"watchdog killed instance after 38.2s (status=UNKNOWN_TIMEOUT, peak_rss=3846.2 MiB)",/data1/Kane/ACT/audit_results/r93_rerun_20260525T083118Z/overnight_cpu_round2_20260525T225241Z/relusplitter/per_instance_relusplitter_watchdog_iid83_20260525T233559313723Z.json
cpu2,84,UNKNOWN_TIMEOUT,UNKNOWN,UNKNOWN,,38.126,UNKNOWN_TIMEOUT,True,True,FAILED,2121.37109375,onnx/oval21-benchmark_cifar_base_kw.onnx,vnnlib/oval21-benchmark_cifar_base_kw-img1900-eps0.03934640522875817.vnnlib,[],[],[],"watchdog killed instance after 38.1s (status=UNKNOWN_TIMEOUT, peak_rss=2121.4 MiB)",/data1/Kane/ACT/audit_results/r93_rerun_20260525T083118Z/overnight_cpu_round2_20260525T225241Z/relusplitter/per_instance_relusplitter_watchdog_iid84_20260525T233637440993Z.json
cpu2,85,UNKNOWN_TIMEOUT,UNKNOWN,UNKNOWN,,38.127,UNKNOWN_TIMEOUT,True,True,FAILED,2591.76953125,onnx/oval21-benchmark_cifar_base_kw_RSPLITTER_oval21-benchmark_cifar_base_kw-img1900-eps0.03934640522875817.onnx,vnnlib/oval21-benchmark_cifar_base_kw-img1900-eps0.03934640522875817.vnnlib,[],[],[],"watchdog killed instance after 38.1s (status=UNKNOWN_TIMEOUT, peak_rss=2591.8 MiB)",/data1/Kane/ACT/audit_results/r93_rerun_20260525T083118Z/overnight_cpu_round2_20260525T225241Z/relusplitter/per_instance_relusplitter_watchdog_iid85_20260525T233715569638Z.json
cpu2,86,UNKNOWN,UNKNOWN,UNKNOWN,UNKNOWN,30.423,,False,,PASSED,,onnx/oval21-benchmark_cifar_base_kw.onnx,vnnlib/oval21-benchmark_cifar_base_kw-img395-eps0.003790849673202614.vnnlib,"[""UNSAT"",""UNSAT"",""UNSAT"",""UNSAT"",""UNKNOWN"",""UNSAT"",""UNSAT"",""UNSAT"",""UNKNOWN""]","[""CERTIFIED"",""CERTIFIED"",""CERTIFIED"",""CERTIFIED"",""UNKNOWN"",""CERTIFIED"",""CERTIFIED"",""CERTIFIED"",""UNKNOWN""]","[null,null,null,null,null,null,null,null,null]",,/data1/Kane/ACT/audit_results/r93_rerun_20260525T083118Z/overnight_cpu_round2_20260525T225241Z/relusplitter/per_instance_relusplitter_20260525T233747941637Z.json
cpu2,87,UNKNOWN_TIMEOUT,UNKNOWN,UNKNOWN,,38.125,UNKNOWN_TIMEOUT,True,True,FAILED,4035.73828125,onnx/oval21-benchmark_cifar_base_kw_RSPLITTER_oval21-benchmark_cifar_base_kw-img395-eps0.003790849673202614.onnx,vnnlib/oval21-benchmark_cifar_base_kw-img395-eps0.003790849673202614.vnnlib,[],[],[],"watchdog killed instance after 38.1s (status=UNKNOWN_TIMEOUT, peak_rss=4035.7 MiB)",/data1/Kane/ACT/audit_results/r93_rerun_20260525T083118Z/overnight_cpu_round2_20260525T225241Z/relusplitter/per_instance_relusplitter_watchdog_iid87_20260525T233826719407Z.json
cpu2,88,UNKNOWN,UNKNOWN,UNKNOWN,UNKNOWN,30.382,,False,,PASSED,,onnx/oval21-benchmark_cifar_base_kw.onnx,vnnlib/oval21-benchmark_cifar_base_kw-img6098-eps0.006666666666666666.vnnlib,"[""UNSAT"",""UNSAT"",""UNSAT"",""UNSAT"",""UNKNOWN""]","[""CERTIFIED"",""CERTIFIED"",""CERTIFIED"",""CERTIFIED"",""UNKNOWN""]","[null,null,null,null,null]",,/data1/Kane/ACT/audit_results/r93_rerun_20260525T083118Z/overnight_cpu_round2_20260525T225241Z/relusplitter/per_instance_relusplitter_20260525T233859074538Z.json
cpu2,89,UNKNOWN_TIMEOUT,UNKNOWN,UNKNOWN,,38.222,UNKNOWN_TIMEOUT,True,True,FAILED,3658.7890625,onnx/oval21-benchmark_cifar_base_kw_RSPLITTER_oval21-benchmark_cifar_base_kw-img6098-eps0.006666666666666666.onnx,vnnlib/oval21-benchmark_cifar_base_kw-img6098-eps0.006666666666666666.vnnlib,[],[],[],"watchdog killed instance after 38.2s (status=UNKNOWN_TIMEOUT, peak_rss=3658.8 MiB)",/data1/Kane/ACT/audit_results/r93_rerun_20260525T083118Z/overnight_cpu_round2_20260525T225241Z/relusplitter/per_instance_relusplitter_watchdog_iid89_20260525T233937959892Z.json
cpu2,90,UNKNOWN_TIMEOUT,UNKNOWN,UNKNOWN,,38.122,UNKNOWN_TIMEOUT,True,True,FAILED,1815.19921875,onnx/oval21-benchmark_cifar_base_kw.onnx,vnnlib/oval21-benchmark_cifar_base_kw-img2153-eps0.04196078431372549.vnnlib,[],[],[],"watchdog killed instance after 38.1s (status=UNKNOWN_TIMEOUT, peak_rss=1815.2 MiB)",/data1/Kane/ACT/audit_results/r93_rerun_20260525T083118Z/overnight_cpu_round2_20260525T225241Z/relusplitter/per_instance_relusplitter_watchdog_iid90_20260525T234016083069Z.json
cpu2,91,UNKNOWN_TIMEOUT,UNKNOWN,UNKNOWN,,38.224,UNKNOWN_TIMEOUT,True,True,FAILED,2306.0625,onnx/oval21-benchmark_cifar_base_kw_RSPLITTER_oval21-benchmark_cifar_base_kw-img2153-eps0.04196078431372549.onnx,vnnlib/oval21-benchmark_cifar_base_kw-img2153-eps0.04196078431372549.vnnlib,[],[],[],"watchdog killed instance after 38.2s (status=UNKNOWN_TIMEOUT, peak_rss=2306.1 MiB)",/data1/Kane/ACT/audit_results/r93_rerun_20260525T083118Z/overnight_cpu_round2_20260525T225241Z/relusplitter/per_instance_relusplitter_watchdog_iid91_20260525T234054307638Z.json
cpu2,92,UNKNOWN_TIMEOUT,UNKNOWN,UNKNOWN,,38.122,UNKNOWN_TIMEOUT,True,True,FAILED,1681.3125,onnx/oval21-benchmark_cifar_base_kw.onnx,vnnlib/oval21-benchmark_cifar_base_kw-img1204-eps0.024967320261437907.vnnlib,[],[],[],"watchdog killed instance after 38.1s (status=UNKNOWN_TIMEOUT, peak_rss=1681.3 MiB)",/data1/Kane/ACT/audit_results/r93_rerun_20260525T083118Z/overnight_cpu_round2_20260525T225241Z/relusplitter/per_instance_relusplitter_watchdog_iid92_20260525T234132430047Z.json
cpu2,93,UNKNOWN_TIMEOUT,UNKNOWN,UNKNOWN,,38.324,UNKNOWN_TIMEOUT,True,True,FAILED,2344.66015625,onnx/oval21-benchmark_cifar_base_kw_RSPLITTER_oval21-benchmark_cifar_base_kw-img1204-eps0.024967320261437907.onnx,vnnlib/oval21-benchmark_cifar_base_kw-img1204-eps0.024967320261437907.vnnlib,[],[],[],"watchdog killed instance after 38.3s (status=UNKNOWN_TIMEOUT, peak_rss=2344.7 MiB)",/data1/Kane/ACT/audit_results/r93_rerun_20260525T083118Z/overnight_cpu_round2_20260525T225241Z/relusplitter/per_instance_relusplitter_watchdog_iid93_20260525T234210754713Z.json
cpu2,94,UNKNOWN_TIMEOUT,UNKNOWN,UNKNOWN,,38.226,UNKNOWN_TIMEOUT,True,True,FAILED,2362.6953125,onnx/oval21-benchmark_cifar_base_kw.onnx,vnnlib/oval21-benchmark_cifar_base_kw-img2341-eps0.049150326797385624.vnnlib,[],[],[],"watchdog killed instance after 38.2s (status=UNKNOWN_TIMEOUT, peak_rss=2362.7 MiB)",/data1/Kane/ACT/audit_results/r93_rerun_20260525T083118Z/overnight_cpu_round2_20260525T225241Z/relusplitter/per_instance_relusplitter_watchdog_iid94_20260525T234248981415Z.json
cpu2,95,UNKNOWN_TIMEOUT,UNKNOWN,UNKNOWN,,38.221,UNKNOWN_TIMEOUT,True,True,FAILED,2723.3203125,onnx/oval21-benchmark_cifar_base_kw_RSPLITTER_oval21-benchmark_cifar_base_kw-img2341-eps0.049150326797385624.onnx,vnnlib/oval21-benchmark_cifar_base_kw-img2341-eps0.049150326797385624.vnnlib,[],[],[],"watchdog killed instance after 38.2s (status=UNKNOWN_TIMEOUT, peak_rss=2723.3 MiB)",/data1/Kane/ACT/audit_results/r93_rerun_20260525T083118Z/overnight_cpu_round2_20260525T225241Z/relusplitter/per_instance_relusplitter_watchdog_iid95_20260525T234327202943Z.json
cpu2,96,UNKNOWN,UNKNOWN,UNKNOWN,UNKNOWN,30.314,,False,,PASSED,,onnx/oval21-benchmark_cifar_base_kw.onnx,vnnlib/oval21-benchmark_cifar_base_kw-img8258-eps0.005620915032679739.vnnlib,"[""UNSAT"",""UNSAT"",""UNSAT"",""UNSAT"",""UNSAT"",""UNSAT"",""UNKNOWN""]","[""CERTIFIED"",""CERTIFIED"",""CERTIFIED"",""CERTIFIED"",""CERTIFIED"",""CERTIFIED"",""UNKNOWN""]","[null,null,null,null,null,null,null]",,/data1/Kane/ACT/audit_results/r93_rerun_20260525T083118Z/overnight_cpu_round2_20260525T225241Z/relusplitter/per_instance_relusplitter_20260525T234359482378Z.json
cpu2,97,UNKNOWN_TIMEOUT,UNKNOWN,UNKNOWN,,38.123,UNKNOWN_TIMEOUT,True,True,FAILED,4186.42578125,onnx/oval21-benchmark_cifar_base_kw_RSPLITTER_oval21-benchmark_cifar_base_kw-img8258-eps0.005620915032679739.onnx,vnnlib/oval21-benchmark_cifar_base_kw-img8258-eps0.005620915032679739.vnnlib,[],[],[],"watchdog killed instance after 38.1s (status=UNKNOWN_TIMEOUT, peak_rss=4186.4 MiB)",/data1/Kane/ACT/audit_results/r93_rerun_20260525T083118Z/overnight_cpu_round2_20260525T225241Z/relusplitter/per_instance_relusplitter_watchdog_iid97_20260525T234438344572Z.json
cpu2,98,UNKNOWN,UNKNOWN,UNKNOWN,UNKNOWN,32.835,,False,,PASSED,,onnx/oval21-benchmark_cifar_base_kw.onnx,vnnlib/oval21-benchmark_cifar_base_kw-img4386-eps0.011111111111111112.vnnlib,"[""UNSAT"",""UNSAT"",""UNSAT"",""UNKNOWN""]","[""CERTIFIED"",""CERTIFIED"",""CERTIFIED"",""UNKNOWN""]","[null,null,null,null]",,/data1/Kane/ACT/audit_results/r93_rerun_20260525T083118Z/overnight_cpu_round2_20260525T225241Z/relusplitter/per_instance_relusplitter_20260525T234513134742Z.json
cpu2,99,UNKNOWN_TIMEOUT,UNKNOWN,UNKNOWN,,38.221,UNKNOWN_TIMEOUT,True,True,FAILED,3195.3515625,onnx/oval21-benchmark_cifar_base_kw_RSPLITTER_oval21-benchmark_cifar_base_kw-img4386-eps0.011111111111111112.onnx,vnnlib/oval21-benchmark_cifar_base_kw-img4386-eps0.011111111111111112.vnnlib,[],[],[],"watchdog killed instance after 38.2s (status=UNKNOWN_TIMEOUT, peak_rss=3195.4 MiB)",/data1/Kane/ACT/audit_results/r93_rerun_20260525T083118Z/overnight_cpu_round2_20260525T225241Z/relusplitter/per_instance_relusplitter_watchdog_iid99_20260525T234552083295Z.json
gpu_full,0,UNKNOWN,UNKNOWN,UNKNOWN,UNKNOWN,19.38,,False,,PASSED,,onnx/mnist_fc_vnncomp2022_mnist-net_256x4.onnx,vnnlib/mnist_fc_vnncomp2022_prop_5_0.05.vnnlib,"[""UNKNOWN""]","[""UNKNOWN""]",[null],,/data1/Kane/ACT/audit_results/r93_rerun_20260525T083118Z/gpu_stream2_20260526T132419Z/relusplitter/per_instance_relusplitter_20260526T153654764203Z.json
gpu_full,1,UNKNOWN,UNKNOWN,UNKNOWN,UNKNOWN,11.233,,False,,PASSED,,onnx/mnist_fc_vnncomp2022_mnist-net_256x4_RSPLITTER_mnist_fc_vnncomp2022_prop_5_0.05.onnx,vnnlib/mnist_fc_vnncomp2022_prop_5_0.05.vnnlib,"[""UNKNOWN""]","[""UNKNOWN""]",[null],,/data1/Kane/ACT/audit_results/r93_rerun_20260525T083118Z/gpu_stream2_20260526T132419Z/relusplitter/per_instance_relusplitter_20260526T153709108393Z.json
gpu_full,10,UNKNOWN,UNKNOWN,UNKNOWN,UNKNOWN,14.322,,False,,PASSED,,onnx/mnist_fc_vnncomp2022_mnist-net_256x4.onnx,vnnlib/mnist_fc_vnncomp2022_prop_0_0.05.vnnlib,"[""UNKNOWN""]","[""UNKNOWN""]",[null],,/data1/Kane/ACT/audit_results/r93_rerun_20260525T083118Z/gpu_stream2_20260526T132419Z/relusplitter/per_instance_relusplitter_20260526T153858270392Z.json
gpu_full,100,UNKNOWN_TIMEOUT,UNKNOWN,UNKNOWN,,75.339,UNKNOWN_TIMEOUT,True,True,FAILED,5863.3828125,onnx/oval21-benchmark_cifar_deep_kw.onnx,vnnlib/oval21-benchmark_cifar_deep_kw-img3039-eps0.035686274509803925.vnnlib,[],[],[],"watchdog killed instance after 75.3s (status=UNKNOWN_TIMEOUT, peak_rss=5863.4 MiB)",/data1/Kane/ACT/audit_results/r93_rerun_20260525T083118Z/gpu_stream2_20260526T132419Z/relusplitter/per_instance_relusplitter_watchdog_iid100_20260526T163521029247Z.json
gpu_full,101,UNKNOWN_TIMEOUT,UNKNOWN,UNKNOWN,,75.342,UNKNOWN_TIMEOUT,True,True,FAILED,8665.17578125,onnx/oval21-benchmark_cifar_deep_kw_RSPLITTER_oval21-benchmark_cifar_deep_kw-img3039-eps0.035686274509803925.onnx,vnnlib/oval21-benchmark_cifar_deep_kw-img3039-eps0.035686274509803925.vnnlib,[],[],[],"watchdog killed instance after 75.3s (status=UNKNOWN_TIMEOUT, peak_rss=8665.2 MiB)",/data1/Kane/ACT/audit_results/r93_rerun_20260525T083118Z/gpu_stream2_20260526T132419Z/relusplitter/per_instance_relusplitter_watchdog_iid101_20260526T163636372404Z.json
gpu_full,102,UNKNOWN,UNKNOWN,UNKNOWN,UNKNOWN,67.127,,False,,PASSED,,onnx/oval21-benchmark_cifar_deep_kw.onnx,vnnlib/oval21-benchmark_cifar_deep_kw-img6995-eps0.00954248366013072.vnnlib,"[""UNSAT"",""UNSAT"",""UNSAT"",""UNSAT"",""UNKNOWN""]","[""CERTIFIED"",""CERTIFIED"",""CERTIFIED"",""CERTIFIED"",""UNKNOWN""]","[null,null,null,null,null]",,/data1/Kane/ACT/audit_results/r93_rerun_20260525T083118Z/gpu_stream2_20260526T132419Z/relusplitter/per_instance_relusplitter_20260526T163745656313Z.json
gpu_full,103,UNKNOWN,UNKNOWN,UNKNOWN,UNKNOWN,61.522,,False,,PASSED,,onnx/oval21-benchmark_cifar_deep_kw_RSPLITTER_oval21-benchmark_cifar_deep_kw-img6995-eps0.00954248366013072.onnx,vnnlib/oval21-benchmark_cifar_deep_kw-img6995-eps0.00954248366013072.vnnlib,"[""UNSAT"",""UNSAT"",""UNKNOWN""]","[""CERTIFIED"",""CERTIFIED"",""UNKNOWN""]","[null,null,null]",,/data1/Kane/ACT/audit_results/r93_rerun_20260525T083118Z/gpu_stream2_20260526T132419Z/relusplitter/per_instance_relusplitter_20260526T163850582494Z.json
gpu_full,104,UNKNOWN_TIMEOUT,UNKNOWN,UNKNOWN,,75.239,UNKNOWN_TIMEOUT,True,True,FAILED,8849.25390625,onnx/oval21-benchmark_cifar_deep_kw.onnx,vnnlib/oval21-benchmark_cifar_deep_kw-img7358-eps0.03869281045751634.vnnlib,[],[],[],"watchdog killed instance after 75.2s (status=UNKNOWN_TIMEOUT, peak_rss=8849.3 MiB)",/data1/Kane/ACT/audit_results/r93_rerun_20260525T083118Z/gpu_stream2_20260526T132419Z/relusplitter/per_instance_relusplitter_watchdog_iid104_20260526T164006684778Z.json
gpu_full,105,UNKNOWN_TIMEOUT,UNKNOWN,UNKNOWN,,75.34,UNKNOWN_TIMEOUT,True,True,FAILED,4357.5703125,onnx/oval21-benchmark_cifar_deep_kw_RSPLITTER_oval21-benchmark_cifar_deep_kw-img7358-eps0.03869281045751634.onnx,vnnlib/oval21-benchmark_cifar_deep_kw-img7358-eps0.03869281045751634.vnnlib,[],[],[],"watchdog killed instance after 75.3s (status=UNKNOWN_TIMEOUT, peak_rss=4357.6 MiB)",/data1/Kane/ACT/audit_results/r93_rerun_20260525T083118Z/gpu_stream2_20260526T132419Z/relusplitter/per_instance_relusplitter_watchdog_iid105_20260526T164122025855Z.json
gpu_full,106,UNKNOWN_TIMEOUT,UNKNOWN,UNKNOWN,,75.44,UNKNOWN_TIMEOUT,True,True,FAILED,6518.59375,onnx/oval21-benchmark_cifar_deep_kw.onnx,vnnlib/oval21-benchmark_cifar_deep_kw-img4387-eps0.04705882352941177.vnnlib,[],[],[],"watchdog killed instance after 75.4s (status=UNKNOWN_TIMEOUT, peak_rss=6518.6 MiB)",/data1/Kane/ACT/audit_results/r93_rerun_20260525T083118Z/gpu_stream2_20260526T132419Z/relusplitter/per_instance_relusplitter_watchdog_iid106_20260526T164237466904Z.json
gpu_full,107,UNKNOWN_TIMEOUT,UNKNOWN,UNKNOWN,,75.24,UNKNOWN_TIMEOUT,True,True,FAILED,4992.34375,onnx/oval21-benchmark_cifar_deep_kw_RSPLITTER_oval21-benchmark_cifar_deep_kw-img4387-eps0.04705882352941177.onnx,vnnlib/oval21-benchmark_cifar_deep_kw-img4387-eps0.04705882352941177.vnnlib,[],[],[],"watchdog killed instance after 75.2s (status=UNKNOWN_TIMEOUT, peak_rss=4992.3 MiB)",/data1/Kane/ACT/audit_results/r93_rerun_20260525T083118Z/gpu_stream2_20260526T132419Z/relusplitter/per_instance_relusplitter_watchdog_iid107_20260526T164352707929Z.json
gpu_full,108,UNKNOWN,UNKNOWN,UNKNOWN,UNKNOWN,67.004,,False,,PASSED,,onnx/oval21-benchmark_cifar_deep_kw.onnx,vnnlib/oval21-benchmark_cifar_deep_kw-img2920-eps0.014248366013071896.vnnlib,"[""UNSAT"",""UNSAT"",""UNSAT"",""UNSAT"",""UNKNOWN""]","[""CERTIFIED"",""CERTIFIED"",""CERTIFIED"",""CERTIFIED"",""UNKNOWN""]","[null,null,null,null,null]",,/data1/Kane/ACT/audit_results/r93_rerun_20260525T083118Z/gpu_stream2_20260526T132419Z/relusplitter/per_instance_relusplitter_20260526T164501907912Z.json
gpu_full,109,UNKNOWN,UNKNOWN,UNKNOWN,UNKNOWN,68.67,,False,,PASSED,,onnx/oval21-benchmark_cifar_deep_kw_RSPLITTER_oval21-benchmark_cifar_deep_kw-img2920-eps0.014248366013071896.onnx,vnnlib/oval21-benchmark_cifar_deep_kw-img2920-eps0.014248366013071896.vnnlib,"[""UNSAT"",""UNKNOWN""]","[""CERTIFIED"",""UNKNOWN""]","[null,null]",,/data1/Kane/ACT/audit_results/r93_rerun_20260525T083118Z/gpu_stream2_20260526T132419Z/relusplitter/per_instance_relusplitter_20260526T164613592393Z.json
gpu_full,11,UNKNOWN,UNKNOWN,UNKNOWN,UNKNOWN,7.305,,False,,PASSED,,onnx/mnist_fc_vnncomp2022_mnist-net_256x4_RSPLITTER_mnist_fc_vnncomp2022_prop_0_0.05.onnx,vnnlib/mnist_fc_vnncomp2022_prop_0_0.05.vnnlib,"[""UNKNOWN""]","[""UNKNOWN""]",[null],,/data1/Kane/ACT/audit_results/r93_rerun_20260525T083118Z/gpu_stream2_20260526T132419Z/relusplitter/per_instance_relusplitter_20260526T153908749390Z.json
gpu_full,110,UNKNOWN_TIMEOUT,UNKNOWN,UNKNOWN,,75.245,UNKNOWN_TIMEOUT,True,True,FAILED,4785.63671875,onnx/oval21-benchmark_cifar_deep_kw.onnx,vnnlib/oval21-benchmark_cifar_deep_kw-img4740-eps0.01647058823529412.vnnlib,[],[],[],"watchdog killed instance after 75.2s (status=UNKNOWN_TIMEOUT, peak_rss=4785.6 MiB)",/data1/Kane/ACT/audit_results/r93_rerun_20260525T083118Z/gpu_stream2_20260526T132419Z/relusplitter/per_instance_relusplitter_watchdog_iid110_20260526T164730036134Z.json
gpu_full,111,UNKNOWN,UNKNOWN,UNKNOWN,UNKNOWN,64.756,,False,,PASSED,,onnx/oval21-benchmark_cifar_deep_kw_RSPLITTER_oval21-benchmark_cifar_deep_kw-img4740-eps0.01647058823529412.onnx,vnnlib/oval21-benchmark_cifar_deep_kw-img4740-eps0.01647058823529412.vnnlib,"[""UNSAT"",""UNKNOWN""]","[""CERTIFIED"",""UNKNOWN""]","[null,null]",,/data1/Kane/ACT/audit_results/r93_rerun_20260525T083118Z/gpu_stream2_20260526T132419Z/relusplitter/per_instance_relusplitter_20260526T164836892029Z.json
gpu_full,112,UNKNOWN_TIMEOUT,UNKNOWN,UNKNOWN,,75.438,UNKNOWN_TIMEOUT,True,True,FAILED,6713.9375,onnx/oval21-benchmark_cifar_deep_kw.onnx,vnnlib/oval21-benchmark_cifar_deep_kw-img917-eps0.04235294117647059.vnnlib,[],[],[],"watchdog killed instance after 75.4s (status=UNKNOWN_TIMEOUT, peak_rss=6713.9 MiB)",/data1/Kane/ACT/audit_results/r93_rerun_20260525T083118Z/gpu_stream2_20260526T132419Z/relusplitter/per_instance_relusplitter_watchdog_iid112_20260526T164953515904Z.json
gpu_full,113,UNKNOWN_TIMEOUT,UNKNOWN,UNKNOWN,,75.246,UNKNOWN_TIMEOUT,True,True,FAILED,5458.75,onnx/oval21-benchmark_cifar_deep_kw_RSPLITTER_oval21-benchmark_cifar_deep_kw-img917-eps0.04235294117647059.onnx,vnnlib/oval21-benchmark_cifar_deep_kw-img917-eps0.04235294117647059.vnnlib,[],[],[],"watchdog killed instance after 75.2s (status=UNKNOWN_TIMEOUT, peak_rss=5458.8 MiB)",/data1/Kane/ACT/audit_results/r93_rerun_20260525T083118Z/gpu_stream2_20260526T132419Z/relusplitter/per_instance_relusplitter_watchdog_iid113_20260526T165108762713Z.json
gpu_full,114,UNKNOWN_TIMEOUT,UNKNOWN,UNKNOWN,,75.442,UNKNOWN_TIMEOUT,True,True,FAILED,6717.73828125,onnx/oval21-benchmark_cifar_deep_kw.onnx,vnnlib/oval21-benchmark_cifar_deep_kw-img5988-eps0.037516339869281046.vnnlib,[],[],[],"watchdog killed instance after 75.4s (status=UNKNOWN_TIMEOUT, peak_rss=6717.7 MiB)",/data1/Kane/ACT/audit_results/r93_rerun_20260525T083118Z/gpu_stream2_20260526T132419Z/relusplitter/per_instance_relusplitter_watchdog_iid114_20260526T165224205864Z.json
gpu_full,115,UNKNOWN_TIMEOUT,UNKNOWN,UNKNOWN,,75.237,UNKNOWN_TIMEOUT,True,True,FAILED,5755.37109375,onnx/oval21-benchmark_cifar_deep_kw_RSPLITTER_oval21-benchmark_cifar_deep_kw-img5988-eps0.037516339869281046.onnx,vnnlib/oval21-benchmark_cifar_deep_kw-img5988-eps0.037516339869281046.vnnlib,[],[],[],"watchdog killed instance after 75.2s (status=UNKNOWN_TIMEOUT, peak_rss=5755.4 MiB)",/data1/Kane/ACT/audit_results/r93_rerun_20260525T083118Z/gpu_stream2_20260526T132419Z/relusplitter/per_instance_relusplitter_watchdog_iid115_20260526T165339443502Z.json
gpu_full,116,UNKNOWN,UNKNOWN,UNKNOWN,UNKNOWN,66.286,,False,,PASSED,,onnx/oval21-benchmark_cifar_deep_kw.onnx,vnnlib/oval21-benchmark_cifar_deep_kw-img6254-eps0.013594771241830067.vnnlib,"[""UNSAT"",""UNSAT"",""UNKNOWN"",""UNKNOWN""]","[""CERTIFIED"",""CERTIFIED"",""UNKNOWN"",""UNKNOWN""]","[null,null,null,null]",,/data1/Kane/ACT/audit_results/r93_rerun_20260525T083118Z/gpu_stream2_20260526T132419Z/relusplitter/per_instance_relusplitter_20260526T165447843115Z.json
gpu_full,117,UNKNOWN_TIMEOUT,UNKNOWN,UNKNOWN,,75.243,UNKNOWN_TIMEOUT,True,True,FAILED,6021.71484375,onnx/oval21-benchmark_cifar_deep_kw_RSPLITTER_oval21-benchmark_cifar_deep_kw-img6254-eps0.013594771241830067.onnx,vnnlib/oval21-benchmark_cifar_deep_kw-img6254-eps0.013594771241830067.vnnlib,[],[],[],"watchdog killed instance after 75.2s (status=UNKNOWN_TIMEOUT, peak_rss=6021.7 MiB)",/data1/Kane/ACT/audit_results/r93_rerun_20260525T083118Z/gpu_stream2_20260526T132419Z/relusplitter/per_instance_relusplitter_watchdog_iid117_20260526T165604227303Z.json
gpu_full,118,UNKNOWN_TIMEOUT,UNKNOWN,UNKNOWN,,75.447,UNKNOWN_TIMEOUT,True,True,FAILED,6661.73046875,onnx/oval21-benchmark_cifar_deep_kw.onnx,vnnlib/oval21-benchmark_cifar_deep_kw-img3782-eps0.053202614379084974.vnnlib,[],[],[],"watchdog killed instance after 75.4s (status=UNKNOWN_TIMEOUT, peak_rss=6661.7 MiB)",/data1/Kane/ACT/audit_results/r93_rerun_20260525T083118Z/gpu_stream2_20260526T132419Z/relusplitter/per_instance_relusplitter_watchdog_iid118_20260526T165719675169Z.json
gpu_full,119,UNKNOWN_TIMEOUT,UNKNOWN,UNKNOWN,,75.444,UNKNOWN_TIMEOUT,True,True,FAILED,5989.0078125,onnx/oval21-benchmark_cifar_deep_kw_RSPLITTER_oval21-benchmark_cifar_deep_kw-img3782-eps0.053202614379084974.onnx,vnnlib/oval21-benchmark_cifar_deep_kw-img3782-eps0.053202614379084974.vnnlib,[],[],[],"watchdog killed instance after 75.4s (status=UNKNOWN_TIMEOUT, peak_rss=5989.0 MiB)",/data1/Kane/ACT/audit_results/r93_rerun_20260525T083118Z/gpu_stream2_20260526T132419Z/relusplitter/per_instance_relusplitter_watchdog_iid119_20260526T165835120295Z.json
gpu_full,12,CERTIFIED,UNSAT,CERTIFIED,CERTIFIED,0.896,,False,,PASSED,,onnx/mnist_fc_vnncomp2022_mnist-net_256x4.onnx,vnnlib/mnist_fc_vnncomp2022_prop_12_0.03.vnnlib,"[""UNSAT""]","[""CERTIFIED""]",[null],,/data1/Kane/ACT/audit_results/r93_rerun_20260525T083118Z/gpu_stream2_20260526T132419Z/relusplitter/per_instance_relusplitter_20260526T153912891963Z.json
gpu_full,120,UNKNOWN_TIMEOUT,UNKNOWN,UNKNOWN,,75.343,UNKNOWN_TIMEOUT,True,True,FAILED,3635.59375,onnx/oval21-benchmark_cifar_wide_kw.onnx,vnnlib/oval21-benchmark_cifar_wide_kw-img4351-eps0.03633986928104575.vnnlib,[],[],[],"watchdog killed instance after 75.3s (status=UNKNOWN_TIMEOUT, peak_rss=3635.6 MiB)",/data1/Kane/ACT/audit_results/r93_rerun_20260525T083118Z/gpu_stream2_20260526T132419Z/relusplitter/per_instance_relusplitter_watchdog_iid120_20260526T165950464220Z.json
gpu_full,121,UNKNOWN_TIMEOUT,UNKNOWN,UNKNOWN,,75.346,UNKNOWN_TIMEOUT,True,True,FAILED,3494.68359375,onnx/oval21-benchmark_cifar_wide_kw_RSPLITTER_oval21-benchmark_cifar_wide_kw-img4351-eps0.03633986928104575.onnx,vnnlib/oval21-benchmark_cifar_wide_kw-img4351-eps0.03633986928104575.vnnlib,[],[],[],"watchdog killed instance after 75.3s (status=UNKNOWN_TIMEOUT, peak_rss=3494.7 MiB)",/data1/Kane/ACT/audit_results/r93_rerun_20260525T083118Z/gpu_stream2_20260526T132419Z/relusplitter/per_instance_relusplitter_watchdog_iid121_20260526T170105811060Z.json
gpu_full,122,UNKNOWN_TIMEOUT,UNKNOWN,UNKNOWN,,75.344,UNKNOWN_TIMEOUT,True,True,FAILED,4352.52734375,onnx/oval21-benchmark_cifar_wide_kw.onnx,vnnlib/oval21-benchmark_cifar_wide_kw-img7814-eps0.01738562091503268.vnnlib,[],[],[],"watchdog killed instance after 75.3s (status=UNKNOWN_TIMEOUT, peak_rss=4352.5 MiB)",/data1/Kane/ACT/audit_results/r93_rerun_20260525T083118Z/gpu_stream2_20260526T132419Z/relusplitter/per_instance_relusplitter_watchdog_iid122_20260526T170221250879Z.json
gpu_full,123,UNKNOWN,UNKNOWN,UNKNOWN,UNKNOWN,71.686,,False,,PASSED,,onnx/oval21-benchmark_cifar_wide_kw_RSPLITTER_oval21-benchmark_cifar_wide_kw-img7814-eps0.01738562091503268.onnx,vnnlib/oval21-benchmark_cifar_wide_kw-img7814-eps0.01738562091503268.vnnlib,"[""UNKNOWN"",""UNKNOWN"",""UNKNOWN""]","[""UNKNOWN"",""UNKNOWN"",""UNKNOWN""]","[null,null,null]",,/data1/Kane/ACT/audit_results/r93_rerun_20260525T083118Z/gpu_stream2_20260526T132419Z/relusplitter/per_instance_relusplitter_20260526T170334998298Z.json
gpu_full,124,UNKNOWN,UNKNOWN,UNKNOWN,UNKNOWN,67.159,,False,,PASSED,,onnx/oval21-benchmark_cifar_wide_kw.onnx,vnnlib/oval21-benchmark_cifar_wide_kw-img2440-eps0.010588235294117648.vnnlib,"[""UNKNOWN"",""UNKNOWN"",""UNSAT"",""UNSAT"",""UNSAT"",""UNSAT"",""UNSAT"",""UNKNOWN"",""UNKNOWN""]","[""UNKNOWN"",""UNKNOWN"",""CERTIFIED"",""CERTIFIED"",""CERTIFIED"",""CERTIFIED"",""CERTIFIED"",""UNKNOWN"",""UNKNOWN""]","[null,null,null,null,null,null,null,null,null]",,/data1/Kane/ACT/audit_results/r93_rerun_20260525T083118Z/gpu_stream2_20260526T132419Z/relusplitter/per_instance_relusplitter_20260526T170445035407Z.json
gpu_full,125,UNKNOWN,UNKNOWN,UNKNOWN,UNKNOWN,61.903,,False,,PASSED,,onnx/oval21-benchmark_cifar_wide_kw_RSPLITTER_oval21-benchmark_cifar_wide_kw-img2440-eps0.010588235294117648.onnx,vnnlib/oval21-benchmark_cifar_wide_kw-img2440-eps0.010588235294117648.vnnlib,"[""UNKNOWN"",""UNKNOWN"",""UNSAT"",""UNSAT"",""UNSAT"",""UNSAT"",""UNKNOWN""]","[""UNKNOWN"",""UNKNOWN"",""CERTIFIED"",""CERTIFIED"",""CERTIFIED"",""CERTIFIED"",""UNKNOWN""]","[null,null,null,null,null,null,null]",,/data1/Kane/ACT/audit_results/r93_rerun_20260525T083118Z/gpu_stream2_20260526T132419Z/relusplitter/per_instance_relusplitter_20260526T170550282611Z.json
gpu_full,126,UNKNOWN_TIMEOUT,UNKNOWN,UNKNOWN,,75.346,UNKNOWN_TIMEOUT,True,True,FAILED,4072.796875,onnx/oval21-benchmark_cifar_wide_kw.onnx,vnnlib/oval21-benchmark_cifar_wide_kw-img6947-eps0.019084967320261437.vnnlib,[],[],[],"watchdog killed instance after 75.3s (status=UNKNOWN_TIMEOUT, peak_rss=4072.8 MiB)",/data1/Kane/ACT/audit_results/r93_rerun_20260525T083118Z/gpu_stream2_20260526T132419Z/relusplitter/per_instance_relusplitter_watchdog_iid126_20260526T170706725825Z.json
gpu_full,127,UNKNOWN_TIMEOUT,UNKNOWN,UNKNOWN,,75.342,UNKNOWN_TIMEOUT,True,True,FAILED,4846.37109375,onnx/oval21-benchmark_cifar_wide_kw_RSPLITTER_oval21-benchmark_cifar_wide_kw-img6947-eps0.019084967320261437.onnx,vnnlib/oval21-benchmark_cifar_wide_kw-img6947-eps0.019084967320261437.vnnlib,[],[],[],"watchdog killed instance after 75.3s (status=UNKNOWN_TIMEOUT, peak_rss=4846.4 MiB)",/data1/Kane/ACT/audit_results/r93_rerun_20260525T083118Z/gpu_stream2_20260526T132419Z/relusplitter/per_instance_relusplitter_watchdog_iid127_20260526T170822069063Z.json
gpu_full,128,UNKNOWN,UNKNOWN,UNKNOWN,UNKNOWN,63.288,,False,,PASSED,,onnx/oval21-benchmark_cifar_wide_kw.onnx,vnnlib/oval21-benchmark_cifar_wide_kw-img4760-eps0.0134640522875817.vnnlib,"[""UNSAT"",""UNSAT"",""UNKNOWN"",""UNSAT"",""UNKNOWN""]","[""CERTIFIED"",""CERTIFIED"",""UNKNOWN"",""CERTIFIED"",""UNKNOWN""]","[null,null,null,null,null]",,/data1/Kane/ACT/audit_results/r93_rerun_20260525T083118Z/gpu_stream2_20260526T132419Z/relusplitter/per_instance_relusplitter_20260526T170927420411Z.json
gpu_full,129,UNKNOWN_TIMEOUT,UNKNOWN,UNKNOWN,,75.346,UNKNOWN_TIMEOUT,True,True,FAILED,4301.359375,onnx/oval21-benchmark_cifar_wide_kw_RSPLITTER_oval21-benchmark_cifar_wide_kw-img4760-eps0.0134640522875817.onnx,vnnlib/oval21-benchmark_cifar_wide_kw-img4760-eps0.0134640522875817.vnnlib,[],[],[],"watchdog killed instance after 75.3s (status=UNKNOWN_TIMEOUT, peak_rss=4301.4 MiB)",/data1/Kane/ACT/audit_results/r93_rerun_20260525T083118Z/gpu_stream2_20260526T132419Z/relusplitter/per_instance_relusplitter_watchdog_iid129_20260526T171043957085Z.json
gpu_full,13,UNKNOWN,UNKNOWN,UNKNOWN,UNKNOWN,6.645,,False,,PASSED,,onnx/mnist_fc_vnncomp2022_mnist-net_256x4_RSPLITTER_mnist_fc_vnncomp2022_prop_12_0.03.onnx,vnnlib/mnist_fc_vnncomp2022_prop_12_0.03.vnnlib,"[""UNKNOWN""]","[""UNKNOWN""]",[null],,/data1/Kane/ACT/audit_results/r93_rerun_20260525T083118Z/gpu_stream2_20260526T132419Z/relusplitter/per_instance_relusplitter_20260526T153922591220Z.json
gpu_full,130,UNKNOWN,UNKNOWN,UNKNOWN,UNKNOWN,72.077,,False,,PASSED,,onnx/oval21-benchmark_cifar_wide_kw.onnx,vnnlib/oval21-benchmark_cifar_wide_kw-img4409-eps0.021307189542483663.vnnlib,"[""UNKNOWN"",""UNKNOWN"",""UNKNOWN""]","[""UNKNOWN"",""UNKNOWN"",""UNKNOWN""]","[null,null,null]",,/data1/Kane/ACT/audit_results/r93_rerun_20260525T083118Z/gpu_stream2_20260526T132419Z/relusplitter/per_instance_relusplitter_20260526T171158158037Z.json
gpu_full,131,UNKNOWN_TIMEOUT,UNKNOWN,UNKNOWN,,75.247,UNKNOWN_TIMEOUT,True,True,FAILED,5158.2265625,onnx/oval21-benchmark_cifar_wide_kw_RSPLITTER_oval21-benchmark_cifar_wide_kw-img4409-eps0.021307189542483663.onnx,vnnlib/oval21-benchmark_cifar_wide_kw-img4409-eps0.021307189542483663.vnnlib,[],[],[],"watchdog killed instance after 75.2s (status=UNKNOWN_TIMEOUT, peak_rss=5158.2 MiB)",/data1/Kane/ACT/audit_results/r93_rerun_20260525T083118Z/gpu_stream2_20260526T132419Z/relusplitter/per_instance_relusplitter_watchdog_iid131_20260526T171314250800Z.json
gpu_full,132,UNKNOWN,UNKNOWN,UNKNOWN,UNKNOWN,39.764,,False,,PASSED,,onnx/oval21-benchmark_cifar_wide_kw.onnx,vnnlib/oval21-benchmark_cifar_wide_kw-img773-eps0.0026143790849673205.vnnlib,"[""UNSAT"",""UNSAT"",""UNSAT"",""UNSAT"",""UNSAT"",""UNKNOWN"",""UNSAT"",""UNSAT"",""UNSAT""]","[""CERTIFIED"",""CERTIFIED"",""CERTIFIED"",""CERTIFIED"",""CERTIFIED"",""UNKNOWN"",""CERTIFIED"",""CERTIFIED"",""CERTIFIED""]","[null,null,null,null,null,null,null,null,null]",,/data1/Kane/ACT/audit_results/r93_rerun_20260525T083118Z/gpu_stream2_20260526T132419Z/relusplitter/per_instance_relusplitter_20260526T171356177064Z.json
gpu_full,133,UNKNOWN,UNKNOWN,UNKNOWN,UNKNOWN,50.028,,False,,PASSED,,onnx/oval21-benchmark_cifar_wide_kw_RSPLITTER_oval21-benchmark_cifar_wide_kw-img773-eps0.0026143790849673205.onnx,vnnlib/oval21-benchmark_cifar_wide_kw-img773-eps0.0026143790849673205.vnnlib,"[""UNSAT"",""UNSAT"",""UNSAT"",""UNSAT"",""UNSAT"",""UNKNOWN"",""UNSAT"",""UNSAT"",""UNSAT""]","[""CERTIFIED"",""CERTIFIED"",""CERTIFIED"",""CERTIFIED"",""CERTIFIED"",""UNKNOWN"",""CERTIFIED"",""CERTIFIED"",""CERTIFIED""]","[null,null,null,null,null,null,null,null,null]",,/data1/Kane/ACT/audit_results/r93_rerun_20260525T083118Z/gpu_stream2_20260526T132419Z/relusplitter/per_instance_relusplitter_20260526T171449346585Z.json
gpu_full,134,UNKNOWN,UNKNOWN,UNKNOWN,UNKNOWN,36.631,,False,,PASSED,,onnx/oval21-benchmark_cifar_wide_kw.onnx,vnnlib/oval21-benchmark_cifar_wide_kw-img7176-eps0.004183006535947713.vnnlib,"[""UNSAT"",""UNSAT"",""UNSAT"",""UNSAT"",""UNSAT"",""UNKNOWN"",""UNSAT"",""UNSAT"",""UNSAT""]","[""CERTIFIED"",""CERTIFIED"",""CERTIFIED"",""CERTIFIED"",""CERTIFIED"",""UNKNOWN"",""CERTIFIED"",""CERTIFIED"",""CERTIFIED""]","[null,null,null,null,null,null,null,null,null]",,/data1/Kane/ACT/audit_results/r93_rerun_20260525T083118Z/gpu_stream2_20260526T132419Z/relusplitter/per_instance_relusplitter_20260526T171528982243Z.json
gpu_full,135,UNKNOWN,UNKNOWN,UNKNOWN,UNKNOWN,42.895,,False,,PASSED,,onnx/oval21-benchmark_cifar_wide_kw_RSPLITTER_oval21-benchmark_cifar_wide_kw-img7176-eps0.004183006535947713.onnx,vnnlib/oval21-benchmark_cifar_wide_kw-img7176-eps0.004183006535947713.vnnlib,"[""UNSAT"",""UNSAT"",""UNSAT"",""UNSAT"",""UNSAT"",""UNKNOWN"",""UNSAT"",""UNSAT"",""UNSAT""]","[""CERTIFIED"",""CERTIFIED"",""CERTIFIED"",""CERTIFIED"",""CERTIFIED"",""UNKNOWN"",""CERTIFIED"",""CERTIFIED"",""CERTIFIED""]","[null,null,null,null,null,null,null,null,null]",,/data1/Kane/ACT/audit_results/r93_rerun_20260525T083118Z/gpu_stream2_20260526T132419Z/relusplitter/per_instance_relusplitter_20260526T171614758419Z.json
gpu_full,136,UNKNOWN,UNKNOWN,UNKNOWN,UNKNOWN,60.944,,False,,PASSED,,onnx/oval21-benchmark_cifar_wide_kw.onnx,vnnlib/oval21-benchmark_cifar_wide_kw-img4279-eps0.02143790849673203.vnnlib,"[""UNKNOWN"",""UNKNOWN"",""UNKNOWN"",""UNKNOWN""]","[""UNKNOWN"",""UNKNOWN"",""UNKNOWN"",""UNKNOWN""]","[null,null,null,null]",,/data1/Kane/ACT/audit_results/r93_rerun_20260525T083118Z/gpu_stream2_20260526T132419Z/relusplitter/per_instance_relusplitter_20260526T171718915122Z.json
gpu_full,137,UNKNOWN,UNKNOWN,UNKNOWN,UNKNOWN,61.205,,False,,PASSED,,onnx/oval21-benchmark_cifar_wide_kw_RSPLITTER_oval21-benchmark_cifar_wide_kw-img4279-eps0.02143790849673203.onnx,vnnlib/oval21-benchmark_cifar_wide_kw-img4279-eps0.02143790849673203.vnnlib,"[""UNKNOWN"",""UNKNOWN"",""UNKNOWN""]","[""UNKNOWN"",""UNKNOWN"",""UNKNOWN""]","[null,null,null]",,/data1/Kane/ACT/audit_results/r93_rerun_20260525T083118Z/gpu_stream2_20260526T132419Z/relusplitter/per_instance_relusplitter_20260526T171823145139Z.json
gpu_full,138,UNKNOWN,UNKNOWN,UNKNOWN,UNKNOWN,60.988,,False,,PASSED,,onnx/oval21-benchmark_cifar_wide_kw.onnx,vnnlib/oval21-benchmark_cifar_wide_kw-img7442-eps0.006666666666666667.vnnlib,"[""UNSAT"",""UNSAT"",""UNSAT"",""UNSAT"",""UNSAT"",""UNKNOWN"",""UNSAT"",""UNSAT"",""UNSAT""]","[""CERTIFIED"",""CERTIFIED"",""CERTIFIED"",""CERTIFIED"",""CERTIFIED"",""UNKNOWN"",""CERTIFIED"",""CERTIFIED"",""CERTIFIED""]","[null,null,null,null,null,null,null,null,null]",,/data1/Kane/ACT/audit_results/r93_rerun_20260525T083118Z/gpu_stream2_20260526T132419Z/relusplitter/per_instance_relusplitter_20260526T171927024408Z.json
gpu_full,139,UNKNOWN,UNKNOWN,UNKNOWN,UNKNOWN,67.348,,False,,PASSED,,onnx/oval21-benchmark_cifar_wide_kw_RSPLITTER_oval21-benchmark_cifar_wide_kw-img7442-eps0.006666666666666667.onnx,vnnlib/oval21-benchmark_cifar_wide_kw-img7442-eps0.006666666666666667.vnnlib,"[""UNSAT"",""UNSAT"",""UNSAT"",""UNSAT"",""UNSAT"",""UNKNOWN"",""UNSAT"",""UNSAT"",""UNKNOWN""]","[""CERTIFIED"",""CERTIFIED"",""CERTIFIED"",""CERTIFIED"",""CERTIFIED"",""UNKNOWN"",""CERTIFIED"",""CERTIFIED"",""UNKNOWN""]","[null,null,null,null,null,null,null,null,null]",,/data1/Kane/ACT/audit_results/r93_rerun_20260525T083118Z/gpu_stream2_20260526T132419Z/relusplitter/per_instance_relusplitter_20260526T172037435705Z.json
gpu_full,14,ERROR_WATCHDOG_EXIT_NONZERO,ERROR,ERROR,,5.003,EXIT_NONZERO,True,True,FAILED,1546.22265625,onnx/mnist_fc_vnncomp2022_mnist-net_256x4.onnx,vnnlib/mnist_fc_vnncomp2022_prop_7_0.03.vnnlib,[],[],[],"watchdog killed instance after 5.0s (status=EXIT_NONZERO, peak_rss=1546.2 MiB)",/data1/Kane/ACT/audit_results/r93_rerun_20260525T083118Z/gpu_stream2_20260526T132419Z/relusplitter/per_instance_relusplitter_watchdog_iid14_20260526T153928743277Z.json
gpu_full,140,UNKNOWN_TIMEOUT,UNKNOWN,UNKNOWN,,75.447,UNKNOWN_TIMEOUT,True,True,FAILED,6525.15625,onnx/cifar_biasfield_vnncomp2022_cifar_bias_field_28.onnx,vnnlib/cifar_biasfield_vnncomp2022_prop_28.vnnlib,[],[],[],"watchdog killed instance after 75.4s (status=UNKNOWN_TIMEOUT, peak_rss=6525.2 MiB)",/data1/Kane/ACT/audit_results/r93_rerun_20260525T083118Z/gpu_stream2_20260526T132419Z/relusplitter/per_instance_relusplitter_watchdog_iid140_20260526T172153935808Z.json
gpu_full,141,UNKNOWN_TIMEOUT,UNKNOWN,UNKNOWN,,75.448,UNKNOWN_TIMEOUT,True,True,FAILED,5057.5390625,onnx/cifar_biasfield_vnncomp2022_cifar_bias_field_28_RSPLITTER_cifar_biasfield_vnncomp2022_prop_28.onnx,vnnlib/cifar_biasfield_vnncomp2022_prop_28.vnnlib,[],[],[],"watchdog killed instance after 75.4s (status=UNKNOWN_TIMEOUT, peak_rss=5057.5 MiB)",/data1/Kane/ACT/audit_results/r93_rerun_20260525T083118Z/gpu_stream2_20260526T132419Z/relusplitter/per_instance_relusplitter_watchdog_iid141_20260526T172309385304Z.json
gpu_full,142,UNKNOWN_TIMEOUT,UNKNOWN,UNKNOWN,,75.449,UNKNOWN_TIMEOUT,True,True,FAILED,4818.53125,onnx/cifar_biasfield_vnncomp2022_cifar_bias_field_8.onnx,vnnlib/cifar_biasfield_vnncomp2022_prop_8.vnnlib,[],[],[],"watchdog killed instance after 75.4s (status=UNKNOWN_TIMEOUT, peak_rss=4818.5 MiB)",/data1/Kane/ACT/audit_results/r93_rerun_20260525T083118Z/gpu_stream2_20260526T132419Z/relusplitter/per_instance_relusplitter_watchdog_iid142_20260526T172424836532Z.json
gpu_full,143,UNKNOWN_TIMEOUT,UNKNOWN,UNKNOWN,,75.442,UNKNOWN_TIMEOUT,True,True,FAILED,4725.88671875,onnx/cifar_biasfield_vnncomp2022_cifar_bias_field_8_RSPLITTER_cifar_biasfield_vnncomp2022_prop_8.onnx,vnnlib/cifar_biasfield_vnncomp2022_prop_8.vnnlib,[],[],[],"watchdog killed instance after 75.4s (status=UNKNOWN_TIMEOUT, peak_rss=4725.9 MiB)",/data1/Kane/ACT/audit_results/r93_rerun_20260525T083118Z/gpu_stream2_20260526T132419Z/relusplitter/per_instance_relusplitter_watchdog_iid143_20260526T172540280713Z.json
gpu_full,144,UNKNOWN_TIMEOUT,UNKNOWN,UNKNOWN,,75.242,UNKNOWN_TIMEOUT,True,True,FAILED,5782.91796875,onnx/cifar_biasfield_vnncomp2022_cifar_bias_field_19.onnx,vnnlib/cifar_biasfield_vnncomp2022_prop_19.vnnlib,[],[],[],"watchdog killed instance after 75.2s (status=UNKNOWN_TIMEOUT, peak_rss=5782.9 MiB)",/data1/Kane/ACT/audit_results/r93_rerun_20260525T083118Z/gpu_stream2_20260526T132419Z/relusplitter/per_instance_relusplitter_watchdog_iid144_20260526T172655524730Z.json
gpu_full,145,UNKNOWN_TIMEOUT,UNKNOWN,UNKNOWN,,75.245,UNKNOWN_TIMEOUT,True,True,FAILED,5383.83984375,onnx/cifar_biasfield_vnncomp2022_cifar_bias_field_19_RSPLITTER_cifar_biasfield_vnncomp2022_prop_19.onnx,vnnlib/cifar_biasfield_vnncomp2022_prop_19.vnnlib,[],[],[],"watchdog killed instance after 75.2s (status=UNKNOWN_TIMEOUT, peak_rss=5383.8 MiB)",/data1/Kane/ACT/audit_results/r93_rerun_20260525T083118Z/gpu_stream2_20260526T132419Z/relusplitter/per_instance_relusplitter_watchdog_iid145_20260526T172810770437Z.json
gpu_full,146,UNKNOWN_TIMEOUT,UNKNOWN,UNKNOWN,,75.244,UNKNOWN_TIMEOUT,True,True,FAILED,4627.84375,onnx/cifar_biasfield_vnncomp2022_cifar_bias_field_45.onnx,vnnlib/cifar_biasfield_vnncomp2022_prop_45.vnnlib,[],[],[],"watchdog killed instance after 75.2s (status=UNKNOWN_TIMEOUT, peak_rss=4627.8 MiB)",/data1/Kane/ACT/audit_results/r93_rerun_20260525T083118Z/gpu_stream2_20260526T132419Z/relusplitter/per_instance_relusplitter_watchdog_iid146_20260526T172926015518Z.json
gpu_full,147,UNKNOWN_TIMEOUT,UNKNOWN,UNKNOWN,,75.345,UNKNOWN_TIMEOUT,True,True,FAILED,4692.734375,onnx/cifar_biasfield_vnncomp2022_cifar_bias_field_45_RSPLITTER_cifar_biasfield_vnncomp2022_prop_45.onnx,vnnlib/cifar_biasfield_vnncomp2022_prop_45.vnnlib,[],[],[],"watchdog killed instance after 75.3s (status=UNKNOWN_TIMEOUT, peak_rss=4692.7 MiB)",/data1/Kane/ACT/audit_results/r93_rerun_20260525T083118Z/gpu_stream2_20260526T132419Z/relusplitter/per_instance_relusplitter_watchdog_iid147_20260526T173041362032Z.json
gpu_full,148,UNKNOWN_TIMEOUT,UNKNOWN,UNKNOWN,,75.445,UNKNOWN_TIMEOUT,True,True,FAILED,4441.015625,onnx/cifar_biasfield_vnncomp2022_cifar_bias_field_24.onnx,vnnlib/cifar_biasfield_vnncomp2022_prop_24.vnnlib,[],[],[],"watchdog killed instance after 75.4s (status=UNKNOWN_TIMEOUT, peak_rss=4441.0 MiB)",/data1/Kane/ACT/audit_results/r93_rerun_20260525T083118Z/gpu_stream2_20260526T132419Z/relusplitter/per_instance_relusplitter_watchdog_iid148_20260526T173156807809Z.json
gpu_full,149,UNKNOWN_TIMEOUT,UNKNOWN,UNKNOWN,,75.446,UNKNOWN_TIMEOUT,True,True,FAILED,6860.89453125,onnx/cifar_biasfield_vnncomp2022_cifar_bias_field_24_RSPLITTER_cifar_biasfield_vnncomp2022_prop_24.onnx,vnnlib/cifar_biasfield_vnncomp2022_prop_24.vnnlib,[],[],[],"watchdog killed instance after 75.4s (status=UNKNOWN_TIMEOUT, peak_rss=6860.9 MiB)",/data1/Kane/ACT/audit_results/r93_rerun_20260525T083118Z/gpu_stream2_20260526T132419Z/relusplitter/per_instance_relusplitter_watchdog_iid149_20260526T173312255238Z.json
gpu_full,15,UNKNOWN,UNKNOWN,UNKNOWN,UNKNOWN,15.971,,False,,PASSED,,onnx/mnist_fc_vnncomp2022_mnist-net_256x4_RSPLITTER_mnist_fc_vnncomp2022_prop_7_0.03.onnx,vnnlib/mnist_fc_vnncomp2022_prop_7_0.03.vnnlib,"[""UNKNOWN""]","[""UNKNOWN""]",[null],,/data1/Kane/ACT/audit_results/r93_rerun_20260525T083118Z/gpu_stream2_20260526T132419Z/relusplitter/per_instance_relusplitter_20260526T153946945532Z.json
gpu_full,150,UNKNOWN_TIMEOUT,UNKNOWN,UNKNOWN,,75.345,UNKNOWN_TIMEOUT,True,True,FAILED,5223.51953125,onnx/cifar_biasfield_vnncomp2022_cifar_bias_field_1.onnx,vnnlib/cifar_biasfield_vnncomp2022_prop_1.vnnlib,[],[],[],"watchdog killed instance after 75.3s (status=UNKNOWN_TIMEOUT, peak_rss=5223.5 MiB)",/data1/Kane/ACT/audit_results/r93_rerun_20260525T083118Z/gpu_stream2_20260526T132419Z/relusplitter/per_instance_relusplitter_watchdog_iid150_20260526T173427601604Z.json
gpu_full,151,UNKNOWN_TIMEOUT,UNKNOWN,UNKNOWN,,75.344,UNKNOWN_TIMEOUT,True,True,FAILED,4953.65625,onnx/cifar_biasfield_vnncomp2022_cifar_bias_field_1_RSPLITTER_cifar_biasfield_vnncomp2022_prop_1.onnx,vnnlib/cifar_biasfield_vnncomp2022_prop_1.vnnlib,[],[],[],"watchdog killed instance after 75.3s (status=UNKNOWN_TIMEOUT, peak_rss=4953.7 MiB)",/data1/Kane/ACT/audit_results/r93_rerun_20260525T083118Z/gpu_stream2_20260526T132419Z/relusplitter/per_instance_relusplitter_watchdog_iid151_20260526T173542947961Z.json
gpu_full,152,UNKNOWN_TIMEOUT,UNKNOWN,UNKNOWN,,75.347,UNKNOWN_TIMEOUT,True,True,FAILED,4514.17578125,onnx/cifar_biasfield_vnncomp2022_cifar_bias_field_15.onnx,vnnlib/cifar_biasfield_vnncomp2022_prop_15.vnnlib,[],[],[],"watchdog killed instance after 75.3s (status=UNKNOWN_TIMEOUT, peak_rss=4514.2 MiB)",/data1/Kane/ACT/audit_results/r93_rerun_20260525T083118Z/gpu_stream2_20260526T132419Z/relusplitter/per_instance_relusplitter_watchdog_iid152_20260526T173658296020Z.json
gpu_full,153,UNKNOWN_TIMEOUT,UNKNOWN,UNKNOWN,,75.242,UNKNOWN_TIMEOUT,True,True,FAILED,4701.765625,onnx/cifar_biasfield_vnncomp2022_cifar_bias_field_15_RSPLITTER_cifar_biasfield_vnncomp2022_prop_15.onnx,vnnlib/cifar_biasfield_vnncomp2022_prop_15.vnnlib,[],[],[],"watchdog killed instance after 75.2s (status=UNKNOWN_TIMEOUT, peak_rss=4701.8 MiB)",/data1/Kane/ACT/audit_results/r93_rerun_20260525T083118Z/gpu_stream2_20260526T132419Z/relusplitter/per_instance_relusplitter_watchdog_iid153_20260526T173813539168Z.json
gpu_full,154,UNKNOWN_TIMEOUT,UNKNOWN,UNKNOWN,,75.443,UNKNOWN_TIMEOUT,True,True,FAILED,4548.88671875,onnx/cifar_biasfield_vnncomp2022_cifar_bias_field_46.onnx,vnnlib/cifar_biasfield_vnncomp2022_prop_46.vnnlib,[],[],[],"watchdog killed instance after 75.4s (status=UNKNOWN_TIMEOUT, peak_rss=4548.9 MiB)",/data1/Kane/ACT/audit_results/r93_rerun_20260525T083118Z/gpu_stream2_20260526T132419Z/relusplitter/per_instance_relusplitter_watchdog_iid154_20260526T173928983304Z.json
gpu_full,155,UNKNOWN_TIMEOUT,UNKNOWN,UNKNOWN,,75.346,UNKNOWN_TIMEOUT,True,True,FAILED,5095.6875,onnx/cifar_biasfield_vnncomp2022_cifar_bias_field_46_RSPLITTER_cifar_biasfield_vnncomp2022_prop_46.onnx,vnnlib/cifar_biasfield_vnncomp2022_prop_46.vnnlib,[],[],[],"watchdog killed instance after 75.3s (status=UNKNOWN_TIMEOUT, peak_rss=5095.7 MiB)",/data1/Kane/ACT/audit_results/r93_rerun_20260525T083118Z/gpu_stream2_20260526T132419Z/relusplitter/per_instance_relusplitter_watchdog_iid155_20260526T174044330294Z.json
gpu_full,156,UNKNOWN_TIMEOUT,UNKNOWN,UNKNOWN,,75.447,UNKNOWN_TIMEOUT,True,True,FAILED,5607.359375,onnx/cifar_biasfield_vnncomp2022_cifar_bias_field_22.onnx,vnnlib/cifar_biasfield_vnncomp2022_prop_22.vnnlib,[],[],[],"watchdog killed instance after 75.4s (status=UNKNOWN_TIMEOUT, peak_rss=5607.4 MiB)",/data1/Kane/ACT/audit_results/r93_rerun_20260525T083118Z/gpu_stream2_20260526T132419Z/relusplitter/per_instance_relusplitter_watchdog_iid156_20260526T174159778487Z.json
gpu_full,157,UNKNOWN_TIMEOUT,UNKNOWN,UNKNOWN,,75.241,UNKNOWN_TIMEOUT,True,True,FAILED,4905.4765625,onnx/cifar_biasfield_vnncomp2022_cifar_bias_field_22_RSPLITTER_cifar_biasfield_vnncomp2022_prop_22.onnx,vnnlib/cifar_biasfield_vnncomp2022_prop_22.vnnlib,[],[],[],"watchdog killed instance after 75.2s (status=UNKNOWN_TIMEOUT, peak_rss=4905.5 MiB)",/data1/Kane/ACT/audit_results/r93_rerun_20260525T083118Z/gpu_stream2_20260526T132419Z/relusplitter/per_instance_relusplitter_watchdog_iid157_20260526T174315020932Z.json
gpu_full,158,UNKNOWN_TIMEOUT,UNKNOWN,UNKNOWN,,75.348,UNKNOWN_TIMEOUT,True,True,FAILED,4617.85546875,onnx/cifar_biasfield_vnncomp2022_cifar_bias_field_26.onnx,vnnlib/cifar_biasfield_vnncomp2022_prop_26.vnnlib,[],[],[],"watchdog killed instance after 75.3s (status=UNKNOWN_TIMEOUT, peak_rss=4617.9 MiB)",/data1/Kane/ACT/audit_results/r93_rerun_20260525T083118Z/gpu_stream2_20260526T132419Z/relusplitter/per_instance_relusplitter_watchdog_iid158_20260526T174430369852Z.json
gpu_full,159,UNKNOWN_TIMEOUT,UNKNOWN,UNKNOWN,,75.445,UNKNOWN_TIMEOUT,True,True,FAILED,5777.8984375,onnx/cifar_biasfield_vnncomp2022_cifar_bias_field_26_RSPLITTER_cifar_biasfield_vnncomp2022_prop_26.onnx,vnnlib/cifar_biasfield_vnncomp2022_prop_26.vnnlib,[],[],[],"watchdog killed instance after 75.4s (status=UNKNOWN_TIMEOUT, peak_rss=5777.9 MiB)",/data1/Kane/ACT/audit_results/r93_rerun_20260525T083118Z/gpu_stream2_20260526T132419Z/relusplitter/per_instance_relusplitter_watchdog_iid159_20260526T174545816405Z.json
gpu_full,16,ERROR_WATCHDOG_EXIT_NONZERO,ERROR,ERROR,,3.502,EXIT_NONZERO,True,True,FAILED,877.37890625,onnx/mnist_fc_vnncomp2022_mnist-net_256x4.onnx,vnnlib/mnist_fc_vnncomp2022_prop_1_0.05.vnnlib,[],[],[],"watchdog killed instance after 3.5s (status=EXIT_NONZERO, peak_rss=877.4 MiB)",/data1/Kane/ACT/audit_results/r93_rerun_20260525T083118Z/gpu_stream2_20260526T132419Z/relusplitter/per_instance_relusplitter_watchdog_iid16_20260526T153951256403Z.json
gpu_full,160,UNKNOWN_TIMEOUT,UNKNOWN,UNKNOWN,,75.242,UNKNOWN_TIMEOUT,True,True,FAILED,5840.4296875,onnx/cifar_biasfield_vnncomp2022_cifar_bias_field_40.onnx,vnnlib/cifar_biasfield_vnncomp2022_prop_40.vnnlib,[],[],[],"watchdog killed instance after 75.2s (status=UNKNOWN_TIMEOUT, peak_rss=5840.4 MiB)",/data1/Kane/ACT/audit_results/r93_rerun_20260525T083118Z/gpu_stream2_20260526T132419Z/relusplitter/per_instance_relusplitter_watchdog_iid160_20260526T174701059609Z.json
gpu_full,161,UNKNOWN_TIMEOUT,UNKNOWN,UNKNOWN,,75.243,UNKNOWN_TIMEOUT,True,True,FAILED,8549.63671875,onnx/cifar_biasfield_vnncomp2022_cifar_bias_field_40_RSPLITTER_cifar_biasfield_vnncomp2022_prop_40.onnx,vnnlib/cifar_biasfield_vnncomp2022_prop_40.vnnlib,[],[],[],"watchdog killed instance after 75.2s (status=UNKNOWN_TIMEOUT, peak_rss=8549.6 MiB)",/data1/Kane/ACT/audit_results/r93_rerun_20260525T083118Z/gpu_stream2_20260526T132419Z/relusplitter/per_instance_relusplitter_watchdog_iid161_20260526T174816304812Z.json
gpu_full,162,UNKNOWN_TIMEOUT,UNKNOWN,UNKNOWN,,75.246,UNKNOWN_TIMEOUT,True,True,FAILED,6110.12890625,onnx/cifar_biasfield_vnncomp2022_cifar_bias_field_64.onnx,vnnlib/cifar_biasfield_vnncomp2022_prop_64.vnnlib,[],[],[],"watchdog killed instance after 75.2s (status=UNKNOWN_TIMEOUT, peak_rss=6110.1 MiB)",/data1/Kane/ACT/audit_results/r93_rerun_20260525T083118Z/gpu_stream2_20260526T132419Z/relusplitter/per_instance_relusplitter_watchdog_iid162_20260526T174931551831Z.json
gpu_full,163,UNKNOWN_TIMEOUT,UNKNOWN,UNKNOWN,,75.247,UNKNOWN_TIMEOUT,True,True,FAILED,6502.1640625,onnx/cifar_biasfield_vnncomp2022_cifar_bias_field_64_RSPLITTER_cifar_biasfield_vnncomp2022_prop_64.onnx,vnnlib/cifar_biasfield_vnncomp2022_prop_64.vnnlib,[],[],[],"watchdog killed instance after 75.2s (status=UNKNOWN_TIMEOUT, peak_rss=6502.2 MiB)",/data1/Kane/ACT/audit_results/r93_rerun_20260525T083118Z/gpu_stream2_20260526T132419Z/relusplitter/per_instance_relusplitter_watchdog_iid163_20260526T175046799766Z.json
gpu_full,164,UNKNOWN_TIMEOUT,UNKNOWN,UNKNOWN,,75.345,UNKNOWN_TIMEOUT,True,True,FAILED,4870.484375,onnx/cifar_biasfield_vnncomp2022_cifar_bias_field_66.onnx,vnnlib/cifar_biasfield_vnncomp2022_prop_66.vnnlib,[],[],[],"watchdog killed instance after 75.3s (status=UNKNOWN_TIMEOUT, peak_rss=4870.5 MiB)",/data1/Kane/ACT/audit_results/r93_rerun_20260525T083118Z/gpu_stream2_20260526T132419Z/relusplitter/per_instance_relusplitter_watchdog_iid164_20260526T175202145781Z.json
gpu_full,165,UNKNOWN_TIMEOUT,UNKNOWN,UNKNOWN,,75.247,UNKNOWN_TIMEOUT,True,True,FAILED,5012.7265625,onnx/cifar_biasfield_vnncomp2022_cifar_bias_field_66_RSPLITTER_cifar_biasfield_vnncomp2022_prop_66.onnx,vnnlib/cifar_biasfield_vnncomp2022_prop_66.vnnlib,[],[],[],"watchdog killed instance after 75.2s (status=UNKNOWN_TIMEOUT, peak_rss=5012.7 MiB)",/data1/Kane/ACT/audit_results/r93_rerun_20260525T083118Z/gpu_stream2_20260526T132419Z/relusplitter/per_instance_relusplitter_watchdog_iid165_20260526T175317394715Z.json
gpu_full,166,UNKNOWN_TIMEOUT,UNKNOWN,UNKNOWN,,75.245,UNKNOWN_TIMEOUT,True,True,FAILED,4953.6640625,onnx/cifar_biasfield_vnncomp2022_cifar_bias_field_11.onnx,vnnlib/cifar_biasfield_vnncomp2022_prop_11.vnnlib,[],[],[],"watchdog killed instance after 75.2s (status=UNKNOWN_TIMEOUT, peak_rss=4953.7 MiB)",/data1/Kane/ACT/audit_results/r93_rerun_20260525T083118Z/gpu_stream2_20260526T132419Z/relusplitter/per_instance_relusplitter_watchdog_iid166_20260526T175432640864Z.json
gpu_full,167,UNKNOWN_TIMEOUT,UNKNOWN,UNKNOWN,,75.641,UNKNOWN_TIMEOUT,True,True,FAILED,7452.30078125,onnx/cifar_biasfield_vnncomp2022_cifar_bias_field_11_RSPLITTER_cifar_biasfield_vnncomp2022_prop_11.onnx,vnnlib/cifar_biasfield_vnncomp2022_prop_11.vnnlib,[],[],[],"watchdog killed instance after 75.6s (status=UNKNOWN_TIMEOUT, peak_rss=7452.3 MiB)",/data1/Kane/ACT/audit_results/r93_rerun_20260525T083118Z/gpu_stream2_20260526T132419Z/relusplitter/per_instance_relusplitter_watchdog_iid167_20260526T175548282305Z.json
gpu_full,168,UNKNOWN_TIMEOUT,UNKNOWN,UNKNOWN,,75.242,UNKNOWN_TIMEOUT,True,True,FAILED,9622.64453125,onnx/cifar_biasfield_vnncomp2022_cifar_bias_field_50.onnx,vnnlib/cifar_biasfield_vnncomp2022_prop_50.vnnlib,[],[],[],"watchdog killed instance after 75.2s (status=UNKNOWN_TIMEOUT, peak_rss=9622.6 MiB)",/data1/Kane/ACT/audit_results/r93_rerun_20260525T083118Z/gpu_stream2_20260526T132419Z/relusplitter/per_instance_relusplitter_watchdog_iid168_20260526T175703524776Z.json
gpu_full,169,UNKNOWN_TIMEOUT,UNKNOWN,UNKNOWN,,75.242,UNKNOWN_TIMEOUT,True,True,FAILED,7363.26953125,onnx/cifar_biasfield_vnncomp2022_cifar_bias_field_50_RSPLITTER_cifar_biasfield_vnncomp2022_prop_50.onnx,vnnlib/cifar_biasfield_vnncomp2022_prop_50.vnnlib,[],[],[],"watchdog killed instance after 75.2s (status=UNKNOWN_TIMEOUT, peak_rss=7363.3 MiB)",/data1/Kane/ACT/audit_results/r93_rerun_20260525T083118Z/gpu_stream2_20260526T132419Z/relusplitter/per_instance_relusplitter_watchdog_iid169_20260526T175818767944Z.json
gpu_full,17,UNKNOWN,UNKNOWN,UNKNOWN,UNKNOWN,23.98,,False,,PASSED,,onnx/mnist_fc_vnncomp2022_mnist-net_256x4_RSPLITTER_mnist_fc_vnncomp2022_prop_1_0.05.onnx,vnnlib/mnist_fc_vnncomp2022_prop_1_0.05.vnnlib,"[""UNKNOWN""]","[""UNKNOWN""]",[null],,/data1/Kane/ACT/audit_results/r93_rerun_20260525T083118Z/gpu_stream2_20260526T132419Z/relusplitter/per_instance_relusplitter_20260526T154017465206Z.json
gpu_full,170,UNKNOWN_TIMEOUT,UNKNOWN,UNKNOWN,,75.239,UNKNOWN_TIMEOUT,True,True,FAILED,5605.65625,onnx/cifar_biasfield_vnncomp2022_cifar_bias_field_14.onnx,vnnlib/cifar_biasfield_vnncomp2022_prop_14.vnnlib,[],[],[],"watchdog killed instance after 75.2s (status=UNKNOWN_TIMEOUT, peak_rss=5605.7 MiB)",/data1/Kane/ACT/audit_results/r93_rerun_20260525T083118Z/gpu_stream2_20260526T132419Z/relusplitter/per_instance_relusplitter_watchdog_iid170_20260526T175934007491Z.json
gpu_full,171,UNKNOWN_TIMEOUT,UNKNOWN,UNKNOWN,,75.347,UNKNOWN_TIMEOUT,True,True,FAILED,4786.921875,onnx/cifar_biasfield_vnncomp2022_cifar_bias_field_14_RSPLITTER_cifar_biasfield_vnncomp2022_prop_14.onnx,vnnlib/cifar_biasfield_vnncomp2022_prop_14.vnnlib,[],[],[],"watchdog killed instance after 75.3s (status=UNKNOWN_TIMEOUT, peak_rss=4786.9 MiB)",/data1/Kane/ACT/audit_results/r93_rerun_20260525T083118Z/gpu_stream2_20260526T132419Z/relusplitter/per_instance_relusplitter_watchdog_iid171_20260526T180049356005Z.json
gpu_full,172,UNKNOWN_TIMEOUT,UNKNOWN,UNKNOWN,,75.247,UNKNOWN_TIMEOUT,True,True,FAILED,9075.4921875,onnx/cifar_biasfield_vnncomp2022_cifar_bias_field_20.onnx,vnnlib/cifar_biasfield_vnncomp2022_prop_20.vnnlib,[],[],[],"watchdog killed instance after 75.2s (status=UNKNOWN_TIMEOUT, peak_rss=9075.5 MiB)",/data1/Kane/ACT/audit_results/r93_rerun_20260525T083118Z/gpu_stream2_20260526T132419Z/relusplitter/per_instance_relusplitter_watchdog_iid172_20260526T180204603741Z.json
gpu_full,173,UNKNOWN_TIMEOUT,UNKNOWN,UNKNOWN,,75.244,UNKNOWN_TIMEOUT,True,True,FAILED,7061.4375,onnx/cifar_biasfield_vnncomp2022_cifar_bias_field_20_RSPLITTER_cifar_biasfield_vnncomp2022_prop_20.onnx,vnnlib/cifar_biasfield_vnncomp2022_prop_20.vnnlib,[],[],[],"watchdog killed instance after 75.2s (status=UNKNOWN_TIMEOUT, peak_rss=7061.4 MiB)",/data1/Kane/ACT/audit_results/r93_rerun_20260525T083118Z/gpu_stream2_20260526T132419Z/relusplitter/per_instance_relusplitter_watchdog_iid173_20260526T180319849091Z.json
gpu_full,174,UNKNOWN_TIMEOUT,UNKNOWN,UNKNOWN,,75.348,UNKNOWN_TIMEOUT,True,True,FAILED,4497.9140625,onnx/cifar_biasfield_vnncomp2022_cifar_bias_field_16.onnx,vnnlib/cifar_biasfield_vnncomp2022_prop_16.vnnlib,[],[],[],"watchdog killed instance after 75.3s (status=UNKNOWN_TIMEOUT, peak_rss=4497.9 MiB)",/data1/Kane/ACT/audit_results/r93_rerun_20260525T083118Z/gpu_stream2_20260526T132419Z/relusplitter/per_instance_relusplitter_watchdog_iid174_20260526T180435198582Z.json
gpu_full,175,UNKNOWN_TIMEOUT,UNKNOWN,UNKNOWN,,75.452,UNKNOWN_TIMEOUT,True,True,FAILED,4919.09375,onnx/cifar_biasfield_vnncomp2022_cifar_bias_field_16_RSPLITTER_cifar_biasfield_vnncomp2022_prop_16.onnx,vnnlib/cifar_biasfield_vnncomp2022_prop_16.vnnlib,[],[],[],"watchdog killed instance after 75.5s (status=UNKNOWN_TIMEOUT, peak_rss=4919.1 MiB)",/data1/Kane/ACT/audit_results/r93_rerun_20260525T083118Z/gpu_stream2_20260526T132419Z/relusplitter/per_instance_relusplitter_watchdog_iid175_20260526T180550651981Z.json
gpu_full,176,UNKNOWN_TIMEOUT,UNKNOWN,UNKNOWN,,75.345,UNKNOWN_TIMEOUT,True,True,FAILED,5479.734375,onnx/cifar_biasfield_vnncomp2022_cifar_bias_field_29.onnx,vnnlib/cifar_biasfield_vnncomp2022_prop_29.vnnlib,[],[],[],"watchdog killed instance after 75.3s (status=UNKNOWN_TIMEOUT, peak_rss=5479.7 MiB)",/data1/Kane/ACT/audit_results/r93_rerun_20260525T083118Z/gpu_stream2_20260526T132419Z/relusplitter/per_instance_relusplitter_watchdog_iid176_20260526T180705998517Z.json
gpu_full,177,UNKNOWN_TIMEOUT,UNKNOWN,UNKNOWN,,75.348,UNKNOWN_TIMEOUT,True,True,FAILED,4472.09375,onnx/cifar_biasfield_vnncomp2022_cifar_bias_field_29_RSPLITTER_cifar_biasfield_vnncomp2022_prop_29.onnx,vnnlib/cifar_biasfield_vnncomp2022_prop_29.vnnlib,[],[],[],"watchdog killed instance after 75.3s (status=UNKNOWN_TIMEOUT, peak_rss=4472.1 MiB)",/data1/Kane/ACT/audit_results/r93_rerun_20260525T083118Z/gpu_stream2_20260526T132419Z/relusplitter/per_instance_relusplitter_watchdog_iid177_20260526T180821347796Z.json
gpu_full,178,UNKNOWN_TIMEOUT,UNKNOWN,UNKNOWN,,75.346,UNKNOWN_TIMEOUT,True,True,FAILED,4516.14453125,onnx/cifar_biasfield_vnncomp2022_cifar_bias_field_70.onnx,vnnlib/cifar_biasfield_vnncomp2022_prop_70.vnnlib,[],[],[],"watchdog killed instance after 75.3s (status=UNKNOWN_TIMEOUT, peak_rss=4516.1 MiB)",/data1/Kane/ACT/audit_results/r93_rerun_20260525T083118Z/gpu_stream2_20260526T132419Z/relusplitter/per_instance_relusplitter_watchdog_iid178_20260526T180936695223Z.json
gpu_full,179,UNKNOWN_TIMEOUT,UNKNOWN,UNKNOWN,,75.341,UNKNOWN_TIMEOUT,True,True,FAILED,5084.8515625,onnx/cifar_biasfield_vnncomp2022_cifar_bias_field_70_RSPLITTER_cifar_biasfield_vnncomp2022_prop_70.onnx,vnnlib/cifar_biasfield_vnncomp2022_prop_70.vnnlib,[],[],[],"watchdog killed instance after 75.3s (status=UNKNOWN_TIMEOUT, peak_rss=5084.9 MiB)",/data1/Kane/ACT/audit_results/r93_rerun_20260525T083118Z/gpu_stream2_20260526T132419Z/relusplitter/per_instance_relusplitter_watchdog_iid179_20260526T181052036966Z.json
gpu_full,18,UNKNOWN,UNKNOWN,UNKNOWN,UNKNOWN,34.223,,False,,PASSED,,onnx/mnist_fc_vnncomp2022_mnist-net_256x4.onnx,vnnlib/mnist_fc_vnncomp2022_prop_7_0.05.vnnlib,"[""UNKNOWN""]","[""UNKNOWN""]",[null],,/data1/Kane/ACT/audit_results/r93_rerun_20260525T083118Z/gpu_stream2_20260526T132419Z/relusplitter/per_instance_relusplitter_20260526T154054719719Z.json
gpu_full,180,UNKNOWN_TIMEOUT,UNKNOWN,UNKNOWN,,75.24,UNKNOWN_TIMEOUT,True,True,FAILED,5956.1953125,onnx/cifar_biasfield_vnncomp2022_cifar_bias_field_2.onnx,vnnlib/cifar_biasfield_vnncomp2022_prop_2.vnnlib,[],[],[],"watchdog killed instance after 75.2s (status=UNKNOWN_TIMEOUT, peak_rss=5956.2 MiB)",/data1/Kane/ACT/audit_results/r93_rerun_20260525T083118Z/gpu_stream2_20260526T132419Z/relusplitter/per_instance_relusplitter_watchdog_iid180_20260526T181207277943Z.json
gpu_full,181,UNKNOWN_TIMEOUT,UNKNOWN,UNKNOWN,,75.439,UNKNOWN_TIMEOUT,True,True,FAILED,5208.47265625,onnx/cifar_biasfield_vnncomp2022_cifar_bias_field_2_RSPLITTER_cifar_biasfield_vnncomp2022_prop_2.onnx,vnnlib/cifar_biasfield_vnncomp2022_prop_2.vnnlib,[],[],[],"watchdog killed instance after 75.4s (status=UNKNOWN_TIMEOUT, peak_rss=5208.5 MiB)",/data1/Kane/ACT/audit_results/r93_rerun_20260525T083118Z/gpu_stream2_20260526T132419Z/relusplitter/per_instance_relusplitter_watchdog_iid181_20260526T181322717662Z.json
gpu_full,182,UNKNOWN_TIMEOUT,UNKNOWN,UNKNOWN,,75.241,UNKNOWN_TIMEOUT,True,True,FAILED,6675.0859375,onnx/cifar_biasfield_vnncomp2022_cifar_bias_field_49.onnx,vnnlib/cifar_biasfield_vnncomp2022_prop_49.vnnlib,[],[],[],"watchdog killed instance after 75.2s (status=UNKNOWN_TIMEOUT, peak_rss=6675.1 MiB)",/data1/Kane/ACT/audit_results/r93_rerun_20260525T083118Z/gpu_stream2_20260526T132419Z/relusplitter/per_instance_relusplitter_watchdog_iid182_20260526T181437960194Z.json
gpu_full,183,UNKNOWN_TIMEOUT,UNKNOWN,UNKNOWN,,75.243,UNKNOWN_TIMEOUT,True,True,FAILED,7723.515625,onnx/cifar_biasfield_vnncomp2022_cifar_bias_field_49_RSPLITTER_cifar_biasfield_vnncomp2022_prop_49.onnx,vnnlib/cifar_biasfield_vnncomp2022_prop_49.vnnlib,[],[],[],"watchdog killed instance after 75.2s (status=UNKNOWN_TIMEOUT, peak_rss=7723.5 MiB)",/data1/Kane/ACT/audit_results/r93_rerun_20260525T083118Z/gpu_stream2_20260526T132419Z/relusplitter/per_instance_relusplitter_watchdog_iid183_20260526T181553204346Z.json
gpu_full,184,UNKNOWN_TIMEOUT,UNKNOWN,UNKNOWN,,75.448,UNKNOWN_TIMEOUT,True,True,FAILED,5656.484375,onnx/cifar_biasfield_vnncomp2022_cifar_bias_field_37.onnx,vnnlib/cifar_biasfield_vnncomp2022_prop_37.vnnlib,[],[],[],"watchdog killed instance after 75.4s (status=UNKNOWN_TIMEOUT, peak_rss=5656.5 MiB)",/data1/Kane/ACT/audit_results/r93_rerun_20260525T083118Z/gpu_stream2_20260526T132419Z/relusplitter/per_instance_relusplitter_watchdog_iid184_20260526T181708653857Z.json
gpu_full,185,UNKNOWN_TIMEOUT,UNKNOWN,UNKNOWN,,75.342,UNKNOWN_TIMEOUT,True,True,FAILED,4893.328125,onnx/cifar_biasfield_vnncomp2022_cifar_bias_field_37_RSPLITTER_cifar_biasfield_vnncomp2022_prop_37.onnx,vnnlib/cifar_biasfield_vnncomp2022_prop_37.vnnlib,[],[],[],"watchdog killed instance after 75.3s (status=UNKNOWN_TIMEOUT, peak_rss=4893.3 MiB)",/data1/Kane/ACT/audit_results/r93_rerun_20260525T083118Z/gpu_stream2_20260526T132419Z/relusplitter/per_instance_relusplitter_watchdog_iid185_20260526T181823996761Z.json
gpu_full,186,UNKNOWN_TIMEOUT,UNKNOWN,UNKNOWN,,75.245,UNKNOWN_TIMEOUT,True,True,FAILED,6516.11328125,onnx/cifar_biasfield_vnncomp2022_cifar_bias_field_69.onnx,vnnlib/cifar_biasfield_vnncomp2022_prop_69.vnnlib,[],[],[],"watchdog killed instance after 75.2s (status=UNKNOWN_TIMEOUT, peak_rss=6516.1 MiB)",/data1/Kane/ACT/audit_results/r93_rerun_20260525T083118Z/gpu_stream2_20260526T132419Z/relusplitter/per_instance_relusplitter_watchdog_iid186_20260526T181939242589Z.json
gpu_full,187,UNKNOWN_TIMEOUT,UNKNOWN,UNKNOWN,,75.246,UNKNOWN_TIMEOUT,True,True,FAILED,5409.87109375,onnx/cifar_biasfield_vnncomp2022_cifar_bias_field_69_RSPLITTER_cifar_biasfield_vnncomp2022_prop_69.onnx,vnnlib/cifar_biasfield_vnncomp2022_prop_69.vnnlib,[],[],[],"watchdog killed instance after 75.2s (status=UNKNOWN_TIMEOUT, peak_rss=5409.9 MiB)",/data1/Kane/ACT/audit_results/r93_rerun_20260525T083118Z/gpu_stream2_20260526T132419Z/relusplitter/per_instance_relusplitter_watchdog_iid187_20260526T182054490507Z.json
gpu_full,188,UNKNOWN_TIMEOUT,UNKNOWN,UNKNOWN,,75.447,UNKNOWN_TIMEOUT,True,True,FAILED,4660.47265625,onnx/cifar_biasfield_vnncomp2022_cifar_bias_field_43.onnx,vnnlib/cifar_biasfield_vnncomp2022_prop_43.vnnlib,[],[],[],"watchdog killed instance after 75.4s (status=UNKNOWN_TIMEOUT, peak_rss=4660.5 MiB)",/data1/Kane/ACT/audit_results/r93_rerun_20260525T083118Z/gpu_stream2_20260526T132419Z/relusplitter/per_instance_relusplitter_watchdog_iid188_20260526T182209984057Z.json
gpu_full,189,UNKNOWN_TIMEOUT,UNKNOWN,UNKNOWN,,75.55,UNKNOWN_TIMEOUT,True,True,FAILED,7675.1875,onnx/cifar_biasfield_vnncomp2022_cifar_bias_field_43_RSPLITTER_cifar_biasfield_vnncomp2022_prop_43.onnx,vnnlib/cifar_biasfield_vnncomp2022_prop_43.vnnlib,[],[],[],"watchdog killed instance after 75.5s (status=UNKNOWN_TIMEOUT, peak_rss=7675.2 MiB)",/data1/Kane/ACT/audit_results/r93_rerun_20260525T083118Z/gpu_stream2_20260526T132419Z/relusplitter/per_instance_relusplitter_watchdog_iid189_20260526T182325536164Z.json
gpu_full,19,UNKNOWN,UNKNOWN,UNKNOWN,UNKNOWN,20.59,,False,,PASSED,,onnx/mnist_fc_vnncomp2022_mnist-net_256x4_RSPLITTER_mnist_fc_vnncomp2022_prop_7_0.05.onnx,vnnlib/mnist_fc_vnncomp2022_prop_7_0.05.vnnlib,"[""UNKNOWN""]","[""UNKNOWN""]",[null],,/data1/Kane/ACT/audit_results/r93_rerun_20260525T083118Z/gpu_stream2_20260526T132419Z/relusplitter/per_instance_relusplitter_20260526T154118625803Z.json
gpu_full,190,UNKNOWN_TIMEOUT,UNKNOWN,UNKNOWN,,75.249,UNKNOWN_TIMEOUT,True,True,FAILED,6530.73828125,onnx/cifar_biasfield_vnncomp2022_cifar_bias_field_41.onnx,vnnlib/cifar_biasfield_vnncomp2022_prop_41.vnnlib,[],[],[],"watchdog killed instance after 75.2s (status=UNKNOWN_TIMEOUT, peak_rss=6530.7 MiB)",/data1/Kane/ACT/audit_results/r93_rerun_20260525T083118Z/gpu_stream2_20260526T132419Z/relusplitter/per_instance_relusplitter_watchdog_iid190_20260526T182440787736Z.json
gpu_full,191,UNKNOWN_TIMEOUT,UNKNOWN,UNKNOWN,,75.452,UNKNOWN_TIMEOUT,True,True,FAILED,7007.328125,onnx/cifar_biasfield_vnncomp2022_cifar_bias_field_41_RSPLITTER_cifar_biasfield_vnncomp2022_prop_41.onnx,vnnlib/cifar_biasfield_vnncomp2022_prop_41.vnnlib,[],[],[],"watchdog killed instance after 75.5s (status=UNKNOWN_TIMEOUT, peak_rss=7007.3 MiB)",/data1/Kane/ACT/audit_results/r93_rerun_20260525T083118Z/gpu_stream2_20260526T132419Z/relusplitter/per_instance_relusplitter_watchdog_iid191_20260526T182556241504Z.json
gpu_full,192,UNKNOWN_TIMEOUT,UNKNOWN,UNKNOWN,,75.248,UNKNOWN_TIMEOUT,True,True,FAILED,5934.14453125,onnx/cifar_biasfield_vnncomp2022_cifar_bias_field_21.onnx,vnnlib/cifar_biasfield_vnncomp2022_prop_21.vnnlib,[],[],[],"watchdog killed instance after 75.2s (status=UNKNOWN_TIMEOUT, peak_rss=5934.1 MiB)",/data1/Kane/ACT/audit_results/r93_rerun_20260525T083118Z/gpu_stream2_20260526T132419Z/relusplitter/per_instance_relusplitter_watchdog_iid192_20260526T182711490847Z.json
gpu_full,193,UNKNOWN_TIMEOUT,UNKNOWN,UNKNOWN,,75.496,UNKNOWN_TIMEOUT,True,True,FAILED,5121.13671875,onnx/cifar_biasfield_vnncomp2022_cifar_bias_field_21_RSPLITTER_cifar_biasfield_vnncomp2022_prop_21.onnx,vnnlib/cifar_biasfield_vnncomp2022_prop_21.vnnlib,[],[],[],"watchdog killed instance after 75.5s (status=UNKNOWN_TIMEOUT, peak_rss=5121.1 MiB)",/data1/Kane/ACT/audit_results/r93_rerun_20260525T083118Z/gpu_stream2_20260526T132419Z/relusplitter/per_instance_relusplitter_watchdog_iid193_20260526T182826989297Z.json
gpu_full,194,UNKNOWN_TIMEOUT,UNKNOWN,UNKNOWN,,75.249,UNKNOWN_TIMEOUT,True,True,FAILED,5353.71484375,onnx/cifar_biasfield_vnncomp2022_cifar_bias_field_63.onnx,vnnlib/cifar_biasfield_vnncomp2022_prop_63.vnnlib,[],[],[],"watchdog killed instance after 75.2s (status=UNKNOWN_TIMEOUT, peak_rss=5353.7 MiB)",/data1/Kane/ACT/audit_results/r93_rerun_20260525T083118Z/gpu_stream2_20260526T132419Z/relusplitter/per_instance_relusplitter_watchdog_iid194_20260526T182942240367Z.json
gpu_full,195,UNKNOWN_TIMEOUT,UNKNOWN,UNKNOWN,,75.445,UNKNOWN_TIMEOUT,True,True,FAILED,6228.08984375,onnx/cifar_biasfield_vnncomp2022_cifar_bias_field_63_RSPLITTER_cifar_biasfield_vnncomp2022_prop_63.onnx,vnnlib/cifar_biasfield_vnncomp2022_prop_63.vnnlib,[],[],[],"watchdog killed instance after 75.4s (status=UNKNOWN_TIMEOUT, peak_rss=6228.1 MiB)",/data1/Kane/ACT/audit_results/r93_rerun_20260525T083118Z/gpu_stream2_20260526T132419Z/relusplitter/per_instance_relusplitter_watchdog_iid195_20260526T183057686735Z.json
gpu_full,196,UNKNOWN_TIMEOUT,UNKNOWN,UNKNOWN,,75.442,UNKNOWN_TIMEOUT,True,True,FAILED,4637.0625,onnx/cifar_biasfield_vnncomp2022_cifar_bias_field_36.onnx,vnnlib/cifar_biasfield_vnncomp2022_prop_36.vnnlib,[],[],[],"watchdog killed instance after 75.4s (status=UNKNOWN_TIMEOUT, peak_rss=4637.1 MiB)",/data1/Kane/ACT/audit_results/r93_rerun_20260525T083118Z/gpu_stream2_20260526T132419Z/relusplitter/per_instance_relusplitter_watchdog_iid196_20260526T183213130758Z.json
gpu_full,197,UNKNOWN_TIMEOUT,UNKNOWN,UNKNOWN,,75.445,UNKNOWN_TIMEOUT,True,True,FAILED,6815.90625,onnx/cifar_biasfield_vnncomp2022_cifar_bias_field_36_RSPLITTER_cifar_biasfield_vnncomp2022_prop_36.onnx,vnnlib/cifar_biasfield_vnncomp2022_prop_36.vnnlib,[],[],[],"watchdog killed instance after 75.4s (status=UNKNOWN_TIMEOUT, peak_rss=6815.9 MiB)",/data1/Kane/ACT/audit_results/r93_rerun_20260525T083118Z/gpu_stream2_20260526T132419Z/relusplitter/per_instance_relusplitter_watchdog_iid197_20260526T183328577540Z.json
gpu_full,198,UNKNOWN_TIMEOUT,UNKNOWN,UNKNOWN,,75.245,UNKNOWN_TIMEOUT,True,True,FAILED,5149.98828125,onnx/cifar_biasfield_vnncomp2022_cifar_bias_field_18.onnx,vnnlib/cifar_biasfield_vnncomp2022_prop_18.vnnlib,[],[],[],"watchdog killed instance after 75.2s (status=UNKNOWN_TIMEOUT, peak_rss=5150.0 MiB)",/data1/Kane/ACT/audit_results/r93_rerun_20260525T083118Z/gpu_stream2_20260526T132419Z/relusplitter/per_instance_relusplitter_watchdog_iid198_20260526T183443824043Z.json
gpu_full,199,UNKNOWN_TIMEOUT,UNKNOWN,UNKNOWN,,75.349,UNKNOWN_TIMEOUT,True,True,FAILED,5013.578125,onnx/cifar_biasfield_vnncomp2022_cifar_bias_field_18_RSPLITTER_cifar_biasfield_vnncomp2022_prop_18.onnx,vnnlib/cifar_biasfield_vnncomp2022_prop_18.vnnlib,[],[],[],"watchdog killed instance after 75.3s (status=UNKNOWN_TIMEOUT, peak_rss=5013.6 MiB)",/data1/Kane/ACT/audit_results/r93_rerun_20260525T083118Z/gpu_stream2_20260526T132419Z/relusplitter/per_instance_relusplitter_watchdog_iid199_20260526T183559174293Z.json
gpu_full,2,UNKNOWN,UNKNOWN,UNKNOWN,UNKNOWN,2.243,,False,,PASSED,,onnx/mnist_fc_vnncomp2022_mnist-net_256x4.onnx,vnnlib/mnist_fc_vnncomp2022_prop_3_0.05.vnnlib,"[""UNKNOWN""]","[""UNKNOWN""]",[null],,/data1/Kane/ACT/audit_results/r93_rerun_20260525T083118Z/gpu_stream2_20260526T132419Z/relusplitter/per_instance_relusplitter_20260526T153714600521Z.json
gpu_full,20,UNKNOWN,UNKNOWN,UNKNOWN,UNKNOWN,6.137,,False,,PASSED,,onnx/mnist_fc_vnncomp2022_mnist-net_256x4.onnx,vnnlib/mnist_fc_vnncomp2022_prop_8_0.05.vnnlib,"[""UNKNOWN""]","[""UNKNOWN""]",[null],,/data1/Kane/ACT/audit_results/r93_rerun_20260525T083118Z/gpu_stream2_20260526T132419Z/relusplitter/per_instance_relusplitter_20260526T154128275790Z.json
gpu_full,200,UNKNOWN_TIMEOUT,UNKNOWN,UNKNOWN,,75.552,UNKNOWN_TIMEOUT,True,True,FAILED,7128.671875,onnx/cifar_biasfield_vnncomp2022_cifar_bias_field_4.onnx,vnnlib/cifar_biasfield_vnncomp2022_prop_4.vnnlib,[],[],[],"watchdog killed instance after 75.6s (status=UNKNOWN_TIMEOUT, peak_rss=7128.7 MiB)",/data1/Kane/ACT/audit_results/r93_rerun_20260525T083118Z/gpu_stream2_20260526T132419Z/relusplitter/per_instance_relusplitter_watchdog_iid200_20260526T183714727548Z.json
gpu_full,201,UNKNOWN_TIMEOUT,UNKNOWN,UNKNOWN,,75.648,UNKNOWN_TIMEOUT,True,True,FAILED,8626.24609375,onnx/cifar_biasfield_vnncomp2022_cifar_bias_field_4_RSPLITTER_cifar_biasfield_vnncomp2022_prop_4.onnx,vnnlib/cifar_biasfield_vnncomp2022_prop_4.vnnlib,[],[],[],"watchdog killed instance after 75.6s (status=UNKNOWN_TIMEOUT, peak_rss=8626.2 MiB)",/data1/Kane/ACT/audit_results/r93_rerun_20260525T083118Z/gpu_stream2_20260526T132419Z/relusplitter/per_instance_relusplitter_watchdog_iid201_20260526T183830376941Z.json
gpu_full,202,UNKNOWN_TIMEOUT,UNKNOWN,UNKNOWN,,75.348,UNKNOWN_TIMEOUT,True,True,FAILED,4425.78125,onnx/cifar_biasfield_vnncomp2022_cifar_bias_field_34.onnx,vnnlib/cifar_biasfield_vnncomp2022_prop_34.vnnlib,[],[],[],"watchdog killed instance after 75.3s (status=UNKNOWN_TIMEOUT, peak_rss=4425.8 MiB)",/data1/Kane/ACT/audit_results/r93_rerun_20260525T083118Z/gpu_stream2_20260526T132419Z/relusplitter/per_instance_relusplitter_watchdog_iid202_20260526T183945726654Z.json
gpu_full,203,UNKNOWN_TIMEOUT,UNKNOWN,UNKNOWN,,75.341,UNKNOWN_TIMEOUT,True,True,FAILED,5132.24609375,onnx/cifar_biasfield_vnncomp2022_cifar_bias_field_34_RSPLITTER_cifar_biasfield_vnncomp2022_prop_34.onnx,vnnlib/cifar_biasfield_vnncomp2022_prop_34.vnnlib,[],[],[],"watchdog killed instance after 75.3s (status=UNKNOWN_TIMEOUT, peak_rss=5132.2 MiB)",/data1/Kane/ACT/audit_results/r93_rerun_20260525T083118Z/gpu_stream2_20260526T132419Z/relusplitter/per_instance_relusplitter_watchdog_iid203_20260526T184101070111Z.json
gpu_full,204,UNKNOWN_TIMEOUT,UNKNOWN,UNKNOWN,,75.245,UNKNOWN_TIMEOUT,True,True,FAILED,6460.078125,onnx/cifar_biasfield_vnncomp2022_cifar_bias_field_25.onnx,vnnlib/cifar_biasfield_vnncomp2022_prop_25.vnnlib,[],[],[],"watchdog killed instance after 75.2s (status=UNKNOWN_TIMEOUT, peak_rss=6460.1 MiB)",/data1/Kane/ACT/audit_results/r93_rerun_20260525T083118Z/gpu_stream2_20260526T132419Z/relusplitter/per_instance_relusplitter_watchdog_iid204_20260526T184216316374Z.json
gpu_full,205,UNKNOWN_TIMEOUT,UNKNOWN,UNKNOWN,,75.447,UNKNOWN_TIMEOUT,True,True,FAILED,6669.53125,onnx/cifar_biasfield_vnncomp2022_cifar_bias_field_25_RSPLITTER_cifar_biasfield_vnncomp2022_prop_25.onnx,vnnlib/cifar_biasfield_vnncomp2022_prop_25.vnnlib,[],[],[],"watchdog killed instance after 75.4s (status=UNKNOWN_TIMEOUT, peak_rss=6669.5 MiB)",/data1/Kane/ACT/audit_results/r93_rerun_20260525T083118Z/gpu_stream2_20260526T132419Z/relusplitter/per_instance_relusplitter_watchdog_iid205_20260526T184331765900Z.json
gpu_full,206,UNKNOWN_TIMEOUT,UNKNOWN,UNKNOWN,,75.446,UNKNOWN_TIMEOUT,True,True,FAILED,6070.59765625,onnx/cifar_biasfield_vnncomp2022_cifar_bias_field_31.onnx,vnnlib/cifar_biasfield_vnncomp2022_prop_31.vnnlib,[],[],[],"watchdog killed instance after 75.4s (status=UNKNOWN_TIMEOUT, peak_rss=6070.6 MiB)",/data1/Kane/ACT/audit_results/r93_rerun_20260525T083118Z/gpu_stream2_20260526T132419Z/relusplitter/per_instance_relusplitter_watchdog_iid206_20260526T184447216812Z.json
gpu_full,207,UNKNOWN_TIMEOUT,UNKNOWN,UNKNOWN,,75.346,UNKNOWN_TIMEOUT,True,True,FAILED,5431.83984375,onnx/cifar_biasfield_vnncomp2022_cifar_bias_field_31_RSPLITTER_cifar_biasfield_vnncomp2022_prop_31.onnx,vnnlib/cifar_biasfield_vnncomp2022_prop_31.vnnlib,[],[],[],"watchdog killed instance after 75.3s (status=UNKNOWN_TIMEOUT, peak_rss=5431.8 MiB)",/data1/Kane/ACT/audit_results/r93_rerun_20260525T083118Z/gpu_stream2_20260526T132419Z/relusplitter/per_instance_relusplitter_watchdog_iid207_20260526T184602564103Z.json
gpu_full,208,UNKNOWN_TIMEOUT,UNKNOWN,UNKNOWN,,75.447,UNKNOWN_TIMEOUT,True,True,FAILED,6910.78125,onnx/cifar_biasfield_vnncomp2022_cifar_bias_field_65.onnx,vnnlib/cifar_biasfield_vnncomp2022_prop_65.vnnlib,[],[],[],"watchdog killed instance after 75.4s (status=UNKNOWN_TIMEOUT, peak_rss=6910.8 MiB)",/data1/Kane/ACT/audit_results/r93_rerun_20260525T083118Z/gpu_stream2_20260526T132419Z/relusplitter/per_instance_relusplitter_watchdog_iid208_20260526T184718014001Z.json
gpu_full,209,UNKNOWN_TIMEOUT,UNKNOWN,UNKNOWN,,75.249,UNKNOWN_TIMEOUT,True,True,FAILED,7442.9765625,onnx/cifar_biasfield_vnncomp2022_cifar_bias_field_65_RSPLITTER_cifar_biasfield_vnncomp2022_prop_65.onnx,vnnlib/cifar_biasfield_vnncomp2022_prop_65.vnnlib,[],[],[],"watchdog killed instance after 75.2s (status=UNKNOWN_TIMEOUT, peak_rss=7443.0 MiB)",/data1/Kane/ACT/audit_results/r93_rerun_20260525T083118Z/gpu_stream2_20260526T132419Z/relusplitter/per_instance_relusplitter_watchdog_iid209_20260526T184833264148Z.json
gpu_full,21,UNKNOWN,UNKNOWN,UNKNOWN,UNKNOWN,20.166,,False,,PASSED,,onnx/mnist_fc_vnncomp2022_mnist-net_256x4_RSPLITTER_mnist_fc_vnncomp2022_prop_8_0.05.onnx,vnnlib/mnist_fc_vnncomp2022_prop_8_0.05.vnnlib,"[""UNKNOWN""]","[""UNKNOWN""]",[null],,/data1/Kane/ACT/audit_results/r93_rerun_20260525T083118Z/gpu_stream2_20260526T132419Z/relusplitter/per_instance_relusplitter_20260526T154151803171Z.json
gpu_full,210,UNKNOWN_TIMEOUT,UNKNOWN,UNKNOWN,,75.452,UNKNOWN_TIMEOUT,True,True,FAILED,6981.15234375,onnx/cifar_biasfield_vnncomp2022_cifar_bias_field_52.onnx,vnnlib/cifar_biasfield_vnncomp2022_prop_52.vnnlib,[],[],[],"watchdog killed instance after 75.5s (status=UNKNOWN_TIMEOUT, peak_rss=6981.2 MiB)",/data1/Kane/ACT/audit_results/r93_rerun_20260525T083118Z/gpu_stream2_20260526T132419Z/relusplitter/per_instance_relusplitter_watchdog_iid210_20260526T184948718549Z.json
gpu_full,211,UNKNOWN_TIMEOUT,UNKNOWN,UNKNOWN,,75.548,UNKNOWN_TIMEOUT,True,True,FAILED,7691.0390625,onnx/cifar_biasfield_vnncomp2022_cifar_bias_field_52_RSPLITTER_cifar_biasfield_vnncomp2022_prop_52.onnx,vnnlib/cifar_biasfield_vnncomp2022_prop_52.vnnlib,[],[],[],"watchdog killed instance after 75.5s (status=UNKNOWN_TIMEOUT, peak_rss=7691.0 MiB)",/data1/Kane/ACT/audit_results/r93_rerun_20260525T083118Z/gpu_stream2_20260526T132419Z/relusplitter/per_instance_relusplitter_watchdog_iid211_20260526T185104268013Z.json
gpu_full,212,UNKNOWN_TIMEOUT,UNKNOWN,UNKNOWN,,75.236,UNKNOWN_TIMEOUT,True,True,FAILED,5915.14453125,onnx/cifar_biasfield_vnncomp2022_cifar_bias_field_60.onnx,vnnlib/cifar_biasfield_vnncomp2022_prop_60.vnnlib,[],[],[],"watchdog killed instance after 75.2s (status=UNKNOWN_TIMEOUT, peak_rss=5915.1 MiB)",/data1/Kane/ACT/audit_results/r93_rerun_20260525T083118Z/gpu_stream2_20260526T132419Z/relusplitter/per_instance_relusplitter_watchdog_iid212_20260526T185219505582Z.json
gpu_full,213,UNKNOWN_TIMEOUT,UNKNOWN,UNKNOWN,,75.244,UNKNOWN_TIMEOUT,True,True,FAILED,6226.3125,onnx/cifar_biasfield_vnncomp2022_cifar_bias_field_60_RSPLITTER_cifar_biasfield_vnncomp2022_prop_60.onnx,vnnlib/cifar_biasfield_vnncomp2022_prop_60.vnnlib,[],[],[],"watchdog killed instance after 75.2s (status=UNKNOWN_TIMEOUT, peak_rss=6226.3 MiB)",/data1/Kane/ACT/audit_results/r93_rerun_20260525T083118Z/gpu_stream2_20260526T132419Z/relusplitter/per_instance_relusplitter_watchdog_iid213_20260526T185334752060Z.json
gpu_full,214,UNKNOWN_TIMEOUT,UNKNOWN,UNKNOWN,,75.247,UNKNOWN_TIMEOUT,True,True,FAILED,5276.05859375,onnx/cifar_biasfield_vnncomp2022_cifar_bias_field_12.onnx,vnnlib/cifar_biasfield_vnncomp2022_prop_12.vnnlib,[],[],[],"watchdog killed instance after 75.2s (status=UNKNOWN_TIMEOUT, peak_rss=5276.1 MiB)",/data1/Kane/ACT/audit_results/r93_rerun_20260525T083118Z/gpu_stream2_20260526T132419Z/relusplitter/per_instance_relusplitter_watchdog_iid214_20260526T185450000344Z.json
gpu_full,215,UNKNOWN_TIMEOUT,UNKNOWN,UNKNOWN,,75.446,UNKNOWN_TIMEOUT,True,True,FAILED,7164.58984375,onnx/cifar_biasfield_vnncomp2022_cifar_bias_field_12_RSPLITTER_cifar_biasfield_vnncomp2022_prop_12.onnx,vnnlib/cifar_biasfield_vnncomp2022_prop_12.vnnlib,[],[],[],"watchdog killed instance after 75.4s (status=UNKNOWN_TIMEOUT, peak_rss=7164.6 MiB)",/data1/Kane/ACT/audit_results/r93_rerun_20260525T083118Z/gpu_stream2_20260526T132419Z/relusplitter/per_instance_relusplitter_watchdog_iid215_20260526T185605449522Z.json
gpu_full,216,UNKNOWN_TIMEOUT,UNKNOWN,UNKNOWN,,75.25,UNKNOWN_TIMEOUT,True,True,FAILED,8894.8671875,onnx/cifar_biasfield_vnncomp2022_cifar_bias_field_17.onnx,vnnlib/cifar_biasfield_vnncomp2022_prop_17.vnnlib,[],[],[],"watchdog killed instance after 75.2s (status=UNKNOWN_TIMEOUT, peak_rss=8894.9 MiB)",/data1/Kane/ACT/audit_results/r93_rerun_20260525T083118Z/gpu_stream2_20260526T132419Z/relusplitter/per_instance_relusplitter_watchdog_iid216_20260526T185720701828Z.json
gpu_full,217,UNKNOWN_TIMEOUT,UNKNOWN,UNKNOWN,,75.25,UNKNOWN_TIMEOUT,True,True,FAILED,7938.41796875,onnx/cifar_biasfield_vnncomp2022_cifar_bias_field_17_RSPLITTER_cifar_biasfield_vnncomp2022_prop_17.onnx,vnnlib/cifar_biasfield_vnncomp2022_prop_17.vnnlib,[],[],[],"watchdog killed instance after 75.3s (status=UNKNOWN_TIMEOUT, peak_rss=7938.4 MiB)",/data1/Kane/ACT/audit_results/r93_rerun_20260525T083118Z/gpu_stream2_20260526T132419Z/relusplitter/per_instance_relusplitter_watchdog_iid217_20260526T185835954687Z.json
gpu_full,218,UNKNOWN_TIMEOUT,UNKNOWN,UNKNOWN,,75.349,UNKNOWN_TIMEOUT,True,True,FAILED,5674.08984375,onnx/cifar_biasfield_vnncomp2022_cifar_bias_field_0.onnx,vnnlib/cifar_biasfield_vnncomp2022_prop_0.vnnlib,[],[],[],"watchdog killed instance after 75.3s (status=UNKNOWN_TIMEOUT, peak_rss=5674.1 MiB)",/data1/Kane/ACT/audit_results/r93_rerun_20260525T083118Z/gpu_stream2_20260526T132419Z/relusplitter/per_instance_relusplitter_watchdog_iid218_20260526T185951306172Z.json
gpu_full,219,UNKNOWN_TIMEOUT,UNKNOWN,UNKNOWN,,75.349,UNKNOWN_TIMEOUT,True,True,FAILED,4895.1875,onnx/cifar_biasfield_vnncomp2022_cifar_bias_field_0_RSPLITTER_cifar_biasfield_vnncomp2022_prop_0.onnx,vnnlib/cifar_biasfield_vnncomp2022_prop_0.vnnlib,[],[],[],"watchdog killed instance after 75.3s (status=UNKNOWN_TIMEOUT, peak_rss=4895.2 MiB)",/data1/Kane/ACT/audit_results/r93_rerun_20260525T083118Z/gpu_stream2_20260526T132419Z/relusplitter/per_instance_relusplitter_watchdog_iid219_20260526T190106657289Z.json
gpu_full,22,CERTIFIED,UNSAT,CERTIFIED,CERTIFIED,2.439,,False,,PASSED,,onnx/mnist_fc_vnncomp2022_mnist-net_256x4.onnx,vnnlib/mnist_fc_vnncomp2022_prop_14_0.03.vnnlib,"[""UNSAT""]","[""CERTIFIED""]",[null],,/data1/Kane/ACT/audit_results/r93_rerun_20260525T083118Z/gpu_stream2_20260526T132419Z/relusplitter/per_instance_relusplitter_20260526T154157639086Z.json
gpu_full,23,UNKNOWN,UNKNOWN,UNKNOWN,UNKNOWN,6.2,,False,,PASSED,,onnx/mnist_fc_vnncomp2022_mnist-net_256x4_RSPLITTER_mnist_fc_vnncomp2022_prop_14_0.03.onnx,vnnlib/mnist_fc_vnncomp2022_prop_14_0.03.vnnlib,"[""UNKNOWN""]","[""UNKNOWN""]",[null],,/data1/Kane/ACT/audit_results/r93_rerun_20260525T083118Z/gpu_stream2_20260526T132419Z/relusplitter/per_instance_relusplitter_20260526T154207374072Z.json
gpu_full,24,UNKNOWN,UNKNOWN,UNKNOWN,UNKNOWN,11.756,,False,,PASSED,,onnx/mnist_fc_vnncomp2022_mnist-net_256x4.onnx,vnnlib/mnist_fc_vnncomp2022_prop_13_0.03.vnnlib,"[""UNKNOWN""]","[""UNKNOWN""]",[null],,/data1/Kane/ACT/audit_results/r93_rerun_20260525T083118Z/gpu_stream2_20260526T132419Z/relusplitter/per_instance_relusplitter_20260526T154222417276Z.json
gpu_full,25,UNKNOWN,UNKNOWN,UNKNOWN,UNKNOWN,11.438,,False,,PASSED,,onnx/mnist_fc_vnncomp2022_mnist-net_256x4_RSPLITTER_mnist_fc_vnncomp2022_prop_13_0.03.onnx,vnnlib/mnist_fc_vnncomp2022_prop_13_0.03.vnnlib,"[""UNKNOWN""]","[""UNKNOWN""]",[null],,/data1/Kane/ACT/audit_results/r93_rerun_20260525T083118Z/gpu_stream2_20260526T132419Z/relusplitter/per_instance_relusplitter_20260526T154237132733Z.json
gpu_full,26,UNKNOWN,UNKNOWN,UNKNOWN,UNKNOWN,19.377,,False,,PASSED,,onnx/mnist_fc_vnncomp2022_mnist-net_256x4.onnx,vnnlib/mnist_fc_vnncomp2022_prop_2_0.05.vnnlib,"[""UNKNOWN""]","[""UNKNOWN""]",[null],,/data1/Kane/ACT/audit_results/r93_rerun_20260525T083118Z/gpu_stream2_20260526T132419Z/relusplitter/per_instance_relusplitter_20260526T154300086879Z.json
gpu_full,27,UNKNOWN,UNKNOWN,UNKNOWN,UNKNOWN,19.304,,False,,PASSED,,onnx/mnist_fc_vnncomp2022_mnist-net_256x4_RSPLITTER_mnist_fc_vnncomp2022_prop_2_0.05.onnx,vnnlib/mnist_fc_vnncomp2022_prop_2_0.05.vnnlib,"[""UNKNOWN""]","[""UNKNOWN""]",[null],,/data1/Kane/ACT/audit_results/r93_rerun_20260525T083118Z/gpu_stream2_20260526T132419Z/relusplitter/per_instance_relusplitter_20260526T154323011916Z.json
gpu_full,28,CERTIFIED,UNSAT,CERTIFIED,CERTIFIED,1.674,,False,,PASSED,,onnx/mnist_fc_vnncomp2022_mnist-net_256x4.onnx,vnnlib/mnist_fc_vnncomp2022_prop_11_0.03.vnnlib,"[""UNSAT""]","[""CERTIFIED""]",[null],,/data1/Kane/ACT/audit_results/r93_rerun_20260525T083118Z/gpu_stream2_20260526T132419Z/relusplitter/per_instance_relusplitter_20260526T154327895407Z.json
gpu_full,29,UNKNOWN,UNKNOWN,UNKNOWN,UNKNOWN,4.548,,False,,PASSED,,onnx/mnist_fc_vnncomp2022_mnist-net_256x4_RSPLITTER_mnist_fc_vnncomp2022_prop_11_0.03.onnx,vnnlib/mnist_fc_vnncomp2022_prop_11_0.03.vnnlib,"[""UNKNOWN""]","[""UNKNOWN""]",[null],,/data1/Kane/ACT/audit_results/r93_rerun_20260525T083118Z/gpu_stream2_20260526T132419Z/relusplitter/per_instance_relusplitter_20260526T154335779420Z.json
gpu_full,3,UNKNOWN,UNKNOWN,UNKNOWN,UNKNOWN,5.439,,False,,PASSED,,onnx/mnist_fc_vnncomp2022_mnist-net_256x4_RSPLITTER_mnist_fc_vnncomp2022_prop_3_0.05.onnx,vnnlib/mnist_fc_vnncomp2022_prop_3_0.05.vnnlib,"[""UNKNOWN""]","[""UNKNOWN""]",[null],,/data1/Kane/ACT/audit_results/r93_rerun_20260525T083118Z/gpu_stream2_20260526T132419Z/relusplitter/per_instance_relusplitter_20260526T153723338995Z.json
gpu_full,30,UNKNOWN,UNKNOWN,UNKNOWN,UNKNOWN,10.417,,False,,PASSED,,onnx/mnist_fc_vnncomp2022_mnist-net_256x4.onnx,vnnlib/mnist_fc_vnncomp2022_prop_11_0.05.vnnlib,"[""UNKNOWN""]","[""UNKNOWN""]",[null],,/data1/Kane/ACT/audit_results/r93_rerun_20260525T083118Z/gpu_stream2_20260526T132419Z/relusplitter/per_instance_relusplitter_20260526T154349673609Z.json
gpu_full,31,UNKNOWN,UNKNOWN,UNKNOWN,UNKNOWN,8.209,,False,,PASSED,,onnx/mnist_fc_vnncomp2022_mnist-net_256x4_RSPLITTER_mnist_fc_vnncomp2022_prop_11_0.05.onnx,vnnlib/mnist_fc_vnncomp2022_prop_11_0.05.vnnlib,"[""UNKNOWN""]","[""UNKNOWN""]",[null],,/data1/Kane/ACT/audit_results/r93_rerun_20260525T083118Z/gpu_stream2_20260526T132419Z/relusplitter/per_instance_relusplitter_20260526T154401461046Z.json
gpu_full,32,CERTIFIED,UNSAT,CERTIFIED,CERTIFIED,7.816,,False,,PASSED,,onnx/mnist_fc_vnncomp2022_mnist-net_256x4.onnx,vnnlib/mnist_fc_vnncomp2022_prop_10_0.03.vnnlib,"[""UNSAT""]","[""CERTIFIED""]",[null],,/data1/Kane/ACT/audit_results/r93_rerun_20260525T083118Z/gpu_stream2_20260526T132419Z/relusplitter/per_instance_relusplitter_20260526T154412587634Z.json
gpu_full,33,UNKNOWN,UNKNOWN,UNKNOWN,UNKNOWN,5.479,,False,,PASSED,,onnx/mnist_fc_vnncomp2022_mnist-net_256x4_RSPLITTER_mnist_fc_vnncomp2022_prop_10_0.03.onnx,vnnlib/mnist_fc_vnncomp2022_prop_10_0.03.vnnlib,"[""UNKNOWN""]","[""UNKNOWN""]",[null],,/data1/Kane/ACT/audit_results/r93_rerun_20260525T083118Z/gpu_stream2_20260526T132419Z/relusplitter/per_instance_relusplitter_20260526T154421756742Z.json
gpu_full,34,UNKNOWN,UNKNOWN,UNKNOWN,UNKNOWN,2.352,,False,,PASSED,,onnx/mnist_fc_vnncomp2022_mnist-net_256x4.onnx,vnnlib/mnist_fc_vnncomp2022_prop_9_0.03.vnnlib,"[""UNKNOWN""]","[""UNKNOWN""]",[null],,/data1/Kane/ACT/audit_results/r93_rerun_20260525T083118Z/gpu_stream2_20260526T132419Z/relusplitter/per_instance_relusplitter_20260526T154427657311Z.json
gpu_full,35,UNKNOWN,UNKNOWN,UNKNOWN,UNKNOWN,11.025,,False,,PASSED,,onnx/mnist_fc_vnncomp2022_mnist-net_256x4_RSPLITTER_mnist_fc_vnncomp2022_prop_9_0.03.onnx,vnnlib/mnist_fc_vnncomp2022_prop_9_0.03.vnnlib,"[""UNKNOWN""]","[""UNKNOWN""]",[null],,/data1/Kane/ACT/audit_results/r93_rerun_20260525T083118Z/gpu_stream2_20260526T132419Z/relusplitter/per_instance_relusplitter_20260526T154442298523Z.json
gpu_full,36,UNKNOWN,UNKNOWN,UNKNOWN,UNKNOWN,9.567,,False,,PASSED,,onnx/mnist_fc_vnncomp2022_mnist-net_256x4.onnx,vnnlib/mnist_fc_vnncomp2022_prop_10_0.05.vnnlib,"[""UNKNOWN""]","[""UNKNOWN""]",[null],,/data1/Kane/ACT/audit_results/r93_rerun_20260525T083118Z/gpu_stream2_20260526T132419Z/relusplitter/per_instance_relusplitter_20260526T154455380591Z.json
gpu_full,37,UNKNOWN,UNKNOWN,UNKNOWN,UNKNOWN,10.77,,False,,PASSED,,onnx/mnist_fc_vnncomp2022_mnist-net_256x4_RSPLITTER_mnist_fc_vnncomp2022_prop_10_0.05.onnx,vnnlib/mnist_fc_vnncomp2022_prop_10_0.05.vnnlib,"[""UNKNOWN""]","[""UNKNOWN""]",[null],,/data1/Kane/ACT/audit_results/r93_rerun_20260525T083118Z/gpu_stream2_20260526T132419Z/relusplitter/per_instance_relusplitter_20260526T154509572984Z.json
gpu_full,38,UNKNOWN,UNKNOWN,UNKNOWN,UNKNOWN,4.043,,False,,PASSED,,onnx/mnist_fc_vnncomp2022_mnist-net_256x4.onnx,vnnlib/mnist_fc_vnncomp2022_prop_4_0.03.vnnlib,"[""UNKNOWN""]","[""UNKNOWN""]",[null],,/data1/Kane/ACT/audit_results/r93_rerun_20260525T083118Z/gpu_stream2_20260526T132419Z/relusplitter/per_instance_relusplitter_20260526T154516888678Z.json
gpu_full,39,UNKNOWN,UNKNOWN,UNKNOWN,UNKNOWN,8.825,,False,,PASSED,,onnx/mnist_fc_vnncomp2022_mnist-net_256x4_RSPLITTER_mnist_fc_vnncomp2022_prop_4_0.03.onnx,vnnlib/mnist_fc_vnncomp2022_prop_4_0.03.vnnlib,"[""UNKNOWN""]","[""UNKNOWN""]",[null],,/data1/Kane/ACT/audit_results/r93_rerun_20260525T083118Z/gpu_stream2_20260526T132419Z/relusplitter/per_instance_relusplitter_20260526T154529146116Z.json
gpu_full,4,UNKNOWN,UNKNOWN,UNKNOWN,UNKNOWN,13.213,,False,,PASSED,,onnx/mnist_fc_vnncomp2022_mnist-net_256x4.onnx,vnnlib/mnist_fc_vnncomp2022_prop_6_0.05.vnnlib,"[""UNKNOWN""]","[""UNKNOWN""]",[null],,/data1/Kane/ACT/audit_results/r93_rerun_20260525T083118Z/gpu_stream2_20260526T132419Z/relusplitter/per_instance_relusplitter_20260526T153739570972Z.json
gpu_full,40,UNKNOWN,UNKNOWN,UNKNOWN,UNKNOWN,29.135,,False,,PASSED,,onnx/mnist_fc_vnncomp2022_mnist-net_256x6.onnx,vnnlib/mnist_fc_vnncomp2022_prop_7_0.05.vnnlib,"[""UNKNOWN""]","[""UNKNOWN""]",[null],,/data1/Kane/ACT/audit_results/r93_rerun_20260525T083118Z/gpu_stream2_20260526T132419Z/relusplitter/per_instance_relusplitter_20260526T154601986865Z.json
gpu_full,41,UNKNOWN,UNKNOWN,UNKNOWN,UNKNOWN,26.452,,False,,PASSED,,onnx/mnist_fc_vnncomp2022_mnist-net_256x6_RSPLITTER_mnist_fc_vnncomp2022_prop_7_0.05.onnx,vnnlib/mnist_fc_vnncomp2022_prop_7_0.05.vnnlib,"[""UNKNOWN""]","[""UNKNOWN""]",[null],,/data1/Kane/ACT/audit_results/r93_rerun_20260525T083118Z/gpu_stream2_20260526T132419Z/relusplitter/per_instance_relusplitter_20260526T154631807920Z.json
gpu_full,42,UNKNOWN,UNKNOWN,UNKNOWN,UNKNOWN,4.628,,False,,PASSED,,onnx/mnist_fc_vnncomp2022_mnist-net_256x6.onnx,vnnlib/mnist_fc_vnncomp2022_prop_4_0.05.vnnlib,"[""UNKNOWN""]","[""UNKNOWN""]",[null],,/data1/Kane/ACT/audit_results/r93_rerun_20260525T083118Z/gpu_stream2_20260526T132419Z/relusplitter/per_instance_relusplitter_20260526T154640006462Z.json
gpu_full,43,UNKNOWN,UNKNOWN,UNKNOWN,UNKNOWN,53.661,,False,,PASSED,,onnx/mnist_fc_vnncomp2022_mnist-net_256x6_RSPLITTER_mnist_fc_vnncomp2022_prop_4_0.05.onnx,vnnlib/mnist_fc_vnncomp2022_prop_4_0.05.vnnlib,"[""UNKNOWN""]","[""UNKNOWN""]",[null],,/data1/Kane/ACT/audit_results/r93_rerun_20260525T083118Z/gpu_stream2_20260526T132419Z/relusplitter/per_instance_relusplitter_20260526T154737073939Z.json
gpu_full,44,UNKNOWN,UNKNOWN,UNKNOWN,UNKNOWN,3.648,,False,,PASSED,,onnx/mnist_fc_vnncomp2022_mnist-net_256x6.onnx,vnnlib/mnist_fc_vnncomp2022_prop_3_0.05.vnnlib,"[""UNKNOWN""]","[""UNKNOWN""]",[null],,/data1/Kane/ACT/audit_results/r93_rerun_20260525T083118Z/gpu_stream2_20260526T132419Z/relusplitter/per_instance_relusplitter_20260526T154744064133Z.json
gpu_full,45,ERROR_WATCHDOG_EXIT_NONZERO,ERROR,ERROR,,4.003,EXIT_NONZERO,True,True,FAILED,888.375,onnx/mnist_fc_vnncomp2022_mnist-net_256x6_RSPLITTER_mnist_fc_vnncomp2022_prop_3_0.05.onnx,vnnlib/mnist_fc_vnncomp2022_prop_3_0.05.vnnlib,[],[],[],"watchdog killed instance after 4.0s (status=EXIT_NONZERO, peak_rss=888.4 MiB)",/data1/Kane/ACT/audit_results/r93_rerun_20260525T083118Z/gpu_stream2_20260526T132419Z/relusplitter/per_instance_relusplitter_watchdog_iid45_20260526T154749068598Z.json
gpu_full,46,CERTIFIED,UNSAT,CERTIFIED,CERTIFIED,1.07,,False,,PASSED,,onnx/mnist_fc_vnncomp2022_mnist-net_256x6.onnx,vnnlib/mnist_fc_vnncomp2022_prop_3_0.03.vnnlib,"[""UNSAT""]","[""CERTIFIED""]",[null],,/data1/Kane/ACT/audit_results/r93_rerun_20260525T083118Z/gpu_stream2_20260526T132419Z/relusplitter/per_instance_relusplitter_20260526T154752551918Z.json
gpu_full,47,CERTIFIED,UNSAT,CERTIFIED,CERTIFIED,2.221,,False,,PASSED,,onnx/mnist_fc_vnncomp2022_mnist-net_256x6_RSPLITTER_mnist_fc_vnncomp2022_prop_3_0.03.onnx,vnnlib/mnist_fc_vnncomp2022_prop_3_0.03.vnnlib,"[""UNSAT""]","[""CERTIFIED""]",[null],,/data1/Kane/ACT/audit_results/r93_rerun_20260525T083118Z/gpu_stream2_20260526T132419Z/relusplitter/per_instance_relusplitter_20260526T154758162591Z.json
gpu_full,48,UNKNOWN,UNKNOWN,UNKNOWN,UNKNOWN,58.781,,False,,PASSED,,onnx/mnist_fc_vnncomp2022_mnist-net_256x6.onnx,vnnlib/mnist_fc_vnncomp2022_prop_14_0.05.vnnlib,"[""UNKNOWN""]","[""UNKNOWN""]",[null],,/data1/Kane/ACT/audit_results/r93_rerun_20260525T083118Z/gpu_stream2_20260526T132419Z/relusplitter/per_instance_relusplitter_20260526T154900218242Z.json
gpu_full,49,UNKNOWN,UNKNOWN,UNKNOWN,UNKNOWN,70.629,,False,,PASSED,,onnx/mnist_fc_vnncomp2022_mnist-net_256x6_RSPLITTER_mnist_fc_vnncomp2022_prop_14_0.05.onnx,vnnlib/mnist_fc_vnncomp2022_prop_14_0.05.vnnlib,"[""UNKNOWN""]","[""UNKNOWN""]",[null],,/data1/Kane/ACT/audit_results/r93_rerun_20260525T083118Z/gpu_stream2_20260526T132419Z/relusplitter/per_instance_relusplitter_20260526T155014607469Z.json
gpu_full,5,UNKNOWN,UNKNOWN,UNKNOWN,UNKNOWN,10.16,,False,,PASSED,,onnx/mnist_fc_vnncomp2022_mnist-net_256x4_RSPLITTER_mnist_fc_vnncomp2022_prop_6_0.05.onnx,vnnlib/mnist_fc_vnncomp2022_prop_6_0.05.vnnlib,"[""UNKNOWN""]","[""UNKNOWN""]",[null],,/data1/Kane/ACT/audit_results/r93_rerun_20260525T083118Z/gpu_stream2_20260526T132419Z/relusplitter/per_instance_relusplitter_20260526T153753079286Z.json
gpu_full,50,UNKNOWN,UNKNOWN,UNKNOWN,UNKNOWN,70.102,,False,,PASSED,,onnx/mnist_fc_vnncomp2022_mnist-net_256x6.onnx,vnnlib/mnist_fc_vnncomp2022_prop_0_0.05.vnnlib,"[""UNKNOWN""]","[""UNKNOWN""]",[null],,/data1/Kane/ACT/audit_results/r93_rerun_20260525T083118Z/gpu_stream2_20260526T132419Z/relusplitter/per_instance_relusplitter_20260526T155128127901Z.json
gpu_full,51,UNKNOWN,UNKNOWN,UNKNOWN,UNKNOWN,71.62,,False,,PASSED,,onnx/mnist_fc_vnncomp2022_mnist-net_256x6_RSPLITTER_mnist_fc_vnncomp2022_prop_0_0.05.onnx,vnnlib/mnist_fc_vnncomp2022_prop_0_0.05.vnnlib,"[""UNKNOWN""]","[""UNKNOWN""]",[null],,/data1/Kane/ACT/audit_results/r93_rerun_20260525T083118Z/gpu_stream2_20260526T132419Z/relusplitter/per_instance_relusplitter_20260526T155243202799Z.json
gpu_full,52,UNKNOWN,UNKNOWN,UNKNOWN,UNKNOWN,18.632,,False,,PASSED,,onnx/mnist_fc_vnncomp2022_mnist-net_256x6.onnx,vnnlib/mnist_fc_vnncomp2022_prop_9_0.03.vnnlib,"[""UNKNOWN""]","[""UNKNOWN""]",[null],,/data1/Kane/ACT/audit_results/r93_rerun_20260525T083118Z/gpu_stream2_20260526T132419Z/relusplitter/per_instance_relusplitter_20260526T155305318371Z.json
gpu_full,53,UNKNOWN,UNKNOWN,UNKNOWN,UNKNOWN,68.587,,False,,PASSED,,onnx/mnist_fc_vnncomp2022_mnist-net_256x6_RSPLITTER_mnist_fc_vnncomp2022_prop_9_0.03.onnx,vnnlib/mnist_fc_vnncomp2022_prop_9_0.03.vnnlib,"[""UNKNOWN""]","[""UNKNOWN""]",[null],,/data1/Kane/ACT/audit_results/r93_rerun_20260525T083118Z/gpu_stream2_20260526T132419Z/relusplitter/per_instance_relusplitter_20260526T155417255427Z.json
gpu_full,54,UNKNOWN,UNKNOWN,UNKNOWN,UNKNOWN,65.331,,False,,PASSED,,onnx/mnist_fc_vnncomp2022_mnist-net_256x6.onnx,vnnlib/mnist_fc_vnncomp2022_prop_12_0.03.vnnlib,"[""UNKNOWN""]","[""UNKNOWN""]",[null],,/data1/Kane/ACT/audit_results/r93_rerun_20260525T083118Z/gpu_stream2_20260526T132419Z/relusplitter/per_instance_relusplitter_20260526T155526233938Z.json
gpu_full,55,UNKNOWN,UNKNOWN,UNKNOWN,UNKNOWN,45.045,,False,,PASSED,,onnx/mnist_fc_vnncomp2022_mnist-net_256x6_RSPLITTER_mnist_fc_vnncomp2022_prop_12_0.03.onnx,vnnlib/mnist_fc_vnncomp2022_prop_12_0.03.vnnlib,"[""UNKNOWN""]","[""UNKNOWN""]",[null],,/data1/Kane/ACT/audit_results/r93_rerun_20260525T083118Z/gpu_stream2_20260526T132419Z/relusplitter/per_instance_relusplitter_20260526T155614902605Z.json
gpu_full,56,UNKNOWN,UNKNOWN,UNKNOWN,UNKNOWN,38.137,,False,,PASSED,,onnx/mnist_fc_vnncomp2022_mnist-net_256x6.onnx,vnnlib/mnist_fc_vnncomp2022_prop_1_0.03.vnnlib,"[""UNKNOWN""]","[""UNKNOWN""]",[null],,/data1/Kane/ACT/audit_results/r93_rerun_20260525T083118Z/gpu_stream2_20260526T132419Z/relusplitter/per_instance_relusplitter_20260526T155656482687Z.json
gpu_full,57,UNKNOWN,UNKNOWN,UNKNOWN,UNKNOWN,52.454,,False,,PASSED,,onnx/mnist_fc_vnncomp2022_mnist-net_256x6_RSPLITTER_mnist_fc_vnncomp2022_prop_1_0.03.onnx,vnnlib/mnist_fc_vnncomp2022_prop_1_0.03.vnnlib,"[""UNKNOWN""]","[""UNKNOWN""]",[null],,/data1/Kane/ACT/audit_results/r93_rerun_20260525T083118Z/gpu_stream2_20260526T132419Z/relusplitter/per_instance_relusplitter_20260526T155752270895Z.json
gpu_full,58,UNKNOWN,UNKNOWN,UNKNOWN,UNKNOWN,67.252,,False,,PASSED,,onnx/mnist_fc_vnncomp2022_mnist-net_256x6.onnx,vnnlib/mnist_fc_vnncomp2022_prop_5_0.05.vnnlib,"[""UNKNOWN""]","[""UNKNOWN""]",[null],,/data1/Kane/ACT/audit_results/r93_rerun_20260525T083118Z/gpu_stream2_20260526T132419Z/relusplitter/per_instance_relusplitter_20260526T155902758045Z.json
gpu_full,59,UNKNOWN,UNKNOWN,UNKNOWN,UNKNOWN,29.252,,False,,PASSED,,onnx/mnist_fc_vnncomp2022_mnist-net_256x6_RSPLITTER_mnist_fc_vnncomp2022_prop_5_0.05.onnx,vnnlib/mnist_fc_vnncomp2022_prop_5_0.05.vnnlib,"[""UNKNOWN""]","[""UNKNOWN""]",[null],,/data1/Kane/ACT/audit_results/r93_rerun_20260525T083118Z/gpu_stream2_20260526T132419Z/relusplitter/per_instance_relusplitter_20260526T155936117535Z.json
gpu_full,6,UNKNOWN,UNKNOWN,UNKNOWN,UNKNOWN,3.702,,False,,PASSED,,onnx/mnist_fc_vnncomp2022_mnist-net_256x4.onnx,vnnlib/mnist_fc_vnncomp2022_prop_0_0.03.vnnlib,"[""UNKNOWN""]","[""UNKNOWN""]",[null],,/data1/Kane/ACT/audit_results/r93_rerun_20260525T083118Z/gpu_stream2_20260526T132419Z/relusplitter/per_instance_relusplitter_20260526T153800126743Z.json
gpu_full,60,UNKNOWN,UNKNOWN,UNKNOWN,UNKNOWN,65.352,,False,,PASSED,,onnx/mnist_fc_vnncomp2022_mnist-net_256x6.onnx,vnnlib/mnist_fc_vnncomp2022_prop_10_0.05.vnnlib,"[""UNKNOWN""]","[""UNKNOWN""]",[null],,/data1/Kane/ACT/audit_results/r93_rerun_20260525T083118Z/gpu_stream2_20260526T132419Z/relusplitter/per_instance_relusplitter_20260526T160045288388Z.json
gpu_full,61,UNKNOWN,UNKNOWN,UNKNOWN,UNKNOWN,50.352,,False,,PASSED,,onnx/mnist_fc_vnncomp2022_mnist-net_256x6_RSPLITTER_mnist_fc_vnncomp2022_prop_10_0.05.onnx,vnnlib/mnist_fc_vnncomp2022_prop_10_0.05.vnnlib,"[""UNKNOWN""]","[""UNKNOWN""]",[null],,/data1/Kane/ACT/audit_results/r93_rerun_20260525T083118Z/gpu_stream2_20260526T132419Z/relusplitter/per_instance_relusplitter_20260526T160139257849Z.json
gpu_full,62,UNKNOWN,UNKNOWN,UNKNOWN,UNKNOWN,9.258,,False,,PASSED,,onnx/mnist_fc_vnncomp2022_mnist-net_256x6.onnx,vnnlib/mnist_fc_vnncomp2022_prop_11_0.03.vnnlib,"[""UNKNOWN""]","[""UNKNOWN""]",[null],,/data1/Kane/ACT/audit_results/r93_rerun_20260525T083118Z/gpu_stream2_20260526T132419Z/relusplitter/per_instance_relusplitter_20260526T160152120158Z.json
gpu_full,63,UNKNOWN,UNKNOWN,UNKNOWN,UNKNOWN,35.016,,False,,PASSED,,onnx/mnist_fc_vnncomp2022_mnist-net_256x6_RSPLITTER_mnist_fc_vnncomp2022_prop_11_0.03.onnx,vnnlib/mnist_fc_vnncomp2022_prop_11_0.03.vnnlib,"[""UNKNOWN""]","[""UNKNOWN""]",[null],,/data1/Kane/ACT/audit_results/r93_rerun_20260525T083118Z/gpu_stream2_20260526T132419Z/relusplitter/per_instance_relusplitter_20260526T160230304098Z.json
gpu_full,64,CERTIFIED,UNSAT,CERTIFIED,CERTIFIED,1.816,,False,,PASSED,,onnx/mnist_fc_vnncomp2022_mnist-net_256x6.onnx,vnnlib/mnist_fc_vnncomp2022_prop_6_0.03.vnnlib,"[""UNSAT""]","[""CERTIFIED""]",[null],,/data1/Kane/ACT/audit_results/r93_rerun_20260525T083118Z/gpu_stream2_20260526T132419Z/relusplitter/per_instance_relusplitter_20260526T160235626397Z.json
gpu_full,65,UNKNOWN,UNKNOWN,UNKNOWN,UNKNOWN,66.875,,False,,PASSED,,onnx/mnist_fc_vnncomp2022_mnist-net_256x6_RSPLITTER_mnist_fc_vnncomp2022_prop_6_0.03.onnx,vnnlib/mnist_fc_vnncomp2022_prop_6_0.03.vnnlib,"[""UNKNOWN""]","[""UNKNOWN""]",[null],,/data1/Kane/ACT/audit_results/r93_rerun_20260525T083118Z/gpu_stream2_20260526T132419Z/relusplitter/per_instance_relusplitter_20260526T160345664405Z.json
gpu_full,66,UNKNOWN,UNKNOWN,UNKNOWN,UNKNOWN,65.268,,False,,PASSED,,onnx/mnist_fc_vnncomp2022_mnist-net_256x6.onnx,vnnlib/mnist_fc_vnncomp2022_prop_14_0.03.vnnlib,"[""UNKNOWN""]","[""UNKNOWN""]",[null],,/data1/Kane/ACT/audit_results/r93_rerun_20260525T083118Z/gpu_stream2_20260526T132419Z/relusplitter/per_instance_relusplitter_20260526T160454134311Z.json
gpu_full,67,UNKNOWN,UNKNOWN,UNKNOWN,UNKNOWN,28.755,,False,,PASSED,,onnx/mnist_fc_vnncomp2022_mnist-net_256x6_RSPLITTER_mnist_fc_vnncomp2022_prop_14_0.03.onnx,vnnlib/mnist_fc_vnncomp2022_prop_14_0.03.vnnlib,"[""UNKNOWN""]","[""UNKNOWN""]",[null],,/data1/Kane/ACT/audit_results/r93_rerun_20260525T083118Z/gpu_stream2_20260526T132419Z/relusplitter/per_instance_relusplitter_20260526T160526203708Z.json
gpu_full,68,UNKNOWN,UNKNOWN,UNKNOWN,UNKNOWN,28.226,,False,,PASSED,,onnx/mnist_fc_vnncomp2022_mnist-net_256x6.onnx,vnnlib/mnist_fc_vnncomp2022_prop_7_0.03.vnnlib,"[""UNKNOWN""]","[""UNKNOWN""]",[null],,/data1/Kane/ACT/audit_results/r93_rerun_20260525T083118Z/gpu_stream2_20260526T132419Z/relusplitter/per_instance_relusplitter_20260526T160557680120Z.json
gpu_full,69,UNKNOWN,UNKNOWN,UNKNOWN,UNKNOWN,30.902,,False,,PASSED,,onnx/mnist_fc_vnncomp2022_mnist-net_256x6_RSPLITTER_mnist_fc_vnncomp2022_prop_7_0.03.onnx,vnnlib/mnist_fc_vnncomp2022_prop_7_0.03.vnnlib,"[""UNKNOWN""]","[""UNKNOWN""]",[null],,/data1/Kane/ACT/audit_results/r93_rerun_20260525T083118Z/gpu_stream2_20260526T132419Z/relusplitter/per_instance_relusplitter_20260526T160631939425Z.json
gpu_full,7,UNKNOWN,UNKNOWN,UNKNOWN,UNKNOWN,7.589,,False,,PASSED,,onnx/mnist_fc_vnncomp2022_mnist-net_256x4_RSPLITTER_mnist_fc_vnncomp2022_prop_0_0.03.onnx,vnnlib/mnist_fc_vnncomp2022_prop_0_0.03.vnnlib,"[""UNKNOWN""]","[""UNKNOWN""]",[null],,/data1/Kane/ACT/audit_results/r93_rerun_20260525T083118Z/gpu_stream2_20260526T132419Z/relusplitter/per_instance_relusplitter_20260526T153811017401Z.json
gpu_full,70,UNKNOWN,UNKNOWN,UNKNOWN,UNKNOWN,32.115,,False,,PASSED,,onnx/mnist_fc_vnncomp2022_mnist-net_256x6.onnx,vnnlib/mnist_fc_vnncomp2022_prop_8_0.05.vnnlib,"[""UNKNOWN""]","[""UNKNOWN""]",[null],,/data1/Kane/ACT/audit_results/r93_rerun_20260525T083118Z/gpu_stream2_20260526T132419Z/relusplitter/per_instance_relusplitter_20260526T160707641348Z.json
gpu_full,71,UNKNOWN,UNKNOWN,UNKNOWN,UNKNOWN,22.474,,False,,PASSED,,onnx/mnist_fc_vnncomp2022_mnist-net_256x6_RSPLITTER_mnist_fc_vnncomp2022_prop_8_0.05.onnx,vnnlib/mnist_fc_vnncomp2022_prop_8_0.05.vnnlib,"[""UNKNOWN""]","[""UNKNOWN""]",[null],,/data1/Kane/ACT/audit_results/r93_rerun_20260525T083118Z/gpu_stream2_20260526T132419Z/relusplitter/per_instance_relusplitter_20260526T160733523057Z.json
gpu_full,72,UNKNOWN,UNKNOWN,UNKNOWN,UNKNOWN,18.392,,False,,PASSED,,onnx/mnist_fc_vnncomp2022_mnist-net_256x6.onnx,vnnlib/mnist_fc_vnncomp2022_prop_4_0.03.vnnlib,"[""UNKNOWN""]","[""UNKNOWN""]",[null],,/data1/Kane/ACT/audit_results/r93_rerun_20260525T083118Z/gpu_stream2_20260526T132419Z/relusplitter/per_instance_relusplitter_20260526T160755535019Z.json
gpu_full,73,UNKNOWN,UNKNOWN,UNKNOWN,UNKNOWN,43.515,,False,,PASSED,,onnx/mnist_fc_vnncomp2022_mnist-net_256x6_RSPLITTER_mnist_fc_vnncomp2022_prop_4_0.03.onnx,vnnlib/mnist_fc_vnncomp2022_prop_4_0.03.vnnlib,"[""UNKNOWN""]","[""UNKNOWN""]",[null],,/data1/Kane/ACT/audit_results/r93_rerun_20260525T083118Z/gpu_stream2_20260526T132419Z/relusplitter/per_instance_relusplitter_20260526T160842673297Z.json
gpu_full,74,UNKNOWN,UNKNOWN,UNKNOWN,UNKNOWN,24.265,,False,,PASSED,,onnx/mnist_fc_vnncomp2022_mnist-net_256x6.onnx,vnnlib/mnist_fc_vnncomp2022_prop_6_0.05.vnnlib,"[""UNKNOWN""]","[""UNKNOWN""]",[null],,/data1/Kane/ACT/audit_results/r93_rerun_20260525T083118Z/gpu_stream2_20260526T132419Z/relusplitter/per_instance_relusplitter_20260526T160910411318Z.json
gpu_full,75,UNKNOWN,UNKNOWN,UNKNOWN,UNKNOWN,42.773,,False,,PASSED,,onnx/mnist_fc_vnncomp2022_mnist-net_256x6_RSPLITTER_mnist_fc_vnncomp2022_prop_6_0.05.onnx,vnnlib/mnist_fc_vnncomp2022_prop_6_0.05.vnnlib,"[""UNKNOWN""]","[""UNKNOWN""]",[null],,/data1/Kane/ACT/audit_results/r93_rerun_20260525T083118Z/gpu_stream2_20260526T132419Z/relusplitter/per_instance_relusplitter_20260526T160956569081Z.json
gpu_full,76,UNKNOWN_TIMEOUT,UNKNOWN,UNKNOWN,,75.346,UNKNOWN_TIMEOUT,True,True,FAILED,2398.22265625,onnx/mnist_fc_vnncomp2022_mnist-net_256x6.onnx,vnnlib/mnist_fc_vnncomp2022_prop_9_0.05.vnnlib,[],[],[],"watchdog killed instance after 75.3s (status=UNKNOWN_TIMEOUT, peak_rss=2398.2 MiB)",/data1/Kane/ACT/audit_results/r93_rerun_20260525T083118Z/gpu_stream2_20260526T132419Z/relusplitter/per_instance_relusplitter_watchdog_iid76_20260526T161113212086Z.json
gpu_full,77,UNKNOWN,UNKNOWN,UNKNOWN,UNKNOWN,26.671,,False,,PASSED,,onnx/mnist_fc_vnncomp2022_mnist-net_256x6_RSPLITTER_mnist_fc_vnncomp2022_prop_9_0.05.onnx,vnnlib/mnist_fc_vnncomp2022_prop_9_0.05.vnnlib,"[""UNKNOWN""]","[""UNKNOWN""]",[null],,/data1/Kane/ACT/audit_results/r93_rerun_20260525T083118Z/gpu_stream2_20260526T132419Z/relusplitter/per_instance_relusplitter_20260526T161142466106Z.json
gpu_full,78,UNKNOWN,UNKNOWN,UNKNOWN,UNKNOWN,32.97,,False,,PASSED,,onnx/mnist_fc_vnncomp2022_mnist-net_256x6.onnx,vnnlib/mnist_fc_vnncomp2022_prop_13_0.03.vnnlib,"[""UNKNOWN""]","[""UNKNOWN""]",[null],,/data1/Kane/ACT/audit_results/r93_rerun_20260525T083118Z/gpu_stream2_20260526T132419Z/relusplitter/per_instance_relusplitter_20260526T161219333304Z.json
gpu_full,79,UNKNOWN,UNKNOWN,UNKNOWN,UNKNOWN,44.459,,False,,PASSED,,onnx/mnist_fc_vnncomp2022_mnist-net_256x6_RSPLITTER_mnist_fc_vnncomp2022_prop_13_0.03.onnx,vnnlib/mnist_fc_vnncomp2022_prop_13_0.03.vnnlib,"[""UNKNOWN""]","[""UNKNOWN""]",[null],,/data1/Kane/ACT/audit_results/r93_rerun_20260525T083118Z/gpu_stream2_20260526T132419Z/relusplitter/per_instance_relusplitter_20260526T161307814361Z.json
gpu_full,8,UNKNOWN,UNKNOWN,UNKNOWN,UNKNOWN,7.343,,False,,PASSED,,onnx/mnist_fc_vnncomp2022_mnist-net_256x4.onnx,vnnlib/mnist_fc_vnncomp2022_prop_4_0.05.vnnlib,"[""UNKNOWN""]","[""UNKNOWN""]",[null],,/data1/Kane/ACT/audit_results/r93_rerun_20260525T083118Z/gpu_stream2_20260526T132419Z/relusplitter/per_instance_relusplitter_20260526T153821803031Z.json
gpu_full,80,UNKNOWN_TIMEOUT,UNKNOWN,UNKNOWN,,75.451,UNKNOWN_TIMEOUT,True,True,FAILED,3841.78515625,onnx/oval21-benchmark_cifar_base_kw.onnx,vnnlib/oval21-benchmark_cifar_base_kw-img3365-eps0.0407843137254902.vnnlib,[],[],[],"watchdog killed instance after 75.5s (status=UNKNOWN_TIMEOUT, peak_rss=3841.8 MiB)",/data1/Kane/ACT/audit_results/r93_rerun_20260525T083118Z/gpu_stream2_20260526T132419Z/relusplitter/per_instance_relusplitter_watchdog_iid80_20260526T161424746434Z.json
gpu_full,81,UNKNOWN_TIMEOUT,UNKNOWN,UNKNOWN,,75.347,UNKNOWN_TIMEOUT,True,True,FAILED,6809.79296875,onnx/oval21-benchmark_cifar_base_kw_RSPLITTER_oval21-benchmark_cifar_base_kw-img3365-eps0.0407843137254902.onnx,vnnlib/oval21-benchmark_cifar_base_kw-img3365-eps0.0407843137254902.vnnlib,[],[],[],"watchdog killed instance after 75.3s (status=UNKNOWN_TIMEOUT, peak_rss=6809.8 MiB)",/data1/Kane/ACT/audit_results/r93_rerun_20260525T083118Z/gpu_stream2_20260526T132419Z/relusplitter/per_instance_relusplitter_watchdog_iid81_20260526T161540094013Z.json
gpu_full,82,UNKNOWN,UNKNOWN,UNKNOWN,UNKNOWN,25.892,,False,,PASSED,,onnx/oval21-benchmark_cifar_base_kw.onnx,vnnlib/oval21-benchmark_cifar_base_kw-img2537-eps0.006666666666666667.vnnlib,"[""UNSAT"",""UNSAT"",""UNSAT"",""UNSAT"",""UNSAT"",""UNSAT"",""UNSAT"",""UNKNOWN"",""UNSAT""]","[""CERTIFIED"",""CERTIFIED"",""CERTIFIED"",""CERTIFIED"",""CERTIFIED"",""CERTIFIED"",""CERTIFIED"",""UNKNOWN"",""CERTIFIED""]","[null,null,null,null,null,null,null,null,null]",,/data1/Kane/ACT/audit_results/r93_rerun_20260525T083118Z/gpu_stream2_20260526T132419Z/relusplitter/per_instance_relusplitter_20260526T161608340584Z.json
gpu_full,83,UNKNOWN,UNKNOWN,UNKNOWN,UNKNOWN,67.194,,False,,PASSED,,onnx/oval21-benchmark_cifar_base_kw_RSPLITTER_oval21-benchmark_cifar_base_kw-img2537-eps0.006666666666666667.onnx,vnnlib/oval21-benchmark_cifar_base_kw-img2537-eps0.006666666666666667.vnnlib,"[""UNSAT"",""UNSAT"",""UNSAT"",""UNSAT"",""UNSAT"",""UNSAT"",""UNSAT"",""UNKNOWN"",""UNKNOWN""]","[""CERTIFIED"",""CERTIFIED"",""CERTIFIED"",""CERTIFIED"",""CERTIFIED"",""CERTIFIED"",""CERTIFIED"",""UNKNOWN"",""UNKNOWN""]","[null,null,null,null,null,null,null,null,null]",,/data1/Kane/ACT/audit_results/r93_rerun_20260525T083118Z/gpu_stream2_20260526T132419Z/relusplitter/per_instance_relusplitter_20260526T161719168936Z.json
gpu_full,84,UNKNOWN_TIMEOUT,UNKNOWN,UNKNOWN,,75.348,UNKNOWN_TIMEOUT,True,True,FAILED,3544.8203125,onnx/oval21-benchmark_cifar_base_kw.onnx,vnnlib/oval21-benchmark_cifar_base_kw-img1900-eps0.03934640522875817.vnnlib,[],[],[],"watchdog killed instance after 75.3s (status=UNKNOWN_TIMEOUT, peak_rss=3544.8 MiB)",/data1/Kane/ACT/audit_results/r93_rerun_20260525T083118Z/gpu_stream2_20260526T132419Z/relusplitter/per_instance_relusplitter_watchdog_iid84_20260526T161835510860Z.json
gpu_full,85,UNKNOWN_TIMEOUT,UNKNOWN,UNKNOWN,,75.251,UNKNOWN_TIMEOUT,True,True,FAILED,7311.48046875,onnx/oval21-benchmark_cifar_base_kw_RSPLITTER_oval21-benchmark_cifar_base_kw-img1900-eps0.03934640522875817.onnx,vnnlib/oval21-benchmark_cifar_base_kw-img1900-eps0.03934640522875817.vnnlib,[],[],[],"watchdog killed instance after 75.3s (status=UNKNOWN_TIMEOUT, peak_rss=7311.5 MiB)",/data1/Kane/ACT/audit_results/r93_rerun_20260525T083118Z/gpu_stream2_20260526T132419Z/relusplitter/per_instance_relusplitter_watchdog_iid85_20260526T161950762832Z.json
gpu_full,86,UNKNOWN,UNKNOWN,UNKNOWN,UNKNOWN,16.745,,False,,PASSED,,onnx/oval21-benchmark_cifar_base_kw.onnx,vnnlib/oval21-benchmark_cifar_base_kw-img395-eps0.003790849673202614.vnnlib,"[""UNSAT"",""UNSAT"",""UNSAT"",""UNSAT"",""UNKNOWN"",""UNSAT"",""UNSAT"",""UNSAT"",""UNSAT""]","[""CERTIFIED"",""CERTIFIED"",""CERTIFIED"",""CERTIFIED"",""UNKNOWN"",""CERTIFIED"",""CERTIFIED"",""CERTIFIED"",""CERTIFIED""]","[null,null,null,null,null,null,null,null,null]",,/data1/Kane/ACT/audit_results/r93_rerun_20260525T083118Z/gpu_stream2_20260526T132419Z/relusplitter/per_instance_relusplitter_20260526T162009905327Z.json
gpu_full,87,UNKNOWN,UNKNOWN,UNKNOWN,UNKNOWN,63.456,,False,,PASSED,,onnx/oval21-benchmark_cifar_base_kw_RSPLITTER_oval21-benchmark_cifar_base_kw-img395-eps0.003790849673202614.onnx,vnnlib/oval21-benchmark_cifar_base_kw-img395-eps0.003790849673202614.vnnlib,"[""UNSAT"",""UNSAT"",""UNSAT"",""UNSAT"",""UNKNOWN"",""UNSAT"",""UNSAT"",""UNSAT"",""UNKNOWN""]","[""CERTIFIED"",""CERTIFIED"",""CERTIFIED"",""CERTIFIED"",""UNKNOWN"",""CERTIFIED"",""CERTIFIED"",""CERTIFIED"",""UNKNOWN""]","[null,null,null,null,null,null,null,null,null]",,/data1/Kane/ACT/audit_results/r93_rerun_20260525T083118Z/gpu_stream2_20260526T132419Z/relusplitter/per_instance_relusplitter_20260526T162117101151Z.json
gpu_full,88,UNKNOWN,UNKNOWN,UNKNOWN,UNKNOWN,33.643,,False,,PASSED,,onnx/oval21-benchmark_cifar_base_kw.onnx,vnnlib/oval21-benchmark_cifar_base_kw-img6098-eps0.006666666666666666.vnnlib,"[""UNSAT"",""UNSAT"",""UNSAT"",""UNSAT"",""UNKNOWN"",""UNSAT"",""UNSAT"",""UNSAT"",""UNSAT""]","[""CERTIFIED"",""CERTIFIED"",""CERTIFIED"",""CERTIFIED"",""UNKNOWN"",""CERTIFIED"",""CERTIFIED"",""CERTIFIED"",""CERTIFIED""]","[null,null,null,null,null,null,null,null,null]",,/data1/Kane/ACT/audit_results/r93_rerun_20260525T083118Z/gpu_stream2_20260526T132419Z/relusplitter/per_instance_relusplitter_20260526T162154340036Z.json
gpu_full,89,UNKNOWN_TIMEOUT,UNKNOWN,UNKNOWN,,75.347,UNKNOWN_TIMEOUT,True,True,FAILED,3606.5078125,onnx/oval21-benchmark_cifar_base_kw_RSPLITTER_oval21-benchmark_cifar_base_kw-img6098-eps0.006666666666666666.onnx,vnnlib/oval21-benchmark_cifar_base_kw-img6098-eps0.006666666666666666.vnnlib,[],[],[],"watchdog killed instance after 75.3s (status=UNKNOWN_TIMEOUT, peak_rss=3606.5 MiB)",/data1/Kane/ACT/audit_results/r93_rerun_20260525T083118Z/gpu_stream2_20260526T132419Z/relusplitter/per_instance_relusplitter_watchdog_iid89_20260526T162310688543Z.json
gpu_full,9,UNKNOWN,UNKNOWN,UNKNOWN,UNKNOWN,15.608,,False,,PASSED,,onnx/mnist_fc_vnncomp2022_mnist-net_256x4_RSPLITTER_mnist_fc_vnncomp2022_prop_4_0.05.onnx,vnnlib/mnist_fc_vnncomp2022_prop_4_0.05.vnnlib,"[""UNKNOWN""]","[""UNKNOWN""]",[null],,/data1/Kane/ACT/audit_results/r93_rerun_20260525T083118Z/gpu_stream2_20260526T132419Z/relusplitter/per_instance_relusplitter_20260526T153840544238Z.json
gpu_full,90,UNKNOWN_TIMEOUT,UNKNOWN,UNKNOWN,,75.349,UNKNOWN_TIMEOUT,True,True,FAILED,4086.46875,onnx/oval21-benchmark_cifar_base_kw.onnx,vnnlib/oval21-benchmark_cifar_base_kw-img2153-eps0.04196078431372549.vnnlib,[],[],[],"watchdog killed instance after 75.3s (status=UNKNOWN_TIMEOUT, peak_rss=4086.5 MiB)",/data1/Kane/ACT/audit_results/r93_rerun_20260525T083118Z/gpu_stream2_20260526T132419Z/relusplitter/per_instance_relusplitter_watchdog_iid90_20260526T162426038537Z.json
gpu_full,91,UNKNOWN_TIMEOUT,UNKNOWN,UNKNOWN,,75.454,UNKNOWN_TIMEOUT,True,True,FAILED,5448.7578125,onnx/oval21-benchmark_cifar_base_kw_RSPLITTER_oval21-benchmark_cifar_base_kw-img2153-eps0.04196078431372549.onnx,vnnlib/oval21-benchmark_cifar_base_kw-img2153-eps0.04196078431372549.vnnlib,[],[],[],"watchdog killed instance after 75.5s (status=UNKNOWN_TIMEOUT, peak_rss=5448.8 MiB)",/data1/Kane/ACT/audit_results/r93_rerun_20260525T083118Z/gpu_stream2_20260526T132419Z/relusplitter/per_instance_relusplitter_watchdog_iid91_20260526T162541493813Z.json
gpu_full,92,UNKNOWN_TIMEOUT,UNKNOWN,UNKNOWN,,75.349,UNKNOWN_TIMEOUT,True,True,FAILED,3583.1328125,onnx/oval21-benchmark_cifar_base_kw.onnx,vnnlib/oval21-benchmark_cifar_base_kw-img1204-eps0.024967320261437907.vnnlib,[],[],[],"watchdog killed instance after 75.3s (status=UNKNOWN_TIMEOUT, peak_rss=3583.1 MiB)",/data1/Kane/ACT/audit_results/r93_rerun_20260525T083118Z/gpu_stream2_20260526T132419Z/relusplitter/per_instance_relusplitter_watchdog_iid92_20260526T162656844789Z.json
gpu_full,93,UNKNOWN_TIMEOUT,UNKNOWN,UNKNOWN,,75.445,UNKNOWN_TIMEOUT,True,True,FAILED,6509.55078125,onnx/oval21-benchmark_cifar_base_kw_RSPLITTER_oval21-benchmark_cifar_base_kw-img1204-eps0.024967320261437907.onnx,vnnlib/oval21-benchmark_cifar_base_kw-img1204-eps0.024967320261437907.vnnlib,[],[],[],"watchdog killed instance after 75.4s (status=UNKNOWN_TIMEOUT, peak_rss=6509.6 MiB)",/data1/Kane/ACT/audit_results/r93_rerun_20260525T083118Z/gpu_stream2_20260526T132419Z/relusplitter/per_instance_relusplitter_watchdog_iid93_20260526T162812291216Z.json
gpu_full,94,UNKNOWN,UNKNOWN,UNKNOWN,UNKNOWN,68.858,,False,,PASSED,,onnx/oval21-benchmark_cifar_base_kw.onnx,vnnlib/oval21-benchmark_cifar_base_kw-img2341-eps0.049150326797385624.vnnlib,"[""UNKNOWN"",""UNKNOWN""]","[""UNKNOWN"",""UNKNOWN""]","[null,null]",,/data1/Kane/ACT/audit_results/r93_rerun_20260525T083118Z/gpu_stream2_20260526T132419Z/relusplitter/per_instance_relusplitter_20260526T162923327252Z.json
gpu_full,95,UNKNOWN_TIMEOUT,UNKNOWN,UNKNOWN,,75.242,UNKNOWN_TIMEOUT,True,True,FAILED,7080.61328125,onnx/oval21-benchmark_cifar_base_kw_RSPLITTER_oval21-benchmark_cifar_base_kw-img2341-eps0.049150326797385624.onnx,vnnlib/oval21-benchmark_cifar_base_kw-img2341-eps0.049150326797385624.vnnlib,[],[],[],"watchdog killed instance after 75.2s (status=UNKNOWN_TIMEOUT, peak_rss=7080.6 MiB)",/data1/Kane/ACT/audit_results/r93_rerun_20260525T083118Z/gpu_stream2_20260526T132419Z/relusplitter/per_instance_relusplitter_watchdog_iid95_20260526T163039576143Z.json
gpu_full,96,UNKNOWN,UNKNOWN,UNKNOWN,UNKNOWN,25.041,,False,,PASSED,,onnx/oval21-benchmark_cifar_base_kw.onnx,vnnlib/oval21-benchmark_cifar_base_kw-img8258-eps0.005620915032679739.vnnlib,"[""UNSAT"",""UNSAT"",""UNSAT"",""UNSAT"",""UNSAT"",""UNSAT"",""UNSAT"",""UNKNOWN"",""UNSAT""]","[""CERTIFIED"",""CERTIFIED"",""CERTIFIED"",""CERTIFIED"",""CERTIFIED"",""CERTIFIED"",""CERTIFIED"",""UNKNOWN"",""CERTIFIED""]","[null,null,null,null,null,null,null,null,null]",,/data1/Kane/ACT/audit_results/r93_rerun_20260525T083118Z/gpu_stream2_20260526T132419Z/relusplitter/per_instance_relusplitter_20260526T163106873746Z.json
gpu_full,97,UNKNOWN,UNKNOWN,UNKNOWN,UNKNOWN,68.517,,False,,PASSED,,onnx/oval21-benchmark_cifar_base_kw_RSPLITTER_oval21-benchmark_cifar_base_kw-img8258-eps0.005620915032679739.onnx,vnnlib/oval21-benchmark_cifar_base_kw-img8258-eps0.005620915032679739.vnnlib,"[""UNSAT"",""UNSAT"",""UNSAT"",""UNSAT"",""UNSAT"",""UNSAT"",""UNSAT"",""UNKNOWN""]","[""CERTIFIED"",""CERTIFIED"",""CERTIFIED"",""CERTIFIED"",""CERTIFIED"",""CERTIFIED"",""CERTIFIED"",""UNKNOWN""]","[null,null,null,null,null,null,null,null]",,/data1/Kane/ACT/audit_results/r93_rerun_20260525T083118Z/gpu_stream2_20260526T132419Z/relusplitter/per_instance_relusplitter_20260526T163218759168Z.json
gpu_full,98,UNKNOWN,UNKNOWN,UNKNOWN,UNKNOWN,39.726,,False,,PASSED,,onnx/oval21-benchmark_cifar_base_kw.onnx,vnnlib/oval21-benchmark_cifar_base_kw-img4386-eps0.011111111111111112.vnnlib,"[""UNSAT"",""UNSAT"",""UNSAT"",""UNSAT"",""UNSAT"",""UNSAT"",""UNKNOWN"",""UNSAT"",""UNSAT""]","[""CERTIFIED"",""CERTIFIED"",""CERTIFIED"",""CERTIFIED"",""CERTIFIED"",""CERTIFIED"",""UNKNOWN"",""CERTIFIED"",""CERTIFIED""]","[null,null,null,null,null,null,null,null,null]",,/data1/Kane/ACT/audit_results/r93_rerun_20260525T083118Z/gpu_stream2_20260526T132419Z/relusplitter/per_instance_relusplitter_20260526T163301519908Z.json
gpu_full,99,UNKNOWN,UNKNOWN,UNKNOWN,UNKNOWN,60.015,,False,,PASSED,,onnx/oval21-benchmark_cifar_base_kw_RSPLITTER_oval21-benchmark_cifar_base_kw-img4386-eps0.011111111111111112.onnx,vnnlib/oval21-benchmark_cifar_base_kw-img4386-eps0.011111111111111112.vnnlib,"[""UNKNOWN"",""UNSAT"",""UNKNOWN"",""UNKNOWN""]","[""UNKNOWN"",""CERTIFIED"",""UNKNOWN"",""UNKNOWN""]","[null,null,null,null]",,/data1/Kane/ACT/audit_results/r93_rerun_20260525T083118Z/gpu_stream2_20260526T132419Z/relusplitter/per_instance_relusplitter_20260526T163404813220Z.json
oom_rerun,14,UNKNOWN,UNKNOWN,UNKNOWN,UNKNOWN,44.774,,False,,PASSED,,onnx/mnist_fc_vnncomp2022_mnist-net_256x4.onnx,vnnlib/mnist_fc_vnncomp2022_prop_7_0.03.vnnlib,"[""UNKNOWN""]","[""UNKNOWN""]",[null],,/data1/Kane/ACT/audit_results/r93_rerun_20260525T083118Z/oom_rerun_20260527T012601Z/relusplitter/per_instance_relusplitter_20260527T013507336378Z.json
