source,iid,verdict,internal_status,reportable_status,count_bucket,wall_s,watchdog_status,watchdog_synthetic,strict_bounded_failure,run_status,peak_rss_mb,onnx_model,vnnlib_spec,q_statuses,q_reportables,q_receipts,error,json_path
cpu,0,UNKNOWN,UNKNOWN,UNKNOWN,UNKNOWN,0.625,,False,,PASSED,,onnx/relu_quadrotor2d_state.onnx,vnnlib/quadrotor2d_state_0.vnnlib,"[""UNKNOWN"",""UNKNOWN"",""UNKNOWN"",""UNKNOWN"",""UNKNOWN"",""UNKNOWN"",""UNKNOWN"",""UNKNOWN"",""UNKNOWN"",""UNKNOWN"",""UNKNOWN"",""UNKNOWN"",""UNKNOWN""]","[""UNKNOWN"",""UNKNOWN"",""UNKNOWN"",""UNKNOWN"",""UNKNOWN"",""UNKNOWN"",""UNKNOWN"",""UNKNOWN"",""UNKNOWN"",""UNKNOWN"",""UNKNOWN"",""UNKNOWN"",""UNKNOWN""]","[null,null,null,null,null,null,null,null,null,null,null,null,null]",,/data1/Kane/ACT/audit_results/r93_rerun_20260525T083118Z/overnight_cpu_20260525T144203Z/lsnc_relu/per_instance_lsnc_relu_20260525T144207515753Z.json
cpu,1,UNKNOWN,UNKNOWN,UNKNOWN,UNKNOWN,0.612,,False,,PASSED,,onnx/relu_quadrotor2d_state.onnx,vnnlib/quadrotor2d_state_1.vnnlib,"[""UNKNOWN"",""UNKNOWN"",""UNKNOWN"",""UNKNOWN"",""UNKNOWN"",""UNKNOWN"",""UNKNOWN"",""UNKNOWN"",""UNKNOWN"",""UNKNOWN"",""UNKNOWN"",""UNKNOWN"",""UNKNOWN""]","[""UNKNOWN"",""UNKNOWN"",""UNKNOWN"",""UNKNOWN"",""UNKNOWN"",""UNKNOWN"",""UNKNOWN"",""UNKNOWN"",""UNKNOWN"",""UNKNOWN"",""UNKNOWN"",""UNKNOWN"",""UNKNOWN""]","[null,null,null,null,null,null,null,null,null,null,null,null,null]",,/data1/Kane/ACT/audit_results/r93_rerun_20260525T083118Z/overnight_cpu_20260525T144203Z/lsnc_relu/per_instance_lsnc_relu_20260525T144211010807Z.json
cpu,10,UNKNOWN_TIMEOUT,UNKNOWN,UNKNOWN,,58.879,UNKNOWN_TIMEOUT,True,True,FAILED,838.36328125,onnx/relu_quadrotor2d_state.onnx,vnnlib/quadrotor2d_state_10.vnnlib,[],[],[],"watchdog killed instance after 58.9s (status=UNKNOWN_TIMEOUT, peak_rss=838.4 MiB)",/data1/Kane/ACT/audit_results/r93_rerun_20260525T083118Z/overnight_cpu_20260525T144203Z/lsnc_relu/per_instance_lsnc_relu_watchdog_iid10_20260525T144338870390Z.json
cpu,11,UNKNOWN_TIMEOUT,UNKNOWN,UNKNOWN,,97.826,UNKNOWN_TIMEOUT,True,True,FAILED,0.49609375,onnx/relu_quadrotor2d_state.onnx,vnnlib/quadrotor2d_state_11.vnnlib,[],[],[],"watchdog killed instance after 97.8s (status=UNKNOWN_TIMEOUT, peak_rss=0.5 MiB)",/data1/Kane/ACT/audit_results/r93_rerun_20260525T083118Z/overnight_cpu_20260525T144203Z/lsnc_relu/per_instance_lsnc_relu_watchdog_iid11_20260525T144618307690Z.json
cpu,12,UNKNOWN,UNKNOWN,UNKNOWN,UNKNOWN,0.759,,False,,PASSED,,onnx/relu_quadrotor2d_state.onnx,vnnlib/quadrotor2d_state_12.vnnlib,"[""UNKNOWN"",""UNKNOWN"",""UNKNOWN"",""UNKNOWN"",""UNKNOWN"",""UNKNOWN"",""UNKNOWN"",""UNKNOWN"",""UNKNOWN"",""UNKNOWN"",""UNKNOWN"",""UNKNOWN"",""UNKNOWN""]","[""UNKNOWN"",""UNKNOWN"",""UNKNOWN"",""UNKNOWN"",""UNKNOWN"",""UNKNOWN"",""UNKNOWN"",""UNKNOWN"",""UNKNOWN"",""UNKNOWN"",""UNKNOWN"",""UNKNOWN"",""UNKNOWN""]","[null,null,null,null,null,null,null,null,null,null,null,null,null]",,/data1/Kane/ACT/audit_results/r93_rerun_20260525T083118Z/overnight_cpu_20260525T144203Z/lsnc_relu/per_instance_lsnc_relu_20260525T144622381761Z.json
cpu,13,UNKNOWN,UNKNOWN,UNKNOWN,UNKNOWN,0.594,,False,,PASSED,,onnx/relu_quadrotor2d_state.onnx,vnnlib/quadrotor2d_state_13.vnnlib,"[""UNKNOWN"",""UNKNOWN"",""UNKNOWN"",""UNKNOWN"",""UNKNOWN"",""UNKNOWN"",""UNKNOWN"",""UNKNOWN"",""UNKNOWN"",""UNKNOWN"",""UNKNOWN"",""UNKNOWN"",""UNKNOWN""]","[""UNKNOWN"",""UNKNOWN"",""UNKNOWN"",""UNKNOWN"",""UNKNOWN"",""UNKNOWN"",""UNKNOWN"",""UNKNOWN"",""UNKNOWN"",""UNKNOWN"",""UNKNOWN"",""UNKNOWN"",""UNKNOWN""]","[null,null,null,null,null,null,null,null,null,null,null,null,null]",,/data1/Kane/ACT/audit_results/r93_rerun_20260525T083118Z/overnight_cpu_20260525T144203Z/lsnc_relu/per_instance_lsnc_relu_20260525T144627441568Z.json
cpu,14,UNKNOWN,UNKNOWN,UNKNOWN,UNKNOWN,0.607,,False,,PASSED,,onnx/relu_quadrotor2d_state.onnx,vnnlib/quadrotor2d_state_14.vnnlib,"[""UNKNOWN"",""UNKNOWN"",""UNKNOWN"",""UNKNOWN"",""UNKNOWN"",""UNKNOWN"",""UNKNOWN"",""UNKNOWN"",""UNKNOWN"",""UNKNOWN"",""UNKNOWN"",""UNKNOWN"",""UNKNOWN""]","[""UNKNOWN"",""UNKNOWN"",""UNKNOWN"",""UNKNOWN"",""UNKNOWN"",""UNKNOWN"",""UNKNOWN"",""UNKNOWN"",""UNKNOWN"",""UNKNOWN"",""UNKNOWN"",""UNKNOWN"",""UNKNOWN""]","[null,null,null,null,null,null,null,null,null,null,null,null,null]",,/data1/Kane/ACT/audit_results/r93_rerun_20260525T083118Z/overnight_cpu_20260525T144203Z/lsnc_relu/per_instance_lsnc_relu_20260525T144630922933Z.json
cpu,15,UNKNOWN,UNKNOWN,UNKNOWN,UNKNOWN,0.582,,False,,PASSED,,onnx/relu_quadrotor2d_state.onnx,vnnlib/quadrotor2d_state_15.vnnlib,"[""UNKNOWN"",""UNKNOWN"",""UNKNOWN"",""UNKNOWN"",""UNKNOWN"",""UNKNOWN"",""UNKNOWN"",""UNKNOWN"",""UNKNOWN"",""UNKNOWN"",""UNKNOWN"",""UNKNOWN"",""UNKNOWN""]","[""UNKNOWN"",""UNKNOWN"",""UNKNOWN"",""UNKNOWN"",""UNKNOWN"",""UNKNOWN"",""UNKNOWN"",""UNKNOWN"",""UNKNOWN"",""UNKNOWN"",""UNKNOWN"",""UNKNOWN"",""UNKNOWN""]","[null,null,null,null,null,null,null,null,null,null,null,null,null]",,/data1/Kane/ACT/audit_results/r93_rerun_20260525T083118Z/overnight_cpu_20260525T144203Z/lsnc_relu/per_instance_lsnc_relu_20260525T144634338773Z.json
cpu,16,UNKNOWN,UNKNOWN,UNKNOWN,UNKNOWN,0.632,,False,,PASSED,,onnx/relu_quadrotor2d_state.onnx,vnnlib/quadrotor2d_state_16.vnnlib,"[""UNKNOWN"",""UNKNOWN"",""UNKNOWN"",""UNKNOWN"",""UNKNOWN"",""UNKNOWN"",""UNKNOWN"",""UNKNOWN"",""UNKNOWN"",""UNKNOWN"",""UNKNOWN"",""UNKNOWN"",""UNKNOWN""]","[""UNKNOWN"",""UNKNOWN"",""UNKNOWN"",""UNKNOWN"",""UNKNOWN"",""UNKNOWN"",""UNKNOWN"",""UNKNOWN"",""UNKNOWN"",""UNKNOWN"",""UNKNOWN"",""UNKNOWN"",""UNKNOWN""]","[null,null,null,null,null,null,null,null,null,null,null,null,null]",,/data1/Kane/ACT/audit_results/r93_rerun_20260525T083118Z/overnight_cpu_20260525T144203Z/lsnc_relu/per_instance_lsnc_relu_20260525T144637922662Z.json
cpu,17,UNKNOWN,UNKNOWN,UNKNOWN,UNKNOWN,0.64,,False,,PASSED,,onnx/relu_quadrotor2d_state.onnx,vnnlib/quadrotor2d_state_17.vnnlib,"[""UNKNOWN"",""UNKNOWN"",""UNKNOWN"",""UNKNOWN"",""UNKNOWN"",""UNKNOWN"",""UNKNOWN"",""UNKNOWN"",""UNKNOWN"",""UNKNOWN"",""UNKNOWN"",""UNKNOWN"",""UNKNOWN""]","[""UNKNOWN"",""UNKNOWN"",""UNKNOWN"",""UNKNOWN"",""UNKNOWN"",""UNKNOWN"",""UNKNOWN"",""UNKNOWN"",""UNKNOWN"",""UNKNOWN"",""UNKNOWN"",""UNKNOWN"",""UNKNOWN""]","[null,null,null,null,null,null,null,null,null,null,null,null,null]",,/data1/Kane/ACT/audit_results/r93_rerun_20260525T083118Z/overnight_cpu_20260525T144203Z/lsnc_relu/per_instance_lsnc_relu_20260525T144641436931Z.json
cpu,18,UNKNOWN,UNKNOWN,UNKNOWN,UNKNOWN,0.63,,False,,PASSED,,onnx/relu_quadrotor2d_state.onnx,vnnlib/quadrotor2d_state_18.vnnlib,"[""UNKNOWN"",""UNKNOWN"",""UNKNOWN"",""UNKNOWN"",""UNKNOWN"",""UNKNOWN"",""UNKNOWN"",""UNKNOWN"",""UNKNOWN"",""UNKNOWN"",""UNKNOWN"",""UNKNOWN"",""UNKNOWN""]","[""UNKNOWN"",""UNKNOWN"",""UNKNOWN"",""UNKNOWN"",""UNKNOWN"",""UNKNOWN"",""UNKNOWN"",""UNKNOWN"",""UNKNOWN"",""UNKNOWN"",""UNKNOWN"",""UNKNOWN"",""UNKNOWN""]","[null,null,null,null,null,null,null,null,null,null,null,null,null]",,/data1/Kane/ACT/audit_results/r93_rerun_20260525T083118Z/overnight_cpu_20260525T144203Z/lsnc_relu/per_instance_lsnc_relu_20260525T144644909440Z.json
cpu,19,UNKNOWN,UNKNOWN,UNKNOWN,UNKNOWN,0.639,,False,,PASSED,,onnx/relu_quadrotor2d_state.onnx,vnnlib/quadrotor2d_state_19.vnnlib,"[""UNKNOWN"",""UNKNOWN"",""UNKNOWN"",""UNKNOWN"",""UNKNOWN"",""UNKNOWN"",""UNKNOWN"",""UNKNOWN"",""UNKNOWN"",""UNKNOWN"",""UNKNOWN"",""UNKNOWN"",""UNKNOWN""]","[""UNKNOWN"",""UNKNOWN"",""UNKNOWN"",""UNKNOWN"",""UNKNOWN"",""UNKNOWN"",""UNKNOWN"",""UNKNOWN"",""UNKNOWN"",""UNKNOWN"",""UNKNOWN"",""UNKNOWN"",""UNKNOWN""]","[null,null,null,null,null,null,null,null,null,null,null,null,null]",,/data1/Kane/ACT/audit_results/r93_rerun_20260525T083118Z/overnight_cpu_20260525T144203Z/lsnc_relu/per_instance_lsnc_relu_20260525T144648436919Z.json
cpu,2,UNKNOWN,UNKNOWN,UNKNOWN,UNKNOWN,0.599,,False,,PASSED,,onnx/relu_quadrotor2d_state.onnx,vnnlib/quadrotor2d_state_2.vnnlib,"[""UNKNOWN"",""UNKNOWN"",""UNKNOWN"",""UNKNOWN"",""UNKNOWN"",""UNKNOWN"",""UNKNOWN"",""UNKNOWN"",""UNKNOWN"",""UNKNOWN"",""UNKNOWN"",""UNKNOWN"",""UNKNOWN""]","[""UNKNOWN"",""UNKNOWN"",""UNKNOWN"",""UNKNOWN"",""UNKNOWN"",""UNKNOWN"",""UNKNOWN"",""UNKNOWN"",""UNKNOWN"",""UNKNOWN"",""UNKNOWN"",""UNKNOWN"",""UNKNOWN""]","[null,null,null,null,null,null,null,null,null,null,null,null,null]",,/data1/Kane/ACT/audit_results/r93_rerun_20260525T083118Z/overnight_cpu_20260525T144203Z/lsnc_relu/per_instance_lsnc_relu_20260525T144214489741Z.json
cpu,20,UNKNOWN,UNKNOWN,UNKNOWN,UNKNOWN,0.625,,False,,PASSED,,onnx/relu_quadrotor2d_state.onnx,vnnlib/quadrotor2d_state_20.vnnlib,"[""UNKNOWN"",""UNKNOWN"",""UNKNOWN"",""UNKNOWN"",""UNKNOWN"",""UNKNOWN"",""UNKNOWN"",""UNKNOWN"",""UNKNOWN"",""UNKNOWN"",""UNKNOWN"",""UNKNOWN"",""UNKNOWN""]","[""UNKNOWN"",""UNKNOWN"",""UNKNOWN"",""UNKNOWN"",""UNKNOWN"",""UNKNOWN"",""UNKNOWN"",""UNKNOWN"",""UNKNOWN"",""UNKNOWN"",""UNKNOWN"",""UNKNOWN"",""UNKNOWN""]","[null,null,null,null,null,null,null,null,null,null,null,null,null]",,/data1/Kane/ACT/audit_results/r93_rerun_20260525T083118Z/overnight_cpu_20260525T144203Z/lsnc_relu/per_instance_lsnc_relu_20260525T144651914612Z.json
cpu,21,UNKNOWN,UNKNOWN,UNKNOWN,UNKNOWN,0.58,,False,,PASSED,,onnx/relu_quadrotor2d_state.onnx,vnnlib/quadrotor2d_state_21.vnnlib,"[""UNKNOWN"",""UNKNOWN"",""UNKNOWN"",""UNKNOWN"",""UNKNOWN"",""UNKNOWN"",""UNKNOWN"",""UNKNOWN"",""UNKNOWN"",""UNKNOWN"",""UNKNOWN"",""UNKNOWN"",""UNKNOWN""]","[""UNKNOWN"",""UNKNOWN"",""UNKNOWN"",""UNKNOWN"",""UNKNOWN"",""UNKNOWN"",""UNKNOWN"",""UNKNOWN"",""UNKNOWN"",""UNKNOWN"",""UNKNOWN"",""UNKNOWN"",""UNKNOWN""]","[null,null,null,null,null,null,null,null,null,null,null,null,null]",,/data1/Kane/ACT/audit_results/r93_rerun_20260525T083118Z/overnight_cpu_20260525T144203Z/lsnc_relu/per_instance_lsnc_relu_20260525T144655404630Z.json
cpu,22,UNKNOWN,UNKNOWN,UNKNOWN,UNKNOWN,0.632,,False,,PASSED,,onnx/relu_quadrotor2d_state.onnx,vnnlib/quadrotor2d_state_22.vnnlib,"[""UNKNOWN"",""UNKNOWN"",""UNKNOWN"",""UNKNOWN"",""UNKNOWN"",""UNKNOWN"",""UNKNOWN"",""UNKNOWN"",""UNKNOWN"",""UNKNOWN"",""UNKNOWN"",""UNKNOWN"",""UNKNOWN""]","[""UNKNOWN"",""UNKNOWN"",""UNKNOWN"",""UNKNOWN"",""UNKNOWN"",""UNKNOWN"",""UNKNOWN"",""UNKNOWN"",""UNKNOWN"",""UNKNOWN"",""UNKNOWN"",""UNKNOWN"",""UNKNOWN""]","[null,null,null,null,null,null,null,null,null,null,null,null,null]",,/data1/Kane/ACT/audit_results/r93_rerun_20260525T083118Z/overnight_cpu_20260525T144203Z/lsnc_relu/per_instance_lsnc_relu_20260525T144658960735Z.json
cpu,23,UNKNOWN,UNKNOWN,UNKNOWN,UNKNOWN,0.642,,False,,PASSED,,onnx/relu_quadrotor2d_state.onnx,vnnlib/quadrotor2d_state_23.vnnlib,"[""UNKNOWN"",""UNKNOWN"",""UNKNOWN"",""UNKNOWN"",""UNKNOWN"",""UNKNOWN"",""UNKNOWN"",""UNKNOWN"",""UNKNOWN"",""UNKNOWN"",""UNKNOWN"",""UNKNOWN"",""UNKNOWN""]","[""UNKNOWN"",""UNKNOWN"",""UNKNOWN"",""UNKNOWN"",""UNKNOWN"",""UNKNOWN"",""UNKNOWN"",""UNKNOWN"",""UNKNOWN"",""UNKNOWN"",""UNKNOWN"",""UNKNOWN"",""UNKNOWN""]","[null,null,null,null,null,null,null,null,null,null,null,null,null]",,/data1/Kane/ACT/audit_results/r93_rerun_20260525T083118Z/overnight_cpu_20260525T144203Z/lsnc_relu/per_instance_lsnc_relu_20260525T144702470044Z.json
cpu,24,UNKNOWN,UNKNOWN,UNKNOWN,UNKNOWN,0.626,,False,,PASSED,,onnx/relu_quadrotor2d_state.onnx,vnnlib/quadrotor2d_state_24.vnnlib,"[""UNKNOWN"",""UNKNOWN"",""UNKNOWN"",""UNKNOWN"",""UNKNOWN"",""UNKNOWN"",""UNKNOWN"",""UNKNOWN"",""UNKNOWN"",""UNKNOWN"",""UNKNOWN"",""UNKNOWN"",""UNKNOWN""]","[""UNKNOWN"",""UNKNOWN"",""UNKNOWN"",""UNKNOWN"",""UNKNOWN"",""UNKNOWN"",""UNKNOWN"",""UNKNOWN"",""UNKNOWN"",""UNKNOWN"",""UNKNOWN"",""UNKNOWN"",""UNKNOWN""]","[null,null,null,null,null,null,null,null,null,null,null,null,null]",,/data1/Kane/ACT/audit_results/r93_rerun_20260525T083118Z/overnight_cpu_20260525T144203Z/lsnc_relu/per_instance_lsnc_relu_20260525T144705906604Z.json
cpu,25,UNKNOWN,UNKNOWN,UNKNOWN,UNKNOWN,0.568,,False,,PASSED,,onnx/relu_quadrotor2d_state.onnx,vnnlib/quadrotor2d_state_25.vnnlib,"[""UNKNOWN"",""UNKNOWN"",""UNKNOWN"",""UNKNOWN"",""UNKNOWN"",""UNKNOWN"",""UNKNOWN"",""UNKNOWN"",""UNKNOWN"",""UNKNOWN"",""UNKNOWN"",""UNKNOWN"",""UNKNOWN""]","[""UNKNOWN"",""UNKNOWN"",""UNKNOWN"",""UNKNOWN"",""UNKNOWN"",""UNKNOWN"",""UNKNOWN"",""UNKNOWN"",""UNKNOWN"",""UNKNOWN"",""UNKNOWN"",""UNKNOWN"",""UNKNOWN""]","[null,null,null,null,null,null,null,null,null,null,null,null,null]",,/data1/Kane/ACT/audit_results/r93_rerun_20260525T083118Z/overnight_cpu_20260525T144203Z/lsnc_relu/per_instance_lsnc_relu_20260525T144709400058Z.json
cpu,26,UNKNOWN,UNKNOWN,UNKNOWN,UNKNOWN,0.619,,False,,PASSED,,onnx/relu_quadrotor2d_state.onnx,vnnlib/quadrotor2d_state_26.vnnlib,"[""UNKNOWN"",""UNKNOWN"",""UNKNOWN"",""UNKNOWN"",""UNKNOWN"",""UNKNOWN"",""UNKNOWN"",""UNKNOWN"",""UNKNOWN"",""UNKNOWN"",""UNKNOWN"",""UNKNOWN"",""UNKNOWN""]","[""UNKNOWN"",""UNKNOWN"",""UNKNOWN"",""UNKNOWN"",""UNKNOWN"",""UNKNOWN"",""UNKNOWN"",""UNKNOWN"",""UNKNOWN"",""UNKNOWN"",""UNKNOWN"",""UNKNOWN"",""UNKNOWN""]","[null,null,null,null,null,null,null,null,null,null,null,null,null]",,/data1/Kane/ACT/audit_results/r93_rerun_20260525T083118Z/overnight_cpu_20260525T144203Z/lsnc_relu/per_instance_lsnc_relu_20260525T144712937882Z.json
cpu,27,UNKNOWN,UNKNOWN,UNKNOWN,UNKNOWN,0.592,,False,,PASSED,,onnx/relu_quadrotor2d_state.onnx,vnnlib/quadrotor2d_state_27.vnnlib,"[""UNKNOWN"",""UNKNOWN"",""UNKNOWN"",""UNKNOWN"",""UNKNOWN"",""UNKNOWN"",""UNKNOWN"",""UNKNOWN"",""UNKNOWN"",""UNKNOWN"",""UNKNOWN"",""UNKNOWN"",""UNKNOWN""]","[""UNKNOWN"",""UNKNOWN"",""UNKNOWN"",""UNKNOWN"",""UNKNOWN"",""UNKNOWN"",""UNKNOWN"",""UNKNOWN"",""UNKNOWN"",""UNKNOWN"",""UNKNOWN"",""UNKNOWN"",""UNKNOWN""]","[null,null,null,null,null,null,null,null,null,null,null,null,null]",,/data1/Kane/ACT/audit_results/r93_rerun_20260525T083118Z/overnight_cpu_20260525T144203Z/lsnc_relu/per_instance_lsnc_relu_20260525T144716443556Z.json
cpu,28,UNKNOWN,UNKNOWN,UNKNOWN,UNKNOWN,0.631,,False,,PASSED,,onnx/relu_quadrotor2d_state.onnx,vnnlib/quadrotor2d_state_28.vnnlib,"[""UNKNOWN"",""UNKNOWN"",""UNKNOWN"",""UNKNOWN"",""UNKNOWN"",""UNKNOWN"",""UNKNOWN"",""UNKNOWN"",""UNKNOWN"",""UNKNOWN"",""UNKNOWN"",""UNKNOWN"",""UNKNOWN""]","[""UNKNOWN"",""UNKNOWN"",""UNKNOWN"",""UNKNOWN"",""UNKNOWN"",""UNKNOWN"",""UNKNOWN"",""UNKNOWN"",""UNKNOWN"",""UNKNOWN"",""UNKNOWN"",""UNKNOWN"",""UNKNOWN""]","[null,null,null,null,null,null,null,null,null,null,null,null,null]",,/data1/Kane/ACT/audit_results/r93_rerun_20260525T083118Z/overnight_cpu_20260525T144203Z/lsnc_relu/per_instance_lsnc_relu_20260525T144719985601Z.json
cpu,29,UNKNOWN,UNKNOWN,UNKNOWN,UNKNOWN,0.59,,False,,PASSED,,onnx/relu_quadrotor2d_state.onnx,vnnlib/quadrotor2d_state_29.vnnlib,"[""UNKNOWN"",""UNKNOWN"",""UNKNOWN"",""UNKNOWN"",""UNKNOWN"",""UNKNOWN"",""UNKNOWN"",""UNKNOWN"",""UNKNOWN"",""UNKNOWN"",""UNKNOWN"",""UNKNOWN"",""UNKNOWN""]","[""UNKNOWN"",""UNKNOWN"",""UNKNOWN"",""UNKNOWN"",""UNKNOWN"",""UNKNOWN"",""UNKNOWN"",""UNKNOWN"",""UNKNOWN"",""UNKNOWN"",""UNKNOWN"",""UNKNOWN"",""UNKNOWN""]","[null,null,null,null,null,null,null,null,null,null,null,null,null]",,/data1/Kane/ACT/audit_results/r93_rerun_20260525T083118Z/overnight_cpu_20260525T144203Z/lsnc_relu/per_instance_lsnc_relu_20260525T144723449841Z.json
cpu,3,UNKNOWN,UNKNOWN,UNKNOWN,UNKNOWN,0.606,,False,,PASSED,,onnx/relu_quadrotor2d_state.onnx,vnnlib/quadrotor2d_state_3.vnnlib,"[""UNKNOWN"",""UNKNOWN"",""UNKNOWN"",""UNKNOWN"",""UNKNOWN"",""UNKNOWN"",""UNKNOWN"",""UNKNOWN"",""UNKNOWN"",""UNKNOWN"",""UNKNOWN"",""UNKNOWN"",""UNKNOWN""]","[""UNKNOWN"",""UNKNOWN"",""UNKNOWN"",""UNKNOWN"",""UNKNOWN"",""UNKNOWN"",""UNKNOWN"",""UNKNOWN"",""UNKNOWN"",""UNKNOWN"",""UNKNOWN"",""UNKNOWN"",""UNKNOWN""]","[null,null,null,null,null,null,null,null,null,null,null,null,null]",,/data1/Kane/ACT/audit_results/r93_rerun_20260525T083118Z/overnight_cpu_20260525T144203Z/lsnc_relu/per_instance_lsnc_relu_20260525T144218032775Z.json
cpu,30,UNKNOWN,UNKNOWN,UNKNOWN,UNKNOWN,0.637,,False,,PASSED,,onnx/relu_quadrotor2d_state.onnx,vnnlib/quadrotor2d_state_30.vnnlib,"[""UNKNOWN"",""UNKNOWN"",""UNKNOWN"",""UNKNOWN"",""UNKNOWN"",""UNKNOWN"",""UNKNOWN"",""UNKNOWN"",""UNKNOWN"",""UNKNOWN"",""UNKNOWN"",""UNKNOWN"",""UNKNOWN""]","[""UNKNOWN"",""UNKNOWN"",""UNKNOWN"",""UNKNOWN"",""UNKNOWN"",""UNKNOWN"",""UNKNOWN"",""UNKNOWN"",""UNKNOWN"",""UNKNOWN"",""UNKNOWN"",""UNKNOWN"",""UNKNOWN""]","[null,null,null,null,null,null,null,null,null,null,null,null,null]",,/data1/Kane/ACT/audit_results/r93_rerun_20260525T083118Z/overnight_cpu_20260525T144203Z/lsnc_relu/per_instance_lsnc_relu_20260525T144726953779Z.json
cpu,31,UNKNOWN,UNKNOWN,UNKNOWN,UNKNOWN,0.654,,False,,PASSED,,onnx/relu_quadrotor2d_state.onnx,vnnlib/quadrotor2d_state_31.vnnlib,"[""UNKNOWN"",""UNKNOWN"",""UNKNOWN"",""UNKNOWN"",""UNKNOWN"",""UNKNOWN"",""UNKNOWN"",""UNKNOWN"",""UNKNOWN"",""UNKNOWN"",""UNKNOWN"",""UNKNOWN"",""UNKNOWN""]","[""UNKNOWN"",""UNKNOWN"",""UNKNOWN"",""UNKNOWN"",""UNKNOWN"",""UNKNOWN"",""UNKNOWN"",""UNKNOWN"",""UNKNOWN"",""UNKNOWN"",""UNKNOWN"",""UNKNOWN"",""UNKNOWN""]","[null,null,null,null,null,null,null,null,null,null,null,null,null]",,/data1/Kane/ACT/audit_results/r93_rerun_20260525T083118Z/overnight_cpu_20260525T144203Z/lsnc_relu/per_instance_lsnc_relu_20260525T144730501758Z.json
cpu,32,UNKNOWN,UNKNOWN,UNKNOWN,UNKNOWN,0.594,,False,,PASSED,,onnx/relu_quadrotor2d_state.onnx,vnnlib/quadrotor2d_state_32.vnnlib,"[""UNKNOWN"",""UNKNOWN"",""UNKNOWN"",""UNKNOWN"",""UNKNOWN"",""UNKNOWN"",""UNKNOWN"",""UNKNOWN"",""UNKNOWN"",""UNKNOWN"",""UNKNOWN"",""UNKNOWN"",""UNKNOWN""]","[""UNKNOWN"",""UNKNOWN"",""UNKNOWN"",""UNKNOWN"",""UNKNOWN"",""UNKNOWN"",""UNKNOWN"",""UNKNOWN"",""UNKNOWN"",""UNKNOWN"",""UNKNOWN"",""UNKNOWN"",""UNKNOWN""]","[null,null,null,null,null,null,null,null,null,null,null,null,null]",,/data1/Kane/ACT/audit_results/r93_rerun_20260525T083118Z/overnight_cpu_20260525T144203Z/lsnc_relu/per_instance_lsnc_relu_20260525T144733921173Z.json
cpu,33,UNKNOWN,UNKNOWN,UNKNOWN,UNKNOWN,0.611,,False,,PASSED,,onnx/relu_quadrotor2d_state.onnx,vnnlib/quadrotor2d_state_33.vnnlib,"[""UNKNOWN"",""UNKNOWN"",""UNKNOWN"",""UNKNOWN"",""UNKNOWN"",""UNKNOWN"",""UNKNOWN"",""UNKNOWN"",""UNKNOWN"",""UNKNOWN"",""UNKNOWN"",""UNKNOWN"",""UNKNOWN""]","[""UNKNOWN"",""UNKNOWN"",""UNKNOWN"",""UNKNOWN"",""UNKNOWN"",""UNKNOWN"",""UNKNOWN"",""UNKNOWN"",""UNKNOWN"",""UNKNOWN"",""UNKNOWN"",""UNKNOWN"",""UNKNOWN""]","[null,null,null,null,null,null,null,null,null,null,null,null,null]",,/data1/Kane/ACT/audit_results/r93_rerun_20260525T083118Z/overnight_cpu_20260525T144203Z/lsnc_relu/per_instance_lsnc_relu_20260525T144737467619Z.json
cpu,34,UNKNOWN,UNKNOWN,UNKNOWN,UNKNOWN,0.6,,False,,PASSED,,onnx/relu_quadrotor2d_state.onnx,vnnlib/quadrotor2d_state_34.vnnlib,"[""UNKNOWN"",""UNKNOWN"",""UNKNOWN"",""UNKNOWN"",""UNKNOWN"",""UNKNOWN"",""UNKNOWN"",""UNKNOWN"",""UNKNOWN"",""UNKNOWN"",""UNKNOWN"",""UNKNOWN"",""UNKNOWN""]","[""UNKNOWN"",""UNKNOWN"",""UNKNOWN"",""UNKNOWN"",""UNKNOWN"",""UNKNOWN"",""UNKNOWN"",""UNKNOWN"",""UNKNOWN"",""UNKNOWN"",""UNKNOWN"",""UNKNOWN"",""UNKNOWN""]","[null,null,null,null,null,null,null,null,null,null,null,null,null]",,/data1/Kane/ACT/audit_results/r93_rerun_20260525T083118Z/overnight_cpu_20260525T144203Z/lsnc_relu/per_instance_lsnc_relu_20260525T144740933313Z.json
cpu,35,UNKNOWN,UNKNOWN,UNKNOWN,UNKNOWN,0.609,,False,,PASSED,,onnx/relu_quadrotor2d_state.onnx,vnnlib/quadrotor2d_state_35.vnnlib,"[""UNKNOWN"",""UNKNOWN"",""UNKNOWN"",""UNKNOWN"",""UNKNOWN"",""UNKNOWN"",""UNKNOWN"",""UNKNOWN"",""UNKNOWN"",""UNKNOWN"",""UNKNOWN"",""UNKNOWN"",""UNKNOWN""]","[""UNKNOWN"",""UNKNOWN"",""UNKNOWN"",""UNKNOWN"",""UNKNOWN"",""UNKNOWN"",""UNKNOWN"",""UNKNOWN"",""UNKNOWN"",""UNKNOWN"",""UNKNOWN"",""UNKNOWN"",""UNKNOWN""]","[null,null,null,null,null,null,null,null,null,null,null,null,null]",,/data1/Kane/ACT/audit_results/r93_rerun_20260525T083118Z/overnight_cpu_20260525T144203Z/lsnc_relu/per_instance_lsnc_relu_20260525T144744473689Z.json
cpu,36,UNKNOWN,UNKNOWN,UNKNOWN,UNKNOWN,0.613,,False,,PASSED,,onnx/relu_quadrotor2d_state.onnx,vnnlib/quadrotor2d_state_36.vnnlib,"[""UNKNOWN"",""UNKNOWN"",""UNKNOWN"",""UNKNOWN"",""UNKNOWN"",""UNKNOWN"",""UNKNOWN"",""UNKNOWN"",""UNKNOWN"",""UNKNOWN"",""UNKNOWN"",""UNKNOWN"",""UNKNOWN""]","[""UNKNOWN"",""UNKNOWN"",""UNKNOWN"",""UNKNOWN"",""UNKNOWN"",""UNKNOWN"",""UNKNOWN"",""UNKNOWN"",""UNKNOWN"",""UNKNOWN"",""UNKNOWN"",""UNKNOWN"",""UNKNOWN""]","[null,null,null,null,null,null,null,null,null,null,null,null,null]",,/data1/Kane/ACT/audit_results/r93_rerun_20260525T083118Z/overnight_cpu_20260525T144203Z/lsnc_relu/per_instance_lsnc_relu_20260525T144747958367Z.json
cpu,37,UNKNOWN,UNKNOWN,UNKNOWN,UNKNOWN,0.613,,False,,PASSED,,onnx/relu_quadrotor2d_state.onnx,vnnlib/quadrotor2d_state_37.vnnlib,"[""UNKNOWN"",""UNKNOWN"",""UNKNOWN"",""UNKNOWN"",""UNKNOWN"",""UNKNOWN"",""UNKNOWN"",""UNKNOWN"",""UNKNOWN"",""UNKNOWN"",""UNKNOWN"",""UNKNOWN"",""UNKNOWN""]","[""UNKNOWN"",""UNKNOWN"",""UNKNOWN"",""UNKNOWN"",""UNKNOWN"",""UNKNOWN"",""UNKNOWN"",""UNKNOWN"",""UNKNOWN"",""UNKNOWN"",""UNKNOWN"",""UNKNOWN"",""UNKNOWN""]","[null,null,null,null,null,null,null,null,null,null,null,null,null]",,/data1/Kane/ACT/audit_results/r93_rerun_20260525T083118Z/overnight_cpu_20260525T144203Z/lsnc_relu/per_instance_lsnc_relu_20260525T144751487666Z.json
cpu,38,UNKNOWN,UNKNOWN,UNKNOWN,UNKNOWN,0.607,,False,,PASSED,,onnx/relu_quadrotor2d_state.onnx,vnnlib/quadrotor2d_state_38.vnnlib,"[""UNKNOWN"",""UNKNOWN"",""UNKNOWN"",""UNKNOWN"",""UNKNOWN"",""UNKNOWN"",""UNKNOWN"",""UNKNOWN"",""UNKNOWN"",""UNKNOWN"",""UNKNOWN"",""UNKNOWN"",""UNKNOWN""]","[""UNKNOWN"",""UNKNOWN"",""UNKNOWN"",""UNKNOWN"",""UNKNOWN"",""UNKNOWN"",""UNKNOWN"",""UNKNOWN"",""UNKNOWN"",""UNKNOWN"",""UNKNOWN"",""UNKNOWN"",""UNKNOWN""]","[null,null,null,null,null,null,null,null,null,null,null,null,null]",,/data1/Kane/ACT/audit_results/r93_rerun_20260525T083118Z/overnight_cpu_20260525T144203Z/lsnc_relu/per_instance_lsnc_relu_20260525T144754986067Z.json
cpu,39,UNKNOWN,UNKNOWN,UNKNOWN,UNKNOWN,0.603,,False,,PASSED,,onnx/relu_quadrotor2d_state.onnx,vnnlib/quadrotor2d_state_39.vnnlib,"[""UNKNOWN"",""UNKNOWN"",""UNKNOWN"",""UNKNOWN"",""UNKNOWN"",""UNKNOWN"",""UNKNOWN"",""UNKNOWN"",""UNKNOWN"",""UNKNOWN"",""UNKNOWN"",""UNKNOWN"",""UNKNOWN""]","[""UNKNOWN"",""UNKNOWN"",""UNKNOWN"",""UNKNOWN"",""UNKNOWN"",""UNKNOWN"",""UNKNOWN"",""UNKNOWN"",""UNKNOWN"",""UNKNOWN"",""UNKNOWN"",""UNKNOWN"",""UNKNOWN""]","[null,null,null,null,null,null,null,null,null,null,null,null,null]",,/data1/Kane/ACT/audit_results/r93_rerun_20260525T083118Z/overnight_cpu_20260525T144203Z/lsnc_relu/per_instance_lsnc_relu_20260525T144758465710Z.json
cpu,4,UNKNOWN,UNKNOWN,UNKNOWN,UNKNOWN,0.603,,False,,PASSED,,onnx/relu_quadrotor2d_state.onnx,vnnlib/quadrotor2d_state_4.vnnlib,"[""UNKNOWN"",""UNKNOWN"",""UNKNOWN"",""UNKNOWN"",""UNKNOWN"",""UNKNOWN"",""UNKNOWN"",""UNKNOWN"",""UNKNOWN"",""UNKNOWN"",""UNKNOWN"",""UNKNOWN"",""UNKNOWN""]","[""UNKNOWN"",""UNKNOWN"",""UNKNOWN"",""UNKNOWN"",""UNKNOWN"",""UNKNOWN"",""UNKNOWN"",""UNKNOWN"",""UNKNOWN"",""UNKNOWN"",""UNKNOWN"",""UNKNOWN"",""UNKNOWN""]","[null,null,null,null,null,null,null,null,null,null,null,null,null]",,/data1/Kane/ACT/audit_results/r93_rerun_20260525T083118Z/overnight_cpu_20260525T144203Z/lsnc_relu/per_instance_lsnc_relu_20260525T144221535194Z.json
cpu,40,UNKNOWN,UNKNOWN,UNKNOWN,UNKNOWN,0.679,,False,,PASSED,,onnx/relu_quadrotor2d_state.onnx,vnnlib/quadrotor2d_state_40.vnnlib,"[""UNKNOWN"",""UNKNOWN"",""UNKNOWN"",""UNKNOWN"",""UNKNOWN"",""UNKNOWN"",""UNKNOWN"",""UNKNOWN"",""UNKNOWN"",""UNKNOWN"",""UNKNOWN"",""UNKNOWN"",""UNKNOWN""]","[""UNKNOWN"",""UNKNOWN"",""UNKNOWN"",""UNKNOWN"",""UNKNOWN"",""UNKNOWN"",""UNKNOWN"",""UNKNOWN"",""UNKNOWN"",""UNKNOWN"",""UNKNOWN"",""UNKNOWN"",""UNKNOWN""]","[null,null,null,null,null,null,null,null,null,null,null,null,null]",,/data1/Kane/ACT/audit_results/r93_rerun_20260525T083118Z/overnight_cpu_20260525T144203Z/lsnc_relu/per_instance_lsnc_relu_20260525T144802036440Z.json
cpu,41,UNKNOWN,UNKNOWN,UNKNOWN,UNKNOWN,0.62,,False,,PASSED,,onnx/relu_quadrotor2d_state.onnx,vnnlib/quadrotor2d_state_41.vnnlib,"[""UNKNOWN"",""UNKNOWN"",""UNKNOWN"",""UNKNOWN"",""UNKNOWN"",""UNKNOWN"",""UNKNOWN"",""UNKNOWN"",""UNKNOWN"",""UNKNOWN"",""UNKNOWN"",""UNKNOWN"",""UNKNOWN""]","[""UNKNOWN"",""UNKNOWN"",""UNKNOWN"",""UNKNOWN"",""UNKNOWN"",""UNKNOWN"",""UNKNOWN"",""UNKNOWN"",""UNKNOWN"",""UNKNOWN"",""UNKNOWN"",""UNKNOWN"",""UNKNOWN""]","[null,null,null,null,null,null,null,null,null,null,null,null,null]",,/data1/Kane/ACT/audit_results/r93_rerun_20260525T083118Z/overnight_cpu_20260525T144203Z/lsnc_relu/per_instance_lsnc_relu_20260525T144805486734Z.json
cpu,42,UNKNOWN,UNKNOWN,UNKNOWN,UNKNOWN,0.625,,False,,PASSED,,onnx/relu_quadrotor2d_state.onnx,vnnlib/quadrotor2d_state_42.vnnlib,"[""UNKNOWN"",""UNKNOWN"",""UNKNOWN"",""UNKNOWN"",""UNKNOWN"",""UNKNOWN"",""UNKNOWN"",""UNKNOWN"",""UNKNOWN"",""UNKNOWN"",""UNKNOWN"",""UNKNOWN"",""UNKNOWN""]","[""UNKNOWN"",""UNKNOWN"",""UNKNOWN"",""UNKNOWN"",""UNKNOWN"",""UNKNOWN"",""UNKNOWN"",""UNKNOWN"",""UNKNOWN"",""UNKNOWN"",""UNKNOWN"",""UNKNOWN"",""UNKNOWN""]","[null,null,null,null,null,null,null,null,null,null,null,null,null]",,/data1/Kane/ACT/audit_results/r93_rerun_20260525T083118Z/overnight_cpu_20260525T144203Z/lsnc_relu/per_instance_lsnc_relu_20260525T144808998707Z.json
cpu,43,UNKNOWN,UNKNOWN,UNKNOWN,UNKNOWN,0.624,,False,,PASSED,,onnx/relu_quadrotor2d_state.onnx,vnnlib/quadrotor2d_state_43.vnnlib,"[""UNKNOWN"",""UNKNOWN"",""UNKNOWN"",""UNKNOWN"",""UNKNOWN"",""UNKNOWN"",""UNKNOWN"",""UNKNOWN"",""UNKNOWN"",""UNKNOWN"",""UNKNOWN"",""UNKNOWN"",""UNKNOWN""]","[""UNKNOWN"",""UNKNOWN"",""UNKNOWN"",""UNKNOWN"",""UNKNOWN"",""UNKNOWN"",""UNKNOWN"",""UNKNOWN"",""UNKNOWN"",""UNKNOWN"",""UNKNOWN"",""UNKNOWN"",""UNKNOWN""]","[null,null,null,null,null,null,null,null,null,null,null,null,null]",,/data1/Kane/ACT/audit_results/r93_rerun_20260525T083118Z/overnight_cpu_20260525T144203Z/lsnc_relu/per_instance_lsnc_relu_20260525T144812509675Z.json
cpu,44,UNKNOWN,UNKNOWN,UNKNOWN,UNKNOWN,0.586,,False,,PASSED,,onnx/relu_quadrotor2d_state.onnx,vnnlib/quadrotor2d_state_44.vnnlib,"[""UNKNOWN"",""UNKNOWN"",""UNKNOWN"",""UNKNOWN"",""UNKNOWN"",""UNKNOWN"",""UNKNOWN"",""UNKNOWN"",""UNKNOWN"",""UNKNOWN"",""UNKNOWN"",""UNKNOWN"",""UNKNOWN""]","[""UNKNOWN"",""UNKNOWN"",""UNKNOWN"",""UNKNOWN"",""UNKNOWN"",""UNKNOWN"",""UNKNOWN"",""UNKNOWN"",""UNKNOWN"",""UNKNOWN"",""UNKNOWN"",""UNKNOWN"",""UNKNOWN""]","[null,null,null,null,null,null,null,null,null,null,null,null,null]",,/data1/Kane/ACT/audit_results/r93_rerun_20260525T083118Z/overnight_cpu_20260525T144203Z/lsnc_relu/per_instance_lsnc_relu_20260525T144815940623Z.json
cpu,45,UNKNOWN,UNKNOWN,UNKNOWN,UNKNOWN,0.643,,False,,PASSED,,onnx/relu_quadrotor2d_state.onnx,vnnlib/quadrotor2d_state_45.vnnlib,"[""UNKNOWN"",""UNKNOWN"",""UNKNOWN"",""UNKNOWN"",""UNKNOWN"",""UNKNOWN"",""UNKNOWN"",""UNKNOWN"",""UNKNOWN"",""UNKNOWN"",""UNKNOWN"",""UNKNOWN"",""UNKNOWN""]","[""UNKNOWN"",""UNKNOWN"",""UNKNOWN"",""UNKNOWN"",""UNKNOWN"",""UNKNOWN"",""UNKNOWN"",""UNKNOWN"",""UNKNOWN"",""UNKNOWN"",""UNKNOWN"",""UNKNOWN"",""UNKNOWN""]","[null,null,null,null,null,null,null,null,null,null,null,null,null]",,/data1/Kane/ACT/audit_results/r93_rerun_20260525T083118Z/overnight_cpu_20260525T144203Z/lsnc_relu/per_instance_lsnc_relu_20260525T144819562804Z.json
cpu,46,UNKNOWN,UNKNOWN,UNKNOWN,UNKNOWN,0.64,,False,,PASSED,,onnx/relu_quadrotor2d_state.onnx,vnnlib/quadrotor2d_state_46.vnnlib,"[""UNKNOWN"",""UNKNOWN"",""UNKNOWN"",""UNKNOWN"",""UNKNOWN"",""UNKNOWN"",""UNKNOWN"",""UNKNOWN"",""UNKNOWN"",""UNKNOWN"",""UNKNOWN"",""UNKNOWN"",""UNKNOWN""]","[""UNKNOWN"",""UNKNOWN"",""UNKNOWN"",""UNKNOWN"",""UNKNOWN"",""UNKNOWN"",""UNKNOWN"",""UNKNOWN"",""UNKNOWN"",""UNKNOWN"",""UNKNOWN"",""UNKNOWN"",""UNKNOWN""]","[null,null,null,null,null,null,null,null,null,null,null,null,null]",,/data1/Kane/ACT/audit_results/r93_rerun_20260525T083118Z/overnight_cpu_20260525T144203Z/lsnc_relu/per_instance_lsnc_relu_20260525T144822999642Z.json
cpu,47,UNKNOWN,UNKNOWN,UNKNOWN,UNKNOWN,0.597,,False,,PASSED,,onnx/relu_quadrotor2d_state.onnx,vnnlib/quadrotor2d_state_47.vnnlib,"[""UNKNOWN"",""UNKNOWN"",""UNKNOWN"",""UNKNOWN"",""UNKNOWN"",""UNKNOWN"",""UNKNOWN"",""UNKNOWN"",""UNKNOWN"",""UNKNOWN"",""UNKNOWN"",""UNKNOWN"",""UNKNOWN""]","[""UNKNOWN"",""UNKNOWN"",""UNKNOWN"",""UNKNOWN"",""UNKNOWN"",""UNKNOWN"",""UNKNOWN"",""UNKNOWN"",""UNKNOWN"",""UNKNOWN"",""UNKNOWN"",""UNKNOWN"",""UNKNOWN""]","[null,null,null,null,null,null,null,null,null,null,null,null,null]",,/data1/Kane/ACT/audit_results/r93_rerun_20260525T083118Z/overnight_cpu_20260525T144203Z/lsnc_relu/per_instance_lsnc_relu_20260525T144826466561Z.json
cpu,48,UNKNOWN,UNKNOWN,UNKNOWN,UNKNOWN,0.609,,False,,PASSED,,onnx/relu_quadrotor2d_state.onnx,vnnlib/quadrotor2d_state_48.vnnlib,"[""UNKNOWN"",""UNKNOWN"",""UNKNOWN"",""UNKNOWN"",""UNKNOWN"",""UNKNOWN"",""UNKNOWN"",""UNKNOWN"",""UNKNOWN"",""UNKNOWN"",""UNKNOWN"",""UNKNOWN"",""UNKNOWN""]","[""UNKNOWN"",""UNKNOWN"",""UNKNOWN"",""UNKNOWN"",""UNKNOWN"",""UNKNOWN"",""UNKNOWN"",""UNKNOWN"",""UNKNOWN"",""UNKNOWN"",""UNKNOWN"",""UNKNOWN"",""UNKNOWN""]","[null,null,null,null,null,null,null,null,null,null,null,null,null]",,/data1/Kane/ACT/audit_results/r93_rerun_20260525T083118Z/overnight_cpu_20260525T144203Z/lsnc_relu/per_instance_lsnc_relu_20260525T144830025049Z.json
cpu,49,UNKNOWN,UNKNOWN,UNKNOWN,UNKNOWN,0.638,,False,,PASSED,,onnx/relu_quadrotor2d_state.onnx,vnnlib/quadrotor2d_state_49.vnnlib,"[""UNKNOWN"",""UNKNOWN"",""UNKNOWN"",""UNKNOWN"",""UNKNOWN"",""UNKNOWN"",""UNKNOWN"",""UNKNOWN"",""UNKNOWN"",""UNKNOWN"",""UNKNOWN"",""UNKNOWN"",""UNKNOWN""]","[""UNKNOWN"",""UNKNOWN"",""UNKNOWN"",""UNKNOWN"",""UNKNOWN"",""UNKNOWN"",""UNKNOWN"",""UNKNOWN"",""UNKNOWN"",""UNKNOWN"",""UNKNOWN"",""UNKNOWN"",""UNKNOWN""]","[null,null,null,null,null,null,null,null,null,null,null,null,null]",,/data1/Kane/ACT/audit_results/r93_rerun_20260525T083118Z/overnight_cpu_20260525T144203Z/lsnc_relu/per_instance_lsnc_relu_20260525T144833549877Z.json
cpu,5,UNKNOWN,UNKNOWN,UNKNOWN,UNKNOWN,0.637,,False,,PASSED,,onnx/relu_quadrotor2d_state.onnx,vnnlib/quadrotor2d_state_5.vnnlib,"[""UNKNOWN"",""UNKNOWN"",""UNKNOWN"",""UNKNOWN"",""UNKNOWN"",""UNKNOWN"",""UNKNOWN"",""UNKNOWN"",""UNKNOWN"",""UNKNOWN"",""UNKNOWN"",""UNKNOWN"",""UNKNOWN""]","[""UNKNOWN"",""UNKNOWN"",""UNKNOWN"",""UNKNOWN"",""UNKNOWN"",""UNKNOWN"",""UNKNOWN"",""UNKNOWN"",""UNKNOWN"",""UNKNOWN"",""UNKNOWN"",""UNKNOWN"",""UNKNOWN""]","[null,null,null,null,null,null,null,null,null,null,null,null,null]",,/data1/Kane/ACT/audit_results/r93_rerun_20260525T083118Z/overnight_cpu_20260525T144203Z/lsnc_relu/per_instance_lsnc_relu_20260525T144225128001Z.json
cpu,50,UNKNOWN,UNKNOWN,UNKNOWN,UNKNOWN,0.607,,False,,PASSED,,onnx/relu_quadrotor2d_state.onnx,vnnlib/quadrotor2d_state_50.vnnlib,"[""UNKNOWN"",""UNKNOWN"",""UNKNOWN"",""UNKNOWN"",""UNKNOWN"",""UNKNOWN"",""UNKNOWN"",""UNKNOWN"",""UNKNOWN"",""UNKNOWN"",""UNKNOWN"",""UNKNOWN"",""UNKNOWN""]","[""UNKNOWN"",""UNKNOWN"",""UNKNOWN"",""UNKNOWN"",""UNKNOWN"",""UNKNOWN"",""UNKNOWN"",""UNKNOWN"",""UNKNOWN"",""UNKNOWN"",""UNKNOWN"",""UNKNOWN"",""UNKNOWN""]","[null,null,null,null,null,null,null,null,null,null,null,null,null]",,/data1/Kane/ACT/audit_results/r93_rerun_20260525T083118Z/overnight_cpu_20260525T144203Z/lsnc_relu/per_instance_lsnc_relu_20260525T144837001923Z.json
cpu,51,UNKNOWN,UNKNOWN,UNKNOWN,UNKNOWN,0.619,,False,,PASSED,,onnx/relu_quadrotor2d_state.onnx,vnnlib/quadrotor2d_state_51.vnnlib,"[""UNKNOWN"",""UNKNOWN"",""UNKNOWN"",""UNKNOWN"",""UNKNOWN"",""UNKNOWN"",""UNKNOWN"",""UNKNOWN"",""UNKNOWN"",""UNKNOWN"",""UNKNOWN"",""UNKNOWN"",""UNKNOWN""]","[""UNKNOWN"",""UNKNOWN"",""UNKNOWN"",""UNKNOWN"",""UNKNOWN"",""UNKNOWN"",""UNKNOWN"",""UNKNOWN"",""UNKNOWN"",""UNKNOWN"",""UNKNOWN"",""UNKNOWN"",""UNKNOWN""]","[null,null,null,null,null,null,null,null,null,null,null,null,null]",,/data1/Kane/ACT/audit_results/r93_rerun_20260525T083118Z/overnight_cpu_20260525T144203Z/lsnc_relu/per_instance_lsnc_relu_20260525T144840526202Z.json
cpu,52,UNKNOWN,UNKNOWN,UNKNOWN,UNKNOWN,0.642,,False,,PASSED,,onnx/relu_quadrotor2d_state.onnx,vnnlib/quadrotor2d_state_52.vnnlib,"[""UNKNOWN"",""UNKNOWN"",""UNKNOWN"",""UNKNOWN"",""UNKNOWN"",""UNKNOWN"",""UNKNOWN"",""UNKNOWN"",""UNKNOWN"",""UNKNOWN"",""UNKNOWN"",""UNKNOWN"",""UNKNOWN""]","[""UNKNOWN"",""UNKNOWN"",""UNKNOWN"",""UNKNOWN"",""UNKNOWN"",""UNKNOWN"",""UNKNOWN"",""UNKNOWN"",""UNKNOWN"",""UNKNOWN"",""UNKNOWN"",""UNKNOWN"",""UNKNOWN""]","[null,null,null,null,null,null,null,null,null,null,null,null,null]",,/data1/Kane/ACT/audit_results/r93_rerun_20260525T083118Z/overnight_cpu_20260525T144203Z/lsnc_relu/per_instance_lsnc_relu_20260525T144844066334Z.json
cpu,53,UNKNOWN,UNKNOWN,UNKNOWN,UNKNOWN,0.612,,False,,PASSED,,onnx/relu_quadrotor2d_state.onnx,vnnlib/quadrotor2d_state_53.vnnlib,"[""UNKNOWN"",""UNKNOWN"",""UNKNOWN"",""UNKNOWN"",""UNKNOWN"",""UNKNOWN"",""UNKNOWN"",""UNKNOWN"",""UNKNOWN"",""UNKNOWN"",""UNKNOWN"",""UNKNOWN"",""UNKNOWN""]","[""UNKNOWN"",""UNKNOWN"",""UNKNOWN"",""UNKNOWN"",""UNKNOWN"",""UNKNOWN"",""UNKNOWN"",""UNKNOWN"",""UNKNOWN"",""UNKNOWN"",""UNKNOWN"",""UNKNOWN"",""UNKNOWN""]","[null,null,null,null,null,null,null,null,null,null,null,null,null]",,/data1/Kane/ACT/audit_results/r93_rerun_20260525T083118Z/overnight_cpu_20260525T144203Z/lsnc_relu/per_instance_lsnc_relu_20260525T144847510637Z.json
cpu,54,UNKNOWN,UNKNOWN,UNKNOWN,UNKNOWN,0.612,,False,,PASSED,,onnx/relu_quadrotor2d_state.onnx,vnnlib/quadrotor2d_state_54.vnnlib,"[""UNKNOWN"",""UNKNOWN"",""UNKNOWN"",""UNKNOWN"",""UNKNOWN"",""UNKNOWN"",""UNKNOWN"",""UNKNOWN"",""UNKNOWN"",""UNKNOWN"",""UNKNOWN"",""UNKNOWN"",""UNKNOWN""]","[""UNKNOWN"",""UNKNOWN"",""UNKNOWN"",""UNKNOWN"",""UNKNOWN"",""UNKNOWN"",""UNKNOWN"",""UNKNOWN"",""UNKNOWN"",""UNKNOWN"",""UNKNOWN"",""UNKNOWN"",""UNKNOWN""]","[null,null,null,null,null,null,null,null,null,null,null,null,null]",,/data1/Kane/ACT/audit_results/r93_rerun_20260525T083118Z/overnight_cpu_20260525T144203Z/lsnc_relu/per_instance_lsnc_relu_20260525T144851031257Z.json
cpu,55,UNKNOWN,UNKNOWN,UNKNOWN,UNKNOWN,0.614,,False,,PASSED,,onnx/relu_quadrotor2d_state.onnx,vnnlib/quadrotor2d_state_55.vnnlib,"[""UNKNOWN"",""UNKNOWN"",""UNKNOWN"",""UNKNOWN"",""UNKNOWN"",""UNKNOWN"",""UNKNOWN"",""UNKNOWN"",""UNKNOWN"",""UNKNOWN"",""UNKNOWN"",""UNKNOWN"",""UNKNOWN""]","[""UNKNOWN"",""UNKNOWN"",""UNKNOWN"",""UNKNOWN"",""UNKNOWN"",""UNKNOWN"",""UNKNOWN"",""UNKNOWN"",""UNKNOWN"",""UNKNOWN"",""UNKNOWN"",""UNKNOWN"",""UNKNOWN""]","[null,null,null,null,null,null,null,null,null,null,null,null,null]",,/data1/Kane/ACT/audit_results/r93_rerun_20260525T083118Z/overnight_cpu_20260525T144203Z/lsnc_relu/per_instance_lsnc_relu_20260525T144854536967Z.json
cpu,56,UNKNOWN,UNKNOWN,UNKNOWN,UNKNOWN,0.605,,False,,PASSED,,onnx/relu_quadrotor2d_state.onnx,vnnlib/quadrotor2d_state_56.vnnlib,"[""UNKNOWN"",""UNKNOWN"",""UNKNOWN"",""UNKNOWN"",""UNKNOWN"",""UNKNOWN"",""UNKNOWN"",""UNKNOWN"",""UNKNOWN"",""UNKNOWN"",""UNKNOWN"",""UNKNOWN"",""UNKNOWN""]","[""UNKNOWN"",""UNKNOWN"",""UNKNOWN"",""UNKNOWN"",""UNKNOWN"",""UNKNOWN"",""UNKNOWN"",""UNKNOWN"",""UNKNOWN"",""UNKNOWN"",""UNKNOWN"",""UNKNOWN"",""UNKNOWN""]","[null,null,null,null,null,null,null,null,null,null,null,null,null]",,/data1/Kane/ACT/audit_results/r93_rerun_20260525T083118Z/overnight_cpu_20260525T144203Z/lsnc_relu/per_instance_lsnc_relu_20260525T144858019336Z.json
cpu,57,UNKNOWN,UNKNOWN,UNKNOWN,UNKNOWN,0.592,,False,,PASSED,,onnx/relu_quadrotor2d_state.onnx,vnnlib/quadrotor2d_state_57.vnnlib,"[""UNKNOWN"",""UNKNOWN"",""UNKNOWN"",""UNKNOWN"",""UNKNOWN"",""UNKNOWN"",""UNKNOWN"",""UNKNOWN"",""UNKNOWN"",""UNKNOWN"",""UNKNOWN"",""UNKNOWN"",""UNKNOWN""]","[""UNKNOWN"",""UNKNOWN"",""UNKNOWN"",""UNKNOWN"",""UNKNOWN"",""UNKNOWN"",""UNKNOWN"",""UNKNOWN"",""UNKNOWN"",""UNKNOWN"",""UNKNOWN"",""UNKNOWN"",""UNKNOWN""]","[null,null,null,null,null,null,null,null,null,null,null,null,null]",,/data1/Kane/ACT/audit_results/r93_rerun_20260525T083118Z/overnight_cpu_20260525T144203Z/lsnc_relu/per_instance_lsnc_relu_20260525T144901535775Z.json
cpu,58,UNKNOWN,UNKNOWN,UNKNOWN,UNKNOWN,0.728,,False,,PASSED,,onnx/relu_quadrotor2d_state.onnx,vnnlib/quadrotor2d_state_58.vnnlib,"[""UNKNOWN"",""UNKNOWN"",""UNKNOWN"",""UNKNOWN"",""UNKNOWN"",""UNKNOWN"",""UNKNOWN"",""UNKNOWN"",""UNKNOWN"",""UNKNOWN"",""UNKNOWN"",""UNKNOWN"",""UNKNOWN""]","[""UNKNOWN"",""UNKNOWN"",""UNKNOWN"",""UNKNOWN"",""UNKNOWN"",""UNKNOWN"",""UNKNOWN"",""UNKNOWN"",""UNKNOWN"",""UNKNOWN"",""UNKNOWN"",""UNKNOWN"",""UNKNOWN""]","[null,null,null,null,null,null,null,null,null,null,null,null,null]",,/data1/Kane/ACT/audit_results/r93_rerun_20260525T083118Z/overnight_cpu_20260525T144203Z/lsnc_relu/per_instance_lsnc_relu_20260525T144908041765Z.json
cpu,59,UNKNOWN,UNKNOWN,UNKNOWN,UNKNOWN,0.56,,False,,PASSED,,onnx/relu_quadrotor2d_state.onnx,vnnlib/quadrotor2d_state_59.vnnlib,"[""UNKNOWN"",""UNKNOWN"",""UNKNOWN"",""UNKNOWN"",""UNKNOWN"",""UNKNOWN"",""UNKNOWN"",""UNKNOWN"",""UNKNOWN"",""UNKNOWN"",""UNKNOWN"",""UNKNOWN"",""UNKNOWN""]","[""UNKNOWN"",""UNKNOWN"",""UNKNOWN"",""UNKNOWN"",""UNKNOWN"",""UNKNOWN"",""UNKNOWN"",""UNKNOWN"",""UNKNOWN"",""UNKNOWN"",""UNKNOWN"",""UNKNOWN"",""UNKNOWN""]","[null,null,null,null,null,null,null,null,null,null,null,null,null]",,/data1/Kane/ACT/audit_results/r93_rerun_20260525T083118Z/overnight_cpu_20260525T144203Z/lsnc_relu/per_instance_lsnc_relu_20260525T144913039451Z.json
cpu,6,UNKNOWN,UNKNOWN,UNKNOWN,UNKNOWN,0.646,,False,,PASSED,,onnx/relu_quadrotor2d_state.onnx,vnnlib/quadrotor2d_state_6.vnnlib,"[""UNKNOWN"",""UNKNOWN"",""UNKNOWN"",""UNKNOWN"",""UNKNOWN"",""UNKNOWN"",""UNKNOWN"",""UNKNOWN"",""UNKNOWN"",""UNKNOWN"",""UNKNOWN"",""UNKNOWN"",""UNKNOWN""]","[""UNKNOWN"",""UNKNOWN"",""UNKNOWN"",""UNKNOWN"",""UNKNOWN"",""UNKNOWN"",""UNKNOWN"",""UNKNOWN"",""UNKNOWN"",""UNKNOWN"",""UNKNOWN"",""UNKNOWN"",""UNKNOWN""]","[null,null,null,null,null,null,null,null,null,null,null,null,null]",,/data1/Kane/ACT/audit_results/r93_rerun_20260525T083118Z/overnight_cpu_20260525T144203Z/lsnc_relu/per_instance_lsnc_relu_20260525T144228615145Z.json
cpu,60,UNKNOWN,UNKNOWN,UNKNOWN,UNKNOWN,0.604,,False,,PASSED,,onnx/relu_quadrotor2d_state.onnx,vnnlib/quadrotor2d_state_60.vnnlib,"[""UNKNOWN"",""UNKNOWN"",""UNKNOWN"",""UNKNOWN"",""UNKNOWN"",""UNKNOWN"",""UNKNOWN"",""UNKNOWN"",""UNKNOWN"",""UNKNOWN"",""UNKNOWN"",""UNKNOWN"",""UNKNOWN""]","[""UNKNOWN"",""UNKNOWN"",""UNKNOWN"",""UNKNOWN"",""UNKNOWN"",""UNKNOWN"",""UNKNOWN"",""UNKNOWN"",""UNKNOWN"",""UNKNOWN"",""UNKNOWN"",""UNKNOWN"",""UNKNOWN""]","[null,null,null,null,null,null,null,null,null,null,null,null,null]",,/data1/Kane/ACT/audit_results/r93_rerun_20260525T083118Z/overnight_cpu_20260525T144203Z/lsnc_relu/per_instance_lsnc_relu_20260525T144916228071Z.json
cpu,61,UNKNOWN,UNKNOWN,UNKNOWN,UNKNOWN,0.614,,False,,PASSED,,onnx/relu_quadrotor2d_state.onnx,vnnlib/quadrotor2d_state_61.vnnlib,"[""UNKNOWN"",""UNKNOWN"",""UNKNOWN"",""UNKNOWN"",""UNKNOWN"",""UNKNOWN"",""UNKNOWN"",""UNKNOWN"",""UNKNOWN"",""UNKNOWN"",""UNKNOWN"",""UNKNOWN"",""UNKNOWN""]","[""UNKNOWN"",""UNKNOWN"",""UNKNOWN"",""UNKNOWN"",""UNKNOWN"",""UNKNOWN"",""UNKNOWN"",""UNKNOWN"",""UNKNOWN"",""UNKNOWN"",""UNKNOWN"",""UNKNOWN"",""UNKNOWN""]","[null,null,null,null,null,null,null,null,null,null,null,null,null]",,/data1/Kane/ACT/audit_results/r93_rerun_20260525T083118Z/overnight_cpu_20260525T144203Z/lsnc_relu/per_instance_lsnc_relu_20260525T144919774838Z.json
cpu,62,UNKNOWN,UNKNOWN,UNKNOWN,UNKNOWN,0.612,,False,,PASSED,,onnx/relu_quadrotor2d_state.onnx,vnnlib/quadrotor2d_state_62.vnnlib,"[""UNKNOWN"",""UNKNOWN"",""UNKNOWN"",""UNKNOWN"",""UNKNOWN"",""UNKNOWN"",""UNKNOWN"",""UNKNOWN"",""UNKNOWN"",""UNKNOWN"",""UNKNOWN"",""UNKNOWN"",""UNKNOWN""]","[""UNKNOWN"",""UNKNOWN"",""UNKNOWN"",""UNKNOWN"",""UNKNOWN"",""UNKNOWN"",""UNKNOWN"",""UNKNOWN"",""UNKNOWN"",""UNKNOWN"",""UNKNOWN"",""UNKNOWN"",""UNKNOWN""]","[null,null,null,null,null,null,null,null,null,null,null,null,null]",,/data1/Kane/ACT/audit_results/r93_rerun_20260525T083118Z/overnight_cpu_20260525T144203Z/lsnc_relu/per_instance_lsnc_relu_20260525T144923231057Z.json
cpu,63,UNKNOWN,UNKNOWN,UNKNOWN,UNKNOWN,0.603,,False,,PASSED,,onnx/relu_quadrotor2d_state.onnx,vnnlib/quadrotor2d_state_63.vnnlib,"[""UNKNOWN"",""UNKNOWN"",""UNKNOWN"",""UNKNOWN"",""UNKNOWN"",""UNKNOWN"",""UNKNOWN"",""UNKNOWN"",""UNKNOWN"",""UNKNOWN"",""UNKNOWN"",""UNKNOWN"",""UNKNOWN""]","[""UNKNOWN"",""UNKNOWN"",""UNKNOWN"",""UNKNOWN"",""UNKNOWN"",""UNKNOWN"",""UNKNOWN"",""UNKNOWN"",""UNKNOWN"",""UNKNOWN"",""UNKNOWN"",""UNKNOWN"",""UNKNOWN""]","[null,null,null,null,null,null,null,null,null,null,null,null,null]",,/data1/Kane/ACT/audit_results/r93_rerun_20260525T083118Z/overnight_cpu_20260525T144203Z/lsnc_relu/per_instance_lsnc_relu_20260525T144926753457Z.json
cpu,64,UNKNOWN,UNKNOWN,UNKNOWN,UNKNOWN,0.625,,False,,PASSED,,onnx/relu_quadrotor2d_state.onnx,vnnlib/quadrotor2d_state_64.vnnlib,"[""UNKNOWN"",""UNKNOWN"",""UNKNOWN"",""UNKNOWN"",""UNKNOWN"",""UNKNOWN"",""UNKNOWN"",""UNKNOWN"",""UNKNOWN"",""UNKNOWN"",""UNKNOWN"",""UNKNOWN"",""UNKNOWN""]","[""UNKNOWN"",""UNKNOWN"",""UNKNOWN"",""UNKNOWN"",""UNKNOWN"",""UNKNOWN"",""UNKNOWN"",""UNKNOWN"",""UNKNOWN"",""UNKNOWN"",""UNKNOWN"",""UNKNOWN"",""UNKNOWN""]","[null,null,null,null,null,null,null,null,null,null,null,null,null]",,/data1/Kane/ACT/audit_results/r93_rerun_20260525T083118Z/overnight_cpu_20260525T144203Z/lsnc_relu/per_instance_lsnc_relu_20260525T144930265918Z.json
cpu,65,UNKNOWN,UNKNOWN,UNKNOWN,UNKNOWN,0.608,,False,,PASSED,,onnx/relu_quadrotor2d_state.onnx,vnnlib/quadrotor2d_state_65.vnnlib,"[""UNKNOWN"",""UNKNOWN"",""UNKNOWN"",""UNKNOWN"",""UNKNOWN"",""UNKNOWN"",""UNKNOWN"",""UNKNOWN"",""UNKNOWN"",""UNKNOWN"",""UNKNOWN"",""UNKNOWN"",""UNKNOWN""]","[""UNKNOWN"",""UNKNOWN"",""UNKNOWN"",""UNKNOWN"",""UNKNOWN"",""UNKNOWN"",""UNKNOWN"",""UNKNOWN"",""UNKNOWN"",""UNKNOWN"",""UNKNOWN"",""UNKNOWN"",""UNKNOWN""]","[null,null,null,null,null,null,null,null,null,null,null,null,null]",,/data1/Kane/ACT/audit_results/r93_rerun_20260525T083118Z/overnight_cpu_20260525T144203Z/lsnc_relu/per_instance_lsnc_relu_20260525T144933724837Z.json
cpu,66,UNKNOWN,UNKNOWN,UNKNOWN,UNKNOWN,0.607,,False,,PASSED,,onnx/relu_quadrotor2d_state.onnx,vnnlib/quadrotor2d_state_66.vnnlib,"[""UNKNOWN"",""UNKNOWN"",""UNKNOWN"",""UNKNOWN"",""UNKNOWN"",""UNKNOWN"",""UNKNOWN"",""UNKNOWN"",""UNKNOWN"",""UNKNOWN"",""UNKNOWN"",""UNKNOWN"",""UNKNOWN""]","[""UNKNOWN"",""UNKNOWN"",""UNKNOWN"",""UNKNOWN"",""UNKNOWN"",""UNKNOWN"",""UNKNOWN"",""UNKNOWN"",""UNKNOWN"",""UNKNOWN"",""UNKNOWN"",""UNKNOWN"",""UNKNOWN""]","[null,null,null,null,null,null,null,null,null,null,null,null,null]",,/data1/Kane/ACT/audit_results/r93_rerun_20260525T083118Z/overnight_cpu_20260525T144203Z/lsnc_relu/per_instance_lsnc_relu_20260525T144937254586Z.json
cpu,67,UNKNOWN,UNKNOWN,UNKNOWN,UNKNOWN,0.626,,False,,PASSED,,onnx/relu_quadrotor2d_state.onnx,vnnlib/quadrotor2d_state_67.vnnlib,"[""UNKNOWN"",""UNKNOWN"",""UNKNOWN"",""UNKNOWN"",""UNKNOWN"",""UNKNOWN"",""UNKNOWN"",""UNKNOWN"",""UNKNOWN"",""UNKNOWN"",""UNKNOWN"",""UNKNOWN"",""UNKNOWN""]","[""UNKNOWN"",""UNKNOWN"",""UNKNOWN"",""UNKNOWN"",""UNKNOWN"",""UNKNOWN"",""UNKNOWN"",""UNKNOWN"",""UNKNOWN"",""UNKNOWN"",""UNKNOWN"",""UNKNOWN"",""UNKNOWN""]","[null,null,null,null,null,null,null,null,null,null,null,null,null]",,/data1/Kane/ACT/audit_results/r93_rerun_20260525T083118Z/overnight_cpu_20260525T144203Z/lsnc_relu/per_instance_lsnc_relu_20260525T144940774915Z.json
cpu,68,UNKNOWN,UNKNOWN,UNKNOWN,UNKNOWN,0.656,,False,,PASSED,,onnx/relu_quadrotor2d_state.onnx,vnnlib/quadrotor2d_state_68.vnnlib,"[""UNKNOWN"",""UNKNOWN"",""UNKNOWN"",""UNKNOWN"",""UNKNOWN"",""UNKNOWN"",""UNKNOWN"",""UNKNOWN"",""UNKNOWN"",""UNKNOWN"",""UNKNOWN"",""UNKNOWN"",""UNKNOWN""]","[""UNKNOWN"",""UNKNOWN"",""UNKNOWN"",""UNKNOWN"",""UNKNOWN"",""UNKNOWN"",""UNKNOWN"",""UNKNOWN"",""UNKNOWN"",""UNKNOWN"",""UNKNOWN"",""UNKNOWN"",""UNKNOWN""]","[null,null,null,null,null,null,null,null,null,null,null,null,null]",,/data1/Kane/ACT/audit_results/r93_rerun_20260525T083118Z/overnight_cpu_20260525T144203Z/lsnc_relu/per_instance_lsnc_relu_20260525T144944295315Z.json
cpu,69,UNKNOWN,UNKNOWN,UNKNOWN,UNKNOWN,0.636,,False,,PASSED,,onnx/relu_quadrotor2d_state.onnx,vnnlib/quadrotor2d_state_69.vnnlib,"[""UNKNOWN"",""UNKNOWN"",""UNKNOWN"",""UNKNOWN"",""UNKNOWN"",""UNKNOWN"",""UNKNOWN"",""UNKNOWN"",""UNKNOWN"",""UNKNOWN"",""UNKNOWN"",""UNKNOWN"",""UNKNOWN""]","[""UNKNOWN"",""UNKNOWN"",""UNKNOWN"",""UNKNOWN"",""UNKNOWN"",""UNKNOWN"",""UNKNOWN"",""UNKNOWN"",""UNKNOWN"",""UNKNOWN"",""UNKNOWN"",""UNKNOWN"",""UNKNOWN""]","[null,null,null,null,null,null,null,null,null,null,null,null,null]",,/data1/Kane/ACT/audit_results/r93_rerun_20260525T083118Z/overnight_cpu_20260525T144203Z/lsnc_relu/per_instance_lsnc_relu_20260525T144947800562Z.json
cpu,7,UNKNOWN,UNKNOWN,UNKNOWN,UNKNOWN,0.613,,False,,PASSED,,onnx/relu_quadrotor2d_state.onnx,vnnlib/quadrotor2d_state_7.vnnlib,"[""UNKNOWN"",""UNKNOWN"",""UNKNOWN"",""UNKNOWN"",""UNKNOWN"",""UNKNOWN"",""UNKNOWN"",""UNKNOWN"",""UNKNOWN"",""UNKNOWN"",""UNKNOWN"",""UNKNOWN"",""UNKNOWN""]","[""UNKNOWN"",""UNKNOWN"",""UNKNOWN"",""UNKNOWN"",""UNKNOWN"",""UNKNOWN"",""UNKNOWN"",""UNKNOWN"",""UNKNOWN"",""UNKNOWN"",""UNKNOWN"",""UNKNOWN"",""UNKNOWN""]","[null,null,null,null,null,null,null,null,null,null,null,null,null]",,/data1/Kane/ACT/audit_results/r93_rerun_20260525T083118Z/overnight_cpu_20260525T144203Z/lsnc_relu/per_instance_lsnc_relu_20260525T144232084786Z.json
cpu,70,UNKNOWN,UNKNOWN,UNKNOWN,UNKNOWN,0.632,,False,,PASSED,,onnx/relu_quadrotor2d_state.onnx,vnnlib/quadrotor2d_state_70.vnnlib,"[""UNKNOWN"",""UNKNOWN"",""UNKNOWN"",""UNKNOWN"",""UNKNOWN"",""UNKNOWN"",""UNKNOWN"",""UNKNOWN"",""UNKNOWN"",""UNKNOWN"",""UNKNOWN"",""UNKNOWN"",""UNKNOWN""]","[""UNKNOWN"",""UNKNOWN"",""UNKNOWN"",""UNKNOWN"",""UNKNOWN"",""UNKNOWN"",""UNKNOWN"",""UNKNOWN"",""UNKNOWN"",""UNKNOWN"",""UNKNOWN"",""UNKNOWN"",""UNKNOWN""]","[null,null,null,null,null,null,null,null,null,null,null,null,null]",,/data1/Kane/ACT/audit_results/r93_rerun_20260525T083118Z/overnight_cpu_20260525T144203Z/lsnc_relu/per_instance_lsnc_relu_20260525T144951278926Z.json
cpu,71,UNKNOWN,UNKNOWN,UNKNOWN,UNKNOWN,0.597,,False,,PASSED,,onnx/relu_quadrotor2d_state.onnx,vnnlib/quadrotor2d_state_71.vnnlib,"[""UNKNOWN"",""UNKNOWN"",""UNKNOWN"",""UNKNOWN"",""UNKNOWN"",""UNKNOWN"",""UNKNOWN"",""UNKNOWN"",""UNKNOWN"",""UNKNOWN"",""UNKNOWN"",""UNKNOWN"",""UNKNOWN""]","[""UNKNOWN"",""UNKNOWN"",""UNKNOWN"",""UNKNOWN"",""UNKNOWN"",""UNKNOWN"",""UNKNOWN"",""UNKNOWN"",""UNKNOWN"",""UNKNOWN"",""UNKNOWN"",""UNKNOWN"",""UNKNOWN""]","[null,null,null,null,null,null,null,null,null,null,null,null,null]",,/data1/Kane/ACT/audit_results/r93_rerun_20260525T083118Z/overnight_cpu_20260525T144203Z/lsnc_relu/per_instance_lsnc_relu_20260525T144954715864Z.json
cpu,72,UNKNOWN,UNKNOWN,UNKNOWN,UNKNOWN,0.61,,False,,PASSED,,onnx/relu_quadrotor2d_state.onnx,vnnlib/quadrotor2d_state_72.vnnlib,"[""UNKNOWN"",""UNKNOWN"",""UNKNOWN"",""UNKNOWN"",""UNKNOWN"",""UNKNOWN"",""UNKNOWN"",""UNKNOWN"",""UNKNOWN"",""UNKNOWN"",""UNKNOWN"",""UNKNOWN"",""UNKNOWN""]","[""UNKNOWN"",""UNKNOWN"",""UNKNOWN"",""UNKNOWN"",""UNKNOWN"",""UNKNOWN"",""UNKNOWN"",""UNKNOWN"",""UNKNOWN"",""UNKNOWN"",""UNKNOWN"",""UNKNOWN"",""UNKNOWN""]","[null,null,null,null,null,null,null,null,null,null,null,null,null]",,/data1/Kane/ACT/audit_results/r93_rerun_20260525T083118Z/overnight_cpu_20260525T144203Z/lsnc_relu/per_instance_lsnc_relu_20260525T144958287634Z.json
cpu,73,UNKNOWN,UNKNOWN,UNKNOWN,UNKNOWN,0.618,,False,,PASSED,,onnx/relu_quadrotor2d_state.onnx,vnnlib/quadrotor2d_state_73.vnnlib,"[""UNKNOWN"",""UNKNOWN"",""UNKNOWN"",""UNKNOWN"",""UNKNOWN"",""UNKNOWN"",""UNKNOWN"",""UNKNOWN"",""UNKNOWN"",""UNKNOWN"",""UNKNOWN"",""UNKNOWN"",""UNKNOWN""]","[""UNKNOWN"",""UNKNOWN"",""UNKNOWN"",""UNKNOWN"",""UNKNOWN"",""UNKNOWN"",""UNKNOWN"",""UNKNOWN"",""UNKNOWN"",""UNKNOWN"",""UNKNOWN"",""UNKNOWN"",""UNKNOWN""]","[null,null,null,null,null,null,null,null,null,null,null,null,null]",,/data1/Kane/ACT/audit_results/r93_rerun_20260525T083118Z/overnight_cpu_20260525T144203Z/lsnc_relu/per_instance_lsnc_relu_20260525T145001792144Z.json
cpu,74,UNKNOWN,UNKNOWN,UNKNOWN,UNKNOWN,0.597,,False,,PASSED,,onnx/relu_quadrotor2d_state.onnx,vnnlib/quadrotor2d_state_74.vnnlib,"[""UNKNOWN"",""UNKNOWN"",""UNKNOWN"",""UNKNOWN"",""UNKNOWN"",""UNKNOWN"",""UNKNOWN"",""UNKNOWN"",""UNKNOWN"",""UNKNOWN"",""UNKNOWN"",""UNKNOWN"",""UNKNOWN""]","[""UNKNOWN"",""UNKNOWN"",""UNKNOWN"",""UNKNOWN"",""UNKNOWN"",""UNKNOWN"",""UNKNOWN"",""UNKNOWN"",""UNKNOWN"",""UNKNOWN"",""UNKNOWN"",""UNKNOWN"",""UNKNOWN""]","[null,null,null,null,null,null,null,null,null,null,null,null,null]",,/data1/Kane/ACT/audit_results/r93_rerun_20260525T083118Z/overnight_cpu_20260525T144203Z/lsnc_relu/per_instance_lsnc_relu_20260525T145005281582Z.json
cpu,75,UNKNOWN,UNKNOWN,UNKNOWN,UNKNOWN,0.613,,False,,PASSED,,onnx/relu_quadrotor2d_state.onnx,vnnlib/quadrotor2d_state_75.vnnlib,"[""UNKNOWN"",""UNKNOWN"",""UNKNOWN"",""UNKNOWN"",""UNKNOWN"",""UNKNOWN"",""UNKNOWN"",""UNKNOWN"",""UNKNOWN"",""UNKNOWN"",""UNKNOWN"",""UNKNOWN"",""UNKNOWN""]","[""UNKNOWN"",""UNKNOWN"",""UNKNOWN"",""UNKNOWN"",""UNKNOWN"",""UNKNOWN"",""UNKNOWN"",""UNKNOWN"",""UNKNOWN"",""UNKNOWN"",""UNKNOWN"",""UNKNOWN"",""UNKNOWN""]","[null,null,null,null,null,null,null,null,null,null,null,null,null]",,/data1/Kane/ACT/audit_results/r93_rerun_20260525T083118Z/overnight_cpu_20260525T144203Z/lsnc_relu/per_instance_lsnc_relu_20260525T145008805429Z.json
cpu,76,UNKNOWN,UNKNOWN,UNKNOWN,UNKNOWN,0.614,,False,,PASSED,,onnx/relu_quadrotor2d_state.onnx,vnnlib/quadrotor2d_state_76.vnnlib,"[""UNKNOWN"",""UNKNOWN"",""UNKNOWN"",""UNKNOWN"",""UNKNOWN"",""UNKNOWN"",""UNKNOWN"",""UNKNOWN"",""UNKNOWN"",""UNKNOWN"",""UNKNOWN"",""UNKNOWN"",""UNKNOWN""]","[""UNKNOWN"",""UNKNOWN"",""UNKNOWN"",""UNKNOWN"",""UNKNOWN"",""UNKNOWN"",""UNKNOWN"",""UNKNOWN"",""UNKNOWN"",""UNKNOWN"",""UNKNOWN"",""UNKNOWN"",""UNKNOWN""]","[null,null,null,null,null,null,null,null,null,null,null,null,null]",,/data1/Kane/ACT/audit_results/r93_rerun_20260525T083118Z/overnight_cpu_20260525T144203Z/lsnc_relu/per_instance_lsnc_relu_20260525T145012291894Z.json
cpu,77,UNKNOWN,UNKNOWN,UNKNOWN,UNKNOWN,0.616,,False,,PASSED,,onnx/relu_quadrotor2d_state.onnx,vnnlib/quadrotor2d_state_77.vnnlib,"[""UNKNOWN"",""UNKNOWN"",""UNKNOWN"",""UNKNOWN"",""UNKNOWN"",""UNKNOWN"",""UNKNOWN"",""UNKNOWN"",""UNKNOWN"",""UNKNOWN"",""UNKNOWN"",""UNKNOWN"",""UNKNOWN""]","[""UNKNOWN"",""UNKNOWN"",""UNKNOWN"",""UNKNOWN"",""UNKNOWN"",""UNKNOWN"",""UNKNOWN"",""UNKNOWN"",""UNKNOWN"",""UNKNOWN"",""UNKNOWN"",""UNKNOWN"",""UNKNOWN""]","[null,null,null,null,null,null,null,null,null,null,null,null,null]",,/data1/Kane/ACT/audit_results/r93_rerun_20260525T083118Z/overnight_cpu_20260525T144203Z/lsnc_relu/per_instance_lsnc_relu_20260525T145015783776Z.json
cpu,78,UNKNOWN,UNKNOWN,UNKNOWN,UNKNOWN,0.637,,False,,PASSED,,onnx/relu_quadrotor2d_state.onnx,vnnlib/quadrotor2d_state_78.vnnlib,"[""UNKNOWN"",""UNKNOWN"",""UNKNOWN"",""UNKNOWN"",""UNKNOWN"",""UNKNOWN"",""UNKNOWN"",""UNKNOWN"",""UNKNOWN"",""UNKNOWN"",""UNKNOWN"",""UNKNOWN"",""UNKNOWN""]","[""UNKNOWN"",""UNKNOWN"",""UNKNOWN"",""UNKNOWN"",""UNKNOWN"",""UNKNOWN"",""UNKNOWN"",""UNKNOWN"",""UNKNOWN"",""UNKNOWN"",""UNKNOWN"",""UNKNOWN"",""UNKNOWN""]","[null,null,null,null,null,null,null,null,null,null,null,null,null]",,/data1/Kane/ACT/audit_results/r93_rerun_20260525T083118Z/overnight_cpu_20260525T144203Z/lsnc_relu/per_instance_lsnc_relu_20260525T145019305033Z.json
cpu,79,UNKNOWN,UNKNOWN,UNKNOWN,UNKNOWN,0.643,,False,,PASSED,,onnx/relu_quadrotor2d_state.onnx,vnnlib/quadrotor2d_state_79.vnnlib,"[""UNKNOWN"",""UNKNOWN"",""UNKNOWN"",""UNKNOWN"",""UNKNOWN"",""UNKNOWN"",""UNKNOWN"",""UNKNOWN"",""UNKNOWN"",""UNKNOWN"",""UNKNOWN"",""UNKNOWN"",""UNKNOWN""]","[""UNKNOWN"",""UNKNOWN"",""UNKNOWN"",""UNKNOWN"",""UNKNOWN"",""UNKNOWN"",""UNKNOWN"",""UNKNOWN"",""UNKNOWN"",""UNKNOWN"",""UNKNOWN"",""UNKNOWN"",""UNKNOWN""]","[null,null,null,null,null,null,null,null,null,null,null,null,null]",,/data1/Kane/ACT/audit_results/r93_rerun_20260525T083118Z/overnight_cpu_20260525T144203Z/lsnc_relu/per_instance_lsnc_relu_20260525T145022814793Z.json
cpu,8,UNKNOWN,UNKNOWN,UNKNOWN,UNKNOWN,0.631,,False,,PASSED,,onnx/relu_quadrotor2d_state.onnx,vnnlib/quadrotor2d_state_8.vnnlib,"[""UNKNOWN"",""UNKNOWN"",""UNKNOWN"",""UNKNOWN"",""UNKNOWN"",""UNKNOWN"",""UNKNOWN"",""UNKNOWN"",""UNKNOWN"",""UNKNOWN"",""UNKNOWN"",""UNKNOWN"",""UNKNOWN""]","[""UNKNOWN"",""UNKNOWN"",""UNKNOWN"",""UNKNOWN"",""UNKNOWN"",""UNKNOWN"",""UNKNOWN"",""UNKNOWN"",""UNKNOWN"",""UNKNOWN"",""UNKNOWN"",""UNKNOWN"",""UNKNOWN""]","[null,null,null,null,null,null,null,null,null,null,null,null,null]",,/data1/Kane/ACT/audit_results/r93_rerun_20260525T083118Z/overnight_cpu_20260525T144203Z/lsnc_relu/per_instance_lsnc_relu_20260525T144235639563Z.json
cpu,9,UNKNOWN,UNKNOWN,UNKNOWN,UNKNOWN,0.571,,False,,PASSED,,onnx/relu_quadrotor2d_state.onnx,vnnlib/quadrotor2d_state_9.vnnlib,"[""UNKNOWN"",""UNKNOWN"",""UNKNOWN"",""UNKNOWN"",""UNKNOWN"",""UNKNOWN"",""UNKNOWN"",""UNKNOWN"",""UNKNOWN"",""UNKNOWN"",""UNKNOWN"",""UNKNOWN"",""UNKNOWN""]","[""UNKNOWN"",""UNKNOWN"",""UNKNOWN"",""UNKNOWN"",""UNKNOWN"",""UNKNOWN"",""UNKNOWN"",""UNKNOWN"",""UNKNOWN"",""UNKNOWN"",""UNKNOWN"",""UNKNOWN"",""UNKNOWN""]","[null,null,null,null,null,null,null,null,null,null,null,null,null]",,/data1/Kane/ACT/audit_results/r93_rerun_20260525T083118Z/overnight_cpu_20260525T144203Z/lsnc_relu/per_instance_lsnc_relu_20260525T144238985340Z.json
gpu_full,0,ERROR_WATCHDOG_EXIT_NONZERO,ERROR,ERROR,,5.505,EXIT_NONZERO,True,True,FAILED,941.33984375,onnx/relu_quadrotor2d_state.onnx,vnnlib/quadrotor2d_state_0.vnnlib,[],[],[],"watchdog killed instance after 5.5s (status=EXIT_NONZERO, peak_rss=941.3 MiB)",/data1/Kane/ACT/audit_results/r93_rerun_20260525T083118Z/gpu_stream1_20260526T132419Z/lsnc_relu/per_instance_lsnc_relu_watchdog_iid0_20260526T144907395664Z.json
gpu_full,1,ERROR_WATCHDOG_EXIT_NONZERO,ERROR,ERROR,,5.503,EXIT_NONZERO,True,True,FAILED,940.875,onnx/relu_quadrotor2d_state.onnx,vnnlib/quadrotor2d_state_1.vnnlib,[],[],[],"watchdog killed instance after 5.5s (status=EXIT_NONZERO, peak_rss=940.9 MiB)",/data1/Kane/ACT/audit_results/r93_rerun_20260525T083118Z/gpu_stream1_20260526T132419Z/lsnc_relu/per_instance_lsnc_relu_watchdog_iid1_20260526T144912903245Z.json
gpu_full,10,ERROR_WATCHDOG_EXIT_NONZERO,ERROR,ERROR,,5.006,EXIT_NONZERO,True,True,FAILED,940.98828125,onnx/relu_quadrotor2d_state.onnx,vnnlib/quadrotor2d_state_10.vnnlib,[],[],[],"watchdog killed instance after 5.0s (status=EXIT_NONZERO, peak_rss=941.0 MiB)",/data1/Kane/ACT/audit_results/r93_rerun_20260525T083118Z/gpu_stream1_20260526T132419Z/lsnc_relu/per_instance_lsnc_relu_watchdog_iid10_20260526T145005477700Z.json
gpu_full,11,ERROR_WATCHDOG_EXIT_NONZERO,ERROR,ERROR,,5.504,EXIT_NONZERO,True,True,FAILED,941.04296875,onnx/relu_quadrotor2d_state.onnx,vnnlib/quadrotor2d_state_11.vnnlib,[],[],[],"watchdog killed instance after 5.5s (status=EXIT_NONZERO, peak_rss=941.0 MiB)",/data1/Kane/ACT/audit_results/r93_rerun_20260525T083118Z/gpu_stream1_20260526T132419Z/lsnc_relu/per_instance_lsnc_relu_watchdog_iid11_20260526T145010982711Z.json
gpu_full,12,ERROR_WATCHDOG_EXIT_NONZERO,ERROR,ERROR,,5.006,EXIT_NONZERO,True,True,FAILED,941.0625,onnx/relu_quadrotor2d_state.onnx,vnnlib/quadrotor2d_state_12.vnnlib,[],[],[],"watchdog killed instance after 5.0s (status=EXIT_NONZERO, peak_rss=941.1 MiB)",/data1/Kane/ACT/audit_results/r93_rerun_20260525T083118Z/gpu_stream1_20260526T132419Z/lsnc_relu/per_instance_lsnc_relu_watchdog_iid12_20260526T145015989475Z.json
gpu_full,13,ERROR_WATCHDOG_EXIT_NONZERO,ERROR,ERROR,,5.003,EXIT_NONZERO,True,True,FAILED,941.046875,onnx/relu_quadrotor2d_state.onnx,vnnlib/quadrotor2d_state_13.vnnlib,[],[],[],"watchdog killed instance after 5.0s (status=EXIT_NONZERO, peak_rss=941.0 MiB)",/data1/Kane/ACT/audit_results/r93_rerun_20260525T083118Z/gpu_stream1_20260526T132419Z/lsnc_relu/per_instance_lsnc_relu_watchdog_iid13_20260526T145020994013Z.json
gpu_full,14,ERROR_WATCHDOG_EXIT_NONZERO,ERROR,ERROR,,5.006,EXIT_NONZERO,True,True,FAILED,941.06640625,onnx/relu_quadrotor2d_state.onnx,vnnlib/quadrotor2d_state_14.vnnlib,[],[],[],"watchdog killed instance after 5.0s (status=EXIT_NONZERO, peak_rss=941.1 MiB)",/data1/Kane/ACT/audit_results/r93_rerun_20260525T083118Z/gpu_stream1_20260526T132419Z/lsnc_relu/per_instance_lsnc_relu_watchdog_iid14_20260526T145026001096Z.json
gpu_full,15,ERROR_WATCHDOG_EXIT_NONZERO,ERROR,ERROR,,5.508,EXIT_NONZERO,True,True,FAILED,940.8984375,onnx/relu_quadrotor2d_state.onnx,vnnlib/quadrotor2d_state_15.vnnlib,[],[],[],"watchdog killed instance after 5.5s (status=EXIT_NONZERO, peak_rss=940.9 MiB)",/data1/Kane/ACT/audit_results/r93_rerun_20260525T083118Z/gpu_stream1_20260526T132419Z/lsnc_relu/per_instance_lsnc_relu_watchdog_iid15_20260526T145031510751Z.json
gpu_full,16,ERROR_WATCHDOG_EXIT_NONZERO,ERROR,ERROR,,5.005,EXIT_NONZERO,True,True,FAILED,950.76953125,onnx/relu_quadrotor2d_state.onnx,vnnlib/quadrotor2d_state_16.vnnlib,[],[],[],"watchdog killed instance after 5.0s (status=EXIT_NONZERO, peak_rss=950.8 MiB)",/data1/Kane/ACT/audit_results/r93_rerun_20260525T083118Z/gpu_stream1_20260526T132419Z/lsnc_relu/per_instance_lsnc_relu_watchdog_iid16_20260526T145036516387Z.json
gpu_full,17,ERROR_WATCHDOG_EXIT_NONZERO,ERROR,ERROR,,5.004,EXIT_NONZERO,True,True,FAILED,1067.89453125,onnx/relu_quadrotor2d_state.onnx,vnnlib/quadrotor2d_state_17.vnnlib,[],[],[],"watchdog killed instance after 5.0s (status=EXIT_NONZERO, peak_rss=1067.9 MiB)",/data1/Kane/ACT/audit_results/r93_rerun_20260525T083118Z/gpu_stream1_20260526T132419Z/lsnc_relu/per_instance_lsnc_relu_watchdog_iid17_20260526T145041521246Z.json
gpu_full,18,ERROR_WATCHDOG_EXIT_NONZERO,ERROR,ERROR,,5.505,EXIT_NONZERO,True,True,FAILED,941.01171875,onnx/relu_quadrotor2d_state.onnx,vnnlib/quadrotor2d_state_18.vnnlib,[],[],[],"watchdog killed instance after 5.5s (status=EXIT_NONZERO, peak_rss=941.0 MiB)",/data1/Kane/ACT/audit_results/r93_rerun_20260525T083118Z/gpu_stream1_20260526T132419Z/lsnc_relu/per_instance_lsnc_relu_watchdog_iid18_20260526T145047027566Z.json
gpu_full,19,ERROR_WATCHDOG_EXIT_NONZERO,ERROR,ERROR,,5.506,EXIT_NONZERO,True,True,FAILED,941.16796875,onnx/relu_quadrotor2d_state.onnx,vnnlib/quadrotor2d_state_19.vnnlib,[],[],[],"watchdog killed instance after 5.5s (status=EXIT_NONZERO, peak_rss=941.2 MiB)",/data1/Kane/ACT/audit_results/r93_rerun_20260525T083118Z/gpu_stream1_20260526T132419Z/lsnc_relu/per_instance_lsnc_relu_watchdog_iid19_20260526T145052534225Z.json
gpu_full,2,ERROR_WATCHDOG_EXIT_NONZERO,ERROR,ERROR,,6.006,EXIT_NONZERO,True,True,FAILED,951.34375,onnx/relu_quadrotor2d_state.onnx,vnnlib/quadrotor2d_state_2.vnnlib,[],[],[],"watchdog killed instance after 6.0s (status=EXIT_NONZERO, peak_rss=951.3 MiB)",/data1/Kane/ACT/audit_results/r93_rerun_20260525T083118Z/gpu_stream1_20260526T132419Z/lsnc_relu/per_instance_lsnc_relu_watchdog_iid2_20260526T144918909342Z.json
gpu_full,20,ERROR_WATCHDOG_EXIT_NONZERO,ERROR,ERROR,,5.516,EXIT_NONZERO,True,True,FAILED,941.8125,onnx/relu_quadrotor2d_state.onnx,vnnlib/quadrotor2d_state_20.vnnlib,[],[],[],"watchdog killed instance after 5.5s (status=EXIT_NONZERO, peak_rss=941.8 MiB)",/data1/Kane/ACT/audit_results/r93_rerun_20260525T083118Z/gpu_stream1_20260526T132419Z/lsnc_relu/per_instance_lsnc_relu_watchdog_iid20_20260526T145058052065Z.json
gpu_full,21,ERROR_WATCHDOG_EXIT_NONZERO,ERROR,ERROR,,5.018,EXIT_NONZERO,True,True,FAILED,940.78515625,onnx/relu_quadrotor2d_state.onnx,vnnlib/quadrotor2d_state_21.vnnlib,[],[],[],"watchdog killed instance after 5.0s (status=EXIT_NONZERO, peak_rss=940.8 MiB)",/data1/Kane/ACT/audit_results/r93_rerun_20260525T083118Z/gpu_stream1_20260526T132419Z/lsnc_relu/per_instance_lsnc_relu_watchdog_iid21_20260526T145103070836Z.json
gpu_full,22,ERROR_WATCHDOG_EXIT_NONZERO,ERROR,ERROR,,4.512,EXIT_NONZERO,True,True,FAILED,941.23046875,onnx/relu_quadrotor2d_state.onnx,vnnlib/quadrotor2d_state_22.vnnlib,[],[],[],"watchdog killed instance after 4.5s (status=EXIT_NONZERO, peak_rss=941.2 MiB)",/data1/Kane/ACT/audit_results/r93_rerun_20260525T083118Z/gpu_stream1_20260526T132419Z/lsnc_relu/per_instance_lsnc_relu_watchdog_iid22_20260526T145107585079Z.json
gpu_full,23,ERROR_WATCHDOG_EXIT_NONZERO,ERROR,ERROR,,5.003,EXIT_NONZERO,True,True,FAILED,941.234375,onnx/relu_quadrotor2d_state.onnx,vnnlib/quadrotor2d_state_23.vnnlib,[],[],[],"watchdog killed instance after 5.0s (status=EXIT_NONZERO, peak_rss=941.2 MiB)",/data1/Kane/ACT/audit_results/r93_rerun_20260525T083118Z/gpu_stream1_20260526T132419Z/lsnc_relu/per_instance_lsnc_relu_watchdog_iid23_20260526T145112589006Z.json
gpu_full,24,ERROR_WATCHDOG_EXIT_NONZERO,ERROR,ERROR,,5.004,EXIT_NONZERO,True,True,FAILED,951.91015625,onnx/relu_quadrotor2d_state.onnx,vnnlib/quadrotor2d_state_24.vnnlib,[],[],[],"watchdog killed instance after 5.0s (status=EXIT_NONZERO, peak_rss=951.9 MiB)",/data1/Kane/ACT/audit_results/r93_rerun_20260525T083118Z/gpu_stream1_20260526T132419Z/lsnc_relu/per_instance_lsnc_relu_watchdog_iid24_20260526T145117593703Z.json
gpu_full,25,ERROR_WATCHDOG_EXIT_NONZERO,ERROR,ERROR,,5.003,EXIT_NONZERO,True,True,FAILED,951.37890625,onnx/relu_quadrotor2d_state.onnx,vnnlib/quadrotor2d_state_25.vnnlib,[],[],[],"watchdog killed instance after 5.0s (status=EXIT_NONZERO, peak_rss=951.4 MiB)",/data1/Kane/ACT/audit_results/r93_rerun_20260525T083118Z/gpu_stream1_20260526T132419Z/lsnc_relu/per_instance_lsnc_relu_watchdog_iid25_20260526T145122597686Z.json
gpu_full,26,ERROR_WATCHDOG_EXIT_NONZERO,ERROR,ERROR,,5.003,EXIT_NONZERO,True,True,FAILED,940.7734375,onnx/relu_quadrotor2d_state.onnx,vnnlib/quadrotor2d_state_26.vnnlib,[],[],[],"watchdog killed instance after 5.0s (status=EXIT_NONZERO, peak_rss=940.8 MiB)",/data1/Kane/ACT/audit_results/r93_rerun_20260525T083118Z/gpu_stream1_20260526T132419Z/lsnc_relu/per_instance_lsnc_relu_watchdog_iid26_20260526T145127601509Z.json
gpu_full,27,ERROR_WATCHDOG_EXIT_NONZERO,ERROR,ERROR,,5.507,EXIT_NONZERO,True,True,FAILED,941.0078125,onnx/relu_quadrotor2d_state.onnx,vnnlib/quadrotor2d_state_27.vnnlib,[],[],[],"watchdog killed instance after 5.5s (status=EXIT_NONZERO, peak_rss=941.0 MiB)",/data1/Kane/ACT/audit_results/r93_rerun_20260525T083118Z/gpu_stream1_20260526T132419Z/lsnc_relu/per_instance_lsnc_relu_watchdog_iid27_20260526T145133109217Z.json
gpu_full,28,ERROR_WATCHDOG_EXIT_NONZERO,ERROR,ERROR,,5.004,EXIT_NONZERO,True,True,FAILED,941.2109375,onnx/relu_quadrotor2d_state.onnx,vnnlib/quadrotor2d_state_28.vnnlib,[],[],[],"watchdog killed instance after 5.0s (status=EXIT_NONZERO, peak_rss=941.2 MiB)",/data1/Kane/ACT/audit_results/r93_rerun_20260525T083118Z/gpu_stream1_20260526T132419Z/lsnc_relu/per_instance_lsnc_relu_watchdog_iid28_20260526T145138114092Z.json
gpu_full,29,ERROR_WATCHDOG_EXIT_NONZERO,ERROR,ERROR,,4.507,EXIT_NONZERO,True,True,FAILED,941.1953125,onnx/relu_quadrotor2d_state.onnx,vnnlib/quadrotor2d_state_29.vnnlib,[],[],[],"watchdog killed instance after 4.5s (status=EXIT_NONZERO, peak_rss=941.2 MiB)",/data1/Kane/ACT/audit_results/r93_rerun_20260525T083118Z/gpu_stream1_20260526T132419Z/lsnc_relu/per_instance_lsnc_relu_watchdog_iid29_20260526T145142622831Z.json
gpu_full,3,ERROR_WATCHDOG_EXIT_NONZERO,ERROR,ERROR,,5.506,EXIT_NONZERO,True,True,FAILED,950.8828125,onnx/relu_quadrotor2d_state.onnx,vnnlib/quadrotor2d_state_3.vnnlib,[],[],[],"watchdog killed instance after 5.5s (status=EXIT_NONZERO, peak_rss=950.9 MiB)",/data1/Kane/ACT/audit_results/r93_rerun_20260525T083118Z/gpu_stream1_20260526T132419Z/lsnc_relu/per_instance_lsnc_relu_watchdog_iid3_20260526T144924415612Z.json
gpu_full,30,ERROR_WATCHDOG_EXIT_NONZERO,ERROR,ERROR,,4.504,EXIT_NONZERO,True,True,FAILED,941.13671875,onnx/relu_quadrotor2d_state.onnx,vnnlib/quadrotor2d_state_30.vnnlib,[],[],[],"watchdog killed instance after 4.5s (status=EXIT_NONZERO, peak_rss=941.1 MiB)",/data1/Kane/ACT/audit_results/r93_rerun_20260525T083118Z/gpu_stream1_20260526T132419Z/lsnc_relu/per_instance_lsnc_relu_watchdog_iid30_20260526T145147127801Z.json
gpu_full,31,ERROR_WATCHDOG_EXIT_NONZERO,ERROR,ERROR,,4.503,EXIT_NONZERO,True,True,FAILED,940.77734375,onnx/relu_quadrotor2d_state.onnx,vnnlib/quadrotor2d_state_31.vnnlib,[],[],[],"watchdog killed instance after 4.5s (status=EXIT_NONZERO, peak_rss=940.8 MiB)",/data1/Kane/ACT/audit_results/r93_rerun_20260525T083118Z/gpu_stream1_20260526T132419Z/lsnc_relu/per_instance_lsnc_relu_watchdog_iid31_20260526T145151631558Z.json
gpu_full,32,ERROR_WATCHDOG_EXIT_NONZERO,ERROR,ERROR,,4.503,EXIT_NONZERO,True,True,FAILED,941.0703125,onnx/relu_quadrotor2d_state.onnx,vnnlib/quadrotor2d_state_32.vnnlib,[],[],[],"watchdog killed instance after 4.5s (status=EXIT_NONZERO, peak_rss=941.1 MiB)",/data1/Kane/ACT/audit_results/r93_rerun_20260525T083118Z/gpu_stream1_20260526T132419Z/lsnc_relu/per_instance_lsnc_relu_watchdog_iid32_20260526T145156135120Z.json
gpu_full,33,ERROR_WATCHDOG_EXIT_NONZERO,ERROR,ERROR,,4.509,EXIT_NONZERO,True,True,FAILED,941.8828125,onnx/relu_quadrotor2d_state.onnx,vnnlib/quadrotor2d_state_33.vnnlib,[],[],[],"watchdog killed instance after 4.5s (status=EXIT_NONZERO, peak_rss=941.9 MiB)",/data1/Kane/ACT/audit_results/r93_rerun_20260525T083118Z/gpu_stream1_20260526T132419Z/lsnc_relu/per_instance_lsnc_relu_watchdog_iid33_20260526T145200645059Z.json
gpu_full,34,ERROR_WATCHDOG_EXIT_NONZERO,ERROR,ERROR,,4.503,EXIT_NONZERO,True,True,FAILED,940.69140625,onnx/relu_quadrotor2d_state.onnx,vnnlib/quadrotor2d_state_34.vnnlib,[],[],[],"watchdog killed instance after 4.5s (status=EXIT_NONZERO, peak_rss=940.7 MiB)",/data1/Kane/ACT/audit_results/r93_rerun_20260525T083118Z/gpu_stream1_20260526T132419Z/lsnc_relu/per_instance_lsnc_relu_watchdog_iid34_20260526T145205149042Z.json
gpu_full,35,ERROR_WATCHDOG_EXIT_NONZERO,ERROR,ERROR,,4.503,EXIT_NONZERO,True,True,FAILED,940.78125,onnx/relu_quadrotor2d_state.onnx,vnnlib/quadrotor2d_state_35.vnnlib,[],[],[],"watchdog killed instance after 4.5s (status=EXIT_NONZERO, peak_rss=940.8 MiB)",/data1/Kane/ACT/audit_results/r93_rerun_20260525T083118Z/gpu_stream1_20260526T132419Z/lsnc_relu/per_instance_lsnc_relu_watchdog_iid35_20260526T145209652859Z.json
gpu_full,36,ERROR_WATCHDOG_EXIT_NONZERO,ERROR,ERROR,,4.503,EXIT_NONZERO,True,True,FAILED,950.75390625,onnx/relu_quadrotor2d_state.onnx,vnnlib/quadrotor2d_state_36.vnnlib,[],[],[],"watchdog killed instance after 4.5s (status=EXIT_NONZERO, peak_rss=950.8 MiB)",/data1/Kane/ACT/audit_results/r93_rerun_20260525T083118Z/gpu_stream1_20260526T132419Z/lsnc_relu/per_instance_lsnc_relu_watchdog_iid36_20260526T145214156571Z.json
gpu_full,37,ERROR_WATCHDOG_EXIT_NONZERO,ERROR,ERROR,,4.503,EXIT_NONZERO,True,True,FAILED,951.23046875,onnx/relu_quadrotor2d_state.onnx,vnnlib/quadrotor2d_state_37.vnnlib,[],[],[],"watchdog killed instance after 4.5s (status=EXIT_NONZERO, peak_rss=951.2 MiB)",/data1/Kane/ACT/audit_results/r93_rerun_20260525T083118Z/gpu_stream1_20260526T132419Z/lsnc_relu/per_instance_lsnc_relu_watchdog_iid37_20260526T145218660279Z.json
gpu_full,38,ERROR_WATCHDOG_EXIT_NONZERO,ERROR,ERROR,,4.505,EXIT_NONZERO,True,True,FAILED,960.30078125,onnx/relu_quadrotor2d_state.onnx,vnnlib/quadrotor2d_state_38.vnnlib,[],[],[],"watchdog killed instance after 4.5s (status=EXIT_NONZERO, peak_rss=960.3 MiB)",/data1/Kane/ACT/audit_results/r93_rerun_20260525T083118Z/gpu_stream1_20260526T132419Z/lsnc_relu/per_instance_lsnc_relu_watchdog_iid38_20260526T145223166238Z.json
gpu_full,39,ERROR_WATCHDOG_EXIT_NONZERO,ERROR,ERROR,,4.503,EXIT_NONZERO,True,True,FAILED,1066.58203125,onnx/relu_quadrotor2d_state.onnx,vnnlib/quadrotor2d_state_39.vnnlib,[],[],[],"watchdog killed instance after 4.5s (status=EXIT_NONZERO, peak_rss=1066.6 MiB)",/data1/Kane/ACT/audit_results/r93_rerun_20260525T083118Z/gpu_stream1_20260526T132419Z/lsnc_relu/per_instance_lsnc_relu_watchdog_iid39_20260526T145227669840Z.json
gpu_full,4,ERROR_WATCHDOG_EXIT_NONZERO,ERROR,ERROR,,5.005,EXIT_NONZERO,True,True,FAILED,940.9609375,onnx/relu_quadrotor2d_state.onnx,vnnlib/quadrotor2d_state_4.vnnlib,[],[],[],"watchdog killed instance after 5.0s (status=EXIT_NONZERO, peak_rss=941.0 MiB)",/data1/Kane/ACT/audit_results/r93_rerun_20260525T083118Z/gpu_stream1_20260526T132419Z/lsnc_relu/per_instance_lsnc_relu_watchdog_iid4_20260526T144929421305Z.json
gpu_full,40,ERROR_WATCHDOG_EXIT_NONZERO,ERROR,ERROR,,4.503,EXIT_NONZERO,True,True,FAILED,940.84375,onnx/relu_quadrotor2d_state.onnx,vnnlib/quadrotor2d_state_40.vnnlib,[],[],[],"watchdog killed instance after 4.5s (status=EXIT_NONZERO, peak_rss=940.8 MiB)",/data1/Kane/ACT/audit_results/r93_rerun_20260525T083118Z/gpu_stream1_20260526T132419Z/lsnc_relu/per_instance_lsnc_relu_watchdog_iid40_20260526T145232173515Z.json
gpu_full,41,ERROR_WATCHDOG_EXIT_NONZERO,ERROR,ERROR,,4.002,EXIT_NONZERO,True,True,FAILED,941.234375,onnx/relu_quadrotor2d_state.onnx,vnnlib/quadrotor2d_state_41.vnnlib,[],[],[],"watchdog killed instance after 4.0s (status=EXIT_NONZERO, peak_rss=941.2 MiB)",/data1/Kane/ACT/audit_results/r93_rerun_20260525T083118Z/gpu_stream1_20260526T132419Z/lsnc_relu/per_instance_lsnc_relu_watchdog_iid41_20260526T145236176808Z.json
gpu_full,42,ERROR_WATCHDOG_EXIT_NONZERO,ERROR,ERROR,,4.503,EXIT_NONZERO,True,True,FAILED,941.6953125,onnx/relu_quadrotor2d_state.onnx,vnnlib/quadrotor2d_state_42.vnnlib,[],[],[],"watchdog killed instance after 4.5s (status=EXIT_NONZERO, peak_rss=941.7 MiB)",/data1/Kane/ACT/audit_results/r93_rerun_20260525T083118Z/gpu_stream1_20260526T132419Z/lsnc_relu/per_instance_lsnc_relu_watchdog_iid42_20260526T145240680997Z.json
gpu_full,43,ERROR_WATCHDOG_EXIT_NONZERO,ERROR,ERROR,,4.503,EXIT_NONZERO,True,True,FAILED,953.625,onnx/relu_quadrotor2d_state.onnx,vnnlib/quadrotor2d_state_43.vnnlib,[],[],[],"watchdog killed instance after 4.5s (status=EXIT_NONZERO, peak_rss=953.6 MiB)",/data1/Kane/ACT/audit_results/r93_rerun_20260525T083118Z/gpu_stream1_20260526T132419Z/lsnc_relu/per_instance_lsnc_relu_watchdog_iid43_20260526T145245184514Z.json
gpu_full,44,ERROR_WATCHDOG_EXIT_NONZERO,ERROR,ERROR,,4.503,EXIT_NONZERO,True,True,FAILED,940.9609375,onnx/relu_quadrotor2d_state.onnx,vnnlib/quadrotor2d_state_44.vnnlib,[],[],[],"watchdog killed instance after 4.5s (status=EXIT_NONZERO, peak_rss=941.0 MiB)",/data1/Kane/ACT/audit_results/r93_rerun_20260525T083118Z/gpu_stream1_20260526T132419Z/lsnc_relu/per_instance_lsnc_relu_watchdog_iid44_20260526T145249688016Z.json
gpu_full,45,ERROR_WATCHDOG_EXIT_NONZERO,ERROR,ERROR,,4.517,EXIT_NONZERO,True,True,FAILED,949.06640625,onnx/relu_quadrotor2d_state.onnx,vnnlib/quadrotor2d_state_45.vnnlib,[],[],[],"watchdog killed instance after 4.5s (status=EXIT_NONZERO, peak_rss=949.1 MiB)",/data1/Kane/ACT/audit_results/r93_rerun_20260525T083118Z/gpu_stream1_20260526T132419Z/lsnc_relu/per_instance_lsnc_relu_watchdog_iid45_20260526T145254206246Z.json
gpu_full,46,ERROR_WATCHDOG_EXIT_NONZERO,ERROR,ERROR,,4.002,EXIT_NONZERO,True,True,FAILED,940.703125,onnx/relu_quadrotor2d_state.onnx,vnnlib/quadrotor2d_state_46.vnnlib,[],[],[],"watchdog killed instance after 4.0s (status=EXIT_NONZERO, peak_rss=940.7 MiB)",/data1/Kane/ACT/audit_results/r93_rerun_20260525T083118Z/gpu_stream1_20260526T132419Z/lsnc_relu/per_instance_lsnc_relu_watchdog_iid46_20260526T145258209516Z.json
gpu_full,47,ERROR_WATCHDOG_EXIT_NONZERO,ERROR,ERROR,,4.503,EXIT_NONZERO,True,True,FAILED,941.03515625,onnx/relu_quadrotor2d_state.onnx,vnnlib/quadrotor2d_state_47.vnnlib,[],[],[],"watchdog killed instance after 4.5s (status=EXIT_NONZERO, peak_rss=941.0 MiB)",/data1/Kane/ACT/audit_results/r93_rerun_20260525T083118Z/gpu_stream1_20260526T132419Z/lsnc_relu/per_instance_lsnc_relu_watchdog_iid47_20260526T145302713449Z.json
gpu_full,48,ERROR_WATCHDOG_EXIT_NONZERO,ERROR,ERROR,,4.003,EXIT_NONZERO,True,True,FAILED,940.8984375,onnx/relu_quadrotor2d_state.onnx,vnnlib/quadrotor2d_state_48.vnnlib,[],[],[],"watchdog killed instance after 4.0s (status=EXIT_NONZERO, peak_rss=940.9 MiB)",/data1/Kane/ACT/audit_results/r93_rerun_20260525T083118Z/gpu_stream1_20260526T132419Z/lsnc_relu/per_instance_lsnc_relu_watchdog_iid48_20260526T145306717524Z.json
gpu_full,49,ERROR_WATCHDOG_EXIT_NONZERO,ERROR,ERROR,,4.002,EXIT_NONZERO,True,True,FAILED,941.19140625,onnx/relu_quadrotor2d_state.onnx,vnnlib/quadrotor2d_state_49.vnnlib,[],[],[],"watchdog killed instance after 4.0s (status=EXIT_NONZERO, peak_rss=941.2 MiB)",/data1/Kane/ACT/audit_results/r93_rerun_20260525T083118Z/gpu_stream1_20260526T132419Z/lsnc_relu/per_instance_lsnc_relu_watchdog_iid49_20260526T145310720679Z.json
gpu_full,5,ERROR_WATCHDOG_EXIT_NONZERO,ERROR,ERROR,,5.505,EXIT_NONZERO,True,True,FAILED,1002.50390625,onnx/relu_quadrotor2d_state.onnx,vnnlib/quadrotor2d_state_5.vnnlib,[],[],[],"watchdog killed instance after 5.5s (status=EXIT_NONZERO, peak_rss=1002.5 MiB)",/data1/Kane/ACT/audit_results/r93_rerun_20260525T083118Z/gpu_stream1_20260526T132419Z/lsnc_relu/per_instance_lsnc_relu_watchdog_iid5_20260526T144934926923Z.json
gpu_full,50,ERROR_WATCHDOG_EXIT_NONZERO,ERROR,ERROR,,4.503,EXIT_NONZERO,True,True,FAILED,940.75390625,onnx/relu_quadrotor2d_state.onnx,vnnlib/quadrotor2d_state_50.vnnlib,[],[],[],"watchdog killed instance after 4.5s (status=EXIT_NONZERO, peak_rss=940.8 MiB)",/data1/Kane/ACT/audit_results/r93_rerun_20260525T083118Z/gpu_stream1_20260526T132419Z/lsnc_relu/per_instance_lsnc_relu_watchdog_iid50_20260526T145315224558Z.json
gpu_full,51,ERROR_WATCHDOG_EXIT_NONZERO,ERROR,ERROR,,4.503,EXIT_NONZERO,True,True,FAILED,941.0546875,onnx/relu_quadrotor2d_state.onnx,vnnlib/quadrotor2d_state_51.vnnlib,[],[],[],"watchdog killed instance after 4.5s (status=EXIT_NONZERO, peak_rss=941.1 MiB)",/data1/Kane/ACT/audit_results/r93_rerun_20260525T083118Z/gpu_stream1_20260526T132419Z/lsnc_relu/per_instance_lsnc_relu_watchdog_iid51_20260526T145319728193Z.json
gpu_full,52,ERROR_WATCHDOG_EXIT_NONZERO,ERROR,ERROR,,4.503,EXIT_NONZERO,True,True,FAILED,941.359375,onnx/relu_quadrotor2d_state.onnx,vnnlib/quadrotor2d_state_52.vnnlib,[],[],[],"watchdog killed instance after 4.5s (status=EXIT_NONZERO, peak_rss=941.4 MiB)",/data1/Kane/ACT/audit_results/r93_rerun_20260525T083118Z/gpu_stream1_20260526T132419Z/lsnc_relu/per_instance_lsnc_relu_watchdog_iid52_20260526T145324231929Z.json
gpu_full,53,ERROR_WATCHDOG_EXIT_NONZERO,ERROR,ERROR,,4.503,EXIT_NONZERO,True,True,FAILED,940.9453125,onnx/relu_quadrotor2d_state.onnx,vnnlib/quadrotor2d_state_53.vnnlib,[],[],[],"watchdog killed instance after 4.5s (status=EXIT_NONZERO, peak_rss=940.9 MiB)",/data1/Kane/ACT/audit_results/r93_rerun_20260525T083118Z/gpu_stream1_20260526T132419Z/lsnc_relu/per_instance_lsnc_relu_watchdog_iid53_20260526T145328736255Z.json
gpu_full,54,ERROR_WATCHDOG_EXIT_NONZERO,ERROR,ERROR,,4.503,EXIT_NONZERO,True,True,FAILED,941.12109375,onnx/relu_quadrotor2d_state.onnx,vnnlib/quadrotor2d_state_54.vnnlib,[],[],[],"watchdog killed instance after 4.5s (status=EXIT_NONZERO, peak_rss=941.1 MiB)",/data1/Kane/ACT/audit_results/r93_rerun_20260525T083118Z/gpu_stream1_20260526T132419Z/lsnc_relu/per_instance_lsnc_relu_watchdog_iid54_20260526T145333240060Z.json
gpu_full,55,ERROR_WATCHDOG_EXIT_NONZERO,ERROR,ERROR,,4.003,EXIT_NONZERO,True,True,FAILED,940.72265625,onnx/relu_quadrotor2d_state.onnx,vnnlib/quadrotor2d_state_55.vnnlib,[],[],[],"watchdog killed instance after 4.0s (status=EXIT_NONZERO, peak_rss=940.7 MiB)",/data1/Kane/ACT/audit_results/r93_rerun_20260525T083118Z/gpu_stream1_20260526T132419Z/lsnc_relu/per_instance_lsnc_relu_watchdog_iid55_20260526T145337244181Z.json
gpu_full,56,ERROR_WATCHDOG_EXIT_NONZERO,ERROR,ERROR,,4.503,EXIT_NONZERO,True,True,FAILED,941.1953125,onnx/relu_quadrotor2d_state.onnx,vnnlib/quadrotor2d_state_56.vnnlib,[],[],[],"watchdog killed instance after 4.5s (status=EXIT_NONZERO, peak_rss=941.2 MiB)",/data1/Kane/ACT/audit_results/r93_rerun_20260525T083118Z/gpu_stream1_20260526T132419Z/lsnc_relu/per_instance_lsnc_relu_watchdog_iid56_20260526T145341747729Z.json
gpu_full,57,ERROR_WATCHDOG_EXIT_NONZERO,ERROR,ERROR,,4.002,EXIT_NONZERO,True,True,FAILED,941.2265625,onnx/relu_quadrotor2d_state.onnx,vnnlib/quadrotor2d_state_57.vnnlib,[],[],[],"watchdog killed instance after 4.0s (status=EXIT_NONZERO, peak_rss=941.2 MiB)",/data1/Kane/ACT/audit_results/r93_rerun_20260525T083118Z/gpu_stream1_20260526T132419Z/lsnc_relu/per_instance_lsnc_relu_watchdog_iid57_20260526T145345750963Z.json
gpu_full,58,ERROR_WATCHDOG_EXIT_NONZERO,ERROR,ERROR,,4.003,EXIT_NONZERO,True,True,FAILED,941.63671875,onnx/relu_quadrotor2d_state.onnx,vnnlib/quadrotor2d_state_58.vnnlib,[],[],[],"watchdog killed instance after 4.0s (status=EXIT_NONZERO, peak_rss=941.6 MiB)",/data1/Kane/ACT/audit_results/r93_rerun_20260525T083118Z/gpu_stream1_20260526T132419Z/lsnc_relu/per_instance_lsnc_relu_watchdog_iid58_20260526T145349754444Z.json
gpu_full,59,ERROR_WATCHDOG_EXIT_NONZERO,ERROR,ERROR,,4.503,EXIT_NONZERO,True,True,FAILED,941.03515625,onnx/relu_quadrotor2d_state.onnx,vnnlib/quadrotor2d_state_59.vnnlib,[],[],[],"watchdog killed instance after 4.5s (status=EXIT_NONZERO, peak_rss=941.0 MiB)",/data1/Kane/ACT/audit_results/r93_rerun_20260525T083118Z/gpu_stream1_20260526T132419Z/lsnc_relu/per_instance_lsnc_relu_watchdog_iid59_20260526T145354258440Z.json
gpu_full,6,ERROR_WATCHDOG_EXIT_NONZERO,ERROR,ERROR,,6.507,EXIT_NONZERO,True,True,FAILED,940.765625,onnx/relu_quadrotor2d_state.onnx,vnnlib/quadrotor2d_state_6.vnnlib,[],[],[],"watchdog killed instance after 6.5s (status=EXIT_NONZERO, peak_rss=940.8 MiB)",/data1/Kane/ACT/audit_results/r93_rerun_20260525T083118Z/gpu_stream1_20260526T132419Z/lsnc_relu/per_instance_lsnc_relu_watchdog_iid6_20260526T144941434867Z.json
gpu_full,60,ERROR_WATCHDOG_EXIT_NONZERO,ERROR,ERROR,,4.503,EXIT_NONZERO,True,True,FAILED,951.27734375,onnx/relu_quadrotor2d_state.onnx,vnnlib/quadrotor2d_state_60.vnnlib,[],[],[],"watchdog killed instance after 4.5s (status=EXIT_NONZERO, peak_rss=951.3 MiB)",/data1/Kane/ACT/audit_results/r93_rerun_20260525T083118Z/gpu_stream1_20260526T132419Z/lsnc_relu/per_instance_lsnc_relu_watchdog_iid60_20260526T145358762197Z.json
gpu_full,61,ERROR_WATCHDOG_EXIT_NONZERO,ERROR,ERROR,,4.503,EXIT_NONZERO,True,True,FAILED,941.3671875,onnx/relu_quadrotor2d_state.onnx,vnnlib/quadrotor2d_state_61.vnnlib,[],[],[],"watchdog killed instance after 4.5s (status=EXIT_NONZERO, peak_rss=941.4 MiB)",/data1/Kane/ACT/audit_results/r93_rerun_20260525T083118Z/gpu_stream1_20260526T132419Z/lsnc_relu/per_instance_lsnc_relu_watchdog_iid61_20260526T145403266399Z.json
gpu_full,62,ERROR_WATCHDOG_EXIT_NONZERO,ERROR,ERROR,,4.503,EXIT_NONZERO,True,True,FAILED,951.16015625,onnx/relu_quadrotor2d_state.onnx,vnnlib/quadrotor2d_state_62.vnnlib,[],[],[],"watchdog killed instance after 4.5s (status=EXIT_NONZERO, peak_rss=951.2 MiB)",/data1/Kane/ACT/audit_results/r93_rerun_20260525T083118Z/gpu_stream1_20260526T132419Z/lsnc_relu/per_instance_lsnc_relu_watchdog_iid62_20260526T145407770221Z.json
gpu_full,63,ERROR_WATCHDOG_EXIT_NONZERO,ERROR,ERROR,,4.503,EXIT_NONZERO,True,True,FAILED,941.23828125,onnx/relu_quadrotor2d_state.onnx,vnnlib/quadrotor2d_state_63.vnnlib,[],[],[],"watchdog killed instance after 4.5s (status=EXIT_NONZERO, peak_rss=941.2 MiB)",/data1/Kane/ACT/audit_results/r93_rerun_20260525T083118Z/gpu_stream1_20260526T132419Z/lsnc_relu/per_instance_lsnc_relu_watchdog_iid63_20260526T145412274532Z.json
gpu_full,64,ERROR_WATCHDOG_EXIT_NONZERO,ERROR,ERROR,,4.002,EXIT_NONZERO,True,True,FAILED,941.30078125,onnx/relu_quadrotor2d_state.onnx,vnnlib/quadrotor2d_state_64.vnnlib,[],[],[],"watchdog killed instance after 4.0s (status=EXIT_NONZERO, peak_rss=941.3 MiB)",/data1/Kane/ACT/audit_results/r93_rerun_20260525T083118Z/gpu_stream1_20260526T132419Z/lsnc_relu/per_instance_lsnc_relu_watchdog_iid64_20260526T145416277898Z.json
gpu_full,65,ERROR_WATCHDOG_EXIT_NONZERO,ERROR,ERROR,,4.002,EXIT_NONZERO,True,True,FAILED,941.27734375,onnx/relu_quadrotor2d_state.onnx,vnnlib/quadrotor2d_state_65.vnnlib,[],[],[],"watchdog killed instance after 4.0s (status=EXIT_NONZERO, peak_rss=941.3 MiB)",/data1/Kane/ACT/audit_results/r93_rerun_20260525T083118Z/gpu_stream1_20260526T132419Z/lsnc_relu/per_instance_lsnc_relu_watchdog_iid65_20260526T145420281094Z.json
gpu_full,66,ERROR_WATCHDOG_EXIT_NONZERO,ERROR,ERROR,,4.002,EXIT_NONZERO,True,True,FAILED,950.65234375,onnx/relu_quadrotor2d_state.onnx,vnnlib/quadrotor2d_state_66.vnnlib,[],[],[],"watchdog killed instance after 4.0s (status=EXIT_NONZERO, peak_rss=950.7 MiB)",/data1/Kane/ACT/audit_results/r93_rerun_20260525T083118Z/gpu_stream1_20260526T132419Z/lsnc_relu/per_instance_lsnc_relu_watchdog_iid66_20260526T145424284454Z.json
gpu_full,67,ERROR_WATCHDOG_EXIT_NONZERO,ERROR,ERROR,,4.002,EXIT_NONZERO,True,True,FAILED,941.12109375,onnx/relu_quadrotor2d_state.onnx,vnnlib/quadrotor2d_state_67.vnnlib,[],[],[],"watchdog killed instance after 4.0s (status=EXIT_NONZERO, peak_rss=941.1 MiB)",/data1/Kane/ACT/audit_results/r93_rerun_20260525T083118Z/gpu_stream1_20260526T132419Z/lsnc_relu/per_instance_lsnc_relu_watchdog_iid67_20260526T145428288023Z.json
gpu_full,68,ERROR_WATCHDOG_EXIT_NONZERO,ERROR,ERROR,,4.002,EXIT_NONZERO,True,True,FAILED,941.140625,onnx/relu_quadrotor2d_state.onnx,vnnlib/quadrotor2d_state_68.vnnlib,[],[],[],"watchdog killed instance after 4.0s (status=EXIT_NONZERO, peak_rss=941.1 MiB)",/data1/Kane/ACT/audit_results/r93_rerun_20260525T083118Z/gpu_stream1_20260526T132419Z/lsnc_relu/per_instance_lsnc_relu_watchdog_iid68_20260526T145432291485Z.json
gpu_full,69,ERROR_WATCHDOG_EXIT_NONZERO,ERROR,ERROR,,4.002,EXIT_NONZERO,True,True,FAILED,941.50390625,onnx/relu_quadrotor2d_state.onnx,vnnlib/quadrotor2d_state_69.vnnlib,[],[],[],"watchdog killed instance after 4.0s (status=EXIT_NONZERO, peak_rss=941.5 MiB)",/data1/Kane/ACT/audit_results/r93_rerun_20260525T083118Z/gpu_stream1_20260526T132419Z/lsnc_relu/per_instance_lsnc_relu_watchdog_iid69_20260526T145436294976Z.json
gpu_full,7,ERROR_WATCHDOG_EXIT_NONZERO,ERROR,ERROR,,7.509,EXIT_NONZERO,True,True,FAILED,951.02734375,onnx/relu_quadrotor2d_state.onnx,vnnlib/quadrotor2d_state_7.vnnlib,[],[],[],"watchdog killed instance after 7.5s (status=EXIT_NONZERO, peak_rss=951.0 MiB)",/data1/Kane/ACT/audit_results/r93_rerun_20260525T083118Z/gpu_stream1_20260526T132419Z/lsnc_relu/per_instance_lsnc_relu_watchdog_iid7_20260526T144948944231Z.json
gpu_full,70,ERROR_WATCHDOG_EXIT_NONZERO,ERROR,ERROR,,4.002,EXIT_NONZERO,True,True,FAILED,942.0390625,onnx/relu_quadrotor2d_state.onnx,vnnlib/quadrotor2d_state_70.vnnlib,[],[],[],"watchdog killed instance after 4.0s (status=EXIT_NONZERO, peak_rss=942.0 MiB)",/data1/Kane/ACT/audit_results/r93_rerun_20260525T083118Z/gpu_stream1_20260526T132419Z/lsnc_relu/per_instance_lsnc_relu_watchdog_iid70_20260526T145440298405Z.json
gpu_full,71,ERROR_WATCHDOG_EXIT_NONZERO,ERROR,ERROR,,4.002,EXIT_NONZERO,True,True,FAILED,951.5703125,onnx/relu_quadrotor2d_state.onnx,vnnlib/quadrotor2d_state_71.vnnlib,[],[],[],"watchdog killed instance after 4.0s (status=EXIT_NONZERO, peak_rss=951.6 MiB)",/data1/Kane/ACT/audit_results/r93_rerun_20260525T083118Z/gpu_stream1_20260526T132419Z/lsnc_relu/per_instance_lsnc_relu_watchdog_iid71_20260526T145444301902Z.json
gpu_full,72,ERROR_WATCHDOG_EXIT_NONZERO,ERROR,ERROR,,4.002,EXIT_NONZERO,True,True,FAILED,941.5546875,onnx/relu_quadrotor2d_state.onnx,vnnlib/quadrotor2d_state_72.vnnlib,[],[],[],"watchdog killed instance after 4.0s (status=EXIT_NONZERO, peak_rss=941.6 MiB)",/data1/Kane/ACT/audit_results/r93_rerun_20260525T083118Z/gpu_stream1_20260526T132419Z/lsnc_relu/per_instance_lsnc_relu_watchdog_iid72_20260526T145448305379Z.json
gpu_full,73,ERROR_WATCHDOG_EXIT_NONZERO,ERROR,ERROR,,4.002,EXIT_NONZERO,True,True,FAILED,940.94140625,onnx/relu_quadrotor2d_state.onnx,vnnlib/quadrotor2d_state_73.vnnlib,[],[],[],"watchdog killed instance after 4.0s (status=EXIT_NONZERO, peak_rss=940.9 MiB)",/data1/Kane/ACT/audit_results/r93_rerun_20260525T083118Z/gpu_stream1_20260526T132419Z/lsnc_relu/per_instance_lsnc_relu_watchdog_iid73_20260526T145452308881Z.json
gpu_full,74,ERROR_WATCHDOG_EXIT_NONZERO,ERROR,ERROR,,4.002,EXIT_NONZERO,True,True,FAILED,987.25390625,onnx/relu_quadrotor2d_state.onnx,vnnlib/quadrotor2d_state_74.vnnlib,[],[],[],"watchdog killed instance after 4.0s (status=EXIT_NONZERO, peak_rss=987.3 MiB)",/data1/Kane/ACT/audit_results/r93_rerun_20260525T083118Z/gpu_stream1_20260526T132419Z/lsnc_relu/per_instance_lsnc_relu_watchdog_iid74_20260526T145456312395Z.json
gpu_full,75,ERROR_WATCHDOG_EXIT_NONZERO,ERROR,ERROR,,4.503,EXIT_NONZERO,True,True,FAILED,941.08203125,onnx/relu_quadrotor2d_state.onnx,vnnlib/quadrotor2d_state_75.vnnlib,[],[],[],"watchdog killed instance after 4.5s (status=EXIT_NONZERO, peak_rss=941.1 MiB)",/data1/Kane/ACT/audit_results/r93_rerun_20260525T083118Z/gpu_stream1_20260526T132419Z/lsnc_relu/per_instance_lsnc_relu_watchdog_iid75_20260526T145500816165Z.json
gpu_full,76,ERROR_WATCHDOG_EXIT_NONZERO,ERROR,ERROR,,4.503,EXIT_NONZERO,True,True,FAILED,941.45703125,onnx/relu_quadrotor2d_state.onnx,vnnlib/quadrotor2d_state_76.vnnlib,[],[],[],"watchdog killed instance after 4.5s (status=EXIT_NONZERO, peak_rss=941.5 MiB)",/data1/Kane/ACT/audit_results/r93_rerun_20260525T083118Z/gpu_stream1_20260526T132419Z/lsnc_relu/per_instance_lsnc_relu_watchdog_iid76_20260526T145505320033Z.json
gpu_full,77,ERROR_WATCHDOG_EXIT_NONZERO,ERROR,ERROR,,4.503,EXIT_NONZERO,True,True,FAILED,951.36328125,onnx/relu_quadrotor2d_state.onnx,vnnlib/quadrotor2d_state_77.vnnlib,[],[],[],"watchdog killed instance after 4.5s (status=EXIT_NONZERO, peak_rss=951.4 MiB)",/data1/Kane/ACT/audit_results/r93_rerun_20260525T083118Z/gpu_stream1_20260526T132419Z/lsnc_relu/per_instance_lsnc_relu_watchdog_iid77_20260526T145509823981Z.json
gpu_full,78,ERROR_WATCHDOG_EXIT_NONZERO,ERROR,ERROR,,4.503,EXIT_NONZERO,True,True,FAILED,941.296875,onnx/relu_quadrotor2d_state.onnx,vnnlib/quadrotor2d_state_78.vnnlib,[],[],[],"watchdog killed instance after 4.5s (status=EXIT_NONZERO, peak_rss=941.3 MiB)",/data1/Kane/ACT/audit_results/r93_rerun_20260525T083118Z/gpu_stream1_20260526T132419Z/lsnc_relu/per_instance_lsnc_relu_watchdog_iid78_20260526T145514328632Z.json
gpu_full,79,ERROR_WATCHDOG_EXIT_NONZERO,ERROR,ERROR,,4.503,EXIT_NONZERO,True,True,FAILED,951.50390625,onnx/relu_quadrotor2d_state.onnx,vnnlib/quadrotor2d_state_79.vnnlib,[],[],[],"watchdog killed instance after 4.5s (status=EXIT_NONZERO, peak_rss=951.5 MiB)",/data1/Kane/ACT/audit_results/r93_rerun_20260525T083118Z/gpu_stream1_20260526T132419Z/lsnc_relu/per_instance_lsnc_relu_watchdog_iid79_20260526T145518832495Z.json
gpu_full,8,ERROR_WATCHDOG_EXIT_NONZERO,ERROR,ERROR,,5.01,EXIT_NONZERO,True,True,FAILED,940.88671875,onnx/relu_quadrotor2d_state.onnx,vnnlib/quadrotor2d_state_8.vnnlib,[],[],[],"watchdog killed instance after 5.0s (status=EXIT_NONZERO, peak_rss=940.9 MiB)",/data1/Kane/ACT/audit_results/r93_rerun_20260525T083118Z/gpu_stream1_20260526T132419Z/lsnc_relu/per_instance_lsnc_relu_watchdog_iid8_20260526T144953957159Z.json
gpu_full,9,ERROR_WATCHDOG_EXIT_NONZERO,ERROR,ERROR,,6.511,EXIT_NONZERO,True,True,FAILED,941.109375,onnx/relu_quadrotor2d_state.onnx,vnnlib/quadrotor2d_state_9.vnnlib,[],[],[],"watchdog killed instance after 6.5s (status=EXIT_NONZERO, peak_rss=941.1 MiB)",/data1/Kane/ACT/audit_results/r93_rerun_20260525T083118Z/gpu_stream1_20260526T132419Z/lsnc_relu/per_instance_lsnc_relu_watchdog_iid9_20260526T145000468767Z.json
round5_cpu,0,UNKNOWN,UNKNOWN,UNKNOWN,UNKNOWN,5.601,,False,,PASSED,,onnx/relu_quadrotor2d_state.onnx,vnnlib/quadrotor2d_state_0.vnnlib,"[""UNKNOWN"",""UNKNOWN"",""UNKNOWN"",""UNKNOWN"",""UNKNOWN"",""UNKNOWN"",""UNKNOWN"",""UNKNOWN"",""UNKNOWN"",""UNKNOWN"",""UNKNOWN"",""UNKNOWN"",""UNKNOWN""]","[""UNKNOWN"",""UNKNOWN"",""UNKNOWN"",""UNKNOWN"",""UNKNOWN"",""UNKNOWN"",""UNKNOWN"",""UNKNOWN"",""UNKNOWN"",""UNKNOWN"",""UNKNOWN"",""UNKNOWN"",""UNKNOWN""]","[null,null,null,null,null,null,null,null,null,null,null,null,null]",,/data1/Kane/ACT/audit_results/r93_rerun_20260525T083118Z/round5_aftersimplify_20260526T234325Z/lsnc_relu_cpu/per_instance_lsnc_relu_20260527T005915869589Z.json
round5_cpu,1,UNKNOWN,UNKNOWN,UNKNOWN,UNKNOWN,3.451,,False,,PASSED,,onnx/relu_quadrotor2d_state.onnx,vnnlib/quadrotor2d_state_1.vnnlib,"[""UNKNOWN"",""UNKNOWN"",""UNKNOWN"",""UNKNOWN"",""UNKNOWN"",""UNKNOWN"",""UNKNOWN"",""UNKNOWN"",""UNKNOWN"",""UNKNOWN"",""UNKNOWN"",""UNKNOWN"",""UNKNOWN""]","[""UNKNOWN"",""UNKNOWN"",""UNKNOWN"",""UNKNOWN"",""UNKNOWN"",""UNKNOWN"",""UNKNOWN"",""UNKNOWN"",""UNKNOWN"",""UNKNOWN"",""UNKNOWN"",""UNKNOWN"",""UNKNOWN""]","[null,null,null,null,null,null,null,null,null,null,null,null,null]",,/data1/Kane/ACT/audit_results/r93_rerun_20260525T083118Z/round5_aftersimplify_20260526T234325Z/lsnc_relu_cpu/per_instance_lsnc_relu_20260527T005923145848Z.json
round5_cpu,10,UNKNOWN,UNKNOWN,UNKNOWN,UNKNOWN,2.891,,False,,PASSED,,onnx/relu_quadrotor2d_state.onnx,vnnlib/quadrotor2d_state_10.vnnlib,"[""UNKNOWN"",""UNKNOWN"",""UNKNOWN"",""UNKNOWN"",""UNKNOWN"",""UNKNOWN"",""UNKNOWN"",""UNKNOWN"",""UNKNOWN"",""UNKNOWN"",""UNKNOWN"",""UNKNOWN"",""UNKNOWN""]","[""UNKNOWN"",""UNKNOWN"",""UNKNOWN"",""UNKNOWN"",""UNKNOWN"",""UNKNOWN"",""UNKNOWN"",""UNKNOWN"",""UNKNOWN"",""UNKNOWN"",""UNKNOWN"",""UNKNOWN"",""UNKNOWN""]","[null,null,null,null,null,null,null,null,null,null,null,null,null]",,/data1/Kane/ACT/audit_results/r93_rerun_20260525T083118Z/round5_aftersimplify_20260526T234325Z/lsnc_relu_cpu/per_instance_lsnc_relu_20260527T010041626605Z.json
round5_cpu,11,UNKNOWN,UNKNOWN,UNKNOWN,UNKNOWN,3.802,,False,,PASSED,,onnx/relu_quadrotor2d_state.onnx,vnnlib/quadrotor2d_state_11.vnnlib,"[""UNKNOWN"",""UNKNOWN"",""UNKNOWN"",""UNKNOWN"",""UNKNOWN"",""UNKNOWN"",""UNKNOWN"",""UNKNOWN"",""UNKNOWN"",""UNKNOWN"",""UNKNOWN"",""UNKNOWN"",""UNKNOWN""]","[""UNKNOWN"",""UNKNOWN"",""UNKNOWN"",""UNKNOWN"",""UNKNOWN"",""UNKNOWN"",""UNKNOWN"",""UNKNOWN"",""UNKNOWN"",""UNKNOWN"",""UNKNOWN"",""UNKNOWN"",""UNKNOWN""]","[null,null,null,null,null,null,null,null,null,null,null,null,null]",,/data1/Kane/ACT/audit_results/r93_rerun_20260525T083118Z/round5_aftersimplify_20260526T234325Z/lsnc_relu_cpu/per_instance_lsnc_relu_20260527T010049039460Z.json
round5_cpu,12,UNKNOWN,UNKNOWN,UNKNOWN,UNKNOWN,4.603,,False,,PASSED,,onnx/relu_quadrotor2d_state.onnx,vnnlib/quadrotor2d_state_12.vnnlib,"[""UNKNOWN"",""UNKNOWN"",""UNKNOWN"",""UNKNOWN"",""UNKNOWN"",""UNKNOWN"",""UNKNOWN"",""UNKNOWN"",""UNKNOWN"",""UNKNOWN"",""UNKNOWN"",""UNKNOWN"",""UNKNOWN""]","[""UNKNOWN"",""UNKNOWN"",""UNKNOWN"",""UNKNOWN"",""UNKNOWN"",""UNKNOWN"",""UNKNOWN"",""UNKNOWN"",""UNKNOWN"",""UNKNOWN"",""UNKNOWN"",""UNKNOWN"",""UNKNOWN""]","[null,null,null,null,null,null,null,null,null,null,null,null,null]",,/data1/Kane/ACT/audit_results/r93_rerun_20260525T083118Z/round5_aftersimplify_20260526T234325Z/lsnc_relu_cpu/per_instance_lsnc_relu_20260527T010057294294Z.json
round5_cpu,13,UNKNOWN,UNKNOWN,UNKNOWN,UNKNOWN,4.065,,False,,PASSED,,onnx/relu_quadrotor2d_state.onnx,vnnlib/quadrotor2d_state_13.vnnlib,"[""UNKNOWN"",""UNKNOWN"",""UNKNOWN"",""UNKNOWN"",""UNKNOWN"",""UNKNOWN"",""UNKNOWN"",""UNKNOWN"",""UNKNOWN"",""UNKNOWN"",""UNKNOWN"",""UNKNOWN"",""UNKNOWN""]","[""UNKNOWN"",""UNKNOWN"",""UNKNOWN"",""UNKNOWN"",""UNKNOWN"",""UNKNOWN"",""UNKNOWN"",""UNKNOWN"",""UNKNOWN"",""UNKNOWN"",""UNKNOWN"",""UNKNOWN"",""UNKNOWN""]","[null,null,null,null,null,null,null,null,null,null,null,null,null]",,/data1/Kane/ACT/audit_results/r93_rerun_20260525T083118Z/round5_aftersimplify_20260526T234325Z/lsnc_relu_cpu/per_instance_lsnc_relu_20260527T010105245829Z.json
round5_cpu,14,UNKNOWN,UNKNOWN,UNKNOWN,UNKNOWN,1.805,,False,,PASSED,,onnx/relu_quadrotor2d_state.onnx,vnnlib/quadrotor2d_state_14.vnnlib,"[""UNKNOWN"",""UNKNOWN"",""UNKNOWN"",""UNKNOWN"",""UNKNOWN"",""UNKNOWN"",""UNKNOWN"",""UNKNOWN"",""UNKNOWN"",""UNKNOWN"",""UNKNOWN"",""UNKNOWN"",""UNKNOWN""]","[""UNKNOWN"",""UNKNOWN"",""UNKNOWN"",""UNKNOWN"",""UNKNOWN"",""UNKNOWN"",""UNKNOWN"",""UNKNOWN"",""UNKNOWN"",""UNKNOWN"",""UNKNOWN"",""UNKNOWN"",""UNKNOWN""]","[null,null,null,null,null,null,null,null,null,null,null,null,null]",,/data1/Kane/ACT/audit_results/r93_rerun_20260525T083118Z/round5_aftersimplify_20260526T234325Z/lsnc_relu_cpu/per_instance_lsnc_relu_20260527T010110614991Z.json
round5_cpu,15,UNKNOWN,UNKNOWN,UNKNOWN,UNKNOWN,2.658,,False,,PASSED,,onnx/relu_quadrotor2d_state.onnx,vnnlib/quadrotor2d_state_15.vnnlib,"[""UNKNOWN"",""UNKNOWN"",""UNKNOWN"",""UNKNOWN"",""UNKNOWN"",""UNKNOWN"",""UNKNOWN"",""UNKNOWN"",""UNKNOWN"",""UNKNOWN"",""UNKNOWN"",""UNKNOWN"",""UNKNOWN""]","[""UNKNOWN"",""UNKNOWN"",""UNKNOWN"",""UNKNOWN"",""UNKNOWN"",""UNKNOWN"",""UNKNOWN"",""UNKNOWN"",""UNKNOWN"",""UNKNOWN"",""UNKNOWN"",""UNKNOWN"",""UNKNOWN""]","[null,null,null,null,null,null,null,null,null,null,null,null,null]",,/data1/Kane/ACT/audit_results/r93_rerun_20260525T083118Z/round5_aftersimplify_20260526T234325Z/lsnc_relu_cpu/per_instance_lsnc_relu_20260527T010117145875Z.json
round5_cpu,16,UNKNOWN,UNKNOWN,UNKNOWN,UNKNOWN,1.492,,False,,PASSED,,onnx/relu_quadrotor2d_state.onnx,vnnlib/quadrotor2d_state_16.vnnlib,"[""UNKNOWN"",""UNKNOWN"",""UNKNOWN"",""UNKNOWN"",""UNKNOWN"",""UNKNOWN"",""UNKNOWN"",""UNKNOWN"",""UNKNOWN"",""UNKNOWN"",""UNKNOWN"",""UNKNOWN"",""UNKNOWN""]","[""UNKNOWN"",""UNKNOWN"",""UNKNOWN"",""UNKNOWN"",""UNKNOWN"",""UNKNOWN"",""UNKNOWN"",""UNKNOWN"",""UNKNOWN"",""UNKNOWN"",""UNKNOWN"",""UNKNOWN"",""UNKNOWN""]","[null,null,null,null,null,null,null,null,null,null,null,null,null]",,/data1/Kane/ACT/audit_results/r93_rerun_20260525T083118Z/round5_aftersimplify_20260526T234325Z/lsnc_relu_cpu/per_instance_lsnc_relu_20260527T010122275760Z.json
round5_cpu,17,UNKNOWN,UNKNOWN,UNKNOWN,UNKNOWN,3.616,,False,,PASSED,,onnx/relu_quadrotor2d_state.onnx,vnnlib/quadrotor2d_state_17.vnnlib,"[""UNKNOWN"",""UNKNOWN"",""UNKNOWN"",""UNKNOWN"",""UNKNOWN"",""UNKNOWN"",""UNKNOWN"",""UNKNOWN"",""UNKNOWN"",""UNKNOWN"",""UNKNOWN"",""UNKNOWN"",""UNKNOWN""]","[""UNKNOWN"",""UNKNOWN"",""UNKNOWN"",""UNKNOWN"",""UNKNOWN"",""UNKNOWN"",""UNKNOWN"",""UNKNOWN"",""UNKNOWN"",""UNKNOWN"",""UNKNOWN"",""UNKNOWN"",""UNKNOWN""]","[null,null,null,null,null,null,null,null,null,null,null,null,null]",,/data1/Kane/ACT/audit_results/r93_rerun_20260525T083118Z/round5_aftersimplify_20260526T234325Z/lsnc_relu_cpu/per_instance_lsnc_relu_20260527T010129935601Z.json
round5_cpu,18,UNKNOWN,UNKNOWN,UNKNOWN,UNKNOWN,4.11,,False,,PASSED,,onnx/relu_quadrotor2d_state.onnx,vnnlib/quadrotor2d_state_18.vnnlib,"[""UNKNOWN"",""UNKNOWN"",""UNKNOWN"",""UNKNOWN"",""UNKNOWN"",""UNKNOWN"",""UNKNOWN"",""UNKNOWN"",""UNKNOWN"",""UNKNOWN"",""UNKNOWN"",""UNKNOWN"",""UNKNOWN""]","[""UNKNOWN"",""UNKNOWN"",""UNKNOWN"",""UNKNOWN"",""UNKNOWN"",""UNKNOWN"",""UNKNOWN"",""UNKNOWN"",""UNKNOWN"",""UNKNOWN"",""UNKNOWN"",""UNKNOWN"",""UNKNOWN""]","[null,null,null,null,null,null,null,null,null,null,null,null,null]",,/data1/Kane/ACT/audit_results/r93_rerun_20260525T083118Z/round5_aftersimplify_20260526T234325Z/lsnc_relu_cpu/per_instance_lsnc_relu_20260527T010137964597Z.json
round5_cpu,19,UNKNOWN,UNKNOWN,UNKNOWN,UNKNOWN,1.187,,False,,PASSED,,onnx/relu_quadrotor2d_state.onnx,vnnlib/quadrotor2d_state_19.vnnlib,"[""UNKNOWN"",""UNKNOWN"",""UNKNOWN"",""UNKNOWN"",""UNKNOWN"",""UNKNOWN"",""UNKNOWN"",""UNKNOWN"",""UNKNOWN"",""UNKNOWN"",""UNKNOWN"",""UNKNOWN"",""UNKNOWN""]","[""UNKNOWN"",""UNKNOWN"",""UNKNOWN"",""UNKNOWN"",""UNKNOWN"",""UNKNOWN"",""UNKNOWN"",""UNKNOWN"",""UNKNOWN"",""UNKNOWN"",""UNKNOWN"",""UNKNOWN"",""UNKNOWN""]","[null,null,null,null,null,null,null,null,null,null,null,null,null]",,/data1/Kane/ACT/audit_results/r93_rerun_20260525T083118Z/round5_aftersimplify_20260526T234325Z/lsnc_relu_cpu/per_instance_lsnc_relu_20260527T010143036793Z.json
round5_cpu,2,UNKNOWN,UNKNOWN,UNKNOWN,UNKNOWN,5.525,,False,,PASSED,,onnx/relu_quadrotor2d_state.onnx,vnnlib/quadrotor2d_state_2.vnnlib,"[""UNKNOWN"",""UNKNOWN"",""UNKNOWN"",""UNKNOWN"",""UNKNOWN"",""UNKNOWN"",""UNKNOWN"",""UNKNOWN"",""UNKNOWN"",""UNKNOWN"",""UNKNOWN"",""UNKNOWN"",""UNKNOWN""]","[""UNKNOWN"",""UNKNOWN"",""UNKNOWN"",""UNKNOWN"",""UNKNOWN"",""UNKNOWN"",""UNKNOWN"",""UNKNOWN"",""UNKNOWN"",""UNKNOWN"",""UNKNOWN"",""UNKNOWN"",""UNKNOWN""]","[null,null,null,null,null,null,null,null,null,null,null,null,null]",,/data1/Kane/ACT/audit_results/r93_rerun_20260525T083118Z/round5_aftersimplify_20260526T234325Z/lsnc_relu_cpu/per_instance_lsnc_relu_20260527T005932291684Z.json
round5_cpu,20,UNKNOWN,UNKNOWN,UNKNOWN,UNKNOWN,1.353,,False,,PASSED,,onnx/relu_quadrotor2d_state.onnx,vnnlib/quadrotor2d_state_20.vnnlib,"[""UNKNOWN"",""UNKNOWN"",""UNKNOWN"",""UNKNOWN"",""UNKNOWN"",""UNKNOWN"",""UNKNOWN"",""UNKNOWN"",""UNKNOWN"",""UNKNOWN"",""UNKNOWN"",""UNKNOWN"",""UNKNOWN""]","[""UNKNOWN"",""UNKNOWN"",""UNKNOWN"",""UNKNOWN"",""UNKNOWN"",""UNKNOWN"",""UNKNOWN"",""UNKNOWN"",""UNKNOWN"",""UNKNOWN"",""UNKNOWN"",""UNKNOWN"",""UNKNOWN""]","[null,null,null,null,null,null,null,null,null,null,null,null,null]",,/data1/Kane/ACT/audit_results/r93_rerun_20260525T083118Z/round5_aftersimplify_20260526T234325Z/lsnc_relu_cpu/per_instance_lsnc_relu_20260527T010148178655Z.json
round5_cpu,21,UNKNOWN,UNKNOWN,UNKNOWN,UNKNOWN,1.826,,False,,PASSED,,onnx/relu_quadrotor2d_state.onnx,vnnlib/quadrotor2d_state_21.vnnlib,"[""UNKNOWN"",""UNKNOWN"",""UNKNOWN"",""UNKNOWN"",""UNKNOWN"",""UNKNOWN"",""UNKNOWN"",""UNKNOWN"",""UNKNOWN"",""UNKNOWN"",""UNKNOWN"",""UNKNOWN"",""UNKNOWN""]","[""UNKNOWN"",""UNKNOWN"",""UNKNOWN"",""UNKNOWN"",""UNKNOWN"",""UNKNOWN"",""UNKNOWN"",""UNKNOWN"",""UNKNOWN"",""UNKNOWN"",""UNKNOWN"",""UNKNOWN"",""UNKNOWN""]","[null,null,null,null,null,null,null,null,null,null,null,null,null]",,/data1/Kane/ACT/audit_results/r93_rerun_20260525T083118Z/round5_aftersimplify_20260526T234325Z/lsnc_relu_cpu/per_instance_lsnc_relu_20260527T010154180259Z.json
round5_cpu,22,UNKNOWN,UNKNOWN,UNKNOWN,UNKNOWN,3.049,,False,,PASSED,,onnx/relu_quadrotor2d_state.onnx,vnnlib/quadrotor2d_state_22.vnnlib,"[""UNKNOWN"",""UNKNOWN"",""UNKNOWN"",""UNKNOWN"",""UNKNOWN"",""UNKNOWN"",""UNKNOWN"",""UNKNOWN"",""UNKNOWN"",""UNKNOWN"",""UNKNOWN"",""UNKNOWN"",""UNKNOWN""]","[""UNKNOWN"",""UNKNOWN"",""UNKNOWN"",""UNKNOWN"",""UNKNOWN"",""UNKNOWN"",""UNKNOWN"",""UNKNOWN"",""UNKNOWN"",""UNKNOWN"",""UNKNOWN"",""UNKNOWN"",""UNKNOWN""]","[null,null,null,null,null,null,null,null,null,null,null,null,null]",,/data1/Kane/ACT/audit_results/r93_rerun_20260525T083118Z/round5_aftersimplify_20260526T234325Z/lsnc_relu_cpu/per_instance_lsnc_relu_20260527T010201654796Z.json
round5_cpu,23,UNKNOWN,UNKNOWN,UNKNOWN,UNKNOWN,2.662,,False,,PASSED,,onnx/relu_quadrotor2d_state.onnx,vnnlib/quadrotor2d_state_23.vnnlib,"[""UNKNOWN"",""UNKNOWN"",""UNKNOWN"",""UNKNOWN"",""UNKNOWN"",""UNKNOWN"",""UNKNOWN"",""UNKNOWN"",""UNKNOWN"",""UNKNOWN"",""UNKNOWN"",""UNKNOWN"",""UNKNOWN""]","[""UNKNOWN"",""UNKNOWN"",""UNKNOWN"",""UNKNOWN"",""UNKNOWN"",""UNKNOWN"",""UNKNOWN"",""UNKNOWN"",""UNKNOWN"",""UNKNOWN"",""UNKNOWN"",""UNKNOWN"",""UNKNOWN""]","[null,null,null,null,null,null,null,null,null,null,null,null,null]",,/data1/Kane/ACT/audit_results/r93_rerun_20260525T083118Z/round5_aftersimplify_20260526T234325Z/lsnc_relu_cpu/per_instance_lsnc_relu_20260527T010207978765Z.json
round5_cpu,24,UNKNOWN,UNKNOWN,UNKNOWN,UNKNOWN,1.313,,False,,PASSED,,onnx/relu_quadrotor2d_state.onnx,vnnlib/quadrotor2d_state_24.vnnlib,"[""UNKNOWN"",""UNKNOWN"",""UNKNOWN"",""UNKNOWN"",""UNKNOWN"",""UNKNOWN"",""UNKNOWN"",""UNKNOWN"",""UNKNOWN"",""UNKNOWN"",""UNKNOWN"",""UNKNOWN"",""UNKNOWN""]","[""UNKNOWN"",""UNKNOWN"",""UNKNOWN"",""UNKNOWN"",""UNKNOWN"",""UNKNOWN"",""UNKNOWN"",""UNKNOWN"",""UNKNOWN"",""UNKNOWN"",""UNKNOWN"",""UNKNOWN"",""UNKNOWN""]","[null,null,null,null,null,null,null,null,null,null,null,null,null]",,/data1/Kane/ACT/audit_results/r93_rerun_20260525T083118Z/round5_aftersimplify_20260526T234325Z/lsnc_relu_cpu/per_instance_lsnc_relu_20260527T010212587733Z.json
round5_cpu,25,UNKNOWN,UNKNOWN,UNKNOWN,UNKNOWN,1.577,,False,,PASSED,,onnx/relu_quadrotor2d_state.onnx,vnnlib/quadrotor2d_state_25.vnnlib,"[""UNKNOWN"",""UNKNOWN"",""UNKNOWN"",""UNKNOWN"",""UNKNOWN"",""UNKNOWN"",""UNKNOWN"",""UNKNOWN"",""UNKNOWN"",""UNKNOWN"",""UNKNOWN"",""UNKNOWN"",""UNKNOWN""]","[""UNKNOWN"",""UNKNOWN"",""UNKNOWN"",""UNKNOWN"",""UNKNOWN"",""UNKNOWN"",""UNKNOWN"",""UNKNOWN"",""UNKNOWN"",""UNKNOWN"",""UNKNOWN"",""UNKNOWN"",""UNKNOWN""]","[null,null,null,null,null,null,null,null,null,null,null,null,null]",,/data1/Kane/ACT/audit_results/r93_rerun_20260525T083118Z/round5_aftersimplify_20260526T234325Z/lsnc_relu_cpu/per_instance_lsnc_relu_20260527T010218019841Z.json
round5_cpu,26,UNKNOWN,UNKNOWN,UNKNOWN,UNKNOWN,1.45,,False,,PASSED,,onnx/relu_quadrotor2d_state.onnx,vnnlib/quadrotor2d_state_26.vnnlib,"[""UNKNOWN"",""UNKNOWN"",""UNKNOWN"",""UNKNOWN"",""UNKNOWN"",""UNKNOWN"",""UNKNOWN"",""UNKNOWN"",""UNKNOWN"",""UNKNOWN"",""UNKNOWN"",""UNKNOWN"",""UNKNOWN""]","[""UNKNOWN"",""UNKNOWN"",""UNKNOWN"",""UNKNOWN"",""UNKNOWN"",""UNKNOWN"",""UNKNOWN"",""UNKNOWN"",""UNKNOWN"",""UNKNOWN"",""UNKNOWN"",""UNKNOWN"",""UNKNOWN""]","[null,null,null,null,null,null,null,null,null,null,null,null,null]",,/data1/Kane/ACT/audit_results/r93_rerun_20260525T083118Z/round5_aftersimplify_20260526T234325Z/lsnc_relu_cpu/per_instance_lsnc_relu_20260527T010223266998Z.json
round5_cpu,27,UNKNOWN,UNKNOWN,UNKNOWN,UNKNOWN,2.831,,False,,PASSED,,onnx/relu_quadrotor2d_state.onnx,vnnlib/quadrotor2d_state_27.vnnlib,"[""UNKNOWN"",""UNKNOWN"",""UNKNOWN"",""UNKNOWN"",""UNKNOWN"",""UNKNOWN"",""UNKNOWN"",""UNKNOWN"",""UNKNOWN"",""UNKNOWN"",""UNKNOWN"",""UNKNOWN"",""UNKNOWN""]","[""UNKNOWN"",""UNKNOWN"",""UNKNOWN"",""UNKNOWN"",""UNKNOWN"",""UNKNOWN"",""UNKNOWN"",""UNKNOWN"",""UNKNOWN"",""UNKNOWN"",""UNKNOWN"",""UNKNOWN"",""UNKNOWN""]","[null,null,null,null,null,null,null,null,null,null,null,null,null]",,/data1/Kane/ACT/audit_results/r93_rerun_20260525T083118Z/round5_aftersimplify_20260526T234325Z/lsnc_relu_cpu/per_instance_lsnc_relu_20260527T010229556472Z.json
round5_cpu,28,UNKNOWN,UNKNOWN,UNKNOWN,UNKNOWN,2.656,,False,,PASSED,,onnx/relu_quadrotor2d_state.onnx,vnnlib/quadrotor2d_state_28.vnnlib,"[""UNKNOWN"",""UNKNOWN"",""UNKNOWN"",""UNKNOWN"",""UNKNOWN"",""UNKNOWN"",""UNKNOWN"",""UNKNOWN"",""UNKNOWN"",""UNKNOWN"",""UNKNOWN"",""UNKNOWN"",""UNKNOWN""]","[""UNKNOWN"",""UNKNOWN"",""UNKNOWN"",""UNKNOWN"",""UNKNOWN"",""UNKNOWN"",""UNKNOWN"",""UNKNOWN"",""UNKNOWN"",""UNKNOWN"",""UNKNOWN"",""UNKNOWN"",""UNKNOWN""]","[null,null,null,null,null,null,null,null,null,null,null,null,null]",,/data1/Kane/ACT/audit_results/r93_rerun_20260525T083118Z/round5_aftersimplify_20260526T234325Z/lsnc_relu_cpu/per_instance_lsnc_relu_20260527T010236024583Z.json
round5_cpu,29,UNKNOWN,UNKNOWN,UNKNOWN,UNKNOWN,1.265,,False,,PASSED,,onnx/relu_quadrotor2d_state.onnx,vnnlib/quadrotor2d_state_29.vnnlib,"[""UNKNOWN"",""UNKNOWN"",""UNKNOWN"",""UNKNOWN"",""UNKNOWN"",""UNKNOWN"",""UNKNOWN"",""UNKNOWN"",""UNKNOWN"",""UNKNOWN"",""UNKNOWN"",""UNKNOWN"",""UNKNOWN""]","[""UNKNOWN"",""UNKNOWN"",""UNKNOWN"",""UNKNOWN"",""UNKNOWN"",""UNKNOWN"",""UNKNOWN"",""UNKNOWN"",""UNKNOWN"",""UNKNOWN"",""UNKNOWN"",""UNKNOWN"",""UNKNOWN""]","[null,null,null,null,null,null,null,null,null,null,null,null,null]",,/data1/Kane/ACT/audit_results/r93_rerun_20260525T083118Z/round5_aftersimplify_20260526T234325Z/lsnc_relu_cpu/per_instance_lsnc_relu_20260527T010241079648Z.json
round5_cpu,3,UNKNOWN,UNKNOWN,UNKNOWN,UNKNOWN,3.401,,False,,PASSED,,onnx/relu_quadrotor2d_state.onnx,vnnlib/quadrotor2d_state_3.vnnlib,"[""UNKNOWN"",""UNKNOWN"",""UNKNOWN"",""UNKNOWN"",""UNKNOWN"",""UNKNOWN"",""UNKNOWN"",""UNKNOWN"",""UNKNOWN"",""UNKNOWN"",""UNKNOWN"",""UNKNOWN"",""UNKNOWN""]","[""UNKNOWN"",""UNKNOWN"",""UNKNOWN"",""UNKNOWN"",""UNKNOWN"",""UNKNOWN"",""UNKNOWN"",""UNKNOWN"",""UNKNOWN"",""UNKNOWN"",""UNKNOWN"",""UNKNOWN"",""UNKNOWN""]","[null,null,null,null,null,null,null,null,null,null,null,null,null]",,/data1/Kane/ACT/audit_results/r93_rerun_20260525T083118Z/round5_aftersimplify_20260526T234325Z/lsnc_relu_cpu/per_instance_lsnc_relu_20260527T005939626340Z.json
round5_cpu,30,UNKNOWN,UNKNOWN,UNKNOWN,UNKNOWN,1.971,,False,,PASSED,,onnx/relu_quadrotor2d_state.onnx,vnnlib/quadrotor2d_state_30.vnnlib,"[""UNKNOWN"",""UNKNOWN"",""UNKNOWN"",""UNKNOWN"",""UNKNOWN"",""UNKNOWN"",""UNKNOWN"",""UNKNOWN"",""UNKNOWN"",""UNKNOWN"",""UNKNOWN"",""UNKNOWN"",""UNKNOWN""]","[""UNKNOWN"",""UNKNOWN"",""UNKNOWN"",""UNKNOWN"",""UNKNOWN"",""UNKNOWN"",""UNKNOWN"",""UNKNOWN"",""UNKNOWN"",""UNKNOWN"",""UNKNOWN"",""UNKNOWN"",""UNKNOWN""]","[null,null,null,null,null,null,null,null,null,null,null,null,null]",,/data1/Kane/ACT/audit_results/r93_rerun_20260525T083118Z/round5_aftersimplify_20260526T234325Z/lsnc_relu_cpu/per_instance_lsnc_relu_20260527T010246853453Z.json
round5_cpu,31,UNKNOWN,UNKNOWN,UNKNOWN,UNKNOWN,1.234,,False,,PASSED,,onnx/relu_quadrotor2d_state.onnx,vnnlib/quadrotor2d_state_31.vnnlib,"[""UNKNOWN"",""UNKNOWN"",""UNKNOWN"",""UNKNOWN"",""UNKNOWN"",""UNKNOWN"",""UNKNOWN"",""UNKNOWN"",""UNKNOWN"",""UNKNOWN"",""UNKNOWN"",""UNKNOWN"",""UNKNOWN""]","[""UNKNOWN"",""UNKNOWN"",""UNKNOWN"",""UNKNOWN"",""UNKNOWN"",""UNKNOWN"",""UNKNOWN"",""UNKNOWN"",""UNKNOWN"",""UNKNOWN"",""UNKNOWN"",""UNKNOWN"",""UNKNOWN""]","[null,null,null,null,null,null,null,null,null,null,null,null,null]",,/data1/Kane/ACT/audit_results/r93_rerun_20260525T083118Z/round5_aftersimplify_20260526T234325Z/lsnc_relu_cpu/per_instance_lsnc_relu_20260527T010251563511Z.json
round5_cpu,32,UNKNOWN,UNKNOWN,UNKNOWN,UNKNOWN,2.384,,False,,PASSED,,onnx/relu_quadrotor2d_state.onnx,vnnlib/quadrotor2d_state_32.vnnlib,"[""UNKNOWN"",""UNKNOWN"",""UNKNOWN"",""UNKNOWN"",""UNKNOWN"",""UNKNOWN"",""UNKNOWN"",""UNKNOWN"",""UNKNOWN"",""UNKNOWN"",""UNKNOWN"",""UNKNOWN"",""UNKNOWN""]","[""UNKNOWN"",""UNKNOWN"",""UNKNOWN"",""UNKNOWN"",""UNKNOWN"",""UNKNOWN"",""UNKNOWN"",""UNKNOWN"",""UNKNOWN"",""UNKNOWN"",""UNKNOWN"",""UNKNOWN"",""UNKNOWN""]","[null,null,null,null,null,null,null,null,null,null,null,null,null]",,/data1/Kane/ACT/audit_results/r93_rerun_20260525T083118Z/round5_aftersimplify_20260526T234325Z/lsnc_relu_cpu/per_instance_lsnc_relu_20260527T010257639939Z.json
round5_cpu,33,UNKNOWN,UNKNOWN,UNKNOWN,UNKNOWN,1.518,,False,,PASSED,,onnx/relu_quadrotor2d_state.onnx,vnnlib/quadrotor2d_state_33.vnnlib,"[""UNKNOWN"",""UNKNOWN"",""UNKNOWN"",""UNKNOWN"",""UNKNOWN"",""UNKNOWN"",""UNKNOWN"",""UNKNOWN"",""UNKNOWN"",""UNKNOWN"",""UNKNOWN"",""UNKNOWN"",""UNKNOWN""]","[""UNKNOWN"",""UNKNOWN"",""UNKNOWN"",""UNKNOWN"",""UNKNOWN"",""UNKNOWN"",""UNKNOWN"",""UNKNOWN"",""UNKNOWN"",""UNKNOWN"",""UNKNOWN"",""UNKNOWN"",""UNKNOWN""]","[null,null,null,null,null,null,null,null,null,null,null,null,null]",,/data1/Kane/ACT/audit_results/r93_rerun_20260525T083118Z/round5_aftersimplify_20260526T234325Z/lsnc_relu_cpu/per_instance_lsnc_relu_20260527T010302784295Z.json
round5_cpu,34,UNKNOWN,UNKNOWN,UNKNOWN,UNKNOWN,2.683,,False,,PASSED,,onnx/relu_quadrotor2d_state.onnx,vnnlib/quadrotor2d_state_34.vnnlib,"[""UNKNOWN"",""UNKNOWN"",""UNKNOWN"",""UNKNOWN"",""UNKNOWN"",""UNKNOWN"",""UNKNOWN"",""UNKNOWN"",""UNKNOWN"",""UNKNOWN"",""UNKNOWN"",""UNKNOWN"",""UNKNOWN""]","[""UNKNOWN"",""UNKNOWN"",""UNKNOWN"",""UNKNOWN"",""UNKNOWN"",""UNKNOWN"",""UNKNOWN"",""UNKNOWN"",""UNKNOWN"",""UNKNOWN"",""UNKNOWN"",""UNKNOWN"",""UNKNOWN""]","[null,null,null,null,null,null,null,null,null,null,null,null,null]",,/data1/Kane/ACT/audit_results/r93_rerun_20260525T083118Z/round5_aftersimplify_20260526T234325Z/lsnc_relu_cpu/per_instance_lsnc_relu_20260527T010308984022Z.json
round5_cpu,35,UNKNOWN,UNKNOWN,UNKNOWN,UNKNOWN,5.788,,False,,PASSED,,onnx/relu_quadrotor2d_state.onnx,vnnlib/quadrotor2d_state_35.vnnlib,"[""UNKNOWN"",""UNKNOWN"",""UNKNOWN"",""UNKNOWN"",""UNKNOWN"",""UNKNOWN"",""UNKNOWN"",""UNKNOWN"",""UNKNOWN"",""UNKNOWN"",""UNKNOWN"",""UNKNOWN"",""UNKNOWN""]","[""UNKNOWN"",""UNKNOWN"",""UNKNOWN"",""UNKNOWN"",""UNKNOWN"",""UNKNOWN"",""UNKNOWN"",""UNKNOWN"",""UNKNOWN"",""UNKNOWN"",""UNKNOWN"",""UNKNOWN"",""UNKNOWN""]","[null,null,null,null,null,null,null,null,null,null,null,null,null]",,/data1/Kane/ACT/audit_results/r93_rerun_20260525T083118Z/round5_aftersimplify_20260526T234325Z/lsnc_relu_cpu/per_instance_lsnc_relu_20260527T010318214162Z.json
round5_cpu,36,UNKNOWN,UNKNOWN,UNKNOWN,UNKNOWN,3.281,,False,,PASSED,,onnx/relu_quadrotor2d_state.onnx,vnnlib/quadrotor2d_state_36.vnnlib,"[""UNKNOWN"",""UNKNOWN"",""UNKNOWN"",""UNKNOWN"",""UNKNOWN"",""UNKNOWN"",""UNKNOWN"",""UNKNOWN"",""UNKNOWN"",""UNKNOWN"",""UNKNOWN"",""UNKNOWN"",""UNKNOWN""]","[""UNKNOWN"",""UNKNOWN"",""UNKNOWN"",""UNKNOWN"",""UNKNOWN"",""UNKNOWN"",""UNKNOWN"",""UNKNOWN"",""UNKNOWN"",""UNKNOWN"",""UNKNOWN"",""UNKNOWN"",""UNKNOWN""]","[null,null,null,null,null,null,null,null,null,null,null,null,null]",,/data1/Kane/ACT/audit_results/r93_rerun_20260525T083118Z/round5_aftersimplify_20260526T234325Z/lsnc_relu_cpu/per_instance_lsnc_relu_20260527T010325087379Z.json
round5_cpu,37,UNKNOWN,UNKNOWN,UNKNOWN,UNKNOWN,2.678,,False,,PASSED,,onnx/relu_quadrotor2d_state.onnx,vnnlib/quadrotor2d_state_37.vnnlib,"[""UNKNOWN"",""UNKNOWN"",""UNKNOWN"",""UNKNOWN"",""UNKNOWN"",""UNKNOWN"",""UNKNOWN"",""UNKNOWN"",""UNKNOWN"",""UNKNOWN"",""UNKNOWN"",""UNKNOWN"",""UNKNOWN""]","[""UNKNOWN"",""UNKNOWN"",""UNKNOWN"",""UNKNOWN"",""UNKNOWN"",""UNKNOWN"",""UNKNOWN"",""UNKNOWN"",""UNKNOWN"",""UNKNOWN"",""UNKNOWN"",""UNKNOWN"",""UNKNOWN""]","[null,null,null,null,null,null,null,null,null,null,null,null,null]",,/data1/Kane/ACT/audit_results/r93_rerun_20260525T083118Z/round5_aftersimplify_20260526T234325Z/lsnc_relu_cpu/per_instance_lsnc_relu_20260527T010331506550Z.json
round5_cpu,38,UNKNOWN,UNKNOWN,UNKNOWN,UNKNOWN,1.248,,False,,PASSED,,onnx/relu_quadrotor2d_state.onnx,vnnlib/quadrotor2d_state_38.vnnlib,"[""UNKNOWN"",""UNKNOWN"",""UNKNOWN"",""UNKNOWN"",""UNKNOWN"",""UNKNOWN"",""UNKNOWN"",""UNKNOWN"",""UNKNOWN"",""UNKNOWN"",""UNKNOWN"",""UNKNOWN"",""UNKNOWN""]","[""UNKNOWN"",""UNKNOWN"",""UNKNOWN"",""UNKNOWN"",""UNKNOWN"",""UNKNOWN"",""UNKNOWN"",""UNKNOWN"",""UNKNOWN"",""UNKNOWN"",""UNKNOWN"",""UNKNOWN"",""UNKNOWN""]","[null,null,null,null,null,null,null,null,null,null,null,null,null]",,/data1/Kane/ACT/audit_results/r93_rerun_20260525T083118Z/round5_aftersimplify_20260526T234325Z/lsnc_relu_cpu/per_instance_lsnc_relu_20260527T010336629398Z.json
round5_cpu,39,UNKNOWN,UNKNOWN,UNKNOWN,UNKNOWN,1.509,,False,,PASSED,,onnx/relu_quadrotor2d_state.onnx,vnnlib/quadrotor2d_state_39.vnnlib,"[""UNKNOWN"",""UNKNOWN"",""UNKNOWN"",""UNKNOWN"",""UNKNOWN"",""UNKNOWN"",""UNKNOWN"",""UNKNOWN"",""UNKNOWN"",""UNKNOWN"",""UNKNOWN"",""UNKNOWN"",""UNKNOWN""]","[""UNKNOWN"",""UNKNOWN"",""UNKNOWN"",""UNKNOWN"",""UNKNOWN"",""UNKNOWN"",""UNKNOWN"",""UNKNOWN"",""UNKNOWN"",""UNKNOWN"",""UNKNOWN"",""UNKNOWN"",""UNKNOWN""]","[null,null,null,null,null,null,null,null,null,null,null,null,null]",,/data1/Kane/ACT/audit_results/r93_rerun_20260525T083118Z/round5_aftersimplify_20260526T234325Z/lsnc_relu_cpu/per_instance_lsnc_relu_20260527T010341907688Z.json
round5_cpu,4,UNKNOWN,UNKNOWN,UNKNOWN,UNKNOWN,4.539,,False,,PASSED,,onnx/relu_quadrotor2d_state.onnx,vnnlib/quadrotor2d_state_4.vnnlib,"[""UNKNOWN"",""UNKNOWN"",""UNKNOWN"",""UNKNOWN"",""UNKNOWN"",""UNKNOWN"",""UNKNOWN"",""UNKNOWN"",""UNKNOWN"",""UNKNOWN"",""UNKNOWN"",""UNKNOWN"",""UNKNOWN""]","[""UNKNOWN"",""UNKNOWN"",""UNKNOWN"",""UNKNOWN"",""UNKNOWN"",""UNKNOWN"",""UNKNOWN"",""UNKNOWN"",""UNKNOWN"",""UNKNOWN"",""UNKNOWN"",""UNKNOWN"",""UNKNOWN""]","[null,null,null,null,null,null,null,null,null,null,null,null,null]",,/data1/Kane/ACT/audit_results/r93_rerun_20260525T083118Z/round5_aftersimplify_20260526T234325Z/lsnc_relu_cpu/per_instance_lsnc_relu_20260527T005947937993Z.json
round5_cpu,40,UNKNOWN,UNKNOWN,UNKNOWN,UNKNOWN,1.418,,False,,PASSED,,onnx/relu_quadrotor2d_state.onnx,vnnlib/quadrotor2d_state_40.vnnlib,"[""UNKNOWN"",""UNKNOWN"",""UNKNOWN"",""UNKNOWN"",""UNKNOWN"",""UNKNOWN"",""UNKNOWN"",""UNKNOWN"",""UNKNOWN"",""UNKNOWN"",""UNKNOWN"",""UNKNOWN"",""UNKNOWN""]","[""UNKNOWN"",""UNKNOWN"",""UNKNOWN"",""UNKNOWN"",""UNKNOWN"",""UNKNOWN"",""UNKNOWN"",""UNKNOWN"",""UNKNOWN"",""UNKNOWN"",""UNKNOWN"",""UNKNOWN"",""UNKNOWN""]","[null,null,null,null,null,null,null,null,null,null,null,null,null]",,/data1/Kane/ACT/audit_results/r93_rerun_20260525T083118Z/round5_aftersimplify_20260526T234325Z/lsnc_relu_cpu/per_instance_lsnc_relu_20260527T010346721101Z.json
round5_cpu,41,UNKNOWN,UNKNOWN,UNKNOWN,UNKNOWN,1.409,,False,,PASSED,,onnx/relu_quadrotor2d_state.onnx,vnnlib/quadrotor2d_state_41.vnnlib,"[""UNKNOWN"",""UNKNOWN"",""UNKNOWN"",""UNKNOWN"",""UNKNOWN"",""UNKNOWN"",""UNKNOWN"",""UNKNOWN"",""UNKNOWN"",""UNKNOWN"",""UNKNOWN"",""UNKNOWN"",""UNKNOWN""]","[""UNKNOWN"",""UNKNOWN"",""UNKNOWN"",""UNKNOWN"",""UNKNOWN"",""UNKNOWN"",""UNKNOWN"",""UNKNOWN"",""UNKNOWN"",""UNKNOWN"",""UNKNOWN"",""UNKNOWN"",""UNKNOWN""]","[null,null,null,null,null,null,null,null,null,null,null,null,null]",,/data1/Kane/ACT/audit_results/r93_rerun_20260525T083118Z/round5_aftersimplify_20260526T234325Z/lsnc_relu_cpu/per_instance_lsnc_relu_20260527T010351733782Z.json
round5_cpu,42,UNKNOWN,UNKNOWN,UNKNOWN,UNKNOWN,1.278,,False,,PASSED,,onnx/relu_quadrotor2d_state.onnx,vnnlib/quadrotor2d_state_42.vnnlib,"[""UNKNOWN"",""UNKNOWN"",""UNKNOWN"",""UNKNOWN"",""UNKNOWN"",""UNKNOWN"",""UNKNOWN"",""UNKNOWN"",""UNKNOWN"",""UNKNOWN"",""UNKNOWN"",""UNKNOWN"",""UNKNOWN""]","[""UNKNOWN"",""UNKNOWN"",""UNKNOWN"",""UNKNOWN"",""UNKNOWN"",""UNKNOWN"",""UNKNOWN"",""UNKNOWN"",""UNKNOWN"",""UNKNOWN"",""UNKNOWN"",""UNKNOWN"",""UNKNOWN""]","[null,null,null,null,null,null,null,null,null,null,null,null,null]",,/data1/Kane/ACT/audit_results/r93_rerun_20260525T083118Z/round5_aftersimplify_20260526T234325Z/lsnc_relu_cpu/per_instance_lsnc_relu_20260527T010356574727Z.json
round5_cpu,43,UNKNOWN,UNKNOWN,UNKNOWN,UNKNOWN,2.363,,False,,PASSED,,onnx/relu_quadrotor2d_state.onnx,vnnlib/quadrotor2d_state_43.vnnlib,"[""UNKNOWN"",""UNKNOWN"",""UNKNOWN"",""UNKNOWN"",""UNKNOWN"",""UNKNOWN"",""UNKNOWN"",""UNKNOWN"",""UNKNOWN"",""UNKNOWN"",""UNKNOWN"",""UNKNOWN"",""UNKNOWN""]","[""UNKNOWN"",""UNKNOWN"",""UNKNOWN"",""UNKNOWN"",""UNKNOWN"",""UNKNOWN"",""UNKNOWN"",""UNKNOWN"",""UNKNOWN"",""UNKNOWN"",""UNKNOWN"",""UNKNOWN"",""UNKNOWN""]","[null,null,null,null,null,null,null,null,null,null,null,null,null]",,/data1/Kane/ACT/audit_results/r93_rerun_20260525T083118Z/round5_aftersimplify_20260526T234325Z/lsnc_relu_cpu/per_instance_lsnc_relu_20260527T010402599648Z.json
round5_cpu,44,UNKNOWN,UNKNOWN,UNKNOWN,UNKNOWN,4.774,,False,,PASSED,,onnx/relu_quadrotor2d_state.onnx,vnnlib/quadrotor2d_state_44.vnnlib,"[""UNKNOWN"",""UNKNOWN"",""UNKNOWN"",""UNKNOWN"",""UNKNOWN"",""UNKNOWN"",""UNKNOWN"",""UNKNOWN"",""UNKNOWN"",""UNKNOWN"",""UNKNOWN"",""UNKNOWN"",""UNKNOWN""]","[""UNKNOWN"",""UNKNOWN"",""UNKNOWN"",""UNKNOWN"",""UNKNOWN"",""UNKNOWN"",""UNKNOWN"",""UNKNOWN"",""UNKNOWN"",""UNKNOWN"",""UNKNOWN"",""UNKNOWN"",""UNKNOWN""]","[null,null,null,null,null,null,null,null,null,null,null,null,null]",,/data1/Kane/ACT/audit_results/r93_rerun_20260525T083118Z/round5_aftersimplify_20260526T234325Z/lsnc_relu_cpu/per_instance_lsnc_relu_20260527T010411080570Z.json
round5_cpu,45,UNKNOWN,UNKNOWN,UNKNOWN,UNKNOWN,3.119,,False,,PASSED,,onnx/relu_quadrotor2d_state.onnx,vnnlib/quadrotor2d_state_45.vnnlib,"[""UNKNOWN"",""UNKNOWN"",""UNKNOWN"",""UNKNOWN"",""UNKNOWN"",""UNKNOWN"",""UNKNOWN"",""UNKNOWN"",""UNKNOWN"",""UNKNOWN"",""UNKNOWN"",""UNKNOWN"",""UNKNOWN""]","[""UNKNOWN"",""UNKNOWN"",""UNKNOWN"",""UNKNOWN"",""UNKNOWN"",""UNKNOWN"",""UNKNOWN"",""UNKNOWN"",""UNKNOWN"",""UNKNOWN"",""UNKNOWN"",""UNKNOWN"",""UNKNOWN""]","[null,null,null,null,null,null,null,null,null,null,null,null,null]",,/data1/Kane/ACT/audit_results/r93_rerun_20260525T083118Z/round5_aftersimplify_20260526T234325Z/lsnc_relu_cpu/per_instance_lsnc_relu_20260527T010419299830Z.json
round5_cpu,46,UNKNOWN,UNKNOWN,UNKNOWN,UNKNOWN,3.901,,False,,PASSED,,onnx/relu_quadrotor2d_state.onnx,vnnlib/quadrotor2d_state_46.vnnlib,"[""UNKNOWN"",""UNKNOWN"",""UNKNOWN"",""UNKNOWN"",""UNKNOWN"",""UNKNOWN"",""UNKNOWN"",""UNKNOWN"",""UNKNOWN"",""UNKNOWN"",""UNKNOWN"",""UNKNOWN"",""UNKNOWN""]","[""UNKNOWN"",""UNKNOWN"",""UNKNOWN"",""UNKNOWN"",""UNKNOWN"",""UNKNOWN"",""UNKNOWN"",""UNKNOWN"",""UNKNOWN"",""UNKNOWN"",""UNKNOWN"",""UNKNOWN"",""UNKNOWN""]","[null,null,null,null,null,null,null,null,null,null,null,null,null]",,/data1/Kane/ACT/audit_results/r93_rerun_20260525T083118Z/round5_aftersimplify_20260526T234325Z/lsnc_relu_cpu/per_instance_lsnc_relu_20260527T010428515098Z.json
round5_cpu,47,UNKNOWN,UNKNOWN,UNKNOWN,UNKNOWN,4.312,,False,,PASSED,,onnx/relu_quadrotor2d_state.onnx,vnnlib/quadrotor2d_state_47.vnnlib,"[""UNKNOWN"",""UNKNOWN"",""UNKNOWN"",""UNKNOWN"",""UNKNOWN"",""UNKNOWN"",""UNKNOWN"",""UNKNOWN"",""UNKNOWN"",""UNKNOWN"",""UNKNOWN"",""UNKNOWN"",""UNKNOWN""]","[""UNKNOWN"",""UNKNOWN"",""UNKNOWN"",""UNKNOWN"",""UNKNOWN"",""UNKNOWN"",""UNKNOWN"",""UNKNOWN"",""UNKNOWN"",""UNKNOWN"",""UNKNOWN"",""UNKNOWN"",""UNKNOWN""]","[null,null,null,null,null,null,null,null,null,null,null,null,null]",,/data1/Kane/ACT/audit_results/r93_rerun_20260525T083118Z/round5_aftersimplify_20260526T234325Z/lsnc_relu_cpu/per_instance_lsnc_relu_20260527T010437445324Z.json
round5_cpu,48,UNKNOWN,UNKNOWN,UNKNOWN,UNKNOWN,2.6,,False,,PASSED,,onnx/relu_quadrotor2d_state.onnx,vnnlib/quadrotor2d_state_48.vnnlib,"[""UNKNOWN"",""UNKNOWN"",""UNKNOWN"",""UNKNOWN"",""UNKNOWN"",""UNKNOWN"",""UNKNOWN"",""UNKNOWN"",""UNKNOWN"",""UNKNOWN"",""UNKNOWN"",""UNKNOWN"",""UNKNOWN""]","[""UNKNOWN"",""UNKNOWN"",""UNKNOWN"",""UNKNOWN"",""UNKNOWN"",""UNKNOWN"",""UNKNOWN"",""UNKNOWN"",""UNKNOWN"",""UNKNOWN"",""UNKNOWN"",""UNKNOWN"",""UNKNOWN""]","[null,null,null,null,null,null,null,null,null,null,null,null,null]",,/data1/Kane/ACT/audit_results/r93_rerun_20260525T083118Z/round5_aftersimplify_20260526T234325Z/lsnc_relu_cpu/per_instance_lsnc_relu_20260527T010445524841Z.json
round5_cpu,49,UNKNOWN,UNKNOWN,UNKNOWN,UNKNOWN,8.137,,False,,PASSED,,onnx/relu_quadrotor2d_state.onnx,vnnlib/quadrotor2d_state_49.vnnlib,"[""UNKNOWN"",""UNKNOWN"",""UNKNOWN"",""UNKNOWN"",""UNKNOWN"",""UNKNOWN"",""UNKNOWN"",""UNKNOWN"",""UNKNOWN"",""UNKNOWN"",""UNKNOWN"",""UNKNOWN"",""UNKNOWN""]","[""UNKNOWN"",""UNKNOWN"",""UNKNOWN"",""UNKNOWN"",""UNKNOWN"",""UNKNOWN"",""UNKNOWN"",""UNKNOWN"",""UNKNOWN"",""UNKNOWN"",""UNKNOWN"",""UNKNOWN"",""UNKNOWN""]","[null,null,null,null,null,null,null,null,null,null,null,null,null]",,/data1/Kane/ACT/audit_results/r93_rerun_20260525T083118Z/round5_aftersimplify_20260526T234325Z/lsnc_relu_cpu/per_instance_lsnc_relu_20260527T010458834261Z.json
round5_cpu,5,UNKNOWN,UNKNOWN,UNKNOWN,UNKNOWN,4.746,,False,,PASSED,,onnx/relu_quadrotor2d_state.onnx,vnnlib/quadrotor2d_state_5.vnnlib,"[""UNKNOWN"",""UNKNOWN"",""UNKNOWN"",""UNKNOWN"",""UNKNOWN"",""UNKNOWN"",""UNKNOWN"",""UNKNOWN"",""UNKNOWN"",""UNKNOWN"",""UNKNOWN"",""UNKNOWN"",""UNKNOWN""]","[""UNKNOWN"",""UNKNOWN"",""UNKNOWN"",""UNKNOWN"",""UNKNOWN"",""UNKNOWN"",""UNKNOWN"",""UNKNOWN"",""UNKNOWN"",""UNKNOWN"",""UNKNOWN"",""UNKNOWN"",""UNKNOWN""]","[null,null,null,null,null,null,null,null,null,null,null,null,null]",,/data1/Kane/ACT/audit_results/r93_rerun_20260525T083118Z/round5_aftersimplify_20260526T234325Z/lsnc_relu_cpu/per_instance_lsnc_relu_20260527T005956504877Z.json
round5_cpu,50,UNKNOWN,UNKNOWN,UNKNOWN,UNKNOWN,6.425,,False,,PASSED,,onnx/relu_quadrotor2d_state.onnx,vnnlib/quadrotor2d_state_50.vnnlib,"[""UNKNOWN"",""UNKNOWN"",""UNKNOWN"",""UNKNOWN"",""UNKNOWN"",""UNKNOWN"",""UNKNOWN"",""UNKNOWN"",""UNKNOWN"",""UNKNOWN"",""UNKNOWN"",""UNKNOWN"",""UNKNOWN""]","[""UNKNOWN"",""UNKNOWN"",""UNKNOWN"",""UNKNOWN"",""UNKNOWN"",""UNKNOWN"",""UNKNOWN"",""UNKNOWN"",""UNKNOWN"",""UNKNOWN"",""UNKNOWN"",""UNKNOWN"",""UNKNOWN""]","[null,null,null,null,null,null,null,null,null,null,null,null,null]",,/data1/Kane/ACT/audit_results/r93_rerun_20260525T083118Z/round5_aftersimplify_20260526T234325Z/lsnc_relu_cpu/per_instance_lsnc_relu_20260527T010510251265Z.json
round5_cpu,51,UNKNOWN,UNKNOWN,UNKNOWN,UNKNOWN,5.112,,False,,PASSED,,onnx/relu_quadrotor2d_state.onnx,vnnlib/quadrotor2d_state_51.vnnlib,"[""UNKNOWN"",""UNKNOWN"",""UNKNOWN"",""UNKNOWN"",""UNKNOWN"",""UNKNOWN"",""UNKNOWN"",""UNKNOWN"",""UNKNOWN"",""UNKNOWN"",""UNKNOWN"",""UNKNOWN"",""UNKNOWN""]","[""UNKNOWN"",""UNKNOWN"",""UNKNOWN"",""UNKNOWN"",""UNKNOWN"",""UNKNOWN"",""UNKNOWN"",""UNKNOWN"",""UNKNOWN"",""UNKNOWN"",""UNKNOWN"",""UNKNOWN"",""UNKNOWN""]","[null,null,null,null,null,null,null,null,null,null,null,null,null]",,/data1/Kane/ACT/audit_results/r93_rerun_20260525T083118Z/round5_aftersimplify_20260526T234325Z/lsnc_relu_cpu/per_instance_lsnc_relu_20260527T010520580460Z.json
round5_cpu,52,UNKNOWN,UNKNOWN,UNKNOWN,UNKNOWN,6.189,,False,,PASSED,,onnx/relu_quadrotor2d_state.onnx,vnnlib/quadrotor2d_state_52.vnnlib,"[""UNKNOWN"",""UNKNOWN"",""UNKNOWN"",""UNKNOWN"",""UNKNOWN"",""UNKNOWN"",""UNKNOWN"",""UNKNOWN"",""UNKNOWN"",""UNKNOWN"",""UNKNOWN"",""UNKNOWN"",""UNKNOWN""]","[""UNKNOWN"",""UNKNOWN"",""UNKNOWN"",""UNKNOWN"",""UNKNOWN"",""UNKNOWN"",""UNKNOWN"",""UNKNOWN"",""UNKNOWN"",""UNKNOWN"",""UNKNOWN"",""UNKNOWN"",""UNKNOWN""]","[null,null,null,null,null,null,null,null,null,null,null,null,null]",,/data1/Kane/ACT/audit_results/r93_rerun_20260525T083118Z/round5_aftersimplify_20260526T234325Z/lsnc_relu_cpu/per_instance_lsnc_relu_20260527T010532182914Z.json
round5_cpu,53,UNKNOWN,UNKNOWN,UNKNOWN,UNKNOWN,5.032,,False,,PASSED,,onnx/relu_quadrotor2d_state.onnx,vnnlib/quadrotor2d_state_53.vnnlib,"[""UNKNOWN"",""UNKNOWN"",""UNKNOWN"",""UNKNOWN"",""UNKNOWN"",""UNKNOWN"",""UNKNOWN"",""UNKNOWN"",""UNKNOWN"",""UNKNOWN"",""UNKNOWN"",""UNKNOWN"",""UNKNOWN""]","[""UNKNOWN"",""UNKNOWN"",""UNKNOWN"",""UNKNOWN"",""UNKNOWN"",""UNKNOWN"",""UNKNOWN"",""UNKNOWN"",""UNKNOWN"",""UNKNOWN"",""UNKNOWN"",""UNKNOWN"",""UNKNOWN""]","[null,null,null,null,null,null,null,null,null,null,null,null,null]",,/data1/Kane/ACT/audit_results/r93_rerun_20260525T083118Z/round5_aftersimplify_20260526T234325Z/lsnc_relu_cpu/per_instance_lsnc_relu_20260527T010542664561Z.json
round5_cpu,54,UNKNOWN,UNKNOWN,UNKNOWN,UNKNOWN,5.96,,False,,PASSED,,onnx/relu_quadrotor2d_state.onnx,vnnlib/quadrotor2d_state_54.vnnlib,"[""UNKNOWN"",""UNKNOWN"",""UNKNOWN"",""UNKNOWN"",""UNKNOWN"",""UNKNOWN"",""UNKNOWN"",""UNKNOWN"",""UNKNOWN"",""UNKNOWN"",""UNKNOWN"",""UNKNOWN"",""UNKNOWN""]","[""UNKNOWN"",""UNKNOWN"",""UNKNOWN"",""UNKNOWN"",""UNKNOWN"",""UNKNOWN"",""UNKNOWN"",""UNKNOWN"",""UNKNOWN"",""UNKNOWN"",""UNKNOWN"",""UNKNOWN"",""UNKNOWN""]","[null,null,null,null,null,null,null,null,null,null,null,null,null]",,/data1/Kane/ACT/audit_results/r93_rerun_20260525T083118Z/round5_aftersimplify_20260526T234325Z/lsnc_relu_cpu/per_instance_lsnc_relu_20260527T010554199867Z.json
round5_cpu,55,UNKNOWN,UNKNOWN,UNKNOWN,UNKNOWN,7.88,,False,,PASSED,,onnx/relu_quadrotor2d_state.onnx,vnnlib/quadrotor2d_state_55.vnnlib,"[""UNKNOWN"",""UNKNOWN"",""UNKNOWN"",""UNKNOWN"",""UNKNOWN"",""UNKNOWN"",""UNKNOWN"",""UNKNOWN"",""UNKNOWN"",""UNKNOWN"",""UNKNOWN"",""UNKNOWN"",""UNKNOWN""]","[""UNKNOWN"",""UNKNOWN"",""UNKNOWN"",""UNKNOWN"",""UNKNOWN"",""UNKNOWN"",""UNKNOWN"",""UNKNOWN"",""UNKNOWN"",""UNKNOWN"",""UNKNOWN"",""UNKNOWN"",""UNKNOWN""]","[null,null,null,null,null,null,null,null,null,null,null,null,null]",,/data1/Kane/ACT/audit_results/r93_rerun_20260525T083118Z/round5_aftersimplify_20260526T234325Z/lsnc_relu_cpu/per_instance_lsnc_relu_20260527T010607400599Z.json
round5_cpu,56,UNKNOWN,UNKNOWN,UNKNOWN,UNKNOWN,10.075,,False,,PASSED,,onnx/relu_quadrotor2d_state.onnx,vnnlib/quadrotor2d_state_56.vnnlib,"[""UNKNOWN"",""UNKNOWN"",""UNKNOWN"",""UNKNOWN"",""UNKNOWN"",""UNKNOWN"",""UNKNOWN"",""UNKNOWN"",""UNKNOWN"",""UNKNOWN"",""UNKNOWN"",""UNKNOWN"",""UNKNOWN""]","[""UNKNOWN"",""UNKNOWN"",""UNKNOWN"",""UNKNOWN"",""UNKNOWN"",""UNKNOWN"",""UNKNOWN"",""UNKNOWN"",""UNKNOWN"",""UNKNOWN"",""UNKNOWN"",""UNKNOWN"",""UNKNOWN""]","[null,null,null,null,null,null,null,null,null,null,null,null,null]",,/data1/Kane/ACT/audit_results/r93_rerun_20260525T083118Z/round5_aftersimplify_20260526T234325Z/lsnc_relu_cpu/per_instance_lsnc_relu_20260527T010622476069Z.json
round5_cpu,57,UNKNOWN,UNKNOWN,UNKNOWN,UNKNOWN,9.117,,False,,PASSED,,onnx/relu_quadrotor2d_state.onnx,vnnlib/quadrotor2d_state_57.vnnlib,"[""UNKNOWN"",""UNKNOWN"",""UNKNOWN"",""UNKNOWN"",""UNKNOWN"",""UNKNOWN"",""UNKNOWN"",""UNKNOWN"",""UNKNOWN"",""UNKNOWN"",""UNKNOWN"",""UNKNOWN"",""UNKNOWN""]","[""UNKNOWN"",""UNKNOWN"",""UNKNOWN"",""UNKNOWN"",""UNKNOWN"",""UNKNOWN"",""UNKNOWN"",""UNKNOWN"",""UNKNOWN"",""UNKNOWN"",""UNKNOWN"",""UNKNOWN"",""UNKNOWN""]","[null,null,null,null,null,null,null,null,null,null,null,null,null]",,/data1/Kane/ACT/audit_results/r93_rerun_20260525T083118Z/round5_aftersimplify_20260526T234325Z/lsnc_relu_cpu/per_instance_lsnc_relu_20260527T010636622483Z.json
round5_cpu,58,UNKNOWN,UNKNOWN,UNKNOWN,UNKNOWN,9.014,,False,,PASSED,,onnx/relu_quadrotor2d_state.onnx,vnnlib/quadrotor2d_state_58.vnnlib,"[""UNKNOWN"",""UNKNOWN"",""UNKNOWN"",""UNKNOWN"",""UNKNOWN"",""UNKNOWN"",""UNKNOWN"",""UNKNOWN"",""UNKNOWN"",""UNKNOWN"",""UNKNOWN"",""UNKNOWN"",""UNKNOWN""]","[""UNKNOWN"",""UNKNOWN"",""UNKNOWN"",""UNKNOWN"",""UNKNOWN"",""UNKNOWN"",""UNKNOWN"",""UNKNOWN"",""UNKNOWN"",""UNKNOWN"",""UNKNOWN"",""UNKNOWN"",""UNKNOWN""]","[null,null,null,null,null,null,null,null,null,null,null,null,null]",,/data1/Kane/ACT/audit_results/r93_rerun_20260525T083118Z/round5_aftersimplify_20260526T234325Z/lsnc_relu_cpu/per_instance_lsnc_relu_20260527T010650329245Z.json
round5_cpu,59,UNKNOWN,UNKNOWN,UNKNOWN,UNKNOWN,6.945,,False,,PASSED,,onnx/relu_quadrotor2d_state.onnx,vnnlib/quadrotor2d_state_59.vnnlib,"[""UNKNOWN"",""UNKNOWN"",""UNKNOWN"",""UNKNOWN"",""UNKNOWN"",""UNKNOWN"",""UNKNOWN"",""UNKNOWN"",""UNKNOWN"",""UNKNOWN"",""UNKNOWN"",""UNKNOWN"",""UNKNOWN""]","[""UNKNOWN"",""UNKNOWN"",""UNKNOWN"",""UNKNOWN"",""UNKNOWN"",""UNKNOWN"",""UNKNOWN"",""UNKNOWN"",""UNKNOWN"",""UNKNOWN"",""UNKNOWN"",""UNKNOWN"",""UNKNOWN""]","[null,null,null,null,null,null,null,null,null,null,null,null,null]",,/data1/Kane/ACT/audit_results/r93_rerun_20260525T083118Z/round5_aftersimplify_20260526T234325Z/lsnc_relu_cpu/per_instance_lsnc_relu_20260527T010703741750Z.json
round5_cpu,6,UNKNOWN,UNKNOWN,UNKNOWN,UNKNOWN,2.512,,False,,PASSED,,onnx/relu_quadrotor2d_state.onnx,vnnlib/quadrotor2d_state_6.vnnlib,"[""UNKNOWN"",""UNKNOWN"",""UNKNOWN"",""UNKNOWN"",""UNKNOWN"",""UNKNOWN"",""UNKNOWN"",""UNKNOWN"",""UNKNOWN"",""UNKNOWN"",""UNKNOWN"",""UNKNOWN"",""UNKNOWN""]","[""UNKNOWN"",""UNKNOWN"",""UNKNOWN"",""UNKNOWN"",""UNKNOWN"",""UNKNOWN"",""UNKNOWN"",""UNKNOWN"",""UNKNOWN"",""UNKNOWN"",""UNKNOWN"",""UNKNOWN"",""UNKNOWN""]","[null,null,null,null,null,null,null,null,null,null,null,null,null]",,/data1/Kane/ACT/audit_results/r93_rerun_20260525T083118Z/round5_aftersimplify_20260526T234325Z/lsnc_relu_cpu/per_instance_lsnc_relu_20260527T010002722943Z.json
round5_cpu,60,UNKNOWN,UNKNOWN,UNKNOWN,UNKNOWN,11.746,,False,,PASSED,,onnx/relu_quadrotor2d_state.onnx,vnnlib/quadrotor2d_state_60.vnnlib,"[""UNKNOWN"",""UNKNOWN"",""UNKNOWN"",""UNKNOWN"",""UNKNOWN"",""UNKNOWN"",""UNKNOWN"",""UNKNOWN"",""UNKNOWN"",""UNKNOWN"",""UNKNOWN"",""UNKNOWN"",""UNKNOWN""]","[""UNKNOWN"",""UNKNOWN"",""UNKNOWN"",""UNKNOWN"",""UNKNOWN"",""UNKNOWN"",""UNKNOWN"",""UNKNOWN"",""UNKNOWN"",""UNKNOWN"",""UNKNOWN"",""UNKNOWN"",""UNKNOWN""]","[null,null,null,null,null,null,null,null,null,null,null,null,null]",,/data1/Kane/ACT/audit_results/r93_rerun_20260525T083118Z/round5_aftersimplify_20260526T234325Z/lsnc_relu_cpu/per_instance_lsnc_relu_20260527T010720498616Z.json
round5_cpu,61,UNKNOWN,UNKNOWN,UNKNOWN,UNKNOWN,7.45,,False,,PASSED,,onnx/relu_quadrotor2d_state.onnx,vnnlib/quadrotor2d_state_61.vnnlib,"[""UNKNOWN"",""UNKNOWN"",""UNKNOWN"",""UNKNOWN"",""UNKNOWN"",""UNKNOWN"",""UNKNOWN"",""UNKNOWN"",""UNKNOWN"",""UNKNOWN"",""UNKNOWN"",""UNKNOWN"",""UNKNOWN""]","[""UNKNOWN"",""UNKNOWN"",""UNKNOWN"",""UNKNOWN"",""UNKNOWN"",""UNKNOWN"",""UNKNOWN"",""UNKNOWN"",""UNKNOWN"",""UNKNOWN"",""UNKNOWN"",""UNKNOWN"",""UNKNOWN""]","[null,null,null,null,null,null,null,null,null,null,null,null,null]",,/data1/Kane/ACT/audit_results/r93_rerun_20260525T083118Z/round5_aftersimplify_20260526T234325Z/lsnc_relu_cpu/per_instance_lsnc_relu_20260527T010732100780Z.json
round5_cpu,62,UNKNOWN,UNKNOWN,UNKNOWN,UNKNOWN,7.538,,False,,PASSED,,onnx/relu_quadrotor2d_state.onnx,vnnlib/quadrotor2d_state_62.vnnlib,"[""UNKNOWN"",""UNKNOWN"",""UNKNOWN"",""UNKNOWN"",""UNKNOWN"",""UNKNOWN"",""UNKNOWN"",""UNKNOWN"",""UNKNOWN"",""UNKNOWN"",""UNKNOWN"",""UNKNOWN"",""UNKNOWN""]","[""UNKNOWN"",""UNKNOWN"",""UNKNOWN"",""UNKNOWN"",""UNKNOWN"",""UNKNOWN"",""UNKNOWN"",""UNKNOWN"",""UNKNOWN"",""UNKNOWN"",""UNKNOWN"",""UNKNOWN"",""UNKNOWN""]","[null,null,null,null,null,null,null,null,null,null,null,null,null]",,/data1/Kane/ACT/audit_results/r93_rerun_20260525T083118Z/round5_aftersimplify_20260526T234325Z/lsnc_relu_cpu/per_instance_lsnc_relu_20260527T010743931270Z.json
round5_cpu,63,UNKNOWN,UNKNOWN,UNKNOWN,UNKNOWN,6.73,,False,,PASSED,,onnx/relu_quadrotor2d_state.onnx,vnnlib/quadrotor2d_state_63.vnnlib,"[""UNKNOWN"",""UNKNOWN"",""UNKNOWN"",""UNKNOWN"",""UNKNOWN"",""UNKNOWN"",""UNKNOWN"",""UNKNOWN"",""UNKNOWN"",""UNKNOWN"",""UNKNOWN"",""UNKNOWN"",""UNKNOWN""]","[""UNKNOWN"",""UNKNOWN"",""UNKNOWN"",""UNKNOWN"",""UNKNOWN"",""UNKNOWN"",""UNKNOWN"",""UNKNOWN"",""UNKNOWN"",""UNKNOWN"",""UNKNOWN"",""UNKNOWN"",""UNKNOWN""]","[null,null,null,null,null,null,null,null,null,null,null,null,null]",,/data1/Kane/ACT/audit_results/r93_rerun_20260525T083118Z/round5_aftersimplify_20260526T234325Z/lsnc_relu_cpu/per_instance_lsnc_relu_20260527T010754760632Z.json
round5_cpu,64,UNKNOWN,UNKNOWN,UNKNOWN,UNKNOWN,9.527,,False,,PASSED,,onnx/relu_quadrotor2d_state.onnx,vnnlib/quadrotor2d_state_64.vnnlib,"[""UNKNOWN"",""UNKNOWN"",""UNKNOWN"",""UNKNOWN"",""UNKNOWN"",""UNKNOWN"",""UNKNOWN"",""UNKNOWN"",""UNKNOWN"",""UNKNOWN"",""UNKNOWN"",""UNKNOWN"",""UNKNOWN""]","[""UNKNOWN"",""UNKNOWN"",""UNKNOWN"",""UNKNOWN"",""UNKNOWN"",""UNKNOWN"",""UNKNOWN"",""UNKNOWN"",""UNKNOWN"",""UNKNOWN"",""UNKNOWN"",""UNKNOWN"",""UNKNOWN""]","[null,null,null,null,null,null,null,null,null,null,null,null,null]",,/data1/Kane/ACT/audit_results/r93_rerun_20260525T083118Z/round5_aftersimplify_20260526T234325Z/lsnc_relu_cpu/per_instance_lsnc_relu_20260527T010808986367Z.json
round5_cpu,65,UNKNOWN,UNKNOWN,UNKNOWN,UNKNOWN,1.544,,False,,PASSED,,onnx/relu_quadrotor2d_state.onnx,vnnlib/quadrotor2d_state_65.vnnlib,"[""UNKNOWN"",""UNKNOWN"",""UNKNOWN"",""UNKNOWN"",""UNKNOWN"",""UNKNOWN"",""UNKNOWN"",""UNKNOWN"",""UNKNOWN"",""UNKNOWN"",""UNKNOWN"",""UNKNOWN"",""UNKNOWN""]","[""UNKNOWN"",""UNKNOWN"",""UNKNOWN"",""UNKNOWN"",""UNKNOWN"",""UNKNOWN"",""UNKNOWN"",""UNKNOWN"",""UNKNOWN"",""UNKNOWN"",""UNKNOWN"",""UNKNOWN"",""UNKNOWN""]","[null,null,null,null,null,null,null,null,null,null,null,null,null]",,/data1/Kane/ACT/audit_results/r93_rerun_20260525T083118Z/round5_aftersimplify_20260526T234325Z/lsnc_relu_cpu/per_instance_lsnc_relu_20260527T010814643457Z.json
round5_cpu,66,UNKNOWN,UNKNOWN,UNKNOWN,UNKNOWN,1.851,,False,,PASSED,,onnx/relu_quadrotor2d_state.onnx,vnnlib/quadrotor2d_state_66.vnnlib,"[""UNKNOWN"",""UNKNOWN"",""UNKNOWN"",""UNKNOWN"",""UNKNOWN"",""UNKNOWN"",""UNKNOWN"",""UNKNOWN"",""UNKNOWN"",""UNKNOWN"",""UNKNOWN"",""UNKNOWN"",""UNKNOWN""]","[""UNKNOWN"",""UNKNOWN"",""UNKNOWN"",""UNKNOWN"",""UNKNOWN"",""UNKNOWN"",""UNKNOWN"",""UNKNOWN"",""UNKNOWN"",""UNKNOWN"",""UNKNOWN"",""UNKNOWN"",""UNKNOWN""]","[null,null,null,null,null,null,null,null,null,null,null,null,null]",,/data1/Kane/ACT/audit_results/r93_rerun_20260525T083118Z/round5_aftersimplify_20260526T234325Z/lsnc_relu_cpu/per_instance_lsnc_relu_20260527T010820319798Z.json
round5_cpu,67,UNKNOWN,UNKNOWN,UNKNOWN,UNKNOWN,1.509,,False,,PASSED,,onnx/relu_quadrotor2d_state.onnx,vnnlib/quadrotor2d_state_67.vnnlib,"[""UNKNOWN"",""UNKNOWN"",""UNKNOWN"",""UNKNOWN"",""UNKNOWN"",""UNKNOWN"",""UNKNOWN"",""UNKNOWN"",""UNKNOWN"",""UNKNOWN"",""UNKNOWN"",""UNKNOWN"",""UNKNOWN""]","[""UNKNOWN"",""UNKNOWN"",""UNKNOWN"",""UNKNOWN"",""UNKNOWN"",""UNKNOWN"",""UNKNOWN"",""UNKNOWN"",""UNKNOWN"",""UNKNOWN"",""UNKNOWN"",""UNKNOWN"",""UNKNOWN""]","[null,null,null,null,null,null,null,null,null,null,null,null,null]",,/data1/Kane/ACT/audit_results/r93_rerun_20260525T083118Z/round5_aftersimplify_20260526T234325Z/lsnc_relu_cpu/per_instance_lsnc_relu_20260527T010825501513Z.json
round5_cpu,68,UNKNOWN,UNKNOWN,UNKNOWN,UNKNOWN,1.631,,False,,PASSED,,onnx/relu_quadrotor2d_state.onnx,vnnlib/quadrotor2d_state_68.vnnlib,"[""UNKNOWN"",""UNKNOWN"",""UNKNOWN"",""UNKNOWN"",""UNKNOWN"",""UNKNOWN"",""UNKNOWN"",""UNKNOWN"",""UNKNOWN"",""UNKNOWN"",""UNKNOWN"",""UNKNOWN"",""UNKNOWN""]","[""UNKNOWN"",""UNKNOWN"",""UNKNOWN"",""UNKNOWN"",""UNKNOWN"",""UNKNOWN"",""UNKNOWN"",""UNKNOWN"",""UNKNOWN"",""UNKNOWN"",""UNKNOWN"",""UNKNOWN"",""UNKNOWN""]","[null,null,null,null,null,null,null,null,null,null,null,null,null]",,/data1/Kane/ACT/audit_results/r93_rerun_20260525T083118Z/round5_aftersimplify_20260526T234325Z/lsnc_relu_cpu/per_instance_lsnc_relu_20260527T010831235641Z.json
round5_cpu,69,UNKNOWN,UNKNOWN,UNKNOWN,UNKNOWN,1.525,,False,,PASSED,,onnx/relu_quadrotor2d_state.onnx,vnnlib/quadrotor2d_state_69.vnnlib,"[""UNKNOWN"",""UNKNOWN"",""UNKNOWN"",""UNKNOWN"",""UNKNOWN"",""UNKNOWN"",""UNKNOWN"",""UNKNOWN"",""UNKNOWN"",""UNKNOWN"",""UNKNOWN"",""UNKNOWN"",""UNKNOWN""]","[""UNKNOWN"",""UNKNOWN"",""UNKNOWN"",""UNKNOWN"",""UNKNOWN"",""UNKNOWN"",""UNKNOWN"",""UNKNOWN"",""UNKNOWN"",""UNKNOWN"",""UNKNOWN"",""UNKNOWN"",""UNKNOWN""]","[null,null,null,null,null,null,null,null,null,null,null,null,null]",,/data1/Kane/ACT/audit_results/r93_rerun_20260525T083118Z/round5_aftersimplify_20260526T234325Z/lsnc_relu_cpu/per_instance_lsnc_relu_20260527T010836534923Z.json
round5_cpu,7,UNKNOWN,UNKNOWN,UNKNOWN,UNKNOWN,4.555,,False,,PASSED,,onnx/relu_quadrotor2d_state.onnx,vnnlib/quadrotor2d_state_7.vnnlib,"[""UNKNOWN"",""UNKNOWN"",""UNKNOWN"",""UNKNOWN"",""UNKNOWN"",""UNKNOWN"",""UNKNOWN"",""UNKNOWN"",""UNKNOWN"",""UNKNOWN"",""UNKNOWN"",""UNKNOWN"",""UNKNOWN""]","[""UNKNOWN"",""UNKNOWN"",""UNKNOWN"",""UNKNOWN"",""UNKNOWN"",""UNKNOWN"",""UNKNOWN"",""UNKNOWN"",""UNKNOWN"",""UNKNOWN"",""UNKNOWN"",""UNKNOWN"",""UNKNOWN""]","[null,null,null,null,null,null,null,null,null,null,null,null,null]",,/data1/Kane/ACT/audit_results/r93_rerun_20260525T083118Z/round5_aftersimplify_20260526T234325Z/lsnc_relu_cpu/per_instance_lsnc_relu_20260527T010010820469Z.json
round5_cpu,70,UNKNOWN,UNKNOWN,UNKNOWN,UNKNOWN,1.292,,False,,PASSED,,onnx/relu_quadrotor2d_state.onnx,vnnlib/quadrotor2d_state_70.vnnlib,"[""UNKNOWN"",""UNKNOWN"",""UNKNOWN"",""UNKNOWN"",""UNKNOWN"",""UNKNOWN"",""UNKNOWN"",""UNKNOWN"",""UNKNOWN"",""UNKNOWN"",""UNKNOWN"",""UNKNOWN"",""UNKNOWN""]","[""UNKNOWN"",""UNKNOWN"",""UNKNOWN"",""UNKNOWN"",""UNKNOWN"",""UNKNOWN"",""UNKNOWN"",""UNKNOWN"",""UNKNOWN"",""UNKNOWN"",""UNKNOWN"",""UNKNOWN"",""UNKNOWN""]","[null,null,null,null,null,null,null,null,null,null,null,null,null]",,/data1/Kane/ACT/audit_results/r93_rerun_20260525T083118Z/round5_aftersimplify_20260526T234325Z/lsnc_relu_cpu/per_instance_lsnc_relu_20260527T010841819147Z.json
round5_cpu,71,UNKNOWN,UNKNOWN,UNKNOWN,UNKNOWN,4.195,,False,,PASSED,,onnx/relu_quadrotor2d_state.onnx,vnnlib/quadrotor2d_state_71.vnnlib,"[""UNKNOWN"",""UNKNOWN"",""UNKNOWN"",""UNKNOWN"",""UNKNOWN"",""UNKNOWN"",""UNKNOWN"",""UNKNOWN"",""UNKNOWN"",""UNKNOWN"",""UNKNOWN"",""UNKNOWN"",""UNKNOWN""]","[""UNKNOWN"",""UNKNOWN"",""UNKNOWN"",""UNKNOWN"",""UNKNOWN"",""UNKNOWN"",""UNKNOWN"",""UNKNOWN"",""UNKNOWN"",""UNKNOWN"",""UNKNOWN"",""UNKNOWN"",""UNKNOWN""]","[null,null,null,null,null,null,null,null,null,null,null,null,null]",,/data1/Kane/ACT/audit_results/r93_rerun_20260525T083118Z/round5_aftersimplify_20260526T234325Z/lsnc_relu_cpu/per_instance_lsnc_relu_20260527T010849616293Z.json
round5_cpu,72,UNKNOWN,UNKNOWN,UNKNOWN,UNKNOWN,1.255,,False,,PASSED,,onnx/relu_quadrotor2d_state.onnx,vnnlib/quadrotor2d_state_72.vnnlib,"[""UNKNOWN"",""UNKNOWN"",""UNKNOWN"",""UNKNOWN"",""UNKNOWN"",""UNKNOWN"",""UNKNOWN"",""UNKNOWN"",""UNKNOWN"",""UNKNOWN"",""UNKNOWN"",""UNKNOWN"",""UNKNOWN""]","[""UNKNOWN"",""UNKNOWN"",""UNKNOWN"",""UNKNOWN"",""UNKNOWN"",""UNKNOWN"",""UNKNOWN"",""UNKNOWN"",""UNKNOWN"",""UNKNOWN"",""UNKNOWN"",""UNKNOWN"",""UNKNOWN""]","[null,null,null,null,null,null,null,null,null,null,null,null,null]",,/data1/Kane/ACT/audit_results/r93_rerun_20260525T083118Z/round5_aftersimplify_20260526T234325Z/lsnc_relu_cpu/per_instance_lsnc_relu_20260527T010854627405Z.json
round5_cpu,73,UNKNOWN,UNKNOWN,UNKNOWN,UNKNOWN,1.447,,False,,PASSED,,onnx/relu_quadrotor2d_state.onnx,vnnlib/quadrotor2d_state_73.vnnlib,"[""UNKNOWN"",""UNKNOWN"",""UNKNOWN"",""UNKNOWN"",""UNKNOWN"",""UNKNOWN"",""UNKNOWN"",""UNKNOWN"",""UNKNOWN"",""UNKNOWN"",""UNKNOWN"",""UNKNOWN"",""UNKNOWN""]","[""UNKNOWN"",""UNKNOWN"",""UNKNOWN"",""UNKNOWN"",""UNKNOWN"",""UNKNOWN"",""UNKNOWN"",""UNKNOWN"",""UNKNOWN"",""UNKNOWN"",""UNKNOWN"",""UNKNOWN"",""UNKNOWN""]","[null,null,null,null,null,null,null,null,null,null,null,null,null]",,/data1/Kane/ACT/audit_results/r93_rerun_20260525T083118Z/round5_aftersimplify_20260526T234325Z/lsnc_relu_cpu/per_instance_lsnc_relu_20260527T010859826179Z.json
round5_cpu,74,UNKNOWN,UNKNOWN,UNKNOWN,UNKNOWN,1.291,,False,,PASSED,,onnx/relu_quadrotor2d_state.onnx,vnnlib/quadrotor2d_state_74.vnnlib,"[""UNKNOWN"",""UNKNOWN"",""UNKNOWN"",""UNKNOWN"",""UNKNOWN"",""UNKNOWN"",""UNKNOWN"",""UNKNOWN"",""UNKNOWN"",""UNKNOWN"",""UNKNOWN"",""UNKNOWN"",""UNKNOWN""]","[""UNKNOWN"",""UNKNOWN"",""UNKNOWN"",""UNKNOWN"",""UNKNOWN"",""UNKNOWN"",""UNKNOWN"",""UNKNOWN"",""UNKNOWN"",""UNKNOWN"",""UNKNOWN"",""UNKNOWN"",""UNKNOWN""]","[null,null,null,null,null,null,null,null,null,null,null,null,null]",,/data1/Kane/ACT/audit_results/r93_rerun_20260525T083118Z/round5_aftersimplify_20260526T234325Z/lsnc_relu_cpu/per_instance_lsnc_relu_20260527T010904815483Z.json
round5_cpu,75,UNKNOWN,UNKNOWN,UNKNOWN,UNKNOWN,1.645,,False,,PASSED,,onnx/relu_quadrotor2d_state.onnx,vnnlib/quadrotor2d_state_75.vnnlib,"[""UNKNOWN"",""UNKNOWN"",""UNKNOWN"",""UNKNOWN"",""UNKNOWN"",""UNKNOWN"",""UNKNOWN"",""UNKNOWN"",""UNKNOWN"",""UNKNOWN"",""UNKNOWN"",""UNKNOWN"",""UNKNOWN""]","[""UNKNOWN"",""UNKNOWN"",""UNKNOWN"",""UNKNOWN"",""UNKNOWN"",""UNKNOWN"",""UNKNOWN"",""UNKNOWN"",""UNKNOWN"",""UNKNOWN"",""UNKNOWN"",""UNKNOWN"",""UNKNOWN""]","[null,null,null,null,null,null,null,null,null,null,null,null,null]",,/data1/Kane/ACT/audit_results/r93_rerun_20260525T083118Z/round5_aftersimplify_20260526T234325Z/lsnc_relu_cpu/per_instance_lsnc_relu_20260527T010910154422Z.json
round5_cpu,76,UNKNOWN,UNKNOWN,UNKNOWN,UNKNOWN,4.144,,False,,PASSED,,onnx/relu_quadrotor2d_state.onnx,vnnlib/quadrotor2d_state_76.vnnlib,"[""UNKNOWN"",""UNKNOWN"",""UNKNOWN"",""UNKNOWN"",""UNKNOWN"",""UNKNOWN"",""UNKNOWN"",""UNKNOWN"",""UNKNOWN"",""UNKNOWN"",""UNKNOWN"",""UNKNOWN"",""UNKNOWN""]","[""UNKNOWN"",""UNKNOWN"",""UNKNOWN"",""UNKNOWN"",""UNKNOWN"",""UNKNOWN"",""UNKNOWN"",""UNKNOWN"",""UNKNOWN"",""UNKNOWN"",""UNKNOWN"",""UNKNOWN"",""UNKNOWN""]","[null,null,null,null,null,null,null,null,null,null,null,null,null]",,/data1/Kane/ACT/audit_results/r93_rerun_20260525T083118Z/round5_aftersimplify_20260526T234325Z/lsnc_relu_cpu/per_instance_lsnc_relu_20260527T010918100749Z.json
round5_cpu,77,UNKNOWN,UNKNOWN,UNKNOWN,UNKNOWN,3.141,,False,,PASSED,,onnx/relu_quadrotor2d_state.onnx,vnnlib/quadrotor2d_state_77.vnnlib,"[""UNKNOWN"",""UNKNOWN"",""UNKNOWN"",""UNKNOWN"",""UNKNOWN"",""UNKNOWN"",""UNKNOWN"",""UNKNOWN"",""UNKNOWN"",""UNKNOWN"",""UNKNOWN"",""UNKNOWN"",""UNKNOWN""]","[""UNKNOWN"",""UNKNOWN"",""UNKNOWN"",""UNKNOWN"",""UNKNOWN"",""UNKNOWN"",""UNKNOWN"",""UNKNOWN"",""UNKNOWN"",""UNKNOWN"",""UNKNOWN"",""UNKNOWN"",""UNKNOWN""]","[null,null,null,null,null,null,null,null,null,null,null,null,null]",,/data1/Kane/ACT/audit_results/r93_rerun_20260525T083118Z/round5_aftersimplify_20260526T234325Z/lsnc_relu_cpu/per_instance_lsnc_relu_20260527T010924618754Z.json
round5_cpu,78,UNKNOWN,UNKNOWN,UNKNOWN,UNKNOWN,1.983,,False,,PASSED,,onnx/relu_quadrotor2d_state.onnx,vnnlib/quadrotor2d_state_78.vnnlib,"[""UNKNOWN"",""UNKNOWN"",""UNKNOWN"",""UNKNOWN"",""UNKNOWN"",""UNKNOWN"",""UNKNOWN"",""UNKNOWN"",""UNKNOWN"",""UNKNOWN"",""UNKNOWN"",""UNKNOWN"",""UNKNOWN""]","[""UNKNOWN"",""UNKNOWN"",""UNKNOWN"",""UNKNOWN"",""UNKNOWN"",""UNKNOWN"",""UNKNOWN"",""UNKNOWN"",""UNKNOWN"",""UNKNOWN"",""UNKNOWN"",""UNKNOWN"",""UNKNOWN""]","[null,null,null,null,null,null,null,null,null,null,null,null,null]",,/data1/Kane/ACT/audit_results/r93_rerun_20260525T083118Z/round5_aftersimplify_20260526T234325Z/lsnc_relu_cpu/per_instance_lsnc_relu_20260527T010930768871Z.json
round5_cpu,79,UNKNOWN,UNKNOWN,UNKNOWN,UNKNOWN,1.611,,False,,PASSED,,onnx/relu_quadrotor2d_state.onnx,vnnlib/quadrotor2d_state_79.vnnlib,"[""UNKNOWN"",""UNKNOWN"",""UNKNOWN"",""UNKNOWN"",""UNKNOWN"",""UNKNOWN"",""UNKNOWN"",""UNKNOWN"",""UNKNOWN"",""UNKNOWN"",""UNKNOWN"",""UNKNOWN"",""UNKNOWN""]","[""UNKNOWN"",""UNKNOWN"",""UNKNOWN"",""UNKNOWN"",""UNKNOWN"",""UNKNOWN"",""UNKNOWN"",""UNKNOWN"",""UNKNOWN"",""UNKNOWN"",""UNKNOWN"",""UNKNOWN"",""UNKNOWN""]","[null,null,null,null,null,null,null,null,null,null,null,null,null]",,/data1/Kane/ACT/audit_results/r93_rerun_20260525T083118Z/round5_aftersimplify_20260526T234325Z/lsnc_relu_cpu/per_instance_lsnc_relu_20260527T010936222519Z.json
round5_cpu,8,UNKNOWN,UNKNOWN,UNKNOWN,UNKNOWN,8.919,,False,,PASSED,,onnx/relu_quadrotor2d_state.onnx,vnnlib/quadrotor2d_state_8.vnnlib,"[""UNKNOWN"",""UNKNOWN"",""UNKNOWN"",""UNKNOWN"",""UNKNOWN"",""UNKNOWN"",""UNKNOWN"",""UNKNOWN"",""UNKNOWN"",""UNKNOWN"",""UNKNOWN"",""UNKNOWN"",""UNKNOWN""]","[""UNKNOWN"",""UNKNOWN"",""UNKNOWN"",""UNKNOWN"",""UNKNOWN"",""UNKNOWN"",""UNKNOWN"",""UNKNOWN"",""UNKNOWN"",""UNKNOWN"",""UNKNOWN"",""UNKNOWN"",""UNKNOWN""]","[null,null,null,null,null,null,null,null,null,null,null,null,null]",,/data1/Kane/ACT/audit_results/r93_rerun_20260525T083118Z/round5_aftersimplify_20260526T234325Z/lsnc_relu_cpu/per_instance_lsnc_relu_20260527T010023616002Z.json
round5_cpu,9,UNKNOWN,UNKNOWN,UNKNOWN,UNKNOWN,7.64,,False,,PASSED,,onnx/relu_quadrotor2d_state.onnx,vnnlib/quadrotor2d_state_9.vnnlib,"[""UNKNOWN"",""UNKNOWN"",""UNKNOWN"",""UNKNOWN"",""UNKNOWN"",""UNKNOWN"",""UNKNOWN"",""UNKNOWN"",""UNKNOWN"",""UNKNOWN"",""UNKNOWN"",""UNKNOWN"",""UNKNOWN""]","[""UNKNOWN"",""UNKNOWN"",""UNKNOWN"",""UNKNOWN"",""UNKNOWN"",""UNKNOWN"",""UNKNOWN"",""UNKNOWN"",""UNKNOWN"",""UNKNOWN"",""UNKNOWN"",""UNKNOWN"",""UNKNOWN""]","[null,null,null,null,null,null,null,null,null,null,null,null,null]",,/data1/Kane/ACT/audit_results/r93_rerun_20260525T083118Z/round5_aftersimplify_20260526T234325Z/lsnc_relu_cpu/per_instance_lsnc_relu_20260527T010034942674Z.json
round5_cuda,0,UNKNOWN,UNKNOWN,UNKNOWN,UNKNOWN,6.352,,False,,PASSED,,onnx/relu_quadrotor2d_state.onnx,vnnlib/quadrotor2d_state_0.vnnlib,"[""UNKNOWN"",""UNKNOWN"",""UNKNOWN"",""UNKNOWN"",""UNKNOWN"",""UNKNOWN"",""UNKNOWN"",""UNKNOWN"",""UNKNOWN"",""UNKNOWN"",""UNKNOWN"",""UNKNOWN"",""UNKNOWN""]","[""UNKNOWN"",""UNKNOWN"",""UNKNOWN"",""UNKNOWN"",""UNKNOWN"",""UNKNOWN"",""UNKNOWN"",""UNKNOWN"",""UNKNOWN"",""UNKNOWN"",""UNKNOWN"",""UNKNOWN"",""UNKNOWN""]","[null,null,null,null,null,null,null,null,null,null,null,null,null]",,/data1/Kane/ACT/audit_results/r93_rerun_20260525T083118Z/round5_aftersimplify_20260526T234325Z/lsnc_relu_cuda/per_instance_lsnc_relu_20260527T010949488375Z.json
round5_cuda,1,UNKNOWN,UNKNOWN,UNKNOWN,UNKNOWN,3.099,,False,,PASSED,,onnx/relu_quadrotor2d_state.onnx,vnnlib/quadrotor2d_state_1.vnnlib,"[""UNKNOWN"",""UNKNOWN"",""UNKNOWN"",""UNKNOWN"",""UNKNOWN"",""UNKNOWN"",""UNKNOWN"",""UNKNOWN"",""UNKNOWN"",""UNKNOWN"",""UNKNOWN"",""UNKNOWN"",""UNKNOWN""]","[""UNKNOWN"",""UNKNOWN"",""UNKNOWN"",""UNKNOWN"",""UNKNOWN"",""UNKNOWN"",""UNKNOWN"",""UNKNOWN"",""UNKNOWN"",""UNKNOWN"",""UNKNOWN"",""UNKNOWN"",""UNKNOWN""]","[null,null,null,null,null,null,null,null,null,null,null,null,null]",,/data1/Kane/ACT/audit_results/r93_rerun_20260525T083118Z/round5_aftersimplify_20260526T234325Z/lsnc_relu_cuda/per_instance_lsnc_relu_20260527T010956206607Z.json
round5_cuda,10,UNKNOWN,UNKNOWN,UNKNOWN,UNKNOWN,3.363,,False,,PASSED,,onnx/relu_quadrotor2d_state.onnx,vnnlib/quadrotor2d_state_10.vnnlib,"[""UNKNOWN"",""UNKNOWN"",""UNKNOWN"",""UNKNOWN"",""UNKNOWN"",""UNKNOWN"",""UNKNOWN"",""UNKNOWN"",""UNKNOWN"",""UNKNOWN"",""UNKNOWN"",""UNKNOWN"",""UNKNOWN""]","[""UNKNOWN"",""UNKNOWN"",""UNKNOWN"",""UNKNOWN"",""UNKNOWN"",""UNKNOWN"",""UNKNOWN"",""UNKNOWN"",""UNKNOWN"",""UNKNOWN"",""UNKNOWN"",""UNKNOWN"",""UNKNOWN""]","[null,null,null,null,null,null,null,null,null,null,null,null,null]",,/data1/Kane/ACT/audit_results/r93_rerun_20260525T083118Z/round5_aftersimplify_20260526T234325Z/lsnc_relu_cuda/per_instance_lsnc_relu_20260527T011125081751Z.json
round5_cuda,11,UNKNOWN,UNKNOWN,UNKNOWN,UNKNOWN,3.53,,False,,PASSED,,onnx/relu_quadrotor2d_state.onnx,vnnlib/quadrotor2d_state_11.vnnlib,"[""UNKNOWN"",""UNKNOWN"",""UNKNOWN"",""UNKNOWN"",""UNKNOWN"",""UNKNOWN"",""UNKNOWN"",""UNKNOWN"",""UNKNOWN"",""UNKNOWN"",""UNKNOWN"",""UNKNOWN"",""UNKNOWN""]","[""UNKNOWN"",""UNKNOWN"",""UNKNOWN"",""UNKNOWN"",""UNKNOWN"",""UNKNOWN"",""UNKNOWN"",""UNKNOWN"",""UNKNOWN"",""UNKNOWN"",""UNKNOWN"",""UNKNOWN"",""UNKNOWN""]","[null,null,null,null,null,null,null,null,null,null,null,null,null]",,/data1/Kane/ACT/audit_results/r93_rerun_20260525T083118Z/round5_aftersimplify_20260526T234325Z/lsnc_relu_cuda/per_instance_lsnc_relu_20260527T011132389146Z.json
round5_cuda,12,UNKNOWN,UNKNOWN,UNKNOWN,UNKNOWN,2.82,,False,,PASSED,,onnx/relu_quadrotor2d_state.onnx,vnnlib/quadrotor2d_state_12.vnnlib,"[""UNKNOWN"",""UNKNOWN"",""UNKNOWN"",""UNKNOWN"",""UNKNOWN"",""UNKNOWN"",""UNKNOWN"",""UNKNOWN"",""UNKNOWN"",""UNKNOWN"",""UNKNOWN"",""UNKNOWN"",""UNKNOWN""]","[""UNKNOWN"",""UNKNOWN"",""UNKNOWN"",""UNKNOWN"",""UNKNOWN"",""UNKNOWN"",""UNKNOWN"",""UNKNOWN"",""UNKNOWN"",""UNKNOWN"",""UNKNOWN"",""UNKNOWN"",""UNKNOWN""]","[null,null,null,null,null,null,null,null,null,null,null,null,null]",,/data1/Kane/ACT/audit_results/r93_rerun_20260525T083118Z/round5_aftersimplify_20260526T234325Z/lsnc_relu_cuda/per_instance_lsnc_relu_20260527T011139203236Z.json
round5_cuda,13,UNKNOWN,UNKNOWN,UNKNOWN,UNKNOWN,3.276,,False,,PASSED,,onnx/relu_quadrotor2d_state.onnx,vnnlib/quadrotor2d_state_13.vnnlib,"[""UNKNOWN"",""UNKNOWN"",""UNKNOWN"",""UNKNOWN"",""UNKNOWN"",""UNKNOWN"",""UNKNOWN"",""UNKNOWN"",""UNKNOWN"",""UNKNOWN"",""UNKNOWN"",""UNKNOWN"",""UNKNOWN""]","[""UNKNOWN"",""UNKNOWN"",""UNKNOWN"",""UNKNOWN"",""UNKNOWN"",""UNKNOWN"",""UNKNOWN"",""UNKNOWN"",""UNKNOWN"",""UNKNOWN"",""UNKNOWN"",""UNKNOWN"",""UNKNOWN""]","[null,null,null,null,null,null,null,null,null,null,null,null,null]",,/data1/Kane/ACT/audit_results/r93_rerun_20260525T083118Z/round5_aftersimplify_20260526T234325Z/lsnc_relu_cuda/per_instance_lsnc_relu_20260527T011146563194Z.json
round5_cuda,14,UNKNOWN,UNKNOWN,UNKNOWN,UNKNOWN,4.132,,False,,PASSED,,onnx/relu_quadrotor2d_state.onnx,vnnlib/quadrotor2d_state_14.vnnlib,"[""UNKNOWN"",""UNKNOWN"",""UNKNOWN"",""UNKNOWN"",""UNKNOWN"",""UNKNOWN"",""UNKNOWN"",""UNKNOWN"",""UNKNOWN"",""UNKNOWN"",""UNKNOWN"",""UNKNOWN"",""UNKNOWN""]","[""UNKNOWN"",""UNKNOWN"",""UNKNOWN"",""UNKNOWN"",""UNKNOWN"",""UNKNOWN"",""UNKNOWN"",""UNKNOWN"",""UNKNOWN"",""UNKNOWN"",""UNKNOWN"",""UNKNOWN"",""UNKNOWN""]","[null,null,null,null,null,null,null,null,null,null,null,null,null]",,/data1/Kane/ACT/audit_results/r93_rerun_20260525T083118Z/round5_aftersimplify_20260526T234325Z/lsnc_relu_cuda/per_instance_lsnc_relu_20260527T011154513611Z.json
round5_cuda,15,UNKNOWN,UNKNOWN,UNKNOWN,UNKNOWN,3.981,,False,,PASSED,,onnx/relu_quadrotor2d_state.onnx,vnnlib/quadrotor2d_state_15.vnnlib,"[""UNKNOWN"",""UNKNOWN"",""UNKNOWN"",""UNKNOWN"",""UNKNOWN"",""UNKNOWN"",""UNKNOWN"",""UNKNOWN"",""UNKNOWN"",""UNKNOWN"",""UNKNOWN"",""UNKNOWN"",""UNKNOWN""]","[""UNKNOWN"",""UNKNOWN"",""UNKNOWN"",""UNKNOWN"",""UNKNOWN"",""UNKNOWN"",""UNKNOWN"",""UNKNOWN"",""UNKNOWN"",""UNKNOWN"",""UNKNOWN"",""UNKNOWN"",""UNKNOWN""]","[null,null,null,null,null,null,null,null,null,null,null,null,null]",,/data1/Kane/ACT/audit_results/r93_rerun_20260525T083118Z/round5_aftersimplify_20260526T234325Z/lsnc_relu_cuda/per_instance_lsnc_relu_20260527T011202301693Z.json
round5_cuda,16,UNKNOWN,UNKNOWN,UNKNOWN,UNKNOWN,2.849,,False,,PASSED,,onnx/relu_quadrotor2d_state.onnx,vnnlib/quadrotor2d_state_16.vnnlib,"[""UNKNOWN"",""UNKNOWN"",""UNKNOWN"",""UNKNOWN"",""UNKNOWN"",""UNKNOWN"",""UNKNOWN"",""UNKNOWN"",""UNKNOWN"",""UNKNOWN"",""UNKNOWN"",""UNKNOWN"",""UNKNOWN""]","[""UNKNOWN"",""UNKNOWN"",""UNKNOWN"",""UNKNOWN"",""UNKNOWN"",""UNKNOWN"",""UNKNOWN"",""UNKNOWN"",""UNKNOWN"",""UNKNOWN"",""UNKNOWN"",""UNKNOWN"",""UNKNOWN""]","[null,null,null,null,null,null,null,null,null,null,null,null,null]",,/data1/Kane/ACT/audit_results/r93_rerun_20260525T083118Z/round5_aftersimplify_20260526T234325Z/lsnc_relu_cuda/per_instance_lsnc_relu_20260527T011209044661Z.json
round5_cuda,17,UNKNOWN,UNKNOWN,UNKNOWN,UNKNOWN,2.772,,False,,PASSED,,onnx/relu_quadrotor2d_state.onnx,vnnlib/quadrotor2d_state_17.vnnlib,"[""UNKNOWN"",""UNKNOWN"",""UNKNOWN"",""UNKNOWN"",""UNKNOWN"",""UNKNOWN"",""UNKNOWN"",""UNKNOWN"",""UNKNOWN"",""UNKNOWN"",""UNKNOWN"",""UNKNOWN"",""UNKNOWN""]","[""UNKNOWN"",""UNKNOWN"",""UNKNOWN"",""UNKNOWN"",""UNKNOWN"",""UNKNOWN"",""UNKNOWN"",""UNKNOWN"",""UNKNOWN"",""UNKNOWN"",""UNKNOWN"",""UNKNOWN"",""UNKNOWN""]","[null,null,null,null,null,null,null,null,null,null,null,null,null]",,/data1/Kane/ACT/audit_results/r93_rerun_20260525T083118Z/round5_aftersimplify_20260526T234325Z/lsnc_relu_cuda/per_instance_lsnc_relu_20260527T011215544381Z.json
round5_cuda,18,UNKNOWN,UNKNOWN,UNKNOWN,UNKNOWN,3.048,,False,,PASSED,,onnx/relu_quadrotor2d_state.onnx,vnnlib/quadrotor2d_state_18.vnnlib,"[""UNKNOWN"",""UNKNOWN"",""UNKNOWN"",""UNKNOWN"",""UNKNOWN"",""UNKNOWN"",""UNKNOWN"",""UNKNOWN"",""UNKNOWN"",""UNKNOWN"",""UNKNOWN"",""UNKNOWN"",""UNKNOWN""]","[""UNKNOWN"",""UNKNOWN"",""UNKNOWN"",""UNKNOWN"",""UNKNOWN"",""UNKNOWN"",""UNKNOWN"",""UNKNOWN"",""UNKNOWN"",""UNKNOWN"",""UNKNOWN"",""UNKNOWN"",""UNKNOWN""]","[null,null,null,null,null,null,null,null,null,null,null,null,null]",,/data1/Kane/ACT/audit_results/r93_rerun_20260525T083118Z/round5_aftersimplify_20260526T234325Z/lsnc_relu_cuda/per_instance_lsnc_relu_20260527T011222300988Z.json
round5_cuda,19,UNKNOWN,UNKNOWN,UNKNOWN,UNKNOWN,2.99,,False,,PASSED,,onnx/relu_quadrotor2d_state.onnx,vnnlib/quadrotor2d_state_19.vnnlib,"[""UNKNOWN"",""UNKNOWN"",""UNKNOWN"",""UNKNOWN"",""UNKNOWN"",""UNKNOWN"",""UNKNOWN"",""UNKNOWN"",""UNKNOWN"",""UNKNOWN"",""UNKNOWN"",""UNKNOWN"",""UNKNOWN""]","[""UNKNOWN"",""UNKNOWN"",""UNKNOWN"",""UNKNOWN"",""UNKNOWN"",""UNKNOWN"",""UNKNOWN"",""UNKNOWN"",""UNKNOWN"",""UNKNOWN"",""UNKNOWN"",""UNKNOWN"",""UNKNOWN""]","[null,null,null,null,null,null,null,null,null,null,null,null,null]",,/data1/Kane/ACT/audit_results/r93_rerun_20260525T083118Z/round5_aftersimplify_20260526T234325Z/lsnc_relu_cuda/per_instance_lsnc_relu_20260527T011229330475Z.json
round5_cuda,2,UNKNOWN,UNKNOWN,UNKNOWN,UNKNOWN,9.084,,False,,PASSED,,onnx/relu_quadrotor2d_state.onnx,vnnlib/quadrotor2d_state_2.vnnlib,"[""UNKNOWN"",""UNKNOWN"",""UNKNOWN"",""UNKNOWN"",""UNKNOWN"",""UNKNOWN"",""UNKNOWN"",""UNKNOWN"",""UNKNOWN"",""UNKNOWN"",""UNKNOWN"",""UNKNOWN"",""UNKNOWN""]","[""UNKNOWN"",""UNKNOWN"",""UNKNOWN"",""UNKNOWN"",""UNKNOWN"",""UNKNOWN"",""UNKNOWN"",""UNKNOWN"",""UNKNOWN"",""UNKNOWN"",""UNKNOWN"",""UNKNOWN"",""UNKNOWN""]","[null,null,null,null,null,null,null,null,null,null,null,null,null]",,/data1/Kane/ACT/audit_results/r93_rerun_20260525T083118Z/round5_aftersimplify_20260526T234325Z/lsnc_relu_cuda/per_instance_lsnc_relu_20260527T011008745877Z.json
round5_cuda,20,UNKNOWN,UNKNOWN,UNKNOWN,UNKNOWN,2.907,,False,,PASSED,,onnx/relu_quadrotor2d_state.onnx,vnnlib/quadrotor2d_state_20.vnnlib,"[""UNKNOWN"",""UNKNOWN"",""UNKNOWN"",""UNKNOWN"",""UNKNOWN"",""UNKNOWN"",""UNKNOWN"",""UNKNOWN"",""UNKNOWN"",""UNKNOWN"",""UNKNOWN"",""UNKNOWN"",""UNKNOWN""]","[""UNKNOWN"",""UNKNOWN"",""UNKNOWN"",""UNKNOWN"",""UNKNOWN"",""UNKNOWN"",""UNKNOWN"",""UNKNOWN"",""UNKNOWN"",""UNKNOWN"",""UNKNOWN"",""UNKNOWN"",""UNKNOWN""]","[null,null,null,null,null,null,null,null,null,null,null,null,null]",,/data1/Kane/ACT/audit_results/r93_rerun_20260525T083118Z/round5_aftersimplify_20260526T234325Z/lsnc_relu_cuda/per_instance_lsnc_relu_20260527T011236324495Z.json
round5_cuda,21,UNKNOWN,UNKNOWN,UNKNOWN,UNKNOWN,2.829,,False,,PASSED,,onnx/relu_quadrotor2d_state.onnx,vnnlib/quadrotor2d_state_21.vnnlib,"[""UNKNOWN"",""UNKNOWN"",""UNKNOWN"",""UNKNOWN"",""UNKNOWN"",""UNKNOWN"",""UNKNOWN"",""UNKNOWN"",""UNKNOWN"",""UNKNOWN"",""UNKNOWN"",""UNKNOWN"",""UNKNOWN""]","[""UNKNOWN"",""UNKNOWN"",""UNKNOWN"",""UNKNOWN"",""UNKNOWN"",""UNKNOWN"",""UNKNOWN"",""UNKNOWN"",""UNKNOWN"",""UNKNOWN"",""UNKNOWN"",""UNKNOWN"",""UNKNOWN""]","[null,null,null,null,null,null,null,null,null,null,null,null,null]",,/data1/Kane/ACT/audit_results/r93_rerun_20260525T083118Z/round5_aftersimplify_20260526T234325Z/lsnc_relu_cuda/per_instance_lsnc_relu_20260527T011243346474Z.json
round5_cuda,22,UNKNOWN,UNKNOWN,UNKNOWN,UNKNOWN,3.018,,False,,PASSED,,onnx/relu_quadrotor2d_state.onnx,vnnlib/quadrotor2d_state_22.vnnlib,"[""UNKNOWN"",""UNKNOWN"",""UNKNOWN"",""UNKNOWN"",""UNKNOWN"",""UNKNOWN"",""UNKNOWN"",""UNKNOWN"",""UNKNOWN"",""UNKNOWN"",""UNKNOWN"",""UNKNOWN"",""UNKNOWN""]","[""UNKNOWN"",""UNKNOWN"",""UNKNOWN"",""UNKNOWN"",""UNKNOWN"",""UNKNOWN"",""UNKNOWN"",""UNKNOWN"",""UNKNOWN"",""UNKNOWN"",""UNKNOWN"",""UNKNOWN"",""UNKNOWN""]","[null,null,null,null,null,null,null,null,null,null,null,null,null]",,/data1/Kane/ACT/audit_results/r93_rerun_20260525T083118Z/round5_aftersimplify_20260526T234325Z/lsnc_relu_cuda/per_instance_lsnc_relu_20260527T011250531697Z.json
round5_cuda,23,UNKNOWN,UNKNOWN,UNKNOWN,UNKNOWN,2.934,,False,,PASSED,,onnx/relu_quadrotor2d_state.onnx,vnnlib/quadrotor2d_state_23.vnnlib,"[""UNKNOWN"",""UNKNOWN"",""UNKNOWN"",""UNKNOWN"",""UNKNOWN"",""UNKNOWN"",""UNKNOWN"",""UNKNOWN"",""UNKNOWN"",""UNKNOWN"",""UNKNOWN"",""UNKNOWN"",""UNKNOWN""]","[""UNKNOWN"",""UNKNOWN"",""UNKNOWN"",""UNKNOWN"",""UNKNOWN"",""UNKNOWN"",""UNKNOWN"",""UNKNOWN"",""UNKNOWN"",""UNKNOWN"",""UNKNOWN"",""UNKNOWN"",""UNKNOWN""]","[null,null,null,null,null,null,null,null,null,null,null,null,null]",,/data1/Kane/ACT/audit_results/r93_rerun_20260525T083118Z/round5_aftersimplify_20260526T234325Z/lsnc_relu_cuda/per_instance_lsnc_relu_20260527T011257381215Z.json
round5_cuda,24,UNKNOWN,UNKNOWN,UNKNOWN,UNKNOWN,2.628,,False,,PASSED,,onnx/relu_quadrotor2d_state.onnx,vnnlib/quadrotor2d_state_24.vnnlib,"[""UNKNOWN"",""UNKNOWN"",""UNKNOWN"",""UNKNOWN"",""UNKNOWN"",""UNKNOWN"",""UNKNOWN"",""UNKNOWN"",""UNKNOWN"",""UNKNOWN"",""UNKNOWN"",""UNKNOWN"",""UNKNOWN""]","[""UNKNOWN"",""UNKNOWN"",""UNKNOWN"",""UNKNOWN"",""UNKNOWN"",""UNKNOWN"",""UNKNOWN"",""UNKNOWN"",""UNKNOWN"",""UNKNOWN"",""UNKNOWN"",""UNKNOWN"",""UNKNOWN""]","[null,null,null,null,null,null,null,null,null,null,null,null,null]",,/data1/Kane/ACT/audit_results/r93_rerun_20260525T083118Z/round5_aftersimplify_20260526T234325Z/lsnc_relu_cuda/per_instance_lsnc_relu_20260527T011304081922Z.json
round5_cuda,25,UNKNOWN,UNKNOWN,UNKNOWN,UNKNOWN,2.99,,False,,PASSED,,onnx/relu_quadrotor2d_state.onnx,vnnlib/quadrotor2d_state_25.vnnlib,"[""UNKNOWN"",""UNKNOWN"",""UNKNOWN"",""UNKNOWN"",""UNKNOWN"",""UNKNOWN"",""UNKNOWN"",""UNKNOWN"",""UNKNOWN"",""UNKNOWN"",""UNKNOWN"",""UNKNOWN"",""UNKNOWN""]","[""UNKNOWN"",""UNKNOWN"",""UNKNOWN"",""UNKNOWN"",""UNKNOWN"",""UNKNOWN"",""UNKNOWN"",""UNKNOWN"",""UNKNOWN"",""UNKNOWN"",""UNKNOWN"",""UNKNOWN"",""UNKNOWN""]","[null,null,null,null,null,null,null,null,null,null,null,null,null]",,/data1/Kane/ACT/audit_results/r93_rerun_20260525T083118Z/round5_aftersimplify_20260526T234325Z/lsnc_relu_cuda/per_instance_lsnc_relu_20260527T011310913473Z.json
round5_cuda,26,UNKNOWN,UNKNOWN,UNKNOWN,UNKNOWN,5.675,,False,,PASSED,,onnx/relu_quadrotor2d_state.onnx,vnnlib/quadrotor2d_state_26.vnnlib,"[""UNKNOWN"",""UNKNOWN"",""UNKNOWN"",""UNKNOWN"",""UNKNOWN"",""UNKNOWN"",""UNKNOWN"",""UNKNOWN"",""UNKNOWN"",""UNKNOWN"",""UNKNOWN"",""UNKNOWN"",""UNKNOWN""]","[""UNKNOWN"",""UNKNOWN"",""UNKNOWN"",""UNKNOWN"",""UNKNOWN"",""UNKNOWN"",""UNKNOWN"",""UNKNOWN"",""UNKNOWN"",""UNKNOWN"",""UNKNOWN"",""UNKNOWN"",""UNKNOWN""]","[null,null,null,null,null,null,null,null,null,null,null,null,null]",,/data1/Kane/ACT/audit_results/r93_rerun_20260525T083118Z/round5_aftersimplify_20260526T234325Z/lsnc_relu_cuda/per_instance_lsnc_relu_20260527T011320552591Z.json
round5_cuda,27,UNKNOWN,UNKNOWN,UNKNOWN,UNKNOWN,6.772,,False,,PASSED,,onnx/relu_quadrotor2d_state.onnx,vnnlib/quadrotor2d_state_27.vnnlib,"[""UNKNOWN"",""UNKNOWN"",""UNKNOWN"",""UNKNOWN"",""UNKNOWN"",""UNKNOWN"",""UNKNOWN"",""UNKNOWN"",""UNKNOWN"",""UNKNOWN"",""UNKNOWN"",""UNKNOWN"",""UNKNOWN""]","[""UNKNOWN"",""UNKNOWN"",""UNKNOWN"",""UNKNOWN"",""UNKNOWN"",""UNKNOWN"",""UNKNOWN"",""UNKNOWN"",""UNKNOWN"",""UNKNOWN"",""UNKNOWN"",""UNKNOWN"",""UNKNOWN""]","[null,null,null,null,null,null,null,null,null,null,null,null,null]",,/data1/Kane/ACT/audit_results/r93_rerun_20260525T083118Z/round5_aftersimplify_20260526T234325Z/lsnc_relu_cuda/per_instance_lsnc_relu_20260527T011331185989Z.json
round5_cuda,28,UNKNOWN,UNKNOWN,UNKNOWN,UNKNOWN,5.881,,False,,PASSED,,onnx/relu_quadrotor2d_state.onnx,vnnlib/quadrotor2d_state_28.vnnlib,"[""UNKNOWN"",""UNKNOWN"",""UNKNOWN"",""UNKNOWN"",""UNKNOWN"",""UNKNOWN"",""UNKNOWN"",""UNKNOWN"",""UNKNOWN"",""UNKNOWN"",""UNKNOWN"",""UNKNOWN"",""UNKNOWN""]","[""UNKNOWN"",""UNKNOWN"",""UNKNOWN"",""UNKNOWN"",""UNKNOWN"",""UNKNOWN"",""UNKNOWN"",""UNKNOWN"",""UNKNOWN"",""UNKNOWN"",""UNKNOWN"",""UNKNOWN"",""UNKNOWN""]","[null,null,null,null,null,null,null,null,null,null,null,null,null]",,/data1/Kane/ACT/audit_results/r93_rerun_20260525T083118Z/round5_aftersimplify_20260526T234325Z/lsnc_relu_cuda/per_instance_lsnc_relu_20260527T011341490984Z.json
round5_cuda,29,UNKNOWN,UNKNOWN,UNKNOWN,UNKNOWN,2.994,,False,,PASSED,,onnx/relu_quadrotor2d_state.onnx,vnnlib/quadrotor2d_state_29.vnnlib,"[""UNKNOWN"",""UNKNOWN"",""UNKNOWN"",""UNKNOWN"",""UNKNOWN"",""UNKNOWN"",""UNKNOWN"",""UNKNOWN"",""UNKNOWN"",""UNKNOWN"",""UNKNOWN"",""UNKNOWN"",""UNKNOWN""]","[""UNKNOWN"",""UNKNOWN"",""UNKNOWN"",""UNKNOWN"",""UNKNOWN"",""UNKNOWN"",""UNKNOWN"",""UNKNOWN"",""UNKNOWN"",""UNKNOWN"",""UNKNOWN"",""UNKNOWN"",""UNKNOWN""]","[null,null,null,null,null,null,null,null,null,null,null,null,null]",,/data1/Kane/ACT/audit_results/r93_rerun_20260525T083118Z/round5_aftersimplify_20260526T234325Z/lsnc_relu_cuda/per_instance_lsnc_relu_20260527T011348515829Z.json
round5_cuda,3,UNKNOWN,UNKNOWN,UNKNOWN,UNKNOWN,8.0,,False,,PASSED,,onnx/relu_quadrotor2d_state.onnx,vnnlib/quadrotor2d_state_3.vnnlib,"[""UNKNOWN"",""UNKNOWN"",""UNKNOWN"",""UNKNOWN"",""UNKNOWN"",""UNKNOWN"",""UNKNOWN"",""UNKNOWN"",""UNKNOWN"",""UNKNOWN"",""UNKNOWN"",""UNKNOWN"",""UNKNOWN""]","[""UNKNOWN"",""UNKNOWN"",""UNKNOWN"",""UNKNOWN"",""UNKNOWN"",""UNKNOWN"",""UNKNOWN"",""UNKNOWN"",""UNKNOWN"",""UNKNOWN"",""UNKNOWN"",""UNKNOWN"",""UNKNOWN""]","[null,null,null,null,null,null,null,null,null,null,null,null,null]",,/data1/Kane/ACT/audit_results/r93_rerun_20260525T083118Z/round5_aftersimplify_20260526T234325Z/lsnc_relu_cuda/per_instance_lsnc_relu_20260527T011020724235Z.json
round5_cuda,30,UNKNOWN,UNKNOWN,UNKNOWN,UNKNOWN,2.814,,False,,PASSED,,onnx/relu_quadrotor2d_state.onnx,vnnlib/quadrotor2d_state_30.vnnlib,"[""UNKNOWN"",""UNKNOWN"",""UNKNOWN"",""UNKNOWN"",""UNKNOWN"",""UNKNOWN"",""UNKNOWN"",""UNKNOWN"",""UNKNOWN"",""UNKNOWN"",""UNKNOWN"",""UNKNOWN"",""UNKNOWN""]","[""UNKNOWN"",""UNKNOWN"",""UNKNOWN"",""UNKNOWN"",""UNKNOWN"",""UNKNOWN"",""UNKNOWN"",""UNKNOWN"",""UNKNOWN"",""UNKNOWN"",""UNKNOWN"",""UNKNOWN"",""UNKNOWN""]","[null,null,null,null,null,null,null,null,null,null,null,null,null]",,/data1/Kane/ACT/audit_results/r93_rerun_20260525T083118Z/round5_aftersimplify_20260526T234325Z/lsnc_relu_cuda/per_instance_lsnc_relu_20260527T011355260120Z.json
round5_cuda,31,UNKNOWN,UNKNOWN,UNKNOWN,UNKNOWN,2.635,,False,,PASSED,,onnx/relu_quadrotor2d_state.onnx,vnnlib/quadrotor2d_state_31.vnnlib,"[""UNKNOWN"",""UNKNOWN"",""UNKNOWN"",""UNKNOWN"",""UNKNOWN"",""UNKNOWN"",""UNKNOWN"",""UNKNOWN"",""UNKNOWN"",""UNKNOWN"",""UNKNOWN"",""UNKNOWN"",""UNKNOWN""]","[""UNKNOWN"",""UNKNOWN"",""UNKNOWN"",""UNKNOWN"",""UNKNOWN"",""UNKNOWN"",""UNKNOWN"",""UNKNOWN"",""UNKNOWN"",""UNKNOWN"",""UNKNOWN"",""UNKNOWN"",""UNKNOWN""]","[null,null,null,null,null,null,null,null,null,null,null,null,null]",,/data1/Kane/ACT/audit_results/r93_rerun_20260525T083118Z/round5_aftersimplify_20260526T234325Z/lsnc_relu_cuda/per_instance_lsnc_relu_20260527T011401608063Z.json
round5_cuda,32,UNKNOWN,UNKNOWN,UNKNOWN,UNKNOWN,4.321,,False,,PASSED,,onnx/relu_quadrotor2d_state.onnx,vnnlib/quadrotor2d_state_32.vnnlib,"[""UNKNOWN"",""UNKNOWN"",""UNKNOWN"",""UNKNOWN"",""UNKNOWN"",""UNKNOWN"",""UNKNOWN"",""UNKNOWN"",""UNKNOWN"",""UNKNOWN"",""UNKNOWN"",""UNKNOWN"",""UNKNOWN""]","[""UNKNOWN"",""UNKNOWN"",""UNKNOWN"",""UNKNOWN"",""UNKNOWN"",""UNKNOWN"",""UNKNOWN"",""UNKNOWN"",""UNKNOWN"",""UNKNOWN"",""UNKNOWN"",""UNKNOWN"",""UNKNOWN""]","[null,null,null,null,null,null,null,null,null,null,null,null,null]",,/data1/Kane/ACT/audit_results/r93_rerun_20260525T083118Z/round5_aftersimplify_20260526T234325Z/lsnc_relu_cuda/per_instance_lsnc_relu_20260527T011409759376Z.json
round5_cuda,33,UNKNOWN,UNKNOWN,UNKNOWN,UNKNOWN,3.957,,False,,PASSED,,onnx/relu_quadrotor2d_state.onnx,vnnlib/quadrotor2d_state_33.vnnlib,"[""UNKNOWN"",""UNKNOWN"",""UNKNOWN"",""UNKNOWN"",""UNKNOWN"",""UNKNOWN"",""UNKNOWN"",""UNKNOWN"",""UNKNOWN"",""UNKNOWN"",""UNKNOWN"",""UNKNOWN"",""UNKNOWN""]","[""UNKNOWN"",""UNKNOWN"",""UNKNOWN"",""UNKNOWN"",""UNKNOWN"",""UNKNOWN"",""UNKNOWN"",""UNKNOWN"",""UNKNOWN"",""UNKNOWN"",""UNKNOWN"",""UNKNOWN"",""UNKNOWN""]","[null,null,null,null,null,null,null,null,null,null,null,null,null]",,/data1/Kane/ACT/audit_results/r93_rerun_20260525T083118Z/round5_aftersimplify_20260526T234325Z/lsnc_relu_cuda/per_instance_lsnc_relu_20260527T011418336837Z.json
round5_cuda,34,UNKNOWN,UNKNOWN,UNKNOWN,UNKNOWN,7.624,,False,,PASSED,,onnx/relu_quadrotor2d_state.onnx,vnnlib/quadrotor2d_state_34.vnnlib,"[""UNKNOWN"",""UNKNOWN"",""UNKNOWN"",""UNKNOWN"",""UNKNOWN"",""UNKNOWN"",""UNKNOWN"",""UNKNOWN"",""UNKNOWN"",""UNKNOWN"",""UNKNOWN"",""UNKNOWN"",""UNKNOWN""]","[""UNKNOWN"",""UNKNOWN"",""UNKNOWN"",""UNKNOWN"",""UNKNOWN"",""UNKNOWN"",""UNKNOWN"",""UNKNOWN"",""UNKNOWN"",""UNKNOWN"",""UNKNOWN"",""UNKNOWN"",""UNKNOWN""]","[null,null,null,null,null,null,null,null,null,null,null,null,null]",,/data1/Kane/ACT/audit_results/r93_rerun_20260525T083118Z/round5_aftersimplify_20260526T234325Z/lsnc_relu_cuda/per_instance_lsnc_relu_20260527T011431330060Z.json
round5_cuda,35,UNKNOWN,UNKNOWN,UNKNOWN,UNKNOWN,7.728,,False,,PASSED,,onnx/relu_quadrotor2d_state.onnx,vnnlib/quadrotor2d_state_35.vnnlib,"[""UNKNOWN"",""UNKNOWN"",""UNKNOWN"",""UNKNOWN"",""UNKNOWN"",""UNKNOWN"",""UNKNOWN"",""UNKNOWN"",""UNKNOWN"",""UNKNOWN"",""UNKNOWN"",""UNKNOWN"",""UNKNOWN""]","[""UNKNOWN"",""UNKNOWN"",""UNKNOWN"",""UNKNOWN"",""UNKNOWN"",""UNKNOWN"",""UNKNOWN"",""UNKNOWN"",""UNKNOWN"",""UNKNOWN"",""UNKNOWN"",""UNKNOWN"",""UNKNOWN""]","[null,null,null,null,null,null,null,null,null,null,null,null,null]",,/data1/Kane/ACT/audit_results/r93_rerun_20260525T083118Z/round5_aftersimplify_20260526T234325Z/lsnc_relu_cuda/per_instance_lsnc_relu_20260527T011445000833Z.json
round5_cuda,36,UNKNOWN,UNKNOWN,UNKNOWN,UNKNOWN,5.769,,False,,PASSED,,onnx/relu_quadrotor2d_state.onnx,vnnlib/quadrotor2d_state_36.vnnlib,"[""UNKNOWN"",""UNKNOWN"",""UNKNOWN"",""UNKNOWN"",""UNKNOWN"",""UNKNOWN"",""UNKNOWN"",""UNKNOWN"",""UNKNOWN"",""UNKNOWN"",""UNKNOWN"",""UNKNOWN"",""UNKNOWN""]","[""UNKNOWN"",""UNKNOWN"",""UNKNOWN"",""UNKNOWN"",""UNKNOWN"",""UNKNOWN"",""UNKNOWN"",""UNKNOWN"",""UNKNOWN"",""UNKNOWN"",""UNKNOWN"",""UNKNOWN"",""UNKNOWN""]","[null,null,null,null,null,null,null,null,null,null,null,null,null]",,/data1/Kane/ACT/audit_results/r93_rerun_20260525T083118Z/round5_aftersimplify_20260526T234325Z/lsnc_relu_cuda/per_instance_lsnc_relu_20260527T011456736121Z.json
round5_cuda,37,UNKNOWN,UNKNOWN,UNKNOWN,UNKNOWN,10.102,,False,,PASSED,,onnx/relu_quadrotor2d_state.onnx,vnnlib/quadrotor2d_state_37.vnnlib,"[""UNKNOWN"",""UNKNOWN"",""UNKNOWN"",""UNKNOWN"",""UNKNOWN"",""UNKNOWN"",""UNKNOWN"",""UNKNOWN"",""UNKNOWN"",""UNKNOWN"",""UNKNOWN"",""UNKNOWN"",""UNKNOWN""]","[""UNKNOWN"",""UNKNOWN"",""UNKNOWN"",""UNKNOWN"",""UNKNOWN"",""UNKNOWN"",""UNKNOWN"",""UNKNOWN"",""UNKNOWN"",""UNKNOWN"",""UNKNOWN"",""UNKNOWN"",""UNKNOWN""]","[null,null,null,null,null,null,null,null,null,null,null,null,null]",,/data1/Kane/ACT/audit_results/r93_rerun_20260525T083118Z/round5_aftersimplify_20260526T234325Z/lsnc_relu_cuda/per_instance_lsnc_relu_20260527T011512376186Z.json
round5_cuda,38,UNKNOWN,UNKNOWN,UNKNOWN,UNKNOWN,8.342,,False,,PASSED,,onnx/relu_quadrotor2d_state.onnx,vnnlib/quadrotor2d_state_38.vnnlib,"[""UNKNOWN"",""UNKNOWN"",""UNKNOWN"",""UNKNOWN"",""UNKNOWN"",""UNKNOWN"",""UNKNOWN"",""UNKNOWN"",""UNKNOWN"",""UNKNOWN"",""UNKNOWN"",""UNKNOWN"",""UNKNOWN""]","[""UNKNOWN"",""UNKNOWN"",""UNKNOWN"",""UNKNOWN"",""UNKNOWN"",""UNKNOWN"",""UNKNOWN"",""UNKNOWN"",""UNKNOWN"",""UNKNOWN"",""UNKNOWN"",""UNKNOWN"",""UNKNOWN""]","[null,null,null,null,null,null,null,null,null,null,null,null,null]",,/data1/Kane/ACT/audit_results/r93_rerun_20260525T083118Z/round5_aftersimplify_20260526T234325Z/lsnc_relu_cuda/per_instance_lsnc_relu_20260527T011525570518Z.json
round5_cuda,39,UNKNOWN,UNKNOWN,UNKNOWN,UNKNOWN,8.02,,False,,PASSED,,onnx/relu_quadrotor2d_state.onnx,vnnlib/quadrotor2d_state_39.vnnlib,"[""UNKNOWN"",""UNKNOWN"",""UNKNOWN"",""UNKNOWN"",""UNKNOWN"",""UNKNOWN"",""UNKNOWN"",""UNKNOWN"",""UNKNOWN"",""UNKNOWN"",""UNKNOWN"",""UNKNOWN"",""UNKNOWN""]","[""UNKNOWN"",""UNKNOWN"",""UNKNOWN"",""UNKNOWN"",""UNKNOWN"",""UNKNOWN"",""UNKNOWN"",""UNKNOWN"",""UNKNOWN"",""UNKNOWN"",""UNKNOWN"",""UNKNOWN"",""UNKNOWN""]","[null,null,null,null,null,null,null,null,null,null,null,null,null]",,/data1/Kane/ACT/audit_results/r93_rerun_20260525T083118Z/round5_aftersimplify_20260526T234325Z/lsnc_relu_cuda/per_instance_lsnc_relu_20260527T011538750261Z.json
round5_cuda,4,UNKNOWN,UNKNOWN,UNKNOWN,UNKNOWN,7.085,,False,,PASSED,,onnx/relu_quadrotor2d_state.onnx,vnnlib/quadrotor2d_state_4.vnnlib,"[""UNKNOWN"",""UNKNOWN"",""UNKNOWN"",""UNKNOWN"",""UNKNOWN"",""UNKNOWN"",""UNKNOWN"",""UNKNOWN"",""UNKNOWN"",""UNKNOWN"",""UNKNOWN"",""UNKNOWN"",""UNKNOWN""]","[""UNKNOWN"",""UNKNOWN"",""UNKNOWN"",""UNKNOWN"",""UNKNOWN"",""UNKNOWN"",""UNKNOWN"",""UNKNOWN"",""UNKNOWN"",""UNKNOWN"",""UNKNOWN"",""UNKNOWN"",""UNKNOWN""]","[null,null,null,null,null,null,null,null,null,null,null,null,null]",,/data1/Kane/ACT/audit_results/r93_rerun_20260525T083118Z/round5_aftersimplify_20260526T234325Z/lsnc_relu_cuda/per_instance_lsnc_relu_20260527T011031977510Z.json
round5_cuda,40,UNKNOWN,UNKNOWN,UNKNOWN,UNKNOWN,7.636,,False,,PASSED,,onnx/relu_quadrotor2d_state.onnx,vnnlib/quadrotor2d_state_40.vnnlib,"[""UNKNOWN"",""UNKNOWN"",""UNKNOWN"",""UNKNOWN"",""UNKNOWN"",""UNKNOWN"",""UNKNOWN"",""UNKNOWN"",""UNKNOWN"",""UNKNOWN"",""UNKNOWN"",""UNKNOWN"",""UNKNOWN""]","[""UNKNOWN"",""UNKNOWN"",""UNKNOWN"",""UNKNOWN"",""UNKNOWN"",""UNKNOWN"",""UNKNOWN"",""UNKNOWN"",""UNKNOWN"",""UNKNOWN"",""UNKNOWN"",""UNKNOWN"",""UNKNOWN""]","[null,null,null,null,null,null,null,null,null,null,null,null,null]",,/data1/Kane/ACT/audit_results/r93_rerun_20260525T083118Z/round5_aftersimplify_20260526T234325Z/lsnc_relu_cuda/per_instance_lsnc_relu_20260527T011552056506Z.json
round5_cuda,41,UNKNOWN,UNKNOWN,UNKNOWN,UNKNOWN,12.462,,False,,PASSED,,onnx/relu_quadrotor2d_state.onnx,vnnlib/quadrotor2d_state_41.vnnlib,"[""UNKNOWN"",""UNKNOWN"",""UNKNOWN"",""UNKNOWN"",""UNKNOWN"",""UNKNOWN"",""UNKNOWN"",""UNKNOWN"",""UNKNOWN"",""UNKNOWN"",""UNKNOWN"",""UNKNOWN"",""UNKNOWN""]","[""UNKNOWN"",""UNKNOWN"",""UNKNOWN"",""UNKNOWN"",""UNKNOWN"",""UNKNOWN"",""UNKNOWN"",""UNKNOWN"",""UNKNOWN"",""UNKNOWN"",""UNKNOWN"",""UNKNOWN"",""UNKNOWN""]","[null,null,null,null,null,null,null,null,null,null,null,null,null]",,/data1/Kane/ACT/audit_results/r93_rerun_20260525T083118Z/round5_aftersimplify_20260526T234325Z/lsnc_relu_cuda/per_instance_lsnc_relu_20260527T011609924261Z.json
round5_cuda,42,UNKNOWN,UNKNOWN,UNKNOWN,UNKNOWN,17.606,,False,,PASSED,,onnx/relu_quadrotor2d_state.onnx,vnnlib/quadrotor2d_state_42.vnnlib,"[""UNKNOWN"",""UNKNOWN"",""UNKNOWN"",""UNKNOWN"",""UNKNOWN"",""UNKNOWN"",""UNKNOWN"",""UNKNOWN"",""UNKNOWN"",""UNKNOWN"",""UNKNOWN"",""UNKNOWN"",""UNKNOWN""]","[""UNKNOWN"",""UNKNOWN"",""UNKNOWN"",""UNKNOWN"",""UNKNOWN"",""UNKNOWN"",""UNKNOWN"",""UNKNOWN"",""UNKNOWN"",""UNKNOWN"",""UNKNOWN"",""UNKNOWN"",""UNKNOWN""]","[null,null,null,null,null,null,null,null,null,null,null,null,null]",,/data1/Kane/ACT/audit_results/r93_rerun_20260525T083118Z/round5_aftersimplify_20260526T234325Z/lsnc_relu_cuda/per_instance_lsnc_relu_20260527T011633271020Z.json
round5_cuda,43,UNKNOWN,UNKNOWN,UNKNOWN,UNKNOWN,11.907,,False,,PASSED,,onnx/relu_quadrotor2d_state.onnx,vnnlib/quadrotor2d_state_43.vnnlib,"[""UNKNOWN"",""UNKNOWN"",""UNKNOWN"",""UNKNOWN"",""UNKNOWN"",""UNKNOWN"",""UNKNOWN"",""UNKNOWN"",""UNKNOWN"",""UNKNOWN"",""UNKNOWN"",""UNKNOWN"",""UNKNOWN""]","[""UNKNOWN"",""UNKNOWN"",""UNKNOWN"",""UNKNOWN"",""UNKNOWN"",""UNKNOWN"",""UNKNOWN"",""UNKNOWN"",""UNKNOWN"",""UNKNOWN"",""UNKNOWN"",""UNKNOWN"",""UNKNOWN""]","[null,null,null,null,null,null,null,null,null,null,null,null,null]",,/data1/Kane/ACT/audit_results/r93_rerun_20260525T083118Z/round5_aftersimplify_20260526T234325Z/lsnc_relu_cuda/per_instance_lsnc_relu_20260527T011650339047Z.json
round5_cuda,44,UNKNOWN,UNKNOWN,UNKNOWN,UNKNOWN,11.427,,False,,PASSED,,onnx/relu_quadrotor2d_state.onnx,vnnlib/quadrotor2d_state_44.vnnlib,"[""UNKNOWN"",""UNKNOWN"",""UNKNOWN"",""UNKNOWN"",""UNKNOWN"",""UNKNOWN"",""UNKNOWN"",""UNKNOWN"",""UNKNOWN"",""UNKNOWN"",""UNKNOWN"",""UNKNOWN"",""UNKNOWN""]","[""UNKNOWN"",""UNKNOWN"",""UNKNOWN"",""UNKNOWN"",""UNKNOWN"",""UNKNOWN"",""UNKNOWN"",""UNKNOWN"",""UNKNOWN"",""UNKNOWN"",""UNKNOWN"",""UNKNOWN"",""UNKNOWN""]","[null,null,null,null,null,null,null,null,null,null,null,null,null]",,/data1/Kane/ACT/audit_results/r93_rerun_20260525T083118Z/round5_aftersimplify_20260526T234325Z/lsnc_relu_cuda/per_instance_lsnc_relu_20260527T011707912428Z.json
round5_cuda,45,UNKNOWN,UNKNOWN,UNKNOWN,UNKNOWN,14.102,,False,,PASSED,,onnx/relu_quadrotor2d_state.onnx,vnnlib/quadrotor2d_state_45.vnnlib,"[""UNKNOWN"",""UNKNOWN"",""UNKNOWN"",""UNKNOWN"",""UNKNOWN"",""UNKNOWN"",""UNKNOWN"",""UNKNOWN"",""UNKNOWN"",""UNKNOWN"",""UNKNOWN"",""UNKNOWN"",""UNKNOWN""]","[""UNKNOWN"",""UNKNOWN"",""UNKNOWN"",""UNKNOWN"",""UNKNOWN"",""UNKNOWN"",""UNKNOWN"",""UNKNOWN"",""UNKNOWN"",""UNKNOWN"",""UNKNOWN"",""UNKNOWN"",""UNKNOWN""]","[null,null,null,null,null,null,null,null,null,null,null,null,null]",,/data1/Kane/ACT/audit_results/r93_rerun_20260525T083118Z/round5_aftersimplify_20260526T234325Z/lsnc_relu_cuda/per_instance_lsnc_relu_20260527T011727593615Z.json
round5_cuda,46,UNKNOWN,UNKNOWN,UNKNOWN,UNKNOWN,11.736,,False,,PASSED,,onnx/relu_quadrotor2d_state.onnx,vnnlib/quadrotor2d_state_46.vnnlib,"[""UNKNOWN"",""UNKNOWN"",""UNKNOWN"",""UNKNOWN"",""UNKNOWN"",""UNKNOWN"",""UNKNOWN"",""UNKNOWN"",""UNKNOWN"",""UNKNOWN"",""UNKNOWN"",""UNKNOWN"",""UNKNOWN""]","[""UNKNOWN"",""UNKNOWN"",""UNKNOWN"",""UNKNOWN"",""UNKNOWN"",""UNKNOWN"",""UNKNOWN"",""UNKNOWN"",""UNKNOWN"",""UNKNOWN"",""UNKNOWN"",""UNKNOWN"",""UNKNOWN""]","[null,null,null,null,null,null,null,null,null,null,null,null,null]",,/data1/Kane/ACT/audit_results/r93_rerun_20260525T083118Z/round5_aftersimplify_20260526T234325Z/lsnc_relu_cuda/per_instance_lsnc_relu_20260527T011743907100Z.json
round5_cuda,47,UNKNOWN,UNKNOWN,UNKNOWN,UNKNOWN,6.333,,False,,PASSED,,onnx/relu_quadrotor2d_state.onnx,vnnlib/quadrotor2d_state_47.vnnlib,"[""UNKNOWN"",""UNKNOWN"",""UNKNOWN"",""UNKNOWN"",""UNKNOWN"",""UNKNOWN"",""UNKNOWN"",""UNKNOWN"",""UNKNOWN"",""UNKNOWN"",""UNKNOWN"",""UNKNOWN"",""UNKNOWN""]","[""UNKNOWN"",""UNKNOWN"",""UNKNOWN"",""UNKNOWN"",""UNKNOWN"",""UNKNOWN"",""UNKNOWN"",""UNKNOWN"",""UNKNOWN"",""UNKNOWN"",""UNKNOWN"",""UNKNOWN"",""UNKNOWN""]","[null,null,null,null,null,null,null,null,null,null,null,null,null]",,/data1/Kane/ACT/audit_results/r93_rerun_20260525T083118Z/round5_aftersimplify_20260526T234325Z/lsnc_relu_cuda/per_instance_lsnc_relu_20260527T011754962189Z.json
round5_cuda,48,UNKNOWN,UNKNOWN,UNKNOWN,UNKNOWN,7.756,,False,,PASSED,,onnx/relu_quadrotor2d_state.onnx,vnnlib/quadrotor2d_state_48.vnnlib,"[""UNKNOWN"",""UNKNOWN"",""UNKNOWN"",""UNKNOWN"",""UNKNOWN"",""UNKNOWN"",""UNKNOWN"",""UNKNOWN"",""UNKNOWN"",""UNKNOWN"",""UNKNOWN"",""UNKNOWN"",""UNKNOWN""]","[""UNKNOWN"",""UNKNOWN"",""UNKNOWN"",""UNKNOWN"",""UNKNOWN"",""UNKNOWN"",""UNKNOWN"",""UNKNOWN"",""UNKNOWN"",""UNKNOWN"",""UNKNOWN"",""UNKNOWN"",""UNKNOWN""]","[null,null,null,null,null,null,null,null,null,null,null,null,null]",,/data1/Kane/ACT/audit_results/r93_rerun_20260525T083118Z/round5_aftersimplify_20260526T234325Z/lsnc_relu_cuda/per_instance_lsnc_relu_20260527T011807194994Z.json
round5_cuda,49,UNKNOWN,UNKNOWN,UNKNOWN,UNKNOWN,5.674,,False,,PASSED,,onnx/relu_quadrotor2d_state.onnx,vnnlib/quadrotor2d_state_49.vnnlib,"[""UNKNOWN"",""UNKNOWN"",""UNKNOWN"",""UNKNOWN"",""UNKNOWN"",""UNKNOWN"",""UNKNOWN"",""UNKNOWN"",""UNKNOWN"",""UNKNOWN"",""UNKNOWN"",""UNKNOWN"",""UNKNOWN""]","[""UNKNOWN"",""UNKNOWN"",""UNKNOWN"",""UNKNOWN"",""UNKNOWN"",""UNKNOWN"",""UNKNOWN"",""UNKNOWN"",""UNKNOWN"",""UNKNOWN"",""UNKNOWN"",""UNKNOWN"",""UNKNOWN""]","[null,null,null,null,null,null,null,null,null,null,null,null,null]",,/data1/Kane/ACT/audit_results/r93_rerun_20260525T083118Z/round5_aftersimplify_20260526T234325Z/lsnc_relu_cuda/per_instance_lsnc_relu_20260527T011817047574Z.json
round5_cuda,5,UNKNOWN,UNKNOWN,UNKNOWN,UNKNOWN,7.731,,False,,PASSED,,onnx/relu_quadrotor2d_state.onnx,vnnlib/quadrotor2d_state_5.vnnlib,"[""UNKNOWN"",""UNKNOWN"",""UNKNOWN"",""UNKNOWN"",""UNKNOWN"",""UNKNOWN"",""UNKNOWN"",""UNKNOWN"",""UNKNOWN"",""UNKNOWN"",""UNKNOWN"",""UNKNOWN"",""UNKNOWN""]","[""UNKNOWN"",""UNKNOWN"",""UNKNOWN"",""UNKNOWN"",""UNKNOWN"",""UNKNOWN"",""UNKNOWN"",""UNKNOWN"",""UNKNOWN"",""UNKNOWN"",""UNKNOWN"",""UNKNOWN"",""UNKNOWN""]","[null,null,null,null,null,null,null,null,null,null,null,null,null]",,/data1/Kane/ACT/audit_results/r93_rerun_20260525T083118Z/round5_aftersimplify_20260526T234325Z/lsnc_relu_cuda/per_instance_lsnc_relu_20260527T011043484588Z.json
round5_cuda,50,UNKNOWN,UNKNOWN,UNKNOWN,UNKNOWN,3.115,,False,,PASSED,,onnx/relu_quadrotor2d_state.onnx,vnnlib/quadrotor2d_state_50.vnnlib,"[""UNKNOWN"",""UNKNOWN"",""UNKNOWN"",""UNKNOWN"",""UNKNOWN"",""UNKNOWN"",""UNKNOWN"",""UNKNOWN"",""UNKNOWN"",""UNKNOWN"",""UNKNOWN"",""UNKNOWN"",""UNKNOWN""]","[""UNKNOWN"",""UNKNOWN"",""UNKNOWN"",""UNKNOWN"",""UNKNOWN"",""UNKNOWN"",""UNKNOWN"",""UNKNOWN"",""UNKNOWN"",""UNKNOWN"",""UNKNOWN"",""UNKNOWN"",""UNKNOWN""]","[null,null,null,null,null,null,null,null,null,null,null,null,null]",,/data1/Kane/ACT/audit_results/r93_rerun_20260525T083118Z/round5_aftersimplify_20260526T234325Z/lsnc_relu_cuda/per_instance_lsnc_relu_20260527T011824345513Z.json
round5_cuda,51,UNKNOWN,UNKNOWN,UNKNOWN,UNKNOWN,3.98,,False,,PASSED,,onnx/relu_quadrotor2d_state.onnx,vnnlib/quadrotor2d_state_51.vnnlib,"[""UNKNOWN"",""UNKNOWN"",""UNKNOWN"",""UNKNOWN"",""UNKNOWN"",""UNKNOWN"",""UNKNOWN"",""UNKNOWN"",""UNKNOWN"",""UNKNOWN"",""UNKNOWN"",""UNKNOWN"",""UNKNOWN""]","[""UNKNOWN"",""UNKNOWN"",""UNKNOWN"",""UNKNOWN"",""UNKNOWN"",""UNKNOWN"",""UNKNOWN"",""UNKNOWN"",""UNKNOWN"",""UNKNOWN"",""UNKNOWN"",""UNKNOWN"",""UNKNOWN""]","[null,null,null,null,null,null,null,null,null,null,null,null,null]",,/data1/Kane/ACT/audit_results/r93_rerun_20260525T083118Z/round5_aftersimplify_20260526T234325Z/lsnc_relu_cuda/per_instance_lsnc_relu_20260527T011832264878Z.json
round5_cuda,52,UNKNOWN,UNKNOWN,UNKNOWN,UNKNOWN,3.296,,False,,PASSED,,onnx/relu_quadrotor2d_state.onnx,vnnlib/quadrotor2d_state_52.vnnlib,"[""UNKNOWN"",""UNKNOWN"",""UNKNOWN"",""UNKNOWN"",""UNKNOWN"",""UNKNOWN"",""UNKNOWN"",""UNKNOWN"",""UNKNOWN"",""UNKNOWN"",""UNKNOWN"",""UNKNOWN"",""UNKNOWN""]","[""UNKNOWN"",""UNKNOWN"",""UNKNOWN"",""UNKNOWN"",""UNKNOWN"",""UNKNOWN"",""UNKNOWN"",""UNKNOWN"",""UNKNOWN"",""UNKNOWN"",""UNKNOWN"",""UNKNOWN"",""UNKNOWN""]","[null,null,null,null,null,null,null,null,null,null,null,null,null]",,/data1/Kane/ACT/audit_results/r93_rerun_20260525T083118Z/round5_aftersimplify_20260526T234325Z/lsnc_relu_cuda/per_instance_lsnc_relu_20260527T011839572416Z.json
round5_cuda,53,UNKNOWN,UNKNOWN,UNKNOWN,UNKNOWN,6.907,,False,,PASSED,,onnx/relu_quadrotor2d_state.onnx,vnnlib/quadrotor2d_state_53.vnnlib,"[""UNKNOWN"",""UNKNOWN"",""UNKNOWN"",""UNKNOWN"",""UNKNOWN"",""UNKNOWN"",""UNKNOWN"",""UNKNOWN"",""UNKNOWN"",""UNKNOWN"",""UNKNOWN"",""UNKNOWN"",""UNKNOWN""]","[""UNKNOWN"",""UNKNOWN"",""UNKNOWN"",""UNKNOWN"",""UNKNOWN"",""UNKNOWN"",""UNKNOWN"",""UNKNOWN"",""UNKNOWN"",""UNKNOWN"",""UNKNOWN"",""UNKNOWN"",""UNKNOWN""]","[null,null,null,null,null,null,null,null,null,null,null,null,null]",,/data1/Kane/ACT/audit_results/r93_rerun_20260525T083118Z/round5_aftersimplify_20260526T234325Z/lsnc_relu_cuda/per_instance_lsnc_relu_20260527T011850670656Z.json
round5_cuda,54,UNKNOWN,UNKNOWN,UNKNOWN,UNKNOWN,5.084,,False,,PASSED,,onnx/relu_quadrotor2d_state.onnx,vnnlib/quadrotor2d_state_54.vnnlib,"[""UNKNOWN"",""UNKNOWN"",""UNKNOWN"",""UNKNOWN"",""UNKNOWN"",""UNKNOWN"",""UNKNOWN"",""UNKNOWN"",""UNKNOWN"",""UNKNOWN"",""UNKNOWN"",""UNKNOWN"",""UNKNOWN""]","[""UNKNOWN"",""UNKNOWN"",""UNKNOWN"",""UNKNOWN"",""UNKNOWN"",""UNKNOWN"",""UNKNOWN"",""UNKNOWN"",""UNKNOWN"",""UNKNOWN"",""UNKNOWN"",""UNKNOWN"",""UNKNOWN""]","[null,null,null,null,null,null,null,null,null,null,null,null,null]",,/data1/Kane/ACT/audit_results/r93_rerun_20260525T083118Z/round5_aftersimplify_20260526T234325Z/lsnc_relu_cuda/per_instance_lsnc_relu_20260527T011859752313Z.json
round5_cuda,55,UNKNOWN,UNKNOWN,UNKNOWN,UNKNOWN,2.632,,False,,PASSED,,onnx/relu_quadrotor2d_state.onnx,vnnlib/quadrotor2d_state_55.vnnlib,"[""UNKNOWN"",""UNKNOWN"",""UNKNOWN"",""UNKNOWN"",""UNKNOWN"",""UNKNOWN"",""UNKNOWN"",""UNKNOWN"",""UNKNOWN"",""UNKNOWN"",""UNKNOWN"",""UNKNOWN"",""UNKNOWN""]","[""UNKNOWN"",""UNKNOWN"",""UNKNOWN"",""UNKNOWN"",""UNKNOWN"",""UNKNOWN"",""UNKNOWN"",""UNKNOWN"",""UNKNOWN"",""UNKNOWN"",""UNKNOWN"",""UNKNOWN"",""UNKNOWN""]","[null,null,null,null,null,null,null,null,null,null,null,null,null]",,/data1/Kane/ACT/audit_results/r93_rerun_20260525T083118Z/round5_aftersimplify_20260526T234325Z/lsnc_relu_cuda/per_instance_lsnc_relu_20260527T011906313789Z.json
round5_cuda,56,UNKNOWN,UNKNOWN,UNKNOWN,UNKNOWN,3.091,,False,,PASSED,,onnx/relu_quadrotor2d_state.onnx,vnnlib/quadrotor2d_state_56.vnnlib,"[""UNKNOWN"",""UNKNOWN"",""UNKNOWN"",""UNKNOWN"",""UNKNOWN"",""UNKNOWN"",""UNKNOWN"",""UNKNOWN"",""UNKNOWN"",""UNKNOWN"",""UNKNOWN"",""UNKNOWN"",""UNKNOWN""]","[""UNKNOWN"",""UNKNOWN"",""UNKNOWN"",""UNKNOWN"",""UNKNOWN"",""UNKNOWN"",""UNKNOWN"",""UNKNOWN"",""UNKNOWN"",""UNKNOWN"",""UNKNOWN"",""UNKNOWN"",""UNKNOWN""]","[null,null,null,null,null,null,null,null,null,null,null,null,null]",,/data1/Kane/ACT/audit_results/r93_rerun_20260525T083118Z/round5_aftersimplify_20260526T234325Z/lsnc_relu_cuda/per_instance_lsnc_relu_20260527T011913288830Z.json
round5_cuda,57,UNKNOWN,UNKNOWN,UNKNOWN,UNKNOWN,3.867,,False,,PASSED,,onnx/relu_quadrotor2d_state.onnx,vnnlib/quadrotor2d_state_57.vnnlib,"[""UNKNOWN"",""UNKNOWN"",""UNKNOWN"",""UNKNOWN"",""UNKNOWN"",""UNKNOWN"",""UNKNOWN"",""UNKNOWN"",""UNKNOWN"",""UNKNOWN"",""UNKNOWN"",""UNKNOWN"",""UNKNOWN""]","[""UNKNOWN"",""UNKNOWN"",""UNKNOWN"",""UNKNOWN"",""UNKNOWN"",""UNKNOWN"",""UNKNOWN"",""UNKNOWN"",""UNKNOWN"",""UNKNOWN"",""UNKNOWN"",""UNKNOWN"",""UNKNOWN""]","[null,null,null,null,null,null,null,null,null,null,null,null,null]",,/data1/Kane/ACT/audit_results/r93_rerun_20260525T083118Z/round5_aftersimplify_20260526T234325Z/lsnc_relu_cuda/per_instance_lsnc_relu_20260527T011921039841Z.json
round5_cuda,58,UNKNOWN,UNKNOWN,UNKNOWN,UNKNOWN,3.347,,False,,PASSED,,onnx/relu_quadrotor2d_state.onnx,vnnlib/quadrotor2d_state_58.vnnlib,"[""UNKNOWN"",""UNKNOWN"",""UNKNOWN"",""UNKNOWN"",""UNKNOWN"",""UNKNOWN"",""UNKNOWN"",""UNKNOWN"",""UNKNOWN"",""UNKNOWN"",""UNKNOWN"",""UNKNOWN"",""UNKNOWN""]","[""UNKNOWN"",""UNKNOWN"",""UNKNOWN"",""UNKNOWN"",""UNKNOWN"",""UNKNOWN"",""UNKNOWN"",""UNKNOWN"",""UNKNOWN"",""UNKNOWN"",""UNKNOWN"",""UNKNOWN"",""UNKNOWN""]","[null,null,null,null,null,null,null,null,null,null,null,null,null]",,/data1/Kane/ACT/audit_results/r93_rerun_20260525T083118Z/round5_aftersimplify_20260526T234325Z/lsnc_relu_cuda/per_instance_lsnc_relu_20260527T011928032873Z.json
round5_cuda,59,UNKNOWN,UNKNOWN,UNKNOWN,UNKNOWN,3.695,,False,,PASSED,,onnx/relu_quadrotor2d_state.onnx,vnnlib/quadrotor2d_state_59.vnnlib,"[""UNKNOWN"",""UNKNOWN"",""UNKNOWN"",""UNKNOWN"",""UNKNOWN"",""UNKNOWN"",""UNKNOWN"",""UNKNOWN"",""UNKNOWN"",""UNKNOWN"",""UNKNOWN"",""UNKNOWN"",""UNKNOWN""]","[""UNKNOWN"",""UNKNOWN"",""UNKNOWN"",""UNKNOWN"",""UNKNOWN"",""UNKNOWN"",""UNKNOWN"",""UNKNOWN"",""UNKNOWN"",""UNKNOWN"",""UNKNOWN"",""UNKNOWN"",""UNKNOWN""]","[null,null,null,null,null,null,null,null,null,null,null,null,null]",,/data1/Kane/ACT/audit_results/r93_rerun_20260525T083118Z/round5_aftersimplify_20260526T234325Z/lsnc_relu_cuda/per_instance_lsnc_relu_20260527T011935369244Z.json
round5_cuda,6,UNKNOWN,UNKNOWN,UNKNOWN,UNKNOWN,4.313,,False,,PASSED,,onnx/relu_quadrotor2d_state.onnx,vnnlib/quadrotor2d_state_6.vnnlib,"[""UNKNOWN"",""UNKNOWN"",""UNKNOWN"",""UNKNOWN"",""UNKNOWN"",""UNKNOWN"",""UNKNOWN"",""UNKNOWN"",""UNKNOWN"",""UNKNOWN"",""UNKNOWN"",""UNKNOWN"",""UNKNOWN""]","[""UNKNOWN"",""UNKNOWN"",""UNKNOWN"",""UNKNOWN"",""UNKNOWN"",""UNKNOWN"",""UNKNOWN"",""UNKNOWN"",""UNKNOWN"",""UNKNOWN"",""UNKNOWN"",""UNKNOWN"",""UNKNOWN""]","[null,null,null,null,null,null,null,null,null,null,null,null,null]",,/data1/Kane/ACT/audit_results/r93_rerun_20260525T083118Z/round5_aftersimplify_20260526T234325Z/lsnc_relu_cuda/per_instance_lsnc_relu_20260527T011051507663Z.json
round5_cuda,60,UNKNOWN,UNKNOWN,UNKNOWN,UNKNOWN,4.098,,False,,PASSED,,onnx/relu_quadrotor2d_state.onnx,vnnlib/quadrotor2d_state_60.vnnlib,"[""UNKNOWN"",""UNKNOWN"",""UNKNOWN"",""UNKNOWN"",""UNKNOWN"",""UNKNOWN"",""UNKNOWN"",""UNKNOWN"",""UNKNOWN"",""UNKNOWN"",""UNKNOWN"",""UNKNOWN"",""UNKNOWN""]","[""UNKNOWN"",""UNKNOWN"",""UNKNOWN"",""UNKNOWN"",""UNKNOWN"",""UNKNOWN"",""UNKNOWN"",""UNKNOWN"",""UNKNOWN"",""UNKNOWN"",""UNKNOWN"",""UNKNOWN"",""UNKNOWN""]","[null,null,null,null,null,null,null,null,null,null,null,null,null]",,/data1/Kane/ACT/audit_results/r93_rerun_20260525T083118Z/round5_aftersimplify_20260526T234325Z/lsnc_relu_cuda/per_instance_lsnc_relu_20260527T011943285036Z.json
round5_cuda,61,UNKNOWN,UNKNOWN,UNKNOWN,UNKNOWN,4.069,,False,,PASSED,,onnx/relu_quadrotor2d_state.onnx,vnnlib/quadrotor2d_state_61.vnnlib,"[""UNKNOWN"",""UNKNOWN"",""UNKNOWN"",""UNKNOWN"",""UNKNOWN"",""UNKNOWN"",""UNKNOWN"",""UNKNOWN"",""UNKNOWN"",""UNKNOWN"",""UNKNOWN"",""UNKNOWN"",""UNKNOWN""]","[""UNKNOWN"",""UNKNOWN"",""UNKNOWN"",""UNKNOWN"",""UNKNOWN"",""UNKNOWN"",""UNKNOWN"",""UNKNOWN"",""UNKNOWN"",""UNKNOWN"",""UNKNOWN"",""UNKNOWN"",""UNKNOWN""]","[null,null,null,null,null,null,null,null,null,null,null,null,null]",,/data1/Kane/ACT/audit_results/r93_rerun_20260525T083118Z/round5_aftersimplify_20260526T234325Z/lsnc_relu_cuda/per_instance_lsnc_relu_20260527T011951357763Z.json
round5_cuda,62,UNKNOWN,UNKNOWN,UNKNOWN,UNKNOWN,4.941,,False,,PASSED,,onnx/relu_quadrotor2d_state.onnx,vnnlib/quadrotor2d_state_62.vnnlib,"[""UNKNOWN"",""UNKNOWN"",""UNKNOWN"",""UNKNOWN"",""UNKNOWN"",""UNKNOWN"",""UNKNOWN"",""UNKNOWN"",""UNKNOWN"",""UNKNOWN"",""UNKNOWN"",""UNKNOWN"",""UNKNOWN""]","[""UNKNOWN"",""UNKNOWN"",""UNKNOWN"",""UNKNOWN"",""UNKNOWN"",""UNKNOWN"",""UNKNOWN"",""UNKNOWN"",""UNKNOWN"",""UNKNOWN"",""UNKNOWN"",""UNKNOWN"",""UNKNOWN""]","[null,null,null,null,null,null,null,null,null,null,null,null,null]",,/data1/Kane/ACT/audit_results/r93_rerun_20260525T083118Z/round5_aftersimplify_20260526T234325Z/lsnc_relu_cuda/per_instance_lsnc_relu_20260527T012000385124Z.json
round5_cuda,63,UNKNOWN,UNKNOWN,UNKNOWN,UNKNOWN,7.912,,False,,PASSED,,onnx/relu_quadrotor2d_state.onnx,vnnlib/quadrotor2d_state_63.vnnlib,"[""UNKNOWN"",""UNKNOWN"",""UNKNOWN"",""UNKNOWN"",""UNKNOWN"",""UNKNOWN"",""UNKNOWN"",""UNKNOWN"",""UNKNOWN"",""UNKNOWN"",""UNKNOWN"",""UNKNOWN"",""UNKNOWN""]","[""UNKNOWN"",""UNKNOWN"",""UNKNOWN"",""UNKNOWN"",""UNKNOWN"",""UNKNOWN"",""UNKNOWN"",""UNKNOWN"",""UNKNOWN"",""UNKNOWN"",""UNKNOWN"",""UNKNOWN"",""UNKNOWN""]","[null,null,null,null,null,null,null,null,null,null,null,null,null]",,/data1/Kane/ACT/audit_results/r93_rerun_20260525T083118Z/round5_aftersimplify_20260526T234325Z/lsnc_relu_cuda/per_instance_lsnc_relu_20260527T012012309394Z.json
round5_cuda,64,UNKNOWN,UNKNOWN,UNKNOWN,UNKNOWN,2.735,,False,,PASSED,,onnx/relu_quadrotor2d_state.onnx,vnnlib/quadrotor2d_state_64.vnnlib,"[""UNKNOWN"",""UNKNOWN"",""UNKNOWN"",""UNKNOWN"",""UNKNOWN"",""UNKNOWN"",""UNKNOWN"",""UNKNOWN"",""UNKNOWN"",""UNKNOWN"",""UNKNOWN"",""UNKNOWN"",""UNKNOWN""]","[""UNKNOWN"",""UNKNOWN"",""UNKNOWN"",""UNKNOWN"",""UNKNOWN"",""UNKNOWN"",""UNKNOWN"",""UNKNOWN"",""UNKNOWN"",""UNKNOWN"",""UNKNOWN"",""UNKNOWN"",""UNKNOWN""]","[null,null,null,null,null,null,null,null,null,null,null,null,null]",,/data1/Kane/ACT/audit_results/r93_rerun_20260525T083118Z/round5_aftersimplify_20260526T234325Z/lsnc_relu_cuda/per_instance_lsnc_relu_20260527T012018999142Z.json
round5_cuda,65,UNKNOWN,UNKNOWN,UNKNOWN,UNKNOWN,2.571,,False,,PASSED,,onnx/relu_quadrotor2d_state.onnx,vnnlib/quadrotor2d_state_65.vnnlib,"[""UNKNOWN"",""UNKNOWN"",""UNKNOWN"",""UNKNOWN"",""UNKNOWN"",""UNKNOWN"",""UNKNOWN"",""UNKNOWN"",""UNKNOWN"",""UNKNOWN"",""UNKNOWN"",""UNKNOWN"",""UNKNOWN""]","[""UNKNOWN"",""UNKNOWN"",""UNKNOWN"",""UNKNOWN"",""UNKNOWN"",""UNKNOWN"",""UNKNOWN"",""UNKNOWN"",""UNKNOWN"",""UNKNOWN"",""UNKNOWN"",""UNKNOWN"",""UNKNOWN""]","[null,null,null,null,null,null,null,null,null,null,null,null,null]",,/data1/Kane/ACT/audit_results/r93_rerun_20260525T083118Z/round5_aftersimplify_20260526T234325Z/lsnc_relu_cuda/per_instance_lsnc_relu_20260527T012025259529Z.json
round5_cuda,66,UNKNOWN,UNKNOWN,UNKNOWN,UNKNOWN,2.471,,False,,PASSED,,onnx/relu_quadrotor2d_state.onnx,vnnlib/quadrotor2d_state_66.vnnlib,"[""UNKNOWN"",""UNKNOWN"",""UNKNOWN"",""UNKNOWN"",""UNKNOWN"",""UNKNOWN"",""UNKNOWN"",""UNKNOWN"",""UNKNOWN"",""UNKNOWN"",""UNKNOWN"",""UNKNOWN"",""UNKNOWN""]","[""UNKNOWN"",""UNKNOWN"",""UNKNOWN"",""UNKNOWN"",""UNKNOWN"",""UNKNOWN"",""UNKNOWN"",""UNKNOWN"",""UNKNOWN"",""UNKNOWN"",""UNKNOWN"",""UNKNOWN"",""UNKNOWN""]","[null,null,null,null,null,null,null,null,null,null,null,null,null]",,/data1/Kane/ACT/audit_results/r93_rerun_20260525T083118Z/round5_aftersimplify_20260526T234325Z/lsnc_relu_cuda/per_instance_lsnc_relu_20260527T012031683275Z.json
round5_cuda,67,UNKNOWN,UNKNOWN,UNKNOWN,UNKNOWN,2.456,,False,,PASSED,,onnx/relu_quadrotor2d_state.onnx,vnnlib/quadrotor2d_state_67.vnnlib,"[""UNKNOWN"",""UNKNOWN"",""UNKNOWN"",""UNKNOWN"",""UNKNOWN"",""UNKNOWN"",""UNKNOWN"",""UNKNOWN"",""UNKNOWN"",""UNKNOWN"",""UNKNOWN"",""UNKNOWN"",""UNKNOWN""]","[""UNKNOWN"",""UNKNOWN"",""UNKNOWN"",""UNKNOWN"",""UNKNOWN"",""UNKNOWN"",""UNKNOWN"",""UNKNOWN"",""UNKNOWN"",""UNKNOWN"",""UNKNOWN"",""UNKNOWN"",""UNKNOWN""]","[null,null,null,null,null,null,null,null,null,null,null,null,null]",,/data1/Kane/ACT/audit_results/r93_rerun_20260525T083118Z/round5_aftersimplify_20260526T234325Z/lsnc_relu_cuda/per_instance_lsnc_relu_20260527T012038249383Z.json
round5_cuda,68,UNKNOWN,UNKNOWN,UNKNOWN,UNKNOWN,8.865,,False,,PASSED,,onnx/relu_quadrotor2d_state.onnx,vnnlib/quadrotor2d_state_68.vnnlib,"[""UNKNOWN"",""UNKNOWN"",""UNKNOWN"",""UNKNOWN"",""UNKNOWN"",""UNKNOWN"",""UNKNOWN"",""UNKNOWN"",""UNKNOWN"",""UNKNOWN"",""UNKNOWN"",""UNKNOWN"",""UNKNOWN""]","[""UNKNOWN"",""UNKNOWN"",""UNKNOWN"",""UNKNOWN"",""UNKNOWN"",""UNKNOWN"",""UNKNOWN"",""UNKNOWN"",""UNKNOWN"",""UNKNOWN"",""UNKNOWN"",""UNKNOWN"",""UNKNOWN""]","[null,null,null,null,null,null,null,null,null,null,null,null,null]",,/data1/Kane/ACT/audit_results/r93_rerun_20260525T083118Z/round5_aftersimplify_20260526T234325Z/lsnc_relu_cuda/per_instance_lsnc_relu_20260527T012051052492Z.json
round5_cuda,69,UNKNOWN,UNKNOWN,UNKNOWN,UNKNOWN,5.885,,False,,PASSED,,onnx/relu_quadrotor2d_state.onnx,vnnlib/quadrotor2d_state_69.vnnlib,"[""UNKNOWN"",""UNKNOWN"",""UNKNOWN"",""UNKNOWN"",""UNKNOWN"",""UNKNOWN"",""UNKNOWN"",""UNKNOWN"",""UNKNOWN"",""UNKNOWN"",""UNKNOWN"",""UNKNOWN"",""UNKNOWN""]","[""UNKNOWN"",""UNKNOWN"",""UNKNOWN"",""UNKNOWN"",""UNKNOWN"",""UNKNOWN"",""UNKNOWN"",""UNKNOWN"",""UNKNOWN"",""UNKNOWN"",""UNKNOWN"",""UNKNOWN"",""UNKNOWN""]","[null,null,null,null,null,null,null,null,null,null,null,null,null]",,/data1/Kane/ACT/audit_results/r93_rerun_20260525T083118Z/round5_aftersimplify_20260526T234325Z/lsnc_relu_cuda/per_instance_lsnc_relu_20260527T012100601975Z.json
round5_cuda,7,UNKNOWN,UNKNOWN,UNKNOWN,UNKNOWN,6.657,,False,,PASSED,,onnx/relu_quadrotor2d_state.onnx,vnnlib/quadrotor2d_state_7.vnnlib,"[""UNKNOWN"",""UNKNOWN"",""UNKNOWN"",""UNKNOWN"",""UNKNOWN"",""UNKNOWN"",""UNKNOWN"",""UNKNOWN"",""UNKNOWN"",""UNKNOWN"",""UNKNOWN"",""UNKNOWN"",""UNKNOWN""]","[""UNKNOWN"",""UNKNOWN"",""UNKNOWN"",""UNKNOWN"",""UNKNOWN"",""UNKNOWN"",""UNKNOWN"",""UNKNOWN"",""UNKNOWN"",""UNKNOWN"",""UNKNOWN"",""UNKNOWN"",""UNKNOWN""]","[null,null,null,null,null,null,null,null,null,null,null,null,null]",,/data1/Kane/ACT/audit_results/r93_rerun_20260525T083118Z/round5_aftersimplify_20260526T234325Z/lsnc_relu_cuda/per_instance_lsnc_relu_20260527T011101886851Z.json
round5_cuda,70,UNKNOWN,UNKNOWN,UNKNOWN,UNKNOWN,4.462,,False,,PASSED,,onnx/relu_quadrotor2d_state.onnx,vnnlib/quadrotor2d_state_70.vnnlib,"[""UNKNOWN"",""UNKNOWN"",""UNKNOWN"",""UNKNOWN"",""UNKNOWN"",""UNKNOWN"",""UNKNOWN"",""UNKNOWN"",""UNKNOWN"",""UNKNOWN"",""UNKNOWN"",""UNKNOWN"",""UNKNOWN""]","[""UNKNOWN"",""UNKNOWN"",""UNKNOWN"",""UNKNOWN"",""UNKNOWN"",""UNKNOWN"",""UNKNOWN"",""UNKNOWN"",""UNKNOWN"",""UNKNOWN"",""UNKNOWN"",""UNKNOWN"",""UNKNOWN""]","[null,null,null,null,null,null,null,null,null,null,null,null,null]",,/data1/Kane/ACT/audit_results/r93_rerun_20260525T083118Z/round5_aftersimplify_20260526T234325Z/lsnc_relu_cuda/per_instance_lsnc_relu_20260527T012108746795Z.json
round5_cuda,71,UNKNOWN,UNKNOWN,UNKNOWN,UNKNOWN,2.699,,False,,PASSED,,onnx/relu_quadrotor2d_state.onnx,vnnlib/quadrotor2d_state_71.vnnlib,"[""UNKNOWN"",""UNKNOWN"",""UNKNOWN"",""UNKNOWN"",""UNKNOWN"",""UNKNOWN"",""UNKNOWN"",""UNKNOWN"",""UNKNOWN"",""UNKNOWN"",""UNKNOWN"",""UNKNOWN"",""UNKNOWN""]","[""UNKNOWN"",""UNKNOWN"",""UNKNOWN"",""UNKNOWN"",""UNKNOWN"",""UNKNOWN"",""UNKNOWN"",""UNKNOWN"",""UNKNOWN"",""UNKNOWN"",""UNKNOWN"",""UNKNOWN"",""UNKNOWN""]","[null,null,null,null,null,null,null,null,null,null,null,null,null]",,/data1/Kane/ACT/audit_results/r93_rerun_20260525T083118Z/round5_aftersimplify_20260526T234325Z/lsnc_relu_cuda/per_instance_lsnc_relu_20260527T012115453488Z.json
round5_cuda,72,UNKNOWN,UNKNOWN,UNKNOWN,UNKNOWN,2.751,,False,,PASSED,,onnx/relu_quadrotor2d_state.onnx,vnnlib/quadrotor2d_state_72.vnnlib,"[""UNKNOWN"",""UNKNOWN"",""UNKNOWN"",""UNKNOWN"",""UNKNOWN"",""UNKNOWN"",""UNKNOWN"",""UNKNOWN"",""UNKNOWN"",""UNKNOWN"",""UNKNOWN"",""UNKNOWN"",""UNKNOWN""]","[""UNKNOWN"",""UNKNOWN"",""UNKNOWN"",""UNKNOWN"",""UNKNOWN"",""UNKNOWN"",""UNKNOWN"",""UNKNOWN"",""UNKNOWN"",""UNKNOWN"",""UNKNOWN"",""UNKNOWN"",""UNKNOWN""]","[null,null,null,null,null,null,null,null,null,null,null,null,null]",,/data1/Kane/ACT/audit_results/r93_rerun_20260525T083118Z/round5_aftersimplify_20260526T234325Z/lsnc_relu_cuda/per_instance_lsnc_relu_20260527T012121947229Z.json
round5_cuda,73,UNKNOWN,UNKNOWN,UNKNOWN,UNKNOWN,3.492,,False,,PASSED,,onnx/relu_quadrotor2d_state.onnx,vnnlib/quadrotor2d_state_73.vnnlib,"[""UNKNOWN"",""UNKNOWN"",""UNKNOWN"",""UNKNOWN"",""UNKNOWN"",""UNKNOWN"",""UNKNOWN"",""UNKNOWN"",""UNKNOWN"",""UNKNOWN"",""UNKNOWN"",""UNKNOWN"",""UNKNOWN""]","[""UNKNOWN"",""UNKNOWN"",""UNKNOWN"",""UNKNOWN"",""UNKNOWN"",""UNKNOWN"",""UNKNOWN"",""UNKNOWN"",""UNKNOWN"",""UNKNOWN"",""UNKNOWN"",""UNKNOWN"",""UNKNOWN""]","[null,null,null,null,null,null,null,null,null,null,null,null,null]",,/data1/Kane/ACT/audit_results/r93_rerun_20260525T083118Z/round5_aftersimplify_20260526T234325Z/lsnc_relu_cuda/per_instance_lsnc_relu_20260527T012129275014Z.json
round5_cuda,74,UNKNOWN,UNKNOWN,UNKNOWN,UNKNOWN,2.731,,False,,PASSED,,onnx/relu_quadrotor2d_state.onnx,vnnlib/quadrotor2d_state_74.vnnlib,"[""UNKNOWN"",""UNKNOWN"",""UNKNOWN"",""UNKNOWN"",""UNKNOWN"",""UNKNOWN"",""UNKNOWN"",""UNKNOWN"",""UNKNOWN"",""UNKNOWN"",""UNKNOWN"",""UNKNOWN"",""UNKNOWN""]","[""UNKNOWN"",""UNKNOWN"",""UNKNOWN"",""UNKNOWN"",""UNKNOWN"",""UNKNOWN"",""UNKNOWN"",""UNKNOWN"",""UNKNOWN"",""UNKNOWN"",""UNKNOWN"",""UNKNOWN"",""UNKNOWN""]","[null,null,null,null,null,null,null,null,null,null,null,null,null]",,/data1/Kane/ACT/audit_results/r93_rerun_20260525T083118Z/round5_aftersimplify_20260526T234325Z/lsnc_relu_cuda/per_instance_lsnc_relu_20260527T012136085127Z.json
round5_cuda,75,UNKNOWN,UNKNOWN,UNKNOWN,UNKNOWN,2.726,,False,,PASSED,,onnx/relu_quadrotor2d_state.onnx,vnnlib/quadrotor2d_state_75.vnnlib,"[""UNKNOWN"",""UNKNOWN"",""UNKNOWN"",""UNKNOWN"",""UNKNOWN"",""UNKNOWN"",""UNKNOWN"",""UNKNOWN"",""UNKNOWN"",""UNKNOWN"",""UNKNOWN"",""UNKNOWN"",""UNKNOWN""]","[""UNKNOWN"",""UNKNOWN"",""UNKNOWN"",""UNKNOWN"",""UNKNOWN"",""UNKNOWN"",""UNKNOWN"",""UNKNOWN"",""UNKNOWN"",""UNKNOWN"",""UNKNOWN"",""UNKNOWN"",""UNKNOWN""]","[null,null,null,null,null,null,null,null,null,null,null,null,null]",,/data1/Kane/ACT/audit_results/r93_rerun_20260525T083118Z/round5_aftersimplify_20260526T234325Z/lsnc_relu_cuda/per_instance_lsnc_relu_20260527T012142580653Z.json
round5_cuda,76,UNKNOWN,UNKNOWN,UNKNOWN,UNKNOWN,2.658,,False,,PASSED,,onnx/relu_quadrotor2d_state.onnx,vnnlib/quadrotor2d_state_76.vnnlib,"[""UNKNOWN"",""UNKNOWN"",""UNKNOWN"",""UNKNOWN"",""UNKNOWN"",""UNKNOWN"",""UNKNOWN"",""UNKNOWN"",""UNKNOWN"",""UNKNOWN"",""UNKNOWN"",""UNKNOWN"",""UNKNOWN""]","[""UNKNOWN"",""UNKNOWN"",""UNKNOWN"",""UNKNOWN"",""UNKNOWN"",""UNKNOWN"",""UNKNOWN"",""UNKNOWN"",""UNKNOWN"",""UNKNOWN"",""UNKNOWN"",""UNKNOWN"",""UNKNOWN""]","[null,null,null,null,null,null,null,null,null,null,null,null,null]",,/data1/Kane/ACT/audit_results/r93_rerun_20260525T083118Z/round5_aftersimplify_20260526T234325Z/lsnc_relu_cuda/per_instance_lsnc_relu_20260527T012149034968Z.json
round5_cuda,77,UNKNOWN,UNKNOWN,UNKNOWN,UNKNOWN,2.583,,False,,PASSED,,onnx/relu_quadrotor2d_state.onnx,vnnlib/quadrotor2d_state_77.vnnlib,"[""UNKNOWN"",""UNKNOWN"",""UNKNOWN"",""UNKNOWN"",""UNKNOWN"",""UNKNOWN"",""UNKNOWN"",""UNKNOWN"",""UNKNOWN"",""UNKNOWN"",""UNKNOWN"",""UNKNOWN"",""UNKNOWN""]","[""UNKNOWN"",""UNKNOWN"",""UNKNOWN"",""UNKNOWN"",""UNKNOWN"",""UNKNOWN"",""UNKNOWN"",""UNKNOWN"",""UNKNOWN"",""UNKNOWN"",""UNKNOWN"",""UNKNOWN"",""UNKNOWN""]","[null,null,null,null,null,null,null,null,null,null,null,null,null]",,/data1/Kane/ACT/audit_results/r93_rerun_20260525T083118Z/round5_aftersimplify_20260526T234325Z/lsnc_relu_cuda/per_instance_lsnc_relu_20260527T012155455262Z.json
round5_cuda,78,UNKNOWN,UNKNOWN,UNKNOWN,UNKNOWN,4.031,,False,,PASSED,,onnx/relu_quadrotor2d_state.onnx,vnnlib/quadrotor2d_state_78.vnnlib,"[""UNKNOWN"",""UNKNOWN"",""UNKNOWN"",""UNKNOWN"",""UNKNOWN"",""UNKNOWN"",""UNKNOWN"",""UNKNOWN"",""UNKNOWN"",""UNKNOWN"",""UNKNOWN"",""UNKNOWN"",""UNKNOWN""]","[""UNKNOWN"",""UNKNOWN"",""UNKNOWN"",""UNKNOWN"",""UNKNOWN"",""UNKNOWN"",""UNKNOWN"",""UNKNOWN"",""UNKNOWN"",""UNKNOWN"",""UNKNOWN"",""UNKNOWN"",""UNKNOWN""]","[null,null,null,null,null,null,null,null,null,null,null,null,null]",,/data1/Kane/ACT/audit_results/r93_rerun_20260525T083118Z/round5_aftersimplify_20260526T234325Z/lsnc_relu_cuda/per_instance_lsnc_relu_20260527T012203277208Z.json
round5_cuda,79,UNKNOWN,UNKNOWN,UNKNOWN,UNKNOWN,2.486,,False,,PASSED,,onnx/relu_quadrotor2d_state.onnx,vnnlib/quadrotor2d_state_79.vnnlib,"[""UNKNOWN"",""UNKNOWN"",""UNKNOWN"",""UNKNOWN"",""UNKNOWN"",""UNKNOWN"",""UNKNOWN"",""UNKNOWN"",""UNKNOWN"",""UNKNOWN"",""UNKNOWN"",""UNKNOWN"",""UNKNOWN""]","[""UNKNOWN"",""UNKNOWN"",""UNKNOWN"",""UNKNOWN"",""UNKNOWN"",""UNKNOWN"",""UNKNOWN"",""UNKNOWN"",""UNKNOWN"",""UNKNOWN"",""UNKNOWN"",""UNKNOWN"",""UNKNOWN""]","[null,null,null,null,null,null,null,null,null,null,null,null,null]",,/data1/Kane/ACT/audit_results/r93_rerun_20260525T083118Z/round5_aftersimplify_20260526T234325Z/lsnc_relu_cuda/per_instance_lsnc_relu_20260527T012209337786Z.json
round5_cuda,8,UNKNOWN,UNKNOWN,UNKNOWN,UNKNOWN,4.56,,False,,PASSED,,onnx/relu_quadrotor2d_state.onnx,vnnlib/quadrotor2d_state_8.vnnlib,"[""UNKNOWN"",""UNKNOWN"",""UNKNOWN"",""UNKNOWN"",""UNKNOWN"",""UNKNOWN"",""UNKNOWN"",""UNKNOWN"",""UNKNOWN"",""UNKNOWN"",""UNKNOWN"",""UNKNOWN"",""UNKNOWN""]","[""UNKNOWN"",""UNKNOWN"",""UNKNOWN"",""UNKNOWN"",""UNKNOWN"",""UNKNOWN"",""UNKNOWN"",""UNKNOWN"",""UNKNOWN"",""UNKNOWN"",""UNKNOWN"",""UNKNOWN"",""UNKNOWN""]","[null,null,null,null,null,null,null,null,null,null,null,null,null]",,/data1/Kane/ACT/audit_results/r93_rerun_20260525T083118Z/round5_aftersimplify_20260526T234325Z/lsnc_relu_cuda/per_instance_lsnc_relu_20260527T011110465669Z.json
round5_cuda,9,UNKNOWN,UNKNOWN,UNKNOWN,UNKNOWN,3.908,,False,,PASSED,,onnx/relu_quadrotor2d_state.onnx,vnnlib/quadrotor2d_state_9.vnnlib,"[""UNKNOWN"",""UNKNOWN"",""UNKNOWN"",""UNKNOWN"",""UNKNOWN"",""UNKNOWN"",""UNKNOWN"",""UNKNOWN"",""UNKNOWN"",""UNKNOWN"",""UNKNOWN"",""UNKNOWN"",""UNKNOWN""]","[""UNKNOWN"",""UNKNOWN"",""UNKNOWN"",""UNKNOWN"",""UNKNOWN"",""UNKNOWN"",""UNKNOWN"",""UNKNOWN"",""UNKNOWN"",""UNKNOWN"",""UNKNOWN"",""UNKNOWN"",""UNKNOWN""]","[null,null,null,null,null,null,null,null,null,null,null,null,null]",,/data1/Kane/ACT/audit_results/r93_rerun_20260525T083118Z/round5_aftersimplify_20260526T234325Z/lsnc_relu_cuda/per_instance_lsnc_relu_20260527T011118123254Z.json
