[0;93m2026-05-26 21:18:54.304401429 [W:onnxruntime:Default, device_discovery.cc:283 GetGpuDevices] Failed to detect devices under "/sys/class/drm/card0": device_discovery.cc:93 ReadFileContents Failed to open file: "/sys/class/drm/card0/device/vendor"[m
INFO     21:18:55     [tensor_storage.py:70] Hugepage enabled for branch-and-bound domains.
Configurations:

general:
  device: cuda
  seed: 100
  conv_mode: patches
  deterministic: false
  double_fp: false
  loss_reduction_func: sum
  sparse_alpha: true
  sparse_interm: true
  save_adv_example: true
  verify_onnxruntime_output: false
  eval_adv_example: false
  onnx_adv_example: false
  show_adv_example: false
  precompile_jit: true
  reset_seed_after_precompile: false
  prepare_only: false
  complete_verifier: bab
  enable_incomplete_verification: true
  csv_name: instances.csv
  results_file: /data1/Kane/ACT/audit_results/abcrown_nopgd_20260525/cifar100_2024/0150__CIFAR100_resnet_large__CIFAR100_resnet_large_prop_idx_5769_sidx_1524_eps_0.0039.result
  root_path: ../../vnncomp2025_benchmarks/benchmarks/cifar100_2024
  deterministic_opt: false
  graph_optimizer: 'Customized("custom_graph_optimizer", "default_optimizer")'
  buffer_has_batchdim: false
  save_output: false
  output_file: out.pkl
  return_optimized_model: false
  store_all_specs_on_cpu: false
  adhoc_tuning: null
model:
  name: null
  path: null
  onnx_path: /data1/Kane/data/vnncomp2025_benchmarks/benchmarks/cifar100_2024/onnx/CIFAR100_resnet_large.onnx
  onnx_path_prefix: ''
  cache_onnx_conversion: false
  debug_onnx: false
  onnx_quirks: null
  input_shape: null
  onnx_loader: default_onnx_and_vnnlib_loader
  onnx_optimization_flags: [merge_bn]
  onnx_vnnlib_joint_optimization_flags: none
  check_optimized: false
  flatten_final_output: false
  optimize_graph: null
  with_jacobian: false
data:
  start: 0
  end: 10000
  select_instance: null
  num_outputs: 10
  mean: 0.0
  std: 1.0
  pkl_path: null
  dataset: null
  data_filter_path: null
  data_idx_file: null
specification:
  type: lp
  robustness_type: verified-acc
  norm: .inf
  epsilon: null
  epsilon_min: 0.0
  vnnlib_path: /data1/Kane/data/vnncomp2025_benchmarks/benchmarks/cifar100_2024/vnnlib/CIFAR100_resnet_large_prop_idx_5769_sidx_1524_eps_0.0039.vnnlib
  vnnlib_path_prefix: ''
  shrink_eps: null
  rhs_offset: null
solver:
  batch_size: 256
  auto_enlarge_batch_size: true
  batched_crown_auto_enlarge_max_vram_ratio: 0.9
  min_batch_size_ratio: 0.1
  use_float64_in_last_iteration: false
  early_stop_patience: 10
  start_save_best: 0.5
  bound_prop_method: alpha-crown
  init_bound_prop_method: same
  prune_after_crown: true
  optimize_disjuncts_separately: false
  build_batch_size: 1000000
  skip_with_refined_bound: true
  forward_before_compute_bounds: false
  crown:
    batch_size: 1000000000
    max_crown_size: 1000000000
    activation_bound_option: adaptive
    compare_crown_with_ibp: false
  alpha-crown:
    alpha: true
    lr_alpha: 0.25
    iteration: 20
    share_alphas: false
    lr_decay: 0.98
    full_conv_alpha: false
    max_coeff_mul: .inf
    matmul_share_alphas: false
    disable_optimization: []
    max_time: 1.0
    alpha_dtype: float16
  invprop:
    apply_output_constraints_to: []
    tighten_input_bounds: false
    best_of_oc_and_no_oc: false
    directly_optimize: []
    oc_lr: 0.1
    share_gammas: false
  beta-crown:
    lr_alpha: 0.1
    lr_beta: 0.2
    lr_decay: 0.98
    optimizer: adam
    iteration: 10
    beta: true
    beta_warmup: true
    enable_opt_interm_bounds: false
    all_node_split_LP: false
  forward:
    refine: false
    max_dim: 10000
    reset_threshold: 1.0
  intermediate_refinement:
    enabled: false
    batch_size: 10
    opt_coeffs: false
    opt_bias: false
    lr: 0.05
    layers: [-1]
    max_domains: 1000
  mip:
    unstable_neuron_threshold: 0
    parallel_solvers: null
    solver_threads: 1
    refine_neuron_timeout: 15
    refine_neuron_time_percentage: 0.8
    early_stop: true
    adv_warmup: true
    mip_solver: gurobi
    skip_unsafe: false
    topk_filter: 1.0
    sliding_window: -1
    extra_constraint: false
    refine_neuron_timeout_increasement: 0
    timeout_neuron_percentage: 0.3
    remaining_timeout_threshold: 1
    remove_unstable_neurons: false
    lp_solver: false
bab:
  max_domains: .inf
  decision_thresh: 0
  timeout: 100.0
  timeout_scale: 1
  max_iterations: -1
  override_timeout: null
  get_upper_bound: false
  pruning_in_iteration: true
  pruning_in_iteration_ratio: 0.2
  sort_targets: false
  batched_domain_list: true
  optimized_interm: ''
  interm_transfer: true
  recompute_interm: false
  sort_domain_interval: -1
  vanilla_crown: false
  tree_traversal: depth_first
  hugetensor_allocator: true
  cut:
    enabled: false
    cuts_path: null
    implication: false
    bab_cut: false
    lp_cut: false
    method: null
    lr: 0.01
    lr_decay: 1.0
    iteration: 100
    bab_iteration: -1
    early_stop_patience: -1
    lr_beta: 0.02
    number_cuts: 50
    topk_cuts_in_filter: 1000
    batch_size_primal: 100
    max_num: 1000000000
    patches_cut: false
    cplex_cuts: false
    cplex_cuts_wait: 0
    cplex_cuts_revpickup: true
    cut_reference_bounds: true
    fix_intermediate_bounds: false
    _tmp_cuts: null
    fixed_cuts: false
    add_implied_cuts: false
    add_input_cuts: false
    biccos:
      enabled: false
      constraint_strengthening: true
      recursively_strengthening: false
      drop_ratio: 0.5
      verified_bonus: 0.3
      max_infer_iter: 20
      max_domain: 10000.0
      heuristic: neuron_influence_score
      save_biccos_cuts: false
      multi_tree_branching:
        enabled: false
        restore_best_tree: false
        keep_n_best_domains: 1
        k_splits: 1
        iterations: 1
  clip_n_verify:
    rearrange_constraints: false
    alpha_crown: false
    prune: false
    final_layer: false
    clip_input_domain:
      enabled: false
      clip_type: relaxed
      heuristic_K: 0.0
      clip_iterations: 1
      clip_calculate_volume_metrics: false
    clip_interm_domain:
      enabled: true
      with_input: false
      clip_in_alpha_crown: false
      topk_objective: 20
  branching:
    method: kfsb
    candidates: 7
    reduceop: max
    enable_intermediate_bound_opt: false
    branching_input_and_activation: false
    branching_input_and_activation_order: [input, relu]
    branching_input_iterations: 30
    branching_relu_iterations: 50
    nonlinear_split:
      method: bbps
      disable: false
      branching_point_method: uniform
      num_branches: 2
      filter: false
      filter_beta: false
      filter_clamp: false
      filter_batch_size: 10000
      filter_iterations: 25
      relu_only: false
      loose_tanh_threshold: null
      branching_point:
        db_path: branching_points.pt
        num_iterations: 1000
        batch_size: 1000000
        range_l: -5.0
        range_u: 5.0
        log_interval: 100
        step_size_1d: 0.01
        step_size: 0.2
    input_split:
      split_hint: null
      enable: false
      reorder_bab: false
      input_dim_threshold: 20
      adv_check: 0
      split_partitions: 2
      sb_margin_weight: 1.0
      sb_sum: false
      sb_primary_spec: null
      bf_backup_thresh: -1
      bf_rhs_offset: 0
      bf_iters: 1000000000.0
      bf_batch_size: 100000
      bf_zero_crossing_score: false
      touch_zero_score: 0
      ibp_enhancement: false
      compare_with_old_bounds: true
      update_rhs_with_attack: false
      sb_coeff_thresh: 0.001
      sort_index: null
      sort_descending: true
      show_progress: false
      presplit_domains: null
      skip_getting_worst_domain: false
  attack:
    enabled: false
    beam_candidates: 8
    beam_depth: 7
    max_dive_fix_ratio: 0.8
    min_local_free_ratio: 0.2
    mip_start_iteration: 5
    mip_timeout: 30.0
    adv_pool_threshold: null
    refined_mip_attacker: false
    refined_batch_size: null
attack:
  general_attack: true
  pgd_order: skip
  pgd_steps: 100
  pgd_restarts: 10
  pgd_batch_size: 100000000
  pgd_early_stop: true
  pgd_lr_decay: 0.99
  pgd_alpha: auto
  pgd_alpha_scale: false
  pgd_loss_mode: null
  pgd_restart_when_stuck: false
  enable_mip_attack: false
  adv_saver: default_adv_saver
  adv_verifier: default_adv_verifier
  early_stop_condition: default_early_stop_condition
  adv_example_finalizer: default_adv_example_finalizer
  pgd_loss: default_pgd_loss
  cex_path: ./test_cex.txt
  attack_mode: PGD
  attack_tolerance: 0.0
  attack_func: attack_with_general_specs
  gama_lambda: 10.0
  gama_decay: 0.9
  input_split:
    pgd_steps: 100
    pgd_restarts: 30
    pgd_alpha: auto
  input_split_check_adv:
    enabled: auto
    pgd_steps: 5
    pgd_restarts: 5
    pgd_alpha: auto
    max_num_domains: 10
debug:
  view_model: false
  lp_test: null
  rescale_vnnlib_ptb: null
  test_optimized_bounds: false
  test_optimized_bounds_after_n_iterations: 0
  print_verbose_decisions: false
  sanity_check: null
  save_minimal_config: null
  save_minimal_config_omit_keys: []
/data1/Kane/alpha-beta-CROWN_vnncomp2025/complete_verifier/read_vnnlib.py:184: DeprecationWarning: numpy.core.numeric is deprecated and has been renamed to numpy._core.numeric. The numpy._core namespace contains private NumPy internals and its use is discouraged, as NumPy internals can change without warning in any release. In practice, most real-world usage of numpy.core is to access functionality in the public NumPy API. If that is the case, use the public NumPy API. If not, you are using NumPy internals. If you would still like to access an internal attribute, use numpy._core.numeric._frombuffer.
  final_rv, old_file_sha256 = pickle.load(extf)
/data1/Kane/miniconda3/envs/abcrown25/lib/python3.11/site-packages/onnx2pytorch/convert/model.py:151: UserWarning: Using experimental implementation that allows 'batch_size > 1'.Batchnorm layers could potentially produce false outputs.
  warnings.warn(
/data1/Kane/miniconda3/envs/abcrown25/lib/python3.11/site-packages/onnx2pytorch/utils.py:21: TracerWarning: Converting a tensor to a Python boolean might cause the trace to be incorrect. We can't record the data flow of Python values, so this value will be treated as a constant in the future. This means that the trace might not generalize to other inputs!
  return value.ndim == 0 or value.shape == torch.Size([1])
/data1/Kane/miniconda3/envs/abcrown25/lib/python3.11/site-packages/onnx2pytorch/operations/add.py:34: TracerWarning: Converting a tensor to a Python boolean might cause the trace to be incorrect. We can't record the data flow of Python values, so this value will be treated as a constant in the future. This means that the trace might not generalize to other inputs!
  elif all(x == 1 for x in input[0].shape):

Experiments at Tue May 26 21:18:55 2026 on dell-pro-max-tower-t2
Pre-compile jit kernels on a toy network...
JIT kernels compiled in 1.1505s.
Internal results will be saved to /data1/Kane/ACT/audit_results/abcrown_nopgd_20260525/cifar100_2024/0150__CIFAR100_resnet_large__CIFAR100_resnet_large_prop_idx_5769_sidx_1524_eps_0.0039.result.

 %%%%%%%%%%%%%%%%%%%%%%%%%%%%%%%%%%% idx: 0, vnnlib ID: 0 %%%%%%%%%%%%%%%%%%%%%%%%%%%%%%%%%%%
Using onnx /data1/Kane/data/vnncomp2025_benchmarks/benchmarks/cifar100_2024/onnx/CIFAR100_resnet_large.onnx
Using vnnlib /data1/Kane/data/vnncomp2025_benchmarks/benchmarks/cifar100_2024/vnnlib/CIFAR100_resnet_large_prop_idx_5769_sidx_1524_eps_0.0039.vnnlib
Precompiled vnnlib file found at /data1/Kane/data/vnncomp2025_benchmarks/benchmarks/cifar100_2024/vnnlib/CIFAR100_resnet_large_prop_idx_5769_sidx_1524_eps_0.0039.vnnlib.compiled
Loading onnx /data1/Kane/data/vnncomp2025_benchmarks/benchmarks/cifar100_2024/onnx/CIFAR100_resnet_large.onnx with quirks {}
Onnx optimization with flags: ['merge_bn']
Found existed optimized onnx model at /data1/Kane/data/vnncomp2025_benchmarks/benchmarks/cifar100_2024/onnx/CIFAR100_resnet_large.onnx.optimized
Finished onnx model loading in 0.1262 seconds
Finished vnnlib processing in 0.008760 seconds
Model: BoundedModule(
  (/input-1): BoundInput(name=/input-1, inputs=[], perturbed=True)
  (/45): BoundParams(name=/45, inputs=[], perturbed=False)
  (/46): BoundParams(name=/46, inputs=[], perturbed=False)
  (/47): BoundParams(name=/47, inputs=[], perturbed=False)
  (/48): BoundParams(name=/48, inputs=[], perturbed=False)
  (/49): BoundParams(name=/49, inputs=[], perturbed=False)
  (/50): BoundParams(name=/50, inputs=[], perturbed=False)
  (/51): BoundParams(name=/51, inputs=[], perturbed=False)
  (/52): BoundParams(name=/52, inputs=[], perturbed=False)
  (/53): BoundParams(name=/53, inputs=[], perturbed=False)
  (/54): BoundParams(name=/54, inputs=[], perturbed=False)
  (/55): BoundParams(name=/55, inputs=[], perturbed=False)
  (/56): BoundParams(name=/56, inputs=[], perturbed=False)
  (/57): BoundParams(name=/57, inputs=[], perturbed=False)
  (/58): BoundParams(name=/58, inputs=[], perturbed=False)
  (/59): BoundParams(name=/59, inputs=[], perturbed=False)
  (/60): BoundParams(name=/60, inputs=[], perturbed=False)
  (/61): BoundParams(name=/61, inputs=[], perturbed=False)
  (/62): BoundParams(name=/62, inputs=[], perturbed=False)
  (/63): BoundParams(name=/63, inputs=[], perturbed=False)
  (/64): BoundParams(name=/64, inputs=[], perturbed=False)
  (/65): BoundParams(name=/65, inputs=[], perturbed=False)
  (/66): BoundParams(name=/66, inputs=[], perturbed=False)
  (/67): BoundParams(name=/67, inputs=[], perturbed=False)
  (/68): BoundParams(name=/68, inputs=[], perturbed=False)
  (/69): BoundParams(name=/69, inputs=[], perturbed=False)
  (/70): BoundParams(name=/70, inputs=[], perturbed=False)
  (/71): BoundParams(name=/71, inputs=[], perturbed=False)
  (/72): BoundParams(name=/72, inputs=[], perturbed=False)
  (/73): BoundParams(name=/73, inputs=[], perturbed=False)
  (/74): BoundParams(name=/74, inputs=[], perturbed=False)
  (/75): BoundParams(name=/75, inputs=[], perturbed=False)
  (/76): BoundParams(name=/76, inputs=[], perturbed=False)
  (/77): BoundParams(name=/77, inputs=[], perturbed=False)
  (/78): BoundParams(name=/78, inputs=[], perturbed=False)
  (/79): BoundParams(name=/79, inputs=[], perturbed=False)
  (/80): BoundParams(name=/80, inputs=[], perturbed=False)
  (/81): BoundParams(name=/81, inputs=[], perturbed=False)
  (/82): BoundParams(name=/82, inputs=[], perturbed=False)
  (/83): BoundParams(name=/83, inputs=[], perturbed=False)
  (/84): BoundParams(name=/84, inputs=[], perturbed=False)
  (/85): BoundParams(name=/85, inputs=[], perturbed=False)
  (/86): BoundParams(name=/86, inputs=[], perturbed=False)
  (/87): BoundParams(name=/87, inputs=[], perturbed=False)
  (/88): BoundParams(name=/88, inputs=[], perturbed=False)
  (/input): BoundConv(name=/input, inputs=[/input-1, /45, /46], perturbed=True)
  (/input-4): BoundRelu(name=/input-4, inputs=[/input], perturbed=True)
  (/input-8): BoundConv(name=/input-8, inputs=[/input-4, /47, /48], perturbed=True)
  (/input-12): BoundRelu(name=/input-12, inputs=[/input-8], perturbed=True)
  (/93): BoundConv(name=/93, inputs=[/input-12, /49, /50], perturbed=True)
  (/94): BoundAdd(name=/94, inputs=[/93, /input-4], perturbed=True)
  (/input-16): BoundConv(name=/input-16, inputs=[/94, /51, /52], perturbed=True)
  (/input-20): BoundRelu(name=/input-20, inputs=[/input-16], perturbed=True)
  (/97): BoundConv(name=/97, inputs=[/input-20, /53, /54], perturbed=True)
  (/98): BoundAdd(name=/98, inputs=[/97, /94], perturbed=True)
  (/input-24): BoundConv(name=/input-24, inputs=[/98, /55, /56], perturbed=True)
  (/input-28): BoundRelu(name=/input-28, inputs=[/input-24], perturbed=True)
  (/101): BoundConv(name=/101, inputs=[/input-28, /57, /58], perturbed=True)
  (/102): BoundConv(name=/102, inputs=[/98, /59, /60], perturbed=True)
  (/103): BoundAdd(name=/103, inputs=[/101, /102], perturbed=True)
  (/input-32): BoundConv(name=/input-32, inputs=[/103, /61, /62], perturbed=True)
  (/input-36): BoundRelu(name=/input-36, inputs=[/input-32], perturbed=True)
  (/106): BoundConv(name=/106, inputs=[/input-36, /63, /64], perturbed=True)
  (/107): BoundAdd(name=/107, inputs=[/106, /103], perturbed=True)
  (/input-40): BoundConv(name=/input-40, inputs=[/107, /65, /66], perturbed=True)
  (/input-44): BoundRelu(name=/input-44, inputs=[/input-40], perturbed=True)
  (/110): BoundConv(name=/110, inputs=[/input-44, /67, /68], perturbed=True)
  (/111): BoundConv(name=/111, inputs=[/107, /69, /70], perturbed=True)
  (/112): BoundAdd(name=/112, inputs=[/110, /111], perturbed=True)
  (/input-48): BoundConv(name=/input-48, inputs=[/112, /71, /72], perturbed=True)
  (/input-52): BoundRelu(name=/input-52, inputs=[/input-48], perturbed=True)
  (/115): BoundConv(name=/115, inputs=[/input-52, /73, /74], perturbed=True)
  (/116): BoundAdd(name=/116, inputs=[/115, /112], perturbed=True)
  (/input-56): BoundConv(name=/input-56, inputs=[/116, /75, /76], perturbed=True)
  (/input-60): BoundRelu(name=/input-60, inputs=[/input-56], perturbed=True)
  (/119): BoundConv(name=/119, inputs=[/input-60, /77, /78], perturbed=True)
  (/120): BoundConv(name=/120, inputs=[/116, /79, /80], perturbed=True)
  (/121): BoundAdd(name=/121, inputs=[/119, /120], perturbed=True)
  (/input-64): BoundConv(name=/input-64, inputs=[/121, /81, /82], perturbed=True)
  (/input-68): BoundRelu(name=/input-68, inputs=[/input-64], perturbed=True)
  (/124): BoundConv(name=/124, inputs=[/input-68, /83, /84], perturbed=True)
  (/125): BoundAdd(name=/125, inputs=[/124, /121], perturbed=True)
  (/126): BoundFlatten(name=/126, inputs=[/125], perturbed=True)
  (/input-72): BoundLinear(name=/input-72, inputs=[/126, /85, /86], perturbed=True)
  (/128): BoundRelu(name=/128, inputs=[/input-72], perturbed=True)
  (/129): BoundLinear(name=/129, inputs=[/128, /87, /88], perturbed=True)
)
Original output in the first batch: tensor([[ -8.24520397,  -8.64395142,  -4.06472445,  -3.87256765,  -1.68716037,
          -6.11469793,  -6.21535540,  -5.62812281,  -7.51454926,  -5.58373404,
          -6.21301746,  -5.28252506,  -7.88781834,  -8.42066479,  -5.98470545,
          -2.66107488,  -6.39856577,  -7.95014429,  -7.65215969,  -5.83926630,
          -6.37971067,  -4.13936710,  -5.45233679, -10.69363499,  -4.29798508,
          -6.95120335,  -4.74438000,  -4.68232584,  -6.76175117,  -4.12779093,
          -5.12998390,  -6.37931347,  -5.10370064, -11.30125999,  -2.63619995,
          -4.70062685,  -4.11779881,  -6.89387035,  -2.38234210,  -9.36782455,
          -4.36289358,  -5.83012056,  -6.08340931,  -3.82895780,  -4.40176964,
          -6.30029964,  -5.27731419,  -9.24411774,  -6.44843197, -11.77959061,
          -2.01374936,  -6.35321712,  -9.60234070, -10.72284317,  -6.69421864,
          -1.09966660,  -6.09156132,  -5.61665821,  -6.22023010,  -9.26861382,
         -14.04743195,  -7.41193151,  -9.79603195,  -5.89481401,  -3.17420936,
          -3.18438053,  -5.74578142,  -6.12119293, -11.18714333,  -6.76382208,
          -8.05927563,  -9.07318211,  -2.45062017,  -7.70795965,  -3.87346935,
          -7.36823320, -10.63768578,  -2.47537518,  -5.46680927,  -5.04267168,
          -2.10499597,  -7.27680206,  -8.56163788,  -9.49938107,  -5.85065985,
          -7.19470835,  -6.79773617,  -5.45486212,  -5.18268871,  -5.09760189,
          -6.42783022,  -7.23706055,  -7.83004904,  -3.74743485,  -9.80577278,
          -5.71038485,  -9.77426243,  -6.35321903,  -5.44810772,  -7.80960464]],
       device='cuda:0')
Split layers:
Nonlinear functions:
   BoundRelu(name=/input-4, inputs=[/input], perturbed=True)
   BoundRelu(name=/input-12, inputs=[/input-8], perturbed=True)
   BoundRelu(name=/input-20, inputs=[/input-16], perturbed=True)
   BoundRelu(name=/input-28, inputs=[/input-24], perturbed=True)
   BoundRelu(name=/input-36, inputs=[/input-32], perturbed=True)
   BoundRelu(name=/input-44, inputs=[/input-40], perturbed=True)
   BoundRelu(name=/input-52, inputs=[/input-48], perturbed=True)
   BoundRelu(name=/input-60, inputs=[/input-56], perturbed=True)
   BoundRelu(name=/input-68, inputs=[/input-64], perturbed=True)
   BoundRelu(name=/128, inputs=[/input-72], perturbed=True)
build batch [1/1]
layer /input-4 using sparse-features alpha with shape [869]; unstable size 869; total size 65536 ([1, 64, 32, 32])
layer /input-4 start_node /input-8 using sparse-spec alpha [2, 48, 1, 869] with unstable size 47 total_size 64 output_shape 64
layer /input-4 start_node /input-24 using sparse-spec alpha [2, 49, 1, 869] with unstable size 48 total_size 128 output_shape 128
layer /input-4 start_node /input-40 using sparse-spec alpha [2, 69, 1, 869] with unstable size 68 total_size 128 output_shape 128
layer /input-4 start_node /input-72 using sparse-spec alpha [2, 33, 1, 869] with unstable size 32 total_size 100 output_shape torch.Size([100])
layer /input-4 start_node /129 using full alpha [2, 99, 1, 869] with unstable size None total_size 99 output_shape 99
layer /input-12 using sparse-features alpha with shape [1874]; unstable size 1874; total size 65536 ([1, 64, 32, 32])
layer /input-12 start_node /input-24 using sparse-spec alpha [2, 49, 1, 1874] with unstable size 48 total_size 128 output_shape 128
layer /input-12 start_node /input-40 using sparse-spec alpha [2, 69, 1, 1874] with unstable size 68 total_size 128 output_shape 128
layer /input-12 start_node /input-72 using sparse-spec alpha [2, 33, 1, 1874] with unstable size 32 total_size 100 output_shape torch.Size([100])
layer /input-12 start_node /129 using full alpha [2, 99, 1, 1874] with unstable size None total_size 99 output_shape 99
layer /input-20 using sparse-features alpha with shape [0]; unstable size 0; total size 65536 ([1, 64, 32, 32])
layer /input-20 start_node /input-24 using sparse-spec alpha [2, 49, 1, 0] with unstable size 48 total_size 128 output_shape 128
layer /input-20 start_node /input-40 using sparse-spec alpha [2, 69, 1, 0] with unstable size 68 total_size 128 output_shape 128
layer /input-20 start_node /input-72 using sparse-spec alpha [2, 33, 1, 0] with unstable size 32 total_size 100 output_shape torch.Size([100])
layer /input-20 start_node /129 using full alpha [2, 99, 1, 0] with unstable size None total_size 99 output_shape 99
layer /input-28 using sparse-features alpha with shape [333]; unstable size 333; total size 32768 ([1, 128, 16, 16])
layer /input-28 start_node /input-40 using sparse-spec alpha [2, 69, 1, 333] with unstable size 68 total_size 128 output_shape 128
layer /input-28 start_node /input-72 using sparse-spec alpha [2, 33, 1, 333] with unstable size 32 total_size 100 output_shape torch.Size([100])
layer /input-28 start_node /129 using full alpha [2, 99, 1, 333] with unstable size None total_size 99 output_shape 99
layer /input-36 using sparse-features alpha with shape [0]; unstable size 0; total size 32768 ([1, 128, 16, 16])
layer /input-36 start_node /input-40 using sparse-spec alpha [2, 69, 1, 0] with unstable size 68 total_size 128 output_shape 128
layer /input-36 start_node /input-72 using sparse-spec alpha [2, 33, 1, 0] with unstable size 32 total_size 100 output_shape torch.Size([100])
layer /input-36 start_node /129 using full alpha [2, 99, 1, 0] with unstable size None total_size 99 output_shape 99
layer /input-44 using sparse-features alpha with shape [295]; unstable size 295; total size 8192 ([1, 128, 8, 8])
layer /input-44 start_node /input-72 using sparse-spec alpha [2, 33, 1, 295] with unstable size 32 total_size 100 output_shape torch.Size([100])
layer /input-44 start_node /129 using full alpha [2, 99, 1, 295] with unstable size None total_size 99 output_shape 99
layer /input-52 using sparse-features alpha with shape [0]; unstable size 0; total size 8192 ([1, 128, 8, 8])
layer /input-52 start_node /input-72 using sparse-spec alpha [2, 33, 1, 0] with unstable size 32 total_size 100 output_shape torch.Size([100])
layer /input-52 start_node /129 using full alpha [2, 99, 1, 0] with unstable size None total_size 99 output_shape 99
layer /input-60 using sparse-features alpha with shape [0]; unstable size 0; total size 4096 ([1, 256, 4, 4])
layer /input-60 start_node /input-72 using sparse-spec alpha [2, 33, 1, 0] with unstable size 32 total_size 100 output_shape torch.Size([100])
layer /input-60 start_node /129 using full alpha [2, 99, 1, 0] with unstable size None total_size 99 output_shape 99
layer /input-68 using sparse-features alpha with shape [0]; unstable size 0; total size 4096 ([1, 256, 4, 4])
layer /input-68 start_node /input-72 using sparse-spec alpha [2, 33, 1, 0] with unstable size 32 total_size 100 output_shape torch.Size([100])
layer /input-68 start_node /129 using full alpha [2, 99, 1, 0] with unstable size None total_size 99 output_shape 99
layer /128 using sparse-features alpha with shape [32]; unstable size 32; total size 100 ([1, 100])
layer /128 start_node /129 using full alpha [2, 99, 1, 32] with unstable size None total_size 99 output_shape 99
Optimizable variables initialized.
initial CROWN bounds (first 10 items): [4.809144973754883, 5.333247661590576, 0.9581571221351624, 1.7708513736724854, -0.5247794985771179, 1.9410004615783691, 2.944629669189453, 2.1893978118896484, 3.9023098945617676, 1.4834606647491455]
prune_after_crown optimization in use
  original spec size = torch.Size([1, 99])
  pruned spec size = torch.Size([1, 5])
Using alpha-CROWN with output constraints to initialize bounds.
best_l after optimization: -0.656126856803894
alpha/beta optimization time: 2.464453935623169
initial alpha-crown bounds (first 10 items): [-0.4187271296977997, -0.040831804275512695, -0.27372920513153076, 0.007193803787231445, 0.06996750831604004]
Global lower bound: -0.4187271296977997
torch.Size([1, 5])
Initializing Domain Clipper...
Processing layer: /input, input name: /input-1
Layer: /input
    lA is a Patch object with shape torch.Size([869, 1, 3, 3, 3]), transferring to matrix.
    lA transfered from Patch with shape: torch.Size([1, 869, 3, 32, 32])
    uA is a Patch object with shape torch.Size([869, 1, 3, 3, 3]), transferring to matrix.
    uA transfered from Patch with shape: torch.Size([1, 869, 3, 32, 32])
    lbias with shape: torch.Size([1, 869])
    ubias with shape: torch.Size([1, 869])
Processing layer: /input-8, input name: /input-1
Layer: /input-8
    lA is a Patch object with shape torch.Size([1873, 1, 3, 5, 5]), transferring to matrix.
    lA transfered from Patch with shape: torch.Size([1, 1873, 3, 32, 32])
    uA is a Patch object with shape torch.Size([1873, 1, 3, 5, 5]), transferring to matrix.
    uA transfered from Patch with shape: torch.Size([1, 1873, 3, 32, 32])
    lbias with shape: torch.Size([1, 1873])
    ubias with shape: torch.Size([1, 1873])
Processing layer: /input-24, input name: /input-1
Layer: /input-24
    lA is a Patch object with shape torch.Size([312, 1, 3, 13, 13]), transferring to matrix.
    lA transfered from Patch with shape: torch.Size([1, 312, 3, 32, 32])
    uA is a Patch object with shape torch.Size([312, 1, 3, 13, 13]), transferring to matrix.
    uA transfered from Patch with shape: torch.Size([1, 312, 3, 32, 32])
    lbias with shape: torch.Size([1, 312])
    ubias with shape: torch.Size([1, 312])
Processing layer: /input-40, input name: /input-1
Layer: /input-40
    lA is a Patch object with shape torch.Size([287, 1, 3, 29, 29]), transferring to matrix.
    lA transfered from Patch with shape: torch.Size([1, 287, 3, 32, 32])
    uA is a Patch object with shape torch.Size([287, 1, 3, 29, 29]), transferring to matrix.
    uA transfered from Patch with shape: torch.Size([1, 287, 3, 32, 32])
    lbias with shape: torch.Size([1, 287])
    ubias with shape: torch.Size([1, 287])
Processing layer: /input-72, input name: /input-1/data1/Kane/alpha-beta-CROWN_vnncomp2025/complete_verifier/auto_LiRPA/concretize_func.py:577: UserWarning: torch.searchsorted(): input value tensor is non-contiguous, this will lower the performance due to extra data copy when converting non-contiguous tensor to contiguous, please use contiguous input value tensor if possible. This message will only appear once per program. (Triggered internally at /pytorch/aten/src/ATen/native/BucketizationUtils.h:32.)
  optimal_beta = _solve_dual_var(constr_a_solve, object_a_solve, constr_d_solve, epsilon_solve) # shape (B_act, H_act)

Layer: /input-72
    lA with shape: torch.Size([1, 29, 3, 32, 32])
    uA with shape: torch.Size([1, 29, 3, 32, 32])
    lbias with shape: torch.Size([1, 29])
    ubias with shape: torch.Size([1, 29])
Processing layer: /129, input name: /input-1
Domain Clipper Initialized in 0.0003769397735595703 s.
96 / 99 OR specs are verified.
Verified OR indices (first 10 items): [0, 1, 2, 3, 5, 6, 7, 8, 9, 10]
Verified OR lbs (first 10 items): [[inf], [inf], [inf], [inf], [inf], [inf], [inf], [inf], [inf], [inf]]
Unverified OR indices (first 10 items): [4, 38, 50]
Unverified OR lbs (first 10 items): [[-0.4187271296977997], [-0.040831804275512695], [-0.27372920513153076]]
###### Verifying property Instance 0 ######
Batch size: 3
First 10 spec matrices
C: tensor([[[ 0.,  0.,  0.,  0., -1.,  0.,  0.,  0.,  0.,  0.,  0.,  0.,  0.,  0.,
           0.,  0.,  0.,  0.,  0.,  0.,  0.,  0.,  0.,  0.,  0.,  0.,  0.,  0.,
           0.,  0.,  0.,  0.,  0.,  0.,  0.,  0.,  0.,  0.,  0.,  0.,  0.,  0.,
           0.,  0.,  0.,  0.,  0.,  0.,  0.,  0.,  0.,  0.,  0.,  0.,  0.,  1.,
           0.,  0.,  0.,  0.,  0.,  0.,  0.,  0.,  0.,  0.,  0.,  0.,  0.,  0.,
           0.,  0.,  0.,  0.,  0.,  0.,  0.,  0.,  0.,  0.,  0.,  0.,  0.,  0.,
           0.,  0.,  0.,  0.,  0.,  0.,  0.,  0.,  0.,  0.,  0.,  0.,  0.,  0.,
           0.,  0.]],

        [[ 0.,  0.,  0.,  0.,  0.,  0.,  0.,  0.,  0.,  0.,  0.,  0.,  0.,  0.,
           0.,  0.,  0.,  0.,  0.,  0.,  0.,  0.,  0.,  0.,  0.,  0.,  0.,  0.,
           0.,  0.,  0.,  0.,  0.,  0.,  0.,  0.,  0.,  0., -1.,  0.,  0.,  0.,
           0.,  0.,  0.,  0.,  0.,  0.,  0.,  0.,  0.,  0.,  0.,  0.,  0.,  1.,
           0.,  0.,  0.,  0.,  0.,  0.,  0.,  0.,  0.,  0.,  0.,  0.,  0.,  0.,
           0.,  0.,  0.,  0.,  0.,  0.,  0.,  0.,  0.,  0.,  0.,  0.,  0.,  0.,
           0.,  0.,  0.,  0.,  0.,  0.,  0.,  0.,  0.,  0.,  0.,  0.,  0.,  0.,
           0.,  0.]],

        [[ 0.,  0.,  0.,  0.,  0.,  0.,  0.,  0.,  0.,  0.,  0.,  0.,  0.,  0.,
           0.,  0.,  0.,  0.,  0.,  0.,  0.,  0.,  0.,  0.,  0.,  0.,  0.,  0.,
           0.,  0.,  0.,  0.,  0.,  0.,  0.,  0.,  0.,  0.,  0.,  0.,  0.,  0.,
           0.,  0.,  0.,  0.,  0.,  0.,  0.,  0., -1.,  0.,  0.,  0.,  0.,  1.,
           0.,  0.,  0.,  0.,  0.,  0.,  0.,  0.,  0.,  0.,  0.,  0.,  0.,  0.,
           0.,  0.,  0.,  0.,  0.,  0.,  0.,  0.,  0.,  0.,  0.,  0.,  0.,  0.,
           0.,  0.,  0.,  0.,  0.,  0.,  0.,  0.,  0.,  0.,  0.,  0.,  0.,  0.,
           0.,  0.]]], device='cuda:0')
RHS: tensor([[0.],
        [0.],
        [0.]], device='cuda:0')
OR spec sizes: tensor([1, 1, 1], device='cuda:0', dtype=torch.int32)
Remaining timeout: 96.75410747528076
Model prediction is: tensor([ -8.24520397,  -8.64395142,  -4.06472445,  -3.87256765,  -1.68716037,
         -6.11469793,  -6.21535540,  -5.62812281,  -7.51454926,  -5.58373404,
         -6.21301746,  -5.28252506,  -7.88781834,  -8.42066479,  -5.98470545,
         -2.66107488,  -6.39856577,  -7.95014429,  -7.65215969,  -5.83926630,
         -6.37971067,  -4.13936710,  -5.45233679, -10.69363499,  -4.29798508,
         -6.95120335,  -4.74438000,  -4.68232584,  -6.76175117,  -4.12779093,
         -5.12998390,  -6.37931347,  -5.10370064, -11.30125999,  -2.63619995,
         -4.70062685,  -4.11779881,  -6.89387035,  -2.38234210,  -9.36782455,
         -4.36289358,  -5.83012056,  -6.08340931,  -3.82895780,  -4.40176964,
         -6.30029964,  -5.27731419,  -9.24411774,  -6.44843197, -11.77959061,
         -2.01374936,  -6.35321712,  -9.60234070, -10.72284317,  -6.69421864,
         -1.09966660,  -6.09156132,  -5.61665821,  -6.22023010,  -9.26861382,
        -14.04743195,  -7.41193151,  -9.79603195,  -5.89481401,  -3.17420936,
         -3.18438053,  -5.74578142,  -6.12119293, -11.18714333,  -6.76382208,
         -8.05927563,  -9.07318211,  -2.45062017,  -7.70795965,  -3.87346935,
         -7.36823320, -10.63768578,  -2.47537518,  -5.46680927,  -5.04267168,
         -2.10499597,  -7.27680206,  -8.56163788,  -9.49938107,  -5.85065985,
         -7.19470835,  -6.79773617,  -5.45486212,  -5.18268871,  -5.09760189,
         -6.42783022,  -7.23706055,  -7.83004904,  -3.74743485,  -9.80577278,
         -5.71038485,  -9.77426243,  -6.35321903,  -5.44810772,  -7.80960464],
       device='cuda:0')
Activation BaB batch 1/1 
build_with_refined_bounds batch [1/1]
Optimizable variables initialized.
all alpha initialized
directly get lb and ub from refined bounds
c shape: torch.Size([3, 1, 100])
lA shapes: [torch.Size([3, 1, 64, 32, 32]), torch.Size([3, 1, 64, 32, 32]), torch.Size([3, 1, 64, 32, 32]), torch.Size([3, 1, 128, 16, 16]), torch.Size([3, 1, 128, 16, 16]), torch.Size([3, 1, 128, 8, 8]), torch.Size([3, 1, 128, 8, 8]), torch.Size([3, 1, 256, 4, 4]), torch.Size([3, 1, 256, 4, 4]), torch.Size([3, 1, 100])]
torch.Size([3, 1])
(alpha-)CROWN with fixed intermediate bounds: tensor([[-0.41872713],
        [-0.04083180],
        [-0.27372921]], device='cuda:0') tensor([[inf],
        [inf],
        [inf]], device='cuda:0')
Intermediate layers: /input,/input-8,/input-16,/input-24,/input-32,/input-40,/input-48,/input-56,/input-64,/input-72
Keeping alphas for these layers: ['/129']
Node /input-4 input 0: size torch.Size([64, 32, 32]) unstable 869
Node /input-12 input 0: size torch.Size([64, 32, 32]) unstable 1873
Node /input-20 input 0: size torch.Size([64, 32, 32]) unstable 0
Node /input-28 input 0: size torch.Size([128, 16, 16]) unstable 312
Node /input-36 input 0: size torch.Size([128, 16, 16]) unstable 0
Node /input-44 input 0: size torch.Size([128, 8, 8]) unstable 287
Node /input-52 input 0: size torch.Size([128, 8, 8]) unstable 0
Node /input-60 input 0: size torch.Size([256, 4, 4]) unstable 0
Node /input-68 input 0: size torch.Size([256, 4, 4]) unstable 0
Node /128 input 0: size torch.Size([100]) unstable 29
-----------------
# of unstable neurons: 3370
-----------------

Unstable Index Updated for Domain Clipper
BaB round 1
batch: 3
splitting decisions: 
split level 0: [/input-72, 42] [/input-72, 93] [/input-72, 42] 
split level 1: [/input-72, 16] [/input-72, 27] [/input-72, 66] 
split level 2: [/input-72, 93] [/input-72, 16] [/input-72, 70] 
Objective masks generated with topk: 20 objectives.
Use all histories
 layer: /input
    lower bounds improved: average # 207.58333333333334, value 6.102413559953372e-06
    upper bounds improved: average # 225.66666666666666, value -6.214870760838191e-06
 layer: /input-8
    lower bounds improved: average # 369.9166666666667, value 1.70757994055748e-05
    upper bounds improved: average # 371.0, value -1.7192214727401733e-05
 layer: /input-24
    lower bounds improved: average # 33.0, value 1.1983017126719158e-06
    upper bounds improved: average # 29.625, value -1.5559295813242595e-06
 layer: /input-40
    lower bounds improved: average # 46.583333333333336, value 0.00123052050669988
    upper bounds improved: average # 36.208333333333336, value -0.0016915562252203624
 layer: /input-72
    lower bounds improved: average # 17.041666666666668, value 0.7542393207550049
    upper bounds improved: average # 16.583333333333332, value -0.8868467807769775
Time: init 0.0001    concretize 0.0008    
Accumulated time: init 0.0016    concretize 0.0699    
Time: get_constraints 0.0032    concretize_interm_bounds 0.0702    update_interm_bounds 0.0023    optimize_interm_bounds 0.0758    
Accumulated time: optimize_interm_bounds 0.0758    get_constraints 0.0032    concretize_interm_bounds 0.0702    update_interm_bounds 0.0023    
best_l after optimization: 0.6577460765838623
beta sum per layer: [0.0, 0.0, 0.0, 0.0, 0.0, 0.0, 0.0, 0.0, 0.0, 1.3670265674591064]
alpha/beta optimization time: 0.34157514572143555
pruning_in_iteration open status: True
ratio of positive domain = 18 / 24 = 0.75
pruning-in-iteration extra time: 0.005278825759887695
torch.Size([24, 1])
Time: prepare 0.0006    bound 0.4198    transfer 0.0097    finalize 0.0010    func 0.4312    
Accumulated time: func 0.4312    prepare 0.0019    bound 0.4198    transfer 0.0097    finalize 0.0010    
max lb tensor(9.99999975e-05) min lb tensor(-0.31114393)
Number of Verified Splits: 18 of 24
Current worst splitting domains lb-rhs (depth):
-0.31114 (3), -0.29185 (3), -0.26066 (3), -0.24406 (3), -0.22314 (3), -0.03033 (3), 
Length of domains: 6
Current (lb-rhs): -0.3111439347267151
6 domains visited
Time: pickout 0.0013    decision 0.1575    set_bounds 0.0017    solve 0.4319    add 0.0047    
Accumulated time: pickout 0.0013    decision 0.1575    set_bounds 0.0017    solve 0.4319    add 0.0047    
Cumulative time: 0.6197347640991211

BaB round 2
batch: 6
splitting decisions: 
split level 0: [/input-72, 87] [/input-72, 74] [/input-72, 84] [/input-72, 87] [/input-72, 74] [/input-72, 84] 
split level 1: [/input-72, 48] [/input-72, 84] [/input-72, 16] [/input-72, 48] [/input-72, 84] [/input-72, 16] 
Objective masks generated with topk: 20 objectives.
Use all histories
 layer: /input
    lower bounds improved: average # 207.83333333333334, value 6.109864140550296e-06
    upper bounds improved: average # 226.5, value -6.091936180988948e-06
 layer: /input-8
    lower bounds improved: average # 368.5, value 1.695317526658376e-05
    upper bounds improved: average # 371.3333333333333, value -1.7231330275535583e-05
 layer: /input-24
    lower bounds improved: average # 34.666666666666664, value 0.006440730765461922
    upper bounds improved: average # 31.666666666666668, value -0.00926139826575915
 layer: /input-40
    lower bounds improved: average # 50.375, value 0.10039059321085612
    upper bounds improved: average # 39.916666666666664, value -0.19018582503000894
 layer: /input-72
    lower bounds improved: average # 17.375, value 2.2035694122314453
    upper bounds improved: average # 18.5, value -2.309682528177897
Time: init 0.0001    concretize 0.0011    
Accumulated time: init 0.0029    concretize 0.0823    
Time: get_constraints 0.0022    concretize_interm_bounds 0.0127    update_interm_bounds 0.0020    optimize_interm_bounds 0.0169    
Accumulated time: optimize_interm_bounds 0.0927    get_constraints 0.0054    concretize_interm_bounds 0.0830    update_interm_bounds 0.0043    
best_l after optimization: -0.5331342220306396
beta sum per layer: [0.0, 0.0, 0.0, 0.0, 0.0, 0.0, 0.0, 0.0, 0.0, 10.268431663513184]
alpha/beta optimization time: 0.2041633129119873
pruning_in_iteration open status: True
ratio of positive domain = 12 / 24 = 0.5
pruning-in-iteration extra time: 0.004619598388671875
torch.Size([24, 1])
Time: prepare 0.0011    bound 0.2237    transfer 0.0045    finalize 0.0007    func 0.2300    
Accumulated time: func 0.6611    prepare 0.0042    bound 0.6435    transfer 0.0142    finalize 0.0017    
max lb tensor(9.99999975e-05) min lb tensor(-0.30581102)
Number of Verified Splits: 12 of 24
Current worst splitting domains lb-rhs (depth):
-0.30581 (5), -0.28614 (5), -0.22018 (5), -0.20227 (5), -0.18534 (5), -0.17399 (5), -0.17070 (5), -0.12292 (5), -0.09862 (5), -0.08137 (5), -0.05518 (5), -0.05369 (5), 
Length of domains: 12
Current (lb-rhs): -0.3058110177516937
18 domains visited
Time: pickout 0.0024    decision 0.0563    set_bounds 0.0012    solve 0.2305    add 0.0087    
Accumulated time: pickout 0.0037    decision 0.2138    set_bounds 0.0030    solve 0.6624    add 0.0135    
Cumulative time: 0.9192941188812256

BaB round 3
batch: 12
splitting decisions: 
split level 0: [/input-72, 84] [/input-72, 84] [/input-72, 74] [/input-40, 1572] [/input-72, 74] [/input-72, 84] [/input-72, 84] [/input-72, 82] [/input-72, 87] [/input-40, 1572] 
Objective masks generated with topk: 20 objectives.
 layer: /input
    lower bounds improved: average # 206.70833333333334, value 6.034116571148236e-06
    upper bounds improved: average # 226.33333333333334, value -6.026122719049454e-06
 layer: /input-8
    lower bounds improved: average # 368.8333333333333, value 1.6919337213039398e-05
    upper bounds improved: average # 371.7916666666667, value -1.7210841178894043e-05
 layer: /input-24
    lower bounds improved: average # 33.708333333333336, value 0.00036480432997147244
    upper bounds improved: average # 30.708333333333332, value -0.0008354435364405314
 layer: /input-40
    lower bounds improved: average # 49.0, value 0.025182147820790608
    upper bounds improved: average # 38.958333333333336, value -0.039824595053990684
 layer: /input-72
    lower bounds improved: average # 12.5, value 0.8951497077941895
    upper bounds improved: average # 14.458333333333334, value -0.9172632694244385
Time: init 0.0001    concretize 0.0004    
Accumulated time: init 0.0041    concretize 0.0872    
Time: get_constraints 0.0012    concretize_interm_bounds 0.0052    update_interm_bounds 0.0019    optimize_interm_bounds 0.0083    
Accumulated time: optimize_interm_bounds 0.1010    get_constraints 0.0066    concretize_interm_bounds 0.0882    update_interm_bounds 0.0061    
best_l after optimization: -1.542540431022644
beta sum per layer: [0.0, 0.0, 0.0, 0.0, 0.0, 1.4709213972091675, 0.0, 0.0, 0.0, 11.745010375976562]
alpha/beta optimization time: 0.19988632202148438
pruning_in_iteration open status: True
ratio of positive domain = 8 / 24 = 0.33333333333333337
pruning-in-iteration extra time: 0.003793001174926758
torch.Size([24, 1])
Time: prepare 0.0011    bound 0.2107    transfer 0.0042    finalize 0.0007    func 0.2166    
Accumulated time: func 0.8778    prepare 0.0065    bound 0.8542    transfer 0.0184    finalize 0.0024    
max lb tensor(9.99999975e-05) min lb tensor(-0.27916956)
Number of Verified Splits: 8 of 24
Current worst splitting domains lb-rhs (depth):
-0.27917 (6), -0.25823 (6), -0.22800 (6), -0.21942 (6), -0.21853 (6), -0.20040 (6), -0.17858 (6), -0.17073 (6), -0.16540 (6), -0.11669 (6), -0.08852 (6), -0.07425 (6), -0.04404 (6), -0.03627 (6), -0.02198 (6), -0.02134 (6), 
Length of domains: 16
Current (lb-rhs): -0.27916955947875977
34 domains visited
Time: pickout 0.0034    decision 0.0588    set_bounds 0.0010    solve 0.2171    add 0.0085    
Accumulated time: pickout 0.0072    decision 0.2726    set_bounds 0.0039    solve 0.8795    add 0.0220    
Cumulative time: 1.2085142135620117

BaB round 4
batch: 16
splitting decisions: 
split level 0: [/input-72, 74] [/input-72, 74] [/input-72, 84] [/input-72, 50] [/input-72, 84] [/input-72, 74] [/input-72, 74] [/input-72, 74] [/input-72, 48] [/input-72, 50] 
Objective masks generated with topk: 20 objectives.
 layer: /input
    lower bounds improved: average # 206.5, value 6.007729098200798e-06
    upper bounds improved: average # 226.15625, value -6.025191396474838e-06
 layer: /input-8
    lower bounds improved: average # 368.84375, value 1.6883481293916702e-05
    upper bounds improved: average # 371.625, value -1.7168931663036346e-05
 layer: /input-24
    lower bounds improved: average # 35.03125, value 0.0010842448100447655
    upper bounds improved: average # 32.59375, value -0.0028989785350859165
 layer: /input-40
    lower bounds improved: average # 49.59375, value 0.052538368850946426
    upper bounds improved: average # 40.25, value -0.08897832036018372
 layer: /input-72
    lower bounds improved: average # 13.34375, value 1.3358381986618042
    upper bounds improved: average # 15.65625, value -1.1726641654968262
Time: init 0.0001    concretize 0.0004    
Accumulated time: init 0.0054    concretize 0.0923    
Time: get_constraints 0.0012    concretize_interm_bounds 0.0053    update_interm_bounds 0.0019    optimize_interm_bounds 0.0085    
Accumulated time: optimize_interm_bounds 0.1095    get_constraints 0.0078    concretize_interm_bounds 0.0936    update_interm_bounds 0.0081    
best_l after optimization: -1.190233826637268
beta sum per layer: [0.0, 0.0, 0.0, 0.0, 0.0, 2.852084159851074, 0.0, 0.0, 0.0, 18.95415496826172]
alpha/beta optimization time: 0.2098538875579834
pruning_in_iteration open status: True
ratio of positive domain = 10 / 32 = 0.3125
pruning-in-iteration extra time: 0.005120277404785156
torch.Size([32, 1])
Time: prepare 0.0014    bound 0.2208    transfer 0.0075    finalize 0.0015    func 0.2312    
Accumulated time: func 1.1090    prepare 0.0091    bound 1.0750    transfer 0.0259    finalize 0.0038    
max lb tensor(9.99999975e-05) min lb tensor(-0.26729721)
Number of Verified Splits: 10 of 32
Current worst splitting domains lb-rhs (depth):
-0.26730 (7), -0.24704 (7), -0.21477 (7), -0.21333 (7), -0.20621 (7), -0.19680 (7), -0.17692 (7), -0.16845 (7), -0.15734 (7), -0.14733 (7), -0.12446 (7), -0.11332 (7), -0.09718 (7), -0.09425 (7), -0.08552 (7), -0.06974 (7), -0.04526 (7), -0.03970 (7), -0.01854 (7), -0.01737 (7), 
Length of domains: 22
Current (lb-rhs): -0.2672972083091736
56 domains visited
Time: pickout 0.0041    decision 0.0599    set_bounds 0.0011    solve 0.2318    add 0.0134    
Accumulated time: pickout 0.0113    decision 0.3325    set_bounds 0.0050    solve 1.1113    add 0.0354    
Cumulative time: 1.5222973823547363

BaB round 5
batch: 22
splitting decisions: 
split level 0: [/input-72, 30] [/input-72, 82] [/input-72, 30] [/input-72, 97] [/input-72, 82] [/input-72, 30] [/input-72, 82] [/input-72, 84] [/input-72, 82] [/input-72, 97] 
Objective masks generated with topk: 20 objectives.
 layer: /input
    lower bounds improved: average # 206.5, value 6.0335521332242274e-06
    upper bounds improved: average # 226.29545454545453, value -6.023074754259803e-06
 layer: /input-8
    lower bounds improved: average # 368.72727272727275, value 1.6904182054779746e-05
    upper bounds improved: average # 371.97727272727275, value -1.721609045158733e-05
 layer: /input-24
    lower bounds improved: average # 33.0, value 5.732205781069669e-06
    upper bounds improved: average # 29.795454545454547, value -1.5747818079861728e-06
 layer: /input-40
    lower bounds improved: average # 46.59090909090909, value 0.0020479065450755033
    upper bounds improved: average # 36.09090909090909, value -0.0008039020679213784
 layer: /input-72
    lower bounds improved: average # 8.340909090909092, value 0.09483310309323398
    upper bounds improved: average # 11.795454545454545, value -0.1372626478021795
Time: init 0.0001    concretize 0.0005    
Accumulated time: init 0.0067    concretize 0.0991    
Time: get_constraints 0.0014    concretize_interm_bounds 0.0071    update_interm_bounds 0.0019    optimize_interm_bounds 0.0105    
Accumulated time: optimize_interm_bounds 0.1200    get_constraints 0.0093    concretize_interm_bounds 0.1007    update_interm_bounds 0.0100    
best_l after optimization: -3.4766592979431152
beta sum per layer: [0.0, 0.0, 0.0, 0.0, 0.0, 2.7741782665252686, 0.0, 0.0, 0.0, 25.442001342773438]
alpha/beta optimization time: 0.20702457427978516
pruning_in_iteration open status: True
ratio of positive domain = 9 / 44 = 0.20454545454545459
pruning-in-iteration extra time: 0.0034193992614746094
torch.Size([44, 1])
Time: prepare 0.0017    bound 0.2199    transfer 0.0244    finalize 0.0014    func 0.2474    
Accumulated time: func 1.3564    prepare 0.0126    bound 1.2948    transfer 0.0503    finalize 0.0052    
max lb tensor(9.99999975e-05) min lb tensor(-0.24214715)
Number of Verified Splits: 9 of 44
Current worst splitting domains lb-rhs (depth):
-0.24215 (8), -0.23155 (8), -0.21912 (8), -0.21604 (8), -0.18719 (8), -0.18504 (8), -0.18383 (8), -0.18364 (8), -0.18356 (8), -0.17669 (8), -0.17567 (8), -0.15668 (8), -0.14968 (8), -0.14614 (8), -0.13953 (8), -0.12763 (8), -0.11099 (8), -0.10746 (8), -0.09277 (8), -0.08861 (8), 
Length of domains: 35
Current (lb-rhs): -0.24214714765548706
91 domains visited
Time: pickout 0.0060    decision 0.0814    set_bounds 0.0013    solve 0.2480    add 0.0232    
Accumulated time: pickout 0.0173    decision 0.4139    set_bounds 0.0063    solve 1.3593    add 0.0586    
Cumulative time: 1.885422706604004

BaB round 6
batch: 35
splitting decisions: 
split level 0: [/input-72, 82] [/input-72, 30] [/input-72, 82] [/input-72, 90] [/input-72, 30] [/input-72, 82] [/input-72, 30] [/input-72, 30] [/input-72, 30] [/input-72, 90] 
Objective masks generated with topk: 20 objectives.
 layer: /input
    lower bounds improved: average # 206.38571428571427, value 6.012651803238052e-06
    upper bounds improved: average # 226.28571428571428, value -6.016011216810771e-06
 layer: /input-8
    lower bounds improved: average # 368.7142857142857, value 0.00026527446295533864
    upper bounds improved: average # 371.8857142857143, value -2.304938222680773e-05
 layer: /input-24
    lower bounds improved: average # 33.9, value 0.002617608223642622
    upper bounds improved: average # 30.37142857142857, value -0.0032190437827791488
 layer: /input-40
    lower bounds improved: average # 47.042857142857144, value 0.017171284130641392
    upper bounds improved: average # 36.885714285714286, value -0.02868997710091727
 layer: /input-72
    lower bounds improved: average # 8.642857142857142, value 0.34146439688546315
    upper bounds improved: average # 14.32857142857143, value -0.35090574537004743
Time: init 0.0001    concretize 0.0005    
Accumulated time: init 0.0082    concretize 0.1070    
Time: get_constraints 0.0019    concretize_interm_bounds 0.0082    update_interm_bounds 0.0019    optimize_interm_bounds 0.0120    
Accumulated time: optimize_interm_bounds 0.1320    get_constraints 0.0111    concretize_interm_bounds 0.1089    update_interm_bounds 0.0119    
best_l after optimization: -4.044687271118164
beta sum per layer: [0.0, 0.0, 0.0, 0.0, 0.0, 2.7860310077667236, 0.0, 0.0, 0.0, 45.53633117675781]
alpha/beta optimization time: 0.2248225212097168
pruning_in_iteration open status: True
ratio of positive domain = 20 / 70 = 0.2857142857142857
pruning-in-iteration extra time: 0.0037355422973632812
torch.Size([70, 1])
Time: prepare 0.0023    bound 0.2393    transfer 0.0387    finalize 0.0029    func 0.2832    
Accumulated time: func 1.6397    prepare 0.0161    bound 1.5341    transfer 0.0890    finalize 0.0081    
max lb tensor(0.00220066) min lb tensor(-0.24019042)
Number of Verified Splits: 20 of 70
Current worst splitting domains lb-rhs (depth):
-0.24019 (9), -0.21894 (9), -0.21705 (9), -0.21406 (9), -0.18143 (9), -0.17512 (9), -0.17469 (9), -0.17177 (9), -0.17129 (9), -0.16424 (9), -0.15580 (9), -0.15477 (9), -0.15467 (9), -0.13737 (9), -0.13393 (9), -0.12993 (9), -0.12537 (9), -0.11697 (9), -0.11382 (9), -0.11332 (9), 
Length of domains: 50
Current (lb-rhs): -0.24019041657447815
141 domains visited
Time: pickout 0.0078    decision 0.0879    set_bounds 0.0017    solve 0.2838    add 0.0345    
Accumulated time: pickout 0.0251    decision 0.5017    set_bounds 0.0080    solve 1.6432    add 0.0932    
Cumulative time: 2.3055553436279297

BaB round 7
batch: 50
splitting decisions: 
split level 0: [/input-40, 4325] [/input-40, 4325] [/input-40, 4325] [/input-72, 93] [/input-40, 4325] [/input-40, 4325] [/input-40, 4325] [/input-40, 1572] [/input-72, 93] [/input-40, 4325] 
Objective masks generated with topk: 20 objectives.
 layer: /input
    lower bounds improved: average # 206.08, value 5.995249375700951e-06
    upper bounds improved: average # 226.31, value -6.004516035318375e-06
 layer: /input-8
    lower bounds improved: average # 368.83, value 0.00015598662197589873
    upper bounds improved: average # 371.98, value -2.0438656210899353e-05
 layer: /input-24
    lower bounds improved: average # 34.01, value 0.0010741245746612549
    upper bounds improved: average # 31.42, value -0.0036493760347366335
 layer: /input-40
    lower bounds improved: average # 48.21, value 0.013480610847473144
    upper bounds improved: average # 39.2, value -0.030160937309265137
 layer: /input-72
    lower bounds improved: average # 11.8, value 0.3637897491455078
    upper bounds improved: average # 14.2, value -0.33873592376708983
Time: init 0.0001    concretize 0.0006    
Accumulated time: init 0.0098    concretize 0.1153    
Time: get_constraints 0.0024    concretize_interm_bounds 0.0086    update_interm_bounds 0.0020    optimize_interm_bounds 0.0130    
Accumulated time: optimize_interm_bounds 0.1450    get_constraints 0.0135    concretize_interm_bounds 0.1176    update_interm_bounds 0.0139    
best_l after optimization: -5.3028411865234375
beta sum per layer: [0.0, 0.0, 0.0, 0.0, 0.0, 10.173707008361816, 0.0, 0.0, 0.0, 72.03741455078125]
alpha/beta optimization time: 0.23774194717407227
pruning_in_iteration open status: True
ratio of positive domain = 31 / 100 = 0.31000000000000005
pruning-in-iteration extra time: 0.004141330718994141
torch.Size([100, 1])
Time: prepare 0.0032    bound 0.2534    transfer 0.0575    finalize 0.0037    func 0.3179    
Accumulated time: func 1.9576    prepare 0.0207    bound 1.7875    transfer 0.1465    finalize 0.0119    
max lb tensor(9.99999975e-05) min lb tensor(-0.22836375)
Number of Verified Splits: 31 of 100
Current worst splitting domains lb-rhs (depth):
-0.22836 (10), -0.21550 (10), -0.20548 (10), -0.20235 (10), -0.17078 (10), -0.16980 (10), -0.16937 (10), -0.16684 (10), -0.16313 (10), -0.16228 (10), -0.15761 (10), -0.15146 (10), -0.15040 (10), -0.14990 (10), -0.13314 (10), -0.12983 (10), -0.12820 (10), -0.12714 (10), -0.12584 (10), -0.12130 (10), 
Length of domains: 69
Current (lb-rhs): -0.2283637523651123
210 domains visited
Time: pickout 0.0115    decision 0.1108    set_bounds 0.0017    solve 0.3187    add 0.0414    
Accumulated time: pickout 0.0366    decision 0.6126    set_bounds 0.0097    solve 1.9619    add 0.1346    
Cumulative time: 2.7957189083099365

BaB round 8
batch: 69
splitting decisions: 
split level 0: [/input-72, 17] [/input-72, 66] [/input-72, 17] [/input-72, 79] [/input-72, 66] [/input-40, 1572] [/input-8, 59142] [/input-72, 79] [/input-40, 1572] [/input-72, 66] 
Objective masks generated with topk: 20 objectives.
 layer: /input
    lower bounds improved: average # 204.4855072463768, value 5.716964116562968e-06
    upper bounds improved: average # 229.8840579710145, value -2.6393678390245508e-05
 layer: /input-8
    lower bounds improved: average # 400.2971014492754, value 0.00014657264008470204
    upper bounds improved: average # 368.42028985507244, value -0.0006505208278911701
 layer: /input-24
    lower bounds improved: average # 33.67391304347826, value 0.002241122549858646
    upper bounds improved: average # 31.659420289855074, value -0.001986402100411014
 layer: /input-40
    lower bounds improved: average # 51.27536231884058, value 0.012634909671285877
    upper bounds improved: average # 42.05797101449275, value -0.02135418981745623
 layer: /input-72
    lower bounds improved: average # 10.94927536231884, value 0.3014143791751585
    upper bounds improved: average # 13.318840579710145, value -0.3309164738309556
Time: init 0.0001    concretize 0.0006    
Accumulated time: init 0.0116    concretize 0.1246    
Time: get_constraints 0.0034    concretize_interm_bounds 0.0096    update_interm_bounds 0.0021    optimize_interm_bounds 0.0151    
Accumulated time: optimize_interm_bounds 0.1601    get_constraints 0.0169    concretize_interm_bounds 0.1272    update_interm_bounds 0.0160    
best_l after optimization: -4.155393600463867
beta sum per layer: [0.0, 0.03535918891429901, 0.0, 0.0, 0.0, 29.339778900146484, 0.0, 0.0, 0.0, 88.82682800292969]
alpha/beta optimization time: 0.25194239616394043
pruning_in_iteration open status: True
ratio of positive domain = 54 / 138 = 0.3913043478260869
pruning-in-iteration extra time: 0.003734111785888672
torch.Size([138, 1])
Time: prepare 0.0046    bound 0.2699    transfer 0.0758    finalize 0.0045    func 0.3549    
Accumulated time: func 2.3125    prepare 0.0268    bound 2.0574    transfer 0.2223    finalize 0.0164    
max lb tensor(9.99999975e-05) min lb tensor(-0.22477224)
Number of Verified Splits: 54 of 138
Current worst splitting domains lb-rhs (depth):
-0.22477 (11), -0.21350 (11), -0.20189 (11), -0.19888 (11), -0.16876 (11), -0.16653 (11), -0.16612 (11), -0.16305 (11), -0.15986 (11), -0.15895 (11), -0.15069 (11), -0.14952 (11), -0.14847 (11), -0.14629 (11), -0.12951 (11), -0.12617 (11), -0.12381 (11), -0.11760 (11), -0.11155 (11), -0.11093 (11), 
Length of domains: 84
Current (lb-rhs): -0.22477224469184875
294 domains visited
Time: pickout 0.0152    decision 0.1443    set_bounds 0.0028    solve 0.3556    add 0.0537    
Accumulated time: pickout 0.0517    decision 0.7568    set_bounds 0.0125    solve 2.3175    add 0.1882    
Cumulative time: 3.372509241104126

BaB round 9
batch: 84
splitting decisions: 
split level 0: [/input-72, 17] [/input-72, 22] [/input-72, 17] [/input-40, 7612] [/input-72, 77] [/input-72, 22] [/input-72, 66] [/input-72, 92] [/input-72, 17] [/input-72, 77] 
Objective masks generated with topk: 20 objectives.
 layer: /input
    lower bounds improved: average # 204.4702380952381, value 5.72362027707554e-06
    upper bounds improved: average # 229.91666666666666, value -2.2830916956687968e-05
 layer: /input-8
    lower bounds improved: average # 400.13690476190476, value 0.0002433836149672667
    upper bounds improved: average # 368.42857142857144, value -0.0015729332254046486
 layer: /input-24
    lower bounds improved: average # 30.404761904761905, value 0.00045594386756420135
    upper bounds improved: average # 34.041666666666664, value -0.00029276229352468537
 layer: /input-40
    lower bounds improved: average # 50.404761904761905, value 0.0013787254158939635
    upper bounds improved: average # 41.55357142857143, value -0.007238494498389108
 layer: /input-72
    lower bounds improved: average # 10.547619047619047, value 0.12506432760329472
    upper bounds improved: average # 12.791666666666666, value -0.07036981128510975
Time: init 0.0001    concretize 0.0007    
Accumulated time: init 0.0135    concretize 0.1354    
Time: get_constraints 0.0038    concretize_interm_bounds 0.0112    update_interm_bounds 0.0020    optimize_interm_bounds 0.0170    
Accumulated time: optimize_interm_bounds 0.1771    get_constraints 0.0207    concretize_interm_bounds 0.1384    update_interm_bounds 0.0180    
best_l after optimization: -4.679000377655029
beta sum per layer: [0.0, 0.15193212032318115, 0.0, 0.0, 0.0, 51.64509963989258, 0.0, 0.0, 0.0, 116.14677429199219]
alpha/beta optimization time: 0.2730269432067871
pruning_in_iteration open status: True
ratio of positive domain = 65 / 168 = 0.38690476190476186
pruning-in-iteration extra time: 0.004498481750488281
torch.Size([168, 1])
Time: prepare 0.0054    bound 0.2927    transfer 0.0647    finalize 0.0050    func 0.3677    
Accumulated time: func 2.6802    prepare 0.0335    bound 2.3500    transfer 0.2870    finalize 0.0214    
max lb tensor(9.99999975e-05) min lb tensor(-0.22121960)
Number of Verified Splits: 65 of 168
Current worst splitting domains lb-rhs (depth):
-0.22122 (12), -0.21002 (12), -0.19792 (12), -0.19502 (12), -0.16484 (12), -0.16190 (12), -0.16154 (12), -0.16101 (12), -0.15563 (12), -0.15463 (12), -0.14569 (12), -0.14555 (12), -0.14456 (12), -0.14147 (12), -0.12739 (12), -0.12412 (12), -0.12106 (12), -0.12029 (12), -0.12017 (12), -0.11414 (12), 
Length of domains: 103
Current (lb-rhs): -0.22121959924697876
397 domains visited
Time: pickout 0.0185    decision 0.1910    set_bounds 0.0036    solve 0.3684    add 0.0696    
Accumulated time: pickout 0.0703    decision 0.9478    set_bounds 0.0162    solve 2.6858    add 0.2578    
Cumulative time: 4.031397342681885

BaB round 10
batch: 103
splitting decisions: 
split level 0: [/input-72, 43] [/input-72, 66] [/input-72, 66] [/input-72, 43] [/input-72, 92] [/input-72, 17] [/input-72, 92] [/input-72, 92] [/input-8, 59142] [/input-72, 17] 
Objective masks generated with topk: 20 objectives.
 layer: /input
    lower bounds improved: average # 204.62135922330097, value 5.758742720467373e-06
    upper bounds improved: average # 231.16990291262135, value -6.692734483665633e-05
 layer: /input-8
    lower bounds improved: average # 368.72330097087377, value 0.0003907794078576912
    upper bounds improved: average # 372.07766990291265, value -0.0027680180026489554
 layer: /input-24
    lower bounds improved: average # 30.54854368932039, value 0.00013169141721378253
    upper bounds improved: average # 33.96116504854369, value -3.7572843935883164e-05
 layer: /input-40
    lower bounds improved: average # 41.09708737864078, value 0.0016031936534400125
    upper bounds improved: average # 43.689320388349515, value -0.00578510645523812
 layer: /input-72
    lower bounds improved: average # 10.62135922330097, value 0.07959425102159814
    upper bounds improved: average # 12.364077669902912, value -0.041558719375758495
Time: init 0.0001    concretize 0.0008    
Accumulated time: init 0.0155    concretize 0.1496    
Time: get_constraints 0.0048    concretize_interm_bounds 0.0145    update_interm_bounds 0.0021    optimize_interm_bounds 0.0215    
Accumulated time: optimize_interm_bounds 0.1986    get_constraints 0.0255    concretize_interm_bounds 0.1529    update_interm_bounds 0.0202    
best_l after optimization: -4.977600574493408
beta sum per layer: [0.0, 0.33785298466682434, 0.0, 0.0, 0.0, 81.65896606445312, 0.0, 0.0, 0.0, 143.0994415283203]
alpha/beta optimization time: 0.28598475456237793
pruning_in_iteration open status: True
ratio of positive domain = 83 / 206 = 0.40291262135922334
pruning-in-iteration extra time: 0.00439143180847168
torch.Size([206, 1])
Time: prepare 0.0068    bound 0.3102    transfer 0.0956    finalize 0.0053    func 0.4179    
Accumulated time: func 3.0982    prepare 0.0417    bound 2.6602    transfer 0.3826    finalize 0.0267    
max lb tensor(9.99999975e-05) min lb tensor(-0.21744201)
Number of Verified Splits: 83 of 206
Current worst splitting domains lb-rhs (depth):
-0.21744 (13), -0.20637 (13), -0.19438 (13), -0.19140 (13), -0.18347 (13), -0.17341 (13), -0.16118 (13), -0.15943 (13), -0.15810 (13), -0.15792 (13), -0.15725 (13), -0.15542 (13), -0.15166 (13), -0.15056 (13), -0.14249 (13), -0.14227 (13), -0.14118 (13), -0.13836 (13), -0.12321 (13), -0.11977 (13), 
Length of domains: 123
Current (lb-rhs): -0.21744200587272644
520 domains visited
Time: pickout 0.0212    decision 0.2357    set_bounds 0.0038    solve 0.4186    add 0.0864    
Accumulated time: pickout 0.0915    decision 1.1835    set_bounds 0.0200    solve 3.1044    add 0.3443    
Cumulative time: 4.805116891860962

BaB round 11
batch: 123
splitting decisions: 
split level 0: [/input-72, 87] [/input-72, 92] [/input-72, 92] [/input-72, 87] [/input-40, 7612] [/input-72, 17] [/input-72, 17] [/input-72, 17] [/input-72, 87] [/input-40, 4316] 
Objective masks generated with topk: 20 objectives.
 layer: /input
    lower bounds improved: average # 204.7479674796748, value 5.758939144330296e-06
    upper bounds improved: average # 231.2560975609756, value -8.513999542569726e-05
 layer: /input-8
    lower bounds improved: average # 365.1544715447154, value 5.174909786480229e-05
    upper bounds improved: average # 365.5162601626016, value -0.0028492386748151083
 layer: /input-24
    lower bounds improved: average # 33.40650406504065, value 0.000239733954876419
    upper bounds improved: average # 32.113821138211385, value -0.0004109868976643415
 layer: /input-40
    lower bounds improved: average # 50.1219512195122, value 0.001886876981432845
    upper bounds improved: average # 40.77235772357724, value -0.006721980688048572
 layer: /input-72
    lower bounds improved: average # 10.634146341463415, value 0.0847837479133916
    upper bounds improved: average # 12.215447154471544, value -0.04360072593378827
Time: init 0.0001    concretize 0.0010    
Accumulated time: init 0.0175    concretize 0.1670    
Time: get_constraints 0.0056    concretize_interm_bounds 0.0178    update_interm_bounds 0.0022    optimize_interm_bounds 0.0256    
Accumulated time: optimize_interm_bounds 0.2242    get_constraints 0.0310    concretize_interm_bounds 0.1707    update_interm_bounds 0.0224    
best_l after optimization: -4.8015522956848145
beta sum per layer: [0.0, 0.4390742778778076, 0.0, 0.0, 0.0, 106.36939239501953, 0.0, 0.0, 0.0, 168.57501220703125]
alpha/beta optimization time: 0.30809879302978516
pruning_in_iteration open status: True
ratio of positive domain = 96 / 246 = 0.3902439024390244
pruning-in-iteration extra time: 0.0043888092041015625
torch.Size([246, 1])
Time: prepare 0.0077    bound 0.3362    transfer 0.1056    finalize 0.0052    func 0.4547    
Accumulated time: func 3.5529    prepare 0.0508    bound 2.9964    transfer 0.4882    finalize 0.0319    
max lb tensor(9.99999975e-05) min lb tensor(-0.21528900)
Number of Verified Splits: 96 of 246
Current worst splitting domains lb-rhs (depth):
-0.21529 (14), -0.20510 (14), -0.19232 (14), -0.18944 (14), -0.17979 (14), -0.16875 (14), -0.16301 (14), -0.15744 (14), -0.15632 (14), -0.15367 (14), -0.15365 (14), -0.15343 (14), -0.15252 (14), -0.14912 (14), -0.14842 (14), -0.14012 (14), -0.13831 (14), -0.13798 (14), -0.13702 (14), -0.12649 (14), 
Length of domains: 150
Current (lb-rhs): -0.21528899669647217
670 domains visited
Time: pickout 0.0268    decision 0.2460    set_bounds 0.0046    solve 0.4554    add 0.1203    
Accumulated time: pickout 0.1183    decision 1.4295    set_bounds 0.0246    solve 3.5598    add 0.4645    
Cumulative time: 5.666788578033447

BaB round 12
batch: 150
splitting decisions: 
split level 0: [/input-72, 17] [/input-72, 17] [/input-72, 52] [/input-72, 17] [/input-40, 6333] [/input-72, 62] [/input-40, 4325] [/input-72, 77] [/input-8, 59142] [/input-72, 77] 
Objective masks generated with topk: 20 objectives.
 layer: /input
    lower bounds improved: average # 200.90666666666667, value 5.68860520919164e-06
    upper bounds improved: average # 236.14666666666668, value -0.00015838238100210824
 layer: /input-8
    lower bounds improved: average # 383.2033333333333, value 0.00019915120055278142
    upper bounds improved: average # 381.82666666666665, value -0.0068430058161417645
 layer: /input-24
    lower bounds improved: average # 32.766666666666666, value 0.00039473464091618855
    upper bounds improved: average # 21.096666666666668, value -0.00018656525760889055
 layer: /input-40
    lower bounds improved: average # 52.95333333333333, value 0.0009853137532869975
    upper bounds improved: average # 35.75666666666667, value -0.00496002197265625
 layer: /input-72
    lower bounds improved: average # 10.52, value 0.043272813161214195
    upper bounds improved: average # 11.57, value -0.029268118540445965
Time: init 0.0001    concretize 0.0015    
Accumulated time: init 0.0200    concretize 0.1959    
Time: get_constraints 0.0067    concretize_interm_bounds 0.0293    update_interm_bounds 0.0023    optimize_interm_bounds 0.0382    
Accumulated time: optimize_interm_bounds 0.2625    get_constraints 0.0378    concretize_interm_bounds 0.2000    update_interm_bounds 0.0246    
best_l after optimization: -8.975473403930664
beta sum per layer: [0.0, 1.527043342590332, 0.0, 0.0, 0.0, 137.99688720703125, 0.0, 0.0, 0.0, 208.26609802246094]
alpha/beta optimization time: 0.3435542583465576
pruning_in_iteration open status: True
ratio of positive domain = 103 / 300 = 0.3433333333333334
pruning-in-iteration extra time: 0.004232168197631836
torch.Size([300, 1])
Time: prepare 0.0095    bound 0.3845    transfer 0.1176    finalize 0.0055    func 0.5171    
Accumulated time: func 4.0700    prepare 0.0618    bound 3.3809    transfer 0.6058    finalize 0.0374    
max lb tensor(9.99999975e-05) min lb tensor(-0.21064460)
Number of Verified Splits: 103 of 300
Current worst splitting domains lb-rhs (depth):
-0.21064 (15), -0.20308 (15), -0.19219 (15), -0.18829 (15), -0.17853 (15), -0.17834 (15), -0.17553 (15), -0.16690 (15), -0.15251 (15), -0.15220 (15), -0.15212 (15), -0.15169 (15), -0.15147 (15), -0.15094 (15), -0.14716 (15), -0.14706 (15), -0.14588 (15), -0.14584 (15), -0.14240 (15), -0.13715 (15), 
Length of domains: 197
Current (lb-rhs): -0.21064460277557373
867 domains visited
Time: pickout 0.0302    decision 0.2930    set_bounds 0.0058    solve 0.5178    add 0.1632    
Accumulated time: pickout 0.1485    decision 1.7225    set_bounds 0.0304    solve 4.0776    add 0.6277    
Cumulative time: 6.688470840454102

BaB round 13
batch: 197
splitting decisions: 
split level 0: [/input-8, 59142] [/input-72, 77] [/input-72, 62] [/input-72, 92] [/input-40, 4325] [/input-40, 6333] [/input-40, 4316] [/input-72, 77] [/input-40, 4325] [/input-72, 77] 
Objective masks generated with topk: 20 objectives.
 layer: /input
    lower bounds improved: average # 196.43401015228426, value 5.525268548106784e-06
    upper bounds improved: average # 230.41624365482232, value -0.00029760882787898107
 layer: /input-8
    lower bounds improved: average # 365.9111675126904, value 0.0007634895102021658
    upper bounds improved: average # 366.38324873096445, value -0.012294565965681513
 layer: /input-24
    lower bounds improved: average # 39.93654822335025, value 0.0004657343937660837
    upper bounds improved: average # 31.373096446700508, value -0.0001354698791419189
 layer: /input-40
    lower bounds improved: average # 52.65989847715736, value 0.0006915836164793993
    upper bounds improved: average # 35.19796954314721, value -0.0034163203941383943
 layer: /input-72
    lower bounds improved: average # 10.246192893401016, value 0.02487502122288428
    upper bounds improved: average # 10.233502538071066, value -0.023539504423964446
Time: init 0.0001    concretize 0.0026    
Accumulated time: init 0.0229    concretize 0.2419    
Time: get_constraints 0.0092    concretize_interm_bounds 0.0465    update_interm_bounds 0.0024    optimize_interm_bounds 0.0581    
Accumulated time: optimize_interm_bounds 0.3206    get_constraints 0.0469    concretize_interm_bounds 0.2465    update_interm_bounds 0.0270    
best_l after optimization: -14.36332893371582
beta sum per layer: [0.0, 4.312036514282227, 0.0, 3.620387077331543, 0.0, 197.59628295898438, 0.0, 0.0, 0.0, 274.96588134765625]
alpha/beta optimization time: 0.43953418731689453
pruning_in_iteration open status: True
ratio of positive domain = 99 / 394 = 0.25126903553299496
pruning-in-iteration extra time: 0.004015922546386719
torch.Size([394, 1])
Time: prepare 0.0127    bound 0.5002    transfer 0.1871    finalize 0.0074    func 0.7074    
Accumulated time: func 4.7774    prepare 0.0760    bound 3.8811    transfer 0.7928    finalize 0.0448    
max lb tensor(9.99999975e-05) min lb tensor(-0.20956495)
Number of Verified Splits: 99 of 394
Current worst splitting domains lb-rhs (depth):
-0.20956 (16), -0.20295 (16), -0.19013 (16), -0.18970 (16), -0.18815 (16), -0.17689 (16), -0.17580 (16), -0.17521 (16), -0.17500 (16), -0.16750 (16), -0.16733 (16), -0.16383 (16), -0.16277 (16), -0.15201 (16), -0.15047 (16), -0.15010 (16), -0.14995 (16), -0.14922 (16), -0.14877 (16), -0.14766 (16), 
Length of domains: 295
Current (lb-rhs): -0.2095649540424347
1162 domains visited
Time: pickout 0.0435    decision 0.4206    set_bounds 0.0069    solve 0.7081    add 0.2461    
Accumulated time: pickout 0.1920    decision 2.1431    set_bounds 0.0373    solve 4.7858    add 0.8738    
Cumulative time: 8.130923748016357

BaB round 14
batch: 256
splitting decisions: 
split level 0: [/input-40, 4316] [/input-40, 4316] [/input-40, 4316] [/input-40, 7612] [/input-40, 7612] [/input-72, 77] [/input-72, 77] [/input-8, 59142] [/input-24, 17817] [/input-40, 4325] 
Objective masks generated with topk: 20 objectives.
 layer: /input
    lower bounds improved: average # 205.640625, value 5.848996806889772e-06
    upper bounds improved: average # 232.23828125, value -0.0006297066574916244
 layer: /input-8
    lower bounds improved: average # 366.244140625, value 0.0010287489276379347
    upper bounds improved: average # 366.515625, value -0.01793970912694931
 layer: /input-24
    lower bounds improved: average # 40.00390625, value 0.0002011625183513388
    upper bounds improved: average # 31.408203125, value -9.495632548350841e-05
 layer: /input-40
    lower bounds improved: average # 50.435546875, value 0.0008697172743268311
    upper bounds improved: average # 37.939453125, value -0.001994000980630517
 layer: /input-72
    lower bounds improved: average # 10.763671875, value 0.016979478299617767
    upper bounds improved: average # 11.455078125, value -0.022769171744585037
Time: init 0.0001    concretize 0.0038    
Accumulated time: init 0.0260    concretize 0.3045    
Time: get_constraints 0.0112    concretize_interm_bounds 0.0632    update_interm_bounds 0.0023    optimize_interm_bounds 0.0766    
Accumulated time: optimize_interm_bounds 0.3972    get_constraints 0.0581    concretize_interm_bounds 0.3096    update_interm_bounds 0.0293    
best_l after optimization: -16.684833526611328
beta sum per layer: [0.0, 9.41353988647461, 0.0, 16.54291534423828, 0.0, 290.73321533203125, 0.0, 0.0, 0.0, 379.55963134765625]
alpha/beta optimization time: 0.5599982738494873
pruning_in_iteration open status: True
ratio of positive domain = 141 / 512 = 0.275390625
pruning-in-iteration extra time: 0.0038406848907470703
torch.Size([512, 1])
Time: prepare 0.0163    bound 0.6393    transfer 0.2453    finalize 0.0105    func 0.9114    
Accumulated time: func 5.6888    prepare 0.0938    bound 4.5204    transfer 1.0381    finalize 0.0553    
max lb tensor(0.00267053) min lb tensor(-0.18537050)
Number of Verified Splits: 141 of 512
Current worst splitting domains lb-rhs (depth):
-0.20956 (16), -0.20295 (16), -0.18970 (16), -0.18815 (16), -0.18537 (17), -0.17408 (17), -0.17273 (17), -0.17167 (17), -0.17127 (17), -0.16236 (17), -0.16111 (17), -0.16054 (17), -0.16033 (17), -0.15436 (17), -0.14995 (16), -0.14971 (17), -0.14959 (17), -0.14949 (17), -0.14922 (16), -0.14911 (17), 
Length of domains: 410
Current (lb-rhs): -0.2095649540424347
1533 domains visited
Time: pickout 0.0545    decision 0.5361    set_bounds 0.0080    solve 0.9121    add 0.3290    
Accumulated time: pickout 0.2465    decision 2.6793    set_bounds 0.0453    solve 5.6979    add 1.2029    
current_vram/total_varm: 20.4GB/102.0GB, batch_size increase to 512
Cumulative time: 9.992821455001831

BaB round 15
batch: 410
splitting decisions: 
split level 0: [/input-40, 4325] [/input-8, 59142] [/input-8, 59142] [/input-72, 17] [/input-72, 77] [/input-8, 59142] [/input-72, 62] [/input-8, 59142] [/input-8, 59142] [/input-40, 4316] 
Objective masks generated with topk: 20 objectives.
 layer: /input
    lower bounds improved: average # 193.7109756097561, value 5.391153802232045e-06
    upper bounds improved: average # 242.19268292682926, value -0.004006180530641137
 layer: /input-8
    lower bounds improved: average # 363.3280487804878, value 0.0014926930753196158
    upper bounds improved: average # 365.3414634146341, value -0.02145876070348228
 layer: /input-24
    lower bounds improved: average # 31.08170731707317, value 0.000119503115008517
    upper bounds improved: average # 30.7390243902439, value -2.7365596374360526e-05
 layer: /input-40
    lower bounds improved: average # 48.764634146341464, value 0.0005448380621468149
    upper bounds improved: average # 40.108536585365854, value -0.0017284226126787138
 layer: /input-72
    lower bounds improved: average # 11.552439024390244, value 0.012292326950445407
    upper bounds improved: average # 12.260975609756098, value -0.01981902704006288
Time: init 0.0003    concretize 0.0066    
Accumulated time: init 0.0309    concretize 0.4255    
Time: get_constraints 0.0186    concretize_interm_bounds 0.1217    update_interm_bounds 0.0028    optimize_interm_bounds 0.1431    
Accumulated time: optimize_interm_bounds 0.5403    get_constraints 0.0767    concretize_interm_bounds 0.4313    update_interm_bounds 0.0321    
best_l after optimization: -30.67337417602539
beta sum per layer: [0.0, 25.523712158203125, 0.0, 43.10783386230469, 0.0, 453.38909912109375, 0.0, 0.0, 0.0, 571.4373779296875]
alpha/beta optimization time: 0.8832988739013672
pruning_in_iteration open status: True
ratio of positive domain = 191 / 820 = 0.23292682926829267
pruning-in-iteration extra time: 0.003708362579345703
torch.Size([820, 1])
Time: prepare 0.0275    bound 1.0297    transfer 0.3928    finalize 0.0153    func 1.4655    
Accumulated time: func 7.1543    prepare 0.1231    bound 5.5501    transfer 1.4309    finalize 0.0706    
max lb tensor(0.00209737) min lb tensor(-0.20943451)
Number of Verified Splits: 191 of 820
Current worst splitting domains lb-rhs (depth):
-0.20943 (17), -0.19830 (17), -0.19667 (17), -0.18567 (17), -0.18514 (17), -0.18263 (18), -0.17093 (18), -0.17026 (18), -0.16911 (18), -0.16722 (17), -0.16715 (18), -0.16613 (18), -0.16217 (17), -0.16200 (18), -0.16041 (18), -0.15956 (18), -0.15762 (18), -0.15715 (18), -0.15337 (17), -0.15254 (18), 
Length of domains: 629
Current (lb-rhs): -0.20943450927734375
2162 domains visited
Time: pickout 0.0825    decision 0.8626    set_bounds 0.0125    solve 1.4663    add 0.5763    
Accumulated time: pickout 0.3290    decision 3.5418    set_bounds 0.0578    solve 7.1642    add 1.7791    
Cumulative time: 13.031936407089233

BaB round 16
batch: 512
splitting decisions: 
split level 0: [/input-40, 4316] [/input-8, 59142] [/input-8, 59195] [/input-40, 4316] [/input-40, 4716] [/input-40, 4316] [/input-72, 77] [/input-40, 7612] [/input-40, 4316] [/input-72, 77] 
Objective masks generated with topk: 20 objectives.
 layer: /input
    lower bounds improved: average # 198.8427734375, value 5.589303327724338e-06
    upper bounds improved: average # 230.4580078125, value -0.010544255375862122
 layer: /input-8
    lower bounds improved: average # 363.5361328125, value 0.00240322551690042
    upper bounds improved: average # 365.6044921875, value -0.031559549272060394
 layer: /input-24
    lower bounds improved: average # 31.1435546875, value 4.261123831383884e-05
    upper bounds improved: average # 30.9326171875, value -6.212327571120113e-05
 layer: /input-40
    lower bounds improved: average # 50.73828125, value 0.0008745043887756765
    upper bounds improved: average # 37.630859375, value -0.0022068736143410206
 layer: /input-72
    lower bounds improved: average # 12.798828125, value 0.014125923626124859
    upper bounds improved: average # 11.3974609375, value -0.022600119933485985
Time: init 0.0002    concretize 0.0079    
Accumulated time: init 0.0350    concretize 0.5471    
Time: get_constraints 0.0226    concretize_interm_bounds 0.1221    update_interm_bounds 0.0027    optimize_interm_bounds 0.1475    
Accumulated time: optimize_interm_bounds 0.6877    get_constraints 0.0994    concretize_interm_bounds 0.5534    update_interm_bounds 0.0348    
best_l after optimization: -35.81657791137695
beta sum per layer: [0.0, 97.36869812011719, 0.0, 123.50787353515625, 0.0, 748.0179443359375, 0.0, 0.0, 0.0, 730.1190795898438]
alpha/beta optimization time: 1.2220346927642822
pruning_in_iteration open status: True
ratio of positive domain = 229 / 1024 = 0.2236328125
pruning-in-iteration extra time: 0.001043558120727539
torch.Size([1024, 1])
Time: prepare 0.0356    bound 1.3722    transfer 0.4947    finalize 0.0200    func 1.9235    
Accumulated time: func 9.0778    prepare 0.1605    bound 6.9223    transfer 1.9256    finalize 0.0906    
max lb tensor(0.01099849) min lb tensor(-0.19387352)
Number of Verified Splits: 229 of 1024
Current worst splitting domains lb-rhs (depth):
-0.20943 (17), -0.19830 (17), -0.19387 (18), -0.18567 (17), -0.18514 (17), -0.18010 (19), -0.17093 (18), -0.17013 (19), -0.16811 (19), -0.16491 (19), -0.16344 (18), -0.15996 (18), -0.15798 (19), -0.15771 (19), -0.15730 (19), -0.15708 (19), -0.15535 (18), -0.15477 (19), -0.15445 (19), -0.15439 (18), 
Length of domains: 912
Current (lb-rhs): -0.20943450927734375
2957 domains visited
Time: pickout 0.1112    decision 1.0684    set_bounds 0.0173    solve 1.9244    add 0.7249    
Accumulated time: pickout 0.4402    decision 4.6102    set_bounds 0.0751    solve 9.0886    add 2.5040    
current_vram/total_varm: 35.9GB/102.0GB, batch_size increase to 1024
Cumulative time: 16.938756465911865

BaB round 17
batch: 912
splitting decisions: 
split level 0: [/input-72, 77] [/input-40, 7612] [/input-40, 7612] [/input-40, 4716] [/input-40, 4325] [/input-40, 7612] [/input-40, 7612] [/input-40, 4316] [/input-8, 59195] [/input-72, 62] 
Objective masks generated with topk: 20 objectives.
 layer: /input
    lower bounds improved: average # 196.19243421052633, value 5.518939966956775e-06
    upper bounds improved: average # 228.15076754385964, value -0.014440151683071204
 layer: /input-8
    lower bounds improved: average # 363.577850877193, value 0.0032072616250891435
    upper bounds improved: average # 365.53782894736844, value -0.03167214309960081
 layer: /input-24
    lower bounds improved: average # 33.010416666666664, value 7.182563932841284e-05
    upper bounds improved: average # 31.479166666666668, value -0.00011735800817085986
 layer: /input-40
    lower bounds improved: average # 48.922697368421055, value 0.000884050470695161
    upper bounds improved: average # 39.8015350877193, value -0.002341572129935549
 layer: /input-72
    lower bounds improved: average # 10.636513157894736, value 0.013172036723086708
    upper bounds improved: average # 11.554276315789474, value -0.019549585225289327
Time: init 0.0002    concretize 0.0140    
Accumulated time: init 0.0420    concretize 0.7863    
Time: get_constraints 0.0419    concretize_interm_bounds 0.2398    update_interm_bounds 0.0028    optimize_interm_bounds 0.2845    
Accumulated time: optimize_interm_bounds 0.9722    get_constraints 0.1413    concretize_interm_bounds 0.7932    update_interm_bounds 0.0376    
best_l after optimization: -67.38465118408203
beta sum per layer: [0.0, 247.47824096679688, 0.0, 264.4201965332031, 0.0, 1358.4847412109375, 0.0, 0.0, 0.0, 1252.635498046875]
alpha/beta optimization time: 2.22483491897583
pruning_in_iteration open status: False
ratio of positive domain = 327 / 1824 = 0.17927631578947367
pruning-in-iteration extra time: 4.172325134277344e-05
torch.Size([1824, 1])
Time: prepare 0.0614    bound 2.5120    transfer 0.9542    finalize 0.2152    func 3.7430    
Accumulated time: func 12.8208    prepare 0.2241    bound 9.4343    transfer 2.8798    finalize 0.3058    
max lb tensor(0.26493168) min lb tensor(-0.20719725)
Number of Verified Splits: 370 of 1824
Current worst splitting domains lb-rhs (depth):
-0.20720 (18), -0.19576 (18), -0.19167 (19), -0.18335 (18), -0.18297 (18), -0.18115 (18), -0.17691 (20), -0.17013 (20), -0.16962 (20), -0.16860 (19), -0.16837 (18), -0.16550 (20), -0.16208 (20), -0.16054 (19), -0.15769 (20), -0.15712 (20), -0.15693 (19), -0.15672 (19), -0.15475 (20), -0.15473 (20), 
Length of domains: 1454
Current (lb-rhs): -0.20719724893569946
4411 domains visited
Time: pickout 0.2127    decision 1.9120    set_bounds 0.0287    solve 3.7446    add 1.6887    
Accumulated time: pickout 0.6529    decision 6.5223    set_bounds 0.1039    solve 12.8332    add 4.1927    
Cumulative time: 24.6708722114563

BaB round 18
batch: 1024
splitting decisions: 
split level 0: [/input-24, 17817] [/input-40, 6333] [/input-40, 4716] [/input-40, 4716] [/input-8, 59195] [/input-40, 987] [/input-8, 59195] [/input-8, 59195] [/input-40, 6332] [/input-72, 62] 
Objective masks generated with topk: 20 objectives.
 layer: /input
    lower bounds improved: average # 196.314453125, value 5.587884515989572e-06
    upper bounds improved: average # 228.19287109375, value -0.019328400492668152
 layer: /input-8
    lower bounds improved: average # 373.7294921875, value 0.00453746784478426
    upper bounds improved: average # 366.71630859375, value -0.03712109476327896
 layer: /input-24
    lower bounds improved: average # 33.056640625, value 0.00021226835087873042
    upper bounds improved: average # 31.60400390625, value -0.0003381791175343096
 layer: /input-40
    lower bounds improved: average # 53.64306640625, value 0.0013942052610218525
    upper bounds improved: average # 44.92724609375, value -0.00249747047200799
 layer: /input-72
    lower bounds improved: average # 11.0419921875, value 0.015318548306822777
    upper bounds improved: average # 12.24853515625, value -0.02169162780046463
Time: init 0.0003    concretize 0.0159    
Accumulated time: init 0.0490    concretize 1.0571    
Time: get_constraints 0.0461    concretize_interm_bounds 0.2715    update_interm_bounds 0.0046    optimize_interm_bounds 0.3223    
Accumulated time: optimize_interm_bounds 1.2945    get_constraints 0.1874    concretize_interm_bounds 1.0647    update_interm_bounds 0.0422    
best_l after optimization: -78.840576171875
beta sum per layer: [0.0, 471.7889404296875, 0.0, 329.95489501953125, 0.0, 1744.272216796875, 0.0, 0.0, 0.0, 1308.78515625]
alpha/beta optimization time: 2.4846084117889404
pruning_in_iteration open status: False
ratio of positive domain = 324 / 2048 = 0.158203125
pruning-in-iteration extra time: 0.00024509429931640625
torch.Size([2048, 1])
Time: prepare 0.0704    bound 2.8098    transfer 1.0212    finalize 0.0493    func 3.9508    
Accumulated time: func 16.7717    prepare 0.2969    bound 12.2441    transfer 3.9010    finalize 0.3552    
max lb tensor(0.23047471) min lb tensor(-0.19351301)
Number of Verified Splits: 375 of 2048
Current worst splitting domains lb-rhs (depth):
-0.20720 (18), -0.19351 (19), -0.18533 (20), -0.18504 (20), -0.18198 (19), -0.18115 (18), -0.17978 (19), -0.17250 (19), -0.17180 (21), -0.17033 (21), -0.16837 (18), -0.16550 (20), -0.16383 (21), -0.16345 (21), -0.16322 (21), -0.16181 (21), -0.16162 (20), -0.16054 (19), -0.15965 (20), -0.15693 (19), 
Length of domains: 2103
Current (lb-rhs): -0.20719724893569946
6084 domains visited
Time: pickout 0.2296    decision 2.1429    set_bounds 0.0335    solve 3.9520    add 2.0738    
Accumulated time: pickout 0.8825    decision 8.6651    set_bounds 0.1374    solve 16.7851    add 6.2666    
Cumulative time: 33.251248359680176

BaB round 19
batch: 1024
splitting decisions: 
split level 0: [/input-40, 987] [/input-24, 17817] [/input-40, 7612] [/input-24, 17817] [/input-24, 17817] [/input-72, 62] [/input-40, 6333] [/input-40, 3229] [/input-40, 3229] [/input-24, 21130] 
Objective masks generated with topk: 20 objectives.
 layer: /input
    lower bounds improved: average # 196.4267578125, value 5.6772041716612875e-06
    upper bounds improved: average # 228.232421875, value -0.027554847300052643
 layer: /input-8
    lower bounds improved: average # 373.81689453125, value 0.006771181710064411
    upper bounds improved: average # 366.8818359375, value -0.04581824690103531
 layer: /input-24
    lower bounds improved: average # 33.1123046875, value 0.0005285304505378008
    upper bounds improved: average # 31.80810546875, value -0.0007277859840542078
 layer: /input-40
    lower bounds improved: average # 54.224609375, value 0.002110051456838846
    upper bounds improved: average # 44.9140625, value -0.003992428071796894
 layer: /input-72
    lower bounds improved: average # 11.4765625, value 0.018193691968917847
    upper bounds improved: average # 12.8427734375, value -0.024004414677619934
Time: init 0.0002    concretize 0.0154    
Accumulated time: init 0.0552    concretize 1.3134    
Time: get_constraints 0.0448    concretize_interm_bounds 0.2568    update_interm_bounds 0.0030    optimize_interm_bounds 0.3047    
Accumulated time: optimize_interm_bounds 1.5992    get_constraints 0.2323    concretize_interm_bounds 1.3216    update_interm_bounds 0.0452    
best_l after optimization: -79.09716796875
beta sum per layer: [0.0, 704.4013671875, 0.0, 302.9482727050781, 0.0, 1938.919189453125, 0.0, 0.0, 0.0, 1205.207763671875]
alpha/beta optimization time: 2.493954658508301
pruning_in_iteration open status: False
ratio of positive domain = 312 / 2048 = 0.15234375
pruning-in-iteration extra time: 5.054473876953125e-05
torch.Size([2048, 1])
Time: prepare 0.0677    bound 2.8012    transfer 0.9557    finalize 0.2432    func 4.0680    
Accumulated time: func 20.8396    prepare 0.3669    bound 15.0453    transfer 4.8567    finalize 0.5984    
max lb tensor(0.21734381) min lb tensor(-0.18258426)
Number of Verified Splits: 362 of 2048
Current worst splitting domains lb-rhs (depth):
-0.20720 (18), -0.19351 (19), -0.18504 (20), -0.18258 (21), -0.18198 (19), -0.18115 (18), -0.17608 (21), -0.17403 (20), -0.17269 (20), -0.17033 (21), -0.16837 (18), -0.16740 (22), -0.16662 (20), -0.16550 (20), -0.16500 (22), -0.16383 (21), -0.16184 (22), -0.16073 (22), -0.16054 (19), -0.16043 (22), 
Length of domains: 2765
Current (lb-rhs): -0.20719724893569946
7770 domains visited
Time: pickout 0.1977    decision 2.1417    set_bounds 0.0322    solve 4.0697    add 1.4465    
Accumulated time: pickout 1.0802    decision 10.8068    set_bounds 0.1696    solve 20.8548    add 7.7131    
Cumulative time: 41.24658679962158

BaB round 20
batch: 1024
splitting decisions: 
split level 0: [/input-8, 28046] [/input-40, 1955] [/input-40, 1955] [/input-40, 4716] [/input-40, 1397] [/input-40, 1957] [/input-40, 6332] [/input-40, 995] [/input-40, 6332] [/input-24, 17817] 
Objective masks generated with topk: 20 objectives.
 layer: /input
    lower bounds improved: average # 196.57666015625, value 5.8215882745571434e-06
    upper bounds improved: average # 228.3759765625, value -0.03966950625181198
 layer: /input-8
    lower bounds improved: average # 373.99560546875, value 0.009722858667373657
    upper bounds improved: average # 367.10986328125, value -0.05588667094707489
 layer: /input-24
    lower bounds improved: average # 33.078125, value 0.0009532859548926353
    upper bounds improved: average # 32.04052734375, value -0.0011853920295834541
 layer: /input-40
    lower bounds improved: average # 54.67822265625, value 0.003111147088930011
    upper bounds improved: average # 45.08203125, value -0.0077185058034956455
 layer: /input-72
    lower bounds improved: average # 11.8408203125, value 0.021682698279619217
    upper bounds improved: average # 13.24951171875, value -0.025932401418685913
Time: init 0.0002    concretize 0.0154    
Accumulated time: init 0.0613    concretize 1.5695    
Time: get_constraints 0.0434    concretize_interm_bounds 0.2567    update_interm_bounds 0.0035    optimize_interm_bounds 0.3037    
Accumulated time: optimize_interm_bounds 1.9028    get_constraints 0.2757    concretize_interm_bounds 1.5783    update_interm_bounds 0.0487    
best_l after optimization: -78.89674377441406
beta sum per layer: [0.0, 999.06103515625, 0.0, 238.1722412109375, 0.0, 2138.615234375, 0.0, 0.0, 0.0, 1064.1051025390625]
alpha/beta optimization time: 2.4961318969726562
pruning_in_iteration open status: False
ratio of positive domain = 285 / 2048 = 0.13916015625
pruning-in-iteration extra time: 4.458427429199219e-05
torch.Size([2048, 1])
Time: prepare 0.0704    bound 2.8027    transfer 0.9402    finalize 0.0445    func 3.8578    
Accumulated time: func 24.6975    prepare 0.4397    bound 17.8480    transfer 5.7969    finalize 0.6428    
max lb tensor(0.21131754) min lb tensor(-0.17607509)
Number of Verified Splits: 316 of 2048
Current worst splitting domains lb-rhs (depth):
-0.20720 (18), -0.19351 (19), -0.18504 (20), -0.18258 (21), -0.18198 (19), -0.18115 (18), -0.17608 (22), -0.17269 (20), -0.17145 (21), -0.17033 (21), -0.16837 (18), -0.16740 (22), -0.16662 (20), -0.16550 (20), -0.16431 (21), -0.16407 (23), -0.16383 (21), -0.16090 (23), -0.16073 (22), -0.16054 (19), 
Length of domains: 3473
Current (lb-rhs): -0.20719724893569946
9502 domains visited
Time: pickout 0.1986    decision 2.1454    set_bounds 0.0330    solve 3.8589    add 1.4205    
Accumulated time: pickout 1.2788    decision 12.9522    set_bounds 0.2026    solve 24.7138    add 9.1336    
Cumulative time: 48.991907835006714

BaB round 21
batch: 1024
splitting decisions: 
split level 0: [/input-40, 6332] [/input-40, 3229] [/input-40, 995] [/input-40, 4332] [/input-40, 6332] [/input-40, 6332] [/input-8, 59163] [/input-40, 1397] [/input-40, 6332] [/input-40, 6332] 
Objective masks generated with topk: 20 objectives.
 layer: /input
    lower bounds improved: average # 196.50439453125, value 5.857102223671973e-06
    upper bounds improved: average # 228.20458984375, value -0.042178962379693985
 layer: /input-8
    lower bounds improved: average # 373.99169921875, value 0.010852336883544922
    upper bounds improved: average # 367.23681640625, value -0.05888838320970535
 layer: /input-24
    lower bounds improved: average # 33.08935546875, value 0.0012369714677333832
    upper bounds improved: average # 32.11572265625, value -0.0014856185298413038
 layer: /input-40
    lower bounds improved: average # 54.935546875, value 0.003650386119261384
    upper bounds improved: average # 45.12646484375, value -0.010698176920413971
 layer: /input-72
    lower bounds improved: average # 12.18505859375, value 0.02312362939119339
    upper bounds improved: average # 13.56884765625, value -0.026807833462953568
Time: init 0.0003    concretize 0.0157    
Accumulated time: init 0.0676    concretize 1.8472    
Time: get_constraints 0.0448    concretize_interm_bounds 0.2783    update_interm_bounds 0.0040    optimize_interm_bounds 0.3271    
Accumulated time: optimize_interm_bounds 2.2299    get_constraints 0.3204    concretize_interm_bounds 1.8566    update_interm_bounds 0.0527    
best_l after optimization: -77.20459747314453
beta sum per layer: [0.0, 1285.0849609375, 0.0, 211.1011199951172, 0.0, 2330.48583984375, 0.0, 0.0, 0.0, 907.9425048828125]
alpha/beta optimization time: 2.499368667602539
pruning_in_iteration open status: False
ratio of positive domain = 229 / 2048 = 0.11181640625
pruning-in-iteration extra time: 4.3392181396484375e-05
torch.Size([2048, 1])
Time: prepare 0.0732    bound 2.8296    transfer 0.9565    finalize 0.0448    func 3.9051    
Accumulated time: func 28.6026    prepare 0.5153    bound 20.6776    transfer 6.7534    finalize 0.6876    
max lb tensor(0.17953843) min lb tensor(-0.16430414)
Number of Verified Splits: 273 of 2048
Current worst splitting domains lb-rhs (depth):
-0.20720 (18), -0.19351 (19), -0.18504 (20), -0.18258 (21), -0.18198 (19), -0.18115 (18), -0.17608 (22), -0.17269 (20), -0.17145 (21), -0.17033 (21), -0.16837 (18), -0.16740 (22), -0.16662 (20), -0.16550 (20), -0.16430 (22), -0.16383 (21), -0.16272 (24), -0.16090 (24), -0.16073 (22), -0.16054 (19), 
Length of domains: 4224
Current (lb-rhs): -0.20719724893569946
11277 domains visited
Time: pickout 0.2064    decision 2.1496    set_bounds 0.0346    solve 3.9065    add 3.0861    
Accumulated time: pickout 1.4851    decision 15.1018    set_bounds 0.2371    solve 28.6202    add 12.2197    
Cumulative time: 58.48318815231323

BaB round 22
batch: 1024
splitting decisions: 
split level 0: [/input-40, 4716] [/input-8, 59163] [/input-40, 8155] [/input-24, 4746] [/input-40, 6332] [/input-8, 59195] [/input-40, 995] [/input-40, 8110] [/input-40, 995] [/input-40, 6333] 
Objective masks generated with topk: 20 objectives.
 layer: /input
    lower bounds improved: average # 196.505859375, value 6.220332579687238e-06
    upper bounds improved: average # 227.94677734375, value -0.03505338728427887
 layer: /input-8
    lower bounds improved: average # 373.85546875, value 0.009502326138317585
    upper bounds improved: average # 367.16259765625, value -0.04897432029247284
 layer: /input-24
    lower bounds improved: average # 33.1845703125, value 0.0013487066607922316
    upper bounds improved: average # 32.103515625, value -0.0017024584813043475
 layer: /input-40
    lower bounds improved: average # 55.04541015625, value 0.0037952670827507973
    upper bounds improved: average # 45.03369140625, value -0.011550231836736202
 layer: /input-72
    lower bounds improved: average # 12.43017578125, value 0.021839015185832977
    upper bounds improved: average # 13.55322265625, value -0.025714917108416557
Time: init 0.0002    concretize 0.0154    
Accumulated time: init 0.0739    concretize 2.1070    
Time: get_constraints 0.0458    concretize_interm_bounds 0.2604    update_interm_bounds 0.0037    optimize_interm_bounds 0.3099    
Accumulated time: optimize_interm_bounds 2.5398    get_constraints 0.3663    concretize_interm_bounds 2.1170    update_interm_bounds 0.0564    
best_l after optimization: -74.3694839477539
beta sum per layer: [0.0, 1436.5576171875, 0.0, 138.78126525878906, 0.0, 2456.242919921875, 0.0, 0.0, 0.0, 810.2410278320312]
alpha/beta optimization time: 2.504612684249878
pruning_in_iteration open status: False
ratio of positive domain = 221 / 2048 = 0.10791015625
pruning-in-iteration extra time: 0.0002696514129638672
torch.Size([2048, 1])
Time: prepare 0.0839    bound 2.8177    transfer 1.0074    finalize 0.0553    func 3.9646    
Accumulated time: func 32.5671    prepare 0.6017    bound 23.4953    transfer 7.7608    finalize 0.7430    
max lb tensor(0.11789060) min lb tensor(-0.14908960)
Number of Verified Splits: 258 of 2048
Current worst splitting domains lb-rhs (depth):
-0.20720 (18), -0.19351 (19), -0.18504 (20), -0.18258 (21), -0.18198 (19), -0.18115 (18), -0.17608 (22), -0.17269 (20), -0.17145 (21), -0.17033 (21), -0.16837 (18), -0.16740 (22), -0.16662 (20), -0.16550 (20), -0.16430 (22), -0.16383 (21), -0.16272 (24), -0.16090 (24), -0.16073 (22), -0.16054 (19), 
Length of domains: 4990
Current (lb-rhs): -0.20719724893569946
13067 domains visited
Time: pickout 0.2382    decision 2.4321    set_bounds 0.0396    solve 3.9663    add 1.7532    
Accumulated time: pickout 1.7233    decision 17.5339    set_bounds 0.2768    solve 32.5865    add 13.9729    
Cumulative time: 67.03670620918274

BaB round 23
batch: 1024
splitting decisions: 
split level 0: [/input-8, 59163] [/input-24, 4746] [/input-40, 8155] [/input-40, 1955] [/input-8, 59163] [/input-40, 1957] [/input-40, 987] [/input-40, 3229] [/input-40, 3868] [/input-40, 995] 
Objective masks generated with topk: 20 objectives.
 layer: /input
    lower bounds improved: average # 196.40185546875, value 6.046546332072467e-06
    upper bounds improved: average # 227.5634765625, value -0.022624284029006958
 layer: /input-8
    lower bounds improved: average # 373.5068359375, value 0.0061565302312374115
    upper bounds improved: average # 366.85009765625, value -0.029059167951345444
 layer: /input-24
    lower bounds improved: average # 33.2666015625, value 0.0011633511167019606
    upper bounds improved: average # 31.91015625, value -0.0014386360999196768
 layer: /input-40
    lower bounds improved: average # 55.20849609375, value 0.003622290678322315
    upper bounds improved: average # 44.98779296875, value -0.00994065497070551
 layer: /input-72
    lower bounds improved: average # 12.46337890625, value 0.018540557473897934
    upper bounds improved: average # 13.16064453125, value -0.023024193942546844
Time: init 0.0002    concretize 0.0154    
Accumulated time: init 0.0805    concretize 2.3664    
Time: get_constraints 0.0443    concretize_interm_bounds 0.2600    update_interm_bounds 0.0036    optimize_interm_bounds 0.3079    
Accumulated time: optimize_interm_bounds 2.8477    get_constraints 0.4106    concretize_interm_bounds 2.3770    update_interm_bounds 0.0600    
best_l after optimization: -69.33433532714844
beta sum per layer: [0.0, 1455.135498046875, 0.0, 105.52955627441406, 0.0, 2666.99951171875, 0.0, 0.0, 0.0, 732.4855346679688]
alpha/beta optimization time: 2.5078163146972656
pruning_in_iteration open status: False
ratio of positive domain = 210 / 2048 = 0.1025390625
pruning-in-iteration extra time: 7.62939453125e-05
torch.Size([2048, 1])
Time: prepare 0.0785    bound 2.8187    transfer 1.0476    finalize 0.0523    func 3.9973    
Accumulated time: func 36.5644    prepare 0.6827    bound 26.3140    transfer 8.8083    finalize 0.7952    
max lb tensor(0.07905412) min lb tensor(-0.14671201)
Number of Verified Splits: 253 of 2048
Current worst splitting domains lb-rhs (depth):
-0.20720 (18), -0.19351 (19), -0.18504 (20), -0.18258 (21), -0.18198 (19), -0.18115 (18), -0.17608 (22), -0.17269 (20), -0.17145 (21), -0.17033 (21), -0.16837 (18), -0.16740 (22), -0.16662 (20), -0.16550 (20), -0.16430 (22), -0.16383 (21), -0.16272 (24), -0.16090 (24), -0.16073 (22), -0.16054 (19), 
Length of domains: 5761
Current (lb-rhs): -0.20719724893569946
14862 domains visited
Time: pickout 0.2622    decision 2.1504    set_bounds 0.0366    solve 3.9987    add 1.8569    
Accumulated time: pickout 1.9855    decision 19.6844    set_bounds 0.3134    solve 36.5852    add 15.8298    
Cumulative time: 75.45818614959717

BaB round 24
batch: 1024
splitting decisions: 
split level 0: [/input-40, 3826] [/input-40, 8155] [/input-40, 995] [/input-24, 23178] [/input-40, 995] [/input-40, 995] [/input-24, 5001] [/input-40, 1397] [/input-40, 4716] [/input-40, 1397] 
Objective masks generated with topk: 20 objectives.
 layer: /input
    lower bounds improved: average # 196.37939453125, value 5.478461389429867e-06
    upper bounds improved: average # 227.21240234375, value -0.012798656709492207
 layer: /input-8
    lower bounds improved: average # 373.19189453125, value 0.003342533716931939
    upper bounds improved: average # 366.70068359375, value -0.01327972486615181
 layer: /input-24
    lower bounds improved: average # 33.39501953125, value 0.001055435393936932
    upper bounds improved: average # 31.8134765625, value -0.001443337881937623
 layer: /input-40
    lower bounds improved: average # 55.36669921875, value 0.0037024568300694227
    upper bounds improved: average # 44.83935546875, value -0.008257057517766953
 layer: /input-72
    lower bounds improved: average # 12.58642578125, value 0.015961728990077972
    upper bounds improved: average # 12.82568359375, value -0.020982597023248672
Time: init 0.0002    concretize 0.0155    
Accumulated time: init 0.0870    concretize 2.6230    
Time: get_constraints 0.0434    concretize_interm_bounds 0.2572    update_interm_bounds 0.0038    optimize_interm_bounds 0.3045    
Accumulated time: optimize_interm_bounds 3.1522    get_constraints 0.4540    concretize_interm_bounds 2.6342    update_interm_bounds 0.0638    
best_l after optimization: -65.44856262207031
beta sum per layer: [0.0, 1434.724853515625, 0.0, 71.2494125366211, 0.0, 2841.82861328125, 0.0, 0.0, 0.0, 656.838134765625]
alpha/beta optimization time: 2.505794048309326
pruning_in_iteration open status: False
ratio of positive domain = 243 / 2048 = 0.11865234375
pruning-in-iteration extra time: 6.866455078125e-05
torch.Size([2048, 1])
Time: prepare 0.0808    bound 2.8134    transfer 1.1532    finalize 0.3705    func 4.4183    
Accumulated time: func 40.9827    prepare 0.7661    bound 29.1274    transfer 9.9615    finalize 1.1658    
max lb tensor(0.17628860) min lb tensor(-0.13763869)
Number of Verified Splits: 291 of 2048
Current worst splitting domains lb-rhs (depth):
-0.20720 (18), -0.19351 (19), -0.18504 (20), -0.18258 (21), -0.18198 (19), -0.18115 (18), -0.17608 (22), -0.17269 (20), -0.17145 (21), -0.17033 (21), -0.16837 (18), -0.16740 (22), -0.16662 (20), -0.16550 (20), -0.16430 (22), -0.16383 (21), -0.16272 (24), -0.16090 (24), -0.16073 (22), -0.16054 (19), 
Length of domains: 6494
Current (lb-rhs): -0.20719724893569946
16619 domains visited
Time: pickout 0.2429    decision 2.1499    set_bounds 0.0381    solve 4.4199    add 1.7481    
Accumulated time: pickout 2.2284    decision 21.8343    set_bounds 0.3515    solve 41.0051    add 17.5779    
Cumulative time: 84.2390239238739

BaB round 25
batch: 1024
splitting decisions: 
split level 0: [/input-40, 8110] [/input-40, 4244] [/input-8, 59163] [/input-24, 5001] [/input-24, 5001] [/input-40, 6332] [/input-40, 995] [/input-8, 59163] [/input-40, 8110] [/input-40, 8155] 
Objective masks generated with topk: 20 objectives.
 layer: /input
    lower bounds improved: average # 196.43115234375, value 1.2951335520483553e-05
    upper bounds improved: average # 227.06396484375, value -0.0120185986161232
 layer: /input-8
    lower bounds improved: average # 372.92822265625, value 0.0030528930947184563
    upper bounds improved: average # 366.732421875, value -0.011631065979599953
 layer: /input-24
    lower bounds improved: average # 33.51708984375, value 0.0012352624908089638
    upper bounds improved: average # 31.87841796875, value -0.001999676926061511
 layer: /input-40
    lower bounds improved: average # 55.32080078125, value 0.003689427161589265
    upper bounds improved: average # 44.78759765625, value -0.008572518825531006
 layer: /input-72
    lower bounds improved: average # 12.77294921875, value 0.01627056859433651
    upper bounds improved: average # 12.98046875, value -0.02148238755762577
Time: init 0.0002    concretize 0.0154    
Accumulated time: init 0.0934    concretize 2.8796    
Time: get_constraints 0.0431    concretize_interm_bounds 0.2572    update_interm_bounds 0.0037    optimize_interm_bounds 0.3040    
Accumulated time: optimize_interm_bounds 3.4562    get_constraints 0.4971    concretize_interm_bounds 2.8914    update_interm_bounds 0.0675    
best_l after optimization: -63.01158905029297
beta sum per layer: [0.0, 1393.5830078125, 0.0, 78.3148193359375, 0.0, 3038.03515625, 0.0, 0.0, 0.0, 593.2122802734375]
alpha/beta optimization time: 2.508906126022339
pruning_in_iteration open status: False
ratio of positive domain = 220 / 2048 = 0.107421875
pruning-in-iteration extra time: 0.00027251243591308594
torch.Size([2048, 1])
Time: prepare 0.0788    bound 2.8163    transfer 1.0843    finalize 0.0512    func 4.0308    
Accumulated time: func 45.0135    prepare 0.8474    bound 31.9437    transfer 11.0458    finalize 1.2170    
max lb tensor(0.05126446) min lb tensor(-0.13153470)
Number of Verified Splits: 285 of 2048
Current worst splitting domains lb-rhs (depth):
-0.20720 (18), -0.19351 (19), -0.18504 (20), -0.18258 (21), -0.18198 (19), -0.18115 (18), -0.17608 (22), -0.17269 (20), -0.17145 (21), -0.17033 (21), -0.16837 (18), -0.16740 (22), -0.16662 (20), -0.16550 (20), -0.16430 (22), -0.16383 (21), -0.16272 (24), -0.16090 (24), -0.16073 (22), -0.16054 (19), 
Length of domains: 7233
Current (lb-rhs): -0.20719724893569946
18382 domains visited
Time: pickout 0.2610    decision 2.1522    set_bounds 0.0395    solve 4.0322    add 1.7463    
Accumulated time: pickout 2.4894    decision 23.9865    set_bounds 0.3910    solve 45.0373    add 19.3241    
Cumulative time: 92.62530326843262

BaB round 26
batch: 1024
splitting decisions: 
split level 0: [/input-40, 8110] [/input-40, 8155] [/input-40, 4244] [/input-40, 3229] [/input-40, 3868] [/input-40, 3229] [/input-8, 59162] [/input-40, 4244] [/input-24, 21130] [/input-24, 21130] 
Objective masks generated with topk: 20 objectives.
 layer: /input
    lower bounds improved: average # 196.484375, value 1.57749600475654e-05
    upper bounds improved: average # 226.83056640625, value -0.010633321478962898
 layer: /input-8
    lower bounds improved: average # 372.69384765625, value 0.002569427015259862
    upper bounds improved: average # 366.60595703125, value -0.010655200108885765
 layer: /input-24
    lower bounds improved: average # 33.646484375, value 0.0013498894404619932
    upper bounds improved: average # 31.87109375, value -0.0032650611829012632
 layer: /input-40
    lower bounds improved: average # 55.1806640625, value 0.0035146926529705524
    upper bounds improved: average # 44.68505859375, value -0.008359767496585846
 layer: /input-72
    lower bounds improved: average # 12.7158203125, value 0.015934249386191368
    upper bounds improved: average # 13.0087890625, value -0.021136008203029633
Time: init 0.0002    concretize 0.0155    
Accumulated time: init 0.0995    concretize 3.1364    
Time: get_constraints 0.0430    concretize_interm_bounds 0.2574    update_interm_bounds 0.0037    optimize_interm_bounds 0.3041    
Accumulated time: optimize_interm_bounds 3.7603    get_constraints 0.5400    concretize_interm_bounds 3.1488    update_interm_bounds 0.0712    
best_l after optimization: -59.622825622558594
beta sum per layer: [0.0, 1340.137939453125, 0.0, 92.79521179199219, 0.0, 3188.89990234375, 0.0, 0.0, 0.0, 529.3899536132812]
alpha/beta optimization time: 2.5075831413269043
pruning_in_iteration open status: False
ratio of positive domain = 239 / 2048 = 0.11669921875
pruning-in-iteration extra time: 6.580352783203125e-05
torch.Size([2048, 1])
Time: prepare 0.0748    bound 2.8147    transfer 1.1097    finalize 0.0660    func 4.0653    
Accumulated time: func 49.0789    prepare 0.9247    bound 34.7584    transfer 12.1555    finalize 1.2830    
max lb tensor(0.04147840) min lb tensor(-0.12687707)
Number of Verified Splits: 299 of 2048
Current worst splitting domains lb-rhs (depth):
-0.20720 (18), -0.19351 (19), -0.18504 (20), -0.18258 (21), -0.18198 (19), -0.18115 (18), -0.17608 (22), -0.17269 (20), -0.17145 (21), -0.17033 (21), -0.16837 (18), -0.16740 (22), -0.16662 (20), -0.16550 (20), -0.16430 (22), -0.16383 (21), -0.16272 (24), -0.16090 (24), -0.16073 (22), -0.16054 (19), 
Length of domains: 7958
Current (lb-rhs): -0.20719724893569946
20131 domains visited
Time: pickout 0.2473    decision 2.1539    set_bounds 0.0368    solve 4.0677    add 1.6832    
Accumulated time: pickout 2.7367    decision 26.1404    set_bounds 0.4277    solve 49.1050    add 21.0073    
Time out!!!!!!!!
Result: timeout
Time: 104.26553106307983

------------------------- COMMAND ------------------------------
/data1/Kane/miniconda3/envs/abcrown25/bin/python /data1/Kane/alpha-beta-CROWN_vnncomp2025/complete_verifier/abcrown.py --config /data1/Kane/alpha-beta-CROWN_vnncomp2025/complete_verifier/exp_configs/vnncomp25/cifar100.yaml --precompile_jit --onnx_path /data1/Kane/data/vnncomp2025_benchmarks/benchmarks/cifar100_2024/onnx/CIFAR100_resnet_large.onnx --vnnlib_path /data1/Kane/data/vnncomp2025_benchmarks/benchmarks/cifar100_2024/vnnlib/CIFAR100_resnet_large_prop_idx_5769_sidx_1524_eps_0.0039.vnnlib --results_file /data1/Kane/ACT/audit_results/abcrown_nopgd_20260525/cifar100_2024/0150__CIFAR100_resnet_large__CIFAR100_resnet_large_prop_idx_5769_sidx_1524_eps_0.0039.result --timeout 100.0 --save_adv_example --pgd_order=skip
----------------------------------------------------------------

