source,iid,verdict,internal_status,reportable_status,count_bucket,wall_s,watchdog_status,watchdog_synthetic,strict_bounded_failure,run_status,peak_rss_mb,onnx_model,vnnlib_spec,q_statuses,q_reportables,q_receipts,error,json_path
cpu_auto,0,UNKNOWN,UNKNOWN,UNKNOWN,UNKNOWN,7.602,,False,,PASSED,,onnx/ACASXU_run2a_1_1_batch_2000.onnx,vnnlib/prop_1.vnnlib,"[""UNKNOWN""]","[""UNKNOWN""]",[null],,/data1/Kane/ACT/audit_results/capability_rebaseline_20260524T225704Z/acasxu_C_auto/per_instance_acasxu_2023_20260524T140935673889Z.json
cpu_auto,1,UNKNOWN,UNKNOWN,UNKNOWN,UNKNOWN,8.281,,False,,PASSED,,onnx/ACASXU_run2a_1_2_batch_2000.onnx,vnnlib/prop_1.vnnlib,"[""UNKNOWN""]","[""UNKNOWN""]",[null],,/data1/Kane/ACT/audit_results/capability_rebaseline_20260524T225704Z/acasxu_C_auto/per_instance_acasxu_2023_20260524T140935673889Z.json
cpu_auto,10,UNKNOWN,UNKNOWN,UNKNOWN,UNKNOWN,8.946,,False,,PASSED,,onnx/ACASXU_run2a_2_2_batch_2000.onnx,vnnlib/prop_1.vnnlib,"[""UNKNOWN""]","[""UNKNOWN""]",[null],,/data1/Kane/ACT/audit_results/capability_rebaseline_20260524T225704Z/acasxu_C_auto/per_instance_acasxu_2023_20260524T140935673889Z.json
cpu_auto,100,CERTIFIED,UNSAT,CERTIFIED,CERTIFIED,4.435,,False,,PASSED,,onnx/ACASXU_run2a_2_2_batch_2000.onnx,vnnlib/prop_3.vnnlib,"[""UNSAT""]","[""CERTIFIED""]",[null],,/data1/Kane/ACT/audit_results/capability_rebaseline_20260524T225704Z/acasxu_C_auto/per_instance_acasxu_2023_20260524T140935673889Z.json
cpu_auto,101,UNKNOWN,UNKNOWN,UNKNOWN,UNKNOWN,5.164,,False,,PASSED,,onnx/ACASXU_run2a_2_3_batch_2000.onnx,vnnlib/prop_3.vnnlib,"[""UNKNOWN""]","[""UNKNOWN""]",[null],,/data1/Kane/ACT/audit_results/capability_rebaseline_20260524T225704Z/acasxu_C_auto/per_instance_acasxu_2023_20260524T140935673889Z.json
cpu_auto,102,CERTIFIED,UNSAT,CERTIFIED,CERTIFIED,0.376,,False,,PASSED,,onnx/ACASXU_run2a_2_4_batch_2000.onnx,vnnlib/prop_3.vnnlib,"[""UNSAT""]","[""CERTIFIED""]",[null],,/data1/Kane/ACT/audit_results/capability_rebaseline_20260524T225704Z/acasxu_C_auto/per_instance_acasxu_2023_20260524T140935673889Z.json
cpu_auto,103,CERTIFIED,UNSAT,CERTIFIED,CERTIFIED,0.503,,False,,PASSED,,onnx/ACASXU_run2a_2_5_batch_2000.onnx,vnnlib/prop_3.vnnlib,"[""UNSAT""]","[""CERTIFIED""]",[null],,/data1/Kane/ACT/audit_results/capability_rebaseline_20260524T225704Z/acasxu_C_auto/per_instance_acasxu_2023_20260524T140935673889Z.json
cpu_auto,104,CERTIFIED,UNSAT,CERTIFIED,CERTIFIED,0.479,,False,,PASSED,,onnx/ACASXU_run2a_2_6_batch_2000.onnx,vnnlib/prop_3.vnnlib,"[""UNSAT""]","[""CERTIFIED""]",[null],,/data1/Kane/ACT/audit_results/capability_rebaseline_20260524T225704Z/acasxu_C_auto/per_instance_acasxu_2023_20260524T140935673889Z.json
cpu_auto,105,CERTIFIED,UNSAT,CERTIFIED,CERTIFIED,0.507,,False,,PASSED,,onnx/ACASXU_run2a_2_7_batch_2000.onnx,vnnlib/prop_3.vnnlib,"[""UNSAT""]","[""CERTIFIED""]",[null],,/data1/Kane/ACT/audit_results/capability_rebaseline_20260524T225704Z/acasxu_C_auto/per_instance_acasxu_2023_20260524T140935673889Z.json
cpu_auto,106,CERTIFIED,UNSAT,CERTIFIED,CERTIFIED,0.472,,False,,PASSED,,onnx/ACASXU_run2a_2_8_batch_2000.onnx,vnnlib/prop_3.vnnlib,"[""UNSAT""]","[""CERTIFIED""]",[null],,/data1/Kane/ACT/audit_results/capability_rebaseline_20260524T225704Z/acasxu_C_auto/per_instance_acasxu_2023_20260524T140935673889Z.json
cpu_auto,107,CERTIFIED,UNSAT,CERTIFIED,CERTIFIED,0.348,,False,,PASSED,,onnx/ACASXU_run2a_2_9_batch_2000.onnx,vnnlib/prop_3.vnnlib,"[""UNSAT""]","[""CERTIFIED""]",[null],,/data1/Kane/ACT/audit_results/capability_rebaseline_20260524T225704Z/acasxu_C_auto/per_instance_acasxu_2023_20260524T140935673889Z.json
cpu_auto,108,CERTIFIED,UNSAT,CERTIFIED,CERTIFIED,0.453,,False,,PASSED,,onnx/ACASXU_run2a_3_1_batch_2000.onnx,vnnlib/prop_3.vnnlib,"[""UNSAT""]","[""CERTIFIED""]",[null],,/data1/Kane/ACT/audit_results/capability_rebaseline_20260524T225704Z/acasxu_C_auto/per_instance_acasxu_2023_20260524T140935673889Z.json
cpu_auto,109,UNKNOWN,UNKNOWN,UNKNOWN,UNKNOWN,5.97,,False,,PASSED,,onnx/ACASXU_run2a_3_2_batch_2000.onnx,vnnlib/prop_3.vnnlib,"[""UNKNOWN""]","[""UNKNOWN""]",[null],,/data1/Kane/ACT/audit_results/capability_rebaseline_20260524T225704Z/acasxu_C_auto/per_instance_acasxu_2023_20260524T140935673889Z.json
cpu_auto,11,UNKNOWN,UNKNOWN,UNKNOWN,UNKNOWN,8.056,,False,,PASSED,,onnx/ACASXU_run2a_2_3_batch_2000.onnx,vnnlib/prop_1.vnnlib,"[""UNKNOWN""]","[""UNKNOWN""]",[null],,/data1/Kane/ACT/audit_results/capability_rebaseline_20260524T225704Z/acasxu_C_auto/per_instance_acasxu_2023_20260524T140935673889Z.json
cpu_auto,110,CERTIFIED,UNSAT,CERTIFIED,CERTIFIED,0.597,,False,,PASSED,,onnx/ACASXU_run2a_3_3_batch_2000.onnx,vnnlib/prop_3.vnnlib,"[""UNSAT""]","[""CERTIFIED""]",[null],,/data1/Kane/ACT/audit_results/capability_rebaseline_20260524T225704Z/acasxu_C_auto/per_instance_acasxu_2023_20260524T140935673889Z.json
cpu_auto,111,CERTIFIED,UNSAT,CERTIFIED,CERTIFIED,3.726,,False,,PASSED,,onnx/ACASXU_run2a_3_4_batch_2000.onnx,vnnlib/prop_3.vnnlib,"[""UNSAT""]","[""CERTIFIED""]",[null],,/data1/Kane/ACT/audit_results/capability_rebaseline_20260524T225704Z/acasxu_C_auto/per_instance_acasxu_2023_20260524T140935673889Z.json
cpu_auto,112,CERTIFIED,UNSAT,CERTIFIED,CERTIFIED,0.495,,False,,PASSED,,onnx/ACASXU_run2a_3_5_batch_2000.onnx,vnnlib/prop_3.vnnlib,"[""UNSAT""]","[""CERTIFIED""]",[null],,/data1/Kane/ACT/audit_results/capability_rebaseline_20260524T225704Z/acasxu_C_auto/per_instance_acasxu_2023_20260524T140935673889Z.json
cpu_auto,113,CERTIFIED,UNSAT,CERTIFIED,CERTIFIED,3.301,,False,,PASSED,,onnx/ACASXU_run2a_3_6_batch_2000.onnx,vnnlib/prop_3.vnnlib,"[""UNSAT""]","[""CERTIFIED""]",[null],,/data1/Kane/ACT/audit_results/capability_rebaseline_20260524T225704Z/acasxu_C_auto/per_instance_acasxu_2023_20260524T140935673889Z.json
cpu_auto,114,CERTIFIED,UNSAT,CERTIFIED,CERTIFIED,0.364,,False,,PASSED,,onnx/ACASXU_run2a_3_7_batch_2000.onnx,vnnlib/prop_3.vnnlib,"[""UNSAT""]","[""CERTIFIED""]",[null],,/data1/Kane/ACT/audit_results/capability_rebaseline_20260524T225704Z/acasxu_C_auto/per_instance_acasxu_2023_20260524T140935673889Z.json
cpu_auto,115,CERTIFIED,UNSAT,CERTIFIED,CERTIFIED,0.486,,False,,PASSED,,onnx/ACASXU_run2a_3_8_batch_2000.onnx,vnnlib/prop_3.vnnlib,"[""UNSAT""]","[""CERTIFIED""]",[null],,/data1/Kane/ACT/audit_results/capability_rebaseline_20260524T225704Z/acasxu_C_auto/per_instance_acasxu_2023_20260524T140935673889Z.json
cpu_auto,116,CERTIFIED,UNSAT,CERTIFIED,CERTIFIED,0.463,,False,,PASSED,,onnx/ACASXU_run2a_3_9_batch_2000.onnx,vnnlib/prop_3.vnnlib,"[""UNSAT""]","[""CERTIFIED""]",[null],,/data1/Kane/ACT/audit_results/capability_rebaseline_20260524T225704Z/acasxu_C_auto/per_instance_acasxu_2023_20260524T140935673889Z.json
cpu_auto,117,CERTIFIED,UNSAT,CERTIFIED,CERTIFIED,1.438,,False,,PASSED,,onnx/ACASXU_run2a_4_1_batch_2000.onnx,vnnlib/prop_3.vnnlib,"[""UNSAT""]","[""CERTIFIED""]",[null],,/data1/Kane/ACT/audit_results/capability_rebaseline_20260524T225704Z/acasxu_C_auto/per_instance_acasxu_2023_20260524T140935673889Z.json
cpu_auto,118,UNKNOWN,UNKNOWN,UNKNOWN,UNKNOWN,5.793,,False,,PASSED,,onnx/ACASXU_run2a_4_2_batch_2000.onnx,vnnlib/prop_3.vnnlib,"[""UNKNOWN""]","[""UNKNOWN""]",[null],,/data1/Kane/ACT/audit_results/capability_rebaseline_20260524T225704Z/acasxu_C_auto/per_instance_acasxu_2023_20260524T140935673889Z.json
cpu_auto,119,UNKNOWN,UNKNOWN,UNKNOWN,UNKNOWN,5.767,,False,,PASSED,,onnx/ACASXU_run2a_4_3_batch_2000.onnx,vnnlib/prop_3.vnnlib,"[""UNKNOWN""]","[""UNKNOWN""]",[null],,/data1/Kane/ACT/audit_results/capability_rebaseline_20260524T225704Z/acasxu_C_auto/per_instance_acasxu_2023_20260524T140935673889Z.json
cpu_auto,12,UNKNOWN,UNKNOWN,UNKNOWN,UNKNOWN,7.787,,False,,PASSED,,onnx/ACASXU_run2a_2_4_batch_2000.onnx,vnnlib/prop_1.vnnlib,"[""UNKNOWN""]","[""UNKNOWN""]",[null],,/data1/Kane/ACT/audit_results/capability_rebaseline_20260524T225704Z/acasxu_C_auto/per_instance_acasxu_2023_20260524T140935673889Z.json
cpu_auto,120,CERTIFIED,UNSAT,CERTIFIED,CERTIFIED,0.436,,False,,PASSED,,onnx/ACASXU_run2a_4_4_batch_2000.onnx,vnnlib/prop_3.vnnlib,"[""UNSAT""]","[""CERTIFIED""]",[null],,/data1/Kane/ACT/audit_results/capability_rebaseline_20260524T225704Z/acasxu_C_auto/per_instance_acasxu_2023_20260524T140935673889Z.json
cpu_auto,121,CERTIFIED,UNSAT,CERTIFIED,CERTIFIED,0.392,,False,,PASSED,,onnx/ACASXU_run2a_4_5_batch_2000.onnx,vnnlib/prop_3.vnnlib,"[""UNSAT""]","[""CERTIFIED""]",[null],,/data1/Kane/ACT/audit_results/capability_rebaseline_20260524T225704Z/acasxu_C_auto/per_instance_acasxu_2023_20260524T140935673889Z.json
cpu_auto,122,CERTIFIED,UNSAT,CERTIFIED,CERTIFIED,0.841,,False,,PASSED,,onnx/ACASXU_run2a_4_6_batch_2000.onnx,vnnlib/prop_3.vnnlib,"[""UNSAT""]","[""CERTIFIED""]",[null],,/data1/Kane/ACT/audit_results/capability_rebaseline_20260524T225704Z/acasxu_C_auto/per_instance_acasxu_2023_20260524T140935673889Z.json
cpu_auto,123,CERTIFIED,UNSAT,CERTIFIED,CERTIFIED,0.502,,False,,PASSED,,onnx/ACASXU_run2a_4_7_batch_2000.onnx,vnnlib/prop_3.vnnlib,"[""UNSAT""]","[""CERTIFIED""]",[null],,/data1/Kane/ACT/audit_results/capability_rebaseline_20260524T225704Z/acasxu_C_auto/per_instance_acasxu_2023_20260524T140935673889Z.json
cpu_auto,124,CERTIFIED,UNSAT,CERTIFIED,CERTIFIED,0.472,,False,,PASSED,,onnx/ACASXU_run2a_4_8_batch_2000.onnx,vnnlib/prop_3.vnnlib,"[""UNSAT""]","[""CERTIFIED""]",[null],,/data1/Kane/ACT/audit_results/capability_rebaseline_20260524T225704Z/acasxu_C_auto/per_instance_acasxu_2023_20260524T140935673889Z.json
cpu_auto,125,CERTIFIED,UNSAT,CERTIFIED,CERTIFIED,0.59,,False,,PASSED,,onnx/ACASXU_run2a_4_9_batch_2000.onnx,vnnlib/prop_3.vnnlib,"[""UNSAT""]","[""CERTIFIED""]",[null],,/data1/Kane/ACT/audit_results/capability_rebaseline_20260524T225704Z/acasxu_C_auto/per_instance_acasxu_2023_20260524T140935673889Z.json
cpu_auto,126,UNKNOWN,UNKNOWN,UNKNOWN,UNKNOWN,2.786,,False,,PASSED,,onnx/ACASXU_run2a_5_1_batch_2000.onnx,vnnlib/prop_3.vnnlib,"[""UNKNOWN""]","[""UNKNOWN""]",[null],,/data1/Kane/ACT/audit_results/capability_rebaseline_20260524T225704Z/acasxu_C_auto/per_instance_acasxu_2023_20260524T140935673889Z.json
cpu_auto,127,CERTIFIED,UNSAT,CERTIFIED,CERTIFIED,0.435,,False,,PASSED,,onnx/ACASXU_run2a_5_2_batch_2000.onnx,vnnlib/prop_3.vnnlib,"[""UNSAT""]","[""CERTIFIED""]",[null],,/data1/Kane/ACT/audit_results/capability_rebaseline_20260524T225704Z/acasxu_C_auto/per_instance_acasxu_2023_20260524T140935673889Z.json
cpu_auto,128,CERTIFIED,UNSAT,CERTIFIED,CERTIFIED,0.525,,False,,PASSED,,onnx/ACASXU_run2a_5_3_batch_2000.onnx,vnnlib/prop_3.vnnlib,"[""UNSAT""]","[""CERTIFIED""]",[null],,/data1/Kane/ACT/audit_results/capability_rebaseline_20260524T225704Z/acasxu_C_auto/per_instance_acasxu_2023_20260524T140935673889Z.json
cpu_auto,129,CERTIFIED,UNSAT,CERTIFIED,CERTIFIED,0.436,,False,,PASSED,,onnx/ACASXU_run2a_5_4_batch_2000.onnx,vnnlib/prop_3.vnnlib,"[""UNSAT""]","[""CERTIFIED""]",[null],,/data1/Kane/ACT/audit_results/capability_rebaseline_20260524T225704Z/acasxu_C_auto/per_instance_acasxu_2023_20260524T140935673889Z.json
cpu_auto,13,UNKNOWN,UNKNOWN,UNKNOWN,UNKNOWN,8.988,,False,,PASSED,,onnx/ACASXU_run2a_2_5_batch_2000.onnx,vnnlib/prop_1.vnnlib,"[""UNKNOWN""]","[""UNKNOWN""]",[null],,/data1/Kane/ACT/audit_results/capability_rebaseline_20260524T225704Z/acasxu_C_auto/per_instance_acasxu_2023_20260524T140935673889Z.json
cpu_auto,130,CERTIFIED,UNSAT,CERTIFIED,CERTIFIED,0.501,,False,,PASSED,,onnx/ACASXU_run2a_5_5_batch_2000.onnx,vnnlib/prop_3.vnnlib,"[""UNSAT""]","[""CERTIFIED""]",[null],,/data1/Kane/ACT/audit_results/capability_rebaseline_20260524T225704Z/acasxu_C_auto/per_instance_acasxu_2023_20260524T140935673889Z.json
cpu_auto,131,CERTIFIED,UNSAT,CERTIFIED,CERTIFIED,0.598,,False,,PASSED,,onnx/ACASXU_run2a_5_6_batch_2000.onnx,vnnlib/prop_3.vnnlib,"[""UNSAT""]","[""CERTIFIED""]",[null],,/data1/Kane/ACT/audit_results/capability_rebaseline_20260524T225704Z/acasxu_C_auto/per_instance_acasxu_2023_20260524T140935673889Z.json
cpu_auto,132,CERTIFIED,UNSAT,CERTIFIED,CERTIFIED,0.34,,False,,PASSED,,onnx/ACASXU_run2a_5_7_batch_2000.onnx,vnnlib/prop_3.vnnlib,"[""UNSAT""]","[""CERTIFIED""]",[null],,/data1/Kane/ACT/audit_results/capability_rebaseline_20260524T225704Z/acasxu_C_auto/per_instance_acasxu_2023_20260524T140935673889Z.json
cpu_auto,133,CERTIFIED,UNSAT,CERTIFIED,CERTIFIED,0.559,,False,,PASSED,,onnx/ACASXU_run2a_5_8_batch_2000.onnx,vnnlib/prop_3.vnnlib,"[""UNSAT""]","[""CERTIFIED""]",[null],,/data1/Kane/ACT/audit_results/capability_rebaseline_20260524T225704Z/acasxu_C_auto/per_instance_acasxu_2023_20260524T140935673889Z.json
cpu_auto,134,CERTIFIED,UNSAT,CERTIFIED,CERTIFIED,0.361,,False,,PASSED,,onnx/ACASXU_run2a_5_9_batch_2000.onnx,vnnlib/prop_3.vnnlib,"[""UNSAT""]","[""CERTIFIED""]",[null],,/data1/Kane/ACT/audit_results/capability_rebaseline_20260524T225704Z/acasxu_C_auto/per_instance_acasxu_2023_20260524T140935673889Z.json
cpu_auto,135,CERTIFIED,UNSAT,CERTIFIED,CERTIFIED,3.445,,False,,PASSED,,onnx/ACASXU_run2a_1_1_batch_2000.onnx,vnnlib/prop_4.vnnlib,"[""UNSAT""]","[""CERTIFIED""]",[null],,/data1/Kane/ACT/audit_results/capability_rebaseline_20260524T225704Z/acasxu_C_auto/per_instance_acasxu_2023_20260524T140935673889Z.json
cpu_auto,136,CERTIFIED,UNSAT,CERTIFIED,CERTIFIED,3.872,,False,,PASSED,,onnx/ACASXU_run2a_1_2_batch_2000.onnx,vnnlib/prop_4.vnnlib,"[""UNSAT""]","[""CERTIFIED""]",[null],,/data1/Kane/ACT/audit_results/capability_rebaseline_20260524T225704Z/acasxu_C_auto/per_instance_acasxu_2023_20260524T140935673889Z.json
cpu_auto,137,UNKNOWN,UNKNOWN,UNKNOWN,UNKNOWN,5.936,,False,,PASSED,,onnx/ACASXU_run2a_1_3_batch_2000.onnx,vnnlib/prop_4.vnnlib,"[""UNKNOWN""]","[""UNKNOWN""]",[null],,/data1/Kane/ACT/audit_results/capability_rebaseline_20260524T225704Z/acasxu_C_auto/per_instance_acasxu_2023_20260524T140935673889Z.json
cpu_auto,138,CERTIFIED,UNSAT,CERTIFIED,CERTIFIED,1.46,,False,,PASSED,,onnx/ACASXU_run2a_1_4_batch_2000.onnx,vnnlib/prop_4.vnnlib,"[""UNSAT""]","[""CERTIFIED""]",[null],,/data1/Kane/ACT/audit_results/capability_rebaseline_20260524T225704Z/acasxu_C_auto/per_instance_acasxu_2023_20260524T140935673889Z.json
cpu_auto,139,CERTIFIED,UNSAT,CERTIFIED,CERTIFIED,1.786,,False,,PASSED,,onnx/ACASXU_run2a_1_5_batch_2000.onnx,vnnlib/prop_4.vnnlib,"[""UNSAT""]","[""CERTIFIED""]",[null],,/data1/Kane/ACT/audit_results/capability_rebaseline_20260524T225704Z/acasxu_C_auto/per_instance_acasxu_2023_20260524T140935673889Z.json
cpu_auto,14,UNKNOWN,UNKNOWN,UNKNOWN,UNKNOWN,8.985,,False,,PASSED,,onnx/ACASXU_run2a_2_6_batch_2000.onnx,vnnlib/prop_1.vnnlib,"[""UNKNOWN""]","[""UNKNOWN""]",[null],,/data1/Kane/ACT/audit_results/capability_rebaseline_20260524T225704Z/acasxu_C_auto/per_instance_acasxu_2023_20260524T140935673889Z.json
cpu_auto,140,CERTIFIED,UNSAT,CERTIFIED,CERTIFIED,0.51,,False,,PASSED,,onnx/ACASXU_run2a_1_6_batch_2000.onnx,vnnlib/prop_4.vnnlib,"[""UNSAT""]","[""CERTIFIED""]",[null],,/data1/Kane/ACT/audit_results/capability_rebaseline_20260524T225704Z/acasxu_C_auto/per_instance_acasxu_2023_20260524T140935673889Z.json
cpu_auto,141,FALSIFIED,SAT,FALSIFIED,FALSIFIED,1.969,,False,,PASSED,,onnx/ACASXU_run2a_1_7_batch_2000.onnx,vnnlib/prop_4.vnnlib,"[""SAT""]","[""FALSIFIED""]","[""/data1/Kane/ACT/audit_results/capability_rebaseline_20260524T225704Z/acasxu_C_auto/acasxu_2023_141_q0_small_dense_lp_witness_0.json""]",,/data1/Kane/ACT/audit_results/capability_rebaseline_20260524T225704Z/acasxu_C_auto/per_instance_acasxu_2023_20260524T140935673889Z.json
cpu_auto,142,FALSIFIED,SAT,FALSIFIED,FALSIFIED,1.409,,False,,PASSED,,onnx/ACASXU_run2a_1_8_batch_2000.onnx,vnnlib/prop_4.vnnlib,"[""SAT""]","[""FALSIFIED""]","[""/data1/Kane/ACT/audit_results/capability_rebaseline_20260524T225704Z/acasxu_C_auto/acasxu_2023_142_q0_small_dense_lp_witness_0.json""]",,/data1/Kane/ACT/audit_results/capability_rebaseline_20260524T225704Z/acasxu_C_auto/per_instance_acasxu_2023_20260524T140935673889Z.json
cpu_auto,143,FALSIFIED,SAT,FALSIFIED,FALSIFIED,1.164,,False,,PASSED,,onnx/ACASXU_run2a_1_9_batch_2000.onnx,vnnlib/prop_4.vnnlib,"[""SAT""]","[""FALSIFIED""]","[""/data1/Kane/ACT/audit_results/capability_rebaseline_20260524T225704Z/acasxu_C_auto/acasxu_2023_143_q0_small_dense_lp_witness_0.json""]",,/data1/Kane/ACT/audit_results/capability_rebaseline_20260524T225704Z/acasxu_C_auto/per_instance_acasxu_2023_20260524T140935673889Z.json
cpu_auto,144,CERTIFIED,UNSAT,CERTIFIED,CERTIFIED,2.568,,False,,PASSED,,onnx/ACASXU_run2a_2_1_batch_2000.onnx,vnnlib/prop_4.vnnlib,"[""UNSAT""]","[""CERTIFIED""]",[null],,/data1/Kane/ACT/audit_results/capability_rebaseline_20260524T225704Z/acasxu_C_auto/per_instance_acasxu_2023_20260524T140935673889Z.json
cpu_auto,145,CERTIFIED,UNSAT,CERTIFIED,CERTIFIED,2.309,,False,,PASSED,,onnx/ACASXU_run2a_2_2_batch_2000.onnx,vnnlib/prop_4.vnnlib,"[""UNSAT""]","[""CERTIFIED""]",[null],,/data1/Kane/ACT/audit_results/capability_rebaseline_20260524T225704Z/acasxu_C_auto/per_instance_acasxu_2023_20260524T140935673889Z.json
cpu_auto,146,CERTIFIED,UNSAT,CERTIFIED,CERTIFIED,0.404,,False,,PASSED,,onnx/ACASXU_run2a_2_3_batch_2000.onnx,vnnlib/prop_4.vnnlib,"[""UNSAT""]","[""CERTIFIED""]",[null],,/data1/Kane/ACT/audit_results/capability_rebaseline_20260524T225704Z/acasxu_C_auto/per_instance_acasxu_2023_20260524T140935673889Z.json
cpu_auto,147,CERTIFIED,UNSAT,CERTIFIED,CERTIFIED,0.467,,False,,PASSED,,onnx/ACASXU_run2a_2_4_batch_2000.onnx,vnnlib/prop_4.vnnlib,"[""UNSAT""]","[""CERTIFIED""]",[null],,/data1/Kane/ACT/audit_results/capability_rebaseline_20260524T225704Z/acasxu_C_auto/per_instance_acasxu_2023_20260524T140935673889Z.json
cpu_auto,148,CERTIFIED,UNSAT,CERTIFIED,CERTIFIED,0.514,,False,,PASSED,,onnx/ACASXU_run2a_2_5_batch_2000.onnx,vnnlib/prop_4.vnnlib,"[""UNSAT""]","[""CERTIFIED""]",[null],,/data1/Kane/ACT/audit_results/capability_rebaseline_20260524T225704Z/acasxu_C_auto/per_instance_acasxu_2023_20260524T140935673889Z.json
cpu_auto,149,CERTIFIED,UNSAT,CERTIFIED,CERTIFIED,0.645,,False,,PASSED,,onnx/ACASXU_run2a_2_6_batch_2000.onnx,vnnlib/prop_4.vnnlib,"[""UNSAT""]","[""CERTIFIED""]",[null],,/data1/Kane/ACT/audit_results/capability_rebaseline_20260524T225704Z/acasxu_C_auto/per_instance_acasxu_2023_20260524T140935673889Z.json
cpu_auto,15,UNKNOWN,UNKNOWN,UNKNOWN,UNKNOWN,8.894,,False,,PASSED,,onnx/ACASXU_run2a_2_7_batch_2000.onnx,vnnlib/prop_1.vnnlib,"[""UNKNOWN""]","[""UNKNOWN""]",[null],,/data1/Kane/ACT/audit_results/capability_rebaseline_20260524T225704Z/acasxu_C_auto/per_instance_acasxu_2023_20260524T140935673889Z.json
cpu_auto,150,CERTIFIED,UNSAT,CERTIFIED,CERTIFIED,0.476,,False,,PASSED,,onnx/ACASXU_run2a_2_7_batch_2000.onnx,vnnlib/prop_4.vnnlib,"[""UNSAT""]","[""CERTIFIED""]",[null],,/data1/Kane/ACT/audit_results/capability_rebaseline_20260524T225704Z/acasxu_C_auto/per_instance_acasxu_2023_20260524T140935673889Z.json
cpu_auto,151,UNKNOWN,UNKNOWN,UNKNOWN,UNKNOWN,6.197,,False,,PASSED,,onnx/ACASXU_run2a_2_8_batch_2000.onnx,vnnlib/prop_4.vnnlib,"[""UNKNOWN""]","[""UNKNOWN""]",[null],,/data1/Kane/ACT/audit_results/capability_rebaseline_20260524T225704Z/acasxu_C_auto/per_instance_acasxu_2023_20260524T140935673889Z.json
cpu_auto,152,CERTIFIED,UNSAT,CERTIFIED,CERTIFIED,0.39,,False,,PASSED,,onnx/ACASXU_run2a_2_9_batch_2000.onnx,vnnlib/prop_4.vnnlib,"[""UNSAT""]","[""CERTIFIED""]",[null],,/data1/Kane/ACT/audit_results/capability_rebaseline_20260524T225704Z/acasxu_C_auto/per_instance_acasxu_2023_20260524T140935673889Z.json
cpu_auto,153,CERTIFIED,UNSAT,CERTIFIED,CERTIFIED,0.563,,False,,PASSED,,onnx/ACASXU_run2a_3_1_batch_2000.onnx,vnnlib/prop_4.vnnlib,"[""UNSAT""]","[""CERTIFIED""]",[null],,/data1/Kane/ACT/audit_results/capability_rebaseline_20260524T225704Z/acasxu_C_auto/per_instance_acasxu_2023_20260524T140935673889Z.json
cpu_auto,154,CERTIFIED,UNSAT,CERTIFIED,CERTIFIED,0.445,,False,,PASSED,,onnx/ACASXU_run2a_3_2_batch_2000.onnx,vnnlib/prop_4.vnnlib,"[""UNSAT""]","[""CERTIFIED""]",[null],,/data1/Kane/ACT/audit_results/capability_rebaseline_20260524T225704Z/acasxu_C_auto/per_instance_acasxu_2023_20260524T140935673889Z.json
cpu_auto,155,CERTIFIED,UNSAT,CERTIFIED,CERTIFIED,0.372,,False,,PASSED,,onnx/ACASXU_run2a_3_3_batch_2000.onnx,vnnlib/prop_4.vnnlib,"[""UNSAT""]","[""CERTIFIED""]",[null],,/data1/Kane/ACT/audit_results/capability_rebaseline_20260524T225704Z/acasxu_C_auto/per_instance_acasxu_2023_20260524T140935673889Z.json
cpu_auto,156,CERTIFIED,UNSAT,CERTIFIED,CERTIFIED,0.432,,False,,PASSED,,onnx/ACASXU_run2a_3_4_batch_2000.onnx,vnnlib/prop_4.vnnlib,"[""UNSAT""]","[""CERTIFIED""]",[null],,/data1/Kane/ACT/audit_results/capability_rebaseline_20260524T225704Z/acasxu_C_auto/per_instance_acasxu_2023_20260524T140935673889Z.json
cpu_auto,157,CERTIFIED,UNSAT,CERTIFIED,CERTIFIED,0.62,,False,,PASSED,,onnx/ACASXU_run2a_3_5_batch_2000.onnx,vnnlib/prop_4.vnnlib,"[""UNSAT""]","[""CERTIFIED""]",[null],,/data1/Kane/ACT/audit_results/capability_rebaseline_20260524T225704Z/acasxu_C_auto/per_instance_acasxu_2023_20260524T140935673889Z.json
cpu_auto,158,CERTIFIED,UNSAT,CERTIFIED,CERTIFIED,0.622,,False,,PASSED,,onnx/ACASXU_run2a_3_6_batch_2000.onnx,vnnlib/prop_4.vnnlib,"[""UNSAT""]","[""CERTIFIED""]",[null],,/data1/Kane/ACT/audit_results/capability_rebaseline_20260524T225704Z/acasxu_C_auto/per_instance_acasxu_2023_20260524T140935673889Z.json
cpu_auto,159,CERTIFIED,UNSAT,CERTIFIED,CERTIFIED,0.503,,False,,PASSED,,onnx/ACASXU_run2a_3_7_batch_2000.onnx,vnnlib/prop_4.vnnlib,"[""UNSAT""]","[""CERTIFIED""]",[null],,/data1/Kane/ACT/audit_results/capability_rebaseline_20260524T225704Z/acasxu_C_auto/per_instance_acasxu_2023_20260524T140935673889Z.json
cpu_auto,16,UNKNOWN,UNKNOWN,UNKNOWN,UNKNOWN,9.191,,False,,PASSED,,onnx/ACASXU_run2a_2_8_batch_2000.onnx,vnnlib/prop_1.vnnlib,"[""UNKNOWN""]","[""UNKNOWN""]",[null],,/data1/Kane/ACT/audit_results/capability_rebaseline_20260524T225704Z/acasxu_C_auto/per_instance_acasxu_2023_20260524T140935673889Z.json
cpu_auto,160,CERTIFIED,UNSAT,CERTIFIED,CERTIFIED,1.393,,False,,PASSED,,onnx/ACASXU_run2a_3_8_batch_2000.onnx,vnnlib/prop_4.vnnlib,"[""UNSAT""]","[""CERTIFIED""]",[null],,/data1/Kane/ACT/audit_results/capability_rebaseline_20260524T225704Z/acasxu_C_auto/per_instance_acasxu_2023_20260524T140935673889Z.json
cpu_auto,161,CERTIFIED,UNSAT,CERTIFIED,CERTIFIED,0.662,,False,,PASSED,,onnx/ACASXU_run2a_3_9_batch_2000.onnx,vnnlib/prop_4.vnnlib,"[""UNSAT""]","[""CERTIFIED""]",[null],,/data1/Kane/ACT/audit_results/capability_rebaseline_20260524T225704Z/acasxu_C_auto/per_instance_acasxu_2023_20260524T140935673889Z.json
cpu_auto,162,CERTIFIED,UNSAT,CERTIFIED,CERTIFIED,0.388,,False,,PASSED,,onnx/ACASXU_run2a_4_1_batch_2000.onnx,vnnlib/prop_4.vnnlib,"[""UNSAT""]","[""CERTIFIED""]",[null],,/data1/Kane/ACT/audit_results/capability_rebaseline_20260524T225704Z/acasxu_C_auto/per_instance_acasxu_2023_20260524T140935673889Z.json
cpu_auto,163,CERTIFIED,UNSAT,CERTIFIED,CERTIFIED,0.57,,False,,PASSED,,onnx/ACASXU_run2a_4_2_batch_2000.onnx,vnnlib/prop_4.vnnlib,"[""UNSAT""]","[""CERTIFIED""]",[null],,/data1/Kane/ACT/audit_results/capability_rebaseline_20260524T225704Z/acasxu_C_auto/per_instance_acasxu_2023_20260524T140935673889Z.json
cpu_auto,164,CERTIFIED,UNSAT,CERTIFIED,CERTIFIED,0.521,,False,,PASSED,,onnx/ACASXU_run2a_4_3_batch_2000.onnx,vnnlib/prop_4.vnnlib,"[""UNSAT""]","[""CERTIFIED""]",[null],,/data1/Kane/ACT/audit_results/capability_rebaseline_20260524T225704Z/acasxu_C_auto/per_instance_acasxu_2023_20260524T140935673889Z.json
cpu_auto,165,UNKNOWN,UNKNOWN,UNKNOWN,UNKNOWN,5.269,,False,,PASSED,,onnx/ACASXU_run2a_4_4_batch_2000.onnx,vnnlib/prop_4.vnnlib,"[""UNKNOWN""]","[""UNKNOWN""]",[null],,/data1/Kane/ACT/audit_results/capability_rebaseline_20260524T225704Z/acasxu_C_auto/per_instance_acasxu_2023_20260524T140935673889Z.json
cpu_auto,166,CERTIFIED,UNSAT,CERTIFIED,CERTIFIED,0.573,,False,,PASSED,,onnx/ACASXU_run2a_4_5_batch_2000.onnx,vnnlib/prop_4.vnnlib,"[""UNSAT""]","[""CERTIFIED""]",[null],,/data1/Kane/ACT/audit_results/capability_rebaseline_20260524T225704Z/acasxu_C_auto/per_instance_acasxu_2023_20260524T140935673889Z.json
cpu_auto,167,CERTIFIED,UNSAT,CERTIFIED,CERTIFIED,0.597,,False,,PASSED,,onnx/ACASXU_run2a_4_6_batch_2000.onnx,vnnlib/prop_4.vnnlib,"[""UNSAT""]","[""CERTIFIED""]",[null],,/data1/Kane/ACT/audit_results/capability_rebaseline_20260524T225704Z/acasxu_C_auto/per_instance_acasxu_2023_20260524T140935673889Z.json
cpu_auto,168,CERTIFIED,UNSAT,CERTIFIED,CERTIFIED,0.456,,False,,PASSED,,onnx/ACASXU_run2a_4_7_batch_2000.onnx,vnnlib/prop_4.vnnlib,"[""UNSAT""]","[""CERTIFIED""]",[null],,/data1/Kane/ACT/audit_results/capability_rebaseline_20260524T225704Z/acasxu_C_auto/per_instance_acasxu_2023_20260524T140935673889Z.json
cpu_auto,169,CERTIFIED,UNSAT,CERTIFIED,CERTIFIED,0.592,,False,,PASSED,,onnx/ACASXU_run2a_4_8_batch_2000.onnx,vnnlib/prop_4.vnnlib,"[""UNSAT""]","[""CERTIFIED""]",[null],,/data1/Kane/ACT/audit_results/capability_rebaseline_20260524T225704Z/acasxu_C_auto/per_instance_acasxu_2023_20260524T140935673889Z.json
cpu_auto,17,UNKNOWN,UNKNOWN,UNKNOWN,UNKNOWN,8.953,,False,,PASSED,,onnx/ACASXU_run2a_2_9_batch_2000.onnx,vnnlib/prop_1.vnnlib,"[""UNKNOWN""]","[""UNKNOWN""]",[null],,/data1/Kane/ACT/audit_results/capability_rebaseline_20260524T225704Z/acasxu_C_auto/per_instance_acasxu_2023_20260524T140935673889Z.json
cpu_auto,170,CERTIFIED,UNSAT,CERTIFIED,CERTIFIED,0.576,,False,,PASSED,,onnx/ACASXU_run2a_4_9_batch_2000.onnx,vnnlib/prop_4.vnnlib,"[""UNSAT""]","[""CERTIFIED""]",[null],,/data1/Kane/ACT/audit_results/capability_rebaseline_20260524T225704Z/acasxu_C_auto/per_instance_acasxu_2023_20260524T140935673889Z.json
cpu_auto,171,CERTIFIED,UNSAT,CERTIFIED,CERTIFIED,0.52,,False,,PASSED,,onnx/ACASXU_run2a_5_1_batch_2000.onnx,vnnlib/prop_4.vnnlib,"[""UNSAT""]","[""CERTIFIED""]",[null],,/data1/Kane/ACT/audit_results/capability_rebaseline_20260524T225704Z/acasxu_C_auto/per_instance_acasxu_2023_20260524T140935673889Z.json
cpu_auto,172,CERTIFIED,UNSAT,CERTIFIED,CERTIFIED,0.45,,False,,PASSED,,onnx/ACASXU_run2a_5_2_batch_2000.onnx,vnnlib/prop_4.vnnlib,"[""UNSAT""]","[""CERTIFIED""]",[null],,/data1/Kane/ACT/audit_results/capability_rebaseline_20260524T225704Z/acasxu_C_auto/per_instance_acasxu_2023_20260524T140935673889Z.json
cpu_auto,173,CERTIFIED,UNSAT,CERTIFIED,CERTIFIED,0.471,,False,,PASSED,,onnx/ACASXU_run2a_5_3_batch_2000.onnx,vnnlib/prop_4.vnnlib,"[""UNSAT""]","[""CERTIFIED""]",[null],,/data1/Kane/ACT/audit_results/capability_rebaseline_20260524T225704Z/acasxu_C_auto/per_instance_acasxu_2023_20260524T140935673889Z.json
cpu_auto,174,CERTIFIED,UNSAT,CERTIFIED,CERTIFIED,0.442,,False,,PASSED,,onnx/ACASXU_run2a_5_4_batch_2000.onnx,vnnlib/prop_4.vnnlib,"[""UNSAT""]","[""CERTIFIED""]",[null],,/data1/Kane/ACT/audit_results/capability_rebaseline_20260524T225704Z/acasxu_C_auto/per_instance_acasxu_2023_20260524T140935673889Z.json
cpu_auto,175,CERTIFIED,UNSAT,CERTIFIED,CERTIFIED,0.515,,False,,PASSED,,onnx/ACASXU_run2a_5_5_batch_2000.onnx,vnnlib/prop_4.vnnlib,"[""UNSAT""]","[""CERTIFIED""]",[null],,/data1/Kane/ACT/audit_results/capability_rebaseline_20260524T225704Z/acasxu_C_auto/per_instance_acasxu_2023_20260524T140935673889Z.json
cpu_auto,176,CERTIFIED,UNSAT,CERTIFIED,CERTIFIED,0.599,,False,,PASSED,,onnx/ACASXU_run2a_5_6_batch_2000.onnx,vnnlib/prop_4.vnnlib,"[""UNSAT""]","[""CERTIFIED""]",[null],,/data1/Kane/ACT/audit_results/capability_rebaseline_20260524T225704Z/acasxu_C_auto/per_instance_acasxu_2023_20260524T140935673889Z.json
cpu_auto,177,CERTIFIED,UNSAT,CERTIFIED,CERTIFIED,0.393,,False,,PASSED,,onnx/ACASXU_run2a_5_7_batch_2000.onnx,vnnlib/prop_4.vnnlib,"[""UNSAT""]","[""CERTIFIED""]",[null],,/data1/Kane/ACT/audit_results/capability_rebaseline_20260524T225704Z/acasxu_C_auto/per_instance_acasxu_2023_20260524T140935673889Z.json
cpu_auto,178,CERTIFIED,UNSAT,CERTIFIED,CERTIFIED,0.573,,False,,PASSED,,onnx/ACASXU_run2a_5_8_batch_2000.onnx,vnnlib/prop_4.vnnlib,"[""UNSAT""]","[""CERTIFIED""]",[null],,/data1/Kane/ACT/audit_results/capability_rebaseline_20260524T225704Z/acasxu_C_auto/per_instance_acasxu_2023_20260524T140935673889Z.json
cpu_auto,179,CERTIFIED,UNSAT,CERTIFIED,CERTIFIED,0.515,,False,,PASSED,,onnx/ACASXU_run2a_5_9_batch_2000.onnx,vnnlib/prop_4.vnnlib,"[""UNSAT""]","[""CERTIFIED""]",[null],,/data1/Kane/ACT/audit_results/capability_rebaseline_20260524T225704Z/acasxu_C_auto/per_instance_acasxu_2023_20260524T140935673889Z.json
cpu_auto,18,UNKNOWN,UNKNOWN,UNKNOWN,UNKNOWN,8.164,,False,,PASSED,,onnx/ACASXU_run2a_3_1_batch_2000.onnx,vnnlib/prop_1.vnnlib,"[""UNKNOWN""]","[""UNKNOWN""]",[null],,/data1/Kane/ACT/audit_results/capability_rebaseline_20260524T225704Z/acasxu_C_auto/per_instance_acasxu_2023_20260524T140935673889Z.json
cpu_auto,180,UNKNOWN,UNKNOWN,UNKNOWN,UNKNOWN,52.686,,False,,PASSED,,onnx/ACASXU_run2a_1_1_batch_2000.onnx,vnnlib/prop_5.vnnlib,"[""UNKNOWN"",""UNKNOWN"",""UNKNOWN"",""UNKNOWN""]","[""UNKNOWN"",""UNKNOWN"",""UNKNOWN"",""UNKNOWN""]","[null,null,null,null]",,/data1/Kane/ACT/audit_results/capability_rebaseline_20260524T225704Z/acasxu_C_auto/per_instance_acasxu_2023_20260524T140935673889Z.json
cpu_auto,181,UNKNOWN,UNKNOWN,UNKNOWN,UNKNOWN,226.28,,False,,PASSED,,onnx/ACASXU_run2a_1_1_batch_2000.onnx,vnnlib/prop_6.vnnlib,"[""UNKNOWN"",""UNKNOWN"",""UNKNOWN"",""UNKNOWN"",""UNKNOWN"",""UNKNOWN"",""UNKNOWN"",""UNKNOWN""]","[""UNKNOWN"",""UNKNOWN"",""UNKNOWN"",""UNKNOWN"",""UNKNOWN"",""UNKNOWN"",""UNKNOWN"",""UNKNOWN""]","[null,null,null,null,null,null,null,null]",,/data1/Kane/ACT/audit_results/capability_rebaseline_20260524T225704Z/acasxu_C_auto/per_instance_acasxu_2023_20260524T140935673889Z.json
cpu_auto,182,UNKNOWN,UNKNOWN,UNKNOWN,UNKNOWN,29.125,,False,,PASSED,,onnx/ACASXU_run2a_1_9_batch_2000.onnx,vnnlib/prop_7.vnnlib,"[""UNKNOWN"",""UNKNOWN""]","[""UNKNOWN"",""UNKNOWN""]","[null,null]",,/data1/Kane/ACT/audit_results/capability_rebaseline_20260524T225704Z/acasxu_C_auto/per_instance_acasxu_2023_20260524T140935673889Z.json
cpu_auto,183,UNKNOWN,UNKNOWN,UNKNOWN,UNKNOWN,42.416,,False,,PASSED,,onnx/ACASXU_run2a_2_9_batch_2000.onnx,vnnlib/prop_8.vnnlib,"[""UNKNOWN"",""UNKNOWN"",""UNKNOWN""]","[""UNKNOWN"",""UNKNOWN"",""UNKNOWN""]","[null,null,null]",,/data1/Kane/ACT/audit_results/capability_rebaseline_20260524T225704Z/acasxu_C_auto/per_instance_acasxu_2023_20260524T140935673889Z.json
cpu_auto,184,UNKNOWN,UNKNOWN,UNKNOWN,UNKNOWN,51.305,,False,,PASSED,,onnx/ACASXU_run2a_3_3_batch_2000.onnx,vnnlib/prop_9.vnnlib,"[""UNKNOWN"",""UNKNOWN"",""UNKNOWN"",""UNKNOWN""]","[""UNKNOWN"",""UNKNOWN"",""UNKNOWN"",""UNKNOWN""]","[null,null,null,null]",,/data1/Kane/ACT/audit_results/capability_rebaseline_20260524T225704Z/acasxu_C_auto/per_instance_acasxu_2023_20260524T140935673889Z.json
cpu_auto,185,UNKNOWN,UNKNOWN,UNKNOWN,UNKNOWN,56.129,,False,,PASSED,,onnx/ACASXU_run2a_4_5_batch_2000.onnx,vnnlib/prop_10.vnnlib,"[""UNKNOWN"",""UNKNOWN"",""UNKNOWN"",""UNKNOWN""]","[""UNKNOWN"",""UNKNOWN"",""UNKNOWN"",""UNKNOWN""]","[null,null,null,null]",,/data1/Kane/ACT/audit_results/capability_rebaseline_20260524T225704Z/acasxu_C_auto/per_instance_acasxu_2023_20260524T140935673889Z.json
cpu_auto,19,UNKNOWN,UNKNOWN,UNKNOWN,UNKNOWN,8.466,,False,,PASSED,,onnx/ACASXU_run2a_3_2_batch_2000.onnx,vnnlib/prop_1.vnnlib,"[""UNKNOWN""]","[""UNKNOWN""]",[null],,/data1/Kane/ACT/audit_results/capability_rebaseline_20260524T225704Z/acasxu_C_auto/per_instance_acasxu_2023_20260524T140935673889Z.json
cpu_auto,2,UNKNOWN,UNKNOWN,UNKNOWN,UNKNOWN,9.255,,False,,PASSED,,onnx/ACASXU_run2a_1_3_batch_2000.onnx,vnnlib/prop_1.vnnlib,"[""UNKNOWN""]","[""UNKNOWN""]",[null],,/data1/Kane/ACT/audit_results/capability_rebaseline_20260524T225704Z/acasxu_C_auto/per_instance_acasxu_2023_20260524T140935673889Z.json
cpu_auto,20,UNKNOWN,UNKNOWN,UNKNOWN,UNKNOWN,9.116,,False,,PASSED,,onnx/ACASXU_run2a_3_3_batch_2000.onnx,vnnlib/prop_1.vnnlib,"[""UNKNOWN""]","[""UNKNOWN""]",[null],,/data1/Kane/ACT/audit_results/capability_rebaseline_20260524T225704Z/acasxu_C_auto/per_instance_acasxu_2023_20260524T140935673889Z.json
cpu_auto,21,UNKNOWN,UNKNOWN,UNKNOWN,UNKNOWN,8.01,,False,,PASSED,,onnx/ACASXU_run2a_3_4_batch_2000.onnx,vnnlib/prop_1.vnnlib,"[""UNKNOWN""]","[""UNKNOWN""]",[null],,/data1/Kane/ACT/audit_results/capability_rebaseline_20260524T225704Z/acasxu_C_auto/per_instance_acasxu_2023_20260524T140935673889Z.json
cpu_auto,22,UNKNOWN,UNKNOWN,UNKNOWN,UNKNOWN,7.989,,False,,PASSED,,onnx/ACASXU_run2a_3_5_batch_2000.onnx,vnnlib/prop_1.vnnlib,"[""UNKNOWN""]","[""UNKNOWN""]",[null],,/data1/Kane/ACT/audit_results/capability_rebaseline_20260524T225704Z/acasxu_C_auto/per_instance_acasxu_2023_20260524T140935673889Z.json
cpu_auto,23,UNKNOWN,UNKNOWN,UNKNOWN,UNKNOWN,9.005,,False,,PASSED,,onnx/ACASXU_run2a_3_6_batch_2000.onnx,vnnlib/prop_1.vnnlib,"[""UNKNOWN""]","[""UNKNOWN""]",[null],,/data1/Kane/ACT/audit_results/capability_rebaseline_20260524T225704Z/acasxu_C_auto/per_instance_acasxu_2023_20260524T140935673889Z.json
cpu_auto,24,UNKNOWN,UNKNOWN,UNKNOWN,UNKNOWN,9.909,,False,,PASSED,,onnx/ACASXU_run2a_3_7_batch_2000.onnx,vnnlib/prop_1.vnnlib,"[""UNKNOWN""]","[""UNKNOWN""]",[null],,/data1/Kane/ACT/audit_results/capability_rebaseline_20260524T225704Z/acasxu_C_auto/per_instance_acasxu_2023_20260524T140935673889Z.json
cpu_auto,25,UNKNOWN,UNKNOWN,UNKNOWN,UNKNOWN,8.789,,False,,PASSED,,onnx/ACASXU_run2a_3_8_batch_2000.onnx,vnnlib/prop_1.vnnlib,"[""UNKNOWN""]","[""UNKNOWN""]",[null],,/data1/Kane/ACT/audit_results/capability_rebaseline_20260524T225704Z/acasxu_C_auto/per_instance_acasxu_2023_20260524T140935673889Z.json
cpu_auto,26,UNKNOWN,UNKNOWN,UNKNOWN,UNKNOWN,8.917,,False,,PASSED,,onnx/ACASXU_run2a_3_9_batch_2000.onnx,vnnlib/prop_1.vnnlib,"[""UNKNOWN""]","[""UNKNOWN""]",[null],,/data1/Kane/ACT/audit_results/capability_rebaseline_20260524T225704Z/acasxu_C_auto/per_instance_acasxu_2023_20260524T140935673889Z.json
cpu_auto,27,UNKNOWN,UNKNOWN,UNKNOWN,UNKNOWN,7.982,,False,,PASSED,,onnx/ACASXU_run2a_4_1_batch_2000.onnx,vnnlib/prop_1.vnnlib,"[""UNKNOWN""]","[""UNKNOWN""]",[null],,/data1/Kane/ACT/audit_results/capability_rebaseline_20260524T225704Z/acasxu_C_auto/per_instance_acasxu_2023_20260524T140935673889Z.json
cpu_auto,28,UNKNOWN,UNKNOWN,UNKNOWN,UNKNOWN,8.995,,False,,PASSED,,onnx/ACASXU_run2a_4_2_batch_2000.onnx,vnnlib/prop_1.vnnlib,"[""UNKNOWN""]","[""UNKNOWN""]",[null],,/data1/Kane/ACT/audit_results/capability_rebaseline_20260524T225704Z/acasxu_C_auto/per_instance_acasxu_2023_20260524T140935673889Z.json
cpu_auto,29,UNKNOWN,UNKNOWN,UNKNOWN,UNKNOWN,8.552,,False,,PASSED,,onnx/ACASXU_run2a_4_3_batch_2000.onnx,vnnlib/prop_1.vnnlib,"[""UNKNOWN""]","[""UNKNOWN""]",[null],,/data1/Kane/ACT/audit_results/capability_rebaseline_20260524T225704Z/acasxu_C_auto/per_instance_acasxu_2023_20260524T140935673889Z.json
cpu_auto,3,UNKNOWN,UNKNOWN,UNKNOWN,UNKNOWN,8.434,,False,,PASSED,,onnx/ACASXU_run2a_1_4_batch_2000.onnx,vnnlib/prop_1.vnnlib,"[""UNKNOWN""]","[""UNKNOWN""]",[null],,/data1/Kane/ACT/audit_results/capability_rebaseline_20260524T225704Z/acasxu_C_auto/per_instance_acasxu_2023_20260524T140935673889Z.json
cpu_auto,30,UNKNOWN,UNKNOWN,UNKNOWN,UNKNOWN,7.818,,False,,PASSED,,onnx/ACASXU_run2a_4_4_batch_2000.onnx,vnnlib/prop_1.vnnlib,"[""UNKNOWN""]","[""UNKNOWN""]",[null],,/data1/Kane/ACT/audit_results/capability_rebaseline_20260524T225704Z/acasxu_C_auto/per_instance_acasxu_2023_20260524T140935673889Z.json
cpu_auto,31,UNKNOWN,UNKNOWN,UNKNOWN,UNKNOWN,9.162,,False,,PASSED,,onnx/ACASXU_run2a_4_5_batch_2000.onnx,vnnlib/prop_1.vnnlib,"[""UNKNOWN""]","[""UNKNOWN""]",[null],,/data1/Kane/ACT/audit_results/capability_rebaseline_20260524T225704Z/acasxu_C_auto/per_instance_acasxu_2023_20260524T140935673889Z.json
cpu_auto,32,UNKNOWN,UNKNOWN,UNKNOWN,UNKNOWN,9.208,,False,,PASSED,,onnx/ACASXU_run2a_4_6_batch_2000.onnx,vnnlib/prop_1.vnnlib,"[""UNKNOWN""]","[""UNKNOWN""]",[null],,/data1/Kane/ACT/audit_results/capability_rebaseline_20260524T225704Z/acasxu_C_auto/per_instance_acasxu_2023_20260524T140935673889Z.json
cpu_auto,33,UNKNOWN,UNKNOWN,UNKNOWN,UNKNOWN,8.803,,False,,PASSED,,onnx/ACASXU_run2a_4_7_batch_2000.onnx,vnnlib/prop_1.vnnlib,"[""UNKNOWN""]","[""UNKNOWN""]",[null],,/data1/Kane/ACT/audit_results/capability_rebaseline_20260524T225704Z/acasxu_C_auto/per_instance_acasxu_2023_20260524T140935673889Z.json
cpu_auto,34,UNKNOWN,UNKNOWN,UNKNOWN,UNKNOWN,9.499,,False,,PASSED,,onnx/ACASXU_run2a_4_8_batch_2000.onnx,vnnlib/prop_1.vnnlib,"[""UNKNOWN""]","[""UNKNOWN""]",[null],,/data1/Kane/ACT/audit_results/capability_rebaseline_20260524T225704Z/acasxu_C_auto/per_instance_acasxu_2023_20260524T140935673889Z.json
cpu_auto,35,UNKNOWN,UNKNOWN,UNKNOWN,UNKNOWN,9.259,,False,,PASSED,,onnx/ACASXU_run2a_4_9_batch_2000.onnx,vnnlib/prop_1.vnnlib,"[""UNKNOWN""]","[""UNKNOWN""]",[null],,/data1/Kane/ACT/audit_results/capability_rebaseline_20260524T225704Z/acasxu_C_auto/per_instance_acasxu_2023_20260524T140935673889Z.json
cpu_auto,36,UNKNOWN,UNKNOWN,UNKNOWN,UNKNOWN,8.876,,False,,PASSED,,onnx/ACASXU_run2a_5_1_batch_2000.onnx,vnnlib/prop_1.vnnlib,"[""UNKNOWN""]","[""UNKNOWN""]",[null],,/data1/Kane/ACT/audit_results/capability_rebaseline_20260524T225704Z/acasxu_C_auto/per_instance_acasxu_2023_20260524T140935673889Z.json
cpu_auto,37,UNKNOWN,UNKNOWN,UNKNOWN,UNKNOWN,8.256,,False,,PASSED,,onnx/ACASXU_run2a_5_2_batch_2000.onnx,vnnlib/prop_1.vnnlib,"[""UNKNOWN""]","[""UNKNOWN""]",[null],,/data1/Kane/ACT/audit_results/capability_rebaseline_20260524T225704Z/acasxu_C_auto/per_instance_acasxu_2023_20260524T140935673889Z.json
cpu_auto,38,UNKNOWN,UNKNOWN,UNKNOWN,UNKNOWN,8.035,,False,,PASSED,,onnx/ACASXU_run2a_5_3_batch_2000.onnx,vnnlib/prop_1.vnnlib,"[""UNKNOWN""]","[""UNKNOWN""]",[null],,/data1/Kane/ACT/audit_results/capability_rebaseline_20260524T225704Z/acasxu_C_auto/per_instance_acasxu_2023_20260524T140935673889Z.json
cpu_auto,39,UNKNOWN,UNKNOWN,UNKNOWN,UNKNOWN,8.183,,False,,PASSED,,onnx/ACASXU_run2a_5_4_batch_2000.onnx,vnnlib/prop_1.vnnlib,"[""UNKNOWN""]","[""UNKNOWN""]",[null],,/data1/Kane/ACT/audit_results/capability_rebaseline_20260524T225704Z/acasxu_C_auto/per_instance_acasxu_2023_20260524T140935673889Z.json
cpu_auto,4,UNKNOWN,UNKNOWN,UNKNOWN,UNKNOWN,8.315,,False,,PASSED,,onnx/ACASXU_run2a_1_5_batch_2000.onnx,vnnlib/prop_1.vnnlib,"[""UNKNOWN""]","[""UNKNOWN""]",[null],,/data1/Kane/ACT/audit_results/capability_rebaseline_20260524T225704Z/acasxu_C_auto/per_instance_acasxu_2023_20260524T140935673889Z.json
cpu_auto,40,UNKNOWN,UNKNOWN,UNKNOWN,UNKNOWN,8.576,,False,,PASSED,,onnx/ACASXU_run2a_5_5_batch_2000.onnx,vnnlib/prop_1.vnnlib,"[""UNKNOWN""]","[""UNKNOWN""]",[null],,/data1/Kane/ACT/audit_results/capability_rebaseline_20260524T225704Z/acasxu_C_auto/per_instance_acasxu_2023_20260524T140935673889Z.json
cpu_auto,41,UNKNOWN,UNKNOWN,UNKNOWN,UNKNOWN,9.469,,False,,PASSED,,onnx/ACASXU_run2a_5_6_batch_2000.onnx,vnnlib/prop_1.vnnlib,"[""UNKNOWN""]","[""UNKNOWN""]",[null],,/data1/Kane/ACT/audit_results/capability_rebaseline_20260524T225704Z/acasxu_C_auto/per_instance_acasxu_2023_20260524T140935673889Z.json
cpu_auto,42,UNKNOWN,UNKNOWN,UNKNOWN,UNKNOWN,9.519,,False,,PASSED,,onnx/ACASXU_run2a_5_7_batch_2000.onnx,vnnlib/prop_1.vnnlib,"[""UNKNOWN""]","[""UNKNOWN""]",[null],,/data1/Kane/ACT/audit_results/capability_rebaseline_20260524T225704Z/acasxu_C_auto/per_instance_acasxu_2023_20260524T140935673889Z.json
cpu_auto,43,UNKNOWN,UNKNOWN,UNKNOWN,UNKNOWN,9.729,,False,,PASSED,,onnx/ACASXU_run2a_5_8_batch_2000.onnx,vnnlib/prop_1.vnnlib,"[""UNKNOWN""]","[""UNKNOWN""]",[null],,/data1/Kane/ACT/audit_results/capability_rebaseline_20260524T225704Z/acasxu_C_auto/per_instance_acasxu_2023_20260524T140935673889Z.json
cpu_auto,44,UNKNOWN,UNKNOWN,UNKNOWN,UNKNOWN,9.725,,False,,PASSED,,onnx/ACASXU_run2a_5_9_batch_2000.onnx,vnnlib/prop_1.vnnlib,"[""UNKNOWN""]","[""UNKNOWN""]",[null],,/data1/Kane/ACT/audit_results/capability_rebaseline_20260524T225704Z/acasxu_C_auto/per_instance_acasxu_2023_20260524T140935673889Z.json
cpu_auto,45,UNKNOWN,UNKNOWN,UNKNOWN,UNKNOWN,7.697,,False,,PASSED,,onnx/ACASXU_run2a_1_1_batch_2000.onnx,vnnlib/prop_2.vnnlib,"[""UNKNOWN""]","[""UNKNOWN""]",[null],,/data1/Kane/ACT/audit_results/capability_rebaseline_20260524T225704Z/acasxu_C_auto/per_instance_acasxu_2023_20260524T140935673889Z.json
cpu_auto,46,UNKNOWN,UNKNOWN,UNKNOWN,UNKNOWN,8.35,,False,,PASSED,,onnx/ACASXU_run2a_1_2_batch_2000.onnx,vnnlib/prop_2.vnnlib,"[""UNKNOWN""]","[""UNKNOWN""]",[null],,/data1/Kane/ACT/audit_results/capability_rebaseline_20260524T225704Z/acasxu_C_auto/per_instance_acasxu_2023_20260524T140935673889Z.json
cpu_auto,47,UNKNOWN,UNKNOWN,UNKNOWN,UNKNOWN,9.339,,False,,PASSED,,onnx/ACASXU_run2a_1_3_batch_2000.onnx,vnnlib/prop_2.vnnlib,"[""UNKNOWN""]","[""UNKNOWN""]",[null],,/data1/Kane/ACT/audit_results/capability_rebaseline_20260524T225704Z/acasxu_C_auto/per_instance_acasxu_2023_20260524T140935673889Z.json
cpu_auto,48,UNKNOWN,UNKNOWN,UNKNOWN,UNKNOWN,8.559,,False,,PASSED,,onnx/ACASXU_run2a_1_4_batch_2000.onnx,vnnlib/prop_2.vnnlib,"[""UNKNOWN""]","[""UNKNOWN""]",[null],,/data1/Kane/ACT/audit_results/capability_rebaseline_20260524T225704Z/acasxu_C_auto/per_instance_acasxu_2023_20260524T140935673889Z.json
cpu_auto,49,UNKNOWN,UNKNOWN,UNKNOWN,UNKNOWN,8.432,,False,,PASSED,,onnx/ACASXU_run2a_1_5_batch_2000.onnx,vnnlib/prop_2.vnnlib,"[""UNKNOWN""]","[""UNKNOWN""]",[null],,/data1/Kane/ACT/audit_results/capability_rebaseline_20260524T225704Z/acasxu_C_auto/per_instance_acasxu_2023_20260524T140935673889Z.json
cpu_auto,5,UNKNOWN,UNKNOWN,UNKNOWN,UNKNOWN,8.581,,False,,PASSED,,onnx/ACASXU_run2a_1_6_batch_2000.onnx,vnnlib/prop_1.vnnlib,"[""UNKNOWN""]","[""UNKNOWN""]",[null],,/data1/Kane/ACT/audit_results/capability_rebaseline_20260524T225704Z/acasxu_C_auto/per_instance_acasxu_2023_20260524T140935673889Z.json
cpu_auto,50,UNKNOWN,UNKNOWN,UNKNOWN,UNKNOWN,8.707,,False,,PASSED,,onnx/ACASXU_run2a_1_6_batch_2000.onnx,vnnlib/prop_2.vnnlib,"[""UNKNOWN""]","[""UNKNOWN""]",[null],,/data1/Kane/ACT/audit_results/capability_rebaseline_20260524T225704Z/acasxu_C_auto/per_instance_acasxu_2023_20260524T140935673889Z.json
cpu_auto,51,UNKNOWN,UNKNOWN,UNKNOWN,UNKNOWN,8.759,,False,,PASSED,,onnx/ACASXU_run2a_1_7_batch_2000.onnx,vnnlib/prop_2.vnnlib,"[""UNKNOWN""]","[""UNKNOWN""]",[null],,/data1/Kane/ACT/audit_results/capability_rebaseline_20260524T225704Z/acasxu_C_auto/per_instance_acasxu_2023_20260524T140935673889Z.json
cpu_auto,52,UNKNOWN,UNKNOWN,UNKNOWN,UNKNOWN,8.38,,False,,PASSED,,onnx/ACASXU_run2a_1_8_batch_2000.onnx,vnnlib/prop_2.vnnlib,"[""UNKNOWN""]","[""UNKNOWN""]",[null],,/data1/Kane/ACT/audit_results/capability_rebaseline_20260524T225704Z/acasxu_C_auto/per_instance_acasxu_2023_20260524T140935673889Z.json
cpu_auto,53,UNKNOWN,UNKNOWN,UNKNOWN,UNKNOWN,8.763,,False,,PASSED,,onnx/ACASXU_run2a_1_9_batch_2000.onnx,vnnlib/prop_2.vnnlib,"[""UNKNOWN""]","[""UNKNOWN""]",[null],,/data1/Kane/ACT/audit_results/capability_rebaseline_20260524T225704Z/acasxu_C_auto/per_instance_acasxu_2023_20260524T140935673889Z.json
cpu_auto,54,UNKNOWN,UNKNOWN,UNKNOWN,UNKNOWN,9.005,,False,,PASSED,,onnx/ACASXU_run2a_2_1_batch_2000.onnx,vnnlib/prop_2.vnnlib,"[""UNKNOWN""]","[""UNKNOWN""]",[null],,/data1/Kane/ACT/audit_results/capability_rebaseline_20260524T225704Z/acasxu_C_auto/per_instance_acasxu_2023_20260524T140935673889Z.json
cpu_auto,55,UNKNOWN,UNKNOWN,UNKNOWN,UNKNOWN,9.067,,False,,PASSED,,onnx/ACASXU_run2a_2_2_batch_2000.onnx,vnnlib/prop_2.vnnlib,"[""UNKNOWN""]","[""UNKNOWN""]",[null],,/data1/Kane/ACT/audit_results/capability_rebaseline_20260524T225704Z/acasxu_C_auto/per_instance_acasxu_2023_20260524T140935673889Z.json
cpu_auto,56,UNKNOWN,UNKNOWN,UNKNOWN,UNKNOWN,8.13,,False,,PASSED,,onnx/ACASXU_run2a_2_3_batch_2000.onnx,vnnlib/prop_2.vnnlib,"[""UNKNOWN""]","[""UNKNOWN""]",[null],,/data1/Kane/ACT/audit_results/capability_rebaseline_20260524T225704Z/acasxu_C_auto/per_instance_acasxu_2023_20260524T140935673889Z.json
cpu_auto,57,UNKNOWN,UNKNOWN,UNKNOWN,UNKNOWN,7.965,,False,,PASSED,,onnx/ACASXU_run2a_2_4_batch_2000.onnx,vnnlib/prop_2.vnnlib,"[""UNKNOWN""]","[""UNKNOWN""]",[null],,/data1/Kane/ACT/audit_results/capability_rebaseline_20260524T225704Z/acasxu_C_auto/per_instance_acasxu_2023_20260524T140935673889Z.json
cpu_auto,58,FALSIFIED,SAT,FALSIFIED,FALSIFIED,8.997,,False,,PASSED,,onnx/ACASXU_run2a_2_5_batch_2000.onnx,vnnlib/prop_2.vnnlib,"[""SAT""]","[""FALSIFIED""]","[""/data1/Kane/ACT/audit_results/capability_rebaseline_20260524T225704Z/acasxu_C_auto/acasxu_2023_58_q0_small_dense_lp_witness_0.json""]",,/data1/Kane/ACT/audit_results/capability_rebaseline_20260524T225704Z/acasxu_C_auto/per_instance_acasxu_2023_20260524T140935673889Z.json
cpu_auto,59,UNKNOWN,UNKNOWN,UNKNOWN,UNKNOWN,9.184,,False,,PASSED,,onnx/ACASXU_run2a_2_6_batch_2000.onnx,vnnlib/prop_2.vnnlib,"[""UNKNOWN""]","[""UNKNOWN""]",[null],,/data1/Kane/ACT/audit_results/capability_rebaseline_20260524T225704Z/acasxu_C_auto/per_instance_acasxu_2023_20260524T140935673889Z.json
cpu_auto,6,UNKNOWN,UNKNOWN,UNKNOWN,UNKNOWN,8.63,,False,,PASSED,,onnx/ACASXU_run2a_1_7_batch_2000.onnx,vnnlib/prop_1.vnnlib,"[""UNKNOWN""]","[""UNKNOWN""]",[null],,/data1/Kane/ACT/audit_results/capability_rebaseline_20260524T225704Z/acasxu_C_auto/per_instance_acasxu_2023_20260524T140935673889Z.json
cpu_auto,60,UNKNOWN,UNKNOWN,UNKNOWN,UNKNOWN,8.974,,False,,PASSED,,onnx/ACASXU_run2a_2_7_batch_2000.onnx,vnnlib/prop_2.vnnlib,"[""UNKNOWN""]","[""UNKNOWN""]",[null],,/data1/Kane/ACT/audit_results/capability_rebaseline_20260524T225704Z/acasxu_C_auto/per_instance_acasxu_2023_20260524T140935673889Z.json
cpu_auto,61,FALSIFIED,SAT,FALSIFIED,FALSIFIED,9.153,,False,,PASSED,,onnx/ACASXU_run2a_2_8_batch_2000.onnx,vnnlib/prop_2.vnnlib,"[""SAT""]","[""FALSIFIED""]","[""/data1/Kane/ACT/audit_results/capability_rebaseline_20260524T225704Z/acasxu_C_auto/acasxu_2023_61_q0_small_dense_lp_witness_0.json""]",,/data1/Kane/ACT/audit_results/capability_rebaseline_20260524T225704Z/acasxu_C_auto/per_instance_acasxu_2023_20260524T140935673889Z.json
cpu_auto,62,UNKNOWN,UNKNOWN,UNKNOWN,UNKNOWN,9.176,,False,,PASSED,,onnx/ACASXU_run2a_2_9_batch_2000.onnx,vnnlib/prop_2.vnnlib,"[""UNKNOWN""]","[""UNKNOWN""]",[null],,/data1/Kane/ACT/audit_results/capability_rebaseline_20260524T225704Z/acasxu_C_auto/per_instance_acasxu_2023_20260524T140935673889Z.json
cpu_auto,63,UNKNOWN,UNKNOWN,UNKNOWN,UNKNOWN,8.319,,False,,PASSED,,onnx/ACASXU_run2a_3_1_batch_2000.onnx,vnnlib/prop_2.vnnlib,"[""UNKNOWN""]","[""UNKNOWN""]",[null],,/data1/Kane/ACT/audit_results/capability_rebaseline_20260524T225704Z/acasxu_C_auto/per_instance_acasxu_2023_20260524T140935673889Z.json
cpu_auto,64,UNKNOWN,UNKNOWN,UNKNOWN,UNKNOWN,8.553,,False,,PASSED,,onnx/ACASXU_run2a_3_2_batch_2000.onnx,vnnlib/prop_2.vnnlib,"[""UNKNOWN""]","[""UNKNOWN""]",[null],,/data1/Kane/ACT/audit_results/capability_rebaseline_20260524T225704Z/acasxu_C_auto/per_instance_acasxu_2023_20260524T140935673889Z.json
cpu_auto,65,UNKNOWN,UNKNOWN,UNKNOWN,UNKNOWN,9.244,,False,,PASSED,,onnx/ACASXU_run2a_3_3_batch_2000.onnx,vnnlib/prop_2.vnnlib,"[""UNKNOWN""]","[""UNKNOWN""]",[null],,/data1/Kane/ACT/audit_results/capability_rebaseline_20260524T225704Z/acasxu_C_auto/per_instance_acasxu_2023_20260524T140935673889Z.json
cpu_auto,66,UNKNOWN,UNKNOWN,UNKNOWN,UNKNOWN,8.071,,False,,PASSED,,onnx/ACASXU_run2a_3_4_batch_2000.onnx,vnnlib/prop_2.vnnlib,"[""UNKNOWN""]","[""UNKNOWN""]",[null],,/data1/Kane/ACT/audit_results/capability_rebaseline_20260524T225704Z/acasxu_C_auto/per_instance_acasxu_2023_20260524T140935673889Z.json
cpu_auto,67,FALSIFIED,SAT,FALSIFIED,FALSIFIED,8.089,,False,,PASSED,,onnx/ACASXU_run2a_3_5_batch_2000.onnx,vnnlib/prop_2.vnnlib,"[""SAT""]","[""FALSIFIED""]","[""/data1/Kane/ACT/audit_results/capability_rebaseline_20260524T225704Z/acasxu_C_auto/acasxu_2023_67_q0_small_dense_lp_witness_0.json""]",,/data1/Kane/ACT/audit_results/capability_rebaseline_20260524T225704Z/acasxu_C_auto/per_instance_acasxu_2023_20260524T140935673889Z.json
cpu_auto,68,UNKNOWN,UNKNOWN,UNKNOWN,UNKNOWN,9.188,,False,,PASSED,,onnx/ACASXU_run2a_3_6_batch_2000.onnx,vnnlib/prop_2.vnnlib,"[""UNKNOWN""]","[""UNKNOWN""]",[null],,/data1/Kane/ACT/audit_results/capability_rebaseline_20260524T225704Z/acasxu_C_auto/per_instance_acasxu_2023_20260524T140935673889Z.json
cpu_auto,69,UNKNOWN,UNKNOWN,UNKNOWN,UNKNOWN,10.061,,False,,PASSED,,onnx/ACASXU_run2a_3_7_batch_2000.onnx,vnnlib/prop_2.vnnlib,"[""UNKNOWN""]","[""UNKNOWN""]",[null],,/data1/Kane/ACT/audit_results/capability_rebaseline_20260524T225704Z/acasxu_C_auto/per_instance_acasxu_2023_20260524T140935673889Z.json
cpu_auto,7,UNKNOWN,UNKNOWN,UNKNOWN,UNKNOWN,8.337,,False,,PASSED,,onnx/ACASXU_run2a_1_8_batch_2000.onnx,vnnlib/prop_1.vnnlib,"[""UNKNOWN""]","[""UNKNOWN""]",[null],,/data1/Kane/ACT/audit_results/capability_rebaseline_20260524T225704Z/acasxu_C_auto/per_instance_acasxu_2023_20260524T140935673889Z.json
cpu_auto,70,UNKNOWN,UNKNOWN,UNKNOWN,UNKNOWN,8.87,,False,,PASSED,,onnx/ACASXU_run2a_3_8_batch_2000.onnx,vnnlib/prop_2.vnnlib,"[""UNKNOWN""]","[""UNKNOWN""]",[null],,/data1/Kane/ACT/audit_results/capability_rebaseline_20260524T225704Z/acasxu_C_auto/per_instance_acasxu_2023_20260524T140935673889Z.json
cpu_auto,71,UNKNOWN,UNKNOWN,UNKNOWN,UNKNOWN,8.88,,False,,PASSED,,onnx/ACASXU_run2a_3_9_batch_2000.onnx,vnnlib/prop_2.vnnlib,"[""UNKNOWN""]","[""UNKNOWN""]",[null],,/data1/Kane/ACT/audit_results/capability_rebaseline_20260524T225704Z/acasxu_C_auto/per_instance_acasxu_2023_20260524T140935673889Z.json
cpu_auto,72,UNKNOWN,UNKNOWN,UNKNOWN,UNKNOWN,7.995,,False,,PASSED,,onnx/ACASXU_run2a_4_1_batch_2000.onnx,vnnlib/prop_2.vnnlib,"[""UNKNOWN""]","[""UNKNOWN""]",[null],,/data1/Kane/ACT/audit_results/capability_rebaseline_20260524T225704Z/acasxu_C_auto/per_instance_acasxu_2023_20260524T140935673889Z.json
cpu_auto,73,UNKNOWN,UNKNOWN,UNKNOWN,UNKNOWN,9.058,,False,,PASSED,,onnx/ACASXU_run2a_4_2_batch_2000.onnx,vnnlib/prop_2.vnnlib,"[""UNKNOWN""]","[""UNKNOWN""]",[null],,/data1/Kane/ACT/audit_results/capability_rebaseline_20260524T225704Z/acasxu_C_auto/per_instance_acasxu_2023_20260524T140935673889Z.json
cpu_auto,74,UNKNOWN,UNKNOWN,UNKNOWN,UNKNOWN,8.49,,False,,PASSED,,onnx/ACASXU_run2a_4_3_batch_2000.onnx,vnnlib/prop_2.vnnlib,"[""UNKNOWN""]","[""UNKNOWN""]",[null],,/data1/Kane/ACT/audit_results/capability_rebaseline_20260524T225704Z/acasxu_C_auto/per_instance_acasxu_2023_20260524T140935673889Z.json
cpu_auto,75,FALSIFIED,SAT,FALSIFIED,FALSIFIED,7.881,,False,,PASSED,,onnx/ACASXU_run2a_4_4_batch_2000.onnx,vnnlib/prop_2.vnnlib,"[""SAT""]","[""FALSIFIED""]","[""/data1/Kane/ACT/audit_results/capability_rebaseline_20260524T225704Z/acasxu_C_auto/acasxu_2023_75_q0_small_dense_lp_witness_0.json""]",,/data1/Kane/ACT/audit_results/capability_rebaseline_20260524T225704Z/acasxu_C_auto/per_instance_acasxu_2023_20260524T140935673889Z.json
cpu_auto,76,UNKNOWN,UNKNOWN,UNKNOWN,UNKNOWN,9.317,,False,,PASSED,,onnx/ACASXU_run2a_4_5_batch_2000.onnx,vnnlib/prop_2.vnnlib,"[""UNKNOWN""]","[""UNKNOWN""]",[null],,/data1/Kane/ACT/audit_results/capability_rebaseline_20260524T225704Z/acasxu_C_auto/per_instance_acasxu_2023_20260524T140935673889Z.json
cpu_auto,77,UNKNOWN,UNKNOWN,UNKNOWN,UNKNOWN,9.317,,False,,PASSED,,onnx/ACASXU_run2a_4_6_batch_2000.onnx,vnnlib/prop_2.vnnlib,"[""UNKNOWN""]","[""UNKNOWN""]",[null],,/data1/Kane/ACT/audit_results/capability_rebaseline_20260524T225704Z/acasxu_C_auto/per_instance_acasxu_2023_20260524T140935673889Z.json
cpu_auto,78,FALSIFIED,SAT,FALSIFIED,FALSIFIED,8.84,,False,,PASSED,,onnx/ACASXU_run2a_4_7_batch_2000.onnx,vnnlib/prop_2.vnnlib,"[""SAT""]","[""FALSIFIED""]","[""/data1/Kane/ACT/audit_results/capability_rebaseline_20260524T225704Z/acasxu_C_auto/acasxu_2023_78_q0_small_dense_lp_witness_0.json""]",,/data1/Kane/ACT/audit_results/capability_rebaseline_20260524T225704Z/acasxu_C_auto/per_instance_acasxu_2023_20260524T140935673889Z.json
cpu_auto,79,FALSIFIED,SAT,FALSIFIED,FALSIFIED,9.641,,False,,PASSED,,onnx/ACASXU_run2a_4_8_batch_2000.onnx,vnnlib/prop_2.vnnlib,"[""SAT""]","[""FALSIFIED""]","[""/data1/Kane/ACT/audit_results/capability_rebaseline_20260524T225704Z/acasxu_C_auto/acasxu_2023_79_q0_small_dense_lp_witness_0.json""]",,/data1/Kane/ACT/audit_results/capability_rebaseline_20260524T225704Z/acasxu_C_auto/per_instance_acasxu_2023_20260524T140935673889Z.json
cpu_auto,8,UNKNOWN,UNKNOWN,UNKNOWN,UNKNOWN,8.591,,False,,PASSED,,onnx/ACASXU_run2a_1_9_batch_2000.onnx,vnnlib/prop_1.vnnlib,"[""UNKNOWN""]","[""UNKNOWN""]",[null],,/data1/Kane/ACT/audit_results/capability_rebaseline_20260524T225704Z/acasxu_C_auto/per_instance_acasxu_2023_20260524T140935673889Z.json
cpu_auto,80,UNKNOWN,UNKNOWN,UNKNOWN,UNKNOWN,9.385,,False,,PASSED,,onnx/ACASXU_run2a_4_9_batch_2000.onnx,vnnlib/prop_2.vnnlib,"[""UNKNOWN""]","[""UNKNOWN""]",[null],,/data1/Kane/ACT/audit_results/capability_rebaseline_20260524T225704Z/acasxu_C_auto/per_instance_acasxu_2023_20260524T140935673889Z.json
cpu_auto,81,UNKNOWN,UNKNOWN,UNKNOWN,UNKNOWN,8.956,,False,,PASSED,,onnx/ACASXU_run2a_5_1_batch_2000.onnx,vnnlib/prop_2.vnnlib,"[""UNKNOWN""]","[""UNKNOWN""]",[null],,/data1/Kane/ACT/audit_results/capability_rebaseline_20260524T225704Z/acasxu_C_auto/per_instance_acasxu_2023_20260524T140935673889Z.json
cpu_auto,82,UNKNOWN,UNKNOWN,UNKNOWN,UNKNOWN,8.353,,False,,PASSED,,onnx/ACASXU_run2a_5_2_batch_2000.onnx,vnnlib/prop_2.vnnlib,"[""UNKNOWN""]","[""UNKNOWN""]",[null],,/data1/Kane/ACT/audit_results/capability_rebaseline_20260524T225704Z/acasxu_C_auto/per_instance_acasxu_2023_20260524T140935673889Z.json
cpu_auto,83,UNKNOWN,UNKNOWN,UNKNOWN,UNKNOWN,8.219,,False,,PASSED,,onnx/ACASXU_run2a_5_3_batch_2000.onnx,vnnlib/prop_2.vnnlib,"[""UNKNOWN""]","[""UNKNOWN""]",[null],,/data1/Kane/ACT/audit_results/capability_rebaseline_20260524T225704Z/acasxu_C_auto/per_instance_acasxu_2023_20260524T140935673889Z.json
cpu_auto,84,FALSIFIED,SAT,FALSIFIED,FALSIFIED,8.266,,False,,PASSED,,onnx/ACASXU_run2a_5_4_batch_2000.onnx,vnnlib/prop_2.vnnlib,"[""SAT""]","[""FALSIFIED""]","[""/data1/Kane/ACT/audit_results/capability_rebaseline_20260524T225704Z/acasxu_C_auto/acasxu_2023_84_q0_small_dense_lp_witness_0.json""]",,/data1/Kane/ACT/audit_results/capability_rebaseline_20260524T225704Z/acasxu_C_auto/per_instance_acasxu_2023_20260524T140935673889Z.json
cpu_auto,85,UNKNOWN,UNKNOWN,UNKNOWN,UNKNOWN,8.659,,False,,PASSED,,onnx/ACASXU_run2a_5_5_batch_2000.onnx,vnnlib/prop_2.vnnlib,"[""UNKNOWN""]","[""UNKNOWN""]",[null],,/data1/Kane/ACT/audit_results/capability_rebaseline_20260524T225704Z/acasxu_C_auto/per_instance_acasxu_2023_20260524T140935673889Z.json
cpu_auto,86,FALSIFIED,SAT,FALSIFIED,FALSIFIED,9.577,,False,,PASSED,,onnx/ACASXU_run2a_5_6_batch_2000.onnx,vnnlib/prop_2.vnnlib,"[""SAT""]","[""FALSIFIED""]","[""/data1/Kane/ACT/audit_results/capability_rebaseline_20260524T225704Z/acasxu_C_auto/acasxu_2023_86_q0_small_dense_lp_witness_0.json""]",,/data1/Kane/ACT/audit_results/capability_rebaseline_20260524T225704Z/acasxu_C_auto/per_instance_acasxu_2023_20260524T140935673889Z.json
cpu_auto,87,FALSIFIED,SAT,FALSIFIED,FALSIFIED,9.622,,False,,PASSED,,onnx/ACASXU_run2a_5_7_batch_2000.onnx,vnnlib/prop_2.vnnlib,"[""SAT""]","[""FALSIFIED""]","[""/data1/Kane/ACT/audit_results/capability_rebaseline_20260524T225704Z/acasxu_C_auto/acasxu_2023_87_q0_small_dense_lp_witness_0.json""]",,/data1/Kane/ACT/audit_results/capability_rebaseline_20260524T225704Z/acasxu_C_auto/per_instance_acasxu_2023_20260524T140935673889Z.json
cpu_auto,88,UNKNOWN,UNKNOWN,UNKNOWN,UNKNOWN,9.776,,False,,PASSED,,onnx/ACASXU_run2a_5_8_batch_2000.onnx,vnnlib/prop_2.vnnlib,"[""UNKNOWN""]","[""UNKNOWN""]",[null],,/data1/Kane/ACT/audit_results/capability_rebaseline_20260524T225704Z/acasxu_C_auto/per_instance_acasxu_2023_20260524T140935673889Z.json
cpu_auto,89,UNKNOWN,UNKNOWN,UNKNOWN,UNKNOWN,9.868,,False,,PASSED,,onnx/ACASXU_run2a_5_9_batch_2000.onnx,vnnlib/prop_2.vnnlib,"[""UNKNOWN""]","[""UNKNOWN""]",[null],,/data1/Kane/ACT/audit_results/capability_rebaseline_20260524T225704Z/acasxu_C_auto/per_instance_acasxu_2023_20260524T140935673889Z.json
cpu_auto,9,UNKNOWN,UNKNOWN,UNKNOWN,UNKNOWN,8.831,,False,,PASSED,,onnx/ACASXU_run2a_2_1_batch_2000.onnx,vnnlib/prop_1.vnnlib,"[""UNKNOWN""]","[""UNKNOWN""]",[null],,/data1/Kane/ACT/audit_results/capability_rebaseline_20260524T225704Z/acasxu_C_auto/per_instance_acasxu_2023_20260524T140935673889Z.json
cpu_auto,90,UNKNOWN,UNKNOWN,UNKNOWN,UNKNOWN,4.856,,False,,PASSED,,onnx/ACASXU_run2a_1_1_batch_2000.onnx,vnnlib/prop_3.vnnlib,"[""UNKNOWN""]","[""UNKNOWN""]",[null],,/data1/Kane/ACT/audit_results/capability_rebaseline_20260524T225704Z/acasxu_C_auto/per_instance_acasxu_2023_20260524T140935673889Z.json
cpu_auto,91,UNKNOWN,UNKNOWN,UNKNOWN,UNKNOWN,6.059,,False,,PASSED,,onnx/ACASXU_run2a_1_2_batch_2000.onnx,vnnlib/prop_3.vnnlib,"[""UNKNOWN""]","[""UNKNOWN""]",[null],,/data1/Kane/ACT/audit_results/capability_rebaseline_20260524T225704Z/acasxu_C_auto/per_instance_acasxu_2023_20260524T140935673889Z.json
cpu_auto,92,UNKNOWN,UNKNOWN,UNKNOWN,UNKNOWN,3.11,,False,,PASSED,,onnx/ACASXU_run2a_1_3_batch_2000.onnx,vnnlib/prop_3.vnnlib,"[""UNKNOWN""]","[""UNKNOWN""]",[null],,/data1/Kane/ACT/audit_results/capability_rebaseline_20260524T225704Z/acasxu_C_auto/per_instance_acasxu_2023_20260524T140935673889Z.json
cpu_auto,93,CERTIFIED,UNSAT,CERTIFIED,CERTIFIED,0.644,,False,,PASSED,,onnx/ACASXU_run2a_1_4_batch_2000.onnx,vnnlib/prop_3.vnnlib,"[""UNSAT""]","[""CERTIFIED""]",[null],,/data1/Kane/ACT/audit_results/capability_rebaseline_20260524T225704Z/acasxu_C_auto/per_instance_acasxu_2023_20260524T140935673889Z.json
cpu_auto,94,CERTIFIED,UNSAT,CERTIFIED,CERTIFIED,0.577,,False,,PASSED,,onnx/ACASXU_run2a_1_5_batch_2000.onnx,vnnlib/prop_3.vnnlib,"[""UNSAT""]","[""CERTIFIED""]",[null],,/data1/Kane/ACT/audit_results/capability_rebaseline_20260524T225704Z/acasxu_C_auto/per_instance_acasxu_2023_20260524T140935673889Z.json
cpu_auto,95,CERTIFIED,UNSAT,CERTIFIED,CERTIFIED,0.444,,False,,PASSED,,onnx/ACASXU_run2a_1_6_batch_2000.onnx,vnnlib/prop_3.vnnlib,"[""UNSAT""]","[""CERTIFIED""]",[null],,/data1/Kane/ACT/audit_results/capability_rebaseline_20260524T225704Z/acasxu_C_auto/per_instance_acasxu_2023_20260524T140935673889Z.json
cpu_auto,96,FALSIFIED,SAT,FALSIFIED,FALSIFIED,1.611,,False,,PASSED,,onnx/ACASXU_run2a_1_7_batch_2000.onnx,vnnlib/prop_3.vnnlib,"[""SAT""]","[""FALSIFIED""]","[""/data1/Kane/ACT/audit_results/capability_rebaseline_20260524T225704Z/acasxu_C_auto/acasxu_2023_96_q0_small_dense_lp_witness_0.json""]",,/data1/Kane/ACT/audit_results/capability_rebaseline_20260524T225704Z/acasxu_C_auto/per_instance_acasxu_2023_20260524T140935673889Z.json
cpu_auto,97,FALSIFIED,SAT,FALSIFIED,FALSIFIED,1.393,,False,,PASSED,,onnx/ACASXU_run2a_1_8_batch_2000.onnx,vnnlib/prop_3.vnnlib,"[""SAT""]","[""FALSIFIED""]","[""/data1/Kane/ACT/audit_results/capability_rebaseline_20260524T225704Z/acasxu_C_auto/acasxu_2023_97_q0_small_dense_lp_witness_0.json""]",,/data1/Kane/ACT/audit_results/capability_rebaseline_20260524T225704Z/acasxu_C_auto/per_instance_acasxu_2023_20260524T140935673889Z.json
cpu_auto,98,FALSIFIED,SAT,FALSIFIED,FALSIFIED,1.267,,False,,PASSED,,onnx/ACASXU_run2a_1_9_batch_2000.onnx,vnnlib/prop_3.vnnlib,"[""SAT""]","[""FALSIFIED""]","[""/data1/Kane/ACT/audit_results/capability_rebaseline_20260524T225704Z/acasxu_C_auto/acasxu_2023_98_q0_small_dense_lp_witness_0.json""]",,/data1/Kane/ACT/audit_results/capability_rebaseline_20260524T225704Z/acasxu_C_auto/per_instance_acasxu_2023_20260524T140935673889Z.json
cpu_auto,99,CERTIFIED,UNSAT,CERTIFIED,CERTIFIED,2.361,,False,,PASSED,,onnx/ACASXU_run2a_2_1_batch_2000.onnx,vnnlib/prop_3.vnnlib,"[""UNSAT""]","[""CERTIFIED""]",[null],,/data1/Kane/ACT/audit_results/capability_rebaseline_20260524T225704Z/acasxu_C_auto/per_instance_acasxu_2023_20260524T140935673889Z.json
cpu_base,0,UNKNOWN,UNKNOWN,UNKNOWN,UNKNOWN,2.56,,False,,PASSED,,onnx/ACASXU_run2a_1_1_batch_2000.onnx,vnnlib/prop_1.vnnlib,"[""UNKNOWN""]","[""UNKNOWN""]",[null],,/data1/Kane/ACT/audit_results/capability_rebaseline_20260524T225704Z/acasxu_A_base/per_instance_acasxu_2023_20260524T132824568398Z.json
cpu_base,1,UNKNOWN,UNKNOWN,UNKNOWN,UNKNOWN,3.14,,False,,PASSED,,onnx/ACASXU_run2a_1_2_batch_2000.onnx,vnnlib/prop_1.vnnlib,"[""UNKNOWN""]","[""UNKNOWN""]",[null],,/data1/Kane/ACT/audit_results/capability_rebaseline_20260524T225704Z/acasxu_A_base/per_instance_acasxu_2023_20260524T132824568398Z.json
cpu_base,10,UNKNOWN,UNKNOWN,UNKNOWN,UNKNOWN,3.817,,False,,PASSED,,onnx/ACASXU_run2a_2_2_batch_2000.onnx,vnnlib/prop_1.vnnlib,"[""UNKNOWN""]","[""UNKNOWN""]",[null],,/data1/Kane/ACT/audit_results/capability_rebaseline_20260524T225704Z/acasxu_A_base/per_instance_acasxu_2023_20260524T132824568398Z.json
cpu_base,100,UNKNOWN,UNKNOWN,UNKNOWN,UNKNOWN,0.536,,False,,PASSED,,onnx/ACASXU_run2a_2_2_batch_2000.onnx,vnnlib/prop_3.vnnlib,"[""UNKNOWN""]","[""UNKNOWN""]",[null],,/data1/Kane/ACT/audit_results/capability_rebaseline_20260524T225704Z/acasxu_A_base/per_instance_acasxu_2023_20260524T132824568398Z.json
cpu_base,101,UNKNOWN,UNKNOWN,UNKNOWN,UNKNOWN,0.599,,False,,PASSED,,onnx/ACASXU_run2a_2_3_batch_2000.onnx,vnnlib/prop_3.vnnlib,"[""UNKNOWN""]","[""UNKNOWN""]",[null],,/data1/Kane/ACT/audit_results/capability_rebaseline_20260524T225704Z/acasxu_A_base/per_instance_acasxu_2023_20260524T132824568398Z.json
cpu_base,102,CERTIFIED,UNSAT,CERTIFIED,CERTIFIED,0.395,,False,,PASSED,,onnx/ACASXU_run2a_2_4_batch_2000.onnx,vnnlib/prop_3.vnnlib,"[""UNSAT""]","[""CERTIFIED""]",[null],,/data1/Kane/ACT/audit_results/capability_rebaseline_20260524T225704Z/acasxu_A_base/per_instance_acasxu_2023_20260524T132824568398Z.json
cpu_base,103,CERTIFIED,UNSAT,CERTIFIED,CERTIFIED,0.525,,False,,PASSED,,onnx/ACASXU_run2a_2_5_batch_2000.onnx,vnnlib/prop_3.vnnlib,"[""UNSAT""]","[""CERTIFIED""]",[null],,/data1/Kane/ACT/audit_results/capability_rebaseline_20260524T225704Z/acasxu_A_base/per_instance_acasxu_2023_20260524T132824568398Z.json
cpu_base,104,CERTIFIED,UNSAT,CERTIFIED,CERTIFIED,0.506,,False,,PASSED,,onnx/ACASXU_run2a_2_6_batch_2000.onnx,vnnlib/prop_3.vnnlib,"[""UNSAT""]","[""CERTIFIED""]",[null],,/data1/Kane/ACT/audit_results/capability_rebaseline_20260524T225704Z/acasxu_A_base/per_instance_acasxu_2023_20260524T132824568398Z.json
cpu_base,105,CERTIFIED,UNSAT,CERTIFIED,CERTIFIED,0.535,,False,,PASSED,,onnx/ACASXU_run2a_2_7_batch_2000.onnx,vnnlib/prop_3.vnnlib,"[""UNSAT""]","[""CERTIFIED""]",[null],,/data1/Kane/ACT/audit_results/capability_rebaseline_20260524T225704Z/acasxu_A_base/per_instance_acasxu_2023_20260524T132824568398Z.json
cpu_base,106,CERTIFIED,UNSAT,CERTIFIED,CERTIFIED,0.505,,False,,PASSED,,onnx/ACASXU_run2a_2_8_batch_2000.onnx,vnnlib/prop_3.vnnlib,"[""UNSAT""]","[""CERTIFIED""]",[null],,/data1/Kane/ACT/audit_results/capability_rebaseline_20260524T225704Z/acasxu_A_base/per_instance_acasxu_2023_20260524T132824568398Z.json
cpu_base,107,CERTIFIED,UNSAT,CERTIFIED,CERTIFIED,0.364,,False,,PASSED,,onnx/ACASXU_run2a_2_9_batch_2000.onnx,vnnlib/prop_3.vnnlib,"[""UNSAT""]","[""CERTIFIED""]",[null],,/data1/Kane/ACT/audit_results/capability_rebaseline_20260524T225704Z/acasxu_A_base/per_instance_acasxu_2023_20260524T132824568398Z.json
cpu_base,108,CERTIFIED,UNSAT,CERTIFIED,CERTIFIED,0.465,,False,,PASSED,,onnx/ACASXU_run2a_3_1_batch_2000.onnx,vnnlib/prop_3.vnnlib,"[""UNSAT""]","[""CERTIFIED""]",[null],,/data1/Kane/ACT/audit_results/capability_rebaseline_20260524T225704Z/acasxu_A_base/per_instance_acasxu_2023_20260524T132824568398Z.json
cpu_base,109,UNKNOWN,UNKNOWN,UNKNOWN,UNKNOWN,0.75,,False,,PASSED,,onnx/ACASXU_run2a_3_2_batch_2000.onnx,vnnlib/prop_3.vnnlib,"[""UNKNOWN""]","[""UNKNOWN""]",[null],,/data1/Kane/ACT/audit_results/capability_rebaseline_20260524T225704Z/acasxu_A_base/per_instance_acasxu_2023_20260524T132824568398Z.json
cpu_base,11,UNKNOWN,UNKNOWN,UNKNOWN,UNKNOWN,2.93,,False,,PASSED,,onnx/ACASXU_run2a_2_3_batch_2000.onnx,vnnlib/prop_1.vnnlib,"[""UNKNOWN""]","[""UNKNOWN""]",[null],,/data1/Kane/ACT/audit_results/capability_rebaseline_20260524T225704Z/acasxu_A_base/per_instance_acasxu_2023_20260524T132824568398Z.json
cpu_base,110,CERTIFIED,UNSAT,CERTIFIED,CERTIFIED,0.612,,False,,PASSED,,onnx/ACASXU_run2a_3_3_batch_2000.onnx,vnnlib/prop_3.vnnlib,"[""UNSAT""]","[""CERTIFIED""]",[null],,/data1/Kane/ACT/audit_results/capability_rebaseline_20260524T225704Z/acasxu_A_base/per_instance_acasxu_2023_20260524T132824568398Z.json
cpu_base,111,UNKNOWN,UNKNOWN,UNKNOWN,UNKNOWN,0.707,,False,,PASSED,,onnx/ACASXU_run2a_3_4_batch_2000.onnx,vnnlib/prop_3.vnnlib,"[""UNKNOWN""]","[""UNKNOWN""]",[null],,/data1/Kane/ACT/audit_results/capability_rebaseline_20260524T225704Z/acasxu_A_base/per_instance_acasxu_2023_20260524T132824568398Z.json
cpu_base,112,CERTIFIED,UNSAT,CERTIFIED,CERTIFIED,0.512,,False,,PASSED,,onnx/ACASXU_run2a_3_5_batch_2000.onnx,vnnlib/prop_3.vnnlib,"[""UNSAT""]","[""CERTIFIED""]",[null],,/data1/Kane/ACT/audit_results/capability_rebaseline_20260524T225704Z/acasxu_A_base/per_instance_acasxu_2023_20260524T132824568398Z.json
cpu_base,113,UNKNOWN,UNKNOWN,UNKNOWN,UNKNOWN,0.659,,False,,PASSED,,onnx/ACASXU_run2a_3_6_batch_2000.onnx,vnnlib/prop_3.vnnlib,"[""UNKNOWN""]","[""UNKNOWN""]",[null],,/data1/Kane/ACT/audit_results/capability_rebaseline_20260524T225704Z/acasxu_A_base/per_instance_acasxu_2023_20260524T132824568398Z.json
cpu_base,114,CERTIFIED,UNSAT,CERTIFIED,CERTIFIED,0.368,,False,,PASSED,,onnx/ACASXU_run2a_3_7_batch_2000.onnx,vnnlib/prop_3.vnnlib,"[""UNSAT""]","[""CERTIFIED""]",[null],,/data1/Kane/ACT/audit_results/capability_rebaseline_20260524T225704Z/acasxu_A_base/per_instance_acasxu_2023_20260524T132824568398Z.json
cpu_base,115,CERTIFIED,UNSAT,CERTIFIED,CERTIFIED,0.496,,False,,PASSED,,onnx/ACASXU_run2a_3_8_batch_2000.onnx,vnnlib/prop_3.vnnlib,"[""UNSAT""]","[""CERTIFIED""]",[null],,/data1/Kane/ACT/audit_results/capability_rebaseline_20260524T225704Z/acasxu_A_base/per_instance_acasxu_2023_20260524T132824568398Z.json
cpu_base,116,CERTIFIED,UNSAT,CERTIFIED,CERTIFIED,0.474,,False,,PASSED,,onnx/ACASXU_run2a_3_9_batch_2000.onnx,vnnlib/prop_3.vnnlib,"[""UNSAT""]","[""CERTIFIED""]",[null],,/data1/Kane/ACT/audit_results/capability_rebaseline_20260524T225704Z/acasxu_A_base/per_instance_acasxu_2023_20260524T132824568398Z.json
cpu_base,117,UNKNOWN,UNKNOWN,UNKNOWN,UNKNOWN,0.45,,False,,PASSED,,onnx/ACASXU_run2a_4_1_batch_2000.onnx,vnnlib/prop_3.vnnlib,"[""UNKNOWN""]","[""UNKNOWN""]",[null],,/data1/Kane/ACT/audit_results/capability_rebaseline_20260524T225704Z/acasxu_A_base/per_instance_acasxu_2023_20260524T132824568398Z.json
cpu_base,118,UNKNOWN,UNKNOWN,UNKNOWN,UNKNOWN,0.608,,False,,PASSED,,onnx/ACASXU_run2a_4_2_batch_2000.onnx,vnnlib/prop_3.vnnlib,"[""UNKNOWN""]","[""UNKNOWN""]",[null],,/data1/Kane/ACT/audit_results/capability_rebaseline_20260524T225704Z/acasxu_A_base/per_instance_acasxu_2023_20260524T132824568398Z.json
cpu_base,119,UNKNOWN,UNKNOWN,UNKNOWN,UNKNOWN,0.624,,False,,PASSED,,onnx/ACASXU_run2a_4_3_batch_2000.onnx,vnnlib/prop_3.vnnlib,"[""UNKNOWN""]","[""UNKNOWN""]",[null],,/data1/Kane/ACT/audit_results/capability_rebaseline_20260524T225704Z/acasxu_A_base/per_instance_acasxu_2023_20260524T132824568398Z.json
cpu_base,12,UNKNOWN,UNKNOWN,UNKNOWN,UNKNOWN,2.681,,False,,PASSED,,onnx/ACASXU_run2a_2_4_batch_2000.onnx,vnnlib/prop_1.vnnlib,"[""UNKNOWN""]","[""UNKNOWN""]",[null],,/data1/Kane/ACT/audit_results/capability_rebaseline_20260524T225704Z/acasxu_A_base/per_instance_acasxu_2023_20260524T132824568398Z.json
cpu_base,120,CERTIFIED,UNSAT,CERTIFIED,CERTIFIED,0.454,,False,,PASSED,,onnx/ACASXU_run2a_4_4_batch_2000.onnx,vnnlib/prop_3.vnnlib,"[""UNSAT""]","[""CERTIFIED""]",[null],,/data1/Kane/ACT/audit_results/capability_rebaseline_20260524T225704Z/acasxu_A_base/per_instance_acasxu_2023_20260524T132824568398Z.json
cpu_base,121,CERTIFIED,UNSAT,CERTIFIED,CERTIFIED,0.411,,False,,PASSED,,onnx/ACASXU_run2a_4_5_batch_2000.onnx,vnnlib/prop_3.vnnlib,"[""UNSAT""]","[""CERTIFIED""]",[null],,/data1/Kane/ACT/audit_results/capability_rebaseline_20260524T225704Z/acasxu_A_base/per_instance_acasxu_2023_20260524T132824568398Z.json
cpu_base,122,CERTIFIED,UNSAT,CERTIFIED,CERTIFIED,0.887,,False,,PASSED,,onnx/ACASXU_run2a_4_6_batch_2000.onnx,vnnlib/prop_3.vnnlib,"[""UNSAT""]","[""CERTIFIED""]",[null],,/data1/Kane/ACT/audit_results/capability_rebaseline_20260524T225704Z/acasxu_A_base/per_instance_acasxu_2023_20260524T132824568398Z.json
cpu_base,123,CERTIFIED,UNSAT,CERTIFIED,CERTIFIED,0.523,,False,,PASSED,,onnx/ACASXU_run2a_4_7_batch_2000.onnx,vnnlib/prop_3.vnnlib,"[""UNSAT""]","[""CERTIFIED""]",[null],,/data1/Kane/ACT/audit_results/capability_rebaseline_20260524T225704Z/acasxu_A_base/per_instance_acasxu_2023_20260524T132824568398Z.json
cpu_base,124,CERTIFIED,UNSAT,CERTIFIED,CERTIFIED,0.487,,False,,PASSED,,onnx/ACASXU_run2a_4_8_batch_2000.onnx,vnnlib/prop_3.vnnlib,"[""UNSAT""]","[""CERTIFIED""]",[null],,/data1/Kane/ACT/audit_results/capability_rebaseline_20260524T225704Z/acasxu_A_base/per_instance_acasxu_2023_20260524T132824568398Z.json
cpu_base,125,CERTIFIED,UNSAT,CERTIFIED,CERTIFIED,0.613,,False,,PASSED,,onnx/ACASXU_run2a_4_9_batch_2000.onnx,vnnlib/prop_3.vnnlib,"[""UNSAT""]","[""CERTIFIED""]",[null],,/data1/Kane/ACT/audit_results/capability_rebaseline_20260524T225704Z/acasxu_A_base/per_instance_acasxu_2023_20260524T132824568398Z.json
cpu_base,126,UNKNOWN,UNKNOWN,UNKNOWN,UNKNOWN,0.602,,False,,PASSED,,onnx/ACASXU_run2a_5_1_batch_2000.onnx,vnnlib/prop_3.vnnlib,"[""UNKNOWN""]","[""UNKNOWN""]",[null],,/data1/Kane/ACT/audit_results/capability_rebaseline_20260524T225704Z/acasxu_A_base/per_instance_acasxu_2023_20260524T132824568398Z.json
cpu_base,127,CERTIFIED,UNSAT,CERTIFIED,CERTIFIED,0.451,,False,,PASSED,,onnx/ACASXU_run2a_5_2_batch_2000.onnx,vnnlib/prop_3.vnnlib,"[""UNSAT""]","[""CERTIFIED""]",[null],,/data1/Kane/ACT/audit_results/capability_rebaseline_20260524T225704Z/acasxu_A_base/per_instance_acasxu_2023_20260524T132824568398Z.json
cpu_base,128,CERTIFIED,UNSAT,CERTIFIED,CERTIFIED,0.548,,False,,PASSED,,onnx/ACASXU_run2a_5_3_batch_2000.onnx,vnnlib/prop_3.vnnlib,"[""UNSAT""]","[""CERTIFIED""]",[null],,/data1/Kane/ACT/audit_results/capability_rebaseline_20260524T225704Z/acasxu_A_base/per_instance_acasxu_2023_20260524T132824568398Z.json
cpu_base,129,CERTIFIED,UNSAT,CERTIFIED,CERTIFIED,0.458,,False,,PASSED,,onnx/ACASXU_run2a_5_4_batch_2000.onnx,vnnlib/prop_3.vnnlib,"[""UNSAT""]","[""CERTIFIED""]",[null],,/data1/Kane/ACT/audit_results/capability_rebaseline_20260524T225704Z/acasxu_A_base/per_instance_acasxu_2023_20260524T132824568398Z.json
cpu_base,13,UNKNOWN,UNKNOWN,UNKNOWN,UNKNOWN,3.856,,False,,PASSED,,onnx/ACASXU_run2a_2_5_batch_2000.onnx,vnnlib/prop_1.vnnlib,"[""UNKNOWN""]","[""UNKNOWN""]",[null],,/data1/Kane/ACT/audit_results/capability_rebaseline_20260524T225704Z/acasxu_A_base/per_instance_acasxu_2023_20260524T132824568398Z.json
cpu_base,130,CERTIFIED,UNSAT,CERTIFIED,CERTIFIED,0.526,,False,,PASSED,,onnx/ACASXU_run2a_5_5_batch_2000.onnx,vnnlib/prop_3.vnnlib,"[""UNSAT""]","[""CERTIFIED""]",[null],,/data1/Kane/ACT/audit_results/capability_rebaseline_20260524T225704Z/acasxu_A_base/per_instance_acasxu_2023_20260524T132824568398Z.json
cpu_base,131,CERTIFIED,UNSAT,CERTIFIED,CERTIFIED,0.631,,False,,PASSED,,onnx/ACASXU_run2a_5_6_batch_2000.onnx,vnnlib/prop_3.vnnlib,"[""UNSAT""]","[""CERTIFIED""]",[null],,/data1/Kane/ACT/audit_results/capability_rebaseline_20260524T225704Z/acasxu_A_base/per_instance_acasxu_2023_20260524T132824568398Z.json
cpu_base,132,CERTIFIED,UNSAT,CERTIFIED,CERTIFIED,0.354,,False,,PASSED,,onnx/ACASXU_run2a_5_7_batch_2000.onnx,vnnlib/prop_3.vnnlib,"[""UNSAT""]","[""CERTIFIED""]",[null],,/data1/Kane/ACT/audit_results/capability_rebaseline_20260524T225704Z/acasxu_A_base/per_instance_acasxu_2023_20260524T132824568398Z.json
cpu_base,133,CERTIFIED,UNSAT,CERTIFIED,CERTIFIED,0.585,,False,,PASSED,,onnx/ACASXU_run2a_5_8_batch_2000.onnx,vnnlib/prop_3.vnnlib,"[""UNSAT""]","[""CERTIFIED""]",[null],,/data1/Kane/ACT/audit_results/capability_rebaseline_20260524T225704Z/acasxu_A_base/per_instance_acasxu_2023_20260524T132824568398Z.json
cpu_base,134,CERTIFIED,UNSAT,CERTIFIED,CERTIFIED,0.378,,False,,PASSED,,onnx/ACASXU_run2a_5_9_batch_2000.onnx,vnnlib/prop_3.vnnlib,"[""UNSAT""]","[""CERTIFIED""]",[null],,/data1/Kane/ACT/audit_results/capability_rebaseline_20260524T225704Z/acasxu_A_base/per_instance_acasxu_2023_20260524T132824568398Z.json
cpu_base,135,UNKNOWN,UNKNOWN,UNKNOWN,UNKNOWN,0.57,,False,,PASSED,,onnx/ACASXU_run2a_1_1_batch_2000.onnx,vnnlib/prop_4.vnnlib,"[""UNKNOWN""]","[""UNKNOWN""]",[null],,/data1/Kane/ACT/audit_results/capability_rebaseline_20260524T225704Z/acasxu_A_base/per_instance_acasxu_2023_20260524T132824568398Z.json
cpu_base,136,UNKNOWN,UNKNOWN,UNKNOWN,UNKNOWN,0.644,,False,,PASSED,,onnx/ACASXU_run2a_1_2_batch_2000.onnx,vnnlib/prop_4.vnnlib,"[""UNKNOWN""]","[""UNKNOWN""]",[null],,/data1/Kane/ACT/audit_results/capability_rebaseline_20260524T225704Z/acasxu_A_base/per_instance_acasxu_2023_20260524T132824568398Z.json
cpu_base,137,UNKNOWN,UNKNOWN,UNKNOWN,UNKNOWN,0.706,,False,,PASSED,,onnx/ACASXU_run2a_1_3_batch_2000.onnx,vnnlib/prop_4.vnnlib,"[""UNKNOWN""]","[""UNKNOWN""]",[null],,/data1/Kane/ACT/audit_results/capability_rebaseline_20260524T225704Z/acasxu_A_base/per_instance_acasxu_2023_20260524T132824568398Z.json
cpu_base,138,UNKNOWN,UNKNOWN,UNKNOWN,UNKNOWN,0.508,,False,,PASSED,,onnx/ACASXU_run2a_1_4_batch_2000.onnx,vnnlib/prop_4.vnnlib,"[""UNKNOWN""]","[""UNKNOWN""]",[null],,/data1/Kane/ACT/audit_results/capability_rebaseline_20260524T225704Z/acasxu_A_base/per_instance_acasxu_2023_20260524T132824568398Z.json
cpu_base,139,UNKNOWN,UNKNOWN,UNKNOWN,UNKNOWN,0.504,,False,,PASSED,,onnx/ACASXU_run2a_1_5_batch_2000.onnx,vnnlib/prop_4.vnnlib,"[""UNKNOWN""]","[""UNKNOWN""]",[null],,/data1/Kane/ACT/audit_results/capability_rebaseline_20260524T225704Z/acasxu_A_base/per_instance_acasxu_2023_20260524T132824568398Z.json
cpu_base,14,UNKNOWN,UNKNOWN,UNKNOWN,UNKNOWN,3.922,,False,,PASSED,,onnx/ACASXU_run2a_2_6_batch_2000.onnx,vnnlib/prop_1.vnnlib,"[""UNKNOWN""]","[""UNKNOWN""]",[null],,/data1/Kane/ACT/audit_results/capability_rebaseline_20260524T225704Z/acasxu_A_base/per_instance_acasxu_2023_20260524T132824568398Z.json
cpu_base,140,CERTIFIED,UNSAT,CERTIFIED,CERTIFIED,0.537,,False,,PASSED,,onnx/ACASXU_run2a_1_6_batch_2000.onnx,vnnlib/prop_4.vnnlib,"[""UNSAT""]","[""CERTIFIED""]",[null],,/data1/Kane/ACT/audit_results/capability_rebaseline_20260524T225704Z/acasxu_A_base/per_instance_acasxu_2023_20260524T132824568398Z.json
cpu_base,141,UNKNOWN,UNKNOWN,UNKNOWN,UNKNOWN,0.403,,False,,PASSED,,onnx/ACASXU_run2a_1_7_batch_2000.onnx,vnnlib/prop_4.vnnlib,"[""UNKNOWN""]","[""UNKNOWN""]",[null],,/data1/Kane/ACT/audit_results/capability_rebaseline_20260524T225704Z/acasxu_A_base/per_instance_acasxu_2023_20260524T132824568398Z.json
cpu_base,142,UNKNOWN,UNKNOWN,UNKNOWN,UNKNOWN,0.427,,False,,PASSED,,onnx/ACASXU_run2a_1_8_batch_2000.onnx,vnnlib/prop_4.vnnlib,"[""UNKNOWN""]","[""UNKNOWN""]",[null],,/data1/Kane/ACT/audit_results/capability_rebaseline_20260524T225704Z/acasxu_A_base/per_instance_acasxu_2023_20260524T132824568398Z.json
cpu_base,143,UNKNOWN,UNKNOWN,UNKNOWN,UNKNOWN,0.346,,False,,PASSED,,onnx/ACASXU_run2a_1_9_batch_2000.onnx,vnnlib/prop_4.vnnlib,"[""UNKNOWN""]","[""UNKNOWN""]",[null],,/data1/Kane/ACT/audit_results/capability_rebaseline_20260524T225704Z/acasxu_A_base/per_instance_acasxu_2023_20260524T132824568398Z.json
cpu_base,144,UNKNOWN,UNKNOWN,UNKNOWN,UNKNOWN,0.604,,False,,PASSED,,onnx/ACASXU_run2a_2_1_batch_2000.onnx,vnnlib/prop_4.vnnlib,"[""UNKNOWN""]","[""UNKNOWN""]",[null],,/data1/Kane/ACT/audit_results/capability_rebaseline_20260524T225704Z/acasxu_A_base/per_instance_acasxu_2023_20260524T132824568398Z.json
cpu_base,145,UNKNOWN,UNKNOWN,UNKNOWN,UNKNOWN,0.647,,False,,PASSED,,onnx/ACASXU_run2a_2_2_batch_2000.onnx,vnnlib/prop_4.vnnlib,"[""UNKNOWN""]","[""UNKNOWN""]",[null],,/data1/Kane/ACT/audit_results/capability_rebaseline_20260524T225704Z/acasxu_A_base/per_instance_acasxu_2023_20260524T132824568398Z.json
cpu_base,146,CERTIFIED,UNSAT,CERTIFIED,CERTIFIED,0.425,,False,,PASSED,,onnx/ACASXU_run2a_2_3_batch_2000.onnx,vnnlib/prop_4.vnnlib,"[""UNSAT""]","[""CERTIFIED""]",[null],,/data1/Kane/ACT/audit_results/capability_rebaseline_20260524T225704Z/acasxu_A_base/per_instance_acasxu_2023_20260524T132824568398Z.json
cpu_base,147,CERTIFIED,UNSAT,CERTIFIED,CERTIFIED,0.492,,False,,PASSED,,onnx/ACASXU_run2a_2_4_batch_2000.onnx,vnnlib/prop_4.vnnlib,"[""UNSAT""]","[""CERTIFIED""]",[null],,/data1/Kane/ACT/audit_results/capability_rebaseline_20260524T225704Z/acasxu_A_base/per_instance_acasxu_2023_20260524T132824568398Z.json
cpu_base,148,CERTIFIED,UNSAT,CERTIFIED,CERTIFIED,0.541,,False,,PASSED,,onnx/ACASXU_run2a_2_5_batch_2000.onnx,vnnlib/prop_4.vnnlib,"[""UNSAT""]","[""CERTIFIED""]",[null],,/data1/Kane/ACT/audit_results/capability_rebaseline_20260524T225704Z/acasxu_A_base/per_instance_acasxu_2023_20260524T132824568398Z.json
cpu_base,149,CERTIFIED,UNSAT,CERTIFIED,CERTIFIED,0.677,,False,,PASSED,,onnx/ACASXU_run2a_2_6_batch_2000.onnx,vnnlib/prop_4.vnnlib,"[""UNSAT""]","[""CERTIFIED""]",[null],,/data1/Kane/ACT/audit_results/capability_rebaseline_20260524T225704Z/acasxu_A_base/per_instance_acasxu_2023_20260524T132824568398Z.json
cpu_base,15,UNKNOWN,UNKNOWN,UNKNOWN,UNKNOWN,3.744,,False,,PASSED,,onnx/ACASXU_run2a_2_7_batch_2000.onnx,vnnlib/prop_1.vnnlib,"[""UNKNOWN""]","[""UNKNOWN""]",[null],,/data1/Kane/ACT/audit_results/capability_rebaseline_20260524T225704Z/acasxu_A_base/per_instance_acasxu_2023_20260524T132824568398Z.json
cpu_base,150,CERTIFIED,UNSAT,CERTIFIED,CERTIFIED,0.495,,False,,PASSED,,onnx/ACASXU_run2a_2_7_batch_2000.onnx,vnnlib/prop_4.vnnlib,"[""UNSAT""]","[""CERTIFIED""]",[null],,/data1/Kane/ACT/audit_results/capability_rebaseline_20260524T225704Z/acasxu_A_base/per_instance_acasxu_2023_20260524T132824568398Z.json
cpu_base,151,UNKNOWN,UNKNOWN,UNKNOWN,UNKNOWN,0.95,,False,,PASSED,,onnx/ACASXU_run2a_2_8_batch_2000.onnx,vnnlib/prop_4.vnnlib,"[""UNKNOWN""]","[""UNKNOWN""]",[null],,/data1/Kane/ACT/audit_results/capability_rebaseline_20260524T225704Z/acasxu_A_base/per_instance_acasxu_2023_20260524T132824568398Z.json
cpu_base,152,CERTIFIED,UNSAT,CERTIFIED,CERTIFIED,0.405,,False,,PASSED,,onnx/ACASXU_run2a_2_9_batch_2000.onnx,vnnlib/prop_4.vnnlib,"[""UNSAT""]","[""CERTIFIED""]",[null],,/data1/Kane/ACT/audit_results/capability_rebaseline_20260524T225704Z/acasxu_A_base/per_instance_acasxu_2023_20260524T132824568398Z.json
cpu_base,153,CERTIFIED,UNSAT,CERTIFIED,CERTIFIED,0.59,,False,,PASSED,,onnx/ACASXU_run2a_3_1_batch_2000.onnx,vnnlib/prop_4.vnnlib,"[""UNSAT""]","[""CERTIFIED""]",[null],,/data1/Kane/ACT/audit_results/capability_rebaseline_20260524T225704Z/acasxu_A_base/per_instance_acasxu_2023_20260524T132824568398Z.json
cpu_base,154,CERTIFIED,UNSAT,CERTIFIED,CERTIFIED,0.469,,False,,PASSED,,onnx/ACASXU_run2a_3_2_batch_2000.onnx,vnnlib/prop_4.vnnlib,"[""UNSAT""]","[""CERTIFIED""]",[null],,/data1/Kane/ACT/audit_results/capability_rebaseline_20260524T225704Z/acasxu_A_base/per_instance_acasxu_2023_20260524T132824568398Z.json
cpu_base,155,CERTIFIED,UNSAT,CERTIFIED,CERTIFIED,0.393,,False,,PASSED,,onnx/ACASXU_run2a_3_3_batch_2000.onnx,vnnlib/prop_4.vnnlib,"[""UNSAT""]","[""CERTIFIED""]",[null],,/data1/Kane/ACT/audit_results/capability_rebaseline_20260524T225704Z/acasxu_A_base/per_instance_acasxu_2023_20260524T132824568398Z.json
cpu_base,156,CERTIFIED,UNSAT,CERTIFIED,CERTIFIED,0.499,,False,,PASSED,,onnx/ACASXU_run2a_3_4_batch_2000.onnx,vnnlib/prop_4.vnnlib,"[""UNSAT""]","[""CERTIFIED""]",[null],,/data1/Kane/ACT/audit_results/capability_rebaseline_20260524T225704Z/acasxu_A_base/per_instance_acasxu_2023_20260524T132824568398Z.json
cpu_base,157,CERTIFIED,UNSAT,CERTIFIED,CERTIFIED,0.66,,False,,PASSED,,onnx/ACASXU_run2a_3_5_batch_2000.onnx,vnnlib/prop_4.vnnlib,"[""UNSAT""]","[""CERTIFIED""]",[null],,/data1/Kane/ACT/audit_results/capability_rebaseline_20260524T225704Z/acasxu_A_base/per_instance_acasxu_2023_20260524T132824568398Z.json
cpu_base,158,CERTIFIED,UNSAT,CERTIFIED,CERTIFIED,0.652,,False,,PASSED,,onnx/ACASXU_run2a_3_6_batch_2000.onnx,vnnlib/prop_4.vnnlib,"[""UNSAT""]","[""CERTIFIED""]",[null],,/data1/Kane/ACT/audit_results/capability_rebaseline_20260524T225704Z/acasxu_A_base/per_instance_acasxu_2023_20260524T132824568398Z.json
cpu_base,159,CERTIFIED,UNSAT,CERTIFIED,CERTIFIED,0.533,,False,,PASSED,,onnx/ACASXU_run2a_3_7_batch_2000.onnx,vnnlib/prop_4.vnnlib,"[""UNSAT""]","[""CERTIFIED""]",[null],,/data1/Kane/ACT/audit_results/capability_rebaseline_20260524T225704Z/acasxu_A_base/per_instance_acasxu_2023_20260524T132824568398Z.json
cpu_base,16,UNKNOWN,UNKNOWN,UNKNOWN,UNKNOWN,4.096,,False,,PASSED,,onnx/ACASXU_run2a_2_8_batch_2000.onnx,vnnlib/prop_1.vnnlib,"[""UNKNOWN""]","[""UNKNOWN""]",[null],,/data1/Kane/ACT/audit_results/capability_rebaseline_20260524T225704Z/acasxu_A_base/per_instance_acasxu_2023_20260524T132824568398Z.json
cpu_base,160,UNKNOWN,UNKNOWN,UNKNOWN,UNKNOWN,0.517,,False,,PASSED,,onnx/ACASXU_run2a_3_8_batch_2000.onnx,vnnlib/prop_4.vnnlib,"[""UNKNOWN""]","[""UNKNOWN""]",[null],,/data1/Kane/ACT/audit_results/capability_rebaseline_20260524T225704Z/acasxu_A_base/per_instance_acasxu_2023_20260524T132824568398Z.json
cpu_base,161,CERTIFIED,UNSAT,CERTIFIED,CERTIFIED,0.699,,False,,PASSED,,onnx/ACASXU_run2a_3_9_batch_2000.onnx,vnnlib/prop_4.vnnlib,"[""UNSAT""]","[""CERTIFIED""]",[null],,/data1/Kane/ACT/audit_results/capability_rebaseline_20260524T225704Z/acasxu_A_base/per_instance_acasxu_2023_20260524T132824568398Z.json
cpu_base,162,CERTIFIED,UNSAT,CERTIFIED,CERTIFIED,0.408,,False,,PASSED,,onnx/ACASXU_run2a_4_1_batch_2000.onnx,vnnlib/prop_4.vnnlib,"[""UNSAT""]","[""CERTIFIED""]",[null],,/data1/Kane/ACT/audit_results/capability_rebaseline_20260524T225704Z/acasxu_A_base/per_instance_acasxu_2023_20260524T132824568398Z.json
cpu_base,163,CERTIFIED,UNSAT,CERTIFIED,CERTIFIED,0.601,,False,,PASSED,,onnx/ACASXU_run2a_4_2_batch_2000.onnx,vnnlib/prop_4.vnnlib,"[""UNSAT""]","[""CERTIFIED""]",[null],,/data1/Kane/ACT/audit_results/capability_rebaseline_20260524T225704Z/acasxu_A_base/per_instance_acasxu_2023_20260524T132824568398Z.json
cpu_base,164,CERTIFIED,UNSAT,CERTIFIED,CERTIFIED,0.55,,False,,PASSED,,onnx/ACASXU_run2a_4_3_batch_2000.onnx,vnnlib/prop_4.vnnlib,"[""UNSAT""]","[""CERTIFIED""]",[null],,/data1/Kane/ACT/audit_results/capability_rebaseline_20260524T225704Z/acasxu_A_base/per_instance_acasxu_2023_20260524T132824568398Z.json
cpu_base,165,UNKNOWN,UNKNOWN,UNKNOWN,UNKNOWN,0.662,,False,,PASSED,,onnx/ACASXU_run2a_4_4_batch_2000.onnx,vnnlib/prop_4.vnnlib,"[""UNKNOWN""]","[""UNKNOWN""]",[null],,/data1/Kane/ACT/audit_results/capability_rebaseline_20260524T225704Z/acasxu_A_base/per_instance_acasxu_2023_20260524T132824568398Z.json
cpu_base,166,CERTIFIED,UNSAT,CERTIFIED,CERTIFIED,0.585,,False,,PASSED,,onnx/ACASXU_run2a_4_5_batch_2000.onnx,vnnlib/prop_4.vnnlib,"[""UNSAT""]","[""CERTIFIED""]",[null],,/data1/Kane/ACT/audit_results/capability_rebaseline_20260524T225704Z/acasxu_A_base/per_instance_acasxu_2023_20260524T132824568398Z.json
cpu_base,167,CERTIFIED,UNSAT,CERTIFIED,CERTIFIED,0.616,,False,,PASSED,,onnx/ACASXU_run2a_4_6_batch_2000.onnx,vnnlib/prop_4.vnnlib,"[""UNSAT""]","[""CERTIFIED""]",[null],,/data1/Kane/ACT/audit_results/capability_rebaseline_20260524T225704Z/acasxu_A_base/per_instance_acasxu_2023_20260524T132824568398Z.json
cpu_base,168,CERTIFIED,UNSAT,CERTIFIED,CERTIFIED,0.467,,False,,PASSED,,onnx/ACASXU_run2a_4_7_batch_2000.onnx,vnnlib/prop_4.vnnlib,"[""UNSAT""]","[""CERTIFIED""]",[null],,/data1/Kane/ACT/audit_results/capability_rebaseline_20260524T225704Z/acasxu_A_base/per_instance_acasxu_2023_20260524T132824568398Z.json
cpu_base,169,CERTIFIED,UNSAT,CERTIFIED,CERTIFIED,0.604,,False,,PASSED,,onnx/ACASXU_run2a_4_8_batch_2000.onnx,vnnlib/prop_4.vnnlib,"[""UNSAT""]","[""CERTIFIED""]",[null],,/data1/Kane/ACT/audit_results/capability_rebaseline_20260524T225704Z/acasxu_A_base/per_instance_acasxu_2023_20260524T132824568398Z.json
cpu_base,17,UNKNOWN,UNKNOWN,UNKNOWN,UNKNOWN,3.893,,False,,PASSED,,onnx/ACASXU_run2a_2_9_batch_2000.onnx,vnnlib/prop_1.vnnlib,"[""UNKNOWN""]","[""UNKNOWN""]",[null],,/data1/Kane/ACT/audit_results/capability_rebaseline_20260524T225704Z/acasxu_A_base/per_instance_acasxu_2023_20260524T132824568398Z.json
cpu_base,170,CERTIFIED,UNSAT,CERTIFIED,CERTIFIED,0.591,,False,,PASSED,,onnx/ACASXU_run2a_4_9_batch_2000.onnx,vnnlib/prop_4.vnnlib,"[""UNSAT""]","[""CERTIFIED""]",[null],,/data1/Kane/ACT/audit_results/capability_rebaseline_20260524T225704Z/acasxu_A_base/per_instance_acasxu_2023_20260524T132824568398Z.json
cpu_base,171,CERTIFIED,UNSAT,CERTIFIED,CERTIFIED,0.533,,False,,PASSED,,onnx/ACASXU_run2a_5_1_batch_2000.onnx,vnnlib/prop_4.vnnlib,"[""UNSAT""]","[""CERTIFIED""]",[null],,/data1/Kane/ACT/audit_results/capability_rebaseline_20260524T225704Z/acasxu_A_base/per_instance_acasxu_2023_20260524T132824568398Z.json
cpu_base,172,CERTIFIED,UNSAT,CERTIFIED,CERTIFIED,0.468,,False,,PASSED,,onnx/ACASXU_run2a_5_2_batch_2000.onnx,vnnlib/prop_4.vnnlib,"[""UNSAT""]","[""CERTIFIED""]",[null],,/data1/Kane/ACT/audit_results/capability_rebaseline_20260524T225704Z/acasxu_A_base/per_instance_acasxu_2023_20260524T132824568398Z.json
cpu_base,173,CERTIFIED,UNSAT,CERTIFIED,CERTIFIED,0.493,,False,,PASSED,,onnx/ACASXU_run2a_5_3_batch_2000.onnx,vnnlib/prop_4.vnnlib,"[""UNSAT""]","[""CERTIFIED""]",[null],,/data1/Kane/ACT/audit_results/capability_rebaseline_20260524T225704Z/acasxu_A_base/per_instance_acasxu_2023_20260524T132824568398Z.json
cpu_base,174,CERTIFIED,UNSAT,CERTIFIED,CERTIFIED,0.462,,False,,PASSED,,onnx/ACASXU_run2a_5_4_batch_2000.onnx,vnnlib/prop_4.vnnlib,"[""UNSAT""]","[""CERTIFIED""]",[null],,/data1/Kane/ACT/audit_results/capability_rebaseline_20260524T225704Z/acasxu_A_base/per_instance_acasxu_2023_20260524T132824568398Z.json
cpu_base,175,CERTIFIED,UNSAT,CERTIFIED,CERTIFIED,0.537,,False,,PASSED,,onnx/ACASXU_run2a_5_5_batch_2000.onnx,vnnlib/prop_4.vnnlib,"[""UNSAT""]","[""CERTIFIED""]",[null],,/data1/Kane/ACT/audit_results/capability_rebaseline_20260524T225704Z/acasxu_A_base/per_instance_acasxu_2023_20260524T132824568398Z.json
cpu_base,176,CERTIFIED,UNSAT,CERTIFIED,CERTIFIED,0.544,,False,,PASSED,,onnx/ACASXU_run2a_5_6_batch_2000.onnx,vnnlib/prop_4.vnnlib,"[""UNSAT""]","[""CERTIFIED""]",[null],,/data1/Kane/ACT/audit_results/capability_rebaseline_20260524T225704Z/acasxu_A_base/per_instance_acasxu_2023_20260524T132824568398Z.json
cpu_base,177,CERTIFIED,UNSAT,CERTIFIED,CERTIFIED,0.412,,False,,PASSED,,onnx/ACASXU_run2a_5_7_batch_2000.onnx,vnnlib/prop_4.vnnlib,"[""UNSAT""]","[""CERTIFIED""]",[null],,/data1/Kane/ACT/audit_results/capability_rebaseline_20260524T225704Z/acasxu_A_base/per_instance_acasxu_2023_20260524T132824568398Z.json
cpu_base,178,CERTIFIED,UNSAT,CERTIFIED,CERTIFIED,0.604,,False,,PASSED,,onnx/ACASXU_run2a_5_8_batch_2000.onnx,vnnlib/prop_4.vnnlib,"[""UNSAT""]","[""CERTIFIED""]",[null],,/data1/Kane/ACT/audit_results/capability_rebaseline_20260524T225704Z/acasxu_A_base/per_instance_acasxu_2023_20260524T132824568398Z.json
cpu_base,179,CERTIFIED,UNSAT,CERTIFIED,CERTIFIED,0.534,,False,,PASSED,,onnx/ACASXU_run2a_5_9_batch_2000.onnx,vnnlib/prop_4.vnnlib,"[""UNSAT""]","[""CERTIFIED""]",[null],,/data1/Kane/ACT/audit_results/capability_rebaseline_20260524T225704Z/acasxu_A_base/per_instance_acasxu_2023_20260524T132824568398Z.json
cpu_base,18,UNKNOWN,UNKNOWN,UNKNOWN,UNKNOWN,3.015,,False,,PASSED,,onnx/ACASXU_run2a_3_1_batch_2000.onnx,vnnlib/prop_1.vnnlib,"[""UNKNOWN""]","[""UNKNOWN""]",[null],,/data1/Kane/ACT/audit_results/capability_rebaseline_20260524T225704Z/acasxu_A_base/per_instance_acasxu_2023_20260524T132824568398Z.json
cpu_base,180,UNKNOWN,UNKNOWN,UNKNOWN,UNKNOWN,8.179,,False,,PASSED,,onnx/ACASXU_run2a_1_1_batch_2000.onnx,vnnlib/prop_5.vnnlib,"[""UNKNOWN"",""UNKNOWN"",""UNKNOWN"",""UNKNOWN""]","[""UNKNOWN"",""UNKNOWN"",""UNKNOWN"",""UNKNOWN""]","[null,null,null,null]",,/data1/Kane/ACT/audit_results/capability_rebaseline_20260524T225704Z/acasxu_A_base/per_instance_acasxu_2023_20260524T132824568398Z.json
cpu_base,181,UNKNOWN,UNKNOWN,UNKNOWN,UNKNOWN,24.332,,False,,PASSED,,onnx/ACASXU_run2a_1_1_batch_2000.onnx,vnnlib/prop_6.vnnlib,"[""UNKNOWN"",""UNKNOWN"",""UNKNOWN"",""UNKNOWN"",""UNKNOWN"",""UNKNOWN"",""UNKNOWN"",""UNKNOWN""]","[""UNKNOWN"",""UNKNOWN"",""UNKNOWN"",""UNKNOWN"",""UNKNOWN"",""UNKNOWN"",""UNKNOWN"",""UNKNOWN""]","[null,null,null,null,null,null,null,null]",,/data1/Kane/ACT/audit_results/capability_rebaseline_20260524T225704Z/acasxu_A_base/per_instance_acasxu_2023_20260524T132824568398Z.json
cpu_base,182,UNKNOWN,UNKNOWN,UNKNOWN,UNKNOWN,9.439,,False,,PASSED,,onnx/ACASXU_run2a_1_9_batch_2000.onnx,vnnlib/prop_7.vnnlib,"[""UNKNOWN"",""UNKNOWN""]","[""UNKNOWN"",""UNKNOWN""]","[null,null]",,/data1/Kane/ACT/audit_results/capability_rebaseline_20260524T225704Z/acasxu_A_base/per_instance_acasxu_2023_20260524T132824568398Z.json
cpu_base,183,UNKNOWN,UNKNOWN,UNKNOWN,UNKNOWN,9.037,,False,,PASSED,,onnx/ACASXU_run2a_2_9_batch_2000.onnx,vnnlib/prop_8.vnnlib,"[""UNKNOWN"",""UNKNOWN"",""UNKNOWN""]","[""UNKNOWN"",""UNKNOWN"",""UNKNOWN""]","[null,null,null]",,/data1/Kane/ACT/audit_results/capability_rebaseline_20260524T225704Z/acasxu_A_base/per_instance_acasxu_2023_20260524T132824568398Z.json
cpu_base,184,UNKNOWN,UNKNOWN,UNKNOWN,UNKNOWN,7.86,,False,,PASSED,,onnx/ACASXU_run2a_3_3_batch_2000.onnx,vnnlib/prop_9.vnnlib,"[""UNKNOWN"",""UNKNOWN"",""UNKNOWN"",""UNKNOWN""]","[""UNKNOWN"",""UNKNOWN"",""UNKNOWN"",""UNKNOWN""]","[null,null,null,null]",,/data1/Kane/ACT/audit_results/capability_rebaseline_20260524T225704Z/acasxu_A_base/per_instance_acasxu_2023_20260524T132824568398Z.json
cpu_base,185,UNKNOWN,UNKNOWN,UNKNOWN,UNKNOWN,9.185,,False,,PASSED,,onnx/ACASXU_run2a_4_5_batch_2000.onnx,vnnlib/prop_10.vnnlib,"[""UNKNOWN"",""UNKNOWN"",""UNKNOWN"",""UNKNOWN""]","[""UNKNOWN"",""UNKNOWN"",""UNKNOWN"",""UNKNOWN""]","[null,null,null,null]",,/data1/Kane/ACT/audit_results/capability_rebaseline_20260524T225704Z/acasxu_A_base/per_instance_acasxu_2023_20260524T132824568398Z.json
cpu_base,19,UNKNOWN,UNKNOWN,UNKNOWN,UNKNOWN,3.349,,False,,PASSED,,onnx/ACASXU_run2a_3_2_batch_2000.onnx,vnnlib/prop_1.vnnlib,"[""UNKNOWN""]","[""UNKNOWN""]",[null],,/data1/Kane/ACT/audit_results/capability_rebaseline_20260524T225704Z/acasxu_A_base/per_instance_acasxu_2023_20260524T132824568398Z.json
cpu_base,2,UNKNOWN,UNKNOWN,UNKNOWN,UNKNOWN,4.137,,False,,PASSED,,onnx/ACASXU_run2a_1_3_batch_2000.onnx,vnnlib/prop_1.vnnlib,"[""UNKNOWN""]","[""UNKNOWN""]",[null],,/data1/Kane/ACT/audit_results/capability_rebaseline_20260524T225704Z/acasxu_A_base/per_instance_acasxu_2023_20260524T132824568398Z.json
cpu_base,20,UNKNOWN,UNKNOWN,UNKNOWN,UNKNOWN,3.979,,False,,PASSED,,onnx/ACASXU_run2a_3_3_batch_2000.onnx,vnnlib/prop_1.vnnlib,"[""UNKNOWN""]","[""UNKNOWN""]",[null],,/data1/Kane/ACT/audit_results/capability_rebaseline_20260524T225704Z/acasxu_A_base/per_instance_acasxu_2023_20260524T132824568398Z.json
cpu_base,21,UNKNOWN,UNKNOWN,UNKNOWN,UNKNOWN,2.846,,False,,PASSED,,onnx/ACASXU_run2a_3_4_batch_2000.onnx,vnnlib/prop_1.vnnlib,"[""UNKNOWN""]","[""UNKNOWN""]",[null],,/data1/Kane/ACT/audit_results/capability_rebaseline_20260524T225704Z/acasxu_A_base/per_instance_acasxu_2023_20260524T132824568398Z.json
cpu_base,22,UNKNOWN,UNKNOWN,UNKNOWN,UNKNOWN,2.878,,False,,PASSED,,onnx/ACASXU_run2a_3_5_batch_2000.onnx,vnnlib/prop_1.vnnlib,"[""UNKNOWN""]","[""UNKNOWN""]",[null],,/data1/Kane/ACT/audit_results/capability_rebaseline_20260524T225704Z/acasxu_A_base/per_instance_acasxu_2023_20260524T132824568398Z.json
cpu_base,23,UNKNOWN,UNKNOWN,UNKNOWN,UNKNOWN,3.844,,False,,PASSED,,onnx/ACASXU_run2a_3_6_batch_2000.onnx,vnnlib/prop_1.vnnlib,"[""UNKNOWN""]","[""UNKNOWN""]",[null],,/data1/Kane/ACT/audit_results/capability_rebaseline_20260524T225704Z/acasxu_A_base/per_instance_acasxu_2023_20260524T132824568398Z.json
cpu_base,24,UNKNOWN,UNKNOWN,UNKNOWN,UNKNOWN,4.726,,False,,PASSED,,onnx/ACASXU_run2a_3_7_batch_2000.onnx,vnnlib/prop_1.vnnlib,"[""UNKNOWN""]","[""UNKNOWN""]",[null],,/data1/Kane/ACT/audit_results/capability_rebaseline_20260524T225704Z/acasxu_A_base/per_instance_acasxu_2023_20260524T132824568398Z.json
cpu_base,25,UNKNOWN,UNKNOWN,UNKNOWN,UNKNOWN,3.674,,False,,PASSED,,onnx/ACASXU_run2a_3_8_batch_2000.onnx,vnnlib/prop_1.vnnlib,"[""UNKNOWN""]","[""UNKNOWN""]",[null],,/data1/Kane/ACT/audit_results/capability_rebaseline_20260524T225704Z/acasxu_A_base/per_instance_acasxu_2023_20260524T132824568398Z.json
cpu_base,26,UNKNOWN,UNKNOWN,UNKNOWN,UNKNOWN,3.721,,False,,PASSED,,onnx/ACASXU_run2a_3_9_batch_2000.onnx,vnnlib/prop_1.vnnlib,"[""UNKNOWN""]","[""UNKNOWN""]",[null],,/data1/Kane/ACT/audit_results/capability_rebaseline_20260524T225704Z/acasxu_A_base/per_instance_acasxu_2023_20260524T132824568398Z.json
cpu_base,27,UNKNOWN,UNKNOWN,UNKNOWN,UNKNOWN,2.826,,False,,PASSED,,onnx/ACASXU_run2a_4_1_batch_2000.onnx,vnnlib/prop_1.vnnlib,"[""UNKNOWN""]","[""UNKNOWN""]",[null],,/data1/Kane/ACT/audit_results/capability_rebaseline_20260524T225704Z/acasxu_A_base/per_instance_acasxu_2023_20260524T132824568398Z.json
cpu_base,28,UNKNOWN,UNKNOWN,UNKNOWN,UNKNOWN,3.868,,False,,PASSED,,onnx/ACASXU_run2a_4_2_batch_2000.onnx,vnnlib/prop_1.vnnlib,"[""UNKNOWN""]","[""UNKNOWN""]",[null],,/data1/Kane/ACT/audit_results/capability_rebaseline_20260524T225704Z/acasxu_A_base/per_instance_acasxu_2023_20260524T132824568398Z.json
cpu_base,29,UNKNOWN,UNKNOWN,UNKNOWN,UNKNOWN,3.317,,False,,PASSED,,onnx/ACASXU_run2a_4_3_batch_2000.onnx,vnnlib/prop_1.vnnlib,"[""UNKNOWN""]","[""UNKNOWN""]",[null],,/data1/Kane/ACT/audit_results/capability_rebaseline_20260524T225704Z/acasxu_A_base/per_instance_acasxu_2023_20260524T132824568398Z.json
cpu_base,3,UNKNOWN,UNKNOWN,UNKNOWN,UNKNOWN,3.391,,False,,PASSED,,onnx/ACASXU_run2a_1_4_batch_2000.onnx,vnnlib/prop_1.vnnlib,"[""UNKNOWN""]","[""UNKNOWN""]",[null],,/data1/Kane/ACT/audit_results/capability_rebaseline_20260524T225704Z/acasxu_A_base/per_instance_acasxu_2023_20260524T132824568398Z.json
cpu_base,30,UNKNOWN,UNKNOWN,UNKNOWN,UNKNOWN,2.679,,False,,PASSED,,onnx/ACASXU_run2a_4_4_batch_2000.onnx,vnnlib/prop_1.vnnlib,"[""UNKNOWN""]","[""UNKNOWN""]",[null],,/data1/Kane/ACT/audit_results/capability_rebaseline_20260524T225704Z/acasxu_A_base/per_instance_acasxu_2023_20260524T132824568398Z.json
cpu_base,31,UNKNOWN,UNKNOWN,UNKNOWN,UNKNOWN,4.098,,False,,PASSED,,onnx/ACASXU_run2a_4_5_batch_2000.onnx,vnnlib/prop_1.vnnlib,"[""UNKNOWN""]","[""UNKNOWN""]",[null],,/data1/Kane/ACT/audit_results/capability_rebaseline_20260524T225704Z/acasxu_A_base/per_instance_acasxu_2023_20260524T132824568398Z.json
cpu_base,32,UNKNOWN,UNKNOWN,UNKNOWN,UNKNOWN,4.093,,False,,PASSED,,onnx/ACASXU_run2a_4_6_batch_2000.onnx,vnnlib/prop_1.vnnlib,"[""UNKNOWN""]","[""UNKNOWN""]",[null],,/data1/Kane/ACT/audit_results/capability_rebaseline_20260524T225704Z/acasxu_A_base/per_instance_acasxu_2023_20260524T132824568398Z.json
cpu_base,33,UNKNOWN,UNKNOWN,UNKNOWN,UNKNOWN,3.664,,False,,PASSED,,onnx/ACASXU_run2a_4_7_batch_2000.onnx,vnnlib/prop_1.vnnlib,"[""UNKNOWN""]","[""UNKNOWN""]",[null],,/data1/Kane/ACT/audit_results/capability_rebaseline_20260524T225704Z/acasxu_A_base/per_instance_acasxu_2023_20260524T132824568398Z.json
cpu_base,34,UNKNOWN,UNKNOWN,UNKNOWN,UNKNOWN,4.402,,False,,PASSED,,onnx/ACASXU_run2a_4_8_batch_2000.onnx,vnnlib/prop_1.vnnlib,"[""UNKNOWN""]","[""UNKNOWN""]",[null],,/data1/Kane/ACT/audit_results/capability_rebaseline_20260524T225704Z/acasxu_A_base/per_instance_acasxu_2023_20260524T132824568398Z.json
cpu_base,35,UNKNOWN,UNKNOWN,UNKNOWN,UNKNOWN,4.121,,False,,PASSED,,onnx/ACASXU_run2a_4_9_batch_2000.onnx,vnnlib/prop_1.vnnlib,"[""UNKNOWN""]","[""UNKNOWN""]",[null],,/data1/Kane/ACT/audit_results/capability_rebaseline_20260524T225704Z/acasxu_A_base/per_instance_acasxu_2023_20260524T132824568398Z.json
cpu_base,36,UNKNOWN,UNKNOWN,UNKNOWN,UNKNOWN,3.743,,False,,PASSED,,onnx/ACASXU_run2a_5_1_batch_2000.onnx,vnnlib/prop_1.vnnlib,"[""UNKNOWN""]","[""UNKNOWN""]",[null],,/data1/Kane/ACT/audit_results/capability_rebaseline_20260524T225704Z/acasxu_A_base/per_instance_acasxu_2023_20260524T132824568398Z.json
cpu_base,37,UNKNOWN,UNKNOWN,UNKNOWN,UNKNOWN,3.097,,False,,PASSED,,onnx/ACASXU_run2a_5_2_batch_2000.onnx,vnnlib/prop_1.vnnlib,"[""UNKNOWN""]","[""UNKNOWN""]",[null],,/data1/Kane/ACT/audit_results/capability_rebaseline_20260524T225704Z/acasxu_A_base/per_instance_acasxu_2023_20260524T132824568398Z.json
cpu_base,38,UNKNOWN,UNKNOWN,UNKNOWN,UNKNOWN,2.925,,False,,PASSED,,onnx/ACASXU_run2a_5_3_batch_2000.onnx,vnnlib/prop_1.vnnlib,"[""UNKNOWN""]","[""UNKNOWN""]",[null],,/data1/Kane/ACT/audit_results/capability_rebaseline_20260524T225704Z/acasxu_A_base/per_instance_acasxu_2023_20260524T132824568398Z.json
cpu_base,39,UNKNOWN,UNKNOWN,UNKNOWN,UNKNOWN,3.116,,False,,PASSED,,onnx/ACASXU_run2a_5_4_batch_2000.onnx,vnnlib/prop_1.vnnlib,"[""UNKNOWN""]","[""UNKNOWN""]",[null],,/data1/Kane/ACT/audit_results/capability_rebaseline_20260524T225704Z/acasxu_A_base/per_instance_acasxu_2023_20260524T132824568398Z.json
cpu_base,4,UNKNOWN,UNKNOWN,UNKNOWN,UNKNOWN,3.228,,False,,PASSED,,onnx/ACASXU_run2a_1_5_batch_2000.onnx,vnnlib/prop_1.vnnlib,"[""UNKNOWN""]","[""UNKNOWN""]",[null],,/data1/Kane/ACT/audit_results/capability_rebaseline_20260524T225704Z/acasxu_A_base/per_instance_acasxu_2023_20260524T132824568398Z.json
cpu_base,40,UNKNOWN,UNKNOWN,UNKNOWN,UNKNOWN,3.478,,False,,PASSED,,onnx/ACASXU_run2a_5_5_batch_2000.onnx,vnnlib/prop_1.vnnlib,"[""UNKNOWN""]","[""UNKNOWN""]",[null],,/data1/Kane/ACT/audit_results/capability_rebaseline_20260524T225704Z/acasxu_A_base/per_instance_acasxu_2023_20260524T132824568398Z.json
cpu_base,41,UNKNOWN,UNKNOWN,UNKNOWN,UNKNOWN,4.408,,False,,PASSED,,onnx/ACASXU_run2a_5_6_batch_2000.onnx,vnnlib/prop_1.vnnlib,"[""UNKNOWN""]","[""UNKNOWN""]",[null],,/data1/Kane/ACT/audit_results/capability_rebaseline_20260524T225704Z/acasxu_A_base/per_instance_acasxu_2023_20260524T132824568398Z.json
cpu_base,42,UNKNOWN,UNKNOWN,UNKNOWN,UNKNOWN,4.417,,False,,PASSED,,onnx/ACASXU_run2a_5_7_batch_2000.onnx,vnnlib/prop_1.vnnlib,"[""UNKNOWN""]","[""UNKNOWN""]",[null],,/data1/Kane/ACT/audit_results/capability_rebaseline_20260524T225704Z/acasxu_A_base/per_instance_acasxu_2023_20260524T132824568398Z.json
cpu_base,43,UNKNOWN,UNKNOWN,UNKNOWN,UNKNOWN,4.636,,False,,PASSED,,onnx/ACASXU_run2a_5_8_batch_2000.onnx,vnnlib/prop_1.vnnlib,"[""UNKNOWN""]","[""UNKNOWN""]",[null],,/data1/Kane/ACT/audit_results/capability_rebaseline_20260524T225704Z/acasxu_A_base/per_instance_acasxu_2023_20260524T132824568398Z.json
cpu_base,44,UNKNOWN,UNKNOWN,UNKNOWN,UNKNOWN,4.538,,False,,PASSED,,onnx/ACASXU_run2a_5_9_batch_2000.onnx,vnnlib/prop_1.vnnlib,"[""UNKNOWN""]","[""UNKNOWN""]",[null],,/data1/Kane/ACT/audit_results/capability_rebaseline_20260524T225704Z/acasxu_A_base/per_instance_acasxu_2023_20260524T132824568398Z.json
cpu_base,45,UNKNOWN,UNKNOWN,UNKNOWN,UNKNOWN,2.518,,False,,PASSED,,onnx/ACASXU_run2a_1_1_batch_2000.onnx,vnnlib/prop_2.vnnlib,"[""UNKNOWN""]","[""UNKNOWN""]",[null],,/data1/Kane/ACT/audit_results/capability_rebaseline_20260524T225704Z/acasxu_A_base/per_instance_acasxu_2023_20260524T132824568398Z.json
cpu_base,46,UNKNOWN,UNKNOWN,UNKNOWN,UNKNOWN,3.158,,False,,PASSED,,onnx/ACASXU_run2a_1_2_batch_2000.onnx,vnnlib/prop_2.vnnlib,"[""UNKNOWN""]","[""UNKNOWN""]",[null],,/data1/Kane/ACT/audit_results/capability_rebaseline_20260524T225704Z/acasxu_A_base/per_instance_acasxu_2023_20260524T132824568398Z.json
cpu_base,47,UNKNOWN,UNKNOWN,UNKNOWN,UNKNOWN,4.165,,False,,PASSED,,onnx/ACASXU_run2a_1_3_batch_2000.onnx,vnnlib/prop_2.vnnlib,"[""UNKNOWN""]","[""UNKNOWN""]",[null],,/data1/Kane/ACT/audit_results/capability_rebaseline_20260524T225704Z/acasxu_A_base/per_instance_acasxu_2023_20260524T132824568398Z.json
cpu_base,48,UNKNOWN,UNKNOWN,UNKNOWN,UNKNOWN,3.383,,False,,PASSED,,onnx/ACASXU_run2a_1_4_batch_2000.onnx,vnnlib/prop_2.vnnlib,"[""UNKNOWN""]","[""UNKNOWN""]",[null],,/data1/Kane/ACT/audit_results/capability_rebaseline_20260524T225704Z/acasxu_A_base/per_instance_acasxu_2023_20260524T132824568398Z.json
cpu_base,49,UNKNOWN,UNKNOWN,UNKNOWN,UNKNOWN,3.246,,False,,PASSED,,onnx/ACASXU_run2a_1_5_batch_2000.onnx,vnnlib/prop_2.vnnlib,"[""UNKNOWN""]","[""UNKNOWN""]",[null],,/data1/Kane/ACT/audit_results/capability_rebaseline_20260524T225704Z/acasxu_A_base/per_instance_acasxu_2023_20260524T132824568398Z.json
cpu_base,5,UNKNOWN,UNKNOWN,UNKNOWN,UNKNOWN,3.531,,False,,PASSED,,onnx/ACASXU_run2a_1_6_batch_2000.onnx,vnnlib/prop_1.vnnlib,"[""UNKNOWN""]","[""UNKNOWN""]",[null],,/data1/Kane/ACT/audit_results/capability_rebaseline_20260524T225704Z/acasxu_A_base/per_instance_acasxu_2023_20260524T132824568398Z.json
cpu_base,50,UNKNOWN,UNKNOWN,UNKNOWN,UNKNOWN,3.546,,False,,PASSED,,onnx/ACASXU_run2a_1_6_batch_2000.onnx,vnnlib/prop_2.vnnlib,"[""UNKNOWN""]","[""UNKNOWN""]",[null],,/data1/Kane/ACT/audit_results/capability_rebaseline_20260524T225704Z/acasxu_A_base/per_instance_acasxu_2023_20260524T132824568398Z.json
cpu_base,51,UNKNOWN,UNKNOWN,UNKNOWN,UNKNOWN,3.563,,False,,PASSED,,onnx/ACASXU_run2a_1_7_batch_2000.onnx,vnnlib/prop_2.vnnlib,"[""UNKNOWN""]","[""UNKNOWN""]",[null],,/data1/Kane/ACT/audit_results/capability_rebaseline_20260524T225704Z/acasxu_A_base/per_instance_acasxu_2023_20260524T132824568398Z.json
cpu_base,52,UNKNOWN,UNKNOWN,UNKNOWN,UNKNOWN,3.24,,False,,PASSED,,onnx/ACASXU_run2a_1_8_batch_2000.onnx,vnnlib/prop_2.vnnlib,"[""UNKNOWN""]","[""UNKNOWN""]",[null],,/data1/Kane/ACT/audit_results/capability_rebaseline_20260524T225704Z/acasxu_A_base/per_instance_acasxu_2023_20260524T132824568398Z.json
cpu_base,53,UNKNOWN,UNKNOWN,UNKNOWN,UNKNOWN,3.506,,False,,PASSED,,onnx/ACASXU_run2a_1_9_batch_2000.onnx,vnnlib/prop_2.vnnlib,"[""UNKNOWN""]","[""UNKNOWN""]",[null],,/data1/Kane/ACT/audit_results/capability_rebaseline_20260524T225704Z/acasxu_A_base/per_instance_acasxu_2023_20260524T132824568398Z.json
cpu_base,54,UNKNOWN,UNKNOWN,UNKNOWN,UNKNOWN,3.767,,False,,PASSED,,onnx/ACASXU_run2a_2_1_batch_2000.onnx,vnnlib/prop_2.vnnlib,"[""UNKNOWN""]","[""UNKNOWN""]",[null],,/data1/Kane/ACT/audit_results/capability_rebaseline_20260524T225704Z/acasxu_A_base/per_instance_acasxu_2023_20260524T132824568398Z.json
cpu_base,55,UNKNOWN,UNKNOWN,UNKNOWN,UNKNOWN,3.814,,False,,PASSED,,onnx/ACASXU_run2a_2_2_batch_2000.onnx,vnnlib/prop_2.vnnlib,"[""UNKNOWN""]","[""UNKNOWN""]",[null],,/data1/Kane/ACT/audit_results/capability_rebaseline_20260524T225704Z/acasxu_A_base/per_instance_acasxu_2023_20260524T132824568398Z.json
cpu_base,56,UNKNOWN,UNKNOWN,UNKNOWN,UNKNOWN,2.958,,False,,PASSED,,onnx/ACASXU_run2a_2_3_batch_2000.onnx,vnnlib/prop_2.vnnlib,"[""UNKNOWN""]","[""UNKNOWN""]",[null],,/data1/Kane/ACT/audit_results/capability_rebaseline_20260524T225704Z/acasxu_A_base/per_instance_acasxu_2023_20260524T132824568398Z.json
cpu_base,57,UNKNOWN,UNKNOWN,UNKNOWN,UNKNOWN,2.691,,False,,PASSED,,onnx/ACASXU_run2a_2_4_batch_2000.onnx,vnnlib/prop_2.vnnlib,"[""UNKNOWN""]","[""UNKNOWN""]",[null],,/data1/Kane/ACT/audit_results/capability_rebaseline_20260524T225704Z/acasxu_A_base/per_instance_acasxu_2023_20260524T132824568398Z.json
cpu_base,58,UNKNOWN,UNKNOWN,UNKNOWN,UNKNOWN,3.868,,False,,PASSED,,onnx/ACASXU_run2a_2_5_batch_2000.onnx,vnnlib/prop_2.vnnlib,"[""UNKNOWN""]","[""UNKNOWN""]",[null],,/data1/Kane/ACT/audit_results/capability_rebaseline_20260524T225704Z/acasxu_A_base/per_instance_acasxu_2023_20260524T132824568398Z.json
cpu_base,59,UNKNOWN,UNKNOWN,UNKNOWN,UNKNOWN,3.955,,False,,PASSED,,onnx/ACASXU_run2a_2_6_batch_2000.onnx,vnnlib/prop_2.vnnlib,"[""UNKNOWN""]","[""UNKNOWN""]",[null],,/data1/Kane/ACT/audit_results/capability_rebaseline_20260524T225704Z/acasxu_A_base/per_instance_acasxu_2023_20260524T132824568398Z.json
cpu_base,6,UNKNOWN,UNKNOWN,UNKNOWN,UNKNOWN,3.58,,False,,PASSED,,onnx/ACASXU_run2a_1_7_batch_2000.onnx,vnnlib/prop_1.vnnlib,"[""UNKNOWN""]","[""UNKNOWN""]",[null],,/data1/Kane/ACT/audit_results/capability_rebaseline_20260524T225704Z/acasxu_A_base/per_instance_acasxu_2023_20260524T132824568398Z.json
cpu_base,60,UNKNOWN,UNKNOWN,UNKNOWN,UNKNOWN,3.74,,False,,PASSED,,onnx/ACASXU_run2a_2_7_batch_2000.onnx,vnnlib/prop_2.vnnlib,"[""UNKNOWN""]","[""UNKNOWN""]",[null],,/data1/Kane/ACT/audit_results/capability_rebaseline_20260524T225704Z/acasxu_A_base/per_instance_acasxu_2023_20260524T132824568398Z.json
cpu_base,61,UNKNOWN,UNKNOWN,UNKNOWN,UNKNOWN,4.126,,False,,PASSED,,onnx/ACASXU_run2a_2_8_batch_2000.onnx,vnnlib/prop_2.vnnlib,"[""UNKNOWN""]","[""UNKNOWN""]",[null],,/data1/Kane/ACT/audit_results/capability_rebaseline_20260524T225704Z/acasxu_A_base/per_instance_acasxu_2023_20260524T132824568398Z.json
cpu_base,62,UNKNOWN,UNKNOWN,UNKNOWN,UNKNOWN,3.922,,False,,PASSED,,onnx/ACASXU_run2a_2_9_batch_2000.onnx,vnnlib/prop_2.vnnlib,"[""UNKNOWN""]","[""UNKNOWN""]",[null],,/data1/Kane/ACT/audit_results/capability_rebaseline_20260524T225704Z/acasxu_A_base/per_instance_acasxu_2023_20260524T132824568398Z.json
cpu_base,63,UNKNOWN,UNKNOWN,UNKNOWN,UNKNOWN,3.036,,False,,PASSED,,onnx/ACASXU_run2a_3_1_batch_2000.onnx,vnnlib/prop_2.vnnlib,"[""UNKNOWN""]","[""UNKNOWN""]",[null],,/data1/Kane/ACT/audit_results/capability_rebaseline_20260524T225704Z/acasxu_A_base/per_instance_acasxu_2023_20260524T132824568398Z.json
cpu_base,64,UNKNOWN,UNKNOWN,UNKNOWN,UNKNOWN,3.364,,False,,PASSED,,onnx/ACASXU_run2a_3_2_batch_2000.onnx,vnnlib/prop_2.vnnlib,"[""UNKNOWN""]","[""UNKNOWN""]",[null],,/data1/Kane/ACT/audit_results/capability_rebaseline_20260524T225704Z/acasxu_A_base/per_instance_acasxu_2023_20260524T132824568398Z.json
cpu_base,65,UNKNOWN,UNKNOWN,UNKNOWN,UNKNOWN,3.983,,False,,PASSED,,onnx/ACASXU_run2a_3_3_batch_2000.onnx,vnnlib/prop_2.vnnlib,"[""UNKNOWN""]","[""UNKNOWN""]",[null],,/data1/Kane/ACT/audit_results/capability_rebaseline_20260524T225704Z/acasxu_A_base/per_instance_acasxu_2023_20260524T132824568398Z.json
cpu_base,66,UNKNOWN,UNKNOWN,UNKNOWN,UNKNOWN,2.866,,False,,PASSED,,onnx/ACASXU_run2a_3_4_batch_2000.onnx,vnnlib/prop_2.vnnlib,"[""UNKNOWN""]","[""UNKNOWN""]",[null],,/data1/Kane/ACT/audit_results/capability_rebaseline_20260524T225704Z/acasxu_A_base/per_instance_acasxu_2023_20260524T132824568398Z.json
cpu_base,67,UNKNOWN,UNKNOWN,UNKNOWN,UNKNOWN,2.863,,False,,PASSED,,onnx/ACASXU_run2a_3_5_batch_2000.onnx,vnnlib/prop_2.vnnlib,"[""UNKNOWN""]","[""UNKNOWN""]",[null],,/data1/Kane/ACT/audit_results/capability_rebaseline_20260524T225704Z/acasxu_A_base/per_instance_acasxu_2023_20260524T132824568398Z.json
cpu_base,68,UNKNOWN,UNKNOWN,UNKNOWN,UNKNOWN,3.868,,False,,PASSED,,onnx/ACASXU_run2a_3_6_batch_2000.onnx,vnnlib/prop_2.vnnlib,"[""UNKNOWN""]","[""UNKNOWN""]",[null],,/data1/Kane/ACT/audit_results/capability_rebaseline_20260524T225704Z/acasxu_A_base/per_instance_acasxu_2023_20260524T132824568398Z.json
cpu_base,69,UNKNOWN,UNKNOWN,UNKNOWN,UNKNOWN,4.774,,False,,PASSED,,onnx/ACASXU_run2a_3_7_batch_2000.onnx,vnnlib/prop_2.vnnlib,"[""UNKNOWN""]","[""UNKNOWN""]",[null],,/data1/Kane/ACT/audit_results/capability_rebaseline_20260524T225704Z/acasxu_A_base/per_instance_acasxu_2023_20260524T132824568398Z.json
cpu_base,7,UNKNOWN,UNKNOWN,UNKNOWN,UNKNOWN,3.244,,False,,PASSED,,onnx/ACASXU_run2a_1_8_batch_2000.onnx,vnnlib/prop_1.vnnlib,"[""UNKNOWN""]","[""UNKNOWN""]",[null],,/data1/Kane/ACT/audit_results/capability_rebaseline_20260524T225704Z/acasxu_A_base/per_instance_acasxu_2023_20260524T132824568398Z.json
cpu_base,70,UNKNOWN,UNKNOWN,UNKNOWN,UNKNOWN,3.684,,False,,PASSED,,onnx/ACASXU_run2a_3_8_batch_2000.onnx,vnnlib/prop_2.vnnlib,"[""UNKNOWN""]","[""UNKNOWN""]",[null],,/data1/Kane/ACT/audit_results/capability_rebaseline_20260524T225704Z/acasxu_A_base/per_instance_acasxu_2023_20260524T132824568398Z.json
cpu_base,71,UNKNOWN,UNKNOWN,UNKNOWN,UNKNOWN,3.745,,False,,PASSED,,onnx/ACASXU_run2a_3_9_batch_2000.onnx,vnnlib/prop_2.vnnlib,"[""UNKNOWN""]","[""UNKNOWN""]",[null],,/data1/Kane/ACT/audit_results/capability_rebaseline_20260524T225704Z/acasxu_A_base/per_instance_acasxu_2023_20260524T132824568398Z.json
cpu_base,72,UNKNOWN,UNKNOWN,UNKNOWN,UNKNOWN,2.831,,False,,PASSED,,onnx/ACASXU_run2a_4_1_batch_2000.onnx,vnnlib/prop_2.vnnlib,"[""UNKNOWN""]","[""UNKNOWN""]",[null],,/data1/Kane/ACT/audit_results/capability_rebaseline_20260524T225704Z/acasxu_A_base/per_instance_acasxu_2023_20260524T132824568398Z.json
cpu_base,73,UNKNOWN,UNKNOWN,UNKNOWN,UNKNOWN,3.892,,False,,PASSED,,onnx/ACASXU_run2a_4_2_batch_2000.onnx,vnnlib/prop_2.vnnlib,"[""UNKNOWN""]","[""UNKNOWN""]",[null],,/data1/Kane/ACT/audit_results/capability_rebaseline_20260524T225704Z/acasxu_A_base/per_instance_acasxu_2023_20260524T132824568398Z.json
cpu_base,74,UNKNOWN,UNKNOWN,UNKNOWN,UNKNOWN,3.354,,False,,PASSED,,onnx/ACASXU_run2a_4_3_batch_2000.onnx,vnnlib/prop_2.vnnlib,"[""UNKNOWN""]","[""UNKNOWN""]",[null],,/data1/Kane/ACT/audit_results/capability_rebaseline_20260524T225704Z/acasxu_A_base/per_instance_acasxu_2023_20260524T132824568398Z.json
cpu_base,75,UNKNOWN,UNKNOWN,UNKNOWN,UNKNOWN,2.7,,False,,PASSED,,onnx/ACASXU_run2a_4_4_batch_2000.onnx,vnnlib/prop_2.vnnlib,"[""UNKNOWN""]","[""UNKNOWN""]",[null],,/data1/Kane/ACT/audit_results/capability_rebaseline_20260524T225704Z/acasxu_A_base/per_instance_acasxu_2023_20260524T132824568398Z.json
cpu_base,76,UNKNOWN,UNKNOWN,UNKNOWN,UNKNOWN,4.125,,False,,PASSED,,onnx/ACASXU_run2a_4_5_batch_2000.onnx,vnnlib/prop_2.vnnlib,"[""UNKNOWN""]","[""UNKNOWN""]",[null],,/data1/Kane/ACT/audit_results/capability_rebaseline_20260524T225704Z/acasxu_A_base/per_instance_acasxu_2023_20260524T132824568398Z.json
cpu_base,77,UNKNOWN,UNKNOWN,UNKNOWN,UNKNOWN,4.089,,False,,PASSED,,onnx/ACASXU_run2a_4_6_batch_2000.onnx,vnnlib/prop_2.vnnlib,"[""UNKNOWN""]","[""UNKNOWN""]",[null],,/data1/Kane/ACT/audit_results/capability_rebaseline_20260524T225704Z/acasxu_A_base/per_instance_acasxu_2023_20260524T132824568398Z.json
cpu_base,78,UNKNOWN,UNKNOWN,UNKNOWN,UNKNOWN,3.696,,False,,PASSED,,onnx/ACASXU_run2a_4_7_batch_2000.onnx,vnnlib/prop_2.vnnlib,"[""UNKNOWN""]","[""UNKNOWN""]",[null],,/data1/Kane/ACT/audit_results/capability_rebaseline_20260524T225704Z/acasxu_A_base/per_instance_acasxu_2023_20260524T132824568398Z.json
cpu_base,79,UNKNOWN,UNKNOWN,UNKNOWN,UNKNOWN,4.477,,False,,PASSED,,onnx/ACASXU_run2a_4_8_batch_2000.onnx,vnnlib/prop_2.vnnlib,"[""UNKNOWN""]","[""UNKNOWN""]",[null],,/data1/Kane/ACT/audit_results/capability_rebaseline_20260524T225704Z/acasxu_A_base/per_instance_acasxu_2023_20260524T132824568398Z.json
cpu_base,8,UNKNOWN,UNKNOWN,UNKNOWN,UNKNOWN,3.488,,False,,PASSED,,onnx/ACASXU_run2a_1_9_batch_2000.onnx,vnnlib/prop_1.vnnlib,"[""UNKNOWN""]","[""UNKNOWN""]",[null],,/data1/Kane/ACT/audit_results/capability_rebaseline_20260524T225704Z/acasxu_A_base/per_instance_acasxu_2023_20260524T132824568398Z.json
cpu_base,80,UNKNOWN,UNKNOWN,UNKNOWN,UNKNOWN,4.152,,False,,PASSED,,onnx/ACASXU_run2a_4_9_batch_2000.onnx,vnnlib/prop_2.vnnlib,"[""UNKNOWN""]","[""UNKNOWN""]",[null],,/data1/Kane/ACT/audit_results/capability_rebaseline_20260524T225704Z/acasxu_A_base/per_instance_acasxu_2023_20260524T132824568398Z.json
cpu_base,81,UNKNOWN,UNKNOWN,UNKNOWN,UNKNOWN,3.767,,False,,PASSED,,onnx/ACASXU_run2a_5_1_batch_2000.onnx,vnnlib/prop_2.vnnlib,"[""UNKNOWN""]","[""UNKNOWN""]",[null],,/data1/Kane/ACT/audit_results/capability_rebaseline_20260524T225704Z/acasxu_A_base/per_instance_acasxu_2023_20260524T132824568398Z.json
cpu_base,82,UNKNOWN,UNKNOWN,UNKNOWN,UNKNOWN,3.098,,False,,PASSED,,onnx/ACASXU_run2a_5_2_batch_2000.onnx,vnnlib/prop_2.vnnlib,"[""UNKNOWN""]","[""UNKNOWN""]",[null],,/data1/Kane/ACT/audit_results/capability_rebaseline_20260524T225704Z/acasxu_A_base/per_instance_acasxu_2023_20260524T132824568398Z.json
cpu_base,83,UNKNOWN,UNKNOWN,UNKNOWN,UNKNOWN,2.941,,False,,PASSED,,onnx/ACASXU_run2a_5_3_batch_2000.onnx,vnnlib/prop_2.vnnlib,"[""UNKNOWN""]","[""UNKNOWN""]",[null],,/data1/Kane/ACT/audit_results/capability_rebaseline_20260524T225704Z/acasxu_A_base/per_instance_acasxu_2023_20260524T132824568398Z.json
cpu_base,84,UNKNOWN,UNKNOWN,UNKNOWN,UNKNOWN,3.112,,False,,PASSED,,onnx/ACASXU_run2a_5_4_batch_2000.onnx,vnnlib/prop_2.vnnlib,"[""UNKNOWN""]","[""UNKNOWN""]",[null],,/data1/Kane/ACT/audit_results/capability_rebaseline_20260524T225704Z/acasxu_A_base/per_instance_acasxu_2023_20260524T132824568398Z.json
cpu_base,85,UNKNOWN,UNKNOWN,UNKNOWN,UNKNOWN,3.498,,False,,PASSED,,onnx/ACASXU_run2a_5_5_batch_2000.onnx,vnnlib/prop_2.vnnlib,"[""UNKNOWN""]","[""UNKNOWN""]",[null],,/data1/Kane/ACT/audit_results/capability_rebaseline_20260524T225704Z/acasxu_A_base/per_instance_acasxu_2023_20260524T132824568398Z.json
cpu_base,86,UNKNOWN,UNKNOWN,UNKNOWN,UNKNOWN,4.465,,False,,PASSED,,onnx/ACASXU_run2a_5_6_batch_2000.onnx,vnnlib/prop_2.vnnlib,"[""UNKNOWN""]","[""UNKNOWN""]",[null],,/data1/Kane/ACT/audit_results/capability_rebaseline_20260524T225704Z/acasxu_A_base/per_instance_acasxu_2023_20260524T132824568398Z.json
cpu_base,87,UNKNOWN,UNKNOWN,UNKNOWN,UNKNOWN,4.447,,False,,PASSED,,onnx/ACASXU_run2a_5_7_batch_2000.onnx,vnnlib/prop_2.vnnlib,"[""UNKNOWN""]","[""UNKNOWN""]",[null],,/data1/Kane/ACT/audit_results/capability_rebaseline_20260524T225704Z/acasxu_A_base/per_instance_acasxu_2023_20260524T132824568398Z.json
cpu_base,88,UNKNOWN,UNKNOWN,UNKNOWN,UNKNOWN,4.662,,False,,PASSED,,onnx/ACASXU_run2a_5_8_batch_2000.onnx,vnnlib/prop_2.vnnlib,"[""UNKNOWN""]","[""UNKNOWN""]",[null],,/data1/Kane/ACT/audit_results/capability_rebaseline_20260524T225704Z/acasxu_A_base/per_instance_acasxu_2023_20260524T132824568398Z.json
cpu_base,89,UNKNOWN,UNKNOWN,UNKNOWN,UNKNOWN,4.56,,False,,PASSED,,onnx/ACASXU_run2a_5_9_batch_2000.onnx,vnnlib/prop_2.vnnlib,"[""UNKNOWN""]","[""UNKNOWN""]",[null],,/data1/Kane/ACT/audit_results/capability_rebaseline_20260524T225704Z/acasxu_A_base/per_instance_acasxu_2023_20260524T132824568398Z.json
cpu_base,9,UNKNOWN,UNKNOWN,UNKNOWN,UNKNOWN,3.751,,False,,PASSED,,onnx/ACASXU_run2a_2_1_batch_2000.onnx,vnnlib/prop_1.vnnlib,"[""UNKNOWN""]","[""UNKNOWN""]",[null],,/data1/Kane/ACT/audit_results/capability_rebaseline_20260524T225704Z/acasxu_A_base/per_instance_acasxu_2023_20260524T132824568398Z.json
cpu_base,90,UNKNOWN,UNKNOWN,UNKNOWN,UNKNOWN,0.66,,False,,PASSED,,onnx/ACASXU_run2a_1_1_batch_2000.onnx,vnnlib/prop_3.vnnlib,"[""UNKNOWN""]","[""UNKNOWN""]",[null],,/data1/Kane/ACT/audit_results/capability_rebaseline_20260524T225704Z/acasxu_A_base/per_instance_acasxu_2023_20260524T132824568398Z.json
cpu_base,91,UNKNOWN,UNKNOWN,UNKNOWN,UNKNOWN,0.739,,False,,PASSED,,onnx/ACASXU_run2a_1_2_batch_2000.onnx,vnnlib/prop_3.vnnlib,"[""UNKNOWN""]","[""UNKNOWN""]",[null],,/data1/Kane/ACT/audit_results/capability_rebaseline_20260524T225704Z/acasxu_A_base/per_instance_acasxu_2023_20260524T132824568398Z.json
cpu_base,92,UNKNOWN,UNKNOWN,UNKNOWN,UNKNOWN,0.728,,False,,PASSED,,onnx/ACASXU_run2a_1_3_batch_2000.onnx,vnnlib/prop_3.vnnlib,"[""UNKNOWN""]","[""UNKNOWN""]",[null],,/data1/Kane/ACT/audit_results/capability_rebaseline_20260524T225704Z/acasxu_A_base/per_instance_acasxu_2023_20260524T132824568398Z.json
cpu_base,93,CERTIFIED,UNSAT,CERTIFIED,CERTIFIED,0.676,,False,,PASSED,,onnx/ACASXU_run2a_1_4_batch_2000.onnx,vnnlib/prop_3.vnnlib,"[""UNSAT""]","[""CERTIFIED""]",[null],,/data1/Kane/ACT/audit_results/capability_rebaseline_20260524T225704Z/acasxu_A_base/per_instance_acasxu_2023_20260524T132824568398Z.json
cpu_base,94,CERTIFIED,UNSAT,CERTIFIED,CERTIFIED,0.6,,False,,PASSED,,onnx/ACASXU_run2a_1_5_batch_2000.onnx,vnnlib/prop_3.vnnlib,"[""UNSAT""]","[""CERTIFIED""]",[null],,/data1/Kane/ACT/audit_results/capability_rebaseline_20260524T225704Z/acasxu_A_base/per_instance_acasxu_2023_20260524T132824568398Z.json
cpu_base,95,CERTIFIED,UNSAT,CERTIFIED,CERTIFIED,0.469,,False,,PASSED,,onnx/ACASXU_run2a_1_6_batch_2000.onnx,vnnlib/prop_3.vnnlib,"[""UNSAT""]","[""CERTIFIED""]",[null],,/data1/Kane/ACT/audit_results/capability_rebaseline_20260524T225704Z/acasxu_A_base/per_instance_acasxu_2023_20260524T132824568398Z.json
cpu_base,96,UNKNOWN,UNKNOWN,UNKNOWN,UNKNOWN,0.502,,False,,PASSED,,onnx/ACASXU_run2a_1_7_batch_2000.onnx,vnnlib/prop_3.vnnlib,"[""UNKNOWN""]","[""UNKNOWN""]",[null],,/data1/Kane/ACT/audit_results/capability_rebaseline_20260524T225704Z/acasxu_A_base/per_instance_acasxu_2023_20260524T132824568398Z.json
cpu_base,97,UNKNOWN,UNKNOWN,UNKNOWN,UNKNOWN,0.424,,False,,PASSED,,onnx/ACASXU_run2a_1_8_batch_2000.onnx,vnnlib/prop_3.vnnlib,"[""UNKNOWN""]","[""UNKNOWN""]",[null],,/data1/Kane/ACT/audit_results/capability_rebaseline_20260524T225704Z/acasxu_A_base/per_instance_acasxu_2023_20260524T132824568398Z.json
cpu_base,98,UNKNOWN,UNKNOWN,UNKNOWN,UNKNOWN,0.385,,False,,PASSED,,onnx/ACASXU_run2a_1_9_batch_2000.onnx,vnnlib/prop_3.vnnlib,"[""UNKNOWN""]","[""UNKNOWN""]",[null],,/data1/Kane/ACT/audit_results/capability_rebaseline_20260524T225704Z/acasxu_A_base/per_instance_acasxu_2023_20260524T132824568398Z.json
cpu_base,99,UNKNOWN,UNKNOWN,UNKNOWN,UNKNOWN,0.671,,False,,PASSED,,onnx/ACASXU_run2a_2_1_batch_2000.onnx,vnnlib/prop_3.vnnlib,"[""UNKNOWN""]","[""UNKNOWN""]",[null],,/data1/Kane/ACT/audit_results/capability_rebaseline_20260524T225704Z/acasxu_A_base/per_instance_acasxu_2023_20260524T132824568398Z.json
cpu_specaware,0,UNKNOWN,UNKNOWN,UNKNOWN,UNKNOWN,5.257,,False,,PASSED,,onnx/ACASXU_run2a_1_1_batch_2000.onnx,vnnlib/prop_1.vnnlib,"[""UNKNOWN""]","[""UNKNOWN""]",[null],,/data1/Kane/ACT/audit_results/capability_rebaseline_20260524T225704Z/acasxu_B_specaware/per_instance_acasxu_2023_20260524T133259375110Z.json
cpu_specaware,1,UNKNOWN,UNKNOWN,UNKNOWN,UNKNOWN,5.216,,False,,PASSED,,onnx/ACASXU_run2a_1_2_batch_2000.onnx,vnnlib/prop_1.vnnlib,"[""UNKNOWN""]","[""UNKNOWN""]",[null],,/data1/Kane/ACT/audit_results/capability_rebaseline_20260524T225704Z/acasxu_B_specaware/per_instance_acasxu_2023_20260524T133259375110Z.json
cpu_specaware,10,UNKNOWN,UNKNOWN,UNKNOWN,UNKNOWN,5.217,,False,,PASSED,,onnx/ACASXU_run2a_2_2_batch_2000.onnx,vnnlib/prop_1.vnnlib,"[""UNKNOWN""]","[""UNKNOWN""]",[null],,/data1/Kane/ACT/audit_results/capability_rebaseline_20260524T225704Z/acasxu_B_specaware/per_instance_acasxu_2023_20260524T133259375110Z.json
cpu_specaware,100,CERTIFIED,UNSAT,CERTIFIED,CERTIFIED,4.518,,False,,PASSED,,onnx/ACASXU_run2a_2_2_batch_2000.onnx,vnnlib/prop_3.vnnlib,"[""UNSAT""]","[""CERTIFIED""]",[null],,/data1/Kane/ACT/audit_results/capability_rebaseline_20260524T225704Z/acasxu_B_specaware/per_instance_acasxu_2023_20260524T133259375110Z.json
cpu_specaware,101,UNKNOWN,UNKNOWN,UNKNOWN,UNKNOWN,4.666,,False,,PASSED,,onnx/ACASXU_run2a_2_3_batch_2000.onnx,vnnlib/prop_3.vnnlib,"[""UNKNOWN""]","[""UNKNOWN""]",[null],,/data1/Kane/ACT/audit_results/capability_rebaseline_20260524T225704Z/acasxu_B_specaware/per_instance_acasxu_2023_20260524T133259375110Z.json
cpu_specaware,102,CERTIFIED,UNSAT,CERTIFIED,CERTIFIED,0.384,,False,,PASSED,,onnx/ACASXU_run2a_2_4_batch_2000.onnx,vnnlib/prop_3.vnnlib,"[""UNSAT""]","[""CERTIFIED""]",[null],,/data1/Kane/ACT/audit_results/capability_rebaseline_20260524T225704Z/acasxu_B_specaware/per_instance_acasxu_2023_20260524T133259375110Z.json
cpu_specaware,103,CERTIFIED,UNSAT,CERTIFIED,CERTIFIED,0.511,,False,,PASSED,,onnx/ACASXU_run2a_2_5_batch_2000.onnx,vnnlib/prop_3.vnnlib,"[""UNSAT""]","[""CERTIFIED""]",[null],,/data1/Kane/ACT/audit_results/capability_rebaseline_20260524T225704Z/acasxu_B_specaware/per_instance_acasxu_2023_20260524T133259375110Z.json
cpu_specaware,104,CERTIFIED,UNSAT,CERTIFIED,CERTIFIED,0.494,,False,,PASSED,,onnx/ACASXU_run2a_2_6_batch_2000.onnx,vnnlib/prop_3.vnnlib,"[""UNSAT""]","[""CERTIFIED""]",[null],,/data1/Kane/ACT/audit_results/capability_rebaseline_20260524T225704Z/acasxu_B_specaware/per_instance_acasxu_2023_20260524T133259375110Z.json
cpu_specaware,105,CERTIFIED,UNSAT,CERTIFIED,CERTIFIED,0.525,,False,,PASSED,,onnx/ACASXU_run2a_2_7_batch_2000.onnx,vnnlib/prop_3.vnnlib,"[""UNSAT""]","[""CERTIFIED""]",[null],,/data1/Kane/ACT/audit_results/capability_rebaseline_20260524T225704Z/acasxu_B_specaware/per_instance_acasxu_2023_20260524T133259375110Z.json
cpu_specaware,106,CERTIFIED,UNSAT,CERTIFIED,CERTIFIED,0.486,,False,,PASSED,,onnx/ACASXU_run2a_2_8_batch_2000.onnx,vnnlib/prop_3.vnnlib,"[""UNSAT""]","[""CERTIFIED""]",[null],,/data1/Kane/ACT/audit_results/capability_rebaseline_20260524T225704Z/acasxu_B_specaware/per_instance_acasxu_2023_20260524T133259375110Z.json
cpu_specaware,107,CERTIFIED,UNSAT,CERTIFIED,CERTIFIED,0.35,,False,,PASSED,,onnx/ACASXU_run2a_2_9_batch_2000.onnx,vnnlib/prop_3.vnnlib,"[""UNSAT""]","[""CERTIFIED""]",[null],,/data1/Kane/ACT/audit_results/capability_rebaseline_20260524T225704Z/acasxu_B_specaware/per_instance_acasxu_2023_20260524T133259375110Z.json
cpu_specaware,108,CERTIFIED,UNSAT,CERTIFIED,CERTIFIED,0.448,,False,,PASSED,,onnx/ACASXU_run2a_3_1_batch_2000.onnx,vnnlib/prop_3.vnnlib,"[""UNSAT""]","[""CERTIFIED""]",[null],,/data1/Kane/ACT/audit_results/capability_rebaseline_20260524T225704Z/acasxu_B_specaware/per_instance_acasxu_2023_20260524T133259375110Z.json
cpu_specaware,109,UNKNOWN,UNKNOWN,UNKNOWN,UNKNOWN,5.216,,False,,PASSED,,onnx/ACASXU_run2a_3_2_batch_2000.onnx,vnnlib/prop_3.vnnlib,"[""UNKNOWN""]","[""UNKNOWN""]",[null],,/data1/Kane/ACT/audit_results/capability_rebaseline_20260524T225704Z/acasxu_B_specaware/per_instance_acasxu_2023_20260524T133259375110Z.json
cpu_specaware,11,UNKNOWN,UNKNOWN,UNKNOWN,UNKNOWN,5.205,,False,,PASSED,,onnx/ACASXU_run2a_2_3_batch_2000.onnx,vnnlib/prop_1.vnnlib,"[""UNKNOWN""]","[""UNKNOWN""]",[null],,/data1/Kane/ACT/audit_results/capability_rebaseline_20260524T225704Z/acasxu_B_specaware/per_instance_acasxu_2023_20260524T133259375110Z.json
cpu_specaware,110,CERTIFIED,UNSAT,CERTIFIED,CERTIFIED,0.596,,False,,PASSED,,onnx/ACASXU_run2a_3_3_batch_2000.onnx,vnnlib/prop_3.vnnlib,"[""UNSAT""]","[""CERTIFIED""]",[null],,/data1/Kane/ACT/audit_results/capability_rebaseline_20260524T225704Z/acasxu_B_specaware/per_instance_acasxu_2023_20260524T133259375110Z.json
cpu_specaware,111,CERTIFIED,UNSAT,CERTIFIED,CERTIFIED,3.764,,False,,PASSED,,onnx/ACASXU_run2a_3_4_batch_2000.onnx,vnnlib/prop_3.vnnlib,"[""UNSAT""]","[""CERTIFIED""]",[null],,/data1/Kane/ACT/audit_results/capability_rebaseline_20260524T225704Z/acasxu_B_specaware/per_instance_acasxu_2023_20260524T133259375110Z.json
cpu_specaware,112,CERTIFIED,UNSAT,CERTIFIED,CERTIFIED,0.493,,False,,PASSED,,onnx/ACASXU_run2a_3_5_batch_2000.onnx,vnnlib/prop_3.vnnlib,"[""UNSAT""]","[""CERTIFIED""]",[null],,/data1/Kane/ACT/audit_results/capability_rebaseline_20260524T225704Z/acasxu_B_specaware/per_instance_acasxu_2023_20260524T133259375110Z.json
cpu_specaware,113,CERTIFIED,UNSAT,CERTIFIED,CERTIFIED,3.275,,False,,PASSED,,onnx/ACASXU_run2a_3_6_batch_2000.onnx,vnnlib/prop_3.vnnlib,"[""UNSAT""]","[""CERTIFIED""]",[null],,/data1/Kane/ACT/audit_results/capability_rebaseline_20260524T225704Z/acasxu_B_specaware/per_instance_acasxu_2023_20260524T133259375110Z.json
cpu_specaware,114,CERTIFIED,UNSAT,CERTIFIED,CERTIFIED,0.356,,False,,PASSED,,onnx/ACASXU_run2a_3_7_batch_2000.onnx,vnnlib/prop_3.vnnlib,"[""UNSAT""]","[""CERTIFIED""]",[null],,/data1/Kane/ACT/audit_results/capability_rebaseline_20260524T225704Z/acasxu_B_specaware/per_instance_acasxu_2023_20260524T133259375110Z.json
cpu_specaware,115,CERTIFIED,UNSAT,CERTIFIED,CERTIFIED,0.478,,False,,PASSED,,onnx/ACASXU_run2a_3_8_batch_2000.onnx,vnnlib/prop_3.vnnlib,"[""UNSAT""]","[""CERTIFIED""]",[null],,/data1/Kane/ACT/audit_results/capability_rebaseline_20260524T225704Z/acasxu_B_specaware/per_instance_acasxu_2023_20260524T133259375110Z.json
cpu_specaware,116,CERTIFIED,UNSAT,CERTIFIED,CERTIFIED,0.46,,False,,PASSED,,onnx/ACASXU_run2a_3_9_batch_2000.onnx,vnnlib/prop_3.vnnlib,"[""UNSAT""]","[""CERTIFIED""]",[null],,/data1/Kane/ACT/audit_results/capability_rebaseline_20260524T225704Z/acasxu_B_specaware/per_instance_acasxu_2023_20260524T133259375110Z.json
cpu_specaware,117,CERTIFIED,UNSAT,CERTIFIED,CERTIFIED,1.425,,False,,PASSED,,onnx/ACASXU_run2a_4_1_batch_2000.onnx,vnnlib/prop_3.vnnlib,"[""UNSAT""]","[""CERTIFIED""]",[null],,/data1/Kane/ACT/audit_results/capability_rebaseline_20260524T225704Z/acasxu_B_specaware/per_instance_acasxu_2023_20260524T133259375110Z.json
cpu_specaware,118,UNKNOWN,UNKNOWN,UNKNOWN,UNKNOWN,5.174,,False,,PASSED,,onnx/ACASXU_run2a_4_2_batch_2000.onnx,vnnlib/prop_3.vnnlib,"[""UNKNOWN""]","[""UNKNOWN""]",[null],,/data1/Kane/ACT/audit_results/capability_rebaseline_20260524T225704Z/acasxu_B_specaware/per_instance_acasxu_2023_20260524T133259375110Z.json
cpu_specaware,119,UNKNOWN,UNKNOWN,UNKNOWN,UNKNOWN,4.97,,False,,PASSED,,onnx/ACASXU_run2a_4_3_batch_2000.onnx,vnnlib/prop_3.vnnlib,"[""UNKNOWN""]","[""UNKNOWN""]",[null],,/data1/Kane/ACT/audit_results/capability_rebaseline_20260524T225704Z/acasxu_B_specaware/per_instance_acasxu_2023_20260524T133259375110Z.json
cpu_specaware,12,UNKNOWN,UNKNOWN,UNKNOWN,UNKNOWN,5.195,,False,,PASSED,,onnx/ACASXU_run2a_2_4_batch_2000.onnx,vnnlib/prop_1.vnnlib,"[""UNKNOWN""]","[""UNKNOWN""]",[null],,/data1/Kane/ACT/audit_results/capability_rebaseline_20260524T225704Z/acasxu_B_specaware/per_instance_acasxu_2023_20260524T133259375110Z.json
cpu_specaware,120,CERTIFIED,UNSAT,CERTIFIED,CERTIFIED,0.427,,False,,PASSED,,onnx/ACASXU_run2a_4_4_batch_2000.onnx,vnnlib/prop_3.vnnlib,"[""UNSAT""]","[""CERTIFIED""]",[null],,/data1/Kane/ACT/audit_results/capability_rebaseline_20260524T225704Z/acasxu_B_specaware/per_instance_acasxu_2023_20260524T133259375110Z.json
cpu_specaware,121,CERTIFIED,UNSAT,CERTIFIED,CERTIFIED,0.39,,False,,PASSED,,onnx/ACASXU_run2a_4_5_batch_2000.onnx,vnnlib/prop_3.vnnlib,"[""UNSAT""]","[""CERTIFIED""]",[null],,/data1/Kane/ACT/audit_results/capability_rebaseline_20260524T225704Z/acasxu_B_specaware/per_instance_acasxu_2023_20260524T133259375110Z.json
cpu_specaware,122,CERTIFIED,UNSAT,CERTIFIED,CERTIFIED,0.834,,False,,PASSED,,onnx/ACASXU_run2a_4_6_batch_2000.onnx,vnnlib/prop_3.vnnlib,"[""UNSAT""]","[""CERTIFIED""]",[null],,/data1/Kane/ACT/audit_results/capability_rebaseline_20260524T225704Z/acasxu_B_specaware/per_instance_acasxu_2023_20260524T133259375110Z.json
cpu_specaware,123,CERTIFIED,UNSAT,CERTIFIED,CERTIFIED,0.501,,False,,PASSED,,onnx/ACASXU_run2a_4_7_batch_2000.onnx,vnnlib/prop_3.vnnlib,"[""UNSAT""]","[""CERTIFIED""]",[null],,/data1/Kane/ACT/audit_results/capability_rebaseline_20260524T225704Z/acasxu_B_specaware/per_instance_acasxu_2023_20260524T133259375110Z.json
cpu_specaware,124,CERTIFIED,UNSAT,CERTIFIED,CERTIFIED,0.464,,False,,PASSED,,onnx/ACASXU_run2a_4_8_batch_2000.onnx,vnnlib/prop_3.vnnlib,"[""UNSAT""]","[""CERTIFIED""]",[null],,/data1/Kane/ACT/audit_results/capability_rebaseline_20260524T225704Z/acasxu_B_specaware/per_instance_acasxu_2023_20260524T133259375110Z.json
cpu_specaware,125,CERTIFIED,UNSAT,CERTIFIED,CERTIFIED,0.597,,False,,PASSED,,onnx/ACASXU_run2a_4_9_batch_2000.onnx,vnnlib/prop_3.vnnlib,"[""UNSAT""]","[""CERTIFIED""]",[null],,/data1/Kane/ACT/audit_results/capability_rebaseline_20260524T225704Z/acasxu_B_specaware/per_instance_acasxu_2023_20260524T133259375110Z.json
cpu_specaware,126,UNKNOWN,UNKNOWN,UNKNOWN,UNKNOWN,2.163,,False,,PASSED,,onnx/ACASXU_run2a_5_1_batch_2000.onnx,vnnlib/prop_3.vnnlib,"[""UNKNOWN""]","[""UNKNOWN""]",[null],,/data1/Kane/ACT/audit_results/capability_rebaseline_20260524T225704Z/acasxu_B_specaware/per_instance_acasxu_2023_20260524T133259375110Z.json
cpu_specaware,127,CERTIFIED,UNSAT,CERTIFIED,CERTIFIED,0.428,,False,,PASSED,,onnx/ACASXU_run2a_5_2_batch_2000.onnx,vnnlib/prop_3.vnnlib,"[""UNSAT""]","[""CERTIFIED""]",[null],,/data1/Kane/ACT/audit_results/capability_rebaseline_20260524T225704Z/acasxu_B_specaware/per_instance_acasxu_2023_20260524T133259375110Z.json
cpu_specaware,128,CERTIFIED,UNSAT,CERTIFIED,CERTIFIED,0.523,,False,,PASSED,,onnx/ACASXU_run2a_5_3_batch_2000.onnx,vnnlib/prop_3.vnnlib,"[""UNSAT""]","[""CERTIFIED""]",[null],,/data1/Kane/ACT/audit_results/capability_rebaseline_20260524T225704Z/acasxu_B_specaware/per_instance_acasxu_2023_20260524T133259375110Z.json
cpu_specaware,129,CERTIFIED,UNSAT,CERTIFIED,CERTIFIED,0.437,,False,,PASSED,,onnx/ACASXU_run2a_5_4_batch_2000.onnx,vnnlib/prop_3.vnnlib,"[""UNSAT""]","[""CERTIFIED""]",[null],,/data1/Kane/ACT/audit_results/capability_rebaseline_20260524T225704Z/acasxu_B_specaware/per_instance_acasxu_2023_20260524T133259375110Z.json
cpu_specaware,13,UNKNOWN,UNKNOWN,UNKNOWN,UNKNOWN,5.22,,False,,PASSED,,onnx/ACASXU_run2a_2_5_batch_2000.onnx,vnnlib/prop_1.vnnlib,"[""UNKNOWN""]","[""UNKNOWN""]",[null],,/data1/Kane/ACT/audit_results/capability_rebaseline_20260524T225704Z/acasxu_B_specaware/per_instance_acasxu_2023_20260524T133259375110Z.json
cpu_specaware,130,CERTIFIED,UNSAT,CERTIFIED,CERTIFIED,0.496,,False,,PASSED,,onnx/ACASXU_run2a_5_5_batch_2000.onnx,vnnlib/prop_3.vnnlib,"[""UNSAT""]","[""CERTIFIED""]",[null],,/data1/Kane/ACT/audit_results/capability_rebaseline_20260524T225704Z/acasxu_B_specaware/per_instance_acasxu_2023_20260524T133259375110Z.json
cpu_specaware,131,CERTIFIED,UNSAT,CERTIFIED,CERTIFIED,0.598,,False,,PASSED,,onnx/ACASXU_run2a_5_6_batch_2000.onnx,vnnlib/prop_3.vnnlib,"[""UNSAT""]","[""CERTIFIED""]",[null],,/data1/Kane/ACT/audit_results/capability_rebaseline_20260524T225704Z/acasxu_B_specaware/per_instance_acasxu_2023_20260524T133259375110Z.json
cpu_specaware,132,CERTIFIED,UNSAT,CERTIFIED,CERTIFIED,0.334,,False,,PASSED,,onnx/ACASXU_run2a_5_7_batch_2000.onnx,vnnlib/prop_3.vnnlib,"[""UNSAT""]","[""CERTIFIED""]",[null],,/data1/Kane/ACT/audit_results/capability_rebaseline_20260524T225704Z/acasxu_B_specaware/per_instance_acasxu_2023_20260524T133259375110Z.json
cpu_specaware,133,CERTIFIED,UNSAT,CERTIFIED,CERTIFIED,0.558,,False,,PASSED,,onnx/ACASXU_run2a_5_8_batch_2000.onnx,vnnlib/prop_3.vnnlib,"[""UNSAT""]","[""CERTIFIED""]",[null],,/data1/Kane/ACT/audit_results/capability_rebaseline_20260524T225704Z/acasxu_B_specaware/per_instance_acasxu_2023_20260524T133259375110Z.json
cpu_specaware,134,CERTIFIED,UNSAT,CERTIFIED,CERTIFIED,0.357,,False,,PASSED,,onnx/ACASXU_run2a_5_9_batch_2000.onnx,vnnlib/prop_3.vnnlib,"[""UNSAT""]","[""CERTIFIED""]",[null],,/data1/Kane/ACT/audit_results/capability_rebaseline_20260524T225704Z/acasxu_B_specaware/per_instance_acasxu_2023_20260524T133259375110Z.json
cpu_specaware,135,CERTIFIED,UNSAT,CERTIFIED,CERTIFIED,3.421,,False,,PASSED,,onnx/ACASXU_run2a_1_1_batch_2000.onnx,vnnlib/prop_4.vnnlib,"[""UNSAT""]","[""CERTIFIED""]",[null],,/data1/Kane/ACT/audit_results/capability_rebaseline_20260524T225704Z/acasxu_B_specaware/per_instance_acasxu_2023_20260524T133259375110Z.json
cpu_specaware,136,CERTIFIED,UNSAT,CERTIFIED,CERTIFIED,3.945,,False,,PASSED,,onnx/ACASXU_run2a_1_2_batch_2000.onnx,vnnlib/prop_4.vnnlib,"[""UNSAT""]","[""CERTIFIED""]",[null],,/data1/Kane/ACT/audit_results/capability_rebaseline_20260524T225704Z/acasxu_B_specaware/per_instance_acasxu_2023_20260524T133259375110Z.json
cpu_specaware,137,UNKNOWN,UNKNOWN,UNKNOWN,UNKNOWN,5.198,,False,,PASSED,,onnx/ACASXU_run2a_1_3_batch_2000.onnx,vnnlib/prop_4.vnnlib,"[""UNKNOWN""]","[""UNKNOWN""]",[null],,/data1/Kane/ACT/audit_results/capability_rebaseline_20260524T225704Z/acasxu_B_specaware/per_instance_acasxu_2023_20260524T133259375110Z.json
cpu_specaware,138,CERTIFIED,UNSAT,CERTIFIED,CERTIFIED,1.425,,False,,PASSED,,onnx/ACASXU_run2a_1_4_batch_2000.onnx,vnnlib/prop_4.vnnlib,"[""UNSAT""]","[""CERTIFIED""]",[null],,/data1/Kane/ACT/audit_results/capability_rebaseline_20260524T225704Z/acasxu_B_specaware/per_instance_acasxu_2023_20260524T133259375110Z.json
cpu_specaware,139,CERTIFIED,UNSAT,CERTIFIED,CERTIFIED,1.826,,False,,PASSED,,onnx/ACASXU_run2a_1_5_batch_2000.onnx,vnnlib/prop_4.vnnlib,"[""UNSAT""]","[""CERTIFIED""]",[null],,/data1/Kane/ACT/audit_results/capability_rebaseline_20260524T225704Z/acasxu_B_specaware/per_instance_acasxu_2023_20260524T133259375110Z.json
cpu_specaware,14,UNKNOWN,UNKNOWN,UNKNOWN,UNKNOWN,5.229,,False,,PASSED,,onnx/ACASXU_run2a_2_6_batch_2000.onnx,vnnlib/prop_1.vnnlib,"[""UNKNOWN""]","[""UNKNOWN""]",[null],,/data1/Kane/ACT/audit_results/capability_rebaseline_20260524T225704Z/acasxu_B_specaware/per_instance_acasxu_2023_20260524T133259375110Z.json
cpu_specaware,140,CERTIFIED,UNSAT,CERTIFIED,CERTIFIED,0.517,,False,,PASSED,,onnx/ACASXU_run2a_1_6_batch_2000.onnx,vnnlib/prop_4.vnnlib,"[""UNSAT""]","[""CERTIFIED""]",[null],,/data1/Kane/ACT/audit_results/capability_rebaseline_20260524T225704Z/acasxu_B_specaware/per_instance_acasxu_2023_20260524T133259375110Z.json
cpu_specaware,141,UNKNOWN,UNKNOWN,UNKNOWN,UNKNOWN,1.57,,False,,PASSED,,onnx/ACASXU_run2a_1_7_batch_2000.onnx,vnnlib/prop_4.vnnlib,"[""UNKNOWN""]","[""UNKNOWN""]",[null],,/data1/Kane/ACT/audit_results/capability_rebaseline_20260524T225704Z/acasxu_B_specaware/per_instance_acasxu_2023_20260524T133259375110Z.json
cpu_specaware,142,UNKNOWN,UNKNOWN,UNKNOWN,UNKNOWN,1.008,,False,,PASSED,,onnx/ACASXU_run2a_1_8_batch_2000.onnx,vnnlib/prop_4.vnnlib,"[""UNKNOWN""]","[""UNKNOWN""]",[null],,/data1/Kane/ACT/audit_results/capability_rebaseline_20260524T225704Z/acasxu_B_specaware/per_instance_acasxu_2023_20260524T133259375110Z.json
cpu_specaware,143,UNKNOWN,UNKNOWN,UNKNOWN,UNKNOWN,0.845,,False,,PASSED,,onnx/ACASXU_run2a_1_9_batch_2000.onnx,vnnlib/prop_4.vnnlib,"[""UNKNOWN""]","[""UNKNOWN""]",[null],,/data1/Kane/ACT/audit_results/capability_rebaseline_20260524T225704Z/acasxu_B_specaware/per_instance_acasxu_2023_20260524T133259375110Z.json
cpu_specaware,144,CERTIFIED,UNSAT,CERTIFIED,CERTIFIED,2.569,,False,,PASSED,,onnx/ACASXU_run2a_2_1_batch_2000.onnx,vnnlib/prop_4.vnnlib,"[""UNSAT""]","[""CERTIFIED""]",[null],,/data1/Kane/ACT/audit_results/capability_rebaseline_20260524T225704Z/acasxu_B_specaware/per_instance_acasxu_2023_20260524T133259375110Z.json
cpu_specaware,145,CERTIFIED,UNSAT,CERTIFIED,CERTIFIED,2.319,,False,,PASSED,,onnx/ACASXU_run2a_2_2_batch_2000.onnx,vnnlib/prop_4.vnnlib,"[""UNSAT""]","[""CERTIFIED""]",[null],,/data1/Kane/ACT/audit_results/capability_rebaseline_20260524T225704Z/acasxu_B_specaware/per_instance_acasxu_2023_20260524T133259375110Z.json
cpu_specaware,146,CERTIFIED,UNSAT,CERTIFIED,CERTIFIED,0.408,,False,,PASSED,,onnx/ACASXU_run2a_2_3_batch_2000.onnx,vnnlib/prop_4.vnnlib,"[""UNSAT""]","[""CERTIFIED""]",[null],,/data1/Kane/ACT/audit_results/capability_rebaseline_20260524T225704Z/acasxu_B_specaware/per_instance_acasxu_2023_20260524T133259375110Z.json
cpu_specaware,147,CERTIFIED,UNSAT,CERTIFIED,CERTIFIED,0.477,,False,,PASSED,,onnx/ACASXU_run2a_2_4_batch_2000.onnx,vnnlib/prop_4.vnnlib,"[""UNSAT""]","[""CERTIFIED""]",[null],,/data1/Kane/ACT/audit_results/capability_rebaseline_20260524T225704Z/acasxu_B_specaware/per_instance_acasxu_2023_20260524T133259375110Z.json
cpu_specaware,148,CERTIFIED,UNSAT,CERTIFIED,CERTIFIED,0.513,,False,,PASSED,,onnx/ACASXU_run2a_2_5_batch_2000.onnx,vnnlib/prop_4.vnnlib,"[""UNSAT""]","[""CERTIFIED""]",[null],,/data1/Kane/ACT/audit_results/capability_rebaseline_20260524T225704Z/acasxu_B_specaware/per_instance_acasxu_2023_20260524T133259375110Z.json
cpu_specaware,149,CERTIFIED,UNSAT,CERTIFIED,CERTIFIED,0.641,,False,,PASSED,,onnx/ACASXU_run2a_2_6_batch_2000.onnx,vnnlib/prop_4.vnnlib,"[""UNSAT""]","[""CERTIFIED""]",[null],,/data1/Kane/ACT/audit_results/capability_rebaseline_20260524T225704Z/acasxu_B_specaware/per_instance_acasxu_2023_20260524T133259375110Z.json
cpu_specaware,15,UNKNOWN,UNKNOWN,UNKNOWN,UNKNOWN,5.225,,False,,PASSED,,onnx/ACASXU_run2a_2_7_batch_2000.onnx,vnnlib/prop_1.vnnlib,"[""UNKNOWN""]","[""UNKNOWN""]",[null],,/data1/Kane/ACT/audit_results/capability_rebaseline_20260524T225704Z/acasxu_B_specaware/per_instance_acasxu_2023_20260524T133259375110Z.json
cpu_specaware,150,CERTIFIED,UNSAT,CERTIFIED,CERTIFIED,0.473,,False,,PASSED,,onnx/ACASXU_run2a_2_7_batch_2000.onnx,vnnlib/prop_4.vnnlib,"[""UNSAT""]","[""CERTIFIED""]",[null],,/data1/Kane/ACT/audit_results/capability_rebaseline_20260524T225704Z/acasxu_B_specaware/per_instance_acasxu_2023_20260524T133259375110Z.json
cpu_specaware,151,UNKNOWN,UNKNOWN,UNKNOWN,UNKNOWN,5.234,,False,,PASSED,,onnx/ACASXU_run2a_2_8_batch_2000.onnx,vnnlib/prop_4.vnnlib,"[""UNKNOWN""]","[""UNKNOWN""]",[null],,/data1/Kane/ACT/audit_results/capability_rebaseline_20260524T225704Z/acasxu_B_specaware/per_instance_acasxu_2023_20260524T133259375110Z.json
cpu_specaware,152,CERTIFIED,UNSAT,CERTIFIED,CERTIFIED,0.392,,False,,PASSED,,onnx/ACASXU_run2a_2_9_batch_2000.onnx,vnnlib/prop_4.vnnlib,"[""UNSAT""]","[""CERTIFIED""]",[null],,/data1/Kane/ACT/audit_results/capability_rebaseline_20260524T225704Z/acasxu_B_specaware/per_instance_acasxu_2023_20260524T133259375110Z.json
cpu_specaware,153,CERTIFIED,UNSAT,CERTIFIED,CERTIFIED,0.562,,False,,PASSED,,onnx/ACASXU_run2a_3_1_batch_2000.onnx,vnnlib/prop_4.vnnlib,"[""UNSAT""]","[""CERTIFIED""]",[null],,/data1/Kane/ACT/audit_results/capability_rebaseline_20260524T225704Z/acasxu_B_specaware/per_instance_acasxu_2023_20260524T133259375110Z.json
cpu_specaware,154,CERTIFIED,UNSAT,CERTIFIED,CERTIFIED,0.449,,False,,PASSED,,onnx/ACASXU_run2a_3_2_batch_2000.onnx,vnnlib/prop_4.vnnlib,"[""UNSAT""]","[""CERTIFIED""]",[null],,/data1/Kane/ACT/audit_results/capability_rebaseline_20260524T225704Z/acasxu_B_specaware/per_instance_acasxu_2023_20260524T133259375110Z.json
cpu_specaware,155,CERTIFIED,UNSAT,CERTIFIED,CERTIFIED,0.376,,False,,PASSED,,onnx/ACASXU_run2a_3_3_batch_2000.onnx,vnnlib/prop_4.vnnlib,"[""UNSAT""]","[""CERTIFIED""]",[null],,/data1/Kane/ACT/audit_results/capability_rebaseline_20260524T225704Z/acasxu_B_specaware/per_instance_acasxu_2023_20260524T133259375110Z.json
cpu_specaware,156,CERTIFIED,UNSAT,CERTIFIED,CERTIFIED,0.435,,False,,PASSED,,onnx/ACASXU_run2a_3_4_batch_2000.onnx,vnnlib/prop_4.vnnlib,"[""UNSAT""]","[""CERTIFIED""]",[null],,/data1/Kane/ACT/audit_results/capability_rebaseline_20260524T225704Z/acasxu_B_specaware/per_instance_acasxu_2023_20260524T133259375110Z.json
cpu_specaware,157,CERTIFIED,UNSAT,CERTIFIED,CERTIFIED,0.631,,False,,PASSED,,onnx/ACASXU_run2a_3_5_batch_2000.onnx,vnnlib/prop_4.vnnlib,"[""UNSAT""]","[""CERTIFIED""]",[null],,/data1/Kane/ACT/audit_results/capability_rebaseline_20260524T225704Z/acasxu_B_specaware/per_instance_acasxu_2023_20260524T133259375110Z.json
cpu_specaware,158,CERTIFIED,UNSAT,CERTIFIED,CERTIFIED,0.637,,False,,PASSED,,onnx/ACASXU_run2a_3_6_batch_2000.onnx,vnnlib/prop_4.vnnlib,"[""UNSAT""]","[""CERTIFIED""]",[null],,/data1/Kane/ACT/audit_results/capability_rebaseline_20260524T225704Z/acasxu_B_specaware/per_instance_acasxu_2023_20260524T133259375110Z.json
cpu_specaware,159,CERTIFIED,UNSAT,CERTIFIED,CERTIFIED,0.513,,False,,PASSED,,onnx/ACASXU_run2a_3_7_batch_2000.onnx,vnnlib/prop_4.vnnlib,"[""UNSAT""]","[""CERTIFIED""]",[null],,/data1/Kane/ACT/audit_results/capability_rebaseline_20260524T225704Z/acasxu_B_specaware/per_instance_acasxu_2023_20260524T133259375110Z.json
cpu_specaware,16,UNKNOWN,UNKNOWN,UNKNOWN,UNKNOWN,5.225,,False,,PASSED,,onnx/ACASXU_run2a_2_8_batch_2000.onnx,vnnlib/prop_1.vnnlib,"[""UNKNOWN""]","[""UNKNOWN""]",[null],,/data1/Kane/ACT/audit_results/capability_rebaseline_20260524T225704Z/acasxu_B_specaware/per_instance_acasxu_2023_20260524T133259375110Z.json
cpu_specaware,160,CERTIFIED,UNSAT,CERTIFIED,CERTIFIED,1.423,,False,,PASSED,,onnx/ACASXU_run2a_3_8_batch_2000.onnx,vnnlib/prop_4.vnnlib,"[""UNSAT""]","[""CERTIFIED""]",[null],,/data1/Kane/ACT/audit_results/capability_rebaseline_20260524T225704Z/acasxu_B_specaware/per_instance_acasxu_2023_20260524T133259375110Z.json
cpu_specaware,161,CERTIFIED,UNSAT,CERTIFIED,CERTIFIED,0.674,,False,,PASSED,,onnx/ACASXU_run2a_3_9_batch_2000.onnx,vnnlib/prop_4.vnnlib,"[""UNSAT""]","[""CERTIFIED""]",[null],,/data1/Kane/ACT/audit_results/capability_rebaseline_20260524T225704Z/acasxu_B_specaware/per_instance_acasxu_2023_20260524T133259375110Z.json
cpu_specaware,162,CERTIFIED,UNSAT,CERTIFIED,CERTIFIED,0.394,,False,,PASSED,,onnx/ACASXU_run2a_4_1_batch_2000.onnx,vnnlib/prop_4.vnnlib,"[""UNSAT""]","[""CERTIFIED""]",[null],,/data1/Kane/ACT/audit_results/capability_rebaseline_20260524T225704Z/acasxu_B_specaware/per_instance_acasxu_2023_20260524T133259375110Z.json
cpu_specaware,163,CERTIFIED,UNSAT,CERTIFIED,CERTIFIED,0.579,,False,,PASSED,,onnx/ACASXU_run2a_4_2_batch_2000.onnx,vnnlib/prop_4.vnnlib,"[""UNSAT""]","[""CERTIFIED""]",[null],,/data1/Kane/ACT/audit_results/capability_rebaseline_20260524T225704Z/acasxu_B_specaware/per_instance_acasxu_2023_20260524T133259375110Z.json
cpu_specaware,164,CERTIFIED,UNSAT,CERTIFIED,CERTIFIED,0.533,,False,,PASSED,,onnx/ACASXU_run2a_4_3_batch_2000.onnx,vnnlib/prop_4.vnnlib,"[""UNSAT""]","[""CERTIFIED""]",[null],,/data1/Kane/ACT/audit_results/capability_rebaseline_20260524T225704Z/acasxu_B_specaware/per_instance_acasxu_2023_20260524T133259375110Z.json
cpu_specaware,165,UNKNOWN,UNKNOWN,UNKNOWN,UNKNOWN,4.706,,False,,PASSED,,onnx/ACASXU_run2a_4_4_batch_2000.onnx,vnnlib/prop_4.vnnlib,"[""UNKNOWN""]","[""UNKNOWN""]",[null],,/data1/Kane/ACT/audit_results/capability_rebaseline_20260524T225704Z/acasxu_B_specaware/per_instance_acasxu_2023_20260524T133259375110Z.json
cpu_specaware,166,CERTIFIED,UNSAT,CERTIFIED,CERTIFIED,0.564,,False,,PASSED,,onnx/ACASXU_run2a_4_5_batch_2000.onnx,vnnlib/prop_4.vnnlib,"[""UNSAT""]","[""CERTIFIED""]",[null],,/data1/Kane/ACT/audit_results/capability_rebaseline_20260524T225704Z/acasxu_B_specaware/per_instance_acasxu_2023_20260524T133259375110Z.json
cpu_specaware,167,CERTIFIED,UNSAT,CERTIFIED,CERTIFIED,0.602,,False,,PASSED,,onnx/ACASXU_run2a_4_6_batch_2000.onnx,vnnlib/prop_4.vnnlib,"[""UNSAT""]","[""CERTIFIED""]",[null],,/data1/Kane/ACT/audit_results/capability_rebaseline_20260524T225704Z/acasxu_B_specaware/per_instance_acasxu_2023_20260524T133259375110Z.json
cpu_specaware,168,CERTIFIED,UNSAT,CERTIFIED,CERTIFIED,0.451,,False,,PASSED,,onnx/ACASXU_run2a_4_7_batch_2000.onnx,vnnlib/prop_4.vnnlib,"[""UNSAT""]","[""CERTIFIED""]",[null],,/data1/Kane/ACT/audit_results/capability_rebaseline_20260524T225704Z/acasxu_B_specaware/per_instance_acasxu_2023_20260524T133259375110Z.json
cpu_specaware,169,CERTIFIED,UNSAT,CERTIFIED,CERTIFIED,0.586,,False,,PASSED,,onnx/ACASXU_run2a_4_8_batch_2000.onnx,vnnlib/prop_4.vnnlib,"[""UNSAT""]","[""CERTIFIED""]",[null],,/data1/Kane/ACT/audit_results/capability_rebaseline_20260524T225704Z/acasxu_B_specaware/per_instance_acasxu_2023_20260524T133259375110Z.json
cpu_specaware,17,UNKNOWN,UNKNOWN,UNKNOWN,UNKNOWN,5.22,,False,,PASSED,,onnx/ACASXU_run2a_2_9_batch_2000.onnx,vnnlib/prop_1.vnnlib,"[""UNKNOWN""]","[""UNKNOWN""]",[null],,/data1/Kane/ACT/audit_results/capability_rebaseline_20260524T225704Z/acasxu_B_specaware/per_instance_acasxu_2023_20260524T133259375110Z.json
cpu_specaware,170,CERTIFIED,UNSAT,CERTIFIED,CERTIFIED,0.573,,False,,PASSED,,onnx/ACASXU_run2a_4_9_batch_2000.onnx,vnnlib/prop_4.vnnlib,"[""UNSAT""]","[""CERTIFIED""]",[null],,/data1/Kane/ACT/audit_results/capability_rebaseline_20260524T225704Z/acasxu_B_specaware/per_instance_acasxu_2023_20260524T133259375110Z.json
cpu_specaware,171,CERTIFIED,UNSAT,CERTIFIED,CERTIFIED,0.515,,False,,PASSED,,onnx/ACASXU_run2a_5_1_batch_2000.onnx,vnnlib/prop_4.vnnlib,"[""UNSAT""]","[""CERTIFIED""]",[null],,/data1/Kane/ACT/audit_results/capability_rebaseline_20260524T225704Z/acasxu_B_specaware/per_instance_acasxu_2023_20260524T133259375110Z.json
cpu_specaware,172,CERTIFIED,UNSAT,CERTIFIED,CERTIFIED,0.452,,False,,PASSED,,onnx/ACASXU_run2a_5_2_batch_2000.onnx,vnnlib/prop_4.vnnlib,"[""UNSAT""]","[""CERTIFIED""]",[null],,/data1/Kane/ACT/audit_results/capability_rebaseline_20260524T225704Z/acasxu_B_specaware/per_instance_acasxu_2023_20260524T133259375110Z.json
cpu_specaware,173,CERTIFIED,UNSAT,CERTIFIED,CERTIFIED,0.475,,False,,PASSED,,onnx/ACASXU_run2a_5_3_batch_2000.onnx,vnnlib/prop_4.vnnlib,"[""UNSAT""]","[""CERTIFIED""]",[null],,/data1/Kane/ACT/audit_results/capability_rebaseline_20260524T225704Z/acasxu_B_specaware/per_instance_acasxu_2023_20260524T133259375110Z.json
cpu_specaware,174,CERTIFIED,UNSAT,CERTIFIED,CERTIFIED,0.446,,False,,PASSED,,onnx/ACASXU_run2a_5_4_batch_2000.onnx,vnnlib/prop_4.vnnlib,"[""UNSAT""]","[""CERTIFIED""]",[null],,/data1/Kane/ACT/audit_results/capability_rebaseline_20260524T225704Z/acasxu_B_specaware/per_instance_acasxu_2023_20260524T133259375110Z.json
cpu_specaware,175,CERTIFIED,UNSAT,CERTIFIED,CERTIFIED,0.517,,False,,PASSED,,onnx/ACASXU_run2a_5_5_batch_2000.onnx,vnnlib/prop_4.vnnlib,"[""UNSAT""]","[""CERTIFIED""]",[null],,/data1/Kane/ACT/audit_results/capability_rebaseline_20260524T225704Z/acasxu_B_specaware/per_instance_acasxu_2023_20260524T133259375110Z.json
cpu_specaware,176,CERTIFIED,UNSAT,CERTIFIED,CERTIFIED,0.521,,False,,PASSED,,onnx/ACASXU_run2a_5_6_batch_2000.onnx,vnnlib/prop_4.vnnlib,"[""UNSAT""]","[""CERTIFIED""]",[null],,/data1/Kane/ACT/audit_results/capability_rebaseline_20260524T225704Z/acasxu_B_specaware/per_instance_acasxu_2023_20260524T133259375110Z.json
cpu_specaware,177,CERTIFIED,UNSAT,CERTIFIED,CERTIFIED,0.401,,False,,PASSED,,onnx/ACASXU_run2a_5_7_batch_2000.onnx,vnnlib/prop_4.vnnlib,"[""UNSAT""]","[""CERTIFIED""]",[null],,/data1/Kane/ACT/audit_results/capability_rebaseline_20260524T225704Z/acasxu_B_specaware/per_instance_acasxu_2023_20260524T133259375110Z.json
cpu_specaware,178,CERTIFIED,UNSAT,CERTIFIED,CERTIFIED,0.584,,False,,PASSED,,onnx/ACASXU_run2a_5_8_batch_2000.onnx,vnnlib/prop_4.vnnlib,"[""UNSAT""]","[""CERTIFIED""]",[null],,/data1/Kane/ACT/audit_results/capability_rebaseline_20260524T225704Z/acasxu_B_specaware/per_instance_acasxu_2023_20260524T133259375110Z.json
cpu_specaware,179,CERTIFIED,UNSAT,CERTIFIED,CERTIFIED,0.516,,False,,PASSED,,onnx/ACASXU_run2a_5_9_batch_2000.onnx,vnnlib/prop_4.vnnlib,"[""UNSAT""]","[""CERTIFIED""]",[null],,/data1/Kane/ACT/audit_results/capability_rebaseline_20260524T225704Z/acasxu_B_specaware/per_instance_acasxu_2023_20260524T133259375110Z.json
cpu_specaware,18,UNKNOWN,UNKNOWN,UNKNOWN,UNKNOWN,5.206,,False,,PASSED,,onnx/ACASXU_run2a_3_1_batch_2000.onnx,vnnlib/prop_1.vnnlib,"[""UNKNOWN""]","[""UNKNOWN""]",[null],,/data1/Kane/ACT/audit_results/capability_rebaseline_20260524T225704Z/acasxu_B_specaware/per_instance_acasxu_2023_20260524T133259375110Z.json
cpu_specaware,180,UNKNOWN,UNKNOWN,UNKNOWN,UNKNOWN,20.521,,False,,PASSED,,onnx/ACASXU_run2a_1_1_batch_2000.onnx,vnnlib/prop_5.vnnlib,"[""UNKNOWN"",""UNKNOWN"",""UNKNOWN"",""UNKNOWN""]","[""UNKNOWN"",""UNKNOWN"",""UNKNOWN"",""UNKNOWN""]","[null,null,null,null]",,/data1/Kane/ACT/audit_results/capability_rebaseline_20260524T225704Z/acasxu_B_specaware/per_instance_acasxu_2023_20260524T133259375110Z.json
cpu_specaware,181,UNKNOWN,UNKNOWN,UNKNOWN,UNKNOWN,41.526,,False,,PASSED,,onnx/ACASXU_run2a_1_1_batch_2000.onnx,vnnlib/prop_6.vnnlib,"[""UNKNOWN"",""UNKNOWN"",""UNKNOWN"",""UNKNOWN"",""UNKNOWN"",""UNKNOWN"",""UNKNOWN"",""UNKNOWN""]","[""UNKNOWN"",""UNKNOWN"",""UNKNOWN"",""UNKNOWN"",""UNKNOWN"",""UNKNOWN"",""UNKNOWN"",""UNKNOWN""]","[null,null,null,null,null,null,null,null]",,/data1/Kane/ACT/audit_results/capability_rebaseline_20260524T225704Z/acasxu_B_specaware/per_instance_acasxu_2023_20260524T133259375110Z.json
cpu_specaware,182,UNKNOWN,UNKNOWN,UNKNOWN,UNKNOWN,10.51,,False,,PASSED,,onnx/ACASXU_run2a_1_9_batch_2000.onnx,vnnlib/prop_7.vnnlib,"[""UNKNOWN"",""UNKNOWN""]","[""UNKNOWN"",""UNKNOWN""]","[null,null]",,/data1/Kane/ACT/audit_results/capability_rebaseline_20260524T225704Z/acasxu_B_specaware/per_instance_acasxu_2023_20260524T133259375110Z.json
cpu_specaware,183,UNKNOWN,UNKNOWN,UNKNOWN,UNKNOWN,15.567,,False,,PASSED,,onnx/ACASXU_run2a_2_9_batch_2000.onnx,vnnlib/prop_8.vnnlib,"[""UNKNOWN"",""UNKNOWN"",""UNKNOWN""]","[""UNKNOWN"",""UNKNOWN"",""UNKNOWN""]","[null,null,null]",,/data1/Kane/ACT/audit_results/capability_rebaseline_20260524T225704Z/acasxu_B_specaware/per_instance_acasxu_2023_20260524T133259375110Z.json
cpu_specaware,184,UNKNOWN,UNKNOWN,UNKNOWN,UNKNOWN,20.553,,False,,PASSED,,onnx/ACASXU_run2a_3_3_batch_2000.onnx,vnnlib/prop_9.vnnlib,"[""UNKNOWN"",""UNKNOWN"",""UNKNOWN"",""UNKNOWN""]","[""UNKNOWN"",""UNKNOWN"",""UNKNOWN"",""UNKNOWN""]","[null,null,null,null]",,/data1/Kane/ACT/audit_results/capability_rebaseline_20260524T225704Z/acasxu_B_specaware/per_instance_acasxu_2023_20260524T133259375110Z.json
cpu_specaware,185,UNKNOWN,UNKNOWN,UNKNOWN,UNKNOWN,20.544,,False,,PASSED,,onnx/ACASXU_run2a_4_5_batch_2000.onnx,vnnlib/prop_10.vnnlib,"[""UNKNOWN"",""UNKNOWN"",""UNKNOWN"",""UNKNOWN""]","[""UNKNOWN"",""UNKNOWN"",""UNKNOWN"",""UNKNOWN""]","[null,null,null,null]",,/data1/Kane/ACT/audit_results/capability_rebaseline_20260524T225704Z/acasxu_B_specaware/per_instance_acasxu_2023_20260524T133259375110Z.json
cpu_specaware,19,UNKNOWN,UNKNOWN,UNKNOWN,UNKNOWN,5.212,,False,,PASSED,,onnx/ACASXU_run2a_3_2_batch_2000.onnx,vnnlib/prop_1.vnnlib,"[""UNKNOWN""]","[""UNKNOWN""]",[null],,/data1/Kane/ACT/audit_results/capability_rebaseline_20260524T225704Z/acasxu_B_specaware/per_instance_acasxu_2023_20260524T133259375110Z.json
cpu_specaware,2,UNKNOWN,UNKNOWN,UNKNOWN,UNKNOWN,5.233,,False,,PASSED,,onnx/ACASXU_run2a_1_3_batch_2000.onnx,vnnlib/prop_1.vnnlib,"[""UNKNOWN""]","[""UNKNOWN""]",[null],,/data1/Kane/ACT/audit_results/capability_rebaseline_20260524T225704Z/acasxu_B_specaware/per_instance_acasxu_2023_20260524T133259375110Z.json
cpu_specaware,20,UNKNOWN,UNKNOWN,UNKNOWN,UNKNOWN,5.219,,False,,PASSED,,onnx/ACASXU_run2a_3_3_batch_2000.onnx,vnnlib/prop_1.vnnlib,"[""UNKNOWN""]","[""UNKNOWN""]",[null],,/data1/Kane/ACT/audit_results/capability_rebaseline_20260524T225704Z/acasxu_B_specaware/per_instance_acasxu_2023_20260524T133259375110Z.json
cpu_specaware,21,UNKNOWN,UNKNOWN,UNKNOWN,UNKNOWN,5.203,,False,,PASSED,,onnx/ACASXU_run2a_3_4_batch_2000.onnx,vnnlib/prop_1.vnnlib,"[""UNKNOWN""]","[""UNKNOWN""]",[null],,/data1/Kane/ACT/audit_results/capability_rebaseline_20260524T225704Z/acasxu_B_specaware/per_instance_acasxu_2023_20260524T133259375110Z.json
cpu_specaware,22,UNKNOWN,UNKNOWN,UNKNOWN,UNKNOWN,5.2,,False,,PASSED,,onnx/ACASXU_run2a_3_5_batch_2000.onnx,vnnlib/prop_1.vnnlib,"[""UNKNOWN""]","[""UNKNOWN""]",[null],,/data1/Kane/ACT/audit_results/capability_rebaseline_20260524T225704Z/acasxu_B_specaware/per_instance_acasxu_2023_20260524T133259375110Z.json
cpu_specaware,23,UNKNOWN,UNKNOWN,UNKNOWN,UNKNOWN,5.219,,False,,PASSED,,onnx/ACASXU_run2a_3_6_batch_2000.onnx,vnnlib/prop_1.vnnlib,"[""UNKNOWN""]","[""UNKNOWN""]",[null],,/data1/Kane/ACT/audit_results/capability_rebaseline_20260524T225704Z/acasxu_B_specaware/per_instance_acasxu_2023_20260524T133259375110Z.json
cpu_specaware,24,UNKNOWN,UNKNOWN,UNKNOWN,UNKNOWN,5.237,,False,,PASSED,,onnx/ACASXU_run2a_3_7_batch_2000.onnx,vnnlib/prop_1.vnnlib,"[""UNKNOWN""]","[""UNKNOWN""]",[null],,/data1/Kane/ACT/audit_results/capability_rebaseline_20260524T225704Z/acasxu_B_specaware/per_instance_acasxu_2023_20260524T133259375110Z.json
cpu_specaware,25,UNKNOWN,UNKNOWN,UNKNOWN,UNKNOWN,5.22,,False,,PASSED,,onnx/ACASXU_run2a_3_8_batch_2000.onnx,vnnlib/prop_1.vnnlib,"[""UNKNOWN""]","[""UNKNOWN""]",[null],,/data1/Kane/ACT/audit_results/capability_rebaseline_20260524T225704Z/acasxu_B_specaware/per_instance_acasxu_2023_20260524T133259375110Z.json
cpu_specaware,26,UNKNOWN,UNKNOWN,UNKNOWN,UNKNOWN,5.212,,False,,PASSED,,onnx/ACASXU_run2a_3_9_batch_2000.onnx,vnnlib/prop_1.vnnlib,"[""UNKNOWN""]","[""UNKNOWN""]",[null],,/data1/Kane/ACT/audit_results/capability_rebaseline_20260524T225704Z/acasxu_B_specaware/per_instance_acasxu_2023_20260524T133259375110Z.json
cpu_specaware,27,UNKNOWN,UNKNOWN,UNKNOWN,UNKNOWN,5.2,,False,,PASSED,,onnx/ACASXU_run2a_4_1_batch_2000.onnx,vnnlib/prop_1.vnnlib,"[""UNKNOWN""]","[""UNKNOWN""]",[null],,/data1/Kane/ACT/audit_results/capability_rebaseline_20260524T225704Z/acasxu_B_specaware/per_instance_acasxu_2023_20260524T133259375110Z.json
cpu_specaware,28,UNKNOWN,UNKNOWN,UNKNOWN,UNKNOWN,5.216,,False,,PASSED,,onnx/ACASXU_run2a_4_2_batch_2000.onnx,vnnlib/prop_1.vnnlib,"[""UNKNOWN""]","[""UNKNOWN""]",[null],,/data1/Kane/ACT/audit_results/capability_rebaseline_20260524T225704Z/acasxu_B_specaware/per_instance_acasxu_2023_20260524T133259375110Z.json
cpu_specaware,29,UNKNOWN,UNKNOWN,UNKNOWN,UNKNOWN,5.219,,False,,PASSED,,onnx/ACASXU_run2a_4_3_batch_2000.onnx,vnnlib/prop_1.vnnlib,"[""UNKNOWN""]","[""UNKNOWN""]",[null],,/data1/Kane/ACT/audit_results/capability_rebaseline_20260524T225704Z/acasxu_B_specaware/per_instance_acasxu_2023_20260524T133259375110Z.json
cpu_specaware,3,UNKNOWN,UNKNOWN,UNKNOWN,UNKNOWN,5.217,,False,,PASSED,,onnx/ACASXU_run2a_1_4_batch_2000.onnx,vnnlib/prop_1.vnnlib,"[""UNKNOWN""]","[""UNKNOWN""]",[null],,/data1/Kane/ACT/audit_results/capability_rebaseline_20260524T225704Z/acasxu_B_specaware/per_instance_acasxu_2023_20260524T133259375110Z.json
cpu_specaware,30,UNKNOWN,UNKNOWN,UNKNOWN,UNKNOWN,5.198,,False,,PASSED,,onnx/ACASXU_run2a_4_4_batch_2000.onnx,vnnlib/prop_1.vnnlib,"[""UNKNOWN""]","[""UNKNOWN""]",[null],,/data1/Kane/ACT/audit_results/capability_rebaseline_20260524T225704Z/acasxu_B_specaware/per_instance_acasxu_2023_20260524T133259375110Z.json
cpu_specaware,31,UNKNOWN,UNKNOWN,UNKNOWN,UNKNOWN,5.225,,False,,PASSED,,onnx/ACASXU_run2a_4_5_batch_2000.onnx,vnnlib/prop_1.vnnlib,"[""UNKNOWN""]","[""UNKNOWN""]",[null],,/data1/Kane/ACT/audit_results/capability_rebaseline_20260524T225704Z/acasxu_B_specaware/per_instance_acasxu_2023_20260524T133259375110Z.json
cpu_specaware,32,UNKNOWN,UNKNOWN,UNKNOWN,UNKNOWN,5.228,,False,,PASSED,,onnx/ACASXU_run2a_4_6_batch_2000.onnx,vnnlib/prop_1.vnnlib,"[""UNKNOWN""]","[""UNKNOWN""]",[null],,/data1/Kane/ACT/audit_results/capability_rebaseline_20260524T225704Z/acasxu_B_specaware/per_instance_acasxu_2023_20260524T133259375110Z.json
cpu_specaware,33,UNKNOWN,UNKNOWN,UNKNOWN,UNKNOWN,5.221,,False,,PASSED,,onnx/ACASXU_run2a_4_7_batch_2000.onnx,vnnlib/prop_1.vnnlib,"[""UNKNOWN""]","[""UNKNOWN""]",[null],,/data1/Kane/ACT/audit_results/capability_rebaseline_20260524T225704Z/acasxu_B_specaware/per_instance_acasxu_2023_20260524T133259375110Z.json
cpu_specaware,34,UNKNOWN,UNKNOWN,UNKNOWN,UNKNOWN,5.238,,False,,PASSED,,onnx/ACASXU_run2a_4_8_batch_2000.onnx,vnnlib/prop_1.vnnlib,"[""UNKNOWN""]","[""UNKNOWN""]",[null],,/data1/Kane/ACT/audit_results/capability_rebaseline_20260524T225704Z/acasxu_B_specaware/per_instance_acasxu_2023_20260524T133259375110Z.json
cpu_specaware,35,UNKNOWN,UNKNOWN,UNKNOWN,UNKNOWN,5.221,,False,,PASSED,,onnx/ACASXU_run2a_4_9_batch_2000.onnx,vnnlib/prop_1.vnnlib,"[""UNKNOWN""]","[""UNKNOWN""]",[null],,/data1/Kane/ACT/audit_results/capability_rebaseline_20260524T225704Z/acasxu_B_specaware/per_instance_acasxu_2023_20260524T133259375110Z.json
cpu_specaware,36,UNKNOWN,UNKNOWN,UNKNOWN,UNKNOWN,5.223,,False,,PASSED,,onnx/ACASXU_run2a_5_1_batch_2000.onnx,vnnlib/prop_1.vnnlib,"[""UNKNOWN""]","[""UNKNOWN""]",[null],,/data1/Kane/ACT/audit_results/capability_rebaseline_20260524T225704Z/acasxu_B_specaware/per_instance_acasxu_2023_20260524T133259375110Z.json
cpu_specaware,37,UNKNOWN,UNKNOWN,UNKNOWN,UNKNOWN,5.212,,False,,PASSED,,onnx/ACASXU_run2a_5_2_batch_2000.onnx,vnnlib/prop_1.vnnlib,"[""UNKNOWN""]","[""UNKNOWN""]",[null],,/data1/Kane/ACT/audit_results/capability_rebaseline_20260524T225704Z/acasxu_B_specaware/per_instance_acasxu_2023_20260524T133259375110Z.json
cpu_specaware,38,UNKNOWN,UNKNOWN,UNKNOWN,UNKNOWN,5.198,,False,,PASSED,,onnx/ACASXU_run2a_5_3_batch_2000.onnx,vnnlib/prop_1.vnnlib,"[""UNKNOWN""]","[""UNKNOWN""]",[null],,/data1/Kane/ACT/audit_results/capability_rebaseline_20260524T225704Z/acasxu_B_specaware/per_instance_acasxu_2023_20260524T133259375110Z.json
cpu_specaware,39,UNKNOWN,UNKNOWN,UNKNOWN,UNKNOWN,5.203,,False,,PASSED,,onnx/ACASXU_run2a_5_4_batch_2000.onnx,vnnlib/prop_1.vnnlib,"[""UNKNOWN""]","[""UNKNOWN""]",[null],,/data1/Kane/ACT/audit_results/capability_rebaseline_20260524T225704Z/acasxu_B_specaware/per_instance_acasxu_2023_20260524T133259375110Z.json
cpu_specaware,4,UNKNOWN,UNKNOWN,UNKNOWN,UNKNOWN,5.206,,False,,PASSED,,onnx/ACASXU_run2a_1_5_batch_2000.onnx,vnnlib/prop_1.vnnlib,"[""UNKNOWN""]","[""UNKNOWN""]",[null],,/data1/Kane/ACT/audit_results/capability_rebaseline_20260524T225704Z/acasxu_B_specaware/per_instance_acasxu_2023_20260524T133259375110Z.json
cpu_specaware,40,UNKNOWN,UNKNOWN,UNKNOWN,UNKNOWN,5.206,,False,,PASSED,,onnx/ACASXU_run2a_5_5_batch_2000.onnx,vnnlib/prop_1.vnnlib,"[""UNKNOWN""]","[""UNKNOWN""]",[null],,/data1/Kane/ACT/audit_results/capability_rebaseline_20260524T225704Z/acasxu_B_specaware/per_instance_acasxu_2023_20260524T133259375110Z.json
cpu_specaware,41,UNKNOWN,UNKNOWN,UNKNOWN,UNKNOWN,5.235,,False,,PASSED,,onnx/ACASXU_run2a_5_6_batch_2000.onnx,vnnlib/prop_1.vnnlib,"[""UNKNOWN""]","[""UNKNOWN""]",[null],,/data1/Kane/ACT/audit_results/capability_rebaseline_20260524T225704Z/acasxu_B_specaware/per_instance_acasxu_2023_20260524T133259375110Z.json
cpu_specaware,42,UNKNOWN,UNKNOWN,UNKNOWN,UNKNOWN,5.229,,False,,PASSED,,onnx/ACASXU_run2a_5_7_batch_2000.onnx,vnnlib/prop_1.vnnlib,"[""UNKNOWN""]","[""UNKNOWN""]",[null],,/data1/Kane/ACT/audit_results/capability_rebaseline_20260524T225704Z/acasxu_B_specaware/per_instance_acasxu_2023_20260524T133259375110Z.json
cpu_specaware,43,UNKNOWN,UNKNOWN,UNKNOWN,UNKNOWN,5.239,,False,,PASSED,,onnx/ACASXU_run2a_5_8_batch_2000.onnx,vnnlib/prop_1.vnnlib,"[""UNKNOWN""]","[""UNKNOWN""]",[null],,/data1/Kane/ACT/audit_results/capability_rebaseline_20260524T225704Z/acasxu_B_specaware/per_instance_acasxu_2023_20260524T133259375110Z.json
cpu_specaware,44,UNKNOWN,UNKNOWN,UNKNOWN,UNKNOWN,5.228,,False,,PASSED,,onnx/ACASXU_run2a_5_9_batch_2000.onnx,vnnlib/prop_1.vnnlib,"[""UNKNOWN""]","[""UNKNOWN""]",[null],,/data1/Kane/ACT/audit_results/capability_rebaseline_20260524T225704Z/acasxu_B_specaware/per_instance_acasxu_2023_20260524T133259375110Z.json
cpu_specaware,45,UNKNOWN,UNKNOWN,UNKNOWN,UNKNOWN,5.202,,False,,PASSED,,onnx/ACASXU_run2a_1_1_batch_2000.onnx,vnnlib/prop_2.vnnlib,"[""UNKNOWN""]","[""UNKNOWN""]",[null],,/data1/Kane/ACT/audit_results/capability_rebaseline_20260524T225704Z/acasxu_B_specaware/per_instance_acasxu_2023_20260524T133259375110Z.json
cpu_specaware,46,UNKNOWN,UNKNOWN,UNKNOWN,UNKNOWN,5.212,,False,,PASSED,,onnx/ACASXU_run2a_1_2_batch_2000.onnx,vnnlib/prop_2.vnnlib,"[""UNKNOWN""]","[""UNKNOWN""]",[null],,/data1/Kane/ACT/audit_results/capability_rebaseline_20260524T225704Z/acasxu_B_specaware/per_instance_acasxu_2023_20260524T133259375110Z.json
cpu_specaware,47,UNKNOWN,UNKNOWN,UNKNOWN,UNKNOWN,5.228,,False,,PASSED,,onnx/ACASXU_run2a_1_3_batch_2000.onnx,vnnlib/prop_2.vnnlib,"[""UNKNOWN""]","[""UNKNOWN""]",[null],,/data1/Kane/ACT/audit_results/capability_rebaseline_20260524T225704Z/acasxu_B_specaware/per_instance_acasxu_2023_20260524T133259375110Z.json
cpu_specaware,48,UNKNOWN,UNKNOWN,UNKNOWN,UNKNOWN,5.204,,False,,PASSED,,onnx/ACASXU_run2a_1_4_batch_2000.onnx,vnnlib/prop_2.vnnlib,"[""UNKNOWN""]","[""UNKNOWN""]",[null],,/data1/Kane/ACT/audit_results/capability_rebaseline_20260524T225704Z/acasxu_B_specaware/per_instance_acasxu_2023_20260524T133259375110Z.json
cpu_specaware,49,UNKNOWN,UNKNOWN,UNKNOWN,UNKNOWN,5.202,,False,,PASSED,,onnx/ACASXU_run2a_1_5_batch_2000.onnx,vnnlib/prop_2.vnnlib,"[""UNKNOWN""]","[""UNKNOWN""]",[null],,/data1/Kane/ACT/audit_results/capability_rebaseline_20260524T225704Z/acasxu_B_specaware/per_instance_acasxu_2023_20260524T133259375110Z.json
cpu_specaware,5,UNKNOWN,UNKNOWN,UNKNOWN,UNKNOWN,5.21,,False,,PASSED,,onnx/ACASXU_run2a_1_6_batch_2000.onnx,vnnlib/prop_1.vnnlib,"[""UNKNOWN""]","[""UNKNOWN""]",[null],,/data1/Kane/ACT/audit_results/capability_rebaseline_20260524T225704Z/acasxu_B_specaware/per_instance_acasxu_2023_20260524T133259375110Z.json
cpu_specaware,50,UNKNOWN,UNKNOWN,UNKNOWN,UNKNOWN,5.22,,False,,PASSED,,onnx/ACASXU_run2a_1_6_batch_2000.onnx,vnnlib/prop_2.vnnlib,"[""UNKNOWN""]","[""UNKNOWN""]",[null],,/data1/Kane/ACT/audit_results/capability_rebaseline_20260524T225704Z/acasxu_B_specaware/per_instance_acasxu_2023_20260524T133259375110Z.json
cpu_specaware,51,UNKNOWN,UNKNOWN,UNKNOWN,UNKNOWN,5.217,,False,,PASSED,,onnx/ACASXU_run2a_1_7_batch_2000.onnx,vnnlib/prop_2.vnnlib,"[""UNKNOWN""]","[""UNKNOWN""]",[null],,/data1/Kane/ACT/audit_results/capability_rebaseline_20260524T225704Z/acasxu_B_specaware/per_instance_acasxu_2023_20260524T133259375110Z.json
cpu_specaware,52,UNKNOWN,UNKNOWN,UNKNOWN,UNKNOWN,5.205,,False,,PASSED,,onnx/ACASXU_run2a_1_8_batch_2000.onnx,vnnlib/prop_2.vnnlib,"[""UNKNOWN""]","[""UNKNOWN""]",[null],,/data1/Kane/ACT/audit_results/capability_rebaseline_20260524T225704Z/acasxu_B_specaware/per_instance_acasxu_2023_20260524T133259375110Z.json
cpu_specaware,53,UNKNOWN,UNKNOWN,UNKNOWN,UNKNOWN,5.205,,False,,PASSED,,onnx/ACASXU_run2a_1_9_batch_2000.onnx,vnnlib/prop_2.vnnlib,"[""UNKNOWN""]","[""UNKNOWN""]",[null],,/data1/Kane/ACT/audit_results/capability_rebaseline_20260524T225704Z/acasxu_B_specaware/per_instance_acasxu_2023_20260524T133259375110Z.json
cpu_specaware,54,UNKNOWN,UNKNOWN,UNKNOWN,UNKNOWN,5.22,,False,,PASSED,,onnx/ACASXU_run2a_2_1_batch_2000.onnx,vnnlib/prop_2.vnnlib,"[""UNKNOWN""]","[""UNKNOWN""]",[null],,/data1/Kane/ACT/audit_results/capability_rebaseline_20260524T225704Z/acasxu_B_specaware/per_instance_acasxu_2023_20260524T133259375110Z.json
cpu_specaware,55,UNKNOWN,UNKNOWN,UNKNOWN,UNKNOWN,5.217,,False,,PASSED,,onnx/ACASXU_run2a_2_2_batch_2000.onnx,vnnlib/prop_2.vnnlib,"[""UNKNOWN""]","[""UNKNOWN""]",[null],,/data1/Kane/ACT/audit_results/capability_rebaseline_20260524T225704Z/acasxu_B_specaware/per_instance_acasxu_2023_20260524T133259375110Z.json
cpu_specaware,56,UNKNOWN,UNKNOWN,UNKNOWN,UNKNOWN,5.204,,False,,PASSED,,onnx/ACASXU_run2a_2_3_batch_2000.onnx,vnnlib/prop_2.vnnlib,"[""UNKNOWN""]","[""UNKNOWN""]",[null],,/data1/Kane/ACT/audit_results/capability_rebaseline_20260524T225704Z/acasxu_B_specaware/per_instance_acasxu_2023_20260524T133259375110Z.json
cpu_specaware,57,UNKNOWN,UNKNOWN,UNKNOWN,UNKNOWN,5.193,,False,,PASSED,,onnx/ACASXU_run2a_2_4_batch_2000.onnx,vnnlib/prop_2.vnnlib,"[""UNKNOWN""]","[""UNKNOWN""]",[null],,/data1/Kane/ACT/audit_results/capability_rebaseline_20260524T225704Z/acasxu_B_specaware/per_instance_acasxu_2023_20260524T133259375110Z.json
cpu_specaware,58,UNKNOWN,UNKNOWN,UNKNOWN,UNKNOWN,5.218,,False,,PASSED,,onnx/ACASXU_run2a_2_5_batch_2000.onnx,vnnlib/prop_2.vnnlib,"[""UNKNOWN""]","[""UNKNOWN""]",[null],,/data1/Kane/ACT/audit_results/capability_rebaseline_20260524T225704Z/acasxu_B_specaware/per_instance_acasxu_2023_20260524T133259375110Z.json
cpu_specaware,59,UNKNOWN,UNKNOWN,UNKNOWN,UNKNOWN,5.233,,False,,PASSED,,onnx/ACASXU_run2a_2_6_batch_2000.onnx,vnnlib/prop_2.vnnlib,"[""UNKNOWN""]","[""UNKNOWN""]",[null],,/data1/Kane/ACT/audit_results/capability_rebaseline_20260524T225704Z/acasxu_B_specaware/per_instance_acasxu_2023_20260524T133259375110Z.json
cpu_specaware,6,UNKNOWN,UNKNOWN,UNKNOWN,UNKNOWN,5.209,,False,,PASSED,,onnx/ACASXU_run2a_1_7_batch_2000.onnx,vnnlib/prop_1.vnnlib,"[""UNKNOWN""]","[""UNKNOWN""]",[null],,/data1/Kane/ACT/audit_results/capability_rebaseline_20260524T225704Z/acasxu_B_specaware/per_instance_acasxu_2023_20260524T133259375110Z.json
cpu_specaware,60,UNKNOWN,UNKNOWN,UNKNOWN,UNKNOWN,5.224,,False,,PASSED,,onnx/ACASXU_run2a_2_7_batch_2000.onnx,vnnlib/prop_2.vnnlib,"[""UNKNOWN""]","[""UNKNOWN""]",[null],,/data1/Kane/ACT/audit_results/capability_rebaseline_20260524T225704Z/acasxu_B_specaware/per_instance_acasxu_2023_20260524T133259375110Z.json
cpu_specaware,61,UNKNOWN,UNKNOWN,UNKNOWN,UNKNOWN,5.223,,False,,PASSED,,onnx/ACASXU_run2a_2_8_batch_2000.onnx,vnnlib/prop_2.vnnlib,"[""UNKNOWN""]","[""UNKNOWN""]",[null],,/data1/Kane/ACT/audit_results/capability_rebaseline_20260524T225704Z/acasxu_B_specaware/per_instance_acasxu_2023_20260524T133259375110Z.json
cpu_specaware,62,UNKNOWN,UNKNOWN,UNKNOWN,UNKNOWN,5.218,,False,,PASSED,,onnx/ACASXU_run2a_2_9_batch_2000.onnx,vnnlib/prop_2.vnnlib,"[""UNKNOWN""]","[""UNKNOWN""]",[null],,/data1/Kane/ACT/audit_results/capability_rebaseline_20260524T225704Z/acasxu_B_specaware/per_instance_acasxu_2023_20260524T133259375110Z.json
cpu_specaware,63,UNKNOWN,UNKNOWN,UNKNOWN,UNKNOWN,5.202,,False,,PASSED,,onnx/ACASXU_run2a_3_1_batch_2000.onnx,vnnlib/prop_2.vnnlib,"[""UNKNOWN""]","[""UNKNOWN""]",[null],,/data1/Kane/ACT/audit_results/capability_rebaseline_20260524T225704Z/acasxu_B_specaware/per_instance_acasxu_2023_20260524T133259375110Z.json
cpu_specaware,64,UNKNOWN,UNKNOWN,UNKNOWN,UNKNOWN,5.211,,False,,PASSED,,onnx/ACASXU_run2a_3_2_batch_2000.onnx,vnnlib/prop_2.vnnlib,"[""UNKNOWN""]","[""UNKNOWN""]",[null],,/data1/Kane/ACT/audit_results/capability_rebaseline_20260524T225704Z/acasxu_B_specaware/per_instance_acasxu_2023_20260524T133259375110Z.json
cpu_specaware,65,UNKNOWN,UNKNOWN,UNKNOWN,UNKNOWN,5.22,,False,,PASSED,,onnx/ACASXU_run2a_3_3_batch_2000.onnx,vnnlib/prop_2.vnnlib,"[""UNKNOWN""]","[""UNKNOWN""]",[null],,/data1/Kane/ACT/audit_results/capability_rebaseline_20260524T225704Z/acasxu_B_specaware/per_instance_acasxu_2023_20260524T133259375110Z.json
cpu_specaware,66,UNKNOWN,UNKNOWN,UNKNOWN,UNKNOWN,5.202,,False,,PASSED,,onnx/ACASXU_run2a_3_4_batch_2000.onnx,vnnlib/prop_2.vnnlib,"[""UNKNOWN""]","[""UNKNOWN""]",[null],,/data1/Kane/ACT/audit_results/capability_rebaseline_20260524T225704Z/acasxu_B_specaware/per_instance_acasxu_2023_20260524T133259375110Z.json
cpu_specaware,67,UNKNOWN,UNKNOWN,UNKNOWN,UNKNOWN,5.199,,False,,PASSED,,onnx/ACASXU_run2a_3_5_batch_2000.onnx,vnnlib/prop_2.vnnlib,"[""UNKNOWN""]","[""UNKNOWN""]",[null],,/data1/Kane/ACT/audit_results/capability_rebaseline_20260524T225704Z/acasxu_B_specaware/per_instance_acasxu_2023_20260524T133259375110Z.json
cpu_specaware,68,UNKNOWN,UNKNOWN,UNKNOWN,UNKNOWN,5.224,,False,,PASSED,,onnx/ACASXU_run2a_3_6_batch_2000.onnx,vnnlib/prop_2.vnnlib,"[""UNKNOWN""]","[""UNKNOWN""]",[null],,/data1/Kane/ACT/audit_results/capability_rebaseline_20260524T225704Z/acasxu_B_specaware/per_instance_acasxu_2023_20260524T133259375110Z.json
cpu_specaware,69,UNKNOWN,UNKNOWN,UNKNOWN,UNKNOWN,5.233,,False,,PASSED,,onnx/ACASXU_run2a_3_7_batch_2000.onnx,vnnlib/prop_2.vnnlib,"[""UNKNOWN""]","[""UNKNOWN""]",[null],,/data1/Kane/ACT/audit_results/capability_rebaseline_20260524T225704Z/acasxu_B_specaware/per_instance_acasxu_2023_20260524T133259375110Z.json
cpu_specaware,7,UNKNOWN,UNKNOWN,UNKNOWN,UNKNOWN,5.203,,False,,PASSED,,onnx/ACASXU_run2a_1_8_batch_2000.onnx,vnnlib/prop_1.vnnlib,"[""UNKNOWN""]","[""UNKNOWN""]",[null],,/data1/Kane/ACT/audit_results/capability_rebaseline_20260524T225704Z/acasxu_B_specaware/per_instance_acasxu_2023_20260524T133259375110Z.json
cpu_specaware,70,UNKNOWN,UNKNOWN,UNKNOWN,UNKNOWN,5.231,,False,,PASSED,,onnx/ACASXU_run2a_3_8_batch_2000.onnx,vnnlib/prop_2.vnnlib,"[""UNKNOWN""]","[""UNKNOWN""]",[null],,/data1/Kane/ACT/audit_results/capability_rebaseline_20260524T225704Z/acasxu_B_specaware/per_instance_acasxu_2023_20260524T133259375110Z.json
cpu_specaware,71,UNKNOWN,UNKNOWN,UNKNOWN,UNKNOWN,5.211,,False,,PASSED,,onnx/ACASXU_run2a_3_9_batch_2000.onnx,vnnlib/prop_2.vnnlib,"[""UNKNOWN""]","[""UNKNOWN""]",[null],,/data1/Kane/ACT/audit_results/capability_rebaseline_20260524T225704Z/acasxu_B_specaware/per_instance_acasxu_2023_20260524T133259375110Z.json
cpu_specaware,72,UNKNOWN,UNKNOWN,UNKNOWN,UNKNOWN,5.206,,False,,PASSED,,onnx/ACASXU_run2a_4_1_batch_2000.onnx,vnnlib/prop_2.vnnlib,"[""UNKNOWN""]","[""UNKNOWN""]",[null],,/data1/Kane/ACT/audit_results/capability_rebaseline_20260524T225704Z/acasxu_B_specaware/per_instance_acasxu_2023_20260524T133259375110Z.json
cpu_specaware,73,UNKNOWN,UNKNOWN,UNKNOWN,UNKNOWN,5.22,,False,,PASSED,,onnx/ACASXU_run2a_4_2_batch_2000.onnx,vnnlib/prop_2.vnnlib,"[""UNKNOWN""]","[""UNKNOWN""]",[null],,/data1/Kane/ACT/audit_results/capability_rebaseline_20260524T225704Z/acasxu_B_specaware/per_instance_acasxu_2023_20260524T133259375110Z.json
cpu_specaware,74,UNKNOWN,UNKNOWN,UNKNOWN,UNKNOWN,5.217,,False,,PASSED,,onnx/ACASXU_run2a_4_3_batch_2000.onnx,vnnlib/prop_2.vnnlib,"[""UNKNOWN""]","[""UNKNOWN""]",[null],,/data1/Kane/ACT/audit_results/capability_rebaseline_20260524T225704Z/acasxu_B_specaware/per_instance_acasxu_2023_20260524T133259375110Z.json
cpu_specaware,75,UNKNOWN,UNKNOWN,UNKNOWN,UNKNOWN,5.198,,False,,PASSED,,onnx/ACASXU_run2a_4_4_batch_2000.onnx,vnnlib/prop_2.vnnlib,"[""UNKNOWN""]","[""UNKNOWN""]",[null],,/data1/Kane/ACT/audit_results/capability_rebaseline_20260524T225704Z/acasxu_B_specaware/per_instance_acasxu_2023_20260524T133259375110Z.json
cpu_specaware,76,UNKNOWN,UNKNOWN,UNKNOWN,UNKNOWN,5.223,,False,,PASSED,,onnx/ACASXU_run2a_4_5_batch_2000.onnx,vnnlib/prop_2.vnnlib,"[""UNKNOWN""]","[""UNKNOWN""]",[null],,/data1/Kane/ACT/audit_results/capability_rebaseline_20260524T225704Z/acasxu_B_specaware/per_instance_acasxu_2023_20260524T133259375110Z.json
cpu_specaware,77,UNKNOWN,UNKNOWN,UNKNOWN,UNKNOWN,5.224,,False,,PASSED,,onnx/ACASXU_run2a_4_6_batch_2000.onnx,vnnlib/prop_2.vnnlib,"[""UNKNOWN""]","[""UNKNOWN""]",[null],,/data1/Kane/ACT/audit_results/capability_rebaseline_20260524T225704Z/acasxu_B_specaware/per_instance_acasxu_2023_20260524T133259375110Z.json
cpu_specaware,78,UNKNOWN,UNKNOWN,UNKNOWN,UNKNOWN,5.228,,False,,PASSED,,onnx/ACASXU_run2a_4_7_batch_2000.onnx,vnnlib/prop_2.vnnlib,"[""UNKNOWN""]","[""UNKNOWN""]",[null],,/data1/Kane/ACT/audit_results/capability_rebaseline_20260524T225704Z/acasxu_B_specaware/per_instance_acasxu_2023_20260524T133259375110Z.json
cpu_specaware,79,UNKNOWN,UNKNOWN,UNKNOWN,UNKNOWN,5.223,,False,,PASSED,,onnx/ACASXU_run2a_4_8_batch_2000.onnx,vnnlib/prop_2.vnnlib,"[""UNKNOWN""]","[""UNKNOWN""]",[null],,/data1/Kane/ACT/audit_results/capability_rebaseline_20260524T225704Z/acasxu_B_specaware/per_instance_acasxu_2023_20260524T133259375110Z.json
cpu_specaware,8,UNKNOWN,UNKNOWN,UNKNOWN,UNKNOWN,5.207,,False,,PASSED,,onnx/ACASXU_run2a_1_9_batch_2000.onnx,vnnlib/prop_1.vnnlib,"[""UNKNOWN""]","[""UNKNOWN""]",[null],,/data1/Kane/ACT/audit_results/capability_rebaseline_20260524T225704Z/acasxu_B_specaware/per_instance_acasxu_2023_20260524T133259375110Z.json
cpu_specaware,80,UNKNOWN,UNKNOWN,UNKNOWN,UNKNOWN,5.223,,False,,PASSED,,onnx/ACASXU_run2a_4_9_batch_2000.onnx,vnnlib/prop_2.vnnlib,"[""UNKNOWN""]","[""UNKNOWN""]",[null],,/data1/Kane/ACT/audit_results/capability_rebaseline_20260524T225704Z/acasxu_B_specaware/per_instance_acasxu_2023_20260524T133259375110Z.json
cpu_specaware,81,UNKNOWN,UNKNOWN,UNKNOWN,UNKNOWN,5.219,,False,,PASSED,,onnx/ACASXU_run2a_5_1_batch_2000.onnx,vnnlib/prop_2.vnnlib,"[""UNKNOWN""]","[""UNKNOWN""]",[null],,/data1/Kane/ACT/audit_results/capability_rebaseline_20260524T225704Z/acasxu_B_specaware/per_instance_acasxu_2023_20260524T133259375110Z.json
cpu_specaware,82,UNKNOWN,UNKNOWN,UNKNOWN,UNKNOWN,5.216,,False,,PASSED,,onnx/ACASXU_run2a_5_2_batch_2000.onnx,vnnlib/prop_2.vnnlib,"[""UNKNOWN""]","[""UNKNOWN""]",[null],,/data1/Kane/ACT/audit_results/capability_rebaseline_20260524T225704Z/acasxu_B_specaware/per_instance_acasxu_2023_20260524T133259375110Z.json
cpu_specaware,83,UNKNOWN,UNKNOWN,UNKNOWN,UNKNOWN,5.204,,False,,PASSED,,onnx/ACASXU_run2a_5_3_batch_2000.onnx,vnnlib/prop_2.vnnlib,"[""UNKNOWN""]","[""UNKNOWN""]",[null],,/data1/Kane/ACT/audit_results/capability_rebaseline_20260524T225704Z/acasxu_B_specaware/per_instance_acasxu_2023_20260524T133259375110Z.json
cpu_specaware,84,UNKNOWN,UNKNOWN,UNKNOWN,UNKNOWN,5.203,,False,,PASSED,,onnx/ACASXU_run2a_5_4_batch_2000.onnx,vnnlib/prop_2.vnnlib,"[""UNKNOWN""]","[""UNKNOWN""]",[null],,/data1/Kane/ACT/audit_results/capability_rebaseline_20260524T225704Z/acasxu_B_specaware/per_instance_acasxu_2023_20260524T133259375110Z.json
cpu_specaware,85,UNKNOWN,UNKNOWN,UNKNOWN,UNKNOWN,5.206,,False,,PASSED,,onnx/ACASXU_run2a_5_5_batch_2000.onnx,vnnlib/prop_2.vnnlib,"[""UNKNOWN""]","[""UNKNOWN""]",[null],,/data1/Kane/ACT/audit_results/capability_rebaseline_20260524T225704Z/acasxu_B_specaware/per_instance_acasxu_2023_20260524T133259375110Z.json
cpu_specaware,86,UNKNOWN,UNKNOWN,UNKNOWN,UNKNOWN,5.234,,False,,PASSED,,onnx/ACASXU_run2a_5_6_batch_2000.onnx,vnnlib/prop_2.vnnlib,"[""UNKNOWN""]","[""UNKNOWN""]",[null],,/data1/Kane/ACT/audit_results/capability_rebaseline_20260524T225704Z/acasxu_B_specaware/per_instance_acasxu_2023_20260524T133259375110Z.json
cpu_specaware,87,UNKNOWN,UNKNOWN,UNKNOWN,UNKNOWN,5.23,,False,,PASSED,,onnx/ACASXU_run2a_5_7_batch_2000.onnx,vnnlib/prop_2.vnnlib,"[""UNKNOWN""]","[""UNKNOWN""]",[null],,/data1/Kane/ACT/audit_results/capability_rebaseline_20260524T225704Z/acasxu_B_specaware/per_instance_acasxu_2023_20260524T133259375110Z.json
cpu_specaware,88,UNKNOWN,UNKNOWN,UNKNOWN,UNKNOWN,5.217,,False,,PASSED,,onnx/ACASXU_run2a_5_8_batch_2000.onnx,vnnlib/prop_2.vnnlib,"[""UNKNOWN""]","[""UNKNOWN""]",[null],,/data1/Kane/ACT/audit_results/capability_rebaseline_20260524T225704Z/acasxu_B_specaware/per_instance_acasxu_2023_20260524T133259375110Z.json
cpu_specaware,89,UNKNOWN,UNKNOWN,UNKNOWN,UNKNOWN,5.218,,False,,PASSED,,onnx/ACASXU_run2a_5_9_batch_2000.onnx,vnnlib/prop_2.vnnlib,"[""UNKNOWN""]","[""UNKNOWN""]",[null],,/data1/Kane/ACT/audit_results/capability_rebaseline_20260524T225704Z/acasxu_B_specaware/per_instance_acasxu_2023_20260524T133259375110Z.json
cpu_specaware,9,UNKNOWN,UNKNOWN,UNKNOWN,UNKNOWN,5.213,,False,,PASSED,,onnx/ACASXU_run2a_2_1_batch_2000.onnx,vnnlib/prop_1.vnnlib,"[""UNKNOWN""]","[""UNKNOWN""]",[null],,/data1/Kane/ACT/audit_results/capability_rebaseline_20260524T225704Z/acasxu_B_specaware/per_instance_acasxu_2023_20260524T133259375110Z.json
cpu_specaware,90,UNKNOWN,UNKNOWN,UNKNOWN,UNKNOWN,4.321,,False,,PASSED,,onnx/ACASXU_run2a_1_1_batch_2000.onnx,vnnlib/prop_3.vnnlib,"[""UNKNOWN""]","[""UNKNOWN""]",[null],,/data1/Kane/ACT/audit_results/capability_rebaseline_20260524T225704Z/acasxu_B_specaware/per_instance_acasxu_2023_20260524T133259375110Z.json
cpu_specaware,91,UNKNOWN,UNKNOWN,UNKNOWN,UNKNOWN,5.392,,False,,PASSED,,onnx/ACASXU_run2a_1_2_batch_2000.onnx,vnnlib/prop_3.vnnlib,"[""UNKNOWN""]","[""UNKNOWN""]",[null],,/data1/Kane/ACT/audit_results/capability_rebaseline_20260524T225704Z/acasxu_B_specaware/per_instance_acasxu_2023_20260524T133259375110Z.json
cpu_specaware,92,UNKNOWN,UNKNOWN,UNKNOWN,UNKNOWN,2.303,,False,,PASSED,,onnx/ACASXU_run2a_1_3_batch_2000.onnx,vnnlib/prop_3.vnnlib,"[""UNKNOWN""]","[""UNKNOWN""]",[null],,/data1/Kane/ACT/audit_results/capability_rebaseline_20260524T225704Z/acasxu_B_specaware/per_instance_acasxu_2023_20260524T133259375110Z.json
cpu_specaware,93,CERTIFIED,UNSAT,CERTIFIED,CERTIFIED,0.654,,False,,PASSED,,onnx/ACASXU_run2a_1_4_batch_2000.onnx,vnnlib/prop_3.vnnlib,"[""UNSAT""]","[""CERTIFIED""]",[null],,/data1/Kane/ACT/audit_results/capability_rebaseline_20260524T225704Z/acasxu_B_specaware/per_instance_acasxu_2023_20260524T133259375110Z.json
cpu_specaware,94,CERTIFIED,UNSAT,CERTIFIED,CERTIFIED,0.588,,False,,PASSED,,onnx/ACASXU_run2a_1_5_batch_2000.onnx,vnnlib/prop_3.vnnlib,"[""UNSAT""]","[""CERTIFIED""]",[null],,/data1/Kane/ACT/audit_results/capability_rebaseline_20260524T225704Z/acasxu_B_specaware/per_instance_acasxu_2023_20260524T133259375110Z.json
cpu_specaware,95,CERTIFIED,UNSAT,CERTIFIED,CERTIFIED,0.459,,False,,PASSED,,onnx/ACASXU_run2a_1_6_batch_2000.onnx,vnnlib/prop_3.vnnlib,"[""UNSAT""]","[""CERTIFIED""]",[null],,/data1/Kane/ACT/audit_results/capability_rebaseline_20260524T225704Z/acasxu_B_specaware/per_instance_acasxu_2023_20260524T133259375110Z.json
cpu_specaware,96,UNKNOWN,UNKNOWN,UNKNOWN,UNKNOWN,1.205,,False,,PASSED,,onnx/ACASXU_run2a_1_7_batch_2000.onnx,vnnlib/prop_3.vnnlib,"[""UNKNOWN""]","[""UNKNOWN""]",[null],,/data1/Kane/ACT/audit_results/capability_rebaseline_20260524T225704Z/acasxu_B_specaware/per_instance_acasxu_2023_20260524T133259375110Z.json
cpu_specaware,97,UNKNOWN,UNKNOWN,UNKNOWN,UNKNOWN,1.014,,False,,PASSED,,onnx/ACASXU_run2a_1_8_batch_2000.onnx,vnnlib/prop_3.vnnlib,"[""UNKNOWN""]","[""UNKNOWN""]",[null],,/data1/Kane/ACT/audit_results/capability_rebaseline_20260524T225704Z/acasxu_B_specaware/per_instance_acasxu_2023_20260524T133259375110Z.json
cpu_specaware,98,UNKNOWN,UNKNOWN,UNKNOWN,UNKNOWN,0.924,,False,,PASSED,,onnx/ACASXU_run2a_1_9_batch_2000.onnx,vnnlib/prop_3.vnnlib,"[""UNKNOWN""]","[""UNKNOWN""]",[null],,/data1/Kane/ACT/audit_results/capability_rebaseline_20260524T225704Z/acasxu_B_specaware/per_instance_acasxu_2023_20260524T133259375110Z.json
cpu_specaware,99,CERTIFIED,UNSAT,CERTIFIED,CERTIFIED,2.36,,False,,PASSED,,onnx/ACASXU_run2a_2_1_batch_2000.onnx,vnnlib/prop_3.vnnlib,"[""UNSAT""]","[""CERTIFIED""]",[null],,/data1/Kane/ACT/audit_results/capability_rebaseline_20260524T225704Z/acasxu_B_specaware/per_instance_acasxu_2023_20260524T133259375110Z.json
gpu,0,UNKNOWN,UNKNOWN,UNKNOWN,UNKNOWN,8.029,,False,,PASSED,,onnx/ACASXU_run2a_1_1_batch_2000.onnx,vnnlib/prop_1.vnnlib,"[""UNKNOWN""]","[""UNKNOWN""]",[null],,/data1/Kane/ACT/audit_results/r93_rerun_20260525T083118Z/acasxu_gpu186_t30_20260525T154939Z/per_instance_acasxu_2023_20260525T061310358565Z.json
gpu,1,UNKNOWN,UNKNOWN,UNKNOWN,UNKNOWN,8.325,,False,,PASSED,,onnx/ACASXU_run2a_1_2_batch_2000.onnx,vnnlib/prop_1.vnnlib,"[""UNKNOWN""]","[""UNKNOWN""]",[null],,/data1/Kane/ACT/audit_results/r93_rerun_20260525T083118Z/acasxu_gpu186_t30_20260525T154939Z/per_instance_acasxu_2023_20260525T061310358565Z.json
gpu,10,UNKNOWN,UNKNOWN,UNKNOWN,UNKNOWN,9.142,,False,,PASSED,,onnx/ACASXU_run2a_2_2_batch_2000.onnx,vnnlib/prop_1.vnnlib,"[""UNKNOWN""]","[""UNKNOWN""]",[null],,/data1/Kane/ACT/audit_results/r93_rerun_20260525T083118Z/acasxu_gpu186_t30_20260525T154939Z/per_instance_acasxu_2023_20260525T061310358565Z.json
gpu,100,CERTIFIED,UNSAT,CERTIFIED,CERTIFIED,4.515,,False,,PASSED,,onnx/ACASXU_run2a_2_2_batch_2000.onnx,vnnlib/prop_3.vnnlib,"[""UNSAT""]","[""CERTIFIED""]",[null],,/data1/Kane/ACT/audit_results/r93_rerun_20260525T083118Z/acasxu_gpu186_t30_20260525T154939Z/per_instance_acasxu_2023_20260525T061310358565Z.json
gpu,101,UNKNOWN,UNKNOWN,UNKNOWN,UNKNOWN,5.367,,False,,PASSED,,onnx/ACASXU_run2a_2_3_batch_2000.onnx,vnnlib/prop_3.vnnlib,"[""UNKNOWN""]","[""UNKNOWN""]",[null],,/data1/Kane/ACT/audit_results/r93_rerun_20260525T083118Z/acasxu_gpu186_t30_20260525T154939Z/per_instance_acasxu_2023_20260525T061310358565Z.json
gpu,102,CERTIFIED,UNSAT,CERTIFIED,CERTIFIED,0.395,,False,,PASSED,,onnx/ACASXU_run2a_2_4_batch_2000.onnx,vnnlib/prop_3.vnnlib,"[""UNSAT""]","[""CERTIFIED""]",[null],,/data1/Kane/ACT/audit_results/r93_rerun_20260525T083118Z/acasxu_gpu186_t30_20260525T154939Z/per_instance_acasxu_2023_20260525T061310358565Z.json
gpu,103,CERTIFIED,UNSAT,CERTIFIED,CERTIFIED,0.522,,False,,PASSED,,onnx/ACASXU_run2a_2_5_batch_2000.onnx,vnnlib/prop_3.vnnlib,"[""UNSAT""]","[""CERTIFIED""]",[null],,/data1/Kane/ACT/audit_results/r93_rerun_20260525T083118Z/acasxu_gpu186_t30_20260525T154939Z/per_instance_acasxu_2023_20260525T061310358565Z.json
gpu,104,CERTIFIED,UNSAT,CERTIFIED,CERTIFIED,0.505,,False,,PASSED,,onnx/ACASXU_run2a_2_6_batch_2000.onnx,vnnlib/prop_3.vnnlib,"[""UNSAT""]","[""CERTIFIED""]",[null],,/data1/Kane/ACT/audit_results/r93_rerun_20260525T083118Z/acasxu_gpu186_t30_20260525T154939Z/per_instance_acasxu_2023_20260525T061310358565Z.json
gpu,105,CERTIFIED,UNSAT,CERTIFIED,CERTIFIED,0.532,,False,,PASSED,,onnx/ACASXU_run2a_2_7_batch_2000.onnx,vnnlib/prop_3.vnnlib,"[""UNSAT""]","[""CERTIFIED""]",[null],,/data1/Kane/ACT/audit_results/r93_rerun_20260525T083118Z/acasxu_gpu186_t30_20260525T154939Z/per_instance_acasxu_2023_20260525T061310358565Z.json
gpu,106,CERTIFIED,UNSAT,CERTIFIED,CERTIFIED,0.497,,False,,PASSED,,onnx/ACASXU_run2a_2_8_batch_2000.onnx,vnnlib/prop_3.vnnlib,"[""UNSAT""]","[""CERTIFIED""]",[null],,/data1/Kane/ACT/audit_results/r93_rerun_20260525T083118Z/acasxu_gpu186_t30_20260525T154939Z/per_instance_acasxu_2023_20260525T061310358565Z.json
gpu,107,CERTIFIED,UNSAT,CERTIFIED,CERTIFIED,0.364,,False,,PASSED,,onnx/ACASXU_run2a_2_9_batch_2000.onnx,vnnlib/prop_3.vnnlib,"[""UNSAT""]","[""CERTIFIED""]",[null],,/data1/Kane/ACT/audit_results/r93_rerun_20260525T083118Z/acasxu_gpu186_t30_20260525T154939Z/per_instance_acasxu_2023_20260525T061310358565Z.json
gpu,108,CERTIFIED,UNSAT,CERTIFIED,CERTIFIED,0.462,,False,,PASSED,,onnx/ACASXU_run2a_3_1_batch_2000.onnx,vnnlib/prop_3.vnnlib,"[""UNSAT""]","[""CERTIFIED""]",[null],,/data1/Kane/ACT/audit_results/r93_rerun_20260525T083118Z/acasxu_gpu186_t30_20260525T154939Z/per_instance_acasxu_2023_20260525T061310358565Z.json
gpu,109,UNKNOWN,UNKNOWN,UNKNOWN,UNKNOWN,5.982,,False,,PASSED,,onnx/ACASXU_run2a_3_2_batch_2000.onnx,vnnlib/prop_3.vnnlib,"[""UNKNOWN""]","[""UNKNOWN""]",[null],,/data1/Kane/ACT/audit_results/r93_rerun_20260525T083118Z/acasxu_gpu186_t30_20260525T154939Z/per_instance_acasxu_2023_20260525T061310358565Z.json
gpu,11,UNKNOWN,UNKNOWN,UNKNOWN,UNKNOWN,8.239,,False,,PASSED,,onnx/ACASXU_run2a_2_3_batch_2000.onnx,vnnlib/prop_1.vnnlib,"[""UNKNOWN""]","[""UNKNOWN""]",[null],,/data1/Kane/ACT/audit_results/r93_rerun_20260525T083118Z/acasxu_gpu186_t30_20260525T154939Z/per_instance_acasxu_2023_20260525T061310358565Z.json
gpu,110,CERTIFIED,UNSAT,CERTIFIED,CERTIFIED,0.605,,False,,PASSED,,onnx/ACASXU_run2a_3_3_batch_2000.onnx,vnnlib/prop_3.vnnlib,"[""UNSAT""]","[""CERTIFIED""]",[null],,/data1/Kane/ACT/audit_results/r93_rerun_20260525T083118Z/acasxu_gpu186_t30_20260525T154939Z/per_instance_acasxu_2023_20260525T061310358565Z.json
gpu,111,CERTIFIED,UNSAT,CERTIFIED,CERTIFIED,3.821,,False,,PASSED,,onnx/ACASXU_run2a_3_4_batch_2000.onnx,vnnlib/prop_3.vnnlib,"[""UNSAT""]","[""CERTIFIED""]",[null],,/data1/Kane/ACT/audit_results/r93_rerun_20260525T083118Z/acasxu_gpu186_t30_20260525T154939Z/per_instance_acasxu_2023_20260525T061310358565Z.json
gpu,112,CERTIFIED,UNSAT,CERTIFIED,CERTIFIED,0.505,,False,,PASSED,,onnx/ACASXU_run2a_3_5_batch_2000.onnx,vnnlib/prop_3.vnnlib,"[""UNSAT""]","[""CERTIFIED""]",[null],,/data1/Kane/ACT/audit_results/r93_rerun_20260525T083118Z/acasxu_gpu186_t30_20260525T154939Z/per_instance_acasxu_2023_20260525T061310358565Z.json
gpu,113,CERTIFIED,UNSAT,CERTIFIED,CERTIFIED,3.316,,False,,PASSED,,onnx/ACASXU_run2a_3_6_batch_2000.onnx,vnnlib/prop_3.vnnlib,"[""UNSAT""]","[""CERTIFIED""]",[null],,/data1/Kane/ACT/audit_results/r93_rerun_20260525T083118Z/acasxu_gpu186_t30_20260525T154939Z/per_instance_acasxu_2023_20260525T061310358565Z.json
gpu,114,CERTIFIED,UNSAT,CERTIFIED,CERTIFIED,0.365,,False,,PASSED,,onnx/ACASXU_run2a_3_7_batch_2000.onnx,vnnlib/prop_3.vnnlib,"[""UNSAT""]","[""CERTIFIED""]",[null],,/data1/Kane/ACT/audit_results/r93_rerun_20260525T083118Z/acasxu_gpu186_t30_20260525T154939Z/per_instance_acasxu_2023_20260525T061310358565Z.json
gpu,115,CERTIFIED,UNSAT,CERTIFIED,CERTIFIED,0.485,,False,,PASSED,,onnx/ACASXU_run2a_3_8_batch_2000.onnx,vnnlib/prop_3.vnnlib,"[""UNSAT""]","[""CERTIFIED""]",[null],,/data1/Kane/ACT/audit_results/r93_rerun_20260525T083118Z/acasxu_gpu186_t30_20260525T154939Z/per_instance_acasxu_2023_20260525T061310358565Z.json
gpu,116,CERTIFIED,UNSAT,CERTIFIED,CERTIFIED,0.472,,False,,PASSED,,onnx/ACASXU_run2a_3_9_batch_2000.onnx,vnnlib/prop_3.vnnlib,"[""UNSAT""]","[""CERTIFIED""]",[null],,/data1/Kane/ACT/audit_results/r93_rerun_20260525T083118Z/acasxu_gpu186_t30_20260525T154939Z/per_instance_acasxu_2023_20260525T061310358565Z.json
gpu,117,CERTIFIED,UNSAT,CERTIFIED,CERTIFIED,1.446,,False,,PASSED,,onnx/ACASXU_run2a_4_1_batch_2000.onnx,vnnlib/prop_3.vnnlib,"[""UNSAT""]","[""CERTIFIED""]",[null],,/data1/Kane/ACT/audit_results/r93_rerun_20260525T083118Z/acasxu_gpu186_t30_20260525T154939Z/per_instance_acasxu_2023_20260525T061310358565Z.json
gpu,118,UNKNOWN,UNKNOWN,UNKNOWN,UNKNOWN,5.828,,False,,PASSED,,onnx/ACASXU_run2a_4_2_batch_2000.onnx,vnnlib/prop_3.vnnlib,"[""UNKNOWN""]","[""UNKNOWN""]",[null],,/data1/Kane/ACT/audit_results/r93_rerun_20260525T083118Z/acasxu_gpu186_t30_20260525T154939Z/per_instance_acasxu_2023_20260525T061310358565Z.json
gpu,119,UNKNOWN,UNKNOWN,UNKNOWN,UNKNOWN,5.82,,False,,PASSED,,onnx/ACASXU_run2a_4_3_batch_2000.onnx,vnnlib/prop_3.vnnlib,"[""UNKNOWN""]","[""UNKNOWN""]",[null],,/data1/Kane/ACT/audit_results/r93_rerun_20260525T083118Z/acasxu_gpu186_t30_20260525T154939Z/per_instance_acasxu_2023_20260525T061310358565Z.json
gpu,12,UNKNOWN,UNKNOWN,UNKNOWN,UNKNOWN,7.843,,False,,PASSED,,onnx/ACASXU_run2a_2_4_batch_2000.onnx,vnnlib/prop_1.vnnlib,"[""UNKNOWN""]","[""UNKNOWN""]",[null],,/data1/Kane/ACT/audit_results/r93_rerun_20260525T083118Z/acasxu_gpu186_t30_20260525T154939Z/per_instance_acasxu_2023_20260525T061310358565Z.json
gpu,120,CERTIFIED,UNSAT,CERTIFIED,CERTIFIED,0.443,,False,,PASSED,,onnx/ACASXU_run2a_4_4_batch_2000.onnx,vnnlib/prop_3.vnnlib,"[""UNSAT""]","[""CERTIFIED""]",[null],,/data1/Kane/ACT/audit_results/r93_rerun_20260525T083118Z/acasxu_gpu186_t30_20260525T154939Z/per_instance_acasxu_2023_20260525T061310358565Z.json
gpu,121,CERTIFIED,UNSAT,CERTIFIED,CERTIFIED,0.403,,False,,PASSED,,onnx/ACASXU_run2a_4_5_batch_2000.onnx,vnnlib/prop_3.vnnlib,"[""UNSAT""]","[""CERTIFIED""]",[null],,/data1/Kane/ACT/audit_results/r93_rerun_20260525T083118Z/acasxu_gpu186_t30_20260525T154939Z/per_instance_acasxu_2023_20260525T061310358565Z.json
gpu,122,CERTIFIED,UNSAT,CERTIFIED,CERTIFIED,0.844,,False,,PASSED,,onnx/ACASXU_run2a_4_6_batch_2000.onnx,vnnlib/prop_3.vnnlib,"[""UNSAT""]","[""CERTIFIED""]",[null],,/data1/Kane/ACT/audit_results/r93_rerun_20260525T083118Z/acasxu_gpu186_t30_20260525T154939Z/per_instance_acasxu_2023_20260525T061310358565Z.json
gpu,123,CERTIFIED,UNSAT,CERTIFIED,CERTIFIED,0.51,,False,,PASSED,,onnx/ACASXU_run2a_4_7_batch_2000.onnx,vnnlib/prop_3.vnnlib,"[""UNSAT""]","[""CERTIFIED""]",[null],,/data1/Kane/ACT/audit_results/r93_rerun_20260525T083118Z/acasxu_gpu186_t30_20260525T154939Z/per_instance_acasxu_2023_20260525T061310358565Z.json
gpu,124,CERTIFIED,UNSAT,CERTIFIED,CERTIFIED,0.476,,False,,PASSED,,onnx/ACASXU_run2a_4_8_batch_2000.onnx,vnnlib/prop_3.vnnlib,"[""UNSAT""]","[""CERTIFIED""]",[null],,/data1/Kane/ACT/audit_results/r93_rerun_20260525T083118Z/acasxu_gpu186_t30_20260525T154939Z/per_instance_acasxu_2023_20260525T061310358565Z.json
gpu,125,CERTIFIED,UNSAT,CERTIFIED,CERTIFIED,0.594,,False,,PASSED,,onnx/ACASXU_run2a_4_9_batch_2000.onnx,vnnlib/prop_3.vnnlib,"[""UNSAT""]","[""CERTIFIED""]",[null],,/data1/Kane/ACT/audit_results/r93_rerun_20260525T083118Z/acasxu_gpu186_t30_20260525T154939Z/per_instance_acasxu_2023_20260525T061310358565Z.json
gpu,126,UNKNOWN,UNKNOWN,UNKNOWN,UNKNOWN,2.811,,False,,PASSED,,onnx/ACASXU_run2a_5_1_batch_2000.onnx,vnnlib/prop_3.vnnlib,"[""UNKNOWN""]","[""UNKNOWN""]",[null],,/data1/Kane/ACT/audit_results/r93_rerun_20260525T083118Z/acasxu_gpu186_t30_20260525T154939Z/per_instance_acasxu_2023_20260525T061310358565Z.json
gpu,127,CERTIFIED,UNSAT,CERTIFIED,CERTIFIED,0.44,,False,,PASSED,,onnx/ACASXU_run2a_5_2_batch_2000.onnx,vnnlib/prop_3.vnnlib,"[""UNSAT""]","[""CERTIFIED""]",[null],,/data1/Kane/ACT/audit_results/r93_rerun_20260525T083118Z/acasxu_gpu186_t30_20260525T154939Z/per_instance_acasxu_2023_20260525T061310358565Z.json
gpu,128,CERTIFIED,UNSAT,CERTIFIED,CERTIFIED,0.532,,False,,PASSED,,onnx/ACASXU_run2a_5_3_batch_2000.onnx,vnnlib/prop_3.vnnlib,"[""UNSAT""]","[""CERTIFIED""]",[null],,/data1/Kane/ACT/audit_results/r93_rerun_20260525T083118Z/acasxu_gpu186_t30_20260525T154939Z/per_instance_acasxu_2023_20260525T061310358565Z.json
gpu,129,CERTIFIED,UNSAT,CERTIFIED,CERTIFIED,0.446,,False,,PASSED,,onnx/ACASXU_run2a_5_4_batch_2000.onnx,vnnlib/prop_3.vnnlib,"[""UNSAT""]","[""CERTIFIED""]",[null],,/data1/Kane/ACT/audit_results/r93_rerun_20260525T083118Z/acasxu_gpu186_t30_20260525T154939Z/per_instance_acasxu_2023_20260525T061310358565Z.json
gpu,13,UNKNOWN,UNKNOWN,UNKNOWN,UNKNOWN,8.962,,False,,PASSED,,onnx/ACASXU_run2a_2_5_batch_2000.onnx,vnnlib/prop_1.vnnlib,"[""UNKNOWN""]","[""UNKNOWN""]",[null],,/data1/Kane/ACT/audit_results/r93_rerun_20260525T083118Z/acasxu_gpu186_t30_20260525T154939Z/per_instance_acasxu_2023_20260525T061310358565Z.json
gpu,130,CERTIFIED,UNSAT,CERTIFIED,CERTIFIED,0.506,,False,,PASSED,,onnx/ACASXU_run2a_5_5_batch_2000.onnx,vnnlib/prop_3.vnnlib,"[""UNSAT""]","[""CERTIFIED""]",[null],,/data1/Kane/ACT/audit_results/r93_rerun_20260525T083118Z/acasxu_gpu186_t30_20260525T154939Z/per_instance_acasxu_2023_20260525T061310358565Z.json
gpu,131,CERTIFIED,UNSAT,CERTIFIED,CERTIFIED,0.601,,False,,PASSED,,onnx/ACASXU_run2a_5_6_batch_2000.onnx,vnnlib/prop_3.vnnlib,"[""UNSAT""]","[""CERTIFIED""]",[null],,/data1/Kane/ACT/audit_results/r93_rerun_20260525T083118Z/acasxu_gpu186_t30_20260525T154939Z/per_instance_acasxu_2023_20260525T061310358565Z.json
gpu,132,CERTIFIED,UNSAT,CERTIFIED,CERTIFIED,0.343,,False,,PASSED,,onnx/ACASXU_run2a_5_7_batch_2000.onnx,vnnlib/prop_3.vnnlib,"[""UNSAT""]","[""CERTIFIED""]",[null],,/data1/Kane/ACT/audit_results/r93_rerun_20260525T083118Z/acasxu_gpu186_t30_20260525T154939Z/per_instance_acasxu_2023_20260525T061310358565Z.json
gpu,133,CERTIFIED,UNSAT,CERTIFIED,CERTIFIED,0.564,,False,,PASSED,,onnx/ACASXU_run2a_5_8_batch_2000.onnx,vnnlib/prop_3.vnnlib,"[""UNSAT""]","[""CERTIFIED""]",[null],,/data1/Kane/ACT/audit_results/r93_rerun_20260525T083118Z/acasxu_gpu186_t30_20260525T154939Z/per_instance_acasxu_2023_20260525T061310358565Z.json
gpu,134,CERTIFIED,UNSAT,CERTIFIED,CERTIFIED,0.365,,False,,PASSED,,onnx/ACASXU_run2a_5_9_batch_2000.onnx,vnnlib/prop_3.vnnlib,"[""UNSAT""]","[""CERTIFIED""]",[null],,/data1/Kane/ACT/audit_results/r93_rerun_20260525T083118Z/acasxu_gpu186_t30_20260525T154939Z/per_instance_acasxu_2023_20260525T061310358565Z.json
gpu,135,CERTIFIED,UNSAT,CERTIFIED,CERTIFIED,3.461,,False,,PASSED,,onnx/ACASXU_run2a_1_1_batch_2000.onnx,vnnlib/prop_4.vnnlib,"[""UNSAT""]","[""CERTIFIED""]",[null],,/data1/Kane/ACT/audit_results/r93_rerun_20260525T083118Z/acasxu_gpu186_t30_20260525T154939Z/per_instance_acasxu_2023_20260525T061310358565Z.json
gpu,136,CERTIFIED,UNSAT,CERTIFIED,CERTIFIED,3.902,,False,,PASSED,,onnx/ACASXU_run2a_1_2_batch_2000.onnx,vnnlib/prop_4.vnnlib,"[""UNSAT""]","[""CERTIFIED""]",[null],,/data1/Kane/ACT/audit_results/r93_rerun_20260525T083118Z/acasxu_gpu186_t30_20260525T154939Z/per_instance_acasxu_2023_20260525T061310358565Z.json
gpu,137,UNKNOWN,UNKNOWN,UNKNOWN,UNKNOWN,5.937,,False,,PASSED,,onnx/ACASXU_run2a_1_3_batch_2000.onnx,vnnlib/prop_4.vnnlib,"[""UNKNOWN""]","[""UNKNOWN""]",[null],,/data1/Kane/ACT/audit_results/r93_rerun_20260525T083118Z/acasxu_gpu186_t30_20260525T154939Z/per_instance_acasxu_2023_20260525T061310358565Z.json
gpu,138,CERTIFIED,UNSAT,CERTIFIED,CERTIFIED,1.434,,False,,PASSED,,onnx/ACASXU_run2a_1_4_batch_2000.onnx,vnnlib/prop_4.vnnlib,"[""UNSAT""]","[""CERTIFIED""]",[null],,/data1/Kane/ACT/audit_results/r93_rerun_20260525T083118Z/acasxu_gpu186_t30_20260525T154939Z/per_instance_acasxu_2023_20260525T061310358565Z.json
gpu,139,CERTIFIED,UNSAT,CERTIFIED,CERTIFIED,1.857,,False,,PASSED,,onnx/ACASXU_run2a_1_5_batch_2000.onnx,vnnlib/prop_4.vnnlib,"[""UNSAT""]","[""CERTIFIED""]",[null],,/data1/Kane/ACT/audit_results/r93_rerun_20260525T083118Z/acasxu_gpu186_t30_20260525T154939Z/per_instance_acasxu_2023_20260525T061310358565Z.json
gpu,14,UNKNOWN,UNKNOWN,UNKNOWN,UNKNOWN,9.058,,False,,PASSED,,onnx/ACASXU_run2a_2_6_batch_2000.onnx,vnnlib/prop_1.vnnlib,"[""UNKNOWN""]","[""UNKNOWN""]",[null],,/data1/Kane/ACT/audit_results/r93_rerun_20260525T083118Z/acasxu_gpu186_t30_20260525T154939Z/per_instance_acasxu_2023_20260525T061310358565Z.json
gpu,140,CERTIFIED,UNSAT,CERTIFIED,CERTIFIED,0.532,,False,,PASSED,,onnx/ACASXU_run2a_1_6_batch_2000.onnx,vnnlib/prop_4.vnnlib,"[""UNSAT""]","[""CERTIFIED""]",[null],,/data1/Kane/ACT/audit_results/r93_rerun_20260525T083118Z/acasxu_gpu186_t30_20260525T154939Z/per_instance_acasxu_2023_20260525T061310358565Z.json
gpu,141,FALSIFIED,SAT,FALSIFIED,FALSIFIED,2.016,,False,,PASSED,,onnx/ACASXU_run2a_1_7_batch_2000.onnx,vnnlib/prop_4.vnnlib,"[""SAT""]","[""FALSIFIED""]","[""/data1/Kane/ACT/audit_results/r93_rerun_20260525T083118Z/acasxu_gpu186_t30_20260525T154939Z/acasxu_2023_141_q0_small_dense_lp_witness_0.json""]",,/data1/Kane/ACT/audit_results/r93_rerun_20260525T083118Z/acasxu_gpu186_t30_20260525T154939Z/per_instance_acasxu_2023_20260525T061310358565Z.json
gpu,142,FALSIFIED,SAT,FALSIFIED,FALSIFIED,1.447,,False,,PASSED,,onnx/ACASXU_run2a_1_8_batch_2000.onnx,vnnlib/prop_4.vnnlib,"[""SAT""]","[""FALSIFIED""]","[""/data1/Kane/ACT/audit_results/r93_rerun_20260525T083118Z/acasxu_gpu186_t30_20260525T154939Z/acasxu_2023_142_q0_small_dense_lp_witness_0.json""]",,/data1/Kane/ACT/audit_results/r93_rerun_20260525T083118Z/acasxu_gpu186_t30_20260525T154939Z/per_instance_acasxu_2023_20260525T061310358565Z.json
gpu,143,FALSIFIED,SAT,FALSIFIED,FALSIFIED,1.2,,False,,PASSED,,onnx/ACASXU_run2a_1_9_batch_2000.onnx,vnnlib/prop_4.vnnlib,"[""SAT""]","[""FALSIFIED""]","[""/data1/Kane/ACT/audit_results/r93_rerun_20260525T083118Z/acasxu_gpu186_t30_20260525T154939Z/acasxu_2023_143_q0_small_dense_lp_witness_0.json""]",,/data1/Kane/ACT/audit_results/r93_rerun_20260525T083118Z/acasxu_gpu186_t30_20260525T154939Z/per_instance_acasxu_2023_20260525T061310358565Z.json
gpu,144,CERTIFIED,UNSAT,CERTIFIED,CERTIFIED,2.62,,False,,PASSED,,onnx/ACASXU_run2a_2_1_batch_2000.onnx,vnnlib/prop_4.vnnlib,"[""UNSAT""]","[""CERTIFIED""]",[null],,/data1/Kane/ACT/audit_results/r93_rerun_20260525T083118Z/acasxu_gpu186_t30_20260525T154939Z/per_instance_acasxu_2023_20260525T061310358565Z.json
gpu,145,CERTIFIED,UNSAT,CERTIFIED,CERTIFIED,2.366,,False,,PASSED,,onnx/ACASXU_run2a_2_2_batch_2000.onnx,vnnlib/prop_4.vnnlib,"[""UNSAT""]","[""CERTIFIED""]",[null],,/data1/Kane/ACT/audit_results/r93_rerun_20260525T083118Z/acasxu_gpu186_t30_20260525T154939Z/per_instance_acasxu_2023_20260525T061310358565Z.json
gpu,146,CERTIFIED,UNSAT,CERTIFIED,CERTIFIED,0.414,,False,,PASSED,,onnx/ACASXU_run2a_2_3_batch_2000.onnx,vnnlib/prop_4.vnnlib,"[""UNSAT""]","[""CERTIFIED""]",[null],,/data1/Kane/ACT/audit_results/r93_rerun_20260525T083118Z/acasxu_gpu186_t30_20260525T154939Z/per_instance_acasxu_2023_20260525T061310358565Z.json
gpu,147,CERTIFIED,UNSAT,CERTIFIED,CERTIFIED,0.487,,False,,PASSED,,onnx/ACASXU_run2a_2_4_batch_2000.onnx,vnnlib/prop_4.vnnlib,"[""UNSAT""]","[""CERTIFIED""]",[null],,/data1/Kane/ACT/audit_results/r93_rerun_20260525T083118Z/acasxu_gpu186_t30_20260525T154939Z/per_instance_acasxu_2023_20260525T061310358565Z.json
gpu,148,CERTIFIED,UNSAT,CERTIFIED,CERTIFIED,0.542,,False,,PASSED,,onnx/ACASXU_run2a_2_5_batch_2000.onnx,vnnlib/prop_4.vnnlib,"[""UNSAT""]","[""CERTIFIED""]",[null],,/data1/Kane/ACT/audit_results/r93_rerun_20260525T083118Z/acasxu_gpu186_t30_20260525T154939Z/per_instance_acasxu_2023_20260525T061310358565Z.json
gpu,149,CERTIFIED,UNSAT,CERTIFIED,CERTIFIED,0.661,,False,,PASSED,,onnx/ACASXU_run2a_2_6_batch_2000.onnx,vnnlib/prop_4.vnnlib,"[""UNSAT""]","[""CERTIFIED""]",[null],,/data1/Kane/ACT/audit_results/r93_rerun_20260525T083118Z/acasxu_gpu186_t30_20260525T154939Z/per_instance_acasxu_2023_20260525T061310358565Z.json
gpu,15,UNKNOWN,UNKNOWN,UNKNOWN,UNKNOWN,8.868,,False,,PASSED,,onnx/ACASXU_run2a_2_7_batch_2000.onnx,vnnlib/prop_1.vnnlib,"[""UNKNOWN""]","[""UNKNOWN""]",[null],,/data1/Kane/ACT/audit_results/r93_rerun_20260525T083118Z/acasxu_gpu186_t30_20260525T154939Z/per_instance_acasxu_2023_20260525T061310358565Z.json
gpu,150,CERTIFIED,UNSAT,CERTIFIED,CERTIFIED,0.487,,False,,PASSED,,onnx/ACASXU_run2a_2_7_batch_2000.onnx,vnnlib/prop_4.vnnlib,"[""UNSAT""]","[""CERTIFIED""]",[null],,/data1/Kane/ACT/audit_results/r93_rerun_20260525T083118Z/acasxu_gpu186_t30_20260525T154939Z/per_instance_acasxu_2023_20260525T061310358565Z.json
gpu,151,UNKNOWN,UNKNOWN,UNKNOWN,UNKNOWN,6.248,,False,,PASSED,,onnx/ACASXU_run2a_2_8_batch_2000.onnx,vnnlib/prop_4.vnnlib,"[""UNKNOWN""]","[""UNKNOWN""]",[null],,/data1/Kane/ACT/audit_results/r93_rerun_20260525T083118Z/acasxu_gpu186_t30_20260525T154939Z/per_instance_acasxu_2023_20260525T061310358565Z.json
gpu,152,CERTIFIED,UNSAT,CERTIFIED,CERTIFIED,0.41,,False,,PASSED,,onnx/ACASXU_run2a_2_9_batch_2000.onnx,vnnlib/prop_4.vnnlib,"[""UNSAT""]","[""CERTIFIED""]",[null],,/data1/Kane/ACT/audit_results/r93_rerun_20260525T083118Z/acasxu_gpu186_t30_20260525T154939Z/per_instance_acasxu_2023_20260525T061310358565Z.json
gpu,153,CERTIFIED,UNSAT,CERTIFIED,CERTIFIED,0.595,,False,,PASSED,,onnx/ACASXU_run2a_3_1_batch_2000.onnx,vnnlib/prop_4.vnnlib,"[""UNSAT""]","[""CERTIFIED""]",[null],,/data1/Kane/ACT/audit_results/r93_rerun_20260525T083118Z/acasxu_gpu186_t30_20260525T154939Z/per_instance_acasxu_2023_20260525T061310358565Z.json
gpu,154,CERTIFIED,UNSAT,CERTIFIED,CERTIFIED,0.465,,False,,PASSED,,onnx/ACASXU_run2a_3_2_batch_2000.onnx,vnnlib/prop_4.vnnlib,"[""UNSAT""]","[""CERTIFIED""]",[null],,/data1/Kane/ACT/audit_results/r93_rerun_20260525T083118Z/acasxu_gpu186_t30_20260525T154939Z/per_instance_acasxu_2023_20260525T061310358565Z.json
gpu,155,CERTIFIED,UNSAT,CERTIFIED,CERTIFIED,0.399,,False,,PASSED,,onnx/ACASXU_run2a_3_3_batch_2000.onnx,vnnlib/prop_4.vnnlib,"[""UNSAT""]","[""CERTIFIED""]",[null],,/data1/Kane/ACT/audit_results/r93_rerun_20260525T083118Z/acasxu_gpu186_t30_20260525T154939Z/per_instance_acasxu_2023_20260525T061310358565Z.json
gpu,156,CERTIFIED,UNSAT,CERTIFIED,CERTIFIED,0.451,,False,,PASSED,,onnx/ACASXU_run2a_3_4_batch_2000.onnx,vnnlib/prop_4.vnnlib,"[""UNSAT""]","[""CERTIFIED""]",[null],,/data1/Kane/ACT/audit_results/r93_rerun_20260525T083118Z/acasxu_gpu186_t30_20260525T154939Z/per_instance_acasxu_2023_20260525T061310358565Z.json
gpu,157,CERTIFIED,UNSAT,CERTIFIED,CERTIFIED,0.652,,False,,PASSED,,onnx/ACASXU_run2a_3_5_batch_2000.onnx,vnnlib/prop_4.vnnlib,"[""UNSAT""]","[""CERTIFIED""]",[null],,/data1/Kane/ACT/audit_results/r93_rerun_20260525T083118Z/acasxu_gpu186_t30_20260525T154939Z/per_instance_acasxu_2023_20260525T061310358565Z.json
gpu,158,CERTIFIED,UNSAT,CERTIFIED,CERTIFIED,0.645,,False,,PASSED,,onnx/ACASXU_run2a_3_6_batch_2000.onnx,vnnlib/prop_4.vnnlib,"[""UNSAT""]","[""CERTIFIED""]",[null],,/data1/Kane/ACT/audit_results/r93_rerun_20260525T083118Z/acasxu_gpu186_t30_20260525T154939Z/per_instance_acasxu_2023_20260525T061310358565Z.json
gpu,159,CERTIFIED,UNSAT,CERTIFIED,CERTIFIED,0.523,,False,,PASSED,,onnx/ACASXU_run2a_3_7_batch_2000.onnx,vnnlib/prop_4.vnnlib,"[""UNSAT""]","[""CERTIFIED""]",[null],,/data1/Kane/ACT/audit_results/r93_rerun_20260525T083118Z/acasxu_gpu186_t30_20260525T154939Z/per_instance_acasxu_2023_20260525T061310358565Z.json
gpu,16,UNKNOWN,UNKNOWN,UNKNOWN,UNKNOWN,9.185,,False,,PASSED,,onnx/ACASXU_run2a_2_8_batch_2000.onnx,vnnlib/prop_1.vnnlib,"[""UNKNOWN""]","[""UNKNOWN""]",[null],,/data1/Kane/ACT/audit_results/r93_rerun_20260525T083118Z/acasxu_gpu186_t30_20260525T154939Z/per_instance_acasxu_2023_20260525T061310358565Z.json
gpu,160,CERTIFIED,UNSAT,CERTIFIED,CERTIFIED,1.448,,False,,PASSED,,onnx/ACASXU_run2a_3_8_batch_2000.onnx,vnnlib/prop_4.vnnlib,"[""UNSAT""]","[""CERTIFIED""]",[null],,/data1/Kane/ACT/audit_results/r93_rerun_20260525T083118Z/acasxu_gpu186_t30_20260525T154939Z/per_instance_acasxu_2023_20260525T061310358565Z.json
gpu,161,CERTIFIED,UNSAT,CERTIFIED,CERTIFIED,0.689,,False,,PASSED,,onnx/ACASXU_run2a_3_9_batch_2000.onnx,vnnlib/prop_4.vnnlib,"[""UNSAT""]","[""CERTIFIED""]",[null],,/data1/Kane/ACT/audit_results/r93_rerun_20260525T083118Z/acasxu_gpu186_t30_20260525T154939Z/per_instance_acasxu_2023_20260525T061310358565Z.json
gpu,162,CERTIFIED,UNSAT,CERTIFIED,CERTIFIED,0.405,,False,,PASSED,,onnx/ACASXU_run2a_4_1_batch_2000.onnx,vnnlib/prop_4.vnnlib,"[""UNSAT""]","[""CERTIFIED""]",[null],,/data1/Kane/ACT/audit_results/r93_rerun_20260525T083118Z/acasxu_gpu186_t30_20260525T154939Z/per_instance_acasxu_2023_20260525T061310358565Z.json
gpu,163,CERTIFIED,UNSAT,CERTIFIED,CERTIFIED,0.595,,False,,PASSED,,onnx/ACASXU_run2a_4_2_batch_2000.onnx,vnnlib/prop_4.vnnlib,"[""UNSAT""]","[""CERTIFIED""]",[null],,/data1/Kane/ACT/audit_results/r93_rerun_20260525T083118Z/acasxu_gpu186_t30_20260525T154939Z/per_instance_acasxu_2023_20260525T061310358565Z.json
gpu,164,CERTIFIED,UNSAT,CERTIFIED,CERTIFIED,0.554,,False,,PASSED,,onnx/ACASXU_run2a_4_3_batch_2000.onnx,vnnlib/prop_4.vnnlib,"[""UNSAT""]","[""CERTIFIED""]",[null],,/data1/Kane/ACT/audit_results/r93_rerun_20260525T083118Z/acasxu_gpu186_t30_20260525T154939Z/per_instance_acasxu_2023_20260525T061310358565Z.json
gpu,165,UNKNOWN,UNKNOWN,UNKNOWN,UNKNOWN,5.523,,False,,PASSED,,onnx/ACASXU_run2a_4_4_batch_2000.onnx,vnnlib/prop_4.vnnlib,"[""UNKNOWN""]","[""UNKNOWN""]",[null],,/data1/Kane/ACT/audit_results/r93_rerun_20260525T083118Z/acasxu_gpu186_t30_20260525T154939Z/per_instance_acasxu_2023_20260525T061310358565Z.json
gpu,166,CERTIFIED,UNSAT,CERTIFIED,CERTIFIED,0.583,,False,,PASSED,,onnx/ACASXU_run2a_4_5_batch_2000.onnx,vnnlib/prop_4.vnnlib,"[""UNSAT""]","[""CERTIFIED""]",[null],,/data1/Kane/ACT/audit_results/r93_rerun_20260525T083118Z/acasxu_gpu186_t30_20260525T154939Z/per_instance_acasxu_2023_20260525T061310358565Z.json
gpu,167,CERTIFIED,UNSAT,CERTIFIED,CERTIFIED,0.612,,False,,PASSED,,onnx/ACASXU_run2a_4_6_batch_2000.onnx,vnnlib/prop_4.vnnlib,"[""UNSAT""]","[""CERTIFIED""]",[null],,/data1/Kane/ACT/audit_results/r93_rerun_20260525T083118Z/acasxu_gpu186_t30_20260525T154939Z/per_instance_acasxu_2023_20260525T061310358565Z.json
gpu,168,CERTIFIED,UNSAT,CERTIFIED,CERTIFIED,0.469,,False,,PASSED,,onnx/ACASXU_run2a_4_7_batch_2000.onnx,vnnlib/prop_4.vnnlib,"[""UNSAT""]","[""CERTIFIED""]",[null],,/data1/Kane/ACT/audit_results/r93_rerun_20260525T083118Z/acasxu_gpu186_t30_20260525T154939Z/per_instance_acasxu_2023_20260525T061310358565Z.json
gpu,169,CERTIFIED,UNSAT,CERTIFIED,CERTIFIED,0.602,,False,,PASSED,,onnx/ACASXU_run2a_4_8_batch_2000.onnx,vnnlib/prop_4.vnnlib,"[""UNSAT""]","[""CERTIFIED""]",[null],,/data1/Kane/ACT/audit_results/r93_rerun_20260525T083118Z/acasxu_gpu186_t30_20260525T154939Z/per_instance_acasxu_2023_20260525T061310358565Z.json
gpu,17,UNKNOWN,UNKNOWN,UNKNOWN,UNKNOWN,9.081,,False,,PASSED,,onnx/ACASXU_run2a_2_9_batch_2000.onnx,vnnlib/prop_1.vnnlib,"[""UNKNOWN""]","[""UNKNOWN""]",[null],,/data1/Kane/ACT/audit_results/r93_rerun_20260525T083118Z/acasxu_gpu186_t30_20260525T154939Z/per_instance_acasxu_2023_20260525T061310358565Z.json
gpu,170,CERTIFIED,UNSAT,CERTIFIED,CERTIFIED,0.589,,False,,PASSED,,onnx/ACASXU_run2a_4_9_batch_2000.onnx,vnnlib/prop_4.vnnlib,"[""UNSAT""]","[""CERTIFIED""]",[null],,/data1/Kane/ACT/audit_results/r93_rerun_20260525T083118Z/acasxu_gpu186_t30_20260525T154939Z/per_instance_acasxu_2023_20260525T061310358565Z.json
gpu,171,CERTIFIED,UNSAT,CERTIFIED,CERTIFIED,0.532,,False,,PASSED,,onnx/ACASXU_run2a_5_1_batch_2000.onnx,vnnlib/prop_4.vnnlib,"[""UNSAT""]","[""CERTIFIED""]",[null],,/data1/Kane/ACT/audit_results/r93_rerun_20260525T083118Z/acasxu_gpu186_t30_20260525T154939Z/per_instance_acasxu_2023_20260525T061310358565Z.json
gpu,172,CERTIFIED,UNSAT,CERTIFIED,CERTIFIED,0.469,,False,,PASSED,,onnx/ACASXU_run2a_5_2_batch_2000.onnx,vnnlib/prop_4.vnnlib,"[""UNSAT""]","[""CERTIFIED""]",[null],,/data1/Kane/ACT/audit_results/r93_rerun_20260525T083118Z/acasxu_gpu186_t30_20260525T154939Z/per_instance_acasxu_2023_20260525T061310358565Z.json
gpu,173,CERTIFIED,UNSAT,CERTIFIED,CERTIFIED,0.493,,False,,PASSED,,onnx/ACASXU_run2a_5_3_batch_2000.onnx,vnnlib/prop_4.vnnlib,"[""UNSAT""]","[""CERTIFIED""]",[null],,/data1/Kane/ACT/audit_results/r93_rerun_20260525T083118Z/acasxu_gpu186_t30_20260525T154939Z/per_instance_acasxu_2023_20260525T061310358565Z.json
gpu,174,CERTIFIED,UNSAT,CERTIFIED,CERTIFIED,0.458,,False,,PASSED,,onnx/ACASXU_run2a_5_4_batch_2000.onnx,vnnlib/prop_4.vnnlib,"[""UNSAT""]","[""CERTIFIED""]",[null],,/data1/Kane/ACT/audit_results/r93_rerun_20260525T083118Z/acasxu_gpu186_t30_20260525T154939Z/per_instance_acasxu_2023_20260525T061310358565Z.json
gpu,175,CERTIFIED,UNSAT,CERTIFIED,CERTIFIED,0.521,,False,,PASSED,,onnx/ACASXU_run2a_5_5_batch_2000.onnx,vnnlib/prop_4.vnnlib,"[""UNSAT""]","[""CERTIFIED""]",[null],,/data1/Kane/ACT/audit_results/r93_rerun_20260525T083118Z/acasxu_gpu186_t30_20260525T154939Z/per_instance_acasxu_2023_20260525T061310358565Z.json
gpu,176,CERTIFIED,UNSAT,CERTIFIED,CERTIFIED,0.527,,False,,PASSED,,onnx/ACASXU_run2a_5_6_batch_2000.onnx,vnnlib/prop_4.vnnlib,"[""UNSAT""]","[""CERTIFIED""]",[null],,/data1/Kane/ACT/audit_results/r93_rerun_20260525T083118Z/acasxu_gpu186_t30_20260525T154939Z/per_instance_acasxu_2023_20260525T061310358565Z.json
gpu,177,CERTIFIED,UNSAT,CERTIFIED,CERTIFIED,0.407,,False,,PASSED,,onnx/ACASXU_run2a_5_7_batch_2000.onnx,vnnlib/prop_4.vnnlib,"[""UNSAT""]","[""CERTIFIED""]",[null],,/data1/Kane/ACT/audit_results/r93_rerun_20260525T083118Z/acasxu_gpu186_t30_20260525T154939Z/per_instance_acasxu_2023_20260525T061310358565Z.json
gpu,178,CERTIFIED,UNSAT,CERTIFIED,CERTIFIED,0.585,,False,,PASSED,,onnx/ACASXU_run2a_5_8_batch_2000.onnx,vnnlib/prop_4.vnnlib,"[""UNSAT""]","[""CERTIFIED""]",[null],,/data1/Kane/ACT/audit_results/r93_rerun_20260525T083118Z/acasxu_gpu186_t30_20260525T154939Z/per_instance_acasxu_2023_20260525T061310358565Z.json
gpu,179,CERTIFIED,UNSAT,CERTIFIED,CERTIFIED,0.518,,False,,PASSED,,onnx/ACASXU_run2a_5_9_batch_2000.onnx,vnnlib/prop_4.vnnlib,"[""UNSAT""]","[""CERTIFIED""]",[null],,/data1/Kane/ACT/audit_results/r93_rerun_20260525T083118Z/acasxu_gpu186_t30_20260525T154939Z/per_instance_acasxu_2023_20260525T061310358565Z.json
gpu,18,UNKNOWN,UNKNOWN,UNKNOWN,UNKNOWN,8.196,,False,,PASSED,,onnx/ACASXU_run2a_3_1_batch_2000.onnx,vnnlib/prop_1.vnnlib,"[""UNKNOWN""]","[""UNKNOWN""]",[null],,/data1/Kane/ACT/audit_results/r93_rerun_20260525T083118Z/acasxu_gpu186_t30_20260525T154939Z/per_instance_acasxu_2023_20260525T061310358565Z.json
gpu,180,UNKNOWN,UNKNOWN,UNKNOWN,UNKNOWN,53.956,,False,,PASSED,,onnx/ACASXU_run2a_1_1_batch_2000.onnx,vnnlib/prop_5.vnnlib,"[""UNKNOWN"",""UNKNOWN"",""UNKNOWN"",""UNKNOWN""]","[""UNKNOWN"",""UNKNOWN"",""UNKNOWN"",""UNKNOWN""]","[null,null,null,null]",,/data1/Kane/ACT/audit_results/r93_rerun_20260525T083118Z/acasxu_gpu186_t30_20260525T154939Z/per_instance_acasxu_2023_20260525T061310358565Z.json
gpu,181,UNKNOWN,UNKNOWN,UNKNOWN,UNKNOWN,235.469,,False,,PASSED,,onnx/ACASXU_run2a_1_1_batch_2000.onnx,vnnlib/prop_6.vnnlib,"[""UNKNOWN"",""UNKNOWN"",""UNKNOWN"",""UNKNOWN"",""UNKNOWN"",""UNKNOWN"",""UNKNOWN"",""UNKNOWN""]","[""UNKNOWN"",""UNKNOWN"",""UNKNOWN"",""UNKNOWN"",""UNKNOWN"",""UNKNOWN"",""UNKNOWN"",""UNKNOWN""]","[null,null,null,null,null,null,null,null]",,/data1/Kane/ACT/audit_results/r93_rerun_20260525T083118Z/acasxu_gpu186_t30_20260525T154939Z/per_instance_acasxu_2023_20260525T061310358565Z.json
gpu,182,UNKNOWN,UNKNOWN,UNKNOWN,UNKNOWN,29.731,,False,,PASSED,,onnx/ACASXU_run2a_1_9_batch_2000.onnx,vnnlib/prop_7.vnnlib,"[""UNKNOWN"",""UNKNOWN""]","[""UNKNOWN"",""UNKNOWN""]","[null,null]",,/data1/Kane/ACT/audit_results/r93_rerun_20260525T083118Z/acasxu_gpu186_t30_20260525T154939Z/per_instance_acasxu_2023_20260525T061310358565Z.json
gpu,183,UNKNOWN,UNKNOWN,UNKNOWN,UNKNOWN,43.233,,False,,PASSED,,onnx/ACASXU_run2a_2_9_batch_2000.onnx,vnnlib/prop_8.vnnlib,"[""UNKNOWN"",""UNKNOWN"",""UNKNOWN""]","[""UNKNOWN"",""UNKNOWN"",""UNKNOWN""]","[null,null,null]",,/data1/Kane/ACT/audit_results/r93_rerun_20260525T083118Z/acasxu_gpu186_t30_20260525T154939Z/per_instance_acasxu_2023_20260525T061310358565Z.json
gpu,184,UNKNOWN,UNKNOWN,UNKNOWN,UNKNOWN,54.584,,False,,PASSED,,onnx/ACASXU_run2a_3_3_batch_2000.onnx,vnnlib/prop_9.vnnlib,"[""UNKNOWN"",""UNKNOWN"",""UNKNOWN"",""UNKNOWN""]","[""UNKNOWN"",""UNKNOWN"",""UNKNOWN"",""UNKNOWN""]","[null,null,null,null]",,/data1/Kane/ACT/audit_results/r93_rerun_20260525T083118Z/acasxu_gpu186_t30_20260525T154939Z/per_instance_acasxu_2023_20260525T061310358565Z.json
gpu,185,UNKNOWN,UNKNOWN,UNKNOWN,UNKNOWN,56.93,,False,,PASSED,,onnx/ACASXU_run2a_4_5_batch_2000.onnx,vnnlib/prop_10.vnnlib,"[""UNKNOWN"",""UNKNOWN"",""UNKNOWN"",""UNKNOWN""]","[""UNKNOWN"",""UNKNOWN"",""UNKNOWN"",""UNKNOWN""]","[null,null,null,null]",,/data1/Kane/ACT/audit_results/r93_rerun_20260525T083118Z/acasxu_gpu186_t30_20260525T154939Z/per_instance_acasxu_2023_20260525T061310358565Z.json
gpu,19,UNKNOWN,UNKNOWN,UNKNOWN,UNKNOWN,8.474,,False,,PASSED,,onnx/ACASXU_run2a_3_2_batch_2000.onnx,vnnlib/prop_1.vnnlib,"[""UNKNOWN""]","[""UNKNOWN""]",[null],,/data1/Kane/ACT/audit_results/r93_rerun_20260525T083118Z/acasxu_gpu186_t30_20260525T154939Z/per_instance_acasxu_2023_20260525T061310358565Z.json
gpu,2,UNKNOWN,UNKNOWN,UNKNOWN,UNKNOWN,9.265,,False,,PASSED,,onnx/ACASXU_run2a_1_3_batch_2000.onnx,vnnlib/prop_1.vnnlib,"[""UNKNOWN""]","[""UNKNOWN""]",[null],,/data1/Kane/ACT/audit_results/r93_rerun_20260525T083118Z/acasxu_gpu186_t30_20260525T154939Z/per_instance_acasxu_2023_20260525T061310358565Z.json
gpu,20,UNKNOWN,UNKNOWN,UNKNOWN,UNKNOWN,9.016,,False,,PASSED,,onnx/ACASXU_run2a_3_3_batch_2000.onnx,vnnlib/prop_1.vnnlib,"[""UNKNOWN""]","[""UNKNOWN""]",[null],,/data1/Kane/ACT/audit_results/r93_rerun_20260525T083118Z/acasxu_gpu186_t30_20260525T154939Z/per_instance_acasxu_2023_20260525T061310358565Z.json
gpu,21,UNKNOWN,UNKNOWN,UNKNOWN,UNKNOWN,7.999,,False,,PASSED,,onnx/ACASXU_run2a_3_4_batch_2000.onnx,vnnlib/prop_1.vnnlib,"[""UNKNOWN""]","[""UNKNOWN""]",[null],,/data1/Kane/ACT/audit_results/r93_rerun_20260525T083118Z/acasxu_gpu186_t30_20260525T154939Z/per_instance_acasxu_2023_20260525T061310358565Z.json
gpu,22,UNKNOWN,UNKNOWN,UNKNOWN,UNKNOWN,8.008,,False,,PASSED,,onnx/ACASXU_run2a_3_5_batch_2000.onnx,vnnlib/prop_1.vnnlib,"[""UNKNOWN""]","[""UNKNOWN""]",[null],,/data1/Kane/ACT/audit_results/r93_rerun_20260525T083118Z/acasxu_gpu186_t30_20260525T154939Z/per_instance_acasxu_2023_20260525T061310358565Z.json
gpu,23,UNKNOWN,UNKNOWN,UNKNOWN,UNKNOWN,9.009,,False,,PASSED,,onnx/ACASXU_run2a_3_6_batch_2000.onnx,vnnlib/prop_1.vnnlib,"[""UNKNOWN""]","[""UNKNOWN""]",[null],,/data1/Kane/ACT/audit_results/r93_rerun_20260525T083118Z/acasxu_gpu186_t30_20260525T154939Z/per_instance_acasxu_2023_20260525T061310358565Z.json
gpu,24,UNKNOWN,UNKNOWN,UNKNOWN,UNKNOWN,9.887,,False,,PASSED,,onnx/ACASXU_run2a_3_7_batch_2000.onnx,vnnlib/prop_1.vnnlib,"[""UNKNOWN""]","[""UNKNOWN""]",[null],,/data1/Kane/ACT/audit_results/r93_rerun_20260525T083118Z/acasxu_gpu186_t30_20260525T154939Z/per_instance_acasxu_2023_20260525T061310358565Z.json
gpu,25,UNKNOWN,UNKNOWN,UNKNOWN,UNKNOWN,8.777,,False,,PASSED,,onnx/ACASXU_run2a_3_8_batch_2000.onnx,vnnlib/prop_1.vnnlib,"[""UNKNOWN""]","[""UNKNOWN""]",[null],,/data1/Kane/ACT/audit_results/r93_rerun_20260525T083118Z/acasxu_gpu186_t30_20260525T154939Z/per_instance_acasxu_2023_20260525T061310358565Z.json
gpu,26,UNKNOWN,UNKNOWN,UNKNOWN,UNKNOWN,8.945,,False,,PASSED,,onnx/ACASXU_run2a_3_9_batch_2000.onnx,vnnlib/prop_1.vnnlib,"[""UNKNOWN""]","[""UNKNOWN""]",[null],,/data1/Kane/ACT/audit_results/r93_rerun_20260525T083118Z/acasxu_gpu186_t30_20260525T154939Z/per_instance_acasxu_2023_20260525T061310358565Z.json
gpu,27,UNKNOWN,UNKNOWN,UNKNOWN,UNKNOWN,8.023,,False,,PASSED,,onnx/ACASXU_run2a_4_1_batch_2000.onnx,vnnlib/prop_1.vnnlib,"[""UNKNOWN""]","[""UNKNOWN""]",[null],,/data1/Kane/ACT/audit_results/r93_rerun_20260525T083118Z/acasxu_gpu186_t30_20260525T154939Z/per_instance_acasxu_2023_20260525T061310358565Z.json
gpu,28,UNKNOWN,UNKNOWN,UNKNOWN,UNKNOWN,9.032,,False,,PASSED,,onnx/ACASXU_run2a_4_2_batch_2000.onnx,vnnlib/prop_1.vnnlib,"[""UNKNOWN""]","[""UNKNOWN""]",[null],,/data1/Kane/ACT/audit_results/r93_rerun_20260525T083118Z/acasxu_gpu186_t30_20260525T154939Z/per_instance_acasxu_2023_20260525T061310358565Z.json
gpu,29,UNKNOWN,UNKNOWN,UNKNOWN,UNKNOWN,8.484,,False,,PASSED,,onnx/ACASXU_run2a_4_3_batch_2000.onnx,vnnlib/prop_1.vnnlib,"[""UNKNOWN""]","[""UNKNOWN""]",[null],,/data1/Kane/ACT/audit_results/r93_rerun_20260525T083118Z/acasxu_gpu186_t30_20260525T154939Z/per_instance_acasxu_2023_20260525T061310358565Z.json
gpu,3,UNKNOWN,UNKNOWN,UNKNOWN,UNKNOWN,8.525,,False,,PASSED,,onnx/ACASXU_run2a_1_4_batch_2000.onnx,vnnlib/prop_1.vnnlib,"[""UNKNOWN""]","[""UNKNOWN""]",[null],,/data1/Kane/ACT/audit_results/r93_rerun_20260525T083118Z/acasxu_gpu186_t30_20260525T154939Z/per_instance_acasxu_2023_20260525T061310358565Z.json
gpu,30,UNKNOWN,UNKNOWN,UNKNOWN,UNKNOWN,7.853,,False,,PASSED,,onnx/ACASXU_run2a_4_4_batch_2000.onnx,vnnlib/prop_1.vnnlib,"[""UNKNOWN""]","[""UNKNOWN""]",[null],,/data1/Kane/ACT/audit_results/r93_rerun_20260525T083118Z/acasxu_gpu186_t30_20260525T154939Z/per_instance_acasxu_2023_20260525T061310358565Z.json
gpu,31,UNKNOWN,UNKNOWN,UNKNOWN,UNKNOWN,9.278,,False,,PASSED,,onnx/ACASXU_run2a_4_5_batch_2000.onnx,vnnlib/prop_1.vnnlib,"[""UNKNOWN""]","[""UNKNOWN""]",[null],,/data1/Kane/ACT/audit_results/r93_rerun_20260525T083118Z/acasxu_gpu186_t30_20260525T154939Z/per_instance_acasxu_2023_20260525T061310358565Z.json
gpu,32,UNKNOWN,UNKNOWN,UNKNOWN,UNKNOWN,9.371,,False,,PASSED,,onnx/ACASXU_run2a_4_6_batch_2000.onnx,vnnlib/prop_1.vnnlib,"[""UNKNOWN""]","[""UNKNOWN""]",[null],,/data1/Kane/ACT/audit_results/r93_rerun_20260525T083118Z/acasxu_gpu186_t30_20260525T154939Z/per_instance_acasxu_2023_20260525T061310358565Z.json
gpu,33,UNKNOWN,UNKNOWN,UNKNOWN,UNKNOWN,8.96,,False,,PASSED,,onnx/ACASXU_run2a_4_7_batch_2000.onnx,vnnlib/prop_1.vnnlib,"[""UNKNOWN""]","[""UNKNOWN""]",[null],,/data1/Kane/ACT/audit_results/r93_rerun_20260525T083118Z/acasxu_gpu186_t30_20260525T154939Z/per_instance_acasxu_2023_20260525T061310358565Z.json
gpu,34,UNKNOWN,UNKNOWN,UNKNOWN,UNKNOWN,9.71,,False,,PASSED,,onnx/ACASXU_run2a_4_8_batch_2000.onnx,vnnlib/prop_1.vnnlib,"[""UNKNOWN""]","[""UNKNOWN""]",[null],,/data1/Kane/ACT/audit_results/r93_rerun_20260525T083118Z/acasxu_gpu186_t30_20260525T154939Z/per_instance_acasxu_2023_20260525T061310358565Z.json
gpu,35,UNKNOWN,UNKNOWN,UNKNOWN,UNKNOWN,9.334,,False,,PASSED,,onnx/ACASXU_run2a_4_9_batch_2000.onnx,vnnlib/prop_1.vnnlib,"[""UNKNOWN""]","[""UNKNOWN""]",[null],,/data1/Kane/ACT/audit_results/r93_rerun_20260525T083118Z/acasxu_gpu186_t30_20260525T154939Z/per_instance_acasxu_2023_20260525T061310358565Z.json
gpu,36,UNKNOWN,UNKNOWN,UNKNOWN,UNKNOWN,9.0,,False,,PASSED,,onnx/ACASXU_run2a_5_1_batch_2000.onnx,vnnlib/prop_1.vnnlib,"[""UNKNOWN""]","[""UNKNOWN""]",[null],,/data1/Kane/ACT/audit_results/r93_rerun_20260525T083118Z/acasxu_gpu186_t30_20260525T154939Z/per_instance_acasxu_2023_20260525T061310358565Z.json
gpu,37,UNKNOWN,UNKNOWN,UNKNOWN,UNKNOWN,8.21,,False,,PASSED,,onnx/ACASXU_run2a_5_2_batch_2000.onnx,vnnlib/prop_1.vnnlib,"[""UNKNOWN""]","[""UNKNOWN""]",[null],,/data1/Kane/ACT/audit_results/r93_rerun_20260525T083118Z/acasxu_gpu186_t30_20260525T154939Z/per_instance_acasxu_2023_20260525T061310358565Z.json
gpu,38,UNKNOWN,UNKNOWN,UNKNOWN,UNKNOWN,8.128,,False,,PASSED,,onnx/ACASXU_run2a_5_3_batch_2000.onnx,vnnlib/prop_1.vnnlib,"[""UNKNOWN""]","[""UNKNOWN""]",[null],,/data1/Kane/ACT/audit_results/r93_rerun_20260525T083118Z/acasxu_gpu186_t30_20260525T154939Z/per_instance_acasxu_2023_20260525T061310358565Z.json
gpu,39,UNKNOWN,UNKNOWN,UNKNOWN,UNKNOWN,8.427,,False,,PASSED,,onnx/ACASXU_run2a_5_4_batch_2000.onnx,vnnlib/prop_1.vnnlib,"[""UNKNOWN""]","[""UNKNOWN""]",[null],,/data1/Kane/ACT/audit_results/r93_rerun_20260525T083118Z/acasxu_gpu186_t30_20260525T154939Z/per_instance_acasxu_2023_20260525T061310358565Z.json
gpu,4,UNKNOWN,UNKNOWN,UNKNOWN,UNKNOWN,8.382,,False,,PASSED,,onnx/ACASXU_run2a_1_5_batch_2000.onnx,vnnlib/prop_1.vnnlib,"[""UNKNOWN""]","[""UNKNOWN""]",[null],,/data1/Kane/ACT/audit_results/r93_rerun_20260525T083118Z/acasxu_gpu186_t30_20260525T154939Z/per_instance_acasxu_2023_20260525T061310358565Z.json
gpu,40,UNKNOWN,UNKNOWN,UNKNOWN,UNKNOWN,8.771,,False,,PASSED,,onnx/ACASXU_run2a_5_5_batch_2000.onnx,vnnlib/prop_1.vnnlib,"[""UNKNOWN""]","[""UNKNOWN""]",[null],,/data1/Kane/ACT/audit_results/r93_rerun_20260525T083118Z/acasxu_gpu186_t30_20260525T154939Z/per_instance_acasxu_2023_20260525T061310358565Z.json
gpu,41,UNKNOWN,UNKNOWN,UNKNOWN,UNKNOWN,9.608,,False,,PASSED,,onnx/ACASXU_run2a_5_6_batch_2000.onnx,vnnlib/prop_1.vnnlib,"[""UNKNOWN""]","[""UNKNOWN""]",[null],,/data1/Kane/ACT/audit_results/r93_rerun_20260525T083118Z/acasxu_gpu186_t30_20260525T154939Z/per_instance_acasxu_2023_20260525T061310358565Z.json
gpu,42,UNKNOWN,UNKNOWN,UNKNOWN,UNKNOWN,9.718,,False,,PASSED,,onnx/ACASXU_run2a_5_7_batch_2000.onnx,vnnlib/prop_1.vnnlib,"[""UNKNOWN""]","[""UNKNOWN""]",[null],,/data1/Kane/ACT/audit_results/r93_rerun_20260525T083118Z/acasxu_gpu186_t30_20260525T154939Z/per_instance_acasxu_2023_20260525T061310358565Z.json
gpu,43,UNKNOWN,UNKNOWN,UNKNOWN,UNKNOWN,9.946,,False,,PASSED,,onnx/ACASXU_run2a_5_8_batch_2000.onnx,vnnlib/prop_1.vnnlib,"[""UNKNOWN""]","[""UNKNOWN""]",[null],,/data1/Kane/ACT/audit_results/r93_rerun_20260525T083118Z/acasxu_gpu186_t30_20260525T154939Z/per_instance_acasxu_2023_20260525T061310358565Z.json
gpu,44,UNKNOWN,UNKNOWN,UNKNOWN,UNKNOWN,9.86,,False,,PASSED,,onnx/ACASXU_run2a_5_9_batch_2000.onnx,vnnlib/prop_1.vnnlib,"[""UNKNOWN""]","[""UNKNOWN""]",[null],,/data1/Kane/ACT/audit_results/r93_rerun_20260525T083118Z/acasxu_gpu186_t30_20260525T154939Z/per_instance_acasxu_2023_20260525T061310358565Z.json
gpu,45,UNKNOWN,UNKNOWN,UNKNOWN,UNKNOWN,7.796,,False,,PASSED,,onnx/ACASXU_run2a_1_1_batch_2000.onnx,vnnlib/prop_2.vnnlib,"[""UNKNOWN""]","[""UNKNOWN""]",[null],,/data1/Kane/ACT/audit_results/r93_rerun_20260525T083118Z/acasxu_gpu186_t30_20260525T154939Z/per_instance_acasxu_2023_20260525T061310358565Z.json
gpu,46,UNKNOWN,UNKNOWN,UNKNOWN,UNKNOWN,8.524,,False,,PASSED,,onnx/ACASXU_run2a_1_2_batch_2000.onnx,vnnlib/prop_2.vnnlib,"[""UNKNOWN""]","[""UNKNOWN""]",[null],,/data1/Kane/ACT/audit_results/r93_rerun_20260525T083118Z/acasxu_gpu186_t30_20260525T154939Z/per_instance_acasxu_2023_20260525T061310358565Z.json
gpu,47,UNKNOWN,UNKNOWN,UNKNOWN,UNKNOWN,9.611,,False,,PASSED,,onnx/ACASXU_run2a_1_3_batch_2000.onnx,vnnlib/prop_2.vnnlib,"[""UNKNOWN""]","[""UNKNOWN""]",[null],,/data1/Kane/ACT/audit_results/r93_rerun_20260525T083118Z/acasxu_gpu186_t30_20260525T154939Z/per_instance_acasxu_2023_20260525T061310358565Z.json
gpu,48,UNKNOWN,UNKNOWN,UNKNOWN,UNKNOWN,10.215,,False,,PASSED,,onnx/ACASXU_run2a_1_4_batch_2000.onnx,vnnlib/prop_2.vnnlib,"[""UNKNOWN""]","[""UNKNOWN""]",[null],,/data1/Kane/ACT/audit_results/r93_rerun_20260525T083118Z/acasxu_gpu186_t30_20260525T154939Z/per_instance_acasxu_2023_20260525T061310358565Z.json
gpu,49,UNKNOWN,UNKNOWN,UNKNOWN,UNKNOWN,8.703,,False,,PASSED,,onnx/ACASXU_run2a_1_5_batch_2000.onnx,vnnlib/prop_2.vnnlib,"[""UNKNOWN""]","[""UNKNOWN""]",[null],,/data1/Kane/ACT/audit_results/r93_rerun_20260525T083118Z/acasxu_gpu186_t30_20260525T154939Z/per_instance_acasxu_2023_20260525T061310358565Z.json
gpu,5,UNKNOWN,UNKNOWN,UNKNOWN,UNKNOWN,8.637,,False,,PASSED,,onnx/ACASXU_run2a_1_6_batch_2000.onnx,vnnlib/prop_1.vnnlib,"[""UNKNOWN""]","[""UNKNOWN""]",[null],,/data1/Kane/ACT/audit_results/r93_rerun_20260525T083118Z/acasxu_gpu186_t30_20260525T154939Z/per_instance_acasxu_2023_20260525T061310358565Z.json
gpu,50,UNKNOWN,UNKNOWN,UNKNOWN,UNKNOWN,8.831,,False,,PASSED,,onnx/ACASXU_run2a_1_6_batch_2000.onnx,vnnlib/prop_2.vnnlib,"[""UNKNOWN""]","[""UNKNOWN""]",[null],,/data1/Kane/ACT/audit_results/r93_rerun_20260525T083118Z/acasxu_gpu186_t30_20260525T154939Z/per_instance_acasxu_2023_20260525T061310358565Z.json
gpu,51,UNKNOWN,UNKNOWN,UNKNOWN,UNKNOWN,8.775,,False,,PASSED,,onnx/ACASXU_run2a_1_7_batch_2000.onnx,vnnlib/prop_2.vnnlib,"[""UNKNOWN""]","[""UNKNOWN""]",[null],,/data1/Kane/ACT/audit_results/r93_rerun_20260525T083118Z/acasxu_gpu186_t30_20260525T154939Z/per_instance_acasxu_2023_20260525T061310358565Z.json
gpu,52,UNKNOWN,UNKNOWN,UNKNOWN,UNKNOWN,8.465,,False,,PASSED,,onnx/ACASXU_run2a_1_8_batch_2000.onnx,vnnlib/prop_2.vnnlib,"[""UNKNOWN""]","[""UNKNOWN""]",[null],,/data1/Kane/ACT/audit_results/r93_rerun_20260525T083118Z/acasxu_gpu186_t30_20260525T154939Z/per_instance_acasxu_2023_20260525T061310358565Z.json
gpu,53,UNKNOWN,UNKNOWN,UNKNOWN,UNKNOWN,8.818,,False,,PASSED,,onnx/ACASXU_run2a_1_9_batch_2000.onnx,vnnlib/prop_2.vnnlib,"[""UNKNOWN""]","[""UNKNOWN""]",[null],,/data1/Kane/ACT/audit_results/r93_rerun_20260525T083118Z/acasxu_gpu186_t30_20260525T154939Z/per_instance_acasxu_2023_20260525T061310358565Z.json
gpu,54,UNKNOWN,UNKNOWN,UNKNOWN,UNKNOWN,9.149,,False,,PASSED,,onnx/ACASXU_run2a_2_1_batch_2000.onnx,vnnlib/prop_2.vnnlib,"[""UNKNOWN""]","[""UNKNOWN""]",[null],,/data1/Kane/ACT/audit_results/r93_rerun_20260525T083118Z/acasxu_gpu186_t30_20260525T154939Z/per_instance_acasxu_2023_20260525T061310358565Z.json
gpu,55,UNKNOWN,UNKNOWN,UNKNOWN,UNKNOWN,9.359,,False,,PASSED,,onnx/ACASXU_run2a_2_2_batch_2000.onnx,vnnlib/prop_2.vnnlib,"[""UNKNOWN""]","[""UNKNOWN""]",[null],,/data1/Kane/ACT/audit_results/r93_rerun_20260525T083118Z/acasxu_gpu186_t30_20260525T154939Z/per_instance_acasxu_2023_20260525T061310358565Z.json
gpu,56,UNKNOWN,UNKNOWN,UNKNOWN,UNKNOWN,8.307,,False,,PASSED,,onnx/ACASXU_run2a_2_3_batch_2000.onnx,vnnlib/prop_2.vnnlib,"[""UNKNOWN""]","[""UNKNOWN""]",[null],,/data1/Kane/ACT/audit_results/r93_rerun_20260525T083118Z/acasxu_gpu186_t30_20260525T154939Z/per_instance_acasxu_2023_20260525T061310358565Z.json
gpu,57,UNKNOWN,UNKNOWN,UNKNOWN,UNKNOWN,8.082,,False,,PASSED,,onnx/ACASXU_run2a_2_4_batch_2000.onnx,vnnlib/prop_2.vnnlib,"[""UNKNOWN""]","[""UNKNOWN""]",[null],,/data1/Kane/ACT/audit_results/r93_rerun_20260525T083118Z/acasxu_gpu186_t30_20260525T154939Z/per_instance_acasxu_2023_20260525T061310358565Z.json
gpu,58,FALSIFIED,SAT,FALSIFIED,FALSIFIED,9.102,,False,,PASSED,,onnx/ACASXU_run2a_2_5_batch_2000.onnx,vnnlib/prop_2.vnnlib,"[""SAT""]","[""FALSIFIED""]","[""/data1/Kane/ACT/audit_results/r93_rerun_20260525T083118Z/acasxu_gpu186_t30_20260525T154939Z/acasxu_2023_58_q0_small_dense_lp_witness_0.json""]",,/data1/Kane/ACT/audit_results/r93_rerun_20260525T083118Z/acasxu_gpu186_t30_20260525T154939Z/per_instance_acasxu_2023_20260525T061310358565Z.json
gpu,59,UNKNOWN,UNKNOWN,UNKNOWN,UNKNOWN,9.324,,False,,PASSED,,onnx/ACASXU_run2a_2_6_batch_2000.onnx,vnnlib/prop_2.vnnlib,"[""UNKNOWN""]","[""UNKNOWN""]",[null],,/data1/Kane/ACT/audit_results/r93_rerun_20260525T083118Z/acasxu_gpu186_t30_20260525T154939Z/per_instance_acasxu_2023_20260525T061310358565Z.json
gpu,6,UNKNOWN,UNKNOWN,UNKNOWN,UNKNOWN,8.689,,False,,PASSED,,onnx/ACASXU_run2a_1_7_batch_2000.onnx,vnnlib/prop_1.vnnlib,"[""UNKNOWN""]","[""UNKNOWN""]",[null],,/data1/Kane/ACT/audit_results/r93_rerun_20260525T083118Z/acasxu_gpu186_t30_20260525T154939Z/per_instance_acasxu_2023_20260525T061310358565Z.json
gpu,60,UNKNOWN,UNKNOWN,UNKNOWN,UNKNOWN,9.137,,False,,PASSED,,onnx/ACASXU_run2a_2_7_batch_2000.onnx,vnnlib/prop_2.vnnlib,"[""UNKNOWN""]","[""UNKNOWN""]",[null],,/data1/Kane/ACT/audit_results/r93_rerun_20260525T083118Z/acasxu_gpu186_t30_20260525T154939Z/per_instance_acasxu_2023_20260525T061310358565Z.json
gpu,61,FALSIFIED,SAT,FALSIFIED,FALSIFIED,9.326,,False,,PASSED,,onnx/ACASXU_run2a_2_8_batch_2000.onnx,vnnlib/prop_2.vnnlib,"[""SAT""]","[""FALSIFIED""]","[""/data1/Kane/ACT/audit_results/r93_rerun_20260525T083118Z/acasxu_gpu186_t30_20260525T154939Z/acasxu_2023_61_q0_small_dense_lp_witness_0.json""]",,/data1/Kane/ACT/audit_results/r93_rerun_20260525T083118Z/acasxu_gpu186_t30_20260525T154939Z/per_instance_acasxu_2023_20260525T061310358565Z.json
gpu,62,UNKNOWN,UNKNOWN,UNKNOWN,UNKNOWN,11.951,,False,,PASSED,,onnx/ACASXU_run2a_2_9_batch_2000.onnx,vnnlib/prop_2.vnnlib,"[""UNKNOWN""]","[""UNKNOWN""]",[null],,/data1/Kane/ACT/audit_results/r93_rerun_20260525T083118Z/acasxu_gpu186_t30_20260525T154939Z/per_instance_acasxu_2023_20260525T061310358565Z.json
gpu,63,UNKNOWN,UNKNOWN,UNKNOWN,UNKNOWN,10.289,,False,,PASSED,,onnx/ACASXU_run2a_3_1_batch_2000.onnx,vnnlib/prop_2.vnnlib,"[""UNKNOWN""]","[""UNKNOWN""]",[null],,/data1/Kane/ACT/audit_results/r93_rerun_20260525T083118Z/acasxu_gpu186_t30_20260525T154939Z/per_instance_acasxu_2023_20260525T061310358565Z.json
gpu,64,UNKNOWN,UNKNOWN,UNKNOWN,UNKNOWN,8.811,,False,,PASSED,,onnx/ACASXU_run2a_3_2_batch_2000.onnx,vnnlib/prop_2.vnnlib,"[""UNKNOWN""]","[""UNKNOWN""]",[null],,/data1/Kane/ACT/audit_results/r93_rerun_20260525T083118Z/acasxu_gpu186_t30_20260525T154939Z/per_instance_acasxu_2023_20260525T061310358565Z.json
gpu,65,UNKNOWN,UNKNOWN,UNKNOWN,UNKNOWN,9.29,,False,,PASSED,,onnx/ACASXU_run2a_3_3_batch_2000.onnx,vnnlib/prop_2.vnnlib,"[""UNKNOWN""]","[""UNKNOWN""]",[null],,/data1/Kane/ACT/audit_results/r93_rerun_20260525T083118Z/acasxu_gpu186_t30_20260525T154939Z/per_instance_acasxu_2023_20260525T061310358565Z.json
gpu,66,UNKNOWN,UNKNOWN,UNKNOWN,UNKNOWN,8.242,,False,,PASSED,,onnx/ACASXU_run2a_3_4_batch_2000.onnx,vnnlib/prop_2.vnnlib,"[""UNKNOWN""]","[""UNKNOWN""]",[null],,/data1/Kane/ACT/audit_results/r93_rerun_20260525T083118Z/acasxu_gpu186_t30_20260525T154939Z/per_instance_acasxu_2023_20260525T061310358565Z.json
gpu,67,FALSIFIED,SAT,FALSIFIED,FALSIFIED,8.076,,False,,PASSED,,onnx/ACASXU_run2a_3_5_batch_2000.onnx,vnnlib/prop_2.vnnlib,"[""SAT""]","[""FALSIFIED""]","[""/data1/Kane/ACT/audit_results/r93_rerun_20260525T083118Z/acasxu_gpu186_t30_20260525T154939Z/acasxu_2023_67_q0_small_dense_lp_witness_0.json""]",,/data1/Kane/ACT/audit_results/r93_rerun_20260525T083118Z/acasxu_gpu186_t30_20260525T154939Z/per_instance_acasxu_2023_20260525T061310358565Z.json
gpu,68,UNKNOWN,UNKNOWN,UNKNOWN,UNKNOWN,9.23,,False,,PASSED,,onnx/ACASXU_run2a_3_6_batch_2000.onnx,vnnlib/prop_2.vnnlib,"[""UNKNOWN""]","[""UNKNOWN""]",[null],,/data1/Kane/ACT/audit_results/r93_rerun_20260525T083118Z/acasxu_gpu186_t30_20260525T154939Z/per_instance_acasxu_2023_20260525T061310358565Z.json
gpu,69,UNKNOWN,UNKNOWN,UNKNOWN,UNKNOWN,10.45,,False,,PASSED,,onnx/ACASXU_run2a_3_7_batch_2000.onnx,vnnlib/prop_2.vnnlib,"[""UNKNOWN""]","[""UNKNOWN""]",[null],,/data1/Kane/ACT/audit_results/r93_rerun_20260525T083118Z/acasxu_gpu186_t30_20260525T154939Z/per_instance_acasxu_2023_20260525T061310358565Z.json
gpu,7,UNKNOWN,UNKNOWN,UNKNOWN,UNKNOWN,8.313,,False,,PASSED,,onnx/ACASXU_run2a_1_8_batch_2000.onnx,vnnlib/prop_1.vnnlib,"[""UNKNOWN""]","[""UNKNOWN""]",[null],,/data1/Kane/ACT/audit_results/r93_rerun_20260525T083118Z/acasxu_gpu186_t30_20260525T154939Z/per_instance_acasxu_2023_20260525T061310358565Z.json
gpu,70,UNKNOWN,UNKNOWN,UNKNOWN,UNKNOWN,8.975,,False,,PASSED,,onnx/ACASXU_run2a_3_8_batch_2000.onnx,vnnlib/prop_2.vnnlib,"[""UNKNOWN""]","[""UNKNOWN""]",[null],,/data1/Kane/ACT/audit_results/r93_rerun_20260525T083118Z/acasxu_gpu186_t30_20260525T154939Z/per_instance_acasxu_2023_20260525T061310358565Z.json
gpu,71,UNKNOWN,UNKNOWN,UNKNOWN,UNKNOWN,9.093,,False,,PASSED,,onnx/ACASXU_run2a_3_9_batch_2000.onnx,vnnlib/prop_2.vnnlib,"[""UNKNOWN""]","[""UNKNOWN""]",[null],,/data1/Kane/ACT/audit_results/r93_rerun_20260525T083118Z/acasxu_gpu186_t30_20260525T154939Z/per_instance_acasxu_2023_20260525T061310358565Z.json
gpu,72,UNKNOWN,UNKNOWN,UNKNOWN,UNKNOWN,8.115,,False,,PASSED,,onnx/ACASXU_run2a_4_1_batch_2000.onnx,vnnlib/prop_2.vnnlib,"[""UNKNOWN""]","[""UNKNOWN""]",[null],,/data1/Kane/ACT/audit_results/r93_rerun_20260525T083118Z/acasxu_gpu186_t30_20260525T154939Z/per_instance_acasxu_2023_20260525T061310358565Z.json
gpu,73,UNKNOWN,UNKNOWN,UNKNOWN,UNKNOWN,9.165,,False,,PASSED,,onnx/ACASXU_run2a_4_2_batch_2000.onnx,vnnlib/prop_2.vnnlib,"[""UNKNOWN""]","[""UNKNOWN""]",[null],,/data1/Kane/ACT/audit_results/r93_rerun_20260525T083118Z/acasxu_gpu186_t30_20260525T154939Z/per_instance_acasxu_2023_20260525T061310358565Z.json
gpu,74,UNKNOWN,UNKNOWN,UNKNOWN,UNKNOWN,8.61,,False,,PASSED,,onnx/ACASXU_run2a_4_3_batch_2000.onnx,vnnlib/prop_2.vnnlib,"[""UNKNOWN""]","[""UNKNOWN""]",[null],,/data1/Kane/ACT/audit_results/r93_rerun_20260525T083118Z/acasxu_gpu186_t30_20260525T154939Z/per_instance_acasxu_2023_20260525T061310358565Z.json
gpu,75,FALSIFIED,SAT,FALSIFIED,FALSIFIED,7.974,,False,,PASSED,,onnx/ACASXU_run2a_4_4_batch_2000.onnx,vnnlib/prop_2.vnnlib,"[""SAT""]","[""FALSIFIED""]","[""/data1/Kane/ACT/audit_results/r93_rerun_20260525T083118Z/acasxu_gpu186_t30_20260525T154939Z/acasxu_2023_75_q0_small_dense_lp_witness_0.json""]",,/data1/Kane/ACT/audit_results/r93_rerun_20260525T083118Z/acasxu_gpu186_t30_20260525T154939Z/per_instance_acasxu_2023_20260525T061310358565Z.json
gpu,76,UNKNOWN,UNKNOWN,UNKNOWN,UNKNOWN,9.408,,False,,PASSED,,onnx/ACASXU_run2a_4_5_batch_2000.onnx,vnnlib/prop_2.vnnlib,"[""UNKNOWN""]","[""UNKNOWN""]",[null],,/data1/Kane/ACT/audit_results/r93_rerun_20260525T083118Z/acasxu_gpu186_t30_20260525T154939Z/per_instance_acasxu_2023_20260525T061310358565Z.json
gpu,77,UNKNOWN,UNKNOWN,UNKNOWN,UNKNOWN,9.46,,False,,PASSED,,onnx/ACASXU_run2a_4_6_batch_2000.onnx,vnnlib/prop_2.vnnlib,"[""UNKNOWN""]","[""UNKNOWN""]",[null],,/data1/Kane/ACT/audit_results/r93_rerun_20260525T083118Z/acasxu_gpu186_t30_20260525T154939Z/per_instance_acasxu_2023_20260525T061310358565Z.json
gpu,78,FALSIFIED,SAT,FALSIFIED,FALSIFIED,8.791,,False,,PASSED,,onnx/ACASXU_run2a_4_7_batch_2000.onnx,vnnlib/prop_2.vnnlib,"[""SAT""]","[""FALSIFIED""]","[""/data1/Kane/ACT/audit_results/r93_rerun_20260525T083118Z/acasxu_gpu186_t30_20260525T154939Z/acasxu_2023_78_q0_small_dense_lp_witness_0.json""]",,/data1/Kane/ACT/audit_results/r93_rerun_20260525T083118Z/acasxu_gpu186_t30_20260525T154939Z/per_instance_acasxu_2023_20260525T061310358565Z.json
gpu,79,FALSIFIED,SAT,FALSIFIED,FALSIFIED,9.722,,False,,PASSED,,onnx/ACASXU_run2a_4_8_batch_2000.onnx,vnnlib/prop_2.vnnlib,"[""SAT""]","[""FALSIFIED""]","[""/data1/Kane/ACT/audit_results/r93_rerun_20260525T083118Z/acasxu_gpu186_t30_20260525T154939Z/acasxu_2023_79_q0_small_dense_lp_witness_0.json""]",,/data1/Kane/ACT/audit_results/r93_rerun_20260525T083118Z/acasxu_gpu186_t30_20260525T154939Z/per_instance_acasxu_2023_20260525T061310358565Z.json
gpu,8,UNKNOWN,UNKNOWN,UNKNOWN,UNKNOWN,8.688,,False,,PASSED,,onnx/ACASXU_run2a_1_9_batch_2000.onnx,vnnlib/prop_1.vnnlib,"[""UNKNOWN""]","[""UNKNOWN""]",[null],,/data1/Kane/ACT/audit_results/r93_rerun_20260525T083118Z/acasxu_gpu186_t30_20260525T154939Z/per_instance_acasxu_2023_20260525T061310358565Z.json
gpu,80,UNKNOWN,UNKNOWN,UNKNOWN,UNKNOWN,9.407,,False,,PASSED,,onnx/ACASXU_run2a_4_9_batch_2000.onnx,vnnlib/prop_2.vnnlib,"[""UNKNOWN""]","[""UNKNOWN""]",[null],,/data1/Kane/ACT/audit_results/r93_rerun_20260525T083118Z/acasxu_gpu186_t30_20260525T154939Z/per_instance_acasxu_2023_20260525T061310358565Z.json
gpu,81,UNKNOWN,UNKNOWN,UNKNOWN,UNKNOWN,8.977,,False,,PASSED,,onnx/ACASXU_run2a_5_1_batch_2000.onnx,vnnlib/prop_2.vnnlib,"[""UNKNOWN""]","[""UNKNOWN""]",[null],,/data1/Kane/ACT/audit_results/r93_rerun_20260525T083118Z/acasxu_gpu186_t30_20260525T154939Z/per_instance_acasxu_2023_20260525T061310358565Z.json
gpu,82,UNKNOWN,UNKNOWN,UNKNOWN,UNKNOWN,8.389,,False,,PASSED,,onnx/ACASXU_run2a_5_2_batch_2000.onnx,vnnlib/prop_2.vnnlib,"[""UNKNOWN""]","[""UNKNOWN""]",[null],,/data1/Kane/ACT/audit_results/r93_rerun_20260525T083118Z/acasxu_gpu186_t30_20260525T154939Z/per_instance_acasxu_2023_20260525T061310358565Z.json
gpu,83,UNKNOWN,UNKNOWN,UNKNOWN,UNKNOWN,8.206,,False,,PASSED,,onnx/ACASXU_run2a_5_3_batch_2000.onnx,vnnlib/prop_2.vnnlib,"[""UNKNOWN""]","[""UNKNOWN""]",[null],,/data1/Kane/ACT/audit_results/r93_rerun_20260525T083118Z/acasxu_gpu186_t30_20260525T154939Z/per_instance_acasxu_2023_20260525T061310358565Z.json
gpu,84,FALSIFIED,SAT,FALSIFIED,FALSIFIED,8.362,,False,,PASSED,,onnx/ACASXU_run2a_5_4_batch_2000.onnx,vnnlib/prop_2.vnnlib,"[""SAT""]","[""FALSIFIED""]","[""/data1/Kane/ACT/audit_results/r93_rerun_20260525T083118Z/acasxu_gpu186_t30_20260525T154939Z/acasxu_2023_84_q0_small_dense_lp_witness_0.json""]",,/data1/Kane/ACT/audit_results/r93_rerun_20260525T083118Z/acasxu_gpu186_t30_20260525T154939Z/per_instance_acasxu_2023_20260525T061310358565Z.json
gpu,85,UNKNOWN,UNKNOWN,UNKNOWN,UNKNOWN,8.675,,False,,PASSED,,onnx/ACASXU_run2a_5_5_batch_2000.onnx,vnnlib/prop_2.vnnlib,"[""UNKNOWN""]","[""UNKNOWN""]",[null],,/data1/Kane/ACT/audit_results/r93_rerun_20260525T083118Z/acasxu_gpu186_t30_20260525T154939Z/per_instance_acasxu_2023_20260525T061310358565Z.json
gpu,86,FALSIFIED,SAT,FALSIFIED,FALSIFIED,9.614,,False,,PASSED,,onnx/ACASXU_run2a_5_6_batch_2000.onnx,vnnlib/prop_2.vnnlib,"[""SAT""]","[""FALSIFIED""]","[""/data1/Kane/ACT/audit_results/r93_rerun_20260525T083118Z/acasxu_gpu186_t30_20260525T154939Z/acasxu_2023_86_q0_small_dense_lp_witness_0.json""]",,/data1/Kane/ACT/audit_results/r93_rerun_20260525T083118Z/acasxu_gpu186_t30_20260525T154939Z/per_instance_acasxu_2023_20260525T061310358565Z.json
gpu,87,FALSIFIED,SAT,FALSIFIED,FALSIFIED,9.647,,False,,PASSED,,onnx/ACASXU_run2a_5_7_batch_2000.onnx,vnnlib/prop_2.vnnlib,"[""SAT""]","[""FALSIFIED""]","[""/data1/Kane/ACT/audit_results/r93_rerun_20260525T083118Z/acasxu_gpu186_t30_20260525T154939Z/acasxu_2023_87_q0_small_dense_lp_witness_0.json""]",,/data1/Kane/ACT/audit_results/r93_rerun_20260525T083118Z/acasxu_gpu186_t30_20260525T154939Z/per_instance_acasxu_2023_20260525T061310358565Z.json
gpu,88,UNKNOWN,UNKNOWN,UNKNOWN,UNKNOWN,9.809,,False,,PASSED,,onnx/ACASXU_run2a_5_8_batch_2000.onnx,vnnlib/prop_2.vnnlib,"[""UNKNOWN""]","[""UNKNOWN""]",[null],,/data1/Kane/ACT/audit_results/r93_rerun_20260525T083118Z/acasxu_gpu186_t30_20260525T154939Z/per_instance_acasxu_2023_20260525T061310358565Z.json
gpu,89,UNKNOWN,UNKNOWN,UNKNOWN,UNKNOWN,9.88,,False,,PASSED,,onnx/ACASXU_run2a_5_9_batch_2000.onnx,vnnlib/prop_2.vnnlib,"[""UNKNOWN""]","[""UNKNOWN""]",[null],,/data1/Kane/ACT/audit_results/r93_rerun_20260525T083118Z/acasxu_gpu186_t30_20260525T154939Z/per_instance_acasxu_2023_20260525T061310358565Z.json
gpu,9,UNKNOWN,UNKNOWN,UNKNOWN,UNKNOWN,9.074,,False,,PASSED,,onnx/ACASXU_run2a_2_1_batch_2000.onnx,vnnlib/prop_1.vnnlib,"[""UNKNOWN""]","[""UNKNOWN""]",[null],,/data1/Kane/ACT/audit_results/r93_rerun_20260525T083118Z/acasxu_gpu186_t30_20260525T154939Z/per_instance_acasxu_2023_20260525T061310358565Z.json
gpu,90,UNKNOWN,UNKNOWN,UNKNOWN,UNKNOWN,5.026,,False,,PASSED,,onnx/ACASXU_run2a_1_1_batch_2000.onnx,vnnlib/prop_3.vnnlib,"[""UNKNOWN""]","[""UNKNOWN""]",[null],,/data1/Kane/ACT/audit_results/r93_rerun_20260525T083118Z/acasxu_gpu186_t30_20260525T154939Z/per_instance_acasxu_2023_20260525T061310358565Z.json
gpu,91,UNKNOWN,UNKNOWN,UNKNOWN,UNKNOWN,6.059,,False,,PASSED,,onnx/ACASXU_run2a_1_2_batch_2000.onnx,vnnlib/prop_3.vnnlib,"[""UNKNOWN""]","[""UNKNOWN""]",[null],,/data1/Kane/ACT/audit_results/r93_rerun_20260525T083118Z/acasxu_gpu186_t30_20260525T154939Z/per_instance_acasxu_2023_20260525T061310358565Z.json
gpu,92,UNKNOWN,UNKNOWN,UNKNOWN,UNKNOWN,2.996,,False,,PASSED,,onnx/ACASXU_run2a_1_3_batch_2000.onnx,vnnlib/prop_3.vnnlib,"[""UNKNOWN""]","[""UNKNOWN""]",[null],,/data1/Kane/ACT/audit_results/r93_rerun_20260525T083118Z/acasxu_gpu186_t30_20260525T154939Z/per_instance_acasxu_2023_20260525T061310358565Z.json
gpu,93,CERTIFIED,UNSAT,CERTIFIED,CERTIFIED,0.652,,False,,PASSED,,onnx/ACASXU_run2a_1_4_batch_2000.onnx,vnnlib/prop_3.vnnlib,"[""UNSAT""]","[""CERTIFIED""]",[null],,/data1/Kane/ACT/audit_results/r93_rerun_20260525T083118Z/acasxu_gpu186_t30_20260525T154939Z/per_instance_acasxu_2023_20260525T061310358565Z.json
gpu,94,CERTIFIED,UNSAT,CERTIFIED,CERTIFIED,0.588,,False,,PASSED,,onnx/ACASXU_run2a_1_5_batch_2000.onnx,vnnlib/prop_3.vnnlib,"[""UNSAT""]","[""CERTIFIED""]",[null],,/data1/Kane/ACT/audit_results/r93_rerun_20260525T083118Z/acasxu_gpu186_t30_20260525T154939Z/per_instance_acasxu_2023_20260525T061310358565Z.json
gpu,95,CERTIFIED,UNSAT,CERTIFIED,CERTIFIED,0.457,,False,,PASSED,,onnx/ACASXU_run2a_1_6_batch_2000.onnx,vnnlib/prop_3.vnnlib,"[""UNSAT""]","[""CERTIFIED""]",[null],,/data1/Kane/ACT/audit_results/r93_rerun_20260525T083118Z/acasxu_gpu186_t30_20260525T154939Z/per_instance_acasxu_2023_20260525T061310358565Z.json
gpu,96,FALSIFIED,SAT,FALSIFIED,FALSIFIED,1.679,,False,,PASSED,,onnx/ACASXU_run2a_1_7_batch_2000.onnx,vnnlib/prop_3.vnnlib,"[""SAT""]","[""FALSIFIED""]","[""/data1/Kane/ACT/audit_results/r93_rerun_20260525T083118Z/acasxu_gpu186_t30_20260525T154939Z/acasxu_2023_96_q0_small_dense_lp_witness_0.json""]",,/data1/Kane/ACT/audit_results/r93_rerun_20260525T083118Z/acasxu_gpu186_t30_20260525T154939Z/per_instance_acasxu_2023_20260525T061310358565Z.json
gpu,97,FALSIFIED,SAT,FALSIFIED,FALSIFIED,1.426,,False,,PASSED,,onnx/ACASXU_run2a_1_8_batch_2000.onnx,vnnlib/prop_3.vnnlib,"[""SAT""]","[""FALSIFIED""]","[""/data1/Kane/ACT/audit_results/r93_rerun_20260525T083118Z/acasxu_gpu186_t30_20260525T154939Z/acasxu_2023_97_q0_small_dense_lp_witness_0.json""]",,/data1/Kane/ACT/audit_results/r93_rerun_20260525T083118Z/acasxu_gpu186_t30_20260525T154939Z/per_instance_acasxu_2023_20260525T061310358565Z.json
gpu,98,FALSIFIED,SAT,FALSIFIED,FALSIFIED,1.309,,False,,PASSED,,onnx/ACASXU_run2a_1_9_batch_2000.onnx,vnnlib/prop_3.vnnlib,"[""SAT""]","[""FALSIFIED""]","[""/data1/Kane/ACT/audit_results/r93_rerun_20260525T083118Z/acasxu_gpu186_t30_20260525T154939Z/acasxu_2023_98_q0_small_dense_lp_witness_0.json""]",,/data1/Kane/ACT/audit_results/r93_rerun_20260525T083118Z/acasxu_gpu186_t30_20260525T154939Z/per_instance_acasxu_2023_20260525T061310358565Z.json
gpu,99,CERTIFIED,UNSAT,CERTIFIED,CERTIFIED,2.354,,False,,PASSED,,onnx/ACASXU_run2a_2_1_batch_2000.onnx,vnnlib/prop_3.vnnlib,"[""UNSAT""]","[""CERTIFIED""]",[null],,/data1/Kane/ACT/audit_results/r93_rerun_20260525T083118Z/acasxu_gpu186_t30_20260525T154939Z/per_instance_acasxu_2023_20260525T061310358565Z.json
