idx,onnx,vnnlib,csv_timeout,used_timeout,wall_sec,verdict_raw,verdict,exit_code,result_file,log_file
1,onnx/medical/perturbations_0.onnx,vnnlib/medical/hyperrectangle_418.vnnlib,20,0,0.0,,not_run,,,
2,onnx/ruarobot/perturbations_0.onnx,vnnlib/ruarobot/hyperrectangle_992.vnnlib,20,0,0.0,,not_run,,,
3,onnx/ruarobot/perturbations_0.onnx,vnnlib/ruarobot/hyperrectangle_132.vnnlib,20,0,0.0,,not_run,,,
4,onnx/ruarobot/perturbations_0.onnx,vnnlib/ruarobot/hyperrectangle_2674.vnnlib,20,0,0.0,,not_run,,,
5,onnx/medical/perturbations_0.onnx,vnnlib/medical/hyperrectangle_2839.vnnlib,20,0,0.0,,not_run,,,
6,onnx/ruarobot/perturbations_0.onnx,vnnlib/ruarobot/hyperrectangle_6891.vnnlib,20,0,0.0,,not_run,,,
7,onnx/ruarobot/perturbations_0.onnx,vnnlib/ruarobot/hyperrectangle_1921.vnnlib,20,0,0.0,,not_run,,,
8,onnx/ruarobot/perturbations_0.onnx,vnnlib/ruarobot/hyperrectangle_3558.vnnlib,20,0,0.0,,not_run,,,
9,onnx/medical/perturbations_0.onnx,vnnlib/medical/hyperrectangle_2884.vnnlib,20,0,0.0,,not_run,,,
10,onnx/ruarobot/perturbations_0.onnx,vnnlib/ruarobot/hyperrectangle_6394.vnnlib,20,0,0.0,,not_run,,,
11,onnx/medical/perturbations_0.onnx,vnnlib/medical/hyperrectangle_2330.vnnlib,20,0,0.0,,not_run,,,
12,onnx/medical/perturbations_0.onnx,vnnlib/medical/hyperrectangle_2626.vnnlib,20,0,0.0,,not_run,,,
13,onnx/ruarobot/perturbations_0.onnx,vnnlib/ruarobot/hyperrectangle_3536.vnnlib,20,0,0.0,,not_run,,,
14,onnx/ruarobot/perturbations_0.onnx,vnnlib/ruarobot/hyperrectangle_5651.vnnlib,20,0,0.0,,not_run,,,
15,onnx/ruarobot/perturbations_0.onnx,vnnlib/ruarobot/hyperrectangle_4032.vnnlib,20,0,0.0,,not_run,,,
16,onnx/ruarobot/perturbations_0.onnx,vnnlib/ruarobot/hyperrectangle_6209.vnnlib,20,0,0.0,,not_run,,,
17,onnx/medical/perturbations_0.onnx,vnnlib/medical/hyperrectangle_1590.vnnlib,20,0,0.0,,not_run,,,
18,onnx/ruarobot/perturbations_0.onnx,vnnlib/ruarobot/hyperrectangle_2411.vnnlib,20,0,0.0,,not_run,,,
19,onnx/medical/perturbations_0.onnx,vnnlib/medical/hyperrectangle_83.vnnlib,20,0,0.0,,not_run,,,
20,onnx/ruarobot/perturbations_0.onnx,vnnlib/ruarobot/hyperrectangle_706.vnnlib,20,0,0.0,,not_run,,,
21,onnx/ruarobot/perturbations_0.onnx,vnnlib/ruarobot/hyperrectangle_2809.vnnlib,20,0,0.0,,not_run,,,
22,onnx/ruarobot/perturbations_0.onnx,vnnlib/ruarobot/hyperrectangle_1889.vnnlib,20,0,0.0,,not_run,,,
23,onnx/medical/perturbations_0.onnx,vnnlib/medical/hyperrectangle_1255.vnnlib,20,0,0.0,,not_run,,,
24,onnx/ruarobot/perturbations_0.onnx,vnnlib/ruarobot/hyperrectangle_486.vnnlib,20,0,0.0,,not_run,,,
25,onnx/ruarobot/perturbations_0.onnx,vnnlib/ruarobot/hyperrectangle_6440.vnnlib,20,0,0.0,,not_run,,,
26,onnx/medical/perturbations_0.onnx,vnnlib/medical/hyperrectangle_162.vnnlib,20,0,0.0,,not_run,,,
27,onnx/medical/perturbations_0.onnx,vnnlib/medical/hyperrectangle_1899.vnnlib,20,0,0.0,,not_run,,,
28,onnx/medical/perturbations_0.onnx,vnnlib/medical/hyperrectangle_2660.vnnlib,20,0,0.0,,not_run,,,
29,onnx/medical/perturbations_0.onnx,vnnlib/medical/hyperrectangle_2421.vnnlib,20,0,0.0,,not_run,,,
30,onnx/ruarobot/perturbations_0.onnx,vnnlib/ruarobot/hyperrectangle_883.vnnlib,20,0,0.0,,not_run,,,
31,onnx/ruarobot/perturbations_0.onnx,vnnlib/ruarobot/hyperrectangle_1268.vnnlib,20,20,1.1534981727600098,UNKNOWN,unknown,0,safenlp_2024/0031__perturbations_0__hyperrectangle_1268.result,safenlp_2024/0031__perturbations_0__hyperrectangle_1268.log
32,onnx/ruarobot/perturbations_0.onnx,vnnlib/ruarobot/hyperrectangle_956.vnnlib,20,20,3.798306703567505,UNKNOWN,unknown,0,safenlp_2024/0032__perturbations_0__hyperrectangle_956.result,safenlp_2024/0032__perturbations_0__hyperrectangle_956.log
33,onnx/ruarobot/perturbations_0.onnx,vnnlib/ruarobot/hyperrectangle_859.vnnlib,20,20,0.9128599166870117,CERTIFIED,unsat,0,safenlp_2024/0033__perturbations_0__hyperrectangle_859.result,safenlp_2024/0033__perturbations_0__hyperrectangle_859.log
34,onnx/ruarobot/perturbations_0.onnx,vnnlib/ruarobot/hyperrectangle_3159.vnnlib,20,20,0.48951172828674316,CERTIFIED,unsat,0,safenlp_2024/0034__perturbations_0__hyperrectangle_3159.result,safenlp_2024/0034__perturbations_0__hyperrectangle_3159.log
35,onnx/ruarobot/perturbations_0.onnx,vnnlib/ruarobot/hyperrectangle_6504.vnnlib,20,20,0.6867663860321045,UNKNOWN,unknown,0,safenlp_2024/0035__perturbations_0__hyperrectangle_6504.result,safenlp_2024/0035__perturbations_0__hyperrectangle_6504.log
36,onnx/ruarobot/perturbations_0.onnx,vnnlib/ruarobot/hyperrectangle_6856.vnnlib,20,20,0.9936676025390625,UNKNOWN,unknown,0,safenlp_2024/0036__perturbations_0__hyperrectangle_6856.result,safenlp_2024/0036__perturbations_0__hyperrectangle_6856.log
37,onnx/ruarobot/perturbations_0.onnx,vnnlib/ruarobot/hyperrectangle_1784.vnnlib,20,20,1.776329517364502,UNKNOWN,unknown,0,safenlp_2024/0037__perturbations_0__hyperrectangle_1784.result,safenlp_2024/0037__perturbations_0__hyperrectangle_1784.log
38,onnx/medical/perturbations_0.onnx,vnnlib/medical/hyperrectangle_990.vnnlib,20,20,0.5093994140625,CERTIFIED,unsat,0,safenlp_2024/0038__perturbations_0__hyperrectangle_990.result,safenlp_2024/0038__perturbations_0__hyperrectangle_990.log
39,onnx/ruarobot/perturbations_0.onnx,vnnlib/ruarobot/hyperrectangle_3147.vnnlib,20,20,0.993462085723877,UNKNOWN,unknown,0,safenlp_2024/0039__perturbations_0__hyperrectangle_3147.result,safenlp_2024/0039__perturbations_0__hyperrectangle_3147.log
40,onnx/ruarobot/perturbations_0.onnx,vnnlib/ruarobot/hyperrectangle_3493.vnnlib,20,20,0.9614367485046387,UNKNOWN,unknown,0,safenlp_2024/0040__perturbations_0__hyperrectangle_3493.result,safenlp_2024/0040__perturbations_0__hyperrectangle_3493.log
41,onnx/ruarobot/perturbations_0.onnx,vnnlib/ruarobot/hyperrectangle_2470.vnnlib,20,20,0.9030952453613281,UNKNOWN,unknown,0,safenlp_2024/0041__perturbations_0__hyperrectangle_2470.result,safenlp_2024/0041__perturbations_0__hyperrectangle_2470.log
42,onnx/ruarobot/perturbations_0.onnx,vnnlib/ruarobot/hyperrectangle_522.vnnlib,20,20,0.9672532081604004,UNKNOWN,unknown,0,safenlp_2024/0042__perturbations_0__hyperrectangle_522.result,safenlp_2024/0042__perturbations_0__hyperrectangle_522.log
43,onnx/ruarobot/perturbations_0.onnx,vnnlib/ruarobot/hyperrectangle_2267.vnnlib,20,20,0.7760696411132812,CERTIFIED,unsat,0,safenlp_2024/0043__perturbations_0__hyperrectangle_2267.result,safenlp_2024/0043__perturbations_0__hyperrectangle_2267.log
44,onnx/ruarobot/perturbations_0.onnx,vnnlib/ruarobot/hyperrectangle_3997.vnnlib,20,20,1.121612787246704,CERTIFIED,unsat,0,safenlp_2024/0044__perturbations_0__hyperrectangle_3997.result,safenlp_2024/0044__perturbations_0__hyperrectangle_3997.log
45,onnx/ruarobot/perturbations_0.onnx,vnnlib/ruarobot/hyperrectangle_1181.vnnlib,20,20,1.1359562873840332,UNKNOWN,unknown,0,safenlp_2024/0045__perturbations_0__hyperrectangle_1181.result,safenlp_2024/0045__perturbations_0__hyperrectangle_1181.log
46,onnx/ruarobot/perturbations_0.onnx,vnnlib/ruarobot/hyperrectangle_7614.vnnlib,20,20,0.701223611831665,CERTIFIED,unsat,0,safenlp_2024/0046__perturbations_0__hyperrectangle_7614.result,safenlp_2024/0046__perturbations_0__hyperrectangle_7614.log
47,onnx/ruarobot/perturbations_0.onnx,vnnlib/ruarobot/hyperrectangle_5876.vnnlib,20,20,0.9424433708190918,UNKNOWN,unknown,0,safenlp_2024/0047__perturbations_0__hyperrectangle_5876.result,safenlp_2024/0047__perturbations_0__hyperrectangle_5876.log
48,onnx/medical/perturbations_0.onnx,vnnlib/medical/hyperrectangle_2375.vnnlib,20,20,1.5542352199554443,UNKNOWN,unknown,0,safenlp_2024/0048__perturbations_0__hyperrectangle_2375.result,safenlp_2024/0048__perturbations_0__hyperrectangle_2375.log
49,onnx/ruarobot/perturbations_0.onnx,vnnlib/ruarobot/hyperrectangle_6566.vnnlib,20,20,0.5217444896697998,CERTIFIED,unsat,0,safenlp_2024/0049__perturbations_0__hyperrectangle_6566.result,safenlp_2024/0049__perturbations_0__hyperrectangle_6566.log
50,onnx/ruarobot/perturbations_0.onnx,vnnlib/ruarobot/hyperrectangle_6800.vnnlib,20,20,0.785395622253418,UNKNOWN,unknown,0,safenlp_2024/0050__perturbations_0__hyperrectangle_6800.result,safenlp_2024/0050__perturbations_0__hyperrectangle_6800.log
51,onnx/ruarobot/perturbations_0.onnx,vnnlib/ruarobot/hyperrectangle_4389.vnnlib,20,20,1.23390531539917,UNKNOWN,unknown,0,safenlp_2024/0051__perturbations_0__hyperrectangle_4389.result,safenlp_2024/0051__perturbations_0__hyperrectangle_4389.log
52,onnx/ruarobot/perturbations_0.onnx,vnnlib/ruarobot/hyperrectangle_7014.vnnlib,20,20,0.6602828502655029,UNKNOWN,unknown,0,safenlp_2024/0052__perturbations_0__hyperrectangle_7014.result,safenlp_2024/0052__perturbations_0__hyperrectangle_7014.log
53,onnx/medical/perturbations_0.onnx,vnnlib/medical/hyperrectangle_2848.vnnlib,20,20,1.0979299545288086,UNKNOWN,unknown,0,safenlp_2024/0053__perturbations_0__hyperrectangle_2848.result,safenlp_2024/0053__perturbations_0__hyperrectangle_2848.log
54,onnx/ruarobot/perturbations_0.onnx,vnnlib/ruarobot/hyperrectangle_7916.vnnlib,20,20,0.6749374866485596,UNKNOWN,unknown,0,safenlp_2024/0054__perturbations_0__hyperrectangle_7916.result,safenlp_2024/0054__perturbations_0__hyperrectangle_7916.log
55,onnx/ruarobot/perturbations_0.onnx,vnnlib/ruarobot/hyperrectangle_4147.vnnlib,20,20,1.6525754928588867,CERTIFIED,unsat,0,safenlp_2024/0055__perturbations_0__hyperrectangle_4147.result,safenlp_2024/0055__perturbations_0__hyperrectangle_4147.log
56,onnx/medical/perturbations_0.onnx,vnnlib/medical/hyperrectangle_1953.vnnlib,20,20,0.5420243740081787,CERTIFIED,unsat,0,safenlp_2024/0056__perturbations_0__hyperrectangle_1953.result,safenlp_2024/0056__perturbations_0__hyperrectangle_1953.log
57,onnx/ruarobot/perturbations_0.onnx,vnnlib/ruarobot/hyperrectangle_3918.vnnlib,20,20,1.2043275833129883,UNKNOWN,unknown,0,safenlp_2024/0057__perturbations_0__hyperrectangle_3918.result,safenlp_2024/0057__perturbations_0__hyperrectangle_3918.log
58,onnx/ruarobot/perturbations_0.onnx,vnnlib/ruarobot/hyperrectangle_6974.vnnlib,20,20,0.6040239334106445,UNKNOWN,unknown,0,safenlp_2024/0058__perturbations_0__hyperrectangle_6974.result,safenlp_2024/0058__perturbations_0__hyperrectangle_6974.log
59,onnx/medical/perturbations_0.onnx,vnnlib/medical/hyperrectangle_1874.vnnlib,20,20,1.613154649734497,CERTIFIED,unsat,0,safenlp_2024/0059__perturbations_0__hyperrectangle_1874.result,safenlp_2024/0059__perturbations_0__hyperrectangle_1874.log
60,onnx/ruarobot/perturbations_0.onnx,vnnlib/ruarobot/hyperrectangle_2067.vnnlib,20,20,0.9144480228424072,UNKNOWN,unknown,0,safenlp_2024/0060__perturbations_0__hyperrectangle_2067.result,safenlp_2024/0060__perturbations_0__hyperrectangle_2067.log
61,onnx/medical/perturbations_0.onnx,vnnlib/medical/hyperrectangle_256.vnnlib,20,20,0.6545665264129639,CERTIFIED,unsat,0,safenlp_2024/0061__perturbations_0__hyperrectangle_256.result,safenlp_2024/0061__perturbations_0__hyperrectangle_256.log
62,onnx/ruarobot/perturbations_0.onnx,vnnlib/ruarobot/hyperrectangle_2417.vnnlib,20,20,0.6743156909942627,UNKNOWN,unknown,0,safenlp_2024/0062__perturbations_0__hyperrectangle_2417.result,safenlp_2024/0062__perturbations_0__hyperrectangle_2417.log
63,onnx/ruarobot/perturbations_0.onnx,vnnlib/ruarobot/hyperrectangle_4903.vnnlib,20,20,1.458120346069336,CERTIFIED,unsat,0,safenlp_2024/0063__perturbations_0__hyperrectangle_4903.result,safenlp_2024/0063__perturbations_0__hyperrectangle_4903.log
64,onnx/medical/perturbations_0.onnx,vnnlib/medical/hyperrectangle_2395.vnnlib,20,20,0.7250709533691406,CERTIFIED,unsat,0,safenlp_2024/0064__perturbations_0__hyperrectangle_2395.result,safenlp_2024/0064__perturbations_0__hyperrectangle_2395.log
65,onnx/ruarobot/perturbations_0.onnx,vnnlib/ruarobot/hyperrectangle_6725.vnnlib,20,20,0.8671894073486328,UNKNOWN,unknown,0,safenlp_2024/0065__perturbations_0__hyperrectangle_6725.result,safenlp_2024/0065__perturbations_0__hyperrectangle_6725.log
66,onnx/ruarobot/perturbations_0.onnx,vnnlib/ruarobot/hyperrectangle_2997.vnnlib,20,20,0.7367665767669678,UNKNOWN,unknown,0,safenlp_2024/0066__perturbations_0__hyperrectangle_2997.result,safenlp_2024/0066__perturbations_0__hyperrectangle_2997.log
67,onnx/ruarobot/perturbations_0.onnx,vnnlib/ruarobot/hyperrectangle_2410.vnnlib,20,20,0.6511976718902588,UNKNOWN,unknown,0,safenlp_2024/0067__perturbations_0__hyperrectangle_2410.result,safenlp_2024/0067__perturbations_0__hyperrectangle_2410.log
68,onnx/ruarobot/perturbations_0.onnx,vnnlib/ruarobot/hyperrectangle_7217.vnnlib,20,20,0.8631021976470947,UNKNOWN,unknown,0,safenlp_2024/0068__perturbations_0__hyperrectangle_7217.result,safenlp_2024/0068__perturbations_0__hyperrectangle_7217.log
69,onnx/ruarobot/perturbations_0.onnx,vnnlib/ruarobot/hyperrectangle_7864.vnnlib,20,20,2.8210856914520264,UNKNOWN,unknown,0,safenlp_2024/0069__perturbations_0__hyperrectangle_7864.result,safenlp_2024/0069__perturbations_0__hyperrectangle_7864.log
70,onnx/ruarobot/perturbations_0.onnx,vnnlib/ruarobot/hyperrectangle_4364.vnnlib,20,20,0.990976095199585,UNKNOWN,unknown,0,safenlp_2024/0070__perturbations_0__hyperrectangle_4364.result,safenlp_2024/0070__perturbations_0__hyperrectangle_4364.log
71,onnx/ruarobot/perturbations_0.onnx,vnnlib/ruarobot/hyperrectangle_5932.vnnlib,20,20,0.643195390701294,UNKNOWN,unknown,0,safenlp_2024/0071__perturbations_0__hyperrectangle_5932.result,safenlp_2024/0071__perturbations_0__hyperrectangle_5932.log
72,onnx/ruarobot/perturbations_0.onnx,vnnlib/ruarobot/hyperrectangle_4227.vnnlib,20,20,0.7590734958648682,UNKNOWN,unknown,0,safenlp_2024/0072__perturbations_0__hyperrectangle_4227.result,safenlp_2024/0072__perturbations_0__hyperrectangle_4227.log
73,onnx/ruarobot/perturbations_0.onnx,vnnlib/ruarobot/hyperrectangle_653.vnnlib,20,20,0.7470602989196777,UNKNOWN,unknown,0,safenlp_2024/0073__perturbations_0__hyperrectangle_653.result,safenlp_2024/0073__perturbations_0__hyperrectangle_653.log
74,onnx/ruarobot/perturbations_0.onnx,vnnlib/ruarobot/hyperrectangle_1343.vnnlib,20,20,0.7963213920593262,UNKNOWN,unknown,0,safenlp_2024/0074__perturbations_0__hyperrectangle_1343.result,safenlp_2024/0074__perturbations_0__hyperrectangle_1343.log
75,onnx/medical/perturbations_0.onnx,vnnlib/medical/hyperrectangle_1324.vnnlib,20,20,0.5583581924438477,CERTIFIED,unsat,0,safenlp_2024/0075__perturbations_0__hyperrectangle_1324.result,safenlp_2024/0075__perturbations_0__hyperrectangle_1324.log
76,onnx/medical/perturbations_0.onnx,vnnlib/medical/hyperrectangle_2672.vnnlib,20,20,1.1168994903564453,UNKNOWN,unknown,0,safenlp_2024/0076__perturbations_0__hyperrectangle_2672.result,safenlp_2024/0076__perturbations_0__hyperrectangle_2672.log
77,onnx/ruarobot/perturbations_0.onnx,vnnlib/ruarobot/hyperrectangle_6615.vnnlib,20,20,0.9429745674133301,UNKNOWN,unknown,0,safenlp_2024/0077__perturbations_0__hyperrectangle_6615.result,safenlp_2024/0077__perturbations_0__hyperrectangle_6615.log
78,onnx/ruarobot/perturbations_0.onnx,vnnlib/ruarobot/hyperrectangle_4609.vnnlib,20,20,0.7670395374298096,UNKNOWN,unknown,0,safenlp_2024/0078__perturbations_0__hyperrectangle_4609.result,safenlp_2024/0078__perturbations_0__hyperrectangle_4609.log
79,onnx/ruarobot/perturbations_0.onnx,vnnlib/ruarobot/hyperrectangle_1723.vnnlib,20,20,1.055814266204834,UNKNOWN,unknown,0,safenlp_2024/0079__perturbations_0__hyperrectangle_1723.result,safenlp_2024/0079__perturbations_0__hyperrectangle_1723.log
80,onnx/ruarobot/perturbations_0.onnx,vnnlib/ruarobot/hyperrectangle_554.vnnlib,20,20,0.7534885406494141,UNKNOWN,unknown,0,safenlp_2024/0080__perturbations_0__hyperrectangle_554.result,safenlp_2024/0080__perturbations_0__hyperrectangle_554.log
81,onnx/medical/perturbations_0.onnx,vnnlib/medical/hyperrectangle_1835.vnnlib,20,20,0.8487133979797363,UNKNOWN,unknown,0,safenlp_2024/0081__perturbations_0__hyperrectangle_1835.result,safenlp_2024/0081__perturbations_0__hyperrectangle_1835.log
82,onnx/ruarobot/perturbations_0.onnx,vnnlib/ruarobot/hyperrectangle_6609.vnnlib,20,20,0.7020275592803955,UNKNOWN,unknown,0,safenlp_2024/0082__perturbations_0__hyperrectangle_6609.result,safenlp_2024/0082__perturbations_0__hyperrectangle_6609.log
83,onnx/medical/perturbations_0.onnx,vnnlib/medical/hyperrectangle_826.vnnlib,20,20,0.5046405792236328,CERTIFIED,unsat,0,safenlp_2024/0083__perturbations_0__hyperrectangle_826.result,safenlp_2024/0083__perturbations_0__hyperrectangle_826.log
84,onnx/ruarobot/perturbations_0.onnx,vnnlib/ruarobot/hyperrectangle_5442.vnnlib,20,20,0.6511971950531006,UNKNOWN,unknown,0,safenlp_2024/0084__perturbations_0__hyperrectangle_5442.result,safenlp_2024/0084__perturbations_0__hyperrectangle_5442.log
85,onnx/ruarobot/perturbations_0.onnx,vnnlib/ruarobot/hyperrectangle_1804.vnnlib,20,20,0.8021078109741211,UNKNOWN,unknown,0,safenlp_2024/0085__perturbations_0__hyperrectangle_1804.result,safenlp_2024/0085__perturbations_0__hyperrectangle_1804.log
86,onnx/ruarobot/perturbations_0.onnx,vnnlib/ruarobot/hyperrectangle_7302.vnnlib,20,20,0.766918420791626,UNKNOWN,unknown,0,safenlp_2024/0086__perturbations_0__hyperrectangle_7302.result,safenlp_2024/0086__perturbations_0__hyperrectangle_7302.log
87,onnx/ruarobot/perturbations_0.onnx,vnnlib/ruarobot/hyperrectangle_7248.vnnlib,20,20,0.9706265926361084,UNKNOWN,unknown,0,safenlp_2024/0087__perturbations_0__hyperrectangle_7248.result,safenlp_2024/0087__perturbations_0__hyperrectangle_7248.log
88,onnx/medical/perturbations_0.onnx,vnnlib/medical/hyperrectangle_1430.vnnlib,20,20,0.5390470027923584,CERTIFIED,unsat,0,safenlp_2024/0088__perturbations_0__hyperrectangle_1430.result,safenlp_2024/0088__perturbations_0__hyperrectangle_1430.log
89,onnx/ruarobot/perturbations_0.onnx,vnnlib/ruarobot/hyperrectangle_1078.vnnlib,20,20,0.5596268177032471,CERTIFIED,unsat,0,safenlp_2024/0089__perturbations_0__hyperrectangle_1078.result,safenlp_2024/0089__perturbations_0__hyperrectangle_1078.log
90,onnx/ruarobot/perturbations_0.onnx,vnnlib/ruarobot/hyperrectangle_2079.vnnlib,20,20,0.662872314453125,UNKNOWN,unknown,0,safenlp_2024/0090__perturbations_0__hyperrectangle_2079.result,safenlp_2024/0090__perturbations_0__hyperrectangle_2079.log
91,onnx/ruarobot/perturbations_0.onnx,vnnlib/ruarobot/hyperrectangle_530.vnnlib,20,20,0.9261555671691895,UNKNOWN,unknown,0,safenlp_2024/0091__perturbations_0__hyperrectangle_530.result,safenlp_2024/0091__perturbations_0__hyperrectangle_530.log
92,onnx/ruarobot/perturbations_0.onnx,vnnlib/ruarobot/hyperrectangle_2494.vnnlib,20,20,0.6888785362243652,UNKNOWN,unknown,0,safenlp_2024/0092__perturbations_0__hyperrectangle_2494.result,safenlp_2024/0092__perturbations_0__hyperrectangle_2494.log
93,onnx/ruarobot/perturbations_0.onnx,vnnlib/ruarobot/hyperrectangle_7817.vnnlib,20,20,0.6780986785888672,UNKNOWN,unknown,0,safenlp_2024/0093__perturbations_0__hyperrectangle_7817.result,safenlp_2024/0093__perturbations_0__hyperrectangle_7817.log
94,onnx/medical/perturbations_0.onnx,vnnlib/medical/hyperrectangle_1228.vnnlib,20,20,2.324331521987915,CERTIFIED,unsat,0,safenlp_2024/0094__perturbations_0__hyperrectangle_1228.result,safenlp_2024/0094__perturbations_0__hyperrectangle_1228.log
95,onnx/medical/perturbations_0.onnx,vnnlib/medical/hyperrectangle_141.vnnlib,20,20,0.4897446632385254,CERTIFIED,unsat,0,safenlp_2024/0095__perturbations_0__hyperrectangle_141.result,safenlp_2024/0095__perturbations_0__hyperrectangle_141.log
96,onnx/medical/perturbations_0.onnx,vnnlib/medical/hyperrectangle_2343.vnnlib,20,20,1.775697946548462,UNKNOWN,unknown,0,safenlp_2024/0096__perturbations_0__hyperrectangle_2343.result,safenlp_2024/0096__perturbations_0__hyperrectangle_2343.log
97,onnx/ruarobot/perturbations_0.onnx,vnnlib/ruarobot/hyperrectangle_5503.vnnlib,20,20,0.9790542125701904,UNKNOWN,unknown,0,safenlp_2024/0097__perturbations_0__hyperrectangle_5503.result,safenlp_2024/0097__perturbations_0__hyperrectangle_5503.log
98,onnx/ruarobot/perturbations_0.onnx,vnnlib/ruarobot/hyperrectangle_1398.vnnlib,20,20,1.000324010848999,UNKNOWN,unknown,0,safenlp_2024/0098__perturbations_0__hyperrectangle_1398.result,safenlp_2024/0098__perturbations_0__hyperrectangle_1398.log
99,onnx/medical/perturbations_0.onnx,vnnlib/medical/hyperrectangle_2281.vnnlib,20,20,1.044694423675537,UNKNOWN,unknown,0,safenlp_2024/0099__perturbations_0__hyperrectangle_2281.result,safenlp_2024/0099__perturbations_0__hyperrectangle_2281.log
100,onnx/medical/perturbations_0.onnx,vnnlib/medical/hyperrectangle_1001.vnnlib,20,20,0.4561030864715576,CERTIFIED,unsat,0,safenlp_2024/0100__perturbations_0__hyperrectangle_1001.result,safenlp_2024/0100__perturbations_0__hyperrectangle_1001.log
101,onnx/medical/perturbations_0.onnx,vnnlib/medical/hyperrectangle_895.vnnlib,20,20,0.876211404800415,UNKNOWN,unknown,0,safenlp_2024/0101__perturbations_0__hyperrectangle_895.result,safenlp_2024/0101__perturbations_0__hyperrectangle_895.log
102,onnx/medical/perturbations_0.onnx,vnnlib/medical/hyperrectangle_1062.vnnlib,20,20,0.5138342380523682,CERTIFIED,unsat,0,safenlp_2024/0102__perturbations_0__hyperrectangle_1062.result,safenlp_2024/0102__perturbations_0__hyperrectangle_1062.log
103,onnx/medical/perturbations_0.onnx,vnnlib/medical/hyperrectangle_2188.vnnlib,20,20,0.8311364650726318,UNKNOWN,unknown,0,safenlp_2024/0103__perturbations_0__hyperrectangle_2188.result,safenlp_2024/0103__perturbations_0__hyperrectangle_2188.log
104,onnx/ruarobot/perturbations_0.onnx,vnnlib/ruarobot/hyperrectangle_1353.vnnlib,20,20,0.6235980987548828,UNKNOWN,unknown,0,safenlp_2024/0104__perturbations_0__hyperrectangle_1353.result,safenlp_2024/0104__perturbations_0__hyperrectangle_1353.log
105,onnx/medical/perturbations_0.onnx,vnnlib/medical/hyperrectangle_2389.vnnlib,20,20,1.352994441986084,UNKNOWN,unknown,0,safenlp_2024/0105__perturbations_0__hyperrectangle_2389.result,safenlp_2024/0105__perturbations_0__hyperrectangle_2389.log
106,onnx/ruarobot/perturbations_0.onnx,vnnlib/ruarobot/hyperrectangle_1883.vnnlib,20,20,0.6327016353607178,UNKNOWN,unknown,0,safenlp_2024/0106__perturbations_0__hyperrectangle_1883.result,safenlp_2024/0106__perturbations_0__hyperrectangle_1883.log
107,onnx/medical/perturbations_0.onnx,vnnlib/medical/hyperrectangle_1875.vnnlib,20,20,0.5794391632080078,CERTIFIED,unsat,0,safenlp_2024/0107__perturbations_0__hyperrectangle_1875.result,safenlp_2024/0107__perturbations_0__hyperrectangle_1875.log
108,onnx/ruarobot/perturbations_0.onnx,vnnlib/ruarobot/hyperrectangle_1607.vnnlib,20,20,1.0450725555419922,CERTIFIED,unsat,0,safenlp_2024/0108__perturbations_0__hyperrectangle_1607.result,safenlp_2024/0108__perturbations_0__hyperrectangle_1607.log
109,onnx/ruarobot/perturbations_0.onnx,vnnlib/ruarobot/hyperrectangle_3809.vnnlib,20,20,0.9420795440673828,UNKNOWN,unknown,0,safenlp_2024/0109__perturbations_0__hyperrectangle_3809.result,safenlp_2024/0109__perturbations_0__hyperrectangle_3809.log
110,onnx/ruarobot/perturbations_0.onnx,vnnlib/ruarobot/hyperrectangle_6317.vnnlib,20,20,0.6319417953491211,UNKNOWN,unknown,0,safenlp_2024/0110__perturbations_0__hyperrectangle_6317.result,safenlp_2024/0110__perturbations_0__hyperrectangle_6317.log
111,onnx/ruarobot/perturbations_0.onnx,vnnlib/ruarobot/hyperrectangle_7301.vnnlib,20,20,0.8721659183502197,UNKNOWN,unknown,0,safenlp_2024/0111__perturbations_0__hyperrectangle_7301.result,safenlp_2024/0111__perturbations_0__hyperrectangle_7301.log
112,onnx/ruarobot/perturbations_0.onnx,vnnlib/ruarobot/hyperrectangle_7903.vnnlib,20,20,0.5794370174407959,UNKNOWN,unknown,0,safenlp_2024/0112__perturbations_0__hyperrectangle_7903.result,safenlp_2024/0112__perturbations_0__hyperrectangle_7903.log
113,onnx/medical/perturbations_0.onnx,vnnlib/medical/hyperrectangle_1056.vnnlib,20,20,0.5380687713623047,CERTIFIED,unsat,0,safenlp_2024/0113__perturbations_0__hyperrectangle_1056.result,safenlp_2024/0113__perturbations_0__hyperrectangle_1056.log
114,onnx/ruarobot/perturbations_0.onnx,vnnlib/ruarobot/hyperrectangle_2715.vnnlib,20,20,0.6645121574401855,UNKNOWN,unknown,0,safenlp_2024/0114__perturbations_0__hyperrectangle_2715.result,safenlp_2024/0114__perturbations_0__hyperrectangle_2715.log
115,onnx/ruarobot/perturbations_0.onnx,vnnlib/ruarobot/hyperrectangle_5529.vnnlib,20,20,1.0912036895751953,UNKNOWN,unknown,0,safenlp_2024/0115__perturbations_0__hyperrectangle_5529.result,safenlp_2024/0115__perturbations_0__hyperrectangle_5529.log
116,onnx/ruarobot/perturbations_0.onnx,vnnlib/ruarobot/hyperrectangle_5659.vnnlib,20,20,0.6571416854858398,UNKNOWN,unknown,0,safenlp_2024/0116__perturbations_0__hyperrectangle_5659.result,safenlp_2024/0116__perturbations_0__hyperrectangle_5659.log
117,onnx/medical/perturbations_0.onnx,vnnlib/medical/hyperrectangle_1615.vnnlib,20,20,0.6781971454620361,CERTIFIED,unsat,0,safenlp_2024/0117__perturbations_0__hyperrectangle_1615.result,safenlp_2024/0117__perturbations_0__hyperrectangle_1615.log
118,onnx/medical/perturbations_0.onnx,vnnlib/medical/hyperrectangle_1333.vnnlib,20,20,0.5606906414031982,CERTIFIED,unsat,0,safenlp_2024/0118__perturbations_0__hyperrectangle_1333.result,safenlp_2024/0118__perturbations_0__hyperrectangle_1333.log
119,onnx/medical/perturbations_0.onnx,vnnlib/medical/hyperrectangle_2761.vnnlib,20,20,0.8045692443847656,UNKNOWN,unknown,0,safenlp_2024/0119__perturbations_0__hyperrectangle_2761.result,safenlp_2024/0119__perturbations_0__hyperrectangle_2761.log
120,onnx/medical/perturbations_0.onnx,vnnlib/medical/hyperrectangle_2116.vnnlib,20,20,0.5187482833862305,CERTIFIED,unsat,0,safenlp_2024/0120__perturbations_0__hyperrectangle_2116.result,safenlp_2024/0120__perturbations_0__hyperrectangle_2116.log
121,onnx/ruarobot/perturbations_0.onnx,vnnlib/ruarobot/hyperrectangle_6558.vnnlib,20,20,0.7996134757995605,UNKNOWN,unknown,0,safenlp_2024/0121__perturbations_0__hyperrectangle_6558.result,safenlp_2024/0121__perturbations_0__hyperrectangle_6558.log
122,onnx/ruarobot/perturbations_0.onnx,vnnlib/ruarobot/hyperrectangle_7069.vnnlib,20,20,0.47330379486083984,CERTIFIED,unsat,0,safenlp_2024/0122__perturbations_0__hyperrectangle_7069.result,safenlp_2024/0122__perturbations_0__hyperrectangle_7069.log
123,onnx/ruarobot/perturbations_0.onnx,vnnlib/ruarobot/hyperrectangle_2893.vnnlib,20,20,0.7573416233062744,UNKNOWN,unknown,0,safenlp_2024/0123__perturbations_0__hyperrectangle_2893.result,safenlp_2024/0123__perturbations_0__hyperrectangle_2893.log
124,onnx/ruarobot/perturbations_0.onnx,vnnlib/ruarobot/hyperrectangle_7704.vnnlib,20,20,0.5891053676605225,UNKNOWN,unknown,0,safenlp_2024/0124__perturbations_0__hyperrectangle_7704.result,safenlp_2024/0124__perturbations_0__hyperrectangle_7704.log
125,onnx/ruarobot/perturbations_0.onnx,vnnlib/ruarobot/hyperrectangle_5109.vnnlib,20,20,0.750542163848877,UNKNOWN,unknown,0,safenlp_2024/0125__perturbations_0__hyperrectangle_5109.result,safenlp_2024/0125__perturbations_0__hyperrectangle_5109.log
126,onnx/ruarobot/perturbations_0.onnx,vnnlib/ruarobot/hyperrectangle_1099.vnnlib,20,20,3.8028173446655273,UNKNOWN,unknown,0,safenlp_2024/0126__perturbations_0__hyperrectangle_1099.result,safenlp_2024/0126__perturbations_0__hyperrectangle_1099.log
127,onnx/medical/perturbations_0.onnx,vnnlib/medical/hyperrectangle_797.vnnlib,20,20,0.9557654857635498,CERTIFIED,unsat,0,safenlp_2024/0127__perturbations_0__hyperrectangle_797.result,safenlp_2024/0127__perturbations_0__hyperrectangle_797.log
128,onnx/ruarobot/perturbations_0.onnx,vnnlib/ruarobot/hyperrectangle_4701.vnnlib,20,20,0.8035860061645508,UNKNOWN,unknown,0,safenlp_2024/0128__perturbations_0__hyperrectangle_4701.result,safenlp_2024/0128__perturbations_0__hyperrectangle_4701.log
129,onnx/ruarobot/perturbations_0.onnx,vnnlib/ruarobot/hyperrectangle_7070.vnnlib,20,20,1.0485014915466309,UNKNOWN,unknown,0,safenlp_2024/0129__perturbations_0__hyperrectangle_7070.result,safenlp_2024/0129__perturbations_0__hyperrectangle_7070.log
130,onnx/ruarobot/perturbations_0.onnx,vnnlib/ruarobot/hyperrectangle_3290.vnnlib,20,20,0.8163576126098633,UNKNOWN,unknown,0,safenlp_2024/0130__perturbations_0__hyperrectangle_3290.result,safenlp_2024/0130__perturbations_0__hyperrectangle_3290.log
131,onnx/medical/perturbations_0.onnx,vnnlib/medical/hyperrectangle_2431.vnnlib,20,0,0.0,,not_run,,,
132,onnx/ruarobot/perturbations_0.onnx,vnnlib/ruarobot/hyperrectangle_6213.vnnlib,20,0,0.0,,not_run,,,
133,onnx/ruarobot/perturbations_0.onnx,vnnlib/ruarobot/hyperrectangle_5257.vnnlib,20,0,0.0,,not_run,,,
134,onnx/ruarobot/perturbations_0.onnx,vnnlib/ruarobot/hyperrectangle_5612.vnnlib,20,0,0.0,,not_run,,,
135,onnx/medical/perturbations_0.onnx,vnnlib/medical/hyperrectangle_2812.vnnlib,20,0,0.0,,not_run,,,
136,onnx/ruarobot/perturbations_0.onnx,vnnlib/ruarobot/hyperrectangle_5207.vnnlib,20,0,0.0,,not_run,,,
137,onnx/ruarobot/perturbations_0.onnx,vnnlib/ruarobot/hyperrectangle_6184.vnnlib,20,0,0.0,,not_run,,,
138,onnx/ruarobot/perturbations_0.onnx,vnnlib/ruarobot/hyperrectangle_614.vnnlib,20,0,0.0,,not_run,,,
139,onnx/medical/perturbations_0.onnx,vnnlib/medical/hyperrectangle_2674.vnnlib,20,0,0.0,,not_run,,,
140,onnx/medical/perturbations_0.onnx,vnnlib/medical/hyperrectangle_2083.vnnlib,20,0,0.0,,not_run,,,
141,onnx/ruarobot/perturbations_0.onnx,vnnlib/ruarobot/hyperrectangle_2082.vnnlib,20,0,0.0,,not_run,,,
142,onnx/medical/perturbations_0.onnx,vnnlib/medical/hyperrectangle_2648.vnnlib,20,0,0.0,,not_run,,,
143,onnx/ruarobot/perturbations_0.onnx,vnnlib/ruarobot/hyperrectangle_4088.vnnlib,20,0,0.0,,not_run,,,
144,onnx/ruarobot/perturbations_0.onnx,vnnlib/ruarobot/hyperrectangle_2404.vnnlib,20,0,0.0,,not_run,,,
145,onnx/medical/perturbations_0.onnx,vnnlib/medical/hyperrectangle_1063.vnnlib,20,0,0.0,,not_run,,,
146,onnx/ruarobot/perturbations_0.onnx,vnnlib/ruarobot/hyperrectangle_4921.vnnlib,20,0,0.0,,not_run,,,
147,onnx/medical/perturbations_0.onnx,vnnlib/medical/hyperrectangle_377.vnnlib,20,0,0.0,,not_run,,,
148,onnx/ruarobot/perturbations_0.onnx,vnnlib/ruarobot/hyperrectangle_3093.vnnlib,20,0,0.0,,not_run,,,
149,onnx/ruarobot/perturbations_0.onnx,vnnlib/ruarobot/hyperrectangle_3130.vnnlib,20,0,0.0,,not_run,,,
150,onnx/ruarobot/perturbations_0.onnx,vnnlib/ruarobot/hyperrectangle_41.vnnlib,20,0,0.0,,not_run,,,
151,onnx/medical/perturbations_0.onnx,vnnlib/medical/hyperrectangle_1322.vnnlib,20,0,0.0,,not_run,,,
152,onnx/ruarobot/perturbations_0.onnx,vnnlib/ruarobot/hyperrectangle_4795.vnnlib,20,0,0.0,,not_run,,,
153,onnx/ruarobot/perturbations_0.onnx,vnnlib/ruarobot/hyperrectangle_4785.vnnlib,20,0,0.0,,not_run,,,
154,onnx/ruarobot/perturbations_0.onnx,vnnlib/ruarobot/hyperrectangle_80.vnnlib,20,0,0.0,,not_run,,,
155,onnx/medical/perturbations_0.onnx,vnnlib/medical/hyperrectangle_745.vnnlib,20,0,0.0,,not_run,,,
156,onnx/ruarobot/perturbations_0.onnx,vnnlib/ruarobot/hyperrectangle_5112.vnnlib,20,0,0.0,,not_run,,,
157,onnx/medical/perturbations_0.onnx,vnnlib/medical/hyperrectangle_2439.vnnlib,20,0,0.0,,not_run,,,
158,onnx/medical/perturbations_0.onnx,vnnlib/medical/hyperrectangle_1131.vnnlib,20,0,0.0,,not_run,,,
159,onnx/ruarobot/perturbations_0.onnx,vnnlib/ruarobot/hyperrectangle_7587.vnnlib,20,0,0.0,,not_run,,,
160,onnx/medical/perturbations_0.onnx,vnnlib/medical/hyperrectangle_1672.vnnlib,20,0,0.0,,not_run,,,
161,onnx/ruarobot/perturbations_0.onnx,vnnlib/ruarobot/hyperrectangle_3055.vnnlib,20,0,0.0,,not_run,,,
162,onnx/ruarobot/perturbations_0.onnx,vnnlib/ruarobot/hyperrectangle_1098.vnnlib,20,0,0.0,,not_run,,,
163,onnx/ruarobot/perturbations_0.onnx,vnnlib/ruarobot/hyperrectangle_3862.vnnlib,20,0,0.0,,not_run,,,
164,onnx/ruarobot/perturbations_0.onnx,vnnlib/ruarobot/hyperrectangle_4937.vnnlib,20,0,0.0,,not_run,,,
165,onnx/ruarobot/perturbations_0.onnx,vnnlib/ruarobot/hyperrectangle_3084.vnnlib,20,0,0.0,,not_run,,,
166,onnx/medical/perturbations_0.onnx,vnnlib/medical/hyperrectangle_1919.vnnlib,20,0,0.0,,not_run,,,
167,onnx/ruarobot/perturbations_0.onnx,vnnlib/ruarobot/hyperrectangle_1955.vnnlib,20,0,0.0,,not_run,,,
168,onnx/ruarobot/perturbations_0.onnx,vnnlib/ruarobot/hyperrectangle_2030.vnnlib,20,0,0.0,,not_run,,,
169,onnx/ruarobot/perturbations_0.onnx,vnnlib/ruarobot/hyperrectangle_5946.vnnlib,20,0,0.0,,not_run,,,
170,onnx/ruarobot/perturbations_0.onnx,vnnlib/ruarobot/hyperrectangle_5028.vnnlib,20,0,0.0,,not_run,,,
171,onnx/ruarobot/perturbations_0.onnx,vnnlib/ruarobot/hyperrectangle_1458.vnnlib,20,0,0.0,,not_run,,,
172,onnx/medical/perturbations_0.onnx,vnnlib/medical/hyperrectangle_2526.vnnlib,20,0,0.0,,not_run,,,
173,onnx/ruarobot/perturbations_0.onnx,vnnlib/ruarobot/hyperrectangle_2024.vnnlib,20,0,0.0,,not_run,,,
174,onnx/medical/perturbations_0.onnx,vnnlib/medical/hyperrectangle_1316.vnnlib,20,0,0.0,,not_run,,,
175,onnx/medical/perturbations_0.onnx,vnnlib/medical/hyperrectangle_2259.vnnlib,20,0,0.0,,not_run,,,
176,onnx/ruarobot/perturbations_0.onnx,vnnlib/ruarobot/hyperrectangle_11.vnnlib,20,0,0.0,,not_run,,,
177,onnx/medical/perturbations_0.onnx,vnnlib/medical/hyperrectangle_1692.vnnlib,20,0,0.0,,not_run,,,
178,onnx/medical/perturbations_0.onnx,vnnlib/medical/hyperrectangle_1348.vnnlib,20,0,0.0,,not_run,,,
179,onnx/ruarobot/perturbations_0.onnx,vnnlib/ruarobot/hyperrectangle_192.vnnlib,20,0,0.0,,not_run,,,
180,onnx/medical/perturbations_0.onnx,vnnlib/medical/hyperrectangle_291.vnnlib,20,0,0.0,,not_run,,,
181,onnx/ruarobot/perturbations_0.onnx,vnnlib/ruarobot/hyperrectangle_3203.vnnlib,20,0,0.0,,not_run,,,
182,onnx/ruarobot/perturbations_0.onnx,vnnlib/ruarobot/hyperrectangle_2953.vnnlib,20,0,0.0,,not_run,,,
183,onnx/medical/perturbations_0.onnx,vnnlib/medical/hyperrectangle_263.vnnlib,20,0,0.0,,not_run,,,
184,onnx/ruarobot/perturbations_0.onnx,vnnlib/ruarobot/hyperrectangle_4525.vnnlib,20,0,0.0,,not_run,,,
185,onnx/ruarobot/perturbations_0.onnx,vnnlib/ruarobot/hyperrectangle_3328.vnnlib,20,0,0.0,,not_run,,,
186,onnx/medical/perturbations_0.onnx,vnnlib/medical/hyperrectangle_687.vnnlib,20,0,0.0,,not_run,,,
187,onnx/medical/perturbations_0.onnx,vnnlib/medical/hyperrectangle_883.vnnlib,20,0,0.0,,not_run,,,
188,onnx/ruarobot/perturbations_0.onnx,vnnlib/ruarobot/hyperrectangle_499.vnnlib,20,0,0.0,,not_run,,,
189,onnx/medical/perturbations_0.onnx,vnnlib/medical/hyperrectangle_10.vnnlib,20,0,0.0,,not_run,,,
190,onnx/ruarobot/perturbations_0.onnx,vnnlib/ruarobot/hyperrectangle_1234.vnnlib,20,0,0.0,,not_run,,,
191,onnx/medical/perturbations_0.onnx,vnnlib/medical/hyperrectangle_2807.vnnlib,20,0,0.0,,not_run,,,
192,onnx/medical/perturbations_0.onnx,vnnlib/medical/hyperrectangle_2533.vnnlib,20,0,0.0,,not_run,,,
193,onnx/ruarobot/perturbations_0.onnx,vnnlib/ruarobot/hyperrectangle_7420.vnnlib,20,0,0.0,,not_run,,,
194,onnx/ruarobot/perturbations_0.onnx,vnnlib/ruarobot/hyperrectangle_588.vnnlib,20,0,0.0,,not_run,,,
195,onnx/medical/perturbations_0.onnx,vnnlib/medical/hyperrectangle_865.vnnlib,20,0,0.0,,not_run,,,
196,onnx/ruarobot/perturbations_0.onnx,vnnlib/ruarobot/hyperrectangle_6973.vnnlib,20,0,0.0,,not_run,,,
197,onnx/ruarobot/perturbations_0.onnx,vnnlib/ruarobot/hyperrectangle_4484.vnnlib,20,0,0.0,,not_run,,,
198,onnx/ruarobot/perturbations_0.onnx,vnnlib/ruarobot/hyperrectangle_7924.vnnlib,20,0,0.0,,not_run,,,
199,onnx/medical/perturbations_0.onnx,vnnlib/medical/hyperrectangle_1487.vnnlib,20,0,0.0,,not_run,,,
200,onnx/medical/perturbations_0.onnx,vnnlib/medical/hyperrectangle_637.vnnlib,20,0,0.0,,not_run,,,
201,onnx/ruarobot/perturbations_0.onnx,vnnlib/ruarobot/hyperrectangle_428.vnnlib,20,0,0.0,,not_run,,,
202,onnx/ruarobot/perturbations_0.onnx,vnnlib/ruarobot/hyperrectangle_6358.vnnlib,20,0,0.0,,not_run,,,
203,onnx/ruarobot/perturbations_0.onnx,vnnlib/ruarobot/hyperrectangle_7834.vnnlib,20,0,0.0,,not_run,,,
204,onnx/ruarobot/perturbations_0.onnx,vnnlib/ruarobot/hyperrectangle_149.vnnlib,20,0,0.0,,not_run,,,
205,onnx/ruarobot/perturbations_0.onnx,vnnlib/ruarobot/hyperrectangle_1537.vnnlib,20,0,0.0,,not_run,,,
206,onnx/medical/perturbations_0.onnx,vnnlib/medical/hyperrectangle_2234.vnnlib,20,0,0.0,,not_run,,,
207,onnx/ruarobot/perturbations_0.onnx,vnnlib/ruarobot/hyperrectangle_2589.vnnlib,20,0,0.0,,not_run,,,
208,onnx/ruarobot/perturbations_0.onnx,vnnlib/ruarobot/hyperrectangle_3775.vnnlib,20,0,0.0,,not_run,,,
209,onnx/ruarobot/perturbations_0.onnx,vnnlib/ruarobot/hyperrectangle_7740.vnnlib,20,0,0.0,,not_run,,,
210,onnx/ruarobot/perturbations_0.onnx,vnnlib/ruarobot/hyperrectangle_7312.vnnlib,20,0,0.0,,not_run,,,
211,onnx/ruarobot/perturbations_0.onnx,vnnlib/ruarobot/hyperrectangle_3410.vnnlib,20,0,0.0,,not_run,,,
212,onnx/ruarobot/perturbations_0.onnx,vnnlib/ruarobot/hyperrectangle_4120.vnnlib,20,0,0.0,,not_run,,,
213,onnx/ruarobot/perturbations_0.onnx,vnnlib/ruarobot/hyperrectangle_1252.vnnlib,20,0,0.0,,not_run,,,
214,onnx/ruarobot/perturbations_0.onnx,vnnlib/ruarobot/hyperrectangle_3065.vnnlib,20,0,0.0,,not_run,,,
215,onnx/ruarobot/perturbations_0.onnx,vnnlib/ruarobot/hyperrectangle_5968.vnnlib,20,0,0.0,,not_run,,,
216,onnx/ruarobot/perturbations_0.onnx,vnnlib/ruarobot/hyperrectangle_1622.vnnlib,20,0,0.0,,not_run,,,
217,onnx/medical/perturbations_0.onnx,vnnlib/medical/hyperrectangle_1433.vnnlib,20,0,0.0,,not_run,,,
218,onnx/ruarobot/perturbations_0.onnx,vnnlib/ruarobot/hyperrectangle_4118.vnnlib,20,0,0.0,,not_run,,,
219,onnx/medical/perturbations_0.onnx,vnnlib/medical/hyperrectangle_2638.vnnlib,20,0,0.0,,not_run,,,
220,onnx/ruarobot/perturbations_0.onnx,vnnlib/ruarobot/hyperrectangle_195.vnnlib,20,0,0.0,,not_run,,,
221,onnx/ruarobot/perturbations_0.onnx,vnnlib/ruarobot/hyperrectangle_2849.vnnlib,20,0,0.0,,not_run,,,
222,onnx/ruarobot/perturbations_0.onnx,vnnlib/ruarobot/hyperrectangle_2256.vnnlib,20,0,0.0,,not_run,,,
223,onnx/ruarobot/perturbations_0.onnx,vnnlib/ruarobot/hyperrectangle_7270.vnnlib,20,0,0.0,,not_run,,,
224,onnx/medical/perturbations_0.onnx,vnnlib/medical/hyperrectangle_1114.vnnlib,20,0,0.0,,not_run,,,
225,onnx/medical/perturbations_0.onnx,vnnlib/medical/hyperrectangle_1458.vnnlib,20,0,0.0,,not_run,,,
226,onnx/ruarobot/perturbations_0.onnx,vnnlib/ruarobot/hyperrectangle_5991.vnnlib,20,0,0.0,,not_run,,,
227,onnx/ruarobot/perturbations_0.onnx,vnnlib/ruarobot/hyperrectangle_5481.vnnlib,20,0,0.0,,not_run,,,
228,onnx/medical/perturbations_0.onnx,vnnlib/medical/hyperrectangle_135.vnnlib,20,0,0.0,,not_run,,,
229,onnx/ruarobot/perturbations_0.onnx,vnnlib/ruarobot/hyperrectangle_7843.vnnlib,20,0,0.0,,not_run,,,
230,onnx/medical/perturbations_0.onnx,vnnlib/medical/hyperrectangle_188.vnnlib,20,0,0.0,,not_run,,,
231,onnx/ruarobot/perturbations_0.onnx,vnnlib/ruarobot/hyperrectangle_1817.vnnlib,20,0,0.0,,not_run,,,
232,onnx/ruarobot/perturbations_0.onnx,vnnlib/ruarobot/hyperrectangle_5757.vnnlib,20,0,0.0,,not_run,,,
233,onnx/ruarobot/perturbations_0.onnx,vnnlib/ruarobot/hyperrectangle_3156.vnnlib,20,0,0.0,,not_run,,,
234,onnx/ruarobot/perturbations_0.onnx,vnnlib/ruarobot/hyperrectangle_1844.vnnlib,20,0,0.0,,not_run,,,
235,onnx/ruarobot/perturbations_0.onnx,vnnlib/ruarobot/hyperrectangle_6017.vnnlib,20,0,0.0,,not_run,,,
236,onnx/ruarobot/perturbations_0.onnx,vnnlib/ruarobot/hyperrectangle_7354.vnnlib,20,0,0.0,,not_run,,,
237,onnx/ruarobot/perturbations_0.onnx,vnnlib/ruarobot/hyperrectangle_4898.vnnlib,20,0,0.0,,not_run,,,
238,onnx/medical/perturbations_0.onnx,vnnlib/medical/hyperrectangle_914.vnnlib,20,0,0.0,,not_run,,,
239,onnx/ruarobot/perturbations_0.onnx,vnnlib/ruarobot/hyperrectangle_5020.vnnlib,20,0,0.0,,not_run,,,
240,onnx/medical/perturbations_0.onnx,vnnlib/medical/hyperrectangle_2595.vnnlib,20,0,0.0,,not_run,,,
241,onnx/ruarobot/perturbations_0.onnx,vnnlib/ruarobot/hyperrectangle_3544.vnnlib,20,0,0.0,,not_run,,,
242,onnx/medical/perturbations_0.onnx,vnnlib/medical/hyperrectangle_831.vnnlib,20,0,0.0,,not_run,,,
243,onnx/ruarobot/perturbations_0.onnx,vnnlib/ruarobot/hyperrectangle_47.vnnlib,20,0,0.0,,not_run,,,
244,onnx/ruarobot/perturbations_0.onnx,vnnlib/ruarobot/hyperrectangle_6369.vnnlib,20,0,0.0,,not_run,,,
245,onnx/medical/perturbations_0.onnx,vnnlib/medical/hyperrectangle_1092.vnnlib,20,0,0.0,,not_run,,,
246,onnx/medical/perturbations_0.onnx,vnnlib/medical/hyperrectangle_1463.vnnlib,20,0,0.0,,not_run,,,
247,onnx/ruarobot/perturbations_0.onnx,vnnlib/ruarobot/hyperrectangle_7485.vnnlib,20,0,0.0,,not_run,,,
248,onnx/ruarobot/perturbations_0.onnx,vnnlib/ruarobot/hyperrectangle_2625.vnnlib,20,0,0.0,,not_run,,,
249,onnx/ruarobot/perturbations_0.onnx,vnnlib/ruarobot/hyperrectangle_2381.vnnlib,20,0,0.0,,not_run,,,
250,onnx/ruarobot/perturbations_0.onnx,vnnlib/ruarobot/hyperrectangle_4338.vnnlib,20,0,0.0,,not_run,,,
251,onnx/ruarobot/perturbations_0.onnx,vnnlib/ruarobot/hyperrectangle_44.vnnlib,20,0,0.0,,not_run,,,
252,onnx/ruarobot/perturbations_0.onnx,vnnlib/ruarobot/hyperrectangle_1203.vnnlib,20,0,0.0,,not_run,,,
253,onnx/ruarobot/perturbations_0.onnx,vnnlib/ruarobot/hyperrectangle_4700.vnnlib,20,0,0.0,,not_run,,,
254,onnx/medical/perturbations_0.onnx,vnnlib/medical/hyperrectangle_413.vnnlib,20,0,0.0,,not_run,,,
255,onnx/ruarobot/perturbations_0.onnx,vnnlib/ruarobot/hyperrectangle_1264.vnnlib,20,0,0.0,,not_run,,,
256,onnx/ruarobot/perturbations_0.onnx,vnnlib/ruarobot/hyperrectangle_2879.vnnlib,20,0,0.0,,not_run,,,
257,onnx/medical/perturbations_0.onnx,vnnlib/medical/hyperrectangle_683.vnnlib,20,0,0.0,,not_run,,,
258,onnx/medical/perturbations_0.onnx,vnnlib/medical/hyperrectangle_1973.vnnlib,20,0,0.0,,not_run,,,
259,onnx/ruarobot/perturbations_0.onnx,vnnlib/ruarobot/hyperrectangle_3695.vnnlib,20,0,0.0,,not_run,,,
260,onnx/ruarobot/perturbations_0.onnx,vnnlib/ruarobot/hyperrectangle_3460.vnnlib,20,0,0.0,,not_run,,,
261,onnx/ruarobot/perturbations_0.onnx,vnnlib/ruarobot/hyperrectangle_704.vnnlib,20,0,0.0,,not_run,,,
262,onnx/ruarobot/perturbations_0.onnx,vnnlib/ruarobot/hyperrectangle_6116.vnnlib,20,0,0.0,,not_run,,,
263,onnx/ruarobot/perturbations_0.onnx,vnnlib/ruarobot/hyperrectangle_4766.vnnlib,20,0,0.0,,not_run,,,
264,onnx/ruarobot/perturbations_0.onnx,vnnlib/ruarobot/hyperrectangle_338.vnnlib,20,0,0.0,,not_run,,,
265,onnx/ruarobot/perturbations_0.onnx,vnnlib/ruarobot/hyperrectangle_5634.vnnlib,20,0,0.0,,not_run,,,
266,onnx/ruarobot/perturbations_0.onnx,vnnlib/ruarobot/hyperrectangle_5275.vnnlib,20,0,0.0,,not_run,,,
267,onnx/medical/perturbations_0.onnx,vnnlib/medical/hyperrectangle_2465.vnnlib,20,0,0.0,,not_run,,,
268,onnx/ruarobot/perturbations_0.onnx,vnnlib/ruarobot/hyperrectangle_5844.vnnlib,20,0,0.0,,not_run,,,
269,onnx/ruarobot/perturbations_0.onnx,vnnlib/ruarobot/hyperrectangle_2467.vnnlib,20,0,0.0,,not_run,,,
270,onnx/ruarobot/perturbations_0.onnx,vnnlib/ruarobot/hyperrectangle_1429.vnnlib,20,0,0.0,,not_run,,,
271,onnx/ruarobot/perturbations_0.onnx,vnnlib/ruarobot/hyperrectangle_2224.vnnlib,20,0,0.0,,not_run,,,
272,onnx/ruarobot/perturbations_0.onnx,vnnlib/ruarobot/hyperrectangle_3270.vnnlib,20,0,0.0,,not_run,,,
273,onnx/ruarobot/perturbations_0.onnx,vnnlib/ruarobot/hyperrectangle_5975.vnnlib,20,0,0.0,,not_run,,,
274,onnx/medical/perturbations_0.onnx,vnnlib/medical/hyperrectangle_1762.vnnlib,20,0,0.0,,not_run,,,
275,onnx/ruarobot/perturbations_0.onnx,vnnlib/ruarobot/hyperrectangle_3528.vnnlib,20,0,0.0,,not_run,,,
276,onnx/medical/perturbations_0.onnx,vnnlib/medical/hyperrectangle_1734.vnnlib,20,0,0.0,,not_run,,,
277,onnx/ruarobot/perturbations_0.onnx,vnnlib/ruarobot/hyperrectangle_2777.vnnlib,20,0,0.0,,not_run,,,
278,onnx/ruarobot/perturbations_0.onnx,vnnlib/ruarobot/hyperrectangle_7275.vnnlib,20,0,0.0,,not_run,,,
279,onnx/ruarobot/perturbations_0.onnx,vnnlib/ruarobot/hyperrectangle_5990.vnnlib,20,0,0.0,,not_run,,,
280,onnx/medical/perturbations_0.onnx,vnnlib/medical/hyperrectangle_2193.vnnlib,20,0,0.0,,not_run,,,
281,onnx/ruarobot/perturbations_0.onnx,vnnlib/ruarobot/hyperrectangle_3853.vnnlib,20,0,0.0,,not_run,,,
282,onnx/ruarobot/perturbations_0.onnx,vnnlib/ruarobot/hyperrectangle_4815.vnnlib,20,0,0.0,,not_run,,,
283,onnx/ruarobot/perturbations_0.onnx,vnnlib/ruarobot/hyperrectangle_1739.vnnlib,20,0,0.0,,not_run,,,
284,onnx/ruarobot/perturbations_0.onnx,vnnlib/ruarobot/hyperrectangle_1801.vnnlib,20,0,0.0,,not_run,,,
285,onnx/ruarobot/perturbations_0.onnx,vnnlib/ruarobot/hyperrectangle_3363.vnnlib,20,0,0.0,,not_run,,,
286,onnx/medical/perturbations_0.onnx,vnnlib/medical/hyperrectangle_1377.vnnlib,20,0,0.0,,not_run,,,
287,onnx/medical/perturbations_0.onnx,vnnlib/medical/hyperrectangle_1382.vnnlib,20,0,0.0,,not_run,,,
288,onnx/medical/perturbations_0.onnx,vnnlib/medical/hyperrectangle_2113.vnnlib,20,0,0.0,,not_run,,,
289,onnx/ruarobot/perturbations_0.onnx,vnnlib/ruarobot/hyperrectangle_2499.vnnlib,20,0,0.0,,not_run,,,
290,onnx/medical/perturbations_0.onnx,vnnlib/medical/hyperrectangle_2315.vnnlib,20,0,0.0,,not_run,,,
291,onnx/ruarobot/perturbations_0.onnx,vnnlib/ruarobot/hyperrectangle_1386.vnnlib,20,0,0.0,,not_run,,,
292,onnx/ruarobot/perturbations_0.onnx,vnnlib/ruarobot/hyperrectangle_4847.vnnlib,20,0,0.0,,not_run,,,
293,onnx/medical/perturbations_0.onnx,vnnlib/medical/hyperrectangle_846.vnnlib,20,0,0.0,,not_run,,,
294,onnx/ruarobot/perturbations_0.onnx,vnnlib/ruarobot/hyperrectangle_6841.vnnlib,20,0,0.0,,not_run,,,
295,onnx/ruarobot/perturbations_0.onnx,vnnlib/ruarobot/hyperrectangle_1498.vnnlib,20,0,0.0,,not_run,,,
296,onnx/medical/perturbations_0.onnx,vnnlib/medical/hyperrectangle_337.vnnlib,20,0,0.0,,not_run,,,
297,onnx/ruarobot/perturbations_0.onnx,vnnlib/ruarobot/hyperrectangle_2433.vnnlib,20,0,0.0,,not_run,,,
298,onnx/medical/perturbations_0.onnx,vnnlib/medical/hyperrectangle_2726.vnnlib,20,0,0.0,,not_run,,,
299,onnx/ruarobot/perturbations_0.onnx,vnnlib/ruarobot/hyperrectangle_5110.vnnlib,20,0,0.0,,not_run,,,
300,onnx/medical/perturbations_0.onnx,vnnlib/medical/hyperrectangle_703.vnnlib,20,0,0.0,,not_run,,,
301,onnx/ruarobot/perturbations_0.onnx,vnnlib/ruarobot/hyperrectangle_6100.vnnlib,20,0,0.0,,not_run,,,
302,onnx/ruarobot/perturbations_0.onnx,vnnlib/ruarobot/hyperrectangle_5221.vnnlib,20,0,0.0,,not_run,,,
303,onnx/medical/perturbations_0.onnx,vnnlib/medical/hyperrectangle_2612.vnnlib,20,0,0.0,,not_run,,,
304,onnx/ruarobot/perturbations_0.onnx,vnnlib/ruarobot/hyperrectangle_2652.vnnlib,20,0,0.0,,not_run,,,
305,onnx/medical/perturbations_0.onnx,vnnlib/medical/hyperrectangle_328.vnnlib,20,0,0.0,,not_run,,,
306,onnx/ruarobot/perturbations_0.onnx,vnnlib/ruarobot/hyperrectangle_7655.vnnlib,20,0,0.0,,not_run,,,
307,onnx/ruarobot/perturbations_0.onnx,vnnlib/ruarobot/hyperrectangle_1432.vnnlib,20,0,0.0,,not_run,,,
308,onnx/ruarobot/perturbations_0.onnx,vnnlib/ruarobot/hyperrectangle_1338.vnnlib,20,0,0.0,,not_run,,,
309,onnx/ruarobot/perturbations_0.onnx,vnnlib/ruarobot/hyperrectangle_56.vnnlib,20,0,0.0,,not_run,,,
310,onnx/ruarobot/perturbations_0.onnx,vnnlib/ruarobot/hyperrectangle_3792.vnnlib,20,0,0.0,,not_run,,,
311,onnx/ruarobot/perturbations_0.onnx,vnnlib/ruarobot/hyperrectangle_6778.vnnlib,20,0,0.0,,not_run,,,
312,onnx/medical/perturbations_0.onnx,vnnlib/medical/hyperrectangle_691.vnnlib,20,0,0.0,,not_run,,,
313,onnx/ruarobot/perturbations_0.onnx,vnnlib/ruarobot/hyperrectangle_7279.vnnlib,20,0,0.0,,not_run,,,
314,onnx/medical/perturbations_0.onnx,vnnlib/medical/hyperrectangle_359.vnnlib,20,0,0.0,,not_run,,,
315,onnx/medical/perturbations_0.onnx,vnnlib/medical/hyperrectangle_207.vnnlib,20,0,0.0,,not_run,,,
316,onnx/ruarobot/perturbations_0.onnx,vnnlib/ruarobot/hyperrectangle_1745.vnnlib,20,0,0.0,,not_run,,,
317,onnx/medical/perturbations_0.onnx,vnnlib/medical/hyperrectangle_2565.vnnlib,20,0,0.0,,not_run,,,
318,onnx/ruarobot/perturbations_0.onnx,vnnlib/ruarobot/hyperrectangle_2650.vnnlib,20,0,0.0,,not_run,,,
319,onnx/ruarobot/perturbations_0.onnx,vnnlib/ruarobot/hyperrectangle_2894.vnnlib,20,0,0.0,,not_run,,,
320,onnx/ruarobot/perturbations_0.onnx,vnnlib/ruarobot/hyperrectangle_3171.vnnlib,20,0,0.0,,not_run,,,
321,onnx/medical/perturbations_0.onnx,vnnlib/medical/hyperrectangle_2408.vnnlib,20,0,0.0,,not_run,,,
322,onnx/ruarobot/perturbations_0.onnx,vnnlib/ruarobot/hyperrectangle_391.vnnlib,20,0,0.0,,not_run,,,
323,onnx/ruarobot/perturbations_0.onnx,vnnlib/ruarobot/hyperrectangle_698.vnnlib,20,0,0.0,,not_run,,,
324,onnx/ruarobot/perturbations_0.onnx,vnnlib/ruarobot/hyperrectangle_3235.vnnlib,20,0,0.0,,not_run,,,
325,onnx/ruarobot/perturbations_0.onnx,vnnlib/ruarobot/hyperrectangle_6747.vnnlib,20,0,0.0,,not_run,,,
326,onnx/ruarobot/perturbations_0.onnx,vnnlib/ruarobot/hyperrectangle_5146.vnnlib,20,0,0.0,,not_run,,,
327,onnx/ruarobot/perturbations_0.onnx,vnnlib/ruarobot/hyperrectangle_5774.vnnlib,20,0,0.0,,not_run,,,
328,onnx/ruarobot/perturbations_0.onnx,vnnlib/ruarobot/hyperrectangle_6218.vnnlib,20,0,0.0,,not_run,,,
329,onnx/ruarobot/perturbations_0.onnx,vnnlib/ruarobot/hyperrectangle_1881.vnnlib,20,0,0.0,,not_run,,,
330,onnx/ruarobot/perturbations_0.onnx,vnnlib/ruarobot/hyperrectangle_5814.vnnlib,20,0,0.0,,not_run,,,
331,onnx/ruarobot/perturbations_0.onnx,vnnlib/ruarobot/hyperrectangle_617.vnnlib,20,0,0.0,,not_run,,,
332,onnx/ruarobot/perturbations_0.onnx,vnnlib/ruarobot/hyperrectangle_5720.vnnlib,20,0,0.0,,not_run,,,
333,onnx/ruarobot/perturbations_0.onnx,vnnlib/ruarobot/hyperrectangle_5548.vnnlib,20,0,0.0,,not_run,,,
334,onnx/medical/perturbations_0.onnx,vnnlib/medical/hyperrectangle_871.vnnlib,20,0,0.0,,not_run,,,
335,onnx/ruarobot/perturbations_0.onnx,vnnlib/ruarobot/hyperrectangle_5195.vnnlib,20,0,0.0,,not_run,,,
336,onnx/ruarobot/perturbations_0.onnx,vnnlib/ruarobot/hyperrectangle_1195.vnnlib,20,0,0.0,,not_run,,,
337,onnx/medical/perturbations_0.onnx,vnnlib/medical/hyperrectangle_946.vnnlib,20,0,0.0,,not_run,,,
338,onnx/ruarobot/perturbations_0.onnx,vnnlib/ruarobot/hyperrectangle_3902.vnnlib,20,0,0.0,,not_run,,,
339,onnx/ruarobot/perturbations_0.onnx,vnnlib/ruarobot/hyperrectangle_2912.vnnlib,20,0,0.0,,not_run,,,
340,onnx/medical/perturbations_0.onnx,vnnlib/medical/hyperrectangle_30.vnnlib,20,0,0.0,,not_run,,,
341,onnx/ruarobot/perturbations_0.onnx,vnnlib/ruarobot/hyperrectangle_4054.vnnlib,20,0,0.0,,not_run,,,
342,onnx/ruarobot/perturbations_0.onnx,vnnlib/ruarobot/hyperrectangle_3464.vnnlib,20,0,0.0,,not_run,,,
343,onnx/medical/perturbations_0.onnx,vnnlib/medical/hyperrectangle_2184.vnnlib,20,0,0.0,,not_run,,,
344,onnx/ruarobot/perturbations_0.onnx,vnnlib/ruarobot/hyperrectangle_6064.vnnlib,20,0,0.0,,not_run,,,
345,onnx/ruarobot/perturbations_0.onnx,vnnlib/ruarobot/hyperrectangle_6363.vnnlib,20,0,0.0,,not_run,,,
346,onnx/ruarobot/perturbations_0.onnx,vnnlib/ruarobot/hyperrectangle_3926.vnnlib,20,0,0.0,,not_run,,,
347,onnx/ruarobot/perturbations_0.onnx,vnnlib/ruarobot/hyperrectangle_2105.vnnlib,20,0,0.0,,not_run,,,
348,onnx/ruarobot/perturbations_0.onnx,vnnlib/ruarobot/hyperrectangle_6988.vnnlib,20,0,0.0,,not_run,,,
349,onnx/medical/perturbations_0.onnx,vnnlib/medical/hyperrectangle_1840.vnnlib,20,0,0.0,,not_run,,,
350,onnx/ruarobot/perturbations_0.onnx,vnnlib/ruarobot/hyperrectangle_6234.vnnlib,20,0,0.0,,not_run,,,
351,onnx/ruarobot/perturbations_0.onnx,vnnlib/ruarobot/hyperrectangle_1658.vnnlib,20,0,0.0,,not_run,,,
352,onnx/ruarobot/perturbations_0.onnx,vnnlib/ruarobot/hyperrectangle_7077.vnnlib,20,0,0.0,,not_run,,,
353,onnx/ruarobot/perturbations_0.onnx,vnnlib/ruarobot/hyperrectangle_5014.vnnlib,20,0,0.0,,not_run,,,
354,onnx/medical/perturbations_0.onnx,vnnlib/medical/hyperrectangle_1988.vnnlib,20,0,0.0,,not_run,,,
355,onnx/medical/perturbations_0.onnx,vnnlib/medical/hyperrectangle_1643.vnnlib,20,0,0.0,,not_run,,,
356,onnx/ruarobot/perturbations_0.onnx,vnnlib/ruarobot/hyperrectangle_3625.vnnlib,20,0,0.0,,not_run,,,
357,onnx/ruarobot/perturbations_0.onnx,vnnlib/ruarobot/hyperrectangle_3009.vnnlib,20,0,0.0,,not_run,,,
358,onnx/ruarobot/perturbations_0.onnx,vnnlib/ruarobot/hyperrectangle_1150.vnnlib,20,0,0.0,,not_run,,,
359,onnx/ruarobot/perturbations_0.onnx,vnnlib/ruarobot/hyperrectangle_7745.vnnlib,20,0,0.0,,not_run,,,
360,onnx/medical/perturbations_0.onnx,vnnlib/medical/hyperrectangle_1583.vnnlib,20,0,0.0,,not_run,,,
361,onnx/ruarobot/perturbations_0.onnx,vnnlib/ruarobot/hyperrectangle_5143.vnnlib,20,0,0.0,,not_run,,,
362,onnx/ruarobot/perturbations_0.onnx,vnnlib/ruarobot/hyperrectangle_2101.vnnlib,20,0,0.0,,not_run,,,
363,onnx/ruarobot/perturbations_0.onnx,vnnlib/ruarobot/hyperrectangle_1833.vnnlib,20,0,0.0,,not_run,,,
364,onnx/medical/perturbations_0.onnx,vnnlib/medical/hyperrectangle_2310.vnnlib,20,0,0.0,,not_run,,,
365,onnx/ruarobot/perturbations_0.onnx,vnnlib/ruarobot/hyperrectangle_307.vnnlib,20,0,0.0,,not_run,,,
366,onnx/ruarobot/perturbations_0.onnx,vnnlib/ruarobot/hyperrectangle_1382.vnnlib,20,0,0.0,,not_run,,,
367,onnx/medical/perturbations_0.onnx,vnnlib/medical/hyperrectangle_996.vnnlib,20,0,0.0,,not_run,,,
368,onnx/ruarobot/perturbations_0.onnx,vnnlib/ruarobot/hyperrectangle_3551.vnnlib,20,0,0.0,,not_run,,,
369,onnx/ruarobot/perturbations_0.onnx,vnnlib/ruarobot/hyperrectangle_3499.vnnlib,20,0,0.0,,not_run,,,
370,onnx/ruarobot/perturbations_0.onnx,vnnlib/ruarobot/hyperrectangle_6795.vnnlib,20,0,0.0,,not_run,,,
371,onnx/ruarobot/perturbations_0.onnx,vnnlib/ruarobot/hyperrectangle_6990.vnnlib,20,0,0.0,,not_run,,,
372,onnx/ruarobot/perturbations_0.onnx,vnnlib/ruarobot/hyperrectangle_32.vnnlib,20,0,0.0,,not_run,,,
373,onnx/medical/perturbations_0.onnx,vnnlib/medical/hyperrectangle_987.vnnlib,20,0,0.0,,not_run,,,
374,onnx/medical/perturbations_0.onnx,vnnlib/medical/hyperrectangle_572.vnnlib,20,0,0.0,,not_run,,,
375,onnx/medical/perturbations_0.onnx,vnnlib/medical/hyperrectangle_2661.vnnlib,20,0,0.0,,not_run,,,
376,onnx/ruarobot/perturbations_0.onnx,vnnlib/ruarobot/hyperrectangle_2041.vnnlib,20,0,0.0,,not_run,,,
377,onnx/ruarobot/perturbations_0.onnx,vnnlib/ruarobot/hyperrectangle_2964.vnnlib,20,0,0.0,,not_run,,,
378,onnx/ruarobot/perturbations_0.onnx,vnnlib/ruarobot/hyperrectangle_1603.vnnlib,20,0,0.0,,not_run,,,
379,onnx/ruarobot/perturbations_0.onnx,vnnlib/ruarobot/hyperrectangle_4801.vnnlib,20,0,0.0,,not_run,,,
380,onnx/medical/perturbations_0.onnx,vnnlib/medical/hyperrectangle_271.vnnlib,20,0,0.0,,not_run,,,
381,onnx/medical/perturbations_0.onnx,vnnlib/medical/hyperrectangle_843.vnnlib,20,0,0.0,,not_run,,,
382,onnx/ruarobot/perturbations_0.onnx,vnnlib/ruarobot/hyperrectangle_6080.vnnlib,20,0,0.0,,not_run,,,
383,onnx/ruarobot/perturbations_0.onnx,vnnlib/ruarobot/hyperrectangle_5554.vnnlib,20,0,0.0,,not_run,,,
384,onnx/ruarobot/perturbations_0.onnx,vnnlib/ruarobot/hyperrectangle_3362.vnnlib,20,0,0.0,,not_run,,,
385,onnx/ruarobot/perturbations_0.onnx,vnnlib/ruarobot/hyperrectangle_7496.vnnlib,20,0,0.0,,not_run,,,
386,onnx/ruarobot/perturbations_0.onnx,vnnlib/ruarobot/hyperrectangle_4124.vnnlib,20,0,0.0,,not_run,,,
387,onnx/ruarobot/perturbations_0.onnx,vnnlib/ruarobot/hyperrectangle_7037.vnnlib,20,0,0.0,,not_run,,,
388,onnx/medical/perturbations_0.onnx,vnnlib/medical/hyperrectangle_189.vnnlib,20,0,0.0,,not_run,,,
389,onnx/ruarobot/perturbations_0.onnx,vnnlib/ruarobot/hyperrectangle_4115.vnnlib,20,0,0.0,,not_run,,,
390,onnx/ruarobot/perturbations_0.onnx,vnnlib/ruarobot/hyperrectangle_7766.vnnlib,20,0,0.0,,not_run,,,
391,onnx/medical/perturbations_0.onnx,vnnlib/medical/hyperrectangle_1833.vnnlib,20,0,0.0,,not_run,,,
392,onnx/medical/perturbations_0.onnx,vnnlib/medical/hyperrectangle_624.vnnlib,20,0,0.0,,not_run,,,
393,onnx/ruarobot/perturbations_0.onnx,vnnlib/ruarobot/hyperrectangle_769.vnnlib,20,0,0.0,,not_run,,,
394,onnx/ruarobot/perturbations_0.onnx,vnnlib/ruarobot/hyperrectangle_1671.vnnlib,20,0,0.0,,not_run,,,
395,onnx/ruarobot/perturbations_0.onnx,vnnlib/ruarobot/hyperrectangle_35.vnnlib,20,0,0.0,,not_run,,,
396,onnx/medical/perturbations_0.onnx,vnnlib/medical/hyperrectangle_668.vnnlib,20,0,0.0,,not_run,,,
397,onnx/ruarobot/perturbations_0.onnx,vnnlib/ruarobot/hyperrectangle_4786.vnnlib,20,0,0.0,,not_run,,,
398,onnx/ruarobot/perturbations_0.onnx,vnnlib/ruarobot/hyperrectangle_4279.vnnlib,20,0,0.0,,not_run,,,
399,onnx/ruarobot/perturbations_0.onnx,vnnlib/ruarobot/hyperrectangle_7155.vnnlib,20,0,0.0,,not_run,,,
400,onnx/medical/perturbations_0.onnx,vnnlib/medical/hyperrectangle_54.vnnlib,20,0,0.0,,not_run,,,
401,onnx/ruarobot/perturbations_0.onnx,vnnlib/ruarobot/hyperrectangle_5870.vnnlib,20,0,0.0,,not_run,,,
402,onnx/medical/perturbations_0.onnx,vnnlib/medical/hyperrectangle_1639.vnnlib,20,0,0.0,,not_run,,,
403,onnx/ruarobot/perturbations_0.onnx,vnnlib/ruarobot/hyperrectangle_6140.vnnlib,20,0,0.0,,not_run,,,
404,onnx/medical/perturbations_0.onnx,vnnlib/medical/hyperrectangle_41.vnnlib,20,0,0.0,,not_run,,,
405,onnx/ruarobot/perturbations_0.onnx,vnnlib/ruarobot/hyperrectangle_5998.vnnlib,20,0,0.0,,not_run,,,
406,onnx/ruarobot/perturbations_0.onnx,vnnlib/ruarobot/hyperrectangle_3996.vnnlib,20,0,0.0,,not_run,,,
407,onnx/ruarobot/perturbations_0.onnx,vnnlib/ruarobot/hyperrectangle_5885.vnnlib,20,0,0.0,,not_run,,,
408,onnx/ruarobot/perturbations_0.onnx,vnnlib/ruarobot/hyperrectangle_3035.vnnlib,20,0,0.0,,not_run,,,
409,onnx/ruarobot/perturbations_0.onnx,vnnlib/ruarobot/hyperrectangle_7545.vnnlib,20,0,0.0,,not_run,,,
410,onnx/ruarobot/perturbations_0.onnx,vnnlib/ruarobot/hyperrectangle_5540.vnnlib,20,0,0.0,,not_run,,,
411,onnx/ruarobot/perturbations_0.onnx,vnnlib/ruarobot/hyperrectangle_7172.vnnlib,20,0,0.0,,not_run,,,
412,onnx/medical/perturbations_0.onnx,vnnlib/medical/hyperrectangle_594.vnnlib,20,0,0.0,,not_run,,,
413,onnx/ruarobot/perturbations_0.onnx,vnnlib/ruarobot/hyperrectangle_1154.vnnlib,20,0,0.0,,not_run,,,
414,onnx/ruarobot/perturbations_0.onnx,vnnlib/ruarobot/hyperrectangle_6648.vnnlib,20,0,0.0,,not_run,,,
415,onnx/ruarobot/perturbations_0.onnx,vnnlib/ruarobot/hyperrectangle_3901.vnnlib,20,0,0.0,,not_run,,,
416,onnx/medical/perturbations_0.onnx,vnnlib/medical/hyperrectangle_1794.vnnlib,20,0,0.0,,not_run,,,
417,onnx/ruarobot/perturbations_0.onnx,vnnlib/ruarobot/hyperrectangle_33.vnnlib,20,0,0.0,,not_run,,,
418,onnx/medical/perturbations_0.onnx,vnnlib/medical/hyperrectangle_311.vnnlib,20,0,0.0,,not_run,,,
419,onnx/medical/perturbations_0.onnx,vnnlib/medical/hyperrectangle_1784.vnnlib,20,0,0.0,,not_run,,,
420,onnx/ruarobot/perturbations_0.onnx,vnnlib/ruarobot/hyperrectangle_5233.vnnlib,20,0,0.0,,not_run,,,
421,onnx/medical/perturbations_0.onnx,vnnlib/medical/hyperrectangle_1520.vnnlib,20,0,0.0,,not_run,,,
422,onnx/ruarobot/perturbations_0.onnx,vnnlib/ruarobot/hyperrectangle_196.vnnlib,20,0,0.0,,not_run,,,
423,onnx/medical/perturbations_0.onnx,vnnlib/medical/hyperrectangle_929.vnnlib,20,0,0.0,,not_run,,,
424,onnx/medical/perturbations_0.onnx,vnnlib/medical/hyperrectangle_1163.vnnlib,20,0,0.0,,not_run,,,
425,onnx/ruarobot/perturbations_0.onnx,vnnlib/ruarobot/hyperrectangle_5484.vnnlib,20,0,0.0,,not_run,,,
426,onnx/medical/perturbations_0.onnx,vnnlib/medical/hyperrectangle_2588.vnnlib,20,0,0.0,,not_run,,,
427,onnx/ruarobot/perturbations_0.onnx,vnnlib/ruarobot/hyperrectangle_433.vnnlib,20,0,0.0,,not_run,,,
428,onnx/medical/perturbations_0.onnx,vnnlib/medical/hyperrectangle_1332.vnnlib,20,0,0.0,,not_run,,,
429,onnx/ruarobot/perturbations_0.onnx,vnnlib/ruarobot/hyperrectangle_3958.vnnlib,20,0,0.0,,not_run,,,
430,onnx/ruarobot/perturbations_0.onnx,vnnlib/ruarobot/hyperrectangle_3530.vnnlib,20,0,0.0,,not_run,,,
431,onnx/ruarobot/perturbations_0.onnx,vnnlib/ruarobot/hyperrectangle_6390.vnnlib,20,0,0.0,,not_run,,,
432,onnx/medical/perturbations_0.onnx,vnnlib/medical/hyperrectangle_2784.vnnlib,20,0,0.0,,not_run,,,
433,onnx/ruarobot/perturbations_0.onnx,vnnlib/ruarobot/hyperrectangle_2779.vnnlib,20,0,0.0,,not_run,,,
434,onnx/ruarobot/perturbations_0.onnx,vnnlib/ruarobot/hyperrectangle_4249.vnnlib,20,0,0.0,,not_run,,,
435,onnx/ruarobot/perturbations_0.onnx,vnnlib/ruarobot/hyperrectangle_3223.vnnlib,20,0,0.0,,not_run,,,
436,onnx/medical/perturbations_0.onnx,vnnlib/medical/hyperrectangle_2061.vnnlib,20,0,0.0,,not_run,,,
437,onnx/ruarobot/perturbations_0.onnx,vnnlib/ruarobot/hyperrectangle_7775.vnnlib,20,0,0.0,,not_run,,,
438,onnx/medical/perturbations_0.onnx,vnnlib/medical/hyperrectangle_620.vnnlib,20,0,0.0,,not_run,,,
439,onnx/ruarobot/perturbations_0.onnx,vnnlib/ruarobot/hyperrectangle_4454.vnnlib,20,0,0.0,,not_run,,,
440,onnx/ruarobot/perturbations_0.onnx,vnnlib/ruarobot/hyperrectangle_6870.vnnlib,20,0,0.0,,not_run,,,
441,onnx/medical/perturbations_0.onnx,vnnlib/medical/hyperrectangle_2647.vnnlib,20,0,0.0,,not_run,,,
442,onnx/ruarobot/perturbations_0.onnx,vnnlib/ruarobot/hyperrectangle_6942.vnnlib,20,0,0.0,,not_run,,,
443,onnx/medical/perturbations_0.onnx,vnnlib/medical/hyperrectangle_913.vnnlib,20,0,0.0,,not_run,,,
444,onnx/ruarobot/perturbations_0.onnx,vnnlib/ruarobot/hyperrectangle_2685.vnnlib,20,0,0.0,,not_run,,,
445,onnx/medical/perturbations_0.onnx,vnnlib/medical/hyperrectangle_2562.vnnlib,20,0,0.0,,not_run,,,
446,onnx/ruarobot/perturbations_0.onnx,vnnlib/ruarobot/hyperrectangle_4941.vnnlib,20,0,0.0,,not_run,,,
447,onnx/ruarobot/perturbations_0.onnx,vnnlib/ruarobot/hyperrectangle_3112.vnnlib,20,0,0.0,,not_run,,,
448,onnx/ruarobot/perturbations_0.onnx,vnnlib/ruarobot/hyperrectangle_7684.vnnlib,20,0,0.0,,not_run,,,
449,onnx/ruarobot/perturbations_0.onnx,vnnlib/ruarobot/hyperrectangle_7803.vnnlib,20,0,0.0,,not_run,,,
450,onnx/ruarobot/perturbations_0.onnx,vnnlib/ruarobot/hyperrectangle_2729.vnnlib,20,0,0.0,,not_run,,,
451,onnx/ruarobot/perturbations_0.onnx,vnnlib/ruarobot/hyperrectangle_405.vnnlib,20,0,0.0,,not_run,,,
452,onnx/ruarobot/perturbations_0.onnx,vnnlib/ruarobot/hyperrectangle_2163.vnnlib,20,0,0.0,,not_run,,,
453,onnx/ruarobot/perturbations_0.onnx,vnnlib/ruarobot/hyperrectangle_3354.vnnlib,20,0,0.0,,not_run,,,
454,onnx/ruarobot/perturbations_0.onnx,vnnlib/ruarobot/hyperrectangle_2887.vnnlib,20,0,0.0,,not_run,,,
455,onnx/ruarobot/perturbations_0.onnx,vnnlib/ruarobot/hyperrectangle_4388.vnnlib,20,0,0.0,,not_run,,,
456,onnx/ruarobot/perturbations_0.onnx,vnnlib/ruarobot/hyperrectangle_699.vnnlib,20,0,0.0,,not_run,,,
457,onnx/ruarobot/perturbations_0.onnx,vnnlib/ruarobot/hyperrectangle_4957.vnnlib,20,0,0.0,,not_run,,,
458,onnx/ruarobot/perturbations_0.onnx,vnnlib/ruarobot/hyperrectangle_4323.vnnlib,20,0,0.0,,not_run,,,
459,onnx/ruarobot/perturbations_0.onnx,vnnlib/ruarobot/hyperrectangle_4237.vnnlib,20,0,0.0,,not_run,,,
460,onnx/medical/perturbations_0.onnx,vnnlib/medical/hyperrectangle_2321.vnnlib,20,0,0.0,,not_run,,,
461,onnx/medical/perturbations_0.onnx,vnnlib/medical/hyperrectangle_300.vnnlib,20,0,0.0,,not_run,,,
462,onnx/ruarobot/perturbations_0.onnx,vnnlib/ruarobot/hyperrectangle_45.vnnlib,20,0,0.0,,not_run,,,
463,onnx/ruarobot/perturbations_0.onnx,vnnlib/ruarobot/hyperrectangle_2552.vnnlib,20,0,0.0,,not_run,,,
464,onnx/ruarobot/perturbations_0.onnx,vnnlib/ruarobot/hyperrectangle_2486.vnnlib,20,0,0.0,,not_run,,,
465,onnx/ruarobot/perturbations_0.onnx,vnnlib/ruarobot/hyperrectangle_1368.vnnlib,20,0,0.0,,not_run,,,
466,onnx/ruarobot/perturbations_0.onnx,vnnlib/ruarobot/hyperrectangle_7661.vnnlib,20,0,0.0,,not_run,,,
467,onnx/ruarobot/perturbations_0.onnx,vnnlib/ruarobot/hyperrectangle_5009.vnnlib,20,0,0.0,,not_run,,,
468,onnx/ruarobot/perturbations_0.onnx,vnnlib/ruarobot/hyperrectangle_6947.vnnlib,20,0,0.0,,not_run,,,
469,onnx/ruarobot/perturbations_0.onnx,vnnlib/ruarobot/hyperrectangle_5912.vnnlib,20,0,0.0,,not_run,,,
470,onnx/ruarobot/perturbations_0.onnx,vnnlib/ruarobot/hyperrectangle_775.vnnlib,20,0,0.0,,not_run,,,
471,onnx/ruarobot/perturbations_0.onnx,vnnlib/ruarobot/hyperrectangle_4690.vnnlib,20,0,0.0,,not_run,,,
472,onnx/ruarobot/perturbations_0.onnx,vnnlib/ruarobot/hyperrectangle_491.vnnlib,20,0,0.0,,not_run,,,
473,onnx/ruarobot/perturbations_0.onnx,vnnlib/ruarobot/hyperrectangle_6052.vnnlib,20,0,0.0,,not_run,,,
474,onnx/ruarobot/perturbations_0.onnx,vnnlib/ruarobot/hyperrectangle_4905.vnnlib,20,0,0.0,,not_run,,,
475,onnx/ruarobot/perturbations_0.onnx,vnnlib/ruarobot/hyperrectangle_2673.vnnlib,20,0,0.0,,not_run,,,
476,onnx/ruarobot/perturbations_0.onnx,vnnlib/ruarobot/hyperrectangle_4289.vnnlib,20,0,0.0,,not_run,,,
477,onnx/ruarobot/perturbations_0.onnx,vnnlib/ruarobot/hyperrectangle_2841.vnnlib,20,0,0.0,,not_run,,,
478,onnx/medical/perturbations_0.onnx,vnnlib/medical/hyperrectangle_500.vnnlib,20,0,0.0,,not_run,,,
479,onnx/ruarobot/perturbations_0.onnx,vnnlib/ruarobot/hyperrectangle_3574.vnnlib,20,0,0.0,,not_run,,,
480,onnx/medical/perturbations_0.onnx,vnnlib/medical/hyperrectangle_177.vnnlib,20,0,0.0,,not_run,,,
481,onnx/ruarobot/perturbations_0.onnx,vnnlib/ruarobot/hyperrectangle_2596.vnnlib,20,0,0.0,,not_run,,,
482,onnx/ruarobot/perturbations_0.onnx,vnnlib/ruarobot/hyperrectangle_3665.vnnlib,20,0,0.0,,not_run,,,
483,onnx/ruarobot/perturbations_0.onnx,vnnlib/ruarobot/hyperrectangle_6658.vnnlib,20,0,0.0,,not_run,,,
484,onnx/ruarobot/perturbations_0.onnx,vnnlib/ruarobot/hyperrectangle_5374.vnnlib,20,0,0.0,,not_run,,,
485,onnx/ruarobot/perturbations_0.onnx,vnnlib/ruarobot/hyperrectangle_5199.vnnlib,20,0,0.0,,not_run,,,
486,onnx/ruarobot/perturbations_0.onnx,vnnlib/ruarobot/hyperrectangle_6864.vnnlib,20,0,0.0,,not_run,,,
487,onnx/ruarobot/perturbations_0.onnx,vnnlib/ruarobot/hyperrectangle_244.vnnlib,20,0,0.0,,not_run,,,
488,onnx/medical/perturbations_0.onnx,vnnlib/medical/hyperrectangle_2572.vnnlib,20,0,0.0,,not_run,,,
489,onnx/ruarobot/perturbations_0.onnx,vnnlib/ruarobot/hyperrectangle_2845.vnnlib,20,0,0.0,,not_run,,,
490,onnx/ruarobot/perturbations_0.onnx,vnnlib/ruarobot/hyperrectangle_161.vnnlib,20,0,0.0,,not_run,,,
491,onnx/ruarobot/perturbations_0.onnx,vnnlib/ruarobot/hyperrectangle_1492.vnnlib,20,0,0.0,,not_run,,,
492,onnx/ruarobot/perturbations_0.onnx,vnnlib/ruarobot/hyperrectangle_1527.vnnlib,20,0,0.0,,not_run,,,
493,onnx/ruarobot/perturbations_0.onnx,vnnlib/ruarobot/hyperrectangle_6790.vnnlib,20,0,0.0,,not_run,,,
494,onnx/ruarobot/perturbations_0.onnx,vnnlib/ruarobot/hyperrectangle_3445.vnnlib,20,0,0.0,,not_run,,,
495,onnx/medical/perturbations_0.onnx,vnnlib/medical/hyperrectangle_2777.vnnlib,20,0,0.0,,not_run,,,
496,onnx/ruarobot/perturbations_0.onnx,vnnlib/ruarobot/hyperrectangle_4972.vnnlib,20,0,0.0,,not_run,,,
497,onnx/ruarobot/perturbations_0.onnx,vnnlib/ruarobot/hyperrectangle_293.vnnlib,20,0,0.0,,not_run,,,
498,onnx/medical/perturbations_0.onnx,vnnlib/medical/hyperrectangle_1549.vnnlib,20,0,0.0,,not_run,,,
499,onnx/ruarobot/perturbations_0.onnx,vnnlib/ruarobot/hyperrectangle_5973.vnnlib,20,0,0.0,,not_run,,,
500,onnx/medical/perturbations_0.onnx,vnnlib/medical/hyperrectangle_1684.vnnlib,20,0,0.0,,not_run,,,
501,onnx/ruarobot/perturbations_0.onnx,vnnlib/ruarobot/hyperrectangle_6105.vnnlib,20,0,0.0,,not_run,,,
502,onnx/medical/perturbations_0.onnx,vnnlib/medical/hyperrectangle_2697.vnnlib,20,0,0.0,,not_run,,,
503,onnx/ruarobot/perturbations_0.onnx,vnnlib/ruarobot/hyperrectangle_3941.vnnlib,20,0,0.0,,not_run,,,
504,onnx/ruarobot/perturbations_0.onnx,vnnlib/ruarobot/hyperrectangle_3961.vnnlib,20,0,0.0,,not_run,,,
505,onnx/ruarobot/perturbations_0.onnx,vnnlib/ruarobot/hyperrectangle_2489.vnnlib,20,0,0.0,,not_run,,,
506,onnx/medical/perturbations_0.onnx,vnnlib/medical/hyperrectangle_949.vnnlib,20,0,0.0,,not_run,,,
507,onnx/medical/perturbations_0.onnx,vnnlib/medical/hyperrectangle_89.vnnlib,20,0,0.0,,not_run,,,
508,onnx/ruarobot/perturbations_0.onnx,vnnlib/ruarobot/hyperrectangle_634.vnnlib,20,0,0.0,,not_run,,,
509,onnx/ruarobot/perturbations_0.onnx,vnnlib/ruarobot/hyperrectangle_7437.vnnlib,20,0,0.0,,not_run,,,
510,onnx/ruarobot/perturbations_0.onnx,vnnlib/ruarobot/hyperrectangle_2250.vnnlib,20,0,0.0,,not_run,,,
511,onnx/ruarobot/perturbations_0.onnx,vnnlib/ruarobot/hyperrectangle_3481.vnnlib,20,0,0.0,,not_run,,,
512,onnx/medical/perturbations_0.onnx,vnnlib/medical/hyperrectangle_989.vnnlib,20,0,0.0,,not_run,,,
513,onnx/ruarobot/perturbations_0.onnx,vnnlib/ruarobot/hyperrectangle_5185.vnnlib,20,0,0.0,,not_run,,,
514,onnx/ruarobot/perturbations_0.onnx,vnnlib/ruarobot/hyperrectangle_2264.vnnlib,20,0,0.0,,not_run,,,
515,onnx/ruarobot/perturbations_0.onnx,vnnlib/ruarobot/hyperrectangle_4911.vnnlib,20,0,0.0,,not_run,,,
516,onnx/ruarobot/perturbations_0.onnx,vnnlib/ruarobot/hyperrectangle_3309.vnnlib,20,0,0.0,,not_run,,,
517,onnx/ruarobot/perturbations_0.onnx,vnnlib/ruarobot/hyperrectangle_823.vnnlib,20,0,0.0,,not_run,,,
518,onnx/ruarobot/perturbations_0.onnx,vnnlib/ruarobot/hyperrectangle_2074.vnnlib,20,0,0.0,,not_run,,,
519,onnx/ruarobot/perturbations_0.onnx,vnnlib/ruarobot/hyperrectangle_5600.vnnlib,20,0,0.0,,not_run,,,
520,onnx/ruarobot/perturbations_0.onnx,vnnlib/ruarobot/hyperrectangle_2899.vnnlib,20,0,0.0,,not_run,,,
521,onnx/medical/perturbations_0.onnx,vnnlib/medical/hyperrectangle_1691.vnnlib,20,0,0.0,,not_run,,,
522,onnx/ruarobot/perturbations_0.onnx,vnnlib/ruarobot/hyperrectangle_884.vnnlib,20,0,0.0,,not_run,,,
523,onnx/ruarobot/perturbations_0.onnx,vnnlib/ruarobot/hyperrectangle_6981.vnnlib,20,0,0.0,,not_run,,,
524,onnx/ruarobot/perturbations_0.onnx,vnnlib/ruarobot/hyperrectangle_5679.vnnlib,20,0,0.0,,not_run,,,
525,onnx/medical/perturbations_0.onnx,vnnlib/medical/hyperrectangle_433.vnnlib,20,0,0.0,,not_run,,,
526,onnx/ruarobot/perturbations_0.onnx,vnnlib/ruarobot/hyperrectangle_1149.vnnlib,20,0,0.0,,not_run,,,
527,onnx/ruarobot/perturbations_0.onnx,vnnlib/ruarobot/hyperrectangle_3442.vnnlib,20,0,0.0,,not_run,,,
528,onnx/ruarobot/perturbations_0.onnx,vnnlib/ruarobot/hyperrectangle_6421.vnnlib,20,0,0.0,,not_run,,,
529,onnx/ruarobot/perturbations_0.onnx,vnnlib/ruarobot/hyperrectangle_1011.vnnlib,20,0,0.0,,not_run,,,
530,onnx/ruarobot/perturbations_0.onnx,vnnlib/ruarobot/hyperrectangle_5936.vnnlib,20,0,0.0,,not_run,,,
531,onnx/medical/perturbations_0.onnx,vnnlib/medical/hyperrectangle_2724.vnnlib,20,0,0.0,,not_run,,,
532,onnx/ruarobot/perturbations_0.onnx,vnnlib/ruarobot/hyperrectangle_7855.vnnlib,20,0,0.0,,not_run,,,
533,onnx/ruarobot/perturbations_0.onnx,vnnlib/ruarobot/hyperrectangle_1741.vnnlib,20,0,0.0,,not_run,,,
534,onnx/ruarobot/perturbations_0.onnx,vnnlib/ruarobot/hyperrectangle_7435.vnnlib,20,0,0.0,,not_run,,,
535,onnx/ruarobot/perturbations_0.onnx,vnnlib/ruarobot/hyperrectangle_6065.vnnlib,20,0,0.0,,not_run,,,
536,onnx/ruarobot/perturbations_0.onnx,vnnlib/ruarobot/hyperrectangle_2181.vnnlib,20,0,0.0,,not_run,,,
537,onnx/ruarobot/perturbations_0.onnx,vnnlib/ruarobot/hyperrectangle_4457.vnnlib,20,0,0.0,,not_run,,,
538,onnx/ruarobot/perturbations_0.onnx,vnnlib/ruarobot/hyperrectangle_7202.vnnlib,20,0,0.0,,not_run,,,
539,onnx/ruarobot/perturbations_0.onnx,vnnlib/ruarobot/hyperrectangle_6761.vnnlib,20,0,0.0,,not_run,,,
540,onnx/ruarobot/perturbations_0.onnx,vnnlib/ruarobot/hyperrectangle_6597.vnnlib,20,0,0.0,,not_run,,,
541,onnx/ruarobot/perturbations_0.onnx,vnnlib/ruarobot/hyperrectangle_4823.vnnlib,20,0,0.0,,not_run,,,
542,onnx/ruarobot/perturbations_0.onnx,vnnlib/ruarobot/hyperrectangle_7228.vnnlib,20,0,0.0,,not_run,,,
543,onnx/medical/perturbations_0.onnx,vnnlib/medical/hyperrectangle_2740.vnnlib,20,0,0.0,,not_run,,,
544,onnx/medical/perturbations_0.onnx,vnnlib/medical/hyperrectangle_1363.vnnlib,20,0,0.0,,not_run,,,
545,onnx/ruarobot/perturbations_0.onnx,vnnlib/ruarobot/hyperrectangle_4830.vnnlib,20,0,0.0,,not_run,,,
546,onnx/medical/perturbations_0.onnx,vnnlib/medical/hyperrectangle_2733.vnnlib,20,0,0.0,,not_run,,,
547,onnx/ruarobot/perturbations_0.onnx,vnnlib/ruarobot/hyperrectangle_3699.vnnlib,20,0,0.0,,not_run,,,
548,onnx/ruarobot/perturbations_0.onnx,vnnlib/ruarobot/hyperrectangle_5698.vnnlib,20,0,0.0,,not_run,,,
549,onnx/ruarobot/perturbations_0.onnx,vnnlib/ruarobot/hyperrectangle_6397.vnnlib,20,0,0.0,,not_run,,,
550,onnx/ruarobot/perturbations_0.onnx,vnnlib/ruarobot/hyperrectangle_6586.vnnlib,20,0,0.0,,not_run,,,
551,onnx/ruarobot/perturbations_0.onnx,vnnlib/ruarobot/hyperrectangle_1072.vnnlib,20,0,0.0,,not_run,,,
552,onnx/ruarobot/perturbations_0.onnx,vnnlib/ruarobot/hyperrectangle_4651.vnnlib,20,0,0.0,,not_run,,,
553,onnx/ruarobot/perturbations_0.onnx,vnnlib/ruarobot/hyperrectangle_71.vnnlib,20,0,0.0,,not_run,,,
554,onnx/ruarobot/perturbations_0.onnx,vnnlib/ruarobot/hyperrectangle_3965.vnnlib,20,0,0.0,,not_run,,,
555,onnx/ruarobot/perturbations_0.onnx,vnnlib/ruarobot/hyperrectangle_3056.vnnlib,20,0,0.0,,not_run,,,
556,onnx/ruarobot/perturbations_0.onnx,vnnlib/ruarobot/hyperrectangle_7483.vnnlib,20,0,0.0,,not_run,,,
557,onnx/ruarobot/perturbations_0.onnx,vnnlib/ruarobot/hyperrectangle_1682.vnnlib,20,0,0.0,,not_run,,,
558,onnx/medical/perturbations_0.onnx,vnnlib/medical/hyperrectangle_1091.vnnlib,20,0,0.0,,not_run,,,
559,onnx/medical/perturbations_0.onnx,vnnlib/medical/hyperrectangle_1309.vnnlib,20,0,0.0,,not_run,,,
560,onnx/ruarobot/perturbations_0.onnx,vnnlib/ruarobot/hyperrectangle_6931.vnnlib,20,0,0.0,,not_run,,,
561,onnx/ruarobot/perturbations_0.onnx,vnnlib/ruarobot/hyperrectangle_418.vnnlib,20,0,0.0,,not_run,,,
562,onnx/ruarobot/perturbations_0.onnx,vnnlib/ruarobot/hyperrectangle_5859.vnnlib,20,0,0.0,,not_run,,,
563,onnx/medical/perturbations_0.onnx,vnnlib/medical/hyperrectangle_700.vnnlib,20,0,0.0,,not_run,,,
564,onnx/medical/perturbations_0.onnx,vnnlib/medical/hyperrectangle_2742.vnnlib,20,0,0.0,,not_run,,,
565,onnx/ruarobot/perturbations_0.onnx,vnnlib/ruarobot/hyperrectangle_3495.vnnlib,20,0,0.0,,not_run,,,
566,onnx/ruarobot/perturbations_0.onnx,vnnlib/ruarobot/hyperrectangle_4291.vnnlib,20,0,0.0,,not_run,,,
567,onnx/medical/perturbations_0.onnx,vnnlib/medical/hyperrectangle_1464.vnnlib,20,0,0.0,,not_run,,,
568,onnx/ruarobot/perturbations_0.onnx,vnnlib/ruarobot/hyperrectangle_7154.vnnlib,20,0,0.0,,not_run,,,
569,onnx/medical/perturbations_0.onnx,vnnlib/medical/hyperrectangle_262.vnnlib,20,0,0.0,,not_run,,,
570,onnx/ruarobot/perturbations_0.onnx,vnnlib/ruarobot/hyperrectangle_831.vnnlib,20,0,0.0,,not_run,,,
571,onnx/ruarobot/perturbations_0.onnx,vnnlib/ruarobot/hyperrectangle_6807.vnnlib,20,0,0.0,,not_run,,,
572,onnx/ruarobot/perturbations_0.onnx,vnnlib/ruarobot/hyperrectangle_2038.vnnlib,20,0,0.0,,not_run,,,
573,onnx/ruarobot/perturbations_0.onnx,vnnlib/ruarobot/hyperrectangle_3772.vnnlib,20,0,0.0,,not_run,,,
574,onnx/ruarobot/perturbations_0.onnx,vnnlib/ruarobot/hyperrectangle_5181.vnnlib,20,0,0.0,,not_run,,,
575,onnx/ruarobot/perturbations_0.onnx,vnnlib/ruarobot/hyperrectangle_4121.vnnlib,20,0,0.0,,not_run,,,
576,onnx/ruarobot/perturbations_0.onnx,vnnlib/ruarobot/hyperrectangle_1602.vnnlib,20,0,0.0,,not_run,,,
577,onnx/ruarobot/perturbations_0.onnx,vnnlib/ruarobot/hyperrectangle_2543.vnnlib,20,0,0.0,,not_run,,,
578,onnx/ruarobot/perturbations_0.onnx,vnnlib/ruarobot/hyperrectangle_2660.vnnlib,20,0,0.0,,not_run,,,
579,onnx/ruarobot/perturbations_0.onnx,vnnlib/ruarobot/hyperrectangle_942.vnnlib,20,0,0.0,,not_run,,,
580,onnx/ruarobot/perturbations_0.onnx,vnnlib/ruarobot/hyperrectangle_6702.vnnlib,20,0,0.0,,not_run,,,
581,onnx/ruarobot/perturbations_0.onnx,vnnlib/ruarobot/hyperrectangle_7681.vnnlib,20,0,0.0,,not_run,,,
582,onnx/medical/perturbations_0.onnx,vnnlib/medical/hyperrectangle_506.vnnlib,20,0,0.0,,not_run,,,
583,onnx/medical/perturbations_0.onnx,vnnlib/medical/hyperrectangle_1854.vnnlib,20,0,0.0,,not_run,,,
584,onnx/ruarobot/perturbations_0.onnx,vnnlib/ruarobot/hyperrectangle_5345.vnnlib,20,0,0.0,,not_run,,,
585,onnx/medical/perturbations_0.onnx,vnnlib/medical/hyperrectangle_2624.vnnlib,20,0,0.0,,not_run,,,
586,onnx/ruarobot/perturbations_0.onnx,vnnlib/ruarobot/hyperrectangle_7016.vnnlib,20,0,0.0,,not_run,,,
587,onnx/ruarobot/perturbations_0.onnx,vnnlib/ruarobot/hyperrectangle_4456.vnnlib,20,0,0.0,,not_run,,,
588,onnx/medical/perturbations_0.onnx,vnnlib/medical/hyperrectangle_2119.vnnlib,20,0,0.0,,not_run,,,
589,onnx/ruarobot/perturbations_0.onnx,vnnlib/ruarobot/hyperrectangle_6119.vnnlib,20,0,0.0,,not_run,,,
590,onnx/ruarobot/perturbations_0.onnx,vnnlib/ruarobot/hyperrectangle_3870.vnnlib,20,0,0.0,,not_run,,,
591,onnx/ruarobot/perturbations_0.onnx,vnnlib/ruarobot/hyperrectangle_7203.vnnlib,20,0,0.0,,not_run,,,
592,onnx/ruarobot/perturbations_0.onnx,vnnlib/ruarobot/hyperrectangle_5984.vnnlib,20,0,0.0,,not_run,,,
593,onnx/ruarobot/perturbations_0.onnx,vnnlib/ruarobot/hyperrectangle_2460.vnnlib,20,0,0.0,,not_run,,,
594,onnx/medical/perturbations_0.onnx,vnnlib/medical/hyperrectangle_1889.vnnlib,20,0,0.0,,not_run,,,
595,onnx/ruarobot/perturbations_0.onnx,vnnlib/ruarobot/hyperrectangle_65.vnnlib,20,0,0.0,,not_run,,,
596,onnx/ruarobot/perturbations_0.onnx,vnnlib/ruarobot/hyperrectangle_2206.vnnlib,20,0,0.0,,not_run,,,
597,onnx/ruarobot/perturbations_0.onnx,vnnlib/ruarobot/hyperrectangle_5054.vnnlib,20,0,0.0,,not_run,,,
598,onnx/ruarobot/perturbations_0.onnx,vnnlib/ruarobot/hyperrectangle_1220.vnnlib,20,0,0.0,,not_run,,,
599,onnx/ruarobot/perturbations_0.onnx,vnnlib/ruarobot/hyperrectangle_4521.vnnlib,20,0,0.0,,not_run,,,
600,onnx/ruarobot/perturbations_0.onnx,vnnlib/ruarobot/hyperrectangle_2900.vnnlib,20,0,0.0,,not_run,,,
601,onnx/medical/perturbations_0.onnx,vnnlib/medical/hyperrectangle_716.vnnlib,20,0,0.0,,not_run,,,
602,onnx/medical/perturbations_0.onnx,vnnlib/medical/hyperrectangle_943.vnnlib,20,0,0.0,,not_run,,,
603,onnx/ruarobot/perturbations_0.onnx,vnnlib/ruarobot/hyperrectangle_6315.vnnlib,20,0,0.0,,not_run,,,
604,onnx/medical/perturbations_0.onnx,vnnlib/medical/hyperrectangle_722.vnnlib,20,0,0.0,,not_run,,,
605,onnx/medical/perturbations_0.onnx,vnnlib/medical/hyperrectangle_956.vnnlib,20,0,0.0,,not_run,,,
606,onnx/ruarobot/perturbations_0.onnx,vnnlib/ruarobot/hyperrectangle_3319.vnnlib,20,0,0.0,,not_run,,,
607,onnx/medical/perturbations_0.onnx,vnnlib/medical/hyperrectangle_34.vnnlib,20,0,0.0,,not_run,,,
608,onnx/ruarobot/perturbations_0.onnx,vnnlib/ruarobot/hyperrectangle_5397.vnnlib,20,0,0.0,,not_run,,,
609,onnx/ruarobot/perturbations_0.onnx,vnnlib/ruarobot/hyperrectangle_7225.vnnlib,20,0,0.0,,not_run,,,
610,onnx/ruarobot/perturbations_0.onnx,vnnlib/ruarobot/hyperrectangle_6132.vnnlib,20,0,0.0,,not_run,,,
611,onnx/ruarobot/perturbations_0.onnx,vnnlib/ruarobot/hyperrectangle_2895.vnnlib,20,0,0.0,,not_run,,,
612,onnx/ruarobot/perturbations_0.onnx,vnnlib/ruarobot/hyperrectangle_4265.vnnlib,20,0,0.0,,not_run,,,
613,onnx/ruarobot/perturbations_0.onnx,vnnlib/ruarobot/hyperrectangle_5696.vnnlib,20,0,0.0,,not_run,,,
614,onnx/ruarobot/perturbations_0.onnx,vnnlib/ruarobot/hyperrectangle_5886.vnnlib,20,0,0.0,,not_run,,,
615,onnx/ruarobot/perturbations_0.onnx,vnnlib/ruarobot/hyperrectangle_7561.vnnlib,20,0,0.0,,not_run,,,
616,onnx/medical/perturbations_0.onnx,vnnlib/medical/hyperrectangle_958.vnnlib,20,0,0.0,,not_run,,,
617,onnx/ruarobot/perturbations_0.onnx,vnnlib/ruarobot/hyperrectangle_1356.vnnlib,20,0,0.0,,not_run,,,
618,onnx/ruarobot/perturbations_0.onnx,vnnlib/ruarobot/hyperrectangle_3285.vnnlib,20,0,0.0,,not_run,,,
619,onnx/ruarobot/perturbations_0.onnx,vnnlib/ruarobot/hyperrectangle_4948.vnnlib,20,0,0.0,,not_run,,,
620,onnx/ruarobot/perturbations_0.onnx,vnnlib/ruarobot/hyperrectangle_3935.vnnlib,20,0,0.0,,not_run,,,
621,onnx/ruarobot/perturbations_0.onnx,vnnlib/ruarobot/hyperrectangle_5962.vnnlib,20,0,0.0,,not_run,,,
622,onnx/ruarobot/perturbations_0.onnx,vnnlib/ruarobot/hyperrectangle_385.vnnlib,20,0,0.0,,not_run,,,
623,onnx/ruarobot/perturbations_0.onnx,vnnlib/ruarobot/hyperrectangle_6277.vnnlib,20,0,0.0,,not_run,,,
624,onnx/ruarobot/perturbations_0.onnx,vnnlib/ruarobot/hyperrectangle_4870.vnnlib,20,0,0.0,,not_run,,,
625,onnx/ruarobot/perturbations_0.onnx,vnnlib/ruarobot/hyperrectangle_4773.vnnlib,20,0,0.0,,not_run,,,
626,onnx/ruarobot/perturbations_0.onnx,vnnlib/ruarobot/hyperrectangle_6672.vnnlib,20,0,0.0,,not_run,,,
627,onnx/ruarobot/perturbations_0.onnx,vnnlib/ruarobot/hyperrectangle_2804.vnnlib,20,0,0.0,,not_run,,,
628,onnx/ruarobot/perturbations_0.onnx,vnnlib/ruarobot/hyperrectangle_3333.vnnlib,20,0,0.0,,not_run,,,
629,onnx/ruarobot/perturbations_0.onnx,vnnlib/ruarobot/hyperrectangle_347.vnnlib,20,0,0.0,,not_run,,,
630,onnx/ruarobot/perturbations_0.onnx,vnnlib/ruarobot/hyperrectangle_1534.vnnlib,20,0,0.0,,not_run,,,
631,onnx/medical/perturbations_0.onnx,vnnlib/medical/hyperrectangle_869.vnnlib,20,0,0.0,,not_run,,,
632,onnx/ruarobot/perturbations_0.onnx,vnnlib/ruarobot/hyperrectangle_3036.vnnlib,20,0,0.0,,not_run,,,
633,onnx/ruarobot/perturbations_0.onnx,vnnlib/ruarobot/hyperrectangle_3555.vnnlib,20,0,0.0,,not_run,,,
634,onnx/ruarobot/perturbations_0.onnx,vnnlib/ruarobot/hyperrectangle_1420.vnnlib,20,0,0.0,,not_run,,,
635,onnx/ruarobot/perturbations_0.onnx,vnnlib/ruarobot/hyperrectangle_1697.vnnlib,20,0,0.0,,not_run,,,
636,onnx/medical/perturbations_0.onnx,vnnlib/medical/hyperrectangle_841.vnnlib,20,0,0.0,,not_run,,,
637,onnx/medical/perturbations_0.onnx,vnnlib/medical/hyperrectangle_771.vnnlib,20,0,0.0,,not_run,,,
638,onnx/ruarobot/perturbations_0.onnx,vnnlib/ruarobot/hyperrectangle_58.vnnlib,20,0,0.0,,not_run,,,
639,onnx/ruarobot/perturbations_0.onnx,vnnlib/ruarobot/hyperrectangle_6020.vnnlib,20,0,0.0,,not_run,,,
640,onnx/medical/perturbations_0.onnx,vnnlib/medical/hyperrectangle_1748.vnnlib,20,0,0.0,,not_run,,,
641,onnx/ruarobot/perturbations_0.onnx,vnnlib/ruarobot/hyperrectangle_5001.vnnlib,20,0,0.0,,not_run,,,
642,onnx/ruarobot/perturbations_0.onnx,vnnlib/ruarobot/hyperrectangle_1190.vnnlib,20,0,0.0,,not_run,,,
643,onnx/ruarobot/perturbations_0.onnx,vnnlib/ruarobot/hyperrectangle_6503.vnnlib,20,0,0.0,,not_run,,,
644,onnx/medical/perturbations_0.onnx,vnnlib/medical/hyperrectangle_59.vnnlib,20,0,0.0,,not_run,,,
645,onnx/ruarobot/perturbations_0.onnx,vnnlib/ruarobot/hyperrectangle_3702.vnnlib,20,0,0.0,,not_run,,,
646,onnx/ruarobot/perturbations_0.onnx,vnnlib/ruarobot/hyperrectangle_2820.vnnlib,20,0,0.0,,not_run,,,
647,onnx/ruarobot/perturbations_0.onnx,vnnlib/ruarobot/hyperrectangle_7750.vnnlib,20,0,0.0,,not_run,,,
648,onnx/ruarobot/perturbations_0.onnx,vnnlib/ruarobot/hyperrectangle_1215.vnnlib,20,0,0.0,,not_run,,,
649,onnx/ruarobot/perturbations_0.onnx,vnnlib/ruarobot/hyperrectangle_2365.vnnlib,20,0,0.0,,not_run,,,
650,onnx/ruarobot/perturbations_0.onnx,vnnlib/ruarobot/hyperrectangle_4630.vnnlib,20,0,0.0,,not_run,,,
651,onnx/ruarobot/perturbations_0.onnx,vnnlib/ruarobot/hyperrectangle_5063.vnnlib,20,0,0.0,,not_run,,,
652,onnx/ruarobot/perturbations_0.onnx,vnnlib/ruarobot/hyperrectangle_3188.vnnlib,20,0,0.0,,not_run,,,
653,onnx/ruarobot/perturbations_0.onnx,vnnlib/ruarobot/hyperrectangle_5457.vnnlib,20,0,0.0,,not_run,,,
654,onnx/ruarobot/perturbations_0.onnx,vnnlib/ruarobot/hyperrectangle_7476.vnnlib,20,0,0.0,,not_run,,,
655,onnx/ruarobot/perturbations_0.onnx,vnnlib/ruarobot/hyperrectangle_3222.vnnlib,20,0,0.0,,not_run,,,
656,onnx/ruarobot/perturbations_0.onnx,vnnlib/ruarobot/hyperrectangle_1064.vnnlib,20,0,0.0,,not_run,,,
657,onnx/ruarobot/perturbations_0.onnx,vnnlib/ruarobot/hyperrectangle_5293.vnnlib,20,0,0.0,,not_run,,,
658,onnx/ruarobot/perturbations_0.onnx,vnnlib/ruarobot/hyperrectangle_5643.vnnlib,20,0,0.0,,not_run,,,
659,onnx/ruarobot/perturbations_0.onnx,vnnlib/ruarobot/hyperrectangle_6743.vnnlib,20,0,0.0,,not_run,,,
660,onnx/medical/perturbations_0.onnx,vnnlib/medical/hyperrectangle_1047.vnnlib,20,0,0.0,,not_run,,,
661,onnx/ruarobot/perturbations_0.onnx,vnnlib/ruarobot/hyperrectangle_4958.vnnlib,20,0,0.0,,not_run,,,
662,onnx/ruarobot/perturbations_0.onnx,vnnlib/ruarobot/hyperrectangle_7443.vnnlib,20,0,0.0,,not_run,,,
663,onnx/medical/perturbations_0.onnx,vnnlib/medical/hyperrectangle_2698.vnnlib,20,0,0.0,,not_run,,,
664,onnx/medical/perturbations_0.onnx,vnnlib/medical/hyperrectangle_1215.vnnlib,20,0,0.0,,not_run,,,
665,onnx/medical/perturbations_0.onnx,vnnlib/medical/hyperrectangle_2322.vnnlib,20,0,0.0,,not_run,,,
666,onnx/ruarobot/perturbations_0.onnx,vnnlib/ruarobot/hyperrectangle_1219.vnnlib,20,0,0.0,,not_run,,,
667,onnx/ruarobot/perturbations_0.onnx,vnnlib/ruarobot/hyperrectangle_5519.vnnlib,20,0,0.0,,not_run,,,
668,onnx/medical/perturbations_0.onnx,vnnlib/medical/hyperrectangle_586.vnnlib,20,0,0.0,,not_run,,,
669,onnx/ruarobot/perturbations_0.onnx,vnnlib/ruarobot/hyperrectangle_6937.vnnlib,20,0,0.0,,not_run,,,
670,onnx/medical/perturbations_0.onnx,vnnlib/medical/hyperrectangle_642.vnnlib,20,0,0.0,,not_run,,,
671,onnx/medical/perturbations_0.onnx,vnnlib/medical/hyperrectangle_866.vnnlib,20,0,0.0,,not_run,,,
672,onnx/medical/perturbations_0.onnx,vnnlib/medical/hyperrectangle_2847.vnnlib,20,0,0.0,,not_run,,,
673,onnx/ruarobot/perturbations_0.onnx,vnnlib/ruarobot/hyperrectangle_7767.vnnlib,20,0,0.0,,not_run,,,
674,onnx/ruarobot/perturbations_0.onnx,vnnlib/ruarobot/hyperrectangle_777.vnnlib,20,0,0.0,,not_run,,,
675,onnx/medical/perturbations_0.onnx,vnnlib/medical/hyperrectangle_1869.vnnlib,20,0,0.0,,not_run,,,
676,onnx/ruarobot/perturbations_0.onnx,vnnlib/ruarobot/hyperrectangle_1477.vnnlib,20,0,0.0,,not_run,,,
677,onnx/medical/perturbations_0.onnx,vnnlib/medical/hyperrectangle_2557.vnnlib,20,0,0.0,,not_run,,,
678,onnx/ruarobot/perturbations_0.onnx,vnnlib/ruarobot/hyperrectangle_7695.vnnlib,20,0,0.0,,not_run,,,
679,onnx/medical/perturbations_0.onnx,vnnlib/medical/hyperrectangle_2680.vnnlib,20,0,0.0,,not_run,,,
680,onnx/ruarobot/perturbations_0.onnx,vnnlib/ruarobot/hyperrectangle_4459.vnnlib,20,0,0.0,,not_run,,,
681,onnx/ruarobot/perturbations_0.onnx,vnnlib/ruarobot/hyperrectangle_7865.vnnlib,20,0,0.0,,not_run,,,
682,onnx/ruarobot/perturbations_0.onnx,vnnlib/ruarobot/hyperrectangle_1890.vnnlib,20,0,0.0,,not_run,,,
683,onnx/ruarobot/perturbations_0.onnx,vnnlib/ruarobot/hyperrectangle_4123.vnnlib,20,0,0.0,,not_run,,,
684,onnx/ruarobot/perturbations_0.onnx,vnnlib/ruarobot/hyperrectangle_1808.vnnlib,20,0,0.0,,not_run,,,
685,onnx/ruarobot/perturbations_0.onnx,vnnlib/ruarobot/hyperrectangle_2363.vnnlib,20,0,0.0,,not_run,,,
686,onnx/medical/perturbations_0.onnx,vnnlib/medical/hyperrectangle_14.vnnlib,20,0,0.0,,not_run,,,
687,onnx/ruarobot/perturbations_0.onnx,vnnlib/ruarobot/hyperrectangle_2068.vnnlib,20,0,0.0,,not_run,,,
688,onnx/medical/perturbations_0.onnx,vnnlib/medical/hyperrectangle_839.vnnlib,20,0,0.0,,not_run,,,
689,onnx/ruarobot/perturbations_0.onnx,vnnlib/ruarobot/hyperrectangle_959.vnnlib,20,0,0.0,,not_run,,,
690,onnx/ruarobot/perturbations_0.onnx,vnnlib/ruarobot/hyperrectangle_5155.vnnlib,20,0,0.0,,not_run,,,
691,onnx/medical/perturbations_0.onnx,vnnlib/medical/hyperrectangle_1739.vnnlib,20,0,0.0,,not_run,,,
692,onnx/ruarobot/perturbations_0.onnx,vnnlib/ruarobot/hyperrectangle_2734.vnnlib,20,0,0.0,,not_run,,,
693,onnx/ruarobot/perturbations_0.onnx,vnnlib/ruarobot/hyperrectangle_4230.vnnlib,20,0,0.0,,not_run,,,
694,onnx/ruarobot/perturbations_0.onnx,vnnlib/ruarobot/hyperrectangle_6377.vnnlib,20,0,0.0,,not_run,,,
695,onnx/ruarobot/perturbations_0.onnx,vnnlib/ruarobot/hyperrectangle_790.vnnlib,20,0,0.0,,not_run,,,
696,onnx/ruarobot/perturbations_0.onnx,vnnlib/ruarobot/hyperrectangle_1077.vnnlib,20,0,0.0,,not_run,,,
697,onnx/ruarobot/perturbations_0.onnx,vnnlib/ruarobot/hyperrectangle_2558.vnnlib,20,0,0.0,,not_run,,,
698,onnx/ruarobot/perturbations_0.onnx,vnnlib/ruarobot/hyperrectangle_5573.vnnlib,20,0,0.0,,not_run,,,
699,onnx/ruarobot/perturbations_0.onnx,vnnlib/ruarobot/hyperrectangle_6604.vnnlib,20,0,0.0,,not_run,,,
700,onnx/medical/perturbations_0.onnx,vnnlib/medical/hyperrectangle_2096.vnnlib,20,0,0.0,,not_run,,,
701,onnx/ruarobot/perturbations_0.onnx,vnnlib/ruarobot/hyperrectangle_68.vnnlib,20,0,0.0,,not_run,,,
702,onnx/medical/perturbations_0.onnx,vnnlib/medical/hyperrectangle_2607.vnnlib,20,0,0.0,,not_run,,,
703,onnx/ruarobot/perturbations_0.onnx,vnnlib/ruarobot/hyperrectangle_4884.vnnlib,20,0,0.0,,not_run,,,
704,onnx/ruarobot/perturbations_0.onnx,vnnlib/ruarobot/hyperrectangle_1936.vnnlib,20,0,0.0,,not_run,,,
705,onnx/medical/perturbations_0.onnx,vnnlib/medical/hyperrectangle_2710.vnnlib,20,0,0.0,,not_run,,,
706,onnx/medical/perturbations_0.onnx,vnnlib/medical/hyperrectangle_1037.vnnlib,20,0,0.0,,not_run,,,
707,onnx/ruarobot/perturbations_0.onnx,vnnlib/ruarobot/hyperrectangle_6373.vnnlib,20,0,0.0,,not_run,,,
708,onnx/ruarobot/perturbations_0.onnx,vnnlib/ruarobot/hyperrectangle_7467.vnnlib,20,0,0.0,,not_run,,,
709,onnx/ruarobot/perturbations_0.onnx,vnnlib/ruarobot/hyperrectangle_2259.vnnlib,20,0,0.0,,not_run,,,
710,onnx/ruarobot/perturbations_0.onnx,vnnlib/ruarobot/hyperrectangle_4496.vnnlib,20,0,0.0,,not_run,,,
711,onnx/ruarobot/perturbations_0.onnx,vnnlib/ruarobot/hyperrectangle_3316.vnnlib,20,0,0.0,,not_run,,,
712,onnx/medical/perturbations_0.onnx,vnnlib/medical/hyperrectangle_267.vnnlib,20,0,0.0,,not_run,,,
713,onnx/medical/perturbations_0.onnx,vnnlib/medical/hyperrectangle_672.vnnlib,20,0,0.0,,not_run,,,
714,onnx/ruarobot/perturbations_0.onnx,vnnlib/ruarobot/hyperrectangle_6215.vnnlib,20,0,0.0,,not_run,,,
715,onnx/ruarobot/perturbations_0.onnx,vnnlib/ruarobot/hyperrectangle_1521.vnnlib,20,0,0.0,,not_run,,,
716,onnx/ruarobot/perturbations_0.onnx,vnnlib/ruarobot/hyperrectangle_626.vnnlib,20,0,0.0,,not_run,,,
717,onnx/ruarobot/perturbations_0.onnx,vnnlib/ruarobot/hyperrectangle_5024.vnnlib,20,0,0.0,,not_run,,,
718,onnx/ruarobot/perturbations_0.onnx,vnnlib/ruarobot/hyperrectangle_5134.vnnlib,20,0,0.0,,not_run,,,
719,onnx/medical/perturbations_0.onnx,vnnlib/medical/hyperrectangle_1993.vnnlib,20,0,0.0,,not_run,,,
720,onnx/ruarobot/perturbations_0.onnx,vnnlib/ruarobot/hyperrectangle_5980.vnnlib,20,0,0.0,,not_run,,,
721,onnx/ruarobot/perturbations_0.onnx,vnnlib/ruarobot/hyperrectangle_6430.vnnlib,20,0,0.0,,not_run,,,
722,onnx/ruarobot/perturbations_0.onnx,vnnlib/ruarobot/hyperrectangle_477.vnnlib,20,0,0.0,,not_run,,,
723,onnx/ruarobot/perturbations_0.onnx,vnnlib/ruarobot/hyperrectangle_5317.vnnlib,20,0,0.0,,not_run,,,
724,onnx/ruarobot/perturbations_0.onnx,vnnlib/ruarobot/hyperrectangle_3259.vnnlib,20,0,0.0,,not_run,,,
725,onnx/ruarobot/perturbations_0.onnx,vnnlib/ruarobot/hyperrectangle_7735.vnnlib,20,0,0.0,,not_run,,,
726,onnx/ruarobot/perturbations_0.onnx,vnnlib/ruarobot/hyperrectangle_2784.vnnlib,20,0,0.0,,not_run,,,
727,onnx/ruarobot/perturbations_0.onnx,vnnlib/ruarobot/hyperrectangle_2697.vnnlib,20,0,0.0,,not_run,,,
728,onnx/medical/perturbations_0.onnx,vnnlib/medical/hyperrectangle_2101.vnnlib,20,0,0.0,,not_run,,,
729,onnx/ruarobot/perturbations_0.onnx,vnnlib/ruarobot/hyperrectangle_3016.vnnlib,20,0,0.0,,not_run,,,
730,onnx/ruarobot/perturbations_0.onnx,vnnlib/ruarobot/hyperrectangle_6536.vnnlib,20,0,0.0,,not_run,,,
731,onnx/ruarobot/perturbations_0.onnx,vnnlib/ruarobot/hyperrectangle_7578.vnnlib,20,0,0.0,,not_run,,,
732,onnx/ruarobot/perturbations_0.onnx,vnnlib/ruarobot/hyperrectangle_3654.vnnlib,20,0,0.0,,not_run,,,
733,onnx/ruarobot/perturbations_0.onnx,vnnlib/ruarobot/hyperrectangle_5526.vnnlib,20,0,0.0,,not_run,,,
734,onnx/ruarobot/perturbations_0.onnx,vnnlib/ruarobot/hyperrectangle_1608.vnnlib,20,0,0.0,,not_run,,,
735,onnx/ruarobot/perturbations_0.onnx,vnnlib/ruarobot/hyperrectangle_1923.vnnlib,20,0,0.0,,not_run,,,
736,onnx/ruarobot/perturbations_0.onnx,vnnlib/ruarobot/hyperrectangle_2744.vnnlib,20,0,0.0,,not_run,,,
737,onnx/ruarobot/perturbations_0.onnx,vnnlib/ruarobot/hyperrectangle_929.vnnlib,20,0,0.0,,not_run,,,
738,onnx/ruarobot/perturbations_0.onnx,vnnlib/ruarobot/hyperrectangle_5265.vnnlib,20,0,0.0,,not_run,,,
739,onnx/medical/perturbations_0.onnx,vnnlib/medical/hyperrectangle_1506.vnnlib,20,0,0.0,,not_run,,,
740,onnx/ruarobot/perturbations_0.onnx,vnnlib/ruarobot/hyperrectangle_3154.vnnlib,20,0,0.0,,not_run,,,
741,onnx/ruarobot/perturbations_0.onnx,vnnlib/ruarobot/hyperrectangle_2203.vnnlib,20,0,0.0,,not_run,,,
742,onnx/ruarobot/perturbations_0.onnx,vnnlib/ruarobot/hyperrectangle_3653.vnnlib,20,0,0.0,,not_run,,,
743,onnx/ruarobot/perturbations_0.onnx,vnnlib/ruarobot/hyperrectangle_4061.vnnlib,20,0,0.0,,not_run,,,
744,onnx/ruarobot/perturbations_0.onnx,vnnlib/ruarobot/hyperrectangle_6049.vnnlib,20,0,0.0,,not_run,,,
745,onnx/ruarobot/perturbations_0.onnx,vnnlib/ruarobot/hyperrectangle_3529.vnnlib,20,0,0.0,,not_run,,,
746,onnx/ruarobot/perturbations_0.onnx,vnnlib/ruarobot/hyperrectangle_2395.vnnlib,20,0,0.0,,not_run,,,
747,onnx/ruarobot/perturbations_0.onnx,vnnlib/ruarobot/hyperrectangle_6058.vnnlib,20,0,0.0,,not_run,,,
748,onnx/ruarobot/perturbations_0.onnx,vnnlib/ruarobot/hyperrectangle_7633.vnnlib,20,0,0.0,,not_run,,,
749,onnx/ruarobot/perturbations_0.onnx,vnnlib/ruarobot/hyperrectangle_999.vnnlib,20,0,0.0,,not_run,,,
750,onnx/ruarobot/perturbations_0.onnx,vnnlib/ruarobot/hyperrectangle_5237.vnnlib,20,0,0.0,,not_run,,,
751,onnx/ruarobot/perturbations_0.onnx,vnnlib/ruarobot/hyperrectangle_7616.vnnlib,20,0,0.0,,not_run,,,
752,onnx/ruarobot/perturbations_0.onnx,vnnlib/ruarobot/hyperrectangle_2787.vnnlib,20,0,0.0,,not_run,,,
753,onnx/ruarobot/perturbations_0.onnx,vnnlib/ruarobot/hyperrectangle_2533.vnnlib,20,0,0.0,,not_run,,,
754,onnx/medical/perturbations_0.onnx,vnnlib/medical/hyperrectangle_2168.vnnlib,20,0,0.0,,not_run,,,
755,onnx/ruarobot/perturbations_0.onnx,vnnlib/ruarobot/hyperrectangle_5128.vnnlib,20,0,0.0,,not_run,,,
756,onnx/medical/perturbations_0.onnx,vnnlib/medical/hyperrectangle_2868.vnnlib,20,0,0.0,,not_run,,,
757,onnx/ruarobot/perturbations_0.onnx,vnnlib/ruarobot/hyperrectangle_3719.vnnlib,20,0,0.0,,not_run,,,
758,onnx/medical/perturbations_0.onnx,vnnlib/medical/hyperrectangle_944.vnnlib,20,0,0.0,,not_run,,,
759,onnx/medical/perturbations_0.onnx,vnnlib/medical/hyperrectangle_1546.vnnlib,20,0,0.0,,not_run,,,
760,onnx/ruarobot/perturbations_0.onnx,vnnlib/ruarobot/hyperrectangle_5900.vnnlib,20,0,0.0,,not_run,,,
761,onnx/ruarobot/perturbations_0.onnx,vnnlib/ruarobot/hyperrectangle_4438.vnnlib,20,0,0.0,,not_run,,,
762,onnx/ruarobot/perturbations_0.onnx,vnnlib/ruarobot/hyperrectangle_7875.vnnlib,20,0,0.0,,not_run,,,
763,onnx/ruarobot/perturbations_0.onnx,vnnlib/ruarobot/hyperrectangle_469.vnnlib,20,0,0.0,,not_run,,,
764,onnx/medical/perturbations_0.onnx,vnnlib/medical/hyperrectangle_1738.vnnlib,20,0,0.0,,not_run,,,
765,onnx/medical/perturbations_0.onnx,vnnlib/medical/hyperrectangle_237.vnnlib,20,0,0.0,,not_run,,,
766,onnx/medical/perturbations_0.onnx,vnnlib/medical/hyperrectangle_2430.vnnlib,20,0,0.0,,not_run,,,
767,onnx/medical/perturbations_0.onnx,vnnlib/medical/hyperrectangle_947.vnnlib,20,0,0.0,,not_run,,,
768,onnx/medical/perturbations_0.onnx,vnnlib/medical/hyperrectangle_2663.vnnlib,20,0,0.0,,not_run,,,
769,onnx/ruarobot/perturbations_0.onnx,vnnlib/ruarobot/hyperrectangle_4803.vnnlib,20,0,0.0,,not_run,,,
770,onnx/ruarobot/perturbations_0.onnx,vnnlib/ruarobot/hyperrectangle_5828.vnnlib,20,0,0.0,,not_run,,,
771,onnx/ruarobot/perturbations_0.onnx,vnnlib/ruarobot/hyperrectangle_4295.vnnlib,20,0,0.0,,not_run,,,
772,onnx/ruarobot/perturbations_0.onnx,vnnlib/ruarobot/hyperrectangle_2399.vnnlib,20,0,0.0,,not_run,,,
773,onnx/medical/perturbations_0.onnx,vnnlib/medical/hyperrectangle_1709.vnnlib,20,0,0.0,,not_run,,,
774,onnx/ruarobot/perturbations_0.onnx,vnnlib/ruarobot/hyperrectangle_531.vnnlib,20,0,0.0,,not_run,,,
775,onnx/ruarobot/perturbations_0.onnx,vnnlib/ruarobot/hyperrectangle_6319.vnnlib,20,0,0.0,,not_run,,,
776,onnx/medical/perturbations_0.onnx,vnnlib/medical/hyperrectangle_2516.vnnlib,20,0,0.0,,not_run,,,
777,onnx/medical/perturbations_0.onnx,vnnlib/medical/hyperrectangle_1705.vnnlib,20,0,0.0,,not_run,,,
778,onnx/ruarobot/perturbations_0.onnx,vnnlib/ruarobot/hyperrectangle_5660.vnnlib,20,0,0.0,,not_run,,,
779,onnx/medical/perturbations_0.onnx,vnnlib/medical/hyperrectangle_1587.vnnlib,20,0,0.0,,not_run,,,
780,onnx/medical/perturbations_0.onnx,vnnlib/medical/hyperrectangle_1476.vnnlib,20,0,0.0,,not_run,,,
781,onnx/ruarobot/perturbations_0.onnx,vnnlib/ruarobot/hyperrectangle_2439.vnnlib,20,0,0.0,,not_run,,,
782,onnx/ruarobot/perturbations_0.onnx,vnnlib/ruarobot/hyperrectangle_7503.vnnlib,20,0,0.0,,not_run,,,
783,onnx/medical/perturbations_0.onnx,vnnlib/medical/hyperrectangle_662.vnnlib,20,0,0.0,,not_run,,,
784,onnx/medical/perturbations_0.onnx,vnnlib/medical/hyperrectangle_1263.vnnlib,20,0,0.0,,not_run,,,
785,onnx/ruarobot/perturbations_0.onnx,vnnlib/ruarobot/hyperrectangle_6914.vnnlib,20,0,0.0,,not_run,,,
786,onnx/medical/perturbations_0.onnx,vnnlib/medical/hyperrectangle_2464.vnnlib,20,0,0.0,,not_run,,,
787,onnx/ruarobot/perturbations_0.onnx,vnnlib/ruarobot/hyperrectangle_6890.vnnlib,20,0,0.0,,not_run,,,
788,onnx/medical/perturbations_0.onnx,vnnlib/medical/hyperrectangle_1032.vnnlib,20,0,0.0,,not_run,,,
789,onnx/ruarobot/perturbations_0.onnx,vnnlib/ruarobot/hyperrectangle_2593.vnnlib,20,0,0.0,,not_run,,,
790,onnx/ruarobot/perturbations_0.onnx,vnnlib/ruarobot/hyperrectangle_4557.vnnlib,20,0,0.0,,not_run,,,
791,onnx/medical/perturbations_0.onnx,vnnlib/medical/hyperrectangle_2695.vnnlib,20,0,0.0,,not_run,,,
792,onnx/ruarobot/perturbations_0.onnx,vnnlib/ruarobot/hyperrectangle_3465.vnnlib,20,0,0.0,,not_run,,,
793,onnx/ruarobot/perturbations_0.onnx,vnnlib/ruarobot/hyperrectangle_3449.vnnlib,20,0,0.0,,not_run,,,
794,onnx/medical/perturbations_0.onnx,vnnlib/medical/hyperrectangle_660.vnnlib,20,0,0.0,,not_run,,,
795,onnx/ruarobot/perturbations_0.onnx,vnnlib/ruarobot/hyperrectangle_3286.vnnlib,20,0,0.0,,not_run,,,
796,onnx/medical/perturbations_0.onnx,vnnlib/medical/hyperrectangle_548.vnnlib,20,0,0.0,,not_run,,,
797,onnx/medical/perturbations_0.onnx,vnnlib/medical/hyperrectangle_1415.vnnlib,20,0,0.0,,not_run,,,
798,onnx/ruarobot/perturbations_0.onnx,vnnlib/ruarobot/hyperrectangle_492.vnnlib,20,0,0.0,,not_run,,,
799,onnx/ruarobot/perturbations_0.onnx,vnnlib/ruarobot/hyperrectangle_3547.vnnlib,20,0,0.0,,not_run,,,
800,onnx/ruarobot/perturbations_0.onnx,vnnlib/ruarobot/hyperrectangle_4305.vnnlib,20,0,0.0,,not_run,,,
801,onnx/medical/perturbations_0.onnx,vnnlib/medical/hyperrectangle_2219.vnnlib,20,0,0.0,,not_run,,,
802,onnx/ruarobot/perturbations_0.onnx,vnnlib/ruarobot/hyperrectangle_5928.vnnlib,20,0,0.0,,not_run,,,
803,onnx/ruarobot/perturbations_0.onnx,vnnlib/ruarobot/hyperrectangle_4679.vnnlib,20,0,0.0,,not_run,,,
804,onnx/ruarobot/perturbations_0.onnx,vnnlib/ruarobot/hyperrectangle_2956.vnnlib,20,0,0.0,,not_run,,,
805,onnx/ruarobot/perturbations_0.onnx,vnnlib/ruarobot/hyperrectangle_3840.vnnlib,20,0,0.0,,not_run,,,
806,onnx/medical/perturbations_0.onnx,vnnlib/medical/hyperrectangle_2541.vnnlib,20,0,0.0,,not_run,,,
807,onnx/ruarobot/perturbations_0.onnx,vnnlib/ruarobot/hyperrectangle_2914.vnnlib,20,0,0.0,,not_run,,,
808,onnx/ruarobot/perturbations_0.onnx,vnnlib/ruarobot/hyperrectangle_2018.vnnlib,20,0,0.0,,not_run,,,
809,onnx/ruarobot/perturbations_0.onnx,vnnlib/ruarobot/hyperrectangle_5248.vnnlib,20,0,0.0,,not_run,,,
810,onnx/medical/perturbations_0.onnx,vnnlib/medical/hyperrectangle_1443.vnnlib,20,0,0.0,,not_run,,,
811,onnx/medical/perturbations_0.onnx,vnnlib/medical/hyperrectangle_2053.vnnlib,20,0,0.0,,not_run,,,
812,onnx/medical/perturbations_0.onnx,vnnlib/medical/hyperrectangle_2334.vnnlib,20,0,0.0,,not_run,,,
813,onnx/ruarobot/perturbations_0.onnx,vnnlib/ruarobot/hyperrectangle_6652.vnnlib,20,0,0.0,,not_run,,,
814,onnx/ruarobot/perturbations_0.onnx,vnnlib/ruarobot/hyperrectangle_4142.vnnlib,20,0,0.0,,not_run,,,
815,onnx/ruarobot/perturbations_0.onnx,vnnlib/ruarobot/hyperrectangle_2788.vnnlib,20,0,0.0,,not_run,,,
816,onnx/ruarobot/perturbations_0.onnx,vnnlib/ruarobot/hyperrectangle_5670.vnnlib,20,0,0.0,,not_run,,,
817,onnx/ruarobot/perturbations_0.onnx,vnnlib/ruarobot/hyperrectangle_2473.vnnlib,20,0,0.0,,not_run,,,
818,onnx/ruarobot/perturbations_0.onnx,vnnlib/ruarobot/hyperrectangle_6241.vnnlib,20,0,0.0,,not_run,,,
819,onnx/ruarobot/perturbations_0.onnx,vnnlib/ruarobot/hyperrectangle_3808.vnnlib,20,0,0.0,,not_run,,,
820,onnx/ruarobot/perturbations_0.onnx,vnnlib/ruarobot/hyperrectangle_7130.vnnlib,20,0,0.0,,not_run,,,
821,onnx/ruarobot/perturbations_0.onnx,vnnlib/ruarobot/hyperrectangle_6819.vnnlib,20,0,0.0,,not_run,,,
822,onnx/medical/perturbations_0.onnx,vnnlib/medical/hyperrectangle_587.vnnlib,20,0,0.0,,not_run,,,
823,onnx/ruarobot/perturbations_0.onnx,vnnlib/ruarobot/hyperrectangle_5800.vnnlib,20,0,0.0,,not_run,,,
824,onnx/ruarobot/perturbations_0.onnx,vnnlib/ruarobot/hyperrectangle_4908.vnnlib,20,0,0.0,,not_run,,,
825,onnx/medical/perturbations_0.onnx,vnnlib/medical/hyperrectangle_1582.vnnlib,20,0,0.0,,not_run,,,
826,onnx/ruarobot/perturbations_0.onnx,vnnlib/ruarobot/hyperrectangle_2903.vnnlib,20,0,0.0,,not_run,,,
827,onnx/medical/perturbations_0.onnx,vnnlib/medical/hyperrectangle_2231.vnnlib,20,0,0.0,,not_run,,,
828,onnx/medical/perturbations_0.onnx,vnnlib/medical/hyperrectangle_2714.vnnlib,20,0,0.0,,not_run,,,
829,onnx/ruarobot/perturbations_0.onnx,vnnlib/ruarobot/hyperrectangle_6939.vnnlib,20,0,0.0,,not_run,,,
830,onnx/ruarobot/perturbations_0.onnx,vnnlib/ruarobot/hyperrectangle_6120.vnnlib,20,0,0.0,,not_run,,,
831,onnx/ruarobot/perturbations_0.onnx,vnnlib/ruarobot/hyperrectangle_5360.vnnlib,20,0,0.0,,not_run,,,
832,onnx/medical/perturbations_0.onnx,vnnlib/medical/hyperrectangle_2057.vnnlib,20,0,0.0,,not_run,,,
833,onnx/ruarobot/perturbations_0.onnx,vnnlib/ruarobot/hyperrectangle_4258.vnnlib,20,0,0.0,,not_run,,,
834,onnx/medical/perturbations_0.onnx,vnnlib/medical/hyperrectangle_710.vnnlib,20,0,0.0,,not_run,,,
835,onnx/ruarobot/perturbations_0.onnx,vnnlib/ruarobot/hyperrectangle_784.vnnlib,20,0,0.0,,not_run,,,
836,onnx/ruarobot/perturbations_0.onnx,vnnlib/ruarobot/hyperrectangle_1334.vnnlib,20,0,0.0,,not_run,,,
837,onnx/medical/perturbations_0.onnx,vnnlib/medical/hyperrectangle_1623.vnnlib,20,0,0.0,,not_run,,,
838,onnx/ruarobot/perturbations_0.onnx,vnnlib/ruarobot/hyperrectangle_1997.vnnlib,20,0,0.0,,not_run,,,
839,onnx/ruarobot/perturbations_0.onnx,vnnlib/ruarobot/hyperrectangle_791.vnnlib,20,0,0.0,,not_run,,,
840,onnx/medical/perturbations_0.onnx,vnnlib/medical/hyperrectangle_2524.vnnlib,20,0,0.0,,not_run,,,
841,onnx/ruarobot/perturbations_0.onnx,vnnlib/ruarobot/hyperrectangle_3123.vnnlib,20,0,0.0,,not_run,,,
842,onnx/ruarobot/perturbations_0.onnx,vnnlib/ruarobot/hyperrectangle_7418.vnnlib,20,0,0.0,,not_run,,,
843,onnx/ruarobot/perturbations_0.onnx,vnnlib/ruarobot/hyperrectangle_7692.vnnlib,20,0,0.0,,not_run,,,
844,onnx/ruarobot/perturbations_0.onnx,vnnlib/ruarobot/hyperrectangle_547.vnnlib,20,0,0.0,,not_run,,,
845,onnx/ruarobot/perturbations_0.onnx,vnnlib/ruarobot/hyperrectangle_7226.vnnlib,20,0,0.0,,not_run,,,
846,onnx/ruarobot/perturbations_0.onnx,vnnlib/ruarobot/hyperrectangle_821.vnnlib,20,0,0.0,,not_run,,,
847,onnx/ruarobot/perturbations_0.onnx,vnnlib/ruarobot/hyperrectangle_6416.vnnlib,20,0,0.0,,not_run,,,
848,onnx/ruarobot/perturbations_0.onnx,vnnlib/ruarobot/hyperrectangle_5688.vnnlib,20,0,0.0,,not_run,,,
849,onnx/ruarobot/perturbations_0.onnx,vnnlib/ruarobot/hyperrectangle_1302.vnnlib,20,0,0.0,,not_run,,,
850,onnx/ruarobot/perturbations_0.onnx,vnnlib/ruarobot/hyperrectangle_6614.vnnlib,20,0,0.0,,not_run,,,
851,onnx/ruarobot/perturbations_0.onnx,vnnlib/ruarobot/hyperrectangle_6909.vnnlib,20,0,0.0,,not_run,,,
852,onnx/ruarobot/perturbations_0.onnx,vnnlib/ruarobot/hyperrectangle_2234.vnnlib,20,0,0.0,,not_run,,,
853,onnx/ruarobot/perturbations_0.onnx,vnnlib/ruarobot/hyperrectangle_2566.vnnlib,20,0,0.0,,not_run,,,
854,onnx/ruarobot/perturbations_0.onnx,vnnlib/ruarobot/hyperrectangle_55.vnnlib,20,0,0.0,,not_run,,,
855,onnx/ruarobot/perturbations_0.onnx,vnnlib/ruarobot/hyperrectangle_4101.vnnlib,20,0,0.0,,not_run,,,
856,onnx/medical/perturbations_0.onnx,vnnlib/medical/hyperrectangle_780.vnnlib,20,0,0.0,,not_run,,,
857,onnx/ruarobot/perturbations_0.onnx,vnnlib/ruarobot/hyperrectangle_2257.vnnlib,20,0,0.0,,not_run,,,
858,onnx/medical/perturbations_0.onnx,vnnlib/medical/hyperrectangle_2407.vnnlib,20,0,0.0,,not_run,,,
859,onnx/ruarobot/perturbations_0.onnx,vnnlib/ruarobot/hyperrectangle_4236.vnnlib,20,0,0.0,,not_run,,,
860,onnx/ruarobot/perturbations_0.onnx,vnnlib/ruarobot/hyperrectangle_3212.vnnlib,20,0,0.0,,not_run,,,
861,onnx/ruarobot/perturbations_0.onnx,vnnlib/ruarobot/hyperrectangle_2686.vnnlib,20,0,0.0,,not_run,,,
862,onnx/ruarobot/perturbations_0.onnx,vnnlib/ruarobot/hyperrectangle_4862.vnnlib,20,0,0.0,,not_run,,,
863,onnx/ruarobot/perturbations_0.onnx,vnnlib/ruarobot/hyperrectangle_5493.vnnlib,20,0,0.0,,not_run,,,
864,onnx/ruarobot/perturbations_0.onnx,vnnlib/ruarobot/hyperrectangle_6547.vnnlib,20,0,0.0,,not_run,,,
865,onnx/ruarobot/perturbations_0.onnx,vnnlib/ruarobot/hyperrectangle_4662.vnnlib,20,0,0.0,,not_run,,,
866,onnx/ruarobot/perturbations_0.onnx,vnnlib/ruarobot/hyperrectangle_4637.vnnlib,20,0,0.0,,not_run,,,
867,onnx/ruarobot/perturbations_0.onnx,vnnlib/ruarobot/hyperrectangle_7874.vnnlib,20,0,0.0,,not_run,,,
868,onnx/medical/perturbations_0.onnx,vnnlib/medical/hyperrectangle_1353.vnnlib,20,0,0.0,,not_run,,,
869,onnx/medical/perturbations_0.onnx,vnnlib/medical/hyperrectangle_1512.vnnlib,20,0,0.0,,not_run,,,
870,onnx/ruarobot/perturbations_0.onnx,vnnlib/ruarobot/hyperrectangle_5258.vnnlib,20,0,0.0,,not_run,,,
871,onnx/ruarobot/perturbations_0.onnx,vnnlib/ruarobot/hyperrectangle_2039.vnnlib,20,0,0.0,,not_run,,,
872,onnx/ruarobot/perturbations_0.onnx,vnnlib/ruarobot/hyperrectangle_4889.vnnlib,20,0,0.0,,not_run,,,
873,onnx/ruarobot/perturbations_0.onnx,vnnlib/ruarobot/hyperrectangle_6013.vnnlib,20,0,0.0,,not_run,,,
874,onnx/medical/perturbations_0.onnx,vnnlib/medical/hyperrectangle_308.vnnlib,20,0,0.0,,not_run,,,
875,onnx/ruarobot/perturbations_0.onnx,vnnlib/ruarobot/hyperrectangle_1841.vnnlib,20,0,0.0,,not_run,,,
876,onnx/medical/perturbations_0.onnx,vnnlib/medical/hyperrectangle_447.vnnlib,20,0,0.0,,not_run,,,
877,onnx/medical/perturbations_0.onnx,vnnlib/medical/hyperrectangle_232.vnnlib,20,0,0.0,,not_run,,,
878,onnx/ruarobot/perturbations_0.onnx,vnnlib/ruarobot/hyperrectangle_2094.vnnlib,20,0,0.0,,not_run,,,
879,onnx/ruarobot/perturbations_0.onnx,vnnlib/ruarobot/hyperrectangle_345.vnnlib,20,0,0.0,,not_run,,,
880,onnx/ruarobot/perturbations_0.onnx,vnnlib/ruarobot/hyperrectangle_3977.vnnlib,20,0,0.0,,not_run,,,
881,onnx/medical/perturbations_0.onnx,vnnlib/medical/hyperrectangle_75.vnnlib,20,0,0.0,,not_run,,,
882,onnx/medical/perturbations_0.onnx,vnnlib/medical/hyperrectangle_2091.vnnlib,20,0,0.0,,not_run,,,
883,onnx/ruarobot/perturbations_0.onnx,vnnlib/ruarobot/hyperrectangle_608.vnnlib,20,0,0.0,,not_run,,,
884,onnx/ruarobot/perturbations_0.onnx,vnnlib/ruarobot/hyperrectangle_2981.vnnlib,20,0,0.0,,not_run,,,
885,onnx/medical/perturbations_0.onnx,vnnlib/medical/hyperrectangle_2525.vnnlib,20,0,0.0,,not_run,,,
886,onnx/ruarobot/perturbations_0.onnx,vnnlib/ruarobot/hyperrectangle_7164.vnnlib,20,0,0.0,,not_run,,,
887,onnx/ruarobot/perturbations_0.onnx,vnnlib/ruarobot/hyperrectangle_6249.vnnlib,20,0,0.0,,not_run,,,
888,onnx/ruarobot/perturbations_0.onnx,vnnlib/ruarobot/hyperrectangle_541.vnnlib,20,0,0.0,,not_run,,,
889,onnx/ruarobot/perturbations_0.onnx,vnnlib/ruarobot/hyperrectangle_6427.vnnlib,20,0,0.0,,not_run,,,
890,onnx/ruarobot/perturbations_0.onnx,vnnlib/ruarobot/hyperrectangle_1176.vnnlib,20,0,0.0,,not_run,,,
891,onnx/ruarobot/perturbations_0.onnx,vnnlib/ruarobot/hyperrectangle_282.vnnlib,20,0,0.0,,not_run,,,
892,onnx/ruarobot/perturbations_0.onnx,vnnlib/ruarobot/hyperrectangle_1177.vnnlib,20,0,0.0,,not_run,,,
893,onnx/ruarobot/perturbations_0.onnx,vnnlib/ruarobot/hyperrectangle_6183.vnnlib,20,0,0.0,,not_run,,,
894,onnx/medical/perturbations_0.onnx,vnnlib/medical/hyperrectangle_2806.vnnlib,20,0,0.0,,not_run,,,
895,onnx/ruarobot/perturbations_0.onnx,vnnlib/ruarobot/hyperrectangle_5716.vnnlib,20,0,0.0,,not_run,,,
896,onnx/ruarobot/perturbations_0.onnx,vnnlib/ruarobot/hyperrectangle_5966.vnnlib,20,0,0.0,,not_run,,,
897,onnx/ruarobot/perturbations_0.onnx,vnnlib/ruarobot/hyperrectangle_1711.vnnlib,20,0,0.0,,not_run,,,
898,onnx/ruarobot/perturbations_0.onnx,vnnlib/ruarobot/hyperrectangle_3447.vnnlib,20,0,0.0,,not_run,,,
899,onnx/medical/perturbations_0.onnx,vnnlib/medical/hyperrectangle_2596.vnnlib,20,0,0.0,,not_run,,,
900,onnx/ruarobot/perturbations_0.onnx,vnnlib/ruarobot/hyperrectangle_1242.vnnlib,20,0,0.0,,not_run,,,
901,onnx/ruarobot/perturbations_0.onnx,vnnlib/ruarobot/hyperrectangle_975.vnnlib,20,0,0.0,,not_run,,,
902,onnx/ruarobot/perturbations_0.onnx,vnnlib/ruarobot/hyperrectangle_4467.vnnlib,20,0,0.0,,not_run,,,
903,onnx/ruarobot/perturbations_0.onnx,vnnlib/ruarobot/hyperrectangle_6342.vnnlib,20,0,0.0,,not_run,,,
904,onnx/ruarobot/perturbations_0.onnx,vnnlib/ruarobot/hyperrectangle_2428.vnnlib,20,0,0.0,,not_run,,,
905,onnx/ruarobot/perturbations_0.onnx,vnnlib/ruarobot/hyperrectangle_1489.vnnlib,20,0,0.0,,not_run,,,
906,onnx/medical/perturbations_0.onnx,vnnlib/medical/hyperrectangle_1084.vnnlib,20,0,0.0,,not_run,,,
907,onnx/ruarobot/perturbations_0.onnx,vnnlib/ruarobot/hyperrectangle_5072.vnnlib,20,0,0.0,,not_run,,,
908,onnx/ruarobot/perturbations_0.onnx,vnnlib/ruarobot/hyperrectangle_2695.vnnlib,20,0,0.0,,not_run,,,
909,onnx/medical/perturbations_0.onnx,vnnlib/medical/hyperrectangle_1793.vnnlib,20,0,0.0,,not_run,,,
910,onnx/ruarobot/perturbations_0.onnx,vnnlib/ruarobot/hyperrectangle_7288.vnnlib,20,0,0.0,,not_run,,,
911,onnx/medical/perturbations_0.onnx,vnnlib/medical/hyperrectangle_243.vnnlib,20,0,0.0,,not_run,,,
912,onnx/ruarobot/perturbations_0.onnx,vnnlib/ruarobot/hyperrectangle_4041.vnnlib,20,0,0.0,,not_run,,,
913,onnx/medical/perturbations_0.onnx,vnnlib/medical/hyperrectangle_920.vnnlib,20,0,0.0,,not_run,,,
914,onnx/medical/perturbations_0.onnx,vnnlib/medical/hyperrectangle_1611.vnnlib,20,0,0.0,,not_run,,,
915,onnx/medical/perturbations_0.onnx,vnnlib/medical/hyperrectangle_1434.vnnlib,20,0,0.0,,not_run,,,
916,onnx/ruarobot/perturbations_0.onnx,vnnlib/ruarobot/hyperrectangle_9.vnnlib,20,0,0.0,,not_run,,,
917,onnx/ruarobot/perturbations_0.onnx,vnnlib/ruarobot/hyperrectangle_5682.vnnlib,20,0,0.0,,not_run,,,
918,onnx/ruarobot/perturbations_0.onnx,vnnlib/ruarobot/hyperrectangle_6522.vnnlib,20,0,0.0,,not_run,,,
919,onnx/ruarobot/perturbations_0.onnx,vnnlib/ruarobot/hyperrectangle_4802.vnnlib,20,0,0.0,,not_run,,,
920,onnx/medical/perturbations_0.onnx,vnnlib/medical/hyperrectangle_1769.vnnlib,20,0,0.0,,not_run,,,
921,onnx/ruarobot/perturbations_0.onnx,vnnlib/ruarobot/hyperrectangle_5498.vnnlib,20,0,0.0,,not_run,,,
922,onnx/ruarobot/perturbations_0.onnx,vnnlib/ruarobot/hyperrectangle_3040.vnnlib,20,0,0.0,,not_run,,,
923,onnx/ruarobot/perturbations_0.onnx,vnnlib/ruarobot/hyperrectangle_4411.vnnlib,20,0,0.0,,not_run,,,
924,onnx/ruarobot/perturbations_0.onnx,vnnlib/ruarobot/hyperrectangle_661.vnnlib,20,0,0.0,,not_run,,,
925,onnx/ruarobot/perturbations_0.onnx,vnnlib/ruarobot/hyperrectangle_6187.vnnlib,20,0,0.0,,not_run,,,
926,onnx/ruarobot/perturbations_0.onnx,vnnlib/ruarobot/hyperrectangle_5398.vnnlib,20,0,0.0,,not_run,,,
927,onnx/ruarobot/perturbations_0.onnx,vnnlib/ruarobot/hyperrectangle_2746.vnnlib,20,0,0.0,,not_run,,,
928,onnx/ruarobot/perturbations_0.onnx,vnnlib/ruarobot/hyperrectangle_315.vnnlib,20,0,0.0,,not_run,,,
929,onnx/ruarobot/perturbations_0.onnx,vnnlib/ruarobot/hyperrectangle_5644.vnnlib,20,0,0.0,,not_run,,,
930,onnx/ruarobot/perturbations_0.onnx,vnnlib/ruarobot/hyperrectangle_3110.vnnlib,20,0,0.0,,not_run,,,
931,onnx/ruarobot/perturbations_0.onnx,vnnlib/ruarobot/hyperrectangle_3945.vnnlib,20,0,0.0,,not_run,,,
932,onnx/ruarobot/perturbations_0.onnx,vnnlib/ruarobot/hyperrectangle_2132.vnnlib,20,0,0.0,,not_run,,,
933,onnx/ruarobot/perturbations_0.onnx,vnnlib/ruarobot/hyperrectangle_5429.vnnlib,20,0,0.0,,not_run,,,
934,onnx/medical/perturbations_0.onnx,vnnlib/medical/hyperrectangle_279.vnnlib,20,0,0.0,,not_run,,,
935,onnx/ruarobot/perturbations_0.onnx,vnnlib/ruarobot/hyperrectangle_6561.vnnlib,20,0,0.0,,not_run,,,
936,onnx/ruarobot/perturbations_0.onnx,vnnlib/ruarobot/hyperrectangle_2371.vnnlib,20,0,0.0,,not_run,,,
937,onnx/ruarobot/perturbations_0.onnx,vnnlib/ruarobot/hyperrectangle_1327.vnnlib,20,0,0.0,,not_run,,,
938,onnx/medical/perturbations_0.onnx,vnnlib/medical/hyperrectangle_1411.vnnlib,20,0,0.0,,not_run,,,
939,onnx/medical/perturbations_0.onnx,vnnlib/medical/hyperrectangle_1626.vnnlib,20,0,0.0,,not_run,,,
940,onnx/ruarobot/perturbations_0.onnx,vnnlib/ruarobot/hyperrectangle_2307.vnnlib,20,0,0.0,,not_run,,,
941,onnx/medical/perturbations_0.onnx,vnnlib/medical/hyperrectangle_631.vnnlib,20,0,0.0,,not_run,,,
942,onnx/ruarobot/perturbations_0.onnx,vnnlib/ruarobot/hyperrectangle_3954.vnnlib,20,0,0.0,,not_run,,,
943,onnx/ruarobot/perturbations_0.onnx,vnnlib/ruarobot/hyperrectangle_909.vnnlib,20,0,0.0,,not_run,,,
944,onnx/ruarobot/perturbations_0.onnx,vnnlib/ruarobot/hyperrectangle_7018.vnnlib,20,0,0.0,,not_run,,,
945,onnx/ruarobot/perturbations_0.onnx,vnnlib/ruarobot/hyperrectangle_5392.vnnlib,20,0,0.0,,not_run,,,
946,onnx/ruarobot/perturbations_0.onnx,vnnlib/ruarobot/hyperrectangle_6408.vnnlib,20,0,0.0,,not_run,,,
947,onnx/ruarobot/perturbations_0.onnx,vnnlib/ruarobot/hyperrectangle_2738.vnnlib,20,0,0.0,,not_run,,,
948,onnx/ruarobot/perturbations_0.onnx,vnnlib/ruarobot/hyperrectangle_5346.vnnlib,20,0,0.0,,not_run,,,
949,onnx/medical/perturbations_0.onnx,vnnlib/medical/hyperrectangle_613.vnnlib,20,0,0.0,,not_run,,,
950,onnx/ruarobot/perturbations_0.onnx,vnnlib/ruarobot/hyperrectangle_239.vnnlib,20,0,0.0,,not_run,,,
951,onnx/ruarobot/perturbations_0.onnx,vnnlib/ruarobot/hyperrectangle_4417.vnnlib,20,0,0.0,,not_run,,,
952,onnx/ruarobot/perturbations_0.onnx,vnnlib/ruarobot/hyperrectangle_7482.vnnlib,20,0,0.0,,not_run,,,
953,onnx/ruarobot/perturbations_0.onnx,vnnlib/ruarobot/hyperrectangle_6038.vnnlib,20,0,0.0,,not_run,,,
954,onnx/ruarobot/perturbations_0.onnx,vnnlib/ruarobot/hyperrectangle_4987.vnnlib,20,0,0.0,,not_run,,,
955,onnx/ruarobot/perturbations_0.onnx,vnnlib/ruarobot/hyperrectangle_6526.vnnlib,20,0,0.0,,not_run,,,
956,onnx/ruarobot/perturbations_0.onnx,vnnlib/ruarobot/hyperrectangle_3339.vnnlib,20,0,0.0,,not_run,,,
957,onnx/medical/perturbations_0.onnx,vnnlib/medical/hyperrectangle_1427.vnnlib,20,0,0.0,,not_run,,,
958,onnx/ruarobot/perturbations_0.onnx,vnnlib/ruarobot/hyperrectangle_872.vnnlib,20,0,0.0,,not_run,,,
959,onnx/medical/perturbations_0.onnx,vnnlib/medical/hyperrectangle_1290.vnnlib,20,0,0.0,,not_run,,,
960,onnx/medical/perturbations_0.onnx,vnnlib/medical/hyperrectangle_1818.vnnlib,20,0,0.0,,not_run,,,
961,onnx/ruarobot/perturbations_0.onnx,vnnlib/ruarobot/hyperrectangle_1.vnnlib,20,0,0.0,,not_run,,,
962,onnx/ruarobot/perturbations_0.onnx,vnnlib/ruarobot/hyperrectangle_3670.vnnlib,20,0,0.0,,not_run,,,
963,onnx/medical/perturbations_0.onnx,vnnlib/medical/hyperrectangle_1123.vnnlib,20,0,0.0,,not_run,,,
964,onnx/ruarobot/perturbations_0.onnx,vnnlib/ruarobot/hyperrectangle_6143.vnnlib,20,0,0.0,,not_run,,,
965,onnx/ruarobot/perturbations_0.onnx,vnnlib/ruarobot/hyperrectangle_675.vnnlib,20,0,0.0,,not_run,,,
966,onnx/medical/perturbations_0.onnx,vnnlib/medical/hyperrectangle_1408.vnnlib,20,0,0.0,,not_run,,,
967,onnx/ruarobot/perturbations_0.onnx,vnnlib/ruarobot/hyperrectangle_2191.vnnlib,20,0,0.0,,not_run,,,
968,onnx/ruarobot/perturbations_0.onnx,vnnlib/ruarobot/hyperrectangle_7043.vnnlib,20,0,0.0,,not_run,,,
969,onnx/ruarobot/perturbations_0.onnx,vnnlib/ruarobot/hyperrectangle_4942.vnnlib,20,0,0.0,,not_run,,,
970,onnx/ruarobot/perturbations_0.onnx,vnnlib/ruarobot/hyperrectangle_3512.vnnlib,20,0,0.0,,not_run,,,
971,onnx/ruarobot/perturbations_0.onnx,vnnlib/ruarobot/hyperrectangle_1589.vnnlib,20,0,0.0,,not_run,,,
972,onnx/ruarobot/perturbations_0.onnx,vnnlib/ruarobot/hyperrectangle_876.vnnlib,20,0,0.0,,not_run,,,
973,onnx/ruarobot/perturbations_0.onnx,vnnlib/ruarobot/hyperrectangle_3778.vnnlib,20,0,0.0,,not_run,,,
974,onnx/ruarobot/perturbations_0.onnx,vnnlib/ruarobot/hyperrectangle_4274.vnnlib,20,0,0.0,,not_run,,,
975,onnx/ruarobot/perturbations_0.onnx,vnnlib/ruarobot/hyperrectangle_6685.vnnlib,20,0,0.0,,not_run,,,
976,onnx/ruarobot/perturbations_0.onnx,vnnlib/ruarobot/hyperrectangle_597.vnnlib,20,0,0.0,,not_run,,,
977,onnx/medical/perturbations_0.onnx,vnnlib/medical/hyperrectangle_1005.vnnlib,20,0,0.0,,not_run,,,
978,onnx/ruarobot/perturbations_0.onnx,vnnlib/ruarobot/hyperrectangle_1777.vnnlib,20,0,0.0,,not_run,,,
979,onnx/ruarobot/perturbations_0.onnx,vnnlib/ruarobot/hyperrectangle_5766.vnnlib,20,0,0.0,,not_run,,,
980,onnx/ruarobot/perturbations_0.onnx,vnnlib/ruarobot/hyperrectangle_6529.vnnlib,20,0,0.0,,not_run,,,
981,onnx/ruarobot/perturbations_0.onnx,vnnlib/ruarobot/hyperrectangle_6095.vnnlib,20,0,0.0,,not_run,,,
982,onnx/ruarobot/perturbations_0.onnx,vnnlib/ruarobot/hyperrectangle_6829.vnnlib,20,0,0.0,,not_run,,,
983,onnx/ruarobot/perturbations_0.onnx,vnnlib/ruarobot/hyperrectangle_109.vnnlib,20,0,0.0,,not_run,,,
984,onnx/medical/perturbations_0.onnx,vnnlib/medical/hyperrectangle_127.vnnlib,20,0,0.0,,not_run,,,
985,onnx/medical/perturbations_0.onnx,vnnlib/medical/hyperrectangle_592.vnnlib,20,0,0.0,,not_run,,,
986,onnx/ruarobot/perturbations_0.onnx,vnnlib/ruarobot/hyperrectangle_1106.vnnlib,20,0,0.0,,not_run,,,
987,onnx/medical/perturbations_0.onnx,vnnlib/medical/hyperrectangle_732.vnnlib,20,0,0.0,,not_run,,,
988,onnx/ruarobot/perturbations_0.onnx,vnnlib/ruarobot/hyperrectangle_2640.vnnlib,20,0,0.0,,not_run,,,
989,onnx/ruarobot/perturbations_0.onnx,vnnlib/ruarobot/hyperrectangle_5247.vnnlib,20,0,0.0,,not_run,,,
990,onnx/ruarobot/perturbations_0.onnx,vnnlib/ruarobot/hyperrectangle_5520.vnnlib,20,0,0.0,,not_run,,,
991,onnx/ruarobot/perturbations_0.onnx,vnnlib/ruarobot/hyperrectangle_2851.vnnlib,20,0,0.0,,not_run,,,
992,onnx/ruarobot/perturbations_0.onnx,vnnlib/ruarobot/hyperrectangle_5875.vnnlib,20,0,0.0,,not_run,,,
993,onnx/ruarobot/perturbations_0.onnx,vnnlib/ruarobot/hyperrectangle_5758.vnnlib,20,0,0.0,,not_run,,,
994,onnx/medical/perturbations_0.onnx,vnnlib/medical/hyperrectangle_2404.vnnlib,20,0,0.0,,not_run,,,
995,onnx/medical/perturbations_0.onnx,vnnlib/medical/hyperrectangle_1319.vnnlib,20,0,0.0,,not_run,,,
996,onnx/ruarobot/perturbations_0.onnx,vnnlib/ruarobot/hyperrectangle_5642.vnnlib,20,0,0.0,,not_run,,,
997,onnx/medical/perturbations_0.onnx,vnnlib/medical/hyperrectangle_278.vnnlib,20,0,0.0,,not_run,,,
998,onnx/medical/perturbations_0.onnx,vnnlib/medical/hyperrectangle_2882.vnnlib,20,0,0.0,,not_run,,,
999,onnx/ruarobot/perturbations_0.onnx,vnnlib/ruarobot/hyperrectangle_7891.vnnlib,20,0,0.0,,not_run,,,
1000,onnx/ruarobot/perturbations_0.onnx,vnnlib/ruarobot/hyperrectangle_6943.vnnlib,20,0,0.0,,not_run,,,
1001,onnx/ruarobot/perturbations_0.onnx,vnnlib/ruarobot/hyperrectangle_6716.vnnlib,20,0,0.0,,not_run,,,
1002,onnx/medical/perturbations_0.onnx,vnnlib/medical/hyperrectangle_1396.vnnlib,20,0,0.0,,not_run,,,
1003,onnx/ruarobot/perturbations_0.onnx,vnnlib/ruarobot/hyperrectangle_246.vnnlib,20,0,0.0,,not_run,,,
1004,onnx/ruarobot/perturbations_0.onnx,vnnlib/ruarobot/hyperrectangle_1411.vnnlib,20,0,0.0,,not_run,,,
1005,onnx/medical/perturbations_0.onnx,vnnlib/medical/hyperrectangle_1914.vnnlib,20,0,0.0,,not_run,,,
1006,onnx/ruarobot/perturbations_0.onnx,vnnlib/ruarobot/hyperrectangle_5232.vnnlib,20,0,0.0,,not_run,,,
1007,onnx/ruarobot/perturbations_0.onnx,vnnlib/ruarobot/hyperrectangle_7002.vnnlib,20,0,0.0,,not_run,,,
1008,onnx/ruarobot/perturbations_0.onnx,vnnlib/ruarobot/hyperrectangle_5198.vnnlib,20,0,0.0,,not_run,,,
1009,onnx/ruarobot/perturbations_0.onnx,vnnlib/ruarobot/hyperrectangle_4034.vnnlib,20,0,0.0,,not_run,,,
1010,onnx/ruarobot/perturbations_0.onnx,vnnlib/ruarobot/hyperrectangle_7084.vnnlib,20,0,0.0,,not_run,,,
1011,onnx/medical/perturbations_0.onnx,vnnlib/medical/hyperrectangle_1610.vnnlib,20,0,0.0,,not_run,,,
1012,onnx/medical/perturbations_0.onnx,vnnlib/medical/hyperrectangle_2110.vnnlib,20,0,0.0,,not_run,,,
1013,onnx/ruarobot/perturbations_0.onnx,vnnlib/ruarobot/hyperrectangle_4368.vnnlib,20,0,0.0,,not_run,,,
1014,onnx/ruarobot/perturbations_0.onnx,vnnlib/ruarobot/hyperrectangle_1204.vnnlib,20,0,0.0,,not_run,,,
1015,onnx/ruarobot/perturbations_0.onnx,vnnlib/ruarobot/hyperrectangle_3177.vnnlib,20,0,0.0,,not_run,,,
1016,onnx/medical/perturbations_0.onnx,vnnlib/medical/hyperrectangle_168.vnnlib,20,0,0.0,,not_run,,,
1017,onnx/ruarobot/perturbations_0.onnx,vnnlib/ruarobot/hyperrectangle_5250.vnnlib,20,0,0.0,,not_run,,,
1018,onnx/ruarobot/perturbations_0.onnx,vnnlib/ruarobot/hyperrectangle_2157.vnnlib,20,0,0.0,,not_run,,,
1019,onnx/ruarobot/perturbations_0.onnx,vnnlib/ruarobot/hyperrectangle_4240.vnnlib,20,0,0.0,,not_run,,,
1020,onnx/medical/perturbations_0.onnx,vnnlib/medical/hyperrectangle_2371.vnnlib,20,0,0.0,,not_run,,,
1021,onnx/ruarobot/perturbations_0.onnx,vnnlib/ruarobot/hyperrectangle_183.vnnlib,20,0,0.0,,not_run,,,
1022,onnx/ruarobot/perturbations_0.onnx,vnnlib/ruarobot/hyperrectangle_3734.vnnlib,20,0,0.0,,not_run,,,
1023,onnx/ruarobot/perturbations_0.onnx,vnnlib/ruarobot/hyperrectangle_7150.vnnlib,20,0,0.0,,not_run,,,
1024,onnx/ruarobot/perturbations_0.onnx,vnnlib/ruarobot/hyperrectangle_5914.vnnlib,20,0,0.0,,not_run,,,
1025,onnx/ruarobot/perturbations_0.onnx,vnnlib/ruarobot/hyperrectangle_2759.vnnlib,20,0,0.0,,not_run,,,
1026,onnx/medical/perturbations_0.onnx,vnnlib/medical/hyperrectangle_1999.vnnlib,20,0,0.0,,not_run,,,
1027,onnx/ruarobot/perturbations_0.onnx,vnnlib/ruarobot/hyperrectangle_3781.vnnlib,20,0,0.0,,not_run,,,
1028,onnx/ruarobot/perturbations_0.onnx,vnnlib/ruarobot/hyperrectangle_7251.vnnlib,20,0,0.0,,not_run,,,
1029,onnx/ruarobot/perturbations_0.onnx,vnnlib/ruarobot/hyperrectangle_3006.vnnlib,20,0,0.0,,not_run,,,
1030,onnx/ruarobot/perturbations_0.onnx,vnnlib/ruarobot/hyperrectangle_3304.vnnlib,20,0,0.0,,not_run,,,
1031,onnx/medical/perturbations_0.onnx,vnnlib/medical/hyperrectangle_2731.vnnlib,20,0,0.0,,not_run,,,
1032,onnx/medical/perturbations_0.onnx,vnnlib/medical/hyperrectangle_719.vnnlib,20,0,0.0,,not_run,,,
1033,onnx/ruarobot/perturbations_0.onnx,vnnlib/ruarobot/hyperrectangle_5168.vnnlib,20,0,0.0,,not_run,,,
1034,onnx/ruarobot/perturbations_0.onnx,vnnlib/ruarobot/hyperrectangle_3081.vnnlib,20,0,0.0,,not_run,,,
1035,onnx/medical/perturbations_0.onnx,vnnlib/medical/hyperrectangle_2603.vnnlib,20,0,0.0,,not_run,,,
1036,onnx/ruarobot/perturbations_0.onnx,vnnlib/ruarobot/hyperrectangle_3689.vnnlib,20,0,0.0,,not_run,,,
1037,onnx/medical/perturbations_0.onnx,vnnlib/medical/hyperrectangle_1143.vnnlib,20,0,0.0,,not_run,,,
1038,onnx/medical/perturbations_0.onnx,vnnlib/medical/hyperrectangle_824.vnnlib,20,0,0.0,,not_run,,,
1039,onnx/medical/perturbations_0.onnx,vnnlib/medical/hyperrectangle_795.vnnlib,20,0,0.0,,not_run,,,
1040,onnx/ruarobot/perturbations_0.onnx,vnnlib/ruarobot/hyperrectangle_4896.vnnlib,20,0,0.0,,not_run,,,
1041,onnx/ruarobot/perturbations_0.onnx,vnnlib/ruarobot/hyperrectangle_7140.vnnlib,20,0,0.0,,not_run,,,
1042,onnx/ruarobot/perturbations_0.onnx,vnnlib/ruarobot/hyperrectangle_735.vnnlib,20,0,0.0,,not_run,,,
1043,onnx/ruarobot/perturbations_0.onnx,vnnlib/ruarobot/hyperrectangle_868.vnnlib,20,0,0.0,,not_run,,,
1044,onnx/ruarobot/perturbations_0.onnx,vnnlib/ruarobot/hyperrectangle_1913.vnnlib,20,0,0.0,,not_run,,,
1045,onnx/medical/perturbations_0.onnx,vnnlib/medical/hyperrectangle_2160.vnnlib,20,0,0.0,,not_run,,,
1046,onnx/ruarobot/perturbations_0.onnx,vnnlib/ruarobot/hyperrectangle_910.vnnlib,20,0,0.0,,not_run,,,
1047,onnx/medical/perturbations_0.onnx,vnnlib/medical/hyperrectangle_1220.vnnlib,20,0,0.0,,not_run,,,
1048,onnx/ruarobot/perturbations_0.onnx,vnnlib/ruarobot/hyperrectangle_593.vnnlib,20,0,0.0,,not_run,,,
1049,onnx/ruarobot/perturbations_0.onnx,vnnlib/ruarobot/hyperrectangle_7676.vnnlib,20,0,0.0,,not_run,,,
1050,onnx/ruarobot/perturbations_0.onnx,vnnlib/ruarobot/hyperrectangle_5921.vnnlib,20,0,0.0,,not_run,,,
1051,onnx/ruarobot/perturbations_0.onnx,vnnlib/ruarobot/hyperrectangle_7792.vnnlib,20,0,0.0,,not_run,,,
1052,onnx/ruarobot/perturbations_0.onnx,vnnlib/ruarobot/hyperrectangle_3500.vnnlib,20,0,0.0,,not_run,,,
1053,onnx/ruarobot/perturbations_0.onnx,vnnlib/ruarobot/hyperrectangle_7272.vnnlib,20,0,0.0,,not_run,,,
1054,onnx/medical/perturbations_0.onnx,vnnlib/medical/hyperrectangle_1314.vnnlib,20,0,0.0,,not_run,,,
1055,onnx/ruarobot/perturbations_0.onnx,vnnlib/ruarobot/hyperrectangle_6259.vnnlib,20,0,0.0,,not_run,,,
1056,onnx/ruarobot/perturbations_0.onnx,vnnlib/ruarobot/hyperrectangle_6014.vnnlib,20,0,0.0,,not_run,,,
1057,onnx/ruarobot/perturbations_0.onnx,vnnlib/ruarobot/hyperrectangle_7773.vnnlib,20,0,0.0,,not_run,,,
1058,onnx/ruarobot/perturbations_0.onnx,vnnlib/ruarobot/hyperrectangle_337.vnnlib,20,0,0.0,,not_run,,,
1059,onnx/ruarobot/perturbations_0.onnx,vnnlib/ruarobot/hyperrectangle_3241.vnnlib,20,0,0.0,,not_run,,,
1060,onnx/ruarobot/perturbations_0.onnx,vnnlib/ruarobot/hyperrectangle_396.vnnlib,20,0,0.0,,not_run,,,
1061,onnx/ruarobot/perturbations_0.onnx,vnnlib/ruarobot/hyperrectangle_79.vnnlib,20,0,0.0,,not_run,,,
1062,onnx/ruarobot/perturbations_0.onnx,vnnlib/ruarobot/hyperrectangle_5579.vnnlib,20,0,0.0,,not_run,,,
1063,onnx/ruarobot/perturbations_0.onnx,vnnlib/ruarobot/hyperrectangle_7249.vnnlib,20,0,0.0,,not_run,,,
1064,onnx/medical/perturbations_0.onnx,vnnlib/medical/hyperrectangle_1503.vnnlib,20,0,0.0,,not_run,,,
1065,onnx/ruarobot/perturbations_0.onnx,vnnlib/ruarobot/hyperrectangle_2905.vnnlib,20,0,0.0,,not_run,,,
1066,onnx/ruarobot/perturbations_0.onnx,vnnlib/ruarobot/hyperrectangle_4272.vnnlib,20,0,0.0,,not_run,,,
1067,onnx/ruarobot/perturbations_0.onnx,vnnlib/ruarobot/hyperrectangle_4770.vnnlib,20,0,0.0,,not_run,,,
1068,onnx/medical/perturbations_0.onnx,vnnlib/medical/hyperrectangle_71.vnnlib,20,0,0.0,,not_run,,,
1069,onnx/medical/perturbations_0.onnx,vnnlib/medical/hyperrectangle_2743.vnnlib,20,0,0.0,,not_run,,,
1070,onnx/medical/perturbations_0.onnx,vnnlib/medical/hyperrectangle_2511.vnnlib,20,0,0.0,,not_run,,,
1071,onnx/ruarobot/perturbations_0.onnx,vnnlib/ruarobot/hyperrectangle_5137.vnnlib,20,0,0.0,,not_run,,,
1072,onnx/ruarobot/perturbations_0.onnx,vnnlib/ruarobot/hyperrectangle_5623.vnnlib,20,0,0.0,,not_run,,,
1073,onnx/ruarobot/perturbations_0.onnx,vnnlib/ruarobot/hyperrectangle_4634.vnnlib,20,0,0.0,,not_run,,,
1074,onnx/ruarobot/perturbations_0.onnx,vnnlib/ruarobot/hyperrectangle_1452.vnnlib,20,0,0.0,,not_run,,,
1075,onnx/ruarobot/perturbations_0.onnx,vnnlib/ruarobot/hyperrectangle_1707.vnnlib,20,0,0.0,,not_run,,,
1076,onnx/ruarobot/perturbations_0.onnx,vnnlib/ruarobot/hyperrectangle_1392.vnnlib,20,0,0.0,,not_run,,,
1077,onnx/ruarobot/perturbations_0.onnx,vnnlib/ruarobot/hyperrectangle_7479.vnnlib,20,0,0.0,,not_run,,,
1078,onnx/ruarobot/perturbations_0.onnx,vnnlib/ruarobot/hyperrectangle_6678.vnnlib,20,0,0.0,,not_run,,,
1079,onnx/ruarobot/perturbations_0.onnx,vnnlib/ruarobot/hyperrectangle_6534.vnnlib,20,0,0.0,,not_run,,,
1080,onnx/ruarobot/perturbations_0.onnx,vnnlib/ruarobot/hyperrectangle_1103.vnnlib,20,0,0.0,,not_run,,,
