source,iid,verdict,internal_status,reportable_status,count_bucket,wall_s,watchdog_status,watchdog_synthetic,strict_bounded_failure,run_status,peak_rss_mb,onnx_model,vnnlib_spec,q_statuses,q_reportables,q_receipts,error,json_path
cpu_smoke,0,UNKNOWN_RESOURCE_LIMIT,UNKNOWN,UNKNOWN,,23.515,UNKNOWN_RESOURCE_LIMIT,True,True,FAILED,17515.59765625,onnx/TinyImageNet_resnet_medium.onnx,vnnlib/TinyImageNet_resnet_medium_prop_idx_1126_sidx_4974_eps_0.0039.vnnlib,[],[],[],"watchdog killed instance after 23.5s (status=UNKNOWN_RESOURCE_LIMIT, peak_rss=17515.6 MiB)",/data1/Kane/ACT/audit_results/r93_rerun_20260525T083118Z/overnight_cpu_round2_20260525T225241Z/tinyimagenet_2024/per_instance_tinyimagenet_2024_watchdog_iid0_20260526T012539607867Z.json
cpu_smoke,1,UNKNOWN_RESOURCE_LIMIT,UNKNOWN,UNKNOWN,,24.515,UNKNOWN_RESOURCE_LIMIT,True,True,FAILED,17371.609375,onnx/TinyImageNet_resnet_medium.onnx,vnnlib/TinyImageNet_resnet_medium_prop_idx_6827_sidx_2613_eps_0.0039.vnnlib,[],[],[],"watchdog killed instance after 24.5s (status=UNKNOWN_RESOURCE_LIMIT, peak_rss=17371.6 MiB)",/data1/Kane/ACT/audit_results/r93_rerun_20260525T083118Z/overnight_cpu_round2_20260525T225241Z/tinyimagenet_2024/per_instance_tinyimagenet_2024_watchdog_iid1_20260526T012604123015Z.json
cpu_smoke,2,UNKNOWN_RESOURCE_LIMIT,UNKNOWN,UNKNOWN,,24.415,UNKNOWN_RESOURCE_LIMIT,True,True,FAILED,16722.03515625,onnx/TinyImageNet_resnet_medium.onnx,vnnlib/TinyImageNet_resnet_medium_prop_idx_7943_sidx_6299_eps_0.0039.vnnlib,[],[],[],"watchdog killed instance after 24.4s (status=UNKNOWN_RESOURCE_LIMIT, peak_rss=16722.0 MiB)",/data1/Kane/ACT/audit_results/r93_rerun_20260525T083118Z/overnight_cpu_round2_20260525T225241Z/tinyimagenet_2024/per_instance_tinyimagenet_2024_watchdog_iid2_20260526T012628538309Z.json
cpu_smoke,3,UNKNOWN_RESOURCE_LIMIT,UNKNOWN,UNKNOWN,,25.616,UNKNOWN_RESOURCE_LIMIT,True,True,FAILED,17611.390625,onnx/TinyImageNet_resnet_medium.onnx,vnnlib/TinyImageNet_resnet_medium_prop_idx_9558_sidx_6082_eps_0.0039.vnnlib,[],[],[],"watchdog killed instance after 25.6s (status=UNKNOWN_RESOURCE_LIMIT, peak_rss=17611.4 MiB)",/data1/Kane/ACT/audit_results/r93_rerun_20260525T083118Z/overnight_cpu_round2_20260525T225241Z/tinyimagenet_2024/per_instance_tinyimagenet_2024_watchdog_iid3_20260526T012654155444Z.json
cpu_smoke,4,UNKNOWN_RESOURCE_LIMIT,UNKNOWN,UNKNOWN,,25.516,UNKNOWN_RESOURCE_LIMIT,True,True,FAILED,17497.7578125,onnx/TinyImageNet_resnet_medium.onnx,vnnlib/TinyImageNet_resnet_medium_prop_idx_2341_sidx_4149_eps_0.0039.vnnlib,[],[],[],"watchdog killed instance after 25.5s (status=UNKNOWN_RESOURCE_LIMIT, peak_rss=17497.8 MiB)",/data1/Kane/ACT/audit_results/r93_rerun_20260525T083118Z/overnight_cpu_round2_20260525T225241Z/tinyimagenet_2024/per_instance_tinyimagenet_2024_watchdog_iid4_20260526T012719672068Z.json
full_r3,10,UNKNOWN_RESOURCE_LIMIT,UNKNOWN,UNKNOWN,,31.324,UNKNOWN_RESOURCE_LIMIT,True,True,FAILED,24579.12109375,onnx/TinyImageNet_resnet_medium.onnx,vnnlib/TinyImageNet_resnet_medium_prop_idx_5134_sidx_3767_eps_0.0039.vnnlib,[],[],[],"watchdog killed instance after 31.3s (status=UNKNOWN_RESOURCE_LIMIT, peak_rss=24579.1 MiB)",/data1/Kane/ACT/audit_results/r93_rerun_20260525T083118Z/overnight_cpu_full_stream3_20260526T025908Z/tinyimagenet_2024/per_instance_tinyimagenet_2024_watchdog_iid10_20260526T044232471404Z.json
full_r3,100,UNKNOWN_RESOURCE_LIMIT,UNKNOWN,UNKNOWN,,29.316,UNKNOWN_RESOURCE_LIMIT,True,True,FAILED,24618.88671875,onnx/TinyImageNet_resnet_medium.onnx,vnnlib/TinyImageNet_resnet_medium_prop_idx_4686_sidx_8792_eps_0.0039.vnnlib,[],[],[],"watchdog killed instance after 29.3s (status=UNKNOWN_RESOURCE_LIMIT, peak_rss=24618.9 MiB)",/data1/Kane/ACT/audit_results/r93_rerun_20260525T083118Z/overnight_cpu_full_stream3_20260526T025908Z/tinyimagenet_2024/per_instance_tinyimagenet_2024_watchdog_iid100_20260526T053201192436Z.json
full_r3,101,UNKNOWN_RESOURCE_LIMIT,UNKNOWN,UNKNOWN,,33.321,UNKNOWN_RESOURCE_LIMIT,True,True,FAILED,24679.89453125,onnx/TinyImageNet_resnet_medium.onnx,vnnlib/TinyImageNet_resnet_medium_prop_idx_4869_sidx_6523_eps_0.0039.vnnlib,[],[],[],"watchdog killed instance after 33.3s (status=UNKNOWN_RESOURCE_LIMIT, peak_rss=24679.9 MiB)",/data1/Kane/ACT/audit_results/r93_rerun_20260525T083118Z/overnight_cpu_full_stream3_20260526T025908Z/tinyimagenet_2024/per_instance_tinyimagenet_2024_watchdog_iid101_20260526T053234513828Z.json
full_r3,102,UNKNOWN_RESOURCE_LIMIT,UNKNOWN,UNKNOWN,,30.718,UNKNOWN_RESOURCE_LIMIT,True,True,FAILED,24637.88671875,onnx/TinyImageNet_resnet_medium.onnx,vnnlib/TinyImageNet_resnet_medium_prop_idx_8651_sidx_6574_eps_0.0039.vnnlib,[],[],[],"watchdog killed instance after 30.7s (status=UNKNOWN_RESOURCE_LIMIT, peak_rss=24637.9 MiB)",/data1/Kane/ACT/audit_results/r93_rerun_20260525T083118Z/overnight_cpu_full_stream3_20260526T025908Z/tinyimagenet_2024/per_instance_tinyimagenet_2024_watchdog_iid102_20260526T053305232197Z.json
full_r3,103,UNKNOWN_RESOURCE_LIMIT,UNKNOWN,UNKNOWN,,29.418,UNKNOWN_RESOURCE_LIMIT,True,True,FAILED,24648.59375,onnx/TinyImageNet_resnet_medium.onnx,vnnlib/TinyImageNet_resnet_medium_prop_idx_4225_sidx_3038_eps_0.0039.vnnlib,[],[],[],"watchdog killed instance after 29.4s (status=UNKNOWN_RESOURCE_LIMIT, peak_rss=24648.6 MiB)",/data1/Kane/ACT/audit_results/r93_rerun_20260525T083118Z/overnight_cpu_full_stream3_20260526T025908Z/tinyimagenet_2024/per_instance_tinyimagenet_2024_watchdog_iid103_20260526T053334651222Z.json
full_r3,104,UNKNOWN_RESOURCE_LIMIT,UNKNOWN,UNKNOWN,,30.418,UNKNOWN_RESOURCE_LIMIT,True,True,FAILED,24609.7734375,onnx/TinyImageNet_resnet_medium.onnx,vnnlib/TinyImageNet_resnet_medium_prop_idx_1718_sidx_4924_eps_0.0039.vnnlib,[],[],[],"watchdog killed instance after 30.4s (status=UNKNOWN_RESOURCE_LIMIT, peak_rss=24609.8 MiB)",/data1/Kane/ACT/audit_results/r93_rerun_20260525T083118Z/overnight_cpu_full_stream3_20260526T025908Z/tinyimagenet_2024/per_instance_tinyimagenet_2024_watchdog_iid104_20260526T053405071016Z.json
full_r3,105,UNKNOWN_RESOURCE_LIMIT,UNKNOWN,UNKNOWN,,27.716,UNKNOWN_RESOURCE_LIMIT,True,True,FAILED,24613.125,onnx/TinyImageNet_resnet_medium.onnx,vnnlib/TinyImageNet_resnet_medium_prop_idx_6957_sidx_1178_eps_0.0039.vnnlib,[],[],[],"watchdog killed instance after 27.7s (status=UNKNOWN_RESOURCE_LIMIT, peak_rss=24613.1 MiB)",/data1/Kane/ACT/audit_results/r93_rerun_20260525T083118Z/overnight_cpu_full_stream3_20260526T025908Z/tinyimagenet_2024/per_instance_tinyimagenet_2024_watchdog_iid105_20260526T053432788310Z.json
full_r3,106,UNKNOWN_RESOURCE_LIMIT,UNKNOWN,UNKNOWN,,47.229,UNKNOWN_RESOURCE_LIMIT,True,True,FAILED,26141.12890625,onnx/TinyImageNet_resnet_medium.onnx,vnnlib/TinyImageNet_resnet_medium_prop_idx_7209_sidx_9753_eps_0.0039.vnnlib,[],[],[],"watchdog killed instance after 47.2s (status=UNKNOWN_RESOURCE_LIMIT, peak_rss=26141.1 MiB)",/data1/Kane/ACT/audit_results/r93_rerun_20260525T083118Z/overnight_cpu_full_stream3_20260526T025908Z/tinyimagenet_2024/per_instance_tinyimagenet_2024_watchdog_iid106_20260526T053520018262Z.json
full_r3,107,UNKNOWN_RESOURCE_LIMIT,UNKNOWN,UNKNOWN,,31.619,UNKNOWN_RESOURCE_LIMIT,True,True,FAILED,24576.57421875,onnx/TinyImageNet_resnet_medium.onnx,vnnlib/TinyImageNet_resnet_medium_prop_idx_4867_sidx_5259_eps_0.0039.vnnlib,[],[],[],"watchdog killed instance after 31.6s (status=UNKNOWN_RESOURCE_LIMIT, peak_rss=24576.6 MiB)",/data1/Kane/ACT/audit_results/r93_rerun_20260525T083118Z/overnight_cpu_full_stream3_20260526T025908Z/tinyimagenet_2024/per_instance_tinyimagenet_2024_watchdog_iid107_20260526T053551638476Z.json
full_r3,108,UNKNOWN_RESOURCE_LIMIT,UNKNOWN,UNKNOWN,,33.22,UNKNOWN_RESOURCE_LIMIT,True,True,FAILED,24646.92578125,onnx/TinyImageNet_resnet_medium.onnx,vnnlib/TinyImageNet_resnet_medium_prop_idx_140_sidx_7259_eps_0.0039.vnnlib,[],[],[],"watchdog killed instance after 33.2s (status=UNKNOWN_RESOURCE_LIMIT, peak_rss=24646.9 MiB)",/data1/Kane/ACT/audit_results/r93_rerun_20260525T083118Z/overnight_cpu_full_stream3_20260526T025908Z/tinyimagenet_2024/per_instance_tinyimagenet_2024_watchdog_iid108_20260526T053624859374Z.json
full_r3,109,UNKNOWN_RESOURCE_LIMIT,UNKNOWN,UNKNOWN,,33.122,UNKNOWN_RESOURCE_LIMIT,True,True,FAILED,24655.33203125,onnx/TinyImageNet_resnet_medium.onnx,vnnlib/TinyImageNet_resnet_medium_prop_idx_8042_sidx_9227_eps_0.0039.vnnlib,[],[],[],"watchdog killed instance after 33.1s (status=UNKNOWN_RESOURCE_LIMIT, peak_rss=24655.3 MiB)",/data1/Kane/ACT/audit_results/r93_rerun_20260525T083118Z/overnight_cpu_full_stream3_20260526T025908Z/tinyimagenet_2024/per_instance_tinyimagenet_2024_watchdog_iid109_20260526T053657982683Z.json
full_r3,11,UNKNOWN_RESOURCE_LIMIT,UNKNOWN,UNKNOWN,,34.326,UNKNOWN_RESOURCE_LIMIT,True,True,FAILED,24638.75390625,onnx/TinyImageNet_resnet_medium.onnx,vnnlib/TinyImageNet_resnet_medium_prop_idx_9535_sidx_6151_eps_0.0039.vnnlib,[],[],[],"watchdog killed instance after 34.3s (status=UNKNOWN_RESOURCE_LIMIT, peak_rss=24638.8 MiB)",/data1/Kane/ACT/audit_results/r93_rerun_20260525T083118Z/overnight_cpu_full_stream3_20260526T025908Z/tinyimagenet_2024/per_instance_tinyimagenet_2024_watchdog_iid11_20260526T044306798351Z.json
full_r3,110,UNKNOWN_RESOURCE_LIMIT,UNKNOWN,UNKNOWN,,32.918,UNKNOWN_RESOURCE_LIMIT,True,True,FAILED,24658.140625,onnx/TinyImageNet_resnet_medium.onnx,vnnlib/TinyImageNet_resnet_medium_prop_idx_216_sidx_6006_eps_0.0039.vnnlib,[],[],[],"watchdog killed instance after 32.9s (status=UNKNOWN_RESOURCE_LIMIT, peak_rss=24658.1 MiB)",/data1/Kane/ACT/audit_results/r93_rerun_20260525T083118Z/overnight_cpu_full_stream3_20260526T025908Z/tinyimagenet_2024/per_instance_tinyimagenet_2024_watchdog_iid110_20260526T053730901169Z.json
full_r3,111,UNKNOWN_RESOURCE_LIMIT,UNKNOWN,UNKNOWN,,29.817,UNKNOWN_RESOURCE_LIMIT,True,True,FAILED,24625.64453125,onnx/TinyImageNet_resnet_medium.onnx,vnnlib/TinyImageNet_resnet_medium_prop_idx_580_sidx_8894_eps_0.0039.vnnlib,[],[],[],"watchdog killed instance after 29.8s (status=UNKNOWN_RESOURCE_LIMIT, peak_rss=24625.6 MiB)",/data1/Kane/ACT/audit_results/r93_rerun_20260525T083118Z/overnight_cpu_full_stream3_20260526T025908Z/tinyimagenet_2024/per_instance_tinyimagenet_2024_watchdog_iid111_20260526T053800719231Z.json
full_r3,112,UNKNOWN_RESOURCE_LIMIT,UNKNOWN,UNKNOWN,,32.92,UNKNOWN_RESOURCE_LIMIT,True,True,FAILED,24604.171875,onnx/TinyImageNet_resnet_medium.onnx,vnnlib/TinyImageNet_resnet_medium_prop_idx_6458_sidx_4978_eps_0.0039.vnnlib,[],[],[],"watchdog killed instance after 32.9s (status=UNKNOWN_RESOURCE_LIMIT, peak_rss=24604.2 MiB)",/data1/Kane/ACT/audit_results/r93_rerun_20260525T083118Z/overnight_cpu_full_stream3_20260526T025908Z/tinyimagenet_2024/per_instance_tinyimagenet_2024_watchdog_iid112_20260526T053833640808Z.json
full_r3,113,UNKNOWN_RESOURCE_LIMIT,UNKNOWN,UNKNOWN,,30.821,UNKNOWN_RESOURCE_LIMIT,True,True,FAILED,24608.53125,onnx/TinyImageNet_resnet_medium.onnx,vnnlib/TinyImageNet_resnet_medium_prop_idx_291_sidx_2370_eps_0.0039.vnnlib,[],[],[],"watchdog killed instance after 30.8s (status=UNKNOWN_RESOURCE_LIMIT, peak_rss=24608.5 MiB)",/data1/Kane/ACT/audit_results/r93_rerun_20260525T083118Z/overnight_cpu_full_stream3_20260526T025908Z/tinyimagenet_2024/per_instance_tinyimagenet_2024_watchdog_iid113_20260526T053904462865Z.json
full_r3,114,UNKNOWN_RESOURCE_LIMIT,UNKNOWN,UNKNOWN,,30.717,UNKNOWN_RESOURCE_LIMIT,True,True,FAILED,24676.71875,onnx/TinyImageNet_resnet_medium.onnx,vnnlib/TinyImageNet_resnet_medium_prop_idx_62_sidx_313_eps_0.0039.vnnlib,[],[],[],"watchdog killed instance after 30.7s (status=UNKNOWN_RESOURCE_LIMIT, peak_rss=24676.7 MiB)",/data1/Kane/ACT/audit_results/r93_rerun_20260525T083118Z/overnight_cpu_full_stream3_20260526T025908Z/tinyimagenet_2024/per_instance_tinyimagenet_2024_watchdog_iid114_20260526T053935180629Z.json
full_r3,115,UNKNOWN_RESOURCE_LIMIT,UNKNOWN,UNKNOWN,,32.221,UNKNOWN_RESOURCE_LIMIT,True,True,FAILED,24669.89453125,onnx/TinyImageNet_resnet_medium.onnx,vnnlib/TinyImageNet_resnet_medium_prop_idx_9875_sidx_1510_eps_0.0039.vnnlib,[],[],[],"watchdog killed instance after 32.2s (status=UNKNOWN_RESOURCE_LIMIT, peak_rss=24669.9 MiB)",/data1/Kane/ACT/audit_results/r93_rerun_20260525T083118Z/overnight_cpu_full_stream3_20260526T025908Z/tinyimagenet_2024/per_instance_tinyimagenet_2024_watchdog_iid115_20260526T054007402948Z.json
full_r3,116,UNKNOWN_RESOURCE_LIMIT,UNKNOWN,UNKNOWN,,28.217,UNKNOWN_RESOURCE_LIMIT,True,True,FAILED,24645.78515625,onnx/TinyImageNet_resnet_medium.onnx,vnnlib/TinyImageNet_resnet_medium_prop_idx_4944_sidx_932_eps_0.0039.vnnlib,[],[],[],"watchdog killed instance after 28.2s (status=UNKNOWN_RESOURCE_LIMIT, peak_rss=24645.8 MiB)",/data1/Kane/ACT/audit_results/r93_rerun_20260525T083118Z/overnight_cpu_full_stream3_20260526T025908Z/tinyimagenet_2024/per_instance_tinyimagenet_2024_watchdog_iid116_20260526T054035621124Z.json
full_r3,117,UNKNOWN_RESOURCE_LIMIT,UNKNOWN,UNKNOWN,,32.221,UNKNOWN_RESOURCE_LIMIT,True,True,FAILED,24646.7265625,onnx/TinyImageNet_resnet_medium.onnx,vnnlib/TinyImageNet_resnet_medium_prop_idx_4528_sidx_911_eps_0.0039.vnnlib,[],[],[],"watchdog killed instance after 32.2s (status=UNKNOWN_RESOURCE_LIMIT, peak_rss=24646.7 MiB)",/data1/Kane/ACT/audit_results/r93_rerun_20260525T083118Z/overnight_cpu_full_stream3_20260526T025908Z/tinyimagenet_2024/per_instance_tinyimagenet_2024_watchdog_iid117_20260526T054107843860Z.json
full_r3,118,UNKNOWN_RESOURCE_LIMIT,UNKNOWN,UNKNOWN,,34.521,UNKNOWN_RESOURCE_LIMIT,True,True,FAILED,24654.28125,onnx/TinyImageNet_resnet_medium.onnx,vnnlib/TinyImageNet_resnet_medium_prop_idx_7689_sidx_3205_eps_0.0039.vnnlib,[],[],[],"watchdog killed instance after 34.5s (status=UNKNOWN_RESOURCE_LIMIT, peak_rss=24654.3 MiB)",/data1/Kane/ACT/audit_results/r93_rerun_20260525T083118Z/overnight_cpu_full_stream3_20260526T025908Z/tinyimagenet_2024/per_instance_tinyimagenet_2024_watchdog_iid118_20260526T054142366193Z.json
full_r3,119,UNKNOWN_RESOURCE_LIMIT,UNKNOWN,UNKNOWN,,32.32,UNKNOWN_RESOURCE_LIMIT,True,True,FAILED,24674.6484375,onnx/TinyImageNet_resnet_medium.onnx,vnnlib/TinyImageNet_resnet_medium_prop_idx_3558_sidx_7280_eps_0.0039.vnnlib,[],[],[],"watchdog killed instance after 32.3s (status=UNKNOWN_RESOURCE_LIMIT, peak_rss=24674.6 MiB)",/data1/Kane/ACT/audit_results/r93_rerun_20260525T083118Z/overnight_cpu_full_stream3_20260526T025908Z/tinyimagenet_2024/per_instance_tinyimagenet_2024_watchdog_iid119_20260526T054214687855Z.json
full_r3,12,UNKNOWN_RESOURCE_LIMIT,UNKNOWN,UNKNOWN,,30.723,UNKNOWN_RESOURCE_LIMIT,True,True,FAILED,24627.15625,onnx/TinyImageNet_resnet_medium.onnx,vnnlib/TinyImageNet_resnet_medium_prop_idx_253_sidx_4834_eps_0.0039.vnnlib,[],[],[],"watchdog killed instance after 30.7s (status=UNKNOWN_RESOURCE_LIMIT, peak_rss=24627.2 MiB)",/data1/Kane/ACT/audit_results/r93_rerun_20260525T083118Z/overnight_cpu_full_stream3_20260526T025908Z/tinyimagenet_2024/per_instance_tinyimagenet_2024_watchdog_iid12_20260526T044337523247Z.json
full_r3,120,UNKNOWN_RESOURCE_LIMIT,UNKNOWN,UNKNOWN,,31.219,UNKNOWN_RESOURCE_LIMIT,True,True,FAILED,24643.41015625,onnx/TinyImageNet_resnet_medium.onnx,vnnlib/TinyImageNet_resnet_medium_prop_idx_7277_sidx_8835_eps_0.0039.vnnlib,[],[],[],"watchdog killed instance after 31.2s (status=UNKNOWN_RESOURCE_LIMIT, peak_rss=24643.4 MiB)",/data1/Kane/ACT/audit_results/r93_rerun_20260525T083118Z/overnight_cpu_full_stream3_20260526T025908Z/tinyimagenet_2024/per_instance_tinyimagenet_2024_watchdog_iid120_20260526T054245908167Z.json
full_r3,121,UNKNOWN_RESOURCE_LIMIT,UNKNOWN,UNKNOWN,,28.215,UNKNOWN_RESOURCE_LIMIT,True,True,FAILED,24623.62890625,onnx/TinyImageNet_resnet_medium.onnx,vnnlib/TinyImageNet_resnet_medium_prop_idx_7946_sidx_1068_eps_0.0039.vnnlib,[],[],[],"watchdog killed instance after 28.2s (status=UNKNOWN_RESOURCE_LIMIT, peak_rss=24623.6 MiB)",/data1/Kane/ACT/audit_results/r93_rerun_20260525T083118Z/overnight_cpu_full_stream3_20260526T025908Z/tinyimagenet_2024/per_instance_tinyimagenet_2024_watchdog_iid121_20260526T054314124416Z.json
full_r3,122,UNKNOWN_RESOURCE_LIMIT,UNKNOWN,UNKNOWN,,31.119,UNKNOWN_RESOURCE_LIMIT,True,True,FAILED,24583.5703125,onnx/TinyImageNet_resnet_medium.onnx,vnnlib/TinyImageNet_resnet_medium_prop_idx_7889_sidx_4249_eps_0.0039.vnnlib,[],[],[],"watchdog killed instance after 31.1s (status=UNKNOWN_RESOURCE_LIMIT, peak_rss=24583.6 MiB)",/data1/Kane/ACT/audit_results/r93_rerun_20260525T083118Z/overnight_cpu_full_stream3_20260526T025908Z/tinyimagenet_2024/per_instance_tinyimagenet_2024_watchdog_iid122_20260526T054345244257Z.json
full_r3,123,UNKNOWN_RESOURCE_LIMIT,UNKNOWN,UNKNOWN,,32.119,UNKNOWN_RESOURCE_LIMIT,True,True,FAILED,24628.28125,onnx/TinyImageNet_resnet_medium.onnx,vnnlib/TinyImageNet_resnet_medium_prop_idx_7600_sidx_1132_eps_0.0039.vnnlib,[],[],[],"watchdog killed instance after 32.1s (status=UNKNOWN_RESOURCE_LIMIT, peak_rss=24628.3 MiB)",/data1/Kane/ACT/audit_results/r93_rerun_20260525T083118Z/overnight_cpu_full_stream3_20260526T025908Z/tinyimagenet_2024/per_instance_tinyimagenet_2024_watchdog_iid123_20260526T054417364025Z.json
full_r3,124,UNKNOWN_RESOURCE_LIMIT,UNKNOWN,UNKNOWN,,32.621,UNKNOWN_RESOURCE_LIMIT,True,True,FAILED,24590.33984375,onnx/TinyImageNet_resnet_medium.onnx,vnnlib/TinyImageNet_resnet_medium_prop_idx_259_sidx_1412_eps_0.0039.vnnlib,[],[],[],"watchdog killed instance after 32.6s (status=UNKNOWN_RESOURCE_LIMIT, peak_rss=24590.3 MiB)",/data1/Kane/ACT/audit_results/r93_rerun_20260525T083118Z/overnight_cpu_full_stream3_20260526T025908Z/tinyimagenet_2024/per_instance_tinyimagenet_2024_watchdog_iid124_20260526T054449986413Z.json
full_r3,125,UNKNOWN_RESOURCE_LIMIT,UNKNOWN,UNKNOWN,,32.121,UNKNOWN_RESOURCE_LIMIT,True,True,FAILED,24602.23828125,onnx/TinyImageNet_resnet_medium.onnx,vnnlib/TinyImageNet_resnet_medium_prop_idx_683_sidx_2348_eps_0.0039.vnnlib,[],[],[],"watchdog killed instance after 32.1s (status=UNKNOWN_RESOURCE_LIMIT, peak_rss=24602.2 MiB)",/data1/Kane/ACT/audit_results/r93_rerun_20260525T083118Z/overnight_cpu_full_stream3_20260526T025908Z/tinyimagenet_2024/per_instance_tinyimagenet_2024_watchdog_iid125_20260526T054522108081Z.json
full_r3,126,UNKNOWN_RESOURCE_LIMIT,UNKNOWN,UNKNOWN,,47.432,UNKNOWN_RESOURCE_LIMIT,True,True,FAILED,25942.296875,onnx/TinyImageNet_resnet_medium.onnx,vnnlib/TinyImageNet_resnet_medium_prop_idx_9940_sidx_5174_eps_0.0039.vnnlib,[],[],[],"watchdog killed instance after 47.4s (status=UNKNOWN_RESOURCE_LIMIT, peak_rss=25942.3 MiB)",/data1/Kane/ACT/audit_results/r93_rerun_20260525T083118Z/overnight_cpu_full_stream3_20260526T025908Z/tinyimagenet_2024/per_instance_tinyimagenet_2024_watchdog_iid126_20260526T054609540639Z.json
full_r3,127,UNKNOWN_RESOURCE_LIMIT,UNKNOWN,UNKNOWN,,32.324,UNKNOWN_RESOURCE_LIMIT,True,True,FAILED,24651.27734375,onnx/TinyImageNet_resnet_medium.onnx,vnnlib/TinyImageNet_resnet_medium_prop_idx_164_sidx_1090_eps_0.0039.vnnlib,[],[],[],"watchdog killed instance after 32.3s (status=UNKNOWN_RESOURCE_LIMIT, peak_rss=24651.3 MiB)",/data1/Kane/ACT/audit_results/r93_rerun_20260525T083118Z/overnight_cpu_full_stream3_20260526T025908Z/tinyimagenet_2024/per_instance_tinyimagenet_2024_watchdog_iid127_20260526T054641865529Z.json
full_r3,128,UNKNOWN_RESOURCE_LIMIT,UNKNOWN,UNKNOWN,,32.221,UNKNOWN_RESOURCE_LIMIT,True,True,FAILED,24640.3515625,onnx/TinyImageNet_resnet_medium.onnx,vnnlib/TinyImageNet_resnet_medium_prop_idx_8372_sidx_8419_eps_0.0039.vnnlib,[],[],[],"watchdog killed instance after 32.2s (status=UNKNOWN_RESOURCE_LIMIT, peak_rss=24640.4 MiB)",/data1/Kane/ACT/audit_results/r93_rerun_20260525T083118Z/overnight_cpu_full_stream3_20260526T025908Z/tinyimagenet_2024/per_instance_tinyimagenet_2024_watchdog_iid128_20260526T054714087773Z.json
full_r3,129,UNKNOWN_RESOURCE_LIMIT,UNKNOWN,UNKNOWN,,30.718,UNKNOWN_RESOURCE_LIMIT,True,True,FAILED,24591.6796875,onnx/TinyImageNet_resnet_medium.onnx,vnnlib/TinyImageNet_resnet_medium_prop_idx_7403_sidx_8686_eps_0.0039.vnnlib,[],[],[],"watchdog killed instance after 30.7s (status=UNKNOWN_RESOURCE_LIMIT, peak_rss=24591.7 MiB)",/data1/Kane/ACT/audit_results/r93_rerun_20260525T083118Z/overnight_cpu_full_stream3_20260526T025908Z/tinyimagenet_2024/per_instance_tinyimagenet_2024_watchdog_iid129_20260526T054744806327Z.json
full_r3,13,UNKNOWN_RESOURCE_LIMIT,UNKNOWN,UNKNOWN,,35.325,UNKNOWN_RESOURCE_LIMIT,True,True,FAILED,24676.7734375,onnx/TinyImageNet_resnet_medium.onnx,vnnlib/TinyImageNet_resnet_medium_prop_idx_5673_sidx_6615_eps_0.0039.vnnlib,[],[],[],"watchdog killed instance after 35.3s (status=UNKNOWN_RESOURCE_LIMIT, peak_rss=24676.8 MiB)",/data1/Kane/ACT/audit_results/r93_rerun_20260525T083118Z/overnight_cpu_full_stream3_20260526T025908Z/tinyimagenet_2024/per_instance_tinyimagenet_2024_watchdog_iid13_20260526T044412848569Z.json
full_r3,130,UNKNOWN_RESOURCE_LIMIT,UNKNOWN,UNKNOWN,,28.119,UNKNOWN_RESOURCE_LIMIT,True,True,FAILED,24612.24609375,onnx/TinyImageNet_resnet_medium.onnx,vnnlib/TinyImageNet_resnet_medium_prop_idx_9600_sidx_3536_eps_0.0039.vnnlib,[],[],[],"watchdog killed instance after 28.1s (status=UNKNOWN_RESOURCE_LIMIT, peak_rss=24612.2 MiB)",/data1/Kane/ACT/audit_results/r93_rerun_20260525T083118Z/overnight_cpu_full_stream3_20260526T025908Z/tinyimagenet_2024/per_instance_tinyimagenet_2024_watchdog_iid130_20260526T054812927558Z.json
full_r3,131,UNKNOWN_RESOURCE_LIMIT,UNKNOWN,UNKNOWN,,33.623,UNKNOWN_RESOURCE_LIMIT,True,True,FAILED,24595.12890625,onnx/TinyImageNet_resnet_medium.onnx,vnnlib/TinyImageNet_resnet_medium_prop_idx_7390_sidx_2694_eps_0.0039.vnnlib,[],[],[],"watchdog killed instance after 33.6s (status=UNKNOWN_RESOURCE_LIMIT, peak_rss=24595.1 MiB)",/data1/Kane/ACT/audit_results/r93_rerun_20260525T083118Z/overnight_cpu_full_stream3_20260526T025908Z/tinyimagenet_2024/per_instance_tinyimagenet_2024_watchdog_iid131_20260526T054846552540Z.json
full_r3,132,UNKNOWN_RESOURCE_LIMIT,UNKNOWN,UNKNOWN,,36.817,UNKNOWN_RESOURCE_LIMIT,True,True,FAILED,24611.3046875,onnx/TinyImageNet_resnet_medium.onnx,vnnlib/TinyImageNet_resnet_medium_prop_idx_3115_sidx_671_eps_0.0039.vnnlib,[],[],[],"watchdog killed instance after 36.8s (status=UNKNOWN_RESOURCE_LIMIT, peak_rss=24611.3 MiB)",/data1/Kane/ACT/audit_results/r93_rerun_20260525T083118Z/overnight_cpu_full_stream3_20260526T025908Z/tinyimagenet_2024/per_instance_tinyimagenet_2024_watchdog_iid132_20260526T054923374132Z.json
full_r3,133,UNKNOWN_RESOURCE_LIMIT,UNKNOWN,UNKNOWN,,32.522,UNKNOWN_RESOURCE_LIMIT,True,True,FAILED,24583.703125,onnx/TinyImageNet_resnet_medium.onnx,vnnlib/TinyImageNet_resnet_medium_prop_idx_4472_sidx_9477_eps_0.0039.vnnlib,[],[],[],"watchdog killed instance after 32.5s (status=UNKNOWN_RESOURCE_LIMIT, peak_rss=24583.7 MiB)",/data1/Kane/ACT/audit_results/r93_rerun_20260525T083118Z/overnight_cpu_full_stream3_20260526T025908Z/tinyimagenet_2024/per_instance_tinyimagenet_2024_watchdog_iid133_20260526T054955897593Z.json
full_r3,134,UNKNOWN_RESOURCE_LIMIT,UNKNOWN,UNKNOWN,,35.521,UNKNOWN_RESOURCE_LIMIT,True,True,FAILED,24593.72265625,onnx/TinyImageNet_resnet_medium.onnx,vnnlib/TinyImageNet_resnet_medium_prop_idx_7575_sidx_6502_eps_0.0039.vnnlib,[],[],[],"watchdog killed instance after 35.5s (status=UNKNOWN_RESOURCE_LIMIT, peak_rss=24593.7 MiB)",/data1/Kane/ACT/audit_results/r93_rerun_20260525T083118Z/overnight_cpu_full_stream3_20260526T025908Z/tinyimagenet_2024/per_instance_tinyimagenet_2024_watchdog_iid134_20260526T055031420013Z.json
full_r3,135,UNKNOWN_RESOURCE_LIMIT,UNKNOWN,UNKNOWN,,34.32,UNKNOWN_RESOURCE_LIMIT,True,True,FAILED,24660.96484375,onnx/TinyImageNet_resnet_medium.onnx,vnnlib/TinyImageNet_resnet_medium_prop_idx_8472_sidx_7499_eps_0.0039.vnnlib,[],[],[],"watchdog killed instance after 34.3s (status=UNKNOWN_RESOURCE_LIMIT, peak_rss=24661.0 MiB)",/data1/Kane/ACT/audit_results/r93_rerun_20260525T083118Z/overnight_cpu_full_stream3_20260526T025908Z/tinyimagenet_2024/per_instance_tinyimagenet_2024_watchdog_iid135_20260526T055105741306Z.json
full_r3,136,UNKNOWN_RESOURCE_LIMIT,UNKNOWN,UNKNOWN,,30.72,UNKNOWN_RESOURCE_LIMIT,True,True,FAILED,24667.83984375,onnx/TinyImageNet_resnet_medium.onnx,vnnlib/TinyImageNet_resnet_medium_prop_idx_7883_sidx_4184_eps_0.0039.vnnlib,[],[],[],"watchdog killed instance after 30.7s (status=UNKNOWN_RESOURCE_LIMIT, peak_rss=24667.8 MiB)",/data1/Kane/ACT/audit_results/r93_rerun_20260525T083118Z/overnight_cpu_full_stream3_20260526T025908Z/tinyimagenet_2024/per_instance_tinyimagenet_2024_watchdog_iid136_20260526T055136462701Z.json
full_r3,137,UNKNOWN_RESOURCE_LIMIT,UNKNOWN,UNKNOWN,,31.318,UNKNOWN_RESOURCE_LIMIT,True,True,FAILED,24596.3984375,onnx/TinyImageNet_resnet_medium.onnx,vnnlib/TinyImageNet_resnet_medium_prop_idx_6679_sidx_8279_eps_0.0039.vnnlib,[],[],[],"watchdog killed instance after 31.3s (status=UNKNOWN_RESOURCE_LIMIT, peak_rss=24596.4 MiB)",/data1/Kane/ACT/audit_results/r93_rerun_20260525T083118Z/overnight_cpu_full_stream3_20260526T025908Z/tinyimagenet_2024/per_instance_tinyimagenet_2024_watchdog_iid137_20260526T055207781688Z.json
full_r3,138,UNKNOWN_RESOURCE_LIMIT,UNKNOWN,UNKNOWN,,32.72,UNKNOWN_RESOURCE_LIMIT,True,True,FAILED,24593.7578125,onnx/TinyImageNet_resnet_medium.onnx,vnnlib/TinyImageNet_resnet_medium_prop_idx_7762_sidx_3616_eps_0.0039.vnnlib,[],[],[],"watchdog killed instance after 32.7s (status=UNKNOWN_RESOURCE_LIMIT, peak_rss=24593.8 MiB)",/data1/Kane/ACT/audit_results/r93_rerun_20260525T083118Z/overnight_cpu_full_stream3_20260526T025908Z/tinyimagenet_2024/per_instance_tinyimagenet_2024_watchdog_iid138_20260526T055240503356Z.json
full_r3,139,UNKNOWN_RESOURCE_LIMIT,UNKNOWN,UNKNOWN,,27.713,UNKNOWN_RESOURCE_LIMIT,True,True,FAILED,24624.24609375,onnx/TinyImageNet_resnet_medium.onnx,vnnlib/TinyImageNet_resnet_medium_prop_idx_7538_sidx_5076_eps_0.0039.vnnlib,[],[],[],"watchdog killed instance after 27.7s (status=UNKNOWN_RESOURCE_LIMIT, peak_rss=24624.2 MiB)",/data1/Kane/ACT/audit_results/r93_rerun_20260525T083118Z/overnight_cpu_full_stream3_20260526T025908Z/tinyimagenet_2024/per_instance_tinyimagenet_2024_watchdog_iid139_20260526T055308218366Z.json
full_r3,14,UNKNOWN_RESOURCE_LIMIT,UNKNOWN,UNKNOWN,,33.623,UNKNOWN_RESOURCE_LIMIT,True,True,FAILED,24639.9609375,onnx/TinyImageNet_resnet_medium.onnx,vnnlib/TinyImageNet_resnet_medium_prop_idx_1459_sidx_443_eps_0.0039.vnnlib,[],[],[],"watchdog killed instance after 33.6s (status=UNKNOWN_RESOURCE_LIMIT, peak_rss=24640.0 MiB)",/data1/Kane/ACT/audit_results/r93_rerun_20260525T083118Z/overnight_cpu_full_stream3_20260526T025908Z/tinyimagenet_2024/per_instance_tinyimagenet_2024_watchdog_iid14_20260526T044446471888Z.json
full_r3,140,UNKNOWN_RESOURCE_LIMIT,UNKNOWN,UNKNOWN,,31.222,UNKNOWN_RESOURCE_LIMIT,True,True,FAILED,24664.6015625,onnx/TinyImageNet_resnet_medium.onnx,vnnlib/TinyImageNet_resnet_medium_prop_idx_4513_sidx_5588_eps_0.0039.vnnlib,[],[],[],"watchdog killed instance after 31.2s (status=UNKNOWN_RESOURCE_LIMIT, peak_rss=24664.6 MiB)",/data1/Kane/ACT/audit_results/r93_rerun_20260525T083118Z/overnight_cpu_full_stream3_20260526T025908Z/tinyimagenet_2024/per_instance_tinyimagenet_2024_watchdog_iid140_20260526T055339441681Z.json
full_r3,141,UNKNOWN_RESOURCE_LIMIT,UNKNOWN,UNKNOWN,,32.619,UNKNOWN_RESOURCE_LIMIT,True,True,FAILED,24605.09765625,onnx/TinyImageNet_resnet_medium.onnx,vnnlib/TinyImageNet_resnet_medium_prop_idx_3110_sidx_1017_eps_0.0039.vnnlib,[],[],[],"watchdog killed instance after 32.6s (status=UNKNOWN_RESOURCE_LIMIT, peak_rss=24605.1 MiB)",/data1/Kane/ACT/audit_results/r93_rerun_20260525T083118Z/overnight_cpu_full_stream3_20260526T025908Z/tinyimagenet_2024/per_instance_tinyimagenet_2024_watchdog_iid141_20260526T055412061952Z.json
full_r3,142,UNKNOWN_RESOURCE_LIMIT,UNKNOWN,UNKNOWN,,30.018,UNKNOWN_RESOURCE_LIMIT,True,True,FAILED,24671.92578125,onnx/TinyImageNet_resnet_medium.onnx,vnnlib/TinyImageNet_resnet_medium_prop_idx_6863_sidx_8059_eps_0.0039.vnnlib,[],[],[],"watchdog killed instance after 30.0s (status=UNKNOWN_RESOURCE_LIMIT, peak_rss=24671.9 MiB)",/data1/Kane/ACT/audit_results/r93_rerun_20260525T083118Z/overnight_cpu_full_stream3_20260526T025908Z/tinyimagenet_2024/per_instance_tinyimagenet_2024_watchdog_iid142_20260526T055442080789Z.json
full_r3,143,UNKNOWN_RESOURCE_LIMIT,UNKNOWN,UNKNOWN,,47.33,UNKNOWN_RESOURCE_LIMIT,True,True,FAILED,24732.5234375,onnx/TinyImageNet_resnet_medium.onnx,vnnlib/TinyImageNet_resnet_medium_prop_idx_3553_sidx_3392_eps_0.0039.vnnlib,[],[],[],"watchdog killed instance after 47.3s (status=UNKNOWN_RESOURCE_LIMIT, peak_rss=24732.5 MiB)",/data1/Kane/ACT/audit_results/r93_rerun_20260525T083118Z/overnight_cpu_full_stream3_20260526T025908Z/tinyimagenet_2024/per_instance_tinyimagenet_2024_watchdog_iid143_20260526T055529411851Z.json
full_r3,144,UNKNOWN_RESOURCE_LIMIT,UNKNOWN,UNKNOWN,,34.321,UNKNOWN_RESOURCE_LIMIT,True,True,FAILED,24598.3046875,onnx/TinyImageNet_resnet_medium.onnx,vnnlib/TinyImageNet_resnet_medium_prop_idx_5232_sidx_8001_eps_0.0039.vnnlib,[],[],[],"watchdog killed instance after 34.3s (status=UNKNOWN_RESOURCE_LIMIT, peak_rss=24598.3 MiB)",/data1/Kane/ACT/audit_results/r93_rerun_20260525T083118Z/overnight_cpu_full_stream3_20260526T025908Z/tinyimagenet_2024/per_instance_tinyimagenet_2024_watchdog_iid144_20260526T055603734118Z.json
full_r3,145,UNKNOWN_RESOURCE_LIMIT,UNKNOWN,UNKNOWN,,32.919,UNKNOWN_RESOURCE_LIMIT,True,True,FAILED,24677.609375,onnx/TinyImageNet_resnet_medium.onnx,vnnlib/TinyImageNet_resnet_medium_prop_idx_9840_sidx_3444_eps_0.0039.vnnlib,[],[],[],"watchdog killed instance after 32.9s (status=UNKNOWN_RESOURCE_LIMIT, peak_rss=24677.6 MiB)",/data1/Kane/ACT/audit_results/r93_rerun_20260525T083118Z/overnight_cpu_full_stream3_20260526T025908Z/tinyimagenet_2024/per_instance_tinyimagenet_2024_watchdog_iid145_20260526T055636654290Z.json
full_r3,146,UNKNOWN_RESOURCE_LIMIT,UNKNOWN,UNKNOWN,,29.918,UNKNOWN_RESOURCE_LIMIT,True,True,FAILED,24611.625,onnx/TinyImageNet_resnet_medium.onnx,vnnlib/TinyImageNet_resnet_medium_prop_idx_8887_sidx_8800_eps_0.0039.vnnlib,[],[],[],"watchdog killed instance after 29.9s (status=UNKNOWN_RESOURCE_LIMIT, peak_rss=24611.6 MiB)",/data1/Kane/ACT/audit_results/r93_rerun_20260525T083118Z/overnight_cpu_full_stream3_20260526T025908Z/tinyimagenet_2024/per_instance_tinyimagenet_2024_watchdog_iid146_20260526T055706573735Z.json
full_r3,147,UNKNOWN_RESOURCE_LIMIT,UNKNOWN,UNKNOWN,,29.216,UNKNOWN_RESOURCE_LIMIT,True,True,FAILED,24582.35546875,onnx/TinyImageNet_resnet_medium.onnx,vnnlib/TinyImageNet_resnet_medium_prop_idx_4260_sidx_5004_eps_0.0039.vnnlib,[],[],[],"watchdog killed instance after 29.2s (status=UNKNOWN_RESOURCE_LIMIT, peak_rss=24582.4 MiB)",/data1/Kane/ACT/audit_results/r93_rerun_20260525T083118Z/overnight_cpu_full_stream3_20260526T025908Z/tinyimagenet_2024/per_instance_tinyimagenet_2024_watchdog_iid147_20260526T055735790237Z.json
full_r3,148,UNKNOWN_RESOURCE_LIMIT,UNKNOWN,UNKNOWN,,33.22,UNKNOWN_RESOURCE_LIMIT,True,True,FAILED,24637.51953125,onnx/TinyImageNet_resnet_medium.onnx,vnnlib/TinyImageNet_resnet_medium_prop_idx_3416_sidx_7951_eps_0.0039.vnnlib,[],[],[],"watchdog killed instance after 33.2s (status=UNKNOWN_RESOURCE_LIMIT, peak_rss=24637.5 MiB)",/data1/Kane/ACT/audit_results/r93_rerun_20260525T083118Z/overnight_cpu_full_stream3_20260526T025908Z/tinyimagenet_2024/per_instance_tinyimagenet_2024_watchdog_iid148_20260526T055809011557Z.json
full_r3,149,UNKNOWN_RESOURCE_LIMIT,UNKNOWN,UNKNOWN,,33.318,UNKNOWN_RESOURCE_LIMIT,True,True,FAILED,24646.62890625,onnx/TinyImageNet_resnet_medium.onnx,vnnlib/TinyImageNet_resnet_medium_prop_idx_3098_sidx_9528_eps_0.0039.vnnlib,[],[],[],"watchdog killed instance after 33.3s (status=UNKNOWN_RESOURCE_LIMIT, peak_rss=24646.6 MiB)",/data1/Kane/ACT/audit_results/r93_rerun_20260525T083118Z/overnight_cpu_full_stream3_20260526T025908Z/tinyimagenet_2024/per_instance_tinyimagenet_2024_watchdog_iid149_20260526T055842330425Z.json
full_r3,15,UNKNOWN_RESOURCE_LIMIT,UNKNOWN,UNKNOWN,,35.326,UNKNOWN_RESOURCE_LIMIT,True,True,FAILED,24595.05859375,onnx/TinyImageNet_resnet_medium.onnx,vnnlib/TinyImageNet_resnet_medium_prop_idx_551_sidx_6748_eps_0.0039.vnnlib,[],[],[],"watchdog killed instance after 35.3s (status=UNKNOWN_RESOURCE_LIMIT, peak_rss=24595.1 MiB)",/data1/Kane/ACT/audit_results/r93_rerun_20260525T083118Z/overnight_cpu_full_stream3_20260526T025908Z/tinyimagenet_2024/per_instance_tinyimagenet_2024_watchdog_iid15_20260526T044521798792Z.json
full_r3,150,UNKNOWN_RESOURCE_LIMIT,UNKNOWN,UNKNOWN,,32.719,UNKNOWN_RESOURCE_LIMIT,True,True,FAILED,24619.75390625,onnx/TinyImageNet_resnet_medium.onnx,vnnlib/TinyImageNet_resnet_medium_prop_idx_9271_sidx_575_eps_0.0039.vnnlib,[],[],[],"watchdog killed instance after 32.7s (status=UNKNOWN_RESOURCE_LIMIT, peak_rss=24619.8 MiB)",/data1/Kane/ACT/audit_results/r93_rerun_20260525T083118Z/overnight_cpu_full_stream3_20260526T025908Z/tinyimagenet_2024/per_instance_tinyimagenet_2024_watchdog_iid150_20260526T055915050420Z.json
full_r3,151,UNKNOWN_RESOURCE_LIMIT,UNKNOWN,UNKNOWN,,33.419,UNKNOWN_RESOURCE_LIMIT,True,True,FAILED,24618.3359375,onnx/TinyImageNet_resnet_medium.onnx,vnnlib/TinyImageNet_resnet_medium_prop_idx_4330_sidx_3504_eps_0.0039.vnnlib,[],[],[],"watchdog killed instance after 33.4s (status=UNKNOWN_RESOURCE_LIMIT, peak_rss=24618.3 MiB)",/data1/Kane/ACT/audit_results/r93_rerun_20260525T083118Z/overnight_cpu_full_stream3_20260526T025908Z/tinyimagenet_2024/per_instance_tinyimagenet_2024_watchdog_iid151_20260526T055948470334Z.json
full_r3,152,UNKNOWN_RESOURCE_LIMIT,UNKNOWN,UNKNOWN,,30.416,UNKNOWN_RESOURCE_LIMIT,True,True,FAILED,24594.73828125,onnx/TinyImageNet_resnet_medium.onnx,vnnlib/TinyImageNet_resnet_medium_prop_idx_9215_sidx_4878_eps_0.0039.vnnlib,[],[],[],"watchdog killed instance after 30.4s (status=UNKNOWN_RESOURCE_LIMIT, peak_rss=24594.7 MiB)",/data1/Kane/ACT/audit_results/r93_rerun_20260525T083118Z/overnight_cpu_full_stream3_20260526T025908Z/tinyimagenet_2024/per_instance_tinyimagenet_2024_watchdog_iid152_20260526T060018887573Z.json
full_r3,153,UNKNOWN_RESOURCE_LIMIT,UNKNOWN,UNKNOWN,,27.315,UNKNOWN_RESOURCE_LIMIT,True,True,FAILED,24612.48046875,onnx/TinyImageNet_resnet_medium.onnx,vnnlib/TinyImageNet_resnet_medium_prop_idx_2493_sidx_4209_eps_0.0039.vnnlib,[],[],[],"watchdog killed instance after 27.3s (status=UNKNOWN_RESOURCE_LIMIT, peak_rss=24612.5 MiB)",/data1/Kane/ACT/audit_results/r93_rerun_20260525T083118Z/overnight_cpu_full_stream3_20260526T025908Z/tinyimagenet_2024/per_instance_tinyimagenet_2024_watchdog_iid153_20260526T060046203798Z.json
full_r3,154,UNKNOWN_RESOURCE_LIMIT,UNKNOWN,UNKNOWN,,29.317,UNKNOWN_RESOURCE_LIMIT,True,True,FAILED,24591.109375,onnx/TinyImageNet_resnet_medium.onnx,vnnlib/TinyImageNet_resnet_medium_prop_idx_5701_sidx_7560_eps_0.0039.vnnlib,[],[],[],"watchdog killed instance after 29.3s (status=UNKNOWN_RESOURCE_LIMIT, peak_rss=24591.1 MiB)",/data1/Kane/ACT/audit_results/r93_rerun_20260525T083118Z/overnight_cpu_full_stream3_20260526T025908Z/tinyimagenet_2024/per_instance_tinyimagenet_2024_watchdog_iid154_20260526T060115522131Z.json
full_r3,155,UNKNOWN_RESOURCE_LIMIT,UNKNOWN,UNKNOWN,,29.415,UNKNOWN_RESOURCE_LIMIT,True,True,FAILED,24646.07421875,onnx/TinyImageNet_resnet_medium.onnx,vnnlib/TinyImageNet_resnet_medium_prop_idx_6773_sidx_7001_eps_0.0039.vnnlib,[],[],[],"watchdog killed instance after 29.4s (status=UNKNOWN_RESOURCE_LIMIT, peak_rss=24646.1 MiB)",/data1/Kane/ACT/audit_results/r93_rerun_20260525T083118Z/overnight_cpu_full_stream3_20260526T025908Z/tinyimagenet_2024/per_instance_tinyimagenet_2024_watchdog_iid155_20260526T060144938425Z.json
full_r3,156,UNKNOWN_RESOURCE_LIMIT,UNKNOWN,UNKNOWN,,29.617,UNKNOWN_RESOURCE_LIMIT,True,True,FAILED,24622.76171875,onnx/TinyImageNet_resnet_medium.onnx,vnnlib/TinyImageNet_resnet_medium_prop_idx_670_sidx_7171_eps_0.0039.vnnlib,[],[],[],"watchdog killed instance after 29.6s (status=UNKNOWN_RESOURCE_LIMIT, peak_rss=24622.8 MiB)",/data1/Kane/ACT/audit_results/r93_rerun_20260525T083118Z/overnight_cpu_full_stream3_20260526T025908Z/tinyimagenet_2024/per_instance_tinyimagenet_2024_watchdog_iid156_20260526T060214556559Z.json
full_r3,157,UNKNOWN_RESOURCE_LIMIT,UNKNOWN,UNKNOWN,,31.618,UNKNOWN_RESOURCE_LIMIT,True,True,FAILED,24601.35546875,onnx/TinyImageNet_resnet_medium.onnx,vnnlib/TinyImageNet_resnet_medium_prop_idx_9419_sidx_9984_eps_0.0039.vnnlib,[],[],[],"watchdog killed instance after 31.6s (status=UNKNOWN_RESOURCE_LIMIT, peak_rss=24601.4 MiB)",/data1/Kane/ACT/audit_results/r93_rerun_20260525T083118Z/overnight_cpu_full_stream3_20260526T025908Z/tinyimagenet_2024/per_instance_tinyimagenet_2024_watchdog_iid157_20260526T060246175484Z.json
full_r3,158,UNKNOWN_RESOURCE_LIMIT,UNKNOWN,UNKNOWN,,31.82,UNKNOWN_RESOURCE_LIMIT,True,True,FAILED,24643.84765625,onnx/TinyImageNet_resnet_medium.onnx,vnnlib/TinyImageNet_resnet_medium_prop_idx_5442_sidx_6087_eps_0.0039.vnnlib,[],[],[],"watchdog killed instance after 31.8s (status=UNKNOWN_RESOURCE_LIMIT, peak_rss=24643.8 MiB)",/data1/Kane/ACT/audit_results/r93_rerun_20260525T083118Z/overnight_cpu_full_stream3_20260526T025908Z/tinyimagenet_2024/per_instance_tinyimagenet_2024_watchdog_iid158_20260526T060317996981Z.json
full_r3,159,UNKNOWN_RESOURCE_LIMIT,UNKNOWN,UNKNOWN,,31.22,UNKNOWN_RESOURCE_LIMIT,True,True,FAILED,24667.1796875,onnx/TinyImageNet_resnet_medium.onnx,vnnlib/TinyImageNet_resnet_medium_prop_idx_9825_sidx_6883_eps_0.0039.vnnlib,[],[],[],"watchdog killed instance after 31.2s (status=UNKNOWN_RESOURCE_LIMIT, peak_rss=24667.2 MiB)",/data1/Kane/ACT/audit_results/r93_rerun_20260525T083118Z/overnight_cpu_full_stream3_20260526T025908Z/tinyimagenet_2024/per_instance_tinyimagenet_2024_watchdog_iid159_20260526T060349217656Z.json
full_r3,16,UNKNOWN_RESOURCE_LIMIT,UNKNOWN,UNKNOWN,,35.427,UNKNOWN_RESOURCE_LIMIT,True,True,FAILED,24592.39453125,onnx/TinyImageNet_resnet_medium.onnx,vnnlib/TinyImageNet_resnet_medium_prop_idx_4526_sidx_9254_eps_0.0039.vnnlib,[],[],[],"watchdog killed instance after 35.4s (status=UNKNOWN_RESOURCE_LIMIT, peak_rss=24592.4 MiB)",/data1/Kane/ACT/audit_results/r93_rerun_20260525T083118Z/overnight_cpu_full_stream3_20260526T025908Z/tinyimagenet_2024/per_instance_tinyimagenet_2024_watchdog_iid16_20260526T044557226991Z.json
full_r3,160,UNKNOWN_RESOURCE_LIMIT,UNKNOWN,UNKNOWN,,33.623,UNKNOWN_RESOURCE_LIMIT,True,True,FAILED,24610.640625,onnx/TinyImageNet_resnet_medium.onnx,vnnlib/TinyImageNet_resnet_medium_prop_idx_5676_sidx_9851_eps_0.0039.vnnlib,[],[],[],"watchdog killed instance after 33.6s (status=UNKNOWN_RESOURCE_LIMIT, peak_rss=24610.6 MiB)",/data1/Kane/ACT/audit_results/r93_rerun_20260525T083118Z/overnight_cpu_full_stream3_20260526T025908Z/tinyimagenet_2024/per_instance_tinyimagenet_2024_watchdog_iid160_20260526T060422841924Z.json
full_r3,161,UNKNOWN_RESOURCE_LIMIT,UNKNOWN,UNKNOWN,,28.418,UNKNOWN_RESOURCE_LIMIT,True,True,FAILED,24617.78125,onnx/TinyImageNet_resnet_medium.onnx,vnnlib/TinyImageNet_resnet_medium_prop_idx_3452_sidx_862_eps_0.0039.vnnlib,[],[],[],"watchdog killed instance after 28.4s (status=UNKNOWN_RESOURCE_LIMIT, peak_rss=24617.8 MiB)",/data1/Kane/ACT/audit_results/r93_rerun_20260525T083118Z/overnight_cpu_full_stream3_20260526T025908Z/tinyimagenet_2024/per_instance_tinyimagenet_2024_watchdog_iid161_20260526T060451261211Z.json
full_r3,162,UNKNOWN_RESOURCE_LIMIT,UNKNOWN,UNKNOWN,,33.02,UNKNOWN_RESOURCE_LIMIT,True,True,FAILED,24626.5390625,onnx/TinyImageNet_resnet_medium.onnx,vnnlib/TinyImageNet_resnet_medium_prop_idx_1142_sidx_9106_eps_0.0039.vnnlib,[],[],[],"watchdog killed instance after 33.0s (status=UNKNOWN_RESOURCE_LIMIT, peak_rss=24626.5 MiB)",/data1/Kane/ACT/audit_results/r93_rerun_20260525T083118Z/overnight_cpu_full_stream3_20260526T025908Z/tinyimagenet_2024/per_instance_tinyimagenet_2024_watchdog_iid162_20260526T060524282159Z.json
full_r3,163,UNKNOWN_RESOURCE_LIMIT,UNKNOWN,UNKNOWN,,30.318,UNKNOWN_RESOURCE_LIMIT,True,True,FAILED,24656.45703125,onnx/TinyImageNet_resnet_medium.onnx,vnnlib/TinyImageNet_resnet_medium_prop_idx_526_sidx_7843_eps_0.0039.vnnlib,[],[],[],"watchdog killed instance after 30.3s (status=UNKNOWN_RESOURCE_LIMIT, peak_rss=24656.5 MiB)",/data1/Kane/ACT/audit_results/r93_rerun_20260525T083118Z/overnight_cpu_full_stream3_20260526T025908Z/tinyimagenet_2024/per_instance_tinyimagenet_2024_watchdog_iid163_20260526T060554601226Z.json
full_r3,164,UNKNOWN_RESOURCE_LIMIT,UNKNOWN,UNKNOWN,,31.821,UNKNOWN_RESOURCE_LIMIT,True,True,FAILED,24669.984375,onnx/TinyImageNet_resnet_medium.onnx,vnnlib/TinyImageNet_resnet_medium_prop_idx_2310_sidx_1923_eps_0.0039.vnnlib,[],[],[],"watchdog killed instance after 31.8s (status=UNKNOWN_RESOURCE_LIMIT, peak_rss=24670.0 MiB)",/data1/Kane/ACT/audit_results/r93_rerun_20260525T083118Z/overnight_cpu_full_stream3_20260526T025908Z/tinyimagenet_2024/per_instance_tinyimagenet_2024_watchdog_iid164_20260526T060626423917Z.json
full_r3,165,UNKNOWN_RESOURCE_LIMIT,UNKNOWN,UNKNOWN,,30.818,UNKNOWN_RESOURCE_LIMIT,True,True,FAILED,24586.69140625,onnx/TinyImageNet_resnet_medium.onnx,vnnlib/TinyImageNet_resnet_medium_prop_idx_9586_sidx_1970_eps_0.0039.vnnlib,[],[],[],"watchdog killed instance after 30.8s (status=UNKNOWN_RESOURCE_LIMIT, peak_rss=24586.7 MiB)",/data1/Kane/ACT/audit_results/r93_rerun_20260525T083118Z/overnight_cpu_full_stream3_20260526T025908Z/tinyimagenet_2024/per_instance_tinyimagenet_2024_watchdog_iid165_20260526T060657242837Z.json
full_r3,166,UNKNOWN_RESOURCE_LIMIT,UNKNOWN,UNKNOWN,,32.221,UNKNOWN_RESOURCE_LIMIT,True,True,FAILED,24580.6171875,onnx/TinyImageNet_resnet_medium.onnx,vnnlib/TinyImageNet_resnet_medium_prop_idx_1759_sidx_3135_eps_0.0039.vnnlib,[],[],[],"watchdog killed instance after 32.2s (status=UNKNOWN_RESOURCE_LIMIT, peak_rss=24580.6 MiB)",/data1/Kane/ACT/audit_results/r93_rerun_20260525T083118Z/overnight_cpu_full_stream3_20260526T025908Z/tinyimagenet_2024/per_instance_tinyimagenet_2024_watchdog_iid166_20260526T060729465088Z.json
full_r3,167,UNKNOWN_RESOURCE_LIMIT,UNKNOWN,UNKNOWN,,28.717,UNKNOWN_RESOURCE_LIMIT,True,True,FAILED,24596.31640625,onnx/TinyImageNet_resnet_medium.onnx,vnnlib/TinyImageNet_resnet_medium_prop_idx_974_sidx_2976_eps_0.0039.vnnlib,[],[],[],"watchdog killed instance after 28.7s (status=UNKNOWN_RESOURCE_LIMIT, peak_rss=24596.3 MiB)",/data1/Kane/ACT/audit_results/r93_rerun_20260525T083118Z/overnight_cpu_full_stream3_20260526T025908Z/tinyimagenet_2024/per_instance_tinyimagenet_2024_watchdog_iid167_20260526T060758182952Z.json
full_r3,168,UNKNOWN_RESOURCE_LIMIT,UNKNOWN,UNKNOWN,,32.822,UNKNOWN_RESOURCE_LIMIT,True,True,FAILED,24599.05078125,onnx/TinyImageNet_resnet_medium.onnx,vnnlib/TinyImageNet_resnet_medium_prop_idx_3891_sidx_62_eps_0.0039.vnnlib,[],[],[],"watchdog killed instance after 32.8s (status=UNKNOWN_RESOURCE_LIMIT, peak_rss=24599.1 MiB)",/data1/Kane/ACT/audit_results/r93_rerun_20260525T083118Z/overnight_cpu_full_stream3_20260526T025908Z/tinyimagenet_2024/per_instance_tinyimagenet_2024_watchdog_iid168_20260526T060831007155Z.json
full_r3,169,UNKNOWN_RESOURCE_LIMIT,UNKNOWN,UNKNOWN,,29.118,UNKNOWN_RESOURCE_LIMIT,True,True,FAILED,24636.64453125,onnx/TinyImageNet_resnet_medium.onnx,vnnlib/TinyImageNet_resnet_medium_prop_idx_5185_sidx_142_eps_0.0039.vnnlib,[],[],[],"watchdog killed instance after 29.1s (status=UNKNOWN_RESOURCE_LIMIT, peak_rss=24636.6 MiB)",/data1/Kane/ACT/audit_results/r93_rerun_20260525T083118Z/overnight_cpu_full_stream3_20260526T025908Z/tinyimagenet_2024/per_instance_tinyimagenet_2024_watchdog_iid169_20260526T060900126987Z.json
full_r3,17,UNKNOWN_RESOURCE_LIMIT,UNKNOWN,UNKNOWN,,34.421,UNKNOWN_RESOURCE_LIMIT,True,True,FAILED,24588.33984375,onnx/TinyImageNet_resnet_medium.onnx,vnnlib/TinyImageNet_resnet_medium_prop_idx_2063_sidx_8156_eps_0.0039.vnnlib,[],[],[],"watchdog killed instance after 34.4s (status=UNKNOWN_RESOURCE_LIMIT, peak_rss=24588.3 MiB)",/data1/Kane/ACT/audit_results/r93_rerun_20260525T083118Z/overnight_cpu_full_stream3_20260526T025908Z/tinyimagenet_2024/per_instance_tinyimagenet_2024_watchdog_iid17_20260526T044631649417Z.json
full_r3,170,UNKNOWN_RESOURCE_LIMIT,UNKNOWN,UNKNOWN,,31.12,UNKNOWN_RESOURCE_LIMIT,True,True,FAILED,24622.1796875,onnx/TinyImageNet_resnet_medium.onnx,vnnlib/TinyImageNet_resnet_medium_prop_idx_6996_sidx_1363_eps_0.0039.vnnlib,[],[],[],"watchdog killed instance after 31.1s (status=UNKNOWN_RESOURCE_LIMIT, peak_rss=24622.2 MiB)",/data1/Kane/ACT/audit_results/r93_rerun_20260525T083118Z/overnight_cpu_full_stream3_20260526T025908Z/tinyimagenet_2024/per_instance_tinyimagenet_2024_watchdog_iid170_20260526T060931249210Z.json
full_r3,171,UNKNOWN_RESOURCE_LIMIT,UNKNOWN,UNKNOWN,,31.02,UNKNOWN_RESOURCE_LIMIT,True,True,FAILED,24591.85546875,onnx/TinyImageNet_resnet_medium.onnx,vnnlib/TinyImageNet_resnet_medium_prop_idx_1821_sidx_9700_eps_0.0039.vnnlib,[],[],[],"watchdog killed instance after 31.0s (status=UNKNOWN_RESOURCE_LIMIT, peak_rss=24591.9 MiB)",/data1/Kane/ACT/audit_results/r93_rerun_20260525T083118Z/overnight_cpu_full_stream3_20260526T025908Z/tinyimagenet_2024/per_instance_tinyimagenet_2024_watchdog_iid171_20260526T061002269976Z.json
full_r3,172,UNKNOWN_RESOURCE_LIMIT,UNKNOWN,UNKNOWN,,34.922,UNKNOWN_RESOURCE_LIMIT,True,True,FAILED,24588.34765625,onnx/TinyImageNet_resnet_medium.onnx,vnnlib/TinyImageNet_resnet_medium_prop_idx_4709_sidx_8110_eps_0.0039.vnnlib,[],[],[],"watchdog killed instance after 34.9s (status=UNKNOWN_RESOURCE_LIMIT, peak_rss=24588.3 MiB)",/data1/Kane/ACT/audit_results/r93_rerun_20260525T083118Z/overnight_cpu_full_stream3_20260526T025908Z/tinyimagenet_2024/per_instance_tinyimagenet_2024_watchdog_iid172_20260526T061037193073Z.json
full_r3,173,UNKNOWN_RESOURCE_LIMIT,UNKNOWN,UNKNOWN,,29.817,UNKNOWN_RESOURCE_LIMIT,True,True,FAILED,24595.2109375,onnx/TinyImageNet_resnet_medium.onnx,vnnlib/TinyImageNet_resnet_medium_prop_idx_8444_sidx_2478_eps_0.0039.vnnlib,[],[],[],"watchdog killed instance after 29.8s (status=UNKNOWN_RESOURCE_LIMIT, peak_rss=24595.2 MiB)",/data1/Kane/ACT/audit_results/r93_rerun_20260525T083118Z/overnight_cpu_full_stream3_20260526T025908Z/tinyimagenet_2024/per_instance_tinyimagenet_2024_watchdog_iid173_20260526T061107011413Z.json
full_r3,174,UNKNOWN_RESOURCE_LIMIT,UNKNOWN,UNKNOWN,,30.718,UNKNOWN_RESOURCE_LIMIT,True,True,FAILED,24599.38671875,onnx/TinyImageNet_resnet_medium.onnx,vnnlib/TinyImageNet_resnet_medium_prop_idx_5451_sidx_5891_eps_0.0039.vnnlib,[],[],[],"watchdog killed instance after 30.7s (status=UNKNOWN_RESOURCE_LIMIT, peak_rss=24599.4 MiB)",/data1/Kane/ACT/audit_results/r93_rerun_20260525T083118Z/overnight_cpu_full_stream3_20260526T025908Z/tinyimagenet_2024/per_instance_tinyimagenet_2024_watchdog_iid174_20260526T061137731786Z.json
full_r3,175,UNKNOWN_RESOURCE_LIMIT,UNKNOWN,UNKNOWN,,30.22,UNKNOWN_RESOURCE_LIMIT,True,True,FAILED,24639.76171875,onnx/TinyImageNet_resnet_medium.onnx,vnnlib/TinyImageNet_resnet_medium_prop_idx_5382_sidx_4518_eps_0.0039.vnnlib,[],[],[],"watchdog killed instance after 30.2s (status=UNKNOWN_RESOURCE_LIMIT, peak_rss=24639.8 MiB)",/data1/Kane/ACT/audit_results/r93_rerun_20260525T083118Z/overnight_cpu_full_stream3_20260526T025908Z/tinyimagenet_2024/per_instance_tinyimagenet_2024_watchdog_iid175_20260526T061207952889Z.json
full_r3,176,UNKNOWN_RESOURCE_LIMIT,UNKNOWN,UNKNOWN,,31.321,UNKNOWN_RESOURCE_LIMIT,True,True,FAILED,24636.3515625,onnx/TinyImageNet_resnet_medium.onnx,vnnlib/TinyImageNet_resnet_medium_prop_idx_3139_sidx_2973_eps_0.0039.vnnlib,[],[],[],"watchdog killed instance after 31.3s (status=UNKNOWN_RESOURCE_LIMIT, peak_rss=24636.4 MiB)",/data1/Kane/ACT/audit_results/r93_rerun_20260525T083118Z/overnight_cpu_full_stream3_20260526T025908Z/tinyimagenet_2024/per_instance_tinyimagenet_2024_watchdog_iid176_20260526T061239275271Z.json
full_r3,177,UNKNOWN_RESOURCE_LIMIT,UNKNOWN,UNKNOWN,,46.23,UNKNOWN_RESOURCE_LIMIT,True,True,FAILED,26119.20703125,onnx/TinyImageNet_resnet_medium.onnx,vnnlib/TinyImageNet_resnet_medium_prop_idx_8101_sidx_2821_eps_0.0039.vnnlib,[],[],[],"watchdog killed instance after 46.2s (status=UNKNOWN_RESOURCE_LIMIT, peak_rss=26119.2 MiB)",/data1/Kane/ACT/audit_results/r93_rerun_20260525T083118Z/overnight_cpu_full_stream3_20260526T025908Z/tinyimagenet_2024/per_instance_tinyimagenet_2024_watchdog_iid177_20260526T061325506758Z.json
full_r3,178,UNKNOWN_RESOURCE_LIMIT,UNKNOWN,UNKNOWN,,31.319,UNKNOWN_RESOURCE_LIMIT,True,True,FAILED,24632.125,onnx/TinyImageNet_resnet_medium.onnx,vnnlib/TinyImageNet_resnet_medium_prop_idx_1806_sidx_3542_eps_0.0039.vnnlib,[],[],[],"watchdog killed instance after 31.3s (status=UNKNOWN_RESOURCE_LIMIT, peak_rss=24632.1 MiB)",/data1/Kane/ACT/audit_results/r93_rerun_20260525T083118Z/overnight_cpu_full_stream3_20260526T025908Z/tinyimagenet_2024/per_instance_tinyimagenet_2024_watchdog_iid178_20260526T061356828060Z.json
full_r3,179,UNKNOWN_RESOURCE_LIMIT,UNKNOWN,UNKNOWN,,32.222,UNKNOWN_RESOURCE_LIMIT,True,True,FAILED,24623.09765625,onnx/TinyImageNet_resnet_medium.onnx,vnnlib/TinyImageNet_resnet_medium_prop_idx_233_sidx_127_eps_0.0039.vnnlib,[],[],[],"watchdog killed instance after 32.2s (status=UNKNOWN_RESOURCE_LIMIT, peak_rss=24623.1 MiB)",/data1/Kane/ACT/audit_results/r93_rerun_20260525T083118Z/overnight_cpu_full_stream3_20260526T025908Z/tinyimagenet_2024/per_instance_tinyimagenet_2024_watchdog_iid179_20260526T061429051475Z.json
full_r3,18,UNKNOWN_RESOURCE_LIMIT,UNKNOWN,UNKNOWN,,48.229,UNKNOWN_RESOURCE_LIMIT,True,True,FAILED,25163.7265625,onnx/TinyImageNet_resnet_medium.onnx,vnnlib/TinyImageNet_resnet_medium_prop_idx_879_sidx_6242_eps_0.0039.vnnlib,[],[],[],"watchdog killed instance after 48.2s (status=UNKNOWN_RESOURCE_LIMIT, peak_rss=25163.7 MiB)",/data1/Kane/ACT/audit_results/r93_rerun_20260525T083118Z/overnight_cpu_full_stream3_20260526T025908Z/tinyimagenet_2024/per_instance_tinyimagenet_2024_watchdog_iid18_20260526T044719879111Z.json
full_r3,180,UNKNOWN_RESOURCE_LIMIT,UNKNOWN,UNKNOWN,,30.418,UNKNOWN_RESOURCE_LIMIT,True,True,FAILED,24582.46484375,onnx/TinyImageNet_resnet_medium.onnx,vnnlib/TinyImageNet_resnet_medium_prop_idx_8176_sidx_2705_eps_0.0039.vnnlib,[],[],[],"watchdog killed instance after 30.4s (status=UNKNOWN_RESOURCE_LIMIT, peak_rss=24582.5 MiB)",/data1/Kane/ACT/audit_results/r93_rerun_20260525T083118Z/overnight_cpu_full_stream3_20260526T025908Z/tinyimagenet_2024/per_instance_tinyimagenet_2024_watchdog_iid180_20260526T061459472008Z.json
full_r3,181,UNKNOWN_RESOURCE_LIMIT,UNKNOWN,UNKNOWN,,32.319,UNKNOWN_RESOURCE_LIMIT,True,True,FAILED,24640.25390625,onnx/TinyImageNet_resnet_medium.onnx,vnnlib/TinyImageNet_resnet_medium_prop_idx_6311_sidx_8892_eps_0.0039.vnnlib,[],[],[],"watchdog killed instance after 32.3s (status=UNKNOWN_RESOURCE_LIMIT, peak_rss=24640.3 MiB)",/data1/Kane/ACT/audit_results/r93_rerun_20260525T083118Z/overnight_cpu_full_stream3_20260526T025908Z/tinyimagenet_2024/per_instance_tinyimagenet_2024_watchdog_iid181_20260526T061531792771Z.json
full_r3,182,UNKNOWN_RESOURCE_LIMIT,UNKNOWN,UNKNOWN,,33.022,UNKNOWN_RESOURCE_LIMIT,True,True,FAILED,24613.6015625,onnx/TinyImageNet_resnet_medium.onnx,vnnlib/TinyImageNet_resnet_medium_prop_idx_5443_sidx_7316_eps_0.0039.vnnlib,[],[],[],"watchdog killed instance after 33.0s (status=UNKNOWN_RESOURCE_LIMIT, peak_rss=24613.6 MiB)",/data1/Kane/ACT/audit_results/r93_rerun_20260525T083118Z/overnight_cpu_full_stream3_20260526T025908Z/tinyimagenet_2024/per_instance_tinyimagenet_2024_watchdog_iid182_20260526T061604816451Z.json
full_r3,183,UNKNOWN_RESOURCE_LIMIT,UNKNOWN,UNKNOWN,,31.82,UNKNOWN_RESOURCE_LIMIT,True,True,FAILED,24661.73828125,onnx/TinyImageNet_resnet_medium.onnx,vnnlib/TinyImageNet_resnet_medium_prop_idx_8173_sidx_1641_eps_0.0039.vnnlib,[],[],[],"watchdog killed instance after 31.8s (status=UNKNOWN_RESOURCE_LIMIT, peak_rss=24661.7 MiB)",/data1/Kane/ACT/audit_results/r93_rerun_20260525T083118Z/overnight_cpu_full_stream3_20260526T025908Z/tinyimagenet_2024/per_instance_tinyimagenet_2024_watchdog_iid183_20260526T061636638093Z.json
full_r3,184,UNKNOWN_RESOURCE_LIMIT,UNKNOWN,UNKNOWN,,32.32,UNKNOWN_RESOURCE_LIMIT,True,True,FAILED,24649.00390625,onnx/TinyImageNet_resnet_medium.onnx,vnnlib/TinyImageNet_resnet_medium_prop_idx_2594_sidx_7029_eps_0.0039.vnnlib,[],[],[],"watchdog killed instance after 32.3s (status=UNKNOWN_RESOURCE_LIMIT, peak_rss=24649.0 MiB)",/data1/Kane/ACT/audit_results/r93_rerun_20260525T083118Z/overnight_cpu_full_stream3_20260526T025908Z/tinyimagenet_2024/per_instance_tinyimagenet_2024_watchdog_iid184_20260526T061708959687Z.json
full_r3,185,UNKNOWN_RESOURCE_LIMIT,UNKNOWN,UNKNOWN,,34.42,UNKNOWN_RESOURCE_LIMIT,True,True,FAILED,24576.0859375,onnx/TinyImageNet_resnet_medium.onnx,vnnlib/TinyImageNet_resnet_medium_prop_idx_7231_sidx_415_eps_0.0039.vnnlib,[],[],[],"watchdog killed instance after 34.4s (status=UNKNOWN_RESOURCE_LIMIT, peak_rss=24576.1 MiB)",/data1/Kane/ACT/audit_results/r93_rerun_20260525T083118Z/overnight_cpu_full_stream3_20260526T025908Z/tinyimagenet_2024/per_instance_tinyimagenet_2024_watchdog_iid185_20260526T061743382543Z.json
full_r3,186,UNKNOWN_RESOURCE_LIMIT,UNKNOWN,UNKNOWN,,31.021,UNKNOWN_RESOURCE_LIMIT,True,True,FAILED,24646.2578125,onnx/TinyImageNet_resnet_medium.onnx,vnnlib/TinyImageNet_resnet_medium_prop_idx_1435_sidx_655_eps_0.0039.vnnlib,[],[],[],"watchdog killed instance after 31.0s (status=UNKNOWN_RESOURCE_LIMIT, peak_rss=24646.3 MiB)",/data1/Kane/ACT/audit_results/r93_rerun_20260525T083118Z/overnight_cpu_full_stream3_20260526T025908Z/tinyimagenet_2024/per_instance_tinyimagenet_2024_watchdog_iid186_20260526T061814406009Z.json
full_r3,187,UNKNOWN_RESOURCE_LIMIT,UNKNOWN,UNKNOWN,,31.719,UNKNOWN_RESOURCE_LIMIT,True,True,FAILED,24612.4765625,onnx/TinyImageNet_resnet_medium.onnx,vnnlib/TinyImageNet_resnet_medium_prop_idx_8005_sidx_2582_eps_0.0039.vnnlib,[],[],[],"watchdog killed instance after 31.7s (status=UNKNOWN_RESOURCE_LIMIT, peak_rss=24612.5 MiB)",/data1/Kane/ACT/audit_results/r93_rerun_20260525T083118Z/overnight_cpu_full_stream3_20260526T025908Z/tinyimagenet_2024/per_instance_tinyimagenet_2024_watchdog_iid187_20260526T061846126684Z.json
full_r3,188,UNKNOWN_RESOURCE_LIMIT,UNKNOWN,UNKNOWN,,30.218,UNKNOWN_RESOURCE_LIMIT,True,True,FAILED,24674.9140625,onnx/TinyImageNet_resnet_medium.onnx,vnnlib/TinyImageNet_resnet_medium_prop_idx_4057_sidx_8514_eps_0.0039.vnnlib,[],[],[],"watchdog killed instance after 30.2s (status=UNKNOWN_RESOURCE_LIMIT, peak_rss=24674.9 MiB)",/data1/Kane/ACT/audit_results/r93_rerun_20260525T083118Z/overnight_cpu_full_stream3_20260526T025908Z/tinyimagenet_2024/per_instance_tinyimagenet_2024_watchdog_iid188_20260526T061916345915Z.json
full_r3,189,UNKNOWN_RESOURCE_LIMIT,UNKNOWN,UNKNOWN,,30.919,UNKNOWN_RESOURCE_LIMIT,True,True,FAILED,24614.45703125,onnx/TinyImageNet_resnet_medium.onnx,vnnlib/TinyImageNet_resnet_medium_prop_idx_8288_sidx_307_eps_0.0039.vnnlib,[],[],[],"watchdog killed instance after 30.9s (status=UNKNOWN_RESOURCE_LIMIT, peak_rss=24614.5 MiB)",/data1/Kane/ACT/audit_results/r93_rerun_20260525T083118Z/overnight_cpu_full_stream3_20260526T025908Z/tinyimagenet_2024/per_instance_tinyimagenet_2024_watchdog_iid189_20260526T061947265671Z.json
full_r3,19,UNKNOWN_RESOURCE_LIMIT,UNKNOWN,UNKNOWN,,35.222,UNKNOWN_RESOURCE_LIMIT,True,True,FAILED,24597.0546875,onnx/TinyImageNet_resnet_medium.onnx,vnnlib/TinyImageNet_resnet_medium_prop_idx_247_sidx_1124_eps_0.0039.vnnlib,[],[],[],"watchdog killed instance after 35.2s (status=UNKNOWN_RESOURCE_LIMIT, peak_rss=24597.1 MiB)",/data1/Kane/ACT/audit_results/r93_rerun_20260525T083118Z/overnight_cpu_full_stream3_20260526T025908Z/tinyimagenet_2024/per_instance_tinyimagenet_2024_watchdog_iid19_20260526T044755101905Z.json
full_r3,190,UNKNOWN_RESOURCE_LIMIT,UNKNOWN,UNKNOWN,,33.019,UNKNOWN_RESOURCE_LIMIT,True,True,FAILED,24655.609375,onnx/TinyImageNet_resnet_medium.onnx,vnnlib/TinyImageNet_resnet_medium_prop_idx_6362_sidx_7345_eps_0.0039.vnnlib,[],[],[],"watchdog killed instance after 33.0s (status=UNKNOWN_RESOURCE_LIMIT, peak_rss=24655.6 MiB)",/data1/Kane/ACT/audit_results/r93_rerun_20260525T083118Z/overnight_cpu_full_stream3_20260526T025908Z/tinyimagenet_2024/per_instance_tinyimagenet_2024_watchdog_iid190_20260526T062020286323Z.json
full_r3,191,UNKNOWN_RESOURCE_LIMIT,UNKNOWN,UNKNOWN,,30.417,UNKNOWN_RESOURCE_LIMIT,True,True,FAILED,24581.62890625,onnx/TinyImageNet_resnet_medium.onnx,vnnlib/TinyImageNet_resnet_medium_prop_idx_6700_sidx_2455_eps_0.0039.vnnlib,[],[],[],"watchdog killed instance after 30.4s (status=UNKNOWN_RESOURCE_LIMIT, peak_rss=24581.6 MiB)",/data1/Kane/ACT/audit_results/r93_rerun_20260525T083118Z/overnight_cpu_full_stream3_20260526T025908Z/tinyimagenet_2024/per_instance_tinyimagenet_2024_watchdog_iid191_20260526T062050705658Z.json
full_r3,192,UNKNOWN_RESOURCE_LIMIT,UNKNOWN,UNKNOWN,,34.424,UNKNOWN_RESOURCE_LIMIT,True,True,FAILED,24631.46484375,onnx/TinyImageNet_resnet_medium.onnx,vnnlib/TinyImageNet_resnet_medium_prop_idx_3054_sidx_7502_eps_0.0039.vnnlib,[],[],[],"watchdog killed instance after 34.4s (status=UNKNOWN_RESOURCE_LIMIT, peak_rss=24631.5 MiB)",/data1/Kane/ACT/audit_results/r93_rerun_20260525T083118Z/overnight_cpu_full_stream3_20260526T025908Z/tinyimagenet_2024/per_instance_tinyimagenet_2024_watchdog_iid192_20260526T062125130557Z.json
full_r3,193,UNKNOWN_RESOURCE_LIMIT,UNKNOWN,UNKNOWN,,31.52,UNKNOWN_RESOURCE_LIMIT,True,True,FAILED,24649.06640625,onnx/TinyImageNet_resnet_medium.onnx,vnnlib/TinyImageNet_resnet_medium_prop_idx_5922_sidx_1989_eps_0.0039.vnnlib,[],[],[],"watchdog killed instance after 31.5s (status=UNKNOWN_RESOURCE_LIMIT, peak_rss=24649.1 MiB)",/data1/Kane/ACT/audit_results/r93_rerun_20260525T083118Z/overnight_cpu_full_stream3_20260526T025908Z/tinyimagenet_2024/per_instance_tinyimagenet_2024_watchdog_iid193_20260526T062156651732Z.json
full_r3,194,UNKNOWN_RESOURCE_LIMIT,UNKNOWN,UNKNOWN,,46.929,UNKNOWN_RESOURCE_LIMIT,True,True,FAILED,25209.484375,onnx/TinyImageNet_resnet_medium.onnx,vnnlib/TinyImageNet_resnet_medium_prop_idx_9330_sidx_2275_eps_0.0039.vnnlib,[],[],[],"watchdog killed instance after 46.9s (status=UNKNOWN_RESOURCE_LIMIT, peak_rss=25209.5 MiB)",/data1/Kane/ACT/audit_results/r93_rerun_20260525T083118Z/overnight_cpu_full_stream3_20260526T025908Z/tinyimagenet_2024/per_instance_tinyimagenet_2024_watchdog_iid194_20260526T062243582431Z.json
full_r3,195,UNKNOWN_RESOURCE_LIMIT,UNKNOWN,UNKNOWN,,31.017,UNKNOWN_RESOURCE_LIMIT,True,True,FAILED,24576.37890625,onnx/TinyImageNet_resnet_medium.onnx,vnnlib/TinyImageNet_resnet_medium_prop_idx_723_sidx_7730_eps_0.0039.vnnlib,[],[],[],"watchdog killed instance after 31.0s (status=UNKNOWN_RESOURCE_LIMIT, peak_rss=24576.4 MiB)",/data1/Kane/ACT/audit_results/r93_rerun_20260525T083118Z/overnight_cpu_full_stream3_20260526T025908Z/tinyimagenet_2024/per_instance_tinyimagenet_2024_watchdog_iid195_20260526T062314600262Z.json
full_r3,196,UNKNOWN_RESOURCE_LIMIT,UNKNOWN,UNKNOWN,,31.419,UNKNOWN_RESOURCE_LIMIT,True,True,FAILED,24660.67578125,onnx/TinyImageNet_resnet_medium.onnx,vnnlib/TinyImageNet_resnet_medium_prop_idx_2647_sidx_2518_eps_0.0039.vnnlib,[],[],[],"watchdog killed instance after 31.4s (status=UNKNOWN_RESOURCE_LIMIT, peak_rss=24660.7 MiB)",/data1/Kane/ACT/audit_results/r93_rerun_20260525T083118Z/overnight_cpu_full_stream3_20260526T025908Z/tinyimagenet_2024/per_instance_tinyimagenet_2024_watchdog_iid196_20260526T062346020684Z.json
full_r3,197,UNKNOWN_RESOURCE_LIMIT,UNKNOWN,UNKNOWN,,33.922,UNKNOWN_RESOURCE_LIMIT,True,True,FAILED,24619.72265625,onnx/TinyImageNet_resnet_medium.onnx,vnnlib/TinyImageNet_resnet_medium_prop_idx_3015_sidx_2719_eps_0.0039.vnnlib,[],[],[],"watchdog killed instance after 33.9s (status=UNKNOWN_RESOURCE_LIMIT, peak_rss=24619.7 MiB)",/data1/Kane/ACT/audit_results/r93_rerun_20260525T083118Z/overnight_cpu_full_stream3_20260526T025908Z/tinyimagenet_2024/per_instance_tinyimagenet_2024_watchdog_iid197_20260526T062419944333Z.json
full_r3,198,UNKNOWN_RESOURCE_LIMIT,UNKNOWN,UNKNOWN,,30.922,UNKNOWN_RESOURCE_LIMIT,True,True,FAILED,24677.1875,onnx/TinyImageNet_resnet_medium.onnx,vnnlib/TinyImageNet_resnet_medium_prop_idx_6564_sidx_5832_eps_0.0039.vnnlib,[],[],[],"watchdog killed instance after 30.9s (status=UNKNOWN_RESOURCE_LIMIT, peak_rss=24677.2 MiB)",/data1/Kane/ACT/audit_results/r93_rerun_20260525T083118Z/overnight_cpu_full_stream3_20260526T025908Z/tinyimagenet_2024/per_instance_tinyimagenet_2024_watchdog_iid198_20260526T062450868647Z.json
full_r3,199,UNKNOWN_RESOURCE_LIMIT,UNKNOWN,UNKNOWN,,31.323,UNKNOWN_RESOURCE_LIMIT,True,True,FAILED,24651.7734375,onnx/TinyImageNet_resnet_medium.onnx,vnnlib/TinyImageNet_resnet_medium_prop_idx_9458_sidx_2592_eps_0.0039.vnnlib,[],[],[],"watchdog killed instance after 31.3s (status=UNKNOWN_RESOURCE_LIMIT, peak_rss=24651.8 MiB)",/data1/Kane/ACT/audit_results/r93_rerun_20260525T083118Z/overnight_cpu_full_stream3_20260526T025908Z/tinyimagenet_2024/per_instance_tinyimagenet_2024_watchdog_iid199_20260526T062522192893Z.json
full_r3,20,UNKNOWN_RESOURCE_LIMIT,UNKNOWN,UNKNOWN,,30.517,UNKNOWN_RESOURCE_LIMIT,True,True,FAILED,24646.3046875,onnx/TinyImageNet_resnet_medium.onnx,vnnlib/TinyImageNet_resnet_medium_prop_idx_2582_sidx_5386_eps_0.0039.vnnlib,[],[],[],"watchdog killed instance after 30.5s (status=UNKNOWN_RESOURCE_LIMIT, peak_rss=24646.3 MiB)",/data1/Kane/ACT/audit_results/r93_rerun_20260525T083118Z/overnight_cpu_full_stream3_20260526T025908Z/tinyimagenet_2024/per_instance_tinyimagenet_2024_watchdog_iid20_20260526T044825619903Z.json
full_r3,21,UNKNOWN_RESOURCE_LIMIT,UNKNOWN,UNKNOWN,,28.916,UNKNOWN_RESOURCE_LIMIT,True,True,FAILED,24615.34765625,onnx/TinyImageNet_resnet_medium.onnx,vnnlib/TinyImageNet_resnet_medium_prop_idx_2936_sidx_7810_eps_0.0039.vnnlib,[],[],[],"watchdog killed instance after 28.9s (status=UNKNOWN_RESOURCE_LIMIT, peak_rss=24615.3 MiB)",/data1/Kane/ACT/audit_results/r93_rerun_20260525T083118Z/overnight_cpu_full_stream3_20260526T025908Z/tinyimagenet_2024/per_instance_tinyimagenet_2024_watchdog_iid21_20260526T044854536960Z.json
full_r3,22,UNKNOWN_RESOURCE_LIMIT,UNKNOWN,UNKNOWN,,33.922,UNKNOWN_RESOURCE_LIMIT,True,True,FAILED,24626.859375,onnx/TinyImageNet_resnet_medium.onnx,vnnlib/TinyImageNet_resnet_medium_prop_idx_1175_sidx_7775_eps_0.0039.vnnlib,[],[],[],"watchdog killed instance after 33.9s (status=UNKNOWN_RESOURCE_LIMIT, peak_rss=24626.9 MiB)",/data1/Kane/ACT/audit_results/r93_rerun_20260525T083118Z/overnight_cpu_full_stream3_20260526T025908Z/tinyimagenet_2024/per_instance_tinyimagenet_2024_watchdog_iid22_20260526T044928459477Z.json
full_r3,23,UNKNOWN_RESOURCE_LIMIT,UNKNOWN,UNKNOWN,,28.919,UNKNOWN_RESOURCE_LIMIT,True,True,FAILED,24604.3125,onnx/TinyImageNet_resnet_medium.onnx,vnnlib/TinyImageNet_resnet_medium_prop_idx_7365_sidx_3284_eps_0.0039.vnnlib,[],[],[],"watchdog killed instance after 28.9s (status=UNKNOWN_RESOURCE_LIMIT, peak_rss=24604.3 MiB)",/data1/Kane/ACT/audit_results/r93_rerun_20260525T083118Z/overnight_cpu_full_stream3_20260526T025908Z/tinyimagenet_2024/per_instance_tinyimagenet_2024_watchdog_iid23_20260526T044957379027Z.json
full_r3,24,UNKNOWN_RESOURCE_LIMIT,UNKNOWN,UNKNOWN,,33.323,UNKNOWN_RESOURCE_LIMIT,True,True,FAILED,24648.3359375,onnx/TinyImageNet_resnet_medium.onnx,vnnlib/TinyImageNet_resnet_medium_prop_idx_8684_sidx_9001_eps_0.0039.vnnlib,[],[],[],"watchdog killed instance after 33.3s (status=UNKNOWN_RESOURCE_LIMIT, peak_rss=24648.3 MiB)",/data1/Kane/ACT/audit_results/r93_rerun_20260525T083118Z/overnight_cpu_full_stream3_20260526T025908Z/tinyimagenet_2024/per_instance_tinyimagenet_2024_watchdog_iid24_20260526T045030702655Z.json
full_r3,25,UNKNOWN_RESOURCE_LIMIT,UNKNOWN,UNKNOWN,,47.334,UNKNOWN_RESOURCE_LIMIT,True,True,FAILED,25501.51953125,onnx/TinyImageNet_resnet_medium.onnx,vnnlib/TinyImageNet_resnet_medium_prop_idx_1706_sidx_4932_eps_0.0039.vnnlib,[],[],[],"watchdog killed instance after 47.3s (status=UNKNOWN_RESOURCE_LIMIT, peak_rss=25501.5 MiB)",/data1/Kane/ACT/audit_results/r93_rerun_20260525T083118Z/overnight_cpu_full_stream3_20260526T025908Z/tinyimagenet_2024/per_instance_tinyimagenet_2024_watchdog_iid25_20260526T045118037316Z.json
full_r3,26,UNKNOWN_RESOURCE_LIMIT,UNKNOWN,UNKNOWN,,27.822,UNKNOWN_RESOURCE_LIMIT,True,True,FAILED,25123.82421875,onnx/TinyImageNet_resnet_medium.onnx,vnnlib/TinyImageNet_resnet_medium_prop_idx_2755_sidx_193_eps_0.0039.vnnlib,[],[],[],"watchdog killed instance after 27.8s (status=UNKNOWN_RESOURCE_LIMIT, peak_rss=25123.8 MiB)",/data1/Kane/ACT/audit_results/r93_rerun_20260525T083118Z/overnight_cpu_full_stream3_20260526T025908Z/tinyimagenet_2024/per_instance_tinyimagenet_2024_watchdog_iid26_20260526T045145859437Z.json
full_r3,27,UNKNOWN_RESOURCE_LIMIT,UNKNOWN,UNKNOWN,,32.222,UNKNOWN_RESOURCE_LIMIT,True,True,FAILED,24611.99609375,onnx/TinyImageNet_resnet_medium.onnx,vnnlib/TinyImageNet_resnet_medium_prop_idx_9584_sidx_3691_eps_0.0039.vnnlib,[],[],[],"watchdog killed instance after 32.2s (status=UNKNOWN_RESOURCE_LIMIT, peak_rss=24612.0 MiB)",/data1/Kane/ACT/audit_results/r93_rerun_20260525T083118Z/overnight_cpu_full_stream3_20260526T025908Z/tinyimagenet_2024/per_instance_tinyimagenet_2024_watchdog_iid27_20260526T045218081978Z.json
full_r3,28,UNKNOWN_RESOURCE_LIMIT,UNKNOWN,UNKNOWN,,32.725,UNKNOWN_RESOURCE_LIMIT,True,True,FAILED,24638.37890625,onnx/TinyImageNet_resnet_medium.onnx,vnnlib/TinyImageNet_resnet_medium_prop_idx_9079_sidx_5823_eps_0.0039.vnnlib,[],[],[],"watchdog killed instance after 32.7s (status=UNKNOWN_RESOURCE_LIMIT, peak_rss=24638.4 MiB)",/data1/Kane/ACT/audit_results/r93_rerun_20260525T083118Z/overnight_cpu_full_stream3_20260526T025908Z/tinyimagenet_2024/per_instance_tinyimagenet_2024_watchdog_iid28_20260526T045250807806Z.json
full_r3,29,UNKNOWN_RESOURCE_LIMIT,UNKNOWN,UNKNOWN,,29.722,UNKNOWN_RESOURCE_LIMIT,True,True,FAILED,24658.73046875,onnx/TinyImageNet_resnet_medium.onnx,vnnlib/TinyImageNet_resnet_medium_prop_idx_1135_sidx_1928_eps_0.0039.vnnlib,[],[],[],"watchdog killed instance after 29.7s (status=UNKNOWN_RESOURCE_LIMIT, peak_rss=24658.7 MiB)",/data1/Kane/ACT/audit_results/r93_rerun_20260525T083118Z/overnight_cpu_full_stream3_20260526T025908Z/tinyimagenet_2024/per_instance_tinyimagenet_2024_watchdog_iid29_20260526T045320530445Z.json
full_r3,30,UNKNOWN_RESOURCE_LIMIT,UNKNOWN,UNKNOWN,,34.223,UNKNOWN_RESOURCE_LIMIT,True,True,FAILED,24602.86328125,onnx/TinyImageNet_resnet_medium.onnx,vnnlib/TinyImageNet_resnet_medium_prop_idx_1359_sidx_7221_eps_0.0039.vnnlib,[],[],[],"watchdog killed instance after 34.2s (status=UNKNOWN_RESOURCE_LIMIT, peak_rss=24602.9 MiB)",/data1/Kane/ACT/audit_results/r93_rerun_20260525T083118Z/overnight_cpu_full_stream3_20260526T025908Z/tinyimagenet_2024/per_instance_tinyimagenet_2024_watchdog_iid30_20260526T045354754573Z.json
full_r3,31,UNKNOWN_RESOURCE_LIMIT,UNKNOWN,UNKNOWN,,29.719,UNKNOWN_RESOURCE_LIMIT,True,True,FAILED,24608.55859375,onnx/TinyImageNet_resnet_medium.onnx,vnnlib/TinyImageNet_resnet_medium_prop_idx_5683_sidx_1212_eps_0.0039.vnnlib,[],[],[],"watchdog killed instance after 29.7s (status=UNKNOWN_RESOURCE_LIMIT, peak_rss=24608.6 MiB)",/data1/Kane/ACT/audit_results/r93_rerun_20260525T083118Z/overnight_cpu_full_stream3_20260526T025908Z/tinyimagenet_2024/per_instance_tinyimagenet_2024_watchdog_iid31_20260526T045424474370Z.json
full_r3,32,UNKNOWN_RESOURCE_LIMIT,UNKNOWN,UNKNOWN,,32.118,UNKNOWN_RESOURCE_LIMIT,True,True,FAILED,24607.80078125,onnx/TinyImageNet_resnet_medium.onnx,vnnlib/TinyImageNet_resnet_medium_prop_idx_1615_sidx_1065_eps_0.0039.vnnlib,[],[],[],"watchdog killed instance after 32.1s (status=UNKNOWN_RESOURCE_LIMIT, peak_rss=24607.8 MiB)",/data1/Kane/ACT/audit_results/r93_rerun_20260525T083118Z/overnight_cpu_full_stream3_20260526T025908Z/tinyimagenet_2024/per_instance_tinyimagenet_2024_watchdog_iid32_20260526T045456592852Z.json
full_r3,33,UNKNOWN_RESOURCE_LIMIT,UNKNOWN,UNKNOWN,,29.118,UNKNOWN_RESOURCE_LIMIT,True,True,FAILED,24658.40234375,onnx/TinyImageNet_resnet_medium.onnx,vnnlib/TinyImageNet_resnet_medium_prop_idx_288_sidx_5531_eps_0.0039.vnnlib,[],[],[],"watchdog killed instance after 29.1s (status=UNKNOWN_RESOURCE_LIMIT, peak_rss=24658.4 MiB)",/data1/Kane/ACT/audit_results/r93_rerun_20260525T083118Z/overnight_cpu_full_stream3_20260526T025908Z/tinyimagenet_2024/per_instance_tinyimagenet_2024_watchdog_iid33_20260526T045525711673Z.json
full_r3,34,UNKNOWN_RESOURCE_LIMIT,UNKNOWN,UNKNOWN,,29.618,UNKNOWN_RESOURCE_LIMIT,True,True,FAILED,24609.12890625,onnx/TinyImageNet_resnet_medium.onnx,vnnlib/TinyImageNet_resnet_medium_prop_idx_6546_sidx_3168_eps_0.0039.vnnlib,[],[],[],"watchdog killed instance after 29.6s (status=UNKNOWN_RESOURCE_LIMIT, peak_rss=24609.1 MiB)",/data1/Kane/ACT/audit_results/r93_rerun_20260525T083118Z/overnight_cpu_full_stream3_20260526T025908Z/tinyimagenet_2024/per_instance_tinyimagenet_2024_watchdog_iid34_20260526T045555330726Z.json
full_r3,35,UNKNOWN_RESOURCE_LIMIT,UNKNOWN,UNKNOWN,,30.519,UNKNOWN_RESOURCE_LIMIT,True,True,FAILED,24590.6015625,onnx/TinyImageNet_resnet_medium.onnx,vnnlib/TinyImageNet_resnet_medium_prop_idx_2475_sidx_523_eps_0.0039.vnnlib,[],[],[],"watchdog killed instance after 30.5s (status=UNKNOWN_RESOURCE_LIMIT, peak_rss=24590.6 MiB)",/data1/Kane/ACT/audit_results/r93_rerun_20260525T083118Z/overnight_cpu_full_stream3_20260526T025908Z/tinyimagenet_2024/per_instance_tinyimagenet_2024_watchdog_iid35_20260526T045625850024Z.json
full_r3,36,UNKNOWN_RESOURCE_LIMIT,UNKNOWN,UNKNOWN,,32.523,UNKNOWN_RESOURCE_LIMIT,True,True,FAILED,24592.55859375,onnx/TinyImageNet_resnet_medium.onnx,vnnlib/TinyImageNet_resnet_medium_prop_idx_9476_sidx_5602_eps_0.0039.vnnlib,[],[],[],"watchdog killed instance after 32.5s (status=UNKNOWN_RESOURCE_LIMIT, peak_rss=24592.6 MiB)",/data1/Kane/ACT/audit_results/r93_rerun_20260525T083118Z/overnight_cpu_full_stream3_20260526T025908Z/tinyimagenet_2024/per_instance_tinyimagenet_2024_watchdog_iid36_20260526T045658373248Z.json
full_r3,37,UNKNOWN_RESOURCE_LIMIT,UNKNOWN,UNKNOWN,,32.021,UNKNOWN_RESOURCE_LIMIT,True,True,FAILED,24644.30078125,onnx/TinyImageNet_resnet_medium.onnx,vnnlib/TinyImageNet_resnet_medium_prop_idx_3782_sidx_1103_eps_0.0039.vnnlib,[],[],[],"watchdog killed instance after 32.0s (status=UNKNOWN_RESOURCE_LIMIT, peak_rss=24644.3 MiB)",/data1/Kane/ACT/audit_results/r93_rerun_20260525T083118Z/overnight_cpu_full_stream3_20260526T025908Z/tinyimagenet_2024/per_instance_tinyimagenet_2024_watchdog_iid37_20260526T045730395253Z.json
full_r3,38,UNKNOWN_RESOURCE_LIMIT,UNKNOWN,UNKNOWN,,33.42,UNKNOWN_RESOURCE_LIMIT,True,True,FAILED,24674.09765625,onnx/TinyImageNet_resnet_medium.onnx,vnnlib/TinyImageNet_resnet_medium_prop_idx_4463_sidx_4146_eps_0.0039.vnnlib,[],[],[],"watchdog killed instance after 33.4s (status=UNKNOWN_RESOURCE_LIMIT, peak_rss=24674.1 MiB)",/data1/Kane/ACT/audit_results/r93_rerun_20260525T083118Z/overnight_cpu_full_stream3_20260526T025908Z/tinyimagenet_2024/per_instance_tinyimagenet_2024_watchdog_iid38_20260526T045803816282Z.json
full_r3,39,UNKNOWN_RESOURCE_LIMIT,UNKNOWN,UNKNOWN,,32.823,UNKNOWN_RESOURCE_LIMIT,True,True,FAILED,24609.24609375,onnx/TinyImageNet_resnet_medium.onnx,vnnlib/TinyImageNet_resnet_medium_prop_idx_8257_sidx_5574_eps_0.0039.vnnlib,[],[],[],"watchdog killed instance after 32.8s (status=UNKNOWN_RESOURCE_LIMIT, peak_rss=24609.2 MiB)",/data1/Kane/ACT/audit_results/r93_rerun_20260525T083118Z/overnight_cpu_full_stream3_20260526T025908Z/tinyimagenet_2024/per_instance_tinyimagenet_2024_watchdog_iid39_20260526T045836640415Z.json
full_r3,40,UNKNOWN_RESOURCE_LIMIT,UNKNOWN,UNKNOWN,,32.82,UNKNOWN_RESOURCE_LIMIT,True,True,FAILED,24581.3828125,onnx/TinyImageNet_resnet_medium.onnx,vnnlib/TinyImageNet_resnet_medium_prop_idx_4438_sidx_6486_eps_0.0039.vnnlib,[],[],[],"watchdog killed instance after 32.8s (status=UNKNOWN_RESOURCE_LIMIT, peak_rss=24581.4 MiB)",/data1/Kane/ACT/audit_results/r93_rerun_20260525T083118Z/overnight_cpu_full_stream3_20260526T025908Z/tinyimagenet_2024/per_instance_tinyimagenet_2024_watchdog_iid40_20260526T045909461383Z.json
full_r3,41,UNKNOWN_RESOURCE_LIMIT,UNKNOWN,UNKNOWN,,33.722,UNKNOWN_RESOURCE_LIMIT,True,True,FAILED,24616.328125,onnx/TinyImageNet_resnet_medium.onnx,vnnlib/TinyImageNet_resnet_medium_prop_idx_484_sidx_161_eps_0.0039.vnnlib,[],[],[],"watchdog killed instance after 33.7s (status=UNKNOWN_RESOURCE_LIMIT, peak_rss=24616.3 MiB)",/data1/Kane/ACT/audit_results/r93_rerun_20260525T083118Z/overnight_cpu_full_stream3_20260526T025908Z/tinyimagenet_2024/per_instance_tinyimagenet_2024_watchdog_iid41_20260526T045943184387Z.json
full_r3,42,UNKNOWN_RESOURCE_LIMIT,UNKNOWN,UNKNOWN,,32.72,UNKNOWN_RESOURCE_LIMIT,True,True,FAILED,24606.42578125,onnx/TinyImageNet_resnet_medium.onnx,vnnlib/TinyImageNet_resnet_medium_prop_idx_9611_sidx_7725_eps_0.0039.vnnlib,[],[],[],"watchdog killed instance after 32.7s (status=UNKNOWN_RESOURCE_LIMIT, peak_rss=24606.4 MiB)",/data1/Kane/ACT/audit_results/r93_rerun_20260525T083118Z/overnight_cpu_full_stream3_20260526T025908Z/tinyimagenet_2024/per_instance_tinyimagenet_2024_watchdog_iid42_20260526T050015905372Z.json
full_r3,43,UNKNOWN_RESOURCE_LIMIT,UNKNOWN,UNKNOWN,,29.218,UNKNOWN_RESOURCE_LIMIT,True,True,FAILED,24605.90625,onnx/TinyImageNet_resnet_medium.onnx,vnnlib/TinyImageNet_resnet_medium_prop_idx_3429_sidx_4578_eps_0.0039.vnnlib,[],[],[],"watchdog killed instance after 29.2s (status=UNKNOWN_RESOURCE_LIMIT, peak_rss=24605.9 MiB)",/data1/Kane/ACT/audit_results/r93_rerun_20260525T083118Z/overnight_cpu_full_stream3_20260526T025908Z/tinyimagenet_2024/per_instance_tinyimagenet_2024_watchdog_iid43_20260526T050045124266Z.json
full_r3,44,UNKNOWN_RESOURCE_LIMIT,UNKNOWN,UNKNOWN,,47.33,UNKNOWN_RESOURCE_LIMIT,True,True,FAILED,25524.03515625,onnx/TinyImageNet_resnet_medium.onnx,vnnlib/TinyImageNet_resnet_medium_prop_idx_5685_sidx_8755_eps_0.0039.vnnlib,[],[],[],"watchdog killed instance after 47.3s (status=UNKNOWN_RESOURCE_LIMIT, peak_rss=25524.0 MiB)",/data1/Kane/ACT/audit_results/r93_rerun_20260525T083118Z/overnight_cpu_full_stream3_20260526T025908Z/tinyimagenet_2024/per_instance_tinyimagenet_2024_watchdog_iid44_20260526T050132455071Z.json
full_r3,45,UNKNOWN_RESOURCE_LIMIT,UNKNOWN,UNKNOWN,,30.819,UNKNOWN_RESOURCE_LIMIT,True,True,FAILED,24614.07421875,onnx/TinyImageNet_resnet_medium.onnx,vnnlib/TinyImageNet_resnet_medium_prop_idx_5257_sidx_5727_eps_0.0039.vnnlib,[],[],[],"watchdog killed instance after 30.8s (status=UNKNOWN_RESOURCE_LIMIT, peak_rss=24614.1 MiB)",/data1/Kane/ACT/audit_results/r93_rerun_20260525T083118Z/overnight_cpu_full_stream3_20260526T025908Z/tinyimagenet_2024/per_instance_tinyimagenet_2024_watchdog_iid45_20260526T050203274879Z.json
full_r3,46,UNKNOWN_RESOURCE_LIMIT,UNKNOWN,UNKNOWN,,30.721,UNKNOWN_RESOURCE_LIMIT,True,True,FAILED,24676.16015625,onnx/TinyImageNet_resnet_medium.onnx,vnnlib/TinyImageNet_resnet_medium_prop_idx_9437_sidx_5480_eps_0.0039.vnnlib,[],[],[],"watchdog killed instance after 30.7s (status=UNKNOWN_RESOURCE_LIMIT, peak_rss=24676.2 MiB)",/data1/Kane/ACT/audit_results/r93_rerun_20260525T083118Z/overnight_cpu_full_stream3_20260526T025908Z/tinyimagenet_2024/per_instance_tinyimagenet_2024_watchdog_iid46_20260526T050233996658Z.json
full_r3,47,UNKNOWN_RESOURCE_LIMIT,UNKNOWN,UNKNOWN,,30.719,UNKNOWN_RESOURCE_LIMIT,True,True,FAILED,24657.89453125,onnx/TinyImageNet_resnet_medium.onnx,vnnlib/TinyImageNet_resnet_medium_prop_idx_4500_sidx_6717_eps_0.0039.vnnlib,[],[],[],"watchdog killed instance after 30.7s (status=UNKNOWN_RESOURCE_LIMIT, peak_rss=24657.9 MiB)",/data1/Kane/ACT/audit_results/r93_rerun_20260525T083118Z/overnight_cpu_full_stream3_20260526T025908Z/tinyimagenet_2024/per_instance_tinyimagenet_2024_watchdog_iid47_20260526T050304716940Z.json
full_r3,48,UNKNOWN_RESOURCE_LIMIT,UNKNOWN,UNKNOWN,,30.219,UNKNOWN_RESOURCE_LIMIT,True,True,FAILED,24655.51953125,onnx/TinyImageNet_resnet_medium.onnx,vnnlib/TinyImageNet_resnet_medium_prop_idx_4871_sidx_7562_eps_0.0039.vnnlib,[],[],[],"watchdog killed instance after 30.2s (status=UNKNOWN_RESOURCE_LIMIT, peak_rss=24655.5 MiB)",/data1/Kane/ACT/audit_results/r93_rerun_20260525T083118Z/overnight_cpu_full_stream3_20260526T025908Z/tinyimagenet_2024/per_instance_tinyimagenet_2024_watchdog_iid48_20260526T050334936799Z.json
full_r3,49,UNKNOWN_RESOURCE_LIMIT,UNKNOWN,UNKNOWN,,30.319,UNKNOWN_RESOURCE_LIMIT,True,True,FAILED,24669.44140625,onnx/TinyImageNet_resnet_medium.onnx,vnnlib/TinyImageNet_resnet_medium_prop_idx_2210_sidx_992_eps_0.0039.vnnlib,[],[],[],"watchdog killed instance after 30.3s (status=UNKNOWN_RESOURCE_LIMIT, peak_rss=24669.4 MiB)",/data1/Kane/ACT/audit_results/r93_rerun_20260525T083118Z/overnight_cpu_full_stream3_20260526T025908Z/tinyimagenet_2024/per_instance_tinyimagenet_2024_watchdog_iid49_20260526T050405256001Z.json
full_r3,5,UNKNOWN_RESOURCE_LIMIT,UNKNOWN,UNKNOWN,,47.232,UNKNOWN_RESOURCE_LIMIT,True,True,FAILED,25953.5703125,onnx/TinyImageNet_resnet_medium.onnx,vnnlib/TinyImageNet_resnet_medium_prop_idx_5478_sidx_174_eps_0.0039.vnnlib,[],[],[],"watchdog killed instance after 47.2s (status=UNKNOWN_RESOURCE_LIMIT, peak_rss=25953.6 MiB)",/data1/Kane/ACT/audit_results/r93_rerun_20260525T083118Z/overnight_cpu_full_stream3_20260526T025908Z/tinyimagenet_2024/per_instance_tinyimagenet_2024_watchdog_iid5_20260526T043928944910Z.json
full_r3,50,UNKNOWN_RESOURCE_LIMIT,UNKNOWN,UNKNOWN,,32.92,UNKNOWN_RESOURCE_LIMIT,True,True,FAILED,24595.8671875,onnx/TinyImageNet_resnet_medium.onnx,vnnlib/TinyImageNet_resnet_medium_prop_idx_1651_sidx_3548_eps_0.0039.vnnlib,[],[],[],"watchdog killed instance after 32.9s (status=UNKNOWN_RESOURCE_LIMIT, peak_rss=24595.9 MiB)",/data1/Kane/ACT/audit_results/r93_rerun_20260525T083118Z/overnight_cpu_full_stream3_20260526T025908Z/tinyimagenet_2024/per_instance_tinyimagenet_2024_watchdog_iid50_20260526T050438176945Z.json
full_r3,51,UNKNOWN_RESOURCE_LIMIT,UNKNOWN,UNKNOWN,,33.525,UNKNOWN_RESOURCE_LIMIT,True,True,FAILED,24599.0703125,onnx/TinyImageNet_resnet_medium.onnx,vnnlib/TinyImageNet_resnet_medium_prop_idx_7183_sidx_4731_eps_0.0039.vnnlib,[],[],[],"watchdog killed instance after 33.5s (status=UNKNOWN_RESOURCE_LIMIT, peak_rss=24599.1 MiB)",/data1/Kane/ACT/audit_results/r93_rerun_20260525T083118Z/overnight_cpu_full_stream3_20260526T025908Z/tinyimagenet_2024/per_instance_tinyimagenet_2024_watchdog_iid51_20260526T050511702656Z.json
full_r3,52,UNKNOWN_RESOURCE_LIMIT,UNKNOWN,UNKNOWN,,33.022,UNKNOWN_RESOURCE_LIMIT,True,True,FAILED,24641.58984375,onnx/TinyImageNet_resnet_medium.onnx,vnnlib/TinyImageNet_resnet_medium_prop_idx_647_sidx_9608_eps_0.0039.vnnlib,[],[],[],"watchdog killed instance after 33.0s (status=UNKNOWN_RESOURCE_LIMIT, peak_rss=24641.6 MiB)",/data1/Kane/ACT/audit_results/r93_rerun_20260525T083118Z/overnight_cpu_full_stream3_20260526T025908Z/tinyimagenet_2024/per_instance_tinyimagenet_2024_watchdog_iid52_20260526T050544725204Z.json
full_r3,53,UNKNOWN_RESOURCE_LIMIT,UNKNOWN,UNKNOWN,,34.423,UNKNOWN_RESOURCE_LIMIT,True,True,FAILED,24602.9375,onnx/TinyImageNet_resnet_medium.onnx,vnnlib/TinyImageNet_resnet_medium_prop_idx_9992_sidx_5063_eps_0.0039.vnnlib,[],[],[],"watchdog killed instance after 34.4s (status=UNKNOWN_RESOURCE_LIMIT, peak_rss=24602.9 MiB)",/data1/Kane/ACT/audit_results/r93_rerun_20260525T083118Z/overnight_cpu_full_stream3_20260526T025908Z/tinyimagenet_2024/per_instance_tinyimagenet_2024_watchdog_iid53_20260526T050619149097Z.json
full_r3,54,UNKNOWN_RESOURCE_LIMIT,UNKNOWN,UNKNOWN,,27.92,UNKNOWN_RESOURCE_LIMIT,True,True,FAILED,24901.59375,onnx/TinyImageNet_resnet_medium.onnx,vnnlib/TinyImageNet_resnet_medium_prop_idx_3543_sidx_5527_eps_0.0039.vnnlib,[],[],[],"watchdog killed instance after 27.9s (status=UNKNOWN_RESOURCE_LIMIT, peak_rss=24901.6 MiB)",/data1/Kane/ACT/audit_results/r93_rerun_20260525T083118Z/overnight_cpu_full_stream3_20260526T025908Z/tinyimagenet_2024/per_instance_tinyimagenet_2024_watchdog_iid54_20260526T050647070046Z.json
full_r3,55,UNKNOWN_RESOURCE_LIMIT,UNKNOWN,UNKNOWN,,27.818,UNKNOWN_RESOURCE_LIMIT,True,True,FAILED,24579.7734375,onnx/TinyImageNet_resnet_medium.onnx,vnnlib/TinyImageNet_resnet_medium_prop_idx_2045_sidx_7367_eps_0.0039.vnnlib,[],[],[],"watchdog killed instance after 27.8s (status=UNKNOWN_RESOURCE_LIMIT, peak_rss=24579.8 MiB)",/data1/Kane/ACT/audit_results/r93_rerun_20260525T083118Z/overnight_cpu_full_stream3_20260526T025908Z/tinyimagenet_2024/per_instance_tinyimagenet_2024_watchdog_iid55_20260526T050714889100Z.json
full_r3,56,UNKNOWN_RESOURCE_LIMIT,UNKNOWN,UNKNOWN,,47.328,UNKNOWN_RESOURCE_LIMIT,True,True,FAILED,24926.49609375,onnx/TinyImageNet_resnet_medium.onnx,vnnlib/TinyImageNet_resnet_medium_prop_idx_7542_sidx_9873_eps_0.0039.vnnlib,[],[],[],"watchdog killed instance after 47.3s (status=UNKNOWN_RESOURCE_LIMIT, peak_rss=24926.5 MiB)",/data1/Kane/ACT/audit_results/r93_rerun_20260525T083118Z/overnight_cpu_full_stream3_20260526T025908Z/tinyimagenet_2024/per_instance_tinyimagenet_2024_watchdog_iid56_20260526T050802218460Z.json
full_r3,57,UNKNOWN_RESOURCE_LIMIT,UNKNOWN,UNKNOWN,,32.721,UNKNOWN_RESOURCE_LIMIT,True,True,FAILED,24644.16015625,onnx/TinyImageNet_resnet_medium.onnx,vnnlib/TinyImageNet_resnet_medium_prop_idx_5743_sidx_6569_eps_0.0039.vnnlib,[],[],[],"watchdog killed instance after 32.7s (status=UNKNOWN_RESOURCE_LIMIT, peak_rss=24644.2 MiB)",/data1/Kane/ACT/audit_results/r93_rerun_20260525T083118Z/overnight_cpu_full_stream3_20260526T025908Z/tinyimagenet_2024/per_instance_tinyimagenet_2024_watchdog_iid57_20260526T050834940101Z.json
full_r3,58,UNKNOWN_RESOURCE_LIMIT,UNKNOWN,UNKNOWN,,30.82,UNKNOWN_RESOURCE_LIMIT,True,True,FAILED,24594.4765625,onnx/TinyImageNet_resnet_medium.onnx,vnnlib/TinyImageNet_resnet_medium_prop_idx_5427_sidx_8226_eps_0.0039.vnnlib,[],[],[],"watchdog killed instance after 30.8s (status=UNKNOWN_RESOURCE_LIMIT, peak_rss=24594.5 MiB)",/data1/Kane/ACT/audit_results/r93_rerun_20260525T083118Z/overnight_cpu_full_stream3_20260526T025908Z/tinyimagenet_2024/per_instance_tinyimagenet_2024_watchdog_iid58_20260526T050905760736Z.json
full_r3,59,UNKNOWN_RESOURCE_LIMIT,UNKNOWN,UNKNOWN,,33.822,UNKNOWN_RESOURCE_LIMIT,True,True,FAILED,24624.94140625,onnx/TinyImageNet_resnet_medium.onnx,vnnlib/TinyImageNet_resnet_medium_prop_idx_1496_sidx_9465_eps_0.0039.vnnlib,[],[],[],"watchdog killed instance after 33.8s (status=UNKNOWN_RESOURCE_LIMIT, peak_rss=24624.9 MiB)",/data1/Kane/ACT/audit_results/r93_rerun_20260525T083118Z/overnight_cpu_full_stream3_20260526T025908Z/tinyimagenet_2024/per_instance_tinyimagenet_2024_watchdog_iid59_20260526T050939583800Z.json
full_r3,6,UNKNOWN_RESOURCE_LIMIT,UNKNOWN,UNKNOWN,,36.423,UNKNOWN_RESOURCE_LIMIT,True,True,FAILED,24598.1015625,onnx/TinyImageNet_resnet_medium.onnx,vnnlib/TinyImageNet_resnet_medium_prop_idx_9262_sidx_880_eps_0.0039.vnnlib,[],[],[],"watchdog killed instance after 36.4s (status=UNKNOWN_RESOURCE_LIMIT, peak_rss=24598.1 MiB)",/data1/Kane/ACT/audit_results/r93_rerun_20260525T083118Z/overnight_cpu_full_stream3_20260526T025908Z/tinyimagenet_2024/per_instance_tinyimagenet_2024_watchdog_iid6_20260526T044005368478Z.json
full_r3,60,UNKNOWN_RESOURCE_LIMIT,UNKNOWN,UNKNOWN,,29.718,UNKNOWN_RESOURCE_LIMIT,True,True,FAILED,24666.47265625,onnx/TinyImageNet_resnet_medium.onnx,vnnlib/TinyImageNet_resnet_medium_prop_idx_600_sidx_4087_eps_0.0039.vnnlib,[],[],[],"watchdog killed instance after 29.7s (status=UNKNOWN_RESOURCE_LIMIT, peak_rss=24666.5 MiB)",/data1/Kane/ACT/audit_results/r93_rerun_20260525T083118Z/overnight_cpu_full_stream3_20260526T025908Z/tinyimagenet_2024/per_instance_tinyimagenet_2024_watchdog_iid60_20260526T051009302069Z.json
full_r3,61,UNKNOWN_RESOURCE_LIMIT,UNKNOWN,UNKNOWN,,29.218,UNKNOWN_RESOURCE_LIMIT,True,True,FAILED,24592.1171875,onnx/TinyImageNet_resnet_medium.onnx,vnnlib/TinyImageNet_resnet_medium_prop_idx_6618_sidx_5022_eps_0.0039.vnnlib,[],[],[],"watchdog killed instance after 29.2s (status=UNKNOWN_RESOURCE_LIMIT, peak_rss=24592.1 MiB)",/data1/Kane/ACT/audit_results/r93_rerun_20260525T083118Z/overnight_cpu_full_stream3_20260526T025908Z/tinyimagenet_2024/per_instance_tinyimagenet_2024_watchdog_iid61_20260526T051038520353Z.json
full_r3,62,UNKNOWN_RESOURCE_LIMIT,UNKNOWN,UNKNOWN,,33.719,UNKNOWN_RESOURCE_LIMIT,True,True,FAILED,24673.15625,onnx/TinyImageNet_resnet_medium.onnx,vnnlib/TinyImageNet_resnet_medium_prop_idx_6036_sidx_4672_eps_0.0039.vnnlib,[],[],[],"watchdog killed instance after 33.7s (status=UNKNOWN_RESOURCE_LIMIT, peak_rss=24673.2 MiB)",/data1/Kane/ACT/audit_results/r93_rerun_20260525T083118Z/overnight_cpu_full_stream3_20260526T025908Z/tinyimagenet_2024/per_instance_tinyimagenet_2024_watchdog_iid62_20260526T051112240509Z.json
full_r3,63,UNKNOWN_RESOURCE_LIMIT,UNKNOWN,UNKNOWN,,32.723,UNKNOWN_RESOURCE_LIMIT,True,True,FAILED,24667.91015625,onnx/TinyImageNet_resnet_medium.onnx,vnnlib/TinyImageNet_resnet_medium_prop_idx_3375_sidx_5824_eps_0.0039.vnnlib,[],[],[],"watchdog killed instance after 32.7s (status=UNKNOWN_RESOURCE_LIMIT, peak_rss=24667.9 MiB)",/data1/Kane/ACT/audit_results/r93_rerun_20260525T083118Z/overnight_cpu_full_stream3_20260526T025908Z/tinyimagenet_2024/per_instance_tinyimagenet_2024_watchdog_iid63_20260526T051144963834Z.json
full_r3,64,UNKNOWN_RESOURCE_LIMIT,UNKNOWN,UNKNOWN,,48.628,UNKNOWN_RESOURCE_LIMIT,True,True,FAILED,24672.4375,onnx/TinyImageNet_resnet_medium.onnx,vnnlib/TinyImageNet_resnet_medium_prop_idx_4327_sidx_7050_eps_0.0039.vnnlib,[],[],[],"watchdog killed instance after 48.6s (status=UNKNOWN_RESOURCE_LIMIT, peak_rss=24672.4 MiB)",/data1/Kane/ACT/audit_results/r93_rerun_20260525T083118Z/overnight_cpu_full_stream3_20260526T025908Z/tinyimagenet_2024/per_instance_tinyimagenet_2024_watchdog_iid64_20260526T051233592045Z.json
full_r3,65,UNKNOWN_RESOURCE_LIMIT,UNKNOWN,UNKNOWN,,35.42,UNKNOWN_RESOURCE_LIMIT,True,True,FAILED,24654.79296875,onnx/TinyImageNet_resnet_medium.onnx,vnnlib/TinyImageNet_resnet_medium_prop_idx_4171_sidx_705_eps_0.0039.vnnlib,[],[],[],"watchdog killed instance after 35.4s (status=UNKNOWN_RESOURCE_LIMIT, peak_rss=24654.8 MiB)",/data1/Kane/ACT/audit_results/r93_rerun_20260525T083118Z/overnight_cpu_full_stream3_20260526T025908Z/tinyimagenet_2024/per_instance_tinyimagenet_2024_watchdog_iid65_20260526T051309013324Z.json
full_r3,66,UNKNOWN_RESOURCE_LIMIT,UNKNOWN,UNKNOWN,,32.519,UNKNOWN_RESOURCE_LIMIT,True,True,FAILED,24663.6015625,onnx/TinyImageNet_resnet_medium.onnx,vnnlib/TinyImageNet_resnet_medium_prop_idx_3677_sidx_3123_eps_0.0039.vnnlib,[],[],[],"watchdog killed instance after 32.5s (status=UNKNOWN_RESOURCE_LIMIT, peak_rss=24663.6 MiB)",/data1/Kane/ACT/audit_results/r93_rerun_20260525T083118Z/overnight_cpu_full_stream3_20260526T025908Z/tinyimagenet_2024/per_instance_tinyimagenet_2024_watchdog_iid66_20260526T051341532871Z.json
full_r3,67,UNKNOWN_RESOURCE_LIMIT,UNKNOWN,UNKNOWN,,32.022,UNKNOWN_RESOURCE_LIMIT,True,True,FAILED,24588.0390625,onnx/TinyImageNet_resnet_medium.onnx,vnnlib/TinyImageNet_resnet_medium_prop_idx_1093_sidx_4490_eps_0.0039.vnnlib,[],[],[],"watchdog killed instance after 32.0s (status=UNKNOWN_RESOURCE_LIMIT, peak_rss=24588.0 MiB)",/data1/Kane/ACT/audit_results/r93_rerun_20260525T083118Z/overnight_cpu_full_stream3_20260526T025908Z/tinyimagenet_2024/per_instance_tinyimagenet_2024_watchdog_iid67_20260526T051413555504Z.json
full_r3,68,UNKNOWN_RESOURCE_LIMIT,UNKNOWN,UNKNOWN,,35.925,UNKNOWN_RESOURCE_LIMIT,True,True,FAILED,24616.24609375,onnx/TinyImageNet_resnet_medium.onnx,vnnlib/TinyImageNet_resnet_medium_prop_idx_7473_sidx_6046_eps_0.0039.vnnlib,[],[],[],"watchdog killed instance after 35.9s (status=UNKNOWN_RESOURCE_LIMIT, peak_rss=24616.2 MiB)",/data1/Kane/ACT/audit_results/r93_rerun_20260525T083118Z/overnight_cpu_full_stream3_20260526T025908Z/tinyimagenet_2024/per_instance_tinyimagenet_2024_watchdog_iid68_20260526T051449480905Z.json
full_r3,69,UNKNOWN_RESOURCE_LIMIT,UNKNOWN,UNKNOWN,,30.922,UNKNOWN_RESOURCE_LIMIT,True,True,FAILED,24652.8203125,onnx/TinyImageNet_resnet_medium.onnx,vnnlib/TinyImageNet_resnet_medium_prop_idx_6049_sidx_4719_eps_0.0039.vnnlib,[],[],[],"watchdog killed instance after 30.9s (status=UNKNOWN_RESOURCE_LIMIT, peak_rss=24652.8 MiB)",/data1/Kane/ACT/audit_results/r93_rerun_20260525T083118Z/overnight_cpu_full_stream3_20260526T025908Z/tinyimagenet_2024/per_instance_tinyimagenet_2024_watchdog_iid69_20260526T051520403885Z.json
full_r3,7,UNKNOWN_RESOURCE_LIMIT,UNKNOWN,UNKNOWN,,33.521,UNKNOWN_RESOURCE_LIMIT,True,True,FAILED,24662.3828125,onnx/TinyImageNet_resnet_medium.onnx,vnnlib/TinyImageNet_resnet_medium_prop_idx_6252_sidx_9972_eps_0.0039.vnnlib,[],[],[],"watchdog killed instance after 33.5s (status=UNKNOWN_RESOURCE_LIMIT, peak_rss=24662.4 MiB)",/data1/Kane/ACT/audit_results/r93_rerun_20260525T083118Z/overnight_cpu_full_stream3_20260526T025908Z/tinyimagenet_2024/per_instance_tinyimagenet_2024_watchdog_iid7_20260526T044038889748Z.json
full_r3,70,UNKNOWN_RESOURCE_LIMIT,UNKNOWN,UNKNOWN,,32.922,UNKNOWN_RESOURCE_LIMIT,True,True,FAILED,24625.04296875,onnx/TinyImageNet_resnet_medium.onnx,vnnlib/TinyImageNet_resnet_medium_prop_idx_7525_sidx_3725_eps_0.0039.vnnlib,[],[],[],"watchdog killed instance after 32.9s (status=UNKNOWN_RESOURCE_LIMIT, peak_rss=24625.0 MiB)",/data1/Kane/ACT/audit_results/r93_rerun_20260525T083118Z/overnight_cpu_full_stream3_20260526T025908Z/tinyimagenet_2024/per_instance_tinyimagenet_2024_watchdog_iid70_20260526T051553326221Z.json
full_r3,71,UNKNOWN_RESOURCE_LIMIT,UNKNOWN,UNKNOWN,,31.823,UNKNOWN_RESOURCE_LIMIT,True,True,FAILED,24657.70703125,onnx/TinyImageNet_resnet_medium.onnx,vnnlib/TinyImageNet_resnet_medium_prop_idx_9729_sidx_1662_eps_0.0039.vnnlib,[],[],[],"watchdog killed instance after 31.8s (status=UNKNOWN_RESOURCE_LIMIT, peak_rss=24657.7 MiB)",/data1/Kane/ACT/audit_results/r93_rerun_20260525T083118Z/overnight_cpu_full_stream3_20260526T025908Z/tinyimagenet_2024/per_instance_tinyimagenet_2024_watchdog_iid71_20260526T051625149879Z.json
full_r3,72,UNKNOWN_RESOURCE_LIMIT,UNKNOWN,UNKNOWN,,30.822,UNKNOWN_RESOURCE_LIMIT,True,True,FAILED,24638.75390625,onnx/TinyImageNet_resnet_medium.onnx,vnnlib/TinyImageNet_resnet_medium_prop_idx_6412_sidx_6140_eps_0.0039.vnnlib,[],[],[],"watchdog killed instance after 30.8s (status=UNKNOWN_RESOURCE_LIMIT, peak_rss=24638.8 MiB)",/data1/Kane/ACT/audit_results/r93_rerun_20260525T083118Z/overnight_cpu_full_stream3_20260526T025908Z/tinyimagenet_2024/per_instance_tinyimagenet_2024_watchdog_iid72_20260526T051655972795Z.json
full_r3,73,UNKNOWN_RESOURCE_LIMIT,UNKNOWN,UNKNOWN,,31.82,UNKNOWN_RESOURCE_LIMIT,True,True,FAILED,24653.4609375,onnx/TinyImageNet_resnet_medium.onnx,vnnlib/TinyImageNet_resnet_medium_prop_idx_1024_sidx_5112_eps_0.0039.vnnlib,[],[],[],"watchdog killed instance after 31.8s (status=UNKNOWN_RESOURCE_LIMIT, peak_rss=24653.5 MiB)",/data1/Kane/ACT/audit_results/r93_rerun_20260525T083118Z/overnight_cpu_full_stream3_20260526T025908Z/tinyimagenet_2024/per_instance_tinyimagenet_2024_watchdog_iid73_20260526T051727793729Z.json
full_r3,74,UNKNOWN_RESOURCE_LIMIT,UNKNOWN,UNKNOWN,,27.816,UNKNOWN_RESOURCE_LIMIT,True,True,FAILED,24665.48046875,onnx/TinyImageNet_resnet_medium.onnx,vnnlib/TinyImageNet_resnet_medium_prop_idx_5634_sidx_9441_eps_0.0039.vnnlib,[],[],[],"watchdog killed instance after 27.8s (status=UNKNOWN_RESOURCE_LIMIT, peak_rss=24665.5 MiB)",/data1/Kane/ACT/audit_results/r93_rerun_20260525T083118Z/overnight_cpu_full_stream3_20260526T025908Z/tinyimagenet_2024/per_instance_tinyimagenet_2024_watchdog_iid74_20260526T051755610635Z.json
full_r3,75,UNKNOWN_RESOURCE_LIMIT,UNKNOWN,UNKNOWN,,32.82,UNKNOWN_RESOURCE_LIMIT,True,True,FAILED,24669.59765625,onnx/TinyImageNet_resnet_medium.onnx,vnnlib/TinyImageNet_resnet_medium_prop_idx_4004_sidx_9594_eps_0.0039.vnnlib,[],[],[],"watchdog killed instance after 32.8s (status=UNKNOWN_RESOURCE_LIMIT, peak_rss=24669.6 MiB)",/data1/Kane/ACT/audit_results/r93_rerun_20260525T083118Z/overnight_cpu_full_stream3_20260526T025908Z/tinyimagenet_2024/per_instance_tinyimagenet_2024_watchdog_iid75_20260526T051828431478Z.json
full_r3,76,UNKNOWN_RESOURCE_LIMIT,UNKNOWN,UNKNOWN,,30.719,UNKNOWN_RESOURCE_LIMIT,True,True,FAILED,24596.38671875,onnx/TinyImageNet_resnet_medium.onnx,vnnlib/TinyImageNet_resnet_medium_prop_idx_6628_sidx_8822_eps_0.0039.vnnlib,[],[],[],"watchdog killed instance after 30.7s (status=UNKNOWN_RESOURCE_LIMIT, peak_rss=24596.4 MiB)",/data1/Kane/ACT/audit_results/r93_rerun_20260525T083118Z/overnight_cpu_full_stream3_20260526T025908Z/tinyimagenet_2024/per_instance_tinyimagenet_2024_watchdog_iid76_20260526T051859151711Z.json
full_r3,77,UNKNOWN_RESOURCE_LIMIT,UNKNOWN,UNKNOWN,,31.72,UNKNOWN_RESOURCE_LIMIT,True,True,FAILED,24651.66796875,onnx/TinyImageNet_resnet_medium.onnx,vnnlib/TinyImageNet_resnet_medium_prop_idx_9025_sidx_9203_eps_0.0039.vnnlib,[],[],[],"watchdog killed instance after 31.7s (status=UNKNOWN_RESOURCE_LIMIT, peak_rss=24651.7 MiB)",/data1/Kane/ACT/audit_results/r93_rerun_20260525T083118Z/overnight_cpu_full_stream3_20260526T025908Z/tinyimagenet_2024/per_instance_tinyimagenet_2024_watchdog_iid77_20260526T051930872199Z.json
full_r3,78,UNKNOWN_RESOURCE_LIMIT,UNKNOWN,UNKNOWN,,30.219,UNKNOWN_RESOURCE_LIMIT,True,True,FAILED,24587.08203125,onnx/TinyImageNet_resnet_medium.onnx,vnnlib/TinyImageNet_resnet_medium_prop_idx_2798_sidx_4910_eps_0.0039.vnnlib,[],[],[],"watchdog killed instance after 30.2s (status=UNKNOWN_RESOURCE_LIMIT, peak_rss=24587.1 MiB)",/data1/Kane/ACT/audit_results/r93_rerun_20260525T083118Z/overnight_cpu_full_stream3_20260526T025908Z/tinyimagenet_2024/per_instance_tinyimagenet_2024_watchdog_iid78_20260526T052001091785Z.json
full_r3,79,UNKNOWN_RESOURCE_LIMIT,UNKNOWN,UNKNOWN,,34.621,UNKNOWN_RESOURCE_LIMIT,True,True,FAILED,24628.8125,onnx/TinyImageNet_resnet_medium.onnx,vnnlib/TinyImageNet_resnet_medium_prop_idx_4776_sidx_19_eps_0.0039.vnnlib,[],[],[],"watchdog killed instance after 34.6s (status=UNKNOWN_RESOURCE_LIMIT, peak_rss=24628.8 MiB)",/data1/Kane/ACT/audit_results/r93_rerun_20260525T083118Z/overnight_cpu_full_stream3_20260526T025908Z/tinyimagenet_2024/per_instance_tinyimagenet_2024_watchdog_iid79_20260526T052035713729Z.json
full_r3,8,UNKNOWN_RESOURCE_LIMIT,UNKNOWN,UNKNOWN,,48.333,UNKNOWN_RESOURCE_LIMIT,True,True,FAILED,25053.0859375,onnx/TinyImageNet_resnet_medium.onnx,vnnlib/TinyImageNet_resnet_medium_prop_idx_2146_sidx_298_eps_0.0039.vnnlib,[],[],[],"watchdog killed instance after 48.3s (status=UNKNOWN_RESOURCE_LIMIT, peak_rss=25053.1 MiB)",/data1/Kane/ACT/audit_results/r93_rerun_20260525T083118Z/overnight_cpu_full_stream3_20260526T025908Z/tinyimagenet_2024/per_instance_tinyimagenet_2024_watchdog_iid8_20260526T044127222869Z.json
full_r3,80,UNKNOWN_RESOURCE_LIMIT,UNKNOWN,UNKNOWN,,35.522,UNKNOWN_RESOURCE_LIMIT,True,True,FAILED,24602.17578125,onnx/TinyImageNet_resnet_medium.onnx,vnnlib/TinyImageNet_resnet_medium_prop_idx_7152_sidx_4185_eps_0.0039.vnnlib,[],[],[],"watchdog killed instance after 35.5s (status=UNKNOWN_RESOURCE_LIMIT, peak_rss=24602.2 MiB)",/data1/Kane/ACT/audit_results/r93_rerun_20260525T083118Z/overnight_cpu_full_stream3_20260526T025908Z/tinyimagenet_2024/per_instance_tinyimagenet_2024_watchdog_iid80_20260526T052111237069Z.json
full_r3,81,UNKNOWN_RESOURCE_LIMIT,UNKNOWN,UNKNOWN,,34.421,UNKNOWN_RESOURCE_LIMIT,True,True,FAILED,24639.421875,onnx/TinyImageNet_resnet_medium.onnx,vnnlib/TinyImageNet_resnet_medium_prop_idx_9656_sidx_451_eps_0.0039.vnnlib,[],[],[],"watchdog killed instance after 34.4s (status=UNKNOWN_RESOURCE_LIMIT, peak_rss=24639.4 MiB)",/data1/Kane/ACT/audit_results/r93_rerun_20260525T083118Z/overnight_cpu_full_stream3_20260526T025908Z/tinyimagenet_2024/per_instance_tinyimagenet_2024_watchdog_iid81_20260526T052145659622Z.json
full_r3,82,UNKNOWN_RESOURCE_LIMIT,UNKNOWN,UNKNOWN,,30.92,UNKNOWN_RESOURCE_LIMIT,True,True,FAILED,24608.87890625,onnx/TinyImageNet_resnet_medium.onnx,vnnlib/TinyImageNet_resnet_medium_prop_idx_4244_sidx_8624_eps_0.0039.vnnlib,[],[],[],"watchdog killed instance after 30.9s (status=UNKNOWN_RESOURCE_LIMIT, peak_rss=24608.9 MiB)",/data1/Kane/ACT/audit_results/r93_rerun_20260525T083118Z/overnight_cpu_full_stream3_20260526T025908Z/tinyimagenet_2024/per_instance_tinyimagenet_2024_watchdog_iid82_20260526T052216580499Z.json
full_r3,83,UNKNOWN_RESOURCE_LIMIT,UNKNOWN,UNKNOWN,,31.318,UNKNOWN_RESOURCE_LIMIT,True,True,FAILED,24600.390625,onnx/TinyImageNet_resnet_medium.onnx,vnnlib/TinyImageNet_resnet_medium_prop_idx_4599_sidx_738_eps_0.0039.vnnlib,[],[],[],"watchdog killed instance after 31.3s (status=UNKNOWN_RESOURCE_LIMIT, peak_rss=24600.4 MiB)",/data1/Kane/ACT/audit_results/r93_rerun_20260525T083118Z/overnight_cpu_full_stream3_20260526T025908Z/tinyimagenet_2024/per_instance_tinyimagenet_2024_watchdog_iid83_20260526T052247899197Z.json
full_r3,84,UNKNOWN_RESOURCE_LIMIT,UNKNOWN,UNKNOWN,,29.517,UNKNOWN_RESOURCE_LIMIT,True,True,FAILED,24595.25,onnx/TinyImageNet_resnet_medium.onnx,vnnlib/TinyImageNet_resnet_medium_prop_idx_7749_sidx_8253_eps_0.0039.vnnlib,[],[],[],"watchdog killed instance after 29.5s (status=UNKNOWN_RESOURCE_LIMIT, peak_rss=24595.2 MiB)",/data1/Kane/ACT/audit_results/r93_rerun_20260525T083118Z/overnight_cpu_full_stream3_20260526T025908Z/tinyimagenet_2024/per_instance_tinyimagenet_2024_watchdog_iid84_20260526T052317416501Z.json
full_r3,85,UNKNOWN_RESOURCE_LIMIT,UNKNOWN,UNKNOWN,,32.965,UNKNOWN_RESOURCE_LIMIT,True,True,FAILED,24646.0,onnx/TinyImageNet_resnet_medium.onnx,vnnlib/TinyImageNet_resnet_medium_prop_idx_8310_sidx_4525_eps_0.0039.vnnlib,[],[],[],"watchdog killed instance after 33.0s (status=UNKNOWN_RESOURCE_LIMIT, peak_rss=24646.0 MiB)",/data1/Kane/ACT/audit_results/r93_rerun_20260525T083118Z/overnight_cpu_full_stream3_20260526T025908Z/tinyimagenet_2024/per_instance_tinyimagenet_2024_watchdog_iid85_20260526T052350382644Z.json
full_r3,86,UNKNOWN_RESOURCE_LIMIT,UNKNOWN,UNKNOWN,,31.82,UNKNOWN_RESOURCE_LIMIT,True,True,FAILED,24613.02734375,onnx/TinyImageNet_resnet_medium.onnx,vnnlib/TinyImageNet_resnet_medium_prop_idx_3328_sidx_278_eps_0.0039.vnnlib,[],[],[],"watchdog killed instance after 31.8s (status=UNKNOWN_RESOURCE_LIMIT, peak_rss=24613.0 MiB)",/data1/Kane/ACT/audit_results/r93_rerun_20260525T083118Z/overnight_cpu_full_stream3_20260526T025908Z/tinyimagenet_2024/per_instance_tinyimagenet_2024_watchdog_iid86_20260526T052422203420Z.json
full_r3,87,UNKNOWN_RESOURCE_LIMIT,UNKNOWN,UNKNOWN,,28.816,UNKNOWN_RESOURCE_LIMIT,True,True,FAILED,24673.984375,onnx/TinyImageNet_resnet_medium.onnx,vnnlib/TinyImageNet_resnet_medium_prop_idx_6228_sidx_7979_eps_0.0039.vnnlib,[],[],[],"watchdog killed instance after 28.8s (status=UNKNOWN_RESOURCE_LIMIT, peak_rss=24674.0 MiB)",/data1/Kane/ACT/audit_results/r93_rerun_20260525T083118Z/overnight_cpu_full_stream3_20260526T025908Z/tinyimagenet_2024/per_instance_tinyimagenet_2024_watchdog_iid87_20260526T052451020140Z.json
full_r3,88,UNKNOWN_RESOURCE_LIMIT,UNKNOWN,UNKNOWN,,34.919,UNKNOWN_RESOURCE_LIMIT,True,True,FAILED,24606.0234375,onnx/TinyImageNet_resnet_medium.onnx,vnnlib/TinyImageNet_resnet_medium_prop_idx_7847_sidx_9927_eps_0.0039.vnnlib,[],[],[],"watchdog killed instance after 34.9s (status=UNKNOWN_RESOURCE_LIMIT, peak_rss=24606.0 MiB)",/data1/Kane/ACT/audit_results/r93_rerun_20260525T083118Z/overnight_cpu_full_stream3_20260526T025908Z/tinyimagenet_2024/per_instance_tinyimagenet_2024_watchdog_iid88_20260526T052525939560Z.json
full_r3,89,UNKNOWN_RESOURCE_LIMIT,UNKNOWN,UNKNOWN,,33.42,UNKNOWN_RESOURCE_LIMIT,True,True,FAILED,24644.25390625,onnx/TinyImageNet_resnet_medium.onnx,vnnlib/TinyImageNet_resnet_medium_prop_idx_8756_sidx_3958_eps_0.0039.vnnlib,[],[],[],"watchdog killed instance after 33.4s (status=UNKNOWN_RESOURCE_LIMIT, peak_rss=24644.3 MiB)",/data1/Kane/ACT/audit_results/r93_rerun_20260525T083118Z/overnight_cpu_full_stream3_20260526T025908Z/tinyimagenet_2024/per_instance_tinyimagenet_2024_watchdog_iid89_20260526T052559360336Z.json
full_r3,9,UNKNOWN_RESOURCE_LIMIT,UNKNOWN,UNKNOWN,,33.923,UNKNOWN_RESOURCE_LIMIT,True,True,FAILED,24576.76171875,onnx/TinyImageNet_resnet_medium.onnx,vnnlib/TinyImageNet_resnet_medium_prop_idx_538_sidx_2467_eps_0.0039.vnnlib,[],[],[],"watchdog killed instance after 33.9s (status=UNKNOWN_RESOURCE_LIMIT, peak_rss=24576.8 MiB)",/data1/Kane/ACT/audit_results/r93_rerun_20260525T083118Z/overnight_cpu_full_stream3_20260526T025908Z/tinyimagenet_2024/per_instance_tinyimagenet_2024_watchdog_iid9_20260526T044201146852Z.json
full_r3,90,UNKNOWN_RESOURCE_LIMIT,UNKNOWN,UNKNOWN,,28.317,UNKNOWN_RESOURCE_LIMIT,True,True,FAILED,24800.69921875,onnx/TinyImageNet_resnet_medium.onnx,vnnlib/TinyImageNet_resnet_medium_prop_idx_2511_sidx_5059_eps_0.0039.vnnlib,[],[],[],"watchdog killed instance after 28.3s (status=UNKNOWN_RESOURCE_LIMIT, peak_rss=24800.7 MiB)",/data1/Kane/ACT/audit_results/r93_rerun_20260525T083118Z/overnight_cpu_full_stream3_20260526T025908Z/tinyimagenet_2024/per_instance_tinyimagenet_2024_watchdog_iid90_20260526T052627678507Z.json
full_r3,91,UNKNOWN_RESOURCE_LIMIT,UNKNOWN,UNKNOWN,,30.717,UNKNOWN_RESOURCE_LIMIT,True,True,FAILED,24607.9140625,onnx/TinyImageNet_resnet_medium.onnx,vnnlib/TinyImageNet_resnet_medium_prop_idx_2575_sidx_1066_eps_0.0039.vnnlib,[],[],[],"watchdog killed instance after 30.7s (status=UNKNOWN_RESOURCE_LIMIT, peak_rss=24607.9 MiB)",/data1/Kane/ACT/audit_results/r93_rerun_20260525T083118Z/overnight_cpu_full_stream3_20260526T025908Z/tinyimagenet_2024/per_instance_tinyimagenet_2024_watchdog_iid91_20260526T052658396119Z.json
full_r3,92,UNKNOWN_RESOURCE_LIMIT,UNKNOWN,UNKNOWN,,32.12,UNKNOWN_RESOURCE_LIMIT,True,True,FAILED,24622.4453125,onnx/TinyImageNet_resnet_medium.onnx,vnnlib/TinyImageNet_resnet_medium_prop_idx_3574_sidx_9710_eps_0.0039.vnnlib,[],[],[],"watchdog killed instance after 32.1s (status=UNKNOWN_RESOURCE_LIMIT, peak_rss=24622.4 MiB)",/data1/Kane/ACT/audit_results/r93_rerun_20260525T083118Z/overnight_cpu_full_stream3_20260526T025908Z/tinyimagenet_2024/per_instance_tinyimagenet_2024_watchdog_iid92_20260526T052730517170Z.json
full_r3,93,UNKNOWN_RESOURCE_LIMIT,UNKNOWN,UNKNOWN,,29.719,UNKNOWN_RESOURCE_LIMIT,True,True,FAILED,24599.0546875,onnx/TinyImageNet_resnet_medium.onnx,vnnlib/TinyImageNet_resnet_medium_prop_idx_3437_sidx_2708_eps_0.0039.vnnlib,[],[],[],"watchdog killed instance after 29.7s (status=UNKNOWN_RESOURCE_LIMIT, peak_rss=24599.1 MiB)",/data1/Kane/ACT/audit_results/r93_rerun_20260525T083118Z/overnight_cpu_full_stream3_20260526T025908Z/tinyimagenet_2024/per_instance_tinyimagenet_2024_watchdog_iid93_20260526T052800236977Z.json
full_r3,94,UNKNOWN_RESOURCE_LIMIT,UNKNOWN,UNKNOWN,,32.524,UNKNOWN_RESOURCE_LIMIT,True,True,FAILED,24595.30859375,onnx/TinyImageNet_resnet_medium.onnx,vnnlib/TinyImageNet_resnet_medium_prop_idx_4024_sidx_4810_eps_0.0039.vnnlib,[],[],[],"watchdog killed instance after 32.5s (status=UNKNOWN_RESOURCE_LIMIT, peak_rss=24595.3 MiB)",/data1/Kane/ACT/audit_results/r93_rerun_20260525T083118Z/overnight_cpu_full_stream3_20260526T025908Z/tinyimagenet_2024/per_instance_tinyimagenet_2024_watchdog_iid94_20260526T052832860166Z.json
full_r3,95,UNKNOWN_RESOURCE_LIMIT,UNKNOWN,UNKNOWN,,33.92,UNKNOWN_RESOURCE_LIMIT,True,True,FAILED,24638.875,onnx/TinyImageNet_resnet_medium.onnx,vnnlib/TinyImageNet_resnet_medium_prop_idx_8698_sidx_4012_eps_0.0039.vnnlib,[],[],[],"watchdog killed instance after 33.9s (status=UNKNOWN_RESOURCE_LIMIT, peak_rss=24638.9 MiB)",/data1/Kane/ACT/audit_results/r93_rerun_20260525T083118Z/overnight_cpu_full_stream3_20260526T025908Z/tinyimagenet_2024/per_instance_tinyimagenet_2024_watchdog_iid95_20260526T052906781619Z.json
full_r3,96,UNKNOWN_RESOURCE_LIMIT,UNKNOWN,UNKNOWN,,34.022,UNKNOWN_RESOURCE_LIMIT,True,True,FAILED,24610.81640625,onnx/TinyImageNet_resnet_medium.onnx,vnnlib/TinyImageNet_resnet_medium_prop_idx_4674_sidx_6718_eps_0.0039.vnnlib,[],[],[],"watchdog killed instance after 34.0s (status=UNKNOWN_RESOURCE_LIMIT, peak_rss=24610.8 MiB)",/data1/Kane/ACT/audit_results/r93_rerun_20260525T083118Z/overnight_cpu_full_stream3_20260526T025908Z/tinyimagenet_2024/per_instance_tinyimagenet_2024_watchdog_iid96_20260526T052940804340Z.json
full_r3,97,UNKNOWN_RESOURCE_LIMIT,UNKNOWN,UNKNOWN,,32.921,UNKNOWN_RESOURCE_LIMIT,True,True,FAILED,24619.6875,onnx/TinyImageNet_resnet_medium.onnx,vnnlib/TinyImageNet_resnet_medium_prop_idx_9569_sidx_8561_eps_0.0039.vnnlib,[],[],[],"watchdog killed instance after 32.9s (status=UNKNOWN_RESOURCE_LIMIT, peak_rss=24619.7 MiB)",/data1/Kane/ACT/audit_results/r93_rerun_20260525T083118Z/overnight_cpu_full_stream3_20260526T025908Z/tinyimagenet_2024/per_instance_tinyimagenet_2024_watchdog_iid97_20260526T053013725884Z.json
full_r3,98,UNKNOWN_RESOURCE_LIMIT,UNKNOWN,UNKNOWN,,30.319,UNKNOWN_RESOURCE_LIMIT,True,True,FAILED,24668.453125,onnx/TinyImageNet_resnet_medium.onnx,vnnlib/TinyImageNet_resnet_medium_prop_idx_3533_sidx_4891_eps_0.0039.vnnlib,[],[],[],"watchdog killed instance after 30.3s (status=UNKNOWN_RESOURCE_LIMIT, peak_rss=24668.5 MiB)",/data1/Kane/ACT/audit_results/r93_rerun_20260525T083118Z/overnight_cpu_full_stream3_20260526T025908Z/tinyimagenet_2024/per_instance_tinyimagenet_2024_watchdog_iid98_20260526T053044045464Z.json
full_r3,99,UNKNOWN_RESOURCE_LIMIT,UNKNOWN,UNKNOWN,,47.83,UNKNOWN_RESOURCE_LIMIT,True,True,FAILED,25228.375,onnx/TinyImageNet_resnet_medium.onnx,vnnlib/TinyImageNet_resnet_medium_prop_idx_5129_sidx_3656_eps_0.0039.vnnlib,[],[],[],"watchdog killed instance after 47.8s (status=UNKNOWN_RESOURCE_LIMIT, peak_rss=25228.4 MiB)",/data1/Kane/ACT/audit_results/r93_rerun_20260525T083118Z/overnight_cpu_full_stream3_20260526T025908Z/tinyimagenet_2024/per_instance_tinyimagenet_2024_watchdog_iid99_20260526T053131875916Z.json
gpu_full,0,UNKNOWN,UNKNOWN,UNKNOWN,UNKNOWN,14.118,,False,,PASSED,,onnx/TinyImageNet_resnet_medium.onnx,vnnlib/TinyImageNet_resnet_medium_prop_idx_1126_sidx_4974_eps_0.0039.vnnlib,"[""UNKNOWN""]","[""UNKNOWN""]",[null],,/data1/Kane/ACT/audit_results/r93_rerun_20260525T083118Z/gpu_stream3_20260526T132419Z/tinyimagenet_2024/per_instance_tinyimagenet_2024_20260526T155050378045Z.json
gpu_full,1,UNKNOWN,UNKNOWN,UNKNOWN,UNKNOWN,16.414,,False,,PASSED,,onnx/TinyImageNet_resnet_medium.onnx,vnnlib/TinyImageNet_resnet_medium_prop_idx_6827_sidx_2613_eps_0.0039.vnnlib,"[""UNKNOWN""]","[""UNKNOWN""]",[null],,/data1/Kane/ACT/audit_results/r93_rerun_20260525T083118Z/gpu_stream3_20260526T132419Z/tinyimagenet_2024/per_instance_tinyimagenet_2024_20260526T155110194955Z.json
gpu_full,10,UNKNOWN,UNKNOWN,UNKNOWN,UNKNOWN,10.43,,False,,PASSED,,onnx/TinyImageNet_resnet_medium.onnx,vnnlib/TinyImageNet_resnet_medium_prop_idx_5134_sidx_3767_eps_0.0039.vnnlib,"[""UNKNOWN""]","[""UNKNOWN""]",[null],,/data1/Kane/ACT/audit_results/r93_rerun_20260525T083118Z/gpu_stream3_20260526T132419Z/tinyimagenet_2024/per_instance_tinyimagenet_2024_20260526T155332274269Z.json
gpu_full,100,UNKNOWN,UNKNOWN,UNKNOWN,UNKNOWN,13.997,,False,,PASSED,,onnx/TinyImageNet_resnet_medium.onnx,vnnlib/TinyImageNet_resnet_medium_prop_idx_4686_sidx_8792_eps_0.0039.vnnlib,"[""UNKNOWN""]","[""UNKNOWN""]",[null],,/data1/Kane/ACT/audit_results/r93_rerun_20260525T083118Z/gpu_stream3_20260526T132419Z/tinyimagenet_2024/per_instance_tinyimagenet_2024_20260526T161932370011Z.json
gpu_full,101,UNKNOWN,UNKNOWN,UNKNOWN,UNKNOWN,13.808,,False,,PASSED,,onnx/TinyImageNet_resnet_medium.onnx,vnnlib/TinyImageNet_resnet_medium_prop_idx_4869_sidx_6523_eps_0.0039.vnnlib,"[""UNKNOWN""]","[""UNKNOWN""]",[null],,/data1/Kane/ACT/audit_results/r93_rerun_20260525T083118Z/gpu_stream3_20260526T132419Z/tinyimagenet_2024/per_instance_tinyimagenet_2024_20260526T161949848982Z.json
gpu_full,102,UNKNOWN,UNKNOWN,UNKNOWN,UNKNOWN,10.631,,False,,PASSED,,onnx/TinyImageNet_resnet_medium.onnx,vnnlib/TinyImageNet_resnet_medium_prop_idx_8651_sidx_6574_eps_0.0039.vnnlib,"[""UNKNOWN""]","[""UNKNOWN""]",[null],,/data1/Kane/ACT/audit_results/r93_rerun_20260525T083118Z/gpu_stream3_20260526T132419Z/tinyimagenet_2024/per_instance_tinyimagenet_2024_20260526T162004176497Z.json
gpu_full,103,UNKNOWN,UNKNOWN,UNKNOWN,UNKNOWN,11.725,,False,,PASSED,,onnx/TinyImageNet_resnet_medium.onnx,vnnlib/TinyImageNet_resnet_medium_prop_idx_4225_sidx_3038_eps_0.0039.vnnlib,"[""UNKNOWN""]","[""UNKNOWN""]",[null],,/data1/Kane/ACT/audit_results/r93_rerun_20260525T083118Z/gpu_stream3_20260526T132419Z/tinyimagenet_2024/per_instance_tinyimagenet_2024_20260526T162019753850Z.json
gpu_full,104,UNKNOWN,UNKNOWN,UNKNOWN,UNKNOWN,11.329,,False,,PASSED,,onnx/TinyImageNet_resnet_medium.onnx,vnnlib/TinyImageNet_resnet_medium_prop_idx_1718_sidx_4924_eps_0.0039.vnnlib,"[""UNKNOWN""]","[""UNKNOWN""]",[null],,/data1/Kane/ACT/audit_results/r93_rerun_20260525T083118Z/gpu_stream3_20260526T132419Z/tinyimagenet_2024/per_instance_tinyimagenet_2024_20260526T162034844101Z.json
gpu_full,105,UNKNOWN,UNKNOWN,UNKNOWN,UNKNOWN,10.826,,False,,PASSED,,onnx/TinyImageNet_resnet_medium.onnx,vnnlib/TinyImageNet_resnet_medium_prop_idx_6957_sidx_1178_eps_0.0039.vnnlib,"[""UNKNOWN""]","[""UNKNOWN""]",[null],,/data1/Kane/ACT/audit_results/r93_rerun_20260525T083118Z/gpu_stream3_20260526T132419Z/tinyimagenet_2024/per_instance_tinyimagenet_2024_20260526T162049354592Z.json
gpu_full,106,UNKNOWN,UNKNOWN,UNKNOWN,UNKNOWN,11.015,,False,,PASSED,,onnx/TinyImageNet_resnet_medium.onnx,vnnlib/TinyImageNet_resnet_medium_prop_idx_7209_sidx_9753_eps_0.0039.vnnlib,"[""UNKNOWN""]","[""UNKNOWN""]",[null],,/data1/Kane/ACT/audit_results/r93_rerun_20260525T083118Z/gpu_stream3_20260526T132419Z/tinyimagenet_2024/per_instance_tinyimagenet_2024_20260526T162104067114Z.json
gpu_full,107,UNKNOWN,UNKNOWN,UNKNOWN,UNKNOWN,14.116,,False,,PASSED,,onnx/TinyImageNet_resnet_medium.onnx,vnnlib/TinyImageNet_resnet_medium_prop_idx_4867_sidx_5259_eps_0.0039.vnnlib,"[""UNKNOWN""]","[""UNKNOWN""]",[null],,/data1/Kane/ACT/audit_results/r93_rerun_20260525T083118Z/gpu_stream3_20260526T132419Z/tinyimagenet_2024/per_instance_tinyimagenet_2024_20260526T162121695915Z.json
gpu_full,108,UNKNOWN,UNKNOWN,UNKNOWN,UNKNOWN,10.801,,False,,PASSED,,onnx/TinyImageNet_resnet_medium.onnx,vnnlib/TinyImageNet_resnet_medium_prop_idx_140_sidx_7259_eps_0.0039.vnnlib,"[""UNKNOWN""]","[""UNKNOWN""]",[null],,/data1/Kane/ACT/audit_results/r93_rerun_20260525T083118Z/gpu_stream3_20260526T132419Z/tinyimagenet_2024/per_instance_tinyimagenet_2024_20260526T162135874122Z.json
gpu_full,109,UNKNOWN,UNKNOWN,UNKNOWN,UNKNOWN,11.836,,False,,PASSED,,onnx/TinyImageNet_resnet_medium.onnx,vnnlib/TinyImageNet_resnet_medium_prop_idx_8042_sidx_9227_eps_0.0039.vnnlib,"[""UNKNOWN""]","[""UNKNOWN""]",[null],,/data1/Kane/ACT/audit_results/r93_rerun_20260525T083118Z/gpu_stream3_20260526T132419Z/tinyimagenet_2024/per_instance_tinyimagenet_2024_20260526T162151419085Z.json
gpu_full,11,UNKNOWN,UNKNOWN,UNKNOWN,UNKNOWN,14.709,,False,,PASSED,,onnx/TinyImageNet_resnet_medium.onnx,vnnlib/TinyImageNet_resnet_medium_prop_idx_9535_sidx_6151_eps_0.0039.vnnlib,"[""UNKNOWN""]","[""UNKNOWN""]",[null],,/data1/Kane/ACT/audit_results/r93_rerun_20260525T083118Z/gpu_stream3_20260526T132419Z/tinyimagenet_2024/per_instance_tinyimagenet_2024_20260526T155350567957Z.json
gpu_full,110,UNKNOWN,UNKNOWN,UNKNOWN,UNKNOWN,15.007,,False,,PASSED,,onnx/TinyImageNet_resnet_medium.onnx,vnnlib/TinyImageNet_resnet_medium_prop_idx_216_sidx_6006_eps_0.0039.vnnlib,"[""UNKNOWN""]","[""UNKNOWN""]",[null],,/data1/Kane/ACT/audit_results/r93_rerun_20260525T083118Z/gpu_stream3_20260526T132419Z/tinyimagenet_2024/per_instance_tinyimagenet_2024_20260526T162210100956Z.json
gpu_full,111,UNKNOWN,UNKNOWN,UNKNOWN,UNKNOWN,13.927,,False,,PASSED,,onnx/TinyImageNet_resnet_medium.onnx,vnnlib/TinyImageNet_resnet_medium_prop_idx_580_sidx_8894_eps_0.0039.vnnlib,"[""UNKNOWN""]","[""UNKNOWN""]",[null],,/data1/Kane/ACT/audit_results/r93_rerun_20260525T083118Z/gpu_stream3_20260526T132419Z/tinyimagenet_2024/per_instance_tinyimagenet_2024_20260526T162227579473Z.json
gpu_full,112,UNKNOWN,UNKNOWN,UNKNOWN,UNKNOWN,11.926,,False,,PASSED,,onnx/TinyImageNet_resnet_medium.onnx,vnnlib/TinyImageNet_resnet_medium_prop_idx_6458_sidx_4978_eps_0.0039.vnnlib,"[""UNKNOWN""]","[""UNKNOWN""]",[null],,/data1/Kane/ACT/audit_results/r93_rerun_20260525T083118Z/gpu_stream3_20260526T132419Z/tinyimagenet_2024/per_instance_tinyimagenet_2024_20260526T162243072095Z.json
gpu_full,113,UNKNOWN,UNKNOWN,UNKNOWN,UNKNOWN,12.194,,False,,PASSED,,onnx/TinyImageNet_resnet_medium.onnx,vnnlib/TinyImageNet_resnet_medium_prop_idx_291_sidx_2370_eps_0.0039.vnnlib,"[""UNKNOWN""]","[""UNKNOWN""]",[null],,/data1/Kane/ACT/audit_results/r93_rerun_20260525T083118Z/gpu_stream3_20260526T132419Z/tinyimagenet_2024/per_instance_tinyimagenet_2024_20260526T162258851867Z.json
gpu_full,114,UNKNOWN,UNKNOWN,UNKNOWN,UNKNOWN,11.467,,False,,PASSED,,onnx/TinyImageNet_resnet_medium.onnx,vnnlib/TinyImageNet_resnet_medium_prop_idx_62_sidx_313_eps_0.0039.vnnlib,"[""UNKNOWN""]","[""UNKNOWN""]",[null],,/data1/Kane/ACT/audit_results/r93_rerun_20260525T083118Z/gpu_stream3_20260526T132419Z/tinyimagenet_2024/per_instance_tinyimagenet_2024_20260526T162314182674Z.json
gpu_full,115,UNKNOWN,UNKNOWN,UNKNOWN,UNKNOWN,13.49,,False,,PASSED,,onnx/TinyImageNet_resnet_medium.onnx,vnnlib/TinyImageNet_resnet_medium_prop_idx_9875_sidx_1510_eps_0.0039.vnnlib,"[""UNKNOWN""]","[""UNKNOWN""]",[null],,/data1/Kane/ACT/audit_results/r93_rerun_20260525T083118Z/gpu_stream3_20260526T132419Z/tinyimagenet_2024/per_instance_tinyimagenet_2024_20260526T162331774628Z.json
gpu_full,116,UNKNOWN,UNKNOWN,UNKNOWN,UNKNOWN,11.236,,False,,PASSED,,onnx/TinyImageNet_resnet_medium.onnx,vnnlib/TinyImageNet_resnet_medium_prop_idx_4944_sidx_932_eps_0.0039.vnnlib,"[""UNKNOWN""]","[""UNKNOWN""]",[null],,/data1/Kane/ACT/audit_results/r93_rerun_20260525T083118Z/gpu_stream3_20260526T132419Z/tinyimagenet_2024/per_instance_tinyimagenet_2024_20260526T162346364285Z.json
gpu_full,117,UNKNOWN,UNKNOWN,UNKNOWN,UNKNOWN,11.496,,False,,PASSED,,onnx/TinyImageNet_resnet_medium.onnx,vnnlib/TinyImageNet_resnet_medium_prop_idx_4528_sidx_911_eps_0.0039.vnnlib,"[""UNKNOWN""]","[""UNKNOWN""]",[null],,/data1/Kane/ACT/audit_results/r93_rerun_20260525T083118Z/gpu_stream3_20260526T132419Z/tinyimagenet_2024/per_instance_tinyimagenet_2024_20260526T162401691790Z.json
gpu_full,118,UNKNOWN,UNKNOWN,UNKNOWN,UNKNOWN,17.382,,False,,PASSED,,onnx/TinyImageNet_resnet_medium.onnx,vnnlib/TinyImageNet_resnet_medium_prop_idx_7689_sidx_3205_eps_0.0039.vnnlib,"[""UNKNOWN""]","[""UNKNOWN""]",[null],,/data1/Kane/ACT/audit_results/r93_rerun_20260525T083118Z/gpu_stream3_20260526T132419Z/tinyimagenet_2024/per_instance_tinyimagenet_2024_20260526T162423137939Z.json
gpu_full,119,UNKNOWN,UNKNOWN,UNKNOWN,UNKNOWN,16.291,,False,,PASSED,,onnx/TinyImageNet_resnet_medium.onnx,vnnlib/TinyImageNet_resnet_medium_prop_idx_3558_sidx_7280_eps_0.0039.vnnlib,"[""UNKNOWN""]","[""UNKNOWN""]",[null],,/data1/Kane/ACT/audit_results/r93_rerun_20260525T083118Z/gpu_stream3_20260526T132419Z/tinyimagenet_2024/per_instance_tinyimagenet_2024_20260526T162443035913Z.json
gpu_full,12,UNKNOWN,UNKNOWN,UNKNOWN,UNKNOWN,10.085,,False,,PASSED,,onnx/TinyImageNet_resnet_medium.onnx,vnnlib/TinyImageNet_resnet_medium_prop_idx_253_sidx_4834_eps_0.0039.vnnlib,"[""UNKNOWN""]","[""UNKNOWN""]",[null],,/data1/Kane/ACT/audit_results/r93_rerun_20260525T083118Z/gpu_stream3_20260526T132419Z/tinyimagenet_2024/per_instance_tinyimagenet_2024_20260526T155404617664Z.json
gpu_full,120,UNKNOWN,UNKNOWN,UNKNOWN,UNKNOWN,12.524,,False,,PASSED,,onnx/TinyImageNet_resnet_medium.onnx,vnnlib/TinyImageNet_resnet_medium_prop_idx_7277_sidx_8835_eps_0.0039.vnnlib,"[""UNKNOWN""]","[""UNKNOWN""]",[null],,/data1/Kane/ACT/audit_results/r93_rerun_20260525T083118Z/gpu_stream3_20260526T132419Z/tinyimagenet_2024/per_instance_tinyimagenet_2024_20260526T162459210343Z.json
gpu_full,121,UNKNOWN,UNKNOWN,UNKNOWN,UNKNOWN,14.7,,False,,PASSED,,onnx/TinyImageNet_resnet_medium.onnx,vnnlib/TinyImageNet_resnet_medium_prop_idx_7946_sidx_1068_eps_0.0039.vnnlib,"[""UNKNOWN""]","[""UNKNOWN""]",[null],,/data1/Kane/ACT/audit_results/r93_rerun_20260525T083118Z/gpu_stream3_20260526T132419Z/tinyimagenet_2024/per_instance_tinyimagenet_2024_20260526T162517438376Z.json
gpu_full,122,UNKNOWN,UNKNOWN,UNKNOWN,UNKNOWN,14.098,,False,,PASSED,,onnx/TinyImageNet_resnet_medium.onnx,vnnlib/TinyImageNet_resnet_medium_prop_idx_7889_sidx_4249_eps_0.0039.vnnlib,"[""UNKNOWN""]","[""UNKNOWN""]",[null],,/data1/Kane/ACT/audit_results/r93_rerun_20260525T083118Z/gpu_stream3_20260526T132419Z/tinyimagenet_2024/per_instance_tinyimagenet_2024_20260526T162534780475Z.json
gpu_full,123,UNKNOWN,UNKNOWN,UNKNOWN,UNKNOWN,10.544,,False,,PASSED,,onnx/TinyImageNet_resnet_medium.onnx,vnnlib/TinyImageNet_resnet_medium_prop_idx_7600_sidx_1132_eps_0.0039.vnnlib,"[""UNKNOWN""]","[""UNKNOWN""]",[null],,/data1/Kane/ACT/audit_results/r93_rerun_20260525T083118Z/gpu_stream3_20260526T132419Z/tinyimagenet_2024/per_instance_tinyimagenet_2024_20260526T162548812502Z.json
gpu_full,124,UNKNOWN,UNKNOWN,UNKNOWN,UNKNOWN,10.513,,False,,PASSED,,onnx/TinyImageNet_resnet_medium.onnx,vnnlib/TinyImageNet_resnet_medium_prop_idx_259_sidx_1412_eps_0.0039.vnnlib,"[""UNKNOWN""]","[""UNKNOWN""]",[null],,/data1/Kane/ACT/audit_results/r93_rerun_20260525T083118Z/gpu_stream3_20260526T132419Z/tinyimagenet_2024/per_instance_tinyimagenet_2024_20260526T162602866134Z.json
gpu_full,125,UNKNOWN,UNKNOWN,UNKNOWN,UNKNOWN,12.04,,False,,PASSED,,onnx/TinyImageNet_resnet_medium.onnx,vnnlib/TinyImageNet_resnet_medium_prop_idx_683_sidx_2348_eps_0.0039.vnnlib,"[""UNKNOWN""]","[""UNKNOWN""]",[null],,/data1/Kane/ACT/audit_results/r93_rerun_20260525T083118Z/gpu_stream3_20260526T132419Z/tinyimagenet_2024/per_instance_tinyimagenet_2024_20260526T162618333511Z.json
gpu_full,126,UNKNOWN,UNKNOWN,UNKNOWN,UNKNOWN,16.629,,False,,PASSED,,onnx/TinyImageNet_resnet_medium.onnx,vnnlib/TinyImageNet_resnet_medium_prop_idx_9940_sidx_5174_eps_0.0039.vnnlib,"[""UNKNOWN""]","[""UNKNOWN""]",[null],,/data1/Kane/ACT/audit_results/r93_rerun_20260525T083118Z/gpu_stream3_20260526T132419Z/tinyimagenet_2024/per_instance_tinyimagenet_2024_20260526T162638415328Z.json
gpu_full,127,UNKNOWN,UNKNOWN,UNKNOWN,UNKNOWN,10.003,,False,,PASSED,,onnx/TinyImageNet_resnet_medium.onnx,vnnlib/TinyImageNet_resnet_medium_prop_idx_164_sidx_1090_eps_0.0039.vnnlib,"[""UNKNOWN""]","[""UNKNOWN""]",[null],,/data1/Kane/ACT/audit_results/r93_rerun_20260525T083118Z/gpu_stream3_20260526T132419Z/tinyimagenet_2024/per_instance_tinyimagenet_2024_20260526T162651712229Z.json
gpu_full,128,UNKNOWN,UNKNOWN,UNKNOWN,UNKNOWN,13.341,,False,,PASSED,,onnx/TinyImageNet_resnet_medium.onnx,vnnlib/TinyImageNet_resnet_medium_prop_idx_8372_sidx_8419_eps_0.0039.vnnlib,"[""UNKNOWN""]","[""UNKNOWN""]",[null],,/data1/Kane/ACT/audit_results/r93_rerun_20260525T083118Z/gpu_stream3_20260526T132419Z/tinyimagenet_2024/per_instance_tinyimagenet_2024_20260526T162708673930Z.json
gpu_full,129,UNKNOWN,UNKNOWN,UNKNOWN,UNKNOWN,13.893,,False,,PASSED,,onnx/TinyImageNet_resnet_medium.onnx,vnnlib/TinyImageNet_resnet_medium_prop_idx_7403_sidx_8686_eps_0.0039.vnnlib,"[""UNKNOWN""]","[""UNKNOWN""]",[null],,/data1/Kane/ACT/audit_results/r93_rerun_20260525T083118Z/gpu_stream3_20260526T132419Z/tinyimagenet_2024/per_instance_tinyimagenet_2024_20260526T162726178318Z.json
gpu_full,13,UNKNOWN,UNKNOWN,UNKNOWN,UNKNOWN,13.507,,False,,PASSED,,onnx/TinyImageNet_resnet_medium.onnx,vnnlib/TinyImageNet_resnet_medium_prop_idx_5673_sidx_6615_eps_0.0039.vnnlib,"[""UNKNOWN""]","[""UNKNOWN""]",[null],,/data1/Kane/ACT/audit_results/r93_rerun_20260525T083118Z/gpu_stream3_20260526T132419Z/tinyimagenet_2024/per_instance_tinyimagenet_2024_20260526T155421900118Z.json
gpu_full,130,UNKNOWN,UNKNOWN,UNKNOWN,UNKNOWN,14.453,,False,,PASSED,,onnx/TinyImageNet_resnet_medium.onnx,vnnlib/TinyImageNet_resnet_medium_prop_idx_9600_sidx_3536_eps_0.0039.vnnlib,"[""UNKNOWN""]","[""UNKNOWN""]",[null],,/data1/Kane/ACT/audit_results/r93_rerun_20260525T083118Z/gpu_stream3_20260526T132419Z/tinyimagenet_2024/per_instance_tinyimagenet_2024_20260526T162744260139Z.json
gpu_full,131,UNKNOWN,UNKNOWN,UNKNOWN,UNKNOWN,15.882,,False,,PASSED,,onnx/TinyImageNet_resnet_medium.onnx,vnnlib/TinyImageNet_resnet_medium_prop_idx_7390_sidx_2694_eps_0.0039.vnnlib,"[""UNKNOWN""]","[""UNKNOWN""]",[null],,/data1/Kane/ACT/audit_results/r93_rerun_20260525T083118Z/gpu_stream3_20260526T132419Z/tinyimagenet_2024/per_instance_tinyimagenet_2024_20260526T162803524073Z.json
gpu_full,132,UNKNOWN,UNKNOWN,UNKNOWN,UNKNOWN,11.736,,False,,PASSED,,onnx/TinyImageNet_resnet_medium.onnx,vnnlib/TinyImageNet_resnet_medium_prop_idx_3115_sidx_671_eps_0.0039.vnnlib,"[""UNKNOWN""]","[""UNKNOWN""]",[null],,/data1/Kane/ACT/audit_results/r93_rerun_20260525T083118Z/gpu_stream3_20260526T132419Z/tinyimagenet_2024/per_instance_tinyimagenet_2024_20260526T162818435253Z.json
gpu_full,133,UNKNOWN,UNKNOWN,UNKNOWN,UNKNOWN,11.544,,False,,PASSED,,onnx/TinyImageNet_resnet_medium.onnx,vnnlib/TinyImageNet_resnet_medium_prop_idx_4472_sidx_9477_eps_0.0039.vnnlib,"[""UNKNOWN""]","[""UNKNOWN""]",[null],,/data1/Kane/ACT/audit_results/r93_rerun_20260525T083118Z/gpu_stream3_20260526T132419Z/tinyimagenet_2024/per_instance_tinyimagenet_2024_20260526T162833391393Z.json
gpu_full,134,UNKNOWN,UNKNOWN,UNKNOWN,UNKNOWN,14.112,,False,,PASSED,,onnx/TinyImageNet_resnet_medium.onnx,vnnlib/TinyImageNet_resnet_medium_prop_idx_7575_sidx_6502_eps_0.0039.vnnlib,"[""UNKNOWN""]","[""UNKNOWN""]",[null],,/data1/Kane/ACT/audit_results/r93_rerun_20260525T083118Z/gpu_stream3_20260526T132419Z/tinyimagenet_2024/per_instance_tinyimagenet_2024_20260526T162850615038Z.json
gpu_full,135,UNKNOWN,UNKNOWN,UNKNOWN,UNKNOWN,10.417,,False,,PASSED,,onnx/TinyImageNet_resnet_medium.onnx,vnnlib/TinyImageNet_resnet_medium_prop_idx_8472_sidx_7499_eps_0.0039.vnnlib,"[""UNKNOWN""]","[""UNKNOWN""]",[null],,/data1/Kane/ACT/audit_results/r93_rerun_20260525T083118Z/gpu_stream3_20260526T132419Z/tinyimagenet_2024/per_instance_tinyimagenet_2024_20260526T162903984767Z.json
gpu_full,136,UNKNOWN,UNKNOWN,UNKNOWN,UNKNOWN,11.036,,False,,PASSED,,onnx/TinyImageNet_resnet_medium.onnx,vnnlib/TinyImageNet_resnet_medium_prop_idx_7883_sidx_4184_eps_0.0039.vnnlib,"[""UNKNOWN""]","[""UNKNOWN""]",[null],,/data1/Kane/ACT/audit_results/r93_rerun_20260525T083118Z/gpu_stream3_20260526T132419Z/tinyimagenet_2024/per_instance_tinyimagenet_2024_20260526T162918221639Z.json
gpu_full,137,UNKNOWN,UNKNOWN,UNKNOWN,UNKNOWN,11.439,,False,,PASSED,,onnx/TinyImageNet_resnet_medium.onnx,vnnlib/TinyImageNet_resnet_medium_prop_idx_6679_sidx_8279_eps_0.0039.vnnlib,"[""UNKNOWN""]","[""UNKNOWN""]",[null],,/data1/Kane/ACT/audit_results/r93_rerun_20260525T083118Z/gpu_stream3_20260526T132419Z/tinyimagenet_2024/per_instance_tinyimagenet_2024_20260526T162933197594Z.json
gpu_full,138,UNKNOWN,UNKNOWN,UNKNOWN,UNKNOWN,12.199,,False,,PASSED,,onnx/TinyImageNet_resnet_medium.onnx,vnnlib/TinyImageNet_resnet_medium_prop_idx_7762_sidx_3616_eps_0.0039.vnnlib,"[""UNKNOWN""]","[""UNKNOWN""]",[null],,/data1/Kane/ACT/audit_results/r93_rerun_20260525T083118Z/gpu_stream3_20260526T132419Z/tinyimagenet_2024/per_instance_tinyimagenet_2024_20260526T162949094414Z.json
gpu_full,139,UNKNOWN,UNKNOWN,UNKNOWN,UNKNOWN,16.085,,False,,PASSED,,onnx/TinyImageNet_resnet_medium.onnx,vnnlib/TinyImageNet_resnet_medium_prop_idx_7538_sidx_5076_eps_0.0039.vnnlib,"[""UNKNOWN""]","[""UNKNOWN""]",[null],,/data1/Kane/ACT/audit_results/r93_rerun_20260525T083118Z/gpu_stream3_20260526T132419Z/tinyimagenet_2024/per_instance_tinyimagenet_2024_20260526T163008236868Z.json
gpu_full,14,UNKNOWN,UNKNOWN,UNKNOWN,UNKNOWN,15.917,,False,,PASSED,,onnx/TinyImageNet_resnet_medium.onnx,vnnlib/TinyImageNet_resnet_medium_prop_idx_1459_sidx_443_eps_0.0039.vnnlib,"[""UNKNOWN""]","[""UNKNOWN""]",[null],,/data1/Kane/ACT/audit_results/r93_rerun_20260525T083118Z/gpu_stream3_20260526T132419Z/tinyimagenet_2024/per_instance_tinyimagenet_2024_20260526T155441422862Z.json
gpu_full,140,UNKNOWN,UNKNOWN,UNKNOWN,UNKNOWN,10.868,,False,,PASSED,,onnx/TinyImageNet_resnet_medium.onnx,vnnlib/TinyImageNet_resnet_medium_prop_idx_4513_sidx_5588_eps_0.0039.vnnlib,"[""UNKNOWN""]","[""UNKNOWN""]",[null],,/data1/Kane/ACT/audit_results/r93_rerun_20260525T083118Z/gpu_stream3_20260526T132419Z/tinyimagenet_2024/per_instance_tinyimagenet_2024_20260526T163022762420Z.json
gpu_full,141,UNKNOWN,UNKNOWN,UNKNOWN,UNKNOWN,12.159,,False,,PASSED,,onnx/TinyImageNet_resnet_medium.onnx,vnnlib/TinyImageNet_resnet_medium_prop_idx_3110_sidx_1017_eps_0.0039.vnnlib,"[""UNKNOWN""]","[""UNKNOWN""]",[null],,/data1/Kane/ACT/audit_results/r93_rerun_20260525T083118Z/gpu_stream3_20260526T132419Z/tinyimagenet_2024/per_instance_tinyimagenet_2024_20260526T163038473540Z.json
gpu_full,142,UNKNOWN,UNKNOWN,UNKNOWN,UNKNOWN,11.272,,False,,PASSED,,onnx/TinyImageNet_resnet_medium.onnx,vnnlib/TinyImageNet_resnet_medium_prop_idx_6863_sidx_8059_eps_0.0039.vnnlib,"[""UNKNOWN""]","[""UNKNOWN""]",[null],,/data1/Kane/ACT/audit_results/r93_rerun_20260525T083118Z/gpu_stream3_20260526T132419Z/tinyimagenet_2024/per_instance_tinyimagenet_2024_20260526T163053090362Z.json
gpu_full,143,UNKNOWN,UNKNOWN,UNKNOWN,UNKNOWN,11.727,,False,,PASSED,,onnx/TinyImageNet_resnet_medium.onnx,vnnlib/TinyImageNet_resnet_medium_prop_idx_3553_sidx_3392_eps_0.0039.vnnlib,"[""UNKNOWN""]","[""UNKNOWN""]",[null],,/data1/Kane/ACT/audit_results/r93_rerun_20260525T083118Z/gpu_stream3_20260526T132419Z/tinyimagenet_2024/per_instance_tinyimagenet_2024_20260526T163108014884Z.json
gpu_full,144,UNKNOWN,UNKNOWN,UNKNOWN,UNKNOWN,11.744,,False,,PASSED,,onnx/TinyImageNet_resnet_medium.onnx,vnnlib/TinyImageNet_resnet_medium_prop_idx_5232_sidx_8001_eps_0.0039.vnnlib,"[""UNKNOWN""]","[""UNKNOWN""]",[null],,/data1/Kane/ACT/audit_results/r93_rerun_20260525T083118Z/gpu_stream3_20260526T132419Z/tinyimagenet_2024/per_instance_tinyimagenet_2024_20260526T163123023430Z.json
gpu_full,145,UNKNOWN,UNKNOWN,UNKNOWN,UNKNOWN,10.791,,False,,PASSED,,onnx/TinyImageNet_resnet_medium.onnx,vnnlib/TinyImageNet_resnet_medium_prop_idx_9840_sidx_3444_eps_0.0039.vnnlib,"[""UNKNOWN""]","[""UNKNOWN""]",[null],,/data1/Kane/ACT/audit_results/r93_rerun_20260525T083118Z/gpu_stream3_20260526T132419Z/tinyimagenet_2024/per_instance_tinyimagenet_2024_20260526T163137103610Z.json
gpu_full,146,UNKNOWN,UNKNOWN,UNKNOWN,UNKNOWN,10.235,,False,,PASSED,,onnx/TinyImageNet_resnet_medium.onnx,vnnlib/TinyImageNet_resnet_medium_prop_idx_8887_sidx_8800_eps_0.0039.vnnlib,"[""UNKNOWN""]","[""UNKNOWN""]",[null],,/data1/Kane/ACT/audit_results/r93_rerun_20260525T083118Z/gpu_stream3_20260526T132419Z/tinyimagenet_2024/per_instance_tinyimagenet_2024_20260526T163150491746Z.json
gpu_full,147,UNKNOWN,UNKNOWN,UNKNOWN,UNKNOWN,12.258,,False,,PASSED,,onnx/TinyImageNet_resnet_medium.onnx,vnnlib/TinyImageNet_resnet_medium_prop_idx_4260_sidx_5004_eps_0.0039.vnnlib,"[""UNKNOWN""]","[""UNKNOWN""]",[null],,/data1/Kane/ACT/audit_results/r93_rerun_20260525T083118Z/gpu_stream3_20260526T132419Z/tinyimagenet_2024/per_instance_tinyimagenet_2024_20260526T163206077292Z.json
gpu_full,148,UNKNOWN,UNKNOWN,UNKNOWN,UNKNOWN,11.512,,False,,PASSED,,onnx/TinyImageNet_resnet_medium.onnx,vnnlib/TinyImageNet_resnet_medium_prop_idx_3416_sidx_7951_eps_0.0039.vnnlib,"[""UNKNOWN""]","[""UNKNOWN""]",[null],,/data1/Kane/ACT/audit_results/r93_rerun_20260525T083118Z/gpu_stream3_20260526T132419Z/tinyimagenet_2024/per_instance_tinyimagenet_2024_20260526T163220760893Z.json
gpu_full,149,UNKNOWN,UNKNOWN,UNKNOWN,UNKNOWN,11.286,,False,,PASSED,,onnx/TinyImageNet_resnet_medium.onnx,vnnlib/TinyImageNet_resnet_medium_prop_idx_3098_sidx_9528_eps_0.0039.vnnlib,"[""UNKNOWN""]","[""UNKNOWN""]",[null],,/data1/Kane/ACT/audit_results/r93_rerun_20260525T083118Z/gpu_stream3_20260526T132419Z/tinyimagenet_2024/per_instance_tinyimagenet_2024_20260526T163235114149Z.json
gpu_full,15,UNKNOWN,UNKNOWN,UNKNOWN,UNKNOWN,14.528,,False,,PASSED,,onnx/TinyImageNet_resnet_medium.onnx,vnnlib/TinyImageNet_resnet_medium_prop_idx_551_sidx_6748_eps_0.0039.vnnlib,"[""UNKNOWN""]","[""UNKNOWN""]",[null],,/data1/Kane/ACT/audit_results/r93_rerun_20260525T083118Z/gpu_stream3_20260526T132419Z/tinyimagenet_2024/per_instance_tinyimagenet_2024_20260526T155459646462Z.json
gpu_full,150,UNKNOWN,UNKNOWN,UNKNOWN,UNKNOWN,14.195,,False,,PASSED,,onnx/TinyImageNet_resnet_medium.onnx,vnnlib/TinyImageNet_resnet_medium_prop_idx_9271_sidx_575_eps_0.0039.vnnlib,"[""UNKNOWN""]","[""UNKNOWN""]",[null],,/data1/Kane/ACT/audit_results/r93_rerun_20260525T083118Z/gpu_stream3_20260526T132419Z/tinyimagenet_2024/per_instance_tinyimagenet_2024_20260526T163252559883Z.json
gpu_full,151,UNKNOWN,UNKNOWN,UNKNOWN,UNKNOWN,14.453,,False,,PASSED,,onnx/TinyImageNet_resnet_medium.onnx,vnnlib/TinyImageNet_resnet_medium_prop_idx_4330_sidx_3504_eps_0.0039.vnnlib,"[""UNKNOWN""]","[""UNKNOWN""]",[null],,/data1/Kane/ACT/audit_results/r93_rerun_20260525T083118Z/gpu_stream3_20260526T132419Z/tinyimagenet_2024/per_instance_tinyimagenet_2024_20260526T163310253252Z.json
gpu_full,152,UNKNOWN,UNKNOWN,UNKNOWN,UNKNOWN,12.596,,False,,PASSED,,onnx/TinyImageNet_resnet_medium.onnx,vnnlib/TinyImageNet_resnet_medium_prop_idx_9215_sidx_4878_eps_0.0039.vnnlib,"[""UNKNOWN""]","[""UNKNOWN""]",[null],,/data1/Kane/ACT/audit_results/r93_rerun_20260525T083118Z/gpu_stream3_20260526T132419Z/tinyimagenet_2024/per_instance_tinyimagenet_2024_20260526T163325862206Z.json
gpu_full,153,UNKNOWN,UNKNOWN,UNKNOWN,UNKNOWN,13.628,,False,,PASSED,,onnx/TinyImageNet_resnet_medium.onnx,vnnlib/TinyImageNet_resnet_medium_prop_idx_2493_sidx_4209_eps_0.0039.vnnlib,"[""UNKNOWN""]","[""UNKNOWN""]",[null],,/data1/Kane/ACT/audit_results/r93_rerun_20260525T083118Z/gpu_stream3_20260526T132419Z/tinyimagenet_2024/per_instance_tinyimagenet_2024_20260526T163342962345Z.json
gpu_full,154,UNKNOWN,UNKNOWN,UNKNOWN,UNKNOWN,14.965,,False,,PASSED,,onnx/TinyImageNet_resnet_medium.onnx,vnnlib/TinyImageNet_resnet_medium_prop_idx_5701_sidx_7560_eps_0.0039.vnnlib,"[""UNKNOWN""]","[""UNKNOWN""]",[null],,/data1/Kane/ACT/audit_results/r93_rerun_20260525T083118Z/gpu_stream3_20260526T132419Z/tinyimagenet_2024/per_instance_tinyimagenet_2024_20260526T163401340387Z.json
gpu_full,155,UNKNOWN,UNKNOWN,UNKNOWN,UNKNOWN,10.428,,False,,PASSED,,onnx/TinyImageNet_resnet_medium.onnx,vnnlib/TinyImageNet_resnet_medium_prop_idx_6773_sidx_7001_eps_0.0039.vnnlib,"[""UNKNOWN""]","[""UNKNOWN""]",[null],,/data1/Kane/ACT/audit_results/r93_rerun_20260525T083118Z/gpu_stream3_20260526T132419Z/tinyimagenet_2024/per_instance_tinyimagenet_2024_20260526T163414823691Z.json
gpu_full,156,UNKNOWN,UNKNOWN,UNKNOWN,UNKNOWN,11.93,,False,,PASSED,,onnx/TinyImageNet_resnet_medium.onnx,vnnlib/TinyImageNet_resnet_medium_prop_idx_670_sidx_7171_eps_0.0039.vnnlib,"[""UNKNOWN""]","[""UNKNOWN""]",[null],,/data1/Kane/ACT/audit_results/r93_rerun_20260525T083118Z/gpu_stream3_20260526T132419Z/tinyimagenet_2024/per_instance_tinyimagenet_2024_20260526T163430497789Z.json
gpu_full,157,UNKNOWN,UNKNOWN,UNKNOWN,UNKNOWN,17.649,,False,,PASSED,,onnx/TinyImageNet_resnet_medium.onnx,vnnlib/TinyImageNet_resnet_medium_prop_idx_9419_sidx_9984_eps_0.0039.vnnlib,"[""UNKNOWN""]","[""UNKNOWN""]",[null],,/data1/Kane/ACT/audit_results/r93_rerun_20260525T083118Z/gpu_stream3_20260526T132419Z/tinyimagenet_2024/per_instance_tinyimagenet_2024_20260526T163451509293Z.json
gpu_full,158,UNKNOWN,UNKNOWN,UNKNOWN,UNKNOWN,11.025,,False,,PASSED,,onnx/TinyImageNet_resnet_medium.onnx,vnnlib/TinyImageNet_resnet_medium_prop_idx_5442_sidx_6087_eps_0.0039.vnnlib,"[""UNKNOWN""]","[""UNKNOWN""]",[null],,/data1/Kane/ACT/audit_results/r93_rerun_20260525T083118Z/gpu_stream3_20260526T132419Z/tinyimagenet_2024/per_instance_tinyimagenet_2024_20260526T163505970607Z.json
gpu_full,159,UNKNOWN,UNKNOWN,UNKNOWN,UNKNOWN,13.701,,False,,PASSED,,onnx/TinyImageNet_resnet_medium.onnx,vnnlib/TinyImageNet_resnet_medium_prop_idx_9825_sidx_6883_eps_0.0039.vnnlib,"[""UNKNOWN""]","[""UNKNOWN""]",[null],,/data1/Kane/ACT/audit_results/r93_rerun_20260525T083118Z/gpu_stream3_20260526T132419Z/tinyimagenet_2024/per_instance_tinyimagenet_2024_20260526T163522529962Z.json
gpu_full,16,UNKNOWN,UNKNOWN,UNKNOWN,UNKNOWN,15.078,,False,,PASSED,,onnx/TinyImageNet_resnet_medium.onnx,vnnlib/TinyImageNet_resnet_medium_prop_idx_4526_sidx_9254_eps_0.0039.vnnlib,"[""UNKNOWN""]","[""UNKNOWN""]",[null],,/data1/Kane/ACT/audit_results/r93_rerun_20260525T083118Z/gpu_stream3_20260526T132419Z/tinyimagenet_2024/per_instance_tinyimagenet_2024_20260526T155518674012Z.json
gpu_full,160,UNKNOWN,UNKNOWN,UNKNOWN,UNKNOWN,11.847,,False,,PASSED,,onnx/TinyImageNet_resnet_medium.onnx,vnnlib/TinyImageNet_resnet_medium_prop_idx_5676_sidx_9851_eps_0.0039.vnnlib,"[""UNKNOWN""]","[""UNKNOWN""]",[null],,/data1/Kane/ACT/audit_results/r93_rerun_20260525T083118Z/gpu_stream3_20260526T132419Z/tinyimagenet_2024/per_instance_tinyimagenet_2024_20260526T163537847242Z.json
gpu_full,161,UNKNOWN,UNKNOWN,UNKNOWN,UNKNOWN,19.931,,False,,PASSED,,onnx/TinyImageNet_resnet_medium.onnx,vnnlib/TinyImageNet_resnet_medium_prop_idx_3452_sidx_862_eps_0.0039.vnnlib,"[""UNKNOWN""]","[""UNKNOWN""]",[null],,/data1/Kane/ACT/audit_results/r93_rerun_20260525T083118Z/gpu_stream3_20260526T132419Z/tinyimagenet_2024/per_instance_tinyimagenet_2024_20260526T163600866738Z.json
gpu_full,162,UNKNOWN,UNKNOWN,UNKNOWN,UNKNOWN,16.292,,False,,PASSED,,onnx/TinyImageNet_resnet_medium.onnx,vnnlib/TinyImageNet_resnet_medium_prop_idx_1142_sidx_9106_eps_0.0039.vnnlib,"[""UNKNOWN""]","[""UNKNOWN""]",[null],,/data1/Kane/ACT/audit_results/r93_rerun_20260525T083118Z/gpu_stream3_20260526T132419Z/tinyimagenet_2024/per_instance_tinyimagenet_2024_20260526T163620166718Z.json
gpu_full,163,UNKNOWN,UNKNOWN,UNKNOWN,UNKNOWN,13.942,,False,,PASSED,,onnx/TinyImageNet_resnet_medium.onnx,vnnlib/TinyImageNet_resnet_medium_prop_idx_526_sidx_7843_eps_0.0039.vnnlib,"[""UNKNOWN""]","[""UNKNOWN""]",[null],,/data1/Kane/ACT/audit_results/r93_rerun_20260525T083118Z/gpu_stream3_20260526T132419Z/tinyimagenet_2024/per_instance_tinyimagenet_2024_20260526T163637416651Z.json
gpu_full,164,UNKNOWN,UNKNOWN,UNKNOWN,UNKNOWN,13.559,,False,,PASSED,,onnx/TinyImageNet_resnet_medium.onnx,vnnlib/TinyImageNet_resnet_medium_prop_idx_2310_sidx_1923_eps_0.0039.vnnlib,"[""UNKNOWN""]","[""UNKNOWN""]",[null],,/data1/Kane/ACT/audit_results/r93_rerun_20260525T083118Z/gpu_stream3_20260526T132419Z/tinyimagenet_2024/per_instance_tinyimagenet_2024_20260526T163654037319Z.json
gpu_full,165,UNKNOWN,UNKNOWN,UNKNOWN,UNKNOWN,15.463,,False,,PASSED,,onnx/TinyImageNet_resnet_medium.onnx,vnnlib/TinyImageNet_resnet_medium_prop_idx_9586_sidx_1970_eps_0.0039.vnnlib,"[""UNKNOWN""]","[""UNKNOWN""]",[null],,/data1/Kane/ACT/audit_results/r93_rerun_20260525T083118Z/gpu_stream3_20260526T132419Z/tinyimagenet_2024/per_instance_tinyimagenet_2024_20260526T163712908547Z.json
gpu_full,166,UNKNOWN,UNKNOWN,UNKNOWN,UNKNOWN,12.995,,False,,PASSED,,onnx/TinyImageNet_resnet_medium.onnx,vnnlib/TinyImageNet_resnet_medium_prop_idx_1759_sidx_3135_eps_0.0039.vnnlib,"[""UNKNOWN""]","[""UNKNOWN""]",[null],,/data1/Kane/ACT/audit_results/r93_rerun_20260525T083118Z/gpu_stream3_20260526T132419Z/tinyimagenet_2024/per_instance_tinyimagenet_2024_20260526T163729006327Z.json
gpu_full,167,UNKNOWN,UNKNOWN,UNKNOWN,UNKNOWN,14.372,,False,,PASSED,,onnx/TinyImageNet_resnet_medium.onnx,vnnlib/TinyImageNet_resnet_medium_prop_idx_974_sidx_2976_eps_0.0039.vnnlib,"[""UNKNOWN""]","[""UNKNOWN""]",[null],,/data1/Kane/ACT/audit_results/r93_rerun_20260525T083118Z/gpu_stream3_20260526T132419Z/tinyimagenet_2024/per_instance_tinyimagenet_2024_20260526T163746394004Z.json
gpu_full,168,UNKNOWN,UNKNOWN,UNKNOWN,UNKNOWN,15.39,,False,,PASSED,,onnx/TinyImageNet_resnet_medium.onnx,vnnlib/TinyImageNet_resnet_medium_prop_idx_3891_sidx_62_eps_0.0039.vnnlib,"[""UNKNOWN""]","[""UNKNOWN""]",[null],,/data1/Kane/ACT/audit_results/r93_rerun_20260525T083118Z/gpu_stream3_20260526T132419Z/tinyimagenet_2024/per_instance_tinyimagenet_2024_20260526T163804922193Z.json
gpu_full,169,UNKNOWN,UNKNOWN,UNKNOWN,UNKNOWN,11.665,,False,,PASSED,,onnx/TinyImageNet_resnet_medium.onnx,vnnlib/TinyImageNet_resnet_medium_prop_idx_5185_sidx_142_eps_0.0039.vnnlib,"[""UNKNOWN""]","[""UNKNOWN""]",[null],,/data1/Kane/ACT/audit_results/r93_rerun_20260525T083118Z/gpu_stream3_20260526T132419Z/tinyimagenet_2024/per_instance_tinyimagenet_2024_20260526T163819724731Z.json
gpu_full,17,UNKNOWN,UNKNOWN,UNKNOWN,UNKNOWN,15.432,,False,,PASSED,,onnx/TinyImageNet_resnet_medium.onnx,vnnlib/TinyImageNet_resnet_medium_prop_idx_2063_sidx_8156_eps_0.0039.vnnlib,"[""UNKNOWN""]","[""UNKNOWN""]",[null],,/data1/Kane/ACT/audit_results/r93_rerun_20260525T083118Z/gpu_stream3_20260526T132419Z/tinyimagenet_2024/per_instance_tinyimagenet_2024_20260526T155538032201Z.json
gpu_full,170,UNKNOWN,UNKNOWN,UNKNOWN,UNKNOWN,16.164,,False,,PASSED,,onnx/TinyImageNet_resnet_medium.onnx,vnnlib/TinyImageNet_resnet_medium_prop_idx_6996_sidx_1363_eps_0.0039.vnnlib,"[""UNKNOWN""]","[""UNKNOWN""]",[null],,/data1/Kane/ACT/audit_results/r93_rerun_20260525T083118Z/gpu_stream3_20260526T132419Z/tinyimagenet_2024/per_instance_tinyimagenet_2024_20260526T163839164662Z.json
gpu_full,171,UNKNOWN,UNKNOWN,UNKNOWN,UNKNOWN,14.501,,False,,PASSED,,onnx/TinyImageNet_resnet_medium.onnx,vnnlib/TinyImageNet_resnet_medium_prop_idx_1821_sidx_9700_eps_0.0039.vnnlib,"[""UNKNOWN""]","[""UNKNOWN""]",[null],,/data1/Kane/ACT/audit_results/r93_rerun_20260525T083118Z/gpu_stream3_20260526T132419Z/tinyimagenet_2024/per_instance_tinyimagenet_2024_20260526T163857063205Z.json
gpu_full,172,UNKNOWN,UNKNOWN,UNKNOWN,UNKNOWN,15.235,,False,,PASSED,,onnx/TinyImageNet_resnet_medium.onnx,vnnlib/TinyImageNet_resnet_medium_prop_idx_4709_sidx_8110_eps_0.0039.vnnlib,"[""UNKNOWN""]","[""UNKNOWN""]",[null],,/data1/Kane/ACT/audit_results/r93_rerun_20260525T083118Z/gpu_stream3_20260526T132419Z/tinyimagenet_2024/per_instance_tinyimagenet_2024_20260526T163915828559Z.json
gpu_full,173,UNKNOWN,UNKNOWN,UNKNOWN,UNKNOWN,15.906,,False,,PASSED,,onnx/TinyImageNet_resnet_medium.onnx,vnnlib/TinyImageNet_resnet_medium_prop_idx_8444_sidx_2478_eps_0.0039.vnnlib,"[""UNKNOWN""]","[""UNKNOWN""]",[null],,/data1/Kane/ACT/audit_results/r93_rerun_20260525T083118Z/gpu_stream3_20260526T132419Z/tinyimagenet_2024/per_instance_tinyimagenet_2024_20260526T163934972563Z.json
gpu_full,174,UNKNOWN,UNKNOWN,UNKNOWN,UNKNOWN,11.385,,False,,PASSED,,onnx/TinyImageNet_resnet_medium.onnx,vnnlib/TinyImageNet_resnet_medium_prop_idx_5451_sidx_5891_eps_0.0039.vnnlib,"[""UNKNOWN""]","[""UNKNOWN""]",[null],,/data1/Kane/ACT/audit_results/r93_rerun_20260525T083118Z/gpu_stream3_20260526T132419Z/tinyimagenet_2024/per_instance_tinyimagenet_2024_20260526T163949637020Z.json
gpu_full,175,UNKNOWN,UNKNOWN,UNKNOWN,UNKNOWN,10.69,,False,,PASSED,,onnx/TinyImageNet_resnet_medium.onnx,vnnlib/TinyImageNet_resnet_medium_prop_idx_5382_sidx_4518_eps_0.0039.vnnlib,"[""UNKNOWN""]","[""UNKNOWN""]",[null],,/data1/Kane/ACT/audit_results/r93_rerun_20260525T083118Z/gpu_stream3_20260526T132419Z/tinyimagenet_2024/per_instance_tinyimagenet_2024_20260526T164003830213Z.json
gpu_full,176,UNKNOWN,UNKNOWN,UNKNOWN,UNKNOWN,16.167,,False,,PASSED,,onnx/TinyImageNet_resnet_medium.onnx,vnnlib/TinyImageNet_resnet_medium_prop_idx_3139_sidx_2973_eps_0.0039.vnnlib,"[""UNKNOWN""]","[""UNKNOWN""]",[null],,/data1/Kane/ACT/audit_results/r93_rerun_20260525T083118Z/gpu_stream3_20260526T132419Z/tinyimagenet_2024/per_instance_tinyimagenet_2024_20260526T164023235933Z.json
gpu_full,177,UNKNOWN,UNKNOWN,UNKNOWN,UNKNOWN,13.436,,False,,PASSED,,onnx/TinyImageNet_resnet_medium.onnx,vnnlib/TinyImageNet_resnet_medium_prop_idx_8101_sidx_2821_eps_0.0039.vnnlib,"[""UNKNOWN""]","[""UNKNOWN""]",[null],,/data1/Kane/ACT/audit_results/r93_rerun_20260525T083118Z/gpu_stream3_20260526T132419Z/tinyimagenet_2024/per_instance_tinyimagenet_2024_20260526T164040196724Z.json
gpu_full,178,UNKNOWN,UNKNOWN,UNKNOWN,UNKNOWN,15.418,,False,,PASSED,,onnx/TinyImageNet_resnet_medium.onnx,vnnlib/TinyImageNet_resnet_medium_prop_idx_1806_sidx_3542_eps_0.0039.vnnlib,"[""UNKNOWN""]","[""UNKNOWN""]",[null],,/data1/Kane/ACT/audit_results/r93_rerun_20260525T083118Z/gpu_stream3_20260526T132419Z/tinyimagenet_2024/per_instance_tinyimagenet_2024_20260526T164059006309Z.json
gpu_full,179,UNKNOWN,UNKNOWN,UNKNOWN,UNKNOWN,11.165,,False,,PASSED,,onnx/TinyImageNet_resnet_medium.onnx,vnnlib/TinyImageNet_resnet_medium_prop_idx_233_sidx_127_eps_0.0039.vnnlib,"[""UNKNOWN""]","[""UNKNOWN""]",[null],,/data1/Kane/ACT/audit_results/r93_rerun_20260525T083118Z/gpu_stream3_20260526T132419Z/tinyimagenet_2024/per_instance_tinyimagenet_2024_20260526T164113239985Z.json
gpu_full,18,UNKNOWN,UNKNOWN,UNKNOWN,UNKNOWN,14.643,,False,,PASSED,,onnx/TinyImageNet_resnet_medium.onnx,vnnlib/TinyImageNet_resnet_medium_prop_idx_879_sidx_6242_eps_0.0039.vnnlib,"[""UNKNOWN""]","[""UNKNOWN""]",[null],,/data1/Kane/ACT/audit_results/r93_rerun_20260525T083118Z/gpu_stream3_20260526T132419Z/tinyimagenet_2024/per_instance_tinyimagenet_2024_20260526T155556237617Z.json
gpu_full,180,UNKNOWN,UNKNOWN,UNKNOWN,UNKNOWN,13.405,,False,,PASSED,,onnx/TinyImageNet_resnet_medium.onnx,vnnlib/TinyImageNet_resnet_medium_prop_idx_8176_sidx_2705_eps_0.0039.vnnlib,"[""UNKNOWN""]","[""UNKNOWN""]",[null],,/data1/Kane/ACT/audit_results/r93_rerun_20260525T083118Z/gpu_stream3_20260526T132419Z/tinyimagenet_2024/per_instance_tinyimagenet_2024_20260526T164130242005Z.json
gpu_full,181,UNKNOWN,UNKNOWN,UNKNOWN,UNKNOWN,15.784,,False,,PASSED,,onnx/TinyImageNet_resnet_medium.onnx,vnnlib/TinyImageNet_resnet_medium_prop_idx_6311_sidx_8892_eps_0.0039.vnnlib,"[""UNKNOWN""]","[""UNKNOWN""]",[null],,/data1/Kane/ACT/audit_results/r93_rerun_20260525T083118Z/gpu_stream3_20260526T132419Z/tinyimagenet_2024/per_instance_tinyimagenet_2024_20260526T164149648289Z.json
gpu_full,182,UNKNOWN,UNKNOWN,UNKNOWN,UNKNOWN,17.084,,False,,PASSED,,onnx/TinyImageNet_resnet_medium.onnx,vnnlib/TinyImageNet_resnet_medium_prop_idx_5443_sidx_7316_eps_0.0039.vnnlib,"[""UNKNOWN""]","[""UNKNOWN""]",[null],,/data1/Kane/ACT/audit_results/r93_rerun_20260525T083118Z/gpu_stream3_20260526T132419Z/tinyimagenet_2024/per_instance_tinyimagenet_2024_20260526T164209682768Z.json
gpu_full,183,UNKNOWN,UNKNOWN,UNKNOWN,UNKNOWN,13.401,,False,,PASSED,,onnx/TinyImageNet_resnet_medium.onnx,vnnlib/TinyImageNet_resnet_medium_prop_idx_8173_sidx_1641_eps_0.0039.vnnlib,"[""UNKNOWN""]","[""UNKNOWN""]",[null],,/data1/Kane/ACT/audit_results/r93_rerun_20260525T083118Z/gpu_stream3_20260526T132419Z/tinyimagenet_2024/per_instance_tinyimagenet_2024_20260526T164226703073Z.json
gpu_full,184,UNKNOWN,UNKNOWN,UNKNOWN,UNKNOWN,13.611,,False,,PASSED,,onnx/TinyImageNet_resnet_medium.onnx,vnnlib/TinyImageNet_resnet_medium_prop_idx_2594_sidx_7029_eps_0.0039.vnnlib,"[""UNKNOWN""]","[""UNKNOWN""]",[null],,/data1/Kane/ACT/audit_results/r93_rerun_20260525T083118Z/gpu_stream3_20260526T132419Z/tinyimagenet_2024/per_instance_tinyimagenet_2024_20260526T164243818004Z.json
gpu_full,185,UNKNOWN,UNKNOWN,UNKNOWN,UNKNOWN,11.318,,False,,PASSED,,onnx/TinyImageNet_resnet_medium.onnx,vnnlib/TinyImageNet_resnet_medium_prop_idx_7231_sidx_415_eps_0.0039.vnnlib,"[""UNKNOWN""]","[""UNKNOWN""]",[null],,/data1/Kane/ACT/audit_results/r93_rerun_20260525T083118Z/gpu_stream3_20260526T132419Z/tinyimagenet_2024/per_instance_tinyimagenet_2024_20260526T164258669114Z.json
gpu_full,186,UNKNOWN,UNKNOWN,UNKNOWN,UNKNOWN,12.472,,False,,PASSED,,onnx/TinyImageNet_resnet_medium.onnx,vnnlib/TinyImageNet_resnet_medium_prop_idx_1435_sidx_655_eps_0.0039.vnnlib,"[""UNKNOWN""]","[""UNKNOWN""]",[null],,/data1/Kane/ACT/audit_results/r93_rerun_20260525T083118Z/gpu_stream3_20260526T132419Z/tinyimagenet_2024/per_instance_tinyimagenet_2024_20260526T164314203046Z.json
gpu_full,187,UNKNOWN,UNKNOWN,UNKNOWN,UNKNOWN,13.988,,False,,PASSED,,onnx/TinyImageNet_resnet_medium.onnx,vnnlib/TinyImageNet_resnet_medium_prop_idx_8005_sidx_2582_eps_0.0039.vnnlib,"[""UNKNOWN""]","[""UNKNOWN""]",[null],,/data1/Kane/ACT/audit_results/r93_rerun_20260525T083118Z/gpu_stream3_20260526T132419Z/tinyimagenet_2024/per_instance_tinyimagenet_2024_20260526T164331646313Z.json
gpu_full,188,UNKNOWN,UNKNOWN,UNKNOWN,UNKNOWN,19.841,,False,,PASSED,,onnx/TinyImageNet_resnet_medium.onnx,vnnlib/TinyImageNet_resnet_medium_prop_idx_4057_sidx_8514_eps_0.0039.vnnlib,"[""UNKNOWN""]","[""UNKNOWN""]",[null],,/data1/Kane/ACT/audit_results/r93_rerun_20260525T083118Z/gpu_stream3_20260526T132419Z/tinyimagenet_2024/per_instance_tinyimagenet_2024_20260526T164354635371Z.json
gpu_full,189,UNKNOWN,UNKNOWN,UNKNOWN,UNKNOWN,11.094,,False,,PASSED,,onnx/TinyImageNet_resnet_medium.onnx,vnnlib/TinyImageNet_resnet_medium_prop_idx_8288_sidx_307_eps_0.0039.vnnlib,"[""UNKNOWN""]","[""UNKNOWN""]",[null],,/data1/Kane/ACT/audit_results/r93_rerun_20260525T083118Z/gpu_stream3_20260526T132419Z/tinyimagenet_2024/per_instance_tinyimagenet_2024_20260526T164408795192Z.json
gpu_full,19,UNKNOWN,UNKNOWN,UNKNOWN,UNKNOWN,11.853,,False,,PASSED,,onnx/TinyImageNet_resnet_medium.onnx,vnnlib/TinyImageNet_resnet_medium_prop_idx_247_sidx_1124_eps_0.0039.vnnlib,"[""UNKNOWN""]","[""UNKNOWN""]",[null],,/data1/Kane/ACT/audit_results/r93_rerun_20260525T083118Z/gpu_stream3_20260526T132419Z/tinyimagenet_2024/per_instance_tinyimagenet_2024_20260526T155612423403Z.json
gpu_full,190,UNKNOWN,UNKNOWN,UNKNOWN,UNKNOWN,12.927,,False,,PASSED,,onnx/TinyImageNet_resnet_medium.onnx,vnnlib/TinyImageNet_resnet_medium_prop_idx_6362_sidx_7345_eps_0.0039.vnnlib,"[""UNKNOWN""]","[""UNKNOWN""]",[null],,/data1/Kane/ACT/audit_results/r93_rerun_20260525T083118Z/gpu_stream3_20260526T132419Z/tinyimagenet_2024/per_instance_tinyimagenet_2024_20260526T164425208852Z.json
gpu_full,191,UNKNOWN,UNKNOWN,UNKNOWN,UNKNOWN,15.217,,False,,PASSED,,onnx/TinyImageNet_resnet_medium.onnx,vnnlib/TinyImageNet_resnet_medium_prop_idx_6700_sidx_2455_eps_0.0039.vnnlib,"[""UNKNOWN""]","[""UNKNOWN""]",[null],,/data1/Kane/ACT/audit_results/r93_rerun_20260525T083118Z/gpu_stream3_20260526T132419Z/tinyimagenet_2024/per_instance_tinyimagenet_2024_20260526T164443473958Z.json
gpu_full,192,UNKNOWN,UNKNOWN,UNKNOWN,UNKNOWN,15.54,,False,,PASSED,,onnx/TinyImageNet_resnet_medium.onnx,vnnlib/TinyImageNet_resnet_medium_prop_idx_3054_sidx_7502_eps_0.0039.vnnlib,"[""UNKNOWN""]","[""UNKNOWN""]",[null],,/data1/Kane/ACT/audit_results/r93_rerun_20260525T083118Z/gpu_stream3_20260526T132419Z/tinyimagenet_2024/per_instance_tinyimagenet_2024_20260526T164502360753Z.json
gpu_full,193,UNKNOWN,UNKNOWN,UNKNOWN,UNKNOWN,11.714,,False,,PASSED,,onnx/TinyImageNet_resnet_medium.onnx,vnnlib/TinyImageNet_resnet_medium_prop_idx_5922_sidx_1989_eps_0.0039.vnnlib,"[""UNKNOWN""]","[""UNKNOWN""]",[null],,/data1/Kane/ACT/audit_results/r93_rerun_20260525T083118Z/gpu_stream3_20260526T132419Z/tinyimagenet_2024/per_instance_tinyimagenet_2024_20260526T164517525799Z.json
gpu_full,194,UNKNOWN,UNKNOWN,UNKNOWN,UNKNOWN,16.242,,False,,PASSED,,onnx/TinyImageNet_resnet_medium.onnx,vnnlib/TinyImageNet_resnet_medium_prop_idx_9330_sidx_2275_eps_0.0039.vnnlib,"[""UNKNOWN""]","[""UNKNOWN""]",[null],,/data1/Kane/ACT/audit_results/r93_rerun_20260525T083118Z/gpu_stream3_20260526T132419Z/tinyimagenet_2024/per_instance_tinyimagenet_2024_20260526T164537008247Z.json
gpu_full,195,UNKNOWN,UNKNOWN,UNKNOWN,UNKNOWN,14.466,,False,,PASSED,,onnx/TinyImageNet_resnet_medium.onnx,vnnlib/TinyImageNet_resnet_medium_prop_idx_723_sidx_7730_eps_0.0039.vnnlib,"[""UNKNOWN""]","[""UNKNOWN""]",[null],,/data1/Kane/ACT/audit_results/r93_rerun_20260525T083118Z/gpu_stream3_20260526T132419Z/tinyimagenet_2024/per_instance_tinyimagenet_2024_20260526T164554776230Z.json
gpu_full,196,UNKNOWN,UNKNOWN,UNKNOWN,UNKNOWN,11.135,,False,,PASSED,,onnx/TinyImageNet_resnet_medium.onnx,vnnlib/TinyImageNet_resnet_medium_prop_idx_2647_sidx_2518_eps_0.0039.vnnlib,"[""UNKNOWN""]","[""UNKNOWN""]",[null],,/data1/Kane/ACT/audit_results/r93_rerun_20260525T083118Z/gpu_stream3_20260526T132419Z/tinyimagenet_2024/per_instance_tinyimagenet_2024_20260526T164608985158Z.json
gpu_full,197,UNKNOWN,UNKNOWN,UNKNOWN,UNKNOWN,11.762,,False,,PASSED,,onnx/TinyImageNet_resnet_medium.onnx,vnnlib/TinyImageNet_resnet_medium_prop_idx_3015_sidx_2719_eps_0.0039.vnnlib,"[""UNKNOWN""]","[""UNKNOWN""]",[null],,/data1/Kane/ACT/audit_results/r93_rerun_20260525T083118Z/gpu_stream3_20260526T132419Z/tinyimagenet_2024/per_instance_tinyimagenet_2024_20260526T164624070800Z.json
gpu_full,198,UNKNOWN,UNKNOWN,UNKNOWN,UNKNOWN,12.983,,False,,PASSED,,onnx/TinyImageNet_resnet_medium.onnx,vnnlib/TinyImageNet_resnet_medium_prop_idx_6564_sidx_5832_eps_0.0039.vnnlib,"[""UNKNOWN""]","[""UNKNOWN""]",[null],,/data1/Kane/ACT/audit_results/r93_rerun_20260525T083118Z/gpu_stream3_20260526T132419Z/tinyimagenet_2024/per_instance_tinyimagenet_2024_20260526T164640349672Z.json
gpu_full,199,UNKNOWN,UNKNOWN,UNKNOWN,UNKNOWN,10.976,,False,,PASSED,,onnx/TinyImageNet_resnet_medium.onnx,vnnlib/TinyImageNet_resnet_medium_prop_idx_9458_sidx_2592_eps_0.0039.vnnlib,"[""UNKNOWN""]","[""UNKNOWN""]",[null],,/data1/Kane/ACT/audit_results/r93_rerun_20260525T083118Z/gpu_stream3_20260526T132419Z/tinyimagenet_2024/per_instance_tinyimagenet_2024_20260526T164654291150Z.json
gpu_full,2,UNKNOWN,UNKNOWN,UNKNOWN,UNKNOWN,14.114,,False,,PASSED,,onnx/TinyImageNet_resnet_medium.onnx,vnnlib/TinyImageNet_resnet_medium_prop_idx_7943_sidx_6299_eps_0.0039.vnnlib,"[""UNKNOWN""]","[""UNKNOWN""]",[null],,/data1/Kane/ACT/audit_results/r93_rerun_20260525T083118Z/gpu_stream3_20260526T132419Z/tinyimagenet_2024/per_instance_tinyimagenet_2024_20260526T155127910200Z.json
gpu_full,20,UNKNOWN,UNKNOWN,UNKNOWN,UNKNOWN,12.452,,False,,PASSED,,onnx/TinyImageNet_resnet_medium.onnx,vnnlib/TinyImageNet_resnet_medium_prop_idx_2582_sidx_5386_eps_0.0039.vnnlib,"[""UNKNOWN""]","[""UNKNOWN""]",[null],,/data1/Kane/ACT/audit_results/r93_rerun_20260525T083118Z/gpu_stream3_20260526T132419Z/tinyimagenet_2024/per_instance_tinyimagenet_2024_20260526T155628579390Z.json
gpu_full,21,UNKNOWN,UNKNOWN,UNKNOWN,UNKNOWN,14.027,,False,,PASSED,,onnx/TinyImageNet_resnet_medium.onnx,vnnlib/TinyImageNet_resnet_medium_prop_idx_2936_sidx_7810_eps_0.0039.vnnlib,"[""UNKNOWN""]","[""UNKNOWN""]",[null],,/data1/Kane/ACT/audit_results/r93_rerun_20260525T083118Z/gpu_stream3_20260526T132419Z/tinyimagenet_2024/per_instance_tinyimagenet_2024_20260526T155645962323Z.json
gpu_full,22,UNKNOWN,UNKNOWN,UNKNOWN,UNKNOWN,15.884,,False,,PASSED,,onnx/TinyImageNet_resnet_medium.onnx,vnnlib/TinyImageNet_resnet_medium_prop_idx_1175_sidx_7775_eps_0.0039.vnnlib,"[""UNKNOWN""]","[""UNKNOWN""]",[null],,/data1/Kane/ACT/audit_results/r93_rerun_20260525T083118Z/gpu_stream3_20260526T132419Z/tinyimagenet_2024/per_instance_tinyimagenet_2024_20260526T155705365032Z.json
gpu_full,23,UNKNOWN,UNKNOWN,UNKNOWN,UNKNOWN,12.205,,False,,PASSED,,onnx/TinyImageNet_resnet_medium.onnx,vnnlib/TinyImageNet_resnet_medium_prop_idx_7365_sidx_3284_eps_0.0039.vnnlib,"[""UNKNOWN""]","[""UNKNOWN""]",[null],,/data1/Kane/ACT/audit_results/r93_rerun_20260525T083118Z/gpu_stream3_20260526T132419Z/tinyimagenet_2024/per_instance_tinyimagenet_2024_20260526T155721096891Z.json
gpu_full,24,UNKNOWN,UNKNOWN,UNKNOWN,UNKNOWN,10.704,,False,,PASSED,,onnx/TinyImageNet_resnet_medium.onnx,vnnlib/TinyImageNet_resnet_medium_prop_idx_8684_sidx_9001_eps_0.0039.vnnlib,"[""UNKNOWN""]","[""UNKNOWN""]",[null],,/data1/Kane/ACT/audit_results/r93_rerun_20260525T083118Z/gpu_stream3_20260526T132419Z/tinyimagenet_2024/per_instance_tinyimagenet_2024_20260526T155735664328Z.json
gpu_full,25,UNKNOWN,UNKNOWN,UNKNOWN,UNKNOWN,9.88,,False,,PASSED,,onnx/TinyImageNet_resnet_medium.onnx,vnnlib/TinyImageNet_resnet_medium_prop_idx_1706_sidx_4932_eps_0.0039.vnnlib,"[""UNKNOWN""]","[""UNKNOWN""]",[null],,/data1/Kane/ACT/audit_results/r93_rerun_20260525T083118Z/gpu_stream3_20260526T132419Z/tinyimagenet_2024/per_instance_tinyimagenet_2024_20260526T155748798568Z.json
gpu_full,26,UNKNOWN,UNKNOWN,UNKNOWN,UNKNOWN,11.323,,False,,PASSED,,onnx/TinyImageNet_resnet_medium.onnx,vnnlib/TinyImageNet_resnet_medium_prop_idx_2755_sidx_193_eps_0.0039.vnnlib,"[""UNKNOWN""]","[""UNKNOWN""]",[null],,/data1/Kane/ACT/audit_results/r93_rerun_20260525T083118Z/gpu_stream3_20260526T132419Z/tinyimagenet_2024/per_instance_tinyimagenet_2024_20260526T155803237469Z.json
gpu_full,27,UNKNOWN,UNKNOWN,UNKNOWN,UNKNOWN,12.564,,False,,PASSED,,onnx/TinyImageNet_resnet_medium.onnx,vnnlib/TinyImageNet_resnet_medium_prop_idx_9584_sidx_3691_eps_0.0039.vnnlib,"[""UNKNOWN""]","[""UNKNOWN""]",[null],,/data1/Kane/ACT/audit_results/r93_rerun_20260525T083118Z/gpu_stream3_20260526T132419Z/tinyimagenet_2024/per_instance_tinyimagenet_2024_20260526T155818934742Z.json
gpu_full,28,UNKNOWN,UNKNOWN,UNKNOWN,UNKNOWN,11.23,,False,,PASSED,,onnx/TinyImageNet_resnet_medium.onnx,vnnlib/TinyImageNet_resnet_medium_prop_idx_9079_sidx_5823_eps_0.0039.vnnlib,"[""UNKNOWN""]","[""UNKNOWN""]",[null],,/data1/Kane/ACT/audit_results/r93_rerun_20260525T083118Z/gpu_stream3_20260526T132419Z/tinyimagenet_2024/per_instance_tinyimagenet_2024_20260526T155833757100Z.json
gpu_full,29,UNKNOWN,UNKNOWN,UNKNOWN,UNKNOWN,11.997,,False,,PASSED,,onnx/TinyImageNet_resnet_medium.onnx,vnnlib/TinyImageNet_resnet_medium_prop_idx_1135_sidx_1928_eps_0.0039.vnnlib,"[""UNKNOWN""]","[""UNKNOWN""]",[null],,/data1/Kane/ACT/audit_results/r93_rerun_20260525T083118Z/gpu_stream3_20260526T132419Z/tinyimagenet_2024/per_instance_tinyimagenet_2024_20260526T155849522094Z.json
gpu_full,3,UNKNOWN,UNKNOWN,UNKNOWN,UNKNOWN,12.321,,False,,PASSED,,onnx/TinyImageNet_resnet_medium.onnx,vnnlib/TinyImageNet_resnet_medium_prop_idx_9558_sidx_6082_eps_0.0039.vnnlib,"[""UNKNOWN""]","[""UNKNOWN""]",[null],,/data1/Kane/ACT/audit_results/r93_rerun_20260525T083118Z/gpu_stream3_20260526T132419Z/tinyimagenet_2024/per_instance_tinyimagenet_2024_20260526T155144134632Z.json
gpu_full,30,UNKNOWN,UNKNOWN,UNKNOWN,UNKNOWN,11.884,,False,,PASSED,,onnx/TinyImageNet_resnet_medium.onnx,vnnlib/TinyImageNet_resnet_medium_prop_idx_1359_sidx_7221_eps_0.0039.vnnlib,"[""UNKNOWN""]","[""UNKNOWN""]",[null],,/data1/Kane/ACT/audit_results/r93_rerun_20260525T083118Z/gpu_stream3_20260526T132419Z/tinyimagenet_2024/per_instance_tinyimagenet_2024_20260526T155905011644Z.json
gpu_full,31,UNKNOWN,UNKNOWN,UNKNOWN,UNKNOWN,14.278,,False,,PASSED,,onnx/TinyImageNet_resnet_medium.onnx,vnnlib/TinyImageNet_resnet_medium_prop_idx_5683_sidx_1212_eps_0.0039.vnnlib,"[""UNKNOWN""]","[""UNKNOWN""]",[null],,/data1/Kane/ACT/audit_results/r93_rerun_20260525T083118Z/gpu_stream3_20260526T132419Z/tinyimagenet_2024/per_instance_tinyimagenet_2024_20260526T155922739627Z.json
gpu_full,32,UNKNOWN,UNKNOWN,UNKNOWN,UNKNOWN,14.263,,False,,PASSED,,onnx/TinyImageNet_resnet_medium.onnx,vnnlib/TinyImageNet_resnet_medium_prop_idx_1615_sidx_1065_eps_0.0039.vnnlib,"[""UNKNOWN""]","[""UNKNOWN""]",[null],,/data1/Kane/ACT/audit_results/r93_rerun_20260525T083118Z/gpu_stream3_20260526T132419Z/tinyimagenet_2024/per_instance_tinyimagenet_2024_20260526T155940848666Z.json
gpu_full,33,UNKNOWN,UNKNOWN,UNKNOWN,UNKNOWN,11.39,,False,,PASSED,,onnx/TinyImageNet_resnet_medium.onnx,vnnlib/TinyImageNet_resnet_medium_prop_idx_288_sidx_5531_eps_0.0039.vnnlib,"[""UNKNOWN""]","[""UNKNOWN""]",[null],,/data1/Kane/ACT/audit_results/r93_rerun_20260525T083118Z/gpu_stream3_20260526T132419Z/tinyimagenet_2024/per_instance_tinyimagenet_2024_20260526T155956006116Z.json
gpu_full,34,UNKNOWN,UNKNOWN,UNKNOWN,UNKNOWN,11.458,,False,,PASSED,,onnx/TinyImageNet_resnet_medium.onnx,vnnlib/TinyImageNet_resnet_medium_prop_idx_6546_sidx_3168_eps_0.0039.vnnlib,"[""UNKNOWN""]","[""UNKNOWN""]",[null],,/data1/Kane/ACT/audit_results/r93_rerun_20260525T083118Z/gpu_stream3_20260526T132419Z/tinyimagenet_2024/per_instance_tinyimagenet_2024_20260526T160011084496Z.json
gpu_full,35,UNKNOWN,UNKNOWN,UNKNOWN,UNKNOWN,15.768,,False,,PASSED,,onnx/TinyImageNet_resnet_medium.onnx,vnnlib/TinyImageNet_resnet_medium_prop_idx_2475_sidx_523_eps_0.0039.vnnlib,"[""UNKNOWN""]","[""UNKNOWN""]",[null],,/data1/Kane/ACT/audit_results/r93_rerun_20260525T083118Z/gpu_stream3_20260526T132419Z/tinyimagenet_2024/per_instance_tinyimagenet_2024_20260526T160031461811Z.json
gpu_full,36,UNKNOWN,UNKNOWN,UNKNOWN,UNKNOWN,11.025,,False,,PASSED,,onnx/TinyImageNet_resnet_medium.onnx,vnnlib/TinyImageNet_resnet_medium_prop_idx_9476_sidx_5602_eps_0.0039.vnnlib,"[""UNKNOWN""]","[""UNKNOWN""]",[null],,/data1/Kane/ACT/audit_results/r93_rerun_20260525T083118Z/gpu_stream3_20260526T132419Z/tinyimagenet_2024/per_instance_tinyimagenet_2024_20260526T160046310027Z.json
gpu_full,37,UNKNOWN,UNKNOWN,UNKNOWN,UNKNOWN,16.373,,False,,PASSED,,onnx/TinyImageNet_resnet_medium.onnx,vnnlib/TinyImageNet_resnet_medium_prop_idx_3782_sidx_1103_eps_0.0039.vnnlib,"[""UNKNOWN""]","[""UNKNOWN""]",[null],,/data1/Kane/ACT/audit_results/r93_rerun_20260525T083118Z/gpu_stream3_20260526T132419Z/tinyimagenet_2024/per_instance_tinyimagenet_2024_20260526T160106418825Z.json
gpu_full,38,UNKNOWN,UNKNOWN,UNKNOWN,UNKNOWN,12.892,,False,,PASSED,,onnx/TinyImageNet_resnet_medium.onnx,vnnlib/TinyImageNet_resnet_medium_prop_idx_4463_sidx_4146_eps_0.0039.vnnlib,"[""UNKNOWN""]","[""UNKNOWN""]",[null],,/data1/Kane/ACT/audit_results/r93_rerun_20260525T083118Z/gpu_stream3_20260526T132419Z/tinyimagenet_2024/per_instance_tinyimagenet_2024_20260526T160123089439Z.json
gpu_full,39,UNKNOWN,UNKNOWN,UNKNOWN,UNKNOWN,12.258,,False,,PASSED,,onnx/TinyImageNet_resnet_medium.onnx,vnnlib/TinyImageNet_resnet_medium_prop_idx_8257_sidx_5574_eps_0.0039.vnnlib,"[""UNKNOWN""]","[""UNKNOWN""]",[null],,/data1/Kane/ACT/audit_results/r93_rerun_20260525T083118Z/gpu_stream3_20260526T132419Z/tinyimagenet_2024/per_instance_tinyimagenet_2024_20260526T160139547568Z.json
gpu_full,4,UNKNOWN,UNKNOWN,UNKNOWN,UNKNOWN,11.075,,False,,PASSED,,onnx/TinyImageNet_resnet_medium.onnx,vnnlib/TinyImageNet_resnet_medium_prop_idx_2341_sidx_4149_eps_0.0039.vnnlib,"[""UNKNOWN""]","[""UNKNOWN""]",[null],,/data1/Kane/ACT/audit_results/r93_rerun_20260525T083118Z/gpu_stream3_20260526T132419Z/tinyimagenet_2024/per_instance_tinyimagenet_2024_20260526T155158912795Z.json
gpu_full,40,UNKNOWN,UNKNOWN,UNKNOWN,UNKNOWN,16.684,,False,,PASSED,,onnx/TinyImageNet_resnet_medium.onnx,vnnlib/TinyImageNet_resnet_medium_prop_idx_4438_sidx_6486_eps_0.0039.vnnlib,"[""UNKNOWN""]","[""UNKNOWN""]",[null],,/data1/Kane/ACT/audit_results/r93_rerun_20260525T083118Z/gpu_stream3_20260526T132419Z/tinyimagenet_2024/per_instance_tinyimagenet_2024_20260526T160159765801Z.json
gpu_full,41,UNKNOWN,UNKNOWN,UNKNOWN,UNKNOWN,18.206,,False,,PASSED,,onnx/TinyImageNet_resnet_medium.onnx,vnnlib/TinyImageNet_resnet_medium_prop_idx_484_sidx_161_eps_0.0039.vnnlib,"[""UNKNOWN""]","[""UNKNOWN""]",[null],,/data1/Kane/ACT/audit_results/r93_rerun_20260525T083118Z/gpu_stream3_20260526T132419Z/tinyimagenet_2024/per_instance_tinyimagenet_2024_20260526T160221237638Z.json
gpu_full,42,UNKNOWN,UNKNOWN,UNKNOWN,UNKNOWN,18.937,,False,,PASSED,,onnx/TinyImageNet_resnet_medium.onnx,vnnlib/TinyImageNet_resnet_medium_prop_idx_9611_sidx_7725_eps_0.0039.vnnlib,"[""UNKNOWN""]","[""UNKNOWN""]",[null],,/data1/Kane/ACT/audit_results/r93_rerun_20260525T083118Z/gpu_stream3_20260526T132419Z/tinyimagenet_2024/per_instance_tinyimagenet_2024_20260526T160243644379Z.json
gpu_full,43,UNKNOWN,UNKNOWN,UNKNOWN,UNKNOWN,14.874,,False,,PASSED,,onnx/TinyImageNet_resnet_medium.onnx,vnnlib/TinyImageNet_resnet_medium_prop_idx_3429_sidx_4578_eps_0.0039.vnnlib,"[""UNKNOWN""]","[""UNKNOWN""]",[null],,/data1/Kane/ACT/audit_results/r93_rerun_20260525T083118Z/gpu_stream3_20260526T132419Z/tinyimagenet_2024/per_instance_tinyimagenet_2024_20260526T160301951791Z.json
gpu_full,44,UNKNOWN,UNKNOWN,UNKNOWN,UNKNOWN,11.436,,False,,PASSED,,onnx/TinyImageNet_resnet_medium.onnx,vnnlib/TinyImageNet_resnet_medium_prop_idx_5685_sidx_8755_eps_0.0039.vnnlib,"[""UNKNOWN""]","[""UNKNOWN""]",[null],,/data1/Kane/ACT/audit_results/r93_rerun_20260525T083118Z/gpu_stream3_20260526T132419Z/tinyimagenet_2024/per_instance_tinyimagenet_2024_20260526T160317210644Z.json
gpu_full,45,UNKNOWN,UNKNOWN,UNKNOWN,UNKNOWN,11.345,,False,,PASSED,,onnx/TinyImageNet_resnet_medium.onnx,vnnlib/TinyImageNet_resnet_medium_prop_idx_5257_sidx_5727_eps_0.0039.vnnlib,"[""UNKNOWN""]","[""UNKNOWN""]",[null],,/data1/Kane/ACT/audit_results/r93_rerun_20260525T083118Z/gpu_stream3_20260526T132419Z/tinyimagenet_2024/per_instance_tinyimagenet_2024_20260526T160332122651Z.json
gpu_full,46,UNKNOWN,UNKNOWN,UNKNOWN,UNKNOWN,11.502,,False,,PASSED,,onnx/TinyImageNet_resnet_medium.onnx,vnnlib/TinyImageNet_resnet_medium_prop_idx_9437_sidx_5480_eps_0.0039.vnnlib,"[""UNKNOWN""]","[""UNKNOWN""]",[null],,/data1/Kane/ACT/audit_results/r93_rerun_20260525T083118Z/gpu_stream3_20260526T132419Z/tinyimagenet_2024/per_instance_tinyimagenet_2024_20260526T160347240587Z.json
gpu_full,47,UNKNOWN,UNKNOWN,UNKNOWN,UNKNOWN,11.978,,False,,PASSED,,onnx/TinyImageNet_resnet_medium.onnx,vnnlib/TinyImageNet_resnet_medium_prop_idx_4500_sidx_6717_eps_0.0039.vnnlib,"[""UNKNOWN""]","[""UNKNOWN""]",[null],,/data1/Kane/ACT/audit_results/r93_rerun_20260525T083118Z/gpu_stream3_20260526T132419Z/tinyimagenet_2024/per_instance_tinyimagenet_2024_20260526T160402642301Z.json
gpu_full,48,UNKNOWN,UNKNOWN,UNKNOWN,UNKNOWN,15.863,,False,,PASSED,,onnx/TinyImageNet_resnet_medium.onnx,vnnlib/TinyImageNet_resnet_medium_prop_idx_4871_sidx_7562_eps_0.0039.vnnlib,"[""UNKNOWN""]","[""UNKNOWN""]",[null],,/data1/Kane/ACT/audit_results/r93_rerun_20260525T083118Z/gpu_stream3_20260526T132419Z/tinyimagenet_2024/per_instance_tinyimagenet_2024_20260526T160422155699Z.json
gpu_full,49,UNKNOWN,UNKNOWN,UNKNOWN,UNKNOWN,15.052,,False,,PASSED,,onnx/TinyImageNet_resnet_medium.onnx,vnnlib/TinyImageNet_resnet_medium_prop_idx_2210_sidx_992_eps_0.0039.vnnlib,"[""UNKNOWN""]","[""UNKNOWN""]",[null],,/data1/Kane/ACT/audit_results/r93_rerun_20260525T083118Z/gpu_stream3_20260526T132419Z/tinyimagenet_2024/per_instance_tinyimagenet_2024_20260526T160440856906Z.json
gpu_full,5,UNKNOWN,UNKNOWN,UNKNOWN,UNKNOWN,10.718,,False,,PASSED,,onnx/TinyImageNet_resnet_medium.onnx,vnnlib/TinyImageNet_resnet_medium_prop_idx_5478_sidx_174_eps_0.0039.vnnlib,"[""UNKNOWN""]","[""UNKNOWN""]",[null],,/data1/Kane/ACT/audit_results/r93_rerun_20260525T083118Z/gpu_stream3_20260526T132419Z/tinyimagenet_2024/per_instance_tinyimagenet_2024_20260526T155213210421Z.json
gpu_full,50,UNKNOWN,UNKNOWN,UNKNOWN,UNKNOWN,14.905,,False,,PASSED,,onnx/TinyImageNet_resnet_medium.onnx,vnnlib/TinyImageNet_resnet_medium_prop_idx_1651_sidx_3548_eps_0.0039.vnnlib,"[""UNKNOWN""]","[""UNKNOWN""]",[null],,/data1/Kane/ACT/audit_results/r93_rerun_20260525T083118Z/gpu_stream3_20260526T132419Z/tinyimagenet_2024/per_instance_tinyimagenet_2024_20260526T160459210884Z.json
gpu_full,51,UNKNOWN,UNKNOWN,UNKNOWN,UNKNOWN,11.954,,False,,PASSED,,onnx/TinyImageNet_resnet_medium.onnx,vnnlib/TinyImageNet_resnet_medium_prop_idx_7183_sidx_4731_eps_0.0039.vnnlib,"[""UNKNOWN""]","[""UNKNOWN""]",[null],,/data1/Kane/ACT/audit_results/r93_rerun_20260525T083118Z/gpu_stream3_20260526T132419Z/tinyimagenet_2024/per_instance_tinyimagenet_2024_20260526T160514662624Z.json
gpu_full,52,UNKNOWN,UNKNOWN,UNKNOWN,UNKNOWN,12.292,,False,,PASSED,,onnx/TinyImageNet_resnet_medium.onnx,vnnlib/TinyImageNet_resnet_medium_prop_idx_647_sidx_9608_eps_0.0039.vnnlib,"[""UNKNOWN""]","[""UNKNOWN""]",[null],,/data1/Kane/ACT/audit_results/r93_rerun_20260525T083118Z/gpu_stream3_20260526T132419Z/tinyimagenet_2024/per_instance_tinyimagenet_2024_20260526T160530599141Z.json
gpu_full,53,UNKNOWN,UNKNOWN,UNKNOWN,UNKNOWN,11.485,,False,,PASSED,,onnx/TinyImageNet_resnet_medium.onnx,vnnlib/TinyImageNet_resnet_medium_prop_idx_9992_sidx_5063_eps_0.0039.vnnlib,"[""UNKNOWN""]","[""UNKNOWN""]",[null],,/data1/Kane/ACT/audit_results/r93_rerun_20260525T083118Z/gpu_stream3_20260526T132419Z/tinyimagenet_2024/per_instance_tinyimagenet_2024_20260526T160545742196Z.json
gpu_full,54,UNKNOWN,UNKNOWN,UNKNOWN,UNKNOWN,15.049,,False,,PASSED,,onnx/TinyImageNet_resnet_medium.onnx,vnnlib/TinyImageNet_resnet_medium_prop_idx_3543_sidx_5527_eps_0.0039.vnnlib,"[""UNKNOWN""]","[""UNKNOWN""]",[null],,/data1/Kane/ACT/audit_results/r93_rerun_20260525T083118Z/gpu_stream3_20260526T132419Z/tinyimagenet_2024/per_instance_tinyimagenet_2024_20260526T160604377034Z.json
gpu_full,55,UNKNOWN,UNKNOWN,UNKNOWN,UNKNOWN,15.455,,False,,PASSED,,onnx/TinyImageNet_resnet_medium.onnx,vnnlib/TinyImageNet_resnet_medium_prop_idx_2045_sidx_7367_eps_0.0039.vnnlib,"[""UNKNOWN""]","[""UNKNOWN""]",[null],,/data1/Kane/ACT/audit_results/r93_rerun_20260525T083118Z/gpu_stream3_20260526T132419Z/tinyimagenet_2024/per_instance_tinyimagenet_2024_20260526T160623286476Z.json
gpu_full,56,UNKNOWN,UNKNOWN,UNKNOWN,UNKNOWN,14.449,,False,,PASSED,,onnx/TinyImageNet_resnet_medium.onnx,vnnlib/TinyImageNet_resnet_medium_prop_idx_7542_sidx_9873_eps_0.0039.vnnlib,"[""UNKNOWN""]","[""UNKNOWN""]",[null],,/data1/Kane/ACT/audit_results/r93_rerun_20260525T083118Z/gpu_stream3_20260526T132419Z/tinyimagenet_2024/per_instance_tinyimagenet_2024_20260526T160641285132Z.json
gpu_full,57,UNKNOWN,UNKNOWN,UNKNOWN,UNKNOWN,14.692,,False,,PASSED,,onnx/TinyImageNet_resnet_medium.onnx,vnnlib/TinyImageNet_resnet_medium_prop_idx_5743_sidx_6569_eps_0.0039.vnnlib,"[""UNKNOWN""]","[""UNKNOWN""]",[null],,/data1/Kane/ACT/audit_results/r93_rerun_20260525T083118Z/gpu_stream3_20260526T132419Z/tinyimagenet_2024/per_instance_tinyimagenet_2024_20260526T160659548587Z.json
gpu_full,58,UNKNOWN,UNKNOWN,UNKNOWN,UNKNOWN,11.915,,False,,PASSED,,onnx/TinyImageNet_resnet_medium.onnx,vnnlib/TinyImageNet_resnet_medium_prop_idx_5427_sidx_8226_eps_0.0039.vnnlib,"[""UNKNOWN""]","[""UNKNOWN""]",[null],,/data1/Kane/ACT/audit_results/r93_rerun_20260525T083118Z/gpu_stream3_20260526T132419Z/tinyimagenet_2024/per_instance_tinyimagenet_2024_20260526T160714759466Z.json
gpu_full,59,UNKNOWN,UNKNOWN,UNKNOWN,UNKNOWN,11.436,,False,,PASSED,,onnx/TinyImageNet_resnet_medium.onnx,vnnlib/TinyImageNet_resnet_medium_prop_idx_1496_sidx_9465_eps_0.0039.vnnlib,"[""UNKNOWN""]","[""UNKNOWN""]",[null],,/data1/Kane/ACT/audit_results/r93_rerun_20260525T083118Z/gpu_stream3_20260526T132419Z/tinyimagenet_2024/per_instance_tinyimagenet_2024_20260526T160729790156Z.json
gpu_full,6,FALSIFIED,SAT,FALSIFIED,FALSIFIED,13.089,,False,,PASSED,,onnx/TinyImageNet_resnet_medium.onnx,vnnlib/TinyImageNet_resnet_medium_prop_idx_9262_sidx_880_eps_0.0039.vnnlib,"[""SAT""]","[""FALSIFIED""]","[""/data1/Kane/ACT/audit_results/r93_rerun_20260525T083118Z/gpu_stream3_20260526T132419Z/tinyimagenet_2024/tinyimagenet_2024_6_q0_hz_walker_lp_0.json""]",,/data1/Kane/ACT/audit_results/r93_rerun_20260525T083118Z/gpu_stream3_20260526T132419Z/tinyimagenet_2024/per_instance_tinyimagenet_2024_20260526T155230000259Z.json
gpu_full,60,UNKNOWN,UNKNOWN,UNKNOWN,UNKNOWN,16.102,,False,,PASSED,,onnx/TinyImageNet_resnet_medium.onnx,vnnlib/TinyImageNet_resnet_medium_prop_idx_600_sidx_4087_eps_0.0039.vnnlib,"[""UNKNOWN""]","[""UNKNOWN""]",[null],,/data1/Kane/ACT/audit_results/r93_rerun_20260525T083118Z/gpu_stream3_20260526T132419Z/tinyimagenet_2024/per_instance_tinyimagenet_2024_20260526T160749521207Z.json
gpu_full,61,UNKNOWN,UNKNOWN,UNKNOWN,UNKNOWN,12.33,,False,,PASSED,,onnx/TinyImageNet_resnet_medium.onnx,vnnlib/TinyImageNet_resnet_medium_prop_idx_6618_sidx_5022_eps_0.0039.vnnlib,"[""UNKNOWN""]","[""UNKNOWN""]",[null],,/data1/Kane/ACT/audit_results/r93_rerun_20260525T083118Z/gpu_stream3_20260526T132419Z/tinyimagenet_2024/per_instance_tinyimagenet_2024_20260526T160805221178Z.json
gpu_full,62,UNKNOWN,UNKNOWN,UNKNOWN,UNKNOWN,11.607,,False,,PASSED,,onnx/TinyImageNet_resnet_medium.onnx,vnnlib/TinyImageNet_resnet_medium_prop_idx_6036_sidx_4672_eps_0.0039.vnnlib,"[""UNKNOWN""]","[""UNKNOWN""]",[null],,/data1/Kane/ACT/audit_results/r93_rerun_20260525T083118Z/gpu_stream3_20260526T132419Z/tinyimagenet_2024/per_instance_tinyimagenet_2024_20260526T160820527890Z.json
gpu_full,63,UNKNOWN,UNKNOWN,UNKNOWN,UNKNOWN,12.158,,False,,PASSED,,onnx/TinyImageNet_resnet_medium.onnx,vnnlib/TinyImageNet_resnet_medium_prop_idx_3375_sidx_5824_eps_0.0039.vnnlib,"[""UNKNOWN""]","[""UNKNOWN""]",[null],,/data1/Kane/ACT/audit_results/r93_rerun_20260525T083118Z/gpu_stream3_20260526T132419Z/tinyimagenet_2024/per_instance_tinyimagenet_2024_20260526T160836077322Z.json
gpu_full,64,UNKNOWN,UNKNOWN,UNKNOWN,UNKNOWN,17.097,,False,,PASSED,,onnx/TinyImageNet_resnet_medium.onnx,vnnlib/TinyImageNet_resnet_medium_prop_idx_4327_sidx_7050_eps_0.0039.vnnlib,"[""UNKNOWN""]","[""UNKNOWN""]",[null],,/data1/Kane/ACT/audit_results/r93_rerun_20260525T083118Z/gpu_stream3_20260526T132419Z/tinyimagenet_2024/per_instance_tinyimagenet_2024_20260526T160856551002Z.json
gpu_full,65,UNKNOWN,UNKNOWN,UNKNOWN,UNKNOWN,11.12,,False,,PASSED,,onnx/TinyImageNet_resnet_medium.onnx,vnnlib/TinyImageNet_resnet_medium_prop_idx_4171_sidx_705_eps_0.0039.vnnlib,"[""UNKNOWN""]","[""UNKNOWN""]",[null],,/data1/Kane/ACT/audit_results/r93_rerun_20260525T083118Z/gpu_stream3_20260526T132419Z/tinyimagenet_2024/per_instance_tinyimagenet_2024_20260526T160911059805Z.json
gpu_full,66,ERROR_WATCHDOG_EXIT_NONZERO,ERROR,ERROR,,17.512,EXIT_NONZERO,True,True,FAILED,3388.9609375,onnx/TinyImageNet_resnet_medium.onnx,vnnlib/TinyImageNet_resnet_medium_prop_idx_3677_sidx_3123_eps_0.0039.vnnlib,[],[],[],"watchdog killed instance after 17.5s (status=EXIT_NONZERO, peak_rss=3389.0 MiB)",/data1/Kane/ACT/audit_results/r93_rerun_20260525T083118Z/gpu_stream3_20260526T132419Z/tinyimagenet_2024/per_instance_tinyimagenet_2024_watchdog_iid66_20260526T160929649850Z.json
gpu_full,67,ERROR_WATCHDOG_EXIT_NONZERO,ERROR,ERROR,,15.01,EXIT_NONZERO,True,True,FAILED,3379.1875,onnx/TinyImageNet_resnet_medium.onnx,vnnlib/TinyImageNet_resnet_medium_prop_idx_1093_sidx_4490_eps_0.0039.vnnlib,[],[],[],"watchdog killed instance after 15.0s (status=EXIT_NONZERO, peak_rss=3379.2 MiB)",/data1/Kane/ACT/audit_results/r93_rerun_20260525T083118Z/gpu_stream3_20260526T132419Z/tinyimagenet_2024/per_instance_tinyimagenet_2024_watchdog_iid67_20260526T160944660314Z.json
gpu_full,68,UNKNOWN,UNKNOWN,UNKNOWN,UNKNOWN,11.714,,False,,PASSED,,onnx/TinyImageNet_resnet_medium.onnx,vnnlib/TinyImageNet_resnet_medium_prop_idx_7473_sidx_6046_eps_0.0039.vnnlib,"[""UNKNOWN""]","[""UNKNOWN""]",[null],,/data1/Kane/ACT/audit_results/r93_rerun_20260525T083118Z/gpu_stream3_20260526T132419Z/tinyimagenet_2024/per_instance_tinyimagenet_2024_20260526T160958954907Z.json
gpu_full,69,UNKNOWN,UNKNOWN,UNKNOWN,UNKNOWN,18.7,,False,,PASSED,,onnx/TinyImageNet_resnet_medium.onnx,vnnlib/TinyImageNet_resnet_medium_prop_idx_6049_sidx_4719_eps_0.0039.vnnlib,"[""UNKNOWN""]","[""UNKNOWN""]",[null],,/data1/Kane/ACT/audit_results/r93_rerun_20260525T083118Z/gpu_stream3_20260526T132419Z/tinyimagenet_2024/per_instance_tinyimagenet_2024_20260526T161021236810Z.json
gpu_full,7,UNKNOWN,UNKNOWN,UNKNOWN,UNKNOWN,14.162,,False,,PASSED,,onnx/TinyImageNet_resnet_medium.onnx,vnnlib/TinyImageNet_resnet_medium_prop_idx_6252_sidx_9972_eps_0.0039.vnnlib,"[""UNKNOWN""]","[""UNKNOWN""]",[null],,/data1/Kane/ACT/audit_results/r93_rerun_20260525T083118Z/gpu_stream3_20260526T132419Z/tinyimagenet_2024/per_instance_tinyimagenet_2024_20260526T155248047556Z.json
gpu_full,70,UNKNOWN,UNKNOWN,UNKNOWN,UNKNOWN,16.374,,False,,PASSED,,onnx/TinyImageNet_resnet_medium.onnx,vnnlib/TinyImageNet_resnet_medium_prop_idx_7525_sidx_3725_eps_0.0039.vnnlib,"[""UNKNOWN""]","[""UNKNOWN""]",[null],,/data1/Kane/ACT/audit_results/r93_rerun_20260525T083118Z/gpu_stream3_20260526T132419Z/tinyimagenet_2024/per_instance_tinyimagenet_2024_20260526T161041495663Z.json
gpu_full,71,UNKNOWN,UNKNOWN,UNKNOWN,UNKNOWN,14.552,,False,,PASSED,,onnx/TinyImageNet_resnet_medium.onnx,vnnlib/TinyImageNet_resnet_medium_prop_idx_9729_sidx_1662_eps_0.0039.vnnlib,"[""UNKNOWN""]","[""UNKNOWN""]",[null],,/data1/Kane/ACT/audit_results/r93_rerun_20260525T083118Z/gpu_stream3_20260526T132419Z/tinyimagenet_2024/per_instance_tinyimagenet_2024_20260526T161059820237Z.json
gpu_full,72,UNKNOWN,UNKNOWN,UNKNOWN,UNKNOWN,12.718,,False,,PASSED,,onnx/TinyImageNet_resnet_medium.onnx,vnnlib/TinyImageNet_resnet_medium_prop_idx_6412_sidx_6140_eps_0.0039.vnnlib,"[""UNKNOWN""]","[""UNKNOWN""]",[null],,/data1/Kane/ACT/audit_results/r93_rerun_20260525T083118Z/gpu_stream3_20260526T132419Z/tinyimagenet_2024/per_instance_tinyimagenet_2024_20260526T161116557808Z.json
gpu_full,73,UNKNOWN,UNKNOWN,UNKNOWN,UNKNOWN,13.835,,False,,PASSED,,onnx/TinyImageNet_resnet_medium.onnx,vnnlib/TinyImageNet_resnet_medium_prop_idx_1024_sidx_5112_eps_0.0039.vnnlib,"[""UNKNOWN""]","[""UNKNOWN""]",[null],,/data1/Kane/ACT/audit_results/r93_rerun_20260525T083118Z/gpu_stream3_20260526T132419Z/tinyimagenet_2024/per_instance_tinyimagenet_2024_20260526T161134642951Z.json
gpu_full,74,UNKNOWN,UNKNOWN,UNKNOWN,UNKNOWN,14.235,,False,,PASSED,,onnx/TinyImageNet_resnet_medium.onnx,vnnlib/TinyImageNet_resnet_medium_prop_idx_5634_sidx_9441_eps_0.0039.vnnlib,"[""UNKNOWN""]","[""UNKNOWN""]",[null],,/data1/Kane/ACT/audit_results/r93_rerun_20260525T083118Z/gpu_stream3_20260526T132419Z/tinyimagenet_2024/per_instance_tinyimagenet_2024_20260526T161153162962Z.json
gpu_full,75,UNKNOWN,UNKNOWN,UNKNOWN,UNKNOWN,12.888,,False,,PASSED,,onnx/TinyImageNet_resnet_medium.onnx,vnnlib/TinyImageNet_resnet_medium_prop_idx_4004_sidx_9594_eps_0.0039.vnnlib,"[""UNKNOWN""]","[""UNKNOWN""]",[null],,/data1/Kane/ACT/audit_results/r93_rerun_20260525T083118Z/gpu_stream3_20260526T132419Z/tinyimagenet_2024/per_instance_tinyimagenet_2024_20260526T161210224196Z.json
gpu_full,76,UNKNOWN,UNKNOWN,UNKNOWN,UNKNOWN,17.585,,False,,PASSED,,onnx/TinyImageNet_resnet_medium.onnx,vnnlib/TinyImageNet_resnet_medium_prop_idx_6628_sidx_8822_eps_0.0039.vnnlib,"[""UNKNOWN""]","[""UNKNOWN""]",[null],,/data1/Kane/ACT/audit_results/r93_rerun_20260525T083118Z/gpu_stream3_20260526T132419Z/tinyimagenet_2024/per_instance_tinyimagenet_2024_20260526T161232007929Z.json
gpu_full,77,UNKNOWN,UNKNOWN,UNKNOWN,UNKNOWN,12.801,,False,,PASSED,,onnx/TinyImageNet_resnet_medium.onnx,vnnlib/TinyImageNet_resnet_medium_prop_idx_9025_sidx_9203_eps_0.0039.vnnlib,"[""UNKNOWN""]","[""UNKNOWN""]",[null],,/data1/Kane/ACT/audit_results/r93_rerun_20260525T083118Z/gpu_stream3_20260526T132419Z/tinyimagenet_2024/per_instance_tinyimagenet_2024_20260526T161248657946Z.json
gpu_full,78,UNKNOWN,UNKNOWN,UNKNOWN,UNKNOWN,12.91,,False,,PASSED,,onnx/TinyImageNet_resnet_medium.onnx,vnnlib/TinyImageNet_resnet_medium_prop_idx_2798_sidx_4910_eps_0.0039.vnnlib,"[""UNKNOWN""]","[""UNKNOWN""]",[null],,/data1/Kane/ACT/audit_results/r93_rerun_20260525T083118Z/gpu_stream3_20260526T132419Z/tinyimagenet_2024/per_instance_tinyimagenet_2024_20260526T161305814828Z.json
gpu_full,79,UNKNOWN,UNKNOWN,UNKNOWN,UNKNOWN,14.316,,False,,PASSED,,onnx/TinyImageNet_resnet_medium.onnx,vnnlib/TinyImageNet_resnet_medium_prop_idx_4776_sidx_19_eps_0.0039.vnnlib,"[""UNKNOWN""]","[""UNKNOWN""]",[null],,/data1/Kane/ACT/audit_results/r93_rerun_20260525T083118Z/gpu_stream3_20260526T132419Z/tinyimagenet_2024/per_instance_tinyimagenet_2024_20260526T161324219739Z.json
gpu_full,8,UNKNOWN,UNKNOWN,UNKNOWN,UNKNOWN,12.17,,False,,PASSED,,onnx/TinyImageNet_resnet_medium.onnx,vnnlib/TinyImageNet_resnet_medium_prop_idx_2146_sidx_298_eps_0.0039.vnnlib,"[""UNKNOWN""]","[""UNKNOWN""]",[null],,/data1/Kane/ACT/audit_results/r93_rerun_20260525T083118Z/gpu_stream3_20260526T132419Z/tinyimagenet_2024/per_instance_tinyimagenet_2024_20260526T155304020355Z.json
gpu_full,80,UNKNOWN,UNKNOWN,UNKNOWN,UNKNOWN,19.164,,False,,PASSED,,onnx/TinyImageNet_resnet_medium.onnx,vnnlib/TinyImageNet_resnet_medium_prop_idx_7152_sidx_4185_eps_0.0039.vnnlib,"[""UNKNOWN""]","[""UNKNOWN""]",[null],,/data1/Kane/ACT/audit_results/r93_rerun_20260525T083118Z/gpu_stream3_20260526T132419Z/tinyimagenet_2024/per_instance_tinyimagenet_2024_20260526T161347643522Z.json
gpu_full,81,UNKNOWN,UNKNOWN,UNKNOWN,UNKNOWN,14.436,,False,,PASSED,,onnx/TinyImageNet_resnet_medium.onnx,vnnlib/TinyImageNet_resnet_medium_prop_idx_9656_sidx_451_eps_0.0039.vnnlib,"[""UNKNOWN""]","[""UNKNOWN""]",[null],,/data1/Kane/ACT/audit_results/r93_rerun_20260525T083118Z/gpu_stream3_20260526T132419Z/tinyimagenet_2024/per_instance_tinyimagenet_2024_20260526T161406399895Z.json
gpu_full,82,UNKNOWN,UNKNOWN,UNKNOWN,UNKNOWN,12.606,,False,,PASSED,,onnx/TinyImageNet_resnet_medium.onnx,vnnlib/TinyImageNet_resnet_medium_prop_idx_4244_sidx_8624_eps_0.0039.vnnlib,"[""UNKNOWN""]","[""UNKNOWN""]",[null],,/data1/Kane/ACT/audit_results/r93_rerun_20260525T083118Z/gpu_stream3_20260526T132419Z/tinyimagenet_2024/per_instance_tinyimagenet_2024_20260526T161423141906Z.json
gpu_full,83,UNKNOWN,UNKNOWN,UNKNOWN,UNKNOWN,12.542,,False,,PASSED,,onnx/TinyImageNet_resnet_medium.onnx,vnnlib/TinyImageNet_resnet_medium_prop_idx_4599_sidx_738_eps_0.0039.vnnlib,"[""UNKNOWN""]","[""UNKNOWN""]",[null],,/data1/Kane/ACT/audit_results/r93_rerun_20260525T083118Z/gpu_stream3_20260526T132419Z/tinyimagenet_2024/per_instance_tinyimagenet_2024_20260526T161439283132Z.json
gpu_full,84,UNKNOWN,UNKNOWN,UNKNOWN,UNKNOWN,11.749,,False,,PASSED,,onnx/TinyImageNet_resnet_medium.onnx,vnnlib/TinyImageNet_resnet_medium_prop_idx_7749_sidx_8253_eps_0.0039.vnnlib,"[""UNKNOWN""]","[""UNKNOWN""]",[null],,/data1/Kane/ACT/audit_results/r93_rerun_20260525T083118Z/gpu_stream3_20260526T132419Z/tinyimagenet_2024/per_instance_tinyimagenet_2024_20260526T161454602100Z.json
gpu_full,85,UNKNOWN,UNKNOWN,UNKNOWN,UNKNOWN,15.0,,False,,PASSED,,onnx/TinyImageNet_resnet_medium.onnx,vnnlib/TinyImageNet_resnet_medium_prop_idx_8310_sidx_4525_eps_0.0039.vnnlib,"[""UNKNOWN""]","[""UNKNOWN""]",[null],,/data1/Kane/ACT/audit_results/r93_rerun_20260525T083118Z/gpu_stream3_20260526T132419Z/tinyimagenet_2024/per_instance_tinyimagenet_2024_20260526T161513198249Z.json
gpu_full,86,UNKNOWN,UNKNOWN,UNKNOWN,UNKNOWN,11.442,,False,,PASSED,,onnx/TinyImageNet_resnet_medium.onnx,vnnlib/TinyImageNet_resnet_medium_prop_idx_3328_sidx_278_eps_0.0039.vnnlib,"[""UNKNOWN""]","[""UNKNOWN""]",[null],,/data1/Kane/ACT/audit_results/r93_rerun_20260525T083118Z/gpu_stream3_20260526T132419Z/tinyimagenet_2024/per_instance_tinyimagenet_2024_20260526T161528247338Z.json
gpu_full,87,UNKNOWN,UNKNOWN,UNKNOWN,UNKNOWN,15.939,,False,,PASSED,,onnx/TinyImageNet_resnet_medium.onnx,vnnlib/TinyImageNet_resnet_medium_prop_idx_6228_sidx_7979_eps_0.0039.vnnlib,"[""UNKNOWN""]","[""UNKNOWN""]",[null],,/data1/Kane/ACT/audit_results/r93_rerun_20260525T083118Z/gpu_stream3_20260526T132419Z/tinyimagenet_2024/per_instance_tinyimagenet_2024_20260526T161547694954Z.json
gpu_full,88,UNKNOWN,UNKNOWN,UNKNOWN,UNKNOWN,14.007,,False,,PASSED,,onnx/TinyImageNet_resnet_medium.onnx,vnnlib/TinyImageNet_resnet_medium_prop_idx_7847_sidx_9927_eps_0.0039.vnnlib,"[""UNKNOWN""]","[""UNKNOWN""]",[null],,/data1/Kane/ACT/audit_results/r93_rerun_20260525T083118Z/gpu_stream3_20260526T132419Z/tinyimagenet_2024/per_instance_tinyimagenet_2024_20260526T161605322950Z.json
gpu_full,89,UNKNOWN,UNKNOWN,UNKNOWN,UNKNOWN,15.363,,False,,PASSED,,onnx/TinyImageNet_resnet_medium.onnx,vnnlib/TinyImageNet_resnet_medium_prop_idx_8756_sidx_3958_eps_0.0039.vnnlib,"[""UNKNOWN""]","[""UNKNOWN""]",[null],,/data1/Kane/ACT/audit_results/r93_rerun_20260525T083118Z/gpu_stream3_20260526T132419Z/tinyimagenet_2024/per_instance_tinyimagenet_2024_20260526T161624153491Z.json
gpu_full,9,UNKNOWN,UNKNOWN,UNKNOWN,UNKNOWN,10.601,,False,,PASSED,,onnx/TinyImageNet_resnet_medium.onnx,vnnlib/TinyImageNet_resnet_medium_prop_idx_538_sidx_2467_eps_0.0039.vnnlib,"[""UNKNOWN""]","[""UNKNOWN""]",[null],,/data1/Kane/ACT/audit_results/r93_rerun_20260525T083118Z/gpu_stream3_20260526T132419Z/tinyimagenet_2024/per_instance_tinyimagenet_2024_20260526T155318444216Z.json
gpu_full,90,UNKNOWN,UNKNOWN,UNKNOWN,UNKNOWN,15.783,,False,,PASSED,,onnx/TinyImageNet_resnet_medium.onnx,vnnlib/TinyImageNet_resnet_medium_prop_idx_2511_sidx_5059_eps_0.0039.vnnlib,"[""UNKNOWN""]","[""UNKNOWN""]",[null],,/data1/Kane/ACT/audit_results/r93_rerun_20260525T083118Z/gpu_stream3_20260526T132419Z/tinyimagenet_2024/per_instance_tinyimagenet_2024_20260526T161643601464Z.json
gpu_full,91,UNKNOWN,UNKNOWN,UNKNOWN,UNKNOWN,14.827,,False,,PASSED,,onnx/TinyImageNet_resnet_medium.onnx,vnnlib/TinyImageNet_resnet_medium_prop_idx_2575_sidx_1066_eps_0.0039.vnnlib,"[""UNKNOWN""]","[""UNKNOWN""]",[null],,/data1/Kane/ACT/audit_results/r93_rerun_20260525T083118Z/gpu_stream3_20260526T132419Z/tinyimagenet_2024/per_instance_tinyimagenet_2024_20260526T161702171746Z.json
gpu_full,92,UNKNOWN,UNKNOWN,UNKNOWN,UNKNOWN,11.24,,False,,PASSED,,onnx/TinyImageNet_resnet_medium.onnx,vnnlib/TinyImageNet_resnet_medium_prop_idx_3574_sidx_9710_eps_0.0039.vnnlib,"[""UNKNOWN""]","[""UNKNOWN""]",[null],,/data1/Kane/ACT/audit_results/r93_rerun_20260525T083118Z/gpu_stream3_20260526T132419Z/tinyimagenet_2024/per_instance_tinyimagenet_2024_20260526T161717085883Z.json
gpu_full,93,UNKNOWN,UNKNOWN,UNKNOWN,UNKNOWN,10.673,,False,,PASSED,,onnx/TinyImageNet_resnet_medium.onnx,vnnlib/TinyImageNet_resnet_medium_prop_idx_3437_sidx_2708_eps_0.0039.vnnlib,"[""UNKNOWN""]","[""UNKNOWN""]",[null],,/data1/Kane/ACT/audit_results/r93_rerun_20260525T083118Z/gpu_stream3_20260526T132419Z/tinyimagenet_2024/per_instance_tinyimagenet_2024_20260526T161731501381Z.json
gpu_full,94,UNKNOWN,UNKNOWN,UNKNOWN,UNKNOWN,10.225,,False,,PASSED,,onnx/TinyImageNet_resnet_medium.onnx,vnnlib/TinyImageNet_resnet_medium_prop_idx_4024_sidx_4810_eps_0.0039.vnnlib,"[""UNKNOWN""]","[""UNKNOWN""]",[null],,/data1/Kane/ACT/audit_results/r93_rerun_20260525T083118Z/gpu_stream3_20260526T132419Z/tinyimagenet_2024/per_instance_tinyimagenet_2024_20260526T161745048790Z.json
gpu_full,95,UNKNOWN,UNKNOWN,UNKNOWN,UNKNOWN,13.752,,False,,PASSED,,onnx/TinyImageNet_resnet_medium.onnx,vnnlib/TinyImageNet_resnet_medium_prop_idx_8698_sidx_4012_eps_0.0039.vnnlib,"[""UNKNOWN""]","[""UNKNOWN""]",[null],,/data1/Kane/ACT/audit_results/r93_rerun_20260525T083118Z/gpu_stream3_20260526T132419Z/tinyimagenet_2024/per_instance_tinyimagenet_2024_20260526T161802092134Z.json
gpu_full,96,UNKNOWN,UNKNOWN,UNKNOWN,UNKNOWN,14.519,,False,,PASSED,,onnx/TinyImageNet_resnet_medium.onnx,vnnlib/TinyImageNet_resnet_medium_prop_idx_4674_sidx_6718_eps_0.0039.vnnlib,"[""UNKNOWN""]","[""UNKNOWN""]",[null],,/data1/Kane/ACT/audit_results/r93_rerun_20260525T083118Z/gpu_stream3_20260526T132419Z/tinyimagenet_2024/per_instance_tinyimagenet_2024_20260526T161820375508Z.json
gpu_full,97,UNKNOWN,UNKNOWN,UNKNOWN,UNKNOWN,11.657,,False,,PASSED,,onnx/TinyImageNet_resnet_medium.onnx,vnnlib/TinyImageNet_resnet_medium_prop_idx_9569_sidx_8561_eps_0.0039.vnnlib,"[""UNKNOWN""]","[""UNKNOWN""]",[null],,/data1/Kane/ACT/audit_results/r93_rerun_20260525T083118Z/gpu_stream3_20260526T132419Z/tinyimagenet_2024/per_instance_tinyimagenet_2024_20260526T161835565102Z.json
gpu_full,98,UNKNOWN,UNKNOWN,UNKNOWN,UNKNOWN,14.964,,False,,PASSED,,onnx/TinyImageNet_resnet_medium.onnx,vnnlib/TinyImageNet_resnet_medium_prop_idx_3533_sidx_4891_eps_0.0039.vnnlib,"[""UNKNOWN""]","[""UNKNOWN""]",[null],,/data1/Kane/ACT/audit_results/r93_rerun_20260525T083118Z/gpu_stream3_20260526T132419Z/tinyimagenet_2024/per_instance_tinyimagenet_2024_20260526T161853873770Z.json
gpu_full,99,UNKNOWN,UNKNOWN,UNKNOWN,UNKNOWN,17.37,,False,,PASSED,,onnx/TinyImageNet_resnet_medium.onnx,vnnlib/TinyImageNet_resnet_medium_prop_idx_5129_sidx_3656_eps_0.0039.vnnlib,"[""UNKNOWN""]","[""UNKNOWN""]",[null],,/data1/Kane/ACT/audit_results/r93_rerun_20260525T083118Z/gpu_stream3_20260526T132419Z/tinyimagenet_2024/per_instance_tinyimagenet_2024_20260526T161914734543Z.json
oom_rerun,66,UNKNOWN,UNKNOWN,UNKNOWN,UNKNOWN,14.052,,False,,PASSED,,onnx/TinyImageNet_resnet_medium.onnx,vnnlib/TinyImageNet_resnet_medium_prop_idx_3677_sidx_3123_eps_0.0039.vnnlib,"[""UNKNOWN""]","[""UNKNOWN""]",[null],,/data1/Kane/ACT/audit_results/r93_rerun_20260525T083118Z/oom_rerun_20260527T012601Z/tinyimagenet_2024/per_instance_tinyimagenet_2024_20260527T013357062137Z.json
oom_rerun,67,UNKNOWN,UNKNOWN,UNKNOWN,UNKNOWN,14.015,,False,,PASSED,,onnx/TinyImageNet_resnet_medium.onnx,vnnlib/TinyImageNet_resnet_medium_prop_idx_1093_sidx_4490_eps_0.0039.vnnlib,"[""UNKNOWN""]","[""UNKNOWN""]",[null],,/data1/Kane/ACT/audit_results/r93_rerun_20260525T083118Z/oom_rerun_20260527T012601Z/tinyimagenet_2024/per_instance_tinyimagenet_2024_20260527T013415154794Z.json
